drug_id,matched_broad_id,matched_pert_iname,matched_moa,match_score,second_score,margin,above_threshold
00199ff52,BRD-K59998349-003-01-4,aminolevulinic-acid-benzyl-ester,,0.3404443781422408,0.33703618819746745,0.0034081899447733766,False
00251fc41,BRD-K41876534-001-13-7,tioxolone,carbonic anhydrase inhibitor,0.31687865109718744,0.28327261221559125,0.03360603888159619,False
00321ea80,BRD-K97472745-001-01-8,gestrinone,progesterone receptor antagonist,0.4622497657683335,0.380300985686719,0.08194878008161449,False
0034c0847,BRD-K87510569-001-02-8,RS-504393,CC chemokine receptor antagonist,0.39021821160605974,0.3462115674579202,0.04400664414813954,False
0060e686f,BRD-K74065929-001-07-2,doramapimod,p38 MAPK inhibitor,0.4047388250636345,0.3715238165916368,0.03321500847199771,False
00898e82c,BRD-K70505054-003-12-4,ranitidine,histamine receptor antagonist,0.3690451907777328,0.3429546252741833,0.02609056550354949,False
009a5da05,BRD-A91822151-001-05-0,picrotin,GABA receptor antagonist,0.3448860100212868,0.3167382388364893,0.0281477711847975,False
00d2de1d8,BRD-K97440753-066-18-1,dihydroergocristine,"adrenergic receptor antagonist, prolactin inhibitor",0.46622422395977126,0.429936208661559,0.03628801529821224,False
00dba5599,BRD-A40413915-003-01-2,NTNCB,neuropeptide receptor antagonist,0.3435366935159067,0.31886361909860467,0.024673074417302043,False
014d175d7,BRD-K82677201-001-01-6,almitrine,neurotransmitter agonist,0.36929028844390466,0.35274346507933857,0.016546823364566088,False
015a48b37,BRD-K18194590-065-08-0,mephentermine,adrenergic receptor agonist,0.2774523889341561,0.27563221206191496,0.0018201768722411193,False
0166f205e,BRD-A28467416-002-01-0,PKI-179,"mTOR inhibitor, PI3K inhibitor",0.3379092212047446,0.32984430499769435,0.008064916207050243,False
01872549f,BRD-K45033733-001-12-2,famciclovir,DNA polymerase inhibitor,0.37612981095841397,0.31677819789385564,0.05935161306455833,False
018e6eb14,BRD-K02130563-001-11-4,panobinostat,HDAC inhibitor,0.36986238673728444,0.3660269174423135,0.003835469294970917,False
018fbfcdb,BRD-A18233884-003-02-7,bevantolol,adrenergic receptor antagonist,0.3680412007171198,0.32299079747499093,0.04505040324212889,False
01af4c881,BRD-K13810148-311-03-2,givinostat,HDAC inhibitor,0.4517862117161701,0.4287598217188825,0.023026389997287622,False
01b66f497,BRD-K19061412-001-02-4,mubritinib,protein tyrosine kinase inhibitor,0.3596452844191729,0.3412922566630228,0.018353027756150053,False
01ee58f64,BRD-K71125014-001-27-1,sulphadimethoxine,dihydropteroate synthetase inhibitor,0.3525583666926359,0.3172820692400123,0.03527629745262362,False
02084574f,BRD-K05434375-001-06-5,HA-1004,calcium channel blocker,0.3532054454285207,0.3356458679777135,0.017559577450807218,False
0212c63a7,BRD-K15502390-001-20-9,nevirapine,non-nucleoside reverse transcriptase inhibitor,0.36500057598122093,0.35124034566135104,0.013760230319869893,False
0222d944c,BRD-K62685538-001-01-7,triptorelin,gonadotropin releasing factor hormone receptor agonist,0.38431352737329877,0.3269914426430109,0.05732208473028788,False
022f3ae8e,BRD-A64743628-001-01-5,isometheptene-mucate,,0.37103621583677576,0.3102080711810841,0.06082814465569164,False
0233971e0,BRD-K23913458-001-20-7,coumarin,vitamin K antagonist,0.36163224749643197,0.28367293719498926,0.07795931030144271,False
0249e20c4,BRD-K93631643-001-02-4,hordenine,,0.3793119041784393,0.359944446118121,0.01936745806031831,False
025d91250,BRD-K41866823-001-01-3,2-hydroxyethyl-salicylate,,0.41068466547075627,0.3292579329528471,0.08142673251790916,False
026c86906,BRD-A93000692-001-08-1,ciglitazone,PPAR receptor agonist,0.3437284639683693,0.32086452043026864,0.022863943538100673,False
02858eca8,BRD-K44876623-001-03-7,zolpidem,benzodiazepine receptor agonist,0.3448839490884677,0.3296988287364817,0.015185120351985992,False
02ae89796,BRD-K46731503-050-01-8,fesoterodine,acetylcholine receptor antagonist,0.36152358556529635,0.35565766729634907,0.005865918268947279,False
02b14dcc0,BRD-K59110290-238-01-7,fosamprenavir,HIV protease inhibitor,0.32763392769321414,0.30398526827871425,0.023648659414499895,False
031afe482,BRD-K56940914-001-04-2,cresol,,0.37919306376447914,0.3368176812030198,0.04237538256145934,False
032128cc7,BRD-K84663978-003-02-9,trequinsin,phosphodiesterase inhibitor,0.33766151641696945,0.3334025874136383,0.0042589290033311356,False
03478f3f9,BRD-K29458283-001-29-9,chlorambucil,DNA inhibitor,0.34990572504205475,0.32563935856838694,0.02426636647366781,False
035a6a762,BRD-K76406695-001-02-9,CCT128930,AKT inhibitor,0.5037012679859549,0.4321886335203499,0.07151263446560502,True
037888d25,BRD-K95763993-001-19-3,trapidil,PDGFR tyrosine kinase receptor inhibitor,0.35554675630506877,0.3525955262553159,0.00295123004975284,False
0393401cc,BRD-A56085258-001-01-8,LGX818,RAF inhibitor,0.57088518842956,0.4973971633470982,0.07348802508246183,True
03b09563c,BRD-K61567297-001-01-9,resatorvid,toll-like receptor antagonist,0.379657943496234,0.31439056540916827,0.06526737808706573,False
03b81e62e,BRD-A50922295-001-01-3,valganciclovir,DNA synthesis inhibitor,0.3387015195529492,0.32431343589303846,0.014388083659910733,False
03b86deca,BRD-K41104902-001-01-3,GSK2656157,PERK inhibitor,0.33373156953006416,0.30559376140073563,0.028137808129328534,False
0438952f6,BRD-K91336023-003-01-0,mesulergine,dopamine receptor agonist,0.38700048671342974,0.373649563359379,0.013350923354050748,False
043fedc3f,BRD-K69122748-001-10-1,diacerein,interleukin inhibitor,0.3432692776111784,0.3075357020820246,0.03573357552915385,False
0472f88f4,BRD-A90695733-001-07-4,manidipine,calcium channel blocker,0.37803551774985167,0.37574332290953355,0.002292194840318118,False
04765e596,BRD-K24255045-001-05-3,fluoxymesterone,androgen receptor modulator,0.3083111719465489,0.2967431334865218,0.011568038460027075,False
04791bbdf,BRD-K25991633-001-01-9,BMS-649,retinoid receptor agonist,0.3613851608419466,0.347344598304082,0.01404056253786462,False
047d037a9,BRD-K75506300-001-01-6,NPS-2143,calcium receptor antagonist,0.3352476145273312,0.32704314094887504,0.008204473578456162,False
04f5356dc,BRD-K97045029-001-04-3,pranlukast,leukotriene receptor antagonist,0.28600102670038013,0.2640109866264792,0.02199004007390093,False
04fdc0c19,BRD-K44844162-001-01-6,taselisib,PI3K inhibitor,0.6611854184182586,0.5596242016361475,0.10156121678211116,True
050116d56,BRD-K70463136-001-01-5,BAY-87-2243,hypoxia inducible factor inhibitor,0.4919548953724282,0.3739860333753057,0.11796886199712248,False
051a078dd,BRD-K88789588-001-14-9,letrozole,aromatase inhibitor,0.3728088111105907,0.3273745257236821,0.045434285386908635,False
053b1881a,BRD-K33277808-331-01-3,ouabain,ATPase inhibitor,0.356423332493185,0.30631280270615807,0.0501105297870269,False
053bd4f4a,BRD-K55013654-003-02-3,lorcaserin,serotonin receptor agonist,0.36304571872936275,0.28789646398800406,0.0751492547413587,False
053ebdb54,BRD-K19939891-001-05-4,TIC10,"AKT inhibitor, TRAIL modulator",0.3980594580501469,0.3243318981539013,0.07372755989624563,False
0553c169f,BRD-K04430056-236-02-1,7-nitroindazole,nitric oxide synthase inhibitor,0.3757905231549194,0.35808194366954677,0.017708579485372633,False
059eeaab7,BRD-K77597856-003-02-5,detomidine,adrenergic receptor agonist,0.27923309501238786,0.27660421121903034,0.002628883793357517,False
05e9ef087,BRD-A47706533-001-02-6,buthionine-sulfoximine,glutathione transferase inhibitor,0.41836732263520693,0.3908770341558985,0.027490288479308456,False
06008aff2,BRD-K06408664-001-03-5,fludrocortisone-acetate,,0.3598978086404774,0.3127098281882951,0.047187980452182254,False
062a92da6,BRD-K53913732-001-05-9,SB-408124,orexin receptor antagonist,0.36417393688328503,0.3445033171030809,0.019670619780204124,False
0643dfd76,BRD-K17068645-003-04-2,bendamustine,DNA inhibitor,0.38491092283138384,0.33193229774400396,0.05297862508737988,False
0672af23e,BRD-K12184916-001-15-4,NVP-BEZ235,"mTOR inhibitor, PI3K inhibitor",0.3827379675797847,0.3716965305334305,0.011041437046354186,False
06787fefe,BRD-K04568635-300-01-4,octenidine,membrane integrity inhibitor,0.5091317468955314,0.4645346885964173,0.044597058299114145,True
0691eefdd,BRD-K51486818-003-02-8,lazabemide,monoamine oxidase inhibitor,0.3350162828464286,0.3266637612339667,0.008352521612461916,False
06af533b3,BRD-A23359898-003-10-0,sibutramine,serotonin-norepinephrine reuptake inhibitor (SNRI),0.3024350440893544,0.30182448422916647,0.0006105598601879314,False
06b61c0ea,BRD-A09094913-065-01-0,strychnine,acetylcholine receptor antagonist,0.36038813912047296,0.31657309732491695,0.04381504179555601,False
06bc90c08,BRD-K37289225-001-36-4,clozapine,"dopamine receptor antagonist, serotonin receptor antagonist",0.3580032055648708,0.3491257206161503,0.008877484948720482,False
06c3860e2,BRD-K65904673-001-01-4,tandospirone,serotonin receptor agonist,0.42203740449560495,0.30648667004298213,0.11555073445262282,False
06cb74093,BRD-K49954789-001-02-9,mesna,antioxidant,0.34608258648560053,0.3054981412290625,0.04058444525653804,False
070589dd4,BRD-K15196155-001-02-3,IBC-293,hydroxycarboxylic acid receptor agonist,0.3676288352610977,0.3592400261631601,0.0083888090979376,False
071754ad0,BRD-K90993449-001-02-7,KRN-633,VEGFR inhibitor,0.5446106645792195,0.5019034069216705,0.042707257657549014,True
071afe3da,BRD-A74667430-001-23-6,etodolac,cyclooxygenase inhibitor,0.31935525287230104,0.27818185721833977,0.041173395653961276,False
071fd1189,BRD-K61691541-001-01-1,PF-03084014,gamma secretase inhibitor,0.32110542514088386,0.28735362901268746,0.0337517961281964,False
07502fc59,BRD-A59198242-003-02-9,viloxazine,norepinephrine reuptake inhibitor,0.34808004998670633,0.2881049346727958,0.05997511531391053,False
0760632c4,BRD-K96936751-001-01-4,bretazenil,GABA benzodiazepine site receptor partial agonist,0.3520642516084544,0.31048747872927873,0.04157677287917566,False
07ab9d694,BRD-K84895041-001-02-4,BMY-45778,IP1 prostacyclin receptor agonist,0.3091231710708387,0.2788811461905359,0.03024202488030281,False
07b2e0af0,BRD-K06858286-001-01-3,cabazitaxel,microtubule inhibitor,0.6477646717146637,0.6285250915080977,0.01923958020656602,True
07bd8c42c,BRD-K95926480-003-03-6,SRT1720,SIRT activator,0.39185397308617,0.3598538064966786,0.0320001665894914,False
07cca32e8,BRD-A75769826-003-02-1,SDM25N,opioid receptor antagonist,0.35385761406857896,0.3292827627544898,0.024574851314089152,False
07e329107,BRD-A28958257-001-01-2,centpropazine,inositol monophosphatase inhibitor,0.3283969967679137,0.32649114103986143,0.0019058557280522415,False
08049cfd7,BRD-K94379058-001-06-8,BML-190,cannabinoid receptor inverse agonist,0.3447641276900526,0.31443263816579753,0.030331489524255073,False
0805f8b1a,BRD-A17300716-001-01-5,dehydroacetic-acid,,0.305230879774883,0.28111869412032237,0.024112185654560636,False
0818cea28,BRD-K51207550-001-23-0,ethionamide,mycolic synthesis inhibitor,0.31297529962692294,0.3019834854532109,0.010991814173712033,False
0838d5330,BRD-K15502390-001-20-9,nevirapine,non-nucleoside reverse transcriptase inhibitor,0.3133754073147645,0.30880308826490954,0.004572319049854945,False
0840ac02a,BRD-K05674516-001-02-5,sofosbuvir,RNA polymerase inhibitor,0.3971455267362459,0.342680197536481,0.054465329199764934,False
08451084b,BRD-K60025295-003-06-6,crystal-violet,other antibiotic,0.5030415540149713,0.44915820197259665,0.053883352042374655,True
0869981c5,BRD-K74117820-066-10-8,nelfinavir,HIV protease inhibitor,0.3475801412002923,0.32970583918816376,0.01787430201212853,False
088c123eb,BRD-K25359048-001-02-6,WZ811,CC chemokine receptor antagonist,0.3568118313334113,0.35623795233128636,0.0005738790021249662,False
08b785d36,BRD-K95161686-001-02-8,octisalate,,0.34606620055013515,0.31763649727758014,0.028429703272555007,False
08d495e06,BRD-K87202646-001-32-6,isoniazid,FABI inhibitor,0.4024891547423754,0.3703291861490041,0.03215996859337128,False
08e555b5d,BRD-K15424032-001-03-6,SB-228357,serotonin receptor antagonist,0.39899984177848524,0.31658380116997986,0.08241604060850538,False
08ef97d85,BRD-K66876909-001-12-6,linezolid,bacterial 50S ribosomal subunit inhibitor,0.31940303467404746,0.312824357467664,0.006578677206383443,False
092369ae5,BRD-A59709458-001-01-8,PHCCC,glutamate receptor agonist,0.3385706596718307,0.3146989120709167,0.023871747600913984,False
094f11f46,BRD-K96188950-001-16-9,caffeic-acid-phenethyl-ester,HIV integrase inhibitor,0.37665741307725786,0.3649994739140253,0.011657939163232545,False
0957d670d,BRD-K21565985-001-22-5,xylazine,adrenergic receptor agonist,0.3888717650018347,0.3350966297240285,0.053775135277806196,False
097e28a80,BRD-K81326768-001-04-0,zomepirac,prostaglandin synthesis inhibitor,0.3046376626166156,0.29772150532357794,0.0069161572930376836,False
0994324f7,BRD-A90695733-001-07-4,manidipine,calcium channel blocker,0.38083613271763245,0.3521298631038808,0.028706269613751667,False
099d52518,BRD-K69600043-328-05-5,thiethylperazine,dopamine receptor antagonist,0.32053412592646674,0.3054446733014516,0.015089452625015154,False
09a82e482,BRD-K19309090-300-05-5,SR-95639A,acetylcholine receptor agonist,0.3428207206916741,0.33293717289477776,0.00988354779689632,False
09c344d7e,BRD-K23677682-003-01-2,voreloxin,topoisomerase inhibitor,0.37044106089127676,0.35843285986684664,0.01200820102443012,False
09d2dafc9,BRD-K46741531-001-02-4,cafestol,pregnane X receptor agonist,0.370850119144984,0.33716545463984304,0.03368466450514096,False
09dfe3a61,BRD-K91699951-001-10-2,benzonatate,local anesthetic,0.4158499761837462,0.38145305547407243,0.03439692070967376,False
09eea11d9,BRD-K97530723-001-20-9,melatonin,"melatonin receptor agonist, nitric oxide synthase inhibitor",0.2871355925286392,0.27959243670117284,0.007543155827466341,False
09f1ecae4,BRD-K39371216-001-01-3,cyacetacide,,0.37604571932991754,0.3564319135402464,0.019613805789671146,False
09fd73482,BRD-A64610707-001-04-4,pranoprofen,cyclooxygenase inhibitor,0.3193269861910114,0.31850615898625484,0.000820827204756569,False
0a0ad13f2,BRD-K18324993-001-01-6,budipine,glutamate receptor antagonist,0.3405031236702179,0.3023584854045891,0.038144638265628805,False
0a18b9edc,BRD-K35520305-001-17-7,dacarbazine,DNA alkylating agent,0.38339337628672276,0.3733131631342019,0.01008021315252089,False
0a238848b,BRD-K26581543-001-01-6,bifendate,,0.3390424794822581,0.32237688372694967,0.016665595755308404,False
0a303746d,BRD-K79501723-001-04-6,cyclizine,histamine receptor modulator,0.3917926276196858,0.36540289555405703,0.02638973206562878,False
0a5a4f458,BRD-K02407574-001-09-7,parbendazole,tubulin polymerization inhibitor,0.6648267040233422,0.6254389485915911,0.039387755431751104,True
0a7a2361d,BRD-K99946902-001-07-5,hexylresorcinol,local anesthetic,0.2805160614173083,0.26740909236883886,0.013106969048469419,False
0a90ac6bb,BRD-K97309399-001-09-4,thiothixene,dopamine receptor antagonist,0.36856340691198286,0.3302739799928589,0.03828942691912396,False
0a9da712c,BRD-K36207157-001-09-6,chlorprothixene,dopamine receptor antagonist,0.31333149771533586,0.25550286799005706,0.0578286297252788,False
0aa0cd705,BRD-A95755460-001-01-3,talarozole,cytochrome P450 inhibitor,0.3302400740743602,0.29002592696506013,0.04021414710930005,False
0ab979d56,BRD-K68408467-065-01-8,proflavine-hemisulfate,topical anesthetic,0.46121356705291117,0.39190101747136963,0.06931254958154154,False
0ab9dd71b,BRD-K45437867-005-03-3,5-methylfurmethiodide,acetylcholine receptor agonist,0.34187511431760337,0.3266457044907224,0.01522940982688098,False
0b0c1110a,BRD-K49215523-001-04-2,GSK2636771,PI3K inhibitor,0.32963981427775385,0.30676051974379126,0.02287929453396259,False
0b1ed98a0,BRD-K30114692-001-15-9,methenamine,bacterial DNA inhibitor,0.4025253238700296,0.35445569947865624,0.048069624391373356,False
0b2784841,BRD-A07395371-003-10-0,esmolol,adrenergic receptor antagonist,0.3940635842072469,0.36718253168876924,0.026881052518477666,False
0b33c4d4b,BRD-K25317177-065-01-4,modaline,,0.3242488145357675,0.31982965899335475,0.004419155542412734,False
0b4130695,BRD-K65992024-001-01-5,pirenoxine,AGE inhibitor,0.40787752048859555,0.2922584916882335,0.11561902880036207,False
0b4bcc9de,BRD-K31519811-001-02-2,PF-02545920,phosphodiesterase inhibitor,0.35450359709156776,0.33397257577656336,0.020531021315004394,False
0b710dd39,BRD-K21673112-003-01-3,BF2.649,histamine receptor antagonist,0.35375135187991713,0.3429923403033376,0.010759011576579547,False
0b8cbbb45,BRD-K89072800-001-01-8,2-TEDC,lipoxygenase inhibitor,0.3772609354857628,0.3123901538066065,0.06487078167915628,False
0bbc1ccf0,BRD-K07955840-001-02-3,PF-05212384,"mTOR inhibitor, PI3K inhibitor",0.5966913750344415,0.5127860225804527,0.08390535245398878,True
0bcee96a5,BRD-K56195681-001-01-0,losmapimod,p38 MAPK inhibitor,0.31281861238810993,0.31146453054270695,0.0013540818454029768,False
0bfdf50db,BRD-K81807412-001-10-6,N6-methyladenosine,,0.31838739076861744,0.31558967691951234,0.002797713849105099,False
0c3e1a7e3,BRD-K18787491-001-08-6,U-0126,MEK inhibitor,0.4544657778274007,0.39601197450569914,0.05845380332170158,False
0c459ade8,BRD-K50866992-003-09-5,tropisetron,serotonin receptor antagonist,0.3679769004172332,0.31008342304419884,0.05789347737303435,False
0c697edf3,BRD-K89299012-001-06-0,DCEBIO,potassium channel activator,0.33497338817434025,0.3252405257696486,0.009732862404691622,False
0c8688cb8,BRD-K02407574-001-09-7,parbendazole,tubulin polymerization inhibitor,0.45097189042220615,0.4484000342673406,0.0025718561548655483,False
0c8bdba10,BRD-K76606751-001-01-7,mebicar,anxiolytic,0.33597183185455876,0.26609691912596706,0.0698749127285917,False
0c9d6e27a,BRD-K36627727-001-05-4,tamibarotene,retinoid receptor agonist,0.30822517005397515,0.2810655945768359,0.027159575477139264,False
0ca266ee0,BRD-K71106091-001-06-1,fludarabine-phosphate,ribonucleotide reductase inhibitor,0.3599861030826615,0.29581804668535755,0.06416805639730394,False
0cc68ee7c,BRD-K81807412-001-10-6,N6-methyladenosine,,0.3251938604002566,0.3232597238236518,0.0019341365766047947,False
0d0a37f28,BRD-K33082088-001-03-3,retapamulin,protein synthesis inhibitor,0.31270765937978545,0.3120926591555591,0.0006150002242263364,False
0d3228a10,BRD-K75308783-001-07-0,SAR-245409,PI3K inhibitor,0.31190860456459696,0.30138567033919067,0.010522934225406289,False
0d353a095,BRD-K57927309-001-01-7,BW-180C,opioid receptor agonist,0.31150991608031403,0.29051307223479184,0.020996843845522195,False
0d3eea33f,BRD-K78659596-001-03-9,ixazomib,proteasome inhibitor,0.4222619355720696,0.39016957655143897,0.03209235902063062,False
0d4080d56,BRD-K13646352-001-03-8,midostaurin,"FLT3 inhibitor, KIT inhibitor, PKC inhibitor",0.4883435179714974,0.378237572728185,0.11010594524331241,False
0d6ea831c,BRD-K76205745-237-16-5,losartan,angiotensin receptor antagonist,0.30651617922134033,0.2731576168333026,0.03335856238803775,False
0d7aae6fe,BRD-K20482099-001-11-0,rutin,"antioxidant, capillary stabilizing agent, nitric oxide scavenger",0.3363512527450464,0.3232973894122428,0.013053863332803617,False
0da838c8c,BRD-K73469236-001-01-8,nedaplatin,DNA inhibitor,0.32855822355911063,0.2978294342214438,0.030728789337666818,False
0dcd1acb9,BRD-A79768653-001-12-0,sirolimus,mTOR inhibitor,0.45032957888619934,0.40566399057048586,0.04466558831571349,False
0ddc8c8dd,BRD-K12614344-003-01-8,CGS-21680,adenosine receptor agonist,0.4077218296113014,0.3510995854907512,0.05662224412055017,False
0de20729b,BRD-A16665823-001-02-0,butoconazole,bacterial cell wall synthesis inhibitor,0.33728239999652065,0.30755953542106074,0.029722864575459917,False
0dedfb162,BRD-K92241597-001-06-0,tosedostat,peptidase inhibitor,0.4567084826028862,0.39430662954270285,0.062401853060183365,False
0df3baf65,BRD-A36057565-001-01-0,bruceantin,protein synthesis inhibitor,0.3064384915470508,0.24017037526605955,0.06626811628099122,False
0e328d0f9,BRD-K23672206-001-01-4,BCI-540,glutamate receptor agonist,0.3282765361504796,0.3274555803594046,0.0008209557910749954,False
0e33496df,BRD-K98203492-003-04-1,GSK-J4,histone lysine demethylase inhibitor,0.5914353667716176,0.3852454812594119,0.20618988551220568,True
0e430527f,BRD-K76812510-236-14-8,metamizole,"cyclooxygenase inhibitor, opioid receptor agonist",0.30061547134945377,0.28516869979642573,0.015446771553028038,False
0e6ee26ff,BRD-K45909031-001-01-5,WZ4003,AMPK inhibitor,0.3785455776098888,0.3525301172844389,0.02601546032544988,False
0e7d55a49,BRD-K33251802-001-01-3,miglustat,Glycosyl transferase inhibitor,0.35138095533970976,0.3054633078220608,0.04591764751764893,False
0e8624227,BRD-K97884852-001-05-4,malotilate,protein synthesis stimulant,0.3286665196189571,0.32576447876635783,0.0029020408525992636,False
0eae9401c,BRD-K90382497-001-10-7,GW-843682X,PLK inhibitor,0.356079514859604,0.3399644085088105,0.016115106350793496,False
0ebfd755d,BRD-K52075715-001-06-7,oxibendazole,tubulin polymerization inhibitor,0.6735920114007938,0.6669961842507526,0.006595827150041256,True
0f1a2baa0,BRD-K72167406-001-03-9,cefditoren-pivoxil,bacterial cell wall synthesis inhibitor,0.3664104480749749,0.3624164002145902,0.0039940478603847085,False
0f2ec8169,BRD-A29644307-050-17-0,nomifensine,"dopamine uptake inhibitor, noradrenaline uptake inhibitor",0.35830359342042306,0.35777993565383925,0.0005236577665838071,False
0f38ca544,BRD-A62071884-001-04-6,siguazodan,phosphodiesterase inhibitor,0.2985506356422577,0.2566425413191925,0.04190809432306519,False
0f47f25d6,BRD-K36381762-300-02-7,nor-Binaltorphimine-dihydrochloride,opioid receptor antagonist,0.3238656618446406,0.32014171073290326,0.0037239511117373447,False
0f7cd09d2,BRD-K63750851-001-20-7,mycophenolic-acid,"dehydrogenase inhibitor, inositol monophosphatase inhibitor",0.4862889839163871,0.4380884236927582,0.0482005602236289,False
0fa4c6156,BRD-K48892307-001-04-1,sasapyrine,NFkB pathway inhibitor,0.334476285836988,0.32465347100019637,0.009822814836791649,False
0fb911637,BRD-K28861668-001-01-9,A922500,diacylglycerol O acyltransferase inhibitor,0.2859126323797105,0.2817627563036301,0.004149876076080361,False
0fc10b0bf,BRD-K87156652-001-12-7,carbimazole,antithyroid agent,0.33518865640690015,0.33120834739860905,0.003980309008291105,False
0fcba9312,BRD-K57927309-001-01-7,BW-180C,opioid receptor agonist,0.3612034954235693,0.3066630441872022,0.05454045123636708,False
1000f4a19,BRD-K75641298-003-25-0,metoclopramide,"dopamine receptor antagonist, serotonin receptor antagonist",0.35019764912370094,0.32584329611019835,0.024354353013502583,False
100370c58,BRD-K13387373-004-14-5,thonzonium,ATPase inhibitor,0.5674194281062509,0.4885118152838991,0.07890761282235181,True
100afe5d0,BRD-K21396683-001-04-8,marimastat,matrix metalloprotease inhibitor,0.29900959127391646,0.2766708918160752,0.022338699457841282,False
104c2c236,BRD-A20644369-001-08-6,canrenone,mineralocorticoid receptor antagonist,0.29708761160428077,0.29307103421139674,0.004016577392884024,False
106043d62,BRD-K92731339-227-04-9,perindopril,angiotensin converting enzyme inhibitor,0.2962105099922748,0.29043163965795,0.005778870334324782,False
1087fbcdd,BRD-K34533029-001-08-5,tyrphostin-AG-494,EGFR inhibitor,0.3565995901191417,0.3525746312785193,0.004024958840622428,False
108c2a905,BRD-K78781788-003-01-9,barnidipine,calcium channel blocker,0.31706077544602557,0.3026269118839403,0.014433863562085258,False
108fb5b61,BRD-A32505112-001-04-4,trandolapril,angiotensin converting enzyme inhibitor,0.4141735681231875,0.31417708618345885,0.09999648193972865,False
10984cb4c,BRD-K20141153-003-13-7,atomoxetine,norepinephrine transporter inhibitor,0.3158944348830354,0.2727128957272855,0.043181539155749904,False
10afa009a,BRD-K17743125-001-08-4,belinostat,HDAC inhibitor,0.44184000213009345,0.36491499264051347,0.07692500948957998,False
10c7d51b1,BRD-K16478699-001-09-2,PLX-4720,RAF inhibitor,0.38958335382024695,0.3536498068679918,0.035933546952255147,False
10dbb5b2a,BRD-K44849676-001-10-5,capsazepine,TRPV agonist,0.37055661919367266,0.35474435867758763,0.01581226051608503,False
10e1e8563,BRD-A92537424-001-04-7,danazol,"estrogen receptor antagonist, progesterone receptor agonist",0.3368959418887224,0.2872681413673201,0.04962780052140231,False
10e92bab7,BRD-K35007173-001-07-5,enprofylline,phosphodiesterase inhibitor,0.33340149538222463,0.31900202801256555,0.01439946736965908,False
10f5655d8,BRD-K97045029-001-04-3,pranlukast,leukotriene receptor antagonist,0.3780510261363484,0.354913197380066,0.023137828756282397,False
10f5807a0,BRD-K65786282-001-07-5,CGP-7930,GABA receptor modulator,0.30349695938188465,0.25574909862638506,0.04774786075549958,False
1103b3408,BRD-K76805682-001-15-9,SB-415286,glycogen synthase kinase inhibitor,0.341733849423508,0.32521064511961884,0.01652320430388915,False
11325c559,BRD-K81957469-001-01-0,semagacestat,gamma secretase inhibitor,0.45099040625246367,0.3375971982681781,0.1133932079842856,False
118701eb7,BRD-A50049929-001-01-9,oxazepam,GABA benzodiazepine site receptor agonist,0.3931287835874603,0.3513394678881626,0.04178931569929767,False
11880d31a,BRD-K06858286-001-01-3,cabazitaxel,microtubule inhibitor,0.6907906589496285,0.6763262970908936,0.014464361858734898,True
118e48808,BRD-K87202646-001-32-6,isoniazid,FABI inhibitor,0.44777084100118647,0.37273475479497953,0.07503608620620694,False
1191ff5f9,BRD-K87028197-001-01-3,asunaprevir,HCV inhibitor,0.35978858598041885,0.32160919691240514,0.038179389068013714,False
1196f6507,BRD-K68164687-001-01-6,epothilone-b,"microtubule stabilizing agent, tubulin polymerization inhibitor",0.6493772093272157,0.6376986158543615,0.01167859347285416,True
11afcd2b4,BRD-K80639402-003-02-9,SB-258585,serotonin receptor antagonist,0.31790948747952397,0.31508014452440447,0.002829342955119496,False
11b3dbac8,BRD-K96006502-001-02-6,deflazacort,glucocorticoid receptor agonist,0.42045673982850035,0.41162296470502024,0.008833775123480103,False
11f421f4b,BRD-A14395271-074-17-8,mesoridazine,dopamine receptor antagonist,0.40977854726204443,0.37653841571026386,0.03324013155178057,False
11f5f3784,BRD-K85140930-001-12-7,aphidicolin,RNA synthesis inhibitor,0.31651575351694067,0.30594007216392155,0.010575681353019117,False
11f66c124,BRD-K11558771-001-13-9,droxinostat,HDAC inhibitor,0.3445341744135433,0.30008489735091615,0.044449277062627135,False
122c63321,BRD-K34776109-001-16-6,glimepiride,insulin secretagogue,0.34874311433111116,0.3403080661186283,0.008435048212482865,False
122f493a7,BRD-A25569250-001-03-3,KI-16425,lysophosphatidic acid receptor antagonist,0.32560007439296995,0.2632560261700503,0.06234404822291967,False
12317960c,BRD-K27141178-003-07-3,SB-203186,serotonin receptor antagonist,0.4065179508361667,0.35221170174370475,0.054306249092461956,False
123bbd8c9,BRD-K21160401-065-01-0,dextroamphetamine,monoamine oxidase inhibitor,0.3888575245604941,0.3345291120645176,0.05432841249597653,False
123bd9005,BRD-K94288301-001-01-7,letermovir,CMV terminase inhibitor,0.3681100502224112,0.3640189347357645,0.0040911154866467014,False
124d80d20,BRD-K41160163-001-06-8,fenobam,glutamate receptor antagonist,0.2765580577578643,0.26394811056792983,0.012609947189934467,False
124e2dd9b,BRD-K91601245-001-12-0,mercaptopurine,"immunosuppressant, protein synthesis inhibitor, purine antagonist",0.4932980983333557,0.49215810548753613,0.0011399928458195596,False
124f36030,BRD-K89053832-001-01-0,VLX600,ubiquitin C-terminal hydrolase inhibitor,0.44873921484912116,0.42664352976522296,0.022095685083898198,False
1258cb7b5,BRD-A51382177-236-03-0,fosinopril,angiotensin converting enzyme inhibitor,0.3428472551219062,0.33563686585672475,0.007210389265181472,False
125db1da8,BRD-K37561857-001-15-5,zardaverine,phosphodiesterase inhibitor,0.3722747878919656,0.3589762268760622,0.013298561015903432,False
126afe3ac,BRD-K41869275-001-02-8,2-phenylmelatonin,melatonin receptor agonist,0.3646234961260888,0.28937234836228265,0.07525114776380615,False
1292bde47,BRD-K20605374-001-05-4,NSC-697923,ubiquitin-conjugating enzyme inhibitor,0.34262560126391406,0.3303815149786162,0.012244086285297884,False
12a367c0e,BRD-K26548821-003-10-5,quinpirol-(-),dopamine receptor agonist,0.37756774387037817,0.367088946986981,0.010478796883397146,False
12be3bd59,BRD-K31731454-237-02-5,pemirolast,mediator release inhibitor,0.3087908404073175,0.2860862963775491,0.022704544029768403,False
12d8dfdbb,BRD-K02764365-001-13-6,methiazole,anthelmintic agent,0.6542502835695895,0.6507402700888193,0.00351001348077018,True
12dc2e607,BRD-K47631482-003-06-2,bromhexine,mucolytic agent,0.38339432210190566,0.2867959214289762,0.09659840067292946,False
12fd34362,BRD-K82928847-001-04-7,ACY-1215,HDAC inhibitor,0.3189550259665263,0.3161196295353307,0.002835396431195625,False
1344cf491,BRD-K98384930-003-01-5,finafloxacin,bacterial DNA gyrase inhibitor,0.37444968404194245,0.3531109041923535,0.02133877984958893,False
136179b9f,BRD-K03243820-001-25-3,trifluridine,"DNA directed DNA polymerase inhibitor, thymidylate synthase inhibitor",0.47271425994230803,0.42858848582101916,0.044125774121288874,False
13665059e,BRD-K02764365-001-13-6,methiazole,anthelmintic agent,0.6408347923944627,0.6281806907806547,0.012654101613807978,True
1371ab7d1,BRD-K99545815-001-06-3,PF-562271,focal adhesion kinase inhibitor,0.36036759253870887,0.3334367156975939,0.026930876841114948,False
13846f436,BRD-K54395039-001-01-7,PR-619,DUB inhibitor,0.34097882510368077,0.2883969739944122,0.05258185110926855,False
1399e6e65,BRD-K07441213-001-18-9,paroxypropione,gonadotropin inhibitor,0.37763930813954916,0.3562046296009805,0.021434678538568674,False
13a6daeac,BRD-K64514229-001-05-2,toltrazuril,antiprotozoal agent,0.31486955928594057,0.3081111559143093,0.00675840337163125,False
13a765815,BRD-K62734952-001-01-0,arglabin,farnesyltransferase inhibitor,0.38843252358912517,0.34545281542489403,0.042979708164231134,False
13c8854af,BRD-K52559566-001-02-9,monosodium-alpha-luminol,,0.30811244262945203,0.2917732064277963,0.016339236201655727,False
13da34f0d,BRD-K25312248-001-01-5,matrine,opioid receptor agonist,0.3615988405137258,0.3054671912807409,0.056131649232984915,False
13e699d6a,BRD-K79759585-048-04-8,sildenafil,phosphodiesterase inhibitor,0.35409923552217865,0.31214975497079595,0.0419494805513827,False
13ecdf353,BRD-K73303757-001-21-6,4-methylgenistein,protein tyrosine kinase inhibitor,0.32938106731721073,0.31067664495625924,0.01870442236095149,False
13f0fc7ff,BRD-K72093121-001-16-3,vidarabine,antiviral,0.3712427583910602,0.3384253782118697,0.0328173801791905,False
13f3659e7,BRD-K05361803-001-03-9,SC-10,protein kinase activator,0.34748664503469284,0.32891332500440684,0.018573320030286,False
1404f95d7,BRD-A06390036-001-04-6,hydroquinidine,antiarrhythmic,0.43995472408737396,0.40361371484738884,0.03634100923998512,False
1433b6544,BRD-K17743125-001-08-4,belinostat,HDAC inhibitor,0.300947327167685,0.2760354037696451,0.024911923398039937,False
143d04077,BRD-K93645900-001-11-3,tadalafil,phosphodiesterase inhibitor,0.34187453571681775,0.3418216740284631,5.28616883546662e-05,False
14602ff38,BRD-K41783120-001-02-8,STA-5326,interleukin synthesis inhibitor,0.4642330711323095,0.3957961888155451,0.06843688231676437,False
146500cac,BRD-K36449075-001-01-0,copper-histidine,,0.36571537400734355,0.3425661870122712,0.023149186995072346,False
146ba19d5,BRD-A06935312-001-04-3,fusidic-acid,bacterial 30S ribosomal subunit inhibitor,0.3510360530626614,0.34993943760454815,0.001096615458113237,False
147a62ce9,BRD-K99048103-001-18-4,acetarsol,,0.3508572440081178,0.34190526416753214,0.008951979840585655,False
14886a5b2,BRD-K99107520-001-24-1,felbamate,glutamate receptor antagonist,0.347975974751897,0.3402538948921732,0.007722079859723785,False
1493a1e86,BRD-K61691541-001-01-1,PF-03084014,gamma secretase inhibitor,0.29992304005036713,0.29627410182153296,0.0036489382288341643,False
1495258b3,BRD-K40718343-001-02-6,AEE788,"EGFR inhibitor, VEGFR inhibitor",0.4828069574932786,0.47177489740191125,0.011032060091367368,False
149ccc683,BRD-K08791496-001-01-0,fenaclon,,0.37406686172694803,0.3605080321676188,0.013558829559329244,False
14b9e5384,BRD-K34157611-001-16-0,cimetidine,histamine receptor antagonist,0.34139664414037674,0.29269466335314215,0.04870198078723459,False
14c4be770,BRD-A08255417-001-14-7,famprofazone,cyclooxygenase inhibitor,0.36209574881658946,0.33173143030096286,0.030364318515626598,False
14dd0b71f,BRD-K64755930-003-03-2,etazolate,phosphodiesterase inhibitor,0.335964127469649,0.31874745069615185,0.01721667677349714,False
14f536e5c,BRD-K21160401-065-01-0,dextroamphetamine,monoamine oxidase inhibitor,0.35037347100786886,0.3312115230204954,0.019161947987373473,False
14fd3a8f6,BRD-A70268693-050-01-2,PG-9,acetylcholine receptor agonist,0.32076035767630456,0.268232631570969,0.05252772610533557,False
1502f8cbb,BRD-K81728688-001-04-4,WZ8040,EGFR inhibitor,0.35220055605047945,0.3297901463130474,0.022410409737432024,False
15137878d,BRD-A31095847-001-02-3,mozavaptan,vasopressin receptor antagonist,0.3694484420527035,0.36357982648436704,0.005868615568336455,False
15243cb83,BRD-A14240607-003-26-1,octopamine,trace amine associated receptor agonist,0.30872631916584076,0.29500325119428483,0.013723067971555925,False
153840764,BRD-K58772419-001-07-0,AZD6482,PI3K inhibitor,0.34782358525170853,0.31328390663718,0.03453967861452856,False
155a94eb7,BRD-K97056771-001-13-1,GNF-2,Bcr-Abl kinase inhibitor,0.28965644131132273,0.27331078166645173,0.016345659644871002,False
156fc028d,BRD-A43082555-001-01-1,loxoprofen,"cyclooxygenase inhibitor, prostanoid receptor antagonist",0.3748456034016831,0.36853196889260853,0.006313634509074573,False
157d90b1f,BRD-A22032524-074-06-5,amlodipine,calcium channel blocker,0.3740345235396774,0.34708372429520534,0.02695079924447208,False
158113616,BRD-K97884852-001-05-4,malotilate,protein synthesis stimulant,0.4082039963583789,0.3116689492108761,0.09653504714750277,False
15c4cc9dc,BRD-K40715924-001-01-1,medorinone,,0.384697692956081,0.36258209535403013,0.022115597602050896,False
15c8a8bc2,BRD-A00077618-236-07-6,8-bromo-cGMP,PKA activator,0.3856048159016892,0.33386007633152465,0.051744739570164566,False
15cca0884,BRD-K61734568-003-02-1,"2,3-DCPE",Bcl-XL downregulator,0.5938516779010005,0.39044064165350045,0.2034110362475,True
15da14cfb,BRD-K32021043-001-14-3,sulfachlorpyridazine,bacterial antifolate,0.35943826153788494,0.32997572479574455,0.02946253674214039,False
15da4702d,BRD-K89125793-001-26-0,tinidazole,antiprotozoal agent,0.3228832396410995,0.32246765211412903,0.0004155875269704623,False
15da97282,BRD-K70610771-001-02-9,VX-222,HCV inhibitor,0.2886030699983239,0.288200536697601,0.00040253330072292925,False
15dba629f,BRD-K94379058-001-06-8,BML-190,cannabinoid receptor inverse agonist,0.385201557999127,0.3275993985366425,0.05760215946248448,False
15efb90c9,BRD-K89665618-003-02-5,1-deoxymannojirimycin,alpha mannosidase inhibitor,0.3533816993844228,0.34484896090966727,0.008532738474755552,False
15f67f442,BRD-K85925969-001-17-4,zalcitabine,nucleoside reverse transcriptase inhibitor,0.4061013556657395,0.38206445758851587,0.024036898077223645,False
15fcb2fab,BRD-A40413915-003-01-2,NTNCB,neuropeptide receptor antagonist,0.2841286919948206,0.2814368345281759,0.002691857466644687,False
16059830d,BRD-A68631409-001-05-4,evodiamine,"ATPase inhibitor, TRPV agonist",0.6344820997577755,0.5794716265805185,0.055010473177256936,True
161572520,BRD-K53972329-001-07-0,ruxolitinib,JAK inhibitor,0.48782645204798913,0.4137304119836211,0.07409604006436804,False
1634c47d4,BRD-K91699951-001-10-2,benzonatate,local anesthetic,0.35519701047438607,0.30476462477223293,0.05043238570215314,False
164e7fef5,BRD-K54790157-001-15-5,trioxsalen,DNA synthesis inhibitor,0.34886210585609556,0.3263412640422626,0.02252084181383296,False
169be09b6,BRD-K31309378-001-01-5,lucitanib,"FGFR inhibitor, VEGFR inhibitor",0.33267412037339805,0.31784689333597654,0.014827227037421509,False
169e4500c,BRD-K23566484-001-15-1,nilutamide,androgen receptor antagonist,0.3618729742029192,0.3484860015650062,0.013386972637912997,False
169fb7b56,BRD-K49669041-001-08-4,BX-912,pyruvate dehydrogenase kinase inhibitor,0.5100264182174482,0.45848951007567035,0.05153690814177786,True
16aa4d496,BRD-K73440166-001-01-3,cinaciguat,guanylate cyclase activator,0.33209371081031636,0.32596778447024205,0.006125926340074306,False
16c3d3bee,BRD-K49197823-001-09-8,CV-1808,adenosine receptor agonist,0.4008413666343985,0.3238557194978468,0.0769856471365517,False
16d2a37f7,BRD-A91733352-300-04-5,camylofine-chlorhydrate,,0.34196641111456544,0.3374761698681782,0.00449024124638725,False
16fc18110,BRD-K71058253-001-01-9,luliconazole,sterol demethylase inhibitor,0.40288871310212776,0.3427714615220625,0.060117251580065256,False
170500372,BRD-K28492574-001-01-6,piconol,,0.40690271010781187,0.38288673972866916,0.024015970379142715,False
17196dc34,BRD-A87715314-003-14-4,pronethalol,adrenergic receptor antagonist,0.38736034180350587,0.3403761407056745,0.04698420109783136,False
1723757d2,BRD-A43082555-001-01-1,loxoprofen,"cyclooxygenase inhibitor, prostanoid receptor antagonist",0.3756074022005331,0.36817761803487803,0.007429784165655096,False
172c462b2,BRD-K69694239-001-02-2,bardoxolone-methyl,"nuclear factor erythroid derived, like (NRF2) activator",0.3369372828833442,0.3364038764600334,0.0005334064233107894,False
172ce511a,BRD-K59929863-001-01-9,CB-10-277,DNA synthesis inhibitor,0.3170420514345609,0.31554029734510347,0.0015017540894574077,False
172d8eb80,BRD-K95053546-001-01-9,tempol,free radical scavenger,0.34338501368924984,0.3267724519313088,0.016612561757941013,False
1738d9092,BRD-K96006502-001-02-6,deflazacort,glucocorticoid receptor agonist,0.5263970593388545,0.5239084054725891,0.0024886538662654,True
1748c1d01,BRD-K94420399-001-01-9,PF-04136309,CC chemokine receptor antagonist,0.4024615394316161,0.3457943892064765,0.05666715022513963,False
17490f218,BRD-K31309378-001-01-5,lucitanib,"FGFR inhibitor, VEGFR inhibitor",0.3494273352301816,0.33424238324229155,0.01518495198789005,False
174dbc4c7,BRD-K92150287-066-01-2,exatecan-mesylate,topoisomerase inhibitor,0.40059420603522455,0.392610881529074,0.00798332450615058,False
175129f43,BRD-K74371986-001-01-7,NSI-189,neurotrophic agent,0.33731368949639423,0.2930588537773732,0.04425483571902106,False
177e72783,BRD-A56592690-001-04-3,PX-12,thioredoxin inhibitor,0.3073694791886594,0.2873602317917682,0.02000924739689125,False
1787430b9,BRD-K84895041-001-02-4,BMY-45778,IP1 prostacyclin receptor agonist,0.3414515414396185,0.32235764973286896,0.019093891706749522,False
17a8535e9,BRD-K25312248-001-01-5,matrine,opioid receptor agonist,0.31972509981730485,0.3081353585820445,0.011589741235260353,False
17beda051,BRD-K63001556-001-08-8,orbifloxacin,bacterial DNA gyrase inhibitor,0.38596976449313464,0.3701825293106894,0.015787235182445236,False
17dedf9a7,BRD-K10598093-303-06-1,hexamethonium,cholinergic receptor antagonist,0.32871940306542774,0.30788066108281686,0.020838741982610876,False
17e32e2ca,BRD-A27883417-300-01-6,alexidine,phosphatidylglycerophosphatase inhibitor,0.3298879275242484,0.32738081321277496,0.002507114311473435,False
17f560a5b,BRD-K73383190-001-03-1,C646,histone acetyltransferase inhibitor,0.37923800768769483,0.35019090996269225,0.02904709772500258,False
180096cac,BRD-K67680372-003-02-6,CI-966,GAT inhibitor,0.4046858564540704,0.30278069117688156,0.10190516527718885,False
182c3b858,BRD-K47780086-001-07-9,penciclovir,DNA directed DNA polymerase inhibitor,0.3810633031058427,0.37818125562106586,0.0028820474847768285,False
183c7e3f3,BRD-K13949769-001-01-7,tenovin-6,SIRT inhibitor,0.37059402921913315,0.36178681890439535,0.008807210314737801,False
18590bfd8,BRD-K53561341-001-07-5,aurora-a-inhibitor-i,Aurora kinase inhibitor,0.3223274240622155,0.27545294859160696,0.04687447547060852,False
18635b586,BRD-K07310275-001-02-5,PF-04691502,"mTOR inhibitor, PI3K inhibitor",0.3750005214814246,0.3602757056039004,0.014724815877524222,False
1865f086c,BRD-K28861668-001-01-9,A922500,diacylglycerol O acyltransferase inhibitor,0.47385385548996617,0.42421300646374,0.049640849026226175,False
18a406358,BRD-K56543881-001-02-7,ADX-47273,glutamate receptor modulator,0.3581611193888885,0.2944449220836979,0.06371619730519062,False
18bb41b2c,BRD-K39974922-001-04-3,lenvatinib,"FGFR inhibitor, KIT inhibitor, PDGFR tyrosine kinase receptor inhibitor, VEGFR inhibitor",0.4980230684743623,0.45049127773082726,0.04753179074353503,False
18c37e601,BRD-A55913614-316-09-6,primaquine,"antimalarial agent, DNA inhibitor",0.3792260681773675,0.36569538237752114,0.013530685799846343,False
18c66651f,BRD-K16444452-001-09-1,ibudilast,"leukotriene receptor antagonist, phosphodiesterase inhibitor",0.3623450996537502,0.3262539773231662,0.036091122330584036,False
18d693579,BRD-K94441233-001-17-1,mevastatin,HMGCR inhibitor,0.4421361205787458,0.3948179303763533,0.047318190202392474,False
18f6fcc4f,BRD-K62412084-001-07-1,para-toluenesulfonamide,,0.40158908197520143,0.34129060127817545,0.06029848069702598,False
1908efe59,BRD-K06294530-001-01-5,UK-383367,Procollagen C-Endopeptidase Inhibitors,0.3363183084509836,0.33491179857315395,0.0014065098778296425,False
191bfe656,BRD-K78513633-001-15-7,lonidamine,glucokinase inhibitor,0.3902335134038952,0.34881757960620274,0.041415933797692484,False
1929f8e5e,BRD-K56334280-001-05-1,amonafide,topoisomerase inhibitor,0.41878371206160997,0.3729648302142864,0.04581888184732358,False
19542f8df,BRD-K40715924-001-01-1,medorinone,,0.4375308136319126,0.32954784551061356,0.10798296812129904,False
19952d3be,BRD-K41599323-001-02-3,lonafarnib,farnesyltransferase inhibitor,0.43214499469643564,0.41062398087211016,0.021521013824325474,False
19a4c17a6,BRD-A47364545-003-02-6,SK&F-10047-(+),sigma receptor agonist,0.37806667720683307,0.367669637887725,0.01039703931910807,False
19aae2313,BRD-A35989968-001-04-2,megestrol-acetate,progesterone receptor agonist,0.2942256158123689,0.2646756195551068,0.029549996257262068,False
19b95658c,BRD-K54314721-001-10-2,zolmitriptan,serotonin receptor agonist,0.35357919884002087,0.3051603715026194,0.04841882733740149,False
19bec136e,BRD-K21160401-065-01-0,dextroamphetamine,monoamine oxidase inhibitor,0.3638783041531496,0.3236332387253924,0.04024506542775719,False
19d4e1c25,BRD-A13084692-001-17-3,troglitazone,"insulin sensitizer, PPAR receptor agonist",0.3351012916092949,0.31075306277476894,0.024348228834525976,False
19d62c533,BRD-K78113049-001-16-2,enoxacin,topoisomerase inhibitor,0.4174696668603426,0.36518691503292694,0.05228275182741565,False
19eca681d,BRD-K69577666-001-01-3,SGC-0946,histone lysine methyltransferase inhibitor,0.3403315881171633,0.3278395683723276,0.012492019744835714,False
1a038f0f7,BRD-K73309154-003-02-8,OSI-420,EGFR inhibitor,0.3896521111752176,0.3567754021725245,0.03287670900269307,False
1a30dbdd2,BRD-K57179821-001-15-4,crotamiton,antipruritic,0.3627238513334507,0.3321463116198556,0.030577539713595114,False
1a52478dc,BRD-K58819470-001-05-9,2-thiouracil,,0.37439778196867146,0.2808497922702198,0.09354798969845168,False
1a5b7202f,BRD-K02407574-001-09-7,parbendazole,tubulin polymerization inhibitor,0.6428294283557069,0.6131465687470165,0.029682859608690437,True
1a6b3b8ed,BRD-K62537556-001-02-5,4-IBP,sigma receptor agonist,0.3096701890677172,0.24656205475000068,0.06310813431771653,False
1a6cf6fe6,BRD-K66538826-001-07-2,amuvatinib,"FLT3 inhibitor, KIT inhibitor, PDGFR tyrosine kinase receptor inhibitor, RAD51 inhibitor, RET tyrosine kinase inhibitor",0.39308487355648425,0.33784444725374707,0.05524042630273718,False
1a79afe73,BRD-K72029282-001-22-0,probucol,atherogenesis inhibitor,0.30681995289342906,0.28869901955221533,0.01812093334121373,False
1a892fd97,BRD-K28861668-001-01-9,A922500,diacylglycerol O acyltransferase inhibitor,0.38474992050964246,0.32741851742250283,0.05733140308713963,False
1aa5a11e1,BRD-A62021152-003-03-4,WAY-161503,serotonin receptor agonist,0.3570856371552115,0.30288180923573665,0.05420382791947487,False
1abba6a06,BRD-A81233518-004-16-1,glycopyrrolate,acetylcholine receptor antagonist,0.2949452829702728,0.29251883362822606,0.0024264493420467215,False
1abc45fa3,BRD-A18056626-003-22-3,methacholine,acetylcholine receptor agonist,0.30532425858174217,0.28704314770423794,0.018281110877504225,False
1ac3046e2,BRD-A14344385-001-03-2,IDRA-21,glutamate receptor positive allosteric modulator,0.4844080145056605,0.46238692487135147,0.022021089634309043,False
1b09b35f0,BRD-K17894950-001-14-3,indirubin,"CDK inhibitor, glycogen synthase kinase inhibitor",0.422936568758239,0.42223164050345047,0.0007049282547885172,False
1b1a45a6b,BRD-A70407468-001-02-0,PSB-36,adenosine receptor antagonist,0.3186230317313533,0.30777335902410036,0.010849672707252955,False
1b20d8d8d,BRD-K71125014-001-27-1,sulphadimethoxine,dihydropteroate synthetase inhibitor,0.3699231990155607,0.3398358914975604,0.030087307518000317,False
1b5be72dc,BRD-K25412176-001-01-9,GSK2110183,AKT inhibitor,0.3322223995518795,0.31008562470643625,0.02213677484544324,False
1b72f77e1,BRD-A84575140-001-02-4,pimobendan,"calcium sensitizer, phosphodiesterase inhibitor",0.3170201815995603,0.30516463124014515,0.011855550359415157,False
1b904d48f,BRD-A00147595-001-01-5,balaglitazone,"insulin sensitizer, PPAR receptor partial agonist",0.33284904830695466,0.29384858279513887,0.039000465511815796,False
1b972d4e6,BRD-K81855038-003-13-9,roxatidine-acetate,histamine receptor antagonist,0.4042974643108225,0.37473697231638897,0.029560491994433502,False
1bbc9c827,BRD-K21160401-065-01-0,dextroamphetamine,monoamine oxidase inhibitor,0.3478085495094853,0.3393263374634541,0.008482212046031223,False
1bcab17e9,BRD-K82036761-003-20-3,sertraline,selective serotonin reuptake inhibitor (SSRI),0.290161612378696,0.27749419260527025,0.012667419773425725,False
1bce4a659,BRD-K33082088-001-03-3,retapamulin,protein synthesis inhibitor,0.3106364011603232,0.27040015027250475,0.04023625088781846,False
1bd7dfcf5,BRD-A73556557-001-06-4,tagatose,phosphorylase inhibitor,0.4437720484869682,0.3558305891885203,0.08794145929844793,False
1be20d6f2,BRD-K68633617-003-02-9,ACDPP,glutamate receptor antagonist,0.33912105043555096,0.2911958110526914,0.047925239382859586,False
1bece7355,BRD-A85587465-001-03-3,bemesetron,serotonin receptor antagonist,0.2832660493804984,0.2785419331396842,0.004724116240814202,False
1c0cf2234,BRD-K03243820-001-25-3,trifluridine,"DNA directed DNA polymerase inhibitor, thymidylate synthase inhibitor",0.3214487828938426,0.3028937303144687,0.0185550525793739,False
1c21f7ca7,BRD-K54262262-001-09-0,monobenzone,melanin inhibitor,0.41318275504897223,0.3415908294971074,0.07159192555186483,False
1c3236de2,BRD-K98157055-001-10-9,SIB-1757,glutamate receptor antagonist,0.3231416066825136,0.31809885369501867,0.005042752987494958,False
1cac4e758,BRD-K25317177-065-01-4,modaline,,0.2948804468049022,0.29162942401847397,0.003251022786428248,False
1cc61abd7,BRD-A72767275-003-01-6,nalmefene,opioid receptor antagonist,0.3230652950750705,0.3049022658948391,0.018163029180231383,False
1cc754244,BRD-A52922642-001-03-7,gallopamil,L-type calcium channel blocker,0.3276439596765756,0.3197887878182547,0.007855171858320908,False
1cfcd915a,BRD-K89306950-001-12-5,ML130,NOD1 inhibitor,0.31377066975699874,0.30577406990777467,0.007996599849224073,False
1d04eaf44,BRD-A56371469-001-03-3,AGI-5198,isocitrate dehydrogenase inhibitor,0.33019367643014824,0.32323339336727686,0.006960283062871386,False
1d28447b9,BRD-K30240666-051-15-9,clemastine,histamine receptor antagonist,0.31510250573849696,0.3109894753279014,0.004113030410595575,False
1d3112471,BRD-K61032563-001-02-9,neohesperidin-dihydrochalcone,,0.41028320987244354,0.4070965245843032,0.0031866852881403673,False
1d39c75d6,BRD-K65992024-001-01-5,pirenoxine,AGE inhibitor,0.3544962605286729,0.30193705532666637,0.05255920520200652,False
1d4c91026,BRD-A51355958-003-01-9,nebracetam,acetylcholine receptor agonist,0.35797218748654236,0.3277949940332793,0.030177193453263085,False
1d5e70986,BRD-K68174511-001-06-6,torin-2,mTOR inhibitor,0.4962802742678313,0.45307072694380235,0.04320954732402893,False
1d61208e9,BRD-K44442813-001-12-9,pidotimod,"interferon receptor agonist, interleukin receptor agonist",0.30645296909739445,0.286787083544462,0.01966588555293247,False
1d6d22a71,BRD-K48168960-001-19-2,propylthiouracil,thyroid peroxidase inhibitor,0.3769659585952851,0.37363317615952935,0.0033327824357557434,False
1d6d68fd5,BRD-K42205652-001-02-7,"MNS-(3,4-Methylenedioxy-nitrostyrene)","src inhibitor, syk inhibitor",0.3435966054175372,0.339010222439032,0.004586382978505221,False
1d7b387b9,BRD-A92670106-003-05-4,tocainide,sodium channel blocker,0.32568275497635213,0.30885419286833315,0.016828562108018974,False
1d80b96cf,BRD-K25312248-001-01-5,matrine,opioid receptor agonist,0.3191371696173392,0.26487536817326296,0.05426180144407622,False
1d831bce7,BRD-K46970505-003-01-9,cefozopran,bacterial cell wall synthesis inhibitor,0.3268965296278358,0.2952699389648129,0.03162659066302287,False
1d9628f6b,BRD-K51770398-001-01-9,JNJ-17203212,TRPV antagonist,0.3517455245253242,0.33332647115357134,0.01841905337175287,False
1d9b3e2f3,BRD-K49962337-001-01-1,baicalin,beta glucuronidase inhibitor,0.4035634820837913,0.32370296937663834,0.07986051270715294,False
1da08b29e,BRD-K51486818-003-02-8,lazabemide,monoamine oxidase inhibitor,0.3481491940119829,0.3214914178834704,0.0266577761285125,False
1da14763f,BRD-K21160401-065-01-0,dextroamphetamine,monoamine oxidase inhibitor,0.35971686206913467,0.33848937049114786,0.021227491577986812,False
1db26a3b0,BRD-K63343048-001-12-2,orlistat,lipase inhibitor,0.3906346354516959,0.32721534229110916,0.06341929316058675,False
1dd9d0bac,BRD-K96550715-001-02-6,linagliptin,dipeptidyl peptidase inhibitor,0.3763626412683563,0.3698078963571513,0.006554744911205002,False
1df2f9781,BRD-A83802939-304-04-2,dexamethasone-sodium-phosphate,glucocorticoid receptor agonist,0.5829643925096609,0.5401700020847506,0.04279439042491029,True
1e1354bb0,BRD-K43002771-034-01-6,SR-33805,calcium channel blocker,0.31457788477891374,0.2945004335565972,0.020077451222316522,False
1e2ab1d8c,BRD-A08079565-001-01-8,CDBA,,0.42091069356497346,0.3716742203288535,0.04923647323611996,False
1e5cd39b1,BRD-K96055017-003-02-7,1-acetyl-4-methylpiperazine,acetylcholine receptor agonist,0.3195957889487203,0.2973853389742374,0.022210449974482904,False
1e810afa6,BRD-K53561341-001-07-5,aurora-a-inhibitor-i,Aurora kinase inhibitor,0.36109243455986567,0.3596011677086855,0.001491266851180173,False
1e81ae8da,BRD-K75958547-238-01-0,pitavastatin,HMGCR inhibitor,0.6504453625742226,0.5893867812140436,0.06105858136017894,True
1e83e8b52,BRD-K38305202-001-17-4,domperidone,dopamine receptor antagonist,0.3512906566652497,0.30885770463031054,0.042432952034939186,False
1ea8cd37d,BRD-K72339976-065-02-1,cefoselis,bacterial cell wall synthesis inhibitor,0.3711725359506977,0.29840485841677794,0.07276767753391977,False
1ee31d089,BRD-K99174507-003-02-0,cardiogenol-c,cardiomyogenesis inducer,0.3905989810432512,0.33447746221488994,0.05612151882836125,False
1f4fc34c5,BRD-K37385792-003-02-1,conivaptan,vasopressin receptor antagonist,0.3018873786171846,0.29289941464180375,0.008987963975380875,False
1f5dc16e1,BRD-A67516570-001-02-8,lafutidine,histamine receptor antagonist,0.3460985059986515,0.3033255662966018,0.042772939702049706,False
1f615ecea,BRD-K50785021-001-02-1,cyclamic-acid,,0.34541537175716525,0.3349110531615786,0.010504318595586648,False
1f6f32360,BRD-K39484304-001-16-5,triptolide,RNA polymerase inhibitor,0.3358411871071735,0.3182200596775901,0.017621127429583383,False
1f7b51a4d,BRD-K63874012-001-02-9,thioperamide,histamine receptor antagonist,0.36197718638439613,0.33205942363886154,0.029917762745534593,False
1f9677293,BRD-K01683783-001-02-6,TAK-901,Aurora kinase inhibitor,0.4356800141082305,0.4239493433267212,0.0117306707815093,False
1fbc1f017,BRD-A42270467-001-04-4,tenatoprazole,ATPase inhibitor,0.36327252903814855,0.3091493151839655,0.05412321385418306,False
1ff21b539,BRD-K97045029-001-04-3,pranlukast,leukotriene receptor antagonist,0.38448733693583015,0.3728573060667531,0.011630030869077046,False
2002e6125,BRD-K17223896-001-10-0,chloroxylenol,ATP synthase inhibitor,0.31101338489202934,0.29547831483219117,0.015535070059838174,False
201cdcec8,BRD-K86301799-001-34-8,dipyridamole,phosphodiesterase inhibitor,0.2732736403888903,0.2520100149551723,0.021263625433718014,False
202867ab1,BRD-A52460047-001-01-3,methylatropine-nitrate,acetylcholine receptor antagonist,0.3234765318325589,0.3231746712828601,0.00030186054969882914,False
209a68d23,BRD-K55512740-001-01-6,MK-8033,c-Met inhibitor,0.3980211131275393,0.33611875019076015,0.06190236293677914,False
20a3c3f90,BRD-A25608658-001-01-1,narasin,antiprotozoal agent,0.5109762378542373,0.4279920124447778,0.08298422540945949,True
20c439875,BRD-K65814004-003-02-9,diphenyleneiodonium,nitric oxide synthase inhibitor,0.3365847053033089,0.2909813712501361,0.045603334053172795,False
20c9d8e5c,BRD-K05464208-001-05-7,JX-401,p38 MAPK inhibitor,0.3420438097016155,0.3111456684364902,0.0308981412651253,False
20d248d52,BRD-A24560335-300-01-2,efatutazone,PPAR receptor agonist,0.3246881574024067,0.3114840056649399,0.013204151737466807,False
20e191f4d,BRD-A36217750-001-16-3,sulfinpyrazone,uricosuric blocker,0.3487102009668115,0.3138047316047329,0.03490546936207861,False
20f5de99f,BRD-K89014967-001-04-3,AS-703026,MEK inhibitor,0.33564213885990396,0.3288420407868001,0.006800098073103833,False
210962402,BRD-K17075857-001-17-6,chloroxine,opioid receptor antagonist,0.31604764597295565,0.2688915138949885,0.04715613207796715,False
211b5a3d5,BRD-A14240607-003-26-1,octopamine,trace amine associated receptor agonist,0.32074930433816,0.2734196280935449,0.04732967624461509,False
212446fb4,BRD-K50590187-001-19-9,capsaicin,TRPV agonist,0.33757397866639355,0.26526702240205613,0.07230695626433742,False
212895fb6,BRD-K26989966-001-03-5,UNC1999,histone lysine methyltransferase inhibitor,0.3565162765586032,0.27552533274833513,0.08099094381026806,False
2159f4e19,BRD-K92467929-001-01-1,oxandrolone,androgen receptor agonist,0.35097206366590067,0.3146164416149441,0.03635562205095655,False
21625d864,BRD-K22936972-003-23-6,diphenylpyraline,dopamine uptake inhibitor,0.2774416664732874,0.2762263706818762,0.001215295791411164,False
216e28696,BRD-A75769826-003-02-1,SDM25N,opioid receptor antagonist,0.3203794791229766,0.3173405235274991,0.0030389555954775105,False
21873d192,BRD-K51207550-001-23-0,ethionamide,mycolic synthesis inhibitor,0.38470852862677385,0.26255721315987773,0.12215131546689612,False
21ad0a835,BRD-K07220430-001-18-4,cinnarazine,calcium channel blocker,0.34508247155179156,0.31560483891635255,0.02947763263543901,False
21d9e9e4e,BRD-K64890080-001-13-8,BI-2536,PLK inhibitor,0.6304775669648468,0.5301730309335989,0.10030453603124789,True
21f05d290,BRD-K51544265-001-04-2,cabozantinib,"RET tyrosine kinase inhibitor, VEGFR inhibitor",0.6382266529344799,0.5749605455026261,0.06326610743185379,True
21fce610c,BRD-K88186167-001-04-8,GW-4064,FXR agonist,0.3064917873658434,0.29594040884856176,0.010551378517281662,False
2213f37fe,BRD-K71266197-236-02-7,PSB-06126,NTPDase inhibitor,0.282243552333346,0.26339157662963597,0.018851975703710055,False
22199949c,BRD-K69247067-001-01-8,afloqualone,acetylcholine receptor antagonist,0.29425739305591914,0.2735669604768638,0.02069043257905534,False
2220f11d3,BRD-K68164687-001-01-6,epothilone-b,"microtubule stabilizing agent, tubulin polymerization inhibitor",0.6294157030156242,0.6257689903667957,0.003646712648828543,True
2229f35a4,BRD-K54759182-003-08-0,dosulepin,"norepinephrine reuptake inhibitor, serotonin-norepinephrine reuptake inhibitor (SNRI), tricyclic antidepressant",0.35410576705436947,0.34766677918372163,0.006438987870647839,False
222c64809,BRD-A83802939-304-04-2,dexamethasone-sodium-phosphate,glucocorticoid receptor agonist,0.46662523019477053,0.4390823312034731,0.027542898991297415,False
2249f481f,BRD-K70327167-348-13-4,suramin,DNA synthesis inhibitor,0.3569677303694956,0.3549843658729348,0.00198336449656078,False
224c01471,BRD-K76805682-001-15-9,SB-415286,glycogen synthase kinase inhibitor,0.34934109472506486,0.2897936605288538,0.05954743419621106,False
224c1bf37,BRD-K42221274-003-07-7,NNC-711,GABA uptake inhibitor,0.38786570661018793,0.3438297943275017,0.04403591228268622,False
225385f09,BRD-K84663978-003-02-9,trequinsin,phosphodiesterase inhibitor,0.3629575259814831,0.36178027305178506,0.0011772529296980583,False
226072171,BRD-K04568635-300-01-4,octenidine,membrane integrity inhibitor,0.4989741578863583,0.45330086434330397,0.04567329354305433,False
226348f20,BRD-K84466663-001-05-4,nelarabine,"DNA synthesis inhibitor, T cell inhibitor",0.3416037435027825,0.3233663732788202,0.018237370223962324,False
2266410ca,BRD-K78815826-001-14-6,suxibuzone,cyclooxygenase inhibitor,0.3369455279969849,0.32517969184246454,0.01176583615452037,False
22770735e,BRD-K55512740-001-01-6,MK-8033,c-Met inhibitor,0.5507578945974709,0.5275713923464441,0.023186502251026808,True
227dac617,BRD-A98174560-001-02-1,chloralose,,0.31001083944259783,0.2714006354363077,0.038610204006290116,False
2284046f5,BRD-K64925568-001-01-8,AMG-232,MDM inhibitor,0.28672912105771187,0.2762821994164779,0.010446921641233953,False
2289e7c53,BRD-K14235254-001-01-2,GTS21,cholinergic receptor agonist,0.37129434057835564,0.32904396968521077,0.04225037089314487,False
228f08c3d,BRD-K90993449-001-02-7,KRN-633,VEGFR inhibitor,0.5921335600622819,0.5631131699022249,0.029020390160056975,True
2294112df,BRD-A04506385-001-01-2,stepronin,mucolytic agent,0.324470882897044,0.2743708210485865,0.0501000618484575,False
22d6e0ac1,BRD-K68488863-001-04-9,ENMD-2076,"Aurora kinase inhibitor, FLT3 inhibitor, VEGFR inhibitor",0.4365434505649608,0.39829239346828876,0.038251057096672036,False
22f943d8d,BRD-K76810206-001-07-3,nicergoline,adrenergic receptor antagonist,0.32702942073011615,0.3140858191068423,0.012943601623273848,False
230867937,BRD-A72066420-001-04-5,mifobate,PPAR receptor antagonist,0.33481176295601606,0.30719423749913466,0.027617525456881398,False
230cbe940,BRD-K68747584-001-02-0,PF-03814735,Aurora kinase inhibitor,0.4974340412102015,0.44561686735092254,0.051817173859278975,False
23108da9b,BRD-K13810148-311-03-2,givinostat,HDAC inhibitor,0.4203124084855278,0.412601412998273,0.00771099548725479,False
232d3e660,BRD-K56543881-001-02-7,ADX-47273,glutamate receptor modulator,0.37106821029087506,0.33624177429574154,0.03482643599513352,False
233bbbb62,BRD-A67060370-001-02-9,albendazole-oxide,anthelmintic agent,0.3296003083787729,0.3150967275159821,0.0145035808627908,False
234586c95,BRD-K74065929-001-07-2,doramapimod,p38 MAPK inhibitor,0.3498305268974768,0.3493692160971562,0.00046131080032058014,False
23458e56a,BRD-K65428967-001-08-4,cordycepin,DNA inhibitor,0.3342026981492008,0.31745417753799715,0.016748520611203632,False
234611c76,BRD-A44863528-001-13-2,proglumide,CCK receptor antagonist,0.32708520256227425,0.3116456369359675,0.015439565626306773,False
2352c6333,BRD-K06674495-334-03-2,nafamostat,serine protease inhibitor,0.33398163171137424,0.3305408489686311,0.0034407827427431203,False
235333326,BRD-K19972289-001-01-4,octinoxate,,0.2957321040461832,0.25323296298928544,0.04249914105689778,False
2353e1221,BRD-K43449605-001-01-0,oncrasin-1,apoptosis stimulant,0.7902070530055962,0.34587196595365083,0.4443350870519454,True
236738f2a,BRD-K63343048-001-12-2,orlistat,lipase inhibitor,0.402559991971406,0.399822716799001,0.002737275172405018,False
238584dcd,BRD-K75250001-001-01-3,tiracizine,sodium channel blocker,0.34822391861732005,0.3378061543272338,0.010417764290086229,False
23b0c6122,BRD-K13514097-001-05-3,everolimus,mTOR inhibitor,0.48424235550862627,0.425389870822203,0.05885248468642329,False
23b488dc9,BRD-K72029282-001-22-0,probucol,atherogenesis inhibitor,0.363893737363535,0.3350674111873528,0.028826326176182193,False
23bdbc9c0,BRD-K60240222-001-01-4,carglumic-acid,carbamoyl phosphate synthase activator,0.2984879131940074,0.2850463344040414,0.013441578789965991,False
23d6790ad,BRD-K19669037-001-01-1,GGTI-298,GGTase inhibitor,0.3675345726919606,0.31229241774939764,0.05524215494256296,False
23ffb25a4,BRD-K40578143-001-02-6,GR-79236,adenosine receptor agonist,0.3411804103142887,0.3347725290309167,0.006407881283371997,False
240f5b164,BRD-K31627533-001-09-5,rimexolone,glucocorticoid receptor agonist,0.5326351352400736,0.503248584854704,0.029386550385369525,True
243025e87,BRD-K46690591-001-01-2,KP-1212,,0.3334968320916509,0.29365422263367164,0.03984260945797924,False
24379fd5e,BRD-K90065682-300-02-6,5-iodo-A-85380,acetylcholine receptor agonist,0.3362217447079829,0.324171096713614,0.01205064799436889,False
244e7bde9,BRD-K83459933-001-05-4,sinomenine,angiogenesis inhibitor,0.3402608422830068,0.3257728400208185,0.014488002262188271,False
244ef8123,BRD-A94543220-001-24-7,bifonazole,sterol demethylase inhibitor,0.31353294409390337,0.29743539241112515,0.01609755168277821,False
246d8afb2,BRD-K81795818-019-01-4,exherin,cadherin antagonist,0.3547207164974393,0.3373202598416768,0.01740045665576251,False
248a98dcc,BRD-K37714784-305-02-1,ABT-724,dopamine receptor agonist,0.33798521022753925,0.3296203077842352,0.008364902443304068,False
24936702f,BRD-K50859149-001-19-5,sulfafurazole,bacterial antifolate,0.3478095404146569,0.3296992891764959,0.018110251238161013,False
2493e7197,BRD-A16700644-003-04-4,isoxsuprine,adrenergic receptor agonist,0.32413806027917136,0.32023255353060026,0.003905506748571097,False
24a3fbf37,BRD-K51040301-001-02-1,cobicistat,cytochrome P450 inhibitor,0.39138698662667937,0.3290462815046369,0.062340705122042483,False
24ac0214f,BRD-K97163964-001-03-3,L-Aspartic-Acid,metallic radical formation stimulant,0.37567904206419983,0.3322313578933666,0.04344768417083322,False
24c0a37ff,BRD-K51313569-003-03-3,palbociclib,CDK inhibitor,0.3548885056386709,0.26783617221361555,0.08705233342505536,False
24c787f29,BRD-K17061841-001-03-5,stattic,,0.37461539791707144,0.3636475668195966,0.010967831097474845,False
24c8a6b96,BRD-K74195153-050-12-1,irsogladine,phosphodiesterase inhibitor,0.3195801804344328,0.31813292395189685,0.0014472564825359635,False
252bf6e2a,BRD-K76534306-001-22-7,enrofloxacin,bacterial DNA gyrase inhibitor,0.36802374520698106,0.3484129131032749,0.019610832103706177,False
2548d9153,BRD-K79892937-001-02-5,phenolsulfonphthalein,,0.3932171253397351,0.348180381548248,0.04503674379148709,False
256d18e2b,BRD-A49046702-003-08-3,SKF-89976A,GABA uptake inhibitor,0.36501585672340825,0.34591850905828603,0.019097347665122222,False
25cd3600b,BRD-K23566484-001-15-1,nilutamide,androgen receptor antagonist,0.28850397120398924,0.2821938903694152,0.006310080834574017,False
25d3c2526,BRD-K98357249-001-02-9,IRL-2500,endothelin receptor antagonist,0.4118127340337591,0.3049809935125229,0.10683174052123623,False
25f96be51,BRD-K28494619-001-28-2,sulfamethoxazole,PABA antagonist,0.3271780940998176,0.3186234020731835,0.008554692026634059,False
260a804ec,BRD-K26373640-001-05-1,IKK-2-inhibitor,"IKK inhibitor, SYK inhibitor",0.38555200786349847,0.3410333830798276,0.04451862478367086,False
262da47c0,BRD-K53561341-001-07-5,aurora-a-inhibitor-i,Aurora kinase inhibitor,0.5370683509887434,0.4679750485207046,0.0690933024680388,True
263b9a195,BRD-A71774530-001-05-9,lufenuron,chitin inhibitor,0.32043808324823614,0.3102062495439805,0.010231833704255622,False
2641f5793,BRD-K85015012-003-02-9,NNC-05-2090,"GABA uptake inhibitor, GAT inhibitor",0.3327283335577155,0.3083364183872375,0.024391915170478007,False
26574c800,BRD-K41866823-001-01-3,2-hydroxyethyl-salicylate,,0.3283417707884452,0.31695925644478345,0.01138251434366172,False
266df4aad,BRD-A66435872-332-01-8,HTMT,histamine receptor agonist,0.33340172678942964,0.3273055459119998,0.006096180877429858,False
2682044c0,BRD-K10784860-003-02-3,temocapril,angiotensin converting enzyme inhibitor,0.3097552722672126,0.30381413143311803,0.005941140834094583,False
2688e0167,BRD-K00938507-001-17-8,sulfamethoxypyridazine,bacterial antifolate,0.2856963421251765,0.2830840867567953,0.0026122553683811667,False
26901f17d,BRD-K17894950-001-14-3,indirubin,"CDK inhibitor, glycogen synthase kinase inhibitor",0.34090778266670285,0.3392857719613106,0.0016220107053922517,False
269c5bab3,BRD-K26581543-001-01-6,bifendate,,0.3393881168408635,0.3163717905899735,0.023016326250890007,False
269cfe6ea,BRD-K36739687-001-03-0,stemregenin-1,aryl hydrocarbon receptor antagonist,0.2837843965060258,0.26546995607170437,0.018314440434321455,False
26a49c7f8,BRD-A70268693-050-01-2,PG-9,acetylcholine receptor agonist,0.281367298178874,0.26943195588549695,0.01193534229337706,False
26a8f6de7,BRD-K94436377-001-10-2,diosmin,"aryl hydrocarbon receptor agonist, capillary stabilizing agent",0.39073573994166455,0.3588322293483459,0.03190351059331864,False
26b98a417,BRD-K04833372-001-06-2,GSK1904529A,"IGF-1 inhibitor, insulin growth factor receptor inhibitor, insulin receptor ligand",0.3704866475320666,0.28145802766357164,0.08902861986849497,False
26e35cf44,BRD-A31095847-001-02-3,mozavaptan,vasopressin receptor antagonist,0.44147461670804433,0.434519100815392,0.006955515892652309,False
26f1351c1,BRD-K14235254-001-01-2,GTS21,cholinergic receptor agonist,0.35606477281779625,0.3458784419275909,0.010186330890205375,False
2701543aa,BRD-K25317177-065-01-4,modaline,,0.38945390203866953,0.3855258300102652,0.003928072028404339,False
270fbca20,BRD-K87990216-001-10-2,piretanide,glucocorticoid receptor agonist,0.3322607667838479,0.313419052265636,0.018841714518211927,False
270fd2fad,BRD-K79633074-001-01-8,xilobam,,0.31043579436092494,0.2814996782687639,0.02893611609216107,False
27138434f,BRD-K32830106-001-02-6,guanfacine,adrenergic receptor agonist,0.3346796831611715,0.31964222721079166,0.015037455950379863,False
273ff6a56,BRD-K46290096-001-01-1,preladenant,adenosine receptor antagonist,0.3493092038700726,0.29885050427319665,0.05045869959687593,False
277f1d6f9,BRD-K30240666-051-15-9,clemastine,histamine receptor antagonist,0.30483662611575674,0.2749379426500087,0.029898683465748033,False
278700b4e,BRD-K60038276-001-09-0,irbesartan,angiotensin receptor antagonist,0.37452654343087505,0.3274822234016023,0.047044320029272724,False
278991dd3,BRD-K26712974-001-01-5,VX-765,caspase inhibitor,0.3529064043189763,0.31875217192636224,0.03415423239261406,False
278f5ee70,BRD-K67772619-001-05-1,rheochrysidin,protein tyrosine kinase inhibitor,0.399409064293442,0.34060563440499825,0.058803429888443726,False
27998e50f,BRD-K66097663-001-01-8,TMC-353121,RSV fusion inhibitor,0.380517667956926,0.3577450158322192,0.022772652124706805,False
279d0637e,BRD-K96299080-001-02-7,neohesperidin,,0.43069000108829264,0.35441804701609453,0.07627195407219811,False
27ba2d779,BRD-K36055864-001-19-2,cycloheximide,protein synthesis inhibitor,0.32003469288335246,0.311472314653773,0.008562378229579448,False
27c37fd13,BRD-K33732501-004-01-0,methylnaltrexone,opioid receptor antagonist,0.3528880244656993,0.3067166167761578,0.04617140768954148,False
27df661a4,BRD-A42759514-001-20-5,ornidazole,antiprotozoal agent,0.2911035362691484,0.28382410341602615,0.00727943285312227,False
27fa72002,BRD-A53561827-004-23-1,pipenzolate,cholinergic receptor antagonist,0.30416091868805695,0.288593513515614,0.015567405172442927,False
280f14f8c,BRD-K21867462-001-02-9,GSK2816126,histone lysine methyltransferase inhibitor,0.361485527453395,0.3420447549052289,0.01944077254816612,False
280fbcd35,BRD-A49906757-004-09-8,scopolamine-n-oxide,acetylcholine receptor antagonist,0.3434107509444846,0.2827711605552621,0.06063959038922251,False
281332709,BRD-K47105409-001-14-5,AG-490,"EGFR inhibitor, JAK inhibitor",0.328658373129634,0.30046036880763005,0.028198004322003922,False
282850f68,BRD-K23913458-001-20-7,coumarin,vitamin K antagonist,0.3501879726076873,0.32055235670548843,0.029635615902198875,False
282c379a2,BRD-K68395654-001-03-1,EVP4593,NFkB pathway inhibitor,0.3825141825890636,0.3412855961978919,0.04122858639117172,False
283011b7d,BRD-K91495480-001-02-2,AGP-103,membrane permeability inhibitor,0.36038520697600385,0.3545631978197225,0.005822009156281338,False
2830d3cb4,BRD-K88405679-003-03-1,thonzylamine,antihistamine,0.3780388165647751,0.3698549680080026,0.00818384855677251,False
2855e975f,BRD-K32501161-300-06-2,vanoxerine,dopamine uptake inhibitor,0.45920507019033563,0.4450735019153474,0.014131568274988238,False
285fbb0b0,BRD-K04833372-001-06-2,GSK1904529A,"IGF-1 inhibitor, insulin growth factor receptor inhibitor, insulin receptor ligand",0.30740674543424795,0.30695802907234554,0.0004487163619024126,False
2862c5a81,BRD-K62412084-001-07-1,para-toluenesulfonamide,,0.3406204545751358,0.32719933882713725,0.013421115747998535,False
288497e82,BRD-K49236613-001-02-3,6-iodo-nordihydrocapsaicin,TRPV antagonist,0.4132759559967078,0.35723935194081036,0.05603660405589744,False
28879e19e,BRD-K95053546-001-01-9,tempol,free radical scavenger,0.3987796110430288,0.3891148226195524,0.0096647884234764,False
288928fcc,BRD-K25991633-001-01-9,BMS-649,retinoid receptor agonist,0.3520012589819294,0.32337221090312823,0.028629048078801178,False
288e0d205,BRD-K92428232-001-10-6,GSK461364,PLK inhibitor,0.4666062241831898,0.4281870192726654,0.03841920491052442,False
28a15cf13,BRD-K27335680-001-10-0,rhein,,0.34502287471890203,0.3417386561878173,0.003284218531084737,False
28a7c8b62,BRD-K41304947-001-03-2,HA-966-(S)-(-),glutamate receptor antagonist,0.4159842383427992,0.38791679372684956,0.02806744461594962,False
28a834f70,BRD-K62814476-001-03-3,BMS-265246,CDK inhibitor,0.38806876258064604,0.36610950115929725,0.021959261421348797,False
28b4acd9e,BRD-K24443618-001-10-2,etebenecid,uricosuric blocker,0.3675035551755955,0.33639716670755965,0.031106388468035873,False
28bb151a6,BRD-A84907376-300-03-8,alcuronium,muscle relaxant,0.37233392644787894,0.33938960930886364,0.0329443171390153,False
28bdee607,BRD-A92439610-001-05-7,triamcinolone-acetonide,"glucocorticoid receptor agonist, immunosuppressant",0.46971118099349324,0.46747195793357743,0.002239223059915807,False
28d0fcca8,BRD-K61665160-001-01-5,BYK-204165,PARP inhibitor,0.3195135410271718,0.3073324088358808,0.012181132191290966,False
28dd9636a,BRD-K71103788-003-12-0,duloxetine,"norepinephrine reuptake inhibitor, serotonin-norepinephrine reuptake inhibitor (SNRI)",0.3991102516933818,0.3386346037051985,0.060475647988183334,False
28f1045d8,BRD-A78952587-001-01-5,A740003,purinergic receptor antagonist,0.3560827034791954,0.34636935349227066,0.009713349986924746,False
28f63043b,BRD-K16037980-001-01-1,Z160,N-type calcium channel blocker,0.2989097255864858,0.27954921871067856,0.01936050687580726,False
28fff865d,BRD-K91147684-001-01-5,m-THP,,0.39999832448847505,0.3548522951309784,0.045146029357496675,False
2905ae5c4,BRD-K50859149-001-19-5,sulfafurazole,bacterial antifolate,0.3237697532763082,0.3200354939796929,0.0037342592966153054,False
29140d496,BRD-K82255054-001-15-9,propofol,benzodiazepine receptor agonist,0.3288079263346648,0.2965656512019931,0.03224227513267175,False
291b86a26,BRD-K96055017-003-02-7,1-acetyl-4-methylpiperazine,acetylcholine receptor agonist,0.317761703206679,0.316137375862327,0.0016243273443520279,False
2925884c5,BRD-A89175223-051-14-8,bisoprolol,adrenergic receptor antagonist,0.258776604065502,0.24613695860863144,0.012639645456870574,False
292ab2c28,BRD-K12184916-001-15-4,NVP-BEZ235,"mTOR inhibitor, PI3K inhibitor",0.4822270064324701,0.43778293330330204,0.04444407312916804,False
29324bd6e,BRD-K99048103-001-18-4,acetarsol,,0.32559765000344987,0.291717266090324,0.03388038391312587,False
293ee6a10,BRD-A61154809-001-15-9,gliclazide,"ATP channel blocker, insulin secretagogue",0.2947854441672889,0.2736497119614599,0.02113573220582904,False
295cdb2c7,BRD-K87112191-001-04-5,PP242,mTOR inhibitor,0.36699345118238996,0.34808376055838336,0.018909690624006603,False
295f13239,BRD-A98378129-001-02-2,talniflumate,cyclooxygenase inhibitor,0.3877089944720141,0.3679785966414236,0.019730397830590496,False
2964edfc8,BRD-K68567222-001-01-2,BVT-948,tyrosine phosphatase inhibitor,0.2847020425255394,0.28335619337813023,0.0013458491474091505,False
296728e36,BRD-K94239562-001-05-5,paeonol,anti-inflammatory agent,0.3749842673208164,0.3434629558180152,0.031521311502801186,False
297219c32,BRD-K07106112-003-03-8,BMS-599626,"EGFR inhibitor, protein tyrosine kinase inhibitor",0.5489877680524844,0.5415271683612668,0.007460599691217595,True
299460cf3,BRD-K31812033-003-11-0,levobunolol,adrenergic receptor antagonist,0.3973792413085495,0.3113012116499405,0.086078029658609,False
2997f7207,BRD-K56115039-003-02-1,BU226,imidazoline receptor ligand,0.3060984979421385,0.2859574492206355,0.02014104872150302,False
29992b374,BRD-K06221026-001-06-8,DUP-697,cyclooxygenase inhibitor,0.35839333092449543,0.3277515664707553,0.030641764453740117,False
29a240dd6,BRD-K32681104-001-11-6,2-aminobenzenesulfonamide,carbonic anhydrase inhibitor,0.28989073352851696,0.26686738145286104,0.023023352075655923,False
29acd3bb8,BRD-K71467466-001-02-3,KPT-185,exportin antagonist,0.41870247980775,0.39023660292253454,0.028465876885215458,False
29b48a8b7,BRD-A34358106-003-01-6,sarpogrelate,serotonin receptor antagonist,0.3517218873147758,0.31306050017607634,0.03866138713869949,False
29c8a163f,BRD-K51751936-001-09-1,alfadolone-acetate,benzodiazepine receptor agonist,0.35055807704667985,0.29161988129104777,0.05893819575563208,False
29d24570f,BRD-K30649484-003-13-7,mafenide,carbonic anhydrase inhibitor,0.3257965797043693,0.28613934287503645,0.039657236829332865,False
29d8e882c,BRD-K08231299-001-08-1,propoxur,,0.35600258713546196,0.30975406474859857,0.04624852238686339,False
29ea347ea,BRD-K42221274-003-07-7,NNC-711,GABA uptake inhibitor,0.2833412209110857,0.2510534506467558,0.032287770264329885,False
2a05f33a8,BRD-A70407468-001-02-0,PSB-36,adenosine receptor antagonist,0.37166089706427197,0.337016404934995,0.03464449212927695,False
2a0d9f269,BRD-K11244467-001-08-5,ambazone,DNA damage inducer,0.3683401666754492,0.33508961470232557,0.033250551973123654,False
2a1e5e511,BRD-K70327191-001-02-2,benzoxiquine,antiinfective drug,0.299924778088311,0.28280768221568586,0.01711709587262511,False
2a2b12fd6,BRD-K91601245-001-12-0,mercaptopurine,"immunosuppressant, protein synthesis inhibitor, purine antagonist",0.3917693513425018,0.3650776882124521,0.02669166313004967,False
2a3172400,BRD-A11815689-001-01-1,proscillaridin-a,,0.3891070556782994,0.3733157090093732,0.015791346668926176,False
2a32e12d9,BRD-A47364545-003-02-6,SK&F-10047-(+),sigma receptor agonist,0.33839532225259916,0.33584705067801535,0.002548271574583816,False
2a4c67eba,BRD-K35559145-050-08-5,levomepromazine,dopamine receptor antagonist,0.3031449845901002,0.2713983812567521,0.03174660333334811,False
2a5a539a0,BRD-K96714749-001-01-0,isobutamben,local anesthetic,0.3123711194028172,0.28837292122538694,0.023998198177430263,False
2a61705dd,BRD-K19939891-001-05-4,TIC10,"AKT inhibitor, TRAIL modulator",0.38799197964648663,0.32164917786598946,0.06634280178049717,False
2a74be16e,BRD-A15909516-001-06-6,rebamipide,free radical scavenger,0.3454316282736421,0.2918136430161522,0.0536179852574899,False
2a89a4876,BRD-A70514680-003-11-2,articaine,local anesthetic,0.33911219051021185,0.31528347325606537,0.02382871725414648,False
2a8f1a1e6,BRD-A84907376-300-03-8,alcuronium,muscle relaxant,0.323371015325069,0.2803066387370745,0.0430643765879945,False
2a9b80445,BRD-K48722833-001-07-6,iloperidone,"dopamine receptor antagonist, serotonin receptor antagonist",0.3414581717573776,0.3024650296813971,0.03899314207598048,False
2ab816414,BRD-K62456038-003-07-1,PD-128907,dopamine receptor agonist,0.35101349976700746,0.3315244649587737,0.019489034808233774,False
2abc6c21e,BRD-K58049875-001-04-7,thiostrepton,"FOXM1 inhibitor, protein synthesis inhibitor",0.5710532569824954,0.42056521943497877,0.15048803754751666,True
2ad36b16a,BRD-K04568635-300-01-4,octenidine,membrane integrity inhibitor,0.48490476012316447,0.47547888939608496,0.00942587072707951,False
2ad4f79fd,BRD-K44876623-001-03-7,zolpidem,benzodiazepine receptor agonist,0.36604476436669375,0.3365798529902784,0.029464911376415326,False
2aeb62161,BRD-K59875992-001-01-8,FPL-62064,"cyclooxygenase inhibitor, lipoxygenase inhibitor",0.29793454384014784,0.29257368265434064,0.0053608611858071975,False
2af8f4fe9,BRD-K22024824-001-03-7,RG4733,gamma secretase inhibitor,0.37050176804146606,0.3594367336465671,0.011065034394898976,False
2b06f0b4b,BRD-K16542329-001-13-5,zaprinast,phosphodiesterase inhibitor,0.37277481937290546,0.33082079198286135,0.04195402739004411,False
2b52b677a,BRD-K25649279-001-02-0,2-iodomelatonin,melatonin receptor agonist,0.33767151062961304,0.312419765154586,0.02525174547502701,False
2b5b14f75,BRD-K26801045-001-02-9,pipamperone,dopamine receptor antagonist,0.40083835341999624,0.35833202899842953,0.04250632442156671,False
2b630dd70,BRD-K33583600-001-16-1,isoliquiritigenin,guanylate cyclase activator,0.38313818187782644,0.3594267715539239,0.02371141032390256,False
2ba00bf6e,BRD-A39791822-001-05-1,hydroxyprogesterone,progesterone receptor agonist,0.3800459217329383,0.34494213246827066,0.03510378926466762,False
2ba48ebb1,BRD-K13756951-001-01-4,bitopertin,"glycine transporter inhibitor, GlyT-1 inhibitor",0.5410132660516804,0.5375724001570645,0.0034408658946158965,True
2bad1b4f2,BRD-A34205397-001-04-5,suloctidil,adrenergic receptor antagonist,0.36828078635391337,0.3430359105524773,0.025244875801436084,False
2bb3d948c,BRD-K99604664-001-01-1,tanaproget,progesterone receptor agonist,0.45910322769863726,0.4297873878737441,0.029315839824893164,False
2bb4818ff,BRD-A92933783-050-01-6,SM-21,sigma receptor antagonist,0.3148410617291941,0.29797013596502775,0.016870925764166378,False
2bcb41367,BRD-K82746043-001-15-1,navitoclax,BCL inhibitor,0.3412012785436473,0.33887164316476887,0.002329635378878425,False
2bfc1246c,BRD-K45503887-001-01-1,delivert,angiotensin receptor agonist,0.30980161474630163,0.2882457855190532,0.021555829227248413,False
2c0916417,BRD-K06181161-048-15-1,carbetapentane,acetylcholine receptor antagonist,0.3627507939228238,0.2806795022246412,0.08207129169818256,False
2c1d6bb96,BRD-K28029915-001-02-2,dolasetron,serotonin receptor antagonist,0.3541575204711589,0.336236960445078,0.01792056002608089,False
2c37f433d,BRD-K64800655-001-07-4,PHA-793887,CDK inhibitor,0.6377043783850445,0.5246272067689808,0.11307717161606368,True
2c472d326,BRD-K97472745-001-01-8,gestrinone,progesterone receptor antagonist,0.35083804332108487,0.34824839426863535,0.0025896490524495164,False
2c6576d4b,BRD-K06749501-001-02-1,GSK1838705A,insulin growth factor receptor inhibitor,0.43877575942979413,0.43259615452569283,0.006179604904101299,False
2c804aab1,BRD-K28442028-001-01-3,R-1479,HCV inhibitor,0.34977886025475075,0.32876523670549057,0.021013623549260174,False
2c89382cc,BRD-A10662413-043-11-2,prenylamine,calcium channel blocker,0.31276871540114204,0.2911574296632951,0.02161128573784693,False
2ca61bb0d,BRD-A92439610-001-05-7,triamcinolone-acetonide,"glucocorticoid receptor agonist, immunosuppressant",0.49683645234866586,0.46638530946612955,0.03045114288253631,False
2cc6e68ef,BRD-K73440166-001-01-3,cinaciguat,guanylate cyclase activator,0.3980541338601231,0.35386367717539885,0.044190456684724266,False
2cd098f33,BRD-K42898655-001-01-8,temsirolimus,mTOR inhibitor,0.3222108105396119,0.2675593982301829,0.05465141230942905,False
2cedeae41,BRD-K91370081-001-25-1,anisomycin,DNA synthesis inhibitor,0.46379646046329315,0.45975657739550796,0.004039883067785188,False
2cfa96d20,BRD-K35960502-001-20-0,niclosamide,"DNA replication inhibitor, STAT inhibitor",0.4082654193640229,0.3852002104893332,0.023065208874689713,False
2d3cb8f30,BRD-K56735750-001-06-8,carbadox,other antibiotic,0.3529976097031372,0.3355200835364504,0.017477526166686796,False
2d753cbed,BRD-K56543881-001-02-7,ADX-47273,glutamate receptor modulator,0.36486020590773555,0.33948856846251063,0.025371637445224915,False
2d7d9fe81,BRD-K93806173-003-01-8,N-MPPP,opioid receptor agonist,0.304732828337841,0.3008533446311834,0.0038794837066575827,False
2d8e2eb5a,BRD-K33082088-001-03-3,retapamulin,protein synthesis inhibitor,0.3225839863282765,0.2932696126756816,0.029314373652594927,False
2d93ebf27,BRD-K44009692-001-02-3,hyodeoxycholic-acid,atherosclerosis formation inhibitor,0.3770311684821528,0.3286752712555893,0.04835589722656347,False
2da3b7269,BRD-K66404838-310-01-1,nalbuphine,"opioid receptor agonist, opioid receptor antagonist",0.35733246920222195,0.347429544635518,0.009902924566703941,False
2daa68a56,BRD-K25279140-001-01-5,MK-8745,Aurora kinase inhibitor,0.6223703920742157,0.6005912841752179,0.02177910789899784,True
2dc66ae1f,BRD-K23952234-236-01-8,BMS-986020,lysophosphatidic acid receptor antagonist,0.3596744265560332,0.35385058483647014,0.005823841719563072,False
2de92054c,BRD-K75911534-001-01-6,SU014813,"PDGFR tyrosine kinase receptor inhibitor, VEGFR inhibitor",0.4178023488345253,0.4000622179210386,0.017740130913486696,False
2e1874900,BRD-K18135438-001-16-7,chenodeoxycholic-acid,"11-beta hydroxysteroid dehydrogenase inhibitor, FXR agonist",0.3390310634419679,0.3311080421067124,0.007923021335255465,False
2e23247f7,BRD-K53737926-003-27-8,amitriptyline,"norepinephrine inhibitor, norepinephrine reuptake inhibitor, serotonin receptor antagonist, serotonin-norepinephrine reuptake inhibitor (SNRI)",0.4181883475288824,0.3971192943411566,0.021069053187725784,False
2e25f2ddb,BRD-A20644369-001-08-6,canrenone,mineralocorticoid receptor antagonist,0.3616877775288779,0.33441889883743714,0.027268878691440734,False
2e26b4605,BRD-K47780086-001-07-9,penciclovir,DNA directed DNA polymerase inhibitor,0.37263232996116136,0.33915806427570727,0.033474265685454085,False
2e28d6c72,BRD-K32247306-001-29-4,primidone,GABA receptor antagonist,0.3242037539566994,0.3202616014324845,0.003942152524214926,False
2e4d2bec4,BRD-A06935312-001-04-3,fusidic-acid,bacterial 30S ribosomal subunit inhibitor,0.3634867497521701,0.32672664282533803,0.03676010692683207,False
2e72e42ba,BRD-A97437073-050-14-5,rosiglitazone,"insulin sensitizer, PPAR receptor agonist",0.32878018908803036,0.32508222322697916,0.0036979658610512,False
2e857e043,BRD-K29950728-048-17-4,clomifene,estrogen receptor antagonist,0.40359617542297044,0.39149973684050365,0.012096438582466784,False
2eb7fc8f3,BRD-K74763371-002-04-0,bosentan,endothelin receptor antagonist,0.35334347408353983,0.3025896217931904,0.050753852290349455,False
2f0baab62,BRD-K26548821-003-10-5,quinpirol-(-),dopamine receptor agonist,0.3845910517591112,0.3481826372847951,0.036408414474316086,False
2f117323c,BRD-K56543881-001-02-7,ADX-47273,glutamate receptor modulator,0.35172001937512687,0.31797465816413256,0.03374536121099431,False
2f1db8c6c,BRD-A11070335-236-02-1,carbazochrome,,0.40888674005872583,0.3063612745354819,0.10252546552324393,False
2f2e37eda,BRD-K27217864-001-22-3,butamben,sodium channel blocker,0.36868995996082815,0.3217680691264965,0.046921890834331625,False
2f5b9b3bd,BRD-A24191444-046-02-1,ifenprodil,"adrenergic receptor antagonist, glutamate receptor antagonist",0.3104934976121549,0.2882733179326101,0.022220179679544816,False
2f7e95bd8,BRD-K52397688-003-06-4,amperozide,dopamine receptor antagonist,0.33472173023823565,0.3204294833106879,0.01429224692754777,False
2f9b22ec4,BRD-K11742128-003-23-4,triprolidine,histamine receptor antagonist,0.3204607361632444,0.2963118045672813,0.024148931595963097,False
2fb591d53,BRD-K59036917-001-16-7,ML161,protease-activated receptor inhibitor,0.39044883492134386,0.35781471353962396,0.032634121381719894,False
2fc2852b3,BRD-K56483981-342-06-4,chicago-sky-blue-6b,"glutamate inhibitor, macrophage migration inhibiting factor inhibitor",0.38517811443925976,0.37018725661490814,0.014990857824351611,False
2fcb45e51,BRD-A13084692-001-17-3,troglitazone,"insulin sensitizer, PPAR receptor agonist",0.37619421147412563,0.3084551510016532,0.06773906047247241,False
2fe75eb73,BRD-K73383190-001-03-1,C646,histone acetyltransferase inhibitor,0.3479635973049615,0.3241460542067608,0.023817543098200722,False
2ff2b2628,BRD-A94008949-001-01-9,telithromycin,"bacterial 30S ribosomal subunit inhibitor, bacterial 50S ribosomal subunit inhibitor",0.3510234606247829,0.3372368500846372,0.013786610540145683,False
304da17c7,BRD-A01787639-003-16-9,naftopidil,adrenergic receptor antagonist,0.46563921364512806,0.4509217173739809,0.014717496271147157,False
30a579ab6,BRD-K45542189-048-22-1,diethylcarbamazine,lipoxygenase inhibitor,0.3513663446332495,0.33952995073626663,0.011836393896982877,False
30aa2f709,BRD-K36927236-001-32-6,glyburide,"ATP channel blocker, insulin secretagogue, sulfonylurea",0.3735697670778433,0.34904399992062657,0.024525767157216716,False
30ac46c44,BRD-A20644369-001-08-6,canrenone,mineralocorticoid receptor antagonist,0.3567763290777677,0.327481028872174,0.029295300205593677,False
30b818c2a,BRD-K90382497-001-10-7,GW-843682X,PLK inhibitor,0.47524532783273704,0.45554583879764543,0.01969948903509161,False
30bcad061,BRD-K43002771-034-01-6,SR-33805,calcium channel blocker,0.3116076643884631,0.27772499351673735,0.03388267087172575,False
30c35b555,BRD-K99170882-001-04-3,NSC-319726,p53 activator,0.5010462737252015,0.49516679252802054,0.005879481197180958,True
30cee35f0,BRD-A15909516-001-06-6,rebamipide,free radical scavenger,0.39282735318002576,0.3279852795786868,0.06484207360133898,False
30ebb536b,BRD-K21160401-065-01-0,dextroamphetamine,monoamine oxidase inhibitor,0.41434711943098296,0.38035365338061944,0.03399346605036352,False
30ec6afbc,BRD-K48892307-001-04-1,sasapyrine,NFkB pathway inhibitor,0.3266193718648718,0.3046952596700753,0.021924112194796452,False
313383238,BRD-K26531771-001-01-4,EPZ-5676,histone lysine methyltransferase inhibitor,0.3574473531864404,0.31916304673146895,0.03828430645497144,False
31610ede9,BRD-K77554836-001-14-0,triamcinolone,glucocorticoid receptor agonist,0.4475000499455345,0.4317664255042123,0.015733624441322203,False
317026f45,BRD-K31841515-001-07-8,oxypurinol,xanthine oxidase inhibitor,0.3343212242496484,0.2613844911524043,0.07293673309724408,False
3188e1df7,BRD-A73908300-001-06-7,EX-527,SIRT inhibitor,0.41855781812072235,0.38905815733437055,0.0294996607863518,False
3192fe966,BRD-K04923131-001-15-4,GSK-3-inhibitor-IX,"glycogen synthase kinase inhibitor, lipoxygenase inhibitor",0.5383427200984401,0.4026578582281032,0.1356848618703369,True
31a40e7dd,BRD-K68395654-001-03-1,EVP4593,NFkB pathway inhibitor,0.5010007044873631,0.4322663524576603,0.0687343520297028,True
31addf194,BRD-K60036103-003-01-6,L-NIL,nitric oxide synthase inhibitor,0.3184077614358904,0.3051003197444499,0.013307441691440491,False
31cdc0d4a,BRD-K45909031-001-01-5,WZ4003,AMPK inhibitor,0.4121652283029956,0.3441891643558062,0.06797606394718941,False
31d1b5808,BRD-K51313569-003-03-3,palbociclib,CDK inhibitor,0.3904007452242948,0.34926560056343686,0.041135144660857936,False
31d5cf076,BRD-K01950558-001-14-7,succinylsulfathiazole,dihydrofolate reductase inhibitor,0.3386974848934806,0.31639264816748125,0.022304836725999366,False
3217b13d3,BRD-K23248433-001-01-8,camicinal,motilin receptor agonist,0.3061833135844291,0.30153538861504353,0.004647924969385542,False
3226ca64a,BRD-K58819470-001-05-9,2-thiouracil,,0.4014118132769486,0.32166121018658606,0.07975060309036253,False
3228230d1,BRD-K12184916-001-15-4,NVP-BEZ235,"mTOR inhibitor, PI3K inhibitor",0.5288022128121562,0.5012923727053946,0.027509840106761607,True
32585ca0c,BRD-A95340155-001-09-7,methyclothiazide,chloride reabsorption inhibitor,0.37251414294338353,0.35034615940575986,0.02216798353762367,False
32602eac2,BRD-K84683831-001-01-0,radezolid,"bacterial 30S ribosomal subunit inhibitor, bacterial 50S ribosomal subunit inhibitor",0.33474707526609504,0.3137271557365944,0.021019919529500664,False
3261b4495,BRD-K69247067-001-01-8,afloqualone,acetylcholine receptor antagonist,0.35489138594428526,0.29665943779958454,0.05823194814470073,False
3264f3b74,BRD-A97701745-001-16-0,pindolol,adrenergic receptor antagonist,0.42493330354648723,0.4159336276811245,0.00899967586536271,False
32667f5be,BRD-K16195444-003-26-0,oxymetazoline,adrenergic receptor agonist,0.3123602189578991,0.30016176222859847,0.012198456729300644,False
3276db5ea,BRD-K96104201-001-01-5,azalomycin-b,bacterial 50S ribosomal subunit inhibitor,0.3953821390115684,0.38721383235491325,0.008168306656655133,False
329ac3519,BRD-K20995441-001-02-5,U-54494A,opioid receptor agonist,0.2993090702691895,0.2750817209096995,0.024227349359490002,False
32bad50f4,BRD-K71125014-001-27-1,sulphadimethoxine,dihydropteroate synthetase inhibitor,0.38131292839092756,0.3294596009475525,0.051853327443375063,False
32bd4cc74,BRD-K97464279-001-03-5,diaveridine,dihydrofolate reductase inhibitor,0.3926083721195659,0.3835471920690702,0.00906118005049572,False
32cdd43d4,BRD-K19601669-001-03-5,ruxolitinib-(S),JAK inhibitor,0.48620609788487906,0.46861472341146754,0.017591374473411525,False
32dccc366,BRD-K88186167-001-04-8,GW-4064,FXR agonist,0.31185766423417216,0.24543054851764648,0.06642711571652568,False
33036fe9b,BRD-K59390331-045-01-5,tarafenacin,acetylcholine receptor antagonist,0.3355375091115729,0.27832732376302755,0.05721018534854533,False
330a907e0,BRD-K24723746-036-02-5,solifenacin-succinate,acetylcholine receptor antagonist,0.3337208582921086,0.3298148179119405,0.0039060403801681187,False
336d3cb9c,BRD-K05907307-001-07-1,nonivamide,TRPV agonist,0.36328808824520314,0.3324508230591607,0.030837265186042462,False
33c90bb0b,BRD-K42348709-003-13-1,cyclobenzaprine,"adrenergic receptor agonist, serotonin receptor agonist",0.3179758162153981,0.277923049518582,0.04005276669681612,False
33ea7c31c,BRD-K51937257-001-01-4,bilastine,histamine receptor antagonist,0.43950585975624235,0.3334614525453869,0.10604440721085545,False
342063ca2,BRD-K41260949-236-16-8,valproic-acid,HDAC inhibitor,0.33719204694087335,0.32287786170761895,0.014314185233254395,False
34337af21,BRD-K68408467-065-01-8,proflavine-hemisulfate,topical anesthetic,0.4604589646904632,0.41028993855726764,0.05016902613319557,False
345eb6a69,BRD-K30652337-004-02-1,eletriptan,serotonin receptor agonist,0.333335045904769,0.29051612746575906,0.04281891843900992,False
346c01544,BRD-K70487031-001-02-8,flupentixol,dopamine receptor antagonist,0.3831994893240759,0.33862902215540097,0.04457046716867491,False
348b00535,BRD-K17743697-066-03-6,KB-R7943,sodium/calcium exchange inhibitor,0.3360648281742805,0.29118888592309977,0.044875942251180745,False
34a1356e1,BRD-K84564571-001-02-4,telatinib,"KIT inhibitor, PDGFR tyrosine kinase receptor inhibitor, VEGFR inhibitor",0.4796117597541475,0.465435309701341,0.014176450052806489,False
34b7b10a7,BRD-K21160401-065-01-0,dextroamphetamine,monoamine oxidase inhibitor,0.31141767158103006,0.24967095610374296,0.061746715477287106,False
34b9bb21b,BRD-K97884852-001-05-4,malotilate,protein synthesis stimulant,0.4391658973147199,0.42519158143745145,0.01397431587726844,False
34bccc9b2,BRD-K88646909-004-16-2,arecoline,acetylcholine receptor agonist,0.3108411621334079,0.2876956423859781,0.023145519747429788,False
34cb34a74,BRD-K15025317-001-15-1,BAY-11-7082,NFkB pathway inhibitor,0.37995184108335767,0.34201026853903355,0.03794157254432412,False
34e85fe9d,BRD-A30984645-001-01-5,GDC-0834,Bruton's tyrosine kinase (BTK) inhibitor,0.3036865213096175,0.2768500427286481,0.02683647858096938,False
34f1b60c1,BRD-K14920963-304-02-7,erythrosine,coloring agent,0.37644958778386123,0.31200046250725105,0.06444912527661018,False
35238271c,BRD-K61195623-001-01-4,combretastatin-A-4,tubulin polymerization inhibitor,0.49322153998068563,0.46917613235518263,0.024045407625503,False
352f26962,BRD-K40718343-001-02-6,AEE788,"EGFR inhibitor, VEGFR inhibitor",0.6257151971188825,0.6187382176964734,0.0069769794224090464,True
35519ef6d,BRD-K51911221-001-01-2,nemorubicin,topoisomerase inhibitor,0.3389336274140597,0.3256678016612608,0.013265825752798888,False
355e0b5ca,BRD-K35329391-334-01-7,GZD824,Bcr-Abl kinase inhibitor,0.4623184122484016,0.41293503119931013,0.04938338104909146,False
3575db700,BRD-A49906757-004-09-8,scopolamine-n-oxide,acetylcholine receptor antagonist,0.389253733738923,0.2643818329744035,0.12487190076451954,False
357bf33db,BRD-K36270037-001-01-7,esculin,antioxidant,0.3977753068017527,0.3746487789228897,0.02312652787886299,False
3581254ef,BRD-K43383936-001-05-2,flopropione,serotonin receptor antagonist,0.3077033641705739,0.3067975768831089,0.000905787287465043,False
358558161,BRD-K05464208-001-05-7,JX-401,p38 MAPK inhibitor,0.3747705290468521,0.3501189919581354,0.024651537088716702,False
35bd6a5cb,BRD-K36467523-001-02-8,bindarit,NFkB pathway inhibitor,0.32588974710514723,0.2770129047208932,0.04887684238425405,False
35da23e37,BRD-K77908580-001-09-6,entinostat,HDAC inhibitor,0.486341269341261,0.40236166492535225,0.08397960441590874,False
35deba05e,BRD-K97963946-001-01-3,EMD-1214063,hepatocyte growth factor receptor inhibitor,0.4081604661704246,0.4031424121419897,0.005018054028434915,False
35e552246,BRD-K67789209-001-01-0,adatanserin,"serotonin receptor agonist, serotonin receptor antagonist",0.2910531957254562,0.27073158887556287,0.020321606849893314,False
35f6999a2,BRD-K71281111-001-04-3,SNX-2112,HSP inhibitor,0.4330752469351066,0.3680585846710075,0.06501666226409908,False
3610da8fc,BRD-K58736316-001-09-5,cianidanol,fatty acid synthase inhibitor,0.3224648437772491,0.30068859299284545,0.02177625078440365,False
3628040f9,BRD-A66419424-001-02-4,ixazomib-citrate,proteasome inhibitor,0.38115415501872124,0.37604395418024866,0.005110200838472578,False
36483057c,BRD-K00662280-001-09-4,CL-218872,benzodiazepine receptor agonist,0.36759471767935786,0.33938531555395735,0.028209402125400518,False
366bf0132,BRD-K95785345-300-14-8,thiamine,vitamin B,0.31978424009190054,0.30107449602547687,0.018709744066423672,False
366cfd589,BRD-K70463136-001-01-5,BAY-87-2243,hypoxia inducible factor inhibitor,0.4415832689046039,0.352919465248047,0.0886638036565569,False
36777ec87,BRD-K66538826-001-07-2,amuvatinib,"FLT3 inhibitor, KIT inhibitor, PDGFR tyrosine kinase receptor inhibitor, RAD51 inhibitor, RET tyrosine kinase inhibitor",0.413599258236544,0.32938427265898435,0.08421498557755963,False
367b43280,BRD-K01614093-001-02-6,dihydromyricetin,,0.3572705954444021,0.31448122860460004,0.04278936683980206,False
3685da8e0,BRD-K72951360-001-01-4,valrubicin,"DNA inhibitor, topoisomerase inhibitor",0.3019965086243149,0.29711983016724286,0.0048766784570720145,False
36ab4aaf7,BRD-K31866293-001-01-6,TAK-632,RAF inhibitor,0.620818321425857,0.47585362252122393,0.1449646989046331,True
36b7f5ba2,BRD-K63001556-001-08-8,orbifloxacin,bacterial DNA gyrase inhibitor,0.3707752651469825,0.33712954297270076,0.033645722174281745,False
36dc71f82,BRD-K08542803-001-03-1,gambogic-acid,caspase activator,0.4308833606312692,0.4158786929076254,0.015004667723643783,False
36e63978b,BRD-A08079565-001-01-8,CDBA,,0.3574829415911975,0.3113013428416019,0.0461815987495956,False
3702115d8,BRD-K31866293-001-01-6,TAK-632,RAF inhibitor,0.34702667166624257,0.2854895491685593,0.06153712249768328,False
3703fbf34,BRD-K15164005-001-05-6,apoptosis-activator-II,carboxylesterase inhibitor,0.35380259793323443,0.33556993111551925,0.018232666817715182,False
3710f60fa,BRD-K46914825-300-01-0,zimelidine,selective serotonin reuptake inhibitor (SSRI),0.382757033563139,0.35679587930543655,0.025961154257702457,False
3724bf970,BRD-K49328571-001-15-0,dasatinib,"Bcr-Abl kinase inhibitor, ephrin inhibitor, KIT inhibitor, PDGFR tyrosine kinase receptor inhibitor, src inhibitor, tyrosine kinase inhibitor",0.5796316948721862,0.5478551190582406,0.03177657581394566,True
376c56233,BRD-K95053546-001-01-9,tempol,free radical scavenger,0.5529711091114209,0.4191617214877169,0.13380938762370398,True
379302187,BRD-A64064900-001-02-3,sangivamycin,DNA inhibitor,0.4609958468009123,0.4248201479388985,0.03617569886201383,False
37a8319f4,BRD-K66353228-001-14-6,zoxazolamine,myorelaxant,0.3533308265770604,0.3116336906031743,0.04169713597388608,False
37b33b4d6,BRD-K79753741-001-01-7,UBP-302,glutamate receptor antagonist,0.36466195551370445,0.31001314689391424,0.05464880861979021,False
37c682cd5,BRD-K35007173-001-07-5,enprofylline,phosphodiesterase inhibitor,0.429667669113348,0.3926136579964694,0.037054011116878616,False
37cbba316,BRD-K68938568-001-01-7,GDC-0152,XIAP inhibitor,0.7709989772807421,0.4026113359068058,0.36838764137393626,True
37eedc0ba,BRD-K78177893-001-02-4,A-674563,AKT inhibitor,0.4592631799127262,0.41195116282823757,0.04731201708448862,False
37fe7c5c1,BRD-K23566484-001-15-1,nilutamide,androgen receptor antagonist,0.29917295273031186,0.2897816451048855,0.009391307625426337,False
3803f83df,BRD-K53397409-001-12-3,benzoic-acid,food preservative,0.4130763445828356,0.3466742691013823,0.06640207548145327,False
381510611,BRD-K94239562-001-05-5,paeonol,anti-inflammatory agent,0.38723738648559936,0.37410585708779437,0.013131529397804986,False
3820146d1,BRD-K26838195-075-04-9,AST-1306,EGFR inhibitor,0.3718864906107012,0.33957947202932476,0.03230701858137647,False
3851faee1,BRD-K96104201-001-01-5,azalomycin-b,bacterial 50S ribosomal subunit inhibitor,0.3317116453176416,0.3298684177219557,0.0018432275956858923,False
3854c48c5,BRD-K64800655-001-07-4,PHA-793887,CDK inhibitor,0.61860993625809,0.5317242731751863,0.08688566308290369,True
3859c44f3,BRD-K23248433-001-01-8,camicinal,motilin receptor agonist,0.3822589805996474,0.3791129751798446,0.003146005419802811,False
3861e02b7,BRD-A34751532-001-06-9,homosalate,HSP inducer,0.4214013879888388,0.3314907805889942,0.08991060739984458,False
38839e72e,BRD-A95755460-001-01-3,talarozole,cytochrome P450 inhibitor,0.34170694110434463,0.27596697298581896,0.06573996811852567,False
3894818c6,BRD-K31553034-001-03-0,zibotentan,endothelin receptor antagonist,0.36810198593440585,0.3395839295179912,0.02851805641641464,False
38a70d0e1,BRD-K67277431-002-10-5,picotamide,"thromboxane receptor antagonist, thromboxane synthase inhibitor",0.30217049291125203,0.26408125612372063,0.0380892367875314,False
38ae82552,BRD-K62676709-065-05-5,guanethidine,adrenergic inhibitor,0.33548087051584,0.282524375811364,0.052956494704476,False
38b3fa4be,BRD-K41876534-001-13-7,tioxolone,carbonic anhydrase inhibitor,0.4592313379461832,0.31007115773124694,0.14916018021493627,False
38b46f034,BRD-K97472745-001-01-8,gestrinone,progesterone receptor antagonist,0.5545744835541173,0.5397533318638312,0.014821151690286083,True
38c318006,BRD-K96042922-001-09-8,etanidazole,bacterial cell wall synthesis inhibitor,0.3474950542009838,0.33612737660579356,0.011367677595190251,False
38c7052a2,BRD-A08079565-001-01-8,CDBA,,0.34817321130578055,0.29052681700430266,0.05764639430147789,False
38edb23a3,BRD-K66850609-001-07-4,voglibose,glucosidase inhibitor,0.3346434101371789,0.3338585908667368,0.0007848192704421053,False
3941eeadd,BRD-K30480208-001-18-5,torasemide,"electrolyte reabsorption inhibitor, thromboxane receptor antagonist",0.3227218443902921,0.3141720521372015,0.008549792253090605,False
394afe33e,BRD-A91008255-003-24-8,bepridil,calcium channel blocker,0.33625379074655676,0.3190850855341053,0.01716870521245145,False
394c2d495,BRD-K58049875-001-04-7,thiostrepton,"FOXM1 inhibitor, protein synthesis inhibitor",0.6423763900673836,0.5833025560562057,0.05907383401117783,True
39631cf46,BRD-K56343971-001-10-6,vemurafenib,RAF inhibitor,0.5629137224727583,0.5137326452773904,0.049181077195367906,True
399610c85,BRD-K94144010-001-13-9,cotinine,nicotine metabolite,0.43102957904774286,0.4061876880357335,0.024841891012009343,False
3997d81ed,BRD-K62200014-003-10-5,anagrelide,phosphodiesterase inhibitor,0.3520864330901401,0.27418734330172223,0.07789908978841786,False
399cbeb3e,BRD-K53153417-001-10-4,butylated-hydroxytoluene,carbonic anhydrase inhibitor,0.3524954406301076,0.2950913538024476,0.05740408682766002,False
39b5b0061,BRD-K73237276-001-01-0,tacalcitol,vitamin D receptor agonist,0.31321779211900813,0.30963308853909094,0.0035847035799171922,False
39bf78cd6,BRD-K42260897-001-09-2,ezetimibe,"cholesterol inhibitor, Niemann-Pick C1-like 1 protein antagonist",0.3867883294972856,0.3351996684772938,0.051588661019991766,False
39c89cdd4,BRD-A55962179-001-22-1,omeprazole,ATPase inhibitor,0.25537591784036157,0.2424185275302012,0.012957390310160355,False
39cc616d2,BRD-A83802939-304-04-2,dexamethasone-sodium-phosphate,glucocorticoid receptor agonist,0.42325998846489543,0.4100853611537311,0.01317462731116431,False
39da37e4d,BRD-K37249724-001-25-7,astemizole,histamine receptor antagonist,0.29439732422546616,0.2882292401609378,0.006168084064528345,False
39e755d09,BRD-K49119234-003-02-6,TMPH,,0.3721987150191184,0.3625862474639557,0.009612467555162707,False
3a02fdb9b,BRD-A22305049-003-13-6,benfluorex,gluconeogenesis inhibitor,0.3528347099521134,0.3501861348434365,0.002648575108676887,False
3a30e96c4,BRD-K50866992-003-10-3,tropisetron,serotonin receptor antagonist,0.33100051100604083,0.30556803205987215,0.02543247894616868,False
3a371596a,BRD-K69812556-305-02-0,WAY-100635,serotonin receptor antagonist,0.35877773513380495,0.35714491799845366,0.0016328171353512944,False
3a383db4a,BRD-U48018661-000-01-9,tyloxapol,NFkB pathway inhibitor,0.332518726009471,0.2867984317579064,0.0457202942515646,False
3a3f16d5b,BRD-K05804044-001-06-0,AZ-628,RAF inhibitor,0.5072593164704741,0.4813193444578134,0.025939972012660684,True
3a609039d,BRD-K77008974-001-03-2,WYE-354,mTOR inhibitor,0.37838839984802625,0.37676284299415225,0.0016255568538739995,False
3a8369e1d,BRD-K92723993-001-06-7,imatinib,"Bcr-Abl kinase inhibitor, KIT inhibitor, PDGFR tyrosine kinase receptor inhibitor",0.49323807567022193,0.42274220099506415,0.07049587467515778,False
3a904cbae,BRD-K93632104-001-17-2,salicylic-acid,cyclooxygenase inhibitor,0.3644035399671808,0.3583699424608625,0.006033597506318267,False
3a9e165e8,BRD-A07780951-001-08-9,metaproterenol,adrenergic receptor agonist,0.31926141730387664,0.30538808694193814,0.013873330361938496,False
3afc0fb95,BRD-K09757388-065-04-0,atazanavir,HIV protease inhibitor,0.34256703975438596,0.2740380161115864,0.06852902364279956,False
3b08c3dce,BRD-K73383190-001-03-1,C646,histone acetyltransferase inhibitor,0.38437561159175626,0.3644512020995442,0.01992440949221208,False
3b1b7319a,BRD-A42759514-001-20-5,ornidazole,antiprotozoal agent,0.356179909407686,0.34614599702289955,0.010033912384786459,False
3b2bdd584,BRD-K97163964-001-03-3,L-Aspartic-Acid,metallic radical formation stimulant,0.4438791879094402,0.36557375712394885,0.07830543078549135,False
3b37339aa,BRD-A49906757-004-09-8,scopolamine-n-oxide,acetylcholine receptor antagonist,0.3635989758014609,0.32846471283835343,0.035134262963107454,False
3b3ba1d13,BRD-K56751279-300-01-4,Y-39983,rho associated kinase inhibitor,0.37222615896767625,0.3204996296065605,0.05172652936111577,False
3b3c74070,BRD-K60997853-001-02-3,PHA-848125,"CDK inhibitor, growth factor receptor inhibitor",0.3512959491404179,0.33616582078765156,0.015130128352766337,False
3b55a4a69,BRD-A57900429-003-05-8,hydrastinine,haemostatic agent,0.34193604432903707,0.3132766473483852,0.028659396980651897,False
3b5a343a7,BRD-K23647661-001-02-2,volinanserin,serotonin receptor antagonist,0.4349373359307519,0.3801153461751145,0.0548219897556374,False
3bab16931,BRD-K86435560-001-01-0,perchlozone,,0.2493522875395466,0.2484375831318164,0.0009147044077301991,False
3bb4bf1e5,BRD-K56047318-001-06-3,RHC-80267,triacylglycerol lipase inhibitor,0.328952889295514,0.31803134238980085,0.01092154690571312,False
3bc819237,BRD-A20644369-001-08-6,canrenone,mineralocorticoid receptor antagonist,0.38495233538350354,0.3629806776458969,0.02197165773760662,False
3befd988e,BRD-K56543881-001-02-7,ADX-47273,glutamate receptor modulator,0.3332943031063308,0.31632347448689785,0.016970828619432943,False
3bfc87fbd,BRD-K68395654-001-03-1,EVP4593,NFkB pathway inhibitor,0.5848261028459668,0.5346706169150659,0.05015548593090091,True
3c0fc3e91,BRD-K83063356-003-02-5,RS-102895,CCR antagonist,0.3617154559153272,0.27662318808199465,0.08509226783333257,False
3c195fc5b,BRD-K61665160-001-01-5,BYK-204165,PARP inhibitor,0.4040178355664638,0.3198531790141043,0.0841646565523595,False
3c1f654ab,BRD-K90825648-001-02-0,RS-127445,serotonin receptor antagonist,0.32192613243611323,0.2962950306949304,0.025631101741182827,False
3c2e9dbd5,BRD-K53397409-001-12-3,benzoic-acid,food preservative,0.2926751230121644,0.2655170283492966,0.027158094662867838,False
3c325b529,BRD-K29415052-050-04-8,BGT226,PI3K inhibitor,0.3302262192230687,0.2941170157573539,0.036109203465714834,False
3c39c920a,BRD-A93236127-001-04-5,digitoxin,ATPase inhibitor,0.33680558067271216,0.33074443405166287,0.006061146621049285,False
3c4369618,BRD-K54395039-001-01-7,PR-619,DUB inhibitor,0.3584680409128363,0.3064558456014825,0.052012195311353815,False
3c4992a3d,BRD-A23603052-001-03-2,rifampin,RNA polymerase inhibitor,0.391163040099609,0.2978566311045039,0.09330640899510512,False
3c6a6673a,BRD-K12040459-001-06-0,AT7867,AKT inhibitor,0.3991570931757635,0.3149417669616429,0.08421532621412059,False
3c8c824ff,BRD-K06388322-312-02-6,pramipexole,dopamine receptor agonist,0.30438940402056197,0.2919869256054393,0.012402478415122653,False
3cbb7b22b,BRD-K64994968-001-32-5,progesterone,progesterone receptor agonist,0.36126982479666064,0.35115783155751296,0.010111993239147687,False
3cc579952,BRD-K63915849-001-03-7,AS-604850,PI3K inhibitor,0.3076089973906997,0.2923298767230562,0.015279120667643475,False
3cda750b5,BRD-A07440155-003-25-4,labetalol,adrenergic receptor antagonist,0.41699234249806927,0.4056440093969047,0.011348333101164565,False
3cdc48274,BRD-K28863208-001-02-0,PNU-282987,cholinergic receptor agonist,0.2968438415068648,0.29683465043124485,9.191075619974232e-06,False
3ce3a519e,BRD-K68395654-001-03-1,EVP4593,NFkB pathway inhibitor,0.47657900226181676,0.4453045576909312,0.03127444457088557,False
3cf403f44,BRD-K69247067-001-01-8,afloqualone,acetylcholine receptor antagonist,0.3602676477971088,0.33304466532413535,0.027222982472973445,False
3d08fafe8,BRD-K19477839-001-07-6,SGX523,hepatocyte growth factor receptor inhibitor,0.3818701540250239,0.3653464976313946,0.016523656393629294,False
3d0f74957,BRD-K77908580-001-09-6,entinostat,HDAC inhibitor,0.3930761093861999,0.3837056548309492,0.009370454555250707,False
3d4298d4a,BRD-K99241550-001-03-5,metrizoic-acid,radiopaque medium,0.32440256887994556,0.2606740249298934,0.06372854395005217,False
3d451870a,BRD-K92723993-001-06-7,imatinib,"Bcr-Abl kinase inhibitor, KIT inhibitor, PDGFR tyrosine kinase receptor inhibitor",0.5841785763830748,0.5035575790639384,0.08062099731913641,True
3d5464736,BRD-K28307902-001-21-7,flutamide,androgen receptor antagonist,0.3279160023783919,0.32537667177984286,0.00253933059854905,False
3d6cf8034,BRD-K82036761-003-20-3,sertraline,selective serotonin reuptake inhibitor (SSRI),0.33504431778219146,0.3309003669790501,0.004143950803141339,False
3d7235516,BRD-K67966701-001-11-6,lisinopril,angiotensin converting enzyme inhibitor,0.30333797818913083,0.3010026399348221,0.0023353382543087053,False
3d75ef235,BRD-K47832606-001-30-1,floxuridine,DNA synthesis inhibitor,0.4565212814762615,0.44078589244644695,0.015735389029814528,False
3daf3ab5b,BRD-K77251551-304-02-9,sodium-picosulfate,,0.38652185491898944,0.3312196963374764,0.05530215858151305,False
3db193b3b,BRD-A11776908-065-01-5,enilconazole,sterol demethylase inhibitor,0.3532239264378487,0.31740417510785873,0.03581975132998999,False
3dbaab6f8,BRD-K02867583-300-08-9,minaprine,serotonin reuptake inhibitor,0.35593118698401977,0.34341796046028417,0.012513226523735599,False
3df6fc891,BRD-K90333595-003-21-4,phentolamine,adrenergic receptor antagonist,0.3449975125577222,0.3067482205715815,0.03824929198614069,False
3e0223fe5,BRD-K19136521-001-08-9,indirubin-3-monoxime,"CDK inhibitor, glycogen synthase kinase inhibitor",0.33627753182244874,0.32670041272526534,0.009577119097183395,False
3e163d571,BRD-A65440446-001-04-1,cimaterol,adrenergic receptor agonist,0.39654447843553253,0.34793431838926697,0.04861016004626556,False
3e1d18e1d,BRD-K49075727-001-08-5,nintedanib,"FGFR inhibitor, PDGFR tyrosine kinase receptor inhibitor, VEGFR inhibitor",0.5779002102694678,0.5654150904908567,0.012485119778611109,True
3e2f492de,BRD-K79759585-048-04-8,sildenafil,phosphodiesterase inhibitor,0.36158946923847984,0.331053020977371,0.03053644826110885,False
3e59ffa07,BRD-A78588743-001-03-4,editol,,0.3834536365783396,0.27087022963202295,0.11258340694631663,False
3e5ede2f6,BRD-K47554101-001-01-2,eperezolid,bacterial 30S ribosomal subunit inhibitor,0.3587334624390008,0.3487314670203755,0.010001995418625287,False
3e677daea,BRD-K90524085-001-07-8,MY-5445,"phosphodiesterase inhibitor, platelet aggregation inhibitor",0.3670433717812091,0.35027952825930364,0.016763843521905464,False
3e6b4e4cb,BRD-K82027074-001-07-5,2-hydroxyflutamide,androgen receptor antagonist,0.4345826886331733,0.3138257714227126,0.12075691721046067,False
3e6baa5f6,BRD-A78195072-001-06-2,imexon,"apoptosis stimulant, ribonucleotide reductase inhibitor",0.4088231320212566,0.32249827829987815,0.08632485372137844,False
3e7f719a5,BRD-K09443272-001-03-3,PHA-680632,Aurora kinase inhibitor,0.37430633991706785,0.313585908974215,0.06072043094285284,False
3e99aea6b,BRD-K18036262-001-02-8,L-168049,glucagon receptor antagonist,0.31858764823229047,0.23236275882139046,0.08622488941090001,False
3e9fc2514,BRD-A56675431-001-12-3,althiazide,diuretic,0.3109429364959803,0.28832666435020804,0.022616272145772276,False
3ea303373,BRD-A62021152-003-03-4,WAY-161503,serotonin receptor agonist,0.31778454818786067,0.2820270653670428,0.035757482820817865,False
3ec1add16,BRD-A99888680-001-04-6,paliperidone,"dopamine receptor antagonist, serotonin receptor antagonist",0.36957507405802853,0.3233739114413893,0.04620116261663926,False
3ed7ea58f,BRD-K17743125-001-08-4,belinostat,HDAC inhibitor,0.34161045099587845,0.30884814321801957,0.03276230777785888,False
3ee3c4f73,BRD-A41304429-001-14-8,practolol,adrenergic receptor antagonist,0.31916282010127917,0.2992929092276413,0.019869910873637875,False
3f0bd259a,BRD-K15868788-003-07-7,SDZ-205-557,serotonin receptor antagonist,0.3457342838848527,0.33037312532902313,0.01536115855582959,False
3f262a342,BRD-A92537424-001-04-7,danazol,"estrogen receptor antagonist, progesterone receptor agonist",0.3481434917766822,0.330867462281129,0.01727602949555318,False
3f2f378cf,BRD-K08837089-236-01-6,actinoquinol,,0.3866299623988102,0.3121550348998627,0.07447492749894752,False
3f374d199,BRD-A51571244-001-01-9,hypoestoxide,IKK inhibitor,0.3155963793285079,0.291261409405567,0.02433496992294093,False
3f3f003bc,BRD-K67789209-001-01-0,adatanserin,"serotonin receptor agonist, serotonin receptor antagonist",0.34463489534675495,0.3445067227907692,0.0001281725559857394,False
3f40f8f4b,BRD-K96424892-001-02-9,chloramphenicol-palmitate,protein synthesis inhibitor,0.3385863687864473,0.31293088187390405,0.02565548691254327,False
3f472c8fb,BRD-K57371763-001-01-7,fidaxomicin,RNA polymerase inhibitor,0.35357724987336947,0.28770357389299567,0.0658736759803738,False
3f4bbc519,BRD-K17705806-003-04-4,JTC-801,opioid receptor antagonist,0.40870246228268514,0.34593968914733764,0.0627627731353475,False
3f5098e6a,BRD-K14991967-001-02-6,GSK650394,serum/glucocorticoid regulated kinase inhibitor,0.3726837144018378,0.3438152777314348,0.028868436670403008,False
3f60092bc,BRD-K19477839-001-07-6,SGX523,hepatocyte growth factor receptor inhibitor,0.378239189350579,0.35092210193658147,0.02731708741399752,False
3f7f6b800,BRD-K05236810-001-19-0,luteolin,glucosidase inhibitor,0.4411117104478426,0.3815981301242933,0.05951358032354931,False
3f8e9f8cf,BRD-K98357249-001-02-9,IRL-2500,endothelin receptor antagonist,0.3604774400841658,0.33801702441498355,0.022460415669182276,False
3f9dd627f,BRD-K49328571-001-15-0,dasatinib,"Bcr-Abl kinase inhibitor, ephrin inhibitor, KIT inhibitor, PDGFR tyrosine kinase receptor inhibitor, src inhibitor, tyrosine kinase inhibitor",0.6499038625990881,0.4370271979716154,0.21287666462747268,True
3fa81b23a,BRD-K67277431-002-10-5,picotamide,"thromboxane receptor antagonist, thromboxane synthase inhibitor",0.38474586352859136,0.32212685605209823,0.06261900747649313,False
3fab0ee6f,BRD-K54634444-001-05-9,artesunate,DNA synthesis inhibitor,0.322507854835491,0.31026392978421574,0.01224392505127525,False
3fadbae37,BRD-K58435339-001-03-0,AT13387,HSP antagonist,0.4557232731306445,0.44052970879336006,0.015193564337284415,False
3fc86d9c1,BRD-K39503511-001-03-9,quiflapon,leukotriene synthesis inhibitor,0.36034408296276865,0.3146443891943779,0.045699693768390726,False
3fcf6c45a,BRD-K02407574-001-09-7,parbendazole,tubulin polymerization inhibitor,0.5465655901524034,0.543500851501622,0.0030647386507813845,True
3fe1f2d3a,BRD-K33732501-004-01-0,methylnaltrexone,opioid receptor antagonist,0.3381122352942297,0.3205981751719774,0.017514060122252262,False
3ff075492,BRD-K48488978-001-05-3,YM-201636,PI3K inhibitor,0.3960563815185276,0.35384094037406194,0.04221544114446568,False
4022545bc,BRD-A95340155-001-09-7,methyclothiazide,chloride reabsorption inhibitor,0.347583371846885,0.33013695262357495,0.017446419223310028,False
404af8899,BRD-K93632104-001-18-0,sodium-salicylate,prostanoid receptor antagonist,0.31656008425837623,0.3130378649935699,0.0035222192648063366,False
404d8b3ae,BRD-K19171642-001-02-3,CP-91149,glycogen phosphorylase inhibitor,0.30246619997350427,0.2950881485455628,0.007378051427941457,False
404e713a8,BRD-K56301217-001-07-4,ABT-737,BCL inhibitor,0.34432195094867524,0.33615526414848806,0.008166686800187173,False
405277073,BRD-A83029242-001-05-3,prasugrel,purinergic receptor antagonist,0.3481433965286016,0.32389762589331494,0.024245770635286656,False
4055d26a8,BRD-K56735750-001-06-8,carbadox,other antibiotic,0.3716444623345664,0.30826996314188104,0.06337449919268534,False
408ac68a0,BRD-K93524252-001-24-7,sulfamerazine,bacterial antifolate,0.40732721135366035,0.3675516602186896,0.03977555113497072,False
40accea77,BRD-A00993607-003-24-6,alprenolol,adrenergic receptor antagonist,0.37935014634359693,0.36634790430123093,0.013002242042365997,False
40b109426,BRD-K78431006-001-10-2,crizotinib,ALK tyrosine kinase receptor inhibitor,0.49120936202367543,0.35359522498645113,0.1376141370372243,False
40b490d82,BRD-K13044802-213-20-7,ciclopirox,membrane integrity inhibitor,0.40874487689253464,0.4040685685101022,0.004676308382432437,False
40b79dd0f,BRD-K14109347-001-03-4,LY2603618,CHK inhibitor,0.41992993646578103,0.4010667266980696,0.018863209767711442,False
40b898b08,BRD-K74514084-001-03-9,pazopanib,"KIT inhibitor, PDGFR tyrosine kinase receptor inhibitor, VEGFR inhibitor",0.5258062938998986,0.46911622203395464,0.05669007186594399,True
40bfdfbb7,BRD-K26548821-003-10-5,quinpirol-(-),dopamine receptor agonist,0.3910972979561768,0.33007908801426633,0.061018209941910484,False
40f9caec1,BRD-K93869735-001-01-1,taltirelin,thyrotropin releasing hormone receptor agonist,0.31065905175171565,0.3027635454991936,0.007895506252522055,False
411184db3,BRD-K57169635-001-04-5,dacomitinib,EGFR inhibitor,0.382481096233882,0.34631232272990314,0.036168773503978846,False
412428305,BRD-K26997899-001-02-2,D-64131,microtubule inhibitor,0.6321381659518235,0.6002564310707548,0.03188173488106871,True
41267bb69,BRD-A28856712-003-26-0,tetrahydrozoline,adrenergic receptor agonist,0.2944886231925585,0.2881310515002046,0.006357571692353847,False
4163bb419,BRD-K55512740-001-01-6,MK-8033,c-Met inhibitor,0.4529474602542171,0.3898690946958748,0.06307836555834234,False
418057db7,BRD-K95412502-003-01-5,istaroxime,ATPase inhibitor,0.3018493357295972,0.2826820189902406,0.01916731673935662,False
420d7c087,BRD-K97010173-001-04-1,deferasirox,chelating agent,0.4133596631863229,0.356159962126855,0.05719970105946787,False
42446ee76,BRD-K95926480-003-03-6,SRT1720,SIRT activator,0.3914634357692438,0.35633934168358206,0.03512409408566175,False
42591280c,BRD-K62456038-003-07-1,PD-128907,dopamine receptor agonist,0.3203947334008553,0.27998789448099226,0.04040683891986302,False
425a7f158,BRD-K19085898-001-01-8,darapladib,phospholipase inhibitor,0.3265136612618529,0.31272715346039726,0.013786507801455627,False
4261791cf,BRD-A32673558-003-03-9,aceclidine,acetylcholine receptor agonist,0.3541795401270136,0.3219319162031936,0.03224762392381997,False
427005627,BRD-A29734509-011-13-6,disopyramide,sodium channel blocker,0.3199849209431622,0.317007910404687,0.002977010538475211,False
42800f350,BRD-K67637637-003-12-6,olopatadine,histamine receptor antagonist,0.4086494768070476,0.36409763524575883,0.044551841561288774,False
4297c90d6,BRD-K54790157-001-15-5,trioxsalen,DNA synthesis inhibitor,0.38187769684694295,0.33361329529142003,0.04826440155552292,False
42c300b4e,BRD-K41213548-001-02-0,KW-2478,HSP inhibitor,0.41023397411383883,0.3396153992394769,0.0706185748743619,False
42c4f2a5a,BRD-K68174511-001-06-6,torin-2,mTOR inhibitor,0.38368570212604874,0.37784613475980633,0.005839567366242415,False
42cf06e23,BRD-K67217586-001-08-0,fenthion,cholinesterase inhibitor,0.2971660116067731,0.27327961591119737,0.023886395695575713,False
42d153ebb,BRD-K78126613-001-28-5,menadione,"mitochondrial DNA polymerase inhibitor, phosphatase inhibitor",0.41313794629745737,0.3667396953932349,0.04639825090422245,False
42e08cf8e,BRD-K18948558-001-01-9,clevudine,DNA polymerase inhibitor,0.3035752958773445,0.29803392314036964,0.005541372736974859,False
42e5e3f31,BRD-K62627508-001-01-5,idasanutlin,MDM inhibitor,0.8312001329007584,0.33098657534675224,0.5002135575540062,True
42feaa183,BRD-K82036761-003-20-3,sertraline,selective serotonin reuptake inhibitor (SSRI),0.32759533877611574,0.3027781494471252,0.02481718932899052,False
431887012,BRD-A38218502-001-01-2,metenkephalin,immunostimulant,0.3332586122519494,0.3165247577858394,0.016733854466110032,False
431a59ec3,BRD-K62456038-003-07-1,PD-128907,dopamine receptor agonist,0.35705442938676724,0.3405541513966261,0.016500277990141143,False
4328879b2,BRD-K90993449-001-02-7,KRN-633,VEGFR inhibitor,0.6382304311964656,0.5763028637146151,0.061927567481850465,True
4345594a7,BRD-K48068743-001-01-6,teneligliptin,dipeptidyl peptidase inhibitor,0.32913830413796547,0.3265242387411262,0.0026140653968392824,False
43569d857,BRD-K66937583-001-01-2,lodoxamide,histamine receptor antagonist,0.3797881744857555,0.34629916505266,0.03348900943309552,False
437a5bd76,BRD-K44844162-001-01-6,taselisib,PI3K inhibitor,0.5340659717425552,0.4595463781556065,0.07451959358694871,True
439764b4a,BRD-K25317177-065-01-4,modaline,,0.3414166949485179,0.3395007543726112,0.001915940575906716,False
43e769029,BRD-K55305701-001-01-2,SC-144,P glycoprotein inhibitor,0.4139391358733021,0.41347860907197476,0.00046052680132735446,False
43e771cca,BRD-A74667430-001-23-6,etodolac,cyclooxygenase inhibitor,0.36177464883335264,0.3054370841255131,0.056337564707839516,False
4412f3146,BRD-K14349461-003-13-1,pyridoxine,vitamin B,0.3666888763505483,0.28583936904955604,0.08084950730099227,False
441fbc224,BRD-K28965160-001-01-1,BVD-523,MAP kinase inhibitor,0.6377262703868438,0.5123859321592475,0.12534033822759627,True
44312df3f,BRD-K30114692-001-15-9,methenamine,bacterial DNA inhibitor,0.35716674524993086,0.3356216467490122,0.02154509850091868,False
4469358b7,BRD-K73237276-001-01-0,tacalcitol,vitamin D receptor agonist,0.3038361252215118,0.2948761628283743,0.00895996239313751,False
44821ddca,BRD-K21361524-001-01-1,selinexor,exportin antagonist,0.3663091711956736,0.34785393700517087,0.018455234190502712,False
44861c09d,BRD-K33226500-001-01-0,indinavir,HIV protease inhibitor,0.39844333392774633,0.39071947971841864,0.007723854209327696,False
44bba684f,BRD-A50764878-003-02-8,MDL-73005EF,serotonin receptor antagonist,0.34567671892688007,0.32751741009829477,0.018159308828585297,False
44fa43b03,BRD-A08715367-001-01-7,L-Theanine,glutamate receptor antagonist,0.4103621706096995,0.2667521529377337,0.1436100176719658,False
4501c0f05,BRD-K52075715-001-06-7,oxibendazole,tubulin polymerization inhibitor,0.5915246599740281,0.5662868994322589,0.025237760541769294,True
45028a46a,BRD-K49962337-001-01-1,baicalin,beta glucuronidase inhibitor,0.45761559230820587,0.3726800628401017,0.08493552946810418,False
451edfe72,BRD-K65877271-001-01-8,halobetasol-propionate,glucocorticoid receptor agonist,0.3601777000633837,0.3292839439652923,0.030893756098091363,False
4521062d2,BRD-K96936751-001-01-4,bretazenil,GABA benzodiazepine site receptor partial agonist,0.3352124414366082,0.3295894557386807,0.005622985697927518,False
4551cb051,BRD-A77577770-003-08-9,palmitoylcarnitine,protein kinase inhibitor,0.33278728974092303,0.3201356221688335,0.01265166757208952,False
4560cc651,BRD-K69035426-001-01-3,omeprazole-sulfide,ATPase inhibitor,0.38409201396394077,0.3833074728660008,0.0007845410979399614,False
456e54186,BRD-K62676709-065-05-5,guanethidine,adrenergic inhibitor,0.3185966027439144,0.30137307715489514,0.01722352558901924,False
45792bf48,BRD-A49399758-015-01-8,desmopressin-acetate,vasopressin receptor agonist,0.26240330331829165,0.25789670590926456,0.004506597409027091,False
45bc7100a,BRD-K31627533-001-09-5,rimexolone,glucocorticoid receptor agonist,0.43363417791124254,0.33795212118052,0.09568205673072255,False
45d1a70c4,BRD-A41995253-001-04-5,brucine,glycine receptor antagonist,0.34184081629305846,0.31427772653170993,0.027563089761348525,False
4634a07d1,BRD-A66116161-001-02-3,AM-1241,cannabinoid receptor agonist,0.41421690903492175,0.3551216591224339,0.05909524991248788,False
4659b933e,BRD-K66956375-001-11-3,oleoylethanolamide,"cannabinoid receptor agonist, glucose dependent insulinotropic receptor agonist, potassium channel blocker, PPAR receptor agonist",0.2754073207772829,0.23747698826973027,0.03793033250755265,False
465a867a2,BRD-K59284035-001-07-9,chrysophanic-acid,EGFR inhibitor,0.40026605388749975,0.33171854024414044,0.06854751364335931,False
467d5ebde,BRD-K16810791-001-01-0,LGK-974,porcupine inhibitor,0.2649218851687097,0.2624869488984685,0.0024349362702411614,False
468ffed3e,BRD-K60184833-001-05-6,tyrphostin-AG-99,tyrosine kinase inhibitor,0.44483321305332113,0.42025813317878574,0.024575079874535388,False
469c117fb,BRD-K80082640-001-01-0,otamixaban,coagulation factor inhibitor,0.32755277599660426,0.2554187468928388,0.07213402910376548,False
46ada8311,BRD-K28456624-001-01-1,seocalcitol,vitamin D receptor agonist,0.3466402543709176,0.30928150703160284,0.03735874733931477,False
46befd494,BRD-K76805682-001-15-9,SB-415286,glycogen synthase kinase inhibitor,0.31422594876722854,0.30730547294657684,0.006920475820651695,False
46d0c83d4,BRD-K92844263-001-09-8,triacetin,,0.3199466017745964,0.2916790485535911,0.02826755322100527,False
46ef1d590,BRD-K76037122-001-02-5,guanidine,HSP inhibitor,0.3350039127275169,0.26103452069244243,0.07396939203507447,False
472eaa5fd,BRD-K78844995-001-02-6,N-[2-(Piperidinylamino)ethyl]-4-iodobenzamide,sigma receptor ligand,0.3185672425529234,0.31711904556638404,0.001448196986539363,False
47324d95c,BRD-A08079565-001-01-8,CDBA,,0.3269734917371053,0.30428025342434584,0.02269323831275949,False
474256f71,BRD-K39915878-036-24-4,loxapine,"dopamine receptor antagonist, serotonin receptor antagonist",0.36445026301493477,0.33376598667063717,0.0306842763442976,False
47547f290,BRD-K56543881-001-02-7,ADX-47273,glutamate receptor modulator,0.3224016455865376,0.29725424030158215,0.02514740528495546,False
475c5fedb,BRD-K51263939-001-08-6,sarcosine,Glycine transporter 1 inhibitor,0.3669510711246256,0.302470976551326,0.06448009457329962,False
477387cad,BRD-K56291712-001-01-0,voxtalisib,"mTOR inhibitor, PI3K inhibitor",0.3461330092986142,0.2463223824137909,0.09981062688482328,False
47790ff22,BRD-K16077845-001-06-1,fentiazac,cyclooxygenase inhibitor,0.3671205772044313,0.34991236863789305,0.017208208566538263,False
4787e9cc1,BRD-K51040301-001-02-1,cobicistat,cytochrome P450 inhibitor,0.3442240281906819,0.30330206012331185,0.04092196806737003,False
47a47ee49,BRD-A51829654-003-07-7,BRL-15572,serotonin receptor antagonist,0.26672831182516055,0.2477135473258579,0.019014764499302644,False
47bcdff9d,BRD-K75608666-001-08-3,hydroxytoluic-acid,,0.32874186095983055,0.3196779646772724,0.00906389628255816,False
47c8f5451,BRD-K97884852-001-05-4,malotilate,protein synthesis stimulant,0.3333795351903547,0.3308711776778191,0.002508357512535586,False
47dd8f190,BRD-K85066592-001-01-6,gly-gln,,0.38612702157505124,0.3405864633712083,0.04554055820384295,False
4801f27e4,BRD-U48018661-000-01-9,tyloxapol,NFkB pathway inhibitor,0.45553493196152406,0.3465359914917502,0.10899894046977388,False
4802079fd,BRD-K56543881-001-02-7,ADX-47273,glutamate receptor modulator,0.38604699651689073,0.3573753602025879,0.028671636314302806,False
4807560f3,BRD-K55191674-237-18-3,benzylpenicillin,penicillin binding protein inhibitor,0.34059849776241685,0.3279960744514132,0.012602423311003641,False
481a0c086,BRD-A82522119-001-01-7,tibolone,"androgen receptor agonist, estrogen receptor agonist, progesterone receptor agonist",0.30699290054421946,0.2701184792248575,0.03687442131936197,False
482308b86,BRD-K79425933-001-09-3,benperidol,dopamine receptor antagonist,0.3350128551905018,0.29328964777208777,0.04172320741841401,False
4829fcc7c,BRD-K50498985-001-03-3,taladegib,smoothened receptor antagonist,0.38776736150862107,0.34172294960754485,0.04604441190107622,False
483b8fd13,BRD-K72029282-001-22-0,probucol,atherogenesis inhibitor,0.35150042135552656,0.3174283084604776,0.03407211289504897,False
48664aa93,BRD-K59184148-001-21-6,SB-216763,glycogen synthase kinase inhibitor,0.29629792406822,0.2772716419192917,0.019026282148928264,False
486f27ec6,BRD-K06749501-001-02-1,GSK1838705A,insulin growth factor receptor inhibitor,0.36475272437671014,0.3051606464747519,0.05959207790195825,False
487085904,BRD-K23952234-236-01-8,BMS-986020,lysophosphatidic acid receptor antagonist,0.3976910120202423,0.2759093769653823,0.12178163505486,False
48847260e,BRD-K80653534-001-01-7,N-acetyl-D-glucosamine,,0.3237410399697734,0.3100849891029492,0.013656050866824199,False
489747d1a,BRD-K38350380-001-01-8,FK-3311,cyclooxygenase inhibitor,0.35490474148973755,0.3480321494838448,0.0068725920058927414,False
48b540088,BRD-K03294269-001-08-0,NU6027,CDK inhibitor,0.3204251397903217,0.3198909940888816,0.0005341457014401141,False
48c0a5bd2,BRD-A30403214-001-03-3,edelfosine,phospholipase inhibitor,0.296650906337287,0.2869617175489415,0.009689188788345515,False
48f7eba68,BRD-A87715314-003-14-4,pronethalol,adrenergic receptor antagonist,0.3233695738808639,0.2725054265317058,0.05086414734915812,False
490044d70,BRD-K31841515-001-07-8,oxypurinol,xanthine oxidase inhibitor,0.35133254803298236,0.3327113505954765,0.018621197437505843,False
4922f3f06,BRD-K85554912-001-08-9,ivermectin,benzodiazepine receptor agonist,0.4160448410346369,0.3542802641372736,0.06176457689736331,False
493686b6a,BRD-K13390322-001-06-3,AT-7519,CDK inhibitor,0.5343084565817952,0.5311537958300994,0.0031546607516957925,True
497160e06,BRD-K49350383-001-13-7,thioguanine,purine antagonist,0.4334924768568076,0.41831399602386143,0.01517848083294615,False
49b0fc6d7,BRD-K87827419-001-16-8,melphalan,"DNA alkylating agent, DNA inhibitor",0.4460324576603731,0.4197946383958979,0.02623781926447516,False
49bd142d9,BRD-K21160401-065-01-0,dextroamphetamine,monoamine oxidase inhibitor,0.3447561122761365,0.3369056878285261,0.007850424447610416,False
49cea36e7,BRD-A41451487-001-11-2,PK-11195,benzodiazepine receptor antagonist,0.3502340523464344,0.33336543970901494,0.016868612637419456,False
49db5dad6,BRD-K69001009-001-02-8,golvatinib,VEGFR inhibitor,0.650112417192098,0.599602533448437,0.050509883743661055,True
4a1fafc76,BRD-A86414188-003-01-5,ractopamine,adrenergic receptor agonist,0.37413840638985146,0.3000731109158135,0.07406529547403795,False
4a3595082,BRD-A23359898-003-10-0,sibutramine,serotonin-norepinephrine reuptake inhibitor (SNRI),0.3762312346749842,0.2884344333798855,0.0877968012950987,False
4a65421e6,BRD-A23359898-003-10-0,sibutramine,serotonin-norepinephrine reuptake inhibitor (SNRI),0.37151668898935725,0.3588063356839412,0.012710353305416033,False
4a75f1d42,BRD-K02965577-001-03-4,secalciferol,vitamin D receptor agonist,0.3678494686436154,0.2712395219815018,0.09660994666211359,False
4a7e5be3e,BRD-A38218502-001-01-2,metenkephalin,immunostimulant,0.34457264943927207,0.3367151424739373,0.00785750696533477,False
4a8eda087,BRD-K11853856-001-01-7,PJ-34,PARP inhibitor,0.3702787006257763,0.334001940695051,0.036276759930725266,False
4a93cfbbb,BRD-K76845197-001-05-4,sulfanitran,,0.32958935821141405,0.3115758823415239,0.01801347586989016,False
4b09bc266,BRD-K49350383-001-13-7,thioguanine,purine antagonist,0.4957110310149797,0.45140734136216754,0.04430368965281217,False
4b138d0a8,BRD-K13756951-001-01-4,bitopertin,"glycine transporter inhibitor, GlyT-1 inhibitor",0.41775001641249654,0.3903598621265536,0.027390154285942936,False
4b23ef6df,BRD-K88759641-003-02-8,EMD-66684,angiotensin receptor antagonist,0.35153244783383086,0.3494006234740747,0.0021318243597561737,False
4b3c59823,BRD-A00993607-003-24-6,alprenolol,adrenergic receptor antagonist,0.3081719334577265,0.2960061493315864,0.012165784126140056,False
4b51017d8,BRD-A09925278-003-05-6,etilefrine,adrenergic receptor agonist,0.31153926728215253,0.30315192338487496,0.008387343897277577,False
4b54571e4,BRD-A20644369-001-08-6,canrenone,mineralocorticoid receptor antagonist,0.3005169412090367,0.290794566693105,0.00972237451593172,False
4b798dda1,BRD-K68174511-001-06-6,torin-2,mTOR inhibitor,0.49418001443162507,0.45624276375956185,0.037937250672063216,False
4b7a7d212,BRD-A33447119-001-10-8,oxfendazole,anthelmintic agent,0.31891680673173484,0.31053237735175837,0.008384429379976466,False
4b82a8056,BRD-K61665160-001-01-5,BYK-204165,PARP inhibitor,0.330090477758558,0.3125910738095811,0.017499403948976866,False
4b893a449,BRD-A64125466-236-04-6,dehydrocholate,,0.3324166876721783,0.3285503548165221,0.003866332855656185,False
4b8caf802,BRD-K88677950-001-03-9,PD-198306,"MAP kinase inhibitor, MEK inhibitor",0.39113664051774727,0.3315862553030132,0.05955038521473405,False
4b9f220a0,BRD-A92439610-001-05-7,triamcinolone-acetonide,"glucocorticoid receptor agonist, immunosuppressant",0.4982273891772986,0.48170581814251723,0.016521571034781357,False
4bb65ea5d,BRD-K72339976-065-02-1,cefoselis,bacterial cell wall synthesis inhibitor,0.43957952046196214,0.35348173726712634,0.0860977831948358,False
4bbdba432,BRD-K41406082-001-16-2,sulfapyridine,PABA antagonist,0.3802018791794834,0.29380247900938955,0.08639940017009384,False
4bc52a40e,BRD-K86344238-003-04-6,linsidomine,nitric oxide donor,0.31726216375078026,0.31722319387425946,3.8969876520800195e-05,False
4bf26b765,BRD-A23067620-300-01-3,itraconazole,cytochrome P450 inhibitor,0.34596593587423086,0.2973333918182137,0.048632544056017135,False
4c0f6aed1,BRD-A83802939-304-04-2,dexamethasone-sodium-phosphate,glucocorticoid receptor agonist,0.4165610702559017,0.39094140182052367,0.02561966843537805,False
4c1e55d1a,BRD-K75649340-001-13-1,tioguanine,purine antagonist,0.4639636227472981,0.43955288068281856,0.024410742064479518,False
4c33b6fa1,BRD-K63343048-001-12-2,orlistat,lipase inhibitor,0.3250141801106313,0.31209137564230865,0.012922804468322668,False
4c397fd24,BRD-K86301799-001-34-8,dipyridamole,phosphodiesterase inhibitor,0.35431159682462804,0.3359302622659029,0.01838133455872515,False
4c3a1262d,BRD-A89196962-300-01-7,dalargin,opioid receptor agonist,0.3454812250956477,0.33491849402581403,0.010562731069833686,False
4c3c6717e,BRD-K29392254-001-02-2,pantothenic-acid,coenzyme A precursor,0.3852515554924227,0.33085679587760547,0.05439475961481721,False
4c42f8d6f,BRD-A85587465-001-03-3,bemesetron,serotonin receptor antagonist,0.3205313490648141,0.3118838376338127,0.008647511431001398,False
4c5736ff6,BRD-K46061689-001-01-9,desogestrel,progesterone receptor agonist,0.3072040780387781,0.28997303042597916,0.017231047612798922,False
4c57ebd49,BRD-K41406082-001-16-2,sulfapyridine,PABA antagonist,0.3147615587663989,0.3072979888569145,0.00746356990948438,False
4c6103a90,BRD-K66465025-001-05-1,ACPC,glutamate receptor antagonist,0.33918651577307857,0.33581839570215727,0.003368120070921299,False
4c77094c0,BRD-K01902415-001-11-7,pirinixic-acid,PPAR receptor agonist,0.32033673117655,0.2662934526297488,0.05404327854680119,False
4c8a8d560,BRD-K51485625-001-08-4,ritonavir,HIV protease inhibitor,0.35092899811141376,0.34454371087107377,0.006385287240339987,False
4c99cf19e,BRD-K36055864-001-19-2,cycloheximide,protein synthesis inhibitor,0.393212795779785,0.3303720526419835,0.06284074313780152,False
4cadd72bd,BRD-K24696047-001-02-3,NVP-AEW541,IGF-1 inhibitor,0.49977592129665815,0.41689340513722867,0.08288251615942949,True
4cc9e5f31,BRD-K96006502-001-02-6,deflazacort,glucocorticoid receptor agonist,0.3184993565547956,0.31089614677251626,0.007603209782279352,False
4cd924a5d,BRD-K62200014-003-10-5,anagrelide,phosphodiesterase inhibitor,0.3400874768817868,0.3203512812066026,0.019736195675184198,False
4cee0f2dd,BRD-K82381502-003-23-1,acetylcholine,acetylcholine receptor agonist,0.3178871714307073,0.31313934760307005,0.004747823827637276,False
4d14c0ffe,BRD-K73319509-001-08-0,PF-04217903,c-Met inhibitor,0.42162685876579725,0.36838878487854526,0.05323807388725199,False
4d1572b9f,BRD-K87700323-003-05-1,cetylpyridinium,,0.4314758206731855,0.3770947745325739,0.05438104614061162,False
4d385b4bc,BRD-K18905250-003-02-4,ST-91,adrenergic receptor agonist,0.44861544416491167,0.3328832633360779,0.1157321808288338,False
4d44785f6,BRD-K06858286-001-01-3,cabazitaxel,microtubule inhibitor,0.40397907819931206,0.3980394426735805,0.005939635525731568,False
4d4a6346e,BRD-A83802939-304-04-2,dexamethasone-sodium-phosphate,glucocorticoid receptor agonist,0.4548103949644501,0.37994214524154146,0.07486824972290862,False
4d7280c91,BRD-K43905307-001-01-2,"L-798,106",prostanoid receptor antagonist,0.32992687675258625,0.3021475840186007,0.02777929273398555,False
4d7c82229,BRD-K82677201-001-01-6,almitrine,neurotransmitter agonist,0.3234171868754126,0.2711477797183225,0.05226940715709011,False
4d8786048,BRD-K76406695-001-02-9,CCT128930,AKT inhibitor,0.3632792514338231,0.32540698872039137,0.03787226271343175,False
4d98f3161,BRD-K79095980-001-09-6,broxuridine,antimetabolite,0.25724443166938565,0.25288964752914816,0.004354784140237489,False
4da81d116,BRD-A92439610-001-05-7,triamcinolone-acetonide,"glucocorticoid receptor agonist, immunosuppressant",0.4566774695497905,0.44173135329172436,0.014946116258066133,False
4dc947904,BRD-K19477839-001-07-6,SGX523,hepatocyte growth factor receptor inhibitor,0.41206463840568935,0.3848860930144846,0.027178545391204734,False
4dcdec58b,BRD-K69001009-001-02-8,golvatinib,VEGFR inhibitor,0.4875751264813121,0.46367730119610717,0.023897825285204954,False
4dcf18224,BRD-K92731339-227-04-9,perindopril,angiotensin converting enzyme inhibitor,0.3836976124563681,0.3609726459976289,0.02272496645873917,False
4ddf83a79,BRD-K15588452-003-02-7,R-96544,serotonin receptor antagonist,0.32448372433643824,0.32040464445768185,0.0040790798787563864,False
4ded9d77a,BRD-K95142244-001-01-5,talazoparib,PARP inhibitor,0.49555921843886774,0.4804621045118885,0.015097113926979266,False
4e2f4d81b,BRD-K15834839-001-02-3,lobendazole,anthelmintic agent,0.30628180672537536,0.2651544151757753,0.041127391549600045,False
4e3cc369d,BRD-A25143711-001-02-2,hydrocortisone-valerate,glucocorticoid receptor agonist,0.42064405428213303,0.3652073683275863,0.055436685954546705,False
4e6955508,BRD-K83508485-001-02-7,FK-888,tachykinin antagonist,0.33196752855410855,0.33101338128879887,0.0009541472653096794,False
4e899d487,BRD-K36207157-001-09-6,chlorprothixene,dopamine receptor antagonist,0.3608530438073642,0.27116476214283497,0.08968828166452925,False
4e96907d8,BRD-A72711497-236-03-8,lasalocid,bacterial permeability inducer,0.5267746525484468,0.37757878192581984,0.14919587062262696,True
4ea178d99,BRD-K40901640-003-01-6,cinanserin,serotonin receptor antagonist,0.3414915572174616,0.2813598327022889,0.06013172451517268,False
4ebabef1d,BRD-K94534639-001-02-5,LY2811376,beta-secretase inhibitor,0.33483116858316464,0.32542256983852336,0.009408598744641283,False
4ebd8580b,BRD-K35629949-001-02-0,SR-27897,CCK receptor antagonist,0.3243489380016897,0.3107918513197799,0.013557086681909802,False
4eca10c76,BRD-A10523515-001-07-9,GSK429286A,rho associated kinase inhibitor,0.3691789611542578,0.30668320704753177,0.06249575410672603,False
4f0977034,BRD-K30114692-001-15-9,methenamine,bacterial DNA inhibitor,0.38035438579500896,0.2844304207381678,0.09592396505684114,False
4f3a3834b,BRD-K13238168-001-02-0,haloprogin,other antifungal,0.45330390713347624,0.41903116497989407,0.03427274215358217,False
4f6ef124e,BRD-A79431551-001-01-1,3-deazaadenosine,adenosylhomocysteinase inhibitor,0.3073178458153861,0.279193632870424,0.028124212944962146,False
4f912b4de,BRD-K66030860-001-03-6,salidroside,beta amyloid protein neurotoxicity inhibitor,0.41869006538400044,0.41705577790816695,0.0016342874758334958,False
4f95aadbf,BRD-K27335680-001-10-0,rhein,,0.39214634159900646,0.31519058404723244,0.07695575755177403,False
4f9a66fba,BRD-K66241279-001-01-8,cinromide,,0.33935438662711165,0.3011584237254314,0.03819596290168026,False
4fbe9fdc3,BRD-K73838513-003-05-5,cinacalcet,calcium channel activator,0.30397812619867,0.28859038086089245,0.015387745337777536,False
503c98491,BRD-K77908580-001-09-6,entinostat,HDAC inhibitor,0.41328971684196986,0.3615957786535414,0.051693938188428434,False
5040aa568,BRD-K54606188-001-13-1,JQ1-(+),bromodomain inhibitor,0.4169302140702071,0.38146871092085544,0.03546150314935165,False
505d0ef8e,BRD-K18172896-001-02-5,eltanolone,membrane integrity inhibitor,0.39524615631248355,0.3791735543758519,0.01607260193663168,False
508e74297,BRD-K93441486-067-12-8,diphemanil,acetylcholine receptor antagonist,0.3478422264488783,0.34599469354105494,0.001847532907823357,False
50b4efb08,BRD-K07220430-001-18-4,cinnarazine,calcium channel blocker,0.3480703576083818,0.29957819038249833,0.048492167225883454,False
50b5317f3,BRD-K24548560-342-02-1,evans-blue,glutamate receptor negative allosteric modulator,0.32638161142351496,0.30561068030348587,0.02077093112002909,False
50cd26ac2,BRD-K93034159-001-25-8,cladribine,"adenosine deaminase inhibitor, ribonucleotide reductase inhibitor",0.42275438661791404,0.39441647211561,0.02833791450230405,False
50e38451f,BRD-A90551241-001-10-8,lornoxicam,cyclooxygenase inhibitor,0.3688194355841681,0.33240162321655004,0.03641781236761804,False
50f201d36,BRD-K72414522-001-06-7,AZD5438,CDK inhibitor,0.3350368405593093,0.3008612743884895,0.03417556617081985,False
5112297b0,BRD-K99475619-001-01-2,genz-644282,topoisomerase inhibitor,0.3624222721023163,0.33150107087154496,0.030921201230771356,False
511f19724,BRD-K97417064-001-02-4,acedapsone,,0.3136759419077608,0.3087336091076292,0.004942332800131621,False
512c62e9f,BRD-A31454688-001-01-6,monostearin,,0.30879396830076683,0.28411008463073045,0.024683883670036377,False
515a65661,BRD-A47598013-004-16-0,citalopram,selective serotonin reuptake inhibitor (SSRI),0.3388742699921009,0.28915909390151223,0.049715176090588675,False
516644772,BRD-K98157055-001-10-9,SIB-1757,glutamate receptor antagonist,0.3526818492437021,0.34928821663018733,0.0033936326135147743,False
517ba49c1,BRD-K53097745-001-01-5,pterostilbene,"cyclooxygenase inhibitor, PPAR receptor agonist",0.372426565304953,0.36881236045589316,0.003614204849059832,False
51989c2ad,BRD-K41859756-001-06-8,NVP-AUY922,HSP inhibitor,0.43788152057970287,0.3691863644554263,0.06869515612427657,False
519d5133b,BRD-K77552740-004-01-0,tiquizium,acetylcholine receptor antagonist,0.3262850498085581,0.3195614286561612,0.006723621152396886,False
51acf3c88,BRD-A27290375-330-01-1,atropine,acetylcholine receptor antagonist,0.27563776478719637,0.2638132653986082,0.01182449938858815,False
51d1eec61,BRD-A64227845-004-09-3,SKF-77434,dopamine receptor agonist,0.3833413294788314,0.3513799757736962,0.031961353705135254,False
51d52f188,BRD-K87112191-001-04-5,PP242,mTOR inhibitor,0.5093852735270183,0.49019430719761287,0.01919096632940548,True
520c29eff,BRD-K45158365-001-11-4,valsartan,angiotensin receptor antagonist,0.3126043841609353,0.31202818189028575,0.0005762022706495284,False
5210c5096,BRD-K96862998-001-15-5,pirfenidone,TGF beta receptor inhibitor,0.308578808887761,0.2935878178264726,0.014990991061288428,False
522ce7700,BRD-K12769093-003-01-3,PNU-37883,ATP-sensitive potassium channel antagonist,0.34111415360558245,0.25735572375290217,0.08375842985268028,False
5248950aa,BRD-K13049116-001-05-7,BMS-754807,IGF-1 inhibitor,0.32367982996354866,0.2860084520881348,0.03767137787541386,False
52bb1fe11,BRD-K18905250-003-02-4,ST-91,adrenergic receptor agonist,0.30499666682451526,0.28907436913591156,0.015922297688603704,False
52d1e6f43,BRD-K95053546-001-01-9,tempol,free radical scavenger,0.5320234537801902,0.4969058955751712,0.03511755820501905,True
52f63a009,BRD-K36207157-001-09-6,chlorprothixene,dopamine receptor antagonist,0.33244049047073887,0.3101597349536199,0.022280755517118944,False
52faec24a,BRD-A75769826-003-02-1,SDM25N,opioid receptor antagonist,0.36541469467229665,0.3518303503193263,0.013584344352970346,False
532588621,BRD-A31454688-001-01-6,monostearin,,0.30520769937039094,0.3001134494364361,0.005094249933954853,False
533f455c4,BRD-A50922295-001-01-3,valganciclovir,DNA synthesis inhibitor,0.3105599627940756,0.2894570642304462,0.021102898563629402,False
535148020,BRD-K84466663-001-05-4,nelarabine,"DNA synthesis inhibitor, T cell inhibitor",0.3418695573165045,0.3304367141306796,0.011432843185824881,False
535f7a0e6,BRD-A93407926-001-01-1,allopurinol-riboside,anti-leishmanial agent,0.3330592832033047,0.31158649485719114,0.021472788346113547,False
53767c7d8,BRD-K79892937-001-02-5,phenolsulfonphthalein,,0.3013211488571136,0.2943269609600755,0.0069941878970380955,False
5387c8eaa,BRD-A56085258-001-01-8,LGX818,RAF inhibitor,0.44145712558694017,0.4277428274855911,0.013714298101349054,False
538ff01f5,BRD-A57798112-001-03-7,PD-318088,MEK inhibitor,0.5729986858300999,0.5611877804657341,0.011810905364365798,True
53942783f,BRD-A09056319-003-07-7,alfuzosin,adrenergic receptor antagonist,0.4216327159111983,0.3631891347679873,0.058443581143210965,False
5394c40d6,BRD-K19939891-001-05-4,TIC10,"AKT inhibitor, TRAIL modulator",0.3605839245085965,0.33568854360150785,0.02489538090708865,False
53c1987ae,BRD-K13514097-001-05-3,everolimus,mTOR inhibitor,0.45541361209491904,0.4390583527439704,0.016355259350948614,False
53d56037b,BRD-K72384124-001-08-0,sulbentine,other antifungal,0.29820803292781345,0.2936673389388768,0.004540693988936639,False
53dd6a6e0,BRD-A71033472-003-23-9,fendiline,calcium channel blocker,0.34314650443328243,0.29353742675049393,0.049609077682788494,False
53eec2b51,BRD-K65856711-001-04-4,rolipram-S(+),phosphodiesterase inhibitor,0.3120581047009748,0.29646315629290193,0.01559494840807285,False
547f80a41,BRD-K51967704-001-03-6,BIIB021,HSP inhibitor,0.29817900375252615,0.29079437945308556,0.00738462429944059,False
548060dcd,BRD-K46839850-050-04-2,cinepazide,calcium channel activator,0.40418364827067954,0.30471934075993246,0.09946430751074709,False
54a548488,BRD-K44408410-001-17-6,2-methoxyestradiol,hypoxia inducible factor inhibitor,0.2656462161999729,0.2610255167433246,0.004620699456648336,False
54ba36a96,BRD-A00376169-001-01-6,KBG,neprilysin inhibitor,0.3484425591016631,0.3381429657469852,0.010299593354677894,False
54d869553,BRD-K40366680-001-03-3,CAY10505,PI3K inhibitor,0.3396554600257729,0.3242963890063077,0.01535907101946521,False
54dbc6c0a,BRD-K38158531-001-02-1,traxoprodil,glutamate receptor antagonist,0.37175258407748696,0.3605454880876039,0.011207095989883065,False
54df97bc5,BRD-K58122457-001-02-2,hesperadin,Aurora kinase inhibitor,0.31219784289990204,0.2953492720398806,0.01684857086002145,False
54dfa18c0,BRD-K93231391-300-05-6,ethambutol,bacterial cell wall synthesis inhibitor,0.33464785155185117,0.28206524819457496,0.052582603357276214,False
54f8af613,BRD-K15071410-001-01-1,tiotidine,histamine receptor antagonist,0.3392771669853973,0.3055496826420411,0.03372748434335621,False
55042c369,BRD-K46585355-001-14-3,acetylsalicylsalicylic-acid,cyclooxygenase inhibitor,0.3154315675469134,0.30253232837725497,0.01289923916965846,False
550c0e78b,BRD-A26503646-001-16-6,formestane,aromatase inhibitor,0.3254261929466465,0.3018042993983441,0.02362189354830241,False
5517fd9fd,BRD-K97963946-001-01-3,EMD-1214063,hepatocyte growth factor receptor inhibitor,0.3119569470572937,0.30583861723389033,0.006118329823403379,False
5519606ab,BRD-K77695569-001-30-0,tiabendazole,angiogenesis inhibitor,0.3293075091155241,0.31272225365565004,0.01658525545987405,False
55507f2c1,BRD-K41160163-001-06-8,fenobam,glutamate receptor antagonist,0.2730165053912975,0.27093793821607354,0.0020785671752239776,False
55a6b84b9,BRD-A94543220-001-24-7,bifonazole,sterol demethylase inhibitor,0.28958337398731887,0.26916450305327694,0.020418870934041933,False
55b20e5c2,BRD-K41406082-001-16-2,sulfapyridine,PABA antagonist,0.38460711671667464,0.36994630086120417,0.014660815855470466,False
55cb720a2,BRD-K51544265-001-04-2,cabozantinib,"RET tyrosine kinase inhibitor, VEGFR inhibitor",0.48402714733632424,0.4360653809272219,0.047961766409102324,False
55e4096d8,BRD-K65992024-001-01-5,pirenoxine,AGE inhibitor,0.39911327079225706,0.3353478131047887,0.06376545768746839,False
55ec627d0,BRD-K96123349-236-02-8,brequinar,dihydroorotate dehydrogenase inhibitor,0.39622558728479695,0.37534128977549874,0.02088429750929821,False
55edeb109,BRD-K66465025-001-05-1,ACPC,glutamate receptor antagonist,0.3565593724596238,0.33014636336111475,0.026413009098509077,False
55f6ec3b4,BRD-K53153417-001-10-4,butylated-hydroxytoluene,carbonic anhydrase inhibitor,0.3069948779078366,0.306335353472296,0.0006595244355405705,False
55fb633d5,BRD-K95142244-001-01-5,talazoparib,PARP inhibitor,0.4559643131212209,0.4314547453693965,0.02450956775182439,False
5607bae33,BRD-K85925969-001-17-4,zalcitabine,nucleoside reverse transcriptase inhibitor,0.30418027228582306,0.28999893295271467,0.01418133933310839,False
560f6486c,BRD-K93034159-001-25-8,cladribine,"adenosine deaminase inhibitor, ribonucleotide reductase inhibitor",0.5023553293363968,0.4389554891258153,0.06339984021058154,True
561119c80,BRD-K71266197-236-02-7,PSB-06126,NTPDase inhibitor,0.3480163413970678,0.3395751826908797,0.008441158706188057,False
5628cb3ee,BRD-K17702546-001-03-2,PD-168393,EGFR inhibitor,0.581549929139471,0.5432579784646862,0.03829195067478486,True
562b5f4aa,BRD-K37872686-003-01-9,tirofiban,"platelet aggregation inhibitor, structural glycoprotein antagonist",0.4527825818588166,0.31470581649133367,0.13807676536748292,False
566f62da3,BRD-K59146805-001-03-7,AZ3146,monopolar spindle 1 kinase inhibitor,0.5057828024557376,0.4787235193237916,0.027059283131946,True
5681e0223,BRD-K26531771-001-01-4,EPZ-5676,histone lysine methyltransferase inhibitor,0.30609790934222664,0.2602817263979568,0.04581618294426981,False
568c4b7ba,BRD-K52219182-001-02-4,ICI-63197,phosphodiesterase inhibitor,0.3594083749293231,0.32865519992484876,0.03075317500447433,False
56b0af64b,BRD-K64925568-001-01-8,AMG-232,MDM inhibitor,0.47934327172785773,0.39365841454473705,0.08568485718312069,False
56c22db82,BRD-K36270037-001-01-7,esculin,antioxidant,0.39900772663979045,0.3894746002372197,0.009533126402570757,False
56cda8284,BRD-K14711741-001-02-1,PF-4708671,ribosomal protein inhibitor,0.29966402465567604,0.22240746184565363,0.07725656281002241,False
56d71e6c1,BRD-K34870043-001-01-8,adoprazine,"dopamine receptor antagonist, serotonin receptor agonist",0.31990393423915076,0.29077825420335734,0.02912568003579341,False
56e484932,BRD-K68174511-001-06-6,torin-2,mTOR inhibitor,0.483442904427999,0.406290428166232,0.07715247626176697,False
56ea83da7,BRD-K93918653-001-08-9,quizartinib,FLT3 inhibitor,0.3599278928870484,0.34742374351073374,0.012504149376314666,False
56f9a1186,BRD-A22267103-003-13-1,drofenine,,0.42273709559593603,0.4217363267550048,0.0010007688409312543,False
5735a3e0f,BRD-K87827419-001-16-8,melphalan,"DNA alkylating agent, DNA inhibitor",0.42305484145960054,0.4084685279947258,0.014586313464874712,False
573c787a2,BRD-K59632282-052-03-1,quinidine,sodium channel blocker,0.32806199917291173,0.300175089429329,0.02788690974358271,False
57402759f,BRD-K68633617-003-02-9,ACDPP,glutamate receptor antagonist,0.3684066699227877,0.33282037825671834,0.03558629166606936,False
5778f608a,BRD-A35868371-005-01-6,troventol,,0.32327798458986795,0.2979252521550846,0.025352732434783365,False
57ccb23c1,BRD-A20644369-001-08-6,canrenone,mineralocorticoid receptor antagonist,0.3609951955010432,0.3553930037013544,0.005602191799688794,False
57e9d0d9f,BRD-K82028950-300-02-9,CGH2466,adenosine receptor antagonist,0.38655749357128777,0.3485182723706931,0.038039221200594664,False
57f5932fb,BRD-K41876534-001-13-7,tioxolone,carbonic anhydrase inhibitor,0.2863007124039383,0.2556808153383566,0.030619897065581658,False
57f7c6a5c,BRD-A96529864-001-01-3,isosteviol,,0.29444205690112685,0.2736994662995181,0.020742590601608768,False
57f986a24,BRD-K81272440-236-13-5,dantrolene,calcium channel blocker,0.31450412712936926,0.27500495239464334,0.03949917473472592,False
581946f04,BRD-K91699951-001-10-2,benzonatate,local anesthetic,0.34024291351170644,0.33057966131619765,0.009663252195508787,False
583c3bcba,BRD-K28965160-001-01-1,BVD-523,MAP kinase inhibitor,0.6122745663100561,0.5559971627906185,0.05627740351943755,True
5842b3aff,BRD-A95602221-003-02-1,celiprolol,adrenergic receptor antagonist,0.3364910465000256,0.30759358881607474,0.028897457683950856,False
5857b6280,BRD-K28542495-003-13-5,benzydamine,prostanoid receptor antagonist,0.36796251232013355,0.31865438674308094,0.04930812557705261,False
586518b2d,BRD-K08033334-003-04-3,lincomycin,bacterial 30S ribosomal subunit inhibitor,0.3034226402667508,0.2496373008707795,0.0537853393959713,False
58684fff2,BRD-A67482312-001-02-6,4-P-PDOT,melatonin receptor antagonist,0.35839648241245375,0.3067716621555581,0.05162482025689563,False
586aa4a46,BRD-K79892937-001-02-5,phenolsulfonphthalein,,0.33999868392843763,0.3019796721227052,0.03801901180573242,False
589e8eaff,BRD-K30519779-001-03-1,homoquinolinic-acid,glutamate receptor agonist,0.3208446841274542,0.3103822758334677,0.01046240829398648,False
58c0f7a88,BRD-K36660044-001-24-2,bufexamac,cyclooxygenase inhibitor,0.34028082287811,0.3187219040086257,0.0215589188694843,False
58c670daa,BRD-K95053546-001-01-9,tempol,free radical scavenger,0.4977115435544549,0.4420938391514106,0.05561770440304431,False
58d311643,BRD-A94523291-304-02-7,prednisolone-sodium-phosphate,glucocorticoid receptor agonist,0.3457328271067104,0.2902515754896001,0.05548125161711026,False
58db87a4b,BRD-K32164935-001-30-8,tolazamide,ATP channel blocker,0.36976065831077376,0.3495588396350445,0.020201818675729233,False
58f735145,BRD-K58819470-001-05-9,2-thiouracil,,0.3860589091190573,0.3375063374069199,0.04855257171213745,False
5913ba476,BRD-K25311561-001-10-7,KU-55933,ATM kinase inhibitor,0.34387038399046577,0.30961431233030534,0.034256071660160425,False
591c4ee47,BRD-K18910433-001-43-2,estradiol,estrogen receptor agonist,0.38986853434578617,0.32224970656211327,0.0676188277836729,False
592929e23,BRD-A90515964-001-16-5,guaifenesin,expectorant,0.3245360111248119,0.30902105045205747,0.01551496067275443,False
593a5d6ad,BRD-K08356259-003-24-7,xylometazoline,adrenergic receptor agonist,0.3641367307902128,0.34070030705358734,0.023436423736625467,False
5958e3d89,BRD-K89714990-001-01-5,tepoxalin,"cyclooxygenase inhibitor, lipoxygenase inhibitor",0.4269827424036066,0.36905350439171825,0.05792923801188837,False
5959d1d1e,BRD-K03063480-001-05-8,PF-477736,CHK inhibitor,0.3554107210093887,0.29408702928257724,0.06132369172681146,False
597779c01,BRD-A53813595-001-01-8,PGL5001,JNK inhibitor,0.35459288261951866,0.3125999265014944,0.04199295611802428,False
59a598698,BRD-K42417338-045-01-9,butorphanol-(+)-tartrate,"opioid receptor agonist, opioid receptor antagonist",0.3447839863169162,0.30158422878640206,0.04319975753051414,False
59ba32d4e,BRD-K68408467-065-01-8,proflavine-hemisulfate,topical anesthetic,0.3592556510692583,0.2882511102311154,0.0710045408381429,False
5a0b9ccba,BRD-K67772619-001-05-1,rheochrysidin,protein tyrosine kinase inhibitor,0.3560901918008791,0.3168503875877842,0.039239804213094864,False
5a13d6c2c,BRD-A49160188-003-12-7,donepezil,acetylcholinesterase inhibitor,0.3085355772178529,0.30831783316485734,0.0002177440529955721,False
5a3c49d79,BRD-K81957469-001-01-0,semagacestat,gamma secretase inhibitor,0.32561658859859166,0.3202392583096931,0.005377330288898585,False
5a518a0f0,BRD-K17565903-066-23-1,pridinol,muscle relaxant,0.3268026460557038,0.3224068724287262,0.004395773626977628,False
5a5926a4e,BRD-K48061146-066-01-7,benztropine-mesylate,acetylcholine receptor antagonist,0.3420847504256549,0.324116681117344,0.017968069308310908,False
5aa46f542,BRD-A62421304-004-18-9,mepenzolate,acetylcholine receptor antagonist,0.3469299432456123,0.28836853038097704,0.05856141286463529,False
5ab0bda1e,BRD-K72029282-001-22-0,probucol,atherogenesis inhibitor,0.3826672802163684,0.3522847350340294,0.030382545182339016,False
5ab704064,BRD-A06390036-001-04-6,hydroquinidine,antiarrhythmic,0.33825217816953324,0.2982550312406644,0.039997146928868854,False
5ac378d8a,BRD-K81801188-001-02-8,PP-121,protein tyrosine kinase inhibitor,0.3510908951121089,0.3362069538489633,0.014883941263145573,False
5acc1b4a5,BRD-K39467894-001-05-9,nithiamide,bacterial DNA inhibitor,0.33255218224015914,0.31202922384401116,0.020522958396147983,False
5ad076ffe,BRD-A49160188-003-12-7,donepezil,acetylcholinesterase inhibitor,0.34857956761527686,0.30976584799794415,0.03881371961733271,False
5adcd38c7,BRD-K72327355-001-14-7,baicalein,lipoxygenase inhibitor,0.36926945346043455,0.34447577612205654,0.024793677338378006,False
5b07bdf86,BRD-K46731503-050-01-8,fesoterodine,acetylcholine receptor antagonist,0.30851621650776284,0.28622819224102763,0.022288024266735207,False
5b132e580,BRD-K41567364-001-04-6,SB-334867,orexin receptor antagonist,0.3380025591400373,0.33521367385488066,0.0027888852851566392,False
5b4c20c9e,BRD-K52911425-001-09-8,GDC-0941,PI3K inhibitor,0.46421056920017956,0.3950709408274421,0.06913962837273746,False
5b6e8b52d,BRD-K26862302-001-05-2,diosmetin,aryl hydrocarbon receptor agonist,0.3844255821388075,0.3444122273657644,0.04001335477304313,False
5b900c81b,BRD-A61676498-001-06-6,climbazole,enzyme inducer,0.33441864755362233,0.3264361286879706,0.007982518865651711,False
5bac87c31,BRD-K20141153-003-13-7,atomoxetine,norepinephrine transporter inhibitor,0.4105016869339586,0.3679908935173617,0.042510793416596915,False
5bbc89d67,BRD-K80639402-003-02-9,SB-258585,serotonin receptor antagonist,0.28779902336105984,0.2603957924764405,0.027403230884619323,False
5bc490161,BRD-A09094913-065-01-0,strychnine,acetylcholine receptor antagonist,0.3787896173807974,0.3032518668846135,0.07553775049618394,False
5bd4f7871,BRD-K01683783-001-02-6,TAK-901,Aurora kinase inhibitor,0.3981121671086598,0.3677133723626854,0.0303987947459744,False
5c5d231dc,BRD-K32218650-001-01-6,MBX-2982,glucose dependent insulinotropic receptor agonist,0.3392156681106677,0.3345186775038459,0.004696990606821827,False
5c68cde71,BRD-K93880783-001-26-6,stavudine,"DNA directed DNA polymerase inhibitor, nucleoside reverse transcriptase inhibitor",0.3078882780079651,0.2941896608089228,0.013698617199042307,False
5c9c8a14c,BRD-K78096648-001-05-7,oxiperomide,dopamine receptor antagonist,0.3525747331674358,0.32465717881503947,0.027917554352396345,False
5ca4b0b03,BRD-K41876534-001-13-7,tioxolone,carbonic anhydrase inhibitor,0.35448849451878767,0.32156520160087365,0.032923292917914015,False
5cb1e784b,BRD-K40870905-001-01-7,CT-7758,integrin antagonist,0.35627831853117736,0.3320777839647861,0.024200534566391263,False
5cbe59708,BRD-K80778372-001-02-5,Ro-19-4605,,0.42891945245018304,0.3533869732449682,0.07553247920521483,False
5cc5a5a19,BRD-K07310275-001-02-5,PF-04691502,"mTOR inhibitor, PI3K inhibitor",0.4049503483994539,0.3764576958674283,0.028492652532025597,False
5cdc04c1e,BRD-K95053546-001-02-7,tempol,free radical scavenger,0.4857467689565223,0.3301773674308966,0.1555694015256257,False
5cdcbd29e,BRD-A71157293-003-10-0,fursultiamine,vitamin B,0.32093056399832015,0.24462063768029213,0.07630992631802802,False
5ce665b1c,BRD-K06858286-001-01-3,cabazitaxel,microtubule inhibitor,0.6917583034190182,0.6807951158558454,0.010963187563172827,True
5d1e27b26,BRD-K40901640-003-01-6,cinanserin,serotonin receptor antagonist,0.34441602536056315,0.33557307050341223,0.00884295485715092,False
5d43da005,BRD-K77634909-001-03-5,AEG3482,HSP inducer,0.3997167691618622,0.3665492390039784,0.03316753015788382,False
5d7696953,BRD-A44500574-001-01-8,FLI-06,notch signaling inhibitor,0.6849853842577541,0.38602916753565597,0.29895621672209816,True
5d8f149da,BRD-K13495773-001-11-4,creatinine,,0.3640054243988291,0.33517589115278135,0.028829533246047756,False
5d9a42dc4,BRD-K28965160-001-01-1,BVD-523,MAP kinase inhibitor,0.7119274704882275,0.711345497815175,0.0005819726730524888,True
5d9bb0ebe,BRD-A18763547-300-05-5,BAX-channel-blocker,cytochrome C release inhibitor,0.40305233668252205,0.33512668998179157,0.06792564670073048,False
5dad3f0e4,BRD-K51937257-001-01-4,bilastine,histamine receptor antagonist,0.2997818971859157,0.2970558665824404,0.0027260306034753157,False
5db1c69e6,BRD-K44009692-001-02-3,hyodeoxycholic-acid,atherosclerosis formation inhibitor,0.402099844792703,0.38292528894723826,0.019174555845464736,False
5db8b1e23,BRD-K89634775-001-09-9,allylthiourea,nitrification inhibitor,0.36337815741016516,0.3559591006273342,0.007419056782830946,False
5dba7da37,BRD-K04414442-001-08-3,SB-222200,tachykinin antagonist,0.2904900443534974,0.25518353158279217,0.035306512770705234,False
5dc88ae8a,BRD-K21913543-001-02-4,fluorescein,,0.2815075067381133,0.2781676781982311,0.0033398285398821836,False
5de2e119d,BRD-K61665160-001-01-5,BYK-204165,PARP inhibitor,0.37002168106362426,0.34040277552576087,0.029618905537863394,False
5def38f5f,BRD-K37720887-001-07-8,SB-525334,TGF beta receptor inhibitor,0.3600900593780794,0.3329305679371057,0.027159491440973738,False
5dfc637cd,BRD-K99107520-001-24-1,felbamate,glutamate receptor antagonist,0.32019172639140153,0.29810420433581264,0.022087522055588893,False
5e16befdd,BRD-K33127281-001-05-6,adapalene,retinoid receptor agonist,0.3843375443953783,0.37695921386552506,0.007378330529853261,False
5e6359c7c,BRD-A49544621-003-02-8,AC-7954-(+/-),urotensin receptor agonist,0.3164417801897975,0.27530893855437427,0.041132841635423245,False
5e6f37c30,BRD-K72327355-001-14-7,baicalein,lipoxygenase inhibitor,0.27660159188252414,0.24117087440350038,0.035430717479023766,False
5e73bee71,BRD-K37289225-001-36-4,clozapine,"dopamine receptor antagonist, serotonin receptor antagonist",0.3409121379804545,0.31899966816179975,0.021912469818654745,False
5ec98e006,BRD-K32744045-001-31-2,disulfiram,"aldehyde dehydrogenase inhibitor, DNA methyltransferase inhibitor, TRPV agonist",0.32710896882549667,0.2791464877459372,0.04796248107955947,False
5ee773734,BRD-K72904818-001-01-1,NNC-63-0532,opioid receptor agonist,0.3129999706774433,0.3017797286073699,0.011220242070073383,False
5ef1bbe9e,BRD-K44844162-001-01-6,taselisib,PI3K inhibitor,0.748372199705843,0.5524626368162997,0.1959095628895433,True
5f024c577,BRD-K44876623-001-03-7,zolpidem,benzodiazepine receptor agonist,0.33861141428003405,0.3295920759260789,0.00901933835395513,False
5f039ad10,BRD-K55305701-001-01-2,SC-144,P glycoprotein inhibitor,0.4567050378484385,0.40897906388863553,0.04772597395980299,False
5f146f9eb,BRD-A50028488-001-01-6,TCS2002,glycogen synthase kinase inhibitor,0.35427441685835775,0.33567115410532067,0.018603262753037086,False
5f326dadb,BRD-A04203391-001-08-3,piricapiron,"dopamine receptor antagonist, serotonin receptor antagonist",0.30392440332686316,0.28800341992939194,0.015920983397471222,False
5f53dbb60,BRD-K44004064-001-07-3,acefylline,adenosine receptor agonist,0.37691585247951864,0.34135524199917106,0.03556061048034759,False
5f5bcae2c,BRD-K64800655-001-07-4,PHA-793887,CDK inhibitor,0.5372655783026999,0.5033743600242965,0.03389121827840347,True
5f86753d1,BRD-K36269323-300-02-6,asymmetrical-dimethylarginine,nitric oxide synthase inhibitor,0.35075917981442334,0.3414158043011494,0.009343375513273966,False
5fa33e0d4,BRD-A43435802-001-02-0,mercaptosuccinic-acid,,0.3500914545454032,0.3150674874296043,0.035023967115798915,False
5fe9c41db,BRD-A48237631-001-04-8,mitomycin-c,"DNA alkylating agent, DNA synthesis inhibitor",0.4941741303879713,0.44838757457653494,0.04578655581143637,False
5ffab4462,BRD-K10065684-001-07-4,dantron,laxative,0.364509607848589,0.3593317556620008,0.005177852186588172,False
6016d4866,BRD-A64610707-001-04-4,pranoprofen,cyclooxygenase inhibitor,0.35264554067372084,0.3210345203353357,0.03161102033838514,False
601af9b8d,BRD-K08231299-001-08-1,propoxur,,0.35826260483142713,0.3508995369553169,0.007363067876110241,False
601b091c0,BRD-K55191674-237-18-3,benzylpenicillin,penicillin binding protein inhibitor,0.3089447350601636,0.28830317652756604,0.02064155853259758,False
60722ee04,BRD-K65786282-001-07-5,CGP-7930,GABA receptor modulator,0.3585335923590612,0.3400747293998491,0.018458862959212063,False
608a0a4eb,BRD-K77841042-001-14-1,brefeldin-a,protein synthesis inhibitor,0.34248798752371695,0.3262258896604568,0.01626209786326016,False
60d87ebe7,BRD-A79431551-001-01-1,3-deazaadenosine,adenosylhomocysteinase inhibitor,0.34143154307249435,0.296018988436588,0.04541255463590632,False
60fb1a2e9,BRD-K92723993-001-06-7,imatinib,"Bcr-Abl kinase inhibitor, KIT inhibitor, PDGFR tyrosine kinase receptor inhibitor",0.5919380449741122,0.523789696550193,0.06814834842391915,True
61155e673,BRD-A92630576-050-24-1,trimebutine,opioid receptor agonist,0.3655686694461902,0.3336435100098047,0.03192515943638552,False
6125952bb,BRD-K96358241-001-01-9,harringtonine,protein synthesis inhibitor,0.3370853814894376,0.3334662010610507,0.0036191804283869367,False
6133c8ca0,BRD-K79892937-001-02-5,phenolsulfonphthalein,,0.3041168788519008,0.2760603961549013,0.028056482696999507,False
61ecd9a5b,BRD-A68304895-003-02-2,BTS-54505,dopamine reuptake inhibitor,0.5069260406829665,0.4939284278551577,0.012997612827808813,True
620a76eb1,BRD-K04176066-001-08-3,bergenin,interleukin inhibitor,0.41099964692965285,0.34296435249081103,0.06803529443884182,False
62175d766,BRD-K67601717-037-02-4,almotriptan,serotonin receptor agonist,0.3523143425224234,0.29852626112845043,0.05378808139397295,False
62279748f,BRD-K51544265-001-04-2,cabozantinib,"RET tyrosine kinase inhibitor, VEGFR inhibitor",0.6174569804265467,0.49458995740034345,0.12286702302620328,True
622d45011,BRD-K71512533-066-02-8,SNS-314,Aurora kinase inhibitor,0.4171273081850361,0.3638251643914772,0.05330214379355891,False
625ee9176,BRD-K82027074-001-07-5,2-hydroxyflutamide,androgen receptor antagonist,0.34082116861425815,0.3041188314463614,0.036702337167896726,False
6262ba4a9,BRD-A87983072-001-01-1,benzotript,CCK receptor antagonist,0.33509076172263197,0.30868452119436607,0.0264062405282659,False
6274c8c1f,BRD-A83802939-304-04-2,dexamethasone-sodium-phosphate,glucocorticoid receptor agonist,0.3664699760239156,0.3215163380225999,0.04495363800131574,False
627d2d158,BRD-A93093700-001-02-9,temazepam,benzodiazepine receptor agonist,0.4837299780685947,0.4793665329303512,0.0043634451382434936,False
62a1142b7,BRD-K21867462-001-02-9,GSK2816126,histone lysine methyltransferase inhibitor,0.3881550545923015,0.3648762662410156,0.023278788351285884,False
62ad50147,BRD-K75466013-001-14-4,benzocaine,sodium channel blocker,0.3571944492160133,0.33016989543441355,0.027024553781599736,False
62be1e189,BRD-K92723993-001-06-7,imatinib,"Bcr-Abl kinase inhibitor, KIT inhibitor, PDGFR tyrosine kinase receptor inhibitor",0.5958284733908671,0.5455389485889768,0.050289524801890306,True
62e323023,BRD-K72384124-001-08-0,sulbentine,other antifungal,0.3443532079128538,0.33581850619364184,0.008534701719211946,False
62ff1ff60,BRD-K11911061-003-11-9,GR-127935,serotonin receptor antagonist,0.43572113041958266,0.3993574734479876,0.03636365697159505,False
6314aae76,BRD-A56858165-001-04-4,cefadroxil,bacterial cell wall synthesis inhibitor,0.39076644393631826,0.3438710726167003,0.04689537131961796,False
6324b63b6,BRD-K85066592-001-01-6,gly-gln,,0.35718331301268963,0.350903722189485,0.006279590823204617,False
6326e38e9,BRD-K04993719-001-01-7,LY2334737,"antitumor agent, ribonucleotide reductase inhibitor",0.38867950544563984,0.37310436910546585,0.01557513634017399,False
6333d8b74,BRD-K54790157-001-15-5,trioxsalen,DNA synthesis inhibitor,0.3379824246536389,0.3153170617389011,0.022665362914737808,False
63425c3b3,BRD-K18673820-001-15-5,folic-acid,folate receptor ligand,0.2753514952418799,0.245314459094932,0.030037036146947915,False
63488f32f,BRD-K15834839-001-02-3,lobendazole,anthelmintic agent,0.3756195341822924,0.3426989782702483,0.03292055591204407,False
636db6870,BRD-K41876534-001-13-7,tioxolone,carbonic anhydrase inhibitor,0.4886376560756739,0.4527331518880574,0.03590450418761648,False
639ad146a,BRD-K22314899-001-02-4,CH223191,aryl hydrocarbon receptor antagonist,0.31076702365967823,0.2838693796585665,0.02689764400111172,False
63ad36fb6,BRD-A82522119-001-01-7,tibolone,"androgen receptor agonist, estrogen receptor agonist, progesterone receptor agonist",0.319569441933956,0.3128381509236224,0.0067312910103335954,False
63c96bd5d,BRD-K85402309-389-03-2,dovitinib,"EGFR inhibitor, FGFR inhibitor, FLT3 inhibitor, PDGFR tyrosine kinase receptor inhibitor, VEGFR inhibitor",0.5133112285723379,0.39450192366339903,0.11880930490893887,True
63f43cb38,BRD-K56115039-003-02-1,BU226,imidazoline receptor ligand,0.34346533862950246,0.34331855261708377,0.00014678601241868705,False
63fa34e99,BRD-K13756951-001-01-4,bitopertin,"glycine transporter inhibitor, GlyT-1 inhibitor",0.5652112303722464,0.5196371771429208,0.04557405322932562,True
63ffa9918,BRD-K92848252-001-01-9,diminazene-aceturate,angiotensin converting enzyme activator,0.35225151978295927,0.34093651974402234,0.011315000038936929,False
640db04b0,BRD-K93034159-001-25-8,cladribine,"adenosine deaminase inhibitor, ribonucleotide reductase inhibitor",0.4933834161116742,0.4857669053900299,0.007616510721644265,False
6448c1934,BRD-K32405725-001-02-8,etomoxir,carnitine palmitoyltransferase inhibitor,0.28382062535005725,0.24793757820928913,0.03588304714076812,False
646fd293d,BRD-K09619322-001-03-8,CD-1530,retinoid receptor agonist,0.4961949776715934,0.357534932065915,0.13866004560567835,False
647c5de12,BRD-K26325692-003-01-3,API-001,sigma receptor antagonist,0.34427246168214043,0.27102258414492764,0.07324987753721279,False
6482bd380,BRD-A50675702-001-07-1,fipronil,"chloride channel blocker, GABA gated chloride channel blocker",0.41270262418489456,0.35439514904395036,0.0583074751409442,False
648905d98,BRD-K36862742-001-25-6,hydroflumethiazide,sodium/potassium/chloride transporter inhibitor,0.2905342794519076,0.2737044839536342,0.016829795498273348,False
6499d33fd,BRD-K46742498-003-11-0,alosetron,serotonin receptor antagonist,0.35683110901158754,0.3003876238341237,0.05644348517746384,False
649d95014,BRD-K89072800-001-01-8,2-TEDC,lipoxygenase inhibitor,0.3017032081209996,0.29515227750375556,0.006550930617244044,False
64a61d483,BRD-K91822704-003-07-2,torcitabine,DNA polymerase inhibitor,0.42144338815918087,0.29492516601006996,0.1265182221491109,False
64c4c2b32,BRD-A42270467-001-04-4,tenatoprazole,ATPase inhibitor,0.32037981350793543,0.30781143888467993,0.012568374623255496,False
64cdb6b96,BRD-K95142244-001-01-5,talazoparib,PARP inhibitor,0.48276760495505805,0.4246180384340913,0.058149566520966756,False
64faf6255,BRD-K99498722-001-02-6,plinabulin,tubulin polymerization inhibitor,0.40749589009375436,0.3889042565596208,0.018591633534133567,False
6509a4c73,BRD-K94420399-001-01-9,PF-04136309,CC chemokine receptor antagonist,0.3732018839157484,0.32741278373220367,0.045789100183544706,False
650c0ae52,BRD-K13167095-001-02-9,AR-42,HDAC inhibitor,0.392581894004877,0.37538718997486187,0.017194704030015107,False
6511c8e6e,BRD-K36381762-300-02-7,nor-Binaltorphimine-dihydrochloride,opioid receptor antagonist,0.30993091882860385,0.27959521575385077,0.030335703074753084,False
6523ad4c8,BRD-A23359898-003-10-0,sibutramine,serotonin-norepinephrine reuptake inhibitor (SNRI),0.2993041615541976,0.2636617343562105,0.0356424271979871,False
6540c0b79,BRD-K65678996-001-05-5,nefiracetam,"acetylcholine receptor agonist, benzodiazepine receptor agonist",0.32863776240545345,0.32580864115307434,0.0028291212523791076,False
654b180f8,BRD-K89071957-001-01-1,CTS21166,beta-secretase inhibitor,0.3461209866597483,0.27811797114754927,0.068003015512199,False
655e8d881,BRD-K49962337-001-01-1,baicalin,beta glucuronidase inhibitor,0.38953579185917075,0.3822279043289093,0.007307887530261459,False
658cf6c71,BRD-K55013654-003-02-3,lorcaserin,serotonin receptor agonist,0.34638840086584827,0.3226824442439832,0.023705956621865087,False
6597149ef,BRD-K43887077-003-26-3,dopamine,dopamine receptor agonist,0.34743729475255014,0.33651100838750875,0.010926286365041393,False
659d59aa0,BRD-K67943528-050-01-4,lisuride,dopamine receptor agonist,0.41751958205162276,0.4039050054063038,0.013614576645318954,False
65a17f42f,BRD-K51486818-003-02-8,lazabemide,monoamine oxidase inhibitor,0.4234488785024742,0.3106391147349765,0.11280976376749768,False
65a37e70b,BRD-K14711741-001-02-1,PF-4708671,ribosomal protein inhibitor,0.4071749357739454,0.3583072871693737,0.04886764860457171,False
65d7f344a,BRD-K40758068-001-08-2,efavirenz,HIV protease inhibitor,0.3361092966798019,0.2818797446256764,0.054229552054125496,False
65fe1ef3a,BRD-K73477617-001-08-5,dibutyl-phthalate,,0.3324756590026765,0.3296365424060081,0.0028391165966684118,False
660685937,BRD-K97428065-001-01-2,netupitant,tachykinin antagonist,0.28174419087459773,0.2777241754205075,0.004020015454090253,False
6609f523a,BRD-K63750851-001-20-7,mycophenolic-acid,"dehydrogenase inhibitor, inositol monophosphatase inhibitor",0.45171349361466867,0.43394450881640345,0.01776898479826522,False
661a4dd2f,BRD-K67261995-001-11-7,iodipamide,radiopaque medium,0.31243908604788506,0.2849649691324008,0.027474116915484237,False
66228e858,BRD-K82142815-001-19-1,betamipron,panipenem uptake inhibitor,0.34747868301106294,0.2866667823104907,0.06081190070057224,False
6645347b9,BRD-K49759007-001-11-9,4-hydroxy-phenazone,,0.4333130572211925,0.36801613417920925,0.06529692304198326,False
6657979c4,BRD-K26862302-001-05-2,diosmetin,aryl hydrocarbon receptor agonist,0.3610837640640378,0.33028612718424416,0.030797636879793644,False
66664cde2,BRD-K27393415-001-01-0,xipamide,carbonic anhydrase inhibitor,0.3397818474070078,0.25042321336732937,0.08935863403967842,False
667f6e292,BRD-K16295392-003-01-3,atrasentan,endothelin receptor antagonist,0.35604509724078226,0.3182999339318795,0.03774516330890276,False
668260b02,BRD-K22385716-001-02-5,LY303511,"casein kinase inhibitor, mTOR inhibitor, PI3K inhibitor",0.307809865366088,0.27690581176436924,0.030904053601718773,False
668bd9b0f,BRD-K40175214-001-11-6,torin-1,mTOR inhibitor,0.48814843578029504,0.46497408569166676,0.02317435008862828,False
66d1837cc,BRD-A13188892-066-21-5,doxazosin,adrenergic receptor antagonist,0.43227661947596324,0.3503137330985807,0.08196288637738253,False
66dc0685e,BRD-K91370081-001-25-1,anisomycin,DNA synthesis inhibitor,0.4698963053921025,0.45350190235391225,0.01639440303819023,False
66f13dd14,BRD-K15834839-001-02-3,lobendazole,anthelmintic agent,0.3308356006069189,0.3134018783137966,0.01743372229312229,False
66f251fd0,BRD-K76568384-001-02-2,PHTPP,estrogen receptor antagonist,0.4184798479701238,0.30019751482302237,0.1182823331471014,False
66ff35613,BRD-K22193694-001-13-6,dioxybenzone,topical sunscreen agent,0.35678394510858374,0.2993254866009527,0.05745845850763104,False
673a97299,BRD-K80431395-001-09-9,triciribine,AKT inhibitor,0.551333330679142,0.4002976114298875,0.15103571924925452,True
673c67b84,BRD-K86972824-001-02-2,oltipraz,"nuclear factor erythroid derived, like (NRF2) activator",0.3809291427851842,0.3334512094916257,0.04747793329355848,False
673e4579f,BRD-K49880111-236-09-2,cephapirin,bacterial cell wall synthesis inhibitor,0.33525612671269744,0.30952292709374585,0.025733199618951597,False
6745c5cad,BRD-K30563334-001-02-9,rifabutin,protein synthesis inhibitor,0.3113618129056733,0.2948048603106757,0.016556952594997565,False
677c0e043,BRD-K24084088-001-11-3,paraxanthine,adenosine receptor antagonist,0.3831747432377377,0.3487696476814124,0.034405095556325316,False
677ee6c42,BRD-A09554849-236-07-6,8-bromo-cAMP,PKA activator,0.37528064302041936,0.344591654181196,0.03068898883922333,False
67a5142d4,BRD-K97764662-001-17-3,PD-173074,"FGFR inhibitor, VEGFR inhibitor",0.35249150470349727,0.3462934366000767,0.006198068103420551,False
67b8f0a99,BRD-A98378129-001-02-2,talniflumate,cyclooxygenase inhibitor,0.3737728503751293,0.319395220182826,0.054377630192303295,False
67bb07b93,BRD-K52080565-001-09-2,nandrolone,imidazoline receptor agonist,0.3395307656100434,0.33594979816366327,0.0035809674463801455,False
67c4672f3,BRD-A13946108-001-17-1,sulindac,cyclooxygenase inhibitor,0.3560084679846714,0.3222911428917003,0.033717325092971095,False
67c879e79,BRD-K55305701-001-01-2,SC-144,P glycoprotein inhibitor,0.5328542360402376,0.44384009636230976,0.08901413967792787,True
67f1e7c58,BRD-K99964838-001-11-9,bosutinib,"Abl kinase inhibitor, Bcr-Abl kinase inhibitor, src inhibitor",0.5374316452341275,0.4940716193917838,0.043360025842343664,True
67faa565c,BRD-K82484965-003-03-5,carmoxirole,dopamine receptor agonist,0.3844219125660819,0.31449305292169677,0.06992885964438511,False
6820aeb6d,BRD-K05181084-003-03-7,NGB-2904,dopamine receptor antagonist,0.2987634536302333,0.2860542282147319,0.012709225415501402,False
68282e3fb,BRD-K85402309-389-03-2,dovitinib,"EGFR inhibitor, FGFR inhibitor, FLT3 inhibitor, PDGFR tyrosine kinase receptor inhibitor, VEGFR inhibitor",0.45910008868255064,0.4385318951534572,0.020568193529093448,False
685a2dbd1,BRD-K78485176-001-07-8,olmesartan-medoxomil,angiotensin receptor antagonist,0.32755533400439246,0.292390177798094,0.035165156206298454,False
685f4da60,BRD-K98572433-001-02-9,AZD8931,EGFR inhibitor,0.42449191354539473,0.4199922729796018,0.0044996405657929395,False
68869f4e9,BRD-K60038276-001-09-0,irbesartan,angiotensin receptor antagonist,0.3692333386420002,0.33755830547045307,0.03167503317154713,False
6895c50ed,BRD-K47554101-001-01-2,eperezolid,bacterial 30S ribosomal subunit inhibitor,0.3139005739110999,0.30426309546260605,0.00963747844849383,False
68b8c1d2c,BRD-K97399794-001-15-3,quercetin,polar auxin transport inhibitor,0.33616076675369316,0.3308074344877178,0.005353332265975341,False
68c329b79,BRD-A14208071-004-19-8,oxyphenonium,cholinergic receptor antagonist,0.3345877067021691,0.3194576586474787,0.01513004805469037,False
690c67f98,BRD-K31553034-001-03-0,zibotentan,endothelin receptor antagonist,0.3832922717180204,0.3534662463279358,0.02982602539008461,False
691956bc1,BRD-K46839850-050-04-2,cinepazide,calcium channel activator,0.3726541990762246,0.31087383867754237,0.06178036039868223,False
694423d34,BRD-K85402309-001-06-6,dovitinib,"EGFR inhibitor, FGFR inhibitor, FLT3 inhibitor, PDGFR tyrosine kinase receptor inhibitor, VEGFR inhibitor",0.36619478604324335,0.3411899685690338,0.025004817474209573,False
697cb2e39,BRD-K04833372-001-06-2,GSK1904529A,"IGF-1 inhibitor, insulin growth factor receptor inhibitor, insulin receptor ligand",0.34410210011377107,0.31283278451494523,0.03126931559882584,False
6986f2497,BRD-K61097567-001-08-5,SB-218795,tachykinin antagonist,0.36663966876097975,0.34982796545386563,0.016811703307114123,False
69a679a4c,BRD-K85402309-389-03-2,dovitinib,"EGFR inhibitor, FGFR inhibitor, FLT3 inhibitor, PDGFR tyrosine kinase receptor inhibitor, VEGFR inhibitor",0.48836389342158504,0.44937697293842477,0.03898692048316027,False
69afcb665,BRD-K23566484-001-15-1,nilutamide,androgen receptor antagonist,0.3599676500416611,0.338778496925619,0.02118915311604208,False
69bafa12c,BRD-A17462676-003-11-6,bambuterol,adrenergic receptor agonist,0.32306237296300877,0.31538784334653097,0.007674529616477799,False
69e723380,BRD-K65544384-001-15-8,4-aminohippuric-acid,,0.37701433989843447,0.37525458643065124,0.0017597534677832316,False
69e995bbc,BRD-K64800655-001-07-4,PHA-793887,CDK inhibitor,0.2942935897995233,0.26701265948577546,0.027280930313747842,False
6a1616f45,BRD-K81130846-001-17-4,salicylamide,analgesic agent,0.32090771260796497,0.32065228250485206,0.00025543010311290804,False
6a1c3dbaa,BRD-A73871920-236-03-6,nanchangmycin,other antibiotic,0.28806394588817724,0.26127307445773756,0.026790871430439678,False
6a3bdd1f3,BRD-A44448661-001-04-8,pentobarbital,"barbiturate antiepileptic, GABA receptor modulator",0.33308064457389575,0.33253302612228064,0.0005476184516151061,False
6a45e10e3,BRD-K54708045-001-02-1,nTZDpa,PPAR receptor agonist,0.3970346391641101,0.3904851263011676,0.006549512862942475,False
6a4ad6b60,BRD-K70557564-305-03-6,zosuquidar,P glycoprotein inhibitor,0.3508213744833431,0.3289395789617791,0.021881795521563996,False
6a652b57d,BRD-K15834839-001-02-3,lobendazole,anthelmintic agent,0.317430753888277,0.3031992479764676,0.014231505911809439,False
6a73f4bc7,BRD-K73381198-001-01-1,5-fluoro-3-pyridyl-methanol,,0.3278508237530805,0.31099331278360687,0.016857510969473632,False
6a7e3f282,BRD-K68185022-001-14-8,ursolic-acid,"ATPase inhibitor, NFkB pathway inhibitor, STAT inhibitor",0.378515938381316,0.32677490504852513,0.05174103333279084,False
6a7fd5fd2,BRD-K72384124-001-08-0,sulbentine,other antifungal,0.35650422507372087,0.3450420498846671,0.011462175189053792,False
6a834c77e,BRD-A40084411-003-07-7,CGP-12177,adrenergic receptor agonist,0.36642095627149884,0.30743502466100714,0.058985931610491704,False
6a8e97963,BRD-K92657060-001-05-7,zaleplon,benzodiazepine receptor agonist,0.31884883159101846,0.31759820496723057,0.0012506266237878871,False
6aa148114,BRD-A55913614-316-09-6,primaquine,"antimalarial agent, DNA inhibitor",0.30844772032745954,0.3002649796600265,0.00818274066743302,False
6ab5f49ce,BRD-K80451230-051-02-6,zamifenacin,acetylcholine receptor antagonist,0.3827854208386767,0.3416737318392214,0.04111168899945533,False
6acba9513,BRD-K96263742-001-14-8,GW-7647,PPAR receptor agonist,0.4194813336589316,0.36445604271190074,0.05502529094703085,False
6adcb05b2,BRD-A23359898-003-10-0,sibutramine,serotonin-norepinephrine reuptake inhibitor (SNRI),0.29758469378754143,0.261039598040731,0.03654509574681042,False
6addf9927,BRD-K68164687-001-01-6,epothilone-b,"microtubule stabilizing agent, tubulin polymerization inhibitor",0.5665021258890991,0.5335603767312125,0.03294174915788661,True
6ae801d3b,BRD-K25312248-001-01-5,matrine,opioid receptor agonist,0.3840163628814271,0.31863474262872216,0.06538162025270494,False
6aeb27c9f,BRD-K81855038-003-13-9,roxatidine-acetate,histamine receptor antagonist,0.3472619939144381,0.3212543857522394,0.026007608162198714,False
6aebeddc6,BRD-K37694030-003-12-7,doxepin,histamine receptor antagonist,0.3382321504639006,0.3178408381633063,0.020391312300594266,False
6af506b12,BRD-K54606188-001-13-1,JQ1-(+),bromodomain inhibitor,0.4433714361955233,0.3782245611810821,0.06514687501444122,False
6af52e87e,BRD-K08791496-001-01-0,fenaclon,,0.3645736716720105,0.33016793849066933,0.03440573318134116,False
6b039baf0,BRD-A83802939-304-04-2,dexamethasone-sodium-phosphate,glucocorticoid receptor agonist,0.4601977423134993,0.42257365185507256,0.03762409045842674,False
6b06d32ba,BRD-A25687296-300-04-3,emetine,protein synthesis inhibitor,0.2822518407889184,0.2774754264896088,0.004776414299309584,False
6b099f4be,BRD-K07691486-001-15-5,roscovitine,CDK inhibitor,0.32270947701935904,0.3027761555514716,0.019933321467887455,False
6b1b8aee1,BRD-K28007504-051-01-2,Ro-60-0175,,0.3938541470936862,0.33052080517216303,0.06333334192152318,False
6b27abb86,BRD-K07283971-001-01-3,oxyclozanide,,0.346019318745706,0.32124942753020697,0.02476989121549905,False
6b2d73b7d,BRD-K77841042-001-14-1,brefeldin-a,protein synthesis inhibitor,0.37962902476095234,0.37675107398838537,0.002877950772566973,False
6b34e9796,BRD-K22097830-001-01-9,OCO-1112,cholesterol inhibitor,0.39976588305912014,0.3055423789611188,0.09422350409800134,False
6b47c2de9,BRD-K72327355-001-14-7,baicalein,lipoxygenase inhibitor,0.2987621429666156,0.28171572782553117,0.017046415141084403,False
6b8557352,BRD-K28863208-001-02-0,PNU-282987,cholinergic receptor agonist,0.3958198334686452,0.3084934419541246,0.0873263915145206,False
6b8b675cc,BRD-K14705039-001-16-4,sulfathiazole,dihydropteroate synthase inhibitor,0.3681777891659567,0.33355910962200025,0.034618679543956477,False
6b8ddd0d5,BRD-K64890080-001-13-8,BI-2536,PLK inhibitor,0.31094292219124087,0.29773571259398135,0.013207209597259517,False
6ba823ea2,BRD-K49759007-001-11-9,4-hydroxy-phenazone,,0.3322984063425815,0.3160840735651504,0.016214332777431117,False
6bb10b5bd,BRD-A14208071-004-19-8,oxyphenonium,cholinergic receptor antagonist,0.3537745470818449,0.31817291459042557,0.035601632491419344,False
6bb340664,BRD-K84895041-001-02-4,BMY-45778,IP1 prostacyclin receptor agonist,0.3678310765414738,0.3555452050999009,0.012285871441572893,False
6bc52f3ab,BRD-K65503129-001-06-3,CCT018159,HSP inhibitor,0.31260082878245987,0.29553295155489173,0.01706787722756814,False
6c1147903,BRD-A86354194-002-01-7,L-(+)-Rhamnose-Monohydrate,,0.38613822384418633,0.3658884651981957,0.020249758645990656,False
6c11c1fd7,BRD-K93632104-001-17-2,salicylic-acid,cyclooxygenase inhibitor,0.4181937040413874,0.3069692545608555,0.1112244494805319,False
6c1dc8477,BRD-K54665485-001-07-9,R-59022,"diacylglycerol kinase inhibitor, protein kinase inhibitor",0.32617301871118426,0.3048784097311524,0.02129460898003188,False
6c210797e,BRD-K69035426-001-01-3,omeprazole-sulfide,ATPase inhibitor,0.35506821415228773,0.35186662378273387,0.003201590369553864,False
6c3a459be,BRD-A36010170-001-04-0,amcinonide,glucocorticoid receptor agonist,0.3656670938221092,0.36084897810531924,0.004818115716789972,False
6c3a8ced5,BRD-A49399758-015-01-8,desmopressin-acetate,vasopressin receptor agonist,0.3867128419412089,0.3044099676763854,0.08230287426482352,False
6c3f1fb45,BRD-K95609758-001-03-7,BMS-191011,potassium channel activator,0.3332396192655904,0.33114254242516084,0.0020970768404295903,False
6c53d8743,BRD-K33379087-001-07-5,tivantinib,tyrosine kinase inhibitor,0.5352972099674463,0.5284005068584962,0.006896703108950186,True
6c665f098,BRD-A97437073-050-14-5,rosiglitazone,"insulin sensitizer, PPAR receptor agonist",0.3321845938075566,0.3096183945631378,0.022566199244418828,False
6c73dca82,BRD-K96159438-001-06-3,adefovir-dipivoxil,DNA polymerase inhibitor,0.37234056819786554,0.3510344856332279,0.02130608256463762,False
6c85eef96,BRD-K44665581-001-01-8,bromosporine,bromodomain inhibitor,0.4497691291399499,0.3855065484404581,0.06426258069949176,False
6c8ad2e0d,BRD-K24869513-001-02-1,CNX-2006,EGFR inhibitor,0.3336677212043698,0.3187977999914941,0.014869921212875725,False
6c90f6912,BRD-K47659338-003-02-8,EMD-386088,serotonin receptor agonist,0.29613453221289504,0.2839362781492567,0.012198254063638336,False
6ca507038,BRD-K40302533-001-02-9,PF-5274857,smoothened receptor antagonist,0.305587844372004,0.2797068345846864,0.025881009787317555,False
6cbc2e644,BRD-K06181161-048-15-1,carbetapentane,acetylcholine receptor antagonist,0.467789752140209,0.3122749781695879,0.15551477397062113,False
6cd966644,BRD-A61154809-001-15-9,gliclazide,"ATP channel blocker, insulin secretagogue",0.379928833616267,0.3189130657912587,0.06101576782500828,False
6d365d473,BRD-A85876464-001-01-5,nibentan,potassium channel blocker,0.3425062999855492,0.341442869450565,0.0010634305349842,False
6d373f4a5,BRD-K49783248-303-08-4,decamethonium,acetylcholine receptor agonist,0.37096612225705167,0.3201093153357984,0.05085680692125327,False
6d4b8a98c,BRD-K69122748-001-10-1,diacerein,interleukin inhibitor,0.3270531322452584,0.32271769703519415,0.004335435210064242,False
6d62ed1d1,BRD-A80017228-001-25-7,bendroflumethiazide,sodium/potassium/chloride transporter inhibitor,0.3424346973735914,0.3266278765657057,0.015806820807885702,False
6d96a6775,BRD-U45393375-000-01-6,sevelamer,phosphate antagonist,0.31706327628708536,0.28682290765981483,0.03024036862727053,False
6da69438c,BRD-K62374253-001-07-8,rufloxacin,bacterial DNA gyrase inhibitor,0.2539976834352565,0.2424857755462383,0.011511907889018236,False
6dae023ba,BRD-K97010173-001-04-1,deferasirox,chelating agent,0.28949455518917083,0.28798308381778437,0.0015114713713864636,False
6ddb71abd,BRD-A06627858-236-03-0,monensin,bacterial permeability inducer,0.3678658492303996,0.33242757890365693,0.03543827032674268,False
6def270ae,BRD-K64800655-001-07-4,PHA-793887,CDK inhibitor,0.5408671712430749,0.5279105996829911,0.012956571560083785,True
6dfda028e,BRD-K39915878-036-24-4,loxapine,"dopamine receptor antagonist, serotonin receptor antagonist",0.33876142160623224,0.33213501113548016,0.0066264104707520755,False
6e010878b,BRD-K80653534-001-01-7,N-acetyl-D-glucosamine,,0.3699269961293616,0.33940342776998456,0.03052356835937703,False
6e2b418c3,BRD-K39974922-001-04-3,lenvatinib,"FGFR inhibitor, KIT inhibitor, PDGFR tyrosine kinase receptor inhibitor, VEGFR inhibitor",0.44071572530735015,0.37495219608184366,0.06576352922550649,False
6e418401d,BRD-A43882281-001-15-5,pinacidil,"ATP channel activator, potassium channel activator",0.3502235668131419,0.33975311379058315,0.010470453022558723,False
6e4791c3a,BRD-K73440166-001-01-3,cinaciguat,guanylate cyclase activator,0.31434106016292485,0.2886237365537649,0.02571732360915996,False
6e6a1d184,BRD-K89055274-048-22-7,alverine,muscle relaxant,0.3149048149609273,0.2996726663488886,0.015232148612038698,False
6e8550f2f,BRD-K22745370-003-02-3,2-BFI,imidazoline receptor ligand,0.3226783658280485,0.3117770209384714,0.010901344889577058,False
6e986ee5c,BRD-K54247840-004-01-3,halofuginone,collagenase inhibitor,0.3744479953498308,0.37211906720415233,0.002328928145678477,False
6e9a63153,BRD-A55469827-001-07-4,mephenesin,muscle relaxant,0.3420914865771178,0.33706238024972907,0.005029106327388733,False
6ea69711f,BRD-K51544265-001-04-2,cabozantinib,"RET tyrosine kinase inhibitor, VEGFR inhibitor",0.62733419799144,0.5965136887055641,0.030820509285875874,True
6ea819c9e,BRD-A72711497-236-03-8,lasalocid,bacterial permeability inducer,0.32667982191390255,0.31742625832266824,0.009253563591234304,False
6eb8ff3da,BRD-K43164539-001-11-5,cholic-acid,bile acid,0.428285602241878,0.32397878311976785,0.10430681912211015,False
6eb97d70a,BRD-K68488863-001-04-9,ENMD-2076,"Aurora kinase inhibitor, FLT3 inhibitor, VEGFR inhibitor",0.5032173813643517,0.4295964238087248,0.07362095755562686,True
6ec93d617,BRD-A14395271-074-17-8,mesoridazine,dopamine receptor antagonist,0.37388796154633575,0.35511452273869853,0.01877343880763721,False
6ecbbb561,BRD-K54790157-001-15-5,trioxsalen,DNA synthesis inhibitor,0.42036388819455767,0.32193478817037685,0.09842910002418082,False
6ed25f7d9,BRD-A49906757-004-09-8,scopolamine-n-oxide,acetylcholine receptor antagonist,0.37319400582580725,0.36632512224033453,0.006868883585472718,False
6ef24fb20,BRD-K46914825-300-01-0,zimelidine,selective serotonin reuptake inhibitor (SSRI),0.37080214728200855,0.32275491758287983,0.048047229699128724,False
6efbb1ede,BRD-K62277907-001-01-6,PYM50028,neurotrophic agent,0.36108854114043404,0.3375074869781046,0.023581054162329418,False
6f039ecfb,BRD-A67516570-001-02-8,lafutidine,histamine receptor antagonist,0.28139195407910056,0.26677550661604277,0.014616447463057791,False
6f3b29e16,BRD-K42098891-003-20-5,protriptyline,tricyclic antidepressant,0.3210515823915838,0.276115191758754,0.04493639063282984,False
6f430a5f0,BRD-K34157611-001-16-0,cimetidine,histamine receptor antagonist,0.34927080508754826,0.3383488029439935,0.010922002143554765,False
6f4c937c6,BRD-K56483981-342-06-4,chicago-sky-blue-6b,"glutamate inhibitor, macrophage migration inhibiting factor inhibitor",0.31702006161110025,0.31664844312172413,0.0003716184893761132,False
6f61ab703,BRD-K90382497-001-10-7,GW-843682X,PLK inhibitor,0.4779306712607744,0.47679633120949516,0.0011343400512792146,False
6f71039b4,BRD-K61250553-003-32-2,loperamide,opioid receptor agonist,0.32295403965080016,0.29490011788035,0.028053921770450185,False
6f9d3c76f,BRD-K46742498-003-11-0,alosetron,serotonin receptor antagonist,0.4239735726219353,0.3691654853281899,0.05480808729374542,False
6fb10388c,BRD-A95869247-001-26-9,indapamide,thiazide diuretic,0.3749070062506644,0.33958729942517907,0.03531970682548535,False
6fb701ca1,BRD-K17075857-001-17-6,chloroxine,opioid receptor antagonist,0.3189660110461392,0.30695543210195075,0.012010578944188444,False
6fbc39c30,BRD-K05673000-236-12-1,dicloxacillin,bacterial cell wall synthesis inhibitor,0.3850322499832437,0.3468614344104391,0.038170815572804606,False
6fbceecd4,BRD-K37561857-001-15-5,zardaverine,phosphodiesterase inhibitor,0.38685574558303215,0.35987211060490554,0.026983634978126614,False
6fc11b2c5,BRD-K02241333-001-02-7,CHIR-124,CHK inhibitor,0.3785457507685571,0.343780750801672,0.034764999966885146,False
6fc581ecc,BRD-K74195153-050-12-1,irsogladine,phosphodiesterase inhibitor,0.3439490243197077,0.3250638316693112,0.01888519265039651,False
6fc781f84,BRD-A42270467-001-04-4,tenatoprazole,ATPase inhibitor,0.3369145972159034,0.29201947860878513,0.044895118607118256,False
6fe04582f,BRD-A92630576-050-24-1,trimebutine,opioid receptor agonist,0.3365796552879172,0.280725727456422,0.05585392783149523,False
6ff369788,BRD-K82028950-300-02-9,CGH2466,adenosine receptor antagonist,0.3025775412175284,0.29177569319448765,0.010801848023040739,False
6ffe70383,BRD-K60914966-001-01-4,etosalamide,anti-inflammatory agent,0.31633797834812377,0.3146844820723337,0.0016534962757900895,False
701fd55ef,BRD-K75089421-003-24-5,procainamide,sodium channel blocker,0.3497357481732099,0.3216714867136977,0.028064261459512185,False
702238187,BRD-K46742498-003-11-0,alosetron,serotonin receptor antagonist,0.32810764707557094,0.2621718999035221,0.06593574717204886,False
704bbbfad,BRD-K29546239-001-02-3,SNC-80,,0.432397984206595,0.4208495470079656,0.011548437198629358,False
704cc1b51,BRD-A08545410-003-08-6,doxycycline,metalloproteinase inhibitor,0.38492001984604085,0.36830284932432655,0.016617170521714297,False
704f5c80d,BRD-K41213548-001-02-0,KW-2478,HSP inhibitor,0.719351051461237,0.5805650583117821,0.13878599314945494,True
705966243,BRD-A25619068-003-03-4,fadrozole,aromatase inhibitor,0.4030723241776322,0.39567842091076993,0.0073939032668622895,False
70a8cfb4f,BRD-K38287497-001-01-2,narlaprevir,HCV inhibitor,0.32995668622891794,0.3221269250172516,0.007829761211666342,False
70aacd073,BRD-K23228615-001-02-8,GDC-0980,"mTOR inhibitor, PI3K inhibitor",0.510987021706618,0.47706664074179633,0.033920380964821695,True
70b0e57f1,BRD-K91370081-001-25-1,anisomycin,DNA synthesis inhibitor,0.39284515605436343,0.34738368358054644,0.04546147247381699,False
70cd13738,BRD-K68567222-001-01-2,BVT-948,tyrosine phosphatase inhibitor,0.32154465154859685,0.302779449522248,0.01876520202634885,False
70dab8a6b,BRD-K58049875-001-04-7,thiostrepton,"FOXM1 inhibitor, protein synthesis inhibitor",0.5000379598287997,0.4499439866045246,0.05009397322427511,True
70e371c71,BRD-K96055017-003-02-7,1-acetyl-4-methylpiperazine,acetylcholine receptor agonist,0.3568795587929927,0.3492359589072528,0.007643599885739927,False
70fa76dc8,BRD-A79981887-003-16-4,midodrine,adrenergic receptor agonist,0.3681221062564372,0.31655315223218145,0.051568954024255764,False
711198853,BRD-K68164687-001-01-6,epothilone-b,"microtubule stabilizing agent, tubulin polymerization inhibitor",0.6807659459858796,0.6219382647671209,0.0588276812187587,True
71334a1a3,BRD-K48722833-001-07-6,iloperidone,"dopamine receptor antagonist, serotonin receptor antagonist",0.33468802798786546,0.32785029460770926,0.006837733380156197,False
7179d2160,BRD-A64743628-001-01-5,isometheptene-mucate,,0.3517997024359927,0.32257307455284273,0.029226627883149947,False
717a8d00c,BRD-K64800655-001-07-4,PHA-793887,CDK inhibitor,0.4717091494063815,0.46130205612761893,0.010407093278762547,False
71985eca8,BRD-K05181084-003-03-7,NGB-2904,dopamine receptor antagonist,0.3437303387627824,0.27726007978640294,0.06647025897637948,False
71b4d9775,BRD-K46742498-003-11-0,alosetron,serotonin receptor antagonist,0.3867738349738134,0.31718358397069396,0.06959025100311944,False
72144a9f6,BRD-K98157055-001-10-9,SIB-1757,glutamate receptor antagonist,0.3567648063370449,0.3539914708121871,0.0027733355248577563,False
721570a19,BRD-K41406082-001-16-2,sulfapyridine,PABA antagonist,0.36542439838516877,0.31900657193919085,0.04641782644597792,False
721df760a,BRD-K47539947-001-03-7,tetradecylthioacetic-acid,lipid peroxidase inhibitor,0.3627891914500086,0.3302654289103969,0.0325237625396117,False
721fbbc54,BRD-K12120659-305-02-2,GR-144053,integrin antagonist,0.3248863402499356,0.28534865658193304,0.03953768366800259,False
7226e2204,BRD-K61269089-001-05-5,daphnetin,protein kinase inhibitor,0.33175216103329674,0.31183605653118807,0.019916104502108678,False
724c0c3db,BRD-A56371469-001-03-3,AGI-5198,isocitrate dehydrogenase inhibitor,0.4513052030557897,0.3949390947333697,0.056366108322420005,False
7257ff550,BRD-K84466663-001-05-4,nelarabine,"DNA synthesis inhibitor, T cell inhibitor",0.3408804212480699,0.31179950233313625,0.02908091891493364,False
728d555a4,BRD-K15834839-001-02-3,lobendazole,anthelmintic agent,0.2984378562436824,0.28986958518496997,0.00856827105871244,False
728eb0f63,BRD-K49807096-003-15-5,benazepril,angiotensin converting enzyme inhibitor,0.3792545972237902,0.32158481550943685,0.05766978171435333,False
729307d3a,BRD-K78126613-001-28-5,menadione,"mitochondrial DNA polymerase inhibitor, phosphatase inhibitor",0.299409993109035,0.29065648627596596,0.008753506833069025,False
729d0a916,BRD-K92731339-227-04-9,perindopril,angiotensin converting enzyme inhibitor,0.32383834919372123,0.3217173384757683,0.0021210107179529536,False
729f3ce84,BRD-A94523291-304-02-7,prednisolone-sodium-phosphate,glucocorticoid receptor agonist,0.3875810627608218,0.3274333604576566,0.06014770230316524,False
72d0488d1,BRD-K05464208-001-05-7,JX-401,p38 MAPK inhibitor,0.26188049850299877,0.24726832712485503,0.014612171378143746,False
72d0b6140,BRD-K48141473-001-01-7,cebranopadol,opioid receptor agonist,0.3558500988450375,0.33366223120171423,0.022187867643323256,False
72d5b6ce3,BRD-K18036262-001-02-8,L-168049,glucagon receptor antagonist,0.3412909829256593,0.3009261443338929,0.04036483859176637,False
72e3cc1b7,BRD-K01174345-001-01-9,anamorelin,growth hormone secretagogue receptor agonist,0.33603556430156106,0.3106337040026751,0.02540186029888597,False
72e97bc09,BRD-A45107007-001-03-4,salubrinal,eukaryotic translation initiation factor inhibitor,0.34285912523203127,0.2844065869391265,0.058452538292904754,False
72fd28b91,BRD-K71164191-001-01-0,KD-023,ACAT inhibitor,0.3444347662414948,0.33817515093298156,0.006259615308513267,False
7308ef7c1,BRD-K68810443-001-01-9,adiporon,adiponectin receptor agonist,0.3437774709398485,0.33787376346217907,0.00590370747766944,False
732f9e41f,BRD-A20644369-001-08-6,canrenone,mineralocorticoid receptor antagonist,0.4168780440333053,0.3363816149837877,0.08049642904951759,False
733a149a4,BRD-K36970462-001-01-6,tonabersat,"gap junction modulator, nitric oxide production inhibitor",0.333548611823366,0.31345256193478127,0.02009604988858471,False
7343524ec,BRD-K78113049-001-16-2,enoxacin,topoisomerase inhibitor,0.3471001250462827,0.30905200891685586,0.03804811612942682,False
734bb352c,BRD-K67277431-002-10-5,picotamide,"thromboxane receptor antagonist, thromboxane synthase inhibitor",0.37327465003344146,0.32364863098843455,0.04962601904500691,False
7380e6402,BRD-A68723818-050-32-5,brompheniramine,histamine receptor antagonist,0.3312206293677489,0.3115156622563823,0.0197049671113666,False
738854e8f,BRD-A14344385-001-03-2,IDRA-21,glutamate receptor positive allosteric modulator,0.4018049082190488,0.3753895519619307,0.026415356257118106,False
73aa9f9ff,BRD-K83063356-003-02-5,RS-102895,CCR antagonist,0.3694640172774583,0.30128557260001343,0.06817844467744488,False
73ab19cc6,BRD-K46839850-050-04-2,cinepazide,calcium channel activator,0.31963811584823804,0.283068166564218,0.03656994928402002,False
73ba9ce58,BRD-K03294269-001-08-0,NU6027,CDK inhibitor,0.3386617155619942,0.3248746398535277,0.01378707570846649,False
73c04bcc5,BRD-A29944538-003-08-3,proxodolol,adrenergic receptor antagonist,0.43349988525658717,0.3445500558687427,0.08894982938784446,False
73d4e3797,BRD-K31866293-001-01-6,TAK-632,RAF inhibitor,0.4476902369490992,0.3756107894611515,0.0720794474879477,False
740a37a88,BRD-A92630576-050-24-1,trimebutine,opioid receptor agonist,0.3612505270485493,0.2866245606751093,0.07462596637344004,False
74100361c,BRD-K58819470-001-05-9,2-thiouracil,,0.3906053202375976,0.3502021205524695,0.040403199685128066,False
741b796dd,BRD-A06390036-001-04-6,hydroquinidine,antiarrhythmic,0.40057021064865694,0.36659671219960166,0.033973498449055284,False
7438ef08f,BRD-K65417056-003-10-1,meprylcaine,local anesthetic,0.33926927710547755,0.2911990439525392,0.048070233152938346,False
7446347d4,BRD-A67748489-001-10-0,K-858,kinesin-like spindle protein inhibitor,0.4082476682069696,0.35672578836211316,0.051521879844856455,False
7448e44d7,BRD-K75308783-001-07-0,SAR-245409,PI3K inhibitor,0.30763998750317423,0.2985913187490957,0.009048668754078504,False
74515bfd2,BRD-K62374253-001-07-8,rufloxacin,bacterial DNA gyrase inhibitor,0.36393301826625246,0.31068895901449045,0.05324405925176201,False
745a54458,BRD-K23952234-236-01-8,BMS-986020,lysophosphatidic acid receptor antagonist,0.37205712011079606,0.32868980865576625,0.04336731145502981,False
746ca1f5a,BRD-K71822263-001-03-2,D-Serine,glutamate receptor agonist,0.289988845748763,0.27349295503671633,0.016495890712046657,False
7473b8828,BRD-K41143549-003-02-4,N20C,glutamate receptor antagonist,0.3456906623114588,0.30782584312144295,0.03786481919001583,False
74741b81b,BRD-K19669037-001-01-1,GGTI-298,GGTase inhibitor,0.29975273580068124,0.291990003738694,0.007762732061987243,False
747ebe00d,BRD-A43999749-004-04-1,homatropine-methylbromide,acetylcholine receptor antagonist,0.4544962560238001,0.3499783061834427,0.1045179498403574,False
74815f7b1,BRD-K92723993-001-06-7,imatinib,"Bcr-Abl kinase inhibitor, KIT inhibitor, PDGFR tyrosine kinase receptor inhibitor",0.5745078568852757,0.45731746750476465,0.11719038938051107,True
749a17b48,BRD-K64614248-001-12-3,salicin,anti-inflammatory agent,0.31177112044995725,0.29668882790711454,0.015082292542842712,False
74b133579,BRD-A19958636-065-04-4,tuaminoheptane,,0.32391659302048914,0.32351753577092657,0.00039905724956257327,False
74b575fae,BRD-K25412176-001-01-9,GSK2110183,AKT inhibitor,0.5936843517191629,0.551692458804043,0.041991892915119844,True
74c493e03,BRD-K73440166-001-01-3,cinaciguat,guanylate cyclase activator,0.35812392863520665,0.34573925594144317,0.012384672693763477,False
74cb9b3b4,BRD-K08525451-003-05-2,sarafloxacin,bacterial DNA gyrase inhibitor,0.3457077530394718,0.2925072821749676,0.053200470864504246,False
74e15b46d,BRD-K77008974-001-03-2,WYE-354,mTOR inhibitor,0.43401822584676186,0.3767957870971516,0.05722243874961025,False
74f7ce505,BRD-K57275767-001-03-2,geniposide,GLP receptor agonist,0.3181835155753443,0.2999181059085459,0.018265409666798404,False
74fed7806,BRD-K17061841-001-03-5,stattic,,0.4541851933701474,0.45183768223689624,0.0023475111332511567,False
750267f42,BRD-K76534306-001-22-7,enrofloxacin,bacterial DNA gyrase inhibitor,0.3445813866201698,0.31779325994833674,0.026788126671833057,False
753459341,BRD-K42221274-003-07-7,NNC-711,GABA uptake inhibitor,0.344892744032121,0.332256117471891,0.012636626560230013,False
753b4a983,BRD-K46741531-001-02-4,cafestol,pregnane X receptor agonist,0.3607587033424555,0.3417574878405461,0.01900121550190942,False
754486b37,BRD-K92848252-001-01-9,diminazene-aceturate,angiotensin converting enzyme activator,0.3016808113609216,0.25918647266546735,0.04249433869545427,False
755b7d1c4,BRD-K73440166-001-01-3,cinaciguat,guanylate cyclase activator,0.3229097028927816,0.3152222402662721,0.007687462626509489,False
755d4d0c1,BRD-K66911501-003-01-2,MK-3207,calcitonin antagonist,0.3535517989715734,0.3286269369402547,0.024924862031318717,False
7574c566b,BRD-K64157027-003-02-7,ZD-2079,adrenergic receptor agonist,0.35724332060474195,0.32247306676107446,0.0347702538436675,False
75794d149,BRD-K08953028-001-09-6,U-0521,catechol O methyltransferase inhibitor,0.4175688288501167,0.34363256314882823,0.07393626570128847,False
758c4ac3d,BRD-K74305673-001-06-2,IKK-2-inhibitor-V,"IKK inhibitor, NFkB pathway inhibitor",0.4097515291448811,0.3700859946030336,0.039665534541847514,False
7598f853b,BRD-K64514229-001-05-2,toltrazuril,antiprotozoal agent,0.3331634099167332,0.30948924870328964,0.023674161213443567,False
75a377dac,BRD-K33379087-001-07-5,tivantinib,tyrosine kinase inhibitor,0.4750615433388619,0.4627193392647852,0.012342204074076712,False
75a812849,BRD-K59574735-001-11-8,ubenimex,leukotriene synthesis inhibitor,0.35972350524180624,0.2958112610532727,0.06391224418853353,False
75ad700d0,BRD-K73440166-001-01-3,cinaciguat,guanylate cyclase activator,0.39516662394630303,0.37525480292747126,0.019911821018831766,False
75c40f416,BRD-K59045783-001-01-1,faropenem-medoxomil,lactamase inhibitor,0.346675052273347,0.27940695228082474,0.06726809999252226,False
75e710812,BRD-K17565903-066-23-1,pridinol,muscle relaxant,0.30256528031618396,0.29738186209284223,0.005183418223341729,False
75e7d9739,BRD-K93524252-001-24-7,sulfamerazine,bacterial antifolate,0.32251836936337,0.2815677777331168,0.04095059163025322,False
7614ec763,BRD-A24514565-001-09-7,warfarin,vitamin K antagonist,0.3250429237829286,0.2964870902342862,0.028555833548642384,False
7671d43c1,BRD-A10111329-001-04-6,adenosine-phosphate,adenosine receptor agonist,0.4116077481684912,0.27719653566296065,0.13441121250553056,False
768504c20,BRD-K89056082-001-07-7,chlorocresol,ryanodine receptor activator,0.4060991159317557,0.34878946319950466,0.057309652732251026,False
768d09287,BRD-K37111771-300-02-6,trientine,chelating agent,0.3309486727119595,0.300089405674551,0.03085926703740849,False
76bc915f1,BRD-K66030860-001-03-6,salidroside,beta amyloid protein neurotoxicity inhibitor,0.33220122972158106,0.3273026266283765,0.0048986030932045566,False
76c231fa8,BRD-K97056771-001-13-1,GNF-2,Bcr-Abl kinase inhibitor,0.28483245223583525,0.28356708850340606,0.0012653637324291922,False
76dacfd7a,BRD-K78809024-001-05-7,SB-590885,RAF inhibitor,0.40575352447538016,0.32310354079525644,0.08264998368012372,False
7722c4309,BRD-A55312468-001-04-7,k-strophanthidin,ATPase inhibitor,0.5626482115209069,0.4912919284649293,0.07135628305597763,True
7732c1687,BRD-A62071884-001-04-6,siguazodan,phosphodiesterase inhibitor,0.30285169834858017,0.28964974638420077,0.0132019519643794,False
779b92f1c,BRD-A38592941-001-02-7,timonacic,antioxidant,0.29968767273699354,0.298904823661452,0.0007828490755415474,False
77be6d446,BRD-K13619941-213-01-8,aceglutamide,,0.36287090341004435,0.3077404975508509,0.05513040585919343,False
77ca07d42,BRD-K78659596-001-03-9,ixazomib,proteasome inhibitor,0.33692330223218697,0.3327348790052606,0.004188423226926363,False
77cb724f6,BRD-K55305701-001-01-2,SC-144,P glycoprotein inhibitor,0.44931328309265783,0.43414605121231853,0.015167231880339305,False
77dffceee,BRD-K78666826-003-01-6,procaterol,adrenergic receptor agonist,0.362545876497909,0.3281454344354323,0.034400442062476666,False
77e03202d,BRD-K04548931-003-16-5,epirubicin,topoisomerase inhibitor,0.3832134584191803,0.357981486716503,0.025231971702677325,False
780f7e833,BRD-A77291778-003-22-0,cyclopentolate,acetylcholine receptor antagonist,0.33192728010867756,0.316644430554935,0.015282849553742539,False
7853dec9b,BRD-K91336023-003-01-0,mesulergine,dopamine receptor agonist,0.3777843753171344,0.34992130058508275,0.02786307473205163,False
786d83020,BRD-K68395654-001-03-1,EVP4593,NFkB pathway inhibitor,0.5034805561077002,0.4161698786811363,0.08731067742656384,True
78a9ee6c5,BRD-K06181161-048-15-1,carbetapentane,acetylcholine receptor antagonist,0.38118134540067206,0.2847198596505015,0.09646148575017055,False
78bb32811,BRD-K82036761-003-20-3,sertraline,selective serotonin reuptake inhibitor (SSRI),0.39948120591526365,0.3173258504094652,0.08215535550579844,False
78db88217,BRD-A16665823-001-02-0,butoconazole,bacterial cell wall synthesis inhibitor,0.3721753037222984,0.3635357524799589,0.008639551242339505,False
7902ac373,BRD-K35952844-238-01-2,calcium-gluceptate,,0.400295276140646,0.3920152436429408,0.008280032497705148,False
796f6988f,BRD-K42959922-001-01-5,trans-2-Undecenoic-acid,,0.2983635488060783,0.29604851574707186,0.0023150330590064327,False
7980a0266,BRD-K56195681-001-01-0,losmapimod,p38 MAPK inhibitor,0.3755035231367339,0.3254245699928792,0.05007895314385469,False
798bc9f3c,BRD-K19180152-001-02-6,meprobamate,,0.34008006401515,0.28698944781274943,0.053090616202400576,False
79a051ccd,BRD-K01902415-001-11-7,pirinixic-acid,PPAR receptor agonist,0.38608629786018994,0.3561924956819905,0.029893802178199425,False
79e6b524a,BRD-K44849676-001-10-5,capsazepine,TRPV agonist,0.37556558943544205,0.37382781555680034,0.001737773878641713,False
79f6039a3,BRD-K12184916-001-15-4,NVP-BEZ235,"mTOR inhibitor, PI3K inhibitor",0.40874899903631867,0.4021908507674274,0.006558148268891284,False
79f6667af,BRD-K21520694-236-02-6,sulfacetamide,PABA antagonist,0.3545181255476343,0.3267026805424168,0.027815445005217487,False
79fdea83b,BRD-K33813875-003-01-8,valnemulin,bacterial 50S ribosomal subunit inhibitor,0.3706120673993022,0.2765709797707478,0.0940410876285544,False
7a070033e,BRD-A88138582-001-04-8,halcinonide,glucocorticoid receptor agonist,0.3635291916451665,0.33232222760759983,0.031206964037566676,False
7a07c9d00,BRD-A99388803-001-01-5,metipranolol,adrenergic receptor antagonist,0.3239044933106025,0.3147402562624225,0.00916423704817998,False
7a0e28a9a,BRD-K09785578-001-01-2,bakuchiol,DNA polymerase inhibitor,0.4007206485609141,0.37265246200775226,0.028068186553161845,False
7a138daac,BRD-K79239947-001-06-8,PF-573228,focal adhesion kinase inhibitor,0.3522439208119596,0.28750190317580515,0.06474201763615445,False
7a1707c50,BRD-K73107279-003-12-5,levamisole,acetylcholine receptor agonist,0.3297038473868976,0.32753371334305115,0.0021701340438464722,False
7a2ea4684,BRD-K85554912-001-08-9,ivermectin,benzodiazepine receptor agonist,0.3313689042803053,0.32541212005542197,0.005956784224883327,False
7a6d4cd33,BRD-K19687926-379-07-4,lapatinib,EGFR inhibitor,0.5638877437804549,0.5085831435625927,0.05530460021786221,True
7a76c7f4e,BRD-K57718010-001-11-9,pentylenetetrazol,GABA receptor antagonist,0.33491599336401745,0.2966867644990358,0.038229228864981646,False
7aaaab610,BRD-K85402309-389-03-2,dovitinib,"EGFR inhibitor, FGFR inhibitor, FLT3 inhibitor, PDGFR tyrosine kinase receptor inhibitor, VEGFR inhibitor",0.4804627683329421,0.4697239326040162,0.010738835728925922,False
7ab43c75d,BRD-K07762753-001-04-4,aminopurvalanol-a,"CDK inhibitor, tyrosine kinase inhibitor",0.3507320197768019,0.3300544772716351,0.02067754250516679,False
7ac150280,BRD-K23922020-075-02-9,arecaidine-propargyl-ester,acetylcholine receptor agonist,0.2988653372068581,0.2960559215650168,0.002809415641841284,False
7ace6b8cc,BRD-A68509429-003-03-9,ethylnorepinephrine,bronchodilator,0.3641655499517581,0.3034562677746761,0.06070928217708199,False
7ad9cd84c,BRD-A49399758-015-01-8,desmopressin-acetate,vasopressin receptor agonist,0.44387834027511774,0.33592395346528114,0.1079543868098366,False
7af133847,BRD-K41779183-001-01-2,CB-03-01,androgen receptor antagonist,0.3389657682339177,0.31266402078154987,0.026301747452367852,False
7b083704c,BRD-A23359898-003-10-0,sibutramine,serotonin-norepinephrine reuptake inhibitor (SNRI),0.3558032446551105,0.2729183223901067,0.08288492226500377,False
7b09d1e5b,BRD-K51324732-001-01-0,meglitinide,potassium channel blocker,0.4213155009065939,0.3350658372082848,0.08624966369830911,False
7b1433399,BRD-K23677682-003-01-2,voreloxin,topoisomerase inhibitor,0.43906779964914916,0.40756190341593757,0.031505896233211594,False
7b1ac15fc,BRD-K11292736-300-02-8,ambenonium,cholinesterase inhibitor,0.34835278616950494,0.2836855166969233,0.06466726947258161,False
7b847b297,BRD-K84895041-001-02-4,BMY-45778,IP1 prostacyclin receptor agonist,0.29407305755242075,0.27885661166415754,0.015216445888263208,False
7b879f902,BRD-K57853941-304-02-5,olsalazine,cyclooxygenase inhibitor,0.3853562401739117,0.33927404312066856,0.046082197053243124,False
7bb287e49,BRD-K09090523-001-02-1,firocoxib,cyclooxygenase inhibitor,0.3485621691584616,0.31158565531775884,0.036976513840702774,False
7bbbd342b,BRD-K60025295-003-06-6,crystal-violet,other antibiotic,0.45707523462836297,0.43590695233473487,0.021168282293628105,False
7bc92037a,BRD-K80025777-001-01-4,"cis-9,trans-11-Conjugated-linoleic-acid",,0.3347624189260005,0.32554467484084304,0.009217744085157464,False
7bd284b37,BRD-K96358241-001-01-9,harringtonine,protein synthesis inhibitor,0.3960280037339332,0.3945269229177504,0.0015010808161828315,False
7bd9a5c7d,BRD-K19171642-001-02-3,CP-91149,glycogen phosphorylase inhibitor,0.3907398761044722,0.3465232166842056,0.04421665942026659,False
7c161c5dd,BRD-K57754230-001-02-7,EPZ005687,histone lysine methyltransferase inhibitor,0.3996438280393188,0.3515065510100999,0.04813727702921888,False
7c1e00d49,BRD-K34591242-001-04-3,methoprene-(s),,0.3037724144959087,0.2949403361027547,0.008832078393153975,False
7c267cb0b,BRD-K90333595-003-21-4,phentolamine,adrenergic receptor antagonist,0.4377129994065713,0.3746027647137805,0.06311023469279081,False
7c2933be3,BRD-K43880410-001-14-4,pregnenolone,glutamate receptor modulator,0.34875283391712314,0.3276815036053762,0.02107133031174696,False
7c4c06bbb,BRD-K49350383-001-13-7,thioguanine,purine antagonist,0.491845393440844,0.45644512092990747,0.035400272510936526,False
7c7d76192,BRD-K83636919-001-04-8,entacapone,catechol O methyltransferase inhibitor,0.4031512984385807,0.32632371160061274,0.07682758683796798,False
7c89877e6,BRD-K70912147-001-01-8,co-102862,,0.3495837754962628,0.31710528034421653,0.03247849515204626,False
7c953c949,BRD-K87990216-001-10-2,piretanide,glucocorticoid receptor agonist,0.3112919257643904,0.30770770735276914,0.003584218411621265,False
7ca67f83d,BRD-K62056274-332-01-8,N-methylquipazine,serotonin receptor agonist,0.349707161722417,0.3375620158700792,0.01214514585233778,False
7cbed3131,BRD-K56291712-001-01-0,voxtalisib,"mTOR inhibitor, PI3K inhibitor",0.3418621402129323,0.3193993800725052,0.02246276014042714,False
7cc7db893,BRD-K22662557-300-01-7,WIN-64338,bradykinin receptor antagonist,0.3312944774043467,0.3248244162015162,0.006470061202830502,False
7cc96121b,BRD-K88405679-003-03-1,thonzylamine,antihistamine,0.3685953738732009,0.33594514134088477,0.03265023253231614,False
7ce446967,BRD-K36756879-003-08-7,ethaverine,calcium channel blocker,0.3329172416661857,0.28424266996444525,0.04867457170174044,False
7cf4a548c,BRD-K51544265-001-04-2,cabozantinib,"RET tyrosine kinase inhibitor, VEGFR inhibitor",0.4724822260449763,0.4379128799616076,0.0345693460833687,False
7cfd07b12,BRD-K94266545-001-24-1,ronidazole,antiprotozoal agent,0.389365931969415,0.32328172812475875,0.06608420384465624,False
7d0245dc1,BRD-K54606188-001-13-1,JQ1-(+),bromodomain inhibitor,0.46775229041000754,0.40171220018082915,0.0660400902291784,False
7d1cf068f,BRD-K99300445-003-21-6,antazoline,antihistamine,0.30334387361548726,0.2929817967930214,0.010362076822465871,False
7d1d72083,BRD-K50677762-001-01-5,oxiracetam,acetylcholine receptor agonist,0.5835088374069521,0.5826860732694056,0.0008227641375465611,True
7d2c7255a,BRD-A81541225-001-06-8,oligomycin-a,"ATP synthase inhibitor, ATPase inhibitor",0.3194595908315427,0.3169992902589786,0.002460300572564078,False
7d4f1aa23,BRD-K66412701-066-01-6,pazufloxacin,topoisomerase inhibitor,0.35819429177962725,0.34434350290178084,0.01385078887784641,False
7d50d31a6,BRD-K60025295-003-06-6,crystal-violet,other antibiotic,0.45949065836211805,0.441138326239677,0.01835233212244103,False
7d5dafb2e,BRD-K22936972-003-23-6,diphenylpyraline,dopamine uptake inhibitor,0.36471369427580913,0.32228830364222566,0.04242539063358347,False
7d62df717,BRD-K83064458-001-23-0,etofylline,adenosine receptor antagonist,0.3446647732355814,0.3084802491349746,0.036184524100606796,False
7d6e641dd,BRD-K94559059-091-01-6,telotristat-ethyl,tryptophan hydroxylase inhibitor,0.39109797917382444,0.3707332817213488,0.020364697452475655,False
7d70427d6,BRD-K21372554-003-01-7,cefetamet-pivoxil,bacterial cell wall synthesis inhibitor,0.32297776981838433,0.3124133545065607,0.010564415311823616,False
7da2a5fff,BRD-A56371469-001-03-3,AGI-5198,isocitrate dehydrogenase inhibitor,0.3352469019421294,0.32728600577626377,0.00796089616586565,False
7db360ff6,BRD-K38852836-001-02-1,ganetespib,HSP inhibitor,0.3665153656312067,0.3341904350040876,0.03232493062711905,False
7dd085cdb,BRD-K13087974-001-02-5,CGP-52411,EGFR inhibitor,0.4153609849039141,0.3417315301812585,0.07362945472265559,False
7de65c4e8,BRD-A01098288-001-02-9,azelnidipine,calcium channel blocker,0.3739052467016109,0.3503212216750697,0.023584025026541222,False
7df080041,BRD-K87774949-001-03-9,istradefylline,adenosine receptor antagonist,0.42700470449781497,0.41599208374555197,0.011012620752263003,False
7e33f1ac7,BRD-K61269089-001-05-5,daphnetin,protein kinase inhibitor,0.2980669518463007,0.28858952396902166,0.009477427877279065,False
7e569a33a,BRD-K52397688-003-06-4,amperozide,dopamine receptor antagonist,0.3860932741406956,0.3603988330448461,0.025694441095849507,False
7e5ccc730,BRD-K36040345-001-01-1,TXA127,angiotensin receptor agonist,0.3477065281119283,0.3234805074847416,0.024226020627186706,False
7e6b66a8f,BRD-K67844266-003-01-9,pevonedistat,nedd activating enzyme inhibitor,0.438977138178499,0.40101891734641365,0.03795822083208533,False
7e6ba019e,BRD-K23204545-001-16-4,busulfan,DNA inhibitor,0.2728743354512866,0.2712734389622966,0.001600896488989978,False
7e6c6393b,BRD-A80871782-004-06-9,hydroxyamphetamine,trace amine associated receptor agonist,0.3018406796837655,0.2685933226147438,0.03324735706902171,False
7e6d15fce,BRD-K42221274-003-07-7,NNC-711,GABA uptake inhibitor,0.45915754164496225,0.39855580447466843,0.06060173717029382,False
7e7cf6909,BRD-A79431551-001-01-1,3-deazaadenosine,adenosylhomocysteinase inhibitor,0.3575430669249614,0.3236864091154863,0.03385665780947511,False
7e7dfcf43,BRD-K99741577-001-01-7,SANT-1,smoothened receptor antagonist,0.3083943885004386,0.2977213305353194,0.010673057965119193,False
7ea17588b,BRD-K73319509-001-08-0,PF-04217903,c-Met inhibitor,0.2859651422628675,0.2829759739739096,0.0029891682889578997,False
7ec99cbab,BRD-K30237152-300-02-5,1400W,nitric oxide synthase inhibitor,0.30806089115400226,0.3042489886440862,0.003811902509916032,False
7edefa710,BRD-K57222227-001-30-1,indomethacin,cyclooxygenase inhibitor,0.3063939375252836,0.2830762807780438,0.02331765674723979,False
7ee8a40af,BRD-K82746043-001-15-1,navitoclax,BCL inhibitor,0.30532873534715493,0.2757995932842486,0.029529142062906355,False
7eebca46e,BRD-K41406082-001-16-2,sulfapyridine,PABA antagonist,0.30391156837426736,0.27659164594764657,0.02731992242662079,False
7f0a7be43,BRD-K90333595-003-21-4,phentolamine,adrenergic receptor antagonist,0.3152299467397648,0.31200437031593947,0.003225576423825316,False
7f3196674,BRD-K08223200-001-01-1,WAY-200070,estrogen receptor agonist,0.3899107116010869,0.3715538508642314,0.018356860736855496,False
7f69271a1,BRD-K40175214-001-11-6,torin-1,mTOR inhibitor,0.4365105398751569,0.3884937289006111,0.0480168109745458,False
7f857ca56,BRD-K25224017-001-25-0,pirenperone,serotonin receptor antagonist,0.2862814849672836,0.2666308572672708,0.0196506277000128,False
7f8f99f1b,BRD-K13183738-317-10-2,pentamidine,anti-pneumocystis agent,0.43424920453738575,0.34529957334195593,0.08894963119542981,False
7f9222ded,BRD-A78195072-001-06-2,imexon,"apoptosis stimulant, ribonucleotide reductase inhibitor",0.38428220980377636,0.2932851147197906,0.09099709508398579,False
7f9529b0b,BRD-A28887267-001-19-3,proxyphylline,,0.31879890849543513,0.30758339621821934,0.011215512277215789,False
7fbcc1553,BRD-A45107007-001-03-4,salubrinal,eukaryotic translation initiation factor inhibitor,0.2798510363693714,0.27951845552925575,0.00033258084011567046,False
7fed85986,BRD-K77791657-001-01-1,3-deazaneplanocin-A,histone lysine methyltransferase inhibitor,0.30265858245638144,0.28844291700728525,0.014215665449096193,False
7ffeb0a9d,BRD-K58819470-001-05-9,2-thiouracil,,0.3206662560571559,0.3160277856110141,0.004638470446141796,False
800b01522,BRD-K09443272-001-03-3,PHA-680632,Aurora kinase inhibitor,0.4358283210048726,0.4041384448392349,0.03168987616563773,False
80100f7b3,BRD-A58048407-001-18-8,nimodipine,calcium channel blocker,0.3665061724364591,0.3583511505756024,0.008155021860856704,False
803f6dd3b,BRD-K26823213-001-02-9,GW-842166,cannabinoid receptor agonist,0.38190093241618295,0.32624319271940283,0.05565773969678012,False
80520276a,BRD-K20417253-001-01-9,oxiniacic-acid,,0.3454016758023686,0.3055901141793156,0.03981156162305299,False
807e10282,BRD-K18323388-001-01-1,uridine-triacetate,,0.31836415674379276,0.30643367043179426,0.0119304863119985,False
808cb9eea,BRD-K00405906-001-01-9,phloroglucin,,0.40553832267063483,0.37505529046148295,0.030483032209151883,False
809527b9d,BRD-K84564571-001-02-4,telatinib,"KIT inhibitor, PDGFR tyrosine kinase receptor inhibitor, VEGFR inhibitor",0.5709201987589183,0.5004692299827903,0.070450968776128,True
80a578224,BRD-K56515112-001-21-6,medrysone,glucocorticoid receptor agonist,0.5201588686871695,0.3782012941839839,0.14195757450318564,True
80a5b5346,BRD-K75466013-001-14-4,benzocaine,sodium channel blocker,0.30031162122356936,0.2966745014641459,0.003637119759423435,False
80b7b6afe,BRD-K81807412-001-10-6,N6-methyladenosine,,0.3705700859181621,0.3705592708480822,1.0815070079883693e-05,False
80ceedc56,BRD-A05457250-001-08-4,BAY-K-8644-(+/-),L-type calcium channel activator,0.3345540671686682,0.26071214105229296,0.07384192611637524,False
80d55b957,BRD-K54520417-001-01-2,LXR-623,LXR agonist,0.37214359096148,0.3426471148977944,0.02949647606368555,False
80dbae6e2,BRD-K92723993-001-06-7,imatinib,"Bcr-Abl kinase inhibitor, KIT inhibitor, PDGFR tyrosine kinase receptor inhibitor",0.5381100239219317,0.49309161825798087,0.04501840566395088,True
80e2dfe4e,BRD-K62056274-332-01-8,N-methylquipazine,serotonin receptor agonist,0.3143590588957976,0.30933456962372385,0.005024489272073773,False
80ea3c823,BRD-K51033547-003-02-6,tramadol,"norepinephrine reputake inhibitor, opioid receptor agonist, serotonin reuptake inhibitor",0.35035414064972176,0.31484823338478557,0.03550590726493619,False
80f09571d,BRD-K52396582-001-06-7,CF102,adenosine receptor agonist,0.3731414358395241,0.25298747658596815,0.12015395925355593,False
810e91529,BRD-K02594908-001-16-4,sulfanilamide,carbonic anhydrase inhibitor,0.3597352660337456,0.34981027741299686,0.009924988620748754,False
81125af64,BRD-K58736316-001-09-5,cianidanol,fatty acid synthase inhibitor,0.32193956246003963,0.2647634116224524,0.0571761508375872,False
814afd3ab,BRD-K19309090-300-05-5,SR-95639A,acetylcholine receptor agonist,0.32467654903153886,0.32429072560178707,0.00038582342975179706,False
816767bf6,BRD-A70514680-003-11-2,articaine,local anesthetic,0.32440052090595983,0.29680517299213577,0.027595347913824064,False
816b84388,BRD-K52075715-001-06-7,oxibendazole,tubulin polymerization inhibitor,0.7294328934443486,0.6726714102968897,0.05676148314745888,True
81756e31a,BRD-K93869735-001-01-1,taltirelin,thyrotropin releasing hormone receptor agonist,0.3924835786911743,0.3726706562380193,0.01981292245315497,False
81818cf39,BRD-A95869247-001-26-9,indapamide,thiazide diuretic,0.345405349339827,0.3278398794155775,0.017565469924249455,False
81828c953,BRD-K15916496-001-27-9,clotrimazole,"cytochrome P450 inhibitor, imidazoline receptor ligand",0.29746526221828357,0.25700609778035194,0.04045916443793163,False
818fb35d2,BRD-K93524252-001-24-7,sulfamerazine,bacterial antifolate,0.3748217713612271,0.3398075187416032,0.035014252619623876,False
819e196f2,BRD-K15071410-001-01-1,tiotidine,histamine receptor antagonist,0.323941680145487,0.3030108573343243,0.020930822811162708,False
81a463c0a,BRD-K61323504-001-04-0,SB-225002,CC chemokine receptor antagonist,0.397054394084723,0.3405958814079573,0.05645851267676566,False
81be51c8c,BRD-K21160401-065-01-0,dextroamphetamine,monoamine oxidase inhibitor,0.43881785992130157,0.3589187830128016,0.07989907690849996,False
81bf9fb8c,BRD-K74186897-001-13-2,cytisine,acetylcholine receptor agonist,0.4044822698255743,0.3267979141669655,0.07768435565860876,False
81c2e7617,BRD-K50071428-001-03-3,abiraterone,androgen biosynthesis inhibitor,0.3211432211439948,0.318647546689848,0.002495674454146779,False
81caec2ee,BRD-K51486818-003-02-8,lazabemide,monoamine oxidase inhibitor,0.3546280216728366,0.33179708430146054,0.022830937371376037,False
81ef43f78,BRD-K79759585-048-04-8,sildenafil,phosphodiesterase inhibitor,0.29157786583955575,0.2721411220936991,0.019436743745856633,False
81f42b0c0,BRD-K76568384-001-02-2,PHTPP,estrogen receptor antagonist,0.37292804836240917,0.33323670388804444,0.03969134447436473,False
82059df86,BRD-K46585355-001-14-3,acetylsalicylsalicylic-acid,cyclooxygenase inhibitor,0.32424590833356026,0.2657779172928736,0.05846799104068667,False
821dc7eeb,BRD-A74914197-001-02-9,pralatrexate,dihydrofolate reductase inhibitor,0.5042414189349018,0.5034258214749691,0.0008155974599327598,True
8229f1030,BRD-A55464252-001-01-2,3-(4-methylbenzylidene)camphor,endocrine disruptor,0.3226101545660503,0.3126320301250614,0.00997812444098889,False
8235a227e,BRD-K07955840-001-02-3,PF-05212384,"mTOR inhibitor, PI3K inhibitor",0.75665682083978,0.5859704483417306,0.1706863724980494,True
824a6c1ca,BRD-K75699339-057-08-1,rizatriptan,serotonin receptor agonist,0.47107383767112054,0.47049962337353396,0.0005742142975865838,False
825e3a43c,BRD-K21913543-001-02-4,fluorescein,,0.31410267351192367,0.3048021279521048,0.009300545559818851,False
827cc5d8d,BRD-K51575138-001-13-2,TPCA-1,IKK inhibitor,0.335023186431805,0.32652156183349945,0.008501624598305557,False
828099693,BRD-K18910433-001-43-2,estradiol,estrogen receptor agonist,0.3140242479802394,0.2995586921778113,0.014465555802428143,False
82a5720b8,BRD-K14711741-001-02-1,PF-4708671,ribosomal protein inhibitor,0.3602855651137864,0.3265214476201162,0.0337641174936702,False
82b22fb97,BRD-K53737926-003-27-8,amitriptyline,"norepinephrine inhibitor, norepinephrine reuptake inhibitor, serotonin receptor antagonist, serotonin-norepinephrine reuptake inhibitor (SNRI)",0.3709452608879022,0.34118472417687473,0.029760536711027463,False
82b9b3b09,BRD-K89299012-001-06-0,DCEBIO,potassium channel activator,0.3391490873837191,0.3295605235025233,0.009588563881195777,False
82da03539,BRD-K60984070-001-01-0,PD-166793,"collagenase inhibitor, metalloproteinase inhibitor",0.35555772080474857,0.343287292423399,0.012270428381349563,False
82dcdb180,BRD-K50000283-001-04-4,PHA-767491,CDC inhibitor,0.2870130155295611,0.2661488559570986,0.020864159572462515,False
82dee97da,BRD-A74391928-051-01-3,ibutilide,potassium channel blocker,0.47514471426285493,0.3591805955480657,0.11596411871478923,False
82e9d6227,BRD-K62427771-001-01-0,AS-77,potassium channel blocker,0.45808344234128123,0.3790422687968983,0.07904117354438295,False
82fd56cd7,BRD-A33447119-001-10-8,oxfendazole,anthelmintic agent,0.3689875294879482,0.2935859878169553,0.07540154167099294,False
8313e9d27,BRD-K49350383-001-13-7,thioguanine,purine antagonist,0.7084705666780651,0.6175059135569154,0.09096465312114965,True
831824cdb,BRD-K32681104-001-11-6,2-aminobenzenesulfonamide,carbonic anhydrase inhibitor,0.31826640561690883,0.29787829907481506,0.020388106542093776,False
8328e4cc1,BRD-K78055238-001-01-8,LY2090314,glycogen synthase kinase inhibitor,0.5045709523465722,0.415357172705045,0.08921377964152721,True
8374daa51,BRD-K26997899-001-02-2,D-64131,microtubule inhibitor,0.6365721287745686,0.5984447572072742,0.0381273715672944,True
838575b1d,BRD-A14316475-001-02-3,SN-6,sodium/calcium exchange inhibitor,0.5040923539136771,0.3721857052358393,0.1319066486778378,True
839b133ec,BRD-K31135544-001-07-0,IB-MECA,adenosine receptor agonist,0.4203011987879755,0.4072505340660697,0.013050664721905803,False
83a9ea167,BRD-K38158531-001-02-1,traxoprodil,glutamate receptor antagonist,0.3789493082445127,0.3134457930882604,0.06550351515625225,False
83d61e159,BRD-K07972848-001-02-0,GSK2126458,"mTOR inhibitor, PI3K inhibitor",0.4047523189228573,0.3615734572518007,0.04317886167105661,False
84342a1f5,BRD-K40758068-001-08-2,efavirenz,HIV protease inhibitor,0.3800605367219541,0.33287427550699017,0.04718626121496394,False
8445939fb,BRD-K55468218-001-26-1,spiperone,dopamine receptor antagonist,0.34090135466901944,0.33178953811974315,0.009111816549276286,False
8458bb23d,BRD-A44448661-001-04-8,pentobarbital,"barbiturate antiepileptic, GABA receptor modulator",0.3542315287791848,0.35336182605159555,0.0008697027275892388,False
847dd6858,BRD-K86301799-001-34-8,dipyridamole,phosphodiesterase inhibitor,0.4198006338525765,0.32850673402618136,0.09129389982639513,False
847fbc822,BRD-K13390322-001-06-3,AT-7519,CDK inhibitor,0.5159393570615112,0.455176267050901,0.0607630900106102,True
848f1f314,BRD-K08188887-001-02-4,astragaloside-a,antiinflammatory agent,0.29090119068898285,0.2793556573172547,0.011545533371728145,False
84aee86ce,BRD-K59317601-001-05-5,MLN0128,mTOR inhibitor,0.33785134031336844,0.3059501256912068,0.03190121462216167,False
84b82148d,BRD-A29944538-003-08-3,proxodolol,adrenergic receptor antagonist,0.31717181293356733,0.25556419102697364,0.06160762190659369,False
84ba1361d,BRD-A20644369-001-08-6,canrenone,mineralocorticoid receptor antagonist,0.3195015051714295,0.30360522739033774,0.01589627778109176,False
84ca1ce6a,BRD-K40109029-001-02-9,SB-505124,ALK tyrosine kinase receptor inhibitor,0.3335696627829864,0.33278482836092016,0.0007848344220662273,False
84d4ecc6a,BRD-K04497194-001-02-1,lithocholic-acid,"FXR antagonist, vitamin D receptor agonist",0.34053941582270725,0.3093277280847817,0.031211687737925542,False
84d5fe2e8,BRD-A94523291-304-02-7,prednisolone-sodium-phosphate,glucocorticoid receptor agonist,0.31596000448056655,0.3052083877409839,0.010751616739582637,False
8510cd35b,BRD-A97739905-001-26-5,ketoprofen,cyclooxygenase inhibitor,0.284940674823118,0.2402150847931857,0.044725590029932316,False
8525f258f,BRD-A29623586-001-01-3,anisodamine,lipid peroxidase inhibitor,0.3539209035164948,0.3078323570780643,0.04608854643843052,False
852e372be,BRD-K13646352-001-03-8,midostaurin,"FLT3 inhibitor, KIT inhibitor, PKC inhibitor",0.4077500420679763,0.36410924313457943,0.043640798933396896,False
853dca78a,BRD-K12184916-001-15-4,NVP-BEZ235,"mTOR inhibitor, PI3K inhibitor",0.5018421902804616,0.41870856893838926,0.08313362134207236,True
85401741f,BRD-K51485625-001-08-4,ritonavir,HIV protease inhibitor,0.3816928557067706,0.3606596561289989,0.021033199577771666,False
8560ac269,BRD-K23952234-236-01-8,BMS-986020,lysophosphatidic acid receptor antagonist,0.4448972257999291,0.3861981842583861,0.058699041541542984,False
856939c61,BRD-K24576554-001-04-8,AT-9283,"Aurora kinase inhibitor, JAK inhibitor",0.40849493546645155,0.39465164722378027,0.013843288242671281,False
8574fa365,BRD-A29623586-001-01-3,anisodamine,lipid peroxidase inhibitor,0.36619359312681365,0.3396873864951138,0.026506206631699836,False
858545f06,BRD-K98795921-001-01-7,SB-2343,"mTOR inhibitor, PI3K inhibitor",0.4390926417217418,0.4283510343156823,0.010741607406059506,False
858648e0f,BRD-K92723993-001-06-7,imatinib,"Bcr-Abl kinase inhibitor, KIT inhibitor, PDGFR tyrosine kinase receptor inhibitor",0.6221819809342578,0.5767916422546749,0.045390338679582865,True
859076f27,BRD-A13084692-001-17-3,troglitazone,"insulin sensitizer, PPAR receptor agonist",0.3239928341013715,0.29493847768364473,0.029054356417726745,False
859aa3db7,BRD-K42898655-001-01-8,temsirolimus,mTOR inhibitor,0.37281036338766965,0.3323898715082231,0.040420491879446574,False
85cc76a9f,BRD-K93754473-048-20-2,tamoxifen,"estrogen receptor antagonist, selective estrogen receptor modulator (SERM)",0.2985213357473492,0.2958198409525638,0.002701494794785375,False
85cebfb8d,BRD-K05361803-001-03-9,SC-10,protein kinase activator,0.3574079325889424,0.34781954882038096,0.009588383768561415,False
85d5c0397,BRD-K01683783-001-02-6,TAK-901,Aurora kinase inhibitor,0.5906057355622658,0.5765099033025459,0.014095832259719887,True
85d5eda60,BRD-K28352084-001-02-3,CH5132799,PI3K inhibitor,0.5820257834703841,0.5048604762337218,0.07716530723666237,True
8617a33f5,BRD-A17462676-003-11-6,bambuterol,adrenergic receptor agonist,0.38028768266855023,0.35371768512484797,0.026569997543702262,False
861a693e3,BRD-K12329651-001-18-8,androsterone,androgen receptor agonist,0.39571026987779573,0.37647059997380883,0.0192396699039869,False
8627a9ea2,BRD-K77627880-001-04-0,A205804,ICAM1 expression inhibitor,0.30375770505524685,0.2826606529123607,0.021097052142886152,False
86313d696,BRD-K06902185-003-01-7,minoxidil,"KATP activator, Kir6 channel (KATP) activator, vasodilator",0.33228040937555153,0.30978071821039016,0.022499691165161373,False
8632a4c66,BRD-K78303961-001-02-3,glycitein,tumor necrosis factor release inhibitor,0.2793543516392438,0.27478420324651753,0.004570148392726292,False
8648dfe09,BRD-A42759514-001-20-5,ornidazole,antiprotozoal agent,0.3191106452945598,0.2960894786633023,0.023021166631257473,False
866e7bc56,BRD-K58736316-001-09-5,cianidanol,fatty acid synthase inhibitor,0.3519752523917487,0.2789850250853172,0.07299022730643151,False
8689b5677,BRD-K08864679-001-02-2,fexaramine,FXR agonist,0.4047701149160316,0.3696887988229233,0.03508131609310827,False
8693b40e8,BRD-K62627508-001-01-5,idasanutlin,MDM inhibitor,0.8242928581667753,0.3876842530694624,0.4366086050973129,True
86b856115,BRD-K49111258-003-29-7,prazosin,adrenergic receptor antagonist,0.4084105161994039,0.3784258078299328,0.02998470836947109,False
86c4f8987,BRD-K38158531-001-02-1,traxoprodil,glutamate receptor antagonist,0.32806669692321505,0.29343465862372675,0.0346320382994883,False
8709517b7,BRD-K87774949-001-03-9,istradefylline,adenosine receptor antagonist,0.36717618836139226,0.36710666852027085,6.951984112141263e-05,False
870cf5377,BRD-K37814297-050-09-6,acepromazine,dopamine receptor antagonist,0.40727443952963827,0.34047157584879645,0.06680286368084182,False
87261f62b,BRD-A49906757-004-09-8,scopolamine-n-oxide,acetylcholine receptor antagonist,0.36513576895106503,0.33947183597612784,0.025663932974937187,False
872bc007e,BRD-A57798112-001-03-7,PD-318088,MEK inhibitor,0.3717635821012809,0.3593760771585219,0.012387504942759031,False
873a85baa,BRD-A99388803-001-01-5,metipranolol,adrenergic receptor antagonist,0.3988817875298367,0.3749772898494101,0.02390449768042663,False
8768e675d,BRD-K56543881-001-02-7,ADX-47273,glutamate receptor modulator,0.32281525220850243,0.2875221118426044,0.035293140365898035,False
876e12b44,BRD-K73394555-237-01-1,oxolinic-acid,bacterial DNA gyrase inhibitor,0.3939299614761786,0.391344268224763,0.0025856932514156106,False
87705adb2,BRD-K13756951-001-01-4,bitopertin,"glycine transporter inhibitor, GlyT-1 inhibitor",0.6312262050957679,0.5401761156183861,0.0910500894773818,True
8775bbd3c,BRD-K30114692-001-15-9,methenamine,bacterial DNA inhibitor,0.3199289539496479,0.30699215308619016,0.01293680086345772,False
8791ef2ae,BRD-A99117172-065-04-0,hydroxychloroquine,antimalarial agent,0.36173241398184985,0.3568590136717357,0.004873400310114129,False
87d4d4802,BRD-K28007504-051-01-2,Ro-60-0175,,0.36911277171294016,0.36367293581582155,0.005439835897118606,False
87d5baa80,BRD-K76845197-001-05-4,sulfanitran,,0.350846784340344,0.2982414692394994,0.052605315100844596,False
87d714366,BRD-K29415052-050-04-8,BGT226,PI3K inhibitor,0.49653696435058653,0.4803179991522445,0.01621896519834204,False
8829d4e10,BRD-K34313798-001-01-6,LY215490,glutamate receptor antagonist,0.3758793339577604,0.2863280395988901,0.08955129435887033,False
883a08d7c,BRD-K45216060-001-10-0,mequinol,,0.33826492012942905,0.29449209407474247,0.043772826054686576,False
88676b017,BRD-K92577649-300-01-2,GBR-13069,dopamine uptake inhibitor,0.286730054558145,0.28475827725332636,0.0019717773048186227,False
887c2e121,BRD-K78844995-001-02-6,N-[2-(Piperidinylamino)ethyl]-4-iodobenzamide,sigma receptor ligand,0.3601691640849722,0.2806580126182428,0.07951115146672938,False
88a421c74,BRD-A29281099-003-03-2,clorprenaline,adrenergic receptor agonist,0.3358078997247934,0.33548840541191244,0.00031949431288097463,False
88a7e73c1,BRD-A70268693-050-01-2,PG-9,acetylcholine receptor agonist,0.27355973010226214,0.25889949981249205,0.014660230289770093,False
88c37c66a,BRD-K53097745-001-01-5,pterostilbene,"cyclooxygenase inhibitor, PPAR receptor agonist",0.30505440954264407,0.29218144097822674,0.01287296856441733,False
88c712fc0,BRD-K71698503-003-01-6,I-BZA2,,0.3757616651336436,0.3332791865787692,0.042482478554874414,False
88d508490,BRD-K70301465-001-02-6,ibrutinib,Bruton's tyrosine kinase (BTK) inhibitor,0.6384428929411052,0.6283126161175083,0.010130276823596907,True
88df04154,BRD-K64157027-003-02-7,ZD-2079,adrenergic receptor agonist,0.3387894924014137,0.33228907744543457,0.006500414955979139,False
8903bbbae,BRD-K93618743-001-21-0,ipriflavone,bone resorption inhibitor,0.343831484891219,0.32672722185928116,0.01710426303193785,False
8903ef6bb,BRD-A05186015-003-19-8,bupropion,dopamine uptake inhibitor,0.39149905900343634,0.33325070313089133,0.05824835587254501,False
891a90f91,BRD-K02900412-001-11-3,clofoctol,protein synthesis inhibitor,0.3753788233265852,0.34000110538597583,0.03537771794060934,False
898aa62e6,BRD-K31111078-001-04-2,dimethyl-fumarate,"nuclear factor erythroid derived, like (NRF2) activator",0.3736604953290604,0.31056037616512583,0.0631001191639346,False
8990833d7,BRD-K83459933-001-05-4,sinomenine,angiogenesis inhibitor,0.30435719013004414,0.2838209400312308,0.020536250098813325,False
899084630,BRD-K99300445-003-21-6,antazoline,antihistamine,0.3780430780787631,0.3694433791985799,0.008599698880183193,False
89ced6383,BRD-K92844263-001-09-8,triacetin,,0.26339652296742855,0.2549628437321412,0.008433679235287372,False
89dbaa298,BRD-K66030860-001-03-6,salidroside,beta amyloid protein neurotoxicity inhibitor,0.40819890622739585,0.32178506188797007,0.08641384433942578,False
89dea2045,BRD-K19333160-001-01-3,RKI-1447,rho associated kinase inhibitor,0.4962274065593301,0.36706965121443563,0.1291577553448945,False
8a16bd4c6,BRD-A46393198-003-16-6,tetramisole,immunostimulant,0.3138719358424381,0.2779100841186659,0.0359618517237722,False
8a3518589,BRD-K34328244-001-01-4,MF-101,estrogen receptor agonist,0.35190480712733835,0.33598456565875345,0.015920241468584895,False
8a4370a9b,BRD-K97884852-001-05-4,malotilate,protein synthesis stimulant,0.3475092765729093,0.3257754932890448,0.021733783283864494,False
8a51a2ef0,BRD-K26833429-001-02-8,costunolide,telomerase inhibitor,0.3545579359419251,0.3245156149723148,0.030042320969610292,False
8a730738c,BRD-K45245728-335-01-4,ursodeoxycholyltaurine,cholesterol inhibitor,0.39198139623610595,0.37037710094487175,0.0216042952912342,False
8ab72a1bc,BRD-K24219278-001-01-6,amineptine,dopamine receptor agonist,0.3130951236961825,0.2895215468552205,0.02357357684096195,False
8ab744120,BRD-K13819402-003-10-2,desoxypeganine,"acetylcholinesterase inhibitor, monoamine oxidase inhibitor",0.38061744105230133,0.3407210172436917,0.03989642380860964,False
8abbf7b55,BRD-K13756951-001-01-4,bitopertin,"glycine transporter inhibitor, GlyT-1 inhibitor",0.5160106317565919,0.42456123200696555,0.09144939974962635,True
8abcc3151,BRD-K36270037-001-01-7,esculin,antioxidant,0.32237604506907525,0.31638250308856575,0.005993541980509498,False
8ac178351,BRD-K35034482-001-01-8,bunazosin,adrenergic receptor antagonist,0.3133235349466452,0.2901875469934083,0.023135987953236903,False
8acd33afb,BRD-K17702546-001-03-2,PD-168393,EGFR inhibitor,0.4731930742577347,0.42486578998771135,0.04832728427002336,False
8aecdb206,BRD-K28308851-303-01-8,alpha-methylhistamine-dihydrobromide-(S)-(+),histamine receptor agonist,0.364024043237762,0.33342169133455735,0.03060235190320465,False
8afd4ded9,BRD-K49759007-001-11-9,4-hydroxy-phenazone,,0.3330307566661582,0.3297480359251153,0.0032827207410429105,False
8b03bfee8,BRD-K37991163-003-13-4,paroxetine,selective serotonin reuptake inhibitor (SSRI),0.3539693668144479,0.327298875731592,0.026670491082855907,False
8b0b2f4cb,BRD-K23082237-003-01-5,butaclamol,dopamine receptor antagonist,0.3793211560758454,0.3403972650970963,0.0389238909787491,False
8b1bbb1e1,BRD-K14235254-001-01-2,GTS21,cholinergic receptor agonist,0.3668078896043318,0.31015404722078643,0.05665384238354537,False
8b292f993,BRD-K25690923-001-02-4,4-iodo-6-phenylpyrimidine,macrophage migration inhibiting factor inhibitor,0.3004466508933,0.27579561544238534,0.024651035450914682,False
8b52661f8,BRD-K13619941-213-01-8,aceglutamide,,0.33016792834652897,0.31299448473033775,0.01717344361619122,False
8b5499734,BRD-K95053546-001-01-9,tempol,free radical scavenger,0.4692305612130406,0.46205163128878735,0.00717892992425323,False
8b75bfb1b,BRD-K08251020-001-01-0,falecalcitriol,vitamin D receptor agonist,0.31058864567814765,0.27957168558080536,0.031016960097342283,False
8b82937f6,BRD-K68395654-001-03-1,EVP4593,NFkB pathway inhibitor,0.48296175388502194,0.4299694317112375,0.05299232217378441,False
8b87a7a83,BRD-K50891186-001-04-4,GR-103691,dopamine receptor antagonist,0.3725701342601396,0.3667584842142722,0.005811650045867367,False
8b9a7ff56,BRD-K94420399-001-01-9,PF-04136309,CC chemokine receptor antagonist,0.39783564546218053,0.3753423715561669,0.022493273906013633,False
8bb285dcb,BRD-K39915878-036-24-4,loxapine,"dopamine receptor antagonist, serotonin receptor antagonist",0.32418221090011556,0.3188213012201634,0.005360909679952175,False
8bbb98105,BRD-A11070335-236-02-1,carbazochrome,,0.3170080494759408,0.2997804171032808,0.017227632372660007,False
8bc88a3be,BRD-K29322660-001-01-9,edoxaban,coagulation factor inhibitor,0.3680468222026375,0.36671009887535894,0.0013367233272785772,False
8be20f208,BRD-K59325863-001-02-8,delanzomib,proteasome inhibitor,0.4044525487753276,0.3295003907351207,0.07495215804020688,False
8bef1a5b2,BRD-K61567297-001-01-9,resatorvid,toll-like receptor antagonist,0.3117524304044849,0.2800799128847385,0.031672517519746424,False
8bfccb68b,BRD-K30977212-001-02-8,PIK-293,PI3K inhibitor,0.3327012772616188,0.3253037049390748,0.00739757232254401,False
8c25111b8,BRD-A19661776-003-27-6,mianserin,serotonin receptor antagonist,0.32369652180322445,0.28042917189027006,0.04326734991295439,False
8c48a42be,BRD-K97884852-001-05-4,malotilate,protein synthesis stimulant,0.3875158720978297,0.3518346882732204,0.035681183824609275,False
8c4ed26e0,BRD-A17453586-003-02-3,MDL-72832,serotonin receptor agonist,0.3101348023694558,0.2957961005075827,0.014338701861873082,False
8c5413748,BRD-K08953028-001-09-6,U-0521,catechol O methyltransferase inhibitor,0.3028687097459901,0.2820956110591635,0.02077309868682664,False
8c71e5d12,BRD-K25630527-001-03-8,LY2784544,JAK inhibitor,0.30184158959548224,0.2609591962980494,0.04088239329743282,False
8c7b401c2,BRD-K41869275-001-02-8,2-phenylmelatonin,melatonin receptor agonist,0.33050611403521585,0.30126793356724346,0.029238180467972386,False
8c7f86626,BRD-K06858286-001-01-3,cabazitaxel,microtubule inhibitor,0.5897294588617856,0.580913850930555,0.008815607931230596,True
8c899cab9,BRD-A00100033-001-08-9,nifurtimox,DNA inhibitor,0.3045725035424694,0.2965443887510262,0.00802811479144322,False
8c91d6909,BRD-K53097745-001-01-5,pterostilbene,"cyclooxygenase inhibitor, PPAR receptor agonist",0.29919233616682844,0.27757325662829746,0.021619079538530983,False
8ca72b08e,BRD-K73440166-001-01-3,cinaciguat,guanylate cyclase activator,0.32612713142853533,0.296861628927727,0.029265502500808338,False
8ccf9adbe,BRD-K96358241-001-01-9,harringtonine,protein synthesis inhibitor,0.32613139278858294,0.3026132107211073,0.023518182067475635,False
8ce4ff1d6,BRD-K26603252-003-04-9,PD-153035,EGFR inhibitor,0.3321062680163087,0.3273173728993389,0.004788895116969838,False
8ce6e06b3,BRD-K16037980-001-01-1,Z160,N-type calcium channel blocker,0.42560636009697317,0.37742268341129304,0.04818367668568013,False
8d033bd54,BRD-K73381542-003-23-4,phenylephrine,adrenergic receptor agonist,0.40788318578234534,0.35168958844954185,0.05619359733280349,False
8d0a28435,BRD-K81376179-001-04-8,TCS-359,FLT3 inhibitor,0.398977051150204,0.34480157602272704,0.054175475127476946,False
8d2005452,BRD-K73440166-001-01-3,cinaciguat,guanylate cyclase activator,0.3959660191091026,0.36532797304744147,0.03063804606166115,False
8d26b9118,BRD-K47679368-236-01-7,bromfenac,cyclooxygenase inhibitor,0.37724828371828667,0.3735921904960158,0.0036560932222708953,False
8d31a1d0a,BRD-K85920262-001-02-1,WAY-600,mTOR inhibitor,0.543440994207958,0.5403306473495372,0.0031103468584208205,True
8d320a8c7,BRD-A93964801-003-03-3,clinafloxacin,bacterial DNA gyrase inhibitor,0.3332423212971377,0.3196386118175823,0.013603709479555415,False
8d43856e0,BRD-K91699951-001-10-2,benzonatate,local anesthetic,0.38225504061053195,0.38214516231110063,0.00010987829943132077,False
8d70a771d,BRD-K02733959-236-07-7,cefuroxime,bacterial cell wall synthesis inhibitor,0.3541947828193168,0.32216835901402,0.0320264238052968,False
8d7d3d1af,BRD-K59036917-001-16-7,ML161,protease-activated receptor inhibitor,0.3455106656269726,0.3297213432784174,0.01578932234855518,False
8da60807e,BRD-K82357231-001-17-5,desloratadine,histamine receptor antagonist,0.35889662136422507,0.34452047993268886,0.014376141431536205,False
8dad6ac60,BRD-K28392481-001-05-1,AZD4547,FGFR inhibitor,0.3979271010268996,0.3838165537792812,0.014110547247618399,False
8dc38b449,BRD-K68065987-300-09-1,MK-2206,AKT inhibitor,0.4527943200653573,0.44304657780090684,0.009747742264450465,False
8dc81a12b,BRD-K28183345-003-11-4,proguanil,dihydrofolate reductase inhibitor,0.36371453415857496,0.29240775862100005,0.07130677553757492,False
8e22a73b3,BRD-K56543881-001-02-7,ADX-47273,glutamate receptor modulator,0.36477007170996145,0.3196131263849784,0.045156945324983044,False
8e369b046,BRD-K48168960-001-19-2,propylthiouracil,thyroid peroxidase inhibitor,0.3650096935263193,0.30373292216644604,0.06127677135987325,False
8e438ce43,BRD-A74391928-051-01-3,ibutilide,potassium channel blocker,0.3684152921758773,0.3186888887617623,0.049726403414114995,False
8e62620d4,BRD-A07932845-050-15-8,metitepine,anti-HCVE2,0.4472200317292303,0.4219195370287167,0.0253004947005136,False
8e6a6f400,BRD-K59831625-001-01-6,LDN-212854,bone morphogenic protein inhibitor,0.35679178231992553,0.34374199967240676,0.01304978264751877,False
8e8707804,BRD-K67080878-001-15-4,milrinone,phosphodiesterase inhibitor,0.3527609541682407,0.33626961820903234,0.016491335959208375,False
8e8dba60d,BRD-A95696066-003-13-8,nisoxetine,norepinephrine reuptake inhibitor,0.281490895871321,0.26363300784275434,0.017857888028566637,False
8e99eca56,BRD-A16997652-001-02-3,protirelin,thyrotropin releasing hormone receptor agonist,0.399731595440219,0.35532901040219694,0.04440258503802208,False
8eb1a59a4,BRD-K82142815-001-19-1,betamipron,panipenem uptake inhibitor,0.41966860291235625,0.36925106781893874,0.05041753509341751,False
8ed2b189d,BRD-K17075857-001-17-6,chloroxine,opioid receptor antagonist,0.3842430594498326,0.34761072455715214,0.036632334892680474,False
8ed81dd51,BRD-A92439610-001-05-7,triamcinolone-acetonide,"glucocorticoid receptor agonist, immunosuppressant",0.47824806520640334,0.4657877521019253,0.012460313104478038,False
8ee60a3e0,BRD-A91733352-300-04-5,camylofine-chlorhydrate,,0.37524644373254695,0.30256051132405964,0.07268593240848731,False
8f128b570,BRD-K78809024-001-05-7,SB-590885,RAF inhibitor,0.354436549906147,0.34558699610455595,0.008849553801591026,False
8f14abc3f,BRD-K48988407-001-01-2,cytochlor,,0.3680084163787378,0.2940339037670244,0.07397451261171345,False
8f154f6ba,BRD-K62734952-001-01-0,arglabin,farnesyltransferase inhibitor,0.33643780661925926,0.32118748146385606,0.0152503251554032,False
8f19f8d8b,BRD-A21607826-003-05-1,medetomidine,adrenergic receptor agonist,0.3770314968186399,0.36146135182317085,0.015570144995469049,False
8f300f9d7,BRD-K97472745-001-01-8,gestrinone,progesterone receptor antagonist,0.33050098575628534,0.3003853637989323,0.03011562195735301,False
8f818017d,BRD-K73477617-001-08-5,dibutyl-phthalate,,0.45573377437614315,0.30883011653479375,0.1469036578413494,False
8f928e97e,BRD-K92404805-001-07-0,L-Quisqualic-acid,glutamate receptor agonist,0.3584691022335138,0.3513464823323274,0.0071226199011864,False
8faa855a9,BRD-K49840922-001-05-1,etofylline-clofibrate,platelet aggregation inhibitor,0.36141879505795477,0.3151139123332435,0.04630488272471128,False
8fba2455b,BRD-K23566484-001-15-1,nilutamide,androgen receptor antagonist,0.45952716943400085,0.3316432321264494,0.12788393730755143,False
8fd4dac32,BRD-K78637815-001-02-2,LY320135,cannabinoid receptor antagonist,0.3693225763046106,0.3297104651283906,0.03961211117621999,False
8fd588084,BRD-K78513633-001-15-7,lonidamine,glucokinase inhibitor,0.285164124342305,0.27881725689133974,0.006346867450965243,False
8fd76d996,BRD-K14711741-001-02-1,PF-4708671,ribosomal protein inhibitor,0.36096974677549953,0.35238632141045745,0.008583425365042086,False
8fd979999,BRD-K61691541-001-01-1,PF-03084014,gamma secretase inhibitor,0.3111311819508619,0.30452256606112454,0.006608615889737379,False
8fdbae36c,BRD-K10705233-001-02-2,GW-405833,cannabinoid receptor agonist,0.31853395298917314,0.3168133725587228,0.0017205804304503691,False
8fe42c9a8,BRD-K26253904-001-01-5,NMS-873,ATPase inhibitor,0.4660970470963237,0.4088331180662203,0.05726392903010341,False
900711768,BRD-A49906757-004-09-8,scopolamine-n-oxide,acetylcholine receptor antagonist,0.33265652767300247,0.3066427425470551,0.026013785125947375,False
9030b3101,BRD-K75466013-001-14-4,benzocaine,sodium channel blocker,0.4506336171045383,0.3403561211041886,0.1102774960003497,False
906185add,BRD-K63861289-001-19-6,molsidomine,guanylate cyclase stimulant,0.3946288008895735,0.28781614542117373,0.1068126554683998,False
9071eb625,BRD-A68464583-001-02-5,mazindol,"dopamine reuptake inhibitor, selective serotonin reuptake inhibitor (SSRI)",0.32943510821705674,0.29828730821121796,0.031147800005838777,False
908482858,BRD-K55773932-001-02-0,BMS-806,HIV attachment inhibitor,0.35507729238515084,0.3148729243071575,0.040204368077993324,False
90abb1f13,BRD-K92844263-001-09-8,triacetin,,0.3861091681406759,0.37445711430341944,0.011652053837256482,False
90bf1a888,BRD-K52233191-001-02-4,R547,CDK inhibitor,0.4694006001179242,0.40205335364351524,0.06734724647440898,False
90f770ec6,BRD-K64888243-001-03-7,AZ960,JAK inhibitor,0.3210305333152753,0.31841405011092594,0.0026164832043493735,False
911e358b7,BRD-K68938568-001-01-7,GDC-0152,XIAP inhibitor,0.3237961852417802,0.30340747560755266,0.020388709634227564,False
9128bdfb4,BRD-K26373640-001-05-1,IKK-2-inhibitor,"IKK inhibitor, SYK inhibitor",0.32878256785162574,0.26983810647809015,0.058944461373535595,False
9133c7e6f,BRD-K71058253-001-01-9,luliconazole,sterol demethylase inhibitor,0.3255234118800379,0.3199955462433164,0.0055278656367215295,False
91360929a,BRD-K34032314-001-04-1,betamethasone-valerate,glucocorticoid receptor agonist,0.3707670400311629,0.3630808553574591,0.0076861846737038,False
914d07573,BRD-A94033181-001-01-4,AZD6765,glutamate receptor antagonist,0.38536268603893525,0.33783764393674276,0.047525042102192494,False
9158344c4,BRD-K16195444-003-26-0,oxymetazoline,adrenergic receptor agonist,0.3335776296284649,0.29070455853183375,0.04287307109663113,False
9169f56d6,BRD-K13994703-003-15-8,propranolol-(S),adrenergic receptor antagonist,0.4562596328634068,0.43176161086608994,0.024498021997316877,False
916f011be,BRD-A40777960-001-04-2,aminohydroxybutyric-acid,,0.426203652969991,0.4196141824654519,0.006589470504539119,False
91a585117,BRD-K83508485-001-02-7,FK-888,tachykinin antagonist,0.2873866277604989,0.284282353824864,0.0031042739356348936,False
91a61ad44,BRD-K06902185-003-01-7,minoxidil,"KATP activator, Kir6 channel (KATP) activator, vasodilator",0.3930693235552945,0.3700279362852893,0.02304138727000521,False
91b11acc4,BRD-K51333959-003-01-3,siramesine,sigma receptor antagonist,0.4426737272129882,0.38057274933098184,0.06210097788200636,False
91b830645,BRD-K29582115-066-01-2,ziprasidone,"dopamine receptor antagonist, serotonin receptor antagonist",0.3151090889547615,0.29613875377737314,0.01897033517738833,False
91beddbbc,BRD-K65786282-001-07-5,CGP-7930,GABA receptor modulator,0.42486636787963433,0.2920063437290917,0.13286002415054265,False
91d9ae727,BRD-K15868788-003-07-7,SDZ-205-557,serotonin receptor antagonist,0.36375086908562876,0.2828531605727128,0.08089770851291594,False
91dc8bab8,BRD-K95053546-001-01-9,tempol,free radical scavenger,0.528295236288117,0.4675882539200565,0.06070698236806055,True
9235f62db,BRD-K91147684-001-01-5,m-THP,,0.33491418973185255,0.333673311790711,0.0012408779411415272,False
924c9bb02,BRD-K13050303-001-18-1,uridine,dopamine receptor agonist,0.358822728933379,0.3342154353856024,0.024607293547776632,False
925488749,BRD-K02241333-001-02-7,CHIR-124,CHK inhibitor,0.31994817568604855,0.2974474057214048,0.02250076996464373,False
926a489b1,BRD-A53576514-048-14-3,orphenadrine,acetylcholine receptor antagonist,0.28913666492467516,0.2685860820639391,0.020550582860736077,False
9288cf822,BRD-K17203476-001-01-9,LY2874455,FGFR antagonist,0.48803590812893183,0.4524092028639845,0.03562670526494732,False
9289a3800,BRD-K37798499-001-27-2,etoposide,topoisomerase inhibitor,0.44483903957136545,0.42251949677113415,0.022319542800231296,False
92a21d6f6,BRD-A19585813-003-03-3,methylphenidate,dopamine-norepinephrine reuptake inhibitor,0.4299402298466675,0.3566005526653036,0.07333967718136392,False
92b066eb4,BRD-A40413915-003-01-2,NTNCB,neuropeptide receptor antagonist,0.3412749559905483,0.305639624615111,0.035635331375437285,False
92bcfa08c,BRD-K94144010-001-13-9,cotinine,nicotine metabolite,0.3234010496616411,0.3222700246181387,0.0011310250435024316,False
92d4d3daa,BRD-K91699951-001-10-2,benzonatate,local anesthetic,0.354144435104864,0.353515011014386,0.0006294240904780035,False
92d8a1677,BRD-K13756951-001-01-4,bitopertin,"glycine transporter inhibitor, GlyT-1 inhibitor",0.36403803387832795,0.3474388330602039,0.01659920081812405,False
92eee1e9c,BRD-A53151380-001-01-2,prednisolone-tebutate,anti-inflammatory agent,0.36704132173397025,0.32925632418112677,0.03778499755284348,False
9300311a3,BRD-K18673820-001-15-5,folic-acid,folate receptor ligand,0.37123090521798463,0.35320077531511873,0.0180301299028659,False
9307b7820,BRD-K39624409-003-02-6,ADL5859,opioid receptor agonist,0.3452391708851419,0.2927905785306833,0.05244859235445859,False
931ae30d5,BRD-A14240607-003-26-1,octopamine,trace amine associated receptor agonist,0.352039820406249,0.27761338894173904,0.07442643146450995,False
9326faad2,BRD-A61850409-001-10-7,alpha-tochopheryl-acetate,antioxidant,0.34951868727855295,0.3259893152778067,0.02352937200074623,False
93303298e,BRD-K54521836-001-02-1,thiodiglycol,,0.37978083816775954,0.31571722205173347,0.06406361611602607,False
9335516ff,BRD-K42452249-001-02-5,EO-1428,p38 MAPK inhibitor,0.3088895064678037,0.2994688794037484,0.009420627064055331,False
93633f995,BRD-K92968657-001-01-6,tirapazamine,DNA inhibitor,0.35084786329923034,0.33559665566569385,0.01525120763353649,False
936b511d2,BRD-K17061841-001-03-5,stattic,,0.47544152465308,0.4717739535201861,0.0036675711328938987,False
93750c9d0,BRD-K59045783-001-01-1,faropenem-medoxomil,lactamase inhibitor,0.32681096220002376,0.30408001273275687,0.022730949467266892,False
93ca4bac4,BRD-K58010567-003-02-2,vilazodone,serotonin reuptake inhibitor,0.3550365279096267,0.34015095508163573,0.014885572827990967,False
93cbfaa05,BRD-K03564313-001-03-3,DMNB,DNA dependent protein kinase inhibitor,0.3812803426240944,0.3331004191774177,0.04817992344667671,False
93d2e301a,BRD-A79431551-001-01-1,3-deazaadenosine,adenosylhomocysteinase inhibitor,0.2963625920869264,0.2905362518651876,0.005826340221738779,False
93ee7d2e8,BRD-K64890080-001-13-8,BI-2536,PLK inhibitor,0.6233278721412726,0.5173062700784045,0.10602160206286815,True
94197aabe,BRD-K04430056-001-17-7,7-nitroindazole,nitric oxide synthase inhibitor,0.32812153102390035,0.3231618255024532,0.004959705521447144,False
942553571,BRD-K23566484-001-15-1,nilutamide,androgen receptor antagonist,0.4075953632229778,0.34604983881739043,0.06154552440558736,False
94255bcc3,BRD-K64800655-001-07-4,PHA-793887,CDK inhibitor,0.5131144582884314,0.45834598151344885,0.05476847677498253,True
9429c36f2,BRD-A77577770-003-08-9,palmitoylcarnitine,protein kinase inhibitor,0.33056904089008204,0.3170296235135908,0.013539417376491225,False
947bca065,BRD-A10420615-001-04-4,cyclopiazonic-acid,ATPase inhibitor,0.3865534851032668,0.3420873413344501,0.04446614376881669,False
948380682,BRD-K85015012-003-02-9,NNC-05-2090,"GABA uptake inhibitor, GAT inhibitor",0.36147475241713656,0.3048361452981864,0.056638607118950135,False
948b0edbc,BRD-K68538666-001-12-3,aceclofenac,prostanoid receptor antagonist,0.4010130873720404,0.37112729595388194,0.029885791418158447,False
948fbf412,BRD-A05906449-004-01-1,lappaconite,sodium channel blocker,0.3662740057373256,0.33172249716917895,0.03455150856814665,False
9497c295d,BRD-A22380646-236-05-8,pantoprazole,ATPase inhibitor,0.3367843702242689,0.3304676943558873,0.006316675868381583,False
9499c3d27,BRD-K41406082-001-16-2,sulfapyridine,PABA antagonist,0.32358712170925363,0.3218517322115845,0.0017353894976691597,False
94bd65e9a,BRD-K07208025-001-29-7,trimethoprim,dihydrofolate reductase inhibitor,0.33746376498847225,0.33737810418000447,8.566080846778013e-05,False
94c7faef3,BRD-K13800121-001-01-5,parecoxib,cyclooxygenase inhibitor,0.4618550337290495,0.4372191373843163,0.024635896344733232,False
94ce06893,BRD-K31928526-001-02-1,barasertib,Aurora kinase inhibitor,0.36114184233748237,0.33792927799390693,0.023212564343575437,False
94e531807,BRD-K77695569-001-30-0,tiabendazole,angiogenesis inhibitor,0.3567134684329409,0.3419527556239724,0.014760712808968457,False
94e537324,BRD-K62412084-001-07-1,para-toluenesulfonamide,,0.3158692638700734,0.29852783565305996,0.017341428217013455,False
950d67fbf,BRD-A04203391-001-08-3,piricapiron,"dopamine receptor antagonist, serotonin receptor antagonist",0.30500931121848784,0.3009227912212132,0.004086519997274662,False
9510eba67,BRD-K01995783-001-01-6,AMG-9810,TRPV antagonist,0.3392563452195012,0.3348223889533519,0.004433956266149286,False
952b76dfc,BRD-K46493214-001-06-7,saccharin,DNA polymerase inhibitor,0.30875276281176844,0.29823315167887376,0.01051961113289468,False
953553a62,BRD-A50998626-001-02-1,palomid-529,"AKT inhibitor, mTOR inhibitor",0.33749102118192814,0.3343303353031482,0.003160685878779934,False
954007658,BRD-A64125466-236-04-6,dehydrocholate,,0.3611761687975059,0.35202790831322656,0.009148260484279358,False
9549afdec,BRD-K14109347-001-03-4,LY2603618,CHK inhibitor,0.34056800270844345,0.31978905593017987,0.020778946778263585,False
95686e7fa,BRD-K77597856-003-02-5,detomidine,adrenergic receptor agonist,0.31130386068998944,0.2885359816443642,0.022767879045625217,False
956c3b5da,BRD-K20079257-001-09-6,rufinamide,voltage-gated sodium channel blocker,0.3385209312776724,0.32229031328417157,0.01623061799350084,False
9574c8381,BRD-K91822704-003-07-2,torcitabine,DNA polymerase inhibitor,0.3516399844308141,0.34913150849385344,0.0025084759369606857,False
957aaf61f,BRD-K46839850-050-04-2,cinepazide,calcium channel activator,0.3263836744546694,0.321415848568047,0.004967825886622423,False
959b696e2,BRD-K67277431-002-10-5,picotamide,"thromboxane receptor antagonist, thromboxane synthase inhibitor",0.4154515733089131,0.3457515098970229,0.06970006341189017,False
95a5b4f7e,BRD-K46731503-050-01-8,fesoterodine,acetylcholine receptor antagonist,0.399760649713487,0.3042311696209553,0.0955294800925317,False
95b087f23,BRD-K21160401-065-01-0,dextroamphetamine,monoamine oxidase inhibitor,0.3437793657552718,0.31437478057822205,0.029404585177049747,False
95b2192ba,BRD-K68164687-001-01-6,epothilone-b,"microtubule stabilizing agent, tubulin polymerization inhibitor",0.4618011819299171,0.4498996303515401,0.011901551578376968,False
95b589070,BRD-K96188950-001-16-9,caffeic-acid-phenethyl-ester,HIV integrase inhibitor,0.3567026220047406,0.3255699811292917,0.031132640875448925,False
95d5c9ec1,BRD-K54472332-001-03-4,elvitegravir,HIV integrase inhibitor,0.37785482577715285,0.3157713740390171,0.06208345173813573,False
95ee8a6e3,BRD-K55462201-001-07-3,AM-404,"cyclooxygenase inhibitor, FAAH inhibitor, TRPV antagonist",0.3553665924721103,0.3524696853104994,0.0028969071616108955,False
95f6fde0e,BRD-K53523901-001-04-4,arctigenin,MEK inhibitor,0.36138971477892223,0.32736751494403526,0.03402219983488697,False
95fa83810,BRD-K96936751-001-01-4,bretazenil,GABA benzodiazepine site receptor partial agonist,0.2637798837398611,0.2554106013745626,0.008369282365298492,False
9620527a5,BRD-K89053832-001-01-0,VLX600,ubiquitin C-terminal hydrolase inhibitor,0.4538470250997179,0.4511589642507054,0.002688060849012519,False
964888f81,BRD-A22267103-003-13-1,drofenine,,0.3962290852614132,0.38862470602745336,0.007604379233959846,False
965df75d5,BRD-K35520305-001-17-7,dacarbazine,DNA alkylating agent,0.3593623848920702,0.35363651014553704,0.005725874746533133,False
9661459bc,BRD-K48894757-001-01-8,laropiprant,prostanoid receptor antagonist,0.3395521774487976,0.2929347365269601,0.046617440921837505,False
96619d6b1,BRD-K69694239-001-02-2,bardoxolone-methyl,"nuclear factor erythroid derived, like (NRF2) activator",0.3768468553600651,0.3704718545515439,0.006375000808521214,False
966f02f06,BRD-A92670106-003-05-4,tocainide,sodium channel blocker,0.3777684076895015,0.37004765401576684,0.007720753673734648,False
9678651a2,BRD-K14711741-001-02-1,PF-4708671,ribosomal protein inhibitor,0.3059371734420202,0.2971381153866879,0.00879905805533232,False
9679541e9,BRD-K13390322-001-06-3,AT-7519,CDK inhibitor,0.5443420248861611,0.5047609493484885,0.03958107553767265,True
9684693b8,BRD-K09757388-065-04-0,atazanavir,HIV protease inhibitor,0.333379434115155,0.2836629246734236,0.04971650944173145,False
969f2cc14,BRD-K15164005-001-05-6,apoptosis-activator-II,carboxylesterase inhibitor,0.3777745641564488,0.37536016430754365,0.0024143998489051244,False
96b9ac123,BRD-K47407372-001-17-1,nifenazone,analgesic agent,0.3249405881861136,0.2951552111565312,0.029785377029582394,False
96c2fddf7,BRD-K64785675-001-04-0,TG100-115,PI3K inhibitor,0.38321854660164795,0.2998722957710495,0.08334625083059843,False
96cb92f3b,BRD-K90065682-300-02-6,5-iodo-A-85380,acetylcholine receptor agonist,0.3777215417234514,0.3699063049752698,0.007815236748181631,False
96cba48b8,BRD-A50028488-001-01-6,TCS2002,glycogen synthase kinase inhibitor,0.3732819045321248,0.33977037225426443,0.033511532277860356,False
96dc4f534,BRD-K73589401-001-23-6,corticosterone,mineralocorticoid receptor agonist,0.47077922855851884,0.4428686704570698,0.027910558101449046,False
96e24fca6,BRD-K17205817-001-06-1,sulfametopyrazine,PABA antagonist,0.4275378481480663,0.4102407292399248,0.017297118908141507,False
972d151e6,BRD-K77841042-001-14-1,brefeldin-a,protein synthesis inhibitor,0.3498365243671418,0.34767661239360104,0.0021599119735407624,False
972f41291,BRD-K17061841-001-03-5,stattic,,0.3729064856667181,0.35954206624686463,0.013364419419853446,False
9743b41f4,BRD-K89125793-001-26-0,tinidazole,antiprotozoal agent,0.32739908752239916,0.29818015544699134,0.029218932075407822,False
975a46d76,BRD-K95053546-001-01-9,tempol,free radical scavenger,0.4868834070052452,0.47315856184373395,0.013724845161511234,False
9791e3d0b,BRD-K37355418-236-01-6,efaproxiral,haemoglobin oxygen release stimulant,0.36004185246348175,0.3443147948251891,0.01572705763829263,False
979f3480e,BRD-K42495768-001-01-7,tasisulam,apoptosis stimulant,0.31303958594247755,0.22780114124175432,0.08523844470072323,False
97b1b62ef,BRD-A62421304-004-18-9,mepenzolate,acetylcholine receptor antagonist,0.3585966864939405,0.304183868987285,0.0544128175066555,False
97c5016a2,BRD-K65503129-001-06-3,CCT018159,HSP inhibitor,0.4200540534863956,0.35494484483019406,0.06510920865620151,False
97fd3b0ee,BRD-K63516691-003-02-0,T-0156,phosphodiesterase inhibitor,0.3906827825571911,0.32820902512427086,0.06247375743292022,False
9800c0dfb,BRD-K71106091-001-06-1,fludarabine-phosphate,ribonucleotide reductase inhibitor,0.31065553806196344,0.3012716738618219,0.009383864200141534,False
98075a197,BRD-K18424115-003-01-3,TG-100572,"src inhibitor, VEGFR inhibitor",0.3010132003103305,0.2931018263429152,0.007911373967415314,False
982d5e3b2,BRD-K90382497-001-10-7,GW-843682X,PLK inhibitor,0.41235951512133373,0.40430926265164796,0.00805025246968577,False
984bc762c,BRD-K97464279-001-03-5,diaveridine,dihydrofolate reductase inhibitor,0.366906779878255,0.3360240613819714,0.0308827184962836,False
986f762a1,BRD-K63550407-001-12-7,erythromycin,NFkB pathway inhibitor,0.3504316323972331,0.3183805713210983,0.03205106107613476,False
987f5f004,BRD-K86799112-001-02-0,5-HMF,,0.3465488991021192,0.34147211956410445,0.005076779538014775,False
9898cba0d,BRD-K08223200-001-01-1,WAY-200070,estrogen receptor agonist,0.34609214623048046,0.33987194309727436,0.0062202031332060925,False
989a4f93d,BRD-K58049875-001-04-7,thiostrepton,"FOXM1 inhibitor, protein synthesis inhibitor",0.5048784612655234,0.34825437352914257,0.1566240877363808,True
98a2c9b21,BRD-K19180152-001-02-6,meprobamate,,0.35002150325553727,0.32848181556426287,0.0215396876912744,False
98b848210,BRD-K01815685-001-15-5,indole-3-carbinol,"aryl hydrocarbon receptor agonist, indoleamine 2,3-dioxygenase inhibitor",0.3354854855942175,0.28194496724822404,0.05354051834599344,False
98c09cca0,BRD-K54606188-001-13-1,JQ1-(+),bromodomain inhibitor,0.43704051166765717,0.4017754900391937,0.035265021628463455,False
98c4c858e,BRD-K85920262-001-02-1,WAY-600,mTOR inhibitor,0.32035273232665423,0.29670395250009296,0.023648779826561273,False
98c8c9ccc,BRD-K63792901-075-02-1,arecaidine-but-2-ynyl-ester,acetylcholine receptor agonist,0.3587698099252834,0.3266114393028799,0.03215837062240351,False
98c94f9b9,BRD-K26997899-001-02-2,D-64131,microtubule inhibitor,0.5151434845912704,0.4807094778420259,0.03443400674924446,True
98d258152,BRD-K41434598-003-01-9,org-9768,adrenergic receptor antagonist,0.3447894966538246,0.3256652592734795,0.019124237380345077,False
98e035c12,BRD-A13188892-066-21-5,doxazosin,adrenergic receptor antagonist,0.3865849352743835,0.3523078538987806,0.03427708137560287,False
98e4ba42b,BRD-K17075857-001-17-6,chloroxine,opioid receptor antagonist,0.36967804975701746,0.309147883700004,0.060530166057013446,False
98f47e803,BRD-K21867462-001-02-9,GSK2816126,histone lysine methyltransferase inhibitor,0.3370054101582121,0.33380638884417824,0.0031990213140338786,False
9900aeef2,BRD-K97746869-001-27-0,chlorpropamide,ATP channel blocker,0.3442580100243255,0.3344906034742862,0.00976740655003927,False
99017a2c7,BRD-K51313569-003-03-3,palbociclib,CDK inhibitor,0.4673968350417515,0.4582320174410517,0.009164817600699815,False
990d1947d,BRD-K93767137-001-01-1,oseltamivir-carboxylate,neuraminidase inhibitor,0.29677012108296547,0.27652401126002446,0.020246109822941005,False
991b96cb6,BRD-K85015012-003-02-9,NNC-05-2090,"GABA uptake inhibitor, GAT inhibitor",0.35385825993700526,0.3387480554687378,0.01511020446826744,False
991dccfc4,BRD-K93176058-001-03-6,AC-55649,retinoid receptor agonist,0.36210552422337583,0.35166132149106816,0.010444202732307672,False
992da3b02,BRD-K50422030-001-05-3,clomethiazole,"GABA receptor antagonist, GABA receptor modulator",0.3378320729254008,0.3044371214106754,0.03339495151472538,False
994e6101b,BRD-K73397362-001-06-6,purmorphamine,smoothened receptor agonist,0.28461653402320347,0.2564885960277469,0.028127937995456598,False
9956b5d67,BRD-K49657628-001-14-8,tyrphostin-AG-18,"EGFR inhibitor, tyrosine kinase inhibitor",0.31262512394015846,0.3059546774221748,0.0066704465179836525,False
99d003a74,BRD-K15766189-001-09-8,cefdinir,bacterial cell wall synthesis inhibitor,0.3369652733011979,0.2898295312629068,0.04713574203829113,False
99d524de4,BRD-K05673000-236-12-1,dicloxacillin,bacterial cell wall synthesis inhibitor,0.38780906902157086,0.32627995268637994,0.061529116335190925,False
99f8a66ae,BRD-K87827419-001-16-8,melphalan,"DNA alkylating agent, DNA inhibitor",0.35534537911622305,0.34900169938512826,0.006343679731094787,False
99fcbbc29,BRD-K68232413-001-01-2,etizolam,benzodiazepine receptor agonist,0.4207017689720187,0.3485027957867166,0.0721989731853021,False
9a095f480,BRD-K62427771-001-01-0,AS-77,potassium channel blocker,0.3451512751614881,0.3214466390197436,0.023704636141744506,False
9a37fdcc7,BRD-K46742498-003-11-0,alosetron,serotonin receptor antagonist,0.392026767970187,0.31007048430844514,0.08195628366174185,False
9a4100e20,BRD-K82823804-001-04-1,PD-407824,PKC inhibitor,0.31527410386056776,0.301313892525953,0.01396021133461478,False
9a4775f71,BRD-A62021152-003-03-4,WAY-161503,serotonin receptor agonist,0.3992321045258455,0.3054467459262245,0.093785358599621,False
9a49e42b7,BRD-K45117373-001-02-9,Y-26763,potassium channel activator,0.4228479812878768,0.34722228447304826,0.07562569681482856,False
9a4aae9f4,BRD-A14316475-001-02-3,SN-6,sodium/calcium exchange inhibitor,0.32502700451948285,0.31566590702285824,0.009361097496624615,False
9a52a0142,BRD-K17443395-065-02-2,abacavir,nucleoside reverse transcriptase inhibitor,0.3799727241676064,0.3381530197264118,0.041819704441194594,False
9a6b15c7b,BRD-K75923785-003-02-1,scopine,,0.4071528424833837,0.3778201846146597,0.029332657868723966,False
9a72fd9f7,BRD-K53061490-003-13-9,ozagrel,thromboxane synthase inhibitor,0.3355766110742428,0.31484447710594754,0.020732133968295263,False
9a7ae5f54,BRD-A55469827-001-07-4,mephenesin,muscle relaxant,0.3567827392255124,0.3085395473181315,0.04824319190738091,False
9a7e1dc21,BRD-K47832606-001-30-1,floxuridine,DNA synthesis inhibitor,0.3943563588553598,0.3599748070419723,0.03438155181338748,False
9aad9c729,BRD-K13044802-213-20-7,ciclopirox,membrane integrity inhibitor,0.39861070328572756,0.3478689569639718,0.050741746321755765,False
9ab3a6c42,BRD-K13810148-311-03-2,givinostat,HDAC inhibitor,0.4119988093979876,0.3470263010378979,0.06497250836008972,False
9ab79493d,BRD-K28965160-001-01-1,BVD-523,MAP kinase inhibitor,0.7476886701116088,0.701754358607496,0.04593431150411276,True
9ac33dbfe,BRD-K26997899-001-02-2,D-64131,microtubule inhibitor,0.5693698437957709,0.5471098364489124,0.022260007346858512,True
9ac5906c2,BRD-K92723993-001-06-7,imatinib,"Bcr-Abl kinase inhibitor, KIT inhibitor, PDGFR tyrosine kinase receptor inhibitor",0.6610919894707536,0.584785907703655,0.07630608176709863,True
9ac88657a,BRD-K79131256-001-17-9,albendazole,tubulin polymerization inhibitor,0.36160632437857276,0.338590082996581,0.023016241381991764,False
9ae8e1c27,BRD-K59506194-015-04-9,targinine,nitric oxide synthase inhibitor,0.29491727630567316,0.2797245695064583,0.015192706799214861,False
9aefd7800,BRD-A08715367-001-01-7,L-Theanine,glutamate receptor antagonist,0.38189329317902176,0.3271822628823216,0.05471103029670016,False
9af8c1058,BRD-A73709786-001-01-3,LB-100,protein phosphatase inhibitor,0.3666489939934844,0.352643670840204,0.014005323153280402,False
9aff06a16,BRD-K53123955-001-10-5,niridazole,phosphofructokinase inhibitor,0.39666720691039214,0.3665558127347531,0.030111394175639072,False
9b0fa2676,BRD-K30577245-341-01-9,docetaxel,tubulin polymerization inhibitor,0.34592565757050775,0.3307252532127259,0.01520040435778186,False
9b4d542a5,BRD-A58048407-001-18-8,nimodipine,calcium channel blocker,0.3657253451627594,0.32874899027340726,0.03697635488935214,False
9b87ce240,BRD-K98203492-003-04-1,GSK-J4,histone lysine demethylase inhibitor,0.3537303833605002,0.32994949278093655,0.023780890579563674,False
9b964b696,BRD-K92838188-001-01-9,rifaximin,RNA synthesis inhibitor,0.4342760613683502,0.4068722066671585,0.027403854701191666,False
9bc8479ea,BRD-K43449605-001-01-0,oncrasin-1,apoptosis stimulant,0.8152495675675381,0.3379189798170395,0.4773305877504986,True
9bdffe5bb,BRD-A87715314-003-14-4,pronethalol,adrenergic receptor antagonist,0.4044762641109877,0.31671815157845984,0.08775811253252785,False
9bf0c9681,BRD-A53951045-004-01-6,butylscopolamine-bromide,cholinergic receptor antagonist,0.3129823103739711,0.2993374708698152,0.013644839504155903,False
9c00f05e0,BRD-K15179513-001-03-4,NVP-ADW742,insulin growth factor receptor inhibitor,0.5325200617007223,0.4749647280650569,0.057555333635665396,True
9c9b4e56a,BRD-K20008181-001-01-3,LCQ908,diacylglycerol O acyltransferase inhibitor,0.35739693294122993,0.33468091437390496,0.02271601856732497,False
9ca1dc01a,BRD-K30867024-003-03-3,SB-216641,serotonin receptor antagonist,0.2958897666389038,0.2894528643110969,0.006436902327806915,False
9cbacb6de,BRD-K15164005-001-05-6,apoptosis-activator-II,carboxylesterase inhibitor,0.3469562506585866,0.2819798461768909,0.06497640448169567,False
9cc1467b6,BRD-A36331462-001-02-1,oprozomib,proteasome inhibitor,0.40170998515597256,0.32858523674212886,0.0731247484138437,False
9cce94064,BRD-K77115421-001-02-6,phthalylsulfacetamide,,0.3133655755705317,0.2908947837530405,0.022470791817491176,False
9cd9c098b,BRD-K03294269-001-08-0,NU6027,CDK inhibitor,0.48975528012897007,0.43622916808494816,0.05352611204402191,False
9cf0df213,BRD-K24556098-001-19-1,deoxycorticosterone-acetate,progestogen hormone,0.3420441734405254,0.3150537735042037,0.026990399936321685,False
9d1c9eb50,BRD-K60184833-001-05-6,tyrphostin-AG-99,tyrosine kinase inhibitor,0.3629324783354332,0.3121765772135812,0.050755901121851965,False
9d43f8843,BRD-A65767837-001-04-4,hydrocortisone-acetate,glucocorticoid receptor agonist,0.4151537130689404,0.4102931593718726,0.004860553697067782,False
9d574d1db,BRD-K17026858-001-01-2,pibenzimol,DNA inhibitor,0.3799146409816148,0.3298829229748608,0.05003171800675399,False
9d5a1c5c1,BRD-K51770398-001-01-9,JNJ-17203212,TRPV antagonist,0.320788180340809,0.28174118824898486,0.03904699209182416,False
9d5b0d635,BRD-K37714784-305-02-1,ABT-724,dopamine receptor agonist,0.32935413100031585,0.3277008447436526,0.0016532862566632778,False
9d5b8a0e2,BRD-K17702546-001-03-2,PD-168393,EGFR inhibitor,0.4562729230132347,0.44568358964742866,0.01058933336580603,False
9d5bf829c,BRD-K20605374-001-05-4,NSC-697923,ubiquitin-conjugating enzyme inhibitor,0.37886309582891226,0.3605790358342311,0.018284059994681134,False
9d9257d83,BRD-A56371469-001-03-3,AGI-5198,isocitrate dehydrogenase inhibitor,0.3880387283447121,0.3656208934400854,0.022417834904626677,False
9d9943987,BRD-K52075715-001-06-7,oxibendazole,tubulin polymerization inhibitor,0.5273993640849315,0.5008957032263773,0.026503660858554157,True
9dc12fdd6,BRD-K87202646-001-32-6,isoniazid,FABI inhibitor,0.28994214192723405,0.27237879587236696,0.01756334605486709,False
9dc2848e0,BRD-K79602928-003-19-9,metformin,insulin sensitizer,0.3251585345672032,0.31882531546636056,0.006333219100842613,False
9ddeb8b52,BRD-K56543881-001-02-7,ADX-47273,glutamate receptor modulator,0.36067637261560526,0.3247093111409535,0.03596706147465173,False
9debdaeaf,BRD-K30685142-001-15-4,levothyroxine,thyroid hormone stimulant,0.28741662603715046,0.2683315029055963,0.019085123131554138,False
9df803dd5,BRD-A46876182-003-02-8,levobunolol-(+/-),adrenergic receptor antagonist,0.3660938754232217,0.3438061428623515,0.022287732560870188,False
9e11305b9,BRD-K36970462-001-01-6,tonabersat,"gap junction modulator, nitric oxide production inhibitor",0.3661198410003109,0.33336300068957064,0.032756840310740276,False
9e24f0cb6,BRD-K12184916-001-15-4,NVP-BEZ235,"mTOR inhibitor, PI3K inhibitor",0.43478866983121395,0.39164570823001504,0.043142961601198904,False
9e25474f1,BRD-K24603946-001-02-1,5-hydroxymethyl-tolterodine,acetylcholine receptor antagonist,0.31903791829810496,0.2905344739075021,0.028503444390602872,False
9e588abba,BRD-K78781788-003-01-9,barnidipine,calcium channel blocker,0.35072130267027773,0.2842514836245657,0.06646981904571203,False
9e60dd9a0,BRD-A97437073-050-14-5,rosiglitazone,"insulin sensitizer, PPAR receptor agonist",0.35245709066288655,0.2968918874552697,0.055565203207616876,False
9e9c9ce56,BRD-K95880107-001-02-4,PH-797804,p38 MAPK inhibitor,0.48757249963201965,0.42887255534730667,0.05869994428471298,False
9ec582849,BRD-K36965586-003-08-8,m-Chlorophenylbiguanide,,0.34574998712712546,0.3213095685934436,0.02444041853368184,False
9ef139b37,BRD-K36016295-001-04-5,KU-60019,ATM kinase inhibitor,0.32943470756466176,0.3068981680523059,0.022536539512355847,False
9ef936a40,BRD-A24560335-300-01-2,efatutazone,PPAR receptor agonist,0.2937684579875917,0.2837617866883425,0.010006671299249204,False
9f316ed9a,BRD-K89071957-001-01-1,CTS21166,beta-secretase inhibitor,0.3621932911630104,0.3539086688670255,0.008284622295984923,False
9f31b00f7,BRD-K07220430-001-18-4,cinnarazine,calcium channel blocker,0.3112427861402229,0.28408847249353486,0.027154313646688022,False
9f61be6d5,BRD-K93460210-001-23-7,lamotrigine,"serotonin receptor antagonist, sodium channel blocker",0.3355867537201991,0.3253720644837883,0.010214689236410779,False
9f80f3f77,BRD-K94441233-001-17-1,mevastatin,HMGCR inhibitor,0.6547888982264479,0.6480765105637495,0.006712387662698438,True
9f8251d45,BRD-K50859149-001-19-5,sulfafurazole,bacterial antifolate,0.4155111947583158,0.3454420349703834,0.07006915978793243,False
9f8c1612d,BRD-K21123171-001-02-9,pramiracetam,acetylcholine receptor agonist,0.3529477275082045,0.34881116428424214,0.004136563223962386,False
9f907fcd6,BRD-K68395654-001-03-1,EVP4593,NFkB pathway inhibitor,0.38017752631465007,0.32721674296849085,0.052960783346159224,False
9f98326fc,BRD-K69812556-305-02-0,WAY-100635,serotonin receptor antagonist,0.3170838938709426,0.3138167337915819,0.003267160079360676,False
9f9f2cc3e,BRD-A27376179-001-01-3,lestaurtinib,"FLT3 inhibitor, growth factor receptor inhibitor, JAK inhibitor",0.36298603684364317,0.33556400674709513,0.027422030096548033,False
9fb47bdfb,BRD-K58819470-001-05-9,2-thiouracil,,0.3128491883897445,0.295975431130495,0.0168737572592495,False
9ff6e306f,BRD-A11815689-001-01-1,proscillaridin-a,,0.3619453498995163,0.33583498394991496,0.026110365949601366,False
9ffc1c082,BRD-K00673382-001-18-9,famotidine,histamine receptor antagonist,0.38387558758936213,0.3155642308405513,0.06831135674881084,False
9ffde3b1b,BRD-K39484304-001-16-5,triptolide,RNA polymerase inhibitor,0.40052300420201203,0.37681944625595926,0.023703557946052778,False
a0250da6a,BRD-K07441213-001-18-9,paroxypropione,gonadotropin inhibitor,0.3531732428071043,0.3299842645595814,0.023188978247522918,False
a043e7bb8,BRD-K52075040-001-09-7,cerulenin,fatty acid synthase inhibitor,0.2987023363367341,0.29485119333132587,0.0038511430054082307,False
a0a121fc3,BRD-K13514097-001-05-3,everolimus,mTOR inhibitor,0.5073866227587941,0.4562154282246522,0.05117119453414187,True
a0e043edf,BRD-K46742498-003-11-0,alosetron,serotonin receptor antagonist,0.2987834483983757,0.2796035311894509,0.019179917208924757,False
a0e292dfb,BRD-K59433843-001-01-7,ICI-192605,thromboxane receptor antagonist,0.29609220096786953,0.2861648346126866,0.009927366355182932,False
a115ee06e,BRD-K15868788-003-07-7,SDZ-205-557,serotonin receptor antagonist,0.3682872455688746,0.3566762094584229,0.011611036110451722,False
a1256fb17,BRD-K16810791-001-01-0,LGK-974,porcupine inhibitor,0.4312349098554916,0.40264917764953595,0.028585732205955672,False
a12fba982,BRD-A16296925-001-01-3,indobufen,"cyclooxygenase inhibitor, platelet aggregation inhibitor",0.33471447178062114,0.2710517839631398,0.06366268781748136,False
a13f301e0,BRD-K49049886-001-08-7,CGS-15943,adenosine receptor antagonist,0.5353953950553929,0.39552393455089846,0.13987146050449445,True
a14e0fa86,BRD-K77677632-003-02-6,SB-200646,serotonin receptor antagonist,0.3342415667977949,0.31790096541122287,0.016340601386572007,False
a16b60c44,BRD-A30815329-001-10-5,felodipine,calcium channel blocker,0.3402428932078803,0.30938135357906876,0.030861539628811552,False
a17e63cf1,BRD-A30403214-001-03-3,edelfosine,phospholipase inhibitor,0.3437782937551017,0.3268658478545984,0.016912445900503337,False
a180cec12,BRD-K07798980-001-01-9,PSI-6130,RNA polymerase inhibitor,0.3254249857652686,0.30456762724304653,0.02085735852222209,False
a18d62192,BRD-K07487750-001-03-3,WHI-P154,JAK inhibitor,0.2761005514465295,0.2650655222276668,0.01103502921886268,False
a1976a4b8,BRD-K78055238-001-01-8,LY2090314,glycogen synthase kinase inhibitor,0.35539573279034203,0.3393351802283159,0.016060552562026154,False
a19d26516,BRD-K77627880-001-04-0,A205804,ICAM1 expression inhibitor,0.5423507916120526,0.3540437533403979,0.18830703827165468,True
a1a7000c4,BRD-K95785345-300-14-8,thiamine,vitamin B,0.49211023328856346,0.4255302239181319,0.06658000937043157,False
a1a709d02,BRD-K69253806-001-02-0,hexestrol,synthetic estrogen,0.2836753363154749,0.26317173362665947,0.02050360268881546,False
a1a9a44dd,BRD-K84466663-001-05-4,nelarabine,"DNA synthesis inhibitor, T cell inhibitor",0.29705926285899925,0.29255456768196464,0.004504695177034612,False
a1b18de47,BRD-K11124378-001-04-6,ceftibuten,bacterial cell wall synthesis inhibitor,0.37475485673555864,0.37182620651860987,0.0029286502169487694,False
a1b909edb,BRD-K29905972-001-06-3,axitinib,"PDGFR tyrosine kinase receptor inhibitor, VEGFR inhibitor",0.3974225716285193,0.3563435561014511,0.04107901552706822,False
a1c6ba2a1,BRD-K56277358-001-07-5,MGCD-265,VEGFR inhibitor,0.5411220827417221,0.48563979512056954,0.05548228762115259,True
a1d43b20d,BRD-K54262262-001-09-0,monobenzone,melanin inhibitor,0.40806897515179086,0.3618042554977193,0.046264719654071584,False
a1f4f1154,BRD-K86301799-001-34-8,dipyridamole,phosphodiesterase inhibitor,0.307445627828881,0.2887304572359372,0.01871517059294381,False
a1f8fe095,BRD-K20013301-001-02-6,LY411575,gamma secretase inhibitor,0.32739218033172646,0.2820545606393322,0.04533761969239425,False
a20704b85,BRD-K21160401-065-01-0,dextroamphetamine,monoamine oxidase inhibitor,0.35210673218668886,0.32831202172029417,0.023794710466394697,False
a209e826b,BRD-A83802939-304-04-2,dexamethasone-sodium-phosphate,glucocorticoid receptor agonist,0.41763907388789406,0.3809062561531878,0.03673281773470627,False
a20f959f2,BRD-K23190681-001-01-1,AV-412,protein tyrosine kinase inhibitor,0.5188630062684796,0.5102128439491845,0.008650162319295052,True
a214197e5,BRD-K68174511-001-06-6,torin-2,mTOR inhibitor,0.4864784879408414,0.449115569460521,0.03736291848032042,False
a21ccc603,BRD-K08999871-213-01-5,pipemidic-acid,topoisomerase inhibitor,0.3992260302141909,0.3706714811772919,0.028554549036899024,False
a226e91f9,BRD-K86727142-001-12-4,embelin,"HCV inhibitor, XIAP inhibitor",0.41338072662163233,0.3281215580022687,0.08525916861936361,False
a23ade66d,BRD-K01663662-003-20-2,diphenidol,acetylcholine receptor agonist,0.4428086066488939,0.3223691289334449,0.120439477715449,False
a24a0384e,BRD-K92830582-003-10-5,propranolol-(R),adrenergic receptor antagonist,0.4264891309246879,0.3532243093538416,0.0732648215708463,False
a2793d94f,BRD-K89072800-001-01-8,2-TEDC,lipoxygenase inhibitor,0.2948799235121102,0.2801868012770808,0.014693122235029388,False
a28556d51,BRD-K40797222-001-01-8,SC-12267,dihydroorotate dehydrogenase inhibitor,0.35182136036208256,0.29674084620276625,0.05508051415931631,False
a28c4829a,BRD-A29349577-001-23-0,dropropizine,antitussive,0.3447308790296769,0.3042620661815587,0.04046881284811821,False
a2a054566,BRD-A61676498-001-06-6,climbazole,enzyme inducer,0.3619375105110342,0.318890486219504,0.04304702429153018,False
a2a784ba2,BRD-K91301684-003-05-5,noscapine,"bradykinin receptor antagonist, tubulin polymerization inhibitor",0.35558646184634285,0.3265395183673933,0.02904694347894954,False
a2ad9316c,BRD-K99475619-001-01-2,genz-644282,topoisomerase inhibitor,0.3797241624692878,0.37347163951147666,0.006252522957811146,False
a2b2bab6e,BRD-K56543881-001-02-7,ADX-47273,glutamate receptor modulator,0.30905444145114797,0.2925656074488438,0.016488834002304165,False
a2bc2d048,BRD-A07232941-001-02-7,8-M-PDOT,melatonin receptor agonist,0.38714482324341687,0.36503210981281253,0.022112713430604336,False
a2da0271b,BRD-K15834839-001-02-3,lobendazole,anthelmintic agent,0.3252193772746217,0.24524438846002014,0.07997498881460155,False
a2f3f1f63,BRD-K96714749-001-01-0,isobutamben,local anesthetic,0.34496080192292183,0.30510340659582097,0.039857395327100864,False
a3066427d,BRD-K28308851-303-01-8,alpha-methylhistamine-dihydrobromide-(S)-(+),histamine receptor agonist,0.3125121722515691,0.24783106371801994,0.06468110853354914,False
a31885e97,BRD-K74117820-066-10-8,nelfinavir,HIV protease inhibitor,0.3359707242472632,0.2967804107742875,0.03919031347297569,False
a321adac7,BRD-K35079116-001-03-3,asiatic-acid,apoptosis stimulant,0.3822094509481417,0.3185828996133055,0.06362655133483619,False
a327c260f,BRD-M98279124-300-01-1,cevimeline,acetylcholine receptor agonist,0.36661600675145656,0.3624479674893629,0.004168039262093637,False
a3357cf2a,BRD-K21160401-065-01-0,dextroamphetamine,monoamine oxidase inhibitor,0.4266499188609815,0.3465877533595834,0.08006216550139811,False
a354df2dc,BRD-A93093700-001-02-9,temazepam,benzodiazepine receptor agonist,0.3592007851687186,0.3448251651968508,0.014375619971867815,False
a37ffdd7d,BRD-K33483813-001-10-0,actarit,interleukin receptor agonist,0.33491200687389516,0.3233873885702709,0.011524618303624279,False
a3939548f,BRD-A78391468-001-02-8,prednisolone-hemisuccinate,glucocorticoid receptor agonist,0.36993806283125186,0.3596502836926365,0.010287779138615338,False
a393c6f69,BRD-K96720755-001-02-6,relcovaptan,vasopressin receptor antagonist,0.3801147362521108,0.357841278379531,0.022273457872579783,False
a39ce96c9,BRD-K65877271-001-01-8,halobetasol-propionate,glucocorticoid receptor agonist,0.4884676346925041,0.4526900481557337,0.03577758653677038,False
a3bf5eb18,BRD-K06388322-312-02-6,pramipexole,dopamine receptor agonist,0.3210018185949684,0.30562416568376344,0.015377652911204964,False
a3c658a7e,BRD-A43435802-001-02-0,mercaptosuccinic-acid,,0.31107779576802563,0.2911514309764815,0.019926364791544138,False
a3ceccb28,BRD-K59184148-001-21-6,SB-216763,glycogen synthase kinase inhibitor,0.2963522847643529,0.2479360423887889,0.04841624237556397,False
a3d118bcd,BRD-K88560311-011-06-3,rucaparib,PARP inhibitor,0.30076809554295447,0.29048690315646797,0.010281192386486504,False
a3daef582,BRD-K65786282-001-07-5,CGP-7930,GABA receptor modulator,0.3173637661891191,0.29636958755220305,0.02099417863691605,False
a3e52fcc0,BRD-K56614220-001-19-0,clofazimine,GK0582 inhibitor,0.3639448037614694,0.3472680911378552,0.016676712623614254,False
a3ee887d9,BRD-K54314721-001-10-2,zolmitriptan,serotonin receptor agonist,0.32620704225700564,0.30109569374109296,0.02511134851591268,False
a404bf959,BRD-K97399794-001-15-3,quercetin,polar auxin transport inhibitor,0.3310854747292076,0.32364788097335245,0.007437593755855121,False
a4272df75,BRD-K24943235-001-01-3,grazoprevir,HCV inhibitor,0.341859871638942,0.32351306853299056,0.018346803105951437,False
a42acae5f,BRD-K66876909-001-12-6,linezolid,bacterial 50S ribosomal subunit inhibitor,0.3065683261123474,0.3018701476486907,0.004698178463656721,False
a44e72ca3,BRD-K68997413-001-05-1,PF-3845,FAAH inhibitor,0.344463720951389,0.32583901519420705,0.018624705757181947,False
a45333fcf,BRD-A09056319-003-07-7,alfuzosin,adrenergic receptor antagonist,0.36833322977773947,0.33256365464722093,0.03576957513051854,False
a47435fba,BRD-K20548681-001-01-3,SCP-1,analgesic agent,0.4056480349040497,0.38533276812656214,0.020315266777487573,False
a4797398a,BRD-K15766189-001-09-8,cefdinir,bacterial cell wall synthesis inhibitor,0.3460400770499263,0.2895107411992922,0.05652933585063408,False
a48700886,BRD-K13183738-317-10-2,pentamidine,anti-pneumocystis agent,0.32529793930214146,0.30657443786473176,0.018723501437409695,False
a4a6aef68,BRD-K68405354-001-06-4,spaglumic-acid,glutamate receptor antagonist,0.32456372831015945,0.3076348332112974,0.01692889509886203,False
a4d1c1cf6,BRD-K64514229-001-05-2,toltrazuril,antiprotozoal agent,0.32915872869302537,0.31610342034261296,0.013055308350412409,False
a4e7d9c48,BRD-K54997624-001-06-0,alpelisib,PI3K inhibitor,0.5684038630470863,0.5323407381751686,0.03606312487191776,True
a4f9f5bec,BRD-K41160163-001-06-8,fenobam,glutamate receptor antagonist,0.34833366399229204,0.26592473942806993,0.08240892456422211,False
a4fde711c,BRD-K37249724-001-25-7,astemizole,histamine receptor antagonist,0.34455149344040664,0.3328885324312618,0.011662961009144823,False
a50459702,BRD-M29936662-001-02-0,cis-ACPD,glutamate receptor agonist,0.36411238065998813,0.35938226058207906,0.004730120077909072,False
a504820a4,BRD-K84986517-001-01-8,darunavir,HIV protease inhibitor,0.3355373278450234,0.33511697418890496,0.0004203536561184218,False
a50b64b31,BRD-K51911221-001-01-2,nemorubicin,topoisomerase inhibitor,0.35487264400126833,0.33958716014959467,0.015285483851673665,False
a5230817b,BRD-K62326629-001-19-0,dichlorophen,anticestodal agent,0.3199302433576219,0.31960735536660867,0.00032288799101320986,False
a551574a7,BRD-K68770713-001-01-8,azosemide,electrolyte reabsorption inhibitor,0.2917278306831386,0.26711628222227307,0.02461154846086555,False
a56d0962a,BRD-K99545815-001-06-3,PF-562271,focal adhesion kinase inhibitor,0.4858612376791924,0.4738544361472505,0.012006801531941946,False
a572d85d8,BRD-K95412502-003-01-5,istaroxime,ATPase inhibitor,0.3187376506450926,0.31413896866694835,0.004598681978144226,False
a59c4d5d6,BRD-K95053546-001-01-9,tempol,free radical scavenger,0.47507556763284836,0.460276581537,0.014798986095848343,False
a5a285e3f,BRD-A95121829-001-08-9,ginkgolide-a,GABA receptor antagonist,0.3719852983858573,0.34773111970147463,0.024254178684382677,False
a5c69912f,BRD-K97884852-001-05-4,malotilate,protein synthesis stimulant,0.34493888212796997,0.33455153147418093,0.01038735065378904,False
a5e36fe89,BRD-K57291914-003-09-4,moroxydine,antiviral,0.3545158214809096,0.3263138420487336,0.028201979432176005,False
a5e5002ef,BRD-K23952234-236-01-8,BMS-986020,lysophosphatidic acid receptor antagonist,0.33704608743654135,0.3248692013761673,0.012176886060374037,False
a61df3fa9,BRD-K37270826-001-31-8,mifepristone,"glucocorticoid receptor antagonist, progesterone receptor antagonist",0.3648004161099957,0.3100869752824221,0.05471344082757362,False
a6334fda8,BRD-K86799112-001-02-0,5-HMF,,0.3314808522635728,0.31139197075402775,0.020088881509545076,False
a65dce982,BRD-K92116564-001-01-4,isoxepac,anti-inflammatory agent,0.3505584311121485,0.3391094079427683,0.011449023169380235,False
a679b6ae7,BRD-A47342814-003-01-8,naltrindole,opioid receptor antagonist,0.3421605733332086,0.3049083842468927,0.03725218908631589,False
a67f38a69,BRD-K29542628-001-03-9,1-naphthyl-PP1,src inhibitor,0.3857045071598867,0.36394100425859344,0.021763502901293252,False
a68423cff,BRD-K51486818-003-02-8,lazabemide,monoamine oxidase inhibitor,0.3350996438236869,0.3331746005551706,0.00192504326851628,False
a6854318d,BRD-K05658747-001-02-9,raltegravir,HIV integrase inhibitor,0.3400288892801908,0.30163752663598004,0.03839136264421078,False
a6a3946ba,BRD-K30550578-001-01-3,PF-04620110,diacylglycerol O acyltransferase inhibitor,0.3108320416184795,0.2708167780799209,0.04001526353855861,False
a6a75feea,BRD-K06388322-312-02-6,pramipexole,dopamine receptor agonist,0.298000079023178,0.27929230062940663,0.018707778393771357,False
a6c49d7e9,BRD-K79425933-001-09-3,benperidol,dopamine receptor antagonist,0.37852997746759676,0.35093542977212033,0.027594547695476423,False
a6e8b2e70,BRD-K18850819-001-04-6,MK-0752,gamma secretase inhibitor,0.4141818212982227,0.3315318767230319,0.08264994457519076,False
a6fda79c9,BRD-K68395654-001-03-1,EVP4593,NFkB pathway inhibitor,0.4058376532640533,0.360225905904268,0.04561174735978529,False
a704ab5d5,BRD-K95053546-001-01-9,tempol,free radical scavenger,0.4742300710693618,0.46719232993041865,0.0070377411389431765,False
a73140a7b,BRD-A83802939-304-04-2,dexamethasone-sodium-phosphate,glucocorticoid receptor agonist,0.4801766908619726,0.47207583739729914,0.008100853464673485,False
a7389b644,BRD-A14344385-001-03-2,IDRA-21,glutamate receptor positive allosteric modulator,0.5163635350384741,0.4816751675197568,0.03468836751871729,True
a74cfd885,BRD-K68132782-003-13-8,terbinafine,fungal squalene epoxidase inhibitor,0.3342336650452165,0.314655609899517,0.01957805514569949,False
a7533d956,BRD-K06858286-001-01-3,cabazitaxel,microtubule inhibitor,0.5338421906511566,0.5171064692193699,0.0167357214317867,True
a7561b089,BRD-K08287586-001-14-3,butyl-paraben,DNA synthesis inhibitor,0.40661736335459625,0.3631128263140579,0.04350453704053836,False
a775159c0,BRD-K28936863-051-33-0,ketotifen,"histamine receptor agonist, leukotriene receptor antagonist, phosphodiesterase inhibitor",0.4190482788553029,0.3610100970016389,0.058038181853663995,False
a7abe00bf,BRD-K33882852-003-02-8,ZK-93423,benzodiazepine receptor agonist,0.27416280466478915,0.26218394782865007,0.011978856836139085,False
a7b3e608d,BRD-A32597168-001-03-6,letosteine,mucolytic agent,0.3572735732309646,0.3220531646838367,0.03522040854712788,False
a7c2673c1,BRD-K31866293-001-01-6,TAK-632,RAF inhibitor,0.4645618348862115,0.42369059172239,0.04087124316382151,False
a7c5f52df,BRD-A34751532-001-06-9,homosalate,HSP inducer,0.42019376117308904,0.2891393970585167,0.13105436411457233,False
a82072ffe,BRD-K97799481-230-01-7,aminophylline,adenosine receptor antagonist,0.4167428507842865,0.37624874929549057,0.04049410148879595,False
a8338aab4,BRD-K91822704-003-07-2,torcitabine,DNA polymerase inhibitor,0.3346052929915334,0.28444496861167756,0.05016032437985585,False
a8498721f,BRD-K56957086-001-06-3,dacinostat,HDAC inhibitor,0.43634724753220394,0.4233834781793584,0.012963769352845544,False
a85e24e2e,BRD-K25412176-001-01-9,GSK2110183,AKT inhibitor,0.4905244374218958,0.48037255830802844,0.010151879113867335,False
a85e8ffe9,BRD-K35952844-238-01-2,calcium-gluceptate,,0.34959032973810805,0.3148457069435515,0.034744622794556534,False
a87d92c8b,BRD-K42221274-003-07-7,NNC-711,GABA uptake inhibitor,0.29351409251744087,0.2739142788763641,0.01959981364107677,False
a8866b858,BRD-K89048337-001-06-9,puerarin,serotonin receptor antagonist,0.3015808203132694,0.2977152201344944,0.003865600178774964,False
a88c74ce5,BRD-A14344385-001-03-2,IDRA-21,glutamate receptor positive allosteric modulator,0.47983687701328537,0.46206881170748565,0.01776806530579972,False
a8b665a89,BRD-K13474508-001-01-2,"L-655,708",GABA receptor inverse agonist,0.38296497151440007,0.3441817375041411,0.03878323401025896,False
a8bab2657,BRD-K61443650-236-13-1,thiomersal,other antibiotic,0.4853583292322067,0.41315247454479315,0.07220585468741353,False
a8e1ede40,BRD-A39052811-048-11-0,mosapride,serotonin receptor agonist,0.3339131433326468,0.3317887274931704,0.0021244158394764234,False
a8ec8311e,BRD-K93231391-300-05-6,ethambutol,bacterial cell wall synthesis inhibitor,0.32229728841078614,0.31766082651799543,0.004636461892790711,False
a90e40334,BRD-K64157027-003-02-7,ZD-2079,adrenergic receptor agonist,0.3657922662793646,0.3556869025595654,0.010105363719799199,False
a90ee8ca7,BRD-K26667523-001-02-5,TAK-733,MEK inhibitor,0.4889381361360297,0.46649448422176537,0.02244365191426434,False
a91b3dc1e,BRD-K41337261-001-03-0,ZM-306416,"Abl kinase inhibitor, src inhibitor, VEGFR inhibitor",0.4003311311251777,0.3833153949933999,0.017015736131777814,False
a94b73995,BRD-K98572433-001-02-9,AZD8931,EGFR inhibitor,0.5775940777797238,0.5740047849558955,0.0035892928238283606,True
a95ca4f7d,BRD-A04322457-003-17-9,isoprenaline,adrenergic receptor agonist,0.3269677096834187,0.32361548839112264,0.003352221292296065,False
a993c9d8e,BRD-A14240607-003-26-1,octopamine,trace amine associated receptor agonist,0.3813676637008239,0.28416706275434367,0.09720060094648025,False
a994d4d9b,BRD-K02594908-001-16-4,sulfanilamide,carbonic anhydrase inhibitor,0.31974868704803616,0.2969851345229305,0.022763552525105646,False
a99e370a4,BRD-K72462751-001-02-7,C-1,protein kinase inhibitor,0.3443597844786804,0.3113863539260424,0.03297343055263796,False
a9a5bbe24,BRD-K37111771-300-02-6,trientine,chelating agent,0.32883756373917233,0.28922470739202183,0.039612856347150505,False
a9ac20ce4,BRD-A91822151-001-05-0,picrotin,GABA receptor antagonist,0.29993003602013746,0.29778769226587387,0.002142343754263587,False
a9b96bdd4,BRD-A74391928-051-01-3,ibutilide,potassium channel blocker,0.3528055386663253,0.3352882595255816,0.01751727914074369,False
a9bc2c549,BRD-K19388745-003-01-7,colforsin-daproate,adenylyl cyclase activator,0.30331126287061366,0.28075875943844264,0.022552503432171023,False
a9d14dd13,BRD-A43435802-001-02-0,mercaptosuccinic-acid,,0.31168955448399893,0.3060140233218848,0.005675531162114111,False
a9dc13239,BRD-K17849083-001-31-1,tranilast,angiogenesis inhibitor,0.3822624459092926,0.37355856466323156,0.00870388124606103,False
a9f09ee64,BRD-K70511574-001-06-9,HMN-214,PLK inhibitor,0.3923534327315327,0.37632140878075365,0.016032023950779073,False
aa29a93b4,BRD-K33732501-004-01-0,methylnaltrexone,opioid receptor antagonist,0.31713084929411883,0.289036674511469,0.028094174782649806,False
aa545b534,BRD-K11756522-001-09-9,furazolidone,bacterial DNA inhibitor,0.3339354194255607,0.32367903765644757,0.010256381769113143,False
aa5999e70,BRD-K93611241-001-02-2,diacetamate,,0.31427568463675537,0.289865078928948,0.024410605707807398,False
aa7888a9c,BRD-A95696066-003-13-8,nisoxetine,norepinephrine reuptake inhibitor,0.32081282681412226,0.2807419588949723,0.04007086791914999,False
aa7b9f4cc,BRD-K68620903-001-11-4,dydrogesterone,progesterone receptor agonist,0.36351177794467004,0.31258598577804747,0.050925792166622574,False
aa8c877e3,BRD-A39052811-048-11-0,mosapride,serotonin receptor agonist,0.33310085653096005,0.3201475350473289,0.012953321483631153,False
aaf5e7891,BRD-K65877271-001-01-8,halobetasol-propionate,glucocorticoid receptor agonist,0.5201274698587549,0.4533616287016341,0.06676584115712081,True
ab15a41c0,BRD-K14109347-001-03-4,LY2603618,CHK inhibitor,0.3184662982550456,0.2936386953080481,0.024827602946997485,False
ab265c296,BRD-A14344385-001-03-2,IDRA-21,glutamate receptor positive allosteric modulator,0.37899262812475965,0.368122993625519,0.010869634499240666,False
ab2e02e76,BRD-K79612754-001-21-7,inosine,neurotrophic agent,0.32232402893804135,0.28564289761043354,0.03668113132760781,False
ab39b39cb,BRD-K97101532-001-02-8,tezacaftor,CFTR channel agonist,0.327586463604904,0.3221907511634253,0.005395712441478684,False
ab3ec4d85,BRD-K35034482-001-01-8,bunazosin,adrenergic receptor antagonist,0.40249000859897605,0.34944757079878164,0.05304243780019441,False
ab3f5b53b,BRD-A93236127-001-04-5,digitoxin,ATPase inhibitor,0.3089118716867269,0.2890829435241739,0.019828928162552995,False
ab416e5b9,BRD-K96299080-001-02-7,neohesperidin,,0.419009145716373,0.35155119346729374,0.06745795224907924,False
ab50adc64,BRD-K92968657-001-01-6,tirapazamine,DNA inhibitor,0.388771748494846,0.3283645796265904,0.060407168868255645,False
ab5979bc0,BRD-A63780829-001-11-4,hyperin,aldose reductase inhibitor,0.3992622840360082,0.35308979034785054,0.04617249368815768,False
ab6e8a3f1,BRD-K53097745-001-01-5,pterostilbene,"cyclooxygenase inhibitor, PPAR receptor agonist",0.34162339965284216,0.2931302668061533,0.04849313284668888,False
ab97699fb,BRD-A64227845-004-09-3,SKF-77434,dopamine receptor agonist,0.3500115417533006,0.34905364250923954,0.000957899244061089,False
abbe5bb77,BRD-A22143024-231-03-8,estropipate,estrogen receptor agonist,0.30474103634603333,0.3042205814831926,0.0005204548628407468,False
abe3d3a3f,BRD-K02241333-001-02-7,CHIR-124,CHK inhibitor,0.342104953319056,0.3077860628827515,0.03431889043630448,False
abe5d0dcc,BRD-K55013654-003-02-3,lorcaserin,serotonin receptor agonist,0.37513182977949794,0.3511279942531002,0.024003835526397732,False
abec24ea6,BRD-K15045219-001-01-8,salazodine,,0.351192669840458,0.32074389330518943,0.030448776535268562,False
ac1a855c8,BRD-K84683831-001-01-0,radezolid,"bacterial 30S ribosomal subunit inhibitor, bacterial 50S ribosomal subunit inhibitor",0.5202031326472955,0.5136195318168832,0.006583600830412206,True
ac2e68607,BRD-K92723993-001-06-7,imatinib,"Bcr-Abl kinase inhibitor, KIT inhibitor, PDGFR tyrosine kinase receptor inhibitor",0.6069252034749592,0.5557495694133194,0.05117563406163972,True
ac304c699,BRD-K34469523-003-03-0,levalbuterol,adrenergic receptor agonist,0.46945921998010526,0.4317874284258694,0.037671791554235834,False
ac39ed33f,BRD-A14240607-003-26-1,octopamine,trace amine associated receptor agonist,0.349555314890202,0.31979609470388076,0.02975922018632121,False
ac4d7be36,BRD-K13050541-001-01-9,acivicin,gamma glutamyltransferase Inhibitors,0.36214718799497986,0.31050803022062273,0.051639157774357125,False
ac6230f28,BRD-K37289225-001-36-4,clozapine,"dopamine receptor antagonist, serotonin receptor antagonist",0.3325436163874512,0.29512200266285865,0.03742161372459257,False
ac7586e48,BRD-K83459933-001-05-4,sinomenine,angiogenesis inhibitor,0.3701135595243011,0.3605694473756634,0.009544112148637707,False
ac7ea7c77,BRD-K03095347-001-06-1,levosimendan,calcium sensitizer,0.43154763817721564,0.32057841171775514,0.1109692264594605,False
acccb8d39,BRD-K83036479-001-09-2,salicylanilide,other antibiotic,0.3291327103868806,0.32390097228171505,0.005231738105165529,False
ace16ad9c,BRD-A05457250-001-08-4,BAY-K-8644-(+/-),L-type calcium channel activator,0.3248145413754624,0.3124679215600671,0.01234661981539531,False
acf5d5c31,BRD-K25630527-001-03-8,LY2784544,JAK inhibitor,0.3793298011678199,0.3754292738732486,0.0039005272945712988,False
ad0701753,BRD-K19605405-001-02-7,ZM-241385,adenosine receptor antagonist,0.3513675226311154,0.33831564860540914,0.01305187402570629,False
ad1af9ba2,BRD-A08715367-001-01-7,L-Theanine,glutamate receptor antagonist,0.33519017433455167,0.28269886288472906,0.05249131144982261,False
ad1b1d36e,BRD-K61951118-001-07-9,FG-7142,GABA benzodiazepine site receptor inverse agonist,0.39079549222196985,0.3046715053077248,0.08612398691424505,False
ad2da4efe,BRD-K95053546-001-01-9,tempol,free radical scavenger,0.4402697759420668,0.43238936719770765,0.007880408744359135,False
ad2f68280,BRD-K49945136-001-10-0,GR-113808,serotonin receptor antagonist,0.3188357724600713,0.28295337434530404,0.03588239811476723,False
ad42010b1,BRD-K79892937-001-02-5,phenolsulfonphthalein,,0.3093873424988844,0.2653328597685249,0.0440544827303595,False
ad7b5d8e2,BRD-K46384212-001-02-9,o-3M3FBS,phospholipase activator,0.32529771157076237,0.29971989226252366,0.025577819308238714,False
ad7d27aa1,BRD-K41406082-001-16-2,sulfapyridine,PABA antagonist,0.3860234723039411,0.3559429069175025,0.03008056538643855,False
ad83db5b2,BRD-A40084411-003-07-7,CGP-12177,adrenergic receptor agonist,0.3629312051955508,0.2781539893626777,0.08477721583287307,False
ad84986d3,BRD-A72716251-001-01-5,peruvoside,cardiac glycoside,0.3834124049666455,0.3673114591825032,0.01610094578414234,False
ad86c2b4e,BRD-K33610132-001-02-9,rociletinib,EGFR inhibitor,0.3498190865494935,0.32791372482078335,0.02190536172871016,False
ad8a9c45d,BRD-K77245796-003-01-6,gamma-aminobutyric-acid,benzodiazepine receptor agonist,0.3383831722064268,0.2846033558473892,0.05377981635903756,False
adabf11d3,BRD-A48180038-003-24-3,trihexyphenidyl,acetylcholine receptor antagonist,0.3371287061239995,0.2947439999246664,0.0423847061993331,False
adb0c3173,BRD-K13619941-213-01-8,aceglutamide,,0.370396884131623,0.2996816550353581,0.07071522909626493,False
adc9a457a,BRD-K28210218-236-08-1,cephalothin,bacterial cell wall synthesis inhibitor,0.3238348523806496,0.29561840366808323,0.028216448712566344,False
adf8b6ead,BRD-K32107296-001-16-9,temozolomide,DNA alkylating agent,0.26363807232787984,0.2483380547332729,0.015300017594606946,False
adfbd607a,BRD-K66465025-001-05-1,ACPC,glutamate receptor antagonist,0.35206640771751163,0.2735270607730775,0.07853934694443415,False
ae0c59f9b,BRD-K65877271-001-01-8,halobetasol-propionate,glucocorticoid receptor agonist,0.5125551641401949,0.4993315161683915,0.013223647971803365,True
ae1c0d788,BRD-K17702546-001-03-2,PD-168393,EGFR inhibitor,0.5752372370072654,0.5687466966717015,0.006490540335563844,True
ae2afcf9d,BRD-K66911501-003-01-2,MK-3207,calcitonin antagonist,0.3188744018378772,0.30688434307915374,0.011990058758723443,False
ae3761091,BRD-A04252265-003-01-4,eperisone,acetylcholine receptor antagonist,0.38102863243315194,0.3731934220803421,0.007835210352809818,False
ae556993a,BRD-K53814070-310-01-3,ripasudil,rho associated kinase inhibitor,0.3516738678358043,0.3496063698084763,0.002067498027327974,False
ae5ed53b2,BRD-A49906757-004-09-8,scopolamine-n-oxide,acetylcholine receptor antagonist,0.4046437144528261,0.36217243336430543,0.04247128108852066,False
ae712f9ef,BRD-K37694030-003-12-7,doxepin,histamine receptor antagonist,0.2729637237868291,0.2587236487891163,0.014240074997712793,False
ae915ad1f,BRD-A45107007-001-03-4,salubrinal,eukaryotic translation initiation factor inhibitor,0.33632839667387066,0.3035414762387735,0.03278692043509718,False
aeb28b1ee,BRD-K46384212-001-02-9,o-3M3FBS,phospholipase activator,0.34969988792777995,0.31191667460919126,0.03778321331858869,False
aed11ae9b,BRD-K42959922-001-01-5,trans-2-Undecenoic-acid,,0.3090484157957711,0.2924904002512423,0.016558015544528792,False
aed22deb5,BRD-K92073408-001-16-5,norethindrone,progesterone receptor agonist,0.44816943027928363,0.43224954526681364,0.015919885012469992,False
aed30fd00,BRD-K46742498-003-11-0,alosetron,serotonin receptor antagonist,0.36169155576190537,0.3255495376559003,0.03614201810600509,False
aed4e4afb,BRD-K27351809-001-09-5,nomegestrol-acetate,progesterone receptor agonist,0.352278226361926,0.3059998251126859,0.0462784012492401,False
aeda2a606,BRD-K99984802-100-13-5,flunixin-meglumin,prostanoid receptor antagonist,0.40046525349730894,0.3875639244241616,0.012901329073147338,False
aee4ccd0a,BRD-K13050541-001-01-9,acivicin,gamma glutamyltransferase Inhibitors,0.45311779292418325,0.42583296227431666,0.027284830649866587,False
aef80fc76,BRD-K79905821-004-03-6,gabazine,GABA receptor antagonist,0.31735053740864844,0.2972032994982413,0.020147237910407123,False
af0826003,BRD-K33882852-003-02-8,ZK-93423,benzodiazepine receptor agonist,0.4682015159762686,0.40272118970879667,0.06548032626747191,False
af12e2904,BRD-A49447682-001-02-4,desoximetasone,glucocorticoid receptor agonist,0.6161767919759517,0.575709273995743,0.040467517980208645,True
af22cc3d8,BRD-K66241279-001-01-8,cinromide,,0.3859140722469471,0.33917583187022915,0.04673824037671798,False
af3aa3a26,BRD-K62594868-082-08-6,GR125487,serotonin receptor antagonist,0.3672846523876875,0.3654518639741107,0.001832788413576758,False
af488380b,BRD-K63736853-001-04-8,acipimox,cholesterol inhibitor,0.33267897522861756,0.31191642197898733,0.020762553249630222,False
af4d41141,BRD-K84564571-001-02-4,telatinib,"KIT inhibitor, PDGFR tyrosine kinase receptor inhibitor, VEGFR inhibitor",0.6009773164097632,0.554420749938,0.046556566471763206,True
af6850fa6,BRD-K62398570-300-01-2,lerisetron,serotonin receptor antagonist,0.37072983964168343,0.3520358968105376,0.018693942831145838,False
af7c2babf,BRD-K38158531-001-02-1,traxoprodil,glutamate receptor antagonist,0.3479571379795254,0.344337065023138,0.003620072956387388,False
af7f18b3a,BRD-K68395654-001-03-1,EVP4593,NFkB pathway inhibitor,0.4238046456954595,0.31438884866592604,0.10941579702953347,False
af92887f9,BRD-A94709349-001-08-3,metaxalone,muscle relaxant,0.3679843716245369,0.35311287645944006,0.014871495165096837,False
afa502729,BRD-K52075040-001-09-7,cerulenin,fatty acid synthase inhibitor,0.30625791845813094,0.303750121517666,0.0025077969404649347,False
afafe3ca9,BRD-K88186167-001-04-8,GW-4064,FXR agonist,0.341297999910629,0.3206915125565202,0.020606487354108804,False
afd0dbace,BRD-K83186168-001-01-8,AZD1981,CRTH receptor antagonist,0.340317298591369,0.3040158329725498,0.036301465618819195,False
afed0fc6d,BRD-K01174345-001-01-9,anamorelin,growth hormone secretagogue receptor agonist,0.37778658022127903,0.2927959949052568,0.08499058531602222,False
b0129f66e,BRD-K26253904-001-01-5,NMS-873,ATPase inhibitor,0.40391618162684945,0.3837371995427013,0.020178982084148145,False
b016fdb77,BRD-K71221037-001-01-6,birinapant,XIAP inhibitor,0.7252499670735101,0.3682538636270371,0.356996103446473,True
b01cf573a,BRD-K81957469-001-01-0,semagacestat,gamma secretase inhibitor,0.3031722722968954,0.29255956564022406,0.010612706656671356,False
b046f598b,BRD-K53765467-001-02-1,empagliflozin,sodium/glucose cotransporter inhibitor,0.3377328861329557,0.304120902709408,0.03361198342354771,False
b077801cd,BRD-K72726508-001-02-1,arcyriaflavin-a,CDK inhibitor,0.2913780195318632,0.2724154630169113,0.018962556514951934,False
b07818506,BRD-K45446451-001-05-0,JZL-184,monoacylglucerol lipase inhibitor,0.4120997400764253,0.3449148345353567,0.0671849055410686,False
b0a0d2656,BRD-K29392254-001-02-2,pantothenic-acid,coenzyme A precursor,0.3776976853215451,0.3450287982115398,0.03266888711000526,False
b0b0fec1d,BRD-K89657519-001-01-8,testosterone-enanthate,androgen receptor agonist,0.35440925213511565,0.3262528942799534,0.02815635785516224,False
b0c582a9c,BRD-A77577770-003-08-9,palmitoylcarnitine,protein kinase inhibitor,0.4105312767264155,0.3647845726933031,0.04574670403311237,False
b0e220a18,BRD-A39230911-001-10-2,chlorphensin-carbamate,muscle relaxant,0.38593627531081315,0.34296055690179156,0.04297571840902159,False
b0fbaa16b,BRD-K17705806-003-04-4,JTC-801,opioid receptor antagonist,0.3138098705904711,0.3012807341645826,0.012529136425888487,False
b12140550,BRD-K55191674-237-18-3,benzylpenicillin,penicillin binding protein inhibitor,0.37334644579478726,0.31421196828979375,0.05913447750499351,False
b130d5c91,BRD-K48213016-001-01-8,CC-930,JNK inhibitor,0.3820189581811469,0.3386048743765128,0.043414083804634074,False
b1404e2c5,BRD-K25311561-001-10-7,KU-55933,ATM kinase inhibitor,0.3395548187500261,0.31919111074225226,0.020363708007773818,False
b16c06e60,BRD-K16732600-001-01-7,MK-0893,glucagon receptor antagonist,0.33083840127436054,0.29058007761980953,0.04025832365455101,False
b17956231,BRD-K99107520-001-24-1,felbamate,glutamate receptor antagonist,0.3753699539610389,0.3618343486444596,0.013535605316579269,False
b1795fcb0,BRD-K29546239-001-02-3,SNC-80,,0.3586820820571383,0.3264304596746662,0.03225162238247209,False
b17dafa75,BRD-K49371609-003-03-8,PIK-75,"DNA protein kinase inhibitor, PI3K inhibitor",0.3862068098945516,0.2920404602259571,0.0941663496685945,False
b19964d8c,BRD-K13756951-001-01-4,bitopertin,"glycine transporter inhibitor, GlyT-1 inhibitor",0.6223836030976712,0.5921034262722523,0.030280176825418836,True
b1b429d55,BRD-K56104152-008-04-1,oxiconazole,bacterial cell wall synthesis inhibitor,0.3365899442722465,0.2572378618740029,0.0793520823982436,False
b1c015924,BRD-K78096648-001-05-7,oxiperomide,dopamine receptor antagonist,0.3960469606178112,0.3473147643495921,0.04873219626821912,False
b1d2840a2,BRD-K78789465-001-01-6,pentagastrin,CCK receptor agonist,0.3559268100252883,0.33148447443676604,0.024442335588522268,False
b1dc63d86,BRD-K06593056-001-04-8,LE-135,retinoid receptor agonist,0.3436105011527225,0.29154228817844907,0.05206821297427344,False
b207618e4,BRD-K28863208-001-02-0,PNU-282987,cholinergic receptor agonist,0.35624516364958586,0.3112753867642109,0.04496977688537496,False
b22df5987,BRD-K56483981-342-06-4,chicago-sky-blue-6b,"glutamate inhibitor, macrophage migration inhibiting factor inhibitor",0.3730560341029939,0.3533720630588421,0.019683971044151816,False
b22fbda8b,BRD-K68488863-001-04-9,ENMD-2076,"Aurora kinase inhibitor, FLT3 inhibitor, VEGFR inhibitor",0.4425507027096899,0.33226463481729035,0.11028606789239953,False
b23aa96a3,BRD-K13756951-001-01-4,bitopertin,"glycine transporter inhibitor, GlyT-1 inhibitor",0.7163505523086108,0.568955991616397,0.1473945606922138,True
b266bfb86,BRD-K18518344-001-15-9,digitoxigenin,ATPase inhibitor,0.45550047899698876,0.44858657250296313,0.006913906494025623,False
b2768d10c,BRD-K45245728-335-01-4,ursodeoxycholyltaurine,cholesterol inhibitor,0.37117260962285364,0.292023906200109,0.07914870342274466,False
b2bce570f,BRD-A42759514-001-20-5,ornidazole,antiprotozoal agent,0.3538876435281377,0.3214823417629707,0.03240530176516698,False
b2bd67ffa,BRD-K49350383-001-13-7,thioguanine,purine antagonist,0.4583609602811597,0.45663809777036896,0.0017228625107907347,False
b2bda17d8,BRD-K06181161-048-15-1,carbetapentane,acetylcholine receptor antagonist,0.3301565169779384,0.3015594383644547,0.028597078613483706,False
b2e18c9b7,BRD-K52396582-001-06-7,CF102,adenosine receptor agonist,0.3584789383070033,0.33594001985525745,0.022538918451745826,False
b2e6403f4,BRD-K71125014-001-27-1,sulphadimethoxine,dihydropteroate synthetase inhibitor,0.39474920340258257,0.38524289195436245,0.009506311448220117,False
b2edbb2ba,BRD-K76674262-001-03-3,homoharringtonine,protein synthesis inhibitor,0.36778384315259394,0.3676480588256511,0.00013578432694283382,False
b2f8e638a,BRD-K35520305-001-17-7,dacarbazine,DNA alkylating agent,0.49677788599656764,0.3365165690812409,0.16026131691532675,False
b2f9c1483,BRD-K41869275-001-02-8,2-phenylmelatonin,melatonin receptor agonist,0.35167090834195897,0.33009620219405217,0.021574706147906797,False
b2fe3eca7,BRD-K43449605-001-01-0,oncrasin-1,apoptosis stimulant,0.3127953314443756,0.2814500829764802,0.03134524846789538,False
b3031b373,BRD-K69070623-003-01-7,EPZ004777,histone lysine methyltransferase inhibitor,0.3300984859808063,0.2907957550482674,0.03930273093253894,False
b30633cd4,BRD-K41406082-001-16-2,sulfapyridine,PABA antagonist,0.33046863818532884,0.3049095761388487,0.02555906204648012,False
b30c11496,BRD-A92439610-001-05-7,triamcinolone-acetonide,"glucocorticoid receptor agonist, immunosuppressant",0.5292091450561657,0.4849870746010771,0.04422207045508858,True
b33d193be,BRD-K41869275-001-02-8,2-phenylmelatonin,melatonin receptor agonist,0.3566340078496511,0.33971525946384235,0.016918748385808757,False
b36078dd2,BRD-K87774949-001-03-9,istradefylline,adenosine receptor antagonist,0.38985163532921946,0.377544918159668,0.012306717169551451,False
b369dab76,BRD-A26334849-001-06-2,propafenone,antiarrhythmic,0.31519739877194675,0.27619354747786135,0.0390038512940854,False
b3ab49180,BRD-K02292852-001-02-1,cefoperazone,bacterial cell wall synthesis inhibitor,0.35913306588157257,0.34468350440385404,0.014449561477718531,False
b3e11f9b4,BRD-K37872686-003-01-9,tirofiban,"platelet aggregation inhibitor, structural glycoprotein antagonist",0.31967129505650344,0.2848289036757446,0.03484239138075884,False
b3e8b23fe,BRD-A78341343-001-01-6,regadenoson,adenosine receptor agonist,0.3499020773809002,0.31611981991216515,0.03378225746873503,False
b3f24a171,BRD-K89053832-001-01-0,VLX600,ubiquitin C-terminal hydrolase inhibitor,0.3927952105478514,0.38901829327679777,0.0037769172710536147,False
b41d21dbe,BRD-A49399758-015-01-8,desmopressin-acetate,vasopressin receptor agonist,0.2911228857663485,0.29052198519410616,0.0006009005722423244,False
b439cd83a,BRD-K67966701-001-11-6,lisinopril,angiotensin converting enzyme inhibitor,0.3878007810562639,0.37097780161132005,0.016822979444943875,False
b44092fd6,BRD-A83802939-304-04-2,dexamethasone-sodium-phosphate,glucocorticoid receptor agonist,0.38581211799524406,0.36123170821204204,0.02458040978320203,False
b44140395,BRD-K52396582-001-06-7,CF102,adenosine receptor agonist,0.2769337731864578,0.2537531204593873,0.023180652727070483,False
b45e6832d,BRD-A23359898-003-10-0,sibutramine,serotonin-norepinephrine reuptake inhibitor (SNRI),0.34282323064085773,0.32371605544828247,0.019107175192575265,False
b471db129,BRD-K32318651-001-23-7,acyclovir,DNA polymerase inhibitor,0.3378667994425523,0.30206419000235435,0.035802609440197974,False
b472193a9,BRD-K45479396-050-01-5,BP-554,serotonin receptor agonist,0.4158325424323566,0.3673414602813499,0.048491082151006726,False
b4798100f,BRD-K92492521-001-02-9,LY255283,leukotriene receptor antagonist,0.39561071437028206,0.3385423192786861,0.05706839509159595,False
b482d5c23,BRD-K72726508-001-02-1,arcyriaflavin-a,CDK inhibitor,0.3077291959847327,0.30018798471821295,0.007541211266519743,False
b4a1f6f7f,BRD-K46982791-001-09-4,cloxyquin,potassium channel activator,0.3962399391516755,0.3569544437527944,0.0392854953988811,False
b4aa74397,BRD-K74514084-001-03-9,pazopanib,"KIT inhibitor, PDGFR tyrosine kinase receptor inhibitor, VEGFR inhibitor",0.38424424117584216,0.3675872098918494,0.016657031283992763,False
b4c9484ae,BRD-K74371986-001-01-7,NSI-189,neurotrophic agent,0.31008078526839067,0.3085634691227069,0.0015173161456837891,False
b4fdfa0ec,BRD-K26168087-001-09-7,magnolol,PPAR receptor agonist,0.34694067802175677,0.34500492315505665,0.0019357548667001123,False
b51c84690,BRD-A97739905-001-26-5,ketoprofen,cyclooxygenase inhibitor,0.34717816831106474,0.3460762634396437,0.0011019048714210333,False
b5217f49a,BRD-A70514680-003-11-2,articaine,local anesthetic,0.3385462941703557,0.2891057582366846,0.04944053593367109,False
b556d4383,BRD-K02113016-001-15-4,olaparib,PARP inhibitor,0.29889807224631787,0.2917536535834914,0.007144418662826446,False
b578743d5,BRD-K74765201-001-16-7,tomelukast,leukotriene receptor antagonist,0.3302969517779503,0.32562047611243444,0.004676475665515878,False
b5886f4ee,BRD-K95763993-001-19-3,trapidil,PDGFR tyrosine kinase receptor inhibitor,0.35237731066734107,0.33151656453424483,0.020860746133096242,False
b591a9add,BRD-K03109492-001-02-2,NSC-663284,CDC inhibitor,0.573027067607619,0.348203824229709,0.22482324337791,True
b59817415,BRD-K90993449-001-02-7,KRN-633,VEGFR inhibitor,0.5864557961156885,0.555253602099188,0.031202194016500595,True
b59f2c4a2,BRD-K41213548-001-02-0,KW-2478,HSP inhibitor,0.3388283995881759,0.2942179559695054,0.0446104436186705,False
b5c650a89,BRD-K13474508-001-01-2,"L-655,708",GABA receptor inverse agonist,0.36280708677930684,0.32731654069200433,0.03549054608730251,False
b5d7315ce,BRD-K14705039-001-16-4,sulfathiazole,dihydropteroate synthase inhibitor,0.28098394339806065,0.27129262510406715,0.0096913182939935,False
b5e8fd5b5,BRD-K17061841-001-03-5,stattic,,0.5566858755635248,0.48775863176213097,0.06892724380139381,True
b5e910a05,BRD-K04394237-001-06-0,drospirenone,mineralocorticoid receptor antagonist,0.3202835538398604,0.30759234558084386,0.01269120825901654,False
b5eedf105,BRD-K21160401-065-01-0,dextroamphetamine,monoamine oxidase inhibitor,0.3319472953746466,0.29923553988159496,0.032711755493051664,False
b5facfcb6,BRD-K88625236-001-04-2,nonoxynol-9,membrane integrity inhibitor,0.351940294859934,0.3429359127493545,0.009004382110579523,False
b5fc9ffcd,BRD-K86301799-001-34-8,dipyridamole,phosphodiesterase inhibitor,0.3386491266946457,0.3000963510530145,0.038552775641631176,False
b5ff305ac,BRD-K94720315-001-10-4,chromocarb,antispasmodic,0.3695937639688488,0.35037671447728996,0.019217049491558835,False
b6100f7c0,BRD-A61793559-001-15-6,metolazone,carbonic anhydrase inhibitor,0.2923413739324684,0.2851434395424842,0.007197934389984173,False
b61bae7f5,BRD-K36449075-001-01-0,copper-histidine,,0.3228452097808331,0.2949877648325152,0.027857444948317878,False
b627b4156,BRD-A28467416-002-01-0,PKI-179,"mTOR inhibitor, PI3K inhibitor",0.3207481123406834,0.31446973178773824,0.006278380552945162,False
b62e815c1,BRD-K21160401-065-01-0,dextroamphetamine,monoamine oxidase inhibitor,0.3987005467246182,0.3438530810785717,0.05484746564604648,False
b6410b8e1,BRD-K41918892-001-05-9,A-769662,AMPK activator,0.294946799640249,0.2816532710036238,0.013293528636625196,False
b65263559,BRD-K13800121-001-01-5,parecoxib,cyclooxygenase inhibitor,0.3321653253439435,0.3206865712770073,0.011478754066936214,False
b65ab739d,BRD-K62456038-003-07-1,PD-128907,dopamine receptor agonist,0.40674857284518623,0.3362948910713271,0.07045368177385913,False
b6630238d,BRD-K67563174-001-17-6,acemetacin,cyclooxygenase inhibitor,0.3564786618309963,0.30366295737904,0.052815704451956325,False
b66b0e2f9,BRD-K65924316-001-03-1,serdemetan,MDM inhibitor,0.3734969100678423,0.2973162748192477,0.07618063524859459,False
b671e5063,BRD-K53561341-001-07-5,aurora-a-inhibitor-i,Aurora kinase inhibitor,0.3829867845321544,0.3175956847899783,0.0653910997421761,False
b67a81f96,BRD-K75923785-003-02-1,scopine,,0.331202646716208,0.313383007650804,0.017819639065404014,False
b67df960c,BRD-K77625799-001-07-7,vandetanib,"EGFR inhibitor, RET tyrosine kinase inhibitor, VEGFR inhibitor",0.34608361397270426,0.32058949260214725,0.02549412137055701,False
b683db2f8,BRD-K63550407-001-12-7,erythromycin,NFkB pathway inhibitor,0.3677996506890264,0.3549756374904722,0.012824013198554252,False
b68db1d53,BRD-A92439610-001-05-7,triamcinolone-acetonide,"glucocorticoid receptor agonist, immunosuppressant",0.3316705369832404,0.32803038362978576,0.0036401533534546338,False
b69604f5d,BRD-K46384212-001-02-9,o-3M3FBS,phospholipase activator,0.346091390461165,0.30691262161192034,0.03917876884924465,False
b6a1479c3,BRD-A40084411-003-07-7,CGP-12177,adrenergic receptor agonist,0.331675337099547,0.32168742600860933,0.009987911090937662,False
b6b3ee41d,BRD-K58114536-001-01-6,rasagiline,monoamine oxidase inhibitor,0.3548219238390624,0.28667815466115437,0.06814376917790804,False
b6b4f212d,BRD-K15502390-001-20-9,nevirapine,non-nucleoside reverse transcriptase inhibitor,0.31588483507267007,0.3057543273099154,0.010130507762754648,False
b6bf31aba,BRD-K11124378-001-04-6,ceftibuten,bacterial cell wall synthesis inhibitor,0.35024045630669187,0.3405239904592,0.009716465847491862,False
b6c76c889,BRD-A56371469-001-03-3,AGI-5198,isocitrate dehydrogenase inhibitor,0.36746153323594893,0.3584973089248661,0.008964224311082847,False
b6d81559d,BRD-K56334280-001-05-1,amonafide,topoisomerase inhibitor,0.36627909426002364,0.33286788912285625,0.03341120513716739,False
b6dc8d1e1,BRD-A17883755-001-06-1,lenalidomide,anticancer agent,0.3795595189113538,0.3705861148963391,0.00897340401501473,False
b70b5a087,BRD-K13050541-001-01-9,acivicin,gamma glutamyltransferase Inhibitors,0.45129768866365555,0.4103935208847225,0.040904167778933076,False
b71092051,BRD-K97464279-001-03-5,diaveridine,dihydrofolate reductase inhibitor,0.31966722328753566,0.31461196875345204,0.00505525453408362,False
b72b33e18,BRD-A74975734-004-10-7,homatropine,acetylcholine receptor antagonist,0.28466547880750925,0.28278418356372675,0.0018812952437824992,False
b76f03e58,BRD-A25608658-001-01-1,narasin,antiprotozoal agent,0.339828216216966,0.32718783836008813,0.012640377856877882,False
b76f50e48,BRD-A62421304-004-18-9,mepenzolate,acetylcholine receptor antagonist,0.3710747944557447,0.35300706883363525,0.018067725622109454,False
b7847446b,BRD-K19972289-001-01-4,octinoxate,,0.3157330041434178,0.2938328851923801,0.021900118951037717,False
b79339b0f,BRD-K98155362-001-07-7,GR46611,serotonin receptor agonist,0.3494211706594117,0.3360103915386485,0.013410779120763217,False
b79576a34,BRD-A80017228-001-25-7,bendroflumethiazide,sodium/potassium/chloride transporter inhibitor,0.3615280138253737,0.32785432400521675,0.03367368982015695,False
b79ec161d,BRD-A63546914-003-02-0,Ro-04-5595,,0.3778127065481103,0.31942644922124075,0.05838625732686953,False
b7a3583dc,BRD-K54606188-001-13-1,JQ1-(+),bromodomain inhibitor,0.537289925854408,0.41975523972813616,0.11753468612627188,True
b7bab2ffc,BRD-A26384407-001-25-1,chlorthalidone,carbonic anhydrase inhibitor,0.2715533927114114,0.2679052861420616,0.003648106569349774,False
b7ec107f4,BRD-K47264279-001-08-9,psoralen,,0.3765815345700666,0.3217117928435178,0.05486974172654879,False
b8076d81b,BRD-K20013301-001-02-6,LY411575,gamma secretase inhibitor,0.3346312368346094,0.3208341560649519,0.013797080769657466,False
b81934957,BRD-K68132782-003-13-8,terbinafine,fungal squalene epoxidase inhibitor,0.3710944097917267,0.29817165894632075,0.07292275084540595,False
b81a181db,BRD-K73157543-001-04-1,phenyl-aminosalicylate,,0.37075091301867136,0.3345541255302188,0.036196787488452564,False
b82c2dad0,BRD-K60907894-003-23-5,adiphenine,acetylcholine receptor antagonist,0.33793051544075337,0.27696773619883847,0.0609627792419149,False
b84f67593,BRD-K65544384-001-15-8,4-aminohippuric-acid,,0.40898800596342105,0.3549568157528349,0.054031190210586166,False
b850ca8ed,BRD-A68888262-003-15-1,azelastine,histamine receptor antagonist,0.3732930609323151,0.3222785200916336,0.05101454084068152,False
b858decde,BRD-K35589454-003-01-1,danegaptide,gap junction modulator,0.3041845964158608,0.2663614404569906,0.0378231559588702,False
b877aa048,BRD-K41410256-304-02-2,balsalazide,cyclooxygenase inhibitor,0.3856471236853825,0.37976365205595164,0.00588347162943087,False
b87de58d4,BRD-K95292280-001-01-3,SB-657510,urotensin receptor antagonist,0.3447035801184634,0.3354981219480272,0.00920545817043622,False
b8bffd104,BRD-K93176058-001-03-6,AC-55649,retinoid receptor agonist,0.3628454183056261,0.327867336872333,0.03497808143329312,False
b92159903,BRD-K01683783-001-02-6,TAK-901,Aurora kinase inhibitor,0.7248770026401611,0.5620813956835077,0.1627956069566534,True
b951836ee,BRD-A14574269-051-02-2,UB-165,acetylcholine receptor agonist,0.37123683102885474,0.35489295587964753,0.01634387514920721,False
b9563568f,BRD-K33127281-001-05-6,adapalene,retinoid receptor agonist,0.3536843770540065,0.31244663599874767,0.04123774105525885,False
b96d23f70,BRD-K31309378-001-01-5,lucitanib,"FGFR inhibitor, VEGFR inhibitor",0.5945449429401181,0.5158761822630547,0.07866876067706341,True
b96fb04fa,BRD-K52075715-001-06-7,oxibendazole,tubulin polymerization inhibitor,0.6154743263902086,0.5966062534767784,0.01886807291343018,True
b974bd605,BRD-K52559566-001-02-9,monosodium-alpha-luminol,,0.30078437666956526,0.2966863360466025,0.004098040622962762,False
b97d80842,BRD-K62627508-001-01-5,idasanutlin,MDM inhibitor,0.8065610379511834,0.3458520967967691,0.4607089411544143,True
b99b631e2,BRD-K13078532-001-28-4,hydrochlorothiazide,thiazide diuretic,0.33026720230003076,0.31400329471868293,0.016263907581347825,False
b9afc9998,BRD-A91822151-001-05-0,picrotin,GABA receptor antagonist,0.3669953577326614,0.35882741869770385,0.00816793903495755,False
b9be84f1c,BRD-K34185671-001-02-8,AMG-517,TRPV antagonist,0.378582611870007,0.3566745704462202,0.021908041423786828,False
b9c830e75,BRD-K86727142-001-12-4,embelin,"HCV inhibitor, XIAP inhibitor",0.31513940310768673,0.3049214480935975,0.01021795501408923,False
b9d3380ee,BRD-A01907367-001-01-7,FK-33-824,opioid receptor agonist,0.38525180663982717,0.31067510757841416,0.07457669906141301,False
b9e3cb10b,BRD-K51247865-001-01-2,ipragliflozin-l-proline,sodium/glucose cotransporter inhibitor,0.31272930642724656,0.28856907410716254,0.02416023232008402,False
b9eb31aef,BRD-K81801188-001-02-8,PP-121,protein tyrosine kinase inhibitor,0.5246437058652091,0.4136241877490947,0.11101951811611444,True
b9eb60402,BRD-K68756823-001-07-1,FR-180204,MAP kinase inhibitor,0.30899561735809333,0.27359040980256455,0.035405207555528784,False
b9f7f3b59,BRD-K75923785-003-02-1,scopine,,0.375484774244578,0.3380863944434687,0.03739837980110927,False
b9ffc9444,BRD-K91290917-300-01-8,amodiaquine,histamine receptor agonist,0.3586205907908053,0.32536319708737177,0.03325739370343356,False
ba08ac4bc,BRD-K82928847-001-04-7,ACY-1215,HDAC inhibitor,0.3911886618934956,0.38057930734430956,0.010609354549186045,False
ba87a83c2,BRD-K52523550-001-01-5,N-acetylcarnosine,,0.3807143157362607,0.3580600967433773,0.02265421899288339,False
ba9f99c9c,BRD-K73440166-001-01-3,cinaciguat,guanylate cyclase activator,0.36045488504427037,0.3509647267082404,0.009490158336029952,False
baa461424,BRD-A81370665-001-03-6,BI-D1870,ribosomal protein inhibitor,0.31151388884071923,0.2958627413064005,0.015651147534318732,False
bab6fe7b9,BRD-K78789465-001-02-4,pentagastrin,CCK receptor agonist,0.36262128066602534,0.3302707894011076,0.032350491264917736,False
bac4b7207,BRD-K81957469-001-01-0,semagacestat,gamma secretase inhibitor,0.3175901342174705,0.3087516876265019,0.008838446590968607,False
bace3ccc5,BRD-K28007504-051-01-2,Ro-60-0175,,0.4002456638651698,0.36135209609741026,0.03889356776775954,False
bad2c5166,BRD-K26548821-003-10-5,quinpirol-(-),dopamine receptor agonist,0.37803266563067967,0.34585985103275957,0.032172814597920096,False
baf38e303,BRD-K67772619-001-05-1,rheochrysidin,protein tyrosine kinase inhibitor,0.37810202631714124,0.356391264409309,0.02171076190783222,False
bb2e94862,BRD-K99498722-001-02-6,plinabulin,tubulin polymerization inhibitor,0.3480953105660696,0.34234291409281215,0.005752396473257482,False
bb3b7c7d5,BRD-K28392481-001-05-1,AZD4547,FGFR inhibitor,0.44918580433835387,0.44530674604365417,0.0038790582946997,False
bb3e8a4f7,BRD-U51753822-000-01-1,phosphatidylcholine,,0.26425029483856183,0.2629758982829303,0.0012743965556315517,False
bb5876e3e,BRD-K40887525-001-21-9,ritanserin,serotonin receptor antagonist,0.3790562407544109,0.35966624302147493,0.019389997732935982,False
bb7bcdbc2,BRD-K32744045-001-31-2,disulfiram,"aldehyde dehydrogenase inhibitor, DNA methyltransferase inhibitor, TRPV agonist",0.3792522016082701,0.30972787653217787,0.06952432507609224,False
bb9ea924c,BRD-A71033472-003-23-9,fendiline,calcium channel blocker,0.38027850400003593,0.29968234703348784,0.0805961569665481,False
bba687caa,BRD-A69636825-003-04-7,diltiazem,calcium channel blocker,0.3079779845986184,0.30612935978275796,0.0018486248158604557,False
bbae00d6d,BRD-K91601245-001-12-0,mercaptopurine,"immunosuppressant, protein synthesis inhibitor, purine antagonist",0.34382484093160826,0.33341760307011903,0.010407237861489227,False
bbd36745d,BRD-K16810791-001-01-0,LGK-974,porcupine inhibitor,0.27314667972084067,0.2723845211416636,0.0007621585791770524,False
bbec32b06,BRD-K89402695-001-02-3,L-655240,thromboxane receptor antagonist,0.36104697044157913,0.3268398878913622,0.03420708255021693,False
bbfef20b7,BRD-K95053546-001-01-9,tempol,free radical scavenger,0.5088545001426457,0.5068993859041032,0.0019551142385424436,True
bc21046fe,BRD-K82746043-001-15-1,navitoclax,BCL inhibitor,0.37934852356080667,0.3392656577563215,0.04008286580448517,False
bc45ee7ed,BRD-A79431551-001-01-1,3-deazaadenosine,adenosylhomocysteinase inhibitor,0.34287888808234607,0.3189993974010016,0.023879490681344484,False
bc4f0ef29,BRD-K73157543-001-04-1,phenyl-aminosalicylate,,0.37207506238400284,0.33229911789883776,0.03977594448516508,False
bc52b55cf,BRD-A94276798-001-01-4,talinolol,adrenergic receptor antagonist,0.3081837223842921,0.30812996978150375,5.375260278833727e-05,False
bc591dbce,BRD-K51040301-001-02-1,cobicistat,cytochrome P450 inhibitor,0.40984108569727074,0.34303383345116323,0.0668072522461075,False
bc68fbfe5,BRD-K35960502-001-20-0,niclosamide,"DNA replication inhibitor, STAT inhibitor",0.3672583473806985,0.3307249619014694,0.03653338547922913,False
bc7aac3d2,BRD-K49865102-001-08-4,PD-0325901,MEK inhibitor,0.3824623040114323,0.3479833957949321,0.03447890821650018,False
bc8f3b60e,BRD-K86436199-003-01-3,landiolol,adrenergic receptor antagonist,0.33794062672330755,0.3220010436123987,0.015939583110908873,False
bcaae6660,BRD-K59831625-001-01-6,LDN-212854,bone morphogenic protein inhibitor,0.45364915678083556,0.3064672975798416,0.14718185920099397,False
bcbfeb611,BRD-K66353228-001-14-6,zoxazolamine,myorelaxant,0.4058302638028174,0.40354580984943916,0.0022844539533782293,False
bcc1eace2,BRD-K42095107-001-17-1,daidzein,estrogen receptor agonist,0.38143888746184856,0.269894875028408,0.11154401243344059,False
bce9dc5c8,BRD-A55312468-001-04-7,k-strophanthidin,ATPase inhibitor,0.6595538340045927,0.4700992456968301,0.18945458830776257,True
bcfa1dcb0,BRD-K99545815-001-06-3,PF-562271,focal adhesion kinase inhibitor,0.4187377501193907,0.4166924808307298,0.002045269288660889,False
bd1ff4469,BRD-K77908580-001-09-6,entinostat,HDAC inhibitor,0.29929726326301037,0.2861634656636236,0.013133797599386765,False
bd2140972,BRD-K30213273-001-01-6,fenofibric-acid,cytochrome P450 inhibitor,0.3518832397351296,0.3018239002364604,0.0500593394986692,False
bd30d81ce,BRD-K75466013-001-14-4,benzocaine,sodium channel blocker,0.4006073237662039,0.3181556165986298,0.0824517071675741,False
bd3c1b66c,BRD-K09090523-001-02-1,firocoxib,cyclooxygenase inhibitor,0.33593795250359154,0.3234505614431124,0.012487391060479136,False
bd4236d75,BRD-K24616672-003-20-1,procaine,HMGCR inhibitor,0.3229046452532132,0.285730403975923,0.03717424127729024,False
bd4451816,BRD-K46331928-001-05-8,ethynodiol-diacetate,,0.35995614741468684,0.26830258747104646,0.09165355994364038,False
bd5431fe8,BRD-K78637815-001-02-2,LY320135,cannabinoid receptor antagonist,0.2976667840337203,0.28522308153948844,0.012443702494231879,False
bd7188b3c,BRD-K81876028-300-02-0,CP-93129,serotonin receptor agonist,0.31786538201622805,0.2940309611757852,0.02383442084044285,False
bd8a2b7eb,BRD-A30403214-001-03-3,edelfosine,phospholipase inhibitor,0.28574856642036534,0.2763014084704322,0.009447157949933116,False
bd9cf521f,BRD-A19633847-050-32-1,perhexiline,carnitine palmitoyltransferase inhibitor,0.40045802002840586,0.31587181609147813,0.08458620393692773,False
bda439de9,BRD-K77908580-001-09-6,entinostat,HDAC inhibitor,0.3506990036113107,0.3463299527385541,0.004369050872756575,False
bdada81cf,BRD-A33514596-003-01-2,N-benzylnaltrindole,opioid receptor antagonist,0.3304572338094513,0.3114524030360101,0.019004830773441228,False
bdb7a88cb,BRD-K79892937-001-02-5,phenolsulfonphthalein,,0.36421350994426677,0.2986856296008116,0.06552788034345519,False
bdd03a71e,BRD-K79602928-003-19-9,metformin,insulin sensitizer,0.3713781639992588,0.31978774055192205,0.051590423447336775,False
bdec86385,BRD-K58968598-001-03-6,sucralose,,0.32683426364161616,0.30681335843087487,0.02002090521074129,False
bdeea739b,BRD-K15164005-001-05-6,apoptosis-activator-II,carboxylesterase inhibitor,0.3496944390713314,0.3344950410428523,0.015199398028479083,False
be21df6a7,BRD-K55705469-065-01-0,penbutolol,adrenergic receptor antagonist,0.3214897638671012,0.3028555547275197,0.018634209139581526,False
be250c977,BRD-K72327355-001-14-7,baicalein,lipoxygenase inhibitor,0.31920142094042736,0.2676477775707267,0.05155364336970064,False
be36e3919,BRD-K09295674-001-09-8,carzenide,,0.3053356509787251,0.3040388384002991,0.0012968125784260098,False
be3cd78c2,BRD-K74305673-001-06-2,IKK-2-inhibitor-V,"IKK inhibitor, NFkB pathway inhibitor",0.46589870445834847,0.4060847148919554,0.059813989566393055,False
be4289e63,BRD-K19687926-379-07-4,lapatinib,EGFR inhibitor,0.42728138171067764,0.40301021519298663,0.024271166517691012,False
be5978484,BRD-K07283971-001-01-3,oxyclozanide,,0.333288280161617,0.3065696502863142,0.02671862987530277,False
be6a0b3a7,BRD-K27217864-001-22-3,butamben,sodium channel blocker,0.28281658024044354,0.2633225868824154,0.01949399335802815,False
be8241da4,BRD-K97163964-001-03-3,L-Aspartic-Acid,metallic radical formation stimulant,0.38154534997056033,0.37224594854968734,0.009299401420872988,False
be944f78a,BRD-K91370081-001-25-1,anisomycin,DNA synthesis inhibitor,0.27636086858310493,0.25284264881182683,0.023518219771278104,False
be94ae2b9,BRD-K54395039-001-01-7,PR-619,DUB inhibitor,0.5216393838112376,0.3818359414990725,0.13980344231216513,True
beb21d2bc,BRD-K61868322-050-01-7,tenofovir-disoproxil,nucleoside reverse transcriptase inhibitor,0.31646548447050965,0.2949134256540969,0.021552058816412756,False
bebfc7fe6,BRD-K49075727-001-08-5,nintedanib,"FGFR inhibitor, PDGFR tyrosine kinase receptor inhibitor, VEGFR inhibitor",0.5107342670884389,0.4901126381274451,0.020621628960993843,True
bed53c75f,BRD-K30867024-003-03-3,SB-216641,serotonin receptor antagonist,0.37394846557203637,0.3460448644594616,0.027903601112574783,False
bef164506,BRD-K64785675-001-04-0,TG100-115,PI3K inhibitor,0.32105588722700046,0.28399474918931356,0.0370611380376869,False
bef38f2fd,BRD-K13756951-001-01-4,bitopertin,"glycine transporter inhibitor, GlyT-1 inhibitor",0.6032101995868266,0.5540535295401458,0.049156670046680895,True
bf313303a,BRD-K35687421-001-02-5,gimeracil,dihydropyrimidine dehydrogenase inhibitor,0.3469172295755729,0.3344845620704022,0.012432667505170691,False
bf37a2d6a,BRD-A64743628-001-01-5,isometheptene-mucate,,0.4764191381697262,0.350501215999287,0.12591792217043918,False
bf37d50f1,BRD-K93524252-001-24-7,sulfamerazine,bacterial antifolate,0.36828429971998283,0.34567103757422996,0.022613262145752877,False
bf7990bf7,BRD-K93176058-001-03-6,AC-55649,retinoid receptor agonist,0.3608557198629383,0.3596509794948844,0.0012047403680539026,False
bfa05dd0f,BRD-K54187111-001-09-2,dichlorisone-acetate,,0.3888373593310399,0.37163796333601234,0.017199395995027567,False
bfb333204,BRD-K50866992-003-10-3,tropisetron,serotonin receptor antagonist,0.4132002761418973,0.360168918054468,0.053031358087429314,False
bff233aaf,BRD-K47195926-001-06-6,acedoben,,0.40635397748253127,0.3689035189300916,0.03745045855243967,False
c0417407c,BRD-K25412176-001-01-9,GSK2110183,AKT inhibitor,0.3246157764187276,0.3103662946084344,0.014249481810293174,False
c0521523c,BRD-K96671969-001-03-1,PA-824,nitric oxide donor,0.3200732771393026,0.30401278529101117,0.016060491848291447,False
c0560ba98,BRD-K37798499-001-27-2,etoposide,topoisomerase inhibitor,0.5389159139788594,0.48164306239975524,0.05727285157910417,True
c058ab538,BRD-A15909516-001-06-6,rebamipide,free radical scavenger,0.31526082659542565,0.3042479365872726,0.011012890008153031,False
c0642cc5a,BRD-K19085898-001-01-8,darapladib,phospholipase inhibitor,0.3471011485248825,0.3268838199931018,0.02021732853178071,False
c07458309,BRD-K21123171-001-02-9,pramiracetam,acetylcholine receptor agonist,0.32821338418311685,0.3173844658221274,0.010828918360989426,False
c07ca40a4,BRD-K96188950-001-16-9,caffeic-acid-phenethyl-ester,HIV integrase inhibitor,0.44413017991068254,0.4394254410888808,0.004704738821801724,False
c07e23058,BRD-K04851519-001-06-8,aloe-emodin,anticancer agent,0.36098088851130433,0.2828983282964492,0.07808256021485516,False
c086105e0,BRD-K62929068-001-16-5,6-benzylaminopurine,purinergic receptor activator,0.35540542145008,0.33334513501387203,0.022060286436207943,False
c095b5186,BRD-K97963946-001-01-3,EMD-1214063,hepatocyte growth factor receptor inhibitor,0.27349815505387304,0.2617066799342844,0.011791475119588612,False
c106a3f18,BRD-K70463136-001-01-5,BAY-87-2243,hypoxia inducible factor inhibitor,0.4809576001091716,0.39059678338026843,0.09036081672890317,False
c113d21eb,BRD-K59745944-001-02-0,PHT-427,"AKT inhibitor, pyruvate dehydrogenase inhibitor",0.3802132259686204,0.3292833858079336,0.0509298401606868,False
c11d118db,BRD-K49027941-001-01-1,PSB-1115,adenosine receptor antagonist,0.4178157917573338,0.4050192320675603,0.012796559689773501,False
c1244b23b,BRD-K47278471-003-26-3,diphenhydramine,histamine receptor antagonist,0.40227631027890287,0.3470132055154983,0.05526310476340457,False
c1292b6d8,BRD-K41434598-003-01-9,org-9768,adrenergic receptor antagonist,0.33907834995661695,0.31889360035237707,0.020184749604239882,False
c129896fe,BRD-K86727142-001-12-4,embelin,"HCV inhibitor, XIAP inhibitor",0.3758970873993973,0.3720024328452394,0.003894654554157939,False
c15da1022,BRD-K50031829-001-01-6,PF-04447943,phosphodiesterase inhibitor,0.3949693791581052,0.37446317372814625,0.020506205429958957,False
c1617c18b,BRD-K86687746-001-01-3,R306465,HDAC inhibitor,0.42403110865566307,0.4180902440613462,0.005940864594316864,False
c18a180cf,BRD-K72726508-001-02-1,arcyriaflavin-a,CDK inhibitor,0.3449259827443995,0.3027054892908204,0.04222049345357909,False
c19a2ce6c,BRD-K43880410-001-14-4,pregnenolone,glutamate receptor modulator,0.35087205701517854,0.3500135144851961,0.0008585425299824645,False
c1a6b83a0,BRD-A02990301-003-06-6,lofexidine,adrenergic receptor agonist,0.333458836956887,0.28305808435106194,0.05040075260582505,False
c1c66be79,BRD-K50000283-001-04-4,PHA-767491,CDC inhibitor,0.3630731952732188,0.35127498716505007,0.011798208108168728,False
c1dab6039,BRD-K41406082-001-16-2,sulfapyridine,PABA antagonist,0.3311564021291272,0.32361688389521504,0.00753951823391219,False
c1e8f63a7,BRD-A18056626-003-22-3,methacholine,acetylcholine receptor agonist,0.4096379190584989,0.36210851979879644,0.047529399259702454,False
c1f75bfba,BRD-A49160188-003-12-7,donepezil,acetylcholinesterase inhibitor,0.33924399243678366,0.3033243508331035,0.035919641603680164,False
c1f9f6699,BRD-K92657060-001-05-7,zaleplon,benzodiazepine receptor agonist,0.3451137307972575,0.2916208226722689,0.05349290812498858,False
c20801db6,BRD-K28965160-001-01-1,BVD-523,MAP kinase inhibitor,0.7303886199478975,0.705313164806434,0.025075455141463476,True
c24b63529,BRD-K79892937-001-02-5,phenolsulfonphthalein,,0.29148895150135073,0.2690265042429938,0.022462447258356943,False
c25d6dd1f,BRD-K80043866-236-01-1,sodium-gualenate,antacid,0.35505456590245005,0.34897742427522604,0.006077141627224003,False
c26b926a9,BRD-K90993449-001-02-7,KRN-633,VEGFR inhibitor,0.6671845201376773,0.6256778904400394,0.041506629697637853,True
c27545fd6,BRD-K42679050-001-02-1,Y-27152,potassium channel activator,0.32043014544981463,0.31968171051683036,0.0007484349329842654,False
c27e6af6f,BRD-K25596805-001-01-8,JNJ-16259685,glutamate receptor antagonist,0.3556076938204499,0.30075428256917386,0.05485341125127602,False
c27f76ab1,BRD-K97963946-001-01-3,EMD-1214063,hepatocyte growth factor receptor inhibitor,0.5055075557678389,0.4861848114980133,0.01932274426982561,True
c2984f3f3,BRD-K13238618-001-05-9,carsalam,analgesic agent,0.30442476248765016,0.2975806718294211,0.006844090658229052,False
c2cc33301,BRD-K48329353-001-01-3,"6,_7-dehydro-17-acetoxy-progesterone",steroidal progestin,0.34984237153841713,0.3337809791850726,0.016061392353344528,False
c2f720006,BRD-K57927309-001-01-7,BW-180C,opioid receptor agonist,0.33397738552857603,0.3283190699875547,0.005658315541021308,False
c30e1eb76,BRD-A29111201-001-04-8,ethisterone,progestogen hormone,0.3419095594233677,0.3362209251383559,0.005688634285011818,False
c31e5bfad,BRD-A94276798-001-01-4,talinolol,adrenergic receptor antagonist,0.4087471776355537,0.34100184474118184,0.06774533289437185,False
c31f7b6cf,BRD-K51247865-001-01-2,ipragliflozin-l-proline,sodium/glucose cotransporter inhibitor,0.3432227440682722,0.29360447699749587,0.04961826707077632,False
c3273cd04,BRD-K72327355-001-14-7,baicalein,lipoxygenase inhibitor,0.3585030215927937,0.3555514131392256,0.0029516084535680664,False
c32e14a0c,BRD-K11796549-001-04-5,NBQX,glutamate receptor antagonist,0.33356680139363487,0.3185576545975779,0.015009146796056971,False
c34e4424f,BRD-K92015269-300-01-2,GBR-12783,dopamine uptake inhibitor,0.3160896162322538,0.3146305678418047,0.0014590483904490803,False
c36a35183,BRD-K51967704-001-03-6,BIIB021,HSP inhibitor,0.3907139563163252,0.34913051932967437,0.041583436986650846,False
c37bffc74,BRD-K68395654-001-03-1,EVP4593,NFkB pathway inhibitor,0.5307525916072454,0.4904190442214564,0.04033354738578904,True
c389cce7e,BRD-K59317601-001-05-5,MLN0128,mTOR inhibitor,0.39445081487050687,0.37410835097931255,0.020342463891194318,False
c38f14d3d,BRD-K97028990-001-04-4,quinine-ethyl-carbonate,,0.323451884158803,0.31690134847479123,0.00655053568401176,False
c3b5cac71,BRD-K24616672-003-20-1,procaine,HMGCR inhibitor,0.3225913791504887,0.3187490427287971,0.0038423364216915723,False
c3d24fae4,BRD-K43449605-001-01-0,oncrasin-1,apoptosis stimulant,0.48012797201985963,0.3556341865391001,0.12449378548075951,False
c43107dc9,BRD-K36040345-001-01-1,TXA127,angiotensin receptor agonist,0.3591047380281613,0.31753544961877006,0.041569288409391225,False
c43ed9969,BRD-K93034159-001-25-8,cladribine,"adenosine deaminase inhibitor, ribonucleotide reductase inhibitor",0.5416028989261148,0.4799644153725893,0.06163848355352547,True
c44ab7c38,BRD-K35079116-001-03-3,asiatic-acid,apoptosis stimulant,0.28780157719419563,0.2771842309019284,0.010617346292267238,False
c451bb4cb,BRD-K28494619-001-28-2,sulfamethoxazole,PABA antagonist,0.347785089863913,0.3407300835785564,0.007055006285356602,False
c459135fb,BRD-K55013654-003-02-3,lorcaserin,serotonin receptor agonist,0.320404196389408,0.3179058004388607,0.002498395950547294,False
c46bdbc3b,BRD-K68395654-001-03-1,EVP4593,NFkB pathway inhibitor,0.41872381071622733,0.35748204323853816,0.06124176747768917,False
c46beda84,BRD-A31811760-001-06-7,miltefosine,membrane integrity inhibitor,0.32607383305863574,0.2774542477555693,0.048619585303066426,False
c46fe11a6,BRD-K79892937-001-02-5,phenolsulfonphthalein,,0.337735597998766,0.33026906572884673,0.007466532269919279,False
c4869dc98,BRD-K21718444-001-06-8,KW-2449,"Abl kinase inhibitor, Aurora kinase inhibitor, FLT3 inhibitor",0.3109631928623847,0.3025070960851438,0.008456096777240907,False
c4967143c,BRD-K45909031-001-01-5,WZ4003,AMPK inhibitor,0.348862442602904,0.34878570779039436,7.673481250963787e-05,False
c49fb74ae,BRD-A74914197-001-02-9,pralatrexate,dihydrofolate reductase inhibitor,0.31423140717475784,0.31393189606919447,0.0002995111055633659,False
c4aaa6376,BRD-K80036624-001-04-0,clopidol,,0.30283874240342595,0.27562791389628605,0.027210828507139906,False
c4cfe5f72,BRD-K49554218-001-01-0,carebastine,histamine receptor antagonist,0.3675638805033515,0.3633386442304864,0.004225236272865085,False
c4e054ded,BRD-K03095347-001-06-1,levosimendan,calcium sensitizer,0.3867099921493977,0.3068113465517136,0.07989864559768411,False
c4ed464f2,BRD-K36740062-001-06-6,GSK1070916,Aurora kinase inhibitor,0.45962393190569173,0.41111965239099835,0.04850427951469338,False
c4f7854fe,BRD-A74391928-051-01-3,ibutilide,potassium channel blocker,0.35555750776230244,0.3416392315241832,0.013918276238119254,False
c4fd19474,BRD-A14316475-001-02-3,SN-6,sodium/calcium exchange inhibitor,0.39390382124375406,0.3686219002325595,0.025281921011194586,False
c50effd51,BRD-K30114692-001-15-9,methenamine,bacterial DNA inhibitor,0.4357213019715674,0.3398214766672362,0.09589982530433117,False
c5388f6a0,BRD-K46317332-003-17-8,proadifen,nitric oxide synthase inhibitor,0.3287336653490269,0.3070378425084224,0.021695822840604506,False
c54fe3e44,BRD-K93918653-001-08-9,quizartinib,FLT3 inhibitor,0.3744506430903695,0.34873752630219373,0.025713116788175783,False
c59bab958,BRD-K97010173-001-04-1,deferasirox,chelating agent,0.32438208642826666,0.31073974875616944,0.013642337672097216,False
c59c6dc1a,BRD-K38852836-001-02-1,ganetespib,HSP inhibitor,0.4946212279841669,0.4759624772698454,0.018658750714321493,False
c5af1a608,BRD-K91699951-001-10-2,benzonatate,local anesthetic,0.3023222532200951,0.2786577739581037,0.02366447926199139,False
c5af20b0f,BRD-K81801188-001-02-8,PP-121,protein tyrosine kinase inhibitor,0.4360176578169592,0.38117517180512667,0.05484248601183256,False
c5b1b48d8,BRD-A24514565-001-09-7,warfarin,vitamin K antagonist,0.42314438624125983,0.3779907157977937,0.04515367044346613,False
c5b400b1f,BRD-K23228615-001-02-8,GDC-0980,"mTOR inhibitor, PI3K inhibitor",0.5277663109872822,0.47843220057266284,0.04933411041461938,True
c5b47d91c,BRD-K02404261-001-16-7,caffeine,"adenosine receptor antagonist, phosphodiesterase inhibitor",0.39235449689612617,0.3247585707477271,0.06759592614839904,False
c5b589b1c,BRD-K97472745-001-01-8,gestrinone,progesterone receptor antagonist,0.3255694404973763,0.3117110560263406,0.013858384471035712,False
c5d69a751,BRD-K50631926-001-02-3,PIK-294,PI3K inhibitor,0.33060554852555446,0.30761864849614434,0.022986900029410118,False
c5dae49f8,BRD-K51324732-001-01-0,meglitinide,potassium channel blocker,0.4946825412447165,0.4402644946673995,0.054418046577317025,False
c5dc03149,BRD-K95053546-001-02-7,tempol,free radical scavenger,0.32951910599932144,0.3213764188496587,0.008142687149662764,False
c5de6866e,BRD-K53397409-001-12-3,benzoic-acid,food preservative,0.3818556803335737,0.3444650415352612,0.0373906387983125,False
c5e163af1,BRD-K42221274-003-07-7,NNC-711,GABA uptake inhibitor,0.37109432055566816,0.25945639875152393,0.11163792180414422,False
c5f51d7e8,BRD-K71059170-001-11-6,cefixime,bacterial cell wall synthesis inhibitor,0.3797100444517029,0.3731033567875096,0.0066066876641933114,False
c5fd7c65d,BRD-K83636919-001-04-8,entacapone,catechol O methyltransferase inhibitor,0.3091342094376317,0.3038574047227201,0.005276804714911598,False
c5ffd58ca,BRD-K05395900-322-05-4,nicotine,acetylcholine receptor agonist,0.35041158147995405,0.3493076644499771,0.0011039170299769752,False
c60e35d05,BRD-K89665618-003-02-5,1-deoxymannojirimycin,alpha mannosidase inhibitor,0.29575490350626216,0.280793108152874,0.014961795353388152,False
c63785df5,BRD-K64994968-001-32-5,progesterone,progesterone receptor agonist,0.33843271057453356,0.3327618341393204,0.005670876435213135,False
c638b8757,BRD-K36016295-001-04-5,KU-60019,ATM kinase inhibitor,0.3134280179929911,0.28853043722386285,0.024897580769128236,False
c63a7ee15,BRD-K27335680-001-10-0,rhein,,0.35961913908724374,0.3286158931073069,0.031003245979936866,False
c64e87268,BRD-A48015106-004-08-9,8-hydroxy-DPAT,serotonin receptor agonist,0.3699485111691871,0.33484543479462686,0.03510307637456023,False
c653b6f11,BRD-K89210380-001-13-7,biotin,vitamin B,0.3569108392517222,0.3494682804877542,0.007442558763967988,False
c66c843e3,BRD-K15834839-001-02-3,lobendazole,anthelmintic agent,0.284622203601763,0.2730344677889325,0.011587735812830513,False
c68c3e784,BRD-A44448661-001-04-8,pentobarbital,"barbiturate antiepileptic, GABA receptor modulator",0.3268274600635202,0.3088129181268933,0.018014541936626882,False
c698c8260,BRD-A83802939-304-04-2,dexamethasone-sodium-phosphate,glucocorticoid receptor agonist,0.4935620993208164,0.40364727507107956,0.08991482424973685,False
c699542af,BRD-K45401373-001-22-5,betulinic-acid,"apoptosis stimulant, NFkB pathway inhibitor",0.32378826996449916,0.3018275792840301,0.021960690680469075,False
c6b490579,BRD-K77396579-300-01-0,NVP-DPP728,dipeptidyl peptidase inhibitor,0.349575654002442,0.33868265370044415,0.010893000301997857,False
c6b4eab57,BRD-K55305701-001-01-2,SC-144,P glycoprotein inhibitor,0.4568281140097604,0.4504298000418023,0.006398313967958147,False
c6b500c21,BRD-K21867462-001-02-9,GSK2816126,histone lysine methyltransferase inhibitor,0.3887719660301387,0.3167430705499018,0.07202889548023689,False
c6bdaddc2,BRD-K68395654-001-03-1,EVP4593,NFkB pathway inhibitor,0.45583868365769153,0.4421185975164674,0.013720086141224108,False
c6c9d3b03,BRD-K30649484-003-13-7,mafenide,carbonic anhydrase inhibitor,0.3771678553384302,0.3612562079299249,0.015911647408505314,False
c6cc9175b,BRD-K45216060-001-10-0,mequinol,,0.3214788347150552,0.27576266960035445,0.045716165114700724,False
c6e681fa2,BRD-K61443650-236-13-1,thiomersal,other antibiotic,0.38735513708684266,0.376336331277027,0.01101880580981568,False
c70861396,BRD-K82562631-236-04-6,tolmetin,cyclooxygenase inhibitor,0.3327949434679917,0.283675699813696,0.04911924365429571,False
c70a353c8,BRD-A31095847-001-02-3,mozavaptan,vasopressin receptor antagonist,0.4737139017493736,0.3900607057928187,0.0836531959565549,False
c70de2656,BRD-K78113049-001-16-2,enoxacin,topoisomerase inhibitor,0.3530433717161562,0.2833231831098831,0.0697201886062731,False
c720fdd23,BRD-K45152786-001-08-4,merbarone,topoisomerase inhibitor,0.3488762378806245,0.3385266778969885,0.010349559983636014,False
c7304d3bd,BRD-K68336408-001-10-9,tyrphostin-AG-1478,EGFR inhibitor,0.5685289380535883,0.539577167688167,0.028951770365421292,True
c77f2e928,BRD-K67537649-001-04-5,PQ-401,IGF-1 inhibitor,0.31492620349302464,0.2921155469376259,0.02281065655539871,False
c78ce570e,BRD-K06858286-001-01-3,cabazitaxel,microtubule inhibitor,0.6581299905971377,0.6580333112676078,9.667932952994729e-05,True
c7a4a3b38,BRD-K89056082-001-07-7,chlorocresol,ryanodine receptor activator,0.3761491858106486,0.365623826497381,0.01052535931326759,False
c7b437f52,BRD-K99475619-001-01-2,genz-644282,topoisomerase inhibitor,0.42149673787994835,0.4141869049559662,0.007309832923982129,False
c7cc905d6,BRD-K98203492-003-04-1,GSK-J4,histone lysine demethylase inhibitor,0.3281155235406502,0.325933672984573,0.002181850556077225,False
c7d8e90cc,BRD-K41869275-001-02-8,2-phenylmelatonin,melatonin receptor agonist,0.34895837391210927,0.33267391700891485,0.01628445690319441,False
c7e535136,BRD-A00147595-001-01-5,balaglitazone,"insulin sensitizer, PPAR receptor partial agonist",0.3207273960640603,0.30580316572142,0.014924230342640288,False
c7ecff8b4,BRD-K39987650-001-24-1,bisacodyl,laxative,0.4026232695240225,0.3659397776617173,0.036683491862305184,False
c862a0e7a,BRD-K52075715-001-06-7,oxibendazole,tubulin polymerization inhibitor,0.6131283335875194,0.5884113546725555,0.02471697891496394,True
c8631d45b,BRD-K78086729-001-02-7,GW-788388,ALK tyrosine kinase receptor inhibitor,0.3436550413894795,0.320368592240538,0.023286449148941513,False
c8682a165,BRD-K50891186-001-04-4,GR-103691,dopamine receptor antagonist,0.364100864610594,0.320187576469341,0.043913288141253004,False
c8763b2d3,BRD-K25991633-001-01-9,BMS-649,retinoid receptor agonist,0.3083271349197222,0.3019795254360534,0.0063476094836688035,False
c89f8f935,BRD-K85751432-001-03-3,refametinib,MEK inhibitor,0.6604127616342131,0.555872219344819,0.10454054228939413,True
c8b90e88e,BRD-K54314721-001-10-2,zolmitriptan,serotonin receptor agonist,0.41031363592754955,0.324641597816827,0.08567203811072255,False
c8bc897d7,BRD-K00152668-001-01-5,adarotene,retinoid receptor agonist,0.37140493811210484,0.36760239202715805,0.0038025460849467896,False
c8c93f65b,BRD-K09635314-001-03-4,m-3M3FBS,,0.3378635649502853,0.3362154506960737,0.0016481142542115745,False
c8ce35de9,BRD-K63874012-001-02-9,thioperamide,histamine receptor antagonist,0.38822129592739835,0.3283090697056918,0.059912226221706555,False
c8e93bf90,BRD-K28492574-001-01-6,piconol,,0.388079798095691,0.36043686984505446,0.027642928250636523,False
c8f4266c8,BRD-K62456038-003-07-1,PD-128907,dopamine receptor agonist,0.3218767985234043,0.3048244032047902,0.017052395318614078,False
c91486e82,BRD-K28595280-001-04-5,meglumine,excipient,0.40855335341460114,0.27854581807820894,0.1300075353363922,False
c91c80a5e,BRD-K74195153-050-12-1,irsogladine,phosphodiesterase inhibitor,0.31532519120952834,0.2935799061585051,0.021745285051023244,False
c92ab961c,BRD-K22193694-001-13-6,dioxybenzone,topical sunscreen agent,0.3470691033157904,0.3277343007178685,0.019334802597921863,False
c94a3e7f7,BRD-K18673820-001-15-5,folic-acid,folate receptor ligand,0.34392059924595014,0.33811791952968473,0.005802679716265413,False
c957f6ac7,BRD-K93632104-001-17-2,salicylic-acid,cyclooxygenase inhibitor,0.33866006338288,0.30310569031427353,0.03555437306860648,False
c958249ef,BRD-A53951045-004-01-6,butylscopolamine-bromide,cholinergic receptor antagonist,0.4060114656562913,0.3225302874290757,0.08348117822721562,False
c95a5ea9c,BRD-A72212290-300-01-4,eprazinone,mucolytic agent,0.31217275379731996,0.2568197032662269,0.05535305053109307,False
c95ce9c16,BRD-K89053832-001-01-0,VLX600,ubiquitin C-terminal hydrolase inhibitor,0.5149069686328466,0.49107563520087855,0.023831333431968027,True
c95e712bb,BRD-K49962337-001-01-1,baicalin,beta glucuronidase inhibitor,0.3066011672317734,0.27881254124665483,0.027788625985118554,False
c96f93956,BRD-K77008974-001-03-2,WYE-354,mTOR inhibitor,0.5421638017320285,0.5081946480050052,0.03396915372702325,True
c9733b113,BRD-K71467466-001-02-3,KPT-185,exportin antagonist,0.34474441953730683,0.3178820074873315,0.02686241204997536,False
c9798b7d8,BRD-K49313711-001-05-4,ribitol,,0.3257826186225249,0.32034165000157533,0.00544096862094956,False
c98950cfd,BRD-K21548250-003-19-1,moracizine,sodium channel blocker,0.46688994203859135,0.3301691851002573,0.13672075693833408,False
c9a4e1d37,BRD-K74765201-001-16-7,tomelukast,leukotriene receptor antagonist,0.3386897840149577,0.3101361688531667,0.028553615161791,False
c9bc74fb3,BRD-K66097663-001-01-8,TMC-353121,RSV fusion inhibitor,0.3318844442955174,0.3116403438090533,0.02024410048646408,False
c9c489767,BRD-K42205652-001-02-7,"MNS-(3,4-Methylenedioxy-nitrostyrene)","src inhibitor, syk inhibitor",0.369888445036561,0.3591324927708122,0.01075595226574877,False
ca6b662f5,BRD-K49840922-001-05-1,etofylline-clofibrate,platelet aggregation inhibitor,0.315246842720501,0.31457190702315985,0.0006749356973411724,False
ca8282d6b,BRD-K36016295-001-04-5,KU-60019,ATM kinase inhibitor,0.29146299491886546,0.2732357457606298,0.018227249158235648,False
ca8387b14,BRD-K65678996-001-05-5,nefiracetam,"acetylcholine receptor agonist, benzodiazepine receptor agonist",0.3225099183903304,0.28170668184772263,0.04080323654260776,False
ca8854531,BRD-K49215523-001-04-2,GSK2636771,PI3K inhibitor,0.35512277803380904,0.2967642827100931,0.05835849532371595,False
cacb2b860,BRD-K15834839-001-02-3,lobendazole,anthelmintic agent,0.39681926913252946,0.3315738103769758,0.06524545875555365,False
cad539762,BRD-M02075109-001-01-1,chromanol-(+/-),potassium channel blocker,0.3034497281030115,0.2942570790476272,0.009192649055384305,False
cafd478f9,BRD-K50859149-001-19-5,sulfafurazole,bacterial antifolate,0.3239260983486636,0.3131583441414651,0.010767754207198499,False
cb01ff9d8,BRD-K74363950-004-01-0,aclidinium,acetylcholine receptor antagonist,0.2950936703544611,0.2830621754981049,0.012031494856356184,False
cb2c25132,BRD-K94436377-001-10-2,diosmin,"aryl hydrocarbon receptor agonist, capillary stabilizing agent",0.3842492170330895,0.38235481530038035,0.0018944017327091611,False
cb462e5c6,BRD-K35169477-001-01-9,taranabant,cannabinoid receptor inverse agonist,0.31415136104295693,0.30683299080288756,0.007318370240069372,False
cb6fd5cd9,BRD-K97417064-001-02-4,acedapsone,,0.3563012480714311,0.32034605850870596,0.03595518956272514,False
cbbb2153d,BRD-A43999749-004-04-1,homatropine-methylbromide,acetylcholine receptor antagonist,0.31528922181931607,0.2829380229318812,0.03235119888743487,False
cbc278c8c,BRD-K44665581-001-01-8,bromosporine,bromodomain inhibitor,0.44248399312330655,0.4375921231608254,0.0048918699624811435,False
cbd1e5bae,BRD-A53539450-004-01-7,neo-gilurytmal,,0.3549620038790018,0.3126789439417578,0.04228305993724396,False
cbdf6b874,BRD-A50311610-300-10-4,meclizine,constitutive androstane receptor (CAR) agonist,0.36360393893145043,0.326469083067798,0.03713485586365245,False
cbe28733a,BRD-K38852836-001-02-1,ganetespib,HSP inhibitor,0.478324842538536,0.4648805305687692,0.013444311969766809,False
cbea1c11f,BRD-K57169635-001-04-5,dacomitinib,EGFR inhibitor,0.38672471757022187,0.3665125997057729,0.020212117864448986,False
cbf00dd7c,BRD-K68103045-001-02-9,CGS-20625,"benzodiazepine receptor agonist, GABA benzodiazepine site receptor partial agonist",0.4118647294397926,0.3527209040225147,0.05914382541727786,False
cbf191cb2,BRD-A53576514-048-14-3,orphenadrine,acetylcholine receptor antagonist,0.29832109842553906,0.29136373767777607,0.006957360747762986,False
cbfaff9d1,BRD-K73589491-001-11-2,nizatidine,histamine receptor antagonist,0.3383687126979769,0.31579222638740534,0.022576486310571575,False
cc10617ca,BRD-K74514084-001-03-9,pazopanib,"KIT inhibitor, PDGFR tyrosine kinase receptor inhibitor, VEGFR inhibitor",0.5906386195862657,0.5485740988745745,0.0420645207116912,True
cc1288d5a,BRD-K87202646-061-04-9,pasiniazid,cyclooxygenase inhibitor,0.31789655275890777,0.3026714002761786,0.015225152482729154,False
cc2115976,BRD-K89634775-001-09-9,allylthiourea,nitrification inhibitor,0.2759651959140055,0.25655719078062894,0.019408005133376538,False
cc305f73c,BRD-K17513304-001-01-9,firategrast,integrin antagonist,0.4346816793896325,0.39219726094101204,0.04248441844862044,False
cc4768974,BRD-K33732501-004-01-0,methylnaltrexone,opioid receptor antagonist,0.35956719787020397,0.3398120797160416,0.019755118154162365,False
cc702cc19,BRD-K43860855-065-11-9,iobenguane,antineoplastic agent,0.270774688147842,0.26846723795442007,0.002307450193421934,False
cc74a8af6,BRD-A98299281-050-09-6,"hydroxytacrine-maleate-(r,s)",cholinesterase inhibitor,0.4205594823740187,0.3933484543298352,0.027211028044183516,False
cc88e1e3c,BRD-K62562723-003-02-7,SR-2640,leukotriene receptor antagonist,0.40217358707961326,0.36425426183634046,0.037919325243272795,False
cc96b78f2,BRD-K85751432-001-03-3,refametinib,MEK inhibitor,0.6236624599160224,0.5603939546662451,0.06326850524977734,True
ccad8d70f,BRD-K65877271-001-01-8,halobetasol-propionate,glucocorticoid receptor agonist,0.452931499695706,0.40673572166183447,0.04619577803387154,False
ccb72441a,BRD-K92848252-001-01-9,diminazene-aceturate,angiotensin converting enzyme activator,0.33521165846163903,0.3095333660674854,0.025678292394153646,False
ccf6fadc3,BRD-K90027355-001-19-0,spironolactone,mineralocorticoid receptor antagonist,0.33995554663429617,0.32936414409817083,0.010591402536125338,False
cd0f9a06b,BRD-K96714749-001-01-0,isobutamben,local anesthetic,0.32629652231388234,0.29599516358782446,0.03030135872605788,False
cd15932d2,BRD-K78666826-003-01-6,procaterol,adrenergic receptor agonist,0.3798847879885597,0.3586057214152621,0.02127906657329759,False
cd4f7ec46,BRD-K18619710-001-14-4,digoxigenin,steroid,0.35317677845064505,0.35154348399216084,0.0016332944584842024,False
cd5323b1a,BRD-K36740062-001-06-6,GSK1070916,Aurora kinase inhibitor,0.3744701070488816,0.3552297709340734,0.019240336114808243,False
cd6dd7a29,BRD-A90695733-001-07-4,manidipine,calcium channel blocker,0.31803194428550174,0.3064834606513511,0.01154848363415062,False
cd7f6bf39,BRD-K50938287-036-13-8,sumatriptan,serotonin receptor agonist,0.31848405322478823,0.28013909605441484,0.038344957170373395,False
cd9464ede,BRD-K61585876-001-01-0,3-carboxy-4-hydroxyphenylglycine-(S),glutamate receptor antagonist,0.4154388197059167,0.373410366459214,0.04202845324670268,False
cd9644989,BRD-A26384407-001-25-1,chlorthalidone,carbonic anhydrase inhibitor,0.29357788534345697,0.26951319727654144,0.02406468806691553,False
cdae2ebbf,BRD-A46393198-003-16-6,tetramisole,immunostimulant,0.32522389295058834,0.2997639261511497,0.025459966799438627,False
cdbfcb1ea,BRD-K09090523-001-02-1,firocoxib,cyclooxygenase inhibitor,0.3623280643829433,0.34378693871673643,0.01854112566620686,False
cdee6b7bf,BRD-K36889451-001-01-1,tetramethylthiuram-monosulfide,,0.28965178230942945,0.2894933515061951,0.0001584308032343551,False
ce15db37f,BRD-A50764878-003-02-8,MDL-73005EF,serotonin receptor antagonist,0.3683623827039485,0.3500782296148503,0.0182841530890982,False
ce1c48ead,BRD-K75506300-001-01-6,NPS-2143,calcium receptor antagonist,0.34831600233581217,0.34679317039953605,0.0015228319362761145,False
ce1dd3f87,BRD-K31495718-001-01-1,AZD7687,diacylglycerol O acyltransferase inhibitor,0.43755617378218853,0.3215445377437265,0.11601163603846204,False
ce2775e0a,BRD-K17702546-001-03-2,PD-168393,EGFR inhibitor,0.6171067314477345,0.5570654822097004,0.06004124923803411,True
ce292c1df,BRD-K85503079-001-02-8,perospirone,"dopamine receptor antagonist, serotonin receptor antagonist",0.35352886097136743,0.3224551019909457,0.03107375898042175,False
ce48189e0,BRD-K96188950-001-16-9,caffeic-acid-phenethyl-ester,HIV integrase inhibitor,0.3564419392408486,0.3268444648642638,0.02959747437658483,False
ce6b7dd05,BRD-K15502390-001-20-9,nevirapine,non-nucleoside reverse transcriptase inhibitor,0.3641933535705119,0.29743008174683483,0.06676327182367708,False
ce7077c0d,BRD-K52075715-001-06-7,oxibendazole,tubulin polymerization inhibitor,0.6849365698472583,0.6750463877955755,0.009890182051682794,True
cea7a3fe4,BRD-A10523515-001-07-9,GSK429286A,rho associated kinase inhibitor,0.32477966704566447,0.3098138602199624,0.014965806825702088,False
cebb37606,BRD-K38580127-003-15-4,serotonin,growth factor receptor activator,0.3737549395736305,0.30824586960863803,0.06550906996499245,False
cedb6c4a8,BRD-K68395654-001-03-1,EVP4593,NFkB pathway inhibitor,0.5973824648076982,0.5328394559482873,0.06454300885941089,True
cedcfd30a,BRD-K60341624-001-02-2,GSK1292263,glucose dependent insulinotropic receptor agonist,0.3507107028398177,0.31603110648423854,0.034679596355579156,False
cedde2a6c,BRD-K68408467-065-01-8,proflavine-hemisulfate,topical anesthetic,0.38047729321875184,0.37398500138402524,0.0064922918347266045,False
cee0b4f24,BRD-K36927236-001-32-6,glyburide,"ATP channel blocker, insulin secretagogue, sulfonylurea",0.36276454328507424,0.33241965042829524,0.030344892856778993,False
ceee35da6,BRD-A68631409-001-05-4,evodiamine,"ATPase inhibitor, TRPV agonist",0.6061161852433447,0.5771946945879318,0.02892149065541283,True
cef9e7a3f,BRD-K01683783-001-02-6,TAK-901,Aurora kinase inhibitor,0.632876996660377,0.5133319143685698,0.11954508229180716,True
cf071c439,BRD-K36386086-001-01-1,dolutegravir,HIV integrase inhibitor,0.3974134738955812,0.36262069974979866,0.034792774145782523,False
cf08e0bf8,BRD-K86687746-001-01-3,R306465,HDAC inhibitor,0.3694676274456795,0.36586772645934357,0.0035999009863359466,False
cf21bab1b,BRD-K16484091-001-01-1,metocurine,acetylcholine receptor antagonist,0.41159407506739576,0.38214635695084775,0.029447718116548005,False
cf21e6ee0,BRD-K00337317-001-06-6,NU-7441,DNA dependent protein kinase inhibitor,0.3521431750274032,0.30775542862190025,0.04438774640550297,False
cf3449dda,BRD-K78096648-001-05-7,oxiperomide,dopamine receptor antagonist,0.3988295898309134,0.35924242288868413,0.039587166942229246,False
cf4523b7d,BRD-K68395654-001-03-1,EVP4593,NFkB pathway inhibitor,0.49742513789252274,0.44019044854041284,0.0572346893521099,False
cf505fa7f,BRD-K68408467-065-01-8,proflavine-hemisulfate,topical anesthetic,0.4578943174854581,0.31714875157036815,0.14074556591508997,False
cf5db49f4,BRD-K95926480-003-03-6,SRT1720,SIRT activator,0.34977726455501873,0.3058803144423454,0.043896950112673305,False
cfbbea3fc,BRD-K58114536-001-01-6,rasagiline,monoamine oxidase inhibitor,0.4263900334240729,0.3121168358107414,0.11427319761333149,False
cfdaeed8e,BRD-K59045783-001-01-1,faropenem-medoxomil,lactamase inhibitor,0.46665145450093665,0.35140767832964764,0.115243776171289,False
d00e6f13d,BRD-K58049875-001-04-7,thiostrepton,"FOXM1 inhibitor, protein synthesis inhibitor",0.49619531006261275,0.48428494207355677,0.011910367989055981,False
d00f93480,BRD-K64931368-003-01-4,aminocaproic-acid,plasminogen activator inhibitor,0.348767198138338,0.3329127958606071,0.015854402277730884,False
d01936d7e,BRD-K66465025-001-05-1,ACPC,glutamate receptor antagonist,0.3586193418075366,0.34503920122150367,0.013580140586032907,False
d032e3d51,BRD-A66116161-001-02-3,AM-1241,cannabinoid receptor agonist,0.3608551013783372,0.28360252638541117,0.07725257499292604,False
d068b0638,BRD-K17026858-001-01-2,pibenzimol,DNA inhibitor,0.37379249028992617,0.341554756097748,0.03223773419217818,False
d074c17a3,BRD-K02407574-001-09-7,parbendazole,tubulin polymerization inhibitor,0.5954934903604489,0.5553675215609009,0.040125968799547995,True
d08af5d4b,BRD-K02407574-001-09-7,parbendazole,tubulin polymerization inhibitor,0.6713051185444121,0.6531389687635089,0.01816614978090325,True
d0c38f6ff,BRD-K67217586-001-08-0,fenthion,cholinesterase inhibitor,0.3547145450536176,0.3016130733448978,0.053101471708719816,False
d0d0d9885,BRD-K85402309-389-03-2,dovitinib,"EGFR inhibitor, FGFR inhibitor, FLT3 inhibitor, PDGFR tyrosine kinase receptor inhibitor, VEGFR inhibitor",0.5080452105388469,0.4571408915526543,0.050904318986192576,True
d118db62e,BRD-K37111771-300-02-6,trientine,chelating agent,0.3378478702114739,0.30009311305904385,0.03775475715243004,False
d12d3ac65,BRD-K63343048-001-12-2,orlistat,lipase inhibitor,0.32962317177412254,0.2974903209828272,0.03213285079129535,False
d144a991c,BRD-K13495773-001-11-4,creatinine,,0.3445347709387938,0.33492323409998476,0.009611536838809054,False
d14919a0e,BRD-K41170226-001-13-8,deoxycholic-acid,"biliverdin reductase A activator, G protein-coupled receptor agonist",0.3396129027412781,0.3220785385805338,0.017534364160744276,False
d149a15f5,BRD-A46876182-003-02-8,levobunolol-(+/-),adrenergic receptor antagonist,0.2997804175233679,0.2995661906294984,0.000214226893869518,False
d14b6b651,BRD-K31928526-001-02-1,barasertib,Aurora kinase inhibitor,0.44261899640065244,0.4245516217538259,0.01806737464682656,False
d1681e2ff,BRD-K77908580-001-09-6,entinostat,HDAC inhibitor,0.3712274498071627,0.33904654445020865,0.03218090535695406,False
d18459f4f,BRD-K82746043-001-15-1,navitoclax,BCL inhibitor,0.4045821809384281,0.33527874979536404,0.06930343114306409,False
d1b47f29d,BRD-K05804044-001-06-0,AZ-628,RAF inhibitor,0.6424376115603083,0.5579560008901081,0.08448161067020021,True
d1cfb9885,BRD-K77396579-300-01-0,NVP-DPP728,dipeptidyl peptidase inhibitor,0.3624318651831534,0.30456216010382964,0.05786970507932376,False
d1d4140f4,BRD-K41278234-001-03-0,CUDC-101,EGFR inhibitor,0.3239617868671837,0.3104909196608028,0.01347086720638091,False
d1f551f68,BRD-K54838207-001-02-0,fudosteine,mucolytic agent,0.3963568489781692,0.28177451820300736,0.11458233077516183,False
d201bb3e9,BRD-K84564571-001-02-4,telatinib,"KIT inhibitor, PDGFR tyrosine kinase receptor inhibitor, VEGFR inhibitor",0.5607257681145974,0.46006727759299215,0.10065849052160525,True
d214f8a07,BRD-K21913543-001-02-4,fluorescein,,0.3361189026231901,0.3310820363623112,0.005036866260878903,False
d216cfda8,BRD-K59574735-001-11-8,ubenimex,leukotriene synthesis inhibitor,0.3381946980433744,0.31575785083771585,0.022436847205658528,False
d219a0018,BRD-K38684403-001-05-4,roxithromycin,bacterial 50S ribosomal subunit inhibitor,0.3140412581871872,0.2785034614042948,0.03553779678289237,False
d22b4e6d9,BRD-A92872453-001-01-8,N-acetylmannosamine,,0.3737053801584491,0.36865534364258795,0.005050036515861167,False
d234a611d,BRD-K10065684-001-07-4,dantron,laxative,0.35405393467679597,0.34482150985201043,0.009232424824785535,False
d246eb521,BRD-K13356952-001-25-1,methazolamide,carbonic anhydrase inhibitor,0.31322933195193436,0.2765817162715028,0.03664761568043157,False
d289bdd81,BRD-K90333595-003-21-4,phentolamine,adrenergic receptor antagonist,0.3620802882052973,0.3345413722613755,0.027538915943921827,False
d2991f386,BRD-A40084411-003-07-7,CGP-12177,adrenergic receptor agonist,0.41638093527647346,0.36533867508360385,0.051042260192869615,False
d2a147729,BRD-K75911534-001-01-6,SU014813,"PDGFR tyrosine kinase receptor inhibitor, VEGFR inhibitor",0.3726628776734165,0.3296327411456796,0.043030136527736906,False
d2bfb8458,BRD-K32247306-001-29-4,primidone,GABA receptor antagonist,0.3460345440301861,0.3235878262299579,0.022446717800228166,False
d2c1d1a42,BRD-A76672327-003-02-0,clindamycin-palmitate,bacterial 50S ribosomal subunit inhibitor,0.3545957595296956,0.29800289544113645,0.056592864088559125,False
d2d29e48f,BRD-K24616672-003-20-1,procaine,HMGCR inhibitor,0.3846669714398881,0.37181048014495177,0.012856491294936323,False
d2d7e1eab,BRD-K78666826-003-01-6,procaterol,adrenergic receptor agonist,0.33853858836381734,0.33527159552366703,0.0032669928401503068,False
d2e554fc3,BRD-K58299615-001-03-5,Ro-90-7501,,0.376950258553319,0.33237888989226555,0.044571368661053434,False
d2f784c39,BRD-K47639036-003-06-6,flavoxate,acetylcholine receptor antagonist,0.3180704320205576,0.2871311383950545,0.030939293625503128,False
d30573f2e,BRD-K68395654-001-03-1,EVP4593,NFkB pathway inhibitor,0.5078794305052619,0.49703183651444605,0.010847593990815807,True
d30fd5273,BRD-K66911501-003-01-2,MK-3207,calcitonin antagonist,0.2991964759899663,0.2897108818919719,0.009485594097994376,False
d32045b5e,BRD-K95957366-001-02-6,isaxonine,nerve growth factor agonist,0.38087324224371266,0.3046081760684949,0.07626506617521778,False
d3228fdfc,BRD-K42095107-001-17-1,daidzein,estrogen receptor agonist,0.33658398959862884,0.33235850660241834,0.004225482996210506,False
d33ee31a4,BRD-A74391928-051-01-3,ibutilide,potassium channel blocker,0.4092801207423513,0.3648149503803804,0.044465170361970896,False
d36e6ad3b,BRD-K28595280-001-04-5,meglumine,excipient,0.32094912075555077,0.315440857436322,0.005508263319228768,False
d379daa8f,BRD-K81957469-001-01-0,semagacestat,gamma secretase inhibitor,0.3423144486590632,0.31452255026549736,0.027791898393565828,False
d389fc759,BRD-K72029282-001-22-0,probucol,atherogenesis inhibitor,0.33232003405895105,0.31162418671948233,0.02069584733946872,False
d38a2d3ef,BRD-K60690191-001-03-3,MPEP,glutamate receptor antagonist,0.3555373125724827,0.3514052296476987,0.0041320829247840085,False
d390fef44,BRD-K51207550-001-23-0,ethionamide,mycolic synthesis inhibitor,0.40446729724505187,0.3951351326760443,0.009332164569007595,False
d3a86129b,BRD-K36756879-003-08-7,ethaverine,calcium channel blocker,0.35831304047898455,0.32828744904239127,0.03002559143659328,False
d3ae504c0,BRD-K35169477-001-01-9,taranabant,cannabinoid receptor inverse agonist,0.33905410607130565,0.3194682442520045,0.019585861819301165,False
d3b0064d0,BRD-K10575656-034-01-0,MRS3777,adenosine receptor antagonist,0.32771416209055854,0.32543612786647963,0.0022780342240789064,False
d3c63fdfb,BRD-K45503887-001-01-1,delivert,angiotensin receptor agonist,0.2928437963837313,0.2710556844895208,0.021788111894210538,False
d3cc51fba,BRD-K98157055-001-10-9,SIB-1757,glutamate receptor antagonist,0.36040392743762745,0.34920908458996486,0.01119484284766259,False
d3d4e6fda,BRD-K64866502-001-03-9,CYC116,Aurora kinase inhibitor,0.509840422108202,0.46700582481439096,0.04283459729381106,True
d3f33169a,BRD-K51751936-001-09-1,alfadolone-acetate,benzodiazepine receptor agonist,0.35421008274433263,0.33269219887569346,0.021517883868639176,False
d3f9718f3,BRD-K61691541-001-01-1,PF-03084014,gamma secretase inhibitor,0.27349967848399365,0.2640466619035878,0.00945301658040587,False
d3ff26fc7,BRD-K69253806-001-02-0,hexestrol,synthetic estrogen,0.3103615148725131,0.30389967486983105,0.006461840002682073,False
d401a4bc4,BRD-K54187111-001-09-2,dichlorisone-acetate,,0.34703676675071793,0.34421673269388103,0.0028200340568368953,False
d4108f538,BRD-K32830106-003-20-4,guanfacine,adrenergic receptor agonist,0.5184495536874211,0.49083492337042867,0.027614630316992406,True
d41b0360e,BRD-K59325863-001-02-8,delanzomib,proteasome inhibitor,0.3120736832724723,0.27217403313546423,0.03989965013700808,False
d41c46a22,BRD-K39841531-001-02-1,TG-101209,JAK inhibitor,0.3018386401348382,0.27864095060115057,0.023197689533687615,False
d41eae7e5,BRD-K59333713-003-02-0,niguldipine-(S)-(+),adrenergic receptor antagonist,0.3607267652109712,0.30550904602496537,0.05521771918600582,False
d43ece694,BRD-K67772619-001-05-1,rheochrysidin,protein tyrosine kinase inhibitor,0.3217642593334219,0.29842975952517087,0.02333449980825103,False
d449fda32,BRD-K93918653-001-08-9,quizartinib,FLT3 inhibitor,0.3046737176465965,0.2998730926371966,0.004800625009399928,False
d46d06ed5,BRD-K69001009-001-02-8,golvatinib,VEGFR inhibitor,0.39601673688006767,0.3689355448566412,0.02708119202342646,False
d488d031d,BRD-K07857022-002-01-1,alvimopan,opioid receptor antagonist,0.34065943673887655,0.2943474580139582,0.04631197872491838,False
d4999c2ea,BRD-K92657060-001-05-7,zaleplon,benzodiazepine receptor agonist,0.4344936593743282,0.33565298636637475,0.09884067300795346,False
d49f848d5,BRD-A89594340-003-11-5,carnitine-(D/L),,0.36116047788189265,0.3070546558625195,0.05410582201937314,False
d4aba1b3e,BRD-K49962337-001-01-1,baicalin,beta glucuronidase inhibitor,0.3300625086785861,0.314816538324534,0.015245970354052119,False
d4b2d8373,BRD-K49657628-001-14-8,tyrphostin-AG-18,"EGFR inhibitor, tyrosine kinase inhibitor",0.49604414462848245,0.3518594524728241,0.14418469215565838,False
d4bae1059,BRD-K38305202-001-17-4,domperidone,dopamine receptor antagonist,0.41812649249528666,0.3288707462524071,0.08925574624287957,False
d4c515a95,BRD-K40302533-001-02-9,PF-5274857,smoothened receptor antagonist,0.4042963960129402,0.4032250280694658,0.0010713679434743995,False
d4c998587,BRD-K40887525-001-21-9,ritanserin,serotonin receptor antagonist,0.32542185387643385,0.32384381211366264,0.0015780417627712096,False
d4fdaaa96,BRD-A24228527-213-01-9,ofloxacin,bacterial DNA gyrase inhibitor,0.3440346110831739,0.34356746155975915,0.000467149523414756,False
d50f18348,BRD-K71035033-001-07-1,masitinib,"KIT inhibitor, PDGFR tyrosine kinase receptor inhibitor, src inhibitor",0.6421483330266525,0.6418083259762097,0.0003400070504427921,True
d5117fdeb,BRD-K49456274-001-01-9,pilaralisib,PI3K inhibitor,0.32773689367390785,0.2908412794421953,0.03689561423171256,False
d52e70ed4,BRD-K28965160-001-01-1,BVD-523,MAP kinase inhibitor,0.6958229260499597,0.6919174448088241,0.0039054812411355444,True
d532d49de,BRD-A33084557-001-06-6,tioconazole,sterol demethylase inhibitor,0.3679610538021423,0.35523716820648377,0.012723885595658513,False
d53f01057,BRD-K33813875-003-01-8,valnemulin,bacterial 50S ribosomal subunit inhibitor,0.3558224962768138,0.35149821586703983,0.004324280409773951,False
d5450ee5c,BRD-K46839850-050-04-2,cinepazide,calcium channel activator,0.3106022318123497,0.28185517305039914,0.02874705876195055,False
d5572b376,BRD-K78431006-001-10-2,crizotinib,ALK tyrosine kinase receptor inhibitor,0.30889820352507397,0.28327299533047623,0.025625208194597737,False
d55a12962,BRD-K28115081-001-02-7,apafant,platelet activating factor receptor antagonist,0.36559032801020563,0.34806521399633233,0.0175251140138733,False
d563df6c9,BRD-K84663978-003-02-9,trequinsin,phosphodiesterase inhibitor,0.3586148791874642,0.352037440088441,0.006577439099023197,False
d56702d3b,BRD-K16810791-001-01-0,LGK-974,porcupine inhibitor,0.32750701286194955,0.31810395691916765,0.009403055942781902,False
d573e180f,BRD-K72339976-065-02-1,cefoselis,bacterial cell wall synthesis inhibitor,0.2691430616889837,0.26813995183091593,0.0010031098580677855,False
d58554765,BRD-A08079565-001-01-8,CDBA,,0.36520246213950824,0.311691721242818,0.05351074089669022,False
d59e2bf68,BRD-K80043866-236-01-1,sodium-gualenate,antacid,0.405785846311218,0.3398368326430771,0.06594901366814088,False
d5a1bc32c,BRD-K88789588-001-14-9,letrozole,aromatase inhibitor,0.37280307689005754,0.36672379711055586,0.006079279779501678,False
d5ea96219,BRD-K19456237-001-27-6,piracetam,acetylcholine receptor agonist,0.41177719204279956,0.3983222218362872,0.013454970206512373,False
d5f0a3a0d,BRD-K25650355-065-02-0,physostigmine,cholinesterase inhibitor,0.31183511510446515,0.2774723757201506,0.034362739384314556,False
d60045956,BRD-K02953697-001-09-2,naringin,cytochrome P450 inhibitor,0.4045590127393223,0.3877428028664181,0.01681620987290422,False
d602cdf50,BRD-K96006502-001-02-6,deflazacort,glucocorticoid receptor agonist,0.3952799796321833,0.3803427014584375,0.014937278173745794,False
d60790d36,BRD-A69917777-065-02-2,aminopentamide,acetylcholine receptor antagonist,0.37753346121204717,0.33173734859686743,0.04579611261517974,False
d631fcc6c,BRD-A14966924-003-07-7,alaproclate,serotonin receptor antagonist,0.3403296275766172,0.3235962337455935,0.016733393831023735,False
d632db159,BRD-A01593789-001-03-1,chlormadinone-acetate,5 alpha reductase inhibitor,0.4232887009148998,0.3697712567233838,0.053517444191515995,False
d65a23889,BRD-A71725768-001-01-3,metoxibutropate,cyclooxygenase inhibitor,0.3182950027336095,0.26133935125013225,0.056955651483477254,False
d66481b90,BRD-K21718444-001-06-8,KW-2449,"Abl kinase inhibitor, Aurora kinase inhibitor, FLT3 inhibitor",0.3951841096821948,0.337074871198595,0.05810923848359978,False
d66f0ffb7,BRD-K30020243-051-02-5,aliskiren-hemifumarate,renin inhibitor,0.35206050504494124,0.3296404830593034,0.02242002198563786,False
d681d223e,BRD-K49350383-001-13-7,thioguanine,purine antagonist,0.7426471033251326,0.6228326991704568,0.11981440415467581,True
d6933a57d,BRD-K85751432-001-03-3,refametinib,MEK inhibitor,0.3274406566255541,0.32370072686478774,0.0037399297607663695,False
d6b2e5cfc,BRD-A91452556-001-04-0,estradiol-cypionate,estrogen receptor agonist,0.3248566351358566,0.2951498152186295,0.029706819917227123,False
d6b437415,BRD-K33396764-001-08-7,alpha-linolenic-acid,omega 3 fatty acid stimulant,0.3616516380498859,0.2955598825112555,0.06609175553863045,False
d6c6237b6,BRD-A44500574-001-01-8,FLI-06,notch signaling inhibitor,0.285505386209754,0.2709784564019251,0.014526929807828937,False
d6c695e8f,BRD-K73589491-001-11-2,nizatidine,histamine receptor antagonist,0.37903796390841493,0.2880811153844043,0.09095684852401065,False
d6cf0e14e,BRD-K86727142-001-12-4,embelin,"HCV inhibitor, XIAP inhibitor",0.34599286568621995,0.3294055654371792,0.01658730024904076,False
d6cf25434,BRD-K73319509-001-08-0,PF-04217903,c-Met inhibitor,0.30475064264183294,0.26170621188466237,0.04304443075717057,False
d70cdde82,BRD-K66241279-001-01-8,cinromide,,0.40835539256187803,0.34533694615792393,0.0630184464039541,False
d70e663a3,BRD-A11815689-001-01-1,proscillaridin-a,,0.35411967413046674,0.3126769330652022,0.04144274106526452,False
d714283f3,BRD-K93944989-001-08-0,safingol,PKC inhibitor,0.36325765912818875,0.32395393851892806,0.039303720609260684,False
d71b19349,BRD-K41406082-001-16-2,sulfapyridine,PABA antagonist,0.3388936022735749,0.2857005280000594,0.053193074273515495,False
d73a5cf1c,BRD-K19939891-001-05-4,TIC10,"AKT inhibitor, TRAIL modulator",0.3987949202239365,0.33171455459581434,0.06708036562812214,False
d73b6a4a2,BRD-K56301217-001-07-4,ABT-737,BCL inhibitor,0.3081798767497455,0.30621025931330953,0.0019696174364359775,False
d74175a91,BRD-K89299012-001-06-0,DCEBIO,potassium channel activator,0.4792037617553028,0.463661078273062,0.015542683482240804,False
d75904698,BRD-K88025533-003-03-3,fingolimod,"immunosuppressant, sphingosine phosphate receptor agonist",0.3216775901712534,0.30933213221886835,0.012345457952385064,False
d767a14e3,BRD-K58265391-001-12-7,meticrane,diuretic,0.3479202145865387,0.3461707877643511,0.0017494268221875942,False
d76b1e59d,BRD-K21913543-001-02-4,fluorescein,,0.3567294289578798,0.2632941043049387,0.09343532465294108,False
d76d29c86,BRD-K06749501-001-02-1,GSK1838705A,insulin growth factor receptor inhibitor,0.4603063110158696,0.39978194931123223,0.060524361704637375,False
d76f51fe4,BRD-K97884852-001-05-4,malotilate,protein synthesis stimulant,0.30207846249930437,0.2716283168698491,0.03045014562945525,False
d778ccd51,BRD-K48826825-001-01-8,S26948,PPAR receptor agonist,0.3564286972255177,0.3174306578522038,0.038998039373313864,False
d78eb4d60,BRD-K17743125-001-08-4,belinostat,HDAC inhibitor,0.43707182769679626,0.4093997870984284,0.027672040598367864,False
d7a9617e3,BRD-K46690591-001-01-2,KP-1212,,0.32279755348708006,0.2564007560933808,0.06639679739369925,False
d7b50861a,BRD-K26060080-065-05-6,adenine,protein synthesis stimulant,0.37745125004142854,0.37623670685917604,0.0012145431822525032,False
d7bbcf01c,BRD-A43082555-001-01-1,loxoprofen,"cyclooxygenase inhibitor, prostanoid receptor antagonist",0.304340105648152,0.29648903756307726,0.007851068085074742,False
d7d9a5092,BRD-A38218502-001-01-2,metenkephalin,immunostimulant,0.3549428180058495,0.3472586862629119,0.007684131742937583,False
d7e64b73e,BRD-K30563334-001-02-9,rifabutin,protein synthesis inhibitor,0.34202345938820033,0.3142605505496502,0.02776290883855015,False
d7ed953cd,BRD-K19352500-070-12-4,prochlorperazine,dopamine receptor antagonist,0.3736713024763273,0.34933509375985267,0.024336208716474628,False
d8127a7b9,BRD-A36217750-001-16-3,sulfinpyrazone,uricosuric blocker,0.35239406917760546,0.34802787698301,0.004366192194595442,False
d814b3483,BRD-K59524082-001-01-3,maribavir,"cytomegalovirus inhibitor, protein kinase inhibitor",0.37309026450031224,0.33744185098712287,0.03564841351318937,False
d82e75aa7,BRD-K52075715-001-06-7,oxibendazole,tubulin polymerization inhibitor,0.6469973634366617,0.6418997646323931,0.005097598804268633,True
d83add00b,BRD-K58648841-001-04-7,cresopirine,,0.3669743560474944,0.3487813543054704,0.018193001742023984,False
d84d151f6,BRD-K04993719-001-01-7,LY2334737,"antitumor agent, ribonucleotide reductase inhibitor",0.33692952935639525,0.31385200692764037,0.023077522428754882,False
d870792b9,BRD-K92467929-001-01-1,oxandrolone,androgen receptor agonist,0.3189560987297024,0.3002513051203046,0.018704793609397752,False
d870d8287,BRD-K68395654-001-03-1,EVP4593,NFkB pathway inhibitor,0.3622030203640468,0.3397037283717361,0.022499291992310655,False
d8768202c,BRD-K67277431-002-10-5,picotamide,"thromboxane receptor antagonist, thromboxane synthase inhibitor",0.3296746642899478,0.321354831724633,0.008319832565314766,False
d8a2d8405,BRD-K25312248-001-01-5,matrine,opioid receptor agonist,0.31740743203722754,0.25597041560291767,0.06143701643430988,False
d8af76b75,BRD-K74117820-066-10-8,nelfinavir,HIV protease inhibitor,0.29945277971628453,0.28727792563497334,0.012174854081311193,False
d8b1403bc,BRD-K05181084-003-03-7,NGB-2904,dopamine receptor antagonist,0.38100829001844744,0.3619135080045527,0.01909478201389475,False
d8b489c4a,BRD-K96862998-001-15-5,pirfenidone,TGF beta receptor inhibitor,0.318935133280837,0.29998625308939125,0.01894888019144575,False
d8e2abc0f,BRD-K41869275-001-02-8,2-phenylmelatonin,melatonin receptor agonist,0.3803969269677667,0.3235247196043854,0.05687220736338133,False
d8fe5bc4f,BRD-K73982490-001-02-9,BI-78D3,JNK inhibitor,0.3903074961930101,0.378563552671939,0.01174394352107111,False
d914db0f1,BRD-A08715367-001-01-7,L-Theanine,glutamate receptor antagonist,0.3169056094456633,0.28297049555415293,0.03393511389151038,False
d9189d323,BRD-K47598052-001-15-8,PP-1,src inhibitor,0.3642350297206126,0.34642821065101376,0.017806819069598856,False
d925c928f,BRD-K02407574-001-09-7,parbendazole,tubulin polymerization inhibitor,0.6361439822430204,0.6000602344908723,0.036083747752148065,True
d92c22baf,BRD-K96714749-001-01-0,isobutamben,local anesthetic,0.3393884319836954,0.3212877740175998,0.018100657966095612,False
d92c56735,BRD-K07220430-001-18-4,cinnarazine,calcium channel blocker,0.3725109901814817,0.36785973194839583,0.004651258233085875,False
d9373049c,BRD-K48722833-001-07-6,iloperidone,"dopamine receptor antagonist, serotonin receptor antagonist",0.36843785570728665,0.3590521178879903,0.009385737819296358,False
d93d6ccc2,BRD-K26325692-003-01-3,API-001,sigma receptor antagonist,0.29587138064116686,0.29299685897081457,0.0028745216703522924,False
d9404da1e,BRD-K79633074-001-01-8,xilobam,,0.3333293687919534,0.3195253942568505,0.013803974535102903,False
d94ef3b56,BRD-K73197500-001-02-2,SNX-5422,HSP inhibitor,0.44375634003729947,0.3944681814424187,0.04928815859488078,False
d9775e237,BRD-K09416995-001-39-9,lovastatin,HMGCR inhibitor,0.3849429258894267,0.3398913627719474,0.045051563117479265,False
d98786e51,BRD-K20605374-001-05-4,NSC-697923,ubiquitin-conjugating enzyme inhibitor,0.3766658959344328,0.35428802505441664,0.022377870880016137,False
d9ea3eadc,BRD-A05457250-001-08-4,BAY-K-8644-(+/-),L-type calcium channel activator,0.3488740447771216,0.28383949470131536,0.06503455007580622,False
d9f666bcd,BRD-A09925278-003-05-6,etilefrine,adrenergic receptor agonist,0.3849318969262698,0.33824360671313536,0.04668829021313442,False
d9fcbe12c,BRD-A24191444-046-02-1,ifenprodil,"adrenergic receptor antagonist, glutamate receptor antagonist",0.3782982078600516,0.32697929807491405,0.051318909785137534,False
da0aa58bb,BRD-K26801045-001-02-9,pipamperone,dopamine receptor antagonist,0.3666709516799855,0.3265939416005719,0.040077010079413555,False
da2847818,BRD-A70268693-050-01-2,PG-9,acetylcholine receptor agonist,0.35152376829116766,0.29463413544627737,0.05688963284489029,False
da3e64ff0,BRD-K37720887-001-07-8,SB-525334,TGF beta receptor inhibitor,0.3141111566649771,0.3139386507076513,0.00017250595732576368,False
da4ee3d51,BRD-K49350383-001-13-7,thioguanine,purine antagonist,0.44165045735113934,0.41953854872879115,0.022111908622348186,False
da5b8929b,BRD-K50498985-001-03-3,taladegib,smoothened receptor antagonist,0.3512627304145609,0.34736674332266676,0.0038959870918941486,False
da5f70b40,BRD-K93441486-067-12-8,diphemanil,acetylcholine receptor antagonist,0.3152407458980235,0.30500911774175304,0.010231628156270434,False
da6bec758,BRD-K90497590-001-04-2,AR-12,phosphoinositide dependent kinase inhibitor,0.43902847528783495,0.4016391962044557,0.037389279083379245,False
da7542ede,BRD-A97674275-001-11-8,ranolazine,sodium channel blocker,0.3671720983666435,0.31759201550932115,0.04958008285732235,False
da8ce4a40,BRD-K65877271-001-01-8,halobetasol-propionate,glucocorticoid receptor agonist,0.5345091032715259,0.4704823545753283,0.06402674869619762,True
da8d49df4,BRD-K19669037-001-01-1,GGTI-298,GGTase inhibitor,0.35113781170587177,0.32134783750706897,0.029789974198802804,False
dac782c74,BRD-K20897876-001-10-0,castanospermine,glucosidase inhibitor,0.4044925693889857,0.33085925559351725,0.07363331379546845,False
daf15ab37,BRD-K21160401-065-01-0,dextroamphetamine,monoamine oxidase inhibitor,0.33108942722442697,0.325861079432955,0.005228347791471966,False
db406b2e6,BRD-K35169477-001-01-9,taranabant,cannabinoid receptor inverse agonist,0.39078753023432683,0.31825369416243754,0.07253383607188929,False
db50e7c67,BRD-K19318328-001-01-3,FR-139317,endothelin receptor antagonist,0.3215685794805338,0.2824601054610912,0.03910847401944262,False
db657e8ac,BRD-K83192048-050-02-7,dimethindene-(S)-(+),acetylcholine receptor antagonist,0.35839015985860184,0.33001351021763203,0.02837664964096981,False
db6996826,BRD-A49399758-015-01-8,desmopressin-acetate,vasopressin receptor agonist,0.3089453601254111,0.2971342645065117,0.01181109561889937,False
db6b74f08,BRD-K58501140-002-01-0,TAK-875,insulin secretagogue,0.37818501810948735,0.3630829575020486,0.015102060607438739,False
db6bf858a,BRD-K66876909-001-12-6,linezolid,bacterial 50S ribosomal subunit inhibitor,0.3573030050438784,0.30129792618820705,0.05600507885567135,False
db8846a47,BRD-A49172652-001-27-1,lansoprazole,ATPase inhibitor,0.36004246913419624,0.35618666081502426,0.0038558083191719827,False
db8d29001,BRD-K19939891-001-05-4,TIC10,"AKT inhibitor, TRAIL modulator",0.3059382857760486,0.28524599011571117,0.020692295660337423,False
db93fc102,BRD-K06388322-312-02-6,pramipexole,dopamine receptor agonist,0.3798870962531868,0.32949687510409514,0.05039022114909164,False
db95a71fc,BRD-K30431096-004-01-3,domiphen,,0.5005440029312344,0.32796175167236424,0.1725822512588701,True
dba6d0ed4,BRD-A49544621-003-02-8,AC-7954-(+/-),urotensin receptor agonist,0.32723910910932824,0.3034105027185226,0.02382860639080564,False
dbd872e93,BRD-K45152786-001-08-4,merbarone,topoisomerase inhibitor,0.31795820786713047,0.3152928779474414,0.0026653299196890967,False
dbe9806e4,BRD-K96233303-001-01-9,TMS,,0.3756398296355843,0.3510099758896285,0.024629853745955776,False
dc0d4a264,BRD-K33732501-004-01-0,methylnaltrexone,opioid receptor antagonist,0.3512761385773701,0.31110835713725493,0.04016778144011518,False
dc4d07d58,BRD-K70592483-001-01-0,phenylacetylglutamine,"DNA methylase inhibitor, protein synthesis inhibitor",0.3431532638047203,0.32257179806223824,0.02058146574248204,False
dc60edcec,BRD-K57252450-001-02-5,cilengitide,integrin antagonist,0.3683903695832691,0.30990785560205053,0.058482513981218565,False
dc8d950ae,BRD-K41783120-001-02-8,STA-5326,interleukin synthesis inhibitor,0.49895842272577895,0.3250304474975691,0.17392797522820985,False
dc90108c3,BRD-K18059238-001-10-4,gamma-linolenic-acid,"cyclooxygenase inhibitor, prostanoid receptor agonist",0.35415937655306556,0.335507051276488,0.018652325276577564,False
dca99d7e0,BRD-K95435023-001-10-1,PHA-665752,c-Met inhibitor,0.3561816028854658,0.3417138476935023,0.014467755191963472,False
dcd5c39d1,BRD-A69636825-003-04-7,diltiazem,calcium channel blocker,0.3069232551515259,0.30388277124790725,0.0030404839036186626,False
dcefc9130,BRD-K14807180-001-02-5,SB-221284,serotonin receptor antagonist,0.35307079845307504,0.3284462760384233,0.02462452241465174,False
dd0ce6221,BRD-K04804440-001-09-5,ciprofloxacin,bacterial DNA gyrase inhibitor,0.4174187286680297,0.38422510180254466,0.03319362686548505,False
dd1bef73f,BRD-K88186167-001-04-8,GW-4064,FXR agonist,0.3133972109649862,0.3123025497501406,0.0010946612148455825,False
dd30eef7a,BRD-K62391742-001-03-0,venetoclax,BCL inhibitor,0.31960135699628395,0.30632403086302673,0.013277326133257217,False
dd313d89e,BRD-K77345217-001-05-0,gallic-acid,"beta amyloid protein neurotoxicity inhibitor, PPAR receptor agonist",0.31371720310260276,0.29288115403272685,0.020836049069875906,False
dd321cc39,BRD-K94420399-001-01-9,PF-04136309,CC chemokine receptor antagonist,0.383620276253451,0.33876964048728253,0.04485063576616849,False
dd3da3936,BRD-K73394555-237-01-1,oxolinic-acid,bacterial DNA gyrase inhibitor,0.321713544190705,0.29508854606583906,0.026624998124865962,False
dd4a96d16,BRD-K52233191-001-02-4,R547,CDK inhibitor,0.32173736858213814,0.29306916803279653,0.028668200549341605,False
dd4b64a59,BRD-K04568635-300-01-4,octenidine,membrane integrity inhibitor,0.4548376974816289,0.4065843270569243,0.04825337042470457,False
dd4e3bd8e,BRD-K28965160-001-01-1,BVD-523,MAP kinase inhibitor,0.4591942963105704,0.4491196063750519,0.010074689935518522,False
dd5d1290c,BRD-K78666826-003-01-6,procaterol,adrenergic receptor agonist,0.3557130243104417,0.3236979472629534,0.032015077047488294,False
dd6bd76be,BRD-K39252998-003-01-5,atipamezole,adrenergic receptor antagonist,0.3000343414330507,0.29887135652804336,0.0011629849050073249,False
dd6c74fea,BRD-K14880289-001-02-2,GW-501516,PPAR receptor agonist,0.3895194461126046,0.3326180583383696,0.05690138777423498,False
dd73b5345,BRD-K21160401-065-01-0,dextroamphetamine,monoamine oxidase inhibitor,0.33355523800892944,0.2881543533651064,0.045400884643823025,False
ddb7e0c01,BRD-K97746869-001-27-0,chlorpropamide,ATP channel blocker,0.3427246512629216,0.33812883796910354,0.004595813293818085,False
ddc3563cd,BRD-K89125793-001-26-0,tinidazole,antiprotozoal agent,0.34320871380570833,0.3271065911837322,0.016102122621976134,False
ddc3ca5fa,BRD-K68938568-001-01-7,GDC-0152,XIAP inhibitor,0.7667321314389839,0.44923046902299685,0.31750166241598704,True
ddc4292ba,BRD-A92439610-001-05-7,triamcinolone-acetonide,"glucocorticoid receptor agonist, immunosuppressant",0.4505374760060053,0.4229701975201529,0.027567278485852387,False
de1269ab3,BRD-K49350383-001-13-7,thioguanine,purine antagonist,0.5345814397848475,0.44989233942829554,0.08468910035655197,True
de38cdddc,BRD-K44876623-001-03-7,zolpidem,benzodiazepine receptor agonist,0.3627071733474325,0.2983525220605559,0.06435465128687662,False
de41ef6c9,BRD-K61936403-001-01-7,AS-1949490,SHIP2 phosphatase inhibitor,0.32998274817223533,0.3072136004917447,0.022769147680490653,False
de6954488,BRD-A05186015-003-19-8,bupropion,dopamine uptake inhibitor,0.391065881181852,0.32202745717661735,0.06903842400523463,False
de7583071,BRD-K18172896-001-02-5,eltanolone,membrane integrity inhibitor,0.3847963695183232,0.3427547722097261,0.04204159730859708,False
de7b27dbc,BRD-K43192255-048-03-6,methyllycaconitine,acetylcholine receptor antagonist,0.2954907214393356,0.2674780348474384,0.028012686591897207,False
de8fa84b4,BRD-K02113016-001-15-4,olaparib,PARP inhibitor,0.3409547582280876,0.32933428625716543,0.011620471970922142,False
debd8fd94,BRD-K37289225-001-36-4,clozapine,"dopamine receptor antagonist, serotonin receptor antagonist",0.2869332171507493,0.2695687948444917,0.01736442230625762,False
ded810675,BRD-K78061844-050-01-9,4-PPBP,sigma receptor ligand,0.3241298091040483,0.29770964022956814,0.026420168874480177,False
dee1b775a,BRD-K62762455-001-01-3,RU-58841,androgen receptor antagonist,0.41189819991590215,0.33040457923121413,0.08149362068468802,False
dee5dc1b9,BRD-A86044036-001-26-5,flurbiprofen-(+/-),cyclooxygenase inhibitor,0.4197775587352771,0.33683379003509123,0.08294376870018588,False
dee951f41,BRD-K95309561-001-24-7,dienestrol,estrogen receptor agonist,0.3452418798717714,0.3361951968090367,0.009046683062734706,False
df190d2b7,BRD-K56104152-008-04-1,oxiconazole,bacterial cell wall synthesis inhibitor,0.3581671850742354,0.3234097373443456,0.03475744772988981,False
df1d0a5a1,BRD-K61665160-001-01-5,BYK-204165,PARP inhibitor,0.45967180118427575,0.35211154633691544,0.10756025484736031,False
df26c5aa0,BRD-K35589454-003-01-1,danegaptide,gap junction modulator,0.33553064269872923,0.2968441394391962,0.038686503259533045,False
df29b7f17,BRD-A73908300-001-06-7,EX-527,SIRT inhibitor,0.3495698525736058,0.29919862257533736,0.05037122999826843,False
df457e042,BRD-A94543220-001-24-7,bifonazole,sterol demethylase inhibitor,0.310472475941192,0.3065999113081443,0.0038725646330476926,False
df55822a3,BRD-K68164687-001-01-6,epothilone-b,"microtubule stabilizing agent, tubulin polymerization inhibitor",0.37516697161965745,0.36523005485249477,0.009936916767162685,False
df5a52005,BRD-K08619838-300-05-7,tremorine,acetylcholine receptor agonist,0.3567424996515207,0.35055344933628846,0.0061890503152322585,False
df5db255f,BRD-A64064900-001-02-3,sangivamycin,DNA inhibitor,0.38705488291880374,0.3560866693938032,0.030968213525000565,False
df89a8e5a,BRD-K01674964-300-06-3,histamine,histamine receptor agonist,0.3412426308735131,0.26996420605787036,0.07127842481564273,False
df994947f,BRD-K96424892-001-02-9,chloramphenicol-palmitate,protein synthesis inhibitor,0.287017370840865,0.25178588521455425,0.03523148562631073,False
df9c4c6af,BRD-K05236810-001-19-0,luteolin,glucosidase inhibitor,0.41602556053558454,0.3849090856540395,0.031116474881545064,False
dfde88183,BRD-K20001883-001-02-7,apabetalone,apolipoprotein expression enhancer,0.38386232948866184,0.3508749723173537,0.03298735717130813,False
dfe02f2db,BRD-K82746043-001-15-1,navitoclax,BCL inhibitor,0.5824421178771638,0.3879530228481976,0.19448909502896622,True
dffe673a4,BRD-A67862938-034-14-9,naftidrofuryl,adrenergic receptor antagonist,0.29551344172949373,0.2789532347924682,0.016560206937025534,False
e00f16ac8,BRD-K96042922-001-09-8,etanidazole,bacterial cell wall synthesis inhibitor,0.3446370157232303,0.3386631351668839,0.0059738805563464,False
e01990392,BRD-A14344385-001-03-2,IDRA-21,glutamate receptor positive allosteric modulator,0.516964144192702,0.46967593927135454,0.04728820492134744,True
e01e578bc,BRD-K56543881-001-02-7,ADX-47273,glutamate receptor modulator,0.3415911576743041,0.3172137640629078,0.024377393611396292,False
e051927fb,BRD-K15834839-001-02-3,lobendazole,anthelmintic agent,0.40160213775084397,0.370423666509482,0.03117847124136197,False
e063b1bdc,BRD-K41524689-001-23-5,paracetamol,cyclooxygenase inhibitor,0.37574240421359917,0.33058471207147583,0.04515769214212334,False
e06749542,BRD-K68392338-003-02-0,ZK-93426,benzodiazepine receptor antagonist,0.31500783694683054,0.2830523848974765,0.031955452049354016,False
e06eedef4,BRD-K36055864-001-19-2,cycloheximide,protein synthesis inhibitor,0.36943226058395273,0.2991534304230723,0.07027883016088043,False
e07c93ab7,BRD-K53523901-001-04-4,arctigenin,MEK inhibitor,0.3546279921975215,0.32737097259789505,0.027257019599626453,False
e07f26e20,BRD-K36386086-001-01-1,dolutegravir,HIV integrase inhibitor,0.38606655571407317,0.30230228418069827,0.0837642715333749,False
e08d2504e,BRD-K62374253-001-07-8,rufloxacin,bacterial DNA gyrase inhibitor,0.3234514383527987,0.2076914323987913,0.11576000595400743,False
e09b0f9e7,BRD-K96299080-001-02-7,neohesperidin,,0.35447019927251405,0.3518737559121169,0.0025964433603971604,False
e0cc7fd18,BRD-K03549949-001-01-0,XL388,mTOR inhibitor,0.37687413689542976,0.3594728217658637,0.017401315129566053,False
e0cd5c091,BRD-K76810206-001-08-1,nicergoline,adrenergic receptor antagonist,0.39169138497886363,0.38136798782562736,0.010323397153236269,False
e0e31724c,BRD-A31095847-001-02-3,mozavaptan,vasopressin receptor antagonist,0.39915354510547335,0.32677480524625846,0.07237873985921489,False
e0ef6e086,BRD-A78877355-001-03-0,nefopam,cyclooxygenase inhibitor,0.36255386534990147,0.2656922699579478,0.09686159539195366,False
e0fcffe6a,BRD-K34663752-001-09-1,6-chloromelatonin,melatonin receptor agonist,0.32895735397499276,0.31179264913251115,0.017164704842481615,False
e0fe86b6b,BRD-K13810148-311-03-2,givinostat,HDAC inhibitor,0.3910287320411249,0.32201547825504157,0.06901325378608336,False
e10a9c19b,BRD-A22032524-074-06-5,amlodipine,calcium channel blocker,0.3525731533639393,0.3352693524299328,0.01730380093400652,False
e11b783c0,BRD-K64178227-001-09-0,BTS,,0.38055743089916666,0.31795981477738167,0.062597616121785,False
e160a2b00,BRD-K08188887-001-02-4,astragaloside-a,antiinflammatory agent,0.3172914975043549,0.2949862758747205,0.022305221629634442,False
e16d18580,BRD-K07441213-001-18-9,paroxypropione,gonadotropin inhibitor,0.35020275410592033,0.3118175637642784,0.03838519034164195,False
e17a6f15e,BRD-K06181161-048-15-1,carbetapentane,acetylcholine receptor antagonist,0.3327088150705243,0.3181830796512017,0.014525735419322616,False
e17c7275e,BRD-K63630713-001-25-8,etacrynic-acid,sodium/potassium/chloride transporter inhibitor,0.31777252723641936,0.30517109174876506,0.0126014354876543,False
e18e086dc,BRD-K54606188-001-13-1,JQ1-(+),bromodomain inhibitor,0.3531225608985315,0.31082152457790213,0.04230103632062937,False
e191411ad,BRD-K54247840-004-01-3,halofuginone,collagenase inhibitor,0.34793039604796117,0.34680844524772186,0.001121950800239302,False
e1a0a81ec,BRD-K96055017-003-02-7,1-acetyl-4-methylpiperazine,acetylcholine receptor agonist,0.3715835405080997,0.3660747368813152,0.00550880362678452,False
e1b1ac327,BRD-K21718444-001-06-8,KW-2449,"Abl kinase inhibitor, Aurora kinase inhibitor, FLT3 inhibitor",0.31471005232537413,0.31105402758815087,0.0036560247372232624,False
e1efce54c,BRD-K02594908-001-16-4,sulfanilamide,carbonic anhydrase inhibitor,0.36931776502996083,0.34254182729160587,0.02677593773835496,False
e20a1c258,BRD-K67578145-001-12-1,GDC-0879,RAF inhibitor,0.42588379160599,0.4086916372518778,0.0171921543541122,False
e234cbb34,BRD-K04111260-001-10-0,raclopride,dopamine receptor antagonist,0.352941756978573,0.3051078494660904,0.04783390751248262,False
e23fb6c1c,BRD-K80451230-051-02-6,zamifenacin,acetylcholine receptor antagonist,0.37153786949253725,0.2972010376463712,0.07433683184616607,False
e24aea9c1,BRD-K85119730-001-28-9,tolbutamide,ATP channel blocker,0.32664788946492224,0.3016102476761322,0.025037641788790033,False
e25ac4fb1,BRD-K13302470-001-02-7,KY02111,Wnt pathway inhibitor,0.3930583823494288,0.3340485142054092,0.059009868144019595,False
e264a6107,BRD-K02407574-001-09-7,parbendazole,tubulin polymerization inhibitor,0.7150930767745535,0.6801657901175743,0.034927286656979195,True
e26639b1b,BRD-K59597909-001-17-6,phenothiazine,dopamine receptor antagonist,0.33610813594324807,0.3223434648936424,0.013764671049605659,False
e28179d7f,BRD-K13390322-001-06-3,AT-7519,CDK inhibitor,0.5483900637885469,0.5478182403997168,0.0005718233888301061,True
e29829cf4,BRD-K79711234-001-18-3,thiamphenicol,bacterial 50S ribosomal subunit inhibitor,0.4549002706682029,0.45474718044817525,0.00015309022002762962,False
e2b16c903,BRD-K59469039-001-08-0,tyrphostin-AG-879,tyrosine kinase inhibitor,0.36677875129825865,0.3513055997268016,0.015473151571457067,False
e2b513d9a,BRD-K08999871-213-01-5,pipemidic-acid,topoisomerase inhibitor,0.3513681005631865,0.3356562182240107,0.01571188233917581,False
e2eb1a821,BRD-K13050541-001-01-9,acivicin,gamma glutamyltransferase Inhibitors,0.36846870569560175,0.3105697861718009,0.05789891952380083,False
e2eb1d736,BRD-K66911501-003-01-2,MK-3207,calcitonin antagonist,0.2729285643910125,0.2500730256208668,0.022855538770145678,False
e30dcf933,BRD-K16542329-001-13-5,zaprinast,phosphodiesterase inhibitor,0.3425757829073169,0.3279042945614226,0.014671488345894268,False
e31e0a511,BRD-A49622760-001-01-9,faropenem,lactamase inhibitor,0.3692550939679219,0.3066305074929743,0.06262458647494756,False
e321de4e1,BRD-K89055274-048-22-7,alverine,muscle relaxant,0.3186938615885608,0.30749506130025933,0.011198800288301447,False
e32dcf60e,BRD-A48015106-004-08-9,8-hydroxy-DPAT,serotonin receptor agonist,0.3180668948800805,0.3075878425791223,0.010479052300958192,False
e34e2e544,BRD-A04252265-003-01-4,eperisone,acetylcholine receptor antagonist,0.3039819248663584,0.2766695275486737,0.0273123973176847,False
e3504b204,BRD-K68408467-065-01-8,proflavine-hemisulfate,topical anesthetic,0.3808352882415098,0.3316368445282359,0.04919844371327392,False
e3644ff0f,BRD-K02764365-001-13-6,methiazole,anthelmintic agent,0.703320873836828,0.6566063202179422,0.04671455361888577,True
e374ee33f,BRD-K26581543-001-01-6,bifendate,,0.39687891614776666,0.37130974325290594,0.025569172894860714,False
e3826b3de,BRD-K60997853-001-02-3,PHA-848125,"CDK inhibitor, growth factor receptor inhibitor",0.4228590811501321,0.34238666000673906,0.08047242114339304,False
e39f7a3d9,BRD-K20417253-001-01-9,oxiniacic-acid,,0.3669679888349343,0.3355547539233645,0.03141323491156983,False
e3a88c3f3,BRD-K24227647-364-01-5,TC2559,acetylcholine receptor agonist,0.3617952319446755,0.3364472806993641,0.025347951245311418,False
e3ab954cb,BRD-A74914197-001-02-9,pralatrexate,dihydrofolate reductase inhibitor,0.3486580349150301,0.3181867675125225,0.030471267402507607,False
e3b381912,BRD-K06181161-048-15-1,carbetapentane,acetylcholine receptor antagonist,0.2541992663113266,0.251289756876319,0.002909509435007618,False
e3c7cedf9,BRD-K28428262-001-04-1,brivanib,"FGFR inhibitor, VEGFR inhibitor",0.33767632751898297,0.3244980763860972,0.013178251132885788,False
e3d6c3733,BRD-K74763371-002-04-0,bosentan,endothelin receptor antagonist,0.40552362599136155,0.3878260779822751,0.01769754800908646,False
e3d9d000d,BRD-K67566344-001-07-5,ku-0063794,mTOR inhibitor,0.5081987882000768,0.501654194410111,0.006544593789965747,True
e3e768009,BRD-K25015158-001-01-2,limaprost-alfadex,prostanoid receptor agonist,0.33263110750342384,0.3167438152930148,0.01588729221040902,False
e3f0ddacc,BRD-K71075609-003-01-0,dorzolamide,carbonic anhydrase inhibitor,0.4281856034612789,0.39088784702780244,0.03729775643347644,False
e3fe7b417,BRD-K74305673-001-06-2,IKK-2-inhibitor-V,"IKK inhibitor, NFkB pathway inhibitor",0.44898685909098235,0.4168715687444252,0.032115290346557135,False
e40153dde,BRD-A93964801-003-03-3,clinafloxacin,bacterial DNA gyrase inhibitor,0.3620325990349968,0.35772942802343544,0.0043031710115613575,False
e41614658,BRD-K89014967-001-04-3,AS-703026,MEK inhibitor,0.6725125444040853,0.6595946510632086,0.012917893340876674,True
e41f6c48c,BRD-K60369935-001-18-3,ribavirin,antiviral,0.3504051678552707,0.31875631542369415,0.03164885243157656,False
e4363bc6a,BRD-K53397409-001-12-3,benzoic-acid,food preservative,0.32872483237250877,0.3183438693757762,0.010380962996732579,False
e44007061,BRD-A71774530-001-05-9,lufenuron,chitin inhibitor,0.4222131442243689,0.29572786047251565,0.12648528375185325,False
e444f38b6,BRD-K18910433-001-43-2,estradiol,estrogen receptor agonist,0.32172206853980356,0.31584210276107755,0.005879965778726015,False
e44cc3d92,BRD-A48720949-001-04-0,testosterone-propionate,androgen receptor agonist,0.41157653597383764,0.3326481499753594,0.07892838599847823,False
e45ad489d,BRD-K33720171-001-01-0,difluprednate,glucocorticoid receptor agonist,0.5155735551989323,0.49291911998101795,0.02265443521791438,True
e4751b544,BRD-K73394555-237-01-1,oxolinic-acid,bacterial DNA gyrase inhibitor,0.339726169574106,0.3238119880590369,0.015914181515069126,False
e479d920b,BRD-K41024817-325-01-0,4-phenolsulfonic-acid,,0.38959686312991315,0.3378295309824987,0.05176733214741447,False
e47f7aefb,BRD-K42748308-300-02-0,XE-991,potassium channel blocker,0.358043647270135,0.34803195044907087,0.01001169682106412,False
e4c68cd75,BRD-K69035426-001-01-3,omeprazole-sulfide,ATPase inhibitor,0.355759816248515,0.29440986617132764,0.061349950077187354,False
e4ce4839c,BRD-K84683831-001-01-0,radezolid,"bacterial 30S ribosomal subunit inhibitor, bacterial 50S ribosomal subunit inhibitor",0.5467563648351944,0.49530889847924975,0.05144746635594466,True
e4dd7268c,BRD-K77771411-003-10-7,moxonidine,imidazoline receptor agonist,0.37015986149878993,0.3363675108058296,0.03379235069296033,False
e5000d4d1,BRD-A43435802-001-02-0,mercaptosuccinic-acid,,0.43621809165984904,0.3791061217681127,0.057111969891736336,False
e53bd9396,BRD-K96714749-001-01-0,isobutamben,local anesthetic,0.3332745310460131,0.3251753392646868,0.008099191781326343,False
e54290f0a,BRD-K56735750-001-06-8,carbadox,other antibiotic,0.28996247936618,0.2696044314635104,0.02035804790266965,False
e56d07ab5,BRD-K02594908-001-16-4,sulfanilamide,carbonic anhydrase inhibitor,0.34185347252316867,0.3131056471794472,0.028747825343721445,False
e5701c2df,BRD-K13183738-317-10-2,pentamidine,anti-pneumocystis agent,0.381039448690431,0.30738459938102874,0.07365484930940225,False
e572e62e2,BRD-K51770398-001-01-9,JNJ-17203212,TRPV antagonist,0.2888387019244276,0.263055136705067,0.025783565219360594,False
e57f7453e,BRD-A64698388-003-01-7,levo-phencynonate,acetylcholine receptor antagonist,0.3421035568251123,0.34017826716883337,0.0019252896562789168,False
e5922d23c,BRD-K31627533-001-09-5,rimexolone,glucocorticoid receptor agonist,0.4093435537170067,0.4067032966491994,0.0026402570678072945,False
e5b84d23b,BRD-K14880289-001-02-2,GW-501516,PPAR receptor agonist,0.2827212681876797,0.2733147284653987,0.009406539722280949,False
e5c5c54e7,BRD-K13044802-213-20-7,ciclopirox,membrane integrity inhibitor,0.5346389274313196,0.4687557518023772,0.06588317562894236,True
e5e3e1b93,BRD-K91301684-003-05-5,noscapine,"bradykinin receptor antagonist, tubulin polymerization inhibitor",0.3643977572480235,0.35482728918846795,0.009570468059555526,False
e60c7b841,BRD-K61036791-001-01-6,rucinol,tyrosinase inhibitor,0.2828312271000514,0.2771236792527161,0.0057075478473352925,False
e60f6df53,BRD-K64925568-001-01-8,AMG-232,MDM inhibitor,0.3320176958559737,0.3250610563218652,0.006956639534108466,False
e610a38d4,BRD-K68395654-001-03-1,EVP4593,NFkB pathway inhibitor,0.3681852116414773,0.33450165000278986,0.03368356163868741,False
e6133b664,BRD-K72327355-001-14-7,baicalein,lipoxygenase inhibitor,0.336994537240215,0.33099906584447286,0.005995471395742136,False
e61b0efb9,BRD-K42959922-001-01-5,trans-2-Undecenoic-acid,,0.3469262741008986,0.3069630399822885,0.03996323411861008,False
e62689392,BRD-A96407378-001-15-1,allantoin,cosmetic,0.3288999418633056,0.2955312834659917,0.0333686583973139,False
e630199d8,BRD-K00521308-019-01-9,ATN-161,integrin antagonist,0.3819408564717914,0.34730300788421065,0.03463784858758073,False
e639c2fc8,BRD-K09090523-001-02-1,firocoxib,cyclooxygenase inhibitor,0.34066879424129987,0.31369668174234894,0.02697211249895093,False
e64f69ccc,BRD-K71266197-236-02-7,PSB-06126,NTPDase inhibitor,0.37052105603761815,0.2901231311960281,0.08039792484159003,False
e651aad68,BRD-K78496197-001-03-9,SCS,,0.3546705904915763,0.31873023102289516,0.03594035946868113,False
e66734551,BRD-K04414442-001-08-3,SB-222200,tachykinin antagonist,0.3535266635686461,0.3470826384038027,0.006444025164843381,False
e66896455,BRD-A92439610-001-05-7,triamcinolone-acetonide,"glucocorticoid receptor agonist, immunosuppressant",0.5046287413488456,0.49851624825692886,0.006112493091916749,True
e66a8b138,BRD-K63430059-001-17-2,methoxsalen,DNA synthesis inhibitor,0.3511867723341901,0.28699324723108244,0.06419352510310766,False
e676489d0,BRD-K40797222-001-01-8,SC-12267,dihydroorotate dehydrogenase inhibitor,0.3761026093809263,0.3226806891836269,0.05342192019729941,False
e68774cb2,BRD-K11244467-001-08-5,ambazone,DNA damage inducer,0.3093478347330704,0.30800728996620647,0.0013405447668639603,False
e68b58a8f,BRD-K08837089-236-01-6,actinoquinol,,0.3535033434912512,0.31714411044021623,0.036359233051034945,False
e6b66c051,BRD-K47878171-086-06-0,bephenium-hydroxynaphthoate,anthelmintic agent,0.3104307886074723,0.2938708026273419,0.01655998598013042,False
e6b7b845f,BRD-A96456596-001-02-2,FPL-55712,leukotriene receptor antagonist,0.34005100769573443,0.32681225156800925,0.013238756127725182,False
e6c9f05e5,BRD-K57371763-001-01-7,fidaxomicin,RNA polymerase inhibitor,0.3678021504776969,0.3084805215300101,0.05932162894768678,False
e6cd1235b,BRD-K21160401-065-01-0,dextroamphetamine,monoamine oxidase inhibitor,0.34616124096928946,0.3416370656882131,0.004524175281076348,False
e6cd67235,BRD-K47195926-001-06-6,acedoben,,0.367496367406212,0.32886188648907705,0.03863448091713495,False
e6fb2ae95,BRD-K13810148-311-03-2,givinostat,HDAC inhibitor,0.4307473658401782,0.3791481096016778,0.051599256238500424,False
e706cbe5f,BRD-K14880289-001-02-2,GW-501516,PPAR receptor agonist,0.34753190354237096,0.3194458456954637,0.028086057846907264,False
e71f3a8b8,BRD-K72915123-001-18-1,cinchophen,analgesic agent,0.35593862710742824,0.28738854915438994,0.0685500779530383,False
e73eada2f,BRD-K51575138-001-13-2,TPCA-1,IKK inhibitor,0.34238427391597126,0.32347542012643976,0.0189088537895315,False
e73f634b2,BRD-K64400208-001-08-3,DNQX,glutamate receptor antagonist,0.3350551942671643,0.3050849752801791,0.02997021898698521,False
e75e1b3e0,BRD-K40782193-003-02-9,QX-222,sodium channel blocker,0.38353254155188166,0.35769335843237526,0.025839183119506393,False
e75e2b61a,BRD-K40109029-001-02-9,SB-505124,ALK tyrosine kinase receptor inhibitor,0.31745120631240187,0.29989338810483984,0.017557818207562026,False
e776d5a4e,BRD-A44008656-036-25-8,doxylamine,histamine receptor antagonist,0.29432896216230064,0.28542837252329145,0.008900589639009193,False
e78c48114,BRD-A08545410-003-08-6,doxycycline,metalloproteinase inhibitor,0.35714643180098615,0.35343032848453093,0.0037161033164552215,False
e7b414c12,BRD-A70083328-001-23-5,secnidazole,"acetylcholinesterase inhibitor, microtubule inhibitor",0.3242376574562364,0.3159718186782038,0.008265838778032608,False
e7f466249,BRD-K59436580-001-01-7,tedizolid,bacterial 50S ribosomal subunit inhibitor,0.36002618822318744,0.33845512312399717,0.021571065099190267,False
e80240e24,BRD-K36862742-001-25-6,hydroflumethiazide,sodium/potassium/chloride transporter inhibitor,0.34503711994124636,0.30491054695597336,0.040126572985273,False
e81580d3e,BRD-K93618743-001-21-0,ipriflavone,bone resorption inhibitor,0.31373472716113926,0.3109287246574328,0.0028060025037064396,False
e81a25b0d,BRD-K96714749-001-01-0,isobutamben,local anesthetic,0.3969263346009083,0.3487281897302048,0.04819814487070351,False
e82115bdb,BRD-A49906757-004-09-8,scopolamine-n-oxide,acetylcholine receptor antagonist,0.31677203249031405,0.30323900537241943,0.013533027117894614,False
e8308db24,BRD-K97045029-001-04-3,pranlukast,leukotriene receptor antagonist,0.39663378298102453,0.3593170153669897,0.03731676761403485,False
e852bc8e7,BRD-A65597028-003-07-3,RX-821002,adrenergic receptor antagonist,0.4040409080058514,0.3722399255672053,0.0318009824386461,False
e86f171c7,BRD-K55512740-001-01-6,MK-8033,c-Met inhibitor,0.4453367618397836,0.3482199825290935,0.09711677931069013,False
e884dc1e8,BRD-K50000283-001-04-4,PHA-767491,CDC inhibitor,0.37974130562264846,0.3617040204389489,0.01803728518369957,False
e8a8c4465,BRD-K72327355-001-14-7,baicalein,lipoxygenase inhibitor,0.3659203459689744,0.34315360529387506,0.022766740675099317,False
e8daf49ca,BRD-K64800655-001-07-4,PHA-793887,CDK inhibitor,0.3860618783524113,0.349358091235365,0.036703787117046305,False
e8f0cccd6,BRD-K82746043-001-15-1,navitoclax,BCL inhibitor,0.38677960563383934,0.3127623842031822,0.07401722143065714,False
e8f9bb247,BRD-K49049886-001-08-7,CGS-15943,adenosine receptor antagonist,0.33066090878549215,0.32169729381346196,0.008963614972030187,False
e8f9d8c5a,BRD-K15164005-001-05-6,apoptosis-activator-II,carboxylesterase inhibitor,0.35632178346704935,0.3184013660007634,0.03792041746628594,False
e96e630c0,BRD-K55462201-001-07-3,AM-404,"cyclooxygenase inhibitor, FAAH inhibitor, TRPV antagonist",0.37477110899449906,0.3410257048002698,0.03374540419422928,False
e989a62f1,BRD-K37289225-001-36-4,clozapine,"dopamine receptor antagonist, serotonin receptor antagonist",0.3311276206648078,0.2672691799476446,0.06385844071716318,False
e994cfd02,BRD-A38218502-001-01-2,metenkephalin,immunostimulant,0.33088242010691327,0.3141405970262686,0.016741823080644647,False
e99c149b5,BRD-K73251053-003-22-2,clorgiline,monoamine oxidase inhibitor,0.4006553264921085,0.3157351481157607,0.0849201783763478,False
e9b1fef88,BRD-A00147595-001-01-5,balaglitazone,"insulin sensitizer, PPAR receptor partial agonist",0.2951204961627192,0.28659441849321365,0.008526077669505527,False
e9b5faf16,BRD-K95053546-001-01-9,tempol,free radical scavenger,0.4047670817313794,0.3835127355611614,0.021254346170217986,False
e9c0d9cd8,BRD-K36198571-001-02-0,WAY-170523,metalloproteinase inhibitor,0.31814405935820866,0.2896338988812368,0.028510160476971858,False
e9ce48593,BRD-K14920963-304-02-7,erythrosine,coloring agent,0.37942363764604137,0.3576083000060626,0.021815337639978782,False
e9db75952,BRD-K32405725-001-02-8,etomoxir,carnitine palmitoyltransferase inhibitor,0.31143676645567864,0.2823390185631944,0.02909774789248426,False
e9e7f3076,BRD-K39974922-001-04-3,lenvatinib,"FGFR inhibitor, KIT inhibitor, PDGFR tyrosine kinase receptor inhibitor, VEGFR inhibitor",0.5236359381217007,0.4869318673980099,0.03670407072369081,True
e9f557514,BRD-K12184916-001-15-4,NVP-BEZ235,"mTOR inhibitor, PI3K inhibitor",0.47477889855526834,0.4415916916155129,0.03318720693975541,False
e9fc1a8ac,BRD-K97963946-001-01-3,EMD-1214063,hepatocyte growth factor receptor inhibitor,0.3535597630664576,0.3347437713950489,0.018815991671408683,False
ea039e7b3,BRD-A05515753-001-03-2,erdosteine,mucolytic agent,0.3237754442568208,0.2886964872842792,0.0350789569725416,False
ea10f36e5,BRD-K70610771-001-02-9,VX-222,HCV inhibitor,0.3073596942482445,0.30346487654623033,0.003894817702014164,False
ea17d0e03,BRD-K95581532-001-01-5,RN-1734,TRPV antagonist,0.39029551285273206,0.34767473870114607,0.042620774151585994,False
ea2734432,BRD-A73871920-236-03-6,nanchangmycin,other antibiotic,0.40844756602713717,0.38545532151355416,0.022992244513583004,False
ea279f726,BRD-K37289225-001-36-4,clozapine,"dopamine receptor antagonist, serotonin receptor antagonist",0.37086481856049536,0.3579200453905336,0.012944773169961732,False
ea2b5af80,BRD-K11640013-236-10-1,sulfamethazine,PABA antagonist,0.29833907468836574,0.28677115019119925,0.011567924497166482,False
ea4fdaa0b,BRD-K52397688-003-06-4,amperozide,dopamine receptor antagonist,0.40646776518992506,0.34769819031697435,0.0587695748729507,False
ea5300385,BRD-K60984070-001-01-0,PD-166793,"collagenase inhibitor, metalloproteinase inhibitor",0.373368946772221,0.32016669171598294,0.053202255056238046,False
ea54815a3,BRD-A01098288-001-02-9,azelnidipine,calcium channel blocker,0.3288407860071903,0.3237033024808648,0.0051374835263254814,False
ea5688c84,BRD-K14395568-001-16-3,NECA,adenosine receptor agonist,0.3206481552936806,0.296572503161911,0.024075652131769598,False
ea5e94e23,BRD-K27135764-001-08-7,xanthone,antimalarial agent,0.35370212039463617,0.34348652057076967,0.010215599823866495,False
ea688452f,BRD-K04956647-003-02-5,nebivolol,adrenergic receptor antagonist,0.34240248810646084,0.31405890645309326,0.02834358165336759,False
ea6a9bd66,BRD-K14116214-001-09-6,sulfamonomethoxine,bacterial antifolate,0.3858142051590435,0.35622156976096053,0.02959263539808299,False
ea8db5dd6,BRD-K04430056-001-17-7,7-nitroindazole,nitric oxide synthase inhibitor,0.4041431286448874,0.3758216222355149,0.028321506409372477,False
ea8ed8051,BRD-K88219015-001-10-8,asaraldehyde,cyclooxygenase inhibitor,0.38844413799967725,0.32322816185590125,0.065215976143776,False
ea95f5d40,BRD-A08840375-001-01-3,CID-5458317,MAP kinase phosphatase inhibitor,0.400825934430633,0.35288251373071716,0.04794342069991586,False
eaa3d098e,BRD-K67525671-001-02-5,ZK-200775,kainate receptor antagonist,0.426653833118279,0.342391695872459,0.08426213724581999,False
eabf61af2,BRD-A09062839-003-10-0,amyleine,local anesthetic,0.330720461481624,0.2885641391863818,0.04215632229524219,False
eac32b0ef,BRD-K93176058-001-03-6,AC-55649,retinoid receptor agonist,0.3963789429509152,0.3726709287189621,0.023708014231953067,False
eac5c838f,BRD-K04430056-236-02-1,7-nitroindazole,nitric oxide synthase inhibitor,0.29895142816932235,0.29757253565578595,0.0013788925135364005,False
eac8bbb7f,BRD-K46731503-050-01-8,fesoterodine,acetylcholine receptor antagonist,0.36879855613933527,0.2775063449921436,0.09129221114719166,False
eacb563b3,BRD-K91370081-001-25-1,anisomycin,DNA synthesis inhibitor,0.3085861762459496,0.29701304206329066,0.011573134182658928,False
eacea8039,BRD-K21680192-300-14-4,mitoxantrone,topoisomerase inhibitor,0.36053305056751217,0.35074548246479925,0.009787568102712918,False
eacee102c,BRD-K93034159-001-25-8,cladribine,"adenosine deaminase inhibitor, ribonucleotide reductase inhibitor",0.4296396893643644,0.42492109424798896,0.004718595116375457,False
eaf243b69,BRD-K85015012-003-02-9,NNC-05-2090,"GABA uptake inhibitor, GAT inhibitor",0.3658293876132359,0.3496547501040226,0.01617463750921333,False
eaf28d695,BRD-K10974103-001-21-1,diloxanide,protein synthesis inhibitor,0.32687152012106246,0.31644887725800086,0.010422642863061604,False
eaf8f4051,BRD-K96714749-001-01-0,isobutamben,local anesthetic,0.3654550387044247,0.28852351714015156,0.07693152156427313,False
eb1abad45,BRD-K07955840-001-02-3,PF-05212384,"mTOR inhibitor, PI3K inhibitor",0.39110897636689324,0.3790240156938172,0.012084960673076017,False
eb1e0300a,BRD-K97440753-066-18-1,dihydroergocristine,"adrenergic receptor antagonist, prolactin inhibitor",0.38004712327049095,0.36631193203169854,0.01373519123879241,False
eb2f04575,BRD-K02130563-001-11-4,panobinostat,HDAC inhibitor,0.5063614278536728,0.448432289733765,0.0579291381199078,True
eb3142243,BRD-K06388322-312-02-6,pramipexole,dopamine receptor agonist,0.3639166759431648,0.3486573939305999,0.015259282012564879,False
eb56effe8,BRD-K88560311-011-06-3,rucaparib,PARP inhibitor,0.2967819344226434,0.29268207778539823,0.004099856637245158,False
eb9449a92,BRD-K33743361-003-02-6,ML133,potassium channel blocker,0.3526101078732111,0.32536059099662995,0.02724951687658117,False
eb98dcd19,BRD-K88186167-001-04-8,GW-4064,FXR agonist,0.3690781710956198,0.3161676952471017,0.0529104758485181,False
ebba7c66f,BRD-K92613113-066-02-7,safinamide,"dopamine uptake inhibitor, glutamate inhibitor, monoamine oxidase inhibitor",0.3766969541508378,0.36559829128225013,0.011098662868587683,False
ec02e96a8,BRD-K52075715-001-06-7,oxibendazole,tubulin polymerization inhibitor,0.5874213759949202,0.5769172433949218,0.010504132599998384,True
ec05ebd4d,BRD-K17061841-001-03-5,stattic,,0.5093025610753573,0.3631255653454893,0.14617699572986803,True
ec41848ef,BRD-K91495480-001-02-2,AGP-103,membrane permeability inhibitor,0.4320748479023834,0.3679785300842809,0.06409631781810249,False
ec758a51f,BRD-A92439610-001-05-7,triamcinolone-acetonide,"glucocorticoid receptor agonist, immunosuppressant",0.37135214037419245,0.28908128576717146,0.082270854607021,False
ec9e1ae6e,BRD-K86435560-001-01-0,perchlozone,,0.29365989581797675,0.2689666693907304,0.024693226427246362,False
eca05dee9,BRD-K18673820-001-15-5,folic-acid,folate receptor ligand,0.31020495702526385,0.2923698057004459,0.017835151324817944,False
ecb123db2,BRD-A11070335-236-02-1,carbazochrome,,0.34918290540496405,0.3360776992205547,0.013105206184409357,False
ece75cd4b,BRD-K93767137-001-01-1,oseltamivir-carboxylate,neuraminidase inhibitor,0.36786120155953334,0.345509692204899,0.022351509354634314,False
ecf3b6b74,BRD-K65856711-001-04-4,rolipram-S(+),phosphodiesterase inhibitor,0.3221487618501235,0.29485485403483586,0.02729390781528762,False
ed056dede,BRD-K11756522-001-09-9,furazolidone,bacterial DNA inhibitor,0.3470510830516002,0.34584060811339684,0.0012104749382033653,False
ed092dc8d,BRD-K87510569-001-02-8,RS-504393,CC chemokine receptor antagonist,0.3577864452927734,0.35361657072778613,0.004169874564987297,False
ed2223aa5,BRD-K51333959-003-01-3,siramesine,sigma receptor antagonist,0.38399050460264966,0.35995884667437605,0.02403165792827361,False
ed3999b02,BRD-K30431096-004-01-3,domiphen,,0.3262866157934431,0.31820271306043124,0.00808390273301185,False
ed3ec2f36,BRD-K83551379-001-02-6,levodropropizine,antitussive,0.4088521019387576,0.35241956673054853,0.05643253520820907,False
ed4c86647,BRD-K17702546-001-03-2,PD-168393,EGFR inhibitor,0.5324209275627021,0.5152209019715817,0.017200025591120438,True
ed4e951ad,BRD-K69116396-001-04-1,sertindole,"dopamine receptor antagonist, serotonin receptor antagonist",0.3449237575887384,0.32792912851583766,0.016994629072900724,False
ed5706da4,BRD-K39915878-036-24-4,loxapine,"dopamine receptor antagonist, serotonin receptor antagonist",0.3218799570124745,0.31359864062251297,0.008281316389961546,False
ed573f5a2,BRD-A28958257-001-01-2,centpropazine,inositol monophosphatase inhibitor,0.35126669889337037,0.3251098086124095,0.026156890280960854,False
ed64cad3a,BRD-A01636364-003-15-1,bupivacaine,sodium channel blocker,0.4282841966849656,0.314936684335248,0.11334751234971757,False
ed70316b5,BRD-K58466253-003-14-0,palmatine-chloride,dopamine synthesis inhibitor,0.33918118875626,0.3063861921285624,0.03279499662769764,False
ed81f4046,BRD-K92723993-001-06-7,imatinib,"Bcr-Abl kinase inhibitor, KIT inhibitor, PDGFR tyrosine kinase receptor inhibitor",0.47732806932096783,0.42790262040679466,0.049425448914173165,False
ed85431dc,BRD-K21867462-001-02-9,GSK2816126,histone lysine methyltransferase inhibitor,0.33208845215855975,0.3111580722213057,0.02093037993725405,False
ede646bcc,BRD-A00100033-001-08-9,nifurtimox,DNA inhibitor,0.357808284434448,0.28444258995371935,0.07336569448072866,False
edfc36f0e,BRD-M39350793-334-01-1,reboxetine,adrenergic receptor antagonist,0.38267029793666235,0.3654960686714546,0.01717422926520773,False
ee0b23cea,BRD-A83802939-304-04-2,dexamethasone-sodium-phosphate,glucocorticoid receptor agonist,0.5224437745019552,0.49150513220583086,0.030938642296124363,True
ee24bf4a9,BRD-K13486660-001-01-0,sulfacarbamide,,0.32436918422374805,0.2982375515182937,0.026131632705454377,False
ee2b4b2d5,BRD-K39160765-003-02-9,4-chlorophenylguanidine,urokinase inhibitor,0.3977862150825811,0.358574554970625,0.03921166011195609,False
ee3e875a5,BRD-A02710418-003-11-8,meptazinol,opioid receptor agonist,0.31217633717603055,0.2910774611097916,0.021098876066238947,False
ee45da161,BRD-K73469236-001-01-8,nedaplatin,DNA inhibitor,0.35376096878238217,0.33996568618489564,0.013795282597486525,False
ee806f8a1,BRD-K49962337-001-01-1,baicalin,beta glucuronidase inhibitor,0.39929990424114437,0.324927366596348,0.07437253764479634,False
ee812fc85,BRD-K61567297-001-01-9,resatorvid,toll-like receptor antagonist,0.315407361317532,0.2934934546179377,0.02191390669959431,False
ee8ba3370,BRD-K58648841-001-04-7,cresopirine,,0.34649227376954894,0.33819947265155714,0.0082928011179918,False
ee919977f,BRD-A48237631-001-04-8,mitomycin-c,"DNA alkylating agent, DNA synthesis inhibitor",0.42489906213514744,0.3979974432445725,0.026901618890574963,False
eeb70f95b,BRD-K36016295-001-04-5,KU-60019,ATM kinase inhibitor,0.31816540253733433,0.30411505121266597,0.014050351324668364,False
eec3f15e1,BRD-K98795921-001-01-7,SB-2343,"mTOR inhibitor, PI3K inhibitor",0.35608458777722474,0.34331631375024646,0.012768274026978277,False
eecc6a289,BRD-K63169195-001-01-5,U-0124,MEK inhibitor,0.38163179004377185,0.3392826454862212,0.04234914455755062,False
eecfc72b8,BRD-K22662435-001-18-3,ganciclovir,DNA polymerase inhibitor,0.4244618509643849,0.40524351106394774,0.019218339900437142,False
eedf61c16,BRD-K13619941-213-01-8,aceglutamide,,0.4484272952914884,0.41746415662875236,0.030963138662736034,False
eef00a2d4,BRD-K12762134-001-06-2,XAV-939,tankyrase inhibitor,0.33615409454745515,0.29104047925848664,0.04511361528896851,False
eefd02544,BRD-K66538826-001-07-2,amuvatinib,"FLT3 inhibitor, KIT inhibitor, PDGFR tyrosine kinase receptor inhibitor, RAD51 inhibitor, RET tyrosine kinase inhibitor",0.3517454032246158,0.3269239738274168,0.024821429397199002,False
ef4e67d99,BRD-K07762753-001-04-4,aminopurvalanol-a,"CDK inhibitor, tyrosine kinase inhibitor",0.31276666730586383,0.2907502056154589,0.022016461690404943,False
ef8863aaf,BRD-K19540840-001-09-4,saracatinib,src inhibitor,0.5647329796087148,0.5519005216178225,0.012832457990892276,True
ef8b7fe07,BRD-K92446736-003-02-2,zatebradine,HCN channel blocker,0.3970790112308185,0.3377733831933411,0.05930562803747741,False
efa4a3106,BRD-K24603946-001-02-1,5-hydroxymethyl-tolterodine,acetylcholine receptor antagonist,0.3396385571612224,0.32368087620307595,0.015957680958146425,False
efb055112,BRD-K26325692-003-01-3,API-001,sigma receptor antagonist,0.34676628220582406,0.3186308577976134,0.028135424408210652,False
efb9cd36b,BRD-A13084692-001-17-3,troglitazone,"insulin sensitizer, PPAR receptor agonist",0.31940676937435103,0.3125721410399655,0.0068346283343855285,False
efd75da04,BRD-K19309090-300-05-5,SR-95639A,acetylcholine receptor agonist,0.3246279214226384,0.31051185843461265,0.014116062988025757,False
efd859187,BRD-K66850609-001-07-4,voglibose,glucosidase inhibitor,0.4029808997448865,0.3670600254796253,0.03592087426526119,False
efd921628,BRD-K55305701-001-01-2,SC-144,P glycoprotein inhibitor,0.4872928184445463,0.4812793356055586,0.006013482838987727,False
eff33f208,BRD-K29905972-001-06-3,axitinib,"PDGFR tyrosine kinase receptor inhibitor, VEGFR inhibitor",0.3719300227431861,0.35793325526120245,0.01399676748198364,False
f007bd74e,BRD-K28965160-001-01-1,BVD-523,MAP kinase inhibitor,0.7093335706963604,0.6733419055589933,0.03599166513736707,True
f01653855,BRD-K44309363-003-02-1,dexniguldipine,calmodulin antagonist,0.3945630609086589,0.336992666162912,0.05757039474574688,False
f0230d2df,BRD-K84564571-001-02-4,telatinib,"KIT inhibitor, PDGFR tyrosine kinase receptor inhibitor, VEGFR inhibitor",0.6267476792483906,0.5688145558835437,0.057933123364846906,True
f03649630,BRD-A65145453-001-06-1,ATPA,glutamate receptor agonist,0.3194055537551674,0.30022914325532934,0.019176410499838037,False
f062be76d,BRD-K48894757-001-01-8,laropiprant,prostanoid receptor antagonist,0.3106737812698669,0.2875120781417989,0.02316170312806798,False
f0722000e,BRD-K78781788-003-01-9,barnidipine,calcium channel blocker,0.3251876656743329,0.30389832240830983,0.021289343266023053,False
f075195b5,BRD-A58048407-001-18-8,nimodipine,calcium channel blocker,0.3083060521063432,0.29182349180134504,0.016482560304998173,False
f0997edc7,BRD-K06557128-001-07-0,voriconazole,cytochrome P450 inhibitor,0.3787556424530892,0.33711333311412867,0.041642309338960515,False
f0ae14edc,BRD-A51571244-001-01-9,hypoestoxide,IKK inhibitor,0.2804228395524315,0.26537539286807627,0.015047446684355259,False
f0b593426,BRD-K82091397-001-03-0,SB-239063,p38 MAPK inhibitor,0.36381141034071995,0.3538786780966869,0.009932732244033071,False
f0b6d359a,BRD-K06408664-001-03-5,fludrocortisone-acetate,,0.4079691911241525,0.336144500321426,0.07182469080272647,False
f0bb2c04c,BRD-K14711741-001-02-1,PF-4708671,ribosomal protein inhibitor,0.3627618422963031,0.3565347411080964,0.006227101188206685,False
f0c8c7276,BRD-K36016295-001-04-5,KU-60019,ATM kinase inhibitor,0.3422095610646847,0.32079726545081344,0.021412295613871257,False
f0d1b8dbc,BRD-K75506300-001-01-6,NPS-2143,calcium receptor antagonist,0.3353192062153468,0.31984520642383607,0.015473999791510706,False
f0d517b3a,BRD-K54330070-001-15-4,SB-202190,p38 MAPK inhibitor,0.32756958139357145,0.29107267072390697,0.036496910669664484,False
f0ef454d1,BRD-K77627880-001-04-0,A205804,ICAM1 expression inhibitor,0.35787848868001376,0.3553711975534468,0.002507291126566946,False
f10de4b89,BRD-K29322660-001-01-9,edoxaban,coagulation factor inhibitor,0.32093602983634123,0.2917817586221271,0.029154271214214156,False
f1441e94d,BRD-K41445866-001-18-8,alfaxalone,"chloride channel agonist, benzodiazepine receptor agonist",0.3291235490365321,0.30151210841888443,0.027611440617647698,False
f149ad4e5,BRD-A80213327-305-08-3,NSC-23766,Ras GTPase inhibitor,0.31911307246216725,0.3153945755256533,0.0037184969365139375,False
f160c9fda,BRD-A93353767-008-02-2,isoconazole,fungal lanosterol demethylase inhibitor,0.3224710947172706,0.3209397336531542,0.0015313610641163877,False
f1766a962,BRD-K68870568-066-01-5,flumatinib,Bcr-Abl kinase inhibitor,0.41152505048902743,0.3660915782778496,0.04543347221117783,False
f177818ea,BRD-A19195498-050-14-1,trimipramine,"norepinephrine reputake inhibitor, tricyclic antidepressant",0.36195998816591607,0.34017881592163957,0.021781172244276503,False
f17c382a6,BRD-K69726342-238-02-4,atorvastatin,HMGCR inhibitor,0.33067651469157894,0.3279464590376191,0.0027300556539598397,False
f19d8c43b,BRD-K28965160-001-01-1,BVD-523,MAP kinase inhibitor,0.5117481982792744,0.47165930279049595,0.040088895488778475,True
f1bf7b477,BRD-K13819402-003-10-2,desoxypeganine,"acetylcholinesterase inhibitor, monoamine oxidase inhibitor",0.40930262647517524,0.3333787685636488,0.07592385791152645,False
f1d7e6d5e,BRD-K23190681-001-01-1,AV-412,protein tyrosine kinase inhibitor,0.6289587095156347,0.548747739303778,0.08021097021185675,True
f1df4d3b5,BRD-K64890080-001-13-8,BI-2536,PLK inhibitor,0.5901366837837294,0.474304848790323,0.11583183499340644,True
f2110ecd7,BRD-K20958582-001-01-4,TH-302,DNA alkylating agent,0.5772896983195432,0.574423239548972,0.002866458770571234,True
f2171f9a7,BRD-K91495480-001-02-2,AGP-103,membrane permeability inhibitor,0.3475682365458096,0.33784330698535875,0.009724929560450846,False
f222b48dc,BRD-K91509126-001-23-6,piceatannol,SYK inhibitor,0.4326704475315502,0.3861928804949762,0.04647756703657402,False
f228f319c,BRD-K13662825-001-07-5,dinaciclib,CDK inhibitor,0.36046624417203393,0.33642661726109824,0.024039626910935696,False
f22c8afa0,BRD-A38218502-001-01-2,metenkephalin,immunostimulant,0.4004642913479989,0.3919842739925454,0.008480017355453506,False
f2558bc54,BRD-K15179513-001-03-4,NVP-ADW742,insulin growth factor receptor inhibitor,0.46997009778028903,0.39810988453625507,0.07186021324403397,False
f25e67be6,BRD-K15164005-001-05-6,apoptosis-activator-II,carboxylesterase inhibitor,0.26557753808064455,0.24287920997113463,0.02269832810950992,False
f285ab8e0,BRD-K08864679-001-02-2,fexaramine,FXR agonist,0.35056965325046596,0.35008999444258315,0.0004796588078828101,False
f28dee1cd,BRD-K72462751-001-02-7,C-1,protein kinase inhibitor,0.43281295209794746,0.3365910523152934,0.09622189978265405,False
f2b81ca2e,BRD-K41260949-236-16-8,valproic-acid,HDAC inhibitor,0.32457496523744434,0.2930561162348981,0.031518849002546256,False
f2c8faae3,BRD-K13819402-003-10-2,desoxypeganine,"acetylcholinesterase inhibitor, monoamine oxidase inhibitor",0.29984357288975916,0.2770389951206756,0.022804577769083567,False
f2cc15da6,BRD-A93236127-001-04-5,digitoxin,ATPase inhibitor,0.40623210542817045,0.3180229984672223,0.08820910696094814,False
f2cd513d6,BRD-K44876623-001-03-7,zolpidem,benzodiazepine receptor agonist,0.41223460013707947,0.3125077808277853,0.09972681930929417,False
f2ce7c1b1,BRD-K93806173-003-01-8,N-MPPP,opioid receptor agonist,0.3595900451572889,0.35709208227785194,0.0024979628794369324,False
f2d2549de,BRD-K78815826-001-14-6,suxibuzone,cyclooxygenase inhibitor,0.3415825722460352,0.32118967375723406,0.02039289848880116,False
f2e39846a,BRD-K30649484-003-13-7,mafenide,carbonic anhydrase inhibitor,0.3277646827189305,0.31574752121482613,0.012017161504104368,False
f2e512cdb,BRD-K97643133-003-09-3,amiprilose,CD antagonist,0.32762660758269546,0.32066577051109985,0.006960837071595616,False
f3014194c,BRD-A59709458-001-01-8,PHCCC,glutamate receptor agonist,0.3909018199167256,0.3531442967916669,0.0377575231250587,False
f30e9ac81,BRD-K08996725-332-01-7,zolantidine,histamine receptor antagonist,0.41207685813072065,0.3718201483457431,0.04025670978497753,False
f332d21c7,BRD-K35007173-001-07-5,enprofylline,phosphodiesterase inhibitor,0.3345428530707449,0.29649700703657933,0.038045846034165554,False
f33d4b55a,BRD-K98004573-051-02-8,rupatadine,"histamine receptor antagonist, platelet activating factor receptor antagonist",0.39204575767893257,0.3830771991637539,0.008968558515178693,False
f342eedbc,BRD-K85046107-003-01-2,ramosetron,serotonin receptor antagonist,0.32014395952256075,0.31096587040518897,0.00917808911737178,False
f344437e0,BRD-K68395654-001-03-1,EVP4593,NFkB pathway inhibitor,0.5315592042507319,0.3505634477330638,0.18099575651766808,True
f34823c31,BRD-K49522529-001-03-7,alfacalcidol,vitamin D receptor agonist,0.35123000060815457,0.33908516003793204,0.012144840570222526,False
f35dc494f,BRD-K50564936-001-01-6,E-2012,gamma secretase modulator,0.3338475093445372,0.29230215324728454,0.041545356097252684,False
f3bdb4f89,BRD-K65428967-001-08-4,cordycepin,DNA inhibitor,0.3409990710998312,0.33918847137105007,0.0018105997287811149,False
f3d93786b,BRD-K77685957-300-09-1,dequalinium,PKC inhibitor,0.3988816578090305,0.36091610281620917,0.03796555499282134,False
f3f77dac0,BRD-K24548560-342-02-1,evans-blue,glutamate receptor negative allosteric modulator,0.3716175005350933,0.3254723052250085,0.04614519531008482,False
f3f7c11c4,BRD-K46254452-001-01-5,GABA-linoleamide,benzodiazepine receptor agonist,0.3189732897619706,0.2762582467964924,0.04271504296547818,False
f40290070,BRD-K89014967-001-04-3,AS-703026,MEK inhibitor,0.37542867560550863,0.355365217853759,0.020063457751749614,False
f413396f5,BRD-A74914197-001-02-9,pralatrexate,dihydrofolate reductase inhibitor,0.4151630219881471,0.4111878053411447,0.0039752166470024,False
f41f95da5,BRD-K55966568-001-05-4,orantinib,"FGFR inhibitor, PDGFR tyrosine kinase receptor inhibitor, VEGFR inhibitor",0.36515328703103306,0.32516028726770674,0.03999299976332632,False
f44ed500f,BRD-K13087974-001-02-5,CGP-52411,EGFR inhibitor,0.40533435303401216,0.38978639229150075,0.015547960742511413,False
f46b450ef,BRD-K56343971-001-10-6,vemurafenib,RAF inhibitor,0.42697549655554845,0.3943934185316669,0.03258207802388158,False
f487e1a2c,BRD-K65856711-001-04-4,rolipram-S(+),phosphodiesterase inhibitor,0.32961124187840674,0.2785044185553975,0.051106823323009254,False
f48d611be,BRD-K58010567-003-02-2,vilazodone,serotonin reuptake inhibitor,0.33837318491308604,0.2816266461707934,0.05674653874229263,False
f49a73cd5,BRD-A46066006-004-22-6,clidinium,acetylcholine receptor antagonist,0.4062810318230602,0.35042564703593004,0.05585538478713015,False
f4a0da844,BRD-A15909516-001-06-6,rebamipide,free radical scavenger,0.27923278071411545,0.2617414109802224,0.017491369733893036,False
f4a730df7,BRD-A13946108-001-17-1,sulindac,cyclooxygenase inhibitor,0.3332491973548739,0.31590351340720857,0.017345683947665336,False
f4c0acb6b,BRD-A22844106-001-26-0,tenoxicam,cyclooxygenase inhibitor,0.34102067241838396,0.31683860027281585,0.024182072145568112,False
f4d605dbe,BRD-K55013654-003-02-3,lorcaserin,serotonin receptor agonist,0.385764741816808,0.3659557632903072,0.019808978526500765,False
f4e4006d9,BRD-K17743125-001-08-4,belinostat,HDAC inhibitor,0.32443589632768494,0.29897786368570295,0.025458032641981987,False
f4e9eeda7,BRD-K43164539-001-11-5,cholic-acid,bile acid,0.36609079782006787,0.3631013792864205,0.00298941853364737,False
f4f4771c9,BRD-K54997624-001-06-0,alpelisib,PI3K inhibitor,0.3553637254930283,0.331312092698823,0.024051632794205302,False
f5195031c,BRD-K79095980-001-09-6,broxuridine,antimetabolite,0.40192573628398254,0.3597501534406222,0.042175582843360315,False
f51af4a54,BRD-K23566484-001-15-1,nilutamide,androgen receptor antagonist,0.2901871197463482,0.2720712889498957,0.018115830796452514,False
f5487e91f,BRD-K66876909-001-12-6,linezolid,bacterial 50S ribosomal subunit inhibitor,0.33953586820403886,0.2987448015526796,0.04079106665135929,False
f557af504,BRD-K28492574-001-01-6,piconol,,0.32378711777875285,0.3070295095668712,0.01675760821188166,False
f55842076,BRD-A13084692-001-17-3,troglitazone,"insulin sensitizer, PPAR receptor agonist",0.40804869006206845,0.3044689507929101,0.10357973926915837,False
f594b3345,BRD-K18673820-001-15-5,folic-acid,folate receptor ligand,0.29565678319824024,0.2778243285282274,0.01783245467001282,False
f59d0edb4,BRD-K22024824-001-03-7,RG4733,gamma secretase inhibitor,0.35778930994297886,0.3370060752314925,0.020783234711486354,False
f5c443039,BRD-A21858158-001-23-5,praziquantel,anthelmintic agent,0.3381134997832418,0.3317855627226122,0.006327937060629563,False
f5c6d5cb3,BRD-A29944538-003-08-3,proxodolol,adrenergic receptor antagonist,0.364563355164136,0.3526638366506065,0.011899518513529495,False
f5cef4650,BRD-K34332569-001-01-3,imidapril,angiotensin converting enzyme inhibitor,0.32315575441024463,0.31047520648975346,0.01268054792049117,False
f5d5a81f9,BRD-K24943235-001-01-3,grazoprevir,HCV inhibitor,0.3367320397527721,0.3117498968826572,0.02498214287011491,False
f5dcd0b85,BRD-A68631409-001-05-4,evodiamine,"ATPase inhibitor, TRPV agonist",0.5168202289452087,0.5089554877347473,0.007864741210461434,True
f5f05bec7,BRD-K49049886-001-08-7,CGS-15943,adenosine receptor antagonist,0.36575288969126474,0.3038641651214436,0.06188872456982114,False
f5f9e9495,BRD-A11815689-001-01-1,proscillaridin-a,,0.3986537130417717,0.3874369700904257,0.011216742951346004,False
f5fb06e50,BRD-K76568384-001-02-2,PHTPP,estrogen receptor antagonist,0.4167637975827445,0.35900779175667064,0.057756005826073875,False
f601d2b46,BRD-K25649279-001-02-0,2-iodomelatonin,melatonin receptor agonist,0.30769096153787195,0.24714507656531884,0.060545884972553116,False
f60388237,BRD-A68969091-001-12-7,echinomycin,DNA intercalating agent,0.31586567193355763,0.28740231117470083,0.028463360758856804,False
f610a5048,BRD-A09722536-002-18-0,cyclophosphamide,DNA alkylating agent,0.3869840467260826,0.3160559956940786,0.070928051032004,False
f622c0642,BRD-K50168500-001-07-9,canertinib,EGFR inhibitor,0.2998549421500039,0.2591885982911774,0.040666343858826504,False
f63b5512f,BRD-A20781140-001-01-7,plovamer-acetate,,0.33935355982583804,0.27485190437340573,0.0645016554524323,False
f65834b15,BRD-A92537424-001-04-7,danazol,"estrogen receptor antagonist, progesterone receptor agonist",0.49722517053386944,0.4970908449646598,0.0001343255692096701,False
f662e4f65,BRD-K78113049-001-16-2,enoxacin,topoisomerase inhibitor,0.32153729242501855,0.3192976779046222,0.002239614520396338,False
f66a2c5aa,BRD-K46523383-003-22-9,pramoxine,topical anesthetic,0.3194228586376106,0.305922959240518,0.013499899397092618,False
f67209af9,BRD-K82823804-001-04-1,PD-407824,PKC inhibitor,0.5717426781959702,0.566939386829969,0.004803291366001217,True
f67915196,BRD-K38938675-001-01-4,morniflumate,anti-inflammatory agent,0.3606417030057237,0.3216082116628955,0.039033491342828186,False
f6bcf8339,BRD-K07972848-001-02-0,GSK2126458,"mTOR inhibitor, PI3K inhibitor",0.28250109065304413,0.2746992419880669,0.00780184866497724,False
f6c4e7066,BRD-K94534639-001-02-5,LY2811376,beta-secretase inhibitor,0.348194787684797,0.3365597248283031,0.011635062856493905,False
f6d5a3dae,BRD-K10177585-003-02-4,PSB-11,adenosine receptor antagonist,0.33247233639536683,0.32717524197639847,0.005297094418968362,False
f721996ed,BRD-K55512740-001-01-6,MK-8033,c-Met inhibitor,0.6053839745877961,0.4880594068122311,0.11732456777556505,True
f75db62d4,BRD-K86294588-001-01-9,schisandrin-b,antioxidant,0.3603050968478637,0.3322445301182624,0.028060566729601333,False
f769df5d6,BRD-K19333160-001-01-3,RKI-1447,rho associated kinase inhibitor,0.45596744042881304,0.3899133136423814,0.06605412678643163,False
f76a83216,BRD-K60984070-001-01-0,PD-166793,"collagenase inhibitor, metalloproteinase inhibitor",0.3098525515327041,0.2964160483964233,0.013436503136280753,False
f77cfeff3,BRD-K06408664-001-03-5,fludrocortisone-acetate,,0.4332823573517877,0.3869319638594453,0.046350393492342434,False
f78b8a0ae,BRD-K17061841-001-03-5,stattic,,0.4792228202056066,0.45422427045472913,0.024998549750877452,False
f7a227434,BRD-K92657060-001-05-7,zaleplon,benzodiazepine receptor agonist,0.379115260902232,0.31163337654726,0.06748188435497204,False
f7d573145,BRD-K91509126-001-23-6,piceatannol,SYK inhibitor,0.34408903609393265,0.33182269789441504,0.012266338199517612,False
f7e6d1b90,BRD-A90695733-001-07-4,manidipine,calcium channel blocker,0.3824772703536146,0.28412988175808,0.0983473885955346,False
f7fa0456c,BRD-K56195681-001-01-0,losmapimod,p38 MAPK inhibitor,0.3527278974560795,0.2861636750733765,0.06656422238270304,False
f7fe1c12f,BRD-K90333595-003-21-4,phentolamine,adrenergic receptor antagonist,0.3131742759330136,0.28414051687751113,0.029033759055502484,False
f80352d6d,BRD-K18059238-001-10-4,gamma-linolenic-acid,"cyclooxygenase inhibitor, prostanoid receptor agonist",0.28830817000394,0.2422751536168226,0.046033016387117376,False
f82305521,BRD-A22256192-003-22-7,terazosin,adrenergic receptor antagonist,0.3237756977026887,0.2763047290254569,0.04747096867723183,False
f8370b963,BRD-A49906757-004-09-8,scopolamine-n-oxide,acetylcholine receptor antagonist,0.3784536297499861,0.35369566216695586,0.024757967583030227,False
f8446fc97,BRD-K39805756-001-01-6,TPPS4,,0.3282474857625971,0.3205698446924928,0.007677641070104324,False
f88adf21b,BRD-A50675702-001-07-1,fipronil,"chloride channel blocker, GABA gated chloride channel blocker",0.31728443320634936,0.2590692206133235,0.05821521259302587,False
f88ceb191,BRD-K72726508-001-02-1,arcyriaflavin-a,CDK inhibitor,0.3825698744735376,0.3718910081651523,0.01067886630838527,False
f8af0e4c2,BRD-K78659596-001-03-9,ixazomib,proteasome inhibitor,0.396326279013965,0.3578110267768327,0.038515252237132314,False
f8bdaa4d4,BRD-K46384212-001-02-9,o-3M3FBS,phospholipase activator,0.32786988990074367,0.3207874706952285,0.007082419205515167,False
f8d24e330,BRD-K56543881-001-02-7,ADX-47273,glutamate receptor modulator,0.31854946839441944,0.31633924103232675,0.002210227362092698,False
f8dc1fd51,BRD-A20644369-001-08-6,canrenone,mineralocorticoid receptor antagonist,0.320566547877743,0.3053111855082575,0.015255362369485548,False
f8e5c1af0,BRD-K07220430-001-18-4,cinnarazine,calcium channel blocker,0.4025813569188502,0.3536678301803289,0.04891352673852134,False
f92989f8d,BRD-K38852836-001-02-1,ganetespib,HSP inhibitor,0.4713802453474573,0.46500392531114654,0.006376320036310779,False
f92d8dc63,BRD-A05523972-001-01-5,telmesteine,mucolytic agent,0.31394161937346654,0.309943574885627,0.003998044487839525,False
f93338a8b,BRD-K22749967-046-02-3,ABT-239,histamine receptor antagonist,0.44424249779559266,0.30585541845544395,0.1383870793401487,False
f9382e5a2,BRD-K18424115-003-01-3,TG-100572,"src inhibitor, VEGFR inhibitor",0.3649442425868474,0.32063217301775393,0.04431206956909345,False
f9403130d,BRD-M89827113-001-01-5,cromakalim,,0.35100095683788257,0.3137789741980565,0.03722198263982607,False
f94118abd,BRD-K75699339-057-08-1,rizatriptan,serotonin receptor agonist,0.37461109487813016,0.34399188013966353,0.030619214738466627,False
f9450b58a,BRD-K32285926-001-02-1,AMG-208,tyrosine kinase inhibitor,0.36018639503948985,0.31239145459047096,0.047794940449018886,False
f96caffcb,BRD-K41406082-001-16-2,sulfapyridine,PABA antagonist,0.4618675286969743,0.4446299311651099,0.01723759753186438,False
f96ead340,BRD-K02407574-001-09-7,parbendazole,tubulin polymerization inhibitor,0.6539666849105574,0.6009515429343267,0.053015141976230695,True
f985fee46,BRD-K45252063-001-13-6,clofibrate,PPAR receptor agonist,0.37064299147353563,0.3440725295508137,0.026570461922721944,False
f98a1abd6,BRD-K71467466-001-02-3,KPT-185,exportin antagonist,0.4933931263848744,0.48309807368198926,0.010295052702885166,False
f98af7cac,BRD-K75506300-001-01-6,NPS-2143,calcium receptor antagonist,0.4407385607210473,0.3221894956577637,0.11854906506328355,False
f9a72fa7b,BRD-K26253904-001-01-5,NMS-873,ATPase inhibitor,0.42372003765531135,0.3912982280213422,0.03242180963396918,False
f9ab83d1d,BRD-K63504947-001-15-4,semaxanib,VEGFR inhibitor,0.38903007224502073,0.36241117287953806,0.026618899365482673,False
f9b0d313e,BRD-K68395654-001-03-1,EVP4593,NFkB pathway inhibitor,0.27938077646445614,0.2764412581413169,0.002939518323139212,False
f9ca9c7a5,BRD-K96194081-001-10-2,cepharanthine,NFkB pathway inhibitor,0.4021937187409241,0.36510283486441725,0.03709088387650683,False
f9d0d8f63,BRD-A01787639-003-16-9,naftopidil,adrenergic receptor antagonist,0.3530947895912282,0.32501890345267387,0.02807588613855433,False
f9dc6d706,BRD-K39252998-003-01-5,atipamezole,adrenergic receptor antagonist,0.43283994301240225,0.37749994349810434,0.05533999951429791,False
f9e8eec0b,BRD-K61585876-001-01-0,3-carboxy-4-hydroxyphenylglycine-(S),glutamate receptor antagonist,0.38163506614962284,0.3775574262116762,0.004077639937946631,False
fa3500863,BRD-K79095980-001-09-6,broxuridine,antimetabolite,0.3803217254701981,0.34488658594323435,0.035435139526963755,False
fa47e7093,BRD-K92073408-001-16-5,norethindrone,progesterone receptor agonist,0.3569290762994823,0.32870765190011697,0.028221424399365314,False
fa4e8a8cf,BRD-K35952844-238-01-2,calcium-gluceptate,,0.3581775681456241,0.26245209104378064,0.09572547710184348,False
fa69a1fc0,BRD-K22097830-001-01-9,OCO-1112,cholesterol inhibitor,0.33390326941626675,0.29422195016141517,0.03968131925485158,False
fabad7790,BRD-A00546892-001-02-6,biperiden,acetylcholine receptor antagonist,0.36987108607681135,0.30809671046737513,0.061774375609436216,False
fadadbe1f,BRD-K77245796-003-01-6,gamma-aminobutyric-acid,benzodiazepine receptor agonist,0.3375971504215229,0.30663353293585094,0.030963617485671946,False
fb0762638,BRD-A08545410-003-08-6,doxycycline,metalloproteinase inhibitor,0.3411758632306741,0.30019185655639646,0.04098400667427765,False
fb1b9a664,BRD-K36198571-001-02-0,WAY-170523,metalloproteinase inhibitor,0.28408627539508513,0.2737266001400419,0.010359675255043221,False
fb25cbce2,BRD-K44590731-001-01-7,TU-2100,,0.3376890045196652,0.3375763616836023,0.00011264283606293723,False
fb3ffdece,BRD-A14344385-001-03-2,IDRA-21,glutamate receptor positive allosteric modulator,0.32815009620151786,0.3113451310175257,0.01680496518399216,False
fb5164119,BRD-A68083442-001-01-6,pranidipine,calcium channel blocker,0.3100760038653198,0.30652760858735356,0.003548395277966243,False
fb559ed55,BRD-K90647725-001-06-5,oleanolic-acid,G protein-coupled receptor agonist,0.31947715746001765,0.3023426666695912,0.01713449079042645,False
fb67ca7d9,BRD-K66527818-001-02-6,VU0364770,glutamate receptor positive allosteric modulator,0.3580364514142339,0.2970136166725253,0.06102283474170861,False
fb69fd749,BRD-K81326768-001-04-0,zomepirac,prostaglandin synthesis inhibitor,0.28767062221653905,0.2744184865557461,0.013252135660792974,False
fb6c2c373,BRD-K70301465-001-02-6,ibrutinib,Bruton's tyrosine kinase (BTK) inhibitor,0.5087328208209878,0.4685370556731653,0.040195765147822526,True
fb7304491,BRD-K93767137-001-01-1,oseltamivir-carboxylate,neuraminidase inhibitor,0.3534853118263484,0.3368834213402816,0.016601890486066806,False
fb85944a6,BRD-K07442505-001-03-6,BAM7,BAX activator,0.38221697742542987,0.3479674081867111,0.03424956923871875,False
fb8a93a83,BRD-K68336408-001-10-9,tyrphostin-AG-1478,EGFR inhibitor,0.33755447756011986,0.32335641057751424,0.014198066982605617,False
fb8ba0d27,BRD-K32830106-003-20-4,guanfacine,adrenergic receptor agonist,0.384860817757242,0.35173668233272176,0.03312413542452025,False
fb909a091,BRD-A39230911-001-10-2,chlorphensin-carbamate,muscle relaxant,0.39708358947151184,0.37414711406671997,0.02293647540479188,False
fbcfd25a7,BRD-K51313569-003-03-3,palbociclib,CDK inhibitor,0.35024576980182637,0.34490216289084213,0.005343606910984233,False
fbd77dbb9,BRD-K54316499-046-04-5,tolterodine,acetylcholine receptor antagonist,0.40895686494745503,0.3930681206661662,0.015888744281288836,False
fbd797b85,BRD-A16296925-001-01-3,indobufen,"cyclooxygenase inhibitor, platelet aggregation inhibitor",0.3178876302378677,0.29203660504008805,0.025851025197779653,False
fc19979b0,BRD-A94709349-001-08-3,metaxalone,muscle relaxant,0.3459541563325537,0.3110223409352221,0.034931815397331645,False
fc36f66e8,BRD-K65924316-001-03-1,serdemetan,MDM inhibitor,0.3731036490845861,0.35661101136810097,0.016492637716485126,False
fc4cd4585,BRD-K33743361-003-02-6,ML133,potassium channel blocker,0.3233367148030553,0.3085185660207802,0.014818148782275109,False
fc61cc291,BRD-K44004064-001-07-3,acefylline,adenosine receptor agonist,0.31969734493804813,0.30584855140019984,0.013848793537848292,False
fc706ea82,BRD-K62200014-003-10-5,anagrelide,phosphodiesterase inhibitor,0.49812262215421216,0.46533458138519096,0.0327880407690212,False
fc89b3c68,BRD-A04203391-001-08-3,piricapiron,"dopamine receptor antagonist, serotonin receptor antagonist",0.398350460240381,0.3118069234329676,0.08654353680741339,False
fc9706723,BRD-K60287130-001-05-7,"5,7-dichlorokynurenic-acid",glutamate receptor antagonist,0.33442578394093525,0.3282921223851144,0.006133661555820846,False
fc9c0b83e,BRD-K73394555-237-01-1,oxolinic-acid,bacterial DNA gyrase inhibitor,0.37281645137798636,0.33574776598131784,0.03706868539666852,False
fc9c586b9,BRD-K02407574-001-09-7,parbendazole,tubulin polymerization inhibitor,0.6368496534400613,0.6349015073009343,0.0019481461391269717,True
fc9cc6ec4,BRD-K00091711-001-01-2,RWJ-21757,toll-like receptor agonist,0.32051240092130806,0.2928710999969442,0.027641300924363843,False
fcafcf5a9,BRD-A93353767-008-02-2,isoconazole,fungal lanosterol demethylase inhibitor,0.3376691018129557,0.30135197800657326,0.03631712380638241,False
fcb7bf70f,BRD-K37618799-001-03-0,MRS-1220,adenosine receptor antagonist,0.5409223466298249,0.3355712472188215,0.20535109941100338,True
fcc0d5d89,BRD-K16508793-001-05-9,diazepam,benzodiazepine receptor agonist,0.3569382897619711,0.3101277953306904,0.046810494431280714,False
fcc2e5b7e,BRD-K23984367-075-15-2,sorafenib,"FLT3 inhibitor, KIT inhibitor, PDGFR tyrosine kinase receptor inhibitor, RAF inhibitor, RET tyrosine kinase inhibitor, VEGFR inhibitor",0.4837084993004815,0.4767851663308366,0.006923332969644869,False
fce52a537,BRD-K85751432-001-03-3,refametinib,MEK inhibitor,0.5680236136002952,0.48512575211062786,0.08289786148966732,True
fcfed83c3,BRD-K52075715-001-06-7,oxibendazole,tubulin polymerization inhibitor,0.6494524787783821,0.6339758198636747,0.015476658914707397,True
fd0ae9d6b,BRD-A40084411-003-07-7,CGP-12177,adrenergic receptor agonist,0.32299150525290315,0.27188151895484425,0.05110998629805891,False
fd0e986aa,BRD-K42563464-001-01-9,YM-58483,calcium channel blocker,0.36416468395539675,0.335963204858704,0.02820147909669274,False
fd1b41aa2,BRD-K98684188-001-02-9,GSK-0660,PPAR receptor antagonist,0.2950155119375117,0.284028540157967,0.010986971779544663,False
fd2facbb9,BRD-K21913543-001-02-4,fluorescein,,0.3182292071391226,0.3015966167447152,0.0166325903944074,False
fd3b67efb,BRD-K73589491-001-11-2,nizatidine,histamine receptor antagonist,0.33624812754848843,0.30157491521355856,0.03467321233492987,False
fd4387eac,BRD-K56543881-001-02-7,ADX-47273,glutamate receptor modulator,0.27687883683135855,0.27300871233195473,0.0038701244994038264,False
fd68e0363,BRD-K90027355-001-19-0,spironolactone,mineralocorticoid receptor antagonist,0.3455847410138344,0.3446884992834555,0.0008962417303788883,False
fdbbb98fa,BRD-K91758890-001-10-0,4-HQN,PARP inhibitor,0.44016791530627075,0.33770496212906337,0.10246295317720738,False
fdcd6eba3,BRD-K03095347-001-06-1,levosimendan,calcium sensitizer,0.4407817576373777,0.3457637213586563,0.09501803627872141,False
fdda3eb67,BRD-K32247306-001-29-4,primidone,GABA receptor antagonist,0.3572436744369703,0.3127610263436023,0.044482648093367994,False
fdf3069d4,BRD-A14886633-001-01-6,norgestrel,progesterone receptor agonist,0.3371707704835963,0.3250661146229302,0.012104655860666058,False
fdf9c5a5d,BRD-K25412176-001-01-9,GSK2110183,AKT inhibitor,0.5616119978065788,0.5404556382270158,0.021156359579562967,True
fe05943c9,BRD-K25991633-001-01-9,BMS-649,retinoid receptor agonist,0.31922399059761425,0.2997516338854245,0.019472356712189776,False
fe0f55365,BRD-K16474819-001-09-6,metacetamol,analgesic agent,0.3940564789106859,0.3584974190217718,0.03555905988891411,False
fe17b8b65,BRD-K68392338-003-02-0,ZK-93426,benzodiazepine receptor antagonist,0.28194169586317397,0.2696845325517509,0.01225716331142307,False
fe1c34dbe,BRD-K85554912-001-08-9,ivermectin,benzodiazepine receptor agonist,0.3473593750002463,0.33425986633158344,0.01309950866866283,False
fe213e3a3,BRD-K73323637-003-10-9,levobunolol-(+),adrenergic receptor antagonist,0.3735218589978856,0.3250227839583136,0.048499075039572015,False
fe2ced8f1,BRD-K59317601-001-05-5,MLN0128,mTOR inhibitor,0.2973303584165733,0.2857050536273039,0.011625304789269375,False
fe37066fc,BRD-K45330754-001-21-7,diethylstilbestrol,estrogen receptor agonist,0.5032293673085952,0.4181999978682768,0.08502936944031847,True
fe6105bde,BRD-K74305673-001-06-2,IKK-2-inhibitor-V,"IKK inhibitor, NFkB pathway inhibitor",0.3816786272875786,0.33712933808438955,0.04454928920318907,False
fe6686e67,BRD-K82036761-003-20-3,sertraline,selective serotonin reuptake inhibitor (SSRI),0.34194994983041893,0.3358015276803823,0.0061484221500366365,False
fe7e9ab78,BRD-A68969091-001-12-7,echinomycin,DNA intercalating agent,0.34213518859493475,0.29353921720117176,0.04859597139376298,False
fe8625cad,BRD-K55044200-001-15-3,amoxicillin,penicillin binding protein inhibitor,0.4451758940026813,0.35470880573330754,0.09046708826937377,False
fea7e5d15,BRD-K77245796-003-01-6,gamma-aminobutyric-acid,benzodiazepine receptor agonist,0.3347127324982476,0.31016840682176444,0.02454432567648318,False
feaadfd38,BRD-K68395654-001-03-1,EVP4593,NFkB pathway inhibitor,0.5115775680589012,0.3824262019057537,0.12915136615314748,True
feb9315c0,BRD-A53566267-001-01-9,anecortave-acetate,angiogenesis inhibitor,0.43790478919424786,0.3412166190592641,0.09668817013498376,False
fedd79674,BRD-K89053832-001-01-0,VLX600,ubiquitin C-terminal hydrolase inhibitor,0.35950177810185,0.3390778667394054,0.020423911362444647,False
fedfaf25d,BRD-K46690591-001-01-2,KP-1212,,0.3963687313363042,0.28770771630291647,0.10866101503338771,False
fee67ac63,BRD-K19477839-001-07-6,SGX523,hepatocyte growth factor receptor inhibitor,0.35082668219262925,0.3208163975389696,0.030010284653659625,False
fefd9f534,BRD-K89125793-001-26-0,tinidazole,antiprotozoal agent,0.39333510797128357,0.3113020125737803,0.08203309539750325,False
ff1dd51ca,BRD-A42759514-001-20-5,ornidazole,antiprotozoal agent,0.381384791373562,0.3274803056208479,0.053904485752714115,False
ff270e1e7,BRD-K10598093-303-06-1,hexamethonium,cholinergic receptor antagonist,0.39358140461029484,0.3590717419958494,0.034509662614445435,False
ff2ef49ab,BRD-K88405679-003-03-1,thonzylamine,antihistamine,0.40054807401594544,0.3862754084750667,0.014272665540878748,False
ff30d6768,BRD-K30649484-003-13-7,mafenide,carbonic anhydrase inhibitor,0.3452050778816778,0.29922629633355774,0.04597878154812007,False
ff32409d8,BRD-K89634775-001-09-9,allylthiourea,nitrification inhibitor,0.36459728971255345,0.3637959666796584,0.0008013230328950405,False
ff32d9c31,BRD-K02407574-001-09-7,parbendazole,tubulin polymerization inhibitor,0.6421872323254841,0.5844163819126796,0.0577708504128045,True
ff539cce7,BRD-K13044802-213-20-7,ciclopirox,membrane integrity inhibitor,0.49968572930037813,0.4144524134832961,0.08523331581708204,True
ff551f3a3,BRD-K56543881-001-02-7,ADX-47273,glutamate receptor modulator,0.3522132085455315,0.3345187235712128,0.01769448497431869,False
ff55b75c9,BRD-K68164687-001-01-6,epothilone-b,"microtubule stabilizing agent, tubulin polymerization inhibitor",0.5423930049996337,0.5405082103573585,0.0018847946422752004,True
ff5a3ecb1,BRD-A01787639-003-16-9,naftopidil,adrenergic receptor antagonist,0.34401933418886543,0.28537643779207944,0.05864289639678599,False
ff9565933,BRD-K39252998-003-01-5,atipamezole,adrenergic receptor antagonist,0.4890783662597138,0.48051382464193043,0.008564541617783361,False
ffd66e220,BRD-K64614248-001-12-3,salicin,anti-inflammatory agent,0.38434306014974917,0.27570512711813605,0.10863793303161312,False
ffe357f8f,BRD-A74914197-001-02-9,pralatrexate,dihydrofolate reductase inhibitor,0.324634884324164,0.3229502000089847,0.0016846843151792634,False
ffed8e1c9,BRD-K73440166-001-01-3,cinaciguat,guanylate cyclase activator,0.4085940964375998,0.3385352367118986,0.0700588597257012,False
fff7d208d,BRD-K36016295-001-04-5,KU-60019,ATM kinase inhibitor,0.3781809276833263,0.36476226624472974,0.013418661438596546,False
