drug_id,matched_broad_id,matched_pert_iname,matched_moa,match_score,second_score,margin,above_threshold,canonical_smiles,smiles_source
00199ff52,BRD-K59998349-003-01-4,aminolevulinic-acid-benzyl-ester,,0.3404443781422408,0.3370361881974674,0.0034081899447733,False,NCC(=O)CCC(=O)OCc1ccccc1,prism_treatment_info
00251fc41,BRD-K41876534-001-13-7,tioxolone,carbonic anhydrase inhibitor,0.3168786510971874,0.2832726122155912,0.0336060388815961,False,"Oc1ccc2sc(=O)oc2c1, Oc1ccc2sc(=O)oc2c1",prism_treatment_info
00321ea80,BRD-K97472745-001-01-8,gestrinone,progesterone receptor antagonist,0.4622497657683335,0.380300985686719,0.0819487800816144,False,CC[C@]12C=CC3=C4CCC(=O)C=C4CC[C@H]3[C@@H]1CC[C@@]2(O)C#C,prism_treatment_info
0034c0847,BRD-K87510569-001-02-8,RS-504393,CC chemokine receptor antagonist,0.3902182116060597,0.3462115674579202,0.0440066441481395,False,Cc1oc(nc1CCN1CCC2(CC1)OC(=O)Nc1ccc(C)cc21)-c1ccccc1,prism_treatment_info
0060e686f,BRD-K74065929-001-07-2,doramapimod,p38 MAPK inhibitor,0.4047388250636345,0.3715238165916368,0.0332150084719977,False,"Cc1ccc(cc1)-n1nc(cc1NC(=O)Nc1ccc(OCCN2CCOCC2)c2ccccc12)C(C)(C)C, Cc1ccc(cc1)-n1nc(cc1NC(=O)Nc1ccc(OCCN2CCOCC2)c2ccccc12)C(C)(C)C",prism_treatment_info
00898e82c,BRD-K70505054-003-12-4,ranitidine,histamine receptor antagonist,0.3690451907777328,0.3429546252741833,0.0260905655035494,False,"CN\C(NCCSCc1ccc(CN(C)C)o1)=C/[N+]([O-])=O, CN\C(NCCSCc1ccc(CN(C)C)o1)=C/[N+]([O-])=O, CN\C(NCCSCc1ccc(CN(C)C)o1)=C/[N+]([O-])=O, CN\C(NCCSCc1ccc(CN(C)C)o1)=C/[N+]([O-])=O",prism_treatment_info
009a5da05,BRD-A91822151-001-05-0,picrotin,GABA receptor antagonist,0.3448860100212868,0.3167382388364893,0.0281477711847975,False,CC(C)(O)C1C2OC(=O)C1C1(O)CC3OC33C(=O)OC2C13C,prism_treatment_info
00d2de1d8,BRD-K97440753-066-18-1,dihydroergocristine,"adrenergic receptor antagonist, prolactin inhibitor",0.4662242239597712,0.429936208661559,0.0362880152982122,False,"CC(C)[C@@]1(NC(=O)[C@@H]2C[C@H]3[C@@H](Cc4c[nH]c5cccc3c45)N(C)C2)O[C@@]2(O)[C@@H]3CCCN3C(=O)[C@H](Cc3ccccc3)N2C1=O, CC(C)[C@@]1(NC(=O)[C@@H]2C[C@H]3[C@@H](Cc4c[nH]c5cccc3c45)N(C)C2)O[C@@]2(O)[C@@H]3CCCN3C(=O)[C@H](Cc3ccccc3)N2C1=O",prism_treatment_info
00dba5599,BRD-A40413915-003-01-2,NTNCB,neuropeptide receptor antagonist,0.3435366935159067,0.3188636190986046,0.024673074417302,False,[O-][N+](=O)c1ccccc1S(=O)(=O)NC[C@H]1CC[C@H](CNCC2CCc3ccccc3C2)CC1,prism_treatment_info
014d175d7,BRD-K82677201-001-01-6,almitrine,neurotransmitter agonist,0.3692902884439046,0.3527434650793385,0.016546823364566,False,Fc1ccc(cc1)C(N1CCN(CC1)c1nc(NCC=C)nc(NCC=C)n1)c1ccc(F)cc1,prism_treatment_info
015a48b37,BRD-K18194590-065-08-0,mephentermine,adrenergic receptor agonist,0.2774523889341561,0.2756322120619149,0.0018201768722411,False,CNC(C)(C)Cc1ccccc1,prism_treatment_info
0166f205e,BRD-A28467416-002-01-0,PKI-179,"mTOR inhibitor, PI3K inhibitor",0.3379092212047446,0.3298443049976943,0.0080649162070502,False,O=C(Nc1ccncc1)Nc1ccc(cc1)-c1nc(nc(n1)N1CCOCC1)N1C2CCC1COC2,prism_treatment_info
01872549f,BRD-K45033733-001-12-2,famciclovir,DNA polymerase inhibitor,0.3761298109584139,0.3167781978938556,0.0593516130645583,False,"CC(=O)OCC(CCn1cnc2cnc(N)nc12)COC(C)=O, CC(=O)OCC(CCn1cnc2cnc(N)nc12)COC(C)=O",prism_treatment_info
018e6eb14,BRD-K02130563-001-11-4,panobinostat,HDAC inhibitor,0.3698623867372844,0.3660269174423135,0.0038354692949709,False,"Cc1[nH]c2ccccc2c1CCNCc1ccc(\C=C\C(=O)NO)cc1, Cc1[nH]c2ccccc2c1CCNCc1ccc(\C=C\C(=O)NO)cc1, Cc1[nH]c2ccccc2c1CCNCc1ccc(\C=C\C(=O)NO)cc1, Cc1[nH]c2ccccc2c1CCNCc1ccc(\C=C\C(=O)NO)cc1",prism_treatment_info
018fbfcdb,BRD-A18233884-003-02-7,bevantolol,adrenergic receptor antagonist,0.3680412007171198,0.3229907974749909,0.0450504032421288,False,COc1ccc(CCNCC(O)COc2cccc(C)c2)cc1OC,prism_treatment_info
01af4c881,BRD-K13810148-311-03-2,givinostat,HDAC inhibitor,0.4517862117161701,0.4287598217188825,0.0230263899972876,False,CCN(CC)Cc1ccc2cc(COC(=O)Nc3ccc(cc3)C(=O)NO)ccc2c1,prism_treatment_info
01b66f497,BRD-K19061412-001-02-4,mubritinib,protein tyrosine kinase inhibitor,0.3596452844191729,0.3412922566630228,0.01835302775615,False,"FC(F)(F)c1ccc(\C=C\c2nc(COc3ccc(CCCCn4ccnn4)cc3)co2)cc1, FC(F)(F)c1ccc(\C=C\c2nc(COc3ccc(CCCCn4ccnn4)cc3)co2)cc1, FC(F)(F)c1ccc(\C=C\c2nc(COc3ccc(CCCCn4ccnn4)cc3)co2)cc1",prism_treatment_info
01ee58f64,BRD-K71125014-001-27-1,sulphadimethoxine,dihydropteroate synthetase inhibitor,0.3525583666926359,0.3172820692400123,0.0352762974526236,False,"COc1cc(NS(=O)(=O)c2ccc(N)cc2)nc(OC)n1, COc1cc(NS(=O)(=O)c2ccc(N)cc2)nc(OC)n1",prism_treatment_info
02084574f,BRD-K05434375-001-06-5,HA-1004,calcium channel blocker,0.3532054454285207,0.3356458679777135,0.0175595774508072,False,NC(=N)NCCNS(=O)(=O)c1cccc2cnccc12,prism_treatment_info
0212c63a7,BRD-K15502390-001-20-9,nevirapine,non-nucleoside reverse transcriptase inhibitor,0.3650005759812209,0.351240345661351,0.0137602303198698,False,"Cc1ccnc2c1NC(=O)c1cccnc1N2C1CC1, Cc1ccnc2c1NC(=O)c1cccnc1N2C1CC1",prism_treatment_info
0222d944c,BRD-K62685538-001-01-7,triptorelin,gonadotropin releasing factor hormone receptor agonist,0.3843135273732987,0.3269914426430109,0.0573220847302878,False,CC(C)C[C@H](NC(=O)[C@@H](Cc1c[nH]c2ccccc12)NC(=O)[C@H](Cc1ccc(O)cc1)NC(=O)[C@H](CO)NC(=O)[C@H](Cc1c[nH]c2ccccc12)NC(=O)[C@H](Cc1c[nH]cn1)NC(=O)[C@@H]1CCC(=O)N1)C(=O)N[C@@H](CCCNC(N)=N)C(=O)N1CCC[C@H]1C(=O)NCC(N)=O,prism_treatment_info
022f3ae8e,BRD-A64743628-001-01-5,isometheptene-mucate,,0.3710362158367757,0.3102080711810841,0.0608281446556916,False,CNC(C)CCC=C(C)C,prism_treatment_info
0233971e0,BRD-K23913458-001-20-7,coumarin,vitamin K antagonist,0.3616322474964319,0.2836729371949892,0.0779593103014427,False,"O=c1ccc2ccccc2o1, O=c1ccc2ccccc2o1",prism_treatment_info
0249e20c4,BRD-K93631643-001-02-4,hordenine,,0.3793119041784393,0.359944446118121,0.0193674580603183,False,"CN(C)CCc1ccc(O)cc1, CN(C)CCc1ccc(O)cc1",prism_treatment_info
025d91250,BRD-K41866823-001-01-3,2-hydroxyethyl-salicylate,,0.4106846654707562,0.3292579329528471,0.0814267325179091,False,OCCOC(=O)c1ccccc1O,prism_treatment_info
026c86906,BRD-A93000692-001-08-1,ciglitazone,PPAR receptor agonist,0.3437284639683693,0.3208645204302686,0.0228639435381006,False,CC1(COc2ccc(CC3SC(=O)NC3=O)cc2)CCCCC1,prism_treatment_info
02858eca8,BRD-K44876623-001-03-7,zolpidem,benzodiazepine receptor agonist,0.3448839490884677,0.3296988287364817,0.0151851203519859,False,CN(C)C(=O)Cc1c(nc2ccc(C)cn12)-c1ccc(C)cc1,prism_treatment_info
02ae89796,BRD-K46731503-050-01-8,fesoterodine,acetylcholine receptor antagonist,0.3615235855652963,0.355657667296349,0.0058659182689472,False,"CC(C)N(CC[C@H](c1ccccc1)c1cc(CO)ccc1OC(=O)C(C)C)C(C)C, CC(C)N(CC[C@H](c1ccccc1)c1cc(CO)ccc1OC(=O)C(C)C)C(C)C",prism_treatment_info
02b14dcc0,BRD-K59110290-238-01-7,fosamprenavir,HIV protease inhibitor,0.3276339276932141,0.3039852682787142,0.0236486594144998,False,CC(C)CN(C[C@@H](OP(O)(O)=O)[C@H](Cc1ccccc1)NC(=O)O[C@H]1CCOC1)S(=O)(=O)c1ccc(N)cc1,prism_treatment_info
031afe482,BRD-K56940914-001-04-2,cresol,,0.3791930637644791,0.3368176812030198,0.0423753825614593,False,Cc1ccc(O)cc1,prism_treatment_info
032128cc7,BRD-K84663978-003-02-9,trequinsin,phosphodiesterase inhibitor,0.3376615164169694,0.3334025874136383,0.0042589290033311,False,"COc1cc2CCn3c(c\c(=N/c4c(C)cc(C)cc4C)n(C)c3=O)-c2cc1OC, COc1cc2CCn3c(c\c(=N/c4c(C)cc(C)cc4C)n(C)c3=O)-c2cc1OC",prism_treatment_info
03478f3f9,BRD-K29458283-001-29-9,chlorambucil,DNA inhibitor,0.3499057250420547,0.3256393585683869,0.0242663664736678,False,OC(=O)CCCc1ccc(cc1)N(CCCl)CCCl,prism_treatment_info
035a6a762,BRD-K76406695-001-02-9,CCT128930,AKT inhibitor,0.5037012679859549,0.4321886335203499,0.071512634465605,True,NC1(Cc2ccc(Cl)cc2)CCN(CC1)c1ncnc2[nH]ccc12,prism_treatment_info
037888d25,BRD-K95763993-001-19-3,trapidil,PDGFR tyrosine kinase receptor inhibitor,0.3555467563050687,0.3525955262553159,0.0029512300497528,False,CCN(CC)c1cc(C)nc2ncnn12,prism_treatment_info
0393401cc,BRD-A56085258-001-01-8,LGX818,RAF inhibitor,0.57088518842956,0.4973971633470982,0.0734880250824618,True,COC(=O)NC(C)CNc1nccc(n1)-c1cn(nc1-c1cc(Cl)cc(NS(C)(=O)=O)c1F)C(C)C,prism_treatment_info
03b09563c,BRD-K61567297-001-01-9,resatorvid,toll-like receptor antagonist,0.379657943496234,0.3143905654091682,0.0652673780870657,False,"CCOC(=O)C1=CCCC[C@H]1S(=O)(=O)Nc1ccc(F)cc1Cl, CCOC(=O)C1=CCCC[C@H]1S(=O)(=O)Nc1ccc(F)cc1Cl",prism_treatment_info
03b81e62e,BRD-A50922295-001-01-3,valganciclovir,DNA synthesis inhibitor,0.3387015195529492,0.3243134358930384,0.0143880836599107,False,"CC(C)[C@H](N)C(=O)OCC(CO)OCn1cnc2c1nc(N)[nH]c2=O, CC(C)[C@H](N)C(=O)OCC(CO)OCn1cnc2c1nc(N)[nH]c2=O",prism_treatment_info
03b86deca,BRD-K41104902-001-01-3,GSK2656157,PERK inhibitor,0.3337315695300641,0.3055937614007356,0.0281378081293285,False,Cc1cccc(CC(=O)N2CCc3c2ccc(-c2cn(C)c4ncnc(N)c24)c3F)n1,prism_treatment_info
0438952f6,BRD-K91336023-003-01-0,mesulergine,dopamine receptor agonist,0.3870004867134297,0.373649563359379,0.0133509233540507,False,CN(C)S(=O)(=O)N[C@H]1C[C@H]2[C@@H](Cc3cn(C)c4cccc2c34)N(C)C1,prism_treatment_info
043fedc3f,BRD-K69122748-001-10-1,diacerein,interleukin inhibitor,0.3432692776111784,0.3075357020820246,0.0357335755291538,False,"CC(=O)Oc1cccc2C(=O)c3cc(cc(OC(C)=O)c3C(=O)c12)C(O)=O, CC(=O)Oc1cccc2C(=O)c3cc(cc(OC(C)=O)c3C(=O)c12)C(O)=O, CC(=O)Oc1cccc2C(=O)c3cc(cc(OC(C)=O)c3C(=O)c12)C(O)=O",prism_treatment_info
0472f88f4,BRD-A90695733-001-07-4,manidipine,calcium channel blocker,0.3780355177498516,0.3757433229095335,0.0022921948403181,False,"COC(=O)C1=C(C)NC(C)=C(C1c1cccc(c1)[N+]([O-])=O)C(=O)OCCN1CCN(CC1)C(c1ccccc1)c1ccccc1, COC(=O)C1=C(C)NC(C)=C(C1c1cccc(c1)[N+]([O-])=O)C(=O)OCCN1CCN(CC1)C(c1ccccc1)c1ccccc1, COC(=O)C1=C(C)NC(C)=C(C1c1cccc(c1)[N+]([O-])=O)C(=O)OCCN1CCN(CC1)C(c1ccccc1)c1ccccc1, COC(=O)C1=C(C)NC(C)=C(C1c1cccc(c1)[N+]([O-])=O)C(=O)OCCN1CCN(CC1)C(c1ccccc1)c1ccccc1",prism_treatment_info
04765e596,BRD-K24255045-001-05-3,fluoxymesterone,androgen receptor modulator,0.3083111719465489,0.2967431334865218,0.011568038460027,False,C[C@]1(O)CC[C@H]2[C@@H]3CCC4=CC(=O)CC[C@]4(C)[C@@]3(F)[C@@H](O)C[C@]12C,prism_treatment_info
04791bbdf,BRD-K25991633-001-01-9,BMS-649,retinoid receptor agonist,0.3613851608419466,0.347344598304082,0.0140405625378646,False,"CC1(C)CCC(C)(C)c2cc(ccc12)C1(OCCO1)c1ccc(cc1)C(O)=O, CC1(C)CCC(C)(C)c2cc(ccc12)C1(OCCO1)c1ccc(cc1)C(O)=O",prism_treatment_info
047d037a9,BRD-K75506300-001-01-6,NPS-2143,calcium receptor antagonist,0.3352476145273312,0.327043140948875,0.0082044735784561,False,"CC(C)(Cc1ccc2ccccc2c1)NC[C@@H](O)COc1cccc(Cl)c1C#N, CC(C)(Cc1ccc2ccccc2c1)NC[C@@H](O)COc1cccc(Cl)c1C#N",prism_treatment_info
04f5356dc,BRD-K97045029-001-04-3,pranlukast,leukotriene receptor antagonist,0.2860010267003801,0.2640109866264792,0.0219900400739009,False,"O=C(Nc1cccc2c1oc(cc2=O)-c1nnn[nH]1)c1ccc(OCCCCc2ccccc2)cc1, O=C(Nc1cccc2c1oc(cc2=O)-c1nnn[nH]1)c1ccc(OCCCCc2ccccc2)cc1",prism_treatment_info
04fdc0c19,BRD-K44844162-001-01-6,taselisib,PI3K inhibitor,0.6611854184182586,0.5596242016361475,0.1015612167821111,True,CC(C)n1nc(C)nc1-c1cn2CCOc3cc(ccc3-c2n1)-c1cnn(c1)C(C)(C)C(N)=O,prism_treatment_info
050116d56,BRD-K70463136-001-01-5,BAY-87-2243,hypoxia inducible factor inhibitor,0.4919548953724282,0.3739860333753057,0.1179688619971224,False,Cc1cc(nn1Cc1ccnc(c1)N1CCN(CC1)C1CC1)-c1nc(no1)-c1ccc(OC(F)(F)F)cc1,prism_treatment_info
051a078dd,BRD-K88789588-001-14-9,letrozole,aromatase inhibitor,0.3728088111105907,0.3273745257236821,0.0454342853869086,False,"N#Cc1ccc(cc1)C(c1ccc(cc1)C#N)n1cncn1, N#Cc1ccc(cc1)C(c1ccc(cc1)C#N)n1cncn1",prism_treatment_info
053b1881a,BRD-K33277808-331-01-3,ouabain,ATPase inhibitor,0.356423332493185,0.306312802706158,0.0501105297870269,False,"C[C@@H]1O[C@@H](O[C@@H]2C[C@@H](O)[C@]3(CO)[C@H]4[C@H](O)C[C@]5(C)[C@H](CC[C@]5(O)[C@@H]4CC[C@]3(O)C2)C2=CC(=O)OC2)[C@H](O)[C@H](O)[C@H]1O, C[C@@H]1O[C@@H](O[C@@H]2C[C@@H](O)[C@]3(CO)[C@H]4[C@H](O)C[C@]5(C)[C@H](CC[C@]5(O)[C@@H]4CC[C@]3(O)C2)C2=CC(=O)OC2)[C@H](O)[C@H](O)[C@H]1O, C[C@@H]1O[C@@H](O[C@@H]2C[C@@H](O)[C@]3(CO)[C@H]4[C@H](O)C[C@]5(C)[C@H](CC[C@]5(O)[C@@H]4CC[C@]3(O)C2)C2=CC(=O)OC2)[C@H](O)[C@H](O)[C@H]1O",prism_treatment_info
053bd4f4a,BRD-K55013654-003-02-3,lorcaserin,serotonin receptor agonist,0.3630457187293627,0.287896463988004,0.0751492547413587,False,C[C@H]1CNCCc2ccc(Cl)cc12,prism_treatment_info
053ebdb54,BRD-K19939891-001-05-4,TIC10,"AKT inhibitor, TRAIL modulator",0.3980594580501469,0.3243318981539013,0.0737275598962456,False,"Cc1ccccc1CN1CC2=C(CCN(Cc3ccccc3)C2=O)N2CCN=C12, Cc1ccccc1CN1C2=NCCN2C(=O)C2=C1CCN(Cc1ccccc1)C2",prism_treatment_info
0553c169f,BRD-K04430056-236-02-1,7-nitroindazole,nitric oxide synthase inhibitor,0.3757905231549194,0.3580819436695467,0.0177085794853726,False,"[O-][N+](=O)c1cccc2cn[nH]c12, [O-][N+](=O)c1cccc2cn[nH]c12, [O-][N+](=O)c1cccc2cn[nH]c12",prism_treatment_info
059eeaab7,BRD-K77597856-003-02-5,detomidine,adrenergic receptor agonist,0.2792330950123878,0.2766042112190303,0.0026288837933575,False,Cc1cccc(Cc2c[nH]cn2)c1C,prism_treatment_info
05e9ef087,BRD-A47706533-001-02-6,buthionine-sulfoximine,glutathione transferase inhibitor,0.4183673226352069,0.3908770341558985,0.0274902884793084,False,CCCCS(=N)(=O)CC[C@H](N)C(O)=O,prism_treatment_info
06008aff2,BRD-K06408664-001-03-5,fludrocortisone-acetate,,0.3598978086404774,0.3127098281882951,0.0471879804521822,False,"CC(=O)OCC(=O)[C@@]1(O)CC[C@H]2[C@@H]3CCC4=CC(=O)CC[C@]4(C)[C@@]3(F)[C@@H](O)C[C@]12C, CC(=O)OCC(=O)[C@@]1(O)CC[C@H]2[C@@H]3CCC4=CC(=O)CC[C@]4(C)[C@@]3(F)[C@@H](O)C[C@]12C",prism_treatment_info
062a92da6,BRD-K53913732-001-05-9,SB-408124,orexin receptor antagonist,0.364173936883285,0.3445033171030809,0.0196706197802041,False,"CN(C)c1ccc(NC(=O)Nc2cc(C)nc3c(F)cc(F)cc23)cc1, CN(C)c1ccc(NC(=O)Nc2cc(C)nc3c(F)cc(F)cc23)cc1, CN(C)c1ccc(NC(=O)Nc2cc(C)nc3c(F)cc(F)cc23)cc1, CN(C)c1ccc(NC(=O)Nc2cc(C)nc3c(F)cc(F)cc23)cc1",prism_treatment_info
0643dfd76,BRD-K17068645-003-04-2,bendamustine,DNA inhibitor,0.3849109228313838,0.3319322977440039,0.0529786250873798,False,"Cn1c(CCCC(O)=O)nc2cc(ccc12)N(CCCl)CCCl, Cn1c(CCCC(O)=O)nc2cc(ccc12)N(CCCl)CCCl",prism_treatment_info
0672af23e,BRD-K12184916-001-15-4,NVP-BEZ235,"mTOR inhibitor, PI3K inhibitor",0.3827379675797847,0.3716965305334305,0.0110414370463541,False,"Cn1c2cnc3ccc(cc3c2n(-c2ccc(cc2)C(C)(C)C#N)c1=O)-c1cnc2ccccc2c1, Cn1c2cnc3ccc(cc3c2n(-c2ccc(cc2)C(C)(C)C#N)c1=O)-c1cnc2ccccc2c1",prism_treatment_info
06787fefe,BRD-K04568635-300-01-4,octenidine,membrane integrity inhibitor,0.5091317468955314,0.4645346885964173,0.0445970582991141,True,CCCCCCCCN=c1ccn(CCCCCCCCCCn2ccc(cc2)=NCCCCCCCC)cc1,prism_treatment_info
0691eefdd,BRD-K51486818-003-02-8,lazabemide,monoamine oxidase inhibitor,0.3350162828464286,0.3266637612339667,0.0083525216124619,False,"NCCNC(=O)c1ccc(Cl)cn1, NCCNC(=O)c1ccc(Cl)cn1",prism_treatment_info
06af533b3,BRD-A23359898-003-10-0,sibutramine,serotonin-norepinephrine reuptake inhibitor (SNRI),0.3024350440893544,0.3018244842291664,0.0006105598601879,False,"CC(C)CC(N(C)C)C1(CCC1)c1ccc(Cl)cc1, CC(C)CC(N(C)C)C1(CCC1)c1ccc(Cl)cc1",prism_treatment_info
06b61c0ea,BRD-A09094913-065-01-0,strychnine,acetylcholine receptor antagonist,0.3603881391204729,0.3165730973249169,0.043815041795556,False,O=C1CC2OCC=C3CN4CC[C@@]56C4C[C@@H]3[C@@H]2C5N1c1ccccc61,prism_treatment_info
06bc90c08,BRD-K37289225-001-36-4,clozapine,"dopamine receptor antagonist, serotonin receptor antagonist",0.3580032055648708,0.3491257206161503,0.0088774849487204,False,"CN1CCN(CC1)C1=Nc2cc(Cl)ccc2Nc2ccccc12, CN1CCN(CC1)C1=Nc2cc(Cl)ccc2Nc2ccccc12, CN1CCN(CC1)C1=Nc2cc(Cl)ccc2Nc2ccccc12, CN1CCN(CC1)C1=Nc2cc(Cl)ccc2Nc2ccccc12",prism_treatment_info
06c3860e2,BRD-K65904673-001-01-4,tandospirone,serotonin receptor agonist,0.4220374044956049,0.3064866700429821,0.1155507344526228,False,"O=C1[C@H]2[C@@H]3CC[C@@H](C3)[C@H]2C(=O)N1CCCCN1CCN(CC1)c1ncccn1, O=C1[C@H]2[C@@H]3CC[C@@H](C3)[C@H]2C(=O)N1CCCCN1CCN(CC1)c1ncccn1",prism_treatment_info
06cb74093,BRD-K49954789-001-02-9,mesna,antioxidant,0.3460825864856005,0.3054981412290625,0.040584445256538,False,"OS(=O)(=O)CCS, OS(=O)(=O)CCS, OS(=O)(=O)CCS",prism_treatment_info
070589dd4,BRD-K15196155-001-02-3,IBC-293,hydroxycarboxylic acid receptor agonist,0.3676288352610977,0.3592400261631601,0.0083888090979376,False,CC(C)n1nnc2cc(ccc12)C(O)=O,prism_treatment_info
071754ad0,BRD-K90993449-001-02-7,KRN-633,VEGFR inhibitor,0.5446106645792195,0.5019034069216705,0.042707257657549,True,CCCNC(=O)Nc1ccc(Oc2ncnc3cc(OC)c(OC)cc23)cc1Cl,prism_treatment_info
071afe3da,BRD-A74667430-001-23-6,etodolac,cyclooxygenase inhibitor,0.319355252872301,0.2781818572183397,0.0411733956539612,False,"CCc1cccc2c3CCOC(CC)(CC(O)=O)c3[nH]c12, CCc1cccc2c3CCOC(CC)(CC(O)=O)c3[nH]c12",prism_treatment_info
071fd1189,BRD-K61691541-001-01-1,PF-03084014,gamma secretase inhibitor,0.3211054251408838,0.2873536290126874,0.0337517961281964,False,CCC[C@H](N[C@H]1CCc2cc(F)cc(F)c2C1)C(=O)Nc1cn(cn1)C(C)(C)CNCC(C)(C)C,prism_treatment_info
07502fc59,BRD-A59198242-003-02-9,viloxazine,norepinephrine reuptake inhibitor,0.3480800499867063,0.2881049346727958,0.0599751153139105,False,CCOc1ccccc1OCC1CNCCO1,prism_treatment_info
0760632c4,BRD-K96936751-001-01-4,bretazenil,GABA benzodiazepine site receptor partial agonist,0.3520642516084544,0.3104874787292787,0.0415767728791756,False,"CC(C)(C)OC(=O)c1ncn-2c1[C@@H]1CCCN1C(=O)c1c(Br)cccc-21, CC(C)(C)OC(=O)c1ncn-2c1[C@@H]1CCCN1C(=O)c1c(Br)cccc-21",prism_treatment_info
07ab9d694,BRD-K84895041-001-02-4,BMY-45778,IP1 prostacyclin receptor agonist,0.3091231710708387,0.2788811461905359,0.0302420248803028,False,OC(=O)COc1cccc(c1)-c1ocnc1-c1nc(c(o1)-c1ccccc1)-c1ccccc1,prism_treatment_info
07b2e0af0,BRD-K06858286-001-01-3,cabazitaxel,microtubule inhibitor,0.6477646717146637,0.6285250915080977,0.019239580206566,True,CO[C@@H]1C[C@H]2OC[C@@]2(OC(C)=O)[C@H]2[C@@H](OC(=O)c3ccccc3)[C@@]3(O)C[C@H](OC(=O)[C@H](O)[C@@H](NC(=O)OC(C)(C)C)c4ccccc4)C(C)=C([C@@H](OC)C(=O)[C@]12C)C3(C)C,prism_treatment_info
07bd8c42c,BRD-K95926480-003-03-6,SRT1720,SIRT activator,0.39185397308617,0.3598538064966786,0.0320001665894914,False,O=C(Nc1ccccc1-c1cn2c(CN3CCNCC3)csc2n1)c1cnc2ccccc2n1,prism_treatment_info
07cca32e8,BRD-A75769826-003-02-1,SDM25N,opioid receptor antagonist,0.3538576140685789,0.3292827627544898,0.0245748513140891,False,"CC(=C)CN1CC[C@@]23[C@H]4Oc5c2c(CC1[C@]3(O)Cc1c4[nH]c2ccccc12)ccc5O, CC(=C)CN1CC[C@@]23[C@H]4Oc5c2c(CC1[C@]3(O)Cc1c4[nH]c2ccccc12)ccc5O, CC(=C)CN1CC[C@@]23[C@H]4Oc5c2c(CC1[C@]3(O)Cc1c4[nH]c2ccccc12)ccc5O",prism_treatment_info
07e329107,BRD-A28958257-001-01-2,centpropazine,inositol monophosphatase inhibitor,0.3283969967679137,0.3264911410398614,0.0019058557280522,False,"CCC(=O)c1ccc(OCC(O)CN2CCN(CC2)c2ccccc2)cc1, CCC(=O)c1ccc(OCC(O)CN2CCN(CC2)c2ccccc2)cc1",prism_treatment_info
08049cfd7,BRD-K94379058-001-06-8,BML-190,cannabinoid receptor inverse agonist,0.3447641276900526,0.3144326381657975,0.030331489524255,False,"COc1ccc2n(C(=O)c3ccc(Cl)cc3)c(C)c(CC(=O)N3CCOCC3)c2c1, COc1ccc2n(C(=O)c3ccc(Cl)cc3)c(C)c(CC(=O)N3CCOCC3)c2c1",prism_treatment_info
0805f8b1a,BRD-A17300716-001-01-5,dehydroacetic-acid,,0.305230879774883,0.2811186941203223,0.0241121856545606,False,CC(=O)C1C(=O)OC(C)=CC1=O,prism_treatment_info
0818cea28,BRD-K51207550-001-23-0,ethionamide,mycolic synthesis inhibitor,0.3129752996269229,0.3019834854532109,0.010991814173712,False,"CCc1cc(ccn1)C(S)=N, CCc1cc(ccn1)C(S)=N",prism_treatment_info
0838d5330,BRD-K15502390-001-20-9,nevirapine,non-nucleoside reverse transcriptase inhibitor,0.3133754073147645,0.3088030882649095,0.0045723190498549,False,"Cc1ccnc2c1NC(=O)c1cccnc1N2C1CC1, Cc1ccnc2c1NC(=O)c1cccnc1N2C1CC1",prism_treatment_info
0840ac02a,BRD-K05674516-001-02-5,sofosbuvir,RNA polymerase inhibitor,0.3971455267362459,0.342680197536481,0.0544653291997649,False,CC(C)OC(=O)[C@H](C)N[P@@](=O)(OC[C@H]1O[C@@H](n2ccc(=O)[nH]c2=O)[C@](C)(F)[C@@H]1O)Oc1ccccc1,prism_treatment_info
08451084b,BRD-K60025295-003-06-6,crystal-violet,other antibiotic,0.5030415540149713,0.4491582019725966,0.0538833520423746,True,"CN(C)c1ccc(cc1)C(c1ccc(cc1)N(C)C)=C1C=CC(C=C1)=[N+](C)C, CN(C)c1ccc(cc1)C(c1ccc(cc1)N(C)C)=C1C=CC(C=C1)=[N+](C)C, CN(C)c1ccc(cc1)C(c1ccc(cc1)N(C)C)=C1C=CC(C=C1)=[N+](C)C",prism_treatment_info
0869981c5,BRD-K74117820-066-10-8,nelfinavir,HIV protease inhibitor,0.3475801412002923,0.3297058391881637,0.0178743020121285,False,Cc1c(O)cccc1C(=O)N[C@@H](CSc1ccccc1)[C@H](O)CN1C[C@H]2CCCC[C@H]2C[C@H]1C(=O)NC(C)(C)C,prism_treatment_info
088c123eb,BRD-K25359048-001-02-6,WZ811,CC chemokine receptor antagonist,0.3568118313334113,0.3562379523312863,0.0005738790021249,False,C(Nc1ccccn1)c1ccc(CNc2ccccn2)cc1,prism_treatment_info
08b785d36,BRD-K95161686-001-02-8,octisalate,,0.3460662005501351,0.3176364972775801,0.028429703272555,False,CCCC[C@@H](CC)COC(=O)c1ccccc1O,prism_treatment_info
08d495e06,BRD-K87202646-001-32-6,isoniazid,FABI inhibitor,0.4024891547423754,0.3703291861490041,0.0321599685933712,False,"NNC(=O)c1ccncc1, NNC(=O)c1ccncc1",prism_treatment_info
08e555b5d,BRD-K15424032-001-03-6,SB-228357,serotonin receptor antagonist,0.3989998417784852,0.3165838011699798,0.0824160406085053,False,"COc1cc2CCN(C(=O)Nc3cc(F)cc(c3)-c3cccnc3)c2cc1C(F)(F)F, COc1cc2CCN(C(=O)Nc3cc(F)cc(c3)-c3cccnc3)c2cc1C(F)(F)F",prism_treatment_info
08ef97d85,BRD-K66876909-001-12-6,linezolid,bacterial 50S ribosomal subunit inhibitor,0.3194030346740474,0.312824357467664,0.0065786772063834,False,"CC(=O)NC[C@H]1CN(C(=O)O1)c1ccc(N2CCOCC2)c(F)c1, CC(=O)NC[C@H]1CN(C(=O)O1)c1ccc(N2CCOCC2)c(F)c1, CC(=O)NC[C@H]1CN(C(=O)O1)c1ccc(N2CCOCC2)c(F)c1",prism_treatment_info
092369ae5,BRD-A59709458-001-01-8,PHCCC,glutamate receptor agonist,0.3385706596718307,0.3146989120709167,0.0238717476009139,False,"O\N=C1/C2CC2(Oc2ccccc12)C(=O)Nc1ccccc1, O\N=C1/C2CC2(Oc2ccccc12)C(=O)Nc1ccccc1",prism_treatment_info
094f11f46,BRD-K96188950-001-16-9,caffeic-acid-phenethyl-ester,HIV integrase inhibitor,0.3766574130772578,0.3649994739140253,0.0116579391632325,False,"Oc1ccc(\C=C\C(=O)OCCc2ccccc2)cc1O, Oc1ccc(\C=C\C(=O)OCCc2ccccc2)cc1O",prism_treatment_info
0957d670d,BRD-K21565985-001-22-5,xylazine,adrenergic receptor agonist,0.3888717650018347,0.3350966297240285,0.0537751352778061,False,"Cc1cccc(C)c1NC1=NCCCS1, Cc1cccc(C)c1NC1=NCCCS1",prism_treatment_info
097e28a80,BRD-K81326768-001-04-0,zomepirac,prostaglandin synthesis inhibitor,0.3046376626166156,0.2977215053235779,0.0069161572930376,False,"Cc1cc(CC(O)=O)n(C)c1C(=O)c1ccc(Cl)cc1, Cc1cc(CC(O)=O)n(C)c1C(=O)c1ccc(Cl)cc1, Cc1cc(CC(O)=O)n(C)c1C(=O)c1ccc(Cl)cc1",prism_treatment_info
0994324f7,BRD-A90695733-001-07-4,manidipine,calcium channel blocker,0.3808361327176324,0.3521298631038808,0.0287062696137516,False,"COC(=O)C1=C(C)NC(C)=C(C1c1cccc(c1)[N+]([O-])=O)C(=O)OCCN1CCN(CC1)C(c1ccccc1)c1ccccc1, COC(=O)C1=C(C)NC(C)=C(C1c1cccc(c1)[N+]([O-])=O)C(=O)OCCN1CCN(CC1)C(c1ccccc1)c1ccccc1, COC(=O)C1=C(C)NC(C)=C(C1c1cccc(c1)[N+]([O-])=O)C(=O)OCCN1CCN(CC1)C(c1ccccc1)c1ccccc1, COC(=O)C1=C(C)NC(C)=C(C1c1cccc(c1)[N+]([O-])=O)C(=O)OCCN1CCN(CC1)C(c1ccccc1)c1ccccc1",prism_treatment_info
099d52518,BRD-K69600043-328-05-5,thiethylperazine,dopamine receptor antagonist,0.3205341259264667,0.3054446733014516,0.0150894526250151,False,CCSc1ccc2Sc3ccccc3N(CCCN3CCN(C)CC3)c2c1,prism_treatment_info
09a82e482,BRD-K19309090-300-05-5,SR-95639A,acetylcholine receptor agonist,0.3428207206916741,0.3329371728947777,0.0098835477968963,False,C(CN1CCOCC1)Nc1cc2CCCc3ccccc3-c2nn1,prism_treatment_info
09c344d7e,BRD-K23677682-003-01-2,voreloxin,topoisomerase inhibitor,0.3704410608912767,0.3584328598668466,0.0120082010244301,False,CN[C@H]1CN(C[C@@H]1OC)c1ccc2c(n1)n(cc(C(O)=O)c2=O)-c1nccs1,prism_treatment_info
09d2dafc9,BRD-K46741531-001-02-4,cafestol,pregnane X receptor agonist,0.370850119144984,0.337165454639843,0.0336846645051409,False,C[C@@]12CCc3occc3[C@H]1CC[C@@]13C[C@@H](CC[C@@H]21)[C@@](O)(CO)C3,prism_treatment_info
09dfe3a61,BRD-K91699951-001-10-2,benzonatate,local anesthetic,0.4158499761837462,0.3814530554740724,0.0343969207096737,False,CCCCNc1ccc(cc1)C(=O)OCCOCCOCCOCCOCCOCCOCCOCCOCCOC,prism_treatment_info
09eea11d9,BRD-K97530723-001-20-9,melatonin,"melatonin receptor agonist, nitric oxide synthase inhibitor",0.2871355925286392,0.2795924367011728,0.0075431558274663,False,"COc1ccc2[nH]cc(CCNC(C)=O)c2c1, COc1ccc2[nH]cc(CCNC(C)=O)c2c1, COc1ccc2[nH]cc(CCNC(C)=O)c2c1",prism_treatment_info
09f1ecae4,BRD-K39371216-001-01-3,cyacetacide,,0.3760457193299175,0.3564319135402464,0.0196138057896711,False,NNC(=O)CC#N,prism_treatment_info
09fd73482,BRD-A64610707-001-04-4,pranoprofen,cyclooxygenase inhibitor,0.3193269861910114,0.3185061589862548,0.0008208272047565,False,"CC(C(O)=O)c1ccc2Oc3ncccc3Cc2c1, CC(C(O)=O)c1ccc2Oc3ncccc3Cc2c1, CC(C(O)=O)c1ccc2Oc3ncccc3Cc2c1",prism_treatment_info
0a0ad13f2,BRD-K18324993-001-01-6,budipine,glutamate receptor antagonist,0.3405031236702179,0.3023584854045891,0.0381446382656288,False,CC(C)(C)N1CCC(CC1)(c1ccccc1)c1ccccc1,prism_treatment_info
0a18b9edc,BRD-K35520305-001-17-7,dacarbazine,DNA alkylating agent,0.3833933762867227,0.3733131631342019,0.0100802131525208,False,"CN(C)\N=N\c1[nH]cnc1C(N)=O, CN(C)\N=N\c1[nH]cnc1C(N)=O",prism_treatment_info
0a238848b,BRD-K26581543-001-01-6,bifendate,,0.3390424794822581,0.3223768837269496,0.0166655957553084,False,COC(=O)c1cc(OC)c2OCOc2c1-c1c2OCOc2c(OC)cc1C(=O)OC,prism_treatment_info
0a303746d,BRD-K79501723-001-04-6,cyclizine,histamine receptor modulator,0.3917926276196858,0.365402895554057,0.0263897320656287,False,"CN1CCN(CC1)C(c1ccccc1)c1ccccc1, CN1CCN(CC1)C(c1ccccc1)c1ccccc1",prism_treatment_info
0a5a4f458,BRD-K02407574-001-09-7,parbendazole,tubulin polymerization inhibitor,0.6648267040233422,0.6254389485915911,0.0393877554317511,True,CCCCc1ccc2[nH]c(NC(=O)OC)nc2c1,prism_treatment_info
0a7a2361d,BRD-K99946902-001-07-5,hexylresorcinol,local anesthetic,0.2805160614173083,0.2674090923688388,0.0131069690484694,False,CCCCCCc1ccc(O)cc1O,prism_treatment_info
0a90ac6bb,BRD-K97309399-001-09-4,thiothixene,dopamine receptor antagonist,0.3685634069119828,0.3302739799928589,0.0382894269191239,False,CN(C)S(=O)(=O)c1ccc2Sc3ccccc3\C(=C/CCN3CCN(C)CC3)c2c1,prism_treatment_info
0a9da712c,BRD-K36207157-001-09-6,chlorprothixene,dopamine receptor antagonist,0.3133314977153358,0.255502867990057,0.0578286297252788,False,"CN(C)CC\C=C1\c2ccccc2Sc2ccc(Cl)cc12, CN(C)CC\C=C1\c2ccccc2Sc2ccc(Cl)cc12, CN(C)CC\C=C1\c2ccccc2Sc2ccc(Cl)cc12",prism_treatment_info
0aa0cd705,BRD-A95755460-001-01-3,talarozole,cytochrome P450 inhibitor,0.3302400740743602,0.2900259269650601,0.0402141471093,False,CCC(CC)C(c1ccc(Nc2nc3ccccc3s2)cc1)n1cncn1,prism_treatment_info
0ab979d56,BRD-K68408467-065-01-8,proflavine-hemisulfate,topical anesthetic,0.4612135670529111,0.3919010174713696,0.0693125495815415,False,Nc1ccc2cc3ccc(N)cc3nc2c1,prism_treatment_info
0ab9dd71b,BRD-K45437867-005-03-3,5-methylfurmethiodide,acetylcholine receptor agonist,0.3418751143176033,0.3266457044907224,0.0152294098268809,False,"Cc1ccc(C[N+](C)(C)C)o1, Cc1ccc(C[N+](C)(C)C)o1",prism_treatment_info
0b0c1110a,BRD-K49215523-001-04-2,GSK2636771,PI3K inhibitor,0.3296398142777538,0.3067605197437912,0.0228792945339625,False,"Cc1nc2c(cc(cc2n1Cc1cccc(c1C)C(F)(F)F)N1CCOCC1)C(O)=O, Cc1nc2c(cc(cc2n1Cc1cccc(c1C)C(F)(F)F)N1CCOCC1)C(O)=O",prism_treatment_info
0b1ed98a0,BRD-K30114692-001-15-9,methenamine,bacterial DNA inhibitor,0.4025253238700296,0.3544556994786562,0.0480696243913733,False,"C1N2CN3CN1CN(C2)C3, C1N2CN3CN1CN(C2)C3",prism_treatment_info
0b2784841,BRD-A07395371-003-10-0,esmolol,adrenergic receptor antagonist,0.3940635842072469,0.3671825316887692,0.0268810525184776,False,COC(=O)CCc1ccc(OCC(O)CNC(C)C)cc1,prism_treatment_info
0b33c4d4b,BRD-K25317177-065-01-4,modaline,,0.3242488145357675,0.3198296589933547,0.0044191555424127,False,Cc1nccnc1N1CCCCC1,prism_treatment_info
0b4130695,BRD-K65992024-001-01-5,pirenoxine,AGE inhibitor,0.4078775204885955,0.2922584916882335,0.115619028800362,False,OC(=O)c1cc(O)c2c3nc4ccccc4oc3cc(=O)c2n1,prism_treatment_info
0b4bcc9de,BRD-K31519811-001-02-2,PF-02545920,phosphodiesterase inhibitor,0.3545035970915677,0.3339725757765633,0.0205310213150043,False,Cn1cc(c(n1)-c1ccc(OCc2ccc3ccccc3n2)cc1)-c1ccncc1,prism_treatment_info
0b710dd39,BRD-K21673112-003-01-3,BF2.649,histamine receptor antagonist,0.3537513518799171,0.3429923403033376,0.0107590115765795,False,"Clc1ccc(CCCOCCCN2CCCCC2)cc1, Clc1ccc(CCCOCCCN2CCCCC2)cc1",prism_treatment_info
0b8cbbb45,BRD-K89072800-001-01-8,2-TEDC,lipoxygenase inhibitor,0.3772609354857628,0.3123901538066065,0.0648707816791562,False,Oc1ccc(\C=C(/C#N)C(=O)OCCc2cccs2)cc1O,prism_treatment_info
0bbc1ccf0,BRD-K07955840-001-02-3,PF-05212384,"mTOR inhibitor, PI3K inhibitor",0.5966913750344415,0.5127860225804527,0.0839053524539887,True,"CN(C)C1CCN(CC1)C(=O)c1ccc(NC(=O)Nc2ccc(cc2)-c2nc(nc(n2)N2CCOCC2)N2CCOCC2)cc1, CN(C)C1CCN(CC1)C(=O)c1ccc(NC(=O)Nc2ccc(cc2)-c2nc(nc(n2)N2CCOCC2)N2CCOCC2)cc1, CN(C)C1CCN(CC1)C(=O)c1ccc(NC(=O)Nc2ccc(cc2)-c2nc(nc(n2)N2CCOCC2)N2CCOCC2)cc1",prism_treatment_info
0bcee96a5,BRD-K56195681-001-01-0,losmapimod,p38 MAPK inhibitor,0.3128186123881099,0.3114645305427069,0.0013540818454029,False,Cc1c(F)cc(cc1-c1ccc(cn1)C(=O)NCC(C)(C)C)C(=O)NC1CC1,prism_treatment_info
0bfdf50db,BRD-K81807412-001-10-6,N6-methyladenosine,,0.3183873907686174,0.3155896769195123,0.002797713849105,False,CNc1ncnc2n(cnc12)[C@@H]1O[C@H](CO)[C@@H](O)[C@H]1O,prism_treatment_info
0c3e1a7e3,BRD-K18787491-001-08-6,U-0126,MEK inhibitor,0.4544657778274007,0.3960119745056991,0.0584538033217015,False,"N\C(Sc1ccccc1N)=C(C#N)/C(C#N)=C(/N)Sc1ccccc1N, N\C(Sc1ccccc1N)=C(C#N)/C(C#N)=C(\N)Sc1ccccc1N, N\C(Sc1ccccc1N)=C(C#N)/C(C#N)=C(/N)Sc1ccccc1N",prism_treatment_info
0c459ade8,BRD-K50866992-003-09-5,tropisetron,serotonin receptor antagonist,0.3679769004172332,0.3100834230441988,0.0578934773730343,False,"CN1[C@H]2CC[C@@H]1C[C@@H](C2)OC(=O)c1c[nH]c2ccccc12, CN1[C@H]2CC[C@@H]1C[C@@H](C2)OC(=O)c1c[nH]c2ccccc12",prism_treatment_info
0c697edf3,BRD-K89299012-001-06-0,DCEBIO,potassium channel activator,0.3349733881743402,0.3252405257696486,0.0097328624046916,False,"CCn1c(O)nc2cc(Cl)c(Cl)cc12, CCn1c(O)nc2cc(Cl)c(Cl)cc12, CCn1c(O)nc2cc(Cl)c(Cl)cc12",prism_treatment_info
0c8688cb8,BRD-K02407574-001-09-7,parbendazole,tubulin polymerization inhibitor,0.4509718904222061,0.4484000342673406,0.0025718561548655,False,CCCCc1ccc2[nH]c(NC(=O)OC)nc2c1,prism_treatment_info
0c8bdba10,BRD-K76606751-001-01-7,mebicar,anxiolytic,0.3359718318545587,0.266096919125967,0.0698749127285917,False,CN1C2C(N(C)C1=O)N(C)C(=O)N2C,prism_treatment_info
0c9d6e27a,BRD-K36627727-001-05-4,tamibarotene,retinoid receptor agonist,0.3082251700539751,0.2810655945768359,0.0271595754771392,False,CC1(C)CCC(C)(C)c2cc(NC(=O)c3ccc(cc3)C(O)=O)ccc12,prism_treatment_info
0ca266ee0,BRD-K71106091-001-06-1,fludarabine-phosphate,ribonucleotide reductase inhibitor,0.3599861030826615,0.2958180466853575,0.0641680563973039,False,"Nc1nc(F)nc2n(cnc12)[C@@H]1O[C@H](COP(O)(O)=O)[C@@H](O)[C@@H]1O, Nc1nc(F)nc2n(cnc12)[C@@H]1O[C@H](COP(O)(O)=O)[C@@H](O)[C@@H]1O, Nc1nc(F)nc2n(cnc12)[C@@H]1O[C@H](COP(O)(O)=O)[C@@H](O)[C@@H]1O",prism_treatment_info
0cc68ee7c,BRD-K81807412-001-10-6,N6-methyladenosine,,0.3251938604002566,0.3232597238236518,0.0019341365766047,False,CNc1ncnc2n(cnc12)[C@@H]1O[C@H](CO)[C@@H](O)[C@H]1O,prism_treatment_info
0d0a37f28,BRD-K33082088-001-03-3,retapamulin,protein synthesis inhibitor,0.3127076593797854,0.3120926591555591,0.0006150002242263,False,C[C@@H]1CC[C@@]23CCC(=O)[C@H]2[C@]1(C)[C@@H](C[C@@](C)(C=C)[C@@H](O)[C@@H]3C)OC(=O)CS[C@H]1C[C@@H]2CC[C@H](C1)N2C,prism_treatment_info
0d3228a10,BRD-K75308783-001-07-0,SAR-245409,PI3K inhibitor,0.3119086045645969,0.3013856703391906,0.0105229342254062,False,COc1cc(Nc2nc3ccccc3nc2NS(=O)(=O)c2ccc(NC(=O)c3ccc(C)c(OC)c3)cc2)cc(OC)c1,prism_treatment_info
0d353a095,BRD-K57927309-001-01-7,BW-180C,opioid receptor agonist,0.311509916080314,0.2905130722347918,0.0209968438455221,False,CC(C)C[C@H](NC(=O)[C@H](Cc1ccccc1)NC(=O)CNC(=O)[C@H](C)NC(=O)[C@@H](N)Cc1ccc(O)cc1)C(O)=O,prism_treatment_info
0d3eea33f,BRD-K78659596-001-03-9,ixazomib,proteasome inhibitor,0.4222619355720696,0.3901695765514389,0.0320923590206306,False,CC(C)C[C@H](NC(=O)CNC(=O)c1cc(Cl)ccc1Cl)B(O)O,prism_treatment_info
0d4080d56,BRD-K13646352-001-03-8,midostaurin,"FLT3 inhibitor, KIT inhibitor, PKC inhibitor",0.4883435179714974,0.378237572728185,0.1101059452433124,False,CO[C@@H]1[C@@H](C[C@H]2O[C@]1(C)n1c3ccccc3c3c4CNC(=O)c4c4c5ccccc5n2c4c13)N(C)C(=O)c1ccccc1,prism_treatment_info
0d6ea831c,BRD-K76205745-237-16-5,losartan,angiotensin receptor antagonist,0.3065161792213403,0.2731576168333026,0.0333585623880377,False,"CCCCc1nc(Cl)c(CO)n1Cc1ccc(cc1)-c1ccccc1-c1nnn[nH]1, CCCCc1nc(Cl)c(CO)n1Cc1ccc(cc1)-c1ccccc1-c1nnn[nH]1, CCCCc1nc(Cl)c(CO)n1Cc1ccc(cc1)-c1ccccc1-c1nnn[nH]1, CCCCc1nc(Cl)c(CO)n1Cc1ccc(cc1)-c1ccccc1-c1nnn[nH]1",prism_treatment_info
0d7aae6fe,BRD-K20482099-001-11-0,rutin,"antioxidant, capillary stabilizing agent, nitric oxide scavenger",0.3363512527450464,0.3232973894122428,0.0130538633328036,False,"C[C@@H]1O[C@@H](OC[C@H]2O[C@@H](Oc3c(oc4cc(O)cc(O)c4c3=O)-c3ccc(O)c(O)c3)[C@H](O)[C@@H](O)[C@@H]2O)[C@H](O)[C@H](O)[C@H]1O, C[C@@H]1O[C@@H](OC[C@H]2O[C@@H](Oc3c(oc4cc(O)cc(O)c4c3=O)-c3ccc(O)c(O)c3)[C@H](O)[C@@H](O)[C@@H]2O)[C@H](O)[C@H](O)[C@H]1O, C[C@@H]1O[C@@H](OC[C@H]2O[C@@H](Oc3c(oc4cc(O)cc(O)c4c3=O)-c3ccc(O)c(O)c3)[C@H](O)[C@@H](O)[C@@H]2O)[C@H](O)[C@H](O)[C@H]1O",prism_treatment_info
0da838c8c,BRD-K73469236-001-01-8,nedaplatin,DNA inhibitor,0.3285582235591106,0.2978294342214438,0.0307287893376668,False,"N[Pt++]1(N)OCC(=O)O1, N[Pt]1(N)OCC(=O)O1",prism_treatment_info
0dcd1acb9,BRD-A79768653-001-12-0,sirolimus,mTOR inhibitor,0.4503295788861993,0.4056639905704858,0.0446655883157134,False,"CO[C@@H]1C[C@H](C[C@@H](C)[C@@H]2CC(=O)[C@H](C)\C=C(C)\[C@@H](O)[C@@H](OC)C(=O)[C@H](C)C[C@H](C)\C=C\C=C\C=C(C)\[C@H](C[C@@H]3CC[C@@H](C)[C@@](O)(O3)C(=O)C(=O)N3CCCC[C@H]3C(=O)O2)OC)CC[C@H]1O, CO[C@@H]1C[C@H](C[C@@H](C)[C@@H]2CC(=O)[C@H](C)\C=C(C)\[C@@H](O)[C@@H](OC)C(=O)[C@H](C)C[C@H](C)\C=C\C=C\C=C(C)\[C@H](C[C@@H]3CC[C@@H](C)[C@@](O)(O3)C(=O)C(=O)N3CCCC[C@H]3C(=O)O2)OC)CC[C@H]1O, COC1CC(CC(C)C2CC(=O)C(C)\C=C(C)\C(O)C(OC)C(=O)C(C)CC(C)\C=C\C=C\C=C(C)\C(CC3CCC(C)C(O)(O3)C(=O)C(=O)N3CCCCC3C(=O)O2)OC)CCC1O, CO[C@@H]1C[C@H](C[C@@H](C)[C@@H]2CC(=O)[C@H](C)\C=C(C)\[C@@H](O)[C@@H](OC)C(=O)[C@H](C)C[C@H](C)\C=C\C=C\C=C(C)\[C@H](C[C@@H]3CC[C@@H](C)[C@@](O)(O3)C(=O)C(=O)N3CCCC[C@H]3C(=O)O2)OC)CC[C@H]1O",prism_treatment_info
0ddc8c8dd,BRD-K12614344-003-01-8,CGS-21680,adenosine receptor agonist,0.4077218296113014,0.3510995854907512,0.0566222441205501,False,CCNC(=O)[C@H]1O[C@H]([C@@H](O)[C@@H]1O)n1cnc2c(N)nc(NCCc3ccc(CCC(O)=O)cc3)nc12,prism_treatment_info
0de20729b,BRD-A16665823-001-02-0,butoconazole,bacterial cell wall synthesis inhibitor,0.3372823999965206,0.3075595354210607,0.0297228645754599,False,"Clc1ccc(CCC(Cn2ccnc2)Sc2c(Cl)cccc2Cl)cc1, Clc1ccc(CCC(Cn2ccnc2)Sc2c(Cl)cccc2Cl)cc1",prism_treatment_info
0dedfb162,BRD-K92241597-001-06-0,tosedostat,peptidase inhibitor,0.4567084826028862,0.3943066295427028,0.0624018530601833,False,"CC(C)C[C@H]([C@H](O)C(=O)NO)C(=O)N[C@H](C(=O)OC1CCCC1)c1ccccc1, CC(C)C[C@H]([C@H](O)C(=O)NO)C(=O)N[C@H](C(=O)OC1CCCC1)c1ccccc1, CC(C)C[C@H]([C@H](O)C(=O)NO)C(=O)N[C@H](C(=O)OC1CCCC1)c1ccccc1, CC(C)C[C@H]([C@H](O)C(=O)NO)C(=O)N[C@H](C(=O)OC1CCCC1)c1ccccc1",prism_treatment_info
0df3baf65,BRD-A36057565-001-01-0,bruceantin,protein synthesis inhibitor,0.3064384915470508,0.2401703752660595,0.0662681162809912,False,COC(=O)[C@]12OC[C@@]34[C@H]1[C@@H](OC(=O)\C=C(/C)C(C)C)C(=O)O[C@@H]3C[C@H]1C(C)C(=O)C(=O)C[C@]1(C)[C@H]4[C@@H](O)[C@@H]2O,prism_treatment_info
0e328d0f9,BRD-K23672206-001-01-4,BCI-540,glutamate receptor agonist,0.3282765361504796,0.3274555803594046,0.0008209557910749,False,Cc1oc2nc3CCCCc3c(NC(=O)CN3CCCC3=O)c2c1C,prism_treatment_info
0e33496df,BRD-K98203492-003-04-1,GSK-J4,histone lysine demethylase inhibitor,0.5914353667716176,0.3852454812594119,0.2061898855122056,True,"CCOC(=O)CCNc1cc(nc(n1)-c1ccccn1)N1CCc2ccccc2CC1, CCOC(=O)CCNc1cc(nc(n1)-c1ccccn1)N1CCc2ccccc2CC1",prism_treatment_info
0e430527f,BRD-K76812510-236-14-8,metamizole,"cyclooxygenase inhibitor, opioid receptor agonist",0.3006154713494537,0.2851686997964257,0.015446771553028,False,CN(CS(O)(=O)=O)c1c(C)n(C)n(-c2ccccc2)c1=O,prism_treatment_info
0e6ee26ff,BRD-K45909031-001-01-5,WZ4003,AMPK inhibitor,0.3785455776098888,0.3525301172844389,0.0260154603254498,False,CCC(=O)Nc1cccc(Oc2nc(Nc3ccc(cc3OC)N3CCN(C)CC3)ncc2Cl)c1,prism_treatment_info
0e7d55a49,BRD-K33251802-001-01-3,miglustat,Glycosyl transferase inhibitor,0.3513809553397097,0.3054633078220608,0.0459176475176489,False,CCCCN1C[C@H](O)[C@@H](O)[C@H](O)[C@H]1CO,prism_treatment_info
0e8624227,BRD-K97884852-001-05-4,malotilate,protein synthesis stimulant,0.3286665196189571,0.3257644787663578,0.0029020408525992,False,CC(C)OC(=O)C(C(=O)OC(C)C)=C1SC=CS1,prism_treatment_info
0eae9401c,BRD-K90382497-001-10-7,GW-843682X,PLK inhibitor,0.356079514859604,0.3399644085088105,0.0161151063507934,False,"COc1cc2ncn(-c3cc(OCc4ccccc4C(F)(F)F)c(s3)C(N)=O)c2cc1OC, COc1cc2ncn(-c3cc(OCc4ccccc4C(F)(F)F)c(s3)C(N)=O)c2cc1OC",prism_treatment_info
0ebfd755d,BRD-K52075715-001-06-7,oxibendazole,tubulin polymerization inhibitor,0.6735920114007938,0.6669961842507526,0.0065958271500412,True,"CCCOc1ccc2nc(NC(=O)OC)[nH]c2c1, CCCOc1ccc2nc(NC(=O)OC)[nH]c2c1",prism_treatment_info
0f1a2baa0,BRD-K72167406-001-03-9,cefditoren-pivoxil,bacterial cell wall synthesis inhibitor,0.3664104480749749,0.3624164002145902,0.0039940478603847,False,"CO\N=C(/C(=O)N[C@H]1[C@H]2SCC(\C=C/c3scnc3C)=C(N2C1=O)C(=O)OCOC(=O)C(C)(C)C)c1csc(N)n1, CO\N=C(/C(=O)N[C@H]1[C@H]2SCC(\C=C/c3scnc3C)=C(N2C1=O)C(=O)OCOC(=O)C(C)(C)C)c1csc(N)n1, CO\N=C(/C(=O)N[C@H]1[C@H]2SCC(\C=C/c3scnc3C)=C(N2C1=O)C(=O)OCOC(=O)C(C)(C)C)c1csc(N)n1",prism_treatment_info
0f2ec8169,BRD-A29644307-050-17-0,nomifensine,"dopamine uptake inhibitor, noradrenaline uptake inhibitor",0.358303593420423,0.3577799356538392,0.0005236577665838,False,"CN1CC(c2ccccc2)c2cccc(N)c2C1, CN1CC(c2ccccc2)c2cccc(N)c2C1, CN1CC(c2ccccc2)c2cccc(N)c2C1",prism_treatment_info
0f38ca544,BRD-A62071884-001-04-6,siguazodan,phosphodiesterase inhibitor,0.2985506356422577,0.2566425413191925,0.0419080943230651,False,"CN\C(NC#N)=N/c1ccc(cc1)C1=NNC(=O)CC1C, CN\C(NC#N)=N/c1ccc(cc1)C1=NNC(=O)CC1C",prism_treatment_info
0f47f25d6,BRD-K36381762-300-02-7,nor-Binaltorphimine-dihydrochloride,opioid receptor antagonist,0.3238656618446406,0.3201417107329032,0.0037239511117373,False,"Oc1ccc2C[C@H]3N(CC4CC4)CC[C@@]45[C@@H](Oc1c24)c1[nH]c2[C@@H]4Oc6c7c(C[C@H]8N(CC9CC9)CC[C@@]47[C@@]8(O)Cc2c1C[C@@]35O)ccc6O, Oc1ccc2C[C@H]3N(CC4CC4)CC[C@@]45[C@@H](Oc1c24)c1[nH]c2[C@@H]4Oc6c7c(C[C@H]8N(CC9CC9)CC[C@@]47[C@@]8(O)Cc2c1C[C@@]35O)ccc6O",prism_treatment_info
0f7cd09d2,BRD-K63750851-001-20-7,mycophenolic-acid,"dehydrogenase inhibitor, inositol monophosphatase inhibitor",0.4862889839163871,0.4380884236927582,0.0482005602236289,False,"COc1c(C)c2COC(=O)c2c(O)c1C\C=C(/C)CCC(O)=O, COc1c(C)c2COC(=O)c2c(O)c1C\C=C(/C)CCC(O)=O, COc1c(C)c2COC(=O)c2c(O)c1C\C=C(/C)CCC(O)=O, COc1c(C)c2COC(=O)c2c(O)c1C\C=C(/C)CCC(O)=O",prism_treatment_info
0fa4c6156,BRD-K48892307-001-04-1,sasapyrine,NFkB pathway inhibitor,0.334476285836988,0.3246534710001963,0.0098228148367916,False,"OC(=O)c1ccccc1OC(=O)c1ccccc1O, OC(=O)c1ccccc1OC(=O)c1ccccc1O",prism_treatment_info
0fb911637,BRD-K28861668-001-01-9,A922500,diacylglycerol O acyltransferase inhibitor,0.2859126323797105,0.2817627563036301,0.0041498760760803,False,OC(=O)[C@H]1CCC[C@H]1C(=O)c1ccc(cc1)-c1ccc(NC(=O)Nc2ccccc2)cc1,prism_treatment_info
0fc10b0bf,BRD-K87156652-001-12-7,carbimazole,antithyroid agent,0.3351886564069001,0.331208347398609,0.0039803090082911,False,"CCOC(=O)n1ccn(C)c1=S, CCOC(=O)n1ccn(C)c1=S, CCOC(=O)n1ccn(C)c1=S",prism_treatment_info
0fcba9312,BRD-K57927309-001-01-7,BW-180C,opioid receptor agonist,0.3612034954235693,0.3066630441872022,0.054540451236367,False,CC(C)C[C@H](NC(=O)[C@H](Cc1ccccc1)NC(=O)CNC(=O)[C@H](C)NC(=O)[C@@H](N)Cc1ccc(O)cc1)C(O)=O,prism_treatment_info
1000f4a19,BRD-K75641298-003-25-0,metoclopramide,"dopamine receptor antagonist, serotonin receptor antagonist",0.3501976491237009,0.3258432961101983,0.0243543530135025,False,CCN(CC)CCNC(=O)c1cc(Cl)c(N)cc1OC,prism_treatment_info
100370c58,BRD-K13387373-004-14-5,thonzonium,ATPase inhibitor,0.5674194281062509,0.4885118152838991,0.0789076128223518,True,"CCCCCCCCCCCCCCCC[N+](C)(C)CCN(Cc1ccc(OC)cc1)c1ncccn1, CCCCCCCCCCCCCCCC[N+](C)(C)CCN(Cc1ccc(OC)cc1)c1ncccn1",prism_treatment_info
100afe5d0,BRD-K21396683-001-04-8,marimastat,matrix metalloprotease inhibitor,0.2990095912739164,0.2766708918160752,0.0223386994578412,False,CNC(=O)[C@@H](NC(=O)[C@H](CC(C)C)[C@H](O)C(=O)NO)C(C)(C)C,prism_treatment_info
104c2c236,BRD-A20644369-001-08-6,canrenone,mineralocorticoid receptor antagonist,0.2970876116042807,0.2930710342113967,0.004016577392884,False,C[C@]12CCC3C(C=CC4=CC(=O)CC[C@]34C)C1CC[C@@]21CCC(=O)O1,prism_treatment_info
106043d62,BRD-K92731339-227-04-9,perindopril,angiotensin converting enzyme inhibitor,0.2962105099922748,0.29043163965795,0.0057788703343247,False,"CCC[C@H](N[C@@H](C)C(=O)N1[C@H]2CCCC[C@H]2C[C@H]1C(O)=O)C(=O)OCC, CCC[C@H](N[C@@H](C)C(=O)N1[C@H]2CCCC[C@H]2C[C@H]1C(O)=O)C(=O)OCC",prism_treatment_info
1087fbcdd,BRD-K34533029-001-08-5,tyrphostin-AG-494,EGFR inhibitor,0.3565995901191417,0.3525746312785193,0.0040249588406224,False,Oc1ccc(cc1O)\C=C(/C#N)C(=O)Nc1ccccc1,prism_treatment_info
108c2a905,BRD-K78781788-003-01-9,barnidipine,calcium channel blocker,0.3170607754460255,0.3026269118839403,0.0144338635620852,False,COC(=O)C1=C(C)NC(C)=C([C@H]1c1cccc(c1)[N+]([O-])=O)C(=O)O[C@H]1CCN(Cc2ccccc2)C1,prism_treatment_info
108fb5b61,BRD-A32505112-001-04-4,trandolapril,angiotensin converting enzyme inhibitor,0.4141735681231875,0.3141770861834588,0.0999964819397286,False,CCOC(=O)[C@H](CCc1ccccc1)N[C@H](C)C(=O)N1C2CCCCC2C[C@H]1C(O)=O,prism_treatment_info
10984cb4c,BRD-K20141153-003-13-7,atomoxetine,norepinephrine transporter inhibitor,0.3158944348830354,0.2727128957272855,0.0431815391557499,False,"CNCC[C@@H](Oc1ccccc1C)c1ccccc1, CNCC[C@@H](Oc1ccccc1C)c1ccccc1, CNCC[C@@H](Oc1ccccc1C)c1ccccc1",prism_treatment_info
10afa009a,BRD-K17743125-001-08-4,belinostat,HDAC inhibitor,0.4418400021300934,0.3649149926405134,0.0769250094895799,False,ONC(=O)\C=C\c1cccc(c1)S(=O)(=O)Nc1ccccc1,prism_treatment_info
10c7d51b1,BRD-K16478699-001-09-2,PLX-4720,RAF inhibitor,0.3895833538202469,0.3536498068679918,0.0359335469522551,False,CCCS(=O)(=O)Nc1ccc(F)c(C(=O)c2c[nH]c3ncc(Cl)cc23)c1F,prism_treatment_info
10dbb5b2a,BRD-K44849676-001-10-5,capsazepine,TRPV agonist,0.3705566191936726,0.3547443586775876,0.015812260516085,False,"Oc1cc2CCCN(Cc2cc1O)C(=S)NCCc1ccc(Cl)cc1, Oc1cc2CCCN(Cc2cc1O)C(=S)NCCc1ccc(Cl)cc1",prism_treatment_info
10e1e8563,BRD-A92537424-001-04-7,danazol,"estrogen receptor antagonist, progesterone receptor agonist",0.3368959418887224,0.2872681413673201,0.0496278005214023,False,C[C@]12CCC3C(CCC4=Cc5oncc5C[C@]34C)C1CC[C@@]2(O)C#C,prism_treatment_info
10e92bab7,BRD-K35007173-001-07-5,enprofylline,phosphodiesterase inhibitor,0.3334014953822246,0.3190020280125655,0.014399467369659,False,CCCn1c2nc[nH]c2c(=O)[nH]c1=O,prism_treatment_info
10f5655d8,BRD-K97045029-001-04-3,pranlukast,leukotriene receptor antagonist,0.3780510261363484,0.354913197380066,0.0231378287562823,False,"O=C(Nc1cccc2c1oc(cc2=O)-c1nnn[nH]1)c1ccc(OCCCCc2ccccc2)cc1, O=C(Nc1cccc2c1oc(cc2=O)-c1nnn[nH]1)c1ccc(OCCCCc2ccccc2)cc1",prism_treatment_info
10f5807a0,BRD-K65786282-001-07-5,CGP-7930,GABA receptor modulator,0.3034969593818846,0.255749098626385,0.0477478607554995,False,"CC(C)(CO)Cc1cc(c(O)c(c1)C(C)(C)C)C(C)(C)C, CC(C)(CO)Cc1cc(c(O)c(c1)C(C)(C)C)C(C)(C)C",prism_treatment_info
1103b3408,BRD-K76805682-001-15-9,SB-415286,glycogen synthase kinase inhibitor,0.341733849423508,0.3252106451196188,0.0165232043038891,False,"Oc1ccc(NC2=C(C(=O)NC2=O)c2ccccc2[N+]([O-])=O)cc1Cl, Oc1ccc(NC2=C(C(=O)NC2=O)c2ccccc2[N+]([O-])=O)cc1Cl, Oc1ccc(NC2=C(C(=O)NC2=O)c2ccccc2[N+]([O-])=O)cc1Cl",prism_treatment_info
11325c559,BRD-K81957469-001-01-0,semagacestat,gamma secretase inhibitor,0.4509904062524636,0.3375971982681781,0.1133932079842856,False,CC(C)[C@H](O)C(=O)N[C@@H](C)C(=O)N[C@@H]1c2ccccc2CCN(C)C1=O,prism_treatment_info
118701eb7,BRD-A50049929-001-01-9,oxazepam,GABA benzodiazepine site receptor agonist,0.3931287835874603,0.3513394678881626,0.0417893156992976,False,OC1N=C(c2ccccc2)c2cc(Cl)ccc2NC1=O,prism_treatment_info
11880d31a,BRD-K06858286-001-01-3,cabazitaxel,microtubule inhibitor,0.6907906589496285,0.6763262970908936,0.0144643618587348,True,CO[C@@H]1C[C@H]2OC[C@@]2(OC(C)=O)[C@H]2[C@@H](OC(=O)c3ccccc3)[C@@]3(O)C[C@H](OC(=O)[C@H](O)[C@@H](NC(=O)OC(C)(C)C)c4ccccc4)C(C)=C([C@@H](OC)C(=O)[C@]12C)C3(C)C,prism_treatment_info
118e48808,BRD-K87202646-001-32-6,isoniazid,FABI inhibitor,0.4477708410011864,0.3727347547949795,0.0750360862062069,False,"NNC(=O)c1ccncc1, NNC(=O)c1ccncc1",prism_treatment_info
1191ff5f9,BRD-K87028197-001-01-3,asunaprevir,HCV inhibitor,0.3597885859804188,0.3216091969124051,0.0381793890680137,False,COc1cnc(O[C@@H]2C[C@H](N(C2)C(=O)[C@@H](NC(=O)OC(C)(C)C)C(C)(C)C)C(=O)N[C@@]2(C[C@H]2C=C)C(=O)NS(=O)(=O)C2CC2)c2cc(Cl)ccc12,prism_treatment_info
1196f6507,BRD-K68164687-001-01-6,epothilone-b,"microtubule stabilizing agent, tubulin polymerization inhibitor",0.6493772093272157,0.6376986158543615,0.0116785934728541,True,C[C@H]1CCC[C@@]2(C)O[C@H]2C[C@@H](OC(=O)C[C@@H](O)C(C)(C)C(=O)[C@H](C)[C@H]1O)C(\C)=C\c1csc(C)n1,prism_treatment_info
11afcd2b4,BRD-K80639402-003-02-9,SB-258585,serotonin receptor antagonist,0.3179094874795239,0.3150801445244044,0.0028293429551194,False,COc1ccc(NS(=O)(=O)c2ccc(I)cc2)cc1N1CCN(C)CC1,prism_treatment_info
11b3dbac8,BRD-K96006502-001-02-6,deflazacort,glucocorticoid receptor agonist,0.4204567398285003,0.4116229647050202,0.0088337751234801,False,CC(=O)OCC(=O)[C@@]12N=C(C)O[C@@H]1C[C@H]1[C@H]3CCC4=CC(=O)C=C[C@]4(C)[C@H]3[C@@H](O)C[C@]21C,prism_treatment_info
11f421f4b,BRD-A14395271-074-17-8,mesoridazine,dopamine receptor antagonist,0.4097785472620444,0.3765384157102638,0.0332401315517805,False,"CN1CCCCC1CCN1c2ccccc2Sc2ccc(cc12)S(C)=O, CN1CCCCC1CCN1c2ccccc2Sc2ccc(cc12)S(C)=O, CN1CCCCC1CCN1c2ccccc2Sc2ccc(cc12)S(C)=O",prism_treatment_info
11f5f3784,BRD-K85140930-001-12-7,aphidicolin,RNA synthesis inhibitor,0.3165157535169406,0.3059400721639215,0.0105756813530191,False,C[C@@]1(CO)[C@H](O)CC[C@@]2(C)[C@H]1CC[C@H]1C[C@@H]3C[C@]21CC[C@]3(O)CO,prism_treatment_info
11f66c124,BRD-K11558771-001-13-9,droxinostat,HDAC inhibitor,0.3445341744135433,0.3000848973509161,0.0444492770626271,False,Cc1cc(Cl)ccc1OCCCC(=O)NO,prism_treatment_info
122c63321,BRD-K34776109-001-16-6,glimepiride,insulin secretagogue,0.3487431143311111,0.3403080661186283,0.0084350482124828,False,"CCC1=C(C)CN(C(=O)NCCc2ccc(cc2)S(=O)(=O)NC(=O)N[C@H]2CC[C@H](C)CC2)C1=O, CCC1=C(C)CN(C(=O)NCCc2ccc(cc2)S(=O)(=O)NC(=O)N[C@H]2CC[C@H](C)CC2)C1=O, CCC1=C(C)CN(C(=O)NCCc2ccc(cc2)S(=O)(=O)NC(=O)N[C@H]2CC[C@H](C)CC2)C1=O",prism_treatment_info
122f493a7,BRD-A25569250-001-03-3,KI-16425,lysophosphatidic acid receptor antagonist,0.3256000743929699,0.2632560261700503,0.0623440482229196,False,CC(OC(=O)Nc1c(C)noc1-c1ccc(CSCCC(O)=O)cc1)c1ccccc1Cl,prism_treatment_info
12317960c,BRD-K27141178-003-07-3,SB-203186,serotonin receptor antagonist,0.4065179508361667,0.3522117017437047,0.0543062490924619,False,O=C(OCCN1CCCCC1)c1c[nH]c2ccccc12,prism_treatment_info
123bbd8c9,BRD-K21160401-065-01-0,dextroamphetamine,monoamine oxidase inhibitor,0.3888575245604941,0.3345291120645176,0.0543284124959765,False,C[C@H](N)Cc1ccccc1,prism_treatment_info
123bd9005,BRD-K94288301-001-01-7,letermovir,CMV terminase inhibitor,0.3681100502224112,0.3640189347357645,0.0040911154866467,False,COc1cccc(c1)N1CCN(CC1)C1=Nc2c(F)cccc2[C@H](CC(O)=O)N1c1cc(ccc1OC)C(F)(F)F,prism_treatment_info
124d80d20,BRD-K41160163-001-06-8,fenobam,glutamate receptor antagonist,0.2765580577578643,0.2639481105679298,0.0126099471899344,False,"CN1CC(=O)N=C1NC(=O)Nc1cccc(Cl)c1, CN1CC(=O)N=C1NC(=O)Nc1cccc(Cl)c1",prism_treatment_info
124e2dd9b,BRD-K91601245-001-12-0,mercaptopurine,"immunosuppressant, protein synthesis inhibitor, purine antagonist",0.4932980983333557,0.4921581054875361,0.0011399928458195,False,"S=c1[nH]cnc2nc[nH]c12, S=c1[nH]cnc2nc[nH]c12",prism_treatment_info
124f36030,BRD-K89053832-001-01-0,VLX600,ubiquitin C-terminal hydrolase inhibitor,0.4487392148491211,0.4266435297652229,0.0220956850838981,False,C\C(=N\Nc1nnc2c(n1)[nH]c1c(C)cccc21)c1ccccn1,prism_treatment_info
1258cb7b5,BRD-A51382177-236-03-0,fosinopril,angiotensin converting enzyme inhibitor,0.3428472551219062,0.3356368658567247,0.0072103892651814,False,"CCC(=O)O[C@@H](OP(=O)(CCCCc1ccccc1)CC(=O)N1C[C@@H](C[C@H]1C(O)=O)C1CCCCC1)C(C)C, CCC(=O)O[C@@H](OP(=O)(CCCCc1ccccc1)CC(=O)N1C[C@@H](C[C@H]1C(O)=O)C1CCCCC1)C(C)C",prism_treatment_info
125db1da8,BRD-K37561857-001-15-5,zardaverine,phosphodiesterase inhibitor,0.3722747878919656,0.3589762268760622,0.0132985610159034,False,"COc1cc(ccc1OC(F)F)-c1ccc(=O)[nH]n1, COc1cc(ccc1OC(F)F)-c1ccc(=O)[nH]n1, COc1cc(ccc1OC(F)F)-c1ccc(=O)[nH]n1",prism_treatment_info
126afe3ac,BRD-K41869275-001-02-8,2-phenylmelatonin,melatonin receptor agonist,0.3646234961260888,0.2893723483622826,0.0752511477638061,False,"COc1ccc2[nH]c(c(CCNC(C)=O)c2c1)-c1ccccc1, COc1ccc2[nH]c(c(CCNC(C)=O)c2c1)-c1ccccc1",prism_treatment_info
1292bde47,BRD-K20605374-001-05-4,NSC-697923,ubiquitin-conjugating enzyme inhibitor,0.342625601263914,0.3303815149786162,0.0122440862852978,False,"Cc1ccc(cc1)S(=O)(=O)c1ccc(o1)[N+]([O-])=O, Cc1ccc(cc1)S(=O)(=O)c1ccc(o1)[N+]([O-])=O",prism_treatment_info
12a367c0e,BRD-K26548821-003-10-5,quinpirol-(-),dopamine receptor agonist,0.3775677438703781,0.367088946986981,0.0104787968833971,False,"CCCN1CCC[C@@H]2Cc3n[nH]cc3C[C@@H]12, CCCN1CCC[C@@H]2Cc3n[nH]cc3C[C@@H]12",prism_treatment_info
12be3bd59,BRD-K31731454-237-02-5,pemirolast,mediator release inhibitor,0.3087908404073175,0.2860862963775491,0.0227045440297684,False,"Cc1cccn2c1ncc(-c1nnn[nH]1)c2=O, Cc1cccn2c1ncc(-c1nnn[nH]1)c2=O",prism_treatment_info
12d8dfdbb,BRD-K02764365-001-13-6,methiazole,anthelmintic agent,0.6542502835695895,0.6507402700888193,0.0035100134807701,True,COC(=O)Nc1nc2cc(SC(C)C)ccc2[nH]1,prism_treatment_info
12dc2e607,BRD-K47631482-003-06-2,bromhexine,mucolytic agent,0.3833943221019056,0.2867959214289762,0.0965984006729294,False,"CN(Cc1cc(Br)cc(Br)c1N)C1CCCCC1, CN(Cc1cc(Br)cc(Br)c1N)C1CCCCC1",prism_treatment_info
12fd34362,BRD-K82928847-001-04-7,ACY-1215,HDAC inhibitor,0.3189550259665263,0.3161196295353307,0.0028353964311956,False,ONC(=O)CCCCCCNC(=O)c1cnc(nc1)N(c1ccccc1)c1ccccc1,prism_treatment_info
1344cf491,BRD-K98384930-003-01-5,finafloxacin,bacterial DNA gyrase inhibitor,0.3744496840419424,0.3531109041923535,0.0213387798495889,False,OC(=O)c1cn(C2CC2)c2c(C#N)c(N3C[C@@H]4NCCO[C@H]4C3)c(F)cc2c1=O,prism_treatment_info
136179b9f,BRD-K03243820-001-25-3,trifluridine,"DNA directed DNA polymerase inhibitor, thymidylate synthase inhibitor",0.472714259942308,0.4285884858210191,0.0441257741212888,False,"OC[C@H]1O[C@H](C[C@@H]1O)n1cc(c(=O)[nH]c1=O)C(F)(F)F, OC[C@H]1O[C@H](C[C@@H]1O)n1cc(c(=O)[nH]c1=O)C(F)(F)F, OC[C@H]1O[C@H](C[C@@H]1O)n1cc(c(=O)[nH]c1=O)C(F)(F)F, OC[C@H]1O[C@H](C[C@@H]1O)n1cc(c(=O)[nH]c1=O)C(F)(F)F",prism_treatment_info
13665059e,BRD-K02764365-001-13-6,methiazole,anthelmintic agent,0.6408347923944627,0.6281806907806547,0.0126541016138079,True,COC(=O)Nc1nc2cc(SC(C)C)ccc2[nH]1,prism_treatment_info
1371ab7d1,BRD-K99545815-001-06-3,PF-562271,focal adhesion kinase inhibitor,0.3603675925387088,0.3334367156975939,0.0269308768411149,False,"CN(c1ncccc1CNc1nc(Nc2ccc3NC(=O)Cc3c2)ncc1C(F)(F)F)S(C)(=O)=O, CN(c1ncccc1CNc1nc(Nc2ccc3NC(=O)Cc3c2)ncc1C(F)(F)F)S(C)(=O)=O, CN(c1ncccc1CNc1nc(Nc2ccc3NC(=O)Cc3c2)ncc1C(F)(F)F)S(C)(=O)=O, CN(c1ncccc1CNc1nc(Nc2ccc3NC(=O)Cc3c2)ncc1C(F)(F)F)S(C)(=O)=O",prism_treatment_info
13846f436,BRD-K54395039-001-01-7,PR-619,DUB inhibitor,0.3409788251036807,0.2883969739944122,0.0525818511092685,False,"Nc1nc(N)c(SC#N)cc1SC#N, Nc1nc(N)c(SC#N)cc1SC#N",prism_treatment_info
1399e6e65,BRD-K07441213-001-18-9,paroxypropione,gonadotropin inhibitor,0.3776393081395491,0.3562046296009805,0.0214346785385686,False,CCC(=O)c1ccc(O)cc1,prism_treatment_info
13a6daeac,BRD-K64514229-001-05-2,toltrazuril,antiprotozoal agent,0.3148695592859405,0.3081111559143093,0.0067584033716312,False,"Cc1cc(ccc1Oc1ccc(SC(F)(F)F)cc1)-n1c(=O)[nH]c(=O)n(C)c1=O, Cc1cc(ccc1Oc1ccc(SC(F)(F)F)cc1)-n1c(=O)[nH]c(=O)n(C)c1=O",prism_treatment_info
13a765815,BRD-K62734952-001-01-0,arglabin,farnesyltransferase inhibitor,0.3884325235891251,0.345452815424894,0.0429797081642311,False,CC1=CC[C@]23O[C@@]2(C)CC[C@@H]2[C@H](OC(=O)C2=C)[C@@H]13,prism_treatment_info
13c8854af,BRD-K52559566-001-02-9,monosodium-alpha-luminol,,0.308112442629452,0.2917732064277963,0.0163392362016557,False,"Nc1cccc2c1c(=O)[nH][nH]c2=O, Nc1cccc2c1c(=O)[nH][nH]c2=O",prism_treatment_info
13da34f0d,BRD-K25312248-001-01-5,matrine,opioid receptor agonist,0.3615988405137258,0.3054671912807409,0.0561316492329849,False,O=C1CCC[C@@H]2[C@@H]3CCCN4CCC[C@H](CN12)[C@@H]34,prism_treatment_info
13e699d6a,BRD-K79759585-048-04-8,sildenafil,phosphodiesterase inhibitor,0.3540992355221786,0.3121497549707959,0.0419494805513827,False,"CCCc1nn(C)c2c1nc([nH]c2=O)-c1cc(ccc1OCC)S(=O)(=O)N1CCN(C)CC1, CCCc1nn(C)c2c1nc([nH]c2=O)-c1cc(ccc1OCC)S(=O)(=O)N1CCN(C)CC1, CCCc1nn(C)c2c1nc([nH]c2=O)-c1cc(ccc1OCC)S(=O)(=O)N1CCN(C)CC1",prism_treatment_info
13ecdf353,BRD-K73303757-001-21-6,4-methylgenistein,protein tyrosine kinase inhibitor,0.3293810673172107,0.3106766449562592,0.0187044223609514,False,COc1ccc(cc1)-c1coc2cc(O)cc(O)c2c1=O,prism_treatment_info
13f0fc7ff,BRD-K72093121-001-16-3,vidarabine,antiviral,0.3712427583910602,0.3384253782118697,0.0328173801791905,False,"Nc1ncnc2n(cnc12)[C@@H]1O[C@H](CO)[C@@H](O)[C@@H]1O, Nc1ncnc2n(cnc12)[C@@H]1O[C@H](CO)[C@@H](O)[C@@H]1O",prism_treatment_info
13f3659e7,BRD-K05361803-001-03-9,SC-10,protein kinase activator,0.3474866450346928,0.3289133250044068,0.018573320030286,False,CCCCCCCNS(=O)(=O)c1cccc2c(Cl)cccc12,prism_treatment_info
1404f95d7,BRD-A06390036-001-04-6,hydroquinidine,antiarrhythmic,0.4399547240873739,0.4036137148473888,0.0363410092399851,False,CC[C@H]1CN2CCC1C[C@@H]2[C@@H](O)c1ccnc2ccc(OC)cc12,prism_treatment_info
1433b6544,BRD-K17743125-001-08-4,belinostat,HDAC inhibitor,0.300947327167685,0.2760354037696451,0.0249119233980399,False,ONC(=O)\C=C\c1cccc(c1)S(=O)(=O)Nc1ccccc1,prism_treatment_info
143d04077,BRD-K93645900-001-11-3,tadalafil,phosphodiesterase inhibitor,0.3418745357168177,0.3418216740284631,5.28616883546662e-05,False,"CN1CC(=O)N2[C@H](Cc3c([nH]c4ccccc34)[C@H]2c2ccc3OCOc3c2)C1=O, CN1CC(=O)N2[C@H](Cc3c([nH]c4ccccc34)[C@H]2c2ccc3OCOc3c2)C1=O",prism_treatment_info
14602ff38,BRD-K41783120-001-02-8,STA-5326,interleukin synthesis inhibitor,0.4642330711323095,0.3957961888155451,0.0684368823167643,False,Cc1cccc(\C=N\Nc2cc(nc(OCCc3ccccn3)n2)N2CCOCC2)c1,prism_treatment_info
146500cac,BRD-K36449075-001-01-0,copper-histidine,,0.3657153740073435,0.3425661870122712,0.0231491869950723,False,N[C@H](Cc1c[nH]cn1)C(O)=O,prism_treatment_info
146ba19d5,BRD-A06935312-001-04-3,fusidic-acid,bacterial 30S ribosomal subunit inhibitor,0.3510360530626614,0.3499394376045481,0.0010966154581132,False,C[C@@H]1[C@H](O)CC[C@@]2(C)[C@H]1CC[C@@]1(C)C2[C@H](O)C[C@@H]2[C@]1(C)C[C@H](OC(C)=O)\C2=C(/CCC=C(C)C)C(O)=O,prism_treatment_info
147a62ce9,BRD-K99048103-001-18-4,acetarsol,,0.3508572440081178,0.3419052641675321,0.0089519798405856,False,"CC(=O)Nc1cc(ccc1O)[As](O)(O)=O, CC(=O)Nc1cc(ccc1O)[As](O)(O)=O",prism_treatment_info
14886a5b2,BRD-K99107520-001-24-1,felbamate,glutamate receptor antagonist,0.347975974751897,0.3402538948921732,0.0077220798597237,False,"NC(=O)OCC(COC(N)=O)c1ccccc1, NC(=O)OCC(COC(N)=O)c1ccccc1, NC(=O)OCC(COC(N)=O)c1ccccc1, NC(=O)OCC(COC(N)=O)c1ccccc1",prism_treatment_info
1493a1e86,BRD-K61691541-001-01-1,PF-03084014,gamma secretase inhibitor,0.2999230400503671,0.2962741018215329,0.0036489382288341,False,CCC[C@H](N[C@H]1CCc2cc(F)cc(F)c2C1)C(=O)Nc1cn(cn1)C(C)(C)CNCC(C)(C)C,prism_treatment_info
1495258b3,BRD-K40718343-001-02-6,AEE788,"EGFR inhibitor, VEGFR inhibitor",0.4828069574932786,0.4717748974019112,0.0110320600913673,False,"CCN1CCN(Cc2ccc(cc2)-c2cc3c(N[C@H](C)c4ccccc4)ncnc3[nH]2)CC1, CCN1CCN(Cc2ccc(cc2)-c2cc3c(N[C@H](C)c4ccccc4)ncnc3[nH]2)CC1, CCN1CCN(Cc2ccc(cc2)-c2cc3c(N[C@H](C)c4ccccc4)ncnc3[nH]2)CC1",prism_treatment_info
149ccc683,BRD-K08791496-001-01-0,fenaclon,,0.374066861726948,0.3605080321676188,0.0135588295593292,False,ClCCC(=O)NCCc1ccccc1,prism_treatment_info
14b9e5384,BRD-K34157611-001-16-0,cimetidine,histamine receptor antagonist,0.3413966441403767,0.2926946633531421,0.0487019807872345,False,"CN\C(NCCSCc1nc[nH]c1C)=N/C#N, CN\C(NCCSCc1nc[nH]c1C)=N/C#N, CN\C(NCCSCc1nc[nH]c1C)=N/C#N, CN\C(NCCSCc1nc[nH]c1C)=N/C#N",prism_treatment_info
14c4be770,BRD-A08255417-001-14-7,famprofazone,cyclooxygenase inhibitor,0.3620957488165894,0.3317314303009628,0.0303643185156265,False,"CC(Cc1ccccc1)N(C)Cc1c(C(C)C)c(=O)n(-c2ccccc2)n1C, CC(Cc1ccccc1)N(C)Cc1c(C(C)C)c(=O)n(-c2ccccc2)n1C",prism_treatment_info
14dd0b71f,BRD-K64755930-003-03-2,etazolate,phosphodiesterase inhibitor,0.335964127469649,0.3187474506961518,0.0172166767734971,False,CCOC(=O)c1cnc2n(CC)ncc2c1NN=C(C)C,prism_treatment_info
14f536e5c,BRD-K21160401-065-01-0,dextroamphetamine,monoamine oxidase inhibitor,0.3503734710078688,0.3312115230204954,0.0191619479873734,False,C[C@H](N)Cc1ccccc1,prism_treatment_info
14fd3a8f6,BRD-A70268693-050-01-2,PG-9,acetylcholine receptor agonist,0.3207603576763045,0.268232631570969,0.0525277261053355,False,CC(C(=O)OC1CC2CCC(C1)N2C)c1ccc(Br)cc1,prism_treatment_info
1502f8cbb,BRD-K81728688-001-04-4,WZ8040,EGFR inhibitor,0.3522005560504794,0.3297901463130474,0.022410409737432,False,CN1CCN(CC1)c1ccc(Nc2ncc(Cl)c(Sc3cccc(NC(=O)C=C)c3)n2)cc1,prism_treatment_info
15137878d,BRD-A31095847-001-02-3,mozavaptan,vasopressin receptor antagonist,0.3694484420527035,0.363579826484367,0.0058686155683364,False,CN(C)C1CCCN(C(=O)c2ccc(NC(=O)c3ccccc3C)cc2)c2ccccc12,prism_treatment_info
15243cb83,BRD-A14240607-003-26-1,octopamine,trace amine associated receptor agonist,0.3087263191658407,0.2950032511942848,0.0137230679715559,False,"NCC(O)c1ccc(O)cc1, NCC(O)c1ccc(O)cc1, NCC(O)c1ccc(O)cc1, NCC(O)c1ccc(O)cc1",prism_treatment_info
153840764,BRD-K58772419-001-07-0,AZD6482,PI3K inhibitor,0.3478235852517085,0.31328390663718,0.0345396786145285,False,"C[C@@H](Nc1ccccc1C(O)=O)c1cc(C)cn2c1nc(cc2=O)N1CCOCC1, C[C@@H](Nc1ccccc1C(O)=O)c1cc(C)cn2c1nc(cc2=O)N1CCOCC1",prism_treatment_info
155a94eb7,BRD-K97056771-001-13-1,GNF-2,Bcr-Abl kinase inhibitor,0.2896564413113227,0.2733107816664517,0.016345659644871,False,"NC(=O)c1cccc(c1)-c1cc(Nc2ccc(OC(F)(F)F)cc2)ncn1, NC(=O)c1cccc(c1)-c1cc(Nc2ccc(OC(F)(F)F)cc2)ncn1",prism_treatment_info
156fc028d,BRD-A43082555-001-01-1,loxoprofen,"cyclooxygenase inhibitor, prostanoid receptor antagonist",0.3748456034016831,0.3685319688926085,0.0063136345090745,False,"CC(C(O)=O)c1ccc(CC2CCCC2=O)cc1, CC(C(O)=O)c1ccc(CC2CCCC2=O)cc1",prism_treatment_info
157d90b1f,BRD-A22032524-074-06-5,amlodipine,calcium channel blocker,0.3740345235396774,0.3470837242952053,0.026950799244472,False,"CCOC(=O)C1=C(COCCN)NC(C)=C(C1c1ccccc1Cl)C(=O)OC, CCOC(=O)C1=C(COCCN)NC(C)=C(C1c1ccccc1Cl)C(=O)OC, CCOC(=O)C1=C(COCCN)NC(C)=C(C1c1ccccc1Cl)C(=O)OC, CCOC(=O)C1=C(COCCN)NC(C)=C(C1c1ccccc1Cl)C(=O)OC, CCOC(=O)C1=C(COCCN)NC(C)=C(C1c1ccccc1Cl)C(=O)OC, CCOC(=O)C1=C(COCCN)NC(C)=C(C1c1ccccc1Cl)C(=O)OC",prism_treatment_info
158113616,BRD-K97884852-001-05-4,malotilate,protein synthesis stimulant,0.4082039963583789,0.3116689492108761,0.0965350471475027,False,CC(C)OC(=O)C(C(=O)OC(C)C)=C1SC=CS1,prism_treatment_info
15c4cc9dc,BRD-K40715924-001-01-1,medorinone,,0.384697692956081,0.3625820953540301,0.0221155976020508,False,Cc1nccc2[nH]c(=O)ccc12,prism_treatment_info
15c8a8bc2,BRD-A00077618-236-07-6,8-bromo-cGMP,PKA activator,0.3856048159016892,0.3338600763315246,0.0517447395701645,False,Nc1nc(O)c2nc(Br)n([C@@H]3O[C@@H]4COP(O)(=O)O[C@H]4[C@H]3O)c2n1,prism_treatment_info
15cca0884,BRD-K61734568-003-02-1,"2,3-DCPE",Bcl-XL downregulator,0.5938516779010005,0.3904406416535004,0.2034110362475,True,OCCNCCCOc1cccc(Cl)c1Cl,prism_treatment_info
15da14cfb,BRD-K32021043-001-14-3,sulfachlorpyridazine,bacterial antifolate,0.3594382615378849,0.3299757247957445,0.0294625367421403,False,Nc1ccc(cc1)S(=O)(=O)Nc1ccc(Cl)nn1,prism_treatment_info
15da4702d,BRD-K89125793-001-26-0,tinidazole,antiprotozoal agent,0.3228832396410995,0.322467652114129,0.0004155875269704,False,"CCS(=O)(=O)CCn1c(C)ncc1[N+]([O-])=O, CCS(=O)(=O)CCn1c(C)ncc1[N+]([O-])=O, CCS(=O)(=O)CCn1c(C)ncc1[N+]([O-])=O",prism_treatment_info
15da97282,BRD-K70610771-001-02-9,VX-222,HCV inhibitor,0.2886030699983239,0.288200536697601,0.0004025333007229,False,C[C@H]1CC[C@@H](CC1)C(=O)N([C@@H]1CC[C@H](O)CC1)c1cc(sc1C(O)=O)C#CC(C)(C)C,prism_treatment_info
15dba629f,BRD-K94379058-001-06-8,BML-190,cannabinoid receptor inverse agonist,0.385201557999127,0.3275993985366425,0.0576021594624844,False,"COc1ccc2n(C(=O)c3ccc(Cl)cc3)c(C)c(CC(=O)N3CCOCC3)c2c1, COc1ccc2n(C(=O)c3ccc(Cl)cc3)c(C)c(CC(=O)N3CCOCC3)c2c1",prism_treatment_info
15efb90c9,BRD-K89665618-003-02-5,1-deoxymannojirimycin,alpha mannosidase inhibitor,0.3533816993844228,0.3448489609096672,0.0085327384747555,False,OC[C@H]1NC[C@@H](O)[C@@H](O)[C@@H]1O,prism_treatment_info
15f67f442,BRD-K85925969-001-17-4,zalcitabine,nucleoside reverse transcriptase inhibitor,0.4061013556657395,0.3820644575885158,0.0240368980772236,False,"Nc1ccn([C@H]2CC[C@@H](CO)O2)c(=O)n1, Nc1ccn([C@H]2CC[C@@H](CO)O2)c(=O)n1",prism_treatment_info
15fcb2fab,BRD-A40413915-003-01-2,NTNCB,neuropeptide receptor antagonist,0.2841286919948206,0.2814368345281759,0.0026918574666446,False,[O-][N+](=O)c1ccccc1S(=O)(=O)NC[C@H]1CC[C@H](CNCC2CCc3ccccc3C2)CC1,prism_treatment_info
16059830d,BRD-A68631409-001-05-4,evodiamine,"ATPase inhibitor, TRPV agonist",0.6344820997577755,0.5794716265805185,0.0550104731772569,True,"CN1C2N(CCc3c2[nH]c2ccccc32)C(=O)c2ccccc12, CN1C2N(CCc3c2[nH]c2ccccc32)C(=O)c2ccccc12",prism_treatment_info
161572520,BRD-K53972329-001-07-0,ruxolitinib,JAK inhibitor,0.4878264520479891,0.4137304119836211,0.074096040064368,False,N#CC[C@H](C1CCCC1)n1cc(cn1)-c1ncnc2[nH]ccc12,prism_treatment_info
1634c47d4,BRD-K91699951-001-10-2,benzonatate,local anesthetic,0.355197010474386,0.3047646247722329,0.0504323857021531,False,CCCCNc1ccc(cc1)C(=O)OCCOCCOCCOCCOCCOCCOCCOCCOCCOC,prism_treatment_info
164e7fef5,BRD-K54790157-001-15-5,trioxsalen,DNA synthesis inhibitor,0.3488621058560955,0.3263412640422626,0.0225208418138329,False,Cc1cc2cc3c(C)cc(=O)oc3c(C)c2o1,prism_treatment_info
169be09b6,BRD-K31309378-001-01-5,lucitanib,"FGFR inhibitor, VEGFR inhibitor",0.332674120373398,0.3178468933359765,0.0148272270374215,False,CNC(=O)c1cccc2cc(ccc12)Oc1ccnc2cc(OCC3(N)CC3)c(OC)cc12,prism_treatment_info
169e4500c,BRD-K23566484-001-15-1,nilutamide,androgen receptor antagonist,0.3618729742029192,0.3484860015650062,0.0133869726379129,False,"CC1(C)NC(=O)N(C1=O)c1ccc(c(c1)C(F)(F)F)[N+]([O-])=O, CC1(C)NC(=O)N(C1=O)c1ccc(c(c1)C(F)(F)F)[N+]([O-])=O",prism_treatment_info
169fb7b56,BRD-K49669041-001-08-4,BX-912,pyruvate dehydrogenase kinase inhibitor,0.5100264182174482,0.4584895100756703,0.0515369081417778,True,Brc1cnc(Nc2cccc(NC(=O)N3CCCC3)c2)nc1NCCc1c[nH]cn1,prism_treatment_info
16aa4d496,BRD-K73440166-001-01-3,cinaciguat,guanylate cyclase activator,0.3320937108103163,0.325967784470242,0.0061259263400743,False,OC(=O)CCCCN(CCc1ccccc1OCc1ccc(CCc2ccccc2)cc1)Cc1ccc(cc1)C(O)=O,prism_treatment_info
16c3d3bee,BRD-K49197823-001-09-8,CV-1808,adenosine receptor agonist,0.4008413666343985,0.3238557194978468,0.0769856471365517,False,Nc1nc(Nc2ccccc2)nc2n(cnc12)[C@@H]1O[C@H](CO)[C@@H](O)[C@H]1O,prism_treatment_info
16d2a37f7,BRD-A91733352-300-04-5,camylofine-chlorhydrate,,0.3419664111145654,0.3374761698681782,0.0044902412463872,False,"CCN(CC)CCNC(C(=O)OCCC(C)C)c1ccccc1, CCN(CC)CCNC(C(=O)OCCC(C)C)c1ccccc1, CCN(CC)CCNC(C(=O)OCCC(C)C)c1ccccc1",prism_treatment_info
16fc18110,BRD-K71058253-001-01-9,luliconazole,sterol demethylase inhibitor,0.4028887131021277,0.3427714615220625,0.0601172515800652,False,Clc1ccc([C@@H]2CS\C(S2)=C(\C#N)n2ccnc2)c(Cl)c1,prism_treatment_info
170500372,BRD-K28492574-001-01-6,piconol,,0.4069027101078118,0.3828867397286691,0.0240159703791427,False,OCc1ccccn1,prism_treatment_info
17196dc34,BRD-A87715314-003-14-4,pronethalol,adrenergic receptor antagonist,0.3873603418035058,0.3403761407056745,0.0469842010978313,False,"CC(C)NCC(O)c1ccc2ccccc2c1, CC(C)NCC(O)c1ccc2ccccc2c1",prism_treatment_info
1723757d2,BRD-A43082555-001-01-1,loxoprofen,"cyclooxygenase inhibitor, prostanoid receptor antagonist",0.3756074022005331,0.368177618034878,0.007429784165655,False,"CC(C(O)=O)c1ccc(CC2CCCC2=O)cc1, CC(C(O)=O)c1ccc(CC2CCCC2=O)cc1",prism_treatment_info
172c462b2,BRD-K69694239-001-02-2,bardoxolone-methyl,"nuclear factor erythroid derived, like (NRF2) activator",0.3369372828833442,0.3364038764600334,0.0005334064233107,False,COC(=O)[C@]12CCC(C)(C)C[C@H]1[C@H]1C(=O)C=C3[C@@]4(C)C=C(C#N)C(=O)C(C)(C)[C@@H]4CC[C@@]3(C)[C@]1(C)CC2,prism_treatment_info
172ce511a,BRD-K59929863-001-01-9,CB-10-277,DNA synthesis inhibitor,0.3170420514345609,0.3155402973451034,0.0015017540894574,False,CN(C)\N=N\c1ccc(cc1)C(O)=O,prism_treatment_info
172d8eb80,BRD-K95053546-001-01-9,tempol,free radical scavenger,0.3433850136892498,0.3267724519313088,0.016612561757941,False,"CC1(C)CC(O)CC(C)(C)N1O, CC1(C)CC(O)CC(C)(C)N1O, CC1(C)CC(O)CC(C)(C)N1O",prism_treatment_info
1738d9092,BRD-K96006502-001-02-6,deflazacort,glucocorticoid receptor agonist,0.5263970593388545,0.5239084054725891,0.0024886538662654,True,CC(=O)OCC(=O)[C@@]12N=C(C)O[C@@H]1C[C@H]1[C@H]3CCC4=CC(=O)C=C[C@]4(C)[C@H]3[C@@H](O)C[C@]21C,prism_treatment_info
1748c1d01,BRD-K94420399-001-01-9,PF-04136309,CC chemokine receptor antagonist,0.4024615394316161,0.3457943892064765,0.0566671502251396,False,O[C@]1(CC[C@@H](CC1)N[C@H]1CCN(C1)C(=O)CNC(=O)c1cccc(c1)C(F)(F)F)c1ccc(cn1)-c1ncccn1,prism_treatment_info
17490f218,BRD-K31309378-001-01-5,lucitanib,"FGFR inhibitor, VEGFR inhibitor",0.3494273352301816,0.3342423832422915,0.01518495198789,False,CNC(=O)c1cccc2cc(ccc12)Oc1ccnc2cc(OCC3(N)CC3)c(OC)cc12,prism_treatment_info
174dbc4c7,BRD-K92150287-066-01-2,exatecan-mesylate,topoisomerase inhibitor,0.4005942060352245,0.392610881529074,0.0079833245061505,False,"CC[C@@]1(O)C(=O)OCc2c1cc1-c3nc4cc(F)c(C)c5CC[C@H](N)c(c3Cn1c2=O)c45, CC[C@@]1(O)C(=O)OCc2c1cc1-c3nc4cc(F)c(C)c5CC[C@H](N)c(c3Cn1c2=O)c45",prism_treatment_info
175129f43,BRD-K74371986-001-01-7,NSI-189,neurotrophic agent,0.3373136894963942,0.2930588537773732,0.044254835719021,False,CC(C)CCNc1ncccc1C(=O)N1CCN(Cc2ccccc2)CC1,prism_treatment_info
177e72783,BRD-A56592690-001-04-3,PX-12,thioredoxin inhibitor,0.3073694791886594,0.2873602317917682,0.0200092473968912,False,CCC(C)SSc1ncc[nH]1,prism_treatment_info
1787430b9,BRD-K84895041-001-02-4,BMY-45778,IP1 prostacyclin receptor agonist,0.3414515414396185,0.3223576497328689,0.0190938917067495,False,OC(=O)COc1cccc(c1)-c1ocnc1-c1nc(c(o1)-c1ccccc1)-c1ccccc1,prism_treatment_info
17a8535e9,BRD-K25312248-001-01-5,matrine,opioid receptor agonist,0.3197250998173048,0.3081353585820445,0.0115897412352603,False,O=C1CCC[C@@H]2[C@@H]3CCCN4CCC[C@H](CN12)[C@@H]34,prism_treatment_info
17beda051,BRD-K63001556-001-08-8,orbifloxacin,bacterial DNA gyrase inhibitor,0.3859697644931346,0.3701825293106894,0.0157872351824452,False,"C[C@H]1CN(C[C@@H](C)N1)c1c(F)c(F)c2c(c1F)n(cc(C(O)=O)c2=O)C1CC1, C[C@H]1CN(C[C@@H](C)N1)c1c(F)c(F)c2c(c1F)n(cc(C(O)=O)c2=O)C1CC1, C[C@H]1CN(C[C@@H](C)N1)c1c(F)c(F)c2c(c1F)n(cc(C(O)=O)c2=O)C1CC1",prism_treatment_info
17dedf9a7,BRD-K10598093-303-06-1,hexamethonium,cholinergic receptor antagonist,0.3287194030654277,0.3078806610828168,0.0208387419826108,False,"C[N+](C)(C)CCCCCC[N+](C)(C)C, C[N+](C)(C)CCCCCC[N+](C)(C)C, C[N+](C)(C)CCCCCC[N+](C)(C)C",prism_treatment_info
17e32e2ca,BRD-A27883417-300-01-6,alexidine,phosphatidylglycerophosphatase inhibitor,0.3298879275242484,0.3273808132127749,0.0025071143114734,False,CCCCC(CC)C\N=C(/N)N\C(N)=N\CCCCCC\N=C(/N)N\C(N)=N\CC(CC)CCCC,prism_treatment_info
17f560a5b,BRD-K73383190-001-03-1,C646,histone acetyltransferase inhibitor,0.3792380076876948,0.3501909099626922,0.0290470977250025,False,"CC1=NN(C(=O)C1=Cc1ccc(o1)-c1cc(C)c(C)cc1[N+]([O-])=O)c1ccc(cc1)C(O)=O, CC1=NN(C(=O)C1=Cc1ccc(o1)-c1cc(C)c(C)cc1[N+]([O-])=O)c1ccc(cc1)C(O)=O",prism_treatment_info
180096cac,BRD-K67680372-003-02-6,CI-966,GAT inhibitor,0.4046858564540704,0.3027806911768815,0.1019051652771888,False,"OC(=O)C1=CCCN(CCOC(c2ccc(cc2)C(F)(F)F)c2ccc(cc2)C(F)(F)F)C1, OC(=O)C1=CCCN(CCOC(c2ccc(cc2)C(F)(F)F)c2ccc(cc2)C(F)(F)F)C1",prism_treatment_info
182c3b858,BRD-K47780086-001-07-9,penciclovir,DNA directed DNA polymerase inhibitor,0.3810633031058427,0.3781812556210658,0.0028820474847768,False,"Nc1nc(O)c2ncn(CCC(CO)CO)c2n1, Nc1nc(O)c2ncn(CCC(CO)CO)c2n1, Nc1nc(O)c2ncn(CCC(CO)CO)c2n1",prism_treatment_info
183c7e3f3,BRD-K13949769-001-01-7,tenovin-6,SIRT inhibitor,0.3705940292191331,0.3617868189043953,0.0088072103147378,False,"CN(C)CCCCC(=O)Nc1ccc(NC(=S)NC(=O)c2ccc(cc2)C(C)(C)C)cc1, CN(C)CCCCC(=O)Nc1ccc(NC(=S)NC(=O)c2ccc(cc2)C(C)(C)C)cc1",prism_treatment_info
18590bfd8,BRD-K53561341-001-07-5,aurora-a-inhibitor-i,Aurora kinase inhibitor,0.3223274240622155,0.2754529485916069,0.0468744754706085,False,"CCN1CCN(CC1)C(=O)Cc1ccc(Nc2ncc(F)c(Nc3ccc(cc3)C(=O)Nc3ccccc3Cl)n2)cc1, CCN1CCN(CC1)C(=O)Cc1ccc(Nc2ncc(F)c(Nc3ccc(cc3)C(=O)Nc3ccccc3Cl)n2)cc1",prism_treatment_info
18635b586,BRD-K07310275-001-02-5,PF-04691502,"mTOR inhibitor, PI3K inhibitor",0.3750005214814246,0.3602757056039004,0.0147248158775242,False,COc1ccc(cn1)-c1cc2c(C)nc(N)nc2n([C@H]2CC[C@@H](CC2)OCCO)c1=O,prism_treatment_info
1865f086c,BRD-K28861668-001-01-9,A922500,diacylglycerol O acyltransferase inhibitor,0.4738538554899661,0.42421300646374,0.0496408490262261,False,OC(=O)[C@H]1CCC[C@H]1C(=O)c1ccc(cc1)-c1ccc(NC(=O)Nc2ccccc2)cc1,prism_treatment_info
18a406358,BRD-K56543881-001-02-7,ADX-47273,glutamate receptor modulator,0.3581611193888885,0.2944449220836979,0.0637161973051906,False,Fc1ccc(cc1)C(=O)N1CCC[C@@H](C1)c1nc(no1)-c1ccc(F)cc1,prism_treatment_info
18bb41b2c,BRD-K39974922-001-04-3,lenvatinib,"FGFR inhibitor, KIT inhibitor, PDGFR tyrosine kinase receptor inhibitor, VEGFR inhibitor",0.4980230684743623,0.4504912777308272,0.047531790743535,False,COc1cc2nccc(Oc3ccc(NC(=O)NC4CC4)c(Cl)c3)c2cc1C(N)=O,prism_treatment_info
18c37e601,BRD-A55913614-316-09-6,primaquine,"antimalarial agent, DNA inhibitor",0.3792260681773675,0.3656953823775211,0.0135306857998463,False,"COc1cc(NC(C)CCCN)c2ncccc2c1, COc1cc(NC(C)CCCN)c2ncccc2c1",prism_treatment_info
18c66651f,BRD-K16444452-001-09-1,ibudilast,"leukotriene receptor antagonist, phosphodiesterase inhibitor",0.3623450996537502,0.3262539773231662,0.036091122330584,False,"CC(C)C(=O)c1c(nn2ccccc12)C(C)C, CC(C)C(=O)c1c(nn2ccccc12)C(C)C",prism_treatment_info
18d693579,BRD-K94441233-001-17-1,mevastatin,HMGCR inhibitor,0.4421361205787458,0.3948179303763533,0.0473181902023924,False,"CC[C@H](C)C(=O)O[C@H]1CCC=C2C=C[C@H](C)[C@H](CC[C@@H]3C[C@@H](O)CC(=O)O3)[C@@H]12, CC[C@H](C)C(=O)O[C@H]1CCC=C2C=C[C@H](C)[C@H](CC[C@@H]3C[C@@H](O)CC(=O)O3)[C@@H]12, CC[C@H](C)C(=O)O[C@H]1CCC=C2C=C[C@H](C)[C@H](CC[C@@H]3C[C@@H](O)CC(=O)O3)[C@@H]12, CC[C@H](C)C(=O)O[C@H]1CCC=C2C=C[C@H](C)[C@H](CC[C@@H]3C[C@@H](O)CC(=O)O3)[C@@H]12, CC[C@H](C)C(=O)O[C@H]1CCC=C2C=C[C@H](C)[C@H](CC[C@@H]3C[C@@H](O)CC(=O)O3)[C@@H]12",prism_treatment_info
18f6fcc4f,BRD-K62412084-001-07-1,para-toluenesulfonamide,,0.4015890819752014,0.3412906012781754,0.0602984806970259,False,Cc1ccc(cc1)S(N)(=O)=O,prism_treatment_info
1908efe59,BRD-K06294530-001-01-5,UK-383367,Procollagen C-Endopeptidase Inhibitors,0.3363183084509836,0.3349117985731539,0.0014065098778296,False,"NC(=O)c1noc(n1)[C@H](CCCC1CCCCC1)CC(=O)NO, NC(=O)c1noc(n1)[C@H](CCCC1CCCCC1)CC(=O)NO, NC(=O)c1noc(n1)[C@H](CCCC1CCCCC1)CC(=O)NO",prism_treatment_info
191bfe656,BRD-K78513633-001-15-7,lonidamine,glucokinase inhibitor,0.3902335134038952,0.3488175796062027,0.0414159337976924,False,"OC(=O)c1nn(Cc2ccc(Cl)cc2Cl)c2ccccc12, OC(=O)c1nn(Cc2ccc(Cl)cc2Cl)c2ccccc12, OC(=O)c1nn(Cc2ccc(Cl)cc2Cl)c2ccccc12, OC(=O)c1nn(Cc2ccc(Cl)cc2Cl)c2ccccc12",prism_treatment_info
1929f8e5e,BRD-K56334280-001-05-1,amonafide,topoisomerase inhibitor,0.4187837120616099,0.3729648302142864,0.0458188818473235,False,CN(C)CCN1C(=O)c2cccc3cc(N)cc(C1=O)c23,prism_treatment_info
19542f8df,BRD-K40715924-001-01-1,medorinone,,0.4375308136319126,0.3295478455106135,0.107982968121299,False,Cc1nccc2[nH]c(=O)ccc12,prism_treatment_info
19952d3be,BRD-K41599323-001-02-3,lonafarnib,farnesyltransferase inhibitor,0.4321449946964356,0.4106239808721101,0.0215210138243254,False,NC(=O)N1CCC(CC(=O)N2CCC(CC2)[C@H]2c3ncc(Br)cc3CCc3cc(Cl)cc(Br)c23)CC1,prism_treatment_info
19a4c17a6,BRD-A47364545-003-02-6,SK&F-10047-(+),sigma receptor agonist,0.378066677206833,0.367669637887725,0.010397039319108,False,C[C@H]1C2Cc3ccc(O)cc3[C@@]1(C)CCN2CC=C,prism_treatment_info
19aae2313,BRD-A35989968-001-04-2,megestrol-acetate,progesterone receptor agonist,0.2942256158123689,0.2646756195551068,0.029549996257262,False,"CC(=O)O[C@@]1(CC[C@H]2[C@@H]3C=C(C)C4=CC(=O)CC[C@]4(C)[C@H]3CC[C@]12C)C(C)=O, CC(=O)O[C@@]1(CC[C@H]2[C@@H]3C=C(C)C4=CC(=O)CC[C@]4(C)[C@H]3CC[C@]12C)C(C)=O, CC(=O)O[C@@]1(CCC2C3C=C(C)C4=CC(=O)CCC4(C)C3CCC12C)C(C)=O",prism_treatment_info
19b95658c,BRD-K54314721-001-10-2,zolmitriptan,serotonin receptor agonist,0.3535791988400208,0.3051603715026194,0.0484188273374014,False,"CN(C)CCc1c[nH]c2ccc(C[C@H]3COC(=O)N3)cc12, CN(C)CCc1c[nH]c2ccc(C[C@H]3COC(=O)N3)cc12, CN(C)CCc1c[nH]c2ccc(C[C@H]3COC(=O)N3)cc12",prism_treatment_info
19bec136e,BRD-K21160401-065-01-0,dextroamphetamine,monoamine oxidase inhibitor,0.3638783041531496,0.3236332387253924,0.0402450654277571,False,C[C@H](N)Cc1ccccc1,prism_treatment_info
19d4e1c25,BRD-A13084692-001-17-3,troglitazone,"insulin sensitizer, PPAR receptor agonist",0.3351012916092949,0.3107530627747689,0.0243482288345259,False,"Cc1c(C)c2OC(C)(COc3ccc(CC4SC(=O)NC4=O)cc3)CCc2c(C)c1O, Cc1c(C)c2OC(C)(COc3ccc(CC4SC(=O)NC4=O)cc3)CCc2c(C)c1O",prism_treatment_info
19d62c533,BRD-K78113049-001-16-2,enoxacin,topoisomerase inhibitor,0.4174696668603426,0.3651869150329269,0.0522827518274156,False,"CCn1cc(C(O)=O)c(=O)c2cc(F)c(nc12)N1CCNCC1, CCn1cc(C(O)=O)c(=O)c2cc(F)c(nc12)N1CCNCC1, CCn1cc(C(O)=O)c(=O)c2cc(F)c(nc12)N1CCNCC1",prism_treatment_info
19eca681d,BRD-K69577666-001-01-3,SGC-0946,histone lysine methyltransferase inhibitor,0.3403315881171633,0.3278395683723276,0.0124920197448357,False,"CC(C)N(CCCNC(=O)Nc1ccc(cc1)C(C)(C)C)C[C@H]1O[C@H]([C@H](O)[C@@H]1O)n1cc(Br)c2c(N)ncnc12, CC(C)N(CCCNC(=O)Nc1ccc(cc1)C(C)(C)C)C[C@H]1O[C@H]([C@H](O)[C@@H]1O)n1cc(Br)c2c(N)ncnc12",prism_treatment_info
1a038f0f7,BRD-K73309154-003-02-8,OSI-420,EGFR inhibitor,0.3896521111752176,0.3567754021725245,0.032876709002693,False,COCCOc1cc2ncnc(Nc3cccc(c3)C#C)c2cc1OCCO,prism_treatment_info
1a30dbdd2,BRD-K57179821-001-15-4,crotamiton,antipruritic,0.3627238513334507,0.3321463116198556,0.0305775397135951,False,CCN(C(=O)\C=C\C)c1ccccc1C,prism_treatment_info
1a52478dc,BRD-K58819470-001-05-9,2-thiouracil,,0.3743977819686714,0.2808497922702198,0.0935479896984516,False,"Oc1ccnc(S)n1, Oc1ccnc(S)n1",prism_treatment_info
1a5b7202f,BRD-K02407574-001-09-7,parbendazole,tubulin polymerization inhibitor,0.6428294283557069,0.6131465687470165,0.0296828596086904,True,CCCCc1ccc2[nH]c(NC(=O)OC)nc2c1,prism_treatment_info
1a6b3b8ed,BRD-K62537556-001-02-5,4-IBP,sigma receptor agonist,0.3096701890677172,0.2465620547500006,0.0631081343177165,False,Ic1ccc(cc1)C(=O)NC1CCN(Cc2ccccc2)CC1,prism_treatment_info
1a6cf6fe6,BRD-K66538826-001-07-2,amuvatinib,"FLT3 inhibitor, KIT inhibitor, PDGFR tyrosine kinase receptor inhibitor, RAD51 inhibitor, RET tyrosine kinase inhibitor",0.3930848735564842,0.337844447253747,0.0552404263027371,False,S=C(NCc1ccc2OCOc2c1)N1CCN(CC1)c1ncnc2c3ccccc3oc12,prism_treatment_info
1a79afe73,BRD-K72029282-001-22-0,probucol,atherogenesis inhibitor,0.306819952893429,0.2886990195522153,0.0181209333412137,False,"CC(C)(Sc1cc(c(O)c(c1)C(C)(C)C)C(C)(C)C)Sc1cc(c(O)c(c1)C(C)(C)C)C(C)(C)C, CC(C)(Sc1cc(c(O)c(c1)C(C)(C)C)C(C)(C)C)Sc1cc(c(O)c(c1)C(C)(C)C)C(C)(C)C",prism_treatment_info
1a892fd97,BRD-K28861668-001-01-9,A922500,diacylglycerol O acyltransferase inhibitor,0.3847499205096424,0.3274185174225028,0.0573314030871396,False,OC(=O)[C@H]1CCC[C@H]1C(=O)c1ccc(cc1)-c1ccc(NC(=O)Nc2ccccc2)cc1,prism_treatment_info
1aa5a11e1,BRD-A62021152-003-03-4,WAY-161503,serotonin receptor agonist,0.3570856371552115,0.3028818092357366,0.0542038279194748,False,"Clc1cc2NC(=O)C3CNCCN3c2cc1Cl, Clc1cc2NC(=O)C3CNCCN3c2cc1Cl",prism_treatment_info
1abba6a06,BRD-A81233518-004-16-1,glycopyrrolate,acetylcholine receptor antagonist,0.2949452829702728,0.292518833628226,0.0024264493420467,False,C[N+]1(C)CCC(C1)OC(=O)C(O)(C1CCCC1)c1ccccc1,prism_treatment_info
1abc45fa3,BRD-A18056626-003-22-3,methacholine,acetylcholine receptor agonist,0.3053242585817421,0.2870431477042379,0.0182811108775042,False,CC(C[N+](C)(C)C)OC(C)=O,prism_treatment_info
1ac3046e2,BRD-A14344385-001-03-2,IDRA-21,glutamate receptor positive allosteric modulator,0.4844080145056605,0.4623869248713514,0.022021089634309,False,"CC1Nc2ccc(Cl)cc2S(=O)(=O)N1, CC1Nc2ccc(Cl)cc2S(=O)(=O)N1",prism_treatment_info
1b09b35f0,BRD-K17894950-001-14-3,indirubin,"CDK inhibitor, glycogen synthase kinase inhibitor",0.422936568758239,0.4222316405034504,0.0007049282547885,False,O=C1Nc2ccccc2\C1=C1\Nc2ccccc2C1=O,prism_treatment_info
1b1a45a6b,BRD-A70407468-001-02-0,PSB-36,adenosine receptor antagonist,0.3186230317313533,0.3077733590241003,0.0108496727072529,False,"CCCCn1c(=O)n(CCCO)c2nc([nH]c2c1=O)C12CC3CC1CC(C2)C3, CCCCn1c(=O)n(CCCO)c2nc([nH]c2c1=O)C12CC3CC1CC(C2)C3",prism_treatment_info
1b20d8d8d,BRD-K71125014-001-27-1,sulphadimethoxine,dihydropteroate synthetase inhibitor,0.3699231990155607,0.3398358914975604,0.0300873075180003,False,"COc1cc(NS(=O)(=O)c2ccc(N)cc2)nc(OC)n1, COc1cc(NS(=O)(=O)c2ccc(N)cc2)nc(OC)n1",prism_treatment_info
1b5be72dc,BRD-K25412176-001-01-9,GSK2110183,AKT inhibitor,0.3322223995518795,0.3100856247064362,0.0221367748454432,False,Cn1ncc(Cl)c1-c1cc(sc1Cl)C(=O)N[C@H](CN)Cc1cccc(F)c1,prism_treatment_info
1b72f77e1,BRD-A84575140-001-02-4,pimobendan,"calcium sensitizer, phosphodiesterase inhibitor",0.3170201815995603,0.3051646312401451,0.0118555503594151,False,COc1ccc(cc1)-c1nc2cc(ccc2[nH]1)C1=NNC(=O)CC1C,prism_treatment_info
1b904d48f,BRD-A00147595-001-01-5,balaglitazone,"insulin sensitizer, PPAR receptor partial agonist",0.3328490483069546,0.2938485827951388,0.0390004655118157,False,Cn1c(COc2ccc(CC3SC(=O)NC3=O)cc2)nc2ccccc2c1=O,prism_treatment_info
1b972d4e6,BRD-K81855038-003-13-9,roxatidine-acetate,histamine receptor antagonist,0.4042974643108225,0.3747369723163889,0.0295604919944335,False,"CC(=O)OCC(=O)NCCCOc1cccc(CN2CCCCC2)c1, CC(=O)OCC(=O)NCCCOc1cccc(CN2CCCCC2)c1, CC(=O)OCC(=O)NCCCOc1cccc(CN2CCCCC2)c1",prism_treatment_info
1bbc9c827,BRD-K21160401-065-01-0,dextroamphetamine,monoamine oxidase inhibitor,0.3478085495094853,0.3393263374634541,0.0084822120460312,False,C[C@H](N)Cc1ccccc1,prism_treatment_info
1bcab17e9,BRD-K82036761-003-20-3,sertraline,selective serotonin reuptake inhibitor (SSRI),0.290161612378696,0.2774941926052702,0.0126674197734257,False,"CN[C@H]1CC[C@@H](c2ccc(Cl)c(Cl)c2)c2ccccc12, CN[C@H]1CC[C@@H](c2ccc(Cl)c(Cl)c2)c2ccccc12, CN[C@H]1CC[C@@H](c2ccc(Cl)c(Cl)c2)c2ccccc12, CN[C@H]1CC[C@@H](c2ccc(Cl)c(Cl)c2)c2ccccc12",prism_treatment_info
1bce4a659,BRD-K33082088-001-03-3,retapamulin,protein synthesis inhibitor,0.3106364011603232,0.2704001502725047,0.0402362508878184,False,C[C@@H]1CC[C@@]23CCC(=O)[C@H]2[C@]1(C)[C@@H](C[C@@](C)(C=C)[C@@H](O)[C@@H]3C)OC(=O)CS[C@H]1C[C@@H]2CC[C@H](C1)N2C,prism_treatment_info
1bd7dfcf5,BRD-A73556557-001-06-4,tagatose,phosphorylase inhibitor,0.4437720484869682,0.3558305891885203,0.0879414592984479,False,"OCC(O)C(O)C(O)C(=O)CO, OC[C@@H](O)[C@@H](O)[C@H](O)C(=O)CO, OC[C@@]1(O)OC[C@@H](O)[C@@H](O)[C@@H]1O, OCC(O)C(O)C(O)C(=O)CO, OC[C@@H](O)[C@H](O)[C@H](O)C(=O)CO",prism_treatment_info
1be20d6f2,BRD-K68633617-003-02-9,ACDPP,glutamate receptor antagonist,0.3391210504355509,0.2911958110526914,0.0479252393828595,False,CN(C)c1nc(N)c(nc1Cl)C(=O)Nc1cccnc1,prism_treatment_info
1bece7355,BRD-A85587465-001-03-3,bemesetron,serotonin receptor antagonist,0.2832660493804984,0.2785419331396842,0.0047241162408142,False,"CN1C2CCC1CC(C2)OC(=O)c1cc(Cl)cc(Cl)c1, CN1C2CCC1CC(C2)OC(=O)c1cc(Cl)cc(Cl)c1",prism_treatment_info
1c0cf2234,BRD-K03243820-001-25-3,trifluridine,"DNA directed DNA polymerase inhibitor, thymidylate synthase inhibitor",0.3214487828938426,0.3028937303144687,0.0185550525793739,False,"OC[C@H]1O[C@H](C[C@@H]1O)n1cc(c(=O)[nH]c1=O)C(F)(F)F, OC[C@H]1O[C@H](C[C@@H]1O)n1cc(c(=O)[nH]c1=O)C(F)(F)F, OC[C@H]1O[C@H](C[C@@H]1O)n1cc(c(=O)[nH]c1=O)C(F)(F)F, OC[C@H]1O[C@H](C[C@@H]1O)n1cc(c(=O)[nH]c1=O)C(F)(F)F",prism_treatment_info
1c21f7ca7,BRD-K54262262-001-09-0,monobenzone,melanin inhibitor,0.4131827550489722,0.3415908294971074,0.0715919255518648,False,"Oc1ccc(OCc2ccccc2)cc1, Oc1ccc(OCc2ccccc2)cc1, Oc1ccc(OCc2ccccc2)cc1, Oc1ccc(OCc2ccccc2)cc1",prism_treatment_info
1c3236de2,BRD-K98157055-001-10-9,SIB-1757,glutamate receptor antagonist,0.3231416066825136,0.3180988536950186,0.0050427529874949,False,Cc1ccc(O)c(N=Nc2ccccc2)n1,prism_treatment_info
1cac4e758,BRD-K25317177-065-01-4,modaline,,0.2948804468049022,0.2916294240184739,0.0032510227864282,False,Cc1nccnc1N1CCCCC1,prism_treatment_info
1cc61abd7,BRD-A72767275-003-01-6,nalmefene,opioid receptor antagonist,0.3230652950750705,0.3049022658948391,0.0181630291802313,False,"Oc1ccc2C[C@H]3N(CC4CC4)CC[C@@]45[C@@H](Oc1c24)C(=C)CC[C@@]35O, Oc1ccc2CC3N(CC4CC4)CCC45C(Oc1c24)C(=C)CCC35O",prism_treatment_info
1cc754244,BRD-A52922642-001-03-7,gallopamil,L-type calcium channel blocker,0.3276439596765756,0.3197887878182547,0.0078551718583209,False,COc1ccc(CCN(C)CCCC(C#N)(C(C)C)c2cc(OC)c(OC)c(OC)c2)cc1OC,prism_treatment_info
1cfcd915a,BRD-K89306950-001-12-5,ML130,NOD1 inhibitor,0.3137706697569987,0.3057740699077746,0.007996599849224,False,"Cc1ccc(cc1)S(=O)(=O)n1c(N)nc2ccccc12, Cc1ccc(cc1)S(=O)(=O)n1c(N)nc2ccccc12",prism_treatment_info
1d04eaf44,BRD-A56371469-001-03-3,AGI-5198,isocitrate dehydrogenase inhibitor,0.3301936764301482,0.3232333933672768,0.0069602830628713,False,Cc1nccn1CC(=O)N(C(C(=O)NC1CCCCC1)c1ccccc1C)c1cccc(F)c1,prism_treatment_info
1d28447b9,BRD-K30240666-051-15-9,clemastine,histamine receptor antagonist,0.3151025057384969,0.3109894753279014,0.0041130304105955,False,"CN1CCC[C@@H]1CCO[C@](C)(c1ccccc1)c1ccc(Cl)cc1, CN1CCC[C@@H]1CCO[C@](C)(c1ccccc1)c1ccc(Cl)cc1, CN1CCC[C@@H]1CCO[C@](C)(c1ccccc1)c1ccc(Cl)cc1, CN1CCC[C@@H]1CCO[C@](C)(c1ccccc1)c1ccc(Cl)cc1",prism_treatment_info
1d3112471,BRD-K61032563-001-02-9,neohesperidin-dihydrochalcone,,0.4102832098724435,0.4070965245843032,0.0031866852881403,False,COc1ccc(CCC(=O)c2c(O)cc(O[C@@H]3O[C@H](CO)[C@@H](O)[C@H](O)[C@H]3O[C@@H]3O[C@@H](C)[C@H](O)[C@@H](O)[C@H]3O)cc2O)cc1O,prism_treatment_info
1d39c75d6,BRD-K65992024-001-01-5,pirenoxine,AGE inhibitor,0.3544962605286729,0.3019370553266663,0.0525592052020065,False,OC(=O)c1cc(O)c2c3nc4ccccc4oc3cc(=O)c2n1,prism_treatment_info
1d4c91026,BRD-A51355958-003-01-9,nebracetam,acetylcholine receptor agonist,0.3579721874865423,0.3277949940332793,0.030177193453263,False,NCC1CN(Cc2ccccc2)C(=O)C1,prism_treatment_info
1d5e70986,BRD-K68174511-001-06-6,torin-2,mTOR inhibitor,0.4962802742678313,0.4530707269438023,0.0432095473240289,False,"Nc1ccc(cn1)-c1ccc2ncc3ccc(=O)n(-c4cccc(c4)C(F)(F)F)c3c2c1, Nc1ccc(cn1)-c1ccc2ncc3ccc(=O)n(-c4cccc(c4)C(F)(F)F)c3c2c1",prism_treatment_info
1d61208e9,BRD-K44442813-001-12-9,pidotimod,"interferon receptor agonist, interleukin receptor agonist",0.3064529690973944,0.286787083544462,0.0196658855529324,False,"OC(=O)[C@@H]1CSCN1C(=O)[C@@H]1CCC(=O)N1, OC(=O)[C@@H]1CSCN1C(=O)[C@@H]1CCC(=O)N1",prism_treatment_info
1d6d22a71,BRD-K48168960-001-19-2,propylthiouracil,thyroid peroxidase inhibitor,0.3769659585952851,0.3736331761595293,0.0033327824357557,False,"CCCc1cc(=O)[nH]c(=S)[nH]1, CCCc1cc(=O)[nH]c(=S)[nH]1",prism_treatment_info
1d6d68fd5,BRD-K42205652-001-02-7,"MNS-(3,4-Methylenedioxy-nitrostyrene)","src inhibitor, syk inhibitor",0.3435966054175372,0.339010222439032,0.0045863829785052,False,"[O-][N+](=O)\C=C\c1ccc2OCOc2c1, [O-][N+](=O)\C=C\c1ccc2OCOc2c1",prism_treatment_info
1d7b387b9,BRD-A92670106-003-05-4,tocainide,sodium channel blocker,0.3256827549763521,0.3088541928683331,0.0168285621080189,False,CC(N)C(=O)Nc1c(C)cccc1C,prism_treatment_info
1d80b96cf,BRD-K25312248-001-01-5,matrine,opioid receptor agonist,0.3191371696173392,0.2648753681732629,0.0542618014440762,False,O=C1CCC[C@@H]2[C@@H]3CCCN4CCC[C@H](CN12)[C@@H]34,prism_treatment_info
1d831bce7,BRD-K46970505-003-01-9,cefozopran,bacterial cell wall synthesis inhibitor,0.3268965296278358,0.2952699389648129,0.0316265906630228,False,CO\N=C(/C(=O)N[C@H]1[C@H]2SCC(C[n+]3ccn4ncccc34)=C(N2C1=O)C(O)=O)c1nsc(N)n1,prism_treatment_info
1d9628f6b,BRD-K51770398-001-01-9,JNJ-17203212,TRPV antagonist,0.3517455245253242,0.3333264711535713,0.0184190533717528,False,"FC(F)(F)c1ccc(NC(=O)N2CCN(CC2)c2ncccc2C(F)(F)F)nc1, FC(F)(F)c1ccc(NC(=O)N2CCN(CC2)c2ncccc2C(F)(F)F)nc1",prism_treatment_info
1d9b3e2f3,BRD-K49962337-001-01-1,baicalin,beta glucuronidase inhibitor,0.4035634820837913,0.3237029693766383,0.0798605127071529,False,"O[C@H]1[C@H](Oc2cc3oc(cc(=O)c3c(O)c2O)-c2ccccc2)O[C@@H]([C@@H](O)[C@@H]1O)C(O)=O, O[C@H]1[C@H](Oc2cc3oc(cc(=O)c3c(O)c2O)-c2ccccc2)O[C@@H]([C@@H](O)[C@@H]1O)C(O)=O",prism_treatment_info
1da08b29e,BRD-K51486818-003-02-8,lazabemide,monoamine oxidase inhibitor,0.3481491940119829,0.3214914178834704,0.0266577761285125,False,"NCCNC(=O)c1ccc(Cl)cn1, NCCNC(=O)c1ccc(Cl)cn1",prism_treatment_info
1da14763f,BRD-K21160401-065-01-0,dextroamphetamine,monoamine oxidase inhibitor,0.3597168620691346,0.3384893704911478,0.0212274915779868,False,C[C@H](N)Cc1ccccc1,prism_treatment_info
1db26a3b0,BRD-K63343048-001-12-2,orlistat,lipase inhibitor,0.3906346354516959,0.3272153422911091,0.0634192931605867,False,"CCCCCCCCCCC[C@@H](C[C@H]1OC(=O)[C@H]1CCCCCC)OC(=O)[C@@H](CC(C)C)NC=O, CCCCCCCCCCC[C@@H](C[C@@H]1OC(=O)[C@H]1CCCCCC)OC(=O)[C@H](CC(C)C)NC=O, CCCCCCCCCCC[C@@H](C[C@@H]1OC(=O)[C@H]1CCCCCC)OC(=O)[C@H](CC(C)C)NC=O",prism_treatment_info
1dd9d0bac,BRD-K96550715-001-02-6,linagliptin,dipeptidyl peptidase inhibitor,0.3763626412683563,0.3698078963571513,0.006554744911205,False,"CC#CCn1c(nc2n(C)c(=O)n(Cc3nc(C)c4ccccc4n3)c(=O)c12)N1CCC[C@@H](N)C1, CC#CCn1c(nc2n(C)c(=O)n(Cc3nc(C)c4ccccc4n3)c(=O)c12)N1CCC[C@@H](N)C1, CC#CCn1c(nc2n(C)c(=O)n(Cc3nc(C)c4ccccc4n3)c(=O)c12)N1CCC[C@@H](N)C1, CC#CCn1c(nc2n(C)c(=O)n(Cc3nc(C)c4ccccc4n3)c(=O)c12)N1CCC[C@@H](N)C1",prism_treatment_info
1df2f9781,BRD-A83802939-304-04-2,dexamethasone-sodium-phosphate,glucocorticoid receptor agonist,0.5829643925096609,0.5401700020847506,0.0427943904249102,True,"C[C@H]1CC2C3CCC4=CC(=O)C=C[C@]4(C)[C@@]3(F)[C@@H](O)C[C@]2(C)[C@@]1(O)C(=O)COP(O)(O)=O, C[C@@H]1CC2C3CCC4=CC(=O)C=C[C@]4(C)[C@@]3(F)[C@@H](O)C[C@]2(C)[C@@]1(O)C(=O)COP(O)(O)=O",prism_treatment_info
1e1354bb0,BRD-K43002771-034-01-6,SR-33805,calcium channel blocker,0.3145778847789137,0.2945004335565972,0.0200774512223165,False,"COc1ccc(CCN(C)CCCOc2ccc(cc2)S(=O)(=O)c2c(C(C)C)c3ccccc3n2C)cc1OC, COc1ccc(CCN(C)CCCOc2ccc(cc2)S(=O)(=O)c2c(C(C)C)c3ccccc3n2C)cc1OC",prism_treatment_info
1e2ab1d8c,BRD-A08079565-001-01-8,CDBA,,0.4209106935649734,0.3716742203288535,0.0492364732361199,False,OCC1OC2OC3C(CO)OC(OC4C(CO)OC(OC5C(CO)OC(OC6C(CO)OC(OC7C(CO)OC(OC8C(CO)OC(OC1C(O)C2O)C(O)C8O)C(O)C7O)C(O)C6O)C(O)C5O)C(O)C4O)C(O)C3O,prism_treatment_info
1e5cd39b1,BRD-K96055017-003-02-7,1-acetyl-4-methylpiperazine,acetylcholine receptor agonist,0.3195957889487203,0.2973853389742374,0.0222104499744829,False,CN1CCN(CC1)C(C)=O,prism_treatment_info
1e810afa6,BRD-K53561341-001-07-5,aurora-a-inhibitor-i,Aurora kinase inhibitor,0.3610924345598656,0.3596011677086855,0.0014912668511801,False,"CCN1CCN(CC1)C(=O)Cc1ccc(Nc2ncc(F)c(Nc3ccc(cc3)C(=O)Nc3ccccc3Cl)n2)cc1, CCN1CCN(CC1)C(=O)Cc1ccc(Nc2ncc(F)c(Nc3ccc(cc3)C(=O)Nc3ccccc3Cl)n2)cc1",prism_treatment_info
1e81ae8da,BRD-K75958547-238-01-0,pitavastatin,HMGCR inhibitor,0.6504453625742226,0.5893867812140436,0.0610585813601789,True,"O[C@H](C[C@H](O)\C=C\c1c(nc2ccccc2c1-c1ccc(F)cc1)C1CC1)CC(O)=O, O[C@H](C[C@H](O)\C=C\c1c(nc2ccccc2c1-c1ccc(F)cc1)C1CC1)CC(O)=O",prism_treatment_info
1e83e8b52,BRD-K38305202-001-17-4,domperidone,dopamine receptor antagonist,0.3512906566652497,0.3088577046303105,0.0424329520349391,False,"Clc1ccc2n(C3CCN(CCCn4c5ccccc5[nH]c4=O)CC3)c(=O)[nH]c2c1, Clc1ccc2n(C3CCN(CCCn4c5ccccc5[nH]c4=O)CC3)c(=O)[nH]c2c1, Clc1ccc2n(C3CCN(CCCn4c5ccccc5[nH]c4=O)CC3)c(=O)[nH]c2c1",prism_treatment_info
1ea8cd37d,BRD-K72339976-065-02-1,cefoselis,bacterial cell wall synthesis inhibitor,0.3711725359506977,0.2984048584167779,0.0727676775339197,False,"CO\N=C(/C(=O)N[C@H]1[C@H]2SCC(Cn3ccc(=N)n3CCO)=C(N2C1=O)C(O)=O)c1csc(N)n1, CO\N=C(/C(=O)N[C@H]1[C@H]2SCC(Cn3ccc(=N)n3CCO)=C(N2C1=O)C(O)=O)c1csc(N)n1, CO\N=C(/C(=O)N[C@H]1[C@H]2SCC(Cn3ccc(=N)n3CCO)=C(N2C1=O)C(O)=O)c1csc(N)n1, CO\N=C(/C(=O)N[C@H]1[C@H]2SCC(Cn3ccc(=N)n3CCO)=C(N2C1=O)C(O)=O)c1csc(N)n1",prism_treatment_info
1ee31d089,BRD-K99174507-003-02-0,cardiogenol-c,cardiomyogenesis inducer,0.3905989810432512,0.3344774622148899,0.0561215188283612,False,"COc1ccc(Nc2nccc(NCCO)n2)cc1, COc1ccc(Nc2nccc(NCCO)n2)cc1",prism_treatment_info
1f4fc34c5,BRD-K37385792-003-02-1,conivaptan,vasopressin receptor antagonist,0.3018873786171846,0.2928994146418037,0.0089879639753808,False,Cc1nc2CCN(C(=O)c3ccc(NC(=O)c4ccccc4-c4ccccc4)cc3)c3ccccc3-c2[nH]1,prism_treatment_info
1f5dc16e1,BRD-A67516570-001-02-8,lafutidine,histamine receptor antagonist,0.3460985059986515,0.3033255662966018,0.0427729397020497,False,O=C(CS(=O)Cc1ccco1)NC\C=C/COc1cc(CN2CCCCC2)ccn1,prism_treatment_info
1f615ecea,BRD-K50785021-001-02-1,cyclamic-acid,,0.3454153717571652,0.3349110531615786,0.0105043185955866,False,"OS(=O)(=O)NC1CCCCC1, OS(=O)(=O)NC1CCCCC1, OS(=O)(=O)NC1CCCCC1",prism_treatment_info
1f6f32360,BRD-K39484304-001-16-5,triptolide,RNA polymerase inhibitor,0.3358411871071735,0.3182200596775901,0.0176211274295833,False,"CC(C)[C@]12O[C@H]1[C@@H]1O[C@]11[C@]3(O[C@H]3C[C@H]3C4=C(CC[C@]13C)C(=O)OC4)[C@@H]2O, CC(C)[C@]12O[C@H]1[C@@H]1O[C@]11[C@]3(O[C@H]3C[C@H]3C4=C(CC[C@]13C)C(=O)OC4)[C@@H]2O",prism_treatment_info
1f7b51a4d,BRD-K63874012-001-02-9,thioperamide,histamine receptor antagonist,0.3619771863843961,0.3320594236388615,0.0299177627455345,False,"S=C(NC1CCCCC1)N1CCC(CC1)c1c[nH]cn1, S=C(NC1CCCCC1)N1CCC(CC1)c1c[nH]cn1",prism_treatment_info
1f9677293,BRD-K01683783-001-02-6,TAK-901,Aurora kinase inhibitor,0.4356800141082305,0.4239493433267212,0.0117306707815093,False,CCS(=O)(=O)c1cccc(c1)-c1cc(C(=O)NC2CCN(C)CC2)c(C)c2[nH]c3ncc(C)cc3c12,prism_treatment_info
1fbc1f017,BRD-A42270467-001-04-4,tenatoprazole,ATPase inhibitor,0.3632725290381485,0.3091493151839655,0.054123213854183,False,COc1ccc2[nH]c(nc2n1)S(=O)Cc1ncc(C)c(OC)c1C,prism_treatment_info
1ff21b539,BRD-K97045029-001-04-3,pranlukast,leukotriene receptor antagonist,0.3844873369358301,0.3728573060667531,0.011630030869077,False,"O=C(Nc1cccc2c1oc(cc2=O)-c1nnn[nH]1)c1ccc(OCCCCc2ccccc2)cc1, O=C(Nc1cccc2c1oc(cc2=O)-c1nnn[nH]1)c1ccc(OCCCCc2ccccc2)cc1",prism_treatment_info
2002e6125,BRD-K17223896-001-10-0,chloroxylenol,ATP synthase inhibitor,0.3110133848920293,0.2954783148321911,0.0155350700598381,False,Cc1cc(O)cc(C)c1Cl,prism_treatment_info
201cdcec8,BRD-K86301799-001-34-8,dipyridamole,phosphodiesterase inhibitor,0.2732736403888903,0.2520100149551723,0.021263625433718,False,"OCCN(CCO)c1nc(N2CCCCC2)c2nc(nc(N3CCCCC3)c2n1)N(CCO)CCO, OCCN(CCO)c1nc(N2CCCCC2)c2nc(nc(N3CCCCC3)c2n1)N(CCO)CCO, OCCN(CCO)c1nc(N2CCCCC2)c2nc(nc(N3CCCCC3)c2n1)N(CCO)CCO, OCCN(CCO)c1nc(N2CCCCC2)c2nc(nc(N3CCCCC3)c2n1)N(CCO)CCO, OCCN(CCO)c1nc(N2CCCCC2)c2nc(nc(N3CCCCC3)c2n1)N(CCO)CCO",prism_treatment_info
202867ab1,BRD-A52460047-001-01-3,methylatropine-nitrate,acetylcholine receptor antagonist,0.3234765318325589,0.3231746712828601,0.0003018605496988,False,C[N+]1(C)C2CCC1CC(C2)OC(=O)C(CO)c1ccccc1,prism_treatment_info
209a68d23,BRD-K55512740-001-01-6,MK-8033,c-Met inhibitor,0.3980211131275393,0.3361187501907601,0.0619023629367791,False,Cn1cc(cn1)-c1cnc2ccc3ccc(CS(=O)(=O)NCc4ccccn4)cc3c(=O)c2c1,prism_treatment_info
20a3c3f90,BRD-A25608658-001-01-1,narasin,antiprotozoal agent,0.5109762378542373,0.4279920124447778,0.0829842254094594,True,CC[C@H]([C@@H]1O[C@@H]([C@@H](C)[C@H](O)[C@H](C)C(=O)[C@H](CC)[C@H]2O[C@@]3(O[C@@]4(CC[C@](C)(O4)C4CC[C@](O)(CC)[C@H](C)O4)[C@H](O)C=C3)[C@H](C)C[C@@H]2C)[C@@H](C)C[C@H]1C)C(O)=O,prism_treatment_info
20c439875,BRD-K65814004-003-02-9,diphenyleneiodonium,nitric oxide synthase inhibitor,0.3365847053033089,0.2909813712501361,0.0456033340531727,False,[I+]1c2ccccc2-c2ccccc12,prism_treatment_info
20c9d8e5c,BRD-K05464208-001-05-7,JX-401,p38 MAPK inhibitor,0.3420438097016155,0.3111456684364902,0.0308981412651253,False,"COc1cc(SC)ccc1C(=O)N1CCC(Cc2ccccc2)CC1, COc1cc(SC)ccc1C(=O)N1CCC(Cc2ccccc2)CC1",prism_treatment_info
20d248d52,BRD-A24560335-300-01-2,efatutazone,PPAR receptor agonist,0.3246881574024067,0.3114840056649399,0.0132041517374668,False,Cc1cc(Oc2ccc3nc(COc4ccc(CC5SC(=O)NC5=O)cc4)n(C)c3c2)cc(C)c1N,prism_treatment_info
20e191f4d,BRD-A36217750-001-16-3,sulfinpyrazone,uricosuric blocker,0.3487102009668115,0.3138047316047329,0.0349054693620786,False,O=C1C(CCS(=O)c2ccccc2)C(=O)N(N1c1ccccc1)c1ccccc1,prism_treatment_info
20f5de99f,BRD-K89014967-001-04-3,AS-703026,MEK inhibitor,0.3356421388599039,0.3288420407868001,0.0068000980731038,False,OC[C@@H](O)CNC(=O)c1ccncc1Nc1ccc(I)cc1F,prism_treatment_info
210962402,BRD-K17075857-001-17-6,chloroxine,opioid receptor antagonist,0.3160476459729556,0.2688915138949885,0.0471561320779671,False,"Oc1c(Cl)cc(Cl)c2cccnc12, Oc1c(Cl)cc(Cl)c2cccnc12, Oc1c(Cl)cc(Cl)c2cccnc12",prism_treatment_info
211b5a3d5,BRD-A14240607-003-26-1,octopamine,trace amine associated receptor agonist,0.32074930433816,0.2734196280935449,0.047329676244615,False,"NCC(O)c1ccc(O)cc1, NCC(O)c1ccc(O)cc1, NCC(O)c1ccc(O)cc1, NCC(O)c1ccc(O)cc1",prism_treatment_info
212446fb4,BRD-K50590187-001-19-9,capsaicin,TRPV agonist,0.3375739786663935,0.2652670224020561,0.0723069562643374,False,"COc1cc(CNC(=O)CCCC\C=C\C(C)C)ccc1O, COc1cc(CNC(=O)CCCC\C=C\C(C)C)ccc1O",prism_treatment_info
212895fb6,BRD-K26989966-001-03-5,UNC1999,histone lysine methyltransferase inhibitor,0.3565162765586032,0.2755253327483351,0.080990943810268,False,"CCCc1cc(C)[nH]c(=O)c1CNC(=O)c1cc(cc2n(ncc12)C(C)C)-c1ccc(nc1)N1CCN(CC1)C(C)C, CCCc1cc(C)[nH]c(=O)c1CNC(=O)c1cc(cc2n(ncc12)C(C)C)-c1ccc(nc1)N1CCN(CC1)C(C)C, CCCc1cc(C)[nH]c(=O)c1CNC(=O)c1cc(cc2n(ncc12)C(C)C)-c1ccc(nc1)N1CCN(CC1)C(C)C",prism_treatment_info
2159f4e19,BRD-K92467929-001-01-1,oxandrolone,androgen receptor agonist,0.3509720636659006,0.3146164416149441,0.0363556220509565,False,C[C@]1(O)CC[C@H]2[C@@H]3CC[C@H]4CC(=O)OC[C@]4(C)[C@H]3CC[C@]12C,prism_treatment_info
21625d864,BRD-K22936972-003-23-6,diphenylpyraline,dopamine uptake inhibitor,0.2774416664732874,0.2762263706818762,0.0012152957914111,False,"CN1CCC(CC1)OC(c1ccccc1)c1ccccc1, CN1CCC(CC1)OC(c1ccccc1)c1ccccc1",prism_treatment_info
216e28696,BRD-A75769826-003-02-1,SDM25N,opioid receptor antagonist,0.3203794791229766,0.3173405235274991,0.0030389555954775,False,"CC(=C)CN1CC[C@@]23[C@H]4Oc5c2c(CC1[C@]3(O)Cc1c4[nH]c2ccccc12)ccc5O, CC(=C)CN1CC[C@@]23[C@H]4Oc5c2c(CC1[C@]3(O)Cc1c4[nH]c2ccccc12)ccc5O, CC(=C)CN1CC[C@@]23[C@H]4Oc5c2c(CC1[C@]3(O)Cc1c4[nH]c2ccccc12)ccc5O",prism_treatment_info
21873d192,BRD-K51207550-001-23-0,ethionamide,mycolic synthesis inhibitor,0.3847085286267738,0.2625572131598777,0.1221513154668961,False,"CCc1cc(ccn1)C(S)=N, CCc1cc(ccn1)C(S)=N",prism_treatment_info
21ad0a835,BRD-K07220430-001-18-4,cinnarazine,calcium channel blocker,0.3450824715517915,0.3156048389163525,0.029477632635439,False,"C(\C=C\c1ccccc1)N1CCN(CC1)C(c1ccccc1)c1ccccc1, C(\C=C\c1ccccc1)N1CCN(CC1)C(c1ccccc1)c1ccccc1",prism_treatment_info
21d9e9e4e,BRD-K64890080-001-13-8,BI-2536,PLK inhibitor,0.6304775669648468,0.5301730309335989,0.1003045360312478,True,CC[C@H]1N(C2CCCC2)c2nc(Nc3ccc(cc3OC)C(=O)NC3CCN(C)CC3)ncc2N(C)C1=O,prism_treatment_info
21f05d290,BRD-K51544265-001-04-2,cabozantinib,"RET tyrosine kinase inhibitor, VEGFR inhibitor",0.6382266529344799,0.5749605455026261,0.0632661074318537,True,"COc1cc2nccc(Oc3ccc(NC(=O)C4(CC4)C(=O)Nc4ccc(F)cc4)cc3)c2cc1OC, COc1cc2nccc(Oc3ccc(NC(=O)C4(CC4)C(=O)Nc4ccc(F)cc4)cc3)c2cc1OC",prism_treatment_info
21fce610c,BRD-K88186167-001-04-8,GW-4064,FXR agonist,0.3064917873658434,0.2959404088485617,0.0105513785172816,False,"CC(C)c1onc(c1COc1ccc(\C=C\c2cccc(c2)C(O)=O)c(Cl)c1)-c1c(Cl)cccc1Cl, CC(C)c1onc(c1COc1ccc(\C=C\c2cccc(c2)C(O)=O)c(Cl)c1)-c1c(Cl)cccc1Cl",prism_treatment_info
2213f37fe,BRD-K71266197-236-02-7,PSB-06126,NTPDase inhibitor,0.282243552333346,0.2633915766296359,0.01885197570371,False,Nc1c2C(=O)c3ccccc3C(=O)c2c(Nc2cccc3ccccc23)cc1S(O)(=O)=O,prism_treatment_info
22199949c,BRD-K69247067-001-01-8,afloqualone,acetylcholine receptor antagonist,0.2942573930559191,0.2735669604768638,0.0206904325790553,False,Cc1ccccc1-n1c(CF)nc2ccc(N)cc2c1=O,prism_treatment_info
2220f11d3,BRD-K68164687-001-01-6,epothilone-b,"microtubule stabilizing agent, tubulin polymerization inhibitor",0.6294157030156242,0.6257689903667957,0.0036467126488285,True,C[C@H]1CCC[C@@]2(C)O[C@H]2C[C@@H](OC(=O)C[C@@H](O)C(C)(C)C(=O)[C@H](C)[C@H]1O)C(\C)=C\c1csc(C)n1,prism_treatment_info
2229f35a4,BRD-K54759182-003-08-0,dosulepin,"norepinephrine reuptake inhibitor, serotonin-norepinephrine reuptake inhibitor (SNRI), tricyclic antidepressant",0.3541057670543694,0.3476667791837216,0.0064389878706478,False,CN(C)CC\C=C1/c2ccccc2CSc2ccccc12,prism_treatment_info
222c64809,BRD-A83802939-304-04-2,dexamethasone-sodium-phosphate,glucocorticoid receptor agonist,0.4666252301947705,0.4390823312034731,0.0275428989912974,False,"C[C@H]1CC2C3CCC4=CC(=O)C=C[C@]4(C)[C@@]3(F)[C@@H](O)C[C@]2(C)[C@@]1(O)C(=O)COP(O)(O)=O, C[C@@H]1CC2C3CCC4=CC(=O)C=C[C@]4(C)[C@@]3(F)[C@@H](O)C[C@]2(C)[C@@]1(O)C(=O)COP(O)(O)=O",prism_treatment_info
2249f481f,BRD-K70327167-348-13-4,suramin,DNA synthesis inhibitor,0.3569677303694956,0.3549843658729348,0.0019833644965607,False,"Cc1ccc(cc1NC(=O)c1cccc(NC(=O)Nc2cccc(c2)C(=O)Nc2cc(ccc2C)C(=O)Nc2ccc(c3cc(cc(c23)S(O)(=O)=O)S(O)(=O)=O)S(O)(=O)=O)c1)C(=O)Nc1ccc(c2cc(cc(c12)S(O)(=O)=O)S(O)(=O)=O)S(O)(=O)=O, Cc1ccc(cc1NC(=O)c1cccc(NC(=O)Nc2cccc(c2)C(=O)Nc2cc(ccc2C)C(=O)Nc2ccc(c3cc(cc(c23)S(O)(=O)=O)S(O)(=O)=O)S(O)(=O)=O)c1)C(=O)Nc1ccc(c2cc(cc(c12)S(O)(=O)=O)S(O)(=O)=O)S(O)(=O)=O",prism_treatment_info
224c01471,BRD-K76805682-001-15-9,SB-415286,glycogen synthase kinase inhibitor,0.3493410947250648,0.2897936605288538,0.059547434196211,False,"Oc1ccc(NC2=C(C(=O)NC2=O)c2ccccc2[N+]([O-])=O)cc1Cl, Oc1ccc(NC2=C(C(=O)NC2=O)c2ccccc2[N+]([O-])=O)cc1Cl, Oc1ccc(NC2=C(C(=O)NC2=O)c2ccccc2[N+]([O-])=O)cc1Cl",prism_treatment_info
224c1bf37,BRD-K42221274-003-07-7,NNC-711,GABA uptake inhibitor,0.3878657066101879,0.3438297943275017,0.0440359122826862,False,"OC(=O)C1=CCCN(CCON=C(c2ccccc2)c2ccccc2)C1, OC(=O)C1=CCCN(CCON=C(c2ccccc2)c2ccccc2)C1",prism_treatment_info
225385f09,BRD-K84663978-003-02-9,trequinsin,phosphodiesterase inhibitor,0.3629575259814831,0.361780273051785,0.001177252929698,False,"COc1cc2CCn3c(c\c(=N/c4c(C)cc(C)cc4C)n(C)c3=O)-c2cc1OC, COc1cc2CCn3c(c\c(=N/c4c(C)cc(C)cc4C)n(C)c3=O)-c2cc1OC",prism_treatment_info
226072171,BRD-K04568635-300-01-4,octenidine,membrane integrity inhibitor,0.4989741578863583,0.4533008643433039,0.0456732935430543,False,CCCCCCCCN=c1ccn(CCCCCCCCCCn2ccc(cc2)=NCCCCCCCC)cc1,prism_treatment_info
226348f20,BRD-K84466663-001-05-4,nelarabine,"DNA synthesis inhibitor, T cell inhibitor",0.3416037435027825,0.3233663732788202,0.0182373702239623,False,COc1nc(N)nc2n(cnc12)[C@@H]1O[C@H](CO)[C@@H](O)[C@@H]1O,prism_treatment_info
2266410ca,BRD-K78815826-001-14-6,suxibuzone,cyclooxygenase inhibitor,0.3369455279969849,0.3251796918424645,0.0117658361545203,False,"CCCCC1(COC(=O)CCC(O)=O)C(=O)N(N(C1=O)c1ccccc1)c1ccccc1, CCCCC1(COC(=O)CCC(O)=O)C(=O)N(N(C1=O)c1ccccc1)c1ccccc1",prism_treatment_info
22770735e,BRD-K55512740-001-01-6,MK-8033,c-Met inhibitor,0.5507578945974709,0.5275713923464441,0.0231865022510268,True,Cn1cc(cn1)-c1cnc2ccc3ccc(CS(=O)(=O)NCc4ccccn4)cc3c(=O)c2c1,prism_treatment_info
227dac617,BRD-A98174560-001-02-1,chloralose,,0.3100108394425978,0.2714006354363077,0.0386102040062901,False,OCC(O)[C@H]1O[C@@H]2O[C@@H](O[C@@H]2[C@H]1O)C(Cl)(Cl)Cl,prism_treatment_info
2284046f5,BRD-K64925568-001-01-8,AMG-232,MDM inhibitor,0.2867291210577118,0.2762821994164779,0.0104469216412339,False,CC(C)[C@@H](CS(=O)(=O)C(C)C)N1[C@@H]([C@H](C[C@](C)(CC(O)=O)C1=O)c1cccc(Cl)c1)c1ccc(Cl)cc1,prism_treatment_info
2289e7c53,BRD-K14235254-001-01-2,GTS21,cholinergic receptor agonist,0.3712943405783556,0.3290439696852107,0.0422503708931448,False,COc1ccc(\C=C2CCCN=C/2c2cccnc2)c(OC)c1,prism_treatment_info
228f08c3d,BRD-K90993449-001-02-7,KRN-633,VEGFR inhibitor,0.5921335600622819,0.5631131699022249,0.0290203901600569,True,CCCNC(=O)Nc1ccc(Oc2ncnc3cc(OC)c(OC)cc23)cc1Cl,prism_treatment_info
2294112df,BRD-A04506385-001-01-2,stepronin,mucolytic agent,0.324470882897044,0.2743708210485865,0.0501000618484575,False,CC(SC(=O)c1cccs1)C(=O)NCC(O)=O,prism_treatment_info
22d6e0ac1,BRD-K68488863-001-04-9,ENMD-2076,"Aurora kinase inhibitor, FLT3 inhibitor, VEGFR inhibitor",0.4365434505649608,0.3982923934682887,0.038251057096672,False,CN1CCN(CC1)c1cc(Nc2cc(C)[nH]n2)nc(\C=C\c2ccccc2)n1,prism_treatment_info
22f943d8d,BRD-K76810206-001-07-3,nicergoline,adrenergic receptor antagonist,0.3270294207301161,0.3140858191068423,0.0129436016232738,False,"CO[C@]12C[C@@H](COC(=O)c3cncc(Br)c3)CN(C)[C@@H]1Cc1cn(C)c3cccc2c13, CO[C@]12C[C@@H](COC(=O)c3cncc(Br)c3)CN(C)[C@@H]1Cc1cn(C)c3cccc2c13",prism_treatment_info
230867937,BRD-A72066420-001-04-5,mifobate,PPAR receptor antagonist,0.334811762956016,0.3071942374991346,0.0276175254568813,False,COP(=O)(OC)OC(c1ccc(Cl)cc1)P(=O)(OC)OC,prism_treatment_info
230cbe940,BRD-K68747584-001-02-0,PF-03814735,Aurora kinase inhibitor,0.4974340412102015,0.4456168673509225,0.0518171738592789,False,"CC(=O)NCC(=O)N1[C@H]2CC[C@@H]1c1cc(Nc3ncc(c(NC4CCC4)n3)C(F)(F)F)ccc21, CC(=O)NCC(=O)N1[C@H]2CC[C@@H]1c1cc(Nc3ncc(c(NC4CCC4)n3)C(F)(F)F)ccc21",prism_treatment_info
23108da9b,BRD-K13810148-311-03-2,givinostat,HDAC inhibitor,0.4203124084855278,0.412601412998273,0.0077109954872547,False,CCN(CC)Cc1ccc2cc(COC(=O)Nc3ccc(cc3)C(=O)NO)ccc2c1,prism_treatment_info
232d3e660,BRD-K56543881-001-02-7,ADX-47273,glutamate receptor modulator,0.371068210290875,0.3362417742957415,0.0348264359951335,False,Fc1ccc(cc1)C(=O)N1CCC[C@@H](C1)c1nc(no1)-c1ccc(F)cc1,prism_treatment_info
233bbbb62,BRD-A67060370-001-02-9,albendazole-oxide,anthelmintic agent,0.3296003083787729,0.3150967275159821,0.0145035808627908,False,CCCS(=O)c1ccc2nc(NC(=O)OC)[nH]c2c1,prism_treatment_info
234586c95,BRD-K74065929-001-07-2,doramapimod,p38 MAPK inhibitor,0.3498305268974768,0.3493692160971562,0.0004613108003205,False,"Cc1ccc(cc1)-n1nc(cc1NC(=O)Nc1ccc(OCCN2CCOCC2)c2ccccc12)C(C)(C)C, Cc1ccc(cc1)-n1nc(cc1NC(=O)Nc1ccc(OCCN2CCOCC2)c2ccccc12)C(C)(C)C",prism_treatment_info
23458e56a,BRD-K65428967-001-08-4,cordycepin,DNA inhibitor,0.3342026981492008,0.3174541775379971,0.0167485206112036,False,"Nc1ncnc2n(cnc12)[C@@H]1O[C@H](CO)C[C@H]1O, Nc1ncnc2n(cnc12)[C@@H]1O[C@H](CO)C[C@H]1O",prism_treatment_info
234611c76,BRD-A44863528-001-13-2,proglumide,CCK receptor antagonist,0.3270852025622742,0.3116456369359675,0.0154395656263067,False,CCCN(CCC)C(=O)C(CCC(O)=O)NC(=O)c1ccccc1,prism_treatment_info
2352c6333,BRD-K06674495-334-03-2,nafamostat,serine protease inhibitor,0.3339816317113742,0.3305408489686311,0.0034407827427431,False,"NC(=N)Nc1ccc(cc1)C(=O)Oc1ccc2cc(ccc2c1)C(N)=N, NC(=N)Nc1ccc(cc1)C(=O)Oc1ccc2cc(ccc2c1)C(N)=N, NC(=N)Nc1ccc(cc1)C(=O)Oc1ccc2cc(ccc2c1)C(N)=N",prism_treatment_info
235333326,BRD-K19972289-001-01-4,octinoxate,,0.2957321040461832,0.2532329629892854,0.0424991410568977,False,CCCC[C@@H](CC)COC(=O)\C=C\c1ccc(OC)cc1,prism_treatment_info
2353e1221,BRD-K43449605-001-01-0,oncrasin-1,apoptosis stimulant,0.7902070530055962,0.3458719659536508,0.4443350870519454,True,Clc1ccc(Cn2cc(C=O)c3ccccc23)cc1,prism_treatment_info
236738f2a,BRD-K63343048-001-12-2,orlistat,lipase inhibitor,0.402559991971406,0.399822716799001,0.002737275172405,False,"CCCCCCCCCCC[C@@H](C[C@H]1OC(=O)[C@H]1CCCCCC)OC(=O)[C@@H](CC(C)C)NC=O, CCCCCCCCCCC[C@@H](C[C@@H]1OC(=O)[C@H]1CCCCCC)OC(=O)[C@H](CC(C)C)NC=O, CCCCCCCCCCC[C@@H](C[C@@H]1OC(=O)[C@H]1CCCCCC)OC(=O)[C@H](CC(C)C)NC=O",prism_treatment_info
238584dcd,BRD-K75250001-001-01-3,tiracizine,sodium channel blocker,0.34822391861732,0.3378061543272338,0.0104177642900862,False,CCOC(=O)Nc1ccc2CCc3ccccc3N(C(=O)CN(C)C)c2c1,prism_treatment_info
23b0c6122,BRD-K13514097-001-05-3,everolimus,mTOR inhibitor,0.4842423555086262,0.425389870822203,0.0588524846864232,False,"CO[C@@H]1C[C@H](C[C@@H](C)[C@@H]2CC(=O)[C@H](C)\C=C(C)\[C@@H](O)[C@@H](OC)C(=O)[C@H](C)C[C@H](C)\C=C\C=C\C=C(C)\[C@H](C[C@@H]3CC[C@@H](C)[C@@](O)(O3)C(=O)C(=O)N3CCCC[C@H]3C(=O)O2)OC)CC[C@H]1OCCO, CO[C@@H]1C[C@H](C[C@@H](C)[C@@H]2CC(=O)[C@H](C)\C=C(C)\[C@@H](O)[C@@H](OC)C(=O)[C@H](C)C[C@H](C)\C=C\C=C\C=C(C)\[C@H](C[C@@H]3CC[C@@H](C)[C@@](O)(O3)C(=O)C(=O)N3CCCC[C@H]3C(=O)O2)OC)CC[C@H]1OCCO",prism_treatment_info
23b488dc9,BRD-K72029282-001-22-0,probucol,atherogenesis inhibitor,0.363893737363535,0.3350674111873528,0.0288263261761821,False,"CC(C)(Sc1cc(c(O)c(c1)C(C)(C)C)C(C)(C)C)Sc1cc(c(O)c(c1)C(C)(C)C)C(C)(C)C, CC(C)(Sc1cc(c(O)c(c1)C(C)(C)C)C(C)(C)C)Sc1cc(c(O)c(c1)C(C)(C)C)C(C)(C)C",prism_treatment_info
23bdbc9c0,BRD-K60240222-001-01-4,carglumic-acid,carbamoyl phosphate synthase activator,0.2984879131940074,0.2850463344040414,0.0134415787899659,False,NC(=O)N[C@@H](CCC(O)=O)C(O)=O,prism_treatment_info
23d6790ad,BRD-K19669037-001-01-1,GGTI-298,GGTase inhibitor,0.3675345726919606,0.3122924177493976,0.0552421549425629,False,COC(=O)[C@H](CC(C)C)NC(=O)c1ccc(NC[C@@H](N)CS)cc1-c1cccc2ccccc12,prism_treatment_info
23ffb25a4,BRD-K40578143-001-02-6,GR-79236,adenosine receptor agonist,0.3411804103142887,0.3347725290309167,0.0064078812833719,False,OC[C@H]1O[C@H]([C@H](O)[C@@H]1O)n1cnc2c(N[C@H]3CCC[C@@H]3O)ncnc12,prism_treatment_info
240f5b164,BRD-K31627533-001-09-5,rimexolone,glucocorticoid receptor agonist,0.5326351352400736,0.503248584854704,0.0293865503853695,True,CCC(=O)[C@@]1(C)[C@H](C)C[C@H]2[C@@H]3CCC4=CC(=O)C=C[C@]4(C)[C@H]3[C@@H](O)C[C@]12C,prism_treatment_info
243025e87,BRD-K46690591-001-01-2,KP-1212,,0.3334968320916509,0.2936542226336716,0.0398426094579792,False,NC1=NC(=O)N(CN1)[C@H]1C[C@@H](O)[C@@H](CO)O1,prism_treatment_info
24379fd5e,BRD-K90065682-300-02-6,5-iodo-A-85380,acetylcholine receptor agonist,0.3362217447079829,0.324171096713614,0.0120506479943688,False,"Ic1cncc(OC[C@@H]2CCN2)c1, Ic1cncc(OC[C@@H]2CCN2)c1",prism_treatment_info
244e7bde9,BRD-K83459933-001-05-4,sinomenine,angiogenesis inhibitor,0.3402608422830068,0.3257728400208185,0.0144880022621882,False,COC1=C[C@@H]2[C@@H]3Cc4ccc(OC)c(O)c4[C@]2(CCN3C)CC1=O,prism_treatment_info
244ef8123,BRD-A94543220-001-24-7,bifonazole,sterol demethylase inhibitor,0.3135329440939033,0.2974353924111251,0.0160975516827782,False,"c1cn(cn1)C(c1ccccc1)c1ccc(cc1)-c1ccccc1, c1cn(cn1)C(c1ccccc1)c1ccc(cc1)-c1ccccc1",prism_treatment_info
246d8afb2,BRD-K81795818-019-01-4,exherin,cadherin antagonist,0.3547207164974393,0.3373202598416768,0.0174004566557625,False,CC(C)[C@@H]1NC(=O)[C@H](C)NC(=O)[C@H](Cc2cnc[nH]2)NC(=O)[C@H](CSSC[C@H](NC1=O)C(N)=O)NC(C)=O,prism_treatment_info
248a98dcc,BRD-K37714784-305-02-1,ABT-724,dopamine receptor agonist,0.3379852102275392,0.3296203077842352,0.008364902443304,False,C(N1CCN(CC1)c1ccccn1)c1nc2ccccc2[nH]1,prism_treatment_info
24936702f,BRD-K50859149-001-19-5,sulfafurazole,bacterial antifolate,0.3478095404146569,0.3296992891764959,0.018110251238161,False,"Cc1noc(NS(=O)(=O)c2ccc(N)cc2)c1C, Cc1noc(NS(=O)(=O)c2ccc(N)cc2)c1C, Cc1noc(NS(=O)(=O)c2ccc(N)cc2)c1C",prism_treatment_info
2493e7197,BRD-A16700644-003-04-4,isoxsuprine,adrenergic receptor agonist,0.3241380602791713,0.3202325535306002,0.003905506748571,False,CC(COc1ccccc1)NC(C)[C@H](O)c1ccc(O)cc1,prism_treatment_info
24a3fbf37,BRD-K51040301-001-02-1,cobicistat,cytochrome P450 inhibitor,0.3913869866266793,0.3290462815046369,0.0623407051220424,False,CC(C)c1nc(CN(C)C(=O)N[C@@H](CCN2CCOCC2)C(=O)N[C@H](CC[C@H](Cc2ccccc2)NC(=O)OCc2cncs2)Cc2ccccc2)cs1,prism_treatment_info
24ac0214f,BRD-K97163964-001-03-3,L-Aspartic-Acid,metallic radical formation stimulant,0.3756790420641998,0.3322313578933666,0.0434476841708332,False,"N[C@@H](CC(O)=O)C(O)=O, N[C@@H](CC(O)=O)C(O)=O",prism_treatment_info
24c0a37ff,BRD-K51313569-003-03-3,palbociclib,CDK inhibitor,0.3548885056386709,0.2678361722136155,0.0870523334250553,False,"CC(=O)c1c(C)c2cnc(Nc3ccc(cn3)N3CCNCC3)nc2n(C2CCCC2)c1=O, CC(=O)c1c(C)c2cnc(Nc3ccc(cn3)N3CCNCC3)nc2n(C2CCCC2)c1=O",prism_treatment_info
24c787f29,BRD-K17061841-001-03-5,stattic,,0.3746153979170714,0.3636475668195966,0.0109678310974748,False,[O-][N+](=O)c1ccc2C=CS(=O)(=O)c2c1,prism_treatment_info
24c8a6b96,BRD-K74195153-050-12-1,irsogladine,phosphodiesterase inhibitor,0.3195801804344328,0.3181329239518968,0.0014472564825359,False,"Nc1nc(N)nc(n1)-c1cc(Cl)ccc1Cl, Nc1nc(N)nc(n1)-c1cc(Cl)ccc1Cl, Nc1nc(N)nc(n1)-c1cc(Cl)ccc1Cl",prism_treatment_info
252bf6e2a,BRD-K76534306-001-22-7,enrofloxacin,bacterial DNA gyrase inhibitor,0.368023745206981,0.3484129131032749,0.0196108321037061,False,"CCN1CCN(CC1)c1cc2n(cc(C(O)=O)c(=O)c2cc1F)C1CC1, CCN1CCN(CC1)c1cc2n(cc(C(O)=O)c(=O)c2cc1F)C1CC1",prism_treatment_info
2548d9153,BRD-K79892937-001-02-5,phenolsulfonphthalein,,0.3932171253397351,0.348180381548248,0.045036743791487,False,Oc1ccc(cc1)C1(OS(=O)(=O)c2ccccc12)c1ccc(O)cc1,prism_treatment_info
256d18e2b,BRD-A49046702-003-08-3,SKF-89976A,GABA uptake inhibitor,0.3650158567234082,0.345918509058286,0.0190973476651222,False,"OC(=O)C1CCCN(CCC=C(c2ccccc2)c2ccccc2)C1, OC(=O)C1CCCN(CCC=C(c2ccccc2)c2ccccc2)C1",prism_treatment_info
25cd3600b,BRD-K23566484-001-15-1,nilutamide,androgen receptor antagonist,0.2885039712039892,0.2821938903694152,0.006310080834574,False,"CC1(C)NC(=O)N(C1=O)c1ccc(c(c1)C(F)(F)F)[N+]([O-])=O, CC1(C)NC(=O)N(C1=O)c1ccc(c(c1)C(F)(F)F)[N+]([O-])=O",prism_treatment_info
25d3c2526,BRD-K98357249-001-02-9,IRL-2500,endothelin receptor antagonist,0.4118127340337591,0.3049809935125229,0.1068317405212362,False,CN([C@H](Cc1ccc(cc1)-c1ccccc1)C(=O)N[C@@H](Cc1c[nH]c2ccccc12)C(O)=O)C(=O)c1cc(C)cc(C)c1,prism_treatment_info
25f96be51,BRD-K28494619-001-28-2,sulfamethoxazole,PABA antagonist,0.3271780940998176,0.3186234020731835,0.008554692026634,False,"Cc1cc(NS(=O)(=O)c2ccc(N)cc2)no1, Cc1cc(NS(=O)(=O)c2ccc(N)cc2)no1",prism_treatment_info
260a804ec,BRD-K26373640-001-05-1,IKK-2-inhibitor,"IKK inhibitor, SYK inhibitor",0.3855520078634984,0.3410333830798276,0.0445186247836708,False,"NC(=O)c1sc(cc1N)-c1ccsc1, NC(=O)c1sc(cc1N)-c1ccsc1, NC(=O)c1sc(cc1N)-c1ccsc1",prism_treatment_info
262da47c0,BRD-K53561341-001-07-5,aurora-a-inhibitor-i,Aurora kinase inhibitor,0.5370683509887434,0.4679750485207046,0.0690933024680388,True,"CCN1CCN(CC1)C(=O)Cc1ccc(Nc2ncc(F)c(Nc3ccc(cc3)C(=O)Nc3ccccc3Cl)n2)cc1, CCN1CCN(CC1)C(=O)Cc1ccc(Nc2ncc(F)c(Nc3ccc(cc3)C(=O)Nc3ccccc3Cl)n2)cc1",prism_treatment_info
263b9a195,BRD-A71774530-001-05-9,lufenuron,chitin inhibitor,0.3204380832482361,0.3102062495439805,0.0102318337042556,False,FC(C(F)(F)F)C(F)(F)Oc1cc(Cl)c(NC(=O)NC(=O)c2c(F)cccc2F)cc1Cl,prism_treatment_info
2641f5793,BRD-K85015012-003-02-9,NNC-05-2090,"GABA uptake inhibitor, GAT inhibitor",0.3327283335577155,0.3083364183872375,0.024391915170478,False,"COc1ccccc1C1(O)CCN(CCCn2c3ccccc3c3ccccc23)CC1, COc1ccccc1C1(O)CCN(CCCn2c3ccccc3c3ccccc23)CC1",prism_treatment_info
26574c800,BRD-K41866823-001-01-3,2-hydroxyethyl-salicylate,,0.3283417707884452,0.3169592564447834,0.0113825143436617,False,OCCOC(=O)c1ccccc1O,prism_treatment_info
266df4aad,BRD-A66435872-332-01-8,HTMT,histamine receptor agonist,0.3334017267894296,0.3273055459119998,0.0060961808774298,False,"CC(CCCCC(=O)Nc1ccc(cc1)C(F)(F)F)NCCc1c[nH]cn1, CC(CCCCC(=O)Nc1ccc(cc1)C(F)(F)F)NCCc1c[nH]cn1",prism_treatment_info
2682044c0,BRD-K10784860-003-02-3,temocapril,angiotensin converting enzyme inhibitor,0.3097552722672126,0.303814131433118,0.0059411408340945,False,CCOC(=O)[C@H](CCc1ccccc1)N[C@H]1CS[C@@H](CN(CC(O)=O)C1=O)c1cccs1,prism_treatment_info
2688e0167,BRD-K00938507-001-17-8,sulfamethoxypyridazine,bacterial antifolate,0.2856963421251765,0.2830840867567953,0.0026122553683811,False,"COc1ccc(NS(=O)(=O)c2ccc(N)cc2)nn1, COc1ccc(NS(=O)(=O)c2ccc(N)cc2)nn1",prism_treatment_info
26901f17d,BRD-K17894950-001-14-3,indirubin,"CDK inhibitor, glycogen synthase kinase inhibitor",0.3409077826667028,0.3392857719613106,0.0016220107053922,False,O=C1Nc2ccccc2\C1=C1\Nc2ccccc2C1=O,prism_treatment_info
269c5bab3,BRD-K26581543-001-01-6,bifendate,,0.3393881168408635,0.3163717905899735,0.02301632625089,False,COC(=O)c1cc(OC)c2OCOc2c1-c1c2OCOc2c(OC)cc1C(=O)OC,prism_treatment_info
269cfe6ea,BRD-K36739687-001-03-0,stemregenin-1,aryl hydrocarbon receptor antagonist,0.2837843965060258,0.2654699560717043,0.0183144404343214,False,CC(C)n1cnc2c(NCCc3ccc(O)cc3)nc(nc12)-c1csc2ccccc12,prism_treatment_info
26a49c7f8,BRD-A70268693-050-01-2,PG-9,acetylcholine receptor agonist,0.281367298178874,0.2694319558854969,0.011935342293377,False,CC(C(=O)OC1CC2CCC(C1)N2C)c1ccc(Br)cc1,prism_treatment_info
26a8f6de7,BRD-K94436377-001-10-2,diosmin,"aryl hydrocarbon receptor agonist, capillary stabilizing agent",0.3907357399416645,0.3588322293483459,0.0319035105933186,False,"COc1ccc(cc1O)-c1cc(=O)c2c(O)cc(O[C@@H]3O[C@H](CO[C@@H]4O[C@@H](C)[C@H](O)[C@@H](O)[C@H]4O)[C@@H](O)[C@H](O)[C@H]3O)cc2o1, COc1ccc(cc1O)-c1cc(=O)c2c(O)cc(O[C@@H]3O[C@H](CO[C@@H]4O[C@@H](C)[C@H](O)[C@@H](O)[C@H]4O)[C@@H](O)[C@H](O)[C@H]3O)cc2o1, COc1ccc(cc1O)-c1cc(=O)c2c(O)cc(O[C@@H]3O[C@H](CO[C@@H]4O[C@@H](C)[C@H](O)[C@@H](O)[C@H]4O)[C@@H](O)[C@H](O)[C@H]3O)cc2o1",prism_treatment_info
26b98a417,BRD-K04833372-001-06-2,GSK1904529A,"IGF-1 inhibitor, insulin growth factor receptor inhibitor, insulin receptor ligand",0.3704866475320666,0.2814580276635716,0.0890286198684949,False,CCc1cc(Nc2nccc(n2)-c2c(nc3ccccn23)-c2ccc(OC)c(c2)C(=O)Nc2c(F)cccc2F)c(OC)cc1N1CCC(CC1)N1CCN(CC1)S(C)(=O)=O,prism_treatment_info
26e35cf44,BRD-A31095847-001-02-3,mozavaptan,vasopressin receptor antagonist,0.4414746167080443,0.434519100815392,0.0069555158926523,False,CN(C)C1CCCN(C(=O)c2ccc(NC(=O)c3ccccc3C)cc2)c2ccccc12,prism_treatment_info
26f1351c1,BRD-K14235254-001-01-2,GTS21,cholinergic receptor agonist,0.3560647728177962,0.3458784419275909,0.0101863308902053,False,COc1ccc(\C=C2CCCN=C/2c2cccnc2)c(OC)c1,prism_treatment_info
2701543aa,BRD-K25317177-065-01-4,modaline,,0.3894539020386695,0.3855258300102652,0.0039280720284043,False,Cc1nccnc1N1CCCCC1,prism_treatment_info
270fbca20,BRD-K87990216-001-10-2,piretanide,glucocorticoid receptor agonist,0.3322607667838479,0.313419052265636,0.0188417145182119,False,NS(=O)(=O)c1cc(cc(N2CCCC2)c1Oc1ccccc1)C(O)=O,prism_treatment_info
270fd2fad,BRD-K79633074-001-01-8,xilobam,,0.3104357943609249,0.2814996782687639,0.028936116092161,False,CN1CCC\C1=N\C(=O)Nc1c(C)cccc1C,prism_treatment_info
27138434f,BRD-K32830106-001-02-6,guanfacine,adrenergic receptor agonist,0.3346796831611715,0.3196422272107916,0.0150374559503798,False,"NC(=N)NC(=O)Cc1c(Cl)cccc1Cl, NC(=N)NC(=O)Cc1c(Cl)cccc1Cl, NC(=N)NC(=O)Cc1c(Cl)cccc1Cl",prism_treatment_info
273ff6a56,BRD-K46290096-001-01-1,preladenant,adenosine receptor antagonist,0.3493092038700726,0.2988505042731966,0.0504586995968759,False,COCCOc1ccc(cc1)N1CCN(CCn2ncc3c2nc(N)n2nc(nc32)-c2ccco2)CC1,prism_treatment_info
277f1d6f9,BRD-K30240666-051-15-9,clemastine,histamine receptor antagonist,0.3048366261157567,0.2749379426500087,0.029898683465748,False,"CN1CCC[C@@H]1CCO[C@](C)(c1ccccc1)c1ccc(Cl)cc1, CN1CCC[C@@H]1CCO[C@](C)(c1ccccc1)c1ccc(Cl)cc1, CN1CCC[C@@H]1CCO[C@](C)(c1ccccc1)c1ccc(Cl)cc1, CN1CCC[C@@H]1CCO[C@](C)(c1ccccc1)c1ccc(Cl)cc1",prism_treatment_info
278700b4e,BRD-K60038276-001-09-0,irbesartan,angiotensin receptor antagonist,0.374526543430875,0.3274822234016023,0.0470443200292727,False,"CCCCC1=NC2(CCCC2)C(=O)N1Cc1ccc(cc1)-c1ccccc1-c1nnn[nH]1, CCCCC1=NC2(CCCC2)C(=O)N1Cc1ccc(cc1)-c1ccccc1-c1nnn[nH]1",prism_treatment_info
278991dd3,BRD-K26712974-001-01-5,VX-765,caspase inhibitor,0.3529064043189763,0.3187521719263622,0.034154232392614,False,CCO[C@H]1OC(=O)C[C@@H]1NC(=O)[C@@H]1CCCN1C(=O)[C@@H](NC(=O)c1ccc(N)c(Cl)c1)C(C)(C)C,prism_treatment_info
278f5ee70,BRD-K67772619-001-05-1,rheochrysidin,protein tyrosine kinase inhibitor,0.399409064293442,0.3406056344049982,0.0588034298884437,False,COc1cc(O)c2C(=O)c3c(O)cc(C)cc3C(=O)c2c1,prism_treatment_info
27998e50f,BRD-K66097663-001-01-8,TMC-353121,RSV fusion inhibitor,0.380517667956926,0.3577450158322192,0.0227726521247068,False,Cc1ccc(CCCO)c(NCc2ccc3nc(NCCCN4CCOCC4)n(Cc4nc(C)ccc4O)c3c2)c1,prism_treatment_info
279d0637e,BRD-K96299080-001-02-7,neohesperidin,,0.4306900010882926,0.3544180470160945,0.0762719540721981,False,COc1cc(O)cc(c1)[C@@H]1CC(=O)c2c(O)cc(O[C@@H]3O[C@H](CO)[C@@H](O)[C@H](O)[C@H]3O[C@@H]3O[C@@H](C)[C@H](O)[C@@H](O)[C@H]3O)cc2O1,prism_treatment_info
27ba2d779,BRD-K36055864-001-19-2,cycloheximide,protein synthesis inhibitor,0.3200346928833524,0.311472314653773,0.0085623782295794,False,"C[C@H]1C[C@H](C)C(=O)[C@@H](C1)[C@H](O)CC1CC(=O)NC(=O)C1, C[C@H]1C[C@H](C)C(=O)[C@@H](C1)[C@H](O)CC1CC(=O)NC(=O)C1",prism_treatment_info
27c37fd13,BRD-K33732501-004-01-0,methylnaltrexone,opioid receptor antagonist,0.3528880244656993,0.3067166167761578,0.0461714076895414,False,C[N@@+]1(CC2CC2)CC[C@@]23[C@H]4Oc5c2c(C[C@@H]1[C@@]3(O)CCC4=O)ccc5O,prism_treatment_info
27df661a4,BRD-A42759514-001-20-5,ornidazole,antiprotozoal agent,0.2911035362691484,0.2838241034160261,0.0072794328531222,False,"Cc1ncc(n1CC(O)CCl)[N+]([O-])=O, Cc1ncc(n1CC(O)CCl)[N+]([O-])=O, Cc1ncc(n1CC(O)CCl)[N+]([O-])=O",prism_treatment_info
27fa72002,BRD-A53561827-004-23-1,pipenzolate,cholinergic receptor antagonist,0.3041609186880569,0.288593513515614,0.0155674051724429,False,"CC[N+]1(C)CCCC(C1)OC(=O)C(O)(c1ccccc1)c1ccccc1, CC[N+]1(C)CCCC(C1)OC(=O)C(O)(c1ccccc1)c1ccccc1",prism_treatment_info
280f14f8c,BRD-K21867462-001-02-9,GSK2816126,histone lysine methyltransferase inhibitor,0.361485527453395,0.3420447549052289,0.0194407725481661,False,"CC[C@H](C)n1cc(C)c2c(cc(cc12)-c1ccc(nc1)N1CCNCC1)C(=O)NCc1c(C)cc(C)[nH]c1=O, CC[C@H](C)n1cc(C)c2c(cc(cc12)-c1ccc(nc1)N1CCNCC1)C(=O)NCc1c(C)cc(C)[nH]c1=O",prism_treatment_info
280fbcd35,BRD-A49906757-004-09-8,scopolamine-n-oxide,acetylcholine receptor antagonist,0.3434107509444846,0.2827711605552621,0.0606395903892225,False,C[N+]1([O-])[C@H]2C[C@@H](C[C@@H]1[C@H]1O[C@@H]21)OC(=O)[C@H](CO)c1ccccc1,prism_treatment_info
281332709,BRD-K47105409-001-14-5,AG-490,"EGFR inhibitor, JAK inhibitor",0.328658373129634,0.30046036880763,0.0281980043220039,False,"Oc1ccc(cc1O)\C=C(/C#N)C(=O)NCc1ccccc1, Oc1ccc(cc1O)\C=C(/C#N)C(=O)NCc1ccccc1, Oc1ccc(cc1O)\C=C(/C#N)C(=O)NCc1ccccc1",prism_treatment_info
282850f68,BRD-K23913458-001-20-7,coumarin,vitamin K antagonist,0.3501879726076873,0.3205523567054884,0.0296356159021988,False,"O=c1ccc2ccccc2o1, O=c1ccc2ccccc2o1",prism_treatment_info
282c379a2,BRD-K68395654-001-03-1,EVP4593,NFkB pathway inhibitor,0.3825141825890636,0.3412855961978919,0.0412285863911717,False,"Nc1ccc2ncnc(NCCc3ccc(Oc4ccccc4)cc3)c2c1, Nc1ccc2ncnc(NCCc3ccc(Oc4ccccc4)cc3)c2c1, Nc1ccc2ncnc(NCCc3ccc(Oc4ccccc4)cc3)c2c1",prism_treatment_info
283011b7d,BRD-K91495480-001-02-2,AGP-103,membrane permeability inhibitor,0.3603852069760038,0.3545631978197225,0.0058220091562813,False,CCCCCCCCCCCCCCCCCCCCCC(O)=O,prism_treatment_info
2830d3cb4,BRD-K88405679-003-03-1,thonzylamine,antihistamine,0.3780388165647751,0.3698549680080026,0.0081838485567725,False,COc1ccc(CN(CCN(C)C)c2ncccn2)cc1,prism_treatment_info
2855e975f,BRD-K32501161-300-06-2,vanoxerine,dopamine uptake inhibitor,0.4592050701903356,0.4450735019153474,0.0141315682749882,False,"Fc1ccc(cc1)C(OCCN1CCN(CCCc2ccccc2)CC1)c1ccc(F)cc1, Fc1ccc(cc1)C(OCCN1CCN(CCCc2ccccc2)CC1)c1ccc(F)cc1",prism_treatment_info
285fbb0b0,BRD-K04833372-001-06-2,GSK1904529A,"IGF-1 inhibitor, insulin growth factor receptor inhibitor, insulin receptor ligand",0.3074067454342479,0.3069580290723455,0.0004487163619024,False,CCc1cc(Nc2nccc(n2)-c2c(nc3ccccn23)-c2ccc(OC)c(c2)C(=O)Nc2c(F)cccc2F)c(OC)cc1N1CCC(CC1)N1CCN(CC1)S(C)(=O)=O,prism_treatment_info
2862c5a81,BRD-K62412084-001-07-1,para-toluenesulfonamide,,0.3406204545751358,0.3271993388271372,0.0134211157479985,False,Cc1ccc(cc1)S(N)(=O)=O,prism_treatment_info
288497e82,BRD-K49236613-001-02-3,6-iodo-nordihydrocapsaicin,TRPV antagonist,0.4132759559967078,0.3572393519408103,0.0560366040558974,False,CCCCCCCCC(=O)NCc1cc(OC)c(O)cc1I,prism_treatment_info
28879e19e,BRD-K95053546-001-01-9,tempol,free radical scavenger,0.3987796110430288,0.3891148226195524,0.0096647884234764,False,"CC1(C)CC(O)CC(C)(C)N1O, CC1(C)CC(O)CC(C)(C)N1O, CC1(C)CC(O)CC(C)(C)N1O",prism_treatment_info
288928fcc,BRD-K25991633-001-01-9,BMS-649,retinoid receptor agonist,0.3520012589819294,0.3233722109031282,0.0286290480788011,False,"CC1(C)CCC(C)(C)c2cc(ccc12)C1(OCCO1)c1ccc(cc1)C(O)=O, CC1(C)CCC(C)(C)c2cc(ccc12)C1(OCCO1)c1ccc(cc1)C(O)=O",prism_treatment_info
288e0d205,BRD-K92428232-001-10-6,GSK461364,PLK inhibitor,0.4666062241831898,0.4281870192726654,0.0384192049105244,False,C[C@@H](Oc1cc(sc1C(N)=O)-n1cnc2ccc(CN3CCN(C)CC3)cc12)c1ccccc1C(F)(F)F,prism_treatment_info
28a15cf13,BRD-K27335680-001-10-0,rhein,,0.345022874718902,0.3417386561878173,0.0032842185310847,False,OC(=O)c1cc(O)c2C(=O)c3c(O)cccc3C(=O)c2c1,prism_treatment_info
28a7c8b62,BRD-K41304947-001-03-2,HA-966-(S)-(-),glutamate receptor antagonist,0.4159842383427992,0.3879167937268495,0.0280674446159496,False,N[C@H]1CCN(O)C1=O,prism_treatment_info
28a834f70,BRD-K62814476-001-03-3,BMS-265246,CDK inhibitor,0.388068762580646,0.3661095011592972,0.0219592614213487,False,"CCCCOc1c(cnc2[nH]ncc12)C(=O)c1c(F)cc(C)cc1F, CCCCOc1c(cnc2[nH]ncc12)C(=O)c1c(F)cc(C)cc1F",prism_treatment_info
28b4acd9e,BRD-K24443618-001-10-2,etebenecid,uricosuric blocker,0.3675035551755955,0.3363971667075596,0.0311063884680358,False,CCN(CC)S(=O)(=O)c1ccc(cc1)C(O)=O,prism_treatment_info
28bb151a6,BRD-A84907376-300-03-8,alcuronium,muscle relaxant,0.3723339264478789,0.3393896093088636,0.0329443171390153,False,OC\C=C1/C[N@+]2(CC=C)CC[C@@]34[C@@H]2C[C@@H]1\C1=C\N2C5[C@]6(CC[N@@+]7(CC=C)C\C(=C/CO)[C@H](C[C@@H]67)\C5=C\N(C31)c1ccccc41)c1ccccc21,prism_treatment_info
28bdee607,BRD-A92439610-001-05-7,triamcinolone-acetonide,"glucocorticoid receptor agonist, immunosuppressant",0.4697111809934932,0.4674719579335774,0.0022392230599158,False,"CC1(C)O[C@@H]2CC3C4CCC5=CC(=O)C=C[C@]5(C)[C@@]4(F)[C@@H](O)C[C@]3(C)[C@@]2(O1)C(=O)CO, CC1(C)O[C@@H]2CC3C4CCC5=CC(=O)C=C[C@]5(C)[C@@]4(F)[C@@H](O)C[C@]3(C)[C@@]2(O1)C(=O)CO",prism_treatment_info
28d0fcca8,BRD-K61665160-001-01-5,BYK-204165,PARP inhibitor,0.3195135410271718,0.3073324088358808,0.0121811321912909,False,"Cn1cccc1\C=C1/C(=O)NC(=O)c2ccccc12, Cn1cccc1\C=C1/C(=O)NC(=O)c2ccccc12",prism_treatment_info
28dd9636a,BRD-K71103788-003-12-0,duloxetine,"norepinephrine reuptake inhibitor, serotonin-norepinephrine reuptake inhibitor (SNRI)",0.3991102516933818,0.3386346037051985,0.0604756479881833,False,"CNCC[C@H](Oc1cccc2ccccc12)c1cccs1, CNCC[C@H](Oc1cccc2ccccc12)c1cccs1, CNCC[C@H](Oc1cccc2ccccc12)c1cccs1",prism_treatment_info
28f1045d8,BRD-A78952587-001-01-5,A740003,purinergic receptor antagonist,0.3560827034791954,0.3463693534922706,0.0097133499869247,False,"COc1ccc(CC(=O)NC(N\C(Nc2cccc3ncccc23)=N\C#N)C(C)(C)C)cc1OC, COc1ccc(CC(=O)NC(N\C(Nc2cccc3ncccc23)=N\C#N)C(C)(C)C)cc1OC",prism_treatment_info
28f63043b,BRD-K16037980-001-01-1,Z160,N-type calcium channel blocker,0.2989097255864858,0.2795492187106785,0.0193605068758072,False,O=C(CC(c1ccccc1)c1ccccc1)N1CCN(CC1)C(c1ccccc1)c1ccccc1,prism_treatment_info
28fff865d,BRD-K91147684-001-01-5,m-THP,,0.399998324488475,0.3548522951309784,0.0451460293574966,False,Oc1cccc(c1)-c1c2ccc(n2)c(-c2cccc(O)c2)c2ccc([nH]2)c(-c2cccc(O)c2)c2ccc(n2)c(-c2cccc(O)c2)c2ccc1[nH]2,prism_treatment_info
2905ae5c4,BRD-K50859149-001-19-5,sulfafurazole,bacterial antifolate,0.3237697532763082,0.3200354939796929,0.0037342592966153,False,"Cc1noc(NS(=O)(=O)c2ccc(N)cc2)c1C, Cc1noc(NS(=O)(=O)c2ccc(N)cc2)c1C, Cc1noc(NS(=O)(=O)c2ccc(N)cc2)c1C",prism_treatment_info
29140d496,BRD-K82255054-001-15-9,propofol,benzodiazepine receptor agonist,0.3288079263346648,0.2965656512019931,0.0322422751326717,False,"CC(C)c1cccc(C(C)C)c1O, CC(C)c1cccc(C(C)C)c1O",prism_treatment_info
291b86a26,BRD-K96055017-003-02-7,1-acetyl-4-methylpiperazine,acetylcholine receptor agonist,0.317761703206679,0.316137375862327,0.001624327344352,False,CN1CCN(CC1)C(C)=O,prism_treatment_info
2925884c5,BRD-A89175223-051-14-8,bisoprolol,adrenergic receptor antagonist,0.258776604065502,0.2461369586086314,0.0126396454568705,False,"CC(C)NCC(O)COc1ccc(COCCOC(C)C)cc1, CC(C)NCC(O)COc1ccc(COCCOC(C)C)cc1, CC(C)NCC(O)COc1ccc(COCCOC(C)C)cc1, CC(C)NCC(O)COc1ccc(COCCOC(C)C)cc1",prism_treatment_info
292ab2c28,BRD-K12184916-001-15-4,NVP-BEZ235,"mTOR inhibitor, PI3K inhibitor",0.4822270064324701,0.437782933303302,0.044444073129168,False,"Cn1c2cnc3ccc(cc3c2n(-c2ccc(cc2)C(C)(C)C#N)c1=O)-c1cnc2ccccc2c1, Cn1c2cnc3ccc(cc3c2n(-c2ccc(cc2)C(C)(C)C#N)c1=O)-c1cnc2ccccc2c1",prism_treatment_info
29324bd6e,BRD-K99048103-001-18-4,acetarsol,,0.3255976500034498,0.291717266090324,0.0338803839131258,False,"CC(=O)Nc1cc(ccc1O)[As](O)(O)=O, CC(=O)Nc1cc(ccc1O)[As](O)(O)=O",prism_treatment_info
293ee6a10,BRD-A61154809-001-15-9,gliclazide,"ATP channel blocker, insulin secretagogue",0.2947854441672889,0.2736497119614599,0.021135732205829,False,"Cc1ccc(cc1)S(=O)(=O)NC(=O)NN1CC2CCCC2C1, Cc1ccc(cc1)S(=O)(=O)NC(=O)NN1CC2CCCC2C1, Cc1ccc(cc1)S(=O)(=O)NC(=O)NN1CC2CCCC2C1",prism_treatment_info
295cdb2c7,BRD-K87112191-001-04-5,PP242,mTOR inhibitor,0.3669934511823899,0.3480837605583833,0.0189096906240066,False,"CC(C)n1nc(-c2cc3cc(O)ccc3[nH]2)c2c(N)ncnc12, CC(C)n1nc(-c2cc3cc(O)ccc3[nH]2)c2c(N)ncnc12, CC(C)n1nc(-c2cc3cc(O)ccc3[nH]2)c2c(N)ncnc12",prism_treatment_info
295f13239,BRD-A98378129-001-02-2,talniflumate,cyclooxygenase inhibitor,0.3877089944720141,0.3679785966414236,0.0197303978305904,False,"FC(F)(F)c1cccc(Nc2ncccc2C(=O)OC2OC(=O)c3ccccc23)c1, FC(F)(F)c1cccc(Nc2ncccc2C(=O)OC2OC(=O)c3ccccc23)c1",prism_treatment_info
2964edfc8,BRD-K68567222-001-01-2,BVT-948,tyrosine phosphatase inhibitor,0.2847020425255394,0.2833561933781302,0.0013458491474091,False,"CC1(C)C(=O)NC2=C1C(=O)C(=O)c1ccccc21, CC1(C)C2C(=NC1=O)c1ccccc1C(=O)C2=O",prism_treatment_info
296728e36,BRD-K94239562-001-05-5,paeonol,anti-inflammatory agent,0.3749842673208164,0.3434629558180152,0.0315213115028011,False,COc1ccc(C(C)=O)c(O)c1,prism_treatment_info
297219c32,BRD-K07106112-003-03-8,BMS-599626,"EGFR inhibitor, protein tyrosine kinase inhibitor",0.5489877680524844,0.5415271683612668,0.0074605996912175,True,"Cc1c(NC(=O)OC[C@@H]2COCCN2)cn2ncnc(Nc3ccc4n(Cc5cccc(F)c5)ncc4c3)c12, Cc1c(NC(=O)OC[C@@H]2COCCN2)cn2ncnc(Nc3ccc4n(Cc5cccc(F)c5)ncc4c3)c12",prism_treatment_info
299460cf3,BRD-K31812033-003-11-0,levobunolol,adrenergic receptor antagonist,0.3973792413085495,0.3113012116499405,0.086078029658609,False,"CC(C)(C)NC[C@H](O)COc1cccc2C(=O)CCCc12, CC(C)(C)NC[C@H](O)COc1cccc2C(=O)CCCc12",prism_treatment_info
2997f7207,BRD-K56115039-003-02-1,BU226,imidazoline receptor ligand,0.3060984979421385,0.2859574492206355,0.020141048721503,False,C1CN=C(N1)c1cc2ccccc2cn1,prism_treatment_info
29992b374,BRD-K06221026-001-06-8,DUP-697,cyclooxygenase inhibitor,0.3583933309244954,0.3277515664707553,0.0306417644537401,False,"CS(=O)(=O)c1ccc(cc1)-c1cc(Br)sc1-c1ccc(F)cc1, CS(=O)(=O)c1ccc(cc1)-c1cc(Br)sc1-c1ccc(F)cc1",prism_treatment_info
29a240dd6,BRD-K32681104-001-11-6,2-aminobenzenesulfonamide,carbonic anhydrase inhibitor,0.2898907335285169,0.266867381452861,0.0230233520756559,False,Nc1ccccc1S(N)(=O)=O,prism_treatment_info
29acd3bb8,BRD-K71467466-001-02-3,KPT-185,exportin antagonist,0.41870247980775,0.3902366029225345,0.0284658768852154,False,COc1cc(cc(c1)C(F)(F)F)-c1ncn(\C=C/C(=O)OC(C)C)n1,prism_treatment_info
29b48a8b7,BRD-A34358106-003-01-6,sarpogrelate,serotonin receptor antagonist,0.3517218873147758,0.3130605001760763,0.0386613871386994,False,"COc1cccc(CCc2ccccc2OCC(CN(C)C)OC(=O)CCC(O)=O)c1, COc1cccc(CCc2ccccc2OCC(CN(C)C)OC(=O)CCC(O)=O)c1",prism_treatment_info
29c8a163f,BRD-K51751936-001-09-1,alfadolone-acetate,benzodiazepine receptor agonist,0.3505580770466798,0.2916198812910477,0.058938195755632,False,CC(=O)OCC(=O)[C@H]1CC[C@H]2[C@@H]3CC[C@H]4C[C@H](O)CC[C@]4(C)[C@H]3C(=O)C[C@]12C,prism_treatment_info
29d24570f,BRD-K30649484-003-13-7,mafenide,carbonic anhydrase inhibitor,0.3257965797043693,0.2861393428750364,0.0396572368293328,False,NCc1ccc(cc1)S(N)(=O)=O,prism_treatment_info
29d8e882c,BRD-K08231299-001-08-1,propoxur,,0.3560025871354619,0.3097540647485985,0.0462485223868633,False,CNC(=O)Oc1ccccc1OC(C)C,prism_treatment_info
29ea347ea,BRD-K42221274-003-07-7,NNC-711,GABA uptake inhibitor,0.2833412209110857,0.2510534506467558,0.0322877702643298,False,"OC(=O)C1=CCCN(CCON=C(c2ccccc2)c2ccccc2)C1, OC(=O)C1=CCCN(CCON=C(c2ccccc2)c2ccccc2)C1",prism_treatment_info
2a05f33a8,BRD-A70407468-001-02-0,PSB-36,adenosine receptor antagonist,0.3716608970642719,0.337016404934995,0.0346444921292769,False,"CCCCn1c(=O)n(CCCO)c2nc([nH]c2c1=O)C12CC3CC1CC(C2)C3, CCCCn1c(=O)n(CCCO)c2nc([nH]c2c1=O)C12CC3CC1CC(C2)C3",prism_treatment_info
2a0d9f269,BRD-K11244467-001-08-5,ambazone,DNA damage inducer,0.3683401666754492,0.3350896147023255,0.0332505519731236,False,"NC(=N)N=Nc1ccc(NNC(S)=N)cc1, NC(=N)N=Nc1ccc(NNC(S)=N)cc1, NC(=N)N=Nc1ccc(NNC(S)=N)cc1",prism_treatment_info
2a1e5e511,BRD-K70327191-001-02-2,benzoxiquine,antiinfective drug,0.299924778088311,0.2828076822156858,0.0171170958726251,False,O=C(Oc1cccc2cccnc12)c1ccccc1,prism_treatment_info
2a2b12fd6,BRD-K91601245-001-12-0,mercaptopurine,"immunosuppressant, protein synthesis inhibitor, purine antagonist",0.3917693513425018,0.3650776882124521,0.0266916631300496,False,"S=c1[nH]cnc2nc[nH]c12, S=c1[nH]cnc2nc[nH]c12",prism_treatment_info
2a3172400,BRD-A11815689-001-01-1,proscillaridin-a,,0.3891070556782994,0.3733157090093732,0.0157913466689261,False,C[C@@H]1O[C@@H](O[C@H]2CC[C@]3(C)C4CC[C@]5(C)[C@H](CC[C@]5(O)C4CCC3=C2)c2ccc(=O)oc2)C(O)C(O)[C@H]1O,prism_treatment_info
2a32e12d9,BRD-A47364545-003-02-6,SK&F-10047-(+),sigma receptor agonist,0.3383953222525991,0.3358470506780153,0.0025482715745838,False,C[C@H]1C2Cc3ccc(O)cc3[C@@]1(C)CCN2CC=C,prism_treatment_info
2a4c67eba,BRD-K35559145-050-08-5,levomepromazine,dopamine receptor antagonist,0.3031449845901002,0.2713983812567521,0.0317466033333481,False,"COc1ccc2Sc3ccccc3N(C[C@H](C)CN(C)C)c2c1, COc1ccc2Sc3ccccc3N(C[C@H](C)CN(C)C)c2c1",prism_treatment_info
2a5a539a0,BRD-K96714749-001-01-0,isobutamben,local anesthetic,0.3123711194028172,0.2883729212253869,0.0239981981774302,False,CC(C)COC(=O)c1ccc(N)cc1,prism_treatment_info
2a61705dd,BRD-K19939891-001-05-4,TIC10,"AKT inhibitor, TRAIL modulator",0.3879919796464866,0.3216491778659894,0.0663428017804971,False,"Cc1ccccc1CN1CC2=C(CCN(Cc3ccccc3)C2=O)N2CCN=C12, Cc1ccccc1CN1C2=NCCN2C(=O)C2=C1CCN(Cc1ccccc1)C2",prism_treatment_info
2a74be16e,BRD-A15909516-001-06-6,rebamipide,free radical scavenger,0.3454316282736421,0.2918136430161522,0.0536179852574899,False,"OC(=O)C(Cc1cc(=O)[nH]c2ccccc12)NC(=O)c1ccc(Cl)cc1, OC(=O)C(Cc1cc(=O)[nH]c2ccccc12)NC(=O)c1ccc(Cl)cc1",prism_treatment_info
2a89a4876,BRD-A70514680-003-11-2,articaine,local anesthetic,0.3391121905102118,0.3152834732560653,0.0238287172541464,False,CCCNC(C)C(=O)Nc1c(C)csc1C(=O)OC,prism_treatment_info
2a8f1a1e6,BRD-A84907376-300-03-8,alcuronium,muscle relaxant,0.323371015325069,0.2803066387370745,0.0430643765879945,False,OC\C=C1/C[N@+]2(CC=C)CC[C@@]34[C@@H]2C[C@@H]1\C1=C\N2C5[C@]6(CC[N@@+]7(CC=C)C\C(=C/CO)[C@H](C[C@@H]67)\C5=C\N(C31)c1ccccc41)c1ccccc21,prism_treatment_info
2a9b80445,BRD-K48722833-001-07-6,iloperidone,"dopamine receptor antagonist, serotonin receptor antagonist",0.3414581717573776,0.3024650296813971,0.0389931420759804,False,COc1cc(ccc1OCCCN1CCC(CC1)c1noc2cc(F)ccc12)C(C)=O,prism_treatment_info
2ab816414,BRD-K62456038-003-07-1,PD-128907,dopamine receptor agonist,0.3510134997670074,0.3315244649587737,0.0194890348082337,False,"CCCN1CCO[C@H]2[C@@H]1COc1ccc(O)cc21, CCCN1CCO[C@@H]2[C@@H]1COc1ccc(O)cc21, CCCN1CCO[C@H]2[C@H]1COc1ccc(O)cc21",prism_treatment_info
2abc6c21e,BRD-K58049875-001-04-7,thiostrepton,"FOXM1 inhibitor, protein synthesis inhibitor",0.5710532569824954,0.4205652194349787,0.1504880375475166,True,"CCC(C)C1NC2C=Cc3c(cc(nc3C2O)C(=O)OC(C)C2NC(=O)c3csc(n3)C(NC(=O)C3CSC(=N3)\C(NC(=O)C(NC(=O)c3csc(n3)C3(CCC(=NC3c3csc2n3)c2nc(cs2)C(=O)NC(=C)C(=O)NC(=C)C(N)=O)NC(=O)C(C)NC(=O)C(=C)NC(=O)C(C)NC1=O)C(C)O)=C/C)C(C)(O)C(C)O)C(C)O, CC[C@H](C)[C@@H]1N[C@@H]2C=Cc3c(cc(nc3[C@H]2O)C(=O)O[C@H](C)[C@@H]2NC(=O)c3csc(n3)[C@@H](NC(=O)[C@H]3CSC(=N3)\C(NC(=O)[C@@H](NC(=O)c3csc(n3)[C@]3(CCC(=N[C@@H]3c3csc2n3)c2nc(cs2)C(=O)NC(=C)C(=O)NC(=C)C(N)=O)NC(=O)[C@H](C)NC(=O)C(=C)NC(=O)[C@H](C)NC1=O)[C@@H](C)O)=C\C)[C@](C)(O)[C@@H](C)O)[C@H](C)O, CC[C@H](C)[C@@H]1N[C@@H]2C=Cc3c(cc(nc3[C@H]2O)C(=O)O[C@H](C)[C@@H]2NC(=O)c3csc(n3)[C@@H](NC(=O)[C@H]3CSC(=N3)\C(NC(=O)[C@@H](NC(=O)c3csc(n3)[C@]3(CCC(=N[C@@H]3c3csc2n3)c2nc(cs2)C(=O)NC(=C)C(=O)NC(=C)C(N)=O)NC(=O)[C@H](C)NC(=O)C(=C)NC(=O)[C@H](C)NC1=O)[C@@H](C)O)=C\C)[C@](C)(O)[C@@H](C)O)[C@H](C)O, CC[C@H](C)[C@@H]1N[C@@H]2C=Cc3c(cc(nc3[C@H]2O)C(=O)O[C@H](C)[C@@H]2NC(=O)c3csc(n3)[C@@H](NC(=O)[C@H]3CSC(=N3)\C(NC(=O)[C@@H](NC(=O)c3csc(n3)[C@]3(CCC(=N[C@@H]3c3csc2n3)c2nc(cs2)C(=O)NC(=C)C(=O)NC(=C)C(N)=O)NC(=O)[C@H](C)NC(=O)C(=C)NC(=O)[C@H](C)NC1=O)[C@@H](C)O)=C\C)[C@](C)(O)[C@@H](C)O)[C@H](C)O, CC[C@H](C)[C@@H]1N[C@@H]2C=Cc3c(cc(nc3[C@H]2O)C(=O)O[C@H](C)[C@@H]2NC(=O)c3csc(n3)[C@@H](NC(=O)[C@H]3CSC(=N3)\C(NC(=O)[C@@H](NC(=O)c3csc(n3)[C@]3(CCC(=N[C@@H]3c3csc2n3)c2nc(cs2)C(=O)NC(=C)C(=O)NC(=C)C(N)=O)NC(=O)[C@H](C)NC(=O)C(=C)NC(=O)[C@H](C)NC1=O)[C@@H](C)O)=C\C)[C@](C)(O)[C@@H](C)O)[C@H](C)O",prism_treatment_info
2ad36b16a,BRD-K04568635-300-01-4,octenidine,membrane integrity inhibitor,0.4849047601231644,0.4754788893960849,0.0094258707270795,False,CCCCCCCCN=c1ccn(CCCCCCCCCCn2ccc(cc2)=NCCCCCCCC)cc1,prism_treatment_info
2ad4f79fd,BRD-K44876623-001-03-7,zolpidem,benzodiazepine receptor agonist,0.3660447643666937,0.3365798529902784,0.0294649113764153,False,CN(C)C(=O)Cc1c(nc2ccc(C)cn12)-c1ccc(C)cc1,prism_treatment_info
2aeb62161,BRD-K59875992-001-01-8,FPL-62064,"cyclooxygenase inhibitor, lipoxygenase inhibitor",0.2979345438401478,0.2925736826543406,0.0053608611858071,False,COc1ccc(Nc2ccn(n2)-c2ccccc2)cc1,prism_treatment_info
2af8f4fe9,BRD-K22024824-001-03-7,RG4733,gamma secretase inhibitor,0.370501768041466,0.3594367336465671,0.0110650343948989,False,CC(C)(C(=O)NCC(F)(F)C(F)(F)F)C(=O)N[C@H]1c2ccccc2-c2ccccc2NC1=O,prism_treatment_info
2b06f0b4b,BRD-K16542329-001-13-5,zaprinast,phosphodiesterase inhibitor,0.3727748193729054,0.3308207919828613,0.0419540273900441,False,"CCCOc1ccccc1-c1nc2[nH]nnc2c(=O)[nH]1, CCCOc1ccccc1-c1nc2[nH]nnc2c(=O)[nH]1, CCCOc1ccccc1-c1nc2[nH]nnc2c(=O)[nH]1",prism_treatment_info
2b52b677a,BRD-K25649279-001-02-0,2-iodomelatonin,melatonin receptor agonist,0.337671510629613,0.312419765154586,0.025251745475027,False,COc1ccc2[nH]c(I)c(CCNC(C)=O)c2c1,prism_treatment_info
2b5b14f75,BRD-K26801045-001-02-9,pipamperone,dopamine receptor antagonist,0.4008383534199962,0.3583320289984295,0.0425063244215667,False,NC(=O)C1(CCN(CCCC(=O)c2ccc(F)cc2)CC1)N1CCCCC1,prism_treatment_info
2b630dd70,BRD-K33583600-001-16-1,isoliquiritigenin,guanylate cyclase activator,0.3831381818778264,0.3594267715539239,0.0237114103239025,False,Oc1ccc(cc1)\C=C\C(=O)c1ccc(O)cc1O,prism_treatment_info
2ba00bf6e,BRD-A39791822-001-05-1,hydroxyprogesterone,progesterone receptor agonist,0.3800459217329383,0.3449421324682706,0.0351037892646676,False,CC(=O)[C@@]1(O)CCC2C3CCC4=CC(=O)CC[C@]4(C)C3CC[C@]12C,prism_treatment_info
2ba48ebb1,BRD-K13756951-001-01-4,bitopertin,"glycine transporter inhibitor, GlyT-1 inhibitor",0.5410132660516804,0.5375724001570645,0.0034408658946158,True,C[C@H](Oc1ccc(cc1C(=O)N1CCN(CC1)c1ncc(cc1F)C(F)(F)F)S(C)(=O)=O)C(F)(F)F,prism_treatment_info
2bad1b4f2,BRD-A34205397-001-04-5,suloctidil,adrenergic receptor antagonist,0.3682807863539133,0.3430359105524773,0.025244875801436,False,CCCCCCCCNC(C)C(O)c1ccc(SC(C)C)cc1,prism_treatment_info
2bb3d948c,BRD-K99604664-001-01-1,tanaproget,progesterone receptor agonist,0.4591032276986372,0.4297873878737441,0.0293158398248931,False,"Cn1c(ccc1-c1ccc2NC(=S)OC(C)(C)c2c1)C#N, Cn1c(ccc1-c1ccc2NC(=S)OC(C)(C)c2c1)C#N",prism_treatment_info
2bb4818ff,BRD-A92933783-050-01-6,SM-21,sigma receptor antagonist,0.3148410617291941,0.2979701359650277,0.0168709257641663,False,CCC(Oc1ccc(Cl)cc1)C(=O)OC1CC2CCC(C1)N2C,prism_treatment_info
2bcb41367,BRD-K82746043-001-15-1,navitoclax,BCL inhibitor,0.3412012785436473,0.3388716431647688,0.0023296353788784,False,"CC1(C)CCC(=C(CN2CCN(CC2)c2ccc(cc2)C(=O)NS(=O)(=O)c2ccc(N[C@H](CCN3CCOCC3)CSc3ccccc3)c(c2)S(=O)(=O)C(F)(F)F)C1)c1ccc(Cl)cc1, CC1(C)CCC(=C(CN2CCN(CC2)c2ccc(cc2)C(=O)NS(=O)(=O)c2ccc(N[C@H](CCN3CCOCC3)CSc3ccccc3)c(c2)S(=O)(=O)C(F)(F)F)C1)c1ccc(Cl)cc1",prism_treatment_info
2bfc1246c,BRD-K45503887-001-01-1,delivert,angiotensin receptor agonist,0.3098016147463016,0.2882457855190532,0.0215558292272484,False,CC[C@H](C)[C@H](NC(=O)[C@H](Cc1ccc(O)cc1)NC(=O)[C@@H](NC(=O)[C@@H](CCCNC(N)=N)NC(=O)[C@@H](N)CC(O)=O)C(C)C)C(=O)N[C@@H](Cc1cnc[nH]1)C(=O)N1CCC[C@@H]1C(=O)N[C@H](Cc1ccccc1)C(O)=O,prism_treatment_info
2c0916417,BRD-K06181161-048-15-1,carbetapentane,acetylcholine receptor antagonist,0.3627507939228238,0.2806795022246412,0.0820712916981825,False,"CCN(CC)CCOCCOC(=O)C1(CCCC1)c1ccccc1, CCN(CC)CCOCCOC(=O)C1(CCCC1)c1ccccc1",prism_treatment_info
2c1d6bb96,BRD-K28029915-001-02-2,dolasetron,serotonin receptor antagonist,0.3541575204711589,0.336236960445078,0.0179205600260808,False,"O=C(O[C@H]1C[C@H]2C[C@H]3C[C@@H](C1)N2CC3=O)c1c[nH]c2ccccc12, O=C(O[C@H]1C[C@H]2C[C@H]3C[C@@H](C1)N2CC3=O)c1c[nH]c2ccccc12",prism_treatment_info
2c37f433d,BRD-K64800655-001-07-4,PHA-793887,CDK inhibitor,0.6377043783850445,0.5246272067689808,0.1130771716160636,True,"CC(C)CC(=O)Nc1n[nH]c2c1CN(C(=O)C1CCN(C)CC1)C2(C)C, CC(C)CC(=O)Nc1n[nH]c2c1CN(C(=O)C1CCN(C)CC1)C2(C)C",prism_treatment_info
2c472d326,BRD-K97472745-001-01-8,gestrinone,progesterone receptor antagonist,0.3508380433210848,0.3482483942686353,0.0025896490524495,False,CC[C@]12C=CC3=C4CCC(=O)C=C4CC[C@H]3[C@@H]1CC[C@@]2(O)C#C,prism_treatment_info
2c6576d4b,BRD-K06749501-001-02-1,GSK1838705A,insulin growth factor receptor inhibitor,0.4387757594297941,0.4325961545256928,0.0061796049041012,False,"CNC(=O)c1c(F)cccc1Nc1nc(Nc2cc3N(CCc3cc2OC)C(=O)CN(C)C)nc2[nH]ccc12, CNC(=O)c1c(F)cccc1Nc1nc(Nc2cc3N(CCc3cc2OC)C(=O)CN(C)C)nc2[nH]ccc12, CNC(=O)c1c(F)cccc1Nc1nc(Nc2cc3N(CCc3cc2OC)C(=O)CN(C)C)nc2[nH]ccc12",prism_treatment_info
2c804aab1,BRD-K28442028-001-01-3,R-1479,HCV inhibitor,0.3497788602547507,0.3287652367054905,0.0210136235492601,False,Nc1ccn([C@@H]2O[C@@](CO)(N=[N+]=[N-])[C@@H](O)[C@H]2O)c(=O)n1,prism_treatment_info
2c89382cc,BRD-A10662413-043-11-2,prenylamine,calcium channel blocker,0.312768715401142,0.2911574296632951,0.0216112857378469,False,CC(Cc1ccccc1)NCCC(c1ccccc1)c1ccccc1,prism_treatment_info
2ca61bb0d,BRD-A92439610-001-05-7,triamcinolone-acetonide,"glucocorticoid receptor agonist, immunosuppressant",0.4968364523486658,0.4663853094661295,0.0304511428825363,False,"CC1(C)O[C@@H]2CC3C4CCC5=CC(=O)C=C[C@]5(C)[C@@]4(F)[C@@H](O)C[C@]3(C)[C@@]2(O1)C(=O)CO, CC1(C)O[C@@H]2CC3C4CCC5=CC(=O)C=C[C@]5(C)[C@@]4(F)[C@@H](O)C[C@]3(C)[C@@]2(O1)C(=O)CO",prism_treatment_info
2cc6e68ef,BRD-K73440166-001-01-3,cinaciguat,guanylate cyclase activator,0.3980541338601231,0.3538636771753988,0.0441904566847242,False,OC(=O)CCCCN(CCc1ccccc1OCc1ccc(CCc2ccccc2)cc1)Cc1ccc(cc1)C(O)=O,prism_treatment_info
2cd098f33,BRD-K42898655-001-01-8,temsirolimus,mTOR inhibitor,0.3222108105396119,0.2675593982301829,0.054651412309429,False,CO[C@@H]1C[C@H](C[C@@H](C)[C@@H]2CC(=O)[C@H](C)\C=C(C)\[C@@H](O)[C@@H](OC)C(=O)[C@H](C)C[C@H](C)\C=C\C=C\C=C(C)\[C@H](C[C@H]3CC[C@@H](C)[C@@](O)(O3)C(=O)C(=O)N3CCCC[C@H]3C(=O)O2)OC)CC[C@@H]1OC(=O)C(C)(CO)CO,prism_treatment_info
2cedeae41,BRD-K91370081-001-25-1,anisomycin,DNA synthesis inhibitor,0.4637964604632931,0.4597565773955079,0.0040398830677851,False,COc1ccc(C[C@H]2NC[C@H](O)[C@H]2OC(C)=O)cc1,prism_treatment_info
2cfa96d20,BRD-K35960502-001-20-0,niclosamide,"DNA replication inhibitor, STAT inhibitor",0.4082654193640229,0.3852002104893332,0.0230652088746897,False,"Oc1ccc(Cl)cc1C(=O)Nc1ccc(cc1Cl)[N+]([O-])=O, Oc1ccc(Cl)cc1C(=O)Nc1ccc(cc1Cl)[N+]([O-])=O",prism_treatment_info
2d3cb8f30,BRD-K56735750-001-06-8,carbadox,other antibiotic,0.3529976097031372,0.3355200835364504,0.0174775261666867,False,"COC(=O)N\N=C\c1c[n+]([O-])c2ccccc2[n+]1[O-], COC(=O)N\N=C\c1c[n+]([O-])c2ccccc2[n+]1[O-], COC(=O)N\N=C\c1c[n+]([O-])c2ccccc2[n+]1[O-]",prism_treatment_info
2d753cbed,BRD-K56543881-001-02-7,ADX-47273,glutamate receptor modulator,0.3648602059077355,0.3394885684625106,0.0253716374452249,False,Fc1ccc(cc1)C(=O)N1CCC[C@@H](C1)c1nc(no1)-c1ccc(F)cc1,prism_treatment_info
2d7d9fe81,BRD-K93806173-003-01-8,N-MPPP,opioid receptor agonist,0.304732828337841,0.3008533446311834,0.0038794837066575,False,CN([C@H](CN1CCCC1)c1ccccc1)C(=O)Cc1ccccc1,prism_treatment_info
2d8e2eb5a,BRD-K33082088-001-03-3,retapamulin,protein synthesis inhibitor,0.3225839863282765,0.2932696126756816,0.0293143736525949,False,C[C@@H]1CC[C@@]23CCC(=O)[C@H]2[C@]1(C)[C@@H](C[C@@](C)(C=C)[C@@H](O)[C@@H]3C)OC(=O)CS[C@H]1C[C@@H]2CC[C@H](C1)N2C,prism_treatment_info
2d93ebf27,BRD-K44009692-001-02-3,hyodeoxycholic-acid,atherosclerosis formation inhibitor,0.3770311684821528,0.3286752712555893,0.0483558972265634,False,C[C@H](CCC(O)=O)[C@H]1CC[C@H]2[C@@H]3C[C@H](O)[C@@H]4C[C@H](O)CC[C@]4(C)[C@H]3CC[C@]12C,prism_treatment_info
2da3b7269,BRD-K66404838-310-01-1,nalbuphine,"opioid receptor agonist, opioid receptor antagonist",0.3573324692022219,0.347429544635518,0.0099029245667039,False,"O[C@H]1CC[C@@]2(O)[C@H]3Cc4ccc(O)c5O[C@@H]1[C@]2(CCN3CC1CCC1)c45, O[C@H]1CC[C@@]2(O)[C@H]3Cc4ccc(O)c5O[C@@H]1[C@]2(CCN3CC1CCC1)c45",prism_treatment_info
2daa68a56,BRD-K25279140-001-01-5,MK-8745,Aurora kinase inhibitor,0.6223703920742157,0.6005912841752179,0.0217791078989978,True,Fc1c(Cl)cccc1C(=O)N1CCN(Cc2cccc(Nc3nccs3)n2)CC1,prism_treatment_info
2dc66ae1f,BRD-K23952234-236-01-8,BMS-986020,lysophosphatidic acid receptor antagonist,0.3596744265560332,0.3538505848364701,0.005823841719563,False,"C[C@@H](OC(=O)Nc1c(C)noc1-c1ccc(cc1)-c1ccc(CC(O)=O)cc1)c1ccccc1, C[C@@H](OC(=O)Nc1c(C)noc1-c1ccc(cc1)-c1ccc(CC(O)=O)cc1)c1ccccc1, C[C@@H](OC(=O)Nc1c(C)noc1-c1ccc(cc1)-c1ccc(CC(O)=O)cc1)c1ccccc1",prism_treatment_info
2de92054c,BRD-K75911534-001-01-6,SU014813,"PDGFR tyrosine kinase receptor inhibitor, VEGFR inhibitor",0.4178023488345253,0.4000622179210386,0.0177401309134866,False,Cc1[nH]c(\C=C2\C(=O)Nc3ccc(F)cc23)c(C)c1C(=O)NC[C@H](O)CN1CCOCC1,prism_treatment_info
2e1874900,BRD-K18135438-001-16-7,chenodeoxycholic-acid,"11-beta hydroxysteroid dehydrogenase inhibitor, FXR agonist",0.3390310634419679,0.3311080421067124,0.0079230213352554,False,"C[C@H](CCC(O)=O)[C@H]1CC[C@H]2[C@@H]3[C@H](O)C[C@@H]4C[C@H](O)CC[C@]4(C)[C@H]3CC[C@]12C, C[C@H](CCC(O)=O)[C@H]1CC[C@H]2[C@@H]3[C@H](O)C[C@@H]4C[C@H](O)CC[C@]4(C)[C@H]3CC[C@]12C",prism_treatment_info
2e23247f7,BRD-K53737926-003-27-8,amitriptyline,"norepinephrine inhibitor, norepinephrine reuptake inhibitor, serotonin receptor antagonist, serotonin-norepinephrine reuptake inhibitor (SNRI)",0.4181883475288824,0.3971192943411566,0.0210690531877257,False,"CN(C)CCC=C1c2ccccc2CCc2ccccc12, CN(C)CCC=C1c2ccccc2CCc2ccccc12",prism_treatment_info
2e25f2ddb,BRD-A20644369-001-08-6,canrenone,mineralocorticoid receptor antagonist,0.3616877775288779,0.3344188988374371,0.0272688786914407,False,C[C@]12CCC3C(C=CC4=CC(=O)CC[C@]34C)C1CC[C@@]21CCC(=O)O1,prism_treatment_info
2e26b4605,BRD-K47780086-001-07-9,penciclovir,DNA directed DNA polymerase inhibitor,0.3726323299611613,0.3391580642757072,0.033474265685454,False,"Nc1nc(O)c2ncn(CCC(CO)CO)c2n1, Nc1nc(O)c2ncn(CCC(CO)CO)c2n1, Nc1nc(O)c2ncn(CCC(CO)CO)c2n1",prism_treatment_info
2e28d6c72,BRD-K32247306-001-29-4,primidone,GABA receptor antagonist,0.3242037539566994,0.3202616014324845,0.0039421525242149,False,"CCC1(C(=O)NCNC1=O)c1ccccc1, CCC1(C(=O)NCNC1=O)c1ccccc1, CCC1(C(=O)NCNC1=O)c1ccccc1",prism_treatment_info
2e4d2bec4,BRD-A06935312-001-04-3,fusidic-acid,bacterial 30S ribosomal subunit inhibitor,0.3634867497521701,0.326726642825338,0.036760106926832,False,C[C@@H]1[C@H](O)CC[C@@]2(C)[C@H]1CC[C@@]1(C)C2[C@H](O)C[C@@H]2[C@]1(C)C[C@H](OC(C)=O)\C2=C(/CCC=C(C)C)C(O)=O,prism_treatment_info
2e72e42ba,BRD-A97437073-050-14-5,rosiglitazone,"insulin sensitizer, PPAR receptor agonist",0.3287801890880303,0.3250822232269791,0.0036979658610512,False,"CN(CCOc1ccc(CC2SC(=O)NC2=O)cc1)c1ccccn1, CN(CCOc1ccc(CC2SC(=O)NC2=O)cc1)c1ccccn1, CN(CCOc1ccc(CC2SC(=O)NC2=O)cc1)c1ccccn1, CN(CCOc1ccc(CC2SC(=O)NC2=O)cc1)c1ccccn1, CN(CCOc1ccc(CC2SC(=O)NC2=O)cc1)c1ccccn1",prism_treatment_info
2e857e043,BRD-K29950728-048-17-4,clomifene,estrogen receptor antagonist,0.4035961754229704,0.3914997368405036,0.0120964385824667,False,"CCN(CC)CCOc1ccc(cc1)C(=C(/Cl)c1ccccc1)\c1ccccc1, CCN(CC)CCOc1ccc(cc1)C(=C(/Cl)c1ccccc1)\c1ccccc1, CCN(CC)CCOc1ccc(cc1)C(=C(/Cl)c1ccccc1)\c1ccccc1",prism_treatment_info
2eb7fc8f3,BRD-K74763371-002-04-0,bosentan,endothelin receptor antagonist,0.3533434740835398,0.3025896217931904,0.0507538522903494,False,COc1ccccc1Oc1c(NS(=O)(=O)c2ccc(cc2)C(C)(C)C)nc(nc1OCCO)-c1ncccn1,prism_treatment_info
2f0baab62,BRD-K26548821-003-10-5,quinpirol-(-),dopamine receptor agonist,0.3845910517591112,0.3481826372847951,0.036408414474316,False,"CCCN1CCC[C@@H]2Cc3n[nH]cc3C[C@@H]12, CCCN1CCC[C@@H]2Cc3n[nH]cc3C[C@@H]12",prism_treatment_info
2f117323c,BRD-K56543881-001-02-7,ADX-47273,glutamate receptor modulator,0.3517200193751268,0.3179746581641325,0.0337453612109943,False,Fc1ccc(cc1)C(=O)N1CCC[C@@H](C1)c1nc(no1)-c1ccc(F)cc1,prism_treatment_info
2f1db8c6c,BRD-A11070335-236-02-1,carbazochrome,,0.4088867400587258,0.3063612745354819,0.1025254655232439,False,CN1C(CC2=C\C(=N\NC(N)=O)C(=O)C=C12)S(O)(=O)=O,prism_treatment_info
2f2e37eda,BRD-K27217864-001-22-3,butamben,sodium channel blocker,0.3686899599608281,0.3217680691264965,0.0469218908343316,False,CCCCOC(=O)c1ccc(N)cc1,prism_treatment_info
2f5b9b3bd,BRD-A24191444-046-02-1,ifenprodil,"adrenergic receptor antagonist, glutamate receptor antagonist",0.3104934976121549,0.2882733179326101,0.0222201796795448,False,"CC(C(O)c1ccc(O)cc1)N1CCC(Cc2ccccc2)CC1, CC(C(O)c1ccc(O)cc1)N1CCC(Cc2ccccc2)CC1, CC(C(O)c1ccc(O)cc1)N1CCC(Cc2ccccc2)CC1, CC(C(O)c1ccc(O)cc1)N1CCC(Cc2ccccc2)CC1",prism_treatment_info
2f7e95bd8,BRD-K52397688-003-06-4,amperozide,dopamine receptor antagonist,0.3347217302382356,0.3204294833106879,0.0142922469275477,False,CCNC(=O)N1CCN(CCCC(c2ccc(F)cc2)c2ccc(F)cc2)CC1,prism_treatment_info
2f9b22ec4,BRD-K11742128-003-23-4,triprolidine,histamine receptor antagonist,0.3204607361632444,0.2963118045672813,0.024148931595963,False,"Cc1ccc(cc1)C(=C/CN1CCCC1)\c1ccccn1, Cc1ccc(cc1)C(=C/CN1CCCC1)\c1ccccn1",prism_treatment_info
2fb591d53,BRD-K59036917-001-16-7,ML161,protease-activated receptor inhibitor,0.3904488349213438,0.3578147135396239,0.0326341213817198,False,"CCCC(=O)Nc1cccc(NC(=O)c2ccccc2Br)c1, CCCC(=O)Nc1cccc(NC(=O)c2ccccc2Br)c1",prism_treatment_info
2fc2852b3,BRD-K56483981-342-06-4,chicago-sky-blue-6b,"glutamate inhibitor, macrophage migration inhibiting factor inhibitor",0.3851781144392597,0.3701872566149081,0.0149908578243516,False,COc1cc(ccc1\N=N\c1ccc2c(cc(c(N)c2c1O)S(O)(=O)=O)S(O)(=O)=O)-c1ccc(\N=N\c2ccc3c(cc(c(N)c3c2O)S(O)(=O)=O)S(O)(=O)=O)c(OC)c1,prism_treatment_info
2fcb45e51,BRD-A13084692-001-17-3,troglitazone,"insulin sensitizer, PPAR receptor agonist",0.3761942114741256,0.3084551510016532,0.0677390604724724,False,"Cc1c(C)c2OC(C)(COc3ccc(CC4SC(=O)NC4=O)cc3)CCc2c(C)c1O, Cc1c(C)c2OC(C)(COc3ccc(CC4SC(=O)NC4=O)cc3)CCc2c(C)c1O",prism_treatment_info
2fe75eb73,BRD-K73383190-001-03-1,C646,histone acetyltransferase inhibitor,0.3479635973049615,0.3241460542067608,0.0238175430982007,False,"CC1=NN(C(=O)C1=Cc1ccc(o1)-c1cc(C)c(C)cc1[N+]([O-])=O)c1ccc(cc1)C(O)=O, CC1=NN(C(=O)C1=Cc1ccc(o1)-c1cc(C)c(C)cc1[N+]([O-])=O)c1ccc(cc1)C(O)=O",prism_treatment_info
2ff2b2628,BRD-A94008949-001-01-9,telithromycin,"bacterial 30S ribosomal subunit inhibitor, bacterial 50S ribosomal subunit inhibitor",0.3510234606247829,0.3372368500846372,0.0137866105401456,False,"CCC1OC(=O)[C@H](C)C(=O)[C@H](C)[C@@H](OC2O[C@H](C)C[C@@H]([C@H]2O)N(C)C)[C@@](C)(C[C@@H](C)C(=O)[C@@H](C)[C@@H]2N(CCCCn3cnc(c3)-c3cccnc3)C(=O)O[C@]12C)OC, CC[C@H]1OC(=O)[C@H](C)C(=O)[C@H](C)[C@@H](O[C@@H]2O[C@H](C)C[C@@H]([C@H]2O)N(C)C)[C@@](C)(C[C@@H](C)C(=O)[C@H](C)[C@H]2N(CCCCn3cnc(c3)-c3cccnc3)C(=O)O[C@]12C)OC",prism_treatment_info
304da17c7,BRD-A01787639-003-16-9,naftopidil,adrenergic receptor antagonist,0.465639213645128,0.4509217173739809,0.0147174962711471,False,"COc1ccccc1N1CCN(CC(O)COc2cccc3ccccc23)CC1, COc1ccccc1N1CCN(CC(O)COc2cccc3ccccc23)CC1, COc1ccccc1N1CCN(CC(O)COc2cccc3ccccc23)CC1, COc1ccccc1N1CCN(CC(O)COc2cccc3ccccc23)CC1, COc1ccccc1N1CCN(CC(O)COc2cccc3ccccc23)CC1, COc1ccccc1N1CCN(CC(O)COc2cccc3ccccc23)CC1, COc1ccccc1N1CCN(CC(O)COc2cccc3ccccc23)CC1",prism_treatment_info
30a579ab6,BRD-K45542189-048-22-1,diethylcarbamazine,lipoxygenase inhibitor,0.3513663446332495,0.3395299507362666,0.0118363938969828,False,CCN(CC)C(=O)N1CCN(C)CC1,prism_treatment_info
30aa2f709,BRD-K36927236-001-32-6,glyburide,"ATP channel blocker, insulin secretagogue, sulfonylurea",0.3735697670778433,0.3490439999206265,0.0245257671572167,False,"COc1ccc(Cl)cc1C(=O)NCCc1ccc(cc1)S(=O)(=O)NC(=O)NC1CCCCC1, COc1ccc(Cl)cc1C(=O)NCCc1ccc(cc1)S(=O)(=O)NC(=O)NC1CCCCC1, COc1ccc(Cl)cc1C(=O)NCCc1ccc(cc1)S(=O)(=O)NC(=O)NC1CCCCC1, COc1ccc(Cl)cc1C(=O)NCCc1ccc(cc1)S(=O)(=O)NC(=O)NC1CCCCC1",prism_treatment_info
30ac46c44,BRD-A20644369-001-08-6,canrenone,mineralocorticoid receptor antagonist,0.3567763290777677,0.327481028872174,0.0292953002055936,False,C[C@]12CCC3C(C=CC4=CC(=O)CC[C@]34C)C1CC[C@@]21CCC(=O)O1,prism_treatment_info
30b818c2a,BRD-K90382497-001-10-7,GW-843682X,PLK inhibitor,0.475245327832737,0.4555458387976454,0.0196994890350916,False,"COc1cc2ncn(-c3cc(OCc4ccccc4C(F)(F)F)c(s3)C(N)=O)c2cc1OC, COc1cc2ncn(-c3cc(OCc4ccccc4C(F)(F)F)c(s3)C(N)=O)c2cc1OC",prism_treatment_info
30bcad061,BRD-K43002771-034-01-6,SR-33805,calcium channel blocker,0.3116076643884631,0.2777249935167373,0.0338826708717257,False,"COc1ccc(CCN(C)CCCOc2ccc(cc2)S(=O)(=O)c2c(C(C)C)c3ccccc3n2C)cc1OC, COc1ccc(CCN(C)CCCOc2ccc(cc2)S(=O)(=O)c2c(C(C)C)c3ccccc3n2C)cc1OC",prism_treatment_info
30c35b555,BRD-K99170882-001-04-3,NSC-319726,p53 activator,0.5010462737252015,0.4951667925280205,0.0058794811971809,True,"C\C(c1ccccn1)=N/NC(=S)N1CCC1, C\C(c1ccccn1)=N/NC(=S)N1CCC1, C\C(c1ccccn1)=N/NC(=S)N1CCC1",prism_treatment_info
30cee35f0,BRD-A15909516-001-06-6,rebamipide,free radical scavenger,0.3928273531800257,0.3279852795786868,0.0648420736013389,False,"OC(=O)C(Cc1cc(=O)[nH]c2ccccc12)NC(=O)c1ccc(Cl)cc1, OC(=O)C(Cc1cc(=O)[nH]c2ccccc12)NC(=O)c1ccc(Cl)cc1",prism_treatment_info
30ebb536b,BRD-K21160401-065-01-0,dextroamphetamine,monoamine oxidase inhibitor,0.4143471194309829,0.3803536533806194,0.0339934660503635,False,C[C@H](N)Cc1ccccc1,prism_treatment_info
30ec6afbc,BRD-K48892307-001-04-1,sasapyrine,NFkB pathway inhibitor,0.3266193718648718,0.3046952596700753,0.0219241121947964,False,"OC(=O)c1ccccc1OC(=O)c1ccccc1O, OC(=O)c1ccccc1OC(=O)c1ccccc1O",prism_treatment_info
313383238,BRD-K26531771-001-01-4,EPZ-5676,histone lysine methyltransferase inhibitor,0.3574473531864404,0.3191630467314689,0.0382843064549714,False,"CC(C)N(C[C@H]1O[C@H]([C@H](O)[C@@H]1O)n1cnc2c(N)ncnc12)[C@@H]1C[C@H](CCc2nc3cc(ccc3[nH]2)C(C)(C)C)C1, CC(C)N(C[C@H]1O[C@H]([C@H](O)[C@@H]1O)n1cnc2c(N)ncnc12)[C@@H]1C[C@H](CCc2nc3cc(ccc3[nH]2)C(C)(C)C)C1",prism_treatment_info
31610ede9,BRD-K77554836-001-14-0,triamcinolone,glucocorticoid receptor agonist,0.4475000499455345,0.4317664255042123,0.0157336244413222,False,"C[C@]12C[C@H](O)[C@@]3(F)[C@@H](CCC4=CC(=O)C=C[C@]34C)[C@@H]1C[C@@H](O)[C@]2(O)C(=O)CO, C[C@]12C[C@H](O)[C@@]3(F)[C@@H](CCC4=CC(=O)C=C[C@]34C)[C@@H]1C[C@@H](O)[C@]2(O)C(=O)CO, C[C@]12C[C@H](O)[C@@]3(F)[C@@H](CCC4=CC(=O)C=C[C@]34C)[C@@H]1C[C@@H](O)[C@]2(O)C(=O)CO",prism_treatment_info
317026f45,BRD-K31841515-001-07-8,oxypurinol,xanthine oxidase inhibitor,0.3343212242496484,0.2613844911524043,0.072936733097244,False,O=c1[nH]c2n[nH]cc2c(=O)[nH]1,prism_treatment_info
3188e1df7,BRD-A73908300-001-06-7,EX-527,SIRT inhibitor,0.4185578181207223,0.3890581573343705,0.0294996607863518,False,"NC(=O)C1CCCc2c1[nH]c1ccc(Cl)cc21, NC(=O)C1CCCc2c1[nH]c1ccc(Cl)cc21",prism_treatment_info
3192fe966,BRD-K04923131-001-15-4,GSK-3-inhibitor-IX,"glycogen synthase kinase inhibitor, lipoxygenase inhibitor",0.5383427200984401,0.4026578582281032,0.1356848618703369,True,"O\N=C1/C(Nc2ccccc12)=C1/C(=O)Nc2cc(Br)ccc12, O\N=C1/C(Nc2ccccc12)=C1/C(=O)Nc2cc(Br)ccc12",prism_treatment_info
31a40e7dd,BRD-K68395654-001-03-1,EVP4593,NFkB pathway inhibitor,0.5010007044873631,0.4322663524576603,0.0687343520297028,True,"Nc1ccc2ncnc(NCCc3ccc(Oc4ccccc4)cc3)c2c1, Nc1ccc2ncnc(NCCc3ccc(Oc4ccccc4)cc3)c2c1, Nc1ccc2ncnc(NCCc3ccc(Oc4ccccc4)cc3)c2c1",prism_treatment_info
31addf194,BRD-K60036103-003-01-6,L-NIL,nitric oxide synthase inhibitor,0.3184077614358904,0.3051003197444499,0.0133074416914404,False,CC(=N)NCCCC[C@H](N)C(O)=O,prism_treatment_info
31cdc0d4a,BRD-K45909031-001-01-5,WZ4003,AMPK inhibitor,0.4121652283029956,0.3441891643558062,0.0679760639471894,False,CCC(=O)Nc1cccc(Oc2nc(Nc3ccc(cc3OC)N3CCN(C)CC3)ncc2Cl)c1,prism_treatment_info
31d1b5808,BRD-K51313569-003-03-3,palbociclib,CDK inhibitor,0.3904007452242948,0.3492656005634368,0.0411351446608579,False,"CC(=O)c1c(C)c2cnc(Nc3ccc(cn3)N3CCNCC3)nc2n(C2CCCC2)c1=O, CC(=O)c1c(C)c2cnc(Nc3ccc(cn3)N3CCNCC3)nc2n(C2CCCC2)c1=O",prism_treatment_info
31d5cf076,BRD-K01950558-001-14-7,succinylsulfathiazole,dihydrofolate reductase inhibitor,0.3386974848934806,0.3163926481674812,0.0223048367259993,False,OC(=O)CCC(=O)Nc1ccc(cc1)S(=O)(=O)Nc1nccs1,prism_treatment_info
3217b13d3,BRD-K23248433-001-01-8,camicinal,motilin receptor agonist,0.3061833135844291,0.3015353886150435,0.0046479249693855,False,C[C@H]1CN(Cc2ccc(CC(=O)N3CCC(CC3)Nc3cccc(F)c3)cc2)CCN1,prism_treatment_info
3226ca64a,BRD-K58819470-001-05-9,2-thiouracil,,0.4014118132769486,0.321661210186586,0.0797506030903625,False,"Oc1ccnc(S)n1, Oc1ccnc(S)n1",prism_treatment_info
3228230d1,BRD-K12184916-001-15-4,NVP-BEZ235,"mTOR inhibitor, PI3K inhibitor",0.5288022128121562,0.5012923727053946,0.0275098401067616,True,"Cn1c2cnc3ccc(cc3c2n(-c2ccc(cc2)C(C)(C)C#N)c1=O)-c1cnc2ccccc2c1, Cn1c2cnc3ccc(cc3c2n(-c2ccc(cc2)C(C)(C)C#N)c1=O)-c1cnc2ccccc2c1",prism_treatment_info
32585ca0c,BRD-A95340155-001-09-7,methyclothiazide,chloride reabsorption inhibitor,0.3725141429433835,0.3503461594057598,0.0221679835376236,False,CN1C(CCl)Nc2cc(Cl)c(cc2S1(=O)=O)S(N)(=O)=O,prism_treatment_info
32602eac2,BRD-K84683831-001-01-0,radezolid,"bacterial 30S ribosomal subunit inhibitor, bacterial 50S ribosomal subunit inhibitor",0.334747075266095,0.3137271557365944,0.0210199195295006,False,CC(=O)NC[C@H]1CN(C(=O)O1)c1ccc(c(F)c1)-c1ccc(CNCc2cnn[nH]2)cc1,prism_treatment_info
3261b4495,BRD-K69247067-001-01-8,afloqualone,acetylcholine receptor antagonist,0.3548913859442852,0.2966594377995845,0.0582319481447007,False,Cc1ccccc1-n1c(CF)nc2ccc(N)cc2c1=O,prism_treatment_info
3264f3b74,BRD-A97701745-001-16-0,pindolol,adrenergic receptor antagonist,0.4249333035464872,0.4159336276811245,0.0089996758653627,False,"CC(C)NCC(O)COc1cccc2[nH]ccc12, CC(C)NCC(O)COc1cccc2[nH]ccc12, CC(C)NCC(O)COc1cccc2[nH]ccc12",prism_treatment_info
32667f5be,BRD-K16195444-003-26-0,oxymetazoline,adrenergic receptor agonist,0.3123602189578991,0.3001617622285984,0.0121984567293006,False,"Cc1cc(c(O)c(C)c1CC1=NCCN1)C(C)(C)C, Cc1cc(c(O)c(C)c1CC1=NCCN1)C(C)(C)C, Cc1cc(c(O)c(C)c1CC1=NCCN1)C(C)(C)C",prism_treatment_info
3276db5ea,BRD-K96104201-001-01-5,azalomycin-b,bacterial 50S ribosomal subunit inhibitor,0.3953821390115684,0.3872138323549132,0.0081683066566551,False,CC[C@@H]1[C@@H](C)O[C@](O)(C[C@H]1O[C@H]1C[C@H](O)[C@H](O)[C@H](C)O1)[C@@H](C)[C@H](O)[C@H](C)[C@@H]1OC(=O)\C=C\C=C\[C@@H](C)[C@H](OC(=O)\C=C\C=C\[C@@H]1C)[C@@H](C)[C@@H](O)[C@H](C)[C@@]1(O)C[C@@H](O[C@H]2C[C@H](O)[C@H](O)[C@H](C)O2)[C@H](CC)[C@@H](C)O1,prism_treatment_info
329ac3519,BRD-K20995441-001-02-5,U-54494A,opioid receptor agonist,0.2993090702691895,0.2750817209096995,0.02422734935949,False,CN([C@@H]1CCCC[C@@H]1N1CCCC1)C(=O)c1ccc(Cl)c(Cl)c1,prism_treatment_info
32bad50f4,BRD-K71125014-001-27-1,sulphadimethoxine,dihydropteroate synthetase inhibitor,0.3813129283909275,0.3294596009475525,0.051853327443375,False,"COc1cc(NS(=O)(=O)c2ccc(N)cc2)nc(OC)n1, COc1cc(NS(=O)(=O)c2ccc(N)cc2)nc(OC)n1",prism_treatment_info
32bd4cc74,BRD-K97464279-001-03-5,diaveridine,dihydrofolate reductase inhibitor,0.3926083721195659,0.3835471920690702,0.0090611800504957,False,COc1ccc(Cc2cnc(N)nc2N)cc1OC,prism_treatment_info
32cdd43d4,BRD-K19601669-001-03-5,ruxolitinib-(S),JAK inhibitor,0.486206097884879,0.4686147234114675,0.0175913744734115,False,N#CC[C@@H](C1CCCC1)n1cc(cn1)-c1ncnc2[nH]ccc12,prism_treatment_info
32dccc366,BRD-K88186167-001-04-8,GW-4064,FXR agonist,0.3118576642341721,0.2454305485176464,0.0664271157165256,False,"CC(C)c1onc(c1COc1ccc(\C=C\c2cccc(c2)C(O)=O)c(Cl)c1)-c1c(Cl)cccc1Cl, CC(C)c1onc(c1COc1ccc(\C=C\c2cccc(c2)C(O)=O)c(Cl)c1)-c1c(Cl)cccc1Cl",prism_treatment_info
33036fe9b,BRD-K59390331-045-01-5,tarafenacin,acetylcholine receptor antagonist,0.3355375091115729,0.2783273237630275,0.0572101853485453,False,Fc1cccc(c1)N(Cc1cc(F)c(F)c(F)c1)C(=O)O[C@H]1CN2CCC1CC2,prism_treatment_info
330a907e0,BRD-K24723746-036-02-5,solifenacin-succinate,acetylcholine receptor antagonist,0.3337208582921086,0.3298148179119405,0.0039060403801681,False,"O=C(O[C@H]1CN2CCC1CC2)N1CCc2ccccc2[C@@H]1c1ccccc1, O=C(O[C@H]1CN2CCC1CC2)N1CCc2ccccc2[C@@H]1c1ccccc1",prism_treatment_info
336d3cb9c,BRD-K05907307-001-07-1,nonivamide,TRPV agonist,0.3632880882452031,0.3324508230591607,0.0308372651860424,False,CCCCCCCCC(=O)NCc1ccc(O)c(OC)c1,prism_treatment_info
33c90bb0b,BRD-K42348709-003-13-1,cyclobenzaprine,"adrenergic receptor agonist, serotonin receptor agonist",0.3179758162153981,0.277923049518582,0.0400527666968161,False,CN(C)CCC=C1c2ccccc2C=Cc2ccccc12,prism_treatment_info
33ea7c31c,BRD-K51937257-001-01-4,bilastine,histamine receptor antagonist,0.4395058597562423,0.3334614525453869,0.1060444072108554,False,CCOCCn1c(nc2ccccc12)C1CCN(CCc2ccc(cc2)C(C)(C)C(O)=O)CC1,prism_treatment_info
342063ca2,BRD-K41260949-236-16-8,valproic-acid,HDAC inhibitor,0.3371920469408733,0.3228778617076189,0.0143141852332543,False,"CCCC(CCC)C(O)=O, CCCC(CCC)C(O)=O, CCCC(CCC)C(O)=O, CCCC(CCC)C(O)=O, CCCC(CCC)C(O)=O",prism_treatment_info
34337af21,BRD-K68408467-065-01-8,proflavine-hemisulfate,topical anesthetic,0.4604589646904632,0.4102899385572676,0.0501690261331955,False,Nc1ccc2cc3ccc(N)cc3nc2c1,prism_treatment_info
345eb6a69,BRD-K30652337-004-02-1,eletriptan,serotonin receptor agonist,0.333335045904769,0.290516127465759,0.0428189184390099,False,"CN1CCC[C@@H]1Cc1c[nH]c2ccc(CCS(=O)(=O)c3ccccc3)cc12, CN1CCC[C@@H]1Cc1c[nH]c2ccc(CCS(=O)(=O)c3ccccc3)cc12, CN1CCC[C@@H]1Cc1c[nH]c2ccc(CCS(=O)(=O)c3ccccc3)cc12, CN1CCC[C@@H]1Cc1c[nH]c2ccc(CCS(=O)(=O)c3ccccc3)cc12",prism_treatment_info
346c01544,BRD-K70487031-001-02-8,flupentixol,dopamine receptor antagonist,0.3831994893240759,0.3386290221554009,0.0445704671686749,False,OCCN1CCN(CC\C=C2\c3ccccc3Sc3ccc(cc23)C(F)(F)F)CC1,prism_treatment_info
348b00535,BRD-K17743697-066-03-6,KB-R7943,sodium/calcium exchange inhibitor,0.3360648281742805,0.2911888859230997,0.0448759422511807,False,"NC(=N)SCCc1ccc(OCc2ccc(cc2)[N+]([O-])=O)cc1, NC(=N)SCCc1ccc(OCc2ccc(cc2)[N+]([O-])=O)cc1",prism_treatment_info
34a1356e1,BRD-K84564571-001-02-4,telatinib,"KIT inhibitor, PDGFR tyrosine kinase receptor inhibitor, VEGFR inhibitor",0.4796117597541475,0.465435309701341,0.0141764500528064,False,CNC(=O)c1cc(COc2nnc(Nc3ccc(Cl)cc3)c3ccoc23)ccn1,prism_treatment_info
34b7b10a7,BRD-K21160401-065-01-0,dextroamphetamine,monoamine oxidase inhibitor,0.31141767158103,0.2496709561037429,0.0617467154772871,False,C[C@H](N)Cc1ccccc1,prism_treatment_info
34b9bb21b,BRD-K97884852-001-05-4,malotilate,protein synthesis stimulant,0.4391658973147199,0.4251915814374514,0.0139743158772684,False,CC(C)OC(=O)C(C(=O)OC(C)C)=C1SC=CS1,prism_treatment_info
34bccc9b2,BRD-K88646909-004-16-2,arecoline,acetylcholine receptor agonist,0.3108411621334079,0.2876956423859781,0.0231455197474297,False,"COC(=O)C1=CCCN(C)C1, COC(=O)C1=CCCN(C)C1",prism_treatment_info
34cb34a74,BRD-K15025317-001-15-1,BAY-11-7082,NFkB pathway inhibitor,0.3799518410833576,0.3420102685390335,0.0379415725443241,False,"Cc1ccc(cc1)S(=O)(=O)\C=C\C#N, Cc1ccc(cc1)S(=O)(=O)\C=C\C#N, Cc1ccc(cc1)S(=O)(=O)\C=C\C#N",prism_treatment_info
34e85fe9d,BRD-A30984645-001-01-5,GDC-0834,Bruton's tyrosine kinase (BTK) inhibitor,0.3036865213096175,0.2768500427286481,0.0268364785809693,False,"CN1CCN(C)C(=O)C1c1ccc(Nc2nc(cn(C)c2=O)-c2cccc(NC(=O)c3cc4CCCCc4s3)c2C)cc1, CN1CCN(C)C(=O)C1c1ccc(Nc2nc(cn(C)c2=O)-c2cccc(NC(=O)c3cc4CCCCc4s3)c2C)cc1",prism_treatment_info
34f1b60c1,BRD-K14920963-304-02-7,erythrosine,coloring agent,0.3764495877838612,0.312000462507251,0.0644491252766101,False,OC(=O)c1ccccc1-c1c2cc(I)c(O)c(I)c2oc2c(I)c(=O)c(I)cc12,prism_treatment_info
35238271c,BRD-K61195623-001-01-4,combretastatin-A-4,tubulin polymerization inhibitor,0.4932215399806856,0.4691761323551826,0.024045407625503,False,COc1ccc(cc1O)\C=C/c1cc(OC)c(OC)c(OC)c1,prism_treatment_info
352f26962,BRD-K40718343-001-02-6,AEE788,"EGFR inhibitor, VEGFR inhibitor",0.6257151971188825,0.6187382176964734,0.006976979422409,True,"CCN1CCN(Cc2ccc(cc2)-c2cc3c(N[C@H](C)c4ccccc4)ncnc3[nH]2)CC1, CCN1CCN(Cc2ccc(cc2)-c2cc3c(N[C@H](C)c4ccccc4)ncnc3[nH]2)CC1, CCN1CCN(Cc2ccc(cc2)-c2cc3c(N[C@H](C)c4ccccc4)ncnc3[nH]2)CC1",prism_treatment_info
35519ef6d,BRD-K51911221-001-01-2,nemorubicin,topoisomerase inhibitor,0.3389336274140597,0.3256678016612608,0.0132658257527988,False,CO[C@@H]1CN(CCO1)[C@H]1C[C@H](O[C@H]2C[C@@](O)(Cc3c(O)c4C(=O)c5cccc(OC)c5C(=O)c4c(O)c23)C(=O)CO)O[C@@H](C)[C@H]1O,prism_treatment_info
355e0b5ca,BRD-K35329391-334-01-7,GZD824,Bcr-Abl kinase inhibitor,0.4623184122484016,0.4129350311993101,0.0493833810490914,False,CN1CCN(Cc2ccc(NC(=O)c3ccc(C)c(c3)C#Cc3cnc4[nH]ncc4c3)cc2C(F)(F)F)CC1,prism_treatment_info
3575db700,BRD-A49906757-004-09-8,scopolamine-n-oxide,acetylcholine receptor antagonist,0.389253733738923,0.2643818329744035,0.1248719007645195,False,C[N+]1([O-])[C@H]2C[C@@H](C[C@@H]1[C@H]1O[C@@H]21)OC(=O)[C@H](CO)c1ccccc1,prism_treatment_info
357bf33db,BRD-K36270037-001-01-7,esculin,antioxidant,0.3977753068017527,0.3746487789228897,0.0231265278788629,False,OC[C@H]1O[C@@H](Oc2cc3ccc(=O)oc3cc2O)[C@@H](O)[C@@H](O)[C@@H]1O,prism_treatment_info
3581254ef,BRD-K43383936-001-05-2,flopropione,serotonin receptor antagonist,0.3077033641705739,0.3067975768831089,0.000905787287465,False,"CCC(=O)c1c(O)cc(O)cc1O, CCC(=O)c1c(O)cc(O)cc1O",prism_treatment_info
358558161,BRD-K05464208-001-05-7,JX-401,p38 MAPK inhibitor,0.3747705290468521,0.3501189919581354,0.0246515370887167,False,"COc1cc(SC)ccc1C(=O)N1CCC(Cc2ccccc2)CC1, COc1cc(SC)ccc1C(=O)N1CCC(Cc2ccccc2)CC1",prism_treatment_info
35bd6a5cb,BRD-K36467523-001-02-8,bindarit,NFkB pathway inhibitor,0.3258897471051472,0.2770129047208932,0.048876842384254,False,CC(C)(OCc1nn(Cc2ccccc2)c2ccccc12)C(O)=O,prism_treatment_info
35da23e37,BRD-K77908580-001-09-6,entinostat,HDAC inhibitor,0.486341269341261,0.4023616649253522,0.0839796044159087,False,"Nc1ccccc1NC(=O)c1ccc(CNC(=O)OCc2cccnc2)cc1, Nc1ccccc1NC(=O)c1ccc(CNC(=O)OCc2cccnc2)cc1",prism_treatment_info
35deba05e,BRD-K97963946-001-01-3,EMD-1214063,hepatocyte growth factor receptor inhibitor,0.4081604661704246,0.4031424121419897,0.0050180540284349,False,CN1CCC(COc2cnc(nc2)-c2cccc(Cn3nc(ccc3=O)-c3cccc(c3)C#N)c2)CC1,prism_treatment_info
35e552246,BRD-K67789209-001-01-0,adatanserin,"serotonin receptor agonist, serotonin receptor antagonist",0.2910531957254562,0.2707315888755628,0.0203216068498933,False,O=C(NCCN1CCN(CC1)c1ncccn1)C12CC3CC(CC(C3)C1)C2,prism_treatment_info
35f6999a2,BRD-K71281111-001-04-3,SNX-2112,HSP inhibitor,0.4330752469351066,0.3680585846710075,0.065016662264099,False,CC1(C)Cc2c(c(nn2-c2ccc(C(N)=O)c(N[C@H]3CC[C@H](O)CC3)c2)C(F)(F)F)C(=O)C1,prism_treatment_info
3610da8fc,BRD-K58736316-001-09-5,cianidanol,fatty acid synthase inhibitor,0.3224648437772491,0.3006885929928454,0.0217762507844036,False,O[C@H]1Cc2c(O)cc(O)cc2O[C@@H]1c1ccc(O)c(O)c1,prism_treatment_info
3628040f9,BRD-A66419424-001-02-4,ixazomib-citrate,proteasome inhibitor,0.3811541550187212,0.3760439541802486,0.0051102008384725,False,CC(C)C[C@H](NC(=O)CNC(=O)c1cc(Cl)ccc1Cl)B1OC(=O)CC(CC(O)=O)(O1)C(O)=O,prism_treatment_info
36483057c,BRD-K00662280-001-09-4,CL-218872,benzodiazepine receptor agonist,0.3675947176793578,0.3393853155539573,0.0282094021254005,False,"Cc1nnc2ccc(nn12)-c1cccc(c1)C(F)(F)F, Cc1nnc2ccc(nn12)-c1cccc(c1)C(F)(F)F",prism_treatment_info
366bf0132,BRD-K95785345-300-14-8,thiamine,vitamin B,0.3197842400919005,0.3010744960254768,0.0187097440664236,False,"Cc1c(CCO)sc[n+]1Cc1cnc(C)nc1N, Cc1c(CCO)sc[n+]1Cc1cnc(C)nc1N",prism_treatment_info
366cfd589,BRD-K70463136-001-01-5,BAY-87-2243,hypoxia inducible factor inhibitor,0.4415832689046039,0.352919465248047,0.0886638036565569,False,Cc1cc(nn1Cc1ccnc(c1)N1CCN(CC1)C1CC1)-c1nc(no1)-c1ccc(OC(F)(F)F)cc1,prism_treatment_info
36777ec87,BRD-K66538826-001-07-2,amuvatinib,"FLT3 inhibitor, KIT inhibitor, PDGFR tyrosine kinase receptor inhibitor, RAD51 inhibitor, RET tyrosine kinase inhibitor",0.413599258236544,0.3293842726589843,0.0842149855775596,False,S=C(NCc1ccc2OCOc2c1)N1CCN(CC1)c1ncnc2c3ccccc3oc12,prism_treatment_info
367b43280,BRD-K01614093-001-02-6,dihydromyricetin,,0.3572705954444021,0.3144812286046,0.042789366839802,False,"O[C@@H]1[C@H](Oc2cc(O)cc(O)c2C1=O)c1cc(O)c(O)c(O)c1, O[C@@H]1[C@H](Oc2cc(O)cc(O)c2C1=O)c1cc(O)c(O)c(O)c1, O[C@@H]1[C@H](Oc2cc(O)cc(O)c2C1=O)c1cc(O)c(O)c(O)c1, O[C@@H]1[C@H](Oc2cc(O)cc(O)c2C1=O)c1cc(O)c(O)c(O)c1",prism_treatment_info
3685da8e0,BRD-K72951360-001-01-4,valrubicin,"DNA inhibitor, topoisomerase inhibitor",0.3019965086243149,0.2971198301672428,0.004876678457072,False,CCCCC(=O)OCC(=O)[C@@]1(O)C[C@H](O[C@H]2C[C@H](NC(=O)C(F)(F)F)[C@H](O)[C@H](C)O2)c2c(O)c3C(=O)c4c(OC)cccc4C(=O)c3c(O)c2C1,prism_treatment_info
36ab4aaf7,BRD-K31866293-001-01-6,TAK-632,RAF inhibitor,0.620818321425857,0.4758536225212239,0.1449646989046331,True,Fc1ccc(Oc2ccc3nc(NC(=O)C4CC4)sc3c2C#N)cc1NC(=O)Cc1cccc(c1)C(F)(F)F,prism_treatment_info
36b7f5ba2,BRD-K63001556-001-08-8,orbifloxacin,bacterial DNA gyrase inhibitor,0.3707752651469825,0.3371295429727007,0.0336457221742817,False,"C[C@H]1CN(C[C@@H](C)N1)c1c(F)c(F)c2c(c1F)n(cc(C(O)=O)c2=O)C1CC1, C[C@H]1CN(C[C@@H](C)N1)c1c(F)c(F)c2c(c1F)n(cc(C(O)=O)c2=O)C1CC1, C[C@H]1CN(C[C@@H](C)N1)c1c(F)c(F)c2c(c1F)n(cc(C(O)=O)c2=O)C1CC1",prism_treatment_info
36dc71f82,BRD-K08542803-001-03-1,gambogic-acid,caspase activator,0.4308833606312692,0.4158786929076254,0.0150046677236437,False,"CC(C)=CCC[C@@]1(C)Oc2c(CC=C(C)C)c3O[C@@]45[C@H]6C[C@@H](C=C4C(=O)c3c(O)c2C=C1)C(=O)[C@]5(C\C=C(\C)C(O)=O)OC6(C)C, CC(C)=CCC[C@@]1(C)Oc2c(CC=C(C)C)c3O[C@@]45[C@H]6C[C@@H](C=C4C(=O)c3c(O)c2C=C1)C(=O)[C@]5(C\C=C(\C)C(O)=O)OC6(C)C, CC(C)=CCC[C@@]1(C)Oc2c(CC=C(C)C)c3O[C@@]45[C@H]6C[C@@H](C=C4C(=O)c3c(O)c2C=C1)C(=O)[C@]5(C\C=C(\C)C(O)=O)OC6(C)C",prism_treatment_info
36e63978b,BRD-A08079565-001-01-8,CDBA,,0.3574829415911975,0.3113013428416019,0.0461815987495956,False,OCC1OC2OC3C(CO)OC(OC4C(CO)OC(OC5C(CO)OC(OC6C(CO)OC(OC7C(CO)OC(OC8C(CO)OC(OC1C(O)C2O)C(O)C8O)C(O)C7O)C(O)C6O)C(O)C5O)C(O)C4O)C(O)C3O,prism_treatment_info
3702115d8,BRD-K31866293-001-01-6,TAK-632,RAF inhibitor,0.3470266716662425,0.2854895491685593,0.0615371224976832,False,Fc1ccc(Oc2ccc3nc(NC(=O)C4CC4)sc3c2C#N)cc1NC(=O)Cc1cccc(c1)C(F)(F)F,prism_treatment_info
3703fbf34,BRD-K15164005-001-05-6,apoptosis-activator-II,carboxylesterase inhibitor,0.3538025979332344,0.3355699311155192,0.0182326668177151,False,"Clc1ccc(CN2C(=O)C(=O)c3ccccc23)cc1Cl, Clc1ccc(CN2C(=O)C(=O)c3ccccc23)cc1Cl, Clc1ccc(CN2C(=O)C(=O)c3ccccc23)cc1Cl",prism_treatment_info
3710f60fa,BRD-K46914825-300-01-0,zimelidine,selective serotonin reuptake inhibitor (SSRI),0.382757033563139,0.3567958793054365,0.0259611542577024,False,CN(C)C\C=C(\c1ccc(Br)cc1)c1cccnc1,prism_treatment_info
3724bf970,BRD-K49328571-001-15-0,dasatinib,"Bcr-Abl kinase inhibitor, ephrin inhibitor, KIT inhibitor, PDGFR tyrosine kinase receptor inhibitor, src inhibitor, tyrosine kinase inhibitor",0.5796316948721862,0.5478551190582406,0.0317765758139456,True,"Cc1nc(Nc2ncc(s2)C(=O)Nc2c(C)cccc2Cl)cc(n1)N1CCN(CCO)CC1, Cc1nc(Nc2ncc(s2)C(=O)Nc2c(C)cccc2Cl)cc(n1)N1CCN(CCO)CC1",prism_treatment_info
376c56233,BRD-K95053546-001-01-9,tempol,free radical scavenger,0.5529711091114209,0.4191617214877169,0.1338093876237039,True,"CC1(C)CC(O)CC(C)(C)N1O, CC1(C)CC(O)CC(C)(C)N1O, CC1(C)CC(O)CC(C)(C)N1O",prism_treatment_info
379302187,BRD-A64064900-001-02-3,sangivamycin,DNA inhibitor,0.4609958468009123,0.4248201479388985,0.0361756988620138,False,NC(=O)c1cn(C2OC(CO)[C@H](O)[C@@H]2O)c2ncnc(N)c12,prism_treatment_info
37a8319f4,BRD-K66353228-001-14-6,zoxazolamine,myorelaxant,0.3533308265770604,0.3116336906031743,0.041697135973886,False,"Nc1nc2cc(Cl)ccc2o1, Nc1nc2cc(Cl)ccc2o1",prism_treatment_info
37b33b4d6,BRD-K79753741-001-01-7,UBP-302,glutamate receptor antagonist,0.3646619555137044,0.3100131468939142,0.0546488086197902,False,"N[C@@H](Cn1ccc(=O)n(Cc2ccccc2C(O)=O)c1=O)C(O)=O, N[C@@H](Cn1ccc(=O)n(Cc2ccccc2C(O)=O)c1=O)C(O)=O, N[C@@H](Cn1ccc(=O)n(Cc2ccccc2C(O)=O)c1=O)C(O)=O",prism_treatment_info
37c682cd5,BRD-K35007173-001-07-5,enprofylline,phosphodiesterase inhibitor,0.429667669113348,0.3926136579964694,0.0370540111168786,False,CCCn1c2nc[nH]c2c(=O)[nH]c1=O,prism_treatment_info
37cbba316,BRD-K68938568-001-01-7,GDC-0152,XIAP inhibitor,0.7709989772807421,0.4026113359068058,0.3683876413739362,True,CN[C@@H](C)C(=O)N[C@@H](C1CCCCC1)C(=O)N1CCC[C@H]1C(=O)Nc1snnc1-c1ccccc1,prism_treatment_info
37eedc0ba,BRD-K78177893-001-02-4,A-674563,AKT inhibitor,0.4592631799127262,0.4119511628282375,0.0473120170844886,False,Cc1n[nH]c2ccc(cc12)-c1cncc(OC[C@@H](N)Cc2ccccc2)c1,prism_treatment_info
37fe7c5c1,BRD-K23566484-001-15-1,nilutamide,androgen receptor antagonist,0.2991729527303118,0.2897816451048855,0.0093913076254263,False,"CC1(C)NC(=O)N(C1=O)c1ccc(c(c1)C(F)(F)F)[N+]([O-])=O, CC1(C)NC(=O)N(C1=O)c1ccc(c(c1)C(F)(F)F)[N+]([O-])=O",prism_treatment_info
3803f83df,BRD-K53397409-001-12-3,benzoic-acid,food preservative,0.4130763445828356,0.3466742691013823,0.0664020754814532,False,"OC(=O)c1ccccc1, OC(=O)c1ccccc1, OC(=O)c1ccccc1",prism_treatment_info
381510611,BRD-K94239562-001-05-5,paeonol,anti-inflammatory agent,0.3872373864855993,0.3741058570877943,0.0131315293978049,False,COc1ccc(C(C)=O)c(O)c1,prism_treatment_info
3820146d1,BRD-K26838195-075-04-9,AST-1306,EGFR inhibitor,0.3718864906107012,0.3395794720293247,0.0323070185813764,False,Fc1cccc(COc2ccc(Nc3ncnc4ccc(NC(=O)C=C)cc34)cc2Cl)c1,prism_treatment_info
3851faee1,BRD-K96104201-001-01-5,azalomycin-b,bacterial 50S ribosomal subunit inhibitor,0.3317116453176416,0.3298684177219557,0.0018432275956858,False,CC[C@@H]1[C@@H](C)O[C@](O)(C[C@H]1O[C@H]1C[C@H](O)[C@H](O)[C@H](C)O1)[C@@H](C)[C@H](O)[C@H](C)[C@@H]1OC(=O)\C=C\C=C\[C@@H](C)[C@H](OC(=O)\C=C\C=C\[C@@H]1C)[C@@H](C)[C@@H](O)[C@H](C)[C@@]1(O)C[C@@H](O[C@H]2C[C@H](O)[C@H](O)[C@H](C)O2)[C@H](CC)[C@@H](C)O1,prism_treatment_info
3854c48c5,BRD-K64800655-001-07-4,PHA-793887,CDK inhibitor,0.61860993625809,0.5317242731751863,0.0868856630829036,True,"CC(C)CC(=O)Nc1n[nH]c2c1CN(C(=O)C1CCN(C)CC1)C2(C)C, CC(C)CC(=O)Nc1n[nH]c2c1CN(C(=O)C1CCN(C)CC1)C2(C)C",prism_treatment_info
3859c44f3,BRD-K23248433-001-01-8,camicinal,motilin receptor agonist,0.3822589805996474,0.3791129751798446,0.0031460054198028,False,C[C@H]1CN(Cc2ccc(CC(=O)N3CCC(CC3)Nc3cccc(F)c3)cc2)CCN1,prism_treatment_info
3861e02b7,BRD-A34751532-001-06-9,homosalate,HSP inducer,0.4214013879888388,0.3314907805889942,0.0899106073998445,False,CC1CC(CC(C)(C)C1)OC(=O)c1ccccc1O,prism_treatment_info
38839e72e,BRD-A95755460-001-01-3,talarozole,cytochrome P450 inhibitor,0.3417069411043446,0.2759669729858189,0.0657399681185256,False,CCC(CC)C(c1ccc(Nc2nc3ccccc3s2)cc1)n1cncn1,prism_treatment_info
3894818c6,BRD-K31553034-001-03-0,zibotentan,endothelin receptor antagonist,0.3681019859344058,0.3395839295179912,0.0285180564164146,False,COc1nc(C)cnc1NS(=O)(=O)c1cccnc1-c1ccc(cc1)-c1nnco1,prism_treatment_info
38a70d0e1,BRD-K67277431-002-10-5,picotamide,"thromboxane receptor antagonist, thromboxane synthase inhibitor",0.302170492911252,0.2640812561237206,0.0380892367875314,False,COc1ccc(cc1C(=O)NCc1cccnc1)C(=O)NCc1cccnc1,prism_treatment_info
38ae82552,BRD-K62676709-065-05-5,guanethidine,adrenergic inhibitor,0.33548087051584,0.282524375811364,0.052956494704476,False,"NC(=N)NCCN1CCCCCCC1, NC(=N)NCCN1CCCCCCC1",prism_treatment_info
38b3fa4be,BRD-K41876534-001-13-7,tioxolone,carbonic anhydrase inhibitor,0.4592313379461832,0.3100711577312469,0.1491601802149362,False,"Oc1ccc2sc(=O)oc2c1, Oc1ccc2sc(=O)oc2c1",prism_treatment_info
38b46f034,BRD-K97472745-001-01-8,gestrinone,progesterone receptor antagonist,0.5545744835541173,0.5397533318638312,0.014821151690286,True,CC[C@]12C=CC3=C4CCC(=O)C=C4CC[C@H]3[C@@H]1CC[C@@]2(O)C#C,prism_treatment_info
38c318006,BRD-K96042922-001-09-8,etanidazole,bacterial cell wall synthesis inhibitor,0.3474950542009838,0.3361273766057935,0.0113676775951902,False,OCCNC(=O)Cn1ccnc1[N+]([O-])=O,prism_treatment_info
38c7052a2,BRD-A08079565-001-01-8,CDBA,,0.3481732113057805,0.2905268170043026,0.0576463943014778,False,OCC1OC2OC3C(CO)OC(OC4C(CO)OC(OC5C(CO)OC(OC6C(CO)OC(OC7C(CO)OC(OC8C(CO)OC(OC1C(O)C2O)C(O)C8O)C(O)C7O)C(O)C6O)C(O)C5O)C(O)C4O)C(O)C3O,prism_treatment_info
38edb23a3,BRD-K66850609-001-07-4,voglibose,glucosidase inhibitor,0.3346434101371789,0.3338585908667368,0.0007848192704421,False,"OCC(CO)N[C@H]1C[C@](O)(CO)[C@@H](O)[C@H](O)[C@H]1O, OCC(CO)N[C@H]1C[C@](O)(CO)[C@@H](O)[C@H](O)[C@H]1O, OCC(CO)N[C@H]1C[C@](O)(CO)[C@@H](O)[C@H](O)[C@H]1O",prism_treatment_info
3941eeadd,BRD-K30480208-001-18-5,torasemide,"electrolyte reabsorption inhibitor, thromboxane receptor antagonist",0.3227218443902921,0.3141720521372015,0.0085497922530906,False,"CC(C)NC(=O)NS(=O)(=O)c1cnccc1Nc1cccc(C)c1, CC(C)NC(=O)NS(=O)(=O)c1cnccc1Nc1cccc(C)c1",prism_treatment_info
394afe33e,BRD-A91008255-003-24-8,bepridil,calcium channel blocker,0.3362537907465567,0.3190850855341053,0.0171687052124514,False,"CC(C)COCC(CN(Cc1ccccc1)c1ccccc1)N1CCCC1, CC(C)COCC(CN(Cc1ccccc1)c1ccccc1)N1CCCC1, CC(C)COCC(CN(Cc1ccccc1)c1ccccc1)N1CCCC1",prism_treatment_info
394c2d495,BRD-K58049875-001-04-7,thiostrepton,"FOXM1 inhibitor, protein synthesis inhibitor",0.6423763900673836,0.5833025560562057,0.0590738340111778,True,"CCC(C)C1NC2C=Cc3c(cc(nc3C2O)C(=O)OC(C)C2NC(=O)c3csc(n3)C(NC(=O)C3CSC(=N3)\C(NC(=O)C(NC(=O)c3csc(n3)C3(CCC(=NC3c3csc2n3)c2nc(cs2)C(=O)NC(=C)C(=O)NC(=C)C(N)=O)NC(=O)C(C)NC(=O)C(=C)NC(=O)C(C)NC1=O)C(C)O)=C/C)C(C)(O)C(C)O)C(C)O, CC[C@H](C)[C@@H]1N[C@@H]2C=Cc3c(cc(nc3[C@H]2O)C(=O)O[C@H](C)[C@@H]2NC(=O)c3csc(n3)[C@@H](NC(=O)[C@H]3CSC(=N3)\C(NC(=O)[C@@H](NC(=O)c3csc(n3)[C@]3(CCC(=N[C@@H]3c3csc2n3)c2nc(cs2)C(=O)NC(=C)C(=O)NC(=C)C(N)=O)NC(=O)[C@H](C)NC(=O)C(=C)NC(=O)[C@H](C)NC1=O)[C@@H](C)O)=C\C)[C@](C)(O)[C@@H](C)O)[C@H](C)O, CC[C@H](C)[C@@H]1N[C@@H]2C=Cc3c(cc(nc3[C@H]2O)C(=O)O[C@H](C)[C@@H]2NC(=O)c3csc(n3)[C@@H](NC(=O)[C@H]3CSC(=N3)\C(NC(=O)[C@@H](NC(=O)c3csc(n3)[C@]3(CCC(=N[C@@H]3c3csc2n3)c2nc(cs2)C(=O)NC(=C)C(=O)NC(=C)C(N)=O)NC(=O)[C@H](C)NC(=O)C(=C)NC(=O)[C@H](C)NC1=O)[C@@H](C)O)=C\C)[C@](C)(O)[C@@H](C)O)[C@H](C)O, CC[C@H](C)[C@@H]1N[C@@H]2C=Cc3c(cc(nc3[C@H]2O)C(=O)O[C@H](C)[C@@H]2NC(=O)c3csc(n3)[C@@H](NC(=O)[C@H]3CSC(=N3)\C(NC(=O)[C@@H](NC(=O)c3csc(n3)[C@]3(CCC(=N[C@@H]3c3csc2n3)c2nc(cs2)C(=O)NC(=C)C(=O)NC(=C)C(N)=O)NC(=O)[C@H](C)NC(=O)C(=C)NC(=O)[C@H](C)NC1=O)[C@@H](C)O)=C\C)[C@](C)(O)[C@@H](C)O)[C@H](C)O, CC[C@H](C)[C@@H]1N[C@@H]2C=Cc3c(cc(nc3[C@H]2O)C(=O)O[C@H](C)[C@@H]2NC(=O)c3csc(n3)[C@@H](NC(=O)[C@H]3CSC(=N3)\C(NC(=O)[C@@H](NC(=O)c3csc(n3)[C@]3(CCC(=N[C@@H]3c3csc2n3)c2nc(cs2)C(=O)NC(=C)C(=O)NC(=C)C(N)=O)NC(=O)[C@H](C)NC(=O)C(=C)NC(=O)[C@H](C)NC1=O)[C@@H](C)O)=C\C)[C@](C)(O)[C@@H](C)O)[C@H](C)O",prism_treatment_info
39631cf46,BRD-K56343971-001-10-6,vemurafenib,RAF inhibitor,0.5629137224727583,0.5137326452773904,0.0491810771953679,True,"CCCS(=O)(=O)Nc1ccc(F)c(C(=O)c2c[nH]c3ncc(cc23)-c2ccc(Cl)cc2)c1F, CCCS(=O)(=O)Nc1ccc(F)c(C(=O)c2c[nH]c3ncc(cc23)-c2ccc(Cl)cc2)c1F, CCCS(=O)(=O)Nc1ccc(F)c(C(=O)c2c[nH]c3ncc(cc23)-c2ccc(Cl)cc2)c1F",prism_treatment_info
399610c85,BRD-K94144010-001-13-9,cotinine,nicotine metabolite,0.4310295790477428,0.4061876880357335,0.0248418910120093,False,CN1[C@@H](CCC1=O)c1cccnc1,prism_treatment_info
3997d81ed,BRD-K62200014-003-10-5,anagrelide,phosphodiesterase inhibitor,0.3520864330901401,0.2741873433017222,0.0778990897884178,False,"Clc1ccc2N=C3NC(=O)CN3Cc2c1Cl, Clc1ccc2N=C3NC(=O)CN3Cc2c1Cl, Clc1ccc2N=C3NC(=O)CN3Cc2c1Cl",prism_treatment_info
399cbeb3e,BRD-K53153417-001-10-4,butylated-hydroxytoluene,carbonic anhydrase inhibitor,0.3524954406301076,0.2950913538024476,0.05740408682766,False,Cc1cc(c(O)c(c1)C(C)(C)C)C(C)(C)C,prism_treatment_info
39b5b0061,BRD-K73237276-001-01-0,tacalcitol,vitamin D receptor agonist,0.3132177921190081,0.3096330885390909,0.0035847035799171,False,CC(C)[C@H](O)CC[C@@H](C)[C@H]1CC[C@@H]2[C@]1(C)CCC\C2=C/C=C1/C[C@@H](O)C[C@H](O)C1=C,prism_treatment_info
39bf78cd6,BRD-K42260897-001-09-2,ezetimibe,"cholesterol inhibitor, Niemann-Pick C1-like 1 protein antagonist",0.3867883294972856,0.3351996684772938,0.0515886610199917,False,"OC(CC[C@@H]1[C@H](N(C1=O)c1ccc(F)cc1)c1ccc(O)cc1)c1ccc(F)cc1, O[C@@H](CC[C@@H]1[C@H](N(C1=O)c1ccc(F)cc1)c1ccc(O)cc1)c1ccc(F)cc1, O[C@@H](CC[C@@H]1[C@H](N(C1=O)c1ccc(F)cc1)c1ccc(O)cc1)c1ccc(F)cc1, O[C@@H](CC[C@@H]1[C@H](N(C1=O)c1ccc(F)cc1)c1ccc(O)cc1)c1ccc(F)cc1",prism_treatment_info
39c89cdd4,BRD-A55962179-001-22-1,omeprazole,ATPase inhibitor,0.2553759178403615,0.2424185275302012,0.0129573903101603,False,"COc1ccc2nc([nH]c2c1)S(=O)Cc1ncc(C)c(OC)c1C, COc1ccc2nc([nH]c2c1)S(=O)Cc1ncc(C)c(OC)c1C, COc1ccc2nc([nH]c2c1)S(=O)Cc1ncc(C)c(OC)c1C, COc1ccc2nc([nH]c2c1)S(=O)Cc1ncc(C)c(OC)c1C",prism_treatment_info
39cc616d2,BRD-A83802939-304-04-2,dexamethasone-sodium-phosphate,glucocorticoid receptor agonist,0.4232599884648954,0.4100853611537311,0.0131746273111643,False,"C[C@H]1CC2C3CCC4=CC(=O)C=C[C@]4(C)[C@@]3(F)[C@@H](O)C[C@]2(C)[C@@]1(O)C(=O)COP(O)(O)=O, C[C@@H]1CC2C3CCC4=CC(=O)C=C[C@]4(C)[C@@]3(F)[C@@H](O)C[C@]2(C)[C@@]1(O)C(=O)COP(O)(O)=O",prism_treatment_info
39da37e4d,BRD-K37249724-001-25-7,astemizole,histamine receptor antagonist,0.2943973242254661,0.2882292401609378,0.0061680840645283,False,"COc1ccc(CCN2CCC(CC2)Nc2nc3ccccc3n2Cc2ccc(F)cc2)cc1, COc1ccc(CCN2CCC(CC2)Nc2nc3ccccc3n2Cc2ccc(F)cc2)cc1, COc1ccc(CCN2CCC(CC2)Nc2nc3ccccc3n2Cc2ccc(F)cc2)cc1",prism_treatment_info
39e755d09,BRD-K49119234-003-02-6,TMPH,,0.3721987150191184,0.3625862474639557,0.0096124675551627,False,"CCCCCCC(=O)OC1CC(C)(C)NC(C)(C)C1, CCCCCCC(=O)OC1CC(C)(C)NC(C)(C)C1",prism_treatment_info
3a02fdb9b,BRD-A22305049-003-13-6,benfluorex,gluconeogenesis inhibitor,0.3528347099521134,0.3501861348434365,0.0026485751086768,False,CC(Cc1cccc(c1)C(F)(F)F)NCCOC(=O)c1ccccc1,prism_treatment_info
3a30e96c4,BRD-K50866992-003-10-3,tropisetron,serotonin receptor antagonist,0.3310005110060408,0.3055680320598721,0.0254324789461686,False,"CN1[C@H]2CC[C@@H]1C[C@@H](C2)OC(=O)c1c[nH]c2ccccc12, CN1[C@H]2CC[C@@H]1C[C@@H](C2)OC(=O)c1c[nH]c2ccccc12",prism_treatment_info
3a371596a,BRD-K69812556-305-02-0,WAY-100635,serotonin receptor antagonist,0.3587777351338049,0.3571449179984536,0.0016328171353512,False,COc1ccccc1N1CCN(CCN(C(=O)C2CCCCC2)c2ccccn2)CC1,prism_treatment_info
3a383db4a,BRD-U48018661-000-01-9,tyloxapol,NFkB pathway inhibitor,0.332518726009471,0.2867984317579064,0.0457202942515646,False,"C=O.C1CO1.CC(C)(C)CC(C)(C)c1ccc(O)cc1, , , C=O.C1CO1.CC(C)(C)CC(C)(C)c1ccc(O)cc1",prism_treatment_info
3a3f16d5b,BRD-K05804044-001-06-0,AZ-628,RAF inhibitor,0.5072593164704741,0.4813193444578134,0.0259399720126606,True,"Cc1ccc(NC(=O)c2cccc(c2)C(C)(C)C#N)cc1Nc1ccc2ncn(C)c(=O)c2c1, Cc1ccc(NC(=O)c2cccc(c2)C(C)(C)C#N)cc1Nc1ccc2ncn(C)c(=O)c2c1, Cc1ccc(NC(=O)c2cccc(c2)C(C)(C)C#N)cc1Nc1ccc2ncn(C)c(=O)c2c1, Cc1ccc(NC(=O)c2cccc(c2)C(C)(C)C#N)cc1Nc1ccc2ncn(C)c(=O)c2c1",prism_treatment_info
3a609039d,BRD-K77008974-001-03-2,WYE-354,mTOR inhibitor,0.3783883998480262,0.3767628429941522,0.0016255568538739,False,COC(=O)Nc1ccc(cc1)-c1nc(N2CCOCC2)c2cnn(C3CCN(CC3)C(=O)OC)c2n1,prism_treatment_info
3a8369e1d,BRD-K92723993-001-06-7,imatinib,"Bcr-Abl kinase inhibitor, KIT inhibitor, PDGFR tyrosine kinase receptor inhibitor",0.4932380756702219,0.4227422009950641,0.0704958746751577,False,"CN1CCN(Cc2ccc(cc2)C(=O)Nc2ccc(C)c(Nc3nccc(n3)-c3cccnc3)c2)CC1, CN1CCN(Cc2ccc(cc2)C(=O)Nc2ccc(C)c(Nc3nccc(n3)-c3cccnc3)c2)CC1, CN1CCN(Cc2ccc(cc2)C(=O)Nc2ccc(C)c(Nc3nccc(n3)-c3cccnc3)c2)CC1",prism_treatment_info
3a904cbae,BRD-K93632104-001-17-2,salicylic-acid,cyclooxygenase inhibitor,0.3644035399671808,0.3583699424608625,0.0060335975063182,False,OC(=O)c1ccccc1O,prism_treatment_info
3a9e165e8,BRD-A07780951-001-08-9,metaproterenol,adrenergic receptor agonist,0.3192614173038766,0.3053880869419381,0.0138733303619384,False,"CC(C)NCC(O)c1cc(O)cc(O)c1, CC(C)NCC(O)c1cc(O)cc(O)c1, CC(C)NCC(O)c1cc(O)cc(O)c1",prism_treatment_info
3afc0fb95,BRD-K09757388-065-04-0,atazanavir,HIV protease inhibitor,0.3425670397543859,0.2740380161115864,0.0685290236427995,False,COC(=O)N[C@H](C(=O)N[C@@H](Cc1ccccc1)[C@@H](O)CN(Cc1ccc(cc1)-c1ccccn1)NC(=O)[C@@H](NC(=O)OC)C(C)(C)C)C(C)(C)C,prism_treatment_info
3b08c3dce,BRD-K73383190-001-03-1,C646,histone acetyltransferase inhibitor,0.3843756115917562,0.3644512020995442,0.019924409492212,False,"CC1=NN(C(=O)C1=Cc1ccc(o1)-c1cc(C)c(C)cc1[N+]([O-])=O)c1ccc(cc1)C(O)=O, CC1=NN(C(=O)C1=Cc1ccc(o1)-c1cc(C)c(C)cc1[N+]([O-])=O)c1ccc(cc1)C(O)=O",prism_treatment_info
3b1b7319a,BRD-A42759514-001-20-5,ornidazole,antiprotozoal agent,0.356179909407686,0.3461459970228995,0.0100339123847864,False,"Cc1ncc(n1CC(O)CCl)[N+]([O-])=O, Cc1ncc(n1CC(O)CCl)[N+]([O-])=O, Cc1ncc(n1CC(O)CCl)[N+]([O-])=O",prism_treatment_info
3b2bdd584,BRD-K97163964-001-03-3,L-Aspartic-Acid,metallic radical formation stimulant,0.4438791879094402,0.3655737571239488,0.0783054307854913,False,"N[C@@H](CC(O)=O)C(O)=O, N[C@@H](CC(O)=O)C(O)=O",prism_treatment_info
3b37339aa,BRD-A49906757-004-09-8,scopolamine-n-oxide,acetylcholine receptor antagonist,0.3635989758014609,0.3284647128383534,0.0351342629631074,False,C[N+]1([O-])[C@H]2C[C@@H](C[C@@H]1[C@H]1O[C@@H]21)OC(=O)[C@H](CO)c1ccccc1,prism_treatment_info
3b3ba1d13,BRD-K56751279-300-01-4,Y-39983,rho associated kinase inhibitor,0.3722261589676762,0.3204996296065605,0.0517265293611157,False,C[C@@H](N)c1ccc(cc1)C(=O)Nc1ccnc2[nH]ccc12,prism_treatment_info
3b3c74070,BRD-K60997853-001-02-3,PHA-848125,"CDK inhibitor, growth factor receptor inhibitor",0.3512959491404179,0.3361658207876515,0.0151301283527663,False,CNC(=O)c1nn(C)c-2c1C(C)(C)Cc1cnc(Nc3ccc(cc3)N3CCN(C)CC3)nc-21,prism_treatment_info
3b55a4a69,BRD-A57900429-003-05-8,hydrastinine,haemostatic agent,0.341936044329037,0.3132766473483852,0.0286593969806518,False,"CN1CCc2cc3OCOc3cc2C1O, CN1CCc2cc3OCOc3cc2C1O",prism_treatment_info
3b5a343a7,BRD-K23647661-001-02-2,volinanserin,serotonin receptor antagonist,0.4349373359307519,0.3801153461751145,0.0548219897556374,False,"COc1cccc([C@H](O)C2CCN(CCc3ccc(F)cc3)CC2)c1OC, COc1cccc([C@H](O)C2CCN(CCc3ccc(F)cc3)CC2)c1OC",prism_treatment_info
3bab16931,BRD-K86435560-001-01-0,perchlozone,,0.2493522875395466,0.2484375831318164,0.0009147044077301,False,NC(=S)NN=Cc1ccncc1,prism_treatment_info
3bb4bf1e5,BRD-K56047318-001-06-3,RHC-80267,triacylglycerol lipase inhibitor,0.328952889295514,0.3180313423898008,0.0109215469057131,False,"O=C(NCCCCCCNC(=O)ON=C1CCCCC1)ON=C1CCCCC1, O=C(NCCCCCCNC(=O)ON=C1CCCCC1)ON=C1CCCCC1",prism_treatment_info
3bc819237,BRD-A20644369-001-08-6,canrenone,mineralocorticoid receptor antagonist,0.3849523353835035,0.3629806776458969,0.0219716577376066,False,C[C@]12CCC3C(C=CC4=CC(=O)CC[C@]34C)C1CC[C@@]21CCC(=O)O1,prism_treatment_info
3befd988e,BRD-K56543881-001-02-7,ADX-47273,glutamate receptor modulator,0.3332943031063308,0.3163234744868978,0.0169708286194329,False,Fc1ccc(cc1)C(=O)N1CCC[C@@H](C1)c1nc(no1)-c1ccc(F)cc1,prism_treatment_info
3bfc87fbd,BRD-K68395654-001-03-1,EVP4593,NFkB pathway inhibitor,0.5848261028459668,0.5346706169150659,0.0501554859309009,True,"Nc1ccc2ncnc(NCCc3ccc(Oc4ccccc4)cc3)c2c1, Nc1ccc2ncnc(NCCc3ccc(Oc4ccccc4)cc3)c2c1, Nc1ccc2ncnc(NCCc3ccc(Oc4ccccc4)cc3)c2c1",prism_treatment_info
3c0fc3e91,BRD-K83063356-003-02-5,RS-102895,CCR antagonist,0.3617154559153272,0.2766231880819946,0.0850922678333325,False,"FC(F)(F)c1ccc(CCN2CCC3(CC2)OC(=O)Nc2ccccc32)cc1, FC(F)(F)c1ccc(CCN2CCC3(CC2)OC(=O)Nc2ccccc32)cc1",prism_treatment_info
3c195fc5b,BRD-K61665160-001-01-5,BYK-204165,PARP inhibitor,0.4040178355664638,0.3198531790141043,0.0841646565523595,False,"Cn1cccc1\C=C1/C(=O)NC(=O)c2ccccc12, Cn1cccc1\C=C1/C(=O)NC(=O)c2ccccc12",prism_treatment_info
3c1f654ab,BRD-K90825648-001-02-0,RS-127445,serotonin receptor antagonist,0.3219261324361132,0.2962950306949304,0.0256311017411828,False,CC(C)c1cc(nc(N)n1)-c1ccc(F)c2ccccc12,prism_treatment_info
3c2e9dbd5,BRD-K53397409-001-12-3,benzoic-acid,food preservative,0.2926751230121644,0.2655170283492966,0.0271580946628678,False,"OC(=O)c1ccccc1, OC(=O)c1ccccc1, OC(=O)c1ccccc1",prism_treatment_info
3c325b529,BRD-K29415052-050-04-8,BGT226,PI3K inhibitor,0.3302262192230687,0.2941170157573539,0.0361092034657148,False,"COc1ccc(cn1)-c1ccc2ncc3n(C)c(=O)n(-c4ccc(N5CCNCC5)c(c4)C(F)(F)F)c3c2c1, COc1ccc(cn1)-c1ccc2ncc3n(C)c(=O)n(-c4ccc(N5CCNCC5)c(c4)C(F)(F)F)c3c2c1",prism_treatment_info
3c39c920a,BRD-A93236127-001-04-5,digitoxin,ATPase inhibitor,0.3368055806727121,0.3307444340516628,0.0060611466210492,False,C[C@H]1O[C@H](C[C@H](O)[C@@H]1O)O[C@H]1[C@@H](O)C[C@H](O[C@H]2[C@@H](O)C[C@H](O[C@H]3CC[C@@]4(C)[C@H](CCC5C4CC[C@]4(C)[C@H](CC[C@]54O)C4=CC(=O)OC4)C3)O[C@@H]2C)O[C@@H]1C,prism_treatment_info
3c4369618,BRD-K54395039-001-01-7,PR-619,DUB inhibitor,0.3584680409128363,0.3064558456014825,0.0520121953113538,False,"Nc1nc(N)c(SC#N)cc1SC#N, Nc1nc(N)c(SC#N)cc1SC#N",prism_treatment_info
3c4992a3d,BRD-A23603052-001-03-2,rifampin,RNA polymerase inhibitor,0.391163040099609,0.2978566311045039,0.0933064089951051,False,"CO[C@H]1\C=C\O[C@@]2(C)Oc3c(C2=O)c2c(O)c(\C=N\N4CCN(C)CC4)c(NC(=O)\C(C)=C/C=C/[C@H](C)[C@H](O)[C@@H](C)[C@@H](O)[C@@H](C)[C@H](OC(C)=O)[C@@H]1C)c(O)c2c(O)c3C, CO[C@H]1\C=C\O[C@@]2(C)Oc3c(C2=O)c2c(O)c(C=NN4CCN(C)CC4)c(NC(=O)\C(C)=C/C=C/C(C)[C@H](O)[C@@H](C)[C@@H](O)[C@@H](C)[C@@H](OC(C)=O)[C@@H]1C)c(O)c2c(O)c3C, CO[C@H]1\C=C\O[C@@]2(C)Oc3c(C2=O)c2c(O)c(\C=N\N4CCN(C)CC4)c(NC(=O)\C(C)=C/C=C/[C@H](C)[C@H](O)[C@@H](C)[C@@H](O)[C@@H](C)[C@H](OC(C)=O)[C@@H]1C)c(O)c2c(O)c3C",prism_treatment_info
3c6a6673a,BRD-K12040459-001-06-0,AT7867,AKT inhibitor,0.3991570931757635,0.3149417669616429,0.0842153262141205,False,"Clc1ccc(cc1)C1(CCNCC1)c1ccc(cc1)-c1cn[nH]c1, Clc1ccc(cc1)C1(CCNCC1)c1ccc(cc1)-c1cn[nH]c1",prism_treatment_info
3c8c824ff,BRD-K06388322-312-02-6,pramipexole,dopamine receptor agonist,0.3043894040205619,0.2919869256054393,0.0124024784151226,False,"CCCN[C@H]1CCc2nc(N)sc2C1, CCCN[C@H]1CCc2nc(N)sc2C1, CCCN[C@H]1CCc2nc(N)sc2C1",prism_treatment_info
3cbb7b22b,BRD-K64994968-001-32-5,progesterone,progesterone receptor agonist,0.3612698247966606,0.3511578315575129,0.0101119932391476,False,"CC(=O)[C@H]1CC[C@H]2[C@@H]3CCC4=CC(=O)CC[C@]4(C)[C@H]3CC[C@]12C, CC(=O)[C@H]1CC[C@H]2[C@@H]3CCC4=CC(=O)CC[C@]4(C)[C@H]3CC[C@]12C",prism_treatment_info
3cc579952,BRD-K63915849-001-03-7,AS-604850,PI3K inhibitor,0.3076089973906997,0.2923298767230562,0.0152791206676434,False,FC1(F)Oc2ccc(cc2O1)\C=C1/SC(=O)NC1=O,prism_treatment_info
3cda750b5,BRD-A07440155-003-25-4,labetalol,adrenergic receptor antagonist,0.4169923424980692,0.4056440093969047,0.0113483331011645,False,CC(CCc1ccccc1)NCC(O)c1ccc(O)c(c1)C(N)=O,prism_treatment_info
3cdc48274,BRD-K28863208-001-02-0,PNU-282987,cholinergic receptor agonist,0.2968438415068648,0.2968346504312448,9.191075619974232e-06,False,"Clc1ccc(cc1)C(=O)N[C@H]1CN2CCC1CC2, Clc1ccc(cc1)C(=O)N[C@H]1CN2CCC1CC2",prism_treatment_info
3ce3a519e,BRD-K68395654-001-03-1,EVP4593,NFkB pathway inhibitor,0.4765790022618167,0.4453045576909312,0.0312744445708855,False,"Nc1ccc2ncnc(NCCc3ccc(Oc4ccccc4)cc3)c2c1, Nc1ccc2ncnc(NCCc3ccc(Oc4ccccc4)cc3)c2c1, Nc1ccc2ncnc(NCCc3ccc(Oc4ccccc4)cc3)c2c1",prism_treatment_info
3cf403f44,BRD-K69247067-001-01-8,afloqualone,acetylcholine receptor antagonist,0.3602676477971088,0.3330446653241353,0.0272229824729734,False,Cc1ccccc1-n1c(CF)nc2ccc(N)cc2c1=O,prism_treatment_info
3d08fafe8,BRD-K19477839-001-07-6,SGX523,hepatocyte growth factor receptor inhibitor,0.3818701540250239,0.3653464976313946,0.0165236563936292,False,Cn1cc(cn1)-c1ccc2nnc(Sc3ccc4ncccc4c3)n2n1,prism_treatment_info
3d0f74957,BRD-K77908580-001-09-6,entinostat,HDAC inhibitor,0.3930761093861999,0.3837056548309492,0.0093704545552507,False,"Nc1ccccc1NC(=O)c1ccc(CNC(=O)OCc2cccnc2)cc1, Nc1ccccc1NC(=O)c1ccc(CNC(=O)OCc2cccnc2)cc1",prism_treatment_info
3d4298d4a,BRD-K99241550-001-03-5,metrizoic-acid,radiopaque medium,0.3244025688799455,0.2606740249298934,0.0637285439500521,False,"CN(C(C)=O)c1c(I)c(NC(C)=O)c(I)c(C(O)=O)c1I, CN(C(C)=O)c1c(I)c(NC(C)=O)c(I)c(C(O)=O)c1I",prism_treatment_info
3d451870a,BRD-K92723993-001-06-7,imatinib,"Bcr-Abl kinase inhibitor, KIT inhibitor, PDGFR tyrosine kinase receptor inhibitor",0.5841785763830748,0.5035575790639384,0.0806209973191364,True,"CN1CCN(Cc2ccc(cc2)C(=O)Nc2ccc(C)c(Nc3nccc(n3)-c3cccnc3)c2)CC1, CN1CCN(Cc2ccc(cc2)C(=O)Nc2ccc(C)c(Nc3nccc(n3)-c3cccnc3)c2)CC1, CN1CCN(Cc2ccc(cc2)C(=O)Nc2ccc(C)c(Nc3nccc(n3)-c3cccnc3)c2)CC1",prism_treatment_info
3d5464736,BRD-K28307902-001-21-7,flutamide,androgen receptor antagonist,0.3279160023783919,0.3253766717798428,0.002539330598549,False,"CC(C)C(=O)Nc1ccc(c(c1)C(F)(F)F)[N+]([O-])=O, CC(C)C(=O)Nc1ccc(c(c1)C(F)(F)F)[N+]([O-])=O, CC(C)C(=O)Nc1ccc(c(c1)C(F)(F)F)[N+]([O-])=O",prism_treatment_info
3d6cf8034,BRD-K82036761-003-20-3,sertraline,selective serotonin reuptake inhibitor (SSRI),0.3350443177821914,0.3309003669790501,0.0041439508031413,False,"CN[C@H]1CC[C@@H](c2ccc(Cl)c(Cl)c2)c2ccccc12, CN[C@H]1CC[C@@H](c2ccc(Cl)c(Cl)c2)c2ccccc12, CN[C@H]1CC[C@@H](c2ccc(Cl)c(Cl)c2)c2ccccc12, CN[C@H]1CC[C@@H](c2ccc(Cl)c(Cl)c2)c2ccccc12",prism_treatment_info
3d7235516,BRD-K67966701-001-11-6,lisinopril,angiotensin converting enzyme inhibitor,0.3033379781891308,0.3010026399348221,0.0023353382543087,False,"NCCCC[C@H](N[C@@H](CCc1ccccc1)C(O)=O)C(=O)N1CCC[C@H]1C(O)=O, NCCCC[C@H](N[C@@H](CCc1ccccc1)C(O)=O)C(=O)N1CCC[C@H]1C(O)=O, NCCCC[C@H](N[C@@H](CCc1ccccc1)C(O)=O)C(=O)N1CCC[C@H]1C(O)=O",prism_treatment_info
3d75ef235,BRD-K47832606-001-30-1,floxuridine,DNA synthesis inhibitor,0.4565212814762615,0.4407858924464469,0.0157353890298145,False,"OC[C@H]1OC(C[C@H]1O)n1cc(F)c(=O)[nH]c1=O, OC[C@H]1O[C@H](C[C@@H]1O)n1cc(F)c(=O)[nH]c1=O",prism_treatment_info
3daf3ab5b,BRD-K77251551-304-02-9,sodium-picosulfate,,0.3865218549189894,0.3312196963374764,0.055302158581513,False,OS(=O)(=O)Oc1ccc(cc1)C(c1ccc(OS(O)(=O)=O)cc1)c1ccccn1,prism_treatment_info
3db193b3b,BRD-A11776908-065-01-5,enilconazole,sterol demethylase inhibitor,0.3532239264378487,0.3174041751078587,0.0358197513299899,False,Clc1ccc(C(Cn2ccnc2)OCC=C)c(Cl)c1,prism_treatment_info
3dbaab6f8,BRD-K02867583-300-08-9,minaprine,serotonin reuptake inhibitor,0.3559311869840197,0.3434179604602841,0.0125132265237355,False,Cc1cc(nnc1NCCN1CCOCC1)-c1ccccc1,prism_treatment_info
3df6fc891,BRD-K90333595-003-21-4,phentolamine,adrenergic receptor antagonist,0.3449975125577222,0.3067482205715815,0.0382492919861406,False,"Cc1ccc(cc1)N(CC1=NCCN1)c1cccc(O)c1, Cc1ccc(cc1)N(CC1=NCCN1)c1cccc(O)c1, Cc1ccc(cc1)N(CC1=NCCN1)c1cccc(O)c1, Cc1ccc(cc1)N(CC1=NCCN1)c1cccc(O)c1",prism_treatment_info
3e0223fe5,BRD-K19136521-001-08-9,indirubin-3-monoxime,"CDK inhibitor, glycogen synthase kinase inhibitor",0.3362775318224487,0.3267004127252653,0.0095771190971833,False,O\N=C1c2ccccc2NC/1=C1\C(=O)Nc2ccccc12,prism_treatment_info
3e163d571,BRD-A65440446-001-04-1,cimaterol,adrenergic receptor agonist,0.3965444784355325,0.3479343183892669,0.0486101600462655,False,CC(C)NCC(O)c1ccc(N)c(c1)C#N,prism_treatment_info
3e1d18e1d,BRD-K49075727-001-08-5,nintedanib,"FGFR inhibitor, PDGFR tyrosine kinase receptor inhibitor, VEGFR inhibitor",0.5779002102694678,0.5654150904908567,0.0124851197786111,True,"COC(=O)c1ccc2c(NC(=O)\C2=C(/Nc2ccc(cc2)N(C)C(=O)CN2CCN(C)CC2)c2ccccc2)c1, COC(=O)c1ccc2c(NC(=O)\C2=C(/Nc2ccc(cc2)N(C)C(=O)CN2CCN(C)CC2)c2ccccc2)c1",prism_treatment_info
3e2f492de,BRD-K79759585-048-04-8,sildenafil,phosphodiesterase inhibitor,0.3615894692384798,0.331053020977371,0.0305364482611088,False,"CCCc1nn(C)c2c1nc([nH]c2=O)-c1cc(ccc1OCC)S(=O)(=O)N1CCN(C)CC1, CCCc1nn(C)c2c1nc([nH]c2=O)-c1cc(ccc1OCC)S(=O)(=O)N1CCN(C)CC1, CCCc1nn(C)c2c1nc([nH]c2=O)-c1cc(ccc1OCC)S(=O)(=O)N1CCN(C)CC1",prism_treatment_info
3e59ffa07,BRD-A78588743-001-03-4,editol,,0.3834536365783396,0.2708702296320229,0.1125834069463166,False,CC(O)CN(CCN(CC(C)O)CC(C)O)CC(C)O,prism_treatment_info
3e5ede2f6,BRD-K47554101-001-01-2,eperezolid,bacterial 30S ribosomal subunit inhibitor,0.3587334624390008,0.3487314670203755,0.0100019954186252,False,CC(=O)NC[C@H]1CN(C(=O)O1)c1ccc(N2CCN(CC2)C(=O)CO)c(F)c1,prism_treatment_info
3e677daea,BRD-K90524085-001-07-8,MY-5445,"phosphodiesterase inhibitor, platelet aggregation inhibitor",0.3670433717812091,0.3502795282593036,0.0167638435219054,False,"Clc1cccc(Nc2nnc(-c3ccccc3)c3ccccc23)c1, Clc1cccc(Nc2nnc(-c3ccccc3)c3ccccc23)c1",prism_treatment_info
3e6b4e4cb,BRD-K82027074-001-07-5,2-hydroxyflutamide,androgen receptor antagonist,0.4345826886331733,0.3138257714227126,0.1207569172104606,False,"CC(C)(O)C(=O)Nc1ccc(c(c1)C(F)(F)F)[N+]([O-])=O, CC(C)(O)C(=O)Nc1ccc(c(c1)C(F)(F)F)[N+]([O-])=O",prism_treatment_info
3e6baa5f6,BRD-A78195072-001-06-2,imexon,"apoptosis stimulant, ribonucleotide reductase inhibitor",0.4088231320212566,0.3224982782998781,0.0863248537213784,False,N=C1NC(=O)N2CC12,prism_treatment_info
3e7f719a5,BRD-K09443272-001-03-3,PHA-680632,Aurora kinase inhibitor,0.3743063399170678,0.313585908974215,0.0607204309428528,False,CCc1cccc(CC)c1NC(=O)N1Cc2[nH]nc(NC(=O)c3ccc(cc3)N3CCN(C)CC3)c2C1,prism_treatment_info
3e99aea6b,BRD-K18036262-001-02-8,L-168049,glucagon receptor antagonist,0.3185876482322904,0.2323627588213904,0.0862248894109,False,"CCCOc1ccc(Br)cc1-c1cc([nH]c1-c1ccncc1)-c1ccc(Cl)cc1, CCCOc1ccc(Br)cc1-c1cc([nH]c1-c1ccncc1)-c1ccc(Cl)cc1",prism_treatment_info
3e9fc2514,BRD-A56675431-001-12-3,althiazide,diuretic,0.3109429364959803,0.288326664350208,0.0226162721457722,False,NS(=O)(=O)c1cc2c(NC(CSCC=C)NS2(=O)=O)cc1Cl,prism_treatment_info
3ea303373,BRD-A62021152-003-03-4,WAY-161503,serotonin receptor agonist,0.3177845481878606,0.2820270653670428,0.0357574828208178,False,"Clc1cc2NC(=O)C3CNCCN3c2cc1Cl, Clc1cc2NC(=O)C3CNCCN3c2cc1Cl",prism_treatment_info
3ec1add16,BRD-A99888680-001-04-6,paliperidone,"dopamine receptor antagonist, serotonin receptor antagonist",0.3695750740580285,0.3233739114413893,0.0462011626166392,False,"Cc1nc2C(O)CCCn2c(=O)c1CCN1CCC(CC1)c1noc2cc(F)ccc12, Cc1nc2C(O)CCCn2c(=O)c1CCN1CCC(CC1)c1noc2cc(F)ccc12, Cc1nc2C(O)CCCn2c(=O)c1CCN1CCC(CC1)c1noc2cc(F)ccc12",prism_treatment_info
3ed7ea58f,BRD-K17743125-001-08-4,belinostat,HDAC inhibitor,0.3416104509958784,0.3088481432180195,0.0327623077778588,False,ONC(=O)\C=C\c1cccc(c1)S(=O)(=O)Nc1ccccc1,prism_treatment_info
3ee3c4f73,BRD-A41304429-001-14-8,practolol,adrenergic receptor antagonist,0.3191628201012791,0.2992929092276413,0.0198699108736378,False,"CC(C)NCC(O)COc1ccc(NC(C)=O)cc1, CC(C)NCC(O)COc1ccc(NC(C)=O)cc1",prism_treatment_info
3f0bd259a,BRD-K15868788-003-07-7,SDZ-205-557,serotonin receptor antagonist,0.3457342838848527,0.3303731253290231,0.0153611585558295,False,CCN(CC)CCOC(=O)c1cc(Cl)c(N)cc1OC,prism_treatment_info
3f262a342,BRD-A92537424-001-04-7,danazol,"estrogen receptor antagonist, progesterone receptor agonist",0.3481434917766822,0.330867462281129,0.0172760294955531,False,C[C@]12CCC3C(CCC4=Cc5oncc5C[C@]34C)C1CC[C@@]2(O)C#C,prism_treatment_info
3f2f378cf,BRD-K08837089-236-01-6,actinoquinol,,0.3866299623988102,0.3121550348998627,0.0744749274989475,False,CCOc1ccc(c2cccnc12)S(O)(=O)=O,prism_treatment_info
3f374d199,BRD-A51571244-001-01-9,hypoestoxide,IKK inhibitor,0.3155963793285079,0.291261409405567,0.0243349699229409,False,CC(=O)O[C@H]1CC2(C)OC2CCC2(C)OC2CC2CC(=O)C(=C)C1C2(C)C,prism_treatment_info
3f3f003bc,BRD-K67789209-001-01-0,adatanserin,"serotonin receptor agonist, serotonin receptor antagonist",0.3446348953467549,0.3445067227907692,0.0001281725559857,False,O=C(NCCN1CCN(CC1)c1ncccn1)C12CC3CC(CC(C3)C1)C2,prism_treatment_info
3f40f8f4b,BRD-K96424892-001-02-9,chloramphenicol-palmitate,protein synthesis inhibitor,0.3385863687864473,0.312930881873904,0.0256554869125432,False,CCCCCCCCCCCCCCCC(=O)OC[C@H](NC(=O)C(Cl)Cl)[C@H](O)c1ccc(cc1)[N+]([O-])=O,prism_treatment_info
3f472c8fb,BRD-K57371763-001-01-7,fidaxomicin,RNA polymerase inhibitor,0.3535772498733694,0.2877035738929956,0.0658736759803738,False,CC[C@H]1\C=C(C)/[C@@H](O)C\C=C\C=C(CO[C@@H]2O[C@H](C)[C@@H](OC(=O)c3c(O)c(Cl)c(O)c(Cl)c3CC)[C@H](O)[C@@H]2OC)\C(=O)O[C@H](C\C=C(C)\C=C(C)[C@H]1O[C@@H]1OC(C)(C)[C@@H](OC(=O)C(C)C)[C@H](O)[C@H]1O)[C@@H](C)O,prism_treatment_info
3f4bbc519,BRD-K17705806-003-04-4,JTC-801,opioid receptor antagonist,0.4087024622826851,0.3459396891473376,0.0627627731353475,False,"CCc1ccc(OCc2ccccc2C(=O)Nc2ccc3nc(C)cc(N)c3c2)cc1, CCc1ccc(OCc2ccccc2C(=O)Nc2ccc3nc(C)cc(N)c3c2)cc1, CCc1ccc(OCc2ccccc2C(=O)Nc2ccc3nc(C)cc(N)c3c2)cc1",prism_treatment_info
3f5098e6a,BRD-K14991967-001-02-6,GSK650394,serum/glucocorticoid regulated kinase inhibitor,0.3726837144018378,0.3438152777314348,0.028868436670403,False,"OC(=O)c1ccc(cc1C1CCCC1)-c1c[nH]c2ncc(cc12)-c1ccccc1, OC(=O)c1ccc(cc1C1CCCC1)-c1c[nH]c2ncc(cc12)-c1ccccc1, OC(=O)c1ccc(cc1C1CCCC1)-c1c[nH]c2ncc(cc12)-c1ccccc1",prism_treatment_info
3f60092bc,BRD-K19477839-001-07-6,SGX523,hepatocyte growth factor receptor inhibitor,0.378239189350579,0.3509221019365814,0.0273170874139975,False,Cn1cc(cn1)-c1ccc2nnc(Sc3ccc4ncccc4c3)n2n1,prism_treatment_info
3f7f6b800,BRD-K05236810-001-19-0,luteolin,glucosidase inhibitor,0.4411117104478426,0.3815981301242933,0.0595135803235493,False,Oc1cc(O)c2c(c1)oc(cc2=O)-c1ccc(O)c(O)c1,prism_treatment_info
3f8e9f8cf,BRD-K98357249-001-02-9,IRL-2500,endothelin receptor antagonist,0.3604774400841658,0.3380170244149835,0.0224604156691822,False,CN([C@H](Cc1ccc(cc1)-c1ccccc1)C(=O)N[C@@H](Cc1c[nH]c2ccccc12)C(O)=O)C(=O)c1cc(C)cc(C)c1,prism_treatment_info
3f9dd627f,BRD-K49328571-001-15-0,dasatinib,"Bcr-Abl kinase inhibitor, ephrin inhibitor, KIT inhibitor, PDGFR tyrosine kinase receptor inhibitor, src inhibitor, tyrosine kinase inhibitor",0.6499038625990881,0.4370271979716154,0.2128766646274726,True,"Cc1nc(Nc2ncc(s2)C(=O)Nc2c(C)cccc2Cl)cc(n1)N1CCN(CCO)CC1, Cc1nc(Nc2ncc(s2)C(=O)Nc2c(C)cccc2Cl)cc(n1)N1CCN(CCO)CC1",prism_treatment_info
3fa81b23a,BRD-K67277431-002-10-5,picotamide,"thromboxane receptor antagonist, thromboxane synthase inhibitor",0.3847458635285913,0.3221268560520982,0.0626190074764931,False,COc1ccc(cc1C(=O)NCc1cccnc1)C(=O)NCc1cccnc1,prism_treatment_info
3fab0ee6f,BRD-K54634444-001-05-9,artesunate,DNA synthesis inhibitor,0.322507854835491,0.3102639297842157,0.0122439250512752,False,"C[C@@H]1CC[C@H]2[C@@H](C)[C@H](OC(=O)CCC(O)=O)O[C@@H]3O[C@@]4(C)CC[C@@H]1[C@@]23OO4, C[C@@H]1CC[C@H]2[C@@H](C)[C@H](OC(=O)CCC(O)=O)O[C@@H]3O[C@@]4(C)CC[C@@H]1[C@@]23OO4",prism_treatment_info
3fadbae37,BRD-K58435339-001-03-0,AT13387,HSP antagonist,0.4557232731306445,0.44052970879336,0.0151935643372844,False,"CC(C)c1cc(C(=O)N2Cc3ccc(CN4CCN(C)CC4)cc3C2)c(O)cc1O, CC(C)c1cc(C(=O)N2Cc3ccc(CN4CCN(C)CC4)cc3C2)c(O)cc1O",prism_treatment_info
3fc86d9c1,BRD-K39503511-001-03-9,quiflapon,leukotriene synthesis inhibitor,0.3603440829627686,0.3146443891943779,0.0456996937683907,False,CC(C)(C)Sc1c(CC(C)(C)C(O)=O)n(Cc2ccc(Cl)cc2)c2ccc(OCc3ccc4ccccc4n3)cc12,prism_treatment_info
3fcf6c45a,BRD-K02407574-001-09-7,parbendazole,tubulin polymerization inhibitor,0.5465655901524034,0.543500851501622,0.0030647386507813,True,CCCCc1ccc2[nH]c(NC(=O)OC)nc2c1,prism_treatment_info
3fe1f2d3a,BRD-K33732501-004-01-0,methylnaltrexone,opioid receptor antagonist,0.3381122352942297,0.3205981751719774,0.0175140601222522,False,C[N@@+]1(CC2CC2)CC[C@@]23[C@H]4Oc5c2c(C[C@@H]1[C@@]3(O)CCC4=O)ccc5O,prism_treatment_info
3ff075492,BRD-K48488978-001-05-3,YM-201636,PI3K inhibitor,0.3960563815185276,0.3538409403740619,0.0422154411444656,False,Nc1ccc(cn1)C(=O)Nc1cccc(c1)-c1nc(N2CCOCC2)c2oc3ncccc3c2n1,prism_treatment_info
4022545bc,BRD-A95340155-001-09-7,methyclothiazide,chloride reabsorption inhibitor,0.347583371846885,0.3301369526235749,0.01744641922331,False,CN1C(CCl)Nc2cc(Cl)c(cc2S1(=O)=O)S(N)(=O)=O,prism_treatment_info
404af8899,BRD-K93632104-001-18-0,sodium-salicylate,prostanoid receptor antagonist,0.3165600842583762,0.3130378649935699,0.0035222192648063,False,"OC(=O)c1ccccc1O, OC(=O)c1ccccc1O",prism_treatment_info
404d8b3ae,BRD-K19171642-001-02-3,CP-91149,glycogen phosphorylase inhibitor,0.3024661999735042,0.2950881485455628,0.0073780514279414,False,CN(C)C(=O)[C@H](O)[C@H](Cc1ccccc1)NC(=O)c1cc2cc(Cl)ccc2[nH]1,prism_treatment_info
404e713a8,BRD-K56301217-001-07-4,ABT-737,BCL inhibitor,0.3443219509486752,0.336155264148488,0.0081666868001871,False,"CN(C)CC[C@H](CSc1ccccc1)Nc1ccc(cc1[N+]([O-])=O)S(=O)(=O)NC(=O)c1ccc(cc1)N1CCN(Cc2ccccc2-c2ccc(Cl)cc2)CC1, CN(C)CC[C@H](CSc1ccccc1)Nc1ccc(cc1[N+]([O-])=O)S(=O)(=O)NC(=O)c1ccc(cc1)N1CCN(Cc2ccccc2-c2ccc(Cl)cc2)CC1",prism_treatment_info
405277073,BRD-A83029242-001-05-3,prasugrel,purinergic receptor antagonist,0.3481433965286016,0.3238976258933149,0.0242457706352866,False,"CC(=O)Oc1cc2CN(CCc2s1)C(C(=O)C1CC1)c1ccccc1F, CC(=O)Oc1cc2CN(CCc2s1)C(C(=O)C1CC1)c1ccccc1F, CC(=O)Oc1cc2CN(CCc2s1)C(C(=O)C1CC1)c1ccccc1F, CC(=O)Oc1cc2CN(CCc2s1)C(C(=O)C1CC1)c1ccccc1F",prism_treatment_info
4055d26a8,BRD-K56735750-001-06-8,carbadox,other antibiotic,0.3716444623345664,0.308269963141881,0.0633744991926853,False,"COC(=O)N\N=C\c1c[n+]([O-])c2ccccc2[n+]1[O-], COC(=O)N\N=C\c1c[n+]([O-])c2ccccc2[n+]1[O-], COC(=O)N\N=C\c1c[n+]([O-])c2ccccc2[n+]1[O-]",prism_treatment_info
408ac68a0,BRD-K93524252-001-24-7,sulfamerazine,bacterial antifolate,0.4073272113536603,0.3675516602186896,0.0397755511349707,False,"Cc1ccnc(NS(=O)(=O)c2ccc(N)cc2)n1, Cc1ccnc(NS(=O)(=O)c2ccc(N)cc2)n1",prism_treatment_info
40accea77,BRD-A00993607-003-24-6,alprenolol,adrenergic receptor antagonist,0.3793501463435969,0.3663479043012309,0.0130022420423659,False,CC(C)NCC(O)COc1ccccc1CC=C,prism_treatment_info
40b109426,BRD-K78431006-001-10-2,crizotinib,ALK tyrosine kinase receptor inhibitor,0.4912093620236754,0.3535952249864511,0.1376141370372243,False,"C[C@@H](Oc1cc(cnc1N)-c1cnn(c1)C1CCNCC1)c1c(Cl)ccc(F)c1Cl, C[C@@H](Oc1cc(cnc1N)-c1cnn(c1)C1CCNCC1)c1c(Cl)ccc(F)c1Cl, C[C@@H](Oc1cc(cnc1N)-c1cnn(c1)C1CCNCC1)c1c(Cl)ccc(F)c1Cl",prism_treatment_info
40b490d82,BRD-K13044802-213-20-7,ciclopirox,membrane integrity inhibitor,0.4087448768925346,0.4040685685101022,0.0046763083824324,False,"Cc1cc(C2CCCCC2)n(O)c(=O)c1, Cc1cc(C2CCCCC2)n(O)c(=O)c1, Cc1cc(C2CCCCC2)n(O)c(=O)c1, Cc1cc(C2CCCCC2)n(O)c(=O)c1, Cc1cc(C2CCCCC2)n(O)c(=O)c1, Cc1cc(C2CCCCC2)n(O)c(=O)c1",prism_treatment_info
40b79dd0f,BRD-K14109347-001-03-4,LY2603618,CHK inhibitor,0.419929936465781,0.4010667266980696,0.0188632097677114,False,"Cc1cnc(NC(=O)Nc2cc(Br)c(C)cc2OC[C@@H]2CNCCO2)cn1, Cc1cnc(NC(=O)Nc2cc(Br)c(C)cc2OC[C@@H]2CNCCO2)cn1",prism_treatment_info
40b898b08,BRD-K74514084-001-03-9,pazopanib,"KIT inhibitor, PDGFR tyrosine kinase receptor inhibitor, VEGFR inhibitor",0.5258062938998986,0.4691162220339546,0.0566900718659439,True,"CN(c1ccc2c(C)n(C)nc2c1)c1ccnc(Nc2ccc(C)c(c2)S(N)(=O)=O)n1, CN(c1ccc2c(C)n(C)nc2c1)c1ccnc(Nc2ccc(C)c(c2)S(N)(=O)=O)n1",prism_treatment_info
40bfdfbb7,BRD-K26548821-003-10-5,quinpirol-(-),dopamine receptor agonist,0.3910972979561768,0.3300790880142663,0.0610182099419104,False,"CCCN1CCC[C@@H]2Cc3n[nH]cc3C[C@@H]12, CCCN1CCC[C@@H]2Cc3n[nH]cc3C[C@@H]12",prism_treatment_info
40f9caec1,BRD-K93869735-001-01-1,taltirelin,thyrotropin releasing hormone receptor agonist,0.3106590517517156,0.3027635454991936,0.007895506252522,False,CN1C(=O)C[C@H](NC1=O)C(=O)N[C@@H](Cc1cnc[nH]1)C(=O)N1CCC[C@H]1C(N)=O,prism_treatment_info
411184db3,BRD-K57169635-001-04-5,dacomitinib,EGFR inhibitor,0.382481096233882,0.3463123227299031,0.0361687735039788,False,COc1cc2ncnc(Nc3ccc(F)c(Cl)c3)c2cc1NC(=O)\C=C\CN1CCCCC1,prism_treatment_info
412428305,BRD-K26997899-001-02-2,D-64131,microtubule inhibitor,0.6321381659518235,0.6002564310707548,0.0318817348810687,True,COc1ccc2[nH]c(cc2c1)C(=O)c1ccccc1,prism_treatment_info
41267bb69,BRD-A28856712-003-26-0,tetrahydrozoline,adrenergic receptor agonist,0.2944886231925585,0.2881310515002046,0.0063575716923538,False,"C1CN=C(N1)C1CCCc2ccccc12, C1CN=C(N1)C1CCCc2ccccc12",prism_treatment_info
4163bb419,BRD-K55512740-001-01-6,MK-8033,c-Met inhibitor,0.4529474602542171,0.3898690946958748,0.0630783655583423,False,Cn1cc(cn1)-c1cnc2ccc3ccc(CS(=O)(=O)NCc4ccccn4)cc3c(=O)c2c1,prism_treatment_info
418057db7,BRD-K95412502-003-01-5,istaroxime,ATPase inhibitor,0.3018493357295972,0.2826820189902406,0.0191673167393566,False,C[C@]12CC[C@H]3[C@@H](CC(=O)[C@H]4C\C(CC[C@]34C)=N\OCCN)[C@@H]1CCC2=O,prism_treatment_info
420d7c087,BRD-K97010173-001-04-1,deferasirox,chelating agent,0.4133596631863229,0.356159962126855,0.0571997010594678,False,OC(=O)c1ccc(cc1)-n1nc(nc1-c1ccccc1O)-c1ccccc1O,prism_treatment_info
42446ee76,BRD-K95926480-003-03-6,SRT1720,SIRT activator,0.3914634357692438,0.356339341683582,0.0351240940856617,False,O=C(Nc1ccccc1-c1cn2c(CN3CCNCC3)csc2n1)c1cnc2ccccc2n1,prism_treatment_info
42591280c,BRD-K62456038-003-07-1,PD-128907,dopamine receptor agonist,0.3203947334008553,0.2799878944809922,0.040406838919863,False,"CCCN1CCO[C@H]2[C@@H]1COc1ccc(O)cc21, CCCN1CCO[C@@H]2[C@@H]1COc1ccc(O)cc21, CCCN1CCO[C@H]2[C@H]1COc1ccc(O)cc21",prism_treatment_info
425a7f158,BRD-K19085898-001-01-8,darapladib,phospholipase inhibitor,0.3265136612618529,0.3127271534603972,0.0137865078014556,False,CCN(CC)CCN(Cc1ccc(cc1)-c1ccc(cc1)C(F)(F)F)C(=O)Cn1c2CCCc2c(=O)nc1SCc1ccc(F)cc1,prism_treatment_info
4261791cf,BRD-A32673558-003-03-9,aceclidine,acetylcholine receptor agonist,0.3541795401270136,0.3219319162031936,0.0322476239238199,False,"CC(=O)OC1CN2CCC1CC2, CC(=O)OC1CN2CCC1CC2, CC(=O)OC1CN2CCC1CC2",prism_treatment_info
427005627,BRD-A29734509-011-13-6,disopyramide,sodium channel blocker,0.3199849209431622,0.317007910404687,0.0029770105384752,False,"CC(C)N(CCC(C(N)=O)(c1ccccc1)c1ccccn1)C(C)C, CC(C)N(CCC(C(N)=O)(c1ccccc1)c1ccccn1)C(C)C",prism_treatment_info
42800f350,BRD-K67637637-003-12-6,olopatadine,histamine receptor antagonist,0.4086494768070476,0.3640976352457588,0.0445518415612887,False,"CN(C)CC\C=C1\c2ccccc2COc2ccc(CC(O)=O)cc12, CN(C)CC\C=C1\c2ccccc2COc2ccc(CC(O)=O)cc12",prism_treatment_info
4297c90d6,BRD-K54790157-001-15-5,trioxsalen,DNA synthesis inhibitor,0.3818776968469429,0.33361329529142,0.0482644015555229,False,Cc1cc2cc3c(C)cc(=O)oc3c(C)c2o1,prism_treatment_info
42c300b4e,BRD-K41213548-001-02-0,KW-2478,HSP inhibitor,0.4102339741138388,0.3396153992394769,0.0706185748743619,False,CCc1c(O)cc(O)c(C(=O)c2ccc(OCCN3CCOCC3)c(OC)c2)c1CC(=O)N(CCOC)CCOC,prism_treatment_info
42c4f2a5a,BRD-K68174511-001-06-6,torin-2,mTOR inhibitor,0.3836857021260487,0.3778461347598063,0.0058395673662424,False,"Nc1ccc(cn1)-c1ccc2ncc3ccc(=O)n(-c4cccc(c4)C(F)(F)F)c3c2c1, Nc1ccc(cn1)-c1ccc2ncc3ccc(=O)n(-c4cccc(c4)C(F)(F)F)c3c2c1",prism_treatment_info
42cf06e23,BRD-K67217586-001-08-0,fenthion,cholinesterase inhibitor,0.2971660116067731,0.2732796159111973,0.0238863956955757,False,COP(=S)(OC)Oc1ccc(SC)c(C)c1,prism_treatment_info
42d153ebb,BRD-K78126613-001-28-5,menadione,"mitochondrial DNA polymerase inhibitor, phosphatase inhibitor",0.4131379462974573,0.3667396953932349,0.0463982509042224,False,"CC1=CC(=O)c2ccccc2C1=O, CC1=CC(=O)c2ccccc2C1=O, CC1=CC(=O)c2ccccc2C1=O",prism_treatment_info
42e08cf8e,BRD-K18948558-001-01-9,clevudine,DNA polymerase inhibitor,0.3035752958773445,0.2980339231403696,0.0055413727369748,False,Cc1cn([C@H]2O[C@@H](CO)[C@H](O)[C@@H]2F)c(=O)[nH]c1=O,prism_treatment_info
42e5e3f31,BRD-K62627508-001-01-5,idasanutlin,MDM inhibitor,0.8312001329007584,0.3309865753467522,0.5002135575540062,True,COc1cc(ccc1NC(=O)[C@@H]1N[C@@H](CC(C)(C)C)[C@@](C#N)([C@H]1c1cccc(Cl)c1F)c1ccc(Cl)cc1F)C(O)=O,prism_treatment_info
42feaa183,BRD-K82036761-003-20-3,sertraline,selective serotonin reuptake inhibitor (SSRI),0.3275953387761157,0.3027781494471252,0.0248171893289905,False,"CN[C@H]1CC[C@@H](c2ccc(Cl)c(Cl)c2)c2ccccc12, CN[C@H]1CC[C@@H](c2ccc(Cl)c(Cl)c2)c2ccccc12, CN[C@H]1CC[C@@H](c2ccc(Cl)c(Cl)c2)c2ccccc12, CN[C@H]1CC[C@@H](c2ccc(Cl)c(Cl)c2)c2ccccc12",prism_treatment_info
431887012,BRD-A38218502-001-01-2,metenkephalin,immunostimulant,0.3332586122519494,0.3165247577858394,0.01673385446611,False,CSCCC(NC(=O)C(Cc1ccccc1)NC(=O)CNC(=O)CNC(=O)C(N)Cc1ccc(O)cc1)C(O)=O,prism_treatment_info
431a59ec3,BRD-K62456038-003-07-1,PD-128907,dopamine receptor agonist,0.3570544293867672,0.3405541513966261,0.0165002779901411,False,"CCCN1CCO[C@H]2[C@@H]1COc1ccc(O)cc21, CCCN1CCO[C@@H]2[C@@H]1COc1ccc(O)cc21, CCCN1CCO[C@H]2[C@H]1COc1ccc(O)cc21",prism_treatment_info
4328879b2,BRD-K90993449-001-02-7,KRN-633,VEGFR inhibitor,0.6382304311964656,0.5763028637146151,0.0619275674818504,True,CCCNC(=O)Nc1ccc(Oc2ncnc3cc(OC)c(OC)cc23)cc1Cl,prism_treatment_info
4345594a7,BRD-K48068743-001-01-6,teneligliptin,dipeptidyl peptidase inhibitor,0.3291383041379654,0.3265242387411262,0.0026140653968392,False,Cc1cc(N2CCN(CC2)[C@@H]2CN[C@@H](C2)C(=O)N2CCSC2)n(n1)-c1ccccc1,prism_treatment_info
43569d857,BRD-K66937583-001-01-2,lodoxamide,histamine receptor antagonist,0.3797881744857555,0.34629916505266,0.0334890094330955,False,OC(=O)C(=O)Nc1cc(cc(NC(=O)C(O)=O)c1Cl)C#N,prism_treatment_info
437a5bd76,BRD-K44844162-001-01-6,taselisib,PI3K inhibitor,0.5340659717425552,0.4595463781556065,0.0745195935869487,True,CC(C)n1nc(C)nc1-c1cn2CCOc3cc(ccc3-c2n1)-c1cnn(c1)C(C)(C)C(N)=O,prism_treatment_info
439764b4a,BRD-K25317177-065-01-4,modaline,,0.3414166949485179,0.3395007543726112,0.0019159405759067,False,Cc1nccnc1N1CCCCC1,prism_treatment_info
43e769029,BRD-K55305701-001-01-2,SC-144,P glycoprotein inhibitor,0.4139391358733021,0.4134786090719747,0.0004605268013273,False,"Fc1ccc2c(c1)nc(NNC(=O)c1cnccn1)c1cccn21, Fc1ccc2c(c1)nc(NNC(=O)c1cnccn1)c1cccn21, Fc1ccc2c(c1)nc(NNC(=O)c1cnccn1)c1cccn21",prism_treatment_info
43e771cca,BRD-A74667430-001-23-6,etodolac,cyclooxygenase inhibitor,0.3617746488333526,0.3054370841255131,0.0563375647078395,False,"CCc1cccc2c3CCOC(CC)(CC(O)=O)c3[nH]c12, CCc1cccc2c3CCOC(CC)(CC(O)=O)c3[nH]c12",prism_treatment_info
4412f3146,BRD-K14349461-003-13-1,pyridoxine,vitamin B,0.3666888763505483,0.285839369049556,0.0808495073009922,False,"Cc1ncc(CO)c(CO)c1O, Cc1ncc(CO)c(CO)c1O",prism_treatment_info
441fbc224,BRD-K28965160-001-01-1,BVD-523,MAP kinase inhibitor,0.6377262703868438,0.5123859321592475,0.1253403382275962,True,CC(C)Nc1cc(-c2c[nH]c(c2)C(=O)N[C@H](CO)c2cccc(Cl)c2)c(Cl)cn1,prism_treatment_info
44312df3f,BRD-K30114692-001-15-9,methenamine,bacterial DNA inhibitor,0.3571667452499308,0.3356216467490122,0.0215450985009186,False,"C1N2CN3CN1CN(C2)C3, C1N2CN3CN1CN(C2)C3",prism_treatment_info
4469358b7,BRD-K73237276-001-01-0,tacalcitol,vitamin D receptor agonist,0.3038361252215118,0.2948761628283743,0.0089599623931375,False,CC(C)[C@H](O)CC[C@@H](C)[C@H]1CC[C@@H]2[C@]1(C)CCC\C2=C/C=C1/C[C@@H](O)C[C@H](O)C1=C,prism_treatment_info
44821ddca,BRD-K21361524-001-01-1,selinexor,exportin antagonist,0.3663091711956736,0.3478539370051708,0.0184552341905027,False,FC(F)(F)c1cc(cc(c1)C(F)(F)F)-c1ncn(\C=C/C(=O)NNc2cnccn2)n1,prism_treatment_info
44861c09d,BRD-K33226500-001-01-0,indinavir,HIV protease inhibitor,0.3984433339277463,0.3907194797184186,0.0077238542093276,False,CC(C)(C)NC(=O)[C@@H]1CN(Cc2cccnc2)CCN1C[C@@H](O)C[C@@H](Cc1ccccc1)C(=O)N[C@@H]1[C@H](O)Cc2ccccc12,prism_treatment_info
44bba684f,BRD-A50764878-003-02-8,MDL-73005EF,serotonin receptor antagonist,0.34567671892688,0.3275174100982947,0.0181593088285852,False,O=C1CC2(CCCC2)CC(=O)N1CCNCC1COc2ccccc2O1,prism_treatment_info
44fa43b03,BRD-A08715367-001-01-7,L-Theanine,glutamate receptor antagonist,0.4103621706096995,0.2667521529377337,0.1436100176719658,False,CCNC(=O)CCC(N)C(O)=O,prism_treatment_info
4501c0f05,BRD-K52075715-001-06-7,oxibendazole,tubulin polymerization inhibitor,0.5915246599740281,0.5662868994322589,0.0252377605417692,True,"CCCOc1ccc2nc(NC(=O)OC)[nH]c2c1, CCCOc1ccc2nc(NC(=O)OC)[nH]c2c1",prism_treatment_info
45028a46a,BRD-K49962337-001-01-1,baicalin,beta glucuronidase inhibitor,0.4576155923082058,0.3726800628401017,0.0849355294681041,False,"O[C@H]1[C@H](Oc2cc3oc(cc(=O)c3c(O)c2O)-c2ccccc2)O[C@@H]([C@@H](O)[C@@H]1O)C(O)=O, O[C@H]1[C@H](Oc2cc3oc(cc(=O)c3c(O)c2O)-c2ccccc2)O[C@@H]([C@@H](O)[C@@H]1O)C(O)=O",prism_treatment_info
451edfe72,BRD-K65877271-001-01-8,halobetasol-propionate,glucocorticoid receptor agonist,0.3601777000633837,0.3292839439652923,0.0308937560980913,False,CCC(=O)O[C@]1([C@@H](C)C[C@H]2[C@@H]3C[C@H](F)C4=CC(=O)C=C[C@]4(C)[C@]3(F)[C@H](O)C[C@]12C)C(=O)CCl,prism_treatment_info
4521062d2,BRD-K96936751-001-01-4,bretazenil,GABA benzodiazepine site receptor partial agonist,0.3352124414366082,0.3295894557386807,0.0056229856979275,False,"CC(C)(C)OC(=O)c1ncn-2c1[C@@H]1CCCN1C(=O)c1c(Br)cccc-21, CC(C)(C)OC(=O)c1ncn-2c1[C@@H]1CCCN1C(=O)c1c(Br)cccc-21",prism_treatment_info
4551cb051,BRD-A77577770-003-08-9,palmitoylcarnitine,protein kinase inhibitor,0.332787289740923,0.3201356221688335,0.0126516675720895,False,CCCCCCCCCCCCCCCC(=O)OC(CC(O)=O)C[N+](C)(C)C,prism_treatment_info
4560cc651,BRD-K69035426-001-01-3,omeprazole-sulfide,ATPase inhibitor,0.3840920139639407,0.3833074728660008,0.0007845410979399,False,COc1ccc2nc(SCc3ncc(C)c(OC)c3C)[nH]c2c1,prism_treatment_info
456e54186,BRD-K62676709-065-05-5,guanethidine,adrenergic inhibitor,0.3185966027439144,0.3013730771548951,0.0172235255890192,False,"NC(=N)NCCN1CCCCCCC1, NC(=N)NCCN1CCCCCCC1",prism_treatment_info
45792bf48,BRD-A49399758-015-01-8,desmopressin-acetate,vasopressin receptor agonist,0.2624033033182916,0.2578967059092645,0.004506597409027,False,NC(=O)CCC1NC(=O)C(Cc2ccccc2)NC(=O)C(Cc2ccc(O)cc2)NC(=O)CCSSCC(NC(=O)C(CC(N)=O)NC1=O)C(=O)N1CCCC1C(=O)NC(CCCNC(N)=N)C(=O)NCC(N)=O,prism_treatment_info
45bc7100a,BRD-K31627533-001-09-5,rimexolone,glucocorticoid receptor agonist,0.4336341779112425,0.33795212118052,0.0956820567307225,False,CCC(=O)[C@@]1(C)[C@H](C)C[C@H]2[C@@H]3CCC4=CC(=O)C=C[C@]4(C)[C@H]3[C@@H](O)C[C@]12C,prism_treatment_info
45d1a70c4,BRD-A41995253-001-04-5,brucine,glycine receptor antagonist,0.3418408162930584,0.3142777265317099,0.0275630897613485,False,"COc1cc2N3C4[C@@H]5C(CC3=O)OCC=C3CN6CC[C@]4([C@@H]6C[C@H]53)c2cc1OC, COc1cc2N3C4[C@@H]5C(CC3=O)OCC=C3CN6CC[C@]4([C@@H]6C[C@H]53)c2cc1OC, COc1cc2N3C4[C@@H]5C(CC3=O)OCC=C3CN6CC[C@]4([C@@H]6C[C@H]53)c2cc1OC",prism_treatment_info
4634a07d1,BRD-A66116161-001-02-3,AM-1241,cannabinoid receptor agonist,0.4142169090349217,0.3551216591224339,0.0590952499124878,False,CN1CCCCC1Cn1cc(C(=O)c2cc(ccc2I)[N+]([O-])=O)c2ccccc12,prism_treatment_info
4659b933e,BRD-K66956375-001-11-3,oleoylethanolamide,"cannabinoid receptor agonist, glucose dependent insulinotropic receptor agonist, potassium channel blocker, PPAR receptor agonist",0.2754073207772829,0.2374769882697302,0.0379303325075526,False,CCCCCCCC\C=C/CCCCCCCC(=O)NCCO,prism_treatment_info
465a867a2,BRD-K59284035-001-07-9,chrysophanic-acid,EGFR inhibitor,0.4002660538874997,0.3317185402441404,0.0685475136433593,False,Cc1cc(O)c2C(=O)c3c(O)cccc3C(=O)c2c1,prism_treatment_info
467d5ebde,BRD-K16810791-001-01-0,LGK-974,porcupine inhibitor,0.2649218851687097,0.2624869488984685,0.0024349362702411,False,Cc1cc(ccn1)-c1ncc(CC(=O)Nc2ccc(cn2)-c2cnccn2)cc1C,prism_treatment_info
468ffed3e,BRD-K60184833-001-05-6,tyrphostin-AG-99,tyrosine kinase inhibitor,0.4448332130533211,0.4202581331787857,0.0245750798745353,False,NC(=O)C(=C\c1ccc(O)c(O)c1)\C#N,prism_treatment_info
469c117fb,BRD-K80082640-001-01-0,otamixaban,coagulation factor inhibitor,0.3275527759966042,0.2554187468928388,0.0721340291037654,False,COC(=O)[C@H](Cc1cccc(c1)C(N)=N)[C@@H](C)NC(=O)c1ccc(cc1)-c1cc[n+]([O-])cc1,prism_treatment_info
46ada8311,BRD-K28456624-001-01-1,seocalcitol,vitamin D receptor agonist,0.3466402543709176,0.3092815070316028,0.0373587473393147,False,"CCC(O)(CC)\C=C\C=C\[C@@H](C)[C@H]1CC[C@@H]2[C@]1(C)CCC\C2=C/C=C1/C[C@@H](O)C[C@H](O)C1=C, CCC(O)(CC)\C=C\C=C\[C@@H](C)[C@H]1CC[C@@H]2[C@]1(C)CCC\C2=C/C=C1/C[C@@H](O)C[C@H](O)C1=C",prism_treatment_info
46befd494,BRD-K76805682-001-15-9,SB-415286,glycogen synthase kinase inhibitor,0.3142259487672285,0.3073054729465768,0.0069204758206516,False,"Oc1ccc(NC2=C(C(=O)NC2=O)c2ccccc2[N+]([O-])=O)cc1Cl, Oc1ccc(NC2=C(C(=O)NC2=O)c2ccccc2[N+]([O-])=O)cc1Cl, Oc1ccc(NC2=C(C(=O)NC2=O)c2ccccc2[N+]([O-])=O)cc1Cl",prism_treatment_info
46d0c83d4,BRD-K92844263-001-09-8,triacetin,,0.3199466017745964,0.2916790485535911,0.0282675532210052,False,CC(=O)OCC(COC(C)=O)OC(C)=O,prism_treatment_info
46ef1d590,BRD-K76037122-001-02-5,guanidine,HSP inhibitor,0.3350039127275169,0.2610345206924424,0.0739693920350744,False,"NC(N)=N, NC(N)=N",prism_treatment_info
472eaa5fd,BRD-K78844995-001-02-6,N-[2-(Piperidinylamino)ethyl]-4-iodobenzamide,sigma receptor ligand,0.3185672425529234,0.317119045566384,0.0014481969865393,False,Ic1ccc(cc1)C(=O)NCCN1CCCCC1,prism_treatment_info
47324d95c,BRD-A08079565-001-01-8,CDBA,,0.3269734917371053,0.3042802534243458,0.0226932383127594,False,OCC1OC2OC3C(CO)OC(OC4C(CO)OC(OC5C(CO)OC(OC6C(CO)OC(OC7C(CO)OC(OC8C(CO)OC(OC1C(O)C2O)C(O)C8O)C(O)C7O)C(O)C6O)C(O)C5O)C(O)C4O)C(O)C3O,prism_treatment_info
474256f71,BRD-K39915878-036-24-4,loxapine,"dopamine receptor antagonist, serotonin receptor antagonist",0.3644502630149347,0.3337659866706371,0.0306842763442976,False,"CN1CCN(CC1)C1=Nc2ccccc2Oc2ccc(Cl)cc12, CN1CCN(CC1)C1=Nc2ccccc2Oc2ccc(Cl)cc12",prism_treatment_info
47547f290,BRD-K56543881-001-02-7,ADX-47273,glutamate receptor modulator,0.3224016455865376,0.2972542403015821,0.0251474052849554,False,Fc1ccc(cc1)C(=O)N1CCC[C@@H](C1)c1nc(no1)-c1ccc(F)cc1,prism_treatment_info
475c5fedb,BRD-K51263939-001-08-6,sarcosine,Glycine transporter 1 inhibitor,0.3669510711246256,0.302470976551326,0.0644800945732996,False,CNCC(O)=O,prism_treatment_info
477387cad,BRD-K56291712-001-01-0,voxtalisib,"mTOR inhibitor, PI3K inhibitor",0.3461330092986142,0.2463223824137909,0.0998106268848232,False,CCn1c2nc(N)nc(C)c2cc(-c2cc[nH]n2)c1=O,prism_treatment_info
47790ff22,BRD-K16077845-001-06-1,fentiazac,cyclooxygenase inhibitor,0.3671205772044313,0.349912368637893,0.0172082085665382,False,OC(=O)Cc1sc(nc1-c1ccc(Cl)cc1)-c1ccccc1,prism_treatment_info
4787e9cc1,BRD-K51040301-001-02-1,cobicistat,cytochrome P450 inhibitor,0.3442240281906819,0.3033020601233118,0.04092196806737,False,CC(C)c1nc(CN(C)C(=O)N[C@@H](CCN2CCOCC2)C(=O)N[C@H](CC[C@H](Cc2ccccc2)NC(=O)OCc2cncs2)Cc2ccccc2)cs1,prism_treatment_info
47a47ee49,BRD-A51829654-003-07-7,BRL-15572,serotonin receptor antagonist,0.2667283118251605,0.2477135473258579,0.0190147644993026,False,"OC(CN1CCN(CC1)c1cccc(Cl)c1)C(c1ccccc1)c1ccccc1, OC(CN1CCN(CC1)c1cccc(Cl)c1)C(c1ccccc1)c1ccccc1, OC(CN1CCN(CC1)c1cccc(Cl)c1)C(c1ccccc1)c1ccccc1",prism_treatment_info
47bcdff9d,BRD-K75608666-001-08-3,hydroxytoluic-acid,,0.3287418609598305,0.3196779646772724,0.0090638962825581,False,Cc1cccc(C(O)=O)c1O,prism_treatment_info
47c8f5451,BRD-K97884852-001-05-4,malotilate,protein synthesis stimulant,0.3333795351903547,0.3308711776778191,0.0025083575125355,False,CC(C)OC(=O)C(C(=O)OC(C)C)=C1SC=CS1,prism_treatment_info
47dd8f190,BRD-K85066592-001-01-6,gly-gln,,0.3861270215750512,0.3405864633712083,0.0455405582038429,False,NCC(=O)N[C@@H](CCC(N)=O)C(O)=O,prism_treatment_info
4801f27e4,BRD-U48018661-000-01-9,tyloxapol,NFkB pathway inhibitor,0.455534931961524,0.3465359914917502,0.1089989404697738,False,"C=O.C1CO1.CC(C)(C)CC(C)(C)c1ccc(O)cc1, , , C=O.C1CO1.CC(C)(C)CC(C)(C)c1ccc(O)cc1",prism_treatment_info
4802079fd,BRD-K56543881-001-02-7,ADX-47273,glutamate receptor modulator,0.3860469965168907,0.3573753602025879,0.0286716363143028,False,Fc1ccc(cc1)C(=O)N1CCC[C@@H](C1)c1nc(no1)-c1ccc(F)cc1,prism_treatment_info
4807560f3,BRD-K55191674-237-18-3,benzylpenicillin,penicillin binding protein inhibitor,0.3405984977624168,0.3279960744514132,0.0126024233110036,False,"CC1(C)S[C@@H]2[C@H](NC(=O)Cc3ccccc3)C(=O)N2[C@H]1C(O)=O, CC1(C)S[C@@H]2[C@H](NC(=O)Cc3ccccc3)C(=O)N2[C@H]1C(O)=O, CC1(C)S[C@@H]2[C@H](NC(=O)Cc3ccccc3)C(=O)N2[C@H]1C(O)=O",prism_treatment_info
481a0c086,BRD-A82522119-001-01-7,tibolone,"androgen receptor agonist, estrogen receptor agonist, progesterone receptor agonist",0.3069929005442194,0.2701184792248575,0.0368744213193619,False,C[C@@H]1CC2=C(CCC(=O)C2)[C@H]2CC[C@@]3(C)[C@H](CC[C@@]3(O)C#C)C12,prism_treatment_info
482308b86,BRD-K79425933-001-09-3,benperidol,dopamine receptor antagonist,0.3350128551905018,0.2932896477720877,0.041723207418414,False,Fc1ccc(cc1)C(=O)CCCN1CCC(CC1)n1c2ccccc2[nH]c1=O,prism_treatment_info
4829fcc7c,BRD-K50498985-001-03-3,taladegib,smoothened receptor antagonist,0.387767361508621,0.3417229496075448,0.0460444119010762,False,CN(C1CCN(CC1)c1nnc(-c2ccnn2C)c2ccccc12)C(=O)c1ccc(F)cc1C(F)(F)F,prism_treatment_info
483b8fd13,BRD-K72029282-001-22-0,probucol,atherogenesis inhibitor,0.3515004213555265,0.3174283084604776,0.0340721128950489,False,"CC(C)(Sc1cc(c(O)c(c1)C(C)(C)C)C(C)(C)C)Sc1cc(c(O)c(c1)C(C)(C)C)C(C)(C)C, CC(C)(Sc1cc(c(O)c(c1)C(C)(C)C)C(C)(C)C)Sc1cc(c(O)c(c1)C(C)(C)C)C(C)(C)C",prism_treatment_info
48664aa93,BRD-K59184148-001-21-6,SB-216763,glycogen synthase kinase inhibitor,0.29629792406822,0.2772716419192917,0.0190262821489282,False,"Cn1cc(C2=C(C(=O)NC2=O)c2ccc(Cl)cc2Cl)c2ccccc12, Cn1cc(C2=C(C(=O)NC2=O)c2ccc(Cl)cc2Cl)c2ccccc12",prism_treatment_info
486f27ec6,BRD-K06749501-001-02-1,GSK1838705A,insulin growth factor receptor inhibitor,0.3647527243767101,0.3051606464747519,0.0595920779019582,False,"CNC(=O)c1c(F)cccc1Nc1nc(Nc2cc3N(CCc3cc2OC)C(=O)CN(C)C)nc2[nH]ccc12, CNC(=O)c1c(F)cccc1Nc1nc(Nc2cc3N(CCc3cc2OC)C(=O)CN(C)C)nc2[nH]ccc12, CNC(=O)c1c(F)cccc1Nc1nc(Nc2cc3N(CCc3cc2OC)C(=O)CN(C)C)nc2[nH]ccc12",prism_treatment_info
487085904,BRD-K23952234-236-01-8,BMS-986020,lysophosphatidic acid receptor antagonist,0.3976910120202423,0.2759093769653823,0.12178163505486,False,"C[C@@H](OC(=O)Nc1c(C)noc1-c1ccc(cc1)-c1ccc(CC(O)=O)cc1)c1ccccc1, C[C@@H](OC(=O)Nc1c(C)noc1-c1ccc(cc1)-c1ccc(CC(O)=O)cc1)c1ccccc1, C[C@@H](OC(=O)Nc1c(C)noc1-c1ccc(cc1)-c1ccc(CC(O)=O)cc1)c1ccccc1",prism_treatment_info
48847260e,BRD-K80653534-001-01-7,N-acetyl-D-glucosamine,,0.3237410399697734,0.3100849891029492,0.0136560508668241,False,CC(=O)N[C@@H](C=O)[C@@H](O)[C@H](O)[C@H](O)CO,prism_treatment_info
489747d1a,BRD-K38350380-001-01-8,FK-3311,cyclooxygenase inhibitor,0.3549047414897375,0.3480321494838448,0.0068725920058927,False,CC(=O)c1ccc(NS(C)(=O)=O)c(Oc2ccc(F)cc2F)c1,prism_treatment_info
48b540088,BRD-K03294269-001-08-0,NU6027,CDK inhibitor,0.3204251397903217,0.3198909940888816,0.0005341457014401,False,Nc1nc(N)c([N+][O-])c(OCC2CCCCC2)n1,prism_treatment_info
48c0a5bd2,BRD-A30403214-001-03-3,edelfosine,phospholipase inhibitor,0.296650906337287,0.2869617175489415,0.0096891887883455,False,"CCCCCCCCCCCCCCCCCCOC[C@H](COP(O)(=O)OCC[N+](C)(C)C)OC, CCCCCCCCCCCCCCCCCCOC[C@H](COP(O)(=O)OCC[N+](C)(C)C)OC",prism_treatment_info
48f7eba68,BRD-A87715314-003-14-4,pronethalol,adrenergic receptor antagonist,0.3233695738808639,0.2725054265317058,0.0508641473491581,False,"CC(C)NCC(O)c1ccc2ccccc2c1, CC(C)NCC(O)c1ccc2ccccc2c1",prism_treatment_info
490044d70,BRD-K31841515-001-07-8,oxypurinol,xanthine oxidase inhibitor,0.3513325480329823,0.3327113505954765,0.0186211974375058,False,O=c1[nH]c2n[nH]cc2c(=O)[nH]1,prism_treatment_info
4922f3f06,BRD-K85554912-001-08-9,ivermectin,benzodiazepine receptor agonist,0.4160448410346369,0.3542802641372736,0.0617645768973633,False,"CC[C@H](C)[C@H]1O[C@]2(CC[C@@H]1C)C[C@@H]1C[C@@H](C\C=C(C)\[C@@H](O[C@H]3C[C@H](OC)[C@@H](O[C@H]4C[C@H](OC)[C@@H](O)[C@H](C)O4)[C@H](C)O3)[C@@H](C)\C=C\C=C3/CO[C@@H]4[C@H](O)C(C)=C[C@@H](C(=O)O1)[C@]34O)O2, CC[C@H](C)[C@H]1O[C@]2(CC[C@@H]1C)C[C@@H]1C[C@@H](C\C=C(C)\[C@@H](O[C@H]3C[C@H](OC)[C@@H](O[C@H]4C[C@H](OC)[C@@H](O)[C@H](C)O4)[C@H](C)O3)[C@@H](C)\C=C\C=C3/CO[C@@H]4[C@H](O)C(C)=C[C@@H](C(=O)O1)[C@]34O)O2, CC[C@H](C)[C@H]1O[C@]2(CC[C@@H]1C)C[C@@H]1C[C@@H](C\C=C(C)\[C@@H](O[C@H]3C[C@H](OC)[C@@H](O[C@H]4C[C@H](OC)[C@@H](O)[C@H](C)O4)[C@H](C)O3)[C@@H](C)\C=C\C=C3/CO[C@@H]4[C@H](O)C(C)=C[C@@H](C(=O)O1)[C@]34O)O2, CC[C@H](C)[C@H]1O[C@]2(CC[C@@H]1C)C[C@@H]1C[C@@H](C\C=C(C)\[C@@H](O[C@H]3C[C@H](OC)[C@@H](O[C@H]4C[C@H](OC)[C@@H](O)[C@H](C)O4)[C@H](C)O3)[C@@H](C)\C=C\C=C3/CO[C@@H]4[C@H](O)C(C)=C[C@@H](C(=O)O1)[C@]34O)O2",prism_treatment_info
493686b6a,BRD-K13390322-001-06-3,AT-7519,CDK inhibitor,0.5343084565817952,0.5311537958300994,0.0031546607516957,True,Clc1cccc(Cl)c1C(=O)Nc1c[nH]nc1C(=O)NC1CCNCC1,prism_treatment_info
497160e06,BRD-K49350383-001-13-7,thioguanine,purine antagonist,0.4334924768568076,0.4183139960238614,0.0151784808329461,False,"Nc1nc2nc[nH]c2c(=S)[nH]1, Nc1nc2nc[nH]c2c(=S)[nH]1, Nc1nc2nc[nH]c2c(=S)[nH]1",prism_treatment_info
49b0fc6d7,BRD-K87827419-001-16-8,melphalan,"DNA alkylating agent, DNA inhibitor",0.4460324576603731,0.4197946383958979,0.0262378192644751,False,"N[C@@H](Cc1ccc(cc1)N(CCCl)CCCl)C(O)=O, N[C@@H](Cc1ccc(cc1)N(CCCl)CCCl)C(O)=O",prism_treatment_info
49bd142d9,BRD-K21160401-065-01-0,dextroamphetamine,monoamine oxidase inhibitor,0.3447561122761365,0.3369056878285261,0.0078504244476104,False,C[C@H](N)Cc1ccccc1,prism_treatment_info
49cea36e7,BRD-A41451487-001-11-2,PK-11195,benzodiazepine receptor antagonist,0.3502340523464344,0.3333654397090149,0.0168686126374194,False,"CCC(C)N(C)C(=O)c1cc2ccccc2c(n1)-c1ccccc1Cl, CCC(C)N(C)C(=O)c1cc2ccccc2c(n1)-c1ccccc1Cl",prism_treatment_info
49db5dad6,BRD-K69001009-001-02-8,golvatinib,VEGFR inhibitor,0.650112417192098,0.599602533448437,0.050509883743661,True,CN1CCN(CC1)C1CCN(CC1)C(=O)Nc1cc(Oc2ccc(NC(=O)C3(CC3)C(=O)Nc3ccc(F)cc3)c(F)c2)ccn1,prism_treatment_info
4a1fafc76,BRD-A86414188-003-01-5,ractopamine,adrenergic receptor agonist,0.3741384063898514,0.3000731109158135,0.0740652954740379,False,"CC(CCc1ccc(O)cc1)NCC(O)c1ccc(O)cc1, CC(CCc1ccc(O)cc1)NCC(O)c1ccc(O)cc1",prism_treatment_info
4a3595082,BRD-A23359898-003-10-0,sibutramine,serotonin-norepinephrine reuptake inhibitor (SNRI),0.3762312346749842,0.2884344333798855,0.0877968012950987,False,"CC(C)CC(N(C)C)C1(CCC1)c1ccc(Cl)cc1, CC(C)CC(N(C)C)C1(CCC1)c1ccc(Cl)cc1",prism_treatment_info
4a65421e6,BRD-A23359898-003-10-0,sibutramine,serotonin-norepinephrine reuptake inhibitor (SNRI),0.3715166889893572,0.3588063356839412,0.012710353305416,False,"CC(C)CC(N(C)C)C1(CCC1)c1ccc(Cl)cc1, CC(C)CC(N(C)C)C1(CCC1)c1ccc(Cl)cc1",prism_treatment_info
4a75f1d42,BRD-K02965577-001-03-4,secalciferol,vitamin D receptor agonist,0.3678494686436154,0.2712395219815018,0.0966099466621135,False,C[C@H](CC[C@@H](O)C(C)(C)O)[C@H]1CC[C@@H]2[C@]1(C)CCC\C2=C/C=C1/C[C@@H](O)CCC1=C,prism_treatment_info
4a7e5be3e,BRD-A38218502-001-01-2,metenkephalin,immunostimulant,0.344572649439272,0.3367151424739373,0.0078575069653347,False,CSCCC(NC(=O)C(Cc1ccccc1)NC(=O)CNC(=O)CNC(=O)C(N)Cc1ccc(O)cc1)C(O)=O,prism_treatment_info
4a8eda087,BRD-K11853856-001-01-7,PJ-34,PARP inhibitor,0.3702787006257763,0.334001940695051,0.0362767599307252,False,"CN(C)CC(=O)Nc1ccc2[nH]c(=O)c3ccccc3c2c1, CN(C)CC(=O)Nc1ccc2[nH]c(=O)c3ccccc3c2c1, CN(C)CC(=O)Nc1ccc2[nH]c(=O)c3ccccc3c2c1",prism_treatment_info
4a93cfbbb,BRD-K76845197-001-05-4,sulfanitran,,0.329589358211414,0.3115758823415239,0.0180134758698901,False,CC(=O)Nc1ccc(cc1)S(=O)(=O)Nc1ccc(cc1)[N+]([O-])=O,prism_treatment_info
4b09bc266,BRD-K49350383-001-13-7,thioguanine,purine antagonist,0.4957110310149797,0.4514073413621675,0.0443036896528121,False,"Nc1nc2nc[nH]c2c(=S)[nH]1, Nc1nc2nc[nH]c2c(=S)[nH]1, Nc1nc2nc[nH]c2c(=S)[nH]1",prism_treatment_info
4b138d0a8,BRD-K13756951-001-01-4,bitopertin,"glycine transporter inhibitor, GlyT-1 inhibitor",0.4177500164124965,0.3903598621265536,0.0273901542859429,False,C[C@H](Oc1ccc(cc1C(=O)N1CCN(CC1)c1ncc(cc1F)C(F)(F)F)S(C)(=O)=O)C(F)(F)F,prism_treatment_info
4b23ef6df,BRD-K88759641-003-02-8,EMD-66684,angiotensin receptor antagonist,0.3515324478338308,0.3494006234740747,0.0021318243597561,False,"CCCCc1nc2ccn(CC(=O)N(C)C)c(=O)c2n1Cc1ccc(cc1)-c1ccccc1-c1nnn[nH]1, CCCCc1nc2ccn(CC(=O)N(C)C)c(=O)c2n1Cc1ccc(cc1)-c1ccccc1-c1nnn[nH]1",prism_treatment_info
4b3c59823,BRD-A00993607-003-24-6,alprenolol,adrenergic receptor antagonist,0.3081719334577265,0.2960061493315864,0.01216578412614,False,CC(C)NCC(O)COc1ccccc1CC=C,prism_treatment_info
4b51017d8,BRD-A09925278-003-05-6,etilefrine,adrenergic receptor agonist,0.3115392672821525,0.3031519233848749,0.0083873438972775,False,CCNCC(O)c1cccc(O)c1,prism_treatment_info
4b54571e4,BRD-A20644369-001-08-6,canrenone,mineralocorticoid receptor antagonist,0.3005169412090367,0.290794566693105,0.0097223745159317,False,C[C@]12CCC3C(C=CC4=CC(=O)CC[C@]34C)C1CC[C@@]21CCC(=O)O1,prism_treatment_info
4b798dda1,BRD-K68174511-001-06-6,torin-2,mTOR inhibitor,0.494180014431625,0.4562427637595618,0.0379372506720632,False,"Nc1ccc(cn1)-c1ccc2ncc3ccc(=O)n(-c4cccc(c4)C(F)(F)F)c3c2c1, Nc1ccc(cn1)-c1ccc2ncc3ccc(=O)n(-c4cccc(c4)C(F)(F)F)c3c2c1",prism_treatment_info
4b7a7d212,BRD-A33447119-001-10-8,oxfendazole,anthelmintic agent,0.3189168067317348,0.3105323773517583,0.0083844293799764,False,"COC(=O)Nc1nc2ccc(cc2[nH]1)S(=O)c1ccccc1, COC(=O)Nc1nc2ccc(cc2[nH]1)S(=O)c1ccccc1",prism_treatment_info
4b82a8056,BRD-K61665160-001-01-5,BYK-204165,PARP inhibitor,0.330090477758558,0.3125910738095811,0.0174994039489768,False,"Cn1cccc1\C=C1/C(=O)NC(=O)c2ccccc12, Cn1cccc1\C=C1/C(=O)NC(=O)c2ccccc12",prism_treatment_info
4b893a449,BRD-A64125466-236-04-6,dehydrocholate,,0.3324166876721783,0.3285503548165221,0.0038663328556561,False,C[C@H](CCC(O)=O)[C@H]1CCC2C3C(CC(=O)[C@]12C)[C@@]1(C)CCC(=O)CC1CC3=O,prism_treatment_info
4b8caf802,BRD-K88677950-001-03-9,PD-198306,"MAP kinase inhibitor, MEK inhibitor",0.3911366405177472,0.3315862553030132,0.059550385214734,False,Cc1cc(I)ccc1Nc1c(F)c(F)c(F)cc1C(=O)NOCC1CC1,prism_treatment_info
4b9f220a0,BRD-A92439610-001-05-7,triamcinolone-acetonide,"glucocorticoid receptor agonist, immunosuppressant",0.4982273891772986,0.4817058181425172,0.0165215710347813,False,"CC1(C)O[C@@H]2CC3C4CCC5=CC(=O)C=C[C@]5(C)[C@@]4(F)[C@@H](O)C[C@]3(C)[C@@]2(O1)C(=O)CO, CC1(C)O[C@@H]2CC3C4CCC5=CC(=O)C=C[C@]5(C)[C@@]4(F)[C@@H](O)C[C@]3(C)[C@@]2(O1)C(=O)CO",prism_treatment_info
4bb65ea5d,BRD-K72339976-065-02-1,cefoselis,bacterial cell wall synthesis inhibitor,0.4395795204619621,0.3534817372671263,0.0860977831948358,False,"CO\N=C(/C(=O)N[C@H]1[C@H]2SCC(Cn3ccc(=N)n3CCO)=C(N2C1=O)C(O)=O)c1csc(N)n1, CO\N=C(/C(=O)N[C@H]1[C@H]2SCC(Cn3ccc(=N)n3CCO)=C(N2C1=O)C(O)=O)c1csc(N)n1, CO\N=C(/C(=O)N[C@H]1[C@H]2SCC(Cn3ccc(=N)n3CCO)=C(N2C1=O)C(O)=O)c1csc(N)n1, CO\N=C(/C(=O)N[C@H]1[C@H]2SCC(Cn3ccc(=N)n3CCO)=C(N2C1=O)C(O)=O)c1csc(N)n1",prism_treatment_info
4bbdba432,BRD-K41406082-001-16-2,sulfapyridine,PABA antagonist,0.3802018791794834,0.2938024790093895,0.0863994001700938,False,"Nc1ccc(cc1)S(=O)(=O)Nc1ccccn1, Nc1ccc(cc1)S(=O)(=O)Nc1ccccn1",prism_treatment_info
4bc52a40e,BRD-K86344238-003-04-6,linsidomine,nitric oxide donor,0.3172621637507802,0.3172231938742594,3.89698765208002e-05,False,"Nc1c[n+](no1)N1CCOCC1, Nc1c[n+](no1)N1CCOCC1",prism_treatment_info
4bf26b765,BRD-A23067620-300-01-3,itraconazole,cytochrome P450 inhibitor,0.3459659358742308,0.2973333918182137,0.0486325440560171,False,"CCC(C)n1ncn(-c2ccc(cc2)N2CCN(CC2)c2ccc(OC[C@H]3CO[C@@](Cn4cncn4)(O3)c3ccc(Cl)cc3Cl)cc2)c1=O, CCC(C)n1ncn(-c2ccc(cc2)N2CCN(CC2)c2ccc(OC[C@H]3CO[C@@](Cn4cncn4)(O3)c3ccc(Cl)cc3Cl)cc2)c1=O, CCC(C)n1ncn(-c2ccc(cc2)N2CCN(CC2)c2ccc(OC[C@H]3CO[C@@](Cn4cncn4)(O3)c3ccc(Cl)cc3Cl)cc2)c1=O",prism_treatment_info
4c0f6aed1,BRD-A83802939-304-04-2,dexamethasone-sodium-phosphate,glucocorticoid receptor agonist,0.4165610702559017,0.3909414018205236,0.025619668435378,False,"C[C@H]1CC2C3CCC4=CC(=O)C=C[C@]4(C)[C@@]3(F)[C@@H](O)C[C@]2(C)[C@@]1(O)C(=O)COP(O)(O)=O, C[C@@H]1CC2C3CCC4=CC(=O)C=C[C@]4(C)[C@@]3(F)[C@@H](O)C[C@]2(C)[C@@]1(O)C(=O)COP(O)(O)=O",prism_treatment_info
4c1e55d1a,BRD-K75649340-001-13-1,tioguanine,purine antagonist,0.4639636227472981,0.4395528806828185,0.0244107420644795,False,Nc1nc(S)c2ncn([C@@H]3O[C@H](CO)[C@@H](O)[C@H]3O)c2n1,prism_treatment_info
4c33b6fa1,BRD-K63343048-001-12-2,orlistat,lipase inhibitor,0.3250141801106313,0.3120913756423086,0.0129228044683226,False,"CCCCCCCCCCC[C@@H](C[C@H]1OC(=O)[C@H]1CCCCCC)OC(=O)[C@@H](CC(C)C)NC=O, CCCCCCCCCCC[C@@H](C[C@@H]1OC(=O)[C@H]1CCCCCC)OC(=O)[C@H](CC(C)C)NC=O, CCCCCCCCCCC[C@@H](C[C@@H]1OC(=O)[C@H]1CCCCCC)OC(=O)[C@H](CC(C)C)NC=O",prism_treatment_info
4c397fd24,BRD-K86301799-001-34-8,dipyridamole,phosphodiesterase inhibitor,0.354311596824628,0.3359302622659029,0.0183813345587251,False,"OCCN(CCO)c1nc(N2CCCCC2)c2nc(nc(N3CCCCC3)c2n1)N(CCO)CCO, OCCN(CCO)c1nc(N2CCCCC2)c2nc(nc(N3CCCCC3)c2n1)N(CCO)CCO, OCCN(CCO)c1nc(N2CCCCC2)c2nc(nc(N3CCCCC3)c2n1)N(CCO)CCO, OCCN(CCO)c1nc(N2CCCCC2)c2nc(nc(N3CCCCC3)c2n1)N(CCO)CCO, OCCN(CCO)c1nc(N2CCCCC2)c2nc(nc(N3CCCCC3)c2n1)N(CCO)CCO",prism_treatment_info
4c3a1262d,BRD-A89196962-300-01-7,dalargin,opioid receptor agonist,0.3454812250956477,0.334918494025814,0.0105627310698336,False,CC(C)CC(NC(=O)C(Cc1ccccc1)NC(=O)CNC(=O)[C@H](C)NC(=O)C(N)Cc1ccc(O)cc1)C(=O)N[C@H](CCCNC(N)=N)C(O)=O,prism_treatment_info
4c3c6717e,BRD-K29392254-001-02-2,pantothenic-acid,coenzyme A precursor,0.3852515554924227,0.3308567958776054,0.0543947596148172,False,"CC(C)(CO)[C@@H](O)C(=O)NCCC(O)=O, CC(C)(CO)[C@@H](O)C(=O)NCCC(O)=O, CC(C)(CO)[C@@H](O)C(=O)NCCC(O)=O",prism_treatment_info
4c42f8d6f,BRD-A85587465-001-03-3,bemesetron,serotonin receptor antagonist,0.3205313490648141,0.3118838376338127,0.0086475114310013,False,"CN1C2CCC1CC(C2)OC(=O)c1cc(Cl)cc(Cl)c1, CN1C2CCC1CC(C2)OC(=O)c1cc(Cl)cc(Cl)c1",prism_treatment_info
4c5736ff6,BRD-K46061689-001-01-9,desogestrel,progesterone receptor agonist,0.3072040780387781,0.2899730304259791,0.0172310476127989,False,CC[C@]12CC(=C)[C@H]3[C@@H](CCC4=CCCC[C@H]34)[C@@H]1CC[C@@]2(O)C#C,prism_treatment_info
4c57ebd49,BRD-K41406082-001-16-2,sulfapyridine,PABA antagonist,0.3147615587663989,0.3072979888569145,0.0074635699094843,False,"Nc1ccc(cc1)S(=O)(=O)Nc1ccccn1, Nc1ccc(cc1)S(=O)(=O)Nc1ccccn1",prism_treatment_info
4c6103a90,BRD-K66465025-001-05-1,ACPC,glutamate receptor antagonist,0.3391865157730785,0.3358183957021572,0.0033681200709212,False,NC1(CC1)C(O)=O,prism_treatment_info
4c77094c0,BRD-K01902415-001-11-7,pirinixic-acid,PPAR receptor agonist,0.32033673117655,0.2662934526297488,0.0540432785468011,False,"Cc1cccc(Nc2cc(Cl)nc(SCC(O)=O)n2)c1C, Cc1cccc(Nc2cc(Cl)nc(SCC(O)=O)n2)c1C, Cc1cccc(Nc2cc(Cl)nc(SCC(O)=O)n2)c1C",prism_treatment_info
4c8a8d560,BRD-K51485625-001-08-4,ritonavir,HIV protease inhibitor,0.3509289981114137,0.3445437108710737,0.0063852872403399,False,CC(C)[C@H](NC(=O)N(C)Cc1csc(n1)C(C)C)C(=O)N[C@H](C[C@H](O)[C@H](Cc1ccccc1)NC(=O)OCc1cncs1)Cc1ccccc1,prism_treatment_info
4c99cf19e,BRD-K36055864-001-19-2,cycloheximide,protein synthesis inhibitor,0.393212795779785,0.3303720526419835,0.0628407431378015,False,"C[C@H]1C[C@H](C)C(=O)[C@@H](C1)[C@H](O)CC1CC(=O)NC(=O)C1, C[C@H]1C[C@H](C)C(=O)[C@@H](C1)[C@H](O)CC1CC(=O)NC(=O)C1",prism_treatment_info
4cadd72bd,BRD-K24696047-001-02-3,NVP-AEW541,IGF-1 inhibitor,0.4997759212966581,0.4168934051372286,0.0828825161594294,True,Nc1ncnc2n(cc(-c3cccc(OCc4ccccc4)c3)c12)[C@@H]1C[C@H](CN2CCC2)C1,prism_treatment_info
4cc9e5f31,BRD-K96006502-001-02-6,deflazacort,glucocorticoid receptor agonist,0.3184993565547956,0.3108961467725162,0.0076032097822793,False,CC(=O)OCC(=O)[C@@]12N=C(C)O[C@@H]1C[C@H]1[C@H]3CCC4=CC(=O)C=C[C@]4(C)[C@H]3[C@@H](O)C[C@]21C,prism_treatment_info
4cd924a5d,BRD-K62200014-003-10-5,anagrelide,phosphodiesterase inhibitor,0.3400874768817868,0.3203512812066026,0.0197361956751841,False,"Clc1ccc2N=C3NC(=O)CN3Cc2c1Cl, Clc1ccc2N=C3NC(=O)CN3Cc2c1Cl, Clc1ccc2N=C3NC(=O)CN3Cc2c1Cl",prism_treatment_info
4cee0f2dd,BRD-K82381502-003-23-1,acetylcholine,acetylcholine receptor agonist,0.3178871714307073,0.31313934760307,0.0047478238276372,False,"CC(=O)OCC[N+](C)(C)C, CC(=O)OCC[N+](C)(C)C",prism_treatment_info
4d14c0ffe,BRD-K73319509-001-08-0,PF-04217903,c-Met inhibitor,0.4216268587657972,0.3683887848785452,0.0532380738872519,False,OCCn1cc(cn1)-c1cnc2nnn(Cc3ccc4ncccc4c3)c2n1,prism_treatment_info
4d1572b9f,BRD-K87700323-003-05-1,cetylpyridinium,,0.4314758206731855,0.3770947745325739,0.0543810461406116,False,"CCCCCCCCCCCCCCCC[n+]1ccccc1, CCCCCCCCCCCCCCCC[n+]1ccccc1, CCCCCCCCCCCCCCCC[n+]1ccccc1",prism_treatment_info
4d385b4bc,BRD-K18905250-003-02-4,ST-91,adrenergic receptor agonist,0.4486154441649116,0.3328832633360779,0.1157321808288338,False,"CCc1cccc(CC)c1N=C1NCCN1, CCc1cccc(CC)c1N=C1NCCN1",prism_treatment_info
4d44785f6,BRD-K06858286-001-01-3,cabazitaxel,microtubule inhibitor,0.403979078199312,0.3980394426735805,0.0059396355257315,False,CO[C@@H]1C[C@H]2OC[C@@]2(OC(C)=O)[C@H]2[C@@H](OC(=O)c3ccccc3)[C@@]3(O)C[C@H](OC(=O)[C@H](O)[C@@H](NC(=O)OC(C)(C)C)c4ccccc4)C(C)=C([C@@H](OC)C(=O)[C@]12C)C3(C)C,prism_treatment_info
4d4a6346e,BRD-A83802939-304-04-2,dexamethasone-sodium-phosphate,glucocorticoid receptor agonist,0.4548103949644501,0.3799421452415414,0.0748682497229086,False,"C[C@H]1CC2C3CCC4=CC(=O)C=C[C@]4(C)[C@@]3(F)[C@@H](O)C[C@]2(C)[C@@]1(O)C(=O)COP(O)(O)=O, C[C@@H]1CC2C3CCC4=CC(=O)C=C[C@]4(C)[C@@]3(F)[C@@H](O)C[C@]2(C)[C@@]1(O)C(=O)COP(O)(O)=O",prism_treatment_info
4d7280c91,BRD-K43905307-001-01-2,"L-798,106",prostanoid receptor antagonist,0.3299268767525862,0.3021475840186007,0.0277792927339855,False,"COc1ccc(Br)cc1S(=O)(=O)NC(=O)\C=C\c1ccccc1Cc1ccc2ccccc2c1, COc1ccc(Br)cc1S(=O)(=O)NC(=O)\C=C\c1ccccc1Cc1ccc2ccccc2c1",prism_treatment_info
4d7c82229,BRD-K82677201-001-01-6,almitrine,neurotransmitter agonist,0.3234171868754126,0.2711477797183225,0.0522694071570901,False,Fc1ccc(cc1)C(N1CCN(CC1)c1nc(NCC=C)nc(NCC=C)n1)c1ccc(F)cc1,prism_treatment_info
4d8786048,BRD-K76406695-001-02-9,CCT128930,AKT inhibitor,0.3632792514338231,0.3254069887203913,0.0378722627134317,False,NC1(Cc2ccc(Cl)cc2)CCN(CC1)c1ncnc2[nH]ccc12,prism_treatment_info
4d98f3161,BRD-K79095980-001-09-6,broxuridine,antimetabolite,0.2572444316693856,0.2528896475291481,0.0043547841402374,False,OC[C@H]1O[C@H](C[C@@H]1O)n1cc(Br)c(=O)[nH]c1=O,prism_treatment_info
4da81d116,BRD-A92439610-001-05-7,triamcinolone-acetonide,"glucocorticoid receptor agonist, immunosuppressant",0.4566774695497905,0.4417313532917243,0.0149461162580661,False,"CC1(C)O[C@@H]2CC3C4CCC5=CC(=O)C=C[C@]5(C)[C@@]4(F)[C@@H](O)C[C@]3(C)[C@@]2(O1)C(=O)CO, CC1(C)O[C@@H]2CC3C4CCC5=CC(=O)C=C[C@]5(C)[C@@]4(F)[C@@H](O)C[C@]3(C)[C@@]2(O1)C(=O)CO",prism_treatment_info
4dc947904,BRD-K19477839-001-07-6,SGX523,hepatocyte growth factor receptor inhibitor,0.4120646384056893,0.3848860930144846,0.0271785453912047,False,Cn1cc(cn1)-c1ccc2nnc(Sc3ccc4ncccc4c3)n2n1,prism_treatment_info
4dcdec58b,BRD-K69001009-001-02-8,golvatinib,VEGFR inhibitor,0.4875751264813121,0.4636773011961071,0.0238978252852049,False,CN1CCN(CC1)C1CCN(CC1)C(=O)Nc1cc(Oc2ccc(NC(=O)C3(CC3)C(=O)Nc3ccc(F)cc3)c(F)c2)ccn1,prism_treatment_info
4dcf18224,BRD-K92731339-227-04-9,perindopril,angiotensin converting enzyme inhibitor,0.3836976124563681,0.3609726459976289,0.0227249664587391,False,"CCC[C@H](N[C@@H](C)C(=O)N1[C@H]2CCCC[C@H]2C[C@H]1C(O)=O)C(=O)OCC, CCC[C@H](N[C@@H](C)C(=O)N1[C@H]2CCCC[C@H]2C[C@H]1C(O)=O)C(=O)OCC",prism_treatment_info
4ddf83a79,BRD-K15588452-003-02-7,R-96544,serotonin receptor antagonist,0.3244837243364382,0.3204046444576818,0.0040790798787563,False,"COc1cccc(CCc2ccccc2OCC[C@@H]2C[C@@H](O)CN2C)c1, COc1cccc(CCc2ccccc2OCC[C@@H]2C[C@@H](O)CN2C)c1",prism_treatment_info
4ded9d77a,BRD-K95142244-001-01-5,talazoparib,PARP inhibitor,0.4955592184388677,0.4804621045118885,0.0150971139269792,False,Cn1ncnc1[C@@H]1[C@H](Nc2cc(F)cc3c2c1n[nH]c3=O)c1ccc(F)cc1,prism_treatment_info
4e2f4d81b,BRD-K15834839-001-02-3,lobendazole,anthelmintic agent,0.3062818067253753,0.2651544151757753,0.0411273915496,False,CCOC(=O)Nc1nc2ccccc2[nH]1,prism_treatment_info
4e3cc369d,BRD-A25143711-001-02-2,hydrocortisone-valerate,glucocorticoid receptor agonist,0.420644054282133,0.3652073683275863,0.0554366859545467,False,CCCCC(=O)O[C@@]1(CCC2C3CCC4=CC(=O)CC[C@]4(C)C3[C@@H](O)C[C@]12C)C(=O)CO,prism_treatment_info
4e6955508,BRD-K83508485-001-02-7,FK-888,tachykinin antagonist,0.3319675285541085,0.3310133812887988,0.0009541472653096,False,"CN(Cc1ccccc1)C(=O)[C@H](Cc1ccc2ccccc2c1)NC(=O)[C@@H]1C[C@@H](O)CN1C(=O)c1cn(C)c2ccccc12, CN(Cc1ccccc1)C(=O)[C@H](Cc1ccc2ccccc2c1)NC(=O)[C@@H]1C[C@@H](O)CN1C(=O)c1cn(C)c2ccccc12",prism_treatment_info
4e899d487,BRD-K36207157-001-09-6,chlorprothixene,dopamine receptor antagonist,0.3608530438073642,0.2711647621428349,0.0896882816645292,False,"CN(C)CC\C=C1\c2ccccc2Sc2ccc(Cl)cc12, CN(C)CC\C=C1\c2ccccc2Sc2ccc(Cl)cc12, CN(C)CC\C=C1\c2ccccc2Sc2ccc(Cl)cc12",prism_treatment_info
4e96907d8,BRD-A72711497-236-03-8,lasalocid,bacterial permeability inducer,0.5267746525484468,0.3775787819258198,0.1491958706226269,True,CC[C@H](C1OC(CC)(C[C@@H]1C)C1CC[C@](O)(CC)[C@H](C)O1)C(=O)C(C)[C@@H](O)[C@H](C)CCc1ccc(C)c(O)c1C(O)=O,prism_treatment_info
4ea178d99,BRD-K40901640-003-01-6,cinanserin,serotonin receptor antagonist,0.3414915572174616,0.2813598327022889,0.0601317245151726,False,CN(C)CCCSc1ccccc1NC(=O)\C=C\c1ccccc1,prism_treatment_info
4ebabef1d,BRD-K94534639-001-02-5,LY2811376,beta-secretase inhibitor,0.3348311685831646,0.3254225698385233,0.0094085987446412,False,C[C@]1(CCSC(N)=N1)c1cc(c(F)cc1F)-c1cncnc1,prism_treatment_info
4ebd8580b,BRD-K35629949-001-02-0,SR-27897,CCK receptor antagonist,0.3243489380016897,0.3107918513197799,0.0135570866819098,False,"OC(=O)Cn1c(cc2ccccc12)C(=O)Nc1nc(cs1)-c1ccccc1Cl, OC(=O)Cn1c(cc2ccccc12)C(=O)Nc1nc(cs1)-c1ccccc1Cl",prism_treatment_info
4eca10c76,BRD-A10523515-001-07-9,GSK429286A,rho associated kinase inhibitor,0.3691789611542578,0.3066832070475317,0.062495754106726,False,"CC1=C(C(CC(=O)N1)c1ccc(cc1)C(F)(F)F)C(=O)Nc1cc2cn[nH]c2cc1F, CC1=C(C(CC(=O)N1)c1ccc(cc1)C(F)(F)F)C(=O)Nc1cc2cn[nH]c2cc1F, CC1=C(C(CC(=O)N1)c1ccc(cc1)C(F)(F)F)C(=O)Nc1cc2cn[nH]c2cc1F",prism_treatment_info
4f0977034,BRD-K30114692-001-15-9,methenamine,bacterial DNA inhibitor,0.3803543857950089,0.2844304207381678,0.0959239650568411,False,"C1N2CN3CN1CN(C2)C3, C1N2CN3CN1CN(C2)C3",prism_treatment_info
4f3a3834b,BRD-K13238168-001-02-0,haloprogin,other antifungal,0.4533039071334762,0.419031164979894,0.0342727421535821,False,Clc1cc(Cl)c(OCC#CI)cc1Cl,prism_treatment_info
4f6ef124e,BRD-A79431551-001-01-1,3-deazaadenosine,adenosylhomocysteinase inhibitor,0.3073178458153861,0.279193632870424,0.0281242129449621,False,Nc1nccc2n(cnc12)[C@@H]1O[C@H](CO)C(O)C1O,prism_treatment_info
4f912b4de,BRD-K66030860-001-03-6,salidroside,beta amyloid protein neurotoxicity inhibitor,0.4186900653840004,0.4170557779081669,0.0016342874758334,False,"OC[C@H]1O[C@@H](OCCc2ccc(O)cc2)[C@H](O)[C@@H](O)[C@@H]1O, OC[C@H]1O[C@@H](OCCc2ccc(O)cc2)[C@H](O)[C@@H](O)[C@@H]1O",prism_treatment_info
4f95aadbf,BRD-K27335680-001-10-0,rhein,,0.3921463415990064,0.3151905840472324,0.076955757551774,False,OC(=O)c1cc(O)c2C(=O)c3c(O)cccc3C(=O)c2c1,prism_treatment_info
4f9a66fba,BRD-K66241279-001-01-8,cinromide,,0.3393543866271116,0.3011584237254314,0.0381959629016802,False,CCNC(=O)\C=C\c1cccc(Br)c1,prism_treatment_info
4fbe9fdc3,BRD-K73838513-003-05-5,cinacalcet,calcium channel activator,0.30397812619867,0.2885903808608924,0.0153877453377775,False,C[C@@H](NCCCc1cccc(c1)C(F)(F)F)c1cccc2ccccc12,prism_treatment_info
503c98491,BRD-K77908580-001-09-6,entinostat,HDAC inhibitor,0.4132897168419698,0.3615957786535414,0.0516939381884284,False,"Nc1ccccc1NC(=O)c1ccc(CNC(=O)OCc2cccnc2)cc1, Nc1ccccc1NC(=O)c1ccc(CNC(=O)OCc2cccnc2)cc1",prism_treatment_info
5040aa568,BRD-K54606188-001-13-1,JQ1-(+),bromodomain inhibitor,0.4169302140702071,0.3814687109208554,0.0354615031493516,False,"Cc1sc-2c(c1C)C(=N[C@@H](CC(=O)OC(C)(C)C)c1nnc(C)n-21)c1ccc(Cl)cc1, Cc1sc-2c(c1C)C(=N[C@@H](CC(=O)OC(C)(C)C)c1nnc(C)n-21)c1ccc(Cl)cc1",prism_treatment_info
505d0ef8e,BRD-K18172896-001-02-5,eltanolone,membrane integrity inhibitor,0.3952461563124835,0.3791735543758519,0.0160726019366316,False,CC(=O)[C@H]1CC[C@H]2[C@@H]3CC[C@H]4C[C@H](O)CC[C@]4(C)[C@H]3CC[C@]12C,prism_treatment_info
508e74297,BRD-K93441486-067-12-8,diphemanil,acetylcholine receptor antagonist,0.3478422264488783,0.3459946935410549,0.0018475329078233,False,C[N+]1(C)CCC(CC1)=C(c1ccccc1)c1ccccc1,prism_treatment_info
50b4efb08,BRD-K07220430-001-18-4,cinnarazine,calcium channel blocker,0.3480703576083818,0.2995781903824983,0.0484921672258834,False,"C(\C=C\c1ccccc1)N1CCN(CC1)C(c1ccccc1)c1ccccc1, C(\C=C\c1ccccc1)N1CCN(CC1)C(c1ccccc1)c1ccccc1",prism_treatment_info
50b5317f3,BRD-K24548560-342-02-1,evans-blue,glutamate receptor negative allosteric modulator,0.3263816114235149,0.3056106803034858,0.020770931120029,False,Cc1cc(ccc1\N=N\c1ccc2c(cc(c(N)c2c1O)S(O)(=O)=O)S(O)(=O)=O)-c1ccc(c(C)c1)\N=N\c1ccc2c(cc(c(N)c2c1O)S(O)(=O)=O)S(O)(=O)=O,prism_treatment_info
50cd26ac2,BRD-K93034159-001-25-8,cladribine,"adenosine deaminase inhibitor, ribonucleotide reductase inhibitor",0.422754386617914,0.39441647211561,0.028337914502304,False,Nc1nc(Cl)nc2n(cnc12)[C@H]1C[C@H](O)[C@@H](CO)O1,prism_treatment_info
50e38451f,BRD-A90551241-001-10-8,lornoxicam,cyclooxygenase inhibitor,0.3688194355841681,0.33240162321655,0.036417812367618,False,"CN1C(C(=O)Nc2ccccn2)C(=O)c2sc(Cl)cc2S1(=O)=O, CN1C(C(=O)Nc2ccccn2)C(=O)c2sc(Cl)cc2S1(=O)=O",prism_treatment_info
50f201d36,BRD-K72414522-001-06-7,AZD5438,CDK inhibitor,0.3350368405593093,0.3008612743884895,0.0341755661708198,False,"CC(C)n1c(C)ncc1-c1ccnc(Nc2ccc(cc2)S(C)(=O)=O)n1, CC(C)n1c(C)ncc1-c1ccnc(Nc2ccc(cc2)S(C)(=O)=O)n1, CC(C)n1c(C)ncc1-c1ccnc(Nc2ccc(cc2)S(C)(=O)=O)n1",prism_treatment_info
5112297b0,BRD-K99475619-001-01-2,genz-644282,topoisomerase inhibitor,0.3624222721023163,0.3315010708715449,0.0309212012307713,False,CNCCn1c2c(cnc3cc4OCOc4cc23)c2cc(OC)c(OC)cc2c1=O,prism_treatment_info
511f19724,BRD-K97417064-001-02-4,acedapsone,,0.3136759419077608,0.3087336091076292,0.0049423328001316,False,CC(=O)Nc1ccc(cc1)S(=O)(=O)c1ccc(NC(C)=O)cc1,prism_treatment_info
512c62e9f,BRD-A31454688-001-01-6,monostearin,,0.3087939683007668,0.2841100846307304,0.0246838836700363,False,CCCCCCCCCCCCCCCCCC(=O)OCC(O)CO,prism_treatment_info
515a65661,BRD-A47598013-004-16-0,citalopram,selective serotonin reuptake inhibitor (SSRI),0.3388742699921009,0.2891590939015122,0.0497151760905886,False,"CN(C)CCCC1(OCc2cc(ccc12)C#N)c1ccc(F)cc1, CN(C)CCCC1(OCc2cc(ccc12)C#N)c1ccc(F)cc1, CN(C)CCCC1(OCc2cc(ccc12)C#N)c1ccc(F)cc1, CN(C)CCCC1(OCc2cc(ccc12)C#N)c1ccc(F)cc1",prism_treatment_info
516644772,BRD-K98157055-001-10-9,SIB-1757,glutamate receptor antagonist,0.3526818492437021,0.3492882166301873,0.0033936326135147,False,Cc1ccc(O)c(N=Nc2ccccc2)n1,prism_treatment_info
517ba49c1,BRD-K53097745-001-01-5,pterostilbene,"cyclooxygenase inhibitor, PPAR receptor agonist",0.372426565304953,0.3688123604558931,0.0036142048490598,False,COc1cc(OC)cc(C=Cc2ccc(O)cc2)c1,prism_treatment_info
51989c2ad,BRD-K41859756-001-06-8,NVP-AUY922,HSP inhibitor,0.4378815205797028,0.3691863644554263,0.0686951561242765,False,"CCNC(=O)c1noc(c1-c1ccc(CN2CCOCC2)cc1)-c1cc(C(C)C)c(O)cc1O, CCNC(=O)c1noc(c1-c1ccc(CN2CCOCC2)cc1)-c1cc(C(C)C)c(O)cc1O, CCNC(=O)c1noc(c1-c1ccc(CN2CCOCC2)cc1)-c1cc(C(C)C)c(O)cc1O",prism_treatment_info
519d5133b,BRD-K77552740-004-01-0,tiquizium,acetylcholine receptor antagonist,0.3262850498085581,0.3195614286561612,0.0067236211523968,False,C[N@+]12CCCC[C@@H]1CCC(C2)=C(c1cccs1)c1cccs1,prism_treatment_info
51acf3c88,BRD-A27290375-330-01-1,atropine,acetylcholine receptor antagonist,0.2756377647871963,0.2638132653986082,0.0118244993885881,False,"CN1[C@H]2CC[C@@H]1C[C@@H](C2)OC(=O)C(CO)c1ccccc1, CN1[C@H]2CC[C@@H]1C[C@@H](C2)OC(=O)C(CO)c1ccccc1",prism_treatment_info
51d1eec61,BRD-A64227845-004-09-3,SKF-77434,dopamine receptor agonist,0.3833413294788314,0.3513799757736962,0.0319613537051352,False,Oc1cc2CCN(CC=C)CC(c3ccccc3)c2cc1O,prism_treatment_info
51d52f188,BRD-K87112191-001-04-5,PP242,mTOR inhibitor,0.5093852735270183,0.4901943071976128,0.0191909663294054,True,"CC(C)n1nc(-c2cc3cc(O)ccc3[nH]2)c2c(N)ncnc12, CC(C)n1nc(-c2cc3cc(O)ccc3[nH]2)c2c(N)ncnc12, CC(C)n1nc(-c2cc3cc(O)ccc3[nH]2)c2c(N)ncnc12",prism_treatment_info
520c29eff,BRD-K45158365-001-11-4,valsartan,angiotensin receptor antagonist,0.3126043841609353,0.3120281818902857,0.0005762022706495,False,"CCCCC(=O)N(Cc1ccc(cc1)-c1ccccc1-c1nn[nH]n1)[C@@H](C(C)C)C(O)=O, CCCCC(=O)N(Cc1ccc(cc1)-c1ccccc1-c1nn[nH]n1)[C@@H](C(C)C)C(O)=O, CCCCC(=O)N(Cc1ccc(cc1)-c1ccccc1-c1nn[nH]n1)[C@@H](C(C)C)C(O)=O",prism_treatment_info
5210c5096,BRD-K96862998-001-15-5,pirfenidone,TGF beta receptor inhibitor,0.308578808887761,0.2935878178264726,0.0149909910612884,False,"Cc1ccc(=O)n(c1)-c1ccccc1, Cc1ccc(=O)n(c1)-c1ccccc1",prism_treatment_info
522ce7700,BRD-K12769093-003-01-3,PNU-37883,ATP-sensitive potassium channel antagonist,0.3411141536055824,0.2573557237529021,0.0837584298526802,False,"C1CCC(CC1)N\C(N1CCOCC1)=N\C12CC3CC(CC(C3)C1)C2, C1CCC(CC1)N\C(N1CCOCC1)=N\C12CC3CC(CC(C3)C1)C2",prism_treatment_info
5248950aa,BRD-K13049116-001-05-7,BMS-754807,IGF-1 inhibitor,0.3236798299635486,0.2860084520881348,0.0376713778754138,False,"C[C@]1(CCCN1c1nc(Nc2cc(n[nH]2)C2CC2)c2cccn2n1)C(=O)Nc1ccc(F)nc1, C[C@]1(CCCN1c1nc(Nc2cc(n[nH]2)C2CC2)c2cccn2n1)C(=O)Nc1ccc(F)nc1, C[C@]1(CCCN1c1nc(Nc2cc(n[nH]2)C2CC2)c2cccn2n1)C(=O)Nc1ccc(F)nc1",prism_treatment_info
52bb1fe11,BRD-K18905250-003-02-4,ST-91,adrenergic receptor agonist,0.3049966668245152,0.2890743691359115,0.0159222976886037,False,"CCc1cccc(CC)c1N=C1NCCN1, CCc1cccc(CC)c1N=C1NCCN1",prism_treatment_info
52d1e6f43,BRD-K95053546-001-01-9,tempol,free radical scavenger,0.5320234537801902,0.4969058955751712,0.035117558205019,True,"CC1(C)CC(O)CC(C)(C)N1O, CC1(C)CC(O)CC(C)(C)N1O, CC1(C)CC(O)CC(C)(C)N1O",prism_treatment_info
52f63a009,BRD-K36207157-001-09-6,chlorprothixene,dopamine receptor antagonist,0.3324404904707388,0.3101597349536199,0.0222807555171189,False,"CN(C)CC\C=C1\c2ccccc2Sc2ccc(Cl)cc12, CN(C)CC\C=C1\c2ccccc2Sc2ccc(Cl)cc12, CN(C)CC\C=C1\c2ccccc2Sc2ccc(Cl)cc12",prism_treatment_info
52faec24a,BRD-A75769826-003-02-1,SDM25N,opioid receptor antagonist,0.3654146946722966,0.3518303503193263,0.0135843443529703,False,"CC(=C)CN1CC[C@@]23[C@H]4Oc5c2c(CC1[C@]3(O)Cc1c4[nH]c2ccccc12)ccc5O, CC(=C)CN1CC[C@@]23[C@H]4Oc5c2c(CC1[C@]3(O)Cc1c4[nH]c2ccccc12)ccc5O, CC(=C)CN1CC[C@@]23[C@H]4Oc5c2c(CC1[C@]3(O)Cc1c4[nH]c2ccccc12)ccc5O",prism_treatment_info
532588621,BRD-A31454688-001-01-6,monostearin,,0.3052076993703909,0.3001134494364361,0.0050942499339548,False,CCCCCCCCCCCCCCCCCC(=O)OCC(O)CO,prism_treatment_info
533f455c4,BRD-A50922295-001-01-3,valganciclovir,DNA synthesis inhibitor,0.3105599627940756,0.2894570642304462,0.0211028985636294,False,"CC(C)[C@H](N)C(=O)OCC(CO)OCn1cnc2c1nc(N)[nH]c2=O, CC(C)[C@H](N)C(=O)OCC(CO)OCn1cnc2c1nc(N)[nH]c2=O",prism_treatment_info
535148020,BRD-K84466663-001-05-4,nelarabine,"DNA synthesis inhibitor, T cell inhibitor",0.3418695573165045,0.3304367141306796,0.0114328431858248,False,COc1nc(N)nc2n(cnc12)[C@@H]1O[C@H](CO)[C@@H](O)[C@@H]1O,prism_treatment_info
535f7a0e6,BRD-A93407926-001-01-1,allopurinol-riboside,anti-leishmanial agent,0.3330592832033047,0.3115864948571911,0.0214727883461135,False,OC[C@H]1O[C@H](C(O)[C@H]1O)n1[nH]cc2c1ncnc2=O,prism_treatment_info
53767c7d8,BRD-K79892937-001-02-5,phenolsulfonphthalein,,0.3013211488571136,0.2943269609600755,0.006994187897038,False,Oc1ccc(cc1)C1(OS(=O)(=O)c2ccccc12)c1ccc(O)cc1,prism_treatment_info
5387c8eaa,BRD-A56085258-001-01-8,LGX818,RAF inhibitor,0.4414571255869401,0.4277428274855911,0.013714298101349,False,COC(=O)NC(C)CNc1nccc(n1)-c1cn(nc1-c1cc(Cl)cc(NS(C)(=O)=O)c1F)C(C)C,prism_treatment_info
538ff01f5,BRD-A57798112-001-03-7,PD-318088,MEK inhibitor,0.5729986858300999,0.5611877804657341,0.0118109053643657,True,OCC(O)CONC(=O)c1cc(Br)c(F)c(F)c1Nc1ccc(I)cc1F,prism_treatment_info
53942783f,BRD-A09056319-003-07-7,alfuzosin,adrenergic receptor antagonist,0.4216327159111983,0.3631891347679873,0.0584435811432109,False,"COc1cc2nc(nc(N)c2cc1OC)N(C)CCCNC(=O)C1CCCO1, COc1cc2nc(nc(N)c2cc1OC)N(C)CCCNC(=O)C1CCCO1",prism_treatment_info
5394c40d6,BRD-K19939891-001-05-4,TIC10,"AKT inhibitor, TRAIL modulator",0.3605839245085965,0.3356885436015078,0.0248953809070886,False,"Cc1ccccc1CN1CC2=C(CCN(Cc3ccccc3)C2=O)N2CCN=C12, Cc1ccccc1CN1C2=NCCN2C(=O)C2=C1CCN(Cc1ccccc1)C2",prism_treatment_info
53c1987ae,BRD-K13514097-001-05-3,everolimus,mTOR inhibitor,0.455413612094919,0.4390583527439704,0.0163552593509486,False,"CO[C@@H]1C[C@H](C[C@@H](C)[C@@H]2CC(=O)[C@H](C)\C=C(C)\[C@@H](O)[C@@H](OC)C(=O)[C@H](C)C[C@H](C)\C=C\C=C\C=C(C)\[C@H](C[C@@H]3CC[C@@H](C)[C@@](O)(O3)C(=O)C(=O)N3CCCC[C@H]3C(=O)O2)OC)CC[C@H]1OCCO, CO[C@@H]1C[C@H](C[C@@H](C)[C@@H]2CC(=O)[C@H](C)\C=C(C)\[C@@H](O)[C@@H](OC)C(=O)[C@H](C)C[C@H](C)\C=C\C=C\C=C(C)\[C@H](C[C@@H]3CC[C@@H](C)[C@@](O)(O3)C(=O)C(=O)N3CCCC[C@H]3C(=O)O2)OC)CC[C@H]1OCCO",prism_treatment_info
53d56037b,BRD-K72384124-001-08-0,sulbentine,other antifungal,0.2982080329278134,0.2936673389388768,0.0045406939889366,False,S=C1SCN(Cc2ccccc2)CN1Cc1ccccc1,prism_treatment_info
53dd6a6e0,BRD-A71033472-003-23-9,fendiline,calcium channel blocker,0.3431465044332824,0.2935374267504939,0.0496090776827884,False,CC(NCCC(c1ccccc1)c1ccccc1)c1ccccc1,prism_treatment_info
53eec2b51,BRD-K65856711-001-04-4,rolipram-S(+),phosphodiesterase inhibitor,0.3120581047009748,0.2964631562929019,0.0155949484080728,False,"COc1ccc(cc1OC1CCCC1)[C@H]1CNC(=O)C1, COc1ccc(cc1OC1CCCC1)[C@H]1CNC(=O)C1",prism_treatment_info
547f80a41,BRD-K51967704-001-03-6,BIIB021,HSP inhibitor,0.2981790037525261,0.2907943794530855,0.0073846242994405,False,"COc1c(C)cnc(Cn2cnc3c(Cl)nc(N)nc23)c1C, COc1c(C)cnc(Cn2cnc3c(Cl)nc(N)nc23)c1C",prism_treatment_info
548060dcd,BRD-K46839850-050-04-2,cinepazide,calcium channel activator,0.4041836482706795,0.3047193407599324,0.099464307510747,False,"COc1cc(cc(OC)c1OC)\C=C\C(=O)N1CCN(CC(=O)N2CCCC2)CC1, COc1cc(cc(OC)c1OC)\C=C\C(=O)N1CCN(CC(=O)N2CCCC2)CC1",prism_treatment_info
54a548488,BRD-K44408410-001-17-6,2-methoxyestradiol,hypoxia inducible factor inhibitor,0.2656462161999729,0.2610255167433246,0.0046206994566483,False,"COc1cc2[C@H]3CC[C@]4(C)[C@@H](O)CC[C@H]4[C@@H]3CCc2cc1O, COc1cc2[C@H]3CC[C@]4(C)[C@@H](O)CC[C@H]4[C@@H]3CCc2cc1O, COc1cc2[C@H]3CC[C@]4(C)[C@@H](O)CC[C@H]4[C@@H]3CCc2cc1O",prism_treatment_info
54ba36a96,BRD-A00376169-001-01-6,KBG,neprilysin inhibitor,0.3484425591016631,0.3381429657469852,0.0102995933546778,False,OC1O[C@@H]2COC(O[C@H]2[C@H](O)[C@H]1O)c1ccccc1,prism_treatment_info
54d869553,BRD-K40366680-001-03-3,CAY10505,PI3K inhibitor,0.3396554600257729,0.3242963890063077,0.0153590710194652,False,"Fc1ccc(cc1)-c1ccc(\C=C2\SC(=O)NC2=O)o1, Fc1ccc(cc1)-c1ccc(\C=C2\SC(=O)NC2=O)o1",prism_treatment_info
54dbc6c0a,BRD-K38158531-001-02-1,traxoprodil,glutamate receptor antagonist,0.3717525840774869,0.3605454880876039,0.011207095989883,False,C[C@@H]([C@@H](O)c1ccc(O)cc1)N1CCC(O)(CC1)c1ccccc1,prism_treatment_info
54df97bc5,BRD-K58122457-001-02-2,hesperadin,Aurora kinase inhibitor,0.312197842899902,0.2953492720398806,0.0168485708600214,False,"CCS(=O)(=O)Nc1ccc2NC(=O)\C(c2c1)=C(/Nc1ccc(CN2CCCCC2)cc1)c1ccccc1, CCS(=O)(=O)Nc1ccc2NC(=O)\C(c2c1)=C(/Nc1ccc(CN2CCCCC2)cc1)c1ccccc1",prism_treatment_info
54dfa18c0,BRD-K93231391-300-05-6,ethambutol,bacterial cell wall synthesis inhibitor,0.3346478515518511,0.2820652481945749,0.0525826033572762,False,"CC[C@@H](CO)NCCN[C@@H](CC)CO, CC[C@@H](CO)NCCN[C@@H](CC)CO",prism_treatment_info
54f8af613,BRD-K15071410-001-01-1,tiotidine,histamine receptor antagonist,0.3392771669853973,0.3055496826420411,0.0337274843433562,False,"CN\C(NCCSCc1csc(N=C(N)N)n1)=N/C#N, CN\C(NCCSCc1csc(N=C(N)N)n1)=N/C#N",prism_treatment_info
55042c369,BRD-K46585355-001-14-3,acetylsalicylsalicylic-acid,cyclooxygenase inhibitor,0.3154315675469134,0.3025323283772549,0.0128992391696584,False,CC(=O)Oc1ccccc1C(=O)Oc1ccccc1C(O)=O,prism_treatment_info
550c0e78b,BRD-A26503646-001-16-6,formestane,aromatase inhibitor,0.3254261929466465,0.3018042993983441,0.0236218935483024,False,"C[C@]12CC[C@H]3[C@@H](CCC4C(=O)C(=O)CC[C@]34C)[C@@H]1CCC2=O, C[C@]12CC[C@H]3[C@@H](CCC4C(=O)C(=O)CC[C@]34C)[C@@H]1CCC2=O",prism_treatment_info
5517fd9fd,BRD-K97963946-001-01-3,EMD-1214063,hepatocyte growth factor receptor inhibitor,0.3119569470572937,0.3058386172338903,0.0061183298234033,False,CN1CCC(COc2cnc(nc2)-c2cccc(Cn3nc(ccc3=O)-c3cccc(c3)C#N)c2)CC1,prism_treatment_info
5519606ab,BRD-K77695569-001-30-0,tiabendazole,angiogenesis inhibitor,0.3293075091155241,0.31272225365565,0.016585255459874,False,"c1nc(cs1)-c1nc2ccccc2[nH]1, c1nc(cs1)-c1nc2ccccc2[nH]1",prism_treatment_info
55507f2c1,BRD-K41160163-001-06-8,fenobam,glutamate receptor antagonist,0.2730165053912975,0.2709379382160735,0.0020785671752239,False,"CN1CC(=O)N=C1NC(=O)Nc1cccc(Cl)c1, CN1CC(=O)N=C1NC(=O)Nc1cccc(Cl)c1",prism_treatment_info
55a6b84b9,BRD-A94543220-001-24-7,bifonazole,sterol demethylase inhibitor,0.2895833739873188,0.2691645030532769,0.0204188709340419,False,"c1cn(cn1)C(c1ccccc1)c1ccc(cc1)-c1ccccc1, c1cn(cn1)C(c1ccccc1)c1ccc(cc1)-c1ccccc1",prism_treatment_info
55b20e5c2,BRD-K41406082-001-16-2,sulfapyridine,PABA antagonist,0.3846071167166746,0.3699463008612041,0.0146608158554704,False,"Nc1ccc(cc1)S(=O)(=O)Nc1ccccn1, Nc1ccc(cc1)S(=O)(=O)Nc1ccccn1",prism_treatment_info
55cb720a2,BRD-K51544265-001-04-2,cabozantinib,"RET tyrosine kinase inhibitor, VEGFR inhibitor",0.4840271473363242,0.4360653809272219,0.0479617664091023,False,"COc1cc2nccc(Oc3ccc(NC(=O)C4(CC4)C(=O)Nc4ccc(F)cc4)cc3)c2cc1OC, COc1cc2nccc(Oc3ccc(NC(=O)C4(CC4)C(=O)Nc4ccc(F)cc4)cc3)c2cc1OC",prism_treatment_info
55e4096d8,BRD-K65992024-001-01-5,pirenoxine,AGE inhibitor,0.399113270792257,0.3353478131047887,0.0637654576874683,False,OC(=O)c1cc(O)c2c3nc4ccccc4oc3cc(=O)c2n1,prism_treatment_info
55ec627d0,BRD-K96123349-236-02-8,brequinar,dihydroorotate dehydrogenase inhibitor,0.3962255872847969,0.3753412897754987,0.0208842975092982,False,Cc1c(nc2ccc(F)cc2c1C(O)=O)-c1ccc(cc1)-c1ccccc1F,prism_treatment_info
55edeb109,BRD-K66465025-001-05-1,ACPC,glutamate receptor antagonist,0.3565593724596238,0.3301463633611147,0.026413009098509,False,NC1(CC1)C(O)=O,prism_treatment_info
55f6ec3b4,BRD-K53153417-001-10-4,butylated-hydroxytoluene,carbonic anhydrase inhibitor,0.3069948779078366,0.306335353472296,0.0006595244355405,False,Cc1cc(c(O)c(c1)C(C)(C)C)C(C)(C)C,prism_treatment_info
55fb633d5,BRD-K95142244-001-01-5,talazoparib,PARP inhibitor,0.4559643131212209,0.4314547453693965,0.0245095677518243,False,Cn1ncnc1[C@@H]1[C@H](Nc2cc(F)cc3c2c1n[nH]c3=O)c1ccc(F)cc1,prism_treatment_info
5607bae33,BRD-K85925969-001-17-4,zalcitabine,nucleoside reverse transcriptase inhibitor,0.304180272285823,0.2899989329527146,0.0141813393331083,False,"Nc1ccn([C@H]2CC[C@@H](CO)O2)c(=O)n1, Nc1ccn([C@H]2CC[C@@H](CO)O2)c(=O)n1",prism_treatment_info
560f6486c,BRD-K93034159-001-25-8,cladribine,"adenosine deaminase inhibitor, ribonucleotide reductase inhibitor",0.5023553293363968,0.4389554891258153,0.0633998402105815,True,Nc1nc(Cl)nc2n(cnc12)[C@H]1C[C@H](O)[C@@H](CO)O1,prism_treatment_info
561119c80,BRD-K71266197-236-02-7,PSB-06126,NTPDase inhibitor,0.3480163413970678,0.3395751826908797,0.008441158706188,False,Nc1c2C(=O)c3ccccc3C(=O)c2c(Nc2cccc3ccccc23)cc1S(O)(=O)=O,prism_treatment_info
5628cb3ee,BRD-K17702546-001-03-2,PD-168393,EGFR inhibitor,0.581549929139471,0.5432579784646862,0.0382919506747848,True,Brc1cccc(Nc2ncnc3ccc(NC(=O)C=C)cc23)c1,prism_treatment_info
562b5f4aa,BRD-K37872686-003-01-9,tirofiban,"platelet aggregation inhibitor, structural glycoprotein antagonist",0.4527825818588166,0.3147058164913336,0.1380767653674829,False,CCCCS(=O)(=O)N[C@@H](Cc1ccc(OCCCCC2CCNCC2)cc1)C(O)=O,prism_treatment_info
566f62da3,BRD-K59146805-001-03-7,AZ3146,monopolar spindle 1 kinase inhibitor,0.5057828024557376,0.4787235193237916,0.027059283131946,True,"COc1cc(OC2CCN(C)CC2)ccc1Nc1ncc2n(C)c(=O)n(C3CCCC3)c2n1, COc1cc(OC2CCN(C)CC2)ccc1Nc1ncc2n(C)c(=O)n(C3CCCC3)c2n1, COc1cc(OC2CCN(C)CC2)ccc1Nc1ncc2n(C)c(=O)n(C3CCCC3)c2n1",prism_treatment_info
5681e0223,BRD-K26531771-001-01-4,EPZ-5676,histone lysine methyltransferase inhibitor,0.3060979093422266,0.2602817263979568,0.0458161829442698,False,"CC(C)N(C[C@H]1O[C@H]([C@H](O)[C@@H]1O)n1cnc2c(N)ncnc12)[C@@H]1C[C@H](CCc2nc3cc(ccc3[nH]2)C(C)(C)C)C1, CC(C)N(C[C@H]1O[C@H]([C@H](O)[C@@H]1O)n1cnc2c(N)ncnc12)[C@@H]1C[C@H](CCc2nc3cc(ccc3[nH]2)C(C)(C)C)C1",prism_treatment_info
568c4b7ba,BRD-K52219182-001-02-4,ICI-63197,phosphodiesterase inhibitor,0.3594083749293231,0.3286551999248487,0.0307531750044743,False,"CCCn1c2nc(N)nn2cc(C)c1=O, CCCn1c2nc(N)nn2cc(C)c1=O",prism_treatment_info
56b0af64b,BRD-K64925568-001-01-8,AMG-232,MDM inhibitor,0.4793432717278577,0.393658414544737,0.0856848571831206,False,CC(C)[C@@H](CS(=O)(=O)C(C)C)N1[C@@H]([C@H](C[C@](C)(CC(O)=O)C1=O)c1cccc(Cl)c1)c1ccc(Cl)cc1,prism_treatment_info
56c22db82,BRD-K36270037-001-01-7,esculin,antioxidant,0.3990077266397904,0.3894746002372197,0.0095331264025707,False,OC[C@H]1O[C@@H](Oc2cc3ccc(=O)oc3cc2O)[C@@H](O)[C@@H](O)[C@@H]1O,prism_treatment_info
56cda8284,BRD-K14711741-001-02-1,PF-4708671,ribosomal protein inhibitor,0.299664024655676,0.2224074618456536,0.0772565628100224,False,"CCc1cncnc1N1CCN(CC1)Cc1nc2cc(ccc2[nH]1)C(F)(F)F, CCc1cncnc1N1CCN(CC1)Cc1nc2cc(ccc2[nH]1)C(F)(F)F",prism_treatment_info
56d71e6c1,BRD-K34870043-001-01-8,adoprazine,"dopamine receptor antagonist, serotonin receptor agonist",0.3199039342391507,0.2907782542033573,0.0291256800357934,False,Fc1ccc(cc1)-c1cncc(CN2CCN(CC2)c2cccc3OCCOc23)c1,prism_treatment_info
56e484932,BRD-K68174511-001-06-6,torin-2,mTOR inhibitor,0.483442904427999,0.406290428166232,0.0771524762617669,False,"Nc1ccc(cn1)-c1ccc2ncc3ccc(=O)n(-c4cccc(c4)C(F)(F)F)c3c2c1, Nc1ccc(cn1)-c1ccc2ncc3ccc(=O)n(-c4cccc(c4)C(F)(F)F)c3c2c1",prism_treatment_info
56ea83da7,BRD-K93918653-001-08-9,quizartinib,FLT3 inhibitor,0.3599278928870484,0.3474237435107337,0.0125041493763146,False,CC(C)(C)c1cc(NC(=O)Nc2ccc(cc2)-c2cn3c(n2)sc2cc(OCCN4CCOCC4)ccc32)no1,prism_treatment_info
56f9a1186,BRD-A22267103-003-13-1,drofenine,,0.422737095595936,0.4217363267550048,0.0010007688409312,False,CCN(CC)CCOC(=O)C(C1CCCCC1)c1ccccc1,prism_treatment_info
5735a3e0f,BRD-K87827419-001-16-8,melphalan,"DNA alkylating agent, DNA inhibitor",0.4230548414596005,0.4084685279947258,0.0145863134648747,False,"N[C@@H](Cc1ccc(cc1)N(CCCl)CCCl)C(O)=O, N[C@@H](Cc1ccc(cc1)N(CCCl)CCCl)C(O)=O",prism_treatment_info
573c787a2,BRD-K59632282-052-03-1,quinidine,sodium channel blocker,0.3280619991729117,0.300175089429329,0.0278869097435827,False,COc1ccc2nccc([C@H](O)[C@H]3C[C@@H]4CC[N@]3C[C@@H]4C=C)c2c1,prism_treatment_info
57402759f,BRD-K68633617-003-02-9,ACDPP,glutamate receptor antagonist,0.3684066699227877,0.3328203782567183,0.0355862916660693,False,CN(C)c1nc(N)c(nc1Cl)C(=O)Nc1cccnc1,prism_treatment_info
5778f608a,BRD-A35868371-005-01-6,troventol,,0.3232779845898679,0.2979252521550846,0.0253527324347833,False,CCC(CO)(C(=O)OC1CC2CCC(C1)[N+]2(C)C)c1ccccc1,prism_treatment_info
57ccb23c1,BRD-A20644369-001-08-6,canrenone,mineralocorticoid receptor antagonist,0.3609951955010432,0.3553930037013544,0.0056021917996887,False,C[C@]12CCC3C(C=CC4=CC(=O)CC[C@]34C)C1CC[C@@]21CCC(=O)O1,prism_treatment_info
57e9d0d9f,BRD-K82028950-300-02-9,CGH2466,adenosine receptor antagonist,0.3865574935712877,0.3485182723706931,0.0380392212005946,False,"Nc1nc(c(s1)-c1ccncc1)-c1ccc(Cl)c(Cl)c1, Nc1nc(c(s1)-c1ccncc1)-c1ccc(Cl)c(Cl)c1",prism_treatment_info
57f5932fb,BRD-K41876534-001-13-7,tioxolone,carbonic anhydrase inhibitor,0.2863007124039383,0.2556808153383566,0.0306198970655816,False,"Oc1ccc2sc(=O)oc2c1, Oc1ccc2sc(=O)oc2c1",prism_treatment_info
57f7c6a5c,BRD-A96529864-001-01-3,isosteviol,,0.2944420569011268,0.2736994662995181,0.0207425906016087,False,C[C@]12C[C@@]3(CC1=O)CC[C@H]1[C@@](C)(CCC[C@@]1(C)C(O)=O)C3CC2,prism_treatment_info
57f986a24,BRD-K81272440-236-13-5,dantrolene,calcium channel blocker,0.3145041271293692,0.2750049523946433,0.0394991747347259,False,"[O-][N+](=O)c1ccc(cc1)-c1ccc(\C=N\N2CC(=O)NC2=O)o1, [O-][N+](=O)c1ccc(cc1)-c1ccc(\C=N\N2CC(=O)NC2=O)o1",prism_treatment_info
581946f04,BRD-K91699951-001-10-2,benzonatate,local anesthetic,0.3402429135117064,0.3305796613161976,0.0096632521955087,False,CCCCNc1ccc(cc1)C(=O)OCCOCCOCCOCCOCCOCCOCCOCCOCCOC,prism_treatment_info
583c3bcba,BRD-K28965160-001-01-1,BVD-523,MAP kinase inhibitor,0.6122745663100561,0.5559971627906185,0.0562774035194375,True,CC(C)Nc1cc(-c2c[nH]c(c2)C(=O)N[C@H](CO)c2cccc(Cl)c2)c(Cl)cn1,prism_treatment_info
5842b3aff,BRD-A95602221-003-02-1,celiprolol,adrenergic receptor antagonist,0.3364910465000256,0.3075935888160747,0.0288974576839508,False,CCN(CC)C(=O)Nc1ccc(OCC(O)CNC(C)(C)C)c(c1)C(C)=O,prism_treatment_info
5857b6280,BRD-K28542495-003-13-5,benzydamine,prostanoid receptor antagonist,0.3679625123201335,0.3186543867430809,0.0493081255770526,False,"CN(C)CCCOc1nn(Cc2ccccc2)c2ccccc12, CN(C)CCCOc1nn(Cc2ccccc2)c2ccccc12",prism_treatment_info
586518b2d,BRD-K08033334-003-04-3,lincomycin,bacterial 30S ribosomal subunit inhibitor,0.3034226402667508,0.2496373008707795,0.0537853393959713,False,"CCC[C@@H]1C[C@H](N(C)C1)C(=O)N[C@H]([C@@H](C)O)[C@H]1O[C@H](SC)[C@H](O)[C@@H](O)[C@@H]1O, CCC[C@@H]1C[C@H](N(C)C1)C(=O)N[C@@H]([C@H](C)O)[C@H]1O[C@H](SC)[C@H](O)[C@@H](O)[C@H]1O, CCC[C@@H]1C[C@H](N(C)C1)C(=O)N[C@H]([C@@H](C)O)[C@H]1O[C@H](SC)[C@H](O)[C@@H](O)[C@@H]1O",prism_treatment_info
58684fff2,BRD-A67482312-001-02-6,4-P-PDOT,melatonin receptor antagonist,0.3583964824124537,0.3067716621555581,0.0516248202568956,False,"CCC(=O)NC1CC(c2ccccc2)c2ccccc2C1, CCC(=O)NC1CC(c2ccccc2)c2ccccc2C1",prism_treatment_info
586aa4a46,BRD-K79892937-001-02-5,phenolsulfonphthalein,,0.3399986839284376,0.3019796721227052,0.0380190118057324,False,Oc1ccc(cc1)C1(OS(=O)(=O)c2ccccc12)c1ccc(O)cc1,prism_treatment_info
589e8eaff,BRD-K30519779-001-03-1,homoquinolinic-acid,glutamate receptor agonist,0.3208446841274542,0.3103822758334677,0.0104624082939864,False,OC(=O)Cc1cccnc1C(O)=O,prism_treatment_info
58c0f7a88,BRD-K36660044-001-24-2,bufexamac,cyclooxygenase inhibitor,0.34028082287811,0.3187219040086257,0.0215589188694843,False,"CCCCOc1ccc(CC(=O)NO)cc1, CCCCOc1ccc(CC(=O)NO)cc1",prism_treatment_info
58c670daa,BRD-K95053546-001-01-9,tempol,free radical scavenger,0.4977115435544549,0.4420938391514106,0.0556177044030443,False,"CC1(C)CC(O)CC(C)(C)N1O, CC1(C)CC(O)CC(C)(C)N1O, CC1(C)CC(O)CC(C)(C)N1O",prism_treatment_info
58d311643,BRD-A94523291-304-02-7,prednisolone-sodium-phosphate,glucocorticoid receptor agonist,0.3457328271067104,0.2902515754896001,0.0554812516171102,False,C[C@]12C[C@H](O)C3C(CCC4=CC(=O)C=C[C@]34C)C1CC[C@]2(O)C(=O)COP(O)(O)=O,prism_treatment_info
58db87a4b,BRD-K32164935-001-30-8,tolazamide,ATP channel blocker,0.3697606583107737,0.3495588396350445,0.0202018186757292,False,"Cc1ccc(cc1)S(=O)(=O)NC(=O)NN1CCCCCC1, Cc1ccc(cc1)S(=O)(=O)NC(=O)NN1CCCCCC1, Cc1ccc(cc1)S(=O)(=O)NC(=O)NN1CCCCCC1",prism_treatment_info
58f735145,BRD-K58819470-001-05-9,2-thiouracil,,0.3860589091190573,0.3375063374069199,0.0485525717121374,False,"Oc1ccnc(S)n1, Oc1ccnc(S)n1",prism_treatment_info
5913ba476,BRD-K25311561-001-10-7,KU-55933,ATM kinase inhibitor,0.3438703839904657,0.3096143123303053,0.0342560716601604,False,"O=c1cc(oc(c1)-c1cccc2Sc3ccccc3Sc12)N1CCOCC1, O=c1cc(oc(c1)-c1cccc2Sc3ccccc3Sc12)N1CCOCC1",prism_treatment_info
591c4ee47,BRD-K18910433-001-43-2,estradiol,estrogen receptor agonist,0.3898685343457861,0.3222497065621132,0.0676188277836729,False,"C[C@]12CC[C@H]3[C@@H](CCc4cc(O)ccc34)[C@@H]1CC[C@@H]2O, C[C@]12CC[C@H]3[C@@H](CCc4cc(O)ccc34)[C@@H]1CC[C@@H]2O, C[C@]12CC[C@H]3[C@@H](CCc4cc(O)ccc34)[C@@H]1CC[C@@H]2O",prism_treatment_info
592929e23,BRD-A90515964-001-16-5,guaifenesin,expectorant,0.3245360111248119,0.3090210504520574,0.0155149606727544,False,"COc1ccccc1OCC(O)CO, COc1ccccc1OCC(O)CO",prism_treatment_info
593a5d6ad,BRD-K08356259-003-24-7,xylometazoline,adrenergic receptor agonist,0.3641367307902128,0.3407003070535873,0.0234364237366254,False,"Cc1cc(cc(C)c1CC1=NCCN1)C(C)(C)C, Cc1cc(cc(C)c1CC1=NCCN1)C(C)(C)C",prism_treatment_info
5958e3d89,BRD-K89714990-001-01-5,tepoxalin,"cyclooxygenase inhibitor, lipoxygenase inhibitor",0.4269827424036066,0.3690535043917182,0.0579292380118883,False,"COc1ccc(cc1)-n1nc(CCC(=O)N(C)O)cc1-c1ccc(Cl)cc1, COc1ccc(cc1)-n1nc(CCC(=O)N(C)O)cc1-c1ccc(Cl)cc1",prism_treatment_info
5959d1d1e,BRD-K03063480-001-05-8,PF-477736,CHK inhibitor,0.3554107210093887,0.2940870292825772,0.0613236917268114,False,"Cn1cc(cn1)-c1[nH]c2cc(NC(=O)[C@H](N)C3CCCCC3)cc3c2c1cn[nH]c3=O, Cn1cc(cn1)-c1[nH]c2cc(NC(=O)[C@H](N)C3CCCCC3)cc3c2c1cn[nH]c3=O, Cn1cc(cn1)-c1[nH]c2cc(NC(=O)[C@H](N)C3CCCCC3)cc3c2c1cn[nH]c3=O",prism_treatment_info
597779c01,BRD-A53813595-001-01-8,PGL5001,JNK inhibitor,0.3545928826195186,0.3125999265014944,0.0419929561180242,False,"N#CC(c1nc2ccccc2s1)c1ccnc(OCc2ccc(CN3CCOCC3)cc2)n1, N#CC(c1nc2ccccc2s1)c1ccnc(OCc2ccc(CN3CCOCC3)cc2)n1, N#CC(c1nc2ccccc2s1)c1ccnc(OCc2ccc(CN3CCOCC3)cc2)n1",prism_treatment_info
59a598698,BRD-K42417338-045-01-9,butorphanol-(+)-tartrate,"opioid receptor agonist, opioid receptor antagonist",0.3447839863169162,0.301584228786402,0.0431997575305141,False,Oc1ccc2C[C@H]3N(CC4CCC4)CC[C@@]4(CCCC[C@@]34O)c2c1,prism_treatment_info
59ba32d4e,BRD-K68408467-065-01-8,proflavine-hemisulfate,topical anesthetic,0.3592556510692583,0.2882511102311154,0.0710045408381429,False,Nc1ccc2cc3ccc(N)cc3nc2c1,prism_treatment_info
5a0b9ccba,BRD-K67772619-001-05-1,rheochrysidin,protein tyrosine kinase inhibitor,0.3560901918008791,0.3168503875877842,0.0392398042130948,False,COc1cc(O)c2C(=O)c3c(O)cc(C)cc3C(=O)c2c1,prism_treatment_info
5a13d6c2c,BRD-A49160188-003-12-7,donepezil,acetylcholinesterase inhibitor,0.3085355772178529,0.3083178331648573,0.0002177440529955,False,"COc1cc2CC(CC3CCN(Cc4ccccc4)CC3)C(=O)c2cc1OC, COc1cc2CC(CC3CCN(Cc4ccccc4)CC3)C(=O)c2cc1OC",prism_treatment_info
5a3c49d79,BRD-K81957469-001-01-0,semagacestat,gamma secretase inhibitor,0.3256165885985916,0.3202392583096931,0.0053773302888985,False,CC(C)[C@H](O)C(=O)N[C@@H](C)C(=O)N[C@@H]1c2ccccc2CCN(C)C1=O,prism_treatment_info
5a518a0f0,BRD-K17565903-066-23-1,pridinol,muscle relaxant,0.3268026460557038,0.3224068724287262,0.0043957736269776,False,"OC(CCN1CCCCC1)(c1ccccc1)c1ccccc1, OC(CCN1CCCCC1)(c1ccccc1)c1ccccc1",prism_treatment_info
5a5926a4e,BRD-K48061146-066-01-7,benztropine-mesylate,acetylcholine receptor antagonist,0.3420847504256549,0.324116681117344,0.0179680693083109,False,CN1[C@@H]2CC[C@@H]1C[C@H](C2)OC(c1ccccc1)c1ccccc1,prism_treatment_info
5aa46f542,BRD-A62421304-004-18-9,mepenzolate,acetylcholine receptor antagonist,0.3469299432456123,0.288368530380977,0.0585614128646352,False,"C[N+]1(C)CCCC(C1)OC(=O)C(O)(c1ccccc1)c1ccccc1, C[N+]1(C)CCCC(C1)OC(=O)C(O)(c1ccccc1)c1ccccc1",prism_treatment_info
5ab0bda1e,BRD-K72029282-001-22-0,probucol,atherogenesis inhibitor,0.3826672802163684,0.3522847350340294,0.030382545182339,False,"CC(C)(Sc1cc(c(O)c(c1)C(C)(C)C)C(C)(C)C)Sc1cc(c(O)c(c1)C(C)(C)C)C(C)(C)C, CC(C)(Sc1cc(c(O)c(c1)C(C)(C)C)C(C)(C)C)Sc1cc(c(O)c(c1)C(C)(C)C)C(C)(C)C",prism_treatment_info
5ab704064,BRD-A06390036-001-04-6,hydroquinidine,antiarrhythmic,0.3382521781695332,0.2982550312406644,0.0399971469288688,False,CC[C@H]1CN2CCC1C[C@@H]2[C@@H](O)c1ccnc2ccc(OC)cc12,prism_treatment_info
5ac378d8a,BRD-K81801188-001-02-8,PP-121,protein tyrosine kinase inhibitor,0.3510908951121089,0.3362069538489633,0.0148839412631455,False,"C1CCC(C1)n1nc(-c2cnc3[nH]ccc3c2)c2c(N)ncnc12, C1CCC(C1)n1nc(-c2cnc3[nH]ccc3c2)c2c(N)ncnc12",prism_treatment_info
5acc1b4a5,BRD-K39467894-001-05-9,nithiamide,bacterial DNA inhibitor,0.3325521822401591,0.3120292238440111,0.0205229583961479,False,"CC(=O)Nc1ncc(s1)[N+]([O-])=O, CC(=O)Nc1ncc(s1)[N+]([O-])=O, CC(=O)Nc1ncc(s1)[N+]([O-])=O",prism_treatment_info
5ad076ffe,BRD-A49160188-003-12-7,donepezil,acetylcholinesterase inhibitor,0.3485795676152768,0.3097658479979441,0.0388137196173327,False,"COc1cc2CC(CC3CCN(Cc4ccccc4)CC3)C(=O)c2cc1OC, COc1cc2CC(CC3CCN(Cc4ccccc4)CC3)C(=O)c2cc1OC",prism_treatment_info
5adcd38c7,BRD-K72327355-001-14-7,baicalein,lipoxygenase inhibitor,0.3692694534604345,0.3444757761220565,0.024793677338378,False,"Oc1cc2oc(cc(=O)c2c(O)c1O)-c1ccccc1, Oc1cc2oc(cc(=O)c2c(O)c1O)-c1ccccc1, Oc1cc2oc(cc(=O)c2c(O)c1O)-c1ccccc1",prism_treatment_info
5b07bdf86,BRD-K46731503-050-01-8,fesoterodine,acetylcholine receptor antagonist,0.3085162165077628,0.2862281922410276,0.0222880242667352,False,"CC(C)N(CC[C@H](c1ccccc1)c1cc(CO)ccc1OC(=O)C(C)C)C(C)C, CC(C)N(CC[C@H](c1ccccc1)c1cc(CO)ccc1OC(=O)C(C)C)C(C)C",prism_treatment_info
5b132e580,BRD-K41567364-001-04-6,SB-334867,orexin receptor antagonist,0.3380025591400373,0.3352136738548806,0.0027888852851566,False,"Cc1nc2ccc(NC(=O)Nc3ccnc4cccnc34)cc2o1, Cc1nc2ccc(NC(=O)Nc3ccnc4cccnc34)cc2o1",prism_treatment_info
5b4c20c9e,BRD-K52911425-001-09-8,GDC-0941,PI3K inhibitor,0.4642105692001795,0.3950709408274421,0.0691396283727374,False,CS(=O)(=O)N1CCN(Cc2cc3nc(nc(N4CCOCC4)c3s2)-c2cccc3[nH]ncc23)CC1,prism_treatment_info
5b6e8b52d,BRD-K26862302-001-05-2,diosmetin,aryl hydrocarbon receptor agonist,0.3844255821388075,0.3444122273657644,0.0400133547730431,False,COc1ccc(cc1O)-c1cc(=O)c2c(O)cc(O)cc2o1,prism_treatment_info
5b900c81b,BRD-A61676498-001-06-6,climbazole,enzyme inducer,0.3344186475536223,0.3264361286879706,0.0079825188656517,False,"CC(C)(C)C(=O)C(Oc1ccc(Cl)cc1)n1ccnc1, CC(C)(C)C(=O)C(Oc1ccc(Cl)cc1)n1ccnc1",prism_treatment_info
5bac87c31,BRD-K20141153-003-13-7,atomoxetine,norepinephrine transporter inhibitor,0.4105016869339586,0.3679908935173617,0.0425107934165969,False,"CNCC[C@@H](Oc1ccccc1C)c1ccccc1, CNCC[C@@H](Oc1ccccc1C)c1ccccc1, CNCC[C@@H](Oc1ccccc1C)c1ccccc1",prism_treatment_info
5bbc89d67,BRD-K80639402-003-02-9,SB-258585,serotonin receptor antagonist,0.2877990233610598,0.2603957924764405,0.0274032308846193,False,COc1ccc(NS(=O)(=O)c2ccc(I)cc2)cc1N1CCN(C)CC1,prism_treatment_info
5bc490161,BRD-A09094913-065-01-0,strychnine,acetylcholine receptor antagonist,0.3787896173807974,0.3032518668846135,0.0755377504961839,False,O=C1CC2OCC=C3CN4CC[C@@]56C4C[C@@H]3[C@@H]2C5N1c1ccccc61,prism_treatment_info
5bd4f7871,BRD-K01683783-001-02-6,TAK-901,Aurora kinase inhibitor,0.3981121671086598,0.3677133723626854,0.0303987947459744,False,CCS(=O)(=O)c1cccc(c1)-c1cc(C(=O)NC2CCN(C)CC2)c(C)c2[nH]c3ncc(C)cc3c12,prism_treatment_info
5c5d231dc,BRD-K32218650-001-01-6,MBX-2982,glucose dependent insulinotropic receptor agonist,0.3392156681106677,0.3345186775038459,0.0046969906068218,False,CCc1cnc(nc1)N1CCC(CC1)c1nc(COc2ccc(cc2)-n2cnnn2)cs1,prism_treatment_info
5c68cde71,BRD-K93880783-001-26-6,stavudine,"DNA directed DNA polymerase inhibitor, nucleoside reverse transcriptase inhibitor",0.3078882780079651,0.2941896608089228,0.0136986171990423,False,"Cc1cn([C@@H]2O[C@H](CO)C=C2)c(=O)[nH]c1=O, Cc1cn([C@@H]2O[C@H](CO)C=C2)c(=O)[nH]c1=O, Cc1cn([C@@H]2O[C@H](CO)C=C2)c(=O)[nH]c1=O",prism_treatment_info
5c9c8a14c,BRD-K78096648-001-05-7,oxiperomide,dopamine receptor antagonist,0.3525747331674358,0.3246571788150394,0.0279175543523963,False,Oc1nc2ccccc2n1C1CCN(CCOc2ccccc2)CC1,prism_treatment_info
5ca4b0b03,BRD-K41876534-001-13-7,tioxolone,carbonic anhydrase inhibitor,0.3544884945187876,0.3215652016008736,0.032923292917914,False,"Oc1ccc2sc(=O)oc2c1, Oc1ccc2sc(=O)oc2c1",prism_treatment_info
5cb1e784b,BRD-K40870905-001-01-7,CT-7758,integrin antagonist,0.3562783185311773,0.3320777839647861,0.0242005345663912,False,OC(=O)[C@H](Cc1ccc(Nc2nccc3ccncc23)cc1)NC1=C(Br)C(=O)C11CCCCC1,prism_treatment_info
5cbe59708,BRD-K80778372-001-02-5,Ro-19-4605,,0.428919452450183,0.3533869732449682,0.0755324792052148,False,"CN1Cc2c(ncn2-c2ccsc2C1=O)C(=O)OC(C)(C)C, CN1Cc2c(ncn2-c2ccsc2C1=O)C(=O)OC(C)(C)C",prism_treatment_info
5cc5a5a19,BRD-K07310275-001-02-5,PF-04691502,"mTOR inhibitor, PI3K inhibitor",0.4049503483994539,0.3764576958674283,0.0284926525320255,False,COc1ccc(cn1)-c1cc2c(C)nc(N)nc2n([C@H]2CC[C@@H](CC2)OCCO)c1=O,prism_treatment_info
5cdc04c1e,BRD-K95053546-001-02-7,tempol,free radical scavenger,0.4857467689565223,0.3301773674308966,0.1555694015256257,False,"CC1(C)CC(O)CC(C)(C)N1O, CC1(C)CC(O)CC(C)(C)N1O, CC1(C)CC(O)CC(C)(C)N1O",prism_treatment_info
5cdcbd29e,BRD-A71157293-003-10-0,fursultiamine,vitamin B,0.3209305639983201,0.2446206376802921,0.076309926318028,False,C\C(N(Cc1cnc(C)nc1N)C=O)=C(\CCO)SSCC1CCCO1,prism_treatment_info
5ce665b1c,BRD-K06858286-001-01-3,cabazitaxel,microtubule inhibitor,0.6917583034190182,0.6807951158558454,0.0109631875631728,True,CO[C@@H]1C[C@H]2OC[C@@]2(OC(C)=O)[C@H]2[C@@H](OC(=O)c3ccccc3)[C@@]3(O)C[C@H](OC(=O)[C@H](O)[C@@H](NC(=O)OC(C)(C)C)c4ccccc4)C(C)=C([C@@H](OC)C(=O)[C@]12C)C3(C)C,prism_treatment_info
5d1e27b26,BRD-K40901640-003-01-6,cinanserin,serotonin receptor antagonist,0.3444160253605631,0.3355730705034122,0.0088429548571509,False,CN(C)CCCSc1ccccc1NC(=O)\C=C\c1ccccc1,prism_treatment_info
5d43da005,BRD-K77634909-001-03-5,AEG3482,HSP inducer,0.3997167691618622,0.3665492390039784,0.0331675301578838,False,"NS(=O)(=O)c1nn2cc(nc2s1)-c1ccccc1, NS(=O)(=O)c1nn2cc(nc2s1)-c1ccccc1",prism_treatment_info
5d7696953,BRD-A44500574-001-01-8,FLI-06,notch signaling inhibitor,0.6849853842577541,0.3860291675356559,0.2989562167220981,True,"CC1=C(C(c2ccc(cc2)[N+]([O-])=O)C2=C(CC(C)(C)CC2=O)N1)C(=O)OC1CCCCC1, CC1=C(C(c2ccc(cc2)[N+]([O-])=O)C2=C(CC(C)(C)CC2=O)N1)C(=O)OC1CCCCC1, CC1=C(C(c2ccc(cc2)[N+]([O-])=O)C2=C(CC(C)(C)CC2=O)N1)C(=O)OC1CCCCC1",prism_treatment_info
5d8f149da,BRD-K13495773-001-11-4,creatinine,,0.3640054243988291,0.3351758911527813,0.0288295332460477,False,"CN1CC(=O)NC1=N, CN1CC(=O)NC1=N",prism_treatment_info
5d9a42dc4,BRD-K28965160-001-01-1,BVD-523,MAP kinase inhibitor,0.7119274704882275,0.711345497815175,0.0005819726730524,True,CC(C)Nc1cc(-c2c[nH]c(c2)C(=O)N[C@H](CO)c2cccc(Cl)c2)c(Cl)cn1,prism_treatment_info
5d9bb0ebe,BRD-A18763547-300-05-5,BAX-channel-blocker,cytochrome C release inhibitor,0.403052336682522,0.3351266899817915,0.0679256467007304,False,"OC(CN1CCNCC1)Cn1c2ccc(Br)cc2c2cc(Br)ccc12, OC(CN1CCNCC1)Cn1c2ccc(Br)cc2c2cc(Br)ccc12",prism_treatment_info
5dad3f0e4,BRD-K51937257-001-01-4,bilastine,histamine receptor antagonist,0.2997818971859157,0.2970558665824404,0.0027260306034753,False,CCOCCn1c(nc2ccccc12)C1CCN(CCc2ccc(cc2)C(C)(C)C(O)=O)CC1,prism_treatment_info
5db1c69e6,BRD-K44009692-001-02-3,hyodeoxycholic-acid,atherosclerosis formation inhibitor,0.402099844792703,0.3829252889472382,0.0191745558454647,False,C[C@H](CCC(O)=O)[C@H]1CC[C@H]2[C@@H]3C[C@H](O)[C@@H]4C[C@H](O)CC[C@]4(C)[C@H]3CC[C@]12C,prism_treatment_info
5db8b1e23,BRD-K89634775-001-09-9,allylthiourea,nitrification inhibitor,0.3633781574101651,0.3559591006273342,0.0074190567828309,False,"NC(S)=NCC=C, NC(S)=NCC=C",prism_treatment_info
5dba7da37,BRD-K04414442-001-08-3,SB-222200,tachykinin antagonist,0.2904900443534974,0.2551835315827921,0.0353065127707052,False,"CC[C@H](NC(=O)c1c(C)c(nc2ccccc12)-c1ccccc1)c1ccccc1, CC[C@H](NC(=O)c1c(C)c(nc2ccccc12)-c1ccccc1)c1ccccc1",prism_treatment_info
5dc88ae8a,BRD-K21913543-001-02-4,fluorescein,,0.2815075067381133,0.2781676781982311,0.0033398285398821,False,Oc1ccc2c(Oc3cc(O)ccc3C22OC(=O)c3ccccc23)c1,prism_treatment_info
5de2e119d,BRD-K61665160-001-01-5,BYK-204165,PARP inhibitor,0.3700216810636242,0.3404027755257608,0.0296189055378633,False,"Cn1cccc1\C=C1/C(=O)NC(=O)c2ccccc12, Cn1cccc1\C=C1/C(=O)NC(=O)c2ccccc12",prism_treatment_info
5def38f5f,BRD-K37720887-001-07-8,SB-525334,TGF beta receptor inhibitor,0.3600900593780794,0.3329305679371057,0.0271594914409737,False,"Cc1cccc(n1)-c1[nH]c(nc1-c1ccc2nccnc2c1)C(C)(C)C, Cc1cccc(n1)-c1[nH]c(nc1-c1ccc2nccnc2c1)C(C)(C)C",prism_treatment_info
5dfc637cd,BRD-K99107520-001-24-1,felbamate,glutamate receptor antagonist,0.3201917263914015,0.2981042043358126,0.0220875220555888,False,"NC(=O)OCC(COC(N)=O)c1ccccc1, NC(=O)OCC(COC(N)=O)c1ccccc1, NC(=O)OCC(COC(N)=O)c1ccccc1, NC(=O)OCC(COC(N)=O)c1ccccc1",prism_treatment_info
5e16befdd,BRD-K33127281-001-05-6,adapalene,retinoid receptor agonist,0.3843375443953783,0.376959213865525,0.0073783305298532,False,"COc1ccc(cc1C12CC3CC(CC(C3)C1)C2)-c1ccc2cc(ccc2c1)C(O)=O, COc1ccc(cc1C12CC3CC(CC(C3)C1)C2)-c1ccc2cc(ccc2c1)C(O)=O, COc1ccc(cc1C12CC3CC(CC(C3)C1)C2)-c1ccc2cc(ccc2c1)C(O)=O",prism_treatment_info
5e6359c7c,BRD-A49544621-003-02-8,AC-7954-(+/-),urotensin receptor agonist,0.3164417801897975,0.2753089385543742,0.0411328416354232,False,"CN(C)CCC1(Cc2ccccc2C(=O)O1)c1ccc(Cl)cc1, CN(C)CCC1(Cc2ccccc2C(=O)O1)c1ccc(Cl)cc1",prism_treatment_info
5e6f37c30,BRD-K72327355-001-14-7,baicalein,lipoxygenase inhibitor,0.2766015918825241,0.2411708744035003,0.0354307174790237,False,"Oc1cc2oc(cc(=O)c2c(O)c1O)-c1ccccc1, Oc1cc2oc(cc(=O)c2c(O)c1O)-c1ccccc1, Oc1cc2oc(cc(=O)c2c(O)c1O)-c1ccccc1",prism_treatment_info
5e73bee71,BRD-K37289225-001-36-4,clozapine,"dopamine receptor antagonist, serotonin receptor antagonist",0.3409121379804545,0.3189996681617997,0.0219124698186547,False,"CN1CCN(CC1)C1=Nc2cc(Cl)ccc2Nc2ccccc12, CN1CCN(CC1)C1=Nc2cc(Cl)ccc2Nc2ccccc12, CN1CCN(CC1)C1=Nc2cc(Cl)ccc2Nc2ccccc12, CN1CCN(CC1)C1=Nc2cc(Cl)ccc2Nc2ccccc12",prism_treatment_info
5ec98e006,BRD-K32744045-001-31-2,disulfiram,"aldehyde dehydrogenase inhibitor, DNA methyltransferase inhibitor, TRPV agonist",0.3271089688254966,0.2791464877459372,0.0479624810795594,False,"CCN(CC)C(=S)SSC(=S)N(CC)CC, CCN(CC)C(=S)SSC(=S)N(CC)CC, CCN(CC)C(=S)SSC(=S)N(CC)CC",prism_treatment_info
5ee773734,BRD-K72904818-001-01-1,NNC-63-0532,opioid receptor agonist,0.3129999706774433,0.3017797286073699,0.0112202420700733,False,"COC(=O)CN1CN(c2ccccc2)C2(CCN(Cc3cccc4ccccc34)CC2)C1=O, COC(=O)CN1CN(c2ccccc2)C2(CCN(Cc3cccc4ccccc34)CC2)C1=O",prism_treatment_info
5ef1bbe9e,BRD-K44844162-001-01-6,taselisib,PI3K inhibitor,0.748372199705843,0.5524626368162997,0.1959095628895433,True,CC(C)n1nc(C)nc1-c1cn2CCOc3cc(ccc3-c2n1)-c1cnn(c1)C(C)(C)C(N)=O,prism_treatment_info
5f024c577,BRD-K44876623-001-03-7,zolpidem,benzodiazepine receptor agonist,0.338611414280034,0.3295920759260789,0.0090193383539551,False,CN(C)C(=O)Cc1c(nc2ccc(C)cn12)-c1ccc(C)cc1,prism_treatment_info
5f039ad10,BRD-K55305701-001-01-2,SC-144,P glycoprotein inhibitor,0.4567050378484385,0.4089790638886355,0.0477259739598029,False,"Fc1ccc2c(c1)nc(NNC(=O)c1cnccn1)c1cccn21, Fc1ccc2c(c1)nc(NNC(=O)c1cnccn1)c1cccn21, Fc1ccc2c(c1)nc(NNC(=O)c1cnccn1)c1cccn21",prism_treatment_info
5f146f9eb,BRD-A50028488-001-01-6,TCS2002,glycogen synthase kinase inhibitor,0.3542744168583577,0.3356711541053206,0.018603262753037,False,"Cc1nnc(o1)-c1ccc2occ(-c3ccc(cc3)S(C)=O)c2c1, Cc1nnc(o1)-c1ccc2occ(-c3ccc(cc3)S(C)=O)c2c1",prism_treatment_info
5f326dadb,BRD-A04203391-001-08-3,piricapiron,"dopamine receptor antagonist, serotonin receptor antagonist",0.3039244033268631,0.2880034199293919,0.0159209833974712,False,CC1(C)C2CCC1(C)C(=O)N(CCCCN1CCN(CC1)c1ccccn1)C2=O,prism_treatment_info
5f53dbb60,BRD-K44004064-001-07-3,acefylline,adenosine receptor agonist,0.3769158524795186,0.341355241999171,0.0355606104803475,False,Cn1c2ncn(CC(O)=O)c2c(=O)n(C)c1=O,prism_treatment_info
5f5bcae2c,BRD-K64800655-001-07-4,PHA-793887,CDK inhibitor,0.5372655783026999,0.5033743600242965,0.0338912182784034,True,"CC(C)CC(=O)Nc1n[nH]c2c1CN(C(=O)C1CCN(C)CC1)C2(C)C, CC(C)CC(=O)Nc1n[nH]c2c1CN(C(=O)C1CCN(C)CC1)C2(C)C",prism_treatment_info
5f86753d1,BRD-K36269323-300-02-6,asymmetrical-dimethylarginine,nitric oxide synthase inhibitor,0.3507591798144233,0.3414158043011494,0.0093433755132739,False,CN(C)C(=N)NCCC[C@H](N)C(O)=O,prism_treatment_info
5fa33e0d4,BRD-A43435802-001-02-0,mercaptosuccinic-acid,,0.3500914545454032,0.3150674874296043,0.0350239671157989,False,"OC(=O)CC(S)C(O)=O, OC(=O)CC(S)C(O)=O",prism_treatment_info
5fe9c41db,BRD-A48237631-001-04-8,mitomycin-c,"DNA alkylating agent, DNA synthesis inhibitor",0.4941741303879713,0.4483875745765349,0.0457865558114363,False,CO[C@@]12[C@@H]3NC3CN1C1=C([C@@H]2COC(N)=O)C(=O)C(N)=C(C)C1=O,prism_treatment_info
5ffab4462,BRD-K10065684-001-07-4,dantron,laxative,0.364509607848589,0.3593317556620008,0.0051778521865881,False,Oc1cccc2C(=O)c3cccc(O)c3C(=O)c12,prism_treatment_info
6016d4866,BRD-A64610707-001-04-4,pranoprofen,cyclooxygenase inhibitor,0.3526455406737208,0.3210345203353357,0.0316110203383851,False,"CC(C(O)=O)c1ccc2Oc3ncccc3Cc2c1, CC(C(O)=O)c1ccc2Oc3ncccc3Cc2c1, CC(C(O)=O)c1ccc2Oc3ncccc3Cc2c1",prism_treatment_info
601af9b8d,BRD-K08231299-001-08-1,propoxur,,0.3582626048314271,0.3508995369553169,0.0073630678761102,False,CNC(=O)Oc1ccccc1OC(C)C,prism_treatment_info
601b091c0,BRD-K55191674-237-18-3,benzylpenicillin,penicillin binding protein inhibitor,0.3089447350601636,0.288303176527566,0.0206415585325975,False,"CC1(C)S[C@@H]2[C@H](NC(=O)Cc3ccccc3)C(=O)N2[C@H]1C(O)=O, CC1(C)S[C@@H]2[C@H](NC(=O)Cc3ccccc3)C(=O)N2[C@H]1C(O)=O, CC1(C)S[C@@H]2[C@H](NC(=O)Cc3ccccc3)C(=O)N2[C@H]1C(O)=O",prism_treatment_info
60722ee04,BRD-K65786282-001-07-5,CGP-7930,GABA receptor modulator,0.3585335923590612,0.3400747293998491,0.018458862959212,False,"CC(C)(CO)Cc1cc(c(O)c(c1)C(C)(C)C)C(C)(C)C, CC(C)(CO)Cc1cc(c(O)c(c1)C(C)(C)C)C(C)(C)C",prism_treatment_info
608a0a4eb,BRD-K77841042-001-14-1,brefeldin-a,protein synthesis inhibitor,0.3424879875237169,0.3262258896604568,0.0162620978632601,False,"C[C@H]1CCC\C=C\[C@@H]2C[C@H](O)C[C@H]2[C@H](O)\C=C\C(=O)O1, C[C@H]1CCC\C=C\[C@@H]2C[C@H](O)C[C@H]2[C@H](O)\C=C\C(=O)O1, C[C@H]1CCC\C=C\[C@@H]2C[C@H](O)C[C@H]2[C@H](O)\C=C\C(=O)O1",prism_treatment_info
60d87ebe7,BRD-A79431551-001-01-1,3-deazaadenosine,adenosylhomocysteinase inhibitor,0.3414315430724943,0.296018988436588,0.0454125546359063,False,Nc1nccc2n(cnc12)[C@@H]1O[C@H](CO)C(O)C1O,prism_treatment_info
60fb1a2e9,BRD-K92723993-001-06-7,imatinib,"Bcr-Abl kinase inhibitor, KIT inhibitor, PDGFR tyrosine kinase receptor inhibitor",0.5919380449741122,0.523789696550193,0.0681483484239191,True,"CN1CCN(Cc2ccc(cc2)C(=O)Nc2ccc(C)c(Nc3nccc(n3)-c3cccnc3)c2)CC1, CN1CCN(Cc2ccc(cc2)C(=O)Nc2ccc(C)c(Nc3nccc(n3)-c3cccnc3)c2)CC1, CN1CCN(Cc2ccc(cc2)C(=O)Nc2ccc(C)c(Nc3nccc(n3)-c3cccnc3)c2)CC1",prism_treatment_info
61155e673,BRD-A92630576-050-24-1,trimebutine,opioid receptor agonist,0.3655686694461902,0.3336435100098047,0.0319251594363855,False,"CCC(COC(=O)c1cc(OC)c(OC)c(OC)c1)(N(C)C)c1ccccc1, CCC(COC(=O)c1cc(OC)c(OC)c(OC)c1)(N(C)C)c1ccccc1",prism_treatment_info
6125952bb,BRD-K96358241-001-01-9,harringtonine,protein synthesis inhibitor,0.3370853814894376,0.3334662010610507,0.0036191804283869,False,COC(=O)C[C@@](O)(CCC(C)(C)O)C(=O)O[C@H]1[C@@H]2c3cc4OCOc4cc3CCN3CCC[C@]23C=C1OC,prism_treatment_info
6133c8ca0,BRD-K79892937-001-02-5,phenolsulfonphthalein,,0.3041168788519008,0.2760603961549013,0.0280564826969995,False,Oc1ccc(cc1)C1(OS(=O)(=O)c2ccccc12)c1ccc(O)cc1,prism_treatment_info
61ecd9a5b,BRD-A68304895-003-02-2,BTS-54505,dopamine reuptake inhibitor,0.5069260406829665,0.4939284278551577,0.0129976128278088,True,"CC(C)CC(N)C1(CCC1)c1ccc(Cl)cc1, CC(C)CC(N)C1(CCC1)c1ccc(Cl)cc1",prism_treatment_info
620a76eb1,BRD-K04176066-001-08-3,bergenin,interleukin inhibitor,0.4109996469296528,0.342964352490811,0.0680352944388418,False,"COc1c(O)cc2C(=O)O[C@@H]3[C@@H](O)[C@H](O)[C@@H](CO)O[C@H]3c2c1O, COc1c(O)cc2C(=O)O[C@@H]3[C@@H](O)[C@H](O)[C@@H](CO)O[C@H]3c2c1O",prism_treatment_info
62175d766,BRD-K67601717-037-02-4,almotriptan,serotonin receptor agonist,0.3523143425224234,0.2985262611284504,0.0537880813939729,False,"CN(C)CCc1c[nH]c2ccc(CS(=O)(=O)N3CCCC3)cc12, CN(C)CCc1c[nH]c2ccc(CS(=O)(=O)N3CCCC3)cc12",prism_treatment_info
62279748f,BRD-K51544265-001-04-2,cabozantinib,"RET tyrosine kinase inhibitor, VEGFR inhibitor",0.6174569804265467,0.4945899574003434,0.1228670230262032,True,"COc1cc2nccc(Oc3ccc(NC(=O)C4(CC4)C(=O)Nc4ccc(F)cc4)cc3)c2cc1OC, COc1cc2nccc(Oc3ccc(NC(=O)C4(CC4)C(=O)Nc4ccc(F)cc4)cc3)c2cc1OC",prism_treatment_info
622d45011,BRD-K71512533-066-02-8,SNS-314,Aurora kinase inhibitor,0.4171273081850361,0.3638251643914772,0.0533021437935589,False,"Clc1cccc(NC(=O)Nc2ncc(CCNc3ncnc4ccsc34)s2)c1, Clc1cccc(NC(=O)Nc2ncc(CCNc3ncnc4ccsc34)s2)c1",prism_treatment_info
625ee9176,BRD-K82027074-001-07-5,2-hydroxyflutamide,androgen receptor antagonist,0.3408211686142581,0.3041188314463614,0.0367023371678967,False,"CC(C)(O)C(=O)Nc1ccc(c(c1)C(F)(F)F)[N+]([O-])=O, CC(C)(O)C(=O)Nc1ccc(c(c1)C(F)(F)F)[N+]([O-])=O",prism_treatment_info
6262ba4a9,BRD-A87983072-001-01-1,benzotript,CCK receptor antagonist,0.3350907617226319,0.308684521194366,0.0264062405282659,False,OC(=O)C(Cc1c[nH]c2ccccc12)NC(=O)c1ccc(Cl)cc1,prism_treatment_info
6274c8c1f,BRD-A83802939-304-04-2,dexamethasone-sodium-phosphate,glucocorticoid receptor agonist,0.3664699760239156,0.3215163380225999,0.0449536380013157,False,"C[C@H]1CC2C3CCC4=CC(=O)C=C[C@]4(C)[C@@]3(F)[C@@H](O)C[C@]2(C)[C@@]1(O)C(=O)COP(O)(O)=O, C[C@@H]1CC2C3CCC4=CC(=O)C=C[C@]4(C)[C@@]3(F)[C@@H](O)C[C@]2(C)[C@@]1(O)C(=O)COP(O)(O)=O",prism_treatment_info
627d2d158,BRD-A93093700-001-02-9,temazepam,benzodiazepine receptor agonist,0.4837299780685947,0.4793665329303512,0.0043634451382434,False,CN1c2ccc(Cl)cc2C(=NC(O)C1=O)c1ccccc1,prism_treatment_info
62a1142b7,BRD-K21867462-001-02-9,GSK2816126,histone lysine methyltransferase inhibitor,0.3881550545923015,0.3648762662410156,0.0232787883512858,False,"CC[C@H](C)n1cc(C)c2c(cc(cc12)-c1ccc(nc1)N1CCNCC1)C(=O)NCc1c(C)cc(C)[nH]c1=O, CC[C@H](C)n1cc(C)c2c(cc(cc12)-c1ccc(nc1)N1CCNCC1)C(=O)NCc1c(C)cc(C)[nH]c1=O",prism_treatment_info
62ad50147,BRD-K75466013-001-14-4,benzocaine,sodium channel blocker,0.3571944492160133,0.3301698954344135,0.0270245537815997,False,"CCOC(=O)c1ccc(N)cc1, CCOC(=O)c1ccc(N)cc1",prism_treatment_info
62be1e189,BRD-K92723993-001-06-7,imatinib,"Bcr-Abl kinase inhibitor, KIT inhibitor, PDGFR tyrosine kinase receptor inhibitor",0.5958284733908671,0.5455389485889768,0.0502895248018903,True,"CN1CCN(Cc2ccc(cc2)C(=O)Nc2ccc(C)c(Nc3nccc(n3)-c3cccnc3)c2)CC1, CN1CCN(Cc2ccc(cc2)C(=O)Nc2ccc(C)c(Nc3nccc(n3)-c3cccnc3)c2)CC1, CN1CCN(Cc2ccc(cc2)C(=O)Nc2ccc(C)c(Nc3nccc(n3)-c3cccnc3)c2)CC1",prism_treatment_info
62e323023,BRD-K72384124-001-08-0,sulbentine,other antifungal,0.3443532079128538,0.3358185061936418,0.0085347017192119,False,S=C1SCN(Cc2ccccc2)CN1Cc1ccccc1,prism_treatment_info
62ff1ff60,BRD-K11911061-003-11-9,GR-127935,serotonin receptor antagonist,0.4357211304195826,0.3993574734479876,0.036363656971595,False,COc1ccc(NC(=O)c2ccc(cc2)-c2ccc(cc2C)-c2noc(C)n2)cc1N1CCN(C)CC1,prism_treatment_info
6314aae76,BRD-A56858165-001-04-4,cefadroxil,bacterial cell wall synthesis inhibitor,0.3907664439363182,0.3438710726167003,0.0468953713196179,False,CC1=C(N2[C@H](SC1)[C@H](NC(=O)C(N)c1ccc(O)cc1)C2=O)C(O)=O,prism_treatment_info
6324b63b6,BRD-K85066592-001-01-6,gly-gln,,0.3571833130126896,0.350903722189485,0.0062795908232046,False,NCC(=O)N[C@@H](CCC(N)=O)C(O)=O,prism_treatment_info
6326e38e9,BRD-K04993719-001-01-7,LY2334737,"antitumor agent, ribonucleotide reductase inhibitor",0.3886795054456398,0.3731043691054658,0.0155751363401739,False,CCCC(CCC)C(=O)Nc1ccn([C@@H]2O[C@H](CO)[C@@H](O)C2(F)F)c(=O)n1,prism_treatment_info
6333d8b74,BRD-K54790157-001-15-5,trioxsalen,DNA synthesis inhibitor,0.3379824246536389,0.3153170617389011,0.0226653629147378,False,Cc1cc2cc3c(C)cc(=O)oc3c(C)c2o1,prism_treatment_info
63425c3b3,BRD-K18673820-001-15-5,folic-acid,folate receptor ligand,0.2753514952418799,0.245314459094932,0.0300370361469479,False,Nc1nc(=O)c2nc(CNc3ccc(cc3)C(=O)N[C@@H](CCC(O)=O)C(O)=O)cnc2[nH]1,prism_treatment_info
63488f32f,BRD-K15834839-001-02-3,lobendazole,anthelmintic agent,0.3756195341822924,0.3426989782702483,0.032920555912044,False,CCOC(=O)Nc1nc2ccccc2[nH]1,prism_treatment_info
636db6870,BRD-K41876534-001-13-7,tioxolone,carbonic anhydrase inhibitor,0.4886376560756739,0.4527331518880574,0.0359045041876164,False,"Oc1ccc2sc(=O)oc2c1, Oc1ccc2sc(=O)oc2c1",prism_treatment_info
639ad146a,BRD-K22314899-001-02-4,CH223191,aryl hydrocarbon receptor antagonist,0.3107670236596782,0.2838693796585665,0.0268976440011117,False,Cc1cc(ccc1NC(=O)c1ccnn1C)\N=N\c1ccccc1C,prism_treatment_info
63ad36fb6,BRD-A82522119-001-01-7,tibolone,"androgen receptor agonist, estrogen receptor agonist, progesterone receptor agonist",0.319569441933956,0.3128381509236224,0.0067312910103335,False,C[C@@H]1CC2=C(CCC(=O)C2)[C@H]2CC[C@@]3(C)[C@H](CC[C@@]3(O)C#C)C12,prism_treatment_info
63c96bd5d,BRD-K85402309-389-03-2,dovitinib,"EGFR inhibitor, FGFR inhibitor, FLT3 inhibitor, PDGFR tyrosine kinase receptor inhibitor, VEGFR inhibitor",0.5133112285723379,0.394501923663399,0.1188093049089388,True,"CN1CCN(CC1)c1ccc2nc([nH]c2c1)-c1c(N)c2c(F)cccc2[nH]c1=O, CN1CCN(CC1)c1ccc2nc([nH]c2c1)-c1c(N)c2c(F)cccc2[nH]c1=O, CN1CCN(CC1)c1ccc2nc([nH]c2c1)-c1c(N)c2c(F)cccc2[nH]c1=O, CN1CCN(CC1)c1ccc2nc([nH]c2c1)-c1c(N)c2c(F)cccc2[nH]c1=O, CN1CCN(CC1)c1ccc2nc([nH]c2c1)-c1c(N)c2c(F)cccc2[nH]c1=O, CN1CCN(CC1)c1ccc2nc([nH]c2c1)-c1c(N)c2c(F)cccc2[nH]c1=O",prism_treatment_info
63f43cb38,BRD-K56115039-003-02-1,BU226,imidazoline receptor ligand,0.3434653386295024,0.3433185526170837,0.0001467860124186,False,C1CN=C(N1)c1cc2ccccc2cn1,prism_treatment_info
63fa34e99,BRD-K13756951-001-01-4,bitopertin,"glycine transporter inhibitor, GlyT-1 inhibitor",0.5652112303722464,0.5196371771429208,0.0455740532293256,True,C[C@H](Oc1ccc(cc1C(=O)N1CCN(CC1)c1ncc(cc1F)C(F)(F)F)S(C)(=O)=O)C(F)(F)F,prism_treatment_info
63ffa9918,BRD-K92848252-001-01-9,diminazene-aceturate,angiotensin converting enzyme activator,0.3522515197829592,0.3409365197440223,0.0113150000389369,False,"NC(=N)c1ccc(N\N=N\c2ccc(cc2)C(N)=N)cc1, NC(=N)c1ccc(N\N=N\c2ccc(cc2)C(N)=N)cc1, NC(=N)c1ccc(N\N=N\c2ccc(cc2)C(N)=N)cc1",prism_treatment_info
640db04b0,BRD-K93034159-001-25-8,cladribine,"adenosine deaminase inhibitor, ribonucleotide reductase inhibitor",0.4933834161116742,0.4857669053900299,0.0076165107216442,False,Nc1nc(Cl)nc2n(cnc12)[C@H]1C[C@H](O)[C@@H](CO)O1,prism_treatment_info
6448c1934,BRD-K32405725-001-02-8,etomoxir,carnitine palmitoyltransferase inhibitor,0.2838206253500572,0.2479375782092891,0.0358830471407681,False,CCOC(=O)[C@@]1(CCCCCCOc2ccc(Cl)cc2)CO1,prism_treatment_info
646fd293d,BRD-K09619322-001-03-8,CD-1530,retinoid receptor agonist,0.4961949776715934,0.357534932065915,0.1386600456056783,False,OC(=O)c1ccc(cc1)-c1ccc2cc(O)c(cc2c1)C12CC3CC(CC(C3)C1)C2,prism_treatment_info
647c5de12,BRD-K26325692-003-01-3,API-001,sigma receptor antagonist,0.3442724616821404,0.2710225841449276,0.0732498775372127,False,Cc1cc(OCCN2CCOCC2)nn1-c1ccc2ccccc2c1,prism_treatment_info
6482bd380,BRD-A50675702-001-07-1,fipronil,"chloride channel blocker, GABA gated chloride channel blocker",0.4127026241848945,0.3543951490439503,0.0583074751409442,False,Nc1c(c(nn1-c1c(Cl)cc(cc1Cl)C(F)(F)F)C#N)S(=O)C(F)(F)F,prism_treatment_info
648905d98,BRD-K36862742-001-25-6,hydroflumethiazide,sodium/potassium/chloride transporter inhibitor,0.2905342794519076,0.2737044839536342,0.0168297954982733,False,NS(=O)(=O)c1cc2c(NCNS2(=O)=O)cc1C(F)(F)F,prism_treatment_info
6499d33fd,BRD-K46742498-003-11-0,alosetron,serotonin receptor antagonist,0.3568311090115875,0.3003876238341237,0.0564434851774638,False,Cc1[nH]cnc1CN1CCc2c(C1=O)c1ccccc1n2C,prism_treatment_info
649d95014,BRD-K89072800-001-01-8,2-TEDC,lipoxygenase inhibitor,0.3017032081209996,0.2951522775037555,0.006550930617244,False,Oc1ccc(\C=C(/C#N)C(=O)OCCc2cccs2)cc1O,prism_treatment_info
64a61d483,BRD-K91822704-003-07-2,torcitabine,DNA polymerase inhibitor,0.4214433881591808,0.2949251660100699,0.1265182221491109,False,Nc1ccn([C@H]2C[C@H](O)[C@@H](CO)O2)c(=O)n1,prism_treatment_info
64c4c2b32,BRD-A42270467-001-04-4,tenatoprazole,ATPase inhibitor,0.3203798135079354,0.3078114388846799,0.0125683746232554,False,COc1ccc2[nH]c(nc2n1)S(=O)Cc1ncc(C)c(OC)c1C,prism_treatment_info
64cdb6b96,BRD-K95142244-001-01-5,talazoparib,PARP inhibitor,0.482767604955058,0.4246180384340913,0.0581495665209667,False,Cn1ncnc1[C@@H]1[C@H](Nc2cc(F)cc3c2c1n[nH]c3=O)c1ccc(F)cc1,prism_treatment_info
64faf6255,BRD-K99498722-001-02-6,plinabulin,tubulin polymerization inhibitor,0.4074958900937543,0.3889042565596208,0.0185916335341335,False,"CC(C)(C)c1[nH]cnc1\C=c1/[nH]c(=O)\c(=C\c2ccccc2)[nH]c1=O, CC(C)(C)c1[nH]cnc1\C=c1/[nH]c(=O)\c(=C\c2ccccc2)[nH]c1=O, CC(C)(C)c1[nH]cnc1\C=c1/[nH]c(=O)\c(=C\c2ccccc2)[nH]c1=O",prism_treatment_info
6509a4c73,BRD-K94420399-001-01-9,PF-04136309,CC chemokine receptor antagonist,0.3732018839157484,0.3274127837322036,0.0457891001835447,False,O[C@]1(CC[C@@H](CC1)N[C@H]1CCN(C1)C(=O)CNC(=O)c1cccc(c1)C(F)(F)F)c1ccc(cn1)-c1ncccn1,prism_treatment_info
650c0ae52,BRD-K13167095-001-02-9,AR-42,HDAC inhibitor,0.392581894004877,0.3753871899748618,0.0171947040300151,False,CC(C)[C@H](C(=O)Nc1ccc(cc1)C(=O)NO)c1ccccc1,prism_treatment_info
6511c8e6e,BRD-K36381762-300-02-7,nor-Binaltorphimine-dihydrochloride,opioid receptor antagonist,0.3099309188286038,0.2795952157538507,0.030335703074753,False,"Oc1ccc2C[C@H]3N(CC4CC4)CC[C@@]45[C@@H](Oc1c24)c1[nH]c2[C@@H]4Oc6c7c(C[C@H]8N(CC9CC9)CC[C@@]47[C@@]8(O)Cc2c1C[C@@]35O)ccc6O, Oc1ccc2C[C@H]3N(CC4CC4)CC[C@@]45[C@@H](Oc1c24)c1[nH]c2[C@@H]4Oc6c7c(C[C@H]8N(CC9CC9)CC[C@@]47[C@@]8(O)Cc2c1C[C@@]35O)ccc6O",prism_treatment_info
6523ad4c8,BRD-A23359898-003-10-0,sibutramine,serotonin-norepinephrine reuptake inhibitor (SNRI),0.2993041615541976,0.2636617343562105,0.0356424271979871,False,"CC(C)CC(N(C)C)C1(CCC1)c1ccc(Cl)cc1, CC(C)CC(N(C)C)C1(CCC1)c1ccc(Cl)cc1",prism_treatment_info
6540c0b79,BRD-K65678996-001-05-5,nefiracetam,"acetylcholine receptor agonist, benzodiazepine receptor agonist",0.3286377624054534,0.3258086411530743,0.0028291212523791,False,"Cc1cccc(C)c1NC(=O)CN1CCCC1=O, Cc1cccc(C)c1NC(=O)CN1CCCC1=O, Cc1cccc(C)c1NC(=O)CN1CCCC1=O",prism_treatment_info
654b180f8,BRD-K89071957-001-01-1,CTS21166,beta-secretase inhibitor,0.3461209866597483,0.2781179711475492,0.068003015512199,False,CC(C)C[C@H](NC(=O)[C@H](CC(N)=O)NC(=O)[C@@H](NC(=O)[C@@H](N)CCC(O)=O)C(C)C)[C@@H](O)C[C@@H](C)C(=O)N[C@@H](C)C(=O)N[C@@H](CCC(O)=O)C(=O)N[C@@H](Cc1ccccc1)C(O)=O,prism_treatment_info
655e8d881,BRD-K49962337-001-01-1,baicalin,beta glucuronidase inhibitor,0.3895357918591707,0.3822279043289093,0.0073078875302614,False,"O[C@H]1[C@H](Oc2cc3oc(cc(=O)c3c(O)c2O)-c2ccccc2)O[C@@H]([C@@H](O)[C@@H]1O)C(O)=O, O[C@H]1[C@H](Oc2cc3oc(cc(=O)c3c(O)c2O)-c2ccccc2)O[C@@H]([C@@H](O)[C@@H]1O)C(O)=O",prism_treatment_info
658cf6c71,BRD-K55013654-003-02-3,lorcaserin,serotonin receptor agonist,0.3463884008658482,0.3226824442439832,0.023705956621865,False,C[C@H]1CNCCc2ccc(Cl)cc12,prism_treatment_info
6597149ef,BRD-K43887077-003-26-3,dopamine,dopamine receptor agonist,0.3474372947525501,0.3365110083875087,0.0109262863650413,False,"NCCc1ccc(O)c(O)c1, NCCc1ccc(O)c(O)c1, NCCc1ccc(O)c(O)c1",prism_treatment_info
659d59aa0,BRD-K67943528-050-01-4,lisuride,dopamine receptor agonist,0.4175195820516227,0.4039050054063038,0.0136145766453189,False,CCN(CC)C(=O)N[C@@H]1CN(C)[C@@H]2Cc3c[nH]c4cccc(C2=C1)c34,prism_treatment_info
65a17f42f,BRD-K51486818-003-02-8,lazabemide,monoamine oxidase inhibitor,0.4234488785024742,0.3106391147349765,0.1128097637674976,False,"NCCNC(=O)c1ccc(Cl)cn1, NCCNC(=O)c1ccc(Cl)cn1",prism_treatment_info
65a37e70b,BRD-K14711741-001-02-1,PF-4708671,ribosomal protein inhibitor,0.4071749357739454,0.3583072871693737,0.0488676486045717,False,"CCc1cncnc1N1CCN(CC1)Cc1nc2cc(ccc2[nH]1)C(F)(F)F, CCc1cncnc1N1CCN(CC1)Cc1nc2cc(ccc2[nH]1)C(F)(F)F",prism_treatment_info
65d7f344a,BRD-K40758068-001-08-2,efavirenz,HIV protease inhibitor,0.3361092966798019,0.2818797446256764,0.0542295520541254,False,FC(F)(F)[C@]1(OC(=O)Nc2ccc(Cl)cc12)C#CC1CC1,prism_treatment_info
65fe1ef3a,BRD-K73477617-001-08-5,dibutyl-phthalate,,0.3324756590026765,0.3296365424060081,0.0028391165966684,False,CCCCOC(=O)c1ccccc1C(=O)OCCCC,prism_treatment_info
660685937,BRD-K97428065-001-01-2,netupitant,tachykinin antagonist,0.2817441908745977,0.2777241754205075,0.0040200154540902,False,CN(C(=O)C(C)(C)c1cc(cc(c1)C(F)(F)F)C(F)(F)F)c1cnc(cc1-c1ccccc1C)N1CCN(C)CC1,prism_treatment_info
6609f523a,BRD-K63750851-001-20-7,mycophenolic-acid,"dehydrogenase inhibitor, inositol monophosphatase inhibitor",0.4517134936146686,0.4339445088164034,0.0177689847982652,False,"COc1c(C)c2COC(=O)c2c(O)c1C\C=C(/C)CCC(O)=O, COc1c(C)c2COC(=O)c2c(O)c1C\C=C(/C)CCC(O)=O, COc1c(C)c2COC(=O)c2c(O)c1C\C=C(/C)CCC(O)=O, COc1c(C)c2COC(=O)c2c(O)c1C\C=C(/C)CCC(O)=O",prism_treatment_info
661a4dd2f,BRD-K67261995-001-11-7,iodipamide,radiopaque medium,0.312439086047885,0.2849649691324008,0.0274741169154842,False,OC(=O)c1c(I)cc(I)c(NC(=O)CCCCC(=O)Nc2c(I)cc(I)c(C(O)=O)c2I)c1I,prism_treatment_info
66228e858,BRD-K82142815-001-19-1,betamipron,panipenem uptake inhibitor,0.3474786830110629,0.2866667823104907,0.0608119007005722,False,"OC(=O)CCNC(=O)c1ccccc1, OC(=O)CCNC(=O)c1ccccc1",prism_treatment_info
6645347b9,BRD-K49759007-001-11-9,4-hydroxy-phenazone,,0.4333130572211925,0.3680161341792092,0.0652969230419832,False,Cc1c(O)c(=O)n(-c2ccccc2)n1C,prism_treatment_info
6657979c4,BRD-K26862302-001-05-2,diosmetin,aryl hydrocarbon receptor agonist,0.3610837640640378,0.3302861271842441,0.0307976368797936,False,COc1ccc(cc1O)-c1cc(=O)c2c(O)cc(O)cc2o1,prism_treatment_info
66664cde2,BRD-K27393415-001-01-0,xipamide,carbonic anhydrase inhibitor,0.3397818474070078,0.2504232133673293,0.0893586340396784,False,Cc1cccc(C)c1NC(=O)c1cc(c(Cl)cc1O)S(N)(=O)=O,prism_treatment_info
667f6e292,BRD-K16295392-003-01-3,atrasentan,endothelin receptor antagonist,0.3560450972407822,0.3182999339318795,0.0377451633089027,False,CCCCN(CCCC)C(=O)CN1C[C@@H]([C@H]([C@@H]1c1ccc(OC)cc1)C(O)=O)c1ccc2OCOc2c1,prism_treatment_info
668260b02,BRD-K22385716-001-02-5,LY303511,"casein kinase inhibitor, mTOR inhibitor, PI3K inhibitor",0.307809865366088,0.2769058117643692,0.0309040536017187,False,"O=c1cc(oc2c(cccc12)-c1ccccc1)N1CCNCC1, O=c1cc(oc2c(cccc12)-c1ccccc1)N1CCNCC1",prism_treatment_info
668bd9b0f,BRD-K40175214-001-11-6,torin-1,mTOR inhibitor,0.488148435780295,0.4649740856916667,0.0231743500886282,False,"CCC(=O)N1CCN(CC1)c1ccc(cc1C(F)(F)F)-n1c2c(ccc1=O)cnc1ccc(cc21)-c1cnc2ccccc2c1, CCC(=O)N1CCN(CC1)c1ccc(cc1C(F)(F)F)-n1c2c(ccc1=O)cnc1ccc(cc21)-c1cnc2ccccc2c1",prism_treatment_info
66d1837cc,BRD-A13188892-066-21-5,doxazosin,adrenergic receptor antagonist,0.4322766194759632,0.3503137330985807,0.0819628863773825,False,"COc1cc2nc(nc(N)c2cc1OC)N1CCN(CC1)C(=O)C1COc2ccccc2O1, COc1cc2nc(nc(N)c2cc1OC)N1CCN(CC1)C(=O)C1COc2ccccc2O1, COc1cc2nc(nc(N)c2cc1OC)N1CCN(CC1)C(=O)C1COc2ccccc2O1",prism_treatment_info
66dc0685e,BRD-K91370081-001-25-1,anisomycin,DNA synthesis inhibitor,0.4698963053921025,0.4535019023539122,0.0163944030381902,False,COc1ccc(C[C@H]2NC[C@H](O)[C@H]2OC(C)=O)cc1,prism_treatment_info
66f13dd14,BRD-K15834839-001-02-3,lobendazole,anthelmintic agent,0.3308356006069189,0.3134018783137966,0.0174337222931222,False,CCOC(=O)Nc1nc2ccccc2[nH]1,prism_treatment_info
66f251fd0,BRD-K76568384-001-02-2,PHTPP,estrogen receptor antagonist,0.4184798479701238,0.3001975148230223,0.1182823331471014,False,"Oc1ccc(cc1)-c1c(nn2c(cc(nc12)C(F)(F)F)C(F)(F)F)-c1ccccc1, Oc1ccc(cc1)-c1c(nn2c(cc(nc12)C(F)(F)F)C(F)(F)F)-c1ccccc1",prism_treatment_info
66ff35613,BRD-K22193694-001-13-6,dioxybenzone,topical sunscreen agent,0.3567839451085837,0.2993254866009527,0.057458458507631,False,COc1ccc(C(=O)c2ccccc2O)c(O)c1,prism_treatment_info
673a97299,BRD-K80431395-001-09-9,triciribine,AKT inhibitor,0.551333330679142,0.4002976114298875,0.1510357192492545,True,"Cn1nc(N)c2cn([C@@H]3O[C@H](CO)[C@@H](O)[C@H]3O)c3ncnc1c23, Cn1nc(N)c2cn([C@@H]3O[C@H](CO)[C@@H](O)[C@H]3O)c3ncnc1c23, Cn1nc(N)c2cn([C@@H]3O[C@H](CO)[C@@H](O)[C@H]3O)c3ncnc1c23, Cn1nc(N)c2cn([C@@H]3O[C@H](CO)[C@@H](O)[C@H]3O)c3ncnc1c23",prism_treatment_info
673c67b84,BRD-K86972824-001-02-2,oltipraz,"nuclear factor erythroid derived, like (NRF2) activator",0.3809291427851842,0.3334512094916257,0.0474779332935584,False,"Cc1c(ssc1=S)-c1cnccn1, Cc1c(ssc1=S)-c1cnccn1",prism_treatment_info
673e4579f,BRD-K49880111-236-09-2,cephapirin,bacterial cell wall synthesis inhibitor,0.3352561267126974,0.3095229270937458,0.0257331996189515,False,"CC(=O)OCC1=C(N2[C@H](SC1)[C@H](NC(=O)CSc1ccncc1)C2=O)C(O)=O, CC(=O)OCC1=C(N2[C@H](SC1)[C@H](NC(=O)CSc1ccncc1)C2=O)C(O)=O",prism_treatment_info
6745c5cad,BRD-K30563334-001-02-9,rifabutin,protein synthesis inhibitor,0.3113618129056733,0.2948048603106757,0.0165569525949975,False,CO[C@H]1\C=C\O[C@@]2(C)Oc3c(C2=O)c2c(c(O)c3C)c(O)c(NC(=O)\C(C)=C\C=C\[C@H](C)[C@H](O)[C@@H](C)[C@@H](O)[C@@H](C)[C@H](OC(C)=O)[C@@H]1C)c1=NC3(CCN(CC(C)C)CC3)N=c21,prism_treatment_info
677c0e043,BRD-K24084088-001-11-3,paraxanthine,adenosine receptor antagonist,0.3831747432377377,0.3487696476814124,0.0344050955563253,False,Cn1cnc2[nH]c(=O)n(C)c(=O)c12,prism_treatment_info
677ee6c42,BRD-A09554849-236-07-6,8-bromo-cAMP,PKA activator,0.3752806430204193,0.344591654181196,0.0306889888392233,False,Nc1ncnc2n([C@@H]3O[C@@H]4COP(O)(=O)O[C@H]4[C@H]3O)c(Br)nc12,prism_treatment_info
67a5142d4,BRD-K97764662-001-17-3,PD-173074,"FGFR inhibitor, VEGFR inhibitor",0.3524915047034972,0.3462934366000767,0.0061980681034205,False,"CCN(CC)CCCCNc1ncc2cc(-c3cc(OC)cc(OC)c3)c(NC(=O)NC(C)(C)C)nc2n1, CCN(CC)CCCCNc1ncc2cc(-c3cc(OC)cc(OC)c3)c(NC(=O)NC(C)(C)C)nc2n1, CCN(CC)CCCCNc1ncc2cc(-c3cc(OC)cc(OC)c3)c(NC(=O)NC(C)(C)C)nc2n1",prism_treatment_info
67b8f0a99,BRD-A98378129-001-02-2,talniflumate,cyclooxygenase inhibitor,0.3737728503751293,0.319395220182826,0.0543776301923032,False,"FC(F)(F)c1cccc(Nc2ncccc2C(=O)OC2OC(=O)c3ccccc23)c1, FC(F)(F)c1cccc(Nc2ncccc2C(=O)OC2OC(=O)c3ccccc23)c1",prism_treatment_info
67bb07b93,BRD-K52080565-001-09-2,nandrolone,imidazoline receptor agonist,0.3395307656100434,0.3359497981636632,0.0035809674463801,False,"C[C@]12CC[C@H]3[C@@H](CCC4=CC(=O)CC[C@H]34)[C@@H]1CC[C@@H]2O, C[C@]12CC[C@H]3[C@@H](CCC4=CC(=O)CC[C@H]34)[C@@H]1CC[C@@H]2O",prism_treatment_info
67c4672f3,BRD-A13946108-001-17-1,sulindac,cyclooxygenase inhibitor,0.3560084679846714,0.3222911428917003,0.033717325092971,False,"CC1=C(CC(O)=O)c2cc(F)ccc2C\1=C/c1ccc(cc1)S(C)=O, CC1=C(CC(O)=O)c2cc(F)ccc2C\1=C/c1ccc(cc1)S(C)=O, CC1=C(CC(O)=O)c2cc(F)ccc2C\1=C/c1ccc(cc1)S(C)=O, CC1=C(CC(O)=O)c2cc(F)ccc2C\1=C/c1ccc(cc1)S(C)=O",prism_treatment_info
67c879e79,BRD-K55305701-001-01-2,SC-144,P glycoprotein inhibitor,0.5328542360402376,0.4438400963623097,0.0890141396779278,True,"Fc1ccc2c(c1)nc(NNC(=O)c1cnccn1)c1cccn21, Fc1ccc2c(c1)nc(NNC(=O)c1cnccn1)c1cccn21, Fc1ccc2c(c1)nc(NNC(=O)c1cnccn1)c1cccn21",prism_treatment_info
67f1e7c58,BRD-K99964838-001-11-9,bosutinib,"Abl kinase inhibitor, Bcr-Abl kinase inhibitor, src inhibitor",0.5374316452341275,0.4940716193917838,0.0433600258423436,True,"COc1cc(Nc2c(cnc3cc(OCCCN4CCN(C)CC4)c(OC)cc23)C#N)c(Cl)cc1Cl, COc1cc(Nc2c(cnc3cc(OCCCN4CCN(C)CC4)c(OC)cc23)C#N)c(Cl)cc1Cl",prism_treatment_info
67faa565c,BRD-K82484965-003-03-5,carmoxirole,dopamine receptor agonist,0.3844219125660819,0.3144930529216967,0.0699288596443851,False,"OC(=O)c1ccc2[nH]cc(CCCCN3CCC(=CC3)c3ccccc3)c2c1, OC(=O)c1ccc2[nH]cc(CCCCN3CCC(=CC3)c3ccccc3)c2c1",prism_treatment_info
6820aeb6d,BRD-K05181084-003-03-7,NGB-2904,dopamine receptor antagonist,0.2987634536302333,0.2860542282147319,0.0127092254155014,False,"Clc1cccc(N2CCN(CCCCNC(=O)c3ccc-4c(Cc5ccccc-45)c3)CC2)c1Cl, Clc1cccc(N2CCN(CCCCNC(=O)c3ccc-4c(Cc5ccccc-45)c3)CC2)c1Cl",prism_treatment_info
68282e3fb,BRD-K85402309-389-03-2,dovitinib,"EGFR inhibitor, FGFR inhibitor, FLT3 inhibitor, PDGFR tyrosine kinase receptor inhibitor, VEGFR inhibitor",0.4591000886825506,0.4385318951534572,0.0205681935290934,False,"CN1CCN(CC1)c1ccc2nc([nH]c2c1)-c1c(N)c2c(F)cccc2[nH]c1=O, CN1CCN(CC1)c1ccc2nc([nH]c2c1)-c1c(N)c2c(F)cccc2[nH]c1=O, CN1CCN(CC1)c1ccc2nc([nH]c2c1)-c1c(N)c2c(F)cccc2[nH]c1=O, CN1CCN(CC1)c1ccc2nc([nH]c2c1)-c1c(N)c2c(F)cccc2[nH]c1=O, CN1CCN(CC1)c1ccc2nc([nH]c2c1)-c1c(N)c2c(F)cccc2[nH]c1=O, CN1CCN(CC1)c1ccc2nc([nH]c2c1)-c1c(N)c2c(F)cccc2[nH]c1=O",prism_treatment_info
685a2dbd1,BRD-K78485176-001-07-8,olmesartan-medoxomil,angiotensin receptor antagonist,0.3275553340043924,0.292390177798094,0.0351651562062984,False,"CCCc1nc(C(C)(C)O)c(C(=O)OCc2oc(=O)oc2C)n1Cc1ccc(cc1)-c1ccccc1-c1nn[nH]n1, CCCc1nc(C(C)(C)O)c(C(=O)OCc2oc(=O)oc2C)n1Cc1ccc(cc1)-c1ccccc1-c1nn[nH]n1, CCCc1nc(C(C)(C)O)c(C(=O)OCc2oc(=O)oc2C)n1Cc1ccc(cc1)-c1ccccc1-c1nn[nH]n1",prism_treatment_info
685f4da60,BRD-K98572433-001-02-9,AZD8931,EGFR inhibitor,0.4244919135453947,0.4199922729796018,0.0044996405657929,False,CNC(=O)CN1CCC(CC1)Oc1cc2c(Nc3cccc(Cl)c3F)ncnc2cc1OC,prism_treatment_info
68869f4e9,BRD-K60038276-001-09-0,irbesartan,angiotensin receptor antagonist,0.3692333386420002,0.337558305470453,0.0316750331715471,False,"CCCCC1=NC2(CCCC2)C(=O)N1Cc1ccc(cc1)-c1ccccc1-c1nnn[nH]1, CCCCC1=NC2(CCCC2)C(=O)N1Cc1ccc(cc1)-c1ccccc1-c1nnn[nH]1",prism_treatment_info
6895c50ed,BRD-K47554101-001-01-2,eperezolid,bacterial 30S ribosomal subunit inhibitor,0.3139005739110999,0.304263095462606,0.0096374784484938,False,CC(=O)NC[C@H]1CN(C(=O)O1)c1ccc(N2CCN(CC2)C(=O)CO)c(F)c1,prism_treatment_info
68b8c1d2c,BRD-K97399794-001-15-3,quercetin,polar auxin transport inhibitor,0.3361607667536931,0.3308074344877178,0.0053533322659753,False,"Oc1cc(O)c2c(c1)oc(-c1ccc(O)c(O)c1)c(O)c2=O, Oc1cc(O)c2c(c1)oc(-c1ccc(O)c(O)c1)c(O)c2=O, Oc1cc(O)c2c(c1)oc(-c1ccc(O)c(O)c1)c(O)c2=O, Oc1cc(O)c2c(c1)oc(-c1ccc(O)c(O)c1)c(O)c2=O, Oc1cc(O)c2c(c1)oc(-c1ccc(O)c(O)c1)c(O)c2=O",prism_treatment_info
68c329b79,BRD-A14208071-004-19-8,oxyphenonium,cholinergic receptor antagonist,0.3345877067021691,0.3194576586474787,0.0151300480546903,False,CC[N+](C)(CC)CCOC(=O)C(O)(C1CCCCC1)c1ccccc1,prism_treatment_info
690c67f98,BRD-K31553034-001-03-0,zibotentan,endothelin receptor antagonist,0.3832922717180204,0.3534662463279358,0.0298260253900846,False,COc1nc(C)cnc1NS(=O)(=O)c1cccnc1-c1ccc(cc1)-c1nnco1,prism_treatment_info
691956bc1,BRD-K46839850-050-04-2,cinepazide,calcium channel activator,0.3726541990762246,0.3108738386775423,0.0617803603986822,False,"COc1cc(cc(OC)c1OC)\C=C\C(=O)N1CCN(CC(=O)N2CCCC2)CC1, COc1cc(cc(OC)c1OC)\C=C\C(=O)N1CCN(CC(=O)N2CCCC2)CC1",prism_treatment_info
694423d34,BRD-K85402309-001-06-6,dovitinib,"EGFR inhibitor, FGFR inhibitor, FLT3 inhibitor, PDGFR tyrosine kinase receptor inhibitor, VEGFR inhibitor",0.3661947860432433,0.3411899685690338,0.0250048174742095,False,"CN1CCN(CC1)c1ccc2nc([nH]c2c1)-c1c(N)c2c(F)cccc2[nH]c1=O, CN1CCN(CC1)c1ccc2nc([nH]c2c1)-c1c(N)c2c(F)cccc2[nH]c1=O, CN1CCN(CC1)c1ccc2nc([nH]c2c1)-c1c(N)c2c(F)cccc2[nH]c1=O, CN1CCN(CC1)c1ccc2nc([nH]c2c1)-c1c(N)c2c(F)cccc2[nH]c1=O, CN1CCN(CC1)c1ccc2nc([nH]c2c1)-c1c(N)c2c(F)cccc2[nH]c1=O, CN1CCN(CC1)c1ccc2nc([nH]c2c1)-c1c(N)c2c(F)cccc2[nH]c1=O",prism_treatment_info
697cb2e39,BRD-K04833372-001-06-2,GSK1904529A,"IGF-1 inhibitor, insulin growth factor receptor inhibitor, insulin receptor ligand",0.344102100113771,0.3128327845149452,0.0312693155988258,False,CCc1cc(Nc2nccc(n2)-c2c(nc3ccccn23)-c2ccc(OC)c(c2)C(=O)Nc2c(F)cccc2F)c(OC)cc1N1CCC(CC1)N1CCN(CC1)S(C)(=O)=O,prism_treatment_info
6986f2497,BRD-K61097567-001-08-5,SB-218795,tachykinin antagonist,0.3666396687609797,0.3498279654538656,0.0168117033071141,False,"COC(=O)[C@H](NC(=O)c1cc(nc2ccccc12)-c1ccccc1)c1ccccc1, COC(=O)[C@H](NC(=O)c1cc(nc2ccccc12)-c1ccccc1)c1ccccc1",prism_treatment_info
69a679a4c,BRD-K85402309-389-03-2,dovitinib,"EGFR inhibitor, FGFR inhibitor, FLT3 inhibitor, PDGFR tyrosine kinase receptor inhibitor, VEGFR inhibitor",0.488363893421585,0.4493769729384247,0.0389869204831602,False,"CN1CCN(CC1)c1ccc2nc([nH]c2c1)-c1c(N)c2c(F)cccc2[nH]c1=O, CN1CCN(CC1)c1ccc2nc([nH]c2c1)-c1c(N)c2c(F)cccc2[nH]c1=O, CN1CCN(CC1)c1ccc2nc([nH]c2c1)-c1c(N)c2c(F)cccc2[nH]c1=O, CN1CCN(CC1)c1ccc2nc([nH]c2c1)-c1c(N)c2c(F)cccc2[nH]c1=O, CN1CCN(CC1)c1ccc2nc([nH]c2c1)-c1c(N)c2c(F)cccc2[nH]c1=O, CN1CCN(CC1)c1ccc2nc([nH]c2c1)-c1c(N)c2c(F)cccc2[nH]c1=O",prism_treatment_info
69afcb665,BRD-K23566484-001-15-1,nilutamide,androgen receptor antagonist,0.3599676500416611,0.338778496925619,0.021189153116042,False,"CC1(C)NC(=O)N(C1=O)c1ccc(c(c1)C(F)(F)F)[N+]([O-])=O, CC1(C)NC(=O)N(C1=O)c1ccc(c(c1)C(F)(F)F)[N+]([O-])=O",prism_treatment_info
69bafa12c,BRD-A17462676-003-11-6,bambuterol,adrenergic receptor agonist,0.3230623729630087,0.3153878433465309,0.0076745296164777,False,CN(C)C(=O)Oc1cc(OC(=O)N(C)C)cc(c1)C(O)CNC(C)(C)C,prism_treatment_info
69e723380,BRD-K65544384-001-15-8,4-aminohippuric-acid,,0.3770143398984344,0.3752545864306512,0.0017597534677832,False,"Nc1ccc(cc1)C(=O)NCC(O)=O, Nc1ccc(cc1)C(=O)NCC(O)=O, Nc1ccc(cc1)C(=O)NCC(O)=O, Nc1ccc(cc1)C(=O)NCC(O)=O, Nc1ccc(cc1)C(=O)NCC(O)=O",prism_treatment_info
69e995bbc,BRD-K64800655-001-07-4,PHA-793887,CDK inhibitor,0.2942935897995233,0.2670126594857754,0.0272809303137478,False,"CC(C)CC(=O)Nc1n[nH]c2c1CN(C(=O)C1CCN(C)CC1)C2(C)C, CC(C)CC(=O)Nc1n[nH]c2c1CN(C(=O)C1CCN(C)CC1)C2(C)C",prism_treatment_info
6a1616f45,BRD-K81130846-001-17-4,salicylamide,analgesic agent,0.3209077126079649,0.320652282504852,0.0002554301031129,False,NC(=O)c1ccccc1O,prism_treatment_info
6a1c3dbaa,BRD-A73871920-236-03-6,nanchangmycin,other antibiotic,0.2880639458881772,0.2612730744577375,0.0267908714304396,False,CO[C@H]1CCC(O[C@H]2CC(O[C@]3(O[C@H](C[C@@H]3C)C3O[C@@](O)(CO)[C@H](C)C[C@@H]3C)[C@@H]2C)[C@]2(C)CC[C@]3(C[C@H](O)[C@@H](C)[C@H](O3)[C@@H](C)\C=C(/C)C(=O)[C@H](C)C[C@H](C)C(O)=O)O2)O[C@@H]1C,prism_treatment_info
6a3bdd1f3,BRD-A44448661-001-04-8,pentobarbital,"barbiturate antiepileptic, GABA receptor modulator",0.3330806445738957,0.3325330261222806,0.0005476184516151,False,CCCC(C)C1(CC)C(=O)NC(=O)NC1=O,prism_treatment_info
6a45e10e3,BRD-K54708045-001-02-1,nTZDpa,PPAR receptor agonist,0.3970346391641101,0.3904851263011676,0.0065495128629424,False,"OC(=O)c1n(Cc2ccc(Cl)cc2)c2ccc(Cl)cc2c1Sc1ccccc1, OC(=O)c1n(Cc2ccc(Cl)cc2)c2ccc(Cl)cc2c1Sc1ccccc1",prism_treatment_info
6a4ad6b60,BRD-K70557564-305-03-6,zosuquidar,P glycoprotein inhibitor,0.3508213744833431,0.3289395789617791,0.0218817955215639,False,"O[C@@H](COc1cccc2ncccc12)CN1CCN(CC1)[C@@H]1c2ccccc2[C@@H]2[C@H](c3ccccc13)C2(F)F, O[C@@H](COc1cccc2ncccc12)CN1CCN(CC1)[C@@H]1c2ccccc2[C@@H]2[C@H](c3ccccc13)C2(F)F",prism_treatment_info
6a652b57d,BRD-K15834839-001-02-3,lobendazole,anthelmintic agent,0.317430753888277,0.3031992479764676,0.0142315059118094,False,CCOC(=O)Nc1nc2ccccc2[nH]1,prism_treatment_info
6a73f4bc7,BRD-K73381198-001-01-1,5-fluoro-3-pyridyl-methanol,,0.3278508237530805,0.3109933127836068,0.0168575109694736,False,OCc1cncc(F)c1,prism_treatment_info
6a7e3f282,BRD-K68185022-001-14-8,ursolic-acid,"ATPase inhibitor, NFkB pathway inhibitor, STAT inhibitor",0.378515938381316,0.3267749050485251,0.0517410333327908,False,"C[C@@H]1CC[C@@]2(CC[C@]3(C)C(=CC[C@@H]4[C@@]5(C)CC[C@H](O)C(C)(C)[C@@H]5CC[C@@]34C)[C@@H]2[C@H]1C)C(O)=O, C[C@@H]1CC[C@@]2(CC[C@]3(C)C(=CC[C@@H]4[C@@]5(C)CC[C@H](O)C(C)(C)[C@@H]5CC[C@@]34C)[C@@H]2[C@H]1C)C(O)=O",prism_treatment_info
6a7fd5fd2,BRD-K72384124-001-08-0,sulbentine,other antifungal,0.3565042250737208,0.3450420498846671,0.0114621751890537,False,S=C1SCN(Cc2ccccc2)CN1Cc1ccccc1,prism_treatment_info
6a834c77e,BRD-A40084411-003-07-7,CGP-12177,adrenergic receptor agonist,0.3664209562714988,0.3074350246610071,0.0589859316104917,False,CC(C)(C)NCC(O)COc1cccc2[nH]c(O)nc12,prism_treatment_info
6a8e97963,BRD-K92657060-001-05-7,zaleplon,benzodiazepine receptor agonist,0.3188488315910184,0.3175982049672305,0.0012506266237878,False,CCN(C(C)=O)c1cccc(c1)-c1ccnc2c(cnn12)C#N,prism_treatment_info
6aa148114,BRD-A55913614-316-09-6,primaquine,"antimalarial agent, DNA inhibitor",0.3084477203274595,0.3002649796600265,0.008182740667433,False,"COc1cc(NC(C)CCCN)c2ncccc2c1, COc1cc(NC(C)CCCN)c2ncccc2c1",prism_treatment_info
6ab5f49ce,BRD-K80451230-051-02-6,zamifenacin,acetylcholine receptor antagonist,0.3827854208386767,0.3416737318392214,0.0411116889994553,False,"C(Cc1ccc2OCOc2c1)N1CCC[C@H](C1)OC(c1ccccc1)c1ccccc1, C(Cc1ccc2OCOc2c1)N1CCC[C@H](C1)OC(c1ccccc1)c1ccccc1",prism_treatment_info
6acba9513,BRD-K96263742-001-14-8,GW-7647,PPAR receptor agonist,0.4194813336589316,0.3644560427119007,0.0550252909470308,False,"CC(C)(Sc1ccc(CCN(CCCCC2CCCCC2)C(=O)NC2CCCCC2)cc1)C(O)=O, CC(C)(Sc1ccc(CCN(CCCCC2CCCCC2)C(=O)NC2CCCCC2)cc1)C(O)=O",prism_treatment_info
6adcb05b2,BRD-A23359898-003-10-0,sibutramine,serotonin-norepinephrine reuptake inhibitor (SNRI),0.2975846937875414,0.261039598040731,0.0365450957468104,False,"CC(C)CC(N(C)C)C1(CCC1)c1ccc(Cl)cc1, CC(C)CC(N(C)C)C1(CCC1)c1ccc(Cl)cc1",prism_treatment_info
6addf9927,BRD-K68164687-001-01-6,epothilone-b,"microtubule stabilizing agent, tubulin polymerization inhibitor",0.5665021258890991,0.5335603767312125,0.0329417491578866,True,C[C@H]1CCC[C@@]2(C)O[C@H]2C[C@@H](OC(=O)C[C@@H](O)C(C)(C)C(=O)[C@H](C)[C@H]1O)C(\C)=C\c1csc(C)n1,prism_treatment_info
6ae801d3b,BRD-K25312248-001-01-5,matrine,opioid receptor agonist,0.3840163628814271,0.3186347426287221,0.0653816202527049,False,O=C1CCC[C@@H]2[C@@H]3CCCN4CCC[C@H](CN12)[C@@H]34,prism_treatment_info
6aeb27c9f,BRD-K81855038-003-13-9,roxatidine-acetate,histamine receptor antagonist,0.3472619939144381,0.3212543857522394,0.0260076081621987,False,"CC(=O)OCC(=O)NCCCOc1cccc(CN2CCCCC2)c1, CC(=O)OCC(=O)NCCCOc1cccc(CN2CCCCC2)c1, CC(=O)OCC(=O)NCCCOc1cccc(CN2CCCCC2)c1",prism_treatment_info
6aebeddc6,BRD-K37694030-003-12-7,doxepin,histamine receptor antagonist,0.3382321504639006,0.3178408381633063,0.0203913123005942,False,"CN(C)CC\C=C1\c2ccccc2COc2ccccc12, CN(C)CC\C=C1\c2ccccc2COc2ccccc12",prism_treatment_info
6af506b12,BRD-K54606188-001-13-1,JQ1-(+),bromodomain inhibitor,0.4433714361955233,0.3782245611810821,0.0651468750144412,False,"Cc1sc-2c(c1C)C(=N[C@@H](CC(=O)OC(C)(C)C)c1nnc(C)n-21)c1ccc(Cl)cc1, Cc1sc-2c(c1C)C(=N[C@@H](CC(=O)OC(C)(C)C)c1nnc(C)n-21)c1ccc(Cl)cc1",prism_treatment_info
6af52e87e,BRD-K08791496-001-01-0,fenaclon,,0.3645736716720105,0.3301679384906693,0.0344057331813411,False,ClCCC(=O)NCCc1ccccc1,prism_treatment_info
6b039baf0,BRD-A83802939-304-04-2,dexamethasone-sodium-phosphate,glucocorticoid receptor agonist,0.4601977423134993,0.4225736518550725,0.0376240904584267,False,"C[C@H]1CC2C3CCC4=CC(=O)C=C[C@]4(C)[C@@]3(F)[C@@H](O)C[C@]2(C)[C@@]1(O)C(=O)COP(O)(O)=O, C[C@@H]1CC2C3CCC4=CC(=O)C=C[C@]4(C)[C@@]3(F)[C@@H](O)C[C@]2(C)[C@@]1(O)C(=O)COP(O)(O)=O",prism_treatment_info
6b06d32ba,BRD-A25687296-300-04-3,emetine,protein synthesis inhibitor,0.2822518407889184,0.2774754264896088,0.0047764142993095,False,"CC[C@H]1CN2CCc3cc(OC)c(OC)cc3C2C[C@@H]1CC1NCCc2cc(OC)c(OC)cc12, CC[C@H]1CN2CCc3cc(OC)c(OC)cc3[C@@H]2C[C@@H]1C[C@H]1NCCc2cc(OC)c(OC)cc12",prism_treatment_info
6b099f4be,BRD-K07691486-001-15-5,roscovitine,CDK inhibitor,0.322709477019359,0.3027761555514716,0.0199333214678874,False,"CC[C@H](CO)Nc1nc(NCc2ccccc2)c2ncn(C(C)C)c2n1, CC[C@H](CO)Nc1nc(NCc2ccccc2)c2ncn(C(C)C)c2n1",prism_treatment_info
6b1b8aee1,BRD-K28007504-051-01-2,Ro-60-0175,,0.3938541470936862,0.330520805172163,0.0633333419215231,False,"C[C@H](N)Cn1ccc2cc(F)c(Cl)cc12, C[C@H](N)Cn1ccc2cc(F)c(Cl)cc12",prism_treatment_info
6b27abb86,BRD-K07283971-001-01-3,oxyclozanide,,0.346019318745706,0.3212494275302069,0.024769891215499,False,Oc1c(Cl)cc(Cl)cc1NC(=O)c1c(O)c(Cl)cc(Cl)c1Cl,prism_treatment_info
6b2d73b7d,BRD-K77841042-001-14-1,brefeldin-a,protein synthesis inhibitor,0.3796290247609523,0.3767510739883853,0.0028779507725669,False,"C[C@H]1CCC\C=C\[C@@H]2C[C@H](O)C[C@H]2[C@H](O)\C=C\C(=O)O1, C[C@H]1CCC\C=C\[C@@H]2C[C@H](O)C[C@H]2[C@H](O)\C=C\C(=O)O1, C[C@H]1CCC\C=C\[C@@H]2C[C@H](O)C[C@H]2[C@H](O)\C=C\C(=O)O1",prism_treatment_info
6b34e9796,BRD-K22097830-001-01-9,OCO-1112,cholesterol inhibitor,0.3997658830591201,0.3055423789611188,0.0942235040980013,False,CC(C)c1ccc(cc1)C(=O)NCCOc1ccc(cc1)C(O)=O,prism_treatment_info
6b47c2de9,BRD-K72327355-001-14-7,baicalein,lipoxygenase inhibitor,0.2987621429666156,0.2817157278255311,0.0170464151410844,False,"Oc1cc2oc(cc(=O)c2c(O)c1O)-c1ccccc1, Oc1cc2oc(cc(=O)c2c(O)c1O)-c1ccccc1, Oc1cc2oc(cc(=O)c2c(O)c1O)-c1ccccc1",prism_treatment_info
6b8557352,BRD-K28863208-001-02-0,PNU-282987,cholinergic receptor agonist,0.3958198334686452,0.3084934419541246,0.0873263915145206,False,"Clc1ccc(cc1)C(=O)N[C@H]1CN2CCC1CC2, Clc1ccc(cc1)C(=O)N[C@H]1CN2CCC1CC2",prism_treatment_info
6b8b675cc,BRD-K14705039-001-16-4,sulfathiazole,dihydropteroate synthase inhibitor,0.3681777891659567,0.3335591096220002,0.0346186795439564,False,"Nc1ccc(cc1)S(=O)(=O)Nc1nccs1, Nc1ccc(cc1)S(=O)(=O)Nc1nccs1",prism_treatment_info
6b8ddd0d5,BRD-K64890080-001-13-8,BI-2536,PLK inhibitor,0.3109429221912408,0.2977357125939813,0.0132072095972595,False,CC[C@H]1N(C2CCCC2)c2nc(Nc3ccc(cc3OC)C(=O)NC3CCN(C)CC3)ncc2N(C)C1=O,prism_treatment_info
6ba823ea2,BRD-K49759007-001-11-9,4-hydroxy-phenazone,,0.3322984063425815,0.3160840735651504,0.0162143327774311,False,Cc1c(O)c(=O)n(-c2ccccc2)n1C,prism_treatment_info
6bb10b5bd,BRD-A14208071-004-19-8,oxyphenonium,cholinergic receptor antagonist,0.3537745470818449,0.3181729145904255,0.0356016324914193,False,CC[N+](C)(CC)CCOC(=O)C(O)(C1CCCCC1)c1ccccc1,prism_treatment_info
6bb340664,BRD-K84895041-001-02-4,BMY-45778,IP1 prostacyclin receptor agonist,0.3678310765414738,0.3555452050999009,0.0122858714415728,False,OC(=O)COc1cccc(c1)-c1ocnc1-c1nc(c(o1)-c1ccccc1)-c1ccccc1,prism_treatment_info
6bc52f3ab,BRD-K65503129-001-06-3,CCT018159,HSP inhibitor,0.3126008287824598,0.2955329515548917,0.0170678772275681,False,"CCc1cc(-c2n[nH]c(C)c2-c2ccc3OCCOc3c2)c(O)cc1O, CCc1cc(-c2n[nH]c(C)c2-c2ccc3OCCOc3c2)c(O)cc1O",prism_treatment_info
6c1147903,BRD-A86354194-002-01-7,L-(+)-Rhamnose-Monohydrate,,0.3861382238441863,0.3658884651981957,0.0202497586459906,False,C[C@H]1OC(O)[C@H](O)[C@H](O)[C@H]1O,prism_treatment_info
6c11c1fd7,BRD-K93632104-001-17-2,salicylic-acid,cyclooxygenase inhibitor,0.4181937040413874,0.3069692545608555,0.1112244494805319,False,OC(=O)c1ccccc1O,prism_treatment_info
6c1dc8477,BRD-K54665485-001-07-9,R-59022,"diacylglycerol kinase inhibitor, protein kinase inhibitor",0.3261730187111842,0.3048784097311524,0.0212946089800318,False,"Cc1nc2sccn2c(=O)c1CCN1CCC(CC1)=C(c1ccccc1)c1ccc(F)cc1, Cc1nc2sccn2c(=O)c1CCN1CCC(CC1)=C(c1ccccc1)c1ccc(F)cc1",prism_treatment_info
6c210797e,BRD-K69035426-001-01-3,omeprazole-sulfide,ATPase inhibitor,0.3550682141522877,0.3518666237827338,0.0032015903695538,False,COc1ccc2nc(SCc3ncc(C)c(OC)c3C)[nH]c2c1,prism_treatment_info
6c3a459be,BRD-A36010170-001-04-0,amcinonide,glucocorticoid receptor agonist,0.3656670938221092,0.3608489781053192,0.0048181157167899,False,CC(=O)OCC(=O)[C@@]12OC3(CCCC3)O[C@@H]1CC1C3CCC4=CC(=O)C=C[C@]4(C)[C@@]3(F)[C@@H](O)C[C@]21C,prism_treatment_info
6c3a8ced5,BRD-A49399758-015-01-8,desmopressin-acetate,vasopressin receptor agonist,0.3867128419412089,0.3044099676763854,0.0823028742648235,False,NC(=O)CCC1NC(=O)C(Cc2ccccc2)NC(=O)C(Cc2ccc(O)cc2)NC(=O)CCSSCC(NC(=O)C(CC(N)=O)NC1=O)C(=O)N1CCCC1C(=O)NC(CCCNC(N)=N)C(=O)NCC(N)=O,prism_treatment_info
6c3f1fb45,BRD-K95609758-001-03-7,BMS-191011,potassium channel activator,0.3332396192655904,0.3311425424251608,0.0020970768404295,False,"Oc1ccc(Cl)cc1Cn1nc(oc1=O)-c1ccc(cc1)C(F)(F)F, Oc1ccc(Cl)cc1Cn1nc(oc1=O)-c1ccc(cc1)C(F)(F)F",prism_treatment_info
6c53d8743,BRD-K33379087-001-07-5,tivantinib,tyrosine kinase inhibitor,0.5352972099674463,0.5284005068584962,0.0068967031089501,True,O=C1NC(=O)[C@H]([C@@H]1c1c[nH]c2ccccc12)c1cn2CCCc3cccc1c23,prism_treatment_info
6c665f098,BRD-A97437073-050-14-5,rosiglitazone,"insulin sensitizer, PPAR receptor agonist",0.3321845938075566,0.3096183945631378,0.0225661992444188,False,"CN(CCOc1ccc(CC2SC(=O)NC2=O)cc1)c1ccccn1, CN(CCOc1ccc(CC2SC(=O)NC2=O)cc1)c1ccccn1, CN(CCOc1ccc(CC2SC(=O)NC2=O)cc1)c1ccccn1, CN(CCOc1ccc(CC2SC(=O)NC2=O)cc1)c1ccccn1, CN(CCOc1ccc(CC2SC(=O)NC2=O)cc1)c1ccccn1",prism_treatment_info
6c73dca82,BRD-K96159438-001-06-3,adefovir-dipivoxil,DNA polymerase inhibitor,0.3723405681978655,0.3510344856332279,0.0213060825646376,False,"CC(C)(C)C(=O)OCOP(=O)(COCCn1cnc2c(N)ncnc12)OCOC(=O)C(C)(C)C, CC(C)(C)C(=O)OCOP(=O)(COCCn1cnc2c(N)ncnc12)OCOC(=O)C(C)(C)C",prism_treatment_info
6c85eef96,BRD-K44665581-001-01-8,bromosporine,bromodomain inhibitor,0.4497691291399499,0.3855065484404581,0.0642625806994917,False,"CCOC(=O)Nc1cc(nn2c(C)nnc12)-c1ccc(C)c(NS(C)(=O)=O)c1, CCOC(=O)Nc1cc(nn2c(C)nnc12)-c1ccc(C)c(NS(C)(=O)=O)c1",prism_treatment_info
6c8ad2e0d,BRD-K24869513-001-02-1,CNX-2006,EGFR inhibitor,0.3336677212043698,0.3187977999914941,0.0148699212128757,False,COc1cc(NC2CN(CCF)C2)ccc1Nc1ncc(c(Nc2cccc(NC(=O)C=C)c2)n1)C(F)(F)F,prism_treatment_info
6c90f6912,BRD-K47659338-003-02-8,EMD-386088,serotonin receptor agonist,0.296134532212895,0.2839362781492567,0.0121982540636383,False,"Cc1[nH]c2ccc(Cl)cc2c1C1=CCNCC1, Cc1[nH]c2ccc(Cl)cc2c1C1=CCNCC1",prism_treatment_info
6ca507038,BRD-K40302533-001-02-9,PF-5274857,smoothened receptor antagonist,0.305587844372004,0.2797068345846864,0.0258810097873175,False,"Cc1cnc(c(C)c1)-c1cc(ncc1Cl)N1CCN(CC1)C(=O)CCS(C)(=O)=O, Cc1cnc(c(C)c1)-c1cc(ncc1Cl)N1CCN(CC1)C(=O)CCS(C)(=O)=O",prism_treatment_info
6cbc2e644,BRD-K06181161-048-15-1,carbetapentane,acetylcholine receptor antagonist,0.467789752140209,0.3122749781695879,0.1555147739706211,False,"CCN(CC)CCOCCOC(=O)C1(CCCC1)c1ccccc1, CCN(CC)CCOCCOC(=O)C1(CCCC1)c1ccccc1",prism_treatment_info
6cd966644,BRD-A61154809-001-15-9,gliclazide,"ATP channel blocker, insulin secretagogue",0.379928833616267,0.3189130657912587,0.0610157678250082,False,"Cc1ccc(cc1)S(=O)(=O)NC(=O)NN1CC2CCCC2C1, Cc1ccc(cc1)S(=O)(=O)NC(=O)NN1CC2CCCC2C1, Cc1ccc(cc1)S(=O)(=O)NC(=O)NN1CC2CCCC2C1",prism_treatment_info
6d365d473,BRD-A85876464-001-01-5,nibentan,potassium channel blocker,0.3425062999855492,0.341442869450565,0.0010634305349842,False,CCN(CC)CCCCC(NC(=O)c1ccc(cc1)[N+]([O-])=O)c1ccccc1,prism_treatment_info
6d373f4a5,BRD-K49783248-303-08-4,decamethonium,acetylcholine receptor agonist,0.3709661222570516,0.3201093153357984,0.0508568069212532,False,"C[N+](C)(C)CCCCCCCCCC[N+](C)(C)C, C[N+](C)(C)CCCCCCCCCC[N+](C)(C)C",prism_treatment_info
6d4b8a98c,BRD-K69122748-001-10-1,diacerein,interleukin inhibitor,0.3270531322452584,0.3227176970351941,0.0043354352100642,False,"CC(=O)Oc1cccc2C(=O)c3cc(cc(OC(C)=O)c3C(=O)c12)C(O)=O, CC(=O)Oc1cccc2C(=O)c3cc(cc(OC(C)=O)c3C(=O)c12)C(O)=O, CC(=O)Oc1cccc2C(=O)c3cc(cc(OC(C)=O)c3C(=O)c12)C(O)=O",prism_treatment_info
6d62ed1d1,BRD-A80017228-001-25-7,bendroflumethiazide,sodium/potassium/chloride transporter inhibitor,0.3424346973735914,0.3266278765657057,0.0158068208078857,False,"NS(=O)(=O)c1cc2c(NC(Cc3ccccc3)NS2(=O)=O)cc1C(F)(F)F, NS(=O)(=O)c1cc2c(NC(Cc3ccccc3)NS2(=O)=O)cc1C(F)(F)F",prism_treatment_info
6d96a6775,BRD-U45393375-000-01-6,sevelamer,phosphate antagonist,0.3170632762870853,0.2868229076598148,0.0302403686272705,False,", NCC=C.ClCC1CO1",prism_treatment_info
6da69438c,BRD-K62374253-001-07-8,rufloxacin,bacterial DNA gyrase inhibitor,0.2539976834352565,0.2424857755462383,0.0115119078890182,False,CN1CCN(CC1)c1c(F)cc2c3c1SCCn3cc(C(O)=O)c2=O,prism_treatment_info
6dae023ba,BRD-K97010173-001-04-1,deferasirox,chelating agent,0.2894945551891708,0.2879830838177843,0.0015114713713864,False,OC(=O)c1ccc(cc1)-n1nc(nc1-c1ccccc1O)-c1ccccc1O,prism_treatment_info
6ddb71abd,BRD-A06627858-236-03-0,monensin,bacterial permeability inducer,0.3678658492303996,0.3324275789036569,0.0354382703267426,False,"CC[C@]1(CC[C@@H](O1)[C@]1(C)CC[C@]2(C[C@H](O)[C@@H](C)[C@H](O2)[C@@H](C)[C@@H](OC)[C@H](C)C(O)=O)O1)C1O[C@H](C[C@@H]1C)C1O[C@@](O)(CO)[C@H](C)C[C@@H]1C, CC[C@]1(CC[C@@H](O1)[C@]1(C)CC[C@]2(C[C@H](O)[C@@H](C)[C@H](O2)[C@@H](C)[C@@H](OC)[C@H](C)C(O)=O)O1)C1O[C@H](C[C@@H]1C)C1O[C@@](O)(CO)[C@H](C)C[C@@H]1C, CC[C@]1(CC[C@@H](O1)[C@]1(C)CC[C@]2(C[C@H](O)[C@@H](C)[C@H](O2)[C@@H](C)[C@@H](OC)[C@H](C)C(O)=O)O1)C1O[C@H](C[C@@H]1C)C1O[C@@](O)(CO)[C@H](C)C[C@@H]1C",prism_treatment_info
6def270ae,BRD-K64800655-001-07-4,PHA-793887,CDK inhibitor,0.5408671712430749,0.5279105996829911,0.0129565715600837,True,"CC(C)CC(=O)Nc1n[nH]c2c1CN(C(=O)C1CCN(C)CC1)C2(C)C, CC(C)CC(=O)Nc1n[nH]c2c1CN(C(=O)C1CCN(C)CC1)C2(C)C",prism_treatment_info
6dfda028e,BRD-K39915878-036-24-4,loxapine,"dopamine receptor antagonist, serotonin receptor antagonist",0.3387614216062322,0.3321350111354801,0.006626410470752,False,"CN1CCN(CC1)C1=Nc2ccccc2Oc2ccc(Cl)cc12, CN1CCN(CC1)C1=Nc2ccccc2Oc2ccc(Cl)cc12",prism_treatment_info
6e010878b,BRD-K80653534-001-01-7,N-acetyl-D-glucosamine,,0.3699269961293616,0.3394034277699845,0.030523568359377,False,CC(=O)N[C@@H](C=O)[C@@H](O)[C@H](O)[C@H](O)CO,prism_treatment_info
6e2b418c3,BRD-K39974922-001-04-3,lenvatinib,"FGFR inhibitor, KIT inhibitor, PDGFR tyrosine kinase receptor inhibitor, VEGFR inhibitor",0.4407157253073501,0.3749521960818436,0.0657635292255064,False,COc1cc2nccc(Oc3ccc(NC(=O)NC4CC4)c(Cl)c3)c2cc1C(N)=O,prism_treatment_info
6e418401d,BRD-A43882281-001-15-5,pinacidil,"ATP channel activator, potassium channel activator",0.3502235668131419,0.3397531137905831,0.0104704530225587,False,"CC(N\C(Nc1ccncc1)=N\C#N)C(C)(C)C, CC(N\C(Nc1ccncc1)=N\C#N)C(C)(C)C",prism_treatment_info
6e4791c3a,BRD-K73440166-001-01-3,cinaciguat,guanylate cyclase activator,0.3143410601629248,0.2886237365537649,0.0257173236091599,False,OC(=O)CCCCN(CCc1ccccc1OCc1ccc(CCc2ccccc2)cc1)Cc1ccc(cc1)C(O)=O,prism_treatment_info
6e6a1d184,BRD-K89055274-048-22-7,alverine,muscle relaxant,0.3149048149609273,0.2996726663488886,0.0152321486120386,False,"CCN(CCCc1ccccc1)CCCc1ccccc1, CCN(CCCc1ccccc1)CCCc1ccccc1",prism_treatment_info
6e8550f2f,BRD-K22745370-003-02-3,2-BFI,imidazoline receptor ligand,0.3226783658280485,0.3117770209384714,0.010901344889577,False,C1CN=C(N1)c1cc2ccccc2o1,prism_treatment_info
6e986ee5c,BRD-K54247840-004-01-3,halofuginone,collagenase inhibitor,0.3744479953498308,0.3721190672041523,0.0023289281456784,False,O[C@H]1CCCN[C@@H]1CC(=O)Cn1cnc2cc(Br)c(Cl)cc2c1=O,prism_treatment_info
6e9a63153,BRD-A55469827-001-07-4,mephenesin,muscle relaxant,0.3420914865771178,0.337062380249729,0.0050291063273887,False,Cc1ccccc1OCC(O)CO,prism_treatment_info
6ea69711f,BRD-K51544265-001-04-2,cabozantinib,"RET tyrosine kinase inhibitor, VEGFR inhibitor",0.62733419799144,0.5965136887055641,0.0308205092858758,True,"COc1cc2nccc(Oc3ccc(NC(=O)C4(CC4)C(=O)Nc4ccc(F)cc4)cc3)c2cc1OC, COc1cc2nccc(Oc3ccc(NC(=O)C4(CC4)C(=O)Nc4ccc(F)cc4)cc3)c2cc1OC",prism_treatment_info
6ea819c9e,BRD-A72711497-236-03-8,lasalocid,bacterial permeability inducer,0.3266798219139025,0.3174262583226682,0.0092535635912343,False,CC[C@H](C1OC(CC)(C[C@@H]1C)C1CC[C@](O)(CC)[C@H](C)O1)C(=O)C(C)[C@@H](O)[C@H](C)CCc1ccc(C)c(O)c1C(O)=O,prism_treatment_info
6eb8ff3da,BRD-K43164539-001-11-5,cholic-acid,bile acid,0.428285602241878,0.3239787831197678,0.1043068191221101,False,C[C@H](CCC(O)=O)[C@H]1CC[C@H]2[C@@H]3[C@H](O)C[C@@H]4C[C@H](O)CC[C@]4(C)[C@H]3C[C@H](O)[C@]12C,prism_treatment_info
6eb97d70a,BRD-K68488863-001-04-9,ENMD-2076,"Aurora kinase inhibitor, FLT3 inhibitor, VEGFR inhibitor",0.5032173813643517,0.4295964238087248,0.0736209575556268,True,CN1CCN(CC1)c1cc(Nc2cc(C)[nH]n2)nc(\C=C\c2ccccc2)n1,prism_treatment_info
6ec93d617,BRD-A14395271-074-17-8,mesoridazine,dopamine receptor antagonist,0.3738879615463357,0.3551145227386985,0.0187734388076372,False,"CN1CCCCC1CCN1c2ccccc2Sc2ccc(cc12)S(C)=O, CN1CCCCC1CCN1c2ccccc2Sc2ccc(cc12)S(C)=O, CN1CCCCC1CCN1c2ccccc2Sc2ccc(cc12)S(C)=O",prism_treatment_info
6ecbbb561,BRD-K54790157-001-15-5,trioxsalen,DNA synthesis inhibitor,0.4203638881945576,0.3219347881703768,0.0984291000241808,False,Cc1cc2cc3c(C)cc(=O)oc3c(C)c2o1,prism_treatment_info
6ed25f7d9,BRD-A49906757-004-09-8,scopolamine-n-oxide,acetylcholine receptor antagonist,0.3731940058258072,0.3663251222403345,0.0068688835854727,False,C[N+]1([O-])[C@H]2C[C@@H](C[C@@H]1[C@H]1O[C@@H]21)OC(=O)[C@H](CO)c1ccccc1,prism_treatment_info
6ef24fb20,BRD-K46914825-300-01-0,zimelidine,selective serotonin reuptake inhibitor (SSRI),0.3708021472820085,0.3227549175828798,0.0480472296991287,False,CN(C)C\C=C(\c1ccc(Br)cc1)c1cccnc1,prism_treatment_info
6efbb1ede,BRD-K62277907-001-01-6,PYM50028,neurotrophic agent,0.361088541140434,0.3375074869781046,0.0235810541623294,False,C[C@H]1[C@H]2[C@H](C[C@H]3[C@@H]4CC[C@@H]5C[C@@H](O)CC[C@]5(C)[C@H]4CC[C@]23C)O[C@]11CC[C@H](C)CO1,prism_treatment_info
6f039ecfb,BRD-A67516570-001-02-8,lafutidine,histamine receptor antagonist,0.2813919540791005,0.2667755066160427,0.0146164474630577,False,O=C(CS(=O)Cc1ccco1)NC\C=C/COc1cc(CN2CCCCC2)ccn1,prism_treatment_info
6f3b29e16,BRD-K42098891-003-20-5,protriptyline,tricyclic antidepressant,0.3210515823915838,0.276115191758754,0.0449363906328298,False,CNCCCC1c2ccccc2C=Cc2ccccc12,prism_treatment_info
6f430a5f0,BRD-K34157611-001-16-0,cimetidine,histamine receptor antagonist,0.3492708050875482,0.3383488029439935,0.0109220021435547,False,"CN\C(NCCSCc1nc[nH]c1C)=N/C#N, CN\C(NCCSCc1nc[nH]c1C)=N/C#N, CN\C(NCCSCc1nc[nH]c1C)=N/C#N, CN\C(NCCSCc1nc[nH]c1C)=N/C#N",prism_treatment_info
6f4c937c6,BRD-K56483981-342-06-4,chicago-sky-blue-6b,"glutamate inhibitor, macrophage migration inhibiting factor inhibitor",0.3170200616111002,0.3166484431217241,0.0003716184893761,False,COc1cc(ccc1\N=N\c1ccc2c(cc(c(N)c2c1O)S(O)(=O)=O)S(O)(=O)=O)-c1ccc(\N=N\c2ccc3c(cc(c(N)c3c2O)S(O)(=O)=O)S(O)(=O)=O)c(OC)c1,prism_treatment_info
6f61ab703,BRD-K90382497-001-10-7,GW-843682X,PLK inhibitor,0.4779306712607744,0.4767963312094951,0.0011343400512792,False,"COc1cc2ncn(-c3cc(OCc4ccccc4C(F)(F)F)c(s3)C(N)=O)c2cc1OC, COc1cc2ncn(-c3cc(OCc4ccccc4C(F)(F)F)c(s3)C(N)=O)c2cc1OC",prism_treatment_info
6f71039b4,BRD-K61250553-003-32-2,loperamide,opioid receptor agonist,0.3229540396508001,0.29490011788035,0.0280539217704501,False,"CN(C)C(=O)C(CCN1CCC(O)(CC1)c1ccc(Cl)cc1)(c1ccccc1)c1ccccc1, CN(C)C(=O)C(CCN1CCC(O)(CC1)c1ccc(Cl)cc1)(c1ccccc1)c1ccccc1, CN(C)C(=O)C(CCN1CCC(O)(CC1)c1ccc(Cl)cc1)(c1ccccc1)c1ccccc1",prism_treatment_info
6f9d3c76f,BRD-K46742498-003-11-0,alosetron,serotonin receptor antagonist,0.4239735726219353,0.3691654853281899,0.0548080872937454,False,Cc1[nH]cnc1CN1CCc2c(C1=O)c1ccccc1n2C,prism_treatment_info
6fb10388c,BRD-A95869247-001-26-9,indapamide,thiazide diuretic,0.3749070062506644,0.339587299425179,0.0353197068254853,False,"CC1Cc2ccccc2N1NC(=O)c1ccc(Cl)c(c1)S(N)(=O)=O, CC1Cc2ccccc2N1NC(=O)c1ccc(Cl)c(c1)S(N)(=O)=O",prism_treatment_info
6fb701ca1,BRD-K17075857-001-17-6,chloroxine,opioid receptor antagonist,0.3189660110461392,0.3069554321019507,0.0120105789441884,False,"Oc1c(Cl)cc(Cl)c2cccnc12, Oc1c(Cl)cc(Cl)c2cccnc12, Oc1c(Cl)cc(Cl)c2cccnc12",prism_treatment_info
6fbc39c30,BRD-K05673000-236-12-1,dicloxacillin,bacterial cell wall synthesis inhibitor,0.3850322499832437,0.3468614344104391,0.0381708155728046,False,"Cc1onc(c1C(=O)N[C@H]1[C@H]2SC(C)(C)[C@@H](N2C1=O)C(O)=O)-c1c(Cl)cccc1Cl, Cc1onc(c1C(=O)N[C@H]1[C@H]2SC(C)(C)[C@@H](N2C1=O)C(O)=O)-c1c(Cl)cccc1Cl, Cc1onc(c1C(=O)N[C@H]1[C@H]2SC(C)(C)[C@@H](N2C1=O)C(O)=O)-c1c(Cl)cccc1Cl",prism_treatment_info
6fbceecd4,BRD-K37561857-001-15-5,zardaverine,phosphodiesterase inhibitor,0.3868557455830321,0.3598721106049055,0.0269836349781266,False,"COc1cc(ccc1OC(F)F)-c1ccc(=O)[nH]n1, COc1cc(ccc1OC(F)F)-c1ccc(=O)[nH]n1, COc1cc(ccc1OC(F)F)-c1ccc(=O)[nH]n1",prism_treatment_info
6fc11b2c5,BRD-K02241333-001-02-7,CHIR-124,CHK inhibitor,0.3785457507685571,0.343780750801672,0.0347649999668851,False,Clc1ccc2[nH]c(=O)c(-c3nc4ccccc4[nH]3)c(N[C@@H]3CN4CCC3CC4)c2c1,prism_treatment_info
6fc581ecc,BRD-K74195153-050-12-1,irsogladine,phosphodiesterase inhibitor,0.3439490243197077,0.3250638316693112,0.0188851926503965,False,"Nc1nc(N)nc(n1)-c1cc(Cl)ccc1Cl, Nc1nc(N)nc(n1)-c1cc(Cl)ccc1Cl, Nc1nc(N)nc(n1)-c1cc(Cl)ccc1Cl",prism_treatment_info
6fc781f84,BRD-A42270467-001-04-4,tenatoprazole,ATPase inhibitor,0.3369145972159034,0.2920194786087851,0.0448951186071182,False,COc1ccc2[nH]c(nc2n1)S(=O)Cc1ncc(C)c(OC)c1C,prism_treatment_info
6fe04582f,BRD-A92630576-050-24-1,trimebutine,opioid receptor agonist,0.3365796552879172,0.280725727456422,0.0558539278314952,False,"CCC(COC(=O)c1cc(OC)c(OC)c(OC)c1)(N(C)C)c1ccccc1, CCC(COC(=O)c1cc(OC)c(OC)c(OC)c1)(N(C)C)c1ccccc1",prism_treatment_info
6ff369788,BRD-K82028950-300-02-9,CGH2466,adenosine receptor antagonist,0.3025775412175284,0.2917756931944876,0.0108018480230407,False,"Nc1nc(c(s1)-c1ccncc1)-c1ccc(Cl)c(Cl)c1, Nc1nc(c(s1)-c1ccncc1)-c1ccc(Cl)c(Cl)c1",prism_treatment_info
6ffe70383,BRD-K60914966-001-01-4,etosalamide,anti-inflammatory agent,0.3163379783481237,0.3146844820723337,0.00165349627579,False,CCOCCOc1ccccc1C(N)=O,prism_treatment_info
701fd55ef,BRD-K75089421-003-24-5,procainamide,sodium channel blocker,0.3497357481732099,0.3216714867136977,0.0280642614595121,False,CCN(CC)CCNC(=O)c1ccc(N)cc1,prism_treatment_info
702238187,BRD-K46742498-003-11-0,alosetron,serotonin receptor antagonist,0.3281076470755709,0.2621718999035221,0.0659357471720488,False,Cc1[nH]cnc1CN1CCc2c(C1=O)c1ccccc1n2C,prism_treatment_info
704bbbfad,BRD-K29546239-001-02-3,SNC-80,,0.432397984206595,0.4208495470079656,0.0115484371986293,False,"CCN(CC)C(=O)c1ccc(cc1)[C@@H](N1C[C@@H](C)N(CC=C)C[C@@H]1C)c1cccc(OC)c1, CCN(CC)C(=O)c1ccc(cc1)[C@@H](N1C[C@@H](C)N(CC=C)C[C@@H]1C)c1cccc(OC)c1",prism_treatment_info
704cc1b51,BRD-A08545410-003-08-6,doxycycline,metalloproteinase inhibitor,0.3849200198460408,0.3683028493243265,0.0166171705217142,False,"C[C@@H]1[C@H]2[C@H](O)[C@H]3[C@H](N(C)C)C(=O)C(C(N)=O)C(=O)[C@@]3(O)C(=O)C2C(=O)c2c(O)cccc12, C[C@@H]1[C@H]2[C@H](O)[C@H]3[C@H](N(C)C)C(=O)C(C(N)=O)C(=O)[C@@]3(O)C(=O)C2C(=O)c2c(O)cccc12, C[C@@H]1[C@H]2[C@H](O)[C@H]3[C@H](N(C)C)C(=O)C(C(N)=O)C(=O)[C@@]3(O)C(=O)C2C(=O)c2c(O)cccc12, C[C@@H]1[C@H]2[C@H](O)[C@H]3[C@H](N(C)C)C(=O)C(C(N)=O)C(=O)[C@@]3(O)C(=O)C2C(=O)c2c(O)cccc12, C[C@@H]1[C@H]2[C@H](O)[C@H]3[C@H](N(C)C)C(=O)C(C(N)=O)C(=O)[C@@]3(O)C(=O)C2C(=O)c2c(O)cccc12",prism_treatment_info
704f5c80d,BRD-K41213548-001-02-0,KW-2478,HSP inhibitor,0.719351051461237,0.5805650583117821,0.1387859931494549,True,CCc1c(O)cc(O)c(C(=O)c2ccc(OCCN3CCOCC3)c(OC)c2)c1CC(=O)N(CCOC)CCOC,prism_treatment_info
705966243,BRD-A25619068-003-03-4,fadrozole,aromatase inhibitor,0.4030723241776322,0.3956784209107699,0.0073939032668622,False,N#Cc1ccc(cc1)C1CCCc2cncn12,prism_treatment_info
70a8cfb4f,BRD-K38287497-001-01-2,narlaprevir,HCV inhibitor,0.3299566862289179,0.3221269250172516,0.0078297612116663,False,CCCC[C@H](NC(=O)[C@@H]1[C@@H]2[C@H](CN1C(=O)[C@@H](NC(=O)NC1(CS(=O)(=O)C(C)(C)C)CCCCC1)C(C)(C)C)C2(C)C)C(=O)C(=O)NC1CC1,prism_treatment_info
70aacd073,BRD-K23228615-001-02-8,GDC-0980,"mTOR inhibitor, PI3K inhibitor",0.510987021706618,0.4770666407417963,0.0339203809648216,True,"C[C@H](O)C(=O)N1CCN(Cc2sc3c(nc(nc3c2C)-c2cnc(N)nc2)N2CCOCC2)CC1, C[C@H](O)C(=O)N1CCN(Cc2sc3c(nc(nc3c2C)-c2cnc(N)nc2)N2CCOCC2)CC1",prism_treatment_info
70b0e57f1,BRD-K91370081-001-25-1,anisomycin,DNA synthesis inhibitor,0.3928451560543634,0.3473836835805464,0.0454614724738169,False,COc1ccc(C[C@H]2NC[C@H](O)[C@H]2OC(C)=O)cc1,prism_treatment_info
70cd13738,BRD-K68567222-001-01-2,BVT-948,tyrosine phosphatase inhibitor,0.3215446515485968,0.302779449522248,0.0187652020263488,False,"CC1(C)C(=O)NC2=C1C(=O)C(=O)c1ccccc21, CC1(C)C2C(=NC1=O)c1ccccc1C(=O)C2=O",prism_treatment_info
70dab8a6b,BRD-K58049875-001-04-7,thiostrepton,"FOXM1 inhibitor, protein synthesis inhibitor",0.5000379598287997,0.4499439866045246,0.0500939732242751,True,"CCC(C)C1NC2C=Cc3c(cc(nc3C2O)C(=O)OC(C)C2NC(=O)c3csc(n3)C(NC(=O)C3CSC(=N3)\C(NC(=O)C(NC(=O)c3csc(n3)C3(CCC(=NC3c3csc2n3)c2nc(cs2)C(=O)NC(=C)C(=O)NC(=C)C(N)=O)NC(=O)C(C)NC(=O)C(=C)NC(=O)C(C)NC1=O)C(C)O)=C/C)C(C)(O)C(C)O)C(C)O, CC[C@H](C)[C@@H]1N[C@@H]2C=Cc3c(cc(nc3[C@H]2O)C(=O)O[C@H](C)[C@@H]2NC(=O)c3csc(n3)[C@@H](NC(=O)[C@H]3CSC(=N3)\C(NC(=O)[C@@H](NC(=O)c3csc(n3)[C@]3(CCC(=N[C@@H]3c3csc2n3)c2nc(cs2)C(=O)NC(=C)C(=O)NC(=C)C(N)=O)NC(=O)[C@H](C)NC(=O)C(=C)NC(=O)[C@H](C)NC1=O)[C@@H](C)O)=C\C)[C@](C)(O)[C@@H](C)O)[C@H](C)O, CC[C@H](C)[C@@H]1N[C@@H]2C=Cc3c(cc(nc3[C@H]2O)C(=O)O[C@H](C)[C@@H]2NC(=O)c3csc(n3)[C@@H](NC(=O)[C@H]3CSC(=N3)\C(NC(=O)[C@@H](NC(=O)c3csc(n3)[C@]3(CCC(=N[C@@H]3c3csc2n3)c2nc(cs2)C(=O)NC(=C)C(=O)NC(=C)C(N)=O)NC(=O)[C@H](C)NC(=O)C(=C)NC(=O)[C@H](C)NC1=O)[C@@H](C)O)=C\C)[C@](C)(O)[C@@H](C)O)[C@H](C)O, CC[C@H](C)[C@@H]1N[C@@H]2C=Cc3c(cc(nc3[C@H]2O)C(=O)O[C@H](C)[C@@H]2NC(=O)c3csc(n3)[C@@H](NC(=O)[C@H]3CSC(=N3)\C(NC(=O)[C@@H](NC(=O)c3csc(n3)[C@]3(CCC(=N[C@@H]3c3csc2n3)c2nc(cs2)C(=O)NC(=C)C(=O)NC(=C)C(N)=O)NC(=O)[C@H](C)NC(=O)C(=C)NC(=O)[C@H](C)NC1=O)[C@@H](C)O)=C\C)[C@](C)(O)[C@@H](C)O)[C@H](C)O, CC[C@H](C)[C@@H]1N[C@@H]2C=Cc3c(cc(nc3[C@H]2O)C(=O)O[C@H](C)[C@@H]2NC(=O)c3csc(n3)[C@@H](NC(=O)[C@H]3CSC(=N3)\C(NC(=O)[C@@H](NC(=O)c3csc(n3)[C@]3(CCC(=N[C@@H]3c3csc2n3)c2nc(cs2)C(=O)NC(=C)C(=O)NC(=C)C(N)=O)NC(=O)[C@H](C)NC(=O)C(=C)NC(=O)[C@H](C)NC1=O)[C@@H](C)O)=C\C)[C@](C)(O)[C@@H](C)O)[C@H](C)O",prism_treatment_info
70e371c71,BRD-K96055017-003-02-7,1-acetyl-4-methylpiperazine,acetylcholine receptor agonist,0.3568795587929927,0.3492359589072528,0.0076435998857399,False,CN1CCN(CC1)C(C)=O,prism_treatment_info
70fa76dc8,BRD-A79981887-003-16-4,midodrine,adrenergic receptor agonist,0.3681221062564372,0.3165531522321814,0.0515689540242557,False,COc1ccc(OC)c(c1)C(O)CNC(=O)CN,prism_treatment_info
711198853,BRD-K68164687-001-01-6,epothilone-b,"microtubule stabilizing agent, tubulin polymerization inhibitor",0.6807659459858796,0.6219382647671209,0.0588276812187587,True,C[C@H]1CCC[C@@]2(C)O[C@H]2C[C@@H](OC(=O)C[C@@H](O)C(C)(C)C(=O)[C@H](C)[C@H]1O)C(\C)=C\c1csc(C)n1,prism_treatment_info
71334a1a3,BRD-K48722833-001-07-6,iloperidone,"dopamine receptor antagonist, serotonin receptor antagonist",0.3346880279878654,0.3278502946077092,0.0068377333801561,False,COc1cc(ccc1OCCCN1CCC(CC1)c1noc2cc(F)ccc12)C(C)=O,prism_treatment_info
7179d2160,BRD-A64743628-001-01-5,isometheptene-mucate,,0.3517997024359927,0.3225730745528427,0.0292266278831499,False,CNC(C)CCC=C(C)C,prism_treatment_info
717a8d00c,BRD-K64800655-001-07-4,PHA-793887,CDK inhibitor,0.4717091494063815,0.4613020561276189,0.0104070932787625,False,"CC(C)CC(=O)Nc1n[nH]c2c1CN(C(=O)C1CCN(C)CC1)C2(C)C, CC(C)CC(=O)Nc1n[nH]c2c1CN(C(=O)C1CCN(C)CC1)C2(C)C",prism_treatment_info
71985eca8,BRD-K05181084-003-03-7,NGB-2904,dopamine receptor antagonist,0.3437303387627824,0.2772600797864029,0.0664702589763794,False,"Clc1cccc(N2CCN(CCCCNC(=O)c3ccc-4c(Cc5ccccc-45)c3)CC2)c1Cl, Clc1cccc(N2CCN(CCCCNC(=O)c3ccc-4c(Cc5ccccc-45)c3)CC2)c1Cl",prism_treatment_info
71b4d9775,BRD-K46742498-003-11-0,alosetron,serotonin receptor antagonist,0.3867738349738134,0.3171835839706939,0.0695902510031194,False,Cc1[nH]cnc1CN1CCc2c(C1=O)c1ccccc1n2C,prism_treatment_info
72144a9f6,BRD-K98157055-001-10-9,SIB-1757,glutamate receptor antagonist,0.3567648063370449,0.3539914708121871,0.0027733355248577,False,Cc1ccc(O)c(N=Nc2ccccc2)n1,prism_treatment_info
721570a19,BRD-K41406082-001-16-2,sulfapyridine,PABA antagonist,0.3654243983851687,0.3190065719391908,0.0464178264459779,False,"Nc1ccc(cc1)S(=O)(=O)Nc1ccccn1, Nc1ccc(cc1)S(=O)(=O)Nc1ccccn1",prism_treatment_info
721df760a,BRD-K47539947-001-03-7,tetradecylthioacetic-acid,lipid peroxidase inhibitor,0.3627891914500086,0.3302654289103969,0.0325237625396117,False,CCCCCCCCCCCCCCSCC(O)=O,prism_treatment_info
721fbbc54,BRD-K12120659-305-02-2,GR-144053,integrin antagonist,0.3248863402499356,0.285348656581933,0.0395376836680025,False,NC(=N)c1ccc(cc1)N1CCN(CC1)C1CCN(CC(O)=O)CC1,prism_treatment_info
7226e2204,BRD-K61269089-001-05-5,daphnetin,protein kinase inhibitor,0.3317521610332967,0.311836056531188,0.0199161045021086,False,Oc1ccc2ccc(=O)oc2c1O,prism_treatment_info
724c0c3db,BRD-A56371469-001-03-3,AGI-5198,isocitrate dehydrogenase inhibitor,0.4513052030557897,0.3949390947333697,0.05636610832242,False,Cc1nccn1CC(=O)N(C(C(=O)NC1CCCCC1)c1ccccc1C)c1cccc(F)c1,prism_treatment_info
7257ff550,BRD-K84466663-001-05-4,nelarabine,"DNA synthesis inhibitor, T cell inhibitor",0.3408804212480699,0.3117995023331362,0.0290809189149336,False,COc1nc(N)nc2n(cnc12)[C@@H]1O[C@H](CO)[C@@H](O)[C@@H]1O,prism_treatment_info
728d555a4,BRD-K15834839-001-02-3,lobendazole,anthelmintic agent,0.2984378562436824,0.2898695851849699,0.0085682710587124,False,CCOC(=O)Nc1nc2ccccc2[nH]1,prism_treatment_info
728eb0f63,BRD-K49807096-003-15-5,benazepril,angiotensin converting enzyme inhibitor,0.3792545972237902,0.3215848155094368,0.0576697817143533,False,"CCOC(=O)[C@H](CCc1ccccc1)N[C@H]1CCc2ccccc2N(CC(O)=O)C1=O, CCOC(=O)[C@H](CCc1ccccc1)N[C@H]1CCc2ccccc2N(CC(O)=O)C1=O, CCOC(=O)[C@H](CCc1ccccc1)N[C@H]1CCc2ccccc2N(CC(O)=O)C1=O, CCOC(=O)[C@H](CCc1ccccc1)N[C@H]1CCc2ccccc2N(CC(O)=O)C1=O",prism_treatment_info
729307d3a,BRD-K78126613-001-28-5,menadione,"mitochondrial DNA polymerase inhibitor, phosphatase inhibitor",0.299409993109035,0.2906564862759659,0.008753506833069,False,"CC1=CC(=O)c2ccccc2C1=O, CC1=CC(=O)c2ccccc2C1=O, CC1=CC(=O)c2ccccc2C1=O",prism_treatment_info
729d0a916,BRD-K92731339-227-04-9,perindopril,angiotensin converting enzyme inhibitor,0.3238383491937212,0.3217173384757683,0.0021210107179529,False,"CCC[C@H](N[C@@H](C)C(=O)N1[C@H]2CCCC[C@H]2C[C@H]1C(O)=O)C(=O)OCC, CCC[C@H](N[C@@H](C)C(=O)N1[C@H]2CCCC[C@H]2C[C@H]1C(O)=O)C(=O)OCC",prism_treatment_info
729f3ce84,BRD-A94523291-304-02-7,prednisolone-sodium-phosphate,glucocorticoid receptor agonist,0.3875810627608218,0.3274333604576566,0.0601477023031652,False,C[C@]12C[C@H](O)C3C(CCC4=CC(=O)C=C[C@]34C)C1CC[C@]2(O)C(=O)COP(O)(O)=O,prism_treatment_info
72d0488d1,BRD-K05464208-001-05-7,JX-401,p38 MAPK inhibitor,0.2618804985029987,0.247268327124855,0.0146121713781437,False,"COc1cc(SC)ccc1C(=O)N1CCC(Cc2ccccc2)CC1, COc1cc(SC)ccc1C(=O)N1CCC(Cc2ccccc2)CC1",prism_treatment_info
72d0b6140,BRD-K48141473-001-01-7,cebranopadol,opioid receptor agonist,0.3558500988450375,0.3336622312017142,0.0221878676433232,False,CN(C)[C@]1(CC[C@@]2(CC1)OCCc1c2[nH]c2ccc(F)cc12)c1ccccc1,prism_treatment_info
72d5b6ce3,BRD-K18036262-001-02-8,L-168049,glucagon receptor antagonist,0.3412909829256593,0.3009261443338929,0.0403648385917663,False,"CCCOc1ccc(Br)cc1-c1cc([nH]c1-c1ccncc1)-c1ccc(Cl)cc1, CCCOc1ccc(Br)cc1-c1cc([nH]c1-c1ccncc1)-c1ccc(Cl)cc1",prism_treatment_info
72e3cc1b7,BRD-K01174345-001-01-9,anamorelin,growth hormone secretagogue receptor agonist,0.336035564301561,0.3106337040026751,0.0254018602988859,False,CN(C)N(C)C(=O)[C@@]1(Cc2ccccc2)CCCN(C1)C(=O)[C@@H](Cc1c[nH]c2ccccc12)NC(=O)C(C)(C)N,prism_treatment_info
72e97bc09,BRD-A45107007-001-03-4,salubrinal,eukaryotic translation initiation factor inhibitor,0.3428591252320312,0.2844065869391265,0.0584525382929047,False,"ClC(Cl)(Cl)C(NC(=O)\C=C\c1ccccc1)NC(=S)Nc1cccc2cccnc12, ClC(Cl)(Cl)C(NC(=O)\C=C\c1ccccc1)NC(=S)Nc1cccc2cccnc12, ClC(Cl)(Cl)C(NC(=O)\C=C\c1ccccc1)NC(=S)Nc1cccc2cccnc12, ClC(Cl)(Cl)C(NC(=O)\C=C\c1ccccc1)NC(=S)Nc1cccc2cccnc12",prism_treatment_info
72fd28b91,BRD-K71164191-001-01-0,KD-023,ACAT inhibitor,0.3444347662414948,0.3381751509329815,0.0062596153085132,False,CCCCCCCCCCCCCCOc1ccc(o1)C(O)=O,prism_treatment_info
7308ef7c1,BRD-K68810443-001-01-9,adiporon,adiponectin receptor agonist,0.3437774709398485,0.337873763462179,0.0059037074776694,False,"O=C(COc1ccc(cc1)C(=O)c1ccccc1)NC1CCN(Cc2ccccc2)CC1, O=C(COc1ccc(cc1)C(=O)c1ccccc1)NC1CCN(Cc2ccccc2)CC1, O=C(COc1ccc(cc1)C(=O)c1ccccc1)NC1CCN(Cc2ccccc2)CC1",prism_treatment_info
732f9e41f,BRD-A20644369-001-08-6,canrenone,mineralocorticoid receptor antagonist,0.4168780440333053,0.3363816149837877,0.0804964290495175,False,C[C@]12CCC3C(C=CC4=CC(=O)CC[C@]34C)C1CC[C@@]21CCC(=O)O1,prism_treatment_info
733a149a4,BRD-K36970462-001-01-6,tonabersat,"gap junction modulator, nitric oxide production inhibitor",0.333548611823366,0.3134525619347812,0.0200960498885847,False,CC(=O)c1ccc2OC(C)(C)[C@@H](O)[C@@H](NC(=O)c3ccc(F)c(Cl)c3)c2c1,prism_treatment_info
7343524ec,BRD-K78113049-001-16-2,enoxacin,topoisomerase inhibitor,0.3471001250462827,0.3090520089168558,0.0380481161294268,False,"CCn1cc(C(O)=O)c(=O)c2cc(F)c(nc12)N1CCNCC1, CCn1cc(C(O)=O)c(=O)c2cc(F)c(nc12)N1CCNCC1, CCn1cc(C(O)=O)c(=O)c2cc(F)c(nc12)N1CCNCC1",prism_treatment_info
734bb352c,BRD-K67277431-002-10-5,picotamide,"thromboxane receptor antagonist, thromboxane synthase inhibitor",0.3732746500334414,0.3236486309884345,0.0496260190450069,False,COc1ccc(cc1C(=O)NCc1cccnc1)C(=O)NCc1cccnc1,prism_treatment_info
7380e6402,BRD-A68723818-050-32-5,brompheniramine,histamine receptor antagonist,0.3312206293677489,0.3115156622563823,0.0197049671113666,False,"CN(C)CCC(c1ccc(Br)cc1)c1ccccn1, CN(C)CCC(c1ccc(Br)cc1)c1ccccn1",prism_treatment_info
738854e8f,BRD-A14344385-001-03-2,IDRA-21,glutamate receptor positive allosteric modulator,0.4018049082190488,0.3753895519619307,0.0264153562571181,False,"CC1Nc2ccc(Cl)cc2S(=O)(=O)N1, CC1Nc2ccc(Cl)cc2S(=O)(=O)N1",prism_treatment_info
73aa9f9ff,BRD-K83063356-003-02-5,RS-102895,CCR antagonist,0.3694640172774583,0.3012855726000134,0.0681784446774448,False,"FC(F)(F)c1ccc(CCN2CCC3(CC2)OC(=O)Nc2ccccc32)cc1, FC(F)(F)c1ccc(CCN2CCC3(CC2)OC(=O)Nc2ccccc32)cc1",prism_treatment_info
73ab19cc6,BRD-K46839850-050-04-2,cinepazide,calcium channel activator,0.319638115848238,0.283068166564218,0.03656994928402,False,"COc1cc(cc(OC)c1OC)\C=C\C(=O)N1CCN(CC(=O)N2CCCC2)CC1, COc1cc(cc(OC)c1OC)\C=C\C(=O)N1CCN(CC(=O)N2CCCC2)CC1",prism_treatment_info
73ba9ce58,BRD-K03294269-001-08-0,NU6027,CDK inhibitor,0.3386617155619942,0.3248746398535277,0.0137870757084664,False,Nc1nc(N)c([N+][O-])c(OCC2CCCCC2)n1,prism_treatment_info
73c04bcc5,BRD-A29944538-003-08-3,proxodolol,adrenergic receptor antagonist,0.4334998852565871,0.3445500558687427,0.0889498293878444,False,Cc1noc(COc2ccccc2OCC(O)CNC(C)(C)C)n1,prism_treatment_info
73d4e3797,BRD-K31866293-001-01-6,TAK-632,RAF inhibitor,0.4476902369490992,0.3756107894611515,0.0720794474879477,False,Fc1ccc(Oc2ccc3nc(NC(=O)C4CC4)sc3c2C#N)cc1NC(=O)Cc1cccc(c1)C(F)(F)F,prism_treatment_info
740a37a88,BRD-A92630576-050-24-1,trimebutine,opioid receptor agonist,0.3612505270485493,0.2866245606751093,0.07462596637344,False,"CCC(COC(=O)c1cc(OC)c(OC)c(OC)c1)(N(C)C)c1ccccc1, CCC(COC(=O)c1cc(OC)c(OC)c(OC)c1)(N(C)C)c1ccccc1",prism_treatment_info
74100361c,BRD-K58819470-001-05-9,2-thiouracil,,0.3906053202375976,0.3502021205524695,0.040403199685128,False,"Oc1ccnc(S)n1, Oc1ccnc(S)n1",prism_treatment_info
741b796dd,BRD-A06390036-001-04-6,hydroquinidine,antiarrhythmic,0.4005702106486569,0.3665967121996016,0.0339734984490552,False,CC[C@H]1CN2CCC1C[C@@H]2[C@@H](O)c1ccnc2ccc(OC)cc12,prism_treatment_info
7438ef08f,BRD-K65417056-003-10-1,meprylcaine,local anesthetic,0.3392692771054775,0.2911990439525392,0.0480702331529383,False,CCCNC(C)(C)COC(=O)c1ccccc1,prism_treatment_info
7446347d4,BRD-A67748489-001-10-0,K-858,kinesin-like spindle protein inhibitor,0.4082476682069696,0.3567257883621131,0.0515218798448564,False,CC(=O)NC1=NN(C(C)=O)C(C)(S1)c1ccccc1,prism_treatment_info
7448e44d7,BRD-K75308783-001-07-0,SAR-245409,PI3K inhibitor,0.3076399875031742,0.2985913187490957,0.0090486687540785,False,COc1cc(Nc2nc3ccccc3nc2NS(=O)(=O)c2ccc(NC(=O)c3ccc(C)c(OC)c3)cc2)cc(OC)c1,prism_treatment_info
74515bfd2,BRD-K62374253-001-07-8,rufloxacin,bacterial DNA gyrase inhibitor,0.3639330182662524,0.3106889590144904,0.053244059251762,False,CN1CCN(CC1)c1c(F)cc2c3c1SCCn3cc(C(O)=O)c2=O,prism_treatment_info
745a54458,BRD-K23952234-236-01-8,BMS-986020,lysophosphatidic acid receptor antagonist,0.372057120110796,0.3286898086557662,0.0433673114550298,False,"C[C@@H](OC(=O)Nc1c(C)noc1-c1ccc(cc1)-c1ccc(CC(O)=O)cc1)c1ccccc1, C[C@@H](OC(=O)Nc1c(C)noc1-c1ccc(cc1)-c1ccc(CC(O)=O)cc1)c1ccccc1, C[C@@H](OC(=O)Nc1c(C)noc1-c1ccc(cc1)-c1ccc(CC(O)=O)cc1)c1ccccc1",prism_treatment_info
746ca1f5a,BRD-K71822263-001-03-2,D-Serine,glutamate receptor agonist,0.289988845748763,0.2734929550367163,0.0164958907120466,False,N[C@H](CO)C(O)=O,prism_treatment_info
7473b8828,BRD-K41143549-003-02-4,N20C,glutamate receptor antagonist,0.3456906623114588,0.3078258431214429,0.0378648191900158,False,NC(=O)CNCCC(c1ccccc1)c1ccccc1,prism_treatment_info
74741b81b,BRD-K19669037-001-01-1,GGTI-298,GGTase inhibitor,0.2997527358006812,0.291990003738694,0.0077627320619872,False,COC(=O)[C@H](CC(C)C)NC(=O)c1ccc(NC[C@@H](N)CS)cc1-c1cccc2ccccc12,prism_treatment_info
747ebe00d,BRD-A43999749-004-04-1,homatropine-methylbromide,acetylcholine receptor antagonist,0.4544962560238001,0.3499783061834427,0.1045179498403574,False,C[N+]1(C)C2CC[C@H]1C[C@H](C2)OC(=O)C(O)c1ccccc1,prism_treatment_info
74815f7b1,BRD-K92723993-001-06-7,imatinib,"Bcr-Abl kinase inhibitor, KIT inhibitor, PDGFR tyrosine kinase receptor inhibitor",0.5745078568852757,0.4573174675047646,0.117190389380511,True,"CN1CCN(Cc2ccc(cc2)C(=O)Nc2ccc(C)c(Nc3nccc(n3)-c3cccnc3)c2)CC1, CN1CCN(Cc2ccc(cc2)C(=O)Nc2ccc(C)c(Nc3nccc(n3)-c3cccnc3)c2)CC1, CN1CCN(Cc2ccc(cc2)C(=O)Nc2ccc(C)c(Nc3nccc(n3)-c3cccnc3)c2)CC1",prism_treatment_info
749a17b48,BRD-K64614248-001-12-3,salicin,anti-inflammatory agent,0.3117711204499572,0.2966888279071145,0.0150822925428427,False,"OC[C@H]1O[C@@H](Oc2ccccc2CO)[C@H](O)[C@@H](O)[C@@H]1O, OC[C@H]1O[C@@H](Oc2ccccc2CO)[C@H](O)[C@@H](O)[C@@H]1O",prism_treatment_info
74b133579,BRD-A19958636-065-04-4,tuaminoheptane,,0.3239165930204891,0.3235175357709265,0.0003990572495625,False,CCCCCC(C)N,prism_treatment_info
74b575fae,BRD-K25412176-001-01-9,GSK2110183,AKT inhibitor,0.5936843517191629,0.551692458804043,0.0419918929151198,True,Cn1ncc(Cl)c1-c1cc(sc1Cl)C(=O)N[C@H](CN)Cc1cccc(F)c1,prism_treatment_info
74c493e03,BRD-K73440166-001-01-3,cinaciguat,guanylate cyclase activator,0.3581239286352066,0.3457392559414431,0.0123846726937634,False,OC(=O)CCCCN(CCc1ccccc1OCc1ccc(CCc2ccccc2)cc1)Cc1ccc(cc1)C(O)=O,prism_treatment_info
74cb9b3b4,BRD-K08525451-003-05-2,sarafloxacin,bacterial DNA gyrase inhibitor,0.3457077530394718,0.2925072821749676,0.0532004708645042,False,"OC(=O)c1cn(-c2ccc(F)cc2)c2cc(N3CCNCC3)c(F)cc2c1=O, OC(=O)c1cn(-c2ccc(F)cc2)c2cc(N3CCNCC3)c(F)cc2c1=O",prism_treatment_info
74e15b46d,BRD-K77008974-001-03-2,WYE-354,mTOR inhibitor,0.4340182258467618,0.3767957870971516,0.0572224387496102,False,COC(=O)Nc1ccc(cc1)-c1nc(N2CCOCC2)c2cnn(C3CCN(CC3)C(=O)OC)c2n1,prism_treatment_info
74f7ce505,BRD-K57275767-001-03-2,geniposide,GLP receptor agonist,0.3181835155753443,0.2999181059085459,0.0182654096667984,False,"COC(=O)C1=CO[C@@H](O[C@@H]2O[C@H](CO)[C@@H](O)[C@H](O)[C@H]2O)[C@H]2[C@@H]1CC=C2CO, COC(=O)C1=CO[C@@H](O[C@@H]2O[C@H](CO)[C@@H](O)[C@H](O)[C@H]2O)[C@H]2[C@@H]1CC=C2CO",prism_treatment_info
74fed7806,BRD-K17061841-001-03-5,stattic,,0.4541851933701474,0.4518376822368962,0.0023475111332511,False,[O-][N+](=O)c1ccc2C=CS(=O)(=O)c2c1,prism_treatment_info
750267f42,BRD-K76534306-001-22-7,enrofloxacin,bacterial DNA gyrase inhibitor,0.3445813866201698,0.3177932599483367,0.026788126671833,False,"CCN1CCN(CC1)c1cc2n(cc(C(O)=O)c(=O)c2cc1F)C1CC1, CCN1CCN(CC1)c1cc2n(cc(C(O)=O)c(=O)c2cc1F)C1CC1",prism_treatment_info
753459341,BRD-K42221274-003-07-7,NNC-711,GABA uptake inhibitor,0.344892744032121,0.332256117471891,0.01263662656023,False,"OC(=O)C1=CCCN(CCON=C(c2ccccc2)c2ccccc2)C1, OC(=O)C1=CCCN(CCON=C(c2ccccc2)c2ccccc2)C1",prism_treatment_info
753b4a983,BRD-K46741531-001-02-4,cafestol,pregnane X receptor agonist,0.3607587033424555,0.3417574878405461,0.0190012155019094,False,C[C@@]12CCc3occc3[C@H]1CC[C@@]13C[C@@H](CC[C@@H]21)[C@@](O)(CO)C3,prism_treatment_info
754486b37,BRD-K92848252-001-01-9,diminazene-aceturate,angiotensin converting enzyme activator,0.3016808113609216,0.2591864726654673,0.0424943386954542,False,"NC(=N)c1ccc(N\N=N\c2ccc(cc2)C(N)=N)cc1, NC(=N)c1ccc(N\N=N\c2ccc(cc2)C(N)=N)cc1, NC(=N)c1ccc(N\N=N\c2ccc(cc2)C(N)=N)cc1",prism_treatment_info
755b7d1c4,BRD-K73440166-001-01-3,cinaciguat,guanylate cyclase activator,0.3229097028927816,0.3152222402662721,0.0076874626265094,False,OC(=O)CCCCN(CCc1ccccc1OCc1ccc(CCc2ccccc2)cc1)Cc1ccc(cc1)C(O)=O,prism_treatment_info
755d4d0c1,BRD-K66911501-003-01-2,MK-3207,calcitonin antagonist,0.3535517989715734,0.3286269369402547,0.0249248620313187,False,Fc1cc(F)cc(c1)[C@@H]1CNC2(CCCC2)C(=O)N1CC(=O)Nc1ccc2C[C@]3(Cc2c1)C(=O)Nc1ncccc31,prism_treatment_info
7574c566b,BRD-K64157027-003-02-7,ZD-2079,adrenergic receptor agonist,0.3572433206047419,0.3224730667610744,0.0347702538436675,False,O[C@@H](CNCCOc1ccc(CC(O)=O)cc1)c1ccccc1,prism_treatment_info
75794d149,BRD-K08953028-001-09-6,U-0521,catechol O methyltransferase inhibitor,0.4175688288501167,0.3436325631488282,0.0739362657012884,False,CC(C)C(=O)c1ccc(O)c(O)c1,prism_treatment_info
758c4ac3d,BRD-K74305673-001-06-2,IKK-2-inhibitor-V,"IKK inhibitor, NFkB pathway inhibitor",0.4097515291448811,0.3700859946030336,0.0396655345418475,False,"Oc1ccc(Cl)cc1C(=O)Nc1cc(cc(c1)C(F)(F)F)C(F)(F)F, Oc1ccc(Cl)cc1C(=O)Nc1cc(cc(c1)C(F)(F)F)C(F)(F)F",prism_treatment_info
7598f853b,BRD-K64514229-001-05-2,toltrazuril,antiprotozoal agent,0.3331634099167332,0.3094892487032896,0.0236741612134435,False,"Cc1cc(ccc1Oc1ccc(SC(F)(F)F)cc1)-n1c(=O)[nH]c(=O)n(C)c1=O, Cc1cc(ccc1Oc1ccc(SC(F)(F)F)cc1)-n1c(=O)[nH]c(=O)n(C)c1=O",prism_treatment_info
75a377dac,BRD-K33379087-001-07-5,tivantinib,tyrosine kinase inhibitor,0.4750615433388619,0.4627193392647852,0.0123422040740767,False,O=C1NC(=O)[C@H]([C@@H]1c1c[nH]c2ccccc12)c1cn2CCCc3cccc1c23,prism_treatment_info
75a812849,BRD-K59574735-001-11-8,ubenimex,leukotriene synthesis inhibitor,0.3597235052418062,0.2958112610532727,0.0639122441885335,False,"CC(C)C[C@H](NC(=O)[C@@H](O)[C@H](N)Cc1ccccc1)C(O)=O, CC(C)C[C@H](NC(=O)[C@@H](O)[C@H](N)Cc1ccccc1)C(O)=O",prism_treatment_info
75ad700d0,BRD-K73440166-001-01-3,cinaciguat,guanylate cyclase activator,0.395166623946303,0.3752548029274712,0.0199118210188317,False,OC(=O)CCCCN(CCc1ccccc1OCc1ccc(CCc2ccccc2)cc1)Cc1ccc(cc1)C(O)=O,prism_treatment_info
75c40f416,BRD-K59045783-001-01-1,faropenem-medoxomil,lactamase inhibitor,0.346675052273347,0.2794069522808247,0.0672680999925222,False,"C[C@@H](O)[C@@H]1[C@H]2SC([C@H]3CCCO3)=C(N2C1=O)C(=O)OCc1oc(=O)oc1C, C[C@@H](O)[C@@H]1[C@H]2SC([C@H]3CCCO3)=C(N2C1=O)C(=O)OCc1oc(=O)oc1C, C[C@@H](O)[C@@H]1[C@H]2SC([C@H]3CCCO3)=C(N2C1=O)C(=O)OCc1oc(=O)oc1C",prism_treatment_info
75e710812,BRD-K17565903-066-23-1,pridinol,muscle relaxant,0.3025652803161839,0.2973818620928422,0.0051834182233417,False,"OC(CCN1CCCCC1)(c1ccccc1)c1ccccc1, OC(CCN1CCCCC1)(c1ccccc1)c1ccccc1",prism_treatment_info
75e7d9739,BRD-K93524252-001-24-7,sulfamerazine,bacterial antifolate,0.32251836936337,0.2815677777331168,0.0409505916302532,False,"Cc1ccnc(NS(=O)(=O)c2ccc(N)cc2)n1, Cc1ccnc(NS(=O)(=O)c2ccc(N)cc2)n1",prism_treatment_info
7614ec763,BRD-A24514565-001-09-7,warfarin,vitamin K antagonist,0.3250429237829286,0.2964870902342862,0.0285558335486423,False,CC(=O)CC(c1ccccc1)c1c(O)c2ccccc2oc1=O,prism_treatment_info
7671d43c1,BRD-A10111329-001-04-6,adenosine-phosphate,adenosine receptor agonist,0.4116077481684912,0.2771965356629606,0.1344112125055305,False,Nc1ncnc2n(cnc12)C1O[C@H](COP(O)(O)=O)[C@@H](O)[C@H]1O,prism_treatment_info
768504c20,BRD-K89056082-001-07-7,chlorocresol,ryanodine receptor activator,0.4060991159317557,0.3487894631995046,0.057309652732251,False,"Cc1cc(O)ccc1Cl, Cc1cc(O)ccc1Cl, Cc1cc(O)ccc1Cl",prism_treatment_info
768d09287,BRD-K37111771-300-02-6,trientine,chelating agent,0.3309486727119595,0.300089405674551,0.0308592670374084,False,NCCNCCNCCN,prism_treatment_info
76bc915f1,BRD-K66030860-001-03-6,salidroside,beta amyloid protein neurotoxicity inhibitor,0.332201229721581,0.3273026266283765,0.0048986030932045,False,"OC[C@H]1O[C@@H](OCCc2ccc(O)cc2)[C@H](O)[C@@H](O)[C@@H]1O, OC[C@H]1O[C@@H](OCCc2ccc(O)cc2)[C@H](O)[C@@H](O)[C@@H]1O",prism_treatment_info
76c231fa8,BRD-K97056771-001-13-1,GNF-2,Bcr-Abl kinase inhibitor,0.2848324522358352,0.283567088503406,0.0012653637324291,False,"NC(=O)c1cccc(c1)-c1cc(Nc2ccc(OC(F)(F)F)cc2)ncn1, NC(=O)c1cccc(c1)-c1cc(Nc2ccc(OC(F)(F)F)cc2)ncn1",prism_treatment_info
76dacfd7a,BRD-K78809024-001-05-7,SB-590885,RAF inhibitor,0.4057535244753801,0.3231035407952564,0.0826499836801237,False,"CN(C)CCOc1ccc(cc1)-c1nc(c([nH]1)-c1ccc2c(CC\C2=N/O)c1)-c1ccncc1, CN(C)CCOc1ccc(cc1)-c1nc(c([nH]1)-c1ccc2c(CC\C2=N/O)c1)-c1ccncc1, CN(C)CCOc1ccc(cc1)-c1nc(c([nH]1)-c1ccc2c(CC\C2=N/O)c1)-c1ccncc1",prism_treatment_info
7722c4309,BRD-A55312468-001-04-7,k-strophanthidin,ATPase inhibitor,0.5626482115209069,0.4912919284649293,0.0713562830559776,True,C[C@]12CCC3C(CC[C@]4(O)C[C@@H](O)CC[C@]34C=O)[C@@]1(O)CCC2C1=CC(=O)OC1,prism_treatment_info
7732c1687,BRD-A62071884-001-04-6,siguazodan,phosphodiesterase inhibitor,0.3028516983485801,0.2896497463842007,0.0132019519643794,False,"CN\C(NC#N)=N/c1ccc(cc1)C1=NNC(=O)CC1C, CN\C(NC#N)=N/c1ccc(cc1)C1=NNC(=O)CC1C",prism_treatment_info
779b92f1c,BRD-A38592941-001-02-7,timonacic,antioxidant,0.2996876727369935,0.298904823661452,0.0007828490755415,False,OC(=O)C1CSCN1,prism_treatment_info
77be6d446,BRD-K13619941-213-01-8,aceglutamide,,0.3628709034100443,0.3077404975508509,0.0551304058591934,False,CC(=O)N[C@@H](CCC(N)=O)C(O)=O,prism_treatment_info
77ca07d42,BRD-K78659596-001-03-9,ixazomib,proteasome inhibitor,0.3369233022321869,0.3327348790052606,0.0041884232269263,False,CC(C)C[C@H](NC(=O)CNC(=O)c1cc(Cl)ccc1Cl)B(O)O,prism_treatment_info
77cb724f6,BRD-K55305701-001-01-2,SC-144,P glycoprotein inhibitor,0.4493132830926578,0.4341460512123185,0.0151672318803393,False,"Fc1ccc2c(c1)nc(NNC(=O)c1cnccn1)c1cccn21, Fc1ccc2c(c1)nc(NNC(=O)c1cnccn1)c1cccn21, Fc1ccc2c(c1)nc(NNC(=O)c1cnccn1)c1cccn21",prism_treatment_info
77dffceee,BRD-K78666826-003-01-6,procaterol,adrenergic receptor agonist,0.362545876497909,0.3281454344354323,0.0344004420624766,False,"CC[C@H](NC(C)C)[C@H](O)c1ccc(O)c2[nH]c(=O)ccc12, CC[C@H](NC(C)C)[C@H](O)c1ccc(O)c2[nH]c(=O)ccc12",prism_treatment_info
77e03202d,BRD-K04548931-003-16-5,epirubicin,topoisomerase inhibitor,0.3832134584191803,0.357981486716503,0.0252319717026773,False,"COc1cccc2C(=O)c3c(O)c4C[C@](O)(C[C@H](O[C@H]5C[C@H](N)[C@@H](O)[C@H](C)O5)c4c(O)c3C(=O)c12)C(=O)CO, COc1cccc2C(=O)c3c(O)c4C[C@](O)(C[C@H](O[C@H]5C[C@H](N)[C@@H](O)[C@H](C)O5)c4c(O)c3C(=O)c12)C(=O)CO",prism_treatment_info
780f7e833,BRD-A77291778-003-22-0,cyclopentolate,acetylcholine receptor antagonist,0.3319272801086775,0.316644430554935,0.0152828495537425,False,CN(C)CCOC(=O)C(c1ccccc1)C1(O)CCCC1,prism_treatment_info
7853dec9b,BRD-K91336023-003-01-0,mesulergine,dopamine receptor agonist,0.3777843753171344,0.3499213005850827,0.0278630747320516,False,CN(C)S(=O)(=O)N[C@H]1C[C@H]2[C@@H](Cc3cn(C)c4cccc2c34)N(C)C1,prism_treatment_info
786d83020,BRD-K68395654-001-03-1,EVP4593,NFkB pathway inhibitor,0.5034805561077002,0.4161698786811363,0.0873106774265638,True,"Nc1ccc2ncnc(NCCc3ccc(Oc4ccccc4)cc3)c2c1, Nc1ccc2ncnc(NCCc3ccc(Oc4ccccc4)cc3)c2c1, Nc1ccc2ncnc(NCCc3ccc(Oc4ccccc4)cc3)c2c1",prism_treatment_info
78a9ee6c5,BRD-K06181161-048-15-1,carbetapentane,acetylcholine receptor antagonist,0.381181345400672,0.2847198596505015,0.0964614857501705,False,"CCN(CC)CCOCCOC(=O)C1(CCCC1)c1ccccc1, CCN(CC)CCOCCOC(=O)C1(CCCC1)c1ccccc1",prism_treatment_info
78bb32811,BRD-K82036761-003-20-3,sertraline,selective serotonin reuptake inhibitor (SSRI),0.3994812059152636,0.3173258504094652,0.0821553555057984,False,"CN[C@H]1CC[C@@H](c2ccc(Cl)c(Cl)c2)c2ccccc12, CN[C@H]1CC[C@@H](c2ccc(Cl)c(Cl)c2)c2ccccc12, CN[C@H]1CC[C@@H](c2ccc(Cl)c(Cl)c2)c2ccccc12, CN[C@H]1CC[C@@H](c2ccc(Cl)c(Cl)c2)c2ccccc12",prism_treatment_info
78db88217,BRD-A16665823-001-02-0,butoconazole,bacterial cell wall synthesis inhibitor,0.3721753037222984,0.3635357524799589,0.0086395512423395,False,"Clc1ccc(CCC(Cn2ccnc2)Sc2c(Cl)cccc2Cl)cc1, Clc1ccc(CCC(Cn2ccnc2)Sc2c(Cl)cccc2Cl)cc1",prism_treatment_info
7902ac373,BRD-K35952844-238-01-2,calcium-gluceptate,,0.400295276140646,0.3920152436429408,0.0082800324977051,False,"OC[C@@H](O)[C@@H](O)[C@H](O)[C@@H](O)[C@@H](O)C(O)=O, OC[C@@H](O)[C@@H](O)[C@H](O)[C@@H](O)[C@@H](O)C(O)=O",prism_treatment_info
796f6988f,BRD-K42959922-001-01-5,trans-2-Undecenoic-acid,,0.2983635488060783,0.2960485157470718,0.0023150330590064,False,CCCCCCCC\C=C\C(O)=O,prism_treatment_info
7980a0266,BRD-K56195681-001-01-0,losmapimod,p38 MAPK inhibitor,0.3755035231367339,0.3254245699928792,0.0500789531438546,False,Cc1c(F)cc(cc1-c1ccc(cn1)C(=O)NCC(C)(C)C)C(=O)NC1CC1,prism_treatment_info
798bc9f3c,BRD-K19180152-001-02-6,meprobamate,,0.34008006401515,0.2869894478127494,0.0530906162024005,False,CCCC(C)(COC(N)=O)COC(N)=O,prism_treatment_info
79a051ccd,BRD-K01902415-001-11-7,pirinixic-acid,PPAR receptor agonist,0.3860862978601899,0.3561924956819905,0.0298938021781994,False,"Cc1cccc(Nc2cc(Cl)nc(SCC(O)=O)n2)c1C, Cc1cccc(Nc2cc(Cl)nc(SCC(O)=O)n2)c1C, Cc1cccc(Nc2cc(Cl)nc(SCC(O)=O)n2)c1C",prism_treatment_info
79e6b524a,BRD-K44849676-001-10-5,capsazepine,TRPV agonist,0.375565589435442,0.3738278155568003,0.0017377738786417,False,"Oc1cc2CCCN(Cc2cc1O)C(=S)NCCc1ccc(Cl)cc1, Oc1cc2CCCN(Cc2cc1O)C(=S)NCCc1ccc(Cl)cc1",prism_treatment_info
79f6039a3,BRD-K12184916-001-15-4,NVP-BEZ235,"mTOR inhibitor, PI3K inhibitor",0.4087489990363186,0.4021908507674274,0.0065581482688912,False,"Cn1c2cnc3ccc(cc3c2n(-c2ccc(cc2)C(C)(C)C#N)c1=O)-c1cnc2ccccc2c1, Cn1c2cnc3ccc(cc3c2n(-c2ccc(cc2)C(C)(C)C#N)c1=O)-c1cnc2ccccc2c1",prism_treatment_info
79f6667af,BRD-K21520694-236-02-6,sulfacetamide,PABA antagonist,0.3545181255476343,0.3267026805424168,0.0278154450052174,False,"CC(=O)NS(=O)(=O)c1ccc(N)cc1, CC(=O)NS(=O)(=O)c1ccc(N)cc1",prism_treatment_info
79fdea83b,BRD-K33813875-003-01-8,valnemulin,bacterial 50S ribosomal subunit inhibitor,0.3706120673993022,0.2765709797707478,0.0940410876285544,False,CC(C)[C@@H](N)C(=O)NCC(C)(C)SCC(=O)O[C@@H]1C[C@@](C)(C=C)[C@@H](O)[C@H](C)[C@]23CCC(=O)[C@H]2[C@]1(C)[C@H](C)CC3,prism_treatment_info
7a070033e,BRD-A88138582-001-04-8,halcinonide,glucocorticoid receptor agonist,0.3635291916451665,0.3323222276075998,0.0312069640375666,False,"CC1(C)O[C@@H]2CC3C4CCC5=CC(=O)CCC5(C)C4(F)C(O)CC3(C)[C@@]2(O1)C(=O)CCl, CC1(C)O[C@@H]2C[C@H]3[C@@H]4CCC5=CC(=O)CC[C@]5(C)[C@@]4(F)[C@@H](O)C[C@]3(C)[C@@]2(O1)C(=O)CCl",prism_treatment_info
7a07c9d00,BRD-A99388803-001-01-5,metipranolol,adrenergic receptor antagonist,0.3239044933106025,0.3147402562624225,0.0091642370481799,False,CC(C)NCC(O)COc1cc(C)c(OC(C)=O)c(C)c1C,prism_treatment_info
7a0e28a9a,BRD-K09785578-001-01-2,bakuchiol,DNA polymerase inhibitor,0.4007206485609141,0.3726524620077522,0.0280681865531618,False,"CC(C)=CCC[C@@](C)(C=C)\C=C\c1ccc(O)cc1, CC(C)=CCC[C@@](C)(C=C)\C=C\c1ccc(O)cc1",prism_treatment_info
7a138daac,BRD-K79239947-001-06-8,PF-573228,focal adhesion kinase inhibitor,0.3522439208119596,0.2875019031758051,0.0647420176361544,False,"CS(=O)(=O)c1cccc(CNc2nc(Nc3ccc4NC(=O)CCc4c3)ncc2C(F)(F)F)c1, CS(=O)(=O)c1cccc(CNc2nc(Nc3ccc4NC(=O)CCc4c3)ncc2C(F)(F)F)c1",prism_treatment_info
7a1707c50,BRD-K73107279-003-12-5,levamisole,acetylcholine receptor agonist,0.3297038473868976,0.3275337133430511,0.0021701340438464,False,"C1CN2C[C@@H](N=C2S1)c1ccccc1, C1CN2C[C@@H](N=C2S1)c1ccccc1",prism_treatment_info
7a2ea4684,BRD-K85554912-001-08-9,ivermectin,benzodiazepine receptor agonist,0.3313689042803053,0.3254121200554219,0.0059567842248833,False,"CC[C@H](C)[C@H]1O[C@]2(CC[C@@H]1C)C[C@@H]1C[C@@H](C\C=C(C)\[C@@H](O[C@H]3C[C@H](OC)[C@@H](O[C@H]4C[C@H](OC)[C@@H](O)[C@H](C)O4)[C@H](C)O3)[C@@H](C)\C=C\C=C3/CO[C@@H]4[C@H](O)C(C)=C[C@@H](C(=O)O1)[C@]34O)O2, CC[C@H](C)[C@H]1O[C@]2(CC[C@@H]1C)C[C@@H]1C[C@@H](C\C=C(C)\[C@@H](O[C@H]3C[C@H](OC)[C@@H](O[C@H]4C[C@H](OC)[C@@H](O)[C@H](C)O4)[C@H](C)O3)[C@@H](C)\C=C\C=C3/CO[C@@H]4[C@H](O)C(C)=C[C@@H](C(=O)O1)[C@]34O)O2, CC[C@H](C)[C@H]1O[C@]2(CC[C@@H]1C)C[C@@H]1C[C@@H](C\C=C(C)\[C@@H](O[C@H]3C[C@H](OC)[C@@H](O[C@H]4C[C@H](OC)[C@@H](O)[C@H](C)O4)[C@H](C)O3)[C@@H](C)\C=C\C=C3/CO[C@@H]4[C@H](O)C(C)=C[C@@H](C(=O)O1)[C@]34O)O2, CC[C@H](C)[C@H]1O[C@]2(CC[C@@H]1C)C[C@@H]1C[C@@H](C\C=C(C)\[C@@H](O[C@H]3C[C@H](OC)[C@@H](O[C@H]4C[C@H](OC)[C@@H](O)[C@H](C)O4)[C@H](C)O3)[C@@H](C)\C=C\C=C3/CO[C@@H]4[C@H](O)C(C)=C[C@@H](C(=O)O1)[C@]34O)O2",prism_treatment_info
7a6d4cd33,BRD-K19687926-379-07-4,lapatinib,EGFR inhibitor,0.5638877437804549,0.5085831435625927,0.0553046002178622,True,"CS(=O)(=O)CCNCc1ccc(o1)-c1ccc2ncnc(Nc3ccc(OCc4cccc(F)c4)c(Cl)c3)c2c1, CS(=O)(=O)CCNCc1ccc(o1)-c1ccc2ncnc(Nc3ccc(OCc4cccc(F)c4)c(Cl)c3)c2c1, CS(=O)(=O)CCNCc1ccc(o1)-c1ccc2ncnc(Nc3ccc(OCc4cccc(F)c4)c(Cl)c3)c2c1",prism_treatment_info
7a76c7f4e,BRD-K57718010-001-11-9,pentylenetetrazol,GABA receptor antagonist,0.3349159933640174,0.2966867644990358,0.0382292288649816,False,"C1CCc2nnnn2CC1, C1CCc2nnnn2CC1, C1CCc2nnnn2CC1",prism_treatment_info
7aaaab610,BRD-K85402309-389-03-2,dovitinib,"EGFR inhibitor, FGFR inhibitor, FLT3 inhibitor, PDGFR tyrosine kinase receptor inhibitor, VEGFR inhibitor",0.4804627683329421,0.4697239326040162,0.0107388357289259,False,"CN1CCN(CC1)c1ccc2nc([nH]c2c1)-c1c(N)c2c(F)cccc2[nH]c1=O, CN1CCN(CC1)c1ccc2nc([nH]c2c1)-c1c(N)c2c(F)cccc2[nH]c1=O, CN1CCN(CC1)c1ccc2nc([nH]c2c1)-c1c(N)c2c(F)cccc2[nH]c1=O, CN1CCN(CC1)c1ccc2nc([nH]c2c1)-c1c(N)c2c(F)cccc2[nH]c1=O, CN1CCN(CC1)c1ccc2nc([nH]c2c1)-c1c(N)c2c(F)cccc2[nH]c1=O, CN1CCN(CC1)c1ccc2nc([nH]c2c1)-c1c(N)c2c(F)cccc2[nH]c1=O",prism_treatment_info
7ab43c75d,BRD-K07762753-001-04-4,aminopurvalanol-a,"CDK inhibitor, tyrosine kinase inhibitor",0.3507320197768019,0.3300544772716351,0.0206775425051667,False,"CC(C)[C@H](CO)Nc1nc(Nc2cc(N)cc(Cl)c2)c2ncn(C(C)C)c2n1, CC(C)[C@H](CO)Nc1nc(Nc2cc(N)cc(Cl)c2)c2ncn(C(C)C)c2n1",prism_treatment_info
7ac150280,BRD-K23922020-075-02-9,arecaidine-propargyl-ester,acetylcholine receptor agonist,0.2988653372068581,0.2960559215650168,0.0028094156418412,False,"CN1CCC=C(C1)C(=O)OCC#C, CN1CCC=C(C1)C(=O)OCC#C",prism_treatment_info
7ace6b8cc,BRD-A68509429-003-03-9,ethylnorepinephrine,bronchodilator,0.3641655499517581,0.3034562677746761,0.0607092821770819,False,CCC(N)C(O)c1ccc(O)c(O)c1,prism_treatment_info
7ad9cd84c,BRD-A49399758-015-01-8,desmopressin-acetate,vasopressin receptor agonist,0.4438783402751177,0.3359239534652811,0.1079543868098366,False,NC(=O)CCC1NC(=O)C(Cc2ccccc2)NC(=O)C(Cc2ccc(O)cc2)NC(=O)CCSSCC(NC(=O)C(CC(N)=O)NC1=O)C(=O)N1CCCC1C(=O)NC(CCCNC(N)=N)C(=O)NCC(N)=O,prism_treatment_info
7af133847,BRD-K41779183-001-01-2,CB-03-01,androgen receptor antagonist,0.3389657682339177,0.3126640207815498,0.0263017474523678,False,"CCC(=O)O[C@@]1(CC[C@H]2[C@@H]3CCC4=CC(=O)CC[C@]4(C)[C@H]3CC[C@]12C)C(=O)CO, CCC(=O)O[C@@]1(CC[C@H]2[C@@H]3CCC4=CC(=O)CC[C@]4(C)[C@H]3CC[C@]12C)C(=O)CO",prism_treatment_info
7b083704c,BRD-A23359898-003-10-0,sibutramine,serotonin-norepinephrine reuptake inhibitor (SNRI),0.3558032446551105,0.2729183223901067,0.0828849222650037,False,"CC(C)CC(N(C)C)C1(CCC1)c1ccc(Cl)cc1, CC(C)CC(N(C)C)C1(CCC1)c1ccc(Cl)cc1",prism_treatment_info
7b09d1e5b,BRD-K51324732-001-01-0,meglitinide,potassium channel blocker,0.4213155009065939,0.3350658372082848,0.0862496636983091,False,COc1ccc(Cl)cc1C(=O)NCCc1ccc(cc1)C(O)=O,prism_treatment_info
7b1433399,BRD-K23677682-003-01-2,voreloxin,topoisomerase inhibitor,0.4390677996491491,0.4075619034159375,0.0315058962332115,False,CN[C@H]1CN(C[C@@H]1OC)c1ccc2c(n1)n(cc(C(O)=O)c2=O)-c1nccs1,prism_treatment_info
7b1ac15fc,BRD-K11292736-300-02-8,ambenonium,cholinesterase inhibitor,0.3483527861695049,0.2836855166969233,0.0646672694725816,False,CC[N+](CC)(CCNC(=O)C(=O)NCC[N+](CC)(CC)Cc1ccccc1Cl)Cc1ccccc1Cl,prism_treatment_info
7b847b297,BRD-K84895041-001-02-4,BMY-45778,IP1 prostacyclin receptor agonist,0.2940730575524207,0.2788566116641575,0.0152164458882632,False,OC(=O)COc1cccc(c1)-c1ocnc1-c1nc(c(o1)-c1ccccc1)-c1ccccc1,prism_treatment_info
7b879f902,BRD-K57853941-304-02-5,olsalazine,cyclooxygenase inhibitor,0.3853562401739117,0.3392740431206685,0.0460821970532431,False,"OC(=O)c1cc(ccc1O)\N=N\c1ccc(O)c(c1)C(O)=O, OC(=O)c1cc(ccc1O)\N=N\c1ccc(O)c(c1)C(O)=O",prism_treatment_info
7bb287e49,BRD-K09090523-001-02-1,firocoxib,cyclooxygenase inhibitor,0.3485621691584616,0.3115856553177588,0.0369765138407027,False,CC1(C)OC(=O)C(OCC2CC2)=C1c1ccc(cc1)S(C)(=O)=O,prism_treatment_info
7bbbd342b,BRD-K60025295-003-06-6,crystal-violet,other antibiotic,0.4570752346283629,0.4359069523347348,0.0211682822936281,False,"CN(C)c1ccc(cc1)C(c1ccc(cc1)N(C)C)=C1C=CC(C=C1)=[N+](C)C, CN(C)c1ccc(cc1)C(c1ccc(cc1)N(C)C)=C1C=CC(C=C1)=[N+](C)C, CN(C)c1ccc(cc1)C(c1ccc(cc1)N(C)C)=C1C=CC(C=C1)=[N+](C)C",prism_treatment_info
7bc92037a,BRD-K80025777-001-01-4,"cis-9,trans-11-Conjugated-linoleic-acid",,0.3347624189260005,0.325544674840843,0.0092177440851574,False,CCCCCC\C=C\C=C/CCCCCCCC(O)=O,prism_treatment_info
7bd284b37,BRD-K96358241-001-01-9,harringtonine,protein synthesis inhibitor,0.3960280037339332,0.3945269229177504,0.0015010808161828,False,COC(=O)C[C@@](O)(CCC(C)(C)O)C(=O)O[C@H]1[C@@H]2c3cc4OCOc4cc3CCN3CCC[C@]23C=C1OC,prism_treatment_info
7bd9a5c7d,BRD-K19171642-001-02-3,CP-91149,glycogen phosphorylase inhibitor,0.3907398761044722,0.3465232166842056,0.0442166594202665,False,CN(C)C(=O)[C@H](O)[C@H](Cc1ccccc1)NC(=O)c1cc2cc(Cl)ccc2[nH]1,prism_treatment_info
7c161c5dd,BRD-K57754230-001-02-7,EPZ005687,histone lysine methyltransferase inhibitor,0.3996438280393188,0.3515065510100999,0.0481372770292188,False,Cc1cc(C)c(CNC(=O)c2cc(cc3n(ncc23)C2CCCC2)-c2ccc(CN3CCOCC3)cc2)c(=O)[nH]1,prism_treatment_info
7c1e00d49,BRD-K34591242-001-04-3,methoprene-(s),,0.3037724144959087,0.2949403361027547,0.0088320783931539,False,COC(C)(C)CCC[C@H](C)C\C=C\C(C)=C\C(=O)OC(C)C,prism_treatment_info
7c267cb0b,BRD-K90333595-003-21-4,phentolamine,adrenergic receptor antagonist,0.4377129994065713,0.3746027647137805,0.0631102346927908,False,"Cc1ccc(cc1)N(CC1=NCCN1)c1cccc(O)c1, Cc1ccc(cc1)N(CC1=NCCN1)c1cccc(O)c1, Cc1ccc(cc1)N(CC1=NCCN1)c1cccc(O)c1, Cc1ccc(cc1)N(CC1=NCCN1)c1cccc(O)c1",prism_treatment_info
7c2933be3,BRD-K43880410-001-14-4,pregnenolone,glutamate receptor modulator,0.3487528339171231,0.3276815036053762,0.0210713303117469,False,"CC(=O)[C@H]1CC[C@H]2[C@@H]3CC=C4C[C@@H](O)CC[C@]4(C)[C@H]3CC[C@]12C, CC(=O)[C@H]1CC[C@H]2[C@@H]3CC=C4C[C@@H](O)CC[C@]4(C)[C@H]3CC[C@]12C",prism_treatment_info
7c4c06bbb,BRD-K49350383-001-13-7,thioguanine,purine antagonist,0.491845393440844,0.4564451209299074,0.0354002725109365,False,"Nc1nc2nc[nH]c2c(=S)[nH]1, Nc1nc2nc[nH]c2c(=S)[nH]1, Nc1nc2nc[nH]c2c(=S)[nH]1",prism_treatment_info
7c7d76192,BRD-K83636919-001-04-8,entacapone,catechol O methyltransferase inhibitor,0.4031512984385807,0.3263237116006127,0.0768275868379679,False,"CCN(CC)C(=O)C(\C#N)=C\c1cc(O)c(O)c(c1)[N+]([O-])=O, CCN(CC)C(=O)C(\C#N)=C\c1cc(O)c(O)c(c1)[N+]([O-])=O, CCN(CC)C(=O)C(\C#N)=C\c1cc(O)c(O)c(c1)[N+]([O-])=O",prism_treatment_info
7c89877e6,BRD-K70912147-001-01-8,co-102862,,0.3495837754962628,0.3171052803442165,0.0324784951520462,False,NC(=O)N\N=C\c1ccc(Oc2ccc(F)cc2)cc1,prism_treatment_info
7c953c949,BRD-K87990216-001-10-2,piretanide,glucocorticoid receptor agonist,0.3112919257643904,0.3077077073527691,0.0035842184116212,False,NS(=O)(=O)c1cc(cc(N2CCCC2)c1Oc1ccccc1)C(O)=O,prism_treatment_info
7ca67f83d,BRD-K62056274-332-01-8,N-methylquipazine,serotonin receptor agonist,0.349707161722417,0.3375620158700792,0.0121451458523377,False,CN1CCN(CC1)c1ccc2ccccc2n1,prism_treatment_info
7cbed3131,BRD-K56291712-001-01-0,voxtalisib,"mTOR inhibitor, PI3K inhibitor",0.3418621402129323,0.3193993800725052,0.0224627601404271,False,CCn1c2nc(N)nc(C)c2cc(-c2cc[nH]n2)c1=O,prism_treatment_info
7cc7db893,BRD-K22662557-300-01-7,WIN-64338,bradykinin receptor antagonist,0.3312944774043467,0.3248244162015162,0.0064700612028305,False,"CCCC[P+](CCCC)(CCCC)Cc1ccc(NC(=O)[C@H](Cc2ccc3ccccc3c2)N\C(NC2CCCCC2)=N\C2CCCCC2)cc1, CCCC[P+](CCCC)(CCCC)Cc1ccc(NC(=O)[C@H](Cc2ccc3ccccc3c2)N\C(NC2CCCCC2)=N\C2CCCCC2)cc1",prism_treatment_info
7cc96121b,BRD-K88405679-003-03-1,thonzylamine,antihistamine,0.3685953738732009,0.3359451413408847,0.0326502325323161,False,COc1ccc(CN(CCN(C)C)c2ncccn2)cc1,prism_treatment_info
7ce446967,BRD-K36756879-003-08-7,ethaverine,calcium channel blocker,0.3329172416661857,0.2842426699644452,0.0486745717017404,False,CCOc1ccc(Cc2nccc3cc(OCC)c(OCC)cc23)cc1OCC,prism_treatment_info
7cf4a548c,BRD-K51544265-001-04-2,cabozantinib,"RET tyrosine kinase inhibitor, VEGFR inhibitor",0.4724822260449763,0.4379128799616076,0.0345693460833687,False,"COc1cc2nccc(Oc3ccc(NC(=O)C4(CC4)C(=O)Nc4ccc(F)cc4)cc3)c2cc1OC, COc1cc2nccc(Oc3ccc(NC(=O)C4(CC4)C(=O)Nc4ccc(F)cc4)cc3)c2cc1OC",prism_treatment_info
7cfd07b12,BRD-K94266545-001-24-1,ronidazole,antiprotozoal agent,0.389365931969415,0.3232817281247587,0.0660842038446562,False,"Cn1c(COC(N)=O)ncc1[N+]([O-])=O, Cn1c(COC(N)=O)ncc1[N+]([O-])=O",prism_treatment_info
7d0245dc1,BRD-K54606188-001-13-1,JQ1-(+),bromodomain inhibitor,0.4677522904100075,0.4017122001808291,0.0660400902291784,False,"Cc1sc-2c(c1C)C(=N[C@@H](CC(=O)OC(C)(C)C)c1nnc(C)n-21)c1ccc(Cl)cc1, Cc1sc-2c(c1C)C(=N[C@@H](CC(=O)OC(C)(C)C)c1nnc(C)n-21)c1ccc(Cl)cc1",prism_treatment_info
7d1cf068f,BRD-K99300445-003-21-6,antazoline,antihistamine,0.3033438736154872,0.2929817967930214,0.0103620768224658,False,"C(N(Cc1ccccc1)c1ccccc1)C1=NCCN1, C(N(Cc1ccccc1)c1ccccc1)C1=NCCN1, C(N(Cc1ccccc1)c1ccccc1)C1=NCCN1",prism_treatment_info
7d1d72083,BRD-K50677762-001-01-5,oxiracetam,acetylcholine receptor agonist,0.5835088374069521,0.5826860732694056,0.0008227641375465,True,NC(=O)CN1C[C@H](O)CC1=O,prism_treatment_info
7d2c7255a,BRD-A81541225-001-06-8,oligomycin-a,"ATP synthase inhibitor, ATPase inhibitor",0.3194595908315427,0.3169992902589786,0.002460300572564,False,CCC1CCC2OC3(CC[C@@H](C)C(C[C@H](C)O)O3)[C@H](C)C(OC(=O)\C=C\[C@@H](C)[C@H](O)[C@@H](C)C(=O)[C@H](C)[C@@H](O)[C@H](C)C(=O)[C@@](C)(O)[C@H](O)[C@@H](C)C\C=C\C=C\1)[C@H]2C,prism_treatment_info
7d4f1aa23,BRD-K66412701-066-01-6,pazufloxacin,topoisomerase inhibitor,0.3581942917796272,0.3443435029017808,0.0138507888778464,False,C[C@H]1COc2c(c(F)cc3c2n1cc(C(O)=O)c3=O)C1(N)CC1,prism_treatment_info
7d50d31a6,BRD-K60025295-003-06-6,crystal-violet,other antibiotic,0.459490658362118,0.441138326239677,0.018352332122441,False,"CN(C)c1ccc(cc1)C(c1ccc(cc1)N(C)C)=C1C=CC(C=C1)=[N+](C)C, CN(C)c1ccc(cc1)C(c1ccc(cc1)N(C)C)=C1C=CC(C=C1)=[N+](C)C, CN(C)c1ccc(cc1)C(c1ccc(cc1)N(C)C)=C1C=CC(C=C1)=[N+](C)C",prism_treatment_info
7d5dafb2e,BRD-K22936972-003-23-6,diphenylpyraline,dopamine uptake inhibitor,0.3647136942758091,0.3222883036422256,0.0424253906335834,False,"CN1CCC(CC1)OC(c1ccccc1)c1ccccc1, CN1CCC(CC1)OC(c1ccccc1)c1ccccc1",prism_treatment_info
7d62df717,BRD-K83064458-001-23-0,etofylline,adenosine receptor antagonist,0.3446647732355814,0.3084802491349746,0.0361845241006067,False,Cn1c2ncn(CCO)c2c(=O)n(C)c1=O,prism_treatment_info
7d6e641dd,BRD-K94559059-091-01-6,telotristat-ethyl,tryptophan hydroxylase inhibitor,0.3910979791738244,0.3707332817213488,0.0203646974524756,False,"CCOC(=O)[C@@H](N)Cc1ccc(cc1)-c1cc(O[C@H](c2ccc(Cl)cc2-n2ccc(C)n2)C(F)(F)F)nc(N)n1, CCOC(=O)[C@@H](N)Cc1ccc(cc1)-c1cc(O[C@H](c2ccc(Cl)cc2-n2ccc(C)n2)C(F)(F)F)nc(N)n1, CCOC(=O)[C@@H](N)Cc1ccc(cc1)-c1cc(O[C@H](c2ccc(Cl)cc2-n2ccc(C)n2)C(F)(F)F)nc(N)n1",prism_treatment_info
7d70427d6,BRD-K21372554-003-01-7,cefetamet-pivoxil,bacterial cell wall synthesis inhibitor,0.3229777698183843,0.3124133545065607,0.0105644153118236,False,"CO\N=C(/C(=O)N[C@H]1[C@H]2SCC(C)=C(N2C1=O)C(=O)OCOC(=O)C(C)(C)C)c1csc(N)n1, CO\N=C(/C(=O)N[C@H]1[C@H]2SCC(C)=C(N2C1=O)C(=O)OCOC(=O)C(C)(C)C)c1csc(N)n1, CO\N=C(/C(=O)N[C@H]1[C@H]2SCC(C)=C(N2C1=O)C(=O)OCOC(=O)C(C)(C)C)c1csc(N)n1",prism_treatment_info
7da2a5fff,BRD-A56371469-001-03-3,AGI-5198,isocitrate dehydrogenase inhibitor,0.3352469019421294,0.3272860057762637,0.0079608961658656,False,Cc1nccn1CC(=O)N(C(C(=O)NC1CCCCC1)c1ccccc1C)c1cccc(F)c1,prism_treatment_info
7db360ff6,BRD-K38852836-001-02-1,ganetespib,HSP inhibitor,0.3665153656312067,0.3341904350040876,0.032324930627119,False,CC(C)c1cc(-c2n[nH]c(=O)n2-c2ccc3n(C)ccc3c2)c(O)cc1O,prism_treatment_info
7dd085cdb,BRD-K13087974-001-02-5,CGP-52411,EGFR inhibitor,0.4153609849039141,0.3417315301812585,0.0736294547226555,False,"O=C1NC(=O)c2cc(Nc3ccccc3)c(Nc3ccccc3)cc12, O=C1NC(=O)c2cc(Nc3ccccc3)c(Nc3ccccc3)cc12",prism_treatment_info
7de65c4e8,BRD-A01098288-001-02-9,azelnidipine,calcium channel blocker,0.3739052467016109,0.3503212216750697,0.0235840250265412,False,"CC(C)OC(=O)C1=C(C)NC(N)=C(C1c1cccc(c1)[N+]([O-])=O)C(=O)OC1CN(C1)C(c1ccccc1)c1ccccc1, CC(C)OC(=O)C1=C(C)NC(N)=C(C1c1cccc(c1)[N+]([O-])=O)C(=O)OC1CN(C1)C(c1ccccc1)c1ccccc1, CC(C)OC(=O)C1=C(C)NC(N)=C(C1c1cccc(c1)[N+]([O-])=O)C(=O)OC1CN(C1)C(c1ccccc1)c1ccccc1",prism_treatment_info
7df080041,BRD-K87774949-001-03-9,istradefylline,adenosine receptor antagonist,0.4270047044978149,0.4159920837455519,0.011012620752263,False,"CCn1c2nc(\C=C\c3ccc(OC)c(OC)c3)n(C)c2c(=O)n(CC)c1=O, CCn1c2nc(\C=C\c3ccc(OC)c(OC)c3)n(C)c2c(=O)n(CC)c1=O, CCn1c2nc(\C=C\c3ccc(OC)c(OC)c3)n(C)c2c(=O)n(CC)c1=O, CCn1c2nc(\C=C\c3ccc(OC)c(OC)c3)n(C)c2c(=O)n(CC)c1=O, CCn1c2nc(\C=C\c3ccc(OC)c(OC)c3)n(C)c2c(=O)n(CC)c1=O",prism_treatment_info
7e33f1ac7,BRD-K61269089-001-05-5,daphnetin,protein kinase inhibitor,0.2980669518463007,0.2885895239690216,0.009477427877279,False,Oc1ccc2ccc(=O)oc2c1O,prism_treatment_info
7e569a33a,BRD-K52397688-003-06-4,amperozide,dopamine receptor antagonist,0.3860932741406956,0.3603988330448461,0.0256944410958495,False,CCNC(=O)N1CCN(CCCC(c2ccc(F)cc2)c2ccc(F)cc2)CC1,prism_treatment_info
7e5ccc730,BRD-K36040345-001-01-1,TXA127,angiotensin receptor agonist,0.3477065281119283,0.3234805074847416,0.0242260206271867,False,"CC[C@H](C)[C@H](NC(=O)[C@H](Cc1ccc(O)cc1)NC(=O)[C@@H](NC(=O)[C@H](CCCNC(N)=N)NC(=O)[C@@H](N)CC(O)=O)C(C)C)C(=O)N[C@@H](Cc1c[nH]cn1)C(=O)N1CCC[C@H]1C(O)=O, CC[C@H](C)[C@H](NC(=O)[C@H](Cc1ccc(O)cc1)NC(=O)[C@@H](NC(=O)[C@H](CCCNC(N)=N)NC(=O)[C@@H](N)CC(O)=O)C(C)C)C(=O)N[C@@H](Cc1c[nH]cn1)C(=O)N1CCC[C@H]1C(O)=O",prism_treatment_info
7e6b66a8f,BRD-K67844266-003-01-9,pevonedistat,nedd activating enzyme inhibitor,0.438977138178499,0.4010189173464136,0.0379582208320853,False,NS(=O)(=O)OC[C@@H]1C[C@H](C[C@@H]1O)n1ccc2c(N[C@H]3CCc4ccccc34)ncnc12,prism_treatment_info
7e6ba019e,BRD-K23204545-001-16-4,busulfan,DNA inhibitor,0.2728743354512866,0.2712734389622966,0.0016008964889899,False,"CS(=O)(=O)OCCCCOS(C)(=O)=O, CS(=O)(=O)OCCCCOS(C)(=O)=O, CS(=O)(=O)OCCCCOS(C)(=O)=O",prism_treatment_info
7e6c6393b,BRD-A80871782-004-06-9,hydroxyamphetamine,trace amine associated receptor agonist,0.3018406796837655,0.2685933226147438,0.0332473570690217,False,CC(N)Cc1ccc(O)cc1,prism_treatment_info
7e6d15fce,BRD-K42221274-003-07-7,NNC-711,GABA uptake inhibitor,0.4591575416449622,0.3985558044746684,0.0606017371702938,False,"OC(=O)C1=CCCN(CCON=C(c2ccccc2)c2ccccc2)C1, OC(=O)C1=CCCN(CCON=C(c2ccccc2)c2ccccc2)C1",prism_treatment_info
7e7cf6909,BRD-A79431551-001-01-1,3-deazaadenosine,adenosylhomocysteinase inhibitor,0.3575430669249614,0.3236864091154863,0.0338566578094751,False,Nc1nccc2n(cnc12)[C@@H]1O[C@H](CO)C(O)C1O,prism_treatment_info
7e7dfcf43,BRD-K99741577-001-01-7,SANT-1,smoothened receptor antagonist,0.3083943885004386,0.2977213305353194,0.0106730579651191,False,"Cc1nn(c(C)c1\C=N\N1CCN(Cc2ccccc2)CC1)-c1ccccc1, Cc1nn(c(C)c1\C=N\N1CCN(Cc2ccccc2)CC1)-c1ccccc1, Cc1nn(c(C)c1\C=N\N1CCN(Cc2ccccc2)CC1)-c1ccccc1",prism_treatment_info
7ea17588b,BRD-K73319509-001-08-0,PF-04217903,c-Met inhibitor,0.2859651422628675,0.2829759739739096,0.0029891682889578,False,OCCn1cc(cn1)-c1cnc2nnn(Cc3ccc4ncccc4c3)c2n1,prism_treatment_info
7ec99cbab,BRD-K30237152-300-02-5,1400W,nitric oxide synthase inhibitor,0.3080608911540022,0.3042489886440862,0.003811902509916,False,CC(=N)NCc1cccc(CN)c1,prism_treatment_info
7edefa710,BRD-K57222227-001-30-1,indomethacin,cyclooxygenase inhibitor,0.3063939375252836,0.2830762807780438,0.0233176567472397,False,"COc1ccc2n(C(=O)c3ccc(Cl)cc3)c(C)c(CC(O)=O)c2c1, COc1ccc2n(C(=O)c3ccc(Cl)cc3)c(C)c(CC(O)=O)c2c1, COc1ccc2n(C(=O)c3ccc(Cl)cc3)c(C)c(CC(O)=O)c2c1",prism_treatment_info
7ee8a40af,BRD-K82746043-001-15-1,navitoclax,BCL inhibitor,0.3053287353471549,0.2757995932842486,0.0295291420629063,False,"CC1(C)CCC(=C(CN2CCN(CC2)c2ccc(cc2)C(=O)NS(=O)(=O)c2ccc(N[C@H](CCN3CCOCC3)CSc3ccccc3)c(c2)S(=O)(=O)C(F)(F)F)C1)c1ccc(Cl)cc1, CC1(C)CCC(=C(CN2CCN(CC2)c2ccc(cc2)C(=O)NS(=O)(=O)c2ccc(N[C@H](CCN3CCOCC3)CSc3ccccc3)c(c2)S(=O)(=O)C(F)(F)F)C1)c1ccc(Cl)cc1",prism_treatment_info
7eebca46e,BRD-K41406082-001-16-2,sulfapyridine,PABA antagonist,0.3039115683742673,0.2765916459476465,0.0273199224266207,False,"Nc1ccc(cc1)S(=O)(=O)Nc1ccccn1, Nc1ccc(cc1)S(=O)(=O)Nc1ccccn1",prism_treatment_info
7f0a7be43,BRD-K90333595-003-21-4,phentolamine,adrenergic receptor antagonist,0.3152299467397648,0.3120043703159394,0.0032255764238253,False,"Cc1ccc(cc1)N(CC1=NCCN1)c1cccc(O)c1, Cc1ccc(cc1)N(CC1=NCCN1)c1cccc(O)c1, Cc1ccc(cc1)N(CC1=NCCN1)c1cccc(O)c1, Cc1ccc(cc1)N(CC1=NCCN1)c1cccc(O)c1",prism_treatment_info
7f3196674,BRD-K08223200-001-01-1,WAY-200070,estrogen receptor agonist,0.3899107116010869,0.3715538508642314,0.0183568607368554,False,"Oc1ccc(cc1)-c1nc2cc(O)cc(Br)c2o1, Oc1ccc(cc1)-c1nc2cc(O)cc(Br)c2o1",prism_treatment_info
7f69271a1,BRD-K40175214-001-11-6,torin-1,mTOR inhibitor,0.4365105398751569,0.3884937289006111,0.0480168109745458,False,"CCC(=O)N1CCN(CC1)c1ccc(cc1C(F)(F)F)-n1c2c(ccc1=O)cnc1ccc(cc21)-c1cnc2ccccc2c1, CCC(=O)N1CCN(CC1)c1ccc(cc1C(F)(F)F)-n1c2c(ccc1=O)cnc1ccc(cc21)-c1cnc2ccccc2c1",prism_treatment_info
7f857ca56,BRD-K25224017-001-25-0,pirenperone,serotonin receptor antagonist,0.2862814849672836,0.2666308572672708,0.0196506277000128,False,Cc1nc2ccccn2c(=O)c1CCN1CCC(CC1)C(=O)c1ccc(F)cc1,prism_treatment_info
7f8f99f1b,BRD-K13183738-317-10-2,pentamidine,anti-pneumocystis agent,0.4342492045373857,0.3452995733419559,0.0889496311954298,False,"NC(=N)c1ccc(OCCCCCOc2ccc(cc2)C(N)=N)cc1, NC(=N)c1ccc(OCCCCCOc2ccc(cc2)C(N)=N)cc1",prism_treatment_info
7f9222ded,BRD-A78195072-001-06-2,imexon,"apoptosis stimulant, ribonucleotide reductase inhibitor",0.3842822098037763,0.2932851147197906,0.0909970950839857,False,N=C1NC(=O)N2CC12,prism_treatment_info
7f9529b0b,BRD-A28887267-001-19-3,proxyphylline,,0.3187989084954351,0.3075833962182193,0.0112155122772157,False,CC(O)Cn1cnc2n(C)c(=O)n(C)c(=O)c12,prism_treatment_info
7fbcc1553,BRD-A45107007-001-03-4,salubrinal,eukaryotic translation initiation factor inhibitor,0.2798510363693714,0.2795184555292557,0.0003325808401156,False,"ClC(Cl)(Cl)C(NC(=O)\C=C\c1ccccc1)NC(=S)Nc1cccc2cccnc12, ClC(Cl)(Cl)C(NC(=O)\C=C\c1ccccc1)NC(=S)Nc1cccc2cccnc12, ClC(Cl)(Cl)C(NC(=O)\C=C\c1ccccc1)NC(=S)Nc1cccc2cccnc12, ClC(Cl)(Cl)C(NC(=O)\C=C\c1ccccc1)NC(=S)Nc1cccc2cccnc12",prism_treatment_info
7fed85986,BRD-K77791657-001-01-1,3-deazaneplanocin-A,histone lysine methyltransferase inhibitor,0.3026585824563814,0.2884429170072852,0.0142156654490961,False,"Nc1nccc2n(cnc12)[C@@H]1C=C(CO)[C@@H](O)[C@H]1O, Nc1nccc2n(cnc12)[C@@H]1C=C(CO)[C@@H](O)[C@H]1O",prism_treatment_info
7ffeb0a9d,BRD-K58819470-001-05-9,2-thiouracil,,0.3206662560571559,0.3160277856110141,0.0046384704461417,False,"Oc1ccnc(S)n1, Oc1ccnc(S)n1",prism_treatment_info
800b01522,BRD-K09443272-001-03-3,PHA-680632,Aurora kinase inhibitor,0.4358283210048726,0.4041384448392349,0.0316898761656377,False,CCc1cccc(CC)c1NC(=O)N1Cc2[nH]nc(NC(=O)c3ccc(cc3)N3CCN(C)CC3)c2C1,prism_treatment_info
80100f7b3,BRD-A58048407-001-18-8,nimodipine,calcium channel blocker,0.3665061724364591,0.3583511505756024,0.0081550218608567,False,"COCCOC(=O)C1=C(C)NC(C)=C(C1c1cccc(c1)[N+]([O-])=O)C(=O)OC(C)C, COCCOC(=O)C1=C(C)NC(C)=C(C1c1cccc(c1)[N+]([O-])=O)C(=O)OC(C)C, COCCOC(=O)C1=C(C)NC(C)=C(C1c1cccc(c1)[N+]([O-])=O)C(=O)OC(C)C",prism_treatment_info
803f6dd3b,BRD-K26823213-001-02-9,GW-842166,cannabinoid receptor agonist,0.3819009324161829,0.3262431927194028,0.0556577396967801,False,FC(F)(F)c1nc(Nc2ccc(Cl)cc2Cl)ncc1C(=O)NCC1CCOCC1,prism_treatment_info
80520276a,BRD-K20417253-001-01-9,oxiniacic-acid,,0.3454016758023686,0.3055901141793156,0.0398115616230529,False,"OC(=O)c1ccc[n+]([O-])c1, OC(=O)c1ccc[n+]([O-])c1",prism_treatment_info
807e10282,BRD-K18323388-001-01-1,uridine-triacetate,,0.3183641567437927,0.3064336704317942,0.0119304863119985,False,CC(=O)OC[C@H]1O[C@H]([C@H](OC(C)=O)[C@@H]1OC(C)=O)n1ccc(=O)[nH]c1=O,prism_treatment_info
808cb9eea,BRD-K00405906-001-01-9,phloroglucin,,0.4055383226706348,0.3750552904614829,0.0304830322091518,False,Oc1cc(O)cc(O)c1,prism_treatment_info
809527b9d,BRD-K84564571-001-02-4,telatinib,"KIT inhibitor, PDGFR tyrosine kinase receptor inhibitor, VEGFR inhibitor",0.5709201987589183,0.5004692299827903,0.070450968776128,True,CNC(=O)c1cc(COc2nnc(Nc3ccc(Cl)cc3)c3ccoc23)ccn1,prism_treatment_info
80a578224,BRD-K56515112-001-21-6,medrysone,glucocorticoid receptor agonist,0.5201588686871695,0.3782012941839839,0.1419575745031856,True,"C[C@H]1CC2C3CCC(C(C)=O)C3(C)CC(O)C2C2(C)CCC(=O)C=C12, C[C@H]1C[C@H]2[C@@H]3CC[C@H](C(C)=O)[C@@]3(C)C[C@H](O)[C@@H]2[C@@]2(C)CCC(=O)C=C12",prism_treatment_info
80a5b5346,BRD-K75466013-001-14-4,benzocaine,sodium channel blocker,0.3003116212235693,0.2966745014641459,0.0036371197594234,False,"CCOC(=O)c1ccc(N)cc1, CCOC(=O)c1ccc(N)cc1",prism_treatment_info
80b7b6afe,BRD-K81807412-001-10-6,N6-methyladenosine,,0.3705700859181621,0.3705592708480822,1.0815070079883691e-05,False,CNc1ncnc2n(cnc12)[C@@H]1O[C@H](CO)[C@@H](O)[C@H]1O,prism_treatment_info
80ceedc56,BRD-A05457250-001-08-4,BAY-K-8644-(+/-),L-type calcium channel activator,0.3345540671686682,0.2607121410522929,0.0738419261163752,False,COC(=O)C1=C(C)NC(C)=C(C1c1ccccc1C(F)(F)F)[N+]([O-])=O,prism_treatment_info
80d55b957,BRD-K54520417-001-01-2,LXR-623,LXR agonist,0.37214359096148,0.3426471148977944,0.0294964760636855,False,Fc1ccc(cc1)-c1n(Cc2ccc(F)cc2Cl)nc2c(cccc12)C(F)(F)F,prism_treatment_info
80dbae6e2,BRD-K92723993-001-06-7,imatinib,"Bcr-Abl kinase inhibitor, KIT inhibitor, PDGFR tyrosine kinase receptor inhibitor",0.5381100239219317,0.4930916182579808,0.0450184056639508,True,"CN1CCN(Cc2ccc(cc2)C(=O)Nc2ccc(C)c(Nc3nccc(n3)-c3cccnc3)c2)CC1, CN1CCN(Cc2ccc(cc2)C(=O)Nc2ccc(C)c(Nc3nccc(n3)-c3cccnc3)c2)CC1, CN1CCN(Cc2ccc(cc2)C(=O)Nc2ccc(C)c(Nc3nccc(n3)-c3cccnc3)c2)CC1",prism_treatment_info
80e2dfe4e,BRD-K62056274-332-01-8,N-methylquipazine,serotonin receptor agonist,0.3143590588957976,0.3093345696237238,0.0050244892720737,False,CN1CCN(CC1)c1ccc2ccccc2n1,prism_treatment_info
80ea3c823,BRD-K51033547-003-02-6,tramadol,"norepinephrine reputake inhibitor, opioid receptor agonist, serotonin reuptake inhibitor",0.3503541406497217,0.3148482333847855,0.0355059072649361,False,COc1cccc(c1)[C@]1(O)CCCC[C@H]1CN(C)C,prism_treatment_info
80f09571d,BRD-K52396582-001-06-7,CF102,adenosine receptor agonist,0.3731414358395241,0.2529874765859681,0.1201539592535559,False,CNC(=O)[C@H]1O[C@H]([C@H](O)[C@@H]1O)n1cnc2c(NCc3cccc(I)c3)nc(Cl)nc12,prism_treatment_info
810e91529,BRD-K02594908-001-16-4,sulfanilamide,carbonic anhydrase inhibitor,0.3597352660337456,0.3498102774129968,0.0099249886207487,False,"Nc1ccc(cc1)S(N)(=O)=O, Nc1ccc(cc1)S(N)(=O)=O",prism_treatment_info
81125af64,BRD-K58736316-001-09-5,cianidanol,fatty acid synthase inhibitor,0.3219395624600396,0.2647634116224524,0.0571761508375872,False,O[C@H]1Cc2c(O)cc(O)cc2O[C@@H]1c1ccc(O)c(O)c1,prism_treatment_info
814afd3ab,BRD-K19309090-300-05-5,SR-95639A,acetylcholine receptor agonist,0.3246765490315388,0.324290725601787,0.0003858234297517,False,C(CN1CCOCC1)Nc1cc2CCCc3ccccc3-c2nn1,prism_treatment_info
816767bf6,BRD-A70514680-003-11-2,articaine,local anesthetic,0.3244005209059598,0.2968051729921357,0.027595347913824,False,CCCNC(C)C(=O)Nc1c(C)csc1C(=O)OC,prism_treatment_info
816b84388,BRD-K52075715-001-06-7,oxibendazole,tubulin polymerization inhibitor,0.7294328934443486,0.6726714102968897,0.0567614831474588,True,"CCCOc1ccc2nc(NC(=O)OC)[nH]c2c1, CCCOc1ccc2nc(NC(=O)OC)[nH]c2c1",prism_treatment_info
81756e31a,BRD-K93869735-001-01-1,taltirelin,thyrotropin releasing hormone receptor agonist,0.3924835786911743,0.3726706562380193,0.0198129224531549,False,CN1C(=O)C[C@H](NC1=O)C(=O)N[C@@H](Cc1cnc[nH]1)C(=O)N1CCC[C@H]1C(N)=O,prism_treatment_info
81818cf39,BRD-A95869247-001-26-9,indapamide,thiazide diuretic,0.345405349339827,0.3278398794155775,0.0175654699242494,False,"CC1Cc2ccccc2N1NC(=O)c1ccc(Cl)c(c1)S(N)(=O)=O, CC1Cc2ccccc2N1NC(=O)c1ccc(Cl)c(c1)S(N)(=O)=O",prism_treatment_info
81828c953,BRD-K15916496-001-27-9,clotrimazole,"cytochrome P450 inhibitor, imidazoline receptor ligand",0.2974652622182835,0.2570060977803519,0.0404591644379316,False,"Clc1ccccc1C(c1ccccc1)(c1ccccc1)n1ccnc1, Clc1ccccc1C(c1ccccc1)(c1ccccc1)n1ccnc1, Clc1ccccc1C(c1ccccc1)(c1ccccc1)n1ccnc1",prism_treatment_info
818fb35d2,BRD-K93524252-001-24-7,sulfamerazine,bacterial antifolate,0.3748217713612271,0.3398075187416032,0.0350142526196238,False,"Cc1ccnc(NS(=O)(=O)c2ccc(N)cc2)n1, Cc1ccnc(NS(=O)(=O)c2ccc(N)cc2)n1",prism_treatment_info
819e196f2,BRD-K15071410-001-01-1,tiotidine,histamine receptor antagonist,0.323941680145487,0.3030108573343243,0.0209308228111627,False,"CN\C(NCCSCc1csc(N=C(N)N)n1)=N/C#N, CN\C(NCCSCc1csc(N=C(N)N)n1)=N/C#N",prism_treatment_info
81a463c0a,BRD-K61323504-001-04-0,SB-225002,CC chemokine receptor antagonist,0.397054394084723,0.3405958814079573,0.0564585126767656,False,"Oc1cc(ccc1NC(=O)Nc1ccccc1Br)[N+]([O-])=O, Oc1cc(ccc1NC(=O)Nc1ccccc1Br)[N+]([O-])=O",prism_treatment_info
81be51c8c,BRD-K21160401-065-01-0,dextroamphetamine,monoamine oxidase inhibitor,0.4388178599213015,0.3589187830128016,0.0798990769084999,False,C[C@H](N)Cc1ccccc1,prism_treatment_info
81bf9fb8c,BRD-K74186897-001-13-2,cytisine,acetylcholine receptor agonist,0.4044822698255743,0.3267979141669655,0.0776843556586087,False,"O=c1cccc2[C@H]3CNC[C@H](C3)Cn12, O=c1cccc2[C@H]3CNC[C@H](C3)Cn12, O=c1cccc2[C@H]3CNC[C@H](C3)Cn12, O=c1cccc2[C@H]3CNC[C@H](C3)Cn12",prism_treatment_info
81c2e7617,BRD-K50071428-001-03-3,abiraterone,androgen biosynthesis inhibitor,0.3211432211439948,0.318647546689848,0.0024956744541467,False,C[C@]12CC[C@H]3[C@@H](CC=C4C[C@@H](O)CC[C@]34C)[C@@H]1CC=C2c1cccnc1,prism_treatment_info
81caec2ee,BRD-K51486818-003-02-8,lazabemide,monoamine oxidase inhibitor,0.3546280216728366,0.3317970843014605,0.022830937371376,False,"NCCNC(=O)c1ccc(Cl)cn1, NCCNC(=O)c1ccc(Cl)cn1",prism_treatment_info
81ef43f78,BRD-K79759585-048-04-8,sildenafil,phosphodiesterase inhibitor,0.2915778658395557,0.2721411220936991,0.0194367437458566,False,"CCCc1nn(C)c2c1nc([nH]c2=O)-c1cc(ccc1OCC)S(=O)(=O)N1CCN(C)CC1, CCCc1nn(C)c2c1nc([nH]c2=O)-c1cc(ccc1OCC)S(=O)(=O)N1CCN(C)CC1, CCCc1nn(C)c2c1nc([nH]c2=O)-c1cc(ccc1OCC)S(=O)(=O)N1CCN(C)CC1",prism_treatment_info
81f42b0c0,BRD-K76568384-001-02-2,PHTPP,estrogen receptor antagonist,0.3729280483624091,0.3332367038880444,0.0396913444743647,False,"Oc1ccc(cc1)-c1c(nn2c(cc(nc12)C(F)(F)F)C(F)(F)F)-c1ccccc1, Oc1ccc(cc1)-c1c(nn2c(cc(nc12)C(F)(F)F)C(F)(F)F)-c1ccccc1",prism_treatment_info
82059df86,BRD-K46585355-001-14-3,acetylsalicylsalicylic-acid,cyclooxygenase inhibitor,0.3242459083335602,0.2657779172928736,0.0584679910406866,False,CC(=O)Oc1ccccc1C(=O)Oc1ccccc1C(O)=O,prism_treatment_info
821dc7eeb,BRD-A74914197-001-02-9,pralatrexate,dihydrofolate reductase inhibitor,0.5042414189349018,0.5034258214749691,0.0008155974599327,True,Nc1nc(N)c2nc(CC(CC#C)c3ccc(cc3)C(=O)N[C@@H](CCC(O)=O)C(O)=O)cnc2n1,prism_treatment_info
8229f1030,BRD-A55464252-001-01-2,3-(4-methylbenzylidene)camphor,endocrine disruptor,0.3226101545660503,0.3126320301250614,0.0099781244409888,False,Cc1ccc(cc1)\C=C1\C2CCC(C)(C1=O)C2(C)C,prism_treatment_info
8235a227e,BRD-K07955840-001-02-3,PF-05212384,"mTOR inhibitor, PI3K inhibitor",0.75665682083978,0.5859704483417306,0.1706863724980494,True,"CN(C)C1CCN(CC1)C(=O)c1ccc(NC(=O)Nc2ccc(cc2)-c2nc(nc(n2)N2CCOCC2)N2CCOCC2)cc1, CN(C)C1CCN(CC1)C(=O)c1ccc(NC(=O)Nc2ccc(cc2)-c2nc(nc(n2)N2CCOCC2)N2CCOCC2)cc1, CN(C)C1CCN(CC1)C(=O)c1ccc(NC(=O)Nc2ccc(cc2)-c2nc(nc(n2)N2CCOCC2)N2CCOCC2)cc1",prism_treatment_info
824a6c1ca,BRD-K75699339-057-08-1,rizatriptan,serotonin receptor agonist,0.4710738376711205,0.4704996233735339,0.0005742142975865,False,"CN(C)CCc1c[nH]c2ccc(Cn3cncn3)cc12, CN(C)CCc1c[nH]c2ccc(Cn3cncn3)cc12, CN(C)CCc1c[nH]c2ccc(Cn3cncn3)cc12, CN(C)CCc1c[nH]c2ccc(Cn3cncn3)cc12",prism_treatment_info
825e3a43c,BRD-K21913543-001-02-4,fluorescein,,0.3141026735119236,0.3048021279521048,0.0093005455598188,False,Oc1ccc2c(Oc3cc(O)ccc3C22OC(=O)c3ccccc23)c1,prism_treatment_info
827cc5d8d,BRD-K51575138-001-13-2,TPCA-1,IKK inhibitor,0.335023186431805,0.3265215618334994,0.0085016245983055,False,"NC(=O)Nc1sc(cc1C(N)=O)-c1ccc(F)cc1, NC(=O)Nc1sc(cc1C(N)=O)-c1ccc(F)cc1, NC(=O)Nc1sc(cc1C(N)=O)-c1ccc(F)cc1",prism_treatment_info
828099693,BRD-K18910433-001-43-2,estradiol,estrogen receptor agonist,0.3140242479802394,0.2995586921778113,0.0144655558024281,False,"C[C@]12CC[C@H]3[C@@H](CCc4cc(O)ccc34)[C@@H]1CC[C@@H]2O, C[C@]12CC[C@H]3[C@@H](CCc4cc(O)ccc34)[C@@H]1CC[C@@H]2O, C[C@]12CC[C@H]3[C@@H](CCc4cc(O)ccc34)[C@@H]1CC[C@@H]2O",prism_treatment_info
82a5720b8,BRD-K14711741-001-02-1,PF-4708671,ribosomal protein inhibitor,0.3602855651137864,0.3265214476201162,0.0337641174936702,False,"CCc1cncnc1N1CCN(CC1)Cc1nc2cc(ccc2[nH]1)C(F)(F)F, CCc1cncnc1N1CCN(CC1)Cc1nc2cc(ccc2[nH]1)C(F)(F)F",prism_treatment_info
82b22fb97,BRD-K53737926-003-27-8,amitriptyline,"norepinephrine inhibitor, norepinephrine reuptake inhibitor, serotonin receptor antagonist, serotonin-norepinephrine reuptake inhibitor (SNRI)",0.3709452608879022,0.3411847241768747,0.0297605367110274,False,"CN(C)CCC=C1c2ccccc2CCc2ccccc12, CN(C)CCC=C1c2ccccc2CCc2ccccc12",prism_treatment_info
82b9b3b09,BRD-K89299012-001-06-0,DCEBIO,potassium channel activator,0.3391490873837191,0.3295605235025233,0.0095885638811957,False,"CCn1c(O)nc2cc(Cl)c(Cl)cc12, CCn1c(O)nc2cc(Cl)c(Cl)cc12, CCn1c(O)nc2cc(Cl)c(Cl)cc12",prism_treatment_info
82da03539,BRD-K60984070-001-01-0,PD-166793,"collagenase inhibitor, metalloproteinase inhibitor",0.3555577208047485,0.343287292423399,0.0122704283813495,False,"CC(C)[C@H](NS(=O)(=O)c1ccc(cc1)-c1ccc(Br)cc1)C(O)=O, CC(C)[C@H](NS(=O)(=O)c1ccc(cc1)-c1ccc(Br)cc1)C(O)=O",prism_treatment_info
82dcdb180,BRD-K50000283-001-04-4,PHA-767491,CDC inhibitor,0.2870130155295611,0.2661488559570986,0.0208641595724625,False,"O=C1NCCc2[nH]c(cc12)-c1ccncc1, O=C1NCCc2[nH]c(cc12)-c1ccncc1",prism_treatment_info
82dee97da,BRD-A74391928-051-01-3,ibutilide,potassium channel blocker,0.4751447142628549,0.3591805955480657,0.1159641187147892,False,"CCCCCCCN(CC)CCCC(O)c1ccc(NS(C)(=O)=O)cc1, CCCCCCCN(CC)CCCC(O)c1ccc(NS(C)(=O)=O)cc1, CCCCCCCN(CC)CCCC(O)c1ccc(NS(C)(=O)=O)cc1",prism_treatment_info
82e9d6227,BRD-K62427771-001-01-0,AS-77,potassium channel blocker,0.4580834423412812,0.3790422687968983,0.0790411735443829,False,O=c1ccc2c(OCCCCOc3ccccc3)c3ccoc3cc2o1,prism_treatment_info
82fd56cd7,BRD-A33447119-001-10-8,oxfendazole,anthelmintic agent,0.3689875294879482,0.2935859878169553,0.0754015416709929,False,"COC(=O)Nc1nc2ccc(cc2[nH]1)S(=O)c1ccccc1, COC(=O)Nc1nc2ccc(cc2[nH]1)S(=O)c1ccccc1",prism_treatment_info
8313e9d27,BRD-K49350383-001-13-7,thioguanine,purine antagonist,0.7084705666780651,0.6175059135569154,0.0909646531211496,True,"Nc1nc2nc[nH]c2c(=S)[nH]1, Nc1nc2nc[nH]c2c(=S)[nH]1, Nc1nc2nc[nH]c2c(=S)[nH]1",prism_treatment_info
831824cdb,BRD-K32681104-001-11-6,2-aminobenzenesulfonamide,carbonic anhydrase inhibitor,0.3182664056169088,0.297878299074815,0.0203881065420937,False,Nc1ccccc1S(N)(=O)=O,prism_treatment_info
8328e4cc1,BRD-K78055238-001-01-8,LY2090314,glycogen synthase kinase inhibitor,0.5045709523465722,0.415357172705045,0.0892137796415272,True,Fc1cc2CN(CCn3cc(C4=C(C(=O)NC4=O)c4cnc5ccccn45)c(c1)c23)C(=O)N1CCCCC1,prism_treatment_info
8374daa51,BRD-K26997899-001-02-2,D-64131,microtubule inhibitor,0.6365721287745686,0.5984447572072742,0.0381273715672944,True,COc1ccc2[nH]c(cc2c1)C(=O)c1ccccc1,prism_treatment_info
838575b1d,BRD-A14316475-001-02-3,SN-6,sodium/calcium exchange inhibitor,0.5040923539136771,0.3721857052358393,0.1319066486778378,True,"CCOC(=O)C1CSC(N1)Cc1ccc(OCc2ccc([N+]([O-])=O)cc2)cc1, CCOC(=O)C1CSC(N1)Cc1ccc(OCc2ccc([N+]([O-])=O)cc2)cc1",prism_treatment_info
839b133ec,BRD-K31135544-001-07-0,IB-MECA,adenosine receptor agonist,0.4203011987879755,0.4072505340660697,0.0130506647219058,False,CNC(=O)[C@H]1O[C@H]([C@H](O)[C@@H]1O)n1cnc2c(NCc3cccc(I)c3)ncnc12,prism_treatment_info
83a9ea167,BRD-K38158531-001-02-1,traxoprodil,glutamate receptor antagonist,0.3789493082445127,0.3134457930882604,0.0655035151562522,False,C[C@@H]([C@@H](O)c1ccc(O)cc1)N1CCC(O)(CC1)c1ccccc1,prism_treatment_info
83d61e159,BRD-K07972848-001-02-0,GSK2126458,"mTOR inhibitor, PI3K inhibitor",0.4047523189228573,0.3615734572518007,0.0431788616710566,False,COc1ncc(cc1NS(=O)(=O)c1ccc(F)cc1F)-c1ccc2nccc(-c3ccnnc3)c2c1,prism_treatment_info
84342a1f5,BRD-K40758068-001-08-2,efavirenz,HIV protease inhibitor,0.3800605367219541,0.3328742755069901,0.0471862612149639,False,FC(F)(F)[C@]1(OC(=O)Nc2ccc(Cl)cc12)C#CC1CC1,prism_treatment_info
8445939fb,BRD-K55468218-001-26-1,spiperone,dopamine receptor antagonist,0.3409013546690194,0.3317895381197431,0.0091118165492762,False,"Fc1ccc(cc1)C(=O)CCCN1CCC2(CC1)N(CNC2=O)c1ccccc1, Fc1ccc(cc1)C(=O)CCCN1CCC2(CC1)N(CNC2=O)c1ccccc1",prism_treatment_info
8458bb23d,BRD-A44448661-001-04-8,pentobarbital,"barbiturate antiepileptic, GABA receptor modulator",0.3542315287791848,0.3533618260515955,0.0008697027275892,False,CCCC(C)C1(CC)C(=O)NC(=O)NC1=O,prism_treatment_info
847dd6858,BRD-K86301799-001-34-8,dipyridamole,phosphodiesterase inhibitor,0.4198006338525765,0.3285067340261813,0.0912938998263951,False,"OCCN(CCO)c1nc(N2CCCCC2)c2nc(nc(N3CCCCC3)c2n1)N(CCO)CCO, OCCN(CCO)c1nc(N2CCCCC2)c2nc(nc(N3CCCCC3)c2n1)N(CCO)CCO, OCCN(CCO)c1nc(N2CCCCC2)c2nc(nc(N3CCCCC3)c2n1)N(CCO)CCO, OCCN(CCO)c1nc(N2CCCCC2)c2nc(nc(N3CCCCC3)c2n1)N(CCO)CCO, OCCN(CCO)c1nc(N2CCCCC2)c2nc(nc(N3CCCCC3)c2n1)N(CCO)CCO",prism_treatment_info
847fbc822,BRD-K13390322-001-06-3,AT-7519,CDK inhibitor,0.5159393570615112,0.455176267050901,0.0607630900106102,True,Clc1cccc(Cl)c1C(=O)Nc1c[nH]nc1C(=O)NC1CCNCC1,prism_treatment_info
848f1f314,BRD-K08188887-001-02-4,astragaloside-a,antiinflammatory agent,0.2909011906889828,0.2793556573172547,0.0115455333717281,False,CC(C)(O)[C@H]1CC[C@](C)(O1)[C@H]1[C@@H](O)C[C@@]2(C)[C@@H]3C[C@H](O[C@@H]4O[C@H](CO)[C@@H](O)[C@H](O)[C@H]4O)[C@@H]4[C@]5(C[C@@]35CC[C@]12C)CC[C@H](O[C@@H]1OC[C@@H](O)[C@H](O)[C@H]1O)C4(C)C,prism_treatment_info
84aee86ce,BRD-K59317601-001-05-5,MLN0128,mTOR inhibitor,0.3378513403133684,0.3059501256912068,0.0319012146221616,False,CC(C)n1nc(-c2ccc3oc(N)nc3c2)c2c(N)ncnc12,prism_treatment_info
84b82148d,BRD-A29944538-003-08-3,proxodolol,adrenergic receptor antagonist,0.3171718129335673,0.2555641910269736,0.0616076219065936,False,Cc1noc(COc2ccccc2OCC(O)CNC(C)(C)C)n1,prism_treatment_info
84ba1361d,BRD-A20644369-001-08-6,canrenone,mineralocorticoid receptor antagonist,0.3195015051714295,0.3036052273903377,0.0158962777810917,False,C[C@]12CCC3C(C=CC4=CC(=O)CC[C@]34C)C1CC[C@@]21CCC(=O)O1,prism_treatment_info
84ca1ce6a,BRD-K40109029-001-02-9,SB-505124,ALK tyrosine kinase receptor inhibitor,0.3335696627829864,0.3327848283609201,0.0007848344220662,False,Cc1cccc(n1)-c1[nH]c(nc1-c1ccc2OCOc2c1)C(C)(C)C,prism_treatment_info
84d4ecc6a,BRD-K04497194-001-02-1,lithocholic-acid,"FXR antagonist, vitamin D receptor agonist",0.3405394158227072,0.3093277280847817,0.0312116877379255,False,C[C@H](CCC(O)=O)[C@@H]1CC[C@H]2[C@@H]3CC[C@@H]4C[C@H](O)CC[C@]4(C)[C@H]3CC[C@]12C,prism_treatment_info
84d5fe2e8,BRD-A94523291-304-02-7,prednisolone-sodium-phosphate,glucocorticoid receptor agonist,0.3159600044805665,0.3052083877409839,0.0107516167395826,False,C[C@]12C[C@H](O)C3C(CCC4=CC(=O)C=C[C@]34C)C1CC[C@]2(O)C(=O)COP(O)(O)=O,prism_treatment_info
8510cd35b,BRD-A97739905-001-26-5,ketoprofen,cyclooxygenase inhibitor,0.284940674823118,0.2402150847931857,0.0447255900299323,False,"CC(C(O)=O)c1cccc(c1)C(=O)c1ccccc1, CC(C(O)=O)c1cccc(c1)C(=O)c1ccccc1",prism_treatment_info
8525f258f,BRD-A29623586-001-01-3,anisodamine,lipid peroxidase inhibitor,0.3539209035164948,0.3078323570780643,0.0460885464384305,False,CN1C2C[C@H](O)[C@H]1C[C@H](C2)OC(=O)[C@H](CO)c1ccccc1,prism_treatment_info
852e372be,BRD-K13646352-001-03-8,midostaurin,"FLT3 inhibitor, KIT inhibitor, PKC inhibitor",0.4077500420679763,0.3641092431345794,0.0436407989333968,False,CO[C@@H]1[C@@H](C[C@H]2O[C@]1(C)n1c3ccccc3c3c4CNC(=O)c4c4c5ccccc5n2c4c13)N(C)C(=O)c1ccccc1,prism_treatment_info
853dca78a,BRD-K12184916-001-15-4,NVP-BEZ235,"mTOR inhibitor, PI3K inhibitor",0.5018421902804616,0.4187085689383892,0.0831336213420723,True,"Cn1c2cnc3ccc(cc3c2n(-c2ccc(cc2)C(C)(C)C#N)c1=O)-c1cnc2ccccc2c1, Cn1c2cnc3ccc(cc3c2n(-c2ccc(cc2)C(C)(C)C#N)c1=O)-c1cnc2ccccc2c1",prism_treatment_info
85401741f,BRD-K51485625-001-08-4,ritonavir,HIV protease inhibitor,0.3816928557067706,0.3606596561289989,0.0210331995777716,False,CC(C)[C@H](NC(=O)N(C)Cc1csc(n1)C(C)C)C(=O)N[C@H](C[C@H](O)[C@H](Cc1ccccc1)NC(=O)OCc1cncs1)Cc1ccccc1,prism_treatment_info
8560ac269,BRD-K23952234-236-01-8,BMS-986020,lysophosphatidic acid receptor antagonist,0.4448972257999291,0.3861981842583861,0.0586990415415429,False,"C[C@@H](OC(=O)Nc1c(C)noc1-c1ccc(cc1)-c1ccc(CC(O)=O)cc1)c1ccccc1, C[C@@H](OC(=O)Nc1c(C)noc1-c1ccc(cc1)-c1ccc(CC(O)=O)cc1)c1ccccc1, C[C@@H](OC(=O)Nc1c(C)noc1-c1ccc(cc1)-c1ccc(CC(O)=O)cc1)c1ccccc1",prism_treatment_info
856939c61,BRD-K24576554-001-04-8,AT-9283,"Aurora kinase inhibitor, JAK inhibitor",0.4084949354664515,0.3946516472237802,0.0138432882426712,False,O=C(NC1CC1)Nc1c[nH]nc1-c1nc2cc(CN3CCOCC3)ccc2[nH]1,prism_treatment_info
8574fa365,BRD-A29623586-001-01-3,anisodamine,lipid peroxidase inhibitor,0.3661935931268136,0.3396873864951138,0.0265062066316998,False,CN1C2C[C@H](O)[C@H]1C[C@H](C2)OC(=O)[C@H](CO)c1ccccc1,prism_treatment_info
858545f06,BRD-K98795921-001-01-7,SB-2343,"mTOR inhibitor, PI3K inhibitor",0.4390926417217418,0.4283510343156823,0.0107416074060595,False,CC(C)n1c(C)nc2c(nc(nc12)N1CCOCC1)-c1cnc(N)nc1,prism_treatment_info
858648e0f,BRD-K92723993-001-06-7,imatinib,"Bcr-Abl kinase inhibitor, KIT inhibitor, PDGFR tyrosine kinase receptor inhibitor",0.6221819809342578,0.5767916422546749,0.0453903386795828,True,"CN1CCN(Cc2ccc(cc2)C(=O)Nc2ccc(C)c(Nc3nccc(n3)-c3cccnc3)c2)CC1, CN1CCN(Cc2ccc(cc2)C(=O)Nc2ccc(C)c(Nc3nccc(n3)-c3cccnc3)c2)CC1, CN1CCN(Cc2ccc(cc2)C(=O)Nc2ccc(C)c(Nc3nccc(n3)-c3cccnc3)c2)CC1",prism_treatment_info
859076f27,BRD-A13084692-001-17-3,troglitazone,"insulin sensitizer, PPAR receptor agonist",0.3239928341013715,0.2949384776836447,0.0290543564177267,False,"Cc1c(C)c2OC(C)(COc3ccc(CC4SC(=O)NC4=O)cc3)CCc2c(C)c1O, Cc1c(C)c2OC(C)(COc3ccc(CC4SC(=O)NC4=O)cc3)CCc2c(C)c1O",prism_treatment_info
859aa3db7,BRD-K42898655-001-01-8,temsirolimus,mTOR inhibitor,0.3728103633876696,0.3323898715082231,0.0404204918794465,False,CO[C@@H]1C[C@H](C[C@@H](C)[C@@H]2CC(=O)[C@H](C)\C=C(C)\[C@@H](O)[C@@H](OC)C(=O)[C@H](C)C[C@H](C)\C=C\C=C\C=C(C)\[C@H](C[C@H]3CC[C@@H](C)[C@@](O)(O3)C(=O)C(=O)N3CCCC[C@H]3C(=O)O2)OC)CC[C@@H]1OC(=O)C(C)(CO)CO,prism_treatment_info
85cc76a9f,BRD-K93754473-048-20-2,tamoxifen,"estrogen receptor antagonist, selective estrogen receptor modulator (SERM)",0.2985213357473492,0.2958198409525638,0.0027014947947853,False,"CC\C(c1ccccc1)=C(/c1ccccc1)c1ccc(OCCN(C)C)cc1, CC\C(c1ccccc1)=C(/c1ccccc1)c1ccc(OCCN(C)C)cc1, CC\C(c1ccccc1)=C(/c1ccccc1)c1ccc(OCCN(C)C)cc1, CC\C(c1ccccc1)=C(/c1ccccc1)c1ccc(OCCN(C)C)cc1, CC\C(c1ccccc1)=C(/c1ccccc1)c1ccc(OCCN(C)C)cc1",prism_treatment_info
85cebfb8d,BRD-K05361803-001-03-9,SC-10,protein kinase activator,0.3574079325889424,0.3478195488203809,0.0095883837685614,False,CCCCCCCNS(=O)(=O)c1cccc2c(Cl)cccc12,prism_treatment_info
85d5c0397,BRD-K01683783-001-02-6,TAK-901,Aurora kinase inhibitor,0.5906057355622658,0.5765099033025459,0.0140958322597198,True,CCS(=O)(=O)c1cccc(c1)-c1cc(C(=O)NC2CCN(C)CC2)c(C)c2[nH]c3ncc(C)cc3c12,prism_treatment_info
85d5eda60,BRD-K28352084-001-02-3,CH5132799,PI3K inhibitor,0.5820257834703841,0.5048604762337218,0.0771653072366623,True,"CS(=O)(=O)N1CCc2c1nc(nc2-c1cnc(N)nc1)N1CCOCC1, CS(=O)(=O)N1CCc2c1nc(nc2-c1cnc(N)nc1)N1CCOCC1",prism_treatment_info
8617a33f5,BRD-A17462676-003-11-6,bambuterol,adrenergic receptor agonist,0.3802876826685502,0.3537176851248479,0.0265699975437022,False,CN(C)C(=O)Oc1cc(OC(=O)N(C)C)cc(c1)C(O)CNC(C)(C)C,prism_treatment_info
861a693e3,BRD-K12329651-001-18-8,androsterone,androgen receptor agonist,0.3957102698777957,0.3764705999738088,0.0192396699039869,False,C[C@]12CC[C@H]3[C@@H](CC[C@H]4C[C@H](O)CC[C@]34C)[C@@H]1CCC2=O,prism_treatment_info
8627a9ea2,BRD-K77627880-001-04-0,A205804,ICAM1 expression inhibitor,0.3037577050552468,0.2826606529123607,0.0210970521428861,False,"Cc1ccc(Sc2cncc3sc(cc23)C(N)=O)cc1, Cc1ccc(Sc2cncc3sc(cc23)C(N)=O)cc1, Cc1ccc(Sc2cncc3sc(cc23)C(N)=O)cc1",prism_treatment_info
86313d696,BRD-K06902185-003-01-7,minoxidil,"KATP activator, Kir6 channel (KATP) activator, vasodilator",0.3322804093755515,0.3097807182103901,0.0224996911651613,False,"Nc1cc(nc(N)[n+]1[O-])N1CCCCC1, Nc1cc(nc(N)[n+]1[O-])N1CCCCC1, Nc1cc(nc(N)[n+]1[O-])N1CCCCC1, Nc1cc(nc(N)[n+]1[O-])N1CCCCC1, Nc1cc(nc(N)[n+]1[O-])N1CCCCC1",prism_treatment_info
8632a4c66,BRD-K78303961-001-02-3,glycitein,tumor necrosis factor release inhibitor,0.2793543516392438,0.2747842032465175,0.0045701483927262,False,COc1cc2c(cc1O)occ(-c1ccc(O)cc1)c2=O,prism_treatment_info
8648dfe09,BRD-A42759514-001-20-5,ornidazole,antiprotozoal agent,0.3191106452945598,0.2960894786633023,0.0230211666312574,False,"Cc1ncc(n1CC(O)CCl)[N+]([O-])=O, Cc1ncc(n1CC(O)CCl)[N+]([O-])=O, Cc1ncc(n1CC(O)CCl)[N+]([O-])=O",prism_treatment_info
866e7bc56,BRD-K58736316-001-09-5,cianidanol,fatty acid synthase inhibitor,0.3519752523917487,0.2789850250853172,0.0729902273064315,False,O[C@H]1Cc2c(O)cc(O)cc2O[C@@H]1c1ccc(O)c(O)c1,prism_treatment_info
8689b5677,BRD-K08864679-001-02-2,fexaramine,FXR agonist,0.4047701149160316,0.3696887988229233,0.0350813160931082,False,"COC(=O)\C=C\c1cccc(c1)N(Cc1ccc(cc1)-c1ccc(cc1)N(C)C)C(=O)C1CCCCC1, COC(=O)\C=C\c1cccc(c1)N(Cc1ccc(cc1)-c1ccc(cc1)N(C)C)C(=O)C1CCCCC1",prism_treatment_info
8693b40e8,BRD-K62627508-001-01-5,idasanutlin,MDM inhibitor,0.8242928581667753,0.3876842530694624,0.4366086050973129,True,COc1cc(ccc1NC(=O)[C@@H]1N[C@@H](CC(C)(C)C)[C@@](C#N)([C@H]1c1cccc(Cl)c1F)c1ccc(Cl)cc1F)C(O)=O,prism_treatment_info
86b856115,BRD-K49111258-003-29-7,prazosin,adrenergic receptor antagonist,0.4084105161994039,0.3784258078299328,0.029984708369471,False,"COc1cc2nc(nc(N)c2cc1OC)N1CCN(CC1)C(=O)c1ccco1, COc1cc2nc(nc(N)c2cc1OC)N1CCN(CC1)C(=O)c1ccco1, COc1cc2nc(nc(N)c2cc1OC)N1CCN(CC1)C(=O)c1ccco1, COc1cc2nc(nc(N)c2cc1OC)N1CCN(CC1)C(=O)c1ccco1",prism_treatment_info
86c4f8987,BRD-K38158531-001-02-1,traxoprodil,glutamate receptor antagonist,0.328066696923215,0.2934346586237267,0.0346320382994883,False,C[C@@H]([C@@H](O)c1ccc(O)cc1)N1CCC(O)(CC1)c1ccccc1,prism_treatment_info
8709517b7,BRD-K87774949-001-03-9,istradefylline,adenosine receptor antagonist,0.3671761883613922,0.3671066685202708,6.951984112141263e-05,False,"CCn1c2nc(\C=C\c3ccc(OC)c(OC)c3)n(C)c2c(=O)n(CC)c1=O, CCn1c2nc(\C=C\c3ccc(OC)c(OC)c3)n(C)c2c(=O)n(CC)c1=O, CCn1c2nc(\C=C\c3ccc(OC)c(OC)c3)n(C)c2c(=O)n(CC)c1=O, CCn1c2nc(\C=C\c3ccc(OC)c(OC)c3)n(C)c2c(=O)n(CC)c1=O, CCn1c2nc(\C=C\c3ccc(OC)c(OC)c3)n(C)c2c(=O)n(CC)c1=O",prism_treatment_info
870cf5377,BRD-K37814297-050-09-6,acepromazine,dopamine receptor antagonist,0.4072744395296382,0.3404715758487964,0.0668028636808418,False,CN(C)CCCN1c2ccccc2Sc2ccc(cc12)C(C)=O,prism_treatment_info
87261f62b,BRD-A49906757-004-09-8,scopolamine-n-oxide,acetylcholine receptor antagonist,0.365135768951065,0.3394718359761278,0.0256639329749371,False,C[N+]1([O-])[C@H]2C[C@@H](C[C@@H]1[C@H]1O[C@@H]21)OC(=O)[C@H](CO)c1ccccc1,prism_treatment_info
872bc007e,BRD-A57798112-001-03-7,PD-318088,MEK inhibitor,0.3717635821012809,0.3593760771585219,0.012387504942759,False,OCC(O)CONC(=O)c1cc(Br)c(F)c(F)c1Nc1ccc(I)cc1F,prism_treatment_info
873a85baa,BRD-A99388803-001-01-5,metipranolol,adrenergic receptor antagonist,0.3988817875298367,0.3749772898494101,0.0239044976804266,False,CC(C)NCC(O)COc1cc(C)c(OC(C)=O)c(C)c1C,prism_treatment_info
8768e675d,BRD-K56543881-001-02-7,ADX-47273,glutamate receptor modulator,0.3228152522085024,0.2875221118426044,0.035293140365898,False,Fc1ccc(cc1)C(=O)N1CCC[C@@H](C1)c1nc(no1)-c1ccc(F)cc1,prism_treatment_info
876e12b44,BRD-K73394555-237-01-1,oxolinic-acid,bacterial DNA gyrase inhibitor,0.3939299614761786,0.391344268224763,0.0025856932514156,False,CCn1cc(C(O)=O)c(=O)c2cc3OCOc3cc12,prism_treatment_info
87705adb2,BRD-K13756951-001-01-4,bitopertin,"glycine transporter inhibitor, GlyT-1 inhibitor",0.6312262050957679,0.5401761156183861,0.0910500894773818,True,C[C@H](Oc1ccc(cc1C(=O)N1CCN(CC1)c1ncc(cc1F)C(F)(F)F)S(C)(=O)=O)C(F)(F)F,prism_treatment_info
8775bbd3c,BRD-K30114692-001-15-9,methenamine,bacterial DNA inhibitor,0.3199289539496479,0.3069921530861901,0.0129368008634577,False,"C1N2CN3CN1CN(C2)C3, C1N2CN3CN1CN(C2)C3",prism_treatment_info
8791ef2ae,BRD-A99117172-065-04-0,hydroxychloroquine,antimalarial agent,0.3617324139818498,0.3568590136717357,0.0048734003101141,False,"CCN(CCO)CCCC(C)Nc1ccnc2cc(Cl)ccc12, CCN(CCO)CCCC(C)Nc1ccnc2cc(Cl)ccc12",prism_treatment_info
87d4d4802,BRD-K28007504-051-01-2,Ro-60-0175,,0.3691127717129401,0.3636729358158215,0.0054398358971186,False,"C[C@H](N)Cn1ccc2cc(F)c(Cl)cc12, C[C@H](N)Cn1ccc2cc(F)c(Cl)cc12",prism_treatment_info
87d5baa80,BRD-K76845197-001-05-4,sulfanitran,,0.350846784340344,0.2982414692394994,0.0526053151008445,False,CC(=O)Nc1ccc(cc1)S(=O)(=O)Nc1ccc(cc1)[N+]([O-])=O,prism_treatment_info
87d714366,BRD-K29415052-050-04-8,BGT226,PI3K inhibitor,0.4965369643505865,0.4803179991522445,0.016218965198342,False,"COc1ccc(cn1)-c1ccc2ncc3n(C)c(=O)n(-c4ccc(N5CCNCC5)c(c4)C(F)(F)F)c3c2c1, COc1ccc(cn1)-c1ccc2ncc3n(C)c(=O)n(-c4ccc(N5CCNCC5)c(c4)C(F)(F)F)c3c2c1",prism_treatment_info
8829d4e10,BRD-K34313798-001-01-6,LY215490,glutamate receptor antagonist,0.3758793339577604,0.2863280395988901,0.0895512943588703,False,OC(=O)[C@@H]1C[C@H]2C[C@@H](CCc3nn[nH]n3)CC[C@H]2CN1,prism_treatment_info
883a08d7c,BRD-K45216060-001-10-0,mequinol,,0.338264920129429,0.2944920940747424,0.0437728260546865,False,"COc1ccc(O)cc1, COc1ccc(O)cc1, COc1ccc(O)cc1",prism_treatment_info
88676b017,BRD-K92577649-300-01-2,GBR-13069,dopamine uptake inhibitor,0.286730054558145,0.2847582772533263,0.0019717773048186,False,Fc1ccc(cc1)C(OCCN1CCN(C\C=C\c2ccccc2)CC1)c1ccc(F)cc1,prism_treatment_info
887c2e121,BRD-K78844995-001-02-6,N-[2-(Piperidinylamino)ethyl]-4-iodobenzamide,sigma receptor ligand,0.3601691640849722,0.2806580126182428,0.0795111514667293,False,Ic1ccc(cc1)C(=O)NCCN1CCCCC1,prism_treatment_info
88a421c74,BRD-A29281099-003-03-2,clorprenaline,adrenergic receptor agonist,0.3358078997247934,0.3354884054119124,0.0003194943128809,False,CC(C)NCC(O)c1ccccc1Cl,prism_treatment_info
88a7e73c1,BRD-A70268693-050-01-2,PG-9,acetylcholine receptor agonist,0.2735597301022621,0.258899499812492,0.01466023028977,False,CC(C(=O)OC1CC2CCC(C1)N2C)c1ccc(Br)cc1,prism_treatment_info
88c37c66a,BRD-K53097745-001-01-5,pterostilbene,"cyclooxygenase inhibitor, PPAR receptor agonist",0.305054409542644,0.2921814409782267,0.0128729685644173,False,COc1cc(OC)cc(C=Cc2ccc(O)cc2)c1,prism_treatment_info
88c712fc0,BRD-K71698503-003-01-6,I-BZA2,,0.3757616651336436,0.3332791865787692,0.0424824785548744,False,CCN(CC)CCNC(=O)c1ccccc1I,prism_treatment_info
88d508490,BRD-K70301465-001-02-6,ibrutinib,Bruton's tyrosine kinase (BTK) inhibitor,0.6384428929411052,0.6283126161175083,0.0101302768235969,True,"Nc1ncnc2n(nc(-c3ccc(Oc4ccccc4)cc3)c12)[C@@H]1CCCN(C1)C(=O)C=C, Nc1ncnc2n(nc(-c3ccc(Oc4ccccc4)cc3)c12)[C@@H]1CCCN(C1)C(=O)C=C",prism_treatment_info
88df04154,BRD-K64157027-003-02-7,ZD-2079,adrenergic receptor agonist,0.3387894924014137,0.3322890774454345,0.0065004149559791,False,O[C@@H](CNCCOc1ccc(CC(O)=O)cc1)c1ccccc1,prism_treatment_info
8903bbbae,BRD-K93618743-001-21-0,ipriflavone,bone resorption inhibitor,0.343831484891219,0.3267272218592811,0.0171042630319378,False,"CC(C)Oc1ccc2c(c1)occ(-c1ccccc1)c2=O, CC(C)Oc1ccc2c(c1)occ(-c1ccccc1)c2=O",prism_treatment_info
8903ef6bb,BRD-A05186015-003-19-8,bupropion,dopamine uptake inhibitor,0.3914990590034363,0.3332507031308913,0.058248355872545,False,"CC(NC(C)(C)C)C(=O)c1cccc(Cl)c1, CC(NC(C)(C)C)C(=O)c1cccc(Cl)c1, CC(NC(C)(C)C)C(=O)c1cccc(Cl)c1",prism_treatment_info
891a90f91,BRD-K02900412-001-11-3,clofoctol,protein synthesis inhibitor,0.3753788233265852,0.3400011053859758,0.0353777179406093,False,"CC(C)(C)CC(C)(C)c1ccc(O)c(Cc2ccc(Cl)cc2Cl)c1, CC(C)(C)CC(C)(C)c1ccc(O)c(Cc2ccc(Cl)cc2Cl)c1",prism_treatment_info
898aa62e6,BRD-K31111078-001-04-2,dimethyl-fumarate,"nuclear factor erythroid derived, like (NRF2) activator",0.3736604953290604,0.3105603761651258,0.0631001191639346,False,"COC(=O)\C=C\C(=O)OC, COC(=O)\C=C\C(=O)OC, COC(=O)\C=C\C(=O)OC",prism_treatment_info
8990833d7,BRD-K83459933-001-05-4,sinomenine,angiogenesis inhibitor,0.3043571901300441,0.2838209400312308,0.0205362500988133,False,COC1=C[C@@H]2[C@@H]3Cc4ccc(OC)c(O)c4[C@]2(CCN3C)CC1=O,prism_treatment_info
899084630,BRD-K99300445-003-21-6,antazoline,antihistamine,0.3780430780787631,0.3694433791985799,0.0085996988801831,False,"C(N(Cc1ccccc1)c1ccccc1)C1=NCCN1, C(N(Cc1ccccc1)c1ccccc1)C1=NCCN1, C(N(Cc1ccccc1)c1ccccc1)C1=NCCN1",prism_treatment_info
89ced6383,BRD-K92844263-001-09-8,triacetin,,0.2633965229674285,0.2549628437321412,0.0084336792352873,False,CC(=O)OCC(COC(C)=O)OC(C)=O,prism_treatment_info
89dbaa298,BRD-K66030860-001-03-6,salidroside,beta amyloid protein neurotoxicity inhibitor,0.4081989062273958,0.32178506188797,0.0864138443394257,False,"OC[C@H]1O[C@@H](OCCc2ccc(O)cc2)[C@H](O)[C@@H](O)[C@@H]1O, OC[C@H]1O[C@@H](OCCc2ccc(O)cc2)[C@H](O)[C@@H](O)[C@@H]1O",prism_treatment_info
89dea2045,BRD-K19333160-001-01-3,RKI-1447,rho associated kinase inhibitor,0.4962274065593301,0.3670696512144356,0.1291577553448945,False,"Oc1cccc(CNC(=O)Nc2nc(cs2)-c2ccncc2)c1, Oc1cccc(CNC(=O)Nc2nc(cs2)-c2ccncc2)c1",prism_treatment_info
8a16bd4c6,BRD-A46393198-003-16-6,tetramisole,immunostimulant,0.3138719358424381,0.2779100841186659,0.0359618517237722,False,"C1CN2CC(N=C2S1)c1ccccc1, C1CN2CC(N=C2S1)c1ccccc1",prism_treatment_info
8a3518589,BRD-K34328244-001-01-4,MF-101,estrogen receptor agonist,0.3519048071273383,0.3359845656587534,0.0159202414685848,False,Oc1ccc(cc1)[C@@H]1CC(=O)c2ccc(O)cc2O1,prism_treatment_info
8a4370a9b,BRD-K97884852-001-05-4,malotilate,protein synthesis stimulant,0.3475092765729093,0.3257754932890448,0.0217337832838644,False,CC(C)OC(=O)C(C(=O)OC(C)C)=C1SC=CS1,prism_treatment_info
8a51a2ef0,BRD-K26833429-001-02-8,costunolide,telomerase inhibitor,0.3545579359419251,0.3245156149723148,0.0300423209696102,False,"C\C1=C/CC\C(C)=C\[C@H]2OC(=O)C(=C)[C@@H]2CC1, C\C1=C/CC\C(C)=C\[C@H]2OC(=O)C(=C)[C@@H]2CC1, C\C1=C/CC\C(C)=C\[C@H]2OC(=O)C(=C)[C@@H]2CC1",prism_treatment_info
8a730738c,BRD-K45245728-335-01-4,ursodeoxycholyltaurine,cholesterol inhibitor,0.3919813962361059,0.3703771009448717,0.0216042952912342,False,C[C@H](CCC(=O)NCCS(O)(=O)=O)[C@H]1CC[C@H]2[C@@H]3[C@@H](O)C[C@@H]4C[C@H](O)CC[C@]4(C)[C@H]3CC[C@]12C,prism_treatment_info
8ab72a1bc,BRD-K24219278-001-01-6,amineptine,dopamine receptor agonist,0.3130951236961825,0.2895215468552205,0.0235735768409619,False,OC(=O)CCCCCCNC1c2ccccc2CCc2ccccc12,prism_treatment_info
8ab744120,BRD-K13819402-003-10-2,desoxypeganine,"acetylcholinesterase inhibitor, monoamine oxidase inhibitor",0.3806174410523013,0.3407210172436917,0.0398964238086096,False,C1CN2Cc3ccccc3N=C2C1,prism_treatment_info
8abbf7b55,BRD-K13756951-001-01-4,bitopertin,"glycine transporter inhibitor, GlyT-1 inhibitor",0.5160106317565919,0.4245612320069655,0.0914493997496263,True,C[C@H](Oc1ccc(cc1C(=O)N1CCN(CC1)c1ncc(cc1F)C(F)(F)F)S(C)(=O)=O)C(F)(F)F,prism_treatment_info
8abcc3151,BRD-K36270037-001-01-7,esculin,antioxidant,0.3223760450690752,0.3163825030885657,0.0059935419805094,False,OC[C@H]1O[C@@H](Oc2cc3ccc(=O)oc3cc2O)[C@@H](O)[C@@H](O)[C@@H]1O,prism_treatment_info
8ac178351,BRD-K35034482-001-01-8,bunazosin,adrenergic receptor antagonist,0.3133235349466452,0.2901875469934083,0.0231359879532369,False,CCCC(=O)N1CCCN(CC1)c1nc(N)c2cc(OC)c(OC)cc2n1,prism_treatment_info
8acd33afb,BRD-K17702546-001-03-2,PD-168393,EGFR inhibitor,0.4731930742577347,0.4248657899877113,0.0483272842700233,False,Brc1cccc(Nc2ncnc3ccc(NC(=O)C=C)cc23)c1,prism_treatment_info
8aecdb206,BRD-K28308851-303-01-8,alpha-methylhistamine-dihydrobromide-(S)-(+),histamine receptor agonist,0.364024043237762,0.3334216913345573,0.0306023519032046,False,C[C@H](N)Cc1c[nH]cn1,prism_treatment_info
8afd4ded9,BRD-K49759007-001-11-9,4-hydroxy-phenazone,,0.3330307566661582,0.3297480359251153,0.0032827207410429,False,Cc1c(O)c(=O)n(-c2ccccc2)n1C,prism_treatment_info
8b03bfee8,BRD-K37991163-003-13-4,paroxetine,selective serotonin reuptake inhibitor (SSRI),0.3539693668144479,0.327298875731592,0.0266704910828559,False,"Fc1ccc(cc1)[C@@H]1CCNC[C@H]1COc1ccc2OCOc2c1, Fc1ccc(cc1)[C@@H]1CCNC[C@H]1COc1ccc2OCOc2c1, Fc1ccc(cc1)[C@@H]1CCNC[C@H]1COc1ccc2OCOc2c1",prism_treatment_info
8b0b2f4cb,BRD-K23082237-003-01-5,butaclamol,dopamine receptor antagonist,0.3793211560758454,0.3403972650970963,0.0389238909787491,False,CC(C)(C)[C@@]1(O)CCN2C[C@@H]3c4ccccc4CCc4cccc([C@H]2C1)c34,prism_treatment_info
8b1bbb1e1,BRD-K14235254-001-01-2,GTS21,cholinergic receptor agonist,0.3668078896043318,0.3101540472207864,0.0566538423835453,False,COc1ccc(\C=C2CCCN=C/2c2cccnc2)c(OC)c1,prism_treatment_info
8b292f993,BRD-K25690923-001-02-4,4-iodo-6-phenylpyrimidine,macrophage migration inhibiting factor inhibitor,0.3004466508933,0.2757956154423853,0.0246510354509146,False,Ic1cc(ncn1)-c1ccccc1,prism_treatment_info
8b52661f8,BRD-K13619941-213-01-8,aceglutamide,,0.3301679283465289,0.3129944847303377,0.0171734436161912,False,CC(=O)N[C@@H](CCC(N)=O)C(O)=O,prism_treatment_info
8b5499734,BRD-K95053546-001-01-9,tempol,free radical scavenger,0.4692305612130406,0.4620516312887873,0.0071789299242532,False,"CC1(C)CC(O)CC(C)(C)N1O, CC1(C)CC(O)CC(C)(C)N1O, CC1(C)CC(O)CC(C)(C)N1O",prism_treatment_info
8b75bfb1b,BRD-K08251020-001-01-0,falecalcitriol,vitamin D receptor agonist,0.3105886456781476,0.2795716855808053,0.0310169600973422,False,"C[C@H](CCCC(O)(C(F)(F)F)C(F)(F)F)[C@H]1CC[C@@H]2[C@]1(C)CCC\C2=C/C=C1/C[C@@H](O)C[C@H](O)C1=C, C[C@H](CCCC(O)(C(F)(F)F)C(F)(F)F)[C@H]1CC[C@@H]2[C@]1(C)CCC\C2=C/C=C1/C[C@@H](O)C[C@H](O)C1=C",prism_treatment_info
8b82937f6,BRD-K68395654-001-03-1,EVP4593,NFkB pathway inhibitor,0.4829617538850219,0.4299694317112375,0.0529923221737844,False,"Nc1ccc2ncnc(NCCc3ccc(Oc4ccccc4)cc3)c2c1, Nc1ccc2ncnc(NCCc3ccc(Oc4ccccc4)cc3)c2c1, Nc1ccc2ncnc(NCCc3ccc(Oc4ccccc4)cc3)c2c1",prism_treatment_info
8b87a7a83,BRD-K50891186-001-04-4,GR-103691,dopamine receptor antagonist,0.3725701342601396,0.3667584842142722,0.0058116500458673,False,COc1ccccc1N1CCN(CCCCNC(=O)c2ccc(cc2)-c2ccc(cc2)C(C)=O)CC1,prism_treatment_info
8b9a7ff56,BRD-K94420399-001-01-9,PF-04136309,CC chemokine receptor antagonist,0.3978356454621805,0.3753423715561669,0.0224932739060136,False,O[C@]1(CC[C@@H](CC1)N[C@H]1CCN(C1)C(=O)CNC(=O)c1cccc(c1)C(F)(F)F)c1ccc(cn1)-c1ncccn1,prism_treatment_info
8bb285dcb,BRD-K39915878-036-24-4,loxapine,"dopamine receptor antagonist, serotonin receptor antagonist",0.3241822109001155,0.3188213012201634,0.0053609096799521,False,"CN1CCN(CC1)C1=Nc2ccccc2Oc2ccc(Cl)cc12, CN1CCN(CC1)C1=Nc2ccccc2Oc2ccc(Cl)cc12",prism_treatment_info
8bbb98105,BRD-A11070335-236-02-1,carbazochrome,,0.3170080494759408,0.2997804171032808,0.01722763237266,False,CN1C(CC2=C\C(=N\NC(N)=O)C(=O)C=C12)S(O)(=O)=O,prism_treatment_info
8bc88a3be,BRD-K29322660-001-01-9,edoxaban,coagulation factor inhibitor,0.3680468222026375,0.3667100988753589,0.0013367233272785,False,CN(C)C(=O)[C@@H]1CC[C@H](NC(=O)C(=O)Nc2ccc(Cl)cn2)[C@H](C1)NC(=O)c1nc2CCN(C)Cc2s1,prism_treatment_info
8be20f208,BRD-K59325863-001-02-8,delanzomib,proteasome inhibitor,0.4044525487753276,0.3295003907351207,0.0749521580402068,False,"CC(C)C[C@H](NC(=O)[C@@H](NC(=O)c1cccc(n1)-c1ccccc1)[C@@H](C)O)B(O)O, CC(C)C[C@H](NC(=O)[C@@H](NC(=O)c1cccc(n1)-c1ccccc1)[C@@H](C)O)B(O)O, CC(C)C[C@H](NC(=O)[C@@H](NC(=O)c1cccc(n1)-c1ccccc1)[C@@H](C)O)B(O)O, CC(C)C[C@H](NC(=O)[C@@H](NC(=O)c1cccc(n1)-c1ccccc1)[C@@H](C)O)B(O)O",prism_treatment_info
8bef1a5b2,BRD-K61567297-001-01-9,resatorvid,toll-like receptor antagonist,0.3117524304044849,0.2800799128847385,0.0316725175197464,False,"CCOC(=O)C1=CCCC[C@H]1S(=O)(=O)Nc1ccc(F)cc1Cl, CCOC(=O)C1=CCCC[C@H]1S(=O)(=O)Nc1ccc(F)cc1Cl",prism_treatment_info
8bfccb68b,BRD-K30977212-001-02-8,PIK-293,PI3K inhibitor,0.3327012772616188,0.3253037049390748,0.007397572322544,False,Cc1ccccc1-n1c(Cn2ncc3c(N)ncnc23)nc2cccc(C)c2c1=O,prism_treatment_info
8c25111b8,BRD-A19661776-003-27-6,mianserin,serotonin receptor antagonist,0.3236965218032244,0.28042917189027,0.0432673499129543,False,"CN1CCN2C(C1)c1ccccc1Cc1ccccc21, CN1CCN2C(C1)c1ccccc1Cc1ccccc21, CN1CCN2C(C1)c1ccccc1Cc1ccccc21, CN1CCN2C(C1)c1ccccc1Cc1ccccc21",prism_treatment_info
8c48a42be,BRD-K97884852-001-05-4,malotilate,protein synthesis stimulant,0.3875158720978297,0.3518346882732204,0.0356811838246092,False,CC(C)OC(=O)C(C(=O)OC(C)C)=C1SC=CS1,prism_treatment_info
8c4ed26e0,BRD-A17453586-003-02-3,MDL-72832,serotonin receptor agonist,0.3101348023694558,0.2957961005075827,0.014338701861873,False,O=C1CC2(CCCC2)CC(=O)N1CCCCNCC1COc2ccccc2O1,prism_treatment_info
8c5413748,BRD-K08953028-001-09-6,U-0521,catechol O methyltransferase inhibitor,0.3028687097459901,0.2820956110591635,0.0207730986868266,False,CC(C)C(=O)c1ccc(O)c(O)c1,prism_treatment_info
8c71e5d12,BRD-K25630527-001-03-8,LY2784544,JAK inhibitor,0.3018415895954822,0.2609591962980494,0.0408823932974328,False,Cc1cc(Nc2cc(CN3CCOCC3)c3nc(C)c(Cc4ccc(Cl)cc4F)n3n2)[nH]n1,prism_treatment_info
8c7b401c2,BRD-K41869275-001-02-8,2-phenylmelatonin,melatonin receptor agonist,0.3305061140352158,0.3012679335672434,0.0292381804679723,False,"COc1ccc2[nH]c(c(CCNC(C)=O)c2c1)-c1ccccc1, COc1ccc2[nH]c(c(CCNC(C)=O)c2c1)-c1ccccc1",prism_treatment_info
8c7f86626,BRD-K06858286-001-01-3,cabazitaxel,microtubule inhibitor,0.5897294588617856,0.580913850930555,0.0088156079312305,True,CO[C@@H]1C[C@H]2OC[C@@]2(OC(C)=O)[C@H]2[C@@H](OC(=O)c3ccccc3)[C@@]3(O)C[C@H](OC(=O)[C@H](O)[C@@H](NC(=O)OC(C)(C)C)c4ccccc4)C(C)=C([C@@H](OC)C(=O)[C@]12C)C3(C)C,prism_treatment_info
8c899cab9,BRD-A00100033-001-08-9,nifurtimox,DNA inhibitor,0.3045725035424694,0.2965443887510262,0.0080281147914432,False,CC1CS(=O)(=O)CCN1N=Cc1ccc(o1)[N+]([O-])=O,prism_treatment_info
8c91d6909,BRD-K53097745-001-01-5,pterostilbene,"cyclooxygenase inhibitor, PPAR receptor agonist",0.2991923361668284,0.2775732566282974,0.0216190795385309,False,COc1cc(OC)cc(C=Cc2ccc(O)cc2)c1,prism_treatment_info
8ca72b08e,BRD-K73440166-001-01-3,cinaciguat,guanylate cyclase activator,0.3261271314285353,0.296861628927727,0.0292655025008083,False,OC(=O)CCCCN(CCc1ccccc1OCc1ccc(CCc2ccccc2)cc1)Cc1ccc(cc1)C(O)=O,prism_treatment_info
8ccf9adbe,BRD-K96358241-001-01-9,harringtonine,protein synthesis inhibitor,0.3261313927885829,0.3026132107211073,0.0235181820674756,False,COC(=O)C[C@@](O)(CCC(C)(C)O)C(=O)O[C@H]1[C@@H]2c3cc4OCOc4cc3CCN3CCC[C@]23C=C1OC,prism_treatment_info
8ce4ff1d6,BRD-K26603252-003-04-9,PD-153035,EGFR inhibitor,0.3321062680163087,0.3273173728993389,0.0047888951169698,False,COc1cc2ncnc(Nc3cccc(Br)c3)c2cc1OC,prism_treatment_info
8ce6e06b3,BRD-K16037980-001-01-1,Z160,N-type calcium channel blocker,0.4256063600969731,0.377422683411293,0.0481836766856801,False,O=C(CC(c1ccccc1)c1ccccc1)N1CCN(CC1)C(c1ccccc1)c1ccccc1,prism_treatment_info
8d033bd54,BRD-K73381542-003-23-4,phenylephrine,adrenergic receptor agonist,0.4078831857823453,0.3516895884495418,0.0561935973328034,False,"CNC[C@H](O)c1cccc(O)c1, CNC[C@H](O)c1cccc(O)c1, CNC[C@H](O)c1cccc(O)c1",prism_treatment_info
8d0a28435,BRD-K81376179-001-04-8,TCS-359,FLT3 inhibitor,0.398977051150204,0.344801576022727,0.0541754751274769,False,"COc1ccc(cc1OC)C(=O)Nc1sc2CCCCc2c1C(N)=O, COc1ccc(cc1OC)C(=O)Nc1sc2CCCCc2c1C(N)=O, COc1ccc(cc1OC)C(=O)Nc1sc2CCCCc2c1C(N)=O, COc1ccc(cc1OC)C(=O)Nc1sc2CCCCc2c1C(N)=O",prism_treatment_info
8d2005452,BRD-K73440166-001-01-3,cinaciguat,guanylate cyclase activator,0.3959660191091026,0.3653279730474414,0.0306380460616611,False,OC(=O)CCCCN(CCc1ccccc1OCc1ccc(CCc2ccccc2)cc1)Cc1ccc(cc1)C(O)=O,prism_treatment_info
8d26b9118,BRD-K47679368-236-01-7,bromfenac,cyclooxygenase inhibitor,0.3772482837182866,0.3735921904960158,0.0036560932222708,False,Nc1c(CC(O)=O)cccc1C(=O)c1ccc(Br)cc1,prism_treatment_info
8d31a1d0a,BRD-K85920262-001-02-1,WAY-600,mTOR inhibitor,0.543440994207958,0.5403306473495372,0.0031103468584208,True,C(N1CCC(CC1)n1ncc2c(nc(nc12)-c1ccc2[nH]ccc2c1)N1CCOCC1)c1cccnc1,prism_treatment_info
8d320a8c7,BRD-A93964801-003-03-3,clinafloxacin,bacterial DNA gyrase inhibitor,0.3332423212971377,0.3196386118175823,0.0136037094795554,False,"NC1CCN(C1)c1c(F)cc2c(c1Cl)n(cc(C(O)=O)c2=O)C1CC1, NC1CCN(C1)c1c(F)cc2c(c1Cl)n(cc(C(O)=O)c2=O)C1CC1, NC1CCN(C1)c1c(F)cc2c(c1Cl)n(cc(C(O)=O)c2=O)C1CC1, NC1CCN(C1)c1c(F)cc2c(c1Cl)n(cc(C(O)=O)c2=O)C1CC1",prism_treatment_info
8d43856e0,BRD-K91699951-001-10-2,benzonatate,local anesthetic,0.3822550406105319,0.3821451623111006,0.0001098782994313,False,CCCCNc1ccc(cc1)C(=O)OCCOCCOCCOCCOCCOCCOCCOCCOCCOC,prism_treatment_info
8d70a771d,BRD-K02733959-236-07-7,cefuroxime,bacterial cell wall synthesis inhibitor,0.3541947828193168,0.32216835901402,0.0320264238052968,False,"CO\N=C(/C(=O)N[C@H]1[C@H]2SCC(COC(N)=O)=C(N2C1=O)C(O)=O)c1ccco1, CO\N=C(/C(=O)N[C@H]1[C@H]2SCC(COC(N)=O)=C(N2C1=O)C(O)=O)c1ccco1, CO\N=C(/C(=O)N[C@H]1[C@H]2SCC(COC(N)=O)=C(N2C1=O)C(O)=O)c1ccco1",prism_treatment_info
8d7d3d1af,BRD-K59036917-001-16-7,ML161,protease-activated receptor inhibitor,0.3455106656269726,0.3297213432784174,0.0157893223485551,False,"CCCC(=O)Nc1cccc(NC(=O)c2ccccc2Br)c1, CCCC(=O)Nc1cccc(NC(=O)c2ccccc2Br)c1",prism_treatment_info
8da60807e,BRD-K82357231-001-17-5,desloratadine,histamine receptor antagonist,0.358896621364225,0.3445204799326888,0.0143761414315362,False,"Clc1ccc2c(CCc3cccnc3C2=C2CCNCC2)c1, Clc1ccc2c(CCc3cccnc3C2=C2CCNCC2)c1, Clc1ccc2c(CCc3cccnc3C2=C2CCNCC2)c1",prism_treatment_info
8dad6ac60,BRD-K28392481-001-05-1,AZD4547,FGFR inhibitor,0.3979271010268996,0.3838165537792812,0.0141105472476183,False,COc1cc(CCc2cc(NC(=O)c3ccc(cc3)N3C[C@H](C)N[C@H](C)C3)n[nH]2)cc(OC)c1,prism_treatment_info
8dc38b449,BRD-K68065987-300-09-1,MK-2206,AKT inhibitor,0.4527943200653573,0.4430465778009068,0.0097477422644504,False,NC1(CCC1)c1ccc(cc1)-c1nc2ccn3c(n[nH]c3=O)c2cc1-c1ccccc1,prism_treatment_info
8dc81a12b,BRD-K28183345-003-11-4,proguanil,dihydrofolate reductase inhibitor,0.3637145341585749,0.292407758621,0.0713067755375749,False,CC(C)NC(=N)NC(=N)Nc1ccc(Cl)cc1,prism_treatment_info
8e22a73b3,BRD-K56543881-001-02-7,ADX-47273,glutamate receptor modulator,0.3647700717099614,0.3196131263849784,0.045156945324983,False,Fc1ccc(cc1)C(=O)N1CCC[C@@H](C1)c1nc(no1)-c1ccc(F)cc1,prism_treatment_info
8e369b046,BRD-K48168960-001-19-2,propylthiouracil,thyroid peroxidase inhibitor,0.3650096935263193,0.303732922166446,0.0612767713598732,False,"CCCc1cc(=O)[nH]c(=S)[nH]1, CCCc1cc(=O)[nH]c(=S)[nH]1",prism_treatment_info
8e438ce43,BRD-A74391928-051-01-3,ibutilide,potassium channel blocker,0.3684152921758773,0.3186888887617623,0.0497264034141149,False,"CCCCCCCN(CC)CCCC(O)c1ccc(NS(C)(=O)=O)cc1, CCCCCCCN(CC)CCCC(O)c1ccc(NS(C)(=O)=O)cc1, CCCCCCCN(CC)CCCC(O)c1ccc(NS(C)(=O)=O)cc1",prism_treatment_info
8e62620d4,BRD-A07932845-050-15-8,metitepine,anti-HCVE2,0.4472200317292303,0.4219195370287167,0.0253004947005136,False,"CSc1ccc2Sc3ccccc3CC(N3CCN(C)CC3)c2c1, CSc1ccc2Sc3ccccc3CC(N3CCN(C)CC3)c2c1, CSc1ccc2Sc3ccccc3CC(N3CCN(C)CC3)c2c1",prism_treatment_info
8e6a6f400,BRD-K59831625-001-01-6,LDN-212854,bone morphogenic protein inhibitor,0.3567917823199255,0.3437419996724067,0.0130497826475187,False,"C1CN(CCN1)c1ccc(cc1)-c1cnc2c(cnn2c1)-c1cccc2ncccc12, C1CN(CCN1)c1ccc(cc1)-c1cnc2c(cnn2c1)-c1cccc2ncccc12",prism_treatment_info
8e8707804,BRD-K67080878-001-15-4,milrinone,phosphodiesterase inhibitor,0.3527609541682407,0.3362696182090323,0.0164913359592083,False,"Cc1[nH]c(=O)c(cc1-c1ccncc1)C#N, Cc1[nH]c(=O)c(cc1-c1ccncc1)C#N",prism_treatment_info
8e8dba60d,BRD-A95696066-003-13-8,nisoxetine,norepinephrine reuptake inhibitor,0.281490895871321,0.2636330078427543,0.0178578880285666,False,CNCCC(Oc1ccccc1OC)c1ccccc1,prism_treatment_info
8e99eca56,BRD-A16997652-001-02-3,protirelin,thyrotropin releasing hormone receptor agonist,0.399731595440219,0.3553290104021969,0.044402585038022,False,NC(=O)C1CCCN1C(=O)C(Cc1c[nH]cn1)NC(=O)C1CCC(=O)N1,prism_treatment_info
8eb1a59a4,BRD-K82142815-001-19-1,betamipron,panipenem uptake inhibitor,0.4196686029123562,0.3692510678189387,0.0504175350934175,False,"OC(=O)CCNC(=O)c1ccccc1, OC(=O)CCNC(=O)c1ccccc1",prism_treatment_info
8ed2b189d,BRD-K17075857-001-17-6,chloroxine,opioid receptor antagonist,0.3842430594498326,0.3476107245571521,0.0366323348926804,False,"Oc1c(Cl)cc(Cl)c2cccnc12, Oc1c(Cl)cc(Cl)c2cccnc12, Oc1c(Cl)cc(Cl)c2cccnc12",prism_treatment_info
8ed81dd51,BRD-A92439610-001-05-7,triamcinolone-acetonide,"glucocorticoid receptor agonist, immunosuppressant",0.4782480652064033,0.4657877521019253,0.012460313104478,False,"CC1(C)O[C@@H]2CC3C4CCC5=CC(=O)C=C[C@]5(C)[C@@]4(F)[C@@H](O)C[C@]3(C)[C@@]2(O1)C(=O)CO, CC1(C)O[C@@H]2CC3C4CCC5=CC(=O)C=C[C@]5(C)[C@@]4(F)[C@@H](O)C[C@]3(C)[C@@]2(O1)C(=O)CO",prism_treatment_info
8ee60a3e0,BRD-A91733352-300-04-5,camylofine-chlorhydrate,,0.3752464437325469,0.3025605113240596,0.0726859324084873,False,"CCN(CC)CCNC(C(=O)OCCC(C)C)c1ccccc1, CCN(CC)CCNC(C(=O)OCCC(C)C)c1ccccc1, CCN(CC)CCNC(C(=O)OCCC(C)C)c1ccccc1",prism_treatment_info
8f128b570,BRD-K78809024-001-05-7,SB-590885,RAF inhibitor,0.354436549906147,0.3455869961045559,0.008849553801591,False,"CN(C)CCOc1ccc(cc1)-c1nc(c([nH]1)-c1ccc2c(CC\C2=N/O)c1)-c1ccncc1, CN(C)CCOc1ccc(cc1)-c1nc(c([nH]1)-c1ccc2c(CC\C2=N/O)c1)-c1ccncc1, CN(C)CCOc1ccc(cc1)-c1nc(c([nH]1)-c1ccc2c(CC\C2=N/O)c1)-c1ccncc1",prism_treatment_info
8f14abc3f,BRD-K48988407-001-01-2,cytochlor,,0.3680084163787378,0.2940339037670244,0.0739745126117134,False,Nc1nc(=O)n(cc1Cl)[C@H]1C[C@@H](O)[C@@H](CO)O1,prism_treatment_info
8f154f6ba,BRD-K62734952-001-01-0,arglabin,farnesyltransferase inhibitor,0.3364378066192592,0.321187481463856,0.0152503251554032,False,CC1=CC[C@]23O[C@@]2(C)CC[C@@H]2[C@H](OC(=O)C2=C)[C@@H]13,prism_treatment_info
8f19f8d8b,BRD-A21607826-003-05-1,medetomidine,adrenergic receptor agonist,0.3770314968186399,0.3614613518231708,0.015570144995469,False,"CC(c1c[nH]cn1)c1cccc(C)c1C, CC(c1c[nH]cn1)c1cccc(C)c1C, CC(c1c[nH]cn1)c1cccc(C)c1C",prism_treatment_info
8f300f9d7,BRD-K97472745-001-01-8,gestrinone,progesterone receptor antagonist,0.3305009857562853,0.3003853637989323,0.030115621957353,False,CC[C@]12C=CC3=C4CCC(=O)C=C4CC[C@H]3[C@@H]1CC[C@@]2(O)C#C,prism_treatment_info
8f818017d,BRD-K73477617-001-08-5,dibutyl-phthalate,,0.4557337743761431,0.3088301165347937,0.1469036578413494,False,CCCCOC(=O)c1ccccc1C(=O)OCCCC,prism_treatment_info
8f928e97e,BRD-K92404805-001-07-0,L-Quisqualic-acid,glutamate receptor agonist,0.3584691022335138,0.3513464823323274,0.0071226199011864,False,N[C@@H](Cn1oc(=O)[nH]c1=O)C(O)=O,prism_treatment_info
8faa855a9,BRD-K49840922-001-05-1,etofylline-clofibrate,platelet aggregation inhibitor,0.3614187950579547,0.3151139123332435,0.0463048827247112,False,Cn1c2ncn(CCOC(=O)C(C)(C)Oc3ccc(Cl)cc3)c2c(=O)n(C)c1=O,prism_treatment_info
8fba2455b,BRD-K23566484-001-15-1,nilutamide,androgen receptor antagonist,0.4595271694340008,0.3316432321264494,0.1278839373075514,False,"CC1(C)NC(=O)N(C1=O)c1ccc(c(c1)C(F)(F)F)[N+]([O-])=O, CC1(C)NC(=O)N(C1=O)c1ccc(c(c1)C(F)(F)F)[N+]([O-])=O",prism_treatment_info
8fd4dac32,BRD-K78637815-001-02-2,LY320135,cannabinoid receptor antagonist,0.3693225763046106,0.3297104651283906,0.0396121111762199,False,COc1ccc(cc1)-c1oc2cc(OC)ccc2c1C(=O)c1ccc(cc1)C#N,prism_treatment_info
8fd588084,BRD-K78513633-001-15-7,lonidamine,glucokinase inhibitor,0.285164124342305,0.2788172568913397,0.0063468674509652,False,"OC(=O)c1nn(Cc2ccc(Cl)cc2Cl)c2ccccc12, OC(=O)c1nn(Cc2ccc(Cl)cc2Cl)c2ccccc12, OC(=O)c1nn(Cc2ccc(Cl)cc2Cl)c2ccccc12, OC(=O)c1nn(Cc2ccc(Cl)cc2Cl)c2ccccc12",prism_treatment_info
8fd76d996,BRD-K14711741-001-02-1,PF-4708671,ribosomal protein inhibitor,0.3609697467754995,0.3523863214104574,0.008583425365042,False,"CCc1cncnc1N1CCN(CC1)Cc1nc2cc(ccc2[nH]1)C(F)(F)F, CCc1cncnc1N1CCN(CC1)Cc1nc2cc(ccc2[nH]1)C(F)(F)F",prism_treatment_info
8fd979999,BRD-K61691541-001-01-1,PF-03084014,gamma secretase inhibitor,0.3111311819508619,0.3045225660611245,0.0066086158897373,False,CCC[C@H](N[C@H]1CCc2cc(F)cc(F)c2C1)C(=O)Nc1cn(cn1)C(C)(C)CNCC(C)(C)C,prism_treatment_info
8fdbae36c,BRD-K10705233-001-02-2,GW-405833,cannabinoid receptor agonist,0.3185339529891731,0.3168133725587228,0.0017205804304503,False,COc1ccc2n(C(=O)c3cccc(Cl)c3Cl)c(C)c(CCN3CCOCC3)c2c1,prism_treatment_info
8fe42c9a8,BRD-K26253904-001-01-5,NMS-873,ATPase inhibitor,0.4660970470963237,0.4088331180662203,0.0572639290301034,False,"Cc1cc(OCc2nnc(SC3CCCC3)n2-c2cccnc2)ccc1-c1ccc(cc1)S(C)(=O)=O, Cc1cc(OCc2nnc(SC3CCCC3)n2-c2cccnc2)ccc1-c1ccc(cc1)S(C)(=O)=O",prism_treatment_info
900711768,BRD-A49906757-004-09-8,scopolamine-n-oxide,acetylcholine receptor antagonist,0.3326565276730024,0.3066427425470551,0.0260137851259473,False,C[N+]1([O-])[C@H]2C[C@@H](C[C@@H]1[C@H]1O[C@@H]21)OC(=O)[C@H](CO)c1ccccc1,prism_treatment_info
9030b3101,BRD-K75466013-001-14-4,benzocaine,sodium channel blocker,0.4506336171045383,0.3403561211041886,0.1102774960003497,False,"CCOC(=O)c1ccc(N)cc1, CCOC(=O)c1ccc(N)cc1",prism_treatment_info
906185add,BRD-K63861289-001-19-6,molsidomine,guanylate cyclase stimulant,0.3946288008895735,0.2878161454211737,0.1068126554683998,False,CCOC(=O)Nc1c[n+](no1)N1CCOCC1,prism_treatment_info
9071eb625,BRD-A68464583-001-02-5,mazindol,"dopamine reuptake inhibitor, selective serotonin reuptake inhibitor (SSRI)",0.3294351082170567,0.2982873082112179,0.0311478000058387,False,OC1(N2CCN=C2c2ccccc12)c1ccc(Cl)cc1,prism_treatment_info
908482858,BRD-K55773932-001-02-0,BMS-806,HIV attachment inhibitor,0.3550772923851508,0.3148729243071575,0.0402043680779933,False,"COc1cc[nH]c2ncc(C(=O)C(=O)N3CCN(C[C@H]3C)C(=O)c3ccccc3)c12, COc1cc[nH]c2ncc(C(=O)C(=O)N3CCN(C[C@H]3C)C(=O)c3ccccc3)c12",prism_treatment_info
90abb1f13,BRD-K92844263-001-09-8,triacetin,,0.3861091681406759,0.3744571143034194,0.0116520538372564,False,CC(=O)OCC(COC(C)=O)OC(C)=O,prism_treatment_info
90bf1a888,BRD-K52233191-001-02-4,R547,CDK inhibitor,0.4694006001179242,0.4020533536435152,0.0673472464744089,False,COc1ccc(F)c(F)c1C(=O)c1cnc(NC2CCN(CC2)S(C)(=O)=O)nc1N,prism_treatment_info
90f770ec6,BRD-K64888243-001-03-7,AZ960,JAK inhibitor,0.3210305333152753,0.3184140501109259,0.0026164832043493,False,"C[C@H](Nc1nc(Nc2cc(C)[nH]n2)c(F)cc1C#N)c1ccc(F)cc1, C[C@H](Nc1nc(Nc2cc(C)[nH]n2)c(F)cc1C#N)c1ccc(F)cc1",prism_treatment_info
911e358b7,BRD-K68938568-001-01-7,GDC-0152,XIAP inhibitor,0.3237961852417802,0.3034074756075526,0.0203887096342275,False,CN[C@@H](C)C(=O)N[C@@H](C1CCCCC1)C(=O)N1CCC[C@H]1C(=O)Nc1snnc1-c1ccccc1,prism_treatment_info
9128bdfb4,BRD-K26373640-001-05-1,IKK-2-inhibitor,"IKK inhibitor, SYK inhibitor",0.3287825678516257,0.2698381064780901,0.0589444613735355,False,"NC(=O)c1sc(cc1N)-c1ccsc1, NC(=O)c1sc(cc1N)-c1ccsc1, NC(=O)c1sc(cc1N)-c1ccsc1",prism_treatment_info
9133c7e6f,BRD-K71058253-001-01-9,luliconazole,sterol demethylase inhibitor,0.3255234118800379,0.3199955462433164,0.0055278656367215,False,Clc1ccc([C@@H]2CS\C(S2)=C(\C#N)n2ccnc2)c(Cl)c1,prism_treatment_info
91360929a,BRD-K34032314-001-04-1,betamethasone-valerate,glucocorticoid receptor agonist,0.3707670400311629,0.3630808553574591,0.0076861846737038,False,"CCCCC(=O)O[C@@]1([C@@H](C)C[C@H]2[C@@H]3CCC4=CC(=O)C=C[C@]4(C)[C@@]3(F)[C@@H](O)C[C@]12C)C(=O)CO, CCCCC(=O)O[C@@]1([C@@H](C)C[C@H]2[C@@H]3CCC4=CC(=O)C=C[C@]4(C)[C@@]3(F)[C@@H](O)C[C@]12C)C(=O)CO, CCCCC(=O)O[C@@]1([C@@H](C)C[C@H]2[C@@H]3CCC4=CC(=O)C=C[C@]4(C)[C@@]3(F)[C@@H](O)C[C@]12C)C(=O)CO",prism_treatment_info
914d07573,BRD-A94033181-001-01-4,AZD6765,glutamate receptor antagonist,0.3853626860389352,0.3378376439367427,0.0475250421021924,False,NC(Cc1ccccn1)c1ccccc1,prism_treatment_info
9158344c4,BRD-K16195444-003-26-0,oxymetazoline,adrenergic receptor agonist,0.3335776296284649,0.2907045585318337,0.0428730710966311,False,"Cc1cc(c(O)c(C)c1CC1=NCCN1)C(C)(C)C, Cc1cc(c(O)c(C)c1CC1=NCCN1)C(C)(C)C, Cc1cc(c(O)c(C)c1CC1=NCCN1)C(C)(C)C",prism_treatment_info
9169f56d6,BRD-K13994703-003-15-8,propranolol-(S),adrenergic receptor antagonist,0.4562596328634068,0.4317616108660899,0.0244980219973168,False,"CC(C)NC[C@H](O)COc1cccc2ccccc12, CC(C)NC[C@H](O)COc1cccc2ccccc12",prism_treatment_info
916f011be,BRD-A40777960-001-04-2,aminohydroxybutyric-acid,,0.426203652969991,0.4196141824654519,0.0065894705045391,False,NCC(O)CC(O)=O,prism_treatment_info
91a585117,BRD-K83508485-001-02-7,FK-888,tachykinin antagonist,0.2873866277604989,0.284282353824864,0.0031042739356348,False,"CN(Cc1ccccc1)C(=O)[C@H](Cc1ccc2ccccc2c1)NC(=O)[C@@H]1C[C@@H](O)CN1C(=O)c1cn(C)c2ccccc12, CN(Cc1ccccc1)C(=O)[C@H](Cc1ccc2ccccc2c1)NC(=O)[C@@H]1C[C@@H](O)CN1C(=O)c1cn(C)c2ccccc12",prism_treatment_info
91a61ad44,BRD-K06902185-003-01-7,minoxidil,"KATP activator, Kir6 channel (KATP) activator, vasodilator",0.3930693235552945,0.3700279362852893,0.0230413872700052,False,"Nc1cc(nc(N)[n+]1[O-])N1CCCCC1, Nc1cc(nc(N)[n+]1[O-])N1CCCCC1, Nc1cc(nc(N)[n+]1[O-])N1CCCCC1, Nc1cc(nc(N)[n+]1[O-])N1CCCCC1, Nc1cc(nc(N)[n+]1[O-])N1CCCCC1",prism_treatment_info
91b11acc4,BRD-K51333959-003-01-3,siramesine,sigma receptor antagonist,0.4426737272129882,0.3805727493309818,0.0621009778820063,False,Fc1ccc(cc1)-n1cc(CCCCN2CCC3(CC2)OCc2ccccc32)c2ccccc12,prism_treatment_info
91b830645,BRD-K29582115-066-01-2,ziprasidone,"dopamine receptor antagonist, serotonin receptor antagonist",0.3151090889547615,0.2961387537773731,0.0189703351773883,False,"Clc1cc2NC(=O)Cc2cc1CCN1CCN(CC1)c1nsc2ccccc12, Clc1cc2NC(=O)Cc2cc1CCN1CCN(CC1)c1nsc2ccccc12",prism_treatment_info
91beddbbc,BRD-K65786282-001-07-5,CGP-7930,GABA receptor modulator,0.4248663678796343,0.2920063437290917,0.1328600241505426,False,"CC(C)(CO)Cc1cc(c(O)c(c1)C(C)(C)C)C(C)(C)C, CC(C)(CO)Cc1cc(c(O)c(c1)C(C)(C)C)C(C)(C)C",prism_treatment_info
91d9ae727,BRD-K15868788-003-07-7,SDZ-205-557,serotonin receptor antagonist,0.3637508690856287,0.2828531605727128,0.0808977085129159,False,CCN(CC)CCOC(=O)c1cc(Cl)c(N)cc1OC,prism_treatment_info
91dc8bab8,BRD-K95053546-001-01-9,tempol,free radical scavenger,0.528295236288117,0.4675882539200565,0.0607069823680605,True,"CC1(C)CC(O)CC(C)(C)N1O, CC1(C)CC(O)CC(C)(C)N1O, CC1(C)CC(O)CC(C)(C)N1O",prism_treatment_info
9235f62db,BRD-K91147684-001-01-5,m-THP,,0.3349141897318525,0.333673311790711,0.0012408779411415,False,Oc1cccc(c1)-c1c2ccc(n2)c(-c2cccc(O)c2)c2ccc([nH]2)c(-c2cccc(O)c2)c2ccc(n2)c(-c2cccc(O)c2)c2ccc1[nH]2,prism_treatment_info
924c9bb02,BRD-K13050303-001-18-1,uridine,dopamine receptor agonist,0.358822728933379,0.3342154353856024,0.0246072935477766,False,"OC[C@H]1O[C@H]([C@H](O)[C@@H]1O)n1ccc(=O)[nH]c1=O, OC[C@H]1O[C@H]([C@H](O)[C@@H]1O)n1ccc(=O)[nH]c1=O",prism_treatment_info
925488749,BRD-K02241333-001-02-7,CHIR-124,CHK inhibitor,0.3199481756860485,0.2974474057214048,0.0225007699646437,False,Clc1ccc2[nH]c(=O)c(-c3nc4ccccc4[nH]3)c(N[C@@H]3CN4CCC3CC4)c2c1,prism_treatment_info
926a489b1,BRD-A53576514-048-14-3,orphenadrine,acetylcholine receptor antagonist,0.2891366649246751,0.2685860820639391,0.020550582860736,False,"CN(C)CCOC(c1ccccc1)c1ccccc1C, CN(C)CCOC(c1ccccc1)c1ccccc1C",prism_treatment_info
9288cf822,BRD-K17203476-001-01-9,LY2874455,FGFR antagonist,0.4880359081289318,0.4524092028639845,0.0356267052649473,False,C[C@@H](Oc1ccc2[nH]nc(\C=C\c3cnn(CCO)c3)c2c1)c1c(Cl)cncc1Cl,prism_treatment_info
9289a3800,BRD-K37798499-001-27-2,etoposide,topoisomerase inhibitor,0.4448390395713654,0.4225194967711341,0.0223195428002312,False,"COc1cc(cc(OC)c1O)[C@H]1[C@@H]2[C@H](COC2=O)[C@H](O[C@@H]2O[C@@H]3CO[C@@H](C)O[C@H]3[C@H](O)[C@H]2O)c2cc3OCOc3cc12, COc1cc(cc(OC)c1O)[C@H]1[C@@H]2[C@H](COC2=O)[C@H](O[C@@H]2O[C@@H]3CO[C@@H](C)O[C@H]3[C@H](O)[C@H]2O)c2cc3OCOc3cc12, COc1cc(cc(OC)c1O)[C@H]1[C@@H]2[C@H](COC2=O)[C@H](O[C@@H]2O[C@@H]3CO[C@@H](C)O[C@H]3[C@H](O)[C@H]2O)c2cc3OCOc3cc12, COc1cc(cc(OC)c1O)[C@H]1[C@@H]2[C@H](COC2=O)[C@H](O[C@@H]2O[C@@H]3CO[C@@H](C)O[C@H]3[C@H](O)[C@H]2O)c2cc3OCOc3cc12, COc1cc(cc(OC)c1O)[C@H]1[C@@H]2[C@H](COC2=O)[C@H](O[C@@H]2O[C@@H]3CO[C@@H](C)O[C@H]3[C@H](O)[C@H]2O)c2cc3OCOc3cc12, COc1cc(cc(OC)c1O)[C@H]1[C@@H]2[C@H](COC2=O)[C@H](O[C@@H]2O[C@@H]3CO[C@@H](C)O[C@H]3[C@H](O)[C@H]2O)c2cc3OCOc3cc12",prism_treatment_info
92a21d6f6,BRD-A19585813-003-03-3,methylphenidate,dopamine-norepinephrine reuptake inhibitor,0.4299402298466675,0.3566005526653036,0.0733396771813639,False,COC(=O)C(C1CCCCN1)c1ccccc1,prism_treatment_info
92b066eb4,BRD-A40413915-003-01-2,NTNCB,neuropeptide receptor antagonist,0.3412749559905483,0.305639624615111,0.0356353313754372,False,[O-][N+](=O)c1ccccc1S(=O)(=O)NC[C@H]1CC[C@H](CNCC2CCc3ccccc3C2)CC1,prism_treatment_info
92bcfa08c,BRD-K94144010-001-13-9,cotinine,nicotine metabolite,0.3234010496616411,0.3222700246181387,0.0011310250435024,False,CN1[C@@H](CCC1=O)c1cccnc1,prism_treatment_info
92d4d3daa,BRD-K91699951-001-10-2,benzonatate,local anesthetic,0.354144435104864,0.353515011014386,0.000629424090478,False,CCCCNc1ccc(cc1)C(=O)OCCOCCOCCOCCOCCOCCOCCOCCOCCOC,prism_treatment_info
92d8a1677,BRD-K13756951-001-01-4,bitopertin,"glycine transporter inhibitor, GlyT-1 inhibitor",0.3640380338783279,0.3474388330602039,0.016599200818124,False,C[C@H](Oc1ccc(cc1C(=O)N1CCN(CC1)c1ncc(cc1F)C(F)(F)F)S(C)(=O)=O)C(F)(F)F,prism_treatment_info
92eee1e9c,BRD-A53151380-001-01-2,prednisolone-tebutate,anti-inflammatory agent,0.3670413217339702,0.3292563241811267,0.0377849975528434,False,CC(C)(C)CC(=O)OCC(=O)[C@@]1(O)CCC2C3CCC4=CC(=O)C=C[C@]4(C)C3[C@@H](O)C[C@]12C,prism_treatment_info
9300311a3,BRD-K18673820-001-15-5,folic-acid,folate receptor ligand,0.3712309052179846,0.3532007753151187,0.0180301299028659,False,Nc1nc(=O)c2nc(CNc3ccc(cc3)C(=O)N[C@@H](CCC(O)=O)C(O)=O)cnc2[nH]1,prism_treatment_info
9307b7820,BRD-K39624409-003-02-6,ADL5859,opioid receptor agonist,0.3452391708851419,0.2927905785306833,0.0524485923544585,False,"CCN(CC)C(=O)c1ccc(cc1)C1=CC2(CCNCC2)Oc2cccc(O)c12, CCN(CC)C(=O)c1ccc(cc1)C1=CC2(CCNCC2)Oc2cccc(O)c12",prism_treatment_info
931ae30d5,BRD-A14240607-003-26-1,octopamine,trace amine associated receptor agonist,0.352039820406249,0.277613388941739,0.0744264314645099,False,"NCC(O)c1ccc(O)cc1, NCC(O)c1ccc(O)cc1, NCC(O)c1ccc(O)cc1, NCC(O)c1ccc(O)cc1",prism_treatment_info
9326faad2,BRD-A61850409-001-10-7,alpha-tochopheryl-acetate,antioxidant,0.3495186872785529,0.3259893152778067,0.0235293720007462,False,CC(C)CCCC(C)CCCC(C)CCCC1(C)CCc2c(C)c(OC(C)=O)c(C)c(C)c2O1,prism_treatment_info
93303298e,BRD-K54521836-001-02-1,thiodiglycol,,0.3797808381677595,0.3157172220517334,0.064063616116026,False,OCCSCCO,prism_treatment_info
9335516ff,BRD-K42452249-001-02-5,EO-1428,p38 MAPK inhibitor,0.3088895064678037,0.2994688794037484,0.0094206270640553,False,"Cc1ccccc1C(=O)c1ccc(Nc2ccc(Br)cc2N)cc1Cl, Cc1ccccc1C(=O)c1ccc(Nc2ccc(Br)cc2N)cc1Cl",prism_treatment_info
93633f995,BRD-K92968657-001-01-6,tirapazamine,DNA inhibitor,0.3508478632992303,0.3355966556656938,0.0152512076335364,False,"Nc1n[n+]([O-])c2ccccc2[n+]1[O-], Nc1n[n+]([O-])c2ccccc2[n+]1[O-]",prism_treatment_info
936b511d2,BRD-K17061841-001-03-5,stattic,,0.47544152465308,0.4717739535201861,0.0036675711328938,False,[O-][N+](=O)c1ccc2C=CS(=O)(=O)c2c1,prism_treatment_info
93750c9d0,BRD-K59045783-001-01-1,faropenem-medoxomil,lactamase inhibitor,0.3268109622000237,0.3040800127327568,0.0227309494672668,False,"C[C@@H](O)[C@@H]1[C@H]2SC([C@H]3CCCO3)=C(N2C1=O)C(=O)OCc1oc(=O)oc1C, C[C@@H](O)[C@@H]1[C@H]2SC([C@H]3CCCO3)=C(N2C1=O)C(=O)OCc1oc(=O)oc1C, C[C@@H](O)[C@@H]1[C@H]2SC([C@H]3CCCO3)=C(N2C1=O)C(=O)OCc1oc(=O)oc1C",prism_treatment_info
93ca4bac4,BRD-K58010567-003-02-2,vilazodone,serotonin reuptake inhibitor,0.3550365279096267,0.3401509550816357,0.0148855728279909,False,"NC(=O)c1cc2cc(ccc2o1)N1CCN(CCCCc2c[nH]c3ccc(cc23)C#N)CC1, NC(=O)c1cc2cc(ccc2o1)N1CCN(CCCCc2c[nH]c3ccc(cc23)C#N)CC1, NC(=O)c1cc2cc(ccc2o1)N1CCN(CCCCc2c[nH]c3ccc(cc23)C#N)CC1",prism_treatment_info
93cbfaa05,BRD-K03564313-001-03-3,DMNB,DNA dependent protein kinase inhibitor,0.3812803426240944,0.3331004191774177,0.0481799234466767,False,COc1cc(C=O)c(cc1OC)[N+]([O-])=O,prism_treatment_info
93d2e301a,BRD-A79431551-001-01-1,3-deazaadenosine,adenosylhomocysteinase inhibitor,0.2963625920869264,0.2905362518651876,0.0058263402217387,False,Nc1nccc2n(cnc12)[C@@H]1O[C@H](CO)C(O)C1O,prism_treatment_info
93ee7d2e8,BRD-K64890080-001-13-8,BI-2536,PLK inhibitor,0.6233278721412726,0.5173062700784045,0.1060216020628681,True,CC[C@H]1N(C2CCCC2)c2nc(Nc3ccc(cc3OC)C(=O)NC3CCN(C)CC3)ncc2N(C)C1=O,prism_treatment_info
94197aabe,BRD-K04430056-001-17-7,7-nitroindazole,nitric oxide synthase inhibitor,0.3281215310239003,0.3231618255024532,0.0049597055214471,False,"[O-][N+](=O)c1cccc2cn[nH]c12, [O-][N+](=O)c1cccc2cn[nH]c12, [O-][N+](=O)c1cccc2cn[nH]c12",prism_treatment_info
942553571,BRD-K23566484-001-15-1,nilutamide,androgen receptor antagonist,0.4075953632229778,0.3460498388173904,0.0615455244055873,False,"CC1(C)NC(=O)N(C1=O)c1ccc(c(c1)C(F)(F)F)[N+]([O-])=O, CC1(C)NC(=O)N(C1=O)c1ccc(c(c1)C(F)(F)F)[N+]([O-])=O",prism_treatment_info
94255bcc3,BRD-K64800655-001-07-4,PHA-793887,CDK inhibitor,0.5131144582884314,0.4583459815134488,0.0547684767749825,True,"CC(C)CC(=O)Nc1n[nH]c2c1CN(C(=O)C1CCN(C)CC1)C2(C)C, CC(C)CC(=O)Nc1n[nH]c2c1CN(C(=O)C1CCN(C)CC1)C2(C)C",prism_treatment_info
9429c36f2,BRD-A77577770-003-08-9,palmitoylcarnitine,protein kinase inhibitor,0.330569040890082,0.3170296235135908,0.0135394173764912,False,CCCCCCCCCCCCCCCC(=O)OC(CC(O)=O)C[N+](C)(C)C,prism_treatment_info
947bca065,BRD-A10420615-001-04-4,cyclopiazonic-acid,ATPase inhibitor,0.3865534851032668,0.3420873413344501,0.0444661437688166,False,"CC(=O)C1C(=O)[C@@H]2[C@@H]3[C@@H](Cc4cccc5[nH]cc3c45)C(C)(C)N2C1=O, CC(=O)C1C(=O)[C@@H]2[C@@H]3[C@@H](Cc4cccc5[nH]cc3c45)C(C)(C)N2C1=O",prism_treatment_info
948380682,BRD-K85015012-003-02-9,NNC-05-2090,"GABA uptake inhibitor, GAT inhibitor",0.3614747524171365,0.3048361452981864,0.0566386071189501,False,"COc1ccccc1C1(O)CCN(CCCn2c3ccccc3c3ccccc23)CC1, COc1ccccc1C1(O)CCN(CCCn2c3ccccc3c3ccccc23)CC1",prism_treatment_info
948b0edbc,BRD-K68538666-001-12-3,aceclofenac,prostanoid receptor antagonist,0.4010130873720404,0.3711272959538819,0.0298857914181584,False,OC(=O)COC(=O)Cc1ccccc1Nc1c(Cl)cccc1Cl,prism_treatment_info
948fbf412,BRD-A05906449-004-01-1,lappaconite,sodium channel blocker,0.3662740057373256,0.3317224971691789,0.0345515085681466,False,CCN1C[C@@]2(CC[C@@H](OC)[C@@]34[C@H]5C[C@H]6[C@H](OC)[C@]5(O)[C@](O)(C[C@@H]6OC)[C@H](C[C@H]23)C14)OC(=O)c1ccccc1NC(C)=O,prism_treatment_info
9497c295d,BRD-A22380646-236-05-8,pantoprazole,ATPase inhibitor,0.3367843702242689,0.3304676943558873,0.0063166758683815,False,"COc1ccnc(CS(=O)c2nc3cc(OC(F)F)ccc3[nH]2)c1OC, COc1ccnc(CS(=O)c2nc3cc(OC(F)F)ccc3[nH]2)c1OC, COc1ccnc(CS(=O)c2nc3cc(OC(F)F)ccc3[nH]2)c1OC",prism_treatment_info
9499c3d27,BRD-K41406082-001-16-2,sulfapyridine,PABA antagonist,0.3235871217092536,0.3218517322115845,0.0017353894976691,False,"Nc1ccc(cc1)S(=O)(=O)Nc1ccccn1, Nc1ccc(cc1)S(=O)(=O)Nc1ccccn1",prism_treatment_info
94bd65e9a,BRD-K07208025-001-29-7,trimethoprim,dihydrofolate reductase inhibitor,0.3374637649884722,0.3373781041800044,8.566080846778013e-05,False,"COc1cc(Cc2cnc(N)nc2N)cc(OC)c1OC, COc1cc(Cc2cnc(N)nc2N)cc(OC)c1OC",prism_treatment_info
94c7faef3,BRD-K13800121-001-01-5,parecoxib,cyclooxygenase inhibitor,0.4618550337290495,0.4372191373843163,0.0246358963447332,False,CCC(=O)NS(=O)(=O)c1ccc(cc1)-c1c(C)onc1-c1ccccc1,prism_treatment_info
94ce06893,BRD-K31928526-001-02-1,barasertib,Aurora kinase inhibitor,0.3611418423374823,0.3379292779939069,0.0232125643435754,False,CCN(CCCOc1ccc2c(Nc3cc(CC(=O)Nc4cccc(F)c4)[nH]n3)ncnc2c1)CCOP(O)(O)=O,prism_treatment_info
94e531807,BRD-K77695569-001-30-0,tiabendazole,angiogenesis inhibitor,0.3567134684329409,0.3419527556239724,0.0147607128089684,False,"c1nc(cs1)-c1nc2ccccc2[nH]1, c1nc(cs1)-c1nc2ccccc2[nH]1",prism_treatment_info
94e537324,BRD-K62412084-001-07-1,para-toluenesulfonamide,,0.3158692638700734,0.2985278356530599,0.0173414282170134,False,Cc1ccc(cc1)S(N)(=O)=O,prism_treatment_info
950d67fbf,BRD-A04203391-001-08-3,piricapiron,"dopamine receptor antagonist, serotonin receptor antagonist",0.3050093112184878,0.3009227912212132,0.0040865199972746,False,CC1(C)C2CCC1(C)C(=O)N(CCCCN1CCN(CC1)c1ccccn1)C2=O,prism_treatment_info
9510eba67,BRD-K01995783-001-01-6,AMG-9810,TRPV antagonist,0.3392563452195012,0.3348223889533519,0.0044339562661492,False,"CC(C)(C)c1ccc(cc1)\C=C\C(=O)Nc1ccc2OCCOc2c1, CC(C)(C)c1ccc(cc1)\C=C\C(=O)Nc1ccc2OCCOc2c1",prism_treatment_info
952b76dfc,BRD-K46493214-001-06-7,saccharin,DNA polymerase inhibitor,0.3087527628117684,0.2982331516788737,0.0105196111328946,False,O=C1NS(=O)(=O)c2ccccc12,prism_treatment_info
953553a62,BRD-A50998626-001-02-1,palomid-529,"AKT inhibitor, mTOR inhibitor",0.3374910211819281,0.3343303353031482,0.0031606858787799,False,COc1ccc(COc2cc3oc(=O)c4cc(ccc4c3cc2OC)C(C)O)cc1,prism_treatment_info
954007658,BRD-A64125466-236-04-6,dehydrocholate,,0.3611761687975059,0.3520279083132265,0.0091482604842793,False,C[C@H](CCC(O)=O)[C@H]1CCC2C3C(CC(=O)[C@]12C)[C@@]1(C)CCC(=O)CC1CC3=O,prism_treatment_info
9549afdec,BRD-K14109347-001-03-4,LY2603618,CHK inhibitor,0.3405680027084434,0.3197890559301798,0.0207789467782635,False,"Cc1cnc(NC(=O)Nc2cc(Br)c(C)cc2OC[C@@H]2CNCCO2)cn1, Cc1cnc(NC(=O)Nc2cc(Br)c(C)cc2OC[C@@H]2CNCCO2)cn1",prism_treatment_info
95686e7fa,BRD-K77597856-003-02-5,detomidine,adrenergic receptor agonist,0.3113038606899894,0.2885359816443642,0.0227678790456252,False,Cc1cccc(Cc2c[nH]cn2)c1C,prism_treatment_info
956c3b5da,BRD-K20079257-001-09-6,rufinamide,voltage-gated sodium channel blocker,0.3385209312776724,0.3222903132841715,0.0162306179935008,False,NC(=O)c1cn(Cc2c(F)cccc2F)nn1,prism_treatment_info
9574c8381,BRD-K91822704-003-07-2,torcitabine,DNA polymerase inhibitor,0.3516399844308141,0.3491315084938534,0.0025084759369606,False,Nc1ccn([C@H]2C[C@H](O)[C@@H](CO)O2)c(=O)n1,prism_treatment_info
957aaf61f,BRD-K46839850-050-04-2,cinepazide,calcium channel activator,0.3263836744546694,0.321415848568047,0.0049678258866224,False,"COc1cc(cc(OC)c1OC)\C=C\C(=O)N1CCN(CC(=O)N2CCCC2)CC1, COc1cc(cc(OC)c1OC)\C=C\C(=O)N1CCN(CC(=O)N2CCCC2)CC1",prism_treatment_info
959b696e2,BRD-K67277431-002-10-5,picotamide,"thromboxane receptor antagonist, thromboxane synthase inhibitor",0.4154515733089131,0.3457515098970229,0.0697000634118901,False,COc1ccc(cc1C(=O)NCc1cccnc1)C(=O)NCc1cccnc1,prism_treatment_info
95a5b4f7e,BRD-K46731503-050-01-8,fesoterodine,acetylcholine receptor antagonist,0.399760649713487,0.3042311696209553,0.0955294800925317,False,"CC(C)N(CC[C@H](c1ccccc1)c1cc(CO)ccc1OC(=O)C(C)C)C(C)C, CC(C)N(CC[C@H](c1ccccc1)c1cc(CO)ccc1OC(=O)C(C)C)C(C)C",prism_treatment_info
95b087f23,BRD-K21160401-065-01-0,dextroamphetamine,monoamine oxidase inhibitor,0.3437793657552718,0.314374780578222,0.0294045851770497,False,C[C@H](N)Cc1ccccc1,prism_treatment_info
95b2192ba,BRD-K68164687-001-01-6,epothilone-b,"microtubule stabilizing agent, tubulin polymerization inhibitor",0.4618011819299171,0.4498996303515401,0.0119015515783769,False,C[C@H]1CCC[C@@]2(C)O[C@H]2C[C@@H](OC(=O)C[C@@H](O)C(C)(C)C(=O)[C@H](C)[C@H]1O)C(\C)=C\c1csc(C)n1,prism_treatment_info
95b589070,BRD-K96188950-001-16-9,caffeic-acid-phenethyl-ester,HIV integrase inhibitor,0.3567026220047406,0.3255699811292917,0.0311326408754489,False,"Oc1ccc(\C=C\C(=O)OCCc2ccccc2)cc1O, Oc1ccc(\C=C\C(=O)OCCc2ccccc2)cc1O",prism_treatment_info
95d5c9ec1,BRD-K54472332-001-03-4,elvitegravir,HIV integrase inhibitor,0.3778548257771528,0.3157713740390171,0.0620834517381357,False,COc1cc2n(cc(C(O)=O)c(=O)c2cc1Cc1cccc(Cl)c1F)[C@H](CO)C(C)C,prism_treatment_info
95ee8a6e3,BRD-K55462201-001-07-3,AM-404,"cyclooxygenase inhibitor, FAAH inhibitor, TRPV antagonist",0.3553665924721103,0.3524696853104994,0.0028969071616108,False,CCCCC\C=C/C\C=C/C\C=C/C\C=C/CCCC(=O)Nc1ccc(O)cc1,prism_treatment_info
95f6fde0e,BRD-K53523901-001-04-4,arctigenin,MEK inhibitor,0.3613897147789222,0.3273675149440352,0.0340221998348869,False,"COc1cc(C[C@@H]2[C@@H](Cc3ccc(OC)c(OC)c3)COC2=O)ccc1O, COc1cc(C[C@@H]2[C@@H](Cc3ccc(OC)c(OC)c3)COC2=O)ccc1O",prism_treatment_info
95fa83810,BRD-K96936751-001-01-4,bretazenil,GABA benzodiazepine site receptor partial agonist,0.2637798837398611,0.2554106013745626,0.0083692823652984,False,"CC(C)(C)OC(=O)c1ncn-2c1[C@@H]1CCCN1C(=O)c1c(Br)cccc-21, CC(C)(C)OC(=O)c1ncn-2c1[C@@H]1CCCN1C(=O)c1c(Br)cccc-21",prism_treatment_info
9620527a5,BRD-K89053832-001-01-0,VLX600,ubiquitin C-terminal hydrolase inhibitor,0.4538470250997179,0.4511589642507054,0.0026880608490125,False,C\C(=N\Nc1nnc2c(n1)[nH]c1c(C)cccc21)c1ccccn1,prism_treatment_info
964888f81,BRD-A22267103-003-13-1,drofenine,,0.3962290852614132,0.3886247060274533,0.0076043792339598,False,CCN(CC)CCOC(=O)C(C1CCCCC1)c1ccccc1,prism_treatment_info
965df75d5,BRD-K35520305-001-17-7,dacarbazine,DNA alkylating agent,0.3593623848920702,0.353636510145537,0.0057258747465331,False,"CN(C)\N=N\c1[nH]cnc1C(N)=O, CN(C)\N=N\c1[nH]cnc1C(N)=O",prism_treatment_info
9661459bc,BRD-K48894757-001-01-8,laropiprant,prostanoid receptor antagonist,0.3395521774487976,0.2929347365269601,0.0466174409218375,False,CS(=O)(=O)c1cc(F)cc2c3CC[C@H](CC(O)=O)c3n(Cc3ccc(Cl)cc3)c12,prism_treatment_info
96619d6b1,BRD-K69694239-001-02-2,bardoxolone-methyl,"nuclear factor erythroid derived, like (NRF2) activator",0.3768468553600651,0.3704718545515439,0.0063750008085212,False,COC(=O)[C@]12CCC(C)(C)C[C@H]1[C@H]1C(=O)C=C3[C@@]4(C)C=C(C#N)C(=O)C(C)(C)[C@@H]4CC[C@@]3(C)[C@]1(C)CC2,prism_treatment_info
966f02f06,BRD-A92670106-003-05-4,tocainide,sodium channel blocker,0.3777684076895015,0.3700476540157668,0.0077207536737346,False,CC(N)C(=O)Nc1c(C)cccc1C,prism_treatment_info
9678651a2,BRD-K14711741-001-02-1,PF-4708671,ribosomal protein inhibitor,0.3059371734420202,0.2971381153866879,0.0087990580553323,False,"CCc1cncnc1N1CCN(CC1)Cc1nc2cc(ccc2[nH]1)C(F)(F)F, CCc1cncnc1N1CCN(CC1)Cc1nc2cc(ccc2[nH]1)C(F)(F)F",prism_treatment_info
9679541e9,BRD-K13390322-001-06-3,AT-7519,CDK inhibitor,0.5443420248861611,0.5047609493484885,0.0395810755376726,True,Clc1cccc(Cl)c1C(=O)Nc1c[nH]nc1C(=O)NC1CCNCC1,prism_treatment_info
9684693b8,BRD-K09757388-065-04-0,atazanavir,HIV protease inhibitor,0.333379434115155,0.2836629246734236,0.0497165094417314,False,COC(=O)N[C@H](C(=O)N[C@@H](Cc1ccccc1)[C@@H](O)CN(Cc1ccc(cc1)-c1ccccn1)NC(=O)[C@@H](NC(=O)OC)C(C)(C)C)C(C)(C)C,prism_treatment_info
969f2cc14,BRD-K15164005-001-05-6,apoptosis-activator-II,carboxylesterase inhibitor,0.3777745641564488,0.3753601643075436,0.0024143998489051,False,"Clc1ccc(CN2C(=O)C(=O)c3ccccc23)cc1Cl, Clc1ccc(CN2C(=O)C(=O)c3ccccc23)cc1Cl, Clc1ccc(CN2C(=O)C(=O)c3ccccc23)cc1Cl",prism_treatment_info
96b9ac123,BRD-K47407372-001-17-1,nifenazone,analgesic agent,0.3249405881861136,0.2951552111565312,0.0297853770295823,False,"Cc1c(NC(=O)c2cccnc2)c(=O)n(-c2ccccc2)n1C, Cc1c(NC(=O)c2cccnc2)c(=O)n(-c2ccccc2)n1C",prism_treatment_info
96c2fddf7,BRD-K64785675-001-04-0,TG100-115,PI3K inhibitor,0.3832185466016479,0.2998722957710495,0.0833462508305984,False,Nc1nc(N)c2nc(-c3cccc(O)c3)c(nc2n1)-c1cccc(O)c1,prism_treatment_info
96cb92f3b,BRD-K90065682-300-02-6,5-iodo-A-85380,acetylcholine receptor agonist,0.3777215417234514,0.3699063049752698,0.0078152367481816,False,"Ic1cncc(OC[C@@H]2CCN2)c1, Ic1cncc(OC[C@@H]2CCN2)c1",prism_treatment_info
96cba48b8,BRD-A50028488-001-01-6,TCS2002,glycogen synthase kinase inhibitor,0.3732819045321248,0.3397703722542644,0.0335115322778603,False,"Cc1nnc(o1)-c1ccc2occ(-c3ccc(cc3)S(C)=O)c2c1, Cc1nnc(o1)-c1ccc2occ(-c3ccc(cc3)S(C)=O)c2c1",prism_treatment_info
96dc4f534,BRD-K73589401-001-23-6,corticosterone,mineralocorticoid receptor agonist,0.4707792285585188,0.4428686704570698,0.027910558101449,False,"C[C@]12C[C@H](O)[C@H]3[C@@H](CCC4=CC(=O)CC[C@]34C)[C@@H]1CC[C@@H]2C(=O)CO, C[C@]12C[C@H](O)[C@H]3[C@@H](CCC4=CC(=O)CC[C@]34C)[C@@H]1CC[C@@H]2C(=O)CO",prism_treatment_info
96e24fca6,BRD-K17205817-001-06-1,sulfametopyrazine,PABA antagonist,0.4275378481480663,0.4102407292399248,0.0172971189081415,False,COc1nccnc1NS(=O)(=O)c1ccc(N)cc1,prism_treatment_info
972d151e6,BRD-K77841042-001-14-1,brefeldin-a,protein synthesis inhibitor,0.3498365243671418,0.347676612393601,0.0021599119735407,False,"C[C@H]1CCC\C=C\[C@@H]2C[C@H](O)C[C@H]2[C@H](O)\C=C\C(=O)O1, C[C@H]1CCC\C=C\[C@@H]2C[C@H](O)C[C@H]2[C@H](O)\C=C\C(=O)O1, C[C@H]1CCC\C=C\[C@@H]2C[C@H](O)C[C@H]2[C@H](O)\C=C\C(=O)O1",prism_treatment_info
972f41291,BRD-K17061841-001-03-5,stattic,,0.3729064856667181,0.3595420662468646,0.0133644194198534,False,[O-][N+](=O)c1ccc2C=CS(=O)(=O)c2c1,prism_treatment_info
9743b41f4,BRD-K89125793-001-26-0,tinidazole,antiprotozoal agent,0.3273990875223991,0.2981801554469913,0.0292189320754078,False,"CCS(=O)(=O)CCn1c(C)ncc1[N+]([O-])=O, CCS(=O)(=O)CCn1c(C)ncc1[N+]([O-])=O, CCS(=O)(=O)CCn1c(C)ncc1[N+]([O-])=O",prism_treatment_info
975a46d76,BRD-K95053546-001-01-9,tempol,free radical scavenger,0.4868834070052452,0.4731585618437339,0.0137248451615112,False,"CC1(C)CC(O)CC(C)(C)N1O, CC1(C)CC(O)CC(C)(C)N1O, CC1(C)CC(O)CC(C)(C)N1O",prism_treatment_info
9791e3d0b,BRD-K37355418-236-01-6,efaproxiral,haemoglobin oxygen release stimulant,0.3600418524634817,0.3443147948251891,0.0157270576382926,False,Cc1cc(C)cc(NC(=O)Cc2ccc(OC(C)(C)C(O)=O)cc2)c1,prism_treatment_info
979f3480e,BRD-K42495768-001-01-7,tasisulam,apoptosis stimulant,0.3130395859424775,0.2278011412417543,0.0852384447007232,False,Clc1ccc(C(=O)NS(=O)(=O)c2ccc(Br)s2)c(Cl)c1,prism_treatment_info
97b1b62ef,BRD-A62421304-004-18-9,mepenzolate,acetylcholine receptor antagonist,0.3585966864939405,0.304183868987285,0.0544128175066555,False,"C[N+]1(C)CCCC(C1)OC(=O)C(O)(c1ccccc1)c1ccccc1, C[N+]1(C)CCCC(C1)OC(=O)C(O)(c1ccccc1)c1ccccc1",prism_treatment_info
97c5016a2,BRD-K65503129-001-06-3,CCT018159,HSP inhibitor,0.4200540534863956,0.354944844830194,0.0651092086562015,False,"CCc1cc(-c2n[nH]c(C)c2-c2ccc3OCCOc3c2)c(O)cc1O, CCc1cc(-c2n[nH]c(C)c2-c2ccc3OCCOc3c2)c(O)cc1O",prism_treatment_info
97fd3b0ee,BRD-K63516691-003-02-0,T-0156,phosphodiesterase inhibitor,0.3906827825571911,0.3282090251242708,0.0624737574329202,False,"COC(=O)c1c(-c2cc(OC)c(OC)c(OC)c2)c2ccnc(OCc3ncccn3)c2c(=O)n1Cc1ccnc(C)c1, COC(=O)c1c(-c2cc(OC)c(OC)c(OC)c2)c2ccnc(OCc3ncccn3)c2c(=O)n1Cc1ccnc(C)c1",prism_treatment_info
9800c0dfb,BRD-K71106091-001-06-1,fludarabine-phosphate,ribonucleotide reductase inhibitor,0.3106555380619634,0.3012716738618219,0.0093838642001415,False,"Nc1nc(F)nc2n(cnc12)[C@@H]1O[C@H](COP(O)(O)=O)[C@@H](O)[C@@H]1O, Nc1nc(F)nc2n(cnc12)[C@@H]1O[C@H](COP(O)(O)=O)[C@@H](O)[C@@H]1O, Nc1nc(F)nc2n(cnc12)[C@@H]1O[C@H](COP(O)(O)=O)[C@@H](O)[C@@H]1O",prism_treatment_info
98075a197,BRD-K18424115-003-01-3,TG-100572,"src inhibitor, VEGFR inhibitor",0.3010132003103305,0.2931018263429152,0.0079113739674153,False,Cc1cc(cc2nnc(Nc3ccc(OCCN4CCCC4)cc3)nc12)-c1cc(O)ccc1Cl,prism_treatment_info
982d5e3b2,BRD-K90382497-001-10-7,GW-843682X,PLK inhibitor,0.4123595151213337,0.4043092626516479,0.0080502524696857,False,"COc1cc2ncn(-c3cc(OCc4ccccc4C(F)(F)F)c(s3)C(N)=O)c2cc1OC, COc1cc2ncn(-c3cc(OCc4ccccc4C(F)(F)F)c(s3)C(N)=O)c2cc1OC",prism_treatment_info
984bc762c,BRD-K97464279-001-03-5,diaveridine,dihydrofolate reductase inhibitor,0.366906779878255,0.3360240613819714,0.0308827184962836,False,COc1ccc(Cc2cnc(N)nc2N)cc1OC,prism_treatment_info
986f762a1,BRD-K63550407-001-12-7,erythromycin,NFkB pathway inhibitor,0.3504316323972331,0.3183805713210983,0.0320510610761347,False,"CC[C@H]1OC(=O)[C@H](C)[C@@H](O[C@H]2C[C@@](C)(OC)[C@@H](O)[C@H](C)O2)[C@H](C)[C@@H](O[C@@H]2O[C@H](C)C[C@@H]([C@H]2O)N(C)C)[C@](C)(O)C[C@@H](C)C(=O)[C@H](C)[C@@H](O)[C@]1(C)O, CC[C@H]1OC(=O)[C@H](C)[C@@H](O[C@H]2C[C@@](C)(OC)[C@@H](O)[C@H](C)O2)[C@H](C)[C@@H](O[C@@H]2O[C@H](C)C[C@@H]([C@H]2O)N(C)C)[C@](C)(O)C[C@@H](C)C(=O)[C@H](C)[C@@H](O)[C@]1(C)O, CC[C@H]1OC(=O)[C@H](C)[C@@H](O[C@H]2C[C@@](C)(OC)[C@@H](O)[C@H](C)O2)[C@H](C)[C@@H](O[C@@H]2O[C@H](C)C[C@@H]([C@H]2O)N(C)C)[C@](C)(O)C[C@@H](C)C(=O)[C@H](C)[C@@H](O)[C@]1(C)O, CC[C@H]1OC(=O)[C@H](C)[C@@H](O[C@H]2C[C@@](C)(OC)[C@@H](O)[C@H](C)O2)[C@H](C)[C@@H](O[C@@H]2O[C@H](C)C[C@@H]([C@H]2O)N(C)C)[C@](C)(O)C[C@@H](C)C(=O)[C@H](C)[C@@H](O)[C@]1(C)O",prism_treatment_info
987f5f004,BRD-K86799112-001-02-0,5-HMF,,0.3465488991021192,0.3414721195641044,0.0050767795380147,False,"OCc1ccc(C=O)o1, OCc1ccc(C=O)o1, OCc1ccc(C=O)o1",prism_treatment_info
9898cba0d,BRD-K08223200-001-01-1,WAY-200070,estrogen receptor agonist,0.3460921462304804,0.3398719430972743,0.006220203133206,False,"Oc1ccc(cc1)-c1nc2cc(O)cc(Br)c2o1, Oc1ccc(cc1)-c1nc2cc(O)cc(Br)c2o1",prism_treatment_info
989a4f93d,BRD-K58049875-001-04-7,thiostrepton,"FOXM1 inhibitor, protein synthesis inhibitor",0.5048784612655234,0.3482543735291425,0.1566240877363808,True,"CCC(C)C1NC2C=Cc3c(cc(nc3C2O)C(=O)OC(C)C2NC(=O)c3csc(n3)C(NC(=O)C3CSC(=N3)\C(NC(=O)C(NC(=O)c3csc(n3)C3(CCC(=NC3c3csc2n3)c2nc(cs2)C(=O)NC(=C)C(=O)NC(=C)C(N)=O)NC(=O)C(C)NC(=O)C(=C)NC(=O)C(C)NC1=O)C(C)O)=C/C)C(C)(O)C(C)O)C(C)O, CC[C@H](C)[C@@H]1N[C@@H]2C=Cc3c(cc(nc3[C@H]2O)C(=O)O[C@H](C)[C@@H]2NC(=O)c3csc(n3)[C@@H](NC(=O)[C@H]3CSC(=N3)\C(NC(=O)[C@@H](NC(=O)c3csc(n3)[C@]3(CCC(=N[C@@H]3c3csc2n3)c2nc(cs2)C(=O)NC(=C)C(=O)NC(=C)C(N)=O)NC(=O)[C@H](C)NC(=O)C(=C)NC(=O)[C@H](C)NC1=O)[C@@H](C)O)=C\C)[C@](C)(O)[C@@H](C)O)[C@H](C)O, CC[C@H](C)[C@@H]1N[C@@H]2C=Cc3c(cc(nc3[C@H]2O)C(=O)O[C@H](C)[C@@H]2NC(=O)c3csc(n3)[C@@H](NC(=O)[C@H]3CSC(=N3)\C(NC(=O)[C@@H](NC(=O)c3csc(n3)[C@]3(CCC(=N[C@@H]3c3csc2n3)c2nc(cs2)C(=O)NC(=C)C(=O)NC(=C)C(N)=O)NC(=O)[C@H](C)NC(=O)C(=C)NC(=O)[C@H](C)NC1=O)[C@@H](C)O)=C\C)[C@](C)(O)[C@@H](C)O)[C@H](C)O, CC[C@H](C)[C@@H]1N[C@@H]2C=Cc3c(cc(nc3[C@H]2O)C(=O)O[C@H](C)[C@@H]2NC(=O)c3csc(n3)[C@@H](NC(=O)[C@H]3CSC(=N3)\C(NC(=O)[C@@H](NC(=O)c3csc(n3)[C@]3(CCC(=N[C@@H]3c3csc2n3)c2nc(cs2)C(=O)NC(=C)C(=O)NC(=C)C(N)=O)NC(=O)[C@H](C)NC(=O)C(=C)NC(=O)[C@H](C)NC1=O)[C@@H](C)O)=C\C)[C@](C)(O)[C@@H](C)O)[C@H](C)O, CC[C@H](C)[C@@H]1N[C@@H]2C=Cc3c(cc(nc3[C@H]2O)C(=O)O[C@H](C)[C@@H]2NC(=O)c3csc(n3)[C@@H](NC(=O)[C@H]3CSC(=N3)\C(NC(=O)[C@@H](NC(=O)c3csc(n3)[C@]3(CCC(=N[C@@H]3c3csc2n3)c2nc(cs2)C(=O)NC(=C)C(=O)NC(=C)C(N)=O)NC(=O)[C@H](C)NC(=O)C(=C)NC(=O)[C@H](C)NC1=O)[C@@H](C)O)=C\C)[C@](C)(O)[C@@H](C)O)[C@H](C)O",prism_treatment_info
98a2c9b21,BRD-K19180152-001-02-6,meprobamate,,0.3500215032555372,0.3284818155642628,0.0215396876912744,False,CCCC(C)(COC(N)=O)COC(N)=O,prism_treatment_info
98b848210,BRD-K01815685-001-15-5,indole-3-carbinol,"aryl hydrocarbon receptor agonist, indoleamine 2,3-dioxygenase inhibitor",0.3354854855942175,0.281944967248224,0.0535405183459934,False,OCc1c[nH]c2ccccc12,prism_treatment_info
98c09cca0,BRD-K54606188-001-13-1,JQ1-(+),bromodomain inhibitor,0.4370405116676571,0.4017754900391937,0.0352650216284634,False,"Cc1sc-2c(c1C)C(=N[C@@H](CC(=O)OC(C)(C)C)c1nnc(C)n-21)c1ccc(Cl)cc1, Cc1sc-2c(c1C)C(=N[C@@H](CC(=O)OC(C)(C)C)c1nnc(C)n-21)c1ccc(Cl)cc1",prism_treatment_info
98c4c858e,BRD-K85920262-001-02-1,WAY-600,mTOR inhibitor,0.3203527323266542,0.2967039525000929,0.0236487798265612,False,C(N1CCC(CC1)n1ncc2c(nc(nc12)-c1ccc2[nH]ccc2c1)N1CCOCC1)c1cccnc1,prism_treatment_info
98c8c9ccc,BRD-K63792901-075-02-1,arecaidine-but-2-ynyl-ester,acetylcholine receptor agonist,0.3587698099252834,0.3266114393028799,0.0321583706224035,False,CC#CCOC(=O)C1=CCCN(C)C1,prism_treatment_info
98c94f9b9,BRD-K26997899-001-02-2,D-64131,microtubule inhibitor,0.5151434845912704,0.4807094778420259,0.0344340067492444,True,COc1ccc2[nH]c(cc2c1)C(=O)c1ccccc1,prism_treatment_info
98d258152,BRD-K41434598-003-01-9,org-9768,adrenergic receptor antagonist,0.3447894966538246,0.3256652592734795,0.019124237380345,False,CC1(CN)Cc2ccccc2C1,prism_treatment_info
98e035c12,BRD-A13188892-066-21-5,doxazosin,adrenergic receptor antagonist,0.3865849352743835,0.3523078538987806,0.0342770813756028,False,"COc1cc2nc(nc(N)c2cc1OC)N1CCN(CC1)C(=O)C1COc2ccccc2O1, COc1cc2nc(nc(N)c2cc1OC)N1CCN(CC1)C(=O)C1COc2ccccc2O1, COc1cc2nc(nc(N)c2cc1OC)N1CCN(CC1)C(=O)C1COc2ccccc2O1",prism_treatment_info
98e4ba42b,BRD-K17075857-001-17-6,chloroxine,opioid receptor antagonist,0.3696780497570174,0.309147883700004,0.0605301660570134,False,"Oc1c(Cl)cc(Cl)c2cccnc12, Oc1c(Cl)cc(Cl)c2cccnc12, Oc1c(Cl)cc(Cl)c2cccnc12",prism_treatment_info
98f47e803,BRD-K21867462-001-02-9,GSK2816126,histone lysine methyltransferase inhibitor,0.3370054101582121,0.3338063888441782,0.0031990213140338,False,"CC[C@H](C)n1cc(C)c2c(cc(cc12)-c1ccc(nc1)N1CCNCC1)C(=O)NCc1c(C)cc(C)[nH]c1=O, CC[C@H](C)n1cc(C)c2c(cc(cc12)-c1ccc(nc1)N1CCNCC1)C(=O)NCc1c(C)cc(C)[nH]c1=O",prism_treatment_info
9900aeef2,BRD-K97746869-001-27-0,chlorpropamide,ATP channel blocker,0.3442580100243255,0.3344906034742862,0.0097674065500392,False,"CCCNC(=O)NS(=O)(=O)c1ccc(Cl)cc1, CCCNC(=O)NS(=O)(=O)c1ccc(Cl)cc1",prism_treatment_info
99017a2c7,BRD-K51313569-003-03-3,palbociclib,CDK inhibitor,0.4673968350417515,0.4582320174410517,0.0091648176006998,False,"CC(=O)c1c(C)c2cnc(Nc3ccc(cn3)N3CCNCC3)nc2n(C2CCCC2)c1=O, CC(=O)c1c(C)c2cnc(Nc3ccc(cn3)N3CCNCC3)nc2n(C2CCCC2)c1=O",prism_treatment_info
990d1947d,BRD-K93767137-001-01-1,oseltamivir-carboxylate,neuraminidase inhibitor,0.2967701210829654,0.2765240112600244,0.020246109822941,False,CCC(CC)O[C@@H]1C=C(C[C@H](N)[C@H]1NC(C)=O)C(O)=O,prism_treatment_info
991b96cb6,BRD-K85015012-003-02-9,NNC-05-2090,"GABA uptake inhibitor, GAT inhibitor",0.3538582599370052,0.3387480554687378,0.0151102044682674,False,"COc1ccccc1C1(O)CCN(CCCn2c3ccccc3c3ccccc23)CC1, COc1ccccc1C1(O)CCN(CCCn2c3ccccc3c3ccccc23)CC1",prism_treatment_info
991dccfc4,BRD-K93176058-001-03-6,AC-55649,retinoid receptor agonist,0.3621055242233758,0.3516613214910681,0.0104442027323076,False,"CCCCCCCCc1ccc(cc1)-c1ccc(cc1)C(O)=O, CCCCCCCCc1ccc(cc1)-c1ccc(cc1)C(O)=O",prism_treatment_info
992da3b02,BRD-K50422030-001-05-3,clomethiazole,"GABA receptor antagonist, GABA receptor modulator",0.3378320729254008,0.3044371214106754,0.0333949515147253,False,"Cc1ncsc1CCCl, Cc1ncsc1CCCl",prism_treatment_info
994e6101b,BRD-K73397362-001-06-6,purmorphamine,smoothened receptor agonist,0.2846165340232034,0.2564885960277469,0.0281279379954565,False,"C1CCC(CC1)n1cnc2c(Nc3ccc(cc3)N3CCOCC3)nc(Oc3cccc4ccccc34)nc12, C1CCC(CC1)n1cnc2c(Nc3ccc(cc3)N3CCOCC3)nc(Oc3cccc4ccccc34)nc12, C1CCC(CC1)n1cnc2c(Nc3ccc(cc3)N3CCOCC3)nc(Oc3cccc4ccccc34)nc12",prism_treatment_info
9956b5d67,BRD-K49657628-001-14-8,tyrphostin-AG-18,"EGFR inhibitor, tyrosine kinase inhibitor",0.3126251239401584,0.3059546774221748,0.0066704465179836,False,"Oc1ccc(C=C(C#N)C#N)cc1O, Oc1ccc(C=C(C#N)C#N)cc1O, Oc1ccc(C=C(C#N)C#N)cc1O",prism_treatment_info
99d003a74,BRD-K15766189-001-09-8,cefdinir,bacterial cell wall synthesis inhibitor,0.3369652733011979,0.2898295312629068,0.0471357420382911,False,"Nc1nc(cs1)C(=N\O)\C(=O)N[C@H]1[C@H]2SCC(C=C)=C(N2C1=O)C(O)=O, Nc1nc(cs1)C(=N\O)\C(=O)N[C@H]1[C@H]2SCC(C=C)=C(N2C1=O)C(O)=O, Nc1nc(cs1)C(=N\O)\C(=O)N[C@H]1[C@H]2SCC(C=C)=C(N2C1=O)C(O)=O",prism_treatment_info
99d524de4,BRD-K05673000-236-12-1,dicloxacillin,bacterial cell wall synthesis inhibitor,0.3878090690215708,0.3262799526863799,0.0615291163351909,False,"Cc1onc(c1C(=O)N[C@H]1[C@H]2SC(C)(C)[C@@H](N2C1=O)C(O)=O)-c1c(Cl)cccc1Cl, Cc1onc(c1C(=O)N[C@H]1[C@H]2SC(C)(C)[C@@H](N2C1=O)C(O)=O)-c1c(Cl)cccc1Cl, Cc1onc(c1C(=O)N[C@H]1[C@H]2SC(C)(C)[C@@H](N2C1=O)C(O)=O)-c1c(Cl)cccc1Cl",prism_treatment_info
99f8a66ae,BRD-K87827419-001-16-8,melphalan,"DNA alkylating agent, DNA inhibitor",0.355345379116223,0.3490016993851282,0.0063436797310947,False,"N[C@@H](Cc1ccc(cc1)N(CCCl)CCCl)C(O)=O, N[C@@H](Cc1ccc(cc1)N(CCCl)CCCl)C(O)=O",prism_treatment_info
99fcbbc29,BRD-K68232413-001-01-2,etizolam,benzodiazepine receptor agonist,0.4207017689720187,0.3485027957867166,0.0721989731853021,False,CCc1cc2c(s1)-n1c(C)nnc1CN=C2c1ccccc1Cl,prism_treatment_info
9a095f480,BRD-K62427771-001-01-0,AS-77,potassium channel blocker,0.3451512751614881,0.3214466390197436,0.0237046361417445,False,O=c1ccc2c(OCCCCOc3ccccc3)c3ccoc3cc2o1,prism_treatment_info
9a37fdcc7,BRD-K46742498-003-11-0,alosetron,serotonin receptor antagonist,0.392026767970187,0.3100704843084451,0.0819562836617418,False,Cc1[nH]cnc1CN1CCc2c(C1=O)c1ccccc1n2C,prism_treatment_info
9a4100e20,BRD-K82823804-001-04-1,PD-407824,PKC inhibitor,0.3152741038605677,0.301313892525953,0.0139602113346147,False,"Oc1ccc2[nH]c3cc(c4C(=O)NC(=O)c4c3c2c1)-c1ccccc1, Oc1ccc2[nH]c3cc(c4C(=O)NC(=O)c4c3c2c1)-c1ccccc1",prism_treatment_info
9a4775f71,BRD-A62021152-003-03-4,WAY-161503,serotonin receptor agonist,0.3992321045258455,0.3054467459262245,0.093785358599621,False,"Clc1cc2NC(=O)C3CNCCN3c2cc1Cl, Clc1cc2NC(=O)C3CNCCN3c2cc1Cl",prism_treatment_info
9a49e42b7,BRD-K45117373-001-02-9,Y-26763,potassium channel activator,0.4228479812878768,0.3472222844730482,0.0756256968148285,False,CC(=O)N(O)[C@H]1[C@H](O)C(C)(C)Oc2ccc(cc12)C#N,prism_treatment_info
9a4aae9f4,BRD-A14316475-001-02-3,SN-6,sodium/calcium exchange inhibitor,0.3250270045194828,0.3156659070228582,0.0093610974966246,False,"CCOC(=O)C1CSC(N1)Cc1ccc(OCc2ccc([N+]([O-])=O)cc2)cc1, CCOC(=O)C1CSC(N1)Cc1ccc(OCc2ccc([N+]([O-])=O)cc2)cc1",prism_treatment_info
9a52a0142,BRD-K17443395-065-02-2,abacavir,nucleoside reverse transcriptase inhibitor,0.3799727241676064,0.3381530197264118,0.0418197044411945,False,"Nc1nc(NC2CC2)c2ncn([C@@H]3C[C@H](CO)C=C3)c2n1, Nc1nc(NC2CC2)c2ncn([C@@H]3C[C@H](CO)C=C3)c2n1, Nc1nc(NC2CC2)c2ncn([C@@H]3C[C@H](CO)C=C3)c2n1",prism_treatment_info
9a6b15c7b,BRD-K75923785-003-02-1,scopine,,0.4071528424833837,0.3778201846146597,0.0293326578687239,False,"CN1[C@H]2C[C@H](O)C[C@@H]1[C@H]1O[C@@H]21, CN1[C@H]2C[C@H](O)C[C@@H]1[C@H]1O[C@@H]21",prism_treatment_info
9a72fd9f7,BRD-K53061490-003-13-9,ozagrel,thromboxane synthase inhibitor,0.3355766110742428,0.3148444771059475,0.0207321339682952,False,"OC(=O)\C=C\c1ccc(Cn2ccnc2)cc1, OC(=O)\C=C\c1ccc(Cn2ccnc2)cc1, OC(=O)\C=C\c1ccc(Cn2ccnc2)cc1",prism_treatment_info
9a7ae5f54,BRD-A55469827-001-07-4,mephenesin,muscle relaxant,0.3567827392255124,0.3085395473181315,0.0482431919073809,False,Cc1ccccc1OCC(O)CO,prism_treatment_info
9a7e1dc21,BRD-K47832606-001-30-1,floxuridine,DNA synthesis inhibitor,0.3943563588553598,0.3599748070419723,0.0343815518133874,False,"OC[C@H]1OC(C[C@H]1O)n1cc(F)c(=O)[nH]c1=O, OC[C@H]1O[C@H](C[C@@H]1O)n1cc(F)c(=O)[nH]c1=O",prism_treatment_info
9aad9c729,BRD-K13044802-213-20-7,ciclopirox,membrane integrity inhibitor,0.3986107032857275,0.3478689569639718,0.0507417463217557,False,"Cc1cc(C2CCCCC2)n(O)c(=O)c1, Cc1cc(C2CCCCC2)n(O)c(=O)c1, Cc1cc(C2CCCCC2)n(O)c(=O)c1, Cc1cc(C2CCCCC2)n(O)c(=O)c1, Cc1cc(C2CCCCC2)n(O)c(=O)c1, Cc1cc(C2CCCCC2)n(O)c(=O)c1",prism_treatment_info
9ab3a6c42,BRD-K13810148-311-03-2,givinostat,HDAC inhibitor,0.4119988093979876,0.3470263010378979,0.0649725083600897,False,CCN(CC)Cc1ccc2cc(COC(=O)Nc3ccc(cc3)C(=O)NO)ccc2c1,prism_treatment_info
9ab79493d,BRD-K28965160-001-01-1,BVD-523,MAP kinase inhibitor,0.7476886701116088,0.701754358607496,0.0459343115041127,True,CC(C)Nc1cc(-c2c[nH]c(c2)C(=O)N[C@H](CO)c2cccc(Cl)c2)c(Cl)cn1,prism_treatment_info
9ac33dbfe,BRD-K26997899-001-02-2,D-64131,microtubule inhibitor,0.5693698437957709,0.5471098364489124,0.0222600073468585,True,COc1ccc2[nH]c(cc2c1)C(=O)c1ccccc1,prism_treatment_info
9ac5906c2,BRD-K92723993-001-06-7,imatinib,"Bcr-Abl kinase inhibitor, KIT inhibitor, PDGFR tyrosine kinase receptor inhibitor",0.6610919894707536,0.584785907703655,0.0763060817670986,True,"CN1CCN(Cc2ccc(cc2)C(=O)Nc2ccc(C)c(Nc3nccc(n3)-c3cccnc3)c2)CC1, CN1CCN(Cc2ccc(cc2)C(=O)Nc2ccc(C)c(Nc3nccc(n3)-c3cccnc3)c2)CC1, CN1CCN(Cc2ccc(cc2)C(=O)Nc2ccc(C)c(Nc3nccc(n3)-c3cccnc3)c2)CC1",prism_treatment_info
9ac88657a,BRD-K79131256-001-17-9,albendazole,tubulin polymerization inhibitor,0.3616063243785727,0.338590082996581,0.0230162413819917,False,"CCCSc1ccc2[nH]c(NC(=O)OC)nc2c1, CCCSc1ccc2[nH]c(NC(=O)OC)nc2c1",prism_treatment_info
9ae8e1c27,BRD-K59506194-015-04-9,targinine,nitric oxide synthase inhibitor,0.2949172763056731,0.2797245695064583,0.0151927067992148,False,CNC(=N)NCCC[C@H](N)C(O)=O,prism_treatment_info
9aefd7800,BRD-A08715367-001-01-7,L-Theanine,glutamate receptor antagonist,0.3818932931790217,0.3271822628823216,0.0547110302967001,False,CCNC(=O)CCC(N)C(O)=O,prism_treatment_info
9af8c1058,BRD-A73709786-001-01-3,LB-100,protein phosphatase inhibitor,0.3666489939934844,0.352643670840204,0.0140053231532804,False,"CN1CCN(CC1)C(=O)C1[C@H]2CC[C@H](O2)C1C(O)=O, CN1CCN(CC1)C(=O)C1C2CCC(O2)C1C(O)=O, CN1CCN(CC1)C(=O)C1C2CCC(O2)C1C(O)=O",prism_treatment_info
9aff06a16,BRD-K53123955-001-10-5,niridazole,phosphofructokinase inhibitor,0.3966672069103921,0.3665558127347531,0.030111394175639,False,[O-][N+](=O)c1cnc(s1)N1CCNC1=O,prism_treatment_info
9b0fa2676,BRD-K30577245-341-01-9,docetaxel,tubulin polymerization inhibitor,0.3459256575705077,0.3307252532127259,0.0152004043577818,False,"CC(=O)O[C@@]12CO[C@@H]1C[C@H](O)[C@]1(C)[C@@H]2[C@H](OC(=O)c2ccccc2)[C@]2(O)C[C@H](OC(=O)[C@H](O)[C@@H](NC(=O)OC(C)(C)C)c3ccccc3)C(C)=C([C@@H](O)C1=O)C2(C)C, CC(=O)O[C@@]12CO[C@@H]1C[C@H](O)[C@]1(C)[C@@H]2[C@H](OC(=O)c2ccccc2)[C@]2(O)C[C@H](OC(=O)[C@H](O)[C@@H](NC(=O)OC(C)(C)C)c3ccccc3)C(C)=C([C@@H](O)C1=O)C2(C)C, CC(=O)O[C@@]12CO[C@@H]1C[C@H](O)[C@]1(C)[C@@H]2[C@H](OC(=O)c2ccccc2)[C@]2(O)C[C@H](OC(=O)[C@H](O)[C@@H](NC(=O)OC(C)(C)C)c3ccccc3)C(C)=C([C@@H](O)C1=O)C2(C)C",prism_treatment_info
9b4d542a5,BRD-A58048407-001-18-8,nimodipine,calcium channel blocker,0.3657253451627594,0.3287489902734072,0.0369763548893521,False,"COCCOC(=O)C1=C(C)NC(C)=C(C1c1cccc(c1)[N+]([O-])=O)C(=O)OC(C)C, COCCOC(=O)C1=C(C)NC(C)=C(C1c1cccc(c1)[N+]([O-])=O)C(=O)OC(C)C, COCCOC(=O)C1=C(C)NC(C)=C(C1c1cccc(c1)[N+]([O-])=O)C(=O)OC(C)C",prism_treatment_info
9b87ce240,BRD-K98203492-003-04-1,GSK-J4,histone lysine demethylase inhibitor,0.3537303833605002,0.3299494927809365,0.0237808905795636,False,"CCOC(=O)CCNc1cc(nc(n1)-c1ccccn1)N1CCc2ccccc2CC1, CCOC(=O)CCNc1cc(nc(n1)-c1ccccn1)N1CCc2ccccc2CC1",prism_treatment_info
9b964b696,BRD-K92838188-001-01-9,rifaximin,RNA synthesis inhibitor,0.4342760613683502,0.4068722066671585,0.0274038547011916,False,"CO[C@H]1C=CO[C@@]2(C)Oc3c(C2=O)c2c4nc5cc(C)ccn5c4c(NC(=O)\C(C)=C/C=C\[C@H](C)[C@H](O)[C@@H](C)[C@@H](O)[C@@H](C)[C@H](OC(C)=O)[C@@H]1C)c(O)c2c(O)c3C, CO[C@H]1C=CO[C@@]2(C)Oc3c(C2=O)c2c4nc5cc(C)ccn5c4c(NC(=O)\C(C)=C/C=C\[C@H](C)[C@H](O)[C@@H](C)[C@@H](O)[C@@H](C)[C@H](OC(C)=O)[C@@H]1C)c(O)c2c(O)c3C",prism_treatment_info
9bc8479ea,BRD-K43449605-001-01-0,oncrasin-1,apoptosis stimulant,0.8152495675675381,0.3379189798170395,0.4773305877504986,True,Clc1ccc(Cn2cc(C=O)c3ccccc23)cc1,prism_treatment_info
9bdffe5bb,BRD-A87715314-003-14-4,pronethalol,adrenergic receptor antagonist,0.4044762641109877,0.3167181515784598,0.0877581125325278,False,"CC(C)NCC(O)c1ccc2ccccc2c1, CC(C)NCC(O)c1ccc2ccccc2c1",prism_treatment_info
9bf0c9681,BRD-A53951045-004-01-6,butylscopolamine-bromide,cholinergic receptor antagonist,0.3129823103739711,0.2993374708698152,0.0136448395041559,False,CCCC[N+]1(C)[C@H]2C[C@@H](C[C@@H]1[C@H]1O[C@@H]21)OC(=O)[C@@H](CO)c1ccccc1,prism_treatment_info
9c00f05e0,BRD-K15179513-001-03-4,NVP-ADW742,insulin growth factor receptor inhibitor,0.5325200617007223,0.4749647280650569,0.0575553336356653,True,"Nc1ncnc2n(cc(-c3cccc(OCc4ccccc4)c3)c12)[C@H]1C[C@H](CN2CCCC2)C1, Nc1ncnc2n(cc(-c3cccc(OCc4ccccc4)c3)c12)[C@H]1C[C@H](CN2CCCC2)C1, Nc1ncnc2n(cc(-c3cccc(OCc4ccccc4)c3)c12)[C@H]1C[C@H](CN2CCCC2)C1",prism_treatment_info
9c9b4e56a,BRD-K20008181-001-01-3,LCQ908,diacylglycerol O acyltransferase inhibitor,0.3573969329412299,0.3346809143739049,0.0227160185673249,False,OC(=O)C[C@H]1CC[C@@H](CC1)c1ccc(cc1)-c1ccc(Nc2ccc(nc2)C(F)(F)F)cn1,prism_treatment_info
9ca1dc01a,BRD-K30867024-003-03-3,SB-216641,serotonin receptor antagonist,0.2958897666389038,0.2894528643110969,0.0064369023278069,False,COc1ccc(NC(=O)c2ccc(cc2)-c2ccc(cc2C)-c2noc(C)n2)cc1OCCN(C)C,prism_treatment_info
9cbacb6de,BRD-K15164005-001-05-6,apoptosis-activator-II,carboxylesterase inhibitor,0.3469562506585866,0.2819798461768909,0.0649764044816956,False,"Clc1ccc(CN2C(=O)C(=O)c3ccccc23)cc1Cl, Clc1ccc(CN2C(=O)C(=O)c3ccccc23)cc1Cl, Clc1ccc(CN2C(=O)C(=O)c3ccccc23)cc1Cl",prism_treatment_info
9cc1467b6,BRD-A36331462-001-02-1,oprozomib,proteasome inhibitor,0.4017099851559725,0.3285852367421288,0.0731247484138437,False,COC[C@H](NC(=O)[C@H](COC)NC(=O)c1cnc(C)s1)C(=O)N[C@@H](Cc1ccccc1)C(=O)C1(C)CO1,prism_treatment_info
9cce94064,BRD-K77115421-001-02-6,phthalylsulfacetamide,,0.3133655755705317,0.2908947837530405,0.0224707918174911,False,"CC(=O)NS(=O)(=O)c1ccc(NC(=O)c2ccccc2C(O)=O)cc1, CC(=O)NS(=O)(=O)c1ccc(NC(=O)c2ccccc2C(O)=O)cc1, CC(=O)NS(=O)(=O)c1ccc(NC(=O)c2ccccc2C(O)=O)cc1, CC(=O)NS(=O)(=O)c1ccc(NC(=O)c2ccccc2C(O)=O)cc1",prism_treatment_info
9cd9c098b,BRD-K03294269-001-08-0,NU6027,CDK inhibitor,0.48975528012897,0.4362291680849481,0.0535261120440219,False,Nc1nc(N)c([N+][O-])c(OCC2CCCCC2)n1,prism_treatment_info
9cf0df213,BRD-K24556098-001-19-1,deoxycorticosterone-acetate,progestogen hormone,0.3420441734405254,0.3150537735042037,0.0269903999363216,False,"CC(=O)OCC(=O)[C@H]1CC[C@H]2[C@@H]3CCC4=CC(=O)CC[C@]4(C)[C@H]3CC[C@]12C, CC(=O)OCC(=O)[C@H]1CC[C@H]2[C@@H]3CCC4=CC(=O)CC[C@]4(C)[C@H]3CC[C@]12C, CC(=O)OCC(=O)[C@H]1CC[C@H]2[C@@H]3CCC4=CC(=O)CC[C@]4(C)[C@H]3CC[C@]12C, CC(=O)OCC(=O)[C@H]1CC[C@H]2[C@@H]3CCC4=CC(=O)CC[C@]4(C)[C@H]3CC[C@]12C",prism_treatment_info
9d1c9eb50,BRD-K60184833-001-05-6,tyrphostin-AG-99,tyrosine kinase inhibitor,0.3629324783354332,0.3121765772135812,0.0507559011218519,False,NC(=O)C(=C\c1ccc(O)c(O)c1)\C#N,prism_treatment_info
9d43f8843,BRD-A65767837-001-04-4,hydrocortisone-acetate,glucocorticoid receptor agonist,0.4151537130689404,0.4102931593718726,0.0048605536970677,False,CC(=O)OCC(=O)[C@@]1(O)CCC2C3CCC4=CC(=O)CC[C@]4(C)C3[C@@H](O)C[C@]12C,prism_treatment_info
9d574d1db,BRD-K17026858-001-01-2,pibenzimol,DNA inhibitor,0.3799146409816148,0.3298829229748608,0.0500317180067539,False,"c1ccc2[nH]c(nc2c1)-c1nc2ccccc2[nH]1, CN1CCN(CC1)c1ccc2nc([nH]c2c1)-c1ccc2nc([nH]c2c1)-c1ccc(O)cc1",prism_treatment_info
9d5a1c5c1,BRD-K51770398-001-01-9,JNJ-17203212,TRPV antagonist,0.320788180340809,0.2817411882489848,0.0390469920918241,False,"FC(F)(F)c1ccc(NC(=O)N2CCN(CC2)c2ncccc2C(F)(F)F)nc1, FC(F)(F)c1ccc(NC(=O)N2CCN(CC2)c2ncccc2C(F)(F)F)nc1",prism_treatment_info
9d5b0d635,BRD-K37714784-305-02-1,ABT-724,dopamine receptor agonist,0.3293541310003158,0.3277008447436526,0.0016532862566632,False,C(N1CCN(CC1)c1ccccn1)c1nc2ccccc2[nH]1,prism_treatment_info
9d5b8a0e2,BRD-K17702546-001-03-2,PD-168393,EGFR inhibitor,0.4562729230132347,0.4456835896474286,0.010589333365806,False,Brc1cccc(Nc2ncnc3ccc(NC(=O)C=C)cc23)c1,prism_treatment_info
9d5bf829c,BRD-K20605374-001-05-4,NSC-697923,ubiquitin-conjugating enzyme inhibitor,0.3788630958289122,0.3605790358342311,0.0182840599946811,False,"Cc1ccc(cc1)S(=O)(=O)c1ccc(o1)[N+]([O-])=O, Cc1ccc(cc1)S(=O)(=O)c1ccc(o1)[N+]([O-])=O",prism_treatment_info
9d9257d83,BRD-A56371469-001-03-3,AGI-5198,isocitrate dehydrogenase inhibitor,0.3880387283447121,0.3656208934400854,0.0224178349046266,False,Cc1nccn1CC(=O)N(C(C(=O)NC1CCCCC1)c1ccccc1C)c1cccc(F)c1,prism_treatment_info
9d9943987,BRD-K52075715-001-06-7,oxibendazole,tubulin polymerization inhibitor,0.5273993640849315,0.5008957032263773,0.0265036608585541,True,"CCCOc1ccc2nc(NC(=O)OC)[nH]c2c1, CCCOc1ccc2nc(NC(=O)OC)[nH]c2c1",prism_treatment_info
9dc12fdd6,BRD-K87202646-001-32-6,isoniazid,FABI inhibitor,0.289942141927234,0.2723787958723669,0.017563346054867,False,"NNC(=O)c1ccncc1, NNC(=O)c1ccncc1",prism_treatment_info
9dc2848e0,BRD-K79602928-003-19-9,metformin,insulin sensitizer,0.3251585345672032,0.3188253154663605,0.0063332191008426,False,"CN(C)C(=N)NC(N)=N, CN(C)C(=N)NC(N)=N, CN(C)C(=N)NC(N)=N",prism_treatment_info
9ddeb8b52,BRD-K56543881-001-02-7,ADX-47273,glutamate receptor modulator,0.3606763726156052,0.3247093111409535,0.0359670614746517,False,Fc1ccc(cc1)C(=O)N1CCC[C@@H](C1)c1nc(no1)-c1ccc(F)cc1,prism_treatment_info
9debdaeaf,BRD-K30685142-001-15-4,levothyroxine,thyroid hormone stimulant,0.2874166260371504,0.2683315029055963,0.0190851231315541,False,"N[C@@H](Cc1cc(I)c(Oc2cc(I)c(O)c(I)c2)c(I)c1)C(O)=O, N[C@@H](Cc1cc(I)c(Oc2cc(I)c(O)c(I)c2)c(I)c1)C(O)=O, N[C@@H](Cc1cc(I)c(Oc2cc(I)c(O)c(I)c2)c(I)c1)C(O)=O, N[C@@H](Cc1cc(I)c(Oc2cc(I)c(O)c(I)c2)c(I)c1)C(O)=O",prism_treatment_info
9df803dd5,BRD-A46876182-003-02-8,levobunolol-(+/-),adrenergic receptor antagonist,0.3660938754232217,0.3438061428623515,0.0222877325608701,False,CC(C)(C)NCC(O)COc1cccc2C(=O)CCCc12,prism_treatment_info
9e11305b9,BRD-K36970462-001-01-6,tonabersat,"gap junction modulator, nitric oxide production inhibitor",0.3661198410003109,0.3333630006895706,0.0327568403107402,False,CC(=O)c1ccc2OC(C)(C)[C@@H](O)[C@@H](NC(=O)c3ccc(F)c(Cl)c3)c2c1,prism_treatment_info
9e24f0cb6,BRD-K12184916-001-15-4,NVP-BEZ235,"mTOR inhibitor, PI3K inhibitor",0.4347886698312139,0.391645708230015,0.0431429616011989,False,"Cn1c2cnc3ccc(cc3c2n(-c2ccc(cc2)C(C)(C)C#N)c1=O)-c1cnc2ccccc2c1, Cn1c2cnc3ccc(cc3c2n(-c2ccc(cc2)C(C)(C)C#N)c1=O)-c1cnc2ccccc2c1",prism_treatment_info
9e25474f1,BRD-K24603946-001-02-1,5-hydroxymethyl-tolterodine,acetylcholine receptor antagonist,0.3190379182981049,0.2905344739075021,0.0285034443906028,False,"CC(C)N(CC[C@H](c1ccccc1)c1cc(CO)ccc1O)C(C)C, CC(C)N(CC[C@H](c1ccccc1)c1cc(CO)ccc1O)C(C)C",prism_treatment_info
9e588abba,BRD-K78781788-003-01-9,barnidipine,calcium channel blocker,0.3507213026702777,0.2842514836245657,0.066469819045712,False,COC(=O)C1=C(C)NC(C)=C([C@H]1c1cccc(c1)[N+]([O-])=O)C(=O)O[C@H]1CCN(Cc2ccccc2)C1,prism_treatment_info
9e60dd9a0,BRD-A97437073-050-14-5,rosiglitazone,"insulin sensitizer, PPAR receptor agonist",0.3524570906628865,0.2968918874552697,0.0555652032076168,False,"CN(CCOc1ccc(CC2SC(=O)NC2=O)cc1)c1ccccn1, CN(CCOc1ccc(CC2SC(=O)NC2=O)cc1)c1ccccn1, CN(CCOc1ccc(CC2SC(=O)NC2=O)cc1)c1ccccn1, CN(CCOc1ccc(CC2SC(=O)NC2=O)cc1)c1ccccn1, CN(CCOc1ccc(CC2SC(=O)NC2=O)cc1)c1ccccn1",prism_treatment_info
9e9c9ce56,BRD-K95880107-001-02-4,PH-797804,p38 MAPK inhibitor,0.4875724996320196,0.4288725553473066,0.0586999442847129,False,CNC(=O)c1ccc(C)c(c1)-n1c(C)cc(OCc2ccc(F)cc2F)c(Br)c1=O,prism_treatment_info
9ec582849,BRD-K36965586-003-08-8,m-Chlorophenylbiguanide,,0.3457499871271254,0.3213095685934436,0.0244404185336818,False,NC(=N)NC(=N)Nc1cccc(Cl)c1,prism_treatment_info
9ef139b37,BRD-K36016295-001-04-5,KU-60019,ATM kinase inhibitor,0.3294347075646617,0.3068981680523059,0.0225365395123558,False,"C[C@H]1CN(CC(=O)Nc2ccc3Sc4c(Cc3c2)cccc4-c2cc(=O)cc(o2)N2CCOCC2)C[C@@H](C)O1, C[C@H]1CN(CC(=O)Nc2ccc3Sc4c(Cc3c2)cccc4-c2cc(=O)cc(o2)N2CCOCC2)C[C@@H](C)O1, C[C@H]1CN(CC(=O)Nc2ccc3Sc4c(Cc3c2)cccc4-c2cc(=O)cc(o2)N2CCOCC2)C[C@@H](C)O1",prism_treatment_info
9ef936a40,BRD-A24560335-300-01-2,efatutazone,PPAR receptor agonist,0.2937684579875917,0.2837617866883425,0.0100066712992492,False,Cc1cc(Oc2ccc3nc(COc4ccc(CC5SC(=O)NC5=O)cc4)n(C)c3c2)cc(C)c1N,prism_treatment_info
9f316ed9a,BRD-K89071957-001-01-1,CTS21166,beta-secretase inhibitor,0.3621932911630104,0.3539086688670255,0.0082846222959849,False,CC(C)C[C@H](NC(=O)[C@H](CC(N)=O)NC(=O)[C@@H](NC(=O)[C@@H](N)CCC(O)=O)C(C)C)[C@@H](O)C[C@@H](C)C(=O)N[C@@H](C)C(=O)N[C@@H](CCC(O)=O)C(=O)N[C@@H](Cc1ccccc1)C(O)=O,prism_treatment_info
9f31b00f7,BRD-K07220430-001-18-4,cinnarazine,calcium channel blocker,0.3112427861402229,0.2840884724935348,0.027154313646688,False,"C(\C=C\c1ccccc1)N1CCN(CC1)C(c1ccccc1)c1ccccc1, C(\C=C\c1ccccc1)N1CCN(CC1)C(c1ccccc1)c1ccccc1",prism_treatment_info
9f61be6d5,BRD-K93460210-001-23-7,lamotrigine,"serotonin receptor antagonist, sodium channel blocker",0.3355867537201991,0.3253720644837883,0.0102146892364107,False,"Nc1nnc(c(N)n1)-c1cccc(Cl)c1Cl, Nc1nnc(c(N)n1)-c1cccc(Cl)c1Cl",prism_treatment_info
9f80f3f77,BRD-K94441233-001-17-1,mevastatin,HMGCR inhibitor,0.6547888982264479,0.6480765105637495,0.0067123876626984,True,"CC[C@H](C)C(=O)O[C@H]1CCC=C2C=C[C@H](C)[C@H](CC[C@@H]3C[C@@H](O)CC(=O)O3)[C@@H]12, CC[C@H](C)C(=O)O[C@H]1CCC=C2C=C[C@H](C)[C@H](CC[C@@H]3C[C@@H](O)CC(=O)O3)[C@@H]12, CC[C@H](C)C(=O)O[C@H]1CCC=C2C=C[C@H](C)[C@H](CC[C@@H]3C[C@@H](O)CC(=O)O3)[C@@H]12, CC[C@H](C)C(=O)O[C@H]1CCC=C2C=C[C@H](C)[C@H](CC[C@@H]3C[C@@H](O)CC(=O)O3)[C@@H]12, CC[C@H](C)C(=O)O[C@H]1CCC=C2C=C[C@H](C)[C@H](CC[C@@H]3C[C@@H](O)CC(=O)O3)[C@@H]12",prism_treatment_info
9f8251d45,BRD-K50859149-001-19-5,sulfafurazole,bacterial antifolate,0.4155111947583158,0.3454420349703834,0.0700691597879324,False,"Cc1noc(NS(=O)(=O)c2ccc(N)cc2)c1C, Cc1noc(NS(=O)(=O)c2ccc(N)cc2)c1C, Cc1noc(NS(=O)(=O)c2ccc(N)cc2)c1C",prism_treatment_info
9f8c1612d,BRD-K21123171-001-02-9,pramiracetam,acetylcholine receptor agonist,0.3529477275082045,0.3488111642842421,0.0041365632239623,False,CC(C)N(CCNC(=O)CN1CCCC1=O)C(C)C,prism_treatment_info
9f907fcd6,BRD-K68395654-001-03-1,EVP4593,NFkB pathway inhibitor,0.38017752631465,0.3272167429684908,0.0529607833461592,False,"Nc1ccc2ncnc(NCCc3ccc(Oc4ccccc4)cc3)c2c1, Nc1ccc2ncnc(NCCc3ccc(Oc4ccccc4)cc3)c2c1, Nc1ccc2ncnc(NCCc3ccc(Oc4ccccc4)cc3)c2c1",prism_treatment_info
9f98326fc,BRD-K69812556-305-02-0,WAY-100635,serotonin receptor antagonist,0.3170838938709426,0.3138167337915819,0.0032671600793606,False,COc1ccccc1N1CCN(CCN(C(=O)C2CCCCC2)c2ccccn2)CC1,prism_treatment_info
9f9f2cc3e,BRD-A27376179-001-01-3,lestaurtinib,"FLT3 inhibitor, growth factor receptor inhibitor, JAK inhibitor",0.3629860368436431,0.3355640067470951,0.027422030096548,False,C[C@]12OC(C[C@]1(O)CO)n1c3ccccc3c3c4C(=O)NCc4c4c5ccccc5n2c4c13,prism_treatment_info
9fb47bdfb,BRD-K58819470-001-05-9,2-thiouracil,,0.3128491883897445,0.295975431130495,0.0168737572592495,False,"Oc1ccnc(S)n1, Oc1ccnc(S)n1",prism_treatment_info
9ff6e306f,BRD-A11815689-001-01-1,proscillaridin-a,,0.3619453498995163,0.3358349839499149,0.0261103659496013,False,C[C@@H]1O[C@@H](O[C@H]2CC[C@]3(C)C4CC[C@]5(C)[C@H](CC[C@]5(O)C4CCC3=C2)c2ccc(=O)oc2)C(O)C(O)[C@H]1O,prism_treatment_info
9ffc1c082,BRD-K00673382-001-18-9,famotidine,histamine receptor antagonist,0.3838755875893621,0.3155642308405513,0.0683113567488108,False,"NC(N)=Nc1nc(CSCC\C(N)=N/S(N)(=O)=O)cs1, NC(N)=Nc1nc(CSCC\C(N)=N/S(N)(=O)=O)cs1",prism_treatment_info
9ffde3b1b,BRD-K39484304-001-16-5,triptolide,RNA polymerase inhibitor,0.400523004202012,0.3768194462559592,0.0237035579460527,False,"CC(C)[C@]12O[C@H]1[C@@H]1O[C@]11[C@]3(O[C@H]3C[C@H]3C4=C(CC[C@]13C)C(=O)OC4)[C@@H]2O, CC(C)[C@]12O[C@H]1[C@@H]1O[C@]11[C@]3(O[C@H]3C[C@H]3C4=C(CC[C@]13C)C(=O)OC4)[C@@H]2O",prism_treatment_info
a0250da6a,BRD-K07441213-001-18-9,paroxypropione,gonadotropin inhibitor,0.3531732428071043,0.3299842645595814,0.0231889782475229,False,CCC(=O)c1ccc(O)cc1,prism_treatment_info
a043e7bb8,BRD-K52075040-001-09-7,cerulenin,fatty acid synthase inhibitor,0.2987023363367341,0.2948511933313258,0.0038511430054082,False,C\C=C\C\C=C\CCC(=O)[C@H]1O[C@H]1C(N)=O,prism_treatment_info
a0a121fc3,BRD-K13514097-001-05-3,everolimus,mTOR inhibitor,0.5073866227587941,0.4562154282246522,0.0511711945341418,True,"CO[C@@H]1C[C@H](C[C@@H](C)[C@@H]2CC(=O)[C@H](C)\C=C(C)\[C@@H](O)[C@@H](OC)C(=O)[C@H](C)C[C@H](C)\C=C\C=C\C=C(C)\[C@H](C[C@@H]3CC[C@@H](C)[C@@](O)(O3)C(=O)C(=O)N3CCCC[C@H]3C(=O)O2)OC)CC[C@H]1OCCO, CO[C@@H]1C[C@H](C[C@@H](C)[C@@H]2CC(=O)[C@H](C)\C=C(C)\[C@@H](O)[C@@H](OC)C(=O)[C@H](C)C[C@H](C)\C=C\C=C\C=C(C)\[C@H](C[C@@H]3CC[C@@H](C)[C@@](O)(O3)C(=O)C(=O)N3CCCC[C@H]3C(=O)O2)OC)CC[C@H]1OCCO",prism_treatment_info
a0e043edf,BRD-K46742498-003-11-0,alosetron,serotonin receptor antagonist,0.2987834483983757,0.2796035311894509,0.0191799172089247,False,Cc1[nH]cnc1CN1CCc2c(C1=O)c1ccccc1n2C,prism_treatment_info
a0e292dfb,BRD-K59433843-001-01-7,ICI-192605,thromboxane receptor antagonist,0.2960922009678695,0.2861648346126866,0.0099273663551829,False,"OC(=O)CC\C=C/C[C@@H]1CO[C@@H](O[C@@H]1c1ccccc1O)c1ccccc1Cl, OC(=O)CC\C=C/C[C@@H]1CO[C@@H](O[C@@H]1c1ccccc1O)c1ccccc1Cl",prism_treatment_info
a115ee06e,BRD-K15868788-003-07-7,SDZ-205-557,serotonin receptor antagonist,0.3682872455688746,0.3566762094584229,0.0116110361104517,False,CCN(CC)CCOC(=O)c1cc(Cl)c(N)cc1OC,prism_treatment_info
a1256fb17,BRD-K16810791-001-01-0,LGK-974,porcupine inhibitor,0.4312349098554916,0.4026491776495359,0.0285857322059556,False,Cc1cc(ccn1)-c1ncc(CC(=O)Nc2ccc(cn2)-c2cnccn2)cc1C,prism_treatment_info
a12fba982,BRD-A16296925-001-01-3,indobufen,"cyclooxygenase inhibitor, platelet aggregation inhibitor",0.3347144717806211,0.2710517839631398,0.0636626878174813,False,CCC(C(O)=O)c1ccc(cc1)N1Cc2ccccc2C1=O,prism_treatment_info
a13f301e0,BRD-K49049886-001-08-7,CGS-15943,adenosine receptor antagonist,0.5353953950553929,0.3955239345508984,0.1398714605044944,True,Nc1nc2ccc(Cl)cc2c2nc(nn12)-c1ccco1,prism_treatment_info
a14e0fa86,BRD-K77677632-003-02-6,SB-200646,serotonin receptor antagonist,0.3342415667977949,0.3179009654112228,0.016340601386572,False,"Cn1ccc2cc(NC(=O)Nc3cccnc3)ccc12, Cn1ccc2cc(NC(=O)Nc3cccnc3)ccc12",prism_treatment_info
a16b60c44,BRD-A30815329-001-10-5,felodipine,calcium channel blocker,0.3402428932078803,0.3093813535790687,0.0308615396288115,False,"CCOC(=O)C1=C(C)NC(C)=C(C1c1cccc(Cl)c1Cl)C(=O)OC, CCOC(=O)C1=C(C)NC(C)=C(C1c1cccc(Cl)c1Cl)C(=O)OC, CCOC(=O)C1=C(C)NC(C)=C(C1c1cccc(Cl)c1Cl)C(=O)OC",prism_treatment_info
a17e63cf1,BRD-A30403214-001-03-3,edelfosine,phospholipase inhibitor,0.3437782937551017,0.3268658478545984,0.0169124459005033,False,"CCCCCCCCCCCCCCCCCCOC[C@H](COP(O)(=O)OCC[N+](C)(C)C)OC, CCCCCCCCCCCCCCCCCCOC[C@H](COP(O)(=O)OCC[N+](C)(C)C)OC",prism_treatment_info
a180cec12,BRD-K07798980-001-01-9,PSI-6130,RNA polymerase inhibitor,0.3254249857652686,0.3045676272430465,0.020857358522222,False,C[C@@]1(F)[C@H](O)[C@@H](CO)O[C@H]1n1ccc(N)nc1=O,prism_treatment_info
a18d62192,BRD-K07487750-001-03-3,WHI-P154,JAK inhibitor,0.2761005514465295,0.2650655222276668,0.0110350292188626,False,"COc1cc2ncnc(Nc3ccc(O)c(Br)c3)c2cc1OC, COc1cc2ncnc(Nc3ccc(O)c(Br)c3)c2cc1OC, COc1cc2ncnc(Nc3ccc(O)c(Br)c3)c2cc1OC",prism_treatment_info
a1976a4b8,BRD-K78055238-001-01-8,LY2090314,glycogen synthase kinase inhibitor,0.355395732790342,0.3393351802283159,0.0160605525620261,False,Fc1cc2CN(CCn3cc(C4=C(C(=O)NC4=O)c4cnc5ccccn45)c(c1)c23)C(=O)N1CCCCC1,prism_treatment_info
a19d26516,BRD-K77627880-001-04-0,A205804,ICAM1 expression inhibitor,0.5423507916120526,0.3540437533403979,0.1883070382716546,True,"Cc1ccc(Sc2cncc3sc(cc23)C(N)=O)cc1, Cc1ccc(Sc2cncc3sc(cc23)C(N)=O)cc1, Cc1ccc(Sc2cncc3sc(cc23)C(N)=O)cc1",prism_treatment_info
a1a7000c4,BRD-K95785345-300-14-8,thiamine,vitamin B,0.4921102332885634,0.4255302239181319,0.0665800093704315,False,"Cc1c(CCO)sc[n+]1Cc1cnc(C)nc1N, Cc1c(CCO)sc[n+]1Cc1cnc(C)nc1N",prism_treatment_info
a1a709d02,BRD-K69253806-001-02-0,hexestrol,synthetic estrogen,0.2836753363154749,0.2631717336266594,0.0205036026888154,False,"CCC(C(CC)c1ccc(O)cc1)c1ccc(O)cc1, CC[C@@H]([C@@H](CC)c1ccc(O)cc1)c1ccc(O)cc1, CC[C@@H]([C@@H](CC)c1ccc(O)cc1)c1ccc(O)cc1",prism_treatment_info
a1a9a44dd,BRD-K84466663-001-05-4,nelarabine,"DNA synthesis inhibitor, T cell inhibitor",0.2970592628589992,0.2925545676819646,0.0045046951770346,False,COc1nc(N)nc2n(cnc12)[C@@H]1O[C@H](CO)[C@@H](O)[C@@H]1O,prism_treatment_info
a1b18de47,BRD-K11124378-001-04-6,ceftibuten,bacterial cell wall synthesis inhibitor,0.3747548567355586,0.3718262065186098,0.0029286502169487,False,"Nc1nc(cs1)C(=C\CC(O)=O)\C(=O)N[C@H]1[C@H]2SCC=C(N2C1=O)C(O)=O, Nc1nc(cs1)C(=C\CC(O)=O)\C(=O)N[C@H]1[C@H]2SCC=C(N2C1=O)C(O)=O, Nc1nc(cs1)C(=C\CC(O)=O)\C(=O)N[C@H]1[C@H]2SCC=C(N2C1=O)C(O)=O, Nc1nc(cs1)C(=C\CC(O)=O)\C(=O)N[C@H]1[C@H]2SCC=C(N2C1=O)C(O)=O, Nc1nc(cs1)C(=C\CC(O)=O)\C(=O)N[C@H]1[C@H]2SCC=C(N2C1=O)C(O)=O",prism_treatment_info
a1b909edb,BRD-K29905972-001-06-3,axitinib,"PDGFR tyrosine kinase receptor inhibitor, VEGFR inhibitor",0.3974225716285193,0.3563435561014511,0.0410790155270682,False,"CNC(=O)c1ccccc1Sc1ccc2c(\C=C\c3ccccn3)n[nH]c2c1, CNC(=O)c1ccccc1Sc1ccc2c(\C=C\c3ccccn3)n[nH]c2c1, CNC(=O)c1ccccc1Sc1ccc2c(\C=C\c3ccccn3)n[nH]c2c1, CNC(=O)c1ccccc1Sc1ccc2c(\C=C\c3ccccn3)n[nH]c2c1, CNC(=O)c1ccccc1Sc1ccc2c(\C=C\c3ccccn3)n[nH]c2c1",prism_treatment_info
a1c6ba2a1,BRD-K56277358-001-07-5,MGCD-265,VEGFR inhibitor,0.5411220827417221,0.4856397951205695,0.0554822876211525,True,Cn1cnc(c1)-c1cc2nccc(Oc3ccc(NC(=S)NC(=O)Cc4ccccc4)cc3F)c2s1,prism_treatment_info
a1d43b20d,BRD-K54262262-001-09-0,monobenzone,melanin inhibitor,0.4080689751517908,0.3618042554977193,0.0462647196540715,False,"Oc1ccc(OCc2ccccc2)cc1, Oc1ccc(OCc2ccccc2)cc1, Oc1ccc(OCc2ccccc2)cc1, Oc1ccc(OCc2ccccc2)cc1",prism_treatment_info
a1f4f1154,BRD-K86301799-001-34-8,dipyridamole,phosphodiesterase inhibitor,0.307445627828881,0.2887304572359372,0.0187151705929438,False,"OCCN(CCO)c1nc(N2CCCCC2)c2nc(nc(N3CCCCC3)c2n1)N(CCO)CCO, OCCN(CCO)c1nc(N2CCCCC2)c2nc(nc(N3CCCCC3)c2n1)N(CCO)CCO, OCCN(CCO)c1nc(N2CCCCC2)c2nc(nc(N3CCCCC3)c2n1)N(CCO)CCO, OCCN(CCO)c1nc(N2CCCCC2)c2nc(nc(N3CCCCC3)c2n1)N(CCO)CCO, OCCN(CCO)c1nc(N2CCCCC2)c2nc(nc(N3CCCCC3)c2n1)N(CCO)CCO",prism_treatment_info
a1f8fe095,BRD-K20013301-001-02-6,LY411575,gamma secretase inhibitor,0.3273921803317264,0.2820545606393322,0.0453376196923942,False,C[C@H](NC(=O)[C@@H](O)c1cc(F)cc(F)c1)C(=O)N[C@H]1c2ccccc2-c2ccccc2N(C)C1=O,prism_treatment_info
a20704b85,BRD-K21160401-065-01-0,dextroamphetamine,monoamine oxidase inhibitor,0.3521067321866888,0.3283120217202941,0.0237947104663946,False,C[C@H](N)Cc1ccccc1,prism_treatment_info
a209e826b,BRD-A83802939-304-04-2,dexamethasone-sodium-phosphate,glucocorticoid receptor agonist,0.417639073887894,0.3809062561531878,0.0367328177347062,False,"C[C@H]1CC2C3CCC4=CC(=O)C=C[C@]4(C)[C@@]3(F)[C@@H](O)C[C@]2(C)[C@@]1(O)C(=O)COP(O)(O)=O, C[C@@H]1CC2C3CCC4=CC(=O)C=C[C@]4(C)[C@@]3(F)[C@@H](O)C[C@]2(C)[C@@]1(O)C(=O)COP(O)(O)=O",prism_treatment_info
a20f959f2,BRD-K23190681-001-01-1,AV-412,protein tyrosine kinase inhibitor,0.5188630062684796,0.5102128439491845,0.008650162319295,True,CN1CCN(CC1)C(C)(C)C#Cc1cc2ncnc(Nc3ccc(F)c(Cl)c3)c2cc1NC(=O)C=C,prism_treatment_info
a214197e5,BRD-K68174511-001-06-6,torin-2,mTOR inhibitor,0.4864784879408414,0.449115569460521,0.0373629184803204,False,"Nc1ccc(cn1)-c1ccc2ncc3ccc(=O)n(-c4cccc(c4)C(F)(F)F)c3c2c1, Nc1ccc(cn1)-c1ccc2ncc3ccc(=O)n(-c4cccc(c4)C(F)(F)F)c3c2c1",prism_treatment_info
a21ccc603,BRD-K08999871-213-01-5,pipemidic-acid,topoisomerase inhibitor,0.3992260302141909,0.3706714811772919,0.028554549036899,False,CCn1cc(C(O)=O)c(=O)c2cnc(nc12)N1CCNCC1,prism_treatment_info
a226e91f9,BRD-K86727142-001-12-4,embelin,"HCV inhibitor, XIAP inhibitor",0.4133807266216323,0.3281215580022687,0.0852591686193636,False,"CCCCCCCCCCCC1C(=O)C(=O)CC(=O)C1=O, CCCCCCCCCCCC1C(=O)C(=O)CC(=O)C1=O, CCCCCCCCCCCC1C(=O)C(=O)CC(=O)C1=O",prism_treatment_info
a23ade66d,BRD-K01663662-003-20-2,diphenidol,acetylcholine receptor agonist,0.4428086066488939,0.3223691289334449,0.120439477715449,False,OC(CCCN1CCCCC1)(c1ccccc1)c1ccccc1,prism_treatment_info
a24a0384e,BRD-K92830582-003-10-5,propranolol-(R),adrenergic receptor antagonist,0.4264891309246879,0.3532243093538416,0.0732648215708463,False,CC(C)NC[C@@H](O)COc1cccc2ccccc12,prism_treatment_info
a2793d94f,BRD-K89072800-001-01-8,2-TEDC,lipoxygenase inhibitor,0.2948799235121102,0.2801868012770808,0.0146931222350293,False,Oc1ccc(\C=C(/C#N)C(=O)OCCc2cccs2)cc1O,prism_treatment_info
a28556d51,BRD-K40797222-001-01-8,SC-12267,dihydroorotate dehydrogenase inhibitor,0.3518213603620825,0.2967408462027662,0.0550805141593163,False,COc1cccc(c1)-c1ccc(NC(=O)C2=C(CCC2)C(O)=O)c(F)c1,prism_treatment_info
a28c4829a,BRD-A29349577-001-23-0,dropropizine,antitussive,0.3447308790296769,0.3042620661815587,0.0404688128481182,False,"OCC(O)CN1CCN(CC1)c1ccccc1, OCC(O)CN1CCN(CC1)c1ccccc1, OCC(O)CN1CCN(CC1)c1ccccc1",prism_treatment_info
a2a054566,BRD-A61676498-001-06-6,climbazole,enzyme inducer,0.3619375105110342,0.318890486219504,0.0430470242915301,False,"CC(C)(C)C(=O)C(Oc1ccc(Cl)cc1)n1ccnc1, CC(C)(C)C(=O)C(Oc1ccc(Cl)cc1)n1ccnc1",prism_treatment_info
a2a784ba2,BRD-K91301684-003-05-5,noscapine,"bradykinin receptor antagonist, tubulin polymerization inhibitor",0.3555864618463428,0.3265395183673933,0.0290469434789495,False,"COc1ccc2[C@H](OC(=O)c2c1OC)[C@@H]1N(C)CCc2cc3OCOc3c(OC)c12, COc1ccc2[C@@H](OC(=O)c2c1OC)[C@@H]1N(C)CCc2cc3OCOc3c(OC)c12, COc1ccc2[C@H](OC(=O)c2c1OC)[C@@H]1N(C)CCc2cc3OCOc3c(OC)c12",prism_treatment_info
a2ad9316c,BRD-K99475619-001-01-2,genz-644282,topoisomerase inhibitor,0.3797241624692878,0.3734716395114766,0.0062525229578111,False,CNCCn1c2c(cnc3cc4OCOc4cc23)c2cc(OC)c(OC)cc2c1=O,prism_treatment_info
a2b2bab6e,BRD-K56543881-001-02-7,ADX-47273,glutamate receptor modulator,0.3090544414511479,0.2925656074488438,0.0164888340023041,False,Fc1ccc(cc1)C(=O)N1CCC[C@@H](C1)c1nc(no1)-c1ccc(F)cc1,prism_treatment_info
a2bc2d048,BRD-A07232941-001-02-7,8-M-PDOT,melatonin receptor agonist,0.3871448232434168,0.3650321098128125,0.0221127134306043,False,"CCC(=O)NC1CCc2cccc(OC)c2C1, CCC(=O)NC1CCc2cccc(OC)c2C1",prism_treatment_info
a2da0271b,BRD-K15834839-001-02-3,lobendazole,anthelmintic agent,0.3252193772746217,0.2452443884600201,0.0799749888146015,False,CCOC(=O)Nc1nc2ccccc2[nH]1,prism_treatment_info
a2f3f1f63,BRD-K96714749-001-01-0,isobutamben,local anesthetic,0.3449608019229218,0.3051034065958209,0.0398573953271008,False,CC(C)COC(=O)c1ccc(N)cc1,prism_treatment_info
a3066427d,BRD-K28308851-303-01-8,alpha-methylhistamine-dihydrobromide-(S)-(+),histamine receptor agonist,0.3125121722515691,0.2478310637180199,0.0646811085335491,False,C[C@H](N)Cc1c[nH]cn1,prism_treatment_info
a31885e97,BRD-K74117820-066-10-8,nelfinavir,HIV protease inhibitor,0.3359707242472632,0.2967804107742875,0.0391903134729756,False,Cc1c(O)cccc1C(=O)N[C@@H](CSc1ccccc1)[C@H](O)CN1C[C@H]2CCCC[C@H]2C[C@H]1C(=O)NC(C)(C)C,prism_treatment_info
a321adac7,BRD-K35079116-001-03-3,asiatic-acid,apoptosis stimulant,0.3822094509481417,0.3185828996133055,0.0636265513348361,False,"C[C@@H]1CC[C@@]2(CC[C@]3(C)C(=CC[C@@H]4[C@@]5(C)C[C@@H](O)[C@H](O)[C@@](C)(CO)[C@@H]5CC[C@@]34C)[C@@H]2[C@H]1C)C(O)=O, C[C@@H]1CC[C@@]2(CC[C@]3(C)C(=CC[C@@H]4[C@@]5(C)C[C@@H](O)[C@H](O)[C@@](C)(CO)[C@@H]5CC[C@@]34C)[C@@H]2[C@H]1C)C(O)=O",prism_treatment_info
a327c260f,BRD-M98279124-300-01-1,cevimeline,acetylcholine receptor agonist,0.3666160067514565,0.3624479674893629,0.0041680392620936,False,C[C@H]1O[C@]2(CS1)CN1CCC2CC1.C[C@@H]1O[C@@]2(CS1)CN1CCC2CC1,prism_treatment_info
a3357cf2a,BRD-K21160401-065-01-0,dextroamphetamine,monoamine oxidase inhibitor,0.4266499188609815,0.3465877533595834,0.0800621655013981,False,C[C@H](N)Cc1ccccc1,prism_treatment_info
a354df2dc,BRD-A93093700-001-02-9,temazepam,benzodiazepine receptor agonist,0.3592007851687186,0.3448251651968508,0.0143756199718678,False,CN1c2ccc(Cl)cc2C(=NC(O)C1=O)c1ccccc1,prism_treatment_info
a37ffdd7d,BRD-K33483813-001-10-0,actarit,interleukin receptor agonist,0.3349120068738951,0.3233873885702709,0.0115246183036242,False,CC(=O)Nc1ccc(CC(O)=O)cc1,prism_treatment_info
a3939548f,BRD-A78391468-001-02-8,prednisolone-hemisuccinate,glucocorticoid receptor agonist,0.3699380628312518,0.3596502836926365,0.0102877791386153,False,C[C@]12C[C@H](O)C3C(CCC4=CC(=O)C=C[C@]34C)C1CC[C@]2(O)C(=O)COC(=O)CCC(O)=O,prism_treatment_info
a393c6f69,BRD-K96720755-001-02-6,relcovaptan,vasopressin receptor antagonist,0.3801147362521108,0.357841278379531,0.0222734578725797,False,"COc1ccc(cc1OC)S(=O)(=O)N1[C@@H](C(=O)N2CCC[C@H]2C(N)=O)[C@](O)(c2cc(Cl)ccc12)c1ccccc1Cl, COc1ccc(cc1OC)S(=O)(=O)N1[C@@H](C(=O)N2CCC[C@H]2C(N)=O)[C@](O)(c2cc(Cl)ccc12)c1ccccc1Cl",prism_treatment_info
a39ce96c9,BRD-K65877271-001-01-8,halobetasol-propionate,glucocorticoid receptor agonist,0.4884676346925041,0.4526900481557337,0.0357775865367703,False,CCC(=O)O[C@]1([C@@H](C)C[C@H]2[C@@H]3C[C@H](F)C4=CC(=O)C=C[C@]4(C)[C@]3(F)[C@H](O)C[C@]12C)C(=O)CCl,prism_treatment_info
a3bf5eb18,BRD-K06388322-312-02-6,pramipexole,dopamine receptor agonist,0.3210018185949684,0.3056241656837634,0.0153776529112049,False,"CCCN[C@H]1CCc2nc(N)sc2C1, CCCN[C@H]1CCc2nc(N)sc2C1, CCCN[C@H]1CCc2nc(N)sc2C1",prism_treatment_info
a3c658a7e,BRD-A43435802-001-02-0,mercaptosuccinic-acid,,0.3110777957680256,0.2911514309764815,0.0199263647915441,False,"OC(=O)CC(S)C(O)=O, OC(=O)CC(S)C(O)=O",prism_treatment_info
a3ceccb28,BRD-K59184148-001-21-6,SB-216763,glycogen synthase kinase inhibitor,0.2963522847643529,0.2479360423887889,0.0484162423755639,False,"Cn1cc(C2=C(C(=O)NC2=O)c2ccc(Cl)cc2Cl)c2ccccc12, Cn1cc(C2=C(C(=O)NC2=O)c2ccc(Cl)cc2Cl)c2ccccc12",prism_treatment_info
a3d118bcd,BRD-K88560311-011-06-3,rucaparib,PARP inhibitor,0.3007680955429544,0.2904869031564679,0.0102811923864865,False,"CNCc1ccc(cc1)-c1[nH]c2cc(F)cc3C(=O)NCCc1c23, CNCc1ccc(cc1)-c1[nH]c2cc(F)cc3C(=O)NCCc1c23",prism_treatment_info
a3daef582,BRD-K65786282-001-07-5,CGP-7930,GABA receptor modulator,0.3173637661891191,0.296369587552203,0.020994178636916,False,"CC(C)(CO)Cc1cc(c(O)c(c1)C(C)(C)C)C(C)(C)C, CC(C)(CO)Cc1cc(c(O)c(c1)C(C)(C)C)C(C)(C)C",prism_treatment_info
a3e52fcc0,BRD-K56614220-001-19-0,clofazimine,GK0582 inhibitor,0.3639448037614694,0.3472680911378552,0.0166767126236142,False,"CC(C)\N=c1/cc2n(-c3ccc(Cl)cc3)c3ccccc3nc2cc1Nc1ccc(Cl)cc1, CC(C)\N=c1/cc2n(-c3ccc(Cl)cc3)c3ccccc3nc2cc1Nc1ccc(Cl)cc1, CC(C)\N=c1/cc2n(-c3ccc(Cl)cc3)c3ccccc3nc2cc1Nc1ccc(Cl)cc1",prism_treatment_info
a3ee887d9,BRD-K54314721-001-10-2,zolmitriptan,serotonin receptor agonist,0.3262070422570056,0.3010956937410929,0.0251113485159126,False,"CN(C)CCc1c[nH]c2ccc(C[C@H]3COC(=O)N3)cc12, CN(C)CCc1c[nH]c2ccc(C[C@H]3COC(=O)N3)cc12, CN(C)CCc1c[nH]c2ccc(C[C@H]3COC(=O)N3)cc12",prism_treatment_info
a404bf959,BRD-K97399794-001-15-3,quercetin,polar auxin transport inhibitor,0.3310854747292076,0.3236478809733524,0.0074375937558551,False,"Oc1cc(O)c2c(c1)oc(-c1ccc(O)c(O)c1)c(O)c2=O, Oc1cc(O)c2c(c1)oc(-c1ccc(O)c(O)c1)c(O)c2=O, Oc1cc(O)c2c(c1)oc(-c1ccc(O)c(O)c1)c(O)c2=O, Oc1cc(O)c2c(c1)oc(-c1ccc(O)c(O)c1)c(O)c2=O, Oc1cc(O)c2c(c1)oc(-c1ccc(O)c(O)c1)c(O)c2=O",prism_treatment_info
a4272df75,BRD-K24943235-001-01-3,grazoprevir,HCV inhibitor,0.341859871638942,0.3235130685329905,0.0183468031059514,False,"COc1ccc2nc3CCCCC[C@@H]4C[C@H]4OC(=O)N[C@H](C(=O)N4C[C@@H](C[C@H]4C(=O)N[C@@]4(C[C@H]4C=C)C(=O)NS(=O)(=O)C4CC4)Oc3nc2c1)C(C)(C)C, COc1ccc2nc3CCCCC[C@@H]4C[C@H]4OC(=O)N[C@H](C(=O)N4C[C@@H](C[C@H]4C(=O)N[C@@]4(C[C@H]4C=C)C(=O)NS(=O)(=O)C4CC4)Oc3nc2c1)C(C)(C)C",prism_treatment_info
a42acae5f,BRD-K66876909-001-12-6,linezolid,bacterial 50S ribosomal subunit inhibitor,0.3065683261123474,0.3018701476486907,0.0046981784636567,False,"CC(=O)NC[C@H]1CN(C(=O)O1)c1ccc(N2CCOCC2)c(F)c1, CC(=O)NC[C@H]1CN(C(=O)O1)c1ccc(N2CCOCC2)c(F)c1, CC(=O)NC[C@H]1CN(C(=O)O1)c1ccc(N2CCOCC2)c(F)c1",prism_treatment_info
a44e72ca3,BRD-K68997413-001-05-1,PF-3845,FAAH inhibitor,0.344463720951389,0.325839015194207,0.0186247057571819,False,"FC(F)(F)c1ccc(Oc2cccc(CC3CCN(CC3)C(=O)Nc3cccnc3)c2)nc1, FC(F)(F)c1ccc(Oc2cccc(CC3CCN(CC3)C(=O)Nc3cccnc3)c2)nc1",prism_treatment_info
a45333fcf,BRD-A09056319-003-07-7,alfuzosin,adrenergic receptor antagonist,0.3683332297777394,0.3325636546472209,0.0357695751305185,False,"COc1cc2nc(nc(N)c2cc1OC)N(C)CCCNC(=O)C1CCCO1, COc1cc2nc(nc(N)c2cc1OC)N(C)CCCNC(=O)C1CCCO1",prism_treatment_info
a47435fba,BRD-K20548681-001-01-3,SCP-1,analgesic agent,0.4056480349040497,0.3853327681265621,0.0203152667774875,False,Oc1ccc(NC(=O)CN2C(=O)c3ccccc3S2(=O)=O)cc1,prism_treatment_info
a4797398a,BRD-K15766189-001-09-8,cefdinir,bacterial cell wall synthesis inhibitor,0.3460400770499263,0.2895107411992922,0.056529335850634,False,"Nc1nc(cs1)C(=N\O)\C(=O)N[C@H]1[C@H]2SCC(C=C)=C(N2C1=O)C(O)=O, Nc1nc(cs1)C(=N\O)\C(=O)N[C@H]1[C@H]2SCC(C=C)=C(N2C1=O)C(O)=O, Nc1nc(cs1)C(=N\O)\C(=O)N[C@H]1[C@H]2SCC(C=C)=C(N2C1=O)C(O)=O",prism_treatment_info
a48700886,BRD-K13183738-317-10-2,pentamidine,anti-pneumocystis agent,0.3252979393021414,0.3065744378647317,0.0187235014374096,False,"NC(=N)c1ccc(OCCCCCOc2ccc(cc2)C(N)=N)cc1, NC(=N)c1ccc(OCCCCCOc2ccc(cc2)C(N)=N)cc1",prism_treatment_info
a4a6aef68,BRD-K68405354-001-06-4,spaglumic-acid,glutamate receptor antagonist,0.3245637283101594,0.3076348332112974,0.016928895098862,False,"CC(=O)N[C@@H](CC(O)=O)C(=O)N[C@@H](CCC(O)=O)C(O)=O, CC(=O)N[C@@H](CC(O)=O)C(=O)N[C@@H](CCC(O)=O)C(O)=O",prism_treatment_info
a4d1c1cf6,BRD-K64514229-001-05-2,toltrazuril,antiprotozoal agent,0.3291587286930253,0.3161034203426129,0.0130553083504124,False,"Cc1cc(ccc1Oc1ccc(SC(F)(F)F)cc1)-n1c(=O)[nH]c(=O)n(C)c1=O, Cc1cc(ccc1Oc1ccc(SC(F)(F)F)cc1)-n1c(=O)[nH]c(=O)n(C)c1=O",prism_treatment_info
a4e7d9c48,BRD-K54997624-001-06-0,alpelisib,PI3K inhibitor,0.5684038630470863,0.5323407381751686,0.0360631248719177,True,Cc1nc(NC(=O)N2CCC[C@H]2C(N)=O)sc1-c1ccnc(c1)C(C)(C)C(F)(F)F,prism_treatment_info
a4f9f5bec,BRD-K41160163-001-06-8,fenobam,glutamate receptor antagonist,0.348333663992292,0.2659247394280699,0.0824089245642221,False,"CN1CC(=O)N=C1NC(=O)Nc1cccc(Cl)c1, CN1CC(=O)N=C1NC(=O)Nc1cccc(Cl)c1",prism_treatment_info
a4fde711c,BRD-K37249724-001-25-7,astemizole,histamine receptor antagonist,0.3445514934404066,0.3328885324312618,0.0116629610091448,False,"COc1ccc(CCN2CCC(CC2)Nc2nc3ccccc3n2Cc2ccc(F)cc2)cc1, COc1ccc(CCN2CCC(CC2)Nc2nc3ccccc3n2Cc2ccc(F)cc2)cc1, COc1ccc(CCN2CCC(CC2)Nc2nc3ccccc3n2Cc2ccc(F)cc2)cc1",prism_treatment_info
a50459702,BRD-M29936662-001-02-0,cis-ACPD,glutamate receptor agonist,0.3641123806599881,0.359382260582079,0.004730120077909,False,N[C@]1(CC[C@@H](C1)C(O)=O)C(O)=O.N[C@@]1(CC[C@H](C1)C(O)=O)C(O)=O,prism_treatment_info
a504820a4,BRD-K84986517-001-01-8,darunavir,HIV protease inhibitor,0.3355373278450234,0.3351169741889049,0.0004203536561184,False,CC(C)CN(C[C@@H](O)[C@H](Cc1ccccc1)NC(=O)O[C@H]1CO[C@H]2OCC[C@@H]12)S(=O)(=O)c1ccc(N)cc1,prism_treatment_info
a50b64b31,BRD-K51911221-001-01-2,nemorubicin,topoisomerase inhibitor,0.3548726440012683,0.3395871601495946,0.0152854838516736,False,CO[C@@H]1CN(CCO1)[C@H]1C[C@H](O[C@H]2C[C@@](O)(Cc3c(O)c4C(=O)c5cccc(OC)c5C(=O)c4c(O)c23)C(=O)CO)O[C@@H](C)[C@H]1O,prism_treatment_info
a5230817b,BRD-K62326629-001-19-0,dichlorophen,anticestodal agent,0.3199302433576219,0.3196073553666086,0.0003228879910132,False,"Oc1ccc(Cl)cc1Cc1cc(Cl)ccc1O, Oc1ccc(Cl)cc1Cc1cc(Cl)ccc1O",prism_treatment_info
a551574a7,BRD-K68770713-001-01-8,azosemide,electrolyte reabsorption inhibitor,0.2917278306831386,0.267116282222273,0.0246115484608655,False,NS(=O)(=O)c1cc(-c2nnn[nH]2)c(NCc2cccs2)cc1Cl,prism_treatment_info
a56d0962a,BRD-K99545815-001-06-3,PF-562271,focal adhesion kinase inhibitor,0.4858612376791924,0.4738544361472505,0.0120068015319419,False,"CN(c1ncccc1CNc1nc(Nc2ccc3NC(=O)Cc3c2)ncc1C(F)(F)F)S(C)(=O)=O, CN(c1ncccc1CNc1nc(Nc2ccc3NC(=O)Cc3c2)ncc1C(F)(F)F)S(C)(=O)=O, CN(c1ncccc1CNc1nc(Nc2ccc3NC(=O)Cc3c2)ncc1C(F)(F)F)S(C)(=O)=O, CN(c1ncccc1CNc1nc(Nc2ccc3NC(=O)Cc3c2)ncc1C(F)(F)F)S(C)(=O)=O",prism_treatment_info
a572d85d8,BRD-K95412502-003-01-5,istaroxime,ATPase inhibitor,0.3187376506450926,0.3141389686669483,0.0045986819781442,False,C[C@]12CC[C@H]3[C@@H](CC(=O)[C@H]4C\C(CC[C@]34C)=N\OCCN)[C@@H]1CCC2=O,prism_treatment_info
a59c4d5d6,BRD-K95053546-001-01-9,tempol,free radical scavenger,0.4750755676328483,0.460276581537,0.0147989860958483,False,"CC1(C)CC(O)CC(C)(C)N1O, CC1(C)CC(O)CC(C)(C)N1O, CC1(C)CC(O)CC(C)(C)N1O",prism_treatment_info
a5a285e3f,BRD-A95121829-001-08-9,ginkgolide-a,GABA receptor antagonist,0.3719852983858573,0.3477311197014746,0.0242541786843826,False,C[C@@H]1C(=O)O[C@H]2CC34[C@H]5C[C@@H](C(C)(C)C)[C@@]33[C@@H](O)C(=O)O[C@H]3O[C@@]4(C(=O)O5)[C@@]12O,prism_treatment_info
a5c69912f,BRD-K97884852-001-05-4,malotilate,protein synthesis stimulant,0.3449388821279699,0.3345515314741809,0.010387350653789,False,CC(C)OC(=O)C(C(=O)OC(C)C)=C1SC=CS1,prism_treatment_info
a5e36fe89,BRD-K57291914-003-09-4,moroxydine,antiviral,0.3545158214809096,0.3263138420487336,0.028201979432176,False,"NC(=N)NC(=N)N1CCOCC1, NC(=N)NC(=N)N1CCOCC1",prism_treatment_info
a5e5002ef,BRD-K23952234-236-01-8,BMS-986020,lysophosphatidic acid receptor antagonist,0.3370460874365413,0.3248692013761673,0.012176886060374,False,"C[C@@H](OC(=O)Nc1c(C)noc1-c1ccc(cc1)-c1ccc(CC(O)=O)cc1)c1ccccc1, C[C@@H](OC(=O)Nc1c(C)noc1-c1ccc(cc1)-c1ccc(CC(O)=O)cc1)c1ccccc1, C[C@@H](OC(=O)Nc1c(C)noc1-c1ccc(cc1)-c1ccc(CC(O)=O)cc1)c1ccccc1",prism_treatment_info
a61df3fa9,BRD-K37270826-001-31-8,mifepristone,"glucocorticoid receptor antagonist, progesterone receptor antagonist",0.3648004161099957,0.3100869752824221,0.0547134408275736,False,"CC#C[C@]1(O)CC[C@H]2[C@@H]3CCC4=CC(=O)CCC4=C3[C@H](C[C@]12C)c1ccc(cc1)N(C)C, CC#C[C@]1(O)CC[C@H]2[C@@H]3CCC4=CC(=O)CCC4=C3[C@H](C[C@]12C)c1ccc(cc1)N(C)C, CC#C[C@]1(O)CC[C@H]2[C@@H]3CCC4=CC(=O)CCC4=C3[C@H](C[C@]12C)c1ccc(cc1)N(C)C, CC#C[C@]1(O)CC[C@H]2[C@@H]3CCC4=CC(=O)CCC4=C3[C@H](C[C@]12C)c1ccc(cc1)N(C)C, CC#C[C@]1(O)CC[C@H]2[C@@H]3CCC4=CC(=O)CCC4=C3[C@H](C[C@]12C)c1ccc(cc1)N(C)C",prism_treatment_info
a6334fda8,BRD-K86799112-001-02-0,5-HMF,,0.3314808522635728,0.3113919707540277,0.020088881509545,False,"OCc1ccc(C=O)o1, OCc1ccc(C=O)o1, OCc1ccc(C=O)o1",prism_treatment_info
a65dce982,BRD-K92116564-001-01-4,isoxepac,anti-inflammatory agent,0.3505584311121485,0.3391094079427683,0.0114490231693802,False,OC(=O)Cc1ccc2OCc3ccccc3C(=O)c2c1,prism_treatment_info
a679b6ae7,BRD-A47342814-003-01-8,naltrindole,opioid receptor antagonist,0.3421605733332086,0.3049083842468927,0.0372521890863158,False,"Oc1ccc2CC3N(CC4CC4)CC[C@@]45[C@@H](Oc1c24)c1[nH]c2ccccc2c1C[C@@]35O, Oc1ccc2CC3N(CC4CC4)CC[C@@]45[C@@H](Oc1c24)c1[nH]c2ccccc2c1C[C@@]35O",prism_treatment_info
a67f38a69,BRD-K29542628-001-03-9,1-naphthyl-PP1,src inhibitor,0.3857045071598867,0.3639410042585934,0.0217635029012932,False,"CC(C)(C)n1nc(-c2cccc3ccccc23)c2c(N)ncnc12, CC(C)(C)n1nc(-c2cccc3ccccc23)c2c(N)ncnc12",prism_treatment_info
a68423cff,BRD-K51486818-003-02-8,lazabemide,monoamine oxidase inhibitor,0.3350996438236869,0.3331746005551706,0.0019250432685162,False,"NCCNC(=O)c1ccc(Cl)cn1, NCCNC(=O)c1ccc(Cl)cn1",prism_treatment_info
a6854318d,BRD-K05658747-001-02-9,raltegravir,HIV integrase inhibitor,0.3400288892801908,0.30163752663598,0.0383913626442107,False,"Cc1nnc(o1)C(=O)NC(C)(C)c1nc(C(=O)NCc2ccc(F)cc2)c(O)c(=O)n1C, Cc1nnc(o1)C(=O)NC(C)(C)c1nc(C(=O)NCc2ccc(F)cc2)c(O)c(=O)n1C",prism_treatment_info
a6a3946ba,BRD-K30550578-001-01-3,PF-04620110,diacylglycerol O acyltransferase inhibitor,0.3108320416184795,0.2708167780799209,0.0400152635385586,False,Nc1ncnc2OCCN(c3ccc(cc3)[C@H]3CC[C@H](CC(O)=O)CC3)C(=O)c12,prism_treatment_info
a6a75feea,BRD-K06388322-312-02-6,pramipexole,dopamine receptor agonist,0.298000079023178,0.2792923006294066,0.0187077783937713,False,"CCCN[C@H]1CCc2nc(N)sc2C1, CCCN[C@H]1CCc2nc(N)sc2C1, CCCN[C@H]1CCc2nc(N)sc2C1",prism_treatment_info
a6c49d7e9,BRD-K79425933-001-09-3,benperidol,dopamine receptor antagonist,0.3785299774675967,0.3509354297721203,0.0275945476954764,False,Fc1ccc(cc1)C(=O)CCCN1CCC(CC1)n1c2ccccc2[nH]c1=O,prism_treatment_info
a6e8b2e70,BRD-K18850819-001-04-6,MK-0752,gamma secretase inhibitor,0.4141818212982227,0.3315318767230319,0.0826499445751907,False,OC(=O)CC[C@H]1CC[C@@](CC1)(c1cc(F)ccc1F)S(=O)(=O)c1ccc(Cl)cc1,prism_treatment_info
a6fda79c9,BRD-K68395654-001-03-1,EVP4593,NFkB pathway inhibitor,0.4058376532640533,0.360225905904268,0.0456117473597852,False,"Nc1ccc2ncnc(NCCc3ccc(Oc4ccccc4)cc3)c2c1, Nc1ccc2ncnc(NCCc3ccc(Oc4ccccc4)cc3)c2c1, Nc1ccc2ncnc(NCCc3ccc(Oc4ccccc4)cc3)c2c1",prism_treatment_info
a704ab5d5,BRD-K95053546-001-01-9,tempol,free radical scavenger,0.4742300710693618,0.4671923299304186,0.0070377411389431,False,"CC1(C)CC(O)CC(C)(C)N1O, CC1(C)CC(O)CC(C)(C)N1O, CC1(C)CC(O)CC(C)(C)N1O",prism_treatment_info
a73140a7b,BRD-A83802939-304-04-2,dexamethasone-sodium-phosphate,glucocorticoid receptor agonist,0.4801766908619726,0.4720758373972991,0.0081008534646734,False,"C[C@H]1CC2C3CCC4=CC(=O)C=C[C@]4(C)[C@@]3(F)[C@@H](O)C[C@]2(C)[C@@]1(O)C(=O)COP(O)(O)=O, C[C@@H]1CC2C3CCC4=CC(=O)C=C[C@]4(C)[C@@]3(F)[C@@H](O)C[C@]2(C)[C@@]1(O)C(=O)COP(O)(O)=O",prism_treatment_info
a7389b644,BRD-A14344385-001-03-2,IDRA-21,glutamate receptor positive allosteric modulator,0.5163635350384741,0.4816751675197568,0.0346883675187172,True,"CC1Nc2ccc(Cl)cc2S(=O)(=O)N1, CC1Nc2ccc(Cl)cc2S(=O)(=O)N1",prism_treatment_info
a74cfd885,BRD-K68132782-003-13-8,terbinafine,fungal squalene epoxidase inhibitor,0.3342336650452165,0.314655609899517,0.0195780551456994,False,"CN(C\C=C\C#CC(C)(C)C)Cc1cccc2ccccc12, CN(C\C=C\C#CC(C)(C)C)Cc1cccc2ccccc12, CN(C\C=C\C#CC(C)(C)C)Cc1cccc2ccccc12",prism_treatment_info
a7533d956,BRD-K06858286-001-01-3,cabazitaxel,microtubule inhibitor,0.5338421906511566,0.5171064692193699,0.0167357214317867,True,CO[C@@H]1C[C@H]2OC[C@@]2(OC(C)=O)[C@H]2[C@@H](OC(=O)c3ccccc3)[C@@]3(O)C[C@H](OC(=O)[C@H](O)[C@@H](NC(=O)OC(C)(C)C)c4ccccc4)C(C)=C([C@@H](OC)C(=O)[C@]12C)C3(C)C,prism_treatment_info
a7561b089,BRD-K08287586-001-14-3,butyl-paraben,DNA synthesis inhibitor,0.4066173633545962,0.3631128263140579,0.0435045370405383,False,CCCCOC(=O)c1ccc(O)cc1,prism_treatment_info
a775159c0,BRD-K28936863-051-33-0,ketotifen,"histamine receptor agonist, leukotriene receptor antagonist, phosphodiesterase inhibitor",0.4190482788553029,0.3610100970016389,0.0580381818536639,False,"CN1CCC(CC1)=C1c2ccsc2C(=O)Cc2ccccc12, CN1CCC(CC1)=C1c2ccsc2C(=O)Cc2ccccc12, CN1CCC(CC1)=C1c2ccsc2C(=O)Cc2ccccc12",prism_treatment_info
a7abe00bf,BRD-K33882852-003-02-8,ZK-93423,benzodiazepine receptor agonist,0.2741628046647891,0.26218394782865,0.011978856836139,False,"CCOC(=O)c1ncc2[nH]c3ccc(OCc4ccccc4)cc3c2c1COC, CCOC(=O)c1ncc2[nH]c3ccc(OCc4ccccc4)cc3c2c1COC",prism_treatment_info
a7b3e608d,BRD-A32597168-001-03-6,letosteine,mucolytic agent,0.3572735732309646,0.3220531646838367,0.0352204085471278,False,CCOC(=O)CSCCC1NC(CS1)C(O)=O,prism_treatment_info
a7c2673c1,BRD-K31866293-001-01-6,TAK-632,RAF inhibitor,0.4645618348862115,0.42369059172239,0.0408712431638215,False,Fc1ccc(Oc2ccc3nc(NC(=O)C4CC4)sc3c2C#N)cc1NC(=O)Cc1cccc(c1)C(F)(F)F,prism_treatment_info
a7c5f52df,BRD-A34751532-001-06-9,homosalate,HSP inducer,0.420193761173089,0.2891393970585167,0.1310543641145723,False,CC1CC(CC(C)(C)C1)OC(=O)c1ccccc1O,prism_treatment_info
a82072ffe,BRD-K97799481-230-01-7,aminophylline,adenosine receptor antagonist,0.4167428507842865,0.3762487492954905,0.0404941014887959,False,"Cn1c2nc[nH]c2c(=O)n(C)c1=O, Cn1c2nc[nH]c2c(=O)n(C)c1=O",prism_treatment_info
a8338aab4,BRD-K91822704-003-07-2,torcitabine,DNA polymerase inhibitor,0.3346052929915334,0.2844449686116775,0.0501603243798558,False,Nc1ccn([C@H]2C[C@H](O)[C@@H](CO)O2)c(=O)n1,prism_treatment_info
a8498721f,BRD-K56957086-001-06-3,dacinostat,HDAC inhibitor,0.4363472475322039,0.4233834781793584,0.0129637693528455,False,"OCCN(CCc1c[nH]c2ccccc12)Cc1ccc(\C=C\C(=O)NO)cc1, OCCN(CCc1c[nH]c2ccccc12)Cc1ccc(\C=C\C(=O)NO)cc1",prism_treatment_info
a85e24e2e,BRD-K25412176-001-01-9,GSK2110183,AKT inhibitor,0.4905244374218958,0.4803725583080284,0.0101518791138673,False,Cn1ncc(Cl)c1-c1cc(sc1Cl)C(=O)N[C@H](CN)Cc1cccc(F)c1,prism_treatment_info
a85e8ffe9,BRD-K35952844-238-01-2,calcium-gluceptate,,0.349590329738108,0.3148457069435515,0.0347446227945565,False,"OC[C@@H](O)[C@@H](O)[C@H](O)[C@@H](O)[C@@H](O)C(O)=O, OC[C@@H](O)[C@@H](O)[C@H](O)[C@@H](O)[C@@H](O)C(O)=O",prism_treatment_info
a87d92c8b,BRD-K42221274-003-07-7,NNC-711,GABA uptake inhibitor,0.2935140925174408,0.2739142788763641,0.0195998136410767,False,"OC(=O)C1=CCCN(CCON=C(c2ccccc2)c2ccccc2)C1, OC(=O)C1=CCCN(CCON=C(c2ccccc2)c2ccccc2)C1",prism_treatment_info
a8866b858,BRD-K89048337-001-06-9,puerarin,serotonin receptor antagonist,0.3015808203132694,0.2977152201344944,0.0038656001787749,False,OC[C@H]1O[C@H]([C@H](O)[C@@H](O)[C@@H]1O)c1c(O)ccc2c1occ(-c1ccc(O)cc1)c2=O,prism_treatment_info
a88c74ce5,BRD-A14344385-001-03-2,IDRA-21,glutamate receptor positive allosteric modulator,0.4798368770132853,0.4620688117074856,0.0177680653057997,False,"CC1Nc2ccc(Cl)cc2S(=O)(=O)N1, CC1Nc2ccc(Cl)cc2S(=O)(=O)N1",prism_treatment_info
a8b665a89,BRD-K13474508-001-01-2,"L-655,708",GABA receptor inverse agonist,0.3829649715144,0.3441817375041411,0.0387832340102589,False,"CCOC(=O)c1ncn-2c1[C@@H]1CCCN1C(=O)c1cc(OC)ccc-21, CCOC(=O)c1ncn-2c1[C@@H]1CCCN1C(=O)c1cc(OC)ccc-21",prism_treatment_info
a8bab2657,BRD-K61443650-236-13-1,thiomersal,other antibiotic,0.4853583292322067,0.4131524745447931,0.0722058546874135,False,CC[Hg]Sc1ccccc1C(O)=O,prism_treatment_info
a8e1ede40,BRD-A39052811-048-11-0,mosapride,serotonin receptor agonist,0.3339131433326468,0.3317887274931704,0.0021244158394764,False,"CCOc1cc(N)c(Cl)cc1C(=O)NCC1CN(Cc2ccc(F)cc2)CCO1, CCOc1cc(N)c(Cl)cc1C(=O)NCC1CN(Cc2ccc(F)cc2)CCO1",prism_treatment_info
a8ec8311e,BRD-K93231391-300-05-6,ethambutol,bacterial cell wall synthesis inhibitor,0.3222972884107861,0.3176608265179954,0.0046364618927907,False,"CC[C@@H](CO)NCCN[C@@H](CC)CO, CC[C@@H](CO)NCCN[C@@H](CC)CO",prism_treatment_info
a90e40334,BRD-K64157027-003-02-7,ZD-2079,adrenergic receptor agonist,0.3657922662793646,0.3556869025595654,0.0101053637197991,False,O[C@@H](CNCCOc1ccc(CC(O)=O)cc1)c1ccccc1,prism_treatment_info
a90ee8ca7,BRD-K26667523-001-02-5,TAK-733,MEK inhibitor,0.4889381361360297,0.4664944842217653,0.0224436519142643,False,"Cn1c2ncn(C[C@@H](O)CO)c(=O)c2c(Nc2ccc(I)cc2F)c(F)c1=O, Cn1c2ncn(C[C@@H](O)CO)c(=O)c2c(Nc2ccc(I)cc2F)c(F)c1=O",prism_treatment_info
a91b3dc1e,BRD-K41337261-001-03-0,ZM-306416,"Abl kinase inhibitor, src inhibitor, VEGFR inhibitor",0.4003311311251777,0.3833153949933999,0.0170157361317778,False,"COc1cc2ncnc(Nc3ccc(Cl)cc3F)c2cc1OC, COc1cc2ncnc(Nc3ccc(Cl)cc3F)c2cc1OC",prism_treatment_info
a94b73995,BRD-K98572433-001-02-9,AZD8931,EGFR inhibitor,0.5775940777797238,0.5740047849558955,0.0035892928238283,True,CNC(=O)CN1CCC(CC1)Oc1cc2c(Nc3cccc(Cl)c3F)ncnc2cc1OC,prism_treatment_info
a95ca4f7d,BRD-A04322457-003-17-9,isoprenaline,adrenergic receptor agonist,0.3269677096834187,0.3236154883911226,0.003352221292296,False,"CC(C)NCC(O)c1ccc(O)c(O)c1, CC(C)NCC(O)c1ccc(O)c(O)c1, CC(C)NCC(O)c1ccc(O)c(O)c1, CC(C)NCC(O)c1ccc(O)c(O)c1",prism_treatment_info
a993c9d8e,BRD-A14240607-003-26-1,octopamine,trace amine associated receptor agonist,0.3813676637008239,0.2841670627543436,0.0972006009464802,False,"NCC(O)c1ccc(O)cc1, NCC(O)c1ccc(O)cc1, NCC(O)c1ccc(O)cc1, NCC(O)c1ccc(O)cc1",prism_treatment_info
a994d4d9b,BRD-K02594908-001-16-4,sulfanilamide,carbonic anhydrase inhibitor,0.3197486870480361,0.2969851345229305,0.0227635525251056,False,"Nc1ccc(cc1)S(N)(=O)=O, Nc1ccc(cc1)S(N)(=O)=O",prism_treatment_info
a99e370a4,BRD-K72462751-001-02-7,C-1,protein kinase inhibitor,0.3443597844786804,0.3113863539260424,0.0329734305526379,False,"O=S(=O)(N1CCNCC1)c1cccc2cnccc12, O=S(=O)(N1CCNCC1)c1cccc2cnccc12",prism_treatment_info
a9a5bbe24,BRD-K37111771-300-02-6,trientine,chelating agent,0.3288375637391723,0.2892247073920218,0.0396128563471505,False,NCCNCCNCCN,prism_treatment_info
a9ac20ce4,BRD-A91822151-001-05-0,picrotin,GABA receptor antagonist,0.2999300360201374,0.2977876922658738,0.0021423437542635,False,CC(C)(O)C1C2OC(=O)C1C1(O)CC3OC33C(=O)OC2C13C,prism_treatment_info
a9b96bdd4,BRD-A74391928-051-01-3,ibutilide,potassium channel blocker,0.3528055386663253,0.3352882595255816,0.0175172791407436,False,"CCCCCCCN(CC)CCCC(O)c1ccc(NS(C)(=O)=O)cc1, CCCCCCCN(CC)CCCC(O)c1ccc(NS(C)(=O)=O)cc1, CCCCCCCN(CC)CCCC(O)c1ccc(NS(C)(=O)=O)cc1",prism_treatment_info
a9bc2c549,BRD-K19388745-003-01-7,colforsin-daproate,adenylyl cyclase activator,0.3033112628706136,0.2807587594384426,0.022552503432171,False,CN(C)CCC(=O)O[C@@H]1[C@H](OC(C)=O)[C@@]2(C)O[C@](C)(CC(=O)[C@]2(O)[C@@]2(C)[C@@H](O)CCC(C)(C)[C@H]12)C=C,prism_treatment_info
a9d14dd13,BRD-A43435802-001-02-0,mercaptosuccinic-acid,,0.3116895544839989,0.3060140233218848,0.0056755311621141,False,"OC(=O)CC(S)C(O)=O, OC(=O)CC(S)C(O)=O",prism_treatment_info
a9dc13239,BRD-K17849083-001-31-1,tranilast,angiogenesis inhibitor,0.3822624459092926,0.3735585646632315,0.008703881246061,False,"COc1ccc(\C=C\C(=O)Nc2ccccc2C(O)=O)cc1OC, COc1ccc(\C=C\C(=O)Nc2ccccc2C(O)=O)cc1OC, COc1ccc(\C=C\C(=O)Nc2ccccc2C(O)=O)cc1OC, COc1ccc(\C=C\C(=O)Nc2ccccc2C(O)=O)cc1OC, COc1ccc(\C=C\C(=O)Nc2ccccc2C(O)=O)cc1OC",prism_treatment_info
a9f09ee64,BRD-K70511574-001-06-9,HMN-214,PLK inhibitor,0.3923534327315327,0.3763214087807536,0.016032023950779,False,COc1ccc(cc1)S(=O)(=O)N(C(C)=O)c1ccccc1\C=C\c1cc[n+]([O-])cc1,prism_treatment_info
aa29a93b4,BRD-K33732501-004-01-0,methylnaltrexone,opioid receptor antagonist,0.3171308492941188,0.289036674511469,0.0280941747826498,False,C[N@@+]1(CC2CC2)CC[C@@]23[C@H]4Oc5c2c(C[C@@H]1[C@@]3(O)CCC4=O)ccc5O,prism_treatment_info
aa545b534,BRD-K11756522-001-09-9,furazolidone,bacterial DNA inhibitor,0.3339354194255607,0.3236790376564475,0.0102563817691131,False,[O-][N+](=O)c1ccc(\C=N\N2CCOC2=O)o1,prism_treatment_info
aa5999e70,BRD-K93611241-001-02-2,diacetamate,,0.3142756846367553,0.289865078928948,0.0244106057078073,False,CC(=O)Nc1ccc(OC(C)=O)cc1,prism_treatment_info
aa7888a9c,BRD-A95696066-003-13-8,nisoxetine,norepinephrine reuptake inhibitor,0.3208128268141222,0.2807419588949723,0.0400708679191499,False,CNCCC(Oc1ccccc1OC)c1ccccc1,prism_treatment_info
aa7b9f4cc,BRD-K68620903-001-11-4,dydrogesterone,progesterone receptor agonist,0.36351177794467,0.3125859857780474,0.0509257921666225,False,"CC(=O)[C@H]1CC[C@H]2[C@@H]3C=CC4=CC(=O)CC[C@@]4(C)[C@@H]3CC[C@]12C, CC(=O)[C@H]1CC[C@H]2[C@@H]3C=CC4=CC(=O)CC[C@@]4(C)[C@@H]3CC[C@]12C, CC(=O)[C@H]1CC[C@H]2[C@@H]3C=CC4=CC(=O)CC[C@@]4(C)[C@@H]3CC[C@]12C",prism_treatment_info
aa8c877e3,BRD-A39052811-048-11-0,mosapride,serotonin receptor agonist,0.33310085653096,0.3201475350473289,0.0129533214836311,False,"CCOc1cc(N)c(Cl)cc1C(=O)NCC1CN(Cc2ccc(F)cc2)CCO1, CCOc1cc(N)c(Cl)cc1C(=O)NCC1CN(Cc2ccc(F)cc2)CCO1",prism_treatment_info
aaf5e7891,BRD-K65877271-001-01-8,halobetasol-propionate,glucocorticoid receptor agonist,0.5201274698587549,0.4533616287016341,0.0667658411571208,True,CCC(=O)O[C@]1([C@@H](C)C[C@H]2[C@@H]3C[C@H](F)C4=CC(=O)C=C[C@]4(C)[C@]3(F)[C@H](O)C[C@]12C)C(=O)CCl,prism_treatment_info
ab15a41c0,BRD-K14109347-001-03-4,LY2603618,CHK inhibitor,0.3184662982550456,0.2936386953080481,0.0248276029469974,False,"Cc1cnc(NC(=O)Nc2cc(Br)c(C)cc2OC[C@@H]2CNCCO2)cn1, Cc1cnc(NC(=O)Nc2cc(Br)c(C)cc2OC[C@@H]2CNCCO2)cn1",prism_treatment_info
ab265c296,BRD-A14344385-001-03-2,IDRA-21,glutamate receptor positive allosteric modulator,0.3789926281247596,0.368122993625519,0.0108696344992406,False,"CC1Nc2ccc(Cl)cc2S(=O)(=O)N1, CC1Nc2ccc(Cl)cc2S(=O)(=O)N1",prism_treatment_info
ab2e02e76,BRD-K79612754-001-21-7,inosine,neurotrophic agent,0.3223240289380413,0.2856428976104335,0.0366811313276078,False,"OC[C@H]1O[C@H]([C@H](O)[C@@H]1O)n1cnc2c(O)ncnc12, OC[C@H]1O[C@H]([C@H](O)[C@@H]1O)n1cnc2c(O)ncnc12, OC[C@H]1O[C@H]([C@H](O)[C@@H]1O)n1cnc2c(O)ncnc12",prism_treatment_info
ab39b39cb,BRD-K97101532-001-02-8,tezacaftor,CFTR channel agonist,0.327586463604904,0.3221907511634253,0.0053957124414786,False,CC(C)(CO)c1cc2cc(NC(=O)C3(CC3)c3ccc4OC(F)(F)Oc4c3)c(F)cc2n1C[C@@H](O)CO,prism_treatment_info
ab3ec4d85,BRD-K35034482-001-01-8,bunazosin,adrenergic receptor antagonist,0.402490008598976,0.3494475707987816,0.0530424378001944,False,CCCC(=O)N1CCCN(CC1)c1nc(N)c2cc(OC)c(OC)cc2n1,prism_treatment_info
ab3f5b53b,BRD-A93236127-001-04-5,digitoxin,ATPase inhibitor,0.3089118716867269,0.2890829435241739,0.0198289281625529,False,C[C@H]1O[C@H](C[C@H](O)[C@@H]1O)O[C@H]1[C@@H](O)C[C@H](O[C@H]2[C@@H](O)C[C@H](O[C@H]3CC[C@@]4(C)[C@H](CCC5C4CC[C@]4(C)[C@H](CC[C@]54O)C4=CC(=O)OC4)C3)O[C@@H]2C)O[C@@H]1C,prism_treatment_info
ab416e5b9,BRD-K96299080-001-02-7,neohesperidin,,0.419009145716373,0.3515511934672937,0.0674579522490792,False,COc1cc(O)cc(c1)[C@@H]1CC(=O)c2c(O)cc(O[C@@H]3O[C@H](CO)[C@@H](O)[C@H](O)[C@H]3O[C@@H]3O[C@@H](C)[C@H](O)[C@@H](O)[C@H]3O)cc2O1,prism_treatment_info
ab50adc64,BRD-K92968657-001-01-6,tirapazamine,DNA inhibitor,0.388771748494846,0.3283645796265904,0.0604071688682556,False,"Nc1n[n+]([O-])c2ccccc2[n+]1[O-], Nc1n[n+]([O-])c2ccccc2[n+]1[O-]",prism_treatment_info
ab5979bc0,BRD-A63780829-001-11-4,hyperin,aldose reductase inhibitor,0.3992622840360082,0.3530897903478505,0.0461724936881576,False,OCC1OC(Oc2c(oc3cc(O)cc(O)c3c2=O)-c2ccc(O)c(O)c2)C(O)C(O)C1O,prism_treatment_info
ab6e8a3f1,BRD-K53097745-001-01-5,pterostilbene,"cyclooxygenase inhibitor, PPAR receptor agonist",0.3416233996528421,0.2931302668061533,0.0484931328466888,False,COc1cc(OC)cc(C=Cc2ccc(O)cc2)c1,prism_treatment_info
ab97699fb,BRD-A64227845-004-09-3,SKF-77434,dopamine receptor agonist,0.3500115417533006,0.3490536425092395,0.000957899244061,False,Oc1cc2CCN(CC=C)CC(c3ccccc3)c2cc1O,prism_treatment_info
abbe5bb77,BRD-A22143024-231-03-8,estropipate,estrogen receptor agonist,0.3047410363460333,0.3042205814831926,0.0005204548628407,False,C[C@]12CCC3C(CCc4cc(OS(O)(=O)=O)ccc34)C1CCC2=O,prism_treatment_info
abe3d3a3f,BRD-K02241333-001-02-7,CHIR-124,CHK inhibitor,0.342104953319056,0.3077860628827515,0.0343188904363044,False,Clc1ccc2[nH]c(=O)c(-c3nc4ccccc4[nH]3)c(N[C@@H]3CN4CCC3CC4)c2c1,prism_treatment_info
abe5d0dcc,BRD-K55013654-003-02-3,lorcaserin,serotonin receptor agonist,0.3751318297794979,0.3511279942531002,0.0240038355263977,False,C[C@H]1CNCCc2ccc(Cl)cc12,prism_treatment_info
abec24ea6,BRD-K15045219-001-01-8,salazodine,,0.351192669840458,0.3207438933051894,0.0304487765352685,False,COc1ccc(NS(=O)(=O)c2ccc(cc2)N=Nc2ccc(O)c(c2)C(O)=O)nn1,prism_treatment_info
ac1a855c8,BRD-K84683831-001-01-0,radezolid,"bacterial 30S ribosomal subunit inhibitor, bacterial 50S ribosomal subunit inhibitor",0.5202031326472955,0.5136195318168832,0.0065836008304122,True,CC(=O)NC[C@H]1CN(C(=O)O1)c1ccc(c(F)c1)-c1ccc(CNCc2cnn[nH]2)cc1,prism_treatment_info
ac2e68607,BRD-K92723993-001-06-7,imatinib,"Bcr-Abl kinase inhibitor, KIT inhibitor, PDGFR tyrosine kinase receptor inhibitor",0.6069252034749592,0.5557495694133194,0.0511756340616397,True,"CN1CCN(Cc2ccc(cc2)C(=O)Nc2ccc(C)c(Nc3nccc(n3)-c3cccnc3)c2)CC1, CN1CCN(Cc2ccc(cc2)C(=O)Nc2ccc(C)c(Nc3nccc(n3)-c3cccnc3)c2)CC1, CN1CCN(Cc2ccc(cc2)C(=O)Nc2ccc(C)c(Nc3nccc(n3)-c3cccnc3)c2)CC1",prism_treatment_info
ac304c699,BRD-K34469523-003-03-0,levalbuterol,adrenergic receptor agonist,0.4694592199801052,0.4317874284258694,0.0376717915542358,False,CC(C)(C)NC[C@H](O)c1ccc(O)c(CO)c1,prism_treatment_info
ac39ed33f,BRD-A14240607-003-26-1,octopamine,trace amine associated receptor agonist,0.349555314890202,0.3197960947038807,0.0297592201863212,False,"NCC(O)c1ccc(O)cc1, NCC(O)c1ccc(O)cc1, NCC(O)c1ccc(O)cc1, NCC(O)c1ccc(O)cc1",prism_treatment_info
ac4d7be36,BRD-K13050541-001-01-9,acivicin,gamma glutamyltransferase Inhibitors,0.3621471879949798,0.3105080302206227,0.0516391577743571,False,N[C@H]([C@@H]1CC(Cl)=NO1)C(O)=O,prism_treatment_info
ac6230f28,BRD-K37289225-001-36-4,clozapine,"dopamine receptor antagonist, serotonin receptor antagonist",0.3325436163874512,0.2951220026628586,0.0374216137245925,False,"CN1CCN(CC1)C1=Nc2cc(Cl)ccc2Nc2ccccc12, CN1CCN(CC1)C1=Nc2cc(Cl)ccc2Nc2ccccc12, CN1CCN(CC1)C1=Nc2cc(Cl)ccc2Nc2ccccc12, CN1CCN(CC1)C1=Nc2cc(Cl)ccc2Nc2ccccc12",prism_treatment_info
ac7586e48,BRD-K83459933-001-05-4,sinomenine,angiogenesis inhibitor,0.3701135595243011,0.3605694473756634,0.0095441121486377,False,COC1=C[C@@H]2[C@@H]3Cc4ccc(OC)c(O)c4[C@]2(CCN3C)CC1=O,prism_treatment_info
ac7ea7c77,BRD-K03095347-001-06-1,levosimendan,calcium sensitizer,0.4315476381772156,0.3205784117177551,0.1109692264594605,False,"C[C@@H]1CC(=O)NN=C1c1ccc(NN=C(C#N)C#N)cc1, C[C@@H]1CC(=O)NN=C1c1ccc(NN=C(C#N)C#N)cc1",prism_treatment_info
acccb8d39,BRD-K83036479-001-09-2,salicylanilide,other antibiotic,0.3291327103868806,0.323900972281715,0.0052317381051655,False,"Oc1ccccc1C(=O)Nc1ccccc1, Oc1ccccc1C(=O)Nc1ccccc1",prism_treatment_info
ace16ad9c,BRD-A05457250-001-08-4,BAY-K-8644-(+/-),L-type calcium channel activator,0.3248145413754624,0.3124679215600671,0.0123466198153953,False,COC(=O)C1=C(C)NC(C)=C(C1c1ccccc1C(F)(F)F)[N+]([O-])=O,prism_treatment_info
acf5d5c31,BRD-K25630527-001-03-8,LY2784544,JAK inhibitor,0.3793298011678199,0.3754292738732486,0.0039005272945712,False,Cc1cc(Nc2cc(CN3CCOCC3)c3nc(C)c(Cc4ccc(Cl)cc4F)n3n2)[nH]n1,prism_treatment_info
ad0701753,BRD-K19605405-001-02-7,ZM-241385,adenosine receptor antagonist,0.3513675226311154,0.3383156486054091,0.0130518740257062,False,"Nc1nc(NCCc2ccc(O)cc2)nc2nc(nn12)-c1ccco1, Nc1nc(NCCc2ccc(O)cc2)nc2nc(nn12)-c1ccco1",prism_treatment_info
ad1af9ba2,BRD-A08715367-001-01-7,L-Theanine,glutamate receptor antagonist,0.3351901743345516,0.282698862884729,0.0524913114498226,False,CCNC(=O)CCC(N)C(O)=O,prism_treatment_info
ad1b1d36e,BRD-K61951118-001-07-9,FG-7142,GABA benzodiazepine site receptor inverse agonist,0.3907954922219698,0.3046715053077248,0.086123986914245,False,"CNC(=O)c1cc2c(cn1)[nH]c1ccccc21, CNC(=O)c1cc2c(cn1)[nH]c1ccccc21",prism_treatment_info
ad2da4efe,BRD-K95053546-001-01-9,tempol,free radical scavenger,0.4402697759420668,0.4323893671977076,0.0078804087443591,False,"CC1(C)CC(O)CC(C)(C)N1O, CC1(C)CC(O)CC(C)(C)N1O, CC1(C)CC(O)CC(C)(C)N1O",prism_treatment_info
ad2f68280,BRD-K49945136-001-10-0,GR-113808,serotonin receptor antagonist,0.3188357724600713,0.282953374345304,0.0358823981147672,False,Cn1cc(C(=O)OCC2CCN(CCNS(C)(=O)=O)CC2)c2ccccc12,prism_treatment_info
ad42010b1,BRD-K79892937-001-02-5,phenolsulfonphthalein,,0.3093873424988844,0.2653328597685249,0.0440544827303595,False,Oc1ccc(cc1)C1(OS(=O)(=O)c2ccccc12)c1ccc(O)cc1,prism_treatment_info
ad7b5d8e2,BRD-K46384212-001-02-9,o-3M3FBS,phospholipase activator,0.3252977115707623,0.2997198922625236,0.0255778193082387,False,"Cc1cc(C)c(c(C)c1)S(=O)(=O)Nc1ccccc1C(F)(F)F, Cc1cc(C)c(c(C)c1)S(=O)(=O)Nc1ccccc1C(F)(F)F",prism_treatment_info
ad7d27aa1,BRD-K41406082-001-16-2,sulfapyridine,PABA antagonist,0.3860234723039411,0.3559429069175025,0.0300805653864385,False,"Nc1ccc(cc1)S(=O)(=O)Nc1ccccn1, Nc1ccc(cc1)S(=O)(=O)Nc1ccccn1",prism_treatment_info
ad83db5b2,BRD-A40084411-003-07-7,CGP-12177,adrenergic receptor agonist,0.3629312051955508,0.2781539893626777,0.084777215832873,False,CC(C)(C)NCC(O)COc1cccc2[nH]c(O)nc12,prism_treatment_info
ad84986d3,BRD-A72716251-001-01-5,peruvoside,cardiac glycoside,0.3834124049666455,0.3673114591825032,0.0161009457841423,False,CO[C@H]1[C@@H](O)C(C)O[C@@H](O[C@H]2CC[C@@]3(C=O)[C@H](CC[C@@H]4[C@@H]3CC[C@]3(C)[C@H](CC[C@]43O)C3=CC(=O)OC3)C2)C1O,prism_treatment_info
ad86c2b4e,BRD-K33610132-001-02-9,rociletinib,EGFR inhibitor,0.3498190865494935,0.3279137248207833,0.0219053617287101,False,COc1cc(ccc1Nc1ncc(c(Nc2cccc(NC(=O)C=C)c2)n1)C(F)(F)F)N1CCN(CC1)C(C)=O,prism_treatment_info
ad8a9c45d,BRD-K77245796-003-01-6,gamma-aminobutyric-acid,benzodiazepine receptor agonist,0.3383831722064268,0.2846033558473892,0.0537798163590375,False,NCCCC(O)=O,prism_treatment_info
adabf11d3,BRD-A48180038-003-24-3,trihexyphenidyl,acetylcholine receptor antagonist,0.3371287061239995,0.2947439999246664,0.0423847061993331,False,OC(CCN1CCCCC1)(C1CCCCC1)c1ccccc1,prism_treatment_info
adb0c3173,BRD-K13619941-213-01-8,aceglutamide,,0.370396884131623,0.2996816550353581,0.0707152290962649,False,CC(=O)N[C@@H](CCC(N)=O)C(O)=O,prism_treatment_info
adc9a457a,BRD-K28210218-236-08-1,cephalothin,bacterial cell wall synthesis inhibitor,0.3238348523806496,0.2956184036680832,0.0282164487125663,False,CC(=O)OCC1=C(N2[C@H](SC1)[C@H](NC(=O)Cc1cccs1)C2=O)C(O)=O,prism_treatment_info
adf8b6ead,BRD-K32107296-001-16-9,temozolomide,DNA alkylating agent,0.2636380723278798,0.2483380547332729,0.0153000175946069,False,"Cn1nnc2c(ncn2c1=O)C(N)=O, Cn1nnc2c(ncn2c1=O)C(N)=O, Cn1nnc2c(ncn2c1=O)C(N)=O, Cn1nnc2c(ncn2c1=O)C(N)=O",prism_treatment_info
adfbd607a,BRD-K66465025-001-05-1,ACPC,glutamate receptor antagonist,0.3520664077175116,0.2735270607730775,0.0785393469444341,False,NC1(CC1)C(O)=O,prism_treatment_info
ae0c59f9b,BRD-K65877271-001-01-8,halobetasol-propionate,glucocorticoid receptor agonist,0.5125551641401949,0.4993315161683915,0.0132236479718033,True,CCC(=O)O[C@]1([C@@H](C)C[C@H]2[C@@H]3C[C@H](F)C4=CC(=O)C=C[C@]4(C)[C@]3(F)[C@H](O)C[C@]12C)C(=O)CCl,prism_treatment_info
ae1c0d788,BRD-K17702546-001-03-2,PD-168393,EGFR inhibitor,0.5752372370072654,0.5687466966717015,0.0064905403355638,True,Brc1cccc(Nc2ncnc3ccc(NC(=O)C=C)cc23)c1,prism_treatment_info
ae2afcf9d,BRD-K66911501-003-01-2,MK-3207,calcitonin antagonist,0.3188744018378772,0.3068843430791537,0.0119900587587234,False,Fc1cc(F)cc(c1)[C@@H]1CNC2(CCCC2)C(=O)N1CC(=O)Nc1ccc2C[C@]3(Cc2c1)C(=O)Nc1ncccc31,prism_treatment_info
ae3761091,BRD-A04252265-003-01-4,eperisone,acetylcholine receptor antagonist,0.3810286324331519,0.3731934220803421,0.0078352103528098,False,CCc1ccc(cc1)C(=O)C(C)CN1CCCCC1,prism_treatment_info
ae556993a,BRD-K53814070-310-01-3,ripasudil,rho associated kinase inhibitor,0.3516738678358043,0.3496063698084763,0.0020674980273279,False,C[C@H]1CNCCCN1S(=O)(=O)c1cccc2cncc(F)c12,prism_treatment_info
ae5ed53b2,BRD-A49906757-004-09-8,scopolamine-n-oxide,acetylcholine receptor antagonist,0.4046437144528261,0.3621724333643054,0.0424712810885206,False,C[N+]1([O-])[C@H]2C[C@@H](C[C@@H]1[C@H]1O[C@@H]21)OC(=O)[C@H](CO)c1ccccc1,prism_treatment_info
ae712f9ef,BRD-K37694030-003-12-7,doxepin,histamine receptor antagonist,0.2729637237868291,0.2587236487891163,0.0142400749977127,False,"CN(C)CC\C=C1\c2ccccc2COc2ccccc12, CN(C)CC\C=C1\c2ccccc2COc2ccccc12",prism_treatment_info
ae915ad1f,BRD-A45107007-001-03-4,salubrinal,eukaryotic translation initiation factor inhibitor,0.3363283966738706,0.3035414762387735,0.0327869204350971,False,"ClC(Cl)(Cl)C(NC(=O)\C=C\c1ccccc1)NC(=S)Nc1cccc2cccnc12, ClC(Cl)(Cl)C(NC(=O)\C=C\c1ccccc1)NC(=S)Nc1cccc2cccnc12, ClC(Cl)(Cl)C(NC(=O)\C=C\c1ccccc1)NC(=S)Nc1cccc2cccnc12, ClC(Cl)(Cl)C(NC(=O)\C=C\c1ccccc1)NC(=S)Nc1cccc2cccnc12",prism_treatment_info
aeb28b1ee,BRD-K46384212-001-02-9,o-3M3FBS,phospholipase activator,0.3496998879277799,0.3119166746091912,0.0377832133185886,False,"Cc1cc(C)c(c(C)c1)S(=O)(=O)Nc1ccccc1C(F)(F)F, Cc1cc(C)c(c(C)c1)S(=O)(=O)Nc1ccccc1C(F)(F)F",prism_treatment_info
aed11ae9b,BRD-K42959922-001-01-5,trans-2-Undecenoic-acid,,0.3090484157957711,0.2924904002512423,0.0165580155445287,False,CCCCCCCC\C=C\C(O)=O,prism_treatment_info
aed22deb5,BRD-K92073408-001-16-5,norethindrone,progesterone receptor agonist,0.4481694302792836,0.4322495452668136,0.0159198850124699,False,"C[C@]12CC[C@H]3[C@@H](CCC4=CC(=O)CC[C@H]34)[C@@H]1CC[C@@]2(O)C#C, C[C@]12CC[C@H]3[C@@H](CCC4=CC(=O)CC[C@H]34)[C@@H]1CC[C@@]2(O)C#C, C[C@]12CC[C@H]3[C@@H](CCC4=CC(=O)CC[C@H]34)[C@@H]1CC[C@@]2(O)C#C",prism_treatment_info
aed30fd00,BRD-K46742498-003-11-0,alosetron,serotonin receptor antagonist,0.3616915557619053,0.3255495376559003,0.036142018106005,False,Cc1[nH]cnc1CN1CCc2c(C1=O)c1ccccc1n2C,prism_treatment_info
aed4e4afb,BRD-K27351809-001-09-5,nomegestrol-acetate,progesterone receptor agonist,0.352278226361926,0.3059998251126859,0.0462784012492401,False,CC(=O)O[C@@]1(CC[C@H]2[C@@H]3C=C(C)C4=CC(=O)CC[C@@H]4[C@H]3CC[C@]12C)C(C)=O,prism_treatment_info
aeda2a606,BRD-K99984802-100-13-5,flunixin-meglumin,prostanoid receptor antagonist,0.4004652534973089,0.3875639244241616,0.0129013290731473,False,"Cc1c(Nc2ncccc2C(O)=O)cccc1C(F)(F)F, Cc1c(Nc2ncccc2C(O)=O)cccc1C(F)(F)F",prism_treatment_info
aee4ccd0a,BRD-K13050541-001-01-9,acivicin,gamma glutamyltransferase Inhibitors,0.4531177929241832,0.4258329622743166,0.0272848306498665,False,N[C@H]([C@@H]1CC(Cl)=NO1)C(O)=O,prism_treatment_info
aef80fc76,BRD-K79905821-004-03-6,gabazine,GABA receptor antagonist,0.3173505374086484,0.2972032994982413,0.0201472379104071,False,"COc1ccc(cc1)-c1ccc(=N)n(CCCC(O)=O)n1, COc1ccc(cc1)-c1ccc(=N)n(CCCC(O)=O)n1",prism_treatment_info
af0826003,BRD-K33882852-003-02-8,ZK-93423,benzodiazepine receptor agonist,0.4682015159762686,0.4027211897087966,0.0654803262674719,False,"CCOC(=O)c1ncc2[nH]c3ccc(OCc4ccccc4)cc3c2c1COC, CCOC(=O)c1ncc2[nH]c3ccc(OCc4ccccc4)cc3c2c1COC",prism_treatment_info
af12e2904,BRD-A49447682-001-02-4,desoximetasone,glucocorticoid receptor agonist,0.6161767919759517,0.575709273995743,0.0404675179802086,True,C[C@@H]1CC2C3CCC4=CC(=O)C=C[C@]4(C)[C@@]3(F)[C@@H](O)C[C@]2(C)[C@H]1C(=O)CO,prism_treatment_info
af22cc3d8,BRD-K66241279-001-01-8,cinromide,,0.3859140722469471,0.3391758318702291,0.0467382403767179,False,CCNC(=O)\C=C\c1cccc(Br)c1,prism_treatment_info
af3aa3a26,BRD-K62594868-082-08-6,GR125487,serotonin receptor antagonist,0.3672846523876875,0.3654518639741107,0.0018327884135767,False,COc1[nH]c2ccc(F)cc2c1C(=O)OCC1CCN(CCNS(C)(=O)=O)CC1,prism_treatment_info
af488380b,BRD-K63736853-001-04-8,acipimox,cholesterol inhibitor,0.3326789752286175,0.3119164219789873,0.0207625532496302,False,"Cc1cnc(c[n+]1[O-])C(O)=O, Cc1cnc(c[n+]1[O-])C(O)=O, Cc1cnc(c[n+]1[O-])C(O)=O",prism_treatment_info
af4d41141,BRD-K84564571-001-02-4,telatinib,"KIT inhibitor, PDGFR tyrosine kinase receptor inhibitor, VEGFR inhibitor",0.6009773164097632,0.554420749938,0.0465565664717632,True,CNC(=O)c1cc(COc2nnc(Nc3ccc(Cl)cc3)c3ccoc23)ccn1,prism_treatment_info
af6850fa6,BRD-K62398570-300-01-2,lerisetron,serotonin receptor antagonist,0.3707298396416834,0.3520358968105376,0.0186939428311458,False,C(c1ccccc1)n1c(nc2ccccc12)N1CCNCC1,prism_treatment_info
af7c2babf,BRD-K38158531-001-02-1,traxoprodil,glutamate receptor antagonist,0.3479571379795254,0.344337065023138,0.0036200729563873,False,C[C@@H]([C@@H](O)c1ccc(O)cc1)N1CCC(O)(CC1)c1ccccc1,prism_treatment_info
af7f18b3a,BRD-K68395654-001-03-1,EVP4593,NFkB pathway inhibitor,0.4238046456954595,0.314388848665926,0.1094157970295334,False,"Nc1ccc2ncnc(NCCc3ccc(Oc4ccccc4)cc3)c2c1, Nc1ccc2ncnc(NCCc3ccc(Oc4ccccc4)cc3)c2c1, Nc1ccc2ncnc(NCCc3ccc(Oc4ccccc4)cc3)c2c1",prism_treatment_info
af92887f9,BRD-A94709349-001-08-3,metaxalone,muscle relaxant,0.3679843716245369,0.35311287645944,0.0148714951650968,False,Cc1cc(C)cc(OCC2CNC(=O)O2)c1,prism_treatment_info
afa502729,BRD-K52075040-001-09-7,cerulenin,fatty acid synthase inhibitor,0.3062579184581309,0.303750121517666,0.0025077969404649,False,C\C=C\C\C=C\CCC(=O)[C@H]1O[C@H]1C(N)=O,prism_treatment_info
afafe3ca9,BRD-K88186167-001-04-8,GW-4064,FXR agonist,0.341297999910629,0.3206915125565202,0.0206064873541088,False,"CC(C)c1onc(c1COc1ccc(\C=C\c2cccc(c2)C(O)=O)c(Cl)c1)-c1c(Cl)cccc1Cl, CC(C)c1onc(c1COc1ccc(\C=C\c2cccc(c2)C(O)=O)c(Cl)c1)-c1c(Cl)cccc1Cl",prism_treatment_info
afd0dbace,BRD-K83186168-001-01-8,AZD1981,CRTH receptor antagonist,0.340317298591369,0.3040158329725498,0.0363014656188191,False,CC(=O)Nc1cccc2n(CC(O)=O)c(C)c(Sc3ccc(Cl)cc3)c12,prism_treatment_info
afed0fc6d,BRD-K01174345-001-01-9,anamorelin,growth hormone secretagogue receptor agonist,0.377786580221279,0.2927959949052568,0.0849905853160222,False,CN(C)N(C)C(=O)[C@@]1(Cc2ccccc2)CCCN(C1)C(=O)[C@@H](Cc1c[nH]c2ccccc12)NC(=O)C(C)(C)N,prism_treatment_info
b0129f66e,BRD-K26253904-001-01-5,NMS-873,ATPase inhibitor,0.4039161816268494,0.3837371995427013,0.0201789820841481,False,"Cc1cc(OCc2nnc(SC3CCCC3)n2-c2cccnc2)ccc1-c1ccc(cc1)S(C)(=O)=O, Cc1cc(OCc2nnc(SC3CCCC3)n2-c2cccnc2)ccc1-c1ccc(cc1)S(C)(=O)=O",prism_treatment_info
b016fdb77,BRD-K71221037-001-01-6,birinapant,XIAP inhibitor,0.7252499670735101,0.3682538636270371,0.356996103446473,True,"CC[C@H](NC(=O)[C@H](C)NC)C(=O)N1C[C@@H](O)C[C@H]1Cc1c([nH]c2cc(F)ccc12)-c1[nH]c2cc(F)ccc2c1C[C@@H]1C[C@H](O)CN1C(=O)[C@H](CC)NC(=O)[C@H](C)NC, CC[C@H](NC(=O)[C@H](C)NC)C(=O)N1C[C@@H](O)C[C@H]1Cc1c([nH]c2cc(F)ccc12)-c1[nH]c2cc(F)ccc2c1C[C@@H]1C[C@H](O)CN1C(=O)[C@H](CC)NC(=O)[C@H](C)NC",prism_treatment_info
b01cf573a,BRD-K81957469-001-01-0,semagacestat,gamma secretase inhibitor,0.3031722722968954,0.292559565640224,0.0106127066566713,False,CC(C)[C@H](O)C(=O)N[C@@H](C)C(=O)N[C@@H]1c2ccccc2CCN(C)C1=O,prism_treatment_info
b046f598b,BRD-K53765467-001-02-1,empagliflozin,sodium/glucose cotransporter inhibitor,0.3377328861329557,0.304120902709408,0.0336119834235477,False,OC[C@H]1O[C@H]([C@H](O)[C@@H](O)[C@@H]1O)c1ccc(Cl)c(Cc2ccc(O[C@H]3CCOC3)cc2)c1,prism_treatment_info
b077801cd,BRD-K72726508-001-02-1,arcyriaflavin-a,CDK inhibitor,0.2913780195318632,0.2724154630169113,0.0189625565149519,False,"O=C1NC(=O)c2c1c1c3ccccc3[nH]c1c1[nH]c3ccccc3c21, O=C1NC(=O)c2c1c1c3ccccc3[nH]c1c1[nH]c3ccccc3c21",prism_treatment_info
b07818506,BRD-K45446451-001-05-0,JZL-184,monoacylglucerol lipase inhibitor,0.4120997400764253,0.3449148345353567,0.0671849055410686,False,"OC(C1CCN(CC1)C(=O)Oc1ccc(cc1)[N+]([O-])=O)(c1ccc2OCOc2c1)c1ccc2OCOc2c1, OC(C1CCN(CC1)C(=O)Oc1ccc(cc1)[N+]([O-])=O)(c1ccc2OCOc2c1)c1ccc2OCOc2c1",prism_treatment_info
b0a0d2656,BRD-K29392254-001-02-2,pantothenic-acid,coenzyme A precursor,0.3776976853215451,0.3450287982115398,0.0326688871100052,False,"CC(C)(CO)[C@@H](O)C(=O)NCCC(O)=O, CC(C)(CO)[C@@H](O)C(=O)NCCC(O)=O, CC(C)(CO)[C@@H](O)C(=O)NCCC(O)=O",prism_treatment_info
b0b0fec1d,BRD-K89657519-001-01-8,testosterone-enanthate,androgen receptor agonist,0.3544092521351156,0.3262528942799534,0.0281563578551622,False,CCCCCCC(=O)O[C@H]1CC[C@H]2[C@@H]3CCC4=CC(=O)CC[C@]4(C)[C@H]3CC[C@]12C,prism_treatment_info
b0c582a9c,BRD-A77577770-003-08-9,palmitoylcarnitine,protein kinase inhibitor,0.4105312767264155,0.3647845726933031,0.0457467040331123,False,CCCCCCCCCCCCCCCC(=O)OC(CC(O)=O)C[N+](C)(C)C,prism_treatment_info
b0e220a18,BRD-A39230911-001-10-2,chlorphensin-carbamate,muscle relaxant,0.3859362753108131,0.3429605569017915,0.0429757184090215,False,NC(=O)OCC(O)COc1ccc(Cl)cc1,prism_treatment_info
b0fbaa16b,BRD-K17705806-003-04-4,JTC-801,opioid receptor antagonist,0.3138098705904711,0.3012807341645826,0.0125291364258884,False,"CCc1ccc(OCc2ccccc2C(=O)Nc2ccc3nc(C)cc(N)c3c2)cc1, CCc1ccc(OCc2ccccc2C(=O)Nc2ccc3nc(C)cc(N)c3c2)cc1, CCc1ccc(OCc2ccccc2C(=O)Nc2ccc3nc(C)cc(N)c3c2)cc1",prism_treatment_info
b12140550,BRD-K55191674-237-18-3,benzylpenicillin,penicillin binding protein inhibitor,0.3733464457947872,0.3142119682897937,0.0591344775049935,False,"CC1(C)S[C@@H]2[C@H](NC(=O)Cc3ccccc3)C(=O)N2[C@H]1C(O)=O, CC1(C)S[C@@H]2[C@H](NC(=O)Cc3ccccc3)C(=O)N2[C@H]1C(O)=O, CC1(C)S[C@@H]2[C@H](NC(=O)Cc3ccccc3)C(=O)N2[C@H]1C(O)=O",prism_treatment_info
b130d5c91,BRD-K48213016-001-01-8,CC-930,JNK inhibitor,0.3820189581811469,0.3386048743765128,0.043414083804634,False,O[C@H]1CC[C@@H](CC1)Nc1ncc2nc(Nc3c(F)cc(F)cc3F)n([C@H]3CCOC3)c2n1,prism_treatment_info
b1404e2c5,BRD-K25311561-001-10-7,KU-55933,ATM kinase inhibitor,0.3395548187500261,0.3191911107422522,0.0203637080077738,False,"O=c1cc(oc(c1)-c1cccc2Sc3ccccc3Sc12)N1CCOCC1, O=c1cc(oc(c1)-c1cccc2Sc3ccccc3Sc12)N1CCOCC1",prism_treatment_info
b16c06e60,BRD-K16732600-001-01-7,MK-0893,glucagon receptor antagonist,0.3308384012743605,0.2905800776198095,0.040258323654551,False,COc1ccc2cc(ccc2c1)-c1cc(nn1[C@@H](C)c1ccc(cc1)C(=O)NCCC(O)=O)-c1cc(Cl)cc(Cl)c1,prism_treatment_info
b17956231,BRD-K99107520-001-24-1,felbamate,glutamate receptor antagonist,0.3753699539610389,0.3618343486444596,0.0135356053165792,False,"NC(=O)OCC(COC(N)=O)c1ccccc1, NC(=O)OCC(COC(N)=O)c1ccccc1, NC(=O)OCC(COC(N)=O)c1ccccc1, NC(=O)OCC(COC(N)=O)c1ccccc1",prism_treatment_info
b1795fcb0,BRD-K29546239-001-02-3,SNC-80,,0.3586820820571383,0.3264304596746662,0.032251622382472,False,"CCN(CC)C(=O)c1ccc(cc1)[C@@H](N1C[C@@H](C)N(CC=C)C[C@@H]1C)c1cccc(OC)c1, CCN(CC)C(=O)c1ccc(cc1)[C@@H](N1C[C@@H](C)N(CC=C)C[C@@H]1C)c1cccc(OC)c1",prism_treatment_info
b17dafa75,BRD-K49371609-003-03-8,PIK-75,"DNA protein kinase inhibitor, PI3K inhibitor",0.3862068098945516,0.2920404602259571,0.0941663496685945,False,CN(\N=C\c1cnc2ccc(Br)cn12)S(=O)(=O)c1cc(ccc1C)[N+]([O-])=O,prism_treatment_info
b19964d8c,BRD-K13756951-001-01-4,bitopertin,"glycine transporter inhibitor, GlyT-1 inhibitor",0.6223836030976712,0.5921034262722523,0.0302801768254188,True,C[C@H](Oc1ccc(cc1C(=O)N1CCN(CC1)c1ncc(cc1F)C(F)(F)F)S(C)(=O)=O)C(F)(F)F,prism_treatment_info
b1b429d55,BRD-K56104152-008-04-1,oxiconazole,bacterial cell wall synthesis inhibitor,0.3365899442722465,0.2572378618740029,0.0793520823982436,False,Clc1ccc(CO\N=C(/Cn2ccnc2)c2ccc(Cl)cc2Cl)c(Cl)c1,prism_treatment_info
b1c015924,BRD-K78096648-001-05-7,oxiperomide,dopamine receptor antagonist,0.3960469606178112,0.3473147643495921,0.0487321962682191,False,Oc1nc2ccccc2n1C1CCN(CCOc2ccccc2)CC1,prism_treatment_info
b1d2840a2,BRD-K78789465-001-01-6,pentagastrin,CCK receptor agonist,0.3559268100252883,0.331484474436766,0.0244423355885222,False,"CSCC[C@H](NC(=O)[C@H](Cc1c[nH]c2ccccc12)NC(=O)CCNC(=O)OC(C)(C)C)C(=O)N[C@@H](CC(O)=O)C(=O)N[C@@H](Cc1ccccc1)C(N)=O, CSCC[C@H](NC(=O)[C@H](Cc1c[nH]c2ccccc12)NC(=O)CCNC(=O)OC(C)(C)C)C(=O)N[C@@H](CC(O)=O)C(=O)N[C@@H](Cc1ccccc1)C(N)=O",prism_treatment_info
b1dc63d86,BRD-K06593056-001-04-8,LE-135,retinoid receptor agonist,0.3436105011527225,0.291542288178449,0.0520682129742734,False,"CN1c2cc3c(cc2N=C(c2ccc(cc2)C(O)=O)c2ccccc12)C(C)(C)CCC3(C)C, CN1c2cc3c(cc2N=C(c2ccc(cc2)C(O)=O)c2ccccc12)C(C)(C)CCC3(C)C",prism_treatment_info
b207618e4,BRD-K28863208-001-02-0,PNU-282987,cholinergic receptor agonist,0.3562451636495858,0.3112753867642109,0.0449697768853749,False,"Clc1ccc(cc1)C(=O)N[C@H]1CN2CCC1CC2, Clc1ccc(cc1)C(=O)N[C@H]1CN2CCC1CC2",prism_treatment_info
b22df5987,BRD-K56483981-342-06-4,chicago-sky-blue-6b,"glutamate inhibitor, macrophage migration inhibiting factor inhibitor",0.3730560341029939,0.3533720630588421,0.0196839710441518,False,COc1cc(ccc1\N=N\c1ccc2c(cc(c(N)c2c1O)S(O)(=O)=O)S(O)(=O)=O)-c1ccc(\N=N\c2ccc3c(cc(c(N)c3c2O)S(O)(=O)=O)S(O)(=O)=O)c(OC)c1,prism_treatment_info
b22fbda8b,BRD-K68488863-001-04-9,ENMD-2076,"Aurora kinase inhibitor, FLT3 inhibitor, VEGFR inhibitor",0.4425507027096899,0.3322646348172903,0.1102860678923995,False,CN1CCN(CC1)c1cc(Nc2cc(C)[nH]n2)nc(\C=C\c2ccccc2)n1,prism_treatment_info
b23aa96a3,BRD-K13756951-001-01-4,bitopertin,"glycine transporter inhibitor, GlyT-1 inhibitor",0.7163505523086108,0.568955991616397,0.1473945606922138,True,C[C@H](Oc1ccc(cc1C(=O)N1CCN(CC1)c1ncc(cc1F)C(F)(F)F)S(C)(=O)=O)C(F)(F)F,prism_treatment_info
b266bfb86,BRD-K18518344-001-15-9,digitoxigenin,ATPase inhibitor,0.4555004789969887,0.4485865725029631,0.0069139064940256,False,C[C@]12CC[C@H]3[C@@H](CC[C@@H]4C[C@@H](O)CC[C@]34C)[C@@]1(O)CC[C@@H]2C1=CC(=O)OC1,prism_treatment_info
b2768d10c,BRD-K45245728-335-01-4,ursodeoxycholyltaurine,cholesterol inhibitor,0.3711726096228536,0.292023906200109,0.0791487034227446,False,C[C@H](CCC(=O)NCCS(O)(=O)=O)[C@H]1CC[C@H]2[C@@H]3[C@@H](O)C[C@@H]4C[C@H](O)CC[C@]4(C)[C@H]3CC[C@]12C,prism_treatment_info
b2bce570f,BRD-A42759514-001-20-5,ornidazole,antiprotozoal agent,0.3538876435281377,0.3214823417629707,0.0324053017651669,False,"Cc1ncc(n1CC(O)CCl)[N+]([O-])=O, Cc1ncc(n1CC(O)CCl)[N+]([O-])=O, Cc1ncc(n1CC(O)CCl)[N+]([O-])=O",prism_treatment_info
b2bd67ffa,BRD-K49350383-001-13-7,thioguanine,purine antagonist,0.4583609602811597,0.4566380977703689,0.0017228625107907,False,"Nc1nc2nc[nH]c2c(=S)[nH]1, Nc1nc2nc[nH]c2c(=S)[nH]1, Nc1nc2nc[nH]c2c(=S)[nH]1",prism_treatment_info
b2bda17d8,BRD-K06181161-048-15-1,carbetapentane,acetylcholine receptor antagonist,0.3301565169779384,0.3015594383644547,0.0285970786134837,False,"CCN(CC)CCOCCOC(=O)C1(CCCC1)c1ccccc1, CCN(CC)CCOCCOC(=O)C1(CCCC1)c1ccccc1",prism_treatment_info
b2e18c9b7,BRD-K52396582-001-06-7,CF102,adenosine receptor agonist,0.3584789383070033,0.3359400198552574,0.0225389184517458,False,CNC(=O)[C@H]1O[C@H]([C@H](O)[C@@H]1O)n1cnc2c(NCc3cccc(I)c3)nc(Cl)nc12,prism_treatment_info
b2e6403f4,BRD-K71125014-001-27-1,sulphadimethoxine,dihydropteroate synthetase inhibitor,0.3947492034025825,0.3852428919543624,0.0095063114482201,False,"COc1cc(NS(=O)(=O)c2ccc(N)cc2)nc(OC)n1, COc1cc(NS(=O)(=O)c2ccc(N)cc2)nc(OC)n1",prism_treatment_info
b2edbb2ba,BRD-K76674262-001-03-3,homoharringtonine,protein synthesis inhibitor,0.3677838431525939,0.3676480588256511,0.0001357843269428,False,COC(=O)C[C@](O)(CCCC(C)(C)O)C(=O)O[C@H]1[C@H]2c3cc4OCOc4cc3CCN3CCC[C@]23C=C1OC,prism_treatment_info
b2f8e638a,BRD-K35520305-001-17-7,dacarbazine,DNA alkylating agent,0.4967778859965676,0.3365165690812409,0.1602613169153267,False,"CN(C)\N=N\c1[nH]cnc1C(N)=O, CN(C)\N=N\c1[nH]cnc1C(N)=O",prism_treatment_info
b2f9c1483,BRD-K41869275-001-02-8,2-phenylmelatonin,melatonin receptor agonist,0.3516709083419589,0.3300962021940521,0.0215747061479067,False,"COc1ccc2[nH]c(c(CCNC(C)=O)c2c1)-c1ccccc1, COc1ccc2[nH]c(c(CCNC(C)=O)c2c1)-c1ccccc1",prism_treatment_info
b2fe3eca7,BRD-K43449605-001-01-0,oncrasin-1,apoptosis stimulant,0.3127953314443756,0.2814500829764802,0.0313452484678953,False,Clc1ccc(Cn2cc(C=O)c3ccccc23)cc1,prism_treatment_info
b3031b373,BRD-K69070623-003-01-7,EPZ004777,histone lysine methyltransferase inhibitor,0.3300984859808063,0.2907957550482674,0.0393027309325389,False,"CC(C)N(CCCNC(=O)Nc1ccc(cc1)C(C)(C)C)C[C@H]1O[C@H]([C@H](O)[C@@H]1O)n1ccc2c(N)ncnc12, CC(C)N(CCCNC(=O)Nc1ccc(cc1)C(C)(C)C)C[C@H]1O[C@H]([C@H](O)[C@@H]1O)n1ccc2c(N)ncnc12, CC(C)N(CCCNC(=O)Nc1ccc(cc1)C(C)(C)C)C[C@H]1O[C@H]([C@H](O)[C@@H]1O)n1ccc2c(N)ncnc12",prism_treatment_info
b30633cd4,BRD-K41406082-001-16-2,sulfapyridine,PABA antagonist,0.3304686381853288,0.3049095761388487,0.0255590620464801,False,"Nc1ccc(cc1)S(=O)(=O)Nc1ccccn1, Nc1ccc(cc1)S(=O)(=O)Nc1ccccn1",prism_treatment_info
b30c11496,BRD-A92439610-001-05-7,triamcinolone-acetonide,"glucocorticoid receptor agonist, immunosuppressant",0.5292091450561657,0.4849870746010771,0.0442220704550885,True,"CC1(C)O[C@@H]2CC3C4CCC5=CC(=O)C=C[C@]5(C)[C@@]4(F)[C@@H](O)C[C@]3(C)[C@@]2(O1)C(=O)CO, CC1(C)O[C@@H]2CC3C4CCC5=CC(=O)C=C[C@]5(C)[C@@]4(F)[C@@H](O)C[C@]3(C)[C@@]2(O1)C(=O)CO",prism_treatment_info
b33d193be,BRD-K41869275-001-02-8,2-phenylmelatonin,melatonin receptor agonist,0.3566340078496511,0.3397152594638423,0.0169187483858087,False,"COc1ccc2[nH]c(c(CCNC(C)=O)c2c1)-c1ccccc1, COc1ccc2[nH]c(c(CCNC(C)=O)c2c1)-c1ccccc1",prism_treatment_info
b36078dd2,BRD-K87774949-001-03-9,istradefylline,adenosine receptor antagonist,0.3898516353292194,0.377544918159668,0.0123067171695514,False,"CCn1c2nc(\C=C\c3ccc(OC)c(OC)c3)n(C)c2c(=O)n(CC)c1=O, CCn1c2nc(\C=C\c3ccc(OC)c(OC)c3)n(C)c2c(=O)n(CC)c1=O, CCn1c2nc(\C=C\c3ccc(OC)c(OC)c3)n(C)c2c(=O)n(CC)c1=O, CCn1c2nc(\C=C\c3ccc(OC)c(OC)c3)n(C)c2c(=O)n(CC)c1=O, CCn1c2nc(\C=C\c3ccc(OC)c(OC)c3)n(C)c2c(=O)n(CC)c1=O",prism_treatment_info
b369dab76,BRD-A26334849-001-06-2,propafenone,antiarrhythmic,0.3151973987719467,0.2761935474778613,0.0390038512940854,False,"CCCNCC(O)COc1ccccc1C(=O)CCc1ccccc1, CCCNCC(O)COc1ccccc1C(=O)CCc1ccccc1",prism_treatment_info
b3ab49180,BRD-K02292852-001-02-1,cefoperazone,bacterial cell wall synthesis inhibitor,0.3591330658815725,0.344683504403854,0.0144495614777185,False,"CCN1CCN(C(=O)N[C@@H](C(=O)N[C@H]2[C@H]3SCC(CSc4nnnn4C)=C(N3C2=O)C(O)=O)c2ccc(O)cc2)C(=O)C1=O, CCN1CCN(C(=O)N[C@@H](C(=O)N[C@H]2[C@H]3SCC(CSc4nnnn4C)=C(N3C2=O)C(O)=O)c2ccc(O)cc2)C(=O)C1=O",prism_treatment_info
b3e11f9b4,BRD-K37872686-003-01-9,tirofiban,"platelet aggregation inhibitor, structural glycoprotein antagonist",0.3196712950565034,0.2848289036757446,0.0348423913807588,False,CCCCS(=O)(=O)N[C@@H](Cc1ccc(OCCCCC2CCNCC2)cc1)C(O)=O,prism_treatment_info
b3e8b23fe,BRD-A78341343-001-01-6,regadenoson,adenosine receptor agonist,0.3499020773809002,0.3161198199121651,0.033782257468735,False,CNC(=O)c1cnn(c1)-c1nc(N)c2ncn([C@@H]3O[C@H](CO)C(O)C3O)c2n1,prism_treatment_info
b3f24a171,BRD-K89053832-001-01-0,VLX600,ubiquitin C-terminal hydrolase inhibitor,0.3927952105478514,0.3890182932767977,0.0037769172710536,False,C\C(=N\Nc1nnc2c(n1)[nH]c1c(C)cccc21)c1ccccn1,prism_treatment_info
b41d21dbe,BRD-A49399758-015-01-8,desmopressin-acetate,vasopressin receptor agonist,0.2911228857663485,0.2905219851941061,0.0006009005722423,False,NC(=O)CCC1NC(=O)C(Cc2ccccc2)NC(=O)C(Cc2ccc(O)cc2)NC(=O)CCSSCC(NC(=O)C(CC(N)=O)NC1=O)C(=O)N1CCCC1C(=O)NC(CCCNC(N)=N)C(=O)NCC(N)=O,prism_treatment_info
b439cd83a,BRD-K67966701-001-11-6,lisinopril,angiotensin converting enzyme inhibitor,0.3878007810562639,0.37097780161132,0.0168229794449438,False,"NCCCC[C@H](N[C@@H](CCc1ccccc1)C(O)=O)C(=O)N1CCC[C@H]1C(O)=O, NCCCC[C@H](N[C@@H](CCc1ccccc1)C(O)=O)C(=O)N1CCC[C@H]1C(O)=O, NCCCC[C@H](N[C@@H](CCc1ccccc1)C(O)=O)C(=O)N1CCC[C@H]1C(O)=O",prism_treatment_info
b44092fd6,BRD-A83802939-304-04-2,dexamethasone-sodium-phosphate,glucocorticoid receptor agonist,0.385812117995244,0.361231708212042,0.024580409783202,False,"C[C@H]1CC2C3CCC4=CC(=O)C=C[C@]4(C)[C@@]3(F)[C@@H](O)C[C@]2(C)[C@@]1(O)C(=O)COP(O)(O)=O, C[C@@H]1CC2C3CCC4=CC(=O)C=C[C@]4(C)[C@@]3(F)[C@@H](O)C[C@]2(C)[C@@]1(O)C(=O)COP(O)(O)=O",prism_treatment_info
b44140395,BRD-K52396582-001-06-7,CF102,adenosine receptor agonist,0.2769337731864578,0.2537531204593873,0.0231806527270704,False,CNC(=O)[C@H]1O[C@H]([C@H](O)[C@@H]1O)n1cnc2c(NCc3cccc(I)c3)nc(Cl)nc12,prism_treatment_info
b45e6832d,BRD-A23359898-003-10-0,sibutramine,serotonin-norepinephrine reuptake inhibitor (SNRI),0.3428232306408577,0.3237160554482824,0.0191071751925752,False,"CC(C)CC(N(C)C)C1(CCC1)c1ccc(Cl)cc1, CC(C)CC(N(C)C)C1(CCC1)c1ccc(Cl)cc1",prism_treatment_info
b471db129,BRD-K32318651-001-23-7,acyclovir,DNA polymerase inhibitor,0.3378667994425523,0.3020641900023543,0.0358026094401979,False,"Nc1nc2n(COCCO)cnc2c(=O)[nH]1, Nc1nc2n(COCCO)cnc2c(=O)[nH]1, Nc1nc2n(COCCO)cnc2c(=O)[nH]1, Nc1nc2n(COCCO)cnc2c(=O)[nH]1, Nc1nc2n(COCCO)cnc2c(=O)[nH]1",prism_treatment_info
b472193a9,BRD-K45479396-050-01-5,BP-554,serotonin receptor agonist,0.4158325424323566,0.3673414602813499,0.0484910821510067,False,"C(COc1ccc2OCOc2c1)CN1CCN(CC1)c1ccccc1, C(COc1ccc2OCOc2c1)CN1CCN(CC1)c1ccccc1",prism_treatment_info
b4798100f,BRD-K92492521-001-02-9,LY255283,leukotriene receptor antagonist,0.395610714370282,0.3385423192786861,0.0570683950915959,False,"CCc1cc(C(C)=O)c(O)cc1OCCCCCC(C)(C)c1nnn[nH]1, CCc1cc(C(C)=O)c(O)cc1OCCCCCC(C)(C)c1nnn[nH]1",prism_treatment_info
b482d5c23,BRD-K72726508-001-02-1,arcyriaflavin-a,CDK inhibitor,0.3077291959847327,0.3001879847182129,0.0075412112665197,False,"O=C1NC(=O)c2c1c1c3ccccc3[nH]c1c1[nH]c3ccccc3c21, O=C1NC(=O)c2c1c1c3ccccc3[nH]c1c1[nH]c3ccccc3c21",prism_treatment_info
b4a1f6f7f,BRD-K46982791-001-09-4,cloxyquin,potassium channel activator,0.3962399391516755,0.3569544437527944,0.0392854953988811,False,Oc1ccc(Cl)c2cccnc12,prism_treatment_info
b4aa74397,BRD-K74514084-001-03-9,pazopanib,"KIT inhibitor, PDGFR tyrosine kinase receptor inhibitor, VEGFR inhibitor",0.3842442411758421,0.3675872098918494,0.0166570312839927,False,"CN(c1ccc2c(C)n(C)nc2c1)c1ccnc(Nc2ccc(C)c(c2)S(N)(=O)=O)n1, CN(c1ccc2c(C)n(C)nc2c1)c1ccnc(Nc2ccc(C)c(c2)S(N)(=O)=O)n1",prism_treatment_info
b4c9484ae,BRD-K74371986-001-01-7,NSI-189,neurotrophic agent,0.3100807852683906,0.3085634691227069,0.0015173161456837,False,CC(C)CCNc1ncccc1C(=O)N1CCN(Cc2ccccc2)CC1,prism_treatment_info
b4fdfa0ec,BRD-K26168087-001-09-7,magnolol,PPAR receptor agonist,0.3469406780217567,0.3450049231550566,0.0019357548667001,False,Oc1ccc(CC=C)cc1-c1cc(CC=C)ccc1O,prism_treatment_info
b51c84690,BRD-A97739905-001-26-5,ketoprofen,cyclooxygenase inhibitor,0.3471781683110647,0.3460762634396437,0.001101904871421,False,"CC(C(O)=O)c1cccc(c1)C(=O)c1ccccc1, CC(C(O)=O)c1cccc(c1)C(=O)c1ccccc1",prism_treatment_info
b5217f49a,BRD-A70514680-003-11-2,articaine,local anesthetic,0.3385462941703557,0.2891057582366846,0.049440535933671,False,CCCNC(C)C(=O)Nc1c(C)csc1C(=O)OC,prism_treatment_info
b556d4383,BRD-K02113016-001-15-4,olaparib,PARP inhibitor,0.2988980722463178,0.2917536535834914,0.0071444186628264,False,"Fc1ccc(Cc2n[nH]c(=O)c3ccccc23)cc1C(=O)N1CCN(CC1)C(=O)C1CC1, Fc1ccc(Cc2n[nH]c(=O)c3ccccc23)cc1C(=O)N1CCN(CC1)C(=O)C1CC1",prism_treatment_info
b578743d5,BRD-K74765201-001-16-7,tomelukast,leukotriene receptor antagonist,0.3302969517779503,0.3256204761124344,0.0046764756655158,False,CCCc1c(OCCCCc2nnn[nH]2)ccc(C(C)=O)c1O,prism_treatment_info
b5886f4ee,BRD-K95763993-001-19-3,trapidil,PDGFR tyrosine kinase receptor inhibitor,0.352377310667341,0.3315165645342448,0.0208607461330962,False,CCN(CC)c1cc(C)nc2ncnn12,prism_treatment_info
b591a9add,BRD-K03109492-001-02-2,NSC-663284,CDC inhibitor,0.573027067607619,0.348203824229709,0.22482324337791,True,"ClC1=C(NCCN2CCOCC2)C(=O)c2ncccc2C1=O, ClC1=C(NCCN2CCOCC2)C(=O)c2ncccc2C1=O",prism_treatment_info
b59817415,BRD-K90993449-001-02-7,KRN-633,VEGFR inhibitor,0.5864557961156885,0.555253602099188,0.0312021940165005,True,CCCNC(=O)Nc1ccc(Oc2ncnc3cc(OC)c(OC)cc23)cc1Cl,prism_treatment_info
b59f2c4a2,BRD-K41213548-001-02-0,KW-2478,HSP inhibitor,0.3388283995881759,0.2942179559695054,0.0446104436186705,False,CCc1c(O)cc(O)c(C(=O)c2ccc(OCCN3CCOCC3)c(OC)c2)c1CC(=O)N(CCOC)CCOC,prism_treatment_info
b5c650a89,BRD-K13474508-001-01-2,"L-655,708",GABA receptor inverse agonist,0.3628070867793068,0.3273165406920043,0.0354905460873025,False,"CCOC(=O)c1ncn-2c1[C@@H]1CCCN1C(=O)c1cc(OC)ccc-21, CCOC(=O)c1ncn-2c1[C@@H]1CCCN1C(=O)c1cc(OC)ccc-21",prism_treatment_info
b5d7315ce,BRD-K14705039-001-16-4,sulfathiazole,dihydropteroate synthase inhibitor,0.2809839433980606,0.2712926251040671,0.0096913182939935,False,"Nc1ccc(cc1)S(=O)(=O)Nc1nccs1, Nc1ccc(cc1)S(=O)(=O)Nc1nccs1",prism_treatment_info
b5e8fd5b5,BRD-K17061841-001-03-5,stattic,,0.5566858755635248,0.4877586317621309,0.0689272438013938,True,[O-][N+](=O)c1ccc2C=CS(=O)(=O)c2c1,prism_treatment_info
b5e910a05,BRD-K04394237-001-06-0,drospirenone,mineralocorticoid receptor antagonist,0.3202835538398604,0.3075923455808438,0.0126912082590165,False,"C[C@]12CC[C@H]3[C@@H]([C@H]4C[C@H]4C4=CC(=O)CC[C@]34C)[C@@H]1[C@@H]1C[C@@H]1[C@@]21CCC(=O)O1, C[C@]12CC[C@H]3[C@@H]([C@H]4C[C@H]4C4=CC(=O)CC[C@]34C)[C@@H]1[C@@H]1C[C@@H]1[C@@]21CCC(=O)O1, C[C@]12CC[C@H]3[C@@H]([C@H]4C[C@H]4C4=CC(=O)CC[C@]34C)[C@@H]1[C@@H]1C[C@@H]1[C@@]21CCC(=O)O1, C[C@]12CC[C@H]3[C@@H]([C@H]4C[C@H]4C4=CC(=O)CC[C@]34C)[C@@H]1[C@@H]1C[C@@H]1[C@@]21CCC(=O)O1",prism_treatment_info
b5eedf105,BRD-K21160401-065-01-0,dextroamphetamine,monoamine oxidase inhibitor,0.3319472953746466,0.2992355398815949,0.0327117554930516,False,C[C@H](N)Cc1ccccc1,prism_treatment_info
b5facfcb6,BRD-K88625236-001-04-2,nonoxynol-9,membrane integrity inhibitor,0.351940294859934,0.3429359127493545,0.0090043821105795,False,"CCCCCCCCCc1ccc(OCCOCCOCCOCCOCCOCCOCCOCCOCCO)cc1, CCCCCCCCCc1ccc(OCCOCCOCCOCCOCCOCCOCCOCCOCCO)cc1, CCCCCCCCCc1ccc(OCCOCCOCCOCCOCCOCCOCCOCCOCCO)cc1",prism_treatment_info
b5fc9ffcd,BRD-K86301799-001-34-8,dipyridamole,phosphodiesterase inhibitor,0.3386491266946457,0.3000963510530145,0.0385527756416311,False,"OCCN(CCO)c1nc(N2CCCCC2)c2nc(nc(N3CCCCC3)c2n1)N(CCO)CCO, OCCN(CCO)c1nc(N2CCCCC2)c2nc(nc(N3CCCCC3)c2n1)N(CCO)CCO, OCCN(CCO)c1nc(N2CCCCC2)c2nc(nc(N3CCCCC3)c2n1)N(CCO)CCO, OCCN(CCO)c1nc(N2CCCCC2)c2nc(nc(N3CCCCC3)c2n1)N(CCO)CCO, OCCN(CCO)c1nc(N2CCCCC2)c2nc(nc(N3CCCCC3)c2n1)N(CCO)CCO",prism_treatment_info
b5ff305ac,BRD-K94720315-001-10-4,chromocarb,antispasmodic,0.3695937639688488,0.3503767144772899,0.0192170494915588,False,"OC(=O)c1cc(=O)c2ccccc2o1, OC(=O)c1cc(=O)c2ccccc2o1",prism_treatment_info
b6100f7c0,BRD-A61793559-001-15-6,metolazone,carbonic anhydrase inhibitor,0.2923413739324684,0.2851434395424842,0.0071979343899841,False,"CC1Nc2cc(Cl)c(cc2C(=O)N1c1ccccc1C)S(N)(=O)=O, CC1Nc2cc(Cl)c(cc2C(=O)N1c1ccccc1C)S(N)(=O)=O, CC1Nc2cc(Cl)c(cc2C(=O)N1c1ccccc1C)S(N)(=O)=O",prism_treatment_info
b61bae7f5,BRD-K36449075-001-01-0,copper-histidine,,0.3228452097808331,0.2949877648325152,0.0278574449483178,False,N[C@H](Cc1c[nH]cn1)C(O)=O,prism_treatment_info
b627b4156,BRD-A28467416-002-01-0,PKI-179,"mTOR inhibitor, PI3K inhibitor",0.3207481123406834,0.3144697317877382,0.0062783805529451,False,O=C(Nc1ccncc1)Nc1ccc(cc1)-c1nc(nc(n1)N1CCOCC1)N1C2CCC1COC2,prism_treatment_info
b62e815c1,BRD-K21160401-065-01-0,dextroamphetamine,monoamine oxidase inhibitor,0.3987005467246182,0.3438530810785717,0.0548474656460464,False,C[C@H](N)Cc1ccccc1,prism_treatment_info
b6410b8e1,BRD-K41918892-001-05-9,A-769662,AMPK activator,0.294946799640249,0.2816532710036238,0.0132935286366251,False,"Oc1ccccc1-c1ccc(cc1)-c1csc2[nH]c(=O)c(C#N)c(O)c12, Oc1ccccc1-c1ccc(cc1)-c1csc2[nH]c(=O)c(C#N)c(O)c12",prism_treatment_info
b65263559,BRD-K13800121-001-01-5,parecoxib,cyclooxygenase inhibitor,0.3321653253439435,0.3206865712770073,0.0114787540669362,False,CCC(=O)NS(=O)(=O)c1ccc(cc1)-c1c(C)onc1-c1ccccc1,prism_treatment_info
b65ab739d,BRD-K62456038-003-07-1,PD-128907,dopamine receptor agonist,0.4067485728451862,0.3362948910713271,0.0704536817738591,False,"CCCN1CCO[C@H]2[C@@H]1COc1ccc(O)cc21, CCCN1CCO[C@@H]2[C@@H]1COc1ccc(O)cc21, CCCN1CCO[C@H]2[C@H]1COc1ccc(O)cc21",prism_treatment_info
b6630238d,BRD-K67563174-001-17-6,acemetacin,cyclooxygenase inhibitor,0.3564786618309963,0.30366295737904,0.0528157044519563,False,"COc1ccc2n(C(=O)c3ccc(Cl)cc3)c(C)c(CC(=O)OCC(O)=O)c2c1, COc1ccc2n(C(=O)c3ccc(Cl)cc3)c(C)c(CC(=O)OCC(O)=O)c2c1",prism_treatment_info
b66b0e2f9,BRD-K65924316-001-03-1,serdemetan,MDM inhibitor,0.3734969100678423,0.2973162748192477,0.0761806352485945,False,"C(Cc1c[nH]c2ccccc12)Nc1ccc(Nc2ccncc2)cc1, C(Cc1c[nH]c2ccccc12)Nc1ccc(Nc2ccncc2)cc1",prism_treatment_info
b671e5063,BRD-K53561341-001-07-5,aurora-a-inhibitor-i,Aurora kinase inhibitor,0.3829867845321544,0.3175956847899783,0.0653910997421761,False,"CCN1CCN(CC1)C(=O)Cc1ccc(Nc2ncc(F)c(Nc3ccc(cc3)C(=O)Nc3ccccc3Cl)n2)cc1, CCN1CCN(CC1)C(=O)Cc1ccc(Nc2ncc(F)c(Nc3ccc(cc3)C(=O)Nc3ccccc3Cl)n2)cc1",prism_treatment_info
b67a81f96,BRD-K75923785-003-02-1,scopine,,0.331202646716208,0.313383007650804,0.017819639065404,False,"CN1[C@H]2C[C@H](O)C[C@@H]1[C@H]1O[C@@H]21, CN1[C@H]2C[C@H](O)C[C@@H]1[C@H]1O[C@@H]21",prism_treatment_info
b67df960c,BRD-K77625799-001-07-7,vandetanib,"EGFR inhibitor, RET tyrosine kinase inhibitor, VEGFR inhibitor",0.3460836139727042,0.3205894926021472,0.025494121370557,False,COc1cc2c(Nc3ccc(Br)cc3F)ncnc2cc1OCC1CCN(C)CC1,prism_treatment_info
b683db2f8,BRD-K63550407-001-12-7,erythromycin,NFkB pathway inhibitor,0.3677996506890264,0.3549756374904722,0.0128240131985542,False,"CC[C@H]1OC(=O)[C@H](C)[C@@H](O[C@H]2C[C@@](C)(OC)[C@@H](O)[C@H](C)O2)[C@H](C)[C@@H](O[C@@H]2O[C@H](C)C[C@@H]([C@H]2O)N(C)C)[C@](C)(O)C[C@@H](C)C(=O)[C@H](C)[C@@H](O)[C@]1(C)O, CC[C@H]1OC(=O)[C@H](C)[C@@H](O[C@H]2C[C@@](C)(OC)[C@@H](O)[C@H](C)O2)[C@H](C)[C@@H](O[C@@H]2O[C@H](C)C[C@@H]([C@H]2O)N(C)C)[C@](C)(O)C[C@@H](C)C(=O)[C@H](C)[C@@H](O)[C@]1(C)O, CC[C@H]1OC(=O)[C@H](C)[C@@H](O[C@H]2C[C@@](C)(OC)[C@@H](O)[C@H](C)O2)[C@H](C)[C@@H](O[C@@H]2O[C@H](C)C[C@@H]([C@H]2O)N(C)C)[C@](C)(O)C[C@@H](C)C(=O)[C@H](C)[C@@H](O)[C@]1(C)O, CC[C@H]1OC(=O)[C@H](C)[C@@H](O[C@H]2C[C@@](C)(OC)[C@@H](O)[C@H](C)O2)[C@H](C)[C@@H](O[C@@H]2O[C@H](C)C[C@@H]([C@H]2O)N(C)C)[C@](C)(O)C[C@@H](C)C(=O)[C@H](C)[C@@H](O)[C@]1(C)O",prism_treatment_info
b68db1d53,BRD-A92439610-001-05-7,triamcinolone-acetonide,"glucocorticoid receptor agonist, immunosuppressant",0.3316705369832404,0.3280303836297857,0.0036401533534546,False,"CC1(C)O[C@@H]2CC3C4CCC5=CC(=O)C=C[C@]5(C)[C@@]4(F)[C@@H](O)C[C@]3(C)[C@@]2(O1)C(=O)CO, CC1(C)O[C@@H]2CC3C4CCC5=CC(=O)C=C[C@]5(C)[C@@]4(F)[C@@H](O)C[C@]3(C)[C@@]2(O1)C(=O)CO",prism_treatment_info
b69604f5d,BRD-K46384212-001-02-9,o-3M3FBS,phospholipase activator,0.346091390461165,0.3069126216119203,0.0391787688492446,False,"Cc1cc(C)c(c(C)c1)S(=O)(=O)Nc1ccccc1C(F)(F)F, Cc1cc(C)c(c(C)c1)S(=O)(=O)Nc1ccccc1C(F)(F)F",prism_treatment_info
b6a1479c3,BRD-A40084411-003-07-7,CGP-12177,adrenergic receptor agonist,0.331675337099547,0.3216874260086093,0.0099879110909376,False,CC(C)(C)NCC(O)COc1cccc2[nH]c(O)nc12,prism_treatment_info
b6b3ee41d,BRD-K58114536-001-01-6,rasagiline,monoamine oxidase inhibitor,0.3548219238390624,0.2866781546611543,0.068143769177908,False,"C#CCN[C@@H]1CCc2ccccc12, C#CCN[C@@H]1CCc2ccccc12, C#CCN[C@@H]1CCc2ccccc12, C#CCN[C@@H]1CCc2ccccc12",prism_treatment_info
b6b4f212d,BRD-K15502390-001-20-9,nevirapine,non-nucleoside reverse transcriptase inhibitor,0.31588483507267,0.3057543273099154,0.0101305077627546,False,"Cc1ccnc2c1NC(=O)c1cccnc1N2C1CC1, Cc1ccnc2c1NC(=O)c1cccnc1N2C1CC1",prism_treatment_info
b6bf31aba,BRD-K11124378-001-04-6,ceftibuten,bacterial cell wall synthesis inhibitor,0.3502404563066918,0.3405239904592,0.0097164658474918,False,"Nc1nc(cs1)C(=C\CC(O)=O)\C(=O)N[C@H]1[C@H]2SCC=C(N2C1=O)C(O)=O, Nc1nc(cs1)C(=C\CC(O)=O)\C(=O)N[C@H]1[C@H]2SCC=C(N2C1=O)C(O)=O, Nc1nc(cs1)C(=C\CC(O)=O)\C(=O)N[C@H]1[C@H]2SCC=C(N2C1=O)C(O)=O, Nc1nc(cs1)C(=C\CC(O)=O)\C(=O)N[C@H]1[C@H]2SCC=C(N2C1=O)C(O)=O, Nc1nc(cs1)C(=C\CC(O)=O)\C(=O)N[C@H]1[C@H]2SCC=C(N2C1=O)C(O)=O",prism_treatment_info
b6c76c889,BRD-A56371469-001-03-3,AGI-5198,isocitrate dehydrogenase inhibitor,0.3674615332359489,0.3584973089248661,0.0089642243110828,False,Cc1nccn1CC(=O)N(C(C(=O)NC1CCCCC1)c1ccccc1C)c1cccc(F)c1,prism_treatment_info
b6d81559d,BRD-K56334280-001-05-1,amonafide,topoisomerase inhibitor,0.3662790942600236,0.3328678891228562,0.0334112051371673,False,CN(C)CCN1C(=O)c2cccc3cc(N)cc(C1=O)c23,prism_treatment_info
b6dc8d1e1,BRD-A17883755-001-06-1,lenalidomide,anticancer agent,0.3795595189113538,0.3705861148963391,0.0089734040150147,False,Nc1cccc2C(=O)N(Cc12)C1CCC(=O)NC1=O,prism_treatment_info
b70b5a087,BRD-K13050541-001-01-9,acivicin,gamma glutamyltransferase Inhibitors,0.4512976886636555,0.4103935208847225,0.040904167778933,False,N[C@H]([C@@H]1CC(Cl)=NO1)C(O)=O,prism_treatment_info
b71092051,BRD-K97464279-001-03-5,diaveridine,dihydrofolate reductase inhibitor,0.3196672232875356,0.314611968753452,0.0050552545340836,False,COc1ccc(Cc2cnc(N)nc2N)cc1OC,prism_treatment_info
b72b33e18,BRD-A74975734-004-10-7,homatropine,acetylcholine receptor antagonist,0.2846654788075092,0.2827841835637267,0.0018812952437824,False,"CN1[C@H]2CC[C@@H]1C[C@@H](C2)OC(=O)C(O)c1ccccc1, CN1[C@H]2CC[C@@H]1C[C@@H](C2)OC(=O)C(O)c1ccccc1",prism_treatment_info
b76f03e58,BRD-A25608658-001-01-1,narasin,antiprotozoal agent,0.339828216216966,0.3271878383600881,0.0126403778568778,False,CC[C@H]([C@@H]1O[C@@H]([C@@H](C)[C@H](O)[C@H](C)C(=O)[C@H](CC)[C@H]2O[C@@]3(O[C@@]4(CC[C@](C)(O4)C4CC[C@](O)(CC)[C@H](C)O4)[C@H](O)C=C3)[C@H](C)C[C@@H]2C)[C@@H](C)C[C@H]1C)C(O)=O,prism_treatment_info
b76f50e48,BRD-A62421304-004-18-9,mepenzolate,acetylcholine receptor antagonist,0.3710747944557447,0.3530070688336352,0.0180677256221094,False,"C[N+]1(C)CCCC(C1)OC(=O)C(O)(c1ccccc1)c1ccccc1, C[N+]1(C)CCCC(C1)OC(=O)C(O)(c1ccccc1)c1ccccc1",prism_treatment_info
b7847446b,BRD-K19972289-001-01-4,octinoxate,,0.3157330041434178,0.2938328851923801,0.0219001189510377,False,CCCC[C@@H](CC)COC(=O)\C=C\c1ccc(OC)cc1,prism_treatment_info
b79339b0f,BRD-K98155362-001-07-7,GR46611,serotonin receptor agonist,0.3494211706594117,0.3360103915386485,0.0134107791207632,False,"COc1ccc(CNC(=O)\C=C\c2ccc3[nH]cc(CCN(C)C)c3c2)cc1, COc1ccc(CNC(=O)\C=C\c2ccc3[nH]cc(CCN(C)C)c3c2)cc1",prism_treatment_info
b79576a34,BRD-A80017228-001-25-7,bendroflumethiazide,sodium/potassium/chloride transporter inhibitor,0.3615280138253737,0.3278543240052167,0.0336736898201569,False,"NS(=O)(=O)c1cc2c(NC(Cc3ccccc3)NS2(=O)=O)cc1C(F)(F)F, NS(=O)(=O)c1cc2c(NC(Cc3ccccc3)NS2(=O)=O)cc1C(F)(F)F",prism_treatment_info
b79ec161d,BRD-A63546914-003-02-0,Ro-04-5595,,0.3778127065481103,0.3194264492212407,0.0583862573268695,False,"COc1cc2CCN(C)C(CCc3ccc(Cl)cc3)c2cc1O, COc1cc2CCN(C)C(CCc3ccc(Cl)cc3)c2cc1O",prism_treatment_info
b7a3583dc,BRD-K54606188-001-13-1,JQ1-(+),bromodomain inhibitor,0.537289925854408,0.4197552397281361,0.1175346861262718,True,"Cc1sc-2c(c1C)C(=N[C@@H](CC(=O)OC(C)(C)C)c1nnc(C)n-21)c1ccc(Cl)cc1, Cc1sc-2c(c1C)C(=N[C@@H](CC(=O)OC(C)(C)C)c1nnc(C)n-21)c1ccc(Cl)cc1",prism_treatment_info
b7bab2ffc,BRD-A26384407-001-25-1,chlorthalidone,carbonic anhydrase inhibitor,0.2715533927114114,0.2679052861420616,0.0036481065693497,False,NS(=O)(=O)c1cc(ccc1Cl)C1(O)NC(=O)c2ccccc12,prism_treatment_info
b7ec107f4,BRD-K47264279-001-08-9,psoralen,,0.3765815345700666,0.3217117928435178,0.0548697417265487,False,O=c1ccc2cc3ccoc3cc2o1,prism_treatment_info
b8076d81b,BRD-K20013301-001-02-6,LY411575,gamma secretase inhibitor,0.3346312368346094,0.3208341560649519,0.0137970807696574,False,C[C@H](NC(=O)[C@@H](O)c1cc(F)cc(F)c1)C(=O)N[C@H]1c2ccccc2-c2ccccc2N(C)C1=O,prism_treatment_info
b81934957,BRD-K68132782-003-13-8,terbinafine,fungal squalene epoxidase inhibitor,0.3710944097917267,0.2981716589463207,0.0729227508454059,False,"CN(C\C=C\C#CC(C)(C)C)Cc1cccc2ccccc12, CN(C\C=C\C#CC(C)(C)C)Cc1cccc2ccccc12, CN(C\C=C\C#CC(C)(C)C)Cc1cccc2ccccc12",prism_treatment_info
b81a181db,BRD-K73157543-001-04-1,phenyl-aminosalicylate,,0.3707509130186713,0.3345541255302188,0.0361967874884525,False,Nc1ccc(C(=O)Oc2ccccc2)c(O)c1,prism_treatment_info
b82c2dad0,BRD-K60907894-003-23-5,adiphenine,acetylcholine receptor antagonist,0.3379305154407533,0.2769677361988384,0.0609627792419149,False,"CCN(CC)CCOC(=O)C(c1ccccc1)c1ccccc1, CCN(CC)CCOC(=O)C(c1ccccc1)c1ccccc1",prism_treatment_info
b84f67593,BRD-K65544384-001-15-8,4-aminohippuric-acid,,0.408988005963421,0.3549568157528349,0.0540311902105861,False,"Nc1ccc(cc1)C(=O)NCC(O)=O, Nc1ccc(cc1)C(=O)NCC(O)=O, Nc1ccc(cc1)C(=O)NCC(O)=O, Nc1ccc(cc1)C(=O)NCC(O)=O, Nc1ccc(cc1)C(=O)NCC(O)=O",prism_treatment_info
b850ca8ed,BRD-A68888262-003-15-1,azelastine,histamine receptor antagonist,0.3732930609323151,0.3222785200916336,0.0510145408406815,False,"CN1CCCC(CC1)n1nc(Cc2ccc(Cl)cc2)c2ccccc2c1=O, CN1CCCC(CC1)n1nc(Cc2ccc(Cl)cc2)c2ccccc2c1=O",prism_treatment_info
b858decde,BRD-K35589454-003-01-1,danegaptide,gap junction modulator,0.3041845964158608,0.2663614404569906,0.0378231559588702,False,NCC(=O)N1C[C@@H](C[C@H]1C(O)=O)NC(=O)c1ccccc1,prism_treatment_info
b877aa048,BRD-K41410256-304-02-2,balsalazide,cyclooxygenase inhibitor,0.3856471236853825,0.3797636520559516,0.0058834716294308,False,OC(=O)CCNC(=O)c1ccc(cc1)N=Nc1ccc(O)c(c1)C(O)=O,prism_treatment_info
b87de58d4,BRD-K95292280-001-01-3,SB-657510,urotensin receptor antagonist,0.3447035801184634,0.3354981219480272,0.0092054581704362,False,"COc1cc(Br)c(cc1OC)S(=O)(=O)Nc1ccc(Cl)c(O[C@@H]2CCN(C)C2)c1, COc1cc(Br)c(cc1OC)S(=O)(=O)Nc1ccc(Cl)c(O[C@@H]2CCN(C)C2)c1",prism_treatment_info
b8bffd104,BRD-K93176058-001-03-6,AC-55649,retinoid receptor agonist,0.3628454183056261,0.327867336872333,0.0349780814332931,False,"CCCCCCCCc1ccc(cc1)-c1ccc(cc1)C(O)=O, CCCCCCCCc1ccc(cc1)-c1ccc(cc1)C(O)=O",prism_treatment_info
b92159903,BRD-K01683783-001-02-6,TAK-901,Aurora kinase inhibitor,0.7248770026401611,0.5620813956835077,0.1627956069566534,True,CCS(=O)(=O)c1cccc(c1)-c1cc(C(=O)NC2CCN(C)CC2)c(C)c2[nH]c3ncc(C)cc3c12,prism_treatment_info
b951836ee,BRD-A14574269-051-02-2,UB-165,acetylcholine receptor agonist,0.3712368310288547,0.3548929558796475,0.0163438751492072,False,"Clc1ccc(cn1)C1=CCCC2CCC1N2, Clc1ccc(cn1)C1=CCCC2CCC1N2",prism_treatment_info
b9563568f,BRD-K33127281-001-05-6,adapalene,retinoid receptor agonist,0.3536843770540065,0.3124466359987476,0.0412377410552588,False,"COc1ccc(cc1C12CC3CC(CC(C3)C1)C2)-c1ccc2cc(ccc2c1)C(O)=O, COc1ccc(cc1C12CC3CC(CC(C3)C1)C2)-c1ccc2cc(ccc2c1)C(O)=O, COc1ccc(cc1C12CC3CC(CC(C3)C1)C2)-c1ccc2cc(ccc2c1)C(O)=O",prism_treatment_info
b96d23f70,BRD-K31309378-001-01-5,lucitanib,"FGFR inhibitor, VEGFR inhibitor",0.5945449429401181,0.5158761822630547,0.0786687606770634,True,CNC(=O)c1cccc2cc(ccc12)Oc1ccnc2cc(OCC3(N)CC3)c(OC)cc12,prism_treatment_info
b96fb04fa,BRD-K52075715-001-06-7,oxibendazole,tubulin polymerization inhibitor,0.6154743263902086,0.5966062534767784,0.0188680729134301,True,"CCCOc1ccc2nc(NC(=O)OC)[nH]c2c1, CCCOc1ccc2nc(NC(=O)OC)[nH]c2c1",prism_treatment_info
b974bd605,BRD-K52559566-001-02-9,monosodium-alpha-luminol,,0.3007843766695652,0.2966863360466025,0.0040980406229627,False,"Nc1cccc2c1c(=O)[nH][nH]c2=O, Nc1cccc2c1c(=O)[nH][nH]c2=O",prism_treatment_info
b97d80842,BRD-K62627508-001-01-5,idasanutlin,MDM inhibitor,0.8065610379511834,0.3458520967967691,0.4607089411544143,True,COc1cc(ccc1NC(=O)[C@@H]1N[C@@H](CC(C)(C)C)[C@@](C#N)([C@H]1c1cccc(Cl)c1F)c1ccc(Cl)cc1F)C(O)=O,prism_treatment_info
b99b631e2,BRD-K13078532-001-28-4,hydrochlorothiazide,thiazide diuretic,0.3302672023000307,0.3140032947186829,0.0162639075813478,False,"NS(=O)(=O)c1cc2c(NCNS2(=O)=O)cc1Cl, NS(=O)(=O)c1cc2c(NCNS2(=O)=O)cc1Cl",prism_treatment_info
b9afc9998,BRD-A91822151-001-05-0,picrotin,GABA receptor antagonist,0.3669953577326614,0.3588274186977038,0.0081679390349575,False,CC(C)(O)C1C2OC(=O)C1C1(O)CC3OC33C(=O)OC2C13C,prism_treatment_info
b9be84f1c,BRD-K34185671-001-02-8,AMG-517,TRPV antagonist,0.378582611870007,0.3566745704462202,0.0219080414237868,False,CC(=O)Nc1nc2c(Oc3cc(ncn3)-c3ccc(cc3)C(F)(F)F)cccc2s1,prism_treatment_info
b9c830e75,BRD-K86727142-001-12-4,embelin,"HCV inhibitor, XIAP inhibitor",0.3151394031076867,0.3049214480935975,0.0102179550140892,False,"CCCCCCCCCCCC1C(=O)C(=O)CC(=O)C1=O, CCCCCCCCCCCC1C(=O)C(=O)CC(=O)C1=O, CCCCCCCCCCCC1C(=O)C(=O)CC(=O)C1=O",prism_treatment_info
b9d3380ee,BRD-A01907367-001-01-7,FK-33-824,opioid receptor agonist,0.3852518066398271,0.3106751075784141,0.074576699061413,False,C[C@H](NC(=O)[C@@H](N)Cc1ccc(O)cc1)C(=O)NCC(=O)N(C)[C@@H](Cc1ccccc1)C(=O)N[C@H](CO)CCS(C)=O,prism_treatment_info
b9e3cb10b,BRD-K51247865-001-01-2,ipragliflozin-l-proline,sodium/glucose cotransporter inhibitor,0.3127293064272465,0.2885690741071625,0.024160232320084,False,OC[C@H]1O[C@H]([C@H](O)[C@@H](O)[C@@H]1O)c1ccc(F)c(Cc2cc3ccccc3s2)c1,prism_treatment_info
b9eb31aef,BRD-K81801188-001-02-8,PP-121,protein tyrosine kinase inhibitor,0.5246437058652091,0.4136241877490947,0.1110195181161144,True,"C1CCC(C1)n1nc(-c2cnc3[nH]ccc3c2)c2c(N)ncnc12, C1CCC(C1)n1nc(-c2cnc3[nH]ccc3c2)c2c(N)ncnc12",prism_treatment_info
b9eb60402,BRD-K68756823-001-07-1,FR-180204,MAP kinase inhibitor,0.3089956173580933,0.2735904098025645,0.0354052075555287,False,"Nc1[nH]nc2nnc(cc12)-c1c(nn2ccccc12)-c1ccccc1, Nc1[nH]nc2nnc(cc12)-c1c(nn2ccccc12)-c1ccccc1",prism_treatment_info
b9f7f3b59,BRD-K75923785-003-02-1,scopine,,0.375484774244578,0.3380863944434687,0.0373983798011092,False,"CN1[C@H]2C[C@H](O)C[C@@H]1[C@H]1O[C@@H]21, CN1[C@H]2C[C@H](O)C[C@@H]1[C@H]1O[C@@H]21",prism_treatment_info
b9ffc9444,BRD-K91290917-300-01-8,amodiaquine,histamine receptor agonist,0.3586205907908053,0.3253631970873717,0.0332573937034335,False,"CCN(CC)Cc1cc(Nc2ccnc3cc(Cl)ccc23)ccc1O, CCN(CC)Cc1cc(Nc2ccnc3cc(Cl)ccc23)ccc1O",prism_treatment_info
ba08ac4bc,BRD-K82928847-001-04-7,ACY-1215,HDAC inhibitor,0.3911886618934956,0.3805793073443095,0.010609354549186,False,ONC(=O)CCCCCCNC(=O)c1cnc(nc1)N(c1ccccc1)c1ccccc1,prism_treatment_info
ba87a83c2,BRD-K52523550-001-01-5,N-acetylcarnosine,,0.3807143157362607,0.3580600967433773,0.0226542189928833,False,CC(=O)NCCC(=O)N[C@@H](Cc1c[nH]cn1)C(O)=O,prism_treatment_info
ba9f99c9c,BRD-K73440166-001-01-3,cinaciguat,guanylate cyclase activator,0.3604548850442703,0.3509647267082404,0.0094901583360299,False,OC(=O)CCCCN(CCc1ccccc1OCc1ccc(CCc2ccccc2)cc1)Cc1ccc(cc1)C(O)=O,prism_treatment_info
baa461424,BRD-A81370665-001-03-6,BI-D1870,ribosomal protein inhibitor,0.3115138888407192,0.2958627413064005,0.0156511475343187,False,"CC(C)CCN1C(C)C(=O)N(C)c2cnc(Nc3cc(F)c(O)c(F)c3)nc12, CC(C)CCN1C(C)C(=O)N(C)c2cnc(Nc3cc(F)c(O)c(F)c3)nc12, CC(C)CCN1C(C)C(=O)N(C)c2cnc(Nc3cc(F)c(O)c(F)c3)nc12",prism_treatment_info
bab6fe7b9,BRD-K78789465-001-02-4,pentagastrin,CCK receptor agonist,0.3626212806660253,0.3302707894011076,0.0323504912649177,False,"CSCC[C@H](NC(=O)[C@H](Cc1c[nH]c2ccccc12)NC(=O)CCNC(=O)OC(C)(C)C)C(=O)N[C@@H](CC(O)=O)C(=O)N[C@@H](Cc1ccccc1)C(N)=O, CSCC[C@H](NC(=O)[C@H](Cc1c[nH]c2ccccc12)NC(=O)CCNC(=O)OC(C)(C)C)C(=O)N[C@@H](CC(O)=O)C(=O)N[C@@H](Cc1ccccc1)C(N)=O",prism_treatment_info
bac4b7207,BRD-K81957469-001-01-0,semagacestat,gamma secretase inhibitor,0.3175901342174705,0.3087516876265019,0.0088384465909686,False,CC(C)[C@H](O)C(=O)N[C@@H](C)C(=O)N[C@@H]1c2ccccc2CCN(C)C1=O,prism_treatment_info
bace3ccc5,BRD-K28007504-051-01-2,Ro-60-0175,,0.4002456638651698,0.3613520960974102,0.0388935677677595,False,"C[C@H](N)Cn1ccc2cc(F)c(Cl)cc12, C[C@H](N)Cn1ccc2cc(F)c(Cl)cc12",prism_treatment_info
bad2c5166,BRD-K26548821-003-10-5,quinpirol-(-),dopamine receptor agonist,0.3780326656306796,0.3458598510327595,0.03217281459792,False,"CCCN1CCC[C@@H]2Cc3n[nH]cc3C[C@@H]12, CCCN1CCC[C@@H]2Cc3n[nH]cc3C[C@@H]12",prism_treatment_info
baf38e303,BRD-K67772619-001-05-1,rheochrysidin,protein tyrosine kinase inhibitor,0.3781020263171412,0.356391264409309,0.0217107619078322,False,COc1cc(O)c2C(=O)c3c(O)cc(C)cc3C(=O)c2c1,prism_treatment_info
bb2e94862,BRD-K99498722-001-02-6,plinabulin,tubulin polymerization inhibitor,0.3480953105660696,0.3423429140928121,0.0057523964732574,False,"CC(C)(C)c1[nH]cnc1\C=c1/[nH]c(=O)\c(=C\c2ccccc2)[nH]c1=O, CC(C)(C)c1[nH]cnc1\C=c1/[nH]c(=O)\c(=C\c2ccccc2)[nH]c1=O, CC(C)(C)c1[nH]cnc1\C=c1/[nH]c(=O)\c(=C\c2ccccc2)[nH]c1=O",prism_treatment_info
bb3b7c7d5,BRD-K28392481-001-05-1,AZD4547,FGFR inhibitor,0.4491858043383538,0.4453067460436541,0.0038790582946997,False,COc1cc(CCc2cc(NC(=O)c3ccc(cc3)N3C[C@H](C)N[C@H](C)C3)n[nH]2)cc(OC)c1,prism_treatment_info
bb3e8a4f7,BRD-U51753822-000-01-1,phosphatidylcholine,,0.2642502948385618,0.2629758982829303,0.0012743965556315,False,", CCCCCCCCCCCCCCCC(=O)OC[C@H](COP(O)(=O)OCC[N+](C)(C)C)OC(=O)CCCCCCC\C=C/C\C=C/CCCCC",prism_treatment_info
bb5876e3e,BRD-K40887525-001-21-9,ritanserin,serotonin receptor antagonist,0.3790562407544109,0.3596662430214749,0.0193899977329359,False,"Cc1nc2sccn2c(=O)c1CCN1CCC(CC1)=C(c1ccc(F)cc1)c1ccc(F)cc1, Cc1nc2sccn2c(=O)c1CCN1CCC(CC1)=C(c1ccc(F)cc1)c1ccc(F)cc1, Cc1nc2sccn2c(=O)c1CCN1CCC(CC1)=C(c1ccc(F)cc1)c1ccc(F)cc1",prism_treatment_info
bb7bcdbc2,BRD-K32744045-001-31-2,disulfiram,"aldehyde dehydrogenase inhibitor, DNA methyltransferase inhibitor, TRPV agonist",0.3792522016082701,0.3097278765321778,0.0695243250760922,False,"CCN(CC)C(=S)SSC(=S)N(CC)CC, CCN(CC)C(=S)SSC(=S)N(CC)CC, CCN(CC)C(=S)SSC(=S)N(CC)CC",prism_treatment_info
bb9ea924c,BRD-A71033472-003-23-9,fendiline,calcium channel blocker,0.3802785040000359,0.2996823470334878,0.0805961569665481,False,CC(NCCC(c1ccccc1)c1ccccc1)c1ccccc1,prism_treatment_info
bba687caa,BRD-A69636825-003-04-7,diltiazem,calcium channel blocker,0.3079779845986184,0.3061293597827579,0.0018486248158604,False,"COc1ccc(cc1)[C@@H]1Sc2ccccc2N(CCN(C)C)C(=O)[C@@H]1OC(C)=O, COc1ccc(cc1)C1Sc2ccccc2N(CCN(C)C)C(=O)C1OC(C)=O, COc1ccc(cc1)[C@@H]1Sc2ccccc2N(CCN(C)C)C(=O)[C@@H]1OC(C)=O, COc1ccc(cc1)[C@@H]1Sc2ccccc2N(CCN(C)C)C(=O)[C@@H]1OC(C)=O",prism_treatment_info
bbae00d6d,BRD-K91601245-001-12-0,mercaptopurine,"immunosuppressant, protein synthesis inhibitor, purine antagonist",0.3438248409316082,0.333417603070119,0.0104072378614892,False,"S=c1[nH]cnc2nc[nH]c12, S=c1[nH]cnc2nc[nH]c12",prism_treatment_info
bbd36745d,BRD-K16810791-001-01-0,LGK-974,porcupine inhibitor,0.2731466797208406,0.2723845211416636,0.000762158579177,False,Cc1cc(ccn1)-c1ncc(CC(=O)Nc2ccc(cn2)-c2cnccn2)cc1C,prism_treatment_info
bbec32b06,BRD-K89402695-001-02-3,L-655240,thromboxane receptor antagonist,0.3610469704415791,0.3268398878913622,0.0342070825502169,False,"Cc1c(CC(C)(C)C(O)=O)n(Cc2ccc(Cl)cc2)c2ccc(F)cc12, Cc1c(CC(C)(C)C(O)=O)n(Cc2ccc(Cl)cc2)c2ccc(F)cc12",prism_treatment_info
bbfef20b7,BRD-K95053546-001-01-9,tempol,free radical scavenger,0.5088545001426457,0.5068993859041032,0.0019551142385424,True,"CC1(C)CC(O)CC(C)(C)N1O, CC1(C)CC(O)CC(C)(C)N1O, CC1(C)CC(O)CC(C)(C)N1O",prism_treatment_info
bc21046fe,BRD-K82746043-001-15-1,navitoclax,BCL inhibitor,0.3793485235608066,0.3392656577563215,0.0400828658044851,False,"CC1(C)CCC(=C(CN2CCN(CC2)c2ccc(cc2)C(=O)NS(=O)(=O)c2ccc(N[C@H](CCN3CCOCC3)CSc3ccccc3)c(c2)S(=O)(=O)C(F)(F)F)C1)c1ccc(Cl)cc1, CC1(C)CCC(=C(CN2CCN(CC2)c2ccc(cc2)C(=O)NS(=O)(=O)c2ccc(N[C@H](CCN3CCOCC3)CSc3ccccc3)c(c2)S(=O)(=O)C(F)(F)F)C1)c1ccc(Cl)cc1",prism_treatment_info
bc45ee7ed,BRD-A79431551-001-01-1,3-deazaadenosine,adenosylhomocysteinase inhibitor,0.342878888082346,0.3189993974010016,0.0238794906813444,False,Nc1nccc2n(cnc12)[C@@H]1O[C@H](CO)C(O)C1O,prism_treatment_info
bc4f0ef29,BRD-K73157543-001-04-1,phenyl-aminosalicylate,,0.3720750623840028,0.3322991178988377,0.039775944485165,False,Nc1ccc(C(=O)Oc2ccccc2)c(O)c1,prism_treatment_info
bc52b55cf,BRD-A94276798-001-01-4,talinolol,adrenergic receptor antagonist,0.3081837223842921,0.3081299697815037,5.375260278833727e-05,False,CC(C)(C)NCC(O)COc1ccc(NC(=O)NC2CCCCC2)cc1,prism_treatment_info
bc591dbce,BRD-K51040301-001-02-1,cobicistat,cytochrome P450 inhibitor,0.4098410856972707,0.3430338334511632,0.0668072522461075,False,CC(C)c1nc(CN(C)C(=O)N[C@@H](CCN2CCOCC2)C(=O)N[C@H](CC[C@H](Cc2ccccc2)NC(=O)OCc2cncs2)Cc2ccccc2)cs1,prism_treatment_info
bc68fbfe5,BRD-K35960502-001-20-0,niclosamide,"DNA replication inhibitor, STAT inhibitor",0.3672583473806985,0.3307249619014694,0.0365333854792291,False,"Oc1ccc(Cl)cc1C(=O)Nc1ccc(cc1Cl)[N+]([O-])=O, Oc1ccc(Cl)cc1C(=O)Nc1ccc(cc1Cl)[N+]([O-])=O",prism_treatment_info
bc7aac3d2,BRD-K49865102-001-08-4,PD-0325901,MEK inhibitor,0.3824623040114323,0.3479833957949321,0.0344789082165001,False,OC[C@@H](O)CONC(=O)c1ccc(F)c(F)c1Nc1ccc(I)cc1F,prism_treatment_info
bc8f3b60e,BRD-K86436199-003-01-3,landiolol,adrenergic receptor antagonist,0.3379406267233075,0.3220010436123987,0.0159395831109088,False,CC1(C)OC[C@@H](COC(=O)CCc2ccc(OC[C@@H](O)CNCCNC(=O)N3CCOCC3)cc2)O1,prism_treatment_info
bcaae6660,BRD-K59831625-001-01-6,LDN-212854,bone morphogenic protein inhibitor,0.4536491567808355,0.3064672975798416,0.1471818592009939,False,"C1CN(CCN1)c1ccc(cc1)-c1cnc2c(cnn2c1)-c1cccc2ncccc12, C1CN(CCN1)c1ccc(cc1)-c1cnc2c(cnn2c1)-c1cccc2ncccc12",prism_treatment_info
bcbfeb611,BRD-K66353228-001-14-6,zoxazolamine,myorelaxant,0.4058302638028174,0.4035458098494391,0.0022844539533782,False,"Nc1nc2cc(Cl)ccc2o1, Nc1nc2cc(Cl)ccc2o1",prism_treatment_info
bcc1eace2,BRD-K42095107-001-17-1,daidzein,estrogen receptor agonist,0.3814388874618485,0.269894875028408,0.1115440124334405,False,"Oc1ccc(cc1)-c1coc2cc(O)ccc2c1=O, Oc1ccc(cc1)-c1coc2cc(O)ccc2c1=O, Oc1ccc(cc1)-c1coc2cc(O)ccc2c1=O, Oc1ccc(cc1)-c1coc2cc(O)ccc2c1=O, Oc1ccc(cc1)-c1coc2cc(O)ccc2c1=O",prism_treatment_info
bce9dc5c8,BRD-A55312468-001-04-7,k-strophanthidin,ATPase inhibitor,0.6595538340045927,0.4700992456968301,0.1894545883077625,True,C[C@]12CCC3C(CC[C@]4(O)C[C@@H](O)CC[C@]34C=O)[C@@]1(O)CCC2C1=CC(=O)OC1,prism_treatment_info
bcfa1dcb0,BRD-K99545815-001-06-3,PF-562271,focal adhesion kinase inhibitor,0.4187377501193907,0.4166924808307298,0.0020452692886608,False,"CN(c1ncccc1CNc1nc(Nc2ccc3NC(=O)Cc3c2)ncc1C(F)(F)F)S(C)(=O)=O, CN(c1ncccc1CNc1nc(Nc2ccc3NC(=O)Cc3c2)ncc1C(F)(F)F)S(C)(=O)=O, CN(c1ncccc1CNc1nc(Nc2ccc3NC(=O)Cc3c2)ncc1C(F)(F)F)S(C)(=O)=O, CN(c1ncccc1CNc1nc(Nc2ccc3NC(=O)Cc3c2)ncc1C(F)(F)F)S(C)(=O)=O",prism_treatment_info
bd1ff4469,BRD-K77908580-001-09-6,entinostat,HDAC inhibitor,0.2992972632630103,0.2861634656636236,0.0131337975993867,False,"Nc1ccccc1NC(=O)c1ccc(CNC(=O)OCc2cccnc2)cc1, Nc1ccccc1NC(=O)c1ccc(CNC(=O)OCc2cccnc2)cc1",prism_treatment_info
bd2140972,BRD-K30213273-001-01-6,fenofibric-acid,cytochrome P450 inhibitor,0.3518832397351296,0.3018239002364604,0.0500593394986692,False,CC(C)(Oc1ccc(cc1)C(=O)c1ccc(Cl)cc1)C(O)=O,prism_treatment_info
bd30d81ce,BRD-K75466013-001-14-4,benzocaine,sodium channel blocker,0.4006073237662039,0.3181556165986298,0.0824517071675741,False,"CCOC(=O)c1ccc(N)cc1, CCOC(=O)c1ccc(N)cc1",prism_treatment_info
bd3c1b66c,BRD-K09090523-001-02-1,firocoxib,cyclooxygenase inhibitor,0.3359379525035915,0.3234505614431124,0.0124873910604791,False,CC1(C)OC(=O)C(OCC2CC2)=C1c1ccc(cc1)S(C)(=O)=O,prism_treatment_info
bd4236d75,BRD-K24616672-003-20-1,procaine,HMGCR inhibitor,0.3229046452532132,0.285730403975923,0.0371742412772902,False,"CCN(CC)CCOC(=O)c1ccc(N)cc1, CCN(CC)CCOC(=O)c1ccc(N)cc1",prism_treatment_info
bd4451816,BRD-K46331928-001-05-8,ethynodiol-diacetate,,0.3599561474146868,0.2683025874710464,0.0916535599436403,False,"CC(=O)O[C@H]1CC[C@@H]2[C@H]3CC[C@@]4(C)[C@@H](CC[C@@]4(OC(C)=O)C#C)[C@@H]3CCC2=C1, CC(=O)O[C@H]1CC[C@@H]2[C@H]3CC[C@@]4(C)[C@@H](CC[C@@]4(OC(C)=O)C#C)[C@@H]3CCC2=C1, CC(=O)O[C@H]1CC[C@@H]2[C@H]3CC[C@@]4(C)[C@@H](CC[C@@]4(OC(C)=O)C#C)[C@@H]3CCC2=C1",prism_treatment_info
bd5431fe8,BRD-K78637815-001-02-2,LY320135,cannabinoid receptor antagonist,0.2976667840337203,0.2852230815394884,0.0124437024942318,False,COc1ccc(cc1)-c1oc2cc(OC)ccc2c1C(=O)c1ccc(cc1)C#N,prism_treatment_info
bd7188b3c,BRD-K81876028-300-02-0,CP-93129,serotonin receptor agonist,0.317865382016228,0.2940309611757852,0.0238344208404428,False,O=c1ccc2[nH]cc(C3=CCNCC3)c2[nH]1,prism_treatment_info
bd8a2b7eb,BRD-A30403214-001-03-3,edelfosine,phospholipase inhibitor,0.2857485664203653,0.2763014084704322,0.0094471579499331,False,"CCCCCCCCCCCCCCCCCCOC[C@H](COP(O)(=O)OCC[N+](C)(C)C)OC, CCCCCCCCCCCCCCCCCCOC[C@H](COP(O)(=O)OCC[N+](C)(C)C)OC",prism_treatment_info
bd9cf521f,BRD-A19633847-050-32-1,perhexiline,carnitine palmitoyltransferase inhibitor,0.4004580200284058,0.3158718160914781,0.0845862039369277,False,C(C(C1CCCCC1)C1CCCCC1)C1CCCCN1,prism_treatment_info
bda439de9,BRD-K77908580-001-09-6,entinostat,HDAC inhibitor,0.3506990036113107,0.3463299527385541,0.0043690508727565,False,"Nc1ccccc1NC(=O)c1ccc(CNC(=O)OCc2cccnc2)cc1, Nc1ccccc1NC(=O)c1ccc(CNC(=O)OCc2cccnc2)cc1",prism_treatment_info
bdada81cf,BRD-A33514596-003-01-2,N-benzylnaltrindole,opioid receptor antagonist,0.3304572338094513,0.3114524030360101,0.0190048307734412,False,Oc1ccc2CC3N(CC4CC4)CC[C@@]45[C@@H](Oc1c24)c1c(C[C@@]35O)c2ccccc2n1Cc1ccccc1,prism_treatment_info
bdb7a88cb,BRD-K79892937-001-02-5,phenolsulfonphthalein,,0.3642135099442667,0.2986856296008116,0.0655278803434551,False,Oc1ccc(cc1)C1(OS(=O)(=O)c2ccccc12)c1ccc(O)cc1,prism_treatment_info
bdd03a71e,BRD-K79602928-003-19-9,metformin,insulin sensitizer,0.3713781639992588,0.319787740551922,0.0515904234473367,False,"CN(C)C(=N)NC(N)=N, CN(C)C(=N)NC(N)=N, CN(C)C(=N)NC(N)=N",prism_treatment_info
bdec86385,BRD-K58968598-001-03-6,sucralose,,0.3268342636416161,0.3068133584308748,0.0200209052107412,False,"OC[C@H]1O[C@H](O[C@]2(CCl)O[C@H](CCl)[C@@H](O)[C@@H]2O)[C@H](O)[C@@H](O)[C@H]1Cl, OC[C@H]1O[C@H](O[C@]2(CCl)O[C@H](CCl)[C@@H](O)[C@@H]2O)[C@H](O)[C@@H](O)[C@H]1Cl",prism_treatment_info
bdeea739b,BRD-K15164005-001-05-6,apoptosis-activator-II,carboxylesterase inhibitor,0.3496944390713314,0.3344950410428523,0.015199398028479,False,"Clc1ccc(CN2C(=O)C(=O)c3ccccc23)cc1Cl, Clc1ccc(CN2C(=O)C(=O)c3ccccc23)cc1Cl, Clc1ccc(CN2C(=O)C(=O)c3ccccc23)cc1Cl",prism_treatment_info
be21df6a7,BRD-K55705469-065-01-0,penbutolol,adrenergic receptor antagonist,0.3214897638671012,0.3028555547275197,0.0186342091395815,False,CC(C)(C)NC[C@H](O)COc1ccccc1C1CCCC1,prism_treatment_info
be250c977,BRD-K72327355-001-14-7,baicalein,lipoxygenase inhibitor,0.3192014209404273,0.2676477775707267,0.0515536433697006,False,"Oc1cc2oc(cc(=O)c2c(O)c1O)-c1ccccc1, Oc1cc2oc(cc(=O)c2c(O)c1O)-c1ccccc1, Oc1cc2oc(cc(=O)c2c(O)c1O)-c1ccccc1",prism_treatment_info
be36e3919,BRD-K09295674-001-09-8,carzenide,,0.3053356509787251,0.3040388384002991,0.001296812578426,False,NS(=O)(=O)c1ccc(cc1)C(O)=O,prism_treatment_info
be3cd78c2,BRD-K74305673-001-06-2,IKK-2-inhibitor-V,"IKK inhibitor, NFkB pathway inhibitor",0.4658987044583484,0.4060847148919554,0.059813989566393,False,"Oc1ccc(Cl)cc1C(=O)Nc1cc(cc(c1)C(F)(F)F)C(F)(F)F, Oc1ccc(Cl)cc1C(=O)Nc1cc(cc(c1)C(F)(F)F)C(F)(F)F",prism_treatment_info
be4289e63,BRD-K19687926-379-07-4,lapatinib,EGFR inhibitor,0.4272813817106776,0.4030102151929866,0.024271166517691,False,"CS(=O)(=O)CCNCc1ccc(o1)-c1ccc2ncnc(Nc3ccc(OCc4cccc(F)c4)c(Cl)c3)c2c1, CS(=O)(=O)CCNCc1ccc(o1)-c1ccc2ncnc(Nc3ccc(OCc4cccc(F)c4)c(Cl)c3)c2c1, CS(=O)(=O)CCNCc1ccc(o1)-c1ccc2ncnc(Nc3ccc(OCc4cccc(F)c4)c(Cl)c3)c2c1",prism_treatment_info
be5978484,BRD-K07283971-001-01-3,oxyclozanide,,0.333288280161617,0.3065696502863142,0.0267186298753027,False,Oc1c(Cl)cc(Cl)cc1NC(=O)c1c(O)c(Cl)cc(Cl)c1Cl,prism_treatment_info
be6a0b3a7,BRD-K27217864-001-22-3,butamben,sodium channel blocker,0.2828165802404435,0.2633225868824154,0.0194939933580281,False,CCCCOC(=O)c1ccc(N)cc1,prism_treatment_info
be8241da4,BRD-K97163964-001-03-3,L-Aspartic-Acid,metallic radical formation stimulant,0.3815453499705603,0.3722459485496873,0.0092994014208729,False,"N[C@@H](CC(O)=O)C(O)=O, N[C@@H](CC(O)=O)C(O)=O",prism_treatment_info
be944f78a,BRD-K91370081-001-25-1,anisomycin,DNA synthesis inhibitor,0.2763608685831049,0.2528426488118268,0.0235182197712781,False,COc1ccc(C[C@H]2NC[C@H](O)[C@H]2OC(C)=O)cc1,prism_treatment_info
be94ae2b9,BRD-K54395039-001-01-7,PR-619,DUB inhibitor,0.5216393838112376,0.3818359414990725,0.1398034423121651,True,"Nc1nc(N)c(SC#N)cc1SC#N, Nc1nc(N)c(SC#N)cc1SC#N",prism_treatment_info
beb21d2bc,BRD-K61868322-050-01-7,tenofovir-disoproxil,nucleoside reverse transcriptase inhibitor,0.3164654844705096,0.2949134256540969,0.0215520588164127,False,"CC(C)OC(=O)OCOP(=O)(CO[C@H](C)Cn1cnc2c(N)ncnc12)OCOC(=O)OC(C)C, CC(C)OC(=O)OCOP(=O)(CO[C@H](C)Cn1cnc2c(N)ncnc12)OCOC(=O)OC(C)C",prism_treatment_info
bebfc7fe6,BRD-K49075727-001-08-5,nintedanib,"FGFR inhibitor, PDGFR tyrosine kinase receptor inhibitor, VEGFR inhibitor",0.5107342670884389,0.4901126381274451,0.0206216289609938,True,"COC(=O)c1ccc2c(NC(=O)\C2=C(/Nc2ccc(cc2)N(C)C(=O)CN2CCN(C)CC2)c2ccccc2)c1, COC(=O)c1ccc2c(NC(=O)\C2=C(/Nc2ccc(cc2)N(C)C(=O)CN2CCN(C)CC2)c2ccccc2)c1",prism_treatment_info
bed53c75f,BRD-K30867024-003-03-3,SB-216641,serotonin receptor antagonist,0.3739484655720363,0.3460448644594616,0.0279036011125747,False,COc1ccc(NC(=O)c2ccc(cc2)-c2ccc(cc2C)-c2noc(C)n2)cc1OCCN(C)C,prism_treatment_info
bef164506,BRD-K64785675-001-04-0,TG100-115,PI3K inhibitor,0.3210558872270004,0.2839947491893135,0.0370611380376869,False,Nc1nc(N)c2nc(-c3cccc(O)c3)c(nc2n1)-c1cccc(O)c1,prism_treatment_info
bef38f2fd,BRD-K13756951-001-01-4,bitopertin,"glycine transporter inhibitor, GlyT-1 inhibitor",0.6032101995868266,0.5540535295401458,0.0491566700466808,True,C[C@H](Oc1ccc(cc1C(=O)N1CCN(CC1)c1ncc(cc1F)C(F)(F)F)S(C)(=O)=O)C(F)(F)F,prism_treatment_info
bf313303a,BRD-K35687421-001-02-5,gimeracil,dihydropyrimidine dehydrogenase inhibitor,0.3469172295755729,0.3344845620704022,0.0124326675051706,False,"Oc1cc(=O)[nH]cc1Cl, Oc1cc(=O)[nH]cc1Cl",prism_treatment_info
bf37a2d6a,BRD-A64743628-001-01-5,isometheptene-mucate,,0.4764191381697262,0.350501215999287,0.1259179221704391,False,CNC(C)CCC=C(C)C,prism_treatment_info
bf37d50f1,BRD-K93524252-001-24-7,sulfamerazine,bacterial antifolate,0.3682842997199828,0.3456710375742299,0.0226132621457528,False,"Cc1ccnc(NS(=O)(=O)c2ccc(N)cc2)n1, Cc1ccnc(NS(=O)(=O)c2ccc(N)cc2)n1",prism_treatment_info
bf7990bf7,BRD-K93176058-001-03-6,AC-55649,retinoid receptor agonist,0.3608557198629383,0.3596509794948844,0.0012047403680539,False,"CCCCCCCCc1ccc(cc1)-c1ccc(cc1)C(O)=O, CCCCCCCCc1ccc(cc1)-c1ccc(cc1)C(O)=O",prism_treatment_info
bfa05dd0f,BRD-K54187111-001-09-2,dichlorisone-acetate,,0.3888373593310399,0.3716379633360123,0.0171993959950275,False,"CC(=O)OCC(=O)[C@@]1(O)CC[C@H]2[C@@H]3CCC4=CC(=O)C=C[C@]4(C)[C@@]3(Cl)[C@@H](Cl)C[C@]12C, CC(=O)OCC(=O)[C@@]1(O)CC[C@H]2[C@@H]3CCC4=CC(=O)C=C[C@]4(C)[C@@]3(Cl)[C@@H](Cl)C[C@]12C, CC(=O)OCC(=O)[C@@]1(O)CC[C@H]2[C@@H]3CCC4=CC(=O)C=C[C@]4(C)[C@@]3(Cl)[C@@H](Cl)C[C@]12C",prism_treatment_info
bfb333204,BRD-K50866992-003-10-3,tropisetron,serotonin receptor antagonist,0.4132002761418973,0.360168918054468,0.0530313580874293,False,"CN1[C@H]2CC[C@@H]1C[C@@H](C2)OC(=O)c1c[nH]c2ccccc12, CN1[C@H]2CC[C@@H]1C[C@@H](C2)OC(=O)c1c[nH]c2ccccc12",prism_treatment_info
bff233aaf,BRD-K47195926-001-06-6,acedoben,,0.4063539774825312,0.3689035189300916,0.0374504585524396,False,CC(=O)Nc1ccc(cc1)C(O)=O,prism_treatment_info
c0417407c,BRD-K25412176-001-01-9,GSK2110183,AKT inhibitor,0.3246157764187276,0.3103662946084344,0.0142494818102931,False,Cn1ncc(Cl)c1-c1cc(sc1Cl)C(=O)N[C@H](CN)Cc1cccc(F)c1,prism_treatment_info
c0521523c,BRD-K96671969-001-03-1,PA-824,nitric oxide donor,0.3200732771393026,0.3040127852910111,0.0160604918482914,False,[O-][N+](=O)c1cn2C[C@@H](COc2n1)OCc1ccc(OC(F)(F)F)cc1,prism_treatment_info
c0560ba98,BRD-K37798499-001-27-2,etoposide,topoisomerase inhibitor,0.5389159139788594,0.4816430623997552,0.0572728515791041,True,"COc1cc(cc(OC)c1O)[C@H]1[C@@H]2[C@H](COC2=O)[C@H](O[C@@H]2O[C@@H]3CO[C@@H](C)O[C@H]3[C@H](O)[C@H]2O)c2cc3OCOc3cc12, COc1cc(cc(OC)c1O)[C@H]1[C@@H]2[C@H](COC2=O)[C@H](O[C@@H]2O[C@@H]3CO[C@@H](C)O[C@H]3[C@H](O)[C@H]2O)c2cc3OCOc3cc12, COc1cc(cc(OC)c1O)[C@H]1[C@@H]2[C@H](COC2=O)[C@H](O[C@@H]2O[C@@H]3CO[C@@H](C)O[C@H]3[C@H](O)[C@H]2O)c2cc3OCOc3cc12, COc1cc(cc(OC)c1O)[C@H]1[C@@H]2[C@H](COC2=O)[C@H](O[C@@H]2O[C@@H]3CO[C@@H](C)O[C@H]3[C@H](O)[C@H]2O)c2cc3OCOc3cc12, COc1cc(cc(OC)c1O)[C@H]1[C@@H]2[C@H](COC2=O)[C@H](O[C@@H]2O[C@@H]3CO[C@@H](C)O[C@H]3[C@H](O)[C@H]2O)c2cc3OCOc3cc12, COc1cc(cc(OC)c1O)[C@H]1[C@@H]2[C@H](COC2=O)[C@H](O[C@@H]2O[C@@H]3CO[C@@H](C)O[C@H]3[C@H](O)[C@H]2O)c2cc3OCOc3cc12",prism_treatment_info
c058ab538,BRD-A15909516-001-06-6,rebamipide,free radical scavenger,0.3152608265954256,0.3042479365872726,0.011012890008153,False,"OC(=O)C(Cc1cc(=O)[nH]c2ccccc12)NC(=O)c1ccc(Cl)cc1, OC(=O)C(Cc1cc(=O)[nH]c2ccccc12)NC(=O)c1ccc(Cl)cc1",prism_treatment_info
c0642cc5a,BRD-K19085898-001-01-8,darapladib,phospholipase inhibitor,0.3471011485248825,0.3268838199931018,0.0202173285317807,False,CCN(CC)CCN(Cc1ccc(cc1)-c1ccc(cc1)C(F)(F)F)C(=O)Cn1c2CCCc2c(=O)nc1SCc1ccc(F)cc1,prism_treatment_info
c07458309,BRD-K21123171-001-02-9,pramiracetam,acetylcholine receptor agonist,0.3282133841831168,0.3173844658221274,0.0108289183609894,False,CC(C)N(CCNC(=O)CN1CCCC1=O)C(C)C,prism_treatment_info
c07ca40a4,BRD-K96188950-001-16-9,caffeic-acid-phenethyl-ester,HIV integrase inhibitor,0.4441301799106825,0.4394254410888808,0.0047047388218017,False,"Oc1ccc(\C=C\C(=O)OCCc2ccccc2)cc1O, Oc1ccc(\C=C\C(=O)OCCc2ccccc2)cc1O",prism_treatment_info
c07e23058,BRD-K04851519-001-06-8,aloe-emodin,anticancer agent,0.3609808885113043,0.2828983282964492,0.0780825602148551,False,OCc1cc(O)c2C(=O)c3c(O)cccc3C(=O)c2c1,prism_treatment_info
c086105e0,BRD-K62929068-001-16-5,6-benzylaminopurine,purinergic receptor activator,0.35540542145008,0.333345135013872,0.0220602864362079,False,N(Cc1ccccc1)c1ncnc2nc[nH]c12,prism_treatment_info
c095b5186,BRD-K97963946-001-01-3,EMD-1214063,hepatocyte growth factor receptor inhibitor,0.273498155053873,0.2617066799342844,0.0117914751195886,False,CN1CCC(COc2cnc(nc2)-c2cccc(Cn3nc(ccc3=O)-c3cccc(c3)C#N)c2)CC1,prism_treatment_info
c106a3f18,BRD-K70463136-001-01-5,BAY-87-2243,hypoxia inducible factor inhibitor,0.4809576001091716,0.3905967833802684,0.0903608167289031,False,Cc1cc(nn1Cc1ccnc(c1)N1CCN(CC1)C1CC1)-c1nc(no1)-c1ccc(OC(F)(F)F)cc1,prism_treatment_info
c113d21eb,BRD-K59745944-001-02-0,PHT-427,"AKT inhibitor, pyruvate dehydrogenase inhibitor",0.3802132259686204,0.3292833858079336,0.0509298401606868,False,"CCCCCCCCCCCCc1ccc(cc1)S(=O)(=O)Nc1nncs1, CCCCCCCCCCCCc1ccc(cc1)S(=O)(=O)Nc1nncs1, CCCCCCCCCCCCc1ccc(cc1)S(=O)(=O)Nc1nncs1",prism_treatment_info
c11d118db,BRD-K49027941-001-01-1,PSB-1115,adenosine receptor antagonist,0.4178157917573338,0.4050192320675603,0.0127965596897735,False,"CCCn1c(=O)[nH]c2nc([nH]c2c1=O)-c1ccc(cc1)S(O)(=O)=O, CCCn1c(=O)[nH]c2nc([nH]c2c1=O)-c1ccc(cc1)S(O)(=O)=O",prism_treatment_info
c1244b23b,BRD-K47278471-003-26-3,diphenhydramine,histamine receptor antagonist,0.4022763102789028,0.3470132055154983,0.0552631047634045,False,"CN(C)CCOC(c1ccccc1)c1ccccc1, CN(C)CCOC(c1ccccc1)c1ccccc1",prism_treatment_info
c1292b6d8,BRD-K41434598-003-01-9,org-9768,adrenergic receptor antagonist,0.3390783499566169,0.318893600352377,0.0201847496042398,False,CC1(CN)Cc2ccccc2C1,prism_treatment_info
c129896fe,BRD-K86727142-001-12-4,embelin,"HCV inhibitor, XIAP inhibitor",0.3758970873993973,0.3720024328452394,0.0038946545541579,False,"CCCCCCCCCCCC1C(=O)C(=O)CC(=O)C1=O, CCCCCCCCCCCC1C(=O)C(=O)CC(=O)C1=O, CCCCCCCCCCCC1C(=O)C(=O)CC(=O)C1=O",prism_treatment_info
c15da1022,BRD-K50031829-001-01-6,PF-04447943,phosphodiesterase inhibitor,0.3949693791581052,0.3744631737281462,0.0205062054299589,False,C[C@@H]1CN(Cc2ncccn2)C[C@H]1c1nc2n(ncc2c(=O)[nH]1)C1CCOCC1,prism_treatment_info
c1617c18b,BRD-K86687746-001-01-3,R306465,HDAC inhibitor,0.424031108655663,0.4180902440613462,0.0059408645943168,False,ONC(=O)c1cnc(nc1)N1CCN(CC1)S(=O)(=O)c1ccc2ccccc2c1,prism_treatment_info
c18a180cf,BRD-K72726508-001-02-1,arcyriaflavin-a,CDK inhibitor,0.3449259827443995,0.3027054892908204,0.042220493453579,False,"O=C1NC(=O)c2c1c1c3ccccc3[nH]c1c1[nH]c3ccccc3c21, O=C1NC(=O)c2c1c1c3ccccc3[nH]c1c1[nH]c3ccccc3c21",prism_treatment_info
c19a2ce6c,BRD-K43880410-001-14-4,pregnenolone,glutamate receptor modulator,0.3508720570151785,0.3500135144851961,0.0008585425299824,False,"CC(=O)[C@H]1CC[C@H]2[C@@H]3CC=C4C[C@@H](O)CC[C@]4(C)[C@H]3CC[C@]12C, CC(=O)[C@H]1CC[C@H]2[C@@H]3CC=C4C[C@@H](O)CC[C@]4(C)[C@H]3CC[C@]12C",prism_treatment_info
c1a6b83a0,BRD-A02990301-003-06-6,lofexidine,adrenergic receptor agonist,0.333458836956887,0.2830580843510619,0.050400752605825,False,"CC(Oc1c(Cl)cccc1Cl)C1=NCCN1, CC(Oc1c(Cl)cccc1Cl)C1=NCCN1",prism_treatment_info
c1c66be79,BRD-K50000283-001-04-4,PHA-767491,CDC inhibitor,0.3630731952732188,0.35127498716505,0.0117982081081687,False,"O=C1NCCc2[nH]c(cc12)-c1ccncc1, O=C1NCCc2[nH]c(cc12)-c1ccncc1",prism_treatment_info
c1dab6039,BRD-K41406082-001-16-2,sulfapyridine,PABA antagonist,0.3311564021291272,0.323616883895215,0.0075395182339121,False,"Nc1ccc(cc1)S(=O)(=O)Nc1ccccn1, Nc1ccc(cc1)S(=O)(=O)Nc1ccccn1",prism_treatment_info
c1e8f63a7,BRD-A18056626-003-22-3,methacholine,acetylcholine receptor agonist,0.4096379190584989,0.3621085197987964,0.0475293992597024,False,CC(C[N+](C)(C)C)OC(C)=O,prism_treatment_info
c1f75bfba,BRD-A49160188-003-12-7,donepezil,acetylcholinesterase inhibitor,0.3392439924367836,0.3033243508331035,0.0359196416036801,False,"COc1cc2CC(CC3CCN(Cc4ccccc4)CC3)C(=O)c2cc1OC, COc1cc2CC(CC3CCN(Cc4ccccc4)CC3)C(=O)c2cc1OC",prism_treatment_info
c1f9f6699,BRD-K92657060-001-05-7,zaleplon,benzodiazepine receptor agonist,0.3451137307972575,0.2916208226722689,0.0534929081249885,False,CCN(C(C)=O)c1cccc(c1)-c1ccnc2c(cnn12)C#N,prism_treatment_info
c20801db6,BRD-K28965160-001-01-1,BVD-523,MAP kinase inhibitor,0.7303886199478975,0.705313164806434,0.0250754551414634,True,CC(C)Nc1cc(-c2c[nH]c(c2)C(=O)N[C@H](CO)c2cccc(Cl)c2)c(Cl)cn1,prism_treatment_info
c24b63529,BRD-K79892937-001-02-5,phenolsulfonphthalein,,0.2914889515013507,0.2690265042429938,0.0224624472583569,False,Oc1ccc(cc1)C1(OS(=O)(=O)c2ccccc12)c1ccc(O)cc1,prism_treatment_info
c25d6dd1f,BRD-K80043866-236-01-1,sodium-gualenate,antacid,0.35505456590245,0.348977424275226,0.006077141627224,False,CC(C)c1ccc(C)c2c(cc(C)c2c1)S(O)(=O)=O,prism_treatment_info
c26b926a9,BRD-K90993449-001-02-7,KRN-633,VEGFR inhibitor,0.6671845201376773,0.6256778904400394,0.0415066296976378,True,CCCNC(=O)Nc1ccc(Oc2ncnc3cc(OC)c(OC)cc23)cc1Cl,prism_treatment_info
c27545fd6,BRD-K42679050-001-02-1,Y-27152,potassium channel activator,0.3204301454498146,0.3196817105168303,0.0007484349329842,False,CC(=O)N(OCc1ccccc1)[C@H]1[C@H](O)C(C)(C)Oc2ccc(cc12)C#N,prism_treatment_info
c27e6af6f,BRD-K25596805-001-01-8,JNJ-16259685,glutamate receptor antagonist,0.3556076938204499,0.3007542825691738,0.054853411251276,False,"CO[C@H]1CC[C@H](CC1)C(=O)c1ccc2nc3OCCCc3cc2c1, CO[C@H]1CC[C@H](CC1)C(=O)c1ccc2nc3OCCCc3cc2c1",prism_treatment_info
c27f76ab1,BRD-K97963946-001-01-3,EMD-1214063,hepatocyte growth factor receptor inhibitor,0.5055075557678389,0.4861848114980133,0.0193227442698256,True,CN1CCC(COc2cnc(nc2)-c2cccc(Cn3nc(ccc3=O)-c3cccc(c3)C#N)c2)CC1,prism_treatment_info
c2984f3f3,BRD-K13238618-001-05-9,carsalam,analgesic agent,0.3044247624876501,0.2975806718294211,0.006844090658229,False,O=c1[nH]c(=O)c2ccccc2o1,prism_treatment_info
c2cc33301,BRD-K48329353-001-01-3,"6,_7-dehydro-17-acetoxy-progesterone",steroidal progestin,0.3498423715384171,0.3337809791850726,0.0160613923533445,False,CC(=O)O[C@@]1(CC[C@H]2[C@@H]3C=CC4=CC(=O)CC[C@]4(C)[C@H]3CC[C@]12C)C(C)=O,prism_treatment_info
c2f720006,BRD-K57927309-001-01-7,BW-180C,opioid receptor agonist,0.333977385528576,0.3283190699875547,0.0056583155410213,False,CC(C)C[C@H](NC(=O)[C@H](Cc1ccccc1)NC(=O)CNC(=O)[C@H](C)NC(=O)[C@@H](N)Cc1ccc(O)cc1)C(O)=O,prism_treatment_info
c30e1eb76,BRD-A29111201-001-04-8,ethisterone,progestogen hormone,0.3419095594233677,0.3362209251383559,0.0056886342850118,False,"CC12CCC3C(CCC4=CC(=O)CCC34C)C1CCC2(O)C#C, C[C@]12CC[C@H]3[C@@H](CCC4=CC(=O)CC[C@]34C)[C@@H]1CC[C@@]2(O)C#C, C[C@]12CC[C@H]3[C@@H](CCC4=CC(=O)CC[C@]34C)[C@@H]1CC[C@@]2(O)C#C",prism_treatment_info
c31e5bfad,BRD-A94276798-001-01-4,talinolol,adrenergic receptor antagonist,0.4087471776355537,0.3410018447411818,0.0677453328943718,False,CC(C)(C)NCC(O)COc1ccc(NC(=O)NC2CCCCC2)cc1,prism_treatment_info
c31f7b6cf,BRD-K51247865-001-01-2,ipragliflozin-l-proline,sodium/glucose cotransporter inhibitor,0.3432227440682722,0.2936044769974958,0.0496182670707763,False,OC[C@H]1O[C@H]([C@H](O)[C@@H](O)[C@@H]1O)c1ccc(F)c(Cc2cc3ccccc3s2)c1,prism_treatment_info
c3273cd04,BRD-K72327355-001-14-7,baicalein,lipoxygenase inhibitor,0.3585030215927937,0.3555514131392256,0.002951608453568,False,"Oc1cc2oc(cc(=O)c2c(O)c1O)-c1ccccc1, Oc1cc2oc(cc(=O)c2c(O)c1O)-c1ccccc1, Oc1cc2oc(cc(=O)c2c(O)c1O)-c1ccccc1",prism_treatment_info
c32e14a0c,BRD-K11796549-001-04-5,NBQX,glutamate receptor antagonist,0.3335668013936348,0.3185576545975779,0.0150091467960569,False,"NS(=O)(=O)c1cccc2c1c(cc1[nH]c(=O)c(=O)[nH]c21)[N+]([O-])=O, NS(=O)(=O)c1cccc2c1c(cc1[nH]c(=O)c(=O)[nH]c21)[N+]([O-])=O, NS(=O)(=O)c1cccc2c1c(cc1[nH]c(=O)c(=O)[nH]c21)[N+]([O-])=O",prism_treatment_info
c34e4424f,BRD-K92015269-300-01-2,GBR-12783,dopamine uptake inhibitor,0.3160896162322538,0.3146305678418047,0.001459048390449,False,C(CN1CCN(C\C=C\c2ccccc2)CC1)OC(c1ccccc1)c1ccccc1,prism_treatment_info
c36a35183,BRD-K51967704-001-03-6,BIIB021,HSP inhibitor,0.3907139563163252,0.3491305193296743,0.0415834369866508,False,"COc1c(C)cnc(Cn2cnc3c(Cl)nc(N)nc23)c1C, COc1c(C)cnc(Cn2cnc3c(Cl)nc(N)nc23)c1C",prism_treatment_info
c37bffc74,BRD-K68395654-001-03-1,EVP4593,NFkB pathway inhibitor,0.5307525916072454,0.4904190442214564,0.040333547385789,True,"Nc1ccc2ncnc(NCCc3ccc(Oc4ccccc4)cc3)c2c1, Nc1ccc2ncnc(NCCc3ccc(Oc4ccccc4)cc3)c2c1, Nc1ccc2ncnc(NCCc3ccc(Oc4ccccc4)cc3)c2c1",prism_treatment_info
c389cce7e,BRD-K59317601-001-05-5,MLN0128,mTOR inhibitor,0.3944508148705068,0.3741083509793125,0.0203424638911943,False,CC(C)n1nc(-c2ccc3oc(N)nc3c2)c2c(N)ncnc12,prism_treatment_info
c38f14d3d,BRD-K97028990-001-04-4,quinine-ethyl-carbonate,,0.323451884158803,0.3169013484747912,0.0065505356840117,False,CCOC(=O)O[C@H]([C@H]1C[C@@H]2CC[N@]1C[C@@H]2C=C)c1ccnc2ccc(OC)cc12,prism_treatment_info
c3b5cac71,BRD-K24616672-003-20-1,procaine,HMGCR inhibitor,0.3225913791504887,0.3187490427287971,0.0038423364216915,False,"CCN(CC)CCOC(=O)c1ccc(N)cc1, CCN(CC)CCOC(=O)c1ccc(N)cc1",prism_treatment_info
c3d24fae4,BRD-K43449605-001-01-0,oncrasin-1,apoptosis stimulant,0.4801279720198596,0.3556341865391001,0.1244937854807595,False,Clc1ccc(Cn2cc(C=O)c3ccccc23)cc1,prism_treatment_info
c43107dc9,BRD-K36040345-001-01-1,TXA127,angiotensin receptor agonist,0.3591047380281613,0.31753544961877,0.0415692884093912,False,"CC[C@H](C)[C@H](NC(=O)[C@H](Cc1ccc(O)cc1)NC(=O)[C@@H](NC(=O)[C@H](CCCNC(N)=N)NC(=O)[C@@H](N)CC(O)=O)C(C)C)C(=O)N[C@@H](Cc1c[nH]cn1)C(=O)N1CCC[C@H]1C(O)=O, CC[C@H](C)[C@H](NC(=O)[C@H](Cc1ccc(O)cc1)NC(=O)[C@@H](NC(=O)[C@H](CCCNC(N)=N)NC(=O)[C@@H](N)CC(O)=O)C(C)C)C(=O)N[C@@H](Cc1c[nH]cn1)C(=O)N1CCC[C@H]1C(O)=O",prism_treatment_info
c43ed9969,BRD-K93034159-001-25-8,cladribine,"adenosine deaminase inhibitor, ribonucleotide reductase inhibitor",0.5416028989261148,0.4799644153725893,0.0616384835535254,True,Nc1nc(Cl)nc2n(cnc12)[C@H]1C[C@H](O)[C@@H](CO)O1,prism_treatment_info
c44ab7c38,BRD-K35079116-001-03-3,asiatic-acid,apoptosis stimulant,0.2878015771941956,0.2771842309019284,0.0106173462922672,False,"C[C@@H]1CC[C@@]2(CC[C@]3(C)C(=CC[C@@H]4[C@@]5(C)C[C@@H](O)[C@H](O)[C@@](C)(CO)[C@@H]5CC[C@@]34C)[C@@H]2[C@H]1C)C(O)=O, C[C@@H]1CC[C@@]2(CC[C@]3(C)C(=CC[C@@H]4[C@@]5(C)C[C@@H](O)[C@H](O)[C@@](C)(CO)[C@@H]5CC[C@@]34C)[C@@H]2[C@H]1C)C(O)=O",prism_treatment_info
c451bb4cb,BRD-K28494619-001-28-2,sulfamethoxazole,PABA antagonist,0.347785089863913,0.3407300835785564,0.0070550062853566,False,"Cc1cc(NS(=O)(=O)c2ccc(N)cc2)no1, Cc1cc(NS(=O)(=O)c2ccc(N)cc2)no1",prism_treatment_info
c459135fb,BRD-K55013654-003-02-3,lorcaserin,serotonin receptor agonist,0.320404196389408,0.3179058004388607,0.0024983959505472,False,C[C@H]1CNCCc2ccc(Cl)cc12,prism_treatment_info
c46bdbc3b,BRD-K68395654-001-03-1,EVP4593,NFkB pathway inhibitor,0.4187238107162273,0.3574820432385381,0.0612417674776891,False,"Nc1ccc2ncnc(NCCc3ccc(Oc4ccccc4)cc3)c2c1, Nc1ccc2ncnc(NCCc3ccc(Oc4ccccc4)cc3)c2c1, Nc1ccc2ncnc(NCCc3ccc(Oc4ccccc4)cc3)c2c1",prism_treatment_info
c46beda84,BRD-A31811760-001-06-7,miltefosine,membrane integrity inhibitor,0.3260738330586357,0.2774542477555693,0.0486195853030664,False,CCCCCCCCCCCCCCCCOP(O)(=O)OCC[N+](C)(C)C,prism_treatment_info
c46fe11a6,BRD-K79892937-001-02-5,phenolsulfonphthalein,,0.337735597998766,0.3302690657288467,0.0074665322699192,False,Oc1ccc(cc1)C1(OS(=O)(=O)c2ccccc12)c1ccc(O)cc1,prism_treatment_info
c4869dc98,BRD-K21718444-001-06-8,KW-2449,"Abl kinase inhibitor, Aurora kinase inhibitor, FLT3 inhibitor",0.3109631928623847,0.3025070960851438,0.0084560967772409,False,O=C(N1CCNCC1)c1ccc(cc1)\C=C\c1n[nH]c2ccccc12,prism_treatment_info
c4967143c,BRD-K45909031-001-01-5,WZ4003,AMPK inhibitor,0.348862442602904,0.3487857077903943,7.673481250963787e-05,False,CCC(=O)Nc1cccc(Oc2nc(Nc3ccc(cc3OC)N3CCN(C)CC3)ncc2Cl)c1,prism_treatment_info
c49fb74ae,BRD-A74914197-001-02-9,pralatrexate,dihydrofolate reductase inhibitor,0.3142314071747578,0.3139318960691944,0.0002995111055633,False,Nc1nc(N)c2nc(CC(CC#C)c3ccc(cc3)C(=O)N[C@@H](CCC(O)=O)C(O)=O)cnc2n1,prism_treatment_info
c4aaa6376,BRD-K80036624-001-04-0,clopidol,,0.3028387424034259,0.275627913896286,0.0272108285071399,False,Cc1nc(C)c(Cl)c(O)c1Cl,prism_treatment_info
c4cfe5f72,BRD-K49554218-001-01-0,carebastine,histamine receptor antagonist,0.3675638805033515,0.3633386442304864,0.004225236272865,False,CC(C)(C(O)=O)c1ccc(cc1)C(=O)CCCN1CCC(CC1)OC(c1ccccc1)c1ccccc1,prism_treatment_info
c4e054ded,BRD-K03095347-001-06-1,levosimendan,calcium sensitizer,0.3867099921493977,0.3068113465517136,0.0798986455976841,False,"C[C@@H]1CC(=O)NN=C1c1ccc(NN=C(C#N)C#N)cc1, C[C@@H]1CC(=O)NN=C1c1ccc(NN=C(C#N)C#N)cc1",prism_treatment_info
c4ed464f2,BRD-K36740062-001-06-6,GSK1070916,Aurora kinase inhibitor,0.4596239319056917,0.4111196523909983,0.0485042795146933,False,CCn1cc(c(n1)-c1ccc(NC(=O)N(C)C)cc1)-c1ccnc2[nH]c(cc12)-c1cccc(CN(C)C)c1,prism_treatment_info
c4f7854fe,BRD-A74391928-051-01-3,ibutilide,potassium channel blocker,0.3555575077623024,0.3416392315241832,0.0139182762381192,False,"CCCCCCCN(CC)CCCC(O)c1ccc(NS(C)(=O)=O)cc1, CCCCCCCN(CC)CCCC(O)c1ccc(NS(C)(=O)=O)cc1, CCCCCCCN(CC)CCCC(O)c1ccc(NS(C)(=O)=O)cc1",prism_treatment_info
c4fd19474,BRD-A14316475-001-02-3,SN-6,sodium/calcium exchange inhibitor,0.393903821243754,0.3686219002325595,0.0252819210111945,False,"CCOC(=O)C1CSC(N1)Cc1ccc(OCc2ccc([N+]([O-])=O)cc2)cc1, CCOC(=O)C1CSC(N1)Cc1ccc(OCc2ccc([N+]([O-])=O)cc2)cc1",prism_treatment_info
c50effd51,BRD-K30114692-001-15-9,methenamine,bacterial DNA inhibitor,0.4357213019715674,0.3398214766672362,0.0958998253043311,False,"C1N2CN3CN1CN(C2)C3, C1N2CN3CN1CN(C2)C3",prism_treatment_info
c5388f6a0,BRD-K46317332-003-17-8,proadifen,nitric oxide synthase inhibitor,0.3287336653490269,0.3070378425084224,0.0216958228406045,False,"CCCC(C(=O)OCCN(CC)CC)(c1ccccc1)c1ccccc1, CCCC(C(=O)OCCN(CC)CC)(c1ccccc1)c1ccccc1, CCCC(C(=O)OCCN(CC)CC)(c1ccccc1)c1ccccc1",prism_treatment_info
c54fe3e44,BRD-K93918653-001-08-9,quizartinib,FLT3 inhibitor,0.3744506430903695,0.3487375263021937,0.0257131167881757,False,CC(C)(C)c1cc(NC(=O)Nc2ccc(cc2)-c2cn3c(n2)sc2cc(OCCN4CCOCC4)ccc32)no1,prism_treatment_info
c59bab958,BRD-K97010173-001-04-1,deferasirox,chelating agent,0.3243820864282666,0.3107397487561694,0.0136423376720972,False,OC(=O)c1ccc(cc1)-n1nc(nc1-c1ccccc1O)-c1ccccc1O,prism_treatment_info
c59c6dc1a,BRD-K38852836-001-02-1,ganetespib,HSP inhibitor,0.4946212279841669,0.4759624772698454,0.0186587507143214,False,CC(C)c1cc(-c2n[nH]c(=O)n2-c2ccc3n(C)ccc3c2)c(O)cc1O,prism_treatment_info
c5af1a608,BRD-K91699951-001-10-2,benzonatate,local anesthetic,0.3023222532200951,0.2786577739581037,0.0236644792619913,False,CCCCNc1ccc(cc1)C(=O)OCCOCCOCCOCCOCCOCCOCCOCCOCCOC,prism_treatment_info
c5af20b0f,BRD-K81801188-001-02-8,PP-121,protein tyrosine kinase inhibitor,0.4360176578169592,0.3811751718051266,0.0548424860118325,False,"C1CCC(C1)n1nc(-c2cnc3[nH]ccc3c2)c2c(N)ncnc12, C1CCC(C1)n1nc(-c2cnc3[nH]ccc3c2)c2c(N)ncnc12",prism_treatment_info
c5b1b48d8,BRD-A24514565-001-09-7,warfarin,vitamin K antagonist,0.4231443862412598,0.3779907157977937,0.0451536704434661,False,CC(=O)CC(c1ccccc1)c1c(O)c2ccccc2oc1=O,prism_treatment_info
c5b400b1f,BRD-K23228615-001-02-8,GDC-0980,"mTOR inhibitor, PI3K inhibitor",0.5277663109872822,0.4784322005726628,0.0493341104146193,True,"C[C@H](O)C(=O)N1CCN(Cc2sc3c(nc(nc3c2C)-c2cnc(N)nc2)N2CCOCC2)CC1, C[C@H](O)C(=O)N1CCN(Cc2sc3c(nc(nc3c2C)-c2cnc(N)nc2)N2CCOCC2)CC1",prism_treatment_info
c5b47d91c,BRD-K02404261-001-16-7,caffeine,"adenosine receptor antagonist, phosphodiesterase inhibitor",0.3923544968961261,0.3247585707477271,0.067595926148399,False,Cn1cnc2n(C)c(=O)n(C)c(=O)c12,prism_treatment_info
c5b589b1c,BRD-K97472745-001-01-8,gestrinone,progesterone receptor antagonist,0.3255694404973763,0.3117110560263406,0.0138583844710357,False,CC[C@]12C=CC3=C4CCC(=O)C=C4CC[C@H]3[C@@H]1CC[C@@]2(O)C#C,prism_treatment_info
c5d69a751,BRD-K50631926-001-02-3,PIK-294,PI3K inhibitor,0.3306055485255544,0.3076186484961443,0.0229869000294101,False,Cc1ccccc1-n1c(Cn2nc(-c3cccc(O)c3)c3c(N)ncnc23)nc2cccc(C)c2c1=O,prism_treatment_info
c5dae49f8,BRD-K51324732-001-01-0,meglitinide,potassium channel blocker,0.4946825412447165,0.4402644946673995,0.054418046577317,False,COc1ccc(Cl)cc1C(=O)NCCc1ccc(cc1)C(O)=O,prism_treatment_info
c5dc03149,BRD-K95053546-001-02-7,tempol,free radical scavenger,0.3295191059993214,0.3213764188496587,0.0081426871496627,False,"CC1(C)CC(O)CC(C)(C)N1O, CC1(C)CC(O)CC(C)(C)N1O, CC1(C)CC(O)CC(C)(C)N1O",prism_treatment_info
c5de6866e,BRD-K53397409-001-12-3,benzoic-acid,food preservative,0.3818556803335737,0.3444650415352612,0.0373906387983125,False,"OC(=O)c1ccccc1, OC(=O)c1ccccc1, OC(=O)c1ccccc1",prism_treatment_info
c5e163af1,BRD-K42221274-003-07-7,NNC-711,GABA uptake inhibitor,0.3710943205556681,0.2594563987515239,0.1116379218041442,False,"OC(=O)C1=CCCN(CCON=C(c2ccccc2)c2ccccc2)C1, OC(=O)C1=CCCN(CCON=C(c2ccccc2)c2ccccc2)C1",prism_treatment_info
c5f51d7e8,BRD-K71059170-001-11-6,cefixime,bacterial cell wall synthesis inhibitor,0.3797100444517029,0.3731033567875096,0.0066066876641933,False,"Nc1nc(cs1)C(=N\OCC(O)=O)\C(=O)N[C@H]1[C@H]2SCC(C=C)=C(N2C1=O)C(O)=O, Nc1nc(cs1)C(=N\OCC(O)=O)\C(=O)N[C@H]1[C@H]2SCC(C=C)=C(N2C1=O)C(O)=O, Nc1nc(cs1)C(=N\OCC(O)=O)\C(=O)N[C@H]1[C@H]2SCC(C=C)=C(N2C1=O)C(O)=O",prism_treatment_info
c5fd7c65d,BRD-K83636919-001-04-8,entacapone,catechol O methyltransferase inhibitor,0.3091342094376317,0.3038574047227201,0.0052768047149115,False,"CCN(CC)C(=O)C(\C#N)=C\c1cc(O)c(O)c(c1)[N+]([O-])=O, CCN(CC)C(=O)C(\C#N)=C\c1cc(O)c(O)c(c1)[N+]([O-])=O, CCN(CC)C(=O)C(\C#N)=C\c1cc(O)c(O)c(c1)[N+]([O-])=O",prism_treatment_info
c5ffd58ca,BRD-K05395900-322-05-4,nicotine,acetylcholine receptor agonist,0.350411581479954,0.3493076644499771,0.0011039170299769,False,"CN1CCCC1c1cccnc1, CN1CCC[C@H]1c1cccnc1, CN1CCCC1c1cccnc1",prism_treatment_info
c60e35d05,BRD-K89665618-003-02-5,1-deoxymannojirimycin,alpha mannosidase inhibitor,0.2957549035062621,0.280793108152874,0.0149617953533881,False,OC[C@H]1NC[C@@H](O)[C@@H](O)[C@@H]1O,prism_treatment_info
c63785df5,BRD-K64994968-001-32-5,progesterone,progesterone receptor agonist,0.3384327105745335,0.3327618341393204,0.0056708764352131,False,"CC(=O)[C@H]1CC[C@H]2[C@@H]3CCC4=CC(=O)CC[C@]4(C)[C@H]3CC[C@]12C, CC(=O)[C@H]1CC[C@H]2[C@@H]3CCC4=CC(=O)CC[C@]4(C)[C@H]3CC[C@]12C",prism_treatment_info
c638b8757,BRD-K36016295-001-04-5,KU-60019,ATM kinase inhibitor,0.3134280179929911,0.2885304372238628,0.0248975807691282,False,"C[C@H]1CN(CC(=O)Nc2ccc3Sc4c(Cc3c2)cccc4-c2cc(=O)cc(o2)N2CCOCC2)C[C@@H](C)O1, C[C@H]1CN(CC(=O)Nc2ccc3Sc4c(Cc3c2)cccc4-c2cc(=O)cc(o2)N2CCOCC2)C[C@@H](C)O1, C[C@H]1CN(CC(=O)Nc2ccc3Sc4c(Cc3c2)cccc4-c2cc(=O)cc(o2)N2CCOCC2)C[C@@H](C)O1",prism_treatment_info
c63a7ee15,BRD-K27335680-001-10-0,rhein,,0.3596191390872437,0.3286158931073069,0.0310032459799368,False,OC(=O)c1cc(O)c2C(=O)c3c(O)cccc3C(=O)c2c1,prism_treatment_info
c64e87268,BRD-A48015106-004-08-9,8-hydroxy-DPAT,serotonin receptor agonist,0.3699485111691871,0.3348454347946268,0.0351030763745602,False,CCCN(CCC)C1CCc2cccc(O)c2C1,prism_treatment_info
c653b6f11,BRD-K89210380-001-13-7,biotin,vitamin B,0.3569108392517222,0.3494682804877542,0.0074425587639679,False,"OC(=O)CCCC[C@@H]1SC[C@@H]2NC(=O)N[C@H]12, OC(=O)CCCC[C@@H]1SC[C@@H]2NC(=O)N[C@H]12",prism_treatment_info
c66c843e3,BRD-K15834839-001-02-3,lobendazole,anthelmintic agent,0.284622203601763,0.2730344677889325,0.0115877358128305,False,CCOC(=O)Nc1nc2ccccc2[nH]1,prism_treatment_info
c68c3e784,BRD-A44448661-001-04-8,pentobarbital,"barbiturate antiepileptic, GABA receptor modulator",0.3268274600635202,0.3088129181268933,0.0180145419366268,False,CCCC(C)C1(CC)C(=O)NC(=O)NC1=O,prism_treatment_info
c698c8260,BRD-A83802939-304-04-2,dexamethasone-sodium-phosphate,glucocorticoid receptor agonist,0.4935620993208164,0.4036472750710795,0.0899148242497368,False,"C[C@H]1CC2C3CCC4=CC(=O)C=C[C@]4(C)[C@@]3(F)[C@@H](O)C[C@]2(C)[C@@]1(O)C(=O)COP(O)(O)=O, C[C@@H]1CC2C3CCC4=CC(=O)C=C[C@]4(C)[C@@]3(F)[C@@H](O)C[C@]2(C)[C@@]1(O)C(=O)COP(O)(O)=O",prism_treatment_info
c699542af,BRD-K45401373-001-22-5,betulinic-acid,"apoptosis stimulant, NFkB pathway inhibitor",0.3237882699644991,0.3018275792840301,0.021960690680469,False,"CC(=C)[C@@H]1CC[C@@]2(CC[C@]3(C)[C@H](CC[C@@H]4[C@@]5(C)CC[C@H](O)C(C)(C)[C@@H]5CC[C@@]34C)[C@@H]12)C(O)=O, CC(=C)[C@@H]1CC[C@@]2(CC[C@]3(C)[C@H](CC[C@@H]4[C@@]5(C)CC[C@H](O)C(C)(C)[C@@H]5CC[C@@]34C)[C@@H]12)C(O)=O, CC(=C)[C@@H]1CC[C@@]2(CC[C@]3(C)[C@H](CC[C@@H]4[C@@]5(C)CC[C@H](O)C(C)(C)[C@@H]5CC[C@@]34C)[C@@H]12)C(O)=O",prism_treatment_info
c6b490579,BRD-K77396579-300-01-0,NVP-DPP728,dipeptidyl peptidase inhibitor,0.349575654002442,0.3386826537004441,0.0108930003019978,False,O=C(CNCCNc1ccc(cn1)C#N)N1CCC[C@H]1C#N,prism_treatment_info
c6b4eab57,BRD-K55305701-001-01-2,SC-144,P glycoprotein inhibitor,0.4568281140097604,0.4504298000418023,0.0063983139679581,False,"Fc1ccc2c(c1)nc(NNC(=O)c1cnccn1)c1cccn21, Fc1ccc2c(c1)nc(NNC(=O)c1cnccn1)c1cccn21, Fc1ccc2c(c1)nc(NNC(=O)c1cnccn1)c1cccn21",prism_treatment_info
c6b500c21,BRD-K21867462-001-02-9,GSK2816126,histone lysine methyltransferase inhibitor,0.3887719660301387,0.3167430705499018,0.0720288954802368,False,"CC[C@H](C)n1cc(C)c2c(cc(cc12)-c1ccc(nc1)N1CCNCC1)C(=O)NCc1c(C)cc(C)[nH]c1=O, CC[C@H](C)n1cc(C)c2c(cc(cc12)-c1ccc(nc1)N1CCNCC1)C(=O)NCc1c(C)cc(C)[nH]c1=O",prism_treatment_info
c6bdaddc2,BRD-K68395654-001-03-1,EVP4593,NFkB pathway inhibitor,0.4558386836576915,0.4421185975164674,0.0137200861412241,False,"Nc1ccc2ncnc(NCCc3ccc(Oc4ccccc4)cc3)c2c1, Nc1ccc2ncnc(NCCc3ccc(Oc4ccccc4)cc3)c2c1, Nc1ccc2ncnc(NCCc3ccc(Oc4ccccc4)cc3)c2c1",prism_treatment_info
c6c9d3b03,BRD-K30649484-003-13-7,mafenide,carbonic anhydrase inhibitor,0.3771678553384302,0.3612562079299249,0.0159116474085053,False,NCc1ccc(cc1)S(N)(=O)=O,prism_treatment_info
c6cc9175b,BRD-K45216060-001-10-0,mequinol,,0.3214788347150552,0.2757626696003544,0.0457161651147007,False,"COc1ccc(O)cc1, COc1ccc(O)cc1, COc1ccc(O)cc1",prism_treatment_info
c6e681fa2,BRD-K61443650-236-13-1,thiomersal,other antibiotic,0.3873551370868426,0.376336331277027,0.0110188058098156,False,CC[Hg]Sc1ccccc1C(O)=O,prism_treatment_info
c70861396,BRD-K82562631-236-04-6,tolmetin,cyclooxygenase inhibitor,0.3327949434679917,0.283675699813696,0.0491192436542957,False,"Cc1ccc(cc1)C(=O)c1ccc(CC(O)=O)n1C, Cc1ccc(cc1)C(=O)c1ccc(CC(O)=O)n1C",prism_treatment_info
c70a353c8,BRD-A31095847-001-02-3,mozavaptan,vasopressin receptor antagonist,0.4737139017493736,0.3900607057928187,0.0836531959565549,False,CN(C)C1CCCN(C(=O)c2ccc(NC(=O)c3ccccc3C)cc2)c2ccccc12,prism_treatment_info
c70de2656,BRD-K78113049-001-16-2,enoxacin,topoisomerase inhibitor,0.3530433717161562,0.2833231831098831,0.0697201886062731,False,"CCn1cc(C(O)=O)c(=O)c2cc(F)c(nc12)N1CCNCC1, CCn1cc(C(O)=O)c(=O)c2cc(F)c(nc12)N1CCNCC1, CCn1cc(C(O)=O)c(=O)c2cc(F)c(nc12)N1CCNCC1",prism_treatment_info
c720fdd23,BRD-K45152786-001-08-4,merbarone,topoisomerase inhibitor,0.3488762378806245,0.3385266778969885,0.010349559983636,False,O=C(Nc1ccccc1)C1C(=O)NC(=S)NC1=O,prism_treatment_info
c7304d3bd,BRD-K68336408-001-10-9,tyrphostin-AG-1478,EGFR inhibitor,0.5685289380535883,0.539577167688167,0.0289517703654212,True,COc1cc2ncnc(Nc3cccc(Cl)c3)c2cc1OC,prism_treatment_info
c77f2e928,BRD-K67537649-001-04-5,PQ-401,IGF-1 inhibitor,0.3149262034930246,0.2921155469376259,0.0228106565553987,False,"COc1ccc(Cl)cc1NC(=O)Nc1cc(C)nc2ccccc12, COc1ccc(Cl)cc1NC(=O)Nc1cc(C)nc2ccccc12, COc1ccc(Cl)cc1NC(=O)Nc1cc(C)nc2ccccc12",prism_treatment_info
c78ce570e,BRD-K06858286-001-01-3,cabazitaxel,microtubule inhibitor,0.6581299905971377,0.6580333112676078,9.667932952994728e-05,True,CO[C@@H]1C[C@H]2OC[C@@]2(OC(C)=O)[C@H]2[C@@H](OC(=O)c3ccccc3)[C@@]3(O)C[C@H](OC(=O)[C@H](O)[C@@H](NC(=O)OC(C)(C)C)c4ccccc4)C(C)=C([C@@H](OC)C(=O)[C@]12C)C3(C)C,prism_treatment_info
c7a4a3b38,BRD-K89056082-001-07-7,chlorocresol,ryanodine receptor activator,0.3761491858106486,0.365623826497381,0.0105253593132675,False,"Cc1cc(O)ccc1Cl, Cc1cc(O)ccc1Cl, Cc1cc(O)ccc1Cl",prism_treatment_info
c7b437f52,BRD-K99475619-001-01-2,genz-644282,topoisomerase inhibitor,0.4214967378799483,0.4141869049559662,0.0073098329239821,False,CNCCn1c2c(cnc3cc4OCOc4cc23)c2cc(OC)c(OC)cc2c1=O,prism_treatment_info
c7cc905d6,BRD-K98203492-003-04-1,GSK-J4,histone lysine demethylase inhibitor,0.3281155235406502,0.325933672984573,0.0021818505560772,False,"CCOC(=O)CCNc1cc(nc(n1)-c1ccccn1)N1CCc2ccccc2CC1, CCOC(=O)CCNc1cc(nc(n1)-c1ccccn1)N1CCc2ccccc2CC1",prism_treatment_info
c7d8e90cc,BRD-K41869275-001-02-8,2-phenylmelatonin,melatonin receptor agonist,0.3489583739121092,0.3326739170089148,0.0162844569031944,False,"COc1ccc2[nH]c(c(CCNC(C)=O)c2c1)-c1ccccc1, COc1ccc2[nH]c(c(CCNC(C)=O)c2c1)-c1ccccc1",prism_treatment_info
c7e535136,BRD-A00147595-001-01-5,balaglitazone,"insulin sensitizer, PPAR receptor partial agonist",0.3207273960640603,0.30580316572142,0.0149242303426402,False,Cn1c(COc2ccc(CC3SC(=O)NC3=O)cc2)nc2ccccc2c1=O,prism_treatment_info
c7ecff8b4,BRD-K39987650-001-24-1,bisacodyl,laxative,0.4026232695240225,0.3659397776617173,0.0366834918623051,False,"CC(=O)Oc1ccc(cc1)C(c1ccc(OC(C)=O)cc1)c1ccccn1, CC(=O)Oc1ccc(cc1)C(c1ccc(OC(C)=O)cc1)c1ccccn1",prism_treatment_info
c862a0e7a,BRD-K52075715-001-06-7,oxibendazole,tubulin polymerization inhibitor,0.6131283335875194,0.5884113546725555,0.0247169789149639,True,"CCCOc1ccc2nc(NC(=O)OC)[nH]c2c1, CCCOc1ccc2nc(NC(=O)OC)[nH]c2c1",prism_treatment_info
c8631d45b,BRD-K78086729-001-02-7,GW-788388,ALK tyrosine kinase receptor inhibitor,0.3436550413894795,0.320368592240538,0.0232864491489415,False,"O=C(NC1CCOCC1)c1ccc(cc1)-c1cc(ccn1)-c1c[nH]nc1-c1ccccn1, O=C(NC1CCOCC1)c1ccc(cc1)-c1cc(ccn1)-c1c[nH]nc1-c1ccccn1",prism_treatment_info
c8682a165,BRD-K50891186-001-04-4,GR-103691,dopamine receptor antagonist,0.364100864610594,0.320187576469341,0.043913288141253,False,COc1ccccc1N1CCN(CCCCNC(=O)c2ccc(cc2)-c2ccc(cc2)C(C)=O)CC1,prism_treatment_info
c8763b2d3,BRD-K25991633-001-01-9,BMS-649,retinoid receptor agonist,0.3083271349197222,0.3019795254360534,0.0063476094836688,False,"CC1(C)CCC(C)(C)c2cc(ccc12)C1(OCCO1)c1ccc(cc1)C(O)=O, CC1(C)CCC(C)(C)c2cc(ccc12)C1(OCCO1)c1ccc(cc1)C(O)=O",prism_treatment_info
c89f8f935,BRD-K85751432-001-03-3,refametinib,MEK inhibitor,0.6604127616342131,0.555872219344819,0.1045405422893941,True,COc1cc(F)c(F)c(Nc2ccc(I)cc2F)c1NS(=O)(=O)C1(C[C@H](O)CO)CC1,prism_treatment_info
c8b90e88e,BRD-K54314721-001-10-2,zolmitriptan,serotonin receptor agonist,0.4103136359275495,0.324641597816827,0.0856720381107225,False,"CN(C)CCc1c[nH]c2ccc(C[C@H]3COC(=O)N3)cc12, CN(C)CCc1c[nH]c2ccc(C[C@H]3COC(=O)N3)cc12, CN(C)CCc1c[nH]c2ccc(C[C@H]3COC(=O)N3)cc12",prism_treatment_info
c8bc897d7,BRD-K00152668-001-01-5,adarotene,retinoid receptor agonist,0.3714049381121048,0.367602392027158,0.0038025460849467,False,OC(=O)\C=C\c1ccc(cc1)-c1ccc(O)c(c1)C12CC3CC(CC(C3)C1)C2,prism_treatment_info
c8c93f65b,BRD-K09635314-001-03-4,m-3M3FBS,,0.3378635649502853,0.3362154506960737,0.0016481142542115,False,"Cc1cc(C)c(c(C)c1)S(=O)(=O)Nc1cccc(c1)C(F)(F)F, Cc1cc(C)c(c(C)c1)S(=O)(=O)Nc1cccc(c1)C(F)(F)F",prism_treatment_info
c8ce35de9,BRD-K63874012-001-02-9,thioperamide,histamine receptor antagonist,0.3882212959273983,0.3283090697056918,0.0599122262217065,False,"S=C(NC1CCCCC1)N1CCC(CC1)c1c[nH]cn1, S=C(NC1CCCCC1)N1CCC(CC1)c1c[nH]cn1",prism_treatment_info
c8e93bf90,BRD-K28492574-001-01-6,piconol,,0.388079798095691,0.3604368698450544,0.0276429282506365,False,OCc1ccccn1,prism_treatment_info
c8f4266c8,BRD-K62456038-003-07-1,PD-128907,dopamine receptor agonist,0.3218767985234043,0.3048244032047902,0.017052395318614,False,"CCCN1CCO[C@H]2[C@@H]1COc1ccc(O)cc21, CCCN1CCO[C@@H]2[C@@H]1COc1ccc(O)cc21, CCCN1CCO[C@H]2[C@H]1COc1ccc(O)cc21",prism_treatment_info
c91486e82,BRD-K28595280-001-04-5,meglumine,excipient,0.4085533534146011,0.2785458180782089,0.1300075353363922,False,"CNC[C@H](O)[C@@H](O)[C@H](O)[C@H](O)CO, CNC[C@H](O)[C@@H](O)[C@H](O)[C@H](O)CO, CNC[C@H](O)[C@@H](O)[C@H](O)[C@H](O)CO",prism_treatment_info
c91c80a5e,BRD-K74195153-050-12-1,irsogladine,phosphodiesterase inhibitor,0.3153251912095283,0.2935799061585051,0.0217452850510232,False,"Nc1nc(N)nc(n1)-c1cc(Cl)ccc1Cl, Nc1nc(N)nc(n1)-c1cc(Cl)ccc1Cl, Nc1nc(N)nc(n1)-c1cc(Cl)ccc1Cl",prism_treatment_info
c92ab961c,BRD-K22193694-001-13-6,dioxybenzone,topical sunscreen agent,0.3470691033157904,0.3277343007178685,0.0193348025979218,False,COc1ccc(C(=O)c2ccccc2O)c(O)c1,prism_treatment_info
c94a3e7f7,BRD-K18673820-001-15-5,folic-acid,folate receptor ligand,0.3439205992459501,0.3381179195296847,0.0058026797162654,False,Nc1nc(=O)c2nc(CNc3ccc(cc3)C(=O)N[C@@H](CCC(O)=O)C(O)=O)cnc2[nH]1,prism_treatment_info
c957f6ac7,BRD-K93632104-001-17-2,salicylic-acid,cyclooxygenase inhibitor,0.33866006338288,0.3031056903142735,0.0355543730686064,False,OC(=O)c1ccccc1O,prism_treatment_info
c958249ef,BRD-A53951045-004-01-6,butylscopolamine-bromide,cholinergic receptor antagonist,0.4060114656562913,0.3225302874290757,0.0834811782272156,False,CCCC[N+]1(C)[C@H]2C[C@@H](C[C@@H]1[C@H]1O[C@@H]21)OC(=O)[C@@H](CO)c1ccccc1,prism_treatment_info
c95a5ea9c,BRD-A72212290-300-01-4,eprazinone,mucolytic agent,0.3121727537973199,0.2568197032662269,0.055353050531093,False,"CCOC(CN1CCN(CC(C)C(=O)c2ccccc2)CC1)c1ccccc1, CCOC(CN1CCN(CC(C)C(=O)c2ccccc2)CC1)c1ccccc1",prism_treatment_info
c95ce9c16,BRD-K89053832-001-01-0,VLX600,ubiquitin C-terminal hydrolase inhibitor,0.5149069686328466,0.4910756352008785,0.023831333431968,True,C\C(=N\Nc1nnc2c(n1)[nH]c1c(C)cccc21)c1ccccn1,prism_treatment_info
c95e712bb,BRD-K49962337-001-01-1,baicalin,beta glucuronidase inhibitor,0.3066011672317734,0.2788125412466548,0.0277886259851185,False,"O[C@H]1[C@H](Oc2cc3oc(cc(=O)c3c(O)c2O)-c2ccccc2)O[C@@H]([C@@H](O)[C@@H]1O)C(O)=O, O[C@H]1[C@H](Oc2cc3oc(cc(=O)c3c(O)c2O)-c2ccccc2)O[C@@H]([C@@H](O)[C@@H]1O)C(O)=O",prism_treatment_info
c96f93956,BRD-K77008974-001-03-2,WYE-354,mTOR inhibitor,0.5421638017320285,0.5081946480050052,0.0339691537270232,True,COC(=O)Nc1ccc(cc1)-c1nc(N2CCOCC2)c2cnn(C3CCN(CC3)C(=O)OC)c2n1,prism_treatment_info
c9733b113,BRD-K71467466-001-02-3,KPT-185,exportin antagonist,0.3447444195373068,0.3178820074873315,0.0268624120499753,False,COc1cc(cc(c1)C(F)(F)F)-c1ncn(\C=C/C(=O)OC(C)C)n1,prism_treatment_info
c9798b7d8,BRD-K49313711-001-05-4,ribitol,,0.3257826186225249,0.3203416500015753,0.0054409686209495,False,OC[C@H](O)[C@H](O)[C@H](O)CO,prism_treatment_info
c98950cfd,BRD-K21548250-003-19-1,moracizine,sodium channel blocker,0.4668899420385913,0.3301691851002573,0.136720756938334,False,CCOC(=O)Nc1ccc2Sc3ccccc3N(C(=O)CCN3CCOCC3)c2c1,prism_treatment_info
c9a4e1d37,BRD-K74765201-001-16-7,tomelukast,leukotriene receptor antagonist,0.3386897840149577,0.3101361688531667,0.028553615161791,False,CCCc1c(OCCCCc2nnn[nH]2)ccc(C(C)=O)c1O,prism_treatment_info
c9bc74fb3,BRD-K66097663-001-01-8,TMC-353121,RSV fusion inhibitor,0.3318844442955174,0.3116403438090533,0.020244100486464,False,Cc1ccc(CCCO)c(NCc2ccc3nc(NCCCN4CCOCC4)n(Cc4nc(C)ccc4O)c3c2)c1,prism_treatment_info
c9c489767,BRD-K42205652-001-02-7,"MNS-(3,4-Methylenedioxy-nitrostyrene)","src inhibitor, syk inhibitor",0.369888445036561,0.3591324927708122,0.0107559522657487,False,"[O-][N+](=O)\C=C\c1ccc2OCOc2c1, [O-][N+](=O)\C=C\c1ccc2OCOc2c1",prism_treatment_info
ca6b662f5,BRD-K49840922-001-05-1,etofylline-clofibrate,platelet aggregation inhibitor,0.315246842720501,0.3145719070231598,0.0006749356973411,False,Cn1c2ncn(CCOC(=O)C(C)(C)Oc3ccc(Cl)cc3)c2c(=O)n(C)c1=O,prism_treatment_info
ca8282d6b,BRD-K36016295-001-04-5,KU-60019,ATM kinase inhibitor,0.2914629949188654,0.2732357457606298,0.0182272491582356,False,"C[C@H]1CN(CC(=O)Nc2ccc3Sc4c(Cc3c2)cccc4-c2cc(=O)cc(o2)N2CCOCC2)C[C@@H](C)O1, C[C@H]1CN(CC(=O)Nc2ccc3Sc4c(Cc3c2)cccc4-c2cc(=O)cc(o2)N2CCOCC2)C[C@@H](C)O1, C[C@H]1CN(CC(=O)Nc2ccc3Sc4c(Cc3c2)cccc4-c2cc(=O)cc(o2)N2CCOCC2)C[C@@H](C)O1",prism_treatment_info
ca8387b14,BRD-K65678996-001-05-5,nefiracetam,"acetylcholine receptor agonist, benzodiazepine receptor agonist",0.3225099183903304,0.2817066818477226,0.0408032365426077,False,"Cc1cccc(C)c1NC(=O)CN1CCCC1=O, Cc1cccc(C)c1NC(=O)CN1CCCC1=O, Cc1cccc(C)c1NC(=O)CN1CCCC1=O",prism_treatment_info
ca8854531,BRD-K49215523-001-04-2,GSK2636771,PI3K inhibitor,0.355122778033809,0.2967642827100931,0.0583584953237159,False,"Cc1nc2c(cc(cc2n1Cc1cccc(c1C)C(F)(F)F)N1CCOCC1)C(O)=O, Cc1nc2c(cc(cc2n1Cc1cccc(c1C)C(F)(F)F)N1CCOCC1)C(O)=O",prism_treatment_info
cacb2b860,BRD-K15834839-001-02-3,lobendazole,anthelmintic agent,0.3968192691325294,0.3315738103769758,0.0652454587555536,False,CCOC(=O)Nc1nc2ccccc2[nH]1,prism_treatment_info
cad539762,BRD-M02075109-001-01-1,chromanol-(+/-),potassium channel blocker,0.3034497281030115,0.2942570790476272,0.0091926490553843,False,CCS(=O)(=O)N(C)[C@@H]1[C@@H](O)C(C)(C)Oc2ccc(cc12)C#N.CCS(=O)(=O)N(C)[C@H]1[C@H](O)C(C)(C)Oc2ccc(cc12)C#N,prism_treatment_info
cafd478f9,BRD-K50859149-001-19-5,sulfafurazole,bacterial antifolate,0.3239260983486636,0.3131583441414651,0.0107677542071984,False,"Cc1noc(NS(=O)(=O)c2ccc(N)cc2)c1C, Cc1noc(NS(=O)(=O)c2ccc(N)cc2)c1C, Cc1noc(NS(=O)(=O)c2ccc(N)cc2)c1C",prism_treatment_info
cb01ff9d8,BRD-K74363950-004-01-0,aclidinium,acetylcholine receptor antagonist,0.2950936703544611,0.2830621754981049,0.0120314948563561,False,OC(C(=O)O[C@H]1C[N+]2(CCCOc3ccccc3)CCC1CC2)(c1cccs1)c1cccs1,prism_treatment_info
cb2c25132,BRD-K94436377-001-10-2,diosmin,"aryl hydrocarbon receptor agonist, capillary stabilizing agent",0.3842492170330895,0.3823548153003803,0.0018944017327091,False,"COc1ccc(cc1O)-c1cc(=O)c2c(O)cc(O[C@@H]3O[C@H](CO[C@@H]4O[C@@H](C)[C@H](O)[C@@H](O)[C@H]4O)[C@@H](O)[C@H](O)[C@H]3O)cc2o1, COc1ccc(cc1O)-c1cc(=O)c2c(O)cc(O[C@@H]3O[C@H](CO[C@@H]4O[C@@H](C)[C@H](O)[C@@H](O)[C@H]4O)[C@@H](O)[C@H](O)[C@H]3O)cc2o1, COc1ccc(cc1O)-c1cc(=O)c2c(O)cc(O[C@@H]3O[C@H](CO[C@@H]4O[C@@H](C)[C@H](O)[C@@H](O)[C@H]4O)[C@@H](O)[C@H](O)[C@H]3O)cc2o1",prism_treatment_info
cb462e5c6,BRD-K35169477-001-01-9,taranabant,cannabinoid receptor inverse agonist,0.3141513610429569,0.3068329908028875,0.0073183702400693,False,C[C@H](NC(=O)C(C)(C)Oc1ccc(cn1)C(F)(F)F)[C@@H](Cc1ccc(Cl)cc1)c1cccc(c1)C#N,prism_treatment_info
cb6fd5cd9,BRD-K97417064-001-02-4,acedapsone,,0.3563012480714311,0.3203460585087059,0.0359551895627251,False,CC(=O)Nc1ccc(cc1)S(=O)(=O)c1ccc(NC(C)=O)cc1,prism_treatment_info
cbbb2153d,BRD-A43999749-004-04-1,homatropine-methylbromide,acetylcholine receptor antagonist,0.315289221819316,0.2829380229318812,0.0323511988874348,False,C[N+]1(C)C2CC[C@H]1C[C@H](C2)OC(=O)C(O)c1ccccc1,prism_treatment_info
cbc278c8c,BRD-K44665581-001-01-8,bromosporine,bromodomain inhibitor,0.4424839931233065,0.4375921231608254,0.0048918699624811,False,"CCOC(=O)Nc1cc(nn2c(C)nnc12)-c1ccc(C)c(NS(C)(=O)=O)c1, CCOC(=O)Nc1cc(nn2c(C)nnc12)-c1ccc(C)c(NS(C)(=O)=O)c1",prism_treatment_info
cbd1e5bae,BRD-A53539450-004-01-7,neo-gilurytmal,,0.3549620038790018,0.3126789439417578,0.0422830599372439,False,CCC[N+]12[C@H]3C[C@]45C(O)C3[C@@H](CC1[C@@H]4N(C)c1ccccc51)[C@H](CC)[C@H]2O,prism_treatment_info
cbdf6b874,BRD-A50311610-300-10-4,meclizine,constitutive androstane receptor (CAR) agonist,0.3636039389314504,0.326469083067798,0.0371348558636524,False,"Cc1cccc(CN2CCN(CC2)C(c2ccccc2)c2ccc(Cl)cc2)c1, Cc1cccc(CN2CCN(CC2)C(c2ccccc2)c2ccc(Cl)cc2)c1, Cc1cccc(CN2CCN(CC2)C(c2ccccc2)c2ccc(Cl)cc2)c1",prism_treatment_info
cbe28733a,BRD-K38852836-001-02-1,ganetespib,HSP inhibitor,0.478324842538536,0.4648805305687692,0.0134443119697668,False,CC(C)c1cc(-c2n[nH]c(=O)n2-c2ccc3n(C)ccc3c2)c(O)cc1O,prism_treatment_info
cbea1c11f,BRD-K57169635-001-04-5,dacomitinib,EGFR inhibitor,0.3867247175702218,0.3665125997057729,0.0202121178644489,False,COc1cc2ncnc(Nc3ccc(F)c(Cl)c3)c2cc1NC(=O)\C=C\CN1CCCCC1,prism_treatment_info
cbf00dd7c,BRD-K68103045-001-02-9,CGS-20625,"benzodiazepine receptor agonist, GABA benzodiazepine site receptor partial agonist",0.4118647294397926,0.3527209040225147,0.0591438254172778,False,"COc1ccc(cc1)-n1nc2c3CCCCCc3[nH]cc2c1=O, COc1ccc(cc1)-n1nc2c3CCCCCc3[nH]cc2c1=O",prism_treatment_info
cbf191cb2,BRD-A53576514-048-14-3,orphenadrine,acetylcholine receptor antagonist,0.298321098425539,0.291363737677776,0.0069573607477629,False,"CN(C)CCOC(c1ccccc1)c1ccccc1C, CN(C)CCOC(c1ccccc1)c1ccccc1C",prism_treatment_info
cbfaff9d1,BRD-K73589491-001-11-2,nizatidine,histamine receptor antagonist,0.3383687126979769,0.3157922263874053,0.0225764863105715,False,"CN\C(NCCSCc1csc(CN(C)C)n1)=C/[N+]([O-])=O, CN\C(NCCSCc1csc(CN(C)C)n1)=C/[N+]([O-])=O",prism_treatment_info
cc10617ca,BRD-K74514084-001-03-9,pazopanib,"KIT inhibitor, PDGFR tyrosine kinase receptor inhibitor, VEGFR inhibitor",0.5906386195862657,0.5485740988745745,0.0420645207116912,True,"CN(c1ccc2c(C)n(C)nc2c1)c1ccnc(Nc2ccc(C)c(c2)S(N)(=O)=O)n1, CN(c1ccc2c(C)n(C)nc2c1)c1ccnc(Nc2ccc(C)c(c2)S(N)(=O)=O)n1",prism_treatment_info
cc1288d5a,BRD-K87202646-061-04-9,pasiniazid,cyclooxygenase inhibitor,0.3178965527589077,0.3026714002761786,0.0152251524827291,False,"NNC(=O)c1ccncc1, NNC(=O)c1ccncc1",prism_treatment_info
cc2115976,BRD-K89634775-001-09-9,allylthiourea,nitrification inhibitor,0.2759651959140055,0.2565571907806289,0.0194080051333765,False,"NC(S)=NCC=C, NC(S)=NCC=C",prism_treatment_info
cc305f73c,BRD-K17513304-001-01-9,firategrast,integrin antagonist,0.4346816793896325,0.392197260941012,0.0424844184486204,False,CCOCc1cc(OC)c(-c2ccc(C[C@H](NC(=O)c3c(F)cccc3F)C(O)=O)cc2)c(OC)c1,prism_treatment_info
cc4768974,BRD-K33732501-004-01-0,methylnaltrexone,opioid receptor antagonist,0.3595671978702039,0.3398120797160416,0.0197551181541623,False,C[N@@+]1(CC2CC2)CC[C@@]23[C@H]4Oc5c2c(C[C@@H]1[C@@]3(O)CCC4=O)ccc5O,prism_treatment_info
cc702cc19,BRD-K43860855-065-11-9,iobenguane,antineoplastic agent,0.270774688147842,0.26846723795442,0.0023074501934219,False,"NC(=N)NCc1cccc(I)c1, NC(=N)NCc1cccc(I)c1",prism_treatment_info
cc74a8af6,BRD-A98299281-050-09-6,"hydroxytacrine-maleate-(r,s)",cholinesterase inhibitor,0.4205594823740187,0.3933484543298352,0.0272110280441835,False,Nc1c2C(O)CCCc2nc2ccccc12,prism_treatment_info
cc88e1e3c,BRD-K62562723-003-02-7,SR-2640,leukotriene receptor antagonist,0.4021735870796132,0.3642542618363404,0.0379193252432727,False,"OC(=O)c1ccccc1Nc1cccc(OCc2ccc3ccccc3n2)c1, OC(=O)c1ccccc1Nc1cccc(OCc2ccc3ccccc3n2)c1",prism_treatment_info
cc96b78f2,BRD-K85751432-001-03-3,refametinib,MEK inhibitor,0.6236624599160224,0.5603939546662451,0.0632685052497773,True,COc1cc(F)c(F)c(Nc2ccc(I)cc2F)c1NS(=O)(=O)C1(C[C@H](O)CO)CC1,prism_treatment_info
ccad8d70f,BRD-K65877271-001-01-8,halobetasol-propionate,glucocorticoid receptor agonist,0.452931499695706,0.4067357216618344,0.0461957780338715,False,CCC(=O)O[C@]1([C@@H](C)C[C@H]2[C@@H]3C[C@H](F)C4=CC(=O)C=C[C@]4(C)[C@]3(F)[C@H](O)C[C@]12C)C(=O)CCl,prism_treatment_info
ccb72441a,BRD-K92848252-001-01-9,diminazene-aceturate,angiotensin converting enzyme activator,0.335211658461639,0.3095333660674854,0.0256782923941536,False,"NC(=N)c1ccc(N\N=N\c2ccc(cc2)C(N)=N)cc1, NC(=N)c1ccc(N\N=N\c2ccc(cc2)C(N)=N)cc1, NC(=N)c1ccc(N\N=N\c2ccc(cc2)C(N)=N)cc1",prism_treatment_info
ccf6fadc3,BRD-K90027355-001-19-0,spironolactone,mineralocorticoid receptor antagonist,0.3399555466342961,0.3293641440981708,0.0105914025361253,False,"CC(=O)S[C@@H]1CC2=CC(=O)CC[C@]2(C)[C@H]2CC[C@@]3(C)[C@@H](CC[C@@]33CCC(=O)O3)[C@H]12, CC(=O)S[C@@H]1CC2=CC(=O)CC[C@]2(C)[C@H]2CC[C@@]3(C)[C@@H](CC[C@@]33CCC(=O)O3)[C@H]12, CC(=O)S[C@@H]1CC2=CC(=O)CC[C@]2(C)[C@H]2CC[C@@]3(C)[C@@H](CC[C@@]33CCC(=O)O3)[C@H]12, CC(=O)S[C@@H]1CC2=CC(=O)CC[C@]2(C)[C@H]2CC[C@@]3(C)[C@@H](CC[C@@]33CCC(=O)O3)[C@H]12",prism_treatment_info
cd0f9a06b,BRD-K96714749-001-01-0,isobutamben,local anesthetic,0.3262965223138823,0.2959951635878244,0.0303013587260578,False,CC(C)COC(=O)c1ccc(N)cc1,prism_treatment_info
cd15932d2,BRD-K78666826-003-01-6,procaterol,adrenergic receptor agonist,0.3798847879885597,0.3586057214152621,0.0212790665732975,False,"CC[C@H](NC(C)C)[C@H](O)c1ccc(O)c2[nH]c(=O)ccc12, CC[C@H](NC(C)C)[C@H](O)c1ccc(O)c2[nH]c(=O)ccc12",prism_treatment_info
cd4f7ec46,BRD-K18619710-001-14-4,digoxigenin,steroid,0.353176778450645,0.3515434839921608,0.0016332944584842,False,C[C@@]12[C@H](CC[C@]1(O)[C@@H]1CC[C@@H]3C[C@@H](O)CC[C@]3(C)[C@H]1C[C@H]2O)C1=CC(=O)OC1,prism_treatment_info
cd5323b1a,BRD-K36740062-001-06-6,GSK1070916,Aurora kinase inhibitor,0.3744701070488816,0.3552297709340734,0.0192403361148082,False,CCn1cc(c(n1)-c1ccc(NC(=O)N(C)C)cc1)-c1ccnc2[nH]c(cc12)-c1cccc(CN(C)C)c1,prism_treatment_info
cd6dd7a29,BRD-A90695733-001-07-4,manidipine,calcium channel blocker,0.3180319442855017,0.3064834606513511,0.0115484836341506,False,"COC(=O)C1=C(C)NC(C)=C(C1c1cccc(c1)[N+]([O-])=O)C(=O)OCCN1CCN(CC1)C(c1ccccc1)c1ccccc1, COC(=O)C1=C(C)NC(C)=C(C1c1cccc(c1)[N+]([O-])=O)C(=O)OCCN1CCN(CC1)C(c1ccccc1)c1ccccc1, COC(=O)C1=C(C)NC(C)=C(C1c1cccc(c1)[N+]([O-])=O)C(=O)OCCN1CCN(CC1)C(c1ccccc1)c1ccccc1, COC(=O)C1=C(C)NC(C)=C(C1c1cccc(c1)[N+]([O-])=O)C(=O)OCCN1CCN(CC1)C(c1ccccc1)c1ccccc1",prism_treatment_info
cd7f6bf39,BRD-K50938287-036-13-8,sumatriptan,serotonin receptor agonist,0.3184840532247882,0.2801390960544148,0.0383449571703733,False,"CNS(=O)(=O)Cc1ccc2[nH]cc(CCN(C)C)c2c1, CNS(=O)(=O)Cc1ccc2[nH]cc(CCN(C)C)c2c1, CNS(=O)(=O)Cc1ccc2[nH]cc(CCN(C)C)c2c1, CNS(=O)(=O)Cc1ccc2[nH]cc(CCN(C)C)c2c1",prism_treatment_info
cd9464ede,BRD-K61585876-001-01-0,3-carboxy-4-hydroxyphenylglycine-(S),glutamate receptor antagonist,0.4154388197059167,0.373410366459214,0.0420284532467026,False,N[C@H](C(O)=O)c1ccc(O)c(c1)C(O)=O,prism_treatment_info
cd9644989,BRD-A26384407-001-25-1,chlorthalidone,carbonic anhydrase inhibitor,0.2935778853434569,0.2695131972765414,0.0240646880669155,False,NS(=O)(=O)c1cc(ccc1Cl)C1(O)NC(=O)c2ccccc12,prism_treatment_info
cdae2ebbf,BRD-A46393198-003-16-6,tetramisole,immunostimulant,0.3252238929505883,0.2997639261511497,0.0254599667994386,False,"C1CN2CC(N=C2S1)c1ccccc1, C1CN2CC(N=C2S1)c1ccccc1",prism_treatment_info
cdbfcb1ea,BRD-K09090523-001-02-1,firocoxib,cyclooxygenase inhibitor,0.3623280643829433,0.3437869387167364,0.0185411256662068,False,CC1(C)OC(=O)C(OCC2CC2)=C1c1ccc(cc1)S(C)(=O)=O,prism_treatment_info
cdee6b7bf,BRD-K36889451-001-01-1,tetramethylthiuram-monosulfide,,0.2896517823094294,0.2894933515061951,0.0001584308032343,False,CN(C)C(=S)SC(=S)N(C)C,prism_treatment_info
ce15db37f,BRD-A50764878-003-02-8,MDL-73005EF,serotonin receptor antagonist,0.3683623827039485,0.3500782296148503,0.0182841530890982,False,O=C1CC2(CCCC2)CC(=O)N1CCNCC1COc2ccccc2O1,prism_treatment_info
ce1c48ead,BRD-K75506300-001-01-6,NPS-2143,calcium receptor antagonist,0.3483160023358121,0.346793170399536,0.0015228319362761,False,"CC(C)(Cc1ccc2ccccc2c1)NC[C@@H](O)COc1cccc(Cl)c1C#N, CC(C)(Cc1ccc2ccccc2c1)NC[C@@H](O)COc1cccc(Cl)c1C#N",prism_treatment_info
ce1dd3f87,BRD-K31495718-001-01-1,AZD7687,diacylglycerol O acyltransferase inhibitor,0.4375561737821885,0.3215445377437265,0.116011636038462,False,Cc1nc(C)c(nc1C(N)=O)-c1ccc(cc1)[C@H]1CC[C@H](CC(O)=O)CC1,prism_treatment_info
ce2775e0a,BRD-K17702546-001-03-2,PD-168393,EGFR inhibitor,0.6171067314477345,0.5570654822097004,0.0600412492380341,True,Brc1cccc(Nc2ncnc3ccc(NC(=O)C=C)cc23)c1,prism_treatment_info
ce292c1df,BRD-K85503079-001-02-8,perospirone,"dopamine receptor antagonist, serotonin receptor antagonist",0.3535288609713674,0.3224551019909457,0.0310737589804217,False,"O=C1[C@H]2CCCC[C@H]2C(=O)N1CCCCN1CCN(CC1)c1nsc2ccccc12, O=C1[C@H]2CCCC[C@H]2C(=O)N1CCCCN1CCN(CC1)c1nsc2ccccc12",prism_treatment_info
ce48189e0,BRD-K96188950-001-16-9,caffeic-acid-phenethyl-ester,HIV integrase inhibitor,0.3564419392408486,0.3268444648642638,0.0295974743765848,False,"Oc1ccc(\C=C\C(=O)OCCc2ccccc2)cc1O, Oc1ccc(\C=C\C(=O)OCCc2ccccc2)cc1O",prism_treatment_info
ce6b7dd05,BRD-K15502390-001-20-9,nevirapine,non-nucleoside reverse transcriptase inhibitor,0.3641933535705119,0.2974300817468348,0.066763271823677,False,"Cc1ccnc2c1NC(=O)c1cccnc1N2C1CC1, Cc1ccnc2c1NC(=O)c1cccnc1N2C1CC1",prism_treatment_info
ce7077c0d,BRD-K52075715-001-06-7,oxibendazole,tubulin polymerization inhibitor,0.6849365698472583,0.6750463877955755,0.0098901820516827,True,"CCCOc1ccc2nc(NC(=O)OC)[nH]c2c1, CCCOc1ccc2nc(NC(=O)OC)[nH]c2c1",prism_treatment_info
cea7a3fe4,BRD-A10523515-001-07-9,GSK429286A,rho associated kinase inhibitor,0.3247796670456644,0.3098138602199624,0.014965806825702,False,"CC1=C(C(CC(=O)N1)c1ccc(cc1)C(F)(F)F)C(=O)Nc1cc2cn[nH]c2cc1F, CC1=C(C(CC(=O)N1)c1ccc(cc1)C(F)(F)F)C(=O)Nc1cc2cn[nH]c2cc1F, CC1=C(C(CC(=O)N1)c1ccc(cc1)C(F)(F)F)C(=O)Nc1cc2cn[nH]c2cc1F",prism_treatment_info
cebb37606,BRD-K38580127-003-15-4,serotonin,growth factor receptor activator,0.3737549395736305,0.308245869608638,0.0655090699649924,False,"NCCc1c[nH]c2ccc(O)cc12, NCCc1c[nH]c2ccc(O)cc12, NCCc1c[nH]c2ccc(O)cc12",prism_treatment_info
cedb6c4a8,BRD-K68395654-001-03-1,EVP4593,NFkB pathway inhibitor,0.5973824648076982,0.5328394559482873,0.0645430088594108,True,"Nc1ccc2ncnc(NCCc3ccc(Oc4ccccc4)cc3)c2c1, Nc1ccc2ncnc(NCCc3ccc(Oc4ccccc4)cc3)c2c1, Nc1ccc2ncnc(NCCc3ccc(Oc4ccccc4)cc3)c2c1",prism_treatment_info
cedcfd30a,BRD-K60341624-001-02-2,GSK1292263,glucose dependent insulinotropic receptor agonist,0.3507107028398177,0.3160311064842385,0.0346795963555791,False,CC(C)c1noc(n1)N1CCC(COc2ccc(nc2)-c2ccc(cc2)S(C)(=O)=O)CC1,prism_treatment_info
cedde2a6c,BRD-K68408467-065-01-8,proflavine-hemisulfate,topical anesthetic,0.3804772932187518,0.3739850013840252,0.0064922918347266,False,Nc1ccc2cc3ccc(N)cc3nc2c1,prism_treatment_info
cee0b4f24,BRD-K36927236-001-32-6,glyburide,"ATP channel blocker, insulin secretagogue, sulfonylurea",0.3627645432850742,0.3324196504282952,0.0303448928567789,False,"COc1ccc(Cl)cc1C(=O)NCCc1ccc(cc1)S(=O)(=O)NC(=O)NC1CCCCC1, COc1ccc(Cl)cc1C(=O)NCCc1ccc(cc1)S(=O)(=O)NC(=O)NC1CCCCC1, COc1ccc(Cl)cc1C(=O)NCCc1ccc(cc1)S(=O)(=O)NC(=O)NC1CCCCC1, COc1ccc(Cl)cc1C(=O)NCCc1ccc(cc1)S(=O)(=O)NC(=O)NC1CCCCC1",prism_treatment_info
ceee35da6,BRD-A68631409-001-05-4,evodiamine,"ATPase inhibitor, TRPV agonist",0.6061161852433447,0.5771946945879318,0.0289214906554128,True,"CN1C2N(CCc3c2[nH]c2ccccc32)C(=O)c2ccccc12, CN1C2N(CCc3c2[nH]c2ccccc32)C(=O)c2ccccc12",prism_treatment_info
cef9e7a3f,BRD-K01683783-001-02-6,TAK-901,Aurora kinase inhibitor,0.632876996660377,0.5133319143685698,0.1195450822918071,True,CCS(=O)(=O)c1cccc(c1)-c1cc(C(=O)NC2CCN(C)CC2)c(C)c2[nH]c3ncc(C)cc3c12,prism_treatment_info
cf071c439,BRD-K36386086-001-01-1,dolutegravir,HIV integrase inhibitor,0.3974134738955812,0.3626206997497986,0.0347927741457825,False,C[C@H]1CCO[C@H]2Cn3cc(C(=O)NCc4ccc(F)cc4F)c(=O)c(O)c3C(=O)N12,prism_treatment_info
cf08e0bf8,BRD-K86687746-001-01-3,R306465,HDAC inhibitor,0.3694676274456795,0.3658677264593435,0.0035999009863359,False,ONC(=O)c1cnc(nc1)N1CCN(CC1)S(=O)(=O)c1ccc2ccccc2c1,prism_treatment_info
cf21bab1b,BRD-K16484091-001-01-1,metocurine,acetylcholine receptor antagonist,0.4115940750673957,0.3821463569508477,0.029447718116548,False,COc1ccc2C[C@@H]3c4c(CC[N+]3(C)C)cc(OC)c(OC)c4Oc3ccc(C[C@H]4c5cc(Oc1c2)c(OC)cc5CC[N+]4(C)C)cc3,prism_treatment_info
cf21e6ee0,BRD-K00337317-001-06-6,NU-7441,DNA dependent protein kinase inhibitor,0.3521431750274032,0.3077554286219002,0.0443877464055029,False,O=c1cc(oc2c(cccc12)-c1cccc2c3ccccc3sc12)N1CCOCC1,prism_treatment_info
cf3449dda,BRD-K78096648-001-05-7,oxiperomide,dopamine receptor antagonist,0.3988295898309134,0.3592424228886841,0.0395871669422292,False,Oc1nc2ccccc2n1C1CCN(CCOc2ccccc2)CC1,prism_treatment_info
cf4523b7d,BRD-K68395654-001-03-1,EVP4593,NFkB pathway inhibitor,0.4974251378925227,0.4401904485404128,0.0572346893521099,False,"Nc1ccc2ncnc(NCCc3ccc(Oc4ccccc4)cc3)c2c1, Nc1ccc2ncnc(NCCc3ccc(Oc4ccccc4)cc3)c2c1, Nc1ccc2ncnc(NCCc3ccc(Oc4ccccc4)cc3)c2c1",prism_treatment_info
cf505fa7f,BRD-K68408467-065-01-8,proflavine-hemisulfate,topical anesthetic,0.4578943174854581,0.3171487515703681,0.1407455659150899,False,Nc1ccc2cc3ccc(N)cc3nc2c1,prism_treatment_info
cf5db49f4,BRD-K95926480-003-03-6,SRT1720,SIRT activator,0.3497772645550187,0.3058803144423454,0.0438969501126733,False,O=C(Nc1ccccc1-c1cn2c(CN3CCNCC3)csc2n1)c1cnc2ccccc2n1,prism_treatment_info
cfbbea3fc,BRD-K58114536-001-01-6,rasagiline,monoamine oxidase inhibitor,0.4263900334240729,0.3121168358107414,0.1142731976133314,False,"C#CCN[C@@H]1CCc2ccccc12, C#CCN[C@@H]1CCc2ccccc12, C#CCN[C@@H]1CCc2ccccc12, C#CCN[C@@H]1CCc2ccccc12",prism_treatment_info
cfdaeed8e,BRD-K59045783-001-01-1,faropenem-medoxomil,lactamase inhibitor,0.4666514545009366,0.3514076783296476,0.115243776171289,False,"C[C@@H](O)[C@@H]1[C@H]2SC([C@H]3CCCO3)=C(N2C1=O)C(=O)OCc1oc(=O)oc1C, C[C@@H](O)[C@@H]1[C@H]2SC([C@H]3CCCO3)=C(N2C1=O)C(=O)OCc1oc(=O)oc1C, C[C@@H](O)[C@@H]1[C@H]2SC([C@H]3CCCO3)=C(N2C1=O)C(=O)OCc1oc(=O)oc1C",prism_treatment_info
d00e6f13d,BRD-K58049875-001-04-7,thiostrepton,"FOXM1 inhibitor, protein synthesis inhibitor",0.4961953100626127,0.4842849420735567,0.0119103679890559,False,"CCC(C)C1NC2C=Cc3c(cc(nc3C2O)C(=O)OC(C)C2NC(=O)c3csc(n3)C(NC(=O)C3CSC(=N3)\C(NC(=O)C(NC(=O)c3csc(n3)C3(CCC(=NC3c3csc2n3)c2nc(cs2)C(=O)NC(=C)C(=O)NC(=C)C(N)=O)NC(=O)C(C)NC(=O)C(=C)NC(=O)C(C)NC1=O)C(C)O)=C/C)C(C)(O)C(C)O)C(C)O, CC[C@H](C)[C@@H]1N[C@@H]2C=Cc3c(cc(nc3[C@H]2O)C(=O)O[C@H](C)[C@@H]2NC(=O)c3csc(n3)[C@@H](NC(=O)[C@H]3CSC(=N3)\C(NC(=O)[C@@H](NC(=O)c3csc(n3)[C@]3(CCC(=N[C@@H]3c3csc2n3)c2nc(cs2)C(=O)NC(=C)C(=O)NC(=C)C(N)=O)NC(=O)[C@H](C)NC(=O)C(=C)NC(=O)[C@H](C)NC1=O)[C@@H](C)O)=C\C)[C@](C)(O)[C@@H](C)O)[C@H](C)O, CC[C@H](C)[C@@H]1N[C@@H]2C=Cc3c(cc(nc3[C@H]2O)C(=O)O[C@H](C)[C@@H]2NC(=O)c3csc(n3)[C@@H](NC(=O)[C@H]3CSC(=N3)\C(NC(=O)[C@@H](NC(=O)c3csc(n3)[C@]3(CCC(=N[C@@H]3c3csc2n3)c2nc(cs2)C(=O)NC(=C)C(=O)NC(=C)C(N)=O)NC(=O)[C@H](C)NC(=O)C(=C)NC(=O)[C@H](C)NC1=O)[C@@H](C)O)=C\C)[C@](C)(O)[C@@H](C)O)[C@H](C)O, CC[C@H](C)[C@@H]1N[C@@H]2C=Cc3c(cc(nc3[C@H]2O)C(=O)O[C@H](C)[C@@H]2NC(=O)c3csc(n3)[C@@H](NC(=O)[C@H]3CSC(=N3)\C(NC(=O)[C@@H](NC(=O)c3csc(n3)[C@]3(CCC(=N[C@@H]3c3csc2n3)c2nc(cs2)C(=O)NC(=C)C(=O)NC(=C)C(N)=O)NC(=O)[C@H](C)NC(=O)C(=C)NC(=O)[C@H](C)NC1=O)[C@@H](C)O)=C\C)[C@](C)(O)[C@@H](C)O)[C@H](C)O, CC[C@H](C)[C@@H]1N[C@@H]2C=Cc3c(cc(nc3[C@H]2O)C(=O)O[C@H](C)[C@@H]2NC(=O)c3csc(n3)[C@@H](NC(=O)[C@H]3CSC(=N3)\C(NC(=O)[C@@H](NC(=O)c3csc(n3)[C@]3(CCC(=N[C@@H]3c3csc2n3)c2nc(cs2)C(=O)NC(=C)C(=O)NC(=C)C(N)=O)NC(=O)[C@H](C)NC(=O)C(=C)NC(=O)[C@H](C)NC1=O)[C@@H](C)O)=C\C)[C@](C)(O)[C@@H](C)O)[C@H](C)O",prism_treatment_info
d00f93480,BRD-K64931368-003-01-4,aminocaproic-acid,plasminogen activator inhibitor,0.348767198138338,0.3329127958606071,0.0158544022777308,False,"NCCCCCC(O)=O, NCCCCCC(O)=O, NCCCCCC(O)=O",prism_treatment_info
d01936d7e,BRD-K66465025-001-05-1,ACPC,glutamate receptor antagonist,0.3586193418075366,0.3450392012215036,0.0135801405860329,False,NC1(CC1)C(O)=O,prism_treatment_info
d032e3d51,BRD-A66116161-001-02-3,AM-1241,cannabinoid receptor agonist,0.3608551013783372,0.2836025263854111,0.077252574992926,False,CN1CCCCC1Cn1cc(C(=O)c2cc(ccc2I)[N+]([O-])=O)c2ccccc12,prism_treatment_info
d068b0638,BRD-K17026858-001-01-2,pibenzimol,DNA inhibitor,0.3737924902899261,0.341554756097748,0.0322377341921781,False,"c1ccc2[nH]c(nc2c1)-c1nc2ccccc2[nH]1, CN1CCN(CC1)c1ccc2nc([nH]c2c1)-c1ccc2nc([nH]c2c1)-c1ccc(O)cc1",prism_treatment_info
d074c17a3,BRD-K02407574-001-09-7,parbendazole,tubulin polymerization inhibitor,0.5954934903604489,0.5553675215609009,0.0401259687995479,True,CCCCc1ccc2[nH]c(NC(=O)OC)nc2c1,prism_treatment_info
d08af5d4b,BRD-K02407574-001-09-7,parbendazole,tubulin polymerization inhibitor,0.6713051185444121,0.6531389687635089,0.0181661497809032,True,CCCCc1ccc2[nH]c(NC(=O)OC)nc2c1,prism_treatment_info
d0c38f6ff,BRD-K67217586-001-08-0,fenthion,cholinesterase inhibitor,0.3547145450536176,0.3016130733448978,0.0531014717087198,False,COP(=S)(OC)Oc1ccc(SC)c(C)c1,prism_treatment_info
d0d0d9885,BRD-K85402309-389-03-2,dovitinib,"EGFR inhibitor, FGFR inhibitor, FLT3 inhibitor, PDGFR tyrosine kinase receptor inhibitor, VEGFR inhibitor",0.5080452105388469,0.4571408915526543,0.0509043189861925,True,"CN1CCN(CC1)c1ccc2nc([nH]c2c1)-c1c(N)c2c(F)cccc2[nH]c1=O, CN1CCN(CC1)c1ccc2nc([nH]c2c1)-c1c(N)c2c(F)cccc2[nH]c1=O, CN1CCN(CC1)c1ccc2nc([nH]c2c1)-c1c(N)c2c(F)cccc2[nH]c1=O, CN1CCN(CC1)c1ccc2nc([nH]c2c1)-c1c(N)c2c(F)cccc2[nH]c1=O, CN1CCN(CC1)c1ccc2nc([nH]c2c1)-c1c(N)c2c(F)cccc2[nH]c1=O, CN1CCN(CC1)c1ccc2nc([nH]c2c1)-c1c(N)c2c(F)cccc2[nH]c1=O",prism_treatment_info
d118db62e,BRD-K37111771-300-02-6,trientine,chelating agent,0.3378478702114739,0.3000931130590438,0.03775475715243,False,NCCNCCNCCN,prism_treatment_info
d12d3ac65,BRD-K63343048-001-12-2,orlistat,lipase inhibitor,0.3296231717741225,0.2974903209828272,0.0321328507912953,False,"CCCCCCCCCCC[C@@H](C[C@H]1OC(=O)[C@H]1CCCCCC)OC(=O)[C@@H](CC(C)C)NC=O, CCCCCCCCCCC[C@@H](C[C@@H]1OC(=O)[C@H]1CCCCCC)OC(=O)[C@H](CC(C)C)NC=O, CCCCCCCCCCC[C@@H](C[C@@H]1OC(=O)[C@H]1CCCCCC)OC(=O)[C@H](CC(C)C)NC=O",prism_treatment_info
d144a991c,BRD-K13495773-001-11-4,creatinine,,0.3445347709387938,0.3349232340999847,0.009611536838809,False,"CN1CC(=O)NC1=N, CN1CC(=O)NC1=N",prism_treatment_info
d14919a0e,BRD-K41170226-001-13-8,deoxycholic-acid,"biliverdin reductase A activator, G protein-coupled receptor agonist",0.3396129027412781,0.3220785385805338,0.0175343641607442,False,C[C@H](CCC(O)=O)[C@H]1CC[C@H]2[C@@H]3CC[C@@H]4C[C@H](O)CC[C@]4(C)[C@H]3C[C@H](O)[C@]12C,prism_treatment_info
d149a15f5,BRD-A46876182-003-02-8,levobunolol-(+/-),adrenergic receptor antagonist,0.2997804175233679,0.2995661906294984,0.0002142268938695,False,CC(C)(C)NCC(O)COc1cccc2C(=O)CCCc12,prism_treatment_info
d14b6b651,BRD-K31928526-001-02-1,barasertib,Aurora kinase inhibitor,0.4426189964006524,0.4245516217538259,0.0180673746468265,False,CCN(CCCOc1ccc2c(Nc3cc(CC(=O)Nc4cccc(F)c4)[nH]n3)ncnc2c1)CCOP(O)(O)=O,prism_treatment_info
d1681e2ff,BRD-K77908580-001-09-6,entinostat,HDAC inhibitor,0.3712274498071627,0.3390465444502086,0.032180905356954,False,"Nc1ccccc1NC(=O)c1ccc(CNC(=O)OCc2cccnc2)cc1, Nc1ccccc1NC(=O)c1ccc(CNC(=O)OCc2cccnc2)cc1",prism_treatment_info
d18459f4f,BRD-K82746043-001-15-1,navitoclax,BCL inhibitor,0.4045821809384281,0.335278749795364,0.069303431143064,False,"CC1(C)CCC(=C(CN2CCN(CC2)c2ccc(cc2)C(=O)NS(=O)(=O)c2ccc(N[C@H](CCN3CCOCC3)CSc3ccccc3)c(c2)S(=O)(=O)C(F)(F)F)C1)c1ccc(Cl)cc1, CC1(C)CCC(=C(CN2CCN(CC2)c2ccc(cc2)C(=O)NS(=O)(=O)c2ccc(N[C@H](CCN3CCOCC3)CSc3ccccc3)c(c2)S(=O)(=O)C(F)(F)F)C1)c1ccc(Cl)cc1",prism_treatment_info
d1b47f29d,BRD-K05804044-001-06-0,AZ-628,RAF inhibitor,0.6424376115603083,0.5579560008901081,0.0844816106702002,True,"Cc1ccc(NC(=O)c2cccc(c2)C(C)(C)C#N)cc1Nc1ccc2ncn(C)c(=O)c2c1, Cc1ccc(NC(=O)c2cccc(c2)C(C)(C)C#N)cc1Nc1ccc2ncn(C)c(=O)c2c1, Cc1ccc(NC(=O)c2cccc(c2)C(C)(C)C#N)cc1Nc1ccc2ncn(C)c(=O)c2c1, Cc1ccc(NC(=O)c2cccc(c2)C(C)(C)C#N)cc1Nc1ccc2ncn(C)c(=O)c2c1",prism_treatment_info
d1cfb9885,BRD-K77396579-300-01-0,NVP-DPP728,dipeptidyl peptidase inhibitor,0.3624318651831534,0.3045621601038296,0.0578697050793237,False,O=C(CNCCNc1ccc(cn1)C#N)N1CCC[C@H]1C#N,prism_treatment_info
d1d4140f4,BRD-K41278234-001-03-0,CUDC-101,EGFR inhibitor,0.3239617868671837,0.3104909196608028,0.0134708672063809,False,COc1cc2ncnc(Nc3cccc(c3)C#C)c2cc1OCCCCCCC(=O)NO,prism_treatment_info
d1f551f68,BRD-K54838207-001-02-0,fudosteine,mucolytic agent,0.3963568489781692,0.2817745182030073,0.1145823307751618,False,"N[C@@H](CSCCCO)C(O)=O, N[C@@H](CSCCCO)C(O)=O",prism_treatment_info
d201bb3e9,BRD-K84564571-001-02-4,telatinib,"KIT inhibitor, PDGFR tyrosine kinase receptor inhibitor, VEGFR inhibitor",0.5607257681145974,0.4600672775929921,0.1006584905216052,True,CNC(=O)c1cc(COc2nnc(Nc3ccc(Cl)cc3)c3ccoc23)ccn1,prism_treatment_info
d214f8a07,BRD-K21913543-001-02-4,fluorescein,,0.3361189026231901,0.3310820363623112,0.0050368662608789,False,Oc1ccc2c(Oc3cc(O)ccc3C22OC(=O)c3ccccc23)c1,prism_treatment_info
d216cfda8,BRD-K59574735-001-11-8,ubenimex,leukotriene synthesis inhibitor,0.3381946980433744,0.3157578508377158,0.0224368472056585,False,"CC(C)C[C@H](NC(=O)[C@@H](O)[C@H](N)Cc1ccccc1)C(O)=O, CC(C)C[C@H](NC(=O)[C@@H](O)[C@H](N)Cc1ccccc1)C(O)=O",prism_treatment_info
d219a0018,BRD-K38684403-001-05-4,roxithromycin,bacterial 50S ribosomal subunit inhibitor,0.3140412581871872,0.2785034614042948,0.0355377967828923,False,"CC[C@H]1OC(=O)[C@H](C)[C@@H](O[C@H]2C[C@@](C)(OC)[C@@H](O)[C@H](C)O2)[C@H](C)[C@@H](O[C@@H]2O[C@H](C)C[C@@H]([C@H]2O)N(C)C)[C@](C)(O)C[C@@H](C)\C(=N/OCOCCOC)[C@H](C)[C@@H](O)[C@]1(C)O, CC[C@H]1OC(=O)[C@H](C)[C@@H](O[C@H]2C[C@@](C)(OC)[C@@H](O)[C@H](C)O2)[C@H](C)[C@@H](O[C@@H]2O[C@H](C)C[C@@H]([C@H]2O)N(C)C)[C@](C)(O)C[C@@H](C)\C(=N/OCOCCOC)[C@H](C)[C@@H](O)[C@]1(C)O",prism_treatment_info
d22b4e6d9,BRD-A92872453-001-01-8,N-acetylmannosamine,,0.3737053801584491,0.3686553436425879,0.0050500365158611,False,CC(=O)NC1[C@@H](O)OC(CO)[C@@H](O)[C@H]1O,prism_treatment_info
d234a611d,BRD-K10065684-001-07-4,dantron,laxative,0.3540539346767959,0.3448215098520104,0.0092324248247855,False,Oc1cccc2C(=O)c3cccc(O)c3C(=O)c12,prism_treatment_info
d246eb521,BRD-K13356952-001-25-1,methazolamide,carbonic anhydrase inhibitor,0.3132293319519343,0.2765817162715028,0.0366476156804315,False,"CC(=O)N=c1sc(nn1C)S(N)(=O)=O, CC(=O)N=c1sc(nn1C)S(N)(=O)=O, CC(=O)N=c1sc(nn1C)S(N)(=O)=O",prism_treatment_info
d289bdd81,BRD-K90333595-003-21-4,phentolamine,adrenergic receptor antagonist,0.3620802882052973,0.3345413722613755,0.0275389159439218,False,"Cc1ccc(cc1)N(CC1=NCCN1)c1cccc(O)c1, Cc1ccc(cc1)N(CC1=NCCN1)c1cccc(O)c1, Cc1ccc(cc1)N(CC1=NCCN1)c1cccc(O)c1, Cc1ccc(cc1)N(CC1=NCCN1)c1cccc(O)c1",prism_treatment_info
d2991f386,BRD-A40084411-003-07-7,CGP-12177,adrenergic receptor agonist,0.4163809352764734,0.3653386750836038,0.0510422601928696,False,CC(C)(C)NCC(O)COc1cccc2[nH]c(O)nc12,prism_treatment_info
d2a147729,BRD-K75911534-001-01-6,SU014813,"PDGFR tyrosine kinase receptor inhibitor, VEGFR inhibitor",0.3726628776734165,0.3296327411456796,0.0430301365277369,False,Cc1[nH]c(\C=C2\C(=O)Nc3ccc(F)cc23)c(C)c1C(=O)NC[C@H](O)CN1CCOCC1,prism_treatment_info
d2bfb8458,BRD-K32247306-001-29-4,primidone,GABA receptor antagonist,0.3460345440301861,0.3235878262299579,0.0224467178002281,False,"CCC1(C(=O)NCNC1=O)c1ccccc1, CCC1(C(=O)NCNC1=O)c1ccccc1, CCC1(C(=O)NCNC1=O)c1ccccc1",prism_treatment_info
d2c1d1a42,BRD-A76672327-003-02-0,clindamycin-palmitate,bacterial 50S ribosomal subunit inhibitor,0.3545957595296956,0.2980028954411364,0.0565928640885591,False,CCCCCCCCCCCCCCCC(=O)OC1C(O)C(O)C(OC1SC)C(NC(=O)C1CC(CCC)CN1C)C(C)Cl,prism_treatment_info
d2d29e48f,BRD-K24616672-003-20-1,procaine,HMGCR inhibitor,0.3846669714398881,0.3718104801449517,0.0128564912949363,False,"CCN(CC)CCOC(=O)c1ccc(N)cc1, CCN(CC)CCOC(=O)c1ccc(N)cc1",prism_treatment_info
d2d7e1eab,BRD-K78666826-003-01-6,procaterol,adrenergic receptor agonist,0.3385385883638173,0.335271595523667,0.0032669928401503,False,"CC[C@H](NC(C)C)[C@H](O)c1ccc(O)c2[nH]c(=O)ccc12, CC[C@H](NC(C)C)[C@H](O)c1ccc(O)c2[nH]c(=O)ccc12",prism_treatment_info
d2e554fc3,BRD-K58299615-001-03-5,Ro-90-7501,,0.376950258553319,0.3323788898922655,0.0445713686610534,False,"Nc1ccc(cc1)-c1nc2ccc(cc2[nH]1)-c1nc2ccc(N)cc2[nH]1, Nc1ccc(cc1)-c1nc2ccc(cc2[nH]1)-c1nc2ccc(N)cc2[nH]1",prism_treatment_info
d2f784c39,BRD-K47639036-003-06-6,flavoxate,acetylcholine receptor antagonist,0.3180704320205576,0.2871311383950545,0.0309392936255031,False,Cc1c(oc2c(cccc2c1=O)C(=O)OCCN1CCCCC1)-c1ccccc1,prism_treatment_info
d30573f2e,BRD-K68395654-001-03-1,EVP4593,NFkB pathway inhibitor,0.5078794305052619,0.497031836514446,0.0108475939908158,True,"Nc1ccc2ncnc(NCCc3ccc(Oc4ccccc4)cc3)c2c1, Nc1ccc2ncnc(NCCc3ccc(Oc4ccccc4)cc3)c2c1, Nc1ccc2ncnc(NCCc3ccc(Oc4ccccc4)cc3)c2c1",prism_treatment_info
d30fd5273,BRD-K66911501-003-01-2,MK-3207,calcitonin antagonist,0.2991964759899663,0.2897108818919719,0.0094855940979943,False,Fc1cc(F)cc(c1)[C@@H]1CNC2(CCCC2)C(=O)N1CC(=O)Nc1ccc2C[C@]3(Cc2c1)C(=O)Nc1ncccc31,prism_treatment_info
d32045b5e,BRD-K95957366-001-02-6,isaxonine,nerve growth factor agonist,0.3808732422437126,0.3046081760684949,0.0762650661752177,False,CC(C)Nc1ncccn1,prism_treatment_info
d3228fdfc,BRD-K42095107-001-17-1,daidzein,estrogen receptor agonist,0.3365839895986288,0.3323585066024183,0.0042254829962105,False,"Oc1ccc(cc1)-c1coc2cc(O)ccc2c1=O, Oc1ccc(cc1)-c1coc2cc(O)ccc2c1=O, Oc1ccc(cc1)-c1coc2cc(O)ccc2c1=O, Oc1ccc(cc1)-c1coc2cc(O)ccc2c1=O, Oc1ccc(cc1)-c1coc2cc(O)ccc2c1=O",prism_treatment_info
d33ee31a4,BRD-A74391928-051-01-3,ibutilide,potassium channel blocker,0.4092801207423513,0.3648149503803804,0.0444651703619708,False,"CCCCCCCN(CC)CCCC(O)c1ccc(NS(C)(=O)=O)cc1, CCCCCCCN(CC)CCCC(O)c1ccc(NS(C)(=O)=O)cc1, CCCCCCCN(CC)CCCC(O)c1ccc(NS(C)(=O)=O)cc1",prism_treatment_info
d36e6ad3b,BRD-K28595280-001-04-5,meglumine,excipient,0.3209491207555507,0.315440857436322,0.0055082633192287,False,"CNC[C@H](O)[C@@H](O)[C@H](O)[C@H](O)CO, CNC[C@H](O)[C@@H](O)[C@H](O)[C@H](O)CO, CNC[C@H](O)[C@@H](O)[C@H](O)[C@H](O)CO",prism_treatment_info
d379daa8f,BRD-K81957469-001-01-0,semagacestat,gamma secretase inhibitor,0.3423144486590632,0.3145225502654973,0.0277918983935658,False,CC(C)[C@H](O)C(=O)N[C@@H](C)C(=O)N[C@@H]1c2ccccc2CCN(C)C1=O,prism_treatment_info
d389fc759,BRD-K72029282-001-22-0,probucol,atherogenesis inhibitor,0.332320034058951,0.3116241867194823,0.0206958473394687,False,"CC(C)(Sc1cc(c(O)c(c1)C(C)(C)C)C(C)(C)C)Sc1cc(c(O)c(c1)C(C)(C)C)C(C)(C)C, CC(C)(Sc1cc(c(O)c(c1)C(C)(C)C)C(C)(C)C)Sc1cc(c(O)c(c1)C(C)(C)C)C(C)(C)C",prism_treatment_info
d38a2d3ef,BRD-K60690191-001-03-3,MPEP,glutamate receptor antagonist,0.3555373125724827,0.3514052296476987,0.004132082924784,False,"Cc1cccc(n1)C#Cc1ccccc1, Cc1cccc(n1)C#Cc1ccccc1, Cc1cccc(n1)C#Cc1ccccc1",prism_treatment_info
d390fef44,BRD-K51207550-001-23-0,ethionamide,mycolic synthesis inhibitor,0.4044672972450518,0.3951351326760443,0.0093321645690075,False,"CCc1cc(ccn1)C(S)=N, CCc1cc(ccn1)C(S)=N",prism_treatment_info
d3a86129b,BRD-K36756879-003-08-7,ethaverine,calcium channel blocker,0.3583130404789845,0.3282874490423912,0.0300255914365932,False,CCOc1ccc(Cc2nccc3cc(OCC)c(OCC)cc23)cc1OCC,prism_treatment_info
d3ae504c0,BRD-K35169477-001-01-9,taranabant,cannabinoid receptor inverse agonist,0.3390541060713056,0.3194682442520045,0.0195858618193011,False,C[C@H](NC(=O)C(C)(C)Oc1ccc(cn1)C(F)(F)F)[C@@H](Cc1ccc(Cl)cc1)c1cccc(c1)C#N,prism_treatment_info
d3b0064d0,BRD-K10575656-034-01-0,MRS3777,adenosine receptor antagonist,0.3277141620905585,0.3254361278664796,0.0022780342240789,False,C1CCC(CC1)Nc1nc(Oc2ccccc2)nc2[nH]cnc12,prism_treatment_info
d3c63fdfb,BRD-K45503887-001-01-1,delivert,angiotensin receptor agonist,0.2928437963837313,0.2710556844895208,0.0217881118942105,False,CC[C@H](C)[C@H](NC(=O)[C@H](Cc1ccc(O)cc1)NC(=O)[C@@H](NC(=O)[C@@H](CCCNC(N)=N)NC(=O)[C@@H](N)CC(O)=O)C(C)C)C(=O)N[C@@H](Cc1cnc[nH]1)C(=O)N1CCC[C@@H]1C(=O)N[C@H](Cc1ccccc1)C(O)=O,prism_treatment_info
d3cc51fba,BRD-K98157055-001-10-9,SIB-1757,glutamate receptor antagonist,0.3604039274376274,0.3492090845899648,0.0111948428476625,False,Cc1ccc(O)c(N=Nc2ccccc2)n1,prism_treatment_info
d3d4e6fda,BRD-K64866502-001-03-9,CYC116,Aurora kinase inhibitor,0.509840422108202,0.4670058248143909,0.042834597293811,True,"Cc1nc(N)sc1-c1ccnc(Nc2ccc(cc2)N2CCOCC2)n1, Cc1nc(N)sc1-c1ccnc(Nc2ccc(cc2)N2CCOCC2)n1",prism_treatment_info
d3f33169a,BRD-K51751936-001-09-1,alfadolone-acetate,benzodiazepine receptor agonist,0.3542100827443326,0.3326921988756934,0.0215178838686391,False,CC(=O)OCC(=O)[C@H]1CC[C@H]2[C@@H]3CC[C@H]4C[C@H](O)CC[C@]4(C)[C@H]3C(=O)C[C@]12C,prism_treatment_info
d3f9718f3,BRD-K61691541-001-01-1,PF-03084014,gamma secretase inhibitor,0.2734996784839936,0.2640466619035878,0.0094530165804058,False,CCC[C@H](N[C@H]1CCc2cc(F)cc(F)c2C1)C(=O)Nc1cn(cn1)C(C)(C)CNCC(C)(C)C,prism_treatment_info
d3ff26fc7,BRD-K69253806-001-02-0,hexestrol,synthetic estrogen,0.3103615148725131,0.303899674869831,0.006461840002682,False,"CCC(C(CC)c1ccc(O)cc1)c1ccc(O)cc1, CC[C@@H]([C@@H](CC)c1ccc(O)cc1)c1ccc(O)cc1, CC[C@@H]([C@@H](CC)c1ccc(O)cc1)c1ccc(O)cc1",prism_treatment_info
d401a4bc4,BRD-K54187111-001-09-2,dichlorisone-acetate,,0.3470367667507179,0.344216732693881,0.0028200340568368,False,"CC(=O)OCC(=O)[C@@]1(O)CC[C@H]2[C@@H]3CCC4=CC(=O)C=C[C@]4(C)[C@@]3(Cl)[C@@H](Cl)C[C@]12C, CC(=O)OCC(=O)[C@@]1(O)CC[C@H]2[C@@H]3CCC4=CC(=O)C=C[C@]4(C)[C@@]3(Cl)[C@@H](Cl)C[C@]12C, CC(=O)OCC(=O)[C@@]1(O)CC[C@H]2[C@@H]3CCC4=CC(=O)C=C[C@]4(C)[C@@]3(Cl)[C@@H](Cl)C[C@]12C",prism_treatment_info
d4108f538,BRD-K32830106-003-20-4,guanfacine,adrenergic receptor agonist,0.5184495536874211,0.4908349233704286,0.0276146303169924,True,"NC(=N)NC(=O)Cc1c(Cl)cccc1Cl, NC(=N)NC(=O)Cc1c(Cl)cccc1Cl, NC(=N)NC(=O)Cc1c(Cl)cccc1Cl",prism_treatment_info
d41b0360e,BRD-K59325863-001-02-8,delanzomib,proteasome inhibitor,0.3120736832724723,0.2721740331354642,0.039899650137008,False,"CC(C)C[C@H](NC(=O)[C@@H](NC(=O)c1cccc(n1)-c1ccccc1)[C@@H](C)O)B(O)O, CC(C)C[C@H](NC(=O)[C@@H](NC(=O)c1cccc(n1)-c1ccccc1)[C@@H](C)O)B(O)O, CC(C)C[C@H](NC(=O)[C@@H](NC(=O)c1cccc(n1)-c1ccccc1)[C@@H](C)O)B(O)O, CC(C)C[C@H](NC(=O)[C@@H](NC(=O)c1cccc(n1)-c1ccccc1)[C@@H](C)O)B(O)O",prism_treatment_info
d41c46a22,BRD-K39841531-001-02-1,TG-101209,JAK inhibitor,0.3018386401348382,0.2786409506011505,0.0231976895336876,False,CN1CCN(CC1)c1ccc(Nc2ncc(C)c(Nc3cccc(c3)S(=O)(=O)NC(C)(C)C)n2)cc1,prism_treatment_info
d41eae7e5,BRD-K59333713-003-02-0,niguldipine-(S)-(+),adrenergic receptor antagonist,0.3607267652109712,0.3055090460249653,0.0552177191860058,False,"COC(=O)C1=C(C)NC(C)=C([C@H]1c1cccc(c1)[N+]([O-])=O)C(=O)OCCCN1CCC(CC1)(c1ccccc1)c1ccccc1, COC(=O)C1=C(C)NC(C)=C([C@H]1c1cccc(c1)[N+]([O-])=O)C(=O)OCCCN1CCC(CC1)(c1ccccc1)c1ccccc1",prism_treatment_info
d43ece694,BRD-K67772619-001-05-1,rheochrysidin,protein tyrosine kinase inhibitor,0.3217642593334219,0.2984297595251708,0.023334499808251,False,COc1cc(O)c2C(=O)c3c(O)cc(C)cc3C(=O)c2c1,prism_treatment_info
d449fda32,BRD-K93918653-001-08-9,quizartinib,FLT3 inhibitor,0.3046737176465965,0.2998730926371966,0.0048006250093999,False,CC(C)(C)c1cc(NC(=O)Nc2ccc(cc2)-c2cn3c(n2)sc2cc(OCCN4CCOCC4)ccc32)no1,prism_treatment_info
d46d06ed5,BRD-K69001009-001-02-8,golvatinib,VEGFR inhibitor,0.3960167368800676,0.3689355448566412,0.0270811920234264,False,CN1CCN(CC1)C1CCN(CC1)C(=O)Nc1cc(Oc2ccc(NC(=O)C3(CC3)C(=O)Nc3ccc(F)cc3)c(F)c2)ccn1,prism_treatment_info
d488d031d,BRD-K07857022-002-01-1,alvimopan,opioid receptor antagonist,0.3406594367388765,0.2943474580139582,0.0463119787249183,False,C[C@H]1CN(C[C@H](Cc2ccccc2)C(=O)NCC(O)=O)CC[C@@]1(C)c1cccc(O)c1,prism_treatment_info
d4999c2ea,BRD-K92657060-001-05-7,zaleplon,benzodiazepine receptor agonist,0.4344936593743282,0.3356529863663747,0.0988406730079534,False,CCN(C(C)=O)c1cccc(c1)-c1ccnc2c(cnn12)C#N,prism_treatment_info
d49f848d5,BRD-A89594340-003-11-5,carnitine-(D/L),,0.3611604778818926,0.3070546558625195,0.0541058220193731,False,"C[N+](C)(C)CC(O)CC(O)=O, C[N+](C)(C)CC(O)CC(O)=O",prism_treatment_info
d4aba1b3e,BRD-K49962337-001-01-1,baicalin,beta glucuronidase inhibitor,0.3300625086785861,0.314816538324534,0.0152459703540521,False,"O[C@H]1[C@H](Oc2cc3oc(cc(=O)c3c(O)c2O)-c2ccccc2)O[C@@H]([C@@H](O)[C@@H]1O)C(O)=O, O[C@H]1[C@H](Oc2cc3oc(cc(=O)c3c(O)c2O)-c2ccccc2)O[C@@H]([C@@H](O)[C@@H]1O)C(O)=O",prism_treatment_info
d4b2d8373,BRD-K49657628-001-14-8,tyrphostin-AG-18,"EGFR inhibitor, tyrosine kinase inhibitor",0.4960441446284824,0.3518594524728241,0.1441846921556583,False,"Oc1ccc(C=C(C#N)C#N)cc1O, Oc1ccc(C=C(C#N)C#N)cc1O, Oc1ccc(C=C(C#N)C#N)cc1O",prism_treatment_info
d4bae1059,BRD-K38305202-001-17-4,domperidone,dopamine receptor antagonist,0.4181264924952866,0.3288707462524071,0.0892557462428795,False,"Clc1ccc2n(C3CCN(CCCn4c5ccccc5[nH]c4=O)CC3)c(=O)[nH]c2c1, Clc1ccc2n(C3CCN(CCCn4c5ccccc5[nH]c4=O)CC3)c(=O)[nH]c2c1, Clc1ccc2n(C3CCN(CCCn4c5ccccc5[nH]c4=O)CC3)c(=O)[nH]c2c1",prism_treatment_info
d4c515a95,BRD-K40302533-001-02-9,PF-5274857,smoothened receptor antagonist,0.4042963960129402,0.4032250280694658,0.0010713679434743,False,"Cc1cnc(c(C)c1)-c1cc(ncc1Cl)N1CCN(CC1)C(=O)CCS(C)(=O)=O, Cc1cnc(c(C)c1)-c1cc(ncc1Cl)N1CCN(CC1)C(=O)CCS(C)(=O)=O",prism_treatment_info
d4c998587,BRD-K40887525-001-21-9,ritanserin,serotonin receptor antagonist,0.3254218538764338,0.3238438121136626,0.0015780417627712,False,"Cc1nc2sccn2c(=O)c1CCN1CCC(CC1)=C(c1ccc(F)cc1)c1ccc(F)cc1, Cc1nc2sccn2c(=O)c1CCN1CCC(CC1)=C(c1ccc(F)cc1)c1ccc(F)cc1, Cc1nc2sccn2c(=O)c1CCN1CCC(CC1)=C(c1ccc(F)cc1)c1ccc(F)cc1",prism_treatment_info
d4fdaaa96,BRD-A24228527-213-01-9,ofloxacin,bacterial DNA gyrase inhibitor,0.3440346110831739,0.3435674615597591,0.0004671495234147,False,"CC1COc2c(N3CCN(C)CC3)c(F)cc3c2n1cc(C(O)=O)c3=O, CC1COc2c(N3CCN(C)CC3)c(F)cc3c2n1cc(C(O)=O)c3=O",prism_treatment_info
d50f18348,BRD-K71035033-001-07-1,masitinib,"KIT inhibitor, PDGFR tyrosine kinase receptor inhibitor, src inhibitor",0.6421483330266525,0.6418083259762097,0.0003400070504427,True,"CN1CCN(Cc2ccc(cc2)C(=O)Nc2ccc(C)c(Nc3nc(cs3)-c3cccnc3)c2)CC1, CN1CCN(Cc2ccc(cc2)C(=O)Nc2ccc(C)c(Nc3nc(cs3)-c3cccnc3)c2)CC1",prism_treatment_info
d5117fdeb,BRD-K49456274-001-01-9,pilaralisib,PI3K inhibitor,0.3277368936739078,0.2908412794421953,0.0368956142317125,False,COc1ccc(Cl)c(Nc2nc3ccccc3nc2NS(=O)(=O)c2cccc(NC(=O)C(C)(C)N)c2)c1,prism_treatment_info
d52e70ed4,BRD-K28965160-001-01-1,BVD-523,MAP kinase inhibitor,0.6958229260499597,0.6919174448088241,0.0039054812411355,True,CC(C)Nc1cc(-c2c[nH]c(c2)C(=O)N[C@H](CO)c2cccc(Cl)c2)c(Cl)cn1,prism_treatment_info
d532d49de,BRD-A33084557-001-06-6,tioconazole,sterol demethylase inhibitor,0.3679610538021423,0.3552371682064837,0.0127238855956585,False,"Clc1sccc1COC(Cn1ccnc1)c1ccc(Cl)cc1Cl, Clc1sccc1COC(Cn1ccnc1)c1ccc(Cl)cc1Cl",prism_treatment_info
d53f01057,BRD-K33813875-003-01-8,valnemulin,bacterial 50S ribosomal subunit inhibitor,0.3558224962768138,0.3514982158670398,0.0043242804097739,False,CC(C)[C@@H](N)C(=O)NCC(C)(C)SCC(=O)O[C@@H]1C[C@@](C)(C=C)[C@@H](O)[C@H](C)[C@]23CCC(=O)[C@H]2[C@]1(C)[C@H](C)CC3,prism_treatment_info
d5450ee5c,BRD-K46839850-050-04-2,cinepazide,calcium channel activator,0.3106022318123497,0.2818551730503991,0.0287470587619505,False,"COc1cc(cc(OC)c1OC)\C=C\C(=O)N1CCN(CC(=O)N2CCCC2)CC1, COc1cc(cc(OC)c1OC)\C=C\C(=O)N1CCN(CC(=O)N2CCCC2)CC1",prism_treatment_info
d5572b376,BRD-K78431006-001-10-2,crizotinib,ALK tyrosine kinase receptor inhibitor,0.3088982035250739,0.2832729953304762,0.0256252081945977,False,"C[C@@H](Oc1cc(cnc1N)-c1cnn(c1)C1CCNCC1)c1c(Cl)ccc(F)c1Cl, C[C@@H](Oc1cc(cnc1N)-c1cnn(c1)C1CCNCC1)c1c(Cl)ccc(F)c1Cl, C[C@@H](Oc1cc(cnc1N)-c1cnn(c1)C1CCNCC1)c1c(Cl)ccc(F)c1Cl",prism_treatment_info
d55a12962,BRD-K28115081-001-02-7,apafant,platelet activating factor receptor antagonist,0.3655903280102056,0.3480652139963323,0.0175251140138733,False,"Cc1nnc2CN=C(c3cc(CCC(=O)N4CCOCC4)sc3-n12)c1ccccc1Cl, Cc1nnc2CN=C(c3cc(CCC(=O)N4CCOCC4)sc3-n12)c1ccccc1Cl",prism_treatment_info
d563df6c9,BRD-K84663978-003-02-9,trequinsin,phosphodiesterase inhibitor,0.3586148791874642,0.352037440088441,0.0065774390990231,False,"COc1cc2CCn3c(c\c(=N/c4c(C)cc(C)cc4C)n(C)c3=O)-c2cc1OC, COc1cc2CCn3c(c\c(=N/c4c(C)cc(C)cc4C)n(C)c3=O)-c2cc1OC",prism_treatment_info
d56702d3b,BRD-K16810791-001-01-0,LGK-974,porcupine inhibitor,0.3275070128619495,0.3181039569191676,0.0094030559427819,False,Cc1cc(ccn1)-c1ncc(CC(=O)Nc2ccc(cn2)-c2cnccn2)cc1C,prism_treatment_info
d573e180f,BRD-K72339976-065-02-1,cefoselis,bacterial cell wall synthesis inhibitor,0.2691430616889837,0.2681399518309159,0.0010031098580677,False,"CO\N=C(/C(=O)N[C@H]1[C@H]2SCC(Cn3ccc(=N)n3CCO)=C(N2C1=O)C(O)=O)c1csc(N)n1, CO\N=C(/C(=O)N[C@H]1[C@H]2SCC(Cn3ccc(=N)n3CCO)=C(N2C1=O)C(O)=O)c1csc(N)n1, CO\N=C(/C(=O)N[C@H]1[C@H]2SCC(Cn3ccc(=N)n3CCO)=C(N2C1=O)C(O)=O)c1csc(N)n1, CO\N=C(/C(=O)N[C@H]1[C@H]2SCC(Cn3ccc(=N)n3CCO)=C(N2C1=O)C(O)=O)c1csc(N)n1",prism_treatment_info
d58554765,BRD-A08079565-001-01-8,CDBA,,0.3652024621395082,0.311691721242818,0.0535107408966902,False,OCC1OC2OC3C(CO)OC(OC4C(CO)OC(OC5C(CO)OC(OC6C(CO)OC(OC7C(CO)OC(OC8C(CO)OC(OC1C(O)C2O)C(O)C8O)C(O)C7O)C(O)C6O)C(O)C5O)C(O)C4O)C(O)C3O,prism_treatment_info
d59e2bf68,BRD-K80043866-236-01-1,sodium-gualenate,antacid,0.405785846311218,0.3398368326430771,0.0659490136681408,False,CC(C)c1ccc(C)c2c(cc(C)c2c1)S(O)(=O)=O,prism_treatment_info
d5a1bc32c,BRD-K88789588-001-14-9,letrozole,aromatase inhibitor,0.3728030768900575,0.3667237971105558,0.0060792797795016,False,"N#Cc1ccc(cc1)C(c1ccc(cc1)C#N)n1cncn1, N#Cc1ccc(cc1)C(c1ccc(cc1)C#N)n1cncn1",prism_treatment_info
d5ea96219,BRD-K19456237-001-27-6,piracetam,acetylcholine receptor agonist,0.4117771920427995,0.3983222218362872,0.0134549702065123,False,"NC(=O)CN1CCCC1=O, NC(=O)CN1CCCC1=O",prism_treatment_info
d5f0a3a0d,BRD-K25650355-065-02-0,physostigmine,cholinesterase inhibitor,0.3118351151044651,0.2774723757201506,0.0343627393843145,False,CNC(=O)Oc1ccc2N(C)[C@H]3N(C)CC[C@@]3(C)c2c1,prism_treatment_info
d60045956,BRD-K02953697-001-09-2,naringin,cytochrome P450 inhibitor,0.4045590127393223,0.3877428028664181,0.0168162098729042,False,C[C@@H]1O[C@@H](O[C@@H]2[C@@H](O)[C@H](O)[C@@H](CO)O[C@H]2Oc2cc(O)c3C(=O)C[C@H](Oc3c2)c2ccc(O)cc2)[C@H](O)[C@H](O)[C@H]1O,prism_treatment_info
d602cdf50,BRD-K96006502-001-02-6,deflazacort,glucocorticoid receptor agonist,0.3952799796321833,0.3803427014584375,0.0149372781737457,False,CC(=O)OCC(=O)[C@@]12N=C(C)O[C@@H]1C[C@H]1[C@H]3CCC4=CC(=O)C=C[C@]4(C)[C@H]3[C@@H](O)C[C@]21C,prism_treatment_info
d60790d36,BRD-A69917777-065-02-2,aminopentamide,acetylcholine receptor antagonist,0.3775334612120471,0.3317373485968674,0.0457961126151797,False,CC(CC(C(N)=O)(c1ccccc1)c1ccccc1)N(C)C,prism_treatment_info
d631fcc6c,BRD-A14966924-003-07-7,alaproclate,serotonin receptor antagonist,0.3403296275766172,0.3235962337455935,0.0167333938310237,False,CC(N)C(=O)OC(C)(C)Cc1ccc(Cl)cc1,prism_treatment_info
d632db159,BRD-A01593789-001-03-1,chlormadinone-acetate,5 alpha reductase inhibitor,0.4232887009148998,0.3697712567233838,0.0535174441915159,False,CC(=O)O[C@@]1(CCC2C3C=C(Cl)C4=CC(=O)CC[C@]4(C)C3CC[C@]12C)C(C)=O,prism_treatment_info
d65a23889,BRD-A71725768-001-01-3,metoxibutropate,cyclooxygenase inhibitor,0.3182950027336095,0.2613393512501322,0.0569556514834772,False,COc1ccccc1OC(=O)C(C)c1ccc(CC(C)C)cc1,prism_treatment_info
d66481b90,BRD-K21718444-001-06-8,KW-2449,"Abl kinase inhibitor, Aurora kinase inhibitor, FLT3 inhibitor",0.3951841096821948,0.337074871198595,0.0581092384835997,False,O=C(N1CCNCC1)c1ccc(cc1)\C=C\c1n[nH]c2ccccc12,prism_treatment_info
d66f0ffb7,BRD-K30020243-051-02-5,aliskiren-hemifumarate,renin inhibitor,0.3520605050449412,0.3296404830593034,0.0224200219856378,False,"COCCCOc1cc(C[C@@H](C[C@H](N)[C@@H](O)C[C@@H](C(C)C)C(=O)NCC(C)(C)C(N)=O)C(C)C)ccc1OC, COCCCOc1cc(C[C@@H](C[C@H](N)[C@@H](O)C[C@@H](C(C)C)C(=O)NCC(C)(C)C(N)=O)C(C)C)ccc1OC, COCCCOc1cc(C[C@@H](C[C@H](N)[C@@H](O)C[C@@H](C(C)C)C(=O)NCC(C)(C)C(N)=O)C(C)C)ccc1OC",prism_treatment_info
d681d223e,BRD-K49350383-001-13-7,thioguanine,purine antagonist,0.7426471033251326,0.6228326991704568,0.1198144041546758,True,"Nc1nc2nc[nH]c2c(=S)[nH]1, Nc1nc2nc[nH]c2c(=S)[nH]1, Nc1nc2nc[nH]c2c(=S)[nH]1",prism_treatment_info
d6933a57d,BRD-K85751432-001-03-3,refametinib,MEK inhibitor,0.3274406566255541,0.3237007268647877,0.0037399297607663,False,COc1cc(F)c(F)c(Nc2ccc(I)cc2F)c1NS(=O)(=O)C1(C[C@H](O)CO)CC1,prism_treatment_info
d6b2e5cfc,BRD-A91452556-001-04-0,estradiol-cypionate,estrogen receptor agonist,0.3248566351358566,0.2951498152186295,0.0297068199172271,False,C[C@]12CCC3C(CCc4cc(O)ccc34)C1CC[C@@H]2OC(=O)CCC1CCCC1,prism_treatment_info
d6b437415,BRD-K33396764-001-08-7,alpha-linolenic-acid,omega 3 fatty acid stimulant,0.3616516380498859,0.2955598825112555,0.0660917555386304,False,"CC\C=C/C\C=C/C\C=C/CCCCCCCC(O)=O, CC\C=C/C\C=C/C\C=C/CCCCCCCC(O)=O",prism_treatment_info
d6c6237b6,BRD-A44500574-001-01-8,FLI-06,notch signaling inhibitor,0.285505386209754,0.2709784564019251,0.0145269298078289,False,"CC1=C(C(c2ccc(cc2)[N+]([O-])=O)C2=C(CC(C)(C)CC2=O)N1)C(=O)OC1CCCCC1, CC1=C(C(c2ccc(cc2)[N+]([O-])=O)C2=C(CC(C)(C)CC2=O)N1)C(=O)OC1CCCCC1, CC1=C(C(c2ccc(cc2)[N+]([O-])=O)C2=C(CC(C)(C)CC2=O)N1)C(=O)OC1CCCCC1",prism_treatment_info
d6c695e8f,BRD-K73589491-001-11-2,nizatidine,histamine receptor antagonist,0.3790379639084149,0.2880811153844043,0.0909568485240106,False,"CN\C(NCCSCc1csc(CN(C)C)n1)=C/[N+]([O-])=O, CN\C(NCCSCc1csc(CN(C)C)n1)=C/[N+]([O-])=O",prism_treatment_info
d6cf0e14e,BRD-K86727142-001-12-4,embelin,"HCV inhibitor, XIAP inhibitor",0.3459928656862199,0.3294055654371792,0.0165873002490407,False,"CCCCCCCCCCCC1C(=O)C(=O)CC(=O)C1=O, CCCCCCCCCCCC1C(=O)C(=O)CC(=O)C1=O, CCCCCCCCCCCC1C(=O)C(=O)CC(=O)C1=O",prism_treatment_info
d6cf25434,BRD-K73319509-001-08-0,PF-04217903,c-Met inhibitor,0.3047506426418329,0.2617062118846623,0.0430444307571705,False,OCCn1cc(cn1)-c1cnc2nnn(Cc3ccc4ncccc4c3)c2n1,prism_treatment_info
d70cdde82,BRD-K66241279-001-01-8,cinromide,,0.408355392561878,0.3453369461579239,0.0630184464039541,False,CCNC(=O)\C=C\c1cccc(Br)c1,prism_treatment_info
d70e663a3,BRD-A11815689-001-01-1,proscillaridin-a,,0.3541196741304667,0.3126769330652022,0.0414427410652645,False,C[C@@H]1O[C@@H](O[C@H]2CC[C@]3(C)C4CC[C@]5(C)[C@H](CC[C@]5(O)C4CCC3=C2)c2ccc(=O)oc2)C(O)C(O)[C@H]1O,prism_treatment_info
d714283f3,BRD-K93944989-001-08-0,safingol,PKC inhibitor,0.3632576591281887,0.323953938518928,0.0393037206092606,False,CCCCCCCCCCCCCCC[C@@H](O)[C@@H](N)CO,prism_treatment_info
d71b19349,BRD-K41406082-001-16-2,sulfapyridine,PABA antagonist,0.3388936022735749,0.2857005280000594,0.0531930742735154,False,"Nc1ccc(cc1)S(=O)(=O)Nc1ccccn1, Nc1ccc(cc1)S(=O)(=O)Nc1ccccn1",prism_treatment_info
d73a5cf1c,BRD-K19939891-001-05-4,TIC10,"AKT inhibitor, TRAIL modulator",0.3987949202239365,0.3317145545958143,0.0670803656281221,False,"Cc1ccccc1CN1CC2=C(CCN(Cc3ccccc3)C2=O)N2CCN=C12, Cc1ccccc1CN1C2=NCCN2C(=O)C2=C1CCN(Cc1ccccc1)C2",prism_treatment_info
d73b6a4a2,BRD-K56301217-001-07-4,ABT-737,BCL inhibitor,0.3081798767497455,0.3062102593133095,0.0019696174364359,False,"CN(C)CC[C@H](CSc1ccccc1)Nc1ccc(cc1[N+]([O-])=O)S(=O)(=O)NC(=O)c1ccc(cc1)N1CCN(Cc2ccccc2-c2ccc(Cl)cc2)CC1, CN(C)CC[C@H](CSc1ccccc1)Nc1ccc(cc1[N+]([O-])=O)S(=O)(=O)NC(=O)c1ccc(cc1)N1CCN(Cc2ccccc2-c2ccc(Cl)cc2)CC1",prism_treatment_info
d74175a91,BRD-K89299012-001-06-0,DCEBIO,potassium channel activator,0.4792037617553028,0.463661078273062,0.0155426834822408,False,"CCn1c(O)nc2cc(Cl)c(Cl)cc12, CCn1c(O)nc2cc(Cl)c(Cl)cc12, CCn1c(O)nc2cc(Cl)c(Cl)cc12",prism_treatment_info
d75904698,BRD-K88025533-003-03-3,fingolimod,"immunosuppressant, sphingosine phosphate receptor agonist",0.3216775901712534,0.3093321322188683,0.012345457952385,False,"CCCCCCCCc1ccc(CCC(N)(CO)CO)cc1, CCCCCCCCc1ccc(CCC(N)(CO)CO)cc1",prism_treatment_info
d767a14e3,BRD-K58265391-001-12-7,meticrane,diuretic,0.3479202145865387,0.3461707877643511,0.0017494268221875,False,"Cc1cc2CCCS(=O)(=O)c2cc1S(N)(=O)=O, Cc1cc2CCCS(=O)(=O)c2cc1S(N)(=O)=O",prism_treatment_info
d76b1e59d,BRD-K21913543-001-02-4,fluorescein,,0.3567294289578798,0.2632941043049387,0.093435324652941,False,Oc1ccc2c(Oc3cc(O)ccc3C22OC(=O)c3ccccc23)c1,prism_treatment_info
d76d29c86,BRD-K06749501-001-02-1,GSK1838705A,insulin growth factor receptor inhibitor,0.4603063110158696,0.3997819493112322,0.0605243617046373,False,"CNC(=O)c1c(F)cccc1Nc1nc(Nc2cc3N(CCc3cc2OC)C(=O)CN(C)C)nc2[nH]ccc12, CNC(=O)c1c(F)cccc1Nc1nc(Nc2cc3N(CCc3cc2OC)C(=O)CN(C)C)nc2[nH]ccc12, CNC(=O)c1c(F)cccc1Nc1nc(Nc2cc3N(CCc3cc2OC)C(=O)CN(C)C)nc2[nH]ccc12",prism_treatment_info
d76f51fe4,BRD-K97884852-001-05-4,malotilate,protein synthesis stimulant,0.3020784624993043,0.2716283168698491,0.0304501456294552,False,CC(C)OC(=O)C(C(=O)OC(C)C)=C1SC=CS1,prism_treatment_info
d778ccd51,BRD-K48826825-001-01-8,S26948,PPAR receptor agonist,0.3564286972255177,0.3174306578522038,0.0389980393733138,False,"COC(=O)C(Cc1ccc(OCCn2c3ccc(cc3sc2=O)C(=O)c2ccccc2)cc1)C(=O)OC, COC(=O)C(Cc1ccc(OCCn2c3ccc(cc3sc2=O)C(=O)c2ccccc2)cc1)C(=O)OC",prism_treatment_info
d78eb4d60,BRD-K17743125-001-08-4,belinostat,HDAC inhibitor,0.4370718276967962,0.4093997870984284,0.0276720405983678,False,ONC(=O)\C=C\c1cccc(c1)S(=O)(=O)Nc1ccccc1,prism_treatment_info
d7a9617e3,BRD-K46690591-001-01-2,KP-1212,,0.32279755348708,0.2564007560933808,0.0663967973936992,False,NC1=NC(=O)N(CN1)[C@H]1C[C@@H](O)[C@@H](CO)O1,prism_treatment_info
d7b50861a,BRD-K26060080-065-05-6,adenine,protein synthesis stimulant,0.3774512500414285,0.376236706859176,0.0012145431822525,False,"Nc1ncnc2[nH]cnc12, Nc1ncnc2[nH]cnc12, Nc1ncnc2[nH]cnc12, Nc1ncnc2[nH]cnc12",prism_treatment_info
d7bbcf01c,BRD-A43082555-001-01-1,loxoprofen,"cyclooxygenase inhibitor, prostanoid receptor antagonist",0.304340105648152,0.2964890375630772,0.0078510680850747,False,"CC(C(O)=O)c1ccc(CC2CCCC2=O)cc1, CC(C(O)=O)c1ccc(CC2CCCC2=O)cc1",prism_treatment_info
d7d9a5092,BRD-A38218502-001-01-2,metenkephalin,immunostimulant,0.3549428180058495,0.3472586862629119,0.0076841317429375,False,CSCCC(NC(=O)C(Cc1ccccc1)NC(=O)CNC(=O)CNC(=O)C(N)Cc1ccc(O)cc1)C(O)=O,prism_treatment_info
d7e64b73e,BRD-K30563334-001-02-9,rifabutin,protein synthesis inhibitor,0.3420234593882003,0.3142605505496502,0.0277629088385501,False,CO[C@H]1\C=C\O[C@@]2(C)Oc3c(C2=O)c2c(c(O)c3C)c(O)c(NC(=O)\C(C)=C\C=C\[C@H](C)[C@H](O)[C@@H](C)[C@@H](O)[C@@H](C)[C@H](OC(C)=O)[C@@H]1C)c1=NC3(CCN(CC(C)C)CC3)N=c21,prism_treatment_info
d7ed953cd,BRD-K19352500-070-12-4,prochlorperazine,dopamine receptor antagonist,0.3736713024763273,0.3493350937598526,0.0243362087164746,False,"CN1CCN(CCCN2c3ccccc3Sc3ccc(Cl)cc23)CC1, CN1CCN(CCCN2c3ccccc3Sc3ccc(Cl)cc23)CC1, CN1CCN(CCCN2c3ccccc3Sc3ccc(Cl)cc23)CC1, CN1CCN(CCCN2c3ccccc3Sc3ccc(Cl)cc23)CC1",prism_treatment_info
d8127a7b9,BRD-A36217750-001-16-3,sulfinpyrazone,uricosuric blocker,0.3523940691776054,0.34802787698301,0.0043661921945954,False,O=C1C(CCS(=O)c2ccccc2)C(=O)N(N1c1ccccc1)c1ccccc1,prism_treatment_info
d814b3483,BRD-K59524082-001-01-3,maribavir,"cytomegalovirus inhibitor, protein kinase inhibitor",0.3730902645003122,0.3374418509871228,0.0356484135131893,False,CC(C)Nc1nc2cc(Cl)c(Cl)cc2n1[C@H]1O[C@@H](CO)[C@H](O)[C@@H]1O,prism_treatment_info
d82e75aa7,BRD-K52075715-001-06-7,oxibendazole,tubulin polymerization inhibitor,0.6469973634366617,0.6418997646323931,0.0050975988042686,True,"CCCOc1ccc2nc(NC(=O)OC)[nH]c2c1, CCCOc1ccc2nc(NC(=O)OC)[nH]c2c1",prism_treatment_info
d83add00b,BRD-K58648841-001-04-7,cresopirine,,0.3669743560474944,0.3487813543054704,0.0181930017420239,False,CC(=O)Oc1c(C)cccc1C(O)=O,prism_treatment_info
d84d151f6,BRD-K04993719-001-01-7,LY2334737,"antitumor agent, ribonucleotide reductase inhibitor",0.3369295293563952,0.3138520069276403,0.0230775224287548,False,CCCC(CCC)C(=O)Nc1ccn([C@@H]2O[C@H](CO)[C@@H](O)C2(F)F)c(=O)n1,prism_treatment_info
d870792b9,BRD-K92467929-001-01-1,oxandrolone,androgen receptor agonist,0.3189560987297024,0.3002513051203046,0.0187047936093977,False,C[C@]1(O)CC[C@H]2[C@@H]3CC[C@H]4CC(=O)OC[C@]4(C)[C@H]3CC[C@]12C,prism_treatment_info
d870d8287,BRD-K68395654-001-03-1,EVP4593,NFkB pathway inhibitor,0.3622030203640468,0.3397037283717361,0.0224992919923106,False,"Nc1ccc2ncnc(NCCc3ccc(Oc4ccccc4)cc3)c2c1, Nc1ccc2ncnc(NCCc3ccc(Oc4ccccc4)cc3)c2c1, Nc1ccc2ncnc(NCCc3ccc(Oc4ccccc4)cc3)c2c1",prism_treatment_info
d8768202c,BRD-K67277431-002-10-5,picotamide,"thromboxane receptor antagonist, thromboxane synthase inhibitor",0.3296746642899478,0.321354831724633,0.0083198325653147,False,COc1ccc(cc1C(=O)NCc1cccnc1)C(=O)NCc1cccnc1,prism_treatment_info
d8a2d8405,BRD-K25312248-001-01-5,matrine,opioid receptor agonist,0.3174074320372275,0.2559704156029176,0.0614370164343098,False,O=C1CCC[C@@H]2[C@@H]3CCCN4CCC[C@H](CN12)[C@@H]34,prism_treatment_info
d8af76b75,BRD-K74117820-066-10-8,nelfinavir,HIV protease inhibitor,0.2994527797162845,0.2872779256349733,0.0121748540813111,False,Cc1c(O)cccc1C(=O)N[C@@H](CSc1ccccc1)[C@H](O)CN1C[C@H]2CCCC[C@H]2C[C@H]1C(=O)NC(C)(C)C,prism_treatment_info
d8b1403bc,BRD-K05181084-003-03-7,NGB-2904,dopamine receptor antagonist,0.3810082900184474,0.3619135080045527,0.0190947820138947,False,"Clc1cccc(N2CCN(CCCCNC(=O)c3ccc-4c(Cc5ccccc-45)c3)CC2)c1Cl, Clc1cccc(N2CCN(CCCCNC(=O)c3ccc-4c(Cc5ccccc-45)c3)CC2)c1Cl",prism_treatment_info
d8b489c4a,BRD-K96862998-001-15-5,pirfenidone,TGF beta receptor inhibitor,0.318935133280837,0.2999862530893912,0.0189488801914457,False,"Cc1ccc(=O)n(c1)-c1ccccc1, Cc1ccc(=O)n(c1)-c1ccccc1",prism_treatment_info
d8e2abc0f,BRD-K41869275-001-02-8,2-phenylmelatonin,melatonin receptor agonist,0.3803969269677667,0.3235247196043854,0.0568722073633813,False,"COc1ccc2[nH]c(c(CCNC(C)=O)c2c1)-c1ccccc1, COc1ccc2[nH]c(c(CCNC(C)=O)c2c1)-c1ccccc1",prism_treatment_info
d8fe5bc4f,BRD-K73982490-001-02-9,BI-78D3,JNK inhibitor,0.3903074961930101,0.378563552671939,0.0117439435210711,False,"Oc1nnc(Sc2ncc(s2)[N+]([O-])=O)n1-c1ccc2OCCOc2c1, Oc1nnc(Sc2ncc(s2)[N+]([O-])=O)n1-c1ccc2OCCOc2c1",prism_treatment_info
d914db0f1,BRD-A08715367-001-01-7,L-Theanine,glutamate receptor antagonist,0.3169056094456633,0.2829704955541529,0.0339351138915103,False,CCNC(=O)CCC(N)C(O)=O,prism_treatment_info
d9189d323,BRD-K47598052-001-15-8,PP-1,src inhibitor,0.3642350297206126,0.3464282106510137,0.0178068190695988,False,"Cc1ccc(cc1)-c1nn(c2ncnc(N)c12)C(C)(C)C, Cc1ccc(cc1)-c1nn(c2ncnc(N)c12)C(C)(C)C",prism_treatment_info
d925c928f,BRD-K02407574-001-09-7,parbendazole,tubulin polymerization inhibitor,0.6361439822430204,0.6000602344908723,0.036083747752148,True,CCCCc1ccc2[nH]c(NC(=O)OC)nc2c1,prism_treatment_info
d92c22baf,BRD-K96714749-001-01-0,isobutamben,local anesthetic,0.3393884319836954,0.3212877740175998,0.0181006579660956,False,CC(C)COC(=O)c1ccc(N)cc1,prism_treatment_info
d92c56735,BRD-K07220430-001-18-4,cinnarazine,calcium channel blocker,0.3725109901814817,0.3678597319483958,0.0046512582330858,False,"C(\C=C\c1ccccc1)N1CCN(CC1)C(c1ccccc1)c1ccccc1, C(\C=C\c1ccccc1)N1CCN(CC1)C(c1ccccc1)c1ccccc1",prism_treatment_info
d9373049c,BRD-K48722833-001-07-6,iloperidone,"dopamine receptor antagonist, serotonin receptor antagonist",0.3684378557072866,0.3590521178879903,0.0093857378192963,False,COc1cc(ccc1OCCCN1CCC(CC1)c1noc2cc(F)ccc12)C(C)=O,prism_treatment_info
d93d6ccc2,BRD-K26325692-003-01-3,API-001,sigma receptor antagonist,0.2958713806411668,0.2929968589708145,0.0028745216703522,False,Cc1cc(OCCN2CCOCC2)nn1-c1ccc2ccccc2c1,prism_treatment_info
d9404da1e,BRD-K79633074-001-01-8,xilobam,,0.3333293687919534,0.3195253942568505,0.0138039745351029,False,CN1CCC\C1=N\C(=O)Nc1c(C)cccc1C,prism_treatment_info
d94ef3b56,BRD-K73197500-001-02-2,SNX-5422,HSP inhibitor,0.4437563400372994,0.3944681814424187,0.0492881585948807,False,"CC1(C)Cc2c(c(nn2-c2ccc(C(N)=O)c(N[C@H]3CC[C@@H](CC3)OC(=O)CN)c2)C(F)(F)F)C(=O)C1, CC1(C)Cc2c(c(nn2-c2ccc(C(N)=O)c(N[C@H]3CC[C@@H](CC3)OC(=O)CN)c2)C(F)(F)F)C(=O)C1, CC1(C)Cc2c(c(nn2-c2ccc(C(N)=O)c(N[C@H]3CC[C@@H](CC3)OC(=O)CN)c2)C(F)(F)F)C(=O)C1",prism_treatment_info
d9775e237,BRD-K09416995-001-39-9,lovastatin,HMGCR inhibitor,0.3849429258894267,0.3398913627719474,0.0450515631174792,False,"CC[C@H](C)C(=O)O[C@H]1C[C@@H](C)C=C2C=C[C@H](C)[C@H](CC[C@@H]3C[C@@H](O)CC(=O)O3)[C@@H]12, CC[C@H](C)C(=O)O[C@H]1C[C@@H](C)C=C2C=C[C@H](C)[C@H](CC[C@@H]3C[C@@H](O)CC(=O)O3)[C@@H]12, CC[C@H](C)C(=O)O[C@H]1C[C@@H](C)C=C2C=C[C@H](C)[C@H](CC[C@@H]3C[C@@H](O)CC(=O)O3)[C@@H]12, CC[C@H](C)C(=O)O[C@H]1C[C@@H](C)C=C2C=C[C@H](C)[C@H](CC[C@@H]3C[C@@H](O)CC(=O)O3)[C@@H]12, CC[C@H](C)C(=O)O[C@H]1C[C@@H](C)C=C2C=C[C@H](C)[C@H](CC[C@@H]3C[C@@H](O)CC(=O)O3)[C@@H]12",prism_treatment_info
d98786e51,BRD-K20605374-001-05-4,NSC-697923,ubiquitin-conjugating enzyme inhibitor,0.3766658959344328,0.3542880250544166,0.0223778708800161,False,"Cc1ccc(cc1)S(=O)(=O)c1ccc(o1)[N+]([O-])=O, Cc1ccc(cc1)S(=O)(=O)c1ccc(o1)[N+]([O-])=O",prism_treatment_info
d9ea3eadc,BRD-A05457250-001-08-4,BAY-K-8644-(+/-),L-type calcium channel activator,0.3488740447771216,0.2838394947013153,0.0650345500758062,False,COC(=O)C1=C(C)NC(C)=C(C1c1ccccc1C(F)(F)F)[N+]([O-])=O,prism_treatment_info
d9f666bcd,BRD-A09925278-003-05-6,etilefrine,adrenergic receptor agonist,0.3849318969262698,0.3382436067131353,0.0466882902131344,False,CCNCC(O)c1cccc(O)c1,prism_treatment_info
d9fcbe12c,BRD-A24191444-046-02-1,ifenprodil,"adrenergic receptor antagonist, glutamate receptor antagonist",0.3782982078600516,0.326979298074914,0.0513189097851375,False,"CC(C(O)c1ccc(O)cc1)N1CCC(Cc2ccccc2)CC1, CC(C(O)c1ccc(O)cc1)N1CCC(Cc2ccccc2)CC1, CC(C(O)c1ccc(O)cc1)N1CCC(Cc2ccccc2)CC1, CC(C(O)c1ccc(O)cc1)N1CCC(Cc2ccccc2)CC1",prism_treatment_info
da0aa58bb,BRD-K26801045-001-02-9,pipamperone,dopamine receptor antagonist,0.3666709516799855,0.3265939416005719,0.0400770100794135,False,NC(=O)C1(CCN(CCCC(=O)c2ccc(F)cc2)CC1)N1CCCCC1,prism_treatment_info
da2847818,BRD-A70268693-050-01-2,PG-9,acetylcholine receptor agonist,0.3515237682911676,0.2946341354462773,0.0568896328448902,False,CC(C(=O)OC1CC2CCC(C1)N2C)c1ccc(Br)cc1,prism_treatment_info
da3e64ff0,BRD-K37720887-001-07-8,SB-525334,TGF beta receptor inhibitor,0.3141111566649771,0.3139386507076513,0.0001725059573257,False,"Cc1cccc(n1)-c1[nH]c(nc1-c1ccc2nccnc2c1)C(C)(C)C, Cc1cccc(n1)-c1[nH]c(nc1-c1ccc2nccnc2c1)C(C)(C)C",prism_treatment_info
da4ee3d51,BRD-K49350383-001-13-7,thioguanine,purine antagonist,0.4416504573511393,0.4195385487287911,0.0221119086223481,False,"Nc1nc2nc[nH]c2c(=S)[nH]1, Nc1nc2nc[nH]c2c(=S)[nH]1, Nc1nc2nc[nH]c2c(=S)[nH]1",prism_treatment_info
da5b8929b,BRD-K50498985-001-03-3,taladegib,smoothened receptor antagonist,0.3512627304145609,0.3473667433226667,0.0038959870918941,False,CN(C1CCN(CC1)c1nnc(-c2ccnn2C)c2ccccc12)C(=O)c1ccc(F)cc1C(F)(F)F,prism_treatment_info
da5f70b40,BRD-K93441486-067-12-8,diphemanil,acetylcholine receptor antagonist,0.3152407458980235,0.305009117741753,0.0102316281562704,False,C[N+]1(C)CCC(CC1)=C(c1ccccc1)c1ccccc1,prism_treatment_info
da6bec758,BRD-K90497590-001-04-2,AR-12,phosphoinositide dependent kinase inhibitor,0.4390284752878349,0.4016391962044557,0.0373892790833792,False,"NCC(=O)Nc1ccc(cc1)-n1nc(cc1-c1ccc2c(ccc3ccccc23)c1)C(F)(F)F, NCC(=O)Nc1ccc(cc1)-n1nc(cc1-c1ccc2c(ccc3ccccc23)c1)C(F)(F)F, NCC(=O)Nc1ccc(cc1)-n1nc(cc1-c1ccc2c(ccc3ccccc23)c1)C(F)(F)F, NCC(=O)Nc1ccc(cc1)-n1nc(cc1-c1ccc2c(ccc3ccccc23)c1)C(F)(F)F",prism_treatment_info
da7542ede,BRD-A97674275-001-11-8,ranolazine,sodium channel blocker,0.3671720983666435,0.3175920155093211,0.0495800828573223,False,"COc1ccccc1OCC(O)CN1CCN(CC(=O)Nc2c(C)cccc2C)CC1, COc1ccccc1OCC(O)CN1CCN(CC(=O)Nc2c(C)cccc2C)CC1, COc1ccccc1OCC(O)CN1CCN(CC(=O)Nc2c(C)cccc2C)CC1, COc1ccccc1OCC(O)CN1CCN(CC(=O)Nc2c(C)cccc2C)CC1",prism_treatment_info
da8ce4a40,BRD-K65877271-001-01-8,halobetasol-propionate,glucocorticoid receptor agonist,0.5345091032715259,0.4704823545753283,0.0640267486961976,True,CCC(=O)O[C@]1([C@@H](C)C[C@H]2[C@@H]3C[C@H](F)C4=CC(=O)C=C[C@]4(C)[C@]3(F)[C@H](O)C[C@]12C)C(=O)CCl,prism_treatment_info
da8d49df4,BRD-K19669037-001-01-1,GGTI-298,GGTase inhibitor,0.3511378117058717,0.3213478375070689,0.0297899741988028,False,COC(=O)[C@H](CC(C)C)NC(=O)c1ccc(NC[C@@H](N)CS)cc1-c1cccc2ccccc12,prism_treatment_info
dac782c74,BRD-K20897876-001-10-0,castanospermine,glucosidase inhibitor,0.4044925693889857,0.3308592555935172,0.0736333137954684,False,"O[C@H]1CCN2C[C@H](O)[C@@H](O)[C@H](O)[C@@H]12, O[C@H]1CCN2C[C@H](O)[C@@H](O)[C@H](O)[C@@H]12",prism_treatment_info
daf15ab37,BRD-K21160401-065-01-0,dextroamphetamine,monoamine oxidase inhibitor,0.3310894272244269,0.325861079432955,0.0052283477914719,False,C[C@H](N)Cc1ccccc1,prism_treatment_info
db406b2e6,BRD-K35169477-001-01-9,taranabant,cannabinoid receptor inverse agonist,0.3907875302343268,0.3182536941624375,0.0725338360718892,False,C[C@H](NC(=O)C(C)(C)Oc1ccc(cn1)C(F)(F)F)[C@@H](Cc1ccc(Cl)cc1)c1cccc(c1)C#N,prism_treatment_info
db50e7c67,BRD-K19318328-001-01-3,FR-139317,endothelin receptor antagonist,0.3215685794805338,0.2824601054610912,0.0391084740194426,False,"CC(C)C[C@H](NC(=O)N1CCCCCC1)C(=O)N[C@H](Cc1cn(C)c2ccccc12)C(=O)N[C@H](Cc1ccccn1)C(O)=O, CC(C)C[C@H](NC(=O)N1CCCCCC1)C(=O)N[C@H](Cc1cn(C)c2ccccc12)C(=O)N[C@H](Cc1ccccn1)C(O)=O",prism_treatment_info
db657e8ac,BRD-K83192048-050-02-7,dimethindene-(S)-(+),acetylcholine receptor antagonist,0.3583901598586018,0.330013510217632,0.0283766496409698,False,"C[C@@H](C1=C(CCN(C)C)Cc2ccccc12)c1ccccn1, C[C@@H](C1=C(CCN(C)C)Cc2ccccc12)c1ccccn1",prism_treatment_info
db6996826,BRD-A49399758-015-01-8,desmopressin-acetate,vasopressin receptor agonist,0.3089453601254111,0.2971342645065117,0.0118110956188993,False,NC(=O)CCC1NC(=O)C(Cc2ccccc2)NC(=O)C(Cc2ccc(O)cc2)NC(=O)CCSSCC(NC(=O)C(CC(N)=O)NC1=O)C(=O)N1CCCC1C(=O)NC(CCCNC(N)=N)C(=O)NCC(N)=O,prism_treatment_info
db6b74f08,BRD-K58501140-002-01-0,TAK-875,insulin secretagogue,0.3781850181094873,0.3630829575020486,0.0151020606074387,False,Cc1cc(OCCCS(C)(=O)=O)cc(C)c1-c1cccc(COc2ccc3[C@H](CC(O)=O)COc3c2)c1,prism_treatment_info
db6bf858a,BRD-K66876909-001-12-6,linezolid,bacterial 50S ribosomal subunit inhibitor,0.3573030050438784,0.301297926188207,0.0560050788556713,False,"CC(=O)NC[C@H]1CN(C(=O)O1)c1ccc(N2CCOCC2)c(F)c1, CC(=O)NC[C@H]1CN(C(=O)O1)c1ccc(N2CCOCC2)c(F)c1, CC(=O)NC[C@H]1CN(C(=O)O1)c1ccc(N2CCOCC2)c(F)c1",prism_treatment_info
db8846a47,BRD-A49172652-001-27-1,lansoprazole,ATPase inhibitor,0.3600424691341962,0.3561866608150242,0.0038558083191719,False,"Cc1c(OCC(F)(F)F)ccnc1CS(=O)c1nc2ccccc2[nH]1, Cc1c(OCC(F)(F)F)ccnc1CS(=O)c1nc2ccccc2[nH]1, Cc1c(OCC(F)(F)F)ccnc1CS(=O)c1nc2ccccc2[nH]1",prism_treatment_info
db8d29001,BRD-K19939891-001-05-4,TIC10,"AKT inhibitor, TRAIL modulator",0.3059382857760486,0.2852459901157111,0.0206922956603374,False,"Cc1ccccc1CN1CC2=C(CCN(Cc3ccccc3)C2=O)N2CCN=C12, Cc1ccccc1CN1C2=NCCN2C(=O)C2=C1CCN(Cc1ccccc1)C2",prism_treatment_info
db93fc102,BRD-K06388322-312-02-6,pramipexole,dopamine receptor agonist,0.3798870962531868,0.3294968751040951,0.0503902211490916,False,"CCCN[C@H]1CCc2nc(N)sc2C1, CCCN[C@H]1CCc2nc(N)sc2C1, CCCN[C@H]1CCc2nc(N)sc2C1",prism_treatment_info
db95a71fc,BRD-K30431096-004-01-3,domiphen,,0.5005440029312344,0.3279617516723642,0.1725822512588701,True,CCCCCCCCCCCC[N+](C)(C)CCOc1ccccc1,prism_treatment_info
dba6d0ed4,BRD-A49544621-003-02-8,AC-7954-(+/-),urotensin receptor agonist,0.3272391091093282,0.3034105027185226,0.0238286063908056,False,"CN(C)CCC1(Cc2ccccc2C(=O)O1)c1ccc(Cl)cc1, CN(C)CCC1(Cc2ccccc2C(=O)O1)c1ccc(Cl)cc1",prism_treatment_info
dbd872e93,BRD-K45152786-001-08-4,merbarone,topoisomerase inhibitor,0.3179582078671304,0.3152928779474414,0.002665329919689,False,O=C(Nc1ccccc1)C1C(=O)NC(=S)NC1=O,prism_treatment_info
dbe9806e4,BRD-K96233303-001-01-9,TMS,,0.3756398296355843,0.3510099758896285,0.0246298537459557,False,"COc1ccc(\C=C\c2cc(OC)cc(OC)c2)c(OC)c1, COc1ccc(\C=C\c2cc(OC)cc(OC)c2)c(OC)c1",prism_treatment_info
dc0d4a264,BRD-K33732501-004-01-0,methylnaltrexone,opioid receptor antagonist,0.3512761385773701,0.3111083571372549,0.0401677814401151,False,C[N@@+]1(CC2CC2)CC[C@@]23[C@H]4Oc5c2c(C[C@@H]1[C@@]3(O)CCC4=O)ccc5O,prism_treatment_info
dc4d07d58,BRD-K70592483-001-01-0,phenylacetylglutamine,"DNA methylase inhibitor, protein synthesis inhibitor",0.3431532638047203,0.3225717980622382,0.020581465742482,False,NC(=O)CC[C@H](NC(=O)Cc1ccccc1)C(O)=O,prism_treatment_info
dc60edcec,BRD-K57252450-001-02-5,cilengitide,integrin antagonist,0.3683903695832691,0.3099078556020505,0.0584825139812185,False,CC(C)[C@@H]1N(C)C(=O)[C@@H](Cc2ccccc2)NC(=O)[C@H](CC(O)=O)NC(=O)CNC(=O)[C@H](CCCNC(N)=N)NC1=O,prism_treatment_info
dc8d950ae,BRD-K41783120-001-02-8,STA-5326,interleukin synthesis inhibitor,0.4989584227257789,0.3250304474975691,0.1739279752282098,False,Cc1cccc(\C=N\Nc2cc(nc(OCCc3ccccn3)n2)N2CCOCC2)c1,prism_treatment_info
dc90108c3,BRD-K18059238-001-10-4,gamma-linolenic-acid,"cyclooxygenase inhibitor, prostanoid receptor agonist",0.3541593765530655,0.335507051276488,0.0186523252765775,False,"CCCCC\C=C/C\C=C/C\C=C/CCCCC(O)=O, CCCCC\C=C/C\C=C/C\C=C/CCCCC(O)=O, CCCCC\C=C/C\C=C/C\C=C/CCCCC(O)=O",prism_treatment_info
dca99d7e0,BRD-K95435023-001-10-1,PHA-665752,c-Met inhibitor,0.3561816028854658,0.3417138476935023,0.0144677551919634,False,"Cc1[nH]c(\C=C2/C(=O)Nc3ccc(cc23)S(=O)(=O)Cc2c(Cl)cccc2Cl)c(C)c1C(=O)N1CCC[C@@H]1CN1CCCC1, Cc1[nH]c(\C=C2/C(=O)Nc3ccc(cc23)S(=O)(=O)Cc2c(Cl)cccc2Cl)c(C)c1C(=O)N1CCC[C@@H]1CN1CCCC1, Cc1[nH]c(\C=C2/C(=O)Nc3ccc(cc23)S(=O)(=O)Cc2c(Cl)cccc2Cl)c(C)c1C(=O)N1CCC[C@@H]1CN1CCCC1, Cc1[nH]c(\C=C2/C(=O)Nc3ccc(cc23)S(=O)(=O)Cc2c(Cl)cccc2Cl)c(C)c1C(=O)N1CCC[C@@H]1CN1CCCC1",prism_treatment_info
dcd5c39d1,BRD-A69636825-003-04-7,diltiazem,calcium channel blocker,0.3069232551515259,0.3038827712479072,0.0030404839036186,False,"COc1ccc(cc1)[C@@H]1Sc2ccccc2N(CCN(C)C)C(=O)[C@@H]1OC(C)=O, COc1ccc(cc1)C1Sc2ccccc2N(CCN(C)C)C(=O)C1OC(C)=O, COc1ccc(cc1)[C@@H]1Sc2ccccc2N(CCN(C)C)C(=O)[C@@H]1OC(C)=O, COc1ccc(cc1)[C@@H]1Sc2ccccc2N(CCN(C)C)C(=O)[C@@H]1OC(C)=O",prism_treatment_info
dcefc9130,BRD-K14807180-001-02-5,SB-221284,serotonin receptor antagonist,0.353070798453075,0.3284462760384233,0.0246245224146517,False,CSc1cc2CCN(C(=O)Nc3cccnc3)c2cc1C(F)(F)F,prism_treatment_info
dd0ce6221,BRD-K04804440-001-09-5,ciprofloxacin,bacterial DNA gyrase inhibitor,0.4174187286680297,0.3842251018025446,0.033193626865485,False,"OC(=O)c1cn(C2CC2)c2cc(N3CCNCC3)c(F)cc2c1=O, OC(=O)c1cn(C2CC2)c2cc(N3CCNCC3)c(F)cc2c1=O, OC(=O)c1cn(C2CC2)c2cc(N3CCNCC3)c(F)cc2c1=O",prism_treatment_info
dd1bef73f,BRD-K88186167-001-04-8,GW-4064,FXR agonist,0.3133972109649862,0.3123025497501406,0.0010946612148455,False,"CC(C)c1onc(c1COc1ccc(\C=C\c2cccc(c2)C(O)=O)c(Cl)c1)-c1c(Cl)cccc1Cl, CC(C)c1onc(c1COc1ccc(\C=C\c2cccc(c2)C(O)=O)c(Cl)c1)-c1c(Cl)cccc1Cl",prism_treatment_info
dd30eef7a,BRD-K62391742-001-03-0,venetoclax,BCL inhibitor,0.3196013569962839,0.3063240308630267,0.0132773261332572,False,"CC1(C)CCC(CN2CCN(CC2)c2ccc(C(=O)NS(=O)(=O)c3ccc(NCC4CCOCC4)c(c3)[N+]([O-])=O)c(Oc3cnc4[nH]ccc4c3)c2)=C(C1)c1ccc(Cl)cc1, CC1(C)CCC(CN2CCN(CC2)c2ccc(C(=O)NS(=O)(=O)c3ccc(NCC4CCOCC4)c(c3)[N+]([O-])=O)c(Oc3cnc4[nH]ccc4c3)c2)=C(C1)c1ccc(Cl)cc1, CC1(C)CCC(CN2CCN(CC2)c2ccc(C(=O)NS(=O)(=O)c3ccc(NCC4CCOCC4)c(c3)[N+]([O-])=O)c(Oc3cnc4[nH]ccc4c3)c2)=C(C1)c1ccc(Cl)cc1",prism_treatment_info
dd313d89e,BRD-K77345217-001-05-0,gallic-acid,"beta amyloid protein neurotoxicity inhibitor, PPAR receptor agonist",0.3137172031026027,0.2928811540327268,0.0208360490698759,False,OC(=O)c1cc(O)c(O)c(O)c1,prism_treatment_info
dd321cc39,BRD-K94420399-001-01-9,PF-04136309,CC chemokine receptor antagonist,0.383620276253451,0.3387696404872825,0.0448506357661684,False,O[C@]1(CC[C@@H](CC1)N[C@H]1CCN(C1)C(=O)CNC(=O)c1cccc(c1)C(F)(F)F)c1ccc(cn1)-c1ncccn1,prism_treatment_info
dd3da3936,BRD-K73394555-237-01-1,oxolinic-acid,bacterial DNA gyrase inhibitor,0.321713544190705,0.295088546065839,0.0266249981248659,False,CCn1cc(C(O)=O)c(=O)c2cc3OCOc3cc12,prism_treatment_info
dd4a96d16,BRD-K52233191-001-02-4,R547,CDK inhibitor,0.3217373685821381,0.2930691680327965,0.0286682005493416,False,COc1ccc(F)c(F)c1C(=O)c1cnc(NC2CCN(CC2)S(C)(=O)=O)nc1N,prism_treatment_info
dd4b64a59,BRD-K04568635-300-01-4,octenidine,membrane integrity inhibitor,0.4548376974816289,0.4065843270569243,0.0482533704247045,False,CCCCCCCCN=c1ccn(CCCCCCCCCCn2ccc(cc2)=NCCCCCCCC)cc1,prism_treatment_info
dd4e3bd8e,BRD-K28965160-001-01-1,BVD-523,MAP kinase inhibitor,0.4591942963105704,0.4491196063750519,0.0100746899355185,False,CC(C)Nc1cc(-c2c[nH]c(c2)C(=O)N[C@H](CO)c2cccc(Cl)c2)c(Cl)cn1,prism_treatment_info
dd5d1290c,BRD-K78666826-003-01-6,procaterol,adrenergic receptor agonist,0.3557130243104417,0.3236979472629534,0.0320150770474882,False,"CC[C@H](NC(C)C)[C@H](O)c1ccc(O)c2[nH]c(=O)ccc12, CC[C@H](NC(C)C)[C@H](O)c1ccc(O)c2[nH]c(=O)ccc12",prism_treatment_info
dd6bd76be,BRD-K39252998-003-01-5,atipamezole,adrenergic receptor antagonist,0.3000343414330507,0.2988713565280433,0.0011629849050073,False,"CCC1(Cc2ccccc2C1)c1cnc[nH]1, CCC1(Cc2ccccc2C1)c1cnc[nH]1",prism_treatment_info
dd6c74fea,BRD-K14880289-001-02-2,GW-501516,PPAR receptor agonist,0.3895194461126046,0.3326180583383696,0.0569013877742349,False,"Cc1nc(sc1CSc1ccc(OCC(O)=O)c(C)c1)-c1ccc(cc1)C(F)(F)F, Cc1nc(sc1CSc1ccc(OCC(O)=O)c(C)c1)-c1ccc(cc1)C(F)(F)F",prism_treatment_info
dd73b5345,BRD-K21160401-065-01-0,dextroamphetamine,monoamine oxidase inhibitor,0.3335552380089294,0.2881543533651064,0.045400884643823,False,C[C@H](N)Cc1ccccc1,prism_treatment_info
ddb7e0c01,BRD-K97746869-001-27-0,chlorpropamide,ATP channel blocker,0.3427246512629216,0.3381288379691035,0.004595813293818,False,"CCCNC(=O)NS(=O)(=O)c1ccc(Cl)cc1, CCCNC(=O)NS(=O)(=O)c1ccc(Cl)cc1",prism_treatment_info
ddc3563cd,BRD-K89125793-001-26-0,tinidazole,antiprotozoal agent,0.3432087138057083,0.3271065911837322,0.0161021226219761,False,"CCS(=O)(=O)CCn1c(C)ncc1[N+]([O-])=O, CCS(=O)(=O)CCn1c(C)ncc1[N+]([O-])=O, CCS(=O)(=O)CCn1c(C)ncc1[N+]([O-])=O",prism_treatment_info
ddc3ca5fa,BRD-K68938568-001-01-7,GDC-0152,XIAP inhibitor,0.7667321314389839,0.4492304690229968,0.317501662415987,True,CN[C@@H](C)C(=O)N[C@@H](C1CCCCC1)C(=O)N1CCC[C@H]1C(=O)Nc1snnc1-c1ccccc1,prism_treatment_info
ddc4292ba,BRD-A92439610-001-05-7,triamcinolone-acetonide,"glucocorticoid receptor agonist, immunosuppressant",0.4505374760060053,0.4229701975201529,0.0275672784858523,False,"CC1(C)O[C@@H]2CC3C4CCC5=CC(=O)C=C[C@]5(C)[C@@]4(F)[C@@H](O)C[C@]3(C)[C@@]2(O1)C(=O)CO, CC1(C)O[C@@H]2CC3C4CCC5=CC(=O)C=C[C@]5(C)[C@@]4(F)[C@@H](O)C[C@]3(C)[C@@]2(O1)C(=O)CO",prism_treatment_info
de1269ab3,BRD-K49350383-001-13-7,thioguanine,purine antagonist,0.5345814397848475,0.4498923394282955,0.0846891003565519,True,"Nc1nc2nc[nH]c2c(=S)[nH]1, Nc1nc2nc[nH]c2c(=S)[nH]1, Nc1nc2nc[nH]c2c(=S)[nH]1",prism_treatment_info
de38cdddc,BRD-K44876623-001-03-7,zolpidem,benzodiazepine receptor agonist,0.3627071733474325,0.2983525220605559,0.0643546512868766,False,CN(C)C(=O)Cc1c(nc2ccc(C)cn12)-c1ccc(C)cc1,prism_treatment_info
de41ef6c9,BRD-K61936403-001-01-7,AS-1949490,SHIP2 phosphatase inhibitor,0.3299827481722353,0.3072136004917447,0.0227691476804906,False,"C[C@H](NC(=O)c1sccc1OCc1ccc(Cl)cc1)c1ccccc1, C[C@H](NC(=O)c1sccc1OCc1ccc(Cl)cc1)c1ccccc1",prism_treatment_info
de6954488,BRD-A05186015-003-19-8,bupropion,dopamine uptake inhibitor,0.391065881181852,0.3220274571766173,0.0690384240052346,False,"CC(NC(C)(C)C)C(=O)c1cccc(Cl)c1, CC(NC(C)(C)C)C(=O)c1cccc(Cl)c1, CC(NC(C)(C)C)C(=O)c1cccc(Cl)c1",prism_treatment_info
de7583071,BRD-K18172896-001-02-5,eltanolone,membrane integrity inhibitor,0.3847963695183232,0.3427547722097261,0.042041597308597,False,CC(=O)[C@H]1CC[C@H]2[C@@H]3CC[C@H]4C[C@H](O)CC[C@]4(C)[C@H]3CC[C@]12C,prism_treatment_info
de7b27dbc,BRD-K43192255-048-03-6,methyllycaconitine,acetylcholine receptor antagonist,0.2954907214393356,0.2674780348474384,0.0280126865918972,False,"CCN1C[C@]2(COC(=O)c3ccccc3N3C(=O)C[C@H](C)C3=O)CC[C@H](OC)[C@@]34[C@@H]5C[C@H]6[C@H](OC)[C@@H]5[C@](O)(C[C@@H]6OC)[C@@](O)([C@@H](OC)[C@H]23)[C@@H]14, CCN1C[C@]2(COC(=O)c3ccccc3N3C(=O)C[C@H](C)C3=O)CC[C@H](OC)[C@@]34[C@@H]5C[C@H]6[C@H](OC)[C@@H]5[C@](O)(C[C@@H]6OC)[C@@](O)([C@@H](OC)[C@H]23)[C@@H]14, CCN1C[C@]2(COC(=O)c3ccccc3N3C(=O)C[C@H](C)C3=O)CC[C@H](OC)[C@@]34[C@@H]5C[C@H]6[C@H](OC)[C@@H]5[C@](O)(C[C@@H]6OC)[C@@](O)([C@@H](OC)[C@H]23)[C@@H]14",prism_treatment_info
de8fa84b4,BRD-K02113016-001-15-4,olaparib,PARP inhibitor,0.3409547582280876,0.3293342862571654,0.0116204719709221,False,"Fc1ccc(Cc2n[nH]c(=O)c3ccccc23)cc1C(=O)N1CCN(CC1)C(=O)C1CC1, Fc1ccc(Cc2n[nH]c(=O)c3ccccc23)cc1C(=O)N1CCN(CC1)C(=O)C1CC1",prism_treatment_info
debd8fd94,BRD-K37289225-001-36-4,clozapine,"dopamine receptor antagonist, serotonin receptor antagonist",0.2869332171507493,0.2695687948444917,0.0173644223062576,False,"CN1CCN(CC1)C1=Nc2cc(Cl)ccc2Nc2ccccc12, CN1CCN(CC1)C1=Nc2cc(Cl)ccc2Nc2ccccc12, CN1CCN(CC1)C1=Nc2cc(Cl)ccc2Nc2ccccc12, CN1CCN(CC1)C1=Nc2cc(Cl)ccc2Nc2ccccc12",prism_treatment_info
ded810675,BRD-K78061844-050-01-9,4-PPBP,sigma receptor ligand,0.3241298091040483,0.2977096402295681,0.0264201688744801,False,"C(CCc1ccccc1)CN1CCC(CC1)c1ccccc1, C(CCc1ccccc1)CN1CCC(CC1)c1ccccc1",prism_treatment_info
dee1b775a,BRD-K62762455-001-01-3,RU-58841,androgen receptor antagonist,0.4118981999159021,0.3304045792312141,0.081493620684688,False,CC1(C)N(CCCCO)C(=O)N(C1=O)c1ccc(C#N)c(c1)C(F)(F)F,prism_treatment_info
dee5dc1b9,BRD-A86044036-001-26-5,flurbiprofen-(+/-),cyclooxygenase inhibitor,0.4197775587352771,0.3368337900350912,0.0829437687001858,False,"CC(C(O)=O)c1ccc(c(F)c1)-c1ccccc1, CC(C(O)=O)c1ccc(c(F)c1)-c1ccccc1",prism_treatment_info
dee951f41,BRD-K95309561-001-24-7,dienestrol,estrogen receptor agonist,0.3452418798717714,0.3361951968090367,0.0090466830627347,False,C\C=C(c1ccc(O)cc1)\C(c1ccc(O)cc1)=C\C,prism_treatment_info
df190d2b7,BRD-K56104152-008-04-1,oxiconazole,bacterial cell wall synthesis inhibitor,0.3581671850742354,0.3234097373443456,0.0347574477298898,False,Clc1ccc(CO\N=C(/Cn2ccnc2)c2ccc(Cl)cc2Cl)c(Cl)c1,prism_treatment_info
df1d0a5a1,BRD-K61665160-001-01-5,BYK-204165,PARP inhibitor,0.4596718011842757,0.3521115463369154,0.1075602548473603,False,"Cn1cccc1\C=C1/C(=O)NC(=O)c2ccccc12, Cn1cccc1\C=C1/C(=O)NC(=O)c2ccccc12",prism_treatment_info
df26c5aa0,BRD-K35589454-003-01-1,danegaptide,gap junction modulator,0.3355306426987292,0.2968441394391962,0.038686503259533,False,NCC(=O)N1C[C@@H](C[C@H]1C(O)=O)NC(=O)c1ccccc1,prism_treatment_info
df29b7f17,BRD-A73908300-001-06-7,EX-527,SIRT inhibitor,0.3495698525736058,0.2991986225753373,0.0503712299982684,False,"NC(=O)C1CCCc2c1[nH]c1ccc(Cl)cc21, NC(=O)C1CCCc2c1[nH]c1ccc(Cl)cc21",prism_treatment_info
df457e042,BRD-A94543220-001-24-7,bifonazole,sterol demethylase inhibitor,0.310472475941192,0.3065999113081443,0.0038725646330476,False,"c1cn(cn1)C(c1ccccc1)c1ccc(cc1)-c1ccccc1, c1cn(cn1)C(c1ccccc1)c1ccc(cc1)-c1ccccc1",prism_treatment_info
df55822a3,BRD-K68164687-001-01-6,epothilone-b,"microtubule stabilizing agent, tubulin polymerization inhibitor",0.3751669716196574,0.3652300548524947,0.0099369167671626,False,C[C@H]1CCC[C@@]2(C)O[C@H]2C[C@@H](OC(=O)C[C@@H](O)C(C)(C)C(=O)[C@H](C)[C@H]1O)C(\C)=C\c1csc(C)n1,prism_treatment_info
df5a52005,BRD-K08619838-300-05-7,tremorine,acetylcholine receptor agonist,0.3567424996515207,0.3505534493362884,0.0061890503152322,False,C(C#CCN1CCCC1)N1CCCC1,prism_treatment_info
df5db255f,BRD-A64064900-001-02-3,sangivamycin,DNA inhibitor,0.3870548829188037,0.3560866693938032,0.0309682135250005,False,NC(=O)c1cn(C2OC(CO)[C@H](O)[C@@H]2O)c2ncnc(N)c12,prism_treatment_info
df89a8e5a,BRD-K01674964-300-06-3,histamine,histamine receptor agonist,0.3412426308735131,0.2699642060578703,0.0712784248156427,False,"NCCc1c[nH]cn1, NCCc1c[nH]cn1, NCCc1c[nH]cn1, NCCc1c[nH]cn1, NCCc1c[nH]cn1, NCCc1c[nH]cn1",prism_treatment_info
df994947f,BRD-K96424892-001-02-9,chloramphenicol-palmitate,protein synthesis inhibitor,0.287017370840865,0.2517858852145542,0.0352314856263107,False,CCCCCCCCCCCCCCCC(=O)OC[C@H](NC(=O)C(Cl)Cl)[C@H](O)c1ccc(cc1)[N+]([O-])=O,prism_treatment_info
df9c4c6af,BRD-K05236810-001-19-0,luteolin,glucosidase inhibitor,0.4160255605355845,0.3849090856540395,0.031116474881545,False,Oc1cc(O)c2c(c1)oc(cc2=O)-c1ccc(O)c(O)c1,prism_treatment_info
dfde88183,BRD-K20001883-001-02-7,apabetalone,apolipoprotein expression enhancer,0.3838623294886618,0.3508749723173537,0.0329873571713081,False,COc1cc(OC)c2c(c1)[nH]c(nc2=O)-c1cc(C)c(OCCO)c(C)c1,prism_treatment_info
dfe02f2db,BRD-K82746043-001-15-1,navitoclax,BCL inhibitor,0.5824421178771638,0.3879530228481976,0.1944890950289662,True,"CC1(C)CCC(=C(CN2CCN(CC2)c2ccc(cc2)C(=O)NS(=O)(=O)c2ccc(N[C@H](CCN3CCOCC3)CSc3ccccc3)c(c2)S(=O)(=O)C(F)(F)F)C1)c1ccc(Cl)cc1, CC1(C)CCC(=C(CN2CCN(CC2)c2ccc(cc2)C(=O)NS(=O)(=O)c2ccc(N[C@H](CCN3CCOCC3)CSc3ccccc3)c(c2)S(=O)(=O)C(F)(F)F)C1)c1ccc(Cl)cc1",prism_treatment_info
dffe673a4,BRD-A67862938-034-14-9,naftidrofuryl,adrenergic receptor antagonist,0.2955134417294937,0.2789532347924682,0.0165602069370255,False,CCN(CC)CCOC(=O)C(CC1CCCO1)Cc1cccc2ccccc12,prism_treatment_info
e00f16ac8,BRD-K96042922-001-09-8,etanidazole,bacterial cell wall synthesis inhibitor,0.3446370157232303,0.3386631351668839,0.0059738805563464,False,OCCNC(=O)Cn1ccnc1[N+]([O-])=O,prism_treatment_info
e01990392,BRD-A14344385-001-03-2,IDRA-21,glutamate receptor positive allosteric modulator,0.516964144192702,0.4696759392713545,0.0472882049213474,True,"CC1Nc2ccc(Cl)cc2S(=O)(=O)N1, CC1Nc2ccc(Cl)cc2S(=O)(=O)N1",prism_treatment_info
e01e578bc,BRD-K56543881-001-02-7,ADX-47273,glutamate receptor modulator,0.3415911576743041,0.3172137640629078,0.0243773936113962,False,Fc1ccc(cc1)C(=O)N1CCC[C@@H](C1)c1nc(no1)-c1ccc(F)cc1,prism_treatment_info
e051927fb,BRD-K15834839-001-02-3,lobendazole,anthelmintic agent,0.4016021377508439,0.370423666509482,0.0311784712413619,False,CCOC(=O)Nc1nc2ccccc2[nH]1,prism_treatment_info
e063b1bdc,BRD-K41524689-001-23-5,paracetamol,cyclooxygenase inhibitor,0.3757424042135991,0.3305847120714758,0.0451576921421233,False,"CC(=O)Nc1ccc(O)cc1, CC(=O)Nc1ccc(O)cc1, CC(=O)Nc1ccc(O)cc1",prism_treatment_info
e06749542,BRD-K68392338-003-02-0,ZK-93426,benzodiazepine receptor antagonist,0.3150078369468305,0.2830523848974765,0.031955452049354,False,"CCOC(=O)c1ncc2[nH]c3cccc(OC(C)C)c3c2c1C, CCOC(=O)c1ncc2[nH]c3cccc(OC(C)C)c3c2c1C",prism_treatment_info
e06eedef4,BRD-K36055864-001-19-2,cycloheximide,protein synthesis inhibitor,0.3694322605839527,0.2991534304230723,0.0702788301608804,False,"C[C@H]1C[C@H](C)C(=O)[C@@H](C1)[C@H](O)CC1CC(=O)NC(=O)C1, C[C@H]1C[C@H](C)C(=O)[C@@H](C1)[C@H](O)CC1CC(=O)NC(=O)C1",prism_treatment_info
e07c93ab7,BRD-K53523901-001-04-4,arctigenin,MEK inhibitor,0.3546279921975215,0.327370972597895,0.0272570195996264,False,"COc1cc(C[C@@H]2[C@@H](Cc3ccc(OC)c(OC)c3)COC2=O)ccc1O, COc1cc(C[C@@H]2[C@@H](Cc3ccc(OC)c(OC)c3)COC2=O)ccc1O",prism_treatment_info
e07f26e20,BRD-K36386086-001-01-1,dolutegravir,HIV integrase inhibitor,0.3860665557140731,0.3023022841806982,0.0837642715333749,False,C[C@H]1CCO[C@H]2Cn3cc(C(=O)NCc4ccc(F)cc4F)c(=O)c(O)c3C(=O)N12,prism_treatment_info
e08d2504e,BRD-K62374253-001-07-8,rufloxacin,bacterial DNA gyrase inhibitor,0.3234514383527987,0.2076914323987913,0.1157600059540074,False,CN1CCN(CC1)c1c(F)cc2c3c1SCCn3cc(C(O)=O)c2=O,prism_treatment_info
e09b0f9e7,BRD-K96299080-001-02-7,neohesperidin,,0.354470199272514,0.3518737559121169,0.0025964433603971,False,COc1cc(O)cc(c1)[C@@H]1CC(=O)c2c(O)cc(O[C@@H]3O[C@H](CO)[C@@H](O)[C@H](O)[C@H]3O[C@@H]3O[C@@H](C)[C@H](O)[C@@H](O)[C@H]3O)cc2O1,prism_treatment_info
e0cc7fd18,BRD-K03549949-001-01-0,XL388,mTOR inhibitor,0.3768741368954297,0.3594728217658637,0.017401315129566,False,Cc1c(F)c(ccc1C(=O)N1CCOc2ccc(cc2C1)-c1ccc(N)nc1)S(C)(=O)=O,prism_treatment_info
e0cd5c091,BRD-K76810206-001-08-1,nicergoline,adrenergic receptor antagonist,0.3916913849788636,0.3813679878256273,0.0103233971532362,False,"CO[C@]12C[C@@H](COC(=O)c3cncc(Br)c3)CN(C)[C@@H]1Cc1cn(C)c3cccc2c13, CO[C@]12C[C@@H](COC(=O)c3cncc(Br)c3)CN(C)[C@@H]1Cc1cn(C)c3cccc2c13",prism_treatment_info
e0e31724c,BRD-A31095847-001-02-3,mozavaptan,vasopressin receptor antagonist,0.3991535451054733,0.3267748052462584,0.0723787398592148,False,CN(C)C1CCCN(C(=O)c2ccc(NC(=O)c3ccccc3C)cc2)c2ccccc12,prism_treatment_info
e0ef6e086,BRD-A78877355-001-03-0,nefopam,cyclooxygenase inhibitor,0.3625538653499014,0.2656922699579478,0.0968615953919536,False,"CN1CCOC(c2ccccc2)c2ccccc2C1, CN1CCOC(c2ccccc2)c2ccccc2C1",prism_treatment_info
e0fcffe6a,BRD-K34663752-001-09-1,6-chloromelatonin,melatonin receptor agonist,0.3289573539749927,0.3117926491325111,0.0171647048424816,False,"COc1cc2c(CCNC(C)=O)c[nH]c2cc1Cl, COc1cc2c(CCNC(C)=O)c[nH]c2cc1Cl",prism_treatment_info
e0fe86b6b,BRD-K13810148-311-03-2,givinostat,HDAC inhibitor,0.3910287320411249,0.3220154782550415,0.0690132537860833,False,CCN(CC)Cc1ccc2cc(COC(=O)Nc3ccc(cc3)C(=O)NO)ccc2c1,prism_treatment_info
e10a9c19b,BRD-A22032524-074-06-5,amlodipine,calcium channel blocker,0.3525731533639393,0.3352693524299328,0.0173038009340065,False,"CCOC(=O)C1=C(COCCN)NC(C)=C(C1c1ccccc1Cl)C(=O)OC, CCOC(=O)C1=C(COCCN)NC(C)=C(C1c1ccccc1Cl)C(=O)OC, CCOC(=O)C1=C(COCCN)NC(C)=C(C1c1ccccc1Cl)C(=O)OC, CCOC(=O)C1=C(COCCN)NC(C)=C(C1c1ccccc1Cl)C(=O)OC, CCOC(=O)C1=C(COCCN)NC(C)=C(C1c1ccccc1Cl)C(=O)OC, CCOC(=O)C1=C(COCCN)NC(C)=C(C1c1ccccc1Cl)C(=O)OC",prism_treatment_info
e11b783c0,BRD-K64178227-001-09-0,BTS,,0.3805574308991666,0.3179598147773816,0.062597616121785,False,"Cc1ccc(cc1)S(=O)(=O)NCc1ccccc1, Cc1ccc(cc1)S(=O)(=O)NCc1ccccc1",prism_treatment_info
e160a2b00,BRD-K08188887-001-02-4,astragaloside-a,antiinflammatory agent,0.3172914975043549,0.2949862758747205,0.0223052216296344,False,CC(C)(O)[C@H]1CC[C@](C)(O1)[C@H]1[C@@H](O)C[C@@]2(C)[C@@H]3C[C@H](O[C@@H]4O[C@H](CO)[C@@H](O)[C@H](O)[C@H]4O)[C@@H]4[C@]5(C[C@@]35CC[C@]12C)CC[C@H](O[C@@H]1OC[C@@H](O)[C@H](O)[C@H]1O)C4(C)C,prism_treatment_info
e16d18580,BRD-K07441213-001-18-9,paroxypropione,gonadotropin inhibitor,0.3502027541059203,0.3118175637642784,0.0383851903416419,False,CCC(=O)c1ccc(O)cc1,prism_treatment_info
e17a6f15e,BRD-K06181161-048-15-1,carbetapentane,acetylcholine receptor antagonist,0.3327088150705243,0.3181830796512017,0.0145257354193226,False,"CCN(CC)CCOCCOC(=O)C1(CCCC1)c1ccccc1, CCN(CC)CCOCCOC(=O)C1(CCCC1)c1ccccc1",prism_treatment_info
e17c7275e,BRD-K63630713-001-25-8,etacrynic-acid,sodium/potassium/chloride transporter inhibitor,0.3177725272364193,0.305171091748765,0.0126014354876543,False,CCC(=C)C(=O)c1ccc(OCC(O)=O)c(Cl)c1Cl,prism_treatment_info
e18e086dc,BRD-K54606188-001-13-1,JQ1-(+),bromodomain inhibitor,0.3531225608985315,0.3108215245779021,0.0423010363206293,False,"Cc1sc-2c(c1C)C(=N[C@@H](CC(=O)OC(C)(C)C)c1nnc(C)n-21)c1ccc(Cl)cc1, Cc1sc-2c(c1C)C(=N[C@@H](CC(=O)OC(C)(C)C)c1nnc(C)n-21)c1ccc(Cl)cc1",prism_treatment_info
e191411ad,BRD-K54247840-004-01-3,halofuginone,collagenase inhibitor,0.3479303960479611,0.3468084452477218,0.0011219508002393,False,O[C@H]1CCCN[C@@H]1CC(=O)Cn1cnc2cc(Br)c(Cl)cc2c1=O,prism_treatment_info
e1a0a81ec,BRD-K96055017-003-02-7,1-acetyl-4-methylpiperazine,acetylcholine receptor agonist,0.3715835405080997,0.3660747368813152,0.0055088036267845,False,CN1CCN(CC1)C(C)=O,prism_treatment_info
e1b1ac327,BRD-K21718444-001-06-8,KW-2449,"Abl kinase inhibitor, Aurora kinase inhibitor, FLT3 inhibitor",0.3147100523253741,0.3110540275881508,0.0036560247372232,False,O=C(N1CCNCC1)c1ccc(cc1)\C=C\c1n[nH]c2ccccc12,prism_treatment_info
e1efce54c,BRD-K02594908-001-16-4,sulfanilamide,carbonic anhydrase inhibitor,0.3693177650299608,0.3425418272916058,0.0267759377383549,False,"Nc1ccc(cc1)S(N)(=O)=O, Nc1ccc(cc1)S(N)(=O)=O",prism_treatment_info
e20a1c258,BRD-K67578145-001-12-1,GDC-0879,RAF inhibitor,0.42588379160599,0.4086916372518778,0.0171921543541122,False,"OCCn1cc(c(n1)-c1ccncc1)-c1ccc2c(CC\C2=N/O)c1, OCCn1cc(c(n1)-c1ccncc1)-c1ccc2c(CC\C2=N/O)c1, OCCn1cc(c(n1)-c1ccncc1)-c1ccc2c(CC\C2=N/O)c1",prism_treatment_info
e234cbb34,BRD-K04111260-001-10-0,raclopride,dopamine receptor antagonist,0.352941756978573,0.3051078494660904,0.0478339075124826,False,"CCN1CCC[C@H]1CNC(=O)c1c(O)c(Cl)cc(Cl)c1OC, CCN1CCC[C@H]1CNC(=O)c1c(O)c(Cl)cc(Cl)c1OC",prism_treatment_info
e23fb6c1c,BRD-K80451230-051-02-6,zamifenacin,acetylcholine receptor antagonist,0.3715378694925372,0.2972010376463712,0.074336831846166,False,"C(Cc1ccc2OCOc2c1)N1CCC[C@H](C1)OC(c1ccccc1)c1ccccc1, C(Cc1ccc2OCOc2c1)N1CCC[C@H](C1)OC(c1ccccc1)c1ccccc1",prism_treatment_info
e24aea9c1,BRD-K85119730-001-28-9,tolbutamide,ATP channel blocker,0.3266478894649222,0.3016102476761322,0.02503764178879,False,"CCCCNC(=O)NS(=O)(=O)c1ccc(C)cc1, CCCCNC(=O)NS(=O)(=O)c1ccc(C)cc1",prism_treatment_info
e25ac4fb1,BRD-K13302470-001-02-7,KY02111,Wnt pathway inhibitor,0.3930583823494288,0.3340485142054092,0.0590098681440195,False,"COc1ccc(CCC(=O)Nc2nc3ccc(Cl)cc3s2)cc1OC, COc1ccc(CCC(=O)Nc2nc3ccc(Cl)cc3s2)cc1OC",prism_treatment_info
e264a6107,BRD-K02407574-001-09-7,parbendazole,tubulin polymerization inhibitor,0.7150930767745535,0.6801657901175743,0.0349272866569791,True,CCCCc1ccc2[nH]c(NC(=O)OC)nc2c1,prism_treatment_info
e26639b1b,BRD-K59597909-001-17-6,phenothiazine,dopamine receptor antagonist,0.336108135943248,0.3223434648936424,0.0137646710496056,False,"N1c2ccccc2Sc2ccccc12, N1c2ccccc2Sc2ccccc12, N1c2ccccc2Sc2ccccc12",prism_treatment_info
e28179d7f,BRD-K13390322-001-06-3,AT-7519,CDK inhibitor,0.5483900637885469,0.5478182403997168,0.0005718233888301,True,Clc1cccc(Cl)c1C(=O)Nc1c[nH]nc1C(=O)NC1CCNCC1,prism_treatment_info
e29829cf4,BRD-K79711234-001-18-3,thiamphenicol,bacterial 50S ribosomal subunit inhibitor,0.4549002706682029,0.4547471804481752,0.0001530902200276,False,"CS(=O)(=O)c1ccc(cc1)[C@@H](O)[C@@H](CO)NC(=O)C(Cl)Cl, CS(=O)(=O)c1ccc(cc1)[C@@H](O)[C@@H](CO)NC(=O)C(Cl)Cl",prism_treatment_info
e2b16c903,BRD-K59469039-001-08-0,tyrphostin-AG-879,tyrosine kinase inhibitor,0.3667787512982586,0.3513055997268016,0.015473151571457,False,"CC(C)(C)c1cc(cc(c1O)C(C)(C)C)\C=C(/C#N)C(N)=S, CC(C)(C)c1cc(cc(c1O)C(C)(C)C)\C=C(/C#N)C(N)=S",prism_treatment_info
e2b513d9a,BRD-K08999871-213-01-5,pipemidic-acid,topoisomerase inhibitor,0.3513681005631865,0.3356562182240107,0.0157118823391758,False,CCn1cc(C(O)=O)c(=O)c2cnc(nc12)N1CCNCC1,prism_treatment_info
e2eb1a821,BRD-K13050541-001-01-9,acivicin,gamma glutamyltransferase Inhibitors,0.3684687056956017,0.3105697861718009,0.0578989195238008,False,N[C@H]([C@@H]1CC(Cl)=NO1)C(O)=O,prism_treatment_info
e2eb1d736,BRD-K66911501-003-01-2,MK-3207,calcitonin antagonist,0.2729285643910125,0.2500730256208668,0.0228555387701456,False,Fc1cc(F)cc(c1)[C@@H]1CNC2(CCCC2)C(=O)N1CC(=O)Nc1ccc2C[C@]3(Cc2c1)C(=O)Nc1ncccc31,prism_treatment_info
e30dcf933,BRD-K16542329-001-13-5,zaprinast,phosphodiesterase inhibitor,0.3425757829073169,0.3279042945614226,0.0146714883458942,False,"CCCOc1ccccc1-c1nc2[nH]nnc2c(=O)[nH]1, CCCOc1ccccc1-c1nc2[nH]nnc2c(=O)[nH]1, CCCOc1ccccc1-c1nc2[nH]nnc2c(=O)[nH]1",prism_treatment_info
e31e0a511,BRD-A49622760-001-01-9,faropenem,lactamase inhibitor,0.3692550939679219,0.3066305074929743,0.0626245864749475,False,CC(O)C1C2SC(C3CCCO3)=C(N2C1=O)C(O)=O,prism_treatment_info
e321de4e1,BRD-K89055274-048-22-7,alverine,muscle relaxant,0.3186938615885608,0.3074950613002593,0.0111988002883014,False,"CCN(CCCc1ccccc1)CCCc1ccccc1, CCN(CCCc1ccccc1)CCCc1ccccc1",prism_treatment_info
e32dcf60e,BRD-A48015106-004-08-9,8-hydroxy-DPAT,serotonin receptor agonist,0.3180668948800805,0.3075878425791223,0.0104790523009581,False,CCCN(CCC)C1CCc2cccc(O)c2C1,prism_treatment_info
e34e2e544,BRD-A04252265-003-01-4,eperisone,acetylcholine receptor antagonist,0.3039819248663584,0.2766695275486737,0.0273123973176847,False,CCc1ccc(cc1)C(=O)C(C)CN1CCCCC1,prism_treatment_info
e3504b204,BRD-K68408467-065-01-8,proflavine-hemisulfate,topical anesthetic,0.3808352882415098,0.3316368445282359,0.0491984437132739,False,Nc1ccc2cc3ccc(N)cc3nc2c1,prism_treatment_info
e3644ff0f,BRD-K02764365-001-13-6,methiazole,anthelmintic agent,0.703320873836828,0.6566063202179422,0.0467145536188857,True,COC(=O)Nc1nc2cc(SC(C)C)ccc2[nH]1,prism_treatment_info
e374ee33f,BRD-K26581543-001-01-6,bifendate,,0.3968789161477666,0.3713097432529059,0.0255691728948607,False,COC(=O)c1cc(OC)c2OCOc2c1-c1c2OCOc2c(OC)cc1C(=O)OC,prism_treatment_info
e3826b3de,BRD-K60997853-001-02-3,PHA-848125,"CDK inhibitor, growth factor receptor inhibitor",0.4228590811501321,0.342386660006739,0.080472421143393,False,CNC(=O)c1nn(C)c-2c1C(C)(C)Cc1cnc(Nc3ccc(cc3)N3CCN(C)CC3)nc-21,prism_treatment_info
e39f7a3d9,BRD-K20417253-001-01-9,oxiniacic-acid,,0.3669679888349343,0.3355547539233645,0.0314132349115698,False,"OC(=O)c1ccc[n+]([O-])c1, OC(=O)c1ccc[n+]([O-])c1",prism_treatment_info
e3a88c3f3,BRD-K24227647-364-01-5,TC2559,acetylcholine receptor agonist,0.3617952319446755,0.3364472806993641,0.0253479512453114,False,"CCOc1cncc(\C=C\CCNC)c1, CCOc1cncc(\C=C\CCNC)c1",prism_treatment_info
e3ab954cb,BRD-A74914197-001-02-9,pralatrexate,dihydrofolate reductase inhibitor,0.3486580349150301,0.3181867675125225,0.0304712674025076,False,Nc1nc(N)c2nc(CC(CC#C)c3ccc(cc3)C(=O)N[C@@H](CCC(O)=O)C(O)=O)cnc2n1,prism_treatment_info
e3b381912,BRD-K06181161-048-15-1,carbetapentane,acetylcholine receptor antagonist,0.2541992663113266,0.251289756876319,0.0029095094350076,False,"CCN(CC)CCOCCOC(=O)C1(CCCC1)c1ccccc1, CCN(CC)CCOCCOC(=O)C1(CCCC1)c1ccccc1",prism_treatment_info
e3c7cedf9,BRD-K28428262-001-04-1,brivanib,"FGFR inhibitor, VEGFR inhibitor",0.3376763275189829,0.3244980763860972,0.0131782511328857,False,C[C@@H](O)COc1cn2ncnc(Oc3ccc4[nH]c(C)cc4c3F)c2c1C,prism_treatment_info
e3d6c3733,BRD-K74763371-002-04-0,bosentan,endothelin receptor antagonist,0.4055236259913615,0.3878260779822751,0.0176975480090864,False,COc1ccccc1Oc1c(NS(=O)(=O)c2ccc(cc2)C(C)(C)C)nc(nc1OCCO)-c1ncccn1,prism_treatment_info
e3d9d000d,BRD-K67566344-001-07-5,ku-0063794,mTOR inhibitor,0.5081987882000768,0.501654194410111,0.0065445937899657,True,"COc1ccc(cc1CO)-c1ccc2c(nc(nc2n1)N1C[C@H](C)O[C@H](C)C1)N1CCOCC1, COc1ccc(cc1CO)-c1ccc2c(nc(nc2n1)N1C[C@H](C)O[C@H](C)C1)N1CCOCC1",prism_treatment_info
e3e768009,BRD-K25015158-001-01-2,limaprost-alfadex,prostanoid receptor agonist,0.3326311075034238,0.3167438152930148,0.015887292210409,False,"CCCC[C@H](C)C[C@H](O)\C=C\[C@H]1[C@H](O)CC(=O)[C@@H]1CCCC\C=C\C(O)=O, CCCC[C@H](C)C[C@H](O)\C=C\[C@H]1[C@H](O)CC(=O)[C@@H]1CCCC\C=C\C(O)=O",prism_treatment_info
e3f0ddacc,BRD-K71075609-003-01-0,dorzolamide,carbonic anhydrase inhibitor,0.4281856034612789,0.3908878470278024,0.0372977564334764,False,CCN[C@@H]1C[C@H](C)S(=O)(=O)c2sc(cc12)S(N)(=O)=O,prism_treatment_info
e3fe7b417,BRD-K74305673-001-06-2,IKK-2-inhibitor-V,"IKK inhibitor, NFkB pathway inhibitor",0.4489868590909823,0.4168715687444252,0.0321152903465571,False,"Oc1ccc(Cl)cc1C(=O)Nc1cc(cc(c1)C(F)(F)F)C(F)(F)F, Oc1ccc(Cl)cc1C(=O)Nc1cc(cc(c1)C(F)(F)F)C(F)(F)F",prism_treatment_info
e40153dde,BRD-A93964801-003-03-3,clinafloxacin,bacterial DNA gyrase inhibitor,0.3620325990349968,0.3577294280234354,0.0043031710115613,False,"NC1CCN(C1)c1c(F)cc2c(c1Cl)n(cc(C(O)=O)c2=O)C1CC1, NC1CCN(C1)c1c(F)cc2c(c1Cl)n(cc(C(O)=O)c2=O)C1CC1, NC1CCN(C1)c1c(F)cc2c(c1Cl)n(cc(C(O)=O)c2=O)C1CC1, NC1CCN(C1)c1c(F)cc2c(c1Cl)n(cc(C(O)=O)c2=O)C1CC1",prism_treatment_info
e41614658,BRD-K89014967-001-04-3,AS-703026,MEK inhibitor,0.6725125444040853,0.6595946510632086,0.0129178933408766,True,OC[C@@H](O)CNC(=O)c1ccncc1Nc1ccc(I)cc1F,prism_treatment_info
e41f6c48c,BRD-K60369935-001-18-3,ribavirin,antiviral,0.3504051678552707,0.3187563154236941,0.0316488524315765,False,"NC(=O)c1ncn(n1)[C@@H]1O[C@H](CO)[C@@H](O)[C@H]1O, NC(=O)c1ncn(n1)[C@@H]1O[C@H](CO)[C@@H](O)[C@H]1O, NC(=O)c1ncn(n1)[C@@H]1O[C@H](CO)[C@@H](O)[C@H]1O",prism_treatment_info
e4363bc6a,BRD-K53397409-001-12-3,benzoic-acid,food preservative,0.3287248323725087,0.3183438693757762,0.0103809629967325,False,"OC(=O)c1ccccc1, OC(=O)c1ccccc1, OC(=O)c1ccccc1",prism_treatment_info
e44007061,BRD-A71774530-001-05-9,lufenuron,chitin inhibitor,0.4222131442243689,0.2957278604725156,0.1264852837518532,False,FC(C(F)(F)F)C(F)(F)Oc1cc(Cl)c(NC(=O)NC(=O)c2c(F)cccc2F)cc1Cl,prism_treatment_info
e444f38b6,BRD-K18910433-001-43-2,estradiol,estrogen receptor agonist,0.3217220685398035,0.3158421027610775,0.005879965778726,False,"C[C@]12CC[C@H]3[C@@H](CCc4cc(O)ccc34)[C@@H]1CC[C@@H]2O, C[C@]12CC[C@H]3[C@@H](CCc4cc(O)ccc34)[C@@H]1CC[C@@H]2O, C[C@]12CC[C@H]3[C@@H](CCc4cc(O)ccc34)[C@@H]1CC[C@@H]2O",prism_treatment_info
e44cc3d92,BRD-A48720949-001-04-0,testosterone-propionate,androgen receptor agonist,0.4115765359738376,0.3326481499753594,0.0789283859984782,False,CCC(=O)O[C@H]1CCC2C3CCC4=CC(=O)CC[C@]4(C)C3CC[C@]12C,prism_treatment_info
e45ad489d,BRD-K33720171-001-01-0,difluprednate,glucocorticoid receptor agonist,0.5155735551989323,0.4929191199810179,0.0226544352179143,True,CCCC(=O)O[C@]1(CC[C@H]2[C@@H]3C[C@H](F)C4=CC(=O)C=C[C@]4(C)[C@]3(F)[C@H](O)C[C@]12C)C(=O)COC(C)=O,prism_treatment_info
e4751b544,BRD-K73394555-237-01-1,oxolinic-acid,bacterial DNA gyrase inhibitor,0.339726169574106,0.3238119880590369,0.0159141815150691,False,CCn1cc(C(O)=O)c(=O)c2cc3OCOc3cc12,prism_treatment_info
e479d920b,BRD-K41024817-325-01-0,4-phenolsulfonic-acid,,0.3895968631299131,0.3378295309824987,0.0517673321474144,False,Oc1ccc(cc1)S(O)(=O)=O,prism_treatment_info
e47f7aefb,BRD-K42748308-300-02-0,XE-991,potassium channel blocker,0.358043647270135,0.3480319504490708,0.0100116968210641,False,O=C1c2ccccc2C(Cc2ccncc2)(Cc2ccncc2)c2ccccc12,prism_treatment_info
e4c68cd75,BRD-K69035426-001-01-3,omeprazole-sulfide,ATPase inhibitor,0.355759816248515,0.2944098661713276,0.0613499500771873,False,COc1ccc2nc(SCc3ncc(C)c(OC)c3C)[nH]c2c1,prism_treatment_info
e4ce4839c,BRD-K84683831-001-01-0,radezolid,"bacterial 30S ribosomal subunit inhibitor, bacterial 50S ribosomal subunit inhibitor",0.5467563648351944,0.4953088984792497,0.0514474663559446,True,CC(=O)NC[C@H]1CN(C(=O)O1)c1ccc(c(F)c1)-c1ccc(CNCc2cnn[nH]2)cc1,prism_treatment_info
e4dd7268c,BRD-K77771411-003-10-7,moxonidine,imidazoline receptor agonist,0.3701598614987899,0.3363675108058296,0.0337923506929603,False,"COc1nc(C)nc(Cl)c1NC1=NCCN1, COc1nc(C)nc(Cl)c1NC1=NCCN1, COc1nc(C)nc(Cl)c1NC1=NCCN1",prism_treatment_info
e5000d4d1,BRD-A43435802-001-02-0,mercaptosuccinic-acid,,0.436218091659849,0.3791061217681127,0.0571119698917363,False,"OC(=O)CC(S)C(O)=O, OC(=O)CC(S)C(O)=O",prism_treatment_info
e53bd9396,BRD-K96714749-001-01-0,isobutamben,local anesthetic,0.3332745310460131,0.3251753392646868,0.0080991917813263,False,CC(C)COC(=O)c1ccc(N)cc1,prism_treatment_info
e54290f0a,BRD-K56735750-001-06-8,carbadox,other antibiotic,0.28996247936618,0.2696044314635104,0.0203580479026696,False,"COC(=O)N\N=C\c1c[n+]([O-])c2ccccc2[n+]1[O-], COC(=O)N\N=C\c1c[n+]([O-])c2ccccc2[n+]1[O-], COC(=O)N\N=C\c1c[n+]([O-])c2ccccc2[n+]1[O-]",prism_treatment_info
e56d07ab5,BRD-K02594908-001-16-4,sulfanilamide,carbonic anhydrase inhibitor,0.3418534725231686,0.3131056471794472,0.0287478253437214,False,"Nc1ccc(cc1)S(N)(=O)=O, Nc1ccc(cc1)S(N)(=O)=O",prism_treatment_info
e5701c2df,BRD-K13183738-317-10-2,pentamidine,anti-pneumocystis agent,0.381039448690431,0.3073845993810287,0.0736548493094022,False,"NC(=N)c1ccc(OCCCCCOc2ccc(cc2)C(N)=N)cc1, NC(=N)c1ccc(OCCCCCOc2ccc(cc2)C(N)=N)cc1",prism_treatment_info
e572e62e2,BRD-K51770398-001-01-9,JNJ-17203212,TRPV antagonist,0.2888387019244276,0.263055136705067,0.0257835652193605,False,"FC(F)(F)c1ccc(NC(=O)N2CCN(CC2)c2ncccc2C(F)(F)F)nc1, FC(F)(F)c1ccc(NC(=O)N2CCN(CC2)c2ncccc2C(F)(F)F)nc1",prism_treatment_info
e57f7453e,BRD-A64698388-003-01-7,levo-phencynonate,acetylcholine receptor antagonist,0.3421035568251123,0.3401782671688333,0.0019252896562789,False,CN1CC2CCCC(C1)C2OC(=O)C(O)(C1CCCC1)c1ccccc1,prism_treatment_info
e5922d23c,BRD-K31627533-001-09-5,rimexolone,glucocorticoid receptor agonist,0.4093435537170067,0.4067032966491994,0.0026402570678072,False,CCC(=O)[C@@]1(C)[C@H](C)C[C@H]2[C@@H]3CCC4=CC(=O)C=C[C@]4(C)[C@H]3[C@@H](O)C[C@]12C,prism_treatment_info
e5b84d23b,BRD-K14880289-001-02-2,GW-501516,PPAR receptor agonist,0.2827212681876797,0.2733147284653987,0.0094065397222809,False,"Cc1nc(sc1CSc1ccc(OCC(O)=O)c(C)c1)-c1ccc(cc1)C(F)(F)F, Cc1nc(sc1CSc1ccc(OCC(O)=O)c(C)c1)-c1ccc(cc1)C(F)(F)F",prism_treatment_info
e5c5c54e7,BRD-K13044802-213-20-7,ciclopirox,membrane integrity inhibitor,0.5346389274313196,0.4687557518023772,0.0658831756289423,True,"Cc1cc(C2CCCCC2)n(O)c(=O)c1, Cc1cc(C2CCCCC2)n(O)c(=O)c1, Cc1cc(C2CCCCC2)n(O)c(=O)c1, Cc1cc(C2CCCCC2)n(O)c(=O)c1, Cc1cc(C2CCCCC2)n(O)c(=O)c1, Cc1cc(C2CCCCC2)n(O)c(=O)c1",prism_treatment_info
e5e3e1b93,BRD-K91301684-003-05-5,noscapine,"bradykinin receptor antagonist, tubulin polymerization inhibitor",0.3643977572480235,0.3548272891884679,0.0095704680595555,False,"COc1ccc2[C@H](OC(=O)c2c1OC)[C@@H]1N(C)CCc2cc3OCOc3c(OC)c12, COc1ccc2[C@@H](OC(=O)c2c1OC)[C@@H]1N(C)CCc2cc3OCOc3c(OC)c12, COc1ccc2[C@H](OC(=O)c2c1OC)[C@@H]1N(C)CCc2cc3OCOc3c(OC)c12",prism_treatment_info
e60c7b841,BRD-K61036791-001-01-6,rucinol,tyrosinase inhibitor,0.2828312271000514,0.2771236792527161,0.0057075478473352,False,CCCCc1ccc(O)cc1O,prism_treatment_info
e60f6df53,BRD-K64925568-001-01-8,AMG-232,MDM inhibitor,0.3320176958559737,0.3250610563218652,0.0069566395341084,False,CC(C)[C@@H](CS(=O)(=O)C(C)C)N1[C@@H]([C@H](C[C@](C)(CC(O)=O)C1=O)c1cccc(Cl)c1)c1ccc(Cl)cc1,prism_treatment_info
e610a38d4,BRD-K68395654-001-03-1,EVP4593,NFkB pathway inhibitor,0.3681852116414773,0.3345016500027898,0.0336835616386874,False,"Nc1ccc2ncnc(NCCc3ccc(Oc4ccccc4)cc3)c2c1, Nc1ccc2ncnc(NCCc3ccc(Oc4ccccc4)cc3)c2c1, Nc1ccc2ncnc(NCCc3ccc(Oc4ccccc4)cc3)c2c1",prism_treatment_info
e6133b664,BRD-K72327355-001-14-7,baicalein,lipoxygenase inhibitor,0.336994537240215,0.3309990658444728,0.0059954713957421,False,"Oc1cc2oc(cc(=O)c2c(O)c1O)-c1ccccc1, Oc1cc2oc(cc(=O)c2c(O)c1O)-c1ccccc1, Oc1cc2oc(cc(=O)c2c(O)c1O)-c1ccccc1",prism_treatment_info
e61b0efb9,BRD-K42959922-001-01-5,trans-2-Undecenoic-acid,,0.3469262741008986,0.3069630399822885,0.03996323411861,False,CCCCCCCC\C=C\C(O)=O,prism_treatment_info
e62689392,BRD-A96407378-001-15-1,allantoin,cosmetic,0.3288999418633056,0.2955312834659917,0.0333686583973139,False,NC(=O)NC1NC(=O)NC1=O,prism_treatment_info
e630199d8,BRD-K00521308-019-01-9,ATN-161,integrin antagonist,0.3819408564717914,0.3473030078842106,0.0346378485875807,False,"CC(=O)N1CCC[C@H]1C(=O)N[C@@H](Cc1c[nH]cn1)C(=O)N[C@@H](CO)C(=O)N[C@@H](CS)C(=O)N[C@@H](CC(N)=O)C(N)=O, CC(=O)N1CCC[C@H]1C(=O)N[C@@H](Cc1c[nH]cn1)C(=O)N[C@@H](CO)C(=O)N[C@@H](CS)C(=O)N[C@@H](CC(N)=O)C(N)=O",prism_treatment_info
e639c2fc8,BRD-K09090523-001-02-1,firocoxib,cyclooxygenase inhibitor,0.3406687942412998,0.3136966817423489,0.0269721124989509,False,CC1(C)OC(=O)C(OCC2CC2)=C1c1ccc(cc1)S(C)(=O)=O,prism_treatment_info
e64f69ccc,BRD-K71266197-236-02-7,PSB-06126,NTPDase inhibitor,0.3705210560376181,0.2901231311960281,0.08039792484159,False,Nc1c2C(=O)c3ccccc3C(=O)c2c(Nc2cccc3ccccc23)cc1S(O)(=O)=O,prism_treatment_info
e651aad68,BRD-K78496197-001-03-9,SCS,,0.3546705904915763,0.3187302310228951,0.0359403594686811,False,"Oc1ccccc1\C=N\NC(=O)c1ccccc1O, Oc1ccccc1\C=N\NC(=O)c1ccccc1O",prism_treatment_info
e66734551,BRD-K04414442-001-08-3,SB-222200,tachykinin antagonist,0.3535266635686461,0.3470826384038027,0.0064440251648433,False,"CC[C@H](NC(=O)c1c(C)c(nc2ccccc12)-c1ccccc1)c1ccccc1, CC[C@H](NC(=O)c1c(C)c(nc2ccccc12)-c1ccccc1)c1ccccc1",prism_treatment_info
e66896455,BRD-A92439610-001-05-7,triamcinolone-acetonide,"glucocorticoid receptor agonist, immunosuppressant",0.5046287413488456,0.4985162482569288,0.0061124930919167,True,"CC1(C)O[C@@H]2CC3C4CCC5=CC(=O)C=C[C@]5(C)[C@@]4(F)[C@@H](O)C[C@]3(C)[C@@]2(O1)C(=O)CO, CC1(C)O[C@@H]2CC3C4CCC5=CC(=O)C=C[C@]5(C)[C@@]4(F)[C@@H](O)C[C@]3(C)[C@@]2(O1)C(=O)CO",prism_treatment_info
e66a8b138,BRD-K63430059-001-17-2,methoxsalen,DNA synthesis inhibitor,0.3511867723341901,0.2869932472310824,0.0641935251031076,False,"COc1c2occc2cc2ccc(=O)oc12, COc1c2occc2cc2ccc(=O)oc12",prism_treatment_info
e676489d0,BRD-K40797222-001-01-8,SC-12267,dihydroorotate dehydrogenase inhibitor,0.3761026093809263,0.3226806891836269,0.0534219201972994,False,COc1cccc(c1)-c1ccc(NC(=O)C2=C(CCC2)C(O)=O)c(F)c1,prism_treatment_info
e68774cb2,BRD-K11244467-001-08-5,ambazone,DNA damage inducer,0.3093478347330704,0.3080072899662064,0.0013405447668639,False,"NC(=N)N=Nc1ccc(NNC(S)=N)cc1, NC(=N)N=Nc1ccc(NNC(S)=N)cc1, NC(=N)N=Nc1ccc(NNC(S)=N)cc1",prism_treatment_info
e68b58a8f,BRD-K08837089-236-01-6,actinoquinol,,0.3535033434912512,0.3171441104402162,0.0363592330510349,False,CCOc1ccc(c2cccnc12)S(O)(=O)=O,prism_treatment_info
e6b66c051,BRD-K47878171-086-06-0,bephenium-hydroxynaphthoate,anthelmintic agent,0.3104307886074723,0.2938708026273419,0.0165599859801304,False,"C[N+](C)(CCOc1ccccc1)Cc1ccccc1, C[N+](C)(CCOc1ccccc1)Cc1ccccc1, C[N+](C)(CCOc1ccccc1)Cc1ccccc1",prism_treatment_info
e6b7b845f,BRD-A96456596-001-02-2,FPL-55712,leukotriene receptor antagonist,0.3400510076957344,0.3268122515680092,0.0132387561277251,False,CCCc1c(OCC(O)COc2ccc3c(oc(cc3=O)C(O)=O)c2CCC)ccc(C(C)=O)c1O,prism_treatment_info
e6c9f05e5,BRD-K57371763-001-01-7,fidaxomicin,RNA polymerase inhibitor,0.3678021504776969,0.3084805215300101,0.0593216289476867,False,CC[C@H]1\C=C(C)/[C@@H](O)C\C=C\C=C(CO[C@@H]2O[C@H](C)[C@@H](OC(=O)c3c(O)c(Cl)c(O)c(Cl)c3CC)[C@H](O)[C@@H]2OC)\C(=O)O[C@H](C\C=C(C)\C=C(C)[C@H]1O[C@@H]1OC(C)(C)[C@@H](OC(=O)C(C)C)[C@H](O)[C@H]1O)[C@@H](C)O,prism_treatment_info
e6cd1235b,BRD-K21160401-065-01-0,dextroamphetamine,monoamine oxidase inhibitor,0.3461612409692894,0.3416370656882131,0.0045241752810763,False,C[C@H](N)Cc1ccccc1,prism_treatment_info
e6cd67235,BRD-K47195926-001-06-6,acedoben,,0.367496367406212,0.328861886489077,0.0386344809171349,False,CC(=O)Nc1ccc(cc1)C(O)=O,prism_treatment_info
e6fb2ae95,BRD-K13810148-311-03-2,givinostat,HDAC inhibitor,0.4307473658401782,0.3791481096016778,0.0515992562385004,False,CCN(CC)Cc1ccc2cc(COC(=O)Nc3ccc(cc3)C(=O)NO)ccc2c1,prism_treatment_info
e706cbe5f,BRD-K14880289-001-02-2,GW-501516,PPAR receptor agonist,0.3475319035423709,0.3194458456954637,0.0280860578469072,False,"Cc1nc(sc1CSc1ccc(OCC(O)=O)c(C)c1)-c1ccc(cc1)C(F)(F)F, Cc1nc(sc1CSc1ccc(OCC(O)=O)c(C)c1)-c1ccc(cc1)C(F)(F)F",prism_treatment_info
e71f3a8b8,BRD-K72915123-001-18-1,cinchophen,analgesic agent,0.3559386271074282,0.2873885491543899,0.0685500779530383,False,"OC(=O)c1cc(nc2ccccc12)-c1ccccc1, OC(=O)c1cc(nc2ccccc12)-c1ccccc1",prism_treatment_info
e73eada2f,BRD-K51575138-001-13-2,TPCA-1,IKK inhibitor,0.3423842739159712,0.3234754201264397,0.0189088537895315,False,"NC(=O)Nc1sc(cc1C(N)=O)-c1ccc(F)cc1, NC(=O)Nc1sc(cc1C(N)=O)-c1ccc(F)cc1, NC(=O)Nc1sc(cc1C(N)=O)-c1ccc(F)cc1",prism_treatment_info
e73f634b2,BRD-K64400208-001-08-3,DNQX,glutamate receptor antagonist,0.3350551942671643,0.3050849752801791,0.0299702189869852,False,"[O-][N+](=O)c1cc2[nH]c(=O)c(=O)[nH]c2cc1[N+]([O-])=O, [O-][N+](=O)c1cc2[nH]c(=O)c(=O)[nH]c2cc1[N+]([O-])=O, [O-][N+](=O)c1cc2[nH]c(=O)c(=O)[nH]c2cc1[N+]([O-])=O",prism_treatment_info
e75e1b3e0,BRD-K40782193-003-02-9,QX-222,sodium channel blocker,0.3835325415518816,0.3576933584323752,0.0258391831195063,False,Cc1cccc(C)c1NC(=O)C[N+](C)(C)C,prism_treatment_info
e75e2b61a,BRD-K40109029-001-02-9,SB-505124,ALK tyrosine kinase receptor inhibitor,0.3174512063124018,0.2998933881048398,0.017557818207562,False,Cc1cccc(n1)-c1[nH]c(nc1-c1ccc2OCOc2c1)C(C)(C)C,prism_treatment_info
e776d5a4e,BRD-A44008656-036-25-8,doxylamine,histamine receptor antagonist,0.2943289621623006,0.2854283725232914,0.0089005896390091,False,"CN(C)CCOC(C)(c1ccccc1)c1ccccn1, CN(C)CCOC(C)(c1ccccc1)c1ccccn1",prism_treatment_info
e78c48114,BRD-A08545410-003-08-6,doxycycline,metalloproteinase inhibitor,0.3571464318009861,0.3534303284845309,0.0037161033164552,False,"C[C@@H]1[C@H]2[C@H](O)[C@H]3[C@H](N(C)C)C(=O)C(C(N)=O)C(=O)[C@@]3(O)C(=O)C2C(=O)c2c(O)cccc12, C[C@@H]1[C@H]2[C@H](O)[C@H]3[C@H](N(C)C)C(=O)C(C(N)=O)C(=O)[C@@]3(O)C(=O)C2C(=O)c2c(O)cccc12, C[C@@H]1[C@H]2[C@H](O)[C@H]3[C@H](N(C)C)C(=O)C(C(N)=O)C(=O)[C@@]3(O)C(=O)C2C(=O)c2c(O)cccc12, C[C@@H]1[C@H]2[C@H](O)[C@H]3[C@H](N(C)C)C(=O)C(C(N)=O)C(=O)[C@@]3(O)C(=O)C2C(=O)c2c(O)cccc12, C[C@@H]1[C@H]2[C@H](O)[C@H]3[C@H](N(C)C)C(=O)C(C(N)=O)C(=O)[C@@]3(O)C(=O)C2C(=O)c2c(O)cccc12",prism_treatment_info
e7b414c12,BRD-A70083328-001-23-5,secnidazole,"acetylcholinesterase inhibitor, microtubule inhibitor",0.3242376574562364,0.3159718186782038,0.0082658387780326,False,"CC(O)Cn1c(C)ncc1[N+]([O-])=O, CC(O)Cn1c(C)ncc1[N+]([O-])=O, CC(O)Cn1c(C)ncc1[N+]([O-])=O",prism_treatment_info
e7f466249,BRD-K59436580-001-01-7,tedizolid,bacterial 50S ribosomal subunit inhibitor,0.3600261882231874,0.3384551231239971,0.0215710650991902,False,Cn1nnc(n1)-c1ccc(cn1)-c1ccc(cc1F)N1C[C@H](CO)OC1=O,prism_treatment_info
e80240e24,BRD-K36862742-001-25-6,hydroflumethiazide,sodium/potassium/chloride transporter inhibitor,0.3450371199412463,0.3049105469559733,0.040126572985273,False,NS(=O)(=O)c1cc2c(NCNS2(=O)=O)cc1C(F)(F)F,prism_treatment_info
e81580d3e,BRD-K93618743-001-21-0,ipriflavone,bone resorption inhibitor,0.3137347271611392,0.3109287246574328,0.0028060025037064,False,"CC(C)Oc1ccc2c(c1)occ(-c1ccccc1)c2=O, CC(C)Oc1ccc2c(c1)occ(-c1ccccc1)c2=O",prism_treatment_info
e81a25b0d,BRD-K96714749-001-01-0,isobutamben,local anesthetic,0.3969263346009083,0.3487281897302048,0.0481981448707035,False,CC(C)COC(=O)c1ccc(N)cc1,prism_treatment_info
e82115bdb,BRD-A49906757-004-09-8,scopolamine-n-oxide,acetylcholine receptor antagonist,0.316772032490314,0.3032390053724194,0.0135330271178946,False,C[N+]1([O-])[C@H]2C[C@@H](C[C@@H]1[C@H]1O[C@@H]21)OC(=O)[C@H](CO)c1ccccc1,prism_treatment_info
e8308db24,BRD-K97045029-001-04-3,pranlukast,leukotriene receptor antagonist,0.3966337829810245,0.3593170153669897,0.0373167676140348,False,"O=C(Nc1cccc2c1oc(cc2=O)-c1nnn[nH]1)c1ccc(OCCCCc2ccccc2)cc1, O=C(Nc1cccc2c1oc(cc2=O)-c1nnn[nH]1)c1ccc(OCCCCc2ccccc2)cc1",prism_treatment_info
e852bc8e7,BRD-A65597028-003-07-3,RX-821002,adrenergic receptor antagonist,0.4040409080058514,0.3722399255672053,0.0318009824386461,False,"COC1(COc2ccccc2O1)C1=NCCN1, COC1(COc2ccccc2O1)C1=NCCN1",prism_treatment_info
e86f171c7,BRD-K55512740-001-01-6,MK-8033,c-Met inhibitor,0.4453367618397836,0.3482199825290935,0.0971167793106901,False,Cn1cc(cn1)-c1cnc2ccc3ccc(CS(=O)(=O)NCc4ccccn4)cc3c(=O)c2c1,prism_treatment_info
e884dc1e8,BRD-K50000283-001-04-4,PHA-767491,CDC inhibitor,0.3797413056226484,0.3617040204389489,0.0180372851836995,False,"O=C1NCCc2[nH]c(cc12)-c1ccncc1, O=C1NCCc2[nH]c(cc12)-c1ccncc1",prism_treatment_info
e8a8c4465,BRD-K72327355-001-14-7,baicalein,lipoxygenase inhibitor,0.3659203459689744,0.343153605293875,0.0227667406750993,False,"Oc1cc2oc(cc(=O)c2c(O)c1O)-c1ccccc1, Oc1cc2oc(cc(=O)c2c(O)c1O)-c1ccccc1, Oc1cc2oc(cc(=O)c2c(O)c1O)-c1ccccc1",prism_treatment_info
e8daf49ca,BRD-K64800655-001-07-4,PHA-793887,CDK inhibitor,0.3860618783524113,0.349358091235365,0.0367037871170463,False,"CC(C)CC(=O)Nc1n[nH]c2c1CN(C(=O)C1CCN(C)CC1)C2(C)C, CC(C)CC(=O)Nc1n[nH]c2c1CN(C(=O)C1CCN(C)CC1)C2(C)C",prism_treatment_info
e8f0cccd6,BRD-K82746043-001-15-1,navitoclax,BCL inhibitor,0.3867796056338393,0.3127623842031822,0.0740172214306571,False,"CC1(C)CCC(=C(CN2CCN(CC2)c2ccc(cc2)C(=O)NS(=O)(=O)c2ccc(N[C@H](CCN3CCOCC3)CSc3ccccc3)c(c2)S(=O)(=O)C(F)(F)F)C1)c1ccc(Cl)cc1, CC1(C)CCC(=C(CN2CCN(CC2)c2ccc(cc2)C(=O)NS(=O)(=O)c2ccc(N[C@H](CCN3CCOCC3)CSc3ccccc3)c(c2)S(=O)(=O)C(F)(F)F)C1)c1ccc(Cl)cc1",prism_treatment_info
e8f9bb247,BRD-K49049886-001-08-7,CGS-15943,adenosine receptor antagonist,0.3306609087854921,0.3216972938134619,0.0089636149720301,False,Nc1nc2ccc(Cl)cc2c2nc(nn12)-c1ccco1,prism_treatment_info
e8f9d8c5a,BRD-K15164005-001-05-6,apoptosis-activator-II,carboxylesterase inhibitor,0.3563217834670493,0.3184013660007634,0.0379204174662859,False,"Clc1ccc(CN2C(=O)C(=O)c3ccccc23)cc1Cl, Clc1ccc(CN2C(=O)C(=O)c3ccccc23)cc1Cl, Clc1ccc(CN2C(=O)C(=O)c3ccccc23)cc1Cl",prism_treatment_info
e96e630c0,BRD-K55462201-001-07-3,AM-404,"cyclooxygenase inhibitor, FAAH inhibitor, TRPV antagonist",0.374771108994499,0.3410257048002698,0.0337454041942292,False,CCCCC\C=C/C\C=C/C\C=C/C\C=C/CCCC(=O)Nc1ccc(O)cc1,prism_treatment_info
e989a62f1,BRD-K37289225-001-36-4,clozapine,"dopamine receptor antagonist, serotonin receptor antagonist",0.3311276206648078,0.2672691799476446,0.0638584407171631,False,"CN1CCN(CC1)C1=Nc2cc(Cl)ccc2Nc2ccccc12, CN1CCN(CC1)C1=Nc2cc(Cl)ccc2Nc2ccccc12, CN1CCN(CC1)C1=Nc2cc(Cl)ccc2Nc2ccccc12, CN1CCN(CC1)C1=Nc2cc(Cl)ccc2Nc2ccccc12",prism_treatment_info
e994cfd02,BRD-A38218502-001-01-2,metenkephalin,immunostimulant,0.3308824201069132,0.3141405970262686,0.0167418230806446,False,CSCCC(NC(=O)C(Cc1ccccc1)NC(=O)CNC(=O)CNC(=O)C(N)Cc1ccc(O)cc1)C(O)=O,prism_treatment_info
e99c149b5,BRD-K73251053-003-22-2,clorgiline,monoamine oxidase inhibitor,0.4006553264921085,0.3157351481157607,0.0849201783763478,False,"CN(CCCOc1ccc(Cl)cc1Cl)CC#C, CN(CCCOc1ccc(Cl)cc1Cl)CC#C",prism_treatment_info
e9b1fef88,BRD-A00147595-001-01-5,balaglitazone,"insulin sensitizer, PPAR receptor partial agonist",0.2951204961627192,0.2865944184932136,0.0085260776695055,False,Cn1c(COc2ccc(CC3SC(=O)NC3=O)cc2)nc2ccccc2c1=O,prism_treatment_info
e9b5faf16,BRD-K95053546-001-01-9,tempol,free radical scavenger,0.4047670817313794,0.3835127355611614,0.0212543461702179,False,"CC1(C)CC(O)CC(C)(C)N1O, CC1(C)CC(O)CC(C)(C)N1O, CC1(C)CC(O)CC(C)(C)N1O",prism_treatment_info
e9c0d9cd8,BRD-K36198571-001-02-0,WAY-170523,metalloproteinase inhibitor,0.3181440593582086,0.2896338988812368,0.0285101604769718,False,"Cc1cc(C)c(N(Cc2ccccc2)S(=O)(=O)c2ccc(OCCNC(=O)c3cc4ccccc4o3)cc2)c(c1)C(=O)NO, Cc1cc(C)c(N(Cc2ccccc2)S(=O)(=O)c2ccc(OCCNC(=O)c3cc4ccccc4o3)cc2)c(c1)C(=O)NO",prism_treatment_info
e9ce48593,BRD-K14920963-304-02-7,erythrosine,coloring agent,0.3794236376460413,0.3576083000060626,0.0218153376399787,False,OC(=O)c1ccccc1-c1c2cc(I)c(O)c(I)c2oc2c(I)c(=O)c(I)cc12,prism_treatment_info
e9db75952,BRD-K32405725-001-02-8,etomoxir,carnitine palmitoyltransferase inhibitor,0.3114367664556786,0.2823390185631944,0.0290977478924842,False,CCOC(=O)[C@@]1(CCCCCCOc2ccc(Cl)cc2)CO1,prism_treatment_info
e9e7f3076,BRD-K39974922-001-04-3,lenvatinib,"FGFR inhibitor, KIT inhibitor, PDGFR tyrosine kinase receptor inhibitor, VEGFR inhibitor",0.5236359381217007,0.4869318673980099,0.0367040707236908,True,COc1cc2nccc(Oc3ccc(NC(=O)NC4CC4)c(Cl)c3)c2cc1C(N)=O,prism_treatment_info
e9f557514,BRD-K12184916-001-15-4,NVP-BEZ235,"mTOR inhibitor, PI3K inhibitor",0.4747788985552683,0.4415916916155129,0.0331872069397554,False,"Cn1c2cnc3ccc(cc3c2n(-c2ccc(cc2)C(C)(C)C#N)c1=O)-c1cnc2ccccc2c1, Cn1c2cnc3ccc(cc3c2n(-c2ccc(cc2)C(C)(C)C#N)c1=O)-c1cnc2ccccc2c1",prism_treatment_info
e9fc1a8ac,BRD-K97963946-001-01-3,EMD-1214063,hepatocyte growth factor receptor inhibitor,0.3535597630664576,0.3347437713950489,0.0188159916714086,False,CN1CCC(COc2cnc(nc2)-c2cccc(Cn3nc(ccc3=O)-c3cccc(c3)C#N)c2)CC1,prism_treatment_info
ea039e7b3,BRD-A05515753-001-03-2,erdosteine,mucolytic agent,0.3237754442568208,0.2886964872842792,0.0350789569725416,False,"OC(=O)CSCC(=O)NC1CCSC1=O, OC(=O)CSCC(=O)NC1CCSC1=O, OC(=O)CSCC(=O)NC1CCSC1=O",prism_treatment_info
ea10f36e5,BRD-K70610771-001-02-9,VX-222,HCV inhibitor,0.3073596942482445,0.3034648765462303,0.0038948177020141,False,C[C@H]1CC[C@@H](CC1)C(=O)N([C@@H]1CC[C@H](O)CC1)c1cc(sc1C(O)=O)C#CC(C)(C)C,prism_treatment_info
ea17d0e03,BRD-K95581532-001-01-5,RN-1734,TRPV antagonist,0.390295512852732,0.347674738701146,0.0426207741515859,False,"CC(C)NCCN(C(C)C)S(=O)(=O)c1ccc(Cl)cc1Cl, CC(C)NCCN(C(C)C)S(=O)(=O)c1ccc(Cl)cc1Cl",prism_treatment_info
ea2734432,BRD-A73871920-236-03-6,nanchangmycin,other antibiotic,0.4084475660271371,0.3854553215135541,0.022992244513583,False,CO[C@H]1CCC(O[C@H]2CC(O[C@]3(O[C@H](C[C@@H]3C)C3O[C@@](O)(CO)[C@H](C)C[C@@H]3C)[C@@H]2C)[C@]2(C)CC[C@]3(C[C@H](O)[C@@H](C)[C@H](O3)[C@@H](C)\C=C(/C)C(=O)[C@H](C)C[C@H](C)C(O)=O)O2)O[C@@H]1C,prism_treatment_info
ea279f726,BRD-K37289225-001-36-4,clozapine,"dopamine receptor antagonist, serotonin receptor antagonist",0.3708648185604953,0.3579200453905336,0.0129447731699617,False,"CN1CCN(CC1)C1=Nc2cc(Cl)ccc2Nc2ccccc12, CN1CCN(CC1)C1=Nc2cc(Cl)ccc2Nc2ccccc12, CN1CCN(CC1)C1=Nc2cc(Cl)ccc2Nc2ccccc12, CN1CCN(CC1)C1=Nc2cc(Cl)ccc2Nc2ccccc12",prism_treatment_info
ea2b5af80,BRD-K11640013-236-10-1,sulfamethazine,PABA antagonist,0.2983390746883657,0.2867711501911992,0.0115679244971664,False,"Cc1cc(C)nc(NS(=O)(=O)c2ccc(N)cc2)n1, Cc1cc(C)nc(NS(=O)(=O)c2ccc(N)cc2)n1, Cc1cc(C)nc(NS(=O)(=O)c2ccc(N)cc2)n1",prism_treatment_info
ea4fdaa0b,BRD-K52397688-003-06-4,amperozide,dopamine receptor antagonist,0.406467765189925,0.3476981903169743,0.0587695748729507,False,CCNC(=O)N1CCN(CCCC(c2ccc(F)cc2)c2ccc(F)cc2)CC1,prism_treatment_info
ea5300385,BRD-K60984070-001-01-0,PD-166793,"collagenase inhibitor, metalloproteinase inhibitor",0.373368946772221,0.3201666917159829,0.053202255056238,False,"CC(C)[C@H](NS(=O)(=O)c1ccc(cc1)-c1ccc(Br)cc1)C(O)=O, CC(C)[C@H](NS(=O)(=O)c1ccc(cc1)-c1ccc(Br)cc1)C(O)=O",prism_treatment_info
ea54815a3,BRD-A01098288-001-02-9,azelnidipine,calcium channel blocker,0.3288407860071903,0.3237033024808648,0.0051374835263254,False,"CC(C)OC(=O)C1=C(C)NC(N)=C(C1c1cccc(c1)[N+]([O-])=O)C(=O)OC1CN(C1)C(c1ccccc1)c1ccccc1, CC(C)OC(=O)C1=C(C)NC(N)=C(C1c1cccc(c1)[N+]([O-])=O)C(=O)OC1CN(C1)C(c1ccccc1)c1ccccc1, CC(C)OC(=O)C1=C(C)NC(N)=C(C1c1cccc(c1)[N+]([O-])=O)C(=O)OC1CN(C1)C(c1ccccc1)c1ccccc1",prism_treatment_info
ea5688c84,BRD-K14395568-001-16-3,NECA,adenosine receptor agonist,0.3206481552936806,0.296572503161911,0.0240756521317695,False,"CCNC(=O)[C@H]1O[C@H]([C@H](O)[C@@H]1O)n1cnc2c(N)ncnc12, CCNC(=O)[C@H]1O[C@H]([C@H](O)[C@@H]1O)n1cnc2c(N)ncnc12",prism_treatment_info
ea5e94e23,BRD-K27135764-001-08-7,xanthone,antimalarial agent,0.3537021203946361,0.3434865205707696,0.0102155998238664,False,O=c1c2ccccc2oc2ccccc12,prism_treatment_info
ea688452f,BRD-K04956647-003-02-5,nebivolol,adrenergic receptor antagonist,0.3424024881064608,0.3140589064530932,0.0283435816533675,False,"O[C@H](CNC[C@@H](O)[C@@H]1CCc2cc(F)ccc2O1)[C@H]1CCc2cc(F)ccc2O1, O[C@H](CNC[C@@H](O)[C@@H]1CCc2cc(F)ccc2O1)[C@H]1CCc2cc(F)ccc2O1, O[C@H](CNC[C@@H](O)[C@@H]1CCc2cc(F)ccc2O1)[C@H]1CCc2cc(F)ccc2O1, OC(CNCC(O)C1CCc2cc(F)ccc2O1)C1CCc2cc(F)ccc2O1",prism_treatment_info
ea6a9bd66,BRD-K14116214-001-09-6,sulfamonomethoxine,bacterial antifolate,0.3858142051590435,0.3562215697609605,0.0295926353980829,False,COc1cc(NS(=O)(=O)c2ccc(N)cc2)ncn1,prism_treatment_info
ea8db5dd6,BRD-K04430056-001-17-7,7-nitroindazole,nitric oxide synthase inhibitor,0.4041431286448874,0.3758216222355149,0.0283215064093724,False,"[O-][N+](=O)c1cccc2cn[nH]c12, [O-][N+](=O)c1cccc2cn[nH]c12, [O-][N+](=O)c1cccc2cn[nH]c12",prism_treatment_info
ea8ed8051,BRD-K88219015-001-10-8,asaraldehyde,cyclooxygenase inhibitor,0.3884441379996772,0.3232281618559012,0.065215976143776,False,COc1cc(OC)c(C=O)cc1OC,prism_treatment_info
ea95f5d40,BRD-A08840375-001-01-3,CID-5458317,MAP kinase phosphatase inhibitor,0.400825934430633,0.3528825137307171,0.0479434206999158,False,O=C1c2ccccc2C(NC2CCCCC2)\C1=C/c1ccccc1,prism_treatment_info
eaa3d098e,BRD-K67525671-001-02-5,ZK-200775,kainate receptor antagonist,0.426653833118279,0.342391695872459,0.0842621372458199,False,"OP(O)(=O)Cn1c2cc(N3CCOCC3)c(cc2[nH]c(=O)c1=O)C(F)(F)F, OP(O)(=O)Cn1c2cc(N3CCOCC3)c(cc2[nH]c(=O)c1=O)C(F)(F)F",prism_treatment_info
eabf61af2,BRD-A09062839-003-10-0,amyleine,local anesthetic,0.330720461481624,0.2885641391863818,0.0421563222952421,False,CCC(C)(CN(C)C)OC(=O)c1ccccc1,prism_treatment_info
eac32b0ef,BRD-K93176058-001-03-6,AC-55649,retinoid receptor agonist,0.3963789429509152,0.3726709287189621,0.023708014231953,False,"CCCCCCCCc1ccc(cc1)-c1ccc(cc1)C(O)=O, CCCCCCCCc1ccc(cc1)-c1ccc(cc1)C(O)=O",prism_treatment_info
eac5c838f,BRD-K04430056-236-02-1,7-nitroindazole,nitric oxide synthase inhibitor,0.2989514281693223,0.2975725356557859,0.0013788925135364,False,"[O-][N+](=O)c1cccc2cn[nH]c12, [O-][N+](=O)c1cccc2cn[nH]c12, [O-][N+](=O)c1cccc2cn[nH]c12",prism_treatment_info
eac8bbb7f,BRD-K46731503-050-01-8,fesoterodine,acetylcholine receptor antagonist,0.3687985561393352,0.2775063449921436,0.0912922111471916,False,"CC(C)N(CC[C@H](c1ccccc1)c1cc(CO)ccc1OC(=O)C(C)C)C(C)C, CC(C)N(CC[C@H](c1ccccc1)c1cc(CO)ccc1OC(=O)C(C)C)C(C)C",prism_treatment_info
eacb563b3,BRD-K91370081-001-25-1,anisomycin,DNA synthesis inhibitor,0.3085861762459496,0.2970130420632906,0.0115731341826589,False,COc1ccc(C[C@H]2NC[C@H](O)[C@H]2OC(C)=O)cc1,prism_treatment_info
eacea8039,BRD-K21680192-300-14-4,mitoxantrone,topoisomerase inhibitor,0.3605330505675121,0.3507454824647992,0.0097875681027129,False,"OCCNCCNc1ccc(NCCNCCO)c2C(=O)c3c(O)ccc(O)c3C(=O)c12, OCCNCCNc1ccc(NCCNCCO)c2C(=O)c3c(O)ccc(O)c3C(=O)c12, OCCNCCNc1ccc(NCCNCCO)c2C(=O)c3c(O)ccc(O)c3C(=O)c12",prism_treatment_info
eacee102c,BRD-K93034159-001-25-8,cladribine,"adenosine deaminase inhibitor, ribonucleotide reductase inhibitor",0.4296396893643644,0.4249210942479889,0.0047185951163754,False,Nc1nc(Cl)nc2n(cnc12)[C@H]1C[C@H](O)[C@@H](CO)O1,prism_treatment_info
eaf243b69,BRD-K85015012-003-02-9,NNC-05-2090,"GABA uptake inhibitor, GAT inhibitor",0.3658293876132359,0.3496547501040226,0.0161746375092133,False,"COc1ccccc1C1(O)CCN(CCCn2c3ccccc3c3ccccc23)CC1, COc1ccccc1C1(O)CCN(CCCn2c3ccccc3c3ccccc23)CC1",prism_treatment_info
eaf28d695,BRD-K10974103-001-21-1,diloxanide,protein synthesis inhibitor,0.3268715201210624,0.3164488772580008,0.0104226428630616,False,CN(C(=O)C(Cl)Cl)c1ccc(OC(=O)c2ccco2)cc1,prism_treatment_info
eaf8f4051,BRD-K96714749-001-01-0,isobutamben,local anesthetic,0.3654550387044247,0.2885235171401515,0.0769315215642731,False,CC(C)COC(=O)c1ccc(N)cc1,prism_treatment_info
eb1abad45,BRD-K07955840-001-02-3,PF-05212384,"mTOR inhibitor, PI3K inhibitor",0.3911089763668932,0.3790240156938172,0.012084960673076,False,"CN(C)C1CCN(CC1)C(=O)c1ccc(NC(=O)Nc2ccc(cc2)-c2nc(nc(n2)N2CCOCC2)N2CCOCC2)cc1, CN(C)C1CCN(CC1)C(=O)c1ccc(NC(=O)Nc2ccc(cc2)-c2nc(nc(n2)N2CCOCC2)N2CCOCC2)cc1, CN(C)C1CCN(CC1)C(=O)c1ccc(NC(=O)Nc2ccc(cc2)-c2nc(nc(n2)N2CCOCC2)N2CCOCC2)cc1",prism_treatment_info
eb1e0300a,BRD-K97440753-066-18-1,dihydroergocristine,"adrenergic receptor antagonist, prolactin inhibitor",0.3800471232704909,0.3663119320316985,0.0137351912387924,False,"CC(C)[C@@]1(NC(=O)[C@@H]2C[C@H]3[C@@H](Cc4c[nH]c5cccc3c45)N(C)C2)O[C@@]2(O)[C@@H]3CCCN3C(=O)[C@H](Cc3ccccc3)N2C1=O, CC(C)[C@@]1(NC(=O)[C@@H]2C[C@H]3[C@@H](Cc4c[nH]c5cccc3c45)N(C)C2)O[C@@]2(O)[C@@H]3CCCN3C(=O)[C@H](Cc3ccccc3)N2C1=O",prism_treatment_info
eb2f04575,BRD-K02130563-001-11-4,panobinostat,HDAC inhibitor,0.5063614278536728,0.448432289733765,0.0579291381199078,True,"Cc1[nH]c2ccccc2c1CCNCc1ccc(\C=C\C(=O)NO)cc1, Cc1[nH]c2ccccc2c1CCNCc1ccc(\C=C\C(=O)NO)cc1, Cc1[nH]c2ccccc2c1CCNCc1ccc(\C=C\C(=O)NO)cc1, Cc1[nH]c2ccccc2c1CCNCc1ccc(\C=C\C(=O)NO)cc1",prism_treatment_info
eb3142243,BRD-K06388322-312-02-6,pramipexole,dopamine receptor agonist,0.3639166759431648,0.3486573939305999,0.0152592820125648,False,"CCCN[C@H]1CCc2nc(N)sc2C1, CCCN[C@H]1CCc2nc(N)sc2C1, CCCN[C@H]1CCc2nc(N)sc2C1",prism_treatment_info
eb56effe8,BRD-K88560311-011-06-3,rucaparib,PARP inhibitor,0.2967819344226434,0.2926820777853982,0.0040998566372451,False,"CNCc1ccc(cc1)-c1[nH]c2cc(F)cc3C(=O)NCCc1c23, CNCc1ccc(cc1)-c1[nH]c2cc(F)cc3C(=O)NCCc1c23",prism_treatment_info
eb9449a92,BRD-K33743361-003-02-6,ML133,potassium channel blocker,0.3526101078732111,0.3253605909966299,0.0272495168765811,False,COc1ccc(CNCc2cccc3ccccc23)cc1,prism_treatment_info
eb98dcd19,BRD-K88186167-001-04-8,GW-4064,FXR agonist,0.3690781710956198,0.3161676952471017,0.0529104758485181,False,"CC(C)c1onc(c1COc1ccc(\C=C\c2cccc(c2)C(O)=O)c(Cl)c1)-c1c(Cl)cccc1Cl, CC(C)c1onc(c1COc1ccc(\C=C\c2cccc(c2)C(O)=O)c(Cl)c1)-c1c(Cl)cccc1Cl",prism_treatment_info
ebba7c66f,BRD-K92613113-066-02-7,safinamide,"dopamine uptake inhibitor, glutamate inhibitor, monoamine oxidase inhibitor",0.3766969541508378,0.3655982912822501,0.0110986628685876,False,C[C@H](NCc1ccc(OCc2cccc(F)c2)cc1)C(N)=O,prism_treatment_info
ec02e96a8,BRD-K52075715-001-06-7,oxibendazole,tubulin polymerization inhibitor,0.5874213759949202,0.5769172433949218,0.0105041325999983,True,"CCCOc1ccc2nc(NC(=O)OC)[nH]c2c1, CCCOc1ccc2nc(NC(=O)OC)[nH]c2c1",prism_treatment_info
ec05ebd4d,BRD-K17061841-001-03-5,stattic,,0.5093025610753573,0.3631255653454893,0.146176995729868,True,[O-][N+](=O)c1ccc2C=CS(=O)(=O)c2c1,prism_treatment_info
ec41848ef,BRD-K91495480-001-02-2,AGP-103,membrane permeability inhibitor,0.4320748479023834,0.3679785300842809,0.0640963178181024,False,CCCCCCCCCCCCCCCCCCCCCC(O)=O,prism_treatment_info
ec758a51f,BRD-A92439610-001-05-7,triamcinolone-acetonide,"glucocorticoid receptor agonist, immunosuppressant",0.3713521403741924,0.2890812857671714,0.082270854607021,False,"CC1(C)O[C@@H]2CC3C4CCC5=CC(=O)C=C[C@]5(C)[C@@]4(F)[C@@H](O)C[C@]3(C)[C@@]2(O1)C(=O)CO, CC1(C)O[C@@H]2CC3C4CCC5=CC(=O)C=C[C@]5(C)[C@@]4(F)[C@@H](O)C[C@]3(C)[C@@]2(O1)C(=O)CO",prism_treatment_info
ec9e1ae6e,BRD-K86435560-001-01-0,perchlozone,,0.2936598958179767,0.2689666693907304,0.0246932264272463,False,NC(=S)NN=Cc1ccncc1,prism_treatment_info
eca05dee9,BRD-K18673820-001-15-5,folic-acid,folate receptor ligand,0.3102049570252638,0.2923698057004459,0.0178351513248179,False,Nc1nc(=O)c2nc(CNc3ccc(cc3)C(=O)N[C@@H](CCC(O)=O)C(O)=O)cnc2[nH]1,prism_treatment_info
ecb123db2,BRD-A11070335-236-02-1,carbazochrome,,0.349182905404964,0.3360776992205547,0.0131052061844093,False,CN1C(CC2=C\C(=N\NC(N)=O)C(=O)C=C12)S(O)(=O)=O,prism_treatment_info
ece75cd4b,BRD-K93767137-001-01-1,oseltamivir-carboxylate,neuraminidase inhibitor,0.3678612015595333,0.345509692204899,0.0223515093546343,False,CCC(CC)O[C@@H]1C=C(C[C@H](N)[C@H]1NC(C)=O)C(O)=O,prism_treatment_info
ecf3b6b74,BRD-K65856711-001-04-4,rolipram-S(+),phosphodiesterase inhibitor,0.3221487618501235,0.2948548540348358,0.0272939078152876,False,"COc1ccc(cc1OC1CCCC1)[C@H]1CNC(=O)C1, COc1ccc(cc1OC1CCCC1)[C@H]1CNC(=O)C1",prism_treatment_info
ed056dede,BRD-K11756522-001-09-9,furazolidone,bacterial DNA inhibitor,0.3470510830516002,0.3458406081133968,0.0012104749382033,False,[O-][N+](=O)c1ccc(\C=N\N2CCOC2=O)o1,prism_treatment_info
ed092dc8d,BRD-K87510569-001-02-8,RS-504393,CC chemokine receptor antagonist,0.3577864452927734,0.3536165707277861,0.0041698745649872,False,Cc1oc(nc1CCN1CCC2(CC1)OC(=O)Nc1ccc(C)cc21)-c1ccccc1,prism_treatment_info
ed2223aa5,BRD-K51333959-003-01-3,siramesine,sigma receptor antagonist,0.3839905046026496,0.359958846674376,0.0240316579282736,False,Fc1ccc(cc1)-n1cc(CCCCN2CCC3(CC2)OCc2ccccc32)c2ccccc12,prism_treatment_info
ed3999b02,BRD-K30431096-004-01-3,domiphen,,0.3262866157934431,0.3182027130604312,0.0080839027330118,False,CCCCCCCCCCCC[N+](C)(C)CCOc1ccccc1,prism_treatment_info
ed3ec2f36,BRD-K83551379-001-02-6,levodropropizine,antitussive,0.4088521019387576,0.3524195667305485,0.056432535208209,False,"OC[C@@H](O)CN1CCN(CC1)c1ccccc1, OC[C@@H](O)CN1CCN(CC1)c1ccccc1",prism_treatment_info
ed4c86647,BRD-K17702546-001-03-2,PD-168393,EGFR inhibitor,0.5324209275627021,0.5152209019715817,0.0172000255911204,True,Brc1cccc(Nc2ncnc3ccc(NC(=O)C=C)cc23)c1,prism_treatment_info
ed4e951ad,BRD-K69116396-001-04-1,sertindole,"dopamine receptor antagonist, serotonin receptor antagonist",0.3449237575887384,0.3279291285158376,0.0169946290729007,False,Fc1ccc(cc1)-n1cc(C2CCN(CCN3CCNC3=O)CC2)c2cc(Cl)ccc12,prism_treatment_info
ed5706da4,BRD-K39915878-036-24-4,loxapine,"dopamine receptor antagonist, serotonin receptor antagonist",0.3218799570124745,0.3135986406225129,0.0082813163899615,False,"CN1CCN(CC1)C1=Nc2ccccc2Oc2ccc(Cl)cc12, CN1CCN(CC1)C1=Nc2ccccc2Oc2ccc(Cl)cc12",prism_treatment_info
ed573f5a2,BRD-A28958257-001-01-2,centpropazine,inositol monophosphatase inhibitor,0.3512666988933703,0.3251098086124095,0.0261568902809608,False,"CCC(=O)c1ccc(OCC(O)CN2CCN(CC2)c2ccccc2)cc1, CCC(=O)c1ccc(OCC(O)CN2CCN(CC2)c2ccccc2)cc1",prism_treatment_info
ed64cad3a,BRD-A01636364-003-15-1,bupivacaine,sodium channel blocker,0.4282841966849656,0.314936684335248,0.1133475123497175,False,"CCCCN1CCCCC1C(=O)Nc1c(C)cccc1C, CCCCN1CCCCC1C(=O)Nc1c(C)cccc1C",prism_treatment_info
ed70316b5,BRD-K58466253-003-14-0,palmatine-chloride,dopamine synthesis inhibitor,0.33918118875626,0.3063861921285624,0.0327949966276976,False,COc1cc2CC[n+]3cc4c(OC)c(OC)ccc4cc3-c2cc1OC,prism_treatment_info
ed81f4046,BRD-K92723993-001-06-7,imatinib,"Bcr-Abl kinase inhibitor, KIT inhibitor, PDGFR tyrosine kinase receptor inhibitor",0.4773280693209678,0.4279026204067946,0.0494254489141731,False,"CN1CCN(Cc2ccc(cc2)C(=O)Nc2ccc(C)c(Nc3nccc(n3)-c3cccnc3)c2)CC1, CN1CCN(Cc2ccc(cc2)C(=O)Nc2ccc(C)c(Nc3nccc(n3)-c3cccnc3)c2)CC1, CN1CCN(Cc2ccc(cc2)C(=O)Nc2ccc(C)c(Nc3nccc(n3)-c3cccnc3)c2)CC1",prism_treatment_info
ed85431dc,BRD-K21867462-001-02-9,GSK2816126,histone lysine methyltransferase inhibitor,0.3320884521585597,0.3111580722213057,0.020930379937254,False,"CC[C@H](C)n1cc(C)c2c(cc(cc12)-c1ccc(nc1)N1CCNCC1)C(=O)NCc1c(C)cc(C)[nH]c1=O, CC[C@H](C)n1cc(C)c2c(cc(cc12)-c1ccc(nc1)N1CCNCC1)C(=O)NCc1c(C)cc(C)[nH]c1=O",prism_treatment_info
ede646bcc,BRD-A00100033-001-08-9,nifurtimox,DNA inhibitor,0.357808284434448,0.2844425899537193,0.0733656944807286,False,CC1CS(=O)(=O)CCN1N=Cc1ccc(o1)[N+]([O-])=O,prism_treatment_info
edfc36f0e,BRD-M39350793-334-01-1,reboxetine,adrenergic receptor antagonist,0.3826702979366623,0.3654960686714546,0.0171742292652077,False,"CCOc1ccccc1O[C@@H]([C@H]1CNCCO1)c1ccccc1.CCOc1ccccc1O[C@H]([C@@H]1CNCCO1)c1ccccc1, CCOc1ccccc1O[C@@H]([C@H]1CNCCO1)c1ccccc1, CCOc1ccccc1OC(C1CNCCO1)c1ccccc1, CCOc1ccccc1O[C@@H]([C@H]1CNCCO1)c1ccccc1.CCOc1ccccc1O[C@H]([C@@H]1CNCCO1)c1ccccc1",prism_treatment_info
ee0b23cea,BRD-A83802939-304-04-2,dexamethasone-sodium-phosphate,glucocorticoid receptor agonist,0.5224437745019552,0.4915051322058308,0.0309386422961243,True,"C[C@H]1CC2C3CCC4=CC(=O)C=C[C@]4(C)[C@@]3(F)[C@@H](O)C[C@]2(C)[C@@]1(O)C(=O)COP(O)(O)=O, C[C@@H]1CC2C3CCC4=CC(=O)C=C[C@]4(C)[C@@]3(F)[C@@H](O)C[C@]2(C)[C@@]1(O)C(=O)COP(O)(O)=O",prism_treatment_info
ee24bf4a9,BRD-K13486660-001-01-0,sulfacarbamide,,0.324369184223748,0.2982375515182937,0.0261316327054543,False,NC(=O)NS(=O)(=O)c1ccc(N)cc1,prism_treatment_info
ee2b4b2d5,BRD-K39160765-003-02-9,4-chlorophenylguanidine,urokinase inhibitor,0.3977862150825811,0.358574554970625,0.039211660111956,False,NC(=N)Nc1ccc(Cl)cc1,prism_treatment_info
ee3e875a5,BRD-A02710418-003-11-8,meptazinol,opioid receptor agonist,0.3121763371760305,0.2910774611097916,0.0210988760662389,False,"CCC1(CCCCN(C)C1)c1cccc(O)c1, CCC1(CCCCN(C)C1)c1cccc(O)c1, CCC1(CCCCN(C)C1)c1cccc(O)c1",prism_treatment_info
ee45da161,BRD-K73469236-001-01-8,nedaplatin,DNA inhibitor,0.3537609687823821,0.3399656861848956,0.0137952825974865,False,"N[Pt++]1(N)OCC(=O)O1, N[Pt]1(N)OCC(=O)O1",prism_treatment_info
ee806f8a1,BRD-K49962337-001-01-1,baicalin,beta glucuronidase inhibitor,0.3992999042411443,0.324927366596348,0.0743725376447963,False,"O[C@H]1[C@H](Oc2cc3oc(cc(=O)c3c(O)c2O)-c2ccccc2)O[C@@H]([C@@H](O)[C@@H]1O)C(O)=O, O[C@H]1[C@H](Oc2cc3oc(cc(=O)c3c(O)c2O)-c2ccccc2)O[C@@H]([C@@H](O)[C@@H]1O)C(O)=O",prism_treatment_info
ee812fc85,BRD-K61567297-001-01-9,resatorvid,toll-like receptor antagonist,0.315407361317532,0.2934934546179377,0.0219139066995943,False,"CCOC(=O)C1=CCCC[C@H]1S(=O)(=O)Nc1ccc(F)cc1Cl, CCOC(=O)C1=CCCC[C@H]1S(=O)(=O)Nc1ccc(F)cc1Cl",prism_treatment_info
ee8ba3370,BRD-K58648841-001-04-7,cresopirine,,0.3464922737695489,0.3381994726515571,0.0082928011179918,False,CC(=O)Oc1c(C)cccc1C(O)=O,prism_treatment_info
ee919977f,BRD-A48237631-001-04-8,mitomycin-c,"DNA alkylating agent, DNA synthesis inhibitor",0.4248990621351474,0.3979974432445725,0.0269016188905749,False,CO[C@@]12[C@@H]3NC3CN1C1=C([C@@H]2COC(N)=O)C(=O)C(N)=C(C)C1=O,prism_treatment_info
eeb70f95b,BRD-K36016295-001-04-5,KU-60019,ATM kinase inhibitor,0.3181654025373343,0.3041150512126659,0.0140503513246683,False,"C[C@H]1CN(CC(=O)Nc2ccc3Sc4c(Cc3c2)cccc4-c2cc(=O)cc(o2)N2CCOCC2)C[C@@H](C)O1, C[C@H]1CN(CC(=O)Nc2ccc3Sc4c(Cc3c2)cccc4-c2cc(=O)cc(o2)N2CCOCC2)C[C@@H](C)O1, C[C@H]1CN(CC(=O)Nc2ccc3Sc4c(Cc3c2)cccc4-c2cc(=O)cc(o2)N2CCOCC2)C[C@@H](C)O1",prism_treatment_info
eec3f15e1,BRD-K98795921-001-01-7,SB-2343,"mTOR inhibitor, PI3K inhibitor",0.3560845877772247,0.3433163137502464,0.0127682740269782,False,CC(C)n1c(C)nc2c(nc(nc12)N1CCOCC1)-c1cnc(N)nc1,prism_treatment_info
eecc6a289,BRD-K63169195-001-01-5,U-0124,MEK inhibitor,0.3816317900437718,0.3392826454862212,0.0423491445575506,False,CS\C(N)=C(C#N)\C(C#N)=C(/N)SC,prism_treatment_info
eecfc72b8,BRD-K22662435-001-18-3,ganciclovir,DNA polymerase inhibitor,0.4244618509643849,0.4052435110639477,0.0192183399004371,False,"Nc1nc2n(COC(CO)CO)cnc2c(=O)[nH]1, Nc1nc2n(COC(CO)CO)cnc2c(=O)[nH]1, Nc1nc2n(COC(CO)CO)cnc2c(=O)[nH]1",prism_treatment_info
eedf61c16,BRD-K13619941-213-01-8,aceglutamide,,0.4484272952914884,0.4174641566287523,0.030963138662736,False,CC(=O)N[C@@H](CCC(N)=O)C(O)=O,prism_treatment_info
eef00a2d4,BRD-K12762134-001-06-2,XAV-939,tankyrase inhibitor,0.3361540945474551,0.2910404792584866,0.0451136152889685,False,"Oc1nc(nc2CCSCc12)-c1ccc(cc1)C(F)(F)F, Oc1nc(nc2CCSCc12)-c1ccc(cc1)C(F)(F)F, Oc1nc(nc2CCSCc12)-c1ccc(cc1)C(F)(F)F",prism_treatment_info
eefd02544,BRD-K66538826-001-07-2,amuvatinib,"FLT3 inhibitor, KIT inhibitor, PDGFR tyrosine kinase receptor inhibitor, RAD51 inhibitor, RET tyrosine kinase inhibitor",0.3517454032246158,0.3269239738274168,0.024821429397199,False,S=C(NCc1ccc2OCOc2c1)N1CCN(CC1)c1ncnc2c3ccccc3oc12,prism_treatment_info
ef4e67d99,BRD-K07762753-001-04-4,aminopurvalanol-a,"CDK inhibitor, tyrosine kinase inhibitor",0.3127666673058638,0.2907502056154589,0.0220164616904049,False,"CC(C)[C@H](CO)Nc1nc(Nc2cc(N)cc(Cl)c2)c2ncn(C(C)C)c2n1, CC(C)[C@H](CO)Nc1nc(Nc2cc(N)cc(Cl)c2)c2ncn(C(C)C)c2n1",prism_treatment_info
ef8863aaf,BRD-K19540840-001-09-4,saracatinib,src inhibitor,0.5647329796087148,0.5519005216178225,0.0128324579908922,True,CN1CCN(CCOc2cc(OC3CCOCC3)c3c(Nc4c5OCOc5ccc4Cl)ncnc3c2)CC1,prism_treatment_info
ef8b7fe07,BRD-K92446736-003-02-2,zatebradine,HCN channel blocker,0.3970790112308185,0.3377733831933411,0.0593056280374774,False,"COc1ccc(CCN(C)CCCN2CCc3cc(OC)c(OC)cc3CC2=O)cc1OC, COc1ccc(CCN(C)CCCN2CCc3cc(OC)c(OC)cc3CC2=O)cc1OC, COc1ccc(CCN(C)CCCN2CCc3cc(OC)c(OC)cc3CC2=O)cc1OC",prism_treatment_info
efa4a3106,BRD-K24603946-001-02-1,5-hydroxymethyl-tolterodine,acetylcholine receptor antagonist,0.3396385571612224,0.3236808762030759,0.0159576809581464,False,"CC(C)N(CC[C@H](c1ccccc1)c1cc(CO)ccc1O)C(C)C, CC(C)N(CC[C@H](c1ccccc1)c1cc(CO)ccc1O)C(C)C",prism_treatment_info
efb055112,BRD-K26325692-003-01-3,API-001,sigma receptor antagonist,0.346766282205824,0.3186308577976134,0.0281354244082106,False,Cc1cc(OCCN2CCOCC2)nn1-c1ccc2ccccc2c1,prism_treatment_info
efb9cd36b,BRD-A13084692-001-17-3,troglitazone,"insulin sensitizer, PPAR receptor agonist",0.319406769374351,0.3125721410399655,0.0068346283343855,False,"Cc1c(C)c2OC(C)(COc3ccc(CC4SC(=O)NC4=O)cc3)CCc2c(C)c1O, Cc1c(C)c2OC(C)(COc3ccc(CC4SC(=O)NC4=O)cc3)CCc2c(C)c1O",prism_treatment_info
efd75da04,BRD-K19309090-300-05-5,SR-95639A,acetylcholine receptor agonist,0.3246279214226384,0.3105118584346126,0.0141160629880257,False,C(CN1CCOCC1)Nc1cc2CCCc3ccccc3-c2nn1,prism_treatment_info
efd859187,BRD-K66850609-001-07-4,voglibose,glucosidase inhibitor,0.4029808997448865,0.3670600254796253,0.0359208742652611,False,"OCC(CO)N[C@H]1C[C@](O)(CO)[C@@H](O)[C@H](O)[C@H]1O, OCC(CO)N[C@H]1C[C@](O)(CO)[C@@H](O)[C@H](O)[C@H]1O, OCC(CO)N[C@H]1C[C@](O)(CO)[C@@H](O)[C@H](O)[C@H]1O",prism_treatment_info
efd921628,BRD-K55305701-001-01-2,SC-144,P glycoprotein inhibitor,0.4872928184445463,0.4812793356055586,0.0060134828389877,False,"Fc1ccc2c(c1)nc(NNC(=O)c1cnccn1)c1cccn21, Fc1ccc2c(c1)nc(NNC(=O)c1cnccn1)c1cccn21, Fc1ccc2c(c1)nc(NNC(=O)c1cnccn1)c1cccn21",prism_treatment_info
eff33f208,BRD-K29905972-001-06-3,axitinib,"PDGFR tyrosine kinase receptor inhibitor, VEGFR inhibitor",0.3719300227431861,0.3579332552612024,0.0139967674819836,False,"CNC(=O)c1ccccc1Sc1ccc2c(\C=C\c3ccccn3)n[nH]c2c1, CNC(=O)c1ccccc1Sc1ccc2c(\C=C\c3ccccn3)n[nH]c2c1, CNC(=O)c1ccccc1Sc1ccc2c(\C=C\c3ccccn3)n[nH]c2c1, CNC(=O)c1ccccc1Sc1ccc2c(\C=C\c3ccccn3)n[nH]c2c1, CNC(=O)c1ccccc1Sc1ccc2c(\C=C\c3ccccn3)n[nH]c2c1",prism_treatment_info
f007bd74e,BRD-K28965160-001-01-1,BVD-523,MAP kinase inhibitor,0.7093335706963604,0.6733419055589933,0.035991665137367,True,CC(C)Nc1cc(-c2c[nH]c(c2)C(=O)N[C@H](CO)c2cccc(Cl)c2)c(Cl)cn1,prism_treatment_info
f01653855,BRD-K44309363-003-02-1,dexniguldipine,calmodulin antagonist,0.3945630609086589,0.336992666162912,0.0575703947457468,False,COC(=O)C1=C(C)NC(C)=C([C@@H]1c1cccc(c1)[N+]([O-])=O)C(=O)OCCCN1CCC(CC1)(c1ccccc1)c1ccccc1,prism_treatment_info
f0230d2df,BRD-K84564571-001-02-4,telatinib,"KIT inhibitor, PDGFR tyrosine kinase receptor inhibitor, VEGFR inhibitor",0.6267476792483906,0.5688145558835437,0.0579331233648469,True,CNC(=O)c1cc(COc2nnc(Nc3ccc(Cl)cc3)c3ccoc23)ccn1,prism_treatment_info
f03649630,BRD-A65145453-001-06-1,ATPA,glutamate receptor agonist,0.3194055537551674,0.3002291432553293,0.019176410499838,False,"CC(C)(C)c1onc(O)c1CC(N)C(O)=O, CC(C)(C)c1onc(O)c1CC(N)C(O)=O",prism_treatment_info
f062be76d,BRD-K48894757-001-01-8,laropiprant,prostanoid receptor antagonist,0.3106737812698669,0.2875120781417989,0.0231617031280679,False,CS(=O)(=O)c1cc(F)cc2c3CC[C@H](CC(O)=O)c3n(Cc3ccc(Cl)cc3)c12,prism_treatment_info
f0722000e,BRD-K78781788-003-01-9,barnidipine,calcium channel blocker,0.3251876656743329,0.3038983224083098,0.021289343266023,False,COC(=O)C1=C(C)NC(C)=C([C@H]1c1cccc(c1)[N+]([O-])=O)C(=O)O[C@H]1CCN(Cc2ccccc2)C1,prism_treatment_info
f075195b5,BRD-A58048407-001-18-8,nimodipine,calcium channel blocker,0.3083060521063432,0.291823491801345,0.0164825603049981,False,"COCCOC(=O)C1=C(C)NC(C)=C(C1c1cccc(c1)[N+]([O-])=O)C(=O)OC(C)C, COCCOC(=O)C1=C(C)NC(C)=C(C1c1cccc(c1)[N+]([O-])=O)C(=O)OC(C)C, COCCOC(=O)C1=C(C)NC(C)=C(C1c1cccc(c1)[N+]([O-])=O)C(=O)OC(C)C",prism_treatment_info
f0997edc7,BRD-K06557128-001-07-0,voriconazole,cytochrome P450 inhibitor,0.3787556424530892,0.3371133331141286,0.0416423093389605,False,"C[C@@H](c1ncncc1F)[C@](O)(Cn1cncn1)c1ccc(F)cc1F, C[C@@H](c1ncncc1F)[C@](O)(Cn1cncn1)c1ccc(F)cc1F, C[C@@H](c1ncncc1F)[C@](O)(Cn1cncn1)c1ccc(F)cc1F",prism_treatment_info
f0ae14edc,BRD-A51571244-001-01-9,hypoestoxide,IKK inhibitor,0.2804228395524315,0.2653753928680762,0.0150474466843552,False,CC(=O)O[C@H]1CC2(C)OC2CCC2(C)OC2CC2CC(=O)C(=C)C1C2(C)C,prism_treatment_info
f0b593426,BRD-K82091397-001-03-0,SB-239063,p38 MAPK inhibitor,0.3638114103407199,0.3538786780966869,0.009932732244033,False,COc1nccc(n1)-c1c(ncn1[C@H]1CC[C@H](O)CC1)-c1ccc(F)cc1,prism_treatment_info
f0b6d359a,BRD-K06408664-001-03-5,fludrocortisone-acetate,,0.4079691911241525,0.336144500321426,0.0718246908027264,False,"CC(=O)OCC(=O)[C@@]1(O)CC[C@H]2[C@@H]3CCC4=CC(=O)CC[C@]4(C)[C@@]3(F)[C@@H](O)C[C@]12C, CC(=O)OCC(=O)[C@@]1(O)CC[C@H]2[C@@H]3CCC4=CC(=O)CC[C@]4(C)[C@@]3(F)[C@@H](O)C[C@]12C",prism_treatment_info
f0bb2c04c,BRD-K14711741-001-02-1,PF-4708671,ribosomal protein inhibitor,0.3627618422963031,0.3565347411080964,0.0062271011882066,False,"CCc1cncnc1N1CCN(CC1)Cc1nc2cc(ccc2[nH]1)C(F)(F)F, CCc1cncnc1N1CCN(CC1)Cc1nc2cc(ccc2[nH]1)C(F)(F)F",prism_treatment_info
f0c8c7276,BRD-K36016295-001-04-5,KU-60019,ATM kinase inhibitor,0.3422095610646847,0.3207972654508134,0.0214122956138712,False,"C[C@H]1CN(CC(=O)Nc2ccc3Sc4c(Cc3c2)cccc4-c2cc(=O)cc(o2)N2CCOCC2)C[C@@H](C)O1, C[C@H]1CN(CC(=O)Nc2ccc3Sc4c(Cc3c2)cccc4-c2cc(=O)cc(o2)N2CCOCC2)C[C@@H](C)O1, C[C@H]1CN(CC(=O)Nc2ccc3Sc4c(Cc3c2)cccc4-c2cc(=O)cc(o2)N2CCOCC2)C[C@@H](C)O1",prism_treatment_info
f0d1b8dbc,BRD-K75506300-001-01-6,NPS-2143,calcium receptor antagonist,0.3353192062153468,0.319845206423836,0.0154739997915107,False,"CC(C)(Cc1ccc2ccccc2c1)NC[C@@H](O)COc1cccc(Cl)c1C#N, CC(C)(Cc1ccc2ccccc2c1)NC[C@@H](O)COc1cccc(Cl)c1C#N",prism_treatment_info
f0d517b3a,BRD-K54330070-001-15-4,SB-202190,p38 MAPK inhibitor,0.3275695813935714,0.2910726707239069,0.0364969106696644,False,"Oc1ccc(cc1)-c1nc(c([nH]1)-c1ccncc1)-c1ccc(F)cc1, Oc1ccc(cc1)-c1nc(c([nH]1)-c1ccncc1)-c1ccc(F)cc1, Oc1ccc(cc1)-c1nc(c([nH]1)-c1ccncc1)-c1ccc(F)cc1",prism_treatment_info
f0ef454d1,BRD-K77627880-001-04-0,A205804,ICAM1 expression inhibitor,0.3578784886800137,0.3553711975534468,0.0025072911265669,False,"Cc1ccc(Sc2cncc3sc(cc23)C(N)=O)cc1, Cc1ccc(Sc2cncc3sc(cc23)C(N)=O)cc1, Cc1ccc(Sc2cncc3sc(cc23)C(N)=O)cc1",prism_treatment_info
f10de4b89,BRD-K29322660-001-01-9,edoxaban,coagulation factor inhibitor,0.3209360298363412,0.2917817586221271,0.0291542712142141,False,CN(C)C(=O)[C@@H]1CC[C@H](NC(=O)C(=O)Nc2ccc(Cl)cn2)[C@H](C1)NC(=O)c1nc2CCN(C)Cc2s1,prism_treatment_info
f1441e94d,BRD-K41445866-001-18-8,alfaxalone,"chloride channel agonist, benzodiazepine receptor agonist",0.3291235490365321,0.3015121084188844,0.0276114406176476,False,CC(=O)[C@H]1CC[C@H]2[C@@H]3CC[C@H]4C[C@H](O)CC[C@]4(C)[C@H]3C(=O)C[C@]12C,prism_treatment_info
f149ad4e5,BRD-A80213327-305-08-3,NSC-23766,Ras GTPase inhibitor,0.3191130724621672,0.3153945755256533,0.0037184969365139,False,"CCN(CC)CCCC(C)Nc1nc(C)cc(Nc2ccc3nc(C)cc(N)c3c2)n1, CCN(CC)CCCC(C)Nc1nc(C)cc(Nc2ccc3nc(C)cc(N)c3c2)n1, CCN(CC)CCCC(C)Nc1nc(C)cc(Nc2ccc3nc(C)cc(N)c3c2)n1, CCN(CC)CCCC(C)Nc1nc(C)cc(Nc2ccc3nc(C)cc(N)c3c2)n1",prism_treatment_info
f160c9fda,BRD-A93353767-008-02-2,isoconazole,fungal lanosterol demethylase inhibitor,0.3224710947172706,0.3209397336531542,0.0015313610641163,False,Clc1ccc(C(Cn2ccnc2)OCc2c(Cl)cccc2Cl)c(Cl)c1,prism_treatment_info
f1766a962,BRD-K68870568-066-01-5,flumatinib,Bcr-Abl kinase inhibitor,0.4115250504890274,0.3660915782778496,0.0454334722111778,False,CN1CCN(Cc2ccc(cc2C(F)(F)F)C(=O)Nc2cnc(C)c(Nc3nccc(n3)-c3cccnc3)c2)CC1,prism_treatment_info
f177818ea,BRD-A19195498-050-14-1,trimipramine,"norepinephrine reputake inhibitor, tricyclic antidepressant",0.361959988165916,0.3401788159216395,0.0217811722442765,False,"CC(CN(C)C)CN1c2ccccc2CCc2ccccc12, CC(CN(C)C)CN1c2ccccc2CCc2ccccc12",prism_treatment_info
f17c382a6,BRD-K69726342-238-02-4,atorvastatin,HMGCR inhibitor,0.3306765146915789,0.3279464590376191,0.0027300556539598,False,"CC(C)c1c(C(=O)Nc2ccccc2)c(c(-c2ccc(F)cc2)n1CC[C@@H](O)C[C@@H](O)CC(O)=O)-c1ccccc1, CC(C)c1c(C(=O)Nc2ccccc2)c(c(-c2ccc(F)cc2)n1CC[C@@H](O)C[C@@H](O)CC(O)=O)-c1ccccc1, CC(C)c1c(C(=O)Nc2ccccc2)c(c(-c2ccc(F)cc2)n1CC[C@@H](O)C[C@@H](O)CC(O)=O)-c1ccccc1",prism_treatment_info
f19d8c43b,BRD-K28965160-001-01-1,BVD-523,MAP kinase inhibitor,0.5117481982792744,0.4716593027904959,0.0400888954887784,True,CC(C)Nc1cc(-c2c[nH]c(c2)C(=O)N[C@H](CO)c2cccc(Cl)c2)c(Cl)cn1,prism_treatment_info
f1bf7b477,BRD-K13819402-003-10-2,desoxypeganine,"acetylcholinesterase inhibitor, monoamine oxidase inhibitor",0.4093026264751752,0.3333787685636488,0.0759238579115264,False,C1CN2Cc3ccccc3N=C2C1,prism_treatment_info
f1d7e6d5e,BRD-K23190681-001-01-1,AV-412,protein tyrosine kinase inhibitor,0.6289587095156347,0.548747739303778,0.0802109702118567,True,CN1CCN(CC1)C(C)(C)C#Cc1cc2ncnc(Nc3ccc(F)c(Cl)c3)c2cc1NC(=O)C=C,prism_treatment_info
f1df4d3b5,BRD-K64890080-001-13-8,BI-2536,PLK inhibitor,0.5901366837837294,0.474304848790323,0.1158318349934064,True,CC[C@H]1N(C2CCCC2)c2nc(Nc3ccc(cc3OC)C(=O)NC3CCN(C)CC3)ncc2N(C)C1=O,prism_treatment_info
f2110ecd7,BRD-K20958582-001-01-4,TH-302,DNA alkylating agent,0.5772896983195432,0.574423239548972,0.0028664587705712,True,Cn1c(COP(=O)(NCCBr)NCCBr)cnc1[N+]([O-])=O,prism_treatment_info
f2171f9a7,BRD-K91495480-001-02-2,AGP-103,membrane permeability inhibitor,0.3475682365458096,0.3378433069853587,0.0097249295604508,False,CCCCCCCCCCCCCCCCCCCCCC(O)=O,prism_treatment_info
f222b48dc,BRD-K91509126-001-23-6,piceatannol,SYK inhibitor,0.4326704475315502,0.3861928804949762,0.046477567036574,False,"Oc1cc(O)cc(c1)\C=C\c1ccc(O)c(O)c1, Oc1cc(O)cc(c1)\C=C\c1ccc(O)c(O)c1, Oc1cc(O)cc(c1)\C=C\c1ccc(O)c(O)c1",prism_treatment_info
f228f319c,BRD-K13662825-001-07-5,dinaciclib,CDK inhibitor,0.3604662441720339,0.3364266172610982,0.0240396269109356,False,CCc1cnn2c(NCc3ccc[n+]([O-])c3)cc(nc12)N1CCCC[C@H]1CCO,prism_treatment_info
f22c8afa0,BRD-A38218502-001-01-2,metenkephalin,immunostimulant,0.4004642913479989,0.3919842739925454,0.0084800173554535,False,CSCCC(NC(=O)C(Cc1ccccc1)NC(=O)CNC(=O)CNC(=O)C(N)Cc1ccc(O)cc1)C(O)=O,prism_treatment_info
f2558bc54,BRD-K15179513-001-03-4,NVP-ADW742,insulin growth factor receptor inhibitor,0.469970097780289,0.398109884536255,0.0718602132440339,False,"Nc1ncnc2n(cc(-c3cccc(OCc4ccccc4)c3)c12)[C@H]1C[C@H](CN2CCCC2)C1, Nc1ncnc2n(cc(-c3cccc(OCc4ccccc4)c3)c12)[C@H]1C[C@H](CN2CCCC2)C1, Nc1ncnc2n(cc(-c3cccc(OCc4ccccc4)c3)c12)[C@H]1C[C@H](CN2CCCC2)C1",prism_treatment_info
f25e67be6,BRD-K15164005-001-05-6,apoptosis-activator-II,carboxylesterase inhibitor,0.2655775380806445,0.2428792099711346,0.0226983281095099,False,"Clc1ccc(CN2C(=O)C(=O)c3ccccc23)cc1Cl, Clc1ccc(CN2C(=O)C(=O)c3ccccc23)cc1Cl, Clc1ccc(CN2C(=O)C(=O)c3ccccc23)cc1Cl",prism_treatment_info
f285ab8e0,BRD-K08864679-001-02-2,fexaramine,FXR agonist,0.3505696532504659,0.3500899944425831,0.0004796588078828,False,"COC(=O)\C=C\c1cccc(c1)N(Cc1ccc(cc1)-c1ccc(cc1)N(C)C)C(=O)C1CCCCC1, COC(=O)\C=C\c1cccc(c1)N(Cc1ccc(cc1)-c1ccc(cc1)N(C)C)C(=O)C1CCCCC1",prism_treatment_info
f28dee1cd,BRD-K72462751-001-02-7,C-1,protein kinase inhibitor,0.4328129520979474,0.3365910523152934,0.096221899782654,False,"O=S(=O)(N1CCNCC1)c1cccc2cnccc12, O=S(=O)(N1CCNCC1)c1cccc2cnccc12",prism_treatment_info
f2b81ca2e,BRD-K41260949-236-16-8,valproic-acid,HDAC inhibitor,0.3245749652374443,0.2930561162348981,0.0315188490025462,False,"CCCC(CCC)C(O)=O, CCCC(CCC)C(O)=O, CCCC(CCC)C(O)=O, CCCC(CCC)C(O)=O, CCCC(CCC)C(O)=O",prism_treatment_info
f2c8faae3,BRD-K13819402-003-10-2,desoxypeganine,"acetylcholinesterase inhibitor, monoamine oxidase inhibitor",0.2998435728897591,0.2770389951206756,0.0228045777690835,False,C1CN2Cc3ccccc3N=C2C1,prism_treatment_info
f2cc15da6,BRD-A93236127-001-04-5,digitoxin,ATPase inhibitor,0.4062321054281704,0.3180229984672223,0.0882091069609481,False,C[C@H]1O[C@H](C[C@H](O)[C@@H]1O)O[C@H]1[C@@H](O)C[C@H](O[C@H]2[C@@H](O)C[C@H](O[C@H]3CC[C@@]4(C)[C@H](CCC5C4CC[C@]4(C)[C@H](CC[C@]54O)C4=CC(=O)OC4)C3)O[C@@H]2C)O[C@@H]1C,prism_treatment_info
f2cd513d6,BRD-K44876623-001-03-7,zolpidem,benzodiazepine receptor agonist,0.4122346001370794,0.3125077808277853,0.0997268193092941,False,CN(C)C(=O)Cc1c(nc2ccc(C)cn12)-c1ccc(C)cc1,prism_treatment_info
f2ce7c1b1,BRD-K93806173-003-01-8,N-MPPP,opioid receptor agonist,0.3595900451572889,0.3570920822778519,0.0024979628794369,False,CN([C@H](CN1CCCC1)c1ccccc1)C(=O)Cc1ccccc1,prism_treatment_info
f2d2549de,BRD-K78815826-001-14-6,suxibuzone,cyclooxygenase inhibitor,0.3415825722460352,0.321189673757234,0.0203928984888011,False,"CCCCC1(COC(=O)CCC(O)=O)C(=O)N(N(C1=O)c1ccccc1)c1ccccc1, CCCCC1(COC(=O)CCC(O)=O)C(=O)N(N(C1=O)c1ccccc1)c1ccccc1",prism_treatment_info
f2e39846a,BRD-K30649484-003-13-7,mafenide,carbonic anhydrase inhibitor,0.3277646827189305,0.3157475212148261,0.0120171615041043,False,NCc1ccc(cc1)S(N)(=O)=O,prism_treatment_info
f2e512cdb,BRD-K97643133-003-09-3,amiprilose,CD antagonist,0.3276266075826954,0.3206657705110998,0.0069608370715956,False,CN(C)CCCO[C@H]1[C@H](O[C@@H]2OC(C)(C)O[C@H]12)[C@H](O)CO,prism_treatment_info
f3014194c,BRD-A59709458-001-01-8,PHCCC,glutamate receptor agonist,0.3909018199167256,0.3531442967916669,0.0377575231250587,False,"O\N=C1/C2CC2(Oc2ccccc12)C(=O)Nc1ccccc1, O\N=C1/C2CC2(Oc2ccccc12)C(=O)Nc1ccccc1",prism_treatment_info
f30e9ac81,BRD-K08996725-332-01-7,zolantidine,histamine receptor antagonist,0.4120768581307206,0.3718201483457431,0.0402567097849775,False,C(CNc1nc2ccccc2s1)COc1cccc(CN2CCCCC2)c1,prism_treatment_info
f332d21c7,BRD-K35007173-001-07-5,enprofylline,phosphodiesterase inhibitor,0.3345428530707449,0.2964970070365793,0.0380458460341655,False,CCCn1c2nc[nH]c2c(=O)[nH]c1=O,prism_treatment_info
f33d4b55a,BRD-K98004573-051-02-8,rupatadine,"histamine receptor antagonist, platelet activating factor receptor antagonist",0.3920457576789325,0.3830771991637539,0.0089685585151786,False,Cc1cncc(CN2CCC(CC2)=C2c3ccc(Cl)cc3CCc3cccnc23)c1,prism_treatment_info
f342eedbc,BRD-K85046107-003-01-2,ramosetron,serotonin receptor antagonist,0.3201439595225607,0.3109658704051889,0.0091780891173717,False,Cn1cc(C(=O)[C@@H]2CCc3nc[nH]c3C2)c2ccccc12,prism_treatment_info
f344437e0,BRD-K68395654-001-03-1,EVP4593,NFkB pathway inhibitor,0.5315592042507319,0.3505634477330638,0.180995756517668,True,"Nc1ccc2ncnc(NCCc3ccc(Oc4ccccc4)cc3)c2c1, Nc1ccc2ncnc(NCCc3ccc(Oc4ccccc4)cc3)c2c1, Nc1ccc2ncnc(NCCc3ccc(Oc4ccccc4)cc3)c2c1",prism_treatment_info
f34823c31,BRD-K49522529-001-03-7,alfacalcidol,vitamin D receptor agonist,0.3512300006081545,0.339085160037932,0.0121448405702225,False,"CC(C)CCC[C@@H](C)[C@H]1CC[C@@H]2[C@]1(C)CCC\C2=C/C=C1/C[C@@H](O)C[C@H](O)C1=C, CC(C)CCC[C@@H](C)[C@H]1CC[C@@H]2[C@]1(C)CCC\C2=C/C=C1/C[C@@H](O)C[C@H](O)C1=C, CC(C)CCC[C@@H](C)[C@H]1CC[C@@H]2[C@]1(C)CCC\C2=C/C=C1/C[C@@H](O)C[C@H](O)C1=C",prism_treatment_info
f35dc494f,BRD-K50564936-001-01-6,E-2012,gamma secretase modulator,0.3338475093445372,0.2923021532472845,0.0415453560972526,False,"COc1cc(ccc1-n1cnc(C)c1)\C=C1/CCCN([C@@H](C)c2ccc(F)cc2)C1=O, CC\C=C/C\C=C/C\C=C/C\C=C/C\C=C/CCCC(=O)OC",prism_treatment_info
f3bdb4f89,BRD-K65428967-001-08-4,cordycepin,DNA inhibitor,0.3409990710998312,0.33918847137105,0.0018105997287811,False,"Nc1ncnc2n(cnc12)[C@@H]1O[C@H](CO)C[C@H]1O, Nc1ncnc2n(cnc12)[C@@H]1O[C@H](CO)C[C@H]1O",prism_treatment_info
f3d93786b,BRD-K77685957-300-09-1,dequalinium,PKC inhibitor,0.3988816578090305,0.3609161028162091,0.0379655549928213,False,"Cc1cc(N)c2ccccc2[n+]1CCCCCCCCCC[n+]1c(C)cc(N)c2ccccc12, Cc1cc(N)c2ccccc2[n+]1CCCCCCCCCC[n+]1c(C)cc(N)c2ccccc12",prism_treatment_info
f3f77dac0,BRD-K24548560-342-02-1,evans-blue,glutamate receptor negative allosteric modulator,0.3716175005350933,0.3254723052250085,0.0461451953100848,False,Cc1cc(ccc1\N=N\c1ccc2c(cc(c(N)c2c1O)S(O)(=O)=O)S(O)(=O)=O)-c1ccc(c(C)c1)\N=N\c1ccc2c(cc(c(N)c2c1O)S(O)(=O)=O)S(O)(=O)=O,prism_treatment_info
f3f7c11c4,BRD-K46254452-001-01-5,GABA-linoleamide,benzodiazepine receptor agonist,0.3189732897619706,0.2762582467964924,0.0427150429654781,False,CCCCC\C=C/C\C=C/CCCCCCCC(=O)NCCCC(O)=O,prism_treatment_info
f40290070,BRD-K89014967-001-04-3,AS-703026,MEK inhibitor,0.3754286756055086,0.355365217853759,0.0200634577517496,False,OC[C@@H](O)CNC(=O)c1ccncc1Nc1ccc(I)cc1F,prism_treatment_info
f413396f5,BRD-A74914197-001-02-9,pralatrexate,dihydrofolate reductase inhibitor,0.4151630219881471,0.4111878053411447,0.0039752166470024,False,Nc1nc(N)c2nc(CC(CC#C)c3ccc(cc3)C(=O)N[C@@H](CCC(O)=O)C(O)=O)cnc2n1,prism_treatment_info
f41f95da5,BRD-K55966568-001-05-4,orantinib,"FGFR inhibitor, PDGFR tyrosine kinase receptor inhibitor, VEGFR inhibitor",0.365153287031033,0.3251602872677067,0.0399929997633263,False,"Cc1[nH]c(\C=C2/C(=O)Nc3ccccc23)c(C)c1CCC(O)=O, Cc1[nH]c(\C=C2/C(=O)Nc3ccccc23)c(C)c1CCC(O)=O, Cc1[nH]c(\C=C2/C(=O)Nc3ccccc23)c(C)c1CCC(O)=O, Cc1[nH]c(\C=C2/C(=O)Nc3ccccc23)c(C)c1CCC(O)=O",prism_treatment_info
f44ed500f,BRD-K13087974-001-02-5,CGP-52411,EGFR inhibitor,0.4053343530340121,0.3897863922915007,0.0155479607425114,False,"O=C1NC(=O)c2cc(Nc3ccccc3)c(Nc3ccccc3)cc12, O=C1NC(=O)c2cc(Nc3ccccc3)c(Nc3ccccc3)cc12",prism_treatment_info
f46b450ef,BRD-K56343971-001-10-6,vemurafenib,RAF inhibitor,0.4269754965555484,0.3943934185316669,0.0325820780238815,False,"CCCS(=O)(=O)Nc1ccc(F)c(C(=O)c2c[nH]c3ncc(cc23)-c2ccc(Cl)cc2)c1F, CCCS(=O)(=O)Nc1ccc(F)c(C(=O)c2c[nH]c3ncc(cc23)-c2ccc(Cl)cc2)c1F, CCCS(=O)(=O)Nc1ccc(F)c(C(=O)c2c[nH]c3ncc(cc23)-c2ccc(Cl)cc2)c1F",prism_treatment_info
f487e1a2c,BRD-K65856711-001-04-4,rolipram-S(+),phosphodiesterase inhibitor,0.3296112418784067,0.2785044185553975,0.0511068233230092,False,"COc1ccc(cc1OC1CCCC1)[C@H]1CNC(=O)C1, COc1ccc(cc1OC1CCCC1)[C@H]1CNC(=O)C1",prism_treatment_info
f48d611be,BRD-K58010567-003-02-2,vilazodone,serotonin reuptake inhibitor,0.338373184913086,0.2816266461707934,0.0567465387422926,False,"NC(=O)c1cc2cc(ccc2o1)N1CCN(CCCCc2c[nH]c3ccc(cc23)C#N)CC1, NC(=O)c1cc2cc(ccc2o1)N1CCN(CCCCc2c[nH]c3ccc(cc23)C#N)CC1, NC(=O)c1cc2cc(ccc2o1)N1CCN(CCCCc2c[nH]c3ccc(cc23)C#N)CC1",prism_treatment_info
f49a73cd5,BRD-A46066006-004-22-6,clidinium,acetylcholine receptor antagonist,0.4062810318230602,0.35042564703593,0.0558553847871301,False,C[N+]12CCC(CC1)C(C2)OC(=O)C(O)(c1ccccc1)c1ccccc1,prism_treatment_info
f4a0da844,BRD-A15909516-001-06-6,rebamipide,free radical scavenger,0.2792327807141154,0.2617414109802224,0.017491369733893,False,"OC(=O)C(Cc1cc(=O)[nH]c2ccccc12)NC(=O)c1ccc(Cl)cc1, OC(=O)C(Cc1cc(=O)[nH]c2ccccc12)NC(=O)c1ccc(Cl)cc1",prism_treatment_info
f4a730df7,BRD-A13946108-001-17-1,sulindac,cyclooxygenase inhibitor,0.3332491973548739,0.3159035134072085,0.0173456839476653,False,"CC1=C(CC(O)=O)c2cc(F)ccc2C\1=C/c1ccc(cc1)S(C)=O, CC1=C(CC(O)=O)c2cc(F)ccc2C\1=C/c1ccc(cc1)S(C)=O, CC1=C(CC(O)=O)c2cc(F)ccc2C\1=C/c1ccc(cc1)S(C)=O, CC1=C(CC(O)=O)c2cc(F)ccc2C\1=C/c1ccc(cc1)S(C)=O",prism_treatment_info
f4c0acb6b,BRD-A22844106-001-26-0,tenoxicam,cyclooxygenase inhibitor,0.3410206724183839,0.3168386002728158,0.0241820721455681,False,"CN1C(C(=O)Nc2ccccn2)C(=O)c2sccc2S1(=O)=O, CN1C(C(=O)Nc2ccccn2)C(=O)c2sccc2S1(=O)=O",prism_treatment_info
f4d605dbe,BRD-K55013654-003-02-3,lorcaserin,serotonin receptor agonist,0.385764741816808,0.3659557632903072,0.0198089785265007,False,C[C@H]1CNCCc2ccc(Cl)cc12,prism_treatment_info
f4e4006d9,BRD-K17743125-001-08-4,belinostat,HDAC inhibitor,0.3244358963276849,0.2989778636857029,0.0254580326419819,False,ONC(=O)\C=C\c1cccc(c1)S(=O)(=O)Nc1ccccc1,prism_treatment_info
f4e9eeda7,BRD-K43164539-001-11-5,cholic-acid,bile acid,0.3660907978200678,0.3631013792864205,0.0029894185336473,False,C[C@H](CCC(O)=O)[C@H]1CC[C@H]2[C@@H]3[C@H](O)C[C@@H]4C[C@H](O)CC[C@]4(C)[C@H]3C[C@H](O)[C@]12C,prism_treatment_info
f4f4771c9,BRD-K54997624-001-06-0,alpelisib,PI3K inhibitor,0.3553637254930283,0.331312092698823,0.0240516327942053,False,Cc1nc(NC(=O)N2CCC[C@H]2C(N)=O)sc1-c1ccnc(c1)C(C)(C)C(F)(F)F,prism_treatment_info
f5195031c,BRD-K79095980-001-09-6,broxuridine,antimetabolite,0.4019257362839825,0.3597501534406222,0.0421755828433603,False,OC[C@H]1O[C@H](C[C@@H]1O)n1cc(Br)c(=O)[nH]c1=O,prism_treatment_info
f51af4a54,BRD-K23566484-001-15-1,nilutamide,androgen receptor antagonist,0.2901871197463482,0.2720712889498957,0.0181158307964525,False,"CC1(C)NC(=O)N(C1=O)c1ccc(c(c1)C(F)(F)F)[N+]([O-])=O, CC1(C)NC(=O)N(C1=O)c1ccc(c(c1)C(F)(F)F)[N+]([O-])=O",prism_treatment_info
f5487e91f,BRD-K66876909-001-12-6,linezolid,bacterial 50S ribosomal subunit inhibitor,0.3395358682040388,0.2987448015526796,0.0407910666513592,False,"CC(=O)NC[C@H]1CN(C(=O)O1)c1ccc(N2CCOCC2)c(F)c1, CC(=O)NC[C@H]1CN(C(=O)O1)c1ccc(N2CCOCC2)c(F)c1, CC(=O)NC[C@H]1CN(C(=O)O1)c1ccc(N2CCOCC2)c(F)c1",prism_treatment_info
f557af504,BRD-K28492574-001-01-6,piconol,,0.3237871177787528,0.3070295095668712,0.0167576082118816,False,OCc1ccccn1,prism_treatment_info
f55842076,BRD-A13084692-001-17-3,troglitazone,"insulin sensitizer, PPAR receptor agonist",0.4080486900620684,0.3044689507929101,0.1035797392691583,False,"Cc1c(C)c2OC(C)(COc3ccc(CC4SC(=O)NC4=O)cc3)CCc2c(C)c1O, Cc1c(C)c2OC(C)(COc3ccc(CC4SC(=O)NC4=O)cc3)CCc2c(C)c1O",prism_treatment_info
f594b3345,BRD-K18673820-001-15-5,folic-acid,folate receptor ligand,0.2956567831982402,0.2778243285282274,0.0178324546700128,False,Nc1nc(=O)c2nc(CNc3ccc(cc3)C(=O)N[C@@H](CCC(O)=O)C(O)=O)cnc2[nH]1,prism_treatment_info
f59d0edb4,BRD-K22024824-001-03-7,RG4733,gamma secretase inhibitor,0.3577893099429788,0.3370060752314925,0.0207832347114863,False,CC(C)(C(=O)NCC(F)(F)C(F)(F)F)C(=O)N[C@H]1c2ccccc2-c2ccccc2NC1=O,prism_treatment_info
f5c443039,BRD-A21858158-001-23-5,praziquantel,anthelmintic agent,0.3381134997832418,0.3317855627226122,0.0063279370606295,False,"O=C(C1CCCCC1)N1CC2N(CCc3ccccc23)C(=O)C1, O=C(C1CCCCC1)N1CC2N(CCc3ccccc23)C(=O)C1",prism_treatment_info
f5c6d5cb3,BRD-A29944538-003-08-3,proxodolol,adrenergic receptor antagonist,0.364563355164136,0.3526638366506065,0.0118995185135294,False,Cc1noc(COc2ccccc2OCC(O)CNC(C)(C)C)n1,prism_treatment_info
f5cef4650,BRD-K34332569-001-01-3,imidapril,angiotensin converting enzyme inhibitor,0.3231557544102446,0.3104752064897534,0.0126805479204911,False,CCOC(=O)[C@H](CCc1ccccc1)N[C@@H](C)C(=O)N1[C@H](CN(C)C1=O)C(O)=O,prism_treatment_info
f5d5a81f9,BRD-K24943235-001-01-3,grazoprevir,HCV inhibitor,0.3367320397527721,0.3117498968826572,0.0249821428701149,False,"COc1ccc2nc3CCCCC[C@@H]4C[C@H]4OC(=O)N[C@H](C(=O)N4C[C@@H](C[C@H]4C(=O)N[C@@]4(C[C@H]4C=C)C(=O)NS(=O)(=O)C4CC4)Oc3nc2c1)C(C)(C)C, COc1ccc2nc3CCCCC[C@@H]4C[C@H]4OC(=O)N[C@H](C(=O)N4C[C@@H](C[C@H]4C(=O)N[C@@]4(C[C@H]4C=C)C(=O)NS(=O)(=O)C4CC4)Oc3nc2c1)C(C)(C)C",prism_treatment_info
f5dcd0b85,BRD-A68631409-001-05-4,evodiamine,"ATPase inhibitor, TRPV agonist",0.5168202289452087,0.5089554877347473,0.0078647412104614,True,"CN1C2N(CCc3c2[nH]c2ccccc32)C(=O)c2ccccc12, CN1C2N(CCc3c2[nH]c2ccccc32)C(=O)c2ccccc12",prism_treatment_info
f5f05bec7,BRD-K49049886-001-08-7,CGS-15943,adenosine receptor antagonist,0.3657528896912647,0.3038641651214436,0.0618887245698211,False,Nc1nc2ccc(Cl)cc2c2nc(nn12)-c1ccco1,prism_treatment_info
f5f9e9495,BRD-A11815689-001-01-1,proscillaridin-a,,0.3986537130417717,0.3874369700904257,0.011216742951346,False,C[C@@H]1O[C@@H](O[C@H]2CC[C@]3(C)C4CC[C@]5(C)[C@H](CC[C@]5(O)C4CCC3=C2)c2ccc(=O)oc2)C(O)C(O)[C@H]1O,prism_treatment_info
f5fb06e50,BRD-K76568384-001-02-2,PHTPP,estrogen receptor antagonist,0.4167637975827445,0.3590077917566706,0.0577560058260738,False,"Oc1ccc(cc1)-c1c(nn2c(cc(nc12)C(F)(F)F)C(F)(F)F)-c1ccccc1, Oc1ccc(cc1)-c1c(nn2c(cc(nc12)C(F)(F)F)C(F)(F)F)-c1ccccc1",prism_treatment_info
f601d2b46,BRD-K25649279-001-02-0,2-iodomelatonin,melatonin receptor agonist,0.3076909615378719,0.2471450765653188,0.0605458849725531,False,COc1ccc2[nH]c(I)c(CCNC(C)=O)c2c1,prism_treatment_info
f60388237,BRD-A68969091-001-12-7,echinomycin,DNA intercalating agent,0.3158656719335576,0.2874023111747008,0.0284633607588568,False,CSC1SCC2N(C)C(=O)C(C)NC(=O)C(COC(=O)C(C(C)C)N(C)C(=O)C1N(C)C(=O)C(C)NC(=O)C(COC(=O)C(C(C)C)N(C)C2=O)NC(=O)c1cnc2ccccc2n1)NC(=O)c1cnc2ccccc2n1,prism_treatment_info
f610a5048,BRD-A09722536-002-18-0,cyclophosphamide,DNA alkylating agent,0.3869840467260826,0.3160559956940786,0.070928051032004,False,"ClCCN(CCCl)P1(=O)NCCCO1, ClCCN(CCCl)P1(=O)NCCCO1, ClCCN(CCCl)P1(=O)NCCCO1",prism_treatment_info
f622c0642,BRD-K50168500-001-07-9,canertinib,EGFR inhibitor,0.2998549421500039,0.2591885982911774,0.0406663438588265,False,Fc1ccc(Nc2ncnc3cc(OCCCN4CCOCC4)c(NC(=O)C=C)cc23)cc1Cl,prism_treatment_info
f63b5512f,BRD-A20781140-001-01-7,plovamer-acetate,,0.339353559825838,0.2748519043734057,0.0645016554524323,False,"NC(Cc1ccc(O)cc1)C(O)=O, NC(Cc1ccc(O)cc1)C(O)=O",prism_treatment_info
f65834b15,BRD-A92537424-001-04-7,danazol,"estrogen receptor antagonist, progesterone receptor agonist",0.4972251705338694,0.4970908449646598,0.0001343255692096,False,C[C@]12CCC3C(CCC4=Cc5oncc5C[C@]34C)C1CC[C@@]2(O)C#C,prism_treatment_info
f662e4f65,BRD-K78113049-001-16-2,enoxacin,topoisomerase inhibitor,0.3215372924250185,0.3192976779046222,0.0022396145203963,False,"CCn1cc(C(O)=O)c(=O)c2cc(F)c(nc12)N1CCNCC1, CCn1cc(C(O)=O)c(=O)c2cc(F)c(nc12)N1CCNCC1, CCn1cc(C(O)=O)c(=O)c2cc(F)c(nc12)N1CCNCC1",prism_treatment_info
f66a2c5aa,BRD-K46523383-003-22-9,pramoxine,topical anesthetic,0.3194228586376106,0.305922959240518,0.0134998993970926,False,"CCCCOc1ccc(OCCCN2CCOCC2)cc1, CCCCOc1ccc(OCCCN2CCOCC2)cc1",prism_treatment_info
f67209af9,BRD-K82823804-001-04-1,PD-407824,PKC inhibitor,0.5717426781959702,0.566939386829969,0.0048032913660012,True,"Oc1ccc2[nH]c3cc(c4C(=O)NC(=O)c4c3c2c1)-c1ccccc1, Oc1ccc2[nH]c3cc(c4C(=O)NC(=O)c4c3c2c1)-c1ccccc1",prism_treatment_info
f67915196,BRD-K38938675-001-01-4,morniflumate,anti-inflammatory agent,0.3606417030057237,0.3216082116628955,0.0390334913428281,False,FC(F)(F)c1cccc(Nc2ncccc2C(=O)OCCN2CCOCC2)c1,prism_treatment_info
f6bcf8339,BRD-K07972848-001-02-0,GSK2126458,"mTOR inhibitor, PI3K inhibitor",0.2825010906530441,0.2746992419880669,0.0078018486649772,False,COc1ncc(cc1NS(=O)(=O)c1ccc(F)cc1F)-c1ccc2nccc(-c3ccnnc3)c2c1,prism_treatment_info
f6c4e7066,BRD-K94534639-001-02-5,LY2811376,beta-secretase inhibitor,0.348194787684797,0.3365597248283031,0.0116350628564939,False,C[C@]1(CCSC(N)=N1)c1cc(c(F)cc1F)-c1cncnc1,prism_treatment_info
f6d5a3dae,BRD-K10177585-003-02-4,PSB-11,adenosine receptor antagonist,0.3324723363953668,0.3271752419763984,0.0052970944189683,False,"CC[C@@H]1CN2C(=N1)c1[nH]c(nc1N(C)C2=O)-c1ccccc1, CC[C@@H]1CN2C(=N1)c1[nH]c(nc1N(C)C2=O)-c1ccccc1",prism_treatment_info
f721996ed,BRD-K55512740-001-01-6,MK-8033,c-Met inhibitor,0.6053839745877961,0.4880594068122311,0.117324567775565,True,Cn1cc(cn1)-c1cnc2ccc3ccc(CS(=O)(=O)NCc4ccccn4)cc3c(=O)c2c1,prism_treatment_info
f75db62d4,BRD-K86294588-001-01-9,schisandrin-b,antioxidant,0.3603050968478637,0.3322445301182624,0.0280605667296013,False,COc1cc2C[C@H](C)[C@@H](C)Cc3cc4OCOc4c(OC)c3-c2c(OC)c1OC,prism_treatment_info
f769df5d6,BRD-K19333160-001-01-3,RKI-1447,rho associated kinase inhibitor,0.455967440428813,0.3899133136423814,0.0660541267864316,False,"Oc1cccc(CNC(=O)Nc2nc(cs2)-c2ccncc2)c1, Oc1cccc(CNC(=O)Nc2nc(cs2)-c2ccncc2)c1",prism_treatment_info
f76a83216,BRD-K60984070-001-01-0,PD-166793,"collagenase inhibitor, metalloproteinase inhibitor",0.3098525515327041,0.2964160483964233,0.0134365031362807,False,"CC(C)[C@H](NS(=O)(=O)c1ccc(cc1)-c1ccc(Br)cc1)C(O)=O, CC(C)[C@H](NS(=O)(=O)c1ccc(cc1)-c1ccc(Br)cc1)C(O)=O",prism_treatment_info
f77cfeff3,BRD-K06408664-001-03-5,fludrocortisone-acetate,,0.4332823573517877,0.3869319638594453,0.0463503934923424,False,"CC(=O)OCC(=O)[C@@]1(O)CC[C@H]2[C@@H]3CCC4=CC(=O)CC[C@]4(C)[C@@]3(F)[C@@H](O)C[C@]12C, CC(=O)OCC(=O)[C@@]1(O)CC[C@H]2[C@@H]3CCC4=CC(=O)CC[C@]4(C)[C@@]3(F)[C@@H](O)C[C@]12C",prism_treatment_info
f78b8a0ae,BRD-K17061841-001-03-5,stattic,,0.4792228202056066,0.4542242704547291,0.0249985497508774,False,[O-][N+](=O)c1ccc2C=CS(=O)(=O)c2c1,prism_treatment_info
f7a227434,BRD-K92657060-001-05-7,zaleplon,benzodiazepine receptor agonist,0.379115260902232,0.31163337654726,0.067481884354972,False,CCN(C(C)=O)c1cccc(c1)-c1ccnc2c(cnn12)C#N,prism_treatment_info
f7d573145,BRD-K91509126-001-23-6,piceatannol,SYK inhibitor,0.3440890360939326,0.331822697894415,0.0122663381995176,False,"Oc1cc(O)cc(c1)\C=C\c1ccc(O)c(O)c1, Oc1cc(O)cc(c1)\C=C\c1ccc(O)c(O)c1, Oc1cc(O)cc(c1)\C=C\c1ccc(O)c(O)c1",prism_treatment_info
f7e6d1b90,BRD-A90695733-001-07-4,manidipine,calcium channel blocker,0.3824772703536146,0.28412988175808,0.0983473885955346,False,"COC(=O)C1=C(C)NC(C)=C(C1c1cccc(c1)[N+]([O-])=O)C(=O)OCCN1CCN(CC1)C(c1ccccc1)c1ccccc1, COC(=O)C1=C(C)NC(C)=C(C1c1cccc(c1)[N+]([O-])=O)C(=O)OCCN1CCN(CC1)C(c1ccccc1)c1ccccc1, COC(=O)C1=C(C)NC(C)=C(C1c1cccc(c1)[N+]([O-])=O)C(=O)OCCN1CCN(CC1)C(c1ccccc1)c1ccccc1, COC(=O)C1=C(C)NC(C)=C(C1c1cccc(c1)[N+]([O-])=O)C(=O)OCCN1CCN(CC1)C(c1ccccc1)c1ccccc1",prism_treatment_info
f7fa0456c,BRD-K56195681-001-01-0,losmapimod,p38 MAPK inhibitor,0.3527278974560795,0.2861636750733765,0.066564222382703,False,Cc1c(F)cc(cc1-c1ccc(cn1)C(=O)NCC(C)(C)C)C(=O)NC1CC1,prism_treatment_info
f7fe1c12f,BRD-K90333595-003-21-4,phentolamine,adrenergic receptor antagonist,0.3131742759330136,0.2841405168775111,0.0290337590555024,False,"Cc1ccc(cc1)N(CC1=NCCN1)c1cccc(O)c1, Cc1ccc(cc1)N(CC1=NCCN1)c1cccc(O)c1, Cc1ccc(cc1)N(CC1=NCCN1)c1cccc(O)c1, Cc1ccc(cc1)N(CC1=NCCN1)c1cccc(O)c1",prism_treatment_info
f80352d6d,BRD-K18059238-001-10-4,gamma-linolenic-acid,"cyclooxygenase inhibitor, prostanoid receptor agonist",0.28830817000394,0.2422751536168226,0.0460330163871173,False,"CCCCC\C=C/C\C=C/C\C=C/CCCCC(O)=O, CCCCC\C=C/C\C=C/C\C=C/CCCCC(O)=O, CCCCC\C=C/C\C=C/C\C=C/CCCCC(O)=O",prism_treatment_info
f82305521,BRD-A22256192-003-22-7,terazosin,adrenergic receptor antagonist,0.3237756977026887,0.2763047290254569,0.0474709686772318,False,"COc1cc2nc(nc(N)c2cc1OC)N1CCN(CC1)C(=O)C1CCCO1, COc1cc2nc(nc(N)c2cc1OC)N1CCN(CC1)C(=O)C1CCCO1",prism_treatment_info
f8370b963,BRD-A49906757-004-09-8,scopolamine-n-oxide,acetylcholine receptor antagonist,0.3784536297499861,0.3536956621669558,0.0247579675830302,False,C[N+]1([O-])[C@H]2C[C@@H](C[C@@H]1[C@H]1O[C@@H]21)OC(=O)[C@H](CO)c1ccccc1,prism_treatment_info
f8446fc97,BRD-K39805756-001-01-6,TPPS4,,0.3282474857625971,0.3205698446924928,0.0076776410701043,False,OS(=O)(=O)c1ccc(cc1)-c1c2ccc(n2)c(-c2ccc(cc2)S(O)(=O)=O)c2ccc([nH]2)c(-c2ccc(cc2)S(O)(=O)=O)c2ccc(n2)c(-c2ccc(cc2)S(O)(=O)=O)c2ccc1[nH]2,prism_treatment_info
f88adf21b,BRD-A50675702-001-07-1,fipronil,"chloride channel blocker, GABA gated chloride channel blocker",0.3172844332063493,0.2590692206133235,0.0582152125930258,False,Nc1c(c(nn1-c1c(Cl)cc(cc1Cl)C(F)(F)F)C#N)S(=O)C(F)(F)F,prism_treatment_info
f88ceb191,BRD-K72726508-001-02-1,arcyriaflavin-a,CDK inhibitor,0.3825698744735376,0.3718910081651523,0.0106788663083852,False,"O=C1NC(=O)c2c1c1c3ccccc3[nH]c1c1[nH]c3ccccc3c21, O=C1NC(=O)c2c1c1c3ccccc3[nH]c1c1[nH]c3ccccc3c21",prism_treatment_info
f8af0e4c2,BRD-K78659596-001-03-9,ixazomib,proteasome inhibitor,0.396326279013965,0.3578110267768327,0.0385152522371323,False,CC(C)C[C@H](NC(=O)CNC(=O)c1cc(Cl)ccc1Cl)B(O)O,prism_treatment_info
f8bdaa4d4,BRD-K46384212-001-02-9,o-3M3FBS,phospholipase activator,0.3278698899007436,0.3207874706952285,0.0070824192055151,False,"Cc1cc(C)c(c(C)c1)S(=O)(=O)Nc1ccccc1C(F)(F)F, Cc1cc(C)c(c(C)c1)S(=O)(=O)Nc1ccccc1C(F)(F)F",prism_treatment_info
f8d24e330,BRD-K56543881-001-02-7,ADX-47273,glutamate receptor modulator,0.3185494683944194,0.3163392410323267,0.0022102273620926,False,Fc1ccc(cc1)C(=O)N1CCC[C@@H](C1)c1nc(no1)-c1ccc(F)cc1,prism_treatment_info
f8dc1fd51,BRD-A20644369-001-08-6,canrenone,mineralocorticoid receptor antagonist,0.320566547877743,0.3053111855082575,0.0152553623694855,False,C[C@]12CCC3C(C=CC4=CC(=O)CC[C@]34C)C1CC[C@@]21CCC(=O)O1,prism_treatment_info
f8e5c1af0,BRD-K07220430-001-18-4,cinnarazine,calcium channel blocker,0.4025813569188502,0.3536678301803289,0.0489135267385213,False,"C(\C=C\c1ccccc1)N1CCN(CC1)C(c1ccccc1)c1ccccc1, C(\C=C\c1ccccc1)N1CCN(CC1)C(c1ccccc1)c1ccccc1",prism_treatment_info
f92989f8d,BRD-K38852836-001-02-1,ganetespib,HSP inhibitor,0.4713802453474573,0.4650039253111465,0.0063763200363107,False,CC(C)c1cc(-c2n[nH]c(=O)n2-c2ccc3n(C)ccc3c2)c(O)cc1O,prism_treatment_info
f92d8dc63,BRD-A05523972-001-01-5,telmesteine,mucolytic agent,0.3139416193734665,0.309943574885627,0.0039980444878395,False,CCOC(=O)N1CSCC1C(O)=O,prism_treatment_info
f93338a8b,BRD-K22749967-046-02-3,ABT-239,histamine receptor antagonist,0.4442424977955926,0.3058554184554439,0.1383870793401487,False,C[C@@H]1CCCN1CCc1cc2cc(ccc2o1)-c1ccc(cc1)C#N,prism_treatment_info
f9382e5a2,BRD-K18424115-003-01-3,TG-100572,"src inhibitor, VEGFR inhibitor",0.3649442425868474,0.3206321730177539,0.0443120695690934,False,Cc1cc(cc2nnc(Nc3ccc(OCCN4CCCC4)cc3)nc12)-c1cc(O)ccc1Cl,prism_treatment_info
f9403130d,BRD-M89827113-001-01-5,cromakalim,,0.3510009568378825,0.3137789741980565,0.037221982639826,False,CC1(C)Oc2ccc(cc2[C@H]([C@@H]1O)N1CCCC1=O)C#N.CC1(C)Oc2ccc(cc2[C@@H]([C@H]1O)N1CCCC1=O)C#N,prism_treatment_info
f94118abd,BRD-K75699339-057-08-1,rizatriptan,serotonin receptor agonist,0.3746110948781301,0.3439918801396635,0.0306192147384666,False,"CN(C)CCc1c[nH]c2ccc(Cn3cncn3)cc12, CN(C)CCc1c[nH]c2ccc(Cn3cncn3)cc12, CN(C)CCc1c[nH]c2ccc(Cn3cncn3)cc12, CN(C)CCc1c[nH]c2ccc(Cn3cncn3)cc12",prism_treatment_info
f9450b58a,BRD-K32285926-001-02-1,AMG-208,tyrosine kinase inhibitor,0.3601863950394898,0.3123914545904709,0.0477949404490188,False,COc1ccc2c(OCc3nnc4ccc(nn34)-c3ccccc3)ccnc2c1,prism_treatment_info
f96caffcb,BRD-K41406082-001-16-2,sulfapyridine,PABA antagonist,0.4618675286969743,0.4446299311651099,0.0172375975318643,False,"Nc1ccc(cc1)S(=O)(=O)Nc1ccccn1, Nc1ccc(cc1)S(=O)(=O)Nc1ccccn1",prism_treatment_info
f96ead340,BRD-K02407574-001-09-7,parbendazole,tubulin polymerization inhibitor,0.6539666849105574,0.6009515429343267,0.0530151419762306,True,CCCCc1ccc2[nH]c(NC(=O)OC)nc2c1,prism_treatment_info
f985fee46,BRD-K45252063-001-13-6,clofibrate,PPAR receptor agonist,0.3706429914735356,0.3440725295508137,0.0265704619227219,False,"CCOC(=O)C(C)(C)Oc1ccc(Cl)cc1, CCOC(=O)C(C)(C)Oc1ccc(Cl)cc1, CCOC(=O)C(C)(C)Oc1ccc(Cl)cc1",prism_treatment_info
f98a1abd6,BRD-K71467466-001-02-3,KPT-185,exportin antagonist,0.4933931263848744,0.4830980736819892,0.0102950527028851,False,COc1cc(cc(c1)C(F)(F)F)-c1ncn(\C=C/C(=O)OC(C)C)n1,prism_treatment_info
f98af7cac,BRD-K75506300-001-01-6,NPS-2143,calcium receptor antagonist,0.4407385607210473,0.3221894956577637,0.1185490650632835,False,"CC(C)(Cc1ccc2ccccc2c1)NC[C@@H](O)COc1cccc(Cl)c1C#N, CC(C)(Cc1ccc2ccccc2c1)NC[C@@H](O)COc1cccc(Cl)c1C#N",prism_treatment_info
f9a72fa7b,BRD-K26253904-001-01-5,NMS-873,ATPase inhibitor,0.4237200376553113,0.3912982280213422,0.0324218096339691,False,"Cc1cc(OCc2nnc(SC3CCCC3)n2-c2cccnc2)ccc1-c1ccc(cc1)S(C)(=O)=O, Cc1cc(OCc2nnc(SC3CCCC3)n2-c2cccnc2)ccc1-c1ccc(cc1)S(C)(=O)=O",prism_treatment_info
f9ab83d1d,BRD-K63504947-001-15-4,semaxanib,VEGFR inhibitor,0.3890300722450207,0.362411172879538,0.0266188993654826,False,"Cc1cc(C)c(\C=C2/C(=O)Nc3ccccc23)[nH]1, Cc1cc(C)c(\C=C2/C(=O)Nc3ccccc23)[nH]1, Cc1cc(C)c(\C=C2/C(=O)Nc3ccccc23)[nH]1, Cc1cc(C)c(\C=C2/C(=O)Nc3ccccc23)[nH]1",prism_treatment_info
f9b0d313e,BRD-K68395654-001-03-1,EVP4593,NFkB pathway inhibitor,0.2793807764644561,0.2764412581413169,0.0029395183231392,False,"Nc1ccc2ncnc(NCCc3ccc(Oc4ccccc4)cc3)c2c1, Nc1ccc2ncnc(NCCc3ccc(Oc4ccccc4)cc3)c2c1, Nc1ccc2ncnc(NCCc3ccc(Oc4ccccc4)cc3)c2c1",prism_treatment_info
f9ca9c7a5,BRD-K96194081-001-10-2,cepharanthine,NFkB pathway inhibitor,0.4021937187409241,0.3651028348644172,0.0370908838765068,False,"COc1ccc2C[C@H]3N(C)CCc4cc(OC)c(Oc5c6OCOc6cc6CCN(C)[C@@H](Cc7ccc(Oc1c2)cc7)c56)cc34, COc1ccc2C[C@H]3N(C)CCc4cc(OC)c(Oc5c6OCOc6cc6CCN(C)[C@@H](Cc7ccc(Oc1c2)cc7)c56)cc34, COc1ccc2C[C@H]3N(C)CCc4cc(OC)c(Oc5c6OCOc6cc6CCN(C)[C@@H](Cc7ccc(Oc1c2)cc7)c56)cc34",prism_treatment_info
f9d0d8f63,BRD-A01787639-003-16-9,naftopidil,adrenergic receptor antagonist,0.3530947895912282,0.3250189034526738,0.0280758861385543,False,"COc1ccccc1N1CCN(CC(O)COc2cccc3ccccc23)CC1, COc1ccccc1N1CCN(CC(O)COc2cccc3ccccc23)CC1, COc1ccccc1N1CCN(CC(O)COc2cccc3ccccc23)CC1, COc1ccccc1N1CCN(CC(O)COc2cccc3ccccc23)CC1, COc1ccccc1N1CCN(CC(O)COc2cccc3ccccc23)CC1, COc1ccccc1N1CCN(CC(O)COc2cccc3ccccc23)CC1, COc1ccccc1N1CCN(CC(O)COc2cccc3ccccc23)CC1",prism_treatment_info
f9dc6d706,BRD-K39252998-003-01-5,atipamezole,adrenergic receptor antagonist,0.4328399430124022,0.3774999434981043,0.0553399995142979,False,"CCC1(Cc2ccccc2C1)c1cnc[nH]1, CCC1(Cc2ccccc2C1)c1cnc[nH]1",prism_treatment_info
f9e8eec0b,BRD-K61585876-001-01-0,3-carboxy-4-hydroxyphenylglycine-(S),glutamate receptor antagonist,0.3816350661496228,0.3775574262116762,0.0040776399379466,False,N[C@H](C(O)=O)c1ccc(O)c(c1)C(O)=O,prism_treatment_info
fa3500863,BRD-K79095980-001-09-6,broxuridine,antimetabolite,0.3803217254701981,0.3448865859432343,0.0354351395269637,False,OC[C@H]1O[C@H](C[C@@H]1O)n1cc(Br)c(=O)[nH]c1=O,prism_treatment_info
fa47e7093,BRD-K92073408-001-16-5,norethindrone,progesterone receptor agonist,0.3569290762994823,0.3287076519001169,0.0282214243993653,False,"C[C@]12CC[C@H]3[C@@H](CCC4=CC(=O)CC[C@H]34)[C@@H]1CC[C@@]2(O)C#C, C[C@]12CC[C@H]3[C@@H](CCC4=CC(=O)CC[C@H]34)[C@@H]1CC[C@@]2(O)C#C, C[C@]12CC[C@H]3[C@@H](CCC4=CC(=O)CC[C@H]34)[C@@H]1CC[C@@]2(O)C#C",prism_treatment_info
fa4e8a8cf,BRD-K35952844-238-01-2,calcium-gluceptate,,0.3581775681456241,0.2624520910437806,0.0957254771018434,False,"OC[C@@H](O)[C@@H](O)[C@H](O)[C@@H](O)[C@@H](O)C(O)=O, OC[C@@H](O)[C@@H](O)[C@H](O)[C@@H](O)[C@@H](O)C(O)=O",prism_treatment_info
fa69a1fc0,BRD-K22097830-001-01-9,OCO-1112,cholesterol inhibitor,0.3339032694162667,0.2942219501614151,0.0396813192548515,False,CC(C)c1ccc(cc1)C(=O)NCCOc1ccc(cc1)C(O)=O,prism_treatment_info
fabad7790,BRD-A00546892-001-02-6,biperiden,acetylcholine receptor antagonist,0.3698710860768113,0.3080967104673751,0.0617743756094362,False,"OC(CCN1CCCCC1)(C1CC2CC1C=C2)c1ccccc1, OC(CCN1CCCCC1)(C1CC2CC1C=C2)c1ccccc1",prism_treatment_info
fadadbe1f,BRD-K77245796-003-01-6,gamma-aminobutyric-acid,benzodiazepine receptor agonist,0.3375971504215229,0.3066335329358509,0.0309636174856719,False,NCCCC(O)=O,prism_treatment_info
fb0762638,BRD-A08545410-003-08-6,doxycycline,metalloproteinase inhibitor,0.3411758632306741,0.3001918565563964,0.0409840066742776,False,"C[C@@H]1[C@H]2[C@H](O)[C@H]3[C@H](N(C)C)C(=O)C(C(N)=O)C(=O)[C@@]3(O)C(=O)C2C(=O)c2c(O)cccc12, C[C@@H]1[C@H]2[C@H](O)[C@H]3[C@H](N(C)C)C(=O)C(C(N)=O)C(=O)[C@@]3(O)C(=O)C2C(=O)c2c(O)cccc12, C[C@@H]1[C@H]2[C@H](O)[C@H]3[C@H](N(C)C)C(=O)C(C(N)=O)C(=O)[C@@]3(O)C(=O)C2C(=O)c2c(O)cccc12, C[C@@H]1[C@H]2[C@H](O)[C@H]3[C@H](N(C)C)C(=O)C(C(N)=O)C(=O)[C@@]3(O)C(=O)C2C(=O)c2c(O)cccc12, C[C@@H]1[C@H]2[C@H](O)[C@H]3[C@H](N(C)C)C(=O)C(C(N)=O)C(=O)[C@@]3(O)C(=O)C2C(=O)c2c(O)cccc12",prism_treatment_info
fb1b9a664,BRD-K36198571-001-02-0,WAY-170523,metalloproteinase inhibitor,0.2840862753950851,0.2737266001400419,0.0103596752550432,False,"Cc1cc(C)c(N(Cc2ccccc2)S(=O)(=O)c2ccc(OCCNC(=O)c3cc4ccccc4o3)cc2)c(c1)C(=O)NO, Cc1cc(C)c(N(Cc2ccccc2)S(=O)(=O)c2ccc(OCCNC(=O)c3cc4ccccc4o3)cc2)c(c1)C(=O)NO",prism_treatment_info
fb25cbce2,BRD-K44590731-001-01-7,TU-2100,,0.3376890045196652,0.3375763616836023,0.0001126428360629,False,CCOC(=O)c1ccccc1OC(=O)CCCCCCCC(=O)Oc1ccccc1C(=O)OCC,prism_treatment_info
fb3ffdece,BRD-A14344385-001-03-2,IDRA-21,glutamate receptor positive allosteric modulator,0.3281500962015178,0.3113451310175257,0.0168049651839921,False,"CC1Nc2ccc(Cl)cc2S(=O)(=O)N1, CC1Nc2ccc(Cl)cc2S(=O)(=O)N1",prism_treatment_info
fb5164119,BRD-A68083442-001-01-6,pranidipine,calcium channel blocker,0.3100760038653198,0.3065276085873535,0.0035483952779662,False,COC(=O)C1=C(C)NC(C)=C(C1c1cccc(c1)[N+]([O-])=O)C(=O)OC\C=C\c1ccccc1,prism_treatment_info
fb559ed55,BRD-K90647725-001-06-5,oleanolic-acid,G protein-coupled receptor agonist,0.3194771574600176,0.3023426666695912,0.0171344907904264,False,"CC1(C)CC[C@@]2(CC[C@]3(C)C(=CC[C@@H]4[C@@]5(C)CC[C@H](O)C(C)(C)[C@@H]5CC[C@@]34C)[C@@H]2C1)C(O)=O, CC1(C)CC[C@@]2(CC[C@]3(C)C(=CC[C@@H]4[C@@]5(C)CC[C@H](O)C(C)(C)[C@@H]5CC[C@@]34C)[C@@H]2C1)C(O)=O",prism_treatment_info
fb67ca7d9,BRD-K66527818-001-02-6,VU0364770,glutamate receptor positive allosteric modulator,0.3580364514142339,0.2970136166725253,0.0610228347417086,False,Clc1cccc(NC(=O)c2ccccn2)c1,prism_treatment_info
fb69fd749,BRD-K81326768-001-04-0,zomepirac,prostaglandin synthesis inhibitor,0.287670622216539,0.2744184865557461,0.0132521356607929,False,"Cc1cc(CC(O)=O)n(C)c1C(=O)c1ccc(Cl)cc1, Cc1cc(CC(O)=O)n(C)c1C(=O)c1ccc(Cl)cc1, Cc1cc(CC(O)=O)n(C)c1C(=O)c1ccc(Cl)cc1",prism_treatment_info
fb6c2c373,BRD-K70301465-001-02-6,ibrutinib,Bruton's tyrosine kinase (BTK) inhibitor,0.5087328208209878,0.4685370556731653,0.0401957651478225,True,"Nc1ncnc2n(nc(-c3ccc(Oc4ccccc4)cc3)c12)[C@@H]1CCCN(C1)C(=O)C=C, Nc1ncnc2n(nc(-c3ccc(Oc4ccccc4)cc3)c12)[C@@H]1CCCN(C1)C(=O)C=C",prism_treatment_info
fb7304491,BRD-K93767137-001-01-1,oseltamivir-carboxylate,neuraminidase inhibitor,0.3534853118263484,0.3368834213402816,0.0166018904860668,False,CCC(CC)O[C@@H]1C=C(C[C@H](N)[C@H]1NC(C)=O)C(O)=O,prism_treatment_info
fb85944a6,BRD-K07442505-001-03-6,BAM7,BAX activator,0.3822169774254298,0.3479674081867111,0.0342495692387187,False,CCOc1ccccc1N\N=C1C(=O)N(N=C\1C)c1nc(cs1)-c1ccccc1,prism_treatment_info
fb8a93a83,BRD-K68336408-001-10-9,tyrphostin-AG-1478,EGFR inhibitor,0.3375544775601198,0.3233564105775142,0.0141980669826056,False,COc1cc2ncnc(Nc3cccc(Cl)c3)c2cc1OC,prism_treatment_info
fb8ba0d27,BRD-K32830106-003-20-4,guanfacine,adrenergic receptor agonist,0.384860817757242,0.3517366823327217,0.0331241354245202,False,"NC(=N)NC(=O)Cc1c(Cl)cccc1Cl, NC(=N)NC(=O)Cc1c(Cl)cccc1Cl, NC(=N)NC(=O)Cc1c(Cl)cccc1Cl",prism_treatment_info
fb909a091,BRD-A39230911-001-10-2,chlorphensin-carbamate,muscle relaxant,0.3970835894715118,0.3741471140667199,0.0229364754047918,False,NC(=O)OCC(O)COc1ccc(Cl)cc1,prism_treatment_info
fbcfd25a7,BRD-K51313569-003-03-3,palbociclib,CDK inhibitor,0.3502457698018263,0.3449021628908421,0.0053436069109842,False,"CC(=O)c1c(C)c2cnc(Nc3ccc(cn3)N3CCNCC3)nc2n(C2CCCC2)c1=O, CC(=O)c1c(C)c2cnc(Nc3ccc(cn3)N3CCNCC3)nc2n(C2CCCC2)c1=O",prism_treatment_info
fbd77dbb9,BRD-K54316499-046-04-5,tolterodine,acetylcholine receptor antagonist,0.408956864947455,0.3930681206661662,0.0158887442812888,False,"CC(C)N(CC[C@H](c1ccccc1)c1cc(C)ccc1O)C(C)C, CC(C)N(CC[C@H](c1ccccc1)c1cc(C)ccc1O)C(C)C, CC(C)N(CC[C@H](c1ccccc1)c1cc(C)ccc1O)C(C)C",prism_treatment_info
fbd797b85,BRD-A16296925-001-01-3,indobufen,"cyclooxygenase inhibitor, platelet aggregation inhibitor",0.3178876302378677,0.292036605040088,0.0258510251977796,False,CCC(C(O)=O)c1ccc(cc1)N1Cc2ccccc2C1=O,prism_treatment_info
fc19979b0,BRD-A94709349-001-08-3,metaxalone,muscle relaxant,0.3459541563325537,0.3110223409352221,0.0349318153973316,False,Cc1cc(C)cc(OCC2CNC(=O)O2)c1,prism_treatment_info
fc36f66e8,BRD-K65924316-001-03-1,serdemetan,MDM inhibitor,0.3731036490845861,0.3566110113681009,0.0164926377164851,False,"C(Cc1c[nH]c2ccccc12)Nc1ccc(Nc2ccncc2)cc1, C(Cc1c[nH]c2ccccc12)Nc1ccc(Nc2ccncc2)cc1",prism_treatment_info
fc4cd4585,BRD-K33743361-003-02-6,ML133,potassium channel blocker,0.3233367148030553,0.3085185660207802,0.0148181487822751,False,COc1ccc(CNCc2cccc3ccccc23)cc1,prism_treatment_info
fc61cc291,BRD-K44004064-001-07-3,acefylline,adenosine receptor agonist,0.3196973449380481,0.3058485514001998,0.0138487935378482,False,Cn1c2ncn(CC(O)=O)c2c(=O)n(C)c1=O,prism_treatment_info
fc706ea82,BRD-K62200014-003-10-5,anagrelide,phosphodiesterase inhibitor,0.4981226221542121,0.4653345813851909,0.0327880407690212,False,"Clc1ccc2N=C3NC(=O)CN3Cc2c1Cl, Clc1ccc2N=C3NC(=O)CN3Cc2c1Cl, Clc1ccc2N=C3NC(=O)CN3Cc2c1Cl",prism_treatment_info
fc89b3c68,BRD-A04203391-001-08-3,piricapiron,"dopamine receptor antagonist, serotonin receptor antagonist",0.398350460240381,0.3118069234329676,0.0865435368074133,False,CC1(C)C2CCC1(C)C(=O)N(CCCCN1CCN(CC1)c1ccccn1)C2=O,prism_treatment_info
fc9706723,BRD-K60287130-001-05-7,"5,7-dichlorokynurenic-acid",glutamate receptor antagonist,0.3344257839409352,0.3282921223851144,0.0061336615558208,False,"OC(=O)c1cc(O)c2c(Cl)cc(Cl)cc2n1, OC(=O)c1cc(O)c2c(Cl)cc(Cl)cc2n1",prism_treatment_info
fc9c0b83e,BRD-K73394555-237-01-1,oxolinic-acid,bacterial DNA gyrase inhibitor,0.3728164513779863,0.3357477659813178,0.0370686853966685,False,CCn1cc(C(O)=O)c(=O)c2cc3OCOc3cc12,prism_treatment_info
fc9c586b9,BRD-K02407574-001-09-7,parbendazole,tubulin polymerization inhibitor,0.6368496534400613,0.6349015073009343,0.0019481461391269,True,CCCCc1ccc2[nH]c(NC(=O)OC)nc2c1,prism_treatment_info
fc9cc6ec4,BRD-K00091711-001-01-2,RWJ-21757,toll-like receptor agonist,0.320512400921308,0.2928710999969442,0.0276413009243638,False,"Nc1nc2n([C@@H]3O[C@H](CO)[C@@H](O)[C@H]3O)c(=O)n(CC=C)c2c(=O)[nH]1, Nc1nc2n([C@@H]3O[C@H](CO)[C@@H](O)[C@H]3O)c(=O)n(CC=C)c2c(=O)[nH]1, Nc1nc2n([C@@H]3O[C@H](CO)[C@@H](O)[C@H]3O)c(=O)n(CC=C)c2c(=O)[nH]1",prism_treatment_info
fcafcf5a9,BRD-A93353767-008-02-2,isoconazole,fungal lanosterol demethylase inhibitor,0.3376691018129557,0.3013519780065732,0.0363171238063824,False,Clc1ccc(C(Cn2ccnc2)OCc2c(Cl)cccc2Cl)c(Cl)c1,prism_treatment_info
fcb7bf70f,BRD-K37618799-001-03-0,MRS-1220,adenosine receptor antagonist,0.5409223466298249,0.3355712472188215,0.2053510994110033,True,"Clc1ccc2nc(NC(=O)Cc3ccccc3)n3nc(nc3c2c1)-c1ccco1, Clc1ccc2nc(NC(=O)Cc3ccccc3)n3nc(nc3c2c1)-c1ccco1",prism_treatment_info
fcc0d5d89,BRD-K16508793-001-05-9,diazepam,benzodiazepine receptor agonist,0.3569382897619711,0.3101277953306904,0.0468104944312807,False,CN1c2ccc(Cl)cc2C(=NCC1=O)c1ccccc1,prism_treatment_info
fcc2e5b7e,BRD-K23984367-075-15-2,sorafenib,"FLT3 inhibitor, KIT inhibitor, PDGFR tyrosine kinase receptor inhibitor, RAF inhibitor, RET tyrosine kinase inhibitor, VEGFR inhibitor",0.4837084993004815,0.4767851663308366,0.0069233329696448,False,"CNC(=O)c1cc(Oc2ccc(NC(=O)Nc3ccc(Cl)c(c3)C(F)(F)F)cc2)ccn1, CNC(=O)c1cc(Oc2ccc(NC(=O)Nc3ccc(Cl)c(c3)C(F)(F)F)cc2)ccn1",prism_treatment_info
fce52a537,BRD-K85751432-001-03-3,refametinib,MEK inhibitor,0.5680236136002952,0.4851257521106278,0.0828978614896673,True,COc1cc(F)c(F)c(Nc2ccc(I)cc2F)c1NS(=O)(=O)C1(C[C@H](O)CO)CC1,prism_treatment_info
fcfed83c3,BRD-K52075715-001-06-7,oxibendazole,tubulin polymerization inhibitor,0.6494524787783821,0.6339758198636747,0.0154766589147073,True,"CCCOc1ccc2nc(NC(=O)OC)[nH]c2c1, CCCOc1ccc2nc(NC(=O)OC)[nH]c2c1",prism_treatment_info
fd0ae9d6b,BRD-A40084411-003-07-7,CGP-12177,adrenergic receptor agonist,0.3229915052529031,0.2718815189548442,0.0511099862980589,False,CC(C)(C)NCC(O)COc1cccc2[nH]c(O)nc12,prism_treatment_info
fd0e986aa,BRD-K42563464-001-01-9,YM-58483,calcium channel blocker,0.3641646839553967,0.335963204858704,0.0282014790966927,False,"Cc1nnsc1C(=O)Nc1ccc(cc1)-n1nc(cc1C(F)(F)F)C(F)(F)F, Cc1nnsc1C(=O)Nc1ccc(cc1)-n1nc(cc1C(F)(F)F)C(F)(F)F",prism_treatment_info
fd1b41aa2,BRD-K98684188-001-02-9,GSK-0660,PPAR receptor antagonist,0.2950155119375117,0.284028540157967,0.0109869717795446,False,"COC(=O)c1sccc1S(=O)(=O)Nc1ccc(Nc2ccccc2)cc1OC, COC(=O)c1sccc1S(=O)(=O)Nc1ccc(Nc2ccccc2)cc1OC",prism_treatment_info
fd2facbb9,BRD-K21913543-001-02-4,fluorescein,,0.3182292071391226,0.3015966167447152,0.0166325903944074,False,Oc1ccc2c(Oc3cc(O)ccc3C22OC(=O)c3ccccc23)c1,prism_treatment_info
fd3b67efb,BRD-K73589491-001-11-2,nizatidine,histamine receptor antagonist,0.3362481275484884,0.3015749152135585,0.0346732123349298,False,"CN\C(NCCSCc1csc(CN(C)C)n1)=C/[N+]([O-])=O, CN\C(NCCSCc1csc(CN(C)C)n1)=C/[N+]([O-])=O",prism_treatment_info
fd4387eac,BRD-K56543881-001-02-7,ADX-47273,glutamate receptor modulator,0.2768788368313585,0.2730087123319547,0.0038701244994038,False,Fc1ccc(cc1)C(=O)N1CCC[C@@H](C1)c1nc(no1)-c1ccc(F)cc1,prism_treatment_info
fd68e0363,BRD-K90027355-001-19-0,spironolactone,mineralocorticoid receptor antagonist,0.3455847410138344,0.3446884992834555,0.0008962417303788,False,"CC(=O)S[C@@H]1CC2=CC(=O)CC[C@]2(C)[C@H]2CC[C@@]3(C)[C@@H](CC[C@@]33CCC(=O)O3)[C@H]12, CC(=O)S[C@@H]1CC2=CC(=O)CC[C@]2(C)[C@H]2CC[C@@]3(C)[C@@H](CC[C@@]33CCC(=O)O3)[C@H]12, CC(=O)S[C@@H]1CC2=CC(=O)CC[C@]2(C)[C@H]2CC[C@@]3(C)[C@@H](CC[C@@]33CCC(=O)O3)[C@H]12, CC(=O)S[C@@H]1CC2=CC(=O)CC[C@]2(C)[C@H]2CC[C@@]3(C)[C@@H](CC[C@@]33CCC(=O)O3)[C@H]12",prism_treatment_info
fdbbb98fa,BRD-K91758890-001-10-0,4-HQN,PARP inhibitor,0.4401679153062707,0.3377049621290633,0.1024629531772073,False,Oc1ncnc2ccccc12,prism_treatment_info
fdcd6eba3,BRD-K03095347-001-06-1,levosimendan,calcium sensitizer,0.4407817576373777,0.3457637213586563,0.0950180362787214,False,"C[C@@H]1CC(=O)NN=C1c1ccc(NN=C(C#N)C#N)cc1, C[C@@H]1CC(=O)NN=C1c1ccc(NN=C(C#N)C#N)cc1",prism_treatment_info
fdda3eb67,BRD-K32247306-001-29-4,primidone,GABA receptor antagonist,0.3572436744369703,0.3127610263436023,0.0444826480933679,False,"CCC1(C(=O)NCNC1=O)c1ccccc1, CCC1(C(=O)NCNC1=O)c1ccccc1, CCC1(C(=O)NCNC1=O)c1ccccc1",prism_treatment_info
fdf3069d4,BRD-A14886633-001-01-6,norgestrel,progesterone receptor agonist,0.3371707704835963,0.3250661146229302,0.012104655860666,False,CC[C@]12CCC3[C@@H](CCC4=CC(=O)CC[C@H]34)[C@@H]1CC[C@@]2(O)C#C,prism_treatment_info
fdf9c5a5d,BRD-K25412176-001-01-9,GSK2110183,AKT inhibitor,0.5616119978065788,0.5404556382270158,0.0211563595795629,True,Cn1ncc(Cl)c1-c1cc(sc1Cl)C(=O)N[C@H](CN)Cc1cccc(F)c1,prism_treatment_info
fe05943c9,BRD-K25991633-001-01-9,BMS-649,retinoid receptor agonist,0.3192239905976142,0.2997516338854245,0.0194723567121897,False,"CC1(C)CCC(C)(C)c2cc(ccc12)C1(OCCO1)c1ccc(cc1)C(O)=O, CC1(C)CCC(C)(C)c2cc(ccc12)C1(OCCO1)c1ccc(cc1)C(O)=O",prism_treatment_info
fe0f55365,BRD-K16474819-001-09-6,metacetamol,analgesic agent,0.3940564789106859,0.3584974190217718,0.0355590598889141,False,CC(=O)Nc1cccc(O)c1,prism_treatment_info
fe17b8b65,BRD-K68392338-003-02-0,ZK-93426,benzodiazepine receptor antagonist,0.2819416958631739,0.2696845325517509,0.012257163311423,False,"CCOC(=O)c1ncc2[nH]c3cccc(OC(C)C)c3c2c1C, CCOC(=O)c1ncc2[nH]c3cccc(OC(C)C)c3c2c1C",prism_treatment_info
fe1c34dbe,BRD-K85554912-001-08-9,ivermectin,benzodiazepine receptor agonist,0.3473593750002463,0.3342598663315834,0.0130995086686628,False,"CC[C@H](C)[C@H]1O[C@]2(CC[C@@H]1C)C[C@@H]1C[C@@H](C\C=C(C)\[C@@H](O[C@H]3C[C@H](OC)[C@@H](O[C@H]4C[C@H](OC)[C@@H](O)[C@H](C)O4)[C@H](C)O3)[C@@H](C)\C=C\C=C3/CO[C@@H]4[C@H](O)C(C)=C[C@@H](C(=O)O1)[C@]34O)O2, CC[C@H](C)[C@H]1O[C@]2(CC[C@@H]1C)C[C@@H]1C[C@@H](C\C=C(C)\[C@@H](O[C@H]3C[C@H](OC)[C@@H](O[C@H]4C[C@H](OC)[C@@H](O)[C@H](C)O4)[C@H](C)O3)[C@@H](C)\C=C\C=C3/CO[C@@H]4[C@H](O)C(C)=C[C@@H](C(=O)O1)[C@]34O)O2, CC[C@H](C)[C@H]1O[C@]2(CC[C@@H]1C)C[C@@H]1C[C@@H](C\C=C(C)\[C@@H](O[C@H]3C[C@H](OC)[C@@H](O[C@H]4C[C@H](OC)[C@@H](O)[C@H](C)O4)[C@H](C)O3)[C@@H](C)\C=C\C=C3/CO[C@@H]4[C@H](O)C(C)=C[C@@H](C(=O)O1)[C@]34O)O2, CC[C@H](C)[C@H]1O[C@]2(CC[C@@H]1C)C[C@@H]1C[C@@H](C\C=C(C)\[C@@H](O[C@H]3C[C@H](OC)[C@@H](O[C@H]4C[C@H](OC)[C@@H](O)[C@H](C)O4)[C@H](C)O3)[C@@H](C)\C=C\C=C3/CO[C@@H]4[C@H](O)C(C)=C[C@@H](C(=O)O1)[C@]34O)O2",prism_treatment_info
fe213e3a3,BRD-K73323637-003-10-9,levobunolol-(+),adrenergic receptor antagonist,0.3735218589978856,0.3250227839583136,0.048499075039572,False,CC(C)(C)NC[C@@H](O)COc1cccc2C(=O)CCCc12,prism_treatment_info
fe2ced8f1,BRD-K59317601-001-05-5,MLN0128,mTOR inhibitor,0.2973303584165733,0.2857050536273039,0.0116253047892693,False,CC(C)n1nc(-c2ccc3oc(N)nc3c2)c2c(N)ncnc12,prism_treatment_info
fe37066fc,BRD-K45330754-001-21-7,diethylstilbestrol,estrogen receptor agonist,0.5032293673085952,0.4181999978682768,0.0850293694403184,True,"CC\C(c1ccc(O)cc1)=C(\CC)c1ccc(O)cc1, CC\C(c1ccc(O)cc1)=C(\CC)c1ccc(O)cc1",prism_treatment_info
fe6105bde,BRD-K74305673-001-06-2,IKK-2-inhibitor-V,"IKK inhibitor, NFkB pathway inhibitor",0.3816786272875786,0.3371293380843895,0.044549289203189,False,"Oc1ccc(Cl)cc1C(=O)Nc1cc(cc(c1)C(F)(F)F)C(F)(F)F, Oc1ccc(Cl)cc1C(=O)Nc1cc(cc(c1)C(F)(F)F)C(F)(F)F",prism_treatment_info
fe6686e67,BRD-K82036761-003-20-3,sertraline,selective serotonin reuptake inhibitor (SSRI),0.3419499498304189,0.3358015276803823,0.0061484221500366,False,"CN[C@H]1CC[C@@H](c2ccc(Cl)c(Cl)c2)c2ccccc12, CN[C@H]1CC[C@@H](c2ccc(Cl)c(Cl)c2)c2ccccc12, CN[C@H]1CC[C@@H](c2ccc(Cl)c(Cl)c2)c2ccccc12, CN[C@H]1CC[C@@H](c2ccc(Cl)c(Cl)c2)c2ccccc12",prism_treatment_info
fe7e9ab78,BRD-A68969091-001-12-7,echinomycin,DNA intercalating agent,0.3421351885949347,0.2935392172011717,0.0485959713937629,False,CSC1SCC2N(C)C(=O)C(C)NC(=O)C(COC(=O)C(C(C)C)N(C)C(=O)C1N(C)C(=O)C(C)NC(=O)C(COC(=O)C(C(C)C)N(C)C2=O)NC(=O)c1cnc2ccccc2n1)NC(=O)c1cnc2ccccc2n1,prism_treatment_info
fe8625cad,BRD-K55044200-001-15-3,amoxicillin,penicillin binding protein inhibitor,0.4451758940026813,0.3547088057333075,0.0904670882693737,False,"CC1(C)S[C@@H]2[C@H](NC(=O)[C@H](N)c3ccc(O)cc3)C(=O)N2[C@H]1C(O)=O, CC1(C)S[C@@H]2[C@H](NC(=O)[C@H](N)c3ccc(O)cc3)C(=O)N2[C@H]1C(O)=O, CC1(C)S[C@@H]2[C@H](NC(=O)[C@H](N)c3ccc(O)cc3)C(=O)N2[C@H]1C(O)=O, CC1(C)S[C@@H]2[C@H](NC(=O)[C@H](N)c3ccc(O)cc3)C(=O)N2[C@H]1C(O)=O, CC1(C)S[C@@H]2[C@H](NC(=O)[C@H](N)c3ccc(O)cc3)C(=O)N2[C@H]1C(O)=O, CC1(C)S[C@@H]2[C@H](NC(=O)[C@H](N)c3ccc(O)cc3)C(=O)N2[C@H]1C(O)=O",prism_treatment_info
fea7e5d15,BRD-K77245796-003-01-6,gamma-aminobutyric-acid,benzodiazepine receptor agonist,0.3347127324982476,0.3101684068217644,0.0245443256764831,False,NCCCC(O)=O,prism_treatment_info
feaadfd38,BRD-K68395654-001-03-1,EVP4593,NFkB pathway inhibitor,0.5115775680589012,0.3824262019057537,0.1291513661531474,True,"Nc1ccc2ncnc(NCCc3ccc(Oc4ccccc4)cc3)c2c1, Nc1ccc2ncnc(NCCc3ccc(Oc4ccccc4)cc3)c2c1, Nc1ccc2ncnc(NCCc3ccc(Oc4ccccc4)cc3)c2c1",prism_treatment_info
feb9315c0,BRD-A53566267-001-01-9,anecortave-acetate,angiogenesis inhibitor,0.4379047891942478,0.3412166190592641,0.0966881701349837,False,CC(=O)OCC(=O)[C@@]1(O)CCC2C3CCC4=CC(=O)CC[C@]4(C)C3=CC[C@]12C,prism_treatment_info
fedd79674,BRD-K89053832-001-01-0,VLX600,ubiquitin C-terminal hydrolase inhibitor,0.35950177810185,0.3390778667394054,0.0204239113624446,False,C\C(=N\Nc1nnc2c(n1)[nH]c1c(C)cccc21)c1ccccn1,prism_treatment_info
fedfaf25d,BRD-K46690591-001-01-2,KP-1212,,0.3963687313363042,0.2877077163029164,0.1086610150333877,False,NC1=NC(=O)N(CN1)[C@H]1C[C@@H](O)[C@@H](CO)O1,prism_treatment_info
fee67ac63,BRD-K19477839-001-07-6,SGX523,hepatocyte growth factor receptor inhibitor,0.3508266821926292,0.3208163975389696,0.0300102846536596,False,Cn1cc(cn1)-c1ccc2nnc(Sc3ccc4ncccc4c3)n2n1,prism_treatment_info
fefd9f534,BRD-K89125793-001-26-0,tinidazole,antiprotozoal agent,0.3933351079712835,0.3113020125737803,0.0820330953975032,False,"CCS(=O)(=O)CCn1c(C)ncc1[N+]([O-])=O, CCS(=O)(=O)CCn1c(C)ncc1[N+]([O-])=O, CCS(=O)(=O)CCn1c(C)ncc1[N+]([O-])=O",prism_treatment_info
ff1dd51ca,BRD-A42759514-001-20-5,ornidazole,antiprotozoal agent,0.381384791373562,0.3274803056208479,0.0539044857527141,False,"Cc1ncc(n1CC(O)CCl)[N+]([O-])=O, Cc1ncc(n1CC(O)CCl)[N+]([O-])=O, Cc1ncc(n1CC(O)CCl)[N+]([O-])=O",prism_treatment_info
ff270e1e7,BRD-K10598093-303-06-1,hexamethonium,cholinergic receptor antagonist,0.3935814046102948,0.3590717419958494,0.0345096626144454,False,"C[N+](C)(C)CCCCCC[N+](C)(C)C, C[N+](C)(C)CCCCCC[N+](C)(C)C, C[N+](C)(C)CCCCCC[N+](C)(C)C",prism_treatment_info
ff2ef49ab,BRD-K88405679-003-03-1,thonzylamine,antihistamine,0.4005480740159454,0.3862754084750667,0.0142726655408787,False,COc1ccc(CN(CCN(C)C)c2ncccn2)cc1,prism_treatment_info
ff30d6768,BRD-K30649484-003-13-7,mafenide,carbonic anhydrase inhibitor,0.3452050778816778,0.2992262963335577,0.04597878154812,False,NCc1ccc(cc1)S(N)(=O)=O,prism_treatment_info
ff32409d8,BRD-K89634775-001-09-9,allylthiourea,nitrification inhibitor,0.3645972897125534,0.3637959666796584,0.000801323032895,False,"NC(S)=NCC=C, NC(S)=NCC=C",prism_treatment_info
ff32d9c31,BRD-K02407574-001-09-7,parbendazole,tubulin polymerization inhibitor,0.6421872323254841,0.5844163819126796,0.0577708504128045,True,CCCCc1ccc2[nH]c(NC(=O)OC)nc2c1,prism_treatment_info
ff539cce7,BRD-K13044802-213-20-7,ciclopirox,membrane integrity inhibitor,0.4996857293003781,0.4144524134832961,0.085233315817082,True,"Cc1cc(C2CCCCC2)n(O)c(=O)c1, Cc1cc(C2CCCCC2)n(O)c(=O)c1, Cc1cc(C2CCCCC2)n(O)c(=O)c1, Cc1cc(C2CCCCC2)n(O)c(=O)c1, Cc1cc(C2CCCCC2)n(O)c(=O)c1, Cc1cc(C2CCCCC2)n(O)c(=O)c1",prism_treatment_info
ff551f3a3,BRD-K56543881-001-02-7,ADX-47273,glutamate receptor modulator,0.3522132085455315,0.3345187235712128,0.0176944849743186,False,Fc1ccc(cc1)C(=O)N1CCC[C@@H](C1)c1nc(no1)-c1ccc(F)cc1,prism_treatment_info
ff55b75c9,BRD-K68164687-001-01-6,epothilone-b,"microtubule stabilizing agent, tubulin polymerization inhibitor",0.5423930049996337,0.5405082103573585,0.0018847946422752,True,C[C@H]1CCC[C@@]2(C)O[C@H]2C[C@@H](OC(=O)C[C@@H](O)C(C)(C)C(=O)[C@H](C)[C@H]1O)C(\C)=C\c1csc(C)n1,prism_treatment_info
ff5a3ecb1,BRD-A01787639-003-16-9,naftopidil,adrenergic receptor antagonist,0.3440193341888654,0.2853764377920794,0.0586428963967859,False,"COc1ccccc1N1CCN(CC(O)COc2cccc3ccccc23)CC1, COc1ccccc1N1CCN(CC(O)COc2cccc3ccccc23)CC1, COc1ccccc1N1CCN(CC(O)COc2cccc3ccccc23)CC1, COc1ccccc1N1CCN(CC(O)COc2cccc3ccccc23)CC1, COc1ccccc1N1CCN(CC(O)COc2cccc3ccccc23)CC1, COc1ccccc1N1CCN(CC(O)COc2cccc3ccccc23)CC1, COc1ccccc1N1CCN(CC(O)COc2cccc3ccccc23)CC1",prism_treatment_info
ff9565933,BRD-K39252998-003-01-5,atipamezole,adrenergic receptor antagonist,0.4890783662597138,0.4805138246419304,0.0085645416177833,False,"CCC1(Cc2ccccc2C1)c1cnc[nH]1, CCC1(Cc2ccccc2C1)c1cnc[nH]1",prism_treatment_info
ffd66e220,BRD-K64614248-001-12-3,salicin,anti-inflammatory agent,0.3843430601497491,0.275705127118136,0.1086379330316131,False,"OC[C@H]1O[C@@H](Oc2ccccc2CO)[C@H](O)[C@@H](O)[C@@H]1O, OC[C@H]1O[C@@H](Oc2ccccc2CO)[C@H](O)[C@@H](O)[C@@H]1O",prism_treatment_info
ffe357f8f,BRD-A74914197-001-02-9,pralatrexate,dihydrofolate reductase inhibitor,0.324634884324164,0.3229502000089847,0.0016846843151792,False,Nc1nc(N)c2nc(CC(CC#C)c3ccc(cc3)C(=O)N[C@@H](CCC(O)=O)C(O)=O)cnc2n1,prism_treatment_info
ffed8e1c9,BRD-K73440166-001-01-3,cinaciguat,guanylate cyclase activator,0.4085940964375998,0.3385352367118986,0.0700588597257012,False,OC(=O)CCCCN(CCc1ccccc1OCc1ccc(CCc2ccccc2)cc1)Cc1ccc(cc1)C(O)=O,prism_treatment_info
fff7d208d,BRD-K36016295-001-04-5,KU-60019,ATM kinase inhibitor,0.3781809276833263,0.3647622662447297,0.0134186614385965,False,"C[C@H]1CN(CC(=O)Nc2ccc3Sc4c(Cc3c2)cccc4-c2cc(=O)cc(o2)N2CCOCC2)C[C@@H](C)O1, C[C@H]1CN(CC(=O)Nc2ccc3Sc4c(Cc3c2)cccc4-c2cc(=O)cc(o2)N2CCOCC2)C[C@@H](C)O1, C[C@H]1CN(CC(=O)Nc2ccc3Sc4c(Cc3c2)cccc4-c2cc(=O)cc(o2)N2CCOCC2)C[C@@H](C)O1",prism_treatment_info
