drug_id,matched_sig_id,matched_cell_id,matched_pert_id,matched_pert_iname,match_score,second_score,margin,above_threshold
00199ff52,DOS056_MCF7_24H:BRD-K38586507-001-01-5:5,MCF7,BRD-K38586507,BRD-K38586507,0.16216925422246675,0.15546567674306852,0.006703577479398232,False
00251fc41,DOS058_A375_24H:BRD-K99188848-019-01-6:5,A375,BRD-K99188848,BRD-K99188848,0.16963905925472755,0.16959833879342442,4.0720461303128674e-05,False
00321ea80,CPC016_A375_6H:BRD-K83508485-001-01-9:10,A375,BRD-K83508485,FK-888,0.1708109373788292,0.16955956085625995,0.0012513765225692364,False
0034c0847,DOS039_A375_24H:BRD-K00765103-001-01-7:4.54,A375,BRD-K00765103,BRD-K00765103,0.14910932339184604,0.14757849273601226,0.001530830655833787,False
0060e686f,CPC008_A375_6H:BRD-K91913968-001-08-2:10,A375,BRD-K91913968,BRD-K91913968,0.14959227282713267,0.14028812400048166,0.00930414882665101,False
00898e82c,CPC014_NPC_24H:BRD-K71035033-001-01-4:10,NPC,BRD-K71035033,masitinib,0.17663427085812428,0.1603115189899961,0.016322751868128177,False
009a5da05,DOS048_A375_24H:BRD-K90305015-001-01-0:5.01,A375,BRD-K90305015,BRD-K90305015,0.16856897141586163,0.16430473836928025,0.004264233046581384,False
00d2de1d8,HDAC002_HA1E_24H:BRD-K10436544-001-01-0:0.078125,HA1E,BRD-K10436544,BRD-K10436544,0.15445130056169937,0.15148186313379508,0.0029694374279042868,False
00dba5599,CPD003_MCF7_6H:BRD-K49669424-075-15-0:10,MCF7,BRD-K49669424,bretylium,0.15893291350607483,0.15056128771970712,0.008371625786367715,False
014d175d7,CPC005_HA1E_6H:BRD-K46211610-003-15-0:10,HA1E,BRD-K46211610,tolazoline,0.16504274048578627,0.157613818810719,0.007428921675067257,False
015a48b37,CPC011_HA1E_6H:BRD-K66615216-003-09-8:10,HA1E,BRD-K66615216,moxifloxacin,0.1578636371038777,0.14532981226688751,0.012533824836990198,False
0166f205e,DOSBIO002_NEU_24H:BRD-K69295800:9.69533,NEU,BRD-K69295800,BRD-K69295800,0.16946604142195795,0.15325550968850354,0.01621053173345441,False
01872549f,BRAF001_A375_6H:BRD-K67578145-001-05-5:2.5,A375,BRD-K67578145,GDC-0879,0.176699529335915,0.15834389035415836,0.018355638981756656,False
018e6eb14,NMH001_NEU_6H:BRD-K25210139-001-01-3:10,NEU,BRD-K25210139,bietaserpine,0.18554756224643018,0.17542959446071765,0.010117967785712528,False
018fbfcdb,DOS046_MCF7_24H:BRD-K05639119-001-01-1:5,MCF7,BRD-K05639119,SA-1920013,0.16429859625397536,0.1607818303470352,0.003516765906940167,False
01af4c881,CPC010_A549_24H:BRD-K06217810-019-03-5:10,A549,BRD-K06217810,BRD-K06217810,0.15720226485002703,0.15508039881925798,0.002121866030769054,False
01b66f497,LJP002_MDAMB231_6H:BRD-K38113518-001-01-5:0.4,MDAMB231,BRD-K38113518,XMD-16144,0.16431356751869414,0.1505169389051282,0.013796628613565926,False
01ee58f64,DOS043_A549_24H:BRD-A19500257:10,A549,BRD-A19500257,geldanamycin,0.15146353176463853,0.13606807118670414,0.015395460577934394,False
02084574f,RAD001_A549_6H:BRD-K15108141-003-01-3:0.0137,A549,BRD-K15108141,gemcitabine,0.16802602275848638,0.14705760922881414,0.020968413529672242,False
0212c63a7,DOS027_VCAP_24H:BRD-K62430643-001-01-0:5.05,VCAP,BRD-K62430643,BRD-K62430643,0.1854928439651503,0.18479521577288857,0.00069762819226174,False
0222d944c,NMH002_NEU_6H:BRD-K84943004-001-01-9:10,NEU,BRD-K84943004,MC-1293,0.15841916745973847,0.15619216663053462,0.0022270008292038512,False
022f3ae8e,CPC011_MCF7_6H:BRD-A35519318-003-08-1:10,MCF7,BRD-A35519318,benidipine,0.15481851007861452,0.15380104631775346,0.0010174637608610648,False
0233971e0,CPC006_SNGM_6H:BRD-A34817987-001-11-8:10,SNGM,BRD-A34817987,itraconazole,0.16491944739278433,0.16122252303039267,0.0036969243623916626,False
0249e20c4,DOSBIO001_A375_24H:BRD-K68253248:10.1649,A375,BRD-K68253248,BRD-K68253248,0.18718730810535109,0.16720868974653527,0.019978618358815814,False
025d91250,CPC014_A375_6H:BRD-K66615216-001-01-9:10,A375,BRD-K66615216,moxifloxacin,0.16613318264311672,0.16285238781015932,0.003280794832957401,False
026c86906,HOG003_A549_24H:BRD-A47829399-001-01-1:0.0015,A549,BRD-A47829399,artesunate,0.18012426562284703,0.17517634908167598,0.004947916541171049,False
02858eca8,CPC014_HA1E_6H:BRD-K33572481-001-01-0:10,HA1E,BRD-K33572481,taurodeoxycholic-acid,0.16390967785175592,0.1620922288212095,0.0018174490305464253,False
02ae89796,DOS014_VCAP_6H:BRD-K84321619-001-01-5:5.03,VCAP,BRD-K84321619,BRD-K84321619,0.15862573348924225,0.15217912153132584,0.006446611957916404,False
02b14dcc0,CPC006_MCF7_24H:BRD-K57080016-001-04-3:80,MCF7,BRD-K57080016,selumetinib,0.16009456853588933,0.1577578354187431,0.002336733117146217,False
031afe482,DOSBIO001_NPC_24H:BRD-K33928422:10.0715,NPC,BRD-K33928422,BRD-K33928422,0.14775621328558824,0.14750280338475566,0.0002534099008325852,False
032128cc7,DOS059_A549_24H:BRD-K65266817-001-01-5:5,A549,BRD-K65266817,BRD-K65266817,0.1561672850155162,0.15265193148009745,0.003515353535418736,False
03478f3f9,CPC017_A375_6H:BRD-K10177585-003-01-6:10,A375,BRD-K10177585,PSB-11,0.15512971911181364,0.14105664881298946,0.01407307029882418,False
035a6a762,CPC012_A549_6H:BRD-K11883928-001-01-8:10,A549,BRD-K11883928,BRD-K11883928,0.14572209706122685,0.14178999037635498,0.003932106684871872,False
037888d25,DOS048_A375_24H:BRD-K80741006-001-01-9:5,A375,BRD-K80741006,BRD-K80741006,0.14827539019865466,0.1363071418252051,0.011968248373449564,False
0393401cc,DOS040_A375_24H:BRD-K89715659-001-01-4:4.99,A375,BRD-K89715659,BRD-K89715659,0.141257477082487,0.13767979411283282,0.003577682969654189,False
03b09563c,DOS047_A549_24H:BRD-K58033375-001-01-2:4.96,A549,BRD-K58033375,BRD-K58033375,0.17896436467770804,0.17588164138092766,0.0030827232967803875,False
03b81e62e,ERG017_VCAP_24H:BRD-K10731645:10,VCAP,BRD-K10731645,BRD-K10731645,0.14969532538771546,0.14832364241587093,0.0013716829718445345,False
03b86deca,CPC008_A375_6H:BRD-K52695588-003-01-3:10,A375,BRD-K52695588,BRD-K52695588,0.16528562717695255,0.16501438647290895,0.0002712407040436071,False
0438952f6,CPC016_A549_24H:BRD-K30990140-003-01-6:10,A549,BRD-K30990140,FR-122047,0.17147918237616588,0.16337692385286995,0.008102258523295935,False
043fedc3f,DOS052_A375_24H:BRD-K38955087-001-01-0:4.91,A375,BRD-K38955087,BRD-K38955087,0.14841205472324714,0.14300913433247153,0.005402920390775612,False
0472f88f4,DOS050_HT29_24H:BRD-K05896800-001-01-1:5,HT29,BRD-K05896800,BRD-K05896800,0.16307175303249702,0.1580065452898794,0.005065207742617622,False
04765e596,DOS011_VCAP_6H:BRD-K09276254-001-01-3:4.94,VCAP,BRD-K09276254,BRD-K09276254,0.16152330714735763,0.14646970179976398,0.015053605347593646,False
04791bbdf,CPC009_A549_6H:BRD-A01320529-001-08-3:10,A549,BRD-A01320529,salmeterol,0.17195271769768555,0.16795692072225943,0.003995796975426125,False
047d037a9,CPC012_A375_6H:BRD-K50493736-001-01-0:10,A375,BRD-K50493736,RAN-02,0.15571933069676774,0.14415072947429997,0.011568601222467778,False
04f5356dc,CPC006_HEC108_6H:BRD-K89692698-001-06-7:160,HEC108,BRD-K89692698,BRD-K89692698,0.1629720130964445,0.15453947543228208,0.00843253766416241,False
04fdc0c19,PCLB002_HCC515_24H:BRD-K98948170:33.33,HCC515,BRD-K98948170,BRD-K98948170,0.16865804875958063,0.14279420278945532,0.02586384597012531,False
050116d56,CPC018_MCF7_24H:BRD-A36267905-003-12-7:10,MCF7,BRD-A36267905,buphenine,0.14482653387013528,0.1425720549809024,0.002254478889232886,False
051a078dd,CPC009_PC3_6H:BRD-A11929187-001-07-4:10,PC3,BRD-A11929187,BRD-A11929187,0.16071008544416082,0.15446886258009862,0.006241222864062201,False
053b1881a,CPC003_HA1E_6H:BRD-K10705233-001-01-4:10,HA1E,BRD-K10705233,GW-405833,0.16852874966961495,0.15876811261506368,0.009760637054551269,False
053bd4f4a,DOS057_MCF7_24H:BRD-K92129795-001-01-8:5,MCF7,BRD-K92129795,BRD-K92129795,0.1440227085020988,0.1378670702272006,0.006155638274898206,False
053ebdb54,CPC006_WSUDLCL2_6H:BRD-A12230535-001-02-6:44.4,WSUDLCL2,BRD-A12230535,nutlin-3,0.146537767360003,0.1445726193850291,0.0019651479749739076,False
0553c169f,CPC016_MCF7_24H:BRD-K72676686-103-01-8:10,MCF7,BRD-K72676686,fluvoxamine,0.17306583036026868,0.1711506055742541,0.00191522478601458,False
059eeaab7,CPC011_A375_6H:BRD-K02992638-001-07-6:10,A375,BRD-K02992638,lamivudine,0.16589215120096665,0.1594491798840535,0.006442971316913154,False
05e9ef087,DOS054_A375_24H:BRD-K69480620-001-01-5:5,A375,BRD-K69480620,BRD-K69480620,0.1910025120109074,0.17101772497420342,0.019984787036703977,False
06008aff2,CPC004_MCF7_6H:BRD-K86301799-001-19-9:10,MCF7,BRD-K86301799,dipyridamole,0.17661561731085942,0.17440559392985053,0.0022100233810088965,False
062a92da6,CPC020_PC3_24H:BRD-K81272440-236-10-1:10,PC3,BRD-K81272440,dantrolene,0.15518661105035214,0.15421674401001836,0.0009698670403337772,False
0643dfd76,HOG002_A549_6H:BRD-A75409952-001-01-6:1.11,A549,BRD-A75409952,wortmannin,0.16156325621957213,0.15875912908597808,0.002804127133594042,False
0672af23e,RAD001_MCF7_24H:BRD-K80738081-001-23-7:0.3704,MCF7,BRD-K80738081,resveratrol,0.15440658363429227,0.1498418139040115,0.004564769730280777,False
06787fefe,CPC018_A549_24H:BRD-K65786282-001-02-6:10,A549,BRD-K65786282,CGP-7930,0.15285645602663187,0.14344087240836215,0.009415583618269718,False
0691eefdd,CPC014_HT29_6H:BRD-K64800655-001-01-7:10,HT29,BRD-K64800655,PHA-793887,0.16481138876346016,0.1638903437314675,0.0009210450319926677,False
06af533b3,RAD001_HCC515_6H:BRD-K95986273-001-01-9:0.3704,HCC515,BRD-K95986273,MW-MITF24,0.17081085263955736,0.15823599719903286,0.012574855440524502,False
06b61c0ea,DOS032_HT29_24H:BRD-K73199200-001-01-3:4.99,HT29,BRD-K73199200,BRD-K73199200,0.18763085689880588,0.16367118167518302,0.023959675223622856,False
06bc90c08,PCLB003_PC3_24H:BRD-K21001652-001-01-7:0.04,PC3,BRD-K21001652,BRD-K21001652,0.1535999744077419,0.14764959746403286,0.005950376943709035,False
06c3860e2,CPC006_SW480_6H:BRD-K92991072-001-02-3:10,SW480,BRD-K92991072,PAC-1,0.15233272839329817,0.15087825568462176,0.0014544727086764075,False
06cb74093,DOS052_A375_24H:BRD-K86336638-001-01-8:4.9,A375,BRD-K86336638,BRD-K86336638,0.153024390945589,0.14454247619946475,0.008481914746124253,False
070589dd4,CPC018_HEPG2_6H:BRD-K32480606-001-01-7:10,HEPG2,BRD-K32480606,"3,6-dimethoxyflavone",0.16231499262810478,0.15197438049339976,0.010340612134705024,False
071754ad0,CPC019_MCF7_6H:BRD-K18096819-001-01-2:10,MCF7,BRD-K18096819,BRD-K18096819,0.17253569939487798,0.1520655127132408,0.020470186681637165,False
071afe3da,CPC007_VCAP_6H:BRD-K84855138-001-05-5:10,VCAP,BRD-K84855138,BRD-K84855138,0.1682940622925339,0.16575427997936082,0.002539782313173089,False
071fd1189,DOS057_A549_24H:BRD-K45235808-001-01-6:5,A549,BRD-K45235808,BRD-K45235808,0.15715696412608388,0.15420720787513828,0.0029497562509455955,False
07502fc59,DOS021_VCAP_24H:BRD-K22854278-001-01-2:5.02,VCAP,BRD-K22854278,BRD-K22854278,0.1537166048385899,0.15272766143011307,0.0009889434084768278,False
0760632c4,CPC019_A375_6H:BRD-K33762302-001-01-4:10,A375,BRD-K33762302,BRD-K33762302,0.17362387630453044,0.17006519116413102,0.00355868514039942,False
07ab9d694,DOS055_PC3_24H:BRD-K85769686-001-01-2:5,PC3,BRD-K85769686,BRD-K85769686,0.1619533578981594,0.1548436763648131,0.00710968153334629,False
07b2e0af0,DOSBIO001_A375_24H:BRD-K75843415:10.0434,A375,BRD-K75843415,BRD-K75843415,0.1690299436956762,0.15085210800760057,0.018177835688075628,False
07bd8c42c,DOS051_HT29_24H:BRD-K84381175-001-01-5:5,HT29,BRD-K84381175,BRD-K84381175,0.1546227188013369,0.14711821969508385,0.00750449910625306,False
07cca32e8,CPC006_RMGI_6H:BRD-K75532464-001-01-4:10,RMGI,BRD-K75532464,FTI-276,0.17289100208821992,0.155138699436621,0.01775230265159891,False
07e329107,LJP001_HS578T_6H:BRD-K06569345-001-01-5:0.08,HS578T,BRD-K06569345,HG-5-88-01,0.15884462618150097,0.15521162511543646,0.003633001066064512,False
08049cfd7,DOS050_MCF7_24H:BRD-K65716211-001-01-1:5,MCF7,BRD-K65716211,BRD-K65716211,0.1623044176112478,0.15528209590637382,0.0070223217048739905,False
0805f8b1a,CPC013_NEU_24H:BRD-K14791739-001-01-9:10,NEU,BRD-K14791739,fluticasone,0.14888177103517863,0.14091165777721898,0.007970113257959655,False
0818cea28,DOS048_A375_24H:BRD-K76358141-001-01-4:5,A375,BRD-K76358141,BRD-K76358141,0.15611530951374114,0.1533267819534762,0.0027885275602649306,False
0838d5330,DOS052_A549_24H:BRD-K59983542-001-01-5:5.09,A549,BRD-K59983542,BRD-K59983542,0.15174332355611558,0.14377927161059,0.007964051945525574,False
0840ac02a,CPC001_HCC515_6H:BRD-K12120659-305-01-4:10,HCC515,BRD-K12120659,GR-144053,0.16843262124247038,0.16524135319656635,0.0031912680459040277,False
08451084b,CPC006_SW620_6H:BRD-K61250553-003-13-2:10,SW620,BRD-K61250553,loperamide,0.15603215260929348,0.1495029315637311,0.006529221045562389,False
0869981c5,CPC010_A375_6H:BRD-K60228169-001-06-3:10,A375,BRD-K60228169,BRD-K60228169,0.16233811743936022,0.14999147591257606,0.012346641526784163,False
088c123eb,DOS004_VCAP_6H:BRD-K12834930-001-01-6:5.02,VCAP,BRD-K12834930,BRD-K12834930,0.15631346621597808,0.14968349048762872,0.006629975728349363,False
08b785d36,DOS054_MCF7_24H:BRD-K82276852-001-01-9:5,MCF7,BRD-K82276852,BRD-K82276852,0.1867096519855554,0.16466263001749423,0.02204702196806116,False
08d495e06,PCLB002_A549_24H:BRD-A74907996:0.04,A549,BRD-A74907996,equol,0.16884389530328664,0.159571556020781,0.009272339282505648,False
08e555b5d,PCLB001_HCC515_6H:BRD-A59431241-001-02-9:0.16,HCC515,BRD-A59431241,COL-3,0.166854304139116,0.15935176072076834,0.0075025434183476625,False
08ef97d85,CPC019_HCC515_6H:BRD-K53501402-001-01-0:10,HCC515,BRD-K53501402,BRD-K53501402,0.1584181297630577,0.15479648644478047,0.003621643318277218,False
092369ae5,DOSBIO002_PC3_24H:BRD-K77644833:10.2131,PC3,BRD-K77644833,BRD-K77644833,0.16808652957022874,0.1639366623046017,0.00414986726562705,False
094f11f46,CPC015_HT29_6H:BRD-K51350053-048-06-6:10,HT29,BRD-K51350053,toremifene,0.16806924989259575,0.16520888863787148,0.002860361254724275,False
0957d670d,CPC018_HEPG2_6H:BRD-A84205515-001-02-5:10,HEPG2,BRD-A84205515,estriol,0.1762456611691597,0.17532560140437592,0.0009200597647837927,False
097e28a80,DOS051_MCF7_24H:BRD-K15232561-001-01-6:5.03,MCF7,BRD-K15232561,BRD-K15232561,0.15964396559352478,0.1477929278286378,0.011851037764886996,False
0994324f7,DOS050_PC3_24H:BRD-K51394868-001-01-9:5,PC3,BRD-K51394868,BRD-K51394868,0.14641496183721298,0.14605835709677745,0.0003566047404355288,False
099d52518,CPC019_VCAP_24H:BRD-K78524708-001-01-4:10,VCAP,BRD-K78524708,BRD-K78524708,0.16917010998819235,0.15893434399955841,0.010235765988633932,False
09a82e482,DOS019_VCAP_6H:BRD-K12272248-001-01-6:5.01,VCAP,BRD-K12272248,BRD-K12272248,0.1561361794889507,0.15530168067812256,0.0008344988108281437,False
09c344d7e,CPC009_VCAP_6H:BRD-K47490989-001-04-0:10,VCAP,BRD-K47490989,BRD-K47490989,0.1721386570047425,0.17186726298782834,0.00027139401691417264,False
09d2dafc9,DOSBIO001_NEU_24H:BRD-K21037590:10.1111,NEU,BRD-K21037590,BRD-K21037590,0.15433646256516112,0.15064430499815545,0.003692157567005666,False
09dfe3a61,DOS037_A549_24H:BRD-K88269272-001-01-0:5.01,A549,BRD-K88269272,BRD-K88269272,0.18036472519364577,0.17182231711557164,0.008542408078074132,False
09eea11d9,CPC016_MCF7_24H:BRD-K67831364-003-01-7:10,MCF7,BRD-K67831364,ZM-323881,0.16200208517064127,0.16070656048827142,0.0012955246823698474,False
09f1ecae4,CPC011_HT29_6H:BRD-K04710043-001-14-5:10,HT29,BRD-K04710043,hexamethylenebisacetamide,0.18351545789711993,0.1818768064431695,0.0016386514539504238,False
09fd73482,CPC002_HCC515_24H:BRD-K05528470-305-01-4:10,HCC515,BRD-K05528470,L-745870,0.19189171247915437,0.1578826569240463,0.03400905555510808,False
0a0ad13f2,CPC006_SKMEL1_6H:BRD-K56477805-001-08-8:10,SKMEL1,BRD-K56477805,BRD-K56477805,0.16167339701385225,0.1563038086702156,0.005369588343636655,False
0a18b9edc,PCLB001_HA1E_24H:BRD-K90370028-001-01-9:3.33,HA1E,BRD-K90370028,AT1-SHH-09,0.1473430589573868,0.13954478675579185,0.007798272201594958,False
0a238848b,CPC001_HCC515_6H:BRD-A89672324-001-02-2:10,HCC515,BRD-A89672324,CGP-55845,0.165184446805752,0.16402708208462022,0.0011573647211317872,False
0a303746d,DOS051_PC3_24H:BRD-K63090665-001-01-4:4.98,PC3,BRD-K63090665,BRD-K63090665,0.177556380629474,0.15670835141549688,0.020848029213977104,False
0a5a4f458,DOSBIO002_NPC_24H:BRD-K48527688:10.0287,NPC,BRD-K48527688,BRD-K48527688,0.14637167481142574,0.14523091051004308,0.0011407643013826574,False
0a7a2361d,DOS054_A549_24H:BRD-K24011082-001-01-3:5,A549,BRD-K24011082,BRD-K24011082,0.17120869418232854,0.16930169712201426,0.001906997060314275,False
0a90ac6bb,CPC008_A375_6H:BRD-K63712590-001-01-3:10,A375,BRD-K63712590,BRD-K63712590,0.17825379470103317,0.17803298360221229,0.00022081109882088334,False
0a9da712c,DOS047_A549_24H:BRD-K58033375-001-01-2:4.96,A549,BRD-K58033375,BRD-K58033375,0.16558247016844732,0.1456237434285236,0.019958726739923716,False
0aa0cd705,CPC009_A375_6H:BRD-K73285375-001-01-9:10,A375,BRD-K73285375,BRD-K73285375,0.16062764681646013,0.14692840725042947,0.013699239566030669,False
0ab979d56,CPC009_VCAP_6H:BRD-K92559570-001-03-3:10,VCAP,BRD-K92559570,KU-C103884,0.17900550942181215,0.16071330564283665,0.018292203778975502,False
0ab9dd71b,RAD001_A549_6H:BRD-K95986273-001-01-9:0.0137,A549,BRD-K95986273,MW-MITF24,0.17031512372645152,0.1623765294938409,0.007938594232610618,False
0b0c1110a,CPC005_PC3_6H:BRD-K49027941-237-01-1:10,PC3,BRD-K49027941,PSB-1115,0.16743625069618834,0.16133427217722718,0.00610197851896116,False
0b1ed98a0,CPC001_PC3_24H:BRD-K74141488-003-03-9:10,PC3,BRD-K74141488,naftifine,0.15445833840852521,0.15052766644383125,0.00393067196469396,False
0b2784841,PCLB003_A549_24H:BRD-K55478147-001-01-9:0.37,A549,BRD-K55478147,isonicotinohydroxamic-acid,0.15494782382716454,0.15141929902397416,0.0035285248031903804,False
0b33c4d4b,CPC016_MCF7_24H:BRD-K17868609-001-02-7:10,MCF7,BRD-K17868609,BRL-54443,0.1572330007826798,0.15482427556122197,0.0024087252214578248,False
0b4130695,CPC012_A549_24H:BRD-K78603557-001-01-8:10,A549,BRD-K78603557,BRD-K78603557,0.15869295071021902,0.1511339959456166,0.007558954764602416,False
0b4bcc9de,DOS002_VCAP_6H:BRD-K34094942-001-01-7:5.12,VCAP,BRD-K34094942,SA-90544,0.16651627994266036,0.16467142234124604,0.0018448576014143125,False
0b710dd39,DOS013_VCAP_24H:BRD-K60703313-001-01-1:5.02,VCAP,BRD-K60703313,BRD-K60703313,0.17770886016087897,0.17695633167720284,0.0007525284836761292,False
0b8cbbb45,CPC006_OV7_6H:BRD-K27316855-001-02-6:1,OV7,BRD-K27316855,calcitriol,0.17293869305874338,0.16213637671685502,0.010802316341888357,False
0bbc1ccf0,CPC014_PC3_6H:BRD-K09186807-001-01-6:10,PC3,BRD-K09186807,KIN001-244,0.16863606987125462,0.14707701532329123,0.02155905454796339,False
0bcee96a5,CPC006_COV644_6H:BRD-K15108141-001-01-7:0.08,COV644,BRD-K15108141,gemcitabine,0.15013024788410667,0.13712541617103585,0.013004831713070819,False
0bfdf50db,DOS030_VCAP_6H:BRD-K34981405-001-01-5:5.17,VCAP,BRD-K34981405,BRD-K34981405,0.15123633225868263,0.1463693386153188,0.0048669936433638206,False
0c3e1a7e3,DOS058_A549_24H:BRD-K47342144-019-01-3:5,A549,BRD-K47342144,BRD-K47342144,0.15231272004475377,0.1498794190181232,0.0024333010266305577,False
0c459ade8,DOS041_A549_24H:BRD-K15750053-001-01-2:4.99,A549,BRD-K15750053,BRD-K15750053,0.15395023389972912,0.15310583105511394,0.0008444028446151775,False
0c697edf3,CPC011_MCF7_6H:BRD-K59256312-066-10-8:10,MCF7,BRD-K59256312,gabexate,0.14846048946619408,0.1429456069495595,0.005514882516634595,False
0c8688cb8,CPC014_HCC515_6H:BRD-K53972329-001-02-1:10,HCC515,BRD-K53972329,ruxolitinib,0.1599767231919585,0.15892554085722427,0.0010511823347342242,False
0c8bdba10,DOS058_A549_24H:BRD-K80128321-019-01-9:5,A549,BRD-K80128321,BRD-K80128321,0.17539201764689105,0.17048878971414116,0.004903227932749887,False
0c9d6e27a,CPC006_HEC108_6H:BRD-A68631409-001-01-3:10,HEC108,BRD-A68631409,evodiamine,0.1444757124822094,0.14308467973809585,0.001391032744113535,False
0ca266ee0,CPC016_NPC_24H:BRD-K61177364-003-01-1:10,NPC,BRD-K61177364,NBI-27914,0.15599325586927426,0.14732769266263138,0.008665563206642884,False
0cc68ee7c,CPC019_HEPG2_6H:BRD-K15428056-001-01-2:10,HEPG2,BRD-K15428056,BRD-K15428056,0.1512743019767668,0.14441804227354166,0.006856259703225148,False
0d0a37f28,DOS056_PC3_24H:BRD-K20609812-001-01-5:5,PC3,BRD-K20609812,BRD-K20609812,0.15923263059403414,0.15190318217196788,0.007329448422066259,False
0d3228a10,DOS008_VCAP_6H:BRD-K70633610-001-01-8:5.02,VCAP,BRD-K70633610,BRD-K70633610,0.144157948015228,0.14378495343806053,0.0003729945771674681,False
0d353a095,PCLB002_A549_24H:BRD-K52160314:10,A549,BRD-K52160314,BRD-K52160314,0.1524070761367864,0.14377765074925275,0.00862942538753364,False
0d3eea33f,DOS053_A375_24H:BRD-K45230579-001-01-4:4.98,A375,BRD-K45230579,BRD-K45230579,0.1636189874968293,0.1611735588140589,0.0024454286827703953,False
0d4080d56,CPC006_EFO27_6H:BRD-A43331270-001-01-6:10,EFO27,BRD-A43331270,niguldipine,0.16698103906181708,0.1535044869474555,0.013476552114361579,False
0d6ea831c,DOS051_PC3_24H:BRD-K79106006-001-01-8:4.96,PC3,BRD-K79106006,BRD-K79106006,0.1647654224673243,0.15899688431286912,0.005768538154455188,False
0d7aae6fe,LJP001_MCF10A_24H:BRD-K05104363-001-05-0:2,MCF10A,BRD-K05104363,PD-184352,0.15285795304182334,0.1501090028257983,0.002748950216025031,False
0da838c8c,LJP001_MDAMB231_24H:BRD-K38615104-001-08-4:0.08,MDAMB231,BRD-K38615104,A-443644,0.17688464596684986,0.14485692889241567,0.03202771707443419,False
0dcd1acb9,DOS026_VCAP_24H:BRD-K83391808-001-01-0:4.99,VCAP,BRD-K83391808,BRD-K83391808,0.15437296205668377,0.15314448208003512,0.0012284799766486554,False
0ddc8c8dd,AML001_HL60_6H:BRD-K49071277:1.11111,HL60,BRD-K49071277,securinine,0.1576021587589503,0.154866840886663,0.002735317872287313,False
0de20729b,DOS056_A375_24H:BRD-K80579043-001-01-8:5,A375,BRD-K80579043,BRD-K80579043,0.14455220292049473,0.14184142637418656,0.0027107765463081634,False
0dedfb162,CPC006_SKMEL28_6H:BRD-A75409952:10,SKMEL28,BRD-A75409952,wortmannin,0.16573507536980592,0.1487868268957298,0.01694824847407611,False
0df3baf65,ERG015_PC3_6H:BRD-K99439802-001-01-5:10.0708,PC3,BRD-K99439802,BRD-K99439802,0.16658421889491978,0.1506408847515123,0.015943334143407484,False
0e328d0f9,LJP002_MDAMB231_24H:BRD-K75308783-001-02-1:0.4,MDAMB231,BRD-K75308783,SAR-245409,0.1662231873575238,0.1552979139611894,0.010925273396334423,False
0e33496df,CPC013_SKB_24H:BRD-A09164687-003-01-6:10,SKB,BRD-A09164687,BRD-A09164687,0.1479734235798062,0.145661032278374,0.0023123913014322095,False
0e430527f,CPC016_MCF7_24H:BRD-K45479396-103-01-2:10,MCF7,BRD-K45479396,BP-554,0.17825211550097517,0.16781704352112664,0.010435071979848526,False
0e6ee26ff,DOS060_A549_24H:BRD-K10701803-001-01-3:5,A549,BRD-K10701803,BRD-K10701803,0.14243564169688797,0.13313605652228522,0.009299585174602748,False
0e7d55a49,DOS040_A375_24H:BRD-K33750632-001-01-0:5.04,A375,BRD-K33750632,BRD-K33750632,0.15607615421907153,0.13949419224611415,0.016581961972957387,False
0e8624227,DOS006_VCAP_24H:BRD-K58377762-001-01-4:5.04,VCAP,BRD-K58377762,BRD-K58377762,0.15046857229608124,0.14830918498312076,0.0021593873129604757,False
0eae9401c,ERG017_VCAP_24H:BRD-K10731645:10,VCAP,BRD-K10731645,BRD-K10731645,0.18736960126787994,0.17861232852724995,0.008757272740629984,False
0ebfd755d,MUC.CP005_MCF7_6H:BRD-K07967886-001-01-5:9.9609,MCF7,BRD-K07967886,BRD-K07967886,0.16789362544732905,0.15697015534765796,0.010923470099671095,False
0f1a2baa0,DOS057_A375_24H:BRD-K81953058-001-01-6:5,A375,BRD-K81953058,BRD-K81953058,0.161685627844745,0.1487757217463199,0.0129099060984251,False
0f2ec8169,PCLB002_HT29_24H:BRD-K99636700:0.04,HT29,BRD-K99636700,BRD-K99636700,0.1482813252265413,0.14412602690382642,0.004155298322714884,False
0f38ca544,CPC012_HA1E_6H:BRD-K58279162-001-01-8:10,HA1E,BRD-K58279162,BRD-K58279162,0.15413534913583066,0.15378737185761707,0.00034797727821359037,False
0f47f25d6,CPC005_PC3_6H:BRD-A47513740-001-02-5:10,PC3,BRD-A47513740,calyculin,0.15631022773888884,0.15310362987763243,0.003206597861256405,False
0f7cd09d2,DOS004_VCAP_6H:BRD-K11792293-001-01-8:5.01,VCAP,BRD-K11792293,BRD-K11792293,0.13698042278247238,0.13430491484143253,0.002675507941039851,False
0fa4c6156,CPC016_MCF7_6H:BRD-K45479396-103-01-2:10,MCF7,BRD-K45479396,BP-554,0.1617616143967938,0.15323567193560372,0.008525942461190067,False
0fb911637,CPC006_RMUGS_6H:BRD-K80672993-001-01-1:88.8,RMUGS,BRD-K80672993,M2-PK-activator,0.16155475229847086,0.1575582698743944,0.003996482424076464,False
0fc10b0bf,CVD001_HUH7_6H:BRD-K77508012-001-01-9:6.025,HUH7,BRD-K77508012,BRD-K77508012,0.17670020121670843,0.15273060496388993,0.023969596252818498,False
0fcba9312,PCLB003_A375_24H:BRD-K21001652-001-01-7:1.11,A375,BRD-K21001652,BRD-K21001652,0.16318099232758435,0.15763638806535624,0.005544604262228109,False
1000f4a19,CPC005_A549_6H:BRD-A94675310-003-01-2:10,A549,BRD-A94675310,BRD-A94675310,0.15994996779759363,0.14533901885916584,0.014610948938427792,False
100370c58,CPC012_MCF7_6H:BRD-A06131576-001-01-6:10,MCF7,BRD-A06131576,BRD-A06131576,0.15560990384784473,0.14834768619305136,0.007262217654793374,False
100afe5d0,CPC012_HT29_6H:BRD-K41227865-001-01-7:10,HT29,BRD-K41227865,ST-4039884,0.15890716447722142,0.1560463637357285,0.0028608007414929193,False
104c2c236,CPC015_MCF7_24H:BRD-A09094913-001-03-1:10,MCF7,BRD-A09094913,strychnine,0.16591779007411875,0.1630366753206814,0.0028811147534373582,False
106043d62,CPC017_A375_6H:BRD-K52850071-001-01-2:10,A375,BRD-K52850071,WHI-P154,0.17232359939051517,0.15600969763158734,0.01631390175892783,False
1087fbcdd,CPC006_HEPG2_6H:BRD-K93023739-001-01-1:6,HEPG2,BRD-K93023739,IKK-inhibitor-X,0.15424086638889786,0.14486923805377885,0.009371628335119009,False
108c2a905,CPC006_HA1E_6H:BRD-A02006392-001-09-9:10,HA1E,BRD-A02006392,nitrendipine,0.1564377247134451,0.14957234824376592,0.006865376469679191,False
108fb5b61,KMS002_THP1_6H:BRD-K58466974-001-01-9:0.12,THP1,BRD-K58466974,TUL_XXI035,0.15514746925258227,0.1516466577500432,0.0035008115025390585,False
10984cb4c,DOS050_MCF7_24H:BRD-K97516320-001-01-5:5,MCF7,BRD-K97516320,BRD-K97516320,0.14935132106503116,0.14226147252405064,0.00708984854098052,False
10afa009a,CPC012_A549_24H:BRD-K22129929-001-03-8:10,A549,BRD-K22129929,BRD-K22129929,0.15873944117601416,0.15479138603230547,0.00394805514370869,False
10c7d51b1,DOS059_A549_24H:BRD-K90526552-001-01-0:5,A549,BRD-K90526552,BRD-K90526552,0.16064161254830023,0.15521313127343428,0.005428481274865948,False
10dbb5b2a,CPC015_A375_6H:BRD-K60770992-066-15-1:10,A375,BRD-K60770992,pergolide,0.15367789377672053,0.14472287513288465,0.008955018643835883,False
10e1e8563,LJP001_SKBR3_6H:BRD-K06569345-001-01-5:0.08,SKBR3,BRD-K06569345,HG-5-88-01,0.17613756659568552,0.17319730814660297,0.00294025844908255,False
10e92bab7,DOS033_A375_24H:BRD-K81440797-001-01-0:5.02,A375,BRD-K81440797,BRD-K81440797,0.17856098160402042,0.16033865733930952,0.018222324264710904,False
10f5655d8,PCLB003_HEPG2_24H:BRD-K03641750-001-01-3:0.37,HEPG2,BRD-K03641750,FL-HDAC-025,0.16416347258286645,0.14809209741874216,0.016071375164124296,False
10f5807a0,DOS023_VCAP_24H:BRD-K39363780-001-01-6:5.02,VCAP,BRD-K39363780,BRD-K39363780,0.17269392299589437,0.15697424428916804,0.01571967870672633,False
1103b3408,DOS059_HT29_24H:BRD-K52157979-001-01-5:5,HT29,BRD-K52157979,BRD-K52157979,0.16305836168767213,0.15938369019110454,0.003674671496567583,False
11325c559,DOS048_A549_24H:BRD-K49283005-001-01-3:4.99,A549,BRD-K49283005,BRD-K49283005,0.16399053906259525,0.15532054270042672,0.00866999636216853,False
118701eb7,CPC006_SW620_6H:BRD-K74305673-001-01-3:10,SW620,BRD-K74305673,IKK-2-inhibitor-V,0.1550850742082108,0.15458795454624702,0.0004971196619637797,False
11880d31a,DOS032_HT29_24H:BRD-K06589444-001-01-3:4.99,HT29,BRD-K06589444,BRD-K06589444,0.15311826009122018,0.14797663358420685,0.0051416265070133305,False
118e48808,CPC012_ASC_24H:BRD-K14191038-001-03-6:10,ASC,BRD-K14191038,JFD02227,0.16779722675227632,0.15706057722289474,0.010736649529381581,False
1191ff5f9,DOS053_A549_24H:BRD-K12980773-001-01-7:5,A549,BRD-K12980773,BRD-K12980773,0.16847266592619917,0.16273689791664805,0.005735768009551112,False
1196f6507,DOS025_VCAP_24H:BRD-K20433775-001-01-5:5.01,VCAP,BRD-K20433775,BRD-K20433775,0.16217140616973288,0.15821331071109498,0.0039580954586379,False
11afcd2b4,CPC010_VCAP_6H:BRD-K19056367-001-02-9:10,VCAP,BRD-K19056367,BRD-K19056367,0.15807567213801035,0.14798323876459374,0.010092433373416615,False
11b3dbac8,CPC012_A375_6H:BRD-A74771556-001-01-0:10,A375,BRD-A74771556,nikkomycin,0.19402429772093333,0.18685946089545166,0.007164836825481663,False
11f421f4b,DOS052_A375_24H:BRD-K00812396-001-02-1:5.01,A375,BRD-K00812396,BRD-K00812396,0.16253656723206114,0.15558189854188909,0.006954668690172056,False
11f5f3784,NMH002_NEU_6H:BRD-K84943004-001-01-9:10,NEU,BRD-K84943004,MC-1293,0.15580990557963517,0.1545698433405483,0.0012400622390868754,False
11f66c124,DOS023_VCAP_24H:BRD-K24572125-001-01-3:5.08,VCAP,BRD-K24572125,BRD-K24572125,0.16142467613885617,0.15322476651421696,0.008199909624639207,False
122c63321,CPD002_MCF7_24H:BRD-K28667793-001-21-6:10,MCF7,BRD-K28667793,pyrazinamide,0.16106888336077496,0.15685257096232078,0.004216312398454186,False
122f493a7,CPC012_VCAP_6H:BRD-K10573841-001-01-0:10,VCAP,BRD-K10573841,tunicamycin,0.16073713427355152,0.14993650556730354,0.010800628706247983,False
12317960c,DOS032_HT29_24H:BRD-K82666260-001-01-7:4.9,HT29,BRD-K82666260,BRD-K82666260,0.14329518320865656,0.14151747963138303,0.0017777035772735261,False
123bbd8c9,LJP002_MCF7_24H:BRD-K33379087-001-01-8:10,MCF7,BRD-K33379087,tivantinib,0.18328538533955827,0.15748158685717517,0.025803798482383095,False
123bd9005,DOS032_A549_24H:BRD-K16984096-001-01-5:5.02,A549,BRD-K16984096,BRD-K16984096,0.15828945341802558,0.15584131103927656,0.0024481423787490186,False
124d80d20,CPC006_PC3_6H:BRD-K23875128-001-04-2:10,PC3,BRD-K23875128,RHO-kinase-inhibitor-III[rockout],0.15734222535213663,0.15086796807610497,0.006474257276031653,False
124e2dd9b,LJP001_MCF7_24H:BRD-K49328571-001-06-9:0.08,MCF7,BRD-K49328571,dasatinib,0.15596910155525007,0.15368570694947392,0.0022833946057761456,False
124f36030,DOS047_A375_24H:BRD-K29253390-001-01-3:4.96,A375,BRD-K29253390,BRD-K29253390,0.17223152508126616,0.16717656460646785,0.005054960474798309,False
1258cb7b5,NMH001_NEU_6H:BRD-K53888148-001-01-0:10,NEU,BRD-K53888148,DASB,0.1679656957120934,0.15206821925351321,0.015897476458580195,False
125db1da8,LJP002_HS578T_6H:BRD-K12343256-001-01-4:2,HS578T,BRD-K12343256,trametinib,0.1725293660205879,0.16200963288494108,0.01051973313564683,False
126afe3ac,CPC006_NCIH1836_6H:BRD-K71799949-001-20-8:96,NCIH1836,BRD-K71799949,carbamazepine,0.14727914425859523,0.14598588747683333,0.0012932567817618978,False
1292bde47,DOS053_A549_24H:BRD-K69951274-001-01-4:5.06,A549,BRD-K69951274,BRD-K69951274,0.15623133130705333,0.15034226389875327,0.005889067408300058,False
12a367c0e,CPC006_OV7_6H:BRD-K89391146-001-02-3:80,OV7,BRD-K89391146,RG-108,0.1696392725991405,0.16517357350303677,0.004465699096103726,False
12be3bd59,DOS049_MCF7_24H:BRD-K62774106-001-01-1:5,MCF7,BRD-K62774106,BRD-K62774106,0.16327627362692437,0.15317343064340197,0.010102842983522403,False
12d8dfdbb,CPC019_A375_6H:BRD-K10833576-001-04-3:10,A375,BRD-K10833576,BRD-K10833576,0.15043010466963344,0.14578079943620742,0.004649305233426021,False
12dc2e607,DOS053_A549_24H:BRD-K46989099-001-01-5:5.02,A549,BRD-K46989099,BRD-K46989099,0.16592836801860392,0.16253732709258617,0.0033910409260177465,False
12fd34362,DOSBIO002_HT29_24H:BRD-K87536251:10.0242,HT29,BRD-K87536251,BRD-K87536251,0.17935103501242888,0.17517970860396803,0.0041713264084608515,False
1344cf491,LJP002_BT20_24H:BRD-K38113518-001-01-5:2,BT20,BRD-K38113518,XMD-16144,0.16615215296773775,0.15695653075555696,0.009195622212180787,False
136179b9f,CPC003_VCAP_24H:BRD-A02176148-001-02-2:10,VCAP,BRD-A02176148,tubaic-acid,0.14224056410282407,0.13958399103691094,0.0026565730659131315,False
13665059e,DOS051_HT29_24H:BRD-K60308664-001-01-4:4.96,HT29,BRD-K60308664,BRD-K60308664,0.1655011816351356,0.15621707593589929,0.009284105699236322,False
1371ab7d1,CPC003_HA1E_24H:BRD-K30990140-003-01-6:10,HA1E,BRD-K30990140,FR-122047,0.15751373766559792,0.15582204432771044,0.0016916933378874899,False
13846f436,DOS009_VCAP_24H:BRD-K95246884-001-01-9:5,VCAP,BRD-K95246884,BRD-K95246884,0.1559300490154853,0.1502400379217551,0.005690011093730185,False
1399e6e65,HOG001_MCF7_24H:BRD-K92317137-001-04-0:0.0412,MCF7,BRD-K92317137,BRD-K92317137,0.16676432183832735,0.15761730322641518,0.009147018611912167,False
13a6daeac,CPC015_ASC_24H:BRD-K85603128-001-02-7:10,ASC,BRD-K85603128,resorcinol,0.15581022256776575,0.15136143132671143,0.004448791241054323,False
13a765815,DOS033_A549_24H:BRD-K82651890-001-01-7:5,A549,BRD-K82651890,BRD-K82651890,0.1792152661783144,0.17052145504149718,0.00869381113681722,False
13c8854af,CPC006_NOMO1_6H:BRD-A01145011-001-01-4:11.1,NOMO1,BRD-A01145011,zebularine,0.16732968168891654,0.15405971410232644,0.013269967586590103,False
13da34f0d,DOS028_VCAP_6H:BRD-K32106123-001-01-2:5.16,VCAP,BRD-K32106123,BRD-K32106123,0.1775080401992704,0.17113866424327165,0.006369375955998763,False
13e699d6a,CPC017_HT29_6H:BRD-K26573499-300-01-3:10,HT29,BRD-K26573499,DMAB-anabaseine,0.17518122055594115,0.1636804794755067,0.011500741080434446,False
13ecdf353,RAD001_MCF7_24H:BRD-K73947551-001-02-8:0.0015,MCF7,BRD-K73947551,amifostine,0.14310553240918017,0.1428131668089133,0.00029236560026688063,False
13f0fc7ff,CPC007_A375_6H:BRD-K63550534-001-04-0:10,A375,BRD-K63550534,BRD-K63550534,0.16097661092399196,0.16074281040636856,0.00023380051762339482,False
13f3659e7,LJP001_SKBR3_24H:BRD-K85606544-001-04-2:10,SKBR3,BRD-K85606544,neratinib,0.1649710215447899,0.16407628408752845,0.0008947374572614575,False
1404f95d7,DOS054_PC3_24H:BRD-K21539100-001-01-4:5,PC3,BRD-K21539100,BRD-K21539100,0.1459297215799567,0.1423640298413683,0.0035656917385883946,False
1433b6544,DOS053_PC3_24H:BRD-K76765843-001-01-1:4.9,PC3,BRD-K76765843,BRD-K76765843,0.1444684959174541,0.14214245814570683,0.0023260377717472525,False
143d04077,CPC010_PC3_6H:BRD-K46645809-001-06-3:10,PC3,BRD-K46645809,BRD-K46645809,0.16067833070357854,0.15123940167446218,0.00943892902911636,False
14602ff38,DOSBIO002_NEU_24H:BRD-K80779790:10,NEU,BRD-K80779790,BRD-K80779790,0.19946497600332774,0.18642840220304854,0.0130365738002792,False
146500cac,PCLB003_MCF7_24H:BRD-K95309561-001-20-5:0.37,MCF7,BRD-K95309561,dienestrol,0.14521671365506478,0.13869541074885325,0.006521302906211529,False
146ba19d5,DOS054_HT29_24H:BRD-K48165980-001-01-2:5,HT29,BRD-K48165980,BRD-K48165980,0.15208510675366058,0.15181516398740041,0.00026994276626016167,False
147a62ce9,CPC009_A375_6H:BRD-K75304533-001-05-6:10,A375,BRD-K75304533,BRD-K75304533,0.18072086126518344,0.15726802316009345,0.023452838105089996,False
14886a5b2,DOS046_A375_24H:BRD-K43708940-001-01-3:5,A375,BRD-K43708940,BRD-K43708940,0.19547157631949605,0.18292561003877003,0.012545966280726017,False
1493a1e86,LJP002_MDAMB231_24H:BRD-K61860715-001-01-2:2,MDAMB231,BRD-K61860715,ZG-10,0.17128944786548309,0.16249402723199105,0.008795420633492035,False
1495258b3,CPC013_NPC_24H:BRD-K59556282-001-01-3:10,NPC,BRD-K59556282,BRD-K59556282,0.1796216479950417,0.17671622103376047,0.002905426961281238,False
149ccc683,PCLB003_HCC515_24H:BRD-K57064803-001-01-0:0.37,HCC515,BRD-K57064803,BRD-K57064803,0.152770601947984,0.14896481008132437,0.0038057918666596358,False
14b9e5384,DOS003_VCAP_24H:BRD-K95500387-001-02-9:5.01,VCAP,BRD-K95500387,BRD-K95500387,0.18114046630048725,0.1523959334817112,0.028744532818776036,False
14c4be770,CPC007_PC3_24H:BRD-K59429476-001-05-0:10,PC3,BRD-K59429476,PSH-021,0.15593328140611215,0.15245839779648163,0.0034748836096305247,False
14dd0b71f,CPC018_MCF7_6H:BRD-A31521121-001-15-7:10,MCF7,BRD-A31521121,methocarbamol,0.15746425238941394,0.14985841525028543,0.0076058371391285184,False
14f536e5c,DOS045_HT29_24H:BRD-K48598367-001-01-7:4.53,HT29,BRD-K48598367,BRD-K48598367,0.15223015922698363,0.15221557181999026,1.4587406993366026e-05,False
14fd3a8f6,DOS034_A375_24H:BRD-K59980440-001-01-4:5.01,A375,BRD-K59980440,SA-424763,0.15565008666807179,0.15446070380622626,0.0011893828618455282,False
1502f8cbb,CPC008_A375_6H:BRD-K91913968-001-08-2:10,A375,BRD-K91913968,BRD-K91913968,0.16410415035623932,0.16182464420593273,0.002279506150306587,False
15137878d,HOG002_MCF7_24H:BRD-K11163873-001-02-8:0.1234,MCF7,BRD-K11163873,phenanthridone,0.1488166602325664,0.14639285158506757,0.002423808647498832,False
15243cb83,CPC016_NEU_24H:BRD-K17075857-001-06-9:10,NEU,BRD-K17075857,chloroxine,0.17499062938628296,0.15650419951034866,0.018486429875934296,False
153840764,CPC012_HA1E_6H:BRD-A36165599-001-01-1:10,HA1E,BRD-A36165599,BRD-A36165599,0.18330845747740182,0.17647666142859939,0.006831796048802435,False
155a94eb7,CPC006_NCIH1836_6H:BRD-K66874953-004-02-1:69.83,NCIH1836,BRD-K66874953,pifithrin-alpha,0.1449520098302703,0.14232975541564033,0.00262225441462996,False
156fc028d,CPC007_HA1E_24H:BRD-K22988559-001-07-5:10,HA1E,BRD-K22988559,BRD-K22988559,0.16176606639362887,0.1513497873792805,0.010416279014348356,False
157d90b1f,CPC011_VCAP_6H:BRD-A19736161-003-11-3:10,VCAP,BRD-A19736161,ondansetron,0.17515813766845756,0.16720697595749243,0.007951161710965132,False
158113616,CPC006_COV644_6H:BRD-A67788537-001-01-7:120,COV644,BRD-A67788537,salermide,0.1793584738857894,0.16194687123216478,0.017411602653624625,False
15c4cc9dc,CPC004_HEPG2_6H:BRD-K74212935-001-04-9:10,HEPG2,BRD-K74212935,ergocryptine,0.14507981205956846,0.14268704809918326,0.002392763960385208,False
15c8a8bc2,DOS032_PC3_24H:BRD-K20597651-001-01-6:4.92,PC3,BRD-K20597651,BRD-K20597651,0.1500149383872194,0.14711372138908835,0.002901216998131062,False
15cca0884,DOS054_MCF7_24H:BRD-K23784811-001-01-4:5,MCF7,BRD-K23784811,BRD-K23784811,0.1589208964674933,0.15209255257771942,0.00682834388977388,False
15da14cfb,DOSBIO001_A375_24H:BRD-K62283710:10.0109,A375,BRD-K62283710,BRD-K62283710,0.1617416198018008,0.16083994519153696,0.0009016746102638307,False
15da4702d,CPD003_PC3_6H:BRD-A33168282-003-11-5:10,PC3,BRD-A33168282,sotalol,0.17689390525844856,0.1752592488184841,0.0016346564399644659,False
15da97282,DOS058_A549_24H:BRD-K75907833-001-01-2:5,A549,BRD-K75907833,BRD-K75907833,0.16072891250138038,0.15457961491009625,0.006149297591284131,False
15dba629f,LJP002_MDAMB231_6H:BRD-A21584801-001-01-4:0.4,MDAMB231,BRD-A21584801,brivanib,0.177246993447414,0.1651095909192467,0.01213740252816728,False
15efb90c9,CPC007_A375_6H:BRD-K94919853-001-04-3:10,A375,BRD-K94919853,10H-phenothiazin-10-yl)(p-tolyl)methanone,0.15908897929451782,0.14671099020944942,0.012377989085068403,False
15f67f442,CPC006_A375_24H:BRD-A81936046-323-01-6:10,A375,BRD-A81936046,BRD-A81936046,0.16654757915189383,0.15971493757086153,0.006832641581032306,False
15fcb2fab,PCLB003_HCC515_24H:BRD-K75295174-001-01-9:10,HCC515,BRD-K75295174,alisertib,0.1632783910226569,0.154048731493903,0.009229659528753903,False
16059830d,HOG001_A549_24H:BRD-A75409952-001-05-7:0.0412,A549,BRD-A75409952,wortmannin,0.15119587292837555,0.14211257215253612,0.009083300775839437,False
161572520,CPC004_HEPG2_6H:BRD-A90490067-001-01-9:10,HEPG2,BRD-A90490067,fulvestrant,0.15802769906130287,0.15696594907013006,0.0010617499911728112,False
1634c47d4,CPC004_HCC515_6H:BRD-K07859598-001-03-9:10,HCC515,BRD-K07859598,GW-5074,0.1565223820390095,0.15133570460259568,0.005186677436413822,False
164e7fef5,LJP002_HS578T_6H:BRD-K07667918-001-02-1:10,HS578T,BRD-K07667918,linsitinib,0.15185050648158388,0.1465890494290244,0.005261457052559482,False
169be09b6,CPC013_SKB_24H:BRD-K65261396-002-01-3:10,SKB,BRD-K65261396,tacrolimus,0.162629143371383,0.1563036683267005,0.006325475044682505,False
169e4500c,CPC013_HEPG2_6H:BRD-K62768020-236-01-8:10,HEPG2,BRD-K62768020,BRD-K62768020,0.15243610688565626,0.14954176774867817,0.0028943391369780913,False
169fb7b56,KMS002_NOMO1_6H:BRD-K66645150-001-01-4:1.11,NOMO1,BRD-K66645150,BG-STK33-55,0.15921531383695658,0.14826273722102581,0.01095257661593077,False
16aa4d496,CPC009_A549_24H:BRD-A57457122-001-01-2:10,A549,BRD-A57457122,VU-0400071-3,0.1482168662821055,0.14669378419576598,0.0015230820863395278,False
16c3d3bee,CPC014_HCC515_6H:BRD-K64935403-001-01-6:10,HCC515,BRD-K64935403,ebelactone-b,0.1814361701518441,0.15785759902109325,0.023578571130750847,False
16d2a37f7,DOS013_VCAP_6H:BRD-K33038714-001-01-1:5.02,VCAP,BRD-K33038714,BRD-K33038714,0.1887570536380077,0.18346073019090564,0.005296323447102069,False
16fc18110,CPC010_PC3_24H:BRD-K41284916-001-05-8:10,PC3,BRD-K41284916,BRD-K41284916,0.1639414347197995,0.15475357836550432,0.00918785635429517,False
170500372,CPC001_HCC515_6H:BRD-K12120659-305-01-4:10,HCC515,BRD-K12120659,GR-144053,0.16663951237605912,0.1655570456425126,0.0010824667335465055,False
17196dc34,DOS049_A375_24H:BRD-K67520049-001-01-3:5,A375,BRD-K67520049,BRD-K67520049,0.1789663031280324,0.16785592023166715,0.011110382896365262,False
1723757d2,DOS006_VCAP_6H:BRD-K61872587-001-02-0:5,VCAP,BRD-K61872587,BRD-K61872587,0.16946161891733075,0.15701000823627467,0.012451610681056074,False
172c462b2,CPC006_VCAP_24H:BRD-K73319509-001-02-3:40,VCAP,BRD-K73319509,PF-04217903,0.14787764510102544,0.14763209757625273,0.00024554752477271014,False
172ce511a,PCLB003_HT29_24H:BRD-K17016787-001-09-2:0.04,HT29,BRD-K17016787,estriol,0.15802311064915892,0.14800738556135126,0.010015725087807653,False
172d8eb80,CPC007_HT29_6H:BRD-K23980805-001-05-7:10,HT29,BRD-K23980805,BRD-K23980805,0.16326446367854358,0.16002848202312775,0.0032359816554158316,False
1738d9092,CPC010_VCAP_24H:BRD-K12623437-001-05-2:10,VCAP,BRD-K12623437,BRD-K12623437,0.18469079216581297,0.17349320977096713,0.011197582394845834,False
1748c1d01,CPC006_NCIH596_6H:BRD-A75517195-001-01-3:40,NCIH596,BRD-A75517195,thiazolopyrimidine,0.1919094539740196,0.17850746528414907,0.013401988689870525,False
17490f218,RAD001_MCF7_24H:BRD-K95986273-001-01-9:0.0015,MCF7,BRD-K95986273,MW-MITF24,0.1556243017771274,0.14472448164425522,0.01089982013287219,False
174dbc4c7,DOS032_PC3_24H:BRD-K63385089-001-01-6:5.08,PC3,BRD-K63385089,SA-85764,0.16758359667889547,0.15275544823820797,0.0148281484406875,False
175129f43,DOS056_A375_24H:BRD-K18929270-001-01-6:5,A375,BRD-K18929270,BRD-K18929270,0.14654079108723003,0.14528666956050018,0.0012541215267298511,False
177e72783,CPC003_HA1E_24H:BRD-K65417056-003-03-6:10,HA1E,BRD-K65417056,meprylcaine,0.1577452986761615,0.15664255788544426,0.0011027407907172326,False
1787430b9,PCLB002_A549_24H:BRD-A74907996:0.04,A549,BRD-A74907996,equol,0.15418091915191293,0.1517377752221025,0.002443143929810432,False
17a8535e9,CPC011_A549_6H:BRD-K27316855-001-09-1:10,A549,BRD-K27316855,calcitriol,0.15456085033473713,0.15316227300316412,0.0013985773315730032,False
17beda051,CPC015_A549_6H:BRD-K32830106-001-01-8:10,A549,BRD-K32830106,guanfacine,0.16915006430141002,0.14897881159576754,0.02017125270564249,False
17dedf9a7,CPC006_AGS_6H:BRD-K74236984-001-01-4:10,AGS,BRD-K74236984,UNC-0321,0.171792515553511,0.1675804711145774,0.004212044438933582,False
17e32e2ca,CPC002_PC3_6H:BRD-A69960130-066-01-4:10,PC3,BRD-A69960130,bromocriptine,0.1530383339353405,0.1520009595066159,0.0010373744287245912,False
17f560a5b,CPC007_HCC515_6H:BRD-K70693222-001-08-7:10,HCC515,BRD-K70693222,BRD-K70693222,0.17103209753037896,0.1549478673064995,0.016084230223879448,False
180096cac,CPC006_A375_24H:BRD-K81473043-001-04-7:0.35,A375,BRD-K81473043,tanespimycin,0.16213442887956714,0.15703655861602794,0.005097870263539195,False
182c3b858,AML001_U937_24H:BRD-A73558769:3.33333,U937,BRD-A73558769,BRD-A73558769,0.14585076396324562,0.13469628380686083,0.011154480156384788,False
183c7e3f3,ERG015_VCAP_24H:BRD-K19919069-001-02-9:10,VCAP,BRD-K19919069,BRD-K19919069,0.17502114247426276,0.1563180443759605,0.018703098098302257,False
18590bfd8,LJP002_MCF7_24H:BRD-K02708799-001-01-4:2,MCF7,BRD-K02708799,GSK-1059615,0.1623182937257843,0.1546092977287525,0.007708995997031787,False
18635b586,CPC013_A549_24H:BRD-K53331454-001-01-9:10,A549,BRD-K53331454,BRD-K53331454,0.14638067007785227,0.14334187848017102,0.0030387915976812507,False
1865f086c,CPC004_PC3_6H:BRD-A22032524-074-04-0:10,PC3,BRD-A22032524,amlodipine,0.15619613101718213,0.1493877358224153,0.006808395194766836,False
18a406358,DOS058_A549_24H:BRD-K14310250-019-01-9:5,A549,BRD-K14310250,BRD-K14310250,0.18415806757418157,0.16882249641933475,0.015335571154846822,False
18bb41b2c,CPC009_HEPG2_6H:BRD-K10114046-001-01-6:10,HEPG2,BRD-K10114046,BRD-K10114046,0.19718035116473032,0.1677367633802395,0.029443587784490827,False
18c37e601,DOS054_MCF7_24H:BRD-K43025837-001-01-8:5,MCF7,BRD-K43025837,BRD-K43025837,0.16172165603817323,0.16144528355805018,0.0002763724801230494,False
18c66651f,ERG017_VCAP_24H:BRD-K75065443:10.07,VCAP,BRD-K75065443,BRD-K75065443,0.16082561563228132,0.15478762720667322,0.0060379884256080985,False
18d693579,CPC015_A549_6H:BRD-K49945136-001-03-5:10,A549,BRD-K49945136,GR-113808,0.15756435146671893,0.1546470714962439,0.0029172799704750285,False
18f6fcc4f,NMH002_NEU_6H:BRD-K45882009-001-06-1:10,NEU,BRD-K45882009,dihydrocapsaicin,0.14607171424230114,0.1402487983486427,0.005822915893658437,False
1908efe59,CVD001_PHH_24H:BRD-K47869605-001-18-9:2.5,PHH,BRD-K47869605,podophyllotoxin,0.16708572985296302,0.1545813260399628,0.01250440381300022,False
191bfe656,CPC010_A375_6H:BRD-K36591038-001-05-6:10,A375,BRD-K36591038,BRD-K36591038,0.1601235547106921,0.15181283813712498,0.008310716573567106,False
1929f8e5e,CPC005_MCF7_6H:BRD-A63998256-001-02-3:10,MCF7,BRD-A63998256,helveticoside,0.15469310779079248,0.1539782585268154,0.0007148492639770798,False
19542f8df,DOS010_VCAP_24H:BRD-K05261220-001-01-0:5.05,VCAP,BRD-K05261220,BRD-K05261220,0.17130855954957064,0.13498768775152606,0.03632087179804458,False
19952d3be,CPC017_A375_6H:BRD-A68891053-001-01-2:10,A375,BRD-A68891053,BW-B70C,0.14422454623643807,0.14159529073343818,0.0026292555029998887,False
19a4c17a6,DOS052_HT29_24H:BRD-K12907790-001-01-9:4.92,HT29,BRD-K12907790,BRD-K12907790,0.19723310053676357,0.19492356192007546,0.002309538616688117,False
19aae2313,CPC015_HT29_6H:BRD-K88429204-001-18-7:10,HT29,BRD-K88429204,pyrimethamine,0.16734783183507002,0.16467598725726906,0.0026718445778009525,False
19b95658c,CPC006_HEC108_6H:BRD-K36324071-363-01-3:10,HEC108,BRD-K36324071,NF-449,0.1748572582275557,0.1660777832897774,0.008779474937778309,False
19bec136e,DOSBIO001_NEU_24H:BRD-K96157570:10.0829,NEU,BRD-K96157570,BRD-K96157570,0.16818363168302541,0.16518807886419054,0.0029955528188348735,False
19d4e1c25,LJP002_MDAMB231_24H:BRD-A21584801-001-01-4:10,MDAMB231,BRD-A21584801,brivanib,0.14691941063308234,0.13513792735954155,0.011781483273540783,False
19d62c533,CPC008_HT29_6H:BRD-K57238941-001-06-2:10,HT29,BRD-K57238941,BRD-K57238941,0.1596766487826497,0.15151838040032056,0.008158268382329137,False
19eca681d,BRAF001_A375_24H:BRD-K92778217-001-21-0:2.5,A375,BRD-K92778217,mefenamic-acid,0.16403435182749426,0.1586229678902617,0.005411383937232561,False
1a038f0f7,CPC005_HT29_24H:BRD-K47150025-001-01-2:10,HT29,BRD-K47150025,KI-8751,0.16294767834192003,0.15855784952012442,0.004389828821795616,False
1a30dbdd2,DOS017_VCAP_24H:BRD-K66131980-001-01-1:4.98,VCAP,BRD-K66131980,BRD-K66131980,0.1436933090812465,0.14205766204295245,0.0016356470382940524,False
1a52478dc,HDAC001_PC3_24H:BRD-K88742110-001-01-2:2.5,PC3,BRD-K88742110,PCI-34051,0.1536472224617288,0.1498321074447022,0.0038151150170265824,False
1a5b7202f,CPC006_HT115_6H:BRD-K69328504-001-01-7:10,HT115,BRD-K69328504,L-690488,0.15179260680296663,0.1457523214081199,0.006040285394846745,False
1a6b3b8ed,CPC015_MCF7_24H:BRD-K25224017-001-15-1:10,MCF7,BRD-K25224017,pirenperone,0.1759432816792405,0.16598160489812616,0.009961676781114343,False
1a6cf6fe6,CPC020_HT29_6H:BRD-K47323024-003-17-8:10,HT29,BRD-K47323024,methapyrilene,0.17246342356380054,0.16441124030018667,0.008052183263613871,False
1a79afe73,LJP002_BT20_6H:BRD-K70401845-001-04-1:2,BT20,BRD-K70401845,erlotinib,0.16083086532544424,0.1382885304078845,0.022542334917559748,False
1a892fd97,MUC.CP005_MCF7_24H:BRD-K33597548-001-01-8:0.3756,MCF7,BRD-K33597548,BRD-K33597548,0.15943780725824902,0.1538544270436351,0.005583380214613909,False
1aa5a11e1,DOS020_VCAP_24H:BRD-K88937432-001-01-9:4.84,VCAP,BRD-K88937432,BRD-K88937432,0.1587080665374953,0.15200691262681548,0.006701153910679825,False
1abba6a06,DOS019_VCAP_6H:BRD-K16372954-001-01-4:5.02,VCAP,BRD-K16372954,BRD-K16372954,0.16415731963590138,0.1558220514653143,0.008335268170587079,False
1abc45fa3,CPC006_SW480_6H:BRD-K64451768-001-01-3:10,SW480,BRD-K64451768,GANT-58,0.1640437350458767,0.1599947511165526,0.004048983929324096,False
1ac3046e2,CPC009_HEPG2_6H:BRD-K06555716-019-01-7:10,HEPG2,BRD-K06555716,BRD-K06555716,0.14933023996488504,0.13883495288044626,0.010495287084438781,False
1b09b35f0,NMH001_NEU_6H:BRD-K45845523-001-01-6:10,NEU,BRD-K45845523,BRD-K45845523,0.1700515852149776,0.16906631567503624,0.0009852695399413525,False
1b1a45a6b,DOS059_A549_24H:BRD-K43721143-001-01-1:5,A549,BRD-K43721143,BRD-K43721143,0.1587132890742198,0.15600645045284153,0.0027068386213782714,False
1b20d8d8d,LJP002_HS578T_6H:BRD-K19220233-001-02-3:0.4,HS578T,BRD-K19220233,JNK-9L,0.14795791511154927,0.1457551145840123,0.0022028005275369633,False
1b5be72dc,DOS014_VCAP_6H:BRD-K39530782-001-01-8:5.02,VCAP,BRD-K39530782,BRD-K39530782,0.16233515199321813,0.14897829253702716,0.013356859456190973,False
1b72f77e1,DOS055_HT29_24H:BRD-K60863614-001-01-9:5,HT29,BRD-K60863614,BRD-K60863614,0.16945451325365607,0.161902381444057,0.007552131809599072,False
1b904d48f,ERG012_VCAP_24H:BRD-K38044934-001-01-8:0.0195312,VCAP,BRD-K38044934,BRD-K38044934,0.16300029282946793,0.16232501848185082,0.0006752743476171053,False
1b972d4e6,CPC006_CORL23_6H:BRD-K61323504-001-03-2:11.1,CORL23,BRD-K61323504,SB-225002,0.16358990117100602,0.13335648996407123,0.03023341120693479,False
1bbc9c827,DOS059_HT29_24H:BRD-K62714403-001-01-7:5,HT29,BRD-K62714403,BRD-K62714403,0.1506642127735026,0.149978344860611,0.0006858679128915746,False
1bcab17e9,NMH001_NEU_6H:BRD-A65140285-001-01-7:10,NEU,BRD-A65140285,BRD-A65140285,0.1580144198954744,0.15270035782198307,0.005314062073491332,False
1bce4a659,DOS032_PC3_24H:BRD-K07063907-001-01-8:5.1,PC3,BRD-K07063907,BRD-K07063907,0.166156367374401,0.16332925139281135,0.002827115981589662,False
1bd7dfcf5,DOS009_VCAP_24H:BRD-K87269491-001-01-6:5.01,VCAP,BRD-K87269491,BRD-K87269491,0.1409454212840438,0.13902078203058504,0.0019246392534587597,False
1be20d6f2,DOS033_A549_24H:BRD-K21642343-001-01-3:5.07,A549,BRD-K21642343,BRD-K21642343,0.17021164020834506,0.15765644191402883,0.012555198294316228,False
1bece7355,CPC003_VCAP_24H:BRD-K25906698-303-01-9:10,VCAP,BRD-K25906698,immepip,0.16863572018092626,0.16559183105708003,0.003043889123846233,False
1c0cf2234,ERG011_VCAP_24H:BRD-K81418486-001-15-2:0.4,VCAP,BRD-K81418486,vorinostat,0.15491989369700532,0.14540425868486406,0.009515635012141255,False
1c21f7ca7,CPC020_VCAP_24H:BRD-M40783228-001-11-9:10,VCAP,BRD-M40783228,mesna,0.1438819608613163,0.13898118892138744,0.004900771939928855,False
1c3236de2,DOS058_A375_24H:BRD-K40272780-019-01-8:5,A375,BRD-K40272780,BRD-K40272780,0.1496614892118856,0.14244743189059406,0.007214057321291545,False
1cac4e758,CPC015_MCF7_24H:BRD-A49447682-001-01-6:10,MCF7,BRD-A49447682,desoximetasone,0.15410266179777868,0.15313616639445007,0.0009664954033286044,False
1cc61abd7,DOS054_HT29_24H:BRD-K74185228-001-01-9:5,HT29,BRD-K74185228,BRD-K74185228,0.15818995913001288,0.15331253711875525,0.004877422011257626,False
1cc754244,CPC006_MCF7_24H:BRD-K30677119-001-01-0:11.1,MCF7,BRD-K30677119,PP-30,0.1444675461527616,0.14383607246280997,0.0006314736899516449,False
1cfcd915a,CPC007_HT29_24H:BRD-K37413063-001-05-0:10,HT29,BRD-K37413063,BRD-K37413063,0.16794884916151231,0.15982566007349003,0.008123189088022287,False
1d04eaf44,DOS050_HT29_24H:BRD-K58985339-001-01-8:5,HT29,BRD-K58985339,BRD-K58985339,0.15549474045732173,0.1539822087877171,0.0015125316696046331,False
1d28447b9,CPC009_MCF7_6H:BRD-K91028164-001-01-6:10,MCF7,BRD-K91028164,BRD-K91028164,0.15170422899503355,0.14774904800591132,0.003955180989122231,False
1d3112471,CPC005_A375_24H:BRD-K21350491-001-02-1:10,A375,BRD-K21350491,phenamil,0.15617199698303236,0.14614199238419145,0.010030004598840903,False
1d39c75d6,CPC010_MCF7_6H:BRD-K65258912-001-08-1:10,MCF7,BRD-K65258912,BRD-K65258912,0.17947618106264607,0.1765416733578213,0.002934507704824757,False
1d4c91026,CPC019_HCC515_6H:BRD-K52801121-001-02-3:10,HCC515,BRD-K52801121,BRD-K52801121,0.16919116713977528,0.16443222489738818,0.004758942242387099,False
1d5e70986,DOS013_VCAP_24H:BRD-K89386994-001-01-8:4.98,VCAP,BRD-K89386994,BRD-K89386994,0.15332220409517203,0.14939451456564712,0.003927689529524908,False
1d61208e9,CPC015_PHH_24H:BRD-A13650332-236-03-9:10,PHH,BRD-A13650332,flucloxacillin,0.16353383903937774,0.15503637188412123,0.00849746715525651,False
1d6d22a71,DOS059_HT29_24H:BRD-K41595225-001-01-2:5,HT29,BRD-K41595225,BRD-K41595225,0.15904362810056144,0.15714251713473304,0.0019011109658284009,False
1d6d68fd5,CPC016_A549_6H:BRD-A64227845-004-02-8:10,A549,BRD-A64227845,SKF-77434,0.16759850069676402,0.16650623551228905,0.001092265184474972,False
1d7b387b9,CPC013_NEU_24H:BRD-K04156788-001-01-7:10,NEU,BRD-K04156788,BRD-K04156788,0.16501124327750555,0.15838378322829302,0.006627460049212525,False
1d80b96cf,LJP002_SKBR3_6H:BRD-K83972459-001-02-7:0.4,SKBR3,BRD-K83972459,JWE-035,0.19186783738430796,0.19054520646090486,0.0013226309234030953,False
1d831bce7,CPC006_PL21_6H:BRD-K53855319-001-01-2:11.1,PL21,BRD-K53855319,SRT-1720,0.14628304505020137,0.14168363433508818,0.004599410715113189,False
1d9628f6b,MUC.CP002_MCF7_6H:BRD-K89406814-001-01-2:0.3807,MCF7,BRD-K89406814,SA-244358,0.17597301192699072,0.16879989985267901,0.007173112074311705,False
1d9b3e2f3,CPC001_HCC515_6H:BRD-K12120659-305-01-4:10,HCC515,BRD-K12120659,GR-144053,0.1447989515033335,0.14151523580572606,0.0032837156976074366,False
1da08b29e,CPC019_VCAP_24H:BRD-K34363599-001-02-0:10,VCAP,BRD-K34363599,RJC-00245SC,0.16117715096469437,0.1571608426230088,0.004016308341685565,False
1da14763f,CPC002_HCC515_6H:BRD-K90789829-003-03-3:10,HCC515,BRD-K90789829,nefazodone,0.1578123925407686,0.15695354551773888,0.0008588470230297129,False
1db26a3b0,PCLB003_HEPG2_24H:BRD-K77908580-001-04-7:0.04,HEPG2,BRD-K77908580,entinostat,0.17202963778872515,0.16031174544926735,0.011717892339457803,False
1dd9d0bac,ERG003_VCAP_6H:BRD-K11399644-003-03-0:10,VCAP,BRD-K11399644,phenformin,0.15209048679623888,0.14437191110402603,0.007718575692212848,False
1df2f9781,CPC004_MCF7_6H:BRD-K86301799-001-19-9:10,MCF7,BRD-K86301799,dipyridamole,0.20192675354196504,0.20079487356368717,0.0011318799782778777,False
1e1354bb0,CPC005_PC3_24H:BRD-K03319035-003-02-7:10,PC3,BRD-K03319035,maprotiline,0.19226794461220206,0.17498408105597735,0.017283863556224716,False
1e2ab1d8c,CPC004_A375_6H:BRD-A49160188-003-04-4:10,A375,BRD-A49160188,donepezil,0.15323890550007582,0.1504180706789167,0.002820834821159135,False
1e5cd39b1,CPC006_SKM1_6H:BRD-A83255679-001-07-2:20,SKM1,BRD-A83255679,BRD-A83255679,0.16210579182305276,0.15268388739701697,0.009421904426035799,False
1e810afa6,MUC.CP001_NKDBA_24H:BRD-K65736998-001-01-8:0.3677,NKDBA,BRD-K65736998,SA-1473405,0.15425345801913373,0.15250978489281264,0.0017436731263210936,False
1e81ae8da,CPC012_NPC_24H:BRD-K52831896-001-01-5:10,NPC,BRD-K52831896,BRD-K52831896,0.15346046040522934,0.15050679703862996,0.002953663366599385,False
1e83e8b52,CPC006_TYKNU_6H:BRD-K88544581-001-03-8:80,TYKNU,BRD-K88544581,CI-976,0.1644349410471184,0.15943659917483333,0.004998341872285067,False
1ea8cd37d,CPC002_PC3_6H:BRD-K46441700-300-01-4:10,PC3,BRD-K46441700,GR-55562,0.17537340151061517,0.174879683214944,0.0004937182956711861,False
1ee31d089,CPC006_A375_6H:BRD-K16554956-001-01-5:10,A375,BRD-K16554956,PTB1,0.18004580474622006,0.16451163236949645,0.01553417237672361,False
1f4fc34c5,DOS012_VCAP_24H:BRD-K15895141-001-01-9:5.01,VCAP,BRD-K15895141,BRD-K15895141,0.15525893932464158,0.1461574358409224,0.009101503483719187,False
1f5dc16e1,NMH002_FIBRNPC_24H:BRD-A50287119-001-01-5:10,FIBRNPC,BRD-A50287119,sirolimus,0.15252383655932372,0.14587131296535227,0.006652523593971449,False
1f615ecea,DOS051_MCF7_24H:BRD-K46393778-001-01-8:4.95,MCF7,BRD-K46393778,BRD-K46393778,0.16086946850563075,0.15371307534506268,0.00715639316056807,False
1f6f32360,PCLB002_A549_24H:BRD-A74907996:0.04,A549,BRD-A74907996,equol,0.16378233003524167,0.14683877639592752,0.016943553639314157,False
1f7b51a4d,DOS060_A549_24H:BRD-K62794454-001-01-7:5,A549,BRD-K62794454,BRD-K62794454,0.18305343514245875,0.16804253050965867,0.015010904632800082,False
1f9677293,DOS002_VCAP_6H:BRD-K42968246-001-01-5:5.03,VCAP,BRD-K42968246,BRD-K42968246,0.16561009790255418,0.16293041169926742,0.002679686203286763,False
1fbc1f017,CPC001_PC3_24H:BRD-A43930669-003-01-0:10,PC3,BRD-A43930669,L-368899,0.16968599941675827,0.15046850520325195,0.019217494213506325,False
1ff21b539,DOS058_A549_24H:BRD-K11293573-019-01-0:5,A549,BRD-K11293573,BRD-K11293573,0.16896171768702348,0.16179835249060723,0.007163365196416249,False
2002e6125,DOS047_MCF7_24H:BRD-K84218095-001-01-6:5.03,MCF7,BRD-K84218095,BRD-K84218095,0.15608382780532895,0.1520137020490899,0.004070125756239051,False
201cdcec8,DOS012_VCAP_6H:BRD-K19815647-001-01-2:4.75,VCAP,BRD-K19815647,BRD-K19815647,0.16102863637948697,0.16073886764931444,0.00028976873017252935,False
202867ab1,CPC006_RMUGS_6H:BRD-K00615600-001-06-1:25,RMUGS,BRD-K00615600,AG-14361,0.16127739041326947,0.15539244510016642,0.005884945313103046,False
209a68d23,HOG003_A549_24H:BRD-K09907482-001-02-5:0.1234,A549,BRD-K09907482,PRL-3-inhibitor-I,0.1497247986555669,0.14672279614800385,0.0030020025075630508,False
20a3c3f90,CPD001_MCF7_6H:BRD-K60770992-066-19-3:10,MCF7,BRD-K60770992,pergolide,0.1642273147207643,0.159508748319929,0.004718566400835289,False
20c439875,DOSBIO001_PC3_24H:BRD-K19677752:10.0343,PC3,BRD-K19677752,BRD-K19677752,0.17970152516530025,0.15737888742971334,0.022322637735586903,False
20c9d8e5c,CPC012_MCF7_6H:BRD-K05562558-001-01-3:10,MCF7,BRD-K05562558,BRD-K05562558,0.1638569307262726,0.1621990811029145,0.0016578496233581042,False
20d248d52,NMH002_FIBRNPC_6H:BRD-K70792160-003-03-8:10,FIBRNPC,BRD-K70792160,10-DEBC,0.16698104133510933,0.1635362719540262,0.0034447693810831237,False
20e191f4d,CPC014_ASC_24H:BRD-K07736136-001-01-2:10,ASC,BRD-K07736136,VX-702,0.16206203629005292,0.150979269276027,0.011082767014025913,False
20f5de99f,PCLB002_MCF7_24H:BRD-K61894884:3.33,MCF7,BRD-K61894884,BRD-K61894884,0.15597840796054613,0.1548569448685994,0.0011214630919467172,False
210962402,CPC006_SKMEL1_6H:BRD-K31342827-001-05-4:12.12,SKMEL1,BRD-K31342827,bisindolylmaleimide,0.17013670365455608,0.15867907185391722,0.011457631800638857,False
211b5a3d5,DOS022_VCAP_24H:BRD-K05931533-001-01-0:5,VCAP,BRD-K05931533,BRD-K05931533,0.15070300305097586,0.14253912396504545,0.008163879085930414,False
212446fb4,DOS052_MCF7_24H:BRD-K42702351-001-01-9:5.04,MCF7,BRD-K42702351,BRD-K42702351,0.1609464376394988,0.1565324938954965,0.004413943744002308,False
212895fb6,DOS047_A375_24H:BRD-K68614469-001-01-4:5.01,A375,BRD-K68614469,BRD-K68614469,0.14378162739605727,0.14054079030344263,0.0032408370926146346,False
2159f4e19,CPC008_A549_6H:BRD-K26906367-001-04-2:10,A549,BRD-K26906367,BRD-K26906367,0.15168767771748612,0.14833132389294645,0.003356353824539665,False
21625d864,DOS032_MCF7_24H:BRD-K44261129-001-01-5:4.98,MCF7,BRD-K44261129,BRD-K44261129,0.15779287730636787,0.15325258407059694,0.004540293235770931,False
216e28696,CPC014_A375_6H:BRD-A77577770-001-03-4:10,A375,BRD-A77577770,BRD-A77577770,0.1666336923928191,0.16128393848711842,0.005349753905700694,False
21873d192,DOS052_MCF7_24H:BRD-K35081088-001-01-7:4.99,MCF7,BRD-K35081088,BRD-K35081088,0.1272848177779806,0.12388125115687046,0.0034035666211101323,False
21ad0a835,LJP002_MCF7_24H:BRD-K75308783-001-02-1:0.08,MCF7,BRD-K75308783,SAR-245409,0.15827620954492466,0.14752931182920742,0.01074689771571724,False
21d9e9e4e,DOS018_VCAP_24H:BRD-K63428678-001-01-1:5,VCAP,BRD-K63428678,BRD-K63428678,0.18055683482393475,0.1541308981428569,0.026425936681077844,False
21f05d290,CPC006_A549_6H:BRD-K19216856-001-02-7:88.8,A549,BRD-K19216856,epigallocatechin,0.14374220947846983,0.14129993611213698,0.0024422733663328478,False
21fce610c,CPC007_HCC515_6H:BRD-K79342257-001-04-9:10,HCC515,BRD-K79342257,BRD-K79342257,0.1548115709184889,0.15439317954759435,0.00041839137089455525,False
2213f37fe,CPC006_SKMEL1_6H:BRD-K81473043-001-04-7:0.35,SKMEL1,BRD-K81473043,tanespimycin,0.17278394098895528,0.16693435712738863,0.005849583861566643,False
22199949c,AML001_HL60_24H:BRD-A95504714:3.33333,HL60,BRD-A95504714,BRD-A95504714,0.1821824543402744,0.16964000223987794,0.012542452100396478,False
2220f11d3,CPC015_MCF7_6H:BRD-K93645900-001-04-8:10,MCF7,BRD-K93645900,tadalafil,0.17694630045947368,0.16827660414640364,0.008669696313070047,False
2229f35a4,DOS059_A549_24H:BRD-K82425094-001-01-0:5,A549,BRD-K82425094,BRD-K82425094,0.14459871337535776,0.14101925269455687,0.0035794606808008944,False
222c64809,HOG002_MCF7_6H:BRD-K41859756-001-01-9:0.013,MCF7,BRD-K41859756,NVP-AUY922,0.218063678229316,0.195984386010974,0.022079292218341984,False
2249f481f,DOS054_PC3_24H:BRD-K89499048-001-01-5:5,PC3,BRD-K89499048,BRD-K89499048,0.15029847567801657,0.14533173478820688,0.004966740889809695,False
224c01471,CPC019_VCAP_6H:BRD-K39921295-001-01-9:10,VCAP,BRD-K39921295,BRD-K39921295,0.17065003952468066,0.15127172566656255,0.019378313858118112,False
224c1bf37,CPC004_A375_6H:BRD-K22193694-001-08-6:10,A375,BRD-K22193694,dioxybenzone,0.18176653199995063,0.14707959903344947,0.03468693296650116,False
225385f09,CPC012_A375_6H:BRD-K82971429-001-01-9:10,A375,BRD-K82971429,BRD-K82971429,0.15147935289579334,0.14836607080231606,0.0031132820934772765,False
226072171,CPC012_MCF7_6H:BRD-A06131576-001-01-6:10,MCF7,BRD-A06131576,BRD-A06131576,0.15880060552714087,0.14237901141281573,0.016421594114325144,False
226348f20,DOS011_VCAP_6H:BRD-K57552506-001-01-4:4.97,VCAP,BRD-K57552506,BRD-K57552506,0.15010204983375716,0.14877065842783915,0.0013313914059180088,False
2266410ca,CPC007_MCF7_6H:BRD-K56658166-001-06-0:10,MCF7,BRD-K56658166,BRD-K56658166,0.1637678571799296,0.16200125692864095,0.0017666002512886358,False
22770735e,DOS054_A549_24H:BRD-K93181983-001-01-0:5,A549,BRD-K93181983,BRD-K93181983,0.17608798820360427,0.17275552464692473,0.0033324635566795435,False
227dac617,DOS055_HT29_24H:BRD-K55191691-001-01-8:5,HT29,BRD-K55191691,BRD-K55191691,0.14763524013116552,0.1467896805836539,0.0008455595475116151,False
2284046f5,CPC015_A549_6H:BRD-A75402480-001-03-8:10,A549,BRD-A75402480,deoxycorticosterone-acetate,0.1604714518601782,0.15728565304330946,0.003185798816868729,False
2289e7c53,PCLB003_MCF7_24H:BRD-K57064803-001-01-0:0.04,MCF7,BRD-K57064803,BRD-K57064803,0.19236105789366142,0.17240799994837241,0.01995305794528901,False
228f08c3d,CPC018_A375_6H:BRD-K76587808-001-03-8:10,A375,BRD-K76587808,fraxetin,0.15300794776124702,0.14214011420757616,0.010867833553670853,False
2294112df,AML001_U937_6H:BRD-K21918725:10,U937,BRD-K21918725,BRD-K21918725,0.1371228868630255,0.1367032330882866,0.000419653774738904,False
22d6e0ac1,AML001_U937_24H:BRD-K80368509:10,U937,BRD-K80368509,BRD-K80368509,0.1675851190246821,0.15741506228186508,0.010170056742817013,False
22f943d8d,DOS048_A375_24H:BRD-K70617194-001-01-5:5.02,A375,BRD-K70617194,BRD-K70617194,0.15368066142446063,0.15107293677504066,0.002607724649419968,False
230867937,CPC005_VCAP_6H:BRD-A37432947-004-02-5:10,VCAP,BRD-A37432947,ipratropium,0.14598710613919913,0.14555787477084525,0.0004292313683538773,False
230cbe940,DOS057_A375_24H:BRD-K67887361-001-01-6:5,A375,BRD-K67887361,BRD-K67887361,0.1515728876337516,0.15022258016252352,0.0013503074712280794,False
23108da9b,CPC012_A549_24H:BRD-K22129929-001-03-8:10,A549,BRD-K22129929,BRD-K22129929,0.15322240342240023,0.1520783764469812,0.0011440269754190435,False
232d3e660,DOS047_HT29_24H:BRD-K95154332-001-01-3:4.98,HT29,BRD-K95154332,BRD-K95154332,0.15483162464672892,0.15245157479667146,0.002380049850057464,False
233bbbb62,DOS055_A549_24H:BRD-K27459043-001-01-9:5,A549,BRD-K27459043,BRD-K27459043,0.17437535223932257,0.1500779213498178,0.024297430889504784,False
234586c95,CPC012_NEU_24H:BRD-K71574320-300-01-0:10,NEU,BRD-K71574320,BRD-K71574320,0.15409405873186752,0.15069819918544403,0.003395859546423491,False
23458e56a,LJP002_HS578T_24H:BRD-K70511574-001-02-8:10,HS578T,BRD-K70511574,HMN-214,0.1771248166105011,0.16143868814068452,0.015686128469816596,False
234611c76,PRISM001_A375_6H:BRD-K59369769-001-05-4:2.5,A375,BRD-K59369769,tozasertib,0.1685087143035331,0.15948520359478782,0.00902351070874527,False
2352c6333,HDAC002_MCF7_6H:BRD2492_+_BRD3308:5,MCF7,BRD2492+BRD3308,"HDACi1,2+3_mix",0.17549039274165834,0.1659910729058577,0.00949931983580063,False
235333326,DOS060_A549_24H:BRD-K35176035-001-01-9:5,A549,BRD-K35176035,BRD-K35176035,0.17341652635661947,0.16176015777859742,0.011656368578022047,False
2353e1221,DOS054_HT29_24H:BRD-K36961456-001-01-3:5,HT29,BRD-K36961456,BRD-K36961456,0.1795371537947116,0.14838764033576848,0.031149513458943123,False
236738f2a,CPC006_NCIH1836_6H:BRD-K77947974-001-05-6:4.21,NCIH1836,BRD-K77947974,fluspirilene,0.15178150196793289,0.1463175473684112,0.005463954599521675,False
238584dcd,CPC006_A375_6H:BRD-K40892394-001-01-9:11.1,A375,BRD-K40892394,AR-C133057XX,0.15016736732403888,0.1499443661063134,0.00022300121772547699,False
23b0c6122,CPC011_A549_24H:BRD-K47936004-311-02-0:10,A549,BRD-K47936004,piribedil,0.14602937198273214,0.1430277031335858,0.0030016688491463495,False
23b488dc9,DOSBIO001_NPC_24H:BRD-K07516181:10,NPC,BRD-K07516181,BRD-K07516181,0.17631441842515072,0.17582261915753178,0.000491799267618942,False
23bdbc9c0,CPC011_HA1E_6H:BRD-K66615216-003-09-8:10,HA1E,BRD-K66615216,moxifloxacin,0.14555849410744798,0.14470752857975225,0.0008509655276957295,False
23d6790ad,CPC010_HCC515_6H:BRD-A54632525-001-03-2:10,HCC515,BRD-A54632525,BRD-A54632525,0.16458277320717052,0.1472425128062907,0.017340260400879826,False
23ffb25a4,DOS019_VCAP_6H:BRD-K89427926-001-01-3:5.01,VCAP,BRD-K89427926,BRD-K89427926,0.15776710667691476,0.14946459071175314,0.008302515965161628,False
240f5b164,CPC018_MCF7_6H:BRD-A31521121-001-15-7:10,MCF7,BRD-A31521121,methocarbamol,0.19295947924191126,0.17970093801682352,0.013258541225087739,False
243025e87,DOS051_PC3_24H:BRD-K69332942-001-01-9:5.02,PC3,BRD-K69332942,BRD-K69332942,0.1555042620822218,0.1542696172415383,0.001234644840683502,False
24379fd5e,DOS015_VCAP_6H:BRD-K26606423-001-01-6:5.02,VCAP,BRD-K26606423,BRD-K26606423,0.1526701508986939,0.14563068316402025,0.007039467734673649,False
244e7bde9,LJP002_SKBR3_6H:BRD-A29009894-001-01-2:2,SKBR3,BRD-A29009894,AZD-1480,0.16236351941042565,0.16114826481999983,0.0012152545904258183,False
244ef8123,CPC019_HEPG2_6H:BRD-K48803730-001-01-1:10,HEPG2,BRD-K48803730,BRD-K48803730,0.16097635593152382,0.1537963405049823,0.007180015426541508,False
246d8afb2,CPC014_HCC515_6H:BRD-K16485616-001-03-0:10,HCC515,BRD-K16485616,mocetinostat,0.1477211882650684,0.14461876008573565,0.0031024281793327335,False
248a98dcc,CPC004_MCF7_6H:BRD-K41713976-300-01-8:10,MCF7,BRD-K41713976,E-4031,0.13629776382547737,0.1360595371118983,0.000238226713579065,False
24936702f,CPC014_A375_6H:BRD-K87730440-001-01-9:10,A375,BRD-K87730440,BRD-K87730440,0.16329400429144011,0.1563029692591793,0.006991035032260812,False
2493e7197,CPC003_HA1E_24H:BRD-K08996725-313-01-7:10,HA1E,BRD-K08996725,zolantidine,0.14359706925112242,0.1411535450394883,0.0024435242116341294,False
24a3fbf37,DOS046_A375_24H:BRD-K52758732-001-01-8:5,A375,BRD-K52758732,BRD-K52758732,0.1453417845194682,0.1385981198205144,0.006743664698953794,False
24ac0214f,CPC007_HT29_24H:BRD-K70229243-001-05-1:10,HT29,BRD-K70229243,BRD-K70229243,0.14610230307647287,0.13978115846604075,0.006321144610432122,False
24c0a37ff,CPC006_RKO_6H:BRD-K32330832-001-01-0:11.1,RKO,BRD-K32330832,VER-155008,0.17801624059992302,0.1647705810803728,0.01324565951955023,False
24c787f29,LJP002_BT20_6H:BRD-K02113016-001-05-5:2,BT20,BRD-K02113016,olaparib,0.16433560704824202,0.16124215676622933,0.0030934502820126886,False
24c8a6b96,CPC020_HCC515_6H:BRD-K71799949-001-28-1:10,HCC515,BRD-K71799949,carbamazepine,0.18255195566258298,0.1502789887366876,0.032272966925895374,False
252bf6e2a,CPC005_HA1E_6H:BRD-K64755930-003-02-4:10,HA1E,BRD-K64755930,etazolate,0.17067226613286512,0.15676415826600235,0.013908107866862779,False
2548d9153,CPC005_MCF7_6H:BRD-A22769835-300-03-2:10,MCF7,BRD-A22769835,homochlorcyclizine,0.15499395984830297,0.15292125903551754,0.002072700812785433,False
256d18e2b,MUC.CP006_MCF7_6H:BRD-K06650446-001-01-1:1.1208,MCF7,BRD-K06650446,SA-1455822,0.16254550867007822,0.15033922222803703,0.012206286442041192,False
25cd3600b,CPC006_SKMEL1_6H:BRD-A67373739-001-01-4:10,SKMEL1,BRD-A67373739,AICA-ribonucleotide,0.15871969756566895,0.1516194096909614,0.007100287874707539,False
25d3c2526,CPC006_NCIH596_6H:BRD-K85606544-001-01-8:10,NCIH596,BRD-K85606544,neratinib,0.16245800449017464,0.1499950065472827,0.012462997942891935,False
25f96be51,AML001_U937_24H:BRD-A73513677:0.37037,U937,BRD-A73513677,BRD-A73513677,0.16198963704886282,0.16032484804314232,0.0016647890057205073,False
260a804ec,CPC006_U937_6H:BRD-K09499853-305-01-1:10,U937,BRD-K09499853,KU-0060648,0.1684806035994421,0.16744343644690557,0.0010371671525365445,False
262da47c0,DOSBIO002_NPC_24H:BRD-K01477275:9.95417,NPC,BRD-K01477275,BRD-K01477275,0.17376191841133376,0.16338753382373397,0.010374384587599789,False
263b9a195,DOS053_PC3_24H:BRD-K26350615-001-01-9:4.99,PC3,BRD-K26350615,BRD-K26350615,0.14281598413786556,0.141905743019913,0.0009102411179525705,False
2641f5793,DOS058_A549_24H:BRD-K14538540-019-01-5:5,A549,BRD-K14538540,BRD-K14538540,0.17274256565009652,0.1544382676023684,0.018304298047728124,False
26574c800,CPC006_HEPG2_6H:BRD-A84481105-003-17-2:10,HEPG2,BRD-A84481105,thioridazine,0.15555810823987673,0.15146936952570184,0.004088738714174894,False
266df4aad,KMS002_NOMO1_24H:BRD-K12683773-300-02-1:10,NOMO1,BRD-K12683773,methyl-fasudil,0.15692449738720196,0.15359738063498396,0.003327116752218001,False
2682044c0,PCLB002_MCF7_24H:BRD-K22587354:0.37,MCF7,BRD-K22587354,BRD-K22587354,0.16198942897322072,0.1616551165606795,0.0003343124125412267,False
2688e0167,DOS053_A375_24H:BRD-K45230579-001-01-4:4.98,A375,BRD-K45230579,BRD-K45230579,0.15988705579630758,0.15299677652319715,0.006890279273110422,False
26901f17d,CPC018_A549_6H:BRD-K37270826-001-16-9:10,A549,BRD-K37270826,mifepristone,0.16045495512790398,0.1577998504862478,0.002655104641656164,False
269c5bab3,NMH002_NEU_24H:BRD-A58048407-001-12-1:10,NEU,BRD-A58048407,nimodipine,0.16967363901082366,0.1575143466996815,0.012159292311142156,False
269cfe6ea,CPC018_MCF7_24H:BRD-K06895174-001-01-0:10,MCF7,BRD-K06895174,cisapride,0.1709574671760014,0.16732482081171607,0.0036326463642853413,False
26a49c7f8,CPC012_HT29_6H:BRD-K37762845-001-01-4:10,HT29,BRD-K37762845,BRD-K37762845,0.16794412736780112,0.1589738059182453,0.008970321449555813,False
26a8f6de7,CPC006_NCIH1836_6H:BRD-K93176058-001-02-8:10,NCIH1836,BRD-K93176058,AC-55649,0.14419758655206333,0.14289881856484507,0.0012987679872182578,False
26b98a417,CVD001_PHH_6H:BRD-K94818765-001-01-0:19.2,PHH,BRD-K94818765,BRD-K94818765,0.172087179604704,0.16363911300157424,0.008448066603129745,False
26e35cf44,LJP002_SKBR3_24H:BRD-K87737963-001-02-9:0.08,SKBR3,BRD-K87737963,CYT387,0.16603934275595073,0.16557263658536503,0.00046670617058569563,False
26f1351c1,CPC007_HT29_6H:BRD-K82566177-001-05-2:10,HT29,BRD-K82566177,PSH-026,0.17798961191899054,0.165167287083549,0.012822324835441545,False
2701543aa,LJP002_BT20_6H:BRD-K64857848-001-03-1:0.08,BT20,BRD-K64857848,XMD-885,0.19040686846277938,0.15484680436372414,0.03556006409905524,False
270fbca20,DOS053_MCF7_24H:BRD-K56812045-001-01-1:4.93,MCF7,BRD-K56812045,BRD-K56812045,0.1693874040184562,0.16045252299793572,0.00893488102052048,False
270fd2fad,CPC012_PC3_6H:BRD-K73155123-001-01-9:10,PC3,BRD-K73155123,BRD-K73155123,0.16164799278698,0.15150329237076549,0.010144700416214514,False
27138434f,DOS043_A375_24H:BRD-K95631838-001-01-9:5.03,A375,BRD-K95631838,BRD-K95631838,0.1964712661605682,0.17438224780417405,0.022089018356394152,False
273ff6a56,DOS047_A549_24H:BRD-K75416754-001-01-9:5.03,A549,BRD-K75416754,BRD-K75416754,0.16104327961754197,0.14387118545487443,0.017172094162667545,False
277f1d6f9,DOS001_VCAP_6H:BRD-K82504171-001-01-8:5.01,VCAP,BRD-K82504171,BRD-K82504171,0.15470864487464064,0.15453144812075237,0.00017719675388827572,False
278700b4e,CPC006_SW480_6H:BRD-K00088062-001-02-1:40,SW480,BRD-K00088062,cyanoquinoline-11,0.15092195954798082,0.14641594310865041,0.004506016439330407,False
278991dd3,CPC009_A549_6H:BRD-K79251086-019-01-7:10,A549,BRD-K79251086,BRD-K79251086,0.18478320991575325,0.1693737567625596,0.015409453153193642,False
278f5ee70,CPC014_HA1E_6H:BRD-A72180425-001-06-4:10,HA1E,BRD-A72180425,K784-3188,0.17855290327004728,0.1460076226410063,0.03254528062904097,False
27998e50f,CPC019_HA1E_6H:BRD-K57200229-001-04-0:10,HA1E,BRD-K57200229,SD-6-035-B3,0.16515322034074006,0.16318232392069765,0.0019708964200424173,False
279d0637e,DOS052_MCF7_24H:BRD-K69449918-001-01-1:5.17,MCF7,BRD-K69449918,BRD-K69449918,0.14960162037568986,0.14634522861376537,0.003256391761924493,False
27ba2d779,DOS054_PC3_24H:BRD-K36619075-001-01-8:5,PC3,BRD-K36619075,BRD-K36619075,0.16561771983717147,0.16329314509,0.0023245747471714595,False
27c37fd13,CPC008_PC3_24H:BRD-K25536815-001-01-2:10,PC3,BRD-K25536815,BRD-K25536815,0.17484081402745782,0.15514632415688978,0.019694489870568044,False
27df661a4,HOG001_A549_6H:BRD-K06854232-001-03-3:10,A549,BRD-K06854232,AM-580,0.16066310566213188,0.15181521411015447,0.008847891551977405,False
27fa72002,CPC016_MCF7_24H:BRD-K88871508-001-01-9:10,MCF7,BRD-K88871508,lisuride,0.16538535895430787,0.16519056824901263,0.00019479070529523912,False
280f14f8c,DOS055_PC3_24H:BRD-K06953509-001-01-3:5,PC3,BRD-K06953509,BRD-K06953509,0.18400592823498385,0.17828791359196863,0.005718014643015218,False
280fbcd35,CPC016_SKB_24H:BRD-K79684402-300-01-0:10,SKB,BRD-K79684402,Ro-10-5824,0.1531660398611161,0.14790931522461753,0.0052567246364985665,False
281332709,CPC017_A375_6H:BRD-K98769987-001-09-6:10,A375,BRD-K98769987,flumazenil,0.16078567289647444,0.14871570499200482,0.012069967904469625,False
282850f68,MUC.CP003_NKDBA_24H:BRD-K18910433-001-19-2:0.3704,NKDBA,BRD-K18910433,estradiol,0.15410515710483783,0.15377150461340805,0.0003336524914297756,False
282c379a2,CPC012_HT29_6H:BRD-K36267058-001-04-1:10,HT29,BRD-K36267058,BAS-02859604,0.1476662833915428,0.14413394924310108,0.003532334148441729,False
283011b7d,DOSBIO001_PC3_24H:BRD-K19677752:10.0343,PC3,BRD-K19677752,BRD-K19677752,0.3074025647759085,0.23091697958465157,0.07648558519125692,False
2830d3cb4,CPC017_HT29_6H:BRD-K53878242-001-02-4:10,HT29,BRD-K53878242,MMPX,0.16756690121878193,0.16015643176759772,0.007410469451184204,False
2855e975f,CPC006_HA1E_6H:BRD-K66792149-001-01-8:11.1,HA1E,BRD-K66792149,quinoclamine,0.1483224127014007,0.147899512959644,0.00042289974175671596,False
285fbb0b0,DOS036_A549_24H:BRD-K31569005-001-01-5:5.18,A549,BRD-K31569005,BRD-K31569005,0.17181431637450922,0.15462475933276343,0.017189557041745795,False
2862c5a81,DOS057_A375_24H:BRD-K22571527-001-01-1:5,A375,BRD-K22571527,BRD-K22571527,0.1748916283839893,0.17237434757505832,0.0025172808089309884,False
288497e82,CPC010_A375_6H:BRD-K92033419-001-06-7:10,A375,BRD-K92033419,BRD-K92033419,0.17425612623152625,0.16845516006197966,0.00580096616954659,False
28879e19e,CPC012_MCF7_6H:BRD-A06131576-001-01-6:10,MCF7,BRD-A06131576,BRD-A06131576,0.1493405186909723,0.14496262643181462,0.00437789225915769,False
288928fcc,LJP002_BT20_24H:BRD-K94176593-001-03-7:0.4,BT20,BRD-K94176593,TWS-119,0.152987949614294,0.13726331575977035,0.015724633854523634,False
288e0d205,ASG001_MCF7_24H:BRD-K41260949-001-06-7:0.4,MCF7,BRD-K41260949,valproic-acid,0.1489475606368716,0.14436525387998542,0.004582306756886173,False
28a15cf13,CPC015_NPC_24H:BRD-A92826379-009-03-4:10,NPC,BRD-A92826379,lupanine,0.15442818996794067,0.15089489895561065,0.00353329101233002,False
28a7c8b62,LJP002_MDAMB231_6H:BRD-K37687095-001-02-8:2,MDAMB231,BRD-K37687095,AZD-8330,0.15071576965446742,0.14767174212737624,0.003044027527091181,False
28a834f70,LJP001_MCF10A_24H:BRD-K52911425-001-04-9:2,MCF10A,BRD-K52911425,GDC-0941,0.15398110665516823,0.1537487300071964,0.00023237664797182145,False
28b4acd9e,CPC014_A549_6H:BRD-A59145032-003-01-6:10,A549,BRD-A59145032,BRD-A59145032,0.1542815804782173,0.14405196439925677,0.01022961607896053,False
28bb151a6,PCLB001_HCC515_24H:BRD-K37417543-001-01-0:10,HCC515,BRD-K37417543,MW-SHH-28,0.16183353367681466,0.15132857597508223,0.010504957701732431,False
28bdee607,CPC017_ASC_24H:BRD-K00486786-001-01-4:10,ASC,BRD-K00486786,Ro-08-2750,0.1950104278472619,0.19365500974113967,0.001355418106122247,False
28d0fcca8,CPC012_SKB_24H:BRD-K63220166-001-01-1:10,SKB,BRD-K63220166,BRD-K63220166,0.1666811766771949,0.16419308476068706,0.0024880919165078397,False
28dd9636a,CPC006_RKO_6H:BRD-K67868012-003-01-5:11.1,RKO,BRD-K67868012,PI-103,0.16926650559320122,0.1522793767159319,0.01698712887726933,False
28f1045d8,DOS015_VCAP_6H:BRD-K26606423-001-01-6:5.02,VCAP,BRD-K26606423,BRD-K26606423,0.1705457751171829,0.150855874978981,0.019689900138201905,False
28f63043b,CPC006_NCIH2073_6H:BRD-K78126613-001-16-0:10,NCIH2073,BRD-K78126613,menadione,0.1682821119149421,0.15305613900400072,0.015225972910941382,False
28fff865d,LJP002_BT20_6H:BRD-K70401845-001-04-1:10,BT20,BRD-K70401845,erlotinib,0.15987337502914167,0.15470198206845878,0.005171392960682891,False
2905ae5c4,CPC007_HCC515_6H:BRD-K08857385-001-04-7:10,HCC515,BRD-K08857385,BRD-K08857385,0.17071723155064802,0.15869396600111457,0.012023265549533452,False
29140d496,LJP002_MDAMB231_6H:BRD-A29009894-001-01-2:0.4,MDAMB231,BRD-A29009894,AZD-1480,0.1651549907223994,0.1593689574048233,0.0057860333175761,False
291b86a26,DOS034_MCF7_24H:BRD-K54730162-001-01-4:5.03,MCF7,BRD-K54730162,BRD-K54730162,0.17005366953088724,0.14979489255090303,0.02025877697998421,False
2925884c5,CPC005_A549_6H:BRD-K03319035-003-02-7:10,A549,BRD-K03319035,maprotiline,0.1719691416477663,0.16522790889875305,0.006741232749013254,False
292ab2c28,DOS013_VCAP_24H:BRD-K89386994-001-01-8:4.98,VCAP,BRD-K89386994,BRD-K89386994,0.1597272387551367,0.15897969145561044,0.0007475472995262522,False
29324bd6e,LJP002_MCF7_24H:BRD-A58280226-001-02-0:0.4,MCF7,BRD-A58280226,Y-27632,0.14988303243632028,0.14868442269032783,0.0011986097459924516,False
293ee6a10,CPC017_SKB_24H:BRD-K16233984-236-01-4:10,SKB,BRD-K16233984,eriochrome-black-t,0.14241275602527703,0.1419686920788214,0.00044406394645563063,False
295cdb2c7,CPC004_HA1E_6H:BRD-A66861218-001-03-5:10,HA1E,BRD-A66861218,BRD-A66861218,0.15584181223335972,0.15061670270860084,0.005225109524758881,False
295f13239,LJP001_BT20_6H:BRD-K64890080-001-09-6:0.4,BT20,BRD-K64890080,BI-2536,0.16293799796824088,0.1627104927595578,0.00022750520868308755,False
2964edfc8,DOS057_HT29_24H:BRD-K37650321-001-01-4:5,HT29,BRD-K37650321,BRD-K37650321,0.17572744457798836,0.15841330277636895,0.017314141801619415,False
296728e36,MUC.CP003_NKDBA_24H:BRD-K98714523-001-01-0:1.1522,NKDBA,BRD-K98714523,SA-103006,0.16606571273618242,0.165055608719764,0.0010101040164184338,False
297219c32,HOG001_A549_6H:BRD-A19500257-001-04-7:0.0045,A549,BRD-A19500257,geldanamycin,0.14536681081538438,0.12905179612330844,0.01631501469207594,False
299460cf3,CPC009_MCF7_6H:BRD-K13580623-001-04-0:10,MCF7,BRD-K13580623,BRD-K13580623,0.16030694434471035,0.15303042591753907,0.00727651842717128,False
2997f7207,CPC007_A549_24H:BRD-K60571253-001-05-5:10,A549,BRD-K60571253,BRD-K60571253,0.17359962594507555,0.16866972795057036,0.004929897994505189,False
29992b374,DOS060_A549_24H:BRD-K13542161-001-01-4:5,A549,BRD-K13542161,BRD-K13542161,0.16032130377895198,0.14907323503649972,0.011248068742452266,False
29a240dd6,DOS052_A375_24H:BRD-K94846015-001-01-9:4.99,A375,BRD-K94846015,BRD-K94846015,0.16331269722155664,0.1615303733300394,0.0017823238915172512,False
29acd3bb8,DOSBIO001_PC3_24H:BRD-K63813530:10.0318,PC3,BRD-K63813530,BRD-K63813530,0.1569122480325456,0.15313309293744323,0.0037791550951023767,False
29b48a8b7,CPC011_A549_6H:BRD-K57954781-002-05-7:10,A549,BRD-K57954781,BRD-K57954781,0.1659093448572653,0.1529037818123653,0.013005563044899998,False
29c8a163f,CPC005_A549_6H:BRD-A94675310-003-01-2:10,A549,BRD-A94675310,BRD-A94675310,0.15809736153945453,0.14440707879912745,0.013690282740327075,False
29d24570f,CPC014_PHH_24H:BRD-K95402279-001-01-1:10,PHH,BRD-K95402279,geranylgeraniol,0.1778116113344992,0.153023558105292,0.024788053229207185,False
29d8e882c,DOSBIO002_A375_24H:BRD-K23564937:10.1488,A375,BRD-K23564937,BRD-K23564937,0.15347012527224965,0.15287642466553533,0.0005937006067143202,False
29ea347ea,DOS002_VCAP_24H:BRD-K30365815-001-02-7:4.99,VCAP,BRD-K30365815,BRD-K30365815,0.15731258672106566,0.1534929156593403,0.0038196710617253438,False
2a05f33a8,CPC004_A375_6H:BRD-K34820100-001-02-1:10,A375,BRD-K34820100,tebuthiuron,0.17925075200815221,0.1569364727049785,0.0223142793031737,False
2a0d9f269,CPC020_HCC515_6H:BRD-A48631911-001-01-9:10,HCC515,BRD-A48631911,mibefradil,0.19425101263544697,0.16307894632562026,0.031172066309826718,False
2a1e5e511,DOS009_VCAP_24H:BRD-K31207674-001-01-2:5.06,VCAP,BRD-K31207674,BRD-K31207674,0.14539015818629095,0.14460915796067236,0.0007810002256185833,False
2a2b12fd6,DOS047_PC3_24H:BRD-K22787051-001-01-7:4.96,PC3,BRD-K22787051,BRD-K22787051,0.16003299783883565,0.15440619181845489,0.005626806020380765,False
2a3172400,CPC015_MCF7_6H:BRD-K51805276-001-04-4:10,MCF7,BRD-K51805276,temefos,0.16180798125802462,0.15234043453863425,0.009467546719390374,False
2a32e12d9,HOG002_A549_6H:BRD-K88378636-001-02-8:0.013,A549,BRD-K88378636,withaferin-a,0.16544960796252886,0.1516327939570288,0.013816814005500055,False
2a4c67eba,DOSBIO001_A375_24H:BRD-K51633576:9.87234,A375,BRD-K51633576,BRD-K51633576,0.16999967404759586,0.15825480963838803,0.011744864409207828,False
2a5a539a0,CPC006_COV644_6H:BRD-K52836380-001-01-7:22.2,COV644,BRD-K52836380,AZD-7545,0.16759752014445284,0.16746480803450547,0.00013271210994736382,False
2a61705dd,HDAC002_MCF7_6H:BRD-K26510616-001-01-7:0.625,MCF7,BRD-K26510616,BRD-K26510616,0.14041670182806357,0.13491014888162228,0.005506552946441284,False
2a74be16e,PCLB003_A375_24H:BRD-K21001652-001-01-7:10,A375,BRD-K21001652,BRD-K21001652,0.16366858546421686,0.15495657619206232,0.008712009272154542,False
2a89a4876,CPC006_NCIH596_6H:BRD-K83289131-001-01-4:10,NCIH596,BRD-K83289131,CAY-10618,0.16875135950632006,0.16779393795499692,0.0009574215513231399,False
2a8f1a1e6,CPC013_PC3_6H:BRD-K57019930-001-01-0:10,PC3,BRD-K57019930,BRD-K57019930,0.16119686285901527,0.15791212084297596,0.003284742016039316,False
2a9b80445,CPC002_HCC515_6H:BRD-K87048468-003-01-9:10,HCC515,BRD-K87048468,RS-102221,0.16762473427372357,0.14427308763418156,0.023351646639542006,False
2ab816414,CPC006_RKO_6H:BRD-K73395020-001-01-5:10,RKO,BRD-K73395020,ARP-101,0.17893020503648888,0.17139118895948446,0.007539016077004412,False
2abc6c21e,HOG001_A549_6H:BRD-A75409952-001-01-6:0.3704,A549,BRD-A75409952,wortmannin,0.15871906347493794,0.15209642656141997,0.006622636913517971,False
2ad36b16a,DOS015_VCAP_24H:BRD-K08995626-001-01-0:5.05,VCAP,BRD-K08995626,BRD-K08995626,0.1579427403482679,0.15308957749582705,0.004853162852440862,False
2ad4f79fd,CPC009_PC3_6H:BRD-K44484254-001-01-0:10,PC3,BRD-K44484254,BRD-K44484254,0.15994481472940666,0.15307112148326363,0.006873693246143037,False
2aeb62161,DOS044_A375_24H:BRD-K01208204-001-01-5:5.03,A375,BRD-K01208204,BRD-K01208204,0.18369806707709543,0.17609953122135755,0.007598535855737887,False
2af8f4fe9,DOS043_A549_24H:BRD-K63607326-001-01-6:5.01,A549,BRD-K63607326,BRD-K63607326,0.16141866220014783,0.15877804803028944,0.0026406141698583907,False
2b06f0b4b,LJP002_MDAMB231_6H:BRD-K12811596-001-01-9:0.08,MDAMB231,BRD-K12811596,BMS-509744,0.1416406084609933,0.1410690013370895,0.0005716071239038056,False
2b52b677a,CPC012_PC3_24H:BRD-K71292008-001-01-2:10,PC3,BRD-K71292008,BRD-K71292008,0.14718923345873047,0.14677738512202498,0.00041184833670548926,False
2b5b14f75,CPC019_HT29_6H:BRD-A31429689-001-05-8:10,HT29,BRD-A31429689,BRD-A31429689,0.15723206729035183,0.15484082554211165,0.0023912417482401804,False
2b630dd70,CPC019_HA1E_6H:BRD-K60772276-001-01-1:10,HA1E,BRD-K60772276,ARG-CSC-26,0.17237905877863308,0.15981982999984962,0.01255922877878346,False
2ba00bf6e,DOS042_A549_24H:BRD-K02125996-001-01-2:5.01,A549,BRD-K02125996,BRD-K02125996,0.148154502403599,0.1476486430580473,0.0005058593455516958,False
2ba48ebb1,LJP001_BT20_24H:BRD-K46056750-001-02-1:0.4,BT20,BRD-K46056750,AZD-7762,0.15752845437063856,0.15517845177292802,0.0023500025977105377,False
2bad1b4f2,CPC012_A549_6H:BRD-K15419449-001-01-7:10,A549,BRD-K15419449,I-303059,0.15564784421160738,0.15278856505564747,0.002859279155959904,False
2bb3d948c,CPC007_MCF7_6H:BRD-A02809788-001-06-4:10,MCF7,BRD-A02809788,ARG-TC-41,0.15277701798501564,0.1446553530683306,0.008121664916685034,False
2bb4818ff,DOS052_HT29_24H:BRD-K40518011-001-01-3:4.96,HT29,BRD-K40518011,BRD-K40518011,0.1598192591805089,0.15666412339040764,0.0031551357901012655,False
2bcb41367,CPC006_VCAP_6H:BRD-K27316855-001-02-6:1,VCAP,BRD-K27316855,calcitriol,0.16066916221505512,0.1596211626350379,0.0010479995800172226,False
2bfc1246c,LJP002_BT20_24H:BRD-K64052750-001-08-4:10,BT20,BRD-K64052750,gefitinib,0.16578780553744032,0.15853120868328452,0.007256596854155806,False
2c0916417,CPC006_SKMEL1_6H:BRD-K20755323-001-02-6:40,SKMEL1,BRD-K20755323,SKI-II,0.16164310506318574,0.15059713072678932,0.011045974336396425,False
2c1d6bb96,ERG015_VCAP_24H:BRD-K21110399-001-01-4:10.0427,VCAP,BRD-K21110399,BRD-K21110399,0.1623207624767289,0.16196224358229205,0.00035851889443686,False
2c37f433d,CPC015_A375_6H:BRD-A15415227-003-01-1:10,A375,BRD-A15415227,GW-1929,0.16324421495784905,0.15441672105857215,0.008827493899276895,False
2c472d326,DOS053_A549_24H:BRD-K07760433-001-02-0:5.01,A549,BRD-K07760433,BRD-K07760433,0.1569395861878948,0.15475167524856426,0.002187910939330545,False
2c6576d4b,DOS056_A375_24H:BRD-K57181059-001-01-3:5,A375,BRD-K57181059,BRD-K57181059,0.16865322938198113,0.1526267723704044,0.016026457011576734,False
2c804aab1,CPC007_A375_6H:BRD-K63550534-001-04-0:10,A375,BRD-K63550534,BRD-K63550534,0.15959215935353036,0.1553038283508841,0.004288331002646251,False
2c89382cc,DOS051_PC3_24H:BRD-M72906282-001-01-1:5.01,PC3,BRD-M72906282,BRD-M72906282,0.17767837308921153,0.16371511707080427,0.013963256018407255,False
2ca61bb0d,CPC018_MCF7_6H:BRD-A31521121-001-15-7:10,MCF7,BRD-A31521121,methocarbamol,0.20178790937653893,0.19024498207901352,0.011542927297525402,False
2cc6e68ef,CPC006_T3M10_6H:BRD-K26657438-001-01-2:10,T3M10,BRD-K26657438,imiquimod,0.16568991001790248,0.1496781613907161,0.01601174862718638,False
2cd098f33,CPC011_MCF7_6H:BRD-A47598013-004-14-5:10,MCF7,BRD-A47598013,citalopram,0.16604746387681746,0.16594313862135374,0.00010432525546372196,False
2cedeae41,CPC002_HA1E_24H:BRD-K88611939-001-10-9:10,HA1E,BRD-K88611939,aniracetam,0.14725446361305353,0.1415842786574696,0.00567018495558394,False
2cfa96d20,CPD001_PC3_24H:BRD-K47639036-003-04-1:10,PC3,BRD-K47639036,flavoxate,0.16770944345254415,0.15843184908682492,0.009277594365719233,False
2d3cb8f30,CPC007_A375_6H:BRD-K37061750-001-07-1:10,A375,BRD-K37061750,BRD-K37061750,0.17959734946415362,0.1639500931953528,0.015647256268800813,False
2d753cbed,CPC009_HA1E_6H:BRD-A68009927-001-02-3:10,HA1E,BRD-A68009927,daunorubicin,0.1562932228190736,0.1472188366487972,0.009074386170276394,False
2d7d9fe81,CPC006_SKLU1_6H:BRD-K20285085-001-01-4:10,SKLU1,BRD-K20285085,fostamatinib,0.16873017087692976,0.14626742514127922,0.022462745735650547,False
2d8e2eb5a,CPC018_NPC_24H:BRD-A09495397-001-02-7:10,NPC,BRD-A09495397,bicuculline,0.1546626264683399,0.15209217426864963,0.002570452199690265,False
2d93ebf27,CPC004_HCC515_6H:BRD-K26801045-001-01-1:10,HCC515,BRD-K26801045,pipamperone,0.15293599578867284,0.14567719521652206,0.007258800572150781,False
2da3b7269,CPC007_HT29_6H:BRD-K03568209-001-12-2:10,HT29,BRD-K03568209,MW-STK33-4C,0.1640910080828919,0.16324208812221563,0.0008489199606762643,False
2daa68a56,CPC016_SKB_24H:BRD-K28137194-003-01-3:10,SKB,BRD-K28137194,loreclezole,0.15675601085793506,0.14546310627049117,0.011292904587443892,False
2dc66ae1f,CPC015_A375_6H:BRD-K53987533-003-01-9:10,A375,BRD-K53987533,fluphenazine,0.15857130517967982,0.15626489357600692,0.0023064116036728977,False
2de92054c,DOS002_VCAP_6H:BRD-K40185230-001-01-6:4.83,VCAP,BRD-K40185230,BRD-K40185230,0.15554446291017404,0.15068411547958457,0.004860347430589468,False
2e1874900,CPC006_NOMO1_6H:BRD-K81473043-001-04-7:0.35,NOMO1,BRD-K81473043,tanespimycin,0.17644676965327077,0.1703526002130265,0.006094169440244268,False
2e23247f7,CPC013_SKB_24H:BRD-K52640952-001-01-1:10,SKB,BRD-K52640952,BRD-K52640952,0.16268213817021168,0.1589306170711606,0.0037515210990510806,False
2e25f2ddb,AML001_HL60_24H:BRD-K04986062:10,HL60,BRD-K04986062,BRD-K04986062,0.17943662513497227,0.16787899489593217,0.011557630239040106,False
2e26b4605,CPC004_A375_6H:BRD-K46384212-001-01-1:10,A375,BRD-K46384212,O-3M3FBS,0.17587755542432237,0.17134839754728032,0.004529157877042056,False
2e28d6c72,CPC017_ASC_24H:BRD-A09828896-004-04-5:10,ASC,BRD-A09828896,SKF-81297,0.1531870136454132,0.15211822501708977,0.001068788628323436,False
2e4d2bec4,CPC011_HT29_6H:BRD-A86044036-001-22-4:10,HT29,BRD-A86044036,flurbiprofen-(+/-),0.16257470189717277,0.15593138036332316,0.006643321533849611,False
2e72e42ba,DOS005_VCAP_6H:BRD-K04284624-001-01-5:5.03,VCAP,BRD-K04284624,BRD-K04284624,0.16423920687842927,0.1619541601231721,0.002285046755257175,False
2e857e043,DOSBIO002_A375_24H:BRD-K77629773:9.93611,A375,BRD-K77629773,BRD-K77629773,0.1565841658956157,0.15494377562114783,0.0016403902744678567,False
2eb7fc8f3,CPC006_HCT116_6H:BRD-K28307902-001-10-0:28.96,HCT116,BRD-K28307902,flutamide,0.1649689635805915,0.1601030160514916,0.004865947529099884,False
2f0baab62,DOS057_A375_24H:BRD-K51410836-001-01-2:5,A375,BRD-K51410836,BRD-K51410836,0.15236980246691012,0.14751272431755155,0.004857078149358568,False
2f117323c,CPC005_PC3_6H:BRD-K20995441-001-01-7:10,PC3,BRD-K20995441,U-54494A,0.1574779939358119,0.1517932954706616,0.005684698465150323,False
2f1db8c6c,CPC009_MCF7_6H:BRD-K36038115-001-01-3:10,MCF7,BRD-K36038115,BRD-K36038115,0.16103155616202353,0.1587105423381619,0.0023210138238616285,False
2f2e37eda,DOS049_MCF7_24H:BRD-K25804113-004-01-7:5,MCF7,BRD-K25804113,BRD-K25804113,0.153499395255072,0.1523573158195739,0.0011420794354981,False
2f5b9b3bd,CPC005_MCF7_6H:BRD-A92585442-237-01-0:10,MCF7,BRD-A92585442,RU-28318,0.16411299150886402,0.156554883753374,0.007558107755490012,False
2f7e95bd8,CPC016_A549_24H:BRD-K68103045-001-01-1:10,A549,BRD-K68103045,CGS-20625,0.15927267130500994,0.15236375177626466,0.006908919528745283,False
2f9b22ec4,CPC018_A375_6H:BRD-K20482099-001-01-1:10,A375,BRD-K20482099,rutin,0.13589298384980125,0.13568190408731806,0.0002110797624831906,False
2fb591d53,CPC012_VCAP_6H:BRD-K64058329-001-01-8:10,VCAP,BRD-K64058329,BRD-K64058329,0.15067155548702227,0.14214132331102755,0.008530232175994718,False
2fc2852b3,CPC006_WSUDLCL2_6H:BRD-K74236984-001-01-4:10,WSUDLCL2,BRD-K74236984,UNC-0321,0.1480077350606383,0.14732970082470703,0.0006780342359312685,False
2fcb45e51,DOS058_PC3_24H:BRD-K55467482-019-01-7:5,PC3,BRD-K55467482,BRD-K55467482,0.14893203648985676,0.148821929301542,0.00011010718831475086,False
2fe75eb73,NMH002_FIBRNPC_24H:BRD-K86570333-001-01-0:10,FIBRNPC,BRD-K86570333,BRD-K86570333,0.15228991046675824,0.15051160082838955,0.001778309638368697,False
2ff2b2628,PCLB003_HCC515_24H:BRD-K64106162-001-02-3:0.37,HCC515,BRD-K64106162,BRD-K64106162,0.16189521803637302,0.14891151604852249,0.012983701987850538,False
304da17c7,CPC005_HT29_6H:BRD-A65076780-001-01-3:10,HT29,BRD-A65076780,dihydroergocristine,0.1572115483320285,0.1512332087263066,0.0059783396057218885,False
30a579ab6,PCLB001_MCF7_6H:BRD-K00640357-001-07-2:0.37,MCF7,BRD-K00640357,BRD-K00640357,0.14616286213875013,0.1459066940508881,0.0002561680878620243,False
30aa2f709,BRAF001_A375_24H:BRD-K92778217-001-21-0:2.5,A375,BRD-K92778217,mefenamic-acid,0.1754940023773352,0.14795121913606568,0.02754278324126952,False
30ac46c44,AML001_CD34_24H:BRD-A35207501:1.11111,CD34,BRD-A35207501,BRD-A35207501,0.16551577124369538,0.15573871921835986,0.00977705202533552,False
30b818c2a,CPC004_HEPG2_6H:BRD-A90490067-001-01-9:10,HEPG2,BRD-A90490067,fulvestrant,0.1575982386041414,0.15246798374497855,0.005130254859162853,False
30bcad061,CPC006_A375_24H:BRD-K00615600-001-06-1:25,A375,BRD-K00615600,AG-14361,0.15463157511352432,0.15451452904267513,0.00011704607084919716,False
30c35b555,CPC009_HA1E_6H:BRD-K89786160-019-01-9:10,HA1E,BRD-K89786160,BRD-K89786160,0.14324041161873688,0.14228989674865578,0.0009505148700811039,False
30cee35f0,NMH001_NPC_6H:BRD-K63835783-001-01-9:10,NPC,BRD-K63835783,desmethyl-DASB,0.18903584204351137,0.14773482018807682,0.04130102185543455,False
30ebb536b,NMH001_FIBRNPC_6H:BRD-K03608458-001-01-7:10,FIBRNPC,BRD-K03608458,BRD-K03608458,0.1582722911243754,0.15069556300061698,0.007576728123758425,False
30ec6afbc,PCLB003_HEPG2_24H:BRD-K47503321-001-01-3:1.11,HEPG2,BRD-K47503321,BL003-049-HDAC3,0.17637299105675686,0.17072087644036904,0.0056521146163878155,False
313383238,CPC013_A549_24H:BRD-A25852922-001-01-5:10,A549,BRD-A25852922,ST-4034902,0.1644971786380276,0.15117044851342692,0.013326730124600672,False
31610ede9,MUC.CP001_MCF7_6H:BRD-K07125273-001-01-1:1.0834,MCF7,BRD-K07125273,SA-1473468,0.2099678995859777,0.20207288531024747,0.007895014275730222,False
317026f45,CPC015_MCF7_6H:BRD-K19227686-001-12-9:10,MCF7,BRD-K19227686,phenolphthalein,0.15897594621272854,0.15398194145343322,0.004994004759295317,False
3188e1df7,DOS051_HT29_24H:BRD-K81365479-001-01-4:4.96,HT29,BRD-K81365479,BRD-K81365479,0.16997573919810344,0.16880269525806502,0.0011730439400384207,False
3192fe966,ERG012_PC3_6H:BRD-K06574200-001-01-9:2.5,PC3,BRD-K06574200,BRD-K06574200,0.15060119724736776,0.14486896241901148,0.005732234828356275,False
31a40e7dd,CPC012_MCF7_24H:BRD-A75409952:10,MCF7,BRD-A75409952,wortmannin,0.15751360453218935,0.155849213815372,0.0016643907168173433,False
31addf194,CPC009_MCF7_6H:BRD-K89786160-019-01-9:10,MCF7,BRD-K89786160,BRD-K89786160,0.15316205903353275,0.14465634301239505,0.0085057160211377,False
31cdc0d4a,DOS052_A375_24H:BRD-K83980681-001-02-0:5,A375,BRD-K83980681,BRD-K83980681,0.14632170270930178,0.1422755153661596,0.004046187343142188,False
31d1b5808,DOS009_VCAP_6H:BRD-K02401733-001-01-5:4.98,VCAP,BRD-K02401733,BRD-K02401733,0.14120324494494205,0.13723645517328006,0.003966789771661983,False
31d5cf076,CPC012_HCC515_6H:BRD-K62683350-001-06-6:10,HCC515,BRD-K62683350,MW-STK33-4A,0.14908788643676313,0.14898159040437525,0.00010629603238787588,False
3217b13d3,DOS056_A549_24H:BRD-K81860076-001-01-1:5,A549,BRD-K81860076,BRD-K81860076,0.15727023124292167,0.15144893903008924,0.005821292212832424,False
3226ca64a,DOS058_A375_24H:BRD-K52536034-019-01-5:5,A375,BRD-K52536034,BRD-K52536034,0.16252234708403013,0.15385451049096316,0.008667836593066969,False
3228230d1,DOS008_VCAP_6H:BRD-K22743786-001-01-2:5.03,VCAP,BRD-K22743786,BRD-K22743786,0.15116468181276083,0.15087683098944055,0.0002878508233202792,False
32585ca0c,CPC013_A549_6H:BRD-K58347372-001-02-7:10,A549,BRD-K58347372,BRD-K58347372,0.16452849304427658,0.14181428186773712,0.02271421117653946,False
32602eac2,CPC014_A375_6H:BRD-K49865102-001-02-7:10,A375,BRD-K49865102,PD-0325901,0.17315282338501317,0.17226691450776063,0.0008859088772525392,False
3261b4495,CPC012_HCC515_6H:BRD-K02701279-001-01-8:10,HCC515,BRD-K02701279,BRD-K02701279,0.16479947813481333,0.15742573564963835,0.007373742485174972,False
3264f3b74,PCLB003_HEPG2_24H:BRD-K59019422-001-01-3:3.33,HEPG2,BRD-K59019422,BRD-K59019422,0.1465357059687922,0.14636141623252072,0.00017428973627148237,False
32667f5be,HDAC002_HA1E_24H:BRD-K19826688-001-01-9:0.15625,HA1E,BRD-K19826688,BRD-K19826688,0.1449061065726808,0.1434722793779991,0.001433827194681686,False
3276db5ea,DOS052_MCF7_24H:BRD-K74429632-001-01-1:5.27,MCF7,BRD-K74429632,BRD-K74429632,0.2063834294392224,0.18198041847780483,0.02440301096141756,False
329ac3519,CPC003_HA1E_6H:BRD-K14767410-001-01-5:10,HA1E,BRD-K14767410,SC-560,0.17446952920741496,0.14647876640685856,0.0279907628005564,False
32bad50f4,DOS047_A375_24H:BRD-K27161555-001-01-1:5.06,A375,BRD-K27161555,BRD-K27161555,0.1480136915397593,0.1474531535357282,0.0005605380040311081,False
32bd4cc74,MUC.CP002_MCF7_24H:BRD-K26676775-001-01-3:10.0418,MCF7,BRD-K26676775,SA-1460192,0.18435352146436762,0.15247450488788147,0.03187901657648615,False
32cdd43d4,NMH001_NEU_24H:BRD-K23986500-001-01-1:10,NEU,BRD-K23986500,BRD-K23986500,0.1503543552500353,0.14648497063595167,0.0038693846140836208,False
32dccc366,DOSBIO002_PC3_24H:BRD-K49417484:10.0386,PC3,BRD-K49417484,BRD-K49417484,0.15900685634166858,0.15679112215310892,0.002215734188559665,False
33036fe9b,DOS057_HT29_24H:BRD-K28138218-001-01-7:5,HT29,BRD-K28138218,BRD-K28138218,0.15816454858114307,0.15655882255887266,0.0016057260222704095,False
330a907e0,MUC.CP001_MCF7_24H:BRD-K27797475-001-01-9:10.1131,MCF7,BRD-K27797475,SA-1938219,0.21147853761887286,0.19224713883044794,0.01923139878842492,False
336d3cb9c,PCLB003_A375_24H:BRD-K21001652-001-01-7:0.37,A375,BRD-K21001652,BRD-K21001652,0.14549931718555886,0.1420175573723239,0.0034817598132349525,False
33c90bb0b,CPC010_A375_6H:BRD-K31600199-019-03-2:10,A375,BRD-K31600199,BRD-K31600199,0.16363485574199363,0.16324421113303592,0.00039064460895771314,False
33ea7c31c,DOS052_A375_24H:BRD-K01547285-001-01-8:4.8,A375,BRD-K01547285,BRD-K01547285,0.15365730115185283,0.14975232186318882,0.0039049792886640122,False
342063ca2,DOS042_A549_24H:BRD-K60548400-001-01-4:5.04,A549,BRD-K60548400,BRD-K60548400,0.17483192370840117,0.1562760872133416,0.01855583649505957,False
34337af21,HDAC002_HA1E_24H:BRD-K10436544-001-01-0:0.078125,HA1E,BRD-K10436544,BRD-K10436544,0.15093116985043833,0.1466264329264938,0.0043047369239445354,False
345eb6a69,NMH001_FIBRNPC_6H:BRD-A31180007-001-01-1:10,FIBRNPC,BRD-A31180007,BRD-A31180007,0.1686313804155443,0.16171407300685112,0.006917307408693174,False
346c01544,KMS002_NOMO1_6H:BRD-K46625679-001-01-3:0.01,NOMO1,BRD-K46625679,MW-STK33-97,0.1528551309410318,0.15151100926463196,0.0013441216763998565,False
348b00535,DOS058_A375_24H:BRD-K02577117-019-01-0:5,A375,BRD-K02577117,BRD-K02577117,0.1544465125417091,0.1514904432444495,0.0029560692972596114,False
34a1356e1,CPC012_MCF7_6H:BRD-A06131576-001-01-6:10,MCF7,BRD-A06131576,BRD-A06131576,0.16192239935441152,0.14241708271111933,0.019505316643292192,False
34b7b10a7,CPC006_RKO_6H:BRD-K82746043-001-03-7:10,RKO,BRD-K82746043,navitoclax,0.20027842311322563,0.16377131899094793,0.0365071041222777,False
34b9bb21b,CPC008_A549_6H:BRD-K16358524-001-01-4:10,A549,BRD-K16358524,BRD-K16358524,0.15737498738521696,0.15686574616731114,0.0005092412179058259,False
34bccc9b2,DOS057_HT29_24H:BRD-K79579182-001-01-2:5,HT29,BRD-K79579182,BRD-K79579182,0.1559805144081318,0.1551978447105888,0.0007826696975429814,False
34cb34a74,CPC006_A375_6H:BRD-K78867378-001-07-3:10,A375,BRD-K78867378,MW-A1-12,0.1585533582227738,0.15811454668696878,0.00043881153580502263,False
34e85fe9d,DOSBIO002_A375_24H:BRD-K36462169:10.0595,A375,BRD-K36462169,BRD-K36462169,0.14736132804185748,0.13983465789679939,0.00752667014505809,False
34f1b60c1,HOG002_MCF7_24H:BRD-K35960502-001-10-1:0.013,MCF7,BRD-K35960502,niclosamide,0.1574317140208556,0.1570417014119413,0.000390012608914303,False
35238271c,CPC005_HT29_6H:BRD-K21936341-051-02-4:10,HT29,BRD-K21936341,oxotremorine-sesquifumarate,0.17909740808581945,0.17565662710272084,0.003440780983098607,False
352f26962,CPC012_ASC_24H:BRD-K36977165-001-01-1:10,ASC,BRD-K36977165,RAN-14A,0.14754570528675798,0.14224674950234228,0.005298955784415693,False
35519ef6d,DOSBIO002_NEU_24H:BRD-K82927587:10.249,NEU,BRD-K82927587,BRD-K82927587,0.1714176092434881,0.16536763159116571,0.006049977652322375,False
355e0b5ca,HOG003_A549_24H:BRD-K09907482-001-02-5:0.1234,A549,BRD-K09907482,PRL-3-inhibitor-I,0.151065607619298,0.15045237100827974,0.000613236611018253,False
3575db700,CPC006_SKLU1_6H:BRD-K78867378-001-07-3:10,SKLU1,BRD-K78867378,MW-A1-12,0.16226290722213954,0.15618989270853056,0.006073014513608976,False
357bf33db,CPC011_A549_24H:BRD-K70778732-003-22-6:10,A549,BRD-K70778732,trazodone,0.15279759229257084,0.15004111776831447,0.0027564745242563693,False
3581254ef,DOS053_A549_24H:BRD-K77411261-001-01-4:4.97,A549,BRD-K77411261,BRD-K77411261,0.14585363226999423,0.14094837614263994,0.0049052561273542905,False
358558161,CPC003_HA1E_6H:BRD-K15522385-003-01-0:10,HA1E,BRD-K15522385,cinanserin,0.1589510598023552,0.15644745385463255,0.0025036059477226424,False
35bd6a5cb,LJP001_MDAMB231_24H:BRD-K84085265-001-02-1:0.08,MDAMB231,BRD-K84085265,CG-930,0.15824764138761166,0.14888714968593308,0.009360491701678575,False
35da23e37,CPD002_PC3_24H:BRD-K64052750-001-07-6:10,PC3,BRD-K64052750,gefitinib,0.17810643857527353,0.15601149790415608,0.022094940671117447,False
35deba05e,DOS008_VCAP_24H:BRD-K83121797-001-01-4:5.08,VCAP,BRD-K83121797,BRD-K83121797,0.15112235362409326,0.15097256494996625,0.00014978867412701602,False
35e552246,DOS057_A375_24H:BRD-K67498554-001-01-9:5,A375,BRD-K67498554,BRD-K67498554,0.17212033871234805,0.15509540585206463,0.01702493286028342,False
35f6999a2,HDAC002_HA1E_24H:BRD-K10436544-001-01-0:0.078125,HA1E,BRD-K10436544,BRD-K10436544,0.15755226424294072,0.1536217747059694,0.00393048953697131,False
3610da8fc,CPC016_A549_24H:BRD-A11678676-001-03-4:10,A549,BRD-A11678676,wortmannin,0.1787404229753781,0.1773098150944196,0.001430607880958501,False
3628040f9,DOS012_VCAP_6H:BRD-K44098776-001-01-7:5.17,VCAP,BRD-K44098776,BRD-K44098776,0.15305812181114653,0.15298695138075707,7.117043038945559e-05,False
36483057c,DOS049_A375_24H:BRD-K53920100-001-01-7:5,A375,BRD-K53920100,BRD-K53920100,0.16201226702957938,0.1569118557074337,0.00510041132214567,False
366bf0132,CPC019_MCF7_6H:BRD-K67519589-001-01-1:10,MCF7,BRD-K67519589,BRD-K67519589,0.16541099468562093,0.16441545304707633,0.0009955416385445948,False
366cfd589,CPC005_A375_24H:BRD-A47494775-003-03-0:10,A375,BRD-A47494775,dipivefrine,0.1547811679873552,0.14406402411311708,0.010717143874238111,False
36777ec87,CPC015_HT29_6H:BRD-A43882281-001-11-4:10,HT29,BRD-A43882281,pinacidil,0.1482046268123878,0.14557981201499226,0.0026248147973955416,False
367b43280,CVD001_HUH7_24H:BRD-K21680192-300-04-5:10,HUH7,BRD-K21680192,mitoxantrone,0.16219421172695628,0.15999650897045137,0.00219770275650491,False
3685da8e0,PCLB003_MCF7_24H:BRD-K57064803-001-01-0:0.12,MCF7,BRD-K57064803,BRD-K57064803,0.1658153755755054,0.16318044466802853,0.002634930907476879,False
36ab4aaf7,CPC007_MCF7_24H:BRD-A99911370-001-04-1:10,MCF7,BRD-A99911370,BRD-A99911370,0.14437487963848208,0.14219437546191677,0.0021805041765653177,False
36b7f5ba2,DOS042_A375_24H:BRD-K73334096-001-01-3:4.97,A375,BRD-K73334096,BRD-K73334096,0.15384885071468818,0.14607636205923896,0.007772488655449217,False
36dc71f82,CPC012_MCF7_6H:BRD-A06131576-001-01-6:10,MCF7,BRD-A06131576,BRD-A06131576,0.1511765454837793,0.14757035824092157,0.003606187242857717,False
36e63978b,DOS054_A375_24H:BRD-K89499048-001-01-5:5,A375,BRD-K89499048,BRD-K89499048,0.16010879568897168,0.1501300583301791,0.009978737358792594,False
3702115d8,NMH001_NEU_6H:BRD-K06209536-001-01-7:10,NEU,BRD-K06209536,BRD-K06209536,0.16869436979676644,0.1677661845496228,0.0009281852471436369,False
3703fbf34,BRAF001_A375_6H:BRD-K67578145-001-05-5:2.5,A375,BRD-K67578145,GDC-0879,0.1662113244836358,0.1626024852478163,0.0036088392358195054,False
3710f60fa,CPC014_HA1E_6H:BRD-K88714443-001-01-9:10,HA1E,BRD-K88714443,BRD-K88714443,0.1436599182327471,0.1434815459273977,0.00017837230534939463,False
3724bf970,MUC.CP005_MCF7_24H:BRD-K32581454-001-02-3:0.3704,MCF7,BRD-K32581454,BRD-K32581454,0.1594482203329865,0.15393436852812065,0.005513851804865855,False
376c56233,CPC004_HCC515_24H:BRD-K06712146-001-01-2:10,HCC515,BRD-K06712146,YM-90709,0.16601827779150213,0.1473822087011797,0.01863606909032242,False
379302187,DOS022_VCAP_24H:BRD-K46088987-001-01-1:5.07,VCAP,BRD-K46088987,BRD-K46088987,0.1650236725184832,0.16395824850526713,0.0010654240132160764,False
37a8319f4,DOS001_VCAP_24H:BRD-K99050286-001-01-5:5.01,VCAP,BRD-K99050286,BRD-K99050286,0.15570004031171963,0.15495422126959085,0.0007458190421287814,False
37b33b4d6,LJP001_BT20_6H:BRD-K72420232-001-05-7:0.4,BT20,BRD-K72420232,WZ-4002,0.15282088675363678,0.14889948996034588,0.003921396793290899,False
37c682cd5,DOS042_A549_24H:BRD-K18132838-001-01-2:4.9,A549,BRD-K18132838,BRD-K18132838,0.15594078786754265,0.14865916950164282,0.007281618365899828,False
37cbba316,CPC009_PC3_6H:BRD-K80962769-019-01-0:10,PC3,BRD-K80962769,BRD-K80962769,0.17586155721821417,0.15187715183284828,0.023984405385365892,False
37eedc0ba,HDAC002_MCF7_24H:BRD-K98109757-001-01-0:10,MCF7,BRD-K98109757,cyclopentene,0.15376479773376348,0.15272008523629838,0.0010447124974651,False
37fe7c5c1,DOSBIO001_A375_24H:BRD-K90281509:10.4396,A375,BRD-K90281509,BRD-K90281509,0.16599404577045385,0.16130782127978438,0.004686224490669466,False
3803f83df,DOSBIO002_HT29_24H:BRD-K87536251:10.0242,HT29,BRD-K87536251,BRD-K87536251,0.16931991673760863,0.16895513195664819,0.0003647847809604421,False
381510611,DOS034_A549_24H:BRD-K90281509-001-01-6:5.22,A549,BRD-K90281509,BRD-K90281509,0.1544651398317924,0.15148543063153802,0.0029797092002543657,False
3820146d1,CPC014_SKB_24H:BRD-A67748489-001-06-8:10,SKB,BRD-A67748489,K-858,0.17434647332168357,0.16751864113591813,0.006827832185765437,False
3851faee1,DOS032_A549_24H:BRD-K28312904-001-01-7:4.96,A549,BRD-K28312904,BRD-K28312904,0.15302440405522516,0.15066661310894439,0.0023577909462807745,False
3854c48c5,CPC001_HCC515_6H:BRD-A95939040-008-03-3:10,HCC515,BRD-A95939040,sertaconazole,0.1544439845003125,0.15263106603890292,0.001812918461409574,False
3859c44f3,LJP002_BT20_24H:BRD-K51575138-001-07-4:2,BT20,BRD-K51575138,TPCA-1,0.15712177536146305,0.15234342176316296,0.004778353598300089,False
3861e02b7,CPC006_WSUDLCL2_6H:BRD-K61829047-001-01-6:10,WSUDLCL2,BRD-K61829047,7b-cis,0.1587828473828603,0.1553675541978678,0.0034152931849925072,False
38839e72e,CPC003_HA1E_24H:BRD-K65417056-003-03-6:10,HA1E,BRD-K65417056,meprylcaine,0.1682843614255674,0.16465795583808435,0.0036264055874830614,False
3894818c6,CPC015_PHH_24H:BRD-K81839095-001-04-6:10,PHH,BRD-K81839095,estrone,0.15479318362816447,0.14632944481303864,0.008463738815125826,False
38a70d0e1,CPC006_PL21_6H:BRD-A35108200-001-04-7:10,PL21,BRD-A35108200,dexamethasone,0.1584691368466118,0.15568934719060182,0.0027797896560099733,False
38ae82552,LJP001_MCF7_6H:BRD-K36740062-001-02-5:2,MCF7,BRD-K36740062,GSK-1070916,0.1546240981527533,0.1467305238986661,0.00789357425408721,False
38b3fa4be,CPC019_A375_6H:BRD-A71707563-001-07-5:10,A375,BRD-A71707563,BRD-A71707563,0.1595637506692532,0.15204657514948555,0.00751717551976766,False
38b46f034,CPC009_MCF7_6H:BRD-K68020183-001-01-9:10,MCF7,BRD-K68020183,BRD-K68020183,0.15297834565477267,0.14088875504925913,0.01208959060551354,False
38c318006,DOS043_HT29_24H:BRD-K71401720-001-01-6:5.19,HT29,BRD-K71401720,BRD-K71401720,0.16907658282960603,0.16501322387889716,0.004063358950708862,False
38c7052a2,DOS016_VCAP_6H:BRD-K43820987-001-01-0:5.12,VCAP,BRD-K43820987,BRD-K43820987,0.17926694542498003,0.16609479173137137,0.013172153693608663,False
38edb23a3,DOS032_MCF7_24H:BRD-K18048820-001-01-0:5.03,MCF7,BRD-K18048820,BRD-K18048820,0.15703797635797806,0.1567200570327139,0.0003179193252641488,False
3941eeadd,DOS031_PC3_24H:BRD-K91076377-001-01-8:5.14,PC3,BRD-K91076377,BRD-K91076377,0.1575863886434604,0.1493517939042847,0.008234594739175677,False
394afe33e,DOS032_MCF7_24H:BRD-K38468651-001-01-0:5.15,MCF7,BRD-K38468651,BRD-K38468651,0.18120404039019153,0.15360355749826557,0.02760048289192596,False
394c2d495,CPC006_H1299_6H:BRD-K89732114-001-05-9:10,H1299,BRD-K89732114,trifluoperazine,0.16452787182725145,0.15750438277789652,0.007023489049354931,False
39631cf46,CPC006_RMUGS_6H:BRD-K74236984-001-01-4:10,RMUGS,BRD-K74236984,UNC-0321,0.14196387992657872,0.1386725475181938,0.003291332408384917,False
399610c85,CPC019_A375_6H:BRD-K94127894-001-01-0:10,A375,BRD-K94127894,SA-89068,0.1735339128143576,0.17266779833215729,0.0008661144822003086,False
3997d81ed,DOS057_PC3_24H:BRD-K59744203-001-01-1:5,PC3,BRD-K59744203,BRD-K59744203,0.16351072877202466,0.1550518041276652,0.008458924644359461,False
399cbeb3e,CPC015_HEPG2_6H:BRD-A50675702-001-04-8:10,HEPG2,BRD-A50675702,fipronil,0.15497828112296808,0.14871704144418058,0.0062612396787875,False
39b5b0061,CPC013_NEU_24H:BRD-K56287385-001-01-4:10,NEU,BRD-K56287385,ST-001903,0.14074646009522207,0.14052320492009662,0.00022325517512544746,False
39bf78cd6,DOS031_PC3_24H:BRD-K51823671-001-01-4:5.12,PC3,BRD-K51823671,BRD-K51823671,0.16942706252800782,0.14904214595737791,0.020384916570629907,False
39c89cdd4,NMH002_NEU_24H:BRD-K32610195-001-14-9:10,NEU,BRD-K32610195,androstenedione,0.1682863844258362,0.15630135235442003,0.011985032071416185,False
39cc616d2,CPC018_MCF7_6H:BRD-A31521121-001-15-7:10,MCF7,BRD-A31521121,methocarbamol,0.20470190581563613,0.20299002932770616,0.0017118764879299753,False
39da37e4d,CPC009_VCAP_24H:BRD-K85853911-001-01-1:10,VCAP,BRD-K85853911,KUC104542N,0.1650018429601695,0.16083520751242578,0.004166635447743733,False
39e755d09,CPC009_HEPG2_6H:BRD-K31453413-001-05-9:10,HEPG2,BRD-K31453413,BRD-K31453413,0.1771925794613336,0.17484683719000974,0.002345742271323864,False
3a02fdb9b,CPC006_NCIH596_6H:BRD-K82746043-001-03-7:10,NCIH596,BRD-K82746043,navitoclax,0.15023217951511317,0.1479275386683155,0.0023046408467976565,False
3a30e96c4,CPC010_PC3_6H:BRD-K54168141-001-05-4:10,PC3,BRD-K54168141,BRD-K54168141,0.1519373400237458,0.14818387376466569,0.0037534662590801016,False
3a371596a,DOS027_VCAP_24H:BRD-K11415638-001-01-0:5.02,VCAP,BRD-K11415638,BRD-K11415638,0.1433443164537442,0.14110734780003228,0.0022369686537119238,False
3a383db4a,DOS057_MCF7_24H:BRD-K76050206-001-01-9:5,MCF7,BRD-K76050206,BRD-K76050206,0.1641367807499871,0.16102422727890836,0.0031125534710787495,False
3a3f16d5b,LJP001_MCF7_24H:BRD-K64890080-001-09-6:2,MCF7,BRD-K64890080,BI-2536,0.14019212726278152,0.12727271206286206,0.01291941519991946,False
3a609039d,PCLB002_HCC515_24H:BRD-A60070924:1.11,HCC515,BRD-A60070924,alpha-estradiol,0.1759123727413244,0.17110698631495777,0.004805386426366631,False
3a8369e1d,DOS027_VCAP_24H:BRD-K71087530-001-01-3:5.02,VCAP,BRD-K71087530,BRD-K71087530,0.1628991345196989,0.15286380220744494,0.010035332312253953,False
3a904cbae,HDAC002_PC3_24H:BRD-K00627859-001-03-1:1.25,PC3,BRD-K00627859,tubastatin-a,0.16612122859481404,0.14518872473816746,0.020932503856646578,False
3a9e165e8,DOSBIO001_NEU_24H:BRD-K74381836:10.0448,NEU,BRD-K74381836,SA-1921456,0.15924391866658383,0.15478715684347324,0.004456761823110583,False
3afc0fb95,CPC009_HEPG2_6H:BRD-K59139557-001-01-6:10,HEPG2,BRD-K59139557,BRD-K59139557,0.1517944491728707,0.14888281716476062,0.0029116320081100655,False
3b08c3dce,CPC019_HCC515_6H:BRD-K16046246-001-01-2:10,HCC515,BRD-K16046246,BRD-K16046246,0.18144358893884519,0.17030380830277272,0.01113978063607246,False
3b1b7319a,DOSBIO001_A375_24H:BRD-K06188347:9.90407,A375,BRD-K06188347,BRD-K06188347,0.1520318713713945,0.14464958019220256,0.007382291179191952,False
3b2bdd584,CPC019_PC3_6H:BRD-K27151060-001-01-0:10,PC3,BRD-K27151060,BRD-K27151060,0.15236908745637967,0.14891126342794897,0.0034578240284307005,False
3b37339aa,CPC009_HEPG2_6H:BRD-A60784279-001-05-6:10,HEPG2,BRD-A60784279,BRD-A60784279,0.14929137099442985,0.14856387252548797,0.0007274984689418784,False
3b3ba1d13,DOS028_VCAP_24H:BRD-K06832445-001-01-6:5,VCAP,BRD-K06832445,BRD-K06832445,0.16538804852625114,0.159796211366978,0.005591837159273139,False
3b3c74070,CPC006_A549_24H:BRD-K83213911-001-02-8:80,A549,BRD-K83213911,PF-750,0.17101966969759125,0.15406902946100912,0.016950640236582132,False
3b55a4a69,DOS039_A375_24H:BRD-K33116513-001-01-8:5.09,A375,BRD-K33116513,BRD-K33116513,0.15186701361483995,0.1510607336272352,0.0008062799876047411,False
3b5a343a7,CPC006_RKO_6H:BRD-K82746043-001-03-7:10,RKO,BRD-K82746043,navitoclax,0.16054989007440384,0.15853968212622133,0.0020102079481825186,False
3bab16931,CPC006_A549_6H:BRD-K93023739-001-01-1:6,A549,BRD-K93023739,IKK-inhibitor-X,0.17588452994219045,0.16606424188057617,0.00982028806161428,False
3bb4bf1e5,DOS034_MCF7_24H:BRD-K19642661-001-01-1:4.9,MCF7,BRD-K19642661,BRD-K19642661,0.16251363476183045,0.16011302337256506,0.0024006113892653946,False
3bc819237,NMH002_NEU_6H:BRD-K39965020-001-05-9:10,NEU,BRD-K39965020,doconexent,0.1587540254205199,0.15136338831046403,0.007390637110055859,False
3befd988e,CPC013_A549_6H:BRD-K45818044-001-01-3:10,A549,BRD-K45818044,SA-425500,0.16566571374493144,0.1573438311882727,0.00832188255665875,False
3bfc87fbd,CPC016_NEU_24H:BRD-K70778732-003-15-0:10,NEU,BRD-K70778732,trazodone,0.1794193325693303,0.13972794318961232,0.03969138937971797,False
3c0fc3e91,DOS021_VCAP_24H:BRD-K66632266-001-01-3:5.01,VCAP,BRD-K66632266,BRD-K66632266,0.1976945218929001,0.15257317975365367,0.04512134213924643,False
3c195fc5b,CPC007_HCC515_6H:BRD-K17203693-001-04-0:10,HCC515,BRD-K17203693,BRD-K17203693,0.16876000939737165,0.1422612957524738,0.026498713644897864,False
3c1f654ab,DOSBIO002_NEU_24H:BRD-K41878610:10.0787,NEU,BRD-K41878610,BRD-K41878610,0.13909052109389924,0.13332826002687215,0.005762261067027097,False
3c2e9dbd5,CPC014_ASC_24H:BRD-K66902379-001-01-4:10,ASC,BRD-K66902379,BRD-K66902379,0.15416083375107625,0.1463871322970164,0.007773701454059867,False
3c325b529,DOS051_A549_24H:BRD-K75394059-001-01-0:4.97,A549,BRD-K75394059,BRD-K75394059,0.1547792622755525,0.14984824147539394,0.004931020800158559,False
3c39c920a,CPC007_A549_6H:BRD-A24021119-001-06-0:10,A549,BRD-A24021119,BRD-A24021119,0.1753328166108895,0.15625777014757225,0.019075046463317258,False
3c4369618,CPC020_MCF7_24H:BRD-K46499837-001-01-2:10,MCF7,BRD-K46499837,BRD-K46499837,0.1636702726254295,0.15740618401187811,0.006264088613551377,False
3c4992a3d,CVD001_HUH7_24H:BRD-K41878610-001-01-5:10.0787,HUH7,BRD-K41878610,BRD-K41878610,0.15678652904294,0.15000236322696547,0.006784165815974519,False
3c6a6673a,CPC013_PC3_24H:BRD-K76908866-001-01-9:10,PC3,BRD-K76908866,CP-724714,0.17481805817504692,0.16992046573541197,0.004897592439634946,False
3c8c824ff,DOS058_A375_24H:BRD-K84792586-019-01-8:5,A375,BRD-K84792586,BRD-K84792586,0.16835421052284208,0.16709651519508537,0.0012576953277567138,False
3cbb7b22b,NMH002_NPC_6H:BRD-K01638814-050-01-2:10,NPC,BRD-K01638814,rilmenidine,0.17560696146773805,0.1657140319809134,0.009892929486824659,False
3cc579952,CPC012_VCAP_6H:BRD-K49372556-001-01-7:10,VCAP,BRD-K49372556,mofezolac,0.16629211078746484,0.13671786246324774,0.029574248324217095,False
3cda750b5,CPC016_NEU_24H:BRD-K83508485-001-01-9:10,NEU,BRD-K83508485,FK-888,0.15825578223029224,0.14859286978225913,0.009662912448033106,False
3cdc48274,DOS050_MCF7_24H:BRD-K80284099-001-01-8:5,MCF7,BRD-K80284099,BRD-K80284099,0.16695469428239135,0.16098350270479994,0.005971191577591406,False
3ce3a519e,HDAC002_HA1E_24H:BRD-K64024097-001-02-8:0.3125,HA1E,BRD-K64024097,BRD-K64024097,0.15520539918697687,0.14164762024286362,0.013557778944113252,False
3cf403f44,CPC004_HA1E_6H:BRD-K56558538-003-02-8:10,HA1E,BRD-K56558538,ambroxol,0.17482994979855077,0.15618265828062433,0.018647291517926434,False
3d08fafe8,CPC006_HCC515_6H:BRD-K23363278-001-01-3:1,HCC515,BRD-K23363278,CYT-997,0.16892600066596128,0.16780243587374963,0.001123564792211651,False
3d0f74957,CPC004_A375_6H:BRD-A79981887-003-09-9:10,A375,BRD-A79981887,midodrine,0.15816863481453639,0.15202540023414346,0.006143234580392926,False
3d4298d4a,RAD001_PC3_24H:BRD-K57545991-050-16-5:0.0412,PC3,BRD-K57545991,enalapril,0.16753091745994791,0.15658576066605934,0.010945156793888577,False
3d451870a,CPC002_HCC515_6H:BRD-K87048468-003-01-9:10,HCC515,BRD-K87048468,RS-102221,0.16236860074688764,0.15494008561995926,0.007428515126928381,False
3d5464736,DOS043_HT29_24H:BRD-K79781870-001-01-1:5.33,HT29,BRD-K79781870,BRD-K79781870,0.15728995528385506,0.15056684134157192,0.006723113942283143,False
3d6cf8034,CPC006_RMUGS_6H:BRD-K41087962-001-01-7:0.63,RMUGS,BRD-K41087962,BRD-K41087962,0.1824812328750096,0.1793867148250618,0.003094518049947814,False
3d7235516,DOS011_VCAP_6H:BRD-K41652832-001-01-6:5.38,VCAP,BRD-K41652832,BRD-K41652832,0.1650172315327688,0.15828324333168386,0.006733988201084923,False
3d75ef235,DOS052_HT29_24H:BRD-K81418486:0.5,HT29,BRD-K81418486,vorinostat,0.15875611879178614,0.1547653284279614,0.003990790363824742,False
3daf3ab5b,DOS060_A549_24H:BRD-K64417176-001-01-0:5,A549,BRD-K64417176,BRD-K64417176,0.15926225400015823,0.15388827027599306,0.005373983724165171,False
3db193b3b,BRAF001_A375_6H:BRD-K16478699-001-05-0:0.15625,A375,BRD-K16478699,PLX-4720,0.14393302819178455,0.14110569119074526,0.002827337001039293,False
3dbaab6f8,DOS056_MCF7_24H:BRD-K66340791-001-01-7:5,MCF7,BRD-K66340791,BRD-K66340791,0.1391568521991298,0.13859577199903034,0.0005610802000994564,False
3df6fc891,CPC002_VCAP_24H:BRD-K52620403-015-02-6:10,VCAP,BRD-K52620403,STO-609,0.15995795727915865,0.15414041602068598,0.005817541258472669,False
3e0223fe5,CPC003_PC3_6H:BRD-K00824317-001-03-0:10,PC3,BRD-K00824317,fludroxycortide,0.1744535837108222,0.16692982635734405,0.0075237573534781554,False
3e163d571,DOS046_A549_24H:BRD-K15419834-001-01-0:5,A549,BRD-K15419834,BRD-K15419834,0.1735890341226752,0.1711335923441909,0.0024554417784843074,False
3e1d18e1d,DOS047_A375_24H:BRD-K80398603-001-01-5:5.01,A375,BRD-K80398603,BRD-K80398603,0.18182416423656766,0.15869550604164295,0.02312865819492471,False
3e2f492de,DOS002_VCAP_24H:BRD-K00270349-001-01-2:4.93,VCAP,BRD-K00270349,BRD-K00270349,0.1837299031083636,0.16112174017850608,0.02260816292985751,False
3e59ffa07,CPC006_HA1E_24H:BRD-A81541225-001-02-7:10,HA1E,BRD-A81541225,oligomycin-a,0.15329715921635276,0.15168240074109263,0.0016147584752601307,False
3e5ede2f6,CPC005_A549_6H:BRD-K09255212-001-04-2:10,A549,BRD-K09255212,clioquinol,0.15371933669105386,0.15258165958595965,0.0011376771050942147,False
3e677daea,DOS052_A375_24H:BRD-K12974237-001-02-8:5.01,A375,BRD-K12974237,BRD-K12974237,0.16142780844971655,0.15715314360580404,0.004274664843912507,False
3e6b4e4cb,CPC016_MCF7_24H:BRD-K21283037-003-06-2:10,MCF7,BRD-K21283037,riluzole,0.16437490803076438,0.15709978906752253,0.0072751189632418445,False
3e6baa5f6,DOS060_A549_24H:BRD-K62794454-001-01-7:5,A549,BRD-K62794454,BRD-K62794454,0.16363965097843453,0.15683025289469574,0.006809398083738788,False
3e7f719a5,DOSBIO002_A375_24H:BRD-K40064462:10.0259,A375,BRD-K40064462,BRD-K40064462,0.1691853803189619,0.12829070923373947,0.040894671085222434,False
3e99aea6b,DOS040_HT29_24H:BRD-K38011931-001-01-0:5.01,HT29,BRD-K38011931,BRD-K38011931,0.17091635899771024,0.16367166963398402,0.007244689363726214,False
3e9fc2514,CPC013_ASC_24H:BRD-U68942961-000-01-2:10,ASC,BRD-U68942961,JW-7-24-1,0.17625889347036242,0.14869104640751496,0.027567847062847456,False
3ea303373,DOS039_A375_24H:BRD-K99643744-001-01-3:5.27,A375,BRD-K99643744,BRD-K99643744,0.1618681670022073,0.16172693141053837,0.00014123559166892563,False
3ec1add16,CPC008_A375_24H:BRD-A66604020-001-01-1:10,A375,BRD-A66604020,BRD-A66604020,0.17407606752614063,0.15382427645852717,0.02025179106761346,False
3ed7ea58f,CPC014_HEPG2_6H:BRD-K01493881-001-20-3:10,HEPG2,BRD-K01493881,apigenin,0.15433638110153985,0.1489899472907913,0.005346433810748563,False
3ee3c4f73,CPC015_A549_6H:BRD-A93206962-001-01-2:10,A549,BRD-A93206962,L-755507,0.16765470946550856,0.16305361469138033,0.004601094774128234,False
3f0bd259a,CPC006_NCIH596_6H:BRD-K59962020-001-06-9:10,NCIH596,BRD-K59962020,CHEMBL-374350,0.16178514738357896,0.15527064091867412,0.00651450646490484,False
3f262a342,LJP001_MDAMB231_24H:BRD-K84085265-001-02-1:0.08,MDAMB231,BRD-K84085265,CG-930,0.16336854624432362,0.1554356512323794,0.007932895011944219,False
3f2f378cf,DOS027_VCAP_24H:BRD-K84121492-001-01-1:5.02,VCAP,BRD-K84121492,BRD-K84121492,0.15010489682236844,0.14871126447256416,0.0013936323498042746,False
3f374d199,CPC011_HA1E_6H:BRD-K02227374-003-04-8:10,HA1E,BRD-K02227374,milnacipran,0.1523060451397167,0.1452324369223081,0.0070736082174086,False
3f3f003bc,DOS007_VCAP_24H:BRD-K41779994-001-01-1:5.17,VCAP,BRD-K41779994,BRD-K41779994,0.17455823639707074,0.15472176861662126,0.01983646778044948,False
3f40f8f4b,CPC016_ASC_24H:BRD-K83637872-001-01-7:10,ASC,BRD-K83637872,SANT-1,0.16277768904977435,0.158164093176414,0.004613595873360354,False
3f472c8fb,PCLB001_MCF7_6H:BRD-K58044374-001-01-0:2.5,MCF7,BRD-K58044374,AT1-SHH-29,0.16063518750734093,0.15858698269253654,0.0020482048148043885,False
3f4bbc519,DOSBIO001_PC3_24H:BRD-K19677752:10.0343,PC3,BRD-K19677752,BRD-K19677752,0.17662182711273602,0.1732838697661398,0.0033379573465962264,False
3f5098e6a,CPC006_SKLU1_6H:BRD-K61033289-001-01-2:10,SKLU1,BRD-K61033289,15-delta-prostaglandin-j2,0.17862371408656152,0.16473143541469626,0.013892278671865266,False
3f60092bc,CPC006_JHUEM2_6H:BRD-K95609758-001-02-9:10,JHUEM2,BRD-K95609758,BMS-191011,0.1993723718277996,0.18993161418992532,0.009440757637874275,False
3f7f6b800,CPC018_MCF7_6H:BRD-K32188552-300-01-6:10,MCF7,BRD-K32188552,BRD-K32188552,0.1731822473888494,0.14924996899865667,0.02393227839019274,False
3f8e9f8cf,CPC004_A375_6H:BRD-A54487287-001-03-9:10,A375,BRD-A54487287,cortisone-acetate,0.16894030657152542,0.14759479638466788,0.02134551018685754,False
3f9dd627f,CPC009_A549_24H:BRD-K26300881-001-03-7:10,A549,BRD-K26300881,KU-C103867,0.16253506532868522,0.14894284223943405,0.013592223089251176,False
3fa81b23a,DOS055_HT29_24H:BRD-K33842318-001-01-6:5,HT29,BRD-K33842318,BRD-K33842318,0.1500398219709877,0.14741541577900147,0.0026244061919862283,False
3fab0ee6f,CPC006_WSUDLCL2_6H:BRD-K35960502-001-10-1:10,WSUDLCL2,BRD-K35960502,niclosamide,0.1645048647507944,0.16280104157558867,0.001703823175205732,False
3fadbae37,DOS026_VCAP_6H:BRD-K26862321-001-01-8:5.03,VCAP,BRD-K26862321,BRD-K26862321,0.1492488454555668,0.13969045059827617,0.009558394857290625,False
3fc86d9c1,CPC006_EFO27_6H:BRD-K37865504-001-02-5:10,EFO27,BRD-K37865504,LY-2183240,0.14799750252234647,0.13859272034776016,0.009404782174586318,False
3fcf6c45a,CPC012_PHH_24H:BRD-K02701279-001-01-8:10,PHH,BRD-K02701279,BRD-K02701279,0.14894868864629549,0.1454507604908244,0.0034979281554710917,False
3fe1f2d3a,CPC004_VCAP_6H:BRD-A80017228-001-15-8:10,VCAP,BRD-A80017228,bendroflumethiazide,0.15063116581072275,0.14666383695549204,0.003967328855230712,False
3ff075492,CPC009_HA1E_6H:BRD-K76951091-019-01-8:10,HA1E,BRD-K76951091,BRD-K76951091,0.16231656749206982,0.15622264145504708,0.0060939260370227455,False
4022545bc,DOS048_A549_24H:BRD-K32655366-001-01-4:5.02,A549,BRD-K32655366,BRD-K32655366,0.15810216298591967,0.1515436309082289,0.006558532077690776,False
404af8899,CPC011_PC3_24H:BRD-K37991163-050-13-5:10,PC3,BRD-K37991163,paroxetine,0.1682898374690713,0.16584070276297838,0.002449134706092926,False
404d8b3ae,CPC013_NPC_24H:BRD-K74606027-001-01-7:10,NPC,BRD-K74606027,BRD-K74606027,0.15771873024026195,0.1468206122162634,0.010898118023998538,False
404e713a8,DOS034_MCF7_24H:BRD-K54730162-001-01-4:5.03,MCF7,BRD-K54730162,BRD-K54730162,0.16970220596267926,0.15703233369153352,0.012669872271145743,False
405277073,CPC014_HEPG2_6H:BRD-K60460488-066-01-0:10,HEPG2,BRD-K60460488,nelfinavir,0.16603095456705513,0.15909307896733588,0.0069378755997192565,False
4055d26a8,CPC005_A549_6H:BRD-A65280694-003-03-8:10,A549,BRD-A65280694,molindone,0.16634642228587804,0.16210229968479734,0.004244122601080702,False
408ac68a0,CPC018_MCF7_6H:BRD-K06014311-001-01-2:10,MCF7,BRD-K06014311,DH-97,0.16545765079498115,0.16473061108096287,0.0007270397140182738,False
40accea77,CPC001_HCC515_6H:BRD-K12120659-305-01-4:10,HCC515,BRD-K12120659,GR-144053,0.15331135505270954,0.15143786918912433,0.0018734858635852114,False
40b109426,CPC017_SKB_24H:BRD-K67860401-001-01-5:10,SKB,BRD-K67860401,AR-A014418,0.16141475358445612,0.16051758419054918,0.0008971693939069381,False
40b490d82,DOS033_HT29_24H:BRD-K41862560-001-01-9:5.08,HT29,BRD-K41862560,BRD-K41862560,0.15049544719771007,0.1417607933825637,0.008734653815146376,False
40b79dd0f,RAD001_MCF7_6H:BRD-K64052750-001-04-3:0.0015,MCF7,BRD-K64052750,gefitinib,0.16463889652698777,0.15577931800563316,0.008859578521354605,False
40b898b08,CPC006_HCC515_6H:BRD-K23363278-001-01-3:1,HCC515,BRD-K23363278,CYT-997,0.1646633207284189,0.15333549315446066,0.011327827573958255,False
40bfdfbb7,CPC018_HT29_6H:BRD-K65503129-001-04-8:10,HT29,BRD-K65503129,CCT-018159,0.16136371743074135,0.1475479685336572,0.013815748897084146,False
40f9caec1,DOS051_HT29_24H:BRD-M02207845-001-01-9:5.03,HT29,BRD-M02207845,BRD-M02207845,0.14136539894570804,0.14056260068851598,0.0008027982571920667,False
411184db3,CPC012_MCF7_6H:BRD-A06131576-001-01-6:10,MCF7,BRD-A06131576,BRD-A06131576,0.15454920503035716,0.14840536242722968,0.006143842603127475,False
412428305,DOSBIO002_NPC_24H:BRD-K48527688:10.0287,NPC,BRD-K48527688,BRD-K48527688,0.15176632857476027,0.1507075726848997,0.0010587558898605687,False
41267bb69,CPC014_A375_6H:BRD-K89014967-001-01-9:10,A375,BRD-K89014967,AS-703026,0.1568923421448204,0.15002682736074102,0.006865514784079374,False
4163bb419,PCLB002_MCF7_24H:BRD-K88742110:0.04,MCF7,BRD-K88742110,PCI-34051,0.1587320030064059,0.15212443277666268,0.006607570229743204,False
418057db7,ERG014_VCAP_24H:BRD-K75023015-001-01-8:10.0142,VCAP,BRD-K75023015,BRD-K75023015,0.15849176822986172,0.1556607831385946,0.002830985091267113,False
420d7c087,CPC006_SNUC5_6H:BRD-K99818283-001-01-8:10,SNUC5,BRD-K99818283,PIK-90,0.15160860731854287,0.14540685865302982,0.0062017486655130405,False
42446ee76,CPC006_AGS_6H:BRD-K15563106-001-08-1:177.6,AGS,BRD-K15563106,phloretin,0.1485085956049572,0.14515056919478608,0.0033580264101711055,False
42591280c,CPC012_MCF7_24H:BRD-K05114711-001-01-7:10,MCF7,BRD-K05114711,RAN-27,0.16713967312599773,0.16478727107311986,0.002352402052877872,False
425a7f158,CPC004_HCC515_24H:BRD-K00603606-003-13-3:10,HCC515,BRD-K00603606,ticlopidine,0.15164737861224764,0.14890295582276575,0.002744422789481893,False
4261791cf,CPC005_VCAP_6H:BRD-K48311056-003-01-7:10,VCAP,BRD-K48311056,BRD-K48311056,0.18337458640960086,0.17728503395525422,0.006089552454346642,False
427005627,DOS047_A549_24H:BRD-K75693278-001-01-0:4.77,A549,BRD-K75693278,SA-1458985,0.15936171505810284,0.15438300732183718,0.0049787077362656584,False
42800f350,DOS010_VCAP_6H:BRD-K75867134-001-01-4:5.01,VCAP,BRD-K75867134,BRD-K75867134,0.1564145212778935,0.15171696082595615,0.004697560451937338,False
4297c90d6,CPC017_PHH_24H:BRD-A17453586-003-01-5:10,PHH,BRD-A17453586,MDL-72832,0.16479163778246037,0.15671988038029772,0.00807175740216265,False
42c300b4e,CPC006_VCAP_6H:BRD-K76703230-001-01-3:0.31,VCAP,BRD-K76703230,YM-155,0.1907299030535667,0.1545698942175754,0.036160008835991325,False
42c4f2a5a,MUC.CP003_MCF7_6H:BRD-K85605624-001-01-3:3.3237,MCF7,BRD-K85605624,SA-1458689,0.1609127468070246,0.14843545412434228,0.012477292682682328,False
42cf06e23,CPC015_PHH_24H:BRD-A49447682-001-01-6:10,PHH,BRD-A49447682,desoximetasone,0.14548093296202458,0.14483073081204884,0.0006502021499757427,False
42d153ebb,LJP002_MDAMB231_24H:BRD-K74065929-001-02-3:2,MDAMB231,BRD-K74065929,doramapimod,0.16765705952971882,0.15545796356662148,0.012199095963097345,False
42e08cf8e,CPC007_A375_6H:BRD-K42867405-001-05-7:10,A375,BRD-K42867405,BRD-K42867405,0.14188066008299577,0.13940377940499174,0.0024768806780040287,False
42e5e3f31,CPD001_PC3_24H:BRD-K54556307-300-04-9:10,PC3,BRD-K54556307,ethambutol,0.18260122472230578,0.1704455480201175,0.012155676702188284,False
42feaa183,CPC014_HA1E_6H:BRD-K77908580-001-05-4:10,HA1E,BRD-K77908580,entinostat,0.19593014193586517,0.19196296107569236,0.003967180860172809,False
431887012,DOS060_A549_24H:BRD-K72794452-001-01-7:5,A549,BRD-K72794452,BRD-K72794452,0.15584258818413674,0.1478328725238548,0.00800971566028194,False
431a59ec3,CPC006_HEPG2_6H:BRD-K15108141-001-01-7:0.08,HEPG2,BRD-K15108141,gemcitabine,0.15994602540583447,0.15942299126961165,0.0005230341362228164,False
4328879b2,CPC004_HEPG2_6H:BRD-K09537769-001-02-4:10,HEPG2,BRD-K09537769,NU-7026,0.1844675744116637,0.1782136983341322,0.0062538760775315005,False
4345594a7,CPC006_NOMO1_6H:BRD-A84481105-003-17-2:10,NOMO1,BRD-A84481105,thioridazine,0.127891146721513,0.126992476626009,0.0008986700955040117,False
43569d857,CPC011_MCF7_24H:BRD-K09397065-003-05-3:10,MCF7,BRD-K09397065,SR-57227A,0.14775406448952616,0.14679394253002695,0.0009601219594992105,False
437a5bd76,CPC013_MCF7_24H:BRD-K38455110-001-01-2:10,MCF7,BRD-K38455110,BRD-K38455110,0.15705260106754187,0.15214133645708036,0.004911264610461513,False
439764b4a,CPC006_OV7_6H:BRD-K26664453-001-03-4:10,OV7,BRD-K26664453,cytochalasin-b,0.14424687494323027,0.1440196299404356,0.0002272450027946682,False
43e769029,LJP001_MCF7_24H:BRD-K20285085-001-03-0:0.4,MCF7,BRD-K20285085,fostamatinib,0.1786708225345882,0.1627858066992072,0.01588501583538099,False
43e771cca,DOS013_VCAP_24H:BRD-K54431311-001-01-9:5.1,VCAP,BRD-K54431311,BRD-K54431311,0.16630193629018747,0.15831289869438434,0.007989037595803133,False
4412f3146,DOS054_PC3_24H:BRD-K54711075-001-01-0:5,PC3,BRD-K54711075,BRD-K54711075,0.1598468176116187,0.15692741858107767,0.002919399030541031,False
441fbc224,DOSBIO001_NPC_24H:BRD-K86522396:9.6567,NPC,BRD-K86522396,BRD-K86522396,0.16390357071220893,0.1447036190526353,0.01919995165957364,False
44312df3f,KMS002_THP1_6H:BRD-K22828899-001-01-5:0.37,THP1,BRD-K22828899,TUL-XXI039,0.16082857264963435,0.15493164424899203,0.005896928400642321,False
4469358b7,CPC017_NPC_24H:BRD-K93201660-001-03-2:10,NPC,BRD-K93201660,ML-7,0.1428209618714411,0.1397585031184396,0.0030624587530015124,False
44821ddca,DOS052_A375_24H:BRD-K20441249-001-01-6:4.98,A375,BRD-K20441249,BRD-K20441249,0.14309596380464867,0.1417447491255034,0.001351214679145285,False
44861c09d,CPC006_NCIH2073_6H:BRD-K12184916-001-03-0:0.63,NCIH2073,BRD-K12184916,NVP-BEZ235,0.15722821012429328,0.15293029815345427,0.004297911970839008,False
44bba684f,LJP002_MCF7_6H:BRD-K68756823-001-02-2:10,MCF7,BRD-K68756823,FR-180204,0.17273476068181115,0.16750400833866852,0.005230752343142631,False
44fa43b03,PCLB003_HCC515_24H:BRD-K85133207-001-01-1:0.37,HCC515,BRD-K85133207,HDAC1-selective,0.14970175605778868,0.14776314917254751,0.0019386068852411675,False
4501c0f05,MUC.CP005_MCF7_24H:BRD-K65514600-001-01-9:1.1715,MCF7,BRD-K65514600,BRD-K65514600,0.1559746785876411,0.14499024144035547,0.010984437147285642,False
45028a46a,RAD001_MCF7_24H:BRD-K24844714-001-06-2:3.3333,MCF7,BRD-K24844714,fluorouracil,0.16782759231607491,0.14932194763774484,0.018505644678330074,False
451edfe72,CPC018_MCF7_6H:BRD-A31521121-001-15-7:10,MCF7,BRD-A31521121,methocarbamol,0.17963431146416856,0.1722301482398783,0.007404163224290244,False
4521062d2,DOS046_HT29_24H:BRD-K27366480-001-01-6:5,HT29,BRD-K27366480,BRD-K27366480,0.1653905558566279,0.1589840179288646,0.0064065379277633006,False
4551cb051,DOS052_A375_24H:BRD-K16117792-001-01-9:4.93,A375,BRD-K16117792,BRD-K16117792,0.1662242731719431,0.16136380641027548,0.004860466761667626,False
4560cc651,CPC017_HEPG2_6H:BRD-A09472452-015-11-9:10,HEPG2,BRD-A09472452,flecainide,0.1570557171832203,0.1558997675409557,0.0011559496422646198,False
456e54186,HDAC001_PC3_24H:BRD-K88742110-001-01-2:0.625,PC3,BRD-K88742110,PCI-34051,0.15590743991402486,0.15516477011499538,0.0007426697990294828,False
45792bf48,CPC001_PC3_24H:BRD-A26845397-001-01-4:10,PC3,BRD-A26845397,isamoltane,0.15385500835968627,0.1475767267873069,0.006278281572379363,False
45bc7100a,LJP001_MCF7_24H:BRD-K99616396-001-02-8:0.08,MCF7,BRD-K99616396,motesanib,0.16175891809273485,0.15992633715738286,0.0018325809353519906,False
45d1a70c4,CVD001_PHH_6H:BRD-K62810658-001-05-6:18.707,PHH,BRD-K62810658,PD-98059,0.1442082034313808,0.14325766508556434,0.0009505383458164596,False
4634a07d1,CPC005_A375_6H:BRD-A83937277-001-03-0:10,A375,BRD-A83937277,mephenytoin,0.15348477799457466,0.14666000987623828,0.006824768118336377,False
4659b933e,DOS040_HT29_24H:BRD-K99533437-001-01-8:4.97,HT29,BRD-K99533437,BRD-K99533437,0.1622482584212969,0.14884223343698189,0.013406024984315007,False
465a867a2,LJP002_BT20_6H:BRD-K42918627-001-01-9:0.08,BT20,BRD-K42918627,GSK-2126458,0.16139994678903358,0.16073132048601455,0.000668626303019032,False
467d5ebde,DOS045_HT29_24H:BRD-K98866561-004-01-5:5.04,HT29,BRD-K98866561,BRD-K98866561,0.16854324804668291,0.1681569539292203,0.00038629411746260445,False
468ffed3e,CPC001_HCC515_6H:BRD-K68332390-001-03-3:10,HCC515,BRD-K68332390,ponalrestat,0.15786829630215762,0.15771608111052324,0.00015221519163438613,False
469c117fb,DOS019_VCAP_6H:BRD-K17381515-001-01-6:5.04,VCAP,BRD-K17381515,BRD-K17381515,0.17380880308396013,0.16013276495157894,0.01367603813238119,False
46ada8311,CPC006_VCAP_24H:BRD-K53855319-001-01-2:11.1,VCAP,BRD-K53855319,SRT-1720,0.20817249281544287,0.1807929701218984,0.02737952269354446,False
46befd494,DOS045_HT29_24H:BRD-K48598367-001-01-7:4.53,HT29,BRD-K48598367,BRD-K48598367,0.15629231813712088,0.14743331953286187,0.00885899860425901,False
46d0c83d4,LJP002_MCF7_6H:BRD-K56751279-001-01-8:0.4,MCF7,BRD-K56751279,Y-39983,0.18101848859513892,0.16827793050721554,0.012740558087923376,False
46ef1d590,DOS044_A375_24H:BRD-K77540020-001-01-2:5.03,A375,BRD-K77540020,BRD-K77540020,0.16478718843813792,0.16388393113631355,0.0009032573018243617,False
472eaa5fd,CPC018_HEPG2_6H:BRD-K06753942-001-06-1:10,HEPG2,BRD-K06753942,nobiletin,0.16853696105277172,0.1669453460241514,0.001591615028620319,False
47324d95c,DOS034_MCF7_24H:BRD-K54730162-001-01-4:5.03,MCF7,BRD-K54730162,BRD-K54730162,0.17147990996585522,0.1701759770564161,0.001303932909439115,False
474256f71,DOS053_PC3_24H:BRD-K95422182-001-02-3:5.01,PC3,BRD-K95422182,BRD-K95422182,0.15819267425894526,0.14596632281563116,0.012226351443314104,False
47547f290,CPC005_HT29_24H:BRD-K38251852-001-06-6:10,HT29,BRD-K38251852,paxilline,0.15207165287937513,0.15140703590310522,0.000664616976269905,False
475c5fedb,CPC006_NCIH596_6H:BRD-K67868012-003-01-5:11.1,NCIH596,BRD-K67868012,PI-103,0.17398467924457084,0.16536010453994876,0.008624574704622079,False
477387cad,CPC002_HCC515_24H:BRD-K07117950-001-03-4:10,HCC515,BRD-K07117950,imperatorin,0.15387370007915518,0.1522805611052235,0.0015931389739316792,False
47790ff22,LJP002_MDAMB231_6H:BRD-A35869383-001-01-9:0.08,MDAMB231,BRD-A35869383,ibrutinib,0.15461690749773926,0.15247334890180944,0.002143558595929823,False
4787e9cc1,DOS058_A549_24H:BRD-K77403604-001-01-7:5,A549,BRD-K77403604,BRD-K77403604,0.18326805598438828,0.18198066018595943,0.0012873957984288475,False
47a47ee49,DOS023_VCAP_24H:BRD-K64040351-001-01-7:5.06,VCAP,BRD-K64040351,BRD-K64040351,0.14668067929283032,0.14552677510857256,0.001153904184257759,False
47bcdff9d,DOS036_A549_24H:BRD-K08023754-001-01-5:4.89,A549,BRD-K08023754,BRD-K08023754,0.1772901219773961,0.15337696916951826,0.02391315280787784,False
47c8f5451,CRCGN004_HA1E_24H:BRD-K32821942-001-17-1:20.2UM,HA1E,BRD-K32821942,azathioprine,0.18165552466985213,0.1809129261912973,0.0007425984785548179,False
47dd8f190,CPC016_MCF7_24H:BRD-K88358234-003-01-4:10,MCF7,BRD-K88358234,xaliproden,0.15309234251030457,0.1512568801102682,0.001835462400036375,False
4801f27e4,CPC006_SKLU1_6H:BRD-K21614065-001-01-8:14,SKLU1,BRD-K21614065,BRD-K21614065,0.17920653188065722,0.1664398955015594,0.012766636379097807,False
4802079fd,LJP002_MDAMB231_24H:BRD-K68756823-001-02-2:0.08,MDAMB231,BRD-K68756823,FR-180204,0.1560709001627046,0.1499267433514229,0.00614415681128172,False
4807560f3,DOS033_A549_24H:BRD-K56726453-001-01-8:5.08,A549,BRD-K56726453,SA-423862,0.15850099759060496,0.15504705257363866,0.0034539450169663033,False
481a0c086,NMH001_NEU_6H:BRD-K53888148-001-01-0:10,NEU,BRD-K53888148,DASB,0.15788038833304735,0.15599681813764166,0.0018835701954056927,False
482308b86,MUC.CP001_MCF7_6H:BRD-K75686993-001-01-8:9.9911,MCF7,BRD-K75686993,SA-1939079,0.15362487702854175,0.1526388537123426,0.0009860233161991527,False
4829fcc7c,CPC013_A549_6H:BRD-K45818044-001-01-3:10,A549,BRD-K45818044,SA-425500,0.1526868324238267,0.1521434829586555,0.0005433494651711779,False
483b8fd13,DOS001_VCAP_24H:BRD-K14875361-001-01-5:4.9,VCAP,BRD-K14875361,BRD-K14875361,0.14749029722973825,0.14536963990482382,0.0021206573249144267,False
48664aa93,CPC013_A549_24H:BRD-K08799950-001-01-2:10,A549,BRD-K08799950,BRD-K08799950,0.1584873963742857,0.15752871127316143,0.0009586851011242625,False
486f27ec6,DOS032_PC3_24H:BRD-K51164721-001-01-3:5.05,PC3,BRD-K51164721,BRD-K51164721,0.1519464018684865,0.14452857142293682,0.007417830445549695,False
487085904,CPC010_HEPG2_6H:BRD-K63488275-001-05-3:10,HEPG2,BRD-K63488275,CS-2092524,0.15241389015265897,0.14803624238288188,0.004377647769777088,False
48847260e,CPC004_VCAP_24H:BRD-K28936863-051-18-1:10,VCAP,BRD-K28936863,ketotifen,0.14511443801411372,0.13886611500157203,0.00624832301254169,False
489747d1a,CPC005_A375_6H:BRD-K48735772-001-01-4:10,A375,BRD-K48735772,PD-158780,0.13779046817212257,0.13087434023666203,0.0069161279354605365,False
48b540088,NMH001_NEU_24H:BRD-K91614993-001-01-0:10,NEU,BRD-K91614993,BRD-K91614993,0.14953745788052814,0.14937991219350955,0.00015754568701858984,False
48c0a5bd2,LJP002_MDAMB231_6H:BRD-K49468759-001-01-8:10,MDAMB231,BRD-K49468759,KIN001-266,0.13841743125137757,0.13395772635983685,0.004459704891540711,False
48f7eba68,DOS048_A549_24H:BRD-K56864693-001-01-7:5.05,A549,BRD-K56864693,BRD-K56864693,0.16583924338400002,0.1491175838080515,0.01672165957594851,False
490044d70,CPC002_VCAP_6H:BRD-K91243525-001-01-5:10,VCAP,BRD-K91243525,SR-142948,0.1574948776177811,0.15605159786217188,0.0014432797556092336,False
4922f3f06,MUC.CP006_MCF7_24H:BRD-K63385089-001-01-6:3.388,MCF7,BRD-K63385089,SA-85764,0.17438312157404984,0.16381854943926727,0.010564572134782568,False
493686b6a,CPC013_PC3_24H:BRD-K51696048-001-01-0:10,PC3,BRD-K51696048,BRD-K51696048,0.14823961379338574,0.1438101428142092,0.004429470979176536,False
497160e06,CPC010_HEPG2_6H:BRD-A27489425-001-10-7:10,HEPG2,BRD-A27489425,rolitetracycline,0.15820118097521702,0.1499946379393156,0.008206543035901404,False
49b0fc6d7,CPC004_HCC515_24H:BRD-K06712146-001-01-2:10,HCC515,BRD-K06712146,YM-90709,0.148940435740138,0.14855525078715254,0.0003851849529854512,False
49bd142d9,CPC005_PC3_6H:BRD-A47065382-001-02-9:10,PC3,BRD-A47065382,huperzine-a,0.17009451526424224,0.15742330147834938,0.012671213785892865,False
49cea36e7,NMH002_NEU_24H:BRD-K39965020-001-05-9:10,NEU,BRD-K39965020,doconexent,0.17544147936926396,0.15193247405521643,0.023509005314047537,False
49db5dad6,PCLB002_HT29_24H:BRD-K52313696:0.37,HT29,BRD-K52313696,tacedinaline,0.18207235917144443,0.1677261048599485,0.014346254311495943,False
4a1fafc76,CPC006_NCIH2073_6H:BRD-K04853698-003-01-4:10,NCIH2073,BRD-K04853698,LDN-193189,0.15968823313528752,0.1523054104917173,0.007382822643570208,False
4a3595082,CPC004_MCF7_6H:BRD-K82561139-001-05-0:10,MCF7,BRD-K82561139,ricinine,0.14673834604177402,0.14657496315670213,0.00016338288507189436,False
4a65421e6,PCLB002_A549_24H:BRD-K54343811:0.12,A549,BRD-K54343811,BRD-K54343811,0.1605743029829911,0.1587123626340259,0.0018619403489651964,False
4a75f1d42,CPC014_HT29_6H:BRD-A59808129-001-01-7:10,HT29,BRD-A59808129,guggulsterone,0.14431979500098596,0.13820102647962362,0.006118768521362339,False
4a7e5be3e,CPC011_MCF7_24H:BRD-K09963420-066-10-9:10,MCF7,BRD-K09963420,saquinavir,0.1771898398298036,0.17368511044674192,0.0035047293830616777,False
4a8eda087,CPD003_MCF7_24H:BRD-A70182876-001-07-4:10,MCF7,BRD-A70182876,azapropazone,0.1586419974531926,0.1539571875882181,0.004684809864974493,False
4a93cfbbb,CPC003_HCC515_6H:BRD-K69837166-003-01-2:10,HCC515,BRD-K69837166,trap-101,0.16219654836320785,0.15773449681609247,0.0044620515471153754,False
4b09bc266,CPC006_MCF7_24H:BRD-K80738081-001-21-1:10,MCF7,BRD-K80738081,resveratrol,0.1529325287217943,0.1505450495520748,0.002387479169719514,False
4b138d0a8,DOS056_A549_24H:BRD-K65801064-001-01-9:5,A549,BRD-K65801064,BRD-K65801064,0.1682588461045298,0.15749899772573595,0.010759848378793846,False
4b23ef6df,CPC006_HA1E_6H:BRD-K76964878-001-01-8:24,HA1E,BRD-K76964878,EX-527,0.17518290529638086,0.15407551396346547,0.021107391332915393,False
4b3c59823,CPD003_MCF7_24H:BRD-A37492983-001-07-9:10,MCF7,BRD-A37492983,iocetamic-acid,0.1635101202353535,0.1567347927249806,0.006775327510372908,False
4b51017d8,CPC006_RMUGS_6H:BRD-K41087962-001-01-7:0.63,RMUGS,BRD-K41087962,BRD-K41087962,0.18140229986297485,0.1574931062854067,0.023909193577568155,False
4b54571e4,CPC009_PC3_6H:BRD-K72817452-001-01-6:10,PC3,BRD-K72817452,BRD-K72817452,0.1511041431182892,0.14425311692281206,0.0068510261954771445,False
4b798dda1,CPC012_PC3_24H:BRD-K15402119-001-01-2:10,PC3,BRD-K15402119,huperzine-a,0.16424462460617234,0.16329447029274022,0.0009501543134321222,False
4b7a7d212,CPC006_WSUDLCL2_6H:BRD-K41260949-236-02-8:10,WSUDLCL2,BRD-K41260949,valproic-acid,0.16655742292491307,0.1554415469687076,0.011115875956205473,False
4b82a8056,DOS033_HT29_24H:BRD-K20139170-001-01-9:5,HT29,BRD-K20139170,BRD-K20139170,0.14556703843884,0.1385008059602243,0.007066232478615708,False
4b893a449,CPD003_PC3_6H:BRD-K31374463-004-01-9:10,PC3,BRD-K31374463,vecuronium,0.17622422220037628,0.1562223803689049,0.020001841831471384,False
4b8caf802,CPC003_HA1E_24H:BRD-A75455249-001-12-9:10,HA1E,BRD-A75455249,kavain,0.1492024887560532,0.1471156697676503,0.0020868189884028776,False
4b9f220a0,ERG015_VCAP_6H:BRD-K65081680-001-02-0:10.0152,VCAP,BRD-K65081680,BRD-K65081680,0.19120448299265058,0.18773339430514285,0.0034710886875077285,False
4bb65ea5d,CPC002_VCAP_24H:BRD-K98769987-001-09-6:10,VCAP,BRD-K98769987,flumazenil,0.15782872346731522,0.1492790247884399,0.008549698678875312,False
4bbdba432,CPC014_A375_6H:BRD-K65411918-001-01-5:10,A375,BRD-K65411918,BRD-K65411918,0.1577768850076725,0.1438747487783945,0.013902136229277995,False
4bc52a40e,CPC016_MCF7_24H:BRD-A00993607-003-15-4:10,MCF7,BRD-A00993607,alprenolol,0.15404003505129546,0.1530372001560787,0.0010028348952167698,False
4bf26b765,CPC006_U937_6H:BRD-K04430056-001-09-4:80,U937,BRD-K04430056,7-nitroindazole,0.18102758810065167,0.17191483696011467,0.009112751140537001,False
4c0f6aed1,MUC.CP004_MCF7_24H:BRD-K90163207-001-01-1:10.0112,MCF7,BRD-K90163207,SA-1459830,0.19146956315534167,0.1856971949436359,0.005772368211705764,False
4c1e55d1a,DOSBIO001_NEU_24H:BRD-K61102260:10.005,NEU,BRD-K61102260,BRD-K61102260,0.17574373335746596,0.14733467823171303,0.028409055125752924,False
4c33b6fa1,DOS059_A549_24H:BRD-K33230547-001-01-7:5,A549,BRD-K33230547,BRD-K33230547,0.16054771288743702,0.16028193603623736,0.00026577685119966166,False
4c397fd24,DOS059_A549_24H:BRD-K07184814-001-01-4:5,A549,BRD-K07184814,BRD-K07184814,0.1703717459933456,0.1605228160825406,0.009848929910804993,False
4c3a1262d,CPD003_PC3_24H:BRD-A87606379-001-17-4:10,PC3,BRD-A87606379,nadolol,0.1514070419215623,0.14926190470734274,0.00214513721421955,False
4c3c6717e,CPC015_PHH_24H:BRD-K07996107-001-03-3:10,PHH,BRD-K07996107,harpagoside,0.16859256660410216,0.16742708368612916,0.0011654829179729986,False
4c42f8d6f,NMH002_NEU_24H:BRD-K26521938-001-06-4:10,NEU,BRD-K26521938,dinoprostone,0.15792821586134564,0.14781551998019826,0.010112695881147382,False
4c5736ff6,PCLB001_PC3_24H:BRD-K45028728-001-02-0:10,PC3,BRD-K45028728,WY-01-045,0.1521370568066379,0.14933557792369093,0.0028014788829469617,False
4c57ebd49,CPC008_A549_6H:BRD-K28180706-001-01-8:10,A549,BRD-K28180706,BRD-K28180706,0.14536493760654778,0.14502606735952323,0.0003388702470245586,False
4c6103a90,DOS054_HT29_24H:BRD-K95607309-001-01-9:5,HT29,BRD-K95607309,BRD-K95607309,0.15297030333173783,0.15113445899073552,0.0018358443410023129,False
4c77094c0,CPD002_PC3_24H:BRD-A42167015-003-07-8:10,PC3,BRD-A42167015,carteolol,0.15170355856964685,0.1502278487557811,0.0014757098138657443,False
4c8a8d560,LJP001_HS578T_24H:BRD-K04887706-001-05-7:0.4,HS578T,BRD-K04887706,AKT-inhibitor-1-2,0.17542219176280183,0.1641439095553034,0.011278282207498436,False
4c99cf19e,DOS052_MCF7_24H:BRD-K16980308-001-02-5:5.01,MCF7,BRD-K16980308,BRD-K16980308,0.1704742186499507,0.1605256296468422,0.009948589003108493,False
4cadd72bd,NMH001_NEU_6H:BRD-K45845523-001-01-6:10,NEU,BRD-K45845523,BRD-K45845523,0.15076264311256957,0.1482254845393045,0.002537158573265058,False
4cc9e5f31,DOS034_HT29_24H:BRD-K15233676-001-01-6:5,HT29,BRD-K15233676,BRD-K15233676,0.1822638288519755,0.18052524316112495,0.0017385856908505581,False
4cd924a5d,CPC012_PC3_6H:BRD-K07403598-001-01-0:10,PC3,BRD-K07403598,CAY-10470,0.17835117711960435,0.17675637690450688,0.001594800215097475,False
4cee0f2dd,CPC006_VCAP_24H:BRD-K21614065-001-01-8:14,VCAP,BRD-K21614065,BRD-K21614065,0.1424591343510323,0.13879550158464488,0.0036636327663874257,False
4d14c0ffe,CPC019_HCC515_6H:BRD-K30468800-001-01-8:10,HCC515,BRD-K30468800,BRD-K30468800,0.1600715767855212,0.15379225642141986,0.006279320364101337,False
4d1572b9f,DOS055_A375_24H:BRD-K67454499-001-01-0:5,A375,BRD-K67454499,BRD-K67454499,0.1503723383194586,0.14733030520891235,0.0030420331105462384,False
4d385b4bc,NMH002_NEU_24H:BRD-A16694057-001-05-0:10,NEU,BRD-A16694057,BADGE,0.15559860747338566,0.13441022105610023,0.021188386417285432,False
4d44785f6,CPC016_NEU_24H:BRD-K83508485-001-01-9:10,NEU,BRD-K83508485,FK-888,0.17097096549563023,0.1597872499683885,0.011183715527241733,False
4d4a6346e,CPC018_MCF7_6H:BRD-A31521121-001-15-7:10,MCF7,BRD-A31521121,methocarbamol,0.1911636759690686,0.18994599823303016,0.0012176777360384528,False
4d7280c91,DOS002_VCAP_6H:BRD-K89451495-001-01-4:5.01,VCAP,BRD-K89451495,BRD-K89451495,0.1629999515093723,0.14448944898250554,0.018510502526866757,False
4d7c82229,DOS015_VCAP_6H:BRD-K85664836-001-01-4:5.1,VCAP,BRD-K85664836,BRD-K85664836,0.1775941311382673,0.16031944495537687,0.017274686182890436,False
4d8786048,DOS051_HT29_24H:BRD-K42634310-001-01-4:5.04,HT29,BRD-K42634310,BRD-K42634310,0.17471272652904882,0.1530947460653714,0.02161798046367741,False
4d98f3161,CPC012_VCAP_6H:BRD-K07023879-001-01-6:10,VCAP,BRD-K07023879,BRD-K07023879,0.16669627744827667,0.16307824362439355,0.003618033823883121,False
4da81d116,MUC.CP001_MCF7_24H:BRD-K27797475-001-01-9:10.1131,MCF7,BRD-K27797475,SA-1938219,0.1996641404726911,0.18923914780335385,0.010424992669337246,False
4dc947904,CPC006_NOMO1_6H:BRD-K32536677-001-01-0:10,NOMO1,BRD-K32536677,AGK-2,0.17011890200038,0.1632550514162086,0.006863850584171383,False
4dcdec58b,DOS023_VCAP_6H:BRD-K32380923-001-01-5:4.92,VCAP,BRD-K32380923,BRD-K32380923,0.1611355698024594,0.15342397360819052,0.007711596194268894,False
4dcf18224,DOS033_HT29_24H:BRD-K02490064-001-01-7:5.01,HT29,BRD-K02490064,BRD-K02490064,0.15926934955838926,0.1529247189429887,0.006344630615400554,False
4ddf83a79,CPC006_RKO_6H:BRD-A02006392-001-09-9:10,RKO,BRD-A02006392,nitrendipine,0.17525889109986048,0.1620556933155099,0.013203197784350584,False
4ded9d77a,ERG011_VCAP_6H:BRD-K87112191-001-02-9:0.4,VCAP,BRD-K87112191,PP242,0.1524555833653757,0.144297937787636,0.008157645577739708,False
4e2f4d81b,DOS050_HT29_24H:BRD-K51218228-001-01-5:5,HT29,BRD-K51218228,BRD-K51218228,0.16268211489446133,0.15929162701027105,0.003390487884190274,False
4e3cc369d,DOS036_A549_24H:BRD-K26581628-001-02-2:5.01,A549,BRD-K26581628,BRD-K26581628,0.16209314279369152,0.1584824372808515,0.0036107055128400123,False
4e6955508,LJP002_MDAMB231_24H:BRD-A21584801-001-01-4:10,MDAMB231,BRD-A21584801,brivanib,0.17105825108574238,0.17049989331882223,0.0005583577669201478,False
4e899d487,CPC015_A549_6H:BRD-A93206962-001-01-2:10,A549,BRD-A93206962,L-755507,0.1704965255248722,0.16925598423229782,0.001240541292574393,False
4e96907d8,CPC020_PC3_24H:BRD-K20718732-001-01-1:10,PC3,BRD-K20718732,BRD-K20718732,0.15991127257233553,0.1585640929536841,0.0013471796186514395,False
4ea178d99,NMH001_NEU_6H:BRD-K30912208-001-01-3:10,NEU,BRD-K30912208,KDM-096,0.16517344074989032,0.1473118627367175,0.017861578013172813,False
4ebabef1d,NMH002_NEU_24H:BRD-A16694057-001-05-0:10,NEU,BRD-A16694057,BADGE,0.1759196221304352,0.1642034198160227,0.011716202314412477,False
4ebd8580b,DOS017_VCAP_24H:BRD-K23775758-001-01-7:5.15,VCAP,BRD-K23775758,BRD-K23775758,0.1620072882363299,0.16070590726804057,0.0013013809682893285,False
4eca10c76,CPC006_PC3_24H:BRD-A52650764-001-01-0:10,PC3,BRD-A52650764,ingenol,0.16027236966141117,0.15627848586886298,0.003993883792548197,False
4f0977034,CPC012_MCF7_6H:BRD-A17718497-001-01-3:10,MCF7,BRD-A17718497,BRD-A17718497,0.182177148011921,0.1574173437788788,0.024759804233042193,False
4f3a3834b,NMH001_NPC_24H:BRD-K41824522-001-01-6:10,NPC,BRD-K41824522,BRD-K41824522,0.15472107243198946,0.15208420644143525,0.0026368659905542102,False
4f6ef124e,DOS054_A549_24H:BRD-K34231294-001-01-9:5,A549,BRD-K34231294,BRD-K34231294,0.14814719976882545,0.14114759041681837,0.00699960935200708,False
4f912b4de,ERG012_PC3_24H:BRD-K74923162-001-01-1:9.897,PC3,BRD-K74923162,BRD-K74923162,0.16738365606059252,0.14529605172574195,0.022087604334850575,False
4f95aadbf,CPC006_CORL23_6H:BRD-K45399554-001-03-2:10,CORL23,BRD-K45399554,CAM-9-027-3,0.16788340898267967,0.14781648480601164,0.020066924176668027,False
4f9a66fba,CPC019_MCF7_6H:BRD-A03520402-001-02-1:10,MCF7,BRD-A03520402,ST-014366,0.17166736655941045,0.14874186837147746,0.02292549818793299,False
4fbe9fdc3,DOS046_PC3_24H:BRD-K27242547-001-01-0:5,PC3,BRD-K27242547,BRD-K27242547,0.15577655757126285,0.15267444260407376,0.0031021149671890957,False
503c98491,CPC009_PC3_6H:BRD-K63326650-001-03-5:10,PC3,BRD-K63326650,KU-C104223,0.161457708014086,0.14370908277288907,0.017748625241196914,False
5040aa568,RAD001_PC3_24H:BRD-A58955223-001-01-2:3.3333,PC3,BRD-A58955223,sulforaphane,0.1613107212958339,0.16051865730384163,0.0007920639919922756,False
505d0ef8e,CPC013_HT29_6H:BRD-K63587518-001-01-8:10,HT29,BRD-K63587518,BRD-K63587518,0.16653189685295736,0.14982182791274368,0.01671006894021368,False
508e74297,CPC009_HCC515_6H:BRD-K99146421-019-01-9:10,HCC515,BRD-K99146421,BRD-K99146421,0.15457503362070962,0.14750012107852684,0.007074912542182787,False
50b4efb08,DOS042_A549_24H:BRD-K61499353-001-01-6:5.02,A549,BRD-K61499353,BRD-K61499353,0.15906412099633,0.15609000036018678,0.002974120636143218,False
50b5317f3,CPD002_MCF7_24H:BRD-A56012032-001-11-4:10,MCF7,BRD-A56012032,thiorphan,0.1499628520424488,0.1491171430804932,0.0008457089619555991,False
50cd26ac2,CPC012_PC3_24H:BRD-K15402119-001-01-2:10,PC3,BRD-K15402119,huperzine-a,0.15811099470084738,0.15783394613811086,0.000277048562736526,False
50e38451f,LJP002_BT20_6H:BRD-K53972329-001-04-7:0.08,BT20,BRD-K53972329,ruxolitinib,0.15664746429459694,0.15554656458570573,0.001100899708891212,False
50f201d36,CVD001_PHH_24H:BRD-K89205986-001-01-0:10.9,PHH,BRD-K89205986,BRD-K89205986,0.16468035245708204,0.14754276597003055,0.017137586487051493,False
5112297b0,CPC006_NOMO1_6H:BRD-K87947369-001-01-6:10,NOMO1,BRD-K87947369,tozasertib,0.18280933717573183,0.16449119250195732,0.018318144673774517,False
511f19724,CPC001_HCC515_6H:BRD-K12120659-305-01-4:10,HCC515,BRD-K12120659,GR-144053,0.16934638689788084,0.15935851532237277,0.009987871575508067,False
512c62e9f,DOS022_VCAP_24H:BRD-K14974894-001-01-2:5.02,VCAP,BRD-K14974894,BRD-K14974894,0.15599225550697826,0.14493297067818697,0.011059284828791288,False
515a65661,NMH001_NPC_24H:BRD-K79134921-001-01-2:10,NPC,BRD-K79134921,methyltyramine,0.1776665023888178,0.1620940492499507,0.015572453138867098,False
516644772,DOS052_A375_24H:BRD-K12974237-001-02-8:5.01,A375,BRD-K12974237,BRD-K12974237,0.15320734927752114,0.15014966229280263,0.003057686984718505,False
517ba49c1,CPC005_HT29_6H:BRD-A90799790-001-04-1:10,HT29,BRD-A90799790,isradipine,0.156258501598096,0.1511836020443077,0.005074899553788315,False
51989c2ad,CPC013_A549_6H:BRD-K58347372-001-02-7:10,A549,BRD-K58347372,BRD-K58347372,0.18557155064683473,0.1565103854397724,0.02906116520706234,False
519d5133b,LJP002_SKBR3_24H:BRD-K56277358-001-03-4:10,SKBR3,BRD-K56277358,MGCD-265,0.1545533184174295,0.14501884923778605,0.009534469179643457,False
51acf3c88,DOS008_VCAP_24H:BRD-K97727749-001-01-1:4.99,VCAP,BRD-K97727749,BRD-K97727749,0.1454444685604564,0.144554320877385,0.000890147683071385,False
51d1eec61,DOS049_A375_24H:BRD-K93885794-001-01-5:5,A375,BRD-K93885794,BRD-K93885794,0.16359244534578682,0.15512712268386686,0.00846532266191996,False
51d52f188,DOS013_VCAP_24H:BRD-K89386994-001-01-8:4.98,VCAP,BRD-K89386994,BRD-K89386994,0.1566362732525127,0.15508667378969057,0.0015495994628221266,False
520c29eff,CPC010_HEPG2_6H:BRD-K78388870-001-13-1:10,HEPG2,BRD-K78388870,BRD-K78388870,0.15320638162341166,0.15213909355104005,0.0010672880723716083,False
5210c5096,CPC013_A549_24H:BRD-A25852922-001-01-5:10,A549,BRD-A25852922,ST-4034902,0.1560356495979332,0.14958947916336165,0.0064461704345715465,False
522ce7700,DOS050_MCF7_24H:BRD-K44833108-001-01-6:5,MCF7,BRD-K44833108,BRD-K44833108,0.14793602297661007,0.14294405754947204,0.004991965427138034,False
5248950aa,DOS047_A375_24H:BRD-K58560613-001-01-6:5.01,A375,BRD-K58560613,BRD-K58560613,0.18061496229069957,0.1760394509352045,0.004575511355495054,False
52bb1fe11,DOS019_VCAP_24H:BRD-K49919280-001-01-8:5,VCAP,BRD-K49919280,BRD-K49919280,0.16889362777136677,0.1547686096863515,0.014125018085015262,False
52d1e6f43,HOG002_MCF7_6H:BRD-K11163873-001-02-8:1.11,MCF7,BRD-K11163873,phenanthridone,0.15500139036209243,0.15337021778773782,0.0016311725743546057,False
52f63a009,DOS047_PC3_24H:BRD-K55875111-001-01-8:5,PC3,BRD-K55875111,BRD-K55875111,0.15423717086899114,0.15386341567505962,0.00037375519393151313,False
52faec24a,CPC006_DV90_6H:BRD-K15025317-001-05-2:10,DV90,BRD-K15025317,BAY-11-7082,0.16714741792176888,0.15713175699218274,0.01001566092958614,False
532588621,DOS001_VCAP_24H:BRD-K14875361-001-01-5:4.9,VCAP,BRD-K14875361,BRD-K14875361,0.16332263637236388,0.15756390577332696,0.005758730599036921,False
533f455c4,CPC006_VCAP_24H:BRD-K02407574-001-04-8:0.31,VCAP,BRD-K02407574,parbendazole,0.15480713790881162,0.1444291613301505,0.01037797657866113,False
535148020,CPC006_A375_24H:BRD-K08316444-001-04-3:0.63,A375,BRD-K08316444,rotenone,0.15853051164108584,0.15654986953974967,0.0019806421013361664,False
535f7a0e6,CPD002_MCF7_24H:BRD-K70515009-231-01-9:10,MCF7,BRD-K70515009,estropipate,0.16396033734328871,0.15580519016817473,0.00815514717511398,False
53767c7d8,DOS058_A375_24H:BRD-K65395967-019-01-2:5,A375,BRD-K65395967,BRD-K65395967,0.17982323961303356,0.15053309327496328,0.029290146338070283,False
5387c8eaa,NMH001_NPC_24H:BRD-A01295252-001-02-3:10,NPC,BRD-A01295252,7-hydroxy-PIPAT,0.16007075709649374,0.1562536792643765,0.0038170778321172383,False
538ff01f5,DOS003_VCAP_24H:BRD-K47272214-001-01-5:5.02,VCAP,BRD-K47272214,BRD-K47272214,0.1556519856949598,0.15528958066644133,0.00036240502851847545,False
53942783f,DOS050_HT29_24H:BRD-K86449639-001-01-8:5,HT29,BRD-K86449639,BRD-K86449639,0.14438103306854544,0.14369928627373577,0.0006817467948096734,False
5394c40d6,DOS034_MCF7_24H:BRD-K00188019-001-01-5:5,MCF7,BRD-K00188019,BRD-K00188019,0.15627764295430444,0.1478751957123258,0.008402447241978639,False
53c1987ae,NMH002_FIBRNPC_24H:BRD-A19037878-001-02-3:10,FIBRNPC,BRD-A19037878,trichostatin-a,0.15411718561168594,0.14034264488081444,0.013774540730871504,False
53d56037b,DOS009_VCAP_6H:BRD-K01547088-001-01-7:5.03,VCAP,BRD-K01547088,BRD-K01547088,0.16485092613038102,0.16309162350610154,0.0017593026242794796,False
53dd6a6e0,HDAC001_PC3_6H:BRD-K61894884-001-01-6:0.625,PC3,BRD-K61894884,BRD-K61894884,0.15072510508332765,0.14863963122459142,0.0020854738587362254,False
53eec2b51,DOS057_A375_24H:BRD-K24925721-001-01-1:5,A375,BRD-K24925721,BRD-K24925721,0.15998391000196185,0.15451126489058872,0.005472645111373131,False
547f80a41,CPC013_PC3_24H:BRD-K70500696-001-01-6:10,PC3,BRD-K70500696,KB188-III-56,0.17696796001184276,0.1575127000939327,0.019455259917910056,False
548060dcd,CPC002_HA1E_6H:BRD-A35033682-001-02-8:10,HA1E,BRD-A35033682,eriodictyol,0.1646360490470869,0.1552607142832406,0.009375334763846305,False
54a548488,DOS009_VCAP_24H:BRD-K82803470-001-01-2:5.01,VCAP,BRD-K82803470,BRD-K82803470,0.15920723830548533,0.15004464495942993,0.009162593346055403,False
54ba36a96,MUC.CP003_MCF7_6H:BRD-K73444552-001-01-7:1.1233,MCF7,BRD-K73444552,SA-1460032,0.15394477923014438,0.15058560041230223,0.0033591788178421456,False
54d869553,ERG015_VCAP_24H:BRD-K25496062-001-01-9:10.0429,VCAP,BRD-K25496062,BRD-K25496062,0.1583432677493849,0.15367284744835225,0.004670420301032652,False
54dbc6c0a,DOS045_HT29_24H:BRD-K45033698-001-01-8:5.07,HT29,BRD-K45033698,BRD-K45033698,0.1857113235575572,0.15454175037923465,0.031169573178322557,False
54df97bc5,CPD002_MCF7_24H:BRD-K70301876-034-09-5:10,MCF7,BRD-K70301876,escitalopram,0.16820212582982366,0.16172442564557957,0.006477700184244095,False
54dfa18c0,DOS033_HT29_24H:BRD-K11169037-001-01-0:5.03,HT29,BRD-K11169037,BRD-K11169037,0.1885011540090186,0.17311952999931557,0.015381624009703027,False
54f8af613,DOS029_VCAP_24H:BRD-K90329522-001-01-6:4.96,VCAP,BRD-K90329522,BRD-K90329522,0.14240948603595366,0.14203970468102578,0.00036978135492787834,False
55042c369,DOSBIO001_NEU_24H:BRD-K79758054:9.94011,NEU,BRD-K79758054,BRD-K79758054,0.14678317563886348,0.14557566439924086,0.0012075112396226217,False
550c0e78b,ERG011_VCAP_6H:BRD-K59261651-001-01-3:9.992,VCAP,BRD-K59261651,BRD-K59261651,0.15492793973888952,0.1477384824021037,0.007189457336785832,False
5517fd9fd,CPC014_HA1E_6H:BRD-K70161581-001-01-5:10,HA1E,BRD-K70161581,BRD-K70161581,0.13767301818791297,0.1348398078465649,0.0028332103413480636,False
5519606ab,DOS049_MCF7_24H:BRD-K80033497-001-01-7:5,MCF7,BRD-K80033497,BRD-K80033497,0.17177572822999115,0.16842445852783205,0.0033512697021590987,False
55507f2c1,CPC013_HT29_6H:BRD-K61627029-001-04-0:10,HT29,BRD-K61627029,BRD-K61627029,0.15070367463926185,0.14998196972343597,0.000721704915825877,False
55a6b84b9,LJP002_MCF10A_24H:BRD-A58767537-001-01-2:0.08,MCF10A,BRD-A58767537,afatinib,0.1842962107202353,0.16607543125236257,0.018220779467872733,False
55b20e5c2,CPC006_NCIH596_6H:BRD-K69690935-001-02-7:13.57,NCIH596,BRD-K69690935,curcumin,0.14545199587850216,0.1446028854997825,0.000849110378719653,False
55cb720a2,PRISM001_PC3_6H:CMAP-PRISM-TP7:10,PC3,CMAP-PRISM-TP7,TP7,0.1673666577038832,0.15141081736838977,0.015955840335493437,False
55e4096d8,CPC006_CL34_6H:BRD-K28112517-001-03-6:11.1,CL34,BRD-K28112517,BRD-K28112517,0.1681489480194714,0.15357928883510089,0.014569659184370504,False
55ec627d0,DOS060_HT29_24H:BRD-K88955481-001-01-1:5,HT29,BRD-K88955481,BRD-K88955481,0.1454637746130903,0.13912133567581553,0.006342438937274764,False
55edeb109,RAD001_MCF7_24H:BRD-K32107296-001-04-5:0.3704,MCF7,BRD-K32107296,temozolomide,0.1564793975943069,0.1479309429733706,0.008548454620936313,False
55f6ec3b4,DOS057_PC3_24H:BRD-K99660708-001-01-1:5,PC3,BRD-K99660708,BRD-K99660708,0.1525058905552103,0.1496706781722619,0.002835212382948399,False
55fb633d5,ERG011_VCAP_6H:BRD-K87112191-001-02-9:0.4,VCAP,BRD-K87112191,PP242,0.15168509938962416,0.14705262646688302,0.004632472922741132,False
5607bae33,CPD001_PC3_24H:BRD-A21858158-001-18-5:10,PC3,BRD-A21858158,praziquantel,0.1608940435249251,0.14822666827584097,0.012667375249084123,False
560f6486c,DOS059_MCF7_24H:BRD-K71214345-001-01-8:5,MCF7,BRD-K71214345,BRD-K71214345,0.15820451234064523,0.15469189126714583,0.0035126210734993946,False
561119c80,CPC008_VCAP_6H:BRD-K44417704-001-04-0:10,VCAP,BRD-K44417704,BRD-K44417704,0.16473444977959845,0.15680708325080855,0.007927366528789892,False
5628cb3ee,CPC016_SKB_24H:BRD-K87048468-003-01-9:10,SKB,BRD-K87048468,RS-102221,0.15154688578784442,0.14834223269133476,0.003204653096509663,False
562b5f4aa,CPC014_HA1E_6H:BRD-K88714443-001-01-9:10,HA1E,BRD-K88714443,BRD-K88714443,0.1391583312840176,0.13853115036525387,0.0006271809187637367,False
566f62da3,CPC007_PC3_24H:BRD-K71746704-001-05-5:10,PC3,BRD-K71746704,BRD-K71746704,0.17862401269767997,0.16175701487376853,0.016866997823911434,False
5681e0223,DOS051_MCF7_24H:BRD-M12187987-001-01-9:5.06,MCF7,BRD-M12187987,BRD-M12187987,0.15880659643411282,0.15817147326751163,0.0006351231666011925,False
568c4b7ba,CPC001_HCC515_6H:BRD-A89672324-001-02-2:10,HCC515,BRD-A89672324,CGP-55845,0.19166711215891027,0.14479165737404537,0.046875454784864906,False
56b0af64b,CPC004_HA1E_24H:BRD-A55393291-001-05-7:10,HA1E,BRD-A55393291,testosterone,0.14816253876748564,0.1401324181158919,0.008030120651593753,False
56c22db82,CPC017_HT29_6H:BRD-K53878242-001-02-4:10,HT29,BRD-K53878242,MMPX,0.16879521141217352,0.15954662008156725,0.009248591330606265,False
56cda8284,CPC013_HCC515_6H:BRD-K27630390-001-01-4:10,HCC515,BRD-K27630390,BRD-K27630390,0.15160881235447643,0.1476798813391411,0.003928931015335341,False
56d71e6c1,CPC010_A375_6H:BRD-A55609290-001-05-7:10,A375,BRD-A55609290,BRD-A55609290,0.14649735568088354,0.14582759879788454,0.0006697568829990008,False
56e484932,CPC015_SKB_24H:BRD-A98702003-304-03-0:10,SKB,BRD-A98702003,carbenoxolone,0.15970061330739577,0.14711060699419348,0.012590006313202284,False
56ea83da7,CPC004_HCC515_24H:BRD-K00603606-003-13-3:10,HCC515,BRD-K00603606,ticlopidine,0.1369126929731152,0.1355820710593856,0.001330621913729596,False
56f9a1186,KMS002_NOMO1_6H:BRD-K22828899-001-01-5:0.01,NOMO1,BRD-K22828899,TUL-XXI039,0.14781526548935173,0.14725183015551108,0.0005634353338406506,False
5735a3e0f,LJP002_MCF7_6H:BRD-K85402309-001-02-5:0.08,MCF7,BRD-K85402309,dovitinib,0.1636252133787494,0.16265022647312743,0.0009749869056219773,False
573c787a2,DOSBIO001_NEU_24H:BRD-A75409952:1.11111,NEU,BRD-A75409952,wortmannin,0.15502362281713955,0.1492104369276427,0.0058131858894968635,False
57402759f,HOG003_A549_6H:BRD-K01976263-003-04-5:0.3704,A549,BRD-K01976263,emetine,0.1537864677820201,0.14406135239938853,0.009725115382631572,False
5778f608a,CPC013_HEPG2_6H:BRD-K62970326-001-01-9:10,HEPG2,BRD-K62970326,BRD-K62970326,0.16779644700154578,0.1605805062185897,0.007215940782956065,False
57ccb23c1,DOS060_HT29_24H:BRD-K60175505-001-01-0:5,HT29,BRD-K60175505,BRD-K60175505,0.1558519995605394,0.15552610674711756,0.00032589281342185195,False
57e9d0d9f,CPC020_A549_6H:BRD-K60762818-003-22-9:10,A549,BRD-K60762818,desipramine,0.1711015435368412,0.16456779214169334,0.006533751395147863,False
57f5932fb,CPC002_HCC515_24H:BRD-K92446736-003-01-4:10,HCC515,BRD-K92446736,zatebradine,0.15223787812881856,0.14983056626389696,0.002407311864921602,False
57f7c6a5c,DOS047_A375_24H:BRD-K22563530-001-01-3:5,A375,BRD-K22563530,SA-1456751,0.16765837076595125,0.16690399692683044,0.0007543738391208032,False
57f986a24,DOSBIO002_NEU_24H:BRD-K65373229:10.0453,NEU,BRD-K65373229,BRD-K65373229,0.14838990250203066,0.14558472338384587,0.0028051791181847863,False
581946f04,AML001_CD34_6H:BRD-K74176882:3.33333,CD34,BRD-K74176882,BRD-K74176882,0.16521433393708995,0.1647535158590518,0.000460818078038161,False
583c3bcba,DOS012_VCAP_24H:BRD-K07479774-001-01-6:4.97,VCAP,BRD-K07479774,BRD-K07479774,0.15208610941133724,0.14583141904832878,0.006254690363008464,False
5842b3aff,CPC013_HEPG2_6H:BRD-K30715099-001-01-2:10,HEPG2,BRD-K30715099,BRD-K30715099,0.16061819874426084,0.157617586503011,0.0030006122412498393,False
5857b6280,CPC018_NPC_24H:BRD-K31542390-001-01-5:10,NPC,BRD-K31542390,mycophenolic-acid,0.15684483383908332,0.1472398596076787,0.009604974231404606,False
586518b2d,CPC006_CL34_6H:BRD-K53414658-001-01-7:10,CL34,BRD-K53414658,tivozanib,0.162663371533387,0.15950603834548077,0.0031573331879062305,False
58684fff2,DOS042_A549_24H:BRD-K02125996-001-01-2:5.01,A549,BRD-K02125996,BRD-K02125996,0.18270579680448432,0.16518595802301184,0.01751983878147248,False
586aa4a46,CPC013_HT29_6H:BRD-K99303177-001-01-0:10,HT29,BRD-K99303177,BRD-K99303177,0.16568406798304952,0.15780710443740856,0.007876963545640964,False
589e8eaff,DOS043_HT29_24H:BRD-K57061210-001-01-3:5,HT29,BRD-K57061210,BRD-K57061210,0.17378578355419944,0.14792961385869488,0.025856169695504555,False
58c0f7a88,CPD003_MCF7_24H:BRD-K61327230-003-12-1:10,MCF7,BRD-K61327230,pralidoxime,0.15670158834785702,0.1531709731519144,0.00353061519594261,False
58c670daa,CPC012_A549_24H:BRD-A01960364-001-01-9:10,A549,BRD-A01960364,BRD-A01960364,0.14787882581334724,0.1418908520370682,0.005987973776279049,False
58d311643,DOS054_A375_24H:BRD-K52189832-001-01-5:5,A375,BRD-K52189832,BRD-K52189832,0.17771019050380688,0.16302199508663887,0.01468819541716801,False
58db87a4b,CPC020_HA1E_6H:BRD-K66788707-001-07-7:10,HA1E,BRD-K66788707,fludarabine,0.1634038216247655,0.16040024497579733,0.003003576648968165,False
58f735145,CPC008_VCAP_24H:BRD-A08662020-014-01-3:10,VCAP,BRD-A08662020,BRD-A08662020,0.17818378759878906,0.17438633341103485,0.0037974541877542067,False
5913ba476,CVD001_HUH7_24H:BRD-K83694683-001-01-7:9.9684,HUH7,BRD-K83694683,BRD-K83694683,0.1646120370080305,0.15302193266016495,0.01159010434786556,False
591c4ee47,CPC006_A375_6H:BRD-K16554956-001-01-5:10,A375,BRD-K16554956,PTB1,0.19762633145206304,0.19199284269241051,0.005633488759652527,False
592929e23,LJP001_BT20_24H:BRD-K43568579-001-01-9:0.4,BT20,BRD-K43568579,WZ-4-145,0.14313521187597422,0.13833322792418554,0.004801983951788685,False
593a5d6ad,NMH002_FIBRNPC_6H:BRD-K64729807-001-03-1:10,FIBRNPC,BRD-K64729807,acetyl-geranyl-cysteine,0.1654231834293735,0.14779335649080294,0.01762982693857057,False
5958e3d89,CPC007_VCAP_24H:BRD-K69304050-001-05-7:10,VCAP,BRD-K69304050,BRD-K69304050,0.18244789939545392,0.14934415869734538,0.033103740698108536,False
5959d1d1e,DOS059_A549_24H:BRD-K59389251-001-01-6:5,A549,BRD-K59389251,BRD-K59389251,0.1617207905314509,0.16055476260025567,0.0011660279311952182,False
597779c01,CPC005_A549_6H:BRD-A22713669-001-01-9:10,A549,BRD-A22713669,BVT-948,0.18577300893194607,0.17742231464081773,0.008350694291128336,False
59a598698,RAD001_MCF7_24H:BRD-K95986273-001-01-9:0.0015,MCF7,BRD-K95986273,MW-MITF24,0.16886897210125126,0.15802172792771452,0.010847244173536746,False
59ba32d4e,CPC013_SKB_24H:BRD-K10817986-001-01-6:10,SKB,BRD-K10817986,KM-01366,0.17442875945242753,0.16975465308099238,0.004674106371435144,False
5a0b9ccba,CPC002_HCC515_6H:BRD-K07691486-001-04-9:10,HCC515,BRD-K07691486,roscovitine,0.16093881251891692,0.1588816918403375,0.0020571206785794105,False
5a13d6c2c,DOS053_A549_24H:BRD-K07760433-001-02-0:5.01,A549,BRD-K07760433,BRD-K07760433,0.15456635286244483,0.15133458105605885,0.00323177180638598,False
5a3c49d79,CPC010_HA1E_6H:BRD-K99750259-001-02-1:10,HA1E,BRD-K99750259,BRD-K99750259,0.17433062044052883,0.1539025200625407,0.020428100377988118,False
5a518a0f0,DOS055_MCF7_24H:BRD-K69261014-001-01-3:5,MCF7,BRD-K69261014,BRD-K69261014,0.17696782711736597,0.16752868310176428,0.009439144015601697,False
5a5926a4e,DOS034_A375_24H:BRD-K31822300-001-01-0:5.01,A375,BRD-K31822300,BRD-K31822300,0.16320756405110157,0.15901486415923438,0.004192699891867185,False
5aa46f542,CPC006_OV7_6H:BRD-K14696368-001-01-8:10,OV7,BRD-K14696368,"9-methyl-5H-6-thia-4,5-diaza-chrysene-6,6-dioxide",0.15678480173294004,0.15615789314890566,0.0006269085840343858,False
5ab0bda1e,DOS047_MCF7_24H:BRD-K96640402-001-01-5:4.99,MCF7,BRD-K96640402,BRD-K96640402,0.16154371052417404,0.16063690238431744,0.0009068081398566075,False
5ab704064,DOS034_A375_24H:BRD-K96903074-001-01-4:4.97,A375,BRD-K96903074,BRD-K96903074,0.15670623871967432,0.15574440828348118,0.000961830436193134,False
5ac378d8a,CPC012_VCAP_6H:BRD-K05562558-001-01-3:10,VCAP,BRD-K05562558,BRD-K05562558,0.14723728152968235,0.14260755247248083,0.00462972905720152,False
5acc1b4a5,CPC006_NCIH1836_6H:BRD-A81541225-001-02-7:10,NCIH1836,BRD-A81541225,oligomycin-a,0.14963550178166582,0.14630581071145676,0.0033296910702090565,False
5ad076ffe,CPC006_SNGM_6H:BRD-K41260949-236-02-8:10,SNGM,BRD-K41260949,valproic-acid,0.15749313639026358,0.15735925549999707,0.0001338808902665023,False
5adcd38c7,DOS009_VCAP_6H:BRD-K75381775-001-01-0:5.03,VCAP,BRD-K75381775,BRD-K75381775,0.14279782177144373,0.1322210496574695,0.010576772113974231,False
5b07bdf86,CPC003_HA1E_24H:BRD-K52015643-001-01-1:10,HA1E,BRD-K52015643,deoxyrhapontin,0.15190941646671707,0.15127621597138013,0.0006332004953369386,False
5b132e580,CPC018_MCF7_6H:BRD-A62890442-001-01-0:10,MCF7,BRD-A62890442,3-methyl-GABA,0.160382099207019,0.1495549748338216,0.010827124373197411,False
5b4c20c9e,PCLB002_HCC515_24H:BRD-K98948170:33.33,HCC515,BRD-K98948170,BRD-K98948170,0.1544789188489961,0.13709508645736032,0.017383832391635767,False
5b6e8b52d,CPC006_NCIH596_6H:BRD-K01868942-001-02-1:160,NCIH596,BRD-K01868942,RS-23597-190,0.16972274214647426,0.1506275713314043,0.01909517081506995,False
5b900c81b,DOS052_A375_24H:BRD-K12974237-001-02-8:5.01,A375,BRD-K12974237,BRD-K12974237,0.13372365472255968,0.1322969436896731,0.0014267110328865795,False
5bac87c31,DOS012_VCAP_24H:BRD-K39248781-001-01-8:4.92,VCAP,BRD-K39248781,BRD-K39248781,0.15004155635555988,0.14858927981961326,0.0014522765359466228,False
5bbc89d67,CPC012_MCF7_6H:BRD-K94352392-001-01-1:10,MCF7,BRD-K94352392,BRD-K94352392,0.1498989312971563,0.14888625893071342,0.001012672366442896,False
5bc490161,CVD001_PHH_6H:BRD-K46088987-001-01-1:2.5365,PHH,BRD-K46088987,BRD-K46088987,0.1501064981023711,0.14696298007552663,0.003143518026844455,False
5bd4f7871,LJP001_SKBR3_24H:BRD-K72636697-001-01-5:0.4,SKBR3,BRD-K72636697,QL-X-138,0.15988950438698007,0.15433247057996874,0.005557033807011336,False
5c5d231dc,CPC020_PC3_6H:BRD-K77695569-001-22-7:10,PC3,BRD-K77695569,tiabendazole,0.16773607716870448,0.15999666722907946,0.007739409939625019,False
5c68cde71,DOS052_MCF7_24H:BRD-K61004012-001-02-5:5.01,MCF7,BRD-K61004012,BRD-K61004012,0.1715464297178506,0.1679226054958879,0.0036238242219627237,False
5c9c8a14c,DOS046_MCF7_24H:BRD-K68756928-001-01-8:5,MCF7,BRD-K68756928,BRD-K68756928,0.16025492294615462,0.13470972372689416,0.02554519921926046,False
5ca4b0b03,DOS030_VCAP_24H:BRD-K37340147-001-01-4:4.97,VCAP,BRD-K37340147,BRD-K37340147,0.166895795547191,0.1639026297729077,0.0029931657742832962,False
5cb1e784b,AML001_HL60_24H:BRD-K19706299:0.37037,HL60,BRD-K19706299,MRE-269,0.15696150868615266,0.14831785313888662,0.008643655547266038,False
5cbe59708,NMH002_NEU_6H:BRD-K84943004-001-01-9:10,NEU,BRD-K84943004,MC-1293,0.16524710709838902,0.16352394636567408,0.0017231607327149456,False
5cc5a5a19,MUC.CP003_MCF7_6H:BRD-K85605624-001-01-3:3.3237,MCF7,BRD-K85605624,SA-1458689,0.17079924179314077,0.14794450432892756,0.02285473746421321,False
5cdc04c1e,CPC007_HCC515_6H:BRD-K94919853-001-04-3:10,HCC515,BRD-K94919853,10H-phenothiazin-10-yl)(p-tolyl)methanone,0.15055073244305406,0.14932773584227332,0.0012229966007807347,False
5cdcbd29e,CPC008_VCAP_6H:BRD-K75784474-019-01-1:10,VCAP,BRD-K75784474,BRD-K75784474,0.15539262600204484,0.15240830031935312,0.0029843256826917186,False
5ce665b1c,CPC019_HEPG2_6H:BRD-K42006476-001-01-5:10,HEPG2,BRD-K42006476,BRD-K42006476,0.1640681388066258,0.15230726049600238,0.011760878310623418,False
5d1e27b26,CPC007_PC3_24H:BRD-K59429476-001-05-0:10,PC3,BRD-K59429476,PSH-021,0.1564249950308415,0.14288963415276074,0.013535360878080771,False
5d43da005,CPC019_PC3_6H:BRD-K82524003-001-02-8:10,PC3,BRD-K82524003,BRD-K82524003,0.15915488159507785,0.15370020941358148,0.005454672181496367,False
5d7696953,CPC006_AGS_6H:BRD-K04887706-001-01-6:9.1,AGS,BRD-K04887706,AKT-inhibitor-1-2,0.14638841136697597,0.13691439491657942,0.009474016450396555,False
5d8f149da,DOS012_VCAP_6H:BRD-K39321814-001-01-4:5.02,VCAP,BRD-K39321814,BRD-K39321814,0.1665125221040686,0.16130747229635123,0.005205049807717382,False
5d9a42dc4,DOS017_VCAP_6H:BRD-K65077386-001-01-7:5.02,VCAP,BRD-K65077386,BRD-K65077386,0.14253914846990362,0.14161026904210794,0.0009288794277956813,False
5d9bb0ebe,LJP002_SKBR3_24H:BRD-K87737963-001-02-9:0.08,SKBR3,BRD-K87737963,CYT387,0.15049329381476745,0.14900709536775653,0.0014861984470109224,False
5dad3f0e4,DOS002_VCAP_6H:BRD-K34094942-001-01-7:5.12,VCAP,BRD-K34094942,SA-90544,0.16069902567613614,0.15767276318517306,0.0030262624909630775,False
5db1c69e6,DOS050_HT29_24H:BRD-K93594354-001-01-5:5,HT29,BRD-K93594354,BRD-K93594354,0.1560997536846836,0.154414832194311,0.0016849214903725818,False
5db8b1e23,DOS057_A375_24H:BRD-K80907598-001-01-0:5,A375,BRD-K80907598,BRD-K80907598,0.1410841652407381,0.1382300181016693,0.0028541471390688133,False
5dba7da37,CPC006_MDST8_6H:BRD-K06854232-001-03-3:10,MDST8,BRD-K06854232,AM-580,0.1558494884305763,0.15470395449190727,0.0011455339386690355,False
5dc88ae8a,CPC004_A375_6H:BRD-A69815203-001-05-0:10,A375,BRD-A69815203,cyclosporin-a,0.16354178835475786,0.15089643227080735,0.01264535608395051,False
5de2e119d,DOS016_VCAP_24H:BRD-K89627562-001-01-7:5.1,VCAP,BRD-K89627562,BRD-K89627562,0.18518911537773766,0.16919191698863917,0.015997198389098494,False
5def38f5f,DOS031_MCF7_24H:BRD-K99487580-001-01-2:4.95,MCF7,BRD-K99487580,BRD-K99487580,0.17933173519615722,0.1706081904215764,0.008723544774580816,False
5dfc637cd,CPC007_A375_6H:BRD-K07101857-001-04-0:10,A375,BRD-K07101857,BRD-K07101857,0.1704433062746943,0.16815900445386606,0.002284301820828255,False
5e16befdd,CPC004_MCF7_6H:BRD-A67862938-034-09-9:10,MCF7,BRD-A67862938,naftidrofuryl,0.20091081903841318,0.18740486651072036,0.013505952527692822,False
5e6359c7c,CPC012_ASC_24H:BRD-K47703442-001-01-3:10,ASC,BRD-K47703442,BRD-K47703442,0.16223283066347238,0.15942847721063103,0.002804353452841357,False
5e6f37c30,CPC006_THP1_6H:BRD-K62810658-001-06-4:10,THP1,BRD-K62810658,PD-98059,0.15525548621762447,0.14622414924182361,0.009031336975800858,False
5e73bee71,CPC001_PC3_6H:BRD-K31268420-001-01-1:10,PC3,BRD-K31268420,NSC-693868,0.15683596197960523,0.15340409633509347,0.0034318656445117557,False
5ec98e006,DOS036_A549_24H:BRD-K70345064-001-02-8:5.02,A549,BRD-K70345064,BRD-K70345064,0.14869965267037744,0.1469019965946677,0.0017976560757097249,False
5ee773734,CPC010_A549_6H:BRD-K57037351-001-05-3:10,A549,BRD-K57037351,BRD-K57037351,0.17605640984317705,0.1569269010923662,0.019129508750810847,False
5ef1bbe9e,PCLB002_MCF7_24H:BRD-K88742110:0.04,MCF7,BRD-K88742110,PCI-34051,0.16428891736557294,0.1501104669467539,0.014178450418819044,False
5f024c577,CPC004_VCAP_6H:BRD-A14966924-001-03-0:10,VCAP,BRD-A14966924,alaproclate,0.1720804191139696,0.1699619782216471,0.002118440892322493,False
5f039ad10,LJP002_MDAMB231_24H:BRD-K04853698-001-01-8:10,MDAMB231,BRD-K04853698,LDN-193189,0.15990147766256738,0.1574030295087342,0.0024984481538331826,False
5f146f9eb,CPC004_MCF7_6H:BRD-K82561139-001-05-0:10,MCF7,BRD-K82561139,ricinine,0.1556849853086753,0.15318443424356074,0.00250055106511457,False
5f326dadb,LJP001_HS578T_6H:BRD-K64800655-001-03-3:10,HS578T,BRD-K64800655,PHA-793887,0.1940786097256641,0.17791340123968197,0.01616520848598213,False
5f53dbb60,CPC019_MCF7_24H:BRD-K77480336-001-02-8:10,MCF7,BRD-K77480336,BRD-K77480336,0.16188659560965496,0.15860196875119192,0.0032846268584630356,False
5f5bcae2c,HOG002_MCF7_6H:BRD-K11163873-001-02-8:1.11,MCF7,BRD-K11163873,phenanthridone,0.1509431380562402,0.15074782012726307,0.00019531792897714562,False
5f86753d1,CPC006_HCC515_24H:BRD-K66874953-004-02-1:69.83,HCC515,BRD-K66874953,pifithrin-alpha,0.15993409651934565,0.1573583796110226,0.0025757169083230613,False
5fa33e0d4,CPC020_MCF7_24H:BRD-K40645748-003-11-9:10,MCF7,BRD-K40645748,mefloquine,0.18121324308801018,0.1575018856043351,0.02371135748367509,False
5fe9c41db,ERG010_VCAP_6H:BRD-K40034229-001-01-9:10.033,VCAP,BRD-K40034229,BRD-K40034229,0.14376795700239414,0.1422676070764204,0.001500349925973754,False
5ffab4462,CPC011_PC3_6H:BRD-K51671335-001-06-4:10,PC3,BRD-K51671335,levosulpiride,0.15340237327175169,0.14584307637473,0.007559296897021672,False
6016d4866,DOS052_A375_24H:BRD-K30851490-001-01-0:4.96,A375,BRD-K30851490,BRD-K30851490,0.1548597633167202,0.14399472011999023,0.010865043196729957,False
601af9b8d,DOS049_MCF7_24H:BRD-K11236606-001-01-8:5,MCF7,BRD-K11236606,BRD-K11236606,0.17473094804585002,0.1635904245909361,0.011140523454913925,False
601b091c0,CPC013_PC3_6H:BRD-K82492171-001-01-6:10,PC3,BRD-K82492171,BRD-K82492171,0.15836732151434554,0.15254111625554517,0.005826205258800371,False
60722ee04,CPC004_HCC515_6H:BRD-A46747628-001-01-9:10,HCC515,BRD-A46747628,ouabain,0.17054775763126945,0.1522953562487251,0.01825240138254436,False
608a0a4eb,DOSBIO001_NEU_24H:BRD-K39092862:9.78155,NEU,BRD-K39092862,BRD-K39092862,0.1818495517303096,0.15959907467849008,0.02225047705181951,False
60d87ebe7,DOS046_PC3_24H:BRD-K51358551-001-01-6:5,PC3,BRD-K51358551,BRD-K51358551,0.20197828911579607,0.17773343477455755,0.02424485434123852,False
60fb1a2e9,CPC016_A549_6H:BRD-K72783841-001-01-0:10,A549,BRD-K72783841,tyrphostin-AG-555,0.15488439966084017,0.1416620736932133,0.013222325967626875,False
61155e673,LJP002_HS578T_6H:BRD-K87737963-001-02-9:0.4,HS578T,BRD-K87737963,CYT387,0.1520250272790846,0.14977316410680883,0.00225186317227577,False
6125952bb,CPC016_ASC_24H:BRD-K97061094-001-03-2:10,ASC,BRD-K97061094,azacyclonol,0.15485820275660406,0.15054307826853505,0.004315124488069005,False
6133c8ca0,CPC007_HCC515_6H:BRD-K18761689-001-05-9:10,HCC515,BRD-K18761689,BRD-K18761689,0.1853796101116409,0.1536657394440533,0.0317138706675876,False
61ecd9a5b,DOS043_A375_24H:BRD-K54432046-001-01-9:5.04,A375,BRD-K54432046,BRD-K54432046,0.16195492749183343,0.15320486521828489,0.008750062273548548,False
620a76eb1,NMH002_NEU_24H:BRD-K62012036-001-10-2:10,NEU,BRD-K62012036,acitretin,0.16360763455876687,0.1603187396295819,0.0032888949291849656,False
62175d766,CPC001_HCC515_24H:BRD-K92726801-003-02-7:10,HCC515,BRD-K92726801,hydrastinine,0.15881252870975557,0.15810570715544364,0.0007068215543119261,False
62279748f,CPC004_HCC515_6H:BRD-K70327191-001-01-4:10,HCC515,BRD-K70327191,benzoxiquine,0.1783118087938147,0.16405599439605187,0.014255814397762828,False
622d45011,PCLB001_HCC515_24H:BRD-K16604218-001-01-2:10,HCC515,BRD-K16604218,KUC111109N,0.17534227255846585,0.1746510253585618,0.0006912471999040437,False
625ee9176,CPC006_HEC108_6H:BRD-K03816923-001-04-7:9.68,HEC108,BRD-K03816923,rottlerin,0.17065595154123447,0.16706174370905175,0.0035942078321827275,False
6262ba4a9,CPC012_A549_6H:BRD-K38690464-001-01-6:10,A549,BRD-K38690464,BRD-K38690464,0.157962928083552,0.15765813549521437,0.0003047925883376268,False
6274c8c1f,CPC006_COV644_6H:BRD-K64634304-001-01-5:40,COV644,BRD-K64634304,tretinoin,0.19138556077356678,0.189361082190928,0.002024478582638767,False
627d2d158,CPC017_PHH_24H:BRD-K76064317-001-03-2:10,PHH,BRD-K76064317,tyrphostin-AG-1296,0.1968316910610928,0.16816445712250727,0.02866723393858553,False
62a1142b7,DOS028_VCAP_6H:BRD-K32106123-001-01-2:5.16,VCAP,BRD-K32106123,BRD-K32106123,0.19138544995984189,0.15426160884941004,0.03712384111043185,False
62ad50147,CPC014_A375_6H:BRD-K99749624-001-01-3:10,A375,BRD-K99749624,linifanib,0.16821523748226008,0.1679865420394238,0.0002286954428362964,False
62be1e189,DOS047_PC3_24H:BRD-K62473229-001-01-2:4.97,PC3,BRD-K62473229,BRD-K62473229,0.15148921243412544,0.14810024308854658,0.0033889693455788628,False
62e323023,DOS024_VCAP_24H:BRD-K88180879-001-01-6:4.99,VCAP,BRD-K88180879,BRD-K88180879,0.15742618475961045,0.15559512903135234,0.0018310557282581186,False
62ff1ff60,HOG001_MCF7_24H:BRD-K08703257-001-06-3:3.33,MCF7,BRD-K08703257,3-amino-benzamide,0.14586997768964532,0.14334233700335014,0.002527640686295185,False
6314aae76,LJP002_MCF10A_6H:BRD-K59067695-001-01-2:2,MCF10A,BRD-K59067695,SU-11274,0.16330206292057575,0.15878562938176724,0.004516433538808512,False
6324b63b6,CPD003_PC3_6H:BRD-K62997315-001-01-5:10,PC3,BRD-K62997315,urosiol,0.16523681981816912,0.15828523605991204,0.006951583758257079,False
6326e38e9,DOS025_VCAP_24H:BRD-K24932095-001-01-5:5.04,VCAP,BRD-K24932095,BRD-K24932095,0.15184998773757594,0.13992493738205117,0.011925050355524769,False
6333d8b74,DOSBIO001_PC3_24H:BRD-K19677752:10.0343,PC3,BRD-K19677752,BRD-K19677752,0.27995364891137975,0.2573408024494742,0.022612846461905534,False
63425c3b3,DOS047_A549_24H:BRD-K38672372-001-01-5:5.01,A549,BRD-K38672372,BRD-K38672372,0.16241798234285804,0.16093188426170968,0.001486098081148357,False
63488f32f,CPC006_VCAP_6H:BRD-K76703230-001-01-3:0.31,VCAP,BRD-K76703230,YM-155,0.15674124484079976,0.14483462722321286,0.011906617617586907,False
636db6870,CPC015_ASC_24H:BRD-A30590053-003-01-1:10,ASC,BRD-A30590053,MR-16728,0.15871231411512943,0.15820693772537878,0.0005053763897506502,False
639ad146a,CVD001_PHH_6H:BRD-K07339740-001-01-3:10.1832,PHH,BRD-K07339740,BRD-K07339740,0.15012130554647513,0.14908023530807335,0.0010410702384017756,False
63ad36fb6,CPC017_HT29_6H:BRD-K17896185-001-01-2:10,HT29,BRD-K17896185,FIT,0.1514249584140235,0.15126608053771562,0.00015887787630788908,False
63c96bd5d,CPC013_SKB_24H:BRD-K06585517-003-01-9:10,SKB,BRD-K06585517,RAN-29,0.16404868241706272,0.1631765200231174,0.0008721623939453305,False
63f43cb38,CPC001_HA1E_6H:BRD-K62221994-001-01-8:10,HA1E,BRD-K62221994,T-98475,0.1770481595362986,0.16875699273656578,0.008291166799732824,False
63fa34e99,PCLB001_MCF7_6H:BRD-K36452089-001-01-8:2.5,MCF7,BRD-K36452089,tert-butylhydroquinone,0.1738173871938589,0.15193800955916598,0.021879377634692915,False
63ffa9918,CPC006_SNUC4_6H:BRD-K06890060-001-05-9:40,SNUC4,BRD-K06890060,alda-1,0.15638267716535342,0.15248241040490995,0.0039002667604434715,False
640db04b0,CPC006_MCF7_6H:BRD-A70155556-001-04-4:40,MCF7,BRD-A70155556,lovastatin,0.17152957294113721,0.16503120537029295,0.006498367570844266,False
6448c1934,DOS002_VCAP_6H:BRD-K39758243-001-01-8:4.93,VCAP,BRD-K39758243,BRD-K39758243,0.16171350516396701,0.16051860983535798,0.0011948953286090302,False
646fd293d,DOS053_A549_24H:BRD-K59130924-001-02-9:5.01,A549,BRD-K59130924,BRD-K59130924,0.15185601944107696,0.14765520910971702,0.004200810331359939,False
647c5de12,CPC006_NOMO1_6H:BRD-K10882151-001-06-8:40,NOMO1,BRD-K10882151,BO2-inhibits-RAD51,0.1700354967036825,0.16971539837523866,0.00032009832844384634,False
6482bd380,CPC014_A549_6H:BRD-K88714443-001-01-9:10,A549,BRD-K88714443,BRD-K88714443,0.15514279438086118,0.15274111262935444,0.0024016817515067346,False
648905d98,CPC011_A375_6H:BRD-K20482099-001-06-0:10,A375,BRD-K20482099,rutin,0.17436330467935265,0.17397251334505248,0.0003907913343001723,False
6499d33fd,DOS012_VCAP_6H:BRD-K31284555-001-01-5:5.11,VCAP,BRD-K31284555,BRD-K31284555,0.16411776726411859,0.15139245614841135,0.012725311115707238,False
649d95014,LJP001_MCF10A_6H:BRD-K36740062-001-02-5:10,MCF10A,BRD-K36740062,GSK-1070916,0.1530483852654749,0.14820860816040352,0.004839777105071386,False
64a61d483,ERG012_VCAP_6H:BRD-K46268437-001-01-5:10.1173,VCAP,BRD-K46268437,BRD-K46268437,0.1798700426403873,0.1685679447618631,0.011302097878524209,False
64c4c2b32,RAD001_MCF7_24H:BRD-K32107296-001-04-5:10,MCF7,BRD-K32107296,temozolomide,0.14811285788592232,0.1475241208109032,0.0005887370750191356,False
64cdb6b96,ERG011_VCAP_6H:BRD-K87112191-001-02-9:0.4,VCAP,BRD-K87112191,PP242,0.1533069581363269,0.1468828535144315,0.006424104621895382,False
64faf6255,CPC007_HA1E_24H:BRD-K07668032-001-07-9:10,HA1E,BRD-K07668032,BRD-K07668032,0.16138646889338149,0.15534741472848346,0.006039054164898028,False
6509a4c73,DOS019_VCAP_6H:BRD-K98303739-001-01-2:4.69,VCAP,BRD-K98303739,BRD-K98303739,0.151624488429283,0.14776781229476516,0.0038566761345178446,False
650c0ae52,CPC010_A549_24H:BRD-K06217810-019-03-5:10,A549,BRD-K06217810,BRD-K06217810,0.1525497369217357,0.14782352859422915,0.004726208327506559,False
6511c8e6e,DOS054_PC3_24H:BRD-K82276852-001-01-9:5,PC3,BRD-K82276852,BRD-K82276852,0.16980375617740612,0.16278277504308028,0.007020981134325838,False
6523ad4c8,DOS032_HT29_24H:BRD-K42057752-001-01-3:4.92,HT29,BRD-K42057752,BRD-K42057752,0.15955731189454023,0.1505144223042391,0.00904288959030114,False
6540c0b79,DOS044_A375_24H:BRD-K22248406-001-01-2:5.02,A375,BRD-K22248406,BRD-K22248406,0.14701665798957952,0.14387031860489158,0.003146339384687946,False
654b180f8,CPC006_SW480_6H:BRD-A76279427-001-01-9:10,SW480,BRD-A76279427,myriocin,0.14891359806856297,0.14857527881865523,0.000338319249907737,False
655e8d881,CPC006_T3M10_6H:BRD-K59597909-001-10-1:10,T3M10,BRD-K59597909,phenothiazine,0.2017795938357953,0.1947874489625464,0.0069921448732488956,False
658cf6c71,CPC017_ASC_24H:BRD-A59215453-003-03-3:10,ASC,BRD-A59215453,lobelanidine,0.14706061877158505,0.14254632626795133,0.004514292503633721,False
6597149ef,CPC008_HCC515_6H:BRD-K89059493-001-01-7:10,HCC515,BRD-K89059493,BRD-K89059493,0.1632936379134066,0.16267582728914454,0.0006178106242620551,False
659d59aa0,DOSBIO002_A375_24H:BRD-K19198293:9.79693,A375,BRD-K19198293,BRD-K19198293,0.15525385822128737,0.1505713325275333,0.004682525693754075,False
65a17f42f,PCLB002_PC3_24H:BRD-K99636700:1.11,PC3,BRD-K99636700,BRD-K99636700,0.15397761178174807,0.1534637614048625,0.0005138503768855607,False
65a37e70b,DOS051_HT29_24H:BRD-K42634310-001-01-4:5.04,HT29,BRD-K42634310,BRD-K42634310,0.1727041037295606,0.1625926313639695,0.010111472365591095,False
65d7f344a,DOS055_MCF7_24H:BRD-K95683812-001-01-0:5,MCF7,BRD-K95683812,BRD-K95683812,0.16797938895982706,0.15706614803682162,0.01091324092300544,False
65fe1ef3a,DOSBIO001_NEU_24H:BRD-K90734091:10.2635,NEU,BRD-K90734091,BRD-K90734091,0.15412847148226677,0.15127834198630152,0.002850129495965248,False
660685937,PCLB001_JURKAT_24H:BRD-K14700434-001-02-6:2.5,JURKAT,BRD-K14700434,MW-SHH-151,0.14428867442857563,0.14415417615929968,0.00013449826927594555,False
6609f523a,CPC007_A549_6H:BRD-K59429476-001-05-0:10,A549,BRD-K59429476,PSH-021,0.15133717774984123,0.14790758746345928,0.003429590286381956,False
661a4dd2f,DOS034_HT29_24H:BRD-K00458136-001-01-0:5,HT29,BRD-K00458136,BRD-K00458136,0.18116003392129218,0.16448913941900473,0.016670894502287453,False
66228e858,CPC003_HA1E_6H:BRD-K18910433-001-05-1:10,HA1E,BRD-K18910433,estradiol,0.1431651315766846,0.14287187703699872,0.0002932545396858721,False
6645347b9,CPC013_A375_6H:BRD-K77908580-001-04-7:10,A375,BRD-K77908580,entinostat,0.16373695644829483,0.15979945740112042,0.003937499047174414,False
6657979c4,LJP002_HS578T_24H:BRD-K12811596-001-01-9:10,HS578T,BRD-K12811596,BMS-509744,0.1778375063573177,0.14921895032135454,0.028618556035963166,False
66664cde2,PCLB002_HCC515_24H:BRD-K63923597:1.11,HCC515,BRD-K63923597,barasertib-HQPA,0.18766199777610879,0.17051238834816385,0.01714960942794494,False
667f6e292,DOS020_VCAP_6H:BRD-K54410116-001-01-0:5.02,VCAP,BRD-K54410116,BRD-K54410116,0.15971816955345575,0.15341364479283223,0.006304524760623514,False
668260b02,DOS050_HT29_24H:BRD-K50005301-001-01-7:5,HT29,BRD-K50005301,BRD-K50005301,0.15530464966196988,0.15039571170338267,0.004908937958587212,False
668bd9b0f,HOG003_A549_24H:BRD-K09907482-001-02-5:0.1234,A549,BRD-K09907482,PRL-3-inhibitor-I,0.1465203517671828,0.14369118003162248,0.0028291717355603263,False
66d1837cc,DOS040_HT29_24H:BRD-K37848804-001-01-0:5.02,HT29,BRD-K37848804,BRD-K37848804,0.16548432169552404,0.14662549672479835,0.01885882497072569,False
66dc0685e,CPC004_HCC515_24H:BRD-K06712146-001-01-2:10,HCC515,BRD-K06712146,YM-90709,0.13664501031836115,0.13637578598495112,0.00026922433341003416,False
66f13dd14,CPC007_PC3_24H:BRD-K45031696-001-05-5:10,PC3,BRD-K45031696,BRD-K45031696,0.16728430919885728,0.16338934007498068,0.0038949691238766015,False
66f251fd0,CPC011_HA1E_6H:BRD-K13032584-003-12-8:10,HA1E,BRD-K13032584,procarbazine,0.17358974060674612,0.1669711957665176,0.00661854484022853,False
66ff35613,DOS016_VCAP_24H:BRD-K89627562-001-01-7:5.1,VCAP,BRD-K89627562,BRD-K89627562,0.176227121417014,0.16089171776229774,0.015335403654716251,False
673a97299,CPC007_A375_24H:BRD-A64850503-001-07-5:10,A375,BRD-A64850503,BRD-A64850503,0.17761338510593644,0.15014392864175502,0.02746945646418142,False
673c67b84,CPC004_HA1E_24H:BRD-A04553218-050-08-9:10,HA1E,BRD-A04553218,chlorphenamine,0.1427067055664472,0.14246233869064495,0.0002443668758022599,False
673e4579f,PCLB003_MCF7_24H:BRD-K43797669-001-22-1:0.04,MCF7,BRD-K43797669,genistein,0.1656535743970698,0.16144881719054285,0.004204757206526938,False
6745c5cad,CPC014_HA1E_6H:BRD-K43764301-001-07-6:10,HA1E,BRD-K43764301,dexketoprofen,0.15596280553793043,0.1478102580045225,0.008152547533407939,False
677c0e043,DOS058_A375_24H:BRD-K72061918-019-01-1:5,A375,BRD-K72061918,BRD-K72061918,0.14670736420084027,0.13743429485663566,0.009273069344204604,False
677ee6c42,MUC.CP002_MCF7_24H:BRD-K39683987-001-01-8:3.3564,MCF7,BRD-K39683987,SA-1939838,0.15833679708225415,0.15611688029547835,0.0022199167867757996,False
67a5142d4,CPC004_HCC515_6H:BRD-A16694057-001-03-5:10,HCC515,BRD-A16694057,BADGE,0.16286797735730466,0.16257282643130283,0.0002951509260018248,False
67b8f0a99,CPC012_SKB_24H:BRD-K63220166-001-01-1:10,SKB,BRD-K63220166,BRD-K63220166,0.1629349362694077,0.16023943227255982,0.00269550399684787,False
67bb07b93,DOS030_VCAP_6H:BRD-K77939573-001-02-5:5,VCAP,BRD-K77939573,BRD-K77939573,0.1586875451762957,0.15316178867126246,0.005525756505033258,False
67c4672f3,CPC012_A375_6H:BRD-K50368246-001-01-7:10,A375,BRD-K50368246,BRD-K50368246,0.15962884833583701,0.15743985184827902,0.0021889964875579926,False
67c879e79,CPC009_VCAP_6H:BRD-K92559570-001-03-3:10,VCAP,BRD-K92559570,KU-C103884,0.14407102503348107,0.14272648866613638,0.0013445363673446897,False
67f1e7c58,DOS033_HT29_24H:BRD-K01822243-001-01-6:5.02,HT29,BRD-K01822243,BRD-K01822243,0.15336475400959892,0.14205477156263094,0.011309982446967987,False
67faa565c,CPC005_VCAP_24H:BRD-K46424862-001-04-2:10,VCAP,BRD-K46424862,hymecromone,0.17405805080651673,0.1727769418232292,0.0012811089832875378,False
6820aeb6d,DOS022_VCAP_24H:BRD-K36232701-001-01-2:5.05,VCAP,BRD-K36232701,BRD-K36232701,0.15674369918811684,0.14842122550976647,0.008322473678350373,False
68282e3fb,PCLB001_HA1E_24H:BRD-K19326298-001-02-0:3.33,HA1E,BRD-K19326298,MW-SHH-250,0.1689143393100148,0.15834299930984336,0.01057134000017143,False
685a2dbd1,CPC010_A549_24H:BRD-K82384352-001-02-4:10,A549,BRD-K82384352,BRD-K82384352,0.14753387922568226,0.14470975123479235,0.0028241279908899075,False
685f4da60,CPC007_VCAP_24H:BRD-A98050686-001-05-5:10,VCAP,BRD-A98050686,BRD-A98050686,0.16597413437286818,0.15542066986944802,0.010553464503420151,False
68869f4e9,DOS054_PC3_24H:BRD-K42543764-001-01-8:5,PC3,BRD-K42543764,BRD-K42543764,0.17432379229754563,0.16596857022880668,0.008355222068738954,False
6895c50ed,DOS051_HT29_24H:BRD-K98641517-001-01-3:5,HT29,BRD-K98641517,BRD-K98641517,0.1653837751965504,0.16226421788630788,0.003119557310242521,False
68b8c1d2c,CPC006_RKO_6H:BRD-K81473043-001-04-7:0.35,RKO,BRD-K81473043,tanespimycin,0.14905631117463375,0.14595693494596992,0.003099376228663825,False
68c329b79,CPC006_RMUGS_6H:BRD-K41087962-001-01-7:0.63,RMUGS,BRD-K41087962,BRD-K41087962,0.15578240635071552,0.1484308944860046,0.007351511864710919,False
690c67f98,CPC014_A549_6H:BRD-K62459624-001-07-9:10,A549,BRD-K62459624,BRD-K62459624,0.15134840504590832,0.1489177896623156,0.0024306153835927102,False
691956bc1,CPC009_HCC515_6H:BRD-K99146421-019-01-9:10,HCC515,BRD-K99146421,BRD-K99146421,0.15706896873068876,0.15229047186362754,0.0047784968670612216,False
694423d34,CPC015_HT29_6H:BRD-A51820102-008-16-4:10,HT29,BRD-A51820102,econazole,0.15856442751563055,0.1535996417722113,0.004964785743419242,False
697cb2e39,CPC006_CORL23_6H:BRD-A09533288-003-20-5:10,CORL23,BRD-A09533288,verapamil,0.1873549805873608,0.15789431099049783,0.02946066959686297,False
6986f2497,LJP001_MCF10A_6H:BRD-K99545815-001-02-2:0.4,MCF10A,BRD-K99545815,PF-562271,0.17795006966174576,0.16218304933611094,0.015767020325634817,False
69a679a4c,DOS025_VCAP_24H:BRD-K20433775-001-01-5:5.01,VCAP,BRD-K20433775,BRD-K20433775,0.17345229957626968,0.1716669873289541,0.001785312247315568,False
69afcb665,DOS041_A375_24H:BRD-K81954574-001-01-9:5.04,A375,BRD-K81954574,BRD-K81954574,0.15354115033756427,0.15179670707608303,0.0017444432614812377,False
69bafa12c,DOS051_HT29_24H:BRD-K90381642-001-01-2:4.98,HT29,BRD-K90381642,BRD-K90381642,0.1817981237107553,0.17121864694869843,0.010579476762056866,False
69e723380,DOS008_VCAP_24H:BRD-K83121797-001-01-4:5.08,VCAP,BRD-K83121797,BRD-K83121797,0.16768374708093023,0.16088276192666257,0.006800985154267664,False
69e995bbc,DOS051_PC3_24H:BRD-K57393707-001-01-0:5.03,PC3,BRD-K57393707,BRD-K57393707,0.15137009673165175,0.14885686797543562,0.0025132287562161237,False
6a1616f45,ERG015_VCAP_24H:BRD-K21110399-001-01-4:10.0427,VCAP,BRD-K21110399,BRD-K21110399,0.15391753300464356,0.1539087607544084,8.772250235156154e-06,False
6a1c3dbaa,CPC013_HT29_6H:BRD-K82395301-001-01-4:10,HT29,BRD-K82395301,ST-4066738,0.15964881085917454,0.15022466454877725,0.009424146310397286,False
6a3bdd1f3,CPC006_HA1E_24H:BRD-K53414658-001-01-7:10,HA1E,BRD-K53414658,tivozanib,0.16516082664364326,0.15209681985153156,0.013064006792111699,False
6a45e10e3,CPC009_A549_6H:BRD-K64610608-001-04-2:10,A549,BRD-K64610608,EMF-BCA1-57,0.16782714232000684,0.14123443481936934,0.026592707500637497,False
6a4ad6b60,DOS049_A375_24H:BRD-K55767217-001-01-0:5,A375,BRD-K55767217,BRD-K55767217,0.16434219134668104,0.15156416232287645,0.012778029023804593,False
6a652b57d,DOS058_A549_24H:BRD-K70759550-019-01-5:5,A549,BRD-K70759550,BRD-K70759550,0.16461043479287946,0.16258507846011977,0.002025356332759687,False
6a73f4bc7,CPC006_MDST8_6H:BRD-K09499853-305-01-1:10,MDST8,BRD-K09499853,KU-0060648,0.15392360126489651,0.14196041677038052,0.011963184494516,False
6a7e3f282,DOS048_A375_24H:BRD-K65657366-001-01-0:5.02,A375,BRD-K65657366,BRD-K65657366,0.15604092247437615,0.1443551878472409,0.011685734627135236,False
6a7fd5fd2,DOSBIO002_NEU_24H:BRD-K41878610:10.0787,NEU,BRD-K41878610,BRD-K41878610,0.15456510592444017,0.1455790348827603,0.008986071041679866,False
6a834c77e,DOSBIO002_NEU_24H:BRD-K77402297:10.0098,NEU,BRD-K77402297,BRD-K77402297,0.14778853279614296,0.14267754127869306,0.005110991517449898,False
6a8e97963,PCLB002_HA1E_24H:BRD-K67774729:0.04,HA1E,BRD-K67774729,BRD-K67774729,0.1607910120750064,0.15072764118958462,0.01006337088542178,False
6aa148114,NMH002_NEU_6H:BRD-K84943004-001-01-9:10,NEU,BRD-K84943004,MC-1293,0.14678125674323586,0.13922077039429404,0.007560486348941825,False
6ab5f49ce,CPC009_HEPG2_6H:BRD-K59139557-001-01-6:10,HEPG2,BRD-K59139557,BRD-K59139557,0.1792346924489756,0.1705184691610434,0.008716223287932201,False
6acba9513,CPC008_A549_6H:BRD-K08640787-001-01-7:10,A549,BRD-K08640787,BRD-K08640787,0.15748554001024306,0.14573206672536587,0.011753473284877192,False
6adcb05b2,CPC006_NCIH596_6H:BRD-A75517195-001-01-3:40,NCIH596,BRD-A75517195,thiazolopyrimidine,0.16071170271073948,0.15785512463385232,0.002856578076887162,False
6addf9927,PCLB001_HT29_24H:BRD-K91338578-001-01-9:1.11,HT29,BRD-K91338578,BRD-K91338578,0.1600103631216272,0.14719387624538363,0.012816486876243566,False
6ae801d3b,DOS025_VCAP_6H:BRD-A75409952:10,VCAP,BRD-A75409952,wortmannin,0.16678467330950955,0.1629248895478457,0.0038597837616638486,False
6aeb27c9f,CPD002_MCF7_24H:BRD-A39189014-003-17-7:10,MCF7,BRD-A39189014,methoxamine,0.15403261730277348,0.14730914708053758,0.0067234702222359055,False
6aebeddc6,DOS056_PC3_24H:BRD-K20032161-001-01-7:5,PC3,BRD-K20032161,BRD-K20032161,0.18101683730611604,0.16732896528626076,0.013687872019855274,False
6af506b12,CPC006_VCAP_24H:BRD-K40853697-001-04-9:160,VCAP,BRD-K40853697,STAT3-inhibitor-VI,0.1633784318236826,0.15741291983126002,0.005965511992422595,False
6af52e87e,DOS051_HT29_24H:BRD-K39431644-001-01-7:4.99,HT29,BRD-K39431644,BRD-K39431644,0.1489938662295593,0.14835217997229333,0.000641686257265961,False
6b039baf0,CPC018_MCF7_6H:BRD-A31521121-001-15-7:10,MCF7,BRD-A31521121,methocarbamol,0.1993480984035615,0.19642164400291778,0.0029264544006437077,False
6b06d32ba,HDAC002_MCF7_6H:BRD-K01621458-001-01-2:5,MCF7,BRD-K01621458,BRD-K01621458,0.15838354086946133,0.14684533954539095,0.01153820132407038,False
6b099f4be,CPC006_OV7_6H:BRD-K02526760-001-01-5:10,OV7,BRD-K02526760,QS-11,0.15973553635199786,0.1584722061914453,0.0012633301605525504,False
6b1b8aee1,DOS027_VCAP_6H:BRD-K36725752-001-01-3:5.03,VCAP,BRD-K36725752,BRD-K36725752,0.1508779722893249,0.15073361989899692,0.00014435239032797864,False
6b27abb86,DOSBIO001_NEU_24H:BRD-K90734091:10.2635,NEU,BRD-K90734091,BRD-K90734091,0.17092697958966496,0.16637793163790304,0.00454904795176192,False
6b2d73b7d,CPC017_ASC_24H:BRD-K10870738-001-02-4:10,ASC,BRD-K10870738,CDC,0.16168010108727582,0.15871709363365633,0.002963007453619493,False
6b34e9796,CPC002_VCAP_24H:BRD-K60174629-001-02-2:10,VCAP,BRD-K60174629,z-prolyl-prolinal,0.14949667464876645,0.14096937173502228,0.008527302913744178,False
6b47c2de9,CPC006_A549_24H:BRD-K28112517-001-03-6:11.1,A549,BRD-K28112517,BRD-K28112517,0.18730109650753113,0.17105576713764972,0.016245329369881406,False
6b8557352,DOS049_MCF7_24H:BRD-K04388421-001-01-9:5,MCF7,BRD-K04388421,BRD-K04388421,0.1537646780548849,0.15232616835357188,0.0014385097013130121,False
6b8b675cc,DOS016_VCAP_24H:BRD-K45098285-001-01-0:4.99,VCAP,BRD-K45098285,BRD-K45098285,0.15940815877050074,0.15806875998116066,0.001339398789340085,False
6b8ddd0d5,CPC006_SW948_6H:BRD-K66792149-001-01-8:11.1,SW948,BRD-K66792149,quinoclamine,0.15688552333455658,0.14592591708317662,0.010959606251379955,False
6ba823ea2,DOS005_VCAP_24H:BRD-K31825071-001-01-0:5.03,VCAP,BRD-K31825071,BRD-K31825071,0.1782995831084018,0.15021036252725878,0.02808922058114302,False
6bb10b5bd,DOS055_HT29_24H:BRD-K66177994-001-01-8:5,HT29,BRD-K66177994,BRD-K66177994,0.1863529613922202,0.16750717079417443,0.01884579059804578,False
6bb340664,CPC015_MCF7_6H:BRD-A92826379-009-03-4:10,MCF7,BRD-A92826379,lupanine,0.171603060069563,0.163441768103059,0.008161291966504003,False
6bc52f3ab,DOS046_MCF7_24H:BRD-K50176356-001-01-0:5,MCF7,BRD-K50176356,BRD-K50176356,0.15732032147386305,0.14698513452217776,0.010335186951685282,False
6c1147903,DOS028_VCAP_24H:BRD-K12805419-001-01-6:5.01,VCAP,BRD-K12805419,BRD-K12805419,0.15134474037705928,0.14560220821583483,0.005742532161224445,False
6c11c1fd7,CPC013_NEU_24H:BRD-K14791739-001-01-9:10,NEU,BRD-K14791739,fluticasone,0.1593893621524976,0.1592495411182136,0.0001398210342840045,False
6c1dc8477,DOS059_A549_24H:BRD-K94017308-001-01-3:5,A549,BRD-K94017308,BRD-K94017308,0.16645676193358847,0.1609249633214554,0.005531798612133071,False
6c210797e,CPC006_A673_6H:BRD-K36927236-001-17-7:10,A673,BRD-K36927236,glibenclamide,0.15798289906937424,0.15176412007035345,0.006218778999020791,False
6c3a459be,CPC002_HCC515_24H:BRD-K05528470-305-01-4:10,HCC515,BRD-K05528470,L-745870,0.15668177337758338,0.1459891945494928,0.010692578828090576,False
6c3a8ced5,DOS005_VCAP_6H:BRD-K84522516-001-01-2:4.99,VCAP,BRD-K84522516,BRD-K84522516,0.16010482782720697,0.15715617136939372,0.0029486564578132535,False
6c3f1fb45,DOS058_A549_24H:BRD-K06436793-001-01-4:5,A549,BRD-K06436793,BRD-K06436793,0.1513116294904034,0.1511775258976935,0.0001341035927098777,False
6c53d8743,DOSBIO001_A375_24H:BRD-K22080587:10.0476,A375,BRD-K22080587,BRD-K22080587,0.1623893849644178,0.158822759657396,0.003566625307021787,False
6c665f098,DOS057_PC3_24H:BRD-K04418684-001-01-6:5,PC3,BRD-K04418684,BRD-K04418684,0.1694493781538206,0.16244003007618874,0.007009348077631872,False
6c73dca82,MUC.CP005_MCF7_24H:BRD-K90259198-003-04-8:1.4723,MCF7,BRD-K90259198,W-7,0.1423362764669262,0.13856841723433683,0.0037678592325893767,False
6c85eef96,CPC006_VCAP_24H:BRD-K40853697-001-04-9:160,VCAP,BRD-K40853697,STAT3-inhibitor-VI,0.1718884402189182,0.15199661036504333,0.01989182985387486,False
6c8ad2e0d,CPC011_HA1E_6H:BRD-K66615216-003-09-8:10,HA1E,BRD-K66615216,moxifloxacin,0.1521464023993723,0.15088000004161628,0.001266402357756019,False
6c90f6912,DOS017_VCAP_24H:BRD-K72373843-001-01-8:4.94,VCAP,BRD-K72373843,BRD-K72373843,0.17070885463566432,0.16588426630075664,0.004824588334907676,False
6ca507038,DOS055_A375_24H:BRD-K05487130-001-01-0:5,A375,BRD-K05487130,BRD-K05487130,0.16577228314459774,0.16146093686616947,0.004311346278428274,False
6cbc2e644,CPC006_HT115_6H:BRD-K90999434-003-01-9:10,HT115,BRD-K90999434,BRD-K90999434,0.17284967939355778,0.1703646268023414,0.002485052591216369,False
6cd966644,DOS032_MCF7_24H:BRD-K18727181-001-01-2:5.11,MCF7,BRD-K18727181,BRD-K18727181,0.15413972739698822,0.15086487170149127,0.0032748556954969588,False
6d365d473,DOS005_VCAP_24H:BRD-K32816753-001-01-3:4.6,VCAP,BRD-K32816753,BRD-K32816753,0.17852208701910832,0.14877722601176918,0.02974486100733914,False
6d373f4a5,CPC017_PHH_24H:BRD-K12906962-001-02-1:10,PHH,BRD-K12906962,dichlorobenzamil,0.1535802807788085,0.151813756172417,0.0017665246063915119,False
6d4b8a98c,CPC001_HCC515_24H:BRD-K96862998-001-03-1:10,HCC515,BRD-K96862998,pirfenidone,0.16051233116407185,0.15983764917605078,0.0006746819880210642,False
6d62ed1d1,CPC010_HA1E_6H:BRD-K95547711-001-04-3:10,HA1E,BRD-K95547711,BRD-K95547711,0.15855068641417636,0.15601580166639836,0.0025348847477779934,False
6d96a6775,DOS052_HT29_24H:BRD-K45319476-001-01-9:5.06,HT29,BRD-K45319476,BRD-K45319476,0.15602671808147053,0.15410923824032652,0.0019174798411440153,False
6da69438c,CPC017_A549_24H:BRD-K14200658-001-02-6:10,A549,BRD-K14200658,syrosingopine,0.15627468977726444,0.15044383142116935,0.005830858356095092,False
6dae023ba,NMH001_FIBRNPC_24H:BRD-A86146706-001-01-0:10,FIBRNPC,BRD-A86146706,BRD-A86146706,0.16202247192766261,0.1561436093435839,0.0058788625840787145,False
6ddb71abd,DOSBIO001_A375_24H:BRD-K68253248:10.1649,A375,BRD-K68253248,BRD-K68253248,0.17241941291558116,0.1613499251153896,0.011069487800191569,False
6def270ae,HOG002_MCF7_6H:BRD-K11163873-001-02-8:1.11,MCF7,BRD-K11163873,phenanthridone,0.18331059922098128,0.17172548178452948,0.011585117436451797,False
6dfda028e,DOS023_VCAP_6H:BRD-K80998388-001-01-3:5.22,VCAP,BRD-K80998388,BRD-K80998388,0.1616074428399985,0.1565080874822558,0.0050993553577426964,False
6e010878b,CPC003_PC3_6H:BRD-A41722204-003-01-5:10,PC3,BRD-A41722204,sulmazole,0.1637899398160464,0.15781922816470245,0.005970711651343941,False
6e2b418c3,CPC014_A375_6H:BRD-K04701986-001-01-0:10,A375,BRD-K04701986,BL-050,0.1797437032850685,0.14712457558990272,0.032619127695165784,False
6e418401d,CPC020_HT29_6H:BRD-K88429204-001-27-8:10,HT29,BRD-K88429204,pyrimethamine,0.16890134429270465,0.16726435376487203,0.0016369905278326158,False
6e4791c3a,CPC006_VCAP_24H:BRD-K02407574-001-04-8:0.31,VCAP,BRD-K02407574,parbendazole,0.17018264613459833,0.16457325386644162,0.00560939226815671,False
6e6a1d184,CPC012_HCC515_6H:BRD-K72238567-001-12-4:10,HCC515,BRD-K72238567,fludarabine,0.17164920465283148,0.1677692998637609,0.0038799047890705762,False
6e8550f2f,CPC019_HEPG2_6H:BRD-K46555627-001-01-5:10,HEPG2,BRD-K46555627,BRD-K46555627,0.1716007541471231,0.1683609055376636,0.0032398486094595003,False
6e986ee5c,CPC004_PC3_6H:BRD-K19136521-001-03-0:10,PC3,BRD-K19136521,indirubin-3-monoxime,0.1804023612640818,0.17021108068311952,0.010191280580962275,False
6e9a63153,LJP002_HS578T_6H:BRD-K87737963-001-02-9:0.4,HS578T,BRD-K87737963,CYT387,0.16110313557706618,0.15573624697812744,0.005366888598938746,False
6ea69711f,CPC009_MCF7_24H:BRD-K18861610-001-04-4:10,MCF7,BRD-K18861610,BRD-K18861610,0.1495852626062537,0.14880520531888072,0.0007800572873729872,False
6ea819c9e,DOS050_HT29_24H:BRD-K81418486:0.5,HT29,BRD-K81418486,vorinostat,0.17150846863947244,0.169785018522068,0.0017234501174044348,False
6eb8ff3da,DOS050_PC3_24H:BRD-K40961223-001-01-9:5,PC3,BRD-K40961223,BRD-K40961223,0.14343101506676012,0.14278550509257404,0.0006455099741860815,False
6eb97d70a,DOS046_A549_24H:BRD-K62600822-001-01-1:5,A549,BRD-K62600822,BRD-K62600822,0.17498260823008166,0.15349097112749216,0.0214916371025895,False
6ec93d617,DOS055_MCF7_24H:BRD-K25807578-001-01-4:5,MCF7,BRD-K25807578,BRD-K25807578,0.1747793901583244,0.16371524191654757,0.011064148241776817,False
6ecbbb561,CPC010_PC3_6H:BRD-K99582188-001-04-0:10,PC3,BRD-K99582188,BRD-K99582188,0.16012978293572633,0.1595749232282783,0.0005548597074480355,False
6ed25f7d9,PCLB001_JURKAT_6H:BRD-K73037408-001-01-5:2.5,JURKAT,BRD-K73037408,KUC111774N,0.16003129285480014,0.14706122953019607,0.01297006332460407,False
6ef24fb20,CPC003_HA1E_24H:BRD-A29437505-001-01-6:10,HA1E,BRD-A29437505,RWJ-21757,0.16668805454610602,0.15901651485688245,0.007671539689223572,False
6efbb1ede,CPC019_MCF7_6H:BRD-K60558220-001-01-1:10,MCF7,BRD-K60558220,SA-422830,0.17577321800378207,0.17558858040817085,0.0001846375956112145,False
6f039ecfb,DOS047_A375_24H:BRD-K68614469-001-01-4:5.01,A375,BRD-K68614469,BRD-K68614469,0.15224498210788787,0.15025249027905527,0.001992491828832599,False
6f3b29e16,CPC002_HA1E_24H:BRD-K96809896-300-01-5:10,HA1E,BRD-K96809896,SKF-86002,0.15136519693099354,0.14193945582389186,0.009425741107101676,False
6f430a5f0,LJP002_BT20_24H:BRD-K60219430-001-02-4:10,BT20,BRD-K60219430,serdemetan,0.1717685544720446,0.17028348598647203,0.0014850684855725604,False
6f4c937c6,AML001_U937_6H:BRD-K21918725:10,U937,BRD-K21918725,BRD-K21918725,0.16480510711305427,0.15731597494750177,0.007489132165552498,False
6f61ab703,CPC015_MCF7_6H:BRD-A55594068-065-03-1:10,MCF7,BRD-A55594068,vinblastine,0.15434848856007746,0.15417852977160557,0.00016995878847189672,False
6f71039b4,CPC012_A549_6H:BRD-K96403486-001-01-7:10,A549,BRD-K96403486,BRD-K96403486,0.17085504541242003,0.16255890858544675,0.008296136826973277,False
6f9d3c76f,PCLB003_HEPG2_24H:BRD-K35832492-001-02-1:1.11,HEPG2,BRD-K35832492,BRD-K35832492,0.15696744661377263,0.1568810564826698,8.63901311028148e-05,False
6fb10388c,LJP002_BT20_24H:BRD-A35869383-001-01-9:0.08,BT20,BRD-A35869383,ibrutinib,0.15875139023439355,0.15852126730482466,0.00023012292956889335,False
6fb701ca1,DOS007_VCAP_24H:BRD-K22177912-001-01-0:5.21,VCAP,BRD-K22177912,BRD-K22177912,0.16851127280510209,0.1532074633409523,0.015303809464149776,False
6fbc39c30,CPD001_PC3_24H:BRD-K39330046-001-01-5:10,PC3,BRD-K39330046,hyoscyamine,0.15269050890028768,0.14396498785420478,0.008725521046082901,False
6fbceecd4,CPC006_AGS_6H:BRD-A13122391-001-01-9:0.08,AGS,BRD-A13122391,triptolide,0.16547762337493455,0.15940927588542128,0.006068347489513265,False
6fc11b2c5,CPC006_HT29_24H:BRD-K12184916-001-03-0:0.63,HT29,BRD-K12184916,NVP-BEZ235,0.16486502642420026,0.164815299621451,4.9726802749255894e-05,False
6fc581ecc,CPC013_A549_24H:BRD-K06311439-001-01-9:10,A549,BRD-K06311439,BRD-K06311439,0.15744717008391196,0.13861700013908707,0.018830169944824893,False
6fc781f84,DOS032_MCF7_24H:BRD-K41129365-001-01-0:5.13,MCF7,BRD-K41129365,BRD-K41129365,0.16350671715351117,0.15728009580896246,0.006226621344548711,False
6fe04582f,CPC013_A549_6H:BRD-K60379529-001-01-0:10,A549,BRD-K60379529,BRD-K60379529,0.17498181544536912,0.15565872229328942,0.019323093152079696,False
6ff369788,DOS048_A549_24H:BRD-K85616320-001-01-7:5.02,A549,BRD-K85616320,BRD-K85616320,0.14967997447231046,0.14893248649643914,0.0007474879758713193,False
6ffe70383,DOS039_A549_24H:BRD-K04570341-001-01-9:5,A549,BRD-K04570341,BRD-K04570341,0.15221830834522,0.13308117351768234,0.01913713482753765,False
701fd55ef,CPC003_PC3_6H:BRD-K00824317-001-03-0:10,PC3,BRD-K00824317,fludroxycortide,0.18824697144720617,0.1866366091461492,0.0016103623010569612,False
702238187,CPC006_SKMEL1_6H:BRD-A62025033-001-01-8:10,SKMEL1,BRD-A62025033,temsirolimus,0.16865401895372606,0.16246015216548046,0.0061938667882456,False
704bbbfad,CPC005_A375_24H:BRD-K21350491-001-02-1:10,A375,BRD-K21350491,phenamil,0.14639868967709835,0.1445527095025132,0.001845980174585149,False
704cc1b51,CPC002_HCC515_6H:BRD-K25186396-001-04-7:10,HCC515,BRD-K25186396,tangeritin,0.16758593881096406,0.16243875847081402,0.005147180340150048,False
704f5c80d,CPC009_VCAP_6H:BRD-K49237419-001-03-5:10,VCAP,BRD-K49237419,KU-C103671,0.17461151308847078,0.15616330243506396,0.01844821065340682,False
705966243,CPC005_A375_6H:BRD-K53263234-001-02-9:10,A375,BRD-K53263234,CITCO,0.1561544395185289,0.13980926827382784,0.016345171244701057,False
70a8cfb4f,CPC008_HCC515_6H:BRD-K74348865-001-04-5:10,HCC515,BRD-K74348865,BRD-K74348865,0.1661812530112471,0.15185737898434787,0.01432387402689922,False
70aacd073,DOS014_VCAP_24H:BRD-K22275321-001-01-7:5.03,VCAP,BRD-K22275321,BRD-K22275321,0.1460236807487983,0.14581218563473886,0.00021149511405943455,False
70b0e57f1,CPC012_PC3_24H:BRD-K15402119-001-01-2:10,PC3,BRD-K15402119,huperzine-a,0.1509556271694,0.1494511480651109,0.0015044791042891081,False
70cd13738,DOS055_MCF7_24H:BRD-K42245756-001-01-0:5,MCF7,BRD-K42245756,BRD-K42245756,0.15624668705491462,0.14664178898761526,0.009604898067299361,False
70dab8a6b,CPC015_MCF7_6H:BRD-K93645900-001-04-8:10,MCF7,BRD-K93645900,tadalafil,0.1731203239873772,0.1635167371896084,0.009603586797768793,False
70e371c71,DOS049_MCF7_24H:BRD-K67943760-001-01-4:5,MCF7,BRD-K67943760,BRD-K67943760,0.1559250906054517,0.14431652199283823,0.011608568612613474,False
70fa76dc8,DOS032_HT29_24H:BRD-K97939101-001-01-4:4.95,HT29,BRD-K97939101,BRD-K97939101,0.16186414307723004,0.15901777880075843,0.0028463642764716135,False
711198853,DOS032_HT29_24H:BRD-K06589444-001-01-3:4.99,HT29,BRD-K06589444,BRD-K06589444,0.15357209227964355,0.1511323579352854,0.002439734344358152,False
71334a1a3,BRAF001_A375_6H:BRD-K16478699-001-05-0:0.15625,A375,BRD-K16478699,PLX-4720,0.16910250591785186,0.15748844673142748,0.011614059186424386,False
7179d2160,CPC006_SKM1_6H:BRD-K19216856-001-02-7:88.8,SKM1,BRD-K19216856,epigallocatechin,0.1519090778866016,0.14307622985561214,0.008832848030989465,False
717a8d00c,CPC012_PC3_24H:BRD-K15402119-001-01-2:10,PC3,BRD-K15402119,huperzine-a,0.1764246700179382,0.16941155833260163,0.007013111685336582,False
71985eca8,CPC019_A549_24H:BRD-K95517054-001-04-1:10,A549,BRD-K95517054,SD-6-035-A6,0.14652556287126386,0.14373556734858128,0.0027899955226825812,False
71b4d9775,CPC006_MDST8_6H:BRD-K90826279-001-03-2:20,MDST8,BRD-K90826279,BRD-K90826279,0.15825699867716092,0.14615815678687102,0.012098841890289896,False
72144a9f6,CPC007_HT29_24H:BRD-K72504866-001-07-7:10,HT29,BRD-K72504866,BRD-K72504866,0.19809034262313815,0.18583731015955102,0.012253032463587138,False
721570a19,DOS028_VCAP_6H:BRD-K46017924-001-01-6:5.04,VCAP,BRD-K46017924,BRD-K46017924,0.16428509651368162,0.14961543016284018,0.014669666350841437,False
721df760a,DOS047_MCF7_24H:BRD-K74894470-001-01-1:4.98,MCF7,BRD-K74894470,BRD-K74894470,0.17907999912539233,0.15936031840436,0.019719680721032334,False
721fbbc54,CPC010_HEPG2_6H:BRD-K81300454-001-05-1:10,HEPG2,BRD-K81300454,BRD-K81300454,0.15248114642818975,0.14908749647329206,0.0033936499548976873,False
7226e2204,DOS046_MCF7_24H:BRD-K45889441-001-01-3:5,MCF7,BRD-K45889441,BRD-K45889441,0.15653664309143195,0.14831720383070884,0.008219439260723105,False
724c0c3db,DOS050_HT29_24H:BRD-K86997406-001-01-7:5,HT29,BRD-K86997406,BRD-K86997406,0.1720297193620906,0.1420844940869163,0.029945225275174292,False
7257ff550,DOS053_A549_24H:BRD-K73680494-001-01-7:4.95,A549,BRD-K73680494,BRD-K73680494,0.1501069792910234,0.1463700350180457,0.003736944272977688,False
728d555a4,CPC008_VCAP_6H:BRD-K46017542-019-01-0:10,VCAP,BRD-K46017542,BRD-K46017542,0.16455124045230657,0.15830035234521955,0.006250888107087016,False
728eb0f63,CPC009_MCF7_6H:BRD-K13580623-001-04-0:10,MCF7,BRD-K13580623,BRD-K13580623,0.1577159773764363,0.14525793684819813,0.012458040528238179,False
729307d3a,DOS053_A375_24H:BRD-K09722997-001-01-8:5.01,A375,BRD-K09722997,BRD-K09722997,0.17519212179049187,0.16138011169832822,0.013812010092163651,False
729d0a916,DOS031_MCF7_24H:BRD-K82882781-001-01-0:5.31,MCF7,BRD-K82882781,BRD-K82882781,0.16481808939516143,0.162111404954115,0.0027066844410464364,False
729f3ce84,CPC013_A375_6H:BRD-K29622226-001-01-9:10,A375,BRD-K29622226,BRD-K29622226,0.16188903555292689,0.1530862195768619,0.008802815976064998,False
72d0488d1,CPC009_MCF7_6H:BRD-A31159102-003-23-9:10,MCF7,BRD-A31159102,fluoxetine,0.15533239564620072,0.15053785558314667,0.004794540063054048,False
72d0b6140,DOS047_MCF7_24H:BRD-K32931486-001-01-4:5,MCF7,BRD-K32931486,BRD-K32931486,0.16704183928113053,0.15817216494172867,0.008869674339401862,False
72d5b6ce3,DOS040_HT29_24H:BRD-K38011931-001-01-0:5.01,HT29,BRD-K38011931,BRD-K38011931,0.16101945780983878,0.14787467726751513,0.013144780542323653,False
72e3cc1b7,DOS046_MCF7_24H:BRD-K37127287-001-01-5:5,MCF7,BRD-K37127287,BRD-K37127287,0.14182848221373553,0.1358978637974173,0.0059306184163182285,False
72e97bc09,PCLB002_A375_24H:BRD-K59369769:0.37,A375,BRD-K59369769,tozasertib,0.16763613038744762,0.16581821052380966,0.0018179198636379679,False
72fd28b91,DOS056_A375_24H:BRD-K43433419-001-01-0:5,A375,BRD-K43433419,BRD-K43433419,0.1544025682287089,0.14834464390087532,0.006057924327833586,False
7308ef7c1,CPC012_VCAP_6H:BRD-K25070860-001-01-6:10,VCAP,BRD-K25070860,BRD-K25070860,0.1593501254478272,0.15534969855539205,0.004000426892435155,False
732f9e41f,CPC012_PHH_24H:BRD-K43069600-001-01-1:10,PHH,BRD-K43069600,BRD-K43069600,0.15670355528586374,0.14794503802331932,0.008758517262544424,False
733a149a4,CPC006_AGS_6H:BRD-K90382497-001-03-2:10,AGS,BRD-K90382497,GW-843682X,0.16075313442665842,0.15840965092774476,0.0023434834989136677,False
7343524ec,DOS059_A549_24H:BRD-K89555807-001-01-5:5,A549,BRD-K89555807,BRD-K89555807,0.17562559490848562,0.15864570085637283,0.01697989405211278,False
734bb352c,CPC003_HA1E_6H:BRD-K46469693-001-01-8:10,HA1E,BRD-K46469693,SCH-442416,0.1679416492513368,0.16394724526736418,0.003994403983972633,False
7380e6402,DOS049_HT29_24H:BRD-K69449860-001-01-9:5,HT29,BRD-K69449860,BRD-K69449860,0.15643751674512105,0.14713447950060313,0.00930303724451792,False
738854e8f,DOS027_VCAP_6H:BRD-K50052949-001-01-7:5.02,VCAP,BRD-K50052949,BRD-K50052949,0.13316539433292557,0.13145413434272055,0.0017112599902050218,False
73aa9f9ff,CPC006_SW480_6H:BRD-A67373739-001-01-4:10,SW480,BRD-A67373739,AICA-ribonucleotide,0.1674276243643471,0.15133633171019847,0.01609129265414863,False
73ab19cc6,DOS047_HT29_24H:BRD-K61284851-001-01-9:5.01,HT29,BRD-K61284851,BRD-K61284851,0.16228847605689845,0.15689247013007157,0.0053960059268268745,False
73ba9ce58,CPC006_RKO_6H:BRD-K02526760-001-01-5:10,RKO,BRD-K02526760,QS-11,0.15636694533654813,0.14897747371170053,0.007389471624847599,False
73c04bcc5,DOS049_A375_24H:BRD-K77525326-001-01-4:5,A375,BRD-K77525326,BRD-K77525326,0.1766063686398509,0.17511114080926965,0.0014952278305812583,False
73d4e3797,LJP002_MCF7_6H:BRD-K64052750-001-08-4:0.08,MCF7,BRD-K64052750,gefitinib,0.15906423257279997,0.1558736344093007,0.0031905981634992864,False
740a37a88,CPC014_NPC_24H:BRD-K42419294-001-01-0:10,NPC,BRD-K42419294,BRD-K42419294,0.15288847377251347,0.15192762058385112,0.0009608531886623473,False
74100361c,PCLB002_A375_24H:BRD-A19500257:1.11,A375,BRD-A19500257,geldanamycin,0.15500407751181272,0.15133620811511825,0.003667869396694473,False
741b796dd,CPC012_HCC515_6H:BRD-K05542495-001-01-1:10,HCC515,BRD-K05542495,BRD-K05542495,0.17381913195093812,0.1621528540292386,0.011666277921699525,False
7438ef08f,LJP001_BT20_24H:BRD-K99545815-001-02-2:2,BT20,BRD-K99545815,PF-562271,0.15238019487960058,0.15152162507301747,0.0008585698065831093,False
7446347d4,PCLB003_HCC515_24H:BRD-K01737880-001-02-2:3.33,HCC515,BRD-K01737880,BRD-K01737880,0.1621674284404673,0.15942951803780653,0.002737910402660776,False
7448e44d7,DOS005_VCAP_24H:BRD-K48840041-001-01-7:5.03,VCAP,BRD-K48840041,BRD-K48840041,0.1396655138588748,0.13232154087767528,0.007343972981199515,False
74515bfd2,DOS055_MCF7_24H:BRD-K24193032-001-01-0:5,MCF7,BRD-K24193032,BRD-K24193032,0.1503011654475469,0.1429494030998572,0.007351762347689694,False
745a54458,DOS034_A375_24H:BRD-K76318793-001-01-9:5.01,A375,BRD-K76318793,BRD-K76318793,0.16505888184339346,0.15560340794630104,0.00945547389709242,False
746ca1f5a,CPC006_MDST8_6H:BRD-K88544581-001-03-8:80,MDST8,BRD-K88544581,CI-976,0.15970758416982025,0.15248127557990393,0.007226308589916325,False
7473b8828,CPC010_A375_6H:BRD-A01973626-001-02-4:10,A375,BRD-A01973626,BRD-A01973626,0.17173841983496763,0.16315334757553454,0.008585072259433085,False
74741b81b,DOS056_PC3_24H:BRD-K59765229-001-01-6:5,PC3,BRD-K59765229,BRD-K59765229,0.16328761245488366,0.16266538328689167,0.0006222291679919834,False
747ebe00d,DOSBIO001_HT29_24H:BRD-A19500257:3.33333,HT29,BRD-A19500257,geldanamycin,0.14996564049738043,0.1367798055155509,0.013185834981829514,False
74815f7b1,DOSBIO002_NPC_24H:BRD-K48527688:10.0287,NPC,BRD-K48527688,BRD-K48527688,0.16940401860568444,0.16797338765233855,0.0014306309533458905,False
749a17b48,DOS039_A549_24H:BRD-K97481912-001-01-6:5.07,A549,BRD-K97481912,BRD-K97481912,0.15062350509034766,0.14800004565603242,0.002623459434315245,False
74b133579,CPC006_SKMEL28_6H:BRD-A12409803-001-01-3:40,SKMEL28,BRD-A12409803,orteronel,0.15636991790240834,0.14886215596059663,0.007507761941811714,False
74b575fae,CPC002_HA1E_6H:BRD-K90524085-001-06-0:10,HA1E,BRD-K90524085,MY-5445,0.15013163883578773,0.14969019494648694,0.0004414438893007855,False
74c493e03,DOS055_MCF7_24H:BRD-K51475868-001-01-6:5,MCF7,BRD-K51475868,BRD-K51475868,0.16632811535910555,0.15470434087523321,0.011623774483872334,False
74cb9b3b4,CPC006_WSUDLCL2_6H:BRD-K74236984-001-01-4:10,WSUDLCL2,BRD-K74236984,UNC-0321,0.16265934198159213,0.16169869529339637,0.0009606466881957598,False
74e15b46d,DOS018_VCAP_24H:BRD-K63428678-001-01-1:5,VCAP,BRD-K63428678,BRD-K63428678,0.16114639192822075,0.16048989256143165,0.0006564993667891039,False
74f7ce505,DOS015_VCAP_24H:BRD-K08995626-001-01-0:5.05,VCAP,BRD-K08995626,BRD-K08995626,0.15720083412245878,0.15610596419932268,0.0010948699231360937,False
74fed7806,CPC012_PC3_24H:BRD-K22129929-001-03-8:10,PC3,BRD-K22129929,BRD-K22129929,0.15645272892835255,0.14827650174364648,0.008176227184706064,False
750267f42,CPC018_PHH_24H:BRD-K50398167-236-12-8:10,PHH,BRD-K50398167,meclofenamic-acid,0.1690170348045434,0.1604225423785754,0.008594492425967992,False
753459341,RAD001_MCF7_24H:BRD-K27305650-001-10-9:0.0412,MCF7,BRD-K27305650,LY-294002,0.16404414192798578,0.1589318537367009,0.0051122881912848694,False
753b4a983,DOS039_A375_24H:BRD-K25560306-001-01-8:5.05,A375,BRD-K25560306,BRD-K25560306,0.16376533759531978,0.1508139087738083,0.012951428821511485,False
754486b37,LJP002_MCF7_6H:BRD-K49865102-001-04-3:0.4,MCF7,BRD-K49865102,PD-0325901,0.16420881667427586,0.15611800376803425,0.008090812906241612,False
755b7d1c4,NMH002_NEU_24H:BRD-K26521938-001-06-4:10,NEU,BRD-K26521938,dinoprostone,0.14746860607691153,0.1405788886408502,0.006889717436061343,False
755d4d0c1,DOS059_A549_24H:BRD-K94017308-001-01-3:5,A549,BRD-K94017308,BRD-K94017308,0.1520893324197033,0.1515735919831399,0.0005157404365633833,False
7574c566b,CPC009_HEPG2_6H:BRD-K10114046-001-01-6:10,HEPG2,BRD-K10114046,BRD-K10114046,0.16092659159992642,0.1513667129696832,0.009559878630243213,False
75794d149,DOS001_VCAP_24H:BRD-K14875361-001-01-5:4.9,VCAP,BRD-K14875361,BRD-K14875361,0.17010000189518526,0.16010248023908885,0.009997521656096409,False
758c4ac3d,ERG014_PC3_6H:BRD-K38181288-019-01-2:10.0558,PC3,BRD-K38181288,BRD-K38181288,0.15337676423929972,0.14928863174266935,0.00408813249663037,False
7598f853b,CPC006_SW480_6H:BRD-K32536677-001-01-0:10,SW480,BRD-K32536677,AGK-2,0.15132118697152358,0.14835761497439937,0.0029635719971242147,False
75a377dac,DOS026_VCAP_6H:BRD-K93487374-001-01-8:5.04,VCAP,BRD-K93487374,BRD-K93487374,0.14670294003386997,0.14553113414826957,0.0011718058856003966,False
75a812849,DOS058_PC3_24H:BRD-K50383095-019-01-0:5,PC3,BRD-K50383095,BRD-K50383095,0.15487716645333827,0.15434621215910693,0.0005309542942313339,False
75ad700d0,MUC.CP004_MCF7_6H:BRD-K59024795-001-01-2:3.171,MCF7,BRD-K59024795,SA-244466,0.16063692545434327,0.15353151031491732,0.007105415139425947,False
75c40f416,CPC009_A375_6H:BRD-K73285375-001-01-9:10,A375,BRD-K73285375,BRD-K73285375,0.17301042313161916,0.16444819016426213,0.00856223296735703,False
75e710812,DOS058_A375_24H:BRD-K60474245-019-01-4:5,A375,BRD-K60474245,BRD-K60474245,0.1444882104377997,0.13615707958966708,0.008331130848132612,False
75e7d9739,DOS060_HT29_24H:BRD-K88955481-001-01-1:5,HT29,BRD-K88955481,BRD-K88955481,0.14795572098441748,0.14503149879210775,0.002924222192309728,False
7614ec763,DOS033_A549_24H:BRD-K52043480-001-01-9:4.96,A549,BRD-K52043480,SA-425929,0.1639626207673223,0.16175049247852719,0.0022121282887951066,False
7671d43c1,CPC018_ASC_24H:BRD-K74534237-003-01-3:10,ASC,BRD-K74534237,BRD-K74534237,0.15643629899865774,0.15636280069850877,7.349830014896641e-05,False
768504c20,CPC006_HCC15_6H:BRD-K32536677-001-01-0:10,HCC15,BRD-K32536677,AGK-2,0.15502634044290367,0.14957783037919986,0.00544851006370381,False
768d09287,CPC006_H1299_6H:BRD-K50590187-001-10-8:160,H1299,BRD-K50590187,capsaicin,0.18679792929465863,0.17399440134331753,0.012803527951341098,False
76bc915f1,DOSBIO002_HT29_24H:BRD-K98624380:10.1901,HT29,BRD-K98624380,BRD-K98624380,0.1459726485350319,0.14522946625376254,0.00074318228126935,False
76c231fa8,LJP002_MDAMB231_24H:BRD-K93788137-001-01-7:0.4,MDAMB231,BRD-K93788137,PF-431396,0.15614055341227367,0.15394938677453504,0.002191166637738634,False
76dacfd7a,ERG011_VCAP_24H:BRD-A75409952-001-01-6:2,VCAP,BRD-A75409952,wortmannin,0.14995175579340264,0.14383809950004808,0.006113656293354558,False
7722c4309,CPC012_PC3_24H:BRD-K85123403-001-01-4:10,PC3,BRD-K85123403,BRD-K85123403,0.15907710485940513,0.14767615273931978,0.01140095212008535,False
7732c1687,CVD001_HEPG2_6H:BRD-K19914944-001-01-3:9.9013,HEPG2,BRD-K19914944,BRD-K19914944,0.15830908222611415,0.139071760734091,0.019237321492023146,False
779b92f1c,CPC011_A549_6H:BRD-K59456551-002-15-8:10,A549,BRD-K59456551,methotrexate,0.1500704242293619,0.14769804839044876,0.0023723758389131433,False
77be6d446,DOSBIO001_A375_24H:BRD-A19500257:0.37037,A375,BRD-A19500257,geldanamycin,0.17539881499643362,0.174669852842527,0.0007289621539066093,False
77ca07d42,CPC006_THP1_6H:BRD-A41451487-001-06-2:160,THP1,BRD-A41451487,PK-11195,0.15280362686976562,0.14936632819283818,0.003437298676927436,False
77cb724f6,CPC014_A549_6H:BRD-A52886023-001-01-7:10,A549,BRD-A52886023,antimycin-a,0.1552643789800925,0.15202096133958506,0.0032434176405074233,False
77dffceee,PCLB001_A549_24H:BRD-K55896799-001-02-1:0.63,A549,BRD-K55896799,BRD-K55896799,0.16942935784580174,0.16030729149287576,0.009122066352925978,False
77e03202d,CPC010_A375_6H:BRD-K38985961-001-08-3:10,A375,BRD-K38985961,T-5345967,0.14939987987662828,0.14730614888653343,0.0020937309900948553,False
780f7e833,DOS053_A549_24H:BRD-K13807179-001-01-1:4.86,A549,BRD-K13807179,BRD-K13807179,0.14580583259862573,0.14509271598905077,0.0007131166095749597,False
7853dec9b,CPC006_VCAP_6H:BRD-K76703230-001-01-3:0.31,VCAP,BRD-K76703230,YM-155,0.15390651657636714,0.1488645385534922,0.0050419780228749544,False
786d83020,CPC014_NEU_24H:BRD-K71035033-001-01-4:10,NEU,BRD-K71035033,masitinib,0.17278862142902446,0.162905104435978,0.00988351699304646,False
78a9ee6c5,CPC019_A549_6H:BRD-K94137285-001-02-4:10,A549,BRD-K94137285,JPR-3-97-17,0.18253955269383415,0.1574807178786886,0.025058834815145564,False
78bb32811,CPC006_RKO_6H:BRD-K66792149-001-01-8:11.1,RKO,BRD-K66792149,quinoclamine,0.15675661251304435,0.1451539716579604,0.011602640855083945,False
78db88217,DOS047_A375_24H:BRD-K12365616-001-01-2:4.98,A375,BRD-K12365616,BRD-K12365616,0.1473150616970455,0.1438670213884351,0.0034480403086104006,False
7902ac373,DOS058_A375_24H:BRD-K02577117-019-01-0:5,A375,BRD-K02577117,BRD-K02577117,0.16041815337118168,0.14899982685629784,0.011418326514883836,False
796f6988f,CVD001_HUH7_24H:BRD-K41431477-001-05-6:10,HUH7,BRD-K41431477,A-23187,0.15718630979966194,0.15269916847225695,0.004487141327404992,False
7980a0266,NMH001_FIBRNPC_6H:BRD-K03608458-001-01-7:10,FIBRNPC,BRD-K03608458,BRD-K03608458,0.1663508399104095,0.15660377857785163,0.009747061332557871,False
798bc9f3c,CPC013_NEU_24H:BRD-K14791739-001-01-9:10,NEU,BRD-K14791739,fluticasone,0.17710087590543153,0.13790293581732893,0.039197940088102595,False
79a051ccd,CPC009_PC3_6H:BRD-A98444709-001-04-6:10,PC3,BRD-A98444709,BRD-A98444709,0.1561468521016658,0.15191738618536438,0.0042294659163014114,False
79e6b524a,CPC008_HEPG2_6H:BRD-K97516968-001-01-2:10,HEPG2,BRD-K97516968,VU-0418000-1,0.16145873857273652,0.15846301194702783,0.0029957266257086834,False
79f6039a3,AML001_HL60_6H:BRD-K27316855:0.37037,HL60,BRD-K27316855,calcitriol,0.151820238018894,0.1421785553387593,0.009641682680134683,False
79f6667af,CPC020_VCAP_6H:BRD-K72903603-001-20-2:10,VCAP,BRD-K72903603,zidovudine,0.15747093723444508,0.15722538112945622,0.0002455561049888588,False
79fdea83b,DOS004_VCAP_6H:BRD-K46658587-001-01-5:5,VCAP,BRD-K46658587,BRD-K46658587,0.1736767015030824,0.17097773348461143,0.002698968018470971,False
7a070033e,CPC002_PC3_24H:BRD-K15567136-003-18-1:10,PC3,BRD-K15567136,papaverine,0.1671463416844266,0.16166484557728505,0.005481496107141548,False
7a07c9d00,DOS057_A549_24H:BRD-K38451408-001-01-2:5,A549,BRD-K38451408,BRD-K38451408,0.171735006089437,0.1688083210412567,0.0029266850481803053,False
7a0e28a9a,DOS042_A549_24H:BRD-K02125996-001-01-2:5.01,A549,BRD-K02125996,BRD-K02125996,0.17448942076001028,0.17240764440737175,0.002081776352638537,False
7a138daac,CPC018_HEPG2_6H:BRD-K67847053-015-08-8:10,HEPG2,BRD-K67847053,guanabenz,0.17079703659270942,0.16706512700770645,0.003731909585002968,False
7a1707c50,DOS036_A549_24H:BRD-K55035262-001-01-6:4.91,A549,BRD-K55035262,BRD-K55035262,0.14783383166342995,0.13986641355940727,0.007967418104022683,False
7a2ea4684,DOS039_A549_24H:BRD-K16619158-001-01-2:4.86,A549,BRD-K16619158,BRD-K16619158,0.1570814458296247,0.14724302859007463,0.009838417239550062,False
7a6d4cd33,DOS050_HT29_24H:BRD-K44833108-001-01-6:5,HT29,BRD-K44833108,BRD-K44833108,0.14795155731329246,0.14363060921176302,0.004320948101529443,False
7a76c7f4e,DOS022_VCAP_24H:BRD-K19194092-004-02-4:5.02,VCAP,BRD-K19194092,BRD-K19194092,0.16778234738526732,0.15863330614310173,0.00914904124216559,False
7aaaab610,CPD001_PC3_24H:BRD-K79711234-001-13-4:10,PC3,BRD-K79711234,thiamphenicol,0.1431327057249911,0.13923541030364128,0.0038972954213498112,False
7ab43c75d,CPC002_HCC515_24H:BRD-K36638830-001-02-2:10,HCC515,BRD-K36638830,anabasine,0.17572613569045553,0.163167657986677,0.01255847770377852,False
7ac150280,DOS031_PC3_24H:BRD-K02315366-001-01-1:5.12,PC3,BRD-K02315366,BRD-K02315366,0.15854551087586277,0.13747246347791423,0.021073047397948547,False
7ace6b8cc,LJP002_BT20_6H:BRD-K70401845-001-04-1:2,BT20,BRD-K70401845,erlotinib,0.1639272506238476,0.16310870662418314,0.0008185439996644672,False
7ad9cd84c,DOS040_A375_24H:BRD-K22694382-001-01-5:5.05,A375,BRD-K22694382,BRD-K22694382,0.15238095873021337,0.15170314066099475,0.0006778180692186275,False
7af133847,CPC009_HEPG2_6H:BRD-A17718497-001-03-9:10,HEPG2,BRD-A17718497,BRD-A17718497,0.1526107229144082,0.14469866569057313,0.007912057223835062,False
7b083704c,DOS055_PC3_24H:BRD-K68948289-001-01-4:5,PC3,BRD-K68948289,BRD-K68948289,0.15917992469313674,0.1542141238692542,0.004965800823882538,False
7b09d1e5b,CPC011_PC3_24H:BRD-A60197193-001-09-6:10,PC3,BRD-A60197193,amisulpride,0.18739880163422382,0.16021044834236067,0.027188353291863143,False
7b1433399,CPC016_NEU_24H:BRD-K83508485-001-01-9:10,NEU,BRD-K83508485,FK-888,0.15820365193448507,0.15621781753358543,0.0019858344008996387,False
7b1ac15fc,CPC019_PC3_6H:BRD-K47808476-001-01-9:10,PC3,BRD-K47808476,BRD-K47808476,0.16804126550392928,0.16701856718763894,0.0010226983162903436,False
7b847b297,HOG001_MCF7_6H:BRD-A36630025-001-02-6:3.7,MCF7,BRD-A36630025,SN-38,0.16309569670249535,0.15610830461233544,0.006987392090159916,False
7b879f902,CPC002_HCC515_6H:BRD-K90789829-003-03-3:10,HCC515,BRD-K90789829,nefazodone,0.16498388596505015,0.16007914620184296,0.004904739763207183,False
7bb287e49,DOS001_VCAP_24H:BRD-K82899116-001-02-8:4.99,VCAP,BRD-K82899116,BRD-K82899116,0.15339194797786349,0.1479307337104548,0.005461214267408698,False
7bbbd342b,CPC015_MCF7_6H:BRD-K93645900-001-04-8:10,MCF7,BRD-K93645900,tadalafil,0.1358676442103821,0.13275421938976514,0.003113424820616967,False
7bc92037a,DOS044_A375_24H:BRD-K12880737-001-02-2:5.01,A375,BRD-K12880737,BRD-K12880737,0.1623619794282939,0.15605426593446547,0.006307713493828415,False
7bd284b37,CPD001_MCF7_6H:BRD-K07208025-001-22-2:10,MCF7,BRD-K07208025,trimethoprim,0.1827230394241673,0.18011893446351904,0.0026041049606482514,False
7bd9a5c7d,CPC012_HA1E_6H:BRD-K87573634-001-01-9:10,HA1E,BRD-K87573634,propylpyrazole,0.15923805959967302,0.15807780848134942,0.001160251118323602,False
7c161c5dd,DOS039_A549_24H:BRD-K61963347-001-01-0:4.98,A549,BRD-K61963347,BRD-K61963347,0.17291957138828365,0.158098693454314,0.014820877933969662,False
7c1e00d49,DOS039_A549_24H:BRD-K92441219-001-01-5:4.88,A549,BRD-K92441219,BRD-K92441219,0.1827093108426824,0.16069665113173712,0.022012659710945293,False
7c267cb0b,CPC012_A549_24H:BRD-K56596360-001-01-7:10,A549,BRD-K56596360,BRD-K56596360,0.15962138863511835,0.158234845736603,0.001386542898515336,False
7c2933be3,CPC006_HT29_6H:BRD-K45446451-001-01-9:11.1,HT29,BRD-K45446451,JZL-184,0.15500413631869908,0.14493786421797827,0.010066272100720808,False
7c4c06bbb,CPD001_PC3_24H:BRD-K79711234-001-13-4:10,PC3,BRD-K79711234,thiamphenicol,0.16178306379398577,0.15121221501178095,0.010570848782204822,False
7c7d76192,CPC003_VCAP_24H:BRD-A49765801-001-03-3:10,VCAP,BRD-A49765801,fludroxycortide,0.16619692247335904,0.15925531628969108,0.006941606183667959,False
7c89877e6,CPC001_HA1E_6H:BRD-K87696786-003-01-0:10,HA1E,BRD-K87696786,LY-456236,0.1643525611664345,0.15502793239219814,0.009324628774236371,False
7c953c949,DOS052_MCF7_24H:BRD-K93339435-001-02-6:5.01,MCF7,BRD-K93339435,BRD-K93339435,0.1585884959723922,0.15627737377160547,0.0023111222007867194,False
7ca67f83d,DOS033_MCF7_24H:BRD-K38373457-001-01-8:4.97,MCF7,BRD-K38373457,BRD-K38373457,0.1565641759418854,0.14846247534966867,0.008101700592216737,False
7cbed3131,DOS039_A549_24H:BRD-K06688693-001-01-1:5.16,A549,BRD-K06688693,BRD-K06688693,0.1669723608911517,0.16207456751219393,0.0048977933789577655,False
7cc7db893,PCLB001_U266_6H:BRD-K37417543-001-01-0:0.16,U266,BRD-K37417543,MW-SHH-28,0.17894030353115914,0.17062786512418782,0.008312438406971323,False
7cc96121b,LJP002_HS578T_6H:BRD-K71035033-001-03-0:0.08,HS578T,BRD-K71035033,masitinib,0.1666360023149747,0.16318258152172327,0.0034534207932514216,False
7ce446967,CPC017_MCF7_6H:BRD-K72166146-066-03-9:10,MCF7,BRD-K72166146,dihydroergotamine,0.1471662690189469,0.1437417090120383,0.003424560006908578,False
7cf4a548c,DOS016_VCAP_6H:BRD-K43820987-001-01-0:5.12,VCAP,BRD-K43820987,BRD-K43820987,0.16335813916703062,0.150614594520469,0.012743544646561633,False
7cfd07b12,DOS040_HT29_24H:BRD-K37752193-001-01-3:4.99,HT29,BRD-K37752193,BRD-K37752193,0.15720511589900182,0.1539423602292775,0.0032627556697243376,False
7d0245dc1,CPC006_VCAP_24H:BRD-K40853697-001-04-9:160,VCAP,BRD-K40853697,STAT3-inhibitor-VI,0.18308230857826516,0.15112970375677232,0.03195260482149284,False
7d1cf068f,CPC012_MCF7_6H:BRD-K98064019-001-01-1:10,MCF7,BRD-K98064019,BRD-K98064019,0.15061933489645501,0.1454942421015147,0.005125092794940306,False
7d1d72083,CPC016_NEU_24H:BRD-K83508485-001-01-9:10,NEU,BRD-K83508485,FK-888,0.17054262400042675,0.15879077598155047,0.01175184801887627,False
7d2c7255a,CPC018_NPC_24H:BRD-A02006392-001-09-9:10,NPC,BRD-A02006392,nitrendipine,0.1600551314117265,0.1579198548439888,0.0021352765677377095,False
7d4f1aa23,CPC014_VCAP_6H:BRD-K13087974-001-01-7:10,VCAP,BRD-K13087974,CGP-52411,0.17539843068628694,0.15648372844155736,0.018914702244729575,False
7d50d31a6,NMH001_NEU_24H:BRD-K23986500-001-01-1:10,NEU,BRD-K23986500,BRD-K23986500,0.15115042357693112,0.1484176241318928,0.0027327994450383197,False
7d5dafb2e,PCLB002_HT29_24H:BRD-K18910433:3.33,HT29,BRD-K18910433,estradiol,0.16303712876193777,0.13714089611131977,0.025896232650617995,False
7d62df717,DOSBIO001_A375_24H:BRD-K51633576:9.87234,A375,BRD-K51633576,BRD-K51633576,0.16526852246594564,0.16351131662209564,0.0017572058438500016,False
7d6e641dd,DOS024_VCAP_24H:BRD-K18918854-001-01-3:5.02,VCAP,BRD-K18918854,BRD-K18918854,0.161229308500067,0.15672662965218476,0.004502678847882247,False
7d70427d6,CPC001_PC3_24H:BRD-K14200658-001-02-6:10,PC3,BRD-K14200658,syrosingopine,0.16789166843749845,0.16467451422223478,0.003217154215263668,False
7da2a5fff,DOS027_VCAP_24H:BRD-K16425314-001-01-5:5.06,VCAP,BRD-K16425314,BRD-K16425314,0.18571496802145843,0.16633089776066368,0.01938407026079475,False
7db360ff6,CPC013_A375_6H:BRD-K36264978-001-01-1:10,A375,BRD-K36264978,KM-03439,0.17405692509118048,0.15259701213884402,0.021459912952336457,False
7dd085cdb,CPC014_HCC515_6H:BRD-K64935403-001-01-6:10,HCC515,BRD-K64935403,ebelactone-b,0.16296521237225178,0.16243016921084852,0.0005350431614032647,False
7de65c4e8,CPC006_A673_6H:BRD-K38985961-001-06-7:160,A673,BRD-K38985961,T-5345967,0.16356961549496424,0.15338091033207915,0.010188705162885087,False
7df080041,CPC006_NCIH1694_6H:BRD-K05653692-003-04-7:64,NCIH1694,BRD-K05653692,DL-PDMP,0.15542605089975875,0.15094363507028208,0.004482415829476671,False
7e33f1ac7,CPC012_HA1E_6H:BRD-K64058329-001-01-8:10,HA1E,BRD-K64058329,BRD-K64058329,0.1645738596279956,0.1581271928380015,0.006446666789994088,False
7e569a33a,DOS043_HT29_24H:BRD-K27887926-001-01-3:5,HT29,BRD-K27887926,BRD-K27887926,0.15614159654033674,0.15151344469000408,0.004628151850332662,False
7e5ccc730,DOS055_MCF7_24H:BRD-K69261014-001-01-3:5,MCF7,BRD-K69261014,BRD-K69261014,0.17914267038131937,0.17701554933197486,0.0021271210493445103,False
7e6b66a8f,CPC007_VCAP_6H:BRD-A69470004-019-04-0:10,VCAP,BRD-A69470004,BRD-A69470004,0.13818862648738814,0.13650456502217906,0.0016840614652090802,False
7e6ba019e,DOS049_HT29_24H:BRD-K84421421-001-01-1:5,HT29,BRD-K84421421,BRD-K84421421,0.14633778220294058,0.14397174187440498,0.0023660403285356013,False
7e6c6393b,DOS056_A549_24H:BRD-K73329392-001-01-4:5,A549,BRD-K73329392,BRD-K73329392,0.16997251294225382,0.16914284141248653,0.0008296715297672896,False
7e6d15fce,CPD002_MCF7_6H:BRD-K25224017-001-19-3:10,MCF7,BRD-K25224017,pirenperone,0.15852124890910604,0.1557876686152807,0.0027335802938253384,False
7e7cf6909,DOS011_VCAP_24H:BRD-K62975098-001-01-4:5.01,VCAP,BRD-K62975098,BRD-K62975098,0.1596115957057938,0.15480654470299227,0.004805051002801541,False
7e7dfcf43,CPC006_NCIH1694_6H:BRD-K71799778-001-03-0:80,NCIH1694,BRD-K71799778,BML-259,0.16737008776251316,0.15765607634078865,0.009714011421724511,False
7ea17588b,CPC010_HEPG2_6H:BRD-K92754162-001-03-4:10,HEPG2,BRD-K92754162,BRD-K92754162,0.1603176778408683,0.15634848816156088,0.003969189679307428,False
7ec99cbab,CPC004_HEPG2_6H:BRD-K46937689-001-08-5:10,HEPG2,BRD-K46937689,phenazone,0.1557971147948742,0.15389810823288683,0.001899006561987382,False
7edefa710,CPC019_MCF7_6H:BRD-A71707563-001-07-5:10,MCF7,BRD-A71707563,BRD-A71707563,0.18530660896193502,0.1823796952178213,0.0029269137441137183,False
7ee8a40af,PCLB003_HEPG2_24H:BRD-K24576554-001-01-4:10,HEPG2,BRD-K24576554,AT-9283,0.16313454730675597,0.15206904966026907,0.0110654976464869,False
7eebca46e,DOS052_MCF7_24H:BRD-K35081088-001-01-7:4.99,MCF7,BRD-K35081088,BRD-K35081088,0.1415881583997543,0.14024958885871483,0.001338569541039475,False
7f0a7be43,LJP002_MDAMB231_6H:BRD-K53281329-001-01-9:0.4,MDAMB231,BRD-K53281329,SYK-inhibitor,0.1548556807715404,0.15426109349772826,0.0005945872738121472,False
7f3196674,CPC018_NPC_24H:BRD-K72895815-001-01-4:10,NPC,BRD-K72895815,SSR-69071,0.16371809187781272,0.16340503782817709,0.000313054049635636,False
7f69271a1,CPC018_PHH_24H:BRD-A70461345-003-03-0:10,PHH,BRD-A70461345,naloxone,0.1387592981542901,0.13855344694225996,0.00020585121203015033,False
7f857ca56,CPC011_PC3_6H:BRD-K41903098-003-07-5:10,PC3,BRD-K41903098,diphenoxylate,0.15414859556084176,0.14926407947496612,0.004884516085875645,False
7f8f99f1b,DOS056_A375_24H:BRD-K43433419-001-01-0:5,A375,BRD-K43433419,BRD-K43433419,0.1299143708503542,0.12643583488940324,0.0034785359609509625,False
7f9222ded,DOSBIO001_MCF7_24H:BRD-K27305650:10,MCF7,BRD-K27305650,LY-294002,0.1744421087718852,0.17324900895731166,0.0011930998145735505,False
7f9529b0b,CPC002_HA1E_6H:BRD-A58157837-034-01-4:10,HA1E,BRD-A58157837,butabindide,0.16173011644422555,0.15195224358466747,0.009777872859558084,False
7fbcc1553,CPC013_A549_24H:BRD-K90697054-001-01-2:10,A549,BRD-K90697054,BRD-K90697054,0.18085643179783717,0.16368575103875285,0.017170680759084317,False
7fed85986,CPD003_MCF7_24H:BRD-A40639672-234-12-3:10,MCF7,BRD-A40639672,ketorolac,0.15171637478588995,0.13971752795539227,0.011998846830497678,False
7ffeb0a9d,DOS057_HT29_24H:BRD-K09335206-001-01-6:5,HT29,BRD-K09335206,BRD-K09335206,0.17555723151562683,0.16424315359482178,0.011314077920805049,False
800b01522,ERG015_PC3_24H:BRD-K46674611-001-01-2:10.0298,PC3,BRD-K46674611,BRD-K46674611,0.17213462566559978,0.1678048703484905,0.004329755317109274,False
80100f7b3,ERG011_VCAP_24H:BRD-K72430479-001-01-7:10.045,VCAP,BRD-K72430479,BRD-K72430479,0.16332980414838885,0.15262896344632082,0.010700840702068032,False
803f6dd3b,MUC.CP004_MCF7_6H:BRD-K02764365-001-05-2:10,MCF7,BRD-K02764365,methiazole,0.18516275035563112,0.17457485314678242,0.010587897208848701,False
80520276a,CPC014_NEU_24H:BRD-K73838513-003-01-4:10,NEU,BRD-K73838513,cinacalcet,0.16071159712160096,0.159103721050528,0.0016078760710729612,False
807e10282,CPC006_COV644_6H:BRD-K90826279-001-03-2:20,COV644,BRD-K90826279,BRD-K90826279,0.14416260239962858,0.14061605570277014,0.0035465466968584436,False
808cb9eea,DOS053_A549_24H:BRD-K12980773-001-01-7:5,A549,BRD-K12980773,BRD-K12980773,0.17194228552969032,0.1639179463298904,0.008024339199799918,False
809527b9d,DOS012_VCAP_6H:BRD-K10682047-001-01-1:5.07,VCAP,BRD-K10682047,BRD-K10682047,0.15742752023738618,0.14685018151145443,0.01057733872593175,False
80a578224,CPC004_MCF7_6H:BRD-K86301799-001-19-9:10,MCF7,BRD-K86301799,dipyridamole,0.17261233709972995,0.16181698465475527,0.010795352444974676,False
80a5b5346,PCLB003_HT29_24H:BRD-K10436544-001-01-0:1.11,HT29,BRD-K10436544,BRD-K10436544,0.177172903911127,0.16866085580260243,0.008512048108524572,False
80b7b6afe,CPC013_HEPG2_6H:BRD-K63350243-001-01-3:10,HEPG2,BRD-K63350243,BRD-K63350243,0.16917254991513508,0.16864642837718888,0.0005261215379462059,False
80ceedc56,DOS050_MCF7_24H:BRD-K65716211-001-01-1:5,MCF7,BRD-K65716211,BRD-K65716211,0.14496079844916282,0.1393593758631651,0.005601422585997717,False
80d55b957,DOS020_VCAP_24H:BRD-K17525686-001-01-1:5.31,VCAP,BRD-K17525686,BRD-K17525686,0.1526933100500107,0.1517090943152476,0.0009842157347630942,False
80dbae6e2,CPC007_A549_6H:BRD-A84280790-001-05-7:10,A549,BRD-A84280790,BRD-A84280790,0.16658342265691298,0.14868285929612662,0.017900563360786353,False
80e2dfe4e,DOS052_A375_24H:BRD-K83980681-001-02-0:5,A375,BRD-K83980681,BRD-K83980681,0.15513833385152082,0.1534080749622821,0.0017302588892387227,False
80ea3c823,RAD001_PC3_24H:BRD-K32107296-001-04-5:1.1111,PC3,BRD-K32107296,temozolomide,0.15143493022954618,0.14860887396614617,0.0028260562634000175,False
80f09571d,CPC006_NCIH2073_6H:BRD-K92301463-001-03-0:10,NCIH2073,BRD-K92301463,"16,16-dimethylprostaglandin-e2",0.15968356564669378,0.15018647125926243,0.009497094387431348,False
810e91529,CPC006_U937_6H:BRD-K47983010-001-02-1:10,U937,BRD-K47983010,BX-795,0.1466546490792795,0.1440448606531854,0.0026097884260941062,False
81125af64,DOS056_MCF7_24H:BRD-K07385663-001-01-9:5,MCF7,BRD-K07385663,BRD-K07385663,0.17494948082828707,0.17055326130990528,0.004396219518381789,False
814afd3ab,DOS001_VCAP_24H:BRD-K10055851-001-01-5:5.06,VCAP,BRD-K10055851,BRD-K10055851,0.15309600515766064,0.15246040940432046,0.0006355957533401846,False
816767bf6,CPC006_SW620_6H:BRD-K91623615-001-01-9:10,SW620,BRD-K91623615,ABT-751,0.17134320895323304,0.15662967787918386,0.014713531074049185,False
816b84388,CPC014_NEU_24H:BRD-K33572481-001-01-0:10,NEU,BRD-K33572481,taurodeoxycholic-acid,0.1573940915903522,0.1489240355506018,0.008470056039750401,False
81756e31a,DOS043_A375_24H:BRD-K37434447-001-01-2:4.88,A375,BRD-K37434447,BRD-K37434447,0.1870004135227222,0.1763859225249273,0.010614490997794906,False
81818cf39,CPC002_VCAP_6H:BRD-K37289225-001-19-0:10,VCAP,BRD-K37289225,clozapine,0.15303367319378194,0.15276725109299616,0.00026642210078578477,False
81828c953,LJP002_BT20_24H:BRD-K12343256-001-01-4:0.4,BT20,BRD-K12343256,trametinib,0.1478711702452641,0.14638284817804526,0.0014883220672188557,False
818fb35d2,CPC006_T3M10_6H:BRD-K26657438-001-01-2:10,T3M10,BRD-K26657438,imiquimod,0.1545845018410554,0.15221593529015487,0.002368566550900536,False
819e196f2,CPC020_HCC515_6H:BRD-K11759662-001-01-0:10,HCC515,BRD-K11759662,BRD-K11759662,0.16298915490946353,0.1619588193388971,0.0010303355705664208,False
81a463c0a,DOS056_A375_24H:BRD-K57181059-001-01-3:5,A375,BRD-K57181059,BRD-K57181059,0.15569685618802426,0.15516950961260756,0.0005273465754166984,False
81be51c8c,DOS054_MCF7_24H:BRD-K82276852-001-01-9:5,MCF7,BRD-K82276852,BRD-K82276852,0.185213486863749,0.16098007934010325,0.02423340752364575,False
81bf9fb8c,CPC012_NPC_24H:BRD-K11758216-001-01-3:10,NPC,BRD-K11758216,RAN-03,0.14899729837120945,0.14229217742518466,0.006705120946024795,False
81c2e7617,DOS034_A375_24H:BRD-K68455755-001-01-5:5.01,A375,BRD-K68455755,BRD-K68455755,0.15541323772625515,0.15299257354410692,0.00242066418214823,False
81caec2ee,DOS049_MCF7_24H:BRD-K62999057-001-01-3:5,MCF7,BRD-K62999057,BRD-K62999057,0.167380255131539,0.15631439031136815,0.011065864820170856,False
81ef43f78,CPC006_HT115_6H:BRD-A20131130-001-01-7:10,HT115,BRD-A20131130,"2',5'-dideoxyadenosine",0.1490386891273029,0.1466219057904513,0.00241678333685158,False
81f42b0c0,CPC018_A549_6H:BRD-K03642198-300-01-7:10,A549,BRD-K03642198,AY-9944,0.155987508673666,0.14986432927097887,0.00612317940268714,False
82059df86,CPC014_PHH_24H:BRD-K84639753-066-01-9:10,PHH,BRD-K84639753,safinamide,0.18328550351959844,0.1596076173934934,0.023677886126105024,False
821dc7eeb,DOSBIO002_A375_24H:BRD-K27305650:1.11111,A375,BRD-K27305650,LY-294002,0.1705466898448649,0.1582004323521491,0.012346257492715812,False
8229f1030,CPC013_A375_6H:BRD-K55991774-001-01-1:10,A375,BRD-K55991774,BAS-09104376,0.14918568199253152,0.1434803739933026,0.005705307999228915,False
8235a227e,DOS008_VCAP_6H:BRD-K22743786-001-01-2:5.03,VCAP,BRD-K22743786,BRD-K22743786,0.15596267181502196,0.15212405285468383,0.0038386189603381304,False
824a6c1ca,CPC018_MCF7_6H:BRD-A31521121-001-15-7:10,MCF7,BRD-A31521121,methocarbamol,0.20573604198674408,0.20005696776208173,0.0056790742246623505,False
825e3a43c,DOS057_A375_24H:BRD-K79094264-001-01-3:5,A375,BRD-K79094264,BRD-K79094264,0.15405944856084208,0.14921784529872073,0.004841603262121352,False
827cc5d8d,CPC012_HA1E_6H:BRD-K61529775-001-01-0:10,HA1E,BRD-K61529775,BRD-K61529775,0.17895426195104613,0.16895255305319995,0.010001708897846184,False
828099693,DOS027_VCAP_24H:BRD-K81468789-001-01-1:4.97,VCAP,BRD-K81468789,BRD-K81468789,0.1749169673506869,0.14466242054128167,0.03025454680940523,False
82a5720b8,CPC012_PC3_6H:BRD-K73155123-001-01-9:10,PC3,BRD-K73155123,BRD-K73155123,0.16794178752068648,0.16581041408650565,0.002131373434180822,False
82b22fb97,CPC013_VCAP_6H:BRD-K92428232-001-01-5:10,VCAP,BRD-K92428232,GSK-461364,0.17058501218553185,0.16526345358028022,0.005321558605251631,False
82b9b3b09,CPC007_A549_24H:BRD-A24021119-001-06-0:10,A549,BRD-A24021119,BRD-A24021119,0.1645670422161845,0.1635711072335221,0.0009959349826623998,False
82da03539,CPC013_NEU_24H:BRD-K14791739-001-01-9:10,NEU,BRD-K14791739,fluticasone,0.1517402148231342,0.15030152323925666,0.0014386915838775494,False
82dcdb180,DOS016_VCAP_24H:BRD-K89627562-001-01-7:5.1,VCAP,BRD-K89627562,BRD-K89627562,0.1597945436571002,0.15671298421166038,0.0030815594454398076,False
82dee97da,CPC013_PC3_6H:BRD-K88542532-001-01-6:10,PC3,BRD-K88542532,BRD-K88542532,0.15544333509652766,0.1474088085419586,0.008034526554569071,False
82e9d6227,DOS056_MCF7_24H:BRD-K94934810-001-01-0:5,MCF7,BRD-K94934810,BRD-K94934810,0.15058593644599227,0.14493004514285798,0.005655891303134292,False
82fd56cd7,PCLB003_HA1E_24H:BRD-K21001652-001-01-7:10,HA1E,BRD-K21001652,BRD-K21001652,0.16802194778439716,0.15805717376952783,0.009964774014869338,False
8313e9d27,CPC005_A375_24H:BRD-A65280694-003-03-8:10,A375,BRD-A65280694,molindone,0.16152328660107781,0.15900941704154176,0.0025138695595360583,False
831824cdb,CPC002_VCAP_6H:BRD-K39965020-001-02-6:10,VCAP,BRD-K39965020,doconexent,0.16256022877142584,0.15249163857365067,0.010068590197775174,False
8328e4cc1,DOS014_VCAP_24H:BRD-K09032125-001-01-7:5.06,VCAP,BRD-K09032125,BRD-K09032125,0.18193103882120557,0.14588006891989547,0.0360509699013101,False
8374daa51,ASG001_MCF7_24H:BRD-K41260949-001-06-7:0.4,MCF7,BRD-K41260949,valproic-acid,0.1592726115036746,0.15567914252735102,0.003593468976323594,False
838575b1d,DOS054_A375_24H:BRD-K89499048-001-01-5:5,A375,BRD-K89499048,BRD-K89499048,0.1632050446395581,0.14893807163644351,0.01426697300311458,False
839b133ec,LJP002_MCF10A_6H:BRD-K67578145-001-04-8:10,MCF10A,BRD-K67578145,GDC-0879,0.16822800495469303,0.15973672191961413,0.0084912830350789,False
83a9ea167,LJP002_MDAMB231_6H:BRD-A35869383-001-01-9:0.08,MDAMB231,BRD-A35869383,ibrutinib,0.17176479951877904,0.16028734827301433,0.011477451245764714,False
83d61e159,CPC005_PC3_24H:BRD-A47598013-004-06-1:10,PC3,BRD-A47598013,citalopram,0.1715890095725353,0.16003914094684088,0.011549868625694432,False
84342a1f5,DOS039_A549_24H:BRD-K49723782-001-01-7:5,A549,BRD-K49723782,BRD-K49723782,0.1661595829595114,0.16204572942308093,0.004113853536430456,False
8445939fb,CPC003_HCC515_24H:BRD-K15588452-003-01-9:10,HCC515,BRD-K15588452,R-96544,0.1507648373911925,0.1455448688635222,0.005219968527670316,False
8458bb23d,CPC015_HT29_6H:BRD-K25394294-001-08-1:10,HT29,BRD-K25394294,oxaprozin,0.16246799913158885,0.15971481630182988,0.0027531828297589767,False
847dd6858,DOSBIO001_NEU_24H:BRD-K96157570:10.0829,NEU,BRD-K96157570,BRD-K96157570,0.15795575095735692,0.15540498433513772,0.0025507666222192027,False
847fbc822,MUC.CP003_MCF7_6H:BRD-K85605624-001-01-3:3.3237,MCF7,BRD-K85605624,SA-1458689,0.1554556596662672,0.14933044496452363,0.00612521470174357,False
848f1f314,CPC006_A549_24H:BRD-K99818283-001-01-8:10,A549,BRD-K99818283,PIK-90,0.14664528130612114,0.14468180086713145,0.0019634804389896954,False
84aee86ce,CPC014_NPC_24H:BRD-K77625572-323-01-1:10,NPC,BRD-K77625572,etomoxir,0.15771084128780313,0.15233588594073333,0.005374955347069804,False
84b82148d,CPC005_A549_6H:BRD-A78295502-337-03-5:10,A549,BRD-A78295502,hydroquinine,0.17509826465672917,0.16292332514127947,0.012174939515449706,False
84ba1361d,CPC017_SKB_24H:BRD-K30189597-001-01-7:10,SKB,BRD-K30189597,SYK-inhibitor,0.15016284981542938,0.1461673369076808,0.003995512907748577,False
84ca1ce6a,CPC006_SKMEL1_6H:BRD-K04010869-001-02-6:1,SKMEL1,BRD-K04010869,prostaglandin-a1,0.1494430716693262,0.14292652397559624,0.006516547693729946,False
84d4ecc6a,CPC011_A549_6H:BRD-K59456551-002-15-8:10,A549,BRD-K59456551,methotrexate,0.15712870784209318,0.14560819999230729,0.011520507849785894,False
84d5fe2e8,DOS055_PC3_24H:BRD-K74248891-001-01-1:5,PC3,BRD-K74248891,BRD-K74248891,0.16523396552194103,0.14487073812568094,0.020363227396260092,False
8510cd35b,HOG003_MCF7_6H:BRD-K94920105-001-01-3:1.11,MCF7,BRD-K94920105,DR-2313,0.1598201326968847,0.1522965546851434,0.007523578011741305,False
8525f258f,CPC005_HA1E_6H:BRD-K10098805-001-02-0:10,HA1E,BRD-K10098805,rhapontin,0.17104058220784918,0.16385814486788974,0.0071824373399594355,False
852e372be,CPD003_MCF7_6H:BRD-A65797496-048-05-1:10,MCF7,BRD-A65797496,deptropine,0.15842871858580798,0.14303946766528328,0.015389250920524705,False
853dca78a,CPC018_PHH_24H:BRD-A70461345-003-03-0:10,PHH,BRD-A70461345,naloxone,0.14804296805963368,0.14008058058373163,0.007962387475902055,False
85401741f,DOSBIO001_A375_24H:BRD-K51633576:9.87234,A375,BRD-K51633576,BRD-K51633576,0.17878797874459573,0.1744757409458404,0.004312237798755336,False
8560ac269,PCLB003_A375_24H:BRD-K36452089-001-02-6:0.41,A375,BRD-K36452089,tert-butylhydroquinone,0.1792067174761944,0.15992838830161424,0.019278329174580167,False
856939c61,DOS050_MCF7_24H:BRD-K97516320-001-01-5:5,MCF7,BRD-K97516320,BRD-K97516320,0.15770952163591798,0.1429100129491488,0.014799508686769186,False
8574fa365,CPC005_MCF7_6H:BRD-K32977963-001-03-5:10,MCF7,BRD-K32977963,eugenol,0.2043302662261801,0.17542608820146355,0.028904178024716565,False
858545f06,CPC015_SKB_24H:BRD-A98702003-304-03-0:10,SKB,BRD-A98702003,carbenoxolone,0.15493467997813812,0.14861688617104515,0.006317793807092964,False
858648e0f,CPC009_HEPG2_6H:BRD-K63511615-001-03-6:10,HEPG2,BRD-K63511615,SJB-AF-2,0.15903734318703558,0.1537545658928279,0.0052827772942076745,False
859076f27,DOS053_A375_24H:BRD-K85724483-001-02-0:5.01,A375,BRD-K85724483,BRD-K85724483,0.18527696879835898,0.17090050667099713,0.01437646212736185,False
859aa3db7,DOS033_A549_24H:BRD-K52043480-001-01-9:4.96,A549,BRD-K52043480,SA-425929,0.16854876333955365,0.14971882004599998,0.01882994329355367,False
85cc76a9f,DOS011_VCAP_6H:BRD-K60841303-001-01-1:5,VCAP,BRD-K60841303,BRD-K60841303,0.16204928310254627,0.14508995138253017,0.016959331720016096,False
85cebfb8d,CPC008_VCAP_6H:BRD-K54070802-001-11-0:10,VCAP,BRD-K54070802,BRD-K54070802,0.15004689472365546,0.1483689620195832,0.0016779327040722658,False
85d5c0397,CPC014_MCF7_24H:BRD-K99291625-001-06-4:10,MCF7,BRD-K99291625,SB-203580,0.1612749520539595,0.15626108938738154,0.005013862666577967,False
85d5eda60,AML001_HL60_6H:BRD-K27316855:0.37037,HL60,BRD-K27316855,calcitriol,0.1529450421587764,0.15118349913237888,0.0017615430263975274,False
8617a33f5,LJP001_MDAMB231_24H:BRD-K51313569-001-03-7:0.4,MDAMB231,BRD-K51313569,palbociclib,0.155905691913641,0.14882758227137222,0.007078109642268793,False
861a693e3,LJP001_MCF7_6H:BRD-K92428232-001-03-1:2,MCF7,BRD-K92428232,GSK-461364,0.15163030127480115,0.14930636160403993,0.0023239396707612214,False
8627a9ea2,DOS033_PC3_24H:BRD-K30371494-001-01-5:5,PC3,BRD-K30371494,BRD-K30371494,0.18510867320549107,0.15521625776150874,0.02989241544398233,False
86313d696,CPC006_VCAP_24H:BRD-A84481105-003-17-2:10,VCAP,BRD-A84481105,thioridazine,0.1520031681062875,0.15149287115120091,0.0005102969550865866,False
8632a4c66,KMS002_THP1_6H:BRD-K58466974-001-01-9:0.12,THP1,BRD-K58466974,TUL_XXI035,0.1516165414275874,0.1497034583230849,0.0019130831045024999,False
8648dfe09,CPC006_SKLU1_6H:BRD-K92991072-001-02-3:10,SKLU1,BRD-K92991072,PAC-1,0.1562079746274434,0.13880989744897515,0.017398077178468252,False
866e7bc56,CPC006_U937_6H:BRD-A98248982-001-05-6:10,U937,BRD-A98248982,BRD-A98248982,0.22539959668873089,0.2111208310285752,0.014278765660155679,False
8689b5677,CPC013_HCC515_6H:BRD-K79382620-001-01-1:10,HCC515,BRD-K79382620,TH02453-036-P1,0.14686055257750857,0.1434347356979801,0.003425816879528476,False
8693b40e8,CPC017_A375_6H:BRD-K53857191-001-05-2:10,A375,BRD-K53857191,risperidone,0.1575067415440243,0.1570541539779089,0.00045258756611540885,False
86b856115,CPC003_HA1E_6H:BRD-K46469693-001-01-8:10,HA1E,BRD-K46469693,SCH-442416,0.15387010427342904,0.15374642846420222,0.0001236758092268142,False
86c4f8987,ERG014_VCAP_24H:BRD-K72055444-001-01-4:10.0291,VCAP,BRD-K72055444,BRD-K72055444,0.1649411946808184,0.16454932404290035,0.00039187063791804033,False
8709517b7,PCLB001_A549_6H:BRD-A33746814-001-01-0:2.5,A549,BRD-A33746814,avicin-g,0.16056342836796728,0.1597761715268659,0.0007872568411013692,False
870cf5377,DOS039_A375_24H:BRD-K00765103-001-01-7:4.54,A375,BRD-K00765103,BRD-K00765103,0.148433878327557,0.1429418842617159,0.00549199406584111,False
87261f62b,DOS053_A375_24H:BRD-K73680494-001-01-7:4.95,A375,BRD-K73680494,BRD-K73680494,0.1630523950572328,0.16301412209887434,3.827295835845401e-05,False
872bc007e,CPC005_HT29_6H:BRD-A65076780-001-01-3:10,HT29,BRD-A65076780,dihydroergocristine,0.15885180417735534,0.1571030231005824,0.0017487810767729262,False
873a85baa,CPC012_HA1E_6H:BRD-K38012662-001-05-4:10,HA1E,BRD-K38012662,BRD-K38012662,0.1656612868746289,0.16439161340407854,0.0012696734705503476,False
8768e675d,DOS045_HT29_24H:BRD-K50014464-001-01-2:5.05,HT29,BRD-K50014464,BRD-K50014464,0.15808637181834656,0.15375568189589747,0.004330689922449088,False
876e12b44,DOS016_VCAP_24H:BRD-K29326878-001-01-8:5.05,VCAP,BRD-K29326878,BRD-K29326878,0.16870786431947588,0.1531441639162024,0.015563700403273484,False
87705adb2,DOS047_MCF7_24H:BRD-K62473229-001-01-2:4.97,MCF7,BRD-K62473229,BRD-K62473229,0.17144441271498564,0.16660492988018394,0.004839482834801706,False
8775bbd3c,LJP002_MDAMB231_6H:BRD-A58767537-001-01-2:0.08,MDAMB231,BRD-A58767537,afatinib,0.15996807121908277,0.1462864841502441,0.01368158706883868,False
8791ef2ae,CPD002_MCF7_24H:BRD-K46523383-003-17-9:10,MCF7,BRD-K46523383,pramocaine,0.152958219671595,0.1506532798679102,0.002304939803684819,False
87d4d4802,CPC019_A375_6H:BRD-K33762302-001-01-4:10,A375,BRD-K33762302,BRD-K33762302,0.16847554796548148,0.16620588898233205,0.0022696589831494307,False
87d5baa80,CPC020_PC3_6H:BRD-K41775742-001-01-4:10,PC3,BRD-K41775742,BRD-K41775742,0.17018060576856414,0.16598868223705432,0.0041919235315098224,False
87d714366,HOG002_MCF7_6H:BRD-K11163873-001-02-8:1.11,MCF7,BRD-K11163873,phenanthridone,0.1507883458171334,0.14843014633830764,0.002358199478825762,False
8829d4e10,LJP002_MDAMB231_24H:BRD-K61860715-001-01-2:2,MDAMB231,BRD-K61860715,ZG-10,0.14666632417049613,0.14628319546857063,0.0003831287019255003,False
883a08d7c,CPC013_PC3_24H:BRD-K05452595-001-01-2:10,PC3,BRD-K05452595,BRD-K05452595,0.16589872055123991,0.16460319010900898,0.0012955304422309355,False
88676b017,CPC017_PHH_24H:BRD-K60640630-001-03-7:10,PHH,BRD-K60640630,mometasone,0.15426482873325392,0.15318683578558429,0.001077992947669637,False
887c2e121,CPD002_PC3_6H:BRD-K05851096-001-01-9:10,PC3,BRD-K05851096,lacidipine,0.1761840254225492,0.1480945477221174,0.028089477700431825,False
88a421c74,PCLB001_JURKAT_6H:BRD-K73037408-001-01-5:2.5,JURKAT,BRD-K73037408,KUC111774N,0.1628195884786987,0.15346630582095422,0.009353282657744488,False
88a7e73c1,DOS012_VCAP_6H:BRD-K94032641-001-01-8:4.93,VCAP,BRD-K94032641,BRD-K94032641,0.1576478352528113,0.1566600977883334,0.0009877374644779169,False
88c37c66a,DOS047_A549_24H:BRD-K61788733-001-01-3:5.01,A549,BRD-K61788733,BRD-K61788733,0.16001993216648353,0.1550433473150257,0.004976584851457827,False
88c712fc0,DOS042_A549_24H:BRD-K02125996-001-01-2:5.01,A549,BRD-K02125996,BRD-K02125996,0.16886122354436184,0.15124887080402133,0.01761235274034051,False
88d508490,DOS031_MCF7_24H:BRD-K64368934-001-01-8:4.9,MCF7,BRD-K64368934,BRD-K64368934,0.16499709507075436,0.15631362962878323,0.008683465441971128,False
88df04154,CPC013_HCC515_6H:BRD-A32214171-001-01-7:10,HCC515,BRD-A32214171,BRD-A32214171,0.1651829853930168,0.15746689316172913,0.007716092231287663,False
8903bbbae,DOS052_A375_24H:BRD-K83980681-001-02-0:5,A375,BRD-K83980681,BRD-K83980681,0.14778272421986938,0.14766025696968454,0.0001224672501848323,False
8903ef6bb,CPC012_VCAP_24H:BRD-K83355732-001-01-6:10,VCAP,BRD-K83355732,BRD-K83355732,0.176688237213795,0.1693395117543753,0.007348725459419697,False
891a90f91,CPC010_A375_6H:BRD-A25170757-001-05-3:10,A375,BRD-A25170757,BRD-A25170757,0.16335338152982476,0.15724213309221444,0.006111248437610323,False
898aa62e6,CPC009_A375_6H:BRD-K73285375-001-01-9:10,A375,BRD-K73285375,BRD-K73285375,0.15389099768603878,0.15184958982139599,0.002041407864642797,False
8990833d7,DOS025_VCAP_24H:BRD-K43421680-001-01-7:5.03,VCAP,BRD-K43421680,BRD-K43421680,0.17214539768765313,0.15381106240833337,0.01833433527931977,False
899084630,CPC019_MCF7_24H:BRD-K20123385-001-01-4:10,MCF7,BRD-K20123385,BRD-K20123385,0.17299164471115058,0.17000257841116873,0.0029890662999818574,False
89ced6383,NMH001_FIBRNPC_6H:BRD-A25037258-001-01-7:10,FIBRNPC,BRD-A25037258,RTI-55,0.19446626556608593,0.17227638448103397,0.02218988108505196,False
89dbaa298,CPD002_PC3_24H:BRD-A42167015-003-07-8:10,PC3,BRD-A42167015,carteolol,0.14623485203606226,0.14433721166950775,0.001897640366554515,False
89dea2045,CPC006_CL34_6H:BRD-K40892394-001-01-9:11.1,CL34,BRD-K40892394,AR-C133057XX,0.16016448954474657,0.1590858848149885,0.0010786047297580703,False
8a16bd4c6,CPC005_MCF7_6H:BRD-A34299591-001-03-4:10,MCF7,BRD-A34299591,budesonide,0.16664638898154496,0.15097568098093875,0.015670708000606215,False
8a3518589,CPC017_A375_6H:BRD-K09635314-001-01-8:10,A375,BRD-K09635314,m-3M3FBS,0.1593568097203682,0.14968627983604121,0.009670529884326984,False
8a4370a9b,CPC018_HEPG2_6H:BRD-K00610438-003-01-7:10,HEPG2,BRD-K00610438,altanserin,0.15840617089381887,0.15717042826024158,0.0012357426335772859,False
8a51a2ef0,CVD001_HUH7_6H:BRD-K35860134-001-01-8:2.5636,HUH7,BRD-K35860134,BRD-K35860134,0.1629328775810087,0.16026311484614036,0.002669762734868325,False
8a730738c,DOS046_A549_24H:BRD-K45025380-001-01-7:5,A549,BRD-K45025380,BRD-K45025380,0.14948863271220644,0.14715720966669843,0.002331423045508013,False
8ab72a1bc,DOS056_MCF7_24H:BRD-K99306975-001-01-7:5,MCF7,BRD-K99306975,BRD-K99306975,0.1637847354525672,0.16115232047979985,0.0026324149727673385,False
8ab744120,CPC006_A549_24H:BRD-K19796430-001-01-5:10,A549,BRD-K19796430,sonidegib,0.13779294308263887,0.13637300640713546,0.0014199366755034137,False
8abbf7b55,DOS059_HT29_24H:BRD-K13059702-001-01-5:5,HT29,BRD-K13059702,BRD-K13059702,0.16739961200923034,0.16695080083138186,0.00044881117784847935,False
8abcc3151,CPC008_MCF7_24H:BRD-K32944375-019-01-3:10,MCF7,BRD-K32944375,BRD-K32944375,0.1693657175344982,0.1627665561560232,0.006599161378474994,False
8ac178351,DOS005_VCAP_6H:BRD-K31825071-001-01-0:5.03,VCAP,BRD-K31825071,BRD-K31825071,0.14126082039692284,0.1393459859958581,0.0019148344010647411,False
8acd33afb,DOS056_A375_24H:BRD-K57181059-001-01-3:5,A375,BRD-K57181059,BRD-K57181059,0.15880874734752953,0.14633768568841435,0.012471061659115185,False
8aecdb206,CPC020_HCC515_6H:BRD-K81514393-001-01-0:10,HCC515,BRD-K81514393,BRD-K81514393,0.16694764332747253,0.16519326593311845,0.0017543773943540786,False
8afd4ded9,CPC019_VCAP_6H:BRD-K88008216-001-01-1:10,VCAP,BRD-K88008216,BRD-K88008216,0.17715504387808734,0.1690233541018604,0.008131689776226941,False
8b03bfee8,CPC011_A549_24H:BRD-K37991163-050-13-5:10,A549,BRD-K37991163,paroxetine,0.15139395268464925,0.14601709696269738,0.005376855721951873,False
8b0b2f4cb,CPC015_HEPG2_6H:BRD-K39987650-001-15-9:10,HEPG2,BRD-K39987650,bisacodyl,0.17934434166702268,0.17152263136183002,0.007821710305192658,False
8b1bbb1e1,PCLB002_A549_24H:BRD-K52160314:10,A549,BRD-K52160314,BRD-K52160314,0.15518038114350433,0.15231399795732042,0.0028663831861839018,False
8b292f993,DOS049_A375_24H:BRD-K20652606-001-01-5:5,A375,BRD-K20652606,BRD-K20652606,0.1768069104920943,0.15438319278001578,0.022423717712078517,False
8b52661f8,PCLB001_PC3_6H:BRD-K93367411-001-05-8:2.5,PC3,BRD-K93367411,BRD-K93367411,0.15930250629367942,0.15622677997226006,0.003075726321419364,False
8b5499734,CPC015_MCF7_6H:BRD-K93645900-001-04-8:10,MCF7,BRD-K93645900,tadalafil,0.1890355991604576,0.15675174010984494,0.03228385905061265,False
8b75bfb1b,ERG014_VCAP_6H:BRD-K42400758-001-01-9:10.045,VCAP,BRD-K42400758,BRD-K42400758,0.15684069957280983,0.15194470457097395,0.004895995001835879,False
8b82937f6,PCLB002_HCC515_24H:BRD-K99636700:10,HCC515,BRD-K99636700,BRD-K99636700,0.1568343789017263,0.15370803569036667,0.003126343211359628,False
8b87a7a83,AML001_HL60_6H:BRD-K27316855:0.37037,HL60,BRD-K27316855,calcitriol,0.16146106868649587,0.1462170845120663,0.01524398417442957,False
8b9a7ff56,CPC012_PC3_6H:BRD-K73155123-001-01-9:10,PC3,BRD-K73155123,BRD-K73155123,0.16632647591696317,0.155392742169888,0.01093373374707518,False
8bb285dcb,CPC005_MCF7_6H:BRD-K50417881-003-05-9:10,MCF7,BRD-K50417881,eticlopride,0.153714078844369,0.1512676731297827,0.0024464057145862916,False
8bbb98105,DOS012_VCAP_6H:BRD-K20251969-001-01-7:5.03,VCAP,BRD-K20251969,BRD-K20251969,0.16456106813558086,0.1564103058744485,0.008150762261132344,False
8bc88a3be,CPC004_HA1E_24H:BRD-K99621550-003-03-4:10,HA1E,BRD-K99621550,tubocurarine,0.14452025005039598,0.1420023487067026,0.0025179013436933684,False
8be20f208,CPC001_PC3_6H:BRD-K31268420-001-01-1:10,PC3,BRD-K31268420,NSC-693868,0.16370771500731404,0.15810662663335528,0.005601088373958757,False
8bef1a5b2,DOS019_VCAP_6H:BRD-K17381515-001-01-6:5.04,VCAP,BRD-K17381515,BRD-K17381515,0.16067457921487893,0.15812666722758306,0.00254791198729587,False
8bfccb68b,NMH002_NEU_6H:BRD-K84943004-001-01-9:10,NEU,BRD-K84943004,MC-1293,0.16079797488409392,0.15655807772558683,0.004239897158507089,False
8c25111b8,DOS052_MCF7_24H:BRD-K83365001-001-01-9:4.97,MCF7,BRD-K83365001,BRD-K83365001,0.166719491985877,0.16323228341505583,0.0034872085708211598,False
8c48a42be,DOS058_A549_24H:BRD-K14538540-019-01-5:5,A549,BRD-K14538540,BRD-K14538540,0.16157149311233548,0.1562646295565114,0.005306863555824076,False
8c4ed26e0,CPC008_VCAP_24H:BRD-K07521754-001-01-9:10,VCAP,BRD-K07521754,BRD-K07521754,0.17822530679817258,0.15942848566821646,0.01879682112995612,False
8c5413748,DOSBIO001_NEU_24H:BRD-K78687850:10.0151,NEU,BRD-K78687850,BRD-K78687850,0.1521976070080845,0.1465724241072191,0.005625182900865389,False
8c71e5d12,CPC017_PHH_24H:BRD-K26573499-300-01-3:10,PHH,BRD-K26573499,DMAB-anabaseine,0.1656736556919826,0.15595680816800778,0.009716847523974836,False
8c7b401c2,DOSBIO001_HT29_24H:BRD-K94616516:9.8013,HT29,BRD-K94616516,BRD-K94616516,0.15684183635767274,0.15221100224978568,0.004630834107887061,False
8c7f86626,CPD002_MCF7_6H:BRD-K39397585-236-01-3:10,MCF7,BRD-K39397585,piperacillin,0.16133379739698228,0.158806830740797,0.002526966656185292,False
8c899cab9,CPC020_A375_6H:BRD-K86434416-003-14-8:10,A375,BRD-K86434416,selegiline,0.14910781276975005,0.1447281346520941,0.0043796781176559385,False
8c91d6909,CPC020_VCAP_6H:BRD-K74507776-001-01-0:10,VCAP,BRD-K74507776,BRD-K74507776,0.17616621378035063,0.17272209661850702,0.0034441171618436184,False
8ca72b08e,CVD001_HEPG2_24H:BRD-K47533918-001-01-9:2.4946,HEPG2,BRD-K47533918,BRD-K47533918,0.14338901954033803,0.1414324183475773,0.0019566011927607263,False
8ccf9adbe,CPC011_MCF7_6H:BRD-K31920458-001-17-8:10,MCF7,BRD-K31920458,mestranol,0.1570378785201596,0.15582239195911152,0.0012154865610480847,False
8ce4ff1d6,CPC004_HEPG2_6H:BRD-A92537424-001-03-9:10,HEPG2,BRD-A92537424,danazol,0.17360046157944742,0.15653030777004895,0.01707015380939847,False
8ce6e06b3,CPC006_WSUDLCL2_6H:BRD-K53595844-001-01-8:10,WSUDLCL2,BRD-K53595844,phenoxazine,0.15440908930365435,0.13691723670892586,0.01749185259472849,False
8d033bd54,CPC008_HEPG2_6H:BRD-A34421300-001-01-0:10,HEPG2,BRD-A34421300,BRD-A34421300,0.153872483023618,0.1475542231615415,0.006318259862076514,False
8d0a28435,DOS034_A549_24H:BRD-K22912836-001-01-3:5.01,A549,BRD-K22912836,BRD-K22912836,0.15481320695253475,0.15127992204989238,0.003533284902642375,False
8d2005452,CPC015_HEPG2_6H:BRD-A68930007-001-03-1:10,HEPG2,BRD-A68930007,ouabain,0.15638303859967256,0.15272085466399507,0.0036621839356774932,False
8d26b9118,DOS052_A375_24H:BRD-K19204484-001-01-5:4.92,A375,BRD-K19204484,BRD-K19204484,0.15475546863923376,0.1539184921572578,0.0008369764819759484,False
8d31a1d0a,CPC018_PHH_24H:BRD-A70461345-003-03-0:10,PHH,BRD-A70461345,naloxone,0.15184394262890824,0.14782651499441635,0.0040174276344918936,False
8d320a8c7,DOS054_HT29_24H:BRD-K73838803-001-01-7:5,HT29,BRD-K73838803,BRD-K73838803,0.18132503774997366,0.16955942318386605,0.011765614566107613,False
8d43856e0,DOS041_A375_24H:BRD-K39929061-001-01-4:5.03,A375,BRD-K39929061,BRD-K39929061,0.1767950802781102,0.15617083712702734,0.020624243151082855,False
8d70a771d,DOS047_PC3_24H:BRD-K82234732-001-01-4:4.99,PC3,BRD-K82234732,BRD-K82234732,0.1817603979725693,0.162648475719143,0.019111922253426283,False
8d7d3d1af,DOS032_A549_24H:BRD-K28312904-001-01-7:4.96,A549,BRD-K28312904,BRD-K28312904,0.1463574232241168,0.14567061197194942,0.0006868112521673797,False
8da60807e,CPC011_HA1E_6H:BRD-K10961822-001-03-6:10,HA1E,BRD-K10961822,latanoprost,0.15580436808440926,0.14980153167381094,0.006002836410598317,False
8dad6ac60,CPC012_PC3_24H:BRD-K15402119-001-01-2:10,PC3,BRD-K15402119,huperzine-a,0.1482189934199418,0.14268336432658296,0.005535629093358835,False
8dc38b449,CPC012_ASC_24H:BRD-K31851742-001-01-5:10,ASC,BRD-K31851742,BRD-K31851742,0.15814399277714491,0.15484654073313464,0.003297452044010274,False
8dc81a12b,CPC006_SKLU1_6H:BRD-K21614065-001-01-8:14,SKLU1,BRD-K21614065,BRD-K21614065,0.15592537946462262,0.15442706696973785,0.0014983124948847737,False
8e22a73b3,DOS059_HT29_24H:BRD-K09552525-001-01-0:5,HT29,BRD-K09552525,BRD-K09552525,0.14385087530492208,0.1391059899139782,0.004744885390943865,False
8e369b046,CPC011_HT29_6H:BRD-K35189033-001-21-2:10,HT29,BRD-K35189033,levonorgestrel,0.17601529677885253,0.1705433975733689,0.005471899205483632,False
8e438ce43,CPC015_PHH_24H:BRD-K81839095-001-04-6:10,PHH,BRD-K81839095,estrone,0.17634261867009163,0.15387280630673833,0.022469812363353298,False
8e62620d4,CPC015_MCF7_6H:BRD-K93645900-001-04-8:10,MCF7,BRD-K93645900,tadalafil,0.16440576409573326,0.14847343785791492,0.015932326237818345,False
8e6a6f400,DOS043_A375_24H:BRD-K54432046-001-01-9:5.04,A375,BRD-K54432046,BRD-K54432046,0.1854913735257675,0.17402063657986244,0.011470736945905058,False
8e8707804,DOS054_A549_24H:BRD-K93186542-001-01-3:5,A549,BRD-K93186542,BRD-K93186542,0.15935118067223009,0.15202892647247152,0.007322254199758571,False
8e8dba60d,LJP001_MCF10A_24H:BRD-K46056750-001-02-1:2,MCF10A,BRD-K46056750,AZD-7762,0.15982464104188415,0.145956498707769,0.013868142334115152,False
8e99eca56,CPC017_HT29_6H:BRD-A26384407-001-15-2:10,HT29,BRD-A26384407,chlorthalidone,0.1732983303854651,0.15773434891616928,0.015563981469295829,False
8eb1a59a4,DOS016_VCAP_24H:BRD-K58703114-001-01-6:4.95,VCAP,BRD-K58703114,BRD-K58703114,0.151349946765236,0.1508583573481968,0.0004915894170391955,False
8ed2b189d,CPC010_A375_6H:BRD-K60228169-001-06-3:10,A375,BRD-K60228169,BRD-K60228169,0.14908468564902644,0.1363596218615481,0.012725063787478341,False
8ed81dd51,CPC013_MCF7_24H:BRD-K83620635-001-01-1:10,MCF7,BRD-K83620635,BRD-K83620635,0.20776536009960253,0.198122467650781,0.009642892448821522,False
8ee60a3e0,DOS050_HT29_24H:BRD-K39561037-001-01-6:5,HT29,BRD-K39561037,BRD-K39561037,0.1639292856989087,0.15217543816504348,0.011753847533865214,False
8f128b570,CPC016_MCF7_24H:BRD-K92446736-003-01-4:10,MCF7,BRD-K92446736,zatebradine,0.16336148360008473,0.16271807560250093,0.0006434079975838058,False
8f14abc3f,CPC006_RMUGS_6H:BRD-K67868012-003-01-5:11.1,RMUGS,BRD-K67868012,PI-103,0.15432337666464752,0.15054037979847465,0.0037829968661728663,False
8f154f6ba,CPC004_HCC515_6H:BRD-K70301876-034-06-1:10,HCC515,BRD-K70301876,escitalopram,0.1678261393159627,0.16596629869524537,0.0018598406207173401,False
8f19f8d8b,DOS029_VCAP_24H:BRD-K08198655-001-01-5:4.82,VCAP,BRD-K08198655,BRD-K08198655,0.15043243932658543,0.14958986910284744,0.0008425702237379873,False
8f300f9d7,CPC006_SNUC4_6H:BRD-K55395145-001-01-7:88.8,SNUC4,BRD-K55395145,pemetrexed,0.14769470171022378,0.14540418518081358,0.0022905165294102026,False
8f818017d,DOS045_HT29_24H:BRD-K31000214-001-01-8:5.02,HT29,BRD-K31000214,BRD-K31000214,0.16315979488953153,0.15562637737974017,0.0075334175097913625,False
8f928e97e,DOS053_MCF7_24H:BRD-K00513921-001-01-1:5.05,MCF7,BRD-K00513921,BRD-K00513921,0.15278304882096128,0.14898180161033103,0.003801247210630243,False
8faa855a9,DOS018_VCAP_24H:BRD-K54595917-001-01-9:5.03,VCAP,BRD-K54595917,BRD-K54595917,0.16314409099691105,0.15064618367361607,0.012497907323294977,False
8fba2455b,CPC010_A375_6H:BRD-K36591038-001-05-6:10,A375,BRD-K36591038,BRD-K36591038,0.15407322544980795,0.15178386470758734,0.0022893607422206086,False
8fd4dac32,DOS018_VCAP_6H:BRD-K14573341-001-01-1:5.17,VCAP,BRD-K14573341,BRD-K14573341,0.1515843162045042,0.14904570323148308,0.0025386129730211038,False
8fd588084,PCLB001_U266_6H:BRD-K73037408-001-01-5:0.63,U266,BRD-K73037408,KUC111774N,0.16046056976762724,0.1566722320005675,0.003788337767059724,False
8fd76d996,DOS047_A375_24H:BRD-K49998237-001-01-6:5.01,A375,BRD-K49998237,BRD-K49998237,0.16121986513762743,0.1515396680815195,0.009680197056107925,False
8fd979999,DOS006_VCAP_24H:BRD-K58790952-001-01-8:5.02,VCAP,BRD-K58790952,BRD-K58790952,0.15955422002068928,0.15808567668157736,0.0014685433391119218,False
8fdbae36c,NMH002_NEU_6H:BRD-K84943004-001-01-9:10,NEU,BRD-K84943004,MC-1293,0.1731880577038025,0.15736124503973226,0.01582681266407024,False
8fe42c9a8,ERG011_VCAP_24H:BRD-K07627743-001-01-8:10.286,VCAP,BRD-K07627743,BRD-K07627743,0.1628727993139496,0.15657003786237983,0.006302761451569772,False
900711768,NMH001_NEU_6H:BRD-K30912208-001-01-3:10,NEU,BRD-K30912208,KDM-096,0.15232312682958066,0.14944288261637131,0.002880244213209343,False
9030b3101,PRISM001_MCF7_6H:BRD-K59369769-001-05-4:2.5,MCF7,BRD-K59369769,tozasertib,0.14390711240874446,0.14280353528066977,0.0011035771280746842,False
906185add,DOS047_A375_24H:BRD-K51457407-001-01-2:5.07,A375,BRD-K51457407,BRD-K51457407,0.15667288748835312,0.15568050038913114,0.0009923870992219752,False
9071eb625,DOS026_VCAP_24H:BRD-K92860459-001-01-5:5.03,VCAP,BRD-K92860459,BRD-K92860459,0.14803054135900323,0.14397240894819832,0.00405813241080491,False
908482858,CPC010_PC3_24H:BRD-K42841443-019-03-3:10,PC3,BRD-K42841443,BRD-K42841443,0.18180699136610648,0.16061185241627485,0.021195138949831632,False
90abb1f13,CPC010_HA1E_6H:BRD-K59332007-311-03-2:10,HA1E,BRD-K59332007,linopirdine,0.15883914566737023,0.1571666196213874,0.0016725260459828362,False
90bf1a888,DOS040_HT29_24H:BRD-K50808811-001-01-7:5.02,HT29,BRD-K50808811,BRD-K50808811,0.15775740878702113,0.14249714059069757,0.015260268196323562,False
90f770ec6,DOS054_HT29_24H:BRD-K61181530-001-01-6:5,HT29,BRD-K61181530,BRD-K61181530,0.1543625491956001,0.1512306436116022,0.003131905583997896,False
911e358b7,RAD001_PC3_6H:BRD-K45681478-001-10-1:0.1235,PC3,BRD-K45681478,JMW-MITF1,0.1683919854294646,0.16177916709138945,0.006612818338075144,False
9128bdfb4,CPC010_A375_6H:BRD-A21812217-001-04-1:10,A375,BRD-A21812217,BRD-A21812217,0.15825572136906707,0.15016043198114395,0.008095289387923116,False
9133c7e6f,CPC006_RMUGS_6H:BRD-K41087962-001-01-7:0.63,RMUGS,BRD-K41087962,BRD-K41087962,0.17806406330794028,0.16553601749448932,0.012528045813450961,False
91360929a,LJP001_MCF10A_24H:BRD-K24859147-379-02-6:10,MCF10A,BRD-K24859147,KIN001-242,0.16768478931949887,0.16539282737206035,0.0022919619474385255,False
914d07573,CPC003_HA1E_24H:BRD-K63089472-001-02-7:10,HA1E,BRD-K63089472,farnesylthioacetic-acid,0.17027436185321743,0.16237536780059347,0.007898994052623953,False
9158344c4,DOS046_PC3_24H:BRD-K45889441-001-01-3:5,PC3,BRD-K45889441,BRD-K45889441,0.16030484146422974,0.15696259443604244,0.0033422470281873062,False
9169f56d6,DOS034_A549_24H:BRD-K22951866-001-01-4:5.06,A549,BRD-K22951866,BRD-K22951866,0.14640034007715955,0.14516299051855056,0.001237349558608991,False
916f011be,CPC008_MCF7_6H:BRD-K44417704-001-04-0:10,MCF7,BRD-K44417704,BRD-K44417704,0.14482188992957334,0.14342579530045224,0.001396094629121103,False
91a585117,DOS055_MCF7_24H:BRD-K55878534-001-01-1:5,MCF7,BRD-K55878534,BRD-K55878534,0.16360911574204132,0.15571376930362546,0.007895346438415857,False
91a61ad44,CPC006_U937_6H:BRD-A18763547-300-04-8:10,U937,BRD-A18763547,BAX-channel-blocker,0.15147319942067888,0.14819227748715613,0.0032809219335227513,False
91b11acc4,CPC002_HCC515_6H:BRD-K10176267-001-02-5:10,HCC515,BRD-K10176267,L-701252,0.16567491944149187,0.15931790132868687,0.006357018112805007,False
91b830645,CPC002_VCAP_24H:BRD-K60174629-001-02-2:10,VCAP,BRD-K60174629,z-prolyl-prolinal,0.17215675207338957,0.17073738175975425,0.0014193703136353153,False
91beddbbc,DOS003_VCAP_6H:BRD-K96198015-001-01-3:5.01,VCAP,BRD-K96198015,BRD-K96198015,0.15289462784932512,0.14943468801861348,0.0034599398307116336,False
91d9ae727,KMS002_NOMO1_24H:BRD-K66645150-001-01-4:0.01,NOMO1,BRD-K66645150,BG-STK33-55,0.16430274300793735,0.15265286062861477,0.011649882379322574,False
91dc8bab8,CPC012_PC3_24H:BRD-K15402119-001-01-2:10,PC3,BRD-K15402119,huperzine-a,0.1564791235167715,0.15491791986829262,0.0015612036484788927,False
9235f62db,CPC007_MCF7_6H:BRD-K99605820-001-04-3:10,MCF7,BRD-K99605820,BRD-K99605820,0.17186109621359974,0.15748092162301755,0.01438017459058219,False
924c9bb02,CPC015_MCF7_6H:BRD-K51350053-048-06-6:10,MCF7,BRD-K51350053,toremifene,0.17573155899040982,0.1618681264499751,0.013863432540434706,False
925488749,PCLB003_HT29_24H:BRD-K19826688-001-02-7:0.04,HT29,BRD-K19826688,BRD-K19826688,0.16711976445986096,0.16231008754400691,0.004809676915854044,False
926a489b1,PCLB002_MCF7_24H:BRD-K93754473:10,MCF7,BRD-K93754473,tamoxifen,0.1685955533096511,0.16036135419803388,0.008234199111617213,False
9288cf822,CPC003_PC3_24H:BRD-K46018455-001-17-7:10,PC3,BRD-K46018455,bezafibrate,0.15361837437172807,0.1479562837941271,0.0056620905776009756,False
9289a3800,DOS046_MCF7_24H:BRD-K49156662-001-01-5:5,MCF7,BRD-K49156662,BRD-K49156662,0.16665724924054887,0.16044926276584393,0.006207986474704941,False
92a21d6f6,CPC010_A549_6H:BRD-K06186994-001-05-3:10,A549,BRD-K06186994,BRD-K06186994,0.16585957756404723,0.14797225557019408,0.01788732199385315,False
92b066eb4,CPC006_NCIH1694_6H:BRD-K02822062-001-01-3:10,NCIH1694,BRD-K02822062,CT-200783,0.14986122348542946,0.14965545500051564,0.00020576848491382638,False
92bcfa08c,CPC016_SKB_24H:BRD-A84389633-001-02-4:10,SKB,BRD-A84389633,"tropanyl-3,5-dimethylbenzoate",0.15233726136052483,0.15189675579526823,0.00044050556525659923,False
92d4d3daa,CPC006_A673_6H:BRD-K34581968-001-01-2:11.1,A673,BRD-K34581968,BMS-536924,0.15056906517198124,0.1477570886657279,0.0028119765062533386,False
92d8a1677,CPC019_HCC515_6H:BRD-A87455648-001-05-6:10,HCC515,BRD-A87455648,BRD-A87455648,0.16701790187007814,0.16197905306372182,0.0050388488063563275,False
92eee1e9c,AML001_CD34_6H:BRD-K95149906:3.33333,CD34,BRD-K95149906,BRD-K95149906,0.17495992644954317,0.1618292958720736,0.013130630577469576,False
9300311a3,CPC005_MCF7_6H:BRD-A22769835-300-03-2:10,MCF7,BRD-A22769835,homochlorcyclizine,0.15877771092915446,0.15863769776043862,0.00014001316871584124,False
9307b7820,DOS054_HT29_24H:BRD-K24789695-001-01-3:5,HT29,BRD-K24789695,BRD-K24789695,0.16303770080933752,0.15741181359327336,0.005625887216064163,False
931ae30d5,CPC006_RMUGS_6H:BRD-K14696368-001-01-8:10,RMUGS,BRD-K14696368,"9-methyl-5H-6-thia-4,5-diaza-chrysene-6,6-dioxide",0.15808888387048847,0.154228060049875,0.0038608238206134793,False
9326faad2,CPC007_HT29_24H:BRD-K33305493-001-02-9:10,HT29,BRD-K33305493,BRD-K33305493,0.16886452770509597,0.15694575882348122,0.01191876888161475,False
93303298e,CPC006_RKO_6H:BRD-K82746043-001-03-7:10,RKO,BRD-K82746043,navitoclax,0.18778110841225087,0.15134752355508202,0.036433584857168855,False
9335516ff,DOS051_PC3_24H:BRD-K58600416-001-01-9:5.03,PC3,BRD-K58600416,BRD-K58600416,0.1784561853493545,0.16525915388409554,0.013197031465258968,False
93633f995,DOS051_HT29_24H:BRD-K42634310-001-01-4:5.04,HT29,BRD-K42634310,BRD-K42634310,0.17095390935374577,0.17037690572706551,0.0005770036266802558,False
936b511d2,CPC013_NEU_24H:BRD-K76236182-001-01-2:10,NEU,BRD-K76236182,BRD-K76236182,0.16270548133641516,0.16119551470783536,0.0015099666285798008,False
93750c9d0,CPC020_HT29_6H:BRD-A80638690-001-02-8:10,HT29,BRD-A80638690,floxuridine,0.1697795163912475,0.15503538786009602,0.01474412853115148,False
93ca4bac4,NMH001_NEU_6H:BRD-K53888148-001-01-0:10,NEU,BRD-K53888148,DASB,0.1643203843700747,0.14445290619770695,0.019867478172367753,False
93cbfaa05,CPC004_MCF7_6H:BRD-K20482099-001-01-1:10,MCF7,BRD-K20482099,rutin,0.1379834668281334,0.13768978749756927,0.00029367933056412276,False
93d2e301a,CPC011_HA1E_6H:BRD-K68132782-003-10-4:10,HA1E,BRD-K68132782,terbinafine,0.15202767544450357,0.14797756419327096,0.004050111251232613,False
93ee7d2e8,CPC009_VCAP_6H:BRD-K49237419-001-03-5:10,VCAP,BRD-K49237419,KU-C103671,0.14595954981252582,0.14595723254678583,2.317265739987251e-06,False
94197aabe,CPC019_HEPG2_6H:BRD-K44696931-001-01-0:10,HEPG2,BRD-K44696931,BRD-K44696931,0.17442573198012595,0.15781612735213163,0.016609604627994323,False
942553571,CPC006_U937_6H:BRD-K18190982-002-01-2:44.4,U937,BRD-K18190982,COT-10b,0.15874354315762507,0.15806006457876684,0.0006834785788582265,False
94255bcc3,CPC009_VCAP_6H:BRD-K92559570-001-03-3:10,VCAP,BRD-K92559570,KU-C103884,0.1758192731195064,0.17427903343091514,0.0015402396885912661,False
9429c36f2,DOS001_VCAP_24H:BRD-K85879095-001-01-4:5.06,VCAP,BRD-K85879095,BRD-K85879095,0.1568122754188806,0.15602968500937092,0.0007825904095096758,False
947bca065,DOS053_A549_24H:BRD-K17973355-001-01-3:5.04,A549,BRD-K17973355,BRD-K17973355,0.1515189012688229,0.14367700925714702,0.007841892011675872,False
948380682,ERG015_PC3_6H:BRD-K73788182-001-01-5:10.2564,PC3,BRD-K73788182,BRD-K73788182,0.17321399762720988,0.16469298051243156,0.008521017114778318,False
948b0edbc,DOS052_HT29_24H:BRD-K17883815-001-01-8:5.05,HT29,BRD-K17883815,BRD-K17883815,0.14866780500611518,0.1473008515378306,0.0013669534682845819,False
948fbf412,CPC015_A549_6H:BRD-K98490050-001-01-8:10,A549,BRD-K98490050,amsacrine,0.14674080900889722,0.14473359220381507,0.002007216805082146,False
9497c295d,CPC008_HEPG2_6H:BRD-K35046132-001-01-6:10,HEPG2,BRD-K35046132,BRD-K35046132,0.1672918755481202,0.15748989949713055,0.009801976050989647,False
9499c3d27,DOS040_HT29_24H:BRD-K76644587-001-01-8:5.04,HT29,BRD-K76644587,BRD-K76644587,0.1470657091150791,0.14619922890305398,0.0008664802120251225,False
94bd65e9a,CPC006_COV644_6H:BRD-K53595844-001-01-8:10,COV644,BRD-K53595844,phenoxazine,0.16026761441104834,0.15152935472195284,0.008738259689095501,False
94c7faef3,DOS052_MCF7_24H:BRD-K23414424-001-01-7:5.23,MCF7,BRD-K23414424,BRD-K23414424,0.1724703991025564,0.15462964548142705,0.017840753621129357,False
94ce06893,CPC005_PC3_24H:BRD-K03319035-003-02-7:10,PC3,BRD-K03319035,maprotiline,0.18941849722162055,0.1819901631684486,0.007428334053171948,False
94e531807,CPC007_VCAP_24H:BRD-K48199208-001-05-8:10,VCAP,BRD-K48199208,BRD-K48199208,0.13987633072963743,0.13667433784530816,0.0032019928843292633,False
94e537324,PCLB003_A375_24H:BRD-K19826688-001-02-7:0.37,A375,BRD-K19826688,BRD-K19826688,0.1936515927268813,0.1926364155365668,0.0010151771903144924,False
950d67fbf,CPC010_HT29_6H:BRD-K44978960-001-06-5:10,HT29,BRD-K44978960,BRD-K44978960,0.17087720417215446,0.1613683619364809,0.009508842235673554,False
9510eba67,CPC019_HEPG2_6H:BRD-K91677732-001-01-3:10,HEPG2,BRD-K91677732,BRD-K91677732,0.172160952788281,0.16594102789922405,0.006219924889056955,False
952b76dfc,NMH002_NEU_24H:BRD-K63089472-001-04-3:10,NEU,BRD-K63089472,farnesylthioacetic-acid,0.16617288697140253,0.15004243461318506,0.016130452358217473,False
953553a62,CPC019_A375_6H:BRD-K39289507-001-01-5:10,A375,BRD-K39289507,BRD-K39289507,0.17574698725047477,0.1575564191355645,0.018190568114910266,False
954007658,CPC013_A549_24H:BRD-K67010098-001-01-5:10,A549,BRD-K67010098,BRD-K67010098,0.15744663208008974,0.15381110049392638,0.0036355315861633652,False
9549afdec,CPC005_MCF7_6H:BRD-K32977963-001-03-5:10,MCF7,BRD-K32977963,eugenol,0.1623800948023809,0.14314793343464705,0.01923216136773384,False
95686e7fa,DOS043_HT29_24H:BRD-K76636716-001-01-8:5.01,HT29,BRD-K76636716,BRD-K76636716,0.1642552410079459,0.14277596016831623,0.02147928083962966,False
956c3b5da,ERG011_VCAP_24H:BRD-K48668625-001-01-6:10.127,VCAP,BRD-K48668625,BRD-K48668625,0.1862232573665337,0.18365028526491298,0.0025729721016207185,False
9574c8381,CPC006_SW620_6H:BRD-K15563106-001-08-1:177.6,SW620,BRD-K15563106,phloretin,0.16362288103745284,0.15674447209329445,0.006878408944158393,False
957aaf61f,DOS045_A549_24H:BRD-K36065557-001-01-1:4.86,A549,BRD-K36065557,BRD-K36065557,0.14673930651795808,0.14506680316075188,0.001672503357206201,False
959b696e2,CPC003_HCC515_24H:BRD-K88429204-001-18-7:10,HCC515,BRD-K88429204,pyrimethamine,0.14918977933890268,0.1440604345600691,0.005129344778833589,False
95a5b4f7e,DOS047_MCF7_24H:BRD-K74894470-001-01-1:4.98,MCF7,BRD-K74894470,BRD-K74894470,0.22136228465883406,0.18431122493145002,0.03705105972738404,False
95b087f23,CPC008_MCF7_6H:BRD-A66604020-001-01-1:10,MCF7,BRD-A66604020,BRD-A66604020,0.1588588211515608,0.15105405704254793,0.007804764109012874,False
95b2192ba,DOS026_VCAP_6H:BRD-K26862321-001-01-8:5.03,VCAP,BRD-K26862321,BRD-K26862321,0.14953081983258315,0.1455344687827391,0.003996351049844055,False
95b589070,DOS051_PC3_24H:BRD-K88363359-001-01-7:4.99,PC3,BRD-K88363359,BRD-K88363359,0.17538096700061892,0.17507224326562923,0.00030872373498969097,False
95d5c9ec1,CPC007_HT29_24H:BRD-K60571253-001-05-5:10,HT29,BRD-K60571253,BRD-K60571253,0.16449662271050564,0.16145272175730557,0.0030439009532000627,False
95ee8a6e3,DOS058_A375_24H:BRD-K02577117-019-01-0:5,A375,BRD-K02577117,BRD-K02577117,0.1553473196417652,0.15515699111394504,0.00019032852782016607,False
95f6fde0e,CPC015_NPC_24H:BRD-K39733634-001-01-8:10,NPC,BRD-K39733634,L-161982,0.1650798976174555,0.1642353904981515,0.0008445071193040055,False
95fa83810,CPC003_HCC515_6H:BRD-K30990140-003-01-6:10,HCC515,BRD-K30990140,FR-122047,0.16964429529957414,0.16244452860959552,0.007199766689978626,False
9620527a5,PCLB001_JURKAT_24H:BRD-A70150975-001-01-4:10,JURKAT,BRD-A70150975,hydroxyl,0.16003796739303783,0.1524471847474313,0.007590782645606531,False
964888f81,PCLB002_PC3_24H:BRD-K98645985:1.11,PC3,BRD-K98645985,BRD-K98645985,0.17934385773835868,0.15792585313703492,0.02141800460132376,False
965df75d5,CPC006_HA1E_24H:BRD-A13084692-001-04-1:10,HA1E,BRD-A13084692,troglitazone,0.1658186605834967,0.1593609639348743,0.006457696648622391,False
9661459bc,CPC006_HEC108_6H:BRD-K15563106-001-08-1:177.6,HEC108,BRD-K15563106,phloretin,0.154203482680223,0.15181681439939873,0.002386668280824261,False
96619d6b1,DOSBIO001_PC3_24H:BRD-K19677752:10.0343,PC3,BRD-K19677752,BRD-K19677752,0.17934310968091827,0.17376985646786944,0.005573253213048829,False
966f02f06,LJP002_MCF7_24H:BRD-K49865102-001-04-3:0.4,MCF7,BRD-K49865102,PD-0325901,0.16502317834357694,0.16308070427842727,0.001942474065149663,False
9678651a2,DOS051_MCF7_24H:BRD-K18412690-001-01-5:4.98,MCF7,BRD-K18412690,BRD-K18412690,0.16671154649311223,0.1540081911216807,0.012703355371431524,False
9679541e9,CPC020_HT29_6H:BRD-A31800922-003-21-0:10,HT29,BRD-A31800922,procyclidine,0.15313541634008565,0.1476218224271292,0.005513593912956444,False
9684693b8,LJP001_MDAMB231_24H:BRD-K92428232-001-03-1:2,MDAMB231,BRD-K92428232,GSK-461364,0.1634239018124348,0.154322305168425,0.009101596644009807,False
969f2cc14,CPC014_A549_24H:BRD-K63915849-001-01-1:10,A549,BRD-K63915849,AS-604850,0.1567125609762165,0.144726674113146,0.011985886863070505,False
96b9ac123,DOS008_VCAP_24H:BRD-K85721574-001-01-8:5.02,VCAP,BRD-K85721574,BRD-K85721574,0.15392659258942232,0.14942927990737898,0.004497312682043342,False
96c2fddf7,DOS046_A375_24H:BRD-K73423175-001-01-8:5,A375,BRD-K73423175,BRD-K73423175,0.15823072506001268,0.15123263089848868,0.006998094161523999,False
96cb92f3b,PCLB002_HEPG2_24H:BRD-K22587354:0.37,HEPG2,BRD-K22587354,BRD-K22587354,0.1630829582677628,0.1595299065129258,0.003553051754837,False
96cba48b8,DOS007_VCAP_24H:BRD-K43160803-001-01-3:4.94,VCAP,BRD-K43160803,BRD-K43160803,0.14666126103086857,0.14596690219169078,0.0006943588391777888,False
96dc4f534,DOS048_A375_24H:BRD-K43283393-001-01-9:4.97,A375,BRD-K43283393,BRD-K43283393,0.18075829135046984,0.16747165447223883,0.013286636878231006,False
96e24fca6,KMS002_THP1_6H:BRD-K22828899-001-01-5:0.37,THP1,BRD-K22828899,TUL-XXI039,0.1576485099579149,0.15391629715452837,0.0037322128033865365,False
972d151e6,CPC001_PC3_6H:BRD-A49906757-004-03-1:10,PC3,BRD-A49906757,scopolamine-n-oxide,0.16897717543000063,0.1501564970620424,0.018820678367958227,False
972f41291,CPC013_PC3_24H:BRD-K51696048-001-01-0:10,PC3,BRD-K51696048,BRD-K51696048,0.1755235373661413,0.1656253229618873,0.00989821440425398,False
9743b41f4,CPC010_HT29_6H:BRD-K02986291-001-04-3:10,HT29,BRD-K02986291,BRD-K02986291,0.15509683755417167,0.1547733029053721,0.00032353464879955607,False
975a46d76,HOG002_MCF7_6H:BRD-K11163873-001-02-8:1.11,MCF7,BRD-K11163873,phenanthridone,0.16858753066016946,0.16652099597051473,0.002066534689654731,False
9791e3d0b,DOS047_HT29_24H:BRD-K79064338-001-01-8:5,HT29,BRD-K79064338,BRD-K79064338,0.15818237806508248,0.1465624140114917,0.011619964053590781,False
979f3480e,CPC006_HCT116_6H:BRD-A34817987-001-11-8:10,HCT116,BRD-A34817987,itraconazole,0.18069931424125665,0.17398453327649704,0.006714780964759609,False
97b1b62ef,DOS042_A549_24H:BRD-K02125996-001-01-2:5.01,A549,BRD-K02125996,BRD-K02125996,0.15731752276906064,0.15320854997066788,0.004108972798392757,False
97c5016a2,CPC016_A549_24H:BRD-K67043667-001-15-7:10,A549,BRD-K67043667,altretamine,0.15286078207012319,0.15172864611684483,0.0011321359532783515,False
97fd3b0ee,CPC002_HCC515_24H:BRD-A17453586-003-01-5:10,HCC515,BRD-A17453586,MDL-72832,0.1490214283957589,0.1451850266549249,0.0038364017408340223,False
9800c0dfb,LJP001_HS578T_6H:BRD-A79768653-001-05-4:0.4,HS578T,BRD-A79768653,sirolimus,0.1720874735487697,0.1498976936743544,0.022189779874415283,False
98075a197,CPC018_A549_6H:BRD-K38903228-001-02-8:10,A549,BRD-K38903228,hesperidin,0.19686972674949085,0.1929667344282163,0.0039029923212745565,False
982d5e3b2,DOSBIO002_NPC_24H:BRD-K48527688:10.0287,NPC,BRD-K48527688,BRD-K48527688,0.17330783382325907,0.17315068050832585,0.0001571533149332116,False
984bc762c,CPC006_NCIH596_6H:BRD-K01868942-001-02-1:160,NCIH596,BRD-K01868942,RS-23597-190,0.18035529181573312,0.16249871923541587,0.017856572580317254,False
986f762a1,DOS034_MCF7_24H:BRD-K54730162-001-01-4:5.03,MCF7,BRD-K54730162,BRD-K54730162,0.17332434460705703,0.1562075919840226,0.017116752623034442,False
987f5f004,CPC010_PC3_24H:BRD-K81300454-001-05-1:10,PC3,BRD-K81300454,BRD-K81300454,0.17595660242338673,0.17543318707817532,0.0005234153452114143,False
9898cba0d,DOS054_PC3_24H:BRD-K59722258-001-01-1:5,PC3,BRD-K59722258,BRD-K59722258,0.18022690051428775,0.17902315895075344,0.0012037415635343107,False
989a4f93d,CPC007_PC3_24H:BRD-K71746704-001-05-5:10,PC3,BRD-K71746704,BRD-K71746704,0.1693059554101023,0.16113842140321954,0.008167534006882748,False
98a2c9b21,DOS047_A375_24H:BRD-K20197338-001-01-6:5.01,A375,BRD-K20197338,BRD-K20197338,0.17615843111751578,0.16591215655176675,0.01024627456574903,False
98b848210,CPC013_HCC515_6H:BRD-A14178283-001-01-1:10,HCC515,BRD-A14178283,BRD-A14178283,0.14405549700281353,0.14271316027919909,0.0013423367236144457,False
98c09cca0,CPC005_A549_24H:BRD-A54845972-066-01-5:10,A549,BRD-A54845972,dihydroergotamine,0.15741902618078016,0.14700463773168473,0.010414388449095424,False
98c4c858e,CPC006_VCAP_24H:BRD-K40853697-001-04-9:160,VCAP,BRD-K40853697,STAT3-inhibitor-VI,0.14846714652153067,0.1472156996000435,0.0012514469214871815,False
98c8c9ccc,CPC016_MCF7_6H:BRD-A81795050-003-01-7:10,MCF7,BRD-A81795050,U-18666A,0.16057031882464587,0.15170369505099612,0.008866623773649746,False
98c94f9b9,DOS043_A375_24H:BRD-K42595694-001-01-3:5.02,A375,BRD-K42595694,BRD-K42595694,0.15073756196316823,0.14431338572113406,0.006424176242034174,False
98d258152,CPC012_NEU_24H:BRD-K77014406-001-03-8:10,NEU,BRD-K77014406,BRD-K77014406,0.160675733683396,0.15316665664394652,0.007509077039449474,False
98e035c12,NMH001_NPC_6H:BRD-A12881497-001-01-4:10,NPC,BRD-A12881497,serotonin,0.1478366594151455,0.14170260989612354,0.006134049519021967,False
98e4ba42b,DOSBIO002_A375_24H:BRD-K98036459:10.0497,A375,BRD-K98036459,BRD-K98036459,0.1447365078381983,0.1445274104377461,0.0002090974004521906,False
98f47e803,CPC011_PC3_6H:BRD-A24543851-001-04-0:10,PC3,BRD-A24543851,nornicotine,0.16209121823234132,0.1611686346207562,0.0009225836115851205,False
9900aeef2,CPC006_SW480_6H:BRD-K76964878-001-01-8:24,SW480,BRD-K76964878,EX-527,0.16262077262586347,0.15208247040226874,0.010538302223594725,False
99017a2c7,CPC017_ASC_24H:BRD-K00486786-001-01-4:10,ASC,BRD-K00486786,Ro-08-2750,0.1968888634270827,0.18294083104466818,0.013948032382414516,False
990d1947d,RAD001_HCC515_6H:BRD-K95986273-001-01-9:0.0046,HCC515,BRD-K95986273,MW-MITF24,0.14620547757047545,0.1460306747907667,0.0001748027797087437,False
991b96cb6,CPD001_MCF7_6H:BRD-A53952395-003-19-4:10,MCF7,BRD-A53952395,prilocaine,0.1644965240391261,0.15563411910959074,0.008862404929535356,False
991dccfc4,DOS057_PC3_24H:BRD-K43212439-001-01-4:5,PC3,BRD-K43212439,BRD-K43212439,0.17208232086369557,0.15423576354863494,0.01784655731506063,False
992da3b02,CPC005_MCF7_24H:BRD-A37541666-003-01-6:10,MCF7,BRD-A37541666,naloxone,0.17229757416250796,0.16720805212259857,0.005089522039909394,False
994e6101b,DOS046_PC3_24H:BRD-K87790979-001-01-2:5,PC3,BRD-K87790979,BRD-K87790979,0.17311832904885335,0.1582957831721914,0.014822545876661958,False
9956b5d67,CPC010_HT29_6H:BRD-K80738081-001-32-8:10,HT29,BRD-K80738081,resveratrol,0.1805691145149572,0.17683057031457922,0.0037385442003779745,False
99d003a74,PCLB003_MCF7_24H:BRD-K95309561-001-20-5:0.37,MCF7,BRD-K95309561,dienestrol,0.16786936222233584,0.15587340930462745,0.011995952917708386,False
99d524de4,DOS056_A375_24H:BRD-K93411257-001-01-0:5,A375,BRD-K93411257,BRD-K93411257,0.1647277581141599,0.15460821722059265,0.010119540893567258,False
99f8a66ae,CPC003_VCAP_24H:BRD-A49765801-001-03-3:10,VCAP,BRD-A49765801,fludroxycortide,0.16789859910760035,0.15409458591324066,0.013804013194359699,False
99fcbbc29,CPC019_HA1E_6H:BRD-K18059480-001-01-8:10,HA1E,BRD-K18059480,BRD-K18059480,0.15187151489663592,0.1506583258917616,0.0012131890048743266,False
9a095f480,CPC013_NEU_24H:BRD-K20032655-001-01-0:10,NEU,BRD-K20032655,BRD-K20032655,0.15161157895850932,0.1491379648300773,0.002473614128432028,False
9a37fdcc7,CPC005_A549_24H:BRD-K89732114-300-05-5:10,A549,BRD-K89732114,trifluoperazine,0.16081293509810016,0.15971601354087428,0.0010969215572258773,False
9a4100e20,CPC007_HT29_6H:BRD-K13665914-001-06-2:10,HT29,BRD-K13665914,BRD-K13665914,0.1670564439785525,0.15972272724084458,0.007333716737707913,False
9a4775f71,DOS046_A549_24H:BRD-K84447616-001-01-1:5,A549,BRD-K84447616,BRD-K84447616,0.1587751229117398,0.15629099805067045,0.002484124861069359,False
9a49e42b7,CPC015_NPC_24H:BRD-A73368467-003-07-7:10,NPC,BRD-A73368467,fexofenadine,0.14407422572261655,0.14350336373622627,0.0005708619863902809,False
9a4aae9f4,DOS039_A375_24H:BRD-K63164901-001-01-1:4.95,A375,BRD-K63164901,BRD-K63164901,0.15437082153609122,0.15122647062186861,0.0031443509142226045,False
9a52a0142,DOS052_A375_24H:BRD-K20121961-001-01-0:4.96,A375,BRD-K20121961,BRD-K20121961,0.15643415369382802,0.15599911221172943,0.0004350414820985804,False
9a6b15c7b,HOG003_A549_24H:BRD-A18763547-300-04-8:1.11,A549,BRD-A18763547,BAX-channel-blocker,0.17251222739121214,0.1628865862677566,0.009625641123455542,False
9a72fd9f7,CPC012_ASC_24H:BRD-K23353440-001-01-7:10,ASC,BRD-K23353440,TMI-15,0.16088515808544251,0.15200310266973344,0.008882055415709078,False
9a7ae5f54,DOS052_MCF7_24H:BRD-K93754181-001-01-4:4.97,MCF7,BRD-K93754181,BRD-K93754181,0.16556580051744285,0.1617951670704275,0.0037706334470153646,False
9a7e1dc21,CPC006_NCIH1836_6H:BRD-K88544581-001-03-8:80,NCIH1836,BRD-K88544581,CI-976,0.1664885394111078,0.1613865634317191,0.005101975979388718,False
9aad9c729,CPC017_PHH_24H:BRD-K98769987-001-09-6:10,PHH,BRD-K98769987,flumazenil,0.13641875492658118,0.135276470331843,0.0011422845947381688,False
9ab3a6c42,CPC010_A549_24H:BRD-K06217810-019-03-5:10,A549,BRD-K06217810,BRD-K06217810,0.16196999903852155,0.14977495196796126,0.012195047070560294,False
9ab79493d,CPC012_ASC_24H:BRD-K95760042-001-02-6:10,ASC,BRD-K95760042,BRD-K95760042,0.15683366039592525,0.151042999761134,0.00579066063479125,False
9ac33dbfe,BRAF001_A375_6H:BRD-K63675182-003-18-6:2.5,A375,BRD-K63675182,triflupromazine,0.15577501965923757,0.15420857028914103,0.0015664493700965343,False
9ac5906c2,CPC010_A549_6H:BRD-K64979116-001-03-8:10,A549,BRD-K64979116,BRD-K64979116,0.15777353380331968,0.15517653594406877,0.00259699785925091,False
9ac88657a,DOS051_HT29_24H:BRD-M12187987-001-01-9:5.06,HT29,BRD-M12187987,BRD-M12187987,0.17034504236980097,0.1545461786930729,0.01579886367672806,False
9ae8e1c27,CPC020_A375_6H:BRD-A25576662-001-01-4:10,A375,BRD-A25576662,streptozotocin,0.16051553856425516,0.15852091053007247,0.0019946280341826828,False
9aefd7800,DOS053_MCF7_24H:BRD-K96329791-001-01-4:5.07,MCF7,BRD-K96329791,BRD-K96329791,0.1410541785167982,0.13741413911750014,0.0036400393992980506,False
9af8c1058,PCLB003_A549_24H:BRD-K21001652-001-01-7:1.11,A549,BRD-K21001652,BRD-K21001652,0.1451187270999311,0.1430941097112262,0.002024617388704908,False
9aff06a16,CPC001_VCAP_6H:BRD-K74141488-003-03-9:10,VCAP,BRD-K74141488,naftifine,0.16905095178751506,0.16350278342556326,0.005548168361951794,False
9b0fa2676,DOSBIO002_NEU_24H:BRD-K02665621:10.0427,NEU,BRD-K02665621,BRD-K02665621,0.16307769471367345,0.16120870020449157,0.001868994509181876,False
9b4d542a5,DOS053_A549_24H:BRD-K12980773-001-01-7:5,A549,BRD-K12980773,BRD-K12980773,0.17406138329037435,0.16400706573094942,0.01005431755942493,False
9b87ce240,CPC005_A549_6H:BRD-K17294426-050-05-7:10,A549,BRD-K17294426,clebopride,0.16954132403535002,0.1542071819933229,0.015334142042027127,False
9b964b696,CPC014_HEPG2_6H:BRD-K40300908-001-01-2:10,HEPG2,BRD-K40300908,BRD-K40300908,0.15221019134598918,0.14645521275830795,0.005754978587681231,False
9bc8479ea,DOS049_A375_24H:BRD-A59046243-001-01-5:5,A375,BRD-A59046243,BRD-A59046243,0.15367770149436116,0.14664691693543794,0.007030784558923225,False
9bdffe5bb,CPC009_A549_6H:BRD-A57457122-001-01-2:10,A549,BRD-A57457122,VU-0400071-3,0.14945736630191012,0.14786614456915526,0.0015912217327548606,False
9bf0c9681,DOS052_MCF7_24H:BRD-K66732564-001-02-8:5,MCF7,BRD-K66732564,BRD-K66732564,0.15809769609180377,0.15391836202081668,0.004179334070987084,False
9c00f05e0,DOS057_A375_24H:BRD-K12743465-001-01-2:5,A375,BRD-K12743465,BRD-K12743465,0.15024679956012954,0.1483986006456569,0.0018481989144726318,False
9c9b4e56a,DOS052_MCF7_24H:BRD-K48431409-001-01-1:5.07,MCF7,BRD-K48431409,BRD-K48431409,0.16390951849582594,0.1626378712291015,0.001271647266724435,False
9ca1dc01a,CVD001_HUH7_6H:BRD-K16956545-001-01-0:2.4116,HUH7,BRD-K16956545,BRD-K16956545,0.14405812534344367,0.13773274616710052,0.006325379176343154,False
9cbacb6de,DOS024_VCAP_6H:BRD-K72267874-001-01-4:4.92,VCAP,BRD-K72267874,BRD-K72267874,0.171106579776293,0.17013209182494377,0.0009744879513492455,False
9cc1467b6,LJP002_MDAMB231_24H:BRD-K66538826-001-03-1:10,MDAMB231,BRD-K66538826,amuvatinib,0.1683065069169835,0.1592230071344533,0.009083499782530202,False
9cce94064,DOS013_VCAP_6H:BRD-K92593565-001-01-3:5.02,VCAP,BRD-K92593565,BRD-K92593565,0.17884468920388288,0.15967622235691487,0.01916846684696802,False
9cd9c098b,CPC006_VCAP_24H:BRD-K53855319-001-01-2:11.1,VCAP,BRD-K53855319,SRT-1720,0.17117414998527963,0.16987209253608712,0.0013020574491925119,False
9cf0df213,CPC010_PC3_6H:BRD-A62434282-015-02-8:10,PC3,BRD-A62434282,goserelin,0.1687987863682667,0.1606567123961732,0.008142073972093489,False
9d1c9eb50,CPC008_A549_6H:BRD-K08640787-001-01-7:10,A549,BRD-K08640787,BRD-K08640787,0.15429753155312226,0.15056834685339582,0.00372918469972644,False
9d43f8843,DOSBIO002_MCF7_24H:BRD-K68682056:10.0319,MCF7,BRD-K68682056,BRD-K68682056,0.17621660089450086,0.16275398771461336,0.013462613179887506,False
9d574d1db,LJP001_HS578T_6H:BRD-K53561341-001-03-4:0.4,HS578T,BRD-K53561341,aurora-a-inhibitor-i,0.15450602518095002,0.14934822401408276,0.00515780116686726,False
9d5a1c5c1,CPC015_PHH_24H:BRD-K81839095-001-04-6:10,PHH,BRD-K81839095,estrone,0.15629239378952003,0.14578610123286204,0.010506292556657998,False
9d5b0d635,CVD001_PHH_6H:BRD-K32581454-001-01-5:9.8759,PHH,BRD-K32581454,BRD-K32581454,0.1470833704180778,0.14675808313260025,0.0003252872854775657,False
9d5b8a0e2,DOS029_VCAP_24H:BRD-K16561280-001-01-7:5.04,VCAP,BRD-K16561280,BRD-K16561280,0.18652056229571817,0.15167802065822317,0.034842541637495006,False
9d5bf829c,CPC006_RKO_6H:BRD-K82746043-001-03-7:10,RKO,BRD-K82746043,navitoclax,0.16075502928056246,0.1572134886133541,0.003541540667208354,False
9d9257d83,CPC006_A375_24H:BRD-A98248982-001-05-6:10,A375,BRD-A98248982,BRD-A98248982,0.16317881947006943,0.1596306974543653,0.0035481220157041193,False
9d9943987,CPC001_HA1E_6H:BRD-K26573499-300-01-3:10,HA1E,BRD-K26573499,DMAB-anabaseine,0.17132725023583245,0.16548514669464714,0.005842103541185306,False
9dc12fdd6,PRISM001_PC3_24H:CMAP-PRISM-TP7:10,PC3,CMAP-PRISM-TP7,TP7,0.18162060993685497,0.17038841758921056,0.011232192347644415,False
9dc2848e0,LJP001_MCF10A_24H:BRD-K01436366-001-05-7:2,MCF10A,BRD-K01436366,XMD-1150,0.14986076896988834,0.1415479940924587,0.008312774877429652,False
9ddeb8b52,DOS046_A375_24H:BRD-K89000385-001-01-2:5,A375,BRD-K89000385,BRD-K89000385,0.1671681443024326,0.16067269107335166,0.006495453229080933,False
9debdaeaf,DOS010_VCAP_24H:BRD-K29004135-001-01-0:5.02,VCAP,BRD-K29004135,BRD-K29004135,0.16075953957176578,0.1490044777335549,0.011755061838210873,False
9df803dd5,PCLB001_A549_24H:BRD-K16604218-001-01-2:2.5,A549,BRD-K16604218,KUC111109N,0.14757226250177083,0.144119278522087,0.003452983979683827,False
9e11305b9,ERG011_VCAP_6H:BRD-K07476834-001-01-0:0.4,VCAP,BRD-K07476834,BRD-K07476834,0.16861765308368387,0.15906286783946433,0.009554785244219544,False
9e24f0cb6,CPC015_SKB_24H:BRD-A49447682-001-01-6:10,SKB,BRD-A49447682,desoximetasone,0.13920507531423873,0.1389841713646613,0.00022090394957743897,False
9e25474f1,DOSBIO002_A375_24H:BRD-K67236950:10.6884,A375,BRD-K67236950,BRD-K67236950,0.16576632789718249,0.15007075973536543,0.015695568161817053,False
9e588abba,DOS046_HT29_24H:BRD-K10082717-001-01-3:5,HT29,BRD-K10082717,BRD-K10082717,0.14710643036075388,0.1432908459665026,0.0038155843942512813,False
9e60dd9a0,CPC014_A375_6H:BRD-K32610195-001-11-5:10,A375,BRD-K32610195,androstenedione,0.174739944500691,0.1585808214841108,0.016159123016580207,False
9e9c9ce56,RAD001_A549_6H:BRD-K73947551-001-02-8:0.0046,A549,BRD-K73947551,amifostine,0.1568941420408743,0.1524010197721141,0.004493122268760197,False
9ec582849,CPC006_NCIH1836_6H:BRD-K58550667-001-01-2:0.08,NCIH1836,BRD-K58550667,FK-866,0.16397314611189484,0.16346729511759928,0.0005058509942955647,False
9ef139b37,CPC005_VCAP_6H:BRD-K21548250-003-03-5:10,VCAP,BRD-K21548250,moracizine,0.1534876301454453,0.14627950018423808,0.0072081299612072325,False
9ef936a40,NMH001_NEU_6H:BRD-U37487928-000-01-8:10,NEU,BRD-U37487928,GGTI-2133,0.18159270216221618,0.1615906452237782,0.020002056938437984,False
9f316ed9a,PCLB002_PC3_24H:BRD-K39569857:0.37,PC3,BRD-K39569857,avrainvillamide-analog-3,0.16984421418697293,0.15616884708875062,0.013675367098222313,False
9f31b00f7,CPC019_A549_6H:BRD-K94137285-001-02-4:10,A549,BRD-K94137285,JPR-3-97-17,0.1552688015491063,0.15521171056482608,5.709098428022252e-05,False
9f61be6d5,ERG017_VCAP_24H:BRD-K89326053:0.37,VCAP,BRD-K89326053,BRD-K89326053,0.1477779699949212,0.14359072980070434,0.0041872401942168735,False
9f80f3f77,KMS002_THP1_6H:BRD-K23582869-001-01-3:0,THP1,BRD-K23582869,BRD-K23582869,0.16981719613824262,0.14706603376715546,0.022751162371087152,False
9f8251d45,CPC001_HCC515_6H:BRD-K12120659-305-01-4:10,HCC515,BRD-K12120659,GR-144053,0.15160236827727458,0.14335269500187775,0.00824967327539683,False
9f8c1612d,ERG014_PC3_6H:BRD-K90608600-001-01-8:9.97146,PC3,BRD-K90608600,BRD-K90608600,0.15443074972281604,0.1493960694688462,0.005034680253969831,False
9f907fcd6,CPC001_HCC515_6H:BRD-A95939040-008-03-3:10,HCC515,BRD-A95939040,sertaconazole,0.1571442583525677,0.14845590690473554,0.008688351447832171,False
9f98326fc,CPC005_A549_6H:BRD-A55369275-003-01-2:10,A549,BRD-A55369275,CGP-54626,0.15498865001260398,0.1531947354284805,0.0017939145841234794,False
9f9f2cc3e,DOS034_A549_24H:BRD-K05232104-001-01-2:5.01,A549,BRD-K05232104,BRD-K05232104,0.15462564428553838,0.14962824393176133,0.004997400353777048,False
9fb47bdfb,CPC005_PC3_6H:BRD-K13571841-001-04-5:10,PC3,BRD-K13571841,pepstatin,0.16084572723194135,0.15384698863104423,0.006998738600897114,False
9ff6e306f,CPC014_VCAP_6H:BRD-A98283014-003-07-7:10,VCAP,BRD-A98283014,calmidazolium,0.17068479610080892,0.16963390065463574,0.0010508954461731779,False
9ffc1c082,CPC005_A549_6H:BRD-K55748775-001-01-4:10,A549,BRD-K55748775,SCH-28080,0.16902881775808298,0.16317876320255084,0.0058500545555321415,False
9ffde3b1b,CPC006_RMGI_6H:BRD-K88544581-001-03-8:80,RMGI,BRD-K88544581,CI-976,0.16568679036385014,0.1647475772801592,0.0009392130836909374,False
a0250da6a,DOS006_VCAP_6H:BRD-K78173425-001-01-2:5.11,VCAP,BRD-K78173425,BRD-K78173425,0.1555383977272638,0.15221164940125056,0.0033267483260132347,False
a043e7bb8,DOS027_VCAP_24H:BRD-K79983157-001-01-7:4.97,VCAP,BRD-K79983157,BRD-K79983157,0.1556737236550436,0.14219557920397796,0.013478144451065627,False
a0a121fc3,LJP002_MCF10A_24H:BRD-K42191735-001-01-2:0.4,MCF10A,BRD-K42191735,buparlisib,0.14967713899615637,0.1469966235664384,0.002680515429717978,False
a0e043edf,BRAF001_A375_6H:BRD-K16478699-001-05-0:0.15625,A375,BRD-K16478699,PLX-4720,0.17009681230600832,0.1650215468121728,0.0050752654938355235,False
a0e292dfb,DOSBIO002_NPC_24H:BRD-A19500257:0.37037,NPC,BRD-A19500257,geldanamycin,0.14864450654095446,0.13864776639343918,0.009996740147515282,False
a115ee06e,CPC006_HEPG2_6H:BRD-K15108141-001-01-7:0.08,HEPG2,BRD-K15108141,gemcitabine,0.18112555421982907,0.1702172490836726,0.010908305136156454,False
a1256fb17,CPC006_RKO_6H:BRD-K56700933-001-01-3:10,RKO,BRD-K56700933,phenethyl-isothiocyanate,0.16692326943585953,0.16174644636429192,0.00517682307156761,False
a12fba982,DOS026_VCAP_24H:BRD-K96047861-001-01-7:5.01,VCAP,BRD-K96047861,BRD-K96047861,0.14824507853071472,0.1448654904781504,0.0033795880525643307,False
a13f301e0,PCLB003_HT29_24H:BRD-K75295174-001-01-9:3.33,HT29,BRD-K75295174,alisertib,0.17649771325895278,0.15776233289110814,0.01873538036784464,False
a14e0fa86,CPC016_MCF7_6H:BRD-A94413429-003-01-6:10,MCF7,BRD-A94413429,NTNCB,0.16981525827264007,0.1661615584741818,0.003653699798458282,False
a16b60c44,DOS053_A549_24H:BRD-K17973355-001-01-3:5.04,A549,BRD-K17973355,BRD-K17973355,0.14085522291134867,0.14076417447657327,9.10484347753926e-05,False
a17e63cf1,DOS030_VCAP_6H:BRD-K87520488-001-01-7:5.02,VCAP,BRD-K87520488,BRD-K87520488,0.14284075590933687,0.13942614615935234,0.003414609749984532,False
a180cec12,CPC011_A549_24H:BRD-K70778732-003-22-6:10,A549,BRD-K70778732,trazodone,0.15755761766619708,0.15575627443945603,0.0018013432267410534,False
a18d62192,CPC010_A375_6H:BRD-A55609290-001-05-7:10,A375,BRD-A55609290,BRD-A55609290,0.18206352016796978,0.1682040571990597,0.01385946296891008,False
a1976a4b8,DOS041_A375_24H:BRD-K78467731-001-01-7:5.03,A375,BRD-K78467731,BRD-K78467731,0.1496704659248688,0.1484558812698748,0.0012145846549939943,False
a19d26516,DOS001_VCAP_6H:BRD-K54916924-001-01-8:4.88,VCAP,BRD-K54916924,BRD-K54916924,0.15070586620369442,0.13958303817892936,0.011122828024765052,False
a1a7000c4,DOS006_VCAP_24H:BRD-K52574175-001-01-3:5.04,VCAP,BRD-K52574175,BRD-K52574175,0.15489073535809425,0.13889077958998325,0.015999955768111,False
a1a709d02,LJP001_HS578T_24H:BRD-K52911425-001-04-9:2,HS578T,BRD-K52911425,GDC-0941,0.15029622450698013,0.149740832864905,0.0005553916420751315,False
a1a9a44dd,CPC014_NPC_24H:BRD-K43764301-001-07-6:10,NPC,BRD-K43764301,dexketoprofen,0.16185475931441504,0.1594818009840892,0.0023729583303258306,False
a1b18de47,DOSBIO001_A375_24H:BRD-K68253248:10.1649,A375,BRD-K68253248,BRD-K68253248,0.1816217876502728,0.16196743251995188,0.019654355130320905,False
a1b909edb,CPC009_MCF7_6H:BRD-K24686773-001-01-6:10,MCF7,BRD-K24686773,BRD-K24686773,0.1508139434769444,0.150699299522577,0.00011464395436741603,False
a1c6ba2a1,DOS047_PC3_24H:BRD-K74894470-001-01-1:4.98,PC3,BRD-K74894470,BRD-K74894470,0.16150634809955927,0.15056261008251143,0.010943738017047844,False
a1d43b20d,CPC016_A549_24H:BRD-K96862998-001-03-1:10,A549,BRD-K96862998,pirfenidone,0.13664200030743334,0.1360927812008448,0.0005492191065885332,False
a1f4f1154,CPC006_NCIH2073_6H:BRD-A05874290-001-02-5:160,NCIH2073,BRD-A05874290,DL-TBOA,0.15663347032426495,0.15482281719075996,0.0018106531335049803,False
a1f8fe095,DOS010_VCAP_6H:BRD-K65517548-001-01-7:4.98,VCAP,BRD-K65517548,BRD-K65517548,0.16008498762562623,0.15732238939496238,0.002762598230663854,False
a20704b85,DOS022_VCAP_24H:BRD-K20827004-001-02-9:5,VCAP,BRD-K20827004,BRD-K20827004,0.15789389219829547,0.15762205971365054,0.0002718324846449349,False
a209e826b,CPC013_MCF7_24H:BRD-K83620635-001-01-1:10,MCF7,BRD-K83620635,BRD-K83620635,0.20185764613289633,0.1923733129375773,0.009484333195319022,False
a20f959f2,LJP002_BT20_24H:BRD-K38113518-001-01-5:0.4,BT20,BRD-K38113518,XMD-16144,0.16071950508084124,0.15612090413630092,0.004598600944540315,False
a214197e5,AML001_U937_24H:BRD-K21918725:3.33333,U937,BRD-K21918725,BRD-K21918725,0.18273866548898196,0.15953722909100063,0.023201436397981334,False
a21ccc603,CPC006_TYKNU_6H:BRD-K61053657-001-01-4:80,TYKNU,BRD-K61053657,BRD-K61053657,0.15738154098162932,0.14913837568189373,0.008243165299735594,False
a226e91f9,CPC019_A375_6H:BRD-K81249836-001-01-8:10,A375,BRD-K81249836,BRD-K81249836,0.14583050363088387,0.14456844030422414,0.0012620633266597348,False
a23ade66d,CPC006_JHUEM2_6H:BRD-A81541225-001-02-7:10,JHUEM2,BRD-A81541225,oligomycin-a,0.1546551296557469,0.15289482696286408,0.0017603026928828258,False
a24a0384e,LJP001_HS578T_6H:BRD-K53414658-001-04-1:0.08,HS578T,BRD-K53414658,tivozanib,0.161263557703611,0.15887773655337567,0.0023858211502353344,False
a2793d94f,CPC010_PC3_24H:BRD-K08799912-001-04-3:10,PC3,BRD-K08799912,BRD-K08799912,0.16260740041111044,0.1553008889202665,0.007306511490843937,False
a28556d51,CPC006_RKO_6H:BRD-K82746043-001-03-7:10,RKO,BRD-K82746043,navitoclax,0.19341837712214405,0.16194338048488863,0.03147499663725542,False
a28c4829a,CPC013_A375_6H:BRD-K70974948-001-01-9:10,A375,BRD-K70974948,BRD-K70974948,0.154935067735899,0.15250672418914962,0.0024283435467493675,False
a2a054566,DOS051_PC3_24H:BRD-M32778103-001-01-0:4.99,PC3,BRD-M32778103,BRD-M32778103,0.1646784307695459,0.16374999743115576,0.0009284333383901555,False
a2a784ba2,CPC011_VCAP_6H:BRD-K18895904-001-11-2:10,VCAP,BRD-K18895904,olanzapine,0.16204161752002244,0.15106332823070145,0.010978289289320986,False
a2ad9316c,NMH001_NEU_24H:BRD-K45845523-001-01-6:10,NEU,BRD-K45845523,BRD-K45845523,0.1709061533322576,0.16266808364469212,0.008238069687565464,False
a2b2bab6e,CPC006_HCC515_24H:BRD-A30655177-001-08-2:111.11,HCC515,BRD-A30655177,LFM-A13,0.1539177485713416,0.15177539124812953,0.0021423573232120796,False
a2bc2d048,CPC006_RMUGS_6H:BRD-K41087962-001-01-7:0.63,RMUGS,BRD-K41087962,BRD-K41087962,0.15268497286865015,0.15204646798513988,0.0006385048835102769,False
a2da0271b,DOS043_A549_24H:BRD-K15935695-001-01-3:5,A549,BRD-K15935695,BRD-K15935695,0.15523106251263535,0.14203806630138754,0.01319299621124781,False
a2f3f1f63,CPC010_PC3_6H:BRD-K54168141-001-05-4:10,PC3,BRD-K54168141,BRD-K54168141,0.17426538124191981,0.14961567952543198,0.024649701716487837,False
a3066427d,CPC005_HCC515_6H:BRD-K65146499-001-14-7:10,HCC515,BRD-K65146499,nabumetone,0.15380160210755714,0.15019098685250046,0.0036106152550566817,False
a31885e97,MUC.CP005_MCF7_24H:BRD-K07967886-001-01-5:0.3689,MCF7,BRD-K07967886,BRD-K07967886,0.18140593088262255,0.17180903897341465,0.0095968919092079,False
a321adac7,CPC008_VCAP_6H:BRD-A30612536-001-01-4:10,VCAP,BRD-A30612536,BRD-A30612536,0.17590117044039766,0.1657483532828395,0.01015281715755817,False
a327c260f,CPC008_PC3_6H:BRD-K82185908-019-01-8:10,PC3,BRD-K82185908,BRD-K82185908,0.15184732010255492,0.14997672081905022,0.0018705992835046925,False
a3357cf2a,DOS057_HT29_24H:BRD-K62919978-001-01-7:5,HT29,BRD-K62919978,BRD-K62919978,0.15081173430373981,0.15057844970343492,0.0002332846003048894,False
a354df2dc,CPC013_PC3_6H:BRD-K57019930-001-01-0:10,PC3,BRD-K57019930,BRD-K57019930,0.1533991858806339,0.14746100703505396,0.005938178845579928,False
a37ffdd7d,ERG010_VCAP_6H:BRD-K53949821-001-01-4:10.052,VCAP,BRD-K53949821,BRD-K53949821,0.16515167567542616,0.16314180130432415,0.002009874371102005,False
a3939548f,CPC006_VCAP_24H:BRD-K89391146-001-02-3:80,VCAP,BRD-K89391146,RG-108,0.16047571468335284,0.15313262975377462,0.00734308492957822,False
a393c6f69,CPC004_VCAP_6H:BRD-A80017228-001-15-8:10,VCAP,BRD-A80017228,bendroflumethiazide,0.15753457202981175,0.14421285845853,0.013321713571281757,False
a39ce96c9,MUC.CP001_MCF7_24H:BRD-K27797475-001-01-9:10.1131,MCF7,BRD-K27797475,SA-1938219,0.1925171797844379,0.18668375499061038,0.0058334247938275074,False
a3bf5eb18,CPC015_PHH_24H:BRD-K81839095-001-04-6:10,PHH,BRD-K81839095,estrone,0.14998520814656632,0.13761005644824736,0.012375151698318959,False
a3c658a7e,CPC001_HCC515_6H:BRD-K71430621-303-01-5:10,HCC515,BRD-K71430621,clobenpropit,0.18232466194821734,0.15617351194842627,0.026151149999791068,False
a3ceccb28,DOS030_VCAP_6H:BRD-K87520488-001-01-7:5.02,VCAP,BRD-K87520488,BRD-K87520488,0.16216422132827776,0.15971389697595662,0.002450324352321148,False
a3d118bcd,CPC018_NPC_24H:BRD-K37270826-001-16-9:10,NPC,BRD-K37270826,mifepristone,0.14361893272817164,0.1424022510519603,0.0012166816762113342,False
a3daef582,DOS052_A375_24H:BRD-K17666351-001-02-5:5.01,A375,BRD-K17666351,BRD-K17666351,0.17209651177037372,0.16824721221098657,0.003849299559387148,False
a3e52fcc0,DOS057_HT29_24H:BRD-K27682288-001-01-0:5,HT29,BRD-K27682288,BRD-K27682288,0.16156711685794561,0.15979813344117555,0.0017689834167700647,False
a3ee887d9,LJP002_BT20_24H:BRD-K73368362-001-02-6:0.4,BT20,BRD-K73368362,BIX-02189,0.14509442121110244,0.14034959308954253,0.0047448281215599075,False
a404bf959,DOS060_HT29_24H:BRD-K97226655-001-01-6:5,HT29,BRD-K97226655,BRD-K97226655,0.15871143251612968,0.1528052288058616,0.005906203710268093,False
a4272df75,CPC005_HT29_6H:BRD-K37447567-004-05-3:10,HT29,BRD-K37447567,hydrocotarnine,0.14709791233847047,0.14447643156648865,0.002621480771981821,False
a42acae5f,CVD001_HEPG2_24H:BRD-A19500257:10,HEPG2,BRD-A19500257,geldanamycin,0.18479000990939495,0.16233692870777996,0.02245308120161499,False
a44e72ca3,CPC013_A375_6H:BRD-K49865102-001-01-9:10,A375,BRD-K49865102,PD-0325901,0.17011883203028566,0.16924480172179185,0.0008740303084938117,False
a45333fcf,DOS057_PC3_24H:BRD-K39766484-001-01-9:5,PC3,BRD-K39766484,BRD-K39766484,0.15405771244915198,0.15253734244031913,0.0015203700088328442,False
a47435fba,CPC010_VCAP_6H:BRD-K69676861-001-02-4:10,VCAP,BRD-K69676861,BRD-K69676861,0.17171248415296647,0.1693304403277714,0.0023820438251950793,False
a4797398a,DOS040_A375_24H:BRD-K91194423-001-01-3:4.98,A375,BRD-K91194423,BRD-K91194423,0.1689668863643335,0.16675975357086936,0.0022071327934641283,False
a48700886,DOS052_A375_24H:BRD-K83980681-001-02-0:5,A375,BRD-K83980681,BRD-K83980681,0.14729968079355826,0.13568393159698028,0.011615749196577985,False
a4a6aef68,CPC013_A549_6H:BRD-K49861754-001-04-3:10,A549,BRD-K49861754,BRD-K49861754,0.14959434894878892,0.14714572869976172,0.0024486202490272,False
a4d1c1cf6,DOSBIO001_NPC_24H:BRD-K96697180:9.36695,NPC,BRD-K96697180,BRD-K96697180,0.1871007784318047,0.158406463997387,0.028694314434417695,False
a4e7d9c48,ERG014_VCAP_6H:BRD-K51934037-001-01-8:10.0604,VCAP,BRD-K51934037,BRD-K51934037,0.14180230339249925,0.14024638240396192,0.0015559209885373237,False
a4f9f5bec,CPC016_NEU_24H:BRD-K70778732-003-15-0:10,NEU,BRD-K70778732,trazodone,0.15118957855053322,0.15076190309773285,0.000427675452800369,False
a4fde711c,DOS002_VCAP_6H:BRD-K75845944-001-01-0:5,VCAP,BRD-K75845944,BRD-K75845944,0.17423121383606396,0.1574210293816219,0.016810184454442073,False
a50459702,CPC018_NPC_24H:BRD-K17378184-300-03-4:10,NPC,BRD-K17378184,BP-897,0.14864937124074476,0.13785266763909365,0.010796703601651109,False
a504820a4,PCLB002_HA1E_24H:BRD-K81418486:0.12,HA1E,BRD-K81418486,vorinostat,0.1680595934821008,0.16502663003322637,0.0030329634488744373,False
a50b64b31,DOS056_HT29_24H:BRD-K96694631-001-01-5:5,HT29,BRD-K96694631,BRD-K96694631,0.15925290747665583,0.15328333176138134,0.005969575715274483,False
a5230817b,DOS036_A549_24H:BRD-K02229102-001-01-3:5.02,A549,BRD-K02229102,BRD-K02229102,0.15221347293627663,0.13900578114878281,0.013207691787493814,False
a551574a7,DOS051_HT29_24H:BRD-K98641517-001-01-3:5,HT29,BRD-K98641517,BRD-K98641517,0.1860295240601212,0.18241084976462807,0.0036186742954931184,False
a56d0962a,LJP001_SKBR3_24H:BRD-K72636697-001-01-5:0.4,SKBR3,BRD-K72636697,QL-X-138,0.15355862563432088,0.1507631752802176,0.0027954503541032794,False
a572d85d8,CPC003_HCC515_24H:BRD-K18779551-003-03-7:10,HCC515,BRD-K18779551,bifemelane,0.17595945866474788,0.15564482908818972,0.020314629576558163,False
a59c4d5d6,DOSBIO001_PC3_24H:BRD-K19677752:10.0343,PC3,BRD-K19677752,BRD-K19677752,0.2540448717701721,0.21058739976660343,0.04345747200356867,False
a5a285e3f,DOSBIO002_HT29_24H:BRD-K65426421:10.0733,HT29,BRD-K65426421,BRD-K65426421,0.14793689868998586,0.14776598280343667,0.00017091588654918888,False
a5c69912f,CPC006_HCT116_6H:BRD-K41260949-236-02-8:10,HCT116,BRD-K41260949,valproic-acid,0.18477056508622988,0.17196240150966094,0.012808163576568943,False
a5e36fe89,CPC010_MCF7_24H:BRD-K91273791-001-04-3:10,MCF7,BRD-K91273791,BRD-K91273791,0.1626528505180781,0.16070057685489145,0.0019522736631866489,False
a5e5002ef,LJP001_MCF10A_24H:BRD-K46056750-001-02-1:2,MCF10A,BRD-K46056750,AZD-7762,0.14836576959523995,0.14665935390689555,0.0017064156883443982,False
a61df3fa9,ERG014_VCAP_6H:BRD-K23438281-001-01-8:10.0359,VCAP,BRD-K23438281,BRD-K23438281,0.16073826414046927,0.15084005504850215,0.00989820909196712,False
a6334fda8,CPC011_HA1E_6H:BRD-K68132782-003-10-4:10,HA1E,BRD-K68132782,terbinafine,0.17598436483006474,0.17349280101305345,0.002491563817011294,False
a65dce982,DOS047_HT29_24H:BRD-K78487432-001-01-7:5.06,HT29,BRD-K78487432,BRD-K78487432,0.18001871116216264,0.15553209496636738,0.024486616195795258,False
a679b6ae7,CPC007_VCAP_6H:BRD-K80070306-001-05-1:10,VCAP,BRD-K80070306,BRD-K80070306,0.16418663310478104,0.16392591175599536,0.0002607213487856863,False
a67f38a69,CPC004_A375_6H:BRD-K30020243-051-01-7:10,A375,BRD-K30020243,aliskiren,0.165116066757521,0.16196839502378646,0.003147671733734536,False
a68423cff,DOS054_PC3_24H:BRD-K42543764-001-01-8:5,PC3,BRD-K42543764,BRD-K42543764,0.17193244387554654,0.1520936532310655,0.019838790644481047,False
a6854318d,BRAF001_A375_6H:BRD-K67578145-001-05-5:2.5,A375,BRD-K67578145,GDC-0879,0.13966270562567581,0.13709739508961843,0.0025653105360573802,False
a6a3946ba,LJP001_MCF7_6H:BRD-K52911425-001-04-9:0.08,MCF7,BRD-K52911425,GDC-0941,0.16288276976323168,0.15219973806230178,0.010683031700929907,False
a6a75feea,CPC018_MCF7_6H:BRD-A24122750-001-01-1:10,MCF7,BRD-A24122750,saclofen,0.1812762482873307,0.1687484259937399,0.012527822293590785,False
a6c49d7e9,PCLB001_JURKAT_6H:BRD-K37417543-001-01-0:2.5,JURKAT,BRD-K37417543,MW-SHH-28,0.16210767116670247,0.1529174506844701,0.009190220482232364,False
a6e8b2e70,PCLB002_A549_24H:BRD-K54343811:0.04,A549,BRD-K54343811,BRD-K54343811,0.15546969883177775,0.14598035006096793,0.009489348770809813,False
a6fda79c9,CPC016_SKB_24H:BRD-K79353516-001-03-5:10,SKB,BRD-K79353516,indolophenanthridine,0.15583832143738138,0.15337774465485635,0.002460576782525037,False
a704ab5d5,CPC009_HEPG2_6H:BRD-K06555716-019-01-7:10,HEPG2,BRD-K06555716,BRD-K06555716,0.1516260186712375,0.1473172212739669,0.004308797397270608,False
a73140a7b,CPC011_VCAP_6H:BRD-K60160658-003-07-0:10,VCAP,BRD-K60160658,tiagabine,0.21825394823232258,0.2148392339607871,0.003414714271535474,False
a7389b644,CPC009_HEPG2_6H:BRD-K06555716-019-01-7:10,HEPG2,BRD-K06555716,BRD-K06555716,0.14731678269425186,0.13981088743806952,0.007505895256182338,False
a74cfd885,CPC013_A549_24H:BRD-A25852922-001-01-5:10,A549,BRD-A25852922,ST-4034902,0.16837033857218286,0.13719501075554183,0.031175327816641035,False
a7533d956,MUC.CP003_NKDBA_24H:BRD-K16118047-001-01-0:0.3718,NKDBA,BRD-K16118047,SA-427543,0.16715510787778276,0.16242669049088365,0.004728417386899109,False
a7561b089,LJP002_MCF7_6H:BRD-K73368362-001-02-6:10,MCF7,BRD-K73368362,BIX-02189,0.16003192085293083,0.1594287417361802,0.0006031791167506184,False
a775159c0,CPC006_OV7_6H:BRD-A62025033-001-01-8:10,OV7,BRD-A62025033,temsirolimus,0.1615786181351089,0.15627382866178427,0.005304789473324634,False
a7abe00bf,DOS058_PC3_24H:BRD-K68121359-019-01-5:5,PC3,BRD-K68121359,BRD-K68121359,0.1831944970521966,0.15873995685707665,0.024454540195119945,False
a7b3e608d,DOS016_VCAP_6H:BRD-K43820987-001-01-0:5.12,VCAP,BRD-K43820987,BRD-K43820987,0.18399605010905107,0.16505411381947072,0.018941936289580352,False
a7c2673c1,CPC007_PC3_24H:BRD-K71746704-001-05-5:10,PC3,BRD-K71746704,BRD-K71746704,0.15890888735436923,0.1469766217903956,0.011932265563973615,False
a7c5f52df,CPC016_MCF7_6H:BRD-K98143437-001-01-7:10,MCF7,BRD-K98143437,SB-239063,0.17012491685220837,0.15368978268830402,0.016435134163904352,False
a82072ffe,CPC014_HA1E_6H:BRD-K51313569-001-02-9:10,HA1E,BRD-K51313569,palbociclib,0.1572876117039949,0.14928792653459425,0.007999685169400667,False
a8338aab4,DOS057_HT29_24H:BRD-K09335206-001-01-6:5,HT29,BRD-K09335206,BRD-K09335206,0.16611001387567065,0.15502189561744345,0.011088118258227198,False
a8498721f,CPC006_WSUDLCL2_6H:BRD-K22134346-001-09-0:10,WSUDLCL2,BRD-K22134346,simvastatin,0.16324934894114065,0.14207266709644015,0.021176681844700507,False
a85e24e2e,DOS026_VCAP_24H:BRD-K83391808-001-01-0:4.99,VCAP,BRD-K83391808,BRD-K83391808,0.15059073653623145,0.14692437088260846,0.003666365653622994,False
a85e8ffe9,DOS021_VCAP_24H:BRD-K81690566-001-01-9:5.04,VCAP,BRD-K81690566,BRD-K81690566,0.16846327527199917,0.14591645993608826,0.022546815335910908,False
a87d92c8b,CPC014_MCF7_24H:BRD-U04166717-000-01-2:10,MCF7,BRD-U04166717,XMD-1499,0.15883411411033405,0.15677689557667648,0.002057218533657562,False
a8866b858,NMH001_NPC_24H:BRD-A17081056-001-01-9:10,NPC,BRD-A17081056,BRD-A17081056,0.17031474103148822,0.16854399876842838,0.0017707422630598435,False
a88c74ce5,CPC013_NEU_24H:BRD-K76236182-001-01-2:10,NEU,BRD-K76236182,BRD-K76236182,0.14885418328295827,0.14257324513577962,0.006280938147178644,False
a8b665a89,PCLB003_A549_24H:BRD-K79877282-001-02-7:0.12,A549,BRD-K79877282,PF-543,0.16254865651713396,0.15113114171286018,0.011417514804273776,False
a8bab2657,CPC015_ASC_24H:BRD-K43068349-001-01-9:10,ASC,BRD-K43068349,AMG-9810,0.15405553280843523,0.14847125322181604,0.005584279586619195,False
a8e1ede40,CPC006_A673_6H:BRD-K96354014-001-09-6:10,A673,BRD-K96354014,nifedipine,0.14904724112633763,0.14775700709228237,0.0012902340340552598,False
a8ec8311e,NMH002_NPC_6H:BRD-K04701986-001-02-8:10,NPC,BRD-K04701986,BL-050,0.1572711431551611,0.15391208618679955,0.0033590569683615568,False
a90e40334,HOG002_MCF7_24H:BRD-K08417745-001-02-9:0.3704,MCF7,BRD-K08417745,SID-26681509,0.17160651263235877,0.1623509548125618,0.009255557819796978,False
a90ee8ca7,BRAF001_HEK293T_6H:BRD-K74820615-045-01-9:0.625,HEK293T,BRD-K74820615,morantel,0.1487520392270593,0.14823034487267997,0.0005216943543793207,False
a91b3dc1e,CPC014_HT29_6H:BRD-K88714443-001-01-9:10,HT29,BRD-K88714443,BRD-K88714443,0.15273586177750936,0.1518862320942937,0.0008496296832156691,False
a94b73995,CPC020_HA1E_6H:BRD-A16478930-001-02-8:10,HA1E,BRD-A16478930,amcinonide,0.15156483623606007,0.1481493733195851,0.0034154629164749595,False
a95ca4f7d,CPC011_A549_6H:BRD-K57954781-002-05-7:10,A549,BRD-K57954781,BRD-K57954781,0.15666428432610507,0.15631430576690464,0.00034997855920043675,False
a993c9d8e,CPC006_RKO_6H:BRD-K82746043-001-03-7:10,RKO,BRD-K82746043,navitoclax,0.18204717211194546,0.15957386122122563,0.022473310890719828,False
a994d4d9b,DOS025_VCAP_24H:BRD-K62473229-001-01-2:4.97,VCAP,BRD-K62473229,BRD-K62473229,0.16709520596979788,0.16202334143658753,0.005071864533210346,False
a99e370a4,HDAC002_MCF7_6H:BRD-K77908580-001-04-7:10,MCF7,BRD-K77908580,entinostat,0.15016769005577726,0.14682826757235345,0.0033394224834238095,False
a9a5bbe24,DOS057_HT29_24H:BRD-K09335206-001-01-6:5,HT29,BRD-K09335206,BRD-K09335206,0.17152461494277177,0.16741565221939994,0.0041089627233718284,False
a9ac20ce4,RAD001_MCF7_24H:BRD-K80738081-001-23-7:0.3704,MCF7,BRD-K80738081,resveratrol,0.151999849516452,0.1476702608545223,0.004329588661929701,False
a9b96bdd4,DOS003_VCAP_24H:BRD-K35615823-001-01-2:5.01,VCAP,BRD-K35615823,BRD-K35615823,0.15203812485735288,0.14532194769298185,0.006716177164371034,False
a9bc2c549,CPC013_HT29_6H:BRD-K83643280-001-01-1:10,HT29,BRD-K83643280,BG-FA-0953,0.1610291758105042,0.15833837246424823,0.00269080334625596,False
a9d14dd13,CPC006_RKO_6H:BRD-K81473043-001-04-7:0.35,RKO,BRD-K81473043,tanespimycin,0.16180903086740162,0.1554611505475585,0.006347880319843124,False
a9dc13239,CPC014_SKB_24H:BRD-K59939374-001-01-0:10,SKB,BRD-K59939374,BRD-K59939374,0.1539418190689235,0.14924516162938928,0.004696657439534235,False
a9f09ee64,CPC013_PC3_6H:BRD-K66876909-001-04-3:10,PC3,BRD-K66876909,linezolid,0.1553897455925966,0.15007785629122017,0.005311889301376438,False
aa29a93b4,NMH002_NEU_24H:BRD-A58048407-001-12-1:10,NEU,BRD-A58048407,nimodipine,0.1582446945240873,0.14752156460264548,0.01072312992144181,False
aa545b534,DOS055_A375_24H:BRD-K12124649-001-01-4:5,A375,BRD-K12124649,BRD-K12124649,0.1738261445130262,0.1455990328806513,0.0282271116323749,False
aa5999e70,DOS052_A549_24H:BRD-K38860595-001-01-7:5.06,A549,BRD-K38860595,BRD-K38860595,0.14993737723681844,0.14409375433380145,0.005843622903016987,False
aa7888a9c,CPC006_NOMO1_6H:BRD-K88560311-011-02-2:10,NOMO1,BRD-K88560311,rucaparib,0.15377423829559356,0.14923914296874147,0.00453509532685209,False
aa7b9f4cc,DOSBIO002_A375_24H:BRD-K40185230:9.66806,A375,BRD-K40185230,BRD-K40185230,0.15465260264700137,0.14918853137467303,0.005464071272328341,False
aa8c877e3,CPC013_PC3_6H:BRD-K88542532-001-01-6:10,PC3,BRD-K88542532,BRD-K88542532,0.15143698633513358,0.13587495096125546,0.015562035373878125,False
aaf5e7891,CPC017_ASC_24H:BRD-K00486786-001-01-4:10,ASC,BRD-K00486786,Ro-08-2750,0.186145106172286,0.18417252110886723,0.001972585063418769,False
ab15a41c0,CPC008_PC3_6H:BRD-K82185908-019-01-8:10,PC3,BRD-K82185908,BRD-K82185908,0.1525219877582762,0.15049697087214906,0.0020250168861271345,False
ab265c296,DOSBIO001_PC3_24H:BRD-K73427206:9.98287,PC3,BRD-K73427206,BRD-K73427206,0.1621077879302295,0.152632254936467,0.009475532993762498,False
ab2e02e76,DOS028_VCAP_6H:BRD-M28080892-001-01-2:5.02,VCAP,BRD-M28080892,BRD-M28080892,0.14592564501321476,0.1456409529024269,0.00028469211078785417,False
ab39b39cb,CPC007_HA1E_24H:BRD-K62586643-001-05-0:10,HA1E,BRD-K62586643,JAS07-001,0.15995408702389535,0.14950183935437997,0.010452247669515385,False
ab3ec4d85,DOS054_PC3_24H:BRD-K25295874-001-01-3:5,PC3,BRD-K25295874,BRD-K25295874,0.1418254895521105,0.13969716858251197,0.0021283209695985295,False
ab3f5b53b,DOS017_VCAP_24H:BRD-K95880106-001-01-7:5.01,VCAP,BRD-K95880106,BRD-K95880106,0.16688325943202437,0.16389918602436615,0.0029840734076582165,False
ab416e5b9,CPC020_HCC515_6H:BRD-A11170096-001-01-8:10,HCC515,BRD-A11170096,pravastatin,0.1631727076643446,0.156644161797726,0.006528545866618607,False
ab50adc64,LJP002_MDAMB231_6H:BRD-A58280226-001-02-0:10,MDAMB231,BRD-A58280226,Y-27632,0.18052198084320376,0.16998404469505865,0.010537936148145105,False
ab5979bc0,CPC007_HA1E_24H:BRD-K22210218-001-04-4:10,HA1E,BRD-K22210218,BRD-K22210218,0.19855488878636135,0.16817898544235188,0.03037590334400947,False
ab6e8a3f1,DOS045_HT29_24H:BRD-K30954716-001-02-8:5.01,HT29,BRD-K30954716,BRD-K30954716,0.1548504385005933,0.15128347710013282,0.0035669614004604777,False
ab97699fb,CPC018_A549_6H:BRD-K34170797-001-01-1:10,A549,BRD-K34170797,fexaramine,0.1651737803304048,0.1591040415909491,0.00606973873945571,False
abbe5bb77,DOS032_PC3_24H:BRD-K88307956-001-01-1:4.95,PC3,BRD-K88307956,BRD-K88307956,0.1619964399296257,0.15772386859240395,0.004272571337221753,False
abe3d3a3f,CPC005_HT29_24H:BRD-A53077924-236-01-4:10,HT29,BRD-A53077924,tianeptine,0.15250894221817426,0.15101957653110676,0.0014893656870675065,False
abe5d0dcc,CPC004_HCC515_6H:BRD-A09094913-001-03-1:10,HCC515,BRD-A09094913,strychnine,0.1613810083527723,0.1592761098682498,0.0021048984845224994,False
abec24ea6,CPC013_SKB_24H:BRD-K72703948-001-03-6:10,SKB,BRD-K72703948,ZM-447439,0.16807906645305626,0.156900429407139,0.011178637045917261,False
ac1a855c8,CPC006_SW480_6H:BRD-K64634304-001-01-5:40,SW480,BRD-K64634304,tretinoin,0.1550095456412516,0.15411589822896643,0.0008936474122851756,False
ac2e68607,CPC016_A375_6H:BRD-A91008255-003-16-4:10,A375,BRD-A91008255,bepridil,0.16664587337750336,0.16346947474892948,0.0031763986285738843,False
ac304c699,CPD001_MCF7_24H:BRD-K71013094-065-03-8:10,MCF7,BRD-K71013094,neomycin,0.15510501577592817,0.1542838683252687,0.0008211474506594763,False
ac39ed33f,DOS060_A549_24H:BRD-K64417176-001-01-0:5,A549,BRD-K64417176,BRD-K64417176,0.16773449067684548,0.16070429127608638,0.007030199400759107,False
ac4d7be36,CPC006_VCAP_6H:BRD-K76703230-001-01-3:0.31,VCAP,BRD-K76703230,YM-155,0.15258921313224252,0.14702975086058406,0.005559462271658461,False
ac6230f28,CPC006_PC3_6H:BRD-K89692698-001-06-7:160,PC3,BRD-K89692698,BRD-K89692698,0.16432029754955818,0.15551418791456106,0.008806109634997117,False
ac7586e48,NMH001_FIBRNPC_6H:BRD-M28563253-001-01-0:10,FIBRNPC,BRD-M28563253,BRD-M28563253,0.16761379622801414,0.1569264919188822,0.01068730430913195,False
ac7ea7c77,CRCGN001_HA1E_24H:BRD-K27062708-001-20-7:19.9,HA1E,BRD-K27062708,chlorotrianisene,0.16009225468140606,0.15614564665334335,0.003946608028062709,False
acccb8d39,CPC004_HA1E_6H:BRD-K30816563-003-01-1:10,HA1E,BRD-K30816563,ranitidine,0.17812963135351345,0.15920730429425134,0.018922327059262112,False
ace16ad9c,DOS047_A375_24H:BRD-K91729331-001-01-7:5.06,A375,BRD-K91729331,BRD-K91729331,0.1517492135442105,0.1495177504262059,0.002231463118004595,False
acf5d5c31,PCLB001_HCC515_24H:BRD-K92084213-001-01-9:2.5,HCC515,BRD-K92084213,MW-SHH-61,0.15953702222328142,0.15894660291080973,0.0005904193124716961,False
ad0701753,CPC015_A549_6H:BRD-A77349281-001-02-2:10,A549,BRD-A77349281,RK-682,0.15216423686356828,0.15164750742908722,0.0005167294344810558,False
ad1af9ba2,DOS052_A375_24H:BRD-K12974237-001-02-8:5.01,A375,BRD-K12974237,BRD-K12974237,0.1542146205328443,0.14889155145641095,0.0053230690764333455,False
ad1b1d36e,CPC006_RKO_6H:BRD-K59962020-001-06-9:10,RKO,BRD-K59962020,CHEMBL-374350,0.148913941804049,0.14670813496007928,0.0022058068439697043,False
ad2da4efe,CPC019_A549_24H:BRD-K31856043-001-01-0:10,A549,BRD-K31856043,BRD-K31856043,0.15104139043562365,0.14516372005604739,0.005877670379576261,False
ad2f68280,CPC003_HA1E_6H:BRD-K93754473-048-10-3:10,HA1E,BRD-K93754473,tamoxifen,0.1574024092271559,0.13537125535642702,0.022031153870728876,False
ad42010b1,DOS018_VCAP_24H:BRD-K83745732-001-01-8:5.01,VCAP,BRD-K83745732,BRD-K83745732,0.15637256040545927,0.1546534654724247,0.0017190949330345706,False
ad7b5d8e2,CPC006_VCAP_24H:BRD-K53855319-001-01-2:11.1,VCAP,BRD-K53855319,SRT-1720,0.1655697852001892,0.1569515399923621,0.008618245207827085,False
ad7d27aa1,DOS009_VCAP_6H:BRD-K81606899-001-01-3:5.03,VCAP,BRD-K81606899,BRD-K81606899,0.1595880760628517,0.154105282144695,0.005482793918156703,False
ad83db5b2,CPC017_A375_6H:BRD-K04414442-001-03-4:10,A375,BRD-K04414442,SB-222200,0.1517196176499831,0.1445458179977011,0.007173799652281987,False
ad84986d3,CPC016_NEU_24H:BRD-K82865713-001-02-6:10,NEU,BRD-K82865713,prostaglandin-b2,0.13932167035542525,0.1358569740589278,0.003464696296497455,False
ad86c2b4e,CPC020_PC3_6H:BRD-K41775742-001-01-4:10,PC3,BRD-K41775742,BRD-K41775742,0.16358697788046386,0.16125954972173503,0.002327428158728828,False
ad8a9c45d,CPC005_A549_6H:BRD-K03319035-003-02-7:10,A549,BRD-K03319035,maprotiline,0.16723199426288674,0.15527751141472534,0.01195448284816139,False
adabf11d3,DOSBIO001_A549_24H:BRD-K63279176:10.0156,A549,BRD-K63279176,BRD-K63279176,0.16086401318060867,0.1587661297795295,0.0020978834010791647,False
adb0c3173,DOS047_A375_24H:BRD-K27161555-001-01-1:5.06,A375,BRD-K27161555,BRD-K27161555,0.17424523659900615,0.16172476512321515,0.012520471475790995,False
adc9a457a,DOSBIO001_PC3_24H:BRD-K63813530:10.0318,PC3,BRD-K63813530,BRD-K63813530,0.16894840836090536,0.1598637880533669,0.009084620307538455,False
adf8b6ead,NMH001_NPC_6H:BRD-K86940927-001-01-7:10,NPC,BRD-K86940927,p-azido-PE-TFMPP,0.16438171023907203,0.15736974382699775,0.007011966412074272,False
adfbd607a,DOS056_MCF7_24H:BRD-K23674074-001-01-9:5,MCF7,BRD-K23674074,BRD-K23674074,0.15294559805180222,0.1438280916424313,0.009117506409370923,False
ae0c59f9b,CPC018_MCF7_6H:BRD-A31521121-001-15-7:10,MCF7,BRD-A31521121,methocarbamol,0.19971540590608933,0.19249273763424557,0.007222668271843757,False
ae1c0d788,CPC006_A375_24H:BRD-A98248982-001-05-6:10,A375,BRD-A98248982,BRD-A98248982,0.1550593454267186,0.14779104915188906,0.007268296274829528,False
ae2afcf9d,CPC006_A375_24H:BRD-K01292756-001-10-2:10,A375,BRD-K01292756,pimozide,0.16457189508837042,0.15537709912327363,0.009194795965096786,False
ae3761091,CPC016_A375_6H:BRD-A91008255-003-16-4:10,A375,BRD-A91008255,bepridil,0.16526577834004735,0.16108425038325092,0.004181527956796438,False
ae556993a,CPC018_A549_6H:BRD-K26241953-001-01-0:10,A549,BRD-K26241953,piceatannol,0.15865598416366253,0.15857360626527456,8.237789838796972e-05,False
ae5ed53b2,CPC007_HA1E_24H:BRD-K44241590-001-07-4:10,HA1E,BRD-K44241590,ASN-05257430,0.154752925885912,0.15160311691839845,0.0031498089675135454,False
ae712f9ef,CPC005_VCAP_6H:BRD-A78360835-001-01-1:10,VCAP,BRD-A78360835,cercosporin,0.1781716389036736,0.1702166597530522,0.007954979150621405,False
ae915ad1f,CPC011_A549_6H:BRD-A10977446-001-09-7:10,A549,BRD-A10977446,carvedilol,0.14227295660161443,0.13350556397518912,0.008767392626425313,False
aeb28b1ee,KMS002_NOMO1_24H:BRD-K12683773-300-02-1:0.01,NOMO1,BRD-K12683773,methyl-fasudil,0.1611687380466505,0.15918456842599069,0.001984169620659809,False
aed11ae9b,CPC016_NEU_24H:BRD-K67043667-001-15-7:10,NEU,BRD-K67043667,altretamine,0.18328845304834396,0.1827731477337979,0.0005153053145460496,False
aed22deb5,CPC020_A549_6H:BRD-K87226815-001-14-8:10,A549,BRD-K87226815,cycloserine-(d),0.15494693703428508,0.14192216311217756,0.013024773922107519,False
aed30fd00,CPC013_A375_6H:BRD-K36264978-001-01-1:10,A375,BRD-K36264978,KM-03439,0.1737806633871647,0.14761056304117298,0.02617010034599171,False
aed4e4afb,CPC008_HCC515_6H:BRD-K00637033-003-01-9:10,HCC515,BRD-K00637033,BRD-K00637033,0.1605288933812899,0.1465807229639229,0.013948170417366984,False
aeda2a606,DOS051_A549_24H:BRD-K05323441-001-01-1:4.99,A549,BRD-K05323441,BRD-K05323441,0.17645868530639258,0.16528991453535846,0.01116877077103412,False
aee4ccd0a,RAD001_HCC515_6H:BRD-K97530723-001-11-8:0.0046,HCC515,BRD-K97530723,melatonin,0.14156722156478307,0.13758045831376864,0.003986763251014436,False
aef80fc76,CPC005_MCF7_6H:BRD-K20152659-001-02-0:10,MCF7,BRD-K20152659,dihomo-gamma-linolenic-acid,0.1776532608121329,0.1668086906888322,0.0108445701233007,False
af0826003,CPC016_SKB_24H:BRD-K92683369-001-03-6:10,SKB,BRD-K92683369,graveoline,0.15695727093043793,0.15515888057259014,0.00179839035784779,False
af12e2904,MUC.CP001_MCF7_6H:BRD-K07125273-001-01-1:1.0834,MCF7,BRD-K07125273,SA-1473468,0.2080641988812219,0.2018508283833753,0.006213370497846593,False
af22cc3d8,CPC010_A375_6H:BRD-K25835021-001-03-4:10,A375,BRD-K25835021,BRD-K25835021,0.1853144611156468,0.1650626779036521,0.020251783211994723,False
af3aa3a26,PCLB002_A549_24H:BRD-K11533227:0.04,A549,BRD-K11533227,BRD-K11533227,0.16228812634133022,0.14419216867980691,0.018095957661523304,False
af488380b,CPC020_HT29_6H:BRD-K47323024-003-17-8:10,HT29,BRD-K47323024,methapyrilene,0.17891332001793397,0.17455853529503465,0.004354784722899324,False
af4d41141,ERG015_PC3_24H:BRD-K86217343-001-01-6:10.0864,PC3,BRD-K86217343,BRD-K86217343,0.15051905397553073,0.1402149794360454,0.010304074539485314,False
af6850fa6,DOS046_A375_24H:BRD-K11071576-001-01-5:5,A375,BRD-K11071576,BRD-K11071576,0.1572968677875528,0.15651530148353748,0.0007815663040153242,False
af7c2babf,CPC006_A375_6H:BRD-K90999434-003-01-9:10,A375,BRD-K90999434,BRD-K90999434,0.1712797085767685,0.1611271275566985,0.010152581020069995,False
af7f18b3a,DOSBIO001_A549_24H:BRD-A90490067:0.37037,A549,BRD-A90490067,fulvestrant,0.1450841566706036,0.14430540235113568,0.000778754319467917,False
af92887f9,CPC006_WSUDLCL2_6H:BRD-K71799949-001-20-8:96,WSUDLCL2,BRD-K71799949,carbamazepine,0.16716126071532122,0.15956668321518314,0.007594577500138089,False
afa502729,CPC014_HEPG2_6H:BRD-K36529613-001-01-8:10,HEPG2,BRD-K36529613,PU-H71,0.1623957778080466,0.15998660145026322,0.0024091763577833714,False
afafe3ca9,DOS047_A375_24H:BRD-K68614469-001-01-4:5.01,A375,BRD-K68614469,BRD-K68614469,0.17144923254420713,0.1572859910916424,0.014163241452564729,False
afd0dbace,DOS047_HT29_24H:BRD-K03669312-001-01-5:4.98,HT29,BRD-K03669312,BRD-K03669312,0.17119304189492623,0.16709667560745156,0.004096366287474673,False
afed0fc6d,DOS057_HT29_24H:BRD-K79579182-001-01-2:5,HT29,BRD-K79579182,BRD-K79579182,0.1610201916758986,0.16080201311655445,0.00021817855934413988,False
b0129f66e,CPD002_PC3_24H:BRD-A48180038-003-19-3:10,PC3,BRD-A48180038,trihexyphenidyl,0.14617256551635338,0.13903440821864513,0.007138157297708253,False
b016fdb77,LJP001_HS578T_6H:BRD-A10523515-001-03-8:2,HS578T,BRD-A10523515,GSK-429286A,0.1596479228490889,0.15255163421714882,0.00709628863194009,False
b01cf573a,CPC011_A549_24H:BRD-K25224017-001-21-9:10,A549,BRD-K25224017,pirenperone,0.2018586763312734,0.19416041754327087,0.007698258788002538,False
b046f598b,CPC014_NPC_24H:BRD-K82206012-001-01-3:10,NPC,BRD-K82206012,BRD-K82206012,0.16021913892289708,0.15517214826005615,0.005046990662840922,False
b077801cd,DOS033_MCF7_24H:BRD-K38546320-001-01-4:4.99,MCF7,BRD-K38546320,BRD-K38546320,0.16665874098533545,0.15253916442754265,0.014119576557792807,False
b07818506,CPC006_DV90_6H:BRD-A35588707-001-03-0:1.25,DV90,BRD-A35588707,teniposide,0.163618144761137,0.15551495037314705,0.008103194387989954,False
b0a0d2656,CPC019_A375_6H:BRD-K78549347-001-02-6:10,A375,BRD-K78549347,HTS-11203SC,0.14821062147656947,0.14673668202604648,0.0014739394505229875,False
b0b0fec1d,MUC.CP006_MCF7_24H:BRD-K63385089-001-01-6:10.1641,MCF7,BRD-K63385089,SA-85764,0.16696717222570612,0.16309140992072893,0.003875762304977187,False
b0c582a9c,DOS006_VCAP_6H:BRD-K88872152-001-02-4:5.01,VCAP,BRD-K88872152,BRD-K88872152,0.15778301317177265,0.15476840754062193,0.0030146056311507186,False
b0e220a18,CPC006_MCF7_6H:BRD-K91623615-001-01-9:10,MCF7,BRD-K91623615,ABT-751,0.17369355906957457,0.16034958016693296,0.013343978902641607,False
b0fbaa16b,DOS020_VCAP_6H:BRD-K84567604-001-01-0:5.36,VCAP,BRD-K84567604,BRD-K84567604,0.13859357236707096,0.13829060511541422,0.0003029672516567383,False
b12140550,CPC012_HCC515_6H:BRD-K06652922-001-01-0:10,HCC515,BRD-K06652922,BRD-K06652922,0.14825668002909279,0.14411125655270107,0.004145423476391713,False
b130d5c91,CPC004_HEPG2_6H:BRD-K28936863-051-18-1:10,HEPG2,BRD-K28936863,ketotifen,0.15777630336452061,0.1565480572633306,0.001228246101190017,False
b1404e2c5,CPC013_VCAP_6H:BRD-K50360938-001-01-7:10,VCAP,BRD-K50360938,BRD-K50360938,0.1719982734520235,0.159412821927856,0.012585451524167512,False
b16c06e60,CPC013_A375_6H:BRD-K55991774-001-01-1:10,A375,BRD-K55991774,BAS-09104376,0.15857026789733478,0.15665381162114517,0.0019164562761896098,False
b17956231,CPD001_PC3_24H:BRD-K63550407-001-10-1:10,PC3,BRD-K63550407,erythromycin,0.16406096623779107,0.15409488076862635,0.00996608546916472,False
b1795fcb0,CPC015_HT29_6H:BRD-A92177080-001-01-3:10,HT29,BRD-A92177080,betamethasone-acetate,0.17815680204048984,0.17774969585109585,0.0004071061893939909,False
b17dafa75,DOS017_VCAP_24H:BRD-K34869284-001-01-8:5.03,VCAP,BRD-K34869284,BRD-K34869284,0.16669523999317948,0.16615442789149057,0.0005408121016889089,False
b19964d8c,CPC009_HT29_6H:BRD-A29721261-001-06-6:10,HT29,BRD-A29721261,BRD-A29721261,0.16544878417308567,0.15452090761128812,0.010927876561797556,False
b1b429d55,PCLB002_A375_24H:BRD-K43797669:3.33,A375,BRD-K43797669,genistein,0.17297518689344588,0.15388572174206427,0.0190894651513816,False
b1c015924,DOS026_VCAP_24H:BRD-K96047861-001-01-7:5.01,VCAP,BRD-K96047861,BRD-K96047861,0.16761401494248315,0.15754088624479753,0.010073128697685618,False
b1d2840a2,DOS027_VCAP_24H:BRD-K15460493-001-01-6:5.03,VCAP,BRD-K15460493,BRD-K15460493,0.16531494596326318,0.16285264091314056,0.0024623050501226262,False
b1dc63d86,DOS056_A375_24H:BRD-K64589075-001-01-8:5,A375,BRD-K64589075,BRD-K64589075,0.154495932410313,0.1464092353476329,0.008086697062680115,False
b207618e4,CPC008_A375_24H:BRD-K78984681-019-01-3:10,A375,BRD-K78984681,BRD-K78984681,0.18434278196922751,0.1746039669327405,0.00973881503648702,False
b22df5987,DOS043_A375_24H:BRD-K08663380-001-01-0:5.3,A375,BRD-K08663380,BRD-K08663380,0.14845684726878478,0.1447073406524313,0.003749506616353482,False
b22fbda8b,CPC010_HEPG2_6H:BRD-K95547711-001-04-3:10,HEPG2,BRD-K95547711,BRD-K95547711,0.14094850921640184,0.13878268497542276,0.0021658242409790807,False
b23aa96a3,CPC007_HCC515_6H:BRD-K84284996-001-05-9:10,HCC515,BRD-K84284996,PSH-025,0.17053250265080427,0.1521266124249775,0.018405890225826782,False
b266bfb86,CPC009_VCAP_6H:BRD-K92559570-001-03-3:10,VCAP,BRD-K92559570,KU-C103884,0.1594020146740064,0.15637404795296878,0.0030279667210376116,False
b2768d10c,CPC006_AGS_6H:BRD-K64970062-001-01-5:10,AGS,BRD-K64970062,BRD-K64970062,0.1555670432302534,0.14593821762592485,0.00962882560432854,False
b2bce570f,DOS058_A375_24H:BRD-K84792586-019-01-8:5,A375,BRD-K84792586,BRD-K84792586,0.1663767677973022,0.16441554076735776,0.0019612270299444456,False
b2bd67ffa,CPC020_VCAP_24H:BRD-K44497846-050-02-2:10,VCAP,BRD-K44497846,enalapril,0.15043477721475765,0.148197638507939,0.002237138706818659,False
b2bda17d8,CPC002_HA1E_6H:BRD-K42221274-003-02-8:10,HA1E,BRD-K42221274,NNC-711,0.1719578094574962,0.15935336797654048,0.012604441480955714,False
b2e18c9b7,CRCGN001_HA1E_24H:BRD-A19232309-001-05-2:19.4,HA1E,BRD-A19232309,"1,2-propylene-glycol",0.17039071091783736,0.15477720723105265,0.015613503686784713,False
b2e6403f4,DOS055_PC3_24H:BRD-K79181721-001-01-5:5,PC3,BRD-K79181721,BRD-K79181721,0.14488313504583913,0.14473151702836065,0.00015161801747848314,False
b2edbb2ba,CPC017_A549_24H:BRD-A59215453-003-03-3:10,A549,BRD-A59215453,lobelanidine,0.18551208604588393,0.17879498605992347,0.006717099985960456,False
b2f8e638a,DOS051_PC3_24H:BRD-K14659422-001-01-0:4.99,PC3,BRD-K14659422,BRD-K14659422,0.14901512053511684,0.14614878744591842,0.002866333089198425,False
b2f9c1483,NMH002_NEU_24H:BRD-A58048407-001-12-1:10,NEU,BRD-A58048407,nimodipine,0.1657508750832572,0.15769055644722715,0.008060318636030045,False
b2fe3eca7,CPC006_RMGI_6H:BRD-K77432048-001-02-8:10,RMGI,BRD-K77432048,BRD-K77432048,0.16403225478566685,0.1561847368919626,0.007847517893704248,False
b3031b373,RAD001_MCF7_24H:BRD-K32107296-001-04-5:0.3704,MCF7,BRD-K32107296,temozolomide,0.15973531949438327,0.15611809665679105,0.003617222837592221,False
b30633cd4,DOS052_A375_24H:BRD-K61387428-001-01-4:4.98,A375,BRD-K61387428,BRD-K61387428,0.17432873096599596,0.15995572082103865,0.014373010144957316,False
b30c11496,CPC018_MCF7_6H:BRD-A31521121-001-15-7:10,MCF7,BRD-A31521121,methocarbamol,0.20292855318951497,0.1922013943789778,0.01072715881053718,False
b33d193be,CPC007_HT29_24H:BRD-K83589469-001-05-0:10,HT29,BRD-K83589469,BRD-K83589469,0.14494283563643276,0.14476138093215724,0.00018145470427552435,False
b36078dd2,CPC006_SNU1040_6H:BRD-K92301463-001-03-0:10,SNU1040,BRD-K92301463,"16,16-dimethylprostaglandin-e2",0.14541858830144375,0.14490519782699712,0.0005133904744466233,False
b369dab76,LJP002_HS578T_6H:BRD-K87737963-001-02-9:0.4,HS578T,BRD-K87737963,CYT387,0.18585073267556773,0.16662949606110755,0.01922123661446018,False
b3ab49180,DOS050_PC3_24H:BRD-K51394868-001-01-9:5,PC3,BRD-K51394868,BRD-K51394868,0.13574932427191586,0.1332484877599464,0.0025008365119694453,False
b3e11f9b4,ERG017_VCAP_24H:BRD-K16995194:1.12,VCAP,BRD-K16995194,BRD-K16995194,0.16777262312072574,0.14227454750912485,0.02549807561160089,False
b3e8b23fe,DOS040_HT29_24H:BRD-K68007071-001-01-1:5.02,HT29,BRD-K68007071,BRD-K68007071,0.16516960372958386,0.16428591564838974,0.0008836880811941283,False
b3f24a171,DOS055_PC3_24H:BRD-K28190569-001-01-3:5,PC3,BRD-K28190569,BRD-K28190569,0.1718470260486393,0.16260672619203723,0.009240299856602074,False
b41d21dbe,NMH002_NEU_24H:BRD-K26521938-001-06-4:10,NEU,BRD-K26521938,dinoprostone,0.17534338149139977,0.1485775839885597,0.026765797502840083,False
b439cd83a,DOS011_VCAP_24H:BRD-K62590938-001-01-5:4.98,VCAP,BRD-K62590938,BRD-K62590938,0.16906429289426225,0.16743144970418322,0.0016328431900790308,False
b44092fd6,CPC004_MCF7_6H:BRD-K86301799-001-19-9:10,MCF7,BRD-K86301799,dipyridamole,0.1550183202265655,0.13930927120215233,0.01570904902441317,False
b44140395,LJP001_MCF10A_24H:BRD-K83963101-001-02-8:0.08,MCF10A,BRD-K83963101,MLN-8054,0.17128373885666293,0.1659107169487597,0.00537302190790323,False
b45e6832d,NMH002_NEU_6H:BRD-K84943004-001-01-9:10,NEU,BRD-K84943004,MC-1293,0.15547846660544107,0.15532694268392816,0.00015152392151290828,False
b471db129,NMH002_NEU_24H:BRD-K87714311-001-01-9:10,NEU,BRD-K87714311,zebularine,0.16693355528948073,0.16658710463700313,0.0003464506524775979,False
b472193a9,DOS056_A375_24H:BRD-K65946722-001-01-6:5,A375,BRD-K65946722,BRD-K65946722,0.1750467741035463,0.1651012147561967,0.009945559347349586,False
b4798100f,CPC014_MCF7_24H:BRD-K61341215-004-01-2:10,MCF7,BRD-K61341215,vecuronium,0.1646293595220502,0.15541834367176408,0.009211015850286136,False
b482d5c23,DOS051_A549_24H:BRD-K50727748-001-01-7:5.01,A549,BRD-K50727748,BRD-K50727748,0.16710034600590862,0.1494673282004955,0.017633017805413126,False
b4a1f6f7f,CPC019_HCC515_6H:BRD-K37043259-001-01-8:10,HCC515,BRD-K37043259,BRD-K37043259,0.17191734488626656,0.1672186750517083,0.004698669834558272,False
b4aa74397,DOS012_VCAP_6H:BRD-K35404971-001-01-1:5.08,VCAP,BRD-K35404971,BRD-K35404971,0.15649829118900477,0.14863346047423112,0.007864830714773646,False
b4c9484ae,DOS057_A549_24H:BRD-K32893176-001-01-1:5,A549,BRD-K32893176,BRD-K32893176,0.15349037369443974,0.15292394749795918,0.0005664261964805628,False
b4fdfa0ec,DOS054_MCF7_24H:BRD-K75000753-001-01-2:5,MCF7,BRD-K75000753,BRD-K75000753,0.15315403795679974,0.1522506873454163,0.0009033506113834411,False
b51c84690,CPC005_A375_6H:BRD-K81418486:10,A375,BRD-K81418486,vorinostat,0.1514403617407344,0.14512147618655205,0.006318885554182363,False
b5217f49a,AML001_U937_6H:BRD-K26684619:3.33333,U937,BRD-K26684619,BRD-K26684619,0.17552310403817872,0.15432069095342704,0.02120241308475168,False
b556d4383,DOS055_PC3_24H:BRD-K36226647-001-01-1:5,PC3,BRD-K36226647,BRD-K36226647,0.17247372012148704,0.16389691439429216,0.00857680572719488,False
b578743d5,CPC018_SKB_24H:BRD-K32501161-300-04-7:10,SKB,BRD-K32501161,vanoxerine,0.16447962450895637,0.16170165588358565,0.002777968625370719,False
b5886f4ee,CPC013_ASC_24H:BRD-K99616396-316-01-2:10,ASC,BRD-K99616396,motesanib,0.1728352775714986,0.16178406439051032,0.011051213180988284,False
b591a9add,DOS043_A375_24H:BRD-K71151012-001-01-4:5.01,A375,BRD-K71151012,BRD-K71151012,0.14525497412914845,0.14473490899308875,0.0005200651360597053,False
b59817415,CPC013_MCF7_6H:BRD-K35961280-300-01-2:10,MCF7,BRD-K35961280,BRD-K35961280,0.14642273853265875,0.1455599339537902,0.000862804578868559,False
b59f2c4a2,DOS043_A549_24H:BRD-K60879194-001-01-3:5.01,A549,BRD-K60879194,BRD-K60879194,0.15512550190042546,0.15240354334404768,0.0027219585563777737,False
b5c650a89,CPC019_VCAP_24H:BRD-K95842463-001-01-4:10,VCAP,BRD-K95842463,BRD-K95842463,0.16698979147501464,0.1494829871060332,0.017506804368981443,False
b5d7315ce,DOS057_HT29_24H:BRD-K09335206-001-01-6:5,HT29,BRD-K09335206,BRD-K09335206,0.15355820555083166,0.14872754478449124,0.004830660766340422,False
b5e8fd5b5,CPC013_PC3_24H:BRD-K51696048-001-01-0:10,PC3,BRD-K51696048,BRD-K51696048,0.16209741556172497,0.15945617178781013,0.0026412437739148364,False
b5e910a05,CPC013_PC3_6H:BRD-A50796384-001-01-3:10,PC3,BRD-A50796384,NK26-I-41-1,0.1660432555702365,0.16417039872745923,0.0018728568427772707,False
b5eedf105,DOS043_HT29_24H:BRD-K71795383-001-01-9:5.04,HT29,BRD-K71795383,BRD-K71795383,0.1571649797686253,0.15379898234402162,0.003365997424603695,False
b5facfcb6,CPC006_CORL23_6H:BRD-K78716413-001-02-0:10,CORL23,BRD-K78716413,BRD-K78716413,0.16121492456613806,0.1468389569477238,0.014375967618414254,False
b5fc9ffcd,CPC001_HA1E_6H:BRD-K87696786-003-01-0:10,HA1E,BRD-K87696786,LY-456236,0.15959529142140097,0.15398331458598905,0.005611976835411925,False
b5ff305ac,PCLB002_HA1E_24H:BRD-K81418486:3.33,HA1E,BRD-K81418486,vorinostat,0.15326661032827094,0.1493751195126814,0.003891490815589538,False
b6100f7c0,DOS055_HT29_24H:BRD-K42624823-001-01-5:5,HT29,BRD-K42624823,BRD-K42624823,0.1598721954405879,0.15908167317886845,0.0007905222617194396,False
b61bae7f5,CPC013_NPC_24H:BRD-K75418381-001-01-6:10,NPC,BRD-K75418381,BRD-K75418381,0.15351171790136564,0.1524029167427623,0.0011088011586033453,False
b627b4156,DOS033_A375_24H:BRD-K60760276-001-01-6:5.03,A375,BRD-K60760276,BRD-K60760276,0.16348008966547753,0.15534431617344072,0.008135773492036813,False
b62e815c1,CPC015_A549_24H:BRD-K45117373-001-01-1:10,A549,BRD-K45117373,Y-26763,0.14832678496864724,0.1457979358660204,0.0025288491026268234,False
b6410b8e1,DOS047_A375_24H:BRD-K15752270-001-01-5:5,A375,BRD-K15752270,BRD-K15752270,0.16148172018860474,0.1608947720518849,0.0005869481367198337,False
b65263559,CPC014_NEU_24H:BRD-K93918653-001-01-4:10,NEU,BRD-K93918653,quizartinib,0.16636991702930173,0.149394223177646,0.016975693851655732,False
b65ab739d,DOSBIO002_HT29_24H:BRD-K91063002:9.61428,HT29,BRD-K91063002,BRD-K91063002,0.1731747260377361,0.16108423548436118,0.01209049055337491,False
b6630238d,DOS022_VCAP_24H:BRD-K47234370-001-01-5:4.78,VCAP,BRD-K47234370,BRD-K47234370,0.17280417892170355,0.16778711336662855,0.005017065555075001,False
b66b0e2f9,DOS047_HT29_24H:BRD-K89885223-001-01-2:4.93,HT29,BRD-K89885223,BRD-K89885223,0.14503891913153655,0.14220464043879866,0.0028342786927378905,False
b671e5063,DOS023_VCAP_24H:BRD-K35584941-001-01-7:4.99,VCAP,BRD-K35584941,BRD-K35584941,0.1447750312007069,0.14461691707180363,0.00015811412890326393,False
b67a81f96,CPC006_RMUGS_6H:BRD-K40892394-001-01-9:11.1,RMUGS,BRD-K40892394,AR-C133057XX,0.1435348034486419,0.13852539418564008,0.005009409263001807,False
b67df960c,CPC006_COV644_6H:BRD-K64634304-001-01-5:40,COV644,BRD-K64634304,tretinoin,0.19458702650776177,0.15810107692721062,0.03648594958055115,False
b683db2f8,DOS047_HT29_24H:BRD-K32931486-001-01-4:5,HT29,BRD-K32931486,BRD-K32931486,0.15827643177034448,0.14380366224535074,0.01447276952499374,False
b68db1d53,CPC006_NOMO1_6H:BRD-K08316444-001-04-3:0.63,NOMO1,BRD-K08316444,rotenone,0.15618456687702087,0.1531595274718392,0.003025039405181673,False
b69604f5d,CPC012_A375_6H:BRD-A17718497-001-01-3:10,A375,BRD-A17718497,BRD-A17718497,0.16403865005735324,0.16044494646203572,0.003593703595317521,False
b6a1479c3,PCLB002_A375_24H:BRD-K59369769:0.37,A375,BRD-K59369769,tozasertib,0.1823620419613921,0.1791616451328174,0.003200396828574703,False
b6b3ee41d,CRCGN004_HA1E_24H:BRD-K04368295-001-06-3:19.8UM,HA1E,BRD-K04368295,benzofuran,0.1460531770949488,0.1406385463036526,0.005414630791296199,False
b6b4f212d,DOS040_A375_24H:BRD-K67319066-001-01-8:5.02,A375,BRD-K67319066,BRD-K67319066,0.19684285631119872,0.1670619568393107,0.029780899471888028,False
b6bf31aba,DOS002_VCAP_24H:BRD-K60239116-001-01-5:4.97,VCAP,BRD-K60239116,BRD-K60239116,0.1716688339310507,0.135119043203778,0.03654979072727271,False
b6c76c889,CPC006_WSUDLCL2_6H:BRD-K30064966-001-01-5:11.1,WSUDLCL2,BRD-K30064966,BRD-K30064966,0.1514724839687667,0.14938125920802028,0.002091224760746413,False
b6d81559d,DOS009_VCAP_6H:BRD-K10864752-001-01-0:5,VCAP,BRD-K10864752,BRD-K10864752,0.16081003017655143,0.15493336271004102,0.005876667466510416,False
b6dc8d1e1,CPC006_T3M10_6H:BRD-K08451418-001-01-6:10,T3M10,BRD-K08451418,BRD-K08451418,0.14698322133586325,0.14429114034324822,0.0026920809926150313,False
b70b5a087,CPD002_MCF7_6H:BRD-K18922609-004-17-3:10,MCF7,BRD-K18922609,neostigmine,0.17123081938683132,0.16650419985726922,0.004726619529562104,False
b71092051,DOS033_A549_24H:BRD-K49148689-001-01-1:4.99,A549,BRD-K49148689,BRD-K49148689,0.19653678102473132,0.1923211299073723,0.004215651117359026,False
b72b33e18,RAD001_HCC515_6H:BRD-K97530723-001-11-8:3.3333,HCC515,BRD-K97530723,melatonin,0.16676344179911343,0.14878188484072882,0.017981556958384604,False
b76f03e58,CPC018_HT29_6H:BRD-K39670393-303-01-3:10,HT29,BRD-K39670393,amthamine,0.17855552442777056,0.1519134124098755,0.02664211201789507,False
b76f50e48,ERG003_VCAP_6H:BRD-K11399644-003-03-0:10,VCAP,BRD-K11399644,phenformin,0.15802537203217965,0.14122639985817118,0.01679897217400847,False
b7847446b,CPC006_THP1_6H:BRD-K06890060-001-05-9:40,THP1,BRD-K06890060,alda-1,0.15844373529437933,0.15599371087477493,0.002450024419604402,False
b79339b0f,CPC014_A375_6H:BRD-K99749624-001-01-3:10,A375,BRD-K99749624,linifanib,0.16565207497729087,0.15742341966036613,0.008228655316924738,False
b79576a34,DOSBIO001_A375_24H:BRD-K42107428:10.6045,A375,BRD-K42107428,BRD-K42107428,0.1722999099620019,0.1671366330098142,0.005163276952187684,False
b79ec161d,CPC005_MCF7_6H:BRD-A54236247-003-03-5:10,MCF7,BRD-A54236247,ephedrine-(racemic),0.16322021143690088,0.15895723686880348,0.004262974568097405,False
b7a3583dc,CPC006_VCAP_24H:BRD-K40853697-001-04-9:160,VCAP,BRD-K40853697,STAT3-inhibitor-VI,0.1809252889439957,0.1485137698713711,0.0324115190726246,False
b7bab2ffc,PCLB001_HEPG2_24H:BRD-A34462049-001-04-4:0.63,HEPG2,BRD-A34462049,tigecycline,0.16564529448975124,0.15614570750511833,0.009499586984632907,False
b7ec107f4,CPD002_PC3_24H:BRD-K15567136-003-22-3:10,PC3,BRD-K15567136,papaverine,0.15750938719989066,0.15435004363662053,0.003159343563270134,False
b8076d81b,MUC.CP002_MCF7_6H:BRD-K94325918-001-03-8:0.3704,MCF7,BRD-K94325918,kinetin-riboside,0.17145874188774168,0.16522540577808342,0.006233336109658261,False
b81934957,CPC019_A375_6H:BRD-K69347381-001-01-5:10,A375,BRD-K69347381,BRD-K69347381,0.16105968283884958,0.15508591863627835,0.00597376420257123,False
b81a181db,DOS002_VCAP_6H:BRD-K64508546-001-01-9:5.1,VCAP,BRD-K64508546,BRD-K64508546,0.1644232768467353,0.15376017626227884,0.010663100584456464,False
b82c2dad0,DOS051_MCF7_24H:BRD-K90073570-001-01-1:4.96,MCF7,BRD-K90073570,BRD-K90073570,0.17187551321316427,0.1577784150997285,0.014097098113435763,False
b84f67593,DOS030_VCAP_6H:BRD-K77939573-001-02-5:5,VCAP,BRD-K77939573,BRD-K77939573,0.14752013814413245,0.1442399442474106,0.0032801938967218502,False
b850ca8ed,LJP001_BT20_6H:BRD-K52911425-001-04-9:10,BT20,BRD-K52911425,GDC-0941,0.1586421664943919,0.15423158629595007,0.004410580198441816,False
b858decde,CPC006_PL21_6H:BRD-A58048407-001-10-5:10,PL21,BRD-A58048407,nimodipine,0.16916807591008945,0.1582420919096817,0.010925984000407757,False
b877aa048,CPC001_HA1E_6H:BRD-K87696786-003-01-0:10,HA1E,BRD-K87696786,LY-456236,0.15908013821334066,0.15394070246059685,0.0051394357527438095,False
b87de58d4,DOS025_VCAP_6H:BRD-K30684242-001-01-6:4.98,VCAP,BRD-K30684242,BRD-K30684242,0.17116191743903175,0.16582482909812118,0.005337088340910567,False
b8bffd104,CPC014_HEPG2_6H:BRD-K01253243-001-01-4:10,HEPG2,BRD-K01253243,SB-590885,0.16137516791257595,0.15683494867742803,0.004540219235147913,False
b92159903,HDAC002_MCF7_24H:BRD-K98109757-001-01-0:10,MCF7,BRD-K98109757,cyclopentene,0.1567592124637038,0.14455213683523305,0.01220707562847076,False
b951836ee,CPC007_MCF7_6H:BRD-K45675241-004-06-1:10,MCF7,BRD-K45675241,BRD-K45675241,0.17530739825031108,0.16642766773551282,0.008879730514798262,False
b9563568f,CPC012_NEU_24H:BRD-K73155123-001-01-9:10,NEU,BRD-K73155123,BRD-K73155123,0.15234530042057057,0.14295829053269396,0.009387009887876607,False
b96d23f70,DOS032_A549_24H:BRD-K79758054-001-01-7:4.97,A549,BRD-K79758054,BRD-K79758054,0.16471513620783734,0.16131492150841742,0.0034002146994199234,False
b96fb04fa,BRAF001_HEK293T_6H:BRD-K10671814-001-11-4:2.5,HEK293T,BRD-K10671814,sulfaphenazole,0.1553969317614982,0.14875534044656125,0.006641591314936968,False
b974bd605,CPC012_HA1E_6H:BRD-K11758216-001-01-3:10,HA1E,BRD-K11758216,RAN-03,0.1551922244967822,0.15302963287360055,0.0021625916231816367,False
b97d80842,DOS012_VCAP_6H:BRD-K58098983-001-01-9:5.01,VCAP,BRD-K58098983,BRD-K58098983,0.14915612421342297,0.14740817241272303,0.0017479518006999484,False
b99b631e2,NMH002_FIBRNPC_6H:BRD-K63089472-001-04-3:10,FIBRNPC,BRD-K63089472,farnesylthioacetic-acid,0.15937390515670294,0.1523697807188933,0.00700412443780965,False
b9afc9998,MUC.CP005_MCF7_6H:BRD-K73281599-001-01-8:1.1183,MCF7,BRD-K73281599,BRD-K73281599,0.14345750756452622,0.13992539900572856,0.003532108558797653,False
b9be84f1c,CPC015_A549_24H:BRD-K42679050-001-01-3:10,A549,BRD-K42679050,Y-27152,0.15856062841291135,0.1568831783085284,0.0016774501043829437,False
b9c830e75,DOSBIO002_HT29_24H:BRD-K38024133:9.81232,HT29,BRD-K38024133,BRD-K38024133,0.17991992149059854,0.1700593155157391,0.009860605974859438,False
b9d3380ee,DOS056_A549_24H:BRD-K78816294-001-01-4:5,A549,BRD-K78816294,BRD-K78816294,0.18302657921521362,0.17703837896420024,0.005988200251013376,False
b9e3cb10b,DOS054_A549_24H:BRD-K45966720-001-01-1:5,A549,BRD-K45966720,BRD-K45966720,0.1630662531657941,0.16014337645387763,0.002922876711916461,False
b9eb31aef,DOS046_PC3_24H:BRD-K85438393-001-01-8:5,PC3,BRD-K85438393,BRD-K85438393,0.154362137663871,0.15231721152946456,0.002044926134406433,False
b9eb60402,DOS047_MCF7_24H:BRD-K74894470-001-01-1:4.98,MCF7,BRD-K74894470,BRD-K74894470,0.16674484563858993,0.1518777689993339,0.014867076639256044,False
b9f7f3b59,DOS046_A375_24H:BRD-K24112840-001-01-2:5,A375,BRD-K24112840,BRD-K24112840,0.21628006234280894,0.16658484582865252,0.049695216514156426,False
b9ffc9444,DOS052_MCF7_24H:BRD-K90842913-001-01-5:5.01,MCF7,BRD-K90842913,BRD-K90842913,0.1814492581901335,0.16313680356560403,0.01831245462452946,False
ba08ac4bc,DOSBIO001_PC3_24H:BRD-K19677752:10.0343,PC3,BRD-K19677752,BRD-K19677752,0.18757904327160888,0.1688684131245845,0.01871063014702437,False
ba87a83c2,ERG003_VCAP_6H:BRD-K40170731-001-01-2:30,VCAP,BRD-K40170731,BRD-K40170731,0.14685938844180563,0.1393763525816657,0.0074830358601399305,False
ba9f99c9c,CPC006_SW480_6H:BRD-K77432048-001-02-8:10,SW480,BRD-K77432048,BRD-K77432048,0.1682589047628677,0.15756315875835825,0.010695746004509454,False
baa461424,CPC006_VCAP_24H:BRD-K09635314-001-02-6:80,VCAP,BRD-K09635314,m-3M3FBS,0.17934447356680697,0.17129673312267407,0.008047740444132895,False
bab6fe7b9,CPC005_A549_6H:BRD-A92161634-001-02-6:10,A549,BRD-A92161634,scopoline,0.14988959771048063,0.14979003161758647,9.956609289415996e-05,False
bac4b7207,DOS047_A549_24H:BRD-K58033375-001-01-2:4.96,A549,BRD-K58033375,BRD-K58033375,0.15731180473242684,0.15105205832667318,0.006259746405753663,False
bace3ccc5,CPC009_HCC515_6H:BRD-K88784410-001-01-1:10,HCC515,BRD-K88784410,BRD-K88784410,0.16347798740882147,0.1546006989486458,0.008877288460175659,False
bad2c5166,CPC008_PC3_6H:BRD-K84301121-001-01-8:10,PC3,BRD-K84301121,BRD-K84301121,0.15368234241841533,0.15050444269745966,0.003177899720955668,False
baf38e303,CPC016_MCF7_6H:BRD-K96670504-001-01-9:10,MCF7,BRD-K96670504,lonidamine,0.1633339061922984,0.15991057726237307,0.0034233289299253344,False
bb2e94862,PCLB001_JURKAT_24H:BRD-K36452089-001-01-8:3.33,JURKAT,BRD-K36452089,tert-butylhydroquinone,0.16624466308013,0.16068378470458797,0.005560878375542033,False
bb3b7c7d5,CPC016_NEU_24H:BRD-K84266862-001-01-6:10,NEU,BRD-K84266862,BRL-50481,0.15195961818385925,0.14997797527054674,0.0019816429133125146,False
bb3e8a4f7,LJP001_MCF7_6H:BRD-K51313569-001-03-7:0.08,MCF7,BRD-K51313569,palbociclib,0.15904673070040123,0.156785218169095,0.0022615125313062423,False
bb5876e3e,DOS040_HT29_24H:BRD-K38011931-001-01-0:5.01,HT29,BRD-K38011931,BRD-K38011931,0.16540804803011555,0.15444564745871847,0.01096240057139708,False
bb7bcdbc2,CPC005_VCAP_6H:BRD-A78360835-001-01-1:10,VCAP,BRD-A78360835,cercosporin,0.17267186073510143,0.16247027857946117,0.010201582155640265,False
bb9ea924c,DOS057_HT29_24H:BRD-K82110567-001-01-6:5,HT29,BRD-K82110567,BRD-K82110567,0.15769953004068377,0.15607427337687105,0.0016252566638127186,False
bba687caa,DOS047_PC3_24H:BRD-K82234732-001-01-4:4.99,PC3,BRD-K82234732,BRD-K82234732,0.170784499227006,0.16888429086336726,0.0019002083636387446,False
bbae00d6d,CPC006_A549_24H:BRD-A14395271-001-01-5:10,A549,BRD-A14395271,mesoridazine,0.1719648594344825,0.15119240723755364,0.02077245219692886,False
bbd36745d,DOS003_VCAP_6H:BRD-K46849651-001-02-9:5.01,VCAP,BRD-K46849651,BRD-K46849651,0.1558057490135141,0.14819739838659904,0.007608350626915061,False
bbec32b06,CPC014_PC3_24H:BRD-K01507359-001-05-4:10,PC3,BRD-K01507359,rifampicin,0.15961373828895245,0.1405308981000828,0.01908284018886966,False
bbfef20b7,CPC009_HEPG2_6H:BRD-K06555716-019-01-7:10,HEPG2,BRD-K06555716,BRD-K06555716,0.1506169650335675,0.14527214774231545,0.005344817291252052,False
bc21046fe,CPC014_HT29_6H:BRD-U32365159-000-01-1:10,HT29,BRD-U32365159,XMD-1527,0.1549100753580136,0.14879772896872268,0.0061123463892909236,False
bc45ee7ed,CPC019_VCAP_24H:BRD-A70311631-001-05-9:10,VCAP,BRD-A70311631,BRD-A70311631,0.18374476061606143,0.17857461306794037,0.005170147548121062,False
bc4f0ef29,CPC002_HCC515_6H:BRD-K76304753-003-08-8:10,HCC515,BRD-K76304753,phenazopyridine,0.16014071452810322,0.15516962424222086,0.004971090285882357,False
bc52b55cf,DOSBIO001_MCF7_24H:BRD-K70875408:10.1708,MCF7,BRD-K70875408,BRD-K70875408,0.16920541650632873,0.15987054166950018,0.009334874836828544,False
bc591dbce,DOS054_HT29_24H:BRD-K61181530-001-01-6:5,HT29,BRD-K61181530,BRD-K61181530,0.16031886974250692,0.15901941406079378,0.0012994556817131353,False
bc68fbfe5,DOS046_A375_24H:BRD-K30857073-001-01-2:5,A375,BRD-K30857073,BRD-K30857073,0.17770659819038714,0.16387041435730318,0.013836183833083965,False
bc7aac3d2,CPC007_PC3_24H:BRD-K71746704-001-05-5:10,PC3,BRD-K71746704,BRD-K71746704,0.14334372480181956,0.14149091836314925,0.001852806438670307,False
bc8f3b60e,CPC014_PHH_24H:BRD-K50387473-001-01-1:10,PHH,BRD-K50387473,XMD-892,0.14666595958993808,0.14602258318919084,0.000643376400747242,False
bcaae6660,DOS043_A375_24H:BRD-K54432046-001-01-9:5.04,A375,BRD-K54432046,BRD-K54432046,0.15605861079374977,0.14770320291705955,0.00835540787669023,False
bcbfeb611,DOS054_HT29_24H:BRD-K81418486:0.5,HT29,BRD-K81418486,vorinostat,0.16155649950941492,0.16042264196812897,0.0011338575412859486,False
bcc1eace2,DOSBIO001_NPC_24H:BRD-K32389477:10.1556,NPC,BRD-K32389477,BRD-K32389477,0.15868911290201837,0.15357382690057153,0.005115286001446839,False
bce9dc5c8,LJP001_MCF10A_24H:BRD-K52751261-001-02-0:2,MCF10A,BRD-K52751261,TAK-715,0.14804459156067568,0.14704181447025064,0.0010027770904250388,False
bcfa1dcb0,CPC016_NEU_24H:BRD-A60571864-001-03-3:10,NEU,BRD-A60571864,budesonide,0.14926515381916391,0.14874361744264347,0.0005215363765204428,False
bd1ff4469,CPC012_A549_6H:BRD-K24031526-001-01-5:10,A549,BRD-K24031526,BRD-K24031526,0.18462048529481329,0.1802744443271372,0.004346040967676074,False
bd2140972,DOS004_VCAP_6H:BRD-K71839385-001-01-3:5,VCAP,BRD-K71839385,BRD-K71839385,0.17115943316869806,0.14239328108278163,0.02876615208591643,False
bd30d81ce,DOS058_A549_24H:BRD-K84792586-019-01-8:5,A549,BRD-K84792586,BRD-K84792586,0.1683298952494417,0.15874535613534485,0.009584539114096846,False
bd3c1b66c,DOS024_VCAP_24H:BRD-K88180879-001-01-6:4.99,VCAP,BRD-K88180879,BRD-K88180879,0.15330436954391752,0.1496923373190709,0.0036120322248466286,False
bd4236d75,CPC006_HA1E_24H:BRD-K41087962-001-01-7:0.63,HA1E,BRD-K41087962,BRD-K41087962,0.15444112262972826,0.15284501133191913,0.0015961112978091219,False
bd4451816,DOS058_A375_24H:BRD-K18123565-019-01-2:5,A375,BRD-K18123565,BRD-K18123565,0.15996435930061814,0.1499134954284898,0.010050863872128335,False
bd5431fe8,DOS049_A375_24H:BRD-K33056518-001-01-1:5,A375,BRD-K33056518,BRD-K33056518,0.13916006816859755,0.13766741424892237,0.0014926539196751798,False
bd7188b3c,PCLB003_PC3_24H:BRD-K04218075-048-12-5:0.37,PC3,BRD-K04218075,clomifene,0.16475334165139927,0.15198090541637138,0.012772436235027884,False
bd8a2b7eb,CPC014_ASC_24H:BRD-K09436313-001-01-2:10,ASC,BRD-K09436313,prostaglandin,0.1724650348078406,0.1612319196885897,0.011233115119250903,False
bd9cf521f,DOSBIO001_PC3_24H:BRD-K19677752:10.0343,PC3,BRD-K19677752,BRD-K19677752,0.17564548602833643,0.16145906782119296,0.014186418207143475,False
bda439de9,CPC010_HT29_6H:BRD-K19985802-001-02-2:10,HT29,BRD-K19985802,BRD-K19985802,0.15944541929464928,0.15305509773600076,0.006390321558648521,False
bdada81cf,CPC012_PC3_24H:BRD-K63954456-001-01-4:10,PC3,BRD-K63954456,BRD-K63954456,0.14349229232733,0.14296484204318757,0.0005274502841424167,False
bdb7a88cb,DOS058_A549_24H:BRD-K62695275-001-01-3:5,A549,BRD-K62695275,BRD-K62695275,0.19444616525220415,0.1499059314663821,0.04454023378582206,False
bdd03a71e,DOS015_VCAP_24H:BRD-K08926145-001-01-7:5,VCAP,BRD-K08926145,BRD-K08926145,0.16021243636344223,0.15882618375723584,0.0013862526062063951,False
bdec86385,CPC001_HCC515_6H:BRD-A89672324-001-02-2:10,HCC515,BRD-A89672324,CGP-55845,0.18797926832514722,0.14455486155407704,0.04342440677107018,False
bdeea739b,PCLB003_HEPG2_24H:BRD-K98109757-001-01-0:3.33,HEPG2,BRD-K98109757,cyclopentene,0.17078087353300436,0.166577046119336,0.004203827413668371,False
be21df6a7,CPC007_HT29_6H:BRD-K27440500-001-05-6:10,HT29,BRD-K27440500,BRD-K27440500,0.1692739250649699,0.1582905996471862,0.010983325417783713,False
be250c977,CPC001_HA1E_6H:BRD-K87696786-003-01-0:10,HA1E,BRD-K87696786,LY-456236,0.15165301026723615,0.14911355895309597,0.002539451314140184,False
be36e3919,CPC006_NCIH596_6H:BRD-A75517195-001-01-3:40,NCIH596,BRD-A75517195,thiazolopyrimidine,0.16115467568389924,0.15647737190000954,0.004677303783889697,False
be3cd78c2,CPC014_NEU_24H:BRD-K10906552-001-01-1:10,NEU,BRD-K10906552,BRD-K10906552,0.13875084372945243,0.1325357785651784,0.006215065164274031,False
be4289e63,CPC004_MCF7_6H:BRD-K86301799-001-19-9:10,MCF7,BRD-K86301799,dipyridamole,0.20905924463392533,0.17963008317455528,0.02942916145937005,False
be5978484,DOS034_A375_24H:BRD-K44816676-001-01-3:5.02,A375,BRD-K44816676,BRD-K44816676,0.18354626160349785,0.17894584512361844,0.00460041647987941,False
be6a0b3a7,CPC012_A549_6H:BRD-K21165668-001-01-2:10,A549,BRD-K21165668,BRD-K21165668,0.17164292643233675,0.16244451955104766,0.00919840688128909,False
be8241da4,AML001_U937_6H:BRD-K27499107:3.33333,U937,BRD-K27499107,carbacyclin,0.17192386506968618,0.14757567641716074,0.024348188652525443,False
be944f78a,CPC006_PC3_6H:BRD-K55966568-001-01-3:6,PC3,BRD-K55966568,orantinib,0.15632642692377496,0.1554701348024588,0.0008562921213161601,False
be94ae2b9,CPC007_PC3_24H:BRD-K71746704-001-05-5:10,PC3,BRD-K71746704,BRD-K71746704,0.16768615189703243,0.15338184404881947,0.01430430784821296,False
beb21d2bc,CPC007_VCAP_24H:BRD-K53987746-001-05-7:10,VCAP,BRD-K53987746,BRD-K53987746,0.1615468871980582,0.14982648027983148,0.011720406918226733,False
bebfc7fe6,HOG003_A549_24H:BRD-K09907482-001-02-5:0.1234,A549,BRD-K09907482,PRL-3-inhibitor-I,0.14757017062096656,0.14076316937613415,0.006807001244832411,False
bed53c75f,HDAC001_PC3_24H:BRD-K83872150-001-01-3:0.15625,PC3,BRD-K83872150,Broad-Sai-370,0.15298041396529605,0.1521516030613249,0.0008288109039711333,False
bef164506,DOS046_PC3_24H:BRD-K24112840-001-01-2:5,PC3,BRD-K24112840,BRD-K24112840,0.1792089378385371,0.16625743308258267,0.01295150475595444,False
bef38f2fd,CPC012_A375_6H:BRD-K90849765-001-01-9:10,A375,BRD-K90849765,BRD-K90849765,0.18549562838341138,0.17381805045886978,0.011677577924541604,False
bf313303a,DOS044_A375_24H:BRD-K64728664-001-01-9:5.07,A375,BRD-K64728664,BRD-K64728664,0.16581950695383474,0.1645896079710656,0.0012298989827691509,False
bf37a2d6a,NMH001_NEU_6H:BRD-K30912208-001-01-3:10,NEU,BRD-K30912208,KDM-096,0.15584150908827873,0.14393882753799547,0.011902681550283262,False
bf37d50f1,PCLB002_PC3_24H:BRD-K18910433:1.11,PC3,BRD-K18910433,estradiol,0.17860868184696407,0.17417973038787726,0.004428951459086811,False
bf7990bf7,CPC007_HCC515_6H:BRD-K62586643-001-05-0:10,HCC515,BRD-K62586643,JAS07-001,0.1607675214217327,0.15945258529360581,0.0013149361281268868,False
bfa05dd0f,CPC006_SW480_6H:BRD-K50128260-001-01-6:160,SW480,BRD-K50128260,sildenafil,0.16544222436626455,0.16454249355621764,0.0008997308100469059,False
bfb333204,DOS053_A549_24H:BRD-K12980773-001-01-7:5,A549,BRD-K12980773,BRD-K12980773,0.15857354163681855,0.14066839900975628,0.017905142627062276,False
bff233aaf,CPC015_HT29_6H:BRD-A92826379-009-03-4:10,HT29,BRD-A92826379,lupanine,0.1618761626563966,0.14667061307367188,0.015205549582724714,False
c0417407c,CPC006_EFO27_6H:BRD-K34581968-001-01-2:11.1,EFO27,BRD-K34581968,BMS-536924,0.15579201308071053,0.13840099829340163,0.017391014787308895,False
c0521523c,CPC004_A375_6H:BRD-A05186015-003-09-9:10,A375,BRD-A05186015,bupropion,0.15821302599124962,0.15554915564597574,0.0026638703452738777,False
c0560ba98,CPC012_PC3_24H:BRD-K15402119-001-01-2:10,PC3,BRD-K15402119,huperzine-a,0.17038877974416955,0.16126444345144997,0.009124336292719581,False
c058ab538,DOS026_VCAP_24H:BRD-K16422757-001-01-6:4.99,VCAP,BRD-K16422757,BRD-K16422757,0.13594603484452814,0.13577772530504506,0.0001683095394830747,False
c0642cc5a,LJP002_MCF10A_24H:BRD-K42191735-001-01-2:0.4,MCF10A,BRD-K42191735,buparlisib,0.1633492656788022,0.16235931711749413,0.0009899485613080738,False
c07458309,CPC015_HT29_6H:BRD-K51350053-048-06-6:10,HT29,BRD-K51350053,toremifene,0.15601961897195138,0.1526801676151538,0.0033394513567975848,False
c07ca40a4,CPC015_PHH_24H:BRD-A01643550-001-03-1:10,PHH,BRD-A01643550,prednisolone-acetate,0.15901277103016273,0.1587550568288248,0.00025771420133793854,False
c07e23058,DOS045_HT29_24H:BRD-K31000214-001-01-8:5.02,HT29,BRD-K31000214,BRD-K31000214,0.16323412757554423,0.15270904044407674,0.010525087131467492,False
c086105e0,DOSBIO002_A549_24H:BRD-K63827443:10.0737,A549,BRD-K63827443,BRD-K63827443,0.16798290927135714,0.15990714015599075,0.008075769115366394,False
c095b5186,MUC.CP005_MCF7_6H:BRD-A72703248-003-01-5:10,MCF7,BRD-A72703248,SKF-96365,0.18805954537289715,0.15603946279880443,0.03202008257409272,False
c106a3f18,CPC002_HCC515_6H:BRD-K18816859-001-01-4:10,HCC515,BRD-K18816859,L-694247,0.16308722814942989,0.15654623966122394,0.0065409884882059455,False
c113d21eb,DOSBIO001_NEU_24H:BRD-K05978741:9.85793,NEU,BRD-K05978741,BRD-K05978741,0.16828794136541392,0.15572749501382982,0.012560446351584098,False
c11d118db,DOS050_HT29_24H:BRD-K58985339-001-01-8:5,HT29,BRD-K58985339,BRD-K58985339,0.17090513640203364,0.15956708130422054,0.011338055097813104,False
c1244b23b,AML001_CD34_24H:BRD-K27316855:3.33333,CD34,BRD-K27316855,calcitriol,0.1602344740628146,0.15814183737461823,0.00209263668819637,False
c1292b6d8,LJP002_MDAMB231_6H:BRD-A24396574-001-02-3:0.08,MDAMB231,BRD-A24396574,celastrol,0.15777177023470693,0.1545274569143491,0.0032443133203578223,False
c129896fe,CPC020_HCC515_6H:BRD-K74763371-001-01-8:10,HCC515,BRD-K74763371,bosentan,0.15802468222262167,0.15334964233512788,0.004675039887493793,False
c15da1022,LJP001_BT20_6H:BRD-K09186807-001-02-4:0.08,BT20,BRD-K09186807,KIN001-244,0.14242152245525408,0.1388738378579871,0.0035476845972669813,False
c1617c18b,CPC006_NCIH596_6H:BRD-K01868942-001-02-1:160,NCIH596,BRD-K01868942,RS-23597-190,0.16880179340004156,0.1650846786829558,0.0037171147170857732,False
c18a180cf,DOS058_A375_24H:BRD-K18433151-019-01-5:5,A375,BRD-K18433151,BRD-K18433151,0.16842563422034357,0.14729241565285922,0.021133218567484346,False
c19a2ce6c,NMH001_NPC_24H:BRD-K88611939-001-18-2:10,NPC,BRD-K88611939,aniracetam,0.15033237187689577,0.1497791745277592,0.0005531973491365583,False
c1a6b83a0,DOS052_A375_24H:BRD-K86981020-001-01-7:5.04,A375,BRD-K86981020,BRD-K86981020,0.1562606796843889,0.13598679729741958,0.02027388238696931,False
c1c66be79,CPC013_SKB_24H:BRD-K52640952-001-01-1:10,SKB,BRD-K52640952,BRD-K52640952,0.1748837641125916,0.1550429575290735,0.01984080658351811,False
c1dab6039,RAD001_HCC515_6H:BRD-K83896451-001-02-6:10,HCC515,BRD-K83896451,glutamine,0.1749538231439069,0.1672839648821708,0.007669858261736107,False
c1e8f63a7,RAD001_PC3_24H:BRD-K73947551-001-02-8:0.3704,PC3,BRD-K73947551,amifostine,0.16169955175478645,0.15857032912876207,0.003129222626024386,False
c1f75bfba,CPC013_MCF7_6H:BRD-K56287385-001-01-4:10,MCF7,BRD-K56287385,ST-001903,0.18037180775156447,0.16752941986829742,0.012842387883267053,False
c1f9f6699,CPC006_NOMO1_6H:BRD-K95606637-001-04-8:10,NOMO1,BRD-K95606637,BRD-K95606637,0.17391452806451924,0.16087425971519995,0.01304026834931929,False
c20801db6,DOSBIO001_NPC_24H:BRD-K86522396:9.6567,NPC,BRD-K86522396,BRD-K86522396,0.15386049076848457,0.15307156971959124,0.0007889210488933318,False
c24b63529,CPC002_HCC515_6H:BRD-K90789829-003-03-3:10,HCC515,BRD-K90789829,nefazodone,0.18622666206107882,0.16481053015189207,0.02141613190918676,False
c25d6dd1f,DOS046_A375_24H:BRD-K95790481-001-01-3:5,A375,BRD-K95790481,BRD-K95790481,0.17360110262919287,0.16863606384295413,0.004965038786238746,False
c26b926a9,DOS057_HT29_24H:BRD-K09335206-001-01-6:5,HT29,BRD-K09335206,BRD-K09335206,0.1749117881967941,0.16748082292831334,0.007430965268480749,False
c27545fd6,CPC006_SNUC4_6H:BRD-K08703257-001-06-3:36.72,SNUC4,BRD-K08703257,3-amino-benzamide,0.16495363018796533,0.1638319819038792,0.0011216482840861186,False
c27e6af6f,CPC019_HCC515_6H:BRD-K30849099-001-07-6:10,HCC515,BRD-K30849099,MW-STK33-2A,0.16819819404473996,0.15678575575107984,0.011412438293660121,False
c27f76ab1,DOS033_PC3_24H:BRD-K25991572-001-01-2:5.02,PC3,BRD-K25991572,BRD-K25991572,0.15886210587661181,0.15598742419669331,0.0028746816799185004,False
c2984f3f3,CPC003_VCAP_24H:BRD-K97564742-050-18-6:10,VCAP,BRD-K97564742,mepyramine,0.15142928671481123,0.13828501006988397,0.01314427664492726,False
c2cc33301,CPC011_MCF7_24H:BRD-K86003836-001-06-3:10,MCF7,BRD-K86003836,flubendazole,0.1537491758496972,0.15005937614828707,0.003689799701410118,False
c2f720006,CPC010_HEPG2_6H:BRD-K04430056-001-14-4:10,HEPG2,BRD-K04430056,7-nitroindazole,0.14782443561010586,0.13919284077538568,0.008631594834720174,False
c30e1eb76,DOS051_HT29_24H:BRD-K42634310-001-01-4:5.04,HT29,BRD-K42634310,BRD-K42634310,0.14978280324737858,0.14636926218076987,0.0034135410666087107,False
c31e5bfad,DOS032_HT29_24H:BRD-K81418486:0.1,HT29,BRD-K81418486,vorinostat,0.16657647432681225,0.15936727536034748,0.007209198966464769,False
c31f7b6cf,CPC006_SNUC4_6H:BRD-K90826279-001-03-2:20,SNUC4,BRD-K90826279,BRD-K90826279,0.17931278016390817,0.17624006324587246,0.003072716918035706,False
c3273cd04,DOS056_PC3_24H:BRD-K38620156-003-01-2:5,PC3,BRD-K38620156,BRD-K38620156,0.15931464991488328,0.15389866852861966,0.005415981386263619,False
c32e14a0c,DOS055_A549_24H:BRD-K10279202-001-01-7:5,A549,BRD-K10279202,BRD-K10279202,0.15844472431522985,0.14535871488920654,0.01308600942602331,False
c34e4424f,PCLB003_A375_24H:BRD-K19826688-001-02-7:0.37,A375,BRD-K19826688,BRD-K19826688,0.16339524476303857,0.16067430832034632,0.002720936442692251,False
c36a35183,CPC006_U937_6H:BRD-A79465854-001-01-3:10,U937,BRD-A79465854,auranofin,0.17117143656054892,0.1690052597504198,0.0021661768101291223,False
c37bffc74,CPC006_HT115_6H:BRD-K69328504-001-01-7:10,HT115,BRD-K69328504,L-690488,0.16412656723448393,0.16103117110139192,0.00309539613309201,False
c389cce7e,DOS017_VCAP_6H:BRD-K65077386-001-01-7:5.02,VCAP,BRD-K65077386,BRD-K65077386,0.15722568540118767,0.14677834541862947,0.010447339982558201,False
c38f14d3d,DOS057_MCF7_24H:BRD-K55093794-001-01-2:5,MCF7,BRD-K55093794,BRD-K55093794,0.1790555299109099,0.15396810697415161,0.02508742293675828,False
c3b5cac71,CPC004_A375_6H:BRD-K29673530-001-03-9:10,A375,BRD-K29673530,hypericin,0.15611042631729816,0.1555605318940716,0.0005498944232265601,False
c3d24fae4,CPC011_PC3_6H:BRD-K06388322-003-07-0:10,PC3,BRD-K06388322,pramipexole,0.16710291144749456,0.16193596451812886,0.005166946929365701,False
c43107dc9,DOS019_VCAP_6H:BRD-K64860117-001-01-3:5.01,VCAP,BRD-K64860117,BRD-K64860117,0.15164858945604187,0.15027869159455265,0.001369897861489222,False
c43ed9969,CPC012_PC3_24H:BRD-K15402119-001-01-2:10,PC3,BRD-K15402119,huperzine-a,0.17937570081874207,0.1675505741692409,0.011825126649501166,False
c44ab7c38,DOS059_HT29_24H:BRD-K09977695-001-01-3:5,HT29,BRD-K09977695,BRD-K09977695,0.16491642074054444,0.14953471397769663,0.015381706762847808,False
c451bb4cb,DOSBIO002_HT29_24H:BRD-K01877724:10.2487,HT29,BRD-K01877724,BRD-K01877724,0.15158074397155458,0.14331541659931618,0.008265327372238396,False
c459135fb,DOS001_VCAP_24H:BRD-K14875361-001-01-5:4.9,VCAP,BRD-K14875361,BRD-K14875361,0.15910760184427578,0.14578420217572263,0.013323399668553143,False
c46bdbc3b,DOS055_A375_24H:BRD-K81418486:10,A375,BRD-K81418486,vorinostat,0.1530899476726681,0.14986165509054178,0.003228292582126313,False
c46beda84,CPC009_MCF7_24H:BRD-K56307118-001-01-4:10,MCF7,BRD-K56307118,BRD-K56307118,0.15433435672574952,0.14928885801812516,0.005045498707624357,False
c46fe11a6,CPC006_SNUC5_6H:BRD-A97437073-001-03-1:80,SNUC5,BRD-A97437073,rosiglitazone,0.1651178503237581,0.16217637016132647,0.00294148016243162,False
c4869dc98,CPC014_A549_6H:BRD-K99498722-001-01-8:10,A549,BRD-K99498722,plinabulin,0.1539516165972949,0.15094656271732393,0.0030050538799709647,False
c4967143c,NMH001_FIBRNPC_6H:BRD-A41986761-001-01-5:10,FIBRNPC,BRD-A41986761,BRD-A41986761,0.15041296519527608,0.14893661535716352,0.0014763498381125673,False
c49fb74ae,CPC006_SKMEL1_6H:BRD-K08703257-001-06-3:36.72,SKMEL1,BRD-K08703257,3-amino-benzamide,0.18193401740201545,0.1799041440978292,0.002029873304186247,False
c4aaa6376,CPC011_PC3_6H:BRD-A09533288-311-04-6:10,PC3,BRD-A09533288,verapamil,0.16047314291853515,0.151056110982013,0.009417031936522158,False
c4cfe5f72,CPC006_A673_6H:BRD-K66792149-001-01-8:11.1,A673,BRD-K66792149,quinoclamine,0.17622162477967424,0.16494505236753895,0.011276572412135283,False
c4e054ded,CPC004_HA1E_24H:BRD-A69917777-065-01-4:10,HA1E,BRD-A69917777,aminopentamide,0.1639355021076937,0.1588639738953676,0.005071528212326093,False
c4ed464f2,CPC002_HCC515_6H:BRD-K46142322-003-01-6:10,HCC515,BRD-K46142322,RS-67333,0.16783953373333235,0.15202459931265602,0.01581493442067633,False
c4f7854fe,CPC004_A375_6H:BRD-A54487287-001-03-9:10,A375,BRD-A54487287,cortisone-acetate,0.16226837964297663,0.16073848476119393,0.0015298948817827063,False
c4fd19474,DOS039_A549_24H:BRD-K34347561-001-01-9:5.05,A549,BRD-K34347561,BRD-K34347561,0.15249083293938945,0.1488382624203155,0.0036525705190739444,False
c50effd51,CPC007_HT29_24H:BRD-K36087356-001-04-2:10,HT29,BRD-K36087356,BRD-K36087356,0.16517920085404253,0.1529082636961785,0.012270937157864037,False
c5388f6a0,CPC004_VCAP_6H:BRD-A80017228-001-15-8:10,VCAP,BRD-A80017228,bendroflumethiazide,0.18132806858110898,0.18038620246611997,0.000941866114989004,False
c54fe3e44,RAD001_MCF7_24H:BRD-K01228321-318-03-5:3.3333,MCF7,BRD-K01228321,cisplatin,0.15045756952463168,0.14624420673980437,0.0042133627848273125,False
c59bab958,LJP001_BT20_6H:BRD-K79090631-001-18-1:10,BT20,BRD-K79090631,CGP-60474,0.15331600652819097,0.14881328870335042,0.004502717824840546,False
c59c6dc1a,CPC012_MCF7_6H:BRD-A06131576-001-01-6:10,MCF7,BRD-A06131576,BRD-A06131576,0.15848875514477262,0.1557367302038603,0.002752024940912312,False
c5af1a608,DOS055_MCF7_24H:BRD-K14169964-001-01-4:5,MCF7,BRD-K14169964,BRD-K14169964,0.16131211004318421,0.15408748392027205,0.0072246261229121644,False
c5af20b0f,PCLB003_HT29_24H:BRD-K79877282-001-02-7:1.11,HT29,BRD-K79877282,PF-543,0.1756695536044589,0.13447766546954526,0.041191888134913646,False
c5b1b48d8,CPC006_RMUGS_6H:BRD-K41087962-001-01-7:0.63,RMUGS,BRD-K41087962,BRD-K41087962,0.15328563246654486,0.14833621355372534,0.004949418912819525,False
c5b400b1f,DOS014_VCAP_24H:BRD-K22275321-001-01-7:5.03,VCAP,BRD-K22275321,BRD-K22275321,0.1492613470853948,0.14644866936860196,0.002812677716792833,False
c5b47d91c,CPC017_MCF7_24H:BRD-A04668240-001-01-5:10,MCF7,BRD-A04668240,CGP-52432,0.1679548730385091,0.15596780879340563,0.011987064245103457,False
c5b589b1c,PCLB002_A549_24H:BRD-K54343811:0.12,A549,BRD-K54343811,BRD-K54343811,0.15154756821436338,0.14747190220383197,0.004075666010531415,False
c5d69a751,CPC013_NPC_24H:BRD-K82164249-001-01-9:10,NPC,BRD-K82164249,andarine,0.15705589736008446,0.15581877537402544,0.00123712198605902,False
c5dae49f8,DOS014_VCAP_6H:BRD-K53740625-001-01-5:5.03,VCAP,BRD-K53740625,BRD-K53740625,0.19364434248333795,0.17462536693229544,0.01901897555104251,False
c5dc03149,PCLB002_PC3_24H:BRD-K26510616:0.04,PC3,BRD-K26510616,BRD-K26510616,0.1575116908488296,0.15313642737182695,0.00437526347700265,False
c5de6866e,CPC001_HCC515_6H:BRD-A89672324-001-02-2:10,HCC515,BRD-A89672324,CGP-55845,0.16362288309359202,0.15489710781702987,0.008725775276562153,False
c5e163af1,RAD001_PC3_6H:BRD-A23723433-001-01-2:3.3333,PC3,BRD-A23723433,paclitaxel,0.1841054986462434,0.1808387483921058,0.003266750254137585,False
c5f51d7e8,DOS052_MCF7_24H:BRD-K01922500-001-01-2:4.93,MCF7,BRD-K01922500,BRD-K01922500,0.16728649341652205,0.1595055793884565,0.00778091402806555,False
c5fd7c65d,DOS006_VCAP_6H:BRD-K52199185-001-01-7:5.01,VCAP,BRD-K52199185,BRD-K52199185,0.1626259203621587,0.15300397607837216,0.009621944283786543,False
c5ffd58ca,PCLB003_HCC515_24H:BRD-K64106162-001-02-3:0.12,HCC515,BRD-K64106162,BRD-K64106162,0.1677042578760643,0.15224445555644722,0.015459802319617078,False
c60e35d05,CPC015_ASC_24H:BRD-K02715688-001-01-3:10,ASC,BRD-K02715688,"hydrastine-(1r,-9s)",0.16812381358513992,0.15457059911715143,0.01355321446798849,False
c63785df5,CPC007_HT29_24H:BRD-K37413063-001-05-0:10,HT29,BRD-K37413063,BRD-K37413063,0.1591362170636803,0.14942764776276682,0.009708569300913489,False
c638b8757,DOS051_A549_24H:BRD-K86124549-001-01-6:4.98,A549,BRD-K86124549,BRD-K86124549,0.14159733531998608,0.13823072439306178,0.003366610926924307,False
c63a7ee15,CPC005_A549_6H:BRD-A78295502-337-03-5:10,A549,BRD-A78295502,hydroquinine,0.17442345864665748,0.16319256514942992,0.011230893497227556,False
c64e87268,CPC016_MCF7_6H:BRD-K79116891-003-03-7:10,MCF7,BRD-K79116891,proxymetacaine,0.1642098392128994,0.159175656307667,0.005034182905232387,False
c653b6f11,CPC006_A673_6H:BRD-K27316855-001-02-6:1,A673,BRD-K27316855,calcitriol,0.17483883330601996,0.1557951080168315,0.019043725289188462,False
c66c843e3,CPC006_HCT116_6H:BRD-K53855319-001-01-2:11.1,HCT116,BRD-K53855319,SRT-1720,0.15924081599102183,0.14864462163531322,0.010596194355708605,False
c68c3e784,CPC014_NEU_24H:BRD-A80960055-001-01-7:10,NEU,BRD-A80960055,celastrol,0.1581598782056495,0.15595438749939955,0.002205490706249952,False
c698c8260,CPC018_MCF7_6H:BRD-A31521121-001-15-7:10,MCF7,BRD-A31521121,methocarbamol,0.19764551674879735,0.19233794477252272,0.005307571976274628,False
c699542af,CPC006_AGS_6H:BRD-A19633847-050-20-6:10,AGS,BRD-A19633847,perhexiline,0.153771097980489,0.15042532280653492,0.0033457751739540686,False
c6b490579,ERG011_VCAP_6H:BRD-K56851771-001-04-3:0.4,VCAP,BRD-K56851771,enzalutamide,0.14781521503694942,0.1476002194568157,0.00021499558013371445,False
c6b4eab57,CPC006_MCF7_6H:BRD-A70155556-001-04-4:40,MCF7,BRD-A70155556,lovastatin,0.15276094883022306,0.15155294867154723,0.001208000158675837,False
c6b500c21,DOS039_A549_24H:BRD-K71532462-001-01-0:4.93,A549,BRD-K71532462,BRD-K71532462,0.1512129381051296,0.14933501557073497,0.001877922534394616,False
c6bdaddc2,CPC001_HCC515_6H:BRD-K12120659-305-01-4:10,HCC515,BRD-K12120659,GR-144053,0.13932045408871602,0.13847468591047218,0.0008457681782438331,False
c6c9d3b03,CPC007_HCC515_6H:BRD-K01578344-001-07-9:10,HCC515,BRD-K01578344,BRD-K01578344,0.1723735689368588,0.15829958660523902,0.014073982331619772,False
c6cc9175b,LJP002_MDAMB231_24H:BRD-K70401845-001-04-1:2,MDAMB231,BRD-K70401845,erlotinib,0.15532479212731357,0.1505385570004414,0.004786235126872179,False
c6e681fa2,DOS027_VCAP_24H:BRD-K17223851-001-01-2:5.03,VCAP,BRD-K17223851,BRD-K17223851,0.15982608344125834,0.15012266973385344,0.009703413707404906,False
c70861396,DOS056_MCF7_24H:BRD-K29540359-001-01-2:5,MCF7,BRD-K29540359,BRD-K29540359,0.165898131092646,0.15730597366529397,0.008592157427352032,False
c70a353c8,CPC003_PC3_6H:BRD-K46068882-001-02-7:10,PC3,BRD-K46068882,eugenitol,0.16358564059613803,0.15832652733170255,0.005259113264435483,False
c70de2656,CPC003_HA1E_24H:BRD-K07507905-236-01-8:10,HA1E,BRD-K07507905,BRL-37344,0.1918966052668033,0.16564261000463312,0.026253995262170177,False
c720fdd23,DOS050_HT29_24H:BRD-K60850440-001-01-6:5,HT29,BRD-K60850440,BRD-K60850440,0.16165834189217948,0.1449302786710213,0.01672806322115819,False
c7304d3bd,MUC.CP003_NKDBA_24H:BRD-K26997899-001-01-4:1.1111,NKDBA,BRD-K26997899,D-64131,0.1618460413896115,0.15388996518161704,0.007956076207994461,False
c77f2e928,DOS052_HT29_24H:BRD-K16954564-001-02-9:5.02,HT29,BRD-K16954564,BRD-K16954564,0.17073321939416103,0.16753308592232036,0.0032001334718406715,False
c78ce570e,CPC014_NEU_24H:BRD-K33572481-001-01-0:10,NEU,BRD-K33572481,taurodeoxycholic-acid,0.15683692576944994,0.15536176919386407,0.001475156575585862,False
c7a4a3b38,DOS007_VCAP_24H:BRD-K62427254-001-01-6:5.02,VCAP,BRD-K62427254,BRD-K62427254,0.15387565601255732,0.1537837872924083,9.18687201490187e-05,False
c7b437f52,CPC015_SKB_24H:BRD-A98702003-304-03-0:10,SKB,BRD-A98702003,carbenoxolone,0.15803958157358503,0.15595112904977337,0.0020884525238116514,False
c7cc905d6,CPC004_VCAP_24H:BRD-K24053527-004-03-8:10,VCAP,BRD-K24053527,dextromethorphan,0.16376217090724698,0.16266470099352015,0.001097469913726834,False
c7d8e90cc,DOS023_VCAP_24H:BRD-K87010644-001-02-8:5,VCAP,BRD-K87010644,BRD-K87010644,0.14231115806907688,0.14153525605502337,0.0007759020140535033,False
c7e535136,DOS043_A375_24H:BRD-K73716473-001-01-4:5.04,A375,BRD-K73716473,BRD-K73716473,0.16539951572505482,0.15584391032999062,0.009555605395064198,False
c7ecff8b4,LJP002_MCF7_6H:BRD-K99749624-001-03-9:2,MCF7,BRD-K99749624,linifanib,0.17358234811567574,0.16233330351010877,0.011249044605566971,False
c862a0e7a,CPD002_PC3_24H:BRD-K64052750-001-07-6:10,PC3,BRD-K64052750,gefitinib,0.16946203673971347,0.1675187144610725,0.0019433222786409687,False
c8631d45b,MUC.CP005_MCF7_24H:BRD-K12502280-001-01-5:1.2333,MCF7,BRD-K12502280,TG-101348,0.17041361559302226,0.14538755676486723,0.025026058828155034,False
c8682a165,DOS012_VCAP_6H:BRD-K25385069-001-01-7:4.92,VCAP,BRD-K25385069,BRD-K25385069,0.1856051771953147,0.182124781194462,0.0034803960008527035,False
c8763b2d3,DOS060_HT29_24H:BRD-K36232729-001-01-0:5,HT29,BRD-K36232729,BRD-K36232729,0.1665515096762242,0.15554097984483722,0.011010529831386978,False
c89f8f935,CPC010_MCF7_24H:BRD-K64979116-001-03-8:10,MCF7,BRD-K64979116,BRD-K64979116,0.1629370946231543,0.15592564907561046,0.007011445547543849,False
c8b90e88e,DOS023_VCAP_24H:BRD-K56593673-001-01-6:4.98,VCAP,BRD-K56593673,BRD-K56593673,0.14925496835750102,0.14638845260884367,0.0028665157486573445,False
c8bc897d7,DOS039_A375_24H:BRD-K24282403-001-01-2:5.19,A375,BRD-K24282403,BRD-K24282403,0.1477266075959161,0.14273802161475607,0.004988585981160032,False
c8c93f65b,RAD001_MCF7_24H:BRD-K95986273-001-01-9:0.0015,MCF7,BRD-K95986273,MW-MITF24,0.1618732874246669,0.15230761455904762,0.009565672865619268,False
c8ce35de9,CPC007_HCC515_6H:BRD-K41670583-001-05-0:10,HCC515,BRD-K41670583,BRD-K41670583,0.16747786796821085,0.15862264574589985,0.008855222222310999,False
c8e93bf90,DOS056_A549_24H:BRD-K93596678-001-01-9:5,A549,BRD-K93596678,BRD-K93596678,0.1478201023187225,0.1461819666042197,0.001638135714502803,False
c8f4266c8,DOS034_MCF7_24H:BRD-K92740670-001-01-2:5.05,MCF7,BRD-K92740670,BRD-K92740670,0.1603703110951642,0.15837252105417238,0.0019977900409918203,False
c91486e82,CPC018_A375_6H:BRD-K96354014-001-10-4:10,A375,BRD-K96354014,nifedipine,0.1433595160020749,0.13609188318878213,0.0072676328132927626,False
c91c80a5e,CPC006_NCIH508_6H:BRD-K03816923-001-04-7:9.68,NCIH508,BRD-K03816923,rottlerin,0.18142186785985406,0.15712401744205376,0.024297850417800304,False
c92ab961c,DOS039_A549_24H:BRD-K84691165-001-01-9:4.92,A549,BRD-K84691165,BRD-K84691165,0.16349978165549833,0.1556485847421754,0.007851196913322922,False
c94a3e7f7,HOG001_A549_6H:BRD-A84481105-003-17-2:0.1235,A549,BRD-A84481105,thioridazine,0.16665200428267402,0.15994759040903211,0.006704413873641901,False
c957f6ac7,LJP002_MDAMB231_6H:BRD-K54256913-001-03-8:2,MDAMB231,BRD-K54256913,MK-1775,0.16943564736709116,0.15464494719594818,0.014790700171142979,False
c958249ef,DOS042_A549_24H:BRD-K66836247-001-01-4:4.95,A549,BRD-K66836247,BRD-K66836247,0.15713289917345036,0.1508696350536822,0.006263264119768158,False
c95a5ea9c,DOS052_A375_24H:BRD-K46661156-001-01-0:5.16,A375,BRD-K46661156,BRD-K46661156,0.15962058112379907,0.1550523842523618,0.004568196871437252,False
c95ce9c16,PCLB001_HA1E_24H:BRD-K19326298-001-02-0:3.33,HA1E,BRD-K19326298,MW-SHH-250,0.16649193584597027,0.16212986589334724,0.004362069952623032,False
c95e712bb,DOS055_MCF7_24H:BRD-K18407079-001-01-6:5,MCF7,BRD-K18407079,BRD-K18407079,0.16723229663489758,0.1627222805879825,0.0045100160469150885,False
c96f93956,CPC010_HT29_6H:BRD-A65516924-001-02-3:10,HT29,BRD-A65516924,BRD-A65516924,0.15999987026082532,0.15415225469472305,0.005847615566102277,False
c9733b113,CPC008_A375_6H:BRD-K00637033-003-01-9:10,A375,BRD-K00637033,BRD-K00637033,0.1657471799111575,0.1543063938582221,0.011440786052935414,False
c9798b7d8,DOS056_MCF7_24H:BRD-K73329392-001-01-4:5,MCF7,BRD-K73329392,BRD-K73329392,0.19575646365249433,0.1729987946605041,0.02275766899199022,False
c98950cfd,DOS054_HT29_24H:BRD-K35468072-001-01-4:5,HT29,BRD-K35468072,BRD-K35468072,0.14347731059696567,0.14006795006613187,0.0034093605308337938,False
c9a4e1d37,CPC006_NCIH508_6H:BRD-K76205745-237-05-8:160,NCIH508,BRD-K76205745,losartan,0.17049349447812318,0.16320879695322557,0.007284697524897604,False
c9bc74fb3,CPC006_SW480_6H:BRD-K76964878-001-01-8:24,SW480,BRD-K76964878,EX-527,0.1516601102019878,0.1502207583246407,0.0014393518773470892,False
c9c489767,DOS002_VCAP_6H:BRD-K75845944-001-01-0:5,VCAP,BRD-K75845944,BRD-K75845944,0.14862955714143028,0.14214763640166198,0.006481920739768304,False
ca6b662f5,DOS041_A549_24H:BRD-K75996234-001-01-0:5,A549,BRD-K75996234,BRD-K75996234,0.14166043321236113,0.13598148564660045,0.005678947565760678,False
ca8282d6b,PCLB003_HCC515_24H:BRD-K64606589-001-03-5:0.37,HCC515,BRD-K64606589,apicidin,0.1629246041115765,0.14939340661883987,0.013531197492736624,False
ca8387b14,HOG002_MCF7_24H:BRD-K81418486-001-32-7:0.0045,MCF7,BRD-K81418486,vorinostat,0.17115004506845616,0.16936252584162342,0.0017875192268327345,False
ca8854531,CPC004_HEPG2_6H:BRD-K45296539-003-01-0:10,HEPG2,BRD-K45296539,ZD-7114,0.16468527922586362,0.154324223061013,0.010361056164850613,False
cacb2b860,CPC014_VCAP_6H:BRD-A98283014-003-07-7:10,VCAP,BRD-A98283014,calmidazolium,0.174581112735045,0.16005551635473866,0.014525596380306344,False
cad539762,CPC004_HEPG2_6H:BRD-K37206356-001-02-1:10,HEPG2,BRD-K37206356,rhamnetin,0.1482945866230666,0.14796716697117487,0.0003274196518917305,False
cafd478f9,DOS009_VCAP_24H:BRD-K86719628-001-01-7:4.99,VCAP,BRD-K86719628,BRD-K86719628,0.15812176362098573,0.15334696585053018,0.004774797770455558,False
cb01ff9d8,CPC009_PC3_24H:BRD-K17969842-001-01-2:10,PC3,BRD-K17969842,BRD-K17969842,0.15114249460116466,0.14598923146492412,0.005153263136240538,False
cb2c25132,DOS048_A375_24H:BRD-K02217114-001-01-4:5.01,A375,BRD-K02217114,BRD-K02217114,0.1652273570331914,0.16050305840960374,0.004724298623587669,False
cb462e5c6,LJP001_MDAMB231_6H:BRD-K22096725-001-02-7:10,MDAMB231,BRD-K22096725,ALW-II-49-7,0.15547919959577092,0.15438046332079255,0.0010987362749783625,False
cb6fd5cd9,PCLB003_MCF7_24H:BRD-K19826688-001-02-7:10,MCF7,BRD-K19826688,BRD-K19826688,0.15575547795408276,0.1402195158066594,0.015535962147423366,False
cbbb2153d,LJP002_HS578T_6H:BRD-K04801023-001-01-3:10,HS578T,BRD-K04801023,SAR-245408,0.17200299921363027,0.1549608631793366,0.017042136034293665,False
cbc278c8c,CPD002_PC3_24H:BRD-K87158025-003-04-6:10,PC3,BRD-K87158025,benzamil,0.17363613163869573,0.15834586560321612,0.015290266035479616,False
cbd1e5bae,CPC006_HT29_6H:BRD-K08478539-001-02-1:10,HT29,BRD-K08478539,RLM-2-12,0.14970715352744285,0.14497000573503133,0.004737147792411522,False
cbdf6b874,CPC006_SKMEL1_6H:BRD-K18849474-001-01-0:79.44,SKMEL1,BRD-K18849474,dalcetrapib,0.17232554784553933,0.1687377934988965,0.003587754346642824,False
cbe28733a,CPC012_MCF7_6H:BRD-A06131576-001-01-6:10,MCF7,BRD-A06131576,BRD-A06131576,0.15526098999743565,0.15314847660082398,0.0021125133966116705,False
cbea1c11f,NMH001_NEU_6H:BRD-K36055864-001-15-0:10,NEU,BRD-K36055864,cycloheximide,0.15247167417929025,0.15039548499726993,0.0020761891820203215,False
cbf00dd7c,CPC020_PC3_24H:BRD-K62300190-003-05-9:10,PC3,BRD-K62300190,BRD-K62300190,0.1507364479087454,0.1477775290892131,0.002958918819532308,False
cbf191cb2,MUC.CP001_MCF7_6H:BRD-K16127898-001-01-1:9.8697,MCF7,BRD-K16127898,SA-85290,0.17333760789729616,0.17038732458121147,0.002950283316084684,False
cbfaff9d1,DOS049_HT29_24H:BRD-K11221750-001-01-4:5,HT29,BRD-K11221750,BRD-K11221750,0.16765966916874633,0.16717761347168436,0.0004820556970619727,False
cc10617ca,CPC008_A375_6H:BRD-K64738596-001-06-0:10,A375,BRD-K64738596,BRD-K64738596,0.16315419091238775,0.15610467195269945,0.007049518959688306,False
cc1288d5a,CPC013_PC3_6H:BRD-K70500696-001-01-6:10,PC3,BRD-K70500696,KB188-III-56,0.16325271001793176,0.15820738266302575,0.00504532735490601,False
cc2115976,DOS059_A549_24H:BRD-K30021624-001-01-9:5,A549,BRD-K30021624,BRD-K30021624,0.16002356130981216,0.1589342681930731,0.001089293116739054,False
cc305f73c,CPC009_PC3_24H:BRD-K17969842-001-01-2:10,PC3,BRD-K17969842,BRD-K17969842,0.1723965036048717,0.16934408195061568,0.00305242165425601,False
cc4768974,DOSBIO001_NEU_24H:BRD-K39092862:9.78155,NEU,BRD-K39092862,BRD-K39092862,0.15742770076571794,0.15403706188749897,0.003390638878218971,False
cc702cc19,CPC007_A375_24H:BRD-K54503842-001-05-4:10,A375,BRD-K54503842,JAS07-010,0.18026761395678503,0.17011235211076123,0.010155261846023805,False
cc74a8af6,LJP001_MDAMB231_6H:BRD-K00337317-001-02-5:10,MDAMB231,BRD-K00337317,NU-7441,0.16327435308819999,0.14567429836999563,0.01760005471820436,False
cc88e1e3c,CPC001_HCC515_6H:BRD-K12120659-305-01-4:10,HCC515,BRD-K12120659,GR-144053,0.16398554826042144,0.15018724959934526,0.01379829866107618,False
cc96b78f2,CPC006_HA1E_24H:BRD-K64890080-001-03-9:10,HA1E,BRD-K64890080,BI-2536,0.13901711665747502,0.13553600599451252,0.0034811106629625,False
ccad8d70f,CPC004_MCF7_6H:BRD-K86301799-001-19-9:10,MCF7,BRD-K86301799,dipyridamole,0.18838593630321623,0.18754762974674005,0.0008383065564761816,False
ccb72441a,BRAF001_A375_6H:BRD-K67578145-001-05-5:2.5,A375,BRD-K67578145,GDC-0879,0.15469204282249727,0.15270870751611776,0.001983335306379508,False
ccf6fadc3,CPC016_MCF7_24H:BRD-K17868609-001-02-7:10,MCF7,BRD-K17868609,BRL-54443,0.18299504195962077,0.18101040748315342,0.0019846344764673507,False
cd0f9a06b,DOS023_VCAP_24H:BRD-K46661156-001-01-0:5.16,VCAP,BRD-K46661156,BRD-K46661156,0.14736432208219774,0.1350124407854539,0.012351881296743833,False
cd15932d2,CPC020_MCF7_6H:BRD-K40151202-001-01-2:10,MCF7,BRD-K40151202,BRD-K40151202,0.16098375177007412,0.16039410940006354,0.0005896423700105791,False
cd4f7ec46,DOS022_VCAP_6H:BRD-K15525634-004-02-8:5.02,VCAP,BRD-K15525634,BRD-K15525634,0.1515684112278508,0.14924111159622935,0.0023272996316214545,False
cd5323b1a,DOSBIO001_PC3_24H:BRD-K19677752:10.0343,PC3,BRD-K19677752,BRD-K19677752,0.20000008448118947,0.17420182935380768,0.02579825512738179,False
cd6dd7a29,DOSBIO002_MCF7_24H:BRD-K78018080:10.0075,MCF7,BRD-K78018080,BRD-K78018080,0.16763715407067512,0.1550424462390968,0.012594707831578317,False
cd7f6bf39,DOS005_VCAP_6H:BRD-K63947305-001-01-1:5,VCAP,BRD-K63947305,BRD-K63947305,0.15897763371371654,0.14466644077654622,0.014311192937170314,False
cd9464ede,CPC015_NPC_24H:BRD-K79131256-001-08-8:10,NPC,BRD-K79131256,albendazole,0.14678535932876693,0.14624779267799123,0.0005375666507757004,False
cd9644989,LJP001_HS578T_6H:BRD-K00337317-001-02-5:2,HS578T,BRD-K00337317,NU-7441,0.16591715350044722,0.16083953259636785,0.005077620904079372,False
cdae2ebbf,DOS055_A549_24H:BRD-K12961950-001-01-2:5,A549,BRD-K12961950,BRD-K12961950,0.1891510146957908,0.18345253357616953,0.005698481119621263,False
cdbfcb1ea,RAD001_MCF7_24H:BRD-K24844714-001-06-2:0.1235,MCF7,BRD-K24844714,fluorouracil,0.1442061703935164,0.1400857612220631,0.004120409171453315,False
cdee6b7bf,LJP002_MCF7_24H:BRD-K42728290-001-02-6:0.4,MCF7,BRD-K42728290,NVP-BGJ398,0.15441940249778513,0.15399143140862437,0.0004279710891607613,False
ce15db37f,DOS031_MCF7_24H:BRD-A75409952:10,MCF7,BRD-A75409952,wortmannin,0.17484550526047637,0.17194799580051623,0.002897509459960146,False
ce1c48ead,DOS044_A375_24H:BRD-K98195492-001-02-7:4.99,A375,BRD-K98195492,BRD-K98195492,0.1542886662073235,0.14932678299551572,0.004961883211807794,False
ce1dd3f87,NMH002_NEU_6H:BRD-K75181824-001-04-9:10,NEU,BRD-K75181824,acetyl-geranygeranyl-cysteine,0.1671190804169959,0.1556363802174455,0.011482700199550416,False
ce2775e0a,DOS056_A375_24H:BRD-K57181059-001-01-3:5,A375,BRD-K57181059,BRD-K57181059,0.18654123160707303,0.1695475428731542,0.01699368873391882,False
ce292c1df,CPC013_A375_6H:BRD-K55991774-001-01-1:10,A375,BRD-K55991774,BAS-09104376,0.15453190078914775,0.14841295307771712,0.006118947711430622,False
ce48189e0,CPC013_NPC_24H:BRD-K74606027-001-01-7:10,NPC,BRD-K74606027,BRD-K74606027,0.14466342896450973,0.14426328703275457,0.00040014193175516577,False
ce6b7dd05,CPC013_ASC_24H:BRD-K99616396-316-01-2:10,ASC,BRD-K99616396,motesanib,0.15816078968783523,0.14599233712965282,0.012168452558182413,False
ce7077c0d,CPC014_PHH_24H:BRD-K79437791-001-03-2:10,PHH,BRD-K79437791,acetyl-farnesyl-cysteine,0.16720795196686714,0.1573996034597248,0.009808348507142323,False
cea7a3fe4,CPC008_MCF7_6H:BRD-K81592585-001-05-5:10,MCF7,BRD-K81592585,DM-55-3,0.15680906366045225,0.1551504389762044,0.0016586246842478503,False
cebb37606,CPC006_THP1_6H:BRD-A76279427-001-01-9:10,THP1,BRD-A76279427,myriocin,0.16518728989526632,0.14306457231345693,0.022122717581809392,False
cedb6c4a8,DOS034_PC3_24H:BRD-K28649955-001-01-0:5.13,PC3,BRD-K28649955,BRD-K28649955,0.15208151177208148,0.1435870217655553,0.00849449000652619,False
cedcfd30a,DOS009_VCAP_24H:BRD-K26857129-001-01-2:5,VCAP,BRD-K26857129,BRD-K26857129,0.15552647083195306,0.1506667018396743,0.0048597689922787735,False
cedde2a6c,CPC006_A549_6H:BRD-A31107743-001-01-3:0.09,A549,BRD-A31107743,brefeldin-a,0.1461856730582214,0.14199121943554896,0.004194453622672428,False
cee0b4f24,CPC001_HCC515_6H:BRD-K12120659-305-01-4:10,HCC515,BRD-K12120659,GR-144053,0.17845046319843003,0.1564849905277734,0.021965472670656627,False
ceee35da6,CPC015_MCF7_6H:BRD-K93645900-001-04-8:10,MCF7,BRD-K93645900,tadalafil,0.1512791670205293,0.14632635967119456,0.004952807349334731,False
cef9e7a3f,CPC010_PC3_24H:BRD-K71879957-001-02-5:10,PC3,BRD-K71879957,BRD-K71879957,0.16960786260049726,0.16408843149341434,0.005519431107082917,False
cf071c439,RAD001_HCC515_6H:BRD-K73947551-001-02-8:10,HCC515,BRD-K73947551,amifostine,0.15750838343194878,0.15554616245761269,0.0019622209743360985,False
cf08e0bf8,DOS042_A549_24H:BRD-K02125996-001-01-2:5.01,A549,BRD-K02125996,BRD-K02125996,0.1753766978423214,0.1633540098283852,0.012022688013936217,False
cf21bab1b,DOS031_MCF7_24H:BRD-K49738502-001-01-4:5,MCF7,BRD-K49738502,BRD-K49738502,0.1468884105760159,0.14583218799982256,0.0010562225761933386,False
cf21e6ee0,HOG001_MCF7_24H:BRD-A75409952-001-01-6:0.3704,MCF7,BRD-A75409952,wortmannin,0.16106271754429874,0.15980060679624986,0.0012621107480488836,False
cf3449dda,LJP002_BT20_6H:BRD-K25340465-001-03-8:10,BT20,BRD-K25340465,OSI-930,0.1806299724080319,0.17468056630158985,0.005949406106442068,False
cf4523b7d,DOS055_A375_24H:BRD-K67454499-001-01-0:5,A375,BRD-K67454499,BRD-K67454499,0.14422660085051106,0.14348490276422332,0.0007416980862877398,False
cf505fa7f,DOS041_A549_24H:BRD-K29711801-001-01-3:5.04,A549,BRD-K29711801,BRD-K29711801,0.18348800911160046,0.1731600128427099,0.010327996268890555,False
cf5db49f4,DOS043_A549_24H:BRD-K69649444-001-02-7:5.11,A549,BRD-K69649444,BRD-K69649444,0.164600457787115,0.16001570226583411,0.0045847555212808755,False
cfbbea3fc,CPC018_HEPG2_6H:BRD-K01663662-003-03-8:10,HEPG2,BRD-K01663662,diphenidol,0.15577935033111773,0.15552673011841348,0.00025262021270425206,False
cfdaeed8e,CPC006_A549_24H:BRD-K90735586-001-07-4:10,A549,BRD-K90735586,BRD-K90735586,0.15102934529839507,0.14387481900053517,0.007154526297859898,False
d00e6f13d,CPD003_PC3_6H:BRD-K80396088-001-08-8:10,PC3,BRD-K80396088,gliquidone,0.14488040499443075,0.14299391738592845,0.0018864876085022964,False
d00f93480,DOS041_A549_24H:BRD-K39151337-001-01-3:5,A549,BRD-K39151337,BRD-K39151337,0.14192899122166655,0.1408675152425847,0.0010614759790818495,False
d01936d7e,CPC014_HT29_6H:BRD-K93331255-001-01-2:10,HT29,BRD-K93331255,lypressin,0.17800995598802427,0.17589100558143964,0.0021189504065846354,False
d032e3d51,DOS058_A375_24H:BRD-K52913754-001-01-2:5,A375,BRD-K52913754,BRD-K52913754,0.16270143623670996,0.14491486624516528,0.017786569991544682,False
d068b0638,DOS034_MCF7_24H:BRD-K17401882-001-01-7:5,MCF7,BRD-K17401882,BRD-K17401882,0.1671040221905389,0.15625429936325708,0.010849722827281832,False
d074c17a3,DOS043_A375_24H:BRD-K42595694-001-01-3:5.02,A375,BRD-K42595694,BRD-K42595694,0.15061528678457187,0.1451374636616602,0.005477823122911674,False
d08af5d4b,DOS032_HT29_24H:BRD-K06589444-001-01-3:4.99,HT29,BRD-K06589444,BRD-K06589444,0.14799971081079943,0.14399389559969575,0.004005815211103686,False
d0c38f6ff,PCLB002_A549_24H:BRD-A74907996:0.04,A549,BRD-A74907996,equol,0.16260471808320615,0.15046196815571597,0.012142749927490176,False
d0d0d9885,CPC006_NCIH508_6H:BRD-K82135108-001-01-9:10,NCIH508,BRD-K82135108,elesclomol,0.1603446882135177,0.16007280240784366,0.000271885805674027,False
d118db62e,CPC018_A375_6H:BRD-K31542390-001-01-5:10,A375,BRD-K31542390,mycophenolic-acid,0.15384030163896273,0.15294328506594432,0.000897016573018411,False
d12d3ac65,DOS052_A375_24H:BRD-K33562246-001-01-7:5.13,A375,BRD-K33562246,BRD-K33562246,0.15985079096178245,0.15564975562790928,0.004201035333873171,False
d144a991c,CPC006_OV7_6H:BRD-K91623615-001-01-9:10,OV7,BRD-K91623615,ABT-751,0.1619323118689553,0.15858773796364123,0.0033445739053140633,False
d14919a0e,DOS008_VCAP_24H:BRD-K34692511-001-01-9:5,VCAP,BRD-K34692511,BRD-K34692511,0.17420172169010167,0.16852252223696934,0.005679199453132333,False
d149a15f5,DOS052_A375_24H:BRD-K83980681-001-02-0:5,A375,BRD-K83980681,BRD-K83980681,0.18095801027594344,0.1613257928962602,0.019632217379683237,False
d14b6b651,CPC005_A375_24H:BRD-K44084986-001-02-1:10,A375,BRD-K44084986,Y-27632,0.15138982489994868,0.14273672843256097,0.008653096467387711,False
d1681e2ff,CPD002_PC3_24H:BRD-K64052750-001-07-6:10,PC3,BRD-K64052750,gefitinib,0.1699191643180448,0.1611790470225623,0.008740117295482491,False
d18459f4f,NMH002_NEU_24H:BRD-K12184916-001-08-9:10,NEU,BRD-K12184916,NVP-BEZ235,0.1492928373535376,0.1444857888925151,0.004807048461022506,False
d1b47f29d,DOSBIO001_NPC_24H:BRD-K86522396:9.6567,NPC,BRD-K86522396,BRD-K86522396,0.1596750430995636,0.15020449576759232,0.00947054733197128,False
d1cfb9885,ERG014_PC3_6H:BRD-K12360898-001-01-2:10.0706,PC3,BRD-K12360898,BRD-K12360898,0.1471666112124511,0.14580321944115346,0.0013633917712976285,False
d1d4140f4,CPC007_A549_6H:BRD-K53011428-001-06-9:10,A549,BRD-K53011428,BRD-K53011428,0.159803172253414,0.15322674586521268,0.0065764263882013285,False
d1f551f68,CPC009_A549_24H:BRD-K25094947-019-01-5:10,A549,BRD-K25094947,BRD-K25094947,0.16868641187559383,0.16172098374189928,0.006965428133694551,False
d201bb3e9,CPC002_HCC515_24H:BRD-K10843433-001-12-8:10,HCC515,BRD-K10843433,phenylbutazone,0.1561683390369406,0.1416471676672495,0.01452117136969111,False
d214f8a07,CPC008_A375_24H:BRD-A83255679-001-09-8:10,A375,BRD-A83255679,BRD-A83255679,0.15263429406010037,0.14800645481699296,0.004627839243107418,False
d216cfda8,MUC.CP002_MCF7_24H:BRD-A57382968-001-15-9:3.3333,MCF7,BRD-A57382968,piroxicam,0.16017045573707417,0.15795467110919287,0.002215784627881301,False
d219a0018,LJP001_BT20_24H:BRD-K58772419-001-04-7:0.08,BT20,BRD-K58772419,AZD-6482,0.19414559974716628,0.15533076885675748,0.0388148308904088,False
d22b4e6d9,CPC006_A375_24H:BRD-K19216856-001-02-7:88.8,A375,BRD-K19216856,epigallocatechin,0.15246158233564458,0.1518220311457072,0.0006395511899373874,False
d234a611d,DOS047_PC3_24H:BRD-K55875111-001-01-8:5,PC3,BRD-K55875111,BRD-K55875111,0.17650144064053866,0.15405497232508095,0.022446468315457713,False
d246eb521,DOS047_A375_24H:BRD-K43703651-001-01-3:5.01,A375,BRD-K43703651,BRD-K43703651,0.14265779914772794,0.13991472989212445,0.0027430692556034975,False
d289bdd81,DOS042_A549_24H:BRD-K31556224-001-01-7:5.05,A549,BRD-K31556224,BRD-K31556224,0.1642808910246717,0.16231495886425,0.0019659321604217073,False
d2991f386,CPC011_A549_6H:BRD-K97158071-001-14-0:10,A549,BRD-K97158071,droperidol,0.16003149647060738,0.15092754729206964,0.00910394917853774,False
d2a147729,DOS055_A375_24H:BRD-K34607017-001-01-6:5,A375,BRD-K34607017,BRD-K34607017,0.16623732228144808,0.16523549091781242,0.001001831363635658,False
d2bfb8458,CPC016_NPC_24H:BRD-K68190965-001-01-4:10,NPC,BRD-K68190965,GR-46611,0.1633101034292773,0.15993046216915904,0.003379641260118249,False
d2c1d1a42,CPC014_A375_6H:BRD-K99749624-001-01-3:10,A375,BRD-K99749624,linifanib,0.15438731352932322,0.14361510810457248,0.010772205424750741,False
d2d29e48f,DOS005_VCAP_24H:BRD-K57371454-001-01-1:5.01,VCAP,BRD-K57371454,BRD-K57371454,0.17610829707735348,0.1731630815692879,0.0029452155080655906,False
d2d7e1eab,CPC014_A375_6H:BRD-K82206012-001-01-3:10,A375,BRD-K82206012,BRD-K82206012,0.16604333814679517,0.16146790931941438,0.004575428827380795,False
d2e554fc3,CPC006_SKMEL1_6H:BRD-A25004090-001-03-5:4.8,SKMEL1,BRD-A25004090,erastin,0.15637326905629031,0.15275477852877745,0.0036184905275128687,False
d2f784c39,CPC010_VCAP_24H:BRD-K55630727-001-04-7:10,VCAP,BRD-K55630727,BRD-K55630727,0.15308961088348683,0.14993828647813753,0.003151324405349293,False
d30573f2e,PCLB002_HEPG2_24H:BRD-A74907996:3.33,HEPG2,BRD-A74907996,equol,0.157661941641359,0.1516379652579777,0.006023976383381285,False
d30fd5273,CPC009_VCAP_24H:BRD-K50505048-001-04-8:10,VCAP,BRD-K50505048,MW-RAS9,0.1579301262850611,0.15444591332310414,0.003484212961956945,False
d32045b5e,DOS054_PC3_24H:BRD-K43624963-001-01-4:5,PC3,BRD-K43624963,BRD-K43624963,0.16255700947596666,0.1557212282057917,0.006835781270174951,False
d3228fdfc,CPC006_RKO_6H:BRD-K32330832-001-01-0:11.1,RKO,BRD-K32330832,VER-155008,0.1475996758891356,0.1410917123128815,0.0065079635762541055,False
d33ee31a4,DOS058_A375_24H:BRD-K58225827-019-01-0:5,A375,BRD-K58225827,BRD-K58225827,0.15233242179174417,0.14870309216595212,0.0036293296257920438,False
d36e6ad3b,DOS025_VCAP_24H:BRD-K59340545-001-01-5:5.06,VCAP,BRD-K59340545,BRD-K59340545,0.1662437704478662,0.16043550943492083,0.005808261012945376,False
d379daa8f,CPC010_VCAP_24H:BRD-K65774694-001-02-4:10,VCAP,BRD-K65774694,BRD-K65774694,0.15812813462760877,0.1497203411393835,0.008407793488225263,False
d389fc759,CPC014_NEU_24H:BRD-K04701986-001-01-0:10,NEU,BRD-K04701986,BL-050,0.15797633465928415,0.14939846729917527,0.008577867360108876,False
d38a2d3ef,DOSBIO001_A375_24H:BRD-K68253248:10.1649,A375,BRD-K68253248,BRD-K68253248,0.16264778706514196,0.16229454783919972,0.00035323922594224233,False
d390fef44,DOS057_A375_24H:BRD-K97924280-001-01-9:5,A375,BRD-K97924280,BRD-K97924280,0.15970381739133038,0.1486707822941895,0.011033035097140875,False
d3a86129b,CPC008_MCF7_6H:BRD-K71970656-001-04-2:10,MCF7,BRD-K71970656,BRD-K71970656,0.15588698593736006,0.1555506613783951,0.0003363245589649566,False
d3ae504c0,DOSBIO001_A375_24H:BRD-K68253248:10.1649,A375,BRD-K68253248,BRD-K68253248,0.1668949775083479,0.16074220366208058,0.0061527738462673065,False
d3b0064d0,DOS056_HT29_24H:BRD-K18823018-001-01-8:5,HT29,BRD-K18823018,BRD-K18823018,0.1467310955171364,0.14079318912536068,0.005937906391775716,False
d3c63fdfb,CPC005_MCF7_24H:BRD-A07000685-001-03-6:10,MCF7,BRD-A07000685,hydrocortisone-hemisuccinate,0.16829041551497426,0.16822117361174121,6.924190323304158e-05,False
d3cc51fba,DOSBIO002_A375_24H:BRD-K98036459:10.0497,A375,BRD-K98036459,BRD-K98036459,0.1461567322725814,0.14505862722057822,0.0010981050520031954,False
d3d4e6fda,CPC008_MCF7_24H:BRD-K14096083-001-01-5:10,MCF7,BRD-K14096083,VU-0424206-1,0.16252752026543643,0.15058246947289514,0.011945050792541295,False
d3f33169a,CPC013_HCC515_6H:BRD-K99433267-001-01-6:10,HCC515,BRD-K99433267,BRD-K99433267,0.153835493116889,0.1514041637757732,0.0024313293411157844,False
d3f9718f3,CPC011_HT29_6H:BRD-K29530284-001-04-7:10,HT29,BRD-K29530284,amlexanox,0.16061379374263274,0.15948006007570178,0.0011337336669309528,False
d3ff26fc7,CPC001_PC3_24H:BRD-K81709173-001-03-8:10,PC3,BRD-K81709173,halcinonide,0.14194874089305415,0.14102222621852772,0.0009265146745264241,False
d401a4bc4,CPD002_MCF7_6H:BRD-K53815609-001-04-9:10,MCF7,BRD-K53815609,nitrofural,0.14475366522368224,0.14260213643141956,0.002151528792262686,False
d4108f538,CPC018_MCF7_6H:BRD-A31521121-001-15-7:10,MCF7,BRD-A31521121,methocarbamol,0.18826223196014621,0.18659333965994754,0.0016688923001986766,False
d41b0360e,LJP002_BT20_24H:BRD-K44227013-001-01-5:2,BT20,BRD-K44227013,ponatinib,0.1547670393374838,0.1513638088432665,0.003403230494217313,False
d41c46a22,CPC006_U937_6H:BRD-K77432048-001-02-8:10,U937,BRD-K77432048,BRD-K77432048,0.17125567270247877,0.1678762551412387,0.003379417561240078,False
d41eae7e5,CPC006_VCAP_24H:BRD-K21614065-001-01-8:14,VCAP,BRD-K21614065,BRD-K21614065,0.1679235380956828,0.1545899869230748,0.01333355117260801,False
d43ece694,CPC006_HCC15_6H:BRD-K64634304-001-01-5:40,HCC15,BRD-K64634304,tretinoin,0.1700837243071539,0.16491588494994783,0.005167839357206078,False
d449fda32,CPC006_CORL23_6H:BRD-A24054354-001-05-7:10,CORL23,BRD-A24054354,BRD-A24054354,0.166084629403895,0.1592711943664473,0.006813435037447718,False
d46d06ed5,CPC010_VCAP_24H:BRD-A55609290-001-05-7:10,VCAP,BRD-A55609290,BRD-A55609290,0.16437296614197267,0.1603217402232262,0.004051225918746459,False
d488d031d,ERG014_PC3_24H:BRD-K75051049-001-01-9:10.0926,PC3,BRD-K75051049,BRD-K75051049,0.15408496650026698,0.1528476902076967,0.001237276292570283,False
d4999c2ea,CPC007_PC3_24H:BRD-K53566850-001-07-7:10,PC3,BRD-K53566850,BRD-K53566850,0.1747247626405743,0.16561330181309317,0.009111460827481127,False
d49f848d5,DOS004_VCAP_24H:BRD-K87217296-001-01-2:5,VCAP,BRD-K87217296,BRD-K87217296,0.14980494309402248,0.14234983794950629,0.007455105144516194,False
d4aba1b3e,CPC016_A549_6H:BRD-A69960130-066-01-4:10,A549,BRD-A69960130,bromocriptine,0.13852499243484395,0.1369345866556922,0.00159040577915176,False
d4b2d8373,CPC004_A375_6H:BRD-K25650355-059-12-2:10,A375,BRD-K25650355,physostigmine,0.15300254099110905,0.15158175333436974,0.0014207876567393085,False
d4bae1059,DOS037_A549_24H:BRD-K61164584-001-01-7:5.05,A549,BRD-K61164584,BRD-K61164584,0.1519424171310564,0.1416480409773133,0.010294376153743123,False
d4c515a95,HOG002_A549_6H:BRD-K18910433-001-19-2:0.3704,A549,BRD-K18910433,estradiol,0.1657455161640014,0.15451781599553166,0.011227700168469745,False
d4c998587,CPC013_MCF7_6H:BRD-K43739430-001-01-5:10,MCF7,BRD-K43739430,ST-4029487,0.16401714669387785,0.16102268018072788,0.002994466513149968,False
d4fdaaa96,HOG003_MCF7_24H:BRD-K01976263-003-04-5:0.1234,MCF7,BRD-K01976263,emetine,0.16194467744323632,0.15539100380042845,0.006553673642807872,False
d50f18348,CPC010_PC3_6H:BRD-K89125793-001-21-1:10,PC3,BRD-K89125793,tinidazole,0.16557273149637558,0.1655203655306961,5.236596567947949e-05,False
d5117fdeb,DOS057_HT29_24H:BRD-K64404931-001-01-4:5,HT29,BRD-K64404931,BRD-K64404931,0.17729417926369234,0.1579626080835821,0.019331571180110252,False
d52e70ed4,DOSBIO001_NPC_24H:BRD-K86522396:9.6567,NPC,BRD-K86522396,BRD-K86522396,0.16917593894156366,0.16108009578873084,0.008095843152832821,False
d532d49de,LJP002_MDAMB231_24H:BRD-K38113518-001-01-5:0.4,MDAMB231,BRD-K38113518,XMD-16144,0.1726847122336826,0.1634955472710682,0.009189164962614405,False
d53f01057,CPC015_MCF7_24H:BRD-K02581333-001-01-8:10,MCF7,BRD-K02581333,protein-tyrosine-phosphatase-inhibitor-IV,0.15532520280137363,0.14348844465091637,0.01183675815045726,False
d5450ee5c,CPC006_PC3_24H:BRD-K83354763-001-01-1:6,PC3,BRD-K83354763,NFKB-activation-inhibitor-II,0.1533914448706113,0.1528211083446539,0.0005703365259573934,False
d5572b376,HDAC001_PC3_24H:BRD-K24690302-001-01-8:0.625,PC3,BRD-K24690302,Broad-Sai-609,0.15250358564022637,0.14725061544772794,0.0052529701924984296,False
d55a12962,PCLB003_A375_24H:BRD-K10436544-001-01-0:10,A375,BRD-K10436544,BRD-K10436544,0.14663229264986477,0.1438071928740684,0.002825099775796369,False
d563df6c9,CPC007_HT29_6H:BRD-K61237522-001-07-3:10,HT29,BRD-K61237522,BRD-K61237522,0.16436156763891568,0.15716879454981544,0.007192773089100241,False
d56702d3b,CPC012_A549_6H:BRD-K21165668-001-01-2:10,A549,BRD-K21165668,BRD-K21165668,0.1521292874520993,0.15071515707823527,0.0014141303738640365,False
d573e180f,DOS034_HT29_24H:BRD-K84536720-001-01-4:5.06,HT29,BRD-K84536720,BRD-K84536720,0.16641783513434144,0.16147767970371288,0.004940155430628562,False
d58554765,DOS047_MCF7_24H:BRD-K01971712-001-01-3:4.98,MCF7,BRD-K01971712,BRD-K01971712,0.1678659318788422,0.16482068273487144,0.003045249143970752,False
d59e2bf68,CPC006_H1299_6H:BRD-K13049116-001-01-6:10,H1299,BRD-K13049116,BMS-754807,0.15868322057415,0.15679934503338183,0.0018838755407681596,False
d5a1bc32c,DOS001_VCAP_6H:BRD-K74010885-001-01-3:5.18,VCAP,BRD-K74010885,BRD-K74010885,0.16845769484869133,0.16601550017502986,0.0024421946736614686,False
d5ea96219,CPC006_NCIH2073_6H:BRD-A97437073-001-03-1:80,NCIH2073,BRD-A97437073,rosiglitazone,0.17032062001521192,0.15173981555461344,0.018580804460598482,False
d5f0a3a0d,LJP002_MCF7_6H:BRD-K67868012-001-02-7:10,MCF7,BRD-K67868012,PI-103,0.15912607819740865,0.14612514580166583,0.01300093239574282,False
d60045956,ERG011_VCAP_24H:BRD-K48668625-001-01-6:10.127,VCAP,BRD-K48668625,BRD-K48668625,0.18444844871350372,0.17755192895860458,0.006896519754899133,False
d602cdf50,DOS033_A549_24H:BRD-K25070860-001-01-6:4.68,A549,BRD-K25070860,BRD-K25070860,0.15829882445644092,0.15504195514995406,0.0032568693064868592,False
d60790d36,CPC006_HT29_24H:BRD-K32330832-001-01-0:11.1,HT29,BRD-K32330832,VER-155008,0.15999291466595628,0.1557711960685274,0.00422171859742887,False
d631fcc6c,CPC006_HCT116_6H:BRD-A34817987-001-11-8:10,HCT116,BRD-A34817987,itraconazole,0.19517759689976208,0.14909737123952232,0.046080225660239754,False
d632db159,LJP001_SKBR3_24H:BRD-A29901043-001-02-8:2,SKBR3,BRD-A29901043,KIN001-127,0.18138770925590492,0.16931705437375558,0.01207065488214934,False
d65a23889,DOS053_A549_24H:BRD-K32803351-001-02-5:5.01,A549,BRD-K32803351,BRD-K32803351,0.19018677724506156,0.15446396275848984,0.03572281448657172,False
d66481b90,DOS051_HT29_24H:BRD-M55020616-001-01-9:5,HT29,BRD-M55020616,BRD-M55020616,0.17489261602206646,0.16174389231128194,0.013148723710784516,False
d66f0ffb7,DOS015_VCAP_6H:BRD-K34324287-001-01-1:5,VCAP,BRD-K34324287,BRD-K34324287,0.15461070025730805,0.15113937498503316,0.0034713252722748944,False
d681d223e,MUC.CP006_MCF7_6H:BRD-K59675434-001-01-8:1.1263,MCF7,BRD-K59675434,SA-1919345,0.17040218693207002,0.16590936291922442,0.004492824012845592,False
d6933a57d,LJP001_BT20_6H:BRD-K63068307-001-04-8:2,BT20,BRD-K63068307,ZSTK-474,0.15130171304305104,0.15082692864941322,0.00047478439363782265,False
d6b2e5cfc,CPC007_HA1E_24H:BRD-K27520107-003-05-8:10,HA1E,BRD-K27520107,BRD-K27520107,0.17021416004736095,0.15846465691073952,0.01174950313662143,False
d6b437415,DOS059_A549_24H:BRD-K65266817-001-01-5:5,A549,BRD-K65266817,BRD-K65266817,0.15841251660639166,0.15339856583968836,0.005013950766703301,False
d6c6237b6,DOS043_A375_24H:BRD-K71795383-001-01-9:5.04,A375,BRD-K71795383,BRD-K71795383,0.1856043435859892,0.15791031254357218,0.027694031042417022,False
d6c695e8f,CPC013_HEPG2_6H:BRD-K70974948-001-01-9:10,HEPG2,BRD-K70974948,BRD-K70974948,0.1543573982013185,0.15064685286412483,0.0037105453371936714,False
d6cf0e14e,CPC014_A375_6H:BRD-K79404599-001-02-8:10,A375,BRD-K79404599,enzastaurin,0.1535451805898021,0.1483412029282687,0.00520397766153341,False
d6cf25434,CPC013_VCAP_6H:BRD-A57300602-001-01-3:10,VCAP,BRD-A57300602,BRD-A57300602,0.15992667941890082,0.15705646052005473,0.0028702188988460886,False
d70cdde82,CPC007_A375_6H:BRD-K43149758-001-13-6:10,A375,BRD-K43149758,myricetin,0.15968406047561953,0.15183033000271806,0.007853730472901471,False
d70e663a3,DOS056_A375_24H:BRD-K16897811-001-01-3:5,A375,BRD-K16897811,BRD-K16897811,0.1668620439356722,0.16622423550105744,0.0006378084346147506,False
d714283f3,CPC006_OV7_6H:BRD-K49456190-001-01-0:10,OV7,BRD-K49456190,prima-1-met,0.15263897351102795,0.15019007616133626,0.0024488973496916977,False
d71b19349,DOS052_MCF7_24H:BRD-K09557852-001-01-2:5.08,MCF7,BRD-K09557852,BRD-K09557852,0.16454045828599273,0.16003508624237056,0.004505372043622169,False
d73a5cf1c,CPC012_HT29_6H:BRD-K13810148-001-02-1:10,HT29,BRD-K13810148,givinostat,0.15810364498494558,0.1500038535102639,0.008099791474681678,False
d73b6a4a2,CPC019_VCAP_6H:BRD-K91145395-001-02-7:10,VCAP,BRD-K91145395,prostratin,0.15459154158312036,0.15136982666483503,0.0032217149182853233,False
d74175a91,DOS046_MCF7_24H:BRD-K21136828-001-01-0:5,MCF7,BRD-K21136828,BRD-K21136828,0.155433870079814,0.14926897663875982,0.00616489344105417,False
d75904698,DOS027_VCAP_24H:BRD-K56975856-001-01-4:4.98,VCAP,BRD-K56975856,BRD-K56975856,0.16909598016656402,0.16873221941257446,0.000363760753989556,False
d767a14e3,DOS042_A549_24H:BRD-K28851694-001-01-8:5.14,A549,BRD-K28851694,BRD-K28851694,0.15433909416552158,0.149508437237041,0.004830656928480587,False
d76b1e59d,PCLB002_HCC515_24H:BRD-A60070924:1.11,HCC515,BRD-A60070924,alpha-estradiol,0.16438089858321958,0.15999547126326474,0.004385427319954838,False
d76d29c86,CVD001_HUH7_24H:BRD-K35468722-001-01-8:2.4806,HUH7,BRD-K35468722,SA-1973507,0.1426228618050624,0.13976538915245662,0.0028574726526057748,False
d76f51fe4,CPC017_A549_6H:BRD-A15530910-001-01-3:10,A549,BRD-A15530910,SDZ-21009,0.1508369084246352,0.15046995982168068,0.00036694860295452547,False
d778ccd51,DOS051_A549_24H:BRD-K84121492-001-01-1:5.02,A549,BRD-K84121492,BRD-K84121492,0.16964848343515349,0.15008324751248664,0.019565235922666846,False
d78eb4d60,CPC010_A549_24H:BRD-K06217810-019-03-5:10,A549,BRD-K06217810,BRD-K06217810,0.15137527861013714,0.14854441734560045,0.002830861264536688,False
d7a9617e3,CPC006_HCC515_6H:BRD-A62182663-001-01-4:10,HCC515,BRD-A62182663,YK-4279,0.1571734997290743,0.1506042852989177,0.006569214430156595,False
d7b50861a,NMH002_FIBRNPC_6H:BRD-K01192156-001-03-5:10,FIBRNPC,BRD-K01192156,tyrphostin-AG-112,0.18203042264555078,0.15740079835443546,0.024629624291115315,False
d7bbcf01c,CPC010_VCAP_24H:BRD-A55609290-001-05-7:10,VCAP,BRD-A55609290,BRD-A55609290,0.16039237545985285,0.14837274981317555,0.012019625646677301,False
d7d9a5092,DOS006_VCAP_6H:BRD-K61541549-001-01-0:4.85,VCAP,BRD-K61541549,BRD-K61541549,0.15767881471888112,0.1555142013304728,0.002164613388408315,False
d7e64b73e,CPC006_SNU1040_6H:BRD-A24054354-001-05-7:10,SNU1040,BRD-A24054354,BRD-A24054354,0.15871628729872475,0.15803473288941705,0.0006815544093076997,False
d7ed953cd,CPC018_HEPG2_6H:BRD-K56596464-004-05-7:10,HEPG2,BRD-K56596464,QX-314,0.15636425184134592,0.15148470802169103,0.004879543819654886,False
d8127a7b9,CPC008_A375_6H:BRD-K17086338-001-01-6:10,A375,BRD-K17086338,BRD-K17086338,0.1630281648013504,0.16051935572279274,0.002508809078557661,False
d814b3483,CPC008_PC3_6H:BRD-K19735876-001-04-8:10,PC3,BRD-K19735876,BRD-K19735876,0.16552256599417758,0.16492105813448582,0.0006015078596917633,False
d82e75aa7,HOG001_A549_6H:BRD-K59369769-001-05-4:0.013,A549,BRD-K59369769,tozasertib,0.14868295071142912,0.14718124795185653,0.001501702759572593,False
d83add00b,DOS031_MCF7_24H:BRD-K34755514-001-01-1:5.14,MCF7,BRD-K34755514,BRD-K34755514,0.1570731016573491,0.14839802971566296,0.008675071941686152,False
d84d151f6,LJP001_SKBR3_6H:BRD-K13566078-003-03-7:10,SKBR3,BRD-K13566078,BMS-345541,0.1526793328585385,0.14822755809631766,0.004451774762220834,False
d870792b9,DOS052_A375_24H:BRD-K83980681-001-02-0:5,A375,BRD-K83980681,BRD-K83980681,0.17221028670680816,0.16658570007143764,0.005624586635370521,False
d870d8287,CPC019_A375_6H:BRD-K14340219-001-01-4:10,A375,BRD-K14340219,BRD-K14340219,0.16186658562796807,0.1597154716348444,0.0021511139931236767,False
d8768202c,PCLB003_PC3_24H:BRD-K79877282-001-02-7:3.33,PC3,BRD-K79877282,PF-543,0.16680615401825,0.16605989841572308,0.0007462556025269185,False
d8a2d8405,CPC004_A375_6H:BRD-K74212935-001-04-9:10,A375,BRD-K74212935,ergocryptine,0.1690272647651807,0.16902497036521372,2.2943999669899906e-06,False
d8af76b75,CPC011_A549_6H:BRD-K37561857-001-12-2:10,A549,BRD-K37561857,zardaverine,0.15106253074623918,0.150045133898437,0.0010173968478021933,False
d8b1403bc,CVD001_HUH7_6H:BRD-K21680192-300-04-5:10,HUH7,BRD-K21680192,mitoxantrone,0.16557786711966807,0.16482292390841569,0.0007549432112523846,False
d8b489c4a,CPC010_A375_6H:BRD-A55609290-001-05-7:10,A375,BRD-A55609290,BRD-A55609290,0.15177298845505433,0.14549198641919603,0.006281002035858296,False
d8e2abc0f,LJP001_HS578T_6H:BRD-A79768653-001-05-4:0.08,HS578T,BRD-A79768653,sirolimus,0.16194212400258756,0.14448448356409208,0.017457640438495486,False
d8fe5bc4f,CPC018_A549_24H:BRD-K12244279-001-02-5:10,A549,BRD-K12244279,MEK1-2-inhibitor,0.1616144659725362,0.154429039868191,0.007185426104345194,False
d914db0f1,CVD001_PHH_6H:BRD-A04706586-236-01-7:10,PHH,BRD-A04706586,bucladesine,0.15141422699750046,0.1512356837859783,0.00017854321152216412,False
d9189d323,CPC006_RMGI_6H:BRD-K66792149-001-01-8:11.1,RMGI,BRD-K66792149,quinoclamine,0.16419097859833315,0.1567786680698322,0.007412310528500943,False
d925c928f,DOS018_VCAP_24H:BRD-K63428678-001-01-1:5,VCAP,BRD-K63428678,BRD-K63428678,0.16031365918692117,0.15605280107946695,0.0042608581074542184,False
d92c22baf,CPC005_MCF7_24H:BRD-K50841342-001-01-6:10,MCF7,BRD-K50841342,PAC-1,0.15329817778475682,0.15172396523971265,0.001574212545044168,False
d92c56735,NMH002_FIBRNPC_6H:BRD-K06902185-001-13-6:10,FIBRNPC,BRD-K06902185,minoxidil,0.16391178315423763,0.15235199037410163,0.011559792780135997,False
d9373049c,CPC010_MCF7_6H:BRD-K32795028-001-10-9:10,MCF7,BRD-K32795028,1-benzylimidazole,0.1777353585073445,0.1544896354238885,0.023245723083456016,False
d93d6ccc2,CPD001_MCF7_24H:BRD-K37688416-003-10-7:10,MCF7,BRD-K37688416,fipexide,0.15981926384451306,0.1577226895486075,0.0020965742959055678,False
d9404da1e,CPC016_A375_6H:BRD-A91008255-003-16-4:10,A375,BRD-A91008255,bepridil,0.15360217898005557,0.14150795401171493,0.012094224968340644,False
d94ef3b56,CPC012_PC3_24H:BRD-K15402119-001-01-2:10,PC3,BRD-K15402119,huperzine-a,0.17557813458837251,0.16807637606574,0.007501758522632518,False
d9775e237,CPC005_HA1E_6H:BRD-A39268308-001-02-0:10,HA1E,BRD-A39268308,epibatidine,0.1708862886573155,0.16871434834823193,0.0021719403090835754,False
d98786e51,PCLB001_MCF7_6H:BRD-K14700434-001-02-6:10,MCF7,BRD-K14700434,MW-SHH-151,0.16121342321134602,0.15763193835942307,0.0035814848519229447,False
d9ea3eadc,CPC019_HEPG2_6H:BRD-K62719675-001-01-7:10,HEPG2,BRD-K62719675,BRD-K62719675,0.17090647042946258,0.16141389711924115,0.009492573310221436,False
d9f666bcd,NMH002_NPC_24H:BRD-K35483542-001-05-6:10,NPC,BRD-K35483542,alitretinoin,0.16709596391426107,0.15314651958812506,0.013949444326136012,False
d9fcbe12c,ERG003_VCAP_24H:BRD-K21994180-001-01-4:30,VCAP,BRD-K21994180,BRD-K21994180,0.17381118825302652,0.16411900867749496,0.009692179575531562,False
da0aa58bb,ERG011_VCAP_24H:BRD-K48668625-001-01-6:10.127,VCAP,BRD-K48668625,BRD-K48668625,0.15757055954286986,0.15337786874105164,0.004192690801818222,False
da2847818,NMH001_NEU_24H:BRD-A33749298-002-01-7:10,NEU,BRD-A33749298,oxyphenbutazone,0.14165832154584393,0.1343748849867636,0.007283436559080342,False
da3e64ff0,DOS001_VCAP_24H:BRD-K25743534-001-01-4:4.99,VCAP,BRD-K25743534,BRD-K25743534,0.1625796222442418,0.15665809284222681,0.0059215294020149856,False
da4ee3d51,DOS053_PC3_24H:BRD-K84022666-001-01-1:4.99,PC3,BRD-K84022666,SA-1463810,0.1564370596721036,0.15640449347470292,3.256619740069078e-05,False
da5b8929b,CPC006_HA1E_6H:BRD-K00766422-001-01-9:80,HA1E,BRD-K00766422,sparfosic-acid,0.17378728163596036,0.16976535974853113,0.004021921887429225,False
da5f70b40,NMH001_NEU_6H:BRD-K75971499-001-01-3:10,NEU,BRD-K75971499,BRD-K75971499,0.14881378355861052,0.14639470871596144,0.0024190748426490827,False
da6bec758,CPC011_A549_24H:BRD-A34255068-001-24-6:10,A549,BRD-A34255068,rolipram,0.14014116909195842,0.13984034648526703,0.0003008226066913977,False
da7542ede,DOSBIO002_NEU_24H:BRD-K41889859:10.0912,NEU,BRD-K41889859,BRD-K41889859,0.14758558180335618,0.1464389701562931,0.0011466116470630894,False
da8ce4a40,CPC018_MCF7_6H:BRD-A31521121-001-15-7:10,MCF7,BRD-A31521121,methocarbamol,0.19358609242621666,0.17993169297311046,0.013654399453106203,False
da8d49df4,DOS043_A549_24H:BRD-A19500257:10,A549,BRD-A19500257,geldanamycin,0.16193947394223407,0.14431714789959357,0.017622326042640496,False
dac782c74,LJP001_HS578T_24H:BRD-K68065987-300-06-7:0.4,HS578T,BRD-K68065987,MK-2206,0.15896912683522604,0.14993477354799617,0.009034353287229874,False
daf15ab37,DOS057_A375_24H:BRD-K05344363-001-01-1:5,A375,BRD-K05344363,BRD-K05344363,0.1501998805518451,0.1384306996127986,0.011769180939046497,False
db406b2e6,HOG002_MCF7_24H:BRD-A68009927-003-02-9:0.0412,MCF7,BRD-A68009927,daunorubicin,0.18348019111558117,0.17879867944151695,0.00468151167406422,False
db50e7c67,DOS047_HT29_24H:BRD-K95567178-001-01-3:5.02,HT29,BRD-K95567178,BRD-K95567178,0.18072742566599526,0.1576950876974732,0.023032337968522054,False
db657e8ac,DOS010_VCAP_6H:BRD-K87976657-001-01-6:5,VCAP,BRD-K87976657,BRD-K87976657,0.16318571889729078,0.14463340866091806,0.018552310236372715,False
db6996826,CPC010_A549_24H:BRD-K17025677-019-03-1:10,A549,BRD-K17025677,BRD-K17025677,0.15122278856866767,0.14639565651138403,0.004827132057283634,False
db6b74f08,DOS059_A549_24H:BRD-K54791528-001-01-5:5,A549,BRD-K54791528,BRD-K54791528,0.15241771448135114,0.15149564710273755,0.0009220673786135836,False
db6bf858a,DOS002_VCAP_6H:BRD-K75912549-001-01-7:5.02,VCAP,BRD-K75912549,BRD-K75912549,0.1704642232384969,0.15737539573973655,0.013088827498760336,False
db8846a47,DOS034_MCF7_24H:BRD-K68630394-001-01-0:4.99,MCF7,BRD-K68630394,BRD-K68630394,0.1581036404897,0.14330851929075347,0.01479512119894652,False
db8d29001,PCLB002_PC3_24H:BRD-K98645985:3.33,PC3,BRD-K98645985,BRD-K98645985,0.1558808162899331,0.15399357778432335,0.0018872385056097618,False
db93fc102,DOS047_A375_24H:BRD-K44420259-001-01-9:5.06,A375,BRD-K44420259,BRD-K44420259,0.15611965549902743,0.15119037956047449,0.0049292759385529406,False
db95a71fc,DOS032_HT29_24H:BRD-K14230553-001-01-1:4.96,HT29,BRD-K14230553,BRD-K14230553,0.15295960882926984,0.14204211623274748,0.01091749259652236,False
dba6d0ed4,CPC015_HEPG2_6H:BRD-K32830106-001-01-8:10,HEPG2,BRD-K32830106,guanfacine,0.15329661303932451,0.14776010878232498,0.00553650425699953,False
dbd872e93,PCLB003_HT29_24H:BRD-K84663978-003-01-1:0.04,HT29,BRD-K84663978,trequinsin,0.15994561020206433,0.15925153629719943,0.0006940739048648947,False
dbe9806e4,CPC006_HCT116_6H:BRD-A79465854-001-01-3:10,HCT116,BRD-A79465854,auranofin,0.17312404272441123,0.1489172062389895,0.02420683648542174,False
dc0d4a264,NMH001_NEU_6H:BRD-K45845523-001-01-6:10,NEU,BRD-K45845523,BRD-K45845523,0.17690577451134404,0.16971938201620052,0.007186392495143523,False
dc4d07d58,CPC009_HEPG2_6H:BRD-K66448556-001-01-3:10,HEPG2,BRD-K66448556,BRD-K66448556,0.1640609319638185,0.1530000850013802,0.011060846962438281,False
dc60edcec,CPC019_HA1E_6H:BRD-K92817986-001-01-7:10,HA1E,BRD-K92817986,BIX-02188,0.15817817947065366,0.14994599792249463,0.008232181548159023,False
dc8d950ae,DOSBIO002_NEU_24H:BRD-K80779790:10,NEU,BRD-K80779790,BRD-K80779790,0.18897308373566357,0.18161001381486347,0.007363069920800103,False
dc90108c3,LJP001_SKBR3_24H:BRD-K85606544-001-04-2:0.4,SKBR3,BRD-K85606544,neratinib,0.18113199466438631,0.1703812304019408,0.010750764262445506,False
dca99d7e0,CPC012_MCF7_6H:BRD-A06131576-001-01-6:10,MCF7,BRD-A06131576,BRD-A06131576,0.15985805738002157,0.15435750204841264,0.005500555331608925,False
dcd5c39d1,DOS040_HT29_24H:BRD-K37848804-001-01-0:5.02,HT29,BRD-K37848804,BRD-K37848804,0.15364141142563692,0.1477482881636094,0.005893123262027511,False
dcefc9130,CPC018_PHH_24H:BRD-K48692744-001-01-2:10,PHH,BRD-K48692744,NU-1025,0.16110849896494983,0.14149105922506852,0.01961743973988131,False
dd0ce6221,DOS051_PC3_24H:BRD-K28841686-001-01-9:5,PC3,BRD-K28841686,BRD-K28841686,0.16081761568891909,0.15667111369690828,0.004146501992010804,False
dd1bef73f,DOS054_PC3_24H:BRD-K20216424-001-01-9:5,PC3,BRD-K20216424,BRD-K20216424,0.16790050518580846,0.1675687364241034,0.0003317687617050702,False
dd30eef7a,DOS011_VCAP_24H:BRD-K06688693-001-01-1:5.16,VCAP,BRD-K06688693,BRD-K06688693,0.1676534313701517,0.16198061400003572,0.00567281737011599,False
dd313d89e,CPC020_PC3_6H:BRD-A07765530-001-03-1:10,PC3,BRD-A07765530,epinephrine-(racemic),0.1534934739422818,0.15335907942171478,0.00013439452056701606,False
dd321cc39,CPC006_NCIH1694_6H:BRD-A81541225-001-02-7:10,NCIH1694,BRD-A81541225,oligomycin-a,0.15902811227514402,0.14915701504655743,0.00987109722858659,False
dd3da3936,DOS057_PC3_24H:BRD-K81953058-001-01-6:5,PC3,BRD-K81953058,BRD-K81953058,0.16483532119223973,0.16105676663273222,0.003778554559507513,False
dd4a96d16,RAD001_PC3_6H:BRD-A04020513-001-03-5:0.3704,PC3,BRD-A04020513,l-buthionine-sulfoximine,0.16377859936489653,0.1489796010215727,0.014798998343323821,False
dd4b64a59,CPC015_MCF7_6H:BRD-K93645900-001-04-8:10,MCF7,BRD-K93645900,tadalafil,0.1679022678834719,0.14921553388854164,0.01868673399493026,False
dd4e3bd8e,DOS034_A549_24H:BRD-K22951866-001-01-4:5.06,A549,BRD-K22951866,BRD-K22951866,0.1541062343571165,0.14426735147760225,0.00983888287951426,False
dd5d1290c,CPC001_HCC515_24H:BRD-K96862998-001-03-1:10,HCC515,BRD-K96862998,pirfenidone,0.16845214787525792,0.14946849642761395,0.018983651447643968,False
dd6bd76be,CPC006_SW480_6H:BRD-K00615600-001-06-1:25,SW480,BRD-K00615600,AG-14361,0.20249691988869103,0.16604852183889304,0.03644839804979799,False
dd6c74fea,CPC004_MCF7_6H:BRD-A27554692-001-01-3:10,MCF7,BRD-A27554692,altrenogest,0.1644657148315643,0.16168827669656388,0.0027774381350004207,False
dd73b5345,CPC012_NPC_24H:BRD-K68191033-001-01-0:10,NPC,BRD-K68191033,BRD-K68191033,0.17084797346951408,0.15798471206986492,0.012863261399649162,False
ddb7e0c01,CPC009_A375_6H:BRD-K99146421-019-01-9:10,A375,BRD-K99146421,BRD-K99146421,0.19348562877281644,0.15987097612862144,0.033614652644195,False
ddc3563cd,CPC019_HCC515_6H:BRD-K34363599-001-02-0:10,HCC515,BRD-K34363599,RJC-00245SC,0.16524504540513388,0.1553352410662357,0.009909804338898182,False
ddc3ca5fa,PCLB003_HCC515_24H:BRD-K63828191-003-22-2:1.11,HCC515,BRD-K63828191,raloxifene,0.20281833425321114,0.15334867521032466,0.04946965904288647,False
ddc4292ba,CPC018_MCF7_6H:BRD-A31521121-001-15-7:10,MCF7,BRD-A31521121,methocarbamol,0.18416088104888703,0.18204324622278223,0.002117634826104803,False
de1269ab3,CPC016_HEPG2_6H:BRD-K27450477-001-03-9:10,HEPG2,BRD-K27450477,EHNA,0.1601906275862197,0.15785431844119402,0.0023363091450256945,False
de38cdddc,CPC006_A549_6H:BRD-K28112517-001-03-6:11.1,A549,BRD-K28112517,BRD-K28112517,0.15740394363120153,0.15578899414523253,0.0016149494859689917,False
de41ef6c9,CPC019_VCAP_24H:BRD-K36895979-001-01-1:10,VCAP,BRD-K36895979,BRD-K36895979,0.2099098643872815,0.16720454538527327,0.04270531900200822,False
de6954488,DOS046_MCF7_24H:BRD-K17854785-001-01-5:5,MCF7,BRD-K17854785,BRD-K17854785,0.1470643152498256,0.14594117789986133,0.001123137349964276,False
de7583071,DOSBIO001_NEU_24H:BRD-K21037590:10.1111,NEU,BRD-K21037590,BRD-K21037590,0.1700522708784863,0.1611428462467377,0.008909424631748597,False
de7b27dbc,RAD001_PC3_6H:BRD-K83896451-001-02-6:1.1111,PC3,BRD-K83896451,glutamine,0.1559184112880138,0.15418367147312753,0.0017347398148862547,False
de8fa84b4,DOS028_VCAP_6H:BRD-K32106123-001-01-2:5.16,VCAP,BRD-K32106123,BRD-K32106123,0.17483153058808748,0.16271462394497727,0.012116906643110215,False
debd8fd94,CPC007_A375_6H:BRD-K21237738-001-04-9:10,A375,BRD-K21237738,BRD-K21237738,0.17157271200187924,0.1613930361166947,0.010179675885184536,False
ded810675,DOS051_PC3_24H:BRD-M03805540-001-01-7:4.98,PC3,BRD-M03805540,BRD-M03805540,0.1644692243969388,0.15802388090810376,0.006445343488835048,False
dee1b775a,LJP002_MDAMB231_6H:BRD-A58767537-001-01-2:10,MDAMB231,BRD-A58767537,afatinib,0.16928092903522385,0.16784259456144185,0.0014383344737819992,False
dee5dc1b9,DOS034_MCF7_24H:BRD-K12189280-001-01-1:4.93,MCF7,BRD-K12189280,BRD-K12189280,0.1522152336320165,0.14813607252183897,0.004079161110177532,False
dee951f41,PCLB001_JURKAT_24H:BRD-K14700434-001-02-6:2.5,JURKAT,BRD-K14700434,MW-SHH-151,0.16082634584229782,0.15542493273272417,0.0054014131095736495,False
df190d2b7,CPC006_VCAP_6H:BRD-K01121114-001-01-9:10,VCAP,BRD-K01121114,BRD-K01121114,0.1875743562469771,0.1790104497790048,0.00856390646797231,False
df1d0a5a1,LJP002_BT20_6H:BRD-K70401845-001-04-1:2,BT20,BRD-K70401845,erlotinib,0.15000229903353324,0.1481735365360227,0.0018287624975105443,False
df26c5aa0,LJP001_HS578T_24H:BRD-K94294671-003-02-1:0.08,HS578T,BRD-K94294671,OSI-027,0.17011332270634522,0.1540674700794693,0.01604585262687591,False
df29b7f17,PCLB001_HEPG2_6H:BRD-K16582605-001-02-9:0.37,HEPG2,BRD-K16582605,WY-01-034,0.15534080531299335,0.14838084429014142,0.006959961022851929,False
df457e042,DOS050_PC3_24H:BRD-K57364182-001-01-5:5,PC3,BRD-K57364182,BRD-K57364182,0.17032939708732894,0.158021908736295,0.01230748835103393,False
df55822a3,DOSBIO001_NEU_24H:BRD-K74046820:10.4904,NEU,BRD-K74046820,BRD-K74046820,0.13904672083093578,0.1364587046810325,0.0025880161499032828,False
df5a52005,NMH002_NEU_6H:BRD-K84943004-001-01-9:10,NEU,BRD-K84943004,MC-1293,0.1591784103273674,0.1577947524557261,0.0013836578716412973,False
df5db255f,CPC011_MCF7_24H:BRD-K27316855-001-09-1:10,MCF7,BRD-K27316855,calcitriol,0.16130631116745828,0.158588199760447,0.002718111407011281,False
df89a8e5a,NMH002_NEU_6H:BRD-K75181824-001-04-9:10,NEU,BRD-K75181824,acetyl-geranygeranyl-cysteine,0.15506989515870437,0.15377962870708636,0.0012902664516180051,False
df994947f,DOS005_VCAP_6H:BRD-K21980308-001-01-0:5.01,VCAP,BRD-K21980308,BRD-K21980308,0.1628249685269147,0.1546902412982304,0.008134727228684302,False
df9c4c6af,CPC018_MCF7_6H:BRD-A09495397-001-02-7:10,MCF7,BRD-A09495397,bicuculline,0.18778198858667683,0.15471835176078652,0.03306363682589031,False
dfde88183,DOS014_VCAP_6H:BRD-K82814298-001-01-9:5,VCAP,BRD-K82814298,BRD-K82814298,0.1659799117705907,0.16095451166983993,0.005025400100750782,False
dfe02f2db,CPC018_MCF7_6H:BRD-K20313525-001-03-8:10,MCF7,BRD-K20313525,rosmarinic-acid,0.15153573930836706,0.1456363310400206,0.005899408268346451,False
dffe673a4,CPC006_HA1E_6H:BRD-K23363278-001-01-3:1,HA1E,BRD-K23363278,CYT-997,0.1712052217403125,0.16648231936854158,0.004722902371770921,False
e00f16ac8,CPC014_A549_24H:BRD-K78431006-001-02-9:10,A549,BRD-K78431006,crizotinib,0.1596125689400272,0.1572760099095931,0.0023365590304341155,False
e01990392,AML001_U937_24H:BRD-K21918725:3.33333,U937,BRD-K21918725,BRD-K21918725,0.15374851229114903,0.13790097203076,0.015847540260389037,False
e01e578bc,LJP002_BT20_6H:BRD-K70401845-001-04-1:2,BT20,BRD-K70401845,erlotinib,0.16942817400078078,0.16089949873928924,0.008528675261491536,False
e051927fb,CPC006_WSUDLCL2_6H:BRD-A12230535-001-02-6:44.4,WSUDLCL2,BRD-A12230535,nutlin-3,0.1450786867665371,0.14356821092143807,0.0015104758450990297,False
e063b1bdc,CPC016_SKB_24H:BRD-K79353516-001-03-5:10,SKB,BRD-K79353516,indolophenanthridine,0.1458426263971403,0.14135391946095271,0.004488706936187581,False
e06749542,DOS052_A375_24H:BRD-K83980681-001-02-0:5,A375,BRD-K83980681,BRD-K83980681,0.16733037291420916,0.15572961148543224,0.011600761428776918,False
e06eedef4,CPC018_A549_6H:BRD-A24122750-001-01-1:10,A549,BRD-A24122750,saclofen,0.16324535902687382,0.15689454295405952,0.0063508160728142915,False
e07c93ab7,PCLB001_HCC515_24H:BRD-A70150975-001-01-4:0.63,HCC515,BRD-A70150975,hydroxyl,0.19275553349286828,0.17786842856421503,0.01488710492865325,False
e07f26e20,CPC006_HA1E_24H:BRD-K32536677-001-01-0:10,HA1E,BRD-K32536677,AGK-2,0.15427626697424943,0.1534592648800031,0.0008170020942463163,False
e08d2504e,CVD001_HEPG2_6H:BRD-K19914944-001-01-3:9.9013,HEPG2,BRD-K19914944,BRD-K19914944,0.1548840341044473,0.15289953917800947,0.0019844949264378187,False
e09b0f9e7,DOS016_VCAP_24H:BRD-K89627562-001-01-7:5.1,VCAP,BRD-K89627562,BRD-K89627562,0.14991257108358774,0.13897963095967727,0.010932940123910467,False
e0cc7fd18,CPC006_H1299_6H:BRD-K54233340-300-01-0:10,H1299,BRD-K54233340,dorsomorphin,0.15508422265297053,0.14564362975824335,0.009440592894727179,False
e0cd5c091,CPC010_MCF7_6H:BRD-A75409952:10,MCF7,BRD-A75409952,wortmannin,0.15661516489066452,0.15555690639761746,0.001058258493047054,False
e0e31724c,CPD002_MCF7_6H:BRD-K06319591-001-01-6:10,MCF7,BRD-K06319591,ceforanide,0.15710010005813502,0.14853443912162267,0.008565660936512343,False
e0ef6e086,DOS003_VCAP_24H:BRD-K61412007-001-01-9:5.03,VCAP,BRD-K61412007,BRD-K61412007,0.1552551214573608,0.14456709276707846,0.010688028690282347,False
e0fcffe6a,DOS049_MCF7_24H:BRD-K60828552-001-01-6:5,MCF7,BRD-K60828552,BRD-K60828552,0.15519889671438353,0.15218760591700897,0.003011290797374555,False
e0fe86b6b,CPC007_HA1E_6H:BRD-A99911370-001-04-1:10,HA1E,BRD-A99911370,BRD-A99911370,0.1450545221762608,0.14263805277941038,0.002416469396850418,False
e10a9c19b,DOS036_A549_24H:BRD-K31788208-001-02-4:5,A549,BRD-K31788208,BRD-K31788208,0.1492550006804068,0.14855584664530566,0.0006991540351011516,False
e11b783c0,ERG012_VCAP_6H:BRD-K99842945-001-01-8:10.1277,VCAP,BRD-K99842945,BRD-K99842945,0.1568609779274195,0.15667965001891962,0.00018132790849986757,False
e160a2b00,CPC007_PC3_24H:BRD-K53566850-001-07-7:10,PC3,BRD-K53566850,BRD-K53566850,0.1772289229460165,0.17545876585965337,0.0017701570863631333,False
e16d18580,DOS052_A375_24H:BRD-K48809858-001-01-4:5.01,A375,BRD-K48809858,BRD-K48809858,0.1581279331819871,0.15652115102380978,0.0016067821581773056,False
e17a6f15e,CPC010_HCC515_6H:BRD-K62493605-001-06-3:10,HCC515,BRD-K62493605,JAS07-009,0.14032402595922347,0.1360211887323262,0.0043028372268972825,False
e17c7275e,MUC.CP002_MCF7_24H:BRD-K52577250-001-01-4:0.371,MCF7,BRD-K52577250,SA-1459291,0.15132160231511121,0.1480979495849497,0.003223652730161508,False
e18e086dc,CPC009_A375_6H:BRD-K19973744-001-01-1:10,A375,BRD-K19973744,BRD-K19973744,0.15600068230255,0.15599040630558605,1.027599696393211e-05,False
e191411ad,CPC006_HEPG2_6H:BRD-A84481105-003-17-2:10,HEPG2,BRD-A84481105,thioridazine,0.18218361007217931,0.1678059249804474,0.014377685091731901,False
e1a0a81ec,CPC001_HCC515_24H:BRD-K89271983-001-01-5:10,HCC515,BRD-K89271983,EMD-41000,0.15756994540255678,0.15027816175557673,0.007291783646980049,False
e1b1ac327,BRAF001_HEK293T_6H:BRD-K92049597-001-14-1:2.5,HEK293T,BRD-K92049597,triamterene,0.15846038077175034,0.15042724892444598,0.008033131847304364,False
e1efce54c,LJP001_SKBR3_6H:BRD-K68407802-001-02-7:2,SKBR3,BRD-K68407802,KIN001-055,0.18248123098623087,0.17190899284436334,0.01057223814186753,False
e20a1c258,CPC018_NPC_24H:BRD-K30197592-001-01-5:10,NPC,BRD-K30197592,5-methoxytryptamine,0.1586085856809017,0.1504892149166548,0.008119370764246903,False
e234cbb34,LJP002_MCF7_6H:BRD-K93788137-001-01-7:2,MCF7,BRD-K93788137,PF-431396,0.1477647032002271,0.14246120087341962,0.0053035023268074855,False
e23fb6c1c,DOS058_A549_24H:BRD-K62695275-001-01-3:5,A549,BRD-K62695275,BRD-K62695275,0.1637712060132584,0.1600231241983078,0.0037480818149505934,False
e24aea9c1,CPC019_PC3_6H:BRD-K47808476-001-01-9:10,PC3,BRD-K47808476,BRD-K47808476,0.15800205324110234,0.1500959118457387,0.007906141395363636,False
e25ac4fb1,CPC016_HEPG2_6H:BRD-K47631482-003-03-9:10,HEPG2,BRD-K47631482,bromhexine,0.17278750016941424,0.1654925959270612,0.007294904242353045,False
e264a6107,DOS053_MCF7_24H:BRD-K20051162-001-01-6:5.05,MCF7,BRD-K20051162,BRD-K20051162,0.15946211951758843,0.15666997846147504,0.0027921410561133897,False
e26639b1b,CPC006_MDST8_6H:BRD-A75517195-001-01-3:40,MDST8,BRD-A75517195,thiazolopyrimidine,0.15084465200674246,0.14814312624159148,0.0027015257651509805,False
e28179d7f,HOG002_MCF7_6H:BRD-K11163873-001-02-8:1.11,MCF7,BRD-K11163873,phenanthridone,0.1688457817753642,0.15905295459314217,0.00979282718222202,False
e29829cf4,CPC008_PC3_24H:BRD-K68783079-019-01-1:10,PC3,BRD-K68783079,BRD-K68783079,0.15786654796144953,0.15640216369904772,0.0014643842624018077,False
e2b16c903,CPC012_PC3_24H:BRD-K25774147-001-01-8:10,PC3,BRD-K25774147,BRD-K25774147,0.17375288181044385,0.16869429312337084,0.005058588687073012,False
e2b513d9a,CPC008_A549_6H:BRD-K30836161-019-01-1:10,A549,BRD-K30836161,BRD-K30836161,0.1508894949318566,0.14635307435098027,0.0045364205808763325,False
e2eb1a821,CPC009_PC3_6H:BRD-K30779094-019-01-5:10,PC3,BRD-K30779094,BRD-K30779094,0.15368505042499678,0.1524886253688873,0.0011964250561094791,False
e2eb1d736,KMS002_NOMO1_24H:BRD-K66645150-001-01-4:0.01,NOMO1,BRD-K66645150,BG-STK33-55,0.17296519377944344,0.17281206215266326,0.0001531316267801841,False
e30dcf933,CPC011_VCAP_6H:BRD-K60038276-001-05-8:10,VCAP,BRD-K60038276,irbesartan,0.1718564873168123,0.16126394000344918,0.010592547313363121,False
e31e0a511,DOS058_A549_24H:BRD-K23680201-019-01-4:5,A549,BRD-K23680201,BRD-K23680201,0.18052584417330136,0.16019205366893732,0.02033379050436404,False
e321de4e1,DOS034_MCF7_24H:BRD-K23961390-001-02-5:5,MCF7,BRD-K23961390,BRD-K23961390,0.15577127955244224,0.14513406671128912,0.010637212841153126,False
e32dcf60e,LJP002_BT20_6H:BRD-K12811596-001-01-9:10,BT20,BRD-K12811596,BMS-509744,0.166479436874411,0.15986836094743778,0.0066110759269732144,False
e34e2e544,LJP001_HS578T_6H:BRD-K59369769-001-11-2:0.4,HS578T,BRD-K59369769,tozasertib,0.15705423228409954,0.15616317950190642,0.0008910527821931191,False
e3504b204,DOSBIO001_HT29_24H:BRD-K44787412:10.058,HT29,BRD-K44787412,BRD-K44787412,0.17493133975921185,0.14540706028008393,0.02952427947912792,False
e3644ff0f,CPC014_PHH_24H:BRD-K79437791-001-03-2:10,PHH,BRD-K79437791,acetyl-farnesyl-cysteine,0.15948174659084585,0.15822633372738182,0.0012554128634640338,False
e374ee33f,CPC008_A549_6H:BRD-K89059493-001-01-7:10,A549,BRD-K89059493,BRD-K89059493,0.17437645046541259,0.17380109320109002,0.0005753572643225624,False
e3826b3de,CPC015_A375_6H:BRD-A67862938-034-09-9:10,A375,BRD-A67862938,naftidrofuryl,0.17076097315003178,0.16780591801621916,0.002955055133812612,False
e39f7a3d9,CPC003_HCC515_6H:BRD-K70881766-001-02-3:10,HCC515,BRD-K70881766,solanine,0.18621884220470902,0.15076402358948435,0.035454818615224676,False
e3a88c3f3,CPC006_PL21_6H:BRD-K53855319-001-01-2:11.1,PL21,BRD-K53855319,SRT-1720,0.16081144717692647,0.15939371563423732,0.001417731542689149,False
e3ab954cb,CPC006_NCIH596_6H:BRD-K01868942-001-02-1:160,NCIH596,BRD-K01868942,RS-23597-190,0.16737956693531747,0.1631296092778256,0.004249957657491865,False
e3b381912,ERG010_VCAP_6H:BRD-K34206995-001-01-3:9.997,VCAP,BRD-K34206995,BRD-K34206995,0.15243334678068654,0.14794476682631685,0.004488579954369687,False
e3c7cedf9,DOS047_MCF7_24H:BRD-K38126560-001-01-4:5.08,MCF7,BRD-K38126560,BRD-K38126560,0.16335581569313493,0.15363965020865605,0.009716165484478873,False
e3d6c3733,NMH001_NPC_24H:BRD-K07223205-001-04-1:10,NPC,BRD-K07223205,BRD-K07223205,0.16268335097329212,0.16213660758428433,0.0005467433890077866,False
e3d9d000d,DOS013_VCAP_24H:BRD-K89386994-001-01-8:4.98,VCAP,BRD-K89386994,BRD-K89386994,0.13939761265869538,0.13107183689069404,0.008325775768001337,False
e3e768009,DOS015_VCAP_6H:BRD-K50657769-001-01-0:5,VCAP,BRD-K50657769,BRD-K50657769,0.17030340357836865,0.16637061743339085,0.003932786144977801,False
e3f0ddacc,ERG011_VCAP_6H:BRD-K87112191-001-02-9:0.4,VCAP,BRD-K87112191,PP242,0.15882627578901493,0.145611679927983,0.013214595861031936,False
e3fe7b417,CPC006_NCIH508_6H:BRD-K33272502-001-01-2:40,NCIH508,BRD-K33272502,DG-041,0.15795187506526384,0.1429110904764228,0.015040784588841033,False
e40153dde,DOS051_HT29_24H:BRD-K24748809-001-01-2:5.02,HT29,BRD-K24748809,BRD-K24748809,0.15789112488573953,0.15775917663578903,0.0001319482499504976,False
e41614658,DOSBIO001_NPC_24H:BRD-K86522396:9.6567,NPC,BRD-K86522396,BRD-K86522396,0.1668883969373121,0.15545251891774153,0.011435878019570578,False
e41f6c48c,CPC013_NPC_24H:BRD-K16541732-001-01-3:10,NPC,BRD-K16541732,BRD-K16541732,0.16453637391080164,0.16206034049418208,0.0024760334166195608,False
e4363bc6a,CPC018_A549_24H:BRD-K73824630-001-03-2:10,A549,BRD-K73824630,skatole,0.14536738632772606,0.14269395499317686,0.002673431334549198,False
e44007061,CPC003_PC3_24H:BRD-K77554836-001-03-3:10,PC3,BRD-K77554836,triamcinolone,0.16569110505943094,0.15455255649473262,0.011138548564698314,False
e444f38b6,CPC010_MCF7_24H:BRD-A62434282-015-02-8:10,MCF7,BRD-A62434282,goserelin,0.15168738422260925,0.14217584274660244,0.009511541476006802,False
e44cc3d92,DOS054_A375_24H:BRD-K16772343-001-01-5:5,A375,BRD-K16772343,BRD-K16772343,0.15483450119724607,0.1540574451940838,0.0007770560031622742,False
e45ad489d,MUC.CP001_MCF7_24H:BRD-K27797475-001-01-9:10.1131,MCF7,BRD-K27797475,SA-1938219,0.20857828585712265,0.20552131964616766,0.0030569662109549978,False
e4751b544,DOS050_PC3_24H:BRD-K90154335-001-01-5:5,PC3,BRD-K90154335,BRD-K90154335,0.18874279341044461,0.18742253303255982,0.0013202603778847966,False
e479d920b,DOS034_A375_24H:BRD-K55185663-001-01-4:4.99,A375,BRD-K55185663,BRD-K55185663,0.1641195129219979,0.14939090574285613,0.014728607179141762,False
e47f7aefb,CPC003_VCAP_24H:BRD-K70487031-001-01-0:10,VCAP,BRD-K70487031,flupentixol,0.16813382944763913,0.16182595040834705,0.006307879039292086,False
e4c68cd75,CPC016_ASC_24H:BRD-K98157055-001-04-2:10,ASC,BRD-K98157055,SIB-1757,0.16204448084018086,0.15875902699602976,0.003285453844151104,False
e4ce4839c,MUC.CP002_NKDBA_24H:BRD-K14229306-001-01-3:1.1121,NKDBA,BRD-K14229306,SA-1458571,0.16920967837082967,0.15033499162487843,0.018874686745951247,False
e4dd7268c,LJP001_MCF7_6H:BRD-K51313569-001-03-7:0.4,MCF7,BRD-K51313569,palbociclib,0.1815991758569691,0.163067989176832,0.01853118668013712,False
e5000d4d1,DOS023_VCAP_6H:BRD-A84481105:10,VCAP,BRD-A84481105,thioridazine,0.1690296131141719,0.16461809034215516,0.004411522772016729,False
e53bd9396,CPC012_HCC515_6H:BRD-K92863101-001-01-1:10,HCC515,BRD-K92863101,BRD-K92863101,0.1540128487442376,0.15223457649856886,0.0017782722456687328,False
e54290f0a,CPC006_NOMO1_6H:BRD-K95606637-001-04-8:10,NOMO1,BRD-K95606637,BRD-K95606637,0.16589436241462874,0.15582464278406127,0.010069719630567464,False
e56d07ab5,CPC006_SW620_6H:BRD-K76703230-001-01-3:0.31,SW620,BRD-K76703230,YM-155,0.1564490203605259,0.15580471338153995,0.000644306978985959,False
e5701c2df,CPC018_PHH_24H:BRD-K36965586-001-01-7:10,PHH,BRD-K36965586,m-chlorophenylbiguanide,0.16727429597853685,0.15316475775507776,0.01410953822345909,False
e572e62e2,CPC011_PC3_24H:BRD-K29113274-001-20-0:10,PC3,BRD-K29113274,ketoconazole,0.19290219349515225,0.18580714483160116,0.007095048663551096,False
e57f7453e,CPC010_MCF7_24H:BRD-K02113384-001-05-9:10,MCF7,BRD-K02113384,PSH-012,0.16684437853194278,0.16508943536549808,0.0017549431664447002,False
e5922d23c,CPC018_MCF7_6H:BRD-A31521121-001-15-7:10,MCF7,BRD-A31521121,methocarbamol,0.20211638353151756,0.1956920550428105,0.006424328488707054,False
e5b84d23b,DOS047_MCF7_24H:BRD-K74894470-001-01-1:4.98,MCF7,BRD-K74894470,BRD-K74894470,0.1602267811862685,0.1553669431308463,0.0048598380554222,False
e5c5c54e7,DOS015_VCAP_24H:BRD-K85806228-001-01-7:5.04,VCAP,BRD-K85806228,BRD-K85806228,0.14908379434450675,0.14860946063628483,0.000474333708221919,False
e5e3e1b93,CPC008_MCF7_6H:BRD-K97516968-001-01-2:10,MCF7,BRD-K97516968,VU-0418000-1,0.1639654317768729,0.16330768060652062,0.000657751170352272,False
e60c7b841,DOS053_A549_24H:BRD-K06280926-001-01-6:4.8,A549,BRD-K06280926,BRD-K06280926,0.14044225540075417,0.1396704544123285,0.0007718009884256638,False
e60f6df53,MUC.CP005_MCF7_6H:BRD-K91034707-001-01-8:1.1132,MCF7,BRD-K91034707,BRD-K91034707,0.15473601477074322,0.14499272868961383,0.009743286081129399,False
e610a38d4,CPC002_VCAP_24H:BRD-K82865713-001-02-6:10,VCAP,BRD-K82865713,prostaglandin-b2,0.13514760680856508,0.13108408489592815,0.004063521912636925,False
e6133b664,DOS052_A375_24H:BRD-K71943487-001-01-0:4.94,A375,BRD-K71943487,BRD-K71943487,0.1800946738431245,0.1701907188568157,0.009903954986308805,False
e61b0efb9,DOS055_PC3_24H:BRD-K28698886-001-01-1:5,PC3,BRD-K28698886,BRD-K28698886,0.1746051908067004,0.154788187886154,0.01981700292054639,False
e62689392,CPC003_PC3_6H:BRD-A41722204-003-01-5:10,PC3,BRD-A41722204,sulmazole,0.1551752329862386,0.1513745512799995,0.003800681706239095,False
e630199d8,CPC010_A375_6H:BRD-A74608937-014-04-1:10,A375,BRD-A74608937,BRD-A74608937,0.16227586655021353,0.16178735794453147,0.0004885086056820587,False
e639c2fc8,DOS051_MCF7_24H:BRD-K70512038-001-01-8:5.01,MCF7,BRD-K70512038,BRD-K70512038,0.15222162322158164,0.15197972261580217,0.00024190060577947148,False
e64f69ccc,CPC006_JHUEM2_6H:BRD-K78716413-001-02-0:10,JHUEM2,BRD-K78716413,BRD-K78716413,0.1720203085953274,0.16862816748996656,0.0033921411053608463,False
e651aad68,DOS052_A375_24H:BRD-K24572125-001-01-3:5.08,A375,BRD-K24572125,BRD-K24572125,0.16373941569586192,0.1544681804868606,0.009271235209001333,False
e66734551,CPC009_MCF7_24H:BRD-K86905031-019-01-5:10,MCF7,BRD-K86905031,BRD-K86905031,0.17797821294150035,0.161232359482155,0.016745853459345345,False
e66896455,MUC.CP001_MCF7_24H:BRD-K27797475-001-01-9:10.1131,MCF7,BRD-K27797475,SA-1938219,0.21562159019655797,0.21243075237365347,0.0031908378229044965,False
e66a8b138,CPC006_NCIH2073_6H:BRD-K92301463-001-03-0:10,NCIH2073,BRD-K92301463,"16,16-dimethylprostaglandin-e2",0.16475946940004704,0.1589245071904136,0.005834962209633449,False
e676489d0,CPC003_VCAP_6H:BRD-K72676686-103-01-8:10,VCAP,BRD-K72676686,fluvoxamine,0.16333444782407905,0.15134111044538462,0.01199333737869443,False
e68774cb2,DOS019_VCAP_6H:BRD-K85805864-001-01-8:4.87,VCAP,BRD-K85805864,BRD-K85805864,0.17321661675122124,0.15108446089873595,0.02213215585248529,False
e68b58a8f,CPC016_A549_6H:BRD-K62996583-001-03-8:10,A549,BRD-K62996583,lidoflazine,0.1574639174021817,0.15016989569777847,0.007294021704403242,False
e6b66c051,NMH002_NEU_24H:BRD-A16694057-001-05-0:10,NEU,BRD-A16694057,BADGE,0.15597706553716853,0.1550847585235644,0.0008923070136041267,False
e6b7b845f,CPC008_A375_24H:BRD-K92343999-001-03-5:10,A375,BRD-K92343999,KU-C104253,0.15492793533221558,0.14535213085441726,0.009575804477798322,False
e6c9f05e5,DOS028_VCAP_6H:BRD-M51239075-001-01-3:5.06,VCAP,BRD-M51239075,BRD-M51239075,0.15710328510417654,0.15481279128394,0.00229049382023655,False
e6cd1235b,CVD001_HEPG2_6H:BRD-K16410418-001-01-2:2.5028,HEPG2,BRD-K16410418,BRD-K16410418,0.14099931127032417,0.13756228745122168,0.0034370238191024916,False
e6cd67235,DOSBIO002_A549_24H:BRD-K77402297:10.0098,A549,BRD-K77402297,BRD-K77402297,0.17625844755551717,0.17244353902193316,0.003814908533584016,False
e6fb2ae95,CPC010_A549_24H:BRD-K06217810-019-03-5:10,A549,BRD-K06217810,BRD-K06217810,0.15515399389190554,0.1456354825176165,0.009518511374289051,False
e706cbe5f,CPC006_JHUEM2_6H:BRD-K32536677-001-01-0:10,JHUEM2,BRD-K32536677,AGK-2,0.16243852964701305,0.15836751033327492,0.004071019313738128,False
e71f3a8b8,CPC007_HCC515_6H:BRD-K82566177-001-05-2:10,HCC515,BRD-K82566177,PSH-026,0.15385925705296502,0.15233544929652393,0.0015238077564410923,False
e73eada2f,DOS049_HT29_24H:BRD-K74919500-001-01-0:5,HT29,BRD-K74919500,BRD-K74919500,0.16412209569581088,0.16051239259445288,0.003609703101357997,False
e73f634b2,DOS047_A375_24H:BRD-K48360530-001-01-4:5.02,A375,BRD-K48360530,BRD-K48360530,0.17185782007582084,0.16864802368903992,0.0032097963867809276,False
e75e1b3e0,CPC016_A375_6H:BRD-K41337261-003-01-0:10,A375,BRD-K41337261,ZM-306416,0.1828545049415448,0.1609485616015207,0.021905943340024076,False
e75e2b61a,DOS047_MCF7_24H:BRD-K74894470-001-01-1:4.98,MCF7,BRD-K74894470,BRD-K74894470,0.17758851114328011,0.15667421715758204,0.02091429398569808,False
e776d5a4e,CPC016_MCF7_24H:BRD-K37883585-001-01-2:10,MCF7,BRD-K37883585,BRD-K37883585,0.1616038775461895,0.14885158926788936,0.012752288278300133,False
e78c48114,ERG011_VCAP_24H:BRD-K48668625-001-01-6:10.127,VCAP,BRD-K48668625,BRD-K48668625,0.18585535872321834,0.1613387106960949,0.024516648027123444,False
e7b414c12,CPC006_HEPG2_6H:BRD-K53595844-001-01-8:10,HEPG2,BRD-K53595844,phenoxazine,0.14786572557214647,0.14335312422127722,0.004512601350869255,False
e7f466249,CPC014_VCAP_6H:BRD-K10906552-001-01-1:10,VCAP,BRD-K10906552,BRD-K10906552,0.17830486012082042,0.1571462350407548,0.021158625080065607,False
e80240e24,CPC006_SKMEL1_6H:BRD-K28100108-001-01-0:15.7,SKMEL1,BRD-K28100108,BRD-K28100108,0.15722376824618622,0.15006213206054309,0.007161636185643139,False
e81580d3e,CPC006_DV90_6H:BRD-K69932463-001-03-1:10,DV90,BRD-K69932463,AZD-8055,0.15834493457398705,0.15283381951149244,0.005511115062494604,False
e81a25b0d,DOS053_A549_24H:BRD-K53833823-001-01-8:5.02,A549,BRD-K53833823,BRD-K53833823,0.18145597150282639,0.1564828061826482,0.02497316532017818,False
e82115bdb,DOS053_A549_24H:BRD-K53833823-001-01-8:5.02,A549,BRD-K53833823,BRD-K53833823,0.16104469218239498,0.15403324151633846,0.007011450666056518,False
e8308db24,DOS001_VCAP_24H:BRD-K14875361-001-01-5:4.9,VCAP,BRD-K14875361,BRD-K14875361,0.14452209473231037,0.13943806675837472,0.005084027973935645,False
e852bc8e7,DOS060_A549_24H:BRD-K72794452-001-01-7:5,A549,BRD-K72794452,BRD-K72794452,0.15302435952841806,0.14938085061308223,0.0036435089153358247,False
e86f171c7,CPC007_HT29_6H:BRD-K61679744-001-05-2:10,HT29,BRD-K61679744,BRD-K61679744,0.17390801911454068,0.1593985877236203,0.014509431390920369,False
e884dc1e8,DOS047_A549_24H:BRD-K58033375-001-01-2:4.96,A549,BRD-K58033375,BRD-K58033375,0.16010047329077037,0.15750401255656046,0.00259646073420991,False
e8a8c4465,DOSBIO001_A375_24H:BRD-K95367721:10.0666,A375,BRD-K95367721,BRD-K95367721,0.1767160238588797,0.16912352309198586,0.007592500766893828,False
e8daf49ca,AML001_HL60_6H:BRD-K57391913:0.37037,HL60,BRD-K57391913,iloprost,0.16049526294506772,0.1583545580478345,0.0021407048972332254,False
e8f0cccd6,DOS009_VCAP_24H:BRD-K58300499-001-01-6:4.99,VCAP,BRD-K58300499,BRD-K58300499,0.1565532167749994,0.1556337006927489,0.0009195160822504933,False
e8f9bb247,CPC006_A375_6H:BRD-K68185022-001-06-4:70.07,A375,BRD-K68185022,ursolic-acid,0.1500361027548521,0.14655895718823658,0.0034771455666155193,False
e8f9d8c5a,DOS053_MCF7_24H:BRD-K56812045-001-01-1:4.93,MCF7,BRD-K56812045,BRD-K56812045,0.1752698748339564,0.17311558953313602,0.0021542853008203744,False
e96e630c0,DOS054_PC3_24H:BRD-K59722258-001-01-1:5,PC3,BRD-K59722258,BRD-K59722258,0.1608701900769527,0.15035099699669427,0.010519193080258421,False
e989a62f1,CPC020_PC3_24H:BRD-A16478930-001-02-8:10,PC3,BRD-A16478930,amcinonide,0.18982126053973025,0.16515048677039243,0.024670773769337823,False
e994cfd02,CPC015_HEPG2_6H:BRD-K28183345-003-07-2:10,HEPG2,BRD-K28183345,proguanil,0.16226050391642186,0.1582194727434963,0.004041031172925563,False
e99c149b5,CPC015_MCF7_6H:BRD-K91315211-300-03-2:10,MCF7,BRD-K91315211,betahistine,0.14829775244537516,0.1446363843105949,0.0036613681347802685,False
e9b1fef88,DOS019_VCAP_6H:BRD-K32162437-001-01-6:5.17,VCAP,BRD-K32162437,BRD-K32162437,0.15482102220983673,0.15330164826827186,0.0015193739415648722,False
e9b5faf16,CPC012_MCF7_6H:BRD-A06131576-001-01-6:10,MCF7,BRD-A06131576,BRD-A06131576,0.17652339264982966,0.16944436851797046,0.007079024131859207,False
e9c0d9cd8,DOS056_PC3_24H:BRD-K34428383-001-01-3:5,PC3,BRD-K34428383,BRD-K34428383,0.16606135140739242,0.16008900753781377,0.00597234386957865,False
e9ce48593,PCLB003_A375_24H:BRD-K64106162-001-02-3:0.37,A375,BRD-K64106162,BRD-K64106162,0.15267409234523044,0.14159235231798303,0.011081740027247405,False
e9db75952,DOS054_A549_24H:BRD-K44564943-001-01-6:5,A549,BRD-K44564943,BRD-K44564943,0.16547612942054288,0.151290013710668,0.01418611570987488,False
e9e7f3076,LJP002_BT20_6H:BRD-K25340465-001-03-8:10,BT20,BRD-K25340465,OSI-930,0.1877941152915657,0.1737520528485579,0.014042062443007791,False
e9f557514,CPC015_SKB_24H:BRD-A98702003-304-03-0:10,SKB,BRD-A98702003,carbenoxolone,0.14745023725494827,0.1456012506519665,0.0018489866029817725,False
e9fc1a8ac,DOS056_HT29_24H:BRD-K87640646-001-01-2:5,HT29,BRD-K87640646,BRD-K87640646,0.16545764368601998,0.1577537503658421,0.007703893320177874,False
ea039e7b3,CPC016_ASC_24H:BRD-K37691127-001-02-2:10,ASC,BRD-K37691127,hinokitiol,0.16327521536236592,0.159166518440697,0.004108696921668903,False
ea10f36e5,CPC006_T3M10_6H:BRD-K02822062-001-01-3:10,T3M10,BRD-K02822062,CT-200783,0.16271442611831677,0.15857295355848175,0.004141472559835019,False
ea17d0e03,DOS034_MCF7_24H:BRD-K70711508-001-01-7:5,MCF7,BRD-K70711508,BRD-K70711508,0.1417409089942286,0.14073419631284723,0.001006712681381361,False
ea2734432,CPC012_MCF7_6H:BRD-A06131576-001-01-6:10,MCF7,BRD-A06131576,BRD-A06131576,0.16242839409854276,0.16207427708487238,0.0003541170136703853,False
ea279f726,AML001_U937_24H:BRD-K19706299:3.33333,U937,BRD-K19706299,MRE-269,0.16221143243424352,0.15325060296629317,0.008960829467950349,False
ea2b5af80,CPC009_PC3_6H:BRD-K82747512-001-05-2:10,PC3,BRD-K82747512,BRD-K82747512,0.15239697038598748,0.15216593558630204,0.00023103479968544782,False
ea4fdaa0b,DOSBIO001_HT29_24H:BRD-A75409952:3.33333,HT29,BRD-A75409952,wortmannin,0.15621793849164511,0.1513972325446153,0.004820705947029824,False
ea5300385,CPC017_ASC_24H:BRD-K81225797-001-01-5:10,ASC,BRD-K81225797,SCH-58261,0.16200567367875235,0.1558403059404755,0.006165367738276861,False
ea54815a3,PCLB001_JURKAT_6H:BRD-K55896799-001-02-1:2.5,JURKAT,BRD-K55896799,BRD-K55896799,0.1862086400142767,0.17261516390648868,0.013593476107788022,False
ea5688c84,CPC018_MCF7_6H:BRD-K73290745-003-01-8:10,MCF7,BRD-K73290745,ICI-199441,0.16367716821069242,0.15846102546956653,0.00521614274112589,False
ea5e94e23,CPC006_T3M10_6H:BRD-K59597909-001-10-1:10,T3M10,BRD-K59597909,phenothiazine,0.16215116643529942,0.15733765960430524,0.004813506830994185,False
ea688452f,CPC014_ASC_24H:BRD-K37130656-001-01-2:10,ASC,BRD-K37130656,rivaroxaban,0.16608550309312106,0.1516598340603914,0.014425669032729654,False
ea6a9bd66,CPC006_NCIH2073_6H:BRD-K92301463-001-03-0:10,NCIH2073,BRD-K92301463,"16,16-dimethylprostaglandin-e2",0.15904862134454228,0.1567438591150128,0.0023047622295294945,False
ea8db5dd6,CPC014_HA1E_6H:BRD-U73238814-000-01-7:10,HA1E,BRD-U73238814,QL-XI-92,0.16750013526676957,0.15002980154212542,0.017470333724644155,False
ea8ed8051,CPC006_HEC108_6H:BRD-A13195221-001-01-1:10,HEC108,BRD-A13195221,STK-064652,0.170749638611442,0.16418813539859006,0.006561503212851927,False
ea95f5d40,CPC004_HCC515_24H:BRD-K14920963-304-01-9:10,HCC515,BRD-K14920963,erythrosine,0.15529082898909985,0.1485609322693614,0.0067298967197384485,False
eaa3d098e,AML001_HL60_6H:BRD-K71879491:1.11111,HL60,BRD-K71879491,tretinoin,0.16086214902380017,0.1605650847634009,0.00029706426039927125,False
eabf61af2,DOS024_VCAP_24H:BRD-K88180879-001-01-6:4.99,VCAP,BRD-K88180879,BRD-K88180879,0.15901802535604584,0.1470631934926161,0.011954831863429743,False
eac32b0ef,AML001_CD34_24H:BRD-K85822033:3.33333,CD34,BRD-K85822033,BRD-K85822033,0.16652315173179946,0.15522828136775838,0.011294870364041087,False
eac5c838f,CPC006_MDST8_6H:BRD-K71799778-001-03-0:80,MDST8,BRD-K71799778,BML-259,0.1471606138046795,0.1423493827692934,0.00481123103538611,False
eac8bbb7f,CPC005_HT29_6H:BRD-A60583491-300-02-7:10,HT29,BRD-A60583491,nitrarine,0.17022335924900425,0.15650893573240834,0.013714423516595908,False
eacb563b3,CPC005_A375_24H:BRD-K08973992-001-03-9:10,A375,BRD-K08973992,linoleic-acid,0.16482224631740514,0.1563551474617162,0.008467098855688943,False
eacea8039,CPC006_RKO_6H:BRD-K82746043-001-03-7:10,RKO,BRD-K82746043,navitoclax,0.14683013339105738,0.14407810956400102,0.00275202382705636,False
eacee102c,DOS034_MCF7_24H:BRD-K01981286-001-01-8:5.01,MCF7,BRD-K01981286,BRD-K01981286,0.15021654757800607,0.14519081779141127,0.005025729786594796,False
eaf243b69,DOS042_A549_24H:BRD-K92925409-001-01-7:5.02,A549,BRD-K92925409,BRD-K92925409,0.1618525853269942,0.16043995953404158,0.001412625792952621,False
eaf28d695,PCLB001_JURKAT_6H:BRD-K55896799-001-02-1:2.5,JURKAT,BRD-K55896799,BRD-K55896799,0.16792009280931602,0.15631501801836065,0.011605074790955378,False
eaf8f4051,CPC004_HA1E_24H:BRD-A49447682-001-01-6:10,HA1E,BRD-A49447682,desoximetasone,0.15914223194319305,0.15220909813712372,0.00693313380606933,False
eb1abad45,CPC011_A549_24H:BRD-K47936004-311-02-0:10,A549,BRD-K47936004,piribedil,0.17553064352433395,0.15542478623914457,0.020105857285189377,False
eb1e0300a,CPC007_PC3_6H:BRD-K82983587-001-03-8:10,PC3,BRD-K82983587,VU-0403126,0.15595449020141816,0.15063780653171782,0.0053166836697003395,False
eb2f04575,CPC010_A375_6H:BRD-K36591038-001-05-6:10,A375,BRD-K36591038,BRD-K36591038,0.16639475141759708,0.16603808730312591,0.0003566641144711613,False
eb3142243,CPC006_T3M10_6H:BRD-K26657438-001-01-2:10,T3M10,BRD-K26657438,imiquimod,0.16362385916439193,0.15391045521447494,0.009713403949916988,False
eb56effe8,DOS001_VCAP_24H:BRD-K80728817-001-01-5:5.04,VCAP,BRD-K80728817,BRD-K80728817,0.14029688759626113,0.13602163584891291,0.004275251747348219,False
eb9449a92,DOS046_A375_24H:BRD-K11071576-001-01-5:5,A375,BRD-K11071576,BRD-K11071576,0.19044903722130221,0.16323962792917254,0.02720940929212967,False
eb98dcd19,DOS043_HT29_24H:BRD-K25379780-001-01-8:5.26,HT29,BRD-K25379780,BRD-K25379780,0.167376153224022,0.162713711274244,0.004662441949777996,False
ebba7c66f,CPC015_HEPG2_6H:BRD-K69608737-001-03-7:10,HEPG2,BRD-K69608737,tacrolimus,0.16121045294108835,0.14574248510412097,0.015467967836967383,False
ec02e96a8,DOS055_MCF7_24H:BRD-K79625260-001-01-8:5,MCF7,BRD-K79625260,BRD-K79625260,0.14932755016833885,0.14645339045514355,0.0028741597131952956,False
ec05ebd4d,CPC004_MCF7_6H:BRD-A75409952:10,MCF7,BRD-A75409952,wortmannin,0.16986373075207267,0.16804817174957282,0.0018155590024998558,False
ec41848ef,CPC006_A549_24H:BRD-K41996876-001-03-0:10,A549,BRD-K41996876,tyrphostin-1,0.1406021753295129,0.1383138800550431,0.0022882952744698037,False
ec758a51f,CPC004_MCF7_6H:BRD-K86301799-001-19-9:10,MCF7,BRD-K86301799,dipyridamole,0.21221957807622824,0.19419947950511754,0.0180200985711107,False
ec9e1ae6e,CPC006_RKO_6H:BRD-K08703257-001-06-3:36.72,RKO,BRD-K08703257,3-amino-benzamide,0.1596845526770799,0.15469997255252171,0.0049845801245581856,False
eca05dee9,CPC001_HCC515_24H:BRD-K96862998-001-03-1:10,HCC515,BRD-K96862998,pirfenidone,0.1464708810472809,0.14308587135874784,0.0033850096885330583,False
ecb123db2,CPC019_HCC515_6H:BRD-K46373671-001-01-8:10,HCC515,BRD-K46373671,BRD-K46373671,0.15813600600862493,0.1428212877689342,0.015314718239690717,False
ece75cd4b,PCLB002_HEPG2_24H:BRD-K22587354:0.37,HEPG2,BRD-K22587354,BRD-K22587354,0.15926272944254544,0.15806798618432458,0.0011947432582208595,False
ecf3b6b74,CPC006_CORL23_6H:BRD-K28307902-001-10-0:28.96,CORL23,BRD-K28307902,flutamide,0.18325649019115797,0.16859599308509748,0.014660497106060488,False
ed056dede,AML001_U937_24H:BRD-K16300438:1.11111,U937,BRD-K16300438,BRD-K16300438,0.15891071927132422,0.15726039200440226,0.0016503272669219637,False
ed092dc8d,NMH002_NEU_6H:BRD-K75181824-001-04-9:10,NEU,BRD-K75181824,acetyl-geranygeranyl-cysteine,0.1676370813031548,0.14836153762240376,0.019275543680751045,False
ed2223aa5,DOS003_VCAP_24H:BRD-K95500387-001-02-9:5.01,VCAP,BRD-K95500387,BRD-K95500387,0.15286121638323608,0.1480515961770268,0.004809620206209286,False
ed3999b02,NMH002_NPC_6H:BRD-K86570333-001-01-0:10,NPC,BRD-K86570333,BRD-K86570333,0.15059845784133497,0.14372399471240963,0.00687446312892534,False
ed3ec2f36,CPC006_HCT116_6H:BRD-K41260949-236-02-8:10,HCT116,BRD-K41260949,valproic-acid,0.17574531454025616,0.14320395727158597,0.03254135726867019,False
ed4c86647,DOS024_VCAP_6H:BRD-K16775575-001-01-7:4.96,VCAP,BRD-K16775575,BRD-K16775575,0.1470054805534879,0.1408347663438993,0.00617071420958859,False
ed4e951ad,CPC014_A375_6H:BRD-K91701654-001-01-5:10,A375,BRD-K91701654,U-0126,0.17497686823066175,0.1707694127188229,0.004207455511838848,False
ed5706da4,CPC014_HA1E_6H:BRD-K42419294-001-01-0:10,HA1E,BRD-K42419294,BRD-K42419294,0.1524335158613376,0.14707515865173124,0.005358357209606368,False
ed573f5a2,CPC006_SKMEL28_6H:BRD-K91623615-001-01-9:10,SKMEL28,BRD-K91623615,ABT-751,0.16176625121308208,0.15452382507498302,0.007242426138099056,False
ed64cad3a,DOS003_VCAP_6H:BRD-K17339982-001-01-8:5,VCAP,BRD-K17339982,BRD-K17339982,0.17794066065914432,0.16975656621126825,0.008184094447876072,False
ed70316b5,DOS050_PC3_24H:BRD-K18655724-001-01-9:5,PC3,BRD-K18655724,BRD-K18655724,0.17453410990445106,0.16287995981460418,0.011654150089846882,False
ed81f4046,CPC015_MCF7_6H:BRD-A31575449-300-01-4:10,MCF7,BRD-A31575449,CGP-20712,0.15558778590956024,0.15125043188636486,0.004337354023195378,False
ed85431dc,CPC014_HEPG2_6H:BRD-K01493881-001-20-3:10,HEPG2,BRD-K01493881,apigenin,0.15692493475208788,0.15326114286912404,0.0036637918829638405,False
ede646bcc,CPC014_NEU_24H:BRD-K88551539-001-01-0:10,NEU,BRD-K88551539,CAY-10585,0.16468546548802823,0.15699179936883256,0.007693666119195669,False
edfc36f0e,DOS051_HT29_24H:BRD-K19938940-001-01-6:5.02,HT29,BRD-K19938940,BRD-K19938940,0.1722993373695882,0.167307835872259,0.004991501497329187,False
ee0b23cea,CPC013_MCF7_24H:BRD-K83620635-001-01-1:10,MCF7,BRD-K83620635,BRD-K83620635,0.212311265469629,0.20301320020758729,0.009298065262041716,False
ee24bf4a9,BRAF001_A375_6H:BRD-K16478699-001-05-0:0.15625,A375,BRD-K16478699,PLX-4720,0.1635718701170165,0.16313145461965536,0.00044041549736112406,False
ee2b4b2d5,CPC006_NCIH1836_6H:BRD-K83289131-001-01-4:10,NCIH1836,BRD-K83289131,CAY-10618,0.1649323802025609,0.16272394805994636,0.0022084321426145415,False
ee3e875a5,DOS054_PC3_24H:BRD-K18390187-001-01-3:5,PC3,BRD-K18390187,BRD-K18390187,0.15430174681723213,0.15170026626512403,0.0026014805521080986,False
ee45da161,DOS030_VCAP_6H:BRD-K09019812-001-01-2:5.03,VCAP,BRD-K09019812,BRD-K09019812,0.17197923899276382,0.16144896657680835,0.010530272415955472,False
ee806f8a1,DOS057_PC3_24H:BRD-K86149906-001-01-0:5,PC3,BRD-K86149906,BRD-K86149906,0.1745527865934554,0.1566978787971889,0.0178549077962665,False
ee812fc85,CPC002_PC3_24H:BRD-K39356024-001-02-4:10,PC3,BRD-K39356024,pregnenolone,0.1560451262035878,0.15458012841590632,0.0014649977876814713,False
ee8ba3370,CPC002_HA1E_6H:BRD-K42221274-003-02-8:10,HA1E,BRD-K42221274,NNC-711,0.17306233939448648,0.17135664974346138,0.0017056896510251052,False
ee919977f,CPC006_MCF7_24H:BRD-K80738081-001-21-1:10,MCF7,BRD-K80738081,resveratrol,0.1445532125619143,0.14409882933549656,0.0004543832264177483,False
eeb70f95b,DOS056_A375_24H:BRD-K96692572-001-01-0:5,A375,BRD-K96692572,BRD-K96692572,0.15526562403689742,0.1485205024053773,0.006745121631520107,False
eec3f15e1,CPC006_H1299_6H:BRD-K50590187-001-10-8:160,H1299,BRD-K50590187,capsaicin,0.1644147514861537,0.16365534819774077,0.0007594032884129243,False
eecc6a289,CPC013_A549_24H:BRD-K90697054-001-01-2:10,A549,BRD-K90697054,BRD-K90697054,0.16847691517279234,0.15151314809182218,0.016963767080970166,False
eecfc72b8,BRAF001_HEK293T_6H:BRD-K39339537-001-16-0:0.625,HEK293T,BRD-K39339537,epirizole,0.17699090086016658,0.17064334803095596,0.006347552829210623,False
eedf61c16,CPC004_PC3_6H:BRD-A10977446-001-05-5:10,PC3,BRD-A10977446,carvedilol,0.15923327486762384,0.15905799139085594,0.00017528347676790124,False
eef00a2d4,CPC005_VCAP_24H:BRD-A19736161-003-03-0:10,VCAP,BRD-A19736161,ondansetron,0.1830898137824723,0.17870794229382747,0.0043818714886448284,False
eefd02544,LJP001_MCF10A_24H:BRD-K68407802-001-02-7:2,MCF10A,BRD-K68407802,KIN001-055,0.17473060983207392,0.1739188595141083,0.000811750317965626,False
ef4e67d99,CPC014_A549_24H:BRD-K24859147-379-01-8:10,A549,BRD-K24859147,KIN001-242,0.14873302640993666,0.14452806249040592,0.004204963919530735,False
ef8863aaf,MUC.CP002_NKDBA_24H:BRD-K01436366-001-03-2:2.2222,NKDBA,BRD-K01436366,XMD-1150,0.1732501178079474,0.14786549287022832,0.02538462493771909,False
ef8b7fe07,CPC006_SW480_6H:BRD-K00615600-001-06-1:25,SW480,BRD-K00615600,AG-14361,0.1500700679316502,0.1489703696895101,0.0010996982421400958,False
efa4a3106,CPC013_A375_6H:BRD-K16621777-001-01-9:10,A375,BRD-K16621777,enobosarm,0.16447113028861152,0.16440599681828574,6.513347032577332e-05,False
efb055112,CPC013_NPC_24H:BRD-K08799950-001-01-2:10,NPC,BRD-K08799950,BRD-K08799950,0.15950350929852602,0.142655607471837,0.01684790182668902,False
efb9cd36b,CPC008_PC3_6H:BRD-K49712247-001-04-3:10,PC3,BRD-K49712247,BRD-K49712247,0.17841022305148613,0.16918402252027598,0.00922620053121015,False
efd75da04,DOSBIO002_A375_24H:BRD-K85650383:9.72154,A375,BRD-K85650383,BRD-K85650383,0.14950409259952457,0.14770604154731296,0.0017980510522116189,False
efd859187,CPC017_ASC_24H:BRD-A54029483-001-01-5:10,ASC,BRD-A54029483,IRL-2500,0.15390549498527423,0.1533598324891121,0.0005456624961621137,False
efd921628,PCLB001_HA1E_24H:BRD-K19326298-001-02-0:3.33,HA1E,BRD-K19326298,MW-SHH-250,0.15620630377814135,0.15522619951800984,0.000980104260131509,False
eff33f208,DOS056_A375_24H:BRD-K43433419-001-01-0:5,A375,BRD-K43433419,BRD-K43433419,0.14056418151992434,0.13580154347351692,0.004762638046407419,False
f007bd74e,CPC012_NPC_24H:BRD-K52831896-001-01-5:10,NPC,BRD-K52831896,BRD-K52831896,0.15489102510100106,0.14915944613271492,0.005731578968286133,False
f01653855,CPC006_HT115_6H:BRD-K40758391-001-02-3:40,HT115,BRD-K40758391,BRD-K40758391,0.15315408967759817,0.14625230385465798,0.006901785822940182,False
f0230d2df,DOS019_VCAP_24H:BRD-K86985145-001-01-8:5.22,VCAP,BRD-K86985145,BRD-K86985145,0.1863780402479176,0.1773412760219396,0.009036764225977989,False
f03649630,PCLB002_A549_24H:BRD-A74907996:0.04,A549,BRD-A74907996,equol,0.16974534901236077,0.15138425779212372,0.018361091220237047,False
f062be76d,PCLB003_HEPG2_24H:BRD-K47503321-001-01-3:1.11,HEPG2,BRD-K47503321,BL003-049-HDAC3,0.13961957250452445,0.13740408642141633,0.0022154860831081202,False
f0722000e,CPC006_NCIH596_6H:BRD-A75517195-001-01-3:40,NCIH596,BRD-A75517195,thiazolopyrimidine,0.16904899010342933,0.15147413534665954,0.017574854756769787,False
f075195b5,CVD001_HUH7_24H:BRD-K33396764-001-02-0:1,HUH7,BRD-K33396764,alpha-linolenic-acid,0.16851374870115732,0.16492992814529725,0.0035838205558600678,False
f0997edc7,DOS059_A549_24H:BRD-K07444373-001-01-5:5,A549,BRD-K07444373,BRD-K07444373,0.14065878800987827,0.13618417554230144,0.004474612467576827,False
f0ae14edc,DOS005_VCAP_24H:BRD-K21980308-001-01-0:5.01,VCAP,BRD-K21980308,BRD-K21980308,0.1503280590811453,0.14731367762370784,0.0030143814574374594,False
f0b593426,DOS057_A375_24H:BRD-K94915559-001-01-4:5,A375,BRD-K94915559,BRD-K94915559,0.15742170576687886,0.15408317956756426,0.003338526199314601,False
f0b6d359a,CPC006_COV644_6H:BRD-K64634304-001-01-5:40,COV644,BRD-K64634304,tretinoin,0.16758123265523386,0.16370509319989177,0.003876139455342098,False
f0bb2c04c,CPC017_HT29_6H:BRD-A26384407-001-15-2:10,HT29,BRD-A26384407,chlorthalidone,0.17694600812284736,0.1761485146384888,0.0007974934843585635,False
f0c8c7276,DOS053_A549_24H:BRD-K69951274-001-01-4:5.06,A549,BRD-K69951274,BRD-K69951274,0.15814572090542683,0.15664618829210408,0.0014995326133227516,False
f0d1b8dbc,DOS043_A549_24H:BRD-K07481948-001-01-3:5.02,A549,BRD-K07481948,BRD-K07481948,0.19267760442150528,0.18130545049786922,0.011372153923636052,False
f0d517b3a,CPC019_VCAP_6H:BRD-K20112532-001-05-0:10,VCAP,BRD-K20112532,BRD-K20112532,0.15405673333438125,0.14828075408378244,0.005775979250598806,False
f0ef454d1,LJP002_BT20_24H:BRD-K70401845-001-04-1:2,BT20,BRD-K70401845,erlotinib,0.15031758978474802,0.14595265157990023,0.00436493820484779,False
f10de4b89,PCLB003_PC3_24H:BRD-K50324045-001-01-3:3.33,PC3,BRD-K50324045,avrainvillamide-analog-6,0.14855911746088662,0.14736397417431757,0.0011951432865690559,False
f1441e94d,CPC007_HT29_6H:BRD-K82566177-001-05-2:10,HT29,BRD-K82566177,PSH-026,0.16085823430002946,0.1382367876992142,0.022621446600815276,False
f149ad4e5,CPC008_MCF7_6H:BRD-K88668773-001-05-8:10,MCF7,BRD-K88668773,BRD-K88668773,0.19097804376389668,0.16725244417630888,0.023725599587587798,False
f160c9fda,DOS012_VCAP_6H:BRD-K25473383-001-01-0:4.99,VCAP,BRD-K25473383,BRD-K25473383,0.16966016003582535,0.16610818164339758,0.003551978392427768,False
f1766a962,CPC013_A375_6H:BRD-K49865102-001-01-9:10,A375,BRD-K49865102,PD-0325901,0.1472312796957152,0.1463745558657052,0.0008567238300100088,False
f177818ea,CPC004_HA1E_6H:BRD-K20482099-001-01-1:10,HA1E,BRD-K20482099,rutin,0.16264520181713146,0.16035366842642243,0.002291533390709033,False
f17c382a6,CPC006_NCIH1836_6H:BRD-K19216856-001-02-7:88.8,NCIH1836,BRD-K19216856,epigallocatechin,0.15627367149217986,0.15118589235735322,0.005087779134826637,False
f19d8c43b,DOS021_VCAP_24H:BRD-K83836941-001-01-2:5.02,VCAP,BRD-K83836941,BRD-K83836941,0.14502824530438976,0.14469673757594748,0.0003315077284422874,False
f1bf7b477,DOS052_HT29_24H:BRD-K31791559-001-01-5:5.02,HT29,BRD-K31791559,BRD-K31791559,0.164305033815867,0.1607562422298661,0.00354879158600091,False
f1d7e6d5e,HDAC002_MCF7_6H:BRD-K98109757-001-01-0:0.625,MCF7,BRD-K98109757,cyclopentene,0.1614677600880886,0.15225978142027058,0.009207978667818029,False
f1df4d3b5,CPC006_VCAP_24H:BRD-K40853697-001-04-9:160,VCAP,BRD-K40853697,STAT3-inhibitor-VI,0.16364204183041015,0.1558066613538935,0.007835380476516635,False
f2110ecd7,DOS022_VCAP_24H:BRD-K46088987-001-01-1:5.07,VCAP,BRD-K46088987,BRD-K46088987,0.17331315104247386,0.16062823984434854,0.012684911198125315,False
f2171f9a7,CPC012_A549_6H:BRD-K15419449-001-01-7:10,A549,BRD-K15419449,I-303059,0.16702259961123483,0.1440480625146667,0.02297453709656813,False
f222b48dc,CPC006_OV7_6H:BRD-K32536677-001-01-0:10,OV7,BRD-K32536677,AGK-2,0.15488519357430564,0.15263196585860256,0.0022532277157030767,False
f228f319c,CPD003_MCF7_6H:BRD-K44993696-001-08-1:10,MCF7,BRD-K44993696,atenolol,0.16092870577738733,0.15564403071459879,0.005284675062788541,False
f22c8afa0,CPC016_HEPG2_6H:BRD-A96456596-001-01-4:10,HEPG2,BRD-A96456596,FPL-55712,0.15922700892893094,0.1554718613901599,0.003755147538771042,False
f2558bc54,CPC006_NCIH596_6H:BRD-K69840642-001-01-4:10,NCIH596,BRD-K69840642,ISOX,0.17245381749886296,0.16573362545974668,0.0067201920391162795,False
f25e67be6,CPC016_NEU_24H:BRD-K67445247-001-01-3:10,NEU,BRD-K67445247,flurofamide,0.15570826417953784,0.14537769624274222,0.010330567936795626,False
f285ab8e0,CPC017_NPC_24H:BRD-K26521938-001-04-9:10,NPC,BRD-K26521938,dinoprostone,0.15460532806509591,0.15354816040923958,0.0010571676558563392,False
f28dee1cd,CPC001_HA1E_6H:BRD-K60184833-001-03-1:10,HA1E,BRD-K60184833,tyrphostin-AG-99,0.1500286331179117,0.1498295958434595,0.0001990372744521962,False
f2b81ca2e,DOS053_A549_24H:BRD-K69014051-001-01-0:4.99,A549,BRD-K69014051,BRD-K69014051,0.1541296743383026,0.14789512002549066,0.006234554312811946,False
f2c8faae3,DOS046_A375_24H:BRD-K89000385-001-01-2:5,A375,BRD-K89000385,BRD-K89000385,0.15528062467836068,0.14930120930568777,0.005979415372672908,False
f2cc15da6,MUC.CP001_NKDBA_24H:BRD-K10499894-001-01-4:1.1258,NKDBA,BRD-K10499894,SA-97343,0.16541315732297823,0.1613767078672032,0.004036449455775026,False
f2cd513d6,CPC008_A549_6H:BRD-K08640787-001-01-7:10,A549,BRD-K08640787,BRD-K08640787,0.17539937869573108,0.16637888140026696,0.009020497295464114,False
f2ce7c1b1,DOS026_VCAP_6H:BRD-K72217541-001-01-2:5.01,VCAP,BRD-K72217541,BRD-K72217541,0.18895790870376158,0.16432916009397927,0.024628748609782314,False
f2d2549de,CPC020_MCF7_6H:BRD-K56555032-001-05-2:10,MCF7,BRD-K56555032,BRD-K56555032,0.14661203361104216,0.14614779414161694,0.0004642394694252261,False
f2e39846a,DOS047_A549_24H:BRD-K65012833-001-01-3:5.06,A549,BRD-K65012833,BRD-K65012833,0.1533880883195619,0.1508740042966022,0.0025140840229597172,False
f2e512cdb,CPC010_PC3_6H:BRD-K46645809-001-06-3:10,PC3,BRD-K46645809,BRD-K46645809,0.15731705987109348,0.15391776199394086,0.003399297877152624,False
f3014194c,CPC006_OV7_6H:BRD-K02526760-001-01-5:10,OV7,BRD-K02526760,QS-11,0.15744411278570405,0.14866900962794197,0.008775103157762087,False
f30e9ac81,CPC013_HCC515_6H:BRD-K48204702-001-01-6:10,HCC515,BRD-K48204702,BRD-K48204702,0.14987922795083164,0.1482047313291073,0.0016744966217243362,False
f332d21c7,CPC006_RKO_6H:BRD-K02526760-001-01-5:10,RKO,BRD-K02526760,QS-11,0.1764761270980454,0.15267188429018685,0.023804242807858533,False
f33d4b55a,DOSBIO001_A375_24H:BRD-K33761091:10.0959,A375,BRD-K33761091,BRD-K33761091,0.16715985947595496,0.14574352212187558,0.021416337354079384,False
f342eedbc,DOS024_VCAP_6H:BRD-K14971087-001-01-5:4.98,VCAP,BRD-K14971087,BRD-K14971087,0.15071500407348337,0.1473554166777864,0.0033595873956969724,False
f344437e0,CPC013_SKB_24H:BRD-K52640952-001-01-1:10,SKB,BRD-K52640952,BRD-K52640952,0.1586124963466579,0.15558551430441958,0.0030269820422383076,False
f34823c31,DOS047_A375_24H:BRD-K47261397-001-01-7:4.99,A375,BRD-K47261397,BRD-K47261397,0.16589843646293306,0.15661232174257397,0.00928611472035909,False
f35dc494f,DOS012_VCAP_24H:BRD-K18296113-001-01-1:4.89,VCAP,BRD-K18296113,BRD-K18296113,0.1704022602343424,0.16973556741552376,0.0006666928188186483,False
f3bdb4f89,ASG001_PC3_6H:BRD-A84481105-003-15-6:10,PC3,BRD-A84481105,thioridazine,0.157888431919663,0.15201546404358832,0.005872967876074692,False
f3d93786b,CPC017_A549_6H:BRD-K23383398-001-01-6:10,A549,BRD-K23383398,T-0901317,0.1502890517390748,0.14772485480009784,0.0025641969389769703,False
f3f77dac0,CPD002_PC3_24H:BRD-A14395271-074-11-1:10,PC3,BRD-A14395271,mesoridazine,0.15390211841704496,0.15043374520259592,0.0034683732144490387,False
f3f7c11c4,CPC015_A549_6H:BRD-A49447682-001-01-6:10,A549,BRD-A49447682,desoximetasone,0.17161938121057413,0.14951862193538196,0.022100759275192172,False
f40290070,NMH001_NEU_24H:BRD-K45845523-001-01-6:10,NEU,BRD-K45845523,BRD-K45845523,0.17125960823911185,0.16968409376025956,0.0015755144788522912,False
f413396f5,CPC001_HA1E_6H:BRD-K94270326-004-01-0:10,HA1E,BRD-K94270326,ecopipam,0.1478529748610807,0.1421082802742363,0.005744694586844401,False
f41f95da5,DOS011_VCAP_24H:BRD-K40997335-001-01-8:4.99,VCAP,BRD-K40997335,BRD-K40997335,0.16599418787944567,0.15083665202613092,0.015157535853314752,False
f44ed500f,CPC016_MCF7_6H:BRD-K35189033-001-03-0:10,MCF7,BRD-K35189033,levonorgestrel,0.1715463356678572,0.15977611556218022,0.011770220105676993,False
f46b450ef,HOG003_MCF7_24H:BRD-K77432048-001-02-8:0.0015,MCF7,BRD-K77432048,BRD-K77432048,0.15955565884297285,0.1505491727615597,0.009006486081413134,False
f487e1a2c,CPC013_HCC515_6H:BRD-K27630390-001-01-4:10,HCC515,BRD-K27630390,BRD-K27630390,0.17076023640546228,0.1608426209395355,0.009917615465926788,False
f48d611be,CPC010_VCAP_24H:BRD-A55609290-001-05-7:10,VCAP,BRD-A55609290,BRD-A55609290,0.1760847909287305,0.1530472758146901,0.023037515114040397,False
f49a73cd5,DOS001_VCAP_24H:BRD-K97073065-001-01-6:5.12,VCAP,BRD-K97073065,BRD-K97073065,0.16141380124413462,0.15609543487399843,0.0053183663701361905,False
f4a0da844,DOS043_A549_24H:BRD-K32310489-001-01-8:4.88,A549,BRD-K32310489,BRD-K32310489,0.18344427005116384,0.1455293179347823,0.037914952116381545,False
f4a730df7,HOG001_MCF7_24H:BRD-K92317137-001-04-0:0.0412,MCF7,BRD-K92317137,BRD-K92317137,0.150536054271087,0.1489146649542115,0.001621389316875499,False
f4c0acb6b,DOSBIO001_A375_24H:BRD-K68253248:10.1649,A375,BRD-K68253248,BRD-K68253248,0.1631009658865214,0.1451915687239684,0.017909397162552992,False
f4d605dbe,CPC006_RMUGS_6H:BRD-K82746043-001-03-7:10,RMUGS,BRD-K82746043,navitoclax,0.14385993488460247,0.14014900809782338,0.0037109267867790896,False
f4e4006d9,CPC006_HEPG2_6H:BRD-K89732114-001-05-9:10,HEPG2,BRD-K89732114,trifluoperazine,0.15474043502924445,0.1540011262813902,0.0007393087478542448,False
f4e9eeda7,DOS032_HT29_24H:BRD-K23211153-001-01-4:4.91,HT29,BRD-K23211153,BRD-K23211153,0.14707899384502301,0.1446902198454727,0.0023887739995503143,False
f4f4771c9,DOS042_A549_24H:BRD-K02125996-001-01-2:5.01,A549,BRD-K02125996,BRD-K02125996,0.15637731210015932,0.15255610192811866,0.003821210172040651,False
f5195031c,DOS051_A549_24H:BRD-M03805540-001-01-7:4.98,A549,BRD-M03805540,BRD-M03805540,0.13935236571373635,0.1336348501411377,0.0057175155725986415,False
f51af4a54,CPC014_NEU_24H:BRD-K09790412-001-03-8:10,NEU,BRD-K09790412,H-9,0.14766815518915946,0.1448613625941683,0.00280679259499117,False
f5487e91f,CPC007_A375_6H:BRD-K13146765-001-04-8:10,A375,BRD-K13146765,BRD-K13146765,0.1553583989646118,0.15340803812029696,0.0019503608443148246,False
f557af504,CPC014_HCC515_6H:BRD-K25311561-001-03-2:10,HCC515,BRD-K25311561,KU-55933,0.16706469342400795,0.15520161319211928,0.011863080231888673,False
f55842076,CPC007_HA1E_24H:BRD-A44862234-001-02-2:10,HA1E,BRD-A44862234,BRD-A44862234,0.17710708112009407,0.15918323703174492,0.017923844088349156,False
f594b3345,KMS002_NOMO1_6H:BRD-K12683773-300-02-1:0,NOMO1,BRD-K12683773,methyl-fasudil,0.15749027740214014,0.152699007256488,0.004791270145652143,False
f59d0edb4,DOS051_PC3_24H:BRD-M32778103-001-01-0:4.99,PC3,BRD-M32778103,BRD-M32778103,0.17471041140391017,0.16321810063476638,0.011492310769143782,False
f5c443039,CPC005_A375_6H:BRD-A83937277-001-03-0:10,A375,BRD-A83937277,mephenytoin,0.15713255336356613,0.15480849737139568,0.0023240559921704484,False
f5c6d5cb3,RAD001_MCF7_24H:BRD-K80738081-001-23-7:0.3704,MCF7,BRD-K80738081,resveratrol,0.15330814736136233,0.14350692130804157,0.00980122605332076,False
f5cef4650,KMS002_NOMO1_24H:BRD-K12683773-300-02-1:10,NOMO1,BRD-K12683773,methyl-fasudil,0.1636222334944669,0.15723184332594833,0.006390390168518556,False
f5d5a81f9,DOS010_VCAP_24H:BRD-K49158673-001-01-8:5.22,VCAP,BRD-K49158673,BRD-K49158673,0.1550539755260484,0.1436610888000459,0.011392886726002499,False
f5dcd0b85,DOS024_VCAP_24H:BRD-K73408523-001-01-8:5.03,VCAP,BRD-K73408523,SA-1463814,0.15133807513760722,0.1477807974590935,0.003557277678513715,False
f5f05bec7,PCLB001_HT29_24H:BRD-A69592287-001-01-3:0.63,HT29,BRD-A69592287,oxetane,0.14746938953320576,0.14026119202033566,0.007208197512870107,False
f5f9e9495,DOS052_A375_24H:BRD-K20820984-001-01-0:4.99,A375,BRD-K20820984,BRD-K20820984,0.15945372029438484,0.14577017267754083,0.01368354761684401,False
f5fb06e50,DOS047_HT29_24H:BRD-K29326853-001-01-7:5.02,HT29,BRD-K29326853,BRD-K29326853,0.1588600968935066,0.1570203522079266,0.0018397446855800137,False
f601d2b46,DOS041_A549_24H:BRD-K53740625-001-01-5:5.03,A549,BRD-K53740625,BRD-K53740625,0.15846897674480023,0.15468775033453877,0.0037812264102614623,False
f60388237,CPC002_PC3_6H:BRD-K54462405-003-03-3:10,PC3,BRD-K54462405,doxepin,0.19091189343061804,0.16813661963006793,0.02277527380055011,False
f610a5048,CPC012_A375_6H:BRD-K55591206-001-07-4:10,A375,BRD-K55591206,epigallocatechin-gallate-(-),0.1694412367831714,0.16602273291187103,0.0034185038713003824,False
f622c0642,CPC001_VCAP_6H:BRD-K10177585-003-01-6:10,VCAP,BRD-K10177585,PSB-11,0.165164594904749,0.16279213408674797,0.002372460818001021,False
f63b5512f,DOS023_VCAP_24H:BRD-K87507139-001-01-7:4.87,VCAP,BRD-K87507139,BRD-K87507139,0.15820474786823174,0.15695903099060876,0.0012457168776229821,False
f65834b15,CPC006_SKM1_6H:BRD-K55966568-001-01-3:6,SKM1,BRD-K55966568,orantinib,0.14595868248213945,0.14163156713775377,0.004327115344385679,False
f662e4f65,CPC019_MCF7_6H:BRD-K11224669-001-01-8:10,MCF7,BRD-K11224669,BRD-K11224669,0.18057112883685214,0.16274399657659824,0.017827132260253897,False
f66a2c5aa,CPC002_HA1E_6H:BRD-K54330070-001-07-1:10,HA1E,BRD-K54330070,SB-202190,0.1618538847914378,0.16143298077379487,0.0004209040176429424,False
f67209af9,CPC016_NEU_24H:BRD-K83508485-001-01-9:10,NEU,BRD-K83508485,FK-888,0.17863666186641003,0.16118503852596516,0.017451623340444866,False
f67915196,CPC006_SNU1040_6H:BRD-K54233340-300-01-0:10,SNU1040,BRD-K54233340,dorsomorphin,0.14745252250567975,0.14735617071839222,9.635178728753524e-05,False
f6bcf8339,NMH001_NEU_24H:BRD-K23986500-001-01-1:10,NEU,BRD-K23986500,BRD-K23986500,0.14909938538809794,0.14621098327627152,0.0028884021118264214,False
f6c4e7066,DOS052_A375_24H:BRD-K19995377-001-01-8:5.03,A375,BRD-K19995377,BRD-K19995377,0.14630556996064994,0.14183004825562584,0.004475521705024105,False
f6d5a3dae,NMH001_FIBRNPC_24H:BRD-K69726342-001-02-6:10,FIBRNPC,BRD-K69726342,atorvastatin,0.16217481762533623,0.16127115097132366,0.0009036666540125637,False
f721996ed,DOS058_A549_24H:BRD-K23680201-019-01-4:5,A549,BRD-K23680201,BRD-K23680201,0.170479991641951,0.16776748749226067,0.00271250414969032,False
f75db62d4,DOS021_VCAP_24H:BRD-K15769121-001-01-0:5.03,VCAP,BRD-K15769121,BRD-K15769121,0.14816611218532688,0.14794786390672557,0.0002182482786013129,False
f769df5d6,DOS024_VCAP_6H:BRD-K48923155-001-02-1:5.02,VCAP,BRD-K48923155,BRD-K48923155,0.16793125036775586,0.1659018681509098,0.002029382216846065,False
f76a83216,CPC013_VCAP_24H:BRD-K54405293-001-01-5:10,VCAP,BRD-K54405293,BRD-K54405293,0.14720754591178872,0.1443869033096039,0.002820642602184814,False
f77cfeff3,CPC018_MCF7_6H:BRD-A31521121-001-15-7:10,MCF7,BRD-A31521121,methocarbamol,0.19293587320528224,0.1885559754034722,0.0043798978018100565,False
f78b8a0ae,CPC009_HEPG2_6H:BRD-K06555716-019-01-7:10,HEPG2,BRD-K06555716,BRD-K06555716,0.1619081166469434,0.1545288048275159,0.007379311819427498,False
f7a227434,CPC006_MDST8_6H:BRD-U88459701-000-01-8:10,MDST8,BRD-U88459701,atorvastatin,0.1683263006592292,0.1649195133822083,0.0034067872770209007,False
f7d573145,DOS016_VCAP_6H:BRD-K43820987-001-01-0:5.12,VCAP,BRD-K43820987,BRD-K43820987,0.188704730405594,0.18208299387956964,0.006621736526024352,False
f7e6d1b90,CPC005_PC3_24H:BRD-K31987754-001-01-2:10,PC3,BRD-K31987754,oleylethanolamide,0.14474393592135637,0.13821461753693795,0.00652931838441842,False
f7fa0456c,CPC001_HCC515_6H:BRD-K66707493-001-02-6:10,HCC515,BRD-K66707493,lawsone,0.1563581215246388,0.13852817070257853,0.017829950822060264,False
f7fe1c12f,DOS052_A375_24H:BRD-K12974237-001-02-8:5.01,A375,BRD-K12974237,BRD-K12974237,0.160858280743019,0.15812409574476938,0.0027341849982496225,False
f80352d6d,DOS056_HT29_24H:BRD-K73825454-001-01-6:5,HT29,BRD-K73825454,BRD-K73825454,0.1581786797458873,0.14755386114161442,0.01062481860427289,False
f82305521,DOS050_MCF7_24H:BRD-K46385262-001-01-7:5,MCF7,BRD-K46385262,BRD-K46385262,0.17193276324081447,0.15444466920240882,0.01748809403840565,False
f8370b963,PCLB002_HT29_24H:BRD-K18910433:1.11,HT29,BRD-K18910433,estradiol,0.14255139189050123,0.14161744693020922,0.0009339449602920047,False
f8446fc97,KMS002_NOMO1_6H:BRD-K12683773-300-02-1:0,NOMO1,BRD-K12683773,methyl-fasudil,0.1662501678270989,0.16507379681006779,0.0011763710170311081,False
f88adf21b,DOSBIO002_NEU_24H:BRD-K12124649:10.0725,NEU,BRD-K12124649,BRD-K12124649,0.187087016091043,0.15172381046431188,0.03536320562673112,False
f88ceb191,CPC020_A549_6H:BRD-A50774520-001-01-5:10,A549,BRD-A50774520,CVF-SUMO-11,0.15321375035089135,0.1456142236615689,0.0075995266893224556,False
f8af0e4c2,DOS031_PC3_24H:BRD-K67258928-001-01-6:5.17,PC3,BRD-K67258928,BRD-K67258928,0.1762166085539093,0.16838970942477266,0.007826899129136644,False
f8bdaa4d4,PCLB001_JURKAT_24H:BRD-K37417543-001-01-0:0.37,JURKAT,BRD-K37417543,MW-SHH-28,0.1641851616160725,0.152749755485389,0.011435406130683501,False
f8d24e330,NMH001_NEU_24H:BRD-K61260019-005-01-9:10,NEU,BRD-K61260019,BRD-K61260019,0.17051267635292866,0.16405193268263024,0.006460743670298419,False
f8dc1fd51,AML001_U937_6H:BRD-K95149906:10,U937,BRD-K95149906,BRD-K95149906,0.14159345281566502,0.14016121621707692,0.0014322365985880992,False
f8e5c1af0,LJP001_MCF7_6H:BRD-A45498368-001-03-0:0.08,MCF7,BRD-A45498368,WYE-125132,0.1553665117258733,0.14402866021350128,0.011337851512372016,False
f92989f8d,DOS034_A549_24H:BRD-K22951866-001-01-4:5.06,A549,BRD-K22951866,BRD-K22951866,0.15762373636776417,0.1400346941065327,0.01758904226123148,False
f92d8dc63,CPC005_HCC515_6H:BRD-K59163477-001-02-1:10,HCC515,BRD-K59163477,cisapride,0.14457593601421848,0.14456115256892338,1.4783445295096787e-05,False
f93338a8b,CPC016_NEU_24H:BRD-K67445247-001-01-3:10,NEU,BRD-K67445247,flurofamide,0.1696528792544858,0.16637869090943652,0.003274188345049278,False
f9382e5a2,CPC012_SKB_24H:BRD-K63220166-001-01-1:10,SKB,BRD-K63220166,BRD-K63220166,0.1508656030069293,0.14995797069987574,0.0009076323070535686,False
f9403130d,CPC010_HEPG2_6H:BRD-K59840856-001-04-1:10,HEPG2,BRD-K59840856,BRD-K59840856,0.17313659619319394,0.16287880542926497,0.010257790763928964,False
f94118abd,CPC020_HCC515_6H:BRD-A50311610-003-17-9:10,HCC515,BRD-A50311610,meclizine,0.15688871849823718,0.15626111355709887,0.00062760494113831,False
f9450b58a,CPC009_HA1E_6H:BRD-K71142328-001-03-8:10,HA1E,BRD-K71142328,BRD-K71142328,0.16555684890761854,0.1588355536072733,0.006721295300345237,False
f96caffcb,NMH001_FIBRNPC_6H:BRD-K10939925-001-01-2:10,FIBRNPC,BRD-K10939925,BRD-K10939925,0.14661742931286595,0.14575796176360373,0.0008594675492622217,False
f96ead340,CPC015_MCF7_6H:BRD-K93645900-001-04-8:10,MCF7,BRD-K93645900,tadalafil,0.1512506342492897,0.15000973748791527,0.001240896761374427,False
f985fee46,CPC012_MCF7_6H:BRD-A06131576-001-01-6:10,MCF7,BRD-A06131576,BRD-A06131576,0.18434920478747757,0.16813466566275656,0.01621453912472101,False
f98a1abd6,PCLB001_A375_6H:BRD-A33746814-001-01-0:0.16,A375,BRD-A33746814,avicin-g,0.15192492657856246,0.1506955364757232,0.0012293901028392618,False
f98af7cac,LJP002_MDAMB231_6H:BRD-K71035033-001-03-0:2,MDAMB231,BRD-K71035033,masitinib,0.1868937174752864,0.1740310447915468,0.012862672683739612,False
f9a72fa7b,DOSBIO002_PC3_24H:BRD-K77402297:10.0098,PC3,BRD-K77402297,BRD-K77402297,0.17144620034493147,0.1576986007305808,0.013747599614350653,False
f9ab83d1d,DOS056_A375_24H:BRD-K57181059-001-01-3:5,A375,BRD-K57181059,BRD-K57181059,0.19890293101565737,0.16475269712842183,0.03415023388723554,False
f9b0d313e,DOS002_VCAP_6H:BRD-K38149517-001-01-0:5.02,VCAP,BRD-K38149517,BRD-K38149517,0.180165174463475,0.16385221686230533,0.01631295760116966,False
f9ca9c7a5,CPC006_NCIH1694_6H:BRD-K93725829-001-01-2:0.5,NCIH1694,BRD-K93725829,ERK-inhibitor-11E,0.1619675487530764,0.1535576222363284,0.00840992651674799,False
f9d0d8f63,DOSBIO001_A375_24H:BRD-K68253248:10.1649,A375,BRD-K68253248,BRD-K68253248,0.1558256884220587,0.1519567726117814,0.003868915810277318,False
f9dc6d706,PCLB001_HEPG2_24H:BRD-K16582605-001-02-9:0.63,HEPG2,BRD-K16582605,WY-01-034,0.1511767263467167,0.15079467045048295,0.00038205589623374614,False
f9e8eec0b,NMH001_FIBRNPC_24H:BRD-K26818574-305-02-7:10,FIBRNPC,BRD-K26818574,BIX-01294,0.1524736896717167,0.15089709264692192,0.0015765970247947902,False
fa3500863,DOS043_A375_24H:BRD-K54432046-001-01-9:5.04,A375,BRD-K54432046,BRD-K54432046,0.16078166330700475,0.15859684085303996,0.0021848224539647854,False
fa47e7093,CRCGN001_HA1E_6H:BRD-K47323024-003-21-0:19.9,HA1E,BRD-K47323024,methapyrilene,0.20527608896499155,0.17556167525401578,0.029714413710975773,False
fa4e8a8cf,CPC015_PHH_24H:BRD-K89375097-300-06-2:10,PHH,BRD-K89375097,pirenzepine,0.14788423729876754,0.140795062927784,0.007089174370983553,False
fa69a1fc0,NMH002_NPC_24H:BRD-K75181824-001-04-9:10,NPC,BRD-K75181824,acetyl-geranygeranyl-cysteine,0.17277818372115536,0.16877973228845342,0.003998451432701944,False
fabad7790,CPC020_HCC515_6H:BRD-K15916856-001-01-8:10,HCC515,BRD-K15916856,BRD-K15916856,0.15998952661677598,0.15405096813083363,0.005938558485942352,False
fadadbe1f,CPC010_A549_24H:BRD-K04993501-002-01-7:10,A549,BRD-K04993501,cefixime,0.16563494430597747,0.1564442875932054,0.009190656712772083,False
fb0762638,CPC005_VCAP_6H:BRD-A78360835-001-01-1:10,VCAP,BRD-A78360835,cercosporin,0.15185737613632475,0.14555138174766782,0.006305994388656921,False
fb1b9a664,CPC007_PC3_24H:BRD-K00203625-001-06-7:10,PC3,BRD-K00203625,BRD-K00203625,0.1668157255931024,0.14642767037161275,0.020388055221489648,False
fb25cbce2,CVD001_HUH7_24H:BRD-K25394294-001-04-0:2.5,HUH7,BRD-K25394294,oxaprozin,0.15829514248938759,0.15811579227724476,0.00017935021214282587,False
fb3ffdece,CPC013_PC3_24H:BRD-K78596368-001-01-3:10,PC3,BRD-K78596368,BRD-K78596368,0.16594475231969097,0.16318018007821222,0.0027645722414787466,False
fb5164119,DOS057_A549_24H:BRD-K88537788-001-01-7:5,A549,BRD-K88537788,BRD-K88537788,0.1743147542497664,0.17423791495998325,7.683928978313714e-05,False
fb559ed55,CPD003_PC3_6H:BRD-K21955335-304-01-7:10,PC3,BRD-K21955335,carbenoxolone,0.19100532777896578,0.17607683190210527,0.014928495876860515,False
fb67ca7d9,DOSBIO002_PC3_24H:BRD-K98850601:10.0457,PC3,BRD-K98850601,BRD-K98850601,0.14940834515244455,0.1474591637579274,0.0019491813945171632,False
fb69fd749,DOS015_VCAP_6H:BRD-K10645566-001-01-9:5.02,VCAP,BRD-K10645566,BRD-K10645566,0.1571304590926699,0.15503075498596022,0.0020997041067096767,False
fb6c2c373,CPC014_NEU_24H:BRD-K67258146-001-01-2:10,NEU,BRD-K67258146,BRD-K67258146,0.1859614843068773,0.15286341026209269,0.033098074044784626,False
fb7304491,CPC005_A375_24H:BRD-K21350491-001-02-1:10,A375,BRD-K21350491,phenamil,0.14997313960774455,0.14792281935335216,0.0020503202543923904,False
fb85944a6,PCLB002_HT29_24H:BRD-K18910433:1.11,HT29,BRD-K18910433,estradiol,0.16365588923658447,0.1492102439950409,0.01444564524154357,False
fb8a93a83,CPC006_THP1_6H:BRD-A04706586-236-01-7:10,THP1,BRD-A04706586,bucladesine,0.15311975056541413,0.15228500693908414,0.0008347436263299868,False
fb8ba0d27,DOS013_VCAP_24H:BRD-K60703313-001-01-1:5.02,VCAP,BRD-K60703313,BRD-K60703313,0.16197310329078168,0.14759864356127994,0.014374459729501743,False
fb909a091,CPC003_HA1E_6H:BRD-K97863768-001-02-8:10,HA1E,BRD-K97863768,prothionamide,0.16224957904798476,0.15937389391727985,0.002875685130704908,False
fbcfd25a7,CPC016_A375_6H:BRD-A42649439-001-02-8:10,A375,BRD-A42649439,triciribine,0.1525300356507071,0.15230252782492756,0.00022750782577954376,False
fbd77dbb9,LJP002_SKBR3_6H:BRD-A24396574-001-02-3:0.4,SKBR3,BRD-A24396574,celastrol,0.15101824363310146,0.14352779621494582,0.007490447418155632,False
fbd797b85,NMH002_NEU_24H:BRD-K82206012-001-02-1:10,NEU,BRD-K82206012,BRD-K82206012,0.16615079767061003,0.151517531184999,0.01463326648561103,False
fc19979b0,CPC012_SKB_24H:BRD-K63220166-001-01-1:10,SKB,BRD-K63220166,BRD-K63220166,0.16046733573994099,0.14970942019037115,0.01075791554956984,False
fc36f66e8,PCLB001_JURKAT_6H:BRD-K37417543-001-01-0:2.5,JURKAT,BRD-K37417543,MW-SHH-28,0.1627503071634212,0.16178204710742683,0.0009682600559943744,False
fc4cd4585,PCLB002_MCF7_24H:BRD-K61894884:3.33,MCF7,BRD-K61894884,BRD-K61894884,0.1468637979249473,0.13785496020165344,0.009008837723293861,False
fc61cc291,CPC006_NOMO1_6H:BRD-K87947369-001-01-6:10,NOMO1,BRD-K87947369,tozasertib,0.16470247675536387,0.15152769531765606,0.013174781437707811,False
fc706ea82,DOS057_PC3_24H:BRD-K81052803-001-01-5:5,PC3,BRD-K81052803,BRD-K81052803,0.14614039421471609,0.14505631805678165,0.0010840761579344327,False
fc89b3c68,DOS051_PC3_24H:BRD-K63090665-001-01-4:4.98,PC3,BRD-K63090665,BRD-K63090665,0.18542823163187494,0.16407979351904095,0.02134843811283399,False
fc9706723,CPC020_HCC515_6H:BRD-A29426959-050-11-6:10,HCC515,BRD-A29426959,carbinoxamine,0.1516057479674276,0.14548197981236638,0.0061237681550612155,False
fc9c0b83e,CPC006_HT29_6H:BRD-K83289131-001-01-4:10,HT29,BRD-K83289131,CAY-10618,0.1712716291446775,0.15507146665910754,0.016200162485569963,False
fc9c586b9,PCLB002_HT29_24H:BRD-K88742110:1.11,HT29,BRD-K88742110,PCI-34051,0.16891525917210357,0.16337005628680834,0.005545202885295225,False
fc9cc6ec4,CPC019_HA1E_6H:BRD-K63979920-001-01-9:10,HA1E,BRD-K63979920,BRD-K63979920,0.16591068846232845,0.1585767336864627,0.007333954775865764,False
fcafcf5a9,CPC020_MCF7_24H:BRD-A76019558-001-02-8:10,MCF7,BRD-A76019558,ketoconazole,0.15656107389403184,0.15460005115145947,0.0019610227425723714,False
fcb7bf70f,DOS041_A375_24H:BRD-K23564937-001-01-9:5.07,A375,BRD-K23564937,BRD-K23564937,0.1572241494780513,0.15051530287109113,0.006708846606960167,False
fcc0d5d89,CPC017_A375_6H:BRD-K66782112-001-01-2:10,A375,BRD-K66782112,ICI-162846,0.17658895624797788,0.17635012711217826,0.0002388291357996175,False
fcc2e5b7e,CPC020_HT29_6H:BRD-K71926323-001-08-8:10,HT29,BRD-K71926323,marbofloxacin,0.1902883691845373,0.17394141118834186,0.016346957996195427,False
fce52a537,CPC013_SKB_24H:BRD-A39121618-001-01-8:10,SKB,BRD-A39121618,BRD-A39121618,0.1483452224922033,0.14423834377777925,0.004106878714424056,False
fcfed83c3,LJP001_MCF7_6H:BRD-K52911425-001-04-9:0.08,MCF7,BRD-K52911425,GDC-0941,0.16308049586138063,0.16029280350893335,0.002787692352447274,False
fd0ae9d6b,DOS040_HT29_24H:BRD-K37848804-001-01-0:5.02,HT29,BRD-K37848804,BRD-K37848804,0.13462108479206192,0.13123542747294692,0.0033856573191149986,False
fd0e986aa,PCLB003_A375_24H:BRD-K35860134-001-01-8:10,A375,BRD-K35860134,BRD-K35860134,0.17198702785809264,0.16411457825974976,0.007872449598342879,False
fd1b41aa2,CPC006_RKO_6H:BRD-K40892394-001-01-9:11.1,RKO,BRD-K40892394,AR-C133057XX,0.1518148032059139,0.15175249224108714,6.231096482675613e-05,False
fd2facbb9,LJP002_MCF7_24H:BRD-K37720887-001-03-7:2,MCF7,BRD-K37720887,SB-525334,0.15696273479634948,0.15644772671750512,0.000515008078844359,False
fd3b67efb,CPC016_HEPG2_6H:BRD-A81795050-003-01-7:10,HEPG2,BRD-A81795050,U-18666A,0.13798626950725684,0.1343013679428402,0.0036849015644166427,False
fd4387eac,DOS034_MCF7_24H:BRD-K70711508-001-01-7:5,MCF7,BRD-K70711508,BRD-K70711508,0.15859768590277176,0.15107303322306415,0.007524652679707616,False
fd68e0363,CPC005_MCF7_24H:BRD-A52588987-004-04-1:10,MCF7,BRD-A52588987,SKF-83566,0.1688988396900789,0.1502896024306939,0.018609237259385014,False
fdbbb98fa,CPC008_MCF7_6H:BRD-K71970656-001-04-2:10,MCF7,BRD-K71970656,BRD-K71970656,0.16031497209752227,0.14621838994414732,0.014096582153374948,False
fdcd6eba3,DOS055_A549_24H:BRD-K67653084-001-01-8:5,A549,BRD-K67653084,BRD-K67653084,0.17719464868649187,0.16202909933276843,0.01516554935372344,False
fdda3eb67,CPC014_HT29_6H:BRD-K23841751-001-01-4:10,HT29,BRD-K23841751,BRD-K23841751,0.17823709432502965,0.16461973087831244,0.013617363446717212,False
fdf3069d4,CPC008_PC3_6H:BRD-K79414420-019-01-6:10,PC3,BRD-K79414420,BRD-K79414420,0.17244534722264365,0.17189783612214524,0.0005475111004984157,False
fdf9c5a5d,PCLB003_HCC515_24H:BRD-K85133207-001-01-1:0.37,HCC515,BRD-K85133207,HDAC1-selective,0.14463298862755072,0.14431450236931267,0.00031848625823804877,False
fe05943c9,CPC003_HCC515_6H:BRD-K00206590-001-01-2:10,HCC515,BRD-K00206590,P-1075,0.14389240672893344,0.1414987069417037,0.0023936997872297527,False
fe0f55365,CPC015_A375_6H:BRD-A30815329-001-03-0:10,A375,BRD-A30815329,felodipine,0.18050170896447432,0.1580677201445872,0.02243398881988712,False
fe17b8b65,CPD002_MCF7_24H:BRD-K01950558-001-11-3:10,MCF7,BRD-K01950558,succinylsulfathiazole,0.17513047919541724,0.16796805077234522,0.00716242842307202,False
fe1c34dbe,CPC006_RKO_6H:BRD-K61662457-001-02-2:20,RKO,BRD-K61662457,CAY-10594,0.1613832402128481,0.1562593011774099,0.005123939035438202,False
fe213e3a3,CPC006_THP1_6H:BRD-K15108141-001-01-7:0.08,THP1,BRD-K15108141,gemcitabine,0.17351682622447162,0.15979340875249648,0.013723417471975141,False
fe2ced8f1,CPC005_HCC515_6H:BRD-K63630713-001-15-9:10,HCC515,BRD-K63630713,etacrynic-acid,0.14243006432575703,0.13666888109498315,0.005761183230773875,False
fe37066fc,LJP002_HS578T_6H:BRD-K02123250-001-02-6:0.08,HS578T,BRD-K02123250,JNJ-38877605,0.16191252421964436,0.15159045522045275,0.010322068999191608,False
fe6105bde,CPC006_H1299_6H:BRD-K19216856-001-02-7:88.8,H1299,BRD-K19216856,epigallocatechin,0.15231600973319465,0.1467382265196177,0.005577783213576937,False
fe6686e67,CPC012_HA1E_6H:BRD-K53816294-001-01-3:10,HA1E,BRD-K53816294,BRD-K53816294,0.15341542290590587,0.1489088663415967,0.004506556564309178,False
fe7e9ab78,MUC.CP005_MCF7_24H:BRD-K18170480-001-01-3:10.312,MCF7,BRD-K18170480,BRD-K18170480,0.15674569542713163,0.15283015162003316,0.003915543807098465,False
fe8625cad,CPC006_OV7_6H:BRD-K67868012-003-01-5:11.1,OV7,BRD-K67868012,PI-103,0.14880518978115848,0.14632764453483688,0.0024775452463215997,False
fea7e5d15,DOS032_MCF7_24H:BRD-K18048820-001-01-0:5.03,MCF7,BRD-K18048820,BRD-K18048820,0.1529694828288895,0.1521530870810966,0.0008163957477929085,False
feaadfd38,CPC017_A375_6H:BRD-A68281735-001-02-0:10,A375,BRD-A68281735,REV-5901,0.16335785440314685,0.15923887131504727,0.004118983088099576,False
feb9315c0,CPC012_A375_6H:BRD-K33676730-001-01-8:10,A375,BRD-K33676730,BRD-K33676730,0.14513114015305126,0.1388829257783104,0.006248214374740851,False
fedd79674,CPC006_HCT116_6H:BRD-A34817987-001-11-8:10,HCT116,BRD-A34817987,itraconazole,0.1603082786964164,0.15166928170618044,0.008638996990235959,False
fedfaf25d,DOS055_MCF7_24H:BRD-K34844610-001-01-6:5,MCF7,BRD-K34844610,BRD-K34844610,0.15442480736096834,0.15379197502721964,0.0006328323337486952,False
fee67ac63,DOS046_MCF7_24H:BRD-K31906558-001-01-0:5,MCF7,BRD-K31906558,BRD-K31906558,0.15564248669579508,0.15290441745045383,0.002738069245341257,False
fefd9f534,DOS040_HT29_24H:BRD-K37848804-001-01-0:5.02,HT29,BRD-K37848804,BRD-K37848804,0.1617791420311927,0.14482667806656255,0.016952463964630154,False
ff1dd51ca,CPC013_HCC515_6H:BRD-K50360938-001-01-7:10,HCC515,BRD-K50360938,BRD-K50360938,0.1544559137342285,0.15401955634079723,0.0004363573934312859,False
ff270e1e7,DOS034_A549_24H:BRD-K90281509-001-01-6:5.22,A549,BRD-K90281509,BRD-K90281509,0.16478164948377252,0.16248380726923028,0.0022978422145422395,False
ff2ef49ab,DOS019_VCAP_24H:BRD-K49919280-001-01-8:5,VCAP,BRD-K49919280,BRD-K49919280,0.1680863637148487,0.16631943856981155,0.0017669251450371515,False
ff30d6768,CPC005_A375_24H:BRD-K48427617-001-01-7:10,A375,BRD-K48427617,U-0124,0.1646263358188138,0.15885914244992877,0.005767193368885037,False
ff32409d8,CPC012_A549_6H:BRD-K55715339-001-01-2:10,A549,BRD-K55715339,BRD-K55715339,0.14971017584785185,0.1438477601992538,0.005862415648598046,False
ff32d9c31,DOS049_HT29_24H:BRD-K32272500-001-01-5:5,HT29,BRD-K32272500,BRD-K32272500,0.14233192395861616,0.14128770273089977,0.0010442212277163854,False
ff539cce7,CPC009_HA1E_6H:BRD-K89786160-019-01-9:10,HA1E,BRD-K89786160,BRD-K89786160,0.1761851278760902,0.15181225264616008,0.02437287522993012,False
ff551f3a3,ERG015_VCAP_6H:BRD-K54302962-001-01-4:10.0095,VCAP,BRD-K54302962,BRD-K54302962,0.13860222660872643,0.13325222482425406,0.005350001784472369,False
ff55b75c9,DOS032_HT29_24H:BRD-K06589444-001-01-3:4.99,HT29,BRD-K06589444,BRD-K06589444,0.15850853808493792,0.15274722324185408,0.005761314843083842,False
ff5a3ecb1,DOS046_HT29_24H:BRD-K85815049-001-01-5:5,HT29,BRD-K85815049,BRD-K85815049,0.1510310688322207,0.1506430647816514,0.0003880040505692961,False
ff9565933,NMH001_NPC_24H:BRD-K63915987-001-01-3:10,NPC,BRD-K63915987,BRD-K63915987,0.14969630208009022,0.14879774110618155,0.0008985609739086686,False
ffd66e220,DOSBIO001_HT29_24H:BRD-K95367721:10.0666,HT29,BRD-K95367721,BRD-K95367721,0.1679043220498129,0.1640930581734598,0.0038112638763531104,False
ffe357f8f,CPD003_MCF7_24H:BRD-K82562631-001-01-0:10,MCF7,BRD-K82562631,tolmetin,0.1612995149951009,0.14761661417896094,0.013682900816139959,False
ffed8e1c9,DOS005_VCAP_24H:BRD-K48840041-001-01-7:5.03,VCAP,BRD-K48840041,BRD-K48840041,0.1626564261954052,0.16092181414636098,0.0017346120490442374,False
fff7d208d,ERG010_VCAP_24H:BRD-K89020690-001-01-0:10.064,VCAP,BRD-K89020690,BRD-K89020690,0.1705188008635948,0.1632274978201603,0.007291303043434505,False
