mol_id,SMILES,activity_label
P3_00000,COc1ccc(-c2cc(=O)c3c(O)cc(O)cc3o2)cc1,1
P3_00001,COc1cc(O)c2c(c1)O[C@H](c1ccccc1)CC2=O,0
P3_00002,COc1cc2ccc(=O)oc2cc1OC,1
P3_00003,COc1ccc(-c2cc(=O)c3c(O)cc(OC)cc3o2)cc1,1
P3_00004,O=C(O)C=Cc1ccc(O)cc1,1
P3_00005,CC(C)=CCOc1ccc2ccc(=O)oc2c1,1
P3_00006,COc1ccc(-c2oc3cc(OC)c(OC)cc3c(=O)c2O)cc1OC,1
P3_00007,COc1ccc(-c2oc3cc(OC)c(OC)cc3c(=O)c2O)cc1O,1
P3_00008,CC(=O)OC1C(=O)c2c(O)cc(O)cc2O[C@H]1c1ccc(O)cc1,1
P3_00009,C=C[C@@](C)(O)CC/C=C(\C)CCC=C(C)C,1
P3_00010,CC(C)=CCc1c(O)cc2c(c1O)C(=O)C(c1ccc(O)cc1O)CO2,1
P3_00011,COc1cc(O)c(OC)c(O)c1C(=O)C=Cc1ccccc1,1
P3_00012,COc1cc(O)c(C(=O)C=Cc2ccccc2)c(OC)c1,1
P3_00013,COc1c(O)cc2c(c1O)C(=O)C([C@H](O)c1ccccc1)CO2,1
P3_00014,COc1cc(O)cc(O)c1C(=O)C=Cc1ccccc1,1
P3_00015,COc1cc(O)c(C(=O)C=Cc2ccccc2)c(O)c1OC,1
P3_00016,COc1cc(O)c(C(=O)CCc2ccccc2)c(O)c1,1
P3_00017,COc1cc(O)c(C(=O)CCc2ccccc2)c(O)c1OC,1
P3_00018,COc1cc([C@@H]2CC(=O)c3ccc(O)cc3O2)cc(CC=C(C)C)c1O,1
P3_00019,COc1ccc2c(=O)c3cccc(O)c3oc2c1,1
P3_00020,COc1cccc2c(=O)c3ccc(O)cc3oc12,1
P3_00021,COc1cc2[nH]c3ccccc3c(=O)c2c(O)c1OC,1
P3_00022,COc1ccc(O)c2c1C(=O)c1coc(C)c1C2=O,1
P3_00023,CC=Cc1cc(O)c(O)c(OC)c1,1
P3_00024,Cc1occ2c1C(=O)c1c(O)cccc1C2=O,1
P3_00025,COc1ccc(OC)c2c1C(=O)c1coc(C)c1C2=O,0
P3_00026,CC(=O)OCc1occ2c1C(=O)c1c(O)cccc1C2=O,0
P3_00027,CC1(C)CCC[C@]2(C)c3cc(O)c(O)cc3CCC12,1
P3_00028,C=C[C@](C)(O)CC/C=C(\C)CCC=C(C)C,1
P3_00029,COc1ccc(-c2cc(=O)c3c(O)c(OC)c(OC)cc3o2)cc1,1
P3_00030,COc1c2ccc(OC[C@@H](O)C(C)(C)O)cc2nc2occc12,1
P3_00031,Oc1cc(O)cc(-c2cc3ccc(O)cc3o2)c1,0
P3_00032,CC(C)=CCc1c(O)cc(-c2cc3ccc(O)cc3o2)cc1O,1
P3_00033,COc1cc2ccc(=O)oc2cc1OCC=C(C)C,1
P3_00034,O=C1C=C/C(=C/[C@H](O)COc2ccccc2)O1,1
P3_00035,COc1cc(O)c(Cc2ccccc2O)cc1C(=O)CCc1ccccc1,1
P3_00036,COc1c(C(=O)CCc2ccccc2)ccc(O)c1Cc1ccccc1O,1
P3_00037,Cc1c(O)c(C)c(O)c(C(=O)C=Cc2ccccc2)c1O,0
P3_00038,COc1ccc(CC2C(=O)OC[C@@H]2Cc2ccc(OC)c(OC)c2)cc1OC,0
P3_00039,COc1ccc(C[C@@H]2CO[C@H](O)[C@H]2Cc2ccc(OC)c(OC)c2)cc1OC,1
P3_00040,COc1cccc2cc(C)c(C(C)=O)c(O)c12,1
P3_00041,COc1cc(OC)c(OC)c(O)c1C=CC(=O)c1ccccc1,1
P3_00042,COc1ccc2c(OC)c3ccoc3nc2c1OC,1
P3_00043,CC(C)=CCc1ccc2cc[nH]c2c1,0
P3_00044,C=C(C)/C=C/c1ccc2cc[nH]c2c1,0
P3_00045,COc1ccc2c(=O)c3c(OC)c4c(cc3n(C)c2c1OC)OCO4,1
P3_00046,COc1cc(O)c2c(=O)c(O)c(-c3ccc(O)c(OC)c3)oc2c1,1
P3_00047,COc1ccc(C2CC(=O)c3c(OC)c(OC)c(O)c(OC)c3O2)cc1,0
P3_00048,COc1cc(O)c2c(c1)O[C@H](c1ccc(O)cc1)CC2=O,1
P3_00049,C=CCc1cc(OC)c2c(c1OC)OCO2,0
P3_00050,COC(=O)c1cc(OC)c2cc(OC)c(OC)c(O)c2c1O,1
P3_00051,Cc1cc(O)c2c(c1)C(=O)c1cccc(O)c1C2=O,1
P3_00052,C=CCc1cc2c(c(OC)c1OC)OCO2,0
P3_00053,CC(C)CNC(=O)/C=C/c1ccc2c(c1)OCO2,0
P3_00054,COc1c(-c2ccc(O)cc2)oc2cc3c(c(O)c2c1=O)C=CC(C)(C)O3,1
P3_00055,COc1c2ccoc2nc2c(OC)c3c(cc12)OCO3,1
P3_00056,COc1cc(OC)c2nc3occc3c(OC)c2c1,0
P3_00057,COc1c(OC)c(OC)c2c(c1OC)c(=O)c1ccccc1n2C,1
P3_00058,C=CCc1cc(OC)c2c(c1)OCO2,0
P3_00059,COc1c(OC)c(OC)c2c(c1O)c(=O)c1ccccc1n2C,1
P3_00060,C=CCc1c(OC)c(OC)c2c(c1OC)OCO2,0
P3_00061,c1cc2c(cc1[C@H]1OC[C@H]3[C@@H]1CO[C@@H]3c1ccc3c(c1)OCO3)OCO2,0
P3_00062,COc1cc(C=O)cc(OC)c1O,0
P3_00063,COc1c2c(cc3c1c(=O)c1cccc(OC)c1n3C)OCO2,0
P3_00064,C=C[C@H]1C[N@@]2CC[C@H]1C[C@H]2[C@H](O)c1ccnc2ccc(OC)cc12,1
P3_00065,COc1nccnc1NS(=O)(=O)c1ccc(N)cc1,0
P3_00066,CCN(CC)CCCC(C)Nc1ccnc2cc(Cl)ccc12,1
P3_00067,Nc1ccc(S(=O)(=O)c2ccc(N)cc2)cc1,0
P3_00068,C=C[C@H]1CN2CC[C@H]1C[C@@H]2[C@@H](O)c1ccnc2ccc(OC)cc12,1
P3_00069,COc1ncnc(NS(=O)(=O)c2ccc(N)cc2)c1OC,0
P3_00070,COc1cc(NC(C)CCCN)c2ncccc2c1,1
P3_00071,O=C(O)c1cn(C2CC2)c2cc(N3CCNCC3)c(F)cc2c1=O,0
P3_00072,CC(=O)N(c1onc(C)c1C)S(=O)(=O)c1ccc(N)cc1,0
P3_00073,CCc1nc(N)nc(N)c1-c1ccc(Cl)cc1,1
P3_00074,CCN(CCO)CCCC(C)Nc1ccnc2cc(Cl)ccc12,1
P3_00075,CCN(CC)CCCNc1ccnc2cc(Cl)ccc12,1
P3_00076,CN(C)c1ccc(C(O)(c2ccc(N(C)C)cc2)c2ccc(N(C)C)cc2)cc1,1
P3_00077,CCOC(=O)c1cnc2c(C)cc(C)cc2c1Nc1ccc(OC)c(OC)c1,1
P3_00078,Cc1cc(C)cc(Nc2cc(C)nc3nc(C(F)(F)F)nn23)c1,1
P3_00079,Cc1cccc(Nc2nc(N)c3ccccc3n2)c1,1
P3_00080,CCc1ccc(Nc2cc(C)c3ccc(O)cc3n2)cc1,1
P3_00081,Fc1ccc2[nH]c3c(NCCCN4CCOCC4)ncnc3c2c1,1
P3_00082,CCCc1c(CC)c(=N)c2ccccc2n1C,1
P3_00083,Cc1cc(NCCN2CCCCC2)c2ccc3ccccc3c2n1,1
P3_00084,CSc1ccccc1C(=O)Nc1nc(-c2ccccn2)cs1,1
P3_00085,CN(C)CCCNc1c2ccccc2nc2ccccc12,1
P3_00086,CNCCCNc1ccnc2cc(Cl)ccc12,1
P3_00087,COc1ccccc1CNC(=O)CCn1c(=O)[nH]c2ccccc2c1=O,1
P3_00088,Oc1ccccc1CNCC12CC3CC(CC(C3)C1)C2,1
P3_00089,COc1ccc(C=C2SC(=N)N(c3ccccc3OC)C2=O)cc1,1
P3_00090,CC(C)(C)c1ccc(O)c(CNC2CCCCC2)c1,1
P3_00091,CN(C)c1ccc(C=Cc2nc(=O)c3ccccc3o2)cc1,1
P3_00092,CCN(CC)CCNc1ccnc2cc(Cl)ccc12,1
P3_00093,CC1CN(C(=O)c2sc3ccccc3c2Cl)CC(C)O1,1
P3_00094,CCCN(CCC)CC(O)COc1ccccc1C(=O)Nc1ccccc1,1
P3_00095,C=CC12CCN(CC1)C(C(O)c1ccnc3ccc(OC)cc13)C2,1
P3_00096,OC(CNC1CCCCC1)Cn1c2ccccc2c2ccccc21,1
P3_00097,Cc1cc(C)c2c(c1)OCN(Cc1ccccc1Cl)C2,1
P3_00098,CCN(CC)CCNc1ncnc2c1[nH]c1ccc(Cl)cc12,1
P3_00099,COc1ccccc1N=C1C(=O)c2ccccc2C(=O)C1N1CCCCC1,1
P3_00100,COc1ccc2c(=O)cc(C(Cl)(Cl)Cl)oc2c1,1
P3_00101,CCCc1cc(O)c2c3c(c(=O)oc2c1)CN(C)CC3,1
P3_00102,CCOC(=O)c1c[nH]c2ccc(CC)cc2c1=O,1
P3_00103,Cc1cc(Nc2ccc(Cl)cc2)n2nc(C(F)(F)F)nc2n1,1
P3_00104,COc1cccc(C=Cc2nc(=O)c3ccccc3o2)c1OC,1
P3_00105,CCOc1cc2c(cc1OCC)C(c1cc(OC)c(O)cc1Cl)NCC2,1
P3_00106,CCOC(=O)c1cn(CC)c2cc(N3CCCCC3)c(F)cc2c1=O,1
P3_00107,Cc1ccc(Nc2nc(NCCO)c3ccccc3n2)cc1C,1
P3_00108,COc1ccc2c(c1)OC(O)(C(F)(F)C(F)(F)F)CC2=O,1
P3_00109,CCOC(=O)c1ccc2[nH]c(-c3ccccc3)cc(=O)c2c1,1
P3_00110,COc1ccc(C(=O)Nc2nonc2-c2ccc(OC)c(OC)c2)cc1Cl,1
P3_00111,Cc1ccc(Nc2nc(-c3ccccn3)cs2)cc1,1
P3_00112,CCOc1cc(Cl)c(C(C)NC(=O)c2ccccc2)cc1OCC,1
P3_00113,CCCCc1ccc(NS(=O)(=O)c2cc3c4c(c2)CCN4C(=O)CC3)cc1,1
P3_00114,Oc1ccc(Cl)cc1CNc1nc2ccccc2[nH]1,1
P3_00115,CC(C)(C)CC(C)(C)NCC(O)COc1ccc2c(c1)CCC2,1
P3_00116,FC(F)(F)c1cccc(CNC2CCN(CCc3ccccc3)CC2)c1,1
P3_00117,CCC(C)NCC(O)(c1ccc(Cl)cc1)c1ccc(Cl)cc1,1
P3_00118,CC(O)(c1ccc(Cl)cc1)C(CN1CCCCC1)c1ccccc1,1
P3_00119,O=C(Nc1nc(-c2ccccn2)cs1)c1ccccc1Br,1
P3_00120,CCOc1ccc(C=Cc2nc(=O)c3ccccc3o2)cc1,1
P3_00121,O=C(c1ccccc1F)N(Cc1ccc(Cl)cc1)c1ccccn1,1
P3_00122,CCCCNCC(O)(c1ccc(Cl)cc1)c1ccc(Cl)cc1,1
P3_00123,O=C(NCc1ccco1)C1CCN(S(=O)(=O)c2ccc(Cl)cc2)CC1,1
P3_00124,COc1ccc(C(=O)Nc2ccc(Cl)cc2C(=O)Nc2ccncc2)cc1,1
P3_00125,COc1cccc(NC(=O)Cn2c(C)c(C#N)c3ccccc32)c1,1
P3_00126,O=C(Nc1cccc(C(F)(F)F)c1)c1cc(Cl)ccc1O,1
P3_00127,CC(C)=CCN1CCC(C(=O)Nc2ccc(-c3nc4ccccc4[nH]3)cc2)CC1,1
P3_00128,FC(F)(F)c1ccc(Nc2nnnc3ccccc23)cc1,1
P3_00129,CN(C)c1ccc(-c2nc3cc(N)ccc3[nH]2)cc1,1
P3_00130,COc1cccc(O)c1CN1CCC2(CCCN(Cc3ccc(F)cc3)C2)C1,1
P3_00131,CCN1CCN(c2cc(C)c3cc(NC(=O)c4ccc(OC)c(OC)c4)ccc3n2)CC1,1
P3_00132,O=C(Nc1ccsc1C(=O)NC1CCCCC1)c1ccc(F)cc1,1
P3_00133,CCN(CC)c1ccc(NC(=O)c2cccs2)cc1,1
P3_00134,COc1ccc(C(=O)Nc2ccc3nc(N4CCCCC4)cc(C)c3c2)cc1OC,1
P3_00135,CCN(CC)c1cc(C)c2cc(NC(=O)c3cccc(OC)c3)ccc2n1,1
P3_00136,CC(NCc1ccccc1)c1cc(Cl)ccc1O,1
P3_00137,CCCc1c(C)[nH]c2ccccc2c1=O,1
P3_00138,CN1c2ccccc2N(C)C1c1ccc2c(c1)OCO2,1
P3_00139,Cn1c(=O)c2cc(C(=O)NCCCN3CCCCCC3)sc2c2ccccc21,1
P3_00140,CCOc1cc(Cl)c(C(C)NC(=O)c2cccc(OC)c2)cc1OCC,1
P3_00141,CCOc1c(Cl)cc(CNC(C)C(O)c2ccccc2)cc1OC,1
P3_00142,COc1ccc(N2CCN(C(CNC(=O)C3CCCCC3)c3ccc4c(c3)OCO4)CC2)cc1,1
P3_00143,Cc1ccc(CSCc2ccc(C(=O)NC3CC3)o2)cc1,0
P3_00144,CC(=O)NCCc1nc2ccccc2n1Cc1ccc(C(C)C)cc1,1
P3_00145,O=C(NCC1Cc2cccc(-c3ccncc3)c2O1)c1csc2c1CCCC2,1
P3_00146,Cc1[nH]c(-c2ccc(F)cc2)cc1C(=O)NC1CCN(Cc2ccccc2)CC1,1
P3_00147,COc1ccc(C2N(C)c3ccccc3N2C)cc1,1
P3_00148,CC(C)(C)c1ccc(C(=O)Nc2nc3ccccc3s2)cc1,1
P3_00149,COc1ccc(-c2nonc2NC(=O)c2cccc(C)c2)cc1OC,1
P3_00150,Oc1ccccc1CN1CCC2(CCCN(Cc3ccccc3F)C2)C1,1
P3_00151,C=CCc1c(C)[nH]c2ccccc2c1=O,1
P3_00152,CCN(CC)CCNc1ncnc2c1[nH]c1ccc(Br)cc12,1
P3_00153,O=C(Nc1ccc(N2CCCCC2)c(Cl)c1)c1ccc(Br)o1,1
P3_00154,O=C(Nc1ccc(N2CCN(Cc3ccccc3)CC2)cc1)c1cccs1,1
P3_00155,CC1CC(C)CN(C(=O)c2ccc(Cl)cc2Cl)C1,1
P3_00156,Oc1ccccc1CN1CCN(C(c2ccccc2)c2ccccc2)CC1,1
P3_00157,COc1cc2cc(C(=O)Nc3ccccc3)c(N)nc2cc1OC,1
P3_00158,COc1nc(Nc2ccc(C(C)C)cc2)nc(OC)n1,1
P3_00159,Clc1ccc2[nH]c3c(NCCCN4CCOCC4)ncnc3c2c1,1
P3_00160,OC(CNC1CCCC1)Cn1c2ccccc2c2ccccc21,1
P3_00161,Clc1cc(Br)ccc1-c1ccc(CNCC2CCNCC2)o1,1
P3_00162,CCOc1ccc(C2N(C)c3ccccc3N2C)cc1,1
P3_00163,CCOc1cc(CNC(C)C(O)c2ccccc2)cc(Cl)c1OCC,1
P3_00164,CCc1ccc(Nc2cc(C)nc3nc(C)nn23)cc1,1
P3_00165,Cc1cc(N2CCN(C3CCCC3)CC2)n2c(nc3ccccc32)c1C#N,1
P3_00166,CCCCOc1ccc(C(=O)Nc2cc(C)on2)cc1,1
P3_00167,CCN(Cc1ccccc1)C1CCN(Cc2cc(Br)ccc2O)CC1,1
P3_00168,CC(C)(C)CC(C)(C)NCC(O)COc1ccc(Cl)cc1Cl,1
P3_00169,COc1cc(SC)ccc1C(=O)N1CCCC(C)C1,0
P3_00170,COc1ccc2nc(C)cc(Nc3ccccc3O)c2c1,1
P3_00171,Cc1cc(NC(=O)c2ccc(-c3ccccc3)cc2)no1,1
P3_00172,Cc1ccc(NC(=O)Nc2cccc(Cl)c2)cc1F,1
P3_00173,O=c1nc(C=Cc2ccc(Cl)cc2)oc2ccccc12,1
P3_00174,CCC(O)c1ccc(Br)cc1NC(=O)c1cccc(Cl)c1,1
P3_00175,Cc1cc(Nc2cccc(F)c2)nc(NCc2ccccc2)n1,1
P3_00176,O=C1CC(O)(C(F)(F)C(F)(F)F)Oc2ccccc21,0
P3_00177,O=C(Nc1ccc(Br)cc1)Nc1cccc(Cl)c1,1
P3_00178,CCOc1ccc(CCNC(=O)c2cccs2)cc1OCC,1
P3_00179,COc1ccc(-c2nonc2NC(=O)c2cccc(Cl)c2)cc1OC,1
P3_00180,COCCn1c(C)nc2ccccc2c1=O,1
P3_00181,CCOc1c(Cl)cc(CNCC(O)c2ccccc2)cc1OC,1
P3_00182,COc1ccc2nc(C)cc(Nc3ccc(Cl)cc3)c2c1,1
P3_00183,CCCCc1c(C)[nH]c2c(OC)cccc2c1=O,1
P3_00184,CCOc1cc2c(cc1OCC)C(c1cc(C)c(O)c(C)c1)NCC2,1
P3_00185,CC(C)c1ccc(CNCC(O)c2ccccc2)cc1,1
P3_00186,Cc1c(C)n(CC(O)CNC2CCCCC2C)c2ccccc12,1
P3_00187,Oc1ccc(Br)cc1CN1CCN(Cc2cccc(F)c2)CC1,1
P3_00188,CN(C)CCNc1cc(-c2ccccc2)nc2ccccc12,1
P3_00189,COc1ccc2nc(C)cc(Nc3cccc(O)c3)c2c1,1
P3_00190,Clc1ccc2c(N3CCCC3)ccnc2c1,1
P3_00191,CCOc1ccccc1NC(=O)CN1CCN(C(=O)c2ccco2)CC1,1
P3_00192,CCOc1ccccc1CN1CCc2[nH]c3cc(C(C)(C)C)nn3c(=O)c2C1,0
P3_00193,CN1CCN(c2ncnc3c2[nH]c2ccc(Cl)cc23)CC1,1
P3_00194,COc1cccc(C(=O)Nc2ccc(-c3nc4ccccc4[nH]3)cc2)c1,1
P3_00195,CN(C)CCCNCc1ccc(-c2ccc(F)c(Cl)c2)o1,1
P3_00196,CCC(=O)Nc1nnc(Cc2ccc(OC)c(OC)c2)s1,0
P3_00197,OC(CNCc1ccccc1)Cn1c2ccccc2c2ccccc21,1
P3_00198,O=c1nc(C=Cc2ccc(Br)cc2)oc2ccccc12,1
P3_00199,CCOc1cc2c(cc1OCC)C(c1cc(Cl)c(O)c(OCC)c1)NCC2,1
P3_00200,COc1ccc(N2CCN(C(CNC(=O)CC(C)(C)C)c3ccc4c(c3)OCO4)CC2)cc1,1
P3_00201,COc1ccc(C(=O)C2CC2c2ccc(Cl)cc2)cc1,1
P3_00202,COc1ccc(CN2CCN(Cc3ccccc3)CC2)c(O)c1,1
P3_00203,CCOC(=O)c1cnc2ccc(Cl)cc2c1NCCCN(C)C,1
P3_00204,Oc1ccc(C(=C(Cl)Cl)c2ccc(O)cc2)cc1,1
P3_00205,Cc1[nH]c2ccccc2c(=O)c1CC=C(Cl)Cl,1
P3_00206,CC(C)(C)c1ccc2c(c1)CN(Cc1ccc(Cl)cc1)CO2,1
P3_00207,CCCCCn1c(=N)n(CC(O)COc2cccc(C)c2)c2ccccc21,1
P3_00208,CCOC(=O)C1(Cc2ccccc2)CCN(Cc2cccc(OC)c2O)CC1,1
P3_00209,Cc1ccc(OCCCCCCNCCO)c(C)c1,1
P3_00210,CC(C)CCNCC(O)Cn1c2ccccc2c2ccccc21,1
P3_00211,CCCCCCc1cc(O)c2c3c(c(=O)oc2c1)CCC(C)C3,1
P3_00212,CCOc1ccc2c(c1)CN(Cc1ccc(Cl)cc1)CO2,1
P3_00213,CCCc1c(C)[nH]c2ccc(Br)cc2c1=O,1
P3_00214,CCOC(=O)c1c[nH]c2c(CC)cccc2c1=O,1
P3_00215,COc1ccc(-c2cc3c(nn2)-c2ccccc2C3=O)cc1,1
P3_00216,COc1ccc(CN2CCCC(C(=O)c3ccc(C(F)(F)F)cc3)C2)c(O)c1,1
P3_00217,CN(C)c1ccc(N=Cc2ccc(N3CCOCC3)cc2)cc1,1
P3_00218,CCOc1cc2c(cc1OCC)C(c1cc(Cl)ccc1O)NCC2,1
P3_00219,CCCCc1c(CCC)c(=N)c2ccccc2n1C,1
P3_00220,COc1ccc(C=C2SC(=Nc3ccc(F)cc3)NC2=O)c(OC)c1,1
P3_00221,COc1ccc(C=C2SC(=Nc3ccccc3)NC2=O)cc1,1
P3_00222,CCOc1ccc2nc(C)cc(Nc3ccc(N(C)C)cc3)c2c1,1
P3_00223,CCOC(=O)c1cnc2ccc(OC)cc2c1NCc1ccccc1,1
P3_00224,Nc1nc(Nc2cccc(F)c2)nc2ccccc12,1
P3_00225,COc1cccc(Nc2nc(N)c3ccccc3n2)c1,1
P3_00226,CCOC(=O)c1cnc2ccc(OC)cc2c1Nc1ccc(N2CCN(C)CC2)cc1,1
P3_00227,CN1CCN(c2nc(Nc3ccc(O)cc3)nc3ccccc23)CC1,1
P3_00228,Oc1ccc(Br)cc1CN1CCN(Cc2ccc(Cl)cc2)CC1,1
P3_00229,O=C(CCl)NCCOc1ccc(Cl)cc1Cl,1
P3_00230,CCOc1ccc(N2C(N)=NC(N)=NC2(C)C)cc1,1
P3_00231,COc1ccc(Nc2cc(C)nc(NCc3ccccc3)n2)cc1,1
P3_00232,COc1cc(CNCCc2ccc(Cl)cc2)cc(OC)c1O,1
P3_00233,CCCCNc1nc(NC(C)(C)C)nc(NC(C)(C)C)n1,1
P3_00234,CC(=O)c1sc(NC(=O)Nc2ccc(C)cc2C)nc1C,1
P3_00235,Cc1ccc(Nc2nc(N)c3ccccc3n2)cc1Cl,1
P3_00236,O=C(NNc1cc(N2CCCC2)nc(N2CCCC2)n1)c1ccccc1,1
P3_00237,O=C(CCc1ccccc1)c1ccccc1OCC(O)CN1CCCCC1,1
P3_00238,CCc1ccc(CNCC(O)c2ccccc2)cc1,1
P3_00239,OCCNc1nc(Nc2ccc(Cl)c(Cl)c2)nc2ccccc12,1
P3_00240,COc1cc2ccc(=O)oc2cc1OC/C=C(\C)CCC=C(C)C,1
P3_00241,COc1cc2ccc(=O)oc2cc1OC/C=C(/C)CO,1
P3_00242,COc1cc2oc(=O)ccc2cc1CC=C(C)C,0
P3_00243,COc1cc2ccc(=O)oc2c(O)c1OCC=C(C)C,1
P3_00244,COc1ccc2ccc(=O)oc2c1OCC=C(C)C,1
P3_00245,COc1cc2ccc(=O)oc2cc1O,1
P3_00246,COc1cc2ccc(=O)oc2cc1OC[C@@H](O)C(C)(C)O,1
P3_00247,COc1cc2ccc(=O)oc2cc1OC[C@H](O)C(C)(C)O,1
P3_00248,COc1cc2oc(=O)ccc2cc1O[C@H](CC(C)C)C(C)C,0
P3_00249,COc1cc2oc(=O)ccc2cc1OCC[C@H](C)OC,0
P3_00250,CC[C@@H](COc1cc2ccc(=O)oc2cc1OC)OC,1
P3_00251,CC[C@H](COc1cc2oc(=O)ccc2cc1OC)OC,1
P3_00252,COc1cc2oc(=O)ccc2cc1O[C@@H](CC(C)C)C(C)C,0
P3_00253,CCOc1cc2ccc(=O)oc2cc1OCC,0
P3_00254,CC[C@@H](COc1cc2oc(=O)ccc2cc1OC)OC,1
P3_00255,COc1cc2ccc(=O)oc2cc1OCC[C@H](C)OC,1
P3_00256,COc1cc2oc(=O)ccc2cc1OCC[C@@H](C)OC,0
P3_00257,COc1cc2ccc(=O)oc2cc1OCC[C@@H](C)OC,1
P3_00258,COc1cc2ccc(=O)oc2cc1O[C@@H](CC(C)C)C(C)C,0
P3_00259,COc1cc2ccc(=O)oc2cc1O[C@H](CC(C)C)C(C)C,0
P3_00260,CC[C@H](COc1cc2ccc(=O)oc2cc1OC)OC,1
P3_00261,COc1cc2oc(=O)ccc2cc1OC(C(C)C)C(C)C,1
P3_00262,COc1cc2ccc(=O)oc2cc1OC(C(C)C)C(C)C,1
P3_00263,CCO[C@@H](C)COc1cc2ccc(=O)oc2cc1OC,0
P3_00264,CCO[C@H](C)COc1cc2ccc(=O)oc2cc1OC,0
P3_00265,COc1cc2oc(=O)ccc2cc1O,1
P3_00266,COc1cc2ccc(=O)oc2cc1OC(C)C,1
P3_00267,COc1cc2oc(=O)ccc2cc1C(C)=O,0
P3_00268,CCC(CC)Oc1cc2ccc(=O)oc2cc1OC,1
P3_00269,CCC(CC)Oc1cc2oc(=O)ccc2cc1OC,0
P3_00270,CC[C@@H](Oc1cc2ccc(=O)oc2cc1OC)C(C)C,0
P3_00271,CCC(CC)[C@@H](CC)Oc1cc2ccc(=O)oc2cc1OC,1
P3_00272,CCC(CC)[C@H](CC)Oc1cc2ccc(=O)oc2cc1OC,1
P3_00273,CC[C@H](Oc1cc2ccc(=O)oc2cc1OC)C(C)C,0
P3_00274,CCC(CC)[C@@H](CC)Oc1cc2oc(=O)ccc2cc1OC,0
P3_00275,CCC(CC)[C@H](CC)Oc1cc2oc(=O)ccc2cc1OC,0
P3_00276,CC[C@@H](Oc1cc2oc(=O)ccc2cc1OC)C(C)C,1
P3_00277,CC[C@H](Oc1cc2oc(=O)ccc2cc1OC)C(C)C,1
P3_00278,COc1cc2ccc(=O)oc2cc1O[C@@H](C)CC(C)C,1
P3_00279,COCC(COC)Oc1cc2ccc(=O)oc2cc1OC,1
P3_00280,COc1cc2ccc(=O)oc2cc1O[C@H](C)CC(C)C,1
P3_00281,CC[C@H](C)Oc1cc2ccc(=O)oc2cc1OC,1
P3_00282,COc1cc2oc(=O)ccc2cc1O[C@@H](C)CC(C)C,0
P3_00283,CC[C@@H](C)Oc1cc2ccc(=O)oc2cc1OC,1
P3_00284,COc1cc2oc(=O)ccc2cc1O[C@H](C)CC(C)C,0
P3_00285,CC[C@H](C)Oc1cc2oc(=O)ccc2cc1OC,1
P3_00286,CC[C@@H](C)Oc1cc2oc(=O)ccc2cc1OC,1
P3_00287,CC(C)=CCC/C(C)=C\COc1ccc2ccc(=O)oc2c1,1
P3_00288,CC(C)=CCC/C(C)=C/COc1ccc2ccc(=O)oc2c1,1
P3_00289,C=CC[C@@H](Oc1cc2oc(=O)ccc2cc1OC)C(C)C,1
P3_00290,C=CC[C@H](Oc1cc2ccc(=O)oc2cc1OC)C(C)C,1
P3_00291,C=CC[C@@H](Oc1cc2ccc(=O)oc2cc1OC)C(C)C,1
P3_00292,C=CC[C@H](Oc1cc2oc(=O)ccc2cc1OC)C(C)C,1
P3_00293,COc1cc2ccc(=O)oc2cc1O[C@H](C)C(C)C,1
P3_00294,COc1cc2oc(=O)ccc2cc1O[C@@H](C)C(C)C,1
P3_00295,COc1cc2oc(=O)ccc2cc1O[C@H](C)C(C)C,1
P3_00296,COc1cc2ccc(=O)oc2cc1O[C@@H](C)C(C)C,1
P3_00297,C=CC[C@@H](C)Oc1cc2ccc(=O)oc2cc1OC,1
P3_00298,COc1cc2oc(=O)ccc2cc1O[C@H](C)CC(C)(C)OC,1
P3_00299,COc1cc2oc(=O)ccc2cc1O[C@@H](C)CC(C)(C)OC,1
P3_00300,C=C[C@@H](CC)Oc1cc2ccc(=O)oc2cc1OC,1
P3_00301,COC/C(C)=C\COc1ccc2ccc(=O)oc2c1,1
P3_00302,C=CC[C@@H](C)Oc1cc2oc(=O)ccc2cc1OC,1
P3_00303,COC/C(C)=C/COc1ccc2ccc(=O)oc2c1,1
P3_00304,C=C[C@H](CC)Oc1cc2ccc(=O)oc2cc1OC,1
P3_00305,CC(C)=CCc1cc2ccc(=O)oc2cc1O,1
P3_00306,CCC[C@H](C)Oc1cc2oc(=O)ccc2cc1OC,1
P3_00307,CC[C@@H](C)[C@H](C)Oc1cc2ccc(=O)oc2cc1OC,0
P3_00308,CC[C@H](C)[C@@H](C)Oc1cc2ccc(=O)oc2cc1OC,0
P3_00309,CC[C@@H](C)[C@@H](C)Oc1cc2ccc(=O)oc2cc1OC,0
P3_00310,CC[C@@H](C)[C@H](C)Oc1cc2oc(=O)ccc2cc1OC,0
P3_00311,C=CCC(CC=C)Oc1cc2ccc(=O)oc2cc1OC,1
P3_00312,C=C[C@@H](CC)Oc1cc2oc(=O)ccc2cc1OC,1
P3_00313,C=C[C@H](CC)Oc1cc2oc(=O)ccc2cc1OC,1
P3_00314,COc1cc2ccc(=O)oc2cc1O[C@H](C)CC(C)(C)OC,1
P3_00315,COc1cc2ccc(=O)oc2cc1O[C@@H](C)CC(C)(C)OC,1
P3_00316,CCC[C@H](C)Oc1cc2ccc(=O)oc2cc1OC,1
P3_00317,CC[C@H](C)[C@H](C)Oc1cc2ccc(=O)oc2cc1OC,0
P3_00318,CCC[C@@H](C)Oc1cc2ccc(=O)oc2cc1OC,1
P3_00319,CCCc1cc2ccc(=O)oc2cc1OC,1
P3_00320,CC[C@H](COC)Oc1cc2ccc(=O)oc2cc1OC,1
P3_00321,CC[C@@H](COC)Oc1cc2ccc(=O)oc2cc1OC,1
P3_00322,CCC[C@@H](CC)Oc1cc2ccc(=O)oc2cc1OC,1
P3_00323,CCC[C@H](CC)Oc1cc2ccc(=O)oc2cc1OC,1
P3_00324,CCC[C@@H](C)[C@H](CC)Oc1cc2ccc(=O)oc2cc1OC,1
P3_00325,CCC[C@H](C)[C@H](CC)Oc1cc2ccc(=O)oc2cc1OC,1
P3_00326,CCC[C@@H](C)[C@@H](CC)Oc1cc2ccc(=O)oc2cc1OC,1
P3_00327,CCC[C@H](Oc1cc2ccc(=O)oc2cc1OC)[C@@H](C)CC,1
P3_00328,CCC[C@@H](Oc1cc2ccc(=O)oc2cc1OC)[C@@H](C)CC,1
P3_00329,C=C[C@H](CCC)Oc1cc2ccc(=O)oc2cc1OC,1
P3_00330,C=C[C@@H](CCC)Oc1cc2ccc(=O)oc2cc1OC,1
P3_00331,CCC[C@H](Oc1cc2ccc(=O)oc2cc1OC)[C@H](C)CC,1
P3_00332,CCC[C@@H](Oc1cc2ccc(=O)oc2cc1OC)[C@H](C)CC,1
P3_00333,CCC[C@@H](C)Oc1cc2oc(=O)ccc2cc1OC,1
P3_00334,CC(C)=CCOc1cc2oc(=O)cc(C)c2cc1Cl,1
P3_00335,COc1cc2ccc(=O)oc2cc1O[C@@H](C)C(F)(F)F,0
P3_00336,COc1cc2ccc(=O)oc2cc1O[C@H](C)C(F)(F)F,0
P3_00337,COc1cc2oc(=O)ccc2cc1O[C@H](C)C(F)(F)F,1
P3_00338,COc1cc2oc(=O)ccc2cc1O[C@@H](C)C(F)(F)F,1
P3_00339,CCOC[C@@H](C)Oc1cc2ccc(=O)oc2cc1OC,0
P3_00340,CCOC[C@H](C)Oc1cc2ccc(=O)oc2cc1OC,0
P3_00341,CCc1cc(=O)oc2cc(OCC=C(C)C)ccc12,1
P3_00342,Cc1cc2ccc(=O)oc2cc1OC[C@@H](O)C(C)(C)O,1
P3_00343,COc1cc(O[C@H](C)C(C)C)cc2oc(=O)ccc12,0
P3_00344,COc1cc(O[C@@H](C)C(C)C)cc2oc(=O)ccc12,0
P3_00345,CCOc1cc2oc(=O)cc(C)c2cc1OCC,0
P3_00346,C=CCOc1cc2oc(=O)cc(C)c2cc1CC,1
P3_00347,COC(=O)COc1cc2oc(=O)cc(C)c2cc1Cl,1
P3_00348,COc1cc2oc(=O)cc(C)c2cc1CCC(=O)[O-],1
P3_00349,C=C(C)COc1cc2oc(=O)cc(CC)c2cc1Cl,1
P3_00350,COCC(=O)COc1cc2oc(=O)cc(C)c2cc1Cl,1
P3_00351,CC(Cl)=CCOc1ccc2ccc(=O)oc2c1,1
P3_00352,COc1ccc2ccc(=O)oc2c1CC=C(C)C,1
P3_00353,COc1cc2ccc(=O)oc2cc1O[C@@H](C)CCCC(C)C,0
P3_00354,COc1cc2ccc(=O)oc2cc1O[C@H](C)CCCC(C)C,0
P3_00355,COc1cc2ccc(=O)oc2cc1O[C@@H](C)C(=O)OCCC(C)C,1
P3_00356,C=CCC[C@H](CC)Oc1cc2ccc(=O)oc2cc1OC,1
P3_00357,COc1cc2ccc(=O)oc2cc1O[C@H](C)C(=O)OCCC(C)C,1
P3_00358,C=CCC[C@@H](CC)Oc1cc2ccc(=O)oc2cc1OC,1
P3_00359,C=CC[C@H](CCC)Oc1cc2ccc(=O)oc2cc1OC,1
P3_00360,C=CC[C@@H](CCC)Oc1cc2ccc(=O)oc2cc1OC,1
P3_00361,COc1cc2ccc(=O)oc2cc1O[C@H](C)COC(C)(C)C,0
P3_00362,COc1cc2ccc(=O)oc2cc1O[C@@H](C)COC(C)(C)C,0
P3_00363,COc1cc2ccc(=O)oc2cc1O[C@@H](C)CC(=O)OC(C)(C)C,1
P3_00364,CC(C)=CCOc1ccc2c(C)cc(=O)oc2c1,1
P3_00365,COc1cc2cc(CC=C(C)C)c(=O)oc2cc1O,1
P3_00366,COc1cc2ccc(=O)oc2c(O[C@H](C)CCC=C(C)C)c1[O-],0
P3_00367,COc1cc2ccc(=O)oc2c(O[C@@H](C)CCC=C(C)C)c1[O-],0
P3_00368,CCc1cc(=O)oc2c(C)c(OCC=C(C)C)ccc12,1
P3_00369,C=C(C)COc1ccc2ccc(=O)oc2c1,1
P3_00370,COc1cc2ccc(=O)oc2c(C(C)=O)c1OC,1
P3_00371,CCCc1cc(=O)oc2cc(OCC=C(C)C)ccc12,1
P3_00372,COc1cc2ccc(=O)oc2c(O)c1OC,1
P3_00373,COc1cc2ccc(=O)oc2c(OC)c1O,1
P3_00374,CCOc1ccc2ccc(=O)oc2c1,1
P3_00375,COc1cc2ccc(=O)oc2c(OC)c1OC,0
P3_00376,C=C(C)CCOc1ccc2ccc(=O)oc2c1,1
P3_00377,CCCCc1cc(=O)oc2cc(OCC=C(C)C)ccc12,1
P3_00378,C[C@H](O)COc1ccc2ccc(=O)oc2c1,1
P3_00379,C[C@@H](O)COc1ccc2ccc(=O)oc2c1,1
P3_00380,COc1cc2ccc(=O)oc2c(OC[C@@H](C)OC)c1O,1
P3_00381,CCCOc1ccc2ccc(=O)oc2c1,1
P3_00382,Cc1ccc(Nc2cc(C)nc3nc(C(F)(F)F)nn23)cc1,1
P3_00383,Cc1cc(Nc2ccc(F)cc2)n2nc(C(F)(F)F)nc2n1,1
P3_00384,Cc1cc(Nc2ccccc2)n2nc(C(F)(F)F)nc2n1,1
P3_00385,Cc1cc(Nc2ccc(OC(C)(C)C)cc2)n2nc(C(F)(F)F)nc2n1,1
P3_00386,CSc1ccc(Nc2cc(C)nc3nc(C(F)(F)F)nn23)cc1,1
P3_00387,Cc1cc(Nc2ccc(C(C)C)cc2)n2nc(C(F)(F)F)nc2n1,1
P3_00388,COc1ccc(Nc2cc(C)nc3nc(C(F)(F)F)nn23)cc1,1
P3_00389,C#Cc1ccc(Nc2cc(C)nc3nc(C(F)(F)F)nn23)cc1,1
P3_00390,CC(=O)Nc1ccc(Nc2cc(C)nc3nc(C(F)(F)F)nn23)cc1,0
P3_00391,Cc1cc(Nc2ccc(F)c(C)c2)n2nc(C(F)(F)F)nc2n1,1
P3_00392,Cc1cc(Nc2ccc(C)c(F)c2)n2nc(C(F)(F)F)nc2n1,1
P3_00393,Cc1cc(Nc2ccc(OC(C)C)cc2)n2nc(C(F)(F)F)nc2n1,1
P3_00394,COCc1ccc(Nc2cc(C)nc3nc(C(F)(F)F)nn23)cc1,1
P3_00395,COC(=O)Nc1ccc(Nc2cc(C)nc3nc(C(F)(F)F)nn23)cc1,1
P3_00396,Cc1cccc(Nc2cc(C)nc3nc(C(F)(F)F)nn23)c1,1
P3_00397,COc1ccc(Nc2cc(C)nc3nc(C(F)(F)F)nn23)cc1OC,1
P3_00398,Cc1cc(Nc2ccc(NC(=O)C(C)C)cc2)n2nc(C(F)(F)F)nc2n1,1
P3_00399,CCOCc1ccc(Nc2cc(C)nc3nc(C(F)(F)F)nn23)cc1,1
P3_00400,COCCOc1ccc(Nc2cc(C)nc3nc(C(F)(F)F)nn23)cc1,1
P3_00401,Cc1cc(Nc2ccc(CCC#N)cc2)n2nc(C(F)(F)F)nc2n1,1
P3_00402,Cc1cc(Nc2ccc(COC(C)C)cc2)n2nc(C(F)(F)F)nc2n1,1
P3_00403,Cc1cc(Nc2cccc(Cl)c2)n2nc(C(F)(F)F)nc2n1,1
P3_00404,COc1cc(Nc2cc(C)nc3nc(C(F)(F)F)nn23)ccc1F,1
P3_00405,CCc1ccc(Nc2cc(C)nc3nc(C(F)(F)F)nn23)cc1F,1
P3_00406,CCc1cc(Nc2cc(C)nc3nc(C(F)(F)F)nn23)ccc1F,1
P3_00407,CCOc1ccc(Nc2cc(C)nc3nc(C(F)(F)F)nn23)cc1OCC,1
P3_00408,Cc1cc(Nc2cccc(C(C)C)c2)n2nc(C(F)(F)F)nc2n1,1
P3_00409,CCc1cccc(Nc2cc(C)nc3nc(C(F)(F)F)nn23)c1,1
P3_00410,COc1cccc(Nc2cc(C)nc3nc(C(F)(F)F)nn23)c1,1
P3_00411,Cc1cc(Nc2ccc(C(C)(F)F)cc2)n2ncnc2n1,1
P3_00412,COCc1cccc(Nc2cc(C)nc3nc(C(F)(F)F)nn23)c1,1
P3_00413,Cc1cc(Nc2cc(F)cc(N(C)C)c2)n2nc(C(F)(F)F)nc2n1,1
P3_00414,COc1cc(F)cc(Nc2cc(C)nc3nc(C(F)(F)F)nn23)c1,1
P3_00415,Cc1cc(Nc2cccc(OCC(C)C)c2)n2nc(C(F)(F)F)nc2n1,1
P3_00416,Cc1cc(Nc2ccc(C(C)(C)C(F)(F)F)cc2)n2ncnc2n1,1
P3_00417,Cc1cc(Nc2ccc(C(F)(F)F)cc2)n2ncnc2n1,1
P3_00418,Cc1cc(Nc2ccc(C(C)(C)C)cc2)n2ncnc2n1,1
P3_00419,Cc1cc(Nc2ccc(CC(F)(F)F)cc2)n2ncnc2n1,1
P3_00420,Cc1cc(Nc2ccc(CCC(F)(F)F)cc2)n2ncnc2n1,0
P3_00421,Cc1cc(Nc2ccc(OC(C)(C)C)cc2)n2ncnc2n1,1
P3_00422,Cc1cc(Nc2ccc(C)c(C(F)(F)F)c2)n2ncnc2n1,1
P3_00423,CCC(C)(C)c1ccc(Nc2cc(C)nc3ncnn23)cc1,1
P3_00424,Cc1cc(Nc2ccc(C(F)(F)F)c(F)c2)n2ncnc2n1,1
P3_00425,Cc1cc(Nc2ccc(F)c(C(F)(F)F)c2)n2ncnc2n1,1
P3_00426,Cc1cc(Nc2ccc(C(C)(C)C)c(F)c2)n2ncnc2n1,1
P3_00427,Cc1cc(Nc2ccc(Cl)c(C(F)(F)F)c2)n2ncnc2n1,1
P3_00428,Cc1cc(Nc2ccc(C(F)(F)F)c(Cl)c2)n2ncnc2n1,1
P3_00429,Cc1cc(Nc2ccc(C(C)C)cc2)n2ncnc2n1,1
P3_00430,Cc1cc(Nc2cccc(C(C)(C)C)c2)n2ncnc2n1,1
P3_00431,Cc1ccc(Nc2cc(C(F)(F)F)nc3ncnn23)cc1,0
P3_00432,CC(=O)c1sc(NC(=O)Nc2cc(C)ccc2C)nc1C,1
P3_00433,CC(=O)c1sc(NC(=O)Nc2ccccc2Cl)nc1C,1
P3_00434,Cc1cc(O)ccc1NC(=O)Nc1nc(C)c(C)s1,0
P3_00435,CC(=O)c1sc(NC(=O)Nc2cccc(Cl)c2Cl)nc1C,0
P3_00436,CCOC(=O)c1sc(NC(=O)Nc2cc(C)ccc2C)nc1C,0
P3_00437,CCc1sc(NC(=O)Nc2ccc(O)cc2C)nc1C,1
P3_00438,CC(=O)c1sc(NC(=O)Nc2cccc(Cl)c2)nc1C,1
P3_00439,CCOC(=O)c1nc(NC(=O)Nc2ccc(C)cc2C)sc1C,0
P3_00440,CC(=O)c1nc(NC(=O)Nc2cc(C)ccc2C)sc1C,0
P3_00441,Cc1ccccc1NC(=O)Nc1nc(C)c(C)s1,0
P3_00442,Cc1cc(O)ccc1NC(=O)Nc1nc(C(C)C)c(C)s1,1
P3_00443,CCc1nc(NC(=O)Nc2ccc(O)cc2C)sc1C,0
P3_00444,Cc1cc(NC(=O)Nc2nc(C)c(C)s2)c(C)cc1O,0
P3_00445,CCOC(=O)c1sc(NC(=O)Nc2cc(C)c(OC)cc2C)nc1C,0
P3_00446,COC(=O)c1sc(NC(=O)Nc2ccccc2Br)nc1C,0
P3_00447,COC(=O)c1sc(NC(=O)Nc2ccccc2F)nc1C,0
P3_00448,COC(=O)c1sc(NC(=O)Nc2ccccc2OC)nc1C,1
P3_00449,Cc1cccc(NC(=O)Nc2nc(C)c(C)s2)c1C,1
P3_00450,Cc1nc(NC(=O)Nc2ccccc2)sc1C(=O)[O-],1
P3_00451,CCc1sc(NC(=O)Nc2cc(C)c(O)cc2C)nc1C,0
P3_00452,CCOC(=O)c1nc(NC(=O)Nc2ccc(OC)cc2C)sc1C,1
P3_00453,CCOC(=O)c1sc(NC(=O)Nc2ccccc2Br)nc1C,0
P3_00454,COc1ccc(NC(=O)Nc2nc(C(C)=O)c(C)s2)c(OC)c1,1
P3_00455,Cc1cc(O)ccc1NC(=O)Nc1ncc(C(C)C)s1,0
P3_00456,CCc1csc(NC(=O)Nc2ccc(O)cc2C)n1,0
P3_00457,CCc1cnc(NC(=O)Nc2ccc(O)cc2C)s1,0
P3_00458,Cc1cc(O)ccc1NC(=O)Nc1nc(C(C)C)cs1,0
P3_00459,CC(=O)c1nc(NC(=O)Nc2ccc(C)cc2)sc1C,1
P3_00460,COCc1cnc(NC(=O)Nc2cc(C)ccc2C)s1,0
P3_00461,CCc1sc(NC(=O)Nc2cc(F)c(O)cc2C)nc1C,0
P3_00462,CCCc1cnc(NC(=O)Nc2ccc(O)cc2C)s1,0
P3_00463,CCCc1csc(NC(=O)Nc2ccc(O)cc2C)n1,0
P3_00464,Cc1csc(NC(=O)Nc2ccc(N(C)C)cc2C)n1,0
P3_00465,CCOC(=O)c1sc(NC(=O)Nc2ccc(C)c(OCC)c2)nc1C,0
P3_00466,CCc1cc(O)ccc1NC(=O)Nc1nc(CC)c(C)s1,0
P3_00467,Cc1nc(NC(=O)Nc2cccc(F)c2C)sc1C,0
P3_00468,CCOC(=O)c1sc(NC(=O)Nc2cccc(CC)c2)nc1C,1
P3_00469,CCCc1cnc(NC(=O)Nc2cc(C)ccc2C)s1,0
P3_00470,CCc1nc(NC(=O)Nc2cc(C)c(O)cc2C)sc1C,0
P3_00471,CCc1sc(NC(=O)Nc2ccc(O)cc2)nc1C,0
P3_00472,CCc1cc(O)ccc1NC(=O)Nc1nc(C(C)C)c(C)s1,1
P3_00473,CCc1nc(NC(=O)Nc2ccc(O)cc2OC)sc1C,1
P3_00474,CCc1nc(NC(=O)Nc2ccc(OC)cc2OC)sc1C,0
P3_00475,CCc1sc(NC(=O)Nc2cc(C)c(O)c(C)c2)nc1C,1
P3_00476,COCCc1cnc(NC(=O)Nc2cc(C)ccc2C)s1,0
P3_00477,CCOC(=O)c1nc(NC(=O)Nc2ccccc2C)sc1C,0
P3_00478,COc1ccc(NC(=O)Nc2nc(C(C)=O)c(C)s2)cc1,1
P3_00479,CCc1nc(NC(=O)Nc2cc(C)c(OC)cc2C)sc1C,0
P3_00480,COc1cccc(NC(=O)Nc2nc(C(C)=O)c(C)s2)c1,1
P3_00481,CCc1nc(NC(=O)Nc2ccc(C)cc2)sc1C,0
P3_00482,CCc1sc(NC(=O)Nc2ccc(C)c(OC)c2)nc1C,1
P3_00483,CCc1nc(NC(=O)Nc2cc(C)c(O)c(C)c2C)sc1C,0
P3_00484,COCc1cnc(NC(=O)Nc2ccccc2C)s1,0
P3_00485,COCc1csc(NC(=O)Nc2ccccc2C)n1,0
P3_00486,CCc1cnc(NC(=O)Nc2ccccc2C)s1,0
P3_00487,COCc1csc(NC(=O)Nc2cc(C)c(O)cc2C)n1,0
P3_00488,Cc1cc(NC(=O)Nc2nc(C(C)C)cs2)c(C)cc1O,0
P3_00489,CCc1cnc(NC(=O)Nc2cc(C)c(O)cc2C)s1,0
P3_00490,Cc1cc(NC(=O)Nc2ncc(C(C)C)s2)c(C)cc1O,0
P3_00491,CCCc1csc(NC(=O)Nc2ccccc2C)n1,1
P3_00492,CCc1csc(NC(=O)Nc2cc(C)c(O)cc2C)n1,0
P3_00493,Cc1sc(NC(=O)Nc2ccc(O)cc2)nc1C(C)C,1
P3_00494,COc1cc(C)c(NC(=O)Nc2ncc(C(C)C)s2)cc1OC,0
P3_00495,CCCc1cnc(NC(=O)Nc2cc(C)c(O)cc2C)s1,0
P3_00496,COCc1cnc(NC(=O)Nc2cc(F)c(O)cc2C)s1,0
P3_00497,COc1cc(C)c(NC(=O)Nc2ncc(C(C)C)s2)cc1C,0
P3_00498,CCCc1csc(NC(=O)Nc2ccc(O)cc2CC)n1,1
P3_00499,COc1cc(NC(=O)Nc2ncc(C(C)C)s2)c(C)cc1C,0
P3_00500,CCc1csc(NC(=O)Nc2cc(C)c(OC)cc2C)n1,0
P3_00501,COc1cc(C)c(NC(=O)Nc2ncc(C(F)(F)F)s2)cc1OC,0
P3_00502,COc1ccc(NC(=O)Nc2nc(C(C)C)c(C)s2)cc1,1
P3_00503,COCc1csc(NC(=O)Nc2cc(C)c(O)c(C)c2C)n1,0
P3_00504,COCc1cnc(NC(=O)Nc2cc(C)c(O)c(C)c2C)s1,0
P3_00505,CCOC(=O)c1nc(NC(=O)Nc2ccccc2Cl)sc1C,1
P3_00506,COc1ccc(NC(=O)Nc2ncc(C(C)C)s2)c(OC)c1,1
P3_00507,COc1ccc(NC(=O)Nc2ncc(C(N)=O)s2)c(OC)c1,0
P3_00508,CCCc1csc(NC(=O)Nc2cc(C)c(OC)cc2C)n1,0
P3_00509,CCc1csc(NC(=O)Nc2cc(C)c(O)c(C)c2C)n1,0
P3_00510,COc1cnc(NC(=O)Nc2cc(C(C)C)c(O)cc2C)s1,0
P3_00511,COCCc1cnc(NC(=O)Nc2cc(C)c(O)cc2C)s1,0
P3_00512,CCCc1cnc(NC(=O)Nc2cc(OC)c(C)cc2C)s1,0
P3_00513,CCCc1cnc(NC(=O)Nc2cccc(C)c2C)s1,0
P3_00514,CCn1c(SCC(=O)Nc2ccccc2Cl)nc2ccccc2c1=O,1
P3_00515,CCn1c(SCC(=O)Nc2ccccc2F)nc2ccccc2c1=O,1
P3_00516,CCn1c(SCC(=O)Nc2ccccc2C)nc2ccccc2c1=O,1
P3_00517,CCn1c(SCC(=O)Nc2ccc(F)cc2F)nc2ccccc2c1=O,1
P3_00518,CCn1c(SCC(=O)Nc2cc(F)ccc2F)nc2ccccc2c1=O,1
P3_00519,CCn1c(SCC(=O)Nc2ccc(C)cc2F)nc2ccccc2c1=O,1
P3_00520,CCn1c(SCC(=O)Nc2cc(C)cc(C)c2)nc2ccccc2c1=O,1
P3_00521,CCn1c(SCC(=O)Nc2ccc(Cl)cc2)nc2ccccc2c1=O,1
P3_00522,CCn1c(SCC(=O)Nc2cc(C)ccc2C)nc2ccccc2c1=O,1
P3_00523,CCn1c(SCC(=O)Nc2cccc(Cl)c2)nc2ccccc2c1=O,1
P3_00524,CCn1c(SCC(=O)Nc2cccc(C)c2C)nc2ccccc2c1=O,1
P3_00525,Cn1c(SCC(=O)Nc2cc(Cl)ccc2Cl)nc2ccccc2c1=O,1
P3_00526,CCn1c(SCC(=O)Nc2ccc(F)cc2)nc2ccccc2c1=O,1
P3_00527,CCn1c(SCC(=O)Nc2ccc(F)c(F)c2)nc2ccccc2c1=O,1
P3_00528,CCn1c(SCC(=O)Nc2ccc(C)cc2)nc2ccccc2c1=O,1
P3_00529,CCn1c(SCC(=O)Nc2cc(C)ccc2OC)nc2ccccc2c1=O,1
P3_00530,CCn1c(SCC(=O)Nc2cc(F)cc(F)c2)nc2ccccc2c1=O,1
P3_00531,CCn1c(SCC(=O)Nc2cc(F)ccc2C)nc2ccccc2c1=O,1
P3_00532,CCn1c(SCC(=O)Nc2cc(C)ccc2F)nc2ccccc2c1=O,1
P3_00533,CCn1c(SCC(=O)Nc2ccccc2)nc2ccccc2c1=O,1
P3_00534,CCn1c(SCC(=O)Nc2ccc(C)cc2C)nc2ccccc2c1=O,1
P3_00535,Cn1c(SCC(=O)Nc2cccc(C(F)(F)F)c2)nc2ccccc2c1=O,1
P3_00536,CCCn1c(SCC(=O)Nc2cc(F)cc(F)c2)nc2ccccc2c1=O,1
P3_00537,CCn1c(SCC(=O)Nc2c(F)cccc2F)nc2ccccc2c1=O,1
P3_00538,CCCc1c(C)[nH]c2c(OC)cccc2c1=O,0
P3_00539,CCc1c(C)[nH]c2c(OC)cccc2c1=O,0
P3_00540,COc1cccc2c(=O)c(CCC(C)=O)c(C)[nH]c12,1
P3_00541,CCCCc1c(C)[nH]c2c(C)cccc2c1=O,1
P3_00542,COc1cccc2c(=O)c(CCC(=O)[O-])c(C)[nH]c12,1
P3_00543,CC[NH+](CC)Cc1c(C)[nH]c2c(OC)cccc2c1=O,1
P3_00544,CCCCc1c(C)[nH]c2c(Cl)cccc2c1=O,1
P3_00545,C=CCc1c(C)[nH]c2c(OC)cccc2c1=O,0
P3_00546,COc1cccc2c(=O)c(C[NH2+]C(C)C)c(C)[nH]c12,1
P3_00547,COc1cccc2c(=O)c(C)c(C)[nH]c12,1
P3_00548,COc1cccc2c(=O)c(CC=C(Cl)Cl)c(C)[nH]c12,1
P3_00549,COc1cccc2c(=O)c(C/C=C(/C)Cl)c(C)[nH]c12,1
P3_00550,CCc1[nH]c2c(OC)cccc2c(=O)c1CC,0
P3_00551,COc1cccc2c(=O)c(Br)c(C)[nH]c12,1
P3_00552,CCc1c([O-])[nH]c2c(OC)cccc2c1=O,0
P3_00553,CCc1c(O)[nH]c2c(OC)cccc2c1=O,1
P3_00554,CCCCc1c(C)[nH]c2ccccc2c1=O,1
P3_00555,CCCc1c(C)[nH]c2c(Cl)cccc2c1=O,1
P3_00556,CCCc1c(C)[nH]c2c(Br)cccc2c1=O,0
P3_00557,CCc1[nH]c2c(OC)cccc2c(=O)c1C,1
P3_00558,CCc1c(C(C)C)[nH]c2c(OC)cccc2c1=O,0
P3_00559,CCCCc1c(C)[nH]c2ccc(OC)cc2c1=O,1
P3_00560,CCCc1cc(=O)c2cccc(OC)c2[nH]1,1
P3_00561,CCc1c(C)[nH]c2c(C)cccc2c1=O,1
P3_00562,CCc1c(C)[nH]c2c(CC)cccc2c1=O,0
P3_00563,CCc1[nH]c2c(OC)cccc2c(=O)c1C(C)C,0
P3_00564,COc1cccc2c(C)c(CCC(C)=O)c(=O)[nH]c12,0
P3_00565,CCc1c([O-])c2cccc(OC)c2[nH]c1=O,1
P3_00566,CCc1c(C)[nH]c2c(I)cccc2c1=O,1
P3_00567,CCc1c(C)[nH]c2c(O)cccc2c1=O,1
P3_00568,CCc1c(C)[nH]c2c(Cl)cccc2c1=O,1
P3_00569,CCCC[N@@H+](C)Cc1c(C)[nH]c2c(OC)cc(OC)cc2c1=O,1
P3_00570,CCCC[N@H+](C)Cc1c(C)[nH]c2c(OC)cc(OC)cc2c1=O,1
P3_00571,CCCCCCCc1c(C)[nH]c2cc(OC)ccc2c1=O,1
P3_00572,CCCCc1c(C)[nH]c2ccc(C)cc2c1=O,1
P3_00573,CCCC[N@@H+](CC)Cc1c(C)[nH]c2c(OC)ccc(OC)c2c1=O,1
P3_00574,CCCC[N@H+](CC)Cc1c(C)[nH]c2c(OC)ccc(OC)c2c1=O,1
P3_00575,CCc1c(C)[nH]c2cccc(OC)c2c1=O,0
P3_00576,CCCCc1c(C)[nH]c2ccc(Br)cc2c1=O,1
P3_00577,COc1cccc2c([O-])c(C)c(=O)[nH]c12,1
P3_00578,CCCCc1c(C)c2cccc(C)c2[nH]c1=O,1
P3_00579,CCCc1c(C)[nH]c2ccc(OC)cc2c1=O,1
P3_00580,CCCC[N@@H+](CC)Cc1c(C)[nH]c2c(OC)ccc(Cl)c2c1=O,1
P3_00581,CCCC[N@H+](CC)Cc1c(C)[nH]c2c(OC)ccc(Cl)c2c1=O,1
P3_00582,CCCCc1c(O)[nH]c2ccc(OC)cc2c1=O,1
P3_00583,CCCCc1c([O-])[nH]c2ccc(OC)cc2c1=O,0
P3_00584,COc1cccc2c(C)cc(=S)[nH]c12,1
P3_00585,CCc1[nH]c2c(C)cccc2c(=O)c1CC,1
P3_00586,CCCCCc1cccc2[nH]c(=O)c(OC)cc12,1
P3_00587,CCCc1c(C)c2cccc(C)c2[nH]c1=O,1
P3_00588,CCCc1c(C)[nH]c2ccc(C)cc2c1=O,1
P3_00589,CCCCC(=O)NCCc1cc2c(OC)ccc(OC)c2[nH]c1=O,0
P3_00590,CCCC[NH+](CCCC)Cc1c(C)[nH]c2ccc(OC)cc2c1=O,1
P3_00591,CCCC[NH+](CCCC)Cc1c(C)[nH]c2cc(OC)ccc2c1=O,1
P3_00592,CCCC[N@H+](C)Cc1c(C)[nH]c2ccc(OC)cc2c1=O,1
P3_00593,CCCC[N@@H+](C)Cc1c(C)[nH]c2ccc(OC)cc2c1=O,1
P3_00594,CCc1[nH]c2cccc(OC)c2c(=O)c1C,0
P3_00595,CCc1c(C)[nH]c2ccc(OC)cc2c1=O,1
P3_00596,CCc1[nH]c2cccc(OC)c2c(=O)c1CC,0
P3_00597,CCc1c(C)[nH]c2cc(OC)ccc2c1=O,1
P3_00598,CCCCn1cc(C(=O)OCC)c(=O)c2cccc(OC)c21,1
P3_00599,CCCC[N@H+](CC)Cc1c(C)[nH]c2ccc(OC)cc2c1=O,1
P3_00600,CCCC[N@@H+](CC)Cc1c(C)[nH]c2ccc(OC)cc2c1=O,1
P3_00601,CCCCc1c([O-])c2cc(OC)ccc2[nH]c1=O,1
P3_00602,CCc1[nH]c2c(Cl)cccc2c(=O)c1CC,1
P3_00603,COc1ccc2[nH]c(C)c(CCC(C)=O)c(=O)c2c1,0
P3_00604,CCCS(=O)(=O)NCCc1cc2c(OC)ccc(OC)c2[nH]c1=O,1
P3_00605,CCn1c(C)cc(=O)c2cccc(OC)c21,0
P3_00606,CCCCCc1ccc2c(OC)cc(=O)[nH]c2c1,1
P3_00607,CCc1c(C(C)C)[nH]c2cccc(OC)c2c1=O,0
P3_00608,COc1ccc2[nH]c(C)c(CCC(=O)[O-])c(=O)c2c1,1
P3_00609,CCc1[nH]c2c(C)cccc2c(=O)c1C,1
P3_00610,CCc1[nH]c2c(CC)cccc2c(=O)c1C,1
P3_00611,CCCCCCCc1c(C)c2ccc(OC)cc2[nH]c1=O,1
P3_00612,CCCCc1c([O-])[nH]c2cc(Cl)c(Cl)cc2c1=O,1
P3_00613,CCCCn1c(=O)c(OC)cc2c(Br)cccc21,1
P3_00614,CC[NH+](CC)Cc1c(C)[nH]c2ccc(OC)cc2c1=O,1
P3_00615,CCc1[nH]c2c(Br)cccc2c(=O)c1C,1
P3_00616,CCc1[nH]c2c(Cl)cccc2c(=O)c1C,1
P3_00617,COc1cccc2[nH]c([O-])c(C)c(=O)c12,1
P3_00618,CCc1[nH]c2c(F)cccc2c(=O)c1C,0
P3_00619,CCCCc1c(C)c2cc(C)ccc2[nH]c1=O,0
P3_00620,CCc1[nH]c2c(O)cccc2c(=O)c1C,1
P3_00621,CCCCCn1c(=O)c(OC)cc2c(Br)cccc21,1
P3_00622,CCc1[nH]c2cccc(OC)c2c(=O)c1C(C)C,1
P3_00623,CCCC[N@@H+](C)Cc1c(C)[nH]c2ccc(OCC)cc2c1=O,1
P3_00624,CCCC[N@H+](C)Cc1c(C)[nH]c2ccc(OCC)cc2c1=O,1
P3_00625,CCc1c(C)[nH]c2cccc(CC)c2c1=O,1
P3_00626,C=CCc1c(C)[nH]c2ccc(OC)cc2c1=O,1
P3_00627,CCOc1ccc2[nH]c(C)c(CCC(C)=O)c(=O)c2c1,0
P3_00628,CCCC[N@@H+](CC)Cc1c(C)[nH]c2ccc(OCC)cc2c1=O,1
P3_00629,CCCC[N@H+](CC)Cc1c(C)[nH]c2ccc(OCC)cc2c1=O,1
P3_00630,CCOc1ccc2[nH]c(C)c(CC)c(=O)c2c1,1
P3_00631,CCc1c(C)[nH]c2cccc(Br)c2c1=O,1
P3_00632,CCc1[nH]c2ccc(OC)cc2c(=O)c1CC,1
P3_00633,CCc1[nH]c2cc(OC)ccc2c(=O)c1CC,1
P3_00634,CCc1c([O-])[nH]c2ccc(OC)cc2c1=O,1
P3_00635,CCCC[NH+](CCCC)Cc1c(C)[nH]c2c(C)cccc2c1=O,1
P3_00636,CCCC[N@@H+](C)Cc1c(C)[nH]c2c(C)cccc2c1=O,1
P3_00637,CCCC[NH+](CCCC)Cc1c(C)[nH]c2c(CC)cccc2c1=O,0
P3_00638,CCCC[N@H+](C)Cc1c(C)[nH]c2c(C)cccc2c1=O,1
P3_00639,CCc1c(C)[nH]c2c(Br)cccc2c1=O,1
P3_00640,CCCC[N@H+](CC)Cc1c(C)[nH]c2c(C)cccc2c1=O,1
P3_00641,CCCC[N@@H+](CC)Cc1c(C)[nH]c2c(C)cccc2c1=O,1
P3_00642,CCc1c(C)[nH]c2c(F)cccc2c1=O,1
P3_00643,CCCC[N@H+](CC)Cc1c(C)[nH]c2c(CC)cccc2c1=O,1
P3_00644,CCCC[N@@H+](CC)Cc1c(C)[nH]c2c(CC)cccc2c1=O,1
P3_00645,CCCC[N@H+](C)Cc1c(C)[nH]c2c(Cl)cccc2c1=O,1
P3_00646,CCCC[N@@H+](C)Cc1c(C)[nH]c2c(Cl)cccc2c1=O,1
P3_00647,CCCC[N@@H+](CC)Cc1c(C)[nH]c2c(OC)cc(OC)cc2c1=O,1
P3_00648,CCCC[N@H+](CC)Cc1c(C)[nH]c2c(OC)cc(OC)cc2c1=O,1
P3_00649,CCCC[N@H+](CC)Cc1c(C)[nH]c2c(Cl)cccc2c1=O,1
P3_00650,CCCC[N@@H+](CC)Cc1c(C)[nH]c2c(Cl)cccc2c1=O,1
P3_00651,CCC[NH+](CCC)Cc1c(C)[nH]c2c(C)cccc2c1=O,1
P3_00652,CCCN=C(Cl)CCc1c(C)[nH]c2c(C)cccc2c1=O,1
P3_00653,CCC[NH+](CCC)Cc1c(C)[nH]c2c(CC)cccc2c1=O,0
P3_00654,CC[NH+](CC)Cc1c(C)[nH]c2c(C)cccc2c1=O,1
P3_00655,CCCC[NH+](CCCC)Cc1c(C)[nH]c2c(OC)ccc(Cl)c2c1=O,1
P3_00656,CCC[NH+](CCC)Cc1c(C)[nH]c2c(Cl)cccc2c1=O,1
P3_00657,CCCCc1c([O-])[nH]c2ccccc2c1=O,1
P3_00658,CCCCc1c(O)[nH]c2ccccc2c1=O,1
P3_00659,CC[NH+](CC)Cc1c(C)[nH]c2c(Cl)cccc2c1=O,1
P3_00660,C=CCc1c(C)[nH]c2c(C)cccc2c1=O,1
P3_00661,CCCC[NH+](CCCC)Cc1c(C)[nH]c2c(C)c(C)ccc2c1=O,1
P3_00662,C=CCc1c(C)[nH]c2c(Cl)cccc2c1=O,1
P3_00663,CCC[NH+](CCC)Cc1c(C)[nH]c2c(OC)ccc(Cl)c2c1=O,0
P3_00664,CCCC[N@H+](C)Cc1c(C)[nH]c2c(C)c(C)ccc2c1=O,1
P3_00665,CCCC[N@@H+](C)Cc1c(C)[nH]c2c(C)c(C)ccc2c1=O,1
P3_00666,C/C(Cl)=C\Cc1c(C)[nH]c2c(C)cccc2c1=O,1
P3_00667,CCCCOc1c(C)[nH]c2ccccc2c1=O,1
P3_00668,CCCC[N@@H+](CC)Cc1c(C)[nH]c2c(C)c(C)ccc2c1=O,1
P3_00669,CCCC[N@H+](CC)Cc1c(C)[nH]c2c(C)c(C)ccc2c1=O,1
P3_00670,C=CCN(CC=C)Cc1c(C)[nH]c2c(CC)cccc2c1=O,1
P3_00671,CC[NH+](CC)Cc1c(C)[nH]c2c(OC)ccc(Cl)c2c1=O,1
P3_00672,CCCC[N@H+](C)Cc1c(C)[nH]c2c(C)c(Cl)ccc2c1=O,1
P3_00673,CCCC[N@@H+](C)Cc1c(C)[nH]c2c(C)c(Cl)ccc2c1=O,1
P3_00674,CCc1c(C)[nH]c2ccccc2c1=O,1
P3_00675,CCCCCCc1c([O-])[nH]c2ccccc2c1=O,1
P3_00676,CCCCCCCc1c(O)[nH]c2ccccc2c1=O,1
P3_00677,CCCCCCc1c(O)[nH]c2ccccc2c1=O,1
P3_00678,CCCCCOc1c(C)[nH]c2ccccc2c1=O,1
P3_00679,C=CCN(CC=C)Cc1c(C)[nH]c2c(C)cccc2c1=O,1
P3_00680,C=CC[NH+](CC=C)Cc1c(C)[nH]c2c(C)cccc2c1=O,0
P3_00681,CCCCCCOc1c(C)[nH]c2ccccc2c1=O,1
P3_00682,CCCC[N@H+](CC)Cc1c(C)[nH]c2c(C)c(Cl)ccc2c1=O,1
P3_00683,CCCC[N@@H+](CC)Cc1c(C)[nH]c2c(C)c(Cl)ccc2c1=O,1
P3_00684,CCC[NH+](CCC)Cc1c(C)[nH]c2c(C)c(C)ccc2c1=O,1
P3_00685,CC[NH+](CC)Cc1c(C)[nH]c2c(C)c(C)ccc2c1=O,1
P3_00686,CC(=O)CCc1c(C)[nH]c2c(C)cccc2c1=O,0
P3_00687,Cc1[nH]c2c(C)cccc2c(=O)c1CCC(=O)[O-],0
P3_00688,Cc1[nH]c2c(Br)cccc2c(=O)c1CCC(=O)[O-],1
P3_00689,CCCCc1c(C)[nH]c2ccc(C(=O)[O-])cc2c1=O,1
P3_00690,COC(=O)CCc1c(C)[nH]c2ccccc2c1=O,1
P3_00691,Cc1[nH]c2ccccc2c(=O)c1CCC#N,1
P3_00692,CC(=O)CCc1c(C)[nH]c2ccccc2c1=O,1
P3_00693,Cc1[nH]c2ccccc2c(=O)c1CCC(=O)[O-],1
P3_00694,Cc1[nH]c2c(I)cccc2c(=O)c1C,1
P3_00695,CCc1[nH]c2c(O)cccc2c(=O)c1CC,1
P3_00696,CCc1[nH]c2c(Br)cccc2c(=O)c1CC,1
P3_00697,CCc1[nH]c2c(F)cccc2c(=O)c1CC,0
P3_00698,CCc1[nH]c2c(I)cccc2c(=O)c1CC,1
P3_00699,CCCOc1c(C)[nH]c2ccccc2c1=O,1
P3_00700,CC[NH+](CC)Cc1c(C)[nH]c2c(C)c(Cl)ccc2c1=O,1
P3_00701,CCCc1c([O-])[nH]c2ccccc2c1=O,1
P3_00702,CCCc1c(O)[nH]c2ccccc2c1=O,1
P3_00703,COCCCOc1c(C)[nH]c2ccccc2c1=O,1
P3_00704,COCCCCOc1c(C)[nH]c2ccccc2c1=O,1
P3_00705,Cc1[nH]c2c(C)c(Cl)ccc2c(=O)c1C[NH+](C)C,0
P3_00706,CCc1[nH]c2c(I)cccc2c(=O)c1C,1
P3_00707,Cc1[nH]c2c(O)cccc2c(=O)c1C(C)C,1
P3_00708,Cc1[nH]c2c(F)cccc2c(=O)c1C(C)C,1
P3_00709,CCCCc1c([O-])c2ccc(Cl)c(Cl)c2[nH]c1=O,1
P3_00710,CCc1c(C)[nH]c2cccc(C)c2c1=O,0
P3_00711,CCc1c(C)[nH]c2ccc(C)cc2c1=O,1
P3_00712,CCc1c(C)[nH]c2cc(C)ccc2c1=O,1
P3_00713,CCCCc1c(O)c2ccccc2n(C)c1=O,1
P3_00714,CCCCc1c([O-])c2ccccc2n(C)c1=O,1
P3_00715,COCCOc1c(C)[nH]c2ccccc2c1=O,1
P3_00716,Cc1[nH]c2ccccc2c(=O)c1OCCCO,1
P3_00717,CC[NH+](CC)Cc1c(C)[nH]c2c(C)cc(C)cc2c1=O,1
P3_00718,CCOc1c(C)[nH]c2ccccc2c1=O,1
P3_00719,CCCCc1c(O)c2ccccc2n(CC)c1=O,1
P3_00720,CC(=O)CCc1c(C)[nH]c2ccc(C)cc2c1=O,1
P3_00721,Cc1[nH]c2ccccc2c(=O)c1OCCCCF,1
P3_00722,CC(=O)CCc1c(C)c2cccc(C)c2[nH]c1=O,1
P3_00723,CCOCCOc1c(C)[nH]c2ccccc2c1=O,1
P3_00724,CCc1c(C)[nH]c2cc(I)ccc2c1=O,1
P3_00725,CCc1c(C)[nH]c2ccc(Br)cc2c1=O,1
P3_00726,CCc1c(C)[nH]c2cc(Br)ccc2c1=O,1
P3_00727,CCc1c(C)[nH]c2cccc(Cl)c2c1=O,1
P3_00728,COCCN(CCOC)Cc1c(C)[nH]c2c(C)cccc2c1=O,0
P3_00729,COCC[NH+](CCOC)Cc1c(C)[nH]c2c(C)cccc2c1=O,1
P3_00730,CCCCc1c(C)[nH]c2ccc(C(=O)OCC)cc2c1=O,1
P3_00731,COc1cccc2c(=O)c(C)c(C(=O)N[C@H](C)[C@@H](C)OC)[nH]c12,1
P3_00732,COc1cccc2c(=O)c(C)c(C(=O)N[C@@H](C)[C@H](C)OC)[nH]c12,1
P3_00733,COCC[NH+](CCOC)Cc1c(C)[nH]c2c(C)c(C)ccc2c1=O,1
P3_00734,CCCc1c(C)[nH]c2ccc(C(=O)OCC)cc2c1=O,1
P3_00735,CCc1c(C(C)C)[nH]c2c(CC)cccc2c1=O,0
P3_00736,CC[NH+](CC)Cc1c(C)[nH]c2ccccc2c1=O,1
P3_00737,Cc1[nH]c2c(C)cccc2c(=O)c1C(C)C,0
P3_00738,CCCc1c(C)[nH]c2ccc(C(=O)[O-])cc2c1=O,1
P3_00739,CCCc1c(C)[nH]c2ccc(OCCC(C)C)cc2c1=O,1
P3_00740,CCCC[C@H](C)Oc1c(C)[nH]c2ccccc2c1=O,1
P3_00741,CCCC[C@@H](C)Oc1c(C)[nH]c2ccccc2c1=O,1
P3_00742,CCCCOC[C@H](C)Oc1c(C)[nH]c2ccccc2c1=O,1
P3_00743,CCCCOC[C@@H](C)Oc1c(C)[nH]c2ccccc2c1=O,1
P3_00744,CCc1c(C)[nH]c2cc(F)ccc2c1=O,0
P3_00745,CCc1c(C)[nH]c2ccc(F)cc2c1=O,1
P3_00746,COCCCCCOc1c(C)[nH]c2ccccc2c1=O,1
P3_00747,CCC[C@H](Cc1c(C)[nH]c2ccccc2c1=O)C(C)=O,1
P3_00748,CCCc1c(C)[nH]c2ccc(NC(C)=O)cc2c1=O,1
P3_00749,CCC[C@@H](Cc1c(C)[nH]c2ccccc2c1=O)C(C)=O,1
P3_00750,CCCC[N@@H+](C)Cc1c(C)[nH]c2ccc(C(=O)OC)cc2c1=O,1
P3_00751,CCCC[N@H+](C)Cc1c(C)[nH]c2ccc(C(=O)OC)cc2c1=O,1
P3_00752,CCOCCCOc1c(C)[nH]c2ccccc2c1=O,1
P3_00753,CCOC(=O)c1cn(CC)c2c(OC)cccc2c1=O,1
P3_00754,CCCC[N@@H+](C)Cc1c(C)[nH]c2ccc(OCCC)cc2c1=O,1
P3_00755,CCCC[N@H+](C)Cc1c(C)[nH]c2ccc(OCCC)cc2c1=O,1
P3_00756,CCCC[N@@H+](CC)Cc1c(C)[nH]c2ccc(C(=O)OC)cc2c1=O,1
P3_00757,CCCC[N@H+](CC)Cc1c(C)[nH]c2ccc(C(=O)OC)cc2c1=O,1
P3_00758,COc1cccc2[nH]c(C(C)C)c(C)c(=O)c12,1
P3_00759,CC[C@@H](COC)Oc1c(C)[nH]c2ccccc2c1=O,1
P3_00760,CC[C@H](COC)Oc1c(C)[nH]c2ccccc2c1=O,1
P3_00761,CCCC[N@@H+](CC)Cc1c(C)[nH]c2ccc(OCCC)cc2c1=O,1
P3_00762,CCCC[N@H+](CC)Cc1c(C)[nH]c2ccc(OCCC)cc2c1=O,1
P3_00763,CCc1c(C)[nH]c2cc(C(F)(F)F)ccc2c1=O,1
P3_00764,CCc1c(C)[nH]c2ccc(C(F)(F)F)cc2c1=O,1
P3_00765,C/C(Cl)=C/Cc1c(C)[nH]c2ccccc2c1=O,1
P3_00766,CCc1ccc2[nH]c(C)c(CC)c(=O)c2c1,1
P3_00767,COCC(COC)Oc1c(C)[nH]c2ccccc2c1=O,1
P3_00768,CCc1ccc2c(=O)c(CC)c(C)[nH]c2c1,1
P3_00769,CCCC[N@@H+](C)Cc1c(C)[nH]c2ccc(C(=O)OCC)cc2c1=O,1
P3_00770,CCCC[N@H+](C)Cc1c(C)[nH]c2ccc(C(=O)OCC)cc2c1=O,1
P3_00771,COc1cc([C@@H]2CC(=O)c3c(O)cc(O)cc3O2)cc(CC=C(C)C)c1O,1
P3_00772,COc1cc2c(cc1CC=C(C)C)C(=O)C[C@@H](c1ccc(O)cc1)O2,0
P3_00773,COc1cc([C@@H]2CC(=O)c3c(O)cc([O-])cc3O2)cc(CC=C(C)C)c1O,1
P3_00774,CC(C)=CCc1cc2c(cc1O)O[C@H](c1ccc(O)cc1)CC2=O,0
P3_00775,CC(C)=CCc1cc2c(cc1[O-])O[C@H](c1ccc(O)cc1)CC2=O,0
P3_00776,CC(C)=CCc1cc([C@@H]2CC(=O)c3c(O)cc(O)cc3O2)ccc1O,0
P3_00777,COc1ccc2c(c1)O[C@H](c1cc(OC)c(OC)c(OC)c1)CC2=O,0
P3_00778,COc1cc(O)c(CC=C(C)C)c2c1C(=O)C[C@@H](c1ccc(O)cc1)O2,1
P3_00779,CC(C)=CCc1c([O-])cc2c(c1O)C(=O)C[C@@H](c1ccc(O)cc1)O2,1
P3_00780,COc1cc([O-])c(CC=C(C)C)c2c1C(=O)C[C@@H](c1ccc(O)cc1)O2,1
P3_00781,COc1ccc([C@@H]2CC(=O)c3c(cc([O-])c(CC=C(C)C)c3O)O2)cc1,1
P3_00782,CC(C)=CCc1cc([C@@H]2CC(=O)c3c(O)cc([O-])cc3O2)ccc1O,0
P3_00783,CC(C)=CCc1c(O)cc2c(c1O)C(=O)C[C@@H](c1ccc(O)cc1)O2,1
P3_00784,CC(C)=CCc1c(O)ccc2c1O[C@H](c1ccc(O)cc1)CC2=O,1
P3_00785,CC(C)=CCc1c([O-])cc2c(c1O)C(=O)C[C@@H](c1ccccc1)O2,1
P3_00786,COc1cc(OC)c2c(c1CC=C(C)C)O[C@H](c1ccccc1)CC2=O,0
P3_00787,COc1cc2c(c(OC)c1O)C(=O)C[C@@H](c1ccc(O)cc1)O2,1
P3_00788,COc1cc(O)cc2c1C(=O)C[C@@H](c1ccc(O)cc1)O2,1
P3_00789,CC(C)=CCc1c([O-])ccc2c1O[C@H](c1ccc(O)cc1)CC2=O,0
P3_00790,CC(C)=CCc1c(O)cc2c(c1O)C(=O)C[C@@H](c1ccccc1)O2,1
P3_00791,COc1cc(O)cc2c1C(=O)C[C@@H](c1ccccc1)O2,1
P3_00792,COc1ccc([C@@H]2CC(=O)c3c(O)cc(O)c(CC=C(C)C)c3O2)cc1O,1
P3_00793,COc1cc([C@@H]2CC(=O)c3c(O)cc(O)cc3O2)cc(OC)c1OC,1
P3_00794,COc1ccc([C@@H]2CC(=O)c3c(O)cc([O-])c(CC=C(C)C)c3O2)cc1O,0
P3_00795,CC(C)=CCc1c(O)cc(O)c2c1O[C@H](c1ccc(O)cc1)CC2=O,1
P3_00796,COc1cc2c(c(OC)c1OC)C(=O)C[C@@H](c1ccc(O)cc1)O2,1
P3_00797,COc1cc([O-])cc2c1C(=O)C[C@@H](c1ccc(O)cc1)O2,0
P3_00798,COc1cc([C@@H]2CC(=O)c3c(cc(O)c(OC)c3O)O2)cc(O)c1OC,0
P3_00799,COc1ccc([C@@H]2CC(=O)c3c(cc(OC)c(O)c3OC)O2)cc1,1
P3_00800,CC(C)=CCc1c([O-])cc(O)c2c1O[C@H](c1ccc(O)cc1)CC2=O,1
P3_00801,CC(C)=CCc1c(O)cc(O)c2c1O[C@H](c1ccccc1)CC2=O,1
P3_00802,COc1c(O)cc2c(c1O)C(=O)C[C@@H](c1ccc(O)cc1)O2,1
P3_00803,CC(C)=CCc1c(O)cc(O)c2c1O[C@H](c1ccc(O)cc1O)CC2=O,1
P3_00804,COc1cc([C@@H]2CC(=O)c3c(O)cc([O-])cc3O2)cc(OC)c1OC,1
P3_00805,CC(C)=CCc1c([O-])cc(O)c2c1O[C@H](c1ccccc1)CC2=O,1
P3_00806,COc1ccc([C@@H]2CC(=O)c3cc(C)cc(C)c3O2)cc1OC,0
P3_00807,COc1c(O)cc2c(c1O)C(=O)C[C@@H](c1ccccc1)O2,1
P3_00808,CCOC[C@H](C)Oc1cc(O)cc2c1C(=O)C[C@@H](c1ccc(OC)c(O)c1)O2,0
P3_00809,CCOC[C@@H](C)Oc1cc(O)cc2c1C(=O)C[C@@H](c1ccc(OC)c(O)c1)O2,0
P3_00810,CCO[C@@H](C)COc1cc(O)cc2c1C(=O)C[C@@H](c1ccc(OC)c(O)c1)O2,0
P3_00811,CCO[C@H](C)COc1cc(O)cc2c1C(=O)C[C@@H](c1ccc(OC)c(O)c1)O2,0
P3_00812,CC(C)=CCc1c([O-])cc(O)c2c1O[C@H](c1ccc(O)cc1O)CC2=O,1
P3_00813,COc1cc(O)c(CC=C(C)C)c2c1C(=O)[C@H](O)[C@@H](c1ccc(O)cc1)O2,1
P3_00814,COc1ccc([C@@H]2CC(=O)c3c(O)cc(OC)cc3O2)cc1,1
P3_00815,COc1ccc([C@@H]2CC(=O)c3c(OCCOC(C)C)cc(O)cc3O2)cc1O,1
P3_00816,COc1cc([O-])c(CC=C(C)C)c2c1C(=O)[C@H](O)[C@@H](c1ccc(O)cc1)O2,1
P3_00817,C=C[C@@H](CC)Oc1cc(O)cc2c1C(=O)C[C@@H](c1ccccc1)O2,1
P3_00818,C=C[C@H](CC)Oc1cc(O)cc2c1C(=O)C[C@@H](c1ccccc1)O2,1
P3_00819,C=C[C@H](C)Oc1cc(O)cc2c1C(=O)C[C@@H](c1ccccc1)O2,1
P3_00820,C=C[C@@H](C)Oc1cc(O)cc2c1C(=O)C[C@@H](c1ccccc1)O2,1
P3_00821,C#CC(C#C)Oc1cc(O)cc2c1C(=O)C[C@@H](c1ccc(OC)c(O)c1)O2,1
P3_00822,COc1cc(O)c2c(c1)O[C@H](c1ccc(O)cc1O)CC2=O,1
P3_00823,O=C1C[C@@H](c2ccc(O)cc2)Oc2cc(O)cc(O)c21,1
P3_00824,CCC#C[C@@H](C)Oc1cc(O)cc2c1C(=O)C[C@@H](c1ccc(OC)c(O)c1)O2,1
P3_00825,CCC#C[C@H](C)Oc1cc(O)cc2c1C(=O)C[C@@H](c1ccc(OC)c(O)c1)O2,1
P3_00826,CC#C[C@@H](CC)Oc1cc(O)cc2c1C(=O)C[C@@H](c1ccc(OC)c(O)c1)O2,1
P3_00827,CC#C[C@H](CC)Oc1cc(O)cc2c1C(=O)C[C@@H](c1ccc(OC)c(O)c1)O2,1
P3_00828,O=C1C[C@@H](c2ccccc2)Oc2cc(O)cc(O)c21,1
P3_00829,C#CC[C@@H](CC)Oc1cc(O)cc2c1C(=O)C[C@@H](c1ccc(OC)c(O)c1)O2,1
P3_00830,C#C[C@H](CCC)Oc1cc(O)cc2c1C(=O)C[C@@H](c1ccc(OC)c(O)c1)O2,0
P3_00831,C#C[C@@H](CCC)Oc1cc(O)cc2c1C(=O)C[C@@H](c1ccc(OC)c(O)c1)O2,0
P3_00832,C#CC[C@H](CC)Oc1cc(O)cc2c1C(=O)C[C@@H](c1ccc(OC)c(O)c1)O2,1
P3_00833,C#C[C@@H](Oc1cc(O)cc2c1C(=O)C[C@@H](c1ccc(OC)c(O)c1)O2)C(C)C,0
P3_00834,C#C[C@H](Oc1cc(O)cc2c1C(=O)C[C@@H](c1ccc(OC)c(O)c1)O2)C(C)C,0
P3_00835,Cc1cc(O)c2c(c1)O[C@H](c1ccc(O)cc1)CC2=O,1
P3_00836,CO[C@H](C)COc1cc([O-])cc2c1C(=O)C[C@@H](c1ccc(O)cc1O)O2,1
P3_00837,O=C1C[C@@H](c2ccc(O)cc2)Oc2cc([O-])cc(O)c21,1
P3_00838,O=C1C[C@@H](c2ccc(Br)cc2)Oc2cc(O)cc(O)c21,1
P3_00839,COc1ccc2c(c1)O[C@H](c1ccc(OC)c(OC)c1)CC2=O,1
P3_00840,COc1ccc([C@@H]2CC(=O)c3c(cc(O)c(CC=C(C)C)c3O)O2)cc1,1
P3_00841,COc1cc([C@@H]2CC(=O)c3ccccc3O2)ccc1O,1
P3_00842,COc1cc([C@@H]2CC(=O)c3c(O)cc(O)cc3O2)ccc1O,1
P3_00843,CO[C@H](C)CO[C@@H](C)COc1ccc2c(c1)O[C@H](c1ccc(O)cc1)CC2=O,1
P3_00844,CO[C@H](C)CO[C@H](C)COc1ccc2c(c1)O[C@H](c1ccc(O)cc1)CC2=O,1
P3_00845,CO[C@@H](C)CO[C@@H](C)COc1ccc2c(c1)O[C@H](c1ccc(O)cc1)CC2=O,1
P3_00846,CO[C@@H](C)CO[C@H](C)COc1ccc2c(c1)O[C@H](c1ccc(O)cc1)CC2=O,1
P3_00847,COc1cc(OC)c2c(c1)O[C@H](c1ccc(O)cc1)CC2=O,1
P3_00848,COc1ccc([C@@H]2CC(=O)c3c(O)cc(O)cc3O2)cc1O,1
P3_00849,COc1cc(O)c2c(c1)O[C@H](c1ccc(OC)c(OC)c1)CC2=O,1
P3_00850,COc1ccc([C@@H]2CC(=O)c3c(O)cc(O)cc3O2)cc1,1
P3_00851,CC[C@@H](COc1cc(O)cc2c1C(=O)C[C@@H](c1ccc(OC)c(O)c1)O2)OC,1
P3_00852,CC[C@H](COC)Oc1cc(O)cc2c1C(=O)C[C@@H](c1ccc(OC)c(O)c1)O2,0
P3_00853,CC[C@@H](COC)Oc1cc(O)cc2c1C(=O)C[C@@H](c1ccc(OC)c(O)c1)O2,0
P3_00854,CC[C@H](COc1cc(O)cc2c1C(=O)C[C@@H](c1ccc(OC)c(O)c1)O2)OC,1
P3_00855,COc1cc(O)c2c(c1)O[C@H](c1cc(O)cc(O)c1)CC2=O,0
P3_00856,COc1ccc([C@@H]2CC(=O)c3ccccc3O2)cc1,0
P3_00857,COc1ccc([C@@H]2CC(=O)c3c(O)cc(C)cc3O2)cc1O,1
P3_00858,COc1ccc([C@@H]2CC(=O)c3c(OCC[C@H](C)OC)cc(O)cc3O2)cc1O,0
P3_00859,COc1ccc([C@@H]2CC(=O)c3c(OCC[C@@H](C)OC)cc(O)cc3O2)cc1O,0
P3_00860,COc1cc(O)c2c(c1OC)O[C@H](c1ccccc1)CC2=O,1
P3_00861,COc1cc(O)c2c(c1C)O[C@H](c1ccccc1)CC2=O,1
P3_00862,Cc1c(O)cc2c(c1O)C(=O)C[C@@H](c1ccc(O)cc1)O2,0
P3_00863,COc1ccc([C@@H]2CC(=O)c3cc(Cl)ccc3O2)cc1,1
P3_00864,C=C[C@H](C)Oc1cc(OC)c2c(c1)O[C@H](c1ccccc1)CC2=O,1
P3_00865,C=C[C@@H](C)Oc1cc(OC)c2c(c1)O[C@H](c1ccccc1)CC2=O,1
P3_00866,COc1ccc([C@@H]2CC(=O)c3c(cc(OC)c(OC)c3OC(C)C)O2)cc1O,1
P3_00867,COc1cc2c(cc1O)O[C@H](c1ccccc1)[C@@H](O)C2=O,1
P3_00868,C[C@@H](CON)Oc1cccc([C@@H]2CC(=O)c3ccccc3O2)c1,0
P3_00869,C[C@H](CON)Oc1cccc([C@@H]2CC(=O)c3ccccc3O2)c1,0
P3_00870,COC(=O)[C@H](CCO)Oc1cccc([C@@H]2CC(=O)c3ccccc3O2)c1,0
P3_00871,C#C[C@H](C)Oc1cccc([C@@H]2CC(=O)c3ccccc3O2)c1,0
P3_00872,C#C[C@@H](C)Oc1cccc([C@@H]2CC(=O)c3ccccc3O2)c1,0
P3_00873,C[C@H](CS)Oc1cccc([C@@H]2CC(=O)c3ccccc3O2)c1,0
P3_00874,C[C@@H](CS)Oc1cccc([C@@H]2CC(=O)c3ccccc3O2)c1,0
P3_00875,C[C@@H](CON)Oc1ccc([C@@H]2CC(=O)c3ccccc3O2)cc1,0
P3_00876,C[C@H](CON)Oc1ccc([C@@H]2CC(=O)c3ccccc3O2)cc1,0
P3_00877,C#C[C@@H](C)Oc1c(OC)c(OC)cc2c1C(=O)C[C@@H](c1ccc(OC)c(O)c1)O2,0
P3_00878,C#C[C@H](C)Oc1c(OC)c(OC)cc2c1C(=O)C[C@@H](c1ccc(OC)c(O)c1)O2,0
P3_00879,C#C[C@@H](CC)Oc1cccc([C@@H]2CC(=O)c3ccccc3O2)c1,0
P3_00880,C#C[C@H](CC)Oc1cccc([C@@H]2CC(=O)c3ccccc3O2)c1,0
P3_00881,C#CC[C@H](C)Oc1cccc([C@@H]2CC(=O)c3ccccc3O2)c1,0
P3_00882,C#CC[C@@H](C)Oc1cccc([C@@H]2CC(=O)c3ccccc3O2)c1,0
P3_00883,C#C[C@@H](C)Oc1ccc([C@@H]2CC(=O)c3ccccc3O2)cc1,0
P3_00884,C#C[C@H](C)Oc1ccc([C@@H]2CC(=O)c3ccccc3O2)cc1,0
P3_00885,Cc1c(O)c(C)c2c(c1O)C(=O)C[C@@H](c1ccc(O)cc1)O2,0
P3_00886,Cc1c(O)cc(O)c2c1O[C@H](c1ccc(O)cc1)CC2=O,0
P3_00887,CC(C)=CCOc1cc(O)c2c(c1)O[C@H](c1ccc(O)cc1)[C@@H](O)C2=O,1
P3_00888,C#C[C@@H](CC)Oc1ccc([C@@H]2CC(=O)c3ccccc3O2)cc1,0
P3_00889,COc1cc(C(=O)C=Cc2ccccc2)cc(OC)c1OC,1
P3_00890,COc1cc(C(=O)C=Cc2ccccc2)c(OC)cc1O,1
P3_00891,COc1ccc(C(=O)C=Cc2ccccc2)cc1O,1
P3_00892,COc1cc(C(=O)C=Cc2ccccc2)ccc1O,1
P3_00893,COc1ccc(O)cc1C(=O)C=Cc1ccccc1,1
P3_00894,COc1ccc(C(=O)C=Cc2ccccc2)c(O)c1,1
P3_00895,COc1ccc(O)c(C(=O)C=Cc2ccccc2)c1,1
P3_00896,COc1ccc(C(=O)C=Cc2ccccc2)c(OC)c1,1
P3_00897,COc1ccc(OC)c(C(=O)C=Cc2ccccc2)c1,1
P3_00898,COc1cc(C(=O)C=Cc2cc(OC)c(OC)c(OC)c2)ccc1O,1
P3_00899,COc1cc(C(=O)C=Cc2cccc(O)c2)c(OC)cc1O,1
P3_00900,COc1cc(C(=O)C=Cc2cccc(Br)c2)cc(OC)c1OC,1
P3_00901,COc1ccc(C(=O)C=Cc2cc(OC)c(OC)c(OC)c2)c(O)c1,1
P3_00902,COc1cc(C(=O)C=Cc2ccc(O)cc2)c(OC)cc1O,1
P3_00903,COc1cccc(C=CC(=O)c2cc(OC)c(O)cc2OC)c1,1
P3_00904,COc1cc(C=CC(=O)c2ccccc2C)cc(OC)c1O,1
P3_00905,COc1cc(C(=O)C=Cc2ccc(C)cc2)c(OC)cc1O,1
P3_00906,COc1cccc(C(=O)C=Cc2ccccc2)c1,1
P3_00907,COc1cc(C(=O)C=Cc2cccc(F)c2)c(OC)cc1O,0
P3_00908,COc1cc(C(=O)C=Cc2cccc(Br)c2)c(OC)cc1O,0
P3_00909,COc1cc(C=CC(=O)c2ccccc2Cl)cc(OC)c1O,1
P3_00910,COc1cc(C(=O)C=Cc2ccc(Cl)cc2)c(OC)cc1O,1
P3_00911,COc1ccc(C(=O)C=Cc2cccc(O)c2)cc1O,1
P3_00912,COc1cc(C(=O)C=Cc2ccc(F)cc2)c(OC)cc1O,0
P3_00913,COc1cc(C=CC(=O)c2ccccc2F)cc(OC)c1O,1
P3_00914,COc1ccc(C(=O)C=Cc2cc(Br)c(OC)c(OC)c2)cc1O,1
P3_00915,COc1cc(C(=O)C=Cc2cc(Br)c(OC)c(OC)c2)ccc1O,1
P3_00916,COc1cc(C=CC(=O)c2ccccc2O)ccc1F,1
P3_00917,COc1ccc(C(=O)C=Cc2ccc(O)cc2)cc1O,1
P3_00918,COc1cc(C(=O)C=Cc2ccc(O)cc2)ccc1O,1
P3_00919,COc1cc(C(=O)C=Cc2cccc(Br)c2OC)c(OC)cc1O,1
P3_00920,COc1cc(C(=O)C=Cc2ccccc2OC)ccc1O,1
P3_00921,COc1ccc(C(=O)C=Cc2cc(Br)c(OC)c(OC)c2)c(O)c1,1
P3_00922,COc1cc(C(=O)C=Cc2cccc(F)c2)ccc1O,1
P3_00923,COc1cc(C(=O)C=Cc2cccc(Br)c2)ccc1O,1
P3_00924,COc1ccc(C(=O)C=Cc2cccc(Br)c2)cc1O,1
P3_00925,COc1cc(C(=O)C=Cc2cccc(I)c2)ccc1O,1
P3_00926,COc1ccc(C(=O)C=Cc2cccc(I)c2)cc1O,1
P3_00927,COc1ccc(C(=O)C=Cc2cccc(F)c2)cc1O,1
P3_00928,COc1cc(C(=O)C=Cc2ccc(F)cc2)ccc1O,1
P3_00929,COc1cc(C(=O)C=Cc2cc(OC)c(OC)c(OC)c2)ccc1F,1
P3_00930,COc1ccc(C(=O)C=Cc2ccc(F)cc2)cc1O,1
P3_00931,COc1ccc(C(=O)C=Cc2cc(OC)c(O)c(OC)c2)cc1,1
P3_00932,COc1ccc(C=CC(=O)c2cccc(O)c2)cc1O,1
P3_00933,COc1cc(C=CC(=O)c2cc(F)ccc2O)cc(OC)c1O,1
P3_00934,COc1cc(C=CC(=O)c2ccc(F)cc2O)cc(OC)c1O,1
P3_00935,COc1ccc(C(=O)C=Cc2ccccc2OC)c(O)c1,1
P3_00936,COc1ccccc1C=CC(=O)c1cc(F)ccc1O,1
P3_00937,COc1ccc(OC)c(C(=O)C=Cc2cccc(O)c2)c1,1
P3_00938,COc1cc(C(=O)C=Cc2cc(F)c(O)c(F)c2)ccc1O,1
P3_00939,COc1ccccc1C=CC(=O)c1ccc(F)cc1O,1
P3_00940,COc1ccc(C(=O)C=Cc2cccc(O)c2)c(OC)c1,1
P3_00941,COc1ccc(O)c(C(=O)C=Cc2ccccc2OC)c1,1
P3_00942,COc1ccc(C=CC(=O)c2ccc(O)cc2)cc1O,1
P3_00943,COc1ccc(C(=O)C=Cc2ccc(OC)c(OC)c2)cc1O,1
P3_00944,COc1cc(C=CC(=O)c2ccccc2F)cc(Br)c1O,1
P3_00945,COc1cc(C=CC(=O)c2ccccc2F)cc(Cl)c1O,1
P3_00946,COc1cc(C(=O)C=Cc2cccc(Br)c2OC)ccc1O,1
P3_00947,COc1ccc(C(=O)C=Cc2cccc(Br)c2OC)cc1O,0
P3_00948,COc1ccc(C(=O)C=Cc2cccc(O)c2OC)cc1O,1
P3_00949,COc1ccccc1C=CC(=O)c1ccc(O)c(F)c1,1
P3_00950,COc1cc(C(=O)C=Cc2ccccc2Br)c(OC)cc1O,1
P3_00951,COc1cc(C(=O)C=Cc2cccc(O)c2)ccc1F,1
P3_00952,COc1ccc(C(=O)C=Cc2cccc(OC)c2OC)cc1O,1
P3_00953,COc1cc(C(=O)C=Cc2ccc(OC(C)C)cc2)cc(OC)c1O,1
P3_00954,COc1ccc(C(=O)C=Cc2cc(Br)c(OC)c(OC)c2)cc1,1
P3_00955,COc1cc(C(=O)C=Cc2cccc(OC)c2OC)ccc1O,1
P3_00956,COc1cc(C(=O)C=Cc2ccc(O)c(Br)c2)c(OC)cc1O,0
P3_00957,COc1ccc(C(=O)C=Cc2cccc(O)c2OC)cc1OC,1
P3_00958,COc1cccc(C(=O)C=Cc2ccc(OC)c(O)c2)c1,1
P3_00959,COc1ccc(C(=O)C=Cc2cccc(O)c2)cc1Br,1
P3_00960,COc1ccc(C=CC(=O)c2ccccc2O)c(C)c1OC,1
P3_00961,COc1cccc(C(=O)C=Cc2ccc(O)c(OC)c2)c1,1
P3_00962,COc1cc(C=CC(=O)c2cccc(F)c2F)cc(OC)c1O,1
P3_00963,COc1cc(C=CC(=O)c2cc(C)ccc2F)cc(OC)c1O,1
P3_00964,COc1ccc(C(=O)C=Cc2cccc(O)c2)c(O)c1,1
P3_00965,COc1ccc(C(=O)C=Cc2ccc(O)c(OC)c2)cc1O,1
P3_00966,COc1cc(C(=O)C=Cc2ccc(OC)c(OC)c2)ccc1O,1
P3_00967,COc1ccc(C(=O)C=Cc2ccc(OC)c(O)c2)cc1,1
P3_00968,COc1ccc(C(=O)C=Cc2ccc(O)c(OC)c2)cc1,1
P3_00969,COc1cccc(OC)c1C=CC(=O)c1ccccc1O,1
P3_00970,COc1cc(C(=O)C=Cc2cc(Br)c(O)c(OC)c2)ccc1O,1
P3_00971,COc1cc(C(=O)C=Cc2ccc(C(F)(F)F)cc2)ccc1O,1
P3_00972,COc1cc(C=CC(=O)c2cccc(F)c2)ccc1O,1
P3_00973,COc1ccc(C=CC(=O)c2ccccc2O)c(Cl)c1OC,1
P3_00974,COc1cc(C=CC(=O)c2ccccc2O)cc(OC)c1OC,1
P3_00975,COc1cc(C=CC(=O)c2c(C)cc(C)cc2O)cc(OC)c1OC,0
P3_00976,COc1cc(C(=O)C=Cc2ccc(O)cc2)cc(OC)c1OC,1
P3_00977,COc1cc(C(=O)C=Cc2cc(OC)c(OC)c(OC)c2)c(OC)cc1O,1
P3_00978,COc1cc(C(=O)C=Cc2cccc(C(=O)O)c2)cc(OC)c1OC,1
P3_00979,COc1cc(C=CC(=O)c2ccccc2O)cc(Cl)c1OC,1
P3_00980,COc1cc(C(=O)C=Cc2cc(OC)c(OC)c(OC)c2)cc(OC)c1O,1
P3_00981,COc1cc(C=CC(=O)c2cc(OC)c(OC)c(OC)c2)ccc1O,1
P3_00982,COc1ccc(C(=O)C=Cc2cc(OC)c(OC)c(OC)c2)cc1O,1
P3_00983,COc1ccc(C=CC(=O)c2cc(OC)c(OC)c(OC)c2)cc1O,1
P3_00984,COc1ccc(C=CC(=O)c2cc(OC)c(OC)c(OC)c2)cc1,0
P3_00985,COc1cc(C=CC(=O)c2ccc(O)cc2)cc(OC)c1OC,1
P3_00986,COc1cc(C=CC(=O)c2cccc(O)c2)cc(OC)c1OC,1
P3_00987,COc1cc(C(=O)C=Cc2ccc(C(C)(C)C)cc2)cc(OC)c1OC,1
P3_00988,COc1cc(C=CC(=O)c2ccc(O)cc2O)cc(OC)c1OC,1
P3_00989,CCOc1c(OC)cc(C=CC(=O)c2ccccc2O)cc1OC,1
P3_00990,COc1cc(C=CC(=O)c2ccc(C)cc2O)cc(OC)c1OC,1
P3_00991,COc1ccc(O)c(C(=O)C=Cc2cc(OC)c(OC)c(OC)c2)c1,1
P3_00992,COc1cc(C=CC(=O)c2ccc(O)c(C)c2)cc(OC)c1OC,1
P3_00993,COc1cc(C(=O)C=Cc2cc(C)c(O)c(C)c2)cc(OC)c1OC,1
P3_00994,COc1cc(C=CC(=O)c2ccc(O)c(F)c2)cc(OC)c1OC,1
P3_00995,COc1cc(C(=O)C=Cc2ccc(O)c(F)c2)cc(OC)c1OC,1
P3_00996,COc1cc(C=CC(=O)c2ccc(O)c(Cl)c2)cc(OC)c1OC,1
P3_00997,COc1cc(C(=O)C=Cc2cccc(C)c2)c(OC)cc1O,1
P3_00998,COc1cc(C(=O)C=Cc2ccc(O)c(Cl)c2)cc(OC)c1OC,1
P3_00999,COc1cc(C(=O)C=Cc2ccc(O)c(Br)c2)cc(OC)c1OC,1
P3_01000,COc1ccc(C=CC(=O)c2cc(OC)c(O)cc2OC)cc1,1
P3_01001,COc1ccc(O)cc1C(=O)C=Cc1cc(OC)c(OC)c(OC)c1,0
P3_01002,COc1ccc(C=CC(=O)c2ccccc2O)cc1OC,1
P3_01003,COc1cc(C(=O)C=Cc2cc(F)c(O)c(F)c2)cc(OC)c1OC,1
P3_01004,COc1cc(C(=O)C=Cc2ccccc2OC)c(OC)cc1O,1
P3_01005,COc1cc(C(=O)C=Cc2cccc(Cl)c2)c(OC)cc1O,1
P3_01006,COc1cc(C(=O)C=Cc2cc(Cl)c(OC)c(OC)c2)c(OC)cc1O,1
P3_01007,COc1ccc(C(=O)C=Cc2cccc(O)c2)c(C)c1OC,1
P3_01008,COc1cc(C=CC(=O)c2cc(C)ccc2C)cc(OC)c1OC,1
P3_01009,COc1cc(C=CC(=O)c2cccc(C)c2)cc(OC)c1OC,1
P3_01010,COc1cc(C=CC(=O)c2cc(C)ccc2O)cc(OC)c1O,1
P3_01011,COc1cccc(C(=O)C=Cc2cc(OC)c(OC)c(OC)c2)c1,1
P3_01012,CCc1ccc(C=CC(=O)c2cc(OC)c(OC)c(OC)c2)cc1,0
P3_01013,COc1cc(C(=O)C=Cc2cc(C)c(OC)c(C)c2)c(OC)cc1O,0
P3_01014,COc1ccc(C(=O)C=Cc2cc(OC)c(OC)c(OC)c2)cc1,1
P3_01015,COc1cc(C=CC(=O)c2ccc(C)cc2)cc(OC)c1OC,1
P3_01016,COc1cc(C(=O)C=Cc2cc(OC)c(O)c(OC)c2)c(OC)cc1O,0
P3_01017,COc1ccc(C(=O)C=Cc2cc(Cl)c(OC)c(OC)c2)cc1O,1
P3_01018,COCc1cccc(C=CC(=O)c2cc(OC)c(OC)c(OC)c2)c1,1
P3_01019,COc1ccc(C=CC(=O)c2c(C)cc(C)cc2O)c(OC)c1OC,1
P3_01020,COCc1ccc(C=CC(=O)c2cc(OC)c(OC)c(OC)c2)cc1,0
P3_01021,COc1cc(C=CC(=O)c2cccc(Br)c2)cc(OC)c1OC,1
P3_01022,COc1cc(C=CC(=O)c2ccc(O)cc2C)cc(OC)c1OC,1
P3_01023,COc1cc(C=CC(=O)c2cccc(Cl)c2)cc(OC)c1OC,1
P3_01024,COc1cc(C=CC(=O)c2cc(OC)c(OC)c(OC)c2)cc(Cl)c1O,1
P3_01025,COc1ccc(C)cc1C(=O)C=Cc1cc(OC)c(O)c(OC)c1,1
P3_01026,COc1cc(C(=O)C=Cc2cc(OC)c(O)c(OC)c2)ccc1O,1
P3_01027,COc1cc(C=CC(=O)c2ccc(Br)cc2)cc(OC)c1OC,1
P3_01028,COc1ccc(C(=O)C=Cc2cc(OC)c(O)c(OC)c2)cc1O,1
P3_01029,COc1cc(C=CC(=O)c2ccc(Cl)cc2)cc(OC)c1OC,1
P3_01030,COc1cc(C=CC(=O)c2cccc(O)c2)cc(Br)c1OC,1
P3_01031,CCOc1cccc(C=CC(=O)c2cc(OC)c(OC)c(OC)c2)c1,1
P3_01032,CCOc1cc(C=CC(=O)c2cc(OC)c(OC)c(OC)c2)ccc1O,1
P3_01033,COc1cccc(C=CC(=O)c2ccc(OC)c(O)c2)c1,1
P3_01034,COc1cccc(C=CC(=O)c2ccc(O)c(OC)c2)c1,1
P3_01035,COc1cc(C=CC(=O)c2ccc(O)cc2)cc(Br)c1OC,1
P3_01036,CCOc1ccc(C=CC(=O)c2cc(OC)c(OC)c(OC)c2)cc1,0
P3_01037,COc1cc(C(=O)C=Cc2cccc(OC)c2OC)c(OC)cc1O,1
P3_01038,CCc1ccc(C=CC(=O)c2cc(OC)c(O)cc2OC)cc1,0
P3_01039,COc1ccc(C=CC(=O)c2ccc(OC)c(OC)c2C)cc1O,1
P3_01040,COc1cc(C(=O)C=Cc2ccc(C)c(C)c2)cc(OC)c1OC,1
P3_01041,COc1cc(C=CC(=O)c2ccc(OC)c(OC)c2C)cc(OC)c1OC,1
P3_01042,COc1ccc(C=CC(=O)c2cc(OC)c(OC)c(OC)c2)cc1C,1
P3_01043,COc1cc(C(=O)C=Cc2cc(C)c(O)c(C)c2)c(OC)cc1O,1
P3_01044,COc1ccc(C=CC(=O)c2ccc(OC)c(O)c2)cc1,1
P3_01045,COc1cc(C(=O)C=Cc2ccc(OC)c(OC)c2)c(OC)cc1O,1
P3_01046,COc1ccc(C=CC(=O)c2ccc(O)c(OC)c2)cc1,1
P3_01047,COc1ccc(C=CC(=O)c2cc(C)ccc2OC)cc1O,1
P3_01048,COc1ccc(C(=O)C=Cc2cc(OC)c(OC)c(OC)c2)cc1C,1
P3_01049,COc1cc(C=CC(=O)c2cc(C)cc(C)c2)cc(OC)c1OC,1
P3_01050,COc1cc(C=CC(=O)c2ccc(O)cc2)cc(OC)c1O,1
P3_01051,COc1ccc(C=CC(=O)c2ccc(OC)c(O)c2)cc1O,1
P3_01052,COc1ccc(O)c(C(=O)C=Cc2cc(Br)c(OC)c(OC)c2)c1,1
P3_01053,COc1ccc(C(=O)C=Cc2cccc(C(=O)O)c2)c(C)c1OC,1
P3_01054,COc1ccc(O)c(C(=O)C=Cc2cc(Cl)c(OC)c(OC)c2)c1,1
P3_01055,COc1cc(C(=O)C=Cc2cccc(OC(C)C)c2)c(OC)cc1O,1
P3_01056,COc1ccc(C(=O)C=Cc2cc(Cl)c(OC)c(OC)c2)c(O)c1,1
P3_01057,COc1ccc(C)cc1C(=O)C=Cc1cc(Cl)c(OC)c(OC)c1,1
P3_01058,COc1ccc(C(=O)C=Cc2cccc(O)c2)cc1OC,1
P3_01059,Cc1cc(C)c(C(=O)C=Cc2cccc(O)c2)c(O)c1,0
P3_01060,O=C(O)c1ccc(C(=O)C=Cc2ccccc2)c(O)c1,1
P3_01061,COc1ccc(C(=O)C=Cc2ccc(O)c(Cl)c2)cc1Br,1
P3_01062,COc1ccc(C(=O)C=Cc2ccc(O)c(F)c2)cc1Br,1
P3_01063,CC(=O)Nc1cccc(C(=O)C=Cc2ccccc2)c1,1
P3_01064,O=C(O)c1cccc(C(=O)C=Cc2cccc(O)c2)c1,1
P3_01065,CN(C)Cc1cccc(C(=O)C=Cc2ccccc2)c1,0
P3_01066,COc1ccc(C=CC(=O)c2ccc(O)c(C)c2)cc1C#N,1
P3_01067,Cc1cc(C)c(C(=O)C=Cc2cccc(O)c2)cc1C,1
P3_01068,COc1ccc(C=CC(=O)c2ccc(O)c(Cl)c2)cc1C#N,1
P3_01069,O=C(O)Cc1ccc(C(=O)C=Cc2ccccc2)cc1,1
P3_01070,O=C(C=Cc1ccc(O)c(F)c1)c1c(O)cc(F)cc1F,0
P3_01071,COc1ccc(O)c(C(=O)C=Cc2ccc(O)c(Br)c2)c1,1
P3_01072,COc1cccc(C(=O)C=Cc2ccc(OC)c(C#N)c2)c1,1
P3_01073,CC(C)c1ccc(C(=O)C=Cc2cccc(O)c2)cc1,1
P3_01074,CN(C)c1ccc(C(=O)C=Cc2cccc(O)c2)cc1,1
P3_01075,COc1ccc(C(=O)C=Cc2ccc(O)c(Br)c2)c(O)c1,1
P3_01076,COc1ccc(C(=O)C=Cc2ccc(O)c(Cl)c2)c(O)c1,1
P3_01077,COc1ccc(C(=O)C=Cc2ccc(O)c(F)c2)c(O)c1,1
P3_01078,O=C(O)Cc1ccc(C(=O)C=Cc2cccc(O)c2)cc1,0
P3_01079,COc1ccc(C(=O)C=Cc2ccc(F)c(F)c2)cc1Br,1
P3_01080,Cc1cc(Br)cc(C(=O)C=Cc2cccc(O)c2)c1,1
P3_01081,O=C(O)c1ccc(C(=O)C=Cc2cccc(F)c2)c(O)c1,1
P3_01082,Cc1ccc(C(=O)C=Cc2cc(F)c(O)c(F)c2)c(O)c1,1
P3_01083,COc1ccc(O)c(C(=O)C=Cc2ccc(C#N)c(C)c2)c1,1
P3_01084,O=C(O)c1cccc(C(=O)C=Cc2ccc(O)c(Br)c2)c1,1
P3_01085,O=C(O)c1cccc(C(=O)C=Cc2ccc(O)c(Cl)c2)c1,1
P3_01086,O=C(O)c1cccc(C(=O)C=Cc2ccc(O)c(F)c2)c1,1
P3_01087,COc1ccc(O)c(C(=O)C=Cc2ccc(F)c(C#N)c2)c1,1
P3_01088,O=C(O)c1cccc(C(=O)C=Cc2cccc(Br)c2)c1,1
P3_01089,O=C(O)c1cccc(C(=O)C=Cc2cccc(F)c2)c1,0
P3_01090,COc1cccc(C(=O)C=Cc2ccc(C#N)c(C)c2)c1,1
P3_01091,Cc1cc(C)cc(C(=O)C=Cc2ccc(O)c(Cl)c2)c1,1
P3_01092,O=C(C=Cc1cc(F)c(O)c(F)c1)c1ccc(O)cc1,1
P3_01093,O=C(C=Cc1ccc(O)c(Cl)c1)c1ccc(O)c(Cl)c1,1
P3_01094,CC(C)Oc1ccc(C(=O)C=Cc2ccc(O)c(Cl)c2)cc1,1
P3_01095,CN(C)c1ccc(C(=O)C=Cc2cccc(Br)c2)cc1,1
P3_01096,CN(C)c1ccc(C(=O)C=Cc2cccc(F)c2)cc1,1
P3_01097,O=C(C=Cc1ccc(O)c(F)c1)c1ccc(Br)c(F)c1,1
P3_01098,Cc1ccc(C(=O)C=Cc2ccc(O)c(Br)c2)cc1C,1
P3_01099,CN(C)c1ccc(C(=O)C=Cc2cccc(Cl)c2)cc1,1
P3_01100,CN(C)c1ccc(C(=O)C=Cc2ccc(O)c(Br)c2)cc1,1
P3_01101,CN(C)c1ccc(C(=O)C=Cc2ccc(O)c(Cl)c2)cc1,1
P3_01102,O=C(O)c1ccc(C(=O)C=Cc2ccccc2F)c(O)c1,1
P3_01103,CN(C)c1ccc(C(=O)C=Cc2ccc(O)c(F)c2)cc1,1
P3_01104,O=C(O)Cc1ccc(C(=O)C=Cc2cccc(F)c2)cc1,0
P3_01105,O=C(O)c1ccc(C(=O)C=Cc2ccc(F)c(F)c2)c(O)c1,1
P3_01106,O=C(O)c1ccc(C(=O)C=Cc2ccc(O)c(Cl)c2)c(O)c1,1
P3_01107,O=C(O)Cc1ccc(C(=O)C=Cc2cccc(I)c2)cc1,1
P3_01108,O=C(O)Cc1ccc(C(=O)C=Cc2cccc(Cl)c2)cc1,1
P3_01109,O=C(O)Cc1ccc(C(=O)C=Cc2cccc(Br)c2)cc1,0
P3_01110,Cc1ccc(O)c(C(=O)C=Cc2ccc(F)c(C#N)c2)c1,1
P3_01111,CC(=O)Nc1cccc(C(=O)C=Cc2ccc(O)c(Br)c2)c1,1
P3_01112,O=C(O)Cc1ccc(C(=O)C=Cc2ccc(O)c(Br)c2)cc1,1
P3_01113,O=C(O)Cc1ccc(C(=O)C=Cc2ccc(O)c(F)c2)cc1,0
P3_01114,O=C(O)Cc1ccc(C(=O)C=Cc2ccc(O)c(Cl)c2)cc1,1
P3_01115,O=C(O)c1cccc(C(=O)C=Cc2ccc(F)c(F)c2)c1,0
P3_01116,O=C(C=Cc1ccc(O)c(CO)c1)c1cccc(Br)c1,1
P3_01117,CC(C)c1ccc(C(=O)C=Cc2cccc(C#N)c2)cc1,1
P3_01118,CC(=O)Nc1ccc(C(=O)C=Cc2ccc(O)c(Cl)c2)cc1,1
P3_01119,CC(=O)Nc1ccc(C(=O)C=Cc2ccc(O)c(F)c2)cc1,1
P3_01120,O=C(C=Cc1ccc(O)c(Br)c1)c1ccc(O)c(Cl)c1,1
P3_01121,O=C(C=Cc1ccc(O)c(Br)c1)c1ccc(O)c(F)c1,1
P3_01122,O=C(O)c1ccc(C(=O)C=Cc2c(F)cccc2F)c(O)c1,0
P3_01123,O=C(C=Cc1ccc(O)c(CO)c1)c1ccc(O)c(Cl)c1,1
P3_01124,N#Cc1ccc(C(=O)C=Cc2ccc(O)c(Br)c2)cc1,1
P3_01125,N#Cc1ccc(C(=O)C=Cc2ccc(O)c(Cl)c2)c(Cl)c1,1
P3_01126,O=C(O)Cc1ccc(C(=O)C=Cc2ccc(F)c(F)c2)cc1,0
P3_01127,O=C(O)Cc1ccc(C(=O)C=Cc2ccc(Cl)c(Cl)c2)cc1,1
P3_01128,N#Cc1ccc(C(=O)C=Cc2ccc(O)c(Br)c2)c(F)c1,1
P3_01129,Cc1ccc(C(=O)C=Cc2c(F)ccc(O)c2F)c(O)c1,1
P3_01130,N#Cc1ccc(C(=O)C=Cc2ccc(O)c(F)c2)c(Cl)c1,1
P3_01131,CC(=O)Nc1cccc(C(=O)C=Cc2ccc(C)c(F)c2)c1,1
P3_01132,N#Cc1ccc(C(=O)C=Cc2ccc(O)c(Cl)c2)c(F)c1,1
P3_01133,COc1cc(C(=O)C=Cc2cccc(O)c2)cc(OC)c1OC,1
P3_01134,COc1cc(C=CC(=O)c2ccccc2O)cc(Br)c1OC,1
P3_01135,COc1cc(C(=O)C=Cc2cccc(O)c2)ccc1O,1
P3_01136,Cc1ccc(C(=O)C=Cc2ccccc2)c(O)c1,1
P3_01137,COc1ccc(C(=O)C=Cc2cccc(C)c2)cc1O,1
P3_01138,COc1cc(C(=O)C=Cc2cccc(O)c2OC)c(OC)cc1O,1
P3_01139,COc1cc(C(=O)C=Cc2cccc(C)c2)ccc1O,1
P3_01140,COc1cc(C=CC(=O)c2cccc(O)c2)cc(OC)c1O,0
P3_01141,COc1cc(C(=O)C=Cc2cccc(Cl)c2)ccc1O,1
P3_01142,COc1ccc(C(=O)C=Cc2cccc(Cl)c2)cc1O,1
P3_01143,COc1ccc(O)c(C(=O)C=Cc2cc(OC)c(O)c(OC)c2)c1,1
P3_01144,COc1ccc(C(=O)C=Cc2ccc(O)cc2)c(C)c1OC,1
P3_01145,COc1cc(C)c(C(=O)C=Cc2cccc(O)c2)cc1OC,1
P3_01146,COc1cccc(C(=O)C=Cc2cc(OC)c(O)c(OC)c2)c1,1
P3_01147,COc1ccc(C(=O)C=Cc2cc(OC)c(O)c(OC)c2)c(O)c1,1
P3_01148,COc1ccc(C(=O)C=Cc2ccc(O)cc2)cc1OC,1
P3_01149,COc1cc(C)c(C(=O)C=Cc2cccc(O)c2)cc1C,1
P3_01150,COc1cc(F)c(C(=O)C=Cc2cccc(O)c2)cc1OC,1
P3_01151,COc1ccc(C(=O)C=Cc2cccc(O)c2)cc1C,1
P3_01152,COc1cc(Cl)c(C(=O)C=Cc2cccc(O)c2)cc1OC,1
P3_01153,COc1cc(C)c(C(=O)C=Cc2ccc(O)cc2)cc1OC,1
P3_01154,COC(=O)c1ccc(C(=O)C=Cc2cc(OC)c(O)c(OC)c2)cc1,1
P3_01155,CCOc1c(OC)cc(C=CC(=O)c2cccc(O)c2)cc1OC,1
P3_01156,COc1cc(C(=O)C=Cc2ccc(O)c(Cl)c2)c(OC)cc1O,1
P3_01157,COc1cc(C(=O)C=Cc2ccccc2F)c(OC)cc1O,1
P3_01158,COc1cc(C(=O)C=Cc2ccc(O)c(F)c2)c(OC)cc1O,0
P3_01159,COc1cc(OC)c(C(=O)C=Cc2cccc(O)c2)cc1Cl,1
P3_01160,CCc1ccc(C=CC(=O)c2ccc(OC)c(O)c2)cc1,1
P3_01161,CNC(=O)c1ccc(C=CC(=O)c2ccc(OC)c(O)c2)cc1,1
P3_01162,COc1ccc(C(=O)C=Cc2cccc(O)c2)cc1F,0
P3_01163,COc1cc(F)c(C(=O)C=Cc2ccc(O)cc2)cc1OC,1
P3_01164,COc1cc(C)c(C(=O)C=Cc2ccc(O)cc2)cc1C,1
P3_01165,COc1ccc(C(=O)C=Cc2ccc(O)cc2)c(OC)c1,1
P3_01166,COc1ccc(C(=O)C=Cc2ccc(O)cc2)cc1C,1
P3_01167,COc1ccc(C(=O)C=Cc2cc(OC)c(O)c(OC)c2)cc1C,1
P3_01168,COc1cc(Cl)c(C(=O)C=Cc2ccc(O)cc2)cc1OC,1
P3_01169,COc1ccc(OC)c(C(=O)C=Cc2ccc(O)cc2)c1,1
P3_01170,COCc1cccc(C=CC(=O)c2ccc(O)c(OC)c2)c1,1
P3_01171,COc1ccc(C(=O)C=Cc2ccc(O)c(Cl)c2)c(C)c1OC,1
P3_01172,COCc1cccc(C=CC(=O)c2ccc(OC)c(O)c2)c1,1
P3_01173,COc1ccc(C(=O)C=Cc2ccc(O)c(Br)c2)c(C)c1OC,1
P3_01174,COc1cc(C(=O)C=Cc2cccc(OC(C)C)c2)ccc1O,1
P3_01175,Cc1cc(C)c(C(=O)C=Cc2ccc(O)cc2)c(O)c1,0
P3_01176,COCc1ccc(C=CC(=O)c2ccc(O)c(OC)c2)cc1,1
P3_01177,COc1cc(C)c(C(=O)C=Cc2cccc(O)c2OC)cc1OC,1
P3_01178,COc1cccc(C=CC(=O)c2ccc(O)cc2O)c1OC,1
P3_01179,COCc1ccc(C=CC(=O)c2ccc(OC)c(O)c2)cc1,1
P3_01180,C=CCOc1cccc(C=CC(=O)c2cc(OC)c(O)cc2OC)c1,1
P3_01181,COC(=O)c1ccc(C(=O)C=Cc2ccc(O)c(OC)c2)cc1,1
P3_01182,COc1ccc(C(=O)C=Cc2cc(OC)c(O)c(OC)c2)cc1F,1
P3_01183,COc1ccc(C(=O)C=Cc2ccc(O)cc2)cc1Br,1
P3_01184,COc1ccc(OC)c(C(=O)C=Cc2ccc(OC)c(O)c2)c1,1
P3_01185,COc1ccc(C(=O)C=Cc2cc(OC)c(O)c(OC)c2)cc1Br,1
P3_01186,COc1ccc(C(=O)C=Cc2ccc(OC)c(O)c2)cc1C,1
P3_01187,COc1cc(OC)c(C(=O)C=Cc2ccc(O)cc2)cc1Cl,1
P3_01188,COC(=O)c1ccc(C(=O)C=Cc2ccc(OC)c(O)c2)cc1,1
P3_01189,COc1ccc(C=CC(=O)c2ccccc2)c(Br)c1O,1
P3_01190,CCNC(=O)c1c[nH]c2ccc(C)cc2c1=O,1
P3_01191,CCN(C)C(=O)c1c[nH]c2ccc(C)cc2c1=O,1
P3_01192,CCOCCNC(=O)c1c[nH]c2ccc(C)cc2c1=O,1
P3_01193,CCCNC(=O)c1c[nH]c2ccc(C)cc2c1=O,0
P3_01194,CCOCCCNC(=O)c1c[nH]c2ccc(C)cc2c1=O,1
P3_01195,CO[N-]C(=O)c1c[nH]c2ccc(C)cc2c1=O,1
P3_01196,CNC(=O)c1c[nH]c2ccc(C)cc2c1=O,1
P3_01197,CCCCNC(=O)c1c[nH]c2ccc(C)cc2c1=O,1
P3_01198,CCNC(=O)c1c[nH]c2ccc(Br)cc2c1=O,1
P3_01199,CCCCN(C)C(=O)c1c[nH]c2ccc(C)cc2c1=O,1
P3_01200,CCN(C)C(=O)c1c[nH]c2ccc(I)cc2c1=O,1
P3_01201,CC[C@@H](COC)NC(=O)c1c[nH]c2ccc(C)cc2c1=O,0
P3_01202,CC[C@H](COC)NC(=O)c1c[nH]c2ccc(C)cc2c1=O,0
P3_01203,CCC(C)(C)CNC(=O)c1c[nH]c2ccc(C)cc2c1=O,1
P3_01204,COCCCNC(=O)c1c[nH]c2ccc(C)cc2c1=O,1
P3_01205,CCC(O)(CC)CNC(=O)c1c[nH]c2ccc(C)cc2c1=O,1
P3_01206,CCCCCCNC(=O)c1c[nH]c2ccc(C)cc2c1=O,1
P3_01207,CCCNC(=O)c1c[nH]c2ccc(I)cc2c1=O,1
P3_01208,C#CCNC(=O)c1c[nH]c2ccc(C)cc2c1=O,1
P3_01209,COCC[C@H](C)NC(=O)c1c[nH]c2ccc(C)cc2c1=O,1
P3_01210,COCC[C@@H](C)NC(=O)c1c[nH]c2ccc(C)cc2c1=O,1
P3_01211,COC[C@H](C)NC(=O)c1c[nH]c2ccc(C)cc2c1=O,1
P3_01212,COC[C@@H](C)NC(=O)c1c[nH]c2ccc(C)cc2c1=O,1
P3_01213,CCC[C@H](CC)NC(=O)c1c[nH]c2ccc(C)cc2c1=O,1
P3_01214,CS[C@@H](C)CNC(=O)c1c[nH]c2ccc(C)cc2c1=O,1
P3_01215,CS[C@H](C)CNC(=O)c1c[nH]c2ccc(C)cc2c1=O,1
P3_01216,CO[C@@H](C)CNC(=O)c1c[nH]c2ccc(C)cc2c1=O,1
P3_01217,CCC[C@@H](CC)NC(=O)c1c[nH]c2ccc(C)cc2c1=O,1
P3_01218,CO[C@H](C)CNC(=O)c1c[nH]c2ccc(C)cc2c1=O,1
P3_01219,COCC(C)(C)NC(=O)c1c[nH]c2ccc(C)cc2c1=O,0
P3_01220,CCC(CC)NC(=O)c1c[nH]c2ccc(I)cc2c1=O,1
P3_01221,CCCN(C)C(=O)c1c[nH]c2ccc(I)cc2c1=O,1
P3_01222,CCCN(C)C(=O)c1c[nH]c2ccc(Br)cc2c1=O,1
P3_01223,CC#CCNC(=O)c1c[nH]c2ccc(C)cc2c1=O,1
P3_01224,C=CCNC(=O)c1c[nH]c2ccc(C)cc2c1=O,1
P3_01225,C=C(C)CNC(=O)c1c[nH]c2ccc(C)cc2c1=O,1
P3_01226,CC(C)NC(=O)c1c[nH]c2ccc(I)cc2c1=O,1
P3_01227,CNC(=O)c1c[nH]c2ccc(I)cc2c1=O,1
P3_01228,CC[C@H](C)C[C@H](C)NC(=O)c1c[nH]c2ccc(C)cc2c1=O,1
P3_01229,CC[C@@H](C)C[C@H](C)NC(=O)c1c[nH]c2ccc(C)cc2c1=O,1
P3_01230,CC[C@@H](CCO)NC(=O)c1c[nH]c2ccc(C)cc2c1=O,1
P3_01231,CC[C@@H](C)C[C@@H](C)NC(=O)c1c[nH]c2ccc(C)cc2c1=O,1
P3_01232,CC[C@H](C)C[C@@H](C)NC(=O)c1c[nH]c2ccc(C)cc2c1=O,1
P3_01233,CCC(C)(C)[C@@H](C)NC(=O)c1c[nH]c2ccc(C)cc2c1=O,0
P3_01234,CCC(C)(C)[C@H](C)NC(=O)c1c[nH]c2ccc(C)cc2c1=O,0
P3_01235,CC[C@H](CCO)NC(=O)c1c[nH]c2ccc(C)cc2c1=O,1
P3_01236,CCC(C)(C)CCNC(=O)c1c[nH]c2ccc(C)cc2c1=O,1
P3_01237,O=C([O-])c1c[nH]c2ccc(Cl)cc2c1=O,1
P3_01238,CCCCNC(=O)c1c[nH]c2ccc(I)cc2c1=O,1
P3_01239,C=C(Br)CNC(=O)c1c[nH]c2ccc(C)cc2c1=O,1
P3_01240,COCCNC(=O)c1c[nH]c2ccc(Br)cc2c1=O,1
P3_01241,CSCCNC(=O)c1c[nH]c2ccc(C)cc2c1=O,1
P3_01242,CC[C@@H](C)NC(=O)c1c[nH]c2ccc(I)cc2c1=O,1
P3_01243,CCC(C)(C)NC(=O)c1c[nH]c2ccc(I)cc2c1=O,1
P3_01244,CC[C@H](C)NC(=O)c1c[nH]c2ccc(I)cc2c1=O,1
P3_01245,COC(=O)[C@H](C)CNC(=O)c1c[nH]c2ccc(Br)cc2c1=O,1
P3_01246,COC(=O)[C@@H](C)CNC(=O)c1c[nH]c2ccc(Br)cc2c1=O,1
P3_01247,CO[C@@H](C)CCNC(=O)c1c[nH]c2ccc(C)cc2c1=O,1
P3_01248,CCC[C@@H](O)CCNC(=O)c1c[nH]c2ccc(C)cc2c1=O,1
P3_01249,CO[C@H](C)CCNC(=O)c1c[nH]c2ccc(C)cc2c1=O,1
P3_01250,CCC[C@H](C)CCNC(=O)c1c[nH]c2ccc(C)cc2c1=O,0
P3_01251,COC(C)(C)CCNC(=O)c1c[nH]c2ccc(C)cc2c1=O,1
P3_01252,CCC[C@@H](C)CCNC(=O)c1c[nH]c2ccc(C)cc2c1=O,0
P3_01253,CCC[C@H](O)CCNC(=O)c1c[nH]c2ccc(C)cc2c1=O,1
P3_01254,CC(C)C[C@H](C)NC(=O)c1c[nH]c2ccc(I)cc2c1=O,1
P3_01255,CCCCCNC(=O)c1c[nH]c2ccc(I)cc2c1=O,1
P3_01256,CC(C)C[C@@H](C)NC(=O)c1c[nH]c2ccc(I)cc2c1=O,1
P3_01257,CCC(CC)CNC(=O)c1c[nH]c2ccc(I)cc2c1=O,0
P3_01258,COCC[C@@H](C)CNC(=O)c1c[nH]c2ccc(C)cc2c1=O,0
P3_01259,CCCCCC[C@H](C)NC(=O)c1c[nH]c2ccc(C)cc2c1=O,1
P3_01260,CC[C@H](CCO)CNC(=O)c1c[nH]c2ccc(C)cc2c1=O,0
P3_01261,CC[C@@H](CCO)CNC(=O)c1c[nH]c2ccc(C)cc2c1=O,0
P3_01262,COCC[C@H](C)CNC(=O)c1c[nH]c2ccc(C)cc2c1=O,0
P3_01263,CCCCCC[C@@H](C)NC(=O)c1c[nH]c2ccc(C)cc2c1=O,1
P3_01264,CCC(C)(C)CNC(=O)c1c[nH]c2ccc(I)cc2c1=O,1
P3_01265,COCCCNC(=O)c1c[nH]c2ccc(Cl)cc2c1=O,1
P3_01266,C[C@@H](CO)CNC(=O)c1c[nH]c2ccc(Br)cc2c1=O,0
P3_01267,C[C@H](CO)CNC(=O)c1c[nH]c2ccc(Br)cc2c1=O,0
P3_01268,CCCC(C)(C)NC(=O)c1c[nH]c2ccc(I)cc2c1=O,1
P3_01269,CCC[C@H](C)NC(=O)c1c[nH]c2ccc(Br)cc2c1=O,1
P3_01270,CCC[C@@H](C)NC(=O)c1c[nH]c2ccc(Br)cc2c1=O,1
P3_01271,CCC[C@H](C)NC(=O)c1c[nH]c2ccc(I)cc2c1=O,1
P3_01272,CCCCCCNC(=O)c1c[nH]c2ccc(I)cc2c1=O,1
P3_01273,CCC[C@@H](C)NC(=O)c1c[nH]c2ccc(I)cc2c1=O,1
P3_01274,CC[C@@H](C)CNC(=O)c1c[nH]c2ccc(I)cc2c1=O,0
P3_01275,CC#CCCNC(=O)c1c[nH]c2ccc(C)cc2c1=O,0
P3_01276,CC[C@H](C)CNC(=O)c1c[nH]c2ccc(I)cc2c1=O,0
P3_01277,CCNC(=O)c1c[nH]c2ccccc2c1=O,1
P3_01278,C#CCNC(=O)c1c[nH]c2ccc(Br)cc2c1=O,1
P3_01279,CC(C)(C)CNC(=O)c1c[nH]c2ccc(I)cc2c1=O,0
P3_01280,CCc1ccc2[nH]cc(C(=O)NCCOC)c(=O)c2c1,1
P3_01281,CCc1ccc2[nH]cc(C(=O)NCCO)c(=O)c2c1,1
P3_01282,CCOC(=O)c1cn(C)c2ccc(CC)cc2c1=O,0
P3_01283,CCO[N-]C(=O)c1c[nH]c2ccc(C)cc2c1=O,1
P3_01284,CCO[N-]C(=O)c1c[nH]c2ccc(Br)cc2c1=O,1
P3_01285,CCCN(C)C(=O)c1c[nH]c2ccc(C)cc2c1=O,1
P3_01286,Cc1ccc2[nH]cc(C(=O)NC(C)C)c(=O)c2c1,1
P3_01287,Cc1ccc2[nH]cc(C(=O)N(C)C)c(=O)c2c1,1
P3_01288,COCCNC(=O)c1c[nH]c2ccc(C)cc2c1=O,1
P3_01289,CCON=C(C)c1c[nH]c2ccc(Br)cc2c1=O,1
P3_01290,CCN(CC)C(=O)c1c[nH]c2ccc(Br)cc2c1=O,0
P3_01291,CCN(CC)C(=O)c1c[nH]c2ccc(I)cc2c1=O,1
P3_01292,CON(C)C(=O)c1c[nH]c2ccc(C)cc2c1=O,1
P3_01293,COc1ccc2[nH]cc(C(=O)[O-])c(=O)c2c1,1
P3_01294,CC[C@@H](C)N(C)C(=O)c1c[nH]c2ccc(C)cc2c1=O,1
P3_01295,CC[C@H](C)N(C)C(=O)c1c[nH]c2ccc(C)cc2c1=O,1
P3_01296,CCN(CCO)C(=O)c1c[nH]c2ccc(C)cc2c1=O,1
P3_01297,Cc1ccc2[nH]cc(C(=O)NCCO)c(=O)c2c1,1
P3_01298,CCOc1ccc2[nH]cc(CC)c(=O)c2c1,0
P3_01299,COCCN(C)C(=O)c1c[nH]c2ccc(C)cc2c1=O,0
P3_01300,CC[C@@H](O)CNC(=O)c1c[nH]c2ccc(C)cc2c1=O,1
P3_01301,CC[C@H](O)CNC(=O)c1c[nH]c2ccc(C)cc2c1=O,1
P3_01302,Cc1ccc2[nH]cc(C(=O)NC[C@@H](C)CO)c(=O)c2c1,1
P3_01303,Cc1ccc2[nH]cc(C(=O)NC[C@H](C)CO)c(=O)c2c1,1
P3_01304,Cc1ccc2[nH]cc(C(=O)NCCF)c(=O)c2c1,1
P3_01305,Cc1ccc2[nH]cc(C(=O)N[C@@H](C)CO)c(=O)c2c1,1
P3_01306,Cc1ccc2[nH]cc(C(=O)NCC(F)(F)F)c(=O)c2c1,1
P3_01307,Cc1ccc2[nH]cc(C(=O)NCC(F)F)c(=O)c2c1,1
P3_01308,Cc1ccc2[nH]cc(C(=O)N[C@H](C)CO)c(=O)c2c1,1
P3_01309,Cc1ccc2[nH]cc(C(=O)NC[C@H](C)O)c(=O)c2c1,1
P3_01310,Cc1ccc2[nH]cc(C(=O)NCCCO)c(=O)c2c1,1
P3_01311,Cc1ccc2[nH]cc(C(=O)N(C)CCF)c(=O)c2c1,1
P3_01312,Cc1ccc2[nH]cc(C(=O)NC[C@@H](C)O)c(=O)c2c1,1
P3_01313,COCCCN(C)C(=O)c1c[nH]c2ccc(C)cc2c1=O,1
P3_01314,CCc1c[nH]c2ccc(OC)cc2c1=O,1
P3_01315,C=C(C)CN(C)C(=O)c1c[nH]c2ccc(C)cc2c1=O,1
P3_01316,COCCNC(=O)c1c[nH]c2ccc(Cl)cc2c1=O,1
P3_01317,Cc1ccc2[nH]cc(C(=O)NCCC(N)=O)c(=O)c2c1,1
P3_01318,Cc1ccc2[nH]cc(C(=O)NCCCF)c(=O)c2c1,1
P3_01319,COC(=O)CNC(=O)c1c[nH]c2ccc(Br)cc2c1=O,1
P3_01320,C=CCN(C)C(=O)c1c[nH]c2ccc(C)cc2c1=O,1
P3_01321,Cc1ccc2[nH]cc(C(=O)N(C)CC(F)F)c(=O)c2c1,1
P3_01322,C#CCN(C)C(=O)c1c[nH]c2ccc(C)cc2c1=O,1
P3_01323,CCNC(=O)c1c[nH]c2cc(F)c(F)cc2c1=O,0
P3_01324,CCN(CCO)C(=O)c1c[nH]c2ccc(Br)cc2c1=O,1
P3_01325,Cc1ccc2[nH]cc(C(=O)NCCC#N)c(=O)c2c1,0
P3_01326,CCN(CCO)C(=O)c1c[nH]c2ccc(I)cc2c1=O,1
P3_01327,CSCCN(C)C(=O)c1c[nH]c2ccc(C)cc2c1=O,1
P3_01328,CCN(C)C(=O)c1c[nH]c2cc(F)c(F)cc2c1=O,0
P3_01329,C=CCCN(C)C(=O)c1c[nH]c2ccc(C)cc2c1=O,1
P3_01330,COCCN(C)C(=O)c1c[nH]c2ccc(I)cc2c1=O,0
P3_01331,CC[C@@H](CO)NC(=O)c1c[nH]c2ccc(Br)cc2c1=O,1
P3_01332,N#CCNC(=O)c1c[nH]c2ccc(Br)cc2c1=O,1
P3_01333,CC(C)CNC(=O)c1c[nH]c2ccc(I)cc2c1=O,1
P3_01334,CN(CCO)C(=O)c1c[nH]c2ccc(I)cc2c1=O,1
P3_01335,CN(CCO)C(=O)c1c[nH]c2ccc(Br)cc2c1=O,1
P3_01336,CCCNC(=O)c1c[nH]c2cc(F)c(F)cc2c1=O,0
P3_01337,CO[C@H](C)CNC(=O)c1c[nH]c2ccc(Br)cc2c1=O,0
P3_01338,CO[C@@H](C)CNC(=O)c1c[nH]c2ccc(Br)cc2c1=O,0
P3_01339,CCN(C)C(=O)c1c[nH]c2ccccc2c1=O,1
P3_01340,CC(C)CN(C)C(=O)c1c[nH]c2ccc(Br)cc2c1=O,0
P3_01341,CCOC(=O)[C@H](C)NC(=O)c1c[nH]c2ccc(C)cc2c1=O,1
P3_01342,CCOC(=O)[C@@H](C)NC(=O)c1c[nH]c2ccc(C)cc2c1=O,1
P3_01343,CCOC(=O)[C@H](C)N(C)C(=O)c1c[nH]c2ccc(C)cc2c1=O,1
P3_01344,CCOC(=O)CNC(=O)c1c[nH]c2ccc(Br)cc2c1=O,1
P3_01345,CCN(CC)C(=O)c1c[nH]c2ccc(C)cc2c1=O,0
P3_01346,CCOC(=O)[C@H](C)CNC(=O)c1c[nH]c2ccc(C)cc2c1=O,1
P3_01347,CCOC(=O)[C@@H](C)CNC(=O)c1c[nH]c2ccc(C)cc2c1=O,1
P3_01348,CCOC(=O)CCN(C)C(=O)c1c[nH]c2ccc(C)cc2c1=O,1
P3_01349,CCOC(=O)C(C)(C)N(C)C(=O)c1c[nH]c2ccc(Br)cc2c1=O,1
P3_01350,CCOC(=O)CCN(C)C(=O)c1c[nH]c2ccc(Br)cc2c1=O,1
P3_01351,CCOCCN(C)C(=O)c1c[nH]c2ccc(C)cc2c1=O,1
P3_01352,CCCN(CCC)C(=O)c1c[nH]c2ccc(C)cc2c1=O,1
P3_01353,CCOC(=O)C(C)(C)NC(=O)c1c[nH]c2ccc(C(F)(F)F)cc2c1=O,1
P3_01354,CCOCCN(CC)C(=O)c1c[nH]c2ccc(C)cc2c1=O,1
P3_01355,CCN(CC)CCOC(=O)c1c[nH]c2cc(Cl)c(Cl)cc2c1=O,1
P3_01356,CCOCCOCCN(C)C(=O)c1c[nH]c2ccc(C)cc2c1=O,1
P3_01357,CCCN(CC)C(=O)c1c[nH]c2ccc(C)cc2c1=O,1
P3_01358,CCN(C(=O)c1c[nH]c2ccc(C)cc2c1=O)C(C)C,0
P3_01359,CCNC(=O)c1c[nH]c2ccc(F)cc2c1=O,1
P3_01360,CCN(CCOC)C(=O)c1c[nH]c2ccc(C)cc2c1=O,0
P3_01361,CCOC(=O)[C@H](C)N(C)C(=O)c1c[nH]c2ccccc2c1=O,1
P3_01362,CCONC(=O)c1c[nH]c2cc(F)c(F)cc2c1=O,1
P3_01363,CCOCCN(C)C(=O)c1c[nH]c2ccc(Br)cc2c1=O,1
P3_01364,CCN(CC(C)(C)O)C(=O)c1c[nH]c2ccc(C)cc2c1=O,1
P3_01365,COC(=O)[C@H](C)N(C)C(=O)c1c[nH]c2ccc(C)cc2c1=O,0
P3_01366,COC(=O)[C@@H](C)N(C)C(=O)c1c[nH]c2ccc(C)cc2c1=O,0
P3_01367,CCCCN(CC)C(=O)c1c[nH]c2ccc(C)cc2c1=O,1
P3_01368,CCN(CC(C)C)C(=O)c1c[nH]c2ccc(C)cc2c1=O,0
P3_01369,CCCNC(=O)c1c[nH]c2ccc(F)cc2c1=O,1
P3_01370,CCONC(=O)c1c[nH]c2ccccc2c1=O,1
P3_01371,CCO[N-]C(=O)c1c[nH]c2ccccc2c1=O,1
P3_01372,CCOCCCNC(=O)c1c[nH]c2ccc(F)cc2c1=O,1
P3_01373,CCN(CCC(=O)OC)C(=O)c1c[nH]c2ccc(C)cc2c1=O,1
P3_01374,CCOCCN(CC)C(=O)c1c[nH]c2ccc(Br)cc2c1=O,1
P3_01375,CCCN(CC(=O)OC)C(=O)c1c[nH]c2ccc(C)cc2c1=O,1
P3_01376,COCCCCNC(=O)c1c[nH]c2ccc(C)cc2c1=O,1
P3_01377,CCN(CC(F)F)C(=O)c1c[nH]c2ccc(C)cc2c1=O,1
P3_01378,CCC=CCNC(=O)c1c[nH]c2ccc(F)cc2c1=O,1
P3_01379,CCC[C@@H](C)N(C)C(=O)c1c[nH]c2ccc(C)cc2c1=O,0
P3_01380,C#CCN(CC)C(=O)c1c[nH]c2ccc(C)cc2c1=O,0
P3_01381,CCC[C@H](C)N(C)C(=O)c1c[nH]c2ccc(C)cc2c1=O,0
P3_01382,CCN(CC)C(=O)c1c[nH]c2ccc(C(F)(F)F)cc2c1=O,1
P3_01383,CCOCCOCCN(C)C(=O)c1c[nH]c2ccc(Br)cc2c1=O,0
P3_01384,COCCOCCNC(=O)c1c[nH]c2ccc(C)cc2c1=O,1
P3_01385,CCNC(=O)CN(CC)C(=O)c1c[nH]c2ccc(C)cc2c1=O,1
P3_01386,CC[S@@](=O)CCNC(=O)c1c[nH]c2ccc(C)cc2c1=O,1
P3_01387,CC[S@](=O)CCNC(=O)c1c[nH]c2ccc(C)cc2c1=O,1
P3_01388,CCN(CCSC)C(=O)c1c[nH]c2ccc(C)cc2c1=O,1
P3_01389,CCN(CC(=O)NC)C(=O)c1c[nH]c2ccc(C)cc2c1=O,0
P3_01390,CC[C@@H](C)NC(=O)c1c[nH]c2ccc(F)cc2c1=O,1
P3_01391,CCC(C)NC(=O)c1c[nH]c2ccc(F)cc2c1=O,1
P3_01392,CCc1ccc(CNC[C@@H](O)c2ccccc2)cc1,1
P3_01393,CCc1ccc(CNC[C@H](O)c2ccccc2)cc1,1
P3_01394,CCCc1ccc(CNC[C@@H](O)c2ccccc2)cc1,1
P3_01395,CCCc1ccc(CNCC(O)c2ccccc2)cc1,1
P3_01396,Cc1ccc(CNC[C@@H](O)c2ccccc2)cc1,1
P3_01397,Cc1ccc(CNCC(O)c2ccccc2)cc1,1
P3_01398,Cc1ccc(CNC[C@H](O)c2ccccc2)cc1,1
P3_01399,CCc1cccc(CNCC(O)c2ccccc2)c1,1
P3_01400,CCc1cccc(CNC[C@H](O)c2ccccc2)c1,1
P3_01401,CCc1cccc(CNC[C@@H](O)c2ccccc2)c1,1
P3_01402,Oc1ccc(CNCC(O)c2ccccc2)cc1,1
P3_01403,Oc1ccc(CNC[C@@H](O)c2ccccc2)cc1,1
P3_01404,OCc1ccc(CNC[C@H](O)c2ccccc2)cc1,1
P3_01405,OCc1ccc(CNC[C@@H](O)c2ccccc2)cc1,1
P3_01406,OCc1ccc(CNCC(O)c2ccccc2)cc1,1
P3_01407,Oc1ccc(CNC[C@H](O)c2ccccc2)cc1,1
P3_01408,CNc1ccc(CNC[C@H](O)c2ccccc2)cc1,1
P3_01409,CNc1ccc(CNCC(O)c2ccccc2)cc1,1
P3_01410,CC(O)Cc1ccc(CNC[C@H](O)c2ccccc2)cc1,1
P3_01411,CNc1ccc(CNC[C@@H](O)c2ccccc2)cc1,1
P3_01412,CC(O)Cc1ccc(CNC[C@@H](O)c2ccccc2)cc1,1
P3_01413,CC(O)Cc1ccc(CNCC(O)c2ccccc2)cc1,1
P3_01414,CCc1ccc(CNCC(O)c2ccc(C)cc2)cc1,1
P3_01415,CCc1ccc(CNC[C@@H](O)c2ccc(C)cc2)cc1,1
P3_01416,CCc1ccc(CNC[C@H](O)c2ccc(C)cc2)cc1,1
P3_01417,CCN(CC)Cc1ccc(CNC[C@H](O)c2ccccc2)cc1,1
P3_01418,COCc1ccc(CNC[C@@H](O)c2ccccc2)cc1,1
P3_01419,COCc1ccc(CNCC(O)c2ccccc2)cc1,1
P3_01420,COCc1ccc(CNC[C@H](O)c2ccccc2)cc1,1
P3_01421,CN(C)Cc1ccc(CNC[C@H](O)c2ccccc2)cc1,1
P3_01422,CSCc1ccc(CNC[C@H](O)c2ccccc2)cc1,1
P3_01423,CSCc1ccc(CNCC(O)c2ccccc2)cc1,1
P3_01424,CSCc1ccc(CNC[C@@H](O)c2ccccc2)cc1,1
P3_01425,CCc1ccc(CNC[C@H](O)c2ccc(Br)cc2)cc1,0
P3_01426,CCc1ccc(CNC[C@@H](O)c2ccc(F)cc2)cc1,1
P3_01427,CCc1ccc(CNC[C@H](O)c2ccc(Cl)cc2)cc1,1
P3_01428,CCc1ccc(CNCC(O)c2ccc(Br)cc2)cc1,0
P3_01429,CCc1ccc(CNCC(O)c2ccc(F)cc2)cc1,1
P3_01430,CCc1ccc(CNCC(O)c2ccc(Cl)cc2)cc1,1
P3_01431,CCc1ccc(CNC[C@@H](O)c2ccc(Br)cc2)cc1,0
P3_01432,CCc1ccc(CNC[C@@H](O)c2ccc(Cl)cc2)cc1,1
P3_01433,CCc1ccc(CNC[C@H](O)c2ccc(F)cc2)cc1,1
P3_01434,CCc1ccc(CNCC(O)c2cccc(C)c2)cc1,1
P3_01435,C=Cc1ccc(CNC[C@@H](O)c2ccccc2)cc1,1
P3_01436,C=Cc1ccc(CNC[C@H](O)c2ccccc2)cc1,1
P3_01437,C=Cc1ccc(CNCC(O)c2ccccc2)cc1,1
P3_01438,CCc1ccccc1CNCC(O)c1ccccc1,1
P3_01439,CCc1ccccc1CNC[C@H](O)c1ccccc1,1
P3_01440,CCc1ccccc1CNC[C@@H](O)c1ccccc1,1
P3_01441,CCc1ccc(CNC[C@@H](O)c2cccc(Cl)c2)cc1,1
P3_01442,CS(=O)(=O)Cc1ccc(CNC[C@@H](O)c2ccccc2)cc1,1
P3_01443,CS(=O)(=O)Cc1ccc(CNC[C@H](O)c2ccccc2)cc1,1
P3_01444,CS(=O)(=O)Cc1ccc(CNCC(O)c2ccccc2)cc1,1
P3_01445,CCc1ccc(CNCC(O)c2cccc(F)c2)cc1,1
P3_01446,CCc1ccc(CNCC(O)c2cccc(Cl)c2)cc1,1
P3_01447,CCc1ccc(CNC[C@@H](O)c2cccc(Br)c2)cc1,1
P3_01448,CCc1ccc(CNC[C@H](O)c2cccc(Br)c2)cc1,1
P3_01449,CCc1ccc(CNCC(O)c2cccc(Br)c2)cc1,1
P3_01450,C#Cc1ccc(CNCC(O)c2ccccc2)cc1,1
P3_01451,C#Cc1ccc(CNC[C@H](O)c2ccccc2)cc1,1
P3_01452,C#Cc1ccc(CNC[C@@H](O)c2ccccc2)cc1,1
P3_01453,CCc1ccc(CNC[C@H](O)c2ccccc2)c(F)c1,1
P3_01454,CCc1ccc(CNCC(O)c2ccccc2)c(F)c1,1
P3_01455,CCc1ccc(CNC[C@@H](O)c2ccccc2)c(F)c1,1
P3_01456,CCc1ccc(CNCC(O)c2ccc(C#N)cc2)cc1,1
P3_01457,CCc1ccc(CNCC(O)c2ccccc2C)cc1,1
P3_01458,CCc1ccc(CNCC(O)c2ccc(OC(C)C)cc2)cc1,1
P3_01459,Cc1ccc(CNC[C@@H](O)c2ccccc2)cc1O,1
P3_01460,Cc1ccc(CNCC(O)c2ccccc2)cc1O,1
P3_01461,Cc1ccc(CNC[C@H](O)c2ccccc2)cc1O,1
P3_01462,CCCc1cccc(CNCC(O)c2ccccc2)c1,1
P3_01463,Cc1cccc(CNC[C@H](O)c2ccccc2)c1,1
P3_01464,CCc1ccc(CNCC(O)c2ccccc2F)cc1,0
P3_01465,Cc1cccc(CNCC(O)c2ccccc2)c1,1
P3_01466,CCc1ccc(CNC[C@H](O)c2ccccc2F)cc1,0
P3_01467,CCc1ccc(CNCC(O)c2cc(F)c(F)c(F)c2)cc1,1
P3_01468,CCc1ccc(CNC[C@@H](O)c2ccccc2Cl)cc1,0
P3_01469,CCc1ccc(CNCC(O)c2ccc(C)c(C)c2)cc1,1
P3_01470,CCc1ccc(CNCC(O)c2ccccc2Br)cc1,0
P3_01471,CCc1ccc(CNCC(O)c2ccccc2Cl)cc1,0
P3_01472,Cc1cccc(CNC[C@@H](O)c2ccccc2)c1,1
P3_01473,CCc1ccc(CNC[C@H](O)c2ccccc2Cl)cc1,0
P3_01474,CCc1ccc(CNCC(O)c2cccc(OC(C)C)c2)cc1,1
P3_01475,CCc1ccc(CNCC(O)c2ccc(F)c(F)c2)cc1,0
P3_01476,CCc1ccc([C@H](O)CNCc2c(F)cccc2F)cc1,0
P3_01477,CCc1ccc([C@@H](O)CNCc2c(F)cccc2F)cc1,0
P3_01478,OCc1cccc(CNC[C@H](O)c2ccccc2)c1,1
P3_01479,CCc1ccc(CNCC(O)c2c(F)cccc2F)cc1,0
P3_01480,OCc1cccc(CNCC(O)c2ccccc2)c1,1
P3_01481,OCc1cccc(CNC[C@@H](O)c2ccccc2)c1,1
P3_01482,CCc1cccc(CNCC(O)c2ccc(C)cc2)c1,1
P3_01483,Oc1ccc(CNC[C@@H](O)c2ccccc2)cc1Br,1
P3_01484,CCc1cccc(CNC[C@H](O)c2ccc(C)cc2)c1,1
P3_01485,Oc1ccc(CNC[C@H](O)c2ccccc2)cc1Br,1
P3_01486,Oc1ccc(CNCC(O)c2ccccc2)cc1Br,1
P3_01487,CCc1cccc(CNC[C@@H](O)c2ccc(C)cc2)c1,1
P3_01488,CCc1cccc(CNC[C@H](O)c2ccc(Br)cc2)c1,0
P3_01489,CCc1ccc(CNC[C@@H]([NH3+])c2ccccc2)cc1,1
P3_01490,CCc1ccc(CNC[C@H]([NH3+])c2ccccc2)cc1,1
P3_01491,CCc1ccc([C@H](O)CNCc2ccccc2I)cc1,1
P3_01492,CCc1ccc([C@@H](O)CNCc2ccccc2I)cc1,1
P3_01493,OC(CNCc1ccccc1)c1cccc(F)c1,1
P3_01494,C#CC(NCC(O)c1ccc(CC)cc1)c1ccccc1,1
P3_01495,Cc1ccc(CNCC(O)c2cccc(F)c2)cc1,1
P3_01496,Cc1cc(F)c(CNC[C@H](O)c2ccccc2)c(F)c1,1
P3_01497,Cc1cc(F)c(CNC[C@@H](O)c2ccccc2)c(F)c1,1
P3_01498,Oc1ccc(CNCC(O)c2cccc(F)c2)cc1,1
P3_01499,Cc1ccc(CNC[C@@H]([NH3+])c2ccccc2)cc1,1
P3_01500,Cc1ccc(CNC[C@H]([NH3+])c2ccccc2)cc1,1
P3_01501,OC(CNCc1ccc(F)cc1)c1cccc(Cl)c1,1
P3_01502,O[C@H](CNCc1ccc(F)cc1)c1cccc(Cl)c1,1
P3_01503,CSCc1ccc(CNCC(O)c2cccc(F)c2)cc1,1
P3_01504,CSc1ccc(CNCC(O)c2cccc(F)c2)cc1,1
P3_01505,CC(C)c1ccc(CNC[C@@H]([NH3+])c2ccccc2)cc1,1
P3_01506,CC(C)c1ccc(CNC[C@H]([NH3+])c2ccccc2)cc1,1
P3_01507,COc1ccc(CNC[C@@H](O)c2ccccc2)c(Br)c1,1
P3_01508,COc1ccc(CNC[C@H](O)c2ccccc2)c(Br)c1,1
P3_01509,CCOc1ccc(CNC[C@H]([NH3+])c2ccccc2)cc1,1
P3_01510,CCOc1ccc(CNC[C@@H]([NH3+])c2ccccc2)cc1,1
P3_01511,Cc1cc(F)c(CNC[C@H](O)c2ccccc2)c(Cl)c1,1
P3_01512,Cc1cc(F)c(CNC[C@@H](O)c2ccccc2)c(Cl)c1,1
P3_01513,Cc1cc(CNC[C@H](O)c2ccccc2)c(Br)cc1F,1
P3_01514,Cc1cc(CNC[C@@H](O)c2ccccc2)c(Br)cc1F,1
P3_01515,Cc1ccc([C@@H](O)CNCc2cccc(F)c2)cc1,0
P3_01516,Cc1ccc([C@H](O)CNCc2cccc(F)c2)cc1,0
P3_01517,COc1ccc(CNC[C@H]([NH3+])c2ccccc2)cc1,1
P3_01518,COc1ccc(CNC[C@@H]([NH3+])c2ccccc2)cc1,1
P3_01519,CCCOc1ccc(CNC[C@H]([NH3+])c2ccccc2)cc1,1
P3_01520,CCCOc1ccc(CNC[C@@H]([NH3+])c2ccccc2)cc1,1
P3_01521,Cc1ccc([C@@H](O)CNCc2ccccc2I)cc1,1
P3_01522,Cc1ccc([C@H](O)CNCc2ccccc2I)cc1,1
P3_01523,CC(C)Oc1ccc(CNC[C@H]([NH3+])c2ccccc2)cc1,1
P3_01524,CC(C)Oc1ccc(CNC[C@@H]([NH3+])c2ccccc2)cc1,1
P3_01525,CC[C@H](NC[C@H](O)c1ccc(C)cc1)c1ccccc1,1
P3_01526,CC[C@H](NCC(O)c1ccc(C)cc1)c1ccccc1,1
P3_01527,CC[C@@H](NC[C@@H](O)c1ccc(C)cc1)c1ccccc1,1
P3_01528,CCC(NC[C@@H](O)c1ccc(C)cc1)c1ccccc1,1
P3_01529,CCC(NC[C@H](O)c1ccc(C)cc1)c1ccccc1,1
P3_01530,CCC(NCC(O)c1ccc(C)cc1)c1ccccc1,1
P3_01531,CC[C@H](NC[C@@H](O)c1ccc(C)cc1)c1ccccc1,1
P3_01532,CCC(NC[C@@H](O)c1ccccc1)c1ccc(C)cc1,1
P3_01533,CC[C@@H](NCC(O)c1ccc(C)cc1)c1ccccc1,1
P3_01534,CCC(NC[C@H](O)c1ccccc1)c1ccc(C)cc1,1
P3_01535,CCC(NCC(O)c1ccccc1)c1ccc(C)cc1,1
P3_01536,CC[C@@H](NC[C@H](O)c1ccc(C)cc1)c1ccccc1,1
P3_01537,CC[C@@H](NC[C@@H](O)c1ccc(F)cc1)c1ccccc1,1
P3_01538,CC[C@H](NC[C@@H](O)c1ccc(Cl)cc1)c1ccccc1,1
P3_01539,CCC(NCC(O)c1ccccc1)c1ccc(Br)cc1,1
P3_01540,CC[C@H](NC[C@H](O)c1ccc(Cl)cc1)c1ccccc1,1
P3_01541,CCC(NC[C@H](O)c1ccc(Cl)cc1)c1ccccc1,1
P3_01542,CCC(NCC(O)c1ccc(Cl)cc1)c1ccccc1,1
P3_01543,CC[C@@H](NC[C@@H](O)c1ccc(Cl)cc1)c1ccccc1,1
P3_01544,CCC(NC[C@@H](O)c1ccc(Cl)cc1)c1ccccc1,1
P3_01545,CCC(NC[C@@H](O)c1ccccc1)c1ccc(Br)cc1,1
P3_01546,CC[C@@H](NC[C@H](O)c1ccc(Cl)cc1)c1ccccc1,1
P3_01547,CC[C@@H](NCC(O)c1ccc(F)cc1)c1ccccc1,1
P3_01548,CCC(NC[C@H](O)c1ccc(F)cc1)c1ccccc1,1
P3_01549,CCC(NCC(O)c1ccccc1)c1ccc(Cl)cc1,1
P3_01550,Cc1ccc(CNC[C@H]([NH3+])c2ccccc2)cc1C,1
P3_01551,CC[C@H](NC[C@@H](O)c1ccc(F)cc1)c1ccccc1,1
P3_01552,CCC(NCC(O)c1ccc(F)cc1)c1ccccc1,1
P3_01553,CCC(NC[C@@H](O)c1ccc(F)cc1)c1ccccc1,1
P3_01554,CC[C@H](NCC(O)c1ccc(F)cc1)c1ccccc1,1
P3_01555,CC(CNCc1ccccc1)c1cccc(F)c1,1
P3_01556,Cc1ccc(CNC[C@@H]([NH3+])c2ccccc2)cc1C,1
P3_01557,CCC(NCC(O)c1ccccc1)c1ccc(I)cc1,1
P3_01558,CCC(NC[C@@H](O)c1ccccc1)c1ccc(Cl)cc1,1
P3_01559,CC(C)c1ccc([C@H]([NH3+])CNCc2ccccc2)cc1,1
P3_01560,CC(C)c1ccc([C@@H]([NH3+])CNCc2ccccc2)cc1,1
P3_01561,CCC(NC[C@@H](O)c1ccccc1)c1cccc(C)c1,1
P3_01562,CCC(NC[C@@H](O)c1ccccc1)c1ccccc1Br,1
P3_01563,CCC(NCC(O)c1ccccc1)c1ccccc1Br,1
P3_01564,CCC(NC[C@H](O)c1ccccc1)c1cccc(C)c1,1
P3_01565,CCC(NCC(O)c1ccccc1)c1cccc(C)c1,1
P3_01566,Cc1cc(C)cc(CNC[C@@H]([NH3+])c2ccccc2)c1,1
P3_01567,Cc1cc(C)cc(CNC[C@H]([NH3+])c2ccccc2)c1,1
P3_01568,CCC(NCC(O)c1ccccc1)c1cccc(Cl)c1,1
P3_01569,CCC(NC[C@H](O)c1ccccc1)c1cccc(F)c1,1
P3_01570,CCC(NC[C@@H](O)c1ccccc1)c1cccc(Cl)c1,1
P3_01571,CCC(NCC(O)c1ccccc1)c1cccc(Br)c1,1
P3_01572,CCC(NCC(O)c1ccccc1)c1cccc(F)c1,1
P3_01573,CCC(NC[C@@H](O)c1ccccc1)c1cccc(F)c1,1
P3_01574,CCC(NC[C@@H](O)c1ccccc1)c1cccc(OC)c1,1
P3_01575,CCC(NCC(O)c1ccccc1)c1cccc(OC)c1,1
P3_01576,CCC(NC[C@H](O)c1ccccc1)c1cccc(OC)c1,1
P3_01577,Cc1cc(CNC[C@@H]([NH3+])c2ccccc2)ccc1Cl,1
P3_01578,Cc1ccc(CNC[C@H]([NH3+])c2ccccc2)cc1F,1
P3_01579,Cc1ccc(CNC[C@@H]([NH3+])c2ccccc2)cc1F,1
P3_01580,Cc1ccc(CNC[C@@H]([NH3+])c2ccccc2)cc1Br,1
P3_01581,Cc1ccc(CNC[C@H]([NH3+])c2ccccc2)cc1Br,1
P3_01582,Cc1cc(CNC[C@H]([NH3+])c2ccccc2)ccc1Cl,1
P3_01583,Cc1cc(CNC[C@H]([NH3+])c2ccccc2)ccc1F,1
P3_01584,Cc1ccc(CNC[C@@H]([NH3+])c2ccccc2)cc1Cl,1
P3_01585,Cc1ccc(CNC[C@H]([NH3+])c2ccccc2)cc1Cl,1
P3_01586,Cc1cc(CNC[C@@H]([NH3+])c2ccccc2)ccc1Br,1
P3_01587,Cc1cc(CNC[C@H]([NH3+])c2ccccc2)ccc1Br,1
P3_01588,Cc1cc(CNC[C@@H]([NH3+])c2ccccc2)ccc1F,1
P3_01589,CC(O)c1ccc(CNCC(O)c2ccccc2)cc1,1
P3_01590,CC(O)c1ccc(CNC[C@@H](O)c2ccccc2)cc1,1
P3_01591,CC(O)c1ccc(CNC[C@H](O)c2ccccc2)cc1,1
P3_01592,CC(C)(O)c1ccc(CNCC(O)c2ccccc2)cc1,1
P3_01593,CC(C)(O)c1ccc(CNC[C@@H](O)c2ccccc2)cc1,1
P3_01594,CC(C)(O)c1ccc(CNC[C@H](O)c2ccccc2)cc1,1
P3_01595,CCc1ccc(C(O)CNCc2ccc(O)cc2)cc1,1
P3_01596,CCc1ccc(C(O)CNCc2ccc(CO)cc2)cc1,1
P3_01597,CCc1ccc(C(O)CNCc2ccc(F)cc2)cc1,0
P3_01598,O=C(O)c1ccc(CNC[C@H](O)c2ccccc2)cc1,1
P3_01599,O=C(O)c1ccc(CNCC(O)c2ccccc2)cc1,1
P3_01600,O=C(O)c1ccc(CNC[C@@H](O)c2ccccc2)cc1,1
P3_01601,CC(F)(F)c1ccc(CNC[C@H](O)c2ccccc2)cc1,1
P3_01602,CS(=O)c1ccc(CNCC(O)c2ccccc2)cc1,1
P3_01603,CS(=O)c1ccc(CNC[C@H](O)c2ccccc2)cc1,1
P3_01604,CS(=O)c1ccc(CNC[C@@H](O)c2ccccc2)cc1,1
P3_01605,CC(F)(F)c1ccc(CNCC(O)c2ccccc2)cc1,1
P3_01606,CC(F)(F)c1ccc(CNC[C@@H](O)c2ccccc2)cc1,1
P3_01607,Cc1cc(C)cc(CNCC(O)c2ccccc2)c1,1
P3_01608,Cc1cc(C)cc(CNC[C@H](O)c2ccccc2)c1,1
P3_01609,CCc1ccc(CNCC(CO)c2ccccc2)cc1,1
P3_01610,Cc1cc(C)cc(CNC[C@@H](O)c2ccccc2)c1,1
P3_01611,NC(=O)c1ccc(CNCC(O)c2ccccc2)cc1,1
P3_01612,NC(=O)c1ccc(CNC[C@H](O)c2ccccc2)cc1,1
P3_01613,NC(=O)c1ccc(CNC[C@@H](O)c2ccccc2)cc1,1
P3_01614,CC(C)c1cccc(CNC[C@@H](O)c2ccccc2)c1,1
P3_01615,CC(C)c1cccc(CNC[C@H](O)c2ccccc2)c1,1
P3_01616,C[C@@H](O)c1cccc(CNCC(O)c2ccccc2)c1,1
P3_01617,C[C@@H](O)c1cccc(CNC[C@@H](O)c2ccccc2)c1,1
P3_01618,CC(C)c1cccc(CNCC(O)c2ccccc2)c1,1
P3_01619,C[C@@H](O)c1cccc(CNC[C@H](O)c2ccccc2)c1,1
P3_01620,OCCOc1ccc(CNC[C@@H](O)c2ccccc2)cc1,1
P3_01621,COc1ccc(CNC[C@H](O)c2ccccc2)cc1OC,1
P3_01622,COc1ccc(CNCC(O)c2ccccc2)cc1OC,1
P3_01623,CCc1ccc(C(O)CNCc2cccc(F)c2)cc1,0
P3_01624,CCc1ccc(C(O)CNCc2ccccc2NC)cc1,1
P3_01625,COc1ccc(CNC[C@@H](O)c2ccccc2)cc1OC,1
P3_01626,OCCOc1ccc(CNCC(O)c2ccccc2)cc1,1
P3_01627,OCCOc1ccc(CNC[C@H](O)c2ccccc2)cc1,1
P3_01628,CCc1ccc(CNCC(OC)c2ccccc2)cc1,1
P3_01629,CCc1ccc(C(O)CNCc2ccc(F)c(F)c2)cc1,0
P3_01630,CCc1ccc(C(O)CNCc2ccccc2OC)cc1,1
P3_01631,COc1ccc(CNC[C@H](O)c2ccccc2)cc1C,1
P3_01632,CSc1ccc(CNC[C@@H](O)c2ccccc2)cc1C,1
P3_01633,CSc1ccc(CNC[C@H](O)c2ccccc2)cc1C,1
P3_01634,COc1ccc(CNC[C@@H](O)c2ccccc2)cc1C,1
P3_01635,COc1ccc(CNCC(O)c2ccccc2)cc1C,1
P3_01636,CSc1ccc(CNCC(O)c2ccccc2)cc1C,1
P3_01637,Oc1c(F)cc(CNC[C@@H](O)c2ccccc2)cc1F,1
P3_01638,Oc1c(F)cc(CNCC(O)c2ccccc2)cc1F,1
P3_01639,Oc1c(F)cc(CNC[C@H](O)c2ccccc2)cc1F,1
P3_01640,Cc1cc(F)cc(CNCC(O)c2ccccc2)c1,1
P3_01641,CCc1ccc(C(O)CNCc2ccc(C)c(F)c2)cc1,0
P3_01642,Cc1cc(Cl)cc(CNC[C@@H](O)c2ccccc2)c1,1
P3_01643,CN(C)c1cccc(CNC[C@@H](O)c2ccccc2)c1,1
P3_01644,CCc1ccc(C(O)CNCc2ccc(O)c(F)c2)cc1,1
P3_01645,Cc1cc(Cl)cc(CNCC(O)c2ccccc2)c1,1
P3_01646,Cc1cc(Cl)cc(CNC[C@H](O)c2ccccc2)c1,1
P3_01647,Cc1cc(F)cc(CNC[C@H](O)c2ccccc2)c1,1
P3_01648,CN(C)c1cccc(CNC[C@H](O)c2ccccc2)c1,1
P3_01649,CN(C)c1cccc(CNCC(O)c2ccccc2)c1,1
P3_01650,Cc1cc(F)cc(CNC[C@@H](O)c2ccccc2)c1,1
P3_01651,COc1ccc(CNCC(O)c2ccccc2)cc1Cl,1
P3_01652,Cc1ccc(CNCC(O)c2ccccc2)cc1C#N,1
P3_01653,COc1ccc(CNC[C@H](O)c2ccccc2)cc1Cl,1
P3_01654,COc1ccc(CNC[C@@H](O)c2ccccc2)cc1Cl,1
P3_01655,COc1ccc(CNC[C@@H](O)c2ccccc2)cc1Br,1
P3_01656,COc1ccc(CNCC(O)c2ccccc2)cc1Br,1
P3_01657,CSc1ccc(CNCC(O)c2ccccc2)cc1Cl,1
P3_01658,COc1ccc(CNC[C@H](O)c2ccccc2)cc1Br,1
P3_01659,CSc1ccc(CNC[C@H](O)c2ccccc2)cc1Cl,1
P3_01660,Cc1ccc(CNC[C@H](O)c2ccccc2)cc1C#N,1
P3_01661,CSc1ccc(CNC[C@@H](O)c2ccccc2)cc1Cl,1
P3_01662,Cc1ccc(CNC[C@@H](O)c2ccccc2)cc1C#N,1
P3_01663,CC(O)c1ccc(CNCC(C)c2ccccc2)cc1,1
P3_01664,CCc1ccc(C(O)CNCc2ccc(Cl)c(F)c2)cc1,1
P3_01665,Cc1ccc([C@H](O)CNCc2ccc(CF)cc2)cc1,1
P3_01666,Cc1ccc(C(O)CNCc2ccc(CF)cc2)cc1,1
P3_01667,Cc1ccc([C@@H](O)CNCc2ccc(CF)cc2)cc1,1
P3_01668,CCc1ccc(C(CNCc2ccccc2)N(C)C)cc1,1
P3_01669,Oc1cc(Br)cc(CNC[C@@H](O)c2ccccc2)c1,1
P3_01670,Oc1cc(F)cc(CNCC(O)c2ccccc2)c1,1
P3_01671,Oc1cc(F)cc(CNC[C@@H](O)c2ccccc2)c1,1
P3_01672,Oc1cc(Br)cc(CNCC(O)c2ccccc2)c1,1
P3_01673,Oc1cc(Cl)cc(CNC[C@H](O)c2ccccc2)c1,1
P3_01674,Oc1cc(F)cc(CNC[C@H](O)c2ccccc2)c1,1
P3_01675,Oc1cc(Cl)cc(CNC[C@@H](O)c2ccccc2)c1,1
P3_01676,Oc1cc(Cl)cc(CNCC(O)c2ccccc2)c1,1
P3_01677,Oc1cc(Br)cc(CNC[C@H](O)c2ccccc2)c1,1
P3_01678,N#Cc1ccc(CNCC(O)c2ccccc2)cc1Cl,1
P3_01679,N#Cc1ccc(CNC[C@H](O)c2ccccc2)cc1Cl,1
P3_01680,N#Cc1ccc(CNC[C@@H](O)c2ccccc2)cc1Cl,1
P3_01681,COc1ccc(CNC[C@@H](O)c2ccccc2)cc1C(F)(F)F,1
P3_01682,COc1ccc(CNC[C@H](O)c2ccccc2)cc1C(F)(F)F,1
P3_01683,COc1ccc([C@@H](O)CNCc2ccc(C)cc2)cc1,1
P3_01684,COc1ccc(C(O)CNCc2ccc(C)cc2)cc1,1
P3_01685,COc1ccc([C@H](O)CNCc2ccc(C)cc2)cc1,1
P3_01686,Cc1cc(F)c(CNCC(O)c2ccccc2)c(F)c1,1
P3_01687,CC(C)Cc1ccc(CNCC(O)c2ccccc2)cc1,1
P3_01688,CCOc1ccc(CNC[C@H](O)c2ccccc2)cc1,1
P3_01689,CCOCc1ccc(CNC[C@@H](O)c2ccccc2)cc1,1
P3_01690,CCOCc1ccc(CNCC(O)c2ccccc2)cc1,1
P3_01691,CCOCc1ccc(CNC[C@H](O)c2ccccc2)cc1,1
P3_01692,CCOc1ccc(CNC[C@@H](O)c2ccccc2)cc1,1
P3_01693,CCOc1ccc(CNCC(O)c2ccccc2)cc1,1
P3_01694,COc1ccc(CNC[C@@H](O)c2ccccc2)cc1,1
P3_01695,COc1ccc(CNCC(O)c2ccccc2)cc1,1
P3_01696,COc1ccc(CNC[C@H](O)c2ccccc2)cc1,1
P3_01697,CSc1ccc(CNC[C@@H](O)c2ccccc2)cc1,1
P3_01698,CSc1ccc(CNCC(O)c2ccccc2)cc1,1
P3_01699,CSc1ccc(CNC[C@H](O)c2ccccc2)cc1,1
P3_01700,OCCc1ccc(CNC[C@H](O)c2ccccc2)cc1,1
P3_01701,OCCc1ccc(CNCC(O)c2ccccc2)cc1,1
P3_01702,OCCc1ccc(CNC[C@@H](O)c2ccccc2)cc1,1
P3_01703,CCCOc1ccc(CNCC(O)c2ccccc2)cc1,1
P3_01704,CCCOc1ccc(CNC[C@@H](O)c2ccccc2)cc1,1
P3_01705,CCCOc1ccc(CNC[C@H](O)c2ccccc2)cc1,1
P3_01706,CC(C)OCc1ccc(CNC[C@H](O)c2ccccc2)cc1,1
P3_01707,CC(C)OCc1ccc(CNCC(O)c2ccccc2)cc1,1
P3_01708,CC(C)OCc1ccc(CNC[C@@H](O)c2ccccc2)cc1,1
P3_01709,CC(C)Oc1ccc(CNC[C@@H](O)c2ccccc2)cc1,1
P3_01710,CC(C)Oc1ccc(CNCC(O)c2ccccc2)cc1,1
P3_01711,CC(C)Oc1ccc(CNC[C@H](O)c2ccccc2)cc1,1
P3_01712,CCc1ccc(CNCC(O)c2ccc(OC)cc2)cc1,1
P3_01713,Cc1ccc(CNCC(O)c2ccccc2)cc1C,1
P3_01714,Cc1ccc(CNC[C@@H](O)c2ccccc2)cc1C,1
P3_01715,Cc1ccc(CNC[C@H](O)c2ccccc2)cc1C,1
P3_01716,CCc1ccc(CNC[C@H](O)c2ccc(OC)cc2)cc1,1
P3_01717,CCc1ccc(CNC[C@@H](O)c2ccc(OC)cc2)cc1,1
P3_01718,CCCCCOc1ccc(CNCC(O)c2ccccc2)cc1,1
P3_01719,COCCOCc1ccc(CNC[C@H](O)c2ccccc2)cc1,1
P3_01720,COCCOCc1ccc(CNCC(O)c2ccccc2)cc1,1
P3_01721,COCCOCc1ccc(CNC[C@@H](O)c2ccccc2)cc1,1
P3_01722,CCc1ccc(CNCC(O)c2cccc(OC)c2)cc1,1
P3_01723,OC/C=C/c1ccccc1,1
P3_01724,CC(C)/C=C\c1ccccc1,1
P3_01725,OC/C=C\c1ccccc1,1
P3_01726,CCCC(C)(C)c1ccccc1,1
P3_01727,C=C(C)/C=C/c1ccccc1,1
P3_01728,C=C(C)/C=C\c1ccccc1,1
P3_01729,CC(C)=C/C=C\c1ccccc1,1
P3_01730,CC(C)=C/C=C/c1ccccc1,1
P3_01731,CCC/C=C/c1ccccc1,1
P3_01732,CCC/C=C\c1ccccc1,1
P3_01733,CC(C)(O)/C=C/c1ccccc1,1
P3_01734,O=C(Nc1ccccc1)C(Cl)(Cl)Cl,1
P3_01735,O=C(/C=C/c1ccccc1)C(F)(F)F,1
P3_01736,O[C@H](/C=C/c1ccccc1)C(F)(F)F,1
P3_01737,O[C@@H](/C=C/c1ccccc1)C(F)(F)F,1
P3_01738,O[C@@H](/C=C\c1ccccc1)C(F)(F)F,1
P3_01739,O[C@H](/C=C\c1ccccc1)C(F)(F)F,1
P3_01740,CCC(CC)c1ccccc1,1
P3_01741,CCCCc1ccccc1,1
P3_01742,CCCCCc1ccccc1,1
P3_01743,CC[C@@H](C)Cc1ccccc1,1
P3_01744,CC[C@H](C)Cc1ccccc1,1
P3_01745,CCC[C@H](C)c1ccccc1,1
P3_01746,CCCCCCc1ccccc1,1
P3_01747,CCC[C@@H](C)c1ccccc1,1
P3_01748,CC(C)=CCc1ccccc1,1
P3_01749,C=C(CCC)c1ccccc1,1
P3_01750,CCCCCOc1ccccc1,1
P3_01751,OCCC=Cc1ccccc1,1
P3_01752,CCC[C@@H](CC)c1ccccc1,1
P3_01753,CCC[C@H](CC)c1ccccc1,1
P3_01754,CCC[C@H](C)Cc1ccccc1,1
P3_01755,CCC[C@@H](C)Cc1ccccc1,1
P3_01756,CCCC[C@H](C)c1ccccc1,1
P3_01757,CCCC[C@@H](C)c1ccccc1,1
P3_01758,C=C(CCCC)c1ccccc1,1
P3_01759,CC(C)=CCOc1ccccc1,1
P3_01760,CCC=CCOc1ccccc1,1
P3_01761,CNc1ccccc1I,1
P3_01762,COc1ccccc1I,1
P3_01763,CSc1cccc(Br)c1,1
P3_01764,COc1ccccc1CO,1
P3_01765,COc1ccc(I)cc1,1
P3_01766,Brc1ccccc1Br,1
P3_01767,Brc1cccc(Br)c1,1
P3_01768,COc1cc(CO)c(OC)c2c1OCO2,0
P3_01769,COc1cc(C[NH3+])c(OC)c2c1OCO2,0
P3_01770,COCc1cc(OC)c2c(c1OC)OCO2,0
P3_01771,CCCc1cc(OC)c2c(c1OC)OCO2,0
P3_01772,COc1cc(CC[NH3+])c(OC)c2c1OCO2,0
P3_01773,C=CCc1cc2c(cc1OC)OCO2,1
P3_01774,COc1cc(CCC(=O)[O-])c(OC)c2c1OCO2,0
P3_01775,C/C=C/c1cc(OC)c2c(c1OC)OCO2,0
P3_01776,COc1cc(C=C(Br)Br)c(OC)c2c1OCO2,0
P3_01777,COc1cc(C[C@@H](O)CC#N)c(OC)c2c1OCO2,0
P3_01778,COc1cc(C[C@H](O)CC#N)c(OC)c2c1OCO2,0
P3_01779,COc1cc(/C=C/C(C)=O)c(OC)c2c1OCO2,0
P3_01780,C=Cc1cc(OC)c2c(c1)OCO2,0
P3_01781,C=CC[NH+](CC=C)Cc1cc(OC)c2c(c1)OCO2,0
P3_01782,C=CCN(CC=C)Cc1cc(OC)c2c(c1)OCO2,0
P3_01783,C=CCN(C)Cc1cc(OC)c2c(c1)OCO2,0
P3_01784,C=CC[N@@H+](C)Cc1cc(OC)c2c(c1)OCO2,0
P3_01785,C=CC[N@H+](C)Cc1cc(OC)c2c(c1)OCO2,0
P3_01786,C=Cc1c(C(=O)OC)cc(OC)c2c1OCO2,0
P3_01787,C=CCc1cc2c(cc1OCC)OCO2,0
P3_01788,C=CCC[N@H+](C)Cc1cc(OC)c2c(c1)OCO2,0
P3_01789,C=CCC[N@@H+](C)Cc1cc(OC)c2c(c1)OCO2,0
P3_01790,C=CCc1cc2c(cc1OC(C)C)OCO2,0
P3_01791,C=CC[N@@H+](Cc1cc(OC)c2c(c1)OCO2)C(C)(C)C,0
P3_01792,C=CC[N@H+](Cc1cc(OC)c2c(c1)OCO2)C(C)C,0
P3_01793,C=CC[N@@H+](Cc1cc(OC)c2c(c1)OCO2)C(C)C,0
P3_01794,C=CC[N@H+](Cc1cc(OC)c2c(c1)OCO2)C(C)(C)C,0
P3_01795,C=CCN(CC=C)Cc1cc2c(cc1OC)OCO2,0
P3_01796,C=CCc1cc2c(cc1OCCC)OCO2,0
P3_01797,C=CC[NH+](CC=C)Cc1cc2c(cc1OC)OCO2,0
P3_01798,CCCc1cc(OC)c2c(c1)OCO2,0
P3_01799,C=CCN(C)Cc1cc2c(cc1OC)OCO2,0
P3_01800,COc1cc(C[NH+](C)C)cc2c1OCO2,0
P3_01801,COc1cc(CC[NH3+])cc2c1OCO2,0
P3_01802,COc1c(CO)cc2c(c1OC)OCO2,0
P3_01803,COc1cc(C=C(Br)Br)cc2c1OCO2,0
P3_01804,COc1cc2c(cc1OC)OCO2,1
P3_01805,C=CCC[N@H+](C)Cc1cc2c(cc1OC)OCO2,0
P3_01806,C=CC[C@H](C)[NH2+]Cc1cc2c(cc1OC)OCO2,0
P3_01807,C=CC[C@@H](C)[NH2+]Cc1cc2c(cc1OC)OCO2,0
P3_01808,C=CCC[N@@H+](C)Cc1cc2c(cc1OC)OCO2,0
P3_01809,COc1cc(C[C@H](C)[NH3+])cc2c1OCO2,0
P3_01810,CC[NH+](CC)Cc1cc(OC)c2c(c1)OCO2,0
P3_01811,COc1cc(C[C@@H](C)[NH3+])cc2c1OCO2,0
P3_01812,C=CCN(Cc1cc2c(cc1OC)OCO2)C(C)C,0
P3_01813,C=CC[N@@H+](Cc1cc2c(cc1OC)OCO2)C(C)C,0
P3_01814,C=CC[N@H+](Cc1cc2c(cc1OC)OCO2)C(C)C,0
P3_01815,C/C=C/c1cc2c(c(OC)c1OC)OCO2,0
P3_01816,C=C[C@H](C)[NH2+]Cc1cc2c(cc1OC)OCO2,0
P3_01817,COc1cc(C[N@H+](C)C(C)(C)C)cc2c1OCO2,0
P3_01818,C=C[C@@H](C)[NH2+]Cc1cc2c(cc1OC)OCO2,0
P3_01819,COc1cc(C[N@@H+](C)C(C)(C)C)cc2c1OCO2,0
P3_01820,CC[N@H+](C)Cc1cc(OC)c2c(c1)OCO2,0
P3_01821,CC[N@@H+](C)Cc1cc(OC)c2c(c1)OCO2,0
P3_01822,CC[C@@H](C)[N@H+](C)Cc1cc(OC)c2c(c1)OCO2,0
P3_01823,C=CCC(C)(C)C[NH2+]Cc1cc2c(cc1OC)OCO2,0
P3_01824,C=CCCC(C)(C)[NH2+]Cc1cc2c(cc1OC)OCO2,0
P3_01825,CC[C@@H](C)[N@@H+](C)Cc1cc(OC)c2c(c1)OCO2,0
P3_01826,CC[C@H](C)[N@H+](C)Cc1cc(OC)c2c(c1)OCO2,0
P3_01827,CC[C@H](C)[N@@H+](C)Cc1cc(OC)c2c(c1)OCO2,0
P3_01828,COc1cc(C[N@@H+](C)C(C)C)cc2c1OCO2,0
P3_01829,COc1cc(C[N@H+](C)C(C)C)cc2c1OCO2,0
P3_01830,C=C[C@H](C)NCc1cc2c(cc1OC)OCO2,0
P3_01831,C=C[C@@H](C)NCc1cc2c(cc1OC)OCO2,0
P3_01832,COc1cc(C[NH2+]C/C=C/Cl)cc2c1OCO2,0
P3_01833,COc1cc(C[NH2+]C/C=C\Cl)cc2c1OCO2,0
P3_01834,C=C(Cl)CNCc1cc(OC)c2c(c1)OCO2,0
P3_01835,CCC[N@H+](C)Cc1cc(OC)c2c(c1)OCO2,0
P3_01836,CCC[N@@H+](C)Cc1cc(OC)c2c(c1)OCO2,0
P3_01837,COc1cc(CC[C@@H](C)O)c(OC)c2c1OCO2,0
P3_01838,COc1cc(CC[C@H](C)O)c(OC)c2c1OCO2,0
P3_01839,COc1cc(O)c(OC)c2c1OCO2,0
P3_01840,COc1cc(C(C)C)c(OC)c2c1OCO2,0
P3_01841,COc1cc(Br)cc2c1OCO2,0
P3_01842,COc1cc(O)cc2c1OCO2,0
P3_01843,COc1c(O)cc2c(c1OC)OCO2,0
P3_01844,CCCNCc1cc(OC)c2c(c1)OCO2,0
P3_01845,CCCN(C)Cc1cc(OC)c2c(c1)OCO2,1
P3_01846,C=C(CO)c1ccc2c(c1OC)OCO2,0
P3_01847,C=C(CCO)c1ccc2c(c1OC)OCO2,1
P3_01848,C=C(COC)c1ccc2c(c1OC)OCO2,0
P3_01849,COc1cc2c(cc1O)OCO2,0
P3_01850,COc1cc2c(cc1Br)OCO2,0
P3_01851,COc1cc2c(cc1C[N@H+](C)C(C)(C)C)OCO2,0
P3_01852,COc1cc2c(cc1C[N@@H+](C)C(C)(C)C)OCO2,0
P3_01853,COc1cc2c(cc1C[N@H+](C)[C@H](C)C(C)C)OCO2,0
P3_01854,COc1cc2c(cc1C[N@@H+](C)[C@@H](C)C(C)C)OCO2,0
P3_01855,COc1cc2c(cc1C[N@H+](C)[C@@H](C)C(C)C)OCO2,0
P3_01856,COc1cc2c(cc1C[N@@H+](C)[C@H](C)C(C)C)OCO2,0
P3_01857,CC[NH+](CC)Cc1cc2c(cc1OC)OCO2,0
P3_01858,COc1cc2c(cc1C[C@H](C)[NH3+])OCO2,0
P3_01859,COc1cc2c(cc1C[C@@H](C)[NH3+])OCO2,0
P3_01860,CCC(CC)[N@H+](CC)Cc1cc2c(cc1OC)OCO2,1
P3_01861,CC[C@@H](C)[N@@H+](C)Cc1cc2c(cc1OC)OCO2,0
P3_01862,CC[C@H](C)[N@H+](C)Cc1cc2c(cc1OC)OCO2,0
P3_01863,CC[C@@H](C)[N@H+](C)Cc1cc2c(cc1OC)OCO2,0
P3_01864,CC[C@H](C)[N@@H+](C)Cc1cc2c(cc1OC)OCO2,0
P3_01865,CCC(CC)[N@@H+](CC)Cc1cc2c(cc1OC)OCO2,1
P3_01866,CC[N@H+](C)Cc1cc2c(cc1OC)OCO2,0
P3_01867,CC[N@@H+](C)Cc1cc2c(cc1OC)OCO2,0
P3_01868,CCN(C)Cc1cc2c(cc1OC)OCO2,0
P3_01869,COc1cc2c(cc1C[NH2+]CCF)OCO2,0
P3_01870,CCN(CCO)Cc1cc2c(cc1OC)OCO2,1
P3_01871,CCN(CCOC)Cc1cc2c(cc1OC)OCO2,0
P3_01872,COc1cc2c(cc1C[N@@H+](C)C(C)C)OCO2,0
P3_01873,CCC[NH+](CCC)Cc1cc2c(cc1OC)OCO2,0
P3_01874,COc1cc2c(cc1C[NH2+]CC(C)C)OCO2,0
P3_01875,COc1cc2c(cc1C[N@H+](C)C(C)C)OCO2,0
P3_01876,C#CCN(CC)Cc1cc2c(cc1OC)OCO2,0
P3_01877,CCC[N@H+](C)Cc1cc2c(cc1OC)OCO2,0
P3_01878,CCC[N@@H+](C)Cc1cc2c(cc1OC)OCO2,0
P3_01879,CCN(Cc1cc2c(cc1OC)OCO2)C[C@@H](C)OC,1
P3_01880,CCN(Cc1cc2c(cc1OC)OCO2)C[C@H](C)OC,1
P3_01881,CCN(CCCO)Cc1cc2c(cc1OC)OCO2,1
P3_01882,CCN(CCSC)Cc1cc2c(cc1OC)OCO2,0
P3_01883,CCOCCN(CC)Cc1cc2c(cc1OC)OCO2,0
P3_01884,CC[N@H+](Cc1cc2c(cc1OC)OCO2)C(C)(C)C,0
P3_01885,CCC[N@@H+](CC)Cc1cc2c(cc1OC)OCO2,0
P3_01886,CC[N@@H+](Cc1cc2c(cc1OC)OCO2)C(C)(C)C,0
P3_01887,COc1cc2c(cc1C[N@H+](C)CC(C)C)OCO2,0
P3_01888,CC[N@H+](Cc1cc2c(cc1OC)OCO2)C(C)C,0
P3_01889,CC[N@@H+](Cc1cc2c(cc1OC)OCO2)C(C)C,0
P3_01890,CCC[N@H+](CC)Cc1cc2c(cc1OC)OCO2,0
P3_01891,COc1cc2c(cc1C[N@@H+](C)CC(C)C)OCO2,0
P3_01892,CCC(CC)[N@@H+](CCOC)Cc1cc2c(cc1OC)OCO2,1
P3_01893,CCC(CC)[N@H+](CCOC)Cc1cc2c(cc1OC)OCO2,1
P3_01894,CCCC[N@H+](C)Cc1cc2c(cc1OC)OCO2,0
P3_01895,COc1cc2c(cc1C[N@@H+](CC(C)C)C(C)C)OCO2,0
P3_01896,COc1cc(CCO)c(OC)c2c1OCO2,0
P3_01897,COc1cc(CC#N)c(OC)c2c1OCO2,0
P3_01898,COc1cc(C[C@@H](O)CO)c(OC)c2c1OCO2,0
P3_01899,COc1cc(C[C@H](O)CO)c(OC)c2c1OCO2,0
P3_01900,COc1cc(C#N)c(OC)c2c1OCO2,0
P3_01901,COc1cc(C(C)=O)c(OC)c2c1OCO2,0
P3_01902,CCC(=O)c1cc(OC)c2c(c1OC)OCO2,0
P3_01903,COc1cc(C(N)=O)c(OC)c2c1OCO2,0
P3_01904,COC(=O)c1cc(OC)c2c(c1OC)OCO2,0
P3_01905,COc1cc(CO)cc2c1OCO2,0
P3_01906,COc1c(Cl)cc(Br)c2c1OCO2,0
P3_01907,COC(=O)c1cc(OC)c2c(c1Br)OCO2,0
P3_01908,COC(=O)c1cc(OC)c2c(c1C=C(C)C)OCO2,0
P3_01909,COc1c(/C=C\CO)cc2c(c1OC)OCO2,0
P3_01910,COc1c(/C=C/CO)cc2c(c1OC)OCO2,0
P3_01911,COc1cc(C#CBr)cc2c1OCO2,0
P3_01912,COc1c(CC#N)cc2c(c1OC)OCO2,0
P3_01913,COc1cc(C[C@@H](O)CO)cc2c1OCO2,0
P3_01914,COc1cc(C[C@H](O)CO)cc2c1OCO2,0
P3_01915,COc1c(C[C@@H](C)[NH3+])cc2c(c1OC)OCO2,0
P3_01916,COc1c(C[C@H](C)[NH3+])cc2c(c1OC)OCO2,0
P3_01917,COc1cc2c(cc1CO)OCO2,0
P3_01918,COc1c(C#N)cc2c(c1OC)OCO2,0
P3_01919,COc1c(C[C@H](O)CO)cc2c(c1OC)OCO2,0
P3_01920,COc1c(C[C@@H](O)CO)cc2c(c1OC)OCO2,0
P3_01921,COc1c(Br)c(C#N)c(OC)c2c1OCO2,0
P3_01922,COc1c(Br)c([C@@H](C)O)c(OC)c2c1OCO2,0
P3_01923,COc1c(Br)c(C(C)=O)c(OC)c2c1OCO2,0
P3_01924,COc1c(Br)c([C@H](C)O)c(OC)c2c1OCO2,0
P3_01925,CCCc1c(OC)c(OC)c2c(c1C(C)=O)OCO2,0
P3_01926,COc1c2c(c(Br)c([C@H](C)O)c1OC)OCO2,0
P3_01927,COc1c2c(c(Br)c([C@@H](C)O)c1OC)OCO2,0
P3_01928,COc1c2c(c(Br)c(C(C)=O)c1OC)OCO2,0
P3_01929,C=Cc1cc2c(c(C(=O)OC)c1)OCO2,0
P3_01930,C=C(c1ccc2c(c1OC)OCO2)[C@@H](C)O,0
P3_01931,COC(=O)c1cc2c(c(OC)c1Br)OCO2,0
P3_01932,C/C=C/c1cc(OC)c2c(c1)OCO2,0
P3_01933,C/C=C\c1cc(OC)c2c(c1)OCO2,0
P3_01934,CCC(=O)c1cc(OC)c2c(c1)OCO2,0
P3_01935,COC(=O)c1cc(OC)c2c(c1)OCO2,0
P3_01936,CCC=Cc1ccc2c(c1OC)OCO2,0
P3_01937,COCC=Cc1ccc2c(c1OC)OCO2,0
P3_01938,C=CCOc1cc(Cl)c2c(c1)OCO2,0
P3_01939,C=C(C)C[N@@H+](C)Cc1cc2c(cc1OC)OCO2,0
P3_01940,C=C(C)CN(C)Cc1cc2c(cc1OC)OCO2,0
P3_01941,C=C(C)C[N@H+](C)Cc1cc2c(cc1OC)OCO2,0
P3_01942,CCOC(=O)c1cc2c(cc1OC)OCO2,0
P3_01943,COC(=O)c1cc2c(cc1OC)OCO2,0
P3_01944,CCN(C)C(=O)c1cc2c(cc1OC)OCO2,0
P3_01945,COc1cc2c(cc1C(=O)N(C)C)OCO2,0
P3_01946,C=Cc1ccc(C(=O)OCC)c2c1OCO2,0
P3_01947,C/C=C(\C)c1cc2c(c(C(=O)OC)c1)OCO2,0
P3_01948,COC(=O)c1cc2c(c(OC(C)C)c1)OCO2,0
P3_01949,COC(=O)c1cc(C=C(C)C)cc2c1OCO2,0
P3_01950,C=C(C)Cc1cc2c(cc1OC(C)C)OCO2,0
P3_01951,CCCOc1cc2c(cc1CCC)OCO2,0
P3_01952,CC(C)NC(=S)Nc1ccc(Cl)cc1,1
P3_01953,CC(C)C(=O)Nc1ccc(Cl)cc1,1
P3_01954,C[C@H](CC(N)=O)C(=O)Nc1ccc(Cl)cc1,1
P3_01955,C[C@@H](CC(N)=O)C(=O)Nc1ccc(Cl)cc1,1
P3_01956,CC(C)CNC(=S)Nc1ccc(Cl)cc1,1
P3_01957,CC(C)C(=O)NC(=S)Nc1ccc(Cl)cc1,1
P3_01958,CC(C)[C@@H](C)N(C)C(=O)Nc1ccc(Cl)cc1,1
P3_01959,CC(C)C(C)(C)NC(=O)Nc1ccc(Cl)cc1,1
P3_01960,CC(C)[C@H](C)N(C)C(=O)Nc1ccc(Cl)cc1,1
P3_01961,C[C@H](CNC(=S)Nc1ccc(Cl)cc1)C[C@H](C)O,1
P3_01962,C[C@H](CNC(=S)Nc1ccc(Cl)cc1)C[C@@H](C)O,1
P3_01963,C[C@@H](CNC(=S)Nc1ccc(Cl)cc1)C[C@@H](C)O,1
P3_01964,CC(C)CN(C)C(=S)Nc1ccc(Cl)cc1,1
P3_01965,C[C@@H](CNC(=O)Nc1ccc(Cl)cc1)C(=O)[O-],0
P3_01966,C[C@H](C(=O)[O-])N(C)C(=O)Nc1ccc(Cl)cc1,1
P3_01967,CC[C@H](C)N(C)C(=S)Nc1ccc(Cl)cc1,1
P3_01968,CC[C@@H](C)N(C)C(=S)Nc1ccc(Cl)cc1,1
P3_01969,C[C@@H](C(=O)[O-])N(C)C(=O)Nc1ccc(Cl)cc1,1
P3_01970,C[C@H](CNC(=O)Nc1ccc(Cl)cc1)C(=O)[O-],0
P3_01971,CC(C)NC(=O)CNC(=O)Nc1ccc(Cl)cc1,1
P3_01972,CC(C)N(C[C@H](C)O)C(=O)Nc1ccc(Cl)cc1,0
P3_01973,C[C@@H](C[NH3+])N(C)C(=O)Nc1ccc(Cl)cc1,1
P3_01974,C[C@H](C[NH3+])N(C)C(=O)Nc1ccc(Cl)cc1,1
P3_01975,CC(C)N(C[C@@H](C)O)C(=O)Nc1ccc(Cl)cc1,0
P3_01976,C[C@H](C(=O)[O-])N(C)C(=S)Nc1ccc(Cl)cc1,1
P3_01977,C[C@H]([N-]C(=O)C(F)(F)F)C(=O)Nc1ccc(Cl)cc1,1
P3_01978,C[C@@H]([N-]C(=O)C(F)(F)F)C(=O)Nc1ccc(Cl)cc1,1
P3_01979,C[C@@H](C(=O)[O-])N(C)C(=S)Nc1ccc(Cl)cc1,1
P3_01980,C[C@H](C(=O)Nc1ccc(Cl)cc1)N(C)CC(=O)[O-],1
P3_01981,C[C@H](CN(C)C(=O)Nc1ccc(Cl)cc1)C(=O)[O-],1
P3_01982,C[C@@H](CN(C)C(=O)Nc1ccc(Cl)cc1)C(=O)[O-],1
P3_01983,CC(C)[C@H](CNC(=O)Nc1ccc(Cl)cc1)C(=O)[O-],0
P3_01984,CC(C)[C@@H](CNC(=O)Nc1ccc(Cl)cc1)C(=O)[O-],0
P3_01985,C[C@@H](CN(C)C(=O)[O-])C(=O)Nc1ccc(Cl)cc1,1
P3_01986,C[C@H](CN(C)C(=O)[O-])C(=O)Nc1ccc(Cl)cc1,1
P3_01987,CCC(C)CN=C(N)Nc1ccc(Br)cc1,0
P3_01988,CCC(CC)CN=C(N)Nc1ccc(C)cc1,1
P3_01989,Br.CCC(CN=C(N)Nc1ccc(C)cc1)C(C)C,0
P3_01990,CCC(CN=C(N)Nc1ccc(Br)cc1)C(C)C,0
P3_01991,Br.CCC(C)CN=C(N)Nc1ccccc1,1
P3_01992,Br.C=C(Cl)CN=C(N)Nc1ccc(C)cc1,0
P3_01993,CCC(CN=C(N)Nc1ccc(OC)cc1)C(C)C,1
P3_01994,Br.CC(C)C(C)(C)CN=C(N)Nc1ccccc1,1
P3_01995,Br.C=C(Cl)CN=C(N)Nc1ccc(CC)cc1,0
P3_01996,CC(C)[C@@H](C)NC(=S)Nc1ccc(Cl)cc1,1
P3_01997,CC(C)[C@H](C)NC(=S)Nc1ccc(Cl)cc1,1
P3_01998,CC[C@H](C)NC(=S)Nc1ccc(Cl)cc1,1
P3_01999,C[C@@H](NC(=S)Nc1ccc(Cl)cc1)C(F)F,1
P3_02000,C[C@H](NC(=S)Nc1ccc(Cl)cc1)C(F)F,1
P3_02001,CCC(C)NC(=S)Nc1ccc(Cl)cc1,1
P3_02002,CC[C@@H](C)NC(=S)Nc1ccc(Cl)cc1,1
P3_02003,CC(C)(NC(=S)Nc1ccc(Cl)cc1)C(N)=O,1
P3_02004,CCC[C@H](C)NC(=S)Nc1ccc(Cl)cc1,1
P3_02005,CCC[C@@H](C)NC(=S)Nc1ccc(Cl)cc1,1
P3_02006,CCC(CC)NC(=S)Nc1ccc(Cl)cc1,1
P3_02007,C[C@H](CC(F)(F)F)NC(=S)Nc1ccc(Cl)cc1,1
P3_02008,C[C@@H](CC(F)(F)F)NC(=S)Nc1ccc(Cl)cc1,1
P3_02009,CC(C)[C@H](CCO)NC(=S)Nc1ccc(Cl)cc1,1
P3_02010,CC(C)[C@@H](CCO)NC(=S)Nc1ccc(Cl)cc1,1
P3_02011,CC(C)(NC(=S)Nc1ccc(Cl)cc1)C(F)F,1
P3_02012,CC(C)C[C@H](C#N)NC(=S)Nc1ccc(Cl)cc1,1
P3_02013,CC(C)C[C@@H](C#N)NC(=S)Nc1ccc(Cl)cc1,1
P3_02014,CC(C)(CO)NC(=S)Nc1ccc(Cl)cc1,1
P3_02015,CCC(C)(C)NC(=S)Nc1ccc(Cl)cc1,1
P3_02016,CC(C)C(C)(C)CN=C(N)Nc1ccc(Br)cc1,0
P3_02017,CC(C)C[C@](C)(C#N)NC(=S)Nc1ccc(Cl)cc1,1
P3_02018,CC(C)C[C@@](C)(C#N)NC(=S)Nc1ccc(Cl)cc1,1
P3_02019,CC(=O)/C=C(/C)NC(=S)Nc1ccc(Cl)cc1,1
P3_02020,CC[C@H](CC#N)NC(=S)Nc1ccc(Cl)cc1,1
P3_02021,CC[C@@H](CC#N)NC(=S)Nc1ccc(Cl)cc1,1
P3_02022,COCC(C)(C)NC(=S)Nc1ccc(Cl)cc1,1
P3_02023,CC(=O)CC(C)(C)NC(=S)Nc1ccc(Cl)cc1,1
P3_02024,CC[C@](C)(C#N)NC(=S)Nc1ccc(Cl)cc1,1
P3_02025,CC[C@@](C)(C#N)NC(=S)Nc1ccc(Cl)cc1,1
P3_02026,CSC(C)(C)CN=C(N)Nc1ccc(OC(C)C)cc1,0
P3_02027,C[C@H](NC(=S)Nc1ccc(Br)cc1)C(N)=O,0
P3_02028,CCC[C@](C)(C#N)NC(=S)Nc1ccc(Cl)cc1,1
P3_02029,CCC[C@@](C)(C#N)NC(=S)Nc1ccc(Cl)cc1,1
P3_02030,CC(C)NC(=S)Nc1ccc(CC(N)=O)cc1,0
P3_02031,CC(C)NC(=S)Nc1ccc(Br)cc1,1
P3_02032,CC(C)NC(=S)Nc1ccc(F)cc1,1
P3_02033,Br.COC(C)(C)CN=C(N)Nc1ccc(Br)cc1,1
P3_02034,CC(CF)NC(=S)Nc1ccc(C(C)C)cc1,1
P3_02035,Br.CCOC(C)(C)CN=C(N)Nc1ccc(C)cc1,1
P3_02036,CC(C)NC(=S)Nc1ccc(Cl)c(F)c1,1
P3_02037,CC(C)C(C)NC(=S)Nc1ccc(Br)cc1,1
P3_02038,C=C(Cl)CN=C(N)Nc1cccc(C(C)C)c1,1
P3_02039,Cc1cc(Nc2ccc(C)c(Cl)c2)n2ncnc2n1,1
P3_02040,COc1cc(Nc2cc(C)nc3nc(C(F)(F)F)nn23)cc(OC)c1C,1
P3_02041,COc1cc(Nc2cc(C)nc3nc(C(F)(F)F)nn23)ccc1OC(C)C,1
P3_02042,COc1ccc(Nc2cc(C)nc3nc(C(F)(F)F)nn23)cc1OC(C)C,1
P3_02043,COc1cc(C)c(Nc2cc(C)nc3nc(C(F)(F)F)nn23)cc1OC,1
P3_02044,Cc1cc(Nc2ccc(C)c(C)c2)n2nc(C)nc2n1,1
P3_02045,COc1ccc(Nc2cc(C)nc3nc(C)nn23)cc1Cl,1
P3_02046,COc1ccc(Nc2cc(C)nc3nc(C(F)(F)F)nn23)c(OC)c1,1
P3_02047,Cc1cc(Nc2ccc(Cl)c(N(C)C)c2)n2nc(C)nc2n1,1
P3_02048,Cc1cc(Nc2ccc(Cl)c(Cl)c2)n2ncnc2n1,1
P3_02049,Cc1cc(Nc2ccc(N(C)C)c(C)c2)n2nc(C)nc2n1,1
P3_02050,Cc1cc(Nc2ccc(C)c(C)c2)n2ncnc2n1,1
P3_02051,CCc1ccc(Nc2cc(C)nc3ncnn23)cc1Cl,1
P3_02052,Cc1cc(Nc2cccc(C(F)(F)F)c2)n2ncnc2n1,1
P3_02053,Cc1cc(Nc2ccc(C)c(Br)c2)n2ncnc2n1,1
P3_02054,Cc1cc(Nc2ccc(N(C)C)c(C(F)(F)F)c2)n2ncnc2n1,1
P3_02055,Cc1cc(Nc2cc(Cl)cc(C(F)(F)F)c2)n2ncnc2n1,1
P3_02056,Cc1cc(Nc2cc(C(F)(F)F)ccc2Cl)n2ncnc2n1,1
P3_02057,Cc1ccc(Nc2cc(C(F)(F)F)nc3ncnn23)cc1C,0
P3_02058,CCOc1ccc(Nc2cc(C)nc3ncnn23)cc1C(F)(F)F,1
P3_02059,Cc1cc(Nc2cc(C)c(Cl)c(C)c2)n2ncnc2n1,1
P3_02060,Cc1ccc(Nc2cc(C(F)(F)F)nc3ncnn23)cc1F,0
P3_02061,Cc1cc(Nc2ccc(C(F)(F)F)cc2C)n2ncnc2n1,1
P3_02062,CCc1cc(Nc2cc(C(F)(F)F)nc3ncnn23)ccc1C,1
P3_02063,CCOc1ccc(Nc2cc(C)nc3nc(C(F)(F)F)nn23)cc1,1
P3_02064,COc1cc(Nc2cc(C)nc3nc(C(F)(F)F)nn23)cc(OC)c1,0
P3_02065,Cc1cc(Nc2cccc(CCCO)c2)n2nc(C(F)(F)F)nc2n1,1
P3_02066,Cc1cc(Nc2cccc(C[S@@](C)=O)c2)n2nc(C(F)(F)F)nc2n1,0
P3_02067,Cc1cc(Nc2cccc(C[S@](C)=O)c2)n2nc(C(F)(F)F)nc2n1,0
P3_02068,COc1ccc(Nc2cc(C)nc3nc(C)nn23)cc1OC,1
P3_02069,CCOc1ccc(Nc2cc(C)nc3nc(C)nn23)cc1F,1
P3_02070,COc1cc(Nc2cc(C)nc3nc(C)nn23)ccc1OC(F)F,1
P3_02071,CCc1ccc(Nc2cc(C(F)(F)F)nc3ncnn23)cc1C,0
P3_02072,Cc1cc(Nc2cc(C(F)(F)F)nc3ncnn23)ccc1N(C)C,0
P3_02073,Cc1cc(Nc2ccc(C(F)(F)F)cc2F)n2ncnc2n1,1
P3_02074,COc1c(F)cc(Nc2cc(C)nc3ncnn23)cc1C(F)(F)F,0
P3_02075,CCc1cc(Nc2ccc(F)c(Cl)c2)n2ncnc2n1,1
P3_02076,CCc1cc(Nc2ccc(OCC(F)(F)F)c(C)c2)n2ncnc2n1,0
P3_02077,CCc1cc(Nc2ccc(C)c(C)c2)n2ncnc2n1,0
P3_02078,COc1ccc(Nc2cc(C(F)(F)F)nc3ncnn23)cc1OC,1
P3_02079,CCc1cc(Nc2ccc(SC)c(Cl)c2)n2ncnc2n1,1
P3_02080,Cc1cc(Nc2cccc(COC(C)C)c2)n2nc(C(F)(F)F)nc2n1,1
P3_02081,Cc1cc(Nc2ccc(OCC(F)(F)F)c(C)c2)n2ncnc2n1,1
P3_02082,Cc1cc(Nc2ccc(OC(C)C)c(Cl)c2)n2ncnc2n1,1
P3_02083,Cc1cc(Nc2ccc(OCC(F)(F)F)cc2)n2ncnc2n1,1
P3_02084,Cc1cc(Nc2ccc(OCC(F)(F)F)c(F)c2)n2ncnc2n1,1
P3_02085,Cc1cc(Nc2ccc(C)c(OC(F)F)c2)n2ncnc2n1,1
P3_02086,Cc1cc(Nc2ccc(OC(F)(F)F)cc2)n2ncnc2n1,1
P3_02087,Cc1cc(Nc2cc(Cl)ccc2C)n2ncnc2n1,1
P3_02088,Cc1cc(Nc2ccc(OC(F)(F)F)c(F)c2)n2ncnc2n1,1
P3_02089,Cc1cc(Nc2ccc(Cl)c(OC(C)C)c2)n2ncnc2n1,1
P3_02090,Cc1cc(Nc2cccc(OCC(F)(F)F)c2)n2ncnc2n1,1
P3_02091,Cc1cc(Nc2ccc(C)c(OCC(F)F)c2)n2ncnc2n1,1
P3_02092,Cc1cc(Nc2ccc(C)c(OC(C)C)c2)n2ncnc2n1,1
P3_02093,Cc1cc(Nc2cc(C)c(Cl)cc2F)n2ncnc2n1,1
P3_02094,Cc1cc(Nc2ccc(N(C)C)c(C)c2)n2ncnc2n1,1
P3_02095,Cc1cc(Nc2cccc(OC(F)(F)F)c2)n2ncnc2n1,1
P3_02096,Cc1cc(Nc2cccc(CC(F)(F)F)c2)n2ncnc2n1,1
P3_02097,Cc1cc(Nc2cccc(C(F)F)c2)n2ncnc2n1,1
P3_02098,Cc1cc(Nc2cc(Cl)cc(Cl)c2)n2ncnc2n1,1
P3_02099,Cc1cc(Nc2ccc(C(F)F)cc2)n2ncnc2n1,1
P3_02100,Cc1cc(Nc2ccc(Br)cc2)n2ncnc2n1,1
P3_02101,Cc1cc(Nc2ccc(NC(=O)CC(F)(F)F)cc2)n2ncnc2n1,1
P3_02102,Cc1cc(Nc2cccc(Cl)c2)n2nc(C)nc2n1,1
P3_02103,CSc1ccc(Nc2cc(C)nc3nc(C)nn23)cc1,1
P3_02104,CCCc1ccc(Nc2cc(C)nc3nc(C)nn23)cc1,1
P3_02105,CSCc1ccc(Nc2cc(C)nc3nc(C)nn23)cc1,1
P3_02106,COCc1ccc(Nc2cc(C)nc3nc(C)nn23)cc1,1
P3_02107,CCc1cc(Nc2ccc(Cl)cc2)n2ncnc2n1,1
P3_02108,Cc1cc(Nc2ccc(SC(C)C)cc2)n2ncnc2n1,1
P3_02109,CCc1ccc(Nc2cc(C(F)(F)F)nc3ncnn23)cc1,0
P3_02110,Fc1ccc(Nc2cc(C(F)(F)F)nc3ncnn23)cc1,0
P3_02111,COc1ccc(Nc2cc(C(F)(F)F)nc3ncnn23)cc1,0
P3_02112,CSc1ccc(Nc2cc(C(F)(F)F)nc3ncnn23)cc1,0
P3_02113,CCOc1ccc(Nc2cc(C(F)(F)F)nc3ncnn23)cc1,0
P3_02114,FC(F)(F)c1cc(Nc2ccccc2)n2ncnc2n1,1
P3_02115,COCc1ccc(Nc2cc(C(F)(F)F)nc3ncnn23)cc1,0
P3_02116,CCc1cc(Nc2cc(C(F)(F)F)nc3ncnn23)ccc1F,0
P3_02117,CSCc1ccc(Nc2cc(C(F)(F)F)nc3ncnn23)cc1,0
P3_02118,CCOc1cc(Cl)c([C@@H](C)NC(=O)c2ccc(OC)cc2)cc1OCC,1
P3_02119,CCOc1cc(Cl)c([C@H](C)NC(=O)c2ccc(OC)cc2)cc1OCC,1
P3_02120,CCOc1ccc([C@@H](C)NC(=O)c2cccc(OC)c2)cc1OCC,1
P3_02121,CCOc1ccc([C@H](C)NC(=O)c2cccc(OC)c2)cc1OCC,1
P3_02122,CCOc1cccc(C(=O)NC(C)c2cc(OC)ccc2OC)c1,1
P3_02123,CCOc1cc(Cl)c([C@H](C)NC(=O)c2ccccc2OC)cc1OCC,1
P3_02124,CCOc1cc(Cl)c([C@@H](C)NC(=O)c2ccccc2OC)cc1OCC,1
P3_02125,CCOc1ccc([C@@H](C)NC(=O)c2cccc(OC)c2)cc1OC,1
P3_02126,CCOc1ccc([C@H](C)NC(=O)c2cccc(OC)c2)cc1OC,1
P3_02127,CCOc1cccc(C(=O)N[C@H](C)c2cccc(OC)c2)c1,0
P3_02128,CCOc1ccc([C@@H](C)NC(=O)c2cccc(OC)c2)cc1,0
P3_02129,CCOc1ccc([C@H](C)NC(=O)c2cccc(OC)c2)cc1,0
P3_02130,CCOc1cccc([C@H](C)NC(=O)c2cccc(OC)c2)c1,1
P3_02131,CCOc1cccc([C@@H](C)NC(=O)c2cccc(OC)c2)c1,1
P3_02132,CCOc1cccc(C(=O)N[C@H](C)c2cc(OC)c(OC)cc2C)c1,1
P3_02133,CCOc1ccc(C(=O)NC(C)c2cccc(OC)c2)cc1OCC,1
P3_02134,CCOc1ccc(C(=O)N[C@H](C)c2cccc(OC)c2)cc1OCC,1
P3_02135,CCOc1ccc(C(=O)N[C@@H](C)c2cccc(OC)c2)cc1OCC,1
P3_02136,CCOc1cccc(C(=O)N[C@@H](C)c2cc(OC)c(OC)cc2C)c1,1
P3_02137,CCOc1cc(C(=O)NC(C)c2cccc(OC)c2)ccc1OC,0
P3_02138,CCOc1cccc(C(=O)N[C@H](C)c2cc(OC)c(OC)cc2F)c1,1
P3_02139,CCOc1cccc(C(=O)N[C@@H](C)c2cc(OC)c(OC)cc2F)c1,1
P3_02140,CCOc1cc(C(=O)N[C@H](C)c2cccc(OC)c2)ccc1OC,0
P3_02141,COc1cccc(C(=O)N[C@H](C)c2cc(OC)c(OC)cc2C)c1,1
P3_02142,COc1cccc(C(=O)N[C@@H](C)c2cc(OC)c(OC)cc2C)c1,1
P3_02143,CCOc1cc(C(=O)N[C@@H](C)c2ccccc2Cl)ccc1OC,0
P3_02144,CCOc1cc(C(=O)NC(C)c2ccccc2Cl)ccc1OC,0
P3_02145,CCOc1cc(C(=O)N[C@H](C)c2ccccc2Cl)ccc1OC,0
P3_02146,CCOc1ccc(C(=O)NC(C)c2cc(OC)ccc2OC)cc1OCC,1
P3_02147,CCOc1cccc(C(=O)NC(C)c2ccc(OCC)c(OCC)c2)c1,0
P3_02148,CCOc1cc(C(=O)NC(C)c2cc(OC)ccc2OC)ccc1OC,0
P3_02149,CCOc1cccc(C(=O)NC(C)c2ccc(OCC)c(OC)c2)c1,1
P3_02150,CCOc1cc(C(=O)N[C@@H](C)c2ccc(OC)cc2OC)ccc1OC,1
P3_02151,CCOc1cc(C(=O)NC(C)c2cccc(OC)c2)ccc1C,0
P3_02152,CCOc1cc(C(=O)N[C@@H](C)c2cccc(OC)c2)ccc1C,0
P3_02153,CCOc1cc(C(=O)N[C@H](C)c2cccc(OC)c2)ccc1C,0
P3_02154,CCOc1ccc(C(=O)NC(C)c2cccc(OC)c2)cc1C,1
P3_02155,CCOc1c(Cl)cc(C(=O)N[C@H](C)c2cccc(OC)c2)cc1OC,1
P3_02156,CCOc1c(Cl)cc(C(=O)N[C@@H](C)c2cccc(OC)c2)cc1OC,1
P3_02157,CCOc1cccc(C(=O)NC(C)c2cc(OC)c(OC)c(OC)c2)c1,1
P3_02158,CCOc1cc(C(=O)NC(C)c2cccc(OC)c2)cc(OCC)c1OCC,0
P3_02159,CCOc1cccc([C@@H](C)NC(=O)c2ccc(OC)c(Cl)c2)c1,1
P3_02160,CCCOc1cccc(C(=O)N[C@@H](C)c2cc(OC)c(OC)cc2C)c1,1
P3_02161,CCCOc1cccc(C(=O)N[C@H](C)c2cc(OC)c(OC)cc2C)c1,1
P3_02162,CCOc1cccc(C(=O)NC(C)c2ccc(OC)c(OC)c2C)c1,1
P3_02163,CCOc1cccc([C@@H](C)NC(=O)c2ccc(Cl)c(OC)c2)c1,1
P3_02164,CCOc1cccc([C@H](C)NC(=O)c2ccc(Cl)c(OC)c2)c1,1
P3_02165,CCOc1cccc([C@H](C)NC(=O)c2ccc(OC)c(Cl)c2)c1,1
P3_02166,CCOc1ccc(C(=O)NC(C)c2cc(OC)ccc2OC)cc1OC,1
P3_02167,COc1ccc([C@H](C)NC(=O)c2cccc(Cl)c2)c(OC)c1,1
P3_02168,CCOc1cccc(C(=O)NC(C)c2cccc(OCC)c2)c1,1
P3_02169,CCc1ccc([C@H](C)NC(=O)c2cccc(OC)c2)cc1,0
P3_02170,CCc1ccc([C@@H](C)NC(=O)c2cccc(OC)c2)cc1,0
P3_02171,CCOc1ccc([C@H](C)NC(=O)c2cccc(Cl)c2)cc1OCC,1
P3_02172,CCOc1ccc([C@@H](C)NC(=O)c2cccc(Cl)c2)cc1OCC,1
P3_02173,CCOc1cccc(C(=O)N[C@@H](C)c2ccc(OC)c(C)c2)c1,0
P3_02174,CCOc1cccc(C(=O)N[C@H](C)c2ccc(OC)c(C)c2)c1,0
P3_02175,CCOc1ccc([C@H](C)NC(=O)c2cccc(OC(F)F)c2)cc1OCC,0
P3_02176,CCOc1ccc([C@@H](C)NC(=O)c2cccc(OC(F)F)c2)cc1OCC,0
P3_02177,CCOc1ccc([C@@H](C)NC(=O)c2cccc(Cl)c2)cc1OC,1
P3_02178,CCOc1ccc([C@H](C)NC(=O)c2cccc(Cl)c2)cc1OC,1
P3_02179,CCOc1ccc([C@H](C)NC(=O)c2cccc(OCCOC)c2)cc1OC,1
P3_02180,CCOc1ccc([C@@H](C)NC(=O)c2cccc(OCCOC)c2)cc1OC,1
P3_02181,CCOc1ccc([C@@H](C)NC(=O)c2cccc(OCC)c2)cc1,1
P3_02182,CCOc1ccc([C@H](C)NC(=O)c2cccc(OCC)c2)cc1,1
P3_02183,CCOc1ccc([C@H](C)NC(=O)c2cc(OC)cc(OC)c2)cc1OCC,0
P3_02184,CCOc1ccc(C(=O)NC(C)c2cccc(OC)c2)cc1,1
P3_02185,CCOc1cccc([C@@H](C)NC(=O)c2cc(OC)cc(OC)c2)c1,1
P3_02186,CCOc1cccc([C@H](C)NC(=O)c2cc(OC)cc(OC)c2)c1,1
P3_02187,CCOc1ccc([C@@H](C)NC(=O)c2cc(OC)cc(OC)c2)cc1OCC,0
P3_02188,CCOc1ccc(C(=O)NC(C)c2ccc(OC)cc2)cc1OCC,1
P3_02189,CCOc1cc(C(=O)NC(C)c2ccccc2OCC)ccc1OC,0
P3_02190,CCOc1ccc([C@H](C)NC(=O)c2ccc(OC)c(Cl)c2)cc1OCC,1
P3_02191,CCOc1ccc([C@@H](C)NC(=O)c2ccc(OC)c(Cl)c2)cc1OCC,1
P3_02192,COc1ccc([C@H](C)NC(=O)c2cccc(OC(F)F)c2)c(OC)c1,1
P3_02193,CCCOc1ccc([C@@H](C)NC(=O)c2cccc(OC)c2)cc1OC,1
P3_02194,CCCOc1ccc([C@H](C)NC(=O)c2cccc(OC)c2)cc1OC,1
P3_02195,COCCCOc1cccc(C(=O)N[C@@H](C)c2cc(OC)c(OC)cc2C)c1,1
P3_02196,COCCCOc1cccc(C(=O)N[C@H](C)c2cc(OC)c(OC)cc2C)c1,1
P3_02197,CCOc1ccc([C@H](C)NC(=O)c2cccc(OCC(=O)OC)c2)cc1OC,1
P3_02198,CCOc1ccc([C@@H](C)NC(=O)c2cccc(OCC(=O)OC)c2)cc1OC,1
P3_02199,COc1cccc([C@H](C)NC(=O)c2cccc(Cl)c2)c1,1
P3_02200,COc1cccc([C@@H](C)NC(=O)c2cccc(Cl)c2)c1,1
P3_02201,CCOc1cc(C(=O)NC(C)c2ccc(OC)cc2)ccc1OC,0
P3_02202,CCOc1cccc([C@H](C)NC(=O)c2cccc(Cl)c2)c1,1
P3_02203,CCOc1cccc([C@@H](C)NC(=O)c2cccc(Cl)c2)c1,1
P3_02204,COc1cccc([C@@H](C)NC(=O)c2cccc(OCC(C)C)c2)c1,0
P3_02205,COc1cccc([C@H](C)NC(=O)c2cccc(OCC(C)C)c2)c1,0
P3_02206,CCOc1cccc([C@@H](C)NC(=O)c2ccc(OCC)c(OCC)c2)c1,1
P3_02207,CCOc1cc(C(=O)N[C@@H](C)c2ccc(OC)cc2)ccc1OC,0
P3_02208,CCOc1cccc([C@H](C)NC(=O)c2ccc(OCC)c(OCC)c2)c1,1
P3_02209,CCOc1cc(C(=O)N[C@H](C)c2ccc(OC)cc2)ccc1OC,0
P3_02210,COc1cccc([C@@H](C)NC(=O)c2ccc(Cl)c(OC)c2)c1,1
P3_02211,COc1cccc([C@H](C)NC(=O)c2ccc(Cl)c(OC)c2)c1,1
P3_02212,CCOc1cccc([C@H](C)NC(=O)c2ccc(OCC)c(OC)c2)c1,1
P3_02213,CCOc1cccc([C@@H](C)NC(=O)c2ccc(OCC)c(OC)c2)c1,1
P3_02214,CCCCOc1ccc([C@@H](C)NC(=O)c2cccc(OC)c2)cc1OC,1
P3_02215,CCOc1ccc(C(C)NC(=O)c2cccc(OC)c2)cc1OCC,1
P3_02216,CCOc1ccc(C(C)NC(=O)c2cccc(OC)c2)cc1OC,1
P3_02217,CCOc1ccc(C(C)NC(=O)c2cccc(OC)c2)cc1,0
P3_02218,CCOc1cccc(C(C)NC(=O)c2ccc(OC)c(Cl)c2)c1,1
P3_02219,CCOc1cccc(C(C)NC(=O)c2ccc(Cl)c(OC)c2)c1,1
P3_02220,CCOc1ccc(C(C)NC(=O)c2cccc(Cl)c2)cc1OCC,1
P3_02221,CCCOc1ccc(C(C)NC(=O)c2cccc(OC)c2)cc1,1
P3_02222,COc1cc(C)c(C(C)NC(=O)c2cccc(OCC(C)C)c2)cc1OC,1
P3_02223,CCOc1ccc(C(C)NC(=O)c2cccc(Cl)c2)cc1OC,1
P3_02224,CCOc1ccc(C(C)NC(=O)c2cccc(OCC)c2)cc1,1
P3_02225,CCOc1ccc(C(C)NC(=O)c2cc(OC)cc(OC)c2)cc1OCC,0
P3_02226,CCCOc1ccc(C(C)NC(=O)c2cccc(OC)c2)cc1OC,1
P3_02227,CCCCOc1ccc([C@H](C)NC(=O)c2cccc(OC)c2)cc1OC,1
P3_02228,CCCCOc1ccc(C(C)NC(=O)c2cccc(OC)c2)cc1OC,1
P3_02229,COCCOc1ccc([C@H](C)NC(=O)c2cccc(OC)c2)cc1OC,1
P3_02230,CCOc1ccc(C(C)NC(=O)c2ccc(OC)cc2Cl)cc1OCC,1
P3_02231,COCCOc1ccc([C@@H](C)NC(=O)c2cccc(OC)c2)cc1OC,1
P3_02232,CCCOc1ccc([C@@H](C)NC(=O)c2cccc(OCC)c2)cc1OC,1
P3_02233,CCCOc1ccc([C@H](C)NC(=O)c2cccc(OCC)c2)cc1OC,1
P3_02234,CCOc1cccc([C@H](C)NC(=O)c2cc(Cl)c(O)c(OC)c2)c1,1
P3_02235,CCOc1cccc([C@@H](C)NC(=O)c2cc(Cl)c(O)c(OC)c2)c1,1
P3_02236,CCOc1cccc(C(C)NC(=O)c2ccc(OC)cc2)c1,1
P3_02237,COc1cc(C)c([C@H](C)NC(=O)c2cccc(Cl)c2)cc1OC,1
P3_02238,CCOc1cccc([C@H](C)NC(=O)c2ccc(OC)cc2)c1,1
P3_02239,COc1cc(C)c([C@@H](C)NC(=O)c2cccc(Cl)c2)cc1OC,1
P3_02240,CCOc1ccc([C@@H](C)NC(=O)c2ccc(OC)cc2)cc1OCC,1
P3_02241,CCOc1ccc([C@H](C)NC(=O)c2ccc(OC)cc2)cc1OCC,1
P3_02242,COc1cc(C)c(C(C)NC(=O)c2cccc(Cl)c2)cc1OC,1
P3_02243,CCOc1ccc(C(C)NC(=O)c2ccc(Cl)c(OC)c2)cc1,1
P3_02244,CCOc1ccc(C(C)NC(=O)c2ccc(OC)c(Cl)c2)cc1OC,1
P3_02245,CCOc1cccc([C@H](C)NC(=O)c2ccc(OC)c(OC)c2)c1,1
P3_02246,CCOc1ccc([C@@H](C)NC(=O)c2ccc(OC)c(Cl)c2)cc1OC,1
P3_02247,CCOc1cccc([C@@H](C)NC(=O)c2ccc(OC)c(OC)c2)c1,1
P3_02248,CCOc1ccc([C@H](C)NC(=O)c2ccc(OC)c(Cl)c2)cc1OC,1
P3_02249,CCOc1ccc(C(C)NC(=O)c2ccc(OC)c(Cl)c2)cc1,1
P3_02250,CCOc1ccc([C@H](C)NC(=O)c2cc(Cl)cc(OC)c2)cc1OC,1
P3_02251,CCOc1cccc([C@@H](C)NC(=O)c2cc(Cl)c(O)c(OCC)c2)c1,1
P3_02252,CCOc1cccc([C@H](C)NC(=O)c2cc(Cl)c(O)c(OCC)c2)c1,1
P3_02253,CCOc1ccc(C(C)NC(=O)c2cc(Cl)cc(OC)c2)cc1OC,1
P3_02254,CCOc1ccc([C@@H](C)NC(=O)c2cc(Cl)cc(OC)c2)cc1OC,1
P3_02255,CCOc1ccc([C@@H](C)NC(=O)c2cccc(O)c2)cc1OCC,0
P3_02256,CCOc1ccc(C(C)NC(=O)c2cccc(O)c2)cc1OCC,0
P3_02257,CCOc1ccc([C@H](C)NC(=O)c2cccc(O)c2)cc1OCC,0
P3_02258,COc1cc(F)c([C@H](C)NC(=O)c2cccc(Cl)c2)cc1OC,1
P3_02259,CCOc1ccc([C@@H](C)NC(=O)c2cccc(C)c2)cc1OCC,0
P3_02260,CCOc1ccc(C(C)NC(=O)c2cccc(Br)c2)cc1OCC,0
P3_02261,COc1cc(F)c([C@@H](C)NC(=O)c2cccc(Cl)c2)cc1OC,1
P3_02262,CCOc1ccc([C@H](C)NC(=O)c2cccc(C)c2)cc1OCC,0
P3_02263,CCOc1ccc(C(C)NC(=O)c2cc(OC)cc(OC)c2)cc1OC,0
P3_02264,CCOc1ccc([C@@H](C)NC(=O)c2cc(OC)cc(OC)c2)cc1OC,0
P3_02265,CCOc1ccc([C@H](C)NC(=O)c2cc(OC)cc(OC)c2)cc1OC,0
P3_02266,COc1cc(F)c(C(C)NC(=O)c2cccc(Cl)c2)cc1OC,1
P3_02267,CCOc1ccc(C(C)NC(=O)c2cccc(C)c2)cc1OCC,0
P3_02268,CCOc1ccc(C(C)NC(=O)c2ccc(OC)c(OCC)c2)cc1,0
P3_02269,CCOc1ccc([C@H](C)NC(=O)c2cccc(C[NH3+])c2)cc1OCC,1
P3_02270,CCOc1ccc(C(C)NC(=O)c2cccc(O)c2)cc1OC,1
P3_02271,CCOc1ccc([C@@H](C)NC(=O)c2cccc(O)c2)cc1OC,1
P3_02272,CCOc1ccc(C(C)NC(=O)c2cccc(C)c2)cc1OC,1
P3_02273,CCOc1ccc([C@H](C)NC(=O)c2ccc(Cl)c(OC)c2)cc1OC,1
P3_02274,CCOc1ccc([C@@H](C)NC(=O)c2ccc(Cl)c(OC)c2)cc1OC,1
P3_02275,CCOc1ccc([C@@H](C)NC(=O)c2cccc(C)c2)cc1OC,1
P3_02276,CCOc1ccc([C@H](C)NC(=O)c2cccc(O)c2)cc1OC,1
P3_02277,CCOc1ccc(C(C)NC(=O)c2ccc(Cl)c(Cl)c2)cc1OC,1
P3_02278,CCOc1ccc([C@H](C)NC(=O)c2cccc(C)c2)cc1OC,1
P3_02279,CCOc1ccc([C@@H](C)NC(=O)c2cccc(C[NH3+])c2)cc1OCC,1
P3_02280,CCOc1ccc(C(C)NC(=O)c2ccc(Cl)c(OC)c2)cc1OC,1
P3_02281,CCOc1ccc(C(C)NC(=O)c2cccc(Br)c2)cc1OC,0
P3_02282,COc1cc(Br)c([C@H](C)NC(=O)c2cccc(Br)c2)cc1OC,1
P3_02283,COc1cc(Br)c([C@@H](C)NC(=O)c2cccc(Br)c2)cc1OC,1
P3_02284,COc1cc(C)c([C@@H](C)NC(=O)c2cccc(OCC(N)=O)c2)cc1OC,1
P3_02285,COc1cc(C)c([C@@H](C)NC(=O)c2cccc(OCC(=O)[O-])c2)cc1OC,0
P3_02286,COc1cc(C)c([C@H](C)NC(=O)c2cccc(OCC(N)=O)c2)cc1OC,1
P3_02287,COc1cc(C)c([C@H](C)NC(=O)c2cccc(OCC(=O)[O-])c2)cc1OC,0
P3_02288,COc1cc(F)c([C@H](C)NC(=O)c2cccc(OCC(=O)[O-])c2)cc1OC,0
P3_02289,COc1cc(F)c([C@@H](C)NC(=O)c2cccc(OCC(=O)[O-])c2)cc1OC,0
P3_02290,CCOc1cccc([C@H](C)NC(=O)c2cc(Cl)c([O-])c(OCC)c2)c1,1
P3_02291,CCOc1cccc([C@@H](C)NC(=O)c2cc(Cl)c([O-])c(OCC)c2)c1,1
P3_02292,CCOc1cc(C(=O)NC(C)c2ccccc2OC)cc(OCC)c1OCC,0
P3_02293,CCOc1ccc([C@H](C)NC(=O)c2cccc(N)c2)cc1OCC,0
P3_02294,CCOc1ccc([C@@H](C)NC(=O)c2cccc(N)c2)cc1OCC,0
P3_02295,CCOc1ccc([C@@H](C)NC(=O)c2cccc(F)c2)cc1OCC,1
P3_02296,CCOc1ccc([C@H](C)NC(=O)c2cccc(F)c2)cc1OCC,1
P3_02297,COc1cc(C)c([C@@H](C)NC(=O)c2cccc(C[NH3+])c2)cc1OC,1
P3_02298,CCOc1ccc([C@@H](C)NC(=O)c2cccc(CO)c2)cc1OCC,0
P3_02299,CCOc1ccc([C@H](C)NC(=O)c2cccc(CO)c2)cc1OCC,0
P3_02300,COc1cc(C)c([C@H](C)NC(=O)c2cccc(C[NH3+])c2)cc1OC,1
P3_02301,COc1cc(F)c([C@@H](C)NC(=O)c2cccc(C[NH3+])c2)cc1OC,0
P3_02302,COc1cc(F)c([C@H](C)NC(=O)c2cccc(C[NH3+])c2)cc1OC,0
P3_02303,COc1cc(C)c([C@@H](C)NC(=O)c2cccc(C)c2)cc1OC,1
P3_02304,COc1cc(C)c([C@H](C)NC(=O)c2cccc(C)c2)cc1OC,1
P3_02305,COc1cc(C)c([C@H](C)NC(=O)c2cccc(CO)c2)cc1OC,1
P3_02306,COc1cc(C)c([C@@H](C)NC(=O)c2cccc(CO)c2)cc1OC,1
P3_02307,COc1cc(C)c([C@H](C)NC(=O)c2ccc(C)c(Cl)c2)cc1OC,1
P3_02308,COc1cc(C)c([C@@H](C)NC(=O)c2ccc(C)c(Cl)c2)cc1OC,1
P3_02309,COc1cc(F)c([C@H](C)NC(=O)c2cccc(F)c2)cc1OC,1
P3_02310,COc1cc(F)c([C@@H](C)NC(=O)c2cccc(F)c2)cc1OC,1
P3_02311,COc1cc(C)c([C@@H](C)NC(=O)c2cccc(C(=O)[O-])c2)cc1OC,1
P3_02312,COc1cc(C)c([C@H](C)NC(=O)c2cccc(C(=O)[O-])c2)cc1OC,1
P3_02313,COc1cc(C)c([C@@H](C)NC(=O)c2cccc(O)c2)cc1OC,1
P3_02314,COc1cc(C)c([C@H](C)NC(=O)c2cccc(O)c2)cc1OC,1
P3_02315,COc1cc(C)c([C@@H](C)NC(=O)c2cccc(C(C)=O)c2)cc1OC,1
P3_02316,COc1cc(C)c([C@H](C)NC(=O)c2cccc(C(C)=O)c2)cc1OC,1
P3_02317,COc1cc(C)c([C@@H](C)NC(=O)c2cccc(CC#N)c2)cc1OC,0
P3_02318,COc1cc(C)c([C@H](C)NC(=O)c2cccc(CC#N)c2)cc1OC,0
P3_02319,COc1cc(C)c([C@@H](C)NC(=O)c2cccc(Cl)c2)cc1C(C)C,1
P3_02320,COc1cc(F)c([C@@H](C)NC(=O)c2cccc(CO)c2)cc1OC,0
P3_02321,COc1cc(F)c([C@H](C)NC(=O)c2cccc(CO)c2)cc1OC,0
P3_02322,COc1cc(C)c([C@@H](C)NC(=O)c2cccc(C#N)c2)cc1OC,1
P3_02323,COc1cc(C)c([C@H](C)NC(=O)c2cccc(C#N)c2)cc1OC,1
P3_02324,COc1cc(C)c([C@H](C)NC(=O)c2cccc(Cl)c2)cc1C(C)C,1
P3_02325,COc1cc(F)c([C@H](C)NC(=O)c2cccc(C(=O)[O-])c2)cc1OC,0
P3_02326,COc1cc(F)c([C@H](C)NC(=O)c2cccc(C)c2)cc1OC,0
P3_02327,COc1cc(F)c([C@H](C)NC(=O)c2cccc(O)c2)cc1OC,0
P3_02328,COc1cc(F)c([C@@H](C)NC(=O)c2cccc(O)c2)cc1OC,0
P3_02329,COc1cc(C)c([C@H](C)NC(=O)c2cccc(N)c2)cc1OC,1
P3_02330,COc1cc(F)c([C@@H](C)NC(=O)c2cccc(C(C)=O)c2)cc1OC,0
P3_02331,COc1cc(F)c([C@@H](C)NC(=O)c2cccc(C)c2)cc1OC,0
P3_02332,COc1cc(F)c([C@H](C)NC(=O)c2cccc(C(C)=O)c2)cc1OC,0
P3_02333,COc1cc(C)c([C@H](C)NC(=O)c2cccc(F)c2)cc1OC,1
P3_02334,COc1cc(C)c([C@@H](C)NC(=O)c2cccc(F)c2)cc1OC,1
P3_02335,COc1cc(C)c([C@@H](C)NC(=O)c2cccc(C(N)=O)c2)cc1OC,0
P3_02336,COc1cc(C)c([C@H](C)NC(=O)c2cccc(C(N)=O)c2)cc1OC,0
P3_02337,COc1cc(C)c([C@@H](C)NC(=O)c2cccc(N)c2)cc1OC,1
P3_02338,COc1cc(F)c([C@@H](C)NC(=O)c2cccc(C(=O)[O-])c2)cc1OC,0
P3_02339,COc1cc(F)c([C@H](C)NC(=O)c2cccc(CC#N)c2)cc1OC,0
P3_02340,COc1cc(F)c([C@@H](C)NC(=O)c2cccc(CC#N)c2)cc1OC,0
P3_02341,CCOc1ccc([C@@H](C)NC(=O)c2ccc(F)c(OC)c2)cc1OCC,0
P3_02342,COc1cc(F)c([C@H](C)NC(=O)c2cccc(C#N)c2)cc1OC,1
P3_02343,COc1cc(F)c([C@@H](C)NC(=O)c2cccc(C#N)c2)cc1OC,1
P3_02344,CCOc1ccc([C@H](C)NC(=O)c2ccc(F)c(OC)c2)cc1OCC,0
P3_02345,COc1cc(F)c([C@@H](C)NC(=O)c2cccc(C(N)=O)c2)cc1OC,0
P3_02346,COc1cc(F)c([C@H](C)NC(=O)c2cccc(C(N)=O)c2)cc1OC,0
P3_02347,COc1cc(C)c([C@@H](C)NC(=O)c2ccc([O-])c(Cl)c2)cc1OC,1
P3_02348,COc1cc(C)c([C@H](C)NC(=O)c2ccc([O-])c(Cl)c2)cc1OC,1
P3_02349,COc1cc(C)c([C@@H](C)NC(=O)c2ccc(O)c(Cl)c2)cc1OC,1
P3_02350,CCOc1cc(C(=O)NC(C)c2cccc(Cl)c2Cl)ccc1OC,1
P3_02351,CCOc1c(Cl)cc(C(=O)NC(C)c2cccc(OC)c2)cc1OC,1
P3_02352,CCOc1cc(C(=O)NC(C)c2cccc(C)c2C)ccc1OC,0
P3_02353,CCOc1cc(C(=O)NC(C)c2ccc(Cl)c(Cl)c2)ccc1OC,1
P3_02354,COc1ccc(OC)c([C@H](C)NC(=O)c2ccc(OC)c(Cl)c2)c1,1
P3_02355,COc1ccc(OC)c([C@@H](C)NC(=O)c2ccc(OC)c(Cl)c2)c1,1
P3_02356,CCOc1cc(C(=O)NC(C)c2ccc(Cl)cc2)ccc1OC,1
P3_02357,CCOc1ccc(C(=O)NC(C)c2cccc(Cl)c2)cc1OCC,1
P3_02358,CCOc1ccc(C(C)NC(=O)c2cccc(C(=O)OC)c2)cc1OCC,0
P3_02359,CCOc1cccc([C@@H](C)NC(=O)c2cc(OC)c(OC)cc2Cl)c1,1
P3_02360,CCOc1cccc([C@H](C)NC(=O)c2cc(OC)c(OC)cc2Cl)c1,1
P3_02361,COc1ccc([C@H](C)NC(=O)c2ccc(Cl)c(OC)c2)c(OC)c1,1
P3_02362,COc1ccc(OC)c([C@H](C)NC(=O)c2ccc(Cl)c(OC)c2)c1,1
P3_02363,COc1ccc([C@@H](C)NC(=O)c2ccc(OC)c(Cl)c2)c(OC)c1,1
P3_02364,COc1ccc(OC)c([C@@H](C)NC(=O)c2ccc(Cl)c(OC)c2)c1,1
P3_02365,COc1ccc([C@H](C)NC(=O)c2ccc(OC)c(Cl)c2)c(OC)c1,1
P3_02366,CCOc1ccc(C(C)NC(=O)c2cccc(C(C)=O)c2)cc1OCC,1
P3_02367,CCOc1ccc(C(C)NC(=O)c2cccc(C(=O)OC)c2)cc1OC,1
P3_02368,CCOc1ccc(C(C)NC(=O)c2cccc(C(C)=O)c2)cc1OC,0
P3_02369,CCCOc1c(Cl)cc(C(=O)NC(C)c2cccc(OC)c2)cc1OC,1
P3_02370,CCOc1ccc(C(=O)NC(C)c2ccc(OCC)c(OCC)c2)cc1OC,1
P3_02371,CCOc1ccc(C(=O)NC(C)c2ccc(Cl)cc2)cc1OCC,1
P3_02372,COc1ccc(OC)c([C@@H](C)NC(=O)c2cccc(Cl)c2Cl)c1,1
P3_02373,CCOc1ccc(C(C)NC(=O)c2cccc(F)c2)cc1OCC,1
P3_02374,COc1ccc(OC)c([C@H](C)NC(=O)c2cccc(Cl)c2Cl)c1,1
P3_02375,COc1ccc(OC)c(C(C)NC(=O)c2cccc(Cl)c2Cl)c1,1
P3_02376,COc1ccc([C@H](C)NC(=O)c2ccc(C)c(Cl)c2)c(OC)c1,1
P3_02377,COc1ccc([C@H](C)NC(=O)c2ccc(Cl)c(C)c2)c(OC)c1,1
P3_02378,CCOc1ccc(C(C)NC(=O)c2cccc(F)c2)cc1OC,1
P3_02379,CCOc1cccc([C@H](C)NC(=O)c2ccc(C)c(OC)c2)c1,0
P3_02380,CCOc1ccc(C(C)NC(=O)c2cccc(COC)c2)cc1OCC,0
P3_02381,CCOc1ccc([C@H](C)NC(=O)c2cccc(COC)c2)cc1OCC,0
P3_02382,CCOc1ccc([C@@H](C)NC(=O)c2cccc(COC)c2)cc1OCC,0
P3_02383,CCOc1cccc([C@@H](C)NC(=O)c2ccc(C)c(OC)c2)c1,0
P3_02384,COCCOc1cccc(C(=O)NC(C)c2ccc(OC)c(OC)c2C)c1,1
P3_02385,CCOc1ccc(C(C)NC(=O)c2ccccc2)cc1OCC,1
P3_02386,CCOc1ccc([C@H](C)NC(=O)c2ccc(OC)c(OC)c2)cc1OCC,0
P3_02387,C[C@@H](NCc1ccccc1)c1cc(Cl)ccc1Cl,1
P3_02388,CC(NCc1ccccc1)c1cc(Cl)ccc1Cl,1
P3_02389,C[C@H](NCc1ccccc1)c1cc(Cl)ccc1Cl,1
P3_02390,C[C@@H](NCc1ccccc1)c1ccc(Cl)cc1Cl,1
P3_02391,C[C@H](NCc1ccccc1)c1ccc(Cl)cc1Cl,1
P3_02392,CC(NCc1ccccc1)c1ccc(Cl)cc1Cl,1
P3_02393,CCOc1ccc(Cl)cc1[C@@H](C)NCc1ccccc1,1
P3_02394,COc1cc(Cl)ccc1[C@@H](C)NCc1ccccc1,1
P3_02395,COc1cc(Cl)ccc1[C@H](C)NCc1ccccc1,1
P3_02396,C[C@@H](NCc1cccc(O)c1)c1cc(Cl)ccc1Cl,1
P3_02397,C[C@H](NCc1cccc(O)c1)c1cc(Cl)ccc1Cl,1
P3_02398,CC(NCc1cccc(O)c1)c1cc(Cl)ccc1Cl,1
P3_02399,C[C@H](NCc1ccccc1)c1ccccc1Cl,1
P3_02400,CC(NCc1ccccc1)c1ccccc1Cl,1
P3_02401,C[C@@H](NCc1ccccc1)c1ccccc1Cl,1
P3_02402,C[C@H](NCc1ccc(CO)cc1)c1cc(Cl)ccc1Cl,1
P3_02403,CC(NCc1ccccc1)c1cc(O)ccc1F,1
P3_02404,C[C@@H](NCc1ccc(CO)cc1)c1cc(Cl)ccc1Cl,1
P3_02405,C[C@@H](NCc1cccc(CO)c1)c1cc(Cl)ccc1Cl,1
P3_02406,C[C@H](NCc1cccc(CO)c1)c1cc(Cl)ccc1Cl,1
P3_02407,C[C@@H](NCc1ccc(CO)cc1)c1cc(Cl)ccc1F,1
P3_02408,COc1ccc(Cl)cc1[C@@H](C)NCc1cccc(O)c1,1
P3_02409,COc1ccc(Cl)cc1[C@H](C)NCc1cccc(O)c1,1
P3_02410,CC(NCc1ccc(Cl)cc1)c1ccccc1Cl,0
P3_02411,C[C@H](NCc1ccc(Cl)cc1)c1ccccc1Cl,0
P3_02412,C[C@@H](NCc1ccc(Cl)cc1)c1ccccc1Cl,0
P3_02413,C[C@H](NCc1cccc(Cl)c1)c1ccccc1Cl,1
P3_02414,CC(NCc1ccccc1)c1cccc(O)c1F,1
P3_02415,C[C@@H](NCc1cccc(Cl)c1)c1ccccc1Cl,1
P3_02416,CC(NCc1cccc(Cl)c1)c1ccccc1Cl,1
P3_02417,COc1ccc(CN[C@@H](C)c2cc(Cl)ccc2OC)cc1O,1
P3_02418,COc1ccc(CN[C@H](C)c2cc(Cl)ccc2OC)cc1O,1
P3_02419,CC(NCc1ccccc1)c1cccc(Cl)c1Cl,1
P3_02420,C[C@H](NCc1ccc(C[NH3+])cc1)c1cc(Cl)ccc1Cl,1
P3_02421,COc1ccc(Cl)cc1[C@H](C)NCc1ccc(Cl)cc1,1
P3_02422,C[C@@H](NCc1ccccc1)c1ccc(F)cc1Cl,1
P3_02423,C[C@@H](NCc1ccc(C[NH3+])cc1)c1cc(Cl)ccc1Cl,1
P3_02424,C[C@H](NCc1ccc(CO)cc1)c1ccc(Cl)cc1Cl,1
P3_02425,COc1ccc(Cl)cc1[C@@H](C)NCc1ccc(Cl)cc1,1
P3_02426,C[C@@H](NCc1ccc(CO)cc1)c1ccc(Cl)cc1Cl,1
P3_02427,C[C@@H](NCc1cccc(CO)c1)c1ccc(Cl)cc1Cl,1
P3_02428,C[C@H](NCc1cccc(CO)c1)c1ccc(Cl)cc1Cl,1
P3_02429,COc1ccc(Cl)cc1[C@@H](C)NCc1cccc(Cl)c1,1
P3_02430,C[C@H](NCc1ccccc1)c1cc(F)ccc1F,1
P3_02431,C[C@@H](NCc1ccccc1)c1cc(F)ccc1F,1
P3_02432,CC(NCc1ccccc1)c1cc(F)ccc1F,1
P3_02433,C[C@H](NCc1ccc(Cl)cc1)c1ccccc1F,1
P3_02434,C[C@H](NCc1ccc(O)cc1)c1ccccc1Cl,0
P3_02435,C[C@@H](NCc1ccc(O)cc1)c1ccccc1Cl,0
P3_02436,C[C@@H](NCc1ccc(Cl)cc1)c1ccccc1F,1
P3_02437,CC(NCc1cccc(O)c1)c1ccccc1Cl,1
P3_02438,C[C@@H](NCc1ccc(CC[NH3+])cc1)c1cc(Cl)ccc1Cl,1
P3_02439,C[C@H](NCc1ccc(CC[NH3+])cc1)c1cc(Cl)ccc1Cl,1
P3_02440,C[C@H](NCc1cccc(O)c1)c1ccccc1Cl,1
P3_02441,C[C@@H](NCc1cccc(O)c1)c1ccccc1Cl,1
P3_02442,COc1cc(Cl)ccc1[C@H](C)NCc1cccc(O)c1,1
P3_02443,COc1cc(Cl)ccc1[C@@H](C)NCc1cccc(O)c1,1
P3_02444,C[C@H](NCc1cccc(O)c1)c1cc(Cl)ccc1OC(F)F,1
P3_02445,C[C@@H](NCc1cccc(O)c1)c1cc(Cl)ccc1OC(F)F,1
P3_02446,C[C@@H](NCc1ccccc1)c1cccc(Cl)c1F,1
P3_02447,COc1cc(OC)c([C@H](C)NCc2ccccc2)cc1Cl,1
P3_02448,COc1cc(OC)c([C@@H](C)NCc2ccccc2)cc1Cl,1
P3_02449,C[C@H]([NH3+])c1ccc(CN[C@@H](C)c2cc(Cl)ccc2Cl)cc1,1
P3_02450,C[C@@H]([NH3+])c1ccc(CN[C@H](C)c2cc(Cl)ccc2Cl)cc1,1
P3_02451,C[C@H]([NH3+])c1ccc(CN[C@H](C)c2cc(Cl)ccc2Cl)cc1,1
P3_02452,C[C@@H](NCc1cc(O)cc(F)c1)c1cc(Cl)ccc1Cl,1
P3_02453,C[C@H](NCc1cc(O)cc(F)c1)c1cc(Cl)ccc1Cl,1
P3_02454,C[C@@H](NCc1ccc(CC(N)=O)cc1)c1cc(Cl)ccc1Cl,1
P3_02455,C[C@H](NCc1ccc(C(N)=O)cc1)c1cc(Cl)ccc1Cl,1
P3_02456,C[C@@H](NCc1ccccc1)c1cc(S(N)(=O)=O)c(Cl)cc1Cl,1
P3_02457,C[C@H](NCc1ccccc1)c1cc(S(N)(=O)=O)c(Cl)cc1Cl,1
P3_02458,C[C@H](NCc1ccc(CC(N)=O)cc1)c1cc(Cl)ccc1Cl,1
P3_02459,C[C@@H](NCc1ccc(C(N)=O)cc1)c1cc(Cl)ccc1Cl,1
P3_02460,C[C@@H](NCc1cccc(C(N)=O)c1)c1cc(Cl)ccc1Cl,1
P3_02461,C[C@H](NCc1cccc(C(N)=O)c1)c1cc(Cl)ccc1Cl,1
P3_02462,C[C@H](NCc1ccccc1)c1ccccc1F,1
P3_02463,C[C@@H](NCc1ccccc1)c1ccccc1F,1
P3_02464,CC(NCc1ccccc1)c1ccccc1Br,1
P3_02465,C[C@@H](NCc1ccccc1)c1ccccc1Br,1
P3_02466,C[C@H](NCc1ccccc1)c1ccccc1Br,1
P3_02467,CC(NCc1ccccc1)c1cccc(O)c1,1
P3_02468,C[C@H](NCc1ccc(Cl)cc1)c1cccc(Cl)c1,1
P3_02469,C[C@H](NCc1cccc(Cl)c1)c1ccc(Cl)cc1,1
P3_02470,CC(NCc1cccc(Cl)c1)c1ccc(Cl)cc1,1
P3_02471,CC(NCc1ccc(Cl)cc1)c1cccc(Cl)c1,1
P3_02472,C[C@@H](NCc1ccc(Cl)cc1)c1cccc(Cl)c1,1
P3_02473,C[C@@H](NCc1ccccc1)c1cccc(O)c1,1
P3_02474,C[C@@H](NCc1cccc(Cl)c1)c1ccc(Cl)cc1,1
P3_02475,C[C@H](NCc1ccccc1)c1cc(Br)ccc1F,1
P3_02476,C[C@@H](NCc1ccccc1)c1cc(Br)ccc1F,1
P3_02477,CC(NCc1cccc(O)c1)c1ccc(Cl)cc1,1
P3_02478,CCOc1ccc(Cl)cc1[C@H](C)NCc1cccc(O)c1,1
P3_02479,CCOc1ccc(Cl)cc1[C@@H](C)NCc1cccc(O)c1,1
P3_02480,CCOc1ccc(Cl)cc1[C@@H](C)NCc1ccc(CO)cc1,1
P3_02481,CCOc1ccc(Cl)cc1[C@H](C)NCc1ccc(CO)cc1,1
P3_02482,C[C@@H](NCc1ccccc1)c1ccccc1I,1
P3_02483,C[C@H](NCc1ccccc1)c1ccccc1I,1
P3_02484,COc1ccc(Cl)cc1[C@@H](C)NCc1ccc(C)cc1,1
P3_02485,COc1ccc(Cl)cc1[C@H](C)NCc1ccc(C)cc1,1
P3_02486,C[C@H](NCc1ccccc1)c1ccc(F)cc1F,1
P3_02487,C[C@@H](NCc1ccccc1)c1ccc(F)cc1F,1
P3_02488,C[C@@H](NCc1ccc(Cl)cc1)c1cc(F)ccc1F,1
P3_02489,C[C@H](NCc1ccc(Cl)cc1)c1cc(F)ccc1F,1
P3_02490,C[C@H](NCc1ccccc1)c1ccc(Br)cc1F,1
P3_02491,C[C@H](NCc1ccccc1)c1ccc(F)cc1Br,1
P3_02492,C[C@@H](NCc1ccccc1)c1ccc(F)cc1Br,1
P3_02493,C[C@@H](NCc1ccccc1)c1ccc(Br)cc1F,1
P3_02494,C[C@@H](NCc1cccc(O)c1)c1ccccc1F,1
P3_02495,C[C@H](NCc1cccc(O)c1)c1ccccc1F,1
P3_02496,C[C@H](NCc1ccc(O)cc1)c1ccccc1Br,1
P3_02497,C[C@@H](NCc1ccc(O)cc1)c1ccccc1Br,1
P3_02498,COc1ccc(F)cc1[C@@H](C)NCc1ccccc1,1
P3_02499,COc1ccc(F)cc1[C@H](C)NCc1ccccc1,1
P3_02500,COc1ccccc1[C@@H](C)NCc1ccc(O)cc1,1
P3_02501,COc1ccccc1[C@H](C)NCc1ccc(O)cc1,1
P3_02502,CC(NCc1ccc(F)c(O)c1)c1ccccc1N(C)C,1
P3_02503,CC(NCc1cccc(O)c1)c1ccccc1N(C)C,1
P3_02504,COc1ccc(C)cc1[C@H](C)NCc1ccc(Cl)cc1,1
P3_02505,COc1ccc(OC)c([C@H](C)NCc2ccc(Cl)cc2)c1,1
P3_02506,COc1ccc(C)cc1[C@@H](C)NCc1ccc(Cl)cc1,1
P3_02507,COc1ccc(OC)c([C@@H](C)NCc2ccc(Cl)cc2)c1,1
P3_02508,C[C@H](NCc1ccc(O)cc1)c1cc(F)ccc1F,0
P3_02509,C[C@@H](NCc1ccc(O)cc1)c1cc(F)ccc1F,0
P3_02510,Cc1cccc(CN[C@@H](C)c2cc(O)ccc2F)c1,1
P3_02511,CC(C)Oc1ccccc1[C@H](C)NCc1cccc(O)c1,1
P3_02512,CC(C)Oc1ccccc1[C@@H](C)NCc1cccc(O)c1,1
P3_02513,Cc1cccc(CN[C@H](C)c2cc(O)ccc2F)c1,1
P3_02514,C[C@@H](NCc1cccc(CO)c1)c1ccccc1Br,1
P3_02515,C[C@@H](NCc1ccc(CO)cc1)c1cc(O)ccc1F,0
P3_02516,C[C@H](NCc1ccc(CO)cc1)c1cc(O)ccc1F,0
P3_02517,C[C@H](NCc1cccc(CO)c1)c1ccccc1Br,1
P3_02518,Cc1ccc(CN[C@H](C)c2cc(O)ccc2F)cc1,0
P3_02519,Cc1ccc(CN[C@@H](C)c2cc(O)ccc2F)cc1,0
P3_02520,C[C@H](NCc1ccc(CO)cc1)c1ccccc1Br,1
P3_02521,C[C@@H](NCc1ccc(CO)cc1)c1ccccc1Br,1
P3_02522,C[C@H](NCc1cccc(O)c1)c1cc(Br)ccc1F,0
P3_02523,C[C@@H](NCc1cccc(O)c1)c1cc(Br)ccc1F,0
P3_02524,CC[C@H](NCc1cccc(O)c1)c1cc(Cl)ccc1OC,1
P3_02525,CC[C@@H](NCc1cccc(O)c1)c1cc(Cl)ccc1OC,1
P3_02526,C[C@H](NCc1ccc(F)cc1)c1cc(F)ccc1F,1
P3_02527,C[C@@H](NCc1ccc(F)cc1)c1cc(F)ccc1F,1
P3_02528,C[C@H](NCc1ccc([C@@H](C)O)cc1)c1cc(O)ccc1F,0
P3_02529,C[C@H](O)c1ccc(CN[C@H](C)c2cc(O)ccc2F)cc1,0
P3_02530,C[C@@H](O)c1ccc(CN[C@H](C)c2cc(O)ccc2F)cc1,0
P3_02531,C[C@H](NCc1ccc(CCO)cc1)c1cc(O)ccc1F,0
P3_02532,C[C@@H](NCc1ccc(CCO)cc1)c1cc(O)ccc1F,0
P3_02533,CC(NCc1cccc(CO)c1)c1ccccc1N(C)C,1
P3_02534,C[C@H](O)c1ccc(CN[C@@H](C)c2cc(O)ccc2F)cc1,0
P3_02535,CC(C)(CO)C(NCc1cccc(Cl)c1)c1ccccc1,1
P3_02536,CCOc1cccc(CN[C@@H](C)c2cc(O)ccc2F)c1,1
P3_02537,CCOc1cccc(CN[C@H](C)c2cc(O)ccc2F)c1,1
P3_02538,CCOCc1ccc(CN[C@H](C)c2cc(O)ccc2F)cc1,1
P3_02539,CCOCc1ccc(CN[C@@H](C)c2cc(O)ccc2F)cc1,1
P3_02540,COc1ccccc1[C@@H](C)NCc1cc(O)ccc1Cl,1
P3_02541,C[C@H](NCc1ccc(C(C)(C)O)cc1)c1cc(O)ccc1F,0
P3_02542,C[C@@H](NCc1ccc(C(C)(C)O)cc1)c1cc(O)ccc1F,0
P3_02543,COc1ccccc1[C@H](C)NCc1cc(O)ccc1Cl,1
P3_02544,CCOc1ccc(CN[C@@H](C)c2cc(O)ccc2F)cc1,0
P3_02545,CCOc1ccc(CN[C@H](C)c2cc(O)ccc2F)cc1,0
P3_02546,C[C@@H](NCc1ccc(CO)cc1)c1cc(Br)ccc1F,0
P3_02547,C[C@H](NCc1ccc(CCO)cc1)c1cc(F)ccc1F,0
P3_02548,C[C@H](NCc1ccc(CO)cc1)c1cc(Br)ccc1F,0
P3_02549,C[C@@H](NCc1ccc(CCO)cc1)c1cc(F)ccc1F,0
P3_02550,CC[C@@H](NCc1ccc(CO)cc1)c1cc(Cl)ccc1OC,1
P3_02551,COc1ccc(C)cc1[C@H](C)NCc1cccc(O)c1,1
P3_02552,COc1ccc(C)cc1[C@@H](C)NCc1cccc(O)c1,1
P3_02553,COc1ccc(OC)c([C@@H](C)NCc2cccc(O)c2)c1,1
P3_02554,CC[C@H](NCc1ccc(CO)cc1)c1cc(Cl)ccc1OC,1
P3_02555,COc1ccc(OC)c([C@H](C)NCc2cccc(O)c2)c1,1
P3_02556,Cc1ccccc1CN[C@H](C)c1cc(O)ccc1F,1
P3_02557,CC(NCc1cccc(Br)c1)c1ccccc1N(C)C,1
P3_02558,Cc1ccccc1CN[C@@H](C)c1cc(O)ccc1F,1
P3_02559,CCOc1ccccc1[C@H](C)NCc1cc(O)cc(F)c1,1
P3_02560,CCOc1ccccc1[C@@H](C)NCc1cc(O)cc(F)c1,1
P3_02561,CCOc1ccccc1[C@H](C)NCc1cc(O)ccc1Cl,1
P3_02562,CCOc1ccccc1[C@@H](C)NCc1cc(O)ccc1Cl,1
P3_02563,C[C@@H](O)c1ccc(CN[C@H](C)c2cc(Br)ccc2F)cc1,0
P3_02564,C[C@H](NCc1ccc([C@@H](C)O)cc1)c1cc(Br)ccc1F,0
P3_02565,C[C@H](O)c1ccc(CN[C@@H](C)c2cc(Br)ccc2F)cc1,0
P3_02566,CC(NCc1ccccc1)c1cc(Cl)c(N)c(Cl)c1,1
P3_02567,C[C@@H](NCc1cccc(Cl)c1)c1cc(F)ccc1F,1
P3_02568,C[C@H](NCc1cccc(Cl)c1)c1cc(F)ccc1F,1
P3_02569,C[C@H](NCc1ccccc1)c1cccc(F)c1F,1
P3_02570,C[C@@H](NCc1ccccc1)c1cccc(F)c1F,1
P3_02571,C[C@@H](NCc1ccccc1)c1c(F)cccc1F,1
P3_02572,C[C@H](NCc1ccccc1)c1c(F)cccc1F,1
P3_02573,C[C@@H](NCc1cccc(CO)c1)c1cc(O)ccc1F,1
P3_02574,C[C@H](NCc1cccc(CO)c1)c1cc(O)ccc1F,1
P3_02575,C[C@H](NCc1cccc(F)c1)c1cc(F)ccc1F,1
P3_02576,C[C@@H](NCc1cccc(F)c1)c1cc(F)ccc1F,1
P3_02577,C[C@@H](NCc1cccc(F)c1)c1ccccc1F,1
P3_02578,C[C@H](NCc1cccc(F)c1)c1ccccc1F,1
P3_02579,C[C@@H](NCc1cccc(CO)c1)c1cc(F)ccc1F,1
P3_02580,C[C@H](NCc1cccc(CO)c1)c1cc(F)ccc1F,1
P3_02581,C[C@@H](NCc1cc(Cl)ccc1F)c1cccc(O)c1,1
P3_02582,C[C@H](NCc1cc(Cl)ccc1F)c1cccc(O)c1,1
P3_02583,Cc1cc(CN[C@@H](C)c2cc(O)ccc2F)ccc1F,0
P3_02584,COc1cc(O)cc(CNC(C)c2ccccc2)c1,1
P3_02585,COc1cc(O)cc(CN[C@@H](C)c2ccccc2)c1,1
P3_02586,Cc1cc(CN[C@H](C)c2cc(O)ccc2F)ccc1F,0
P3_02587,COc1cc(O)cc(CN[C@H](C)c2ccccc2)c1,1
P3_02588,C[C@@H](NCc1cccc(O)c1)c1c(F)cccc1F,1
P3_02589,C[C@H](NCc1cccc(O)c1)c1c(F)cccc1F,1
P3_02590,C[C@@H](NCc1cccc(C(F)(F)F)c1)c1ccccc1F,1
P3_02591,CC(NCc1cccc(C(F)(F)F)c1)c1ccccc1F,1
P3_02592,C[C@H](NCc1cc(Cl)cc(Cl)c1)c1cccc(F)c1,1
P3_02593,C[C@@H](NCc1cc(Cl)cc(Cl)c1)c1cccc(F)c1,1
P3_02594,CC(NCc1cc(Cl)cc(Cl)c1)c1cccc(F)c1,1
P3_02595,CC(NCc1ccccc1)(C(N)=O)c1cccc(Cl)c1,1
P3_02596,CC(NCc1cccc(C(F)(F)F)c1)c1cc(F)ccc1F,1
P3_02597,C[C@H](NCc1cc(CO)ccc1F)c1ccccc1,1
P3_02598,C[C@@H](NCc1cc(CO)ccc1F)c1ccccc1,1
P3_02599,C[C@@H](NCc1ccccc1F)c1cc(F)ccc1F,1
P3_02600,C[C@H](NCc1ccccc1F)c1cc(F)ccc1F,1
P3_02601,CC(NCc1cccc(F)c1)c1cc(Cl)c(N)c(Cl)c1,0
P3_02602,CC(NCc1cccc(O)c1)c1ccc(F)c(C(F)(F)F)c1,1
P3_02603,Cc1ccc(CN[C@@H](C)c2cc(F)ccc2F)cc1F,1
P3_02604,CC(NCc1ccc(F)c(Cl)c1)c1cc(F)cc(F)c1,1
P3_02605,Cc1ccc(CN[C@H](C)c2cc(F)ccc2F)cc1F,1
P3_02606,C[C@H](NCc1cccc(O)c1)c1cccc(C(F)(F)F)c1,1
P3_02607,CC(NCc1cccc(O)c1)c1cccc(C(F)(F)F)c1,1
P3_02608,C[C@@H](NCc1cccc(O)c1)c1cccc(C(F)(F)F)c1,1
P3_02609,C[C@@H](NCc1cccc(F)c1)c1c(F)cccc1F,1
P3_02610,COc1cc(C)cc(CN[C@@H](C)c2ccccc2)c1,1
P3_02611,COc1cc(C)cc(CN[C@H](C)c2ccccc2)c1,1
P3_02612,COc1cc(C)cc(CNC(C)c2ccccc2)c1,1
P3_02613,C[C@H](NCc1cc(F)ccc1F)c1ccccc1,0
P3_02614,C[C@@H](NCc1cc(F)ccc1F)c1ccccc1,0
P3_02615,CC(NCc1ccc(F)c(F)c1)c1cc(O)cc(F)c1,0
P3_02616,CC(NCc1cccc(Cl)c1)(C(N)=O)c1ccccc1,1
P3_02617,C[C@@H](NCc1cc(Br)ccc1F)c1ccccc1,1
P3_02618,C[C@H](NCc1cc(CO)ccc1F)c1cccc(O)c1,1
P3_02619,C[C@@H](NCc1cc(CO)ccc1F)c1cccc(O)c1,1
P3_02620,C[C@@H](NCc1ccc(C(F)(F)F)cc1)c1cccc(F)c1,1
P3_02621,CC(NCc1ccc(C(F)(F)F)cc1)c1cccc(F)c1,1
P3_02622,C[C@H](NCc1ccc(C(F)(F)F)cc1)c1cccc(F)c1,1
P3_02623,OCC(NCc1ccccc1)c1cccc(C(F)(F)F)c1,1
P3_02624,C[C@@H](NCc1cccc(C(F)(F)F)c1)c1cccc(F)c1,1
P3_02625,C[C@H](NCc1cc(F)ccc1F)c1cccc(O)c1,1
P3_02626,CC(NCc1cccc(C(F)(F)F)c1)c1cccc(F)c1,1
P3_02627,C[C@@H](NCc1cc(F)ccc1F)c1cccc(O)c1,1
P3_02628,C[C@H](NCc1cccc(C(F)(F)F)c1)c1cccc(F)c1,1
P3_02629,CC(NCc1ccc(C#N)c(Cl)c1)c1cccc(F)c1,1
P3_02630,CC(NCc1cccc(N)c1)c1cccc(C(F)(F)F)c1,1
P3_02631,C[C@@H](NCc1cccc(N)c1)c1cccc(C(F)(F)F)c1,1
P3_02632,C[C@H](NCc1cccc(N)c1)c1cccc(C(F)(F)F)c1,1
P3_02633,CC(N[C@@H](C)c1ccccc1F)c1cc(O)ccc1F,1
P3_02634,CC(N[C@H](C)c1ccccc1F)c1cc(O)ccc1F,1
P3_02635,C[C@@H](NCc1cc(Br)ccc1F)c1cccc(O)c1,1
P3_02636,C[C@H](NCc1cc(Br)ccc1F)c1cccc(O)c1,1
P3_02637,CC(NCc1cc(Cl)ccc1F)(C(N)=O)c1ccccc1,1
P3_02638,CC(NCc1ccc(F)c(Br)c1)c1cccc(C#N)c1,0
P3_02639,C[C@@H](NCc1cc(C#N)ccc1F)c1cccc(O)c1,0
P3_02640,C[C@H](NCc1cc(C#N)ccc1F)c1cccc(O)c1,0
P3_02641,Cc1cccc([C@H](C)NCc2cc(F)ccc2F)c1,1
P3_02642,Cc1cccc([C@@H](C)NCc2cc(F)ccc2F)c1,1
P3_02643,CC(N[C@H](C)c1ccccc1F)c1cc(F)ccc1F,1
P3_02644,CC(NCc1cccc(Br)c1)(C(N)=O)c1ccccc1,0
P3_02645,CC(NCc1ccc(O)c(F)c1)c1cc(Cl)ccc1Cl,1
P3_02646,C[C@H](NCc1cccc(O)c1)c1ccc(Cl)cc1Cl,1
P3_02647,CC(NCc1cccc(O)c1)c1ccc(Cl)cc1Cl,1
P3_02648,CC(NCc1ccc(O)c(F)c1)c1ccccc1Cl,1
P3_02649,CC(NCc1ccc(Cl)cc1)c1cccc(O)c1,1
P3_02650,C[C@H](NCc1cc(O)cc(Cl)c1)c1ccccc1,1
P3_02651,C[C@H](NCc1cccc(O)c1)c1ccc(Cl)cc1,1
P3_02652,C[C@@H](NCc1cccc(O)c1)c1ccc(Cl)cc1,1
P3_02653,C[C@@H](NCc1cc(O)cc(Cl)c1)c1ccccc1,1
P3_02654,CC(NCc1cc(O)cc(Cl)c1)c1ccccc1,1
P3_02655,C[C@@H](NCc1ccc(Cl)cc1)c1cccc(O)c1,1
P3_02656,C[C@H](NCc1cccc(O)c1)c1cccc(Cl)c1,1
P3_02657,C[C@@H](NCc1cccc(Cl)c1)c1cccc(O)c1,1
P3_02658,CC(NCc1cccc(O)c1)c1cccc(Cl)c1,1
P3_02659,C[C@@H](NCc1cccc(O)c1)c1cccc(Cl)c1,1
P3_02660,CC(NCc1cccc(Cl)c1)c1cccc(O)c1,1
P3_02661,CC(NCc1cccc(O)c1)c1cccc(Cl)c1Cl,1
P3_02662,CC(NCc1ccc(O)c(F)c1)c1cccc(Cl)c1Cl,1
P3_02663,CC(NCc1ccccc1)c1cc(O)cc(F)c1,1
P3_02664,CC(NCc1cccc(O)c1)c1cc(Cl)cc(Cl)c1,1
P3_02665,CC(NCc1cc(O)cc(F)c1)c1cccc(Cl)c1,1
P3_02666,CCC(NCc1cccc(O)c1)c1ccc(Cl)cc1Cl,1
P3_02667,C[C@@H](NCc1cc(O)cc(F)c1)c1cccc(Cl)c1,1
P3_02668,C[C@@H](NCc1cccc(O)c1Cl)c1ccccc1,1
P3_02669,C[C@H](NCc1cccc(O)c1Cl)c1ccccc1,1
P3_02670,CC(NCc1cccc(O)c1Cl)c1ccccc1,1
P3_02671,C[C@@H](NCc1cc(Cl)ccc1Cl)c1cccc(O)c1,1
P3_02672,CC(NCc1cc(Cl)ccc1Cl)c1cccc(O)c1,1
P3_02673,CC(NCc1cccc(O)c1Cl)c1ccccc1F,1
P3_02674,CC(NCc1ccc(Cl)cc1Cl)c1cccc(O)c1,1
P3_02675,C[C@@H](NCc1ccc(Cl)cc1Cl)c1cccc(O)c1,1
P3_02676,C[C@@H](NCc1cc(O)ccc1Cl)c1ccccc1,1
P3_02677,C[C@H](NCc1cc(O)ccc1Cl)c1ccccc1,1
P3_02678,CC(NCc1cc(O)ccc1Cl)c1ccccc1,1
P3_02679,C[C@H](NCc1cc(O)cc(F)c1)c1ccccc1,1
P3_02680,C[C@@H](NCc1cc(O)cc(F)c1)c1ccccc1,1
P3_02681,C[C@H](NCc1cccc(O)c1Cl)c1ccc(Cl)cc1,1
P3_02682,CC(NCc1cccc(O)c1Cl)c1ccc(Cl)cc1,1
P3_02683,C[C@@H](NCc1cccc(O)c1Cl)c1ccc(Cl)cc1,1
P3_02684,CC(NCc1cc(O)cc(F)c1)c1ccccc1,1
P3_02685,CC(NCc1cccc(N(C)C)c1)c1cc(O)ccc1F,1
P3_02686,CC(NCc1cc(Cl)ccc1F)c1cccc(O)c1,1
P3_02687,CC(NCc1ccc(Cl)c(Cl)c1)c1cccc(O)c1,1
P3_02688,CCC(NCc1cccc(O)c1)c1ccc(Cl)cc1,1
P3_02689,C[C@@H](NCc1ccc(Cl)c(Cl)c1)c1cccc(O)c1,1
P3_02690,CCC(NCc1ccc(O)c(F)c1)c1cccc(Cl)c1,1
P3_02691,CC(NCc1cccc(O)c1)c1cc(F)ccc1N(C)C,0
P3_02692,CCC(NCc1ccc(O)c(F)c1)c1ccc(Cl)cc1,1
P3_02693,CC(NCc1ccc(Cl)c(Br)c1)c1cccc(O)c1,1
P3_02694,C[C@@H](NCc1ccc(Cl)c(Br)c1)c1cccc(O)c1,1
P3_02695,CC(NCc1cc(O)ccc1Br)c1ccc(Cl)cc1,1
P3_02696,CC(NCc1ccccc1N(C)C)c1cc(O)ccc1F,0
P3_02697,C[C@H](NCc1cccc(O)c1Br)c1ccccc1,1
P3_02698,OCC[C@@H](NCc1cc(O)cc(Cl)c1)c1ccccc1,1
P3_02699,CC(NCc1cc(O)ccc1Br)c1ccccc1,1
P3_02700,CC(NCc1cccc(O)c1Cl)c1cccc(F)c1,1
P3_02701,CC[C@@H](NCc1ccc(O)c(C)c1)c1ccccc1F,1
P3_02702,OCCC[C@H](NCc1cc(O)cc(Cl)c1)c1ccccc1,1
P3_02703,OCCC[C@@H](NCc1cc(O)cc(Cl)c1)c1ccccc1,1
P3_02704,OCC[C@H](NCc1ccc(O)c(F)c1)c1ccc(Cl)cc1,1
P3_02705,OCC[C@@H](NCc1ccc(O)c(F)c1)c1ccc(Cl)cc1,1
P3_02706,CC[C@H](NCc1ccc(O)c(C)c1)c1ccccc1F,1
P3_02707,CCC(NCc1cccc(O)c1)c1cccc(Cl)c1F,1
P3_02708,OCC[C@H](NCc1cc(O)cc(Cl)c1)c1ccccc1F,1
P3_02709,OCC[C@@H](NCc1cc(O)cc(Cl)c1)c1ccccc1F,1
P3_02710,C[C@@H](NCc1cccc(F)c1Cl)c1cccc(O)c1,1
P3_02711,CC(NCc1cccc(F)c1Cl)c1cccc(O)c1,1
P3_02712,CC(NCc1cc(F)ccc1Cl)c1cccc(O)c1,1
P3_02713,C[C@@H](NCc1cc(F)ccc1Cl)c1cccc(O)c1,1
P3_02714,CC[C@H](NCc1ccc(C)c(O)c1)c1ccccc1F,1
P3_02715,CCC(NCc1ccc(C)c(O)c1)c1ccccc1F,1
P3_02716,CC[C@@H](NCc1ccc(C)c(O)c1)c1ccccc1F,1
P3_02717,CCC(NCc1cccc(O)c1F)c1cccc(Cl)c1,1
P3_02718,CCC(NCc1cc(O)ccc1Cl)c1ccccc1,1
P3_02719,CC[C@H](NCc1cc(O)ccc1Cl)c1ccccc1,1
P3_02720,CC[C@@H](NCc1cc(O)ccc1Cl)c1ccccc1,1
P3_02721,CCC(NCc1cccc(O)c1)c1cc(C)ccc1C,1
P3_02722,OCC[C@@H](NCc1cccc(O)c1)c1ccccc1F,1
P3_02723,OCC[C@H](NCc1cccc(O)c1)c1ccccc1F,1
P3_02724,CC(NCc1ccccc1N(C)C(C)C)c1cccc(O)c1,1
P3_02725,CCC(NCc1cccc(O)c1)c1ccc(C)cc1,1
P3_02726,OCC[C@@H](NCc1cc(O)ccc1Cl)c1ccccc1,1
P3_02727,OCC[C@H](NCc1cc(O)ccc1Cl)c1ccccc1,1
P3_02728,CCC(NCc1cc(O)ccc1F)c1ccccc1OC,0
P3_02729,Cc1ccc(Nc2nc(NCCO)c3ccccc3n2)cc1,1
P3_02730,Cc1ccc(C)c(Nc2nc(NCCO)c3ccccc3n2)c1,1
P3_02731,CCc1ccc(Nc2nc(NCCO)c3ccccc3n2)cc1,1
P3_02732,OCCNc1nc(Nc2ccc(Br)cc2)nc2ccccc12,1
P3_02733,CN(C)c1ccc(Nc2nc(NCCO)c3ccccc3n2)cc1,1
P3_02734,COc1ccc(Nc2nc(NCCO)c3ccccc3n2)cc1Cl,1
P3_02735,Cc1ccc(Nc2nc(NCCCO)c3ccccc3n2)cc1,1
P3_02736,Cc1cccc(Nc2nc(NCCCO)c3ccccc3n2)c1,1
P3_02737,Cc1cccc(Nc2nc(NCCO)c3ccccc3n2)c1C,1
P3_02738,OCCCNc1nc(Nc2ccccc2)nc2ccccc12,1
P3_02739,Cc1ccc(Nc2nc(N)c3ccccc3n2)cc1C,1
P3_02740,OCCCNc1nc(Nc2ccc(F)cc2)nc2ccccc12,1
P3_02741,Cc1c(Cl)cccc1Nc1nc(NCCO)c2ccccc2n1,1
P3_02742,OCCCNc1nc(Nc2cccc(F)c2)nc2ccccc12,1
P3_02743,CN(C)c1ccc(Nc2nc(NCCCO)c3ccccc3n2)cc1,1
P3_02744,COc1ccc(Nc2nc(NCCCO)c3ccccc3n2)cc1,1
P3_02745,OCCNc1nc(Nc2ccccc2Cl)nc2ccccc12,1
P3_02746,OCCNc1nc(Nc2ccccc2F)nc2ccccc12,1
P3_02747,OCCNc1nc(Nc2ccc(F)cc2F)nc2ccccc12,1
P3_02748,OCCCNc1nc(Nc2ccccc2F)nc2ccccc12,1
P3_02749,OCCCNc1nc(Nc2ccc(F)cc2F)nc2ccccc12,1
P3_02750,Cc1ccc(Nc2nc(N)c3ccccc3n2)cc1,1
P3_02751,C[NH2+]Cc1cccc(Nc2nc(C)c3ccccc3n2)c1,1
P3_02752,CCc1ccc(Nc2nc(N)c3ccccc3n2)cc1,1
P3_02753,C[C@H](O)c1cccc(Nc2nc(N)c3ccccc3n2)c1,1
P3_02754,C[C@@H](O)c1cccc(Nc2nc(N)c3ccccc3n2)c1,1
P3_02755,CC(=O)c1cccc(Nc2nc(N)c3ccccc3n2)c1,1
P3_02756,CN(C)c1ccc(Nc2nc(N(C)C)c3ccccc3n2)cc1,1
P3_02757,COc1ccc(Nc2ncc3ccccc3n2)cc1C,1
P3_02758,CCOc1ccc(Nc2nc(N)c3ccccc3n2)cc1,1
P3_02759,CNc1nc(Nc2cc(F)ccc2F)nc2ccccc12,1
P3_02760,COC(=O)c1cccc(Nc2nc(N)c3ccccc3n2)c1,1
P3_02761,COc1ccc(Nc2nc(N)c3ccccc3n2)cc1,1
P3_02762,CN(C)c1ccc(Nc2nc(N)c3ccccc3n2)cc1,1
P3_02763,Cc1ccccc1Nc1nc(N)c2ccccc2n1,1
P3_02764,COc1cc(Nc2nc(N)c3ccccc3n2)cc(OC)c1,1
P3_02765,COc1ccc(Nc2nc(N(C)C)c3ccccc3n2)cc1,1
P3_02766,CNc1nc(Nc2ccc(OC)cc2OC)nc2ccccc12,1
P3_02767,Cc1cccc(Nc2nc(N)c3ccccc3n2)c1C,1
P3_02768,COc1c(C)cc(Nc2ncc3ccccc3n2)cc1C,1
P3_02769,COc1ccc(C)cc1Nc1nc(N)c2ccccc2n1,1
P3_02770,CCOc1cc(Nc2ncc3ccccc3n2)ccc1OC,1
P3_02771,CCOc1cc(Nc2ncc3ccccc3n2)ccc1F,1
P3_02772,COc1cc(Nc2ncc3ccccc3n2)cc(C)c1F,1
P3_02773,CCOc1ccc(Nc2ncc3ccccc3n2)cc1F,1
P3_02774,C[NH2+]Cc1cccc(Nc2nc(C)c3cc(OC)ccc3n2)c1,1
P3_02775,COc1ccc(Nc2ncc3ccccc3n2)cc1F,1
P3_02776,COc1ccccc1Nc1nc(N)c2ccccc2n1,1
P3_02777,COc1ccc(Nc2nc(N)c3ccccc3n2)c(OC)c1,1
P3_02778,COc1ccc(OC)c(Nc2nc(N)c3ccccc3n2)c1,1
P3_02779,COc1ccc(Cl)cc1Nc1nc(N)c2ccccc2n1,1
P3_02780,COc1cc(C)c(C)cc1Nc1ncc2ccccc2n1,1
P3_02781,COc1ccc(Nc2ncc3ccccc3n2)cc1C(F)(F)F,1
P3_02782,CCOC(=O)c1ccc(Nc2nc(N)c3cc(OC)c(OC)cc3n2)cc1,1
P3_02783,Cc1cc(F)ccc1Nc1ncc2ccccc2n1,1
P3_02784,Cc1ccccc1Nc1nc(N)c2c(F)cccc2n1,1
P3_02785,COc1cc(C)c(Nc2ncc3ccccc3n2)cc1C,1
P3_02786,COc1c(C)cc(C)cc1Nc1ncc2ccccc2n1,1
P3_02787,COc1c(Nc2ncc3ccccc3n2)ccc(C)c1F,1
P3_02788,COc1ccc(C)c(F)c1Nc1ncc2ccccc2n1,1
P3_02789,CCOc1cc(Nc2ncc3ccccc3n2)c(F)cc1F,1
P3_02790,COc1cc(C)cc(F)c1Nc1ncc2ccccc2n1,1
P3_02791,CCOc1cc(F)c(Nc2ncc3ccccc3n2)cc1F,1
P3_02792,CCOc1ccc(Nc2ncc3ccccc3n2)c(F)c1,1
P3_02793,CCOc1ccc(OC)cc1Nc1ncc2ccccc2n1,1
P3_02794,COc1ccc(Nc2ncc3ccccc3n2)c(C)c1C,1
P3_02795,COc1cc(F)c(Nc2ncc3ccccc3n2)cc1OC,1
P3_02796,COc1cc(F)c(F)cc1Nc1ncc2ccccc2n1,1
P3_02797,COc1cccc(OC)c1Nc1ncc2ccccc2n1,1
P3_02798,COc1cc(OC)c(Nc2ncc3ccccc3n2)cc1Cl,1
P3_02799,CCOc1ccc(Nc2ncc3ccccc3n2)c(F)c1F,1
P3_02800,COc1ccc(F)cc1Nc1ncc2ccccc2n1,1
P3_02801,COc1cc(F)c(Nc2ncc3ccccc3n2)cc1F,1
P3_02802,COc1cc(F)c(Nc2ncc3ccccc3n2)cc1Cl,1
P3_02803,COc1c(Br)cc(F)cc1Nc1ncc2ccccc2n1,1
P3_02804,CCCOc1ccc(Nc2ncc3ccccc3n2)c(F)c1F,1
P3_02805,COc1c(Nc2ncc3ccccc3n2)ccc(Cl)c1F,1
P3_02806,COc1cc(OC)c(C=CC(=O)c2ccccc2)c(OC)c1,1
P3_02807,COc1cccc(OC)c1C=CC(=O)c1ccccc1,1
P3_02808,COc1cc(OC)c(OC)cc1C=CC(=O)c1ccccc1,1
P3_02809,COc1cccc(C=CC(=O)c2ccccc2)c1OC,1
P3_02810,COc1ccc(C=CC(=O)c2ccccc2)c(OC)c1OC,1
P3_02811,COc1ccc(C=CC(=O)c2ccccc2)c(C)c1OC,1
P3_02812,COc1ccc(C=CC(=O)c2ccccc2)c(Cl)c1OC,1
P3_02813,COc1ccc(OC)c(C=CC(=O)c2ccccc2)c1,1
P3_02814,COc1cc(C=CC(=O)c2ccccc2)cc(OC)c1,1
P3_02815,COc1cccc(OC)c1C=CC(=O)c1ccc(F)cc1,1
P3_02816,COc1cc(C(=O)C=Cc2c(OC)cccc2OC)ccc1O,1
P3_02817,COc1cccc(OC)c1C=CC(=O)c1cccc(F)c1,1
P3_02818,COc1cccc(C=CC(=O)c2ccc(O)cc2)c1OC,1
P3_02819,CCOc1ccccc1C=CC(=O)c1cc(OC)c(OC)c(OC)c1,1
P3_02820,COc1cccc(OC)c1C=CC(=O)c1ccc(O)c(F)c1,1
P3_02821,COc1c(Br)cccc1C=CC(=O)c1cccc(O)c1,0
P3_02822,COc1cc(C=CC(=O)c2ccc(OC(C)C)cc2)cc(OC)c1OC,1
P3_02823,COc1cc(C=CC(=O)c2ccccc2C)cc(OC)c1OC,1
P3_02824,COc1cccc(OC)c1C=CC(=O)c1ccc(O)cc1O,1
P3_02825,COc1cc(C=CC(=O)c2cc(OC)c(OC)c(OC)c2)ccc1C,1
P3_02826,COc1cccc(OC)c1C=CC(=O)c1ccc(F)c(F)c1,1
P3_02827,COc1ccc(C(=O)C=Cc2cc(OC)c(OC)cc2OC)cc1,1
P3_02828,COc1cc(C=CC(=O)c2ccccc2Cl)cc(OC)c1OC,1
P3_02829,COc1cc(C=CC(=O)c2cccc(O)c2)ccc1O,1
P3_02830,COc1cccc(C(=O)C=Cc2cccc(O)c2OC)c1,1
P3_02831,COc1ccc(C(=O)C=Cc2ccc(OC)c(OC)c2OC)cc1,1
P3_02832,COc1ccc(C(=O)C=Cc2cc(OC)c(OC)cc2OC)cc1O,1
P3_02833,COc1cc(C=CC(=O)c2ccc(O)cc2)ccc1O,1
P3_02834,COc1cc(C(=O)C=Cc2cc(OC)c(OC)cc2OC)ccc1O,1
P3_02835,CCOc1c(OC)cc(C=CC(=O)c2cccc(OC)c2)cc1OC,1
P3_02836,COc1cccc(C=CC(=O)c2ccc(O)c(F)c2)c1OC,1
P3_02837,COc1cccc(C(=O)C=Cc2cc(Br)c(O)c(OC)c2)c1,1
P3_02838,COc1cccc(C=CC(=O)c2cccc(O)c2)c1F,1
P3_02839,COc1ccc(C(=O)C=Cc2cc(Br)c(O)c(OC)c2)cc1,1
P3_02840,COc1ccc(C(=O)C=Cc2ccccc2)c(C)c1OC,1
P3_02841,COc1ccc(C(=O)C=Cc2cccc(O)c2OC)cc1,1
P3_02842,COc1cccc(C(=O)C=Cc2ccccc2O)c1,1
P3_02843,COc1ccc(C(=O)C=Cc2c(OC)cc(OC)cc2OC)c(O)c1,1
P3_02844,COc1cc(C=CC(=O)c2ccc(O)c(OC)c2)ccc1O,1
P3_02845,COc1cc(O)ccc1C=CC(=O)c1cccc(F)c1,1
P3_02846,COc1cc(O)ccc1C=CC(=O)c1ccc(I)cc1,1
P3_02847,COc1cccc(OC)c1C=CC(=O)c1ccc(F)cc1O,1
P3_02848,COc1ccc(C(=O)C=Cc2cc(F)c(O)c(F)c2)cc1F,0
P3_02849,COc1cc(O)ccc1C=CC(=O)c1ccc(F)cc1,1
P3_02850,COc1cccc(OC)c1C=CC(=O)c1cc(F)ccc1O,1
P3_02851,COc1ccc(C(=O)C=Cc2cc(F)c(O)c(F)c2)cc1OC,0
P3_02852,COc1ccc(C(=O)C=Cc2c(OC)cccc2OC)c(O)c1,1
P3_02853,COc1ccc(O)c(C(=O)C=Cc2c(OC)cccc2OC)c1,1
P3_02854,COc1ccc(C(=O)C=Cc2cc(F)c(O)c(F)c2)cc1O,0
P3_02855,COc1ccc(C=CC(=O)c2ccc(C)c(C)c2)c(OC)c1OC,1
P3_02856,COc1cc(OC)c(OC)cc1C=CC(=O)c1ccc(OC(C)C)cc1,1
P3_02857,COc1ccc(C=CC(=O)c2cccc(F)c2)cc1OC,1
P3_02858,COc1cc(C=CC(=O)c2ccc(O)c(F)c2)cc(OC)c1O,1
P3_02859,CCOc1cccc(C=CC(=O)c2ccc(OC)c(O)c2)c1OC,1
P3_02860,CCOc1cccc(C=CC(=O)c2ccc(O)c(OC)c2)c1OC,1
P3_02861,COc1cccc(C(=O)C=Cc2cccc(O)c2)c1,1
P3_02862,COc1cccc(C(=O)C=Cc2cc(OC)c(O)cc2Br)c1,1
P3_02863,COc1cccc(OC)c1C=CC(=O)c1cccc(O)c1,1
P3_02864,COc1cc(C=CC(=O)c2cccc(C(=O)O)c2)cc(OC)c1OC,1
P3_02865,COc1cccc(C)c1C=CC(=O)c1cc(OC)c(OC)c(OC)c1,1
P3_02866,COc1cccc(OC)c1C=CC(=O)c1ccc(O)cc1,1
P3_02867,COc1ccc(C=CC(=O)c2ccccc2)c(OC)c1,1
P3_02868,COc1cccc(OC)c1C=CC(=O)c1cccc(C)c1,1
P3_02869,COc1cc(OC)c(C=CC(=O)c2ccc(C)cc2)c(OC)c1,1
P3_02870,COc1cccc(OC)c1C=CC(=O)c1ccc(C)cc1,1
P3_02871,COc1cc(Br)c(C=CC(=O)c2cccc(O)c2)c(OC)c1,1
P3_02872,COc1cc(C=CC(=O)c2ccc(F)cc2)cc(OC)c1OC,1
P3_02873,COc1cc(OC)c(C=CC(=O)c2ccc(Cl)cc2)c(OC)c1,1
P3_02874,COc1cc(C=CC(=O)c2cccc(F)c2)cc(OC)c1OC,1
P3_02875,COc1cc(Br)c(C=CC(=O)c2ccc(O)cc2)c(OC)c1,1
P3_02876,COc1cccc(OC)c1C=CC(=O)c1cccc(Cl)c1,1
P3_02877,COc1cc(OC)c(C=CC(=O)c2ccc(F)cc2)c(OC)c1,1
P3_02878,COc1cc(OC)c(C=CC(=O)c2cccc(F)c2)c(OC)c1,1
P3_02879,COc1cc(C=CC(=O)c2cccc(C(=O)O)c2)cc(Cl)c1OC,1
P3_02880,COc1cc(C=CC(=O)c2cccc(O)c2)cc(Cl)c1OC,1
P3_02881,COc1cc(C=CC(=O)c2ccc(CC(=O)O)cc2)cc(OC)c1OC,1
P3_02882,COc1cccc(Cl)c1C=CC(=O)c1cccc(O)c1,0
P3_02883,COc1cc(C=CC(=O)c2ccc(O)cc2)cc(Cl)c1OC,1
P3_02884,COc1cc(OC)c(C=CC(=O)c2ccccc2O)c(OC)c1,1
P3_02885,COc1cc(O)ccc1C=CC(=O)c1cc(OC)c(OC)c(OC)c1,1
P3_02886,COc1cccc(OC)c1C=CC(=O)c1ccc(Cl)cc1,1
P3_02887,COc1cc(C=CC(=O)c2ccc(C(C)C)cc2)cc(OC)c1OC,1
P3_02888,COc1cccc(Cl)c1C=CC(=O)c1ccc(O)cc1,1
P3_02889,COc1cc(C=CC(=O)c2ccc(C(C)(C)C)cc2)cc(OC)c1OC,1
P3_02890,COc1cc(C=CC(=O)c2cccc(C)c2)cc(OC)c1O,0
P3_02891,COc1cccc(OC)c1C=CC(=O)c1ccc(O)c(C)c1,1
P3_02892,COc1cc(C=CC(=O)c2ccc(C)cc2)cc(OC)c1O,1
P3_02893,COc1ccc(C=CC(=O)c2cccc(O)c2)c(C)c1OC,1
P3_02894,COc1cc(C=CC(=O)c2cccc(Cl)c2)cc(Cl)c1OC,1
P3_02895,COc1cc(C=CC(=O)c2ccc(Cl)cc2)cc(Cl)c1OC,1
P3_02896,COc1cc(C=CC(=O)c2cccc(Br)c2)cc(OC)c1O,0
P3_02897,COc1cccc(C=CC(=O)c2cc(OC)c(OC)c(OC)c2)c1F,1
P3_02898,COc1cc(C=CC(=O)c2cccc(F)c2)cc(OC)c1O,1
P3_02899,COc1cccc(OC)c1C=CC(=O)c1ccc(O)c(Cl)c1,1
P3_02900,COc1cc(C=CC(=O)c2cccc(Cl)c2)cc(OC)c1O,0
P3_02901,COc1cc(C=CC(=O)c2ccc(F)cc2)cc(OC)c1O,1
P3_02902,COc1cc(C=CC(=O)c2ccc(Cl)cc2)cc(OC)c1O,1
P3_02903,COc1cc(C=CC(=O)c2ccc(Br)cc2)cc(OC)c1O,1
P3_02904,COc1cc(OC)c(OC)cc1C=CC(=O)c1cc(OC)c(O)c(OC)c1,1
P3_02905,COc1ccc(C=CC(=O)c2cccc(O)c2)c(Cl)c1OC,1
P3_02906,COc1cc(C=CC(=O)c2cccc(C)c2)cc(Cl)c1OC,1
P3_02907,COc1cc(OC)c(C=CC(=O)c2ccc(O)c(F)c2)c(OC)c1,1
P3_02908,COc1cc(Br)c(C=CC(=O)c2ccc(O)c(OC)c2)c(OC)c1,1
P3_02909,COc1cc(C=CC(=O)c2ccc(C)cc2)cc(Cl)c1OC,1
P3_02910,COc1cc(C)ccc1C=CC(=O)c1cc(OC)c(OC)c(OC)c1,0
P3_02911,COc1cc(C=CC(=O)c2ccc(C)c(C)c2)cc(OC)c1OC,1
P3_02912,COc1cc(O)ccc1C=CC(=O)c1cccc(O)c1,1
P3_02913,COc1cc(OC)c(C=CC(=O)c2ccc(C)c(C)c2)c(OC)c1,1
P3_02914,COc1cc(OC)c(C=CC(=O)c2ccc(OC)c(C)c2)c(OC)c1,1
P3_02915,COc1ccc(F)cc1C=CC(=O)c1cc(OC)c(OC)c(OC)c1,0
P3_02916,COc1cc(C=CC(=O)c2cccc(CN(C)C)c2)cc(OC)c1OC,1
P3_02917,COc1cc(Br)c(C=CC(=O)c2ccc(OC)c(O)c2)c(OC)c1,1
P3_02918,COc1cc(C=CC(=O)c2ccc(CC(C)C)cc2)cc(OC)c1OC,1
P3_02919,COc1c(C)cc(C=CC(=O)c2cccc(O)c2)cc1C,1
P3_02920,COc1cc(C)c(C=CC(=O)c2cccc(O)c2)cc1OC,0
P3_02921,COc1ccccc1C=CC(=O)c1ccc(O)c(C)c1,1
P3_02922,COc1ccccc1C=CC(=O)c1ccc(O)c(Cl)c1,1
P3_02923,COc1ccc(C)cc1C=CC(=O)c1cccc(O)c1,1
P3_02924,COc1cc(OC)c(C=CC(=O)c2cc(O)ccc2OC)c(OC)c1,1
P3_02925,COc1ccc(Cl)cc1C=CC(=O)c1cccc(O)c1,1
P3_02926,COc1cccc(OC)c1C=CC(=O)c1ccc(O)cc1C,1
P3_02927,COc1cccc(OC)c1C=CC(=O)c1cc(C)ccc1O,1
P3_02928,COc1cccc(OC)c1C=CC(=O)c1ccc(C)cc1O,1
P3_02929,COCCOc1ccccc1C=CC(=O)c1ccc(OC)c(O)c1,1
P3_02930,COc1ccc(C)cc1C(=O)C=Cc1cccc(O)c1OC,1
P3_02931,COc1cc(O)ccc1C=CC(=O)c1ccc(C#N)cc1,1
P3_02932,C=CCOc1ccccc1C=CC(=O)c1ccc(O)c(OC)c1,1
P3_02933,COc1ccc(OC)c(C=CC(=O)c2ccc(OC)c(O)c2)c1,1
P3_02934,C=CCOc1ccccc1C=CC(=O)c1ccc(OC)c(O)c1,1
P3_02935,COc1ccc(OC)c(C=CC(=O)c2ccccc2O)c1,1
P3_02936,COc1ccc(C=CC(=O)c2ccc(O)c(OC)c2)c(OC)c1,1
P3_02937,COc1ccc(F)cc1C=CC(=O)c1ccccc1O,1
P3_02938,COc1ccccc1C=CC(=O)c1cc(C)ccc1O,1
P3_02939,COc1ccc(Cl)cc1C(=O)C=Cc1cccc(O)c1OC,1
P3_02940,COc1c(O)cccc1C=CC(=O)c1ccc(CC(C)C)cc1,1
P3_02941,COc1c(C)cc(C(=O)C=Cc2cccc(O)c2OC)cc1Cl,1
P3_02942,COc1cc(OC)c(OC)cc1C=CC(=O)c1cc(O)ccc1OC,0
P3_02943,COc1cccc(C=CC(=O)c2ccc(O)c(C)c2)c1OC(F)F,1
P3_02944,COc1ccc(O)cc1C(=O)C=Cc1ccc(OC)c(OC)c1C,1
P3_02945,COc1cc(O)ccc1C=CC(=O)c1ccc(O)c(C)c1,1
P3_02946,CC(C)Oc1ccccc1C=CC(=O)c1ccc(O)cc1,1
P3_02947,COc1cccc(C=CC(=O)c2ccc(O)c(Cl)c2)c1OC(F)F,1
P3_02948,COc1ccc(OC)c(C=CC(=O)c2ccc(O)c(C)c2)c1,1
P3_02949,COc1cc(O)ccc1C=CC(=O)c1ccc(O)c(Cl)c1,1
P3_02950,COc1ccc(O)cc1C(=O)C=Cc1ccc(OC)c(OC)c1Cl,1
P3_02951,COc1ccc(C)cc1C(=O)C=Cc1cccc(O)c1,1
P3_02952,COCc1ccc(C=CC(=O)c2cccc(O)c2)cc1,0
P3_02953,COc1ccc(OC)c(C=CC(=O)c2ccc(O)c(Cl)c2)c1,1
P3_02954,COc1ccc(C)cc1C(=O)C=Cc1ccc(O)cc1,1
P3_02955,COc1ccc(OC)c(C(=O)C=Cc2cc(C)c(O)c(C)c2)c1,1
P3_02956,COc1cccc(C=CC(=O)c2cc(O)ccc2OC)c1,1
P3_02957,COc1c(O)cccc1C=CC(=O)c1ccccc1I,1
P3_02958,COc1ccc(Cl)cc1C(=O)C=Cc1cccc(O)c1,1
P3_02959,COc1cc(OC)c(C(=O)C=Cc2ccc(O)c(Cl)c2)cc1Cl,1
P3_02960,COc1c(O)cccc1C=CC(=O)c1ccccc1OC(F)F,1
P3_02961,COc1cc(C)ccc1C(=O)C=Cc1ccc(O)cc1,1
P3_02962,COc1ccc(C)cc1C=CC(=O)c1cc(O)ccc1OC,0
P3_02963,COc1ccc(OC)c(C=CC(=O)c2cc(OC)ccc2O)c1,1
P3_02964,COc1ccc(C=CC(=O)c2cc(O)ccc2OC)cc1,1
P3_02965,COc1ccc(OC)c(C=CC(=O)c2cc(O)ccc2OC)c1,0
P3_02966,COc1cc(C=CC(=O)c2cc(O)ccc2OC)cc(OC)c1,1
P3_02967,COc1cc(C=CC(=O)c2ccc(O)c(C)c2)cc(OC)c1,1
P3_02968,COc1cc(C=CC(=O)c2ccc(O)c(C)c2)ccc1C#N,1
P3_02969,COc1ccc(OC)c(C=CC(=O)c2cc(OC)ccc2OC)c1,1
P3_02970,COc1ccc(C=CC(=O)c2cc(O)ccc2OC)c(OC)c1,0
P3_02971,COc1cc(C)c(C=CC(=O)c2cc(O)ccc2OC)cc1OC,0
P3_02972,COc1ccc(Cl)cc1C(=O)C=Cc1ccc(O)cc1,1
P3_02973,COc1cc(C=CC(=O)c2ccc(O)c(Cl)c2)cc(OC)c1,1
P3_02974,CCOc1ccccc1C=CC(=O)c1ccc(O)c(C)c1,1
P3_02975,COc1cc(C=CC(=O)c2ccc(O)c(Cl)c2)ccc1C#N,1
P3_02976,COc1ccc(Cl)cc1C=CC(=O)c1cc(O)ccc1OC,1
P3_02977,COc1cc(O)ccc1C=CC(=O)c1ccc(C)cc1OC,1
P3_02978,COc1cc(Br)c(C=CC(=O)c2cc(O)ccc2OC)cc1OC,0
P3_02979,CCOc1ccccc1C=CC(=O)c1ccc(O)c(Cl)c1,1
P3_02980,CCOc1ccccc1C=CC(=O)c1ccc(OC)cc1O,1
P3_02981,COCc1ccc(C=CC(=O)c2cc(O)ccc2OC)cc1,0
P3_02982,COc1cc(O)ccc1C=CC(=O)c1cc(C)ccc1O,1
P3_02983,COc1cc(O)ccc1C=CC(=O)c1ccc(C)cc1O,1
P3_02984,COc1ccc(C=CC(=O)c2cc(O)ccc2OC)c(Br)c1,0
P3_02985,COCCOc1ccccc1C=CC(=O)c1ccc(OC)cc1O,1
P3_02986,COC(=O)c1ccc(Cl)c(C=CC(=O)c2cc(O)ccc2OC)c1,1
P3_02987,COc1cc(O)ccc1C=CC(=O)c1ccc(Cl)cc1Cl,1
P3_02988,COc1cc(O)ccc1C=CC(=O)c1cc(F)ccc1O,1
P3_02989,COc1cc(O)ccc1C=CC(=O)c1ccc(F)cc1O,1
P3_02990,COc1ccc(OC)c(C=CC(=O)c2cc(C)ccc2O)c1,1
P3_02991,COc1cc(O)ccc1C=CC(=O)c1cc(Cl)ccc1Cl,1
P3_02992,COc1cc(O)ccc1C=CC(=O)c1cc(Cl)ccc1O,1
P3_02993,COc1ccc(C=CC(=O)c2cc(O)ccc2OC)c(Cl)c1,1
P3_02994,COc1ccc(OC)c(C=CC(=O)c2cc(F)ccc2O)c1,1
P3_02995,COc1cc(O)ccc1C=CC(=O)c1ccc(Br)cc1Cl,1
P3_02996,COc1ccc2oc(C(Cl)(Cl)Cl)cc(=O)c2c1,1
P3_02997,COc1ccc2c(=O)cc(C(F)(F)F)oc2c1,1
P3_02998,COc1ccc2c(=O)cc(C(F)(F)C(F)(F)F)oc2c1,1
P3_02999,COc1ccc2c(=O)cc(C(F)(F)C(F)F)oc2c1,1
P3_03000,COc1ccc2c(=O)cc(C(F)F)oc2c1,1
P3_03001,COc1ccc2oc(C(F)(F)F)cc(=O)c2c1,1
P3_03002,COc1ccc2c(=O)ccoc2c1,1
P3_03003,COC(=O)c1cc(=O)c2ccc(OC)cc2o1,1
P3_03004,COc1ccc2oc(C(F)(F)C(F)(F)F)cc(=O)c2c1,1
P3_03005,Cc1ccc2oc(C(Cl)(Cl)Cl)cc(=O)c2c1,1
P3_03006,COc1ccc2c(C)c(C)c(=O)oc2c1,1
P3_03007,COc1ccc2oc(C(F)(F)C(F)F)cc(=O)c2c1,1
P3_03008,COc1ccc2c(C)c(Cl)c(=O)oc2c1,1
P3_03009,CCOC(=O)c1cc(=O)c2ccc(OC)cc2o1,1
P3_03010,COc1ccc2c(C(F)(F)F)cc(=O)oc2c1,1
P3_03011,CCc1cc(=O)oc2cc(OC)ccc12,1
P3_03012,COc1ccc2c(C(C)C)cc(=O)oc2c1,1
P3_03013,CCOc1cc(=O)oc2cc(OC)ccc12,1
P3_03014,COc1ccc2c(=O)c(Cl)coc2c1,1
P3_03015,COc1ccc2c(CSC)cc(=O)oc2c1,1
P3_03016,COc1ccc2oc(C(F)F)cc(=O)c2c1,1
P3_03017,COc1cc(OC)c2ccc(=O)oc2c1,1
P3_03018,COc1ccc2c(C)cc(=S)oc2c1,1
P3_03019,COc1ccc2c(O[C@H](C)C(F)(F)F)cc(=O)oc2c1,1
P3_03020,COc1ccc2c(O[C@@H](C)C(F)(F)F)cc(=O)oc2c1,1
P3_03021,COc1ccc2c(OC(C(C)C)C(C)C)cc(=O)oc2c1,1
P3_03022,COc1ccc2c(O[C@@H](C)C(C)C)cc(=O)oc2c1,1
P3_03023,COc1ccc2c(O[C@H](C)C(C)C)cc(=O)oc2c1,1
P3_03024,COc1ccc2oc(C(N)=O)cc(=O)c2c1,0
P3_03025,COc1ccc2c(COC(C)C)cc(=O)oc2c1,0
P3_03026,CC[NH+](CC)Cc1cc(=O)oc2cc(OC)ccc12,1
P3_03027,COC(=O)c1cc(=O)c2cc(OC)ccc2o1,1
P3_03028,COc1ccc2c(COC(=O)C(C)(C)O)cc(=O)oc2c1,0
P3_03029,COc1ccc2c(COC(=O)C(C)(C)C)cc(=O)oc2c1,0
P3_03030,COc1ccc2c(=O)c(N)coc2c1,1
P3_03031,COc1ccc2c(COC(=O)C(C)(C)C(C)(C)C)cc(=O)oc2c1,0
P3_03032,COc1ccc2c(COC(=O)C(C)(C)F)cc(=O)oc2c1,1
P3_03033,COc1ccc2c(CSCCC(C)(C)O)cc(=O)oc2c1,1
P3_03034,COc1ccc2cc(N)c(=O)oc2c1,1
P3_03035,COc1ccc2c(CSCC(=O)C(C)(C)C)cc(=O)oc2c1,0
P3_03036,COc1ccc2cc(Br)c(=O)oc2c1,1
P3_03037,COc1ccc2c(CSCC(=O)OC(C)(C)C)cc(=O)oc2c1,1
P3_03038,COc1ccc2c(CNC(C)(C)C(=O)OC(C)(C)C)cc(=O)oc2c1,1
P3_03039,COc1ccc2c(CN(CCS(C)(=O)=O)C(C)(C)C)cc(=O)oc2c1,1
P3_03040,COc1ccc2c(CN(C)CC(=O)OC(C)(C)C)cc(=O)oc2c1,0
P3_03041,COc1ccc2c(CN[C@H](C(N)=O)C(C)(C)C)cc(=O)oc2c1,1
P3_03042,COc1ccc2oc(=O)cc(C[NH3+])c2c1,1
P3_03043,COc1ccc2cc(C(C)=O)c(=O)oc2c1,1
P3_03044,O=c1cc(C(F)(F)F)oc2ccc(Cl)cc12,1
P3_03045,COc1ccc2oc(=O)c(Br)cc2c1,1
P3_03046,Cc1ccc2oc(C(F)(F)F)cc(=O)c2c1,1
P3_03047,CCOc1cc(=O)oc2ccc(OC)cc12,1
P3_03048,COc1ccc2cc(C(N)=O)c(=O)oc2c1,1
P3_03049,COc1ccc2c(CO[C@@H](C)CC(=O)OC(C)(C)C)cc(=O)oc2c1,0
P3_03050,COc1ccc2occ(I)c(=O)c2c1,1
P3_03051,COc1ccc2c(COC(=O)C(C)(C)NC(=O)OC(C)(C)C)cc(=O)oc2c1,1
P3_03052,COc1ccc2cc(C(=O)NC(C)(C)C)c(=O)oc2c1,1
P3_03053,CCOc1ccc2c(C(F)(F)F)cc(=O)oc2c1,1
P3_03054,CNC(=O)c1cc2ccc(OC)cc2oc1=O,0
P3_03055,CC(C)Oc1ccc2c(C(F)(F)F)cc(=O)oc2c1,1
P3_03056,COc1ccc2oc(=O)c(C(C)=O)cc2c1,1
P3_03057,CCc1cc(=O)oc2cc(OCCC(C)(C)OC)ccc12,1
P3_03058,Nc1ccc2oc(C(F)(F)F)cc(=O)c2c1,1
P3_03059,O=c1cc(C(Cl)(Cl)Cl)oc2ccccc12,1
P3_03060,COc1ccc2c(CO)cc(=O)oc2c1,1
P3_03061,CCCc1c(C)c2ccc(OC)cc2oc1=O,1
P3_03062,Cc1cc(C)c2c(=O)cc(C(Cl)(Cl)Cl)oc2c1,1
P3_03063,COc1ccc2c(C/C=C/C(C)(C)C)cc(=O)oc2c1,1
P3_03064,COc1ccc2c(CN(CC(C)(C)C)OC)cc(=O)oc2c1,0
P3_03065,Cc1cc(=O)c2ccc(O[C@H](C)CS)cc2o1,0
P3_03066,Cc1cc(=O)c2ccc(O[C@@H](C)CS)cc2o1,0
P3_03067,COc1ccc2c(C)c(CC(C)C)c(=O)oc2c1,1
P3_03068,COc1ccc2c(C[NH+](C(C)C)C(C)C)cc(=O)oc2c1,1
P3_03069,COC[C@H](C)Oc1ccc2c(=O)cc(C)oc2c1,0
P3_03070,CO[C@H](C)COc1ccc2c(=O)cc(C)oc2c1,1
P3_03071,CCN(CC)c1ccc2c(=O)cc(C(C)(C)C)oc2c1,1
P3_03072,Cc1cc(=O)c2ccc(O[C@@H](C)CC(C)C)cc2o1,1
P3_03073,Cc1cc(=O)c2ccc(O[C@H](C)[C@H](C)S)cc2o1,0
P3_03074,Cc1cc(=O)c2ccc(O[C@H](C)CC(C)C)cc2o1,1
P3_03075,CC[C@H](COC)Oc1ccc2c(=O)cc(C)oc2c1,1
P3_03076,CO[C@H](C)CCOc1ccc2c(=O)cc(C)oc2c1,0
P3_03077,COc1ccc2c(CN(C)CCO)cc(=O)oc2c1,0
P3_03078,CO[C@@H](C)CCOc1ccc2c(=O)cc(C)oc2c1,0
P3_03079,CC[C@@H](COC)Oc1ccc2c(=O)cc(C)oc2c1,1
P3_03080,COc1ccc2c(C[N@H+](C)CCO)cc(=O)oc2c1,1
P3_03081,COc1ccc2c(C[N@@H+](C)CCO)cc(=O)oc2c1,1
P3_03082,COc1ccc2c(CO[C@H](C)[C@H](C)S)cc(=O)oc2c1,0
P3_03083,COc1ccc2c(C[N@H+](C)[C@H](C)C(C)(C)O)cc(=O)oc2c1,1
P3_03084,COc1ccc2c(C[N@H+](C)[C@@H](C)C(C)(C)O)cc(=O)oc2c1,1
P3_03085,COc1ccc2c(C[N@@H+](C)[C@@H](C)C(C)(C)O)cc(=O)oc2c1,1
P3_03086,COc1ccc2c(C[N@@H+](C)[C@H](C)C(C)(C)O)cc(=O)oc2c1,1
P3_03087,CC[C@H](C)[C@H](C)Oc1ccc2c(=O)cc(C)oc2c1,1
P3_03088,CC[C@@H](C)[C@@H](C)Oc1ccc2c(=O)cc(C)oc2c1,1
P3_03089,CC[C@H](C)[C@@H](C)Oc1ccc2c(=O)cc(C)oc2c1,1
P3_03090,CC[C@H](Oc1ccc2c(=O)cc(C)oc2c1)C(C)C,0
P3_03091,CC[C@@H](Oc1ccc2c(=O)cc(C)oc2c1)C(C)C,0
P3_03092,CC[C@@H](C)[C@H](C)Oc1ccc2c(=O)cc(C)oc2c1,1
P3_03093,CC(C)Oc1ccc2c(=O)ccoc2c1,0
P3_03094,COc1ccc2c(C[N@@H+](CC(C)C)C(C)C)cc(=O)oc2c1,1
P3_03095,COc1ccc2c(C[N@H+](CC(C)C)C(C)C)cc(=O)oc2c1,1
P3_03096,COc1ccc2c(CN(CC(F)F)C(C)C)cc(=O)oc2c1,0
P3_03097,COc1ccc2c(C[N@@H+](C)[C@H](C)CO)cc(=O)oc2c1,1
P3_03098,COc1ccc2c(C[N@H+](C)[C@H](C)CO)cc(=O)oc2c1,1
P3_03099,CCOC[C@H](C)Oc1ccc2c(=O)cc(C)oc2c1,0
P3_03100,CCOC[C@@H](C)Oc1ccc2c(=O)cc(C)oc2c1,0
P3_03101,COC[C@H](C)Oc1ccc2c(=O)ccoc2c1,0
P3_03102,COc1cc(OC(C)C)cc2oc(=O)ccc12,1
P3_03103,COc1ccc2c(CN(CC(F)F)C[C@H](C)O)cc(=O)oc2c1,1
P3_03104,COc1ccc2c(CN(CC(F)F)C[C@@H](C)O)cc(=O)oc2c1,1
P3_03105,Cc1cc(=O)oc2cc(OC(C)C)ccc12,1
P3_03106,CCc1cc(=O)oc2cc(OCCOC)ccc12,1
P3_03107,Cc1ccc2c(=O)cc(C(F)F)oc2c1,1
P3_03108,COc1cc2oc(=O)ccc2c(OC)c1OC,0
P3_03109,CCCOc1ccc2c(C)c(C)c(=O)oc2c1,1
P3_03110,Cc1cc(=O)oc2cc(OCC(C)(C)O)ccc12,1
P3_03111,CC(C)CC[C@H](C)Oc1ccc2c(=O)ccoc2c1,0
P3_03112,CCc1cc(=O)oc2cc(OCCCOC)ccc12,1
P3_03113,CCc1cc(=O)oc2cc(OCCCCOC)ccc12,1
P3_03114,CC(C)CC[C@@H](C)Oc1ccc2c(=O)ccoc2c1,0
P3_03115,COc1c(O)cc2oc(=O)ccc2c1OC,1
P3_03116,COc1cc(OC)c2c(=O)cc(C)oc2c1,1
P3_03117,CCc1cc(=O)oc2cc(OC(C)C)ccc12,1
P3_03118,CCCOc1ccc2c(C)cc(=O)oc2c1,1
P3_03119,Cc1cc(=O)oc2cc(OC/C=C/Cl)ccc12,1
P3_03120,CCc1cc(=O)oc2cc(OCC(C)(C)O)ccc12,1
P3_03121,Cc1cc(=O)oc2cc(O[C@@H](C(C)C)C(F)(F)F)ccc12,1
P3_03122,Cc1cc(=O)oc2cc(O[C@H](C(C)C)C(F)(F)F)ccc12,1
P3_03123,CCc1cc(=O)oc2cc(OC(COC)COC)ccc12,0
P3_03124,CCc1cc(=O)oc2cc(OCCCCCOC)ccc12,0
P3_03125,Cc1cc(=O)oc2cc(OC/C=C\Cl)ccc12,1
P3_03126,C=C(Cl)COc1ccc2c(CC)cc(=O)oc2c1,1
P3_03127,COc1ccc2c(C)c(Br)c(=O)oc2c1,1
P3_03128,COc1ccc2oc(C)cc(=O)c2c1,1
P3_03129,COc1ccc2c(C[N@@H+](C)C(C)(C)C)cc(=O)oc2c1,1
P3_03130,COc1ccc2c(C[N@H+](C)C(C)(C)C)cc(=O)oc2c1,1
P3_03131,COC(C)(C)C[C@H](C)Oc1ccc2c(=O)cc(C)oc2c1,1
P3_03132,COC(C)(C)C[C@@H](C)Oc1ccc2c(=O)cc(C)oc2c1,1
P3_03133,COc1ccc2c(C[N@H+](C)CC(C)(C)C)cc(=O)oc2c1,1
P3_03134,COc1ccc2c(C[N@@H+](C)CC(C)(C)C)cc(=O)oc2c1,1
P3_03135,COc1ccc2c(O[C@@H](C)CC(C)C)cc(=O)oc2c1,0
P3_03136,COc1ccc2c(O[C@H](C)CC(C)C)cc(=O)oc2c1,0
P3_03137,COc1ccc2c(COC(C)=O)cc(=O)oc2c1,0
P3_03138,COc1ccc2c(CO[C@H](C)C(F)(F)F)cc(=O)oc2c1,0
P3_03139,COc1ccc2c(O[C@H](C)CC(C)(C)OC)cc(=O)oc2c1,0
P3_03140,COc1ccc2c(O[C@@H](C)CC(C)(C)OC)cc(=O)oc2c1,0
P3_03141,COc1ccc2c(CO[C@@H](C)C(F)(F)F)cc(=O)oc2c1,0
P3_03142,COc1ccc2c(COC(=O)C(C)C)cc(=O)oc2c1,0
P3_03143,COc1ccc2c(CO[C@@H](C)C(C)C)cc(=O)oc2c1,1
P3_03144,COc1ccc2c(CO[C@H](C)C(C)C)cc(=O)oc2c1,1
P3_03145,CC(=O)[C@H](C)Oc1ccc2c(=O)cc(C)oc2c1,0
P3_03146,CC(=O)[C@@H](C)Oc1ccc2c(=O)cc(C)oc2c1,0
P3_03147,COc1ccc2c(COC(=O)CC(C)(C)C)cc(=O)oc2c1,0
P3_03148,COc1ccc2c(O[C@H](C)COC(C)(C)C)cc(=O)oc2c1,1
P3_03149,COc1ccc2c(O[C@@H](C)COC(C)(C)C)cc(=O)oc2c1,1
P3_03150,CCOC(=O)[C@H](CC)Oc1ccc2c(=O)cc(C)oc2c1,1
P3_03151,COc1ccc2c(CO[C@@H](C)CC(C)C)cc(=O)oc2c1,0
P3_03152,CCOC(=O)[C@@H](CC)Oc1ccc2c(=O)cc(C)oc2c1,1
P3_03153,COc1ccc2c(CO[C@H](C)CC(C)C)cc(=O)oc2c1,0
P3_03154,COc1ccc2c(COC(=O)[C@H](C)C(C)(C)C)cc(=O)oc2c1,1
P3_03155,COc1ccc2c(COC(=O)[C@@H](C)C(C)(C)C)cc(=O)oc2c1,1
P3_03156,COc1ccc2c(OCC[C@@H](C)OC)cc(=O)oc2c1,0
P3_03157,COc1ccc2c(OCC[C@H](C)OC)cc(=O)oc2c1,0
P3_03158,Cc1cc(=O)c2ccc(OCCOC(C)C)cc2o1,0
P3_03159,COc1ccc2c(COC(=O)C(C)=C(C)C)cc(=O)oc2c1,1
P3_03160,COc1ccc2c(C)c(CCC(=O)NC(C)(C)C)c(=O)oc2c1,1
P3_03161,COc1ccc2c(COC(=O)CC(C)C)cc(=O)oc2c1,1
P3_03162,CC[C@@H](CC(=O)OC)Oc1ccc2c(=O)cc(C)oc2c1,1
P3_03163,COc1ccc2c(COC(=O)/C=C(\C)C(C)(C)C)cc(=O)oc2c1,1
P3_03164,COc1ccc2c(COC(=O)/C=C(/C)C(C)(C)C)cc(=O)oc2c1,1
P3_03165,CCO[C@@H](C)COc1ccc2c(=O)cc(C)oc2c1,1
P3_03166,CCO[C@H](C)COc1ccc2c(=O)cc(C)oc2c1,1
P3_03167,CCC#C[C@@H](C)Oc1ccc2c(=O)cc(C)oc2c1,1
P3_03168,CCC#C[C@H](C)Oc1ccc2c(=O)cc(C)oc2c1,1
P3_03169,COc1ccc2c(COC(=O)CCC(C)C)cc(=O)oc2c1,1
P3_03170,COCCOc1ccc2c(C)c(C)c(=O)oc2c1,1
P3_03171,COc1ccc2cc(C(C)=C(C)C)c(=O)oc2c1,1
P3_03172,COc1ccc2cc(C=CC(F)(F)F)c(=O)oc2c1,0
P3_03173,CCCOC(=O)[C@H](C)Oc1ccc2c(=O)cc(C)oc2c1,1
P3_03174,CCOC(=O)C[C@@H](C)Oc1ccc2c(=O)cc(C)oc2c1,1
P3_03175,CCCOC(=O)[C@@H](C)Oc1ccc2c(=O)cc(C)oc2c1,1
P3_03176,CC1=C(C(=O)N(C)CCCO)CCC(C)(C)C1,0
P3_03177,CC(=O)NCCO[C@H](C)/C=C/C1=C(C)CCCC1(C)C,0
P3_03178,CC(=O)NCCO[C@@H](C)/C=C/C1=C(C)CCCC1(C)C,0
P3_03179,CC1=C(C(=O)N=S(C)(=O)CCO)C(C)(C)CCC1,0
P3_03180,CC1=C(C(=O)N[C@H](C)CCCO)CCC(C)(C)C1,0
P3_03181,CC1=C(C(=O)N[C@@H](C)CCCO)CCC(C)(C)C1,0
P3_03182,CC1=C(C(=O)N[C@@H](C)CC(C)(C)O)CCC(C)(C)C1,0
P3_03183,CC1=C(C(=O)N[C@H](C)CC(C)(C)O)CCC(C)(C)C1,0
P3_03184,CC1=C(C(=O)N[C@@H](C)CC#N)CCC(C)(C)C1,0
P3_03185,CC1=C(C(=O)N[C@H](C)CC#N)CCC(C)(C)C1,0
P3_03186,CCCCCOc1ccc(C(=O)Nc2cc(C)on2)cc1,1
P3_03187,CCCCCCOc1ccc(C(=O)Nc2cc(C)on2)cc1,1
P3_03188,CCCOc1ccc(C(=O)Nc2cc(C)on2)cc1,0
P3_03189,COCCCOc1ccc(C(=O)Nc2cc(C)on2)cc1,1
P3_03190,COCCOc1ccc(C(=O)Nc2cc(C)on2)cc1,1
P3_03191,CCOc1ccc(C(=O)Nc2cc(C)on2)cc1,1
P3_03192,Cc1cc(NC(=O)c2ccc(OCCC(C)C)cc2)no1,0
P3_03193,CCCCOc1ccc(C(=O)Nc2cc(C)on2)cc1OCCCC,0
P3_03194,CCCCOc1ccc(C(=O)Nc2cc(CC)on2)cc1,1
P3_03195,CCCCOc1ccc(C(=O)Nc2cc(C(C)C)on2)cc1,0
P3_03196,CCCCCOc1ccc(C(=O)Nc2cc(CC)on2)cc1,1
P3_03197,Cc1cc(NC(=O)c2ccc(OCC(N)=O)cc2)no1,0
P3_03198,Cc1cc(NC(=O)c2ccc(OCC(C)C)cc2)no1,0
P3_03199,COC(=O)COc1ccc(C(=O)Nc2cc(C)on2)cc1,1
P3_03200,CCCCOc1ccc(C(=O)Nc2cc(C)on2)cc1OC,1
P3_03201,CCCCOc1ccc(C(=O)Nc2cc(C)on2)cc1OCC,0
P3_03202,CCCCc1ccc(C(=O)Nc2cc(C)on2)cc1,1
P3_03203,CCCCCCOc1ccc(C(=O)Nc2cc(CC)on2)cc1,0
P3_03204,C=CCOc1ccc(C(=O)Nc2cc(C)on2)cc1,0
P3_03205,Cc1cc(NC(=O)c2ccc(OCC(F)(F)F)cc2)no1,0
P3_03206,COc1ccc(C(=O)Nc2cc(C)on2)cc1,0
P3_03207,CCCCOc1ccc(C(=O)Nc2cc(C)on2)c(Cl)c1,1
P3_03208,CCCCOc1cc(OCCC)ccc1C(=O)Nc1cc(C)on1,0
P3_03209,CCCOc1cccc(C(=O)Nc2cc(C)on2)c1,0
P3_03210,CCC(CC)Oc1ccc(C(=O)Nc2cc(C)on2)cc1,1
P3_03211,CCCCOc1ccc(C(=O)Nc2ccon2)cc1,1
P3_03212,CCCc1ccc(C(=O)Nc2cc(C)on2)cc1,1
P3_03213,CCCCC(=O)Nc1ccc(C(=O)Nc2cc(C)on2)cc1,1
P3_03214,CC[C@@H](C)Oc1ccc(C(=O)Nc2cc(C)on2)cc1,0
P3_03215,CC[C@H](C)Oc1ccc(C(=O)Nc2cc(C)on2)cc1,0
P3_03216,CCCOc1ccc(C(=O)Nc2cc(C)on2)cc1OCCC,0
P3_03217,CCOC(=O)c1ccc(C(=O)Nc2cc(C)on2)cc1,0
P3_03218,CCCCOc1cc(OC)ccc1C(=O)Nc1cc(C)on1,0
P3_03219,CCc1ccc(C(=O)Nc2cc(C)on2)cc1,0
P3_03220,CCCCCCOc1ccc(C(=O)Nc2cc(C)on2)cc1OC,1
P3_03221,CCc1cc(NC(=O)c2ccc(OCCCOC)cc2)no1,1
P3_03222,CCCOc1ccc(C(=O)Nc2cc(C)on2)c(OCCC)c1,0
P3_03223,CCCCOc1ccc(C(=O)Nc2noc(C)c2C)cc1,0
P3_03224,CCCCCOc1ccc(C(=O)Nc2ccon2)cc1,1
P3_03225,CCCCN(CC)c1ccc(C(=O)Nc2cc(C)on2)cc1,1
P3_03226,Cc1cc(NC(=O)c2ccc(OC(F)F)cc2)no1,0
P3_03227,CCCCCCOc1ccc(C(=O)Nc2ccon2)cc1,1
P3_03228,CCCOc1ccc(C(=O)Nc2cc(C)on2)cc1OCC,1
P3_03229,CCCC(=O)Nc1ccc(C(=O)Nc2cc(C)on2)cc1,1
P3_03230,CCOc1ccc(C(=O)Nc2cc(C)on2)cc1OCC,1
P3_03231,CCCOc1ccc(C(=O)Nc2cc(C)on2)c(OCCCOC)c1,0
P3_03232,COCCCOc1ccc(C(=O)Nc2cc(C(C)C)on2)cc1,1
P3_03233,CCCCCOc1ccc(C(=O)Nc2noc(C)c2C)cc1,1
P3_03234,CCSc1ccc(C(=O)Nc2cc(C)on2)cc1,0
P3_03235,CCC(C)(C)c1ccc(C(=O)Nc2cc(C)on2)cc1,0
P3_03236,CCN(CC)c1ccc(C(=O)Nc2cc(C)on2)cc1,0
P3_03237,CCC(=O)Nc1ccc(C(=O)Nc2cc(C)on2)cc1,0
P3_03238,COCc1ccc(C(=O)Nc2cc(C)on2)cc1,1
P3_03239,CCCOc1ccc(C(=O)Nc2cc(C)on2)c(OC)c1,0
P3_03240,CCCN(C)c1ccc(C(=O)Nc2cc(C)on2)cc1,0
P3_03241,CCCCOc1ccc(C(=O)Nc2nocc2C)cc1,0
P3_03242,CCOc1cc(C(=O)Nc2cc(C)on2)ccc1C,0
P3_03243,CCOc1cccc(C(=O)Nc2cc(C)on2)c1,0
P3_03244,CCCCOc1c(Cl)cc(C(=O)Nc2cc(C)on2)cc1OC,0
P3_03245,CCCCOc1c(Cl)cc(C(=O)Nc2cc(C)on2)cc1OCC,0
P3_03246,CCOCCOc1ccc(C(=O)Nc2cc(OC)on2)cc1,1
P3_03247,CCOc1ccc(C(=O)Nc2cc(CC)on2)cc1,0
P3_03248,CCCOc1ccc(C(=O)Nc2ccon2)cc1,1
P3_03249,CCCN(CC)c1ccc(C(=O)Nc2cc(C)on2)cc1,1
P3_03250,COCCOCc1ccc(C(=O)Nc2cc(C)on2)cc1,0
P3_03251,CCCOc1cc(OC)ccc1C(=O)Nc1cc(C)on1,0
P3_03252,CCc1cc(NC(=O)c2ccc(OCCC(C)C)cc2)no1,0
P3_03253,CCOc1ccc(C(=O)Nc2cc(C(C)C)on2)cc1,0
P3_03254,CCSCc1ccc(C(=O)Nc2cc(C)on2)cc1,1
P3_03255,CCOc1ccc(C(=O)Nc2cc(C)on2)cc1OC,1
P3_03256,CCCCCOc1ccc(C(=O)Nc2nocc2C)cc1,1
P3_03257,CC(C)CCOc1ccc(C(=O)Nc2cc(C(C)C)on2)cc1,0
P3_03258,CC(=O)Nc1ccc(C(=O)Nc2cc(C)on2)cc1,1
P3_03259,CCCOc1ccc(C(=O)Nc2cc(C)on2)c(OC(C)C)c1,0
P3_03260,CCOc1ccc(C(=O)Nc2cc(C)on2)c(OCC)c1,0
P3_03261,CCCCCCOc1ccc(C(=O)Nc2nocc2C)cc1,1
P3_03262,CCN(c1ccc(C(=O)Nc2cc(C)on2)cc1)C(C)C,1
P3_03263,COCCOc1ccc(C(=O)Nc2cc(C)on2)c(Cl)c1,1
P3_03264,COc1ccc(C(=O)Nc2cc(C)on2)cc1OCCO,0
P3_03265,COCCCOc1ccc(C(=O)Nc2ccon2)cc1,1
P3_03266,CCc1cc(NC(=O)c2ccc(OCC(C)C)cc2)no1,0
P3_03267,C#CCCOc1ccc(C(=O)Nc2cc(C(C)C)on2)cc1,0
P3_03268,CCCOc1ccc(C(=O)Nc2nocc2C)cc1,0
P3_03269,C#CCOc1ccc(C(=O)Nc2cc(CC)on2)cc1,0
P3_03270,C=CCOc1ccc(C(=O)Nc2cc(CC)on2)cc1,0
P3_03271,CC[N@@H+](Cc1ccc(C(=O)Nc2cc(C)on2)cc1)C(C)C,1
P3_03272,CC[N@H+](Cc1ccc(C(=O)Nc2cc(C)on2)cc1)C(C)C,1
P3_03273,CCOc1cc(C(=O)Nc2cc(C)on2)ccc1OCC(=O)[O-],0
P3_03274,CCCCOc1ccc(C(=O)Nc2cc(CC)on2)cc1OC,1
P3_03275,Cc1cc(NC(=O)c2ccc(OC(C)C)cc2)no1,0
P3_03276,Cc1cc(NC(=O)c2ccc(OC(C)(C)C)cc2)no1,0
P3_03277,CCc1ccc(C(=O)Nc2cc(C)on2)cc1CC,0
P3_03278,C#Cc1ccc(C(=O)Nc2cc(C)on2)cc1,0
P3_03279,CCc1cc(C(=O)Nc2cc(C)on2)ccc1O,0
P3_03280,CC[NH+](CC)Cc1ccc(C(=O)Nc2cc(C)on2)cc1,1
P3_03281,CSc1ccc(C(=O)Nc2cc(C)on2)cc1,0
P3_03282,CSCc1ccc(C(=O)Nc2cc(C)on2)cc1,0
P3_03283,CCC[N@@H+](CC)Cc1ccc(C(=O)Nc2cc(C)on2)cc1,0
P3_03284,CCC[N@H+](CC)Cc1ccc(C(=O)Nc2cc(C)on2)cc1,0
P3_03285,C=Cc1ccc(C(=O)Nc2cc(C)on2)cc1,0
P3_03286,CCCCCc1ccc(C(=O)Nc2cc(OC)on2)cc1,1
P3_03287,COc1ccc(C(=O)Nc2cc(C)on2)cc1OC,0
P3_03288,COc1cc(C(=O)Nc2cc(C)on2)ccc1C,0
P3_03289,Cc1cc(NC(=O)c2ccc(SC(C)C)cc2)no1,0
P3_03290,COc1ccc(C(=O)Nc2cc(C)on2)c(C)c1,0
P3_03291,COCCOc1ccc(C(=O)Nc2ccon2)cc1,1
P3_03292,Cc1cccc(C(=O)Nc2cc(C)on2)c1,0
P3_03293,CCOc1ccc(C(=O)Nc2ccon2)cc1,1
P3_03294,CCCCc1ccc(C(=O)Nc2cc(CC)on2)cc1,0
P3_03295,COc1cc(C(=O)Nc2cc(C)on2)ccc1Cl,0
P3_03296,COc1ccc(C(=O)Nc2cc(C)on2)cc1F,0
P3_03297,COc1ccc(C(=O)Nc2cc(C)on2)cc1Cl,1
P3_03298,COc1ccc(C(=O)Nc2cc(C)on2)cc1Br,0
P3_03299,COc1cc(C(=O)Nc2cc(C)on2)ccc1F,0
P3_03300,COc1cc(C(=O)Nc2cc(C)on2)ccc1Br,0
P3_03301,COc1ccc(C(=O)Nc2cc(C)on2)cc1I,0
P3_03302,CCCCOc1ccc(C(=O)Nc2cc(CC)on2)c(Cl)c1,1
P3_03303,CCOc1c(Br)cc(C(=O)Nc2cc(C)on2)cc1OC,0
P3_03304,CCc1cc(NC(=O)c2ccc(OC(C)(C)C)cc2)no1,0
P3_03305,CCc1cc(NC(=O)c2ccc(OC(C)C)cc2)no1,0
P3_03306,CCCCOc1ccc(C(=O)Nc2cc(C)on2)c(O)c1,1
P3_03307,CCCCOc1ccc(C(=O)Nc2cc(C(C)(C)F)on2)cc1,0
P3_03308,CCC(=O)c1ccc(C(=O)Nc2cc(C)on2)cc1,0
P3_03309,CCCOc1ccc(C(=O)Nc2cc(C(C)(C)C)on2)cc1,1
P3_03310,CCCCS(=O)(=O)c1ccc(C(=O)Nc2cc(C)on2)cc1,1
P3_03311,COCCCOc1cccc(C(=O)Nc2cc(C)on2)c1,1
P3_03312,COC(=O)c1ccc(C(=O)Nc2cc(C)on2)cc1,0
P3_03313,CC(=O)c1ccc(C(=O)Nc2cc(C)on2)cc1,0
P3_03314,CCCOc1ccc(C(=O)Nc2cc(C(C)(C)F)on2)cc1,1
P3_03315,CCOC(=O)Nc1ccc(C(=O)Nc2cc(C)on2)cc1,1
P3_03316,COCCOc1cccc(C(=O)Nc2cc(C)on2)c1,0
P3_03317,CCN(CC)C(=O)c1ccc(C(=O)Nc2cc(C)on2)cc1,0
P3_03318,CCS(=O)(=O)c1ccc(C(=O)Nc2cc(C)on2)cc1,0
P3_03319,COCCOc1cc(Br)cc(C(=O)Nc2cc(C)on2)c1,1
P3_03320,CCCN(CC)C(=O)c1ccc(C(=O)Nc2cc(C)on2)cc1,0
P3_03321,COC(=O)Nc1ccc(C(=O)Nc2cc(C)on2)cc1,0
P3_03322,CCCOc1ccc(C(=O)Nc2cc(C(C)(C)COC)on2)cc1,1
P3_03323,CCc1cc(C(=O)Nc2cc(C)on2)ccc1OC,0
P3_03324,COCCS(=O)(=O)c1ccc(C(=O)Nc2cc(C)on2)cc1,0
P3_03325,CCCS(=O)(=O)Nc1ccc(C(=O)Nc2cc(C)on2)cc1,1
P3_03326,CCc1cc(C(=O)Nc2cc(C)on2)ccc1F,0
P3_03327,CCOc1ccc(C(=O)Nc2cc(C(C)(C)C)on2)cc1,1
P3_03328,CCCc1cc(C(=O)Nc2cc(C)on2)ccc1Cl,1
P3_03329,COCCOc1ccc(C(=O)Nc2cc(C(C)(C)F)on2)cc1,1
P3_03330,COc1cccc(N2C(=O)N(Cc3ccccc3)c3ccccc3S2(=O)=O)c1,1
P3_03331,Cc1ccc(N2C(=O)N(Cc3ccccc3)c3ccccc3S2(=O)=O)cc1,0
P3_03332,CN(C)CCCNCc1ccc(-c2ccc(Cl)c(Cl)c2)o1,1
P3_03333,CN(C)CCCCNCc1ccc(-c2ccc(Cl)c(Cl)c2)o1,1
P3_03334,CN(C)CCCNCc1ccc(-c2ccc(F)cc2)o1,1
P3_03335,C[NH2+]CCCNCc1ccc(-c2ccc(F)c(Cl)c2)o1,1
P3_03336,C[NH+](C)CCCNCc1ccc(-c2ccc(F)c(Cl)c2)o1,1
P3_03337,CN(C)CCCNCc1ccc(-c2cccc(Cl)c2)o1,1
P3_03338,CN(C)CCCNCc1ccc(-c2ccc(Cl)c(C(F)(F)F)c2)o1,1
P3_03339,C[NH+](C)CCNCc1ccc(-c2ccc(F)c(Cl)c2)o1,1
P3_03340,CN(C)CCCCNCc1ccc(-c2cccc(Cl)c2)o1,1
P3_03341,CN(C)CCCCNCc1ccc(-c2ccc(F)cc2)o1,0
P3_03342,CN(C)CCCNCc1ccc(-c2cc(Cl)ccc2Cl)o1,1
P3_03343,N#CCNCc1ccc(-c2ccc(F)c(Cl)c2)o1,1
P3_03344,CN(C)CCCNCc1ccc(-c2c(F)cccc2F)o1,1
P3_03345,CN(C)CCCNCc1ccc(-c2ccccc2Cl)o1,1
P3_03346,CN(C)CCCCNCc1ccc(-c2cc(Cl)ccc2Cl)o1,1
P3_03347,Cc1c(F)cccc1-c1ccc(CNCCCN(C)C)o1,1
P3_03348,CN(C)CCCNCc1ccc(-c2cccc(Br)c2)o1,1
P3_03349,CN(C)CC[NH2+]Cc1ccc(-c2ccc(F)c(Cl)c2)o1,1
P3_03350,CN(C)CCCNCc1ccc(-c2cccc(F)c2F)o1,0
P3_03351,CC(C)N(C)CCCNCc1ccc(-c2ccc(Cl)cc2)o1,1
P3_03352,CN(C)CCCCNCc1ccc(-c2c(F)cccc2F)o1,1
P3_03353,Cc1cc(F)ccc1-c1ccc(CNCCCN(C)C)o1,1
P3_03354,CN(C)CCCCNCc1ccc(-c2ccccc2Cl)o1,1
P3_03355,O=C([O-])CNCc1ccc(-c2ccc(F)c(Cl)c2)o1,1
P3_03356,Cc1c(F)cccc1-c1ccc(CNCCCCN(C)C)o1,1
P3_03357,CC(C)N(C)CCCNCc1ccc(-c2ccc(F)cc2)o1,1
P3_03358,CN(C)CCCCNCc1ccc(-c2cccc(Br)c2)o1,1
P3_03359,CC(C)N(C)CCCNCc1ccc(-c2cccc(Cl)c2)o1,1
P3_03360,CCN(CC)CCCNCc1ccc(-c2ccc(F)cc2)o1,1
P3_03361,C[NH+](C)CCCNCc1ccc(-c2ccc(Cl)c(Cl)c2)o1,1
P3_03362,CN(C)CCCCNCc1ccc(-c2cccc(F)c2F)o1,1
P3_03363,CC(C)N(C)CCCCNCc1ccc(-c2ccc(Cl)cc2)o1,1
P3_03364,CN(CCO)CCNCc1ccc(-c2ccc(Cl)cc2)o1,1
P3_03365,Cc1cc(F)ccc1-c1ccc(CNCCCCN(C)C)o1,1
P3_03366,CS(=O)CCCNCc1ccc(-c2ccc(Cl)c(Cl)c2)o1,1
P3_03367,Cc1ccc(-c2ccc(CNCCC[NH+](C)C)o2)cc1Cl,1
P3_03368,C[NH2+]CCCNCc1ccc(-c2ccc(C)c(Cl)c2)o1,1
P3_03369,COCCN(C)CCNCc1ccc(-c2ccc(Cl)c(Cl)c2)o1,1
P3_03370,COCCN(C)CCCNCc1ccc(-c2ccc(F)cc2)o1,0
P3_03371,COCCN(C)CCCNCc1ccc(-c2cccc(Cl)c2)o1,1
P3_03372,OCc1ccc(-c2ccc(F)c(Cl)c2)o1,1
P3_03373,C[NH2+]Cc1ccc(-c2ccc(F)c(Cl)c2)o1,1
P3_03374,CC(C)N(C)CCNCc1ccc(-c2ccc(Cl)cc2)o1,1
P3_03375,CN(C)S(=O)(=O)CCNCc1ccc(-c2ccc(Cl)c(Cl)c2)o1,1
P3_03376,CCS(=O)(=O)CCCNCc1ccc(-c2ccc(Cl)c(Cl)c2)o1,1
P3_03377,CN(CCNCc1ccc(-c2ccc(Cl)c(Cl)c2)o1)CCC(=O)O,1
P3_03378,C[NH+](C)CCCNCc1ccc(-c2ccc(Cl)cc2)o1,1
P3_03379,CN(CCO)CCNCc1ccc(-c2ccc(F)cc2)o1,0
P3_03380,C[NH2+]CCCNCc1ccc(-c2ccc(OC)c(Cl)c2)o1,1
P3_03381,C[C@H](NCc1ccc(-c2ccc(F)c(Cl)c2)o1)C(=O)[O-],0
P3_03382,C[C@@H](NCc1ccc(-c2ccc(F)c(Cl)c2)o1)C(=O)[O-],0
P3_03383,CN(CCO)CCNCc1ccc(-c2cccc(Cl)c2)o1,1
P3_03384,FCCNCc1ccc(-c2ccc(Cl)cc2)o1,1
P3_03385,CC[NH2+]Cc1ccc(-c2ccc(F)c(Cl)c2)o1,1
P3_03386,Cc1ccc(-c2ccc(CNCC[NH+](C)C)o2)cc1Cl,1
P3_03387,C[NH2+]CCCNCc1ccc(-c2cc(Cl)cc(Cl)c2)o1,1
P3_03388,C[NH+](C)CCCNCc1ccc(-c2cc(Cl)cc(Cl)c2)o1,1
P3_03389,COc1ccc(-c2ccc(CNCCC[NH+](C)C)o2)cc1Cl,1
P3_03390,CCCC[NH2+]Cc1ccc(-c2ccc(F)c(Cl)c2)o1,1
P3_03391,CC[NH+](CC)CCCNCc1ccc(-c2ccc(Cl)cc2)o1,1
P3_03392,C[S@](=O)CCNCc1ccc(-c2ccc(Cl)c(Cl)c2)o1,1
P3_03393,C[S@@](=O)CCNCc1ccc(-c2ccc(Cl)c(Cl)c2)o1,1
P3_03394,CC(C)N(C)CCCNCc1ccc(-c2c(F)cccc2F)o1,1
P3_03395,CN(C)C(=O)CCCNCc1ccc(-c2ccc(F)cc2)o1,0
P3_03396,CS(=O)(=O)CCNCc1ccc(-c2ccc(Cl)c(Cl)c2)o1,1
P3_03397,CCN(CC)CC[NH2+]Cc1ccc(-c2ccc(F)c(Cl)c2)o1,0
P3_03398,CC(C)(C)[NH2+]Cc1ccc(-c2ccc(F)c(Cl)c2)o1,1
P3_03399,CN(C)C(=O)NCCCNCc1ccc(-c2cccc(Cl)c2)o1,1
P3_03400,CC(C)N(C)CCCNCc1ccc(-c2ccccc2Cl)o1,1
P3_03401,CN(C)C(=O)CNCc1ccc(-c2ccc(Cl)c(Cl)c2)o1,1
P3_03402,CN(C)C(=O)CCNCc1ccc(-c2ccc(Cl)cc2)o1,1
P3_03403,CCCCC[NH2+]Cc1ccc(-c2ccc(F)c(Cl)c2)o1,1
P3_03404,CS(=O)(=O)NCCNCc1ccc(-c2ccc(Cl)c(Cl)c2)o1,1
P3_03405,C[NH2+]CCCNCc1ccc(-c2ccc(F)cc2)o1,1
P3_03406,OCC[NH2+]Cc1ccc(-c2ccc(F)c(Cl)c2)o1,1
P3_03407,CCC[NH2+]Cc1ccc(-c2ccc(F)c(Cl)c2)o1,1
P3_03408,C[NH+](C)CCCNCc1ccc(-c2ccc(F)cc2)o1,1
P3_03409,CCS(=O)(=O)NCCNCc1ccc(-c2ccc(Cl)c(Cl)c2)o1,1
P3_03410,CCCCCC[NH2+]Cc1ccc(-c2ccc(F)c(Cl)c2)o1,1
P3_03411,CNS(=O)(=O)CCNCc1ccc(-c2ccc(Cl)c(Cl)c2)o1,1
P3_03412,CCN(CC)CCCNCc1ccc(-c2ccccc2Cl)o1,1
P3_03413,CC(C)[N@@H+](C)CCCNCc1ccc(-c2ccc(Cl)cc2)o1,1
P3_03414,CC(C)[N@H+](C)CCCNCc1ccc(-c2ccc(Cl)cc2)o1,1
P3_03415,C[NH+](C)CCCNCc1ccc(-c2cccc(Cl)c2)o1,1
P3_03416,C[NH+](C)CCNCc1ccc(-c2ccc(Cl)cc2)o1,1
P3_03417,C[NH+](C)CCNCc1ccc(-c2cc(Cl)cc(Cl)c2)o1,1
P3_03418,CC(CCCNCc1ccc(-c2ccc(Cl)cc2)o1)C(=O)O,0
P3_03419,CC(C)CC[NH2+]Cc1ccc(-c2ccc(F)c(Cl)c2)o1,1
P3_03420,C[C@H](O)C[NH2+]Cc1ccc(-c2ccc(F)c(Cl)c2)o1,1
P3_03421,C[C@@H](O)C[NH2+]Cc1ccc(-c2ccc(F)c(Cl)c2)o1,1
P3_03422,CN(C)[C@@H](CCCCNCc1ccc(-c2ccc(F)cc2)o1)C(=O)O,0
P3_03423,C[NH+](C)CCCNCc1ccc(-c2ccc(Cl)cc2Cl)o1,1
P3_03424,C[NH+](C)CCNCc1ccc(-c2cccc(Cl)c2)o1,1
P3_03425,C[NH+](C)CCNCc1ccc(-c2ccc(F)cc2)o1,0
P3_03426,C[C@@H](CNCc1ccc(-c2ccc(Cl)c(Cl)c2)o1)[NH+](C)C,1
P3_03427,CC(C)[N@@H+](C)CCNCc1ccc(-c2ccc(Cl)cc2)o1,1
P3_03428,C[C@H](CNCc1ccc(-c2ccc(Cl)c(Cl)c2)o1)[NH+](C)C,1
P3_03429,CC(C)[N@H+](C)CCNCc1ccc(-c2ccc(Cl)cc2)o1,1
P3_03430,C[C@H](CCNCc1ccc(-c2ccc(Cl)cc2)o1)[NH+](C)C,1
P3_03431,C[C@@H](CCNCc1ccc(-c2ccc(Cl)cc2)o1)[NH+](C)C,1
P3_03432,CC(CCCNCc1ccc(-c2ccc(F)cc2)o1)C(=O)O,1
P3_03433,CC[NH+](CC)CCNCc1ccc(-c2ccc(F)cc2)o1,1
P3_03434,C[NH+](C)CCCNCc1ccc(-c2ccc(Br)cc2)o1,1
P3_03435,C[NH2+]CCCNCc1ccc(-c2ccc(Br)c(C)c2)o1,1
P3_03436,CC(C)[NH+](CCNCc1ccc(-c2ccc(F)cc2)o1)C(C)C,0
P3_03437,CC(C)[N@H+](C)CCNCc1ccc(-c2ccc(F)cc2)o1,1
P3_03438,C[NH+](C)CCCNCc1ccc(-c2ccccc2F)o1,1
P3_03439,CC(C)[N@@H+](C)CCNCc1ccc(-c2ccc(F)cc2)o1,1
P3_03440,C[NH+](C)CCCNCc1ccc(-c2ccccc2Cl)o1,1
P3_03441,C[NH+](C)CCNCc1ccc(-c2ccc(Cl)cc2Cl)o1,1
P3_03442,C[NH+](C)CCCNCc1ccc(-c2cccc(Br)c2)o1,1
P3_03443,C[NH+](C)C(C)(C)CNCc1ccc(-c2ccc(Cl)cc2)o1,1
P3_03444,Cc1c(F)cccc1-c1ccc(CNCCCC(C)(C)O)o1,1
P3_03445,C[NH+](C)CCCNCc1ccc(-c2cccc(Cl)c2Cl)o1,1
P3_03446,C[NH2+]C[C@@H](C)CNCc1ccc(-c2ccc(Cl)cc2)o1,1
P3_03447,C[NH2+]C[C@H](C)CNCc1ccc(-c2ccc(Cl)cc2)o1,1
P3_03448,CC(C)COCC(O)CNCc1ccc(-c2ccc(Cl)c(Cl)c2)o1,1
P3_03449,C[NH+](C)CCNCc1ccc(-c2ccc(Br)cc2)o1,1
P3_03450,Cc1c(F)cccc1-c1ccc(CNCCCC(C)CO)o1,1
P3_03451,Cc1c(F)cccc1-c1ccc(CNCCCC(C)(C)CO)o1,1
P3_03452,C[NH+](C)CC(C)(C)CNCc1ccc(-c2ccc(Cl)cc2)o1,1
P3_03453,CC(CCCNCc1ccc(-c2ccc(Br)cc2)o1)C(=O)O,0
P3_03454,C[N@H+](CCCO)Cc1ccc(-c2ccc(Cl)c(Cl)c2)o1,1
P3_03455,C[N@@H+](CCCO)Cc1ccc(-c2ccc(Cl)c(Cl)c2)o1,1
P3_03456,CC(CCCNCc1ccc(-c2c(F)cccc2F)o1)C(=O)O,1
P3_03457,CC(C)(CCCNCc1ccc(-c2c(F)cccc2F)o1)C(=O)O,1
P3_03458,CC[NH+](CC)CCNCc1ccc(-c2ccc(Br)cc2)o1,1
P3_03459,C[NH+](C)C(C)(C)CNCc1ccc(-c2ccc(F)cc2)o1,0
P3_03460,CC(C)(CCCNCc1ccc(-c2ccccc2F)o1)C(=O)O,1
P3_03461,C[N@@H+](CCCCO)Cc1ccc(-c2ccc(Cl)c(Cl)c2)o1,1
P3_03462,C[N@H+](CCCCO)Cc1ccc(-c2ccc(Cl)c(Cl)c2)o1,1
P3_03463,CC[N@@H+](C)CCNCc1ccc(-c2ccc(Br)cc2)o1,1
P3_03464,CC[N@H+](C)CCNCc1ccc(-c2ccc(Br)cc2)o1,1
P3_03465,C[NH+](C)CC(C)(C)CNCc1ccc(-c2ccc(F)cc2)o1,0
P3_03466,CC(C)[N@H+](C)CCNCc1ccc(-c2ccc(Br)cc2)o1,1
P3_03467,CC(C)[N@@H+](C)CCNCc1ccc(-c2ccc(Br)cc2)o1,1
P3_03468,C[N@H+](CCO)Cc1ccc(-c2ccc(Cl)c(Cl)c2)o1,1
P3_03469,C[N@@H+](CCO)Cc1ccc(-c2ccc(Cl)c(Cl)c2)o1,1
P3_03470,CCN(CC)CC[NH2+]Cc1ccc(-c2ccc(C)c(Cl)c2)o1,1
P3_03471,CC(C)[N@H+](C)C[C@@H](C)NCc1ccc(-c2ccc(Cl)cc2)o1,1
P3_03472,CC(C)[N@H+](C)C[C@H](C)NCc1ccc(-c2ccc(Cl)cc2)o1,1
P3_03473,CC(C)[N@@H+](C)C[C@H](C)NCc1ccc(-c2ccc(Cl)cc2)o1,1
P3_03474,CN(C)CCCCNCc1ccc(-c2ccccc2)o1,1
P3_03475,CN(C)C(=O)CCCNCc1ccc(-c2ccc(Cl)c(Cl)c2)o1,1
P3_03476,CN(C)CCCCNCc1ccc(-c2cccc(C(F)(F)F)c2)o1,1
P3_03477,CC(=O)N(C)CCCNCc1ccc(-c2ccc(Cl)c(C(F)(F)F)c2)o1,1
P3_03478,CC(=O)N(C)CCCNCc1ccc(-c2cccc(Cl)c2)o1,1
P3_03479,CC(C)N(C)CCCCNCc1ccc(-c2ccc(F)cc2)o1,1
P3_03480,CN(C)C(=O)NCCNCc1ccc(-c2ccc(Cl)c(Cl)c2)o1,1
P3_03481,CN(C)C(=O)CCCNCc1ccc(-c2ccc(Cl)c(C(F)(F)F)c2)o1,1
P3_03482,CN(C)C(=O)CCCNCc1ccc(-c2cccc(Cl)c2)o1,1
P3_03483,CC(CNCc1ccc(-c2ccc(Cl)c(Cl)c2)o1)N(C)C,1
P3_03484,CC(C)N(C)CCCNCc1ccc(-c2ccccc2)o1,1
P3_03485,CN(C)C(=O)NCCCNCc1ccc(-c2ccc(F)cc2)o1,0
P3_03486,CN(C)S(=O)(=O)CCNCc1ccc(-c2ccc(Cl)cc2)o1,0
P3_03487,C[NH2+]CCCNCc1ccc(-c2cccc(Cl)c2)o1,1
P3_03488,CC(O)CCCNCc1ccc(-c2ccc(Cl)c(C(F)(F)F)c2)o1,1
P3_03489,CCC(O)CCCNCc1ccc(-c2cccc(Cl)c2)o1,1
P3_03490,CC[S@@](=O)CCNCc1ccc(-c2ccc(Cl)c(Cl)c2)o1,1
P3_03491,CC[S@](=O)CCNCc1ccc(-c2ccc(Cl)c(Cl)c2)o1,1
P3_03492,CN(C)S(=O)(=O)NCCNCc1ccc(-c2ccc(Cl)cc2)o1,1
P3_03493,CN(C)C(=O)CCNCc1ccc(-c2ccc(Cl)c(C(F)(F)F)c2)o1,1
P3_03494,CN(C)CCOCCNCc1ccc(-c2ccccc2)o1,1
P3_03495,CS(=O)(=O)CCCNCc1ccc(-c2ccc(F)cc2)o1,1
P3_03496,CN(C)C(=O)NCCNCc1ccc(-c2ccc(Cl)c(C(F)(F)F)c2)o1,1
P3_03497,CC(=O)N(C)CCCNCc1ccc(-c2cccc(Br)c2)o1,1
P3_03498,CC(C)C(=O)NCCNCc1ccc(-c2ccc(Cl)c(Cl)c2)o1,1
P3_03499,CCN(C)C(=O)CNCc1ccc(-c2ccc(Cl)c(Cl)c2)o1,1
P3_03500,CC(C)(CCCNCc1ccc(-c2ccc(Cl)cc2)o1)C(=O)O,1
P3_03501,CC(=O)NCCCNCc1ccc(-c2cccc(Cl)c2)o1,1
P3_03502,CC(C)OCCCNCc1ccc(-c2cccc(Cl)c2)o1,1
P3_03503,CN(C)S(=O)(=O)CCNCc1ccc(-c2ccc(F)cc2)o1,1
P3_03504,CC(C)N(C)CCCCNCc1ccc(-c2ccccc2)o1,1
P3_03505,CCOCCC[NH2+]Cc1ccc(-c2ccc(F)c(Cl)c2)o1,1
P3_03506,CC(C)NS(=O)(=O)CCNCc1ccc(-c2ccc(Cl)c(Cl)c2)o1,1
P3_03507,CC(C)(CO)CCCNCc1ccc(-c2cccc(Cl)c2)o1,1
P3_03508,O=C(O)CCCCNCc1ccc(-c2cccc(Cl)c2)o1,1
P3_03509,CN(C)CCCC(=O)NCc1ccc(-c2cccc(F)c2)o1,0
P3_03510,CCCCOCCC[NH2+]Cc1ccc(-c2ccc(F)c(Cl)c2)o1,1
P3_03511,O=C(O)CCCCCNCc1ccc(-c2cccc(Cl)c2)o1,1
P3_03512,O[C@@H](CNCc1ccc(-c2ccc(Cl)c(Cl)c2)o1)C(F)F,1
P3_03513,O[C@H](CNCc1ccc(-c2ccc(Cl)c(Cl)c2)o1)C(F)F,1
P3_03514,CC(C)(CCCNCc1ccc(-c2ccc(F)cc2)o1)C(=O)O,0
P3_03515,OCCOCC[NH2+]Cc1ccc(-c2ccc(F)c(Cl)c2)o1,1
P3_03516,CC(CNCc1ccc(-c2cccc(Cl)c2)o1)N(C)C,1
P3_03517,CC(C)N(C)CCNCc1ccc(-c2ccccc2)o1,1
P3_03518,CN(C)CCCNCc1ccc(-c2ccccc2)o1,1
P3_03519,CN(C)CCCCNCc1ccc(-c2ccc(Br)cc2)o1,1
P3_03520,FCCCNCc1ccc(-c2ccc(Cl)cc2)o1,1
P3_03521,COCCCCNCc1ccc(-c2ccc(Cl)c(Cl)c2)o1,1
P3_03522,OCCCCNCc1ccc(-c2ccc(Cl)cc2)o1,1
P3_03523,CN(C)CCOCCNCc1ccc(-c2ccc(F)cc2)o1,0
P3_03524,CN(C)C(=O)CCCNCc1ccc(-c2ccc(Cl)cc2)o1,1
P3_03525,[NH3+]CCCNCc1ccc(-c2ccc(Cl)cc2)o1,1
P3_03526,OCCCCNCc1ccc(-c2cccc(Cl)c2)o1,1
P3_03527,C[NH2+]CCCNCc1ccc(-c2ccc(Cl)cc2)o1,1
P3_03528,CCCNCc1ccc(-c2ccc(Cl)cc2)o1,1
P3_03529,OCCCCNCc1ccc(-c2ccc(F)cc2)o1,1
P3_03530,CSCCCCNCc1ccc(-c2ccc(Cl)cc2)o1,1
P3_03531,OCCCCCNCc1ccc(-c2ccc(F)cc2)o1,1
P3_03532,FCCCNCc1ccc(-c2ccc(F)cc2)o1,1
P3_03533,COCCCNCc1ccc(-c2cccc(Cl)c2)o1,1
P3_03534,COCCCNCc1ccc(-c2ccc(F)cc2)o1,1
P3_03535,C[NH2+]CCNCc1ccc(-c2ccc(Cl)cc2)o1,1
P3_03536,CCN(CC)CCCNCc1ccc(-c2ccccc2F)o1,1
P3_03537,CSCCCCNCc1ccc(-c2ccc(F)cc2)o1,1
P3_03538,FCCOCCNCc1ccc(-c2ccc(Cl)cc2)o1,1
P3_03539,COCCCCNCc1ccc(-c2ccc(F)cc2)o1,1
P3_03540,COCCNCc1ccc(-c2ccc(Cl)cc2)o1,1
P3_03541,CCCNCc1ccc(-c2ccc(F)cc2)o1,1
P3_03542,CCN(CCO)CCNCc1ccc(-c2ccc(F)cc2)o1,0
P3_03543,CCOCCCNCc1ccc(-c2ccc(F)cc2)o1,1
P3_03544,COCCCCCNCc1ccc(-c2ccc(F)cc2)o1,1
P3_03545,CCCCNCc1ccc(-c2ccc(C)cc2)o1,1
P3_03546,CCNCc1ccc(-c2ccc(Cl)cc2)o1,1
P3_03547,CN(C)CCOCCNCc1ccc(-c2ccccc2F)o1,1
P3_03548,FC(F)OCCCNCc1ccc(-c2cccc(Cl)c2)o1,1
P3_03549,CC(C)OCCCNCc1ccc(-c2ccc(F)cc2)o1,1
P3_03550,OCCOCCCNCc1ccc(-c2ccc(F)cc2)o1,1
P3_03551,CCOCCCCNCc1ccc(-c2ccc(F)cc2)o1,1
P3_03552,CC[NH+](CC)CCNCc1ccc(-c2ccc(Cl)cc2)o1,1
P3_03553,CC[NH2+]CCNCc1ccc(-c2ccc(Cl)cc2)o1,1
P3_03554,CN(C)C(=O)NCCNCc1ccc(-c2cccc(Cl)c2)o1,1
P3_03555,CN(C)CCOCCNCc1ccc(-c2cccc(Br)c2)o1,1
P3_03556,CC(CO)CCCNCc1ccc(-c2ccc(F)cc2)o1,1
P3_03557,C[NH+](C)CCCNCc1ccc(-c2cc(Cl)ccc2Cl)o1,1
P3_03558,CC(C)OCCCCNCc1ccc(-c2ccc(F)cc2)o1,1
P3_03559,COCCOCCCNCc1ccc(-c2ccc(F)cc2)o1,1
P3_03560,CC[NH+](CC)CCNCc1ccc(-c2cc(Cl)cc(Cl)c2)o1,1
P3_03561,CN(C)CCNCc1ccc(-c2ccc(F)o2)cc1,0
P3_03562,CC(C)CCNCc1ccc(-c2ccc(F)cc2)o1,1
P3_03563,COCCNCc1ccc(-c2ccc(F)cc2)o1,1
P3_03564,CN(C)CCCN(C)Cc1ccc(-c2ccc(F)cc2)o1,1
P3_03565,CN(CCO)CCNCc1ccc(-c2ccccc2Cl)o1,1
P3_03566,COc1ccc(-c2cc(=O)c3c(O)cc([O-])cc3o2)cc1,1
P3_03567,COc1ccc(-c2cc(=O)c3c(O)cccc3o2)cc1,1
P3_03568,COc1cc(O)c2c(=O)cc(-c3ccc(O)c(OC)c3)oc2c1,1
P3_03569,COc1cc(O)c2c(=O)cc(-c3ccc(OC)c(OC)c3)oc2c1,1
P3_03570,COc1cc(O)c2c(=O)cc(-c3ccc(OC)c(O)c3)oc2c1,1
P3_03571,COc1ccc(-c2cc(=O)c3c(OC)cc(OC)cc3o2)cc1,1
P3_03572,COc1ccc(-c2cc(=O)c3c(O)c(OC)c(O)cc3o2)cc1,1
P3_03573,COc1cc(O)c2c(=O)cc(-c3cc(OC)c(O)c(OC)c3)oc2c1,1
P3_03574,COc1ccc(-c2cc(=O)c3c([O-])cc(OC)cc3o2)cc1,1
P3_03575,COc1cc([O-])c2c(=O)cc(-c3ccc(O)cc3)oc2c1,1
P3_03576,COc1ccc(-c2cc(=O)c3c(OC)c(O)c(OC)cc3o2)cc1,1
P3_03577,COc1ccc(-c2cc(=O)c3c(O)c(OC)c([O-])cc3o2)cc1,1
P3_03578,COc1ccc(-c2cc(=O)c3c([O-])c(O)c(OC)cc3o2)cc1,1
P3_03579,COc1ccc(-c2cc(=O)c3cc(O)ccc3o2)cc1,1
P3_03580,COc1ccc(-c2cc(=O)c3c(OC)c(OC)c(OC)cc3o2)cc1,1
P3_03581,COc1ccc(-c2oc3cc(OC)cc(O)c3c(=O)c2O)cc1,1
P3_03582,COc1ccc2c(=O)cc(-c3ccc(O)cc3)oc2c1,1
P3_03583,COc1ccc(-c2cc(=O)c3c(OC)cccc3o2)cc1,1
P3_03584,COc1ccc(-c2oc3cc(OC)cc(O)c3c(=O)c2OC)cc1,1
P3_03585,COc1ccc(-c2cc(=O)c3c(C)cc([O-])cc3o2)cc1,1
P3_03586,COc1ccc2oc(-c3ccc(O)cc3)cc(=O)c2c1,1
P3_03587,COc1ccc(-c2cc(=O)c3ccc(OC)cc3o2)cc1,1
P3_03588,O=c1cc(-c2ccc(O)cc2)oc2cc([O-])cc(O)c12,1
P3_03589,COc1cc([O-])c2c(=O)cc(-c3ccc(O)c(OC)c3)oc2c1,1
P3_03590,COc1cc([O-])c2c(=O)cc(-c3ccc(OC)c(O)c3)oc2c1,1
P3_03591,COc1cc2oc(-c3ccc(O)cc3)cc(=O)c2c(OC)c1OC,1
P3_03592,COc1cccc(-c2cc(=O)c3c(O)cccc3o2)c1,1
P3_03593,COc1ccc(-c2cc(=O)c3c(O)cc(C)cc3o2)cc1OC,1
P3_03594,COc1ccc(-c2cc(=O)c3c([O-])c(OC)c(OC)cc3o2)cc1,1
P3_03595,COc1ccc(-c2cc(=O)c3cc(OC)ccc3o2)cc1,1
P3_03596,C#CC(C#C)Oc1cc(OC)cc2oc(-c3ccc(O)cc3)cc(=O)c12,1
P3_03597,COc1ccc(-c2cc(=O)c3c(O)c(OC)c(OC)c(OC)c3o2)cc1,1
P3_03598,COc1cc2oc(-c3ccc(O)cc3)cc(=O)c2c(OC)c1O,1
P3_03599,COC[C@H](C)Oc1c(OC)c(O)cc2oc(-c3ccc(OC)cc3)cc(=O)c12,1
P3_03600,COc1cc(-c2cc(=O)c3c(O)cc([O-])cc3o2)ccc1O,1
P3_03601,COc1ccc(-c2cc(=O)c3c(O)cc([O-])cc3o2)cc1O,1
P3_03602,COc1ccc(-c2cc(=O)c3c(O)cc([O-])cc3o2)cc1OC,1
P3_03603,COc1cccc2oc(-c3ccc(O)cc3)cc(=O)c12,1
P3_03604,COc1cc([O-])cc2oc(-c3ccc(O)cc3)cc(=O)c12,1
P3_03605,COc1cc2oc(-c3ccc(O)cc3)cc(=O)c2c(O)c1OC,1
P3_03606,CC[C@@H](Oc1cc(OC)cc2oc(-c3ccc(O)cc3)cc(=O)c12)C(=O)OC,1
P3_03607,COc1ccc(-c2cc(=O)c3c(OC)c(OC)c(OC)c(OC)c3o2)cc1,1
P3_03608,COc1ccc(-c2cc(=O)c3c(OCC(=O)OC(C)C)cc(OC)cc3o2)cc1,1
P3_03609,COc1cc(O)c2c(=O)c(O)c(-c3ccc(O)cc3)oc2c1,1
P3_03610,COc1ccc(-c2cc(=O)c3c(O)c(C)c(OC)c(C)c3o2)cc1,1
P3_03611,COc1ccc(-c2cc(=O)c3c(O[C@H](C)C[N+](C)(C)C)cc(OC)cc3o2)cc1,1
P3_03612,COc1ccc(-c2cc(=O)c3c(O[C@@H](C)C[N+](C)(C)C)cc(OC)cc3o2)cc1,1
P3_03613,COc1ccc(-c2cc(=O)c3cc(C)ccc3o2)cc1,1
P3_03614,COc1ccc2c(=O)cc(-c3cc(O)cc(O)c3)oc2c1,1
P3_03615,COc1ccc(-c2cc(=O)c3ccc(C)cc3o2)cc1,1
P3_03616,C#CC[C@@H](C)Oc1c(OC)c(O)cc2oc(-c3ccc(OC)cc3)cc(=O)c12,1
P3_03617,C#C[C@@H](CC)Oc1c(OC)c(O)cc2oc(-c3ccc(OC)cc3)cc(=O)c12,1
P3_03618,C#C[C@H](CC)Oc1c(OC)c(O)cc2oc(-c3ccc(OC)cc3)cc(=O)c12,1
P3_03619,C#CC[C@H](C)Oc1c(OC)c(O)cc2oc(-c3ccc(OC)cc3)cc(=O)c12,1
P3_03620,COc1cc(O)c2c(=O)c(OC)c(-c3ccc(O)cc3)oc2c1,1
P3_03621,COc1ccc(-c2cc(=O)c3c(O)c(OC)c([O-])c(OC)c3o2)cc1,1
P3_03622,COc1cc2oc(-c3ccc(O)cc3)cc(=O)c2c([O-])c1OC,1
P3_03623,CCOC(=O)[C@H](C)Oc1cc(OC)cc2oc(-c3ccc(O)cc3)cc(=O)c12,1
P3_03624,COC(=O)C[C@@H](C)Oc1cc(OC)cc2oc(-c3ccc(O)cc3)cc(=O)c12,1
P3_03625,COc1cc(OCC(=O)OC(C)C)c2c(=O)cc(-c3ccc(O)cc3)oc2c1,1
P3_03626,COc1ccc(-c2cc(=O)c3ccc(N)cc3o2)cc1,1
P3_03627,COc1ccc2oc(-c3cc(O)cc(O)c3)cc(=O)c2c1,1
P3_03628,COc1ccc(-c2cc(=O)c3ccc([O-])cc3o2)cc1,1
P3_03629,COc1cc(-c2cc(=O)c3c(O)cc([O-])cc3o2)cc(OC)c1O,1
P3_03630,COc1cc(-c2cc(=O)c3c(O)cc(C)cc3o2)cc(OC)c1OC,1
P3_03631,COc1ccc(-c2cc(=O)c3c(OC)c(OC)c(OC)cc3o2)cc1O,1
P3_03632,COc1ccc2c(=O)cc(-c3ccc(O)c(OC)c3)oc2c1,1
P3_03633,O=c1cc(-c2ccccc2)oc2cc([O-])cc(O)c12,1
P3_03634,COc1ccc(-c2cc(=O)c3c(OC)cc(OC)c(OC)c3o2)cc1,1
P3_03635,COc1ccc2oc(-c3ccc(O)c(OC)c3)cc(=O)c2c1,1
P3_03636,COc1cc(-c2cc(=O)c3c(O)cc([O-])cc3o2)cc(OC)c1OC,1
P3_03637,COc1ccc2oc(-c3ccc(C)cc3)cc(=O)c2c1,1
P3_03638,COc1ccc(-c2oc3cc(OC)cc(OC)c3c(=O)c2O)cc1,1
P3_03639,COc1ccc(-c2cc(=O)c3c(O)c(OC)c(OC)cc3o2)cc1O,1
P3_03640,COc1cc(-c2cc(=O)c3c(O)c(OC)c(O)cc3o2)ccc1O,1
P3_03641,COc1cc(-c2cc(=O)c3c(O)c(OC)c(OC)cc3o2)ccc1O,1
P3_03642,COc1ccc(-c2cc(=O)c3c(O)c(OC)c(O)cc3o2)cc1OC,1
P3_03643,COc1ccc(-c2cc(=O)c3c(O)c(OC)c(O)cc3o2)cc1O,1
P3_03644,COc1cc(O)c2c(=O)c(O)c(-c3ccc(OC)c(O)c3)oc2c1,1
P3_03645,COc1cc(-c2cc(=O)c3c(C)cc(C)cc3o2)ccc1O,1
P3_03646,COc1ccc(-c2cc(=O)c3c(OC(C)C)c(OC)c(OC)c(O)c3o2)cc1,1
P3_03647,COc1cc(OC)c2c(=O)cc(-c3ccccc3)oc2c1,1
P3_03648,COc1ccc(-c2cc(=O)c3ccccc3o2)cc1,1
P3_03649,COc1cc(OC)c2c(=O)cc(-c3ccc(OC)c(OC)c3)oc2c1,1
P3_03650,COc1ccc(-c2cc(=O)c3cc(N)ccc3o2)cc1,1
P3_03651,COc1ccc(-c2cc(=O)c3cc(F)ccc3o2)cc1,1
P3_03652,COc1ccc(-c2cc(=O)c3cc(OC(C)=O)ccc3o2)cc1,1
P3_03653,COc1cccc(-c2cc(=O)c3c(OC)cc(OC)cc3o2)c1,1
P3_03654,COc1cc(OC(C)C)c2c(=O)cc(-c3ccccc3)oc2c1,1
P3_03655,C=C(Cl)COc1cc(O)c2c(=O)cc(-c3ccccc3)oc2c1,1
P3_03656,Cc1cc2oc(-c3ccc(O)cc3)cc(=O)c2c(O)c1C,1
P3_03657,COc1ccc2oc(-c3ccc(F)cc3)cc(=O)c2c1,1
P3_03658,COc1ccc2oc(-c3ccc(Br)cc3)cc(=O)c2c1,1
P3_03659,COc1ccc2oc(-c3ccc(Cl)cc3)cc(=O)c2c1,1
P3_03660,COc1ccc2oc(-c3ccc(N)cc3)cc(=O)c2c1,1
P3_03661,COc1cc2oc(-c3ccccc3)cc(=O)c2c(O)c1OC,1
P3_03662,COc1cc2oc(-c3ccccc3)cc(=O)c2c(O)c1C,1
P3_03663,COc1ccc(-c2cc(=O)c3cc(OC(=O)C(C)C)ccc3o2)cc1,1
P3_03664,COc1ccc(-c2cc(=O)c3c([O-])c(OC)c(OC)cc3o2)cc1O,1
P3_03665,CCCOc1ccc2oc(-c3ccc(OC)cc3)cc(=O)c2c1,1
P3_03666,COc1ccc(-c2cc(=O)c3cc(OCC(N)=O)ccc3o2)cc1,1
P3_03667,COc1ccc2oc(-c3ccccc3)cc(=O)c2c1,1
P3_03668,COc1ccc(-c2cc(=O)c3c(O)c(OC)c([O-])cc3o2)cc1O,1
P3_03669,COc1cc(-c2cc(=O)c3c(C)c(Cl)c(C)cc3o2)ccc1O,1
P3_03670,COc1ccc2oc(-c3ccc(C(C)(C)C)cc3)cc(=O)c2c1,1
P3_03671,CC(C)Oc1ccc2c(=O)cc(-c3ccc(O)cc3)oc2c1,1
P3_03672,COc1cc2oc(-c3ccccc3)cc(=O)c2c(OC)c1OC,1
P3_03673,C=CCOc1ccc2oc(-c3ccc(OC)cc3)cc(=O)c2c1,1
P3_03674,COc1cc(-c2cc(=O)c3cc(O)ccc3o2)ccc1O,1
P3_03675,COc1cc(-c2cc(=O)c3c(O)c(OC)c(OC)cc3o2)cc(O)c1OC,1
P3_03676,CCOc1ccc(-c2cc(=O)c3cc(O)ccc3o2)cc1,1
P3_03677,CC(C)Oc1cccc2oc(-c3ccc(O)cc3)cc(=O)c12,1
P3_03678,COc1cccc(-c2cc(=O)c3cc(O)ccc3o2)c1,1
P3_03679,COc1cccc(-c2cc(=O)c3c(OC)cccc3o2)c1,1
P3_03680,COc1ccc(-c2cc(=O)c3cccc(C)c3o2)cc1,1
P3_03681,COc1cccc2oc(-c3ccccc3)cc(=O)c12,1
P3_03682,COc1ccc(-c2cc(=O)c3c(O)c(OC)c([O-])cc3o2)cc1OC,1
P3_03683,COc1ccc(-c2cc(=O)c3c(O)cc(OC)c(OC)c3o2)cc1O,1
P3_03684,COc1cc(-c2cc(=O)c3c(O)c(OC)c(OC)cc3o2)cc(OC)c1O,1
P3_03685,O=c1cc(-c2ccc(Cl)cc2)oc2cc([O-])cc(O)c12,1
P3_03686,COc1cc([O-])c2c(=O)cc(-c3ccc(OC)c(OC)c3)oc2c1,1
P3_03687,COc1cc([O-])c2c(=O)cc(-c3cc(OC)c(O)c(OC)c3)oc2c1,1
P3_03688,COc1ccc2c(=O)cc(-c3ccc(C)cc3)oc2c1,1
P3_03689,COc1ccc(-c2oc3cc(OC)cc([O-])c3c(=O)c2O)cc1,1
P3_03690,COc1ccc(-c2cc(=O)c3ccc(NC(C)=O)cc3o2)cc1,1
P3_03691,COc1ccc(-c2cc(=O)c3cc(CC(=O)[O-])ccc3o2)cc1,0
P3_03692,COc1ccc(-c2cc(=O)c3cc(NC(C)=O)ccc3o2)cc1,1
P3_03693,COc1cc(-c2cc(=O)c3c([O-])c(OC)c(OC)cc3o2)ccc1O,1
P3_03694,COc1c(OC)c(O)c2c(=O)cc(-c3ccc(O)cc3)oc2c1OC,1
P3_03695,COc1ccc(-c2oc3cc([O-])cc(O)c3c(=O)c2O)cc1,1
P3_03696,COc1cc(-c2cc(=O)c3c(O)c(OC)c([O-])cc3o2)ccc1O,1
P3_03697,COc1ccc(-c2cc(=O)c3cc(NC(=O)C(C)(C)C)ccc3o2)cc1,1
P3_03698,COc1ccc(-c2cc(=O)c3ccc(NC(=O)C(C)(C)C)cc3o2)cc1,1
P3_03699,COc1ccc(-c2cc(=O)c3cc(OCC#N)ccc3o2)cc1,1
P3_03700,CC(C)OC(=O)COc1cc(O)c2c(=O)cc(-c3ccccc3)oc2c1,1
P3_03701,CC(C)(C)OC(=O)COc1cc(O)c2c(=O)cc(-c3ccccc3)oc2c1,1
P3_03702,COc1ccc(-c2oc3cc([O-])cc(O)c3c(=O)c2OC)cc1,1
P3_03703,COc1ccc2c(=O)cc(-c3ccc(OC)c(OC)c3)oc2c1,1
P3_03704,COc1ccccc1-c1cc(=O)c2c(O)cccc2o1,1
P3_03705,COc1cccc(-c2cc(=O)c3ccc(OC)cc3o2)c1,1
P3_03706,COc1cc([O-])c2c(=O)c(OC)c(-c3ccc(O)cc3)oc2c1,1
P3_03707,COc1cc(-c2cc(=O)c3ccccc3o2)ccc1O,1
P3_03708,COc1ccc(-c2cc(=O)c3c(OC)cc([O-])cc3o2)cc1OC,1
P3_03709,COc1ccc(-c2cc(=O)c3cc(O)ccc3o2)cc1OC,1
P3_03710,COc1cccc(-c2cc(=O)c3cc(OC)ccc3o2)c1,1
P3_03711,CC(=O)Nc1nnc(SCc2c(C)cc(C)cc2C)s1,1
P3_03712,CC(=O)Nc1nnc(SCc2c(C)cccc2C)s1,0
P3_03713,CC(=O)Nc1nnc(SCc2ccc(C(C)(C)C)cc2)s1,1
P3_03714,Cc1cc(C(C)(C)C)cc(C)c1CSc1nnc(SCC(N)=O)s1,0
P3_03715,CC(=O)Nc1nnc(SCc2cc(C)cc(C)c2)s1,0
P3_03716,CC(=O)Nc1nnc(SCc2ccc(C)c(C)c2)s1,1
P3_03717,CC(=O)Nc1nnc(SCc2c(C)cccc2Cl)s1,1
P3_03718,CC(=O)Nc1nnc(SCc2cc(C)ccc2C)s1,0
P3_03719,CC(=O)Nc1nnc(SCc2ccc(C)cc2C)s1,0
P3_03720,CC(=O)Nc1nnc(SCc2ccccc2C)s1,0
P3_03721,CC(=O)Nc1nnc(SCc2c(F)cccc2F)s1,0
P3_03722,Cc1cc(C(C)(C)C)cc(C)c1CSc1nnc(N)s1,1
P3_03723,CC(=O)Nc1nnc(SCc2ccc(C)cc2)s1,0
P3_03724,CC(=O)Nc1nnc(SCc2ccc(Cl)cc2C)s1,1
P3_03725,CC(=O)Nc1nnc(SCc2ccc(C)c(F)c2)s1,0
P3_03726,CC(=O)Nc1nnc(SCc2ccc(F)cc2C)s1,0
P3_03727,CC(=O)Nc1nnc(SCc2cc(F)ccc2C)s1,0
P3_03728,CC(=O)Nc1nnc(SCc2cc(F)cc(F)c2)s1,0
P3_03729,CC(=O)Nc1nnc(SCc2cccc(C)c2)s1,0
P3_03730,CC(=O)Nc1nnc(SCc2ccc(C(F)(F)F)cc2)s1,1
P3_03731,CCc1ccc(CSc2nnc(NC(C)=O)s2)cc1,0
P3_03732,CC(=O)Nc1nnc(SCc2cccc(C(F)(F)F)c2)s1,0
P3_03733,COc1ccc(CSc2nnc(NC(C)=O)s2)cc1C,1
P3_03734,CC(=O)Nc1nnc(SCc2ccc(N(C)C)c(C)c2)s1,0
P3_03735,CC(=O)Nc1nnc(SCc2ccc(C)cc2Cl)s1,1
P3_03736,CC(=O)Nc1nnc(SCc2cc(C)ccc2F)s1,0
P3_03737,CC(=O)Nc1nnc(SCc2ccc(Cl)cc2)s1,1
P3_03738,CC(=O)Nc1nnc(SCc2ccc(CF)cc2)s1,1
P3_03739,CC(=O)Nc1nnc(SCc2c(F)cccc2Cl)s1,0
P3_03740,CC(=O)Nc1nnc(SCc2cccc(OC(C)(C)C)c2)s1,1
P3_03741,CNc1nnc(SCc2c(C)cc(C)cc2C)s1,1
P3_03742,CCCc1ccc(CSc2nnc(NC(C)=O)s2)cc1,1
P3_03743,CC(=O)Nc1nnc(SCc2ccccc2Br)s1,0
P3_03744,CC(=O)Nc1nnc(SCc2cccc(Br)c2)s1,0
P3_03745,CC(=O)Nc1nnc(SCc2cc(F)ccc2F)s1,0
P3_03746,CC(=O)Nc1nnc(SCc2cccc(Cl)c2)s1,1
P3_03747,CNc1nnc(SCc2c(C)cc(C)c(C(C)=O)c2C)s1,0
P3_03748,CC(=O)Nc1nnc(SCc2ccc(CC(C)C)cc2)s1,0
P3_03749,CC(=O)Nc1nnc(SCc2ccccc2Cl)s1,0
P3_03750,CC(=O)Nc1nnc(SCc2ccccc2C(F)(F)F)s1,0
P3_03751,CC(=O)Nc1nnc(SCc2cc(Cl)ccc2F)s1,1
P3_03752,COc1cccc(Cl)c1CSc1nnc(NC(C)=O)s1,1
P3_03753,CCNc1nnc(SCc2c(C)cc(C)cc2C)s1,0
P3_03754,CC(=O)Nc1nnc(SCc2ccc(C(F)F)cc2)s1,1
P3_03755,CC(=O)Nc1nnc(SCc2ccc(Cl)c(F)c2)s1,1
P3_03756,CC(=O)Nc1nnc(SCc2cccc(C(C)C)c2)s1,0
P3_03757,CC(=O)Nc1nnc(SCc2ccc(F)cc2Cl)s1,1
P3_03758,CC(=O)Nc1nnc(SCc2ccc(OC(F)(F)F)cc2)s1,1
P3_03759,CC(=O)Nc1nnc(SCc2ccc(F)c(Cl)c2)s1,1
P3_03760,CC(=O)Nc1nnc(SCc2ccc(Br)cc2)s1,0
P3_03761,CC(=O)Nc1nnc(SCc2ccc(F)c(F)c2)s1,0
P3_03762,CC(=O)Nc1nnc(SCc2ccc(F)cc2F)s1,0
P3_03763,COc1ccc(C)cc1CSc1nnc(NC(C)=O)s1,0
P3_03764,CC(=O)Nc1nnc(SCc2ccc(Cl)cc2F)s1,1
P3_03765,CC(=O)Nc1nnc(SCc2cccc(F)c2F)s1,0
P3_03766,COCC(=O)Nc1nnc(SCc2ccc(C(C)(C)C)cc2)s1,1
P3_03767,COc1ccc(Br)c(CSc2nnc(NC(C)=O)s2)c1,0
P3_03768,CC(=O)Nc1nnc(SCc2cccc(OC(C)C)c2)s1,0
P3_03769,CC(=O)Nc1nnc(SCc2ccc(OC(C)C)cc2)s1,0
P3_03770,COc1ccc(Cl)c(CSc2nnc(NC(C)=O)s2)c1,0
P3_03771,COc1ccc(Cl)cc1CSc1nnc(NC(C)=O)s1,1
P3_03772,CC(=O)Nc1nnc(SCc2cccc(F)c2Cl)s1,1
P3_03773,COCCNc1nnc(SCc2c(C)cc(C)cc2C)s1,0
P3_03774,Cc1cc(C)c(CSc2nnc(C)s2)c(C)c1,0
P3_03775,CCCNc1nnc(SCc2c(C)cc(C#N)cc2C)s1,0
P3_03776,CCSc1nnc(SCc2c(C)cc(C)cc2C)s1,0
P3_03777,CCOC(=O)c1ccc2nc(C)cc(Nc3ccc(N(C)C)cc3)c2c1,1
P3_03778,CCOC(=O)c1ccc2nc(C)cc(Nc3ccc(OCC)cc3)c2c1,1
P3_03779,CCOc1ccc(Nc2cc(C)nc3ccc(C(=O)OC)cc23)cc1,1
P3_03780,COC(=O)c1ccc2nc(C)cc(Nc3ccc(N(C)C)cc3)c2c1,1
P3_03781,CCOc1ccc2nc(C)cc(Nc3ccc(F)cc3F)c2c1,1
P3_03782,CCOc1ccc2nc(C(=O)OC)cc(Nc3ccc(C)cc3)c2c1,1
P3_03783,CCOc1ccc2nc(C(=O)OC)cc(Nc3ccc(OC)cc3)c2c1,1
P3_03784,CCOC(=O)c1ccc2nc(C)cc(Nc3ccc(OC)cc3)c2c1,1
P3_03785,CCOc1ccc2nc(C(=O)OC)cc(Nc3ccc(CC)cc3)c2c1,1
P3_03786,CCOc1ccc2nc(C(=O)OC)cc(Nc3ccc(Cl)cc3)c2c1,1
P3_03787,CCOc1ccc2nc(C(=O)OC)cc(Nc3ccc(C)c(C)c3)c2c1,1
P3_03788,CCOc1ccc(Nc2cc(C)nc3c(OC)cccc23)cc1,1
P3_03789,CCc1ccc2nc(C(=O)OC)cc(Nc3ccc(N(C)C)cc3)c2c1,1
P3_03790,COC(=O)c1cc(Nc2ccc(N(C)C)cc2)c2cc(C)ccc2n1,1
P3_03791,CCOC(=O)c1ccc2nc(C)cc(Nc3ccc(C(=O)OC)cc3)c2c1,1
P3_03792,CCOc1ccc2nc(C(=O)OC)cc(Nc3ccc(C)c(F)c3)c2c1,1
P3_03793,CCOC(=O)c1ccc2nc(C)cc(Nc3ccc(C(=O)[O-])cc3)c2c1,1
P3_03794,CCOC(=O)c1ccc2nc(C)cc(Nc3ccc(F)cc3)c2c1,1
P3_03795,COC(=O)c1ccc2nc(C)cc(Nc3ccc(OC)cc3)c2c1,1
P3_03796,CCOc1ccc2nc(C(=O)OC)cc(Nc3ccc(F)c(F)c3)c2c1,1
P3_03797,Cc1ccc2nc(C(=O)[O-])cc(Nc3ccc(N(C)C)cc3)c2c1,1
P3_03798,CCOc1ccc2nccc(Nc3ccc(C(=O)[O-])cc3)c2c1,1
P3_03799,COC(=O)c1cc(Nc2ccc(N(C)C)cc2)c2cc(Cl)ccc2n1,1
P3_03800,COC(=O)c1ccc2nc(C)cc(Nc3ccc(OC(C)C)cc3)c2c1,1
P3_03801,COC(=O)c1cc(Nc2ccc(N(C)C)cc2)c2cc(F)ccc2n1,1
P3_03802,CCOc1ccc2nc(C(=O)OC)cc(Nc3ccc(F)c(Cl)c3)c2c1,1
P3_03803,COC(=O)c1ccc2nc(C)cc(Nc3ccc(C)cc3)c2c1,1
P3_03804,COC(=O)c1ccc2nc(C)cc(Nc3ccc(O)cc3)c2c1,1
P3_03805,COC(=O)c1ccc2nc(C)cc(Nc3ccc(Br)cc3)c2c1,1
P3_03806,COC(=O)c1ccc2nc(C)cc(Nc3ccc(C(=O)[O-])cc3)c2c1,1
P3_03807,COC(=O)c1ccc2nc(C)cc(Nc3ccc(F)cc3)c2c1,1
P3_03808,CCOC(=O)c1ccc2nc(C)cc(Nc3cccc(OC)c3)c2c1,1
P3_03809,CCOC(=O)c1ccc2nc(C)cc(Nc3cccc(C)c3)c2c1,1
P3_03810,CCOC(=O)c1ccc2nc(C)cc(Nc3cccc(O)c3)c2c1,1
P3_03811,Cc1cc(Nc2ccc(CCO)cc2)c2ccccc2n1,1
P3_03812,COC(=O)c1ccc2nc(C)cc(Nc3ccc(C)c(C)c3)c2c1,1
P3_03813,CCOc1cccc2c(Nc3ccc(C(=O)[O-])cc3)cc(C)nc12,1
P3_03814,Cc1cc(Nc2ccc([C@H](C)O)cc2)c2ccccc2n1,1
P3_03815,Cc1cc(Nc2ccc([C@@H](C)O)cc2)c2ccccc2n1,1
P3_03816,CCc1ccc2nc(C(=O)OC)cc(Nc3ccc(OC)cc3)c2c1,1
P3_03817,COC(=O)c1ccc2nc(C)cc(Nc3ccc(OC)c(OC)c3)c2c1,1
P3_03818,COC(=O)c1ccc2nc(C)cc(Nc3cccc(OC)c3)c2c1,1
P3_03819,COC(=O)c1cc(Nc2ccc(N(C)C)cc2)c2cccc(C)c2n1,1
P3_03820,CCOC(=O)c1ccc2nccc(Nc3ccc(OC)cc3)c2c1,1
P3_03821,CCc1ccc2nc(C(=O)OC)cc(Nc3ccc(C)cc3)c2c1,1
P3_03822,COC(=O)c1ccc2nc(C)cc(Nc3cccc(O)c3)c2c1,1
P3_03823,COC(=O)c1ccc2nc(C)cc(Nc3cccc(Cl)c3)c2c1,1
P3_03824,CCOc1cc2nccc(Nc3ccc(N)cc3)c2cc1OCC,1
P3_03825,COC(=O)c1ccc2nc(C)cc(Nc3cccc(C(=O)[O-])c3)c2c1,1
P3_03826,COC(=O)c1cc(Nc2ccc(N(C)C)cc2)c2cccc(F)c2n1,1
P3_03827,COC(=O)c1cc(Nc2ccc(N(C)C)cc2)c2cccc(Cl)c2n1,1
P3_03828,CCc1ccc2nc(C(=O)OC)cc(Nc3ccc(Cl)cc3)c2c1,1
P3_03829,COc1ccc2nccc(Nc3ccc(NC(C)=O)cc3)c2c1,1
P3_03830,CCOC(=O)c1ccc2nccc(Nc3ccc(C(N)=O)cc3)c2c1,1
P3_03831,CCOC(=O)c1ccc2nccc(Nc3ccc(C(=O)[O-])cc3)c2c1,1
P3_03832,COc1cc(OC)c2nc(C)cc(Nc3ccc(C(=O)[O-])cc3)c2c1,0
P3_03833,CCc1ccc2nc(C(=O)OC)cc(Nc3ccc(C)c(C)c3)c2c1,1
P3_03834,COC(=O)c1ccc2nc(C)cc(Nc3ccc(C)cc3C)c2c1,1
P3_03835,CCOC(=O)c1ccc2nccc(Nc3ccc(NC(C)=O)cc3)c2c1,1
P3_03836,CCOC(=O)c1ccc2nccc(Nc3ccc(CO)cc3)c2c1,1
P3_03837,CCOC(=O)c1ccc2nccc(Nc3ccc(C#N)cc3)c2c1,1
P3_03838,CCc1ccc2nc(C(=O)OC)cc(Nc3ccc(C)c(F)c3)c2c1,1
P3_03839,CCOC(=O)c1ccc2nccc(Nc3ccc(COC)cc3)c2c1,1
P3_03840,CCOC(=O)c1ccc2nccc(Nc3ccc(CCO)cc3)c2c1,1
P3_03841,CCOC(=O)c1ccc2nccc(Nc3ccc(S(C)(=O)=O)cc3)c2c1,1
P3_03842,CCOC(=O)c1ccc2nccc(Nc3ccc(C[NH+](C)C)cc3)c2c1,1
P3_03843,CCOC(=O)c1ccc2nccc(Nc3ccc(C[NH2+]C)cc3)c2c1,1
P3_03844,CCc1ccc2nccc(Nc3ccc(C(=O)OC)cc3)c2c1,1
P3_03845,CCOC(=O)c1ccc2nccc(Nc3ccc(C)c(O)c3)c2c1,1
P3_03846,COc1cccc2c(Nc3ccc(C(C)=O)cc3)cc(C)nc12,1
P3_03847,CCOC(=O)c1ccc2nccc(Nc3ccc(C)c(CO)c3)c2c1,1
P3_03848,CCOC(=O)c1ccc2nccc(Nc3ccc(CO)c(C)c3)c2c1,1
P3_03849,CCOC(=O)c1ccc2nccc(Nc3ccc(O)c(F)c3)c2c1,1
P3_03850,CCSc1ccccc1C(=O)Nc1nc(-c2ccccn2)cs1,1
P3_03851,Cc1ccccc1C(=O)Nc1nc(-c2ccccn2)cs1,1
P3_03852,CCc1ccccc1C(=O)Nc1nc(-c2ccccn2)cs1,1
P3_03853,O=C(Nc1nc(-c2ccccn2)cs1)c1ccccc1F,1
P3_03854,O=C(Nc1nc(-c2ccccn2)cs1)c1ccccc1Cl,1
P3_03855,CSc1ccc(C(=O)Nc2nc(-c3ccccn3)cs2)cc1,1
P3_03856,Cc1cccc(C(=O)Nc2nc(-c3ccccn3)cs2)c1C,1
P3_03857,CSc1ccc(C)c(C(=O)Nc2nc(-c3ccccn3)cs2)c1,1
P3_03858,CSc1cccc(C(=O)Nc2nc(-c3ccccn3)cs2)c1,1
P3_03859,Cc1cccc(C(=O)Nc2nc(-c3ccccn3)cs2)c1Cl,1
P3_03860,Cc1c(Cl)cccc1C(=O)Nc1nc(-c2ccccn2)cs1,1
P3_03861,Cc1cccc(C(=O)Nc2nc(-c3ccccn3)cs2)c1F,1
P3_03862,CCCc1ccccc1C(=O)Nc1nc(-c2ccccn2)cs1,1
P3_03863,CCOc1ccccc1C(=O)Nc1nc(-c2ccccn2)cs1,1
P3_03864,O=C(Nc1nc(-c2ccccn2)cs1)c1ccccc1,1
P3_03865,O=C(Nc1nc(-c2ccccn2)cs1)c1cccc(F)c1F,1
P3_03866,O=C(Nc1nc(-c2ccccn2)cs1)c1cccc(Cl)c1Cl,1
P3_03867,COc1cc(SC)ccc1C(=O)Nc1nc(-c2ccccn2)cs1,1
P3_03868,COCc1ccccc1C(=O)Nc1nc(-c2ccccn2)cs1,1
P3_03869,CC(C)Oc1ccccc1C(=O)Nc1nc(-c2ccccn2)cs1,1
P3_03870,C[NH+](C)Cc1ccccc1C(=O)Nc1nc(-c2ccccn2)cs1,1
P3_03871,O=C(Nc1nc(-c2ccccn2)cs1)c1cccc(O)c1F,1
P3_03872,Cc1ccc(C)c(C(=O)Nc2nc(-c3ccccn3)cs2)c1,1
P3_03873,Cc1ccc(C(=O)Nc2nc(-c3ccccn3)cs2)c(C)c1,1
P3_03874,COc1cccc(C(=O)Nc2nc(-c3ccccn3)cs2)c1OC,1
P3_03875,COCCOc1ccccc1C(=O)Nc1nc(-c2ccccn2)cs1,1
P3_03876,O=C(Nc1nc(-c2ccccn2)cs1)c1cccc(Br)c1F,1
P3_03877,Cc1ccc(O)cc1C(=O)Nc1nc(-c2ccccn2)cs1,1
P3_03878,O=C(Nc1nc(-c2ccccn2)cs1)c1cccc(Cl)c1F,1
P3_03879,Cc1cccc(C)c1C(=O)Nc1nc(-c2ccccn2)cs1,1
P3_03880,Cc1ccc(C(=O)Nc2nc(-c3ccccn3)cs2)cc1,1
P3_03881,C=CCOc1ccccc1C(=O)Nc1nc(-c2ccccn2)cs1,1
P3_03882,Cc1cc(C(=O)Nc2nc(-c3ccccn3)cs2)c(F)cc1F,1
P3_03883,Cc1ccc(F)cc1C(=O)Nc1nc(-c2ccccn2)cs1,1
P3_03884,Cc1ccc(C(=O)Nc2nc(-c3ccccn3)cs2)c(Cl)c1,1
P3_03885,Cc1ccc(C(=O)Nc2nc(-c3ccccn3)cs2)c(F)c1,1
P3_03886,Cc1cc(F)ccc1C(=O)Nc1nc(-c2ccccn2)cs1,1
P3_03887,Cc1cc(F)c(C(=O)Nc2nc(-c3ccccn3)cs2)cc1F,1
P3_03888,CSCc1ccc(C(=O)Nc2nc(-c3ccccn3)cs2)cc1,1
P3_03889,Cc1cc(Cl)ccc1C(=O)Nc1nc(-c2ccccn2)cs1,1
P3_03890,Cc1ccc(Cl)cc1C(=O)Nc1nc(-c2ccccn2)cs1,1
P3_03891,Cc1ccc(F)c(C(=O)Nc2nc(-c3ccccn3)cs2)c1,1
P3_03892,Cc1cc(C)cc(C(=O)Nc2nc(-c3ccccn3)cs2)c1,1
P3_03893,O=C(Nc1nc(-c2ccccn2)cs1)c1ccc(F)cc1F,1
P3_03894,O=C(Nc1nc(-c2ccccn2)cs1)c1ccc(Cl)cc1Cl,1
P3_03895,O=C(Nc1nc(-c2ccccn2)cs1)c1cc(F)ccc1F,1
P3_03896,Cc1cc(C(=O)Nc2nc(-c3ccccn3)cs2)cc(C)c1F,1
P3_03897,O=C(Nc1nc(-c2ccccn2)cs1)c1cc(Cl)ccc1Cl,1
P3_03898,CC(C)(C)c1ccc(C(=O)Nc2nc(-c3ccccn3)cs2)cc1,1
P3_03899,Cc1cc(C)c(C(=O)Nc2nc(-c3ccccn3)cs2)c(C)c1,1
P3_03900,Cc1cccc(C(=O)Nc2nc(-c3ccccn3)cs2)c1,1
P3_03901,O=C(Nc1nc(-c2ccccn2)cs1)c1cc(Cl)ccc1F,1
P3_03902,O=C(Nc1nc(-c2ccccn2)cs1)c1cc(O)ccc1Cl,1
P3_03903,COc1cc(C)ccc1C(=O)Nc1nc(-c2ccccn2)cs1,1
P3_03904,COc1ccc(C(=O)Nc2nc(-c3ccccn3)cs2)c(C)c1,1
P3_03905,COc1ccc(OC)c(C(=O)Nc2nc(-c3ccccn3)cs2)c1,1
P3_03906,CNc1ccc(Cl)c(C(=O)Nc2nc(-c3ccccn3)cs2)c1,1
P3_03907,O=C(Nc1nc(-c2ccccn2)cs1)c1c(F)cccc1F,1
P3_03908,O=C(Nc1nc(-c2ccccn2)cs1)c1ccc(F)cc1,1
P3_03909,O=C(Nc1nc(-c2ccccn2)cs1)c1ccc(Cl)cc1,1
P3_03910,O=C(Nc1nc(-c2ccccn2)cs1)c1ccc(Br)cc1,1
P3_03911,Nc1ccc(C(=O)Nc2nc(-c3ccccn3)cs2)cc1,1
P3_03912,Cc1ccc(C(=O)Nc2nc(-c3ccccn3)cs2)cc1C,1
P3_03913,CCc1ccc(C(=O)Nc2nc(-c3ccccn3)cs2)cc1,1
P3_03914,Nc1ccc(F)cc1C(=O)Nc1nc(-c2ccccn2)cs1,1
P3_03915,O=C(Nc1nc(-c2ccccn2)cs1)c1ccc(Br)cc1F,1
P3_03916,CCSc1ccc(C(=O)Nc2nc(-c3ccccn3)cs2)cc1,1
P3_03917,O=C(Nc1nc(-c2ccccn2)cs1)c1ccc(F)cc1Cl,1
P3_03918,O=C(Nc1nc(-c2ccccn2)cs1)c1cc(F)ccc1Cl,1
P3_03919,Nc1ccc(C(=O)Nc2nc(-c3ccccn3)cs2)c(Cl)c1,1
P3_03920,O=C(Nc1nc(-c2ccccn2)cs1)c1ccc(F)cc1Br,1
P3_03921,Nc1cc(F)ccc1C(=O)Nc1nc(-c2ccccn2)cs1,1
P3_03922,Cc1cc(C(=O)Nc2nc(-c3ccccn3)cs2)ccc1Cl,1
P3_03923,O=C(Nc1nc(-c2ccccn2)cs1)c1cc(Br)ccc1F,1
P3_03924,O=C(Nc1nc(-c2ccccn2)cs1)c1ccc(Cl)cc1F,1
P3_03925,O=C(Nc1nc(-c2ccccn2)cs1)c1cc(F)ccc1Br,1
P3_03926,COc1cc(Cl)ccc1C(=O)Nc1nc(-c2ccccn2)cs1,1
P3_03927,COc1ccc(C(=O)Nc2nc(-c3ccccn3)cs2)c(Cl)c1,1
P3_03928,COc1ccc(Cl)cc1C(=O)Nc1nc(-c2ccccn2)cs1,1
P3_03929,COc1cc(Br)ccc1C(=O)Nc1nc(-c2ccccn2)cs1,1
P3_03930,COc1ccc(F)cc1C(=O)Nc1nc(-c2ccccn2)cs1,1
P3_03931,O=C(Nc1nc(-c2ccccn2)cs1)c1cc(Cl)cc(Cl)c1,1
P3_03932,Cc1cccc(O)c1C(=O)Nc1nc(-c2ccccn2)cs1,1
P3_03933,COc1cc(OC)cc(C(=O)Nc2nc(-c3ccccn3)cs2)c1,1
P3_03934,O=C(Nc1nc(-c2ccccn2)cs1)c1ccc(CO)cc1,1
P3_03935,O=C(Nc1nc(-c2ccccn2)cs1)c1cccc(Cl)c1,1
P3_03936,O=C(Nc1nc(-c2ccccn2)cs1)c1cccc(F)c1,1
P3_03937,O=C(Nc1nc(-c2ccccn2)cs1)c1cccc(Br)c1,1
P3_03938,Nc1cccc(C(=O)Nc2nc(-c3ccccn3)cs2)c1,1
P3_03939,CC(C)=CCC[C@@H](C)[NH2+]CCc1c[nH]c2ccccc12,1
P3_03940,CC(C)=CCC[C@H](C)[NH2+]CCc1c[nH]c2ccccc12,1
P3_03941,CC(C)=CCC/C(C)=C/CNC(=O)[C@@H](O)Cc1c[nH]c2ccccc12,1
P3_03942,CC(C)=CCC/C(C)=C/CNC(=O)[C@H](O)Cc1c[nH]c2ccccc12,1
P3_03943,CC(C)=CCC[C@H](C)NC(=O)CCc1c[nH]c2ccccc12,1
P3_03944,CC(C)=CCC[C@@H](C)NC(=O)CCc1c[nH]c2ccccc12,1
P3_03945,CC(C)=CCC/C(C)=C/C[NH2+]CCc1c[nH]c2ccccc12,1
P3_03946,CC(C)=CCC[C@H](C)NC(=O)NCCc1c[nH]c2ccccc12,1
P3_03947,CC(C)=CCC[C@@H](C)NC(=O)NCCc1c[nH]c2ccccc12,1
P3_03948,C[C@H](O)CCN(C)C(=O)CCCc1c[nH]c2ccccc12,1
P3_03949,CC(C)=CCCNC(=O)CCCc1c[nH]c2ccccc12,1
P3_03950,C[C@@H](O)CCN(C)C(=O)CCCc1c[nH]c2ccccc12,1
P3_03951,CC[N@H+](CC=C(C)C)Cc1c[nH]c2ccccc12,1
P3_03952,CC[N@@H+](CC=C(C)C)Cc1c[nH]c2ccccc12,1
P3_03953,CC(C)C(O)CCNCc1c[nH]c2ccccc12,1
P3_03954,CC(=O)C(C)CCOC(=O)CCCc1c[nH]c2ccccc12,1
P3_03955,CC(=O)N[C@H](Cc1c[nH]c2ccccc12)C(=O)N[C@@H](C)CCC=C(C)C,1
P3_03956,CC(=O)N[C@@H](Cc1c[nH]c2ccccc12)C(=O)N[C@H](C)CCC=C(C)C,1
P3_03957,CC(=O)N[C@H](Cc1c[nH]c2ccccc12)C(=O)N[C@H](C)CCC=C(C)C,1
P3_03958,CC(=O)N[C@@H](Cc1c[nH]c2ccccc12)C(=O)N[C@@H](C)CCC=C(C)C,1
P3_03959,C[C@H](O)CN(C)C(=O)CCCc1c[nH]c2ccccc12,1
P3_03960,C[C@@H](O)CN(C)C(=O)CCCc1c[nH]c2ccccc12,1
P3_03961,CC(C)=CCS[C@H](C)C(=O)NCCc1c[nH]c2ccccc12,1
P3_03962,CC(O)CN(CC(F)F)C(=O)CCCc1c[nH]c2ccccc12,1
P3_03963,CCCC[C@H](Cc1c[nH]c2ccccc12)NC(=O)[C@@H](O)C(C)C,1
P3_03964,CC(C)=CCS[C@@H](C)C(=O)NCCc1c[nH]c2ccccc12,1
P3_03965,CCCC[C@@H](Cc1c[nH]c2ccccc12)NC(=O)[C@@H](O)C(C)C,1
P3_03966,CC(CCc1c[nH]c2ccccc12)NCC(O)C(C)C,1
P3_03967,CC(C)[C@@H](O)COC(=O)CCCc1c[nH]c2ccccc12,1
P3_03968,CC(C)[C@H](O)COC(=O)CCCc1c[nH]c2ccccc12,1
P3_03969,CC(=O)CN(C(=O)CCCc1c[nH]c2ccccc12)C(C)C,1
P3_03970,CC(C)C(O)COC(=O)CCCc1c[nH]c2ccccc12,1
P3_03971,CC(O)CN(CC(F)F)C(=O)CCCCc1c[nH]c2ccccc12,1
P3_03972,COC/C(C)=C\COC(=O)CCCc1c[nH]c2ccccc12,1
P3_03973,COC/C(C)=C/COC(=O)CCCc1c[nH]c2ccccc12,1
P3_03974,C[C@H](C(N)=O)N(C)C(=O)CCCCc1c[nH]c2ccccc12,1
P3_03975,CC(C(N)=O)N(C)C(=O)CCCCc1c[nH]c2ccccc12,1
P3_03976,C[C@@H](C(N)=O)N(C)C(=O)CCCCc1c[nH]c2ccccc12,1
P3_03977,CC(C)C(O)CNC(=O)CCCCc1c[nH]c2ccccc12,1
P3_03978,CC(C)[C@@H](O)C(=O)NCCCc1c[nH]c2ccccc12,1
P3_03979,CC(C)[C@H](O)C(=O)NCCCc1c[nH]c2ccccc12,1
P3_03980,CC(C)[C@@H](O)COC(=O)CCc1c[nH]c2ccccc12,1
P3_03981,CC(C)[C@H](O)COC(=O)CCc1c[nH]c2ccccc12,1
P3_03982,CC(=O)[C@@H](C)CCOC(=O)Cc1c[nH]c2ccccc12,1
P3_03983,CC(=O)[C@H](C)CCOC(=O)Cc1c[nH]c2ccccc12,1
P3_03984,CC(C)C(O)COC(=O)CCc1c[nH]c2ccccc12,1
P3_03985,CC(=O)CN(C(=O)CCc1c[nH]c2ccccc12)C(C)C,1
P3_03986,C=C(C)C(C)OC(=O)CCc1c[nH]c2ccccc12,1
P3_03987,C[C@H](C(N)=O)N(C)C(=O)CCCCCc1c[nH]c2ccccc12,1
P3_03988,CC(C(N)=O)N(C)C(=O)CCCCCc1c[nH]c2ccccc12,1
P3_03989,C[C@@H](C(N)=O)N(C)C(=O)CCCCCc1c[nH]c2ccccc12,1
P3_03990,C=CC(C)N(C)C(=O)CCCCc1c[nH]c2ccccc12,1
P3_03991,CC(=O)CN(CC(C)C)C(=O)CCCc1c[nH]c2ccccc12,1
P3_03992,CCC/C(C)=C/C(=O)O[C@H](C)C(=O)NCCc1c[nH]c2ccccc12,1
P3_03993,CCC/C(C)=C/C(=O)O[C@@H](C)C(=O)NCCc1c[nH]c2ccccc12,1
P3_03994,CC[C@@H](OC(=O)CCCc1c[nH]c2ccccc12)C(C)=O,1
P3_03995,C[C@@H](CO)N(C)C(=O)CCCc1c[nH]c2ccccc12,0
P3_03996,C[C@H](CO)N(C)C(=O)CCCc1c[nH]c2ccccc12,0
P3_03997,C[C@@H](OC(=O)CCCc1c[nH]c2ccccc12)C(F)F,1
P3_03998,C[C@H](OC(=O)CCCc1c[nH]c2ccccc12)C(F)F,1
P3_03999,CC[C@H](OC(=O)CCCc1c[nH]c2ccccc12)C(C)=O,1
P3_04000,C[C@H](OC(=O)CCCc1c[nH]c2ccccc12)C(N)=O,0
P3_04001,C[C@@H](OC(=O)CCCc1c[nH]c2ccccc12)C(N)=O,0
P3_04002,CC(C)[C@H]([NH3+])CCN(C)C(=O)CCCc1c[nH]c2ccccc12,1
P3_04003,CC(C)[C@@H]([NH3+])CCN(C)C(=O)CCCc1c[nH]c2ccccc12,1
P3_04004,CC(C)CCCCC(=O)N[C@@H](CO)Cc1c[nH]c2ccccc12,1
P3_04005,CC(C)CCCCC(=O)N[C@H](CO)Cc1c[nH]c2ccccc12,1
P3_04006,CCCC[C@H](Cc1c[nH]c2ccccc12)NC(=O)[C@@H](O)CC(C)C,1
P3_04007,CCCC[C@@H](Cc1c[nH]c2ccccc12)NC(=O)[C@@H](O)CC(C)C,1
P3_04008,CCCC[C@@H](Cc1c[nH]c2ccccc12)NC(=O)[C@H](O)CC(C)C,1
P3_04009,CCCC[C@H](Cc1c[nH]c2ccccc12)NC(=O)[C@H](O)CC(C)C,1
P3_04010,CCCC[C@H](Cc1c[nH]c2ccccc12)NC(=O)[C@@H](O)C(C)(C)C,1
P3_04011,CCCC[C@@H](Cc1c[nH]c2ccccc12)NC(=O)[C@@H](O)C(C)(C)C,1
P3_04012,CC(C)OCCCC(=O)N[C@H](CO)Cc1c[nH]c2ccccc12,1
P3_04013,CC(C)OCCCC(=O)N[C@@H](CO)Cc1c[nH]c2ccccc12,1
P3_04014,CC#CC(=O)N[C@@H](CCCC)Cc1c[nH]c2ccccc12,1
P3_04015,CC#CC(=O)N[C@H](CCCC)Cc1c[nH]c2ccccc12,1
P3_04016,CC(C)(C)CCCC(=O)N[C@@H](CO)Cc1c[nH]c2ccccc12,1
P3_04017,CC(C)(C)CCCC(=O)N[C@H](CO)Cc1c[nH]c2ccccc12,1
P3_04018,CC(C)=C(C)CC(=O)N[C@H](CO)Cc1c[nH]c2ccccc12,1
P3_04019,CC(C)=C(C)CC(=O)N[C@@H](CO)Cc1c[nH]c2ccccc12,1
P3_04020,CCCC#CC(=O)N[C@@H](CCCC)Cc1c[nH]c2ccccc12,1
P3_04021,CCCC#CC(=O)N[C@H](CCCC)Cc1c[nH]c2ccccc12,1
P3_04022,CC(C)(C)CCC(=O)N[C@H](CO)Cc1c[nH]c2ccccc12,1
P3_04023,CC(C)(C)CCC(=O)N[C@@H](CO)Cc1c[nH]c2ccccc12,1
P3_04024,COc1cc(N[C@H](C)CCC[NH3+])c2ncccc2c1,1
P3_04025,COc1cc(N[C@@H](C)CCC[NH3+])c2ncccc2c1,1
P3_04026,COc1cc(N[C@H](C)CCC[NH2+]C(C)C)c2ncccc2c1,1
P3_04027,COc1cc(N[C@@H](C)CCC[NH2+]C(C)C)c2ncccc2c1,1
P3_04028,CC[NH+](CC)CCC[C@@H](C)Nc1cc(OC)cc2cccnc12,1
P3_04029,CC[NH+](CC)CCC[C@H](C)Nc1cc(OC)cc2cccnc12,1
P3_04030,COc1cc(N[C@H](C)C[NH2+]C(C)C)c2ncccc2c1,1
P3_04031,COc1cc(N[C@@H](C)C[NH2+]C(C)C)c2ncccc2c1,1
P3_04032,COc1cc(N[C@H](C)CCC(=O)[O-])c2ncccc2c1,0
P3_04033,COc1cc(N[C@@H](C)CCC(=O)[O-])c2ncccc2c1,0
P3_04034,CCC[N@@H+](C)C[C@H](C)Nc1cc(OC)cc2cccnc12,1
P3_04035,CCC[N@H+](C)C[C@@H](C)Nc1cc(OC)cc2cccnc12,1
P3_04036,CCC[N@H+](C)C[C@H](C)Nc1cc(OC)cc2cccnc12,1
P3_04037,CCC[N@@H+](C)C[C@@H](C)Nc1cc(OC)cc2cccnc12,1
P3_04038,COCCC[C@@H](C)Nc1cc(C)cc2cccnc12,0
P3_04039,COCCC[C@H](C)Nc1cc(C)cc2cccnc12,0
P3_04040,COc1cc(NCCC[C@@H](C)[NH3+])c2ncccc2c1,1
P3_04041,COc1cc(NCCC[C@H](C)[NH3+])c2ncccc2c1,1
P3_04042,COCCC[C@@H](C)Nc1cc(Cl)cc2cccnc12,1
P3_04043,COCCC[C@H](C)Nc1cc(Cl)cc2cccnc12,1
P3_04044,COc1cc(NC[C@H](C)O)c2ncccc2c1,1
P3_04045,COc1cc(NCCC[NH3+])c2ncccc2c1,1
P3_04046,COc1cccc2c(NC(C)CCCN)ccnc12,0
P3_04047,COc1ccc2nccc(NC(C)CCCN)c2c1,1
P3_04048,COc1ccc2cccc(NC(C)CCCN)c2n1,0
P3_04049,CCCC[C@@H]([NH3+])CCCNc1cc(OC)cc2cccnc12,1
P3_04050,CCCC[C@H]([NH3+])CCCNc1cc(OC)cc2cccnc12,1
P3_04051,C[C@@H](CCO)Nc1cc(F)cc2cccnc12,1
P3_04052,C[C@H](CCO)Nc1cc(F)cc2cccnc12,1
P3_04053,COc1ccc2cccnc2c1CNC(C)CCCN,1
P3_04054,COc1cc(NCCCCC[NH2+]CC(C)C)c2ncccc2c1,1
P3_04055,COc1cc(N[C@H](C)CCC[NH2+]C(C)C)c2nccc(C)c2c1,0
P3_04056,COc1cc(N[C@@H](C)CCC[NH2+]C(C)C)c2nccc(C)c2c1,0
P3_04057,COc1ccc2cccc(NC(C)CCCCN)c2n1,0
P3_04058,COc1cc(N[C@@H](C)CCC(C)C)c2nccc(OC)c2c1,1
P3_04059,COc1cc(N[C@H](C)CCC(C)C)c2nccc(OC)c2c1,1
P3_04060,COc1cc2nccc(NC(C)CCCN)c2cc1OC,1
P3_04061,COc1cc(N[C@H](C)CCO)c2nccc(OC)c2c1,1
P3_04062,COc1cc(N[C@@H](C)CCO)c2nccc(OC)c2c1,1
P3_04063,COc1ccc2ccc(NC(C)CCCN)nc2c1,0
P3_04064,COc1cc(NC(C)CCCC(F)(F)F)cc2cccnc12,0
P3_04065,COc1cc(N[C@H](C)CCCC(F)(F)F)cc2cccnc12,0
P3_04066,COc1cc(N[C@@H](C)CCCC(F)(F)F)cc2cccnc12,0
P3_04067,COCC[C@H](C)Nc1cc(OC)c2ncccc2c1,1
P3_04068,COCC[C@@H](C)Nc1cc(OC)c2ncccc2c1,1
P3_04069,COc1cc(N[C@@H](C)CCO)cc2cccnc12,1
P3_04070,COc1cc(NC(C)CCO)cc2cccnc12,1
P3_04071,COc1cc(N[C@H](C)CCO)cc2cccnc12,1
P3_04072,COc1cc2nccc(NC(C)CCCN)c2cc1Br,1
P3_04073,COc1ccc2nccc(NC(C)CCN)c2c1,1
P3_04074,COc1cc(NC(C)CCC(F)(F)F)cc2cccnc12,0
P3_04075,COc1cccc2c(NC(C)CCN)ccnc12,1
P3_04076,COc1ccc2cccnc2c1N[C@H](C)CCCC(C)(C)O,1
P3_04077,COc1ccc2cccnc2c1N[C@@H](C)CCCC(C)(C)O,1
P3_04078,COc1cc(NC(C)CCC(C)(C)O)cc2cccnc12,1
P3_04079,COc1cc(NC(C)CCS(C)(=O)=O)cc2cccnc12,1
P3_04080,CCOC[C@H](C)Nc1cc(OC)c2ncccc2c1,1
P3_04081,CCOC[C@@H](C)Nc1cc(OC)c2ncccc2c1,1
P3_04082,COC[C@H](C)Nc1cc(OC)c2ncccc2c1,1
P3_04083,COC[C@@H](C)Nc1cc(OC)c2ncccc2c1,1
P3_04084,COc1cc(NC(C)CSC)cc2cccnc12,1
P3_04085,COc1ccc2cccnc2c1N[C@@H](C)CCO,1
P3_04086,COc1ccc2cccnc2c1N[C@H](C)CCO,1
P3_04087,COc1cc(NC(C)C)cc2cccnc12,0
P3_04088,COc1cc(N[C@H](C)COC(C)C)cc2cccnc12,1
P3_04089,COc1cc(N[C@@H](C)COC(C)C)cc2cccnc12,1
P3_04090,COc1cc(N[C@@H](C)[C@H](C)OC)cc2cccnc12,1
P3_04091,Cc1cc(N[C@@H](C)CCO)cc2cccnc12,1
P3_04092,COc1cc(N[C@H](C)[C@@H](C)OC)cc2cccnc12,1
P3_04093,COc1cc(N[C@@H](C)COC(C)C)c2nccc(OC)c2c1,1
P3_04094,COc1cc(N[C@H](C)COC(C)C)c2nccc(OC)c2c1,1
P3_04095,COc1cc(N[C@H](C)[C@H](C)OC)cc2cccnc12,1
P3_04096,COc1cc(N[C@@H](C)[C@@H](C)OC)cc2cccnc12,1
P3_04097,Cc1cc(N[C@H](C)CCO)cc2cccnc12,1
P3_04098,COc1cc(N[C@H](C)C(C)C)cc2cccnc12,1
P3_04099,COc1cc(N[C@@H](C)C(C)C)cc2cccnc12,1
P3_04100,COc1cc(NCC(C)C)cc2cccnc12,1
P3_04101,Cc1cc(N[C@@H](C)CCO)c2cccnc2c1C,1
P3_04102,Cc1cc(N[C@H](C)CCO)c2cccnc2c1C,1
P3_04103,Cc1cc2ncccc2cc1N[C@H](C)CCO,1
P3_04104,Cc1cc2ncccc2cc1N[C@@H](C)CCO,1
P3_04105,COc1cc(NC[C@H](C)O)cc2cccnc12,1
P3_04106,COC[C@@H](C)Nc1ccc(C)c2ncccc12,1
P3_04107,Cc1ccc(N[C@@H](C)CCO)c2ncccc12,1
P3_04108,Cc1ccc(N[C@H](C)CCO)c2ncccc12,1
P3_04109,COC[C@H](C)Nc1ccc(C)c2ncccc12,1
P3_04110,COc1cc(NCCCC[C@@H](C)[NH3+])c2nccc(C)c2c1,1
P3_04111,COc1cc(NCCCC[C@H](C)[NH3+])c2nccc(C)c2c1,1
P3_04112,Cc1cnc2ccccc2c1NC(C)CCCN,1
P3_04113,COc1cc(NCCC[NH2+]C(C)C)c2nccc(C)c2c1,1
P3_04114,COc1cc(NCCCCC[NH2+]C(C)C)c2nccc(C)c2c1,1
P3_04115,COc1cc(NCCCCCC[NH2+]C(C)C)c2nccc(C)c2c1,1
P3_04116,Cc1cc(N[C@H](C)CCCO)c2cccc(F)c2n1,1
P3_04117,Cc1cc(N[C@@H](C)CCCO)c2cccc(F)c2n1,1
P3_04118,Cc1cc(N[C@H](C)CCCCO)c2cccc(F)c2n1,1
P3_04119,Cc1cc(N[C@@H](C)CCCCO)c2cccc(F)c2n1,1
P3_04120,Cc1cc(N[C@@H](CO)CC(C)C)cc2cccnc12,1
P3_04121,COc1cc(NCCCCCC[NH2+]CC(C)C)c2nccc(C)c2c1,1
P3_04122,COc1cc(NCCCCC[NH2+]C(C)C)c2ncccc2c1Cl,1
P3_04123,Cc1cc(N[C@H](C)CCO)c2cccc(F)c2n1,1
P3_04124,Cc1cc(N[C@@H](C)CCO)c2cccc(F)c2n1,1
P3_04125,Cc1cc(N[C@@H](C)CC[NH+](C)C)c2cccc(F)c2n1,1
P3_04126,Cc1cc(N[C@H](C)CC[NH+](C)C)c2cccc(F)c2n1,1
P3_04127,Cc1cc2ncccc2cc1NCC[C@@H](C)[NH3+],1
P3_04128,COc1cc(N[C@H](C)CCO)nc2ccccc12,1
P3_04129,COc1cc(N[C@@H](C)CCO)nc2ccccc12,1
P3_04130,Cc1cc(N[C@@H](C)CCCO)c2cc(F)ccc2n1,1
P3_04131,Cc1cc(N[C@H](C)CCCO)c2cc(F)ccc2n1,1
P3_04132,Cc1cc(N[C@H](C)CCCCO)nc2ccccc12,1
P3_04133,Cc1cc(N[C@@H](C)CCCCO)nc2ccccc12,1
P3_04134,Cc1cc(N[C@@H](C)C[NH+](C)C)c2cccc(F)c2n1,1
P3_04135,Cc1cnc2ccccc2c1NC(C)CCCO,1
P3_04136,Cc1cc2ncccc2cc1NCCCC[NH+](C)C,1
P3_04137,Cc1cc2ncccc2cc1NCC[NH+](C)C,1
P3_04138,Cc1cc(N[C@@H](C)CC[NH+](C)C)c2cc(F)ccc2n1,1
P3_04139,Cc1cc(N[C@H](C)CC[NH+](C)C)c2cc(F)ccc2n1,1
P3_04140,Cc1ccc(NCCCC[NH+](C)C)c2ncccc12,1
P3_04141,CNCC(C)Nc1ccc2cccc(C)c2n1,0
P3_04142,CNCC(C)Nc1ccc2cccc(Br)c2n1,1
P3_04143,CCCCNc1cccc2ncccc12,1
P3_04144,Cc1cc(N[C@@H](C)C[NH+](C)C)c2cc(F)ccc2n1,1
P3_04145,COc1cc(N[C@@H](C)CSCCF)cc2cccnc12,1
P3_04146,COc1cc(N[C@H](C)CSCCF)cc2cccnc12,1
P3_04147,Cc1cc(N[C@@H](C)C[NH+](C)C)cc2cccnc12,0
P3_04148,Cc1cc(N[C@H](C)C[NH+](C)C)cc2cccnc12,0
P3_04149,Cc1cc(N[C@H](C)CCCO)c2ccc(F)c(F)c2n1,1
P3_04150,Cc1cc(N[C@@H](C)CCCO)c2ccc(F)c(F)c2n1,1
P3_04151,COCc1cc(N[C@@H](C)CCCO)c2cc(F)ccc2n1,1
P3_04152,COCc1cc(N[C@H](C)CCCO)c2cc(F)ccc2n1,1
P3_04153,Cc1cc(N[C@H](C)CCCCO)c2cc(F)ccc2n1,1
P3_04154,Cc1cc(N[C@@H](C)CCCCO)c2cc(F)ccc2n1,1
P3_04155,COC[C@@H](C)Nc1ccnc2cc(Cl)ccc12,1
P3_04156,Cc1cc(N[C@@H](C)CC(=O)[O-])c2cccc(F)c2n1,1
P3_04157,Cc1cc(N[C@H](C)CC(=O)[O-])c2cccc(F)c2n1,1
P3_04158,Cc1cc(N[C@H](C)CC(N)=O)c2cccc(F)c2n1,1
P3_04159,Cc1cc(N[C@@H](C)CC(N)=O)c2cccc(F)c2n1,1
P3_04160,Cc1cc(N[C@@H](C)C[C@@H](C)O)c2cccc(F)c2n1,1
P3_04161,Cc1cc(N[C@H](C)C[C@H](C)O)c2cccc(F)c2n1,1
P3_04162,Cc1cc(N[C@@H](C)C[C@H](C)O)c2cccc(F)c2n1,1
P3_04163,Cc1cc(N[C@H](C)C[C@@H](C)O)c2cccc(F)c2n1,1
P3_04164,Cc1cc(N[C@@H](C)C[S@@](C)=O)c2cccc(F)c2n1,1
P3_04165,Cc1cc(N[C@H](C)C[S@@](C)=O)c2cccc(F)c2n1,1
P3_04166,Cc1cc(N[C@H](C)C[S@](C)=O)c2cccc(F)c2n1,1
P3_04167,Cc1cc(N[C@@H](C)C[S@](C)=O)c2cccc(F)c2n1,1
P3_04168,Cc1cc(N[C@H](C)CCO)c2cc(F)ccc2n1,1
P3_04169,Cc1cc(N[C@@H](C)CCO)c2cc(F)ccc2n1,1
P3_04170,Cc1cc(N[C@H](C)CCO)nc2ccccc12,1
P3_04171,Cc1cc(N[C@@H](C)CCO)nc2ccccc12,1
P3_04172,COCc1cc(N[C@H](C)CC(N)=O)c2cc(F)ccc2n1,1
P3_04173,COCc1cc(N[C@@H](C)CC(N)=O)c2cc(F)ccc2n1,1
P3_04174,Cc1cc(N[C@H](C)CC(N)=O)c2cc(F)ccc2n1,1
P3_04175,Cc1cc(N[C@@H](C)CC(N)=O)c2cc(F)ccc2n1,1
P3_04176,COc1cc(O[C@@H](C)CON)nc2ccccc12,1
P3_04177,COc1cc(O[C@H](C)CON)nc2ccccc12,1
P3_04178,CCc1cc(NC(C)C(C)(C)N)c2ccccc2n1,1
P3_04179,Cc1cc(N[C@@H](C)C[C@H](C)O)c2cc(F)ccc2n1,1
P3_04180,Cc1cc(N[C@H](C)C[NH+](C)C)c2cc(F)ccc2n1,1
P3_04181,Cc1cc(N[C@@H](C)C[C@@H](C)O)c2cc(F)ccc2n1,1
P3_04182,Cc1cc(N[C@H](C)C[C@H](C)O)c2cc(F)ccc2n1,1
P3_04183,Cc1cc(N[C@H](C)C[C@@H](C)O)c2cc(F)ccc2n1,1
P3_04184,Cc1cc(N[C@@H](C)CC(F)(F)F)c2cc(F)ccc2n1,1
P3_04185,Cc1cc(N[C@H](C)CC(F)(F)F)c2cc(F)ccc2n1,1
P3_04186,CCc1c(C)nc2ccccc2c1N[C@@H](C)CCO,1
P3_04187,CCc1c(C)nc2ccccc2c1N[C@H](C)CCO,1
P3_04188,Cc1cc(N[C@H](C)CCO)nc2cc(Cl)ccc12,1
P3_04189,Cc1cc(N[C@@H](C)CCO)nc2cc(Cl)ccc12,1
P3_04190,CCc1c(C)nc2ccccc2c1NC(C)CCO,1
P3_04191,Cc1cc(N[C@H](C)CC(C)(C)O)c2cc(F)ccc2n1,1
P3_04192,Cc1cc(N[C@@H](C)CC(C)(C)O)c2cc(F)ccc2n1,1
P3_04193,Cc1cc(N[C@@H](C)C[S@@](C)=O)c2cc(F)ccc2n1,0
P3_04194,Cc1cc(N[C@@H](C)C[S@](C)=O)c2cc(F)ccc2n1,0
P3_04195,Cc1cc(N[C@H](C)C[S@@](C)=O)c2cc(F)ccc2n1,0
P3_04196,Cc1cc(N[C@H](C)C[S@](C)=O)c2cc(F)ccc2n1,0
P3_04197,Cc1cc(N[C@H](C)C[NH+](C)C)nc2ccccc12,1
P3_04198,Cc1cc(N[C@@H](C)C[NH+](C)C)nc2ccccc12,1
P3_04199,COc1cc(C(=O)NC(C)CCCN)c2ncccc2c1,0
P3_04200,COc1cc(NC(=O)CCCCN)c2ncccc2c1,0
P3_04201,COc1cc(NC(=O)CCCCCN)c2ncccc2c1,0
P3_04202,COc1cc(C(=O)NC(C)CCN)c2ncccc2c1,1
P3_04203,COc1ccc2nc(NC(C)CCCN)ccc2c1,0
P3_04204,COc1ccc(Br)c2nccc(NC(C)CCCN)c12,0
P3_04205,COc1cc(NC(C)CCCN)c2ccccc2n1,1
P3_04206,Cc1cccc2c(NC(C)CCCN)ccnc12,0
P3_04207,COc1cc2c(NC(C)CCCN)ccnc2cc1F,1
P3_04208,COc1cc(Br)cc2ccc(NC(C)CCCN)nc12,0
P3_04209,Cc1ccc2c(NC(C)CCCN)ccnc2c1Cl,1
P3_04210,COc1ccc2ncc(Cl)c(NC(C)CCCN)c2c1,1
P3_04211,CCc1cc(NC(C)CCCN)c2ccccc2n1,1
P3_04212,Cc1cccc2ccc(NC(C)CCCN)nc12,0
P3_04213,COc1cc(NC(=O)CCCN)cc2cccnc12,1
P3_04214,CC(CCCN)Nc1ccc2ccccc2n1,1
P3_04215,Cc1cc(NC(=O)CCCN)c2ncccc2c1,0
P3_04216,COc1cccc2c(NC(C)CCN)cc(C)nc12,1
P3_04217,COc1ccc(Br)c2nccc(NC(C)CCN)c12,0
P3_04218,COc1cc2nccc(NC(C)CCN)c2cc1OC,1
P3_04219,COc1cc(NC(C)CCN)c2ccccc2n1,1
P3_04220,COCc1cc(NC(C)CCCN)c2cc(F)ccc2n1,1
P3_04221,Cc1cccc2c(NC(C)CCN)ccnc12,1
P3_04222,COc1ccc2ccc(NC(C)CCN)nc2c1,0
P3_04223,Cc1cc(NC(C)CCCN)nc2ccccc12,1
P3_04224,COc1cc2c(NC(C)CCN)ccnc2cc1F,1
P3_04225,COc1cc(CNC(C)CCCN)c2ccccc2n1,1
P3_04226,Cc1cnc2c(C)cccc2c1NC(C)CCCN,0
P3_04227,COc1cc2nccc(NC(C)CCN)c2cc1Br,1
P3_04228,CC(CCCN)Nc1ccc2ccc(Br)cc2n1,0
P3_04229,CC(CCCN)Nc1ccc2ccc(F)cc2n1,0
P3_04230,CC(CCCN)Nc1ccc2cc(F)ccc2n1,1
P3_04231,COc1ccc2ncc(Cl)c(NC(C)CCN)c2c1,1
P3_04232,Cc1ccc2c(NC(C)CCN)ccnc2c1Cl,1
P3_04233,COc1cc(CNC(C)CCCCN)c2ccccc2n1,1
P3_04234,COc1ccc(NC(=O)CCCN)c2ncccc12,0
P3_04235,CC(C)N(CCN)Cc1cc(F)cc2cccnc12,0
P3_04236,COc1ccc(Br)c2nccc(N[C@@H](C)CN)c12,0
P3_04237,COc1ccc(Br)c2nccc(N[C@H](C)CN)c12,0
P3_04238,COc1cc(C=CCN)c2cccnc2c1,1
P3_04239,COc1cc2nccc(N[C@H](C)CN)c2cc1OC,1
P3_04240,COc1cc2nccc(N[C@@H](C)CN)c2cc1OC,1
P3_04241,CCc1cc(NC(C)CCN)c2ccccc2n1,1
P3_04242,Cc1cc(Br)c2nc(CNC(C)CCCN)ccc2c1,0
P3_04243,Cc1cccc2c(N[C@H](C)CN)ccnc12,0
P3_04244,Cc1cccc2c(N[C@@H](C)CN)ccnc12,0
P3_04245,CCCc1cc(NC(C)CCN)c2ccccc2n1,1
P3_04246,COc1cc2nccc(N[C@H](C)CN)c2cc1Br,1
P3_04247,COc1cc2nccc(N[C@@H](C)CN)c2cc1Br,1
P3_04248,COc1ccc2nc(NCC[C@@H](C)CCN)ccc2c1,0
P3_04249,Cc1ccc2cc(CNC(C)CCCN)ccc2n1,0
P3_04250,COc1cccc2c(NCC[C@H](C)N)ccnc12,0
P3_04251,COc1cccc2c(NCC[C@@H](C)N)ccnc12,0
P3_04252,Cc1cc(NC(C)CCN)nc2ccccc12,1
P3_04253,COc1ccc(Br)c2nccc(N(C)CCCN)c12,1
P3_04254,CCc1cc(NC(C)CCN)c2cc(Br)ccc2n1,1
P3_04255,Cc1cc(CNCC(F)(F)CN)cc2cccnc12,0
P3_04256,Cc1cnc2c(C)cccc2c1NC(C)CCN,0
P3_04257,Cc1cccc2c(N[C@H](C)C[C@@H](C)N)ccnc12,0
P3_04258,Cc1cccc2c(NC(C)CC(C)N)ccnc12,0
P3_04259,COc1cc2nccc(NCCCN)c2cc1OC,1
P3_04260,Cc1ccc2c(N[C@@H](C)CN)ccnc2c1Cl,0
P3_04261,COc1cc(NCCCN)c2ccccc2n1,1
P3_04262,Cc1ccc(OCCCCCCO)c(C)c1,1
P3_04263,Cc1ccc(OCCCO)c(C)c1,1
P3_04264,CCCCNCCOc1ccc(C)cc1C,1
P3_04265,Cc1ccc(OCCNC(=O)NCCCCCCO)c(C)c1,0
P3_04266,Cc1ccc(OCCNC(=O)NCCCCCO)c(C)c1,0
P3_04267,Cc1ccc(OCCCC(=O)NCCO)c(C)c1,0
P3_04268,Cc1ccc(OCCCC(=O)NCCCCCO)c(C)c1,0
P3_04269,Cc1ccc(OCCC(=O)NCCCCCO)c(C)c1,0
P3_04270,Cc1ccc(OCCC(=O)NCCCCCCO)c(C)c1,0
P3_04271,Cc1ccc(OCCCC(=O)NCCCCCCO)c(C)c1,1
P3_04272,COCCCCCOc1ccc(C)cc1C,1
P3_04273,Cc1ccc(OCCNC(=O)NCCO)c(C)c1,0
P3_04274,Cc1ccc(OCCNC(=O)NCCCCO)c(C)c1,0
P3_04275,Cc1ccc(OCCC(=O)NCCO)c(C)c1,0
P3_04276,Cc1ccc(OCCCCCS)c(C)c1,1
P3_04277,Cc1ccc(OCCCCCF)c(C)c1,0
P3_04278,Cc1ccc(OCCCC(=O)NCCCCO)c(C)c1,0
P3_04279,Cc1ccc(OCCC(=O)NCCCCO)c(C)c1,0
P3_04280,Cc1ccc(OCCNC(=O)NCCCO)c(C)c1,0
P3_04281,Cc1ccc(OCCOCCO)c(C)c1,1
P3_04282,Cc1ccc(OCCNC(=O)CCCCCO)c(C)c1,0
P3_04283,Cc1ccc(OCC(=O)NCCCCCO)c(C)c1,0
P3_04284,Cc1ccc(OCCCC(=O)NCCCO)c(C)c1,0
P3_04285,Cc1ccc(OCCC(=O)OCCCCCO)c(C)c1,1
P3_04286,Cc1ccc(OCC(=O)NCCCCCCO)c(C)c1,1
P3_04287,Cc1ccc(OCCC(=O)NCCCO)c(C)c1,0
P3_04288,Cc1ccc(OCC(=O)NCCCCCCCO)c(C)c1,0
P3_04289,Cc1ccc(OCCCCF)c(C)c1,0
P3_04290,Cc1ccc(OCCNCCC(C)C)c(C)c1,0
P3_04291,Cc1ccc(OCCNCCC(C)(C)C)c(C)c1,0
P3_04292,Cc1ccc(OCCNC(=O)[O-])c(C)c1,0
P3_04293,Cc1ccc(OCCNC(=O)CCO)c(C)c1,0
P3_04294,Cc1ccc(OCCNCCC(N)=O)c(C)c1,0
P3_04295,Cc1ccc(OCCNCC(C)(C)CO)c(C)c1,1
P3_04296,Cc1ccc(OCCNC(=O)CCCCO)c(C)c1,0
P3_04297,Cc1ccc(C)c(OCCCCCCO)c1,1
P3_04298,Cc1ccc(OCCNC(=O)CO)c(C)c1,0
P3_04299,Cc1ccc(OCCNCCC#N)c(C)c1,0
P3_04300,Cc1ccc(OCC(=O)NCCO)c(C)c1,0
P3_04301,Cc1ccc(OCCC(=O)OCCCCO)c(C)c1,1
P3_04302,Cc1ccc(OCC(=O)NCCCCO)c(C)c1,0
P3_04303,Cc1ccc(OCCCC(=O)OCCCCO)c(C)c1,0
P3_04304,Cc1ccc(OCCNS(C)=O)c(C)c1,0
P3_04305,CCSCCNCCOc1ccc(C)cc1C,0
P3_04306,Cc1ccc(OCCCC(=O)OCCO)c(C)c1,0
P3_04307,Cc1ccc(OCCNC(=O)NCCCCF)c(C)c1,0
P3_04308,Cc1ccc(OCCC(=O)NCCCCCC[NH3+])c(C)c1,0
P3_04309,Cc1ccc(OCCCC(=O)NCCOCCO)c(C)c1,1
P3_04310,Cc1ccc(OCCCC(=O)NCCCCCN)c(C)c1,0
P3_04311,Cc1ccc(OCCC(=O)NCCCCCCN)c(C)c1,0
P3_04312,Cc1ccc(OCCCCCCO)c(Br)c1,1
P3_04313,Cc1ccc(OCCCC(N)=O)c(C)c1,0
P3_04314,Cc1ccc(OCCC[C@@H](C)O)c(C)c1,1
P3_04315,Cc1ccc(OCCC[C@H](C)O)c(C)c1,1
P3_04316,Cc1ccc(OCCCCCCO)c(I)c1,1
P3_04317,Cc1cc(Cl)ccc1OCCCCCCO,1
P3_04318,Cc1ccc(OCCCCCCO)c(Cl)c1,1
P3_04319,Cc1ccc(OCCCCCCCO)c(I)c1,1
P3_04320,Cc1ccc(OCCC(=O)OCCCO)c(C)c1,1
P3_04321,Cc1ccc(OCC(=O)NCCCO)c(C)c1,0
P3_04322,Cc1ccc(OCCCCC(=O)O)c(C)c1,0
P3_04323,Cc1ccc(OCCCCSC(C)C)c(C)c1,0
P3_04324,Cc1ccc(OCCCC[NH2+]C(C)(C)C)c(C)c1,1
P3_04325,Cc1ccc(OCCCC[NH2+]CCO)c(Br)c1,1
P3_04326,Cc1ccc(OCCCC[NH2+]CCO)c(C(C)(C)C)c1,1
P3_04327,Cc1ccc(OCCCCNCC(C)(C)CO)cc1,1
P3_04328,Cc1ccc(OCCCCCC(=O)O)c(Br)c1,1
P3_04329,Cc1ccc(OCCCCCC(=O)O)c(F)c1,1
P3_04330,Cc1ccc(CNCCCCCC(=O)O)c(C)c1,1
P3_04331,Cc1ccc(CNCCCCCCCC(=O)O)c(C)c1,1
P3_04332,Cc1ccc(OCCCCC(=O)O)c(I)c1,0
P3_04333,Cc1ccc(C(C)NCCOCCCO)c(C)c1,1
P3_04334,Cc1ccc(OCCCCNCC(O)C(C)C)cc1,0
P3_04335,Cc1ccc(Cl)c(OCCNCC(C)(C)CO)c1,1
P3_04336,Cc1ccc(OCCC[C@H](C)O)c(Cl)c1,1
P3_04337,Cc1ccc(OCCC[C@@H](C)O)c(Cl)c1,1
P3_04338,Cc1ccc(SCCCCCCO)c(C)c1,1
P3_04339,Cc1ccc(OCCCC[NH+](C)C)c(C(C)(C)C)c1,1
P3_04340,Cc1cc(C)c([C@@H](C)NCCCCCO)c(C)c1,0
P3_04341,Cc1cc(C)c([C@H](C)NCCCCCO)c(C)c1,0
P3_04342,Cc1ccc(OCCCC[NH2+]C(C)(C)C)c(Cl)c1,1
P3_04343,Cc1ccc(OCCCCNC(C)C(C)(C)CO)cc1,1
P3_04344,Cc1cc(C)c(CNCCCCCCCC(=O)O)c(C)c1,0
P3_04345,Cc1ccc(CNCCCCCC(=O)O)c(Cl)c1,0
P3_04346,Cc1ccc(C)c(SCCCCCCO)c1,1
P3_04347,Cc1ccc(C(C)NCC(C)(C)OCCO)c(C)c1,0
P3_04348,Cc1ccc(C(C)NCCCCCCC(=O)O)c(C)c1,1
P3_04349,CC(C)(C)OCCCCCOc1ccc(CO)cc1CO,1
P3_04350,COCCc1ccc(OCCCCCNC(C)=O)c(Cl)c1,1
P3_04351,Cc1ccc(C(C)NCCOCCCO)c(Br)c1,1
P3_04352,Cc1ccc(C(C)NCC(C)CCCO)c(C)c1,1
P3_04353,COc1cc(C)c(OCCCCCNC(C)=O)c(C)c1,1
P3_04354,Cc1ccc(C(C)N(C)CCOCCO)c(C)c1,0
P3_04355,Cc1cc(C)c(CNCCCCOC(C)C)cc1C,1
P3_04356,Cc1ccc(OCCCCCCC[NH3+])cc1,1
P3_04357,Cc1ccc(C(C)NCC(C)(C)CCCO)c(C)c1,0
P3_04358,Cc1cc(OCCCCC[NH2+]CCO)cc(C)c1Cl,1
P3_04359,Cc1ccc(C(C)NCC#CCCO)c(C)c1,1
P3_04360,Cc1ccc(OCCCCNC(C)CCC(C)(C)O)cc1,1
P3_04361,Cc1ccc(C(C)NCCCCCCCO)cc1O,1
P3_04362,Cc1ccc(C(C)NCCCCCCCCO)cc1O,1
P3_04363,CCCC[NH2+]CCCCCOc1c(C)cc(C)cc1C,1
P3_04364,Cc1cccc(OCCCCCCCN)c1F,1
P3_04365,COc1cc(C)c(C(C)NCCOCCCO)cc1C,0
P3_04366,Cc1ccc(OCCCCCC(=O)O)c(C)c1,0
P3_04367,CCS(=O)(=O)CCCCCOc1ccc(C)cc1C,1
P3_04368,Cc1ccc(OCCCC(=O)OCCCO)c(C)c1,0
P3_04369,Cc1ccc(OCCCC(=O)NCCCOCCO)c(C)c1,0
P3_04370,Cc1ccc(OCCCC(=O)N(C)CCCCCO)c(C)c1,0
P3_04371,Cc1ccc(OCCC(=O)NCCCCCS(C)(=O)=O)c(C)c1,0
P3_04372,Cc1ccc(OCCNC(=O)CCCCCC[NH3+])c(C)c1,1
P3_04373,Cc1ccc(OCC(=O)NCCCCOC(C)C)c(C)c1,0
P3_04374,Cc1ccc(OCCCC(=O)NCCOCCF)c(C)c1,0
P3_04375,Cc1ccc(OCC(=O)NCCCCCN)c(C)c1,0
P3_04376,Cc1ccc(OCCCC(=O)NCCCF)c(C)c1,0
P3_04377,Cc1ccc(CCNCCCOCCCO)c(C)c1,1
P3_04378,Cc1ccc(CCNCCCOCCO)c(C)c1,1
P3_04379,CC(=O)c1ccc(OCCCCCCO)c(C)c1,1
P3_04380,CC(=O)c1ccc(OCCCCCCCO)c(C)c1,1
P3_04381,Cc1ccc(OCCNC(=O)CCCCCC(C)C)c(C)c1,1
P3_04382,Cc1ccc(OCCCC(=O)N(C)CCCCO)c(C)c1,0
P3_04383,CC(=O)NCCCCCOc1ccc(F)cc1C,0
P3_04384,Cc1ccc(OCC(=O)NCCCCCCC(C)C)c(C)c1,0
P3_04385,CCc1ccc(OCCCCCNC(C)=O)c(C)c1,0
P3_04386,Cc1ccc(OCCCC(=O)OCCCCF)c(C)c1,0
P3_04387,COc1ccc(OCCCCCNC(C)=O)c(C)c1,0
P3_04388,Cc1ccc(CNCCCOCCCO)c(C)c1,1
P3_04389,Cc1ccc(OCCNC(=O)CCCC[NH+](C)C)c(C)c1,0
P3_04390,Cc1ccc(OCCCC(=O)NCCCC(F)F)c(C)c1,0
P3_04391,Cc1ccc(OCCCC(=O)NCCCCCO)c(Cl)c1,1
P3_04392,Cc1ccc(OCCCC(=O)N(C)CCOCCO)c(C)c1,0
P3_04393,CSc1ccc(OCCCCCNC(C)=O)c(C)c1,0
P3_04394,Cc1ccc(OCCCC(=O)NC[C@@H](C)O)c(C)c1,0
P3_04395,Cc1ccc(OCCCC(=O)NC[C@H](C)O)c(C)c1,0
P3_04396,CCOc1ccc(OCCCCCNC(C)=O)c(C)c1,0
P3_04397,Cc1ccc(OCCNC(=O)CCCCC#N)c(C)c1,0
P3_04398,Cc1ccc(OCCCC(=O)OC[C@@H](C)CO)c(C)c1,1
P3_04399,CCSc1ccc(OCCCCCNC(C)=O)c(C)c1,1
P3_04400,Cc1ccc(OCCCC(=O)OC[C@H](C)CO)c(C)c1,1
P3_04401,Cc1ccc(OCCCC(=O)N=S(C)(C)=O)c(C)c1,0
P3_04402,Cc1ccc(OCCCC(=O)OCCCF)c(C)c1,0
P3_04403,Cc1ccc(OCCOCCC(C)C)c(C)c1,1
P3_04404,Cc1ccc(OCCCC(=O)NCCCCO)c(Cl)c1,1
P3_04405,Cc1ccc(OCCCC(=O)NC[C@H](O)C(C)C)c(C)c1,0
P3_04406,Cc1ccc(OCCCC(=O)NC[C@@H](O)C(C)C)c(C)c1,0
P3_04407,Cc1ccc(OCC(=O)NCCCCS(C)(=O)=O)c(C)c1,0
P3_04408,Cc1ccc(OCCCC(=O)OCCCCC#N)c(C)c1,1
P3_04409,Cc1ccc(CNCCCCOC(C)C)c(C)c1,1
P3_04410,Cc1ccc(OCCCC(=O)NC[C@@H](O)C(F)F)c(C)c1,0
P3_04411,Cc1ccc(OCCCC(=O)N[C@H](C)CC(C)(C)O)c(C)c1,0
P3_04412,Cc1ccc(OCCCC(=O)N[C@@H](C)CC(C)(C)O)c(C)c1,0
P3_04413,Cc1ccc(OCCCC(=O)NC[C@H](O)C(F)F)c(C)c1,0
P3_04414,Cc1ccc(CCNCCCCOCC(F)(F)F)c(C)c1,1
P3_04415,Cc1ccc(OCC(=O)OCCCCOC(C)(C)C)c(C)c1,1
P3_04416,Cc1ccc(OCCNC(=O)CCOCC(F)F)c(C)c1,0
P3_04417,Cc1ccc(C(C)NCCCCCCO)c(C)c1,1
P3_04418,Cc1ccc(C(C)NCCCCCCCO)c(C)c1,1
P3_04419,Cc1ccc(OCCCC(=O)OCCCC#N)c(C)c1,0
P3_04420,Cc1ccc(OCCCC(=O)NCCCO)c(Cl)c1,1
P3_04421,CC(=O)c1ccc(OCCCCCCCN)c(C)c1,0
P3_04422,Cc1ccc(OCCCCNCCC(N)=O)cc1,1
P3_04423,Cc1ccc(OCCCCNCCC(C)C)cc1,1
P3_04424,Cc1ccc(OCCCCO)c(C)c1,1
P3_04425,Cc1ccc(OCCNC(C)CCO)c(C)c1,1
P3_04426,Cc1ccc(C)c(OCCCCCCCO)c1,1
P3_04427,Cc1ccc(OCCNC(C)CO)c(C)c1,1
P3_04428,Cc1ccc(OCCNC[C@H](C)O)c(C)c1,0
P3_04429,Cc1ccc(OCCNC[C@@H](C)O)c(C)c1,0
P3_04430,Cc1ccc(OCCNCC(C)O)c(C)c1,0
P3_04431,Cc1ccc(CCNCCCCCCO)c(C)c1,1
P3_04432,Cc1ccc(CCNCCCCCO)c(C)c1,1
P3_04433,Cc1ccc(C)c(OCCCCO)c1,1
P3_04434,Cc1ccc(OCCCC(C)O)c(C)c1,1
P3_04435,Cc1ccc(OCCCCCCO)c(F)c1,1
P3_04436,COc1ccc(OCCCCCCO)c(C)c1,1
P3_04437,Cc1ccc(CNCCCCCCO)c(C)c1,1
P3_04438,Cc1ccc(CNCCCCCO)c(C)c1,1
P3_04439,Cc1ccc(CCNCCCCO)c(C)c1,0
P3_04440,Cc1ccc(OCCNC(=O)OCCF)c(C)c1,0
P3_04441,Cc1ccc(OCCC(C)O)c(C)c1,1
P3_04442,Cc1ccc(OCCCCO)c(Cl)c1,1
P3_04443,CCc1ccc(OCCCCO)c(C)c1,1
P3_04444,Cc1ccc(Cl)c(OCCCCCCCO)c1,1
P3_04445,Cc1ccc(CCNCCCO)c(C)c1,1
P3_04446,Cc1ccc(Cl)c(OCCCCCCO)c1,1
P3_04447,Cc1ccc(I)c(OCCCCCCO)c1,1
P3_04448,Cc1ccc(C)c(CNCCCCCO)c1,1
P3_04449,Cc1ccc(C)c(CNCCCCCCO)c1,1
P3_04450,Cc1cc(C)c(C)c(OCCCCCCO)c1,1
P3_04451,Cc1ccc(OCCCO)c(Cl)c1,1
P3_04452,Cc1ccc(CNCCCOCCO)c(C)c1,1
P3_04453,Cc1ccc(C(C)C)c(OCCCCCCO)c1,1
P3_04454,Cc1ccc(NCCCCCCO)c(C)c1,1
P3_04455,Cc1ccc(Cl)c(OCCCCO)c1,1
P3_04456,Cc1ccc(NCCCCCO)c(C)c1,1
P3_04457,Cc1ccc(CCNCCOCCCO)c(C)c1,1
P3_04458,Cc1cc(Cl)ccc1OCCCNCC(C)O,1
P3_04459,Cc1cc(Cl)ccc1OCCCNC[C@H](C)O,1
P3_04460,Cc1cc(Cl)ccc1OCCCNC[C@@H](C)O,1
P3_04461,Cc1ccc(CCNCCOCCO)c(C)c1,1
P3_04462,Cc1ccc(OCC(=O)NCCN(C)CCO)c(C)c1,0
P3_04463,Cc1ccc(CCNCCCCCO)cc1,0
P3_04464,Cc1ccc(CCNCCCCCCO)cc1,1
P3_04465,Cc1ccc(CCNCCCCCCCO)cc1,1
P3_04466,Cc1cc(C)cc(CCNCCCCCCO)c1,0
P3_04467,Cc1ccc(OCCC(=O)NCCO)c(Cl)c1,1
P3_04468,Cc1ccc(CNCCOCCCO)c(C)c1,1
P3_04469,Cc1ccc(CNCCCCCCO)c(Cl)c1,1
P3_04470,Cc1ccc(CNCCCCCO)c(Cl)c1,1
P3_04471,Cc1ccc(OCC(O)CN(C)CCCO)c(C)c1,1
P3_04472,Cc1ccc(CNCCCCCO)c(F)c1,1
P3_04473,Cc1ccc(OCCCCNC(=O)NCCO)cc1,1
P3_04474,Cc1ccc(C)c(OCCSCCCO)c1,1
P3_04475,Cc1ccc(OCC(O)CN(C)CCO)c(C)c1,1
P3_04476,Cc1ccc(CNCCCCCO)cc1,1
P3_04477,Cc1cc(C)c(CNCCCCO)c(C)c1,0
P3_04478,Cc1ccc(CNCCCCCCCO)cc1,1
P3_04479,Cc1ccc(CNCCCCCCO)cc1,1
P3_04480,COc1ccc(C(=O)Nc2nonc2-c2ccc(C)c(C)c2)cc1Cl,1
P3_04481,COc1ccc(-c2nonc2NC(=O)c2ccc(OC)c(Cl)c2)cc1,1
P3_04482,COc1ccc(C(=O)Nc2nonc2-c2ccc(C)cc2)cc1Cl,1
P3_04483,COc1ccc(-c2nonc2NC(=O)c2ccc(Cl)cc2)cc1OC,1
P3_04484,COc1ccc(C(=O)Nc2nonc2-c2ccc(F)cc2)cc1Cl,1
P3_04485,COc1ccc(C(=O)Nc2nonc2-c2ccccc2)cc1Cl,1
P3_04486,COc1ccc(-c2nonc2NC(=O)c2ccc(C)cc2)cc1OC,1
P3_04487,COc1ccc(C(=O)Nc2nonc2-c2ccc(OC)c(OC)c2)cc1,1
P3_04488,CCOc1ccc(-c2nonc2NC(=O)c2ccc(OC)c(Cl)c2)cc1,1
P3_04489,COc1ccc(-c2nonc2NC(=O)c2ccc(F)cc2)cc1OC,1
P3_04490,COc1ccc(-c2nonc2NC(=O)c2ccc(Br)cc2)cc1OC,1
P3_04491,COc1ccc(-c2nonc2NC(=O)c2ccccc2)cc1OC,1
P3_04492,COc1ccc(-c2nonc2NC(=O)c2ccc(C(C)(C)C)cc2)cc1OC,1
P3_04493,COc1ccc(-c2nonc2NC(=O)c2ccccc2Cl)cc1OC,1
P3_04494,COc1cccc(C(=O)Nc2nonc2-c2ccc(OC)c(OC)c2)c1,1
P3_04495,COc1ccc(C(=O)Nc2nonc2-c2ccccc2)cc1OC,1
P3_04496,CCOc1ccc(C(=O)Nc2nonc2-c2ccc(OC)c(OC)c2)cc1,1
P3_04497,COc1ccc(-c2nonc2NC(=O)c2ccc(OC(C)C)cc2)cc1OC,1
P3_04498,COc1ccc(-c2nonc2NC(=O)c2ccc(Cl)cc2)cc1C,1
P3_04499,CCCOc1ccc(C(=O)Nc2nonc2-c2ccc(OC)c(OC)c2)cc1,1
P3_04500,CCOc1cccc(C(=O)Nc2nonc2-c2ccc(OC)c(OC)c2)c1,1
P3_04501,COc1ccc(-c2nonc2NC(=O)c2ccccc2OC)cc1OC,1
P3_04502,COc1ccc(-c2nonc2NC(=O)c2cccc(Cl)c2)cc1C,1
P3_04503,COc1ccc(-c2nonc2NC(=O)c2ccc(C)cc2)cc1C,1
P3_04504,C=CCOc1ccc(C(=O)Nc2nonc2-c2ccc(OC)c(OC)c2)cc1,1
P3_04505,COc1ccc(C(=O)Nc2nonc2-c2ccc(OC)c(C)c2)cc1,1
P3_04506,COc1ccc(-c2nonc2NC(=O)c2ccccc2C)cc1OC,1
P3_04507,CCCOc1cccc(C(=O)Nc2nonc2-c2ccc(OC)c(OC)c2)c1,1
P3_04508,COc1ccc(-c2nonc2NC(=O)c2ccc(Br)cc2)cc1C,1
P3_04509,COc1ccc(-c2nonc2NC(=O)c2ccc(F)cc2)cc1C,1
P3_04510,COc1ccc(-c2nonc2NC(=O)c2ccccc2F)cc1OC,1
P3_04511,COc1cc(C(=O)Nc2nonc2-c2ccc(Cl)cc2)cc(OC)c1OC,1
P3_04512,COc1ccc(-c2nonc2NC(=O)c2ccccc2)cc1C,1
P3_04513,CCOc1ccc(-c2nonc2NC(=O)c2ccc(OC)cc2)cc1OCC,1
P3_04514,COc1ccc(-c2nonc2NC(=O)c2ccc(C(C)(C)C)cc2)cc1C,1
P3_04515,COc1ccc(-c2nonc2NC(=O)c2cccc(C)c2)cc1C,1
P3_04516,COc1ccc(-c2nonc2NC(=O)c2cc(OC)c(OC)c(OC)c2)cc1C,1
P3_04517,CCOc1ccccc1C(=O)Nc1nonc1-c1ccc(OC)c(OC)c1,1
P3_04518,COc1cccc(C(=O)Nc2nonc2-c2ccc(OC)c(C)c2)c1,1
P3_04519,COc1ccc(-c2nonc2NC(=O)c2ccccc2Cl)cc1C,1
P3_04520,CCOc1ccc(C(=O)Nc2nonc2-c2ccc(OC)c(C)c2)cc1,1
P3_04521,COc1ccc(-c2nonc2NC(=O)c2ccc(Cl)cc2)cc1,1
P3_04522,COc1ccc(C(=O)Nc2nonc2-c2ccc(Cl)cc2)cc1,1
P3_04523,COc1ccc(C(=O)Nc2nonc2-c2ccc(OC)cc2)cc1,1
P3_04524,COc1ccc(-c2nonc2NC(=O)c2ccc(OC(C)C)cc2)cc1C,1
P3_04525,CCOc1ccc(-c2nonc2NC(=O)c2cccc(OC)c2)cc1OCC,1
P3_04526,COc1ccc(-c2nonc2NC(=O)c2cccc(Cl)c2)cc1,1
P3_04527,COc1cc(C(=O)Nc2nonc2-c2ccc(C)c(C)c2)cc(OC)c1OC,1
P3_04528,COc1cccc(C(=O)Nc2nonc2-c2ccc(Cl)cc2)c1,1
P3_04529,CCOc1ccc(-c2nonc2NC(=O)c2ccc(Cl)cc2)cc1C,1
P3_04530,CCCOc1ccccc1C(=O)Nc1nonc1-c1ccc(OC)c(OC)c1,1
P3_04531,COc1cc(C(=O)Nc2nonc2-c2ccc(C)cc2)cc(OC)c1OC,1
P3_04532,COc1ccc(C(=O)Nc2nonc2-c2ccc(C)c(C)c2)cc1,1
P3_04533,COc1ccc(-c2nonc2NC(=O)c2cc(OC)c(OC)c(OC)c2)cc1,1
P3_04534,CCOc1ccc(-c2nonc2NC(=O)c2ccc(F)cc2)cc1OCC,1
P3_04535,CCOc1ccc(-c2nonc2NC(=O)c2ccc(OC)cc2)cc1C,1
P3_04536,CCOc1cccc(C(=O)Nc2nonc2-c2ccc(OC)c(C)c2)c1,1
P3_04537,CCCOc1ccc(C(=O)Nc2nonc2-c2ccc(OC)c(C)c2)cc1,1
P3_04538,Cc1ccc(-c2nonc2NC(=O)c2ccc(Cl)cc2)cc1C,1
P3_04539,COc1cc(C(=O)Nc2nonc2-c2ccc(F)cc2)cc(OC)c1OC,1
P3_04540,CCOc1ccc(-c2nonc2NC(=O)c2ccccc2)cc1OCC,1
P3_04541,COc1ccc(-c2nonc2NC(=O)c2cccc(OC)c2)cc1,1
P3_04542,COc1ccc(-c2nonc2NC(=O)c2ccccc2OC)cc1C,1
P3_04543,COc1ccc(-c2nonc2NC(=O)c2ccccc2C)cc1C,1
P3_04544,C=CCOc1ccc(C(=O)Nc2nonc2-c2ccc(OC)c(C)c2)cc1,1
P3_04545,COc1ccc(C(=O)Nc2nonc2-c2ccc(C)cc2)cc1,1
P3_04546,COc1cccc(C(=O)Nc2nonc2-c2ccc(C)c(C)c2)c1,1
P3_04547,CCOc1ccc(-c2nonc2NC(=O)c2ccc(C)cc2)cc1C,1
P3_04548,CCOc1ccc(-c2nonc2NC(=O)c2cccc(OC)c2)cc1C,1
P3_04549,COc1ccc(C(=O)Nc2nonc2-c2ccc(Br)cc2)cc1,1
P3_04550,Cc1ccc(-c2nonc2NC(=O)c2cccc(Cl)c2)cc1C,1
P3_04551,COc1cccc(C(=O)Nc2nonc2-c2ccc(C(C)C)cc2)c1,1
P3_04552,CCOc1ccc(-c2nonc2NC(=O)c2cc(OC)c(OC)c(OC)c2)cc1,1
P3_04553,Cc1ccc(C(=O)Nc2nonc2-c2ccc(C)c(C)c2)cc1,1
P3_04554,CCOc1ccc(-c2nonc2NC(=O)c2ccc(OC)cc2)cc1,1
P3_04555,CCOc1ccc(C(=O)Nc2nonc2-c2ccc(OC)cc2)cc1,1
P3_04556,COc1ccc(-c2nonc2NC(=O)c2ccccc2F)cc1C,1
P3_04557,COc1ccc(C(=O)Nc2nonc2-c2ccc(C)cc2)cc1OC,1
P3_04558,COc1cc(C(=O)Nc2nonc2-c2ccc(C)cc2)ccc1Cl,1
P3_04559,COc1ccc(C(=O)Nc2nonc2-c2ccccc2F)cc1Cl,1
P3_04560,COc1cc(C(=O)Nc2nonc2-c2ccccc2)ccc1Cl,1
P3_04561,COc1ccc(C(=O)Nc2nonc2-c2ccc(C)cc2)cc1C,1
P3_04562,COc1cc(C(=O)Nc2nonc2-c2ccc(C)cc2)cc(Cl)c1OC,1
P3_04563,CCOc1ccc(C(=O)Nc2nonc2-c2ccc(C)cc2)cc1OC,1
P3_04564,CCOc1cc(C(=O)Nc2nonc2-c2ccc(C)cc2)ccc1OC,1
P3_04565,COc1ccc(C(=O)Nc2nonc2-c2ccc(C)cc2)cc1Br,1
P3_04566,COc1ccc(C(=O)Nc2nonc2-c2ccc(C)cc2)cc1F,1
P3_04567,COc1ccc(C(=O)Nc2nonc2-c2ccccc2)cc1C,1
P3_04568,COc1cc(C(=O)Nc2nonc2-c2ccc(C)cc2)ccc1C,1
P3_04569,CCOc1ccc(C(=O)Nc2nonc2-c2ccccc2)cc1OC,1
P3_04570,COc1cc(C(=O)Nc2nonc2-c2ccccc2)cc(Cl)c1OC,1
P3_04571,CCOc1cc(C(=O)Nc2nonc2-c2ccccc2)ccc1OC,1
P3_04572,COc1ccc(C(=O)Nc2nonc2-c2ccc(C)cc2)cc1OC(F)F,1
P3_04573,COc1cc(C(=O)Nc2nonc2-c2ccc(C)cc2)ccc1OC(F)F,1
P3_04574,COCCOc1ccc(C(=O)Nc2nonc2-c2ccc(C)cc2)cc1OC,1
P3_04575,COc1ccc(C(=O)Nc2nonc2-c2ccc(C)cc2)cc1C(C)C,1
P3_04576,COc1cc(C(=O)Nc2nonc2-c2ccc(C)cc2)ccc1F,1
P3_04577,COc1cc(C(=O)Nc2nonc2-c2ccc(C)cc2)c(OC)cc1Cl,1
P3_04578,COc1ccc(C(=O)Nc2nonc2-c2ccccc2F)cc1OC,1
P3_04579,COc1cc(C(=O)Nc2nonc2-c2ccccc2)ccc1OC(F)F,1
P3_04580,COc1ccc(C(=O)Nc2nonc2-c2ccccc2)cc1OC(F)F,1
P3_04581,COc1cc(C(=O)Nc2nonc2-c2ccccc2)ccc1C,1
P3_04582,COc1cc(C)c(C(=O)Nc2nonc2-c2ccccc2)cc1Cl,1
P3_04583,COc1ccc(OC)c(C=C2SC(=Nc3ccc(F)cc3)NC2=O)c1,1
P3_04584,COc1ccc(C=C2SC(=Nc3ccc(Cl)cc3)NC2=O)c(OC)c1,1
P3_04585,COc1ccc(C=C2SC(=Nc3ccc(O)cc3)NC2=O)c(OC)c1,1
P3_04586,COc1ccc(C=C2SC(=Nc3cccc(Cl)c3)NC2=O)c(OC)c1,1
P3_04587,COc1cccc(C=C2SC(=Nc3ccc(F)cc3)NC2=O)c1OC,1
P3_04588,COc1ccc(C=C2SC(=Nc3c(C)cccc3C)NC2=O)c(OC)c1,1
P3_04589,COc1ccc(OC)c(C=C2SC(=Nc3ccc(Cl)cc3)NC2=O)c1,1
P3_04590,COc1ccc(OC)c(C=C2SC(=Nc3ccc(O)cc3)NC2=O)c1,1
P3_04591,COc1ccc(OC)c(C=C2SC(=Nc3ccccc3)NC2=O)c1,1
P3_04592,COc1ccc(C=C2SC(=Nc3ccccc3C)NC2=O)c(OC)c1,1
P3_04593,COc1cc(C=C2SC(=Nc3ccc(F)cc3)NC2=O)ccc1O,1
P3_04594,COc1ccccc1C=C1SC(=Nc2ccc(Br)cc2)NC1=O,1
P3_04595,CCOc1ccc(C=C2SC(=Nc3ccc(F)cc3)NC2=O)cc1OC,1
P3_04596,COc1ccc(OC)c(C=C2SC(=Nc3cccc(Cl)c3)NC2=O)c1,1
P3_04597,COc1ccc(OC)c(C=C2SC(=Nc3cccc(O)c3)NC2=O)c1,1
P3_04598,COc1ccc(OC)c(C=C2SC(=Nc3c(C)cccc3C)NC2=O)c1,1
P3_04599,COc1cccc(C=C2SC(=Nc3ccc(Cl)cc3)NC2=O)c1OC,1
P3_04600,COc1ccccc1C=C1SC(=Nc2cccc(Br)c2)NC1=O,1
P3_04601,COc1cccc(C=C2SC(=Nc3ccc(O)cc3)NC2=O)c1OC,1
P3_04602,COc1ccc(OC)c(C=C2SC(=Nc3ccccc3Cl)NC2=O)c1,1
P3_04603,COc1ccc(C=C2SC(=Nc3ccc(C)cc3)NC2=O)cc1OC,1
P3_04604,COc1cc(C=C2SC(=Nc3ccc(Cl)cc3)NC2=O)cc(OC)c1OC,1
P3_04605,COc1ccc(C=C2SC(=Nc3c(C)cccc3C)NC2=O)c(Cl)c1,1
P3_04606,COc1cc(C=C2SC(=Nc3ccccc3)NC2=O)cc(OC)c1OC,1
P3_04607,COc1cccc(C=C2SC(=Nc3cccc(O)c3)NC2=O)c1OC,1
P3_04608,COc1cc(OC)c(C=C2SC(=Nc3c(C)cccc3C)NC2=O)c(OC)c1,1
P3_04609,CCOc1ccc(C=C2SC(=Nc3ccc(C)cc3)NC2=O)cc1OC,1
P3_04610,COc1cccc(C=C2SC(=Nc3c(C)cccc3C)NC2=O)c1O,1
P3_04611,CCOc1ccc(C=C2SC(=Nc3ccc(Cl)cc3)NC2=O)cc1OC,1
P3_04612,COc1cc(C)c(C=C2SC(=Nc3c(C)cccc3C)NC2=O)cc1OC,1
P3_04613,CCOc1ccc(C=C2SC(=Nc3ccccc3)NC2=O)cc1OC,1
P3_04614,COc1ccc(C=C2SC(=Nc3c(C)cccc3C)NC2=O)c(OC)c1OC,1
P3_04615,COc1ccc(C=C2SC(=Nc3c(C)cccc3C)NC2=O)c(C)c1OC,1
P3_04616,COc1cccc(C=C2SC(=Nc3c(C)cccc3C)NC2=O)c1,1
P3_04617,CCOc1ccc(C=C2SC(=Nc3ccc(C)c(C)c3)NC2=O)cc1OC,1
P3_04618,COc1ccc(C=C2SC(=Nc3c(C)cccc3C)NC2=O)cc1F,1
P3_04619,COc1ccc(C=C2SC(=Nc3c(C)cccc3C)NC2=O)cc1,1
P3_04620,COc1cc(C=C2SC(=Nc3c(C)cccc3C)NC2=O)cc(OC)c1,1
P3_04621,COc1cccc(C=C2SC(=Nc3c(C)cccc3C)NC2=O)c1OC(C)C,1
P3_04622,COc1ccc(C=C2SC(=Nc3c(C)cccc3C)NC2=O)cc1C,1
P3_04623,COc1cc(C=C2SC(=Nc3c(C)cccc3C)NC2=O)cc(OC)c1OC,1
P3_04624,COc1ccc(C=C2SC(=Nc3c(C)cccc3C)NC2=O)cc1OC,1
P3_04625,CCOc1ccc(C=C2SC(=Nc3cccc(Cl)c3)NC2=O)cc1OC,1
P3_04626,CCOc1cccc(C=C2SC(=Nc3c(C)cccc3C)NC2=O)c1OC,1
P3_04627,CCOc1ccc(C=C2SC(=Nc3c(C)cccc3C)NC2=O)c(O)c1,1
P3_04628,COc1ccc(C=C2SC(=Nc3c(C)cccc3C)NC2=O)cc1O,1
P3_04629,COc1ccc(C=C2SC(=Nc3c(C)cccc3C)NC2=O)cc1Cl,1
P3_04630,CCCOc1ccc(C=C2SC(=Nc3c(C)cccc3C)NC2=O)cc1OC,1
P3_04631,CCCOc1cc(C=C2SC(=Nc3c(C)cccc3C)NC2=O)ccc1OC,1
P3_04632,CCOc1ccc(C=C2SC(=Nc3c(C)cccc3C)NC2=O)cc1OC,1
P3_04633,CCOc1ccc(O)c(C=C2SC(=Nc3c(C)cccc3C)NC2=O)c1,1
P3_04634,COc1cc(C=C2SC(=Nc3c(C)cccc3C)NC2=O)ccc1C#N,1
P3_04635,CCOc1ccc(C=C2SC(=Nc3ccccc3C)NC2=O)cc1OC,1
P3_04636,COc1ccc(C=C2SC(=Nc3c(C)cccc3C)NC2=O)cc1C#N,1
P3_04637,COc1cc(C=C2SC(=Nc3c(C)cccc3C)NC2=O)ccc1OC(C)C,1
P3_04638,CCOc1ccc(C=C2SC(=Nc3ccc(C)cc3C)NC2=O)cc1OC,1
P3_04639,CCOc1ccc(C=C2SC(=Nc3c(C)cccc3C)NC2=O)cc1F,1
P3_04640,Cc1ccc(C=C2SC(=Nc3c(C)cccc3C)NC2=O)cc1F,1
P3_04641,CCOCc1cc(C=C2SC(=Nc3c(C)cccc3C)NC2=O)ccc1OC,1
P3_04642,CCCOc1ccc(C=C2SC(=Nc3c(C)cccc3C)NC2=O)cc1,1
P3_04643,Cc1cccc(C=C2SC(=Nc3c(C)cccc3C)NC2=O)c1,1
P3_04644,CCOc1ccc(C=C2SC(=Nc3c(C)cccc3C)NC2=O)cc1,1
P3_04645,CCCOc1cccc(C=C2SC(=Nc3c(C)cccc3C)NC2=O)c1,1
P3_04646,CCOc1cccc(C=C2SC(=Nc3c(C)cccc3C)NC2=O)c1,1
P3_04647,Cc1ccc(Nc2nc(-c3ccc(O)cc3O)cs2)cc1C,1
P3_04648,Cc1ccc(C)c(-c2csc(Nc3ccc(O)c(C(=O)[O-])c3)n2)c1,1
P3_04649,Cc1ccc(C)c(-c2csc(Nc3ccc(C(=O)[O-])c(O)c3)n2)c1,1
P3_04650,Cc1ccc(-c2csc(Nc3ccc(O)cc3)n2)c(C)c1,1
P3_04651,Cc1ccc(Nc2nc(-c3cccc(N)c3)cs2)cc1C,1
P3_04652,Cc1ccc(-c2csc(Nc3cccc(O)c3)n2)c(C)c1,1
P3_04653,Cc1ccc(-c2csc(Nc3ccc(O)cc3)n2)cc1C,1
P3_04654,Cc1ccc(-c2csc(Nc3cccc(O)c3)n2)cc1C,1
P3_04655,Cc1ccc(C)c(Nc2nc(-c3ccc(O)cc3O)cs2)c1,1
P3_04656,Cc1cc(C)cc(Nc2nc(-c3ccc(O)cc3O)cs2)c1,1
P3_04657,Cc1ccc(Nc2nc(-c3ccc(O)cc3)cs2)c(C)c1,1
P3_04658,Cc1cc(-c2csc(Nc3ccc(N)cc3)n2)ccc1F,1
P3_04659,Cc1cc(-c2csc(Nc3ccc(O)cc3)n2)ccc1F,1
P3_04660,Cc1ccc(C)c(Nc2nc(-c3ccc(O)c(C(N)=O)c3)cs2)c1,1
P3_04661,Cc1ccc(C)c(Nc2nc(-c3ccc([O-])c(C(N)=O)c3)cs2)c1,1
P3_04662,Cc1ccc(Nc2nc(-c3cc(C)ccc3C)c(CC(=O)[O-])s2)cc1,1
P3_04663,Cc1ccccc1-c1csc(Nc2ccccc2)n1,1
P3_04664,Cc1ccc(Nc2nc(-c3ccccc3)cs2)cc1,1
P3_04665,Cc1cccc(Nc2nc(-c3ccc(O)cc3)cs2)c1,1
P3_04666,Cc1ccc(Nc2nc(-c3cccc(N)c3)cs2)cc1,1
P3_04667,Cc1ccc(-c2csc(Nc3cccc(O)c3)n2)cc1,1
P3_04668,Cc1ccc(-c2csc(Nc3ccccc3)n2)cc1,1
P3_04669,COc1ccc(-c2csc(Nc3cccc(C)c3)n2)cc1,1
P3_04670,COc1ccc(-c2csc(Nc3ccc(C)cc3)n2)cc1,1
P3_04671,Oc1ccc(-c2csc(Nc3ccc(F)cc3)n2)c(O)c1,1
P3_04672,COc1ccc(Nc2nc(-c3ccc(OC)c(C)c3)cs2)cc1,1
P3_04673,Cc1ccc(C)c(-c2csc(Nc3ccc(S(N)(=O)=O)cc3)n2)c1,0
P3_04674,Cc1ccc(C)c(-c2csc(Nc3ccc(C(=O)[O-])cc3)n2)c1,1
P3_04675,Cc1ccc(C)c(-c2csc(Nc3cccc(C(=O)[O-])c3)n2)c1,0
P3_04676,COc1ccc(C)cc1-c1csc(Nc2ccc(C#N)cc2)n1,1
P3_04677,Cc1cccc(Nc2nc(-c3ccccc3)cs2)c1,1
P3_04678,Cc1ccc(-c2csc(Nc3cccc(C(=O)[O-])c3)n2)c(C)c1,1
P3_04679,Cc1cccc(Nc2nc(-c3cccc(N)c3)cs2)c1,1
P3_04680,Cc1ccc(-c2csc(Nc3cccc(C(=O)[O-])c3)n2)cc1C,1
P3_04681,CC(=O)Nc1ccc(-c2csc(Nc3cccc(C)c3)n2)cc1,1
P3_04682,COc1cccc(Nc2nc(-c3ccc(C)cc3)cs2)c1,1
P3_04683,Fc1cccc(Nc2nc(-c3ccccc3F)cs2)c1,1
P3_04684,COc1ccc(Nc2nc(-c3ccccc3O)cs2)cc1,1
P3_04685,Cc1cccc(Nc2nc(-c3ccc([O-])c(C(N)=O)c3)cs2)c1,1
P3_04686,CCCc1ccc(NC(=O)N2CCN(c3ccc4nncn4n3)CC2)cc1,0
P3_04687,CCCCc1ccc(NC(=O)N2CCN(c3ccc4nncn4n3)CC2)cc1,0
P3_04688,CCC(C)(C)c1ccc(NC(=O)N2CCN(c3ccc4nncn4n3)CC2)cc1,0
P3_04689,COc1cc([O-])c2c(=O)c(O)c(-c3ccc(O)c(OC)c3)oc2c1,1
P3_04690,COc1cc(O)c2c(=O)c(OC)c(-c3ccc(O)c(OC)c3)oc2c1,1
P3_04691,COc1cc(OC)c2c(=O)c(O)c(-c3ccc(OC)c(OC)c3)oc2c1,1
P3_04692,COc1cc(O)c2c(=O)c(OC)c(-c3ccc(OC)c(OC)c3)oc2c1,1
P3_04693,COc1cc([O-])c2c(=O)c(O)c(-c3ccc(OC)c(O)c3)oc2c1,1
P3_04694,COc1ccc(-c2oc3cc([O-])cc(O)c3c(=O)c2O)cc1OC,1
P3_04695,COc1cc(O)c2c(=O)c(OC)c(-c3ccc(OC)c(O)c3)oc2c1,1
P3_04696,COc1cc([O-])c2c(=O)c(OC)c(-c3ccc(O)c(OC)c3)oc2c1,1
P3_04697,COc1cc(OC)c2c(=O)c(O)c(-c3ccccc3)oc2c1,1
P3_04698,COc1cc([O-])c2c(=O)c(O)c(-c3ccc(O)cc3)oc2c1,1
P3_04699,COc1cc(-c2oc3cc(C)c(C)cc3c(=O)c2O)ccc1O,1
P3_04700,COc1cc(-c2oc3cc([O-])cc(O)c3c(=O)c2C)ccc1O,1
P3_04701,COc1cc(-c2oc3cc([O-])cc(O)c3c(=O)c2OC)ccc1O,1
P3_04702,COc1cc(-c2oc3cc(OC)c(OC)c(O)c3c(=O)c2OC)ccc1O,1
P3_04703,COc1cc(O)c2c(=O)c(OC)c(-c3cc(O)c(OC)c(OC)c3)oc2c1,1
P3_04704,COc1cc(-c2oc3cc(O)c(OC)c(O)c3c(=O)c2OC)ccc1O,1
P3_04705,COc1cc(-c2oc3cc([O-])ccc3c(=O)c2O)ccc1O,1
P3_04706,COc1ccc2c(=O)c(O)c(-c3ccc(OC)c(OC)c3)oc2c1,1
P3_04707,COc1ccc(-c2oc3cc(C)cc(C)c3c(=O)c2O)cc1OC,1
P3_04708,COc1cc(-c2oc3cc([O-])cc(O)c3c(=O)c2O)cc(OC)c1OC,1
P3_04709,COc1cc(-c2oc3cc([O-])c(OC)c(O)c3c(=O)c2OC)ccc1O,1
P3_04710,COc1ccc2oc(-c3ccc(OC)c(OC)c3)c(O)c(=O)c2c1,1
P3_04711,COc1cc(-c2oc3cc(OC)c(OC)c([O-])c3c(=O)c2OC)ccc1O,1
P3_04712,COc1ccc(-c2oc3cc(OC)c(OC)c([O-])c3c(=O)c2O)cc1O,1
P3_04713,COc1cc(OC)c2c(=O)c(OC)c(-c3ccc(OC)c(OC)c3)oc2c1,1
P3_04714,COc1cc([O-])c2c(=O)c(OC)c(-c3ccc(OC)c(O)c3)oc2c1,1
P3_04715,COc1cc(-c2oc3c(OC)c(OC)cc(O)c3c(=O)c2OC)ccc1O,1
P3_04716,COc1ccc2c(=O)c(O)c(-c3cc(OC)c(OC)c(OC)c3)oc2c1,1
P3_04717,COc1ccc(-c2oc3cc(C)c(C)cc3c(=O)c2O)cc1OC,1
P3_04718,COc1ccc(-c2oc3c(OC)c(O)cc(O)c3c(=O)c2O)cc1,1
P3_04719,COc1ccc(-c2oc3cc(OC)c(OC)c(O)c3c(=O)c2OC)cc1OC,0
P3_04720,COc1ccc(-c2oc3ccc(C)cc3c(=O)c2O)cc1OC,1
P3_04721,COc1ccc(-c2oc3cc(C)ccc3c(=O)c2O)cc1OC,1
P3_04722,COc1ccc(-c2oc3cc([O-])cc(O)c3c(=O)c2OC)cc1O,1
P3_04723,COc1ccc2oc(-c3cc(OC)c(OC)c(OC)c3)c(O)c(=O)c2c1,1
P3_04724,COc1ccc(-c2oc3cc(OC)c(OC)c(O)c3c(=O)c2OC)cc1,1
P3_04725,COc1ccc(-c2oc3cc([O-])ccc3c(=O)c2O)cc1OC,1
P3_04726,COc1ccc(-c2oc3cc(OC)c(O)c(OC)c3c(=O)c2OC)cc1O,1
P3_04727,COc1cc(-c2oc3cc([O-])cc(O)c3c(=O)c2C)cc(OC)c1O,1
P3_04728,COc1ccc(-c2oc3cc(O)c(OC)c(O)c3c(=O)c2OC)cc1O,1
P3_04729,COc1ccc(-c2oc3ccc(Cl)cc3c(=O)c2O)cc1OC,1
P3_04730,COc1ccc(-c2oc3cc(OC)c(OC)c(O)c3c(=O)c2OC)cc1O,1
P3_04731,COc1ccc(-c2oc3ccc(OC)cc3c(=O)c2O)cc1,1
P3_04732,COc1ccc(-c2oc3c(OC)c([O-])cc(O)c3c(=O)c2O)cc1,1
P3_04733,COc1cc2oc(-c3ccc(O)cc3)c(OC)c(=O)c2c(O)c1OC,1
P3_04734,CCc1ccc2oc(-c3ccc(OC)c(OC)c3)c(O)c(=O)c2c1,1
P3_04735,COc1c(-c2ccc(O)cc2)oc2cc([O-])cc(O)c2c1=O,0
P3_04736,COc1cc(-c2oc3cc([O-])cc(O)c3c(=O)c2OC)cc(OC)c1OC,1
P3_04737,COc1ccc(-c2oc3cc(OC)ccc3c(=O)c2O)c(OC)c1,1
P3_04738,COc1ccc(-c2oc3cc([O-])c(OC)c(O)c3c(=O)c2OC)cc1O,1
P3_04739,CC(C)=CCc1cc(-c2oc3cc([O-])cc(O)c3c(=O)c2O)ccc1O,1
P3_04740,COc1ccc2oc(-c3ccccc3)c(O)c(=O)c2c1,1
P3_04741,CCOc1ccc2oc(-c3ccc(OC)cc3)c(O)c(=O)c2c1,1
P3_04742,CCc1ccc2oc(-c3ccc(OC)cc3)c(O)c(=O)c2c1,1
P3_04743,CCc1ccc2oc(-c3ccc(O)c(OC)c3)cc(=O)c2c1,1
P3_04744,COc1ccc(-c2oc3c(O)c(OC)cc([O-])c3c(=O)c2OC)cc1OC,1
P3_04745,COc1cc([O-])c2c(=O)c(O)c(-c3ccc(O)cc3)oc2c1CC=C(C)C,1
P3_04746,COc1cc([O-])c(CC=C(C)C)c2oc(-c3ccc(O)cc3)c(O)c(=O)c12,1
P3_04747,CCOc1ccc(-c2oc3c(C)cc(C)cc3c(=O)c2O)cc1OC,1
P3_04748,COc1ccc(-c2oc3ccccc3c(=O)c2O)cc1OC,1
P3_04749,COc1cccc(-c2oc3cc(OC)ccc3c(=O)c2O)c1,1
P3_04750,COc1ccc(-c2oc3c(O)c(OC)cc(O)c3c(=O)c2OC)cc1OC,1
P3_04751,COc1cccc(-c2oc3ccc(OC)cc3c(=O)c2O)c1,1
P3_04752,COc1cc(O)c2c(=O)cc(-c3cc(OC)c(O)c(OC)c3OC)oc2c1,1
P3_04753,COc1ccc2oc(-c3ccc(OC)c(OC)c3)c(OC)c(=O)c2c1,1
P3_04754,CCOc1ccc(-c2oc3ccc(C)cc3c(=O)c2O)cc1OC,1
P3_04755,COc1ccc(-c2oc3cc(OC)c(OC)c([O-])c3c(=O)c2OC)cc1O,1
P3_04756,COc1ccc(-c2oc3ccc(C)cc3c(=O)c2O)cc1Br,1
P3_04757,COc1cc(-c2oc3ccc(C)cc3c(=O)c2O)cc(OC)c1OC,1
P3_04758,CCOc1ccc2nc(C)cc(Nc3ccccc3OC)c2c1,1
P3_04759,COc1ccc(Nc2cc(C)nc3ccc(Cl)cc23)cc1,1
P3_04760,Cc1cc(Nc2ccc(C(=O)[O-])cc2)c2cc(Br)ccc2n1,1
P3_04761,CCOc1ccc2nc(C(=O)OC)cc(Nc3ccccc3)c2c1,1
P3_04762,CCOc1ccc2nc(C(=O)OC)cc(Nc3ccc(F)cc3)c2c1,1
P3_04763,COc1ccc(Nc2cc(C)nc3cc(Cl)ccc23)cc1,1
P3_04764,CCOc1ccc2nc(C(=O)OC)cc(Nc3ccc(C)cc3C)c2c1,1
P3_04765,COC(=O)c1ccc2nc(C)cc(Nc3ccccc3)c2c1,1
P3_04766,CCOc1ccc2ncc(C#N)c(Nc3ccc(C)cc3)c2c1,1
P3_04767,Cc1cc(Nc2ccc(C(=O)[O-])cc2)c2cc(I)ccc2n1,1
P3_04768,CCOc1ccc2ncc(C#N)c(Nc3ccc(F)cc3)c2c1,1
P3_04769,CCOc1ccc2ncc(C#N)c(Nc3ccc(Cl)cc3)c2c1,1
P3_04770,CCOC(=O)c1ccc2nc(C)cc(Nc3ccccc3OC)c2c1,1
P3_04771,COC(=O)c1cc(Nc2ccc(Br)cc2)c2cccc(C)c2n1,1
P3_04772,CCc1ccc2nc(C(=O)OC)cc(Nc3ccc(F)cc3)c2c1,1
P3_04773,CCOC(=O)c1ccc2nccc(Nc3ccc(O)cc3)c2c1,1
P3_04774,COc1cccc2c(Nc3ccc(C)cc3)cc(C)nc12,1
P3_04775,COC(=O)c1ccc2nc(C)cc(Nc3ccccc3C)c2c1,1
P3_04776,CCc1ccc2nc(C(=O)OC)cc(Nc3ccccc3)c2c1,1
P3_04777,COc1cccc2c(Nc3ccc(F)cc3)cc(C)nc12,1
P3_04778,Cc1cc(Nc2ccc(C(=O)[O-])cc2)c2cccc(Br)c2n1,1
P3_04779,CCc1cccc2c(Nc3ccc(C(=O)[O-])cc3)cc(C)nc12,1
P3_04780,COC(=O)c1ccc2nc(C)cc(Nc3cccc(C)c3C)c2c1,1
P3_04781,Cc1cc(Nc2ccc(CO)cc2)c2cccc(F)c2n1,1
P3_04782,CCOc1ccc(Nc2cc(C)nc3c(C)cccc23)cc1,1
P3_04783,CCOc1ccc2nc(C(=O)OC)cc(Nc3cccc(C)c3)c2c1,1
P3_04784,COc1ccc(OC)c(Nc2cc(C)nc3ccc(OC)cc23)c1,1
P3_04785,Cc1cc(Nc2ccccc2)c2cc(Cl)ccc2n1,1
P3_04786,CCOc1ccc2nc(C(=O)OC)cc(Nc3cccc(F)c3)c2c1,1
P3_04787,CCOc1ccc2nc(C(=O)OC)cc(Nc3cccc(Cl)c3)c2c1,1
P3_04788,COc1ccc2nc(C)cc(Nc3ccccc3OC)c2c1,1
P3_04789,Cc1cc(Nc2ccc(Cl)cc2)c2ccccc2n1,1
P3_04790,CCOC(=O)c1ccc2nc(C)cc(Nc3ccccc3OCC)c2c1,1
P3_04791,CCOc1ccccc1Nc1cc(C)nc2ccc(C(=O)OC)cc12,1
P3_04792,CCOC(=O)c1ccc2nc(C)cc(Nc3cccc(C(=O)OC)c3)c2c1,1
P3_04793,COc1ccc2nc(C)cc(Nc3cc(Cl)ccc3OC)c2c1,1
P3_04794,CCOC(=O)c1ccc2nc(C)cc(Nc3cccc(C(=O)[O-])c3)c2c1,1
P3_04795,COc1ccc(Nc2cc(C)nc3c(C)cccc23)cc1,1
P3_04796,COC(=O)c1cccc(Nc2cc(C)nc3ccc(C(=O)OC)cc23)c1,1
P3_04797,COCCOc1ccc(Nc2cc(C)nc3c(F)cccc23)cc1,1
P3_04798,COc1ccc2ncc(C#N)c(Nc3ccc(Br)cc3)c2c1,1
P3_04799,Cc1cc(Nc2cccc(N(C)C)c2)c2ccccc2n1,1
P3_04800,COc1ccc(Nc2cc(C)nc3ccccc23)c(CO)c1,1
P3_04801,COc1cccc2c(Nc3ccccc3)cc(C)nc12,1
P3_04802,Cc1ccc(Nc2cc(C)nc3c(C)cccc23)cc1,1
P3_04803,CCOc1cccc2c(Nc3cccc(C(=O)[O-])c3)cc(C)nc12,1
P3_04804,Nc1ccc(Br)cc1CN1CCN(Cc2cccc(F)c2)CC1,0
P3_04805,Oc1cccc(CN2CCN(Cc3cccc(F)c3)CC2)c1Br,1
P3_04806,Fc1cccc(CN2CCN(Cc3ccc(Br)cc3)CC2)c1,0
P3_04807,Oc1ccc(CN2CCN(Cc3cccc(F)c3)CC2)c(F)c1F,1
P3_04808,N#Cc1ccc(Br)cc1CN1CCN(Cc2cccc(F)c2)CC1,0
P3_04809,COc1ccc(Br)cc1CN1CCN(Cc2cccc(F)c2)CC1,0
P3_04810,Oc1cc(F)c(CN2CCN(Cc3cccc(F)c3)CC2)cc1Br,0
P3_04811,O=C(c1cc(Br)ccc1O)N1CCN(Cc2cccc(F)c2)CC1,0
P3_04812,Oc1cc(CN2CCN(Cc3cccc(F)c3)CC2)ccc1Br,1
P3_04813,Oc1ccc(Br)c(CN2CCN(Cc3cccc(F)c3)CC2)c1,0
P3_04814,Oc1ccc(CN2CCN(Cc3cccc(Br)c3)CC2)c(F)c1F,1
P3_04815,Oc1cccc(CN2CCN(Cc3cc(Br)ccc3F)CC2)c1,0
P3_04816,Oc1ccc(CN2CCN(Cc3cccc(F)c3)CC2)cc1F,1
P3_04817,N#Cc1cc(Br)ccc1CN1CCN(Cc2cccc(F)c2)CC1,0
P3_04818,Oc1cc(Br)cc(CN2CCN(Cc3cccc(F)c3)CC2)c1,0
P3_04819,Oc1cc(F)c(CN2CCN(Cc3cccc(F)c3)CC2)cc1F,1
P3_04820,O=C(c1ccc(Br)cc1O)N1CCN(Cc2cccc(F)c2)CC1,0
P3_04821,[O-]c1c(F)cc(Br)cc1CN1CCN(Cc2cccc(F)c2)CC1,0
P3_04822,Oc1ccc(Br)c(CN2CCN(Cc3cccc(F)c3)CC2)c1F,1
P3_04823,Fc1cccc(CN2CCN(Cc3ccccc3Br)CC2)c1,1
P3_04824,Fc1cccc(CN2CCN(Cc3cccc(F)c3)CC2)c1,0
P3_04825,Oc1cccc(CN2CCN(Cc3cccc(Br)c3)CC2)c1F,1
P3_04826,Oc1ccc(CN2CCN(Cc3cc(Br)ccc3F)CC2)cc1F,1
P3_04827,Oc1cccc(CN2CCN(Cc3cccc(F)c3)CC2)c1Cl,1
P3_04828,Oc1ccc(CN2CCN(Cc3cccc(F)c3)CC2)cc1Cl,1
P3_04829,Cc1cc(CN2CCN(Cc3cccc(F)c3)CC2)ccc1O,1
P3_04830,Oc1cccc(CN2CCN(Cc3cccc(F)c3)CC2)c1,0
P3_04831,Oc1cccc(CN2CCN(Cc3ccc(Br)cc3F)CC2)c1,0
P3_04832,Oc1cc(F)c(CN2CCN(Cc3cccc(Br)c3)CC2)cc1F,1
P3_04833,Oc1cc(F)cc(CN2CCN(Cc3cccc(Br)c3)CC2)c1,0
P3_04834,COc1cc(Br)c(CN2CCN(Cc3cccc(F)c3)CC2)cc1O,1
P3_04835,Oc1ccc(CN2CCN(Cc3cccc(F)c3)CC2)cc1,0
P3_04836,Oc1c(F)ccc(CN2CCN(Cc3cccc(F)c3)CC2)c1F,0
P3_04837,Oc1c(F)cc(CN2CCN(Cc3cccc(F)c3)CC2)cc1Br,0
P3_04838,[O-]c1c(Br)cccc1CN1CCN(Cc2cccc(F)c2)CC1,0
P3_04839,Oc1ccc(F)c(CN2CCN(Cc3cccc(F)c3)CC2)c1F,0
P3_04840,COc1c(O)cccc1CN1CCN(Cc2cccc(F)c2)CC1,0
P3_04841,Fc1cccc(CN2CCN(Cc3cc(F)ccc3F)CC2)c1,1
P3_04842,Oc1c(F)cc(CN2CCN(Cc3cccc(F)c3)CC2)cc1F,0
P3_04843,Fc1cccc(CN2CCN(Cc3ccc(F)cc3F)CC2)c1,0
P3_04844,Oc1cc(F)cc(CN2CCN(Cc3cccc(F)c3)CC2)c1,0
P3_04845,Fc1cccc(CN2CCN(Cc3ccccc3F)CC2)c1,1
P3_04846,O=C(c1cc(Br)ccc1F)N1CCN(Cc2cccc(F)c2)CC1,0
P3_04847,O=C(c1ccc(Br)cc1F)N1CCN(Cc2cccc(F)c2)CC1,0
P3_04848,Cc1ccc(CN2CCN(Cc3cccc(F)c3)CC2)cc1O,0
P3_04849,Oc1cc(CN2CCN(Cc3cccc(Br)c3)CC2)ccc1F,1
P3_04850,Fc1cccc(CN2CCN(Cc3cc(F)cc(F)c3)CC2)c1,0
P3_04851,Fc1cccc(CN2CCN(Cc3ccccc3)CC2)c1,0
P3_04852,[O-]c1c(Br)cc(F)cc1CN1CCN(Cc2cccc(F)c2)CC1,0
P3_04853,Cc1ccc(Br)cc1CN1CCN(Cc2cccc(O)c2)CC1,1
P3_04854,Oc1cccc(CN2CCN(Cc3ccc(F)cc3Br)CC2)c1,0
P3_04855,Oc1cccc(CN2CCN(Cc3cc(F)ccc3Br)CC2)c1,0
P3_04856,Cc1ccc(O)cc1CN1CCN(Cc2cccc(F)c2)CC1,1
P3_04857,Oc1cc(F)cc(CN2CCN(Cc3cc(Br)ccc3F)CC2)c1,0
P3_04858,Oc1ccc(CN2CCN(Cc3cccc(F)c3)CC2)c(Cl)c1,1
P3_04859,Oc1ccc(F)c(CN2CCN(Cc3cccc(Br)c3)CC2)c1,0
P3_04860,Nc1ccc(Br)cc1CN1CCN(Cc2cccc(O)c2)CC1,0
P3_04861,Oc1ccc(CN2CCN(Cc3cccc(Br)c3)CC2)c(F)c1,0
P3_04862,Nc1cccc(CN2CCN(Cc3cc(Br)ccc3F)CC2)c1,0
P3_04863,Fc1ccc(Br)cc1CN1CCN(Cc2ccccc2)CC1,1
P3_04864,Fc1cccc(CN2CCN(Cc3cccc(F)c3F)CC2)c1,0
P3_04865,Oc1ccc(F)c(CN2CCN(Cc3cccc(Br)c3)CC2)c1F,0
P3_04866,Oc1c(F)ccc(CN2CCN(Cc3cccc(Br)c3)CC2)c1F,0
P3_04867,Fc1ccc(CN2CCN(Cc3cccc(F)c3)CC2)cc1,0
P3_04868,Oc1cccc(CN2CCN(Cc3cc(Br)cc(F)c3F)CC2)c1,0
P3_04869,Nc1c(CN2CCN(Cc3cccc(F)c3)CC2)ccc(Br)c1F,0
P3_04870,Fc1ccc(CN2CCN(Cc3cccc(Br)c3)CC2)cc1,0
P3_04871,Cc1cc(Br)ccc1C(=O)N1CCN(Cc2cccc(F)c2)CC1,0
P3_04872,Cc1ccc(Br)cc1C(=O)N1CCN(Cc2cccc(F)c2)CC1,0
P3_04873,Fc1ccccc1CN1CCN(Cc2cccc(Br)c2)CC1,1
P3_04874,Cc1cc(CN2CCN(Cc3cccc(F)c3)CC2)cc(C)c1O,0
P3_04875,Oc1c(F)cc(CN2CCN(Cc3cccc(Br)c3)CC2)cc1F,0
P3_04876,Fc1cccc(CN2CCN(Cc3cc(F)cc(F)c3F)CC2)c1,0
P3_04877,Cc1ccccc1CN1CCN(Cc2cccc(F)c2)CC1,0
P3_04878,Oc1cc(F)c(CN2CCN(Cc3cccc(F)c3)CC2)c(F)c1,0
P3_04879,Oc1cc(CN2CCN(Cc3cccc(Br)c3)CC2)cc(F)c1F,0
P3_04880,Oc1cccc(CN2CCN(Cc3cc(Br)ccc3F)CC2)c1F,1
P3_04881,O=C(c1cc(F)ccc1O)N1CCN(Cc2cccc(F)c2)CC1,0
P3_04882,Cc1c(F)cccc1CN1CCN(Cc2cccc(F)c2)CC1,1
P3_04883,[O-]c1cc(F)c(F)cc1CN1CCN(Cc2cccc(F)c2)CC1,0
P3_04884,Cc1cc(CN2CCN(Cc3cccc(Br)c3)CC2)ccc1O,0
P3_04885,Fc1cccc(CN2CCN(Cc3cccc(Cl)c3F)CC2)c1,0
P3_04886,Oc1ccc(CN2CCN(Cc3cc(Br)ccc3F)CC2)cc1,0
P3_04887,Nc1c(F)cccc1CN1CCN(Cc2cccc(F)c2)CC1,1
P3_04888,Cc1cc(Br)ccc1CN1CCN(Cc2cccc(O)c2)CC1,0
P3_04889,N#Cc1ccc(Br)c(CN2CCN(Cc3cccc(F)c3)CC2)c1,0
P3_04890,COc1ccc(Br)cc1CN1CCN(Cc2cccc(O)c2)CC1,1
P3_04891,COc1ccc(Br)c(CN2CCN(Cc3cccc(F)c3)CC2)c1,0
P3_04892,N#Cc1ccc(F)cc1CN1CCN(Cc2cccc(Br)c2)CC1,0
P3_04893,N#Cc1ccc(CN2CCN(Cc3cccc(F)c3)CC2)c(Br)c1,0
P3_04894,Cc1c(O)cccc1CN1CCN(Cc2cccc(F)c2)CC1,1
P3_04895,OCc1ccc(CN2CCN(Cc3cccc(F)c3)CC2)cc1,0
P3_04896,Cc1c(O)cccc1CN1CCN(Cc2cccc(Br)c2)CC1,0
P3_04897,Oc1cccc(CN2CCN(Cc3cccc(Br)c3)CC2)c1,0
P3_04898,OCCc1ccc(CN2CCN(Cc3cccc(F)c3)CC2)cc1,0
P3_04899,Oc1cccc(CN2CCN(Cc3ccc(F)cc3F)CC2)c1,0
P3_04900,Cc1cc(O)cc(CN2CCN(Cc3cccc(F)c3)CC2)c1,0
P3_04901,COc1ccc(F)cc1CN1CCN(Cc2cccc(F)c2)CC1,0
P3_04902,Oc1cccc(CN2CCN(Cc3cc(F)ccc3F)CC2)c1,1
P3_04903,Oc1cccc(CN2CCN(Cc3cc(F)cc(F)c3)CC2)c1,0
P3_04904,Oc1cccc(CN2CCN(Cc3ccc(Br)cc3)CC2)c1,0
P3_04905,COc1ccccc1CN1CCN(Cc2cccc(F)c2)CC1,0
P3_04906,COc1cc(F)ccc1CN1CCN(Cc2cccc(F)c2)CC1,0
P3_04907,Oc1cccc(CN2CCN(Cc3cccc(F)c3Br)CC2)c1,0
P3_04908,CN(C)c1ccccc1CN1CCN(Cc2cccc(F)c2)CC1,1
P3_04909,Oc1cccc(CN2CCN(Cc3cc(O)cc(F)c3)CC2)c1,0
P3_04910,Oc1cccc(CN2CCN(Cc3cccc(O)c3Br)CC2)c1,1
P3_04911,Cc1cc(F)ccc1CN1CCN(Cc2cccc(O)c2)CC1,1
P3_04912,Cc1ccc(O)cc1CN1CCN(Cc2cccc(Br)c2)CC1,1
P3_04913,Oc1cccc(CN2CCN(Cc3ccc(F)cc3Cl)CC2)c1,1
P3_04914,Nc1ccc(Cl)cc1CN1CCN(Cc2cccc(F)c2)CC1,1
P3_04915,COc1c(F)cccc1CN1CCN(Cc2cccc(F)c2)CC1,0
P3_04916,Cc1ccc(F)cc1CN1CCN(Cc2cccc(O)c2)CC1,0
P3_04917,COc1cc(O)cc(CN2CCN(Cc3cccc(F)c3)CC2)c1,0
P3_04918,Oc1cccc(CN2CCN(Cc3ccccc3F)CC2)c1,1
P3_04919,COc1ccc(Br)cc1CN1CCN(Cc2cccc(C)c2)CC1,0
P3_04920,COc1ccc(C)cc1CN1CCN(Cc2cccc(F)c2)CC1,0
P3_04921,Oc1cccc(CN2CCN(Cc3ccccc3Br)CC2)c1,1
P3_04922,Oc1cccc(CN2CCN(Cc3cc(O)ccc3Br)CC2)c1,0
P3_04923,COc1ccc(F)cc1CN1CCN(Cc2cccc(O)c2)CC1,1
P3_04924,COc1cccc(CN2CCN(Cc3cc(Br)ccc3OC)CC2)c1,0
P3_04925,COc1ccc(Br)cc1CN1CCN(Cc2ccc(F)cc2)CC1,0
P3_04926,Oc1ccc(F)c(CN2CCN(Cc3ccc(Br)cc3)CC2)c1,0
P3_04927,Cc1ccc(Br)cc1CN1CCN(Cc2ccc(O)cc2)CC1,1
P3_04928,COc1ccc(Br)cc1CN1CCN(Cc2ccccc2)CC1,1
P3_04929,Cc1cc(O)cc(CN2CCN(Cc3cccc(Br)c3)CC2)c1,0
P3_04930,Oc1cccc(CN2CCN(Cc3cccc(O)c3)CC2)c1,0
P3_04931,Cc1c(Br)cccc1CN1CCN(Cc2cccc(O)c2)CC1,0
P3_04932,Oc1cc(Br)cc(CN2CCN(Cc3ccccc3F)CC2)c1,1
P3_04933,COc1ccc(F)cc1CN1CCN(Cc2ccc(Br)cc2)CC1,0
P3_04934,Oc1ccc(CN2CCN(Cc3ccccc3F)CC2)cc1Cl,1
P3_04935,Oc1cc(F)cc(CN2CCN(Cc3ccccc3)CC2)c1,1
P3_04936,Cc1ccc(F)cc1CN1CCN(Cc2cccc(Cl)c2)CC1,1
P3_04937,Cc1ccc(F)c(CN2CCN(Cc3cccc(O)c3)CC2)c1,1
P3_04938,Nc1ccc(F)cc1CN1CCN(Cc2cccc(Cl)c2)CC1,1
P3_04939,Cc1ccc(CN2CCN(Cc3cccc(O)c3)CC2)c(Br)c1,0
P3_04940,Cc1ccc(CN2CCN(Cc3ccc(F)cc3F)CC2)cc1O,0
P3_04941,Cc1ccc(CN2CCN(Cc3cccc(O)c3)CC2)c(F)c1,1
P3_04942,COc1cc(C)cc(CN2CCN(Cc3cccc(F)c3)CC2)c1,0
P3_04943,Oc1ccc(Br)c(CN2CCN(Cc3ccc(F)cc3)CC2)c1,0
P3_04944,COc1cc(F)cc(CN2CCN(Cc3cccc(O)c3)CC2)c1,0
P3_04945,COc1cccc(CN2CCN(Cc3cc(O)cc(F)c3)CC2)c1,0
P3_04946,COc1cccc(CN2CCN(Cc3cc(F)ccc3OC)CC2)c1,0
P3_04947,COc1ccc(F)cc1CN1CCN(Cc2cccc(C)c2)CC1,0
P3_04948,Oc1cc(Br)cc(CN2CCN(Cc3c(F)cccc3F)CC2)c1,1
P3_04949,Oc1cc(Br)cc(CN2CCN(Cc3ccc(F)cc3)CC2)c1,0
P3_04950,Cc1ccc(F)cc1CN1CCN(Cc2ccccc2)CC1,1
P3_04951,Oc1ccc(CN2CCN(Cc3ccccc3)CC2)cc1Cl,1
P3_04952,Cc1ccc(CN2CCN(Cc3ccc(F)cc3Cl)CC2)cc1O,1
P3_04953,COc1c(Br)cccc1CN1CCN(Cc2cccc(O)c2)CC1,0
P3_04954,COc1ccccc1CN1CCN(Cc2cc(F)cc(Br)c2)CC1,0
P3_04955,COc1ccc(F)cc1CN1CCN(Cc2cccc(N)c2)CC1,0
P3_04956,Cc1c(O)cccc1CN1CCN(Cc2cccc(Cl)c2)CC1,1
P3_04957,Brc1ccc(CN2CCN(Cc3ccccc3)CC2)cc1,1
P3_04958,Oc1ccc(CN2CCN(Cc3ccc(F)cc3Cl)CC2)cc1,1
P3_04959,Oc1cccc(CN2CCN(Cc3cc(O)ccc3Cl)CC2)c1,1
P3_04960,Oc1cccc(CN2CCN(Cc3ccccc3Cl)CC2)c1,0
P3_04961,Cc1ccccc1CN1CCN(Cc2cccc(O)c2)CC1,0
P3_04962,Oc1cccc(CN2CCN(Cc3ccc(CF)cc3)CC2)c1,0
P3_04963,COc1ccc(Br)c(CN2CCN(Cc3cccc(O)c3)CC2)c1,0
P3_04964,COc1ccc(Br)cc1CN1CCN(Cc2ccccc2F)CC1,0
P3_04965,Cc1ccc(F)cc1CN1CCN(Cc2ccc(O)cc2)CC1,0
P3_04966,COc1ccc(F)cc1CN1CCN(Cc2ccccc2)CC1,1
P3_04967,Cc1ccc(O)cc1CN1CCN(Cc2ccc(Br)cc2)CC1,0
P3_04968,COc1ccc(F)cc1CN1CCN(Cc2cc(O)cc(F)c2)CC1,1
P3_04969,CCOc1ccc(CN2CCN(Cc3cccc(Br)c3)CC2)cc1,0
P3_04970,CN(C)c1ccc(F)cc1CN1CCN(Cc2ccccc2)CC1,1
P3_04971,COc1ccccc1CN1CCN(Cc2cc(O)cc(F)c2)CC1,0
P3_04972,Cc1ccc(F)cc1CN1CCN(Cc2cccc(F)c2)CC1,0
P3_04973,Nc1ccccc1CN1CCN(Cc2cccc(F)c2)CC1,0
P3_04974,Nc1ccc(F)cc1CN1CCN(Cc2cccc(F)c2)CC1,0
P3_04975,Nc1cc(F)c(F)cc1CN1CCN(Cc2cccc(F)c2)CC1,0
P3_04976,Oc1cccc(CN2CCN(Cc3ccc(O)c(F)c3F)CC2)c1,0
P3_04977,N#Cc1ccc(F)cc1CN1CCN(Cc2cccc(F)c2)CC1,1
P3_04978,[O-]c1cc(F)c(F)cc1CN1CCN(Cc2cccc(Br)c2)CC1,0
P3_04979,Nc1cc(F)c(F)cc1CN1CCN(Cc2cccc(Br)c2)CC1,0
P3_04980,O=[N+]([O-])c1ccc(O)cc1CN1CCN(Cc2cccc(F)c2)CC1,1
P3_04981,Oc1cccc(CN2CCN(Cc3cccc(O)c3F)CC2)c1,0
P3_04982,Nc1ccc(F)cc1CN1CCN(Cc2cccc(O)c2)CC1,0
P3_04983,Oc1cccc(CN2CCN(Cc3ccc(F)c(F)c3Br)CC2)c1,1
P3_04984,Oc1cccc(CN2CCN(Cc3cc(F)ccc3Cl)CC2)c1,1
P3_04985,Oc1cccc(CN2CCN(Cc3ccc(Br)c(F)c3F)CC2)c1,0
P3_04986,Cc1cccc(CN2CCN(Cc3ccc(O)c(F)c3F)CC2)c1,0
P3_04987,Nc1ccc(Br)cc1CN1CCN(Cc2ccccc2)CC1,1
P3_04988,O=[N+]([O-])c1ccc(F)cc1CN1CCN(Cc2cccc(F)c2)CC1,1
P3_04989,Clc1ccccc1CN1CCN(Cc2cccc(Br)c2)CC1,0
P3_04990,COc1ccc(OC)c(CN2CCN(Cc3cccc(F)c3)CC2)c1,0
P3_04991,CN(C)c1ccc(F)cc1CN1CCN(Cc2cccc(O)c2)CC1,1
P3_04992,N#Cc1ccc(F)c(CN2CCN(Cc3cccc(Br)c3)CC2)c1,0
P3_04993,N#Cc1ccc(F)cc1CN1CCN(Cc2cccc(O)c2)CC1,1
P3_04994,N#Cc1ccc(Br)cc1CN1CCN(Cc2ccc(F)cc2)CC1,0
P3_04995,Oc1cccc(CN2CCN(Cc3ccc(F)c(Br)c3)CC2)c1,0
P3_04996,Oc1cccc(CN2CCN(Cc3cccc(F)c3F)CC2)c1,0
P3_04997,Oc1cccc(CN2CCN(Cc3ccc(Br)c(F)c3)CC2)c1,0
P3_04998,Nc1ccc(Br)cc1CN1CCN(Cc2ccc(O)cc2)CC1,1
P3_04999,[O-]c1c(F)cc(F)cc1CN1CCN(Cc2cccc(O)c2)CC1,1
P3_05000,Nc1ccc(F)cc1CN1CCN(Cc2cc(Br)ccc2F)CC1,0
P3_05001,Nc1ccc(Br)cc1CN1CCN(Cc2cc(F)ccc2F)CC1,0
P3_05002,Cc1cccc(CN2CCN(Cc3cc(F)ccc3F)CC2)c1,0
P3_05003,COc1ccc(F)cc1CN1CCN(Cc2ccc(O)c(F)c2)CC1,1
P3_05004,Cc1ccc(F)cc1CN1CCN(Cc2ccc(O)c(Cl)c2)CC1,1
P3_05005,Cc1ccccc1CN1CCN(Cc2ccc(O)c(F)c2)CC1,1
P3_05006,Nc1c(F)cccc1CN1CCN(Cc2cccc(O)c2)CC1,0
P3_05007,COc1ccccc1CN1CCN(Cc2cccc(Br)c2)CC1,0
P3_05008,Fc1ccc(F)c(CN2CCN(Cc3ccccc3)CC2)c1,1
P3_05009,COc1ccc(C#N)cc1CN1CCN(Cc2cccc(F)c2)CC1,0
P3_05010,Nc1c(F)cccc1CN1CCN(Cc2ccc(O)c(Cl)c2)CC1,1
P3_05011,Cc1c(F)cccc1CN1CCN(Cc2ccc(O)c(Cl)c2)CC1,1
P3_05012,Oc1cccc(CN2CCN(Cc3ccc(Cl)c(F)c3F)CC2)c1,0
P3_05013,Fc1c(Br)cccc1CN1CCN(Cc2ccccc2)CC1,1
P3_05014,Oc1cccc(CN2CCN(Cc3cc(F)cc(Br)c3)CC2)c1,0
P3_05015,Oc1ccc(CN2CCN(Cc3ccc(Br)cc3)CC2)cc1F,1
P3_05016,Oc1cccc(CN2CCN(Cc3ccc(Br)cc3)CC2)c1F,1
P3_05017,Fc1cc(Br)ccc1CN1CCN(Cc2ccccc2)CC1,1
P3_05018,Oc1ccc(CN2CCN(Cc3ccc(Br)cc3)CC2)c(F)c1F,0
P3_05019,Oc1cc(CN2CCN(Cc3ccc(Br)cc3)CC2)ccc1F,1
P3_05020,Oc1cc(F)c(CN2CCN(Cc3ccc(Br)cc3)CC2)cc1F,1
P3_05021,Oc1cccc(CN2CCN(Cc3ccc(F)cc3)CC2)c1Br,1
P3_05022,Oc1cccc(CN2CCN(Cc3cc(F)c(Br)cc3F)CC2)c1,0
P3_05023,Oc1cc(F)cc(CN2CCN(Cc3ccc(Br)cc3)CC2)c1,0
P3_05024,Oc1cccc(CN2CCN(Cc3c(F)cc(Br)cc3F)CC2)c1,0
P3_05025,COc1c(O)cccc1CN1CCN(Cc2cc(Br)ccc2F)CC1,0
P3_05026,Oc1cc(CN2CCN(Cc3ccccc3F)CC2)ccc1Br,1
P3_05027,Oc1cc(Br)cc(CN2CCN(Cc3ccc(F)cc3F)CC2)c1,1
P3_05028,Oc1ccc(CN2CCN(Cc3ccc(Br)cc3)CC2)c(F)c1,0
P3_05029,Oc1ccc(CN2CCN(Cc3cc(F)ccc3Br)CC2)cc1,0
P3_05030,Oc1ccc(CN2CCN(Cc3ccc(Br)c(F)c3)CC2)cc1F,0
P3_05031,Oc1cc(CN2CCN(Cc3ccc(F)cc3)CC2)ccc1Br,1
P3_05032,Oc1ccc(CN2CCN(Cc3cc(Br)cc(F)c3F)CC2)cc1,1
P3_05033,Oc1cc(CN2CCN(Cc3c(F)cccc3F)CC2)ccc1Br,1
P3_05034,Oc1ccc(CN2CCN(Cc3cc(F)cc(Br)c3)CC2)cc1,0
P3_05035,Oc1cccc(CN2CCN(Cc3cccc(F)c3Cl)CC2)c1,1
P3_05036,Oc1cccc(CN2CCN(Cc3c(F)cccc3Br)CC2)c1,1
P3_05037,Oc1ccc(CN2CCN(Cc3ccc(F)cc3)CC2)cc1Cl,1
P3_05038,Oc1c(F)cc(CN2CCN(Cc3ccc(Br)cc3)CC2)cc1F,0
P3_05039,COC(=O)c1ccc(Br)cc1CN1CCN(Cc2ccccc2)CC1,1
P3_05040,Oc1cccc(CN2CCN(Cc3ccc(Cl)cc3F)CC2)c1,1
P3_05041,Oc1ccc(CN2CCN(Cc3cccc(F)c3Br)CC2)cc1,1
P3_05042,Oc1c(F)ccc(CN2CCN(Cc3ccc(Br)cc3)CC2)c1F,0
P3_05043,Oc1ccc(CN2CCN(Cc3cccc(Br)c3F)CC2)cc1,1
P3_05044,Oc1ccc(F)c(CN2CCN(Cc3ccc(Br)cc3)CC2)c1F,0
P3_05045,Oc1ccc(Br)c(CN2CCN(Cc3ccccc3)CC2)c1F,1
P3_05046,Oc1ccc(CN2CCN(Cc3ccc(F)cc3)CC2)c(F)c1F,0
P3_05047,Oc1cccc(CN2CCN(Cc3c(F)cccc3F)CC2)c1,0
P3_05048,Oc1cccc(CN2CCN(Cc3c(F)ccc(Br)c3F)CC2)c1,0
P3_05049,Oc1cccc(CN2CCN(Cc3ccccc3F)CC2)c1Br,0
P3_05050,Oc1cc(F)c(CN2CCN(Cc3ccc(F)cc3)CC2)cc1F,1
P3_05051,Oc1c(F)cc(CN2CCN(Cc3ccccc3F)CC2)cc1Br,1
P3_05052,Oc1cccc(CN2CCN(Cc3c(F)cccc3F)CC2)c1Br,0
P3_05053,CCOc1cc(CNC(C)C(O)c2ccccc2)cc(Cl)c1OC,1
P3_05054,CCOc1cc(CNC(C)C(O)c2ccccc2)cc(Cl)c1O,1
P3_05055,CCCOc1c(Cl)cc(CNC(C)C(O)c2ccccc2)cc1OC,1
P3_05056,CCOc1c(OC)cc(CNC(C)C(O)c2ccccc2)cc1OC,1
P3_05057,CCOc1cc(CNC(C)C(O)c2cccc(Cl)c2)cc(Cl)c1OC,1
P3_05058,CCOc1c(Cl)cc(CNC(C)C(O)c2cccc(Cl)c2)cc1OC,1
P3_05059,COc1cc(CNC(C)C(O)c2ccccc2)cc(Cl)c1OC,1
P3_05060,CCOc1cc(CNC(C)C(O)c2ccc(C)cc2)cc(Cl)c1OC,1
P3_05061,CCOc1cc(CNC(C)C(O)c2ccccc2)cc(Br)c1OC,1
P3_05062,CCOc1cc(CNC(C)C(O)c2cccc(F)c2)cc(Cl)c1OC,1
P3_05063,CCOc1c(Cl)cc(CNC(C)C(O)c2cccc(F)c2)cc1OC,1
P3_05064,CCOc1ccc(CNC(C)C(O)c2ccccc2)cc1OCC,1
P3_05065,COc1cc(CNC(C)C(O)c2ccccc2)cc(Cl)c1OC(C)C,1
P3_05066,C=CCOc1c(Cl)cc(CNC(C)C(O)c2ccccc2)cc1OC,1
P3_05067,CCOc1c(Cl)cc(CNC(C)C(OC)c2ccccc2)cc1OC,1
P3_05068,CCOc1cc(CNC(C)C(O)c2ccccc2)ccc1O,1
P3_05069,CCOc1cc(CNC(C)C(O)c2ccc(Cl)cc2)cc(Cl)c1O,1
P3_05070,COc1cc(CNC(C)C(O)c2ccccc2)cc(Cl)c1OC(F)F,1
P3_05071,COc1cc(CNC(C)C(O)c2ccccc2)cc(Cl)c1O,1
P3_05072,CCOc1ccc(CNC(C)C(O)c2ccccc2)cc1OC,1
P3_05073,CCOc1cc(CNC(C)C(O)c2ccccc2)ccc1OC,1
P3_05074,CCOc1cc(CNC(C)C(O)c2ccc(C)cc2)cc(Cl)c1O,1
P3_05075,CCOc1c(OC)cc(CNC(C)C(O)c2cccc(Cl)c2)cc1OC,1
P3_05076,CCOc1cc(CNC(C)C(O)c2ccc(F)cc2)cc(Cl)c1O,1
P3_05077,CCOc1cc(CNC(C)C(O)c2cccc(F)c2)cc(Cl)c1O,1
P3_05078,CCCOc1ccc(CNC(C)C(O)c2ccccc2)cc1OCC,1
P3_05079,CCOc1cc(CNC(C)C(O)c2ccc(OC)cc2)cc(Cl)c1O,1
P3_05080,COc1cc(CNC(C)C(O)c2ccccc2)cc(OC)c1OC,1
P3_05081,CCOc1cc(CNC(C)C(O)c2ccccc2)ccc1OC(F)F,1
P3_05082,COc1ccc(CNC(C)C(O)c2ccccc2)cc1Cl,1
P3_05083,COc1cc(CNC(C)C(O)c2ccccc2)ccc1Cl,1
P3_05084,CCOc1cc(CNC(C)C(O)c2ccccc2)ccc1OC(=O)CC,1
P3_05085,CCOc1ccc(CNC(C)C(O)c2cccc(Cl)c2)cc1OCC,1
P3_05086,CCOc1ccc(CNC(C)C(O)c2ccccc2)cc1,1
P3_05087,CCOc1cc(CNC(C)C(O)c2ccccc2)ccc1OCC(F)(F)F,1
P3_05088,CCCOc1c(Cl)cc(CNC(C)C(O)c2cccc(F)c2)cc1OC,1
P3_05089,COc1cc(CNC(C)C(O)c2cccc(Cl)c2)cc(Cl)c1OC,1
P3_05090,COc1cc(CNC(C)C(O)c2ccccc2)cc(OC)c1C,1
P3_05091,COc1cc(CNC(C)C(O)c2ccccc2)cc(OC)c1O,1
P3_05092,CCOc1cc(CNC(C)C(O)c2ccc(Cl)cc2)ccc1O,1
P3_05093,COc1cc(CNC(C)C(O)c2ccc(C)cc2)cc(Cl)c1OC,1
P3_05094,CCOc1c(OC)cc(CNC(C(C)C)C(O)c2ccccc2)cc1OC,1
P3_05095,CCOc1cc(CNC(C)C(O)c2cccc(Cl)c2)ccc1O,1
P3_05096,COc1cc(CNC(C)C(O)c2cccc(F)c2)cc(Cl)c1OC,1
P3_05097,CCOc1ccc(CNC(C)C(O)c2cccc(Cl)c2)cc1OC,1
P3_05098,CCOc1cc(CNC(C)C(O)c2cccc(Cl)c2)ccc1OC,1
P3_05099,CCOc1cccc(CNC(C)C(O)c2ccccc2)c1OC,1
P3_05100,COc1cc(CNC(C)C(O)c2ccccc2)cc(I)c1OC,1
P3_05101,COc1ccc(CNC(C)C(O)c2ccccc2)cc1OC,1
P3_05102,COc1c(C)cc(CNC(C)C(O)c2ccccc2)cc1C,1
P3_05103,COc1cc(Cl)cc(CNC(C)C(O)c2ccccc2)c1,1
P3_05104,CCOc1ccc(CNC(C)C(O)c2ccc(C)cc2)cc1OCC,1
P3_05105,COc1cc(CNC(C)C(O)c2ccccc2)cc(OC)c1,1
P3_05106,CCOc1c(OC)cc(CNC(C)C(N)c2ccccc2)cc1OC,1
P3_05107,CCOc1cc(C(=O)N[C@H](C)[C@H](O)c2ccccc2)cc(OCC)c1OCC,1
P3_05108,CCOc1cc(C(=O)N[C@@H](C)[C@H](O)c2ccccc2)cc(OCC)c1OCC,1
P3_05109,CCOc1cc(C(=O)N[C@H](C)[C@@H](O)c2ccccc2)cc(OCC)c1OCC,1
P3_05110,CCOc1ccc(CNC(C(C)C)C(O)c2ccccc2)cc1OCC,1
P3_05111,CCOc1cc(C(=O)N[C@@H](C)[C@@H](O)c2ccccc2)cc(OCC)c1OCC,1
P3_05112,CCOc1c(OC)cc(CNC(C)C(OC)c2ccccc2)cc1OC,1
P3_05113,CCOc1cc(CNC(C)C(O)c2c(Cl)cccc2Cl)ccc1OC,1
P3_05114,CCOc1ccc(CNC(C)C(O)c2c(Cl)cccc2Cl)cc1OC,1
P3_05115,CCOc1ccc(CNC(C)C(O)c2cccc(F)c2)cc1OCC,1
P3_05116,CCOc1ccc(CNC(C)C(O)c2cccc(Cl)c2)cc1F,1
P3_05117,CCOc1c(Cl)cc(CN[C@H](Cc2ccccc2)[C@H](C)[NH3+])cc1OC,1
P3_05118,CCOc1c(Cl)cc(CN[C@H](Cc2ccccc2)[C@@H](C)[NH3+])cc1OC,1
P3_05119,CCOc1c(Cl)cc(CN[C@@H](Cc2ccccc2)[C@H](C)[NH3+])cc1OC,1
P3_05120,CCOc1c(Cl)cc(CN[C@@H](Cc2ccccc2)[C@@H](C)[NH3+])cc1OC,1
P3_05121,COc1cc(CNC(C)C(O)c2ccccc2)ccc1C,1
P3_05122,COc1cc(Cl)c(CNC(C)C(O)c2ccccc2)cc1OC,1
P3_05123,CCOc1ccc(CNC(C)C(O)c2cccc(Cl)c2)cc1,1
P3_05124,COc1cc(CNC(C)C(N)c2ccccc2)cc(Cl)c1OC,1
P3_05125,COc1cc(CNC(C)C(O)c2cccc(Cl)c2)cc(OC)c1OC,1
P3_05126,CCOc1cc(CNC(C)C(O)c2ccc(C)cc2)ccc1O,1
P3_05127,CCOc1c(Cl)cc(CNC[C@H]([NH3+])c2ccccc2)cc1OC,1
P3_05128,CCOc1cc(CNC[C@@H]([NH3+])c2ccccc2)cc(Cl)c1OC,1
P3_05129,CCOc1cc(CNC[C@H]([NH3+])c2ccccc2)cc(Cl)c1OC,1
P3_05130,CCOc1c(Cl)cc(CNC[C@@H]([NH3+])c2ccccc2)cc1OC,1
P3_05131,COc1cc(CNC(C)C(O)c2ccccc2)cc(OC)c1OCC(F)F,1
P3_05132,COc1cc(CNC(C)C(O)c2cccc(Cl)c2)cc(OC)c1O,1
P3_05133,CCOc1cc(CNC(C)C(OC)c2ccccc2)ccc1O,1
P3_05134,CCOc1cc(CNC(C)C(c2ccccc2)N(C)C)ccc1O,1
P3_05135,COc1cc(CNC(C)C(O)c2cccc(F)c2)cc(OC)c1OC,1
P3_05136,COC(=O)c1cc(CNC(C)C(O)c2ccccc2)cc(OC)c1,1
P3_05137,COc1cc(CNC(C)C(O)c2c(F)cccc2Cl)cc(OC)c1OC,1
P3_05138,COc1cc(CNC(C)C(O)c2cccc(F)c2)cc(OC)c1O,1
P3_05139,COc1cc(CNC(C)C(O)c2cccc(F)c2)cc(OC)c1C,1
P3_05140,COc1cc(Br)c(CN[C@H](C)[C@@H](O)c2ccccc2)cc1OC,1
P3_05141,COc1cc(Br)c(CN[C@H](C)[C@H](O)c2ccccc2)cc1OC,1
P3_05142,COc1cc(Br)c(CN[C@@H](C)[C@@H](O)c2ccccc2)cc1OC,1
P3_05143,COc1cc(Br)c(CN[C@@H](C)[C@H](O)c2ccccc2)cc1OC,1
P3_05144,COc1cc(CNC(C)C(O)c2cccc(Cl)c2)ccc1SC,1
P3_05145,COc1ccc(CNC(C)C(O)c2ccccc2)c(F)c1OC,1
P3_05146,COc1cc(CNC(C)C(O)c2ccccc2)c(SC)cc1OC,1
P3_05147,COc1cc(CNC(C)C(OC)c2ccc(Cl)cc2)cc(Cl)c1OC,1
P3_05148,COc1cc(CNC(C)C(O)c2cccc(F)c2)cc(OC)c1,1
P3_05149,COc1cc(CNC(C)C(N)c2ccccc2)cc(OC)c1C,1
P3_05150,COc1cc(CNC(C)C(O)c2ccc(F)c(F)c2)cc(OC)c1O,1
P3_05151,COc1ccc(CNC(C)C(O)c2ccccc2)c(Br)c1O,1
P3_05152,CCOc1cc(CNC(C)C(OC)c2ccccc2F)ccc1O,1
P3_05153,COc1cc(CNC(C)C(OC)c2ccccc2)cc(Br)c1O,1
P3_05154,COc1cc(CNC(C)C(O)c2c(F)cccc2F)cc(OC)c1O,1
P3_05155,CCOc1ccc(C(NCC(O)c2ccccc2)C(C)C)cc1OCC,1
P3_05156,CCOc1ccc(C(NC[C@@H](O)c2ccccc2)C(C)C)cc1OCC,1
P3_05157,COc1cc(CNC(C)C(OC)c2ccccc2)ccc1OCCO,1
P3_05158,COc1cc(CNC(C)C(N)c2ccccc2)cc(OC)c1,1
P3_05159,COc1cc(CNC(C)C(N)c2ccccc2)ccc1C,1
P3_05160,Cc1cc(C)cc(CNC(C)C(N)c2ccccc2)c1,1
P3_05161,COc1cc(O)cc(CNC(C)C(OC)c2ccccc2Cl)c1,1
P3_05162,C=CCc1cc(CNC(C)C(N)c2ccccc2)cc(OC)c1O,1
P3_05163,CCOCc1cc(CNC(C)C(N)c2ccccc2)ccc1OC,1
P3_05164,COc1ccc(CNC(C)C(O)c2cccc(F)c2)c(F)c1OC,1
P3_05165,COc1cc(CNC(C)(C)C(O)c2ccccc2)cc(OC)c1OC,1
P3_05166,CCOC(CNC(C)c1cc(OC)c(OC)cc1Cl)c1ccccc1,1
P3_05167,COc1cc(F)cc(CNC(C)C(O)c2cc(OC)ccc2OC)c1,0
P3_05168,COc1ccc(CNC(C)C(N)c2ccccc2)c(Cl)c1,1
P3_05169,COc1cc(Br)c(CN[C@@H](C)[C@@H](O)c2ccc(C)cc2)cc1OC,1
P3_05170,COc1cc(Br)c(CN[C@H](C)[C@H](O)c2ccc(C)cc2)cc1OC,1
P3_05171,COc1cc(Br)c(CN[C@H](C)[C@@H](O)c2ccc(C)cc2)cc1OC,1
P3_05172,COc1cc(Br)c(CN[C@@H](C)[C@H](O)c2ccc(C)cc2)cc1OC,1
P3_05173,COc1cc(Br)c(CN[C@H](C)[C@@H](O)c2cccc(F)c2)cc1OC,1
P3_05174,COc1cc(Br)c(CN[C@@H](C)[C@H](O)c2cccc(F)c2)cc1OC,1
P3_05175,COc1cc(Br)c(CN[C@@H](C)[C@@H](O)c2cccc(F)c2)cc1OC,1
P3_05176,COc1cc(Br)c(CN[C@H](C)[C@H](O)c2cccc(F)c2)cc1OC,1
P3_05177,Cc1ccc(CNC(C)C(N)c2ccccc2)cc1O,1
P3_05178,COc1ccc(CNC(C)C(O)c2ccc(F)cc2)c(F)c1OC,1
P3_05179,COc1ccc(CNC(C)C(N)c2ccccc2)c(Cl)c1OC,1
P3_05180,COc1cc(CN[C@H](Cc2ccccc2)[C@@H](C)[NH3+])cc(OC)c1OC,1
P3_05181,COc1cc(CN[C@H](Cc2ccccc2)[C@H](C)[NH3+])cc(OC)c1OC,1
P3_05182,COc1cc(CN[C@@H](Cc2ccccc2)[C@@H](C)[NH3+])cc(OC)c1OC,1
P3_05183,COc1cc(CN[C@@H](Cc2ccccc2)[C@H](C)[NH3+])cc(OC)c1OC,1
P3_05184,COCCOc1cccc(CNC(C)C(N)c2ccccc2)c1,1
P3_05185,COc1ccc(CNC(C)C(O)c2ccc(C)cc2)c(F)c1OC,1
P3_05186,COc1cc(CNC(C)C(O)c2cccc(F)c2)c(SC)cc1OC,1
P3_05187,C=CCOc1cccc(CNC(C)C(N)c2ccccc2)c1,1
P3_05188,COCCCOc1cccc(CNC(C)C(N)c2ccccc2)c1,1
P3_05189,COc1ccc(CNC(C)C(O)c2cccc(F)c2)c(Br)c1O,1
P3_05190,Cc1cc(F)c(CNC(C)C(N)c2ccccc2)c(Cl)c1,1
P3_05191,COc1cc(CNC(C)C(OC)c2ccccc2F)ccc1OCCO,1
P3_05192,COc1cc(O)cc(CNC(C)C(OC)c2ccc(Cl)cc2)c1,1
P3_05193,COc1cc(Br)c(CNC(C)C(OC)c2ccccc2)cc1OC,1
P3_05194,COc1cccc(CNC(C)C(OC)c2ccccc2)c1OC,1
P3_05195,COc1ccc(CNC(C)C(O)c2ccc(F)cc2)c(Br)c1O,1
P3_05196,COc1cc(Br)c(CNC(C)C(N)c2ccccc2)cc1O,1
P3_05197,COc1ccc(OC)c(CNC(C)C(N)c2ccccc2)c1,1
P3_05198,COc1cc(O)cc(CNC(C)C(OC)c2ccccc2F)c1,1
P3_05199,COCCOc1ccc(CNC(C)C(OC)c2ccccc2F)cc1O,1
P3_05200,COc1cc(Br)c(CNC(C)C(c2ccccc2)N(C)C)cc1O,1
P3_05201,CCOC(CNC(C)c1cc(OC)c(OC)cc1C)c1ccccc1,1
P3_05202,Cc1cc(C)c(CNC(C)C(N)c2ccccc2)c(C)c1,1
P3_05203,Cc1cc(C)c(CNC(C)C(N)c2ccccc2)cc1C,1
P3_05204,CCOC(CNC(C)c1cc(OC)c(OC)cc1F)c1ccccc1,1
P3_05205,COc1cc(C(C)NCC(O)c2cc(Cl)ccc2Cl)cc(OC)c1OC,1
P3_05206,COc1ccc(CNC(C)C(N)c2ccccc2)c(Br)c1O,1
P3_05207,COc1cc(CNC(C)(C)C(O)c2ccccc2)ccc1SC,1
P3_05208,COc1cccc(CNC(C)C(N)c2ccccc2)c1Br,1
P3_05209,Cc1ccc(CNC(C)C(N)c2ccccc2)c(C)c1,1
P3_05210,COc1ccc(CNC(C)C(c2ccccc2)N(C)C)c(Br)c1O,1
P3_05211,COc1ccc(I)c(CNC(C)C(N)c2ccccc2)c1,1
P3_05212,COc1ccc(Br)c(CNC(C)C(N)c2ccccc2)c1,1
P3_05213,CCOc1cc(CNC(C)C(O)c2ccccc2)ccc1OCC(C)C,1
P3_05214,CCOc1cc(CNC(C)C(O)c2ccc(F)c(F)c2)cc(Cl)c1O,1
P3_05215,CCOc1cc(CNC(C(C)C)C(O)c2ccccc2)ccc1OC,1
P3_05216,CCOc1cc(CNC(C)Cc2ccc(O)cc2)cc(Cl)c1OC,1
P3_05217,CCOc1cc(CNC(C)C(O)c2ccc(F)cc2)ccc1OCC(C)C,1
P3_05218,CCCOc1ccc(CNC(C)C(O)c2cccc(F)c2)cc1OCC,1
P3_05219,CCOc1cc(CNC(C)C(O)c2c(F)cccc2Cl)ccc1OC,1
P3_05220,CCOc1cc(CNC(C)Cc2cccc(OC)c2)cc(Cl)c1OC,1
P3_05221,CCOc1cc(CNC(C)Cc2c(F)cccc2F)cc(Cl)c1OC,1
P3_05222,CCOc1cc(CNC(C)Cc2cccc(F)c2)cc(Cl)c1OC,1
P3_05223,CCOc1c(Cl)cc(CNC(C)Cc2cccc(F)c2)cc1OC,1
P3_05224,COc1ccc(CNC(C)C(O)c2ccccc2)cc1OCCCC#N,1
P3_05225,CCOc1cc(CN[C@@H](CO)Cc2ccccc2)cc(Br)c1OCC,1
P3_05226,CCOc1cc(CN[C@H](CO)Cc2ccccc2)cc(Br)c1OCC,1
P3_05227,CCOc1cc(CNCCc2ccc(OC)cc2)cc(Cl)c1OCC,1
P3_05228,COc1cc(C(=O)NC(C)C(O)c2ccccc2)cc(Cl)c1OCC(C)C,1
P3_05229,COc1cc(CNC(C)C(OC)c2ccccc2F)cc(Cl)c1OC,1
P3_05230,CCOc1cc(CNC(C)C(O)c2cccc(F)c2)c(F)cc1OC,1
P3_05231,CCCOc1cc(CNC(C(C)C)C(O)c2ccccc2)ccc1OC,1
P3_05232,CCOc1cc(CNC(C)Cc2ccc(OC)c(OC)c2)cc(Cl)c1O,1
P3_05233,CCCOc1ccc(CNC(C)C(O)c2cccc(F)c2)cc1OC,1
P3_05234,CCOc1cccc(CNC(C)C(O)c2c(F)cccc2Cl)c1OC,1
P3_05235,CCCCOc1ccc(CNC(C)C(O)c2cccc(F)c2)cc1OC,1
P3_05236,CCOc1cc(CNC[C@H]([NH3+])c2ccccc2)cc(Br)c1OC,1
P3_05237,CCOc1cc(CNC[C@@H]([NH3+])c2ccccc2)cc(Br)c1OC,1
P3_05238,CCCOc1cc(CNC(C)C(O)c2c(F)cccc2Cl)ccc1OC,1
P3_05239,CCCOc1ccc(CNC(C)C(O)c2c(F)cccc2Cl)cc1OC,1
P3_05240,COc1ccc(CNC(C)C(O)c2cccc(F)c2)cc1OCCO,1
P3_05241,CCOc1ccc(CNC(C)C(C)c2ccc(OC)c(OC)c2)cc1OC,1
P3_05242,CCC(NCc1cc(OC)c(O)c(OC)c1)C(C)c1ccccc1,1
P3_05243,CCC(NCc1ccc(OCCO)c(OC)c1)C(O)c1ccccc1,1
P3_05244,CCOCc1cc(CNC(C)C(O)c2ccc(C)cc2)ccc1OC,1
P3_05245,CCOc1cc(CNC(C)C(O)c2ccc(F)c(F)c2)c(F)cc1OC,1
P3_05246,COc1cc(CNC(C)C(O)c2ccc(F)c(F)c2)cc(Br)c1OC,1
P3_05247,CCOc1c(Cl)cc(CNCCc2ccc(C)c(OC)c2)cc1OC,1
P3_05248,COc1cc(CNC(C)C(O)c2ccc(F)cc2)ccc1OCCC(C)C,1
P3_05249,CCOc1cccc(CNC(C)C(O)c2ccccc2)c1,1
P3_05250,CCOc1cc(CNC[C@@H](O)c2ccccc2)cc(Cl)c1OC,1
P3_05251,CCOc1cc(CNC[C@H](O)c2ccccc2)cc(Cl)c1OC,1
P3_05252,C=CCOc1ccc(CNC(C)C(O)c2ccccc2)cc1Cl,1
P3_05253,COc1cc(CNC(C)C(O)c2ccccc2)cc(Br)c1OC,1
P3_05254,Cc1cc(Cl)cc(CNC(C)C(O)c2ccccc2)c1,1
P3_05255,COc1cc(CNC(C)C(O)c2ccc(C)cc2)cc(Cl)c1OC(C)C,1
P3_05256,Cc1cc(C)cc(CNC(C)C(O)c2ccccc2)c1,1
P3_05257,CCCOc1ccc(CNC(C)C(O)c2ccccc2)cc1OC,1
P3_05258,CCCOc1cc(CNC(C)C(O)c2ccccc2)ccc1OC,1
P3_05259,COc1cc(CNC(C)C(O)c2cccc(F)c2)cc(Cl)c1OC(C)C,1
P3_05260,CCCCOc1ccc(CNC(C)C(O)c2ccccc2)cc1OC,1
P3_05261,CCCCOc1cc(CNC(C)C(O)c2ccccc2)ccc1OC,1
P3_05262,COc1cc(CNC(C)C(O)c2ccc(C)cc2)cc(Cl)c1OC(F)F,1
P3_05263,Cc1cc(CNC(C)C(O)c2ccccc2)cc(C)c1OC(F)F,1
P3_05264,CCOc1cc(CNC[C@H](O)c2ccccc2)cc(Cl)c1O,1
P3_05265,CCOc1cc(CNC[C@@H](O)c2ccccc2)cc(Cl)c1O,1
P3_05266,CCOc1cc(CNCC(O)c2ccccc2)cc(Cl)c1O,1
P3_05267,CCOc1cc(CNC(C)C(O)c2cccc(F)c2)ccc1O,1
P3_05268,CCCCOc1ccc(CNC(C)C(O)c2ccccc2)cc1,1
P3_05269,CCOc1ccc(CNC(C)C(O)c2ccccc2)c(C)c1,1
P3_05270,COc1cc(CNC(C)C(O)c2ccccc2)ccc1OCCO,1
P3_05271,CCOc1cc(CNC(C)C(O)c2ccc(OC)cc2)ccc1O,1
P3_05272,COc1ccc(CNC(C)C(O)c2ccccc2)cc1OCCO,1
P3_05273,CCOc1ccc(CNC(C)C(O)c2cccc(F)c2)cc1OC,1
P3_05274,COc1ccc(CNC(C)C(O)c2ccccc2)cc1O,1
P3_05275,COc1cc(CNC(C)C(O)c2ccccc2)c(Cl)cc1O,1
P3_05276,COc1cc(CNC(C)C(O)c2ccccc2)ccc1SC,1
P3_05277,COc1cc(CNC(C)C(O)c2ccccc2)ccc1OCCC(C)C,1
P3_05278,CCOCc1cc(CNC(C)C(O)c2ccccc2)ccc1OC,1
P3_05279,CCOc1ccc(CNC(C)C(O)c2cccc(F)c2)cc1F,1
P3_05280,CCOc1cc(CNCC(O)c2cccc(Cl)c2)cc(Cl)c1OC,1
P3_05281,CCOc1cc(CNC[C@@H](O)c2cccc(Cl)c2)cc(Cl)c1OC,1
P3_05282,C=C(C)COc1cc(CNC(C)C(O)c2ccccc2)ccc1OC,1
P3_05283,CCOc1cc(CNCC(O)c2cccc(C)c2)cc(Cl)c1OC,1
P3_05284,C=CCOc1ccc(CNC(C)C(O)c2ccccc2)cc1OC,1
P3_05285,CCOc1cc(CNC(C)C(O)c2ccc(C)cc2)ccc1OC(F)F,1
P3_05286,CCOc1cc(CNC(C)C(O)c2cccc(F)c2)ccc1OC(F)F,1
P3_05287,CCOc1cc(CNCC(O)c2cccc(OC)c2)cc(Cl)c1OC,1
P3_05288,COc1ccc(CNC(C)C(O)c2ccccc2)c(Cl)c1OC,1
P3_05289,CCNc1nc(NCCCC(F)(F)F)nc(NC(C)(C)C)n1,0
P3_05290,CCCNc1nc(NC(C)(C)C)nc(OC)n1,0
P3_05291,CCCCNc1nc(C(C)(C)C)nc(C(C)(C)C)n1,1
P3_05292,CCNc1nc(NCCC(C)(C)C)nc(NC(C)(C)C)n1,0
P3_05293,CCNc1nc(NCC(C)(C)C)nc(NC(C)(C)C)n1,0
P3_05294,CCNc1nc(NCC(C)(C)C(C)(C)C)nc(NC(C)(C)C)n1,0
P3_05295,CCNc1nc(NC(C)(C)C)nc(OC)n1,1
P3_05296,CCNc1nc(NCC(C)C)nc(NC(C)(C)C)n1,0
P3_05297,CC(C)(C)Nc1nc(NC(C)(C)C)nc(NC(C)(C)C)n1,0
P3_05298,CCNc1nc(NC(C)(C)C)nc(OCC)n1,0
P3_05299,CCN(CC)c1nc(NC(C)(C)C)nc(NC(C)(C)C)n1,0
P3_05300,CCOc1nc(NC(C)(C)C)nc(NC(C)(C)C)n1,0
P3_05301,CNc1nc(NC(C)(C)C)nc(NC(C)(C)C)n1,0
P3_05302,CN(C)c1nc(NC(C)(C)C)nc(NC(C)(C)C)n1,0
P3_05303,CCN(C)CCNc1ncnc(C(C)(C)C)n1,0
P3_05304,CCNc1nc(NC(C)C)nc(OC(C)C)n1,0
P3_05305,Cc1nc(NC(C)(C)CC(C)(C)C)nc(N(C)C)n1,0
P3_05306,Cc1nc(NC(C)(C)C(C)(C)C)nc(N(C)C)n1,0
P3_05307,CCCN(C)c1nc(NC)nc(N(C)CCC)n1,0
P3_05308,CCOc1nc(NC(C)C)nc(NC(C)C)n1,0
P3_05309,CC(C)c1nc(NC(C)(C)CCO)nc(N(C)C)n1,0
P3_05310,CC(C)Nc1nc(NC(C)C)nc(OCC(Cl)(Cl)Cl)n1,0
P3_05311,CCCN(C)c1nc(NCC)nc(NC(C)(C)C)n1,1
P3_05312,Cc1ccc2[nH]c(C)c(CC=C(Cl)Cl)c(=O)c2c1,1
P3_05313,Cc1[nH]c2ccc(Br)cc2c(=O)c1CC=C(Cl)Cl,0
P3_05314,Cc1[nH]c2c(C)cccc2c(=O)c1CC=C(Cl)Cl,1
P3_05315,Cc1c(CC=C(Cl)Cl)c(=O)[nH]c2ccccc12,1
P3_05316,COc1ccc2[nH]c(C)c(CC=C(Cl)Cl)c(=O)c2c1,1
P3_05317,Cc1[nH]c2ccccc2c(=O)c1CO,1
P3_05318,Cc1[nH]c2ccc(C(=O)[O-])cc2c(=O)c1CC=C(Cl)Cl,0
P3_05319,CC(=O)Nc1ccc2[nH]c(C)c(CC=C(Cl)Cl)c(=O)c2c1,1
P3_05320,C/C(Cl)=C\Cc1c(C)[nH]c2ccc(C)cc2c1=O,1
P3_05321,C/C(Cl)=C/Cc1c(C)[nH]c2ccc(C)cc2c1=O,1
P3_05322,Cc1[nH]c2ccccc2c(=O)c1C[NH+](C)C,1
P3_05323,C/C(Cl)=C/Cc1c(C)[nH]c2ccc(C(=O)[O-])cc2c1=O,0
P3_05324,C/C(Cl)=C\Cc1c(C)[nH]c2ccc(C(=O)[O-])cc2c1=O,0
P3_05325,CCOc1ccc2[nH]c(C)c(C/C=C(\C)Cl)c(=O)c2c1,1
P3_05326,CCOc1ccc2[nH]c(C)c(C/C=C(/C)Cl)c(=O)c2c1,1
P3_05327,Cc1[nH]c2ccccc2c(=O)c1OCCO,1
P3_05328,Cc1[nH]c2ccccc2c(=O)c1I,1
P3_05329,Cc1c(CC=C(Cl)Cl)c(=O)[nH]c2c(C)cccc12,1
P3_05330,Cc1[nH]c2ccccc2c(=O)c1CCC(=O)OC(C)C,1
P3_05331,Cc1ccc2[nH]c(=O)c(CC=C(Cl)Cl)c(C)c2c1,1
P3_05332,Cc1c(C(=O)NCC=C(Cl)Cl)c2ccccc2[nH]c1=O,1
P3_05333,Cc1[nH]c2ccccc2c(=O)c1CCC(=O)NCCO,1
P3_05334,Cc1c(C(=O)NCC=C(Cl)Cl)c(=O)[nH]c2ccccc12,1
P3_05335,Cc1[nH]c2ccccc2c(=O)c1Br,1
P3_05336,C=CCc1c(C)[nH]c2ccc(C)cc2c1=O,1
P3_05337,Cc1[nH]c2ccccc2c(=O)c1C(C)C,1
P3_05338,Cc1[nH]c2ccccc2c(=O)c1CC(C#N)C(=O)NC(C)C,1
P3_05339,Cc1[nH]c2ccccc2c(=O)c1C[C@@H](C#N)C(=O)NC(C)C,1
P3_05340,Cc1[nH]c2ccccc2c(=O)c1C[C@H](C#N)C(=O)NC(C)C,1
P3_05341,Cc1[nH]c2ccccc2c(=O)c1OCCC(C)C,1
P3_05342,Cc1[nH]c2ccccc2c(=O)c1OCC[C@H](O)C(C)C,1
P3_05343,Cc1[nH]c2ccccc2c(=O)c1OCC[C@@H](O)C(C)C,1
P3_05344,Cc1[nH]c2ccccc2c(=O)c1OCCOC(C)C,1
P3_05345,Cc1[nH]c2ccccc2c(=O)c1OCC(C)C,1
P3_05346,Cc1[nH]c2ccccc2c(=O)c1OC(C)C,1
P3_05347,CCc1[nH]c2ccccc2c(=O)c1C,1
P3_05348,Cc1[nH]c2ccccc2c(=O)c1OCCSC(C)C,1
P3_05349,CC[C@H](COc1c(C)[nH]c2ccccc2c1=O)OC,1
P3_05350,CC[C@@H](COc1c(C)[nH]c2ccccc2c1=O)OC,1
P3_05351,Cc1[nH]c2ccccc2c(=O)c1O[C@H](C)C(F)(F)F,1
P3_05352,Cc1[nH]c2ccccc2c(=O)c1O[C@@H](C)C(F)(F)F,1
P3_05353,CCCc1c(C)c2ccccc2[nH]c1=O,1
P3_05354,CC(=O)CCc1c(C)c2ccccc2[nH]c1=O,1
P3_05355,Cc1c(C(=O)[O-])c(=O)[nH]c2ccccc12,1
P3_05356,Cc1c(C(=O)[O-])c2ccccc2[nH]c1=O,1
P3_05357,CC(C)=CCCNC(=O)c1c(C)c(=O)[nH]c2ccccc12,1
P3_05358,Cc1[nH]c2ccc(Cl)cc2c(=O)c1Cl,1
P3_05359,Cc1[nH]c2cccc(Cl)c2c(=O)c1C,1
P3_05360,Cc1[nH]c2ccc(Cl)cc2c(=O)c1C,1
P3_05361,Cc1[nH]c2cc(Cl)ccc2c(=O)c1C,1
P3_05362,CCc1cccc2[nH]c(C)c(C)c(=O)c12,1
P3_05363,Cc1[nH]c2cc(Cl)ccc2c(=O)c1I,1
P3_05364,Cc1[nH]c2ccc(Br)cc2c(=O)c1Cl,1
P3_05365,CCc1ccc2[nH]c(C)c(C)c(=O)c2c1,1
P3_05366,Cc1[nH]c2ccc(Cl)cc2c(=O)c1C(C)C,1
P3_05367,Cc1[nH]c2cc(Cl)ccc2c(=O)c1C(C)C,1
P3_05368,Cc1[nH]c2cccc(Cl)c2c(=O)c1C(C)C,1
P3_05369,Cc1[nH]c2ccc(Br)cc2c(=O)c1C,1
P3_05370,Cc1[nH]c2c(Cl)cccc2c(=O)c1C,1
P3_05371,C=C(C)CCNC(=O)c1c(C)c(=O)[nH]c2ccccc12,1
P3_05372,Cc1[nH]c2c(Cl)cccc2c(=O)c1I,1
P3_05373,Cc1c(C(=O)NCC(=O)OC(C)C)c(=O)[nH]c2ccccc12,1
P3_05374,Cc1[nH]c2cccc(C)c2c(=O)c1C(C)C,0
P3_05375,O=c1[nH]c2ccccc2cc1CSC/C(Cl)=C\Cl,1
P3_05376,O=c1[nH]c2ccccc2cc1CSC/C(Cl)=C/Cl,1
P3_05377,Cc1[nH]c2cccc(C(F)(F)F)c2c(=O)c1C,1
P3_05378,CCc1[nH]c2cccc(C)c2c(=O)c1CC,0
P3_05379,Cc1[nH]c2ccccc2c(=O)c1OCCCCCCO,1
P3_05380,Cc1[nH]c2ccccc2c(=O)c1OCC[C@@H](C)O,1
P3_05381,Cc1[nH]c2ccccc2c(=O)c1OCC[C@H](C)O,1
P3_05382,C=CCc1c(C)[nH]c2ccc(Br)cc2c1=O,0
P3_05383,Cc1[nH]c2ccccc2c(=O)c1OCCC(C)(C)C,1
P3_05384,Cc1[nH]c2ccccc2c(=O)c1OC(C(C)C)C(C)C,1
P3_05385,Cc1[nH]c2ccccc2c(=O)c1OCCCC(C)C,1
P3_05386,Cc1[nH]c2ccccc2c(=O)c1OCCCCCF,1
P3_05387,Cc1[nH]c2ccccc2c(=O)c1O[C@@H](C)CC(C)C,1
P3_05388,Cc1[nH]c2ccccc2c(=O)c1O[C@H](C)CC(C)C,1
P3_05389,CCc1c(C)[nH]c2cc(Cl)ccc2c1=O,1
P3_05390,CCc1c(C)[nH]c2ccc(Cl)cc2c1=O,1
P3_05391,Cc1[nH]c2ccc(Cl)cc2c(=O)c1C[NH+](C)C,1
P3_05392,CC[NH+](CC)Cc1c(C)[nH]c2ccc(Cl)cc2c1=O,1
P3_05393,Cc1[nH]c2ccc(Br)cc2c(=O)c1C[NH+](C)C,1
P3_05394,Cc1[nH]c2ccc(F)cc2c(=O)c1C[NH+](C)C,1
P3_05395,Cc1[nH]c2ccc(Br)cc2c(=O)c1CC(C)C,1
P3_05396,CC[NH+](CC)Cc1c(C)[nH]c2ccc(C)cc2c1=O,1
P3_05397,CCc1c(C)[nH]c2cccc(F)c2c1=O,0
P3_05398,CCc1c(C)[nH]c2cccc(I)c2c1=O,1
P3_05399,Cc1[nH]c2ccc(Cl)cc2c(=O)c1C[NH+](CC(C)C)CC(C)C,1
P3_05400,CC[NH+](CC)Cc1c(C)[nH]c2ccc(Br)cc2c1=O,1
P3_05401,Cc1c(C(=O)N(C)C)c(=O)[nH]c2ccccc12,1
P3_05402,Cc1[nH]c2ccc(F)cc2c(=O)c1C[NH+](CC(C)C)CC(C)C,0
P3_05403,Cc1[nH]c2ccc(Cl)cc2c(=O)c1I,1
P3_05404,CCOC(=O)c1c(OCC)c2ccccc2[nH]c1=O,1
P3_05405,CCc1[nH]c2ccc(C)cc2c(=O)c1CC,1
P3_05406,CCc1[nH]c2cc(C)ccc2c(=O)c1CC,1
P3_05407,CC(C)c1c[nH]c2ccccc2c1=O,1
P3_05408,Cc1c(C(=O)N(C)C(C)C)c(=O)[nH]c2ccccc12,1
P3_05409,CCc1[nH]c2cc(Cl)ccc2c(=O)c1CC,1
P3_05410,CCc1[nH]c2ccc(O)cc2c(=O)c1CC,1
P3_05411,CCc1[nH]c2ccc(Cl)cc2c(=O)c1CC,1
P3_05412,Cc1[nH]c2ccccc2c(=O)c1OCCOCCO,1
P3_05413,Cc1[nH]c2ccccc2c(=O)c1OCCC(C)(C)O,1
P3_05414,C=CCc1c([O-])[nH]c2ccccc2c1=O,1
P3_05415,Cc1[nH]c2ccccc2c(=O)c1OCCOC(F)F,1
P3_05416,Cc1[nH]c2ccccc2c(=O)c1OCC(=O)N(C)C,1
P3_05417,CCOC(=O)c1[nH]c2ccccc2c(=O)c1C,1
P3_05418,Cc1[nH]c2ccccc2c(=O)c1SC(F)(F)C(F)F,1
P3_05419,CC(C)=CCNC(=O)c1c(C)c(=O)[nH]c2ccccc12,1
P3_05420,Cc1ccc2[nH]c(C)c(CCC(C)C)c(=O)c2c1,1
P3_05421,Cc1[nH]c2ccc(Br)cc2c(=O)c1CCC(=O)[O-],1
P3_05422,CCNC(=O)c1c(C)c(=O)[nH]c2ccccc12,1
P3_05423,C=CCNC(=O)c1c(C)c(=O)[nH]c2ccccc12,1
P3_05424,CCN(C)C(=O)c1c(C)c(=O)[nH]c2ccccc12,1
P3_05425,Cc1c(C(=O)NCC(C)C)c(=O)[nH]c2ccccc12,1
P3_05426,Cc1c(C(=O)NCCF)c(=O)[nH]c2ccccc12,1
P3_05427,Cc1c(C(=O)N(C)CCO)c(=O)[nH]c2ccccc12,1
P3_05428,C#CCNC(=O)c1c(C)c(=O)[nH]c2ccccc12,1
P3_05429,Cc1c(C(=O)NCC(C)C)c2ccccc2[nH]c1=O,1
P3_05430,Cc1c(C(=O)N(C)CC(F)F)c2ccccc2[nH]c1=O,1
P3_05431,Cc1c(C(=O)N(C)CC(N)=O)c(=O)[nH]c2ccccc12,1
P3_05432,Cc1c(C(=O)NCC(F)F)c(=O)[nH]c2ccccc12,1
P3_05433,Cc1c(C(=O)N(C)CC(=O)[O-])c(=O)[nH]c2ccccc12,1
P3_05434,Cc1c(C(=O)NC(C)C)c2ccccc2[nH]c1=O,1
P3_05435,CONC(=O)c1c(C)c(=O)[nH]c2ccccc12,1
P3_05436,Cc1c(C(=O)N(C)C[C@H](C)O)c(=O)[nH]c2ccccc12,1
P3_05437,Cc1c(C(=O)N(C)C[C@@H](C)O)c(=O)[nH]c2ccccc12,1
P3_05438,Cc1c(C(=O)N(C)CC#N)c(=O)[nH]c2ccccc12,1
P3_05439,Cc1c(C(=O)N(C)CC(F)F)c(=O)[nH]c2ccccc12,1
P3_05440,Cc1c(C(=O)N(C)CC(F)(F)F)c(=O)[nH]c2ccccc12,1
P3_05441,Cc1c(C(=O)N(C)CCC[NH3+])c(=O)[nH]c2ccccc12,1
P3_05442,Cc1c(C(=O)N(C)CCCF)c(=O)[nH]c2ccccc12,1
P3_05443,Cc1c(C(=O)[N-]OCC(C)C)c(=O)[nH]c2ccccc12,1
P3_05444,Cc1c(C(=O)[N-]OCC(F)(F)F)c(=O)[nH]c2ccccc12,1
P3_05445,Cc1c(C(=O)[N-]OCC(F)F)c(=O)[nH]c2ccccc12,0
P3_05446,Cc1c(C(=O)[N-]OC(C)C)c(=O)[nH]c2ccccc12,1
P3_05447,Cc1[nH]c2ccccc2c(=O)c1OCCSC(C)(C)C,1
P3_05448,Cc1[nH]c2ccccc2c(=O)c1OCCCSC(C)(C)C,1
P3_05449,Cc1[nH]c2ccccc2c(=O)c1OCCOC(C)(C)C,1
P3_05450,Cc1[nH]c2ccccc2c(=O)c1OCCCOC(C)(C)C,1
P3_05451,Cc1[nH]c2ccccc2c(=O)c1OCCCC(C)(F)F,1
P3_05452,Cc1[nH]c2ccccc2c(=O)c1OC(=O)C[C@@H](C)O,1
P3_05453,Cc1[nH]c2ccccc2c(=O)c1OCCCCC(F)(F)F,1
P3_05454,Cc1[nH]c2ccccc2c(=O)c1OCCCOC(F)(F)F,1
P3_05455,Cc1[nH]c2ccccc2c(=O)c1O[C@@H](C)C(=O)OCCC(C)C,1
P3_05456,Cc1[nH]c2ccccc2c(=O)c1O[C@H](C)C(=O)OCCC(C)C,1
P3_05457,Cc1[nH]c2ccccc2c(=O)c1OCCSC(F)(F)F,1
P3_05458,Cc1[nH]c2ccccc2c(=O)c1OCCCS(=O)(=O)N(C)C,1
P3_05459,Cc1[nH]c2ccccc2c(=O)c1OCCCOCC(F)(F)F,1
P3_05460,Cc1[nH]c2ccccc2c(=O)c1O[C@H](C)CC(C)(C)S,1
P3_05461,Cc1[nH]c2ccccc2c(=O)c1O[C@@H](C)CC(C)(C)S,1
P3_05462,Cc1[nH]c2ccccc2c(=O)c1OCCOCC(F)(F)C(F)F,1
P3_05463,Cc1[nH]c2ccccc2c(=O)c1O[C@H](C)C#C[Si](C)(C)C,1
P3_05464,Cc1[nH]c2ccccc2c(=O)c1O[C@@H](C)C#C[Si](C)(C)C,1
P3_05465,CC[C@@H](Oc1[nH]c2ccccc2c(=O)c1C)C(=O)OC,1
P3_05466,Cc1c(C(=O)N(C)CC(C)C)c(=O)[nH]c2ccccc12,1
P3_05467,Cc1c(C(=O)N(C)CC(C)(C)C)c(=O)[nH]c2ccccc12,1
P3_05468,Cc1c(C(=O)NC(C)C)c(=O)[nH]c2ccccc12,1
P3_05469,Cc1c(C(=O)N(C)CC(F)(F)Br)c(=O)[nH]c2ccccc12,1
P3_05470,Cc1c(C(=O)N(C)CCCCO)c(=O)[nH]c2ccccc12,1
P3_05471,Cc1c(C(=O)N(C)CCC(C)C)c(=O)[nH]c2ccccc12,1
P3_05472,Cc1c(C(=O)N(C)CCCCCO)c(=O)[nH]c2ccccc12,1
P3_05473,Cc1c(C(=O)N(C)CCC(F)(F)F)c(=O)[nH]c2ccccc12,1
P3_05474,CCc1c(C(C)C)[nH]c2cc(C)ccc2c1=O,1
P3_05475,CCc1c(C(C)C)[nH]c2c(C)cccc2c1=O,0
P3_05476,CCc1c(C(C)C)[nH]c2ccc(C)cc2c1=O,0
P3_05477,CC(Cl)=CCOC(=O)c1cc(=O)c2cc(C)ccc2[nH]1,1
P3_05478,CCc1c(C(C)C)[nH]c2c(Cl)cccc2c1=O,1
P3_05479,CCc1c(C(F)F)[nH]c2ccc(C)cc2c1=O,0
P3_05480,CCc1c(C(C)C)[nH]c2cc(Cl)ccc2c1=O,1
P3_05481,CCc1c(C(C)C)[nH]c2ccc(Cl)cc2c1=O,1
P3_05482,Cc1c(C(C)C)c(=O)c2ccccc2n1CC(Cl)=CCl,1
P3_05483,CCc1c(C(F)F)[nH]c2ccc(Cl)cc2c1=O,1
P3_05484,Cc1[nH]c2cc(Br)ccc2c(=O)c1C(C)C,0
P3_05485,Cc1[nH]c2ccc(F)cc2c(=O)c1C(C)C,1
P3_05486,Cc1[nH]c2cccc(I)c2c(=O)c1C(C)C,0
P3_05487,Cc1[nH]c2cc(I)ccc2c(=O)c1C(C)C,1
P3_05488,Cc1[nH]c2cccc(Br)c2c(=O)c1C(C)C,1
P3_05489,CCc1[nH]c2cc(I)ccc2c(=O)c1CC,1
P3_05490,Cc1[nH]c2cc(F)ccc2c(=O)c1C(C)C,0
P3_05491,Cc1[nH]c2c(Cl)cccc2c(=O)c1C(C)C,1
P3_05492,Cc1[nH]c2ccc(I)cc2c(=O)c1C(C)C,1
P3_05493,Cc1[nH]c2ccc(Br)cc2c(=O)c1C(C)C,1
P3_05494,CCc1[nH]c2cc(F)ccc2c(=O)c1CC,0
P3_05495,CCc1c(C(C)C)[nH]c2cc(F)ccc2c1=O,0
P3_05496,CCc1c(C(C)C)[nH]c2c(Br)cccc2c1=O,0
P3_05497,CCc1c(C(F)F)[nH]c2ccc(F)cc2c1=O,1
P3_05498,CCc1c(C(C)C)[nH]c2c(F)cccc2c1=O,0
P3_05499,CCc1c(C(C)C)[nH]c2c(I)cccc2c1=O,1
P3_05500,O=C(NCc1ccco1)C1CCN(S(=O)(=O)c2ccccc2)CC1,0
P3_05501,O=C(NCc1ccco1)C1CCN(S(=O)(=O)c2ccc(F)cc2)CC1,0
P3_05502,Cc1ccc(S(=O)(=O)N2CCC(C(=O)NCc3ccco3)CC2)cc1,0
P3_05503,O=C(NCc1ccco1)C1CCN(S(=O)(=O)c2ccc(CF)cc2)CC1,0
P3_05504,CCc1ccc(S(=O)(=O)N2CCC(C(=O)NCc3ccco3)CC2)cc1,0
P3_05505,O=C(NCc1ccco1)C1CCN(S(=O)(=O)c2ccc(CCl)cc2)CC1,0
P3_05506,O=C(NCc1ccco1)C1CCN(S(=O)(=O)c2ccc(C(F)F)cc2)CC1,0
P3_05507,CSc1ccc(S(=O)(=O)N2CCC(C(=O)NCc3ccco3)CC2)cc1,0
P3_05508,COc1ccc(S(=O)(=O)N2CCC(C(=O)NCc3ccco3)CC2)cc1,0
P3_05509,O=C(NCc1ccco1)C1CCN(S(=O)(=O)c2ccc(Cl)c(Cl)c2)CC1,1
P3_05510,CCOc1ccc(S(=O)(=O)N2CCC(C(=O)NCc3ccco3)CC2)cc1,0
P3_05511,O=C(NCc1ccco1)C1CCN(S(=O)(=O)c2ccc(F)c(F)c2)CC1,0
P3_05512,Cc1ccc(S(=O)(=O)N2CCC(C(=O)NCc3ccco3)CC2)cc1C,0
P3_05513,O=C(NCc1ccco1)C1CCN(S(=O)(=O)c2cc(F)cc(F)c2)CC1,0
P3_05514,O=C(NCc1ccco1)C1CCN(S(=O)(=O)c2cc(Cl)cc(Cl)c2)CC1,0
P3_05515,O=C(NCc1ccco1)C1CCN(S(=O)(=O)c2ccc(Cl)c(O)c2)CC1,1
P3_05516,O=C(NCc1ccco1)C1CCN(S(=O)(=O)c2cccc(O)c2)CC1,0
P3_05517,O=C(NCc1ccco1)C1CCN(S(=O)(=O)c2ccc(O)c(F)c2)CC1,1
P3_05518,O=C(NCc1ccco1)C1CCN(S(=O)(=O)c2c(Cl)cccc2Cl)CC1,0
P3_05519,O=C(NCc1ccco1)C1CCN(S(=O)(=O)c2cccc(Cl)c2)CC1,1
P3_05520,O=C(NCc1ccco1)C1CCN(S(=O)(=O)c2cccc(F)c2)CC1,0
P3_05521,O=C(NCc1ccco1)C1CCN(S(=O)(=O)c2ccccc2Cl)CC1,0
P3_05522,O=C(NCc1ccco1)C1CCN(S(=O)(=O)c2c(F)cccc2F)CC1,0
P3_05523,O=C(NCc1ccco1)C1CCN(S(=O)(=O)c2ccccc2O)CC1,0
P3_05524,O=C(NCc1ccco1)C1CCN(S(=O)(=O)c2cccc(CCl)c2)CC1,0
P3_05525,O=C(NCc1ccco1)C1CCN(S(=O)(=O)c2ccccc2F)CC1,0
P3_05526,O=C(NCc1ccco1)C1CCN(S(=O)(=O)c2cccc(Cl)c2Cl)CC1,0
P3_05527,O=C(NCc1ccco1)C1CCN(S(=O)(=O)c2cccc(C(F)F)c2)CC1,0
P3_05528,O=C(NCc1ccco1)C1CCN(S(=O)(=O)c2cccc(Cl)c2O)CC1,0
P3_05529,O=C(NCc1ccco1)C1CCN(S(=O)(=O)c2ccccc2CF)CC1,0
P3_05530,O=C(NCc1ccco1)C1CCN(S(=O)(=O)c2ccc(Cl)cc2Cl)CC1,0
P3_05531,Cc1cccc(S(=O)(=O)N2CCC(C(=O)NCc3ccco3)CC2)c1C,0
P3_05532,O=C(NCc1ccco1)C1CCN(S(=O)(=O)c2cc(Cl)ccc2Cl)CC1,1
P3_05533,O=C(NCc1ccco1)C1CCN(S(=O)(=O)c2cccc(F)c2F)CC1,0
P3_05534,O=C(NCc1ccco1)C1CCN(S(=O)(=O)c2cc(F)ccc2F)CC1,0
P3_05535,Cc1cccc(S(=O)(=O)N2CCC(C(=O)NCc3ccco3)CC2)c1F,0
P3_05536,O=C(NCc1ccco1)C1CCN(S(=O)(=O)c2ccc(F)cc2F)CC1,0
P3_05537,O=C(NCc1ccco1)C1CCN(S(=O)(=O)c2cc(F)ccc2O)CC1,0
P3_05538,Cc1cccc(S(=O)(=O)N2CCC(C(=O)NCc3ccco3)CC2)c1Cl,1
P3_05539,O=C(NCc1ccco1)C1CCN(S(=O)(=O)c2cc(Cl)ccc2O)CC1,1
P3_05540,Cc1ccc(S(=O)(=O)N2CCC(C(=O)NCc3ccco3)CC2)c(F)c1,0
P3_05541,O=C(NCc1ccc(CO)o1)C1CCN(S(=O)(=O)c2ccccc2)CC1,0
P3_05542,Cc1ccc(CNC(=O)C2CCN(S(=O)(=O)c3ccccc3)CC2)o1,0
P3_05543,O=C(NCc1ccc(CO)o1)C1CCN(S(=O)(=O)c2ccc(F)cc2)CC1,0
P3_05544,Cc1ccoc1CNC(=O)C1CCN(S(=O)(=O)c2ccccc2)CC1,0
P3_05545,Cc1coc(CNC(=O)C2CCN(S(=O)(=O)c3ccc(F)cc3)CC2)c1,1
P3_05546,Cc1ccoc1CNC(=O)C1CCN(S(=O)(=O)c2ccc(F)cc2)CC1,0
P3_05547,Cc1coc(CNC(=O)C2CCN(S(=O)(=O)c3ccccc3F)CC2)c1,0
P3_05548,O=C(NCc1ccc(CO)o1)C1CCN(S(=O)(=O)c2ccccc2F)CC1,0
P3_05549,CC(C)=CCN(C)Cc1ccc2cc[nH]c2c1,0
P3_05550,CC(C)=CCCNCc1ccc2cc[nH]c2c1,0
P3_05551,CC(C)=CCCN(C)Cc1ccc2cc[nH]c2c1,1
P3_05552,CC(C)=CCOc1ccc2cc[nH]c2c1,1
P3_05553,CC(C)=CCNC(=O)N(C)Cc1ccc2cc[nH]c2c1,0
P3_05554,CC(Cl)=CCN(C)Cc1ccc2cc[nH]c2c1,1
P3_05555,CC(C)=Cc1ccc2cc[nH]c2c1,0
P3_05556,CC(=O)N(C)Cc1ccc2cc[nH]c2c1,0
P3_05557,CCOCc1ccc2cc[nH]c2c1,0
P3_05558,CC(=O)N(C)CC[NH2+]Cc1ccc2cc[nH]c2c1,0
P3_05559,CC/C=C(\C)C(=O)N(C)Cc1ccc2cc[nH]c2c1,0
P3_05560,C/C=C(\C)c1ccc2cc[nH]c2c1,0
P3_05561,CC(C)CC[NH2+]Cc1ccc2cc[nH]c2c1,0
P3_05562,CC(C)=C(C)C(=O)N(C)Cc1ccc2cc[nH]c2c1,0
P3_05563,CC(C)=CCCNCc1ccc2[nH]ccc2c1,1
P3_05564,CC(C)(/C=C/Cl)[NH2+]Cc1ccc2cc[nH]c2c1,0
P3_05565,CC(C)(/C=C\Cl)[NH2+]Cc1ccc2cc[nH]c2c1,0
P3_05566,CC(C)[C@H](C)[N@@H+](C)Cc1ccc2cc[nH]c2c1,0
P3_05567,CC(C)=CCOc1ccc2[nH]ccc2c1,1
P3_05568,CN(CCF)Cc1ccc2cc[nH]c2c1,0
P3_05569,CC(C)[C@@H](C)[N@H+](C)Cc1ccc2cc[nH]c2c1,0
P3_05570,CC(C)[C@@H](C)[N@@H+](C)Cc1ccc2cc[nH]c2c1,0
P3_05571,CC(C)[C@H](C)[N@H+](C)Cc1ccc2cc[nH]c2c1,0
P3_05572,CC/C(C)=C(/C)C(=O)N(C)Cc1ccc2cc[nH]c2c1,0
P3_05573,CC/C(C)=C(\C)C(=O)N(C)Cc1ccc2cc[nH]c2c1,0
P3_05574,CC(C)=CCOC(=O)CCc1ccc2[nH]ccc2c1,1
P3_05575,CC(C)=CCNC(=O)CCc1ccc2[nH]ccc2c1,0
P3_05576,CC(C)=CCNC(=O)NCCc1ccc2[nH]ccc2c1,0
P3_05577,CC(C)=CCCNC(=O)NCCc1ccc2[nH]ccc2c1,0
P3_05578,CC(C)=CCC[C@@H](C)[NH2+]CCc1ccc2[nH]ccc2c1,1
P3_05579,CC(C)=Cc1cc2cc[nH]c2cc1C,1
P3_05580,CC(C)=Cc1cc2[nH]ccc2cc1C,1
P3_05581,CC(C)=CCCNC(=O)CCc1ccc2[nH]ccc2c1,0
P3_05582,CC(C)=Cc1ccc2[nH]ccc2c1,0
P3_05583,Cl/C=C(\Cl)COc1ccc2cc[nH]c2c1,1
P3_05584,Cl/C=C(/Cl)COc1ccc2cc[nH]c2c1,1
P3_05585,CC(C)(O)/C=C/c1ccc2cc[nH]c2c1,1
P3_05586,CCC/C=C/c1ccc2cc[nH]c2c1,0
P3_05587,CC(C)=CCN(C)c1ccc2cc[nH]c2c1,0
P3_05588,OCCc1ccc2cc[nH]c2c1,1
P3_05589,CC(C)=CNc1ccc2cc[nH]c2c1,0
P3_05590,CC[NH+](CC)Cc1ccc2cc[nH]c2c1,0
P3_05591,CC(C)(C)CC[NH2+]Cc1ccc2cc[nH]c2c1,0
P3_05592,CC(C)C[C@H](C)[NH2+]Cc1ccc2cc[nH]c2c1,0
P3_05593,CC(C)C[C@@H](C)[NH2+]Cc1ccc2cc[nH]c2c1,0
P3_05594,CC(C)=CCc1ccc2ccn(C)c2c1,0
P3_05595,CC[C@@H](C)[C@@H](C)[NH2+]Cc1ccc2cc[nH]c2c1,0
P3_05596,CC[C@H](C)[C@@H](C)[NH2+]Cc1ccc2cc[nH]c2c1,0
P3_05597,CCC[C@@H](C)[NH2+]Cc1ccc2cc[nH]c2c1,0
P3_05598,CCC[C@H](C)[NH2+]Cc1ccc2cc[nH]c2c1,0
P3_05599,CC[C@H](C)[C@H](C)[NH2+]Cc1ccc2cc[nH]c2c1,0
P3_05600,CC[C@@H](C)[C@H](C)[NH2+]Cc1ccc2cc[nH]c2c1,0
P3_05601,C=CCCC(C)(C)[NH2+]Cc1ccc2cc[nH]c2c1,0
P3_05602,CCC[C@H](CC)[NH2+]Cc1ccc2cc[nH]c2c1,0
P3_05603,CCC[C@@H](CC)[NH2+]Cc1ccc2cc[nH]c2c1,0
P3_05604,C[N@@H+](Cc1ccc2cc[nH]c2c1)CC(C)(C)C,1
P3_05605,C[N@H+](Cc1ccc2cc[nH]c2c1)CC(C)(C)C,1
P3_05606,CC(C)=CCCOc1ccc2cc[nH]c2c1,0
P3_05607,CC(C)=CCc1ccc2[nH]c(C)cc2c1,1
P3_05608,CC(Cl)=CCOc1ccc2cc[nH]c2c1,1
P3_05609,CC(C)=CCc1ccc2c(ccn2C)c1,1
P3_05610,CC(C)=CNc1ccc2[nH]ccc2c1,1
P3_05611,CC(C)c1ccc2cc[nH]c2c1,1
P3_05612,CC(C)(O)COc1ccc2cc[nH]c2c1,1
P3_05613,CO[C@@H](C)COc1ccc2cc[nH]c2c1,0
P3_05614,CCC=CCOc1ccc2cc[nH]c2c1,1
P3_05615,CC(C)(O)CCOc1ccc2cc[nH]c2c1,0
P3_05616,CO[C@H](C)COc1ccc2cc[nH]c2c1,0
P3_05617,CC=CCCCOc1ccc2cc[nH]c2c1,1
P3_05618,CCC=CCCOc1ccc2cc[nH]c2c1,1
P3_05619,C/C=C(\C)c1ccc2[nH]ccc2c1,1
P3_05620,CC(C)CCOc1ccc2cc[nH]c2c1,0
P3_05621,C=CCCCOc1ccc2cc[nH]c2c1,1
P3_05622,CC(C)(C)OCCOc1ccc2cc[nH]c2c1,1
P3_05623,CC(C)OCCOc1ccc2cc[nH]c2c1,1
P3_05624,CC(C)CCCOc1ccc2cc[nH]c2c1,1
P3_05625,CCOCc1ccc2[nH]ccc2c1,0
P3_05626,C=CCCCCOc1ccc2cc[nH]c2c1,1
P3_05627,CC(C)C(=O)N(C)c1ccc2cc[nH]c2c1,0
P3_05628,COC(COc1ccc2cc[nH]c2c1)CC(C)C,0
P3_05629,O=C(OCC=CCl)c1ccc2cc[nH]c2c1,1
P3_05630,CC(C)SCCOc1ccc2cc[nH]c2c1,0
P3_05631,FC(F)COCCOc1ccc2cc[nH]c2c1,0
P3_05632,CC(F)(F)CCCOc1ccc2cc[nH]c2c1,1
P3_05633,CC[C@@H](F)C(=O)N(C)c1ccc2cc[nH]c2c1,0
P3_05634,CC[C@H](F)C(=O)N(C)c1ccc2cc[nH]c2c1,0
P3_05635,FC(F)(F)Oc1ccc2cc[nH]c2c1,1
P3_05636,C/C=C(\C)c1ccc2cc[nH]c2c1C,1
P3_05637,CC(C)=Cc1ccc2cc[nH]c2c1C,1
P3_05638,CC(C)=CCc1cc2c(C)cccc2[nH]1,1
P3_05639,FC(F)OCCOc1ccc2cc[nH]c2c1,1
P3_05640,CC(C)=Cc1cc(C)c2[nH]ccc2c1,1
P3_05641,CC(C)=Cc1cc(C)c2cc[nH]c2c1,1
P3_05642,CC(C)=Cc1cc(C)cc2[nH]ccc12,1
P3_05643,C#CCC(CC)Oc1ccc2cc[nH]c2c1,1
P3_05644,CC(C)=Cc1cc(F)c2cc[nH]c2c1,0
P3_05645,CC(C)COc1ccc2[nH]ccc2c1,1
P3_05646,COCCOc1ccc2[nH]ccc2c1,1
P3_05647,CC(C)(O)/C=C/c1ccc2[nH]ccc2c1,1
P3_05648,CC(C)=Cc1cccc2[nH]ccc12,1
P3_05649,CC(C)=Cc1cccc2cc[nH]c12,1
P3_05650,Cc1sc(NC(=O)CS(=O)(=O)c2ccccc2F)nc1-c1ccccc1,1
P3_05651,Cc1ccc(-c2csc(NC(=O)CS(=O)(=O)c3ccc(F)cc3)n2)cc1,0
P3_05652,Cc1ccc(S(=O)(=O)CC(=O)Nc2nc(-c3ccc(F)cc3)cs2)cc1,0
P3_05653,O=C(CS(=O)(=O)c1ccc(F)cc1)Nc1nc(-c2ccc(F)cc2)cs1,0
P3_05654,COc1ccc(S(=O)(=O)CC(=O)Nc2nc(-c3ccccc3)cs2)cc1,1
P3_05655,COc1ccc(-c2csc(NC(=O)CS(=O)(=O)c3ccccc3)n2)cc1,1
P3_05656,CCc1sc(NC(=O)CS(=O)(=O)c2ccccc2)nc1-c1ccccc1,1
P3_05657,O=C(CS(=O)(=O)c1ccccc1)Nc1nc(-c2ccc(F)cc2)cs1,1
P3_05658,Cc1ccc(-c2csc(NC(=O)CS(=O)(=O)c3ccc(C)cc3)n2)cc1,0
P3_05659,Cc1ccc(S(=O)(=O)CC(=O)Nc2nc(-c3ccccc3)cs2)cc1,1
P3_05660,Cc1ccc(-c2csc(NC(=O)CS(=O)(=O)c3ccccc3)n2)cc1,1
P3_05661,COc1cc(SC)ccc1C(=O)N1CCC[C@@H](C)C1,0
P3_05662,COc1cc(SC)ccc1C(=O)N1CCC[C@H](C)C1,0
P3_05663,COc1cc(SC)ccc1C(=O)N1CCC[C@H](O)C1,0
P3_05664,COc1cc(SC)ccc1C(=O)N1CCCC(O)C1,0
P3_05665,COc1cc(SC)ccc1C(=O)N1CCC[C@@H](O)C1,0
P3_05666,COc1cc(SC)ccc1C(=O)N1CCC[C@@H](N)C1,0
P3_05667,COc1cc(SC)ccc1C(=O)N1CCCC(N)C1,0
P3_05668,COc1cc(SC)ccc1C(=O)N1CCC[C@H](N)C1,0
P3_05669,COc1cc(SC)ccc1C(=O)N1CCCC(OC)C1,0
P3_05670,COc1cc(SC)ccc1C(=O)N1CCC[C@H](OC)C1,0
P3_05671,COc1cc(SC)ccc1C(=O)N1CCC[C@@H](OC)C1,0
P3_05672,COc1cc(SC)ccc1C(=O)N1CCCC(F)C1,0
P3_05673,COc1cc(SC)ccc1C(=O)N1CCCC(C(C)C)C1,0
P3_05674,COc1cc(SC)ccc1C(=O)N1CCCC(N(C)C)C1,0
P3_05675,COc1cc(SC)ccc1C(=O)N1CCC[C@@H](N(C)C)C1,0
P3_05676,COc1cc(SC)ccc1C(=O)N1CCC[C@H](N(C)C)C1,0
P3_05677,COc1cc(SC)ccc1C(=O)N1C[C@H](C)C[C@@H](C)C1,0
P3_05678,COc1cc(SC)ccc1C(=O)N1CC(C)CC(C)C1,0
P3_05679,COc1cc(SC)ccc1C(=O)N1C[C@H](C)C[C@H](C)C1,0
P3_05680,COc1cc(SC)ccc1C(=O)N1CCC(C)CC1,0
P3_05681,COc1cc(SC)ccc1C(=O)N1C[C@@H](C)C[C@H](C)C1,0
P3_05682,COc1cc(SC)ccc1C(=O)N1CCC(C)C(C)C1,0
P3_05683,COc1cc(SC)ccc1C(=O)N1CCC[C@H](CS)C1,0
P3_05684,COc1cc(SC)ccc1C(=O)N1CCCC(CF)C1,0
P3_05685,COc1cc(C)ccc1C(=O)N1CCC[C@H](C)C1,0
P3_05686,COc1cc(C)ccc1C(=O)N1CCC[C@@H](C)C1,0
P3_05687,CCO[C@H]1CCCN(C(=O)c2ccc(SC)cc2OC)C1,0
P3_05688,COc1cc(SC)ccc1C(=O)N1CCCC(CCF)C1,0
P3_05689,COc1cc(SC)ccc1C(=O)N1CCCC(CCO)C1,0
P3_05690,CCOC1CCCN(C(=O)c2ccc(SC)cc2OC)C1,0
P3_05691,COc1cc(SC)ccc1C(=O)N1CCCC(OC(C)C)C1,0
P3_05692,CSc1ccc(C(=O)N2CCCC(C)C2)c(Cl)c1,0
P3_05693,COc1cc(Br)ccc1C(=O)N1CCC[C@H](C)C1,0
P3_05694,CSc1ccc(C(=O)N2CCC[C@H](C)C2)c(Cl)c1,0
P3_05695,CSc1ccc(C(=O)N2CCC[C@@H](C)C2)c(Cl)c1,0
P3_05696,COc1cc(Cl)ccc1C(=O)N1CCC[C@@H](C)C1,0
P3_05697,COc1cc(Cl)ccc1C(=O)N1CCC[C@H](C)C1,0
P3_05698,COc1cc(Br)ccc1C(=O)N1CCC[C@@H](C)C1,0
P3_05699,CSc1ccc(C)c(C(=O)N2CCC[C@@H](C)C2)c1,0
P3_05700,CSc1ccc(O)c(C(=O)N2CCC[C@@H](C)C2)c1,0
P3_05701,CSc1ccc(O)c(C(=O)N2CCC[C@H](C)C2)c1,0
P3_05702,CSc1ccc(C)c(C(=O)N2CCCC(C)C2)c1,0
P3_05703,CSc1ccc(C)c(C(=O)N2CCC[C@H](C)C2)c1,0
P3_05704,COc1cc(SC)ccc1C(=O)N1CCC(C)C(O)C1,0
P3_05705,COc1cc(SC)ccc1C(=O)N1CCCC(CC(F)F)C1,0
P3_05706,COc1cc(SC)ccc1C(=O)N1CCCC(C(C)CC(=O)O)C1,0
P3_05707,CSc1ccc(Cl)c(C(=O)N2CCC[C@@H](C)C2)c1,0
P3_05708,CSc1ccc(Cl)c(C(=O)N2CCC[C@H](C)C2)c1,0
P3_05709,CSc1ccc(Cl)c(C(=O)N2CCCC(C)C2)c1,0
P3_05710,COc1cc(SC)ccc1C(=O)N1CC[C@@H](C)[C@H](OC)C1,0
P3_05711,COc1cc(SC)ccc1C(=O)N1CCC(N)C(C)C1,0
P3_05712,COc1cc(SC)ccc1C(=O)N1CCC(OC)C(C)C1,0
P3_05713,COc1cc(SC)ccc1C(=O)N1CCCC(CCCO)C1,0
P3_05714,COc1cc(SC)ccc1C(=O)N1CCCC(OCCO)C1,0
P3_05715,COc1cc(CO)ccc1C(=O)N1CCC[C@H](C)C1,0
P3_05716,COc1cc(CO)ccc1C(=O)N1CCC[C@@H](C)C1,0
P3_05717,COc1cc(SC)ccc1C(=O)N1CCC(C)C(C(=O)O)C1,0
P3_05718,COc1cc(SC)ccc1C(=O)N1CCCC(OCC(C)C)C1,0
P3_05719,COc1cc(SC)ccc1C(=O)N1CCC(F)CC1,0
P3_05720,COc1cc(SC)ccc1C(=O)N1CCC(=O)C(C)C1,0
P3_05721,COc1cc(C#N)ccc1C(=O)N1CCC[C@H](C)C1,0
P3_05722,COc1cc(C#N)ccc1C(=O)N1CCC[C@@H](C)C1,0
P3_05723,COc1cc(SC)ccc1C(=O)N1CCC(O)C(F)C1,0
P3_05724,COc1cc(SC)ccc1C(=O)N1CCC(N)CC1,0
P3_05725,COc1cc(SC)ccc1C(=O)N1CCC(SC)CC1,0
P3_05726,COc1cc(SC)ccc1C(=O)N1CCCC(C)C1C,0
P3_05727,COc1cc(SC)ccc1C(=O)N1CCC(F)(F)C(C)C1,0
P3_05728,COc1cc(SC)ccc1C(=O)N1CCC(C)C(NC(C)=O)C1,0
P3_05729,COc1cc(SC)ccc1C(=O)N1CCCC(O)C1C,0
P3_05730,COc1cc(SC)ccc1C(=O)N1CCC(CSC)CC1,0
P3_05731,COc1cc(SC)ccc1C(=O)N1CCCC[C@H]1C,0
P3_05732,COc1cc(SC)ccc1C(=O)N1CCCCC1C,0
P3_05733,COc1cc(SC)ccc1C(=O)N1CCC(C(N)=O)CC1,0
P3_05734,COc1cc(SC)ccc1C(=O)N1CCCC[C@@H]1C,0
P3_05735,COc1cc(SC)ccc1C(=O)N1CCC(CO)CC1,0
P3_05736,COc1cc(SC)ccc1C(=O)N1CCC(C)C(C)(C)C1,0
P3_05737,COc1cc(SC)ccc1C(=O)N1CCC[C@@H](N)[C@@H]1C,0
P3_05738,COc1ccc(O)cc1C(=O)N1CCC[C@H](C)C1,0
P3_05739,COc1ccc(O)cc1C(=O)N1CCC[C@@H](C)C1,0
P3_05740,COc1cc(SC)ccc1C(=O)N1CCC(CF)CC1,0
P3_05741,COc1cc(SC)ccc1C(=O)N1CC[C@@H](C)C[C@H]1C,0
P3_05742,COc1cc(SC)ccc1C(=O)N1CCC(=O)CC1,0
P3_05743,COc1cc(SC)ccc1C(=O)N1CCC[C@@H](C)[C@H]1C(=O)O,0
P3_05744,COc1cc(SC)ccc1C(=O)N1CCC[C@@H](C)[C@H]1CO,0
P3_05745,COc1cc(SC)ccc1C(=O)N1CCC(C)C(F)(F)C1,0
P3_05746,COc1ccc(N)cc1C(=O)N1CCC[C@H](C)C1,0
P3_05747,COc1ccc(N)cc1C(=O)N1CCC[C@@H](C)C1,0
P3_05748,COc1ccc(Cl)cc1C(=O)N1CCC[C@H](C)C1,0
P3_05749,COc1ccc(Cl)cc1C(=O)N1CCC[C@@H](C)C1,0
P3_05750,COc1ccc(Br)cc1C(=O)N1CCC[C@H](C)C1,0
P3_05751,COc1cc(SC)ccc1C(=O)N1CCCC(CO)C1,0
P3_05752,COc1cc(SC)ccc1C(=O)N1CCC[C@@H](CO)C1,0
P3_05753,COc1cc(SC)ccc1C(=O)N1CCC[C@H](CO)C1,0
P3_05754,COc1cc(SC)ccc1C(=O)N1CCCC(C(C)(C)C)C1,0
P3_05755,COc1cc(SC)ccc1C(=O)N1CCCC(C(C)O)C1,0
P3_05756,COc1cc(SC)ccc1C(=O)N1CCC[C@@H](CN)C1,0
P3_05757,COc1cc(SC)ccc1C(=O)N1CCCC(CN)C1,0
P3_05758,COc1cc(SC)ccc1C(=O)N1CCCC(C(C)N)C1,0
P3_05759,COc1cc(SC)ccc1C(=O)N1CCCC(CCN)C1,0
P3_05760,COc1cc(SC)ccc1C(=O)N1C[C@@H](C)C[C@H](N)C1,0
P3_05761,COc1cc(SC)ccc1C(=O)N1CCCC(C)(O)C1,0
P3_05762,COc1cc(SC)ccc1C(=O)N1CCCC(C)(F)C1,0
P3_05763,COc1cc(SC)ccc1C(=O)N1CCCC(C)(OC)C1,1
P3_05764,COc1cc(SC)ccc1C(=O)N1CCC(C)(O)CC1,0
P3_05765,COc1cc(SC)ccc1C(=O)N1CCC(C(C)CO)CC1,0
P3_05766,COc1cc(SC)ccc1C(=O)N1CCCC(C)C1CCO,0
P3_05767,COc1cc(SC)ccc1C(=O)N1CCC(C)(N)CC1,0
P3_05768,COc1cc(SC)ccc1C(=O)N1CCCC(C)C1CCN,0
P3_05769,CCc1cc(OC)ccc1C(=O)N1CCCC(C)C1,0
P3_05770,CCc1cc(OC)ccc1C(=O)N1CCC[C@H](C)C1,0
P3_05771,COc1cc(SC)ccc1C(=O)N1CCC(=CBr)CC1,0
P3_05772,CCc1cc(OC)ccc1C(=O)N1CCC[C@@H](C)C1,0
P3_05773,CC[C@@H]1CCCCN1C(=O)c1ccc(SC)cc1OC,0
P3_05774,CC[C@H]1CCCCN1C(=O)c1ccc(SC)cc1OC,0
P3_05775,COc1cc(C)ccc1C(=O)N1CCC[C@H](CSC)C1,0
P3_05776,COc1cc(C)ccc1C(=O)N1CCC[C@@H](CSC)C1,0
P3_05777,COc1cc(SC)ccc1C(=O)N1CCCC[C@@H]1CO,0
P3_05778,COc1cc(SC)ccc1C(=O)N1CCCCC1CO,0
P3_05779,COc1cc(SC)ccc1C(=O)N1CCC(OC)CC1C,0
P3_05780,CCc1c(OC)cccc1C(=O)N1CCC[C@@H](C)C1,0
P3_05781,CCc1c(OC)cccc1C(=O)N1CCC[C@H](C)C1,0
P3_05782,COc1cc(SC)ccc1C(=O)N1CCC(C)(CO)CC1,0
P3_05783,CCc1c(OC)cccc1C(=O)N1CCCC(C)C1,0
P3_05784,COc1cc(Cl)ccc1C(=O)N1CCC[C@@H](CSC)C1,1
P3_05785,COc1cc(Cl)ccc1C(=O)N1CCC[C@H](CSC)C1,1
P3_05786,COc1cc(SC)ccc1C(=O)N1CCCC(C)(CCO)C1,0
P3_05787,COc1cc(C)ccc1C(=O)N1CCC[C@H](OC)C1,0
P3_05788,COc1cc(C)ccc1C(=O)N1CCC[C@@H](OC)C1,0
P3_05789,COc1cc(SC)ccc1C(=O)N1CCCCC1CCO,0
P3_05790,COc1cc(N)ccc1C(=O)N1CCCC(OC)C1,0
P3_05791,COc1cc(N)ccc1C(=O)N1CCC[C@@H](OC)C1,0
P3_05792,COc1cc(N)ccc1C(=O)N1CCC[C@H](OC)C1,0
P3_05793,COc1cc(Cl)ccc1C(=O)N1CCC[C@H](OC)C1,0
P3_05794,COc1cc(Cl)ccc1C(=O)N1CCC[C@@H](OC)C1,0
P3_05795,COc1cc(SC)ccc1C(=O)N1CCC(OC)CC1(C)C,0
P3_05796,COc1cc(SC)ccc1C(=O)N1CCCCC1CCN,0
P3_05797,COc1cc(C)ccc1C(=O)N1CCC[C@H](C(C)C)C1,0
P3_05798,COc1cc(C)ccc1C(=O)N1CCC[C@@H](C(C)C)C1,0
P3_05799,COc1cc(C)ccc1C(=O)N1CCC[C@@H](CC(C)C)C1,0
P3_05800,COc1cc(C)ccc1C(=O)N1CCC[C@H](CC(C)C)C1,0
P3_05801,COc1cc(SC)ccc1C(=O)N1CCCCC1CCCO,0
P3_05802,COc1cc(C)ccc1C(=O)N1CCCC(CF)C1,0
P3_05803,COc1cc(CO)ccc1C(=O)N1CCC[C@@H](F)C1,0
P3_05804,COc1cc(C)ccc1C(=O)N1CCC[C@@H](CF)C1,0
P3_05805,COc1cc(Cl)ccc1C(=O)N1CCC[C@@H](C(C)C)C1,0
P3_05806,COc1cc(CO)ccc1C(=O)N1CCC[C@H](F)C1,0
P3_05807,COc1cc(Cl)ccc1C(=O)N1CCC[C@H](C(C)C)C1,0
P3_05808,COc1cc(C)ccc1C(=O)N1CCC[C@H](CF)C1,0
P3_05809,COc1cc(Cl)ccc1C(=O)N1CCC[C@H](CC(C)C)C1,0
P3_05810,COc1cc(Cl)ccc1C(=O)N1CCC[C@@H](CC(C)C)C1,0
P3_05811,COc1cc(SC)ccc1C(=O)N1CCC(CCN)CC1C,0
P3_05812,COc1cc(C)ccc1C(=O)N1CCC(C)CC1,0
P3_05813,COc1cc(C)ccc1C(=O)N1C[C@H](C)C[C@H](C)C1,0
P3_05814,COc1cc(C)ccc1C(=O)N1CC(C)CC(C)C1,0
P3_05815,COc1cc(C)ccc1C(=O)N1C[C@H](C)C[C@@H](C)C1,0
P3_05816,COc1cc(C)ccc1C(=O)N1C[C@@H](C)C[C@H](C)C1,0
P3_05817,COc1cc(C)ccc1C(=O)N1CC[C@H](C)[C@H](C)C1,0
P3_05818,COc1cc(C)ccc1C(=O)N1CC[C@@H](C)[C@H](C)C1,0
P3_05819,COc1cc(C)ccc1C(=O)N1CC[C@@H](C)[C@@H](C)C1,0
P3_05820,COc1cc(C)ccc1C(=O)N1CC[C@H](C)[C@@H](C)C1,0
P3_05821,COc1cc(SC)ccc1C(=O)N1CCCC(C(C)=O)C1,0
P3_05822,COc1cc(SC)ccc1C(=O)N1CCC[C@@H](C(=O)O)C1,0
P3_05823,COc1cc(SC)ccc1C(=O)N1CCC[C@H](C(=O)O)C1,0
P3_05824,COc1cc(SC)ccc1C(=O)N1CCCC(C(=O)O)C1,0
P3_05825,COc1cc(SC)ccc1C(=O)N1CCCC(C(N)=O)C1,0
P3_05826,COc1cc(SC)ccc1C(=O)N1CCC[C@H](C(N)=O)C1,0
P3_05827,COc1cc(SC)ccc1C(=O)N1CCC[C@@H](C(N)=O)C1,0
P3_05828,COc1cc(SC)ccc1C(=O)N1CCCC(CSC)C1,0
P3_05829,COc1cc(SC)ccc1C(=O)N1CCCC(C#N)C1,0
P3_05830,COc1cc(SC)ccc1C(=O)N1CCCC(C(F)F)C1,0
P3_05831,COc1cc(I)ccc1C(=O)N1CCC[C@@H](C)C1,0
P3_05832,COc1cc(I)ccc1C(=O)N1CCC[C@H](C)C1,0
P3_05833,COc1cc(I)ccc1C(=O)N1CCCC(C)C1,0
P3_05834,COc1cc(C(=O)O)ccc1C(=O)N1CCC[C@H](C)C1,0
P3_05835,COc1cc(C(=O)O)ccc1C(=O)N1CCCC(C)C1,0
P3_05836,COc1cc(Br)ccc1C(=O)N1CCCC(C)C1,0
P3_05837,COc1cc(C(=O)O)ccc1C(=O)N1CCC[C@@H](C)C1,0
P3_05838,COc1cc(N(C)C)ccc1C(=O)N1CCC[C@H](C)C1,0
P3_05839,COc1cc(CO)ccc1C(=O)N1CCCC(C)C1,0
P3_05840,COc1cc(N(C)C)ccc1C(=O)N1CCCC(C)C1,0
P3_05841,COc1cc(N(C)C)ccc1C(=O)N1CCC[C@@H](C)C1,0
P3_05842,COc1cc(C#N)ccc1C(=O)N1CCCC(C)C1,0
P3_05843,COc1cc(SC)ccc1C(=O)N1CCC(C)C(CO)C1,0
P3_05844,COc1cc(SC)ccc1C(=O)N1C[C@@H](O)C[C@H](O)C1,0
P3_05845,COc1cc(SC)ccc1C(=O)N1C[C@H](O)C[C@@H](O)C1,0
P3_05846,COc1cc(SC)ccc1C(=O)N1CCC(O)C(CO)C1,0
P3_05847,COc1cc(SC)ccc1C(=O)N1CCCC(C)(C)C1,0
P3_05848,COc1cc(SC)ccc1C(=O)N1CCCC(F)(F)C1,0
P3_05849,COc1cc(SC)ccc1C(=O)N1CCCC(C)C1CN,0
P3_05850,COc1cc(N)c(F)cc1C(=O)N1CCC[C@@H](C)C1,0
P3_05851,COc1cc(SC)ccc1C(=O)N1CCCC(NC(C)C)C1,0
P3_05852,COc1cc(SC)ccc1C(=O)N1CCCC(C(C)(C)O)C1,0
P3_05853,COc1cc(C)ccc1C(=O)N1CCCC(C)C1,0
P3_05854,COc1cc(SC)ccc1C(=O)N1CCCCC1,0
P3_05855,COc1cc(SC)ccc1C(=O)N1CCC[C@@H](OC(C)(C)C)C1,0
P3_05856,COc1cc(SC)ccc1C(=O)N1CCCC(OC(C)(C)C)C1,0
P3_05857,COc1cc(SC)ccc1C(=O)N1CCC[C@H](OC(C)(C)C)C1,0
P3_05858,COc1cc(Cl)ccc1C(=O)N1CCCC(C)C1,0
P3_05859,COc1cc(SC)ccc1C(=O)N1CCCC(COC(F)F)C1,0
P3_05860,COc1cc(SC)ccc1C(=O)N1CCC(OC)CC1,0
P3_05861,COc1ccc(C)cc1C(=O)N1CCC[C@H](C)C1,0
P3_05862,COc1ccc(C)cc1C(=O)N1CCC[C@@H](C)C1,0
P3_05863,COc1ccc(C)cc1C(=O)N1CCCC(C)C1,0
P3_05864,COc1cc(C)c(C(=O)N2CCC[C@@H](C)C2)cc1OC,0
P3_05865,COc1cc(C)c(C(=O)N2CCC[C@H](C)C2)cc1OC,0
P3_05866,COc1ccc(Br)cc1C(=O)N1CCC[C@@H](C)C1,0
P3_05867,COc1ccc(Cl)cc1C(=O)N1CCCC(C)C1,0
P3_05868,COc1ccc(F)cc1C(=O)N1CCC[C@@H](C)C1,0
P3_05869,COc1ccc(F)cc1C(=O)N1CCC[C@H](C)C1,0
P3_05870,COc1cc(SC)ccc1C(=O)N1CCC(CCF)CC1,0
P3_05871,COc1cc(SC)ccc1C(=O)N1CCC(CCO)CC1,0
P3_05872,COc1cc(SC)ccc1C(=O)N1CCC(OC)C(C)(C)C1,0
P3_05873,COc1cc(SC)ccc1C(=O)N1CCC(C(C)(C)OC)CC1,0
P3_05874,COc1cc(Cl)c(C(=O)N2CCC[C@H](C)C2)cc1OC,0
P3_05875,COc1cc(Cl)c(C(=O)N2CCC[C@@H](C)C2)cc1OC,0
P3_05876,COc1cc(SC)ccc1C(=O)N1CCC(C)(C)CC1,0
P3_05877,COc1cc(C)c(Br)cc1C(=O)N1CCC[C@@H](C)C1,0
P3_05878,COc1cc(C)c(Br)cc1C(=O)N1CCC[C@H](C)C1,0
P3_05879,COc1cc(SC)ccc1C(=O)N1CCC(CC(F)F)CC1,0
P3_05880,COc1cc(SC)ccc1C(=O)N1CCC(F)(F)CC1,0
P3_05881,COc1cc(I)c(Cl)cc1C(=O)N1CCC[C@@H](C)C1,0
P3_05882,COc1cc(Cl)c(Br)cc1C(=O)N1CCC[C@H](C)C1,0
P3_05883,COc1cc(Cl)c(Br)cc1C(=O)N1CCC[C@@H](C)C1,0
P3_05884,COc1cc(CCNCc2ccc(Cl)cc2)cc(OC)c1O,1
P3_05885,COc1cc(CNCCc2ccc(Cl)cc2)cc(Cl)c1O,1
P3_05886,COc1cc(CNCCc2ccc(Cl)cc2)cc(Br)c1O,1
P3_05887,COc1cc(CNCCc2ccc(O)cc2)cc(OC)c1O,1
P3_05888,COc1cc(CCNCc2cc(OC)c(O)c(OC)c2)ccc1Cl,1
P3_05889,COc1cc(CNCCc2ccc(Cl)cc2)cc(OC)c1OC,1
P3_05890,COc1cc(CNCCc2ccc(C)cc2)cc(OC)c1O,1
P3_05891,COc1cc(CNCCc2cc(Cl)cc(Cl)c2)cc(OC)c1O,1
P3_05892,COc1cc(CCNCc2cc(Cl)cc(Cl)c2)cc(OC)c1O,1
P3_05893,COc1cc(CNCCc2ccc(F)cc2)cc(OC)c1O,1
P3_05894,COc1cc(CNCCc2ccc(Br)cc2)cc(OC)c1O,1
P3_05895,COc1cc(CNCCc2cccc(Cl)c2)cc(OC)c1O,1
P3_05896,COc1cc(CNCCc2cc(OC)c(O)c(OC)c2)ccc1Cl,1
P3_05897,COc1ccc(CNCCc2ccc(Cl)cc2)cc1O,1
P3_05898,COc1cc(CNCCc2ccc(Cl)cc2Cl)cc(OC)c1O,1
P3_05899,COc1ccc(CCNCc2cc(Cl)c(O)c(OC)c2)cc1,1
P3_05900,COc1cc(CNCCc2ccc(Cl)c(C)c2)cc(OC)c1O,1
P3_05901,COc1cc(CNCCc2cc(Cl)ccc2Cl)cc(OC)c1O,1
P3_05902,COc1cc(CNCCc2ccc(C)cc2)cc(Cl)c1O,1
P3_05903,COc1cc(CNCCc2ccc(Cl)cc2)cc(Cl)c1OC,1
P3_05904,COc1cc(CNCCc2ccc(F)c(F)c2)cc(OC)c1O,0
P3_05905,COc1cc(CCNCc2ccc(Cl)c(Cl)c2)cc(OC)c1O,1
P3_05906,COc1cc(CCNCc2cc(OC)c(O)c(OC)c2)ccc1C,1
P3_05907,COc1c(O)cc(CNCCc2ccc(Cl)cc2)cc1O,1
P3_05908,COc1cc(CNCCc2ccc(F)cc2)cc(Cl)c1O,1
P3_05909,COc1cc(CCNCc2cccc(Cl)c2)cc(OC)c1O,1
P3_05910,COc1cc(CNCCc2ccc(Cl)cc2)cc(F)c1F,1
P3_05911,COc1cc(CCNCc2ccc(Cl)cc2Cl)cc(OC)c1O,1
P3_05912,COc1cc(CCNCc2cc(C)cc(Cl)c2)cc(OC)c1O,1
P3_05913,COc1cc(CNCCc2ccc(C)c(C)c2)cc(OC)c1O,1
P3_05914,COc1cc(CNCCc2cc(Cl)ccc2Br)cc(OC)c1O,1
P3_05915,COc1ccc(CNCCc2cc(OC)c(O)c(OC)c2)cc1,1
P3_05916,COc1cc(CCNCc2ccc(C)cc2)cc(OC)c1O,1
P3_05917,COc1cc(CCNCc2ccc(Cl)cc2)cc(O)c1OC,1
P3_05918,COc1cc(CCNCc2ccc(C)c(Cl)c2)cc(OC)c1O,1
P3_05919,COc1cc(CCNCc2ccc(Cl)c(C)c2)cc(OC)c1O,1
P3_05920,COc1cc(CNCCc2ccc(Cl)cc2)cc(Br)c1OC,1
P3_05921,COc1cc(CCNCc2cc(Cl)ccc2Cl)cc(OC)c1O,1
P3_05922,COc1cc(CNCCc2ccc(F)c(C)c2)cc(OC)c1O,0
P3_05923,COc1cc(CNCCc2ccc(Cl)cc2)cc(OC)c1,1
P3_05924,COc1cc(O)cc(CNCCc2ccc(Cl)cc2)c1,1
P3_05925,COc1cc(CNCCc2c(Cl)cccc2Cl)cc(OC)c1O,1
P3_05926,COc1cc(CCNCc2ccc(F)c(F)c2)cc(OC)c1O,0
P3_05927,COc1cc(CNCCc2ccc(F)c(F)c2)cc(Cl)c1O,1
P3_05928,COc1cc(CCNCc2cc(Cl)ccc2F)cc(OC)c1O,1
P3_05929,COc1cc(CCNCc2ccc(Cl)cc2C)cc(OC)c1O,1
P3_05930,COc1cc(CNCCc2cc(OC)c(O)c(OC)c2)ccc1C,1
P3_05931,COc1cc(CCNCc2ccc(F)cc2)cc(OC)c1O,0
P3_05932,COc1cc(CNCCc2ccccc2Cl)cc(OC)c1O,1
P3_05933,CCOc1cc(CNCCc2ccc(Cl)cc2)ccc1OC,1
P3_05934,COc1cc(CNCCc2cc(C)cc(C)c2)cc(OC)c1O,0
P3_05935,COc1cc(CNCCc2cc(C)c(O)c(C)c2)cc(OC)c1O,1
P3_05936,COc1cc(CNCCc2cc(OC)c(O)c(OC)c2)cc(OC)c1,1
P3_05937,COc1cc(CCNCc2cc(C)cc(C)c2)cc(OC)c1O,0
P3_05938,COc1cc(CNCCc2ccc(Cl)cc2Cl)cc(Cl)c1O,1
P3_05939,COc1cc(CNCCc2cccc(Cl)c2)cc(Cl)c1O,1
P3_05940,COc1cc(CCNCc2ccc(Cl)cc2F)cc(OC)c1O,1
P3_05941,COc1cc(CCNCc2c(Cl)cccc2Cl)cc(OC)c1O,1
P3_05942,COc1cc(CCNCc2ccc(C)c(C)c2)cc(OC)c1O,1
P3_05943,COc1cc(CNCCc2ccc(O)cc2)ccc1Cl,1
P3_05944,COc1cc(CNCCc2ccc(OC(C)C)cc2)cc(Cl)c1O,1
P3_05945,COc1cc(CNCCc2ccc(F)c(C)c2)cc(Cl)c1O,1
P3_05946,COc1cc(CNCCc2ccc(C)cc2)cc(Br)c1O,1
P3_05947,COc1cc(CNCCc2ccc(O)cc2)cc(Cl)c1OC,1
P3_05948,COc1cc(CNCCc2ccc(O)cc2)cc(OC)c1OC,1
P3_05949,COc1cc(CNCCc2ccc(O)cc2)cc(OC)c1C,1
P3_05950,COc1cc(CCNCc2ccccc2Cl)cc(OC)c1O,1
P3_05951,COc1cc(CNCCc2cccc(C)c2)cc(OC)c1O,0
P3_05952,COc1cc(CNCCc2ccc(OCCO)cc2)cc(Cl)c1O,1
P3_05953,COc1cc(CNCCc2cccc(Cl)c2Cl)cc(OC)c1O,1
P3_05954,COc1cc(OC)c(CNCCc2ccc(Cl)cc2)c(OC)c1,1
P3_05955,COc1cc(CNCCc2cccc(Cl)c2)cc(Br)c1O,1
P3_05956,COc1cc(CNCCc2cc(F)ccc2F)cc(OC)c1O,1
P3_05957,COc1cccc(CCNCc2ccc(Cl)cc2)c1O,1
P3_05958,COc1cc(CNCCc2cccc(F)c2)cc(OC)c1O,1
P3_05959,COc1cc(CNCCc2cccc(Br)c2)cc(OC)c1O,0
P3_05960,COc1cc(CNCCc2ccc(Br)cc2Cl)cc(OC)c1O,1
P3_05961,COc1cc(CCNCc2cccc(O)c2)cc(OC)c1O,0
P3_05962,COc1cc(CNCCc2ccccc2O)cc(OC)c1O,1
P3_05963,COc1cc(CNCCc2c(C)cccc2C)cc(OC)c1O,1
P3_05964,COc1cc(CCNCc2ccc(C)cc2Cl)cc(OC)c1O,1
P3_05965,COc1cc(CNCCc2c(Cl)cccc2Cl)cc(Cl)c1O,1
P3_05966,COc1cc(CCNCc2ccc(C)c(Br)c2)cc(OC)c1O,1
P3_05967,COc1cc(CCNCc2cc(O)ccc2Cl)cc(OC)c1O,1
P3_05968,COc1cc(CNCCc2ccc(CO)cc2)cc(Cl)c1OC,1
P3_05969,COc1cc(CNCCc2cc(F)cc(F)c2)cc(Cl)c1O,1
P3_05970,COc1ccc(CNCCc2cc(Cl)cc(Cl)c2)cc1OC,1
P3_05971,COc1cc(CNCCc2cccc(C)c2)cc(Cl)c1O,1
P3_05972,COc1cc(CNCCc2cccc(Cl)c2F)cc(OC)c1O,1
P3_05973,COc1cc(CNCCc2ccc(C)c(C#N)c2)cc(OC)c1O,1
P3_05974,COc1cccc(CCNCc2cc(Cl)c(O)c(OC)c2)c1,1
P3_05975,COc1cc(CNCCc2c(F)cccc2Cl)cc(OC)c1O,1
P3_05976,COc1cc(CCNCc2cc(F)cc(Cl)c2)ccc1O,1
P3_05977,COc1ccc(OC)c(CNCCc2ccc(Cl)cc2)c1,1
P3_05978,COc1ccc(CNCCc2ccc(Cl)cc2)c(OC)c1,1
P3_05979,COc1ccc(CNCCc2cc(Cl)cc(Cl)c2)cc1O,1
P3_05980,COc1cc(CNCCc2ccccc2)cc(Cl)c1O,1
P3_05981,COc1cc(CNCCc2cccc(CO)c2)cc(Cl)c1O,1
P3_05982,COc1cc(CNCCc2cccc(F)c2)cc(Cl)c1O,1
P3_05983,COc1ccc(CNCCc2cc(C)c(O)c(C)c2)cc1OC,1
P3_05984,COc1cc(CNCCc2cccc(C#N)c2)cc(Cl)c1O,1
P3_05985,COc1ccc(CNCCc2ccc(O)c(OC)c2)cc1O,1
P3_05986,COc1ccc(CCNCc2ccc(F)c(O)c2)cc1OC,1
P3_05987,COc1cc(CNCCc2cccc(Cl)c2)ccc1C,1
P3_05988,COc1cc(CNCCc2cccc(Cl)c2)ccc1F,1
P3_05989,COc1ccc(CNCCc2ccc(Cl)c(C)c2)cc1OC,1
P3_05990,COc1cc(CNCCc2cccc(CO)c2)ccc1Cl,1
P3_05991,COc1ccc(CNCCc2ccc(C)c(Cl)c2)cc1O,1
P3_05992,COc1ccc(CNCCc2ccc(Cl)c(C)c2)cc1O,1
P3_05993,COc1ccc(CCNCc2ccc(F)c(F)c2)cc1OC,1
P3_05994,COc1ccc(CCNCc2ccc(O)c(F)c2)cc1OC,1
P3_05995,COc1cc(CCNCc2cccc(O)c2)ccc1O,1
P3_05996,COc1ccc(CNCCc2ccc(C#N)cc2)cc1OC,1
P3_05997,COc1cc(CNCCc2cccc(C)c2)ccc1Cl,1
P3_05998,COc1cccc(CNCCc2ccc(Cl)c(OC)c2)c1,1
P3_05999,COc1cc(O)cc(CNCCc2ccc(F)c(Cl)c2)c1,1
P3_06000,CCOc1cc(CNCCc2ccc(C(F)(F)F)cc2)cc(Cl)c1O,1
P3_06001,COc1cc(O)cc(CNCCc2ccc(OC)c(C)c2)c1,1
P3_06002,COc1ccc(CNCCc2cccc(CO)c2)cc1OC,1
P3_06003,COc1ccc(CNCCc2ccc(O)cc2)c(OC)c1,1
P3_06004,COc1cc(CNCCc2cccc(F)c2)ccc1Cl,1
P3_06005,COc1cc(CNCCc2cccc(Cl)c2)ccc1C#N,1
P3_06006,COc1ccc(CNCCc2ccc(C)c(C)c2)cc1O,0
P3_06007,COc1cc(CNCCc2ccc(O)c(OC)c2)cc(C(F)(F)F)c1,1
P3_06008,COc1cc(O)cc(CNCCc2ccc(OC)c(F)c2)c1,1
P3_06009,CNc1cccc(CNCCc2ccc(O)c(OC)c2)c1,1
P3_06010,COc1ccc(CNCCc2ccc(F)c(Br)c2)cc1OC,1
P3_06011,COc1ccc(CNCCc2ccc(O)cc2)c(Br)c1O,0
P3_06012,COc1ccc(CNCCc2ccc(CO)cc2)c(Br)c1O,1
P3_06013,COc1cc(CNCCc2cccc(CO)c2)ccc1C,0
P3_06014,COc1ccc(CNCCc2ccc(C)cc2)c(Br)c1O,0
P3_06015,COc1ccc(CNCCc2ccc(OC)c(OC)c2)cc1C#N,1
P3_06016,COc1ccc(CNCCc2ccc(F)c(C)c2)cc1C,0
P3_06017,COc1cccc(CNCCc2ccc(OC)c(OC)c2)c1,1
P3_06018,COc1cc(CNCCc2ccc(O)cc2)cc(C(F)(F)F)c1,1
P3_06019,COc1cc(CNCCc2cccc(C)c2)ccc1C,0
P3_06020,COc1cccc(CNCCc2ccc(O)cc2)c1OC,1
P3_06021,COc1ccc(CNCCc2ccc(CO)cc2)c(Cl)c1,1
P3_06022,COc1cc(CNC[C@H](C)c2ccccc2)cc(Cl)c1O,1
P3_06023,COc1cc(CNCCc2ccc(C#N)c(C)c2)cc(OC)c1OC,1
P3_06024,COc1cc(CNCCc2ccc(C)c(C#N)c2)cc(OC)c1OC,1
P3_06025,COc1cc(O)cc(CNCCc2ccc(F)c(C)c2)c1,0
P3_06026,COc1cc(CNC[C@@H](C)c2ccccc2)cc(Cl)c1O,1
P3_06027,COc1cccc(CCNCc2ccc(C)c(O)c2)c1O,1
P3_06028,COc1cccc(CNCCc2ccc(C)c(OC)c2)c1,1
P3_06029,Oc1cc(Cl)cc(CNCCc2ccc(F)c(F)c2)c1,1
P3_06030,COc1cccc(CNCCc2ccc(CO)cc2)c1,1
P3_06031,COc1cc(CNCCc2cccc(F)c2)ccc1C,1
P3_06032,COc1cccc(CNCCc2cccc(Cl)c2)c1OC,1
P3_06033,COc1cc(Cl)cc(CNCCc2cccc(C)c2)c1,1
P3_06034,COc1cc(CCNCc2cccc(N)c2)ccc1C,0
P3_06035,COc1cc(CNCCc2ccccc2)c(F)cc1Cl,1
P3_06036,COc1cc(C)cc(CNCCc2cccc(Cl)c2)c1,1
P3_06037,COc1ccc(CNCCc2ccc(Cl)cc2F)cc1C#N,1
P3_06038,COc1ccc(CNCCc2ccc(C)c(C#N)c2)cc1O,0
P3_06039,COc1ccc(CNCCc2ccc(C#N)cc2)c(Br)c1O,0
P3_06040,COc1ccc(CNCCc2ccc(I)cc2)cc1,1
P3_06041,COc1cc(CNCCc2cccc(CO)c2)ccc1C#N,0
P3_06042,COc1ccc(CNCCc2ccc(C)c(C#N)c2)cc1Cl,1
P3_06043,COc1ccc(CNCCc2cccc(Cl)c2)c(OC)c1,1
P3_06044,COc1ccc(CCNCc2cccc(C#N)c2)cc1OC,1
P3_06045,COc1ccc(CNCCc2ccc(C)cc2)cc1[N+](=O)[O-],1
P3_06046,COc1ccc(CCNCc2cccc(C(F)(F)F)c2)cc1OC,1
P3_06047,COc1ccc(CNCCc2ccc(C)c(C#N)c2)cc1OC,1
P3_06048,COc1cccc(CNCCc2cc(C)c(O)c(C)c2)c1,1
P3_06049,COc1cccc(CNCCc2ccc(CO)cc2)c1OC,1
P3_06050,COc1ccc(CNCCc2ccc(N)cc2)c(OC)c1,1
P3_06051,COc1ccc(CNCCc2ccc(F)cc2)c(OC)c1,0
P3_06052,COc1cccc(CNCCc2ccc(CO)cc2)c1C,0
P3_06053,COc1cc(Cl)cc(CNCCc2ccc(C)c(C#N)c2)c1,1
P3_06054,CCCOc1ccc(CNCCc2cc(F)cc(F)c2)cc1OC,1
P3_06055,COc1cccc(CNCCc2ccc(O)cc2)c1C#N,1
P3_06056,COc1cccc(CCNCc2ccc(C)c(O)c2)c1OC,1
P3_06057,COc1cccc(CNCCc2ccc(Cl)c(C)c2)c1OC,1
P3_06058,COc1cc(CNCCc2cccc(C)c2)ccc1C#N,0
P3_06059,COc1cc(CNCCc2cccc(C#N)c2)ccc1C#N,0
P3_06060,COc1cccc(CNCCc2ccc(OC)c(F)c2)c1,1
P3_06061,COc1cc(O)cc(CNCCc2cc(F)cc(F)c2)c1,1
P3_06062,OCc1cccc(CCNCc2cc(O)cc(Cl)c2)c1,1
P3_06063,COc1cc(CNCCc2cccc(Br)c2)ccc1C#N,0
P3_06064,COc1cccc(CCNCc2ccc(O)c(F)c2)c1OC,1
P3_06065,COc1cc(Cl)cc(CNCCc2cccc(C#N)c2)c1,0
P3_06066,CNc1ccc(CNCCc2cc(C)c(O)c(C)c2)cc1,1
P3_06067,COc1cccc(CNCCc2ccc(F)c(F)c2)c1OC,0
P3_06068,COc1cccc(CNCCc2ccc(F)c(F)c2)c1C,1
P3_06069,COc1ccc(CNCCc2ccc(CO)cc2)c(C)c1,0
P3_06070,COc1cc(O)cc(CNCCc2ccc(C)c(C#N)c2)c1,1
P3_06071,CNc1cccc(CNCCc2ccc(OC)c(F)c2)c1,0
P3_06072,COc1cccc(CNCCc2ccc(CO)cc2)c1C#N,1
P3_06073,COc1cccc(CNCCc2ccc(I)cc2)c1F,1
P3_06074,COc1ccc(CNCCc2ccc(CO)cc2)c(F)c1,1
P3_06075,COc1cc(CNCCc2ccc(C(C)C)cc2)cc(OC)c1O,1
P3_06076,COc1cc(CNCCc2ccccc2)cc(OC)c1O,1
P3_06077,COc1cc(CCNCc2cc(OC)c(O)c(OC)c2)ccc1F,0
P3_06078,COc1cc(CCNCc2ccc(Cl)cc2)ccc1O,1
P3_06079,COc1cc(CNCCc2ccc(CN(C)C)cc2)cc(OC)c1O,1
P3_06080,COc1cc(CNCCc2ccc(SC)cc2)cc(OC)c1O,1
P3_06081,COc1cc(CNCCc2ccc(N(C)C)cc2)cc(OC)c1O,1
P3_06082,COc1ccc(CNCCc2cc(OC)c(O)c(OC)c2)cc1Cl,1
P3_06083,COc1cc(CNCCc2cc(OC)c(O)c(OC)c2)ccc1F,0
P3_06084,COc1cc(CNCCc2ccc(C(C)C)cc2)cc(Cl)c1O,1
P3_06085,CCc1ccc(CNCCc2cc(OC)c(O)c(OC)c2)cc1,1
P3_06086,COc1cc(CNCCc2ccc(OC(C)C)cc2)cc(OC)c1O,1
P3_06087,COc1cc(CNCCc2ccc(CN(C)C)cc2)cc(Cl)c1O,1
P3_06088,CCOc1cc(CNCCc2ccc(Cl)cc2)cc(Cl)c1O,1
P3_06089,COc1ccc(CNCCc2cc(OC)c(O)c(OC)c2)cc1O,0
P3_06090,COc1cc(CNCCc2ccc(OC(F)F)cc2)cc(OC)c1O,1
P3_06091,COc1cc(CCNCc2ccc(Cl)c(F)c2)cc(OC)c1O,1
P3_06092,COc1cc(CCNCc2ccc(CCN(C)C)cc2)cc(OC)c1O,0
P3_06093,COc1ccc(CNCCc2cc(OC)c(O)c(OC)c2)cc1C,0
P3_06094,COc1ccc(CCNCc2cc(Cl)c(O)c(OC)c2)cc1F,1
P3_06095,COc1cc(CCNCc2ccc(SC)cc2)cc(OC)c1O,1
P3_06096,COc1ccc(CNCCc2cc(OC)c(O)c(OC)c2)cc1F,0
P3_06097,COc1ccc(CNCCc2cc(OC)c(O)c(OC)c2)cc1Br,1
P3_06098,COc1cc(CCNCc2ccc(C)c(O)c2)cc(OC)c1O,1
P3_06099,COc1cc(CCNCc2ccc(CSC)cc2)cc(OC)c1O,1
P3_06100,COc1cc(CNCCc2ccc(OC(F)F)cc2)cc(Cl)c1O,1
P3_06101,COc1cc(CCNCc2cc(C)cc(Cl)c2)ccc1O,1
P3_06102,COc1cc(CCNCc2ccc(CCCC#N)cc2)cc(OC)c1O,1
P3_06103,COc1cc(CCNCc2ccc(C)c(F)c2)cc(OC)c1O,0
P3_06104,COc1cc(CNCCc2cc(OC)c(O)c(OC)c2)ccc1C#N,1
P3_06105,COc1ccc(CNCCc2cc(OC)c(O)c(OC)c2)c(Cl)c1,1
P3_06106,CCc1cccc(CNCCc2cc(OC)c(O)c(OC)c2)c1,1
P3_06107,COc1cc(CCNCc2ccc(Cl)c(OC)c2)ccc1O,1
P3_06108,COc1cccc(CNCCc2cc(OC)c(O)c(OC)c2)c1,0
P3_06109,COc1cc(CCNCc2ccc(F)cc2Cl)cc(OC)c1O,1
P3_06110,COc1cc(CCNCc2cccc(Cl)c2Cl)cc(OC)c1O,1
P3_06111,CCOc1cc(CNCCc2ccc(OC)c(OC)c2)cc(Cl)c1O,1
P3_06112,CCOc1cc(CNCCc2ccc(OC)cc2)cc(Cl)c1O,1
P3_06113,CCOc1cc(CNCCc2ccc(F)c(OC)c2)cc(Cl)c1O,1
P3_06114,Cc1ccc(C=CC(=O)c2cccc(C(=O)O)c2)cc1,1
P3_06115,Cc1ccccc1C(=O)C=Cc1ccc(O)c(C(=O)O)c1,1
P3_06116,COc1cc(C=CC(=O)c2cccc(C(=O)O)c2)cc(OC)c1O,0
P3_06117,Cc1cccc(C=CC(=O)c2cc(C(=O)O)ccc2O)c1,1
P3_06118,Cc1ccc(C(=O)C=Cc2cccc(C(=O)O)c2)c(O)c1,1
P3_06119,Cc1ccc(C(=O)C=Cc2ccc(C(=O)O)cc2)c(O)c1,1
P3_06120,Cc1cc(C)c(C(=O)O)cc1C=CC(=O)c1ccccc1O,1
P3_06121,COc1ccc(C(=O)C=Cc2cccc(C(=O)O)c2)c(O)c1,1
P3_06122,COc1cccc(C=CC(=O)c2cc(C(=O)O)ccc2O)c1,1
P3_06123,COc1cc(C(=O)C=Cc2cccc(C(=O)O)c2)c(OC)cc1O,1
P3_06124,O=C(O)c1ccc(O)c(C(=O)C=Cc2ccccc2F)c1,0
P3_06125,Cc1ccccc1C=CC(=O)c1cc(C(=O)O)ccc1O,1
P3_06126,COc1cc(C=CC(=O)c2cccc(C(=O)O)c2)cc(Cl)c1O,0
P3_06127,COc1ccc(O)c(C(=O)C=Cc2ccc(C(=O)O)cc2)c1,1
P3_06128,COc1ccc(C(=O)C=Cc2cccc(C(=O)O)c2)cc1OC,1
P3_06129,COc1ccc(C=CC(=O)c2cc(C(=O)O)ccc2O)cc1,1
P3_06130,COc1ccc(C(=O)C=Cc2ccc(C(=O)O)cc2)c(O)c1,1
P3_06131,COc1ccc(C=CC(=O)c2ccc(C(=O)O)cc2O)cc1,1
P3_06132,Cc1ccc(C=CC(=O)c2cc(F)ccc2O)cc1,1
P3_06133,COc1ccc(C(=O)C=Cc2ccc(O)cc2)c(O)c1,1
P3_06134,COc1cccc(C=CC(=O)c2ccc(O)c(C)c2)c1,1
P3_06135,COc1ccccc1C=CC(=O)c1cc(C(=O)O)ccc1O,1
P3_06136,COc1ccc(C=CC(=O)c2ccccc2O)c(Br)c1O,1
P3_06137,O=C(C=Cc1cccc(C(=O)O)c1Cl)c1ccc(O)cc1,1
P3_06138,Cc1cc(C(=O)C=Cc2cc(F)c(O)c(F)c2)ccc1O,1
P3_06139,COc1cc(C=CC(=O)c2cccc(C(=O)O)c2)cc(OC)c1,1
P3_06140,Cc1ccc(C(=O)C=Cc2ccc(O)c(C(=O)O)c2)cc1,1
P3_06141,Cc1ccc(C(=O)C=Cc2cc(F)c(O)c(F)c2)c(C)c1,0
P3_06142,CCOc1cccc(C=CC(=O)c2cc(C(=O)O)ccc2O)c1,1
P3_06143,COc1ccc(C)cc1C(=O)C=Cc1ccc(O)c(C(=O)O)c1,1
P3_06144,COc1ccc(C(=O)C=Cc2cccc(F)c2)c(O)c1,1
P3_06145,COc1ccc(C)cc1C(=O)C=Cc1cc(Br)c(O)c(OC)c1,1
P3_06146,COc1cccc(C=CC(=O)c2ccc(O)c(Cl)c2)c1,1
P3_06147,Cc1ccc(O)c(C(=O)C=Cc2cccc(C(=O)O)c2Cl)c1,1
P3_06148,Cc1cc(C(=O)C=Cc2ccc(O)c(C(=O)O)c2)ccc1O,1
P3_06149,O=C(O)c1ccc(O)c(C(=O)C=Cc2c(F)cccc2F)c1,0
P3_06150,C=CCc1cc(C=CC(=O)c2ccccc2O)cc(OC)c1O,1
P3_06151,CCOc1ccc(C=CC(=O)c2cc(C(=O)O)ccc2O)cc1,1
P3_06152,COc1cccc(C(=O)C=Cc2ccc(O)c(C(=O)O)c2)c1,1
P3_06153,COC(=O)c1cccc(C=CC(=O)c2ccc(OC)c(O)c2)c1,1
P3_06154,COc1cc(C=CC(=O)c2cccc(O)c2)cc(Cl)c1O,1
P3_06155,COc1cc(C=CC(=O)c2ccc(O)c(C)c2)cc(OC)c1O,1
P3_06156,O=C(C=Cc1cccc(C(=O)O)c1Cl)c1cccc(O)c1,0
P3_06157,COc1ccc(C(=O)C=Cc2ccc(F)cc2)c(O)c1,1
P3_06158,COc1cc(C(=O)C=Cc2cc(F)c(O)c(F)c2)ccc1F,1
P3_06159,COc1cc(C=CC(=O)c2cccc(C)c2)cc(Br)c1O,1
P3_06160,COc1cc(C=CC(=O)c2cc(C)ccc2O)cc(Cl)c1O,1
P3_06161,COc1ccc(C(=O)C=Cc2cccc(OCCC(=O)O)c2)c(O)c1,1
P3_06162,COc1ccc(C(=O)C=Cc2cc(F)c(O)c(F)c2)c(O)c1,1
P3_06163,COc1ccc(C(=O)C=Cc2ccc(O)c(C(=O)O)c2)cc1,1
P3_06164,COc1ccc(OC)c(C(=O)C=Cc2ccc(C(=O)O)cc2)c1,0
P3_06165,CCOc1ccc(C(=O)C=Cc2cc(F)c(O)c(F)c2)cc1,1
P3_06166,COc1cc(C=CC(=O)c2ccc(O)c(Cl)c2)cc(OC)c1O,1
P3_06167,COc1cc(C=CC(=O)c2ccc(O)cc2)cc(Cl)c1O,1
P3_06168,CCOc1ccccc1C=CC(=O)c1cc(C(=O)O)ccc1O,1
P3_06169,COc1cc(C=CC(=O)c2cccc(Cl)c2)cc(Br)c1O,1
P3_06170,COc1cc(C=CC(=O)c2cccc(Br)c2)cc(Cl)c1O,1
P3_06171,O=C(O)Cc1ccc(C(=O)C=Cc2c(F)cccc2F)cc1,0
P3_06172,COc1cc(C)c(C(=O)C=Cc2cc(C)c(O)c(C)c2)cc1OC,1
P3_06173,COc1cc(C=CC(=O)c2cccc(C)c2)ccc1O,1
P3_06174,COc1cc(C=CC(=O)c2ccc(Br)c(C)c2)cc(OC)c1O,1
P3_06175,COc1cc(Br)c(C=CC(=O)c2ccccc2O)cc1O,1
P3_06176,CCOc1cccc(C=CC(=O)c2ccc(OC)c(O)c2)c1,1
P3_06177,Cc1ccc(F)c(C(=O)C=Cc2cc(C)c(O)c(C)c2)c1,1
P3_06178,CC(=O)Nc1cccc(C(=O)C=Cc2ccc(O)cc2)c1,1
P3_06179,CC(=O)Nc1cccc(C(=O)C=Cc2cccc(C(=O)O)c2)c1,1
P3_06180,CC(C)Cc1ccc(C(=O)C=Cc2cccc(O)c2)cc1,0
P3_06181,CC(=O)Nc1cccc(C(=O)C=Cc2cc(C)c(O)c(C)c2)c1,1
P3_06182,CC(=O)Nc1cccc(C(=O)C=Cc2cc(F)c(O)c(F)c2)c1,1
P3_06183,CN(C)Cc1cccc(C(=O)C=Cc2cc(F)c(O)c(F)c2)c1,1
P3_06184,CC(=O)Nc1cccc(C(=O)C=Cc2ccc(C)cc2)c1,1
P3_06185,CC(=O)Nc1cccc(C(=O)C=Cc2ccc(Cl)cc2)c1,1
P3_06186,CC(=O)Nc1cccc(C(=O)C=Cc2ccc(F)cc2)c1,1
P3_06187,O=C(O)COc1cccc(C(=O)C=Cc2ccc(O)c(Cl)c2)c1,1
P3_06188,CN(C)Cc1cccc(C(=O)C=Cc2ccc(O)c(C(=O)O)c2)c1,1
P3_06189,CC(=O)Nc1cccc(C(=O)C=Cc2ccc(C(F)(F)F)cc2)c1,1
P3_06190,CC(=O)Nc1ccc(C(=O)C=Cc2cccc(C#N)c2)cc1,1
P3_06191,CC(=O)Nc1cccc(C(=O)C=Cc2ccc(C(F)F)cc2)c1,1
P3_06192,CC(=O)Nc1cccc(C(=O)C=Cc2cc(C)cc(C)c2)c1,1
P3_06193,CC(=O)Nc1cccc(C(=O)C=Cc2ccc(O)c(F)c2)c1,1
P3_06194,CC(=O)Nc1cccc(C(=O)C=Cc2cc(Cl)cc(Cl)c2)c1,1
P3_06195,CN(C)Cc1cccc(C(=O)C=Cc2ccc(O)c(Br)c2)c1,1
P3_06196,CC(=O)Nc1cccc(C(=O)C=Cc2ccc(Br)c(F)c2)c1,1
P3_06197,O=C(O)Cc1ccc(C(=O)C=Cc2ccc(Cl)c(F)c2)cc1,1
P3_06198,O=C(O)Cc1ccc(C(=O)C=Cc2ccc(Cl)c(Br)c2)cc1,1
P3_06199,O=C(O)Cc1ccc(C(=O)C=Cc2ccc(F)c(Cl)c2)cc1,1
P3_06200,O=C(O)Cc1ccc(C(=O)C=Cc2ccc(Br)c(Cl)c2)cc1,1
P3_06201,O=C(O)Cc1ccc(C(=O)C=Cc2ccc(F)c(Br)c2)cc1,0
P3_06202,CC(C)Cc1cccc(C(=O)C=Cc2ccc(O)c(CO)c2)c1,0
P3_06203,CC(=O)Nc1cccc(C(=O)C=Cc2ccc(F)c(F)c2)c1,1
P3_06204,COc1ccc(C(=O)C=Cc2ccc(O)c(F)c2)cc1CC(=O)O,0
P3_06205,CN(C)Cc1cccc(C(=O)C=Cc2ccc(F)c(F)c2)c1,0
P3_06206,CC(=O)Nc1ccc(C(=O)C=Cc2ccc(F)c(F)c2)cc1,1
P3_06207,CC(=O)Nc1cccc(C(=O)C=Cc2ccc(Cl)c(F)c2)c1,1
P3_06208,CC(=O)Nc1ccc(C(=O)C=Cc2ccc(C)c(F)c2)cc1,1
P3_06209,CC(=O)Nc1cccc(C(=O)C=Cc2ccc(C#N)c(C)c2)c1,1
P3_06210,CC(=O)Nc1ccc(C(=O)C=Cc2ccc(Cl)c(F)c2)cc1,1
P3_06211,CC(=O)Nc1cccc(C(=O)C=Cc2ccc(F)c(C#N)c2)c1,1
P3_06212,COC(=O)/C=C/c1ccc2cc[nH]c2c1,1
P3_06213,C=C(C)CCOC(=O)/C=C\c1ccc2[nH]ccc2c1,1
P3_06214,C=C(C)CCOC(=O)/C=C/c1ccc2[nH]ccc2c1,1
P3_06215,C=C(C)COC(=O)/C=C\c1ccc2[nH]ccc2c1,0
P3_06216,C=C(C)COC(=O)/C=C/c1ccc2[nH]ccc2c1,0
P3_06217,COC(=O)/C=C\c1ccc2[nH]ccc2c1,1
P3_06218,CCCOC(=O)/C=C\c1ccc2[nH]ccc2c1,1
P3_06219,CCCOC(=O)/C=C/c1ccc2[nH]ccc2c1,1
P3_06220,CC(=O)COC(=O)/C=C\c1ccc2[nH]ccc2c1,1
P3_06221,CC(=O)COC(=O)/C=C/c1ccc2[nH]ccc2c1,1
P3_06222,CC(C)OC(=O)/C=C\c1ccc2[nH]ccc2c1,1
P3_06223,CCOC(=O)/C=C\c1ccc2[nH]ccc2c1,1
P3_06224,CC(C)OC(=O)/C=C/c1ccc2[nH]ccc2c1,1
P3_06225,CCOC(=O)/C=C/c1ccc2[nH]ccc2c1,1
P3_06226,C=C(Cl)COC(=O)/C=C/c1ccc2[nH]ccc2c1,1
P3_06227,CC(C)=CCOC(=O)/C=C\c1ccc2[nH]ccc2c1,1
P3_06228,CC(C)=CCOC(=O)/C=C/c1ccc2[nH]ccc2c1,1
P3_06229,C=C(Cl)COC(=O)/C=C\c1ccc2[nH]ccc2c1,1
P3_06230,O=C(/C=C/c1ccc2[nH]ccc2c1)OCCO,0
P3_06231,O=C(/C=C\c1ccc2[nH]ccc2c1)OCCO,0
P3_06232,C[C@@H](OC(=O)/C=C\c1ccc2[nH]ccc2c1)C(F)(F)F,1
P3_06233,C[C@H](OC(=O)/C=C\c1ccc2[nH]ccc2c1)C(F)(F)F,1
P3_06234,CC(C)[C@H](C)OC(=O)/C=C/c1ccc2[nH]ccc2c1,1
P3_06235,CC(C)[C@@H](C)OC(=O)/C=C/c1ccc2[nH]ccc2c1,1
P3_06236,CC(C)[C@H](C)OC(=O)/C=C\c1ccc2[nH]ccc2c1,1
P3_06237,O=C(/C=C\c1ccc2[nH]ccc2c1)OCCF,1
P3_06238,CC(C)[C@@H](C)OC(=O)/C=C\c1ccc2[nH]ccc2c1,1
P3_06239,O=C(/C=C/c1ccc2[nH]ccc2c1)OCCF,1
P3_06240,C=C(C)CCOc1ccc2cc[nH]c2c1,1
P3_06241,C=C(CC)COc1ccc2cc[nH]c2c1,1
P3_06242,CCC/C=C/c1ccc2[nH]ccc2c1,1
P3_06243,COC/C(C)=C/COc1ccc2cc[nH]c2c1,1
P3_06244,CCCCCOc1ccc2cc[nH]c2c1,1
P3_06245,CC/C=C/CCOc1ccc2cc[nH]c2c1,1
P3_06246,C=C(C)c1ccc2cc[nH]c2c1C,1
P3_06247,CC(C)CN(C)c1ccc2cc[nH]c2c1,0
P3_06248,CC(C)[C@@H](O)CCOc1ccc2cc[nH]c2c1,1
P3_06249,CC(C)[C@H](O)CCOc1ccc2cc[nH]c2c1,1
P3_06250,CC(C)=Cc1ccc2cc(C)[nH]c2c1,0
P3_06251,CCCCN(C)c1ccc2cc[nH]c2c1,0
P3_06252,CCCCOC(=O)/C=C/c1ccc2[nH]ccc2c1,1
P3_06253,CC(C)COC(=O)/C=C/c1ccc2[nH]ccc2c1,1
P3_06254,C[C@H](O)COC(=O)/C=C/c1ccc2[nH]ccc2c1,1
P3_06255,C[C@@H](O)COC(=O)/C=C/c1ccc2[nH]ccc2c1,1
P3_06256,CCC(=O)N(C)c1ccc2cc[nH]c2c1,0
P3_06257,CN(C(=O)CO)c1ccc2cc[nH]c2c1,0
P3_06258,CN(C(=O)C(F)F)c1ccc2cc[nH]c2c1,0
P3_06259,C[C@@H](O)C(=O)N(C)c1ccc2cc[nH]c2c1,0
P3_06260,CC(O)C(=O)N(C)c1ccc2cc[nH]c2c1,0
P3_06261,CN(C(=O)CCF)c1ccc2cc[nH]c2c1,0
P3_06262,CCC(C)(C)NC(=O)c1ccc2cc[nH]c2c1,1
P3_06263,CCN(CCO)C(=O)c1ccc2cc[nH]c2c1,0
P3_06264,CCN(CCF)C(=O)c1ccc2cc[nH]c2c1,0
P3_06265,CCN(CCN)C(=O)c1ccc2cc[nH]c2c1,0
P3_06266,CCC/C=C/c1ccc2cc(C)[nH]c2c1,1
P3_06267,C=C(Br)COC(=O)/C=C/c1ccc2[nH]ccc2c1,1
P3_06268,C=C(Br)COC(=O)/C=C\c1ccc2[nH]ccc2c1,1
P3_06269,C=C(C)CN(C)C(=O)c1ccc2cc[nH]c2c1,0
P3_06270,C=C(C)CCOc1ccc2[nH]ccc2c1,1
P3_06271,C/C=C(/C)C(=O)N(C)c1ccc2cc[nH]c2c1,0
P3_06272,C/C=C(\C)C(=O)N(C)c1ccc2cc[nH]c2c1,0
P3_06273,COC(=O)/C(C)=C/COC(=O)/C=C/c1ccc2[nH]ccc2c1,1
P3_06274,C=C(C)COc1ccc2[nH]ccc2c1,1
P3_06275,CC(C)c1ccc(CNCC(O)c2ccc(Cl)cc2)cc1,1
P3_06276,CC(C)c1ccc(CNC[C@H](O)c2ccc(F)cc2)cc1,1
P3_06277,CC(C)c1ccc(CNC[C@@H](O)c2ccc(F)cc2)cc1,1
P3_06278,CC(C)c1ccc(CNCC(O)c2ccc(F)cc2)cc1,1
P3_06279,CC(C)c1ccc(CNCC(O)c2cccc(Cl)c2)cc1,1
P3_06280,CC(C)c1ccc(CNCC(O)c2ccccc2Cl)cc1,1
P3_06281,CC(C)c1ccc(CNCC(N)c2ccccc2)cc1,1
P3_06282,CC(C)c1ccc(CNC[C@@H](N)c2ccccc2)cc1,1
P3_06283,CC(C)c1ccc(CNCC(O)c2ccc(S(C)(=O)=O)cc2)cc1,1
P3_06284,CC(C)c1cc(O)cc(CNCC(O)c2ccccc2)c1,1
P3_06285,CC(C)c1cc(O)cc(CNC[C@H](O)c2ccccc2)c1,1
P3_06286,CC(C)c1cc(O)cc(CNC[C@@H](O)c2ccccc2)c1,1
P3_06287,CC(C)c1ccc(CNCC(C(=O)O)c2ccccc2)cc1,1
P3_06288,CC(O)c1ccc(CNC[C@@H](O)c2ccc(Cl)cc2)cc1,1
P3_06289,CC(O)c1ccc(CNC[C@H](O)c2ccc(Cl)cc2)cc1,1
P3_06290,CC(C)c1ccc(CNCC(O)c2ccc(F)c(F)c2)cc1,0
P3_06291,Cc1ccc(CNC[C@H](O)c2ccccc2)cc1Cl,1
P3_06292,Cc1ccc(CNCC(O)c2ccccc2)cc1Cl,1
P3_06293,Cc1ccc(CNC[C@@H](O)c2ccccc2)cc1Cl,1
P3_06294,CC(C)c1cccc(CNC[C@H](O)c2ccc(F)cc2)c1,1
P3_06295,CC(C)c1cccc(CNC[C@@H](O)c2ccc(F)cc2)c1,1
P3_06296,CC(O)c1ccc(CNCC(O)c2cccc(Cl)c2)cc1,1
P3_06297,CC(C)c1cccc(CNCC(O)c2ccc(F)cc2)c1,1
P3_06298,CC(O)c1ccc(CNC[C@@H](O)c2ccc(Br)cc2)cc1,1
P3_06299,CC(O)c1ccc(CNC[C@H](O)c2ccc(Br)cc2)cc1,1
P3_06300,CC(O)c1ccc(CNCC(O)c2ccc(Br)cc2)cc1,1
P3_06301,CC(O)c1ccc(CNC[C@H](O)c2ccccc2Cl)cc1,1
P3_06302,CC(O)c1ccc(CNCC(O)c2ccccc2Cl)cc1,1
P3_06303,CC(O)c1ccc(CNC[C@@H](O)c2ccccc2Cl)cc1,1
P3_06304,CC(C)c1ccc(CNC(C)C(O)c2ccccc2)cc1,1
P3_06305,C[C@@H](O)c1cccc(CNCC(O)c2ccc(Cl)cc2)c1,1
P3_06306,C[C@@H](O)c1cccc(CNC[C@H](O)c2ccc(Cl)cc2)c1,1
P3_06307,C[C@@H](O)c1cccc(CNC[C@@H](O)c2ccc(Cl)cc2)c1,1
P3_06308,CC(C)Oc1ccc(CNC[C@@H](O)c2ccccc2)cc1O,1
P3_06309,CC(C)Oc1ccc(CNC[C@H](O)c2ccccc2)cc1O,1
P3_06310,CC(C)Oc1ccc(CNCC(O)c2ccccc2)cc1O,1
P3_06311,CC(O)c1ccc(CNC[C@H](O)c2ccc(Cl)c(Cl)c2)cc1,1
P3_06312,CC(O)c1ccc(CNC[C@@H](O)c2ccc(Cl)c(Cl)c2)cc1,1
P3_06313,CC(C)Oc1cccc(CNCC(O)c2ccccc2)c1,1
P3_06314,CC(C)Oc1cccc(CNC[C@H](O)c2ccccc2)c1,1
P3_06315,CC(C)Oc1cccc(CNC[C@@H](O)c2ccccc2)c1,1
P3_06316,CC(O)Cc1ccc(CNCC(O)c2cccc(Cl)c2)cc1,1
P3_06317,CC(O)Cc1ccc(CNC[C@@H](O)c2cccc(Cl)c2)cc1,1
P3_06318,CC(C)c1cccc(CNCC(O)c2ccc(S(C)(=O)=O)cc2)c1,1
P3_06319,Oc1c(Br)cc(CNC[C@H](O)c2ccccc2)cc1Br,1
P3_06320,Oc1c(Br)cc(CNC[C@@H](O)c2ccccc2)cc1Br,1
P3_06321,Oc1c(Br)cc(CNCC(O)c2ccccc2)cc1Br,1
P3_06322,CC(C)c1ccc(CNC(=O)[C@H](O)c2ccccc2)cc1,1
P3_06323,CC(C)c1ccc(C(=O)NC[C@H](O)c2ccccc2)cc1,1
P3_06324,CC(C)c1ccc(C(=O)NC[C@@H](O)c2ccccc2)cc1,1
P3_06325,CC(C)c1ccc(CNC(=O)[C@@H](O)c2ccccc2)cc1,1
P3_06326,CC(O)c1ccc(CNCC(O)c2ccccc2Br)cc1,1
P3_06327,CC(C)N(C)Cc1cccc(CNC[C@@H](O)c2ccccc2)c1,1
P3_06328,CC(C)N(C)Cc1cccc(CNC[C@H](O)c2ccccc2)c1,1
P3_06329,CC(C)c1cccc(CNCC(O)c2ccc(F)c(F)c2)c1,1
P3_06330,CC(C)N(C)Cc1cccc(CNCC(O)c2ccccc2)c1,1
P3_06331,C[C@@H](NC[C@H](O)c1ccc(Cl)cc1)c1ccccc1,1
P3_06332,C[C@H](NC[C@@H](O)c1ccc(Cl)cc1)c1ccccc1,1
P3_06333,C[C@H](NC[C@H](O)c1ccc(Cl)cc1)c1ccccc1,1
P3_06334,CC(NCC(O)c1ccc(Cl)cc1)c1ccccc1,1
P3_06335,CC(NC[C@@H](O)c1ccc(Cl)cc1)c1ccccc1,1
P3_06336,CC(NC[C@H](O)c1ccc(Cl)cc1)c1ccccc1,1
P3_06337,C[C@@H](NC[C@@H](O)c1ccc(Cl)cc1)c1ccccc1,1
P3_06338,C[C@H](NCC(O)c1ccccc1)c1ccc(O)cc1,1
P3_06339,C[C@H](NC[C@@H](O)c1ccccc1)c1ccc(O)cc1,1
P3_06340,C[C@H](NC[C@H](O)c1ccccc1)c1ccc(O)cc1,1
P3_06341,COc1ccc(CNC[C@@H]([NH3+])c2ccc(C(C)C)cc2)cc1,1
P3_06342,COc1ccc(CNC[C@H]([NH3+])c2ccc(C(C)C)cc2)cc1,1
P3_06343,CC(NC[C@@H](O)c1ccccc1)c1ccc(Cl)c(F)c1,1
P3_06344,CC(NCC(O)c1ccccc1)c1ccc(F)c(Cl)c1,1
P3_06345,CC(NC[C@@H](O)c1ccccc1)c1ccc(F)c(Cl)c1,1
P3_06346,CC(NCC(O)c1ccccc1)c1ccc(Cl)c(F)c1,1
P3_06347,CC(NC[C@H](O)c1ccccc1)c1ccc(Cl)c(F)c1,1
P3_06348,CC(NC[C@H](O)c1ccccc1)c1ccc(F)c(Cl)c1,1
P3_06349,CC(C)COc1ccc(CNC[C@@H]([NH3+])c2ccccc2)cc1,1
P3_06350,CC(C)COc1ccc(CNC[C@H]([NH3+])c2ccccc2)cc1,1
P3_06351,CC(C)CC(NCC(O)c1ccc(F)cc1)c1ccccc1,1
P3_06352,CC(C)CC(NC[C@H](O)c1ccc(F)cc1)c1ccccc1,1
P3_06353,CC(C)CC(NC[C@@H](O)c1ccc(F)cc1)c1ccccc1,1
P3_06354,C[C@@H](NC[C@H](O)c1ccccc1)c1ccccc1Br,1
P3_06355,CC(NC[C@@H](O)c1ccccc1)c1ccccc1Br,1
P3_06356,C[C@H](NCC(O)c1ccccc1)c1ccccc1Br,1
P3_06357,C[C@@H](NCC(O)c1ccccc1)c1ccccc1Br,1
P3_06358,C[C@H](NC[C@@H](O)c1ccccc1)c1ccccc1Br,1
P3_06359,CC(NC[C@H](O)c1ccccc1)c1ccccc1Br,1
P3_06360,CC(NCC(O)c1ccccc1)c1ccccc1Br,1
P3_06361,C[C@H](NC[C@H](O)c1ccccc1)c1ccccc1Br,1
P3_06362,C[C@@H](NC[C@@H](O)c1ccccc1)c1ccccc1Br,1
P3_06363,C[C@H](NC[C@@H](O)c1ccccc1)c1ccc(Cl)cc1Cl,1
P3_06364,C[C@H](NCC(O)c1ccccc1)c1ccc(Cl)cc1Cl,1
P3_06365,CC(NCC(O)c1ccccc1)c1ccc(Cl)cc1Cl,1
P3_06366,CC(NC[C@@H](O)c1ccccc1)c1ccc(Cl)cc1Cl,1
P3_06367,C[C@H](NCC(O)c1cccc(Cl)c1)c1ccccc1,1
P3_06368,C[C@@H](NCC(O)c1cccc(Cl)c1)c1ccccc1,1
P3_06369,CC(NCC(O)c1cccc(Cl)c1)c1ccccc1,1
P3_06370,CC(NC[C@@H](O)c1cccc(Cl)c1)c1ccccc1,1
P3_06371,Cc1ccc([C@@H](O)CNCc2ccc(C(C)C)cc2)cc1,1
P3_06372,Cc1ccc(C(O)CNCc2ccc(C(C)C)cc2)cc1,1
P3_06373,Cc1ccc([C@H](O)CNCc2ccc(C(C)C)cc2)cc1,1
P3_06374,CC(C)c1ccc(CNCC(CO)c2ccccc2)cc1,1
P3_06375,CC(C)c1ccc(CNCC(O)c2cccc(C#N)c2)cc1,1
P3_06376,CCc1ccc(C(O)CNCc2ccc(C(C)O)cc2)cc1,1
P3_06377,CC(C)(C)c1ccc(C(O)CNCc2ccccc2)cc1,1
P3_06378,Cc1ccc(C(O)CNCc2ccc(C(C)O)cc2)cc1,1
P3_06379,NC(=O)Cc1ccc(CNCC(O)c2ccccc2)cc1,1
P3_06380,CC(C)c1ccc(CNC[C@@H](O)c2ccccc2)c(F)c1,1
P3_06381,CC(C)c1ccc(CNC[C@H](O)c2ccccc2)c(F)c1,1
P3_06382,CC(C)c1ccc(CNCC(O)c2ccccc2)c(F)c1,1
P3_06383,CC(C#N)Oc1ccc(CNC[C@H](O)c2ccccc2)cc1,1
P3_06384,CC(C#N)Oc1ccc(CNCC(O)c2ccccc2)cc1,1
P3_06385,CC(C#N)Oc1ccc(CNC[C@@H](O)c2ccccc2)cc1,1
P3_06386,COC(=O)c1ccc(C(O)CNCc2ccccc2)cc1,1
P3_06387,CC(C)c1ccc(C(N)CNCc2ccccc2)cc1,1
P3_06388,CCc1ccc(C(O)CNCc2ccc(C(F)F)cc2)cc1,1
P3_06389,CC(O)c1ccc(CNCC(O)c2cccc(F)c2)cc1,1
P3_06390,CC(C)c1cccc(CNCC(O)c2ccc(C#N)cc2)c1,0
P3_06391,Cc1ccc([C@@H](O)CNCc2ccc(C(F)F)cc2)cc1,1
P3_06392,Cc1ccc([C@H](O)CNCc2ccc(C(F)F)cc2)cc1,1
P3_06393,Cc1ccc(C(O)CNCc2ccc(C(F)F)cc2)cc1,1
P3_06394,CC(C)(C)c1cccc(CNC[C@H](O)c2ccccc2)c1,1
P3_06395,CC(C)(C)c1cccc(CNC[C@@H](O)c2ccccc2)c1,1
P3_06396,CC(O)c1ccc(CNCC(O)c2ccccc2F)cc1,1
P3_06397,CC(O)c1ccc(CNC[C@H](O)c2ccccc2F)cc1,1
P3_06398,CC(C)(C)c1cccc(CNCC(O)c2ccccc2)c1,1
P3_06399,CC(C)(C)c1ccc(CNCC(O)c2ccccc2)cc1,1
P3_06400,CC(C)(C)c1ccc(CNC[C@H](O)c2ccccc2)cc1,1
P3_06401,CC(C)(C)c1ccc(CNC[C@@H](O)c2ccccc2)cc1,1
P3_06402,CC(C)c1ccc(CNCC(O)c2ccccc2F)cc1,1
P3_06403,CC(C)COc1ccc(CNC[C@H](O)c2ccccc2)cc1,1
P3_06404,CC(C)COc1ccc(CNC[C@@H](O)c2ccccc2)cc1,1
P3_06405,CS(=O)Cc1ccc(CNCC(O)c2ccccc2)cc1,1
P3_06406,CS(=O)Cc1ccc(CNC[C@H](O)c2ccccc2)cc1,1
P3_06407,CS(=O)Cc1ccc(CNC[C@@H](O)c2ccccc2)cc1,1
P3_06408,CC(C)(C)Oc1ccc(CNCC(O)c2ccccc2)cc1,1
P3_06409,CC(C)(C)Oc1ccc(CNC[C@H](O)c2ccccc2)cc1,1
P3_06410,CC(C)(C)Oc1ccc(CNC[C@@H](O)c2ccccc2)cc1,1
P3_06411,CC(O)Cc1ccc(CNC[C@H](O)c2ccc(Cl)cc2)cc1,1
P3_06412,CC(O)Cc1ccc(CNCC(O)c2ccc(Cl)cc2)cc1,1
P3_06413,CC(O)Cc1ccc(CNC[C@@H](O)c2ccc(Cl)cc2)cc1,1
P3_06414,CCOC(=O)c1cnc2c(C)cccc2c1Nc1ccc(C(=O)OC)cc1,1
P3_06415,CCOC(=O)c1cnc2c(C)cccc2c1Nc1ccc(C)cc1,1
P3_06416,CCOC(=O)c1cnc2c(C)cccc2c1Nc1ccccc1,1
P3_06417,CCOC(=O)c1cnc2c(C)cccc2c1Nc1ccc(OCC)cc1,1
P3_06418,CCOC(=O)c1cnc2c(C)cccc2c1Nc1ccc(F)cc1,1
P3_06419,CCOC(=O)c1cnc2c(C)cccc2c1Nc1ccc(OC)cc1,1
P3_06420,CCOC(=O)c1cnc2c(C)cccc2c1Nc1ccc(N(C)C)cc1,1
P3_06421,CCOC(=O)c1cnc2c(C)cccc2c1Nc1cccc(O)c1,1
P3_06422,CCOC(=O)c1cnc2c(C)cccc2c1Nc1cccc(C)c1,1
P3_06423,CCOC(=O)c1cnc2c(C)cccc2c1Nc1cccc(C(=O)OC)c1,1
P3_06424,CCOC(=O)c1cnc2c(C)cccc2c1Nc1ccccc1C,1
P3_06425,CCOC(=O)c1cnc2c(C)cccc2c1Nc1cccc(OC)c1,1
P3_06426,CCOC(=O)c1cnc2c(OC)cccc2c1Nc1ccc(C(=O)OC)cc1,1
P3_06427,CCOC(=O)c1cnc2c(C)cccc2c1Nc1cc(C(=O)[O-])ccc1C,1
P3_06428,CCOC(=O)c1cnc2c(CC)cccc2c1Nc1ccc(F)cc1,0
P3_06429,CCOC(=O)c1cnc2c(C)cccc2c1Nc1ccccc1OCC,1
P3_06430,CCOC(=O)c1cnc2c(OC)cccc2c1Nc1ccc(C)cc1,1
P3_06431,CCOC(=O)c1cnc2c(Cl)cccc2c1Nc1ccccc1,1
P3_06432,CCOC(=O)c1cnc2c(C)cccc2c1Nc1ccccc1OC,1
P3_06433,CCOC(=O)c1cnc2c(OC)cccc2c1Nc1ccc(F)cc1,0
P3_06434,CCOC(=O)c1cnc2c(CC)cccc2c1Nc1ccc(OC)cc1,0
P3_06435,CCOC(=O)c1cnc2c(OC)cccc2c1Nc1ccc(OC)cc1,1
P3_06436,CCOC(=O)c1ccc(Nc2c(C(=O)OCC)cnc3ccccc23)cc1,1
P3_06437,CCOC(=O)c1cnc2c(OC)cccc2c1Nc1ccccc1,1
P3_06438,CCOC(=O)c1cnc2c(C)cc(C)cc2c1Nc1ccc(C(=O)[O-])cc1,1
P3_06439,CCOC(=O)c1cnc2c(CC)cccc2c1Nc1ccc(N(C)C)cc1,0
P3_06440,CCOC(=O)c1cnc2c(Cl)cccc2c1Nc1ccc(OC)cc1,1
P3_06441,CCOC(=O)c1cnc2c(OC)cccc2c1Nc1ccc(C)c(C)c1,1
P3_06442,CCOC(=O)c1cnc2c(C)cc(C)cc2c1Nc1ccccc1,1
P3_06443,CCOC(=O)c1cnc2c(C)cc(Cl)cc2c1Nc1ccc(C(=O)[O-])cc1,1
P3_06444,CCOC(=O)c1cnc2ccccc2c1Nc1ccc(C(=O)[O-])cc1,1
P3_06445,CCOC(=O)c1cnc2c(C)cc(C)cc2c1Nc1ccc(F)cc1,1
P3_06446,CCOC(=O)c1cnc2c(CC)cccc2c1Nc1cccc(O)c1,1
P3_06447,CCOC(=O)c1cnc2c(C)c(Cl)ccc2c1Nc1ccc(C(=O)[O-])cc1,0
P3_06448,CCOC(=O)c1cnc2c(C)cc(C)cc2c1Nc1ccc(OC)cc1,1
P3_06449,CCOC(=O)c1cnc2c(C)cc(C)cc2c1Nc1cccc(O)c1,1
P3_06450,CCOC(=O)c1cnc2c(C)c(C)ccc2c1Nc1cccc(O)c1,1
P3_06451,CCOC(=O)c1cnc2c(OC)cccc2c1Nc1cccc(C(=O)OC)c1,1
P3_06452,CCOC(=O)c1cnc2c(OC)cccc2c1Nc1cccc(O)c1,1
P3_06453,CCOC(=O)c1cnc2c(OC)cccc2c1Nc1ccc(OCC)cc1,1
P3_06454,CCOC(=O)c1cnc2ccccc2c1Nc1ccc(C(=O)OC)cc1,1
P3_06455,CCOC(=O)c1cnc2c(OC)cccc2c1Nc1ccc(N(C)C)cc1,1
P3_06456,Oc1cccc(CNCC23CC4CC(CC(C4)C2)C3)c1F,1
P3_06457,OCc1ccccc1CNCC12CC3CC(CC(C3)C1)C2,1
P3_06458,COc1c(O)cccc1CNCC12CC3CC(CC(C3)C1)C2,0
P3_06459,O=C(O)c1ccccc1CNCC12CC3CC(CC(C3)C1)C2,0
P3_06460,O=C(O)Cc1ccccc1CNCC12CC3CC(CC(C3)C1)C2,0
P3_06461,Oc1ccc(CNCC23CC4CC(CC(C4)C2)C3)c(F)c1F,1
P3_06462,c1ccc(CNCC23CC4CC(CC(C4)C2)C3)cc1,1
P3_06463,Nc1c(F)cccc1CNCC12CC3CC(CC(C3)C1)C2,0
P3_06464,Oc1ccc(F)c(CNCC23CC4CC(CC(C4)C2)C3)c1,0
P3_06465,Oc1c(F)ccc(CNCC23CC4CC(CC(C4)C2)C3)c1F,0
P3_06466,Oc1cccc(CNCC23CC4CC(CC(C4)C2)C3)c1,0
P3_06467,OCc1ccc(CNCC23CC4CC(CC(C4)C2)C3)cc1,0
P3_06468,Oc1ccc(CNCC23CC4CC(CC(C4)C2)C3)cc1F,0
P3_06469,Cc1ccccc1CNCC12CC3CC(CC(O)(C3)C1)C2,0
P3_06470,OCc1cccc(CNCC23CC4CC(CC(C4)C2)C3)c1,1
P3_06471,COc1c(O)cccc1CNCC12CC3CC(C1)CC(OC)(C3)C2,1
P3_06472,OCCc1ccc(CNCC23CC4CC(CC(C4)C2)C3)cc1,0
P3_06473,OCc1ccc(F)c(CNCC23CC4CC(CC(C4)C2)C3)c1,0
P3_06474,OCc1ccc(CNCC23CC4CC(CC(C4)C2)C3)c(F)c1,0
P3_06475,Nc1ccc(F)cc1CNCC12CC3CC(CC(C3)C1)C2,0
P3_06476,COc1ccc(CNCC23CC4CC(CC(C4)C2)C3)cc1O,0
P3_06477,COCc1ccccc1CNCC12CC3CC(CC(O)(C3)C1)C2,0
P3_06478,COc1ccccc1CNCC12CC3CC(CC(O)(C3)C1)C2,0
P3_06479,O=C(O)c1cc(F)ccc1CNCC12CC3CC(CC(C3)C1)C2,0
P3_06480,CCOc1ccccc1CNCC12CC3CC(CC(O)(C3)C1)C2,1
P3_06481,OCc1ccc(CNCC23CC4CC(CC(C4)C2)C3)cc1F,0
P3_06482,CC(C)Oc1ccccc1CNCC12CC3CC(CC(O)(C3)C1)C2,1
P3_06483,COCc1ccccc1CNCC12CC3CC(C1)CC(OC)(C3)C2,1
P3_06484,COc1ccc(C(=O)O)cc1CNCC12CC3CC(CC(C3)C1)C2,1
P3_06485,Cc1c(F)cccc1CNCC12CC3CC(CC(O)(C3)C1)C2,0
P3_06486,COc1cccc(N)c1CNCC12CC3CC(CC(C3)C1)C2,0
P3_06487,COc1c(Br)cccc1CNCC12CC3CC(CC(O)(C3)C1)C2,1
P3_06488,COc1cccc(C(=O)O)c1CNCC12CC3CC(CC(C3)C1)C2,0
P3_06489,Cc1cccc(C)c1CNCC12CC3CC(CC(O)(C3)C1)C2,1
P3_06490,CCc1cccc(F)c1CNCC12CC3CC(CC(O)(C3)C1)C2,1
P3_06491,Cc1ccc(F)c(CNCC23CC4CC(CC(O)(C4)C2)C3)c1,1
P3_06492,Cc1ccc(F)cc1CNCC12CC3CC(CC(O)(C3)C1)C2,1
P3_06493,Cc1cc(F)ccc1CNCC12CC3CC(CC(O)(C3)C1)C2,0
P3_06494,CCc1ccc(CNCC23CC4CC(CC(O)(C4)C2)C3)cc1,0
P3_06495,Cc1ccc(CNCC23CC4CC(CC(O)(C4)C2)C3)cc1,0
P3_06496,COc1cccc(OC)c1CNCC12CC3CC(CC(O)(C3)C1)C2,1
P3_06497,Cc1cccc(CNCC23CC4CC(CC(O)(C4)C2)C3)c1,1
P3_06498,COc1ccc(C)cc1CNCC12CC3CC(CC(O)(C3)C1)C2,1
P3_06499,COc1ccc(CNCC23CC4CC(CC(O)(C4)C2)C3)c(Br)c1,1
P3_06500,COc1cc(C)ccc1CNCC12CC3CC(CC(O)(C3)C1)C2,1
P3_06501,COc1ccc(F)cc1CNCC12CC3CC(CC(O)(C3)C1)C2,1
P3_06502,COc1ccc(CNCC23CC4CC(CC(O)(C4)C2)C3)c(C)c1,0
P3_06503,COc1ccc(C)c(CNCC23CC4CC(CC(O)(C4)C2)C3)c1,1
P3_06504,CC(NCc1ccccc1CO)C12CC3CC(CC(C3)C1)C2,0
P3_06505,CCc1cc(OC)ccc1CNCC12CC3CC(CC(O)(C3)C1)C2,1
P3_06506,COc1ccc(CNCC23CC4CC(CC(O)(C4)C2)C3)c(F)c1,0
P3_06507,COc1ccc(Br)cc1CNCC12CC3CC(CC(O)(C3)C1)C2,1
P3_06508,COc1ccc(Cl)cc1CNCC12CC3CC(CC(O)(C3)C1)C2,1
P3_06509,COc1ccc(CNCC23CC4CC(CC(O)(C4)C2)C3)c(Cl)c1,1
P3_06510,COc1cc(Cl)ccc1CNCC12CC3CC(CC(O)(C3)C1)C2,0
P3_06511,COc1ccc(Cl)c(CNCC23CC4CC(CC(O)(C4)C2)C3)c1,1
P3_06512,COc1cc(Br)ccc1CNCC12CC3CC(CC(O)(C3)C1)C2,1
P3_06513,Cc1cccc(F)c1CNCC12CC3CC(CC(O)(C3)C1)C2,1
P3_06514,C=Cc1ccc(CNCC23CC4CC(CC(O)(C4)C2)C3)cc1,0
P3_06515,COc1ccc(CNCC23CC4CC(CC(O)(C4)C2)C3)cc1,0
P3_06516,CCc1ccccc1CNC(CO)C12CC3CC(CC(C3)C1)C2,0
P3_06517,COc1cccc(C)c1CNCC12CC3CC(CC(O)(C3)C1)C2,0
P3_06518,CCOc1ccc(CNCC23CC4CC(CC(O)(C4)C2)C3)cc1,0
P3_06519,COc1cccc(Cl)c1CNCC12CC3CC(CC(O)(C3)C1)C2,1
P3_06520,COc1cccc(F)c1CNCC12CC3CC(CC(O)(C3)C1)C2,1
P3_06521,COc1ccc(CNCC23CC4CC(CC(O)(C4)C2)C3)cc1OC,1
P3_06522,Cc1ccc(CNCC23CC4CC(CC(O)(C4)C2)C3)cc1F,0
P3_06523,Cc1cc(CNCC23CC4CC(CC(O)(C4)C2)C3)ccc1F,0
P3_06524,COc1ccccc1CNC(CO)C12CC3CC(CC(C3)C1)C2,1
P3_06525,CCN(CC)CCCC(C)Nc1ccnc2cc(F)ccc12,1
P3_06526,CCN(CC)CC(C)Nc1ccnc2cc(Cl)ccc12,1
P3_06527,C[C@@H](CCC[NH3+])Nc1ccnc2cc(Cl)ccc12,1
P3_06528,C[C@H](CCC[NH3+])Nc1ccnc2cc(Cl)ccc12,1
P3_06529,C[C@@H](CCCCO)Nc1ccnc2cc(Cl)ccc12,1
P3_06530,C[C@H](CCCCO)Nc1ccnc2cc(Cl)ccc12,1
P3_06531,CC[NH+](CC)CCC[C@H](C)Nc1ccnc2cc(Cl)ccc12,1
P3_06532,CC[NH+](CC)CCC[C@@H](C)Nc1ccnc2cc(Cl)ccc12,1
P3_06533,CC[NH2+]CCC[C@H](C)Nc1ccnc2cc(Cl)ccc12,1
P3_06534,C[NH2+]CCC[C@H](C)Nc1ccnc2cc(Cl)ccc12,1
P3_06535,C[NH2+]CCC[C@@H](C)Nc1ccnc2cc(Cl)ccc12,1
P3_06536,CC[NH+](CC)CCCC[C@H](C)Nc1ccnc2cc(Cl)ccc12,1
P3_06537,CC[NH+](CC)CCCC[C@@H](C)Nc1ccnc2cc(Cl)ccc12,1
P3_06538,CCN(CC)CCCC(C)Nc1ccnc2cc(OC)c(OC)cc12,1
P3_06539,CC(C)C[NH2+]CCC[C@H](C)Nc1ccnc2cc(Cl)ccc12,1
P3_06540,CC(C)C[NH2+]CCC[C@@H](C)Nc1ccnc2cc(Cl)ccc12,1
P3_06541,C[C@@H](CC[NH+](C)C)Nc1ccnc2cc(Cl)ccc12,1
P3_06542,C[C@H](CC[NH+](C)C)Nc1ccnc2cc(Cl)ccc12,1
P3_06543,C[C@@H](CC[S@@](C)=O)Nc1ccnc2cc(Cl)ccc12,1
P3_06544,C[C@H](CC[S@@](C)=O)Nc1ccnc2cc(Cl)ccc12,1
P3_06545,C[C@H](CC[S@](C)=O)Nc1ccnc2cc(Cl)ccc12,1
P3_06546,C[C@@H](CC[S@](C)=O)Nc1ccnc2cc(Cl)ccc12,1
P3_06547,C[C@H](CCS(C)(=O)=O)Nc1ccnc2cc(Cl)ccc12,1
P3_06548,C[C@@H](CCS(C)(=O)=O)Nc1ccnc2cc(Cl)ccc12,1
P3_06549,CCN(CC)CC(C)Nc1ccnc2ccc(Cl)cc12,1
P3_06550,C[C@@H](C[NH+](C)C)Nc1ccnc2cc(Cl)ccc12,1
P3_06551,C[C@H](C[C@@H](C)O)Nc1ccnc2cc(Cl)ccc12,1
P3_06552,C[C@H](O)C[C@H](C)Nc1ccnc2cc(Cl)ccc12,1
P3_06553,C[C@@H](O)C[C@H](C)Nc1ccnc2cc(Cl)ccc12,1
P3_06554,CCN(CC)CCCC(C)Nc1ccnc2c(F)cccc12,0
P3_06555,CC[NH+](CC)CCC[C@@H](C)Nc1ccnc2ccc(Cl)cc12,1
P3_06556,CC[NH+](CC)CCC[C@H](C)Nc1ccnc2ccc(Cl)cc12,1
P3_06557,CCN(CC)CC(C)Nc1ccnc2cc(C)ccc12,1
P3_06558,CCC(CCCO)Nc1ccnc2cc(Cl)ccc12,1
P3_06559,CC[C@@H](CCO)Nc1ccnc2cc(Cl)ccc12,1
P3_06560,CC[C@H](CCO)Nc1ccnc2cc(Cl)ccc12,1
P3_06561,CCC(CCO)Nc1ccnc2cc(Cl)ccc12,1
P3_06562,CCCC(CO)Nc1ccnc2cc(Cl)ccc12,1
P3_06563,CCC(CO)Nc1ccnc2cc(Cl)ccc12,1
P3_06564,CC[C@H](CO)Nc1ccnc2cc(Cl)ccc12,1
P3_06565,CC[C@@H](CO)Nc1ccnc2cc(Cl)ccc12,1
P3_06566,CCC(CC(C)O)Nc1ccnc2cc(Cl)ccc12,1
P3_06567,C[C@@H](CC[NH+](C)C)Nc1ccnc2ccc(Cl)cc12,1
P3_06568,OCCC[C@@H](CO)Nc1ccnc2cc(Cl)ccc12,1
P3_06569,CSCC[C@H](C)Nc1ccnc2ccc(Cl)cc12,1
P3_06570,C[C@H](CC[NH+](C)C)Nc1ccnc2ccc(Cl)cc12,1
P3_06571,CSCC[C@@H](C)Nc1ccnc2ccc(Cl)cc12,1
P3_06572,CC[NH+](CC)CCC[C@H](C)Nc1ccnc2cc(Br)ccc12,1
P3_06573,CC[NH+](CC)CCC[C@H](C)Nc1ccnc2cc(F)ccc12,1
P3_06574,CC[NH+](CC)CCC[C@@H](C)Nc1ccnc2cc(F)ccc12,1
P3_06575,CC[NH+](CC)CCC[C@@H](C)Nc1ccnc2cc(Br)ccc12,1
P3_06576,C[C@H](CCS(C)(=O)=O)Nc1ccnc2ccc(Cl)cc12,1
P3_06577,C[C@@H](CCS(C)(=O)=O)Nc1ccnc2ccc(Cl)cc12,1
P3_06578,CSC[C@@H](CCO)Nc1ccnc2cc(Cl)ccc12,1
P3_06579,CSCC(CCO)Nc1ccnc2cc(Cl)ccc12,1
P3_06580,CC(CCCO)CNc1ccnc2cc(Cl)ccc12,1
P3_06581,CSC[C@H](CCO)Nc1ccnc2cc(Cl)ccc12,1
P3_06582,CC[NH+](CC)C/C=C/[C@H](C)Nc1ccnc2cc(Cl)ccc12,1
P3_06583,CC[NH+](CC)C/C=C\[C@H](C)Nc1ccnc2cc(Cl)ccc12,1
P3_06584,CC[NH+](CC)C/C=C\[C@@H](C)Nc1ccnc2cc(Cl)ccc12,1
P3_06585,CC[NH+](CC)C/C=C/[C@@H](C)Nc1ccnc2cc(Cl)ccc12,1
P3_06586,CC[NH+](CC)C[C@H](C)Nc1ccnc2ccc(Cl)cc12,1
P3_06587,CC[NH+](CC)C[C@@H](C)Nc1ccnc2ccc(Cl)cc12,1
P3_06588,CCN(CC)CCC(CO)NC(=O)c1ccnc2cc(Cl)ccc12,1
P3_06589,CC[NH+](CC)CCC[C@H](C)Nc1ccnc2cc(C(F)(F)F)ccc12,1
P3_06590,CC[NH+](CC)CCC[C@@H](C)Nc1ccnc2cc(C(F)(F)F)ccc12,1
P3_06591,C#CCC(CO)Nc1ccnc2cc(Cl)ccc12,1
P3_06592,CC[NH2+]CCNc1ccnc2cc(Cl)ccc12,1
P3_06593,C[C@@H](C[NH+](C)C)Nc1ccnc2ccc(Cl)cc12,1
P3_06594,CC[NH+](CC)CCC[C@H](C)Nc1cc(C)nc2cc(Cl)ccc12,1
P3_06595,CC[NH+](CC)CCC[C@@H](C)Nc1cc(C)nc2cc(Cl)ccc12,1
P3_06596,C=CCC[C@@H](CO)Nc1ccnc2cc(Cl)ccc12,1
P3_06597,C=CCC[C@H](CO)Nc1ccnc2cc(Cl)ccc12,1
P3_06598,CC[NH+](CC)CCCNc1ccnc2cc(Cl)ccc12,1
P3_06599,CC[NH+](CC)CCNc1ccnc2cc(Cl)ccc12,1
P3_06600,CCN(CCO)CCCC(C)NCc1ccc2ccc(Cl)cc2n1,1
P3_06601,CCN(CC)CCCC(C)Nc1ccc(C(=O)O)c2cccnc12,0
P3_06602,CC[NH+](CC)CCCCCCNc1ccnc2cc(Cl)ccc12,1
P3_06603,CCC(CCCO)Nc1ccnc2ccc(Cl)cc12,1
P3_06604,C[NH+](C)CCCCNc1ccnc2cc(Cl)ccc12,1
P3_06605,CC[N@@H+](C)CCNc1ccnc2cc(Cl)ccc12,1
P3_06606,CC[N@H+](C)CCNc1ccnc2cc(Cl)ccc12,1
P3_06607,CC(C)[NH2+]CCCC[C@H](C)Nc1ccnc2cc(Cl)ccc12,1
P3_06608,CC(C)[NH2+]CCCC[C@@H](C)Nc1ccnc2cc(Cl)ccc12,1
P3_06609,COCC[C@H](C)Nc1ccnc2cc(Cl)ccc12,1
P3_06610,COCC[C@@H](C)Nc1ccnc2cc(Cl)ccc12,1
P3_06611,C[C@H](CC(C)(C)O)Nc1ccnc2cc(Cl)ccc12,1
P3_06612,C[C@@H](CC(C)(C)O)Nc1ccnc2cc(Cl)ccc12,1
P3_06613,CC(C)[C@H](C)Nc1ccnc2cc(Cl)ccc12,1
P3_06614,CC(C)[C@@H](C)Nc1ccnc2cc(Cl)ccc12,1
P3_06615,CC[C@H](Nc1ccnc2cc(Cl)ccc12)[C@@H](C)O,1
P3_06616,CC[C@@H](Nc1ccnc2cc(Cl)ccc12)[C@@H](C)O,1
P3_06617,CC[C@@H](Nc1ccnc2cc(Cl)ccc12)[C@H](C)O,1
P3_06618,CC[C@H](Nc1ccnc2cc(Cl)ccc12)[C@H](C)O,1
P3_06619,COC(C)(C)C[C@@H](C)Nc1ccnc2cc(Cl)ccc12,1
P3_06620,COC(C)(C)C[C@H](C)Nc1ccnc2cc(Cl)ccc12,1
P3_06621,CO[C@H](C)[C@H](C)Nc1ccnc2cc(Cl)ccc12,1
P3_06622,CO[C@H](C)[C@@H](C)Nc1ccnc2cc(Cl)ccc12,1
P3_06623,CO[C@@H](C)[C@@H](C)Nc1ccnc2cc(Cl)ccc12,1
P3_06624,CO[C@@H](C)[C@H](C)Nc1ccnc2cc(Cl)ccc12,1
P3_06625,CC(C)[C@H](CCO)Nc1ccnc2cc(Cl)ccc12,1
P3_06626,CC(C)[C@@H](CCO)Nc1ccnc2cc(Cl)ccc12,1
P3_06627,COCCOC[C@@H](C)Nc1ccnc2cc(Cl)ccc12,1
P3_06628,COCCOC[C@H](C)Nc1ccnc2cc(Cl)ccc12,1
P3_06629,C[C@H](CO)[C@@H](C)Nc1ccnc2cc(Cl)ccc12,1
P3_06630,C[C@H](Nc1ccnc2cc(Cl)ccc12)[C@@H](C)CO,1
P3_06631,C[C@@H](CO)[C@@H](C)Nc1ccnc2cc(Cl)ccc12,1
P3_06632,C[C@H](CO)[C@H](C)Nc1ccnc2cc(Cl)ccc12,1
P3_06633,CCC[C@@H](C)Nc1ccnc2cc(F)ccc12,1
P3_06634,CCC[C@H](C)Nc1ccnc2cc(F)ccc12,1
P3_06635,COCC[C@@H](C)Nc1ccnc2ccc(Cl)cc12,1
P3_06636,COCC[C@H](C)Nc1ccnc2ccc(Cl)cc12,1
P3_06637,CC[C@H](C)Nc1ccnc2cc(F)ccc12,1
P3_06638,CCCCNc1ccnc2cc(Cl)ccc12,1
P3_06639,CC[C@@H](C)Nc1ccnc2cc(F)ccc12,1
P3_06640,C[C@@H](CCCCO)Nc1ccnc2cc(Br)ccc12,1
P3_06641,C[C@H](CCCCO)Nc1ccnc2cc(Br)ccc12,1
P3_06642,C[C@H](CCCCO)Nc1ccnc2cc(F)ccc12,1
P3_06643,C[C@@H](CCCCO)Nc1ccnc2cc(F)ccc12,1
P3_06644,CC(C)C[NH2+]CCCNc1ccnc2cc(Cl)ccc12,1
P3_06645,C[C@H](CC[NH+](C)C)Nc1ccnc2cc(F)ccc12,1
P3_06646,COCC[C@H](C)Nc1ccnc2cc(Br)ccc12,1
P3_06647,COCC[C@@H](C)Nc1ccnc2cc(Br)ccc12,1
P3_06648,COCC[C@H](C)Nc1ccnc2cc(F)ccc12,1
P3_06649,CC(C)[N@H+](C)CCNc1ccnc2cc(Cl)ccc12,1
P3_06650,CSCC[C@@H](C)Nc1ccnc2cc(F)ccc12,1
P3_06651,CSCC[C@H](C)Nc1ccnc2cc(F)ccc12,1
P3_06652,C[C@H](CC[NH+](C)C)Nc1ccnc2cc(Br)ccc12,1
P3_06653,COCC[C@@H](C)Nc1ccnc2cc(F)ccc12,1
P3_06654,CC(C)[N@@H+](C)CCNc1ccnc2cc(Cl)ccc12,1
P3_06655,C[C@@H](CC[NH+](C)C)Nc1ccnc2cc(F)ccc12,1
P3_06656,C[C@@H](CC[NH+](C)C)Nc1ccnc2cc(Br)ccc12,1
P3_06657,CC[NH2+]CCCNc1ccnc2cc(Cl)ccc12,1
P3_06658,COC(C)(C)C[C@@H](C)Nc1ccnc2ccc(Cl)cc12,1
P3_06659,CCOCCCCNc1ccnc2cc(Cl)ccc12,1
P3_06660,COC(C)(C)C[C@H](C)Nc1ccnc2ccc(Cl)cc12,1
P3_06661,C[NH+](C)CCCNc1ccnc2cc(Cl)ccc12,1
P3_06662,CC[NH+](CC)C[C@@H](C)Nc1ccnc2cc(F)ccc12,1
P3_06663,CC[NH+](CC)C[C@H](C)Nc1ccnc2cc(F)ccc12,1
P3_06664,CC[NH+](CC)CCC[C@@H](C)Nc1ccnc2c(Cl)cccc12,1
P3_06665,CC[NH+](CC)CCC[C@H](C)Nc1ccnc2cccc(Cl)c12,1
P3_06666,CC[NH+](CC)CCC[C@@H](C)Nc1ccnc2cccc(Cl)c12,1
P3_06667,CC[NH+](CC)CCC[C@H](C)Nc1ccnc2c(Cl)cccc12,1
P3_06668,CC[NH+](CC)CCC[C@@H](C)Nc1ccnc2c(F)cccc12,1
P3_06669,CC[NH+](CC)CCC[C@H](C)Nc1ccnc2c(F)cccc12,1
P3_06670,CC[NH+](CC)CCC[C@H](C)Nc1ccnc2c(OC)cccc12,1
P3_06671,CC[NH+](CC)CCC[C@@H](C)Nc1ccnc2c(OC)cccc12,1
P3_06672,COc1cccc2c(N[C@@H](C)CCCC(C)(C)O)ccnc12,1
P3_06673,COc1cccc2c(N[C@H](C)CCCC(C)(C)O)ccnc12,1
P3_06674,CCS(=O)(=O)N(C)CCCNc1ccnc2cc(Br)ccc12,1
P3_06675,CCC[NH2+]CCC[C@@H](C)Nc1cc(OC)cc2c(C)ccnc12,0
P3_06676,CCC[NH2+]CCC[C@H](C)Nc1cc(OC)cc2c(C)ccnc12,0
P3_06677,COc1ccnc2c(N[C@@H](C)CCCC(F)(F)F)cccc12,1
P3_06678,CC[NH+](CC)CCCCNc1ccnc2cc(Br)ccc12,1
P3_06679,CC[NH+](CC)CCCCNc1c(C)cnc2cc(Cl)ccc12,1
P3_06680,CC[NH+](CC)C[C@H](C)Nc1ccnc2c(OC)cccc12,0
P3_06681,CC[NH+](CC)C[C@@H](C)Nc1ccnc2c(OC)cccc12,0
P3_06682,CCC[NH2+]CCCC[C@@H](C)Nc1cc(OC)cc2cccnc12,1
P3_06683,CCC[NH2+]CCCC[C@H](C)Nc1cc(OC)cc2cccnc12,1
P3_06684,CN(C)CCC[N@H+](C)Cc1ccnc2c(Cl)cccc12,1
P3_06685,CCN(CC)CCCC(C)Nc1ccnc2cc(CO)ccc12,1
P3_06686,CCN(CC)CCCC(C)Nc1ccnc2ccccc12,1
P3_06687,CCN(CC)CCCNc1ccnc2ccc(Cl)cc12,1
P3_06688,COCCOCC(C)Nc1ccnc2cc(Cl)ccc12,1
P3_06689,CCN(CC)CCNC(=O)CCCNc1ccnc2cc(Cl)ccc12,1
P3_06690,CCN(C)CCNc1ccnc2cc(Cl)ccc12,1
P3_06691,CCN(CC)CCCC(C)Nc1cc(C)nc2ccccc12,1
P3_06692,CC(C)N(C)CCNc1ccnc2cc(Cl)ccc12,1
P3_06693,CN(C)CCCNc1ccnc2cc(Cl)ccc12,1
P3_06694,CCN(CC)CC(C)Nc1ccnc2ccccc12,1
P3_06695,CC(C)NCCCNc1ccnc2cc(Cl)ccc12,1
P3_06696,CN(C)CCCCNc1ccnc2cc(Cl)ccc12,1
P3_06697,CO[C@H](C)CCNc1ccnc2cc(Cl)ccc12,1
P3_06698,CO[C@@H](C)CCNc1ccnc2cc(Cl)ccc12,1
P3_06699,CCN(CC)CCCNc1ccnc2cc(F)ccc12,1
P3_06700,CC[C@H](O)CCNc1ccnc2cc(Cl)ccc12,1
P3_06701,CC[C@@H](O)CCNc1ccnc2cc(Cl)ccc12,1
P3_06702,CCN(CC)CCCNc1ccnc2cc(OC)ccc12,1
P3_06703,CC(C)OCCCNc1ccnc2cc(Cl)ccc12,1
P3_06704,CCNCCCNc1ccnc2cc(Cl)ccc12,1
P3_06705,CC(C)OCCCCNc1ccnc2cc(Cl)ccc12,1
P3_06706,C[C@H](CNc1ccnc2cc(Cl)ccc12)C[NH+](C)C,1
P3_06707,C[C@@H](CNc1ccnc2cc(Cl)ccc12)C[NH+](C)C,1
P3_06708,CCCN(CC)C(=O)CCCNc1ccnc2cc(Cl)ccc12,1
P3_06709,CC(C)COCCCNc1ccnc2cc(Cl)ccc12,1
P3_06710,CCOCCCNc1ccnc2cc(Cl)ccc12,1
P3_06711,COC[C@@H](C)CNc1ccnc2cc(Cl)ccc12,1
P3_06712,COC[C@H](C)CNc1ccnc2cc(Cl)ccc12,1
P3_06713,CCNCCN(CC)c1ccnc2cc(Cl)ccc12,1
P3_06714,CCN(CC)CCNc1ccnc2cc(C)ccc12,1
P3_06715,CCCN(C)c1ccnc2cc(Cl)ccc12,1
P3_06716,CCCOCCCNc1ccnc2cc(Cl)ccc12,1
P3_06717,COCCCNc1ccnc2cc(Cl)ccc12,1
P3_06718,CCN(CC)CCNc1ccnc2cc(Br)ccc12,1
P3_06719,CCN(CC)CCNc1ccnc2cc(F)ccc12,1
P3_06720,CC(C)CN(C)c1ccnc2cc(Cl)ccc12,1
P3_06721,CCN(C)CCNC(=O)CCCNc1ccnc2cc(Cl)ccc12,1
P3_06722,COCCN(C)CCCNc1ccnc2cc(Cl)ccc12,1
P3_06723,CC(C)OCCCN(C)c1ccnc2cc(Cl)ccc12,1
P3_06724,CCN(CC)CCCC(C)Nc1cc(C)c2ccccc2n1,1
P3_06725,CCN(CCOC)c1ccnc2cc(Cl)ccc12,1
P3_06726,COCCCCNc1ccnc2cc(Cl)ccc12,1
P3_06727,CC[NH+](CC)CCC[C@@H](C)Nc1c(C)cnc2cc(Cl)ccc12,1
P3_06728,COc1c2occc2cc2ccc(=S)oc12,1
P3_06729,CC(C)[C@H](C)Oc1c2occc2cc2ccc(=O)oc12,0
P3_06730,CC(C)[C@@H](C)Oc1c2occc2cc2ccc(=O)oc12,0
P3_06731,CO[C@H](C)COc1c2occc2cc2ccc(=O)oc12,0
P3_06732,COC[C@H](C)Oc1c2occc2cc2ccc(=O)oc12,0
P3_06733,CC[C@@H](C)Oc1c2occc2cc2ccc(=O)oc12,0
P3_06734,CC[C@H](C)Oc1c2occc2cc2ccc(=O)oc12,0
P3_06735,C[C@H](Oc1c2occc2cc2ccc(=O)oc12)C(F)(F)F,0
P3_06736,C[C@@H](Oc1c2occc2cc2ccc(=O)oc12)C(F)(F)F,0
P3_06737,CC[C@@H](COc1c2occc2cc2ccc(=O)oc12)OC,1
P3_06738,CO[C@@H](C)CCOc1c2occc2cc2ccc(=O)oc12,1
P3_06739,CO[C@H](C)CCOc1c2occc2cc2ccc(=O)oc12,1
P3_06740,CC[C@H](COc1c2occc2cc2ccc(=O)oc12)OC,1
P3_06741,CC[C@@H](COC)Oc1c2occc2cc2ccc(=O)oc12,0
P3_06742,CC[C@H](COC)Oc1c2occc2cc2ccc(=O)oc12,0
P3_06743,CC(C)=CCOc1c2occc2cc2ccc(=O)oc12,1
P3_06744,COc1c2ccoc2c(OC)c2oc(=O)ccc12,0
P3_06745,CCO[C@@H](C)COc1c2occc2cc2ccc(=O)oc12,0
P3_06746,CCO[C@H](C)COc1c2occc2cc2ccc(=O)oc12,0
P3_06747,CCOC[C@H](C)Oc1c2occc2cc2ccc(=O)oc12,0
P3_06748,CCOC[C@@H](C)Oc1c2occc2cc2ccc(=O)oc12,0
P3_06749,COc1c2occc2c(Cl)c2ccc(=O)oc12,0
P3_06750,COc1c2occc2c(Br)c2ccc(=O)oc12,0
P3_06751,COc1c2occc2c(OCC=C(C)C)c2ccc(=O)oc12,1
P3_06752,COc1c(C(C)C)oc2cc3oc(=O)ccc3cc12,1
P3_06753,CC(C)c1cc2cc3ccc(=O)oc3cc2o1,0
P3_06754,CC(C)[C@H](C)Oc1c2ccoc2cc2oc(=O)ccc12,1
P3_06755,CC(C)[C@@H](C)Oc1c2ccoc2cc2oc(=O)ccc12,1
P3_06756,COC[C@H](C)Oc1c2ccoc2cc2oc(=O)ccc12,0
P3_06757,CO[C@H](C)COc1c2ccoc2cc2oc(=O)ccc12,0
P3_06758,CC[C@@H](COc1c2ccoc2cc2oc(=O)ccc12)OC,1
P3_06759,CO[C@H](C)CCOc1c2ccoc2cc2oc(=O)ccc12,0
P3_06760,CC[C@H](COc1c2ccoc2cc2oc(=O)ccc12)OC,1
P3_06761,CO[C@@H](C)CCOc1c2ccoc2cc2oc(=O)ccc12,0
P3_06762,CC(C)=CCc1c2ccoc2c(O)c2oc(=O)ccc12,0
P3_06763,CC(C)=CCOc1c2ccoc2cc2oc(=O)ccc12,0
P3_06764,CC(C)(C)c1coc2cc3oc(=O)ccc3cc12,1
P3_06765,Cc1oc2cc3oc(=O)ccc3cc2c1C,1
P3_06766,CC(=O)[C@@H](C)Oc1c2occc2cc2ccc(=O)oc12,1
P3_06767,CC(=O)[C@H](C)Oc1c2occc2cc2ccc(=O)oc12,1
P3_06768,CC(C)(O)/C=C/c1c2occc2cc2ccc(=O)oc12,0
P3_06769,COc1c2occc2c(/C=C/C(C)(C)O)c2ccc(=O)oc12,1
P3_06770,COc1c2ccoc2c(OCC=C(C)C)c2oc(=O)ccc12,1
P3_06771,CCO[C@@H](C)COc1c2ccoc2cc2oc(=O)ccc12,0
P3_06772,CCO[C@H](C)COc1c2ccoc2cc2oc(=O)ccc12,0
P3_06773,CC[C@H](C)Oc1c2ccoc2cc2oc(=O)ccc12,1
P3_06774,CC[C@@H](C)Oc1c2ccoc2cc2oc(=O)ccc12,1
P3_06775,CC(=O)[C@H](C)Oc1c2ccoc2cc2oc(=O)ccc12,1
P3_06776,CC(=O)[C@@H](C)Oc1c2ccoc2cc2oc(=O)ccc12,1
P3_06777,COc1ccc(-c2cc(=O)c3c(O[C@H](C)C(C)=O)c(OC)c(O)cc3o2)cc1,1
P3_06778,COc1ccc(-c2cc(=O)c3c(O[C@@H](C)C(C)=O)c(OC)c(O)cc3o2)cc1,1
P3_06779,O=c1cc(-c2ccc(O)cc2)oc2cccc(O)c12,1
P3_06780,CCC(=O)Oc1ccc2oc(-c3ccc(OC)cc3)cc(=O)c2c1,1
P3_06781,COc1c(O)cc2oc(-c3ccc(O)cc3)cc(=O)c2c1OCCOC(C)C,1
P3_06782,O=c1cc(-c2cccc(O)c2)oc2cccc(O)c12,1
P3_06783,COc1cc2oc(-c3ccccc3)cc(=O)c2cc1O,1
P3_06784,O=c1cc(-c2ccc(O)cc2)oc2ccc(O)cc12,1
P3_06785,COc1cc(-c2cc(=O)c3cc(C)c(C)cc3o2)ccc1O,1
P3_06786,CC(C)Oc1c(O)ccc2oc(-c3ccccc3)cc(=O)c12,1
P3_06787,Cc1ccc2oc(-c3ccc(O)cc3)cc(=O)c2c1,1
P3_06788,CC[C@@H](C)Oc1cccc2oc(-c3ccc(O)cc3)cc(=O)c12,1
P3_06789,CC[C@H](C)Oc1cccc2oc(-c3ccc(O)cc3)cc(=O)c12,1
P3_06790,COc1ccc2oc(-c3ccc(OC)c(OC)c3)cc(=O)c2c1,1
P3_06791,COc1ccc(-c2oc3cc(OC)ccc3c(=O)c2O)cc1,1
P3_06792,COc1c(O)cc2oc(-c3ccc(O)cc3)cc(=O)c2c1OCC[C@H](C)OC,1
P3_06793,COc1c(O)cc2oc(-c3ccc(O)cc3)cc(=O)c2c1OCC[C@@H](C)OC,1
P3_06794,O=c1cc(-c2ccccc2)oc2ccc(O)c([O-])c12,1
P3_06795,Cc1ccc(-c2cc(=O)c3cc(O)ccc3o2)cc1,1
P3_06796,COc1cc(-c2cc(=O)c3cc(C)ccc3o2)ccc1O,1
P3_06797,COc1cc(-c2cc(=O)c3ccc(C)cc3o2)ccc1O,1
P3_06798,COc1ccc(-c2cc(=O)c3ccc([O-])cc3o2)cc1O,1
P3_06799,COc1cc(-c2cc(=O)c3cc(Br)ccc3o2)ccc1O,1
P3_06800,COc1cc(-c2cc(=O)c3cc(Cl)ccc3o2)ccc1O,1
P3_06801,COc1cc(-c2cc(=O)c3cc(O)ccc3o2)cc(OC)c1OC,1
P3_06802,CSc1ccc(-c2cc(=O)c3cc(O)ccc3o2)cc1,1
P3_06803,COc1ccc(-c2cc(=O)c3c([O-])cc(OC)c(OC)c3o2)cc1O,1
P3_06804,O=c1cc(-c2ccc(O)cc2)oc2cc([O-])ccc12,1
P3_06805,Nc1ccc(-c2cc(=O)c3cc(O)ccc3o2)cc1,1
P3_06806,O=c1cc(-c2cc(O)cc(O)c2)oc2ccccc12,1
P3_06807,COc1cccc2c(=O)c3ccccc3oc12,1
P3_06808,COc1cccc2oc3cc(O)ccc3c(=O)c12,0
P3_06809,COc1cccc2c(=O)c3c(O)cc(O)cc3oc12,1
P3_06810,COc1cc2oc3c(OC)cccc3c(=O)c2c(O)c1OC,1
P3_06811,O=c1c2ccccc2oc2cc(O)ccc12,1
P3_06812,COc1cc(O)c2c(=O)c3cccc(OC)c3oc2c1OC,1
P3_06813,COc1ccc2c(=O)c3ccccc3oc2c1OC,1
P3_06814,COc1cccc2c(=O)c3c(O)cc(OCC(=O)[O-])cc3oc12,1
P3_06815,COc1cccc2c(=O)c3c(O)cc(O[C@H](C)C(C)=O)cc3oc12,1
P3_06816,COc1cccc2c(=O)c3c(O)cc(O[C@@H](C)C(C)=O)cc3oc12,1
P3_06817,COc1c(O)ccc2c(=O)c3ccccc3oc12,1
P3_06818,COc1cc2oc3ccccc3c(=O)c2cc1OC,1
P3_06819,COc1cccc2oc3ccccc3c(=O)c12,1
P3_06820,O=c1c2ccccc2oc2ccc(O)cc12,1
P3_06821,CC(C)Oc1cc(O)cc2oc3c(O)cccc3c(=O)c12,1
P3_06822,Cc1cccc2c(=O)c3c(O)cc(O)cc3oc12,1
P3_06823,C=CC(C=C)Oc1ccc2c(=O)c3ccc(O)cc3oc2c1,1
P3_06824,COc1c(O)ccc2c(=O)c3c(OC(C)C)cc(O)cc3oc12,1
P3_06825,COc1ccc2oc3ccccc3c(=O)c2c1,1
P3_06826,COc1cc2oc3c(OC)ccc(O)c3c(=O)c2c(OC)c1OC,0
P3_06827,O=c1c2ccccc2oc2cc(O)cc(O)c12,1
P3_06828,O=c1c2cc(O)ccc2oc2cccc(O)c12,1
P3_06829,COc1cc(O)cc2oc3cc(O)c(OC(C)C)cc3c(=O)c12,1
P3_06830,COc1ccc2oc3cc(Cl)ccc3c(=O)c2c1,1
P3_06831,CC(C)Oc1cc(O)cc2oc3ccc(O)cc3c(=O)c12,1
P3_06832,Cc1cc2oc3ccccc3c(=O)c2cc1C,1
P3_06833,COc1cc2oc3ccc(O)cc3c(=O)c2c(O)c1CC=C(C)C,1
P3_06834,COc1ccc2oc3cc(O)cc(O)c3c(=O)c2c1,1
P3_06835,CC[C@H](C)Oc1c(O)ccc2c(=O)c3c(O)cc(O)cc3oc12,1
P3_06836,CC[C@@H](C)Oc1c(O)ccc2c(=O)c3c(O)cc(O)cc3oc12,1
P3_06837,COc1ccc2oc3ccc(OC)cc3c(=O)c2c1,1
P3_06838,O=c1c2ccc(Cl)cc2oc2cc(O)cc(O)c12,1
P3_06839,Cc1ccc2oc3ccccc3c(=O)c2c1,1
P3_06840,Cc1cccc2oc3ccccc3c(=O)c12,1
P3_06841,COc1cc(O)c2c(=O)c3cccc(O)c3oc2c1,1
P3_06842,CCCCOc1ccc2c(=O)c3ccc(O)cc3oc2c1,0
P3_06843,C=CC[C@@H](C)Oc1ccc2c(=O)c3ccc(O)cc3oc2c1,0
P3_06844,COc1cc(O)c2c(=O)c3cc(O)ccc3oc2c1,1
P3_06845,Cc1cccc2c(=O)c3c(O)cc(OCC(=O)[O-])cc3oc12,1
P3_06846,COc1cc(O)c2c(=O)c3c(C)cc(O)cc3oc2c1,1
P3_06847,COc1c(O)ccc2c(=O)c3c(OC)cccc3oc12,1
P3_06848,CC(=O)[C@H](C)Oc1cc(O)c2c(=O)c3cccc(C)c3oc2c1,1
P3_06849,CC(=O)[C@@H](C)Oc1cc(O)c2c(=O)c3cccc(C)c3oc2c1,1
P3_06850,COc1cc(O)c2c(=O)c3c(OC)c(OC)ccc3oc2c1,1
P3_06851,CC(=O)[C@H](C)Oc1cc(O)c2c(=O)c3ccccc3oc2c1,1
P3_06852,CC(=O)[C@@H](C)Oc1cc(O)c2c(=O)c3ccccc3oc2c1,1
P3_06853,Cc1ccc2c(=O)c3c(O)cc(O)cc3oc2c1,1
P3_06854,O=c1c2cc(Cl)cc(Cl)c2oc2cc([O-])cc(O)c12,1
P3_06855,O=c1c2cc(Cl)ccc2oc2cc(O)cc(O)c12,1
P3_06856,O=c1c2cc(Br)ccc2oc2cc(O)cc(O)c12,1
P3_06857,CC(C)=CCc1c([O-])cc2oc(-c3ccc(O)cc3O)cc(=O)c2c1O,1
P3_06858,CC(C)=CCc1c([O-])cc(O)c2c(=O)cc(-c3ccc(O)cc3)oc12,1
P3_06859,CC(C)=CCc1c([O-])cc2oc(-c3ccc(O)cc3)cc(=O)c2c1O,1
P3_06860,COC[C@H](C)Oc1cc(OC)c(OC)c2oc(-c3ccccc3O)cc(=O)c12,1
P3_06861,C=CCc1c(O)ccc2oc(-c3ccccc3)cc(=O)c12,1
P3_06862,COc1c([O-])c(O)c2oc(-c3ccccc3)cc(=O)c2c1OC,1
P3_06863,CC(C)Oc1c(O)c([O-])cc2oc(-c3ccc(O)cc3)cc(=O)c12,1
P3_06864,C=C[C@@H](C)Oc1cccc2oc(-c3ccc(O)cc3)cc(=O)c12,1
P3_06865,C=C[C@H](C)Oc1cccc2oc(-c3ccc(O)cc3)cc(=O)c12,1
P3_06866,C=CC(C=C)Oc1cccc2oc(-c3ccc(O)cc3)cc(=O)c12,1
P3_06867,COC(=O)C[C@@H](C)Oc1cc(O)c(OC)c2oc(-c3ccccc3)cc(=O)c12,1
P3_06868,CC[C@H](C)Oc1c(O)ccc2oc(-c3ccccc3)cc(=O)c12,1
P3_06869,CC[C@@H](C)Oc1c(O)ccc2oc(-c3ccccc3)cc(=O)c12,1
P3_06870,C=C[C@@H](C)Oc1c(O)ccc2oc(-c3ccccc3)cc(=O)c12,1
P3_06871,C=C[C@H](C)Oc1c(O)ccc2oc(-c3ccccc3)cc(=O)c12,1
P3_06872,C=CCc1cc2oc(-c3ccccc3)cc(=O)c2cc1O,1
P3_06873,C[C@H](C[NH+](C)C)Oc1c(O)ccc2oc(-c3ccccc3)cc(=O)c12,1
P3_06874,C[C@@H](C[NH+](C)C)Oc1c(O)ccc2oc(-c3ccccc3)cc(=O)c12,1
P3_06875,C=CC(C=C)Oc1c(O)ccc2oc(-c3ccccc3)cc(=O)c12,1
P3_06876,C=CC(C=C)Oc1c(O)ccc2c(=O)cc(-c3ccccc3)oc12,1
P3_06877,O=c1cc(-c2cc(O)cc(O)c2)oc2c(Cl)cc(Cl)cc12,1
P3_06878,COC(=O)C[C@@H](C)Oc1c(O)c(OC)cc2oc(-c3ccccc3)cc(=O)c12,1
P3_06879,COc1ccc(-c2oc3c(CC=C(C)C)c([O-])cc(O)c3c(=O)c2O)cc1,1
P3_06880,CC(C)=CCc1cc2c(=O)cc(-c3ccc(O)cc3)oc2cc1[O-],1
P3_06881,COc1ccccc1-c1cc(=O)c2c(O)cc(OC)c(OC[C@@H](C)OC)c2o1,1
P3_06882,CC[C@H](COC)Oc1c(OC)c(O)cc2oc(-c3ccc(O)cc3)cc(=O)c12,1
P3_06883,CC[C@@H](COC)Oc1c(OC)c(O)cc2oc(-c3ccc(O)cc3)cc(=O)c12,1
P3_06884,CC[C@H](COc1c(OC)c(O)cc2oc(-c3ccc(O)cc3)cc(=O)c12)OC,1
P3_06885,CC[C@@H](COc1c(OC)c(O)cc2oc(-c3ccc(O)cc3)cc(=O)c12)OC,1
P3_06886,CN(C)C(=O)COc1cc(O)c2c(=O)cc(-c3ccccc3)oc2c1,1
P3_06887,COc1c(O)cc(O[C@@H](C)C[N+](C)(C)C)c2c(=O)cc(-c3ccccc3)oc12,1
P3_06888,COc1c(O)cc(O[C@H](C)C[N+](C)(C)C)c2c(=O)cc(-c3ccccc3)oc12,1
P3_06889,CCOC(=O)[C@H](C)Oc1cc(O)c(OC)c2oc(-c3ccccc3)cc(=O)c12,1
P3_06890,CC[C@@H](Oc1cc(O)c(OC)c2oc(-c3ccccc3)cc(=O)c12)C(=O)OC,1
P3_06891,C#CC(C#C)Oc1cc(O)c(OC)c2oc(-c3ccccc3)cc(=O)c12,1
P3_06892,COc1cccc(Nc2cc(C)nc3ccc(Cl)cc23)c1,1
P3_06893,COc1ccc(Nc2cc(C)nc3ccccc23)cc1,1
P3_06894,Cc1cc(Nc2ccc(O)cc2)c2cc(Cl)ccc2n1,1
P3_06895,Cc1cc(Nc2ccc(C(=O)[O-])cc2)c2cc(Cl)ccc2n1,1
P3_06896,Cc1cc(Nc2cccc(O)c2)c2cc(Cl)ccc2n1,1
P3_06897,COc1ccc2nccc(Nc3ccccc3)c2c1,1
P3_06898,COc1ccc(Nc2cc(C)nc3c(OC)cccc23)cc1,1
P3_06899,Cc1cc(Nc2ccc(O)cc2)c2cc(Br)ccc2n1,1
P3_06900,COc1ccc2ncc(C#N)c(Nc3ccc(Cl)cc3)c2c1,1
P3_06901,COc1ccc2nccc(Nc3ccc(N)cc3)c2c1,1
P3_06902,COc1ccc2nccc(Nc3ccc(F)cc3)c2c1,1
P3_06903,Cc1ccc2nc(C(=O)[O-])cc(Nc3ccc(Cl)cc3)c2c1,1
P3_06904,Cc1cc(Nc2ccc(O)cc2)c2ccccc2n1,1
P3_06905,Cc1cc(Nc2ccc(CO)cc2)c2ccccc2n1,1
P3_06906,COc1cccc2c(Nc3ccc(O)cc3)cc(C)nc12,1
P3_06907,Cc1cc(Nc2cccc(O)c2)c2cc(Br)ccc2n1,1
P3_06908,COC(=O)c1cc(Nc2ccc(Cl)cc2)c2cccc(C)c2n1,1
P3_06909,COc1ccc2nccc(Nc3cccc(N)c3)c2c1,1
P3_06910,Cc1cc(Nc2ccc(O)cc2)c2cccc(Cl)c2n1,1
P3_06911,Fc1ccc2nccc(Nc3ccc(Cl)cc3)c2c1,1
P3_06912,COc1ccc2ncc(C#N)c(Nc3ccc(C)cc3)c2c1,1
P3_06913,Cc1cc(Nc2ccc(C(=O)[O-])cc2)c2cc(Cl)cc(Cl)c2n1,1
P3_06914,Cc1cc(Nc2ccc(C(=O)[O-])cc2)c2cc(Cl)cc(C)c2n1,0
P3_06915,Cc1cc(Nc2ccc(C(=O)[O-])cc2)c2c(Cl)cc(Cl)cc2n1,1
P3_06916,COc1cccc2c(Nc3ccc(C)c(C)c3)cc(C)nc12,1
P3_06917,COc1cccc2c(Nc3ccc(C(=O)[O-])cc3)cc(C)nc12,1
P3_06918,Cc1ccc(Nc2cc(C(=O)[O-])nc3ccc(C)cc23)cc1,1
P3_06919,Cc1cc(Nc2ccc(C(=O)[O-])cc2)c2ccc(Cl)c(Cl)c2n1,1
P3_06920,Cc1cc(Nc2ccc(C(=O)[O-])cc2)c2ccc(Cl)c(C)c2n1,1
P3_06921,Cc1cc(Nc2ccc(C(=O)[O-])cc2)c2cccc(Cl)c2n1,1
P3_06922,Cc1cc(Nc2ccc(O)cc2)c2cccc(C)c2n1,1
P3_06923,Cc1cc(Nc2ccc(F)cc2)c2cccc(C)c2n1,1
P3_06924,Cc1ccc2nc(C(=O)[O-])cc(Nc3ccc(F)c(Cl)c3)c2c1,1
P3_06925,COc1ccc2ncc(C#N)c(Nc3ccc(F)cc3)c2c1,1
P3_06926,COc1cccc2c(Nc3cccc(O)c3)cc(C)nc12,1
P3_06927,Cc1ccc2nc(C(=O)[O-])cc(Nc3ccc(C)c(Cl)c3)c2c1,1
P3_06928,Cc1ccc2nc(C(=O)[O-])cc(Nc3cccc(Cl)c3)c2c1,1
P3_06929,Cc1cc(Nc2ccc(O)cc2)c2cccc(Br)c2n1,1
P3_06930,Cc1ccc2nc(C(=O)[O-])cc(Nc3ccc(F)cc3)c2c1,1
P3_06931,CCC[NH2+]Cc1c(C)[nH]c2ccccc2c1=O,1
P3_06932,CCCOC(=O)CCc1c(C)[nH]c2ccccc2c1=O,1
P3_06933,CCOC(=O)CCc1c(C)[nH]c2ccccc2c1=O,1
P3_06934,CCCC[NH+](CCCC)Cc1c(C)[nH]c2ccccc2c1=O,1
P3_06935,CCCC[NH2+]Cc1c(C)[nH]c2ccccc2c1=O,1
P3_06936,CCCC[N@H+](C)Cc1c(C)[nH]c2ccccc2c1=O,1
P3_06937,CCCC[N@@H+](C)Cc1c(C)[nH]c2ccccc2c1=O,1
P3_06938,CCCC[N@@H+](CC)Cc1c(C)[nH]c2ccccc2c1=O,1
P3_06939,CCCC[N@H+](CC)Cc1c(C)[nH]c2ccccc2c1=O,1
P3_06940,CCCCc1c(CCC)c(=O)[nH]c2ccccc12,1
P3_06941,CCCCCCCCc1c(O)[nH]c2ccccc2c1=O,1
P3_06942,CCCc1c(CC)c(=O)[nH]c2ccccc12,1
P3_06943,CCCc1c(O)c2ccccc2[nH]c1=O,1
P3_06944,CCCc1c([O-])c2ccccc2[nH]c1=O,1
P3_06945,COCCN(CCOC)Cc1c(C)[nH]c2ccccc2c1=O,1
P3_06946,COCC[NH+](CCOC)Cc1c(C)[nH]c2ccccc2c1=O,1
P3_06947,CCCc1cc(=O)c2ccccc2[nH]1,1
P3_06948,CCCCCc1c(CCCC)c(=O)[nH]c2ccccc12,1
P3_06949,CCC(CC)COc1c(C)[nH]c2ccccc2c1=O,1
P3_06950,CCCCc1c(O)c2ccccc2[nH]c1=O,1
P3_06951,CCCCCc1c(O)c2ccccc2[nH]c1=O,1
P3_06952,CCc1c(C)[nH]c2ccc(O)cc2c1=O,1
P3_06953,CCc1c(C)[nH]c2cccc(O)c2c1=O,0
P3_06954,CCCc1c(C)c2cc(C)ccc2[nH]c1=O,1
P3_06955,CCc1cccc2c(=O)c(C[NH+](C)C)c(C)[nH]c12,0
P3_06956,CCCC[N@@H+](C)Cc1c(C)[nH]c2ccc(Cl)cc2c1=O,1
P3_06957,CCCC[N@H+](C)Cc1c(C)[nH]c2ccc(Cl)cc2c1=O,1
P3_06958,CN(C)Cc1c(Cl)c2ccccc2[nH]c1=O,1
P3_06959,CCc1c(C(=O)[O-])c2ccccc2[nH]c1=O,1
P3_06960,CCC[N@@H+](C)Cc1c(Cl)c2ccccc2[nH]c1=O,1
P3_06961,CCCNC(=O)c1c(C)c(=O)[nH]c2ccccc12,1
P3_06962,CCCCCCCc1c([O-])[nH]c2ccccc2c1=O,1
P3_06963,CCCCCCCCCCc1c([O-])[nH]c2ccccc2c1=O,1
P3_06964,CCCCCCCCc1c([O-])[nH]c2ccccc2c1=O,1
P3_06965,C=CCN(CC=C)Cc1c(C)[nH]c2ccccc2c1=O,1
P3_06966,C=CC[NH+](CC=C)Cc1c(C)[nH]c2ccccc2c1=O,1
P3_06967,CCC[C@@H](CC)Oc1c(C)[nH]c2ccccc2c1=O,1
P3_06968,CCC[C@H](CC)Oc1c(C)[nH]c2ccccc2c1=O,1
P3_06969,CCSCCOc1c(C)[nH]c2ccccc2c1=O,1
P3_06970,CCCOC[C@H](C)Oc1c(C)[nH]c2ccccc2c1=O,1
P3_06971,CCCOC[C@@H](C)Oc1c(C)[nH]c2ccccc2c1=O,1
P3_06972,CC/C=C/CCOc1c(C)[nH]c2ccccc2c1=O,1
P3_06973,CC/C=C\CCOc1c(C)[nH]c2ccccc2c1=O,1
P3_06974,CSCCOc1c(C)[nH]c2ccccc2c1=O,1
P3_06975,COC[C@H](C)Oc1c(C)[nH]c2ccccc2c1=O,1
P3_06976,CC[C@@H](C)[C@@H](C)Oc1c(C)[nH]c2ccccc2c1=O,1
P3_06977,CC[C@H](C)[C@H](C)Oc1c(C)[nH]c2ccccc2c1=O,1
P3_06978,CC[C@H](C)COc1c(C)[nH]c2ccccc2c1=O,1
P3_06979,CC[C@@H](C)COc1c(C)[nH]c2ccccc2c1=O,1
P3_06980,CC[C@@H](C)[C@H](C)Oc1c(C)[nH]c2ccccc2c1=O,1
P3_06981,CSCCCOc1c(C)[nH]c2ccccc2c1=O,1
P3_06982,CC[C@H](Oc1c(C)[nH]c2ccccc2c1=O)C(C)C,1
P3_06983,CC[C@@H](Oc1c(C)[nH]c2ccccc2c1=O)C(C)C,1
P3_06984,CC[C@H](C)[C@@H](C)Oc1c(C)[nH]c2ccccc2c1=O,1
P3_06985,C#C[C@H](CCC)Oc1c(C)[nH]c2ccccc2c1=O,1
P3_06986,CCCCc1c([O-])c2ccccc2[nH]c1=O,1
P3_06987,CCCCCc1c([O-])c2ccccc2[nH]c1=O,1
P3_06988,C=C(CC)COc1c(C)[nH]c2ccccc2c1=O,1
P3_06989,CCc1c(C)[nH]c2ccc(I)cc2c1=O,1
P3_06990,CO[C@@H](C)COc1c(C)[nH]c2ccccc2c1=O,1
P3_06991,CO[C@H](C)COc1c(C)[nH]c2ccccc2c1=O,1
P3_06992,CCc1c(C)[nH]c2ccc(SC)cc2c1=O,1
P3_06993,CC(=O)CCc1c(C)[nH]c2ccc(Br)cc2c1=O,0
P3_06994,CC(=O)CCc1c(C)[nH]c2ccc(N)cc2c1=O,0
P3_06995,COC(=O)Cc1c(O)[nH]c2ccccc2c1=O,1
P3_06996,C=CCc1c(O)[nH]c2ccccc2c1=O,1
P3_06997,Cc1c(CCC(=O)[O-])c(=O)[nH]c2ccccc12,1
P3_06998,CCCOC(=O)[C@H](C)Oc1c(C)[nH]c2ccccc2c1=O,1
P3_06999,CCCOC(=O)[C@@H](C)Oc1c(C)[nH]c2ccccc2c1=O,1
P3_07000,COCCOCCOc1c(C)[nH]c2ccccc2c1=O,1
P3_07001,COCCOCCOCCOc1c(C)[nH]c2ccccc2c1=O,1
P3_07002,C=CCCCOc1c(C)[nH]c2ccccc2c1=O,1
P3_07003,CCCNC(=O)COc1c(C)[nH]c2ccccc2c1=O,1
P3_07004,CO[C@H](C)CCOc1c(C)[nH]c2ccccc2c1=O,1
P3_07005,CC(C)=CCCOc1c(C)[nH]c2ccccc2c1=O,1
P3_07006,CCO[C@@H](C)COc1c(C)[nH]c2ccccc2c1=O,1
P3_07007,CCOC[C@@H](C)Oc1c(C)[nH]c2ccccc2c1=O,1
P3_07008,CCOC[C@H](C)Oc1c(C)[nH]c2ccccc2c1=O,1
P3_07009,CCO[C@H](C)COc1c(C)[nH]c2ccccc2c1=O,1
P3_07010,CO[C@@H](C)CCOc1c(C)[nH]c2ccccc2c1=O,1
P3_07011,COC(=O)CCCOc1c(C)[nH]c2ccccc2c1=O,1
P3_07012,CCC(=O)[C@H](CC)Oc1c(C)[nH]c2ccccc2c1=O,1
P3_07013,CC(C)(C)C(=O)/C=C\c1ccccc1,1
P3_07014,CC(C)(C)C(=O)/C=C/c1ccccc1,1
P3_07015,CC(C)(Br)C(=O)/C=C/c1ccccc1,1
P3_07016,CC(C)(Br)C(=O)/C=C\c1ccccc1,1
P3_07017,CC(C)(O)C(=O)/C=C/c1ccccc1,1
P3_07018,CCCC(=O)/C=C\c1ccccc1,1
P3_07019,CCCC(=O)/C=C/c1ccccc1,1
P3_07020,O=C([O-])CCC(=O)/C=C/c1ccccc1,1
P3_07021,CN(C)/C=C/C(=O)/C=C/c1ccccc1,1
P3_07022,CC(C)(C)OC(=O)/C=C/c1ccccc1,1
P3_07023,CCCCC(=O)/C=C\c1ccccc1,1
P3_07024,CCCCC(=O)/C=C/c1ccccc1,1
P3_07025,NC(=O)COC(=O)/C=C\c1ccccc1,0
P3_07026,CC(=O)COC(=O)/C=C/c1ccccc1,1
P3_07027,CC(=O)COC(=O)/C=C\c1ccccc1,1
P3_07028,NC(=O)COC(=O)/C=C/c1ccccc1,0
P3_07029,CC(C)C(C)OC(=O)C=Cc1ccccc1,1
P3_07030,NC(=CC(=O)C=Cc1ccccc1)C(Cl)(Cl)Cl,1
P3_07031,CCC(CC)OC(=O)C=Cc1ccccc1,1
P3_07032,CC(C)=CCOC(=O)C=Cc1ccccc1,1
P3_07033,CCC(C)OC(=O)C=Cc1ccccc1,1
P3_07034,C=C(Br)COC(=O)C=Cc1ccccc1,1
P3_07035,CC(C)CC(C)OC(=O)C=Cc1ccccc1,1
P3_07036,CC(=CN(O)C(C)(C)C)C(=O)C=Cc1ccccc1,1
P3_07037,CC(C)CCCOC(=O)C=Cc1ccccc1,1
P3_07038,BrC(Br)=Cc1ccccc1,1
P3_07039,COC(=O)C=Cc1ccc(Br)cc1,1
P3_07040,COc1ccc(C=CC(=O)C=C(C)O)cc1,1
P3_07041,O=C(O)COC(=O)C=Cc1cccc(F)c1,1
P3_07042,O=C(O)COC(=O)C=Cc1cccc(Br)c1,1
P3_07043,CC(C)OC(=O)C=Cc1cccc(O)c1,1
P3_07044,CC(C)OC(=O)C=Cc1cccc(CO)c1,0
P3_07045,CC(C)OC(=O)C=Cc1ccc(O)cc1,1
P3_07046,CC(C)C(C)OC(=O)C=Cc1cccc(O)c1,0
P3_07047,CCOC(=O)C=Cc1ccc(CC)cc1,1
P3_07048,CC(C)OC(=O)C=Cc1ccc(Br)cc1,1
P3_07049,CCOC(=O)C=Cc1ccc(Br)cc1,1
P3_07050,CC(C)OC(=O)C=Cc1cccc(Br)c1,1
P3_07051,CCOC(=O)C=Cc1cccc(Br)c1,1
P3_07052,O=C(C=Cc1ccc(O)cc1)OCCF,1
P3_07053,CCC(C)OC(=O)C=Cc1cccc(O)c1,1
P3_07054,CCC(CC)OC(=O)C=Cc1ccc(O)cc1,0
P3_07055,O=C(C=Cc1ccc(Br)cc1)OCCF,1
P3_07056,CCCOC(=O)C=Cc1ccc(Br)cc1,0
P3_07057,CCc1ccc(C=CC(=O)OC(C)C)cc1,1
P3_07058,CC(C)COC(=O)C=Cc1cccc(F)c1,0
P3_07059,CC(C)COC(=O)C=Cc1cccc(Br)c1,1
P3_07060,CCC(C)OC(=O)C=Cc1ccc(O)cc1,0
P3_07061,O=C(C=Cc1ccc(Cl)cc1)OCC=CCl,1
P3_07062,C=C(Cl)COC(=O)C=Cc1cccc(Br)c1,1
P3_07063,CC(C)COC(=O)C=Cc1cccc(OC(C)C)c1,0
P3_07064,CCCC(C)OC(=O)C=Cc1cccc(O)c1,1
P3_07065,CCC(C)COC(=O)C=Cc1cccc(O)c1,1
P3_07066,CC=CCOC(=O)C=Cc1ccc(Br)cc1,1
P3_07067,C=C(Cl)COC(=O)C=Cc1ccc(Br)cc1,0
P3_07068,Oc1cccc(/C=C/Br)c1,1
P3_07069,O=C(CO)Cc1ccccc1,0
P3_07070,Cc1cccc(/C=C/CO)c1,1
P3_07071,CCC=Cc1cccc(O)c1,1
P3_07072,CCC=Cc1ccc(O)cc1,1
P3_07073,OCCC=Cc1ccc(O)cc1,1
P3_07074,OCCC=Cc1ccc(Cl)cc1,1
P3_07075,CC(C)=Cc1ccc(C=CC(=O)O)cc1,1
P3_07076,CC(C)=Cc1ccccc1C=CC(=O)O,1
P3_07077,CC(C)N(C)C(=O)c1ccc(C=CC(=O)O)cc1,1
P3_07078,CC(C)=Cc1ccc(C=CCC(=O)O)cc1,0
P3_07079,CC(C)=Cc1ccccc1C(=O)O,1
P3_07080,O=C(O)COc1ccccc1,0
P3_07081,C=C(C)c1ccccc1C(=O)O,0
P3_07082,C=C(CC(=O)O)c1ccccc1,0
P3_07083,O=C([O-])[C@@H](C=C(Cl)Cl)c1ccccc1,1
P3_07084,O=C([O-])[C@H](C=C(Cl)Cl)c1ccccc1,1
P3_07085,CC(C)=Cc1ccc(C(=O)O)cc1,0
P3_07086,O=C(O)CCOc1ccccc1,1
P3_07087,O=C(O)COC(=O)c1ccccc1Cl,0
P3_07088,CC(C)=Cc1ccccc1CC(=O)O,1
P3_07089,O=C(O)CCCOc1ccccc1,0
P3_07090,CC(C)COc1ccccc1C(=O)O,0
P3_07091,O=C(O)COc1ccccc1I,0
P3_07092,CCN(CC)C(=O)c1ccccc1C(=O)O,0
P3_07093,CC(C)=Cc1ccc(CC(=O)O)cc1,0
P3_07094,CCOc1ccccc1C(=O)O,0
P3_07095,O=C(O)COc1ccccc1Cl,0
P3_07096,O=C(O)COc1ccccc1Br,0
P3_07097,CC(C)(C)CCOc1ccccc1C(=O)O,0
P3_07098,CC(C)C(C)COc1ccccc1C(=O)O,0
P3_07099,C=Cc1ccc(OCC(=O)O)cc1,0
P3_07100,O=C(O)COc1ccccc1CO,0
P3_07101,CCN(C)C(=O)c1ccccc1C(=O)O,0
P3_07102,CCC=CCOc1ccccc1C(=O)O,1
P3_07103,O=C(O)COc1ccccc1OCCO,1
P3_07104,C=C(c1ccccc1C(=O)O)C(C)(C)N,0
P3_07105,CCC(C)COc1ccccc1C(=O)O,1
P3_07106,CC(F)(F)CCOc1ccccc1C(=O)O,0
P3_07107,O=C(O)CCOc1ccccc1Br,0
P3_07108,O=C(O)CCOc1ccccc1I,0
P3_07109,O=C(O)CCOc1ccccc1C(=O)O,0
P3_07110,O=C(O)CCOc1ccccc1Cl,0
P3_07111,CCCOc1ccccc1C(=O)O,0
P3_07112,CC(C)=Cc1ccc(C(=O)O)c(O)c1,0
P3_07113,CC(Oc1ccccc1Br)C(=O)O,1
P3_07114,C=C(CC(=O)O)c1ccccc1CC,0
P3_07115,CC(C)=Cc1cccc(C(=O)O)c1C,1
P3_07116,O=C(O)COC(=O)c1ccccc1I,1
P3_07117,O=C(O)COC(=O)c1ccccc1Br,1
P3_07118,O=C(O)CCOc1ccccc1F,0
P3_07119,CC(C)=Cc1ccc(O)c(C(=O)O)c1,1
P3_07120,CC(C)=Cc1ccc(CCC(=O)O)cc1,0
P3_07121,CC(C)=Cc1ccc(C(=O)O)c(C)c1,0
P3_07122,CC=CCCCOc1ccccc1C(=O)O,1
P3_07123,CON(C)C(=O)CCc1ccccc1C(=O)O,0
P3_07124,CC(C)=Cc1cccc(C(=O)O)c1Cl,1
P3_07125,CC(C)=Cc1ccc(C(=O)O)c(Cl)c1,1
P3_07126,C=Cc1ccc(OCCC(=O)O)cc1,1
P3_07127,C=CCN(C)C(=O)c1ccc(C(=O)O)cc1,1
P3_07128,CCCC(O)COc1ccccc1C(=O)Nc1ccccc1,1
P3_07129,CCC(O)COc1ccccc1C(=O)Nc1ccccc1,1
P3_07130,CC[C@H](O)COc1ccccc1C(=O)Nc1ccccc1,1
P3_07131,CC[C@@H](O)COc1ccccc1C(=O)Nc1ccccc1,1
P3_07132,CC(C)CCC(O)COc1ccccc1C(=O)Nc1ccccc1,1
P3_07133,CCOCC(O)COc1ccccc1C(=O)Nc1ccccc1,1
P3_07134,CCOC[C@H](O)COc1ccccc1C(=O)Nc1ccccc1,1
P3_07135,CCOC[C@@H](O)COc1ccccc1C(=O)Nc1ccccc1,1
P3_07136,CC(C)CC[C@H](O)COc1ccccc1C(=O)Nc1ccccc1,1
P3_07137,CC(C)CC[C@@H](O)COc1ccccc1C(=O)Nc1ccccc1,1
P3_07138,COC[C@H](O)COc1ccccc1C(=O)Nc1ccccc1,1
P3_07139,COC[C@@H](O)COc1ccccc1C(=O)Nc1ccccc1,1
P3_07140,COCC(O)COc1ccccc1C(=O)Nc1ccccc1,1
P3_07141,CC(C)OC[C@H](O)COc1ccccc1C(=O)Nc1ccccc1,1
P3_07142,CSC[C@@H](O)COc1ccccc1C(=O)Nc1ccccc1,1
P3_07143,CC(C)OCC(O)COc1ccccc1C(=O)Nc1ccccc1,1
P3_07144,CSC[C@H](O)COc1ccccc1C(=O)Nc1ccccc1,1
P3_07145,CC(C)OC[C@@H](O)COc1ccccc1C(=O)Nc1ccccc1,1
P3_07146,CSCC(O)COc1ccccc1C(=O)Nc1ccccc1,1
P3_07147,CCCCOCC(O)COc1ccccc1C(=O)Nc1ccccc1,1
P3_07148,C[C@@H](O)COc1ccccc1C(=O)Nc1ccccc1,1
P3_07149,C[C@H](O)COc1ccccc1C(=O)Nc1ccccc1,1
P3_07150,CCOC(=O)CC(O)COc1ccccc1C(=O)Nc1ccccc1,1
P3_07151,CCOCCC(O)COc1ccccc1C(=O)Nc1ccccc1,1
P3_07152,CCOC(=O)C[C@H](O)COc1ccccc1C(=O)Nc1ccccc1,1
P3_07153,CCOC(=O)C[C@@H](O)COc1ccccc1C(=O)Nc1ccccc1,1
P3_07154,CCOCC[C@H](O)COc1ccccc1C(=O)Nc1ccccc1,1
P3_07155,CCOCC[C@@H](O)COc1ccccc1C(=O)Nc1ccccc1,1
P3_07156,CC(C)OCC[C@@H](O)COc1ccccc1C(=O)Nc1ccccc1,1
P3_07157,CC(C)OCC[C@H](O)COc1ccccc1C(=O)Nc1ccccc1,1
P3_07158,CC(C)OCCC(O)COc1ccccc1C(=O)Nc1ccccc1,1
P3_07159,CC(C)[C@@H](O)COc1ccccc1C(=O)Nc1ccccc1,1
P3_07160,CC(C)[C@H](O)COc1ccccc1C(=O)Nc1ccccc1,1
P3_07161,CCOC(=O)CC[C@H](O)COc1ccccc1C(=O)Nc1ccccc1,1
P3_07162,CCOC(=O)CC[C@@H](O)COc1ccccc1C(=O)Nc1ccccc1,1
P3_07163,O=C(Nc1ccccc1)c1ccccc1OC[C@H](O)CC(F)(F)F,1
P3_07164,CCCN(CCC)C(=O)COc1ccccc1C(=O)Nc1ccccc1,1
P3_07165,O=C(Nc1ccccc1)c1ccccc1OC[C@@H](O)CC(F)(F)F,1
P3_07166,CCCOc1ccccc1C(=O)Nc1ccccc1,0
P3_07167,CC[C@H](COc1ccccc1C(=O)Nc1ccccc1)OC,1
P3_07168,CCO[C@@H](C)COc1ccccc1C(=O)Nc1ccccc1,1
P3_07169,CC[C@@H](COc1ccccc1C(=O)Nc1ccccc1)OC,1
P3_07170,CCO[C@H](C)COc1ccccc1C(=O)Nc1ccccc1,1
P3_07171,CCCCOc1ccccc1C(=O)Nc1ccccc1,1
P3_07172,O=C(Nc1ccccc1)c1ccccc1OC[C@H](O)COCC(F)(F)F,1
P3_07173,O=C(Nc1ccccc1)c1ccccc1OC[C@@H](O)COCC(F)(F)F,1
P3_07174,CCCCCOc1ccccc1C(=O)Nc1ccccc1,1
P3_07175,COC[C@H](COc1ccccc1C(=O)Nc1ccccc1)OC,1
P3_07176,COC[C@@H](COc1ccccc1C(=O)Nc1ccccc1)OC,1
P3_07177,CCN(C)CC(O)COc1ccc(NC(=O)c2ccccc2OC)cc1,1
P3_07178,C[C@@H](O)CCOc1ccccc1C(=O)Nc1ccccc1,1
P3_07179,C[C@H](O)CCOc1ccccc1C(=O)Nc1ccccc1,1
P3_07180,C[C@H](O)CCCOc1ccccc1C(=O)Nc1ccccc1,1
P3_07181,C[C@@H](O)CCCOc1ccccc1C(=O)Nc1ccccc1,1
P3_07182,CC(C)CN(CC(C)C)C(=O)COc1ccccc1C(=O)Nc1ccccc1,1
P3_07183,CCCCN(CC)C(=O)COc1ccccc1C(=O)Nc1ccccc1,1
P3_07184,CCCCOCCOc1ccccc1C(=O)Nc1ccccc1,1
P3_07185,CCCOC[C@@H](C)Oc1ccccc1C(=O)Nc1ccccc1,0
P3_07186,CCCOC[C@H](C)Oc1ccccc1C(=O)Nc1ccccc1,0
P3_07187,CC(C)C(=O)N(C)COc1ccccc1C(=O)Nc1ccccc1,1
P3_07188,CCOc1ccccc1C(=O)Nc1ccc(OC[C@@H](O)C[NH+](C)C)cc1,1
P3_07189,CCOc1ccccc1C(=O)Nc1ccc(OC[C@H](O)C[NH+](C)C)cc1,1
P3_07190,CCO[C@H](C)COc1ccccc1C(=O)Nc1ccc(O)cc1,1
P3_07191,CCO[C@@H](C)COc1ccccc1C(=O)Nc1ccc(O)cc1,1
P3_07192,CN(CC(F)(F)F)C(=O)COc1ccccc1C(=O)Nc1ccccc1,1
P3_07193,CCCN(Cc1ccc(C(=O)Nc2ccccc2)cc1)CC(F)F,1
P3_07194,CC(C)COC[C@H](O)COc1ccccc1C(=O)Nc1ccccc1,1
P3_07195,CC(C)COC[C@@H](O)COc1ccccc1C(=O)Nc1ccccc1,1
P3_07196,C[C@H](CO)COc1ccccc1C(=O)Nc1ccccc1,1
P3_07197,C[C@@H](CO)COc1ccccc1C(=O)Nc1ccccc1,1
P3_07198,CC(C)OCCOc1ccccc1C(=O)Nc1ccccc1,1
P3_07199,CCOCCOc1ccccc1C(=O)Nc1ccccc1,1
P3_07200,COCCCCOc1ccccc1C(=O)Nc1ccccc1,1
P3_07201,CC(C)OCCCOc1ccccc1C(=O)Nc1ccccc1,1
P3_07202,CCOCCOCCOc1ccccc1C(=O)Nc1ccccc1,1
P3_07203,CCOCCCOc1ccccc1C(=O)Nc1ccccc1,1
P3_07204,COCC#CCOc1ccccc1C(=O)Nc1ccccc1,1
P3_07205,CCC(O)(CC)COc1ccccc1C(=O)Nc1ccccc1,1
P3_07206,COCCCCCOc1ccccc1C(=O)Nc1ccccc1,1
P3_07207,CC(C)(O)COc1ccccc1C(=O)Nc1ccccc1,1
P3_07208,C[C@@H](F)CCOc1ccccc1C(=O)Nc1ccccc1,1
P3_07209,CC#CCCOc1ccccc1C(=O)Nc1ccccc1,1
P3_07210,CC(C)=CCOc1ccccc1C(=O)Nc1ccccc1,0
P3_07211,COCCOCCOc1ccccc1C(=O)Nc1ccccc1,0
P3_07212,C#C[C@@H](CC)Oc1ccccc1C(=O)Nc1ccccc1,0
P3_07213,CC[C@@H](COC)Oc1ccccc1C(=O)Nc1ccccc1,1
P3_07214,C#C[C@H](CC)Oc1ccccc1C(=O)Nc1ccccc1,0
P3_07215,CC(=O)OCC#CCOc1ccccc1C(=O)Nc1ccccc1,1
P3_07216,CO[C@@H](C)CCOc1ccccc1C(=O)Nc1ccccc1,1
P3_07217,CO[C@H](C)CCOc1ccccc1C(=O)Nc1ccccc1,1
P3_07218,CCOC[C@@H](C)Oc1ccccc1C(=O)Nc1ccccc1,0
P3_07219,O=C(Nc1ccccc1)c1ccccc1OCCOCC(F)F,1
P3_07220,CCOC[C@H](C)Oc1ccccc1C(=O)Nc1ccccc1,0
P3_07221,CC(C)OCCOCCOCCOc1ccccc1C(=O)Nc1ccccc1,0
P3_07222,CC[C@H](COC)Oc1ccccc1C(=O)Nc1ccccc1,1
P3_07223,CC[C@@H](COc1ccccc1C(=O)Nc1ccc(O)cc1)OC,1
P3_07224,CC[C@H](COc1ccccc1C(=O)Nc1ccc(O)cc1)OC,1
P3_07225,C[C@H](O)[C@@H](C)Oc1ccccc1C(=O)Nc1ccccc1,1
P3_07226,C[C@H](O)[C@H](C)Oc1ccccc1C(=O)Nc1ccccc1,1
P3_07227,C[C@H](Oc1ccccc1C(=O)Nc1ccccc1)[C@@H](C)O,1
P3_07228,C[C@@H](O)[C@@H](C)Oc1ccccc1C(=O)Nc1ccccc1,1
P3_07229,COC[C@H](C)Oc1ccccc1C(=O)Nc1ccccc1,0
P3_07230,CC(C)(O)CCOc1ccccc1C(=O)Nc1ccccc1,1
P3_07231,CC(C)(C)OCCOc1ccccc1C(=O)Nc1ccccc1,1
P3_07232,C#CCCCOc1ccccc1C(=O)Nc1ccccc1,0
P3_07233,CO[C@H](C)COc1ccccc1C(=O)Nc1ccc(O)cc1,1
P3_07234,CCOC(=O)CCCCOc1ccccc1C(=O)Nc1ccccc1,1
P3_07235,C[C@H](CON)Oc1ccccc1C(=O)Nc1ccccc1,0
P3_07236,C[C@@H](CON)Oc1ccccc1C(=O)Nc1ccccc1,0
P3_07237,CCCN(CC(=O)Nc1ccccc1C(=O)Nc1ccccc1)CC(C)C,0
P3_07238,CCCCOCC(O)COc1ccc(Cl)cc1C(=O)Nc1ccccc1,1
P3_07239,CCCN(CC)CC(=O)Nc1ccccc1C(=O)Nc1ccccc1,0
P3_07240,CC(C)(C#N)CCCOc1ccccc1C(=O)Nc1ccccc1,1
P3_07241,CC(C)OC[C@H](O)CNc1ccccc1C(=O)Nc1ccccc1,1
P3_07242,CC(C)OC[C@@H](O)CNc1ccccc1C(=O)Nc1ccccc1,1
P3_07243,CCN(CC(=O)Nc1ccccc1C(=O)Nc1ccccc1)CC(C)C,0
P3_07244,CCN(CC(=O)Nc1ccccc1C(=O)Nc1ccccc1)CC(C)OC,0
P3_07245,CCCN(C)CCC(=O)Nc1cccc(C(=O)Nc2ccccc2)c1C,1
P3_07246,CCCN(CCC)CC(=O)Nc1ccccc1C(=O)Nc1cccc(C)c1,1
P3_07247,CCCCN(C)CC(=O)Nc1ccccc1C(=O)Nc1ccccc1,1
P3_07248,CCN(CCC#N)CC(=O)Nc1ccccc1C(=O)Nc1ccccc1,1
P3_07249,CCOc1ccccc1C(=O)Nc1ccc(Cl)c(CN(C)CCO)c1,1
P3_07250,CCC(C)CN(C)CC(=O)Nc1ccccc1C(=O)Nc1ccccc1,1
P3_07251,CCCC(C)N(C)CC(=O)Nc1ccccc1C(=O)Nc1ccccc1,1
P3_07252,CCN(CC)CCSCC(=O)Nc1ccccc1C(=O)Nc1ccccc1,0
P3_07253,CCCN(CCN(CC)CC)C(=O)Nc1ccc(C(=O)Nc2ccccc2)cc1,1
P3_07254,COC(C)CN(C)CC(=O)Nc1ccccc1C(=O)Nc1ccccc1,1
P3_07255,CC(C#N)CN(C)CC(=O)Nc1ccccc1C(=O)Nc1ccccc1,1
P3_07256,CCN(CCC(F)(F)F)CC(=O)Nc1ccccc1C(=O)Nc1ccccc1,0
P3_07257,CCOCCOc1ccccc1C(=O)Nc1ccc(F)c(C(=O)N(C)C)c1,1
P3_07258,CCCN(CCN(CC)CC)C(=O)c1cccc(C(=O)Nc2ccccc2)c1,1
P3_07259,CN(CCOC(F)F)CC(=O)Nc1ccccc1C(=O)Nc1ccccc1,1
P3_07260,COC(=O)CN(C)CC(=O)Nc1ccccc1C(=O)Nc1ccccc1,1
P3_07261,COCCOc1ccccc1C(=O)Nc1ccc(Cl)c(CN(C)CCO)c1,1
P3_07262,CNCCN(C)CC(=O)Nc1ccccc1C(=O)Nc1ccccc1,1
P3_07263,CN(CCCF)CC(=O)Nc1ccccc1C(=O)Nc1ccccc1,1
P3_07264,CCCN(C)CCC(=O)Nc1ccccc1C(=O)Nc1cccc(C)c1,1
P3_07265,CCSCC(C)N(C)CC(=O)Nc1ccccc1C(=O)Nc1ccccc1,1
P3_07266,Cc1ccc2nc(C(=O)[O-])cc(Nc3cccc(C(F)(F)F)c3)c2c1,1
P3_07267,Cc1cccc(Nc2cc(C)nc3ccccc23)c1,1
P3_07268,Cc1cc(Nc2cccc(C(C)(C)O)c2)c2ccccc2n1,1
P3_07269,Cc1cc(Nc2cccc(S(N)(=O)=O)c2)c2ccc(C(F)(F)F)cc2n1,1
P3_07270,Cc1cc(Nc2cccc(C(=O)[O-])c2)c2ccc(C(F)(F)F)cc2n1,1
P3_07271,Cc1cc(Nc2cccc(F)c2)c2ccccc2n1,1
P3_07272,Cc1cccc(Nc2cc(C(=O)[O-])nc3ccc(C)cc23)c1,1
P3_07273,COC(=O)c1cc(Nc2cccc(C)c2)c2cc(C)ccc2n1,1
P3_07274,Cc1ccc2nc(C(=O)[O-])cc(Nc3cccc(F)c3)c2c1,1
P3_07275,COC(=O)c1cc(Nc2cccc(F)c2)c2cc(C)ccc2n1,1
P3_07276,COC(=O)c1cc(Nc2cccc(Cl)c2)c2cc(C)ccc2n1,1
P3_07277,COC(=O)c1cccc(Nc2cc(C)nc3ccc(Cl)cc23)c1,1
P3_07278,Cc1cc(Nc2ccc(S(N)(=O)=O)cc2)c2ccc(C(F)(F)F)cc2n1,1
P3_07279,Cc1cc(Nc2ccc(C(=O)[O-])cc2)c2ccc(C(F)(F)F)cc2n1,1
P3_07280,COCc1cccc(Nc2cc(C)nc3ccccc23)c1,1
P3_07281,Nc1cccc(Nc2ccnc3ccc(C(F)(F)F)cc23)c1,1
P3_07282,Cc1ccc2nccc(Nc3cccc(N)c3)c2c1,1
P3_07283,CNS(=O)(=O)c1ccc(Nc2cc(C)nc3cc(C(F)(F)F)ccc23)cc1,1
P3_07284,Cc1cc(Nc2cc(F)cc(C(C)(C)O)c2)c2ccccc2n1,1
P3_07285,Cc1cc(Nc2ccc(C(C)(C)O)cc2)c2ccccc2n1,1
P3_07286,COC(=O)c1cc(Nc2cccc(C)c2)c2cc(Cl)ccc2n1,1
P3_07287,COC(=O)c1cc(Nc2cc(C)cc(C)c2)c2cc(C)ccc2n1,1
P3_07288,Cc1cc(Nc2cccc(O)c2)c2cccc(C)c2n1,1
P3_07289,Cc1cc(Nc2cccc(CO)c2)c2cccc(F)c2n1,1
P3_07290,Cc1cc(Nc2cccc(O)c2)c2cccc(Br)c2n1,1
P3_07291,COC(=O)c1cccc(Nc2cc(C)nc3cc(Cl)ccc23)c1,1
P3_07292,Cc1cc(Nc2cccc(O)c2)c2cccc(Cl)c2n1,1
P3_07293,Cc1cc(Nc2cccc(S(C)(=O)=O)c2)c2cccc(F)c2n1,1
P3_07294,CC(C)(O)c1cccc(Nc2ccnc3ccc(Cl)cc23)c1,1
P3_07295,Cc1cc(Nc2cccc(C(=O)[O-])c2)c2cccc(F)c2n1,1
P3_07296,Cc1cccc2c(Nc3cccc(C(F)(F)F)c3)c(C(=O)[O-])cnc12,1
P3_07297,Cc1cc(Nc2cccc(C(=O)[O-])c2)c2cccc(C)c2n1,1
P3_07298,COC(=O)c1cc(Nc2cccc(F)c2)c2cc(Cl)ccc2n1,1
P3_07299,CCOC(=O)c1cc(Nc2cccc(F)c2)c2cc(Cl)ccc2n1,1
P3_07300,Cc1cccc(Nc2c(C#N)cnc3ccc(C)cc23)c1,1
P3_07301,Cc1ccc2ncc(C#N)c(Nc3cccc(F)c3)c2c1,1
P3_07302,Cc1cc(Nc2cccc(C(=O)[O-])c2)c2cccc(Cl)c2n1,1
P3_07303,COC(=O)c1cc(Nc2cccc(C)c2)c2cccc(C)c2n1,1
P3_07304,Cc1ccc2ncc(C#N)c(Nc3cccc(Cl)c3)c2c1,1
P3_07305,CCc1ccc2nc(C(=O)OC)cc(Nc3cccc(Cl)c3)c2c1,1
P3_07306,COC(=O)c1cc(Nc2cccc(C)c2)c2cccc(Cl)c2n1,1
P3_07307,Cc1cc(C)c2nccc(Nc3cccc(N)c3)c2c1,1
P3_07308,COC(=O)c1cc(Nc2cccc(F)c2)c2cccc(C)c2n1,1
P3_07309,Cc1cccc(Nc2c(C#N)cnc3ccc(Cl)cc23)c1,1
P3_07310,COC(=O)c1cc(Nc2cccc(Cl)c2)c2cccc(C)c2n1,1
P3_07311,Cc1cccc(Nc2c(C(=O)[O-])cnc3ccc(Cl)cc23)c1,1
P3_07312,COC(=O)c1cc(Nc2cccc(F)c2)c2cccc(Cl)c2n1,1
P3_07313,CCOC(=O)c1cccc(Nc2ccnc3c(C)cc(F)cc23)c1,1
P3_07314,C=Cc1cc(OC)c(O)c(OC)c1,1
P3_07315,COc1cc(C=C(C)C)cc(OC)c1O,0
P3_07316,C/C=C\c1cc(OC)c(O)c(OC)c1,1
P3_07317,COc1cc(C=C(F)F)cc(OC)c1O,0
P3_07318,COc1cc(C=CC(C)C)cc(OC)c1O,1
P3_07319,COc1cc(/C=C\C(=O)[O-])cc(OC)c1O,1
P3_07320,COc1cc(/C=C/C(=O)[O-])cc(OC)c1O,1
P3_07321,COc1cc(O)cc(OC)c1O,1
P3_07322,COc1cc(/C=C/CO)cc(OC)c1O,1
P3_07323,COc1cc(/C=C\CO)cc(OC)c1O,1
P3_07324,CCC=Cc1cc(OC)c(O)c(OC)c1,1
P3_07325,COc1cc(C)cc(OC)c1O,1
P3_07326,COc1cc(C=CC(F)(F)F)cc(OC)c1O,1
P3_07327,COc1cc(Cl)cc(OC)c1O,1
P3_07328,COc1cc(Br)cc(OC)c1O,1
P3_07329,COc1cc(C=CCCO)cc(OC)c1O,1
P3_07330,COc1cc(/C=C/C(=O)OC(C)C)cc(OC)c1O,1
P3_07331,COc1cc(C(C)=O)cc(OC)c1O,1
P3_07332,COc1cc(CO)cc(OC)c1O,1
P3_07333,COc1cc([C@@H](C)O)cc(OC)c1O,0
P3_07334,COc1cc(C(C)=C(C)C)cc(OC)c1O,1
P3_07335,COc1cc([C@H](C)O)cc(OC)c1O,0
P3_07336,COc1cc(OC)c(O)c(OC)c1,1
P3_07337,COC(=O)c1cc(OC)c(O)c(OC)c1,0
P3_07338,CCc1cc(OC)c(O)c(OC)c1,1
P3_07339,CNC(=O)c1cc(OC)c(O)c(OC)c1,0
P3_07340,CCC(=O)c1cc(OC)c(O)c(OC)c1,0
P3_07341,COc1cc(CC(C)=O)cc(OC)c1O,1
P3_07342,C=CCc1cc(OC)c(O)c(OC)c1,1
P3_07343,COC(=O)/C=C/c1ccc(/C=C/C(=O)OC)cc1,1
P3_07344,COC(=O)/C=C\c1ccc(Br)cc1,1
P3_07345,COC(=O)/C=C/c1ccc(Br)cc1,1
P3_07346,COC(=O)/C=C\c1ccc(C(=O)OC)cc1,1
P3_07347,COC(=O)/C=C/c1ccc(C(=O)OC)cc1,1
P3_07348,COC(=O)COC(=O)/C=C\c1ccc(O)cc1,1
P3_07349,COC(=O)COC(=O)C=Cc1ccc(O)cc1,1
P3_07350,COC(=O)COC(=O)/C=C/c1ccc(O)cc1,1
P3_07351,COC(=O)[C@@H](C)OC(=O)/C=C/c1ccc(O)cc1,1
P3_07352,CC(C)OC(=O)/C=C\c1ccc(O)cc1,1
P3_07353,COC(=O)/C=C\c1ccc(C(C)(C)C)cc1,1
P3_07354,COC(=O)/C=C/c1ccc(C(C)(C)C)cc1,1
P3_07355,COC(=O)/C=C/c1ccc(C(C)C)cc1,1
P3_07356,COC(=O)C=Cc1ccc(C(C)(C)C)cc1,1
P3_07357,CCOC(=O)C=Cc1ccc(/C=C/C(=O)OC)cc1,1
P3_07358,COC(=O)/C=C\c1ccc(/C=C/C(C)(C)O)cc1,1
P3_07359,COC(=O)/C=C/c1ccc(/C=C/C(C)(C)O)cc1,1
P3_07360,COC(=O)/C=C/c1ccc(NC(C)=O)cc1,1
P3_07361,COC(=O)/C=C\c1ccc(NC(C)=O)cc1,1
P3_07362,COC(=O)C=Cc1ccc(NC(=O)OC)cc1,1
P3_07363,COC(=O)C=Cc1ccc(NC(C)=O)cc1,1
P3_07364,CC(=O)/C=C\c1ccc(O)cc1,1
P3_07365,CC(=O)/C=C/c1ccc(O)cc1,1
P3_07366,CC(=O)COC(=O)C=Cc1ccc(O)cc1,1
P3_07367,CCCOC(=O)/C=C\c1ccc(O)cc1,1
P3_07368,CCCOC(=O)/C=C/c1ccc(O)cc1,1
P3_07369,CC(=O)COC(=O)/C=C\c1ccc(O)cc1,1
P3_07370,COC(=O)/C=C/c1ccc(OC(C)C)cc1,1
P3_07371,CCCOC(=O)C=Cc1ccc(O)cc1,1
P3_07372,CC(=O)COC(=O)/C=C/c1ccc(O)cc1,1
P3_07373,COCC(=O)COC(=O)C=Cc1ccc(O)cc1,1
P3_07374,COC(=O)/C=C/c1ccc(COC(C)C)cc1,0
P3_07375,CCC(CC)OC(=O)/C=C\c1ccc(O)cc1,0
P3_07376,C=C(C)Nc1ccc(C=CC(=O)OC)cc1,1
P3_07377,COC(=O)/C=C/c1ccc(O)c(Cl)c1,1
P3_07378,CCC(CC)OC(=O)/C=C/c1ccc(O)cc1,0
P3_07379,COC(C)COC(=O)C=Cc1ccc(O)cc1,0
P3_07380,COC(=O)C=Cc1ccc(Cl)c(Cl)c1,1
P3_07381,O=C(C=Cc1ccc(O)cc1)OCCO,1
P3_07382,CC(O)COC(=O)C=Cc1ccc(O)cc1,1
P3_07383,CC(C)(C)CCOC(=O)C=Cc1ccc(O)cc1,1
P3_07384,CC(C)CCOC(=O)C=Cc1ccc(O)cc1,1
P3_07385,COC(=O)C=Cc1ccc(Br)c(C)c1,1
P3_07386,CCCCCCCOC(=O)C=Cc1ccc(O)cc1,1
P3_07387,CCCCCCOC(=O)C=Cc1ccc(O)cc1,1
P3_07388,COC(=O)C=Cc1cc(Cl)cc(Cl)c1,1
P3_07389,O=C(C=Cc1ccc(O)cc1)OCCC(Cl)(Cl)Cl,1
P3_07390,COC(=O)C=Cc1ccc(Br)c(Cl)c1,1
P3_07391,COC(=O)C=Cc1cccc(Br)c1,1
P3_07392,CCOC(=O)C=Cc1ccc(COC)cc1,1
P3_07393,COC(=O)C=Cc1cccc(OC(C)C)c1,1
P3_07394,CCOC(=O)C=Cc1ccc(Cl)cc1,1
P3_07395,COCCCOC(=O)C=Cc1ccc(Br)cc1,1
P3_07396,CCCOC(=O)C=Cc1ccc(Cl)cc1,1
P3_07397,CCCOC(=O)C=Cc1ccc(CC)cc1,1
P3_07398,COC(=O)C=Cc1cc(Cl)ccc1Br,1
P3_07399,CC(C)COC(=O)C=Cc1ccc(F)cc1,0
P3_07400,COC(=O)C=Cc1cc(Cl)ccc1OC,1
P3_07401,CC(C)COC(=O)C=Cc1ccc(Cl)cc1,1
P3_07402,CC(C)COC(=O)C=Cc1ccc(Br)cc1,1
P3_07403,CCCCOC(=O)C=Cc1ccc(Cl)cc1,1
P3_07404,CCCOC(=O)C=Cc1cccc(O)c1,1
P3_07405,C=C(C)COC(=O)C=Cc1ccc(Br)cc1,1
P3_07406,CCCCOC(=O)C=Cc1ccc(Br)cc1,0
P3_07407,CCC(C)OC(=O)C=Cc1ccc(Br)cc1,0
P3_07408,CC(C)=CCOC(=O)C=Cc1ccc(F)cc1,1
P3_07409,CCC(C)OC(=O)C=Cc1ccc(F)cc1,0
P3_07410,CC(C)=CCOC(=O)C=Cc1ccc(Cl)cc1,1
P3_07411,CC(C)COC(=O)C=Cc1ccccc1,1
P3_07412,COC(C)COC(=O)C=Cc1cccc(O)c1,1
P3_07413,O=C(/C=C/c1ccc(O)cc1)OCCO,1
P3_07414,O=C(/C=C/c1ccc(O)cc1)OCCF,1
P3_07415,CCOC(=O)/C=C/c1ccc(OC)cc1,0
P3_07416,COCC=Cc1ccc(O)cc1,1
P3_07417,COc1ccc(/C=C/C(C)=O)cc1,0
P3_07418,CCOC(=O)/C=C/c1ccc(Br)cc1,1
P3_07419,CCC(=O)/C=C/c1ccc(OC)cc1,0
P3_07420,CC(=O)/C=C/c1ccc(Br)cc1,1
P3_07421,OC/C=C/c1ccc(O)cc1,1
P3_07422,COC(=O)CCc1ccc(O)cc1,0
P3_07423,CCC(=O)/C=C/c1ccc(Cl)cc1,1
P3_07424,O=C([O-])/C=C/c1ccc(Br)cc1,1
P3_07425,COCC(=O)c1ccc(O)cc1,0
P3_07426,CC(C)OC(=O)/C=C/c1ccc(O)cc1,1
P3_07427,CC(=O)[C@@H](C)OC(=O)/C=C\c1ccc(O)cc1,1
P3_07428,CC(=O)[C@H](C)OC(=O)/C=C\c1ccc(O)cc1,1
P3_07429,CC(=O)[C@H](C)OC(=O)/C=C/c1ccc(O)cc1,1
P3_07430,CC(=O)[C@@H](C)OC(=O)/C=C/c1ccc(O)cc1,1
P3_07431,COC(=O)/C=C\c1ccc(O)c(OC)c1,1
P3_07432,COC(=O)/C=C/c1ccc(O)c(OC)c1,1
P3_07433,COC(=O)/C=C\c1ccc(OC)c(O)c1,1
P3_07434,CC(C)COC(=O)/C=C/c1ccc(O)cc1,1
P3_07435,CC(C)COC(=O)/C=C\c1ccc(O)cc1,1
P3_07436,COC(=O)/C=C/c1ccc(OC)c(O)c1,1
P3_07437,COC[C@@H](C)OC(=O)/C=C/c1ccc(O)cc1,1
P3_07438,CO[C@@H](C)COC(=O)/C=C/c1ccc(O)cc1,0
P3_07439,CO[C@H](C)COC(=O)/C=C/c1ccc(O)cc1,0
P3_07440,COC[C@H](C)OC(=O)/C=C/c1ccc(O)cc1,1
P3_07441,C[C@@H](O)COC(=O)/C=C/c1ccc(O)cc1,1
P3_07442,C[C@H](O)COC(=O)/C=C/c1ccc(O)cc1,1
P3_07443,COC(=O)/C=C/c1ccc(OCC(=O)OC)cc1,1
P3_07444,C[C@@H](O)COC(=O)/C=C\c1ccc(O)cc1,1
P3_07445,C[C@H](O)COC(=O)/C=C\c1ccc(O)cc1,1
P3_07446,CC[C@H](C)OC(=O)/C=C/c1ccc(O)cc1,0
P3_07447,CC[C@@H](C)OC(=O)/C=C/c1ccc(O)cc1,0
P3_07448,CC[C@@H](C)OC(=O)/C=C\c1ccc(O)cc1,0
P3_07449,CC[C@H](C)OC(=O)/C=C\c1ccc(O)cc1,0
P3_07450,CCc1c(C)c(=O)n(C)c2ccccc12,1
P3_07451,CCc1c(C)c(=[NH2+])c2ccccc2n1CC,1
P3_07452,CCCc1cc(=O)c2ccccc2n1C,1
P3_07453,Cc1c(C(C)C)c(=O)c2ccccc2n1C,1
P3_07454,CCCCCc1cc(=O)c2ccccc2n1C,1
P3_07455,CCCCCCCCCc1cc(=O)c2ccccc2n1C,1
P3_07456,CCCCCCCc1cc(=O)c2ccccc2n1C,1
P3_07457,CCCCn1c(C)cc(=O)c2ccccc21,1
P3_07458,Cc1c(C(=O)N(C)CCC(C)(C)C)c2ccccc2n(C)c1=O,0
P3_07459,Cc1c(C(=O)N[C@@H](C)CCC(C)C)c2ccccc2n(C)c1=O,1
P3_07460,Cc1c(C(=O)N[C@H](C)CCC(C)C)c2ccccc2n(C)c1=O,1
P3_07461,CCCn1c(C)c(C(C)C)c(=O)c2ccccc21,1
P3_07462,Cc1c(C(=O)N[C@H](C)C(C)(C)C)c2ccccc2n(C)c1=O,1
P3_07463,CCCCn1c(C)c(C(C)C)c(=O)c2ccccc21,1
P3_07464,CCn1c(C)c(C(C)C)c(=O)c2ccccc21,1
P3_07465,CCCCCCn1ccc(=O)c2ccccc21,1
P3_07466,CCCCCn1c(C)c(C(C)C)c(=O)c2ccccc21,1
P3_07467,CCC(CC)n1ccc(=O)c2ccccc21,1
P3_07468,CCn1cc(I)c(=O)c2ccccc21,1
P3_07469,CCC(C)CCn1ccc(=O)c2ccccc21,1
P3_07470,CCOCCn1c(C)c(C(C)C)c(=O)c2ccccc21,1
P3_07471,CCC(C)n1ccc(=O)c2ccccc21,1
P3_07472,Cc1c(C(C)C)c(=O)c2ccccc2n1CCC(C)C,1
P3_07473,Cn1cc(I)c(=O)c2ccccc21,1
P3_07474,COCCn1ccc(=O)c2ccccc21,1
P3_07475,CC(C)(C)CCn1ccc(=O)c2ccccc21,1
P3_07476,CC(C)CCn1ccc(=O)c2ccccc21,1
P3_07477,Cc1c(C(C)C)c(=O)c2ccccc2n1CC[C@H](C)O,1
P3_07478,Cc1c(C(C)C)c(=O)c2ccccc2n1CC[C@@H](C)O,1
P3_07479,CCOCCCn1c(C)c(C(C)C)c(=O)c2ccccc21,1
P3_07480,CCC(C)C(C)n1ccc(=O)c2ccccc21,1
P3_07481,COCCn1c(C)c(C(C)C)c(=O)c2ccccc21,1
P3_07482,Cc1c(C(C)C)c(=O)c2ccccc2n1CC[C@H](C)F,1
P3_07483,Cc1c(C(C)C)c(=O)c2ccccc2n1CCCO,1
P3_07484,CC(C)C(C)n1ccc(=O)c2ccccc21,1
P3_07485,C=C(C)CCn1ccc(=O)c2ccccc21,1
P3_07486,Cc1c(C(C)C)c(=O)c2ccccc2n1CC(C)C,1
P3_07487,CC[C@@H](F)Cn1c(C)c(C(C)C)c(=O)c2ccccc21,1
P3_07488,Cc1c(C(C)C)c(=O)c2ccccc2n1CCCCCF,1
P3_07489,CC[C@H](F)Cn1c(C)c(C(C)C)c(=O)c2ccccc21,1
P3_07490,CC(C)Cn1ccc(=O)c2ccccc21,1
P3_07491,CC(C)(C)Cn1ccc(=O)c2ccccc21,1
P3_07492,Cc1c(C(C)C)c(=O)c2ccccc2n1CCC(C)(C)O,1
P3_07493,COCCCn1c(C)c(C(C)C)c(=O)c2ccccc21,1
P3_07494,Cc1c(C(C)C)c(=O)c2ccccc2n1CCC[C@@H](C)O,1
P3_07495,Cc1c(C(C)C)c(=O)c2ccccc2n1CCC[C@H](C)O,1
P3_07496,Cc1c(C(C)C)c(=O)c2ccccc2n1CC[C@H](O)C(C)C,1
P3_07497,Cc1c(C(C)C)c(=O)c2ccccc2n1CC[C@@H](O)C(C)C,1
P3_07498,Cc1c(C(C)C)c(=O)c2ccccc2n1CC(F)F,0
P3_07499,COCCCCn1c(C)c(C(C)C)c(=O)c2ccccc21,1
P3_07500,Cc1c(C(C)C)c(=O)c2ccccc2n1CCOC(C)(C)C,1
P3_07501,COC(C)(C)CCn1c(C)c(C(C)C)c(=O)c2ccccc21,1
P3_07502,CC(C)CC(C)n1ccc(=O)c2ccccc21,1
P3_07503,COCCOCCn1c(C)c(C(C)C)c(=O)c2ccccc21,1
P3_07504,C=CCn1c(C)c(C(C)C)c(=O)c2ccccc21,1
P3_07505,COCCCCCn1c(C)c(C(C)C)c(=O)c2ccccc21,1
P3_07506,Cc1c(C(C)C)c(=O)c2ccccc2n1CCOCC(F)F,1
P3_07507,CO[C@H](C)Cn1c(C)c(C(C)C)c(=O)c2ccccc21,1
P3_07508,Cc1c(C(C)C)c(=O)c2ccccc2n1CC(N)=O,1
P3_07509,CC#CCn1c(C)c(C(C)C)c(=O)c2ccccc21,1
P3_07510,CO[C@@H](C)Cn1c(C)c(C(C)C)c(=O)c2ccccc21,1
P3_07511,C#CCOCCn1c(C)c(C(C)C)c(=O)c2ccccc21,1
P3_07512,CC(C)=CCn1c(C)c(C(C)C)c(=O)c2ccccc21,1
P3_07513,Cc1cc(=O)c2cc(Br)ccc2n1C,0
P3_07514,C/C(Cl)=C/Cn1c(C)c(C(C)C)c(=O)c2ccccc21,1
P3_07515,C=C(Cl)Cn1ccc(=O)c2ccccc21,1
P3_07516,CO[C@H](CC(C)C)Cn1c(C)c(C(C)C)c(=O)c2ccccc21,1
P3_07517,COC[C@H](Cn1c(C)c(C(C)C)c(=O)c2ccccc21)OC,1
P3_07518,COC[C@@H](Cn1c(C)c(C(C)C)c(=O)c2ccccc21)OC,1
P3_07519,CO[C@@H](CC(C)C)Cn1c(C)c(C(C)C)c(=O)c2ccccc21,1
P3_07520,COCC#CCn1c(C)c(C(C)C)c(=O)c2ccccc21,1
P3_07521,CCn1c(C)cc(=O)c2cccc(Cl)c21,1
P3_07522,CCn1c(C)cc(=O)c2cc(C)ccc21,0
P3_07523,CCCc1c(CC)c(=[NH2+])c2ccccc2n1C,1
P3_07524,CCc1c(O)c2ccccc2n(C)c1=O,1
P3_07525,Cc1c(Br)c(=O)n(C)c2ccccc12,1
P3_07526,CCCCn1c(=O)c(C)c(C)c2ccccc21,1
P3_07527,CCNC(=O)c1c(C)c(=O)n(C)c2ccccc12,1
P3_07528,CCOC(=O)c1c(C)c(=O)n(C)c2ccccc12,1
P3_07529,Cc1c(C(N)=O)c2ccccc2n(C)c1=O,1
P3_07530,CCOC(=O)c1cc(=O)c2ccccc2n1C,1
P3_07531,CCc1c(OC(C)=O)c2ccccc2n(C)c1=O,1
P3_07532,Cn1c(=O)c(Cl)c(Cl)c2ccccc21,1
P3_07533,CNC(=O)c1c(C)c(=O)n(C)c2ccccc12,1
P3_07534,CCOC(=O)c1c(Cl)c2ccccc2n(C)c1=O,1
P3_07535,CCC(=O)c1c([O-])c2ccccc2n(C)c1=O,1
P3_07536,CCNC(=O)c1cc(=O)c2ccccc2n1C,1
P3_07537,Cc1c(C(=O)OCCO)c2ccccc2n(C)c1=O,1
P3_07538,C=CCn1c(=O)c(CC)c(C)c2ccccc21,1
P3_07539,CONC(=O)c1c(C)c(=O)n(C)c2ccccc12,1
P3_07540,CCNC(=O)c1c([O-])c2ccccc2n(C)c1=O,1
P3_07541,Cn1c(=O)c(Br)c(Cl)c2ccccc21,1
P3_07542,CCc1c(O)c2ccccc2n(CC)c1=O,1
P3_07543,CCc1c([O-])c2ccccc2n(CC)c1=O,1
P3_07544,Cn1c(=O)c(C(=O)[O-])c(Cl)c2ccccc21,1
P3_07545,CCn1c(=O)c(Cl)c(Cl)c2ccccc21,1
P3_07546,Cc1c(C(C)C)c(=O)c2ccccc2n1CCF,1
P3_07547,CCn1c(=O)cc(Cl)c2ccccc21,1
P3_07548,CC(=O)Oc1c(Cl)c(=O)n(C)c2ccccc12,1
P3_07549,CNC(=O)c1c([O-])c2ccccc2n(C)c1=O,1
P3_07550,CCn1c(=O)c([S-])c(O)c2ccccc21,1
P3_07551,CCn1c(=O)c(Br)c([O-])c2ccccc21,1
P3_07552,CCn1c(=O)c(Br)c(Cl)c2ccccc21,1
P3_07553,CCc1cccc2c(=O)c(C)c(C)[nH]c12,0
P3_07554,CCn1c(=O)c(C(C)=O)c([O-])c2ccccc21,1
P3_07555,Cn1cc(C(N)=O)c(=O)c2ccccc21,1
P3_07556,Cc1cc(=O)n(CC=C(Cl)Cl)c2ccccc12,1
P3_07557,CCCn1c(=O)cc(C)c2cccc(C)c21,1
P3_07558,CCCOC(=O)c1c(C)c(=O)n(C)c2ccccc12,1
P3_07559,CC[C@H](C)OC(=O)c1c(C)c(=O)n(C)c2ccccc12,0
P3_07560,CC[C@@H](C)OC(=O)c1c(C)c(=O)n(C)c2ccccc12,0
P3_07561,CCCNc1cc(=O)n(C)c2ccccc12,1
P3_07562,CCOC(=O)Cc1cc(=O)n(C)c2ccccc12,1
P3_07563,CCON(CC)C(=O)c1c(C)c(=O)n(C)c2ccccc12,0
P3_07564,CCCn1c(=O)cc(C)c2ccccc21,1
P3_07565,Cc1c(C(=O)NCCO)c2ccccc2n(C)c1=O,1
P3_07566,Cc1c(C(=O)N(C)CCO)c2ccccc2n(C)c1=O,1
P3_07567,Cc1c(C(=O)OCC(C)C)c2ccccc2n(C)c1=O,1
P3_07568,Cn1c(=O)cc(C[NH+](C)C)c2ccccc21,1
P3_07569,Cc1c(C(=O)NCC(F)(F)CO)c2ccccc2n(C)c1=O,1
P3_07570,Cc1c(C(=O)OCC(F)F)c2ccccc2n(C)c1=O,1
P3_07571,CCOC(=O)[C@H](C)Oc1cc(=O)n(C)c2ccccc12,1
P3_07572,Cc1c(C(=O)NCC(F)(F)F)c2ccccc2n(C)c1=O,0
P3_07573,Cc1c(C(=O)NCC(C)(F)F)c2ccccc2n(C)c1=O,0
P3_07574,Cc1c(C(=O)N(C)CC(F)(F)F)c2ccccc2n(C)c1=O,0
P3_07575,Cc1c(C(=O)OCC(=O)C(C)C)c2ccccc2n(C)c1=O,1
P3_07576,Cc1c(C(=O)NCC(F)(F)Br)c2ccccc2n(C)c1=O,1
P3_07577,Cc1c(C(=O)N(C)CC(F)(F)Br)c2ccccc2n(C)c1=O,0
P3_07578,Cc1c(C(=O)N(C)CCCF)c2ccccc2n(C)c1=O,0
P3_07579,Cc1c(C(=O)OCCCCCF)c2ccccc2n(C)c1=O,1
P3_07580,CCOC[C@H](C)Oc1cc(=O)n(C)c2ccccc12,1
P3_07581,CCN(OC)C(=O)c1cc(=O)c2ccccc2n1C,1
P3_07582,CCOC[C@@H](C)Oc1cc(=O)n(C)c2ccccc12,1
P3_07583,CC(C)=Cc1cc(=O)n(C)c2ccccc12,1
P3_07584,COCC[C@H](C)OC(=O)c1c(C)c(=O)n(C)c2ccccc12,0
P3_07585,COCC[C@@H](C)OC(=O)c1c(C)c(=O)n(C)c2ccccc12,0
P3_07586,CC[NH+](CC)C[C@@H](C)Oc1cc(=O)n(C)c2ccccc12,1
P3_07587,CCON(CC)C(=O)c1cc(=O)n(C)c2ccccc12,1
P3_07588,CC[NH+](CC)C[C@H](C)Oc1cc(=O)n(C)c2ccccc12,1
P3_07589,CCC(=O)[C@H](CC)Oc1cc(=O)n(C)c2ccccc12,1
P3_07590,CCC(=O)[C@@H](CC)Oc1cc(=O)n(C)c2ccccc12,1
P3_07591,Cc1c(C(=O)NCCOCCF)c2ccccc2n(C)c1=O,1
P3_07592,Cc1c(C(=O)N(C)CCOCCO)c2ccccc2n(C)c1=O,1
P3_07593,CC(=O)Oc1cc(=O)n(C)c2ccccc12,1
P3_07594,CC[C@@H](Oc1cc(=O)n(C)c2ccccc12)C(=O)OC,1
P3_07595,Cc1cc(=O)n(CCC(=O)[O-])c2ccccc12,1
P3_07596,CC(=O)[C@@H](C)Oc1cc(=O)n(C)c2ccccc12,1
P3_07597,C[C@H](Oc1cc(=O)n(C)c2ccccc12)C(F)(F)F,1
P3_07598,CC(=O)[C@H](C)Oc1cc(=O)n(C)c2ccccc12,1
P3_07599,C[C@@H](Oc1cc(=O)n(C)c2ccccc12)C(F)(F)F,1
P3_07600,Cc1cc(=O)n(C(C)C)c2ccccc12,1
P3_07601,Cc1ccc2oc(-c3cc(Br)ccc3O)cc(=O)c2c1,1
P3_07602,COC(=O)C[C@@H](C)Oc1c(OC)c(O)cc2oc(-c3ccccc3)cc(=O)c12,1
P3_07603,CC(C)=CCOc1cc([O-])c2c(=O)cc(-c3ccccc3)oc2c1,1
P3_07604,COC(=O)COc1cc(O)c2c(=O)cc(-c3ccccc3)oc2c1,1
P3_07605,CCOC(=O)COc1cc(O)c2c(=O)cc(-c3ccccc3)oc2c1,1
P3_07606,CC[C@@H](Oc1c(OC)c(O)cc2oc(-c3ccccc3)cc(=O)c12)C(=O)OC,1
P3_07607,O=c1cc(-c2ccc(O)cc2O)oc2ccccc12,1
P3_07608,Cc1cc2oc(-c3ccccc3)cc(=O)c2c([O-])c1O,1
P3_07609,CCOc1cc(-c2cc(=O)c3cc(O)ccc3o2)ccc1O,1
P3_07610,COc1cc(O)c2c(=O)cc(-c3ccccc3O)oc2c1OC,1
P3_07611,CCOc1cc(-c2cc(=O)c3ccccc3o2)ccc1O,1
P3_07612,Cc1ccc2oc(-c3cc(Br)ccc3O)c(O)c(=O)c2c1,1
P3_07613,COC(=O)C[C@H](c1c([O-])cc(O)c2c(=O)cc(-c3ccccc3)oc12)C(C)C,1
P3_07614,COC(=O)C[C@@H](c1c([O-])cc(O)c2c(=O)cc(-c3ccccc3)oc12)C(C)C,1
P3_07615,COc1ccc(C(=O)C=Cc2ccccc2)cc1,1
P3_07616,COc1cc(C)ccc1C(=O)C=Cc1ccccc1,1
P3_07617,COc1cccc(C=CC(=O)c2ccc(OC)cc2OC)c1,1
P3_07618,COc1ccc(C(=O)C=Cc2ccc(OC)cc2OC)c(O)c1,0
P3_07619,COc1cc(C(=O)C=Cc2ccccc2)ccc1Br,1
P3_07620,COc1ccc(C(=O)C=Cc2ccccc2)c(Cl)c1,1
P3_07621,COc1ccc(C(=O)C=Cc2ccccc2)c(F)c1,1
P3_07622,COc1ccc(C(=O)C=Cc2cccc(O)c2)cc1,1
P3_07623,COc1cc(C=CC(=O)c2ccc(OC)cc2OC)cc(OC)c1,1
P3_07624,COc1ccc(O)c(C(=O)C=Cc2cccc(O)c2)c1,1
P3_07625,COc1cccc(C=CC(=O)c2cc(O)ccc2O)c1,1
P3_07626,COc1cccc(C(=O)C=Cc2ccc(O)cc2)c1,1
P3_07627,COc1ccc(C(=O)C=Cc2ccc(OC)c(O)c2)c(O)c1,1
P3_07628,COc1ccc(C(=O)C=Cc2ccc(O)c(OC)c2)c(O)c1,1
P3_07629,COc1ccc(O)cc1C(=O)C=Cc1cccc(O)c1,1
P3_07630,COc1cccc(C=CC(=O)c2ccc(O)cc2)c1,1
P3_07631,COc1ccc(C=CC(=O)c2cccc(O)c2)cc1,1
P3_07632,COc1ccc(C(=O)C=Cc2ccc(OC)c(OC)c2)c(O)c1,1
P3_07633,COc1ccc(C(=O)C=Cc2ccc(OC)c(O)c2)c(OC)c1,1
P3_07634,COc1ccc(C=CC(=O)c2cc(O)ccc2O)cc1,1
P3_07635,COc1cccc(C=CC(=O)c2cc(OC)ccc2OC)c1,1
P3_07636,COc1ccc(C=CC(=O)c2cc(OC)ccc2O)c(OC)c1,1
P3_07637,COc1cccc(C=CC(=O)c2cccc(O)c2)c1,1
P3_07638,COc1ccc(C=CC(=O)c2cc(OC)ccc2O)cc1,1
P3_07639,COc1ccc(C=CC(=O)c2cc(OC)ccc2OC)cc1,1
P3_07640,COc1ccc(C(=O)C=Cc2ccc(C)c(OC)c2)c(O)c1,1
P3_07641,COc1ccc(C(=O)C=Cc2ccc(F)c(OC)c2)c(O)c1,1
P3_07642,COc1ccc(C(=O)C=Cc2ccc(OC)c(C)c2)c(O)c1,1
P3_07643,COc1cc(C=CC(=O)c2cc(OC)ccc2OC)cc(OC)c1,1
P3_07644,COc1ccc(C=CC(=O)c2ccc(O)cc2)cc1,1
P3_07645,COc1ccc(C(=O)C=Cc2ccc(O)cc2)cc1,1
P3_07646,COc1ccc(C=CC(=O)c2cc(OC)c(O)cc2OC)c(OC)c1,1
P3_07647,COc1ccc(C(=O)C=Cc2ccc(O)cc2OC)c(OC)c1,1
P3_07648,COc1ccc(C(=O)C=Cc2ccc(O)cc2OC)c(O)c1,1
P3_07649,COc1ccc(OC)c(C(=O)C=Cc2ccccc2O)c1,1
P3_07650,COc1ccc(C(=O)C=Cc2cc(Br)c(O)c(OC)c2)c(O)c1,1
P3_07651,COc1ccc(C(=O)C=Cc2cccc(O)c2)c(F)c1,1
P3_07652,COc1cccc(C(=O)C=Cc2ccc(O)cc2OC)c1,1
P3_07653,COc1ccc(O)c(C(=O)C=Cc2ccc(O)cc2OC)c1,1
P3_07654,COc1ccccc1C=CC(=O)c1cccc(O)c1,1
P3_07655,COc1ccc(C(=O)C=Cc2cc(OC)ccc2OC)c(O)c1,1
P3_07656,COc1cccc(C(=O)C=Cc2ccc(OC)cc2OC)c1,1
P3_07657,COc1ccc(OC)c(C(=O)C=Cc2ccccc2OC)c1,1
P3_07658,COc1ccc(C(=O)C=Cc2ccc(O)cc2OC)cc1,1
P3_07659,COc1ccccc1C=CC(=O)c1ccc(O)cc1,1
P3_07660,COc1ccc(C(=O)C=Cc2cc(OC)cc(OC)c2)cc1,1
P3_07661,COc1ccc(O)cc1C(=O)C=Cc1cccc(OC(C)C)c1,1
P3_07662,COc1ccc(OC)c(C(=O)C=Cc2cccc(Br)c2)c1,1
P3_07663,COc1ccc(C=CC(=O)c2ccccc2O)c(OC)c1,1
P3_07664,COc1cc(OC)c(C(=O)C=Cc2ccccc2)cc1Cl,1
P3_07665,COc1cc(OC)c(C=CC(=O)c2cccc(O)c2)c(OC)c1,1
P3_07666,COc1ccc(C(=O)C=Cc2cccc(C(=O)O)c2)c(OC)c1,0
P3_07667,COc1ccc(C(=O)C=Cc2ccc(C(=O)O)cc2)c(OC)c1,1
P3_07668,COc1ccc(C=CC(=O)c2cccc(O)c2)c(OC)c1,1
P3_07669,COc1ccc(C(=O)C=Cc2cccc(C)c2)c(OC)c1,1
P3_07670,COc1ccc(C=CC(=O)c2ccc(O)cc2O)c(OC)c1,1
P3_07671,COc1ccc(C(=O)C=Cc2cc(OC)c(O)c(OC)c2)c(OC)c1,1
P3_07672,COc1ccc(C(=O)C=Cc2ccccc2OC)c(OC)c1,1
P3_07673,COc1cc(OC)c(C=CC(=O)c2ccc(O)c(OC)c2)c(OC)c1,1
P3_07674,COc1ccc(C(=O)C=Cc2ccc(C)cc2)c(OC)c1,1
P3_07675,COCc1cccc(C=CC(=O)c2ccc(OC)cc2OC)c1,1
P3_07676,COc1ccc(C(=O)C=Cc2cccc(Br)c2)c(OC)c1,1
P3_07677,COc1ccc(C(=O)C=Cc2cccc(F)c2)c(OC)c1,1
P3_07678,COc1ccc(C(=O)C=Cc2cc(O)cc(F)c2)c(OC)c1,1
P3_07679,COc1ccc(C=CC(=O)c2cc(C)ccc2O)c(OC)c1,1
P3_07680,COc1ccc(C(=O)C=Cc2cccc(Cl)c2)c(OC)c1,1
P3_07681,COc1cccc(C=CC(=O)c2cc(OC)c(OC)c(OC)c2)c1,1
P3_07682,COc1ccc(C(=O)C=Cc2ccc(F)cc2)c(OC)c1,0
P3_07683,COc1cccc(C=CC(=O)c2ccc(OC)c(OC)c2)c1,1
P3_07684,COc1ccc(C=CC(=O)c2ccc(OC)c(OC)c2)cc1,1
P3_07685,COc1cc(C=CC(=O)c2ccc(OC)c(OC)c2)cc(OC)c1,1
P3_07686,COc1ccc(C(=O)C=Cc2ccc(O)c(Cl)c2)c(OC)c1,1
P3_07687,COc1cc(Br)c(C=CC(=O)c2ccc(O)cc2O)c(OC)c1,1
P3_07688,COc1ccc(C(=O)C=Cc2ccc(O)c(F)c2)c(OC)c1,1
P3_07689,COc1ccc(C(=O)C=Cc2ccc(O)c(Br)c2)c(OC)c1,1
P3_07690,COc1ccc(C=CC(=O)c2ccc(OC)c(O)c2)c(OC)c1,1
P3_07691,COc1cccc(C=CC(=O)c2cc(OC)c(OC)cc2C)c1,1
P3_07692,COc1ccc(C(=O)C=Cc2cc(C)c(O)c(C)c2)c(OC)c1,1
P3_07693,COc1ccc(O)c(C(=O)C=Cc2ccc(OC)c(OC)c2)c1,1
P3_07694,COc1cc(OC)c(C=CC(=O)c2ccc(O)c(C)c2)c(OC)c1,1
P3_07695,COc1cc(OC)c(C=CC(=O)c2ccc(O)cc2C)c(OC)c1,1
P3_07696,COc1cc(OC)c(C=CC(=O)c2ccc(C)cc2O)c(OC)c1,1
P3_07697,COc1ccc(OC)c(C(=O)C=Cc2ccc(O)c(OC)c2)c1,1
P3_07698,COc1ccc(C=CC(=O)c2cc(OC)c(OC)cc2C)cc1,0
P3_07699,COc1cccc(C(=O)C=Cc2c(OC)cc(OC)cc2OC)c1,1
P3_07700,COc1ccc(C(=O)C=Cc2c(OC)cc(OC)cc2OC)cc1,1
P3_07701,COc1ccc(C(=O)C=Cc2cccc(OCC(=O)O)c2)c(OC)c1,1
P3_07702,COc1ccc(C(=O)C=Cc2ccc(OCCC(=O)O)cc2)c(OC)c1,1
P3_07703,COc1ccc(C(=O)C=Cc2cccc(OC(C)C)c2)c(OC)c1,1
P3_07704,COc1ccc(C(=O)C=Cc2cc(F)c(O)c(F)c2)c(OC)c1,1
P3_07705,COc1ccc(OC)c(C(=O)C=Cc2cccc(C)c2)c1,1
P3_07706,COc1cc(OC)c(C=CC(=O)c2ccc(O)c(Cl)c2)c(OC)c1,1
P3_07707,COc1ccc(C(=O)C=Cc2ccc(OC(C)C)cc2)c(OC)c1,1
P3_07708,COc1cccc(C=CC(=O)c2cc(OC)c(OC)cc2Cl)c1,1
P3_07709,CCc1ccc(C=CC(=O)c2ccc(OC)cc2OC)cc1,1
P3_07710,COc1cccc(C=CC(=O)c2ccc(OC)c(C)c2)c1,1
P3_07711,COc1ccc(C=CC(=O)c2ccc(O)c(C)c2)cc1,1
P3_07712,CC(=O)Nc1ccc(C(=O)C=Cc2ccccc2)cc1,1
P3_07713,O=C(C=Cc1ccc(O)c(Br)c1)c1c(F)cccc1Cl,1
P3_07714,O=C(O)c1cccc(C(=O)C=Cc2cccc(Cl)c2)c1,1
P3_07715,O=C(C=Cc1ccc(O)c(Br)c1)c1cccc(Br)c1,1
P3_07716,O=C(C=Cc1ccc(O)c(Br)c1)c1ccc(Br)cc1,1
P3_07717,CC(=O)Nc1ccc(C(=O)C=Cc2cccc(Cl)c2)cc1,1
P3_07718,CC(=O)Nc1ccc(C(=O)C=Cc2cccc(Br)c2)cc1,1
P3_07719,CN(C)c1ccc(C(=O)C=Cc2cccc(C#N)c2)cc1,1
P3_07720,O=C(C=Cc1ccc(O)c(CO)c1)c1ccc(Br)cc1,1
P3_07721,COc1cc(C=CC(=O)c2ccccc2O)cc(OC)c1,1
P3_07722,COc1cc(C=CC(=O)c2ccccc2)cc(OC)c1O,1
P3_07723,COc1cccc(C=CC(=O)c2ccccc2O)c1,1
P3_07724,COc1cccc(C=CC(=O)c2ccc(OC)cc2O)c1,1
P3_07725,COc1cc(C=CC(=O)c2ccc(O)cc2)cc(OC)c1,1
P3_07726,COc1ccc(O)c(C(=O)C=Cc2ccc(O)cc2)c1,1
P3_07727,COc1cc(C=CC(=O)c2cccc(O)c2)cc(OC)c1,1
P3_07728,COc1ccc(O)c(C(=O)C=Cc2ccc(O)c(OC)c2)c1,1
P3_07729,Cc1ccc(O)c(C(=O)C=Cc2ccccc2)c1,1
P3_07730,COc1cc(C=CC(=O)c2ccccc2)cc(Cl)c1O,1
P3_07731,COc1ccc(O)c(C(=O)C=Cc2ccc(OC)c(O)c2)c1,1
P3_07732,COc1cc(C=CC(=O)c2ccccc2)cc(Br)c1O,1
P3_07733,COCc1cccc(C=CC(=O)c2ccc(OC)cc2O)c1,1
P3_07734,COc1ccc(O)c(C(=O)C=Cc2ccc(C)cc2)c1,1
P3_07735,COc1ccc(C(=O)C=Cc2ccccc2OC)cc1O,1
P3_07736,COc1cc(C(=O)C=Cc2ccc(C)cc2)ccc1O,1
P3_07737,COc1cc2c(c(O[C@@H](C)C[N+](C)(C)C)c1)C(=O)C[C@@H](c1ccc(O)cc1)O2,1
P3_07738,COc1cc(O[C@H](C)C[N+](C)(C)C)c2c(c1)O[C@H](c1ccc(O)cc1)CC2=O,1
P3_07739,CC(=O)Oc1cc(O)c2c(c1)O[C@H](c1ccccc1)CC2=O,1
P3_07740,COc1cc(OC)c2c(c1)O[C@H](c1ccccc1)CC2=O,1
P3_07741,COc1cc(O)c2c(c1)O[C@H](c1ccc(O)cc1)[C@@H](O)C2=O,1
P3_07742,COc1c(OC)c(OC)c2c(c1OC)O[C@H](c1ccc(O)cc1)CC2=O,0
P3_07743,COc1cc(OC(C)C)c2c(c1)O[C@H](c1ccccc1)CC2=O,1
P3_07744,CC(C)Oc1ccc2c(c1)O[C@H](c1ccc(O)cc1)CC2=O,1
P3_07745,COC(=O)[C@@H](C)Oc1ccc2c(c1)O[C@H](c1ccc(O)cc1)CC2=O,0
P3_07746,CC(=O)[C@@H](C)Oc1ccc2c(c1)O[C@H](c1ccc(O)cc1)CC2=O,0
P3_07747,CC(=O)[C@H](C)Oc1ccc2c(c1)O[C@H](c1ccc(O)cc1)CC2=O,0
P3_07748,C#CC(C#C)Oc1ccc2c(c1)O[C@H](c1ccc(O)cc1)CC2=O,1
P3_07749,CC[C@@H](C)Oc1ccc2c(c1)O[C@H](c1ccc(O)cc1)CC2=O,1
P3_07750,CC[C@H](C)Oc1ccc2c(c1)O[C@H](c1ccc(O)cc1)CC2=O,1
P3_07751,C#C[C@H](C)Oc1ccc2c(c1)O[C@H](c1ccc(O)cc1)CC2=O,1
P3_07752,C#C[C@@H](C)Oc1ccc2c(c1)O[C@H](c1ccc(O)cc1)CC2=O,1
P3_07753,C=C[C@H](C)Oc1ccc2c(c1)O[C@H](c1ccc(O)cc1)CC2=O,1
P3_07754,C=C[C@@H](C)Oc1ccc2c(c1)O[C@H](c1ccc(O)cc1)CC2=O,1
P3_07755,C=CC(C=C)Oc1ccc2c(c1)O[C@H](c1ccc(O)cc1)CC2=O,1
P3_07756,COC[C@@H](C)OC[C@@H](C)Oc1ccc2c(c1)O[C@H](c1ccc(O)cc1)CC2=O,0
P3_07757,COC[C@H](C)OC[C@@H](C)Oc1ccc2c(c1)O[C@H](c1ccc(O)cc1)CC2=O,0
P3_07758,COC[C@@H](C)OC[C@H](C)Oc1ccc2c(c1)O[C@H](c1ccc(O)cc1)CC2=O,0
P3_07759,COC[C@H](C)OC[C@H](C)Oc1ccc2c(c1)O[C@H](c1ccc(O)cc1)CC2=O,0
P3_07760,C[C@@H](CON)Oc1ccc2c(c1)O[C@H](c1ccc(O)cc1)CC2=O,1
P3_07761,CCOCC(COCC)Oc1ccc2c(c1)O[C@H](c1ccc(O)cc1)CC2=O,1
P3_07762,C[C@H](CON)Oc1ccc2c(c1)O[C@H](c1ccc(O)cc1)CC2=O,1
P3_07763,C[C@@H](C[NH+](C)C)Oc1ccc2c(c1)O[C@H](c1ccc(O)cc1)CC2=O,1
P3_07764,C[C@H](C[NH+](C)C)Oc1ccc2c(c1)O[C@H](c1ccc(O)cc1)CC2=O,1
P3_07765,C=CC[C@@H](C)Oc1ccc2c(c1)O[C@H](c1ccc(O)cc1)CC2=O,0
P3_07766,C=C[C@H](CC)Oc1ccc2c(c1)O[C@H](c1ccc(O)cc1)CC2=O,1
P3_07767,C=C[C@@H](CC)Oc1ccc2c(c1)O[C@H](c1ccc(O)cc1)CC2=O,1
P3_07768,C#CC(C#C)Oc1cc(OC)c2c(c1)O[C@H](c1ccccc1)CC2=O,1
P3_07769,Cc1c(O)cc(O)c2c1O[C@H](c1ccccc1)CC2=O,1
P3_07770,COc1cc(O[C@H](CC#N)C[N+](C)(C)C)c2c(c1)O[C@H](c1ccccc1)CC2=O,1
P3_07771,Cc1cc(C)c2c(c1)O[C@H](c1ccc(N(C)C)cc1)CC2=O,0
P3_07772,COc1cc(OC)c2c(c1C)O[C@H](c1ccccc1)CC2=O,1
P3_07773,COC[C@H](C)Oc1c(OC)cc(O)c2c(=O)cc(-c3ccccc3OC)oc12,1
P3_07774,COc1cc(OC[C@@H](C)OC)c2c(=O)cc(-c3ccccc3O)oc2c1OC,1
P3_07775,COc1c(OC(C)=O)cc(O)c2c(=O)cc(-c3ccccc3)oc12,1
P3_07776,COc1cc(O[C@H](C)C(C)=O)c2c(=O)cc(-c3ccccc3O)oc2c1OC,1
P3_07777,COc1cc(O[C@@H](C)C(C)=O)c2c(=O)cc(-c3ccccc3O)oc2c1OC,1
P3_07778,CC[C@H](C)Oc1c(O)ccc2c(=O)cc(-c3ccccc3)oc12,1
P3_07779,CC[C@@H](C)Oc1c(O)ccc2c(=O)cc(-c3ccccc3)oc12,1
P3_07780,CC(C)Oc1c(O)ccc2c(=O)cc(-c3ccccc3)oc12,1
P3_07781,C=CCc1c([O-])ccc2c(=O)cc(-c3ccccc3)oc12,1
P3_07782,C=C[C@@H](C)Oc1c(O)ccc2c(=O)cc(-c3ccccc3)oc12,1
P3_07783,C=C[C@H](C)Oc1c(O)ccc2c(=O)cc(-c3ccccc3)oc12,1
P3_07784,COC(=O)[C@@H](C)Oc1c(O)ccc2c(=O)cc(-c3ccccc3)oc12,1
P3_07785,C[C@@H](C[NH+](C)C)Oc1c(O)ccc2c(=O)cc(-c3ccccc3)oc12,1
P3_07786,CC[C@H](C)Oc1ccc2c(=O)cc(-c3ccc(O)cc3)oc2c1,1
P3_07787,CC[C@@H](C)Oc1ccc2c(=O)cc(-c3ccc(O)cc3)oc2c1,1
P3_07788,C[C@H](C[NH+](C)C)Oc1c(O)ccc2c(=O)cc(-c3ccccc3)oc12,1
P3_07789,CC(=O)COc1cc([O-])c2c(=O)cc(-c3ccccc3)oc2c1,1
P3_07790,COCC(=O)OCCn1c(C)nc2ccccc2c1=O,1
P3_07791,CC(=O)OCCn1c(C)nc2ccccc2c1=O,1
P3_07792,Cc1nc2ccccc2c(=O)n1CCO,1
P3_07793,COCCNC(=O)CCn1c(C)nc2ccccc2c1=O,1
P3_07794,Cc1nc2ccccc2c(=O)n1CCCO,1
P3_07795,Cc1nc2ccccc2c(=O)n1CCC#N,1
P3_07796,COCC(=O)NCCn1c(C)nc2ccccc2c1=O,1
P3_07797,COCCNC(=O)Cn1c(C)nc2ccccc2c1=O,1
P3_07798,COC[C@H](C)NC(=O)CCn1c(C)nc2ccccc2c1=O,1
P3_07799,COC[C@@H](C)NC(=O)CCn1c(C)nc2ccccc2c1=O,1
P3_07800,COCCCNC(=O)Cn1c(C)nc2ccccc2c1=O,1
P3_07801,COCCCCNC(=O)Cn1c(C)nc2ccccc2c1=O,1
P3_07802,COC[C@H](C)NC(=O)CCCn1c(C)nc2ccccc2c1=O,1
P3_07803,COC[C@@H](C)NC(=O)CCCn1c(C)nc2ccccc2c1=O,1
P3_07804,COCC(COC)NC(=O)Cn1c(C)nc2ccccc2c1=O,1
P3_07805,COCC[C@@H](C)NC(=O)Cn1c(C)nc2ccccc2c1=O,1
P3_07806,COCCCCCNC(=O)Cn1c(C)nc2ccccc2c1=O,1
P3_07807,COCCCCN(C)C(=O)Cn1c(C)nc2ccccc2c1=O,1
P3_07808,COCC[C@H](C)NC(=O)Cn1c(C)nc2ccccc2c1=O,1
P3_07809,Cc1nc2ccccc2c(=O)n1CC(=O)OCCF,1
P3_07810,CC[C@@H](COC)NC(=O)Cn1c(C)nc2ccccc2c1=O,1
P3_07811,CC[C@H](COC)NC(=O)Cn1c(C)nc2ccccc2c1=O,1
P3_07812,COCC[C@@H](NC(=O)Cn1c(C)nc2ccccc2c1=O)C(C)(C)C,1
P3_07813,COCC[C@H](NC(=O)Cn1c(C)nc2ccccc2c1=O)C(C)(C)C,1
P3_07814,CCOCCNC(=O)Cn1c(C)nc2ccccc2c1=O,1
P3_07815,COCCCn1c(N)c2ccccc2nc1=O,1
P3_07816,COCCCn1cnc2ccccc2c1=O,1
P3_07817,Cc1nc2ccccc2c(=O)n1CC(=O)NCCOC(F)(F)F,1
P3_07818,Cc1nc2ccccc2c(=O)n1CC(=O)N(C)CCOC(C)(C)C,1
P3_07819,Cc1nc2ccccc2c(=O)n1CC(=O)NCCOCCF,1
P3_07820,Cc1nc2ccccc2c(=O)n1CC(=O)N(C)CCO,1
P3_07821,CCOCCCNC(=O)Cn1c(C)nc2ccccc2c1=O,1
P3_07822,CCOCCCCNC(=O)Cn1c(C)nc2ccccc2c1=O,1
P3_07823,CCCCOCCNC(=O)Cn1c(C)nc2ccccc2c1=O,1
P3_07824,Cc1nc2ccccc2c(=O)n1CC(=O)N[C@H](CCO)C(F)(F)F,1
P3_07825,COCCn1c(C(N)=O)nc2ccccc2c1=O,1
P3_07826,COC(=O)Cn1c(C)nc2ccccc2c1=O,1
P3_07827,CCOC(=O)Cn1c(C)nc2ccccc2c1=O,1
P3_07828,COCCn1cnc2ccccc2c1=O,1
P3_07829,CCCC(O)(CCC)Cn1c(C)nc2ccccc2c1=O,1
P3_07830,CCONC(=O)Cn1c(C)nc2ccccc2c1=O,1
P3_07831,CCCn1c(CC)nc2ccccc2c1=O,1
P3_07832,COC[C@H](O)Cn1c(C)nc2ccc(Br)cc2c1=O,1
P3_07833,COC[C@@H](O)Cn1c(C)nc2ccc(Br)cc2c1=O,1
P3_07834,CCCn1c(SC(C)C)nc2ccccc2c1=O,1
P3_07835,CCCC=Nn1c(C)nc2ccccc2c1=O,1
P3_07836,CCCCn1c(SCC)nc2ccccc2c1=O,1
P3_07837,CC(C)CCn1c(SC(C)C)nc2ccccc2c1=O,1
P3_07838,CCCCn1c(SC(C)C)nc2ccccc2c1=O,1
P3_07839,CCCn1c(SCC(C)C)nc2ccccc2c1=O,1
P3_07840,COCCn1cnc2c(C)cccc2c1=O,0
P3_07841,CCn1c(SCC(C)C)nc2ccccc2c1=O,1
P3_07842,CCCn1c(SCCC(C)C)nc2ccccc2c1=O,1
P3_07843,CCCCn1c(SCC(C)C)nc2ccccc2c1=O,1
P3_07844,CCOCCn1cnc2ccccc2c1=O,1
P3_07845,CCn1c(SCCC(C)C)nc2ccccc2c1=O,1
P3_07846,Cc1nc2ccccc2c(=O)n1CC(C)C,1
P3_07847,CNC(=O)Cn1c(C)nc2ccccc2c1=O,1
P3_07848,CC(=O)Nn1c(C)nc2ccccc2c1=O,1
P3_07849,CCNc1nc2ccccc2c(=O)n1CCO,1
P3_07850,CSCc1nc2ccccc2c(=O)n1C,1
P3_07851,Cc1nc2ccc(Br)cc2c(=O)n1CCC#N,0
P3_07852,Cc1nc2ccc(Br)cc2c(=O)n1CCC(N)=O,1
P3_07853,CC(=O)NCCn1c(C)nc2ccc(F)cc2c1=O,1
P3_07854,CCCc1nc2ccccc2c(=O)n1N,1
P3_07855,C=C(F)CNc1nc2ccccc2c(=O)n1CCO,1
P3_07856,COCCn1cnc2c(I)cccc2c1=O,1
P3_07857,COCCn1cnc2c(OC)cccc2c1=O,0
P3_07858,COCCn1cnc2c(F)cccc2c1=O,1
P3_07859,COCCn1cnc2cccc(F)c2c1=O,1
P3_07860,COCCn1cnc2c(Br)cccc2c1=O,0
P3_07861,COCCn1cnc2cccc(Cl)c2c1=O,0
P3_07862,COCCn1cnc2c(Cl)cccc2c1=O,1
P3_07863,COCCCn1cnc2c(C)cccc2c1=O,0
P3_07864,CCCCn1cnc2ccccc2c1=O,1
P3_07865,CC[C@H](O)Cn1c(C)nc2ccc(Br)cc2c1=O,1
P3_07866,CC[C@@H](O)Cn1c(C)nc2ccc(Br)cc2c1=O,1
P3_07867,CCOCn1cnc2ccccc2c1=O,0
P3_07868,COCCn1cnc2cc(F)c(C)cc2c1=O,0
P3_07869,COC(=O)Cn1c(C)nc2c(C)c(C)ccc2c1=O,0
P3_07870,COCCn1cnc2cc(F)c(F)cc2c1=O,0
P3_07871,COCCCn1cnc2c(Cl)cccc2c1=O,1
P3_07872,COCCCn1cnc2c(F)cccc2c1=O,0
P3_07873,COCCCn1cnc2cccc(F)c2c1=O,0
P3_07874,COCCCn1cnc2c(OC)cccc2c1=O,0
P3_07875,O=c1c2ccccc2ncn1CCCF,0
P3_07876,COCCn1cnc2c(F)cc(Br)cc2c1=O,0
P3_07877,COCCn1cnc2cc(F)c(Cl)cc2c1=O,0
P3_07878,COCCn1cnc2c(Cl)cc(Cl)cc2c1=O,1
P3_07879,COCCn1cnc2c(F)ccc(Br)c2c1=O,0
P3_07880,CC(=O)OCCn1cnc2c(C)cccc2c1=O,1
P3_07881,CCCC=Nn1c(C)nc2ccc(Br)cc2c1=O,1
P3_07882,CCCn1cnc2c(C)cccc2c1=O,0
P3_07883,CO[C@@H](C)Cn1cnc2c(C)cccc2c1=O,0
P3_07884,CCCOCn1cnc2c(C)cccc2c1=O,0
P3_07885,COCCN(C)C(=O)Cn1c(C)nc2ccccc2c1=O,1
P3_07886,COCCn1c(C)nc2ccc(C(=O)OC)cc2c1=O,0
P3_07887,COCC[C@H](C)OC(=O)Cn1c(C)nc2ccccc2c1=O,1
P3_07888,CCN(CCOC)C(=O)Cn1c(C)nc2ccccc2c1=O,1
P3_07889,COCCCN(C)C(=O)Cn1c(C)nc2ccccc2c1=O,1
P3_07890,COCCC(C)OC(=O)Cn1c(C)nc2ccccc2c1=O,1
P3_07891,COCC[C@@H](C)OC(=O)Cn1c(C)nc2ccccc2c1=O,1
P3_07892,COC[C@@H](C)OC(=O)Cn1c(C)nc2ccccc2c1=O,1
P3_07893,COCC(C)OC(=O)Cn1c(C)nc2ccccc2c1=O,1
P3_07894,COC[C@H](C)OC(=O)Cn1c(C)nc2ccccc2c1=O,1
P3_07895,CONC(=O)Cn1c(C)nc2ccccc2c1=O,1
P3_07896,CCCOC(=O)Cn1c(C)nc2ccccc2c1=O,1
P3_07897,CON(C)C(=O)Cn1c(C)nc2ccccc2c1=O,1
P3_07898,CCONC(=O)CCn1c(C)nc2ccccc2c1=O,1
P3_07899,COC[C@@H](C)N(C)C(=O)Cn1c(C)nc2ccccc2c1=O,1
P3_07900,COC[C@H](C)N(C)C(=O)Cn1c(C)nc2ccccc2c1=O,1
P3_07901,COC[C@@H](C)CNC(=O)Cn1c(C)nc2ccccc2c1=O,1
P3_07902,COC[C@H](C)CNC(=O)Cn1c(C)nc2ccccc2c1=O,1
P3_07903,CCN(OC)C(=O)Cn1c(C)nc2ccccc2c1=O,1
P3_07904,COCC#CCNC(=O)Cn1c(C)nc2ccccc2c1=O,1
P3_07905,CCON(C)C(=O)Cn1c(C)nc2ccccc2c1=O,1
P3_07906,COCCN(C)c1nc2ccccc2c(=O)n1CCO,1
P3_07907,COC(C)(C)CCOC(=O)Cn1c(C)nc2ccccc2c1=O,1
P3_07908,CCNC(=O)Cn1c(C)nc2ccccc2c1=O,1
P3_07909,CCN(CC)C(=O)Cn1c(C)nc2ccccc2c1=O,1
P3_07910,CCC(CC)OC(=O)Cn1c(C)nc2ccccc2c1=O,1
P3_07911,CO[C@@H](C)COC(=O)Cn1c(C)nc2ccccc2c1=O,1
P3_07912,C=CC(C)(C)[NH2+]Cc1cc(OC)c2c(c1)OCO2,0
P3_07913,C=CCCC(C)(C)[NH2+]Cc1cc(OC)c2c(c1)OCO2,0
P3_07914,CC[NH2+]Cc1cc(OC)c2c(c1)OCO2,0
P3_07915,C=CCN(Cc1cc(OC)c2c(c1)OCO2)CC(F)(F)F,0
P3_07916,C=C[C@H](CO)NCc1cc(OC)c2c(c1)OCO2,0
P3_07917,C=C[C@@H](CO)NCc1cc(OC)c2c(c1)OCO2,0
P3_07918,COc1cc(CNC/C=C/Cl)cc2c1OCO2,0
P3_07919,COc1cc(CNC/C=C\Cl)cc2c1OCO2,0
P3_07920,C=C(Br)CNCc1cc(OC)c2c(c1)OCO2,0
P3_07921,C=C(C)C[N@@H+](C)Cc1cc(OC)c2c(c1)OCO2,0
P3_07922,C=C(C)C[N@H+](C)Cc1cc(OC)c2c(c1)OCO2,0
P3_07923,C#CCN(CC#C)Cc1cc(OC)c2c(c1)OCO2,0
P3_07924,C#CCN(C)Cc1cc(OC)c2c(c1)OCO2,0
P3_07925,C=C(C)C[N@@H+](CC)Cc1cc(OC)c2c(c1)OCO2,0
P3_07926,C=C(C)C[N@H+](CC)Cc1cc(OC)c2c(c1)OCO2,0
P3_07927,C#C[C@@H](C)NCc1cc(OC)c2c(c1)OCO2,0
P3_07928,C#C[C@H](C)NCc1cc(OC)c2c(c1)OCO2,0
P3_07929,CC[N@@H+](CCO)Cc1cc(OC)c2c(c1)OCO2,1
P3_07930,CC#CC[N@@H+](C)Cc1cc(OC)c2c(c1)OCO2,0
P3_07931,CC#CC[N@H+](C)Cc1cc(OC)c2c(c1)OCO2,0
P3_07932,CC[N@H+](CCO)Cc1cc(OC)c2c(c1)OCO2,1
P3_07933,CC#CCN(C)Cc1cc(OC)c2c(c1)OCO2,0
P3_07934,CCN(CC#N)Cc1cc(OC)c2c(c1)OCO2,0
P3_07935,C#CCN(CC)Cc1cc(OC)c2c(c1)OCO2,1
P3_07936,COc1cc(C[N@H+](C)CC[C@@H](C)O)cc2c1OCO2,0
P3_07937,CC[N@H+](Cc1cc(OC)c2c(c1)OCO2)CC(C)(C)O,0
P3_07938,COc1cc(C[N@H+](C)CC[C@H](C)O)cc2c1OCO2,0
P3_07939,CC[N@@H+](Cc1cc(OC)c2c(c1)OCO2)CC(C)(C)O,0
P3_07940,COc1cc(C[N@@H+](C)CC[C@H](C)O)cc2c1OCO2,0
P3_07941,COc1cc(C[N@@H+](C)CC[C@@H](C)O)cc2c1OCO2,0
P3_07942,COc1cc(C(N)=O)cc2c1OCO2,0
P3_07943,CCSCc1cc(Cl)c2c(c1)OCO2,0
P3_07944,CSCc1cc(Br)c2c(c1)OCO2,0
P3_07945,CSCc1cc(Cl)c2c(c1)OCO2,0
P3_07946,C[NH+](C)Cc1cc(Cl)c2c(c1)OCO2,0
P3_07947,[NH3+]Cc1cc(Br)c2c(c1)OCO2,0
P3_07948,OCc1cc(Cl)c2c(c1)OCO2,0
P3_07949,OCc1cc(Br)c2c(c1)OCO2,0
P3_07950,[NH3+]CCc1cc(Cl)c2c(c1)OCO2,0
P3_07951,N#CCc1cc(Br)c2c(c1)OCO2,0
P3_07952,CC[S@](=O)Cc1cc(Cl)c2c(c1)OCO2,0
P3_07953,CC[S@@](=O)Cc1cc(Cl)c2c(c1)OCO2,0
P3_07954,COC(=O)c1cc(Br)c2c(c1)OCO2,0
P3_07955,COC(=O)c1cc(Cl)c2c(c1)OCO2,0
P3_07956,COCc1cc2c(cc1Br)OCO2,0
P3_07957,Brc1cc(Br)c2c(c1)OCO2,0
P3_07958,CCCCc1ccc2c(c1)OCO2,0
P3_07959,CCNCc1ccc2c(c1)OCO2,0
P3_07960,CNC(=O)c1cc(Br)c2c(c1)OCO2,0
P3_07961,CNC(=O)c1cc(Cl)c2c(c1)OCO2,0
P3_07962,NC(=O)Cc1ccc2c(c1)OCO2,0
P3_07963,CCC=Cc1ccc2c(c1)OCO2,0
P3_07964,CCCOc1ccc2c(c1)OCO2,0
P3_07965,COC(=O)c1cc2c(cc1O)OCO2,0
P3_07966,CNCc1ccc2c(c1Br)OCO2,0
P3_07967,NC(=O)c1cc(Br)c2c(c1)OCO2,0
P3_07968,COCC(=O)Nc1ccc2c(c1)OCO2,0
P3_07969,CCCc1cc2c(cc1Br)OCO2,0
P3_07970,CNCc1c(Br)ccc2c1OCO2,0
P3_07971,C=C(CCO)c1c(F)ccc2c1OCO2,0
P3_07972,[NH3+]Cc1cc2c(cc1Br)OCO2,0
P3_07973,OCCCOc1ccc2c(c1)OCO2,0
P3_07974,C=CCCSCc1ccc2c(c1)OCO2,0
P3_07975,C=CCCCCOc1ccc2c(c1)OCO2,0
P3_07976,CCCc1ccc2c(c1)OCO2,0
P3_07977,C=C[C@@H](CC)Oc1ccc2c(c1)OCO2,0
P3_07978,CCCOC(=O)c1ccc(Nc2cc(C)nc3ccccc23)cc1,1
P3_07979,CCOC(=O)c1ccc(Nc2cc(C)nc3ccccc23)cc1,1
P3_07980,COC(=O)c1ccc(Nc2cc(C)nc3ccc(Cl)cc23)cc1,1
P3_07981,CCOC(=O)c1cccc(Nc2cc(C)nc3ccc(C(=O)OC)cc23)c1,1
P3_07982,COC(=O)c1ccc(Nc2cc(C)nc3ccccc23)cc1,1
P3_07983,CCCOC(=O)c1cccc(Nc2cc(C)nc3ccccc23)c1,1
P3_07984,CCOC(=O)c1ccc(Nc2cc(C)nc3c(OC)cccc23)cc1,1
P3_07985,CCOC(=O)c1cc(Nc2ccc(OC)cc2)c2cc(Cl)ccc2n1,1
P3_07986,CCOC(=O)c1ccc(Nc2cc(C)nc3c(C)cccc23)cc1,1
P3_07987,COC(=O)c1cc(Nc2ccc(OC)cc2)c2cc(C)ccc2n1,1
P3_07988,Cc1cc(Nc2ccc(C(=O)OC(C)C)cc2)c2ccccc2n1,1
P3_07989,CCOc1ccc(Nc2cc(C(=O)OC)nc3ccc(OCC)cc23)cc1,1
P3_07990,CCOC(=O)c1cccc(Nc2cc(C)nc3ccccc23)c1,1
P3_07991,CCOC(=O)c1ccc(Nc2ccnc3cc(OC)c(OC)cc23)cc1,1
P3_07992,CCNC(=O)c1ccc(Nc2cc(C)nc3ccccc23)cc1,1
P3_07993,CCOc1ccc(Nc2cc(C(=O)OC)nc3ccc(C)cc23)cc1,1
P3_07994,COC(=O)c1ccc(Nc2cc(C)nc3c(OC)cccc23)cc1,1
P3_07995,COc1ccc(Nc2cc(C(=O)[O-])nc3ccc(C)cc23)cc1,1
P3_07996,CCN(CC)C(=O)c1ccc(Nc2cc(C)nc3ccccc23)cc1,1
P3_07997,COC(=O)c1cc(Nc2ccc(OC)cc2)c2cc(Cl)ccc2n1,1
P3_07998,CC(=O)c1ccc(Nc2cc(C)nc3ccccc23)cc1,1
P3_07999,CCN(C)C(=O)c1ccc(Nc2cc(C)nc3ccccc23)cc1,1
P3_08000,CCOC(=O)c1ccc(Nc2ccnc3ccc(CC)cc23)cc1,1
P3_08001,COC(=O)c1ccc(Nc2cc(C)nc3c(C)cccc23)cc1,1
P3_08002,CCOC(=O)c1cc(Nc2cccc(OC)c2)c2cc(Cl)ccc2n1,1
P3_08003,CCOC(=O)c1ccc(Nc2ccnc3ccc(Cl)cc23)cc1,1
P3_08004,CCOC(=O)c1ccc(Nc2c(C#N)cnc3cc(OC)ccc23)cc1,1
P3_08005,CCOC(=O)c1ccc(Nc2ccnc3cc(Cl)c(OC)cc23)cc1,1
P3_08006,CCOc1ccc(Nc2cc(C(=O)OC)nc3ccc(CC)cc23)cc1,1
P3_08007,CCOc1ccc2nc(C(=O)OC)cc(Nc3cc(C)cc(C)c3)c2c1,0
P3_08008,CCc1ccc(Nc2cc(C(=O)OC)nc3ccc(C)cc23)cc1,1
P3_08009,Cc1cc(Nc2ccc(C(=O)N(C)C)cc2)c2ccccc2n1,1
P3_08010,CCOc1ccc(Nc2cc(C(=O)OC)nc3ccc(F)cc23)cc1,1
P3_08011,CCOC(=O)c1cnc2ccc(OC)cc2c1Nc1ccc(C)cc1,1
P3_08012,COC(=O)CNC(=O)c1ccc(Nc2cc(C)nc3ccccc23)cc1,1
P3_08013,COCCOc1ccc(Nc2cc(C)nc3ccccc23)cc1,1
P3_08014,CCOC(=O)c1ccc(Nc2ccnc3ccc(Br)cc23)cc1,1
P3_08015,CCOC(=O)c1ccc(Nc2ccnc3ccc(F)cc23)cc1,1
P3_08016,CNC(=O)c1ccc(Nc2cc(C)nc3ccccc23)cc1,1
P3_08017,COC(=O)c1ccc(Nc2cc(C)nc3ccccc23)cc1OC,1
P3_08018,CCOC(=O)c1ccc(Nc2ccnc3c(OC)cc(C)cc23)cc1,1
P3_08019,CCOC(=O)c1ccc(Nc2ccnc3ccccc23)cc1,1
P3_08020,CCNC(=O)c1ccc(Nc2cc(C)nc3ccccc23)c(OC)c1,1
P3_08021,CCOC(=O)c1ccc(Nc2ccnc3cc(F)ccc23)cc1,1
P3_08022,CCN(CC)C(=O)c1ccc(Nc2cc(C)nc3ccccc23)c(OC)c1,1
P3_08023,CNC(=O)c1ccc(Nc2ccnc3cc(OC)ccc23)cc1,1
P3_08024,COC(=O)c1ccc(Nc2ccnc3ccc(Br)cc23)cc1,1
P3_08025,COC(=O)c1ccc(Nc2ccnc3ccc(Cl)cc23)cc1,1
P3_08026,CNC(=O)c1ccc(Nc2cc(C)nc3ccccc23)c(OC)c1,1
P3_08027,CCOC(=O)c1ccc(Nc2ccnc3c(C)cc(F)cc23)cc1,1
P3_08028,CCNC(=O)c1ccc(Nc2cc(C)nc3c(F)cccc23)cc1,1
P3_08029,CCOC(=O)c1ccc(Nc2ccnc3c(F)cc(F)cc23)cc1,1
P3_08030,CC(=O)c1ccc(Nc2cc(C)nc3c(C)cccc23)cc1,1
P3_08031,CCOC(=O)c1ccc(Nc2ccnc3c(CC)cccc23)cc1,1
P3_08032,COC(=O)c1ccc(Nc2ccnc3cc(Cl)c(OC)cc23)cc1,1
P3_08033,CCOC(=O)c1ccc(Nc2ccnc3c(OC)ccc(Cl)c23)cc1,1
P3_08034,CCOC(=O)c1ccc(Nc2ccnc3c(F)cccc23)cc1,1
P3_08035,CCOC(=O)c1ccc(Nc2ccnc3c(Cl)cccc23)cc1,1
P3_08036,COC(=O)c1ccc(Nc2ccnc3c(OC)cc(C)cc23)cc1,1
P3_08037,CCOC(=O)c1ccc(Nc2ccnc3c(F)ccc(F)c23)cc1,0
P3_08038,CNC(=O)c1ccc(Nc2cc(C)nc3c(F)cccc23)cc1,1
P3_08039,Cc1cc(Nc2ccc(C(=O)N(C)C)cc2)c2cccc(F)c2n1,1
P3_08040,COC(=O)CNC(=O)c1ccc(Nc2ccnc3ccc(Cl)cc23)cc1,1
P3_08041,COC(=O)c1ccc(Nc2cc(C)nc3c(F)cccc23)cc1OC,1
P3_08042,COC(=O)c1ccc(Nc2ccnc3ccccc23)cc1,1
P3_08043,COC(=O)c1ccc(Nc2ccnc3cc(F)ccc23)cc1,1
P3_08044,CCOC(=O)c1ccc(Nc2ccnc3c(C)ccc(F)c23)cc1,0
P3_08045,COC(=O)c1ccc(Nc2ccnc3c(C)cc(F)cc23)cc1,1
P3_08046,CNC(=O)c1ccc(Nc2cc(C)nc3ccccc23)c(F)c1,1
P3_08047,CCNC(=O)c1ccc(Nc2ccnc3ccc(Cl)cc23)cc1,1
P3_08048,CCN(C)C(=O)c1ccc(Nc2ccnc3ccc(Cl)cc23)cc1,1
P3_08049,CNC(=O)c1ccc(Nc2ccnc3cc(OC)ccc23)cc1F,1
P3_08050,CC(C)NC(=O)c1ccc(Nc2ccnc3ccc(Cl)cc23)cc1,1
P3_08051,CNC(=O)c1ccc(Nc2ccnc3ccc(Cl)cc23)cc1,1
P3_08052,COC(=O)c1ccc(Nc2ccnc3c(Cl)cccc23)cc1,1
P3_08053,COC(=O)c1ccc(Nc2ccnc3c(C)ccc(F)c23)cc1,1
P3_08054,COC(=O)c1ccc(Nc2ccnc3ccccc23)cc1C,1
P3_08055,CN(C)C(=O)c1ccc(Nc2ccnc3ccc(Cl)cc23)cc1,1
P3_08056,CCC(=O)c1ccc(Nc2ccnc3ccccc23)cc1,1
P3_08057,CNC(=O)c1ccc(Nc2ccnc3cc(OC)ccc23)c(F)c1,1
P3_08058,CCOC(=O)c1ccc(Nc2ccnc3ccccc23)cc1F,1
P3_08059,COC(=O)c1ccc(Nc2ccnc3c(OC)ccc(Cl)c23)cc1,1
P3_08060,CCNC(=O)c1ccc(Nc2ccnc3cc(Cl)ccc23)cc1,1
P3_08061,COC(=O)c1ccc(Nc2ccnc3ccccc23)cc1OC,1
P3_08062,CC(=O)c1ccc(Nc2ccnc3ccccc23)cc1,1
P3_08063,CC(C)NC(=O)c1ccc(Nc2ccnc3ccccc23)cc1,1
P3_08064,O=C(CCCO)c1ccc(Nc2ccnc3ccccc23)cc1,1
P3_08065,COC(=O)c1ccc(Nc2ccnc3ccccc23)c(C)c1,1
P3_08066,CNC(=O)c1ccc(Nc2ccnc3cc(Cl)ccc23)cc1,1
P3_08067,CN(C)C(=O)c1ccc(Nc2ccnc3cc(Cl)ccc23)cc1,1
P3_08068,COC(=O)c1ccc(Nc2ccnc3ccccc23)cc1Cl,1
P3_08069,COC(=O)c1ccc(Nc2ccnc3ccccc23)cc1F,1
P3_08070,CCNC(=O)c1ccc(Nc2ccnc3c(Cl)cccc23)cc1,0
P3_08071,COC(=O)c1ccc(Nc2ccnc3ccccc23)c(F)c1,1
P3_08072,CC(=O)c1ccc(Nc2ccnc3c(Cl)cccc23)cc1,1
P3_08073,CNC(=O)c1ccc(Nc2ccnc3c(Cl)cccc23)cc1,1
P3_08074,CN(C)C(=O)c1ccc(Nc2ccnc3c(Cl)cccc23)cc1,1
P3_08075,CN(C)C(=O)c1ccc(Nc2ccnc3ccc(Cl)cc23)c(F)c1,1
P3_08076,CC(=O)Oc1ccc(Nc2cc(C)nc3ccccc23)cc1,1
P3_08077,COC(=O)Cc1ccc(Nc2cc(C)nc3ccccc23)cc1,1
P3_08078,COc1cccc(Nc2cc(C)nc3ccccc23)c1,1
P3_08079,COC(=O)c1cccc(Nc2cc(C)nc3ccccc23)c1,1
P3_08080,CCOC(=O)c1cccc(Nc2cc(C)nc3c(OC)cccc23)c1,1
P3_08081,CCNC(=O)Nc1ccc(Nc2cc(C)nc3ccccc23)cc1,1
P3_08082,CC(=O)Nc1ccc(Nc2cc(C)nc3ccccc23)cc1,1
P3_08083,COc1ccc(Nc2cc(C)nc3ccccc23)cc1C(=O)[O-],1
P3_08084,COc1ccc(OC)c(Nc2cc(C)nc3ccccc23)c1,1
P3_08085,COCc1ccc(Nc2cc(C)nc3ccccc23)cc1,1
P3_08086,COc1ccc(Nc2cc(C)nc3ccccc23)c(OC)c1,1
P3_08087,COc1ccc(Nc2cc(C)nc3ccccc23)cc1OC,1
P3_08088,CCN(CC)C(=O)c1cccc(Nc2cc(C)nc3ccccc23)c1,1
P3_08089,CC(=O)c1cccc(Nc2cc(C)nc3ccccc23)c1,1
P3_08090,CCOc1ccc(Nc2cc(C(=O)OC)nc3c(C)cccc23)cc1,1
P3_08091,COc1ccc(Nc2cc(C)nc3ccccc23)cc1Cl,1
P3_08092,COC(=O)c1cccc(Nc2cc(C)nc3c(OC)cccc23)c1,1
P3_08093,COc1cc(Nc2cc(C)nc3c(C(=O)[O-])cccc23)cc(OC)c1,1
P3_08094,CCOc1ccc(Nc2cc(C(=O)OC)nc3c(OC)cccc23)cc1,1
P3_08095,COc1cccc(Nc2cc(C)nc3c(C)cccc23)c1,1
P3_08096,COc1cccc(Nc2cc(C)nc3c(OC)cccc23)c1,1
P3_08097,COC(=O)c1cccc(Nc2cc(C)nc3c(C)cccc23)c1,1
P3_08098,COC(=O)Cc1ccc(Nc2cc(C)nc3c(F)cccc23)cc1,1
P3_08099,CCc1ccc(Nc2cc(C(=O)OC)nc3c(C)cccc23)cc1,1
P3_08100,CCOc1ccc(Nc2cc(C(=O)OC)nc3c(F)cccc23)cc1,1
P3_08101,COc1ccc(Nc2cc(C(=O)[O-])nc3ccc(C)cc23)cc1Cl,1
P3_08102,CCOc1c(Cl)cc(CNC[C@H](O)c2ccccc2)cc1OC,1
P3_08103,CCOc1c(Cl)cc(CNC[C@@H](O)c2ccccc2)cc1OC,1
P3_08104,CCOc1c(OC)cc(CNC[C@@H](O)c2ccccc2)cc1OC,1
P3_08105,CCOc1c(OC)cc(CNC[C@H](O)c2ccccc2)cc1OC,1
P3_08106,CCOc1c(Cl)cc(CNCC(O)c2ccc(Cl)cc2)cc1OC,1
P3_08107,CCOc1c(Cl)cc(CNC[C@@H](O)c2ccc(Cl)cc2)cc1OC,1
P3_08108,CCOc1c(Cl)cc(CNCC(O)c2ccc(CC)cc2)cc1OC,1
P3_08109,CCOc1c(Cl)cc(CNC[C@H](O)c2ccc(Cl)cc2)cc1OC,1
P3_08110,CCOc1c(Cl)cc(CNCC(O)c2ccccc2OC)cc1OC,1
P3_08111,CCOc1c(Cl)cc(CNC[C@H](O)c2ccccc2OC)cc1OC,1
P3_08112,CCOc1c(Cl)cc(CNC[C@@H](O)c2ccccc2OC)cc1OC,1
P3_08113,CCOc1c(Cl)cc(CNCC(O)c2cccc(Cl)c2)cc1OC,1
P3_08114,CCOc1c(Cl)cc(CNC[C@@H](O)c2cccc(Cl)c2)cc1OC,1
P3_08115,CCOc1c(Cl)cc(CNCC(O)c2ccc(OC)cc2)cc1OC,1
P3_08116,CCOc1c(Cl)cc(CNC[C@H](O)c2ccc(C)cc2)cc1OC,1
P3_08117,CCOc1c(Cl)cc(CNC[C@@H](O)c2ccc(C)cc2)cc1OC,1
P3_08118,CCOc1c(Cl)cc(CNCC(O)c2cccc(C)c2)cc1OC,1
P3_08119,CCOc1c(Cl)cc(CNCC(O)c2cccc(OC)c2)cc1OC,1
P3_08120,CCOc1c(Cl)cc(CNCC(O)c2ccc(F)cc2)cc1OC,1
P3_08121,CCOc1c(Cl)cc(CNC[C@@H](O)c2ccc(F)cc2)cc1OC,1
P3_08122,CCOc1c(Cl)cc(CNC[C@H](O)c2ccc(F)cc2)cc1OC,1
P3_08123,CCOc1c(Cl)cc(CNCC(O)c2ccc(OC)c(OC)c2)cc1OC,1
P3_08124,C=CCOc1c(Cl)cc(CNC[C@H](O)c2ccccc2)cc1OC,1
P3_08125,C=CCOc1c(Cl)cc(CNC[C@@H](O)c2ccccc2)cc1OC,1
P3_08126,C=CCOc1c(Cl)cc(CNCC(O)c2ccccc2)cc1OC,1
P3_08127,CCCOc1c(Cl)cc(CNCC(O)c2ccccc2)cc1OCC,1
P3_08128,CCOc1c(Cl)cc(CNC[C@@H](N)c2ccccc2)cc1OC,1
P3_08129,CCOc1c(Cl)cc(CNCC(O)c2cc(C)cc(C)c2)cc1OC,1
P3_08130,CCOc1c(Cl)cc(CNCC(N)c2ccccc2)cc1OC,1
P3_08131,CCOc1c(Cl)cc(CNCC(OC)c2ccccc2)cc1OC,1
P3_08132,CCOc1c(Cl)cc(CNCC(O)c2ccc(OC(C)C)cc2)cc1OC,1
P3_08133,CCOc1c(Cl)cc(CNCC(O)c2ccc(C#N)cc2)cc1OC,1
P3_08134,CCOc1c(Cl)cc(CNCC(O)c2ccc(C)c(C)c2)cc1OC,1
P3_08135,CCOc1c(Cl)cc(CNCC(O)c2ccccc2F)cc1OC,1
P3_08136,CCOc1c(Cl)cc(CNCC(O)c2cccc(C#N)c2)cc1OC,1
P3_08137,CCOc1c(Cl)cc(CNCC(OCC)c2ccccc2)cc1OC,1
P3_08138,CCOc1c(Cl)cc(CNCC(O)c2cccc(OC(C)C)c2)cc1OC,1
P3_08139,CCOc1c(OC)cc(CNCC(O)c2ccc(Cl)cc2)cc1OC,1
P3_08140,CCOc1c(OC)cc(CNC[C@@H](O)c2ccc(Cl)cc2)cc1OC,1
P3_08141,CCOc1c(OC)cc(CNC[C@H](O)c2ccc(Cl)cc2)cc1OC,1
P3_08142,CCOc1c(OC)cc(CNC[C@@H](O)c2cccc(Cl)c2)cc1OC,1
P3_08143,CCOc1c(OC)cc(CNCC(O)c2cccc(Cl)c2)cc1OC,1
P3_08144,CCOc1c(OC)cc(CNCC(O)c2ccccc2Cl)cc1OC,1
P3_08145,CCOc1c(OC)cc(CNC[C@H](O)c2ccccc2Cl)cc1OC,1
P3_08146,CCOc1c(OC)cc(CNC[C@@H](O)c2ccccc2Cl)cc1OC,1
P3_08147,CCCOc1c(Cl)cc(CNC[C@H](O)c2ccccc2OC)cc1OC,1
P3_08148,CCCOc1c(Cl)cc(CNCC(O)c2ccccc2OC)cc1OC,1
P3_08149,CCCOc1c(Cl)cc(CNC[C@@H](O)c2ccccc2OC)cc1OC,1
P3_08150,CCOc1cc(CNC[C@H](O)c2ccccc2OC)cc(Cl)c1OC,1
P3_08151,CCOc1cc(CNCC(O)c2ccccc2OC)cc(Cl)c1OC,1
P3_08152,CCOc1cc(CNC[C@@H](O)c2ccccc2OC)cc(Cl)c1OC,1
P3_08153,CCOc1c(Cl)cc(CNCC(O)c2cc(F)cc(Cl)c2)cc1OC,1
P3_08154,CCOc1c(Cl)cc(CNCC(O)c2cc(OC)ccc2OC)cc1OC,1
P3_08155,CCOc1c(OC)cc(CNCC(O)c2ccc(CC)cc2)cc1OC,1
P3_08156,CCOc1cc(CNCC(O)c2ccc(CC)cc2)cc(Cl)c1OC,1
P3_08157,CCOc1cc(CNC[C@@H](O)c2ccc(Cl)cc2)cc(Cl)c1OC,1
P3_08158,CCOc1cc(CNC[C@H](O)c2ccc(Cl)cc2)cc(Cl)c1OC,1
P3_08159,CCOc1cc(CNCC(O)c2ccc(Cl)cc2)cc(Cl)c1OC,1
P3_08160,CCCOc1c(Cl)cc(CNCC(O)c2cccc(Cl)c2)cc1OC,1
P3_08161,CCCOc1c(Cl)cc(CNC[C@@H](O)c2cccc(Cl)c2)cc1OC,1
P3_08162,CCOc1c(OC)cc(CNCC(O)c2ccccc2OC)cc1OC,1
P3_08163,CCOc1c(OC)cc(CNC[C@@H](O)c2ccccc2OC)cc1OC,1
P3_08164,CCOc1c(OC)cc(CNC[C@H](O)c2ccccc2OC)cc1OC,1
P3_08165,CCOc1c(OC)cc(CNCC(O)c2c(Cl)cccc2Cl)cc1OC,1
P3_08166,CCCOc1c(Cl)cc(CNCC(O)c2ccc(OC)cc2)cc1OC,1
P3_08167,CCOc1c(Cl)cc(CNCC(O)c2cc(C)ccc2C)cc1OC,1
P3_08168,COc1cc(CNC[C@H](O)c2ccc(Cl)cc2)cc(Cl)c1OC,1
P3_08169,COc1cc(CNCC(O)c2ccc(Cl)cc2)cc(Cl)c1OC,1
P3_08170,CCOc1ccc(CNCC(O)c2ccccc2)cc1Cl,1
P3_08171,CCOc1ccc(CNC[C@H](O)c2ccccc2)cc1Cl,1
P3_08172,CCOc1ccc(CNC[C@@H](O)c2ccccc2)cc1OC,1
P3_08173,CCOc1cc(CNC[C@H](O)c2ccccc2)ccc1OC,1
P3_08174,CCOc1ccc(CNC[C@H](O)c2ccccc2)cc1OC,1
P3_08175,CCOc1c(OC)cc(CNC[C@@H](O)c2ccc(OC)cc2)cc1OC,1
P3_08176,COc1cc(CNC[C@@H](O)c2ccc(Cl)cc2)cc(Cl)c1OC,1
P3_08177,CCOc1c(OC)cc(CNCC(O)c2ccc(OC)cc2)cc1OC,1
P3_08178,CCOc1c(OC)cc(CNC[C@H](O)c2ccc(OC)cc2)cc1OC,1
P3_08179,CCOc1ccc(CNC[C@@H](O)c2ccccc2)cc1Cl,1
P3_08180,CCOc1c(OC)cc(CNC[C@@H](O)c2ccc(C)cc2)cc1OC,1
P3_08181,CCOc1c(OC)cc(CNC[C@H](O)c2ccc(C)cc2)cc1OC,1
P3_08182,CCOc1c(OC)cc(CNCC(O)c2ccc(C)cc2)cc1OC,1
P3_08183,CCOc1cc(CNC[C@@H](O)c2ccccc2)ccc1OC,1
P3_08184,COc1cc(CNC[C@@H](O)c2ccccc2)cc(OC)c1OC,1
P3_08185,COc1cc(CNC[C@H](O)c2ccccc2)cc(OC)c1OC,1
P3_08186,COc1cc(CNCC(O)c2ccccc2)cc(OC)c1OC,1
P3_08187,CCCOc1c(Cl)cc(CNC[C@@H]([NH3+])c2ccccc2)cc1OC,1
P3_08188,CCCOc1c(Cl)cc(CNC[C@H]([NH3+])c2ccccc2)cc1OC,1
P3_08189,COc1cc(CNCC(O)c2ccccc2Cl)cc(OC)c1OC,1
P3_08190,COc1cc(CNC[C@H](O)c2ccccc2Cl)cc(OC)c1OC,1
P3_08191,CCOc1c(OC)cc(CNCC(O)c2ccccc2F)cc1OC,1
P3_08192,CCOc1c(OC)cc(CNC[C@H](O)c2ccccc2F)cc1OC,1
P3_08193,COc1cc(CNC[C@H]([NH3+])c2ccccc2)cc(Cl)c1OC,1
P3_08194,COc1cc(CNC[C@@H]([NH3+])c2ccccc2)cc(Cl)c1OC,1
P3_08195,CCOc1c(Br)cc(CNC[C@@H]([NH3+])c2ccccc2)cc1OC,1
P3_08196,CCOc1c(Br)cc(CNC[C@H]([NH3+])c2ccccc2)cc1OC,1
P3_08197,CCOc1c(Br)cc(CNCC(O)c2ccccc2F)cc1OC,1
P3_08198,COc1cc(CNC[C@H](O)c2cccc(Br)c2)cc(OC)c1OC,1
P3_08199,COc1cc(CNCC(O)c2cccc(Br)c2)cc(OC)c1OC,1
P3_08200,COc1cc(CNC[C@@H](O)c2cccc(Br)c2)cc(OC)c1OC,1
P3_08201,COc1cc(CNCC(O)c2ccccc2C)cc(OC)c1OC,1
P3_08202,COc1cc(CNCC(O)c2ccccc2F)cc(Cl)c1O,1
P3_08203,COc1cc(CNC[C@H](O)c2ccccc2F)cc(OC)c1OC,1
P3_08204,COc1cc(CNCC(O)c2ccccc2F)cc(OC)c1OC,1
P3_08205,CCOc1c(OC)cc(CNC[C@H]([NH3+])c2ccc(C(C)C)cc2)cc1OC,1
P3_08206,CCOc1c(OC)cc(CNC[C@@H]([NH3+])c2ccc(C(C)C)cc2)cc1OC,1
P3_08207,COc1cc(CNCC(O)c2ccc(F)c(F)c2)cc(OC)c1OC,1
P3_08208,COc1cc(Br)c(CNC[C@H](O)c2ccccc2)cc1OC,1
P3_08209,COc1cc(Br)c(CNC[C@@H](O)c2ccccc2)cc1OC,1
P3_08210,CCOc1ccc(CNC[C@@H]([NH3+])c2ccccc2)cc1OC,1
P3_08211,CCOc1ccc(CNC[C@H]([NH3+])c2ccccc2)cc1OC,1
P3_08212,COc1cc(CNCC(O)c2c(F)cccc2F)cc(OC)c1OC,1
P3_08213,COc1cc(CNCC(O)c2ccccc2Br)cc(OC)c1O,1
P3_08214,CCCOc1c(Br)cc(CNC[C@@H]([NH3+])c2ccccc2)cc1OC,1
P3_08215,CCCOc1c(Br)cc(CNC[C@H]([NH3+])c2ccccc2)cc1OC,1
P3_08216,COc1cc(F)c(CNC[C@@H](O)c2ccccc2)c(OC)c1,1
P3_08217,COc1cc(F)c(CNCC(O)c2ccccc2)c(OC)c1,1
P3_08218,COc1cc(F)c(CNC[C@H](O)c2ccccc2)c(OC)c1,1
P3_08219,COc1cc(CNCC(O)c2cc(C)ccc2F)cc(OC)c1OC,0
P3_08220,COc1cc(Cl)c(CNC[C@@H](O)c2cccc(F)c2)cc1OC,1
P3_08221,COc1cc(Cl)c(CNC[C@H](O)c2cccc(F)c2)cc1OC,1
P3_08222,COc1cc(Cl)c(CNC[C@H](O)c2ccc(F)cc2)cc1Cl,1
P3_08223,COc1cc(Cl)c(CNC[C@@H](O)c2ccc(F)cc2)cc1Cl,1
P3_08224,CCOc1ccc(CNC[C@H]([NH3+])c2ccccc2)cc1OCC,1
P3_08225,CCOc1ccc(CNC[C@@H]([NH3+])c2ccccc2)cc1OCC,1
P3_08226,COc1cc(F)c(CNC[C@H](O)c2ccccc2Cl)cc1OC,1
P3_08227,COc1cc(Cl)c(CNCC(O)c2ccccc2F)cc1OC,1
P3_08228,COc1cc(F)c(CNC[C@@H](O)c2ccccc2Cl)cc1OC,1
P3_08229,COc1cc(Cl)c(CNC[C@H](O)c2ccccc2F)cc1OC,1
P3_08230,COc1cc(Cl)c(CNC[C@@H](O)c2ccccc2F)cc1OC,1
P3_08231,COc1cc(CNCC(O)c2c(F)cccc2F)cc(OC)c1C,1
P3_08232,CCOc1cc(CNC[C@H](O)c2cccc(Br)c2)c(F)cc1OC,1
P3_08233,CCOc1cc(CNC[C@@H](O)c2cccc(Br)c2)c(F)cc1OC,1
P3_08234,C=CCOc1c(Br)cc(CNC[C@@H]([NH3+])c2ccccc2)cc1OC,1
P3_08235,C=CCOc1c(Br)cc(CNC[C@H]([NH3+])c2ccccc2)cc1OC,1
P3_08236,CCCOc1cc(CNC[C@H]([NH3+])c2ccccc2)ccc1OC,1
P3_08237,CCCOc1cc(CNC[C@@H]([NH3+])c2ccccc2)ccc1OC,1
P3_08238,COc1cc(Br)c(CNC[C@@H](O)c2ccc(Cl)cc2)cc1OC,1
P3_08239,COc1cc(Br)c(CNC[C@H](O)c2ccc(Cl)cc2)cc1OC,1
P3_08240,COc1cc(Cl)c(CNC[C@@H](OC)c2ccccc2)cc1OC,1
P3_08241,COc1cc(Cl)c(CNC[C@H](OC)c2ccccc2)cc1OC,1
P3_08242,COc1cc(F)c(CNCC(O)c2ccccc2OC)cc1OC,1
P3_08243,COc1cc(F)c(CNC[C@H](O)c2ccccc2OC)cc1OC,1
P3_08244,COc1cc(F)c(CNC[C@@H](O)c2ccccc2OC)cc1OC,1
P3_08245,COc1ccc(CNC[C@@H](O)c2cccc(Cl)c2)c(Br)c1O,1
P3_08246,COc1ccc(CNCC(O)c2cccc(Cl)c2)c(Br)c1O,1
P3_08247,COc1cc(Br)c(CNC[C@@H](O)c2cccc(Cl)c2)cc1O,1
P3_08248,COc1cc(Br)c(CNC[C@H](O)c2cccc(Cl)c2)cc1O,1
P3_08249,COc1cc(OC)c(CNC[C@@H](O)c2ccc(Cl)c(F)c2)cc1F,1
P3_08250,COc1cc(OC)c(CNC[C@H](O)c2ccc(Cl)c(F)c2)cc1F,1
P3_08251,COc1cc(Br)c(CNC[C@@H](O)c2ccc(Cl)cc2)cc1O,1
P3_08252,COc1cc(Br)c(CNC[C@H](O)c2ccc(Cl)cc2)cc1O,1
P3_08253,CCC(C#N)Oc1cc(CNCC(O)c2ccc(F)cc2)ccc1OC,1
P3_08254,COc1cc(CNCC(O)c2cc(F)ccc2OC)cc(OC)c1,1
P3_08255,CCOc1cc(CNC[C@@H](O)c2ccccc2Br)c(F)cc1OC,1
P3_08256,CCOc1cc(CNC[C@H](O)c2ccccc2Br)c(F)cc1OC,1
P3_08257,CCOCc1cc(CNC[C@@H]([NH3+])c2ccccc2)ccc1OC,1
P3_08258,CCOCc1cc(CNC[C@H]([NH3+])c2ccccc2)ccc1OC,1
P3_08259,COc1cc(F)cc(CNCC(O)c2cc(OC)ccc2OC)c1,1
P3_08260,COc1cc(Br)c(CNC[C@H](O)c2cccc(C)c2)cc1OC,1
P3_08261,COc1cc(Br)c(CNC[C@@H](O)c2cccc(C)c2)cc1OC,1
P3_08262,COc1cc(Br)c(CNC[C@@H](O)c2ccc(C)cc2)cc1OC,1
P3_08263,COc1cc(Br)c(CNC[C@H](O)c2ccc(C)cc2)cc1OC,1
P3_08264,COc1cc(Br)c(CNC[C@H](O)c2cccc(F)c2)cc1OC,1
P3_08265,COc1cc(Br)c(CNC[C@@H](O)c2cccc(F)c2)cc1OC,1
P3_08266,COc1cc(OC)c(CNCC(O)c2ccccc2F)cc1F,1
P3_08267,COc1cc(Br)c(CNC[C@H](O)c2ccc(F)cc2)cc1OC,1
P3_08268,CCOc1c(Cl)cc(CNCCc2ccccc2)cc1OC,1
P3_08269,CCOc1c(OC)cc(CNC[C@@H](O)c2ccc(C(F)(F)F)cc2)cc1OC,1
P3_08270,CCOc1c(OC)cc(CNCC(O)c2ccc(C(F)(F)F)cc2)cc1OC,1
P3_08271,CCOc1c(Cl)cc(C(=O)NC[C@H](O)c2ccccc2)cc1OC,1
P3_08272,CCOc1c(Cl)cc(C(=O)NC[C@@H](O)c2ccccc2)cc1OC,1
P3_08273,CCOc1c(OC)cc(CNCC(O)c2ccc(C)c(C)c2)cc1OC,1
P3_08274,CCOc1c(OC)cc(CNCC(O)c2cc(F)cc(Cl)c2)cc1OC,1
P3_08275,CCCOc1ccc(CNC[C@H](O)c2ccccc2)cc1OC,1
P3_08276,CCCOc1ccc(CNC[C@@H](O)c2ccccc2)cc1OC,1
P3_08277,C=CCOc1c(Cl)cc(CNCC(O)c2cccc(C#N)c2)cc1OC,1
P3_08278,CCCOc1c(Cl)cc(CNCC(O)c2ccccc2C)cc1OCC,1
P3_08279,CCCOc1c(Cl)cc(CNCCc2ccccc2)cc1OC,1
P3_08280,CCOc1cc(CNCC(O)c2ccc(C(F)(F)F)cc2)ccc1OC,1
P3_08281,CCOc1ccc(CNCC(O)c2ccc(C(F)(F)F)cc2)cc1OC,1
P3_08282,CCOc1cc(CNC[C@@H](O)c2ccc(C(F)(F)F)cc2)ccc1OC,1
P3_08283,CCCOc1c(Cl)cc(C(=O)NC[C@H](O)c2ccccc2)cc1OC,1
P3_08284,CCCOc1c(Cl)cc(C(=O)NC[C@@H](O)c2ccccc2)cc1OC,1
P3_08285,COc1ccc(CNCC(O)c2ccccc2)cc1C(C)(C)C,1
P3_08286,COc1ccc(CNC[C@H](O)c2ccccc2)cc1C(C)(C)C,1
P3_08287,COc1ccc(CNC[C@@H](O)c2ccccc2)cc1C(C)(C)C,1
P3_08288,CCOc1c(OC)cc(CNCCc2ccccc2)cc1OC,1
P3_08289,COc1ccc(CNCC(O)c2ccccc2)cc1C#N,1
P3_08290,COc1ccc(CNC[C@@H](O)c2ccccc2)cc1C#N,1
P3_08291,COc1ccc(CNC[C@H](O)c2ccccc2)cc1C#N,1
P3_08292,CCOc1ccc(CNCC(O)c2cc(Cl)cc(Cl)c2)cc1OCC,1
P3_08293,CCCOc1ccc(CNC[C@H](O)c2ccccc2OC)cc1OC,1
P3_08294,CCCOc1ccc(CNC[C@@H](O)c2ccccc2OC)cc1OC,1
P3_08295,CCCOc1ccc(CNCC(O)c2ccccc2OC)cc1OC,1
P3_08296,CCCCOc1ccc(CNC[C@@H](O)c2ccc(Cl)cc2)cc1OC,0
P3_08297,CCCCOc1ccc(CNCC(O)c2ccc(Cl)cc2)cc1OC,0
P3_08298,CCCCOc1ccc(CNC[C@H](O)c2ccc(Cl)cc2)cc1OC,0
P3_08299,CCOc1ccc(CNCC(O)c2cccc(C(F)(F)F)c2)cc1OC,1
P3_08300,CCOc1ccc(CNCC(O)c2cccc(OC(C)C)c2)cc1OC,1
P3_08301,CCOc1ccc(CNCC(O)c2cccc(C#N)c2)cc1OC,1
P3_08302,CCCOc1ccc(CNC[C@@H](O)c2cccc(Cl)c2)cc1OCC,1
P3_08303,CCCOc1ccc(CNCC(O)c2cccc(Cl)c2)cc1OCC,1
P3_08304,COc1cc(CNC[C@](O)(c2ccccc2)C(F)(F)F)cc(Cl)c1OC,1
P3_08305,COc1cc(CNC[C@@](O)(c2ccccc2)C(F)(F)F)cc(Cl)c1OC,1
P3_08306,CCOc1c(OC)cc(CNC[C@](O)(c2ccccc2)C(F)(F)F)cc1OC,1
P3_08307,CCOc1c(OC)cc(CNC[C@@](O)(c2ccccc2)C(F)(F)F)cc1OC,1
P3_08308,CCOc1c(Br)cc(CNCCc2ccccc2)cc1OC,1
P3_08309,CCOc1c(OC)cc(CNCCc2cccc(Cl)c2)cc1OC,1
P3_08310,CCCOc1cc(CNCC(O)c2ccc(C(F)(F)F)cc2)ccc1OC,0
P3_08311,CCCCOc1ccc(CNC[C@H](O)c2ccc(C)cc2)cc1OC,1
P3_08312,CCCCOc1ccc(CNC[C@@H](O)c2ccc(C)cc2)cc1OC,1
P3_08313,CCOc1ccc(CNCC(O)c2cc(C)cc(C)c2)cc1OCC,1
P3_08314,CCOc1ccc(CNCC(O)c2cccc(C#N)c2)cc1OCC,1
P3_08315,COc1ccc(CNCC(O)c2ccccc2)c(Br)c1O,1
P3_08316,COc1ccc(CNC[C@@H](O)c2ccccc2)c(Br)c1O,1
P3_08317,COc1ccc(CNC[C@H](O)c2ccccc2)c(Br)c1O,1
P3_08318,COc1ccc(CNCC(O)c2ccc(Cl)c(F)c2)cc1OCCO,1
P3_08319,CCOc1cccc(CNCC(O)c2ccc(C(F)(F)F)cc2)c1OC,1
P3_08320,COc1ccc(CNCC(O)c2cccc(Cl)c2)cc1C#N,1
P3_08321,COc1ccc(CNC[C@@H](O)c2cccc(Cl)c2)cc1C#N,1
P3_08322,COc1ccc(CNCC(O)c2cccc(C(F)(F)F)c2)cc1OC,1
P3_08323,COc1ccc(CNCC(CO)c2ccccc2)cc1OC,1
P3_08324,COc1ccc(C(O)CNCc2ccc(CF)cc2)cc1OC,1
P3_08325,COc1ccc(CNCC(C)c2ccccc2)cc1OC,1
P3_08326,CCCOc1ccc(CNCC(O)c2cccc(C#N)c2)cc1OC,1
P3_08327,CCCCOc1ccc(CNCC(O)c2ccccc2F)cc1OC,1
P3_08328,COc1cc(CNC[C@H](O)c2ccccc2)cc(Cl)c1OC,1
P3_08329,COc1cc(CNC[C@@H](O)c2ccccc2)cc(Cl)c1OC,1
P3_08330,COc1cc(CNCC(O)c2ccccc2)cc(Cl)c1OC,1
P3_08331,CCCOc1c(Cl)cc(CNC[C@H](O)c2ccc(Cl)cc2)cc1OC,1
P3_08332,CCCOc1c(Cl)cc(CNCC(O)c2ccc(Cl)cc2)cc1OC,1
P3_08333,CCCOc1c(Cl)cc(CNC[C@@H](O)c2ccc(Cl)cc2)cc1OC,1
P3_08334,CCCOc1c(Cl)cc(CNC[C@@H](O)c2ccc(C)cc2)cc1OC,1
P3_08335,CCCOc1c(Cl)cc(CNC[C@H](O)c2ccc(C)cc2)cc1OC,1
P3_08336,CCCOc1c(Cl)cc(CNCC(O)c2cccc(OC)c2)cc1OC,1
P3_08337,CCOc1c(OC)cc(CNCC(O)c2cccc(OC)c2)cc1OC,1
P3_08338,COc1cc(CNC[C@@H](O)c2cccc(Cl)c2)cc(Cl)c1OC,1
P3_08339,COc1cc(CNCC(O)c2cccc(Cl)c2)cc(Cl)c1OC,1
P3_08340,CCOc1c(OC)cc(CNCC(O)c2cccc(C)c2)cc1OC,1
P3_08341,CCCOc1c(Cl)cc(CNC[C@H](O)c2ccc(F)cc2)cc1OC,1
P3_08342,CCCOc1c(Cl)cc(CNC[C@@H](O)c2ccc(F)cc2)cc1OC,1
P3_08343,CCCOc1c(Cl)cc(CNCC(O)c2ccc(F)cc2)cc1OC,1
P3_08344,CCOc1c(OC)cc(CNC[C@H](O)c2ccc(F)cc2)cc1OC,1
P3_08345,CCOc1c(OC)cc(CNCC(O)c2ccc(F)cc2)cc1OC,1
P3_08346,CCOc1c(OC)cc(CNC[C@@H](O)c2ccc(F)cc2)cc1OC,1
P3_08347,CCOc1c(Br)cc(CNC[C@@H](O)c2ccc(Cl)cc2)cc1OC,1
P3_08348,CCOc1c(Br)cc(CNC[C@H](O)c2ccc(Cl)cc2)cc1OC,1
P3_08349,COc1cc(CNCC(O)c2cccc(C)c2)cc(Cl)c1OC,1
P3_08350,CCOc1c(OC)cc(CNC[C@H](O)c2cccc(Br)c2)cc1OC,1
P3_08351,CCOc1c(OC)cc(CNC[C@@H](O)c2cccc(Br)c2)cc1OC,1
P3_08352,CCOc1c(OC)cc(CNCC(O)c2cccc(F)c2)cc1OC,1
P3_08353,CCCOc1c(Cl)cc(CNCC(O)c2ccccc2F)cc1OC,1
P3_08354,CCOc1c(OC)cc(CNCC(O)c2ccccc2C)cc1OC,1
P3_08355,C=CCOc1c(Cl)cc(CNCC(O)c2ccc(OC)cc2)cc1OC,1
P3_08356,C=CCOc1c(Cl)cc(CNCC(O)c2cccc(OC)c2)cc1OC,1
P3_08357,CCOc1ccc(CNC[C@H](O)c2ccccc2)cc1OCC,1
P3_08358,CCOc1ccc(CNC[C@@H](O)c2ccccc2)cc1OCC,1
P3_08359,C=CCOc1c(Cl)cc(CNC[C@@H](O)c2ccc(F)cc2)cc1OC,1
P3_08360,C=CCOc1c(Cl)cc(CNC[C@H](O)c2ccc(F)cc2)cc1OC,1
P3_08361,C=CCOc1c(Cl)cc(CNCC(O)c2ccc(F)cc2)cc1OC,1
P3_08362,CCOc1c(Br)cc(CNC[C@H](O)c2ccc(C)cc2)cc1OC,1
P3_08363,CCOc1c(Br)cc(CNC[C@@H](O)c2ccc(C)cc2)cc1OC,1
P3_08364,CCOc1c(Br)cc(CNCC(O)c2cccc(C)c2)cc1OC,1
P3_08365,CCCOc1c(Cl)cc(CNC[C@H](O)c2ccc(F)cc2)cc1OCC,1
P3_08366,CCCOc1c(Cl)cc(CNCC(O)c2ccc(F)cc2)cc1OCC,1
P3_08367,CCCOc1c(Cl)cc(CNC[C@@H](O)c2ccc(F)cc2)cc1OCC,1
P3_08368,C=CCOc1c(Cl)cc(CNCC(O)c2ccccc2C)cc1OC,1
P3_08369,C=CCOc1c(Cl)cc(CNCC(O)c2ccccc2F)cc1OC,1
P3_08370,CCOc1ccc(CNCC(O)c2ccc(Cl)cc2)cc1OC,1
P3_08371,CC(C)NC(=S)Nc1ccc(Cl)c(Cl)c1,1
P3_08372,CC(C)C(=O)Nc1ccc(Cl)c(Cl)c1,1
P3_08373,NC(=O)Nc1ccc(Cl)c(Cl)c1,1
P3_08374,C[C@@H](CC(N)=O)C(=O)Nc1ccc(Cl)c(Cl)c1,1
P3_08375,C[C@H](CC(N)=O)C(=O)Nc1ccc(Cl)c(Cl)c1,1
P3_08376,CC(C)C(C)NC(=S)Nc1ccc(Cl)c(Cl)c1,1
P3_08377,C[C@@H](O)C(=O)Nc1ccc(Cl)c(Cl)c1,1
P3_08378,C[C@H](O)C(=O)Nc1ccc(Cl)c(Cl)c1,1
P3_08379,CC(C)[C@H](NC(N)=O)C(=O)Nc1ccc(Cl)c(Cl)c1,1
P3_08380,CC(C)NC(=O)Nc1ccc(Cl)c(Cl)c1,1
P3_08381,CC(C)C(=O)NC(=S)Nc1ccc(Cl)c(Cl)c1,1
P3_08382,C[C@@H](NC(=S)Nc1ccc(Cl)c(Cl)c1)C(F)F,1
P3_08383,C[C@H](NC(=S)Nc1ccc(Cl)c(Cl)c1)C(F)F,1
P3_08384,CC(C)N(C(=O)Nc1ccc(Cl)c(Cl)c1)C(C)C,1
P3_08385,CC(C)C[C@@H](NC(=S)Nc1ccc(Cl)c(Cl)c1)C(N)=O,1
P3_08386,CC(C)C[C@H](NC(=S)Nc1ccc(Cl)c(Cl)c1)C(N)=O,1
P3_08387,C[C@@H](NC(=S)Nc1ccc(Cl)c(Cl)c1)C(F)(F)F,1
P3_08388,COC(=O)[C@@H](C)NC(=O)Nc1ccc(Cl)c(Cl)c1,1
P3_08389,C[C@H](NC(=S)Nc1ccc(Cl)c(Cl)c1)C(F)(F)F,1
P3_08390,CC(C)[C@H](C)NC(=O)Nc1ccc(Cl)c(Cl)c1,1
P3_08391,CC(C)[C@@H](C)NC(=O)Nc1ccc(Cl)c(Cl)c1,1
P3_08392,CC(C)N(C)C(=S)Nc1ccc(Cl)c(Cl)c1,1
P3_08393,C[C@H](C(=O)Nc1ccc(Cl)c(Cl)c1)N(C)CC(N)=O,1
P3_08394,C[C@@H](C(=O)Nc1ccc(Cl)c(Cl)c1)N(C)CC(N)=O,1
P3_08395,CC(C)CC(=O)NC(=S)Nc1ccc(Cl)c(Cl)c1,1
P3_08396,CC(C)C(C)N(C)C(=S)Nc1ccc(Cl)c(Cl)c1,1
P3_08397,C[C@@H](NC(=O)Nc1ccc(Cl)c(Cl)c1)C(=O)[O-],1
P3_08398,CC(C)[NH2+]CC(=O)Nc1ccc(Cl)c(Cl)c1,1
P3_08399,CC(C)C(C)N(C)C(=O)Nc1ccc(Cl)c(Cl)c1,1
P3_08400,C[C@H](NC(=O)Nc1ccc(Cl)c(Cl)c1)C(=O)[O-],1
P3_08401,C[C@H](CC(=O)[O-])C(=O)Nc1ccc(Cl)c(Cl)c1,1
P3_08402,CC(C)C[C@H](C)NC(=O)Nc1ccc(Cl)c(Cl)c1,1
P3_08403,CC(C)[N@@H+](C)CC(=O)Nc1ccc(Cl)c(Cl)c1,1
P3_08404,CC(C)N(C)CC(=O)Nc1ccc(Cl)c(Cl)c1,1
P3_08405,CC(C)C[C@@H](C)NC(=O)Nc1ccc(Cl)c(Cl)c1,1
P3_08406,C[NH2+]C[C@H](C)C(=O)Nc1ccc(Cl)c(Cl)c1,1
P3_08407,C[NH2+]C[C@@H](C)C(=O)Nc1ccc(Cl)c(Cl)c1,1
P3_08408,C[C@@H](CC(=O)[O-])C(=O)Nc1ccc(Cl)c(Cl)c1,1
P3_08409,CC(C)[N@H+](C)CC(=O)Nc1ccc(Cl)c(Cl)c1,1
P3_08410,CC(C)C[C@H]([NH3+])C(=O)Nc1ccc(Cl)c(Cl)c1,1
P3_08411,CC(C)NC(=O)[C@H](C)NC(=O)Nc1ccc(Cl)c(Cl)c1,1
P3_08412,CC(C)NC(=O)[C@@H](C)NC(=O)Nc1ccc(Cl)c(Cl)c1,1
P3_08413,CC(C)CN(C)C(=O)Nc1ccc(Cl)c(Cl)c1,1
P3_08414,CC(C)N(C)C[C@@H](C)NC(=S)Nc1ccc(Cl)c(Cl)c1,1
P3_08415,CC(C)N(C)C[C@H](C)NC(=S)Nc1ccc(Cl)c(Cl)c1,1
P3_08416,C[C@@H](CC(=O)[O-])NC(=S)Nc1ccc(Cl)c(Cl)c1,1
P3_08417,C[C@H](CC(=O)[O-])NC(=S)Nc1ccc(Cl)c(Cl)c1,1
P3_08418,C=C(C)C(=O)Nc1ccc(Cl)c(Cl)c1,1
P3_08419,C[C@@H](C(=O)[O-])N(C)C(=O)Nc1ccc(Cl)c(Cl)c1,1
P3_08420,C[C@@H](O)CN(C)C(=O)Nc1ccc(Cl)c(Cl)c1,1
P3_08421,COC(=O)[C@@H](C)CC(=O)Nc1ccc(Cl)c(Cl)c1,1
P3_08422,COC(=O)[C@H](C)CC(=O)Nc1ccc(Cl)c(Cl)c1,1
P3_08423,C[C@H](O)CN(C)C(=O)Nc1ccc(Cl)c(Cl)c1,1
P3_08424,CC(C)[C@H](NC(=O)[O-])C(=O)Nc1ccc(Cl)c(Cl)c1,1
P3_08425,C[C@H](O)C[C@H](C)NC(=O)Nc1ccc(Cl)c(Cl)c1,1
P3_08426,C[C@H](C[C@@H](C)O)NC(=O)Nc1ccc(Cl)c(Cl)c1,1
P3_08427,C[C@H](C(=O)[O-])N(C)C(=O)Nc1ccc(Cl)c(Cl)c1,1
P3_08428,C[C@@H](O)C[C@H](C)NC(=O)Nc1ccc(Cl)c(Cl)c1,1
P3_08429,CC(C)[C@@H](NC(=O)[O-])C(=O)Nc1ccc(Cl)c(Cl)c1,1
P3_08430,CCC(CC)CN=C(N)Nc1ccc(C)c(C)c1,1
P3_08431,CC(C)C(CN=C(N)Nc1cccc(O)c1)C(C)C,0
P3_08432,Br.CCCN=C(N)Nc1ccc(C)c(C)c1,1
P3_08433,Br.CCC(C)CN=C(N)Nc1cccc(C)c1,1
P3_08434,CC[C@@H](C)NC(=S)Nc1ccc(Cl)c(Cl)c1,1
P3_08435,CCC(C)NC(=S)Nc1ccc(Cl)c(Cl)c1,1
P3_08436,CC[C@H](C)NC(=S)Nc1ccc(Cl)c(Cl)c1,1
P3_08437,C[C@@H](NC(=S)Nc1ccc(Cl)c(Cl)c1)C(C)(C)O,1
P3_08438,C[C@@H](CF)NC(=S)Nc1ccc(Cl)c(Cl)c1,1
P3_08439,CO[C@@H](C)[C@@H](C)NC(=S)Nc1ccc(Cl)c(Cl)c1,1
P3_08440,CSCC(C)NC(=S)Nc1ccc(Cl)c(Cl)c1,1
P3_08441,CC(C)[C@@H](CO)NC(=S)Nc1ccc(Cl)c(Cl)c1,1
P3_08442,CC(C)[C@H](CO)NC(=S)Nc1ccc(Cl)c(Cl)c1,1
P3_08443,CO[C@H](C)[C@@H](C)NC(=S)Nc1ccc(Cl)c(Cl)c1,1
P3_08444,CO[C@@H](C)[C@H](C)NC(=S)Nc1ccc(Cl)c(Cl)c1,1
P3_08445,CO[C@H](C)[C@H](C)NC(=S)Nc1ccc(Cl)c(Cl)c1,1
P3_08446,CCCC(C)NC(=S)Nc1ccc(Cl)c(Cl)c1,1
P3_08447,COC[C@H](C)NC(=S)Nc1ccc(Cl)c(Cl)c1,1
P3_08448,COC[C@@H](C)NC(=S)Nc1ccc(Cl)c(Cl)c1,1
P3_08449,COCC(C)NC(=S)Nc1ccc(Cl)c(Cl)c1,1
P3_08450,CC(C)[C@H](CCO)NC(=S)Nc1ccc(Cl)c(Cl)c1,1
P3_08451,CC(C)[C@@H](CCO)NC(=S)Nc1ccc(Cl)c(Cl)c1,1
P3_08452,CC(C)(NC(=S)Nc1ccc(Cl)c(Cl)c1)C(F)F,1
P3_08453,CC(C)[C@@](C)(C#N)NC(=S)Nc1ccc(Cl)c(Cl)c1,1
P3_08454,CC(C)[C@](C)(C#N)NC(=S)Nc1ccc(Cl)c(Cl)c1,1
P3_08455,COC[C@@H](NC(=S)Nc1ccc(Cl)c(Cl)c1)C(C)C,1
P3_08456,COC[C@H](NC(=S)Nc1ccc(Cl)c(Cl)c1)C(C)C,1
P3_08457,CCC(C)N(C)C(=S)Nc1ccc(Cl)c(Cl)c1,1
P3_08458,FCC(CF)NC(=S)Nc1ccc(Cl)c(Cl)c1,1
P3_08459,CC(C)(O)C(C)(C)NC(=S)Nc1ccc(Cl)c(Cl)c1,1
P3_08460,CC[C@@H](C#N)NC(=S)Nc1ccc(Cl)c(Cl)c1,1
P3_08461,CC[C@H](C#N)NC(=S)Nc1ccc(Cl)c(Cl)c1,1
P3_08462,CC(C)(CO)NC(=S)Nc1ccc(Cl)c(Cl)c1,1
P3_08463,CC(=O)C(C)(C)NC(=S)Nc1ccc(Cl)c(Cl)c1,1
P3_08464,CCCC(C)N(C)C(=S)Nc1ccc(Cl)c(Cl)c1,1
P3_08465,CC(C)(C#N)NC(=S)Nc1ccc(Cl)c(Cl)c1,1
P3_08466,CC(C)(CCO)NC(=S)Nc1ccc(Cl)c(Cl)c1,1
P3_08467,CC(=O)/C=C(/C)NC(=S)Nc1ccc(Cl)c(Cl)c1,1
P3_08468,CC[C@H](CC#N)NC(=S)Nc1ccc(Cl)c(Cl)c1,1
P3_08469,CC[C@@H](CC#N)NC(=S)Nc1ccc(Cl)c(Cl)c1,1
P3_08470,CC(C)NC(=S)Nc1ccc(F)c(Cl)c1,1
P3_08471,COCC(C)(C)NC(=S)Nc1ccc(Cl)c(Cl)c1,1
P3_08472,OC[C@@H](CCF)NC(=S)Nc1ccc(Cl)c(Cl)c1,1
P3_08473,CC(=O)CC(C)(C)NC(=S)Nc1ccc(Cl)c(Cl)c1,1
P3_08474,CC[C@@](C)(C#N)NC(=S)Nc1ccc(Cl)c(Cl)c1,1
P3_08475,OC[C@H](CC(F)F)NC(=S)Nc1ccc(Cl)c(Cl)c1,1
P3_08476,CC[C@](C)(C#N)NC(=S)Nc1ccc(Cl)c(Cl)c1,1
P3_08477,OCC(CCF)NC(=S)Nc1ccc(Cl)c(Cl)c1,1
P3_08478,OC[C@H](CCF)NC(=S)Nc1ccc(Cl)c(Cl)c1,1
P3_08479,OC[C@@H](CC(F)F)NC(=S)Nc1ccc(Cl)c(Cl)c1,1
P3_08480,CC(C)C(C)NC(=S)Nc1ccc(Cl)c(F)c1,1
P3_08481,CCOCC(C)(C)NC(=S)Nc1ccc(Cl)c(Cl)c1,1
P3_08482,C[C@@H](NC(=S)Nc1ccc(F)c(Cl)c1)C(F)F,1
P3_08483,CC[C@H](C)NC(=S)Nc1ccc(C)c(Cl)c1,1
P3_08484,CC[C@@H](C)NC(=S)Nc1ccc(C)c(Cl)c1,1
P3_08485,CCC(C)NC(=S)Nc1ccc(C)c(Cl)c1,1
P3_08486,C[C@H](NC(=S)Nc1ccc(F)c(Cl)c1)C(F)F,1
P3_08487,CCC(C)NC(=S)Nc1ccc(Cl)c(C)c1,1
P3_08488,CC[C@@H](C)NC(=S)Nc1ccc(Cl)c(F)c1,0
P3_08489,CC[C@H](C)NC(=S)Nc1ccc(Cl)c(F)c1,0
P3_08490,CCC[C@@](C)(C#N)NC(=S)Nc1ccc(Cl)c(Cl)c1,1
P3_08491,CCC[C@](C)(C#N)NC(=S)Nc1ccc(Cl)c(Cl)c1,1
P3_08492,CCC(C)NC(=S)Nc1ccc(Cl)c(N(C)C)c1,1
P3_08493,CN(CCC#N)C(=S)Nc1ccc(Cl)c(Cl)c1,1
P3_08494,CCCC(C)NC(=S)Nc1ccc(C)c(Cl)c1,1
P3_08495,CCCCCCc1cc(O)c2c(C)cc(=O)oc2c1,1
P3_08496,CCCCCCc1c(C)c2c(O)cc(O)cc2oc1=O,1
P3_08497,CCCCCCc1c(C)c2c(O)cc(C)cc2oc1=O,1
P3_08498,CCCCCCCc1cc(O)c2c(C)cc(=O)oc2c1,1
P3_08499,CCCCCc1cc(O)c2c(C)cc(=O)oc2c1,1
P3_08500,CCCCCCc1c(C)c2ccc(O)cc2oc1=O,1
P3_08501,CCCCCCc1cc2c(C)cc(=O)oc2cc1O,1
P3_08502,CCCCc1cc(=O)oc2cc(O)cc(O)c12,1
P3_08503,CCCCCCc1c(C)c2cc(O)c([O-])cc2oc1=O,1
P3_08504,CCCCCCc1c(C)c2c([O-])cc(O)cc2oc1=O,1
P3_08505,CCCCc1cc(=O)oc2cc(C)cc(O)c12,0
P3_08506,CCCCCCc1c(C)c2ccc(O)c(C)c2oc1=O,1
P3_08507,CCCCCCc1cc2cc(C(C)=O)c(=O)oc2cc1O,1
P3_08508,CCCCCc1coc2cccc(OC)c2c1=O,1
P3_08509,CCCCc1cc(=O)oc2cc(O)ccc12,1
P3_08510,CCCCCc1ccc2c(=O)cc(C)oc2c1,0
P3_08511,CCCCc1c(C)c2ccc(O)cc2oc1=O,1
P3_08512,CCCCN(O)C(=O)c1cc(=O)c2ccccc2o1,1
P3_08513,CCCCCc1ccc2oc(N)cc(=O)c2c1,1
P3_08514,CCCCc1cc(=O)oc2cc([O-])c(O)cc12,1
P3_08515,CCCCc1cc(=O)oc2cc(O)cc([O-])c12,0
P3_08516,CCCCc1cc(=O)oc2c(C)c(O)ccc12,1
P3_08517,CCCCCCc1c(C)c2ccc([O-])cc2oc1=O,1
P3_08518,CCCc1cc(=O)oc2cc(O)cc(O)c12,1
P3_08519,CCCCCCc1c(C)c2c([O-])cc(C)cc2oc1=O,0
P3_08520,CCCCCCc1cc([O-])c2c(C)cc(=O)oc2c1,0
P3_08521,CCCCCCCc1cc([O-])c2c(C)cc(=O)oc2c1,0
P3_08522,CCCc1cc(=O)oc2cc(C)cc(O)c12,0
P3_08523,CCCCc1c([O-])c2ccccc2oc1=O,1
P3_08524,CCCc1cc(O)c2c(C)cc(=O)oc2c1,1
P3_08525,CCCCCCc1cc2cc(C(N)=O)c(=N)oc2cc1O,1
P3_08526,CCCCCCc1c(C)c2ccc([O-])c(O)c2oc1=O,1
P3_08527,CCCCCCc1c(C)c2ccc(OC)cc2oc1=O,1
P3_08528,CCCc1c(O)ccc2c(=O)cc(C(=O)[O-])oc12,1
P3_08529,CCCc1c(C)c2ccc(O)cc2oc1=O,1
P3_08530,O=c1c(O)c(CCCCCO)oc2ccccc12,1
P3_08531,CCCCc1cc(=O)oc2cc(C)c(C(C)=O)c(O)c12,1
P3_08532,CCCc1cc2c(CCC)cc(=O)oc2cc1O,1
P3_08533,CCCc1cc(=O)oc2cc(O)ccc12,1
P3_08534,CCCCCc1cc2ccc(OC)cc2oc1=O,1
P3_08535,CCCCC(=O)c1cc2ccc(O)cc2oc1=O,1
P3_08536,CCCCCc1ccc2oc(=O)c(C#N)cc2c1,0
P3_08537,CCCCCCc1c(C)c2cc(Cl)c([O-])cc2oc1=O,1
P3_08538,CCCc1cc(=O)oc2cc(O)cc([O-])c12,0
P3_08539,CCCc1cc(=O)oc2c(C)c(O)ccc12,1
P3_08540,CCCCc1cc(=O)oc2cc([O-])ccc12,1
P3_08541,CCCCc1c(C)c2ccc([O-])cc2oc1=O,1
P3_08542,CCCc1cc(=O)oc2cc([O-])c(O)cc12,1
P3_08543,CCCCC(=O)c1c(O)ccc2c(C)cc(=O)oc12,1
P3_08544,CCCCc1cc(=O)oc2cc(OC(C)=O)ccc12,1
P3_08545,CCCCc1cc(=O)oc2cc(C)cc([O-])c12,0
P3_08546,CCCC[N@H+](C)Cc1cc(=O)oc2cc(O)ccc12,1
P3_08547,CCCC[N@@H+](C)Cc1cc(=O)oc2cc(O)ccc12,1
P3_08548,CCCCc1cc(=O)oc2cc(OS(C)(=O)=O)ccc12,1
P3_08549,CCCC[N@H+](C)Cc1cc(=O)oc2cc(O)c(CC)cc12,1
P3_08550,CCCC[N@@H+](C)Cc1cc(=O)oc2cc(O)c(CC)cc12,1
P3_08551,CCCCCSCc1cc(=O)oc2cc(O)ccc12,1
P3_08552,CCCCN(Cc1cc(=O)oc2cc(O)ccc12)CC(F)(F)F,1
P3_08553,CCCCCc1coc2cc([O-])ccc2c1=O,0
P3_08554,CCCCc1c(C)c2ccc(OC)cc2oc1=O,1
P3_08555,CCCCC(=O)OCc1cc(=O)oc2cc(O)ccc12,1
P3_08556,CCCCc1cc(=O)oc2cc(C)cc(OC(C)=O)c12,0
P3_08557,CCCC[N@H+](CC)Cc1cc(=O)oc2cc(O)ccc12,1
P3_08558,CCCC[N@@H+](CC)Cc1cc(=O)oc2cc(O)ccc12,1
P3_08559,C=C[C@@H](CCCC)Oc1cc([O-])cc2oc(C)cc(=O)c12,0
P3_08560,C=C[C@H](CCCC)Oc1cc([O-])cc2oc(C)cc(=O)c12,0
P3_08561,CCCC[C@H](C)Oc1cc([O-])cc2oc(C)cc(=O)c12,0
P3_08562,CCCC[C@@H](C)Oc1cc([O-])cc2oc(C)cc(=O)c12,0
P3_08563,C=CC[C@@H](CCCC)Oc1cc([O-])cc2oc(C)cc(=O)c12,1
P3_08564,C=CC[C@H](CCCC)Oc1cc([O-])cc2oc(C)cc(=O)c12,1
P3_08565,C#C[C@H](CCCC)Oc1cc([O-])cc2oc(C)cc(=O)c12,0
P3_08566,C#C[C@@H](CCCC)Oc1cc([O-])cc2oc(C)cc(=O)c12,0
P3_08567,CCCCOC[C@@H](C)Oc1cc([O-])cc2oc(C)cc(=O)c12,1
P3_08568,CCCCOC[C@H](C)Oc1cc([O-])cc2oc(C)cc(=O)c12,1
P3_08569,CCc1cc(=O)oc2c(C)c(O)ccc12,1
P3_08570,C=C[C@@H](CCC)Oc1cc([O-])cc2oc(C)cc(=O)c12,1
P3_08571,C=C[C@H](CCC)Oc1cc([O-])cc2oc(C)cc(=O)c12,1
P3_08572,C#C[C@H](CCCC)Oc1cc([O-])cc2occc(=O)c12,1
P3_08573,C#C[C@@H](CCCC)Oc1cc([O-])cc2occc(=O)c12,1
P3_08574,CCC(C)(C)[C@H](C)[NH2+]Cc1cc(=O)oc2c(C)c(O)ccc12,1
P3_08575,CCC(C)(C)[C@@H](C)[NH2+]Cc1cc(=O)oc2c(C)c(O)ccc12,1
P3_08576,CCC[C@@H](C)Oc1cc([O-])cc2oc(C)cc(=O)c12,0
P3_08577,CCCC(CCC)Oc1cc(OC)cc2oc(C)cc(=O)c12,0
P3_08578,CCC[C@H](C)Oc1cc([O-])cc2oc(C)cc(=O)c12,0
P3_08579,C=CC[C@@H](CCC)Oc1cc([O-])cc2oc(C)cc(=O)c12,1
P3_08580,C=CC[C@H](CCC)Oc1cc([O-])cc2oc(C)cc(=O)c12,1
P3_08581,C=CCC[C@@H](CC)Oc1cc([O-])cc2oc(C)cc(=O)c12,1
P3_08582,C=CCC[C@H](CC)Oc1cc([O-])cc2oc(C)cc(=O)c12,1
P3_08583,CCC[C@H](CC)Oc1cc([O-])cc2oc(C)cc(=O)c12,0
P3_08584,CCC[C@@H](CC)Oc1cc([O-])cc2oc(C)cc(=O)c12,0
P3_08585,C=C[C@H](CC)Oc1cc([O-])cc2oc(C)cc(=O)c12,0
P3_08586,C=C[C@@H](CC)Oc1cc([O-])cc2oc(C)cc(=O)c12,0
P3_08587,CCC(CC)Oc1cc([O-])cc2oc(C)cc(=O)c12,0
P3_08588,CCC(CC)SCc1cc(=O)oc2cc(O)ccc12,0
P3_08589,CCC[C@@H](Oc1cc([O-])cc2oc(C)cc(=O)c12)C(C)(C)C,0
P3_08590,CCCc1cc(=O)oc2cc(OC[C@H](O)C(C)C)ccc12,1
P3_08591,CC[C@@H](C)[N@@H+](CC)Cc1cc(=O)oc2c(C)c(O)ccc12,1
P3_08592,CC[C@@H](C)[N@H+](CC)Cc1cc(=O)oc2c(C)c(O)ccc12,1
P3_08593,CCCc1cc(=O)oc2cc(OC[C@@H](O)C(C)C)ccc12,1
P3_08594,CCC[C@H](Oc1cc([O-])cc2oc(C)cc(=O)c12)C(C)(C)C,0
P3_08595,CC[C@H](C)[N@H+](CC)Cc1cc(=O)oc2c(C)c(O)ccc12,1
P3_08596,CC[C@H](C)[N@@H+](CC)Cc1cc(=O)oc2c(C)c(O)ccc12,1
P3_08597,CCC(CC)Oc1cc(OC)cc2oc(C)cc(=O)c12,1
P3_08598,CC[C@@H](C)Oc1cc([O-])cc2oc(C)cc(=O)c12,0
P3_08599,CC[C@H](C)Oc1cc([O-])cc2oc(C)cc(=O)c12,0
P3_08600,C#C[C@@H](CCC)Oc1cc([O-])cc2oc(C)cc(=O)c12,0
P3_08601,C#C[C@H](CCC)Oc1cc([O-])cc2oc(C)cc(=O)c12,0
P3_08602,CCCOC[C@@H](C)Oc1cc([O-])cc2oc(C)cc(=O)c12,0
P3_08603,CCCOC[C@H](C)Oc1cc([O-])cc2oc(C)cc(=O)c12,0
P3_08604,C#C[C@@H](CCC)Oc1cc(OC)cc2oc(C)cc(=O)c12,1
P3_08605,C#C[C@H](CCC)Oc1cc(OC)cc2oc(C)cc(=O)c12,1
P3_08606,CC[C@@H](C)[C@@H](C)Oc1cc([O-])cc2oc(C)cc(=O)c12,0
P3_08607,CC[C@@H](C)[C@H](C)Oc1cc([O-])cc2oc(C)cc(=O)c12,0
P3_08608,CC[C@H](C)[C@H](C)Oc1cc([O-])cc2oc(C)cc(=O)c12,0
P3_08609,CC[C@H](C)[C@@H](C)Oc1cc([O-])cc2oc(C)cc(=O)c12,0
P3_08610,CCC(CC)(CC)[NH2+]Cc1cc(=O)oc2c(C)c(O)ccc12,1
P3_08611,CCc1ccc2c(C[N@@H+](C)CCCO)cc(=O)oc2c1,1
P3_08612,CCc1ccc2c(C[N@H+](C)CCCO)cc(=O)oc2c1,1
P3_08613,C=CCC(CC=C)Oc1cc([O-])cc2oc(C)cc(=O)c12,0
P3_08614,CCO[C@H](C)COc1cc([O-])cc2oc(C)cc(=O)c12,0
P3_08615,CC[C@H](COC)Oc1cc([O-])cc2oc(C)cc(=O)c12,0
P3_08616,CCO[C@@H](C)COc1cc([O-])cc2oc(C)cc(=O)c12,0
P3_08617,CCC(CC)[N@H+](CC)Cc1cc(=O)oc2c(C)c(O)ccc12,1
P3_08618,CCC(CC)[N@@H+](CC)Cc1cc(=O)oc2c(C)c(O)ccc12,1
P3_08619,CCC(=O)c1ccc(Br)cc1NC(=O)c1cccc(Cl)c1,1
P3_08620,Cc1ccc(Br)cc1NC(=O)c1cccc(Cl)c1,1
P3_08621,O=C(Nc1cc(Br)ccc1O)c1cccc(Cl)c1,1
P3_08622,CC(=O)Nc1ccc(Br)cc1NC(=O)c1cccc(Cl)c1,1
P3_08623,Cc1cc(Br)ccc1NC(=O)c1cccc(Cl)c1,1
P3_08624,O=C(Nc1ccc(Br)cc1Br)c1cccc(Cl)c1,1
P3_08625,O=C(Nc1ccc(Br)cc1Cl)c1cccc(Cl)c1,1
P3_08626,O=C(Nc1ccc(Br)cc1O)c1cccc(Cl)c1,1
P3_08627,CC[C@@H](O)c1cc(Cl)ccc1NC(=O)c1ccccc1,1
P3_08628,CC[C@H](O)c1cc(Cl)ccc1NC(=O)c1ccccc1,1
P3_08629,Nc1cc(Br)ccc1NC(=O)c1cccc(Cl)c1,1
P3_08630,CC[C@@H](C)c1ccccc1NC(=O)c1cccc(Cl)c1,1
P3_08631,CC[C@H](C)c1ccccc1NC(=O)c1cccc(Cl)c1,1
P3_08632,CS(=O)(=O)c1cc(Br)ccc1NC(=O)c1cccc(Cl)c1,1
P3_08633,Cc1ccc(Cl)cc1NC(=O)c1cccc(Br)c1,0
P3_08634,Cc1cc(Cl)ccc1NC(=O)c1cccc(Br)c1,1
P3_08635,O=C(Nc1ccc(Cl)cc1Cl)c1cccc(Br)c1,0
P3_08636,O=C(Nc1cc(Cl)ccc1Cl)c1cccc(Br)c1,1
P3_08637,O=C(Nc1ccc(Br)cc1Cl)c1cccc(Br)c1,1
P3_08638,O=C(Nc1ccc(Cl)cc1O)c1cccc(Br)c1,1
P3_08639,CC(C)c1ccccc1NC(=O)c1cccc(Cl)c1,0
P3_08640,O=C(Nc1cc(Cl)ccc1O)c1cccc(Br)c1,1
P3_08641,CC(=O)Nc1cc(Cl)ccc1NC(=O)c1cccc(Br)c1,1
P3_08642,CC(=O)Nc1ccc(Cl)cc1NC(=O)c1cccc(Br)c1,1
P3_08643,Cc1cccc(C(=O)Nc2cc(Br)ccc2Cl)c1,1
P3_08644,Cc1ccc(NC(=O)c2cccc(Cl)c2)c(Br)c1,0
P3_08645,Nc1cc(Cl)ccc1NC(=O)c1cccc(Br)c1,0
P3_08646,CNC(=O)c1cccc(C(=O)Nc2cc(Br)ccc2Cl)c1,1
P3_08647,CN(C)c1ccc(Cl)cc1NC(=O)c1cccc(Br)c1,0
P3_08648,CC[C@H](C)NC(=O)c1ccccc1NC(=O)c1cccc(Cl)c1,1
P3_08649,CC[C@@H](C)NC(=O)c1ccccc1NC(=O)c1cccc(Cl)c1,1
P3_08650,CCc1cc(O)ccc1NC(=O)c1cccc(Cl)c1,1
P3_08651,CCc1cc(I)ccc1NC(=O)c1cccc(Cl)c1,1
P3_08652,Cc1cc(NC(=O)c2cccc(Cl)c2)c(C(C)C)cc1O,1
P3_08653,NC(=O)c1ccc(Cl)cc1NC(=O)c1cccc(Br)c1,0
P3_08654,CCc1ccc(O)c(NC(=O)c2cccc(Cl)c2)c1,1
P3_08655,Cc1ccc(NC(=O)c2cccc(Br)c2)c(Cl)c1,0
P3_08656,Cc1cc(Br)ccc1NC(=O)c1cccc(Br)c1,0
P3_08657,Cc1ccc(Cl)cc1NC(=O)c1cccc(Cl)c1,1
P3_08658,CC[C@@H](C)c1ccc(NC(=O)c2cccc(Cl)c2)cc1,1
P3_08659,CCOc1ccc(Br)cc1NC(=O)c1cccc(C)c1,0
P3_08660,CC[C@H](C)c1ccc(NC(=O)c2cccc(Cl)c2)cc1,1
P3_08661,O=C(Nc1cc(Cl)ccc1C(=O)[O-])c1cccc(Br)c1,1
P3_08662,CCOc1ccc(Br)cc1NC(=O)c1cccc(C(=O)NC)c1,0
P3_08663,Cc1ccccc1NC(=O)c1cccc(Cl)c1,1
P3_08664,CCc1cc(N)ccc1NC(=O)c1cccc(Cl)c1,0
P3_08665,O=C(Nc1ccc(Cl)cc1C(=O)[O-])c1cccc(Br)c1,1
P3_08666,CC(C)C(O)c1ccccc1NC(=O)c1cccc(Br)c1,1
P3_08667,Cc1cc(Cl)ccc1NC(=O)c1cccc(Cl)c1,1
P3_08668,Cc1cc(Br)c(O)c(NC(=O)c2cccc(Cl)c2)c1,1
P3_08669,CCc1cccc(C(C)C)c1NC(=O)c1cccc(Cl)c1,1
P3_08670,CN(C)c1cccc(C(=O)Nc2cc(Br)ccc2Cl)c1,1
P3_08671,CCc1cc(C(=O)[O-])ccc1NC(=O)c1cccc(Cl)c1,0
P3_08672,CC[C@H](C)NC(=O)c1cccc(NC(=O)c2cccc(Cl)c2)c1,1
P3_08673,CC[C@@H](C)NC(=O)c1cccc(NC(=O)c2cccc(Cl)c2)c1,1
P3_08674,COc1cccc(C(=O)Nc2cc(Br)ccc2Cl)c1,1
P3_08675,CC(O)c1cc(Br)ccc1NC(=O)c1cccc(C(=O)O)c1,0
P3_08676,Nc1ccc(NC(=O)c2cccc(Cl)c2)c(Br)c1,0
P3_08677,Cc1cccc(C(=O)Nc2ccc(Br)cc2Cl)c1,0
P3_08678,Cc1cccc(C(=O)Nc2cc(Br)ccc2F)c1,0
P3_08679,O=C(Nc1ccc(F)cc1Br)c1cccc(Cl)c1,0
P3_08680,CC[C@@H](O)CNC(=O)c1ccccc1NC(=O)c1cccc(Br)c1,1
P3_08681,CC[C@H](O)CNC(=O)c1ccccc1NC(=O)c1cccc(Br)c1,1
P3_08682,CCC(O)CNC(=O)c1ccccc1NC(=O)c1cccc(Br)c1,1
P3_08683,CC[C@@H](O)c1cc(Cl)ccc1NC(=O)c1ccccc1Cl,1
P3_08684,CC[C@H](O)c1cc(Cl)ccc1NC(=O)c1ccccc1Cl,1
P3_08685,Cc1cc(O)c(C(C)C)cc1NC(=O)c1cccc(Cl)c1,0
P3_08686,CCc1cc(C(=O)OC)ccc1NC(=O)c1cccc(Cl)c1,1
P3_08687,CCC(=O)Nc1ccc(Cl)c(NC(=O)c2cccc(Cl)c2)c1,1
P3_08688,CCc1cc(Br)ccc1NC(=O)c1cccc(C)c1,0
P3_08689,CCc1cc(Br)ccc1NC(=O)c1cccc(O)c1,1
P3_08690,CCc1cc(Br)ccc1NC(=O)c1cccc(C(C)=O)c1,1
P3_08691,CC(=O)Nc1ccc(Cl)cc1NC(=O)c1cccc(Cl)c1,1
P3_08692,CC(=O)Nc1cc(Cl)ccc1NC(=O)c1cccc(Cl)c1,1
P3_08693,Cc1cccc(C(=O)Nc2cc(Br)ccc2C)c1,0
P3_08694,O=C(Nc1ccc(Cl)cc1O)c1cccc(Cl)c1,1
P3_08695,CCOc1cc(Br)ccc1NC(=O)c1cccc(C(=O)NC)c1,0
P3_08696,CCOc1cc(Br)ccc1NC(=O)c1cccc(C)c1,0
P3_08697,CCC(=O)Nc1ccc(C)c(NC(=O)c2cccc(Cl)c2)c1,1
P3_08698,CC[C@H](C)NC(=O)c1ccccc1NC(=O)c1cccc(Br)c1,0
P3_08699,CC[C@@H](C)NC(=O)c1ccccc1NC(=O)c1cccc(Br)c1,0
P3_08700,CCOC(=O)Nc1ccc(Br)cc1NC(=O)c1cccc(C)c1,1
P3_08701,Cc1ccc(Br)cc1NC(=O)c1cccc(CO)c1,0
P3_08702,CC(C)NC(=O)c1ccc(Cl)cc1NC(=O)c1cccc(Cl)c1,1
P3_08703,CCc1cc(Br)ccc1NC(=O)c1cccc(F)c1,0
P3_08704,CCc1cc(Br)ccc1NC(=O)c1cccc(C(N)=O)c1,0
P3_08705,CC(C)c1cc(Br)ccc1NC(=O)c1cccc(O)c1,0
P3_08706,Cc1ccc(CO)cc1NC(=O)c1cccc(Cl)c1,0
P3_08707,Cc1ccc(Br)cc1NC(=O)c1cccc(O)c1,0
P3_08708,Cc1cccc(C(=O)Nc2cc(Br)ccc2O)c1,0
P3_08709,CC(=O)c1cccc(C(=O)Nc2cc(Br)ccc2C)c1,0
P3_08710,CSc1ccc(Cl)cc1NC(=O)c1cccc(Cl)c1,0
P3_08711,CNC(=O)c1cccc(C(=O)Nc2cc(Br)ccc2C)c1,0
P3_08712,CC(=O)c1cccc(C(=O)Nc2cc(Br)ccc2O)c1,1
P3_08713,Cc1cc(O)ccc1NC(=O)c1cccc(Cl)c1,1
P3_08714,Cc1ccc(O)c(NC(=O)c2cccc(Cl)c2)c1,1
P3_08715,CCc1cc(Br)ccc1NC(=O)c1cccc(Cl)c1,1
P3_08716,COc1ccc(Br)cc1NC(=O)c1cccc(Cl)c1,1
P3_08717,Cc1ccc(Br)cc1NC(=O)c1cccc(Br)c1,0
P3_08718,CC[C@H](O)c1ccccc1NC(=O)c1ccccc1,1
P3_08719,CC[C@@H](O)c1ccccc1NC(=O)c1ccccc1,1
P3_08720,CC[C@@H](C)c1ccccc1NC(=O)c1cccc(Br)c1,0
P3_08721,CC[C@H](C)c1ccccc1NC(=O)c1cccc(Br)c1,0
P3_08722,Cc1cc(Br)cc(C)c1NC(=O)c1cccc(Cl)c1,1
P3_08723,CCc1cccc(C(=O)Nc2cc(Br)ccc2O)c1,1
P3_08724,CCOc1ccc(Br)cc1NC(=O)c1cccc(C(C)=O)c1,1
P3_08725,CC(C)c1ccccc1NC(=O)c1cccc(Br)c1,0
P3_08726,Cc1c(CO)cccc1NC(=O)c1cccc(Cl)c1,0
P3_08727,Cc1ccc(O)cc1NC(=O)c1cccc(Cl)c1,0
P3_08728,CC(C)(C)c1ccccc1NC(=O)c1cccc(Cl)c1,1
P3_08729,Cc1ccc(I)cc1NC(=O)c1cccc(Cl)c1,1
P3_08730,CCOc1c(Br)cc(Cl)cc1NC(=O)c1cccc(N)c1,0
P3_08731,CCOc1ccc(Br)cc1NC(=O)c1cccc(COC)c1,0
P3_08732,Cc1ccc(F)cc1NC(=O)c1cccc(Cl)c1,1
P3_08733,Cc1ccc(Br)cc1NC(=O)c1cccc(F)c1,0
P3_08734,CC[C@@H](O)c1ccccc1NC(=O)c1ccccc1Br,1
P3_08735,O=C(Nc1cc(F)ccc1Cl)c1cccc(Br)c1,1
P3_08736,Cc1ccc(N)cc1NC(=O)c1cccc(Cl)c1,1
P3_08737,Cc1ccc(C(=O)O)cc1NC(=O)c1cccc(Cl)c1,1
P3_08738,CC[C@H](O)c1ccccc1NC(=O)c1ccccc1Br,1
P3_08739,Cc1c(NC(=O)c2cccc(Cl)c2)ccc(C(=O)O)c1C,1
P3_08740,CC[C@H](O)c1ccccc1NC(=O)c1ccc(F)cc1,1
P3_08741,CC[C@@H](O)c1ccccc1NC(=O)c1ccc(F)cc1,1
P3_08742,Cc1ccc(Br)cc1NC(=O)c1ccc(Cl)cc1,0
P3_08743,COc1ccc(Br)cc1NC(=O)c1cc(C)cc(Cl)c1,1
P3_08744,O=C(Nc1cc(Br)ccc1O)c1cc(F)cc(Cl)c1,1
P3_08745,Cc1cc(C(=O)O)c(C)cc1NC(=O)c1cccc(Cl)c1,1
P3_08746,COc1cc(Cl)c(C)cc1NC(=O)c1cccc(Br)c1,1
P3_08747,COc1ccc(O)c(NC(=O)c2cccc(Cl)c2)c1,1
P3_08748,COc1cc(F)c(F)cc1NC(=O)c1cccc(Cl)c1,1
P3_08749,COc1ccc(I)cc1NC(=O)c1cccc(Cl)c1,1
P3_08750,COc1ccc(Br)cc1NC(=O)c1cccc(C)c1,1
P3_08751,Cc1ccc(CO)cc1NC(=O)c1cccc(Br)c1,0
P3_08752,COc1ccc(O)cc1NC(=O)c1cccc(Cl)c1,1
P3_08753,Cc1ccc(O)cc1NC(=O)c1cccc(Br)c1,0
P3_08754,Cc1cc(Br)ccc1NC(=O)c1cccc(O)c1,0
P3_08755,CC(C)(C)c1ccccc1NC(=O)c1cccc(Br)c1,0
P3_08756,Cc1cc(O)ccc1NC(=O)c1cccc(Br)c1,0
P3_08757,CCc1cc(Br)ccc1NC(=O)c1cccc(COC)c1,0
P3_08758,Cc1ccc(C(F)(F)F)cc1NC(=O)c1cccc(Cl)c1,1
P3_08759,CCc1cc(Br)ccc1NC(=O)c1ccc(O)c(Cl)c1,1
P3_08760,Cc1c(F)ccc(Cl)c1NC(=O)c1cccc(Br)c1,1
P3_08761,Cc1ccc(F)cc1NC(=O)c1cccc(Br)c1,0
P3_08762,CCc1ccc(C(=O)Nc2cc(Br)ccc2F)cc1,0
P3_08763,Cc1cc(O)cc(C)c1NC(=O)c1cccc(Cl)c1,1
P3_08764,Cc1cc(Cl)ccc1NC(=O)c1ccc(Br)cc1,1
P3_08765,Cc1cc(Br)ccc1NC(=O)c1ccc(Cl)cc1,1
P3_08766,CCNc1ccc(Cl)cc1NC(=O)c1cccc(C(F)F)c1,1
P3_08767,COC(=O)Cc1cccc(C(=O)Nc2cc(Br)ccc2OC)c1,0
P3_08768,Cc1ccc(CO)cc1NC(=O)c1cc(Cl)cc(Br)c1,1
P3_08769,COc1c(F)cc(F)cc1NC(=O)c1cccc(Cl)c1,0
P3_08770,C=CCCc1ccccc1NC(=O)c1cccc(Cl)c1,1
P3_08771,Cc1ccc(Br)cc1NC(=O)c1ccc(O)c(Cl)c1,1
P3_08772,COc1c(Br)cc(Cl)cc1NC(=O)c1cccc(O)c1,1
P3_08773,Cc1ccc(C(=O)Nc2cc(Br)ccc2C)cc1C,0
P3_08774,CCOCCOc1ccc(Br)cc1NC(=O)c1cccc(OC)c1,1
P3_08775,CCOCCOc1ccc(Br)cc1NC(=O)c1cccc(CO)c1,0
P3_08776,CC[C@@H](C)c1ccccc1NC(=O)c1cccc(C)c1,1
P3_08777,CC[C@H](C)c1ccccc1NC(=O)c1cccc(C)c1,1
P3_08778,Cc1ccc(Cl)cc1NC(=O)c1cccc(CO)c1,0
P3_08779,COCCOc1ccc(Br)cc1NC(=O)c1cccc(COC)c1,1
P3_08780,Cc1ccc(Cl)cc1NC(=O)c1cccc(I)c1,0
P3_08781,Cc1ccc(C(=O)Nc2cc(Br)ccc2F)cc1C,0
P3_08782,Cc1ccc(Cl)cc1NC(=O)c1cccc(O)c1,1
P3_08783,COc1ccc(Br)cc1NC(=O)c1cccc(C(F)(F)F)c1,0
P3_08784,CCOc1ccc(Br)cc1NC(=O)c1ccc(C)c(O)c1,1
P3_08785,CC[C@@H](C)c1ccccc1NC(=O)c1cccc(F)c1,0
P3_08786,CCOc1ccc(Br)cc1NC(=O)c1c(C)cccc1C,0
P3_08787,CC[C@H](C)c1ccccc1NC(=O)c1cccc(F)c1,0
P3_08788,CC(=O)Nc1ccc(Br)cc1NC(=O)c1cccc(Br)c1,1
P3_08789,CCOc1ccc(Br)cc1NC(=O)c1cccc(O)c1,1
P3_08790,CCNC(=O)c1ccc(Cl)cc1NC(=O)c1cccc(Cl)c1,1
P3_08791,CCOc1ccc(Br)cc1NC(=O)c1cccc(F)c1,1
P3_08792,CCCOc1ccc(Cl)cc1NC(=O)c1cccc(Cl)c1,1
P3_08793,CN(C)c1ccc(Cl)cc1NC(=O)c1cccc(Cl)c1,0
P3_08794,CNC(=O)c1ccc(Cl)cc1NC(=O)c1cccc(Cl)c1,0
P3_08795,CCOc1ccc(Br)cc1NC(=O)c1cccc(C#N)c1,0
P3_08796,CCN(CC)c1ccc(N)cc1NC(=O)c1cccc(Cl)c1,0
P3_08797,CC(C)Nc1ccc(Br)cc1NC(=O)c1cccc(CO)c1,0
P3_08798,CC(C)Nc1ccc(Br)cc1NC(=O)c1cccc(O)c1,1
P3_08799,COC(=O)c1ccc(Cl)cc1NC(=O)c1cccc(Cl)c1,0
P3_08800,O=C(O)Cc1ccccc1NC(=O)c1cccc(Cl)c1,1
P3_08801,CC(C)Nc1ccc(Br)cc1NC(=O)c1cccc(C(N)=O)c1,0
P3_08802,CC(=O)Nc1ccc(Br)cc1NC(=O)c1cccc(CO)c1,0
P3_08803,CC(=O)Nc1ccc(C)cc1NC(=O)c1cccc(Cl)c1,1
P3_08804,CC(=O)Nc1ccc(Br)cc1NC(=O)c1cccc(C)c1,1
P3_08805,CCOc1ccc(Br)cc1NC(=O)c1ccc(F)c(F)c1,0
P3_08806,CC(C)Oc1ccc(Br)cc1NC(=O)c1cccc(O)c1,1
P3_08807,CC(=O)c1ccc(F)cc1NC(=O)c1cccc(Cl)c1,1
P3_08808,CCOc1ccc(Cl)cc1NC(=O)c1cccc(N)c1,1
P3_08809,CN(C)c1ccc(N)cc1NC(=O)c1cccc(Cl)c1,0
P3_08810,CCNc1ccc(Cl)cc1NC(=O)c1cccc(C)c1,0
P3_08811,CCNc1ccc(Cl)cc1NC(=O)c1cccc(O)c1,0
P3_08812,CCNc1ccc(Cl)cc1NC(=O)c1cccc(F)c1,0
P3_08813,COC(=O)c1ccc(Br)cc1NC(=O)c1cccc(C(=O)[O-])c1,0
P3_08814,CCSc1ccc(Cl)cc1NC(=O)c1cccc(O)c1,0
P3_08815,COC(=O)c1ccc(OC)cc1NC(=O)c1cccc(Cl)c1,1
P3_08816,CC(=O)Nc1ccc(C)cc1NC(=O)c1cccc(Br)c1,1
P3_08817,CCN(CC)c1ccc(N)cc1NC(=O)c1cccc(Br)c1,0
P3_08818,CC(=O)Nc1ccc(Br)cc1NC(=O)c1cccc(C#N)c1,0
P3_08819,CCSc1ccc(Cl)cc1NC(=O)c1cccc(C(N)=O)c1,0
P3_08820,CCNc1ccc(Cl)cc1NC(=O)c1cccc(CO)c1,0
P3_08821,CCNC(=O)c1ccc(Cl)cc1NC(=O)c1cccc(C)c1,1
P3_08822,O=C(Nc1cc(Br)ccc1C(=O)[O-])c1cccc(F)c1,0
P3_08823,CC(=O)c1ccc(F)cc1NC(=O)c1cccc(Br)c1,0
P3_08824,CCNC(=O)c1ccc(Cl)cc1NC(=O)c1cccc(C(F)F)c1,1
P3_08825,COC(=O)c1ccc(Br)cc1NC(=O)c1cccc(N(C)C)c1,0
P3_08826,CCSc1ccc(Cl)cc1NC(=O)c1cccc(CO)c1,0
P3_08827,CCNC(=O)c1ccc(Cl)cc1NC(=O)c1cccc(F)c1,1
P3_08828,CNC(=O)c1ccc(F)cc1NC(=O)c1cccc(Br)c1,0
P3_08829,CN(C)c1ccc(N)cc1NC(=O)c1cccc(Br)c1,0
P3_08830,CC(C)Nc1ccc(Cl)cc1NC(=O)c1cccc(O)c1,1
P3_08831,CCOc1ccc(Br)cc1NC(=O)c1cc(F)cc(F)c1,1
P3_08832,CCOc1ccc(Cl)cc1NC(=O)c1cccc([N+](=O)[O-])c1,1
P3_08833,CN(C)c1ccc(Cl)cc1NC(=O)c1ccc(Br)cc1,0
P3_08834,CCOC(=O)c1ccc(F)cc1NC(=O)c1cccc(Br)c1,1
P3_08835,COC(=O)c1ccc(OC)cc1NC(=O)c1cccc(Br)c1,0
P3_08836,CC(=O)Nc1ccc(Cl)cc1NC(=O)c1cccc(C)c1,1
P3_08837,CC(=O)Nc1ccc(Br)cc1NC(=O)c1ccc(F)c(F)c1,0
P3_08838,O=C(Nc1cc(O)ccc1C(=O)[O-])c1cccc(Br)c1,0
P3_08839,CCNC(=O)c1ccc(Cl)cc1NC(=O)c1cccc(OC)c1,1
P3_08840,CNC(=O)c1ccc(Cl)cc1NC(=O)c1cccc(C(C)C)c1,1
P3_08841,CN(C)c1ccc(Cl)cc1NC(=O)c1cccc(CO)c1,0
P3_08842,CCNC(=O)c1ccc(Cl)cc1NC(=O)c1cccc(C#N)c1,1
P3_08843,CN(C)c1ccc(Cl)cc1NC(=O)c1cccc(O)c1,1
P3_08844,O=C(Nc1cc(F)ccc1C(=O)[O-])c1cccc(Br)c1,0
P3_08845,CNC(=O)c1ccc(Cl)cc1NC(=O)c1cccc(I)c1,0
P3_08846,CNC(=O)c1ccc(Cl)cc1NC(=O)c1cccc(C(C)=O)c1,1
P3_08847,CNC(=O)c1ccc(Cl)cc1NC(=O)c1cccc(C)c1,1
P3_08848,CONC(=O)c1ccc(F)cc1NC(=O)c1cccc(Br)c1,0
P3_08849,CNC(=O)c1ccc(Cl)cc1NC(=O)c1cccc(C(F)F)c1,1
P3_08850,CN(C)c1ccc(Cl)cc1NC(=O)c1cccc(C(F)F)c1,1
P3_08851,CC(C)Sc1ccc(Cl)cc1NC(=O)c1cccc(C(N)=O)c1,1
P3_08852,COC(=O)c1ccc(Cl)cc1NC(=O)c1cccc(C)c1,0
P3_08853,CC(=O)Nc1ccc(Br)cc1NC(=O)c1ccc(F)c(C)c1,0
P3_08854,CNC(=O)c1ccc(Cl)cc1NC(=O)c1cccc(C(=O)[O-])c1,1
P3_08855,CN(C)c1ccc(Cl)cc1NC(=O)c1cccc(F)c1,1
P3_08856,CNC(=O)c1ccc(Cl)cc1NC(=O)c1cccc(F)c1,1
P3_08857,CC(=O)Nc1ccc(Br)cc1NC(=O)c1ccc(C)c(C)c1,1
P3_08858,CCC(=O)c1ccc(Br)cc1NC(=O)c1ccc(OC)cc1,0
P3_08859,CC(=O)Nc1ccc(Br)cc1NC(=O)c1cc(Cl)ccc1N,1
P3_08860,CC(=O)Nc1ccc(Cl)cc1NC(=O)c1cc(F)cc(Br)c1,1
P3_08861,COc1cccc(C(=O)Nc2cc(Cl)ccc2NC(C)=O)c1,1
P3_08862,CNC(=O)c1ccc(Cl)cc1NC(=O)c1cccc(COC)c1,0
P3_08863,CNC(=O)c1ccc(Cl)cc1NC(=O)c1cc(F)cc(Br)c1,1
P3_08864,NC(=O)c1ccc(Cl)cc1NC(=O)c1cccc(C(F)F)c1,1
P3_08865,CC(=O)Nc1ccc(Cl)cc1NC(=O)c1cccc(C#N)c1,1
P3_08866,CNC(=O)c1ccc(Cl)cc1NC(=O)c1cccc(N(C)C)c1,1
P3_08867,CC(=O)Nc1ccc(Br)cc1NC(=O)c1cc(C)cc(C)c1,1
P3_08868,CNC(=O)c1ccc(Cl)cc1NC(=O)c1cccc(CC#N)c1,1
P3_08869,CN(C)c1ccc(Cl)cc1NC(=O)c1ccccc1,1
P3_08870,CC(=O)c1ccc(Br)cc1NC(=O)c1ccc(C)cc1,1
P3_08871,CN(C)c1ccc(Cl)cc1NC(=O)c1cccc(CC#N)c1,0
P3_08872,CC(=O)Nc1ccc(Br)cc1NC(=O)c1ccc(C)c(O)c1,1
P3_08873,NC(=O)c1ccc(Cl)cc1NC(=O)c1cccc(F)c1,1
P3_08874,NC(=O)c1ccc(Cl)cc1NC(=O)c1cccc(C(=O)[O-])c1,1
P3_08875,CCNc1ccc(Cl)cc1NC(=O)c1ccc(F)c(F)c1,0
P3_08876,CC(=O)Nc1ccc(Br)cc1NC(=O)c1ccc(O)c(C)c1,1
P3_08877,CCOc1cc(Cl)ccc1NC(=O)c1cccc(Cl)c1,1
P3_08878,CCC(=O)Nc1cccc(NC(=O)c2cccc(Cl)c2)c1C,0
P3_08879,CCOc1cc(F)ccc1NC(=O)c1cccc(Cl)c1,1
P3_08880,CCOc1ccc(Br)cc1NC(=O)c1cccc(C(=O)[O-])c1,0
P3_08881,CC(=O)Nc1cccc(NC(=O)c2cccc(Cl)c2)c1C,0
P3_08882,CC(C)Oc1ccccc1NC(=O)c1cccc(Cl)c1,1
P3_08883,CCc1cc(Br)ccc1NC(=O)c1cccc(C(=O)[O-])c1,0
P3_08884,Cc1c(F)cccc1NC(=O)c1cccc(Cl)c1,0
P3_08885,C[C@@H](O)c1ccc(NC(=O)c2cccc(Cl)c2)cc1,1
P3_08886,C[C@H](O)c1ccc(NC(=O)c2cccc(Cl)c2)cc1,1
P3_08887,CCOc1cc(Br)ccc1NC(=O)c1cccc(C(=O)[O-])c1,0
P3_08888,CCc1cc(Br)ccc1NC(=O)c1cccc(C(=O)OC)c1,0
P3_08889,C[C@H](O)c1cccc(NC(=O)c2cccc(Cl)c2)c1,1
P3_08890,C[C@@H](O)c1cccc(NC(=O)c2cccc(Cl)c2)c1,1
P3_08891,Cc1cc(F)ccc1NC(=O)c1cccc(Cl)c1,1
P3_08892,CC(C)c1ccc(NC(=O)c2cccc(Cl)c2)cc1,1
P3_08893,CCCOc1cc(C)ccc1NC(=O)c1cccc(Cl)c1,1
P3_08894,CCOc1cc(C)ccc1NC(=O)c1cccc(Br)c1,0
P3_08895,CCc1cc(Br)ccc1NC(=O)c1cccc(OC)c1,1
P3_08896,CCCOc1cc(F)ccc1NC(=O)c1cccc(Cl)c1,1
P3_08897,COCCOc1c(Cl)cccc1NC(=O)c1cccc(Cl)c1,1
P3_08898,CCOc1cc(F)ccc1NC(=O)c1cccc(Br)c1,0
P3_08899,Cc1c(F)cccc1NC(=O)c1cccc(Br)c1,0
P3_08900,CCOc1cc(Cl)ccc1NC(=O)c1cccc(F)c1,1
P3_08901,CC(C)Oc1cc(F)ccc1NC(=O)c1cccc(Cl)c1,1
P3_08902,CCc1cc(Br)ccc1NC(=O)c1cccc([N+](=O)[O-])c1,1
P3_08903,Cc1ccc(Br)cc1NC(=O)c1cccc(NC(N)=O)c1,1
P3_08904,COc1cc(F)ccc1NC(=O)c1cccc(Cl)c1,0
P3_08905,CCOCCOc1ccc(Br)cc1NC(=O)c1cccc(C)c1,1
P3_08906,Cc1ccc(Cl)cc1NC(=O)c1ccc(Br)cc1,0
P3_08907,COCCOc1ccc(Br)cc1NC(=O)c1cccc(C)c1,1
P3_08908,CC(C)Oc1ccc(C(=O)[O-])cc1NC(=O)c1cccc(Cl)c1,1
P3_08909,CCOc1ccc(Br)cc1NC(=O)c1ccc(F)c(OC)c1,0
P3_08910,CCOc1ccc(Br)cc1NC(=O)c1ccc(Br)c(O)c1,1
P3_08911,CCOc1ccc(Br)cc1NC(=O)c1ccc(C)cc1,0
P3_08912,CCOc1cc(Cl)ccc1NC(=O)c1cccc(COC)c1,1
P3_08913,CC(=O)Nc1ccc(NC(=O)c2cccc(Cl)c2)c(C(F)(F)F)c1,1
P3_08914,CCOc1ccc(Br)cc1NC(=O)c1ccc(F)cc1,0
P3_08915,Cc1ccc(C(=O)N(C)C)cc1NC(=O)c1cccc(Br)c1,1
P3_08916,Cc1cc(Cl)ccc1NC(=O)c1cccc(C(=O)[O-])c1,1
P3_08917,Cc1ccc(Cl)cc1NC(=O)c1cccc(F)c1,1
P3_08918,Cc1cc(Cl)ccc1NC(=O)c1cccc(F)c1,1
P3_08919,COc1ccc(Cl)cc1NC(=O)c1ccc(Br)cc1,1
P3_08920,CCOc1ccc(Br)cc1NC(=O)c1ccc(OC)c(F)c1,0
P3_08921,CCOc1ccc(Br)cc1NC(=O)c1ccc(C)c(OC)c1,0
P3_08922,CCOc1ccc(Br)cc1NC(=O)c1ccc(O)c(F)c1,1
P3_08923,CC(=O)Nc1ccc(Cl)cc1NC(=O)c1cccc(CO)c1,1
P3_08924,CCOc1ccc(Br)cc1NC(=O)c1ccc(OC)cc1,1
P3_08925,CCCOc1ccc(Cl)cc1NC(=O)c1cccc(C(=O)OC)c1,1
P3_08926,CCCOc1ccc(Cl)cc1NC(=O)c1cccc(F)c1,1
P3_08927,CCCOc1ccc(Cl)cc1NC(=O)c1cccc(C(=O)[O-])c1,1
P3_08928,COCCOc1ccc(Br)cc1NC(=O)c1ccc(Cl)c(OC)c1,1
P3_08929,Cc1cc(Cl)ccc1NC(=O)c1cccc(NC(=O)[O-])c1,1
P3_08930,CCOc1cc(Br)ccc1NC(=O)c1ccc(C)cc1,1
P3_08931,CCc1cc(Br)ccc1NC(=O)c1ccc(F)c(OC)c1,0
P3_08932,CCOc1ccc(Br)cc1NC(=O)c1ccc(NC(N)=O)cc1,1
P3_08933,CCOc1c(Cl)cccc1NC(=O)c1cccc(CO)c1,1
P3_08934,Cc1ccc(C(=O)Nc2ccc(Br)cc2C(C)C)cc1CO,0
P3_08935,CCOc1cc(Cl)ccc1NC(=O)c1ccc(Cl)cc1,1
P3_08936,Cc1ccc(Br)cc1NC(=O)c1ccc(Br)c(O)c1,1
P3_08937,CCOc1ccc(Br)cc1NC(=O)c1ccc(C(=O)[O-])c(F)c1,0
P3_08938,CCOc1cc(Br)ccc1NC(=O)c1ccc(F)cc1,0
P3_08939,Cc1ccc(Cl)cc1NC(=O)c1cccc(NC(=O)[O-])c1,1
P3_08940,CSc1ccc(Cl)cc1NC(=O)c1cccc(F)c1,1
P3_08941,CCOc1cc(Br)ccc1NC(=O)c1ccc(C)c(OC)c1,0
P3_08942,CCOc1ccc(Br)cc1NC(=O)c1ccc(CC(N)=O)cc1,0
P3_08943,CCOc1ccc(Br)cc1NC(=O)c1cc(O)cc(F)c1,1
P3_08944,CC(C)c1ccccc1NC(=O)c1cccc(CO)c1,0
P3_08945,COc1ccc2c(c1)O[C@H](c1ccccc1)CC2=O,1
P3_08946,COC(=O)[C@@H](C)Oc1ccc2c(c1)O[C@H](c1ccccc1)CC2=O,1
P3_08947,C#CC(C#C)Oc1ccc2c(c1)O[C@H](c1ccccc1)CC2=O,1
P3_08948,Cc1c(O)c(C)c2c(c1O)C(=O)C[C@@H](c1ccccc1)O2,1
P3_08949,C=C[C@H](Oc1ccc2c(c1)O[C@H](c1ccccc1)CC2=O)C(=O)OC,1
P3_08950,C=C[C@@H](Oc1ccc2c(c1)O[C@H](c1ccccc1)CC2=O)C(=O)OC,1
P3_08951,CC[C@H](O)C(=O)Oc1ccc2c(c1)O[C@H](c1ccccc1)CC2=O,1
P3_08952,CC[C@@H](O)C(=O)Oc1ccc2c(c1)O[C@H](c1ccccc1)CC2=O,1
P3_08953,C[C@H](CS)Oc1ccc2c(c1)O[C@H](c1ccccc1)CC2=O,0
P3_08954,C[C@@H](CS)Oc1ccc2c(c1)O[C@H](c1ccccc1)CC2=O,0
P3_08955,C#C[C@H](C)Oc1ccc2c(c1)O[C@H](c1ccccc1)CC2=O,1
P3_08956,C#C[C@@H](C)Oc1ccc2c(c1)O[C@H](c1ccccc1)CC2=O,1
P3_08957,COc1cc(C)cc2c1O[C@H](c1ccccc1)CC2=O,0
P3_08958,COc1cc(OC)c2c(c1/C=C/C(C)(C)O)O[C@H](c1ccccc1)CC2=O,0
P3_08959,C[C@@H](CON)Oc1ccc2c(c1)O[C@H](c1ccccc1)CC2=O,1
P3_08960,C[C@H](CON)Oc1ccc2c(c1)O[C@H](c1ccccc1)CC2=O,1
P3_08961,COc1ccc2c(c1OC)O[C@H](c1ccccc1)CC2=O,0
P3_08962,C#C[C@@H](CC)Oc1ccc2c(c1)O[C@H](c1ccccc1)CC2=O,1
P3_08963,C#C[C@H](CC)Oc1ccc2c(c1)O[C@H](c1ccccc1)CC2=O,1
P3_08964,C#CC[C@H](C)Oc1ccc2c(c1)O[C@H](c1ccccc1)CC2=O,1
P3_08965,C#CC[C@@H](C)Oc1ccc2c(c1)O[C@H](c1ccccc1)CC2=O,1
P3_08966,COc1ccc2c(c1/C=C/C(C)(C)O)O[C@H](c1ccccc1)CC2=O,1
P3_08967,COc1ccc(C(=O)Nc2ccc(-c3nc4ccccc4[nH]3)cc2)cc1,1
P3_08968,Cc1cccc(C(=O)Nc2ccc(-c3nc4ccccc4[nH]3)cc2)c1,1
P3_08969,O=C(Nc1ccc(-c2nc3ccccc3[nH]2)cc1)c1ccccc1,1
P3_08970,COc1cc(C(=O)Nc2ccc(-c3nc4ccccc4[nH]3)cc2)ccc1C,1
P3_08971,CN(C)c1cccc(C(=O)Nc2ccc(-c3nc4ccccc4[nH]3)cc2)c1,1
P3_08972,Cc1ccc(C(=O)Nc2ccc(-c3nc4ccccc4[nH]3)cc2)cc1,1
P3_08973,COc1ccccc1C(=O)Nc1ccc(-c2nc3ccccc3[nH]2)cc1,1
P3_08974,COCc1ccc(C(=O)Nc2ccc(-c3nc4ccccc4[nH]3)cc2)cc1,1
P3_08975,CCOc1ccc(C(=O)Nc2ccc(-c3nc4ccccc4[nH]3)cc2)cc1,1
P3_08976,O=C(Nc1ccc(-c2nc3ccccc3[nH]2)cc1)c1ccc(F)cc1,1
P3_08977,CN(C)c1ccc(C(=O)Nc2ccc(-c3nc4ccccc4[nH]3)cc2)cc1,1
P3_08978,COc1ccc(C(=O)Nc2ccc(-c3nc4cc(C)ccc4[nH]3)cc2)cc1,1
P3_08979,COc1ccc(C(=O)Nc2ccc(-c3nc4ccc(C)cc4[nH]3)cc2)cc1,1
P3_08980,C[C@@H](O)Cc1cccc(F)c1Br,0
P3_08981,C[C@H](O)Cc1cccc(F)c1Br,0
P3_08982,CC(C)CNC(=O)c1ccc(O)c(C(=O)O)c1,0
P3_08983,CC(O)CC(C)NC(=O)c1ccc(O)c(F)c1F,1
P3_08984,C[C@@H](O)CN(C)Cc1ccc(C(=O)O)cc1,0
P3_08985,CC(O)CN(C)Cc1ccc(C(=O)O)cc1,0
P3_08986,CC(C)Cc1ccc(F)c(C(=O)[O-])c1F,0
P3_08987,C[C@H](O)CN(C)Cc1ccc(C(=O)O)cc1,0
P3_08988,C[C@@H](O)Cc1c(Cl)cccc1Cl,0
P3_08989,C[C@H](O)Cc1c(Cl)cccc1Cl,0
P3_08990,CC(C)CC(=O)NC(C)c1ccc(O)c(C(=O)O)c1,0
P3_08991,CC(O)CC(=O)NC(C)Cc1ccc(O)cc1,1
P3_08992,CCC(=O)Cc1ccc(O)c(F)c1F,0
P3_08993,CC(C)(C)C(=O)Cc1ccc(O)c(F)c1F,0
P3_08994,CC(O)CCN(C)Cc1cc(Br)ccc1C(=O)O,0
P3_08995,C[C@H](O)CCN(C)Cc1cc(Br)ccc1C(=O)O,0
P3_08996,CCC(CC(C)O)NC(=O)c1ccc(O)c(F)c1F,0
P3_08997,CC(O)CC(C)CNC(=O)c1cccc(O)c1Cl,1
P3_08998,CC(C)OCCc1ccc(O)c(F)c1F,1
P3_08999,COC(=O)[C@H](C(C)C)N(C)Cc1ccc(O)c(F)c1F,0
P3_09000,Cc1ccc(CNC(=O)C[C@H](C)O)c(F)c1F,0
P3_09001,Cc1ccc(CNC(=O)C[C@@H](C)O)c(F)c1F,0
P3_09002,CC(=O)c1ccc(O)c(O[C@H](C)CCC(C)C)c1O,0
P3_09003,CC(=O)c1ccc(O)c(O[C@@H](C)CCC(C)C)c1O,0
P3_09004,C[C@H](O)CN(C)Cc1cccc(C(=O)O)c1,0
P3_09005,C[C@@H](O)CN(C)Cc1cccc(C(=O)O)c1,0
P3_09006,CC(O)CN(C)Cc1cccc(C(=O)O)c1,0
P3_09007,CCCc1ccc(OC[C@@H](C)O)c(C(C)=O)c1O,1
P3_09008,CCCc1ccc(OC[C@H](C)O)c(C(C)=O)c1O,1
P3_09009,COc1cccc(O)c1C(=O)OCCC(C)O,1
P3_09010,C=C(c1ccc(O)c(C(C)=O)c1)[C@@H](C)O,0
P3_09011,CCCCN(C)Cc1ccc(F)c(C(=O)O)c1F,0
P3_09012,Cc1c(Br)ccc(O)c1C(=O)OCCO,0
P3_09013,Cc1ccc(Cl)c(O)c1C(=O)OCC(C)C,1
P3_09014,Cc1ccc(C(C)C)c(O)c1C(=O)NC[C@H](O)CF,0
P3_09015,Cc1ccc(C(C)C)c(O)c1C(=O)NC[C@@H](O)CF,0
P3_09016,Cc1ccc(Cl)c(O)c1C(=O)OC(C)CC(C)C,0
P3_09017,Cc1c(Br)ccc(O)c1C(N)=O,0
P3_09018,Cc1cccc(O)c1C(=O)OCCO,0
P3_09019,C=C(c1ccc(C(C)=O)c(O)c1)[C@@H](C)O,1
P3_09020,Cc1ccc(Cl)c(O)c1C(=O)OCCC(C)C,0
P3_09021,Cc1ccc(Cl)c(O)c1C(=O)OCCCC(C)C,1
P3_09022,CCCc1cc(O)cc(O)c1C(=O)NCC(C)F,0
P3_09023,Cc1ccc(Cl)c(O)c1C(=O)OCCC(C)F,1
P3_09024,Cc1c(C(=O)O)ccc(F)c1C(=O)NCCC(C)C,0
P3_09025,CN(CCCF)Cc1cccc(Br)c1C(=O)O,0
P3_09026,Cc1cc(Cl)cc(C)c1C(=O)OCCC(C)O,1
P3_09027,CC[C@@H](C)Oc1cc(O)cc(O)c1C(C)=O,0
P3_09028,CC[C@H](C)Oc1cc(O)cc(O)c1C(C)=O,0
P3_09029,Cc1ccc(Cl)c(O)c1C(=O)OCCO,1
P3_09030,Cc1c(C(=O)O)ccc(F)c1C(=O)NCCC(C)F,0
P3_09031,COc1ccc(Br)c(C)c1C(=O)OCCC(C)O,0
P3_09032,CC[C@H](Oc1cc(O)cc(O)c1C(C)=O)C(C)C,0
P3_09033,CC[C@@H](Oc1cc(O)cc(O)c1C(C)=O)C(C)C,0
P3_09034,CC(C)=Cc1cccc(Cl)c1C(=O)O,1
P3_09035,C=C(C)c1cc(C)c(C(=O)O)c(C)c1,0
P3_09036,Cc1c(Br)ccc(O)c1C(=O)NC(CO)CCF,0
P3_09037,CCCc1cc(O)cc(O)c1C(=O)NCCC(C)F,0
P3_09038,CCCc1cc(O)cc(O)c1C(=O)NCC[C@H](C)F,0
P3_09039,Cc1c(Br)ccc(O)c1C(=O)NC(CCO)C(F)F,0
P3_09040,Cc1ccc(C(C)C)c(O)c1C(=O)NCCCC(C)(C)O,0
P3_09041,CCc1ccc(O)c(C(C)=O)c1O,0
P3_09042,CCCc1ccc(O)c(C(C)=O)c1O,1
P3_09043,CCc1ccc(O)c(CC)c1O,1
P3_09044,CC(=O)c1ccc(O)c(C(C)=O)c1O,1
P3_09045,CC(=O)c1c(F)cccc1N(C)CC(C)O,0
P3_09046,CC(=O)c1c(F)cccc1N(C)C[C@H](C)O,0
P3_09047,CC(=O)c1c(F)cccc1N(C)C[C@@H](C)O,0
P3_09048,C[C@@H](O)CN(C)c1cccc(F)c1C(N)=O,0
P3_09049,CC(O)CN(C)c1cccc(F)c1C(N)=O,0
P3_09050,C[C@H](O)CN(C)c1cccc(F)c1C(N)=O,0
P3_09051,CCCc1c(O)ccc(C(C)=O)c1O,0
P3_09052,CCCc1c(O)ccc(C(=O)CC)c1O,1
P3_09053,COc1c(O)ccc(C(C)=O)c1O,0
P3_09054,C=C(c1ccc(O)cc1CC(=O)OC)[C@@H](C)O,1
P3_09055,CCC(=O)Nc1ccc(F)c(F)c1C(=O)O,0
P3_09056,CCOC(=O)c1ccc(O)c(C)c1C,1
P3_09057,C=CCc1ccc(OC)c(O)c1C(=O)OCC,1
P3_09058,CCC(=O)c1ccc(Cl)c(Cl)c1O,1
P3_09059,C=CCc1c(O)ccc(C(=O)OC)c1O,1
P3_09060,Cc1ccc(C)c(C(=O)O)c1NS(C)(=O)=O,0
P3_09061,CC(=O)c1ccc(Cl)c(Cl)c1OC[C@@H](C)O,0
P3_09062,CC(=O)c1c(F)cc(F)cc1OC[C@@H](C)O,0
P3_09063,CC(=O)c1c(F)cc(F)cc1OC[C@H](C)O,0
P3_09064,CC(=O)c1ccc(Cl)c(Cl)c1OCC(C)O,0
P3_09065,CC(=O)c1ccc(Cl)c(Cl)c1OC[C@H](C)O,0
P3_09066,CC(=O)c1c(F)cc(F)cc1OCC(C)O,0
P3_09067,CC(=O)c1ccc(F)cc1OC[C@H](C)O,0
P3_09068,CC(=O)c1ccc(F)cc1OCC(C)O,0
P3_09069,CC(=O)c1ccc(F)cc1OC[C@@H](C)O,0
P3_09070,NC(=O)Cc1ccc(Cl)c(O)c1F,0
P3_09071,COc1c(Cl)ccc(O)c1C(=O)[O-],1
P3_09072,CC(=O)Nc1ccc(F)c(F)c1C(=O)O,0
P3_09073,C=C(CO)c1ccc(O)c(C(C)C)c1,1
P3_09074,CC(=O)c1ccc(Cl)c(Cl)c1O,1
P3_09075,COc1ccc(OC)c(C(C)=O)c1O,1
P3_09076,CC(C)c1cccc(F)c1C(=O)NCC(F)F,0
P3_09077,CC(=O)c1ccc(C)cc1OCCC(C)O,0
P3_09078,Cc1ccc(NS(C)(=O)=O)c(C)c1C(=O)O,0
P3_09079,CC(O)CN(C)c1cccc(C(=O)O)c1,0
P3_09080,CC(O)CCN(C)Cc1ccc(C(=O)O)cc1F,0
P3_09081,C[C@H](O)CCN(C)Cc1ccc(C(=O)O)cc1F,0
P3_09082,C[C@@H](O)CN(C)C(=O)Cc1ccc(C(=O)O)cc1Cl,0
P3_09083,C[C@H](O)CN(C)C(=O)Cc1ccc(C(=O)O)cc1Cl,0
P3_09084,CC(O)CN(C)C(=O)Cc1ccc(C(=O)O)cc1Cl,0
P3_09085,CC(O)CCN(C)Cc1ccc(C(=O)O)cc1Cl,1
P3_09086,C[C@H](O)CCN(C)Cc1ccc(C(=O)O)cc1Cl,1
P3_09087,CC(C)CN(C)C(=O)c1ccc(O)c(C(=O)O)c1,1
P3_09088,C[C@H](O)CN(C)Cc1cc(Cl)ccc1C(=O)O,1
P3_09089,C[C@@H](O)CN(C)Cc1cc(Cl)ccc1C(=O)O,1
P3_09090,CC(O)CN(C)Cc1cc(Cl)ccc1C(=O)O,1
P3_09091,CC(C)N(C)C(=O)c1ccc(O)c(C(=O)O)c1,1
P3_09092,C[C@H](O)CN(C)C(=O)Cc1ccc(C(=O)O)cc1,0
P3_09093,CC(O)CN(C)C(=O)Cc1ccc(C(=O)O)cc1,0
P3_09094,C[C@@H](O)CN(C)C(=O)Cc1ccc(C(=O)O)cc1,0
P3_09095,C[C@@H](O)CCN(C)C(=O)Cc1ccc(C(=O)O)cc1Cl,0
P3_09096,C[C@H](O)CCN(C)C(=O)Cc1ccc(C(=O)O)cc1Cl,0
P3_09097,CC(O)CCN(C)C(=O)Cc1ccc(C(=O)O)cc1Cl,0
P3_09098,CC(O)CN(C)Cc1cccc(C(=O)O)c1Cl,0
P3_09099,C[C@@H](O)CN(C)Cc1cccc(C(=O)O)c1Cl,0
P3_09100,C[C@H](O)CN(C)Cc1cccc(C(=O)O)c1Cl,0
P3_09101,C[C@H](CO)N(C)Cc1cccc(Br)c1C(=O)O,0
P3_09102,C[C@@H](CO)N(C)Cc1cccc(Br)c1C(=O)O,0
P3_09103,COC(=O)c1cc(O)c2cc(OC)c(OC)c(C(C)C)c2c1,1
P3_09104,COC(=O)c1cc(O)c2ccccc2c1O,1
P3_09105,COC(=O)c1cc2cccc(OC)c2cc1O,1
P3_09106,COc1cc2ccc(C(C)=O)c(O)c2cc1OC,1
P3_09107,COC(=O)c1ccc2cc(OC)c(OC)cc2c1,1
P3_09108,COCC(COC)Oc1cccc2cc(C(=O)OC)c(OC)cc12,1
P3_09109,C=CC(C=C)Oc1cccc2cc(C(=O)OC)c(OC)cc12,1
P3_09110,COC(=O)c1cc(O)c2ccccc2c1OC(C)C,1
P3_09111,CC[C@@H](COC)Oc1cccc2cc(C(=O)OC)c(OC)cc12,1
P3_09112,CC[C@H](COC)Oc1cccc2cc(C(=O)OC)c(OC)cc12,1
P3_09113,COC(=O)C[C@@H](C)Oc1cccc2cc(C(=O)OC)c(OC)cc12,1
P3_09114,CC[C@H](COc1cccc2cc(C(=O)OC)c(OC)cc12)OC,1
P3_09115,CC[C@@H](COc1cccc2cc(C(=O)OC)c(OC)cc12)OC,1
P3_09116,C#C[C@H](CC)Oc1cccc2cc(C(=O)OC)c(OC)cc12,0
P3_09117,CCO[C@H](C)COc1cccc2cc(C(=O)OC)c(OC)cc12,1
P3_09118,C#C[C@@H](CC)Oc1cccc2cc(C(=O)OC)c(OC)cc12,0
P3_09119,CCO[C@@H](C)COc1cccc2cc(C(=O)OC)c(OC)cc12,1
P3_09120,CCOC(=O)c1cc(O)c2c(C)ccc(OC)c2c1,1
P3_09121,C=C[C@@H](CC)Oc1c(C(=O)OC)cc(O)c2ccccc12,1
P3_09122,C=C[C@H](CC)Oc1c(C(=O)OC)cc(O)c2ccccc12,1
P3_09123,COc1ccc2cc(C(C)=O)c(OC)cc2c1,0
P3_09124,CC#C[C@H](CC)Oc1c(C(=O)OC)cc(O)c2ccccc12,1
P3_09125,CC#C[C@@H](CC)Oc1c(C(=O)OC)cc(O)c2ccccc12,1
P3_09126,C#C[C@H](CCC)Oc1c(C(=O)OC)cc(O)c2ccccc12,1
P3_09127,C#C[C@@H](CCC)Oc1c(C(=O)OC)cc(O)c2ccccc12,1
P3_09128,CCOC(=O)c1cc(O)c2ccccc2c1O,1
P3_09129,CC(C)OC(=O)c1cc(O)c2ccccc2c1O,1
P3_09130,CCOC(=O)c1ccc2cc(OC)c(OC)cc2c1,1
P3_09131,CCCOC(=O)c1cc(O)c2ccccc2c1O,1
P3_09132,COc1c(O)c(Br)c2ccccc2c1Br,1
P3_09133,CC(C)COC(=O)c1cc(O)c2ccccc2c1O,1
P3_09134,COc1ccc2cc(O)c(C(=O)[O-])cc2c1,1
P3_09135,CC[C@@H](C)OC(=O)c1cc(O)c2ccccc2c1O,1
P3_09136,CC[C@H](C)OC(=O)c1cc(O)c2ccccc2c1O,1
P3_09137,CC(C)=CCOC(=O)c1cc(O)c2ccccc2c1O,1
P3_09138,CC(C)CCOC(=O)c1cc(O)c2ccccc2c1O,1
P3_09139,COc1cc2ccc(C(=O)OCCCCCCO)cc2cc1OC,1
P3_09140,COc1cc(OC)c2c(O)cc(O)cc2c1,1
P3_09141,COc1cc2ccc(C(=O)OCCC[C@@H](C)O)cc2cc1OC,1
P3_09142,COc1cc2ccc(C(=O)OCCC[C@H](C)O)cc2cc1OC,1
P3_09143,COC(=O)[C@H](C)N(C)C(=O)c1cc2cc(OC)ccc2cc1O,1
P3_09144,C=C(Cl)COC(=O)c1cc(O)c2ccccc2c1O,1
P3_09145,C=C(Br)COC(=O)c1cc(O)c2ccccc2c1O,1
P3_09146,COc1ccc2cc(O)c(C(=O)N(C)C(C)(C)C)cc2c1,1
P3_09147,COc1ccc2cc(O)c(C(=O)N(C)C(C)C)cc2c1,1
P3_09148,O=C(OC/C=C\Cl)c1cc(O)c2ccccc2c1O,1
P3_09149,COC(=O)CCCCCNC(=O)c1cc2cc(OC)ccc2cc1O,1
P3_09150,CO[C@@H](C)CNC(=O)c1cc2cccc(O)c2cc1O,0
P3_09151,CCCN(CCOC)C(=O)c1cc2cc(OC)ccc2cc1O,0
P3_09152,COc1ccc2cc(O)c(C(=O)N(C(C)C)C(C)(C)C[NH3+])cc2c1,1
P3_09153,COCCN(C(=O)c1cc2cc(OC)ccc2cc1O)C(C)C,1
P3_09154,CC[C@H](C)Oc1c(C(C)=O)c(C)cc2cc(OC)cc(O)c12,1
P3_09155,CC[C@@H](C)Oc1c(C(C)=O)c(C)cc2cc(OC)cc(O)c12,1
P3_09156,CCOC(=O)c1c(O)c(Br)c2ccccc2c1O,1
P3_09157,COC[C@H](C)Oc1c(C(C)=O)c(C)cc2cc(OC)cc(O)c12,0
P3_09158,C#C[C@H](C)Oc1c(C(C)=O)c(C)cc2cc(OC)cc(O)c12,1
P3_09159,C#C[C@@H](C)Oc1c(C(C)=O)c(C)cc2cc(OC)cc(O)c12,1
P3_09160,COc1ccc2cc(O)c(C(=O)N(C[C@@H](O)CO)C(C)(C)C)cc2c1,1
P3_09161,CN(C)C(=O)c1cc2cccc(O)c2cc1O,1
P3_09162,CC[C@@H](O)C[NH2+][C@@H](C)c1ccc2cc(OC)c(OC)cc2c1,1
P3_09163,CC[C@@H](O)C[NH2+][C@H](C)c1ccc2cc(OC)c(OC)cc2c1,1
P3_09164,CC[C@H](O)C[NH2+][C@H](C)c1ccc2cc(OC)c(OC)cc2c1,1
P3_09165,C[C@H](N(C)C(=O)c1ccc2ccc(O)cc2c1O)C(C)(C)C,1
P3_09166,CC[C@H](O)C[NH2+][C@@H](C)c1ccc2cc(OC)c(OC)cc2c1,1
P3_09167,C[C@@H](N(C)C(=O)c1ccc2ccc(O)cc2c1O)C(C)(C)C,1
P3_09168,C#C[C@H](C)N(C)C(=O)c1cc(Cl)c2ccccc2c1O,1
P3_09169,CC[C@H](C)[C@H](O)C[NH2+][C@H](C)c1ccc2cc(OC)c(OC)cc2c1,1
P3_09170,CC[C@H](C)[C@H](O)C[NH2+][C@@H](C)c1ccc2cc(OC)c(OC)cc2c1,1
P3_09171,COc1ccc(-c2oc3c(C)cccc3c(=O)c2O)cc1OC,1
P3_09172,COc1ccc(-c2oc3c(C)cc(C)cc3c(=O)c2O)cc1OC,1
P3_09173,CCOc1ccc(-c2oc3cc(Cl)ccc3c(=O)c2O)cc1OC,1
P3_09174,COc1cc(-c2oc3ccccc3c(=O)c2O)cc(OC)c1OC,1
P3_09175,COc1cc(-c2oc3cc([O-])ccc3c(=O)c2O)cc(OC)c1OC,1
P3_09176,COc1cc(-c2oc3ccc(Cl)cc3c(=O)c2O)cc(OC)c1OC,1
P3_09177,COc1ccc(-c2oc3cc(C)c(C)cc3c(=O)c2OC(C)=O)cc1OC,1
P3_09178,COc1ccc(-c2cc(=O)c3cc(OC)c(OC)cc3o2)cc1OC,1
P3_09179,COc1ccc(-c2oc3ccccc3c(=O)c2OC)cc1OC,1
P3_09180,COc1ccc2oc(-c3cc(OC)c(OC)cc3OC)c(O)c(=O)c2c1,1
P3_09181,COc1ccc2c(=O)c(O)c(-c3cc(OC)c(OC)cc3OC)oc2c1,1
P3_09182,CCOc1ccc(-c2oc3ccccc3c(=O)c2O)cc1OCC,1
P3_09183,CCOc1ccc(-c2oc3cc(Cl)ccc3c(=O)c2O)cc1OCC,1
P3_09184,COc1cc(OC)c(-c2oc3ccccc3c(=O)c2O)cc1OC,1
P3_09185,COc1ccc(-c2oc3ccc(OC)cc3c(=O)c2O)c(OC)c1,1
P3_09186,COc1ccc(OC)c(-c2oc3ccc(C)cc3c(=O)c2O)c1,1
P3_09187,COc1ccc(-c2oc3ccc(Cl)cc3c(=O)c2OC(C)C)cc1OC,1
P3_09188,COc1ccccc1-c1oc2ccc(C)cc2c(=O)c1O,1
P3_09189,COc1ccc2oc(-c3ccccc3OC)c(O)c(=O)c2c1,1
P3_09190,COc1ccc(-c2oc3c(OC)c(OC)ccc3c(=O)c2O)cc1,1
P3_09191,COc1ccc2c(=O)c(O)c(-c3ccccc3OC)oc2c1,1
P3_09192,COc1ccc2oc(-c3ccc(C(=O)[O-])cc3)c(O)c(=O)c2c1,1
P3_09193,COc1ccc(-c2oc3ccc(C)cc3c(=O)c2O)c(OC)c1,1
P3_09194,COc1cccc2oc(-c3ccccc3)c(O)c(=O)c12,1
P3_09195,COc1ccc(-c2oc3ccccc3c(=O)c2O)c(OC)c1,1
P3_09196,COc1ccc(-c2cc(=O)c3c(OC)c(OC)c(OC)cc3o2)cc1OC,1
P3_09197,COc1ccc(-c2oc3ccccc3c(=O)c2OC)cc1Br,1
P3_09198,COc1ccc(-c2cc(=O)c3c(O)c(OC)c(OC)c(OC)c3o2)cc1OC,1
P3_09199,COc1ccc2c(=O)c(OC)c(-c3cc(OC)c(OC)c(OC)c3)oc2c1,1
P3_09200,CCOc1c(-c2ccc(OC)c(OC)c2)oc2cc(C)c(C)cc2c1=O,1
P3_09201,COc1ccc(-c2oc3cc(C)c(C)cc3c(=O)c2OCC(N)=O)cc1OC,1
P3_09202,CCOc1c(-c2ccc(OC)c(OC)c2)oc2ccc(Cl)cc2c1=O,1
P3_09203,Cc1cc2oc(-c3ccc(C(=O)[O-])cc3)c(O)c(=O)c2cc1C,1
P3_09204,Cc1cc2oc(-c3ccc(C(=O)[O-])cc3)c(O)c(=O)c2cc1Cl,1
P3_09205,COc1cc2oc(-c3ccc(O)cc3)c(OC)c(=O)c2c([O-])c1OC,1
P3_09206,CCc1ccc2oc(-c3ccc(C(=O)[O-])cc3)c(O)c(=O)c2c1,0
P3_09207,COc1ccc(-c2oc3cc(C)ccc3c(=O)c2O)cc1,1
P3_09208,COc1ccc(-c2oc3ccc(C)cc3c(=O)c2O)cc1,1
P3_09209,COc1ccc(-c2oc3ccc(Cl)cc3c(=O)c2O)cc1,1
P3_09210,COc1ccc2c(=O)c(O)c(-c3ccccc3)oc2c1,1
P3_09211,Cc1ccc(-c2oc3ccc(C)cc3c(=O)c2O)cc1,1
P3_09212,COc1ccc(-c2oc3ccccc3c(=O)c2O)cc1,1
P3_09213,COc1cccc(-c2oc3ccccc3c(=O)c2O)c1,1
P3_09214,COc1cccc(-c2oc3ccc(C)cc3c(=O)c2O)c1,1
P3_09215,COc1ccc(OC)c(-c2oc3cc(Cl)ccc3c(=O)c2O)c1,1
P3_09216,COc1ccc(-c2oc3ccccc3c(=O)c2OCC(C)=O)cc1OC,1
P3_09217,COc1ccc(OC)c(-c2oc3ccccc3c(=O)c2O)c1,1
P3_09218,COc1cccc(-c2oc3c(OC)c(OC)ccc3c(=O)c2O)c1,0
P3_09219,COc1ccccc1-c1oc2cc(Cl)ccc2c(=O)c1O,1
P3_09220,COc1ccccc1-c1oc2ccccc2c(=O)c1O,1
P3_09221,COc1cc(OC)c(-c2oc3ccccc3c(=O)c2O)c(OC)c1,1
P3_09222,COc1ccc2c(=O)c(O)c(-c3cccc(OC)c3OC)oc2c1,1
P3_09223,COc1ccc2oc(-c3cccc(OC)c3OC)c(O)c(=O)c2c1,1
P3_09224,CCOc1ccc(-c2oc3ccc(C)cc3c(=O)c2O)cc1,1
P3_09225,CCOc1ccc(-c2oc3cc(C)ccc3c(=O)c2O)cc1,1
P3_09226,COc1cccc(-c2oc3ccccc3c(=O)c2O)c1OC,1
P3_09227,CC(C)=C[C@H]1[C@@H](C(=O)OCc2ccc(CO)cc2)C1(C)C,1
P3_09228,CC(C)=C[C@@H]1[C@H](C(=O)OCc2ccc(CO)cc2)C1(C)C,1
P3_09229,CC(C)=C[C@H]1[C@H](C(=O)OCc2ccc(CO)cc2)C1(C)C,1
P3_09230,CC(C)=C[C@@H]1[C@@H](C(=O)OCc2ccc(CO)cc2)C1(C)C,1
P3_09231,CC(C)=C[C@@H]1[C@@H](C(=O)OCc2cccc(C(N)=O)c2)C1(C)C,0
P3_09232,CC(C)=C[C@H]1[C@@H](C(=O)OCc2cccc(C(N)=O)c2)C1(C)C,0
P3_09233,CC(C)=C[C@H]1[C@H](C(=O)OCc2cccc(C(N)=O)c2)C1(C)C,0
P3_09234,CC(C)=C[C@@H]1[C@H](C(=O)OCc2cccc(C(N)=O)c2)C1(C)C,0
P3_09235,CC1(C)C(C(=O)OCc2cc(F)c(F)cc2F)C1(C)C,0
P3_09236,CC1(C)C(C(=O)OCc2cc(F)c(F)c(F)c2)C1(C)C,1
P3_09237,CC1(C)C(C(=O)OCc2c(F)cc(F)cc2F)C1(C)C,1
P3_09238,CC(C)=C[C@@H]1[C@@H](C(=O)OCc2cccc(C(=O)N(C)C)c2)C1(C)C,0
P3_09239,CC(C)=C[C@@H]1[C@H](C(=O)OCc2cccc(C(=O)N(C)C)c2)C1(C)C,0
P3_09240,CC(C)=C[C@H]1[C@@H](C(=O)OCc2cccc(C(=O)N(C)C)c2)C1(C)C,0
P3_09241,CC(C)=C[C@H]1[C@H](C(=O)OCc2cccc(C(=O)N(C)C)c2)C1(C)C,0
P3_09242,CC(C)=C[C@@H]1[C@@H](C(=O)OCc2ccccc2C(N)=O)C1(C)C,1
P3_09243,CC(C)=C[C@H]1[C@H](C(=O)OCc2ccccc2C(N)=O)C1(C)C,1
P3_09244,CC(C)=C[C@@H]1[C@H](C(=O)OCc2ccccc2C(N)=O)C1(C)C,1
P3_09245,CC(C)=C[C@H]1[C@@H](C(=O)OCc2ccccc2C(N)=O)C1(C)C,1
P3_09246,CC(C)=C[C@@H]1[C@H](C(=O)OCc2ccccc2C#N)C1(C)C,0
P3_09247,CC(C)=C[C@H]1[C@@H](C(=O)OCc2ccccc2C#N)C1(C)C,0
P3_09248,CC(C)=C[C@H]1[C@H](C(=O)OCc2ccccc2C#N)C1(C)C,0
P3_09249,CC(C)=C[C@@H]1[C@@H](C(=O)OCc2ccccc2C#N)C1(C)C,0
P3_09250,COc1cccc(COC(=O)[C@H]2[C@@H](C=C(C)C)C2(C)C)c1OC,1
P3_09251,COc1cccc(COC(=O)[C@@H]2[C@@H](C=C(C)C)C2(C)C)c1OC,1
P3_09252,COc1cccc(COC(=O)[C@H]2[C@H](C=C(C)C)C2(C)C)c1OC,1
P3_09253,COc1cccc(COC(=O)[C@@H]2[C@H](C=C(C)C)C2(C)C)c1OC,1
P3_09254,CC1(C)C(C(=O)OCc2c(F)cccc2F)C1(C)C,0
P3_09255,Cc1ccc(F)c(COC(=O)C2C(C)(C)C2(C)C)c1F,0
P3_09256,CC1(C)C[C@@H]1C(=O)OCc1c(F)cccc1F,0
P3_09257,CC1(C)C[C@H]1C(=O)OCc1c(F)cccc1F,0
P3_09258,Cc1cc(F)c(COC(=O)C2C(C)(C)C2(C)C)cc1F,0
P3_09259,CC1(C)C(C(=O)OCc2cc(Cl)ccc2F)C1(F)F,1
P3_09260,CC1(C)C[C@@H]1C(=O)OCc1c(F)cc(Cl)cc1F,0
P3_09261,CC1(C)CC1C(=O)OCc1c(F)cc(Cl)cc1F,0
P3_09262,C[C@@H]1C(C(=O)OCc2c(F)cc(F)cc2F)[C@@H]1C,1
P3_09263,C[C@H]1C(C(=O)OCc2c(F)cc(Br)cc2F)[C@@H]1C,1
P3_09264,CCC1(C)CC1C(=O)OCc1c(F)ccc(C)c1F,0
P3_09265,CC1(C)C(C(=O)OCc2ccc(F)c(F)c2F)C1(C)C,0
P3_09266,CC1(C)C(C(=O)OCc2ccc(F)c(F)c2)C1(C)C,0
P3_09267,CC1(C)C(C(=O)OCc2cccc(F)c2F)C1(C)C,0
P3_09268,CC1(C)C(C(=O)OCc2c(F)cccc2Cl)C1(F)F,0
P3_09269,CC1(C)C(C(=O)OCc2ccc(F)c(Cl)c2)C1(F)F,1
P3_09270,CC1(C)C(C(=O)OCc2c(F)cccc2Br)C1(F)F,0
P3_09271,CC1(C)C(C(=O)OCc2ccc(Cl)c(F)c2)C1(F)F,1
P3_09272,CC1(C)C(C(=O)OCc2ccc(Cl)cc2F)C1(F)F,0
P3_09273,CC1(C)C(C(=O)OCc2cc(F)cc(F)c2)C1(C)C,0
P3_09274,CC1(C)C(C(=O)OCc2cc(F)ccc2F)C1(C)C,0
P3_09275,CC1(C)C(C(=O)OCc2ccc(Br)c(F)c2)C1(F)F,0
P3_09276,CC1(C)C(C(=O)OCc2ccc(Br)cc2F)C1(F)F,0
P3_09277,CC1(C)C(C(=O)OCc2cc(Br)ccc2F)C1(F)F,0
P3_09278,CC1(C)C(C(=O)OCc2cc(F)ccc2Cl)C1(F)F,0
P3_09279,CC1(C)C(C(=O)OCc2cccc(Cl)c2F)C1(F)F,0
P3_09280,CC1(C)C(C(=O)OCc2cccc(F)c2Cl)C1(F)F,0
P3_09281,CC1(C(F)F)CC1C(=O)OCc1cc(Cl)ccc1F,0
P3_09282,CC1(C)C(C(=O)OCc2cc(F)cc(Br)c2)C1(F)F,0
P3_09283,CC1(C)C(C(=O)OCc2cccc(F)c2Br)C1(F)F,0
P3_09284,CC1(C)C(C(=O)OCc2cccc(Br)c2F)C1(F)F,0
P3_09285,CC1(C)C(C(=O)OCc2cc(F)ccc2Br)C1(F)F,0
P3_09286,CC1(C)C(C(=O)OCc2ccc(F)cc2Br)C1(F)F,0
P3_09287,CC1(C)C(C(=O)OCc2cc(F)cc(C#N)c2)C1(C)C,0
P3_09288,CC1(C)C(C(=O)OCc2cc(F)cc(C#N)c2)C1(F)F,0
P3_09289,CC1(C)C(C(=O)OCc2ccc(F)cc2C#N)C1(C)C,0
P3_09290,Cc1cc(C(=O)OCC2(C)CC2F)cc(C)c1F,0
P3_09291,CC1(C)C(C(=O)OCc2cccc(C#N)c2F)C1(F)F,0
P3_09292,CC1(C)C(C(=O)OCc2cc(Cl)cc(C#N)c2)C1(F)F,1
P3_09293,CC(=O)c1c(C)cc2cccc(O)c2c1O,1
P3_09294,COc1cc(O)c2c(O)c(C(C)=O)c(C)cc2c1,1
P3_09295,CC(=O)c1c(C)cc2cc(C)cc(O)c2c1O,1
P3_09296,COc1cc(C)cc2cc(C)c(C(C)=O)c(OC)c12,1
P3_09297,COc1cc(C(C)=O)c(O)c2ccccc12,1
P3_09298,COc1cc(O)c2c(OC(C)C)c(C(C)=O)c(C)cc2c1,1
P3_09299,COc1cc2c(C(C)=O)c(OC)ccc2cc1C(C)=O,1
P3_09300,COc1ccc(C(C)=O)c2c(O)cccc12,1
P3_09301,COC(=O)[C@@H](C)Oc1c(C(C)=O)c(C)cc2cc(OC)cc(O)c12,1
P3_09302,C#CC(C#C)Oc1c(C(C)=O)c(C)cc2cc(OC)cc(O)c12,1
P3_09303,COCC(COC)Oc1c(C(C)=O)c(C)cc2cc(OC)cc(O)c12,1
P3_09304,COc1cc(O)c2c(OC[C@@H](C)OC)c(C(C)=O)c(C)cc2c1,1
P3_09305,COc1cc2ccc(C(C)=O)cc2cc1OC,0
P3_09306,CCOCC(COCC)Oc1c(C(C)=O)c(C)cc2cc(OC)cc(O)c12,0
P3_09307,COc1ccc2c(C(C)=O)cccc2c1Br,1
P3_09308,COC[C@H](C)OC[C@@H](C)Oc1c(C(C)=O)c(C)cc2cc(OC)cc(O)c12,0
P3_09309,COC[C@H](C)OC[C@H](C)Oc1c(C(C)=O)c(C)cc2cc(OC)cc(O)c12,0
P3_09310,COC[C@@H](C)OC[C@@H](C)Oc1c(C(C)=O)c(C)cc2cc(OC)cc(O)c12,0
P3_09311,COC[C@@H](C)OC[C@H](C)Oc1c(C(C)=O)c(C)cc2cc(OC)cc(O)c12,0
P3_09312,CCCCc1cc2ccccc2c(O)c1C(C)=O,1
P3_09313,COc1ccc2cc(C(C)=O)ccc2c1Br,1
P3_09314,COCC(COC)Oc1c(C(C)=O)cc(OC)c2ccccc12,1
P3_09315,C#C[C@@H](C)Oc1c(C(C)=O)cc(OC)c2ccccc12,1
P3_09316,C#C[C@H](C)Oc1c(C(C)=O)cc(OC)c2ccccc12,1
P3_09317,CC(=O)c1cc(C(C)=O)c2cc(C)cc(O)c2c1O,1
P3_09318,CO[C@@H](C)CCOc1ccc2cc(O)ccc2c1C(C)=O,0
P3_09319,CO[C@H](C)CCOc1ccc2cc(O)ccc2c1C(C)=O,0
P3_09320,C#CC[C@@H](C)Oc1c(C(C)=O)cc(OC)c2ccccc12,1
P3_09321,C#CC[C@H](C)Oc1c(C(C)=O)cc(OC)c2ccccc12,1
P3_09322,CC[C@@H](C)Oc1ccc2cc(O)ccc2c1C(C)=O,1
P3_09323,CC[C@H](C)Oc1ccc2cc(O)ccc2c1C(C)=O,1
P3_09324,COC(C)(C)C[C@H](C)Oc1ccc2cc(O)ccc2c1C(C)=O,1
P3_09325,COC(C)(C)C[C@@H](C)Oc1ccc2cc(O)ccc2c1C(C)=O,1
P3_09326,C=C[C@H](C)Oc1ccc2cc(O)ccc2c1C(C)=O,1
P3_09327,C#C[C@@H](C)Oc1ccc2cc(O)ccc2c1C(C)=O,1
P3_09328,C=C[C@@H](C)Oc1ccc2cc(O)ccc2c1C(C)=O,1
P3_09329,C#C[C@H](C)Oc1ccc2cc(O)ccc2c1C(C)=O,1
P3_09330,C#CC[C@@H](C)Oc1ccc2cc(O)ccc2c1C(C)=O,1
P3_09331,CCO[C@@H](C)COc1ccc2cc(O)ccc2c1C(C)=O,0
P3_09332,CCO[C@H](C)COc1ccc2cc(O)ccc2c1C(C)=O,0
P3_09333,CCOC[C@@H](C)Oc1ccc2cc(O)ccc2c1C(C)=O,1
P3_09334,CCOC[C@H](C)Oc1ccc2cc(O)ccc2c1C(C)=O,1
P3_09335,C#CC[C@H](C)Oc1ccc2cc(O)ccc2c1C(C)=O,1
P3_09336,C#CC[C@H](CC)Oc1ccc2cc(O)ccc2c1C(C)=O,1
P3_09337,C#CC[C@@H](CC)Oc1ccc2cc(O)ccc2c1C(C)=O,1
P3_09338,COc1ccc2cc(C(N)=O)ccc2c1,0
P3_09339,CCOc1ccc2cc(C(C)=O)ccc2c1,0
P3_09340,CO[C@@H](C)COc1ccc2cc(C(C)=O)ccc2c1,0
P3_09341,CO[C@H](C)COc1ccc2cc(C(C)=O)ccc2c1,0
P3_09342,CCCOc1ccc2cc(C(C)=O)ccc2c1,0
P3_09343,CCCCOc1ccc2cc(C(C)=O)ccc2c1,1
P3_09344,CC[C@@H](COC)Oc1c(C(C)=O)cc(Cl)c2ccccc12,1
P3_09345,CC[C@H](COC)Oc1c(C(C)=O)cc(Cl)c2ccccc12,1
P3_09346,CO[C@@H](C)CCOc1c(C(C)=O)cc(Cl)c2ccccc12,1
P3_09347,CO[C@H](C)CCOc1c(C(C)=O)cc(Cl)c2ccccc12,1
P3_09348,C=C(C)COc1ccc2cc(C(C)=O)ccc2c1,0
P3_09349,C=CCOc1ccc2cc(C(C)=O)ccc2c1,1
P3_09350,CCOCCOc1ccc2cc(C(C)=O)ccc2c1,0
P3_09351,CC#CCOc1ccc2cc(C(C)=O)ccc2c1,1
P3_09352,CC[C@@H](O)COc1ccc2cc(C(C)=O)ccc2c1,1
P3_09353,CC[C@H](O)COc1ccc2cc(C(C)=O)ccc2c1,1
P3_09354,CCC(SC)C(=O)Nc1c(OC)ccc2cc(C(=O)O)ccc12,1
P3_09355,CC[C@H](F)COc1ccc2cc(C(C)=O)ccc2c1,0
P3_09356,CCO[C@@H](C)COc1c(C(C)=O)cc(Cl)c2ccccc12,1
P3_09357,CCO[C@H](C)COc1c(C(C)=O)cc(Cl)c2ccccc12,1
P3_09358,CCO[C@H](C)COc1ccc2cc(C(C)=O)ccc2c1,1
P3_09359,CCO[C@@H](C)COc1ccc2cc(C(C)=O)ccc2c1,1
P3_09360,COc1ccc2ccc(OC)c(C(C)=O)c2c1,1
P3_09361,COc1ccc2cc(Br)ccc2c1C(C)=O,1
P3_09362,COc1ccc2cc(C(C)=O)ccc2c1C,1
P3_09363,COc1cccc2c(O)cc(C(=O)[O-])cc12,1
P3_09364,COc1ccc(OC)c2c(O)c(NC(C)=O)ccc12,1
P3_09365,COc1cccc2c(O)c(Br)ccc12,0
P3_09366,COc1ccc2cc(C(C)=O)ccc2c1Cl,1
P3_09367,C=C(COC)c1c(C(C)=O)ccc2ccccc12,1
P3_09368,CC(=O)c1cc(Cl)c2ccccc2c1O,1
P3_09369,COc1ccc2c(F)cccc2c1O,1
P3_09370,CCN(C)C(=O)c1c(C)c(C)cc2ccccc12,1
P3_09371,COC(=O)c1c(O)cc(O)c2ccccc12,1
P3_09372,COc1ccc2cc(C(=O)[O-])ccc2c1Br,1
P3_09373,COc1c(C(N)=O)ccc2ccccc12,1
P3_09374,COc1ccc2cc(C)ccc2c1Cl,1
P3_09375,COc1ccc2cc(Br)ccc2c1C,1
P3_09376,COc1ccc2ccc(Br)c(O)c2c1,1
P3_09377,COc1c(C)cc(C)c2ccccc12,1
P3_09378,Cc1ccc2ccc(C)c(O)c2c1,1
P3_09379,Cc1c(O)cc2ccccc2c1C,1
P3_09380,Cc1ccc2ccc(C(=O)[O-])c(O)c2c1,1
P3_09381,Cc1ccc2c(O)c(C)ccc2c1,1
P3_09382,COc1ccc2cc(C#N)ccc2c1C,1
P3_09383,COc1ccc2ccc(O)c(N=O)c2c1,1
P3_09384,COC(=O)c1cccc2c(F)c(O)ccc12,1
P3_09385,COc1c(C(=O)[O-])cc(F)c2ccccc12,1
P3_09386,COc1ccc2cc(Br)ccc2c1Br,1
P3_09387,Cc1cc2c(C(N)=O)c(C)c(C)c(C(N)=O)c2cc1C,1
P3_09388,Cc1cccc2c(O)cc(C(F)(F)F)cc12,1
P3_09389,COc1ccc2cc(Br)ccc2c1Cl,1
P3_09390,COc1ccc2cc(N)ccc2c1Cl,1
P3_09391,Oc1cccc2ccc(Cl)c(Cl)c12,1
P3_09392,COc1ccc2ccc(OC)c(C#N)c2c1,1
P3_09393,COc1c(C)c(C)c(OC)c2ccccc12,1
P3_09394,NC(=O)c1cc(Cl)c2ccccc2c1O,1
P3_09395,COc1ccc2cc(Br)ccc2c1CC[NH3+],0
P3_09396,Cc1c(O)c([N+](=O)[O-])cc2cc(Br)ccc12,1
P3_09397,COc1ccc2c(C#N)cccc2c1C(F)(F)F,1
P3_09398,O=C([O-])c1cc(Br)c2ccccc2c1O,1
P3_09399,Cc1c(Br)c(O)c2ccccc2c1O,1
P3_09400,COc1ccc2cc(Br)ccc2c1CNN,0
P3_09401,COc1ccc2cc(CC#N)ccc2c1Br,1
P3_09402,COc1c(Br)cc(Br)c2ccccc12,1
P3_09403,COc1c(C)c(Br)c(OC)c2ccccc12,1
P3_09404,Cc1ccc2c(C)c(O)ccc2c1,1
P3_09405,COc1c(Br)c(Br)c(OC)c2ccccc12,1
P3_09406,Cc1ccc2c(CO)c(C)ccc2c1,1
P3_09407,Oc1c(Cl)cc(Cl)c2ccccc12,1
P3_09408,Cc1c(O)ccc2cc(C(C)C)ccc12,1
P3_09409,Oc1cccc2c(Cl)ccc(Cl)c12,1
P3_09410,COc1c(Br)cc(C#N)c2ccccc12,1
P3_09411,CNc1c(C)cc(Br)c2ccccc12,1
P3_09412,CNc1c(C)cc(Cl)c2ccccc12,1
P3_09413,CCCOc1nccnc1NS(=O)(=O)c1ccc(OC)cc1,0
P3_09414,CC(C)Oc1nccnc1NS(=O)(=O)c1ccc(C(C)C)cc1,0
P3_09415,CCCOc1nccnc1NS(=O)(=O)c1ccc(C)cc1,0
P3_09416,CC(C)Oc1nccnc1NS(=O)(=O)c1ccc(Br)cc1,0
P3_09417,CC(C)Oc1nccnc1NS(=O)(=O)c1ccc(Cl)cc1,1
P3_09418,CC(C)Oc1nccnc1NS(=O)(=O)c1ccc(F)cc1,0
P3_09419,CC(C)Oc1nccnc1NS(=O)(=O)c1ccccc1,0
P3_09420,CCCOc1nccnc1NS(=O)(=O)c1ccc(Cl)cc1,1
P3_09421,CCCOc1nccnc1NS(=O)(=O)c1ccc(Br)cc1,0
P3_09422,CCCOc1nccnc1NS(=O)(=O)c1ccccc1,0
P3_09423,CC(C)Oc1nccnc1NS(=O)(=O)c1ccc(C(C)(C)C)cc1,0
P3_09424,CCCOc1nccnc1NS(=O)(=O)c1ccc(CF)cc1,1
P3_09425,CCCc1nccnc1NS(=O)(=O)c1ccc(OC)cc1,0
P3_09426,Cc1nccnc1NS(=O)(=O)c1ccc(C(C)C)cc1,0
P3_09427,Cc1nccnc1NS(=O)(=O)c1ccc(Cl)cc1,1
P3_09428,CCCOc1nccnc1NS(=O)(=O)c1cccc(OC)c1,0
P3_09429,CCCOc1nccnc1NS(=O)(=O)c1ccc(C)c(C)c1,0
P3_09430,CCCOc1nccnc1NS(=O)(=O)c1ccc(Cl)c(Cl)c1,1
P3_09431,Cc1nccnc1NS(=O)(=O)c1ccc(OC(C)C)cc1,0
P3_09432,CC(C)Oc1nccnc1NS(=O)(=O)c1ccc(C(C)C)c(Cl)c1,0
P3_09433,CC(C)Oc1nccnc1NS(=O)(=O)c1ccc(Cl)c(F)c1,0
P3_09434,CCCOc1nccnc1NS(=O)(=O)c1ccc(C)c(Cl)c1,1
P3_09435,CCCOc1nccnc1NS(=O)(=O)c1ccc(F)c(C)c1,0
P3_09436,CCCOc1nccnc1NS(=O)(=O)c1ccc(Cl)c(C)c1,1
P3_09437,CCCOc1nccnc1NS(=O)(=O)c1ccc(Br)c(C)c1,0
P3_09438,CCCOc1nccnc1NS(=O)(=O)c1ccc(C)c(F)c1,0
P3_09439,CC(C)c1nccnc1NS(=O)(=O)c1ccc(I)cc1,0
P3_09440,CC(C)c1nccnc1NS(=O)(=O)c1ccc(Br)cc1,0
P3_09441,CC(C)c1nccnc1NS(=O)(=O)c1ccc(F)cc1,0
P3_09442,CC(C)c1nccnc1NS(=O)(=O)c1ccc(Cl)cc1,1
P3_09443,CCCOc1nccnc1NS(=O)(=O)c1ccc(Cl)c(F)c1,1
P3_09444,CCCOc1nccnc1NS(=O)(=O)c1ccc(F)c(Cl)c1,0
P3_09445,CC(C)Oc1nccnc1NS(=O)(=O)c1cccc(Cl)c1,0
P3_09446,CC(C)Oc1nccnc1NS(=O)(=O)c1cccc(Br)c1,0
P3_09447,CCCOc1nccnc1NS(=O)(=O)c1cccc(C)c1,0
P3_09448,CCCc1nccnc1NS(=O)(=O)c1ccc(C(C)C)cc1,0
P3_09449,CCCc1nccnc1NS(=O)(=O)c1ccc(OCC)cc1,0
P3_09450,CCCc1nccnc1NS(=O)(=O)c1ccc(C)cc1,0
P3_09451,Cc1nccnc1NS(=O)(=O)c1ccc(CC(C)C)cc1,0
P3_09452,CC(C)c1nccnc1NS(=O)(=O)c1ccccc1,1
P3_09453,CCCOc1nccnc1NS(=O)(=O)c1cccc(Br)c1,0
P3_09454,CCCOc1nccnc1NS(=O)(=O)c1cccc(Cl)c1,0
P3_09455,CCCc1nccnc1NS(=O)(=O)c1ccc(Cl)cc1,1
P3_09456,CCCc1nccnc1NS(=O)(=O)c1ccc(Br)cc1,0
P3_09457,CCCc1nccnc1NS(=O)(=O)c1ccc(CC)cc1,0
P3_09458,CC(C)c1nccnc1NS(=O)(=O)c1ccc(CF)cc1,0
P3_09459,CCCc1nccnc1NS(=O)(=O)c1ccc(Cl)c(OC)c1,1
P3_09460,CCCc1nccnc1NS(=O)(=O)c1ccccc1,0
P3_09461,CCCc1nccnc1NS(=O)(=O)c1ccc(OC(C)C)cc1,0
P3_09462,CCCc1nccnc1NS(=O)(=O)c1ccc(CF)cc1,0
P3_09463,CCCc1nccnc1NS(=O)(=O)c1cccc(OC)c1,0
P3_09464,CC(C)Oc1nccnc1NS(=O)(=O)c1ccccc1Br,0
P3_09465,CC(C)c1nccnc1NS(=O)(=O)c1ccc(CCCl)cc1,0
P3_09466,Cc1nccnc1NS(=O)(=O)c1ccc(Cl)c(F)c1,1
P3_09467,Cc1nccnc1NS(=O)(=O)c1ccc(Cl)c(Br)c1,1
P3_09468,Cc1nccnc1NS(=O)(=O)c1ccc(Br)c(Cl)c1,1
P3_09469,Cc1nccnc1NS(=O)(=O)c1cccc(C(C)C)c1,1
P3_09470,Cc1nccnc1NS(=O)(=O)c1ccc(F)c(Cl)c1,1
P3_09471,Cc1nccnc1NS(=O)(=O)c1cccc(Cl)c1,1
P3_09472,CCCc1nccnc1NS(=O)(=O)c1ccc(C)c(C)c1,0
P3_09473,CCCc1nccnc1NS(=O)(=O)c1ccc(Cl)c(Cl)c1,1
P3_09474,CC(C)Oc1nccnc1NS(=O)(=O)c1c(F)cccc1Cl,0
P3_09475,CCCOc1nccnc1NS(=O)(=O)c1c(C)cccc1Br,0
P3_09476,CCCOc1nccnc1NS(=O)(=O)c1ccc(C)cc1Br,0
P3_09477,CCCOc1nccnc1NS(=O)(=O)c1cccc(Cl)c1C,1
P3_09478,CCCOc1nccnc1NS(=O)(=O)c1cccc(Br)c1C,0
P3_09479,CCCOc1nccnc1NS(=O)(=O)c1ccc(Br)cc1C,0
P3_09480,CC(C)Oc1nccnc1NS(=O)(=O)c1ccc(F)cc1Cl,0
P3_09481,CC(C)Oc1nccnc1NS(=O)(=O)c1cccc(Cl)c1O,1
P3_09482,CCCOc1nccnc1NS(=O)(=O)c1cccc(F)c1C,0
P3_09483,CCCOc1nccnc1NS(=O)(=O)c1ccc(C)cc1F,0
P3_09484,O=C1C[C@@H](c2ccc(O)cc2)Oc2cc(O)ccc21,1
P3_09485,O=C1C[C@@H](c2ccccc2)Oc2cc(O)ccc21,1
P3_09486,O=C1C[C@@H](c2cccc(O)c2)Oc2ccccc21,0
P3_09487,O=C1C[C@@H](c2ccc(O)cc2)Oc2ccccc21,0
P3_09488,CC(=O)[C@@H](C)Oc1cc(O)cc2c1C(=O)C[C@@H](c1ccc(O)cc1O)O2,1
P3_09489,CC(=O)[C@H](C)Oc1cc(O)cc2c1C(=O)C[C@@H](c1ccc(O)cc1O)O2,1
P3_09490,O=C1C[C@@H](c2ccccc2)Oc2ccc(O)cc21,1
P3_09491,C[C@H](Oc1cc(O)cc2c1C(=O)C[C@@H](c1ccc(O)cc1O)O2)C(F)(F)F,1
P3_09492,C[C@@H](Oc1cc(O)cc2c1C(=O)C[C@@H](c1ccc(O)cc1O)O2)C(F)(F)F,1
P3_09493,O=C1C[C@@H](c2ccccc2O)Oc2ccc(O)cc21,1
P3_09494,Cc1ccc2c(c1)C(=O)C[C@@H](c1ccc(Br)cc1)O2,0
P3_09495,CCCCCn1c(=N)n(C[C@H](O)COc2cccc(C)c2)c2ccccc21,1
P3_09496,CCCCCn1c(=N)n(C[C@@H](O)COc2cccc(C)c2)c2ccccc21,1
P3_09497,CCCCn1c(=N)n(C[C@H](O)COc2cccc(C)c2)c2ccccc21,1
P3_09498,CCCCn1c(=N)n(C[C@@H](O)COc2cccc(C)c2)c2ccccc21,1
P3_09499,CCCn1c(=N)n(C[C@H](O)COc2cccc(C)c2)c2ccccc21,1
P3_09500,CCCn1c(=N)n(C[C@@H](O)COc2cccc(C)c2)c2ccccc21,1
P3_09501,CCCCCCn1c(=N)n(C[C@H](O)COc2ccccc2)c2ccccc21,1
P3_09502,CCCCCCn1c(=N)n(C[C@@H](O)COc2ccccc2)c2ccccc21,1
P3_09503,CCCCCn1c(=N)n(C[C@@H](O)COc2ccccc2)c2ccccc21,1
P3_09504,CCCCCn1c(=N)n(C[C@H](O)COc2ccccc2)c2ccccc21,1
P3_09505,CCCCCn1c(=N)n(C[C@H](O)COc2ccc(C)cc2)c2ccccc21,1
P3_09506,CCCCCn1c(=N)n(C[C@@H](O)COc2ccc(C)cc2)c2ccccc21,1
P3_09507,CCn1c(=N)n(C[C@H](O)COc2cccc(C)c2)c2ccccc21,1
P3_09508,CCn1c(=N)n(C[C@@H](O)COc2cccc(C)c2)c2ccccc21,1
P3_09509,Cc1cccc(OC[C@@H](O)Cn2c(=N)n(C)c3ccccc32)c1,1
P3_09510,Cc1cccc(OC[C@H](O)Cn2c(=N)n(C)c3ccccc32)c1,1
P3_09511,CCCCn1c(=N)n(C[C@@H](O)COc2ccccc2)c2ccccc21,1
P3_09512,CCCCn1c(=N)n(C[C@H](O)COc2ccccc2)c2ccccc21,1
P3_09513,CCCCCn1c(=N)n(C[C@H](O)COc2ccc(OC)cc2)c2ccccc21,1
P3_09514,CCCCCn1c(=N)n(C[C@@H](O)COc2ccc(OC)cc2)c2ccccc21,1
P3_09515,CCCCn1c(=N)n(C[C@@H](O)COc2ccc(C)cc2)c2ccccc21,1
P3_09516,CCCCn1c(=N)n(C[C@H](O)COc2ccc(C)cc2)c2ccccc21,1
P3_09517,CCCCCn1c(=N)n(C[C@@H](O)COc2ccccc2C)c2ccccc21,1
P3_09518,CCCCCn1c(=N)n(C[C@H](O)COc2ccccc2C)c2ccccc21,1
P3_09519,CCCCn1c(=N)n(C[C@@H](O)COc2ccc(OC)cc2)c2ccccc21,1
P3_09520,CCCCn1c(=N)n(C[C@H](O)COc2ccc(OC)cc2)c2ccccc21,1
P3_09521,CCCn1c(=N)n(C[C@H](O)COc2ccccc2)c2ccccc21,1
P3_09522,CCCn1c(=N)n(C[C@@H](O)COc2ccccc2)c2ccccc21,1
P3_09523,CCCn1c(=N)n(C[C@H](O)COc2ccc(C)cc2)c2ccccc21,1
P3_09524,CCCn1c(=N)n(C[C@@H](O)COc2ccc(C)cc2)c2ccccc21,1
P3_09525,CCCn1c(=O)n(C[C@H](O)COc2cccc(C)c2)c2ccccc21,1
P3_09526,CCCn1c(=O)n(C[C@@H](O)COc2cccc(C)c2)c2ccccc21,1
P3_09527,CCCCn1c(=N)n(C[C@H](O)COc2ccc(Cl)cc2)c2ccccc21,1
P3_09528,CCCn1c(=O)n(CC(O)COc2cccc(C)c2)c2ccccc21,1
P3_09529,CCCCn1c(=N)n(C[C@@H](O)COc2ccc(Cl)cc2)c2ccccc21,1
P3_09530,CCCCn1c(=N)n(C[C@H](O)COc2ccccc2C)c2ccccc21,1
P3_09531,CCCCn1c(=N)n(C[C@@H](O)COc2ccccc2C)c2ccccc21,1
P3_09532,Cc1cccc(OC[C@H](O)Cn2c(=O)n(C)c3ccccc32)c1,1
P3_09533,Cc1cccc(OC[C@@H](O)Cn2c(=O)n(C)c3ccccc32)c1,1
P3_09534,CCn1c(=O)n(CC(O)COc2cccc(C)c2)c2ccccc21,1
P3_09535,CCCCn1c(=N)n(C[C@H](O)COc2ccccc2OC)c2ccccc21,1
P3_09536,CCCCn1c(=N)n(C[C@@H](O)COc2ccccc2OC)c2ccccc21,1
P3_09537,CCn1c(=O)n(C[C@@H](O)COc2cccc(C)c2)c2ccccc21,1
P3_09538,CCn1c(=O)n(C[C@H](O)COc2cccc(C)c2)c2ccccc21,1
P3_09539,CCCn1c(=N)n(C[C@@H](O)COc2ccc(OC)cc2)c2ccccc21,1
P3_09540,CCCn1c(=N)n(C[C@H](O)COc2ccc(OC)cc2)c2ccccc21,1
P3_09541,CCn1c(=N)n(C[C@H](O)COc2ccccc2)c2ccccc21,1
P3_09542,CCn1c(=N)n(C[C@@H](O)COc2ccccc2)c2ccccc21,1
P3_09543,CCn1c(=N)n(C[C@@H](O)COc2ccc(C)cc2)c2ccccc21,1
P3_09544,CCn1c(=N)n(C[C@H](O)COc2ccc(C)cc2)c2ccccc21,1
P3_09545,CCCn1c(=N)n(C[C@H](O)COc2ccc(Cl)cc2)c2ccccc21,1
P3_09546,CCCn1c(=N)n(C[C@@H](O)COc2ccc(Cl)cc2)c2ccccc21,1
P3_09547,CCCn1c(=N)n(C[C@H](O)COc2ccccc2C)c2ccccc21,1
P3_09548,CCCn1c(=N)n(C[C@@H](O)COc2ccccc2C)c2ccccc21,1
P3_09549,CCCn1c(=N)n(C[C@@H](O)COc2ccccc2OC)c2ccccc21,1
P3_09550,CCCn1c(=N)n(C[C@H](O)COc2ccccc2OC)c2ccccc21,1
P3_09551,CCCn1c(=O)n(C[C@H](O)COc2cc(C)cc(C)c2)c2ccccc21,1
P3_09552,CCCn1c(=O)n(C[C@@H](O)COc2cc(C)cc(C)c2)c2ccccc21,1
P3_09553,CCn1c(=N)n(C[C@@H](O)COc2ccc(Cl)cc2)c2ccccc21,1
P3_09554,CCn1c(=N)n(C[C@H](O)COc2ccc(Cl)cc2)c2ccccc21,1
P3_09555,CCn1c(=N)n(C[C@@H](O)COc2ccccc2C)c2ccccc21,1
P3_09556,CCn1c(=N)n(C[C@H](O)COc2ccccc2C)c2ccccc21,1
P3_09557,CCCn1c(=O)n(CC(O)COc2cccc(Br)c2)c2ccccc21,1
P3_09558,CCCn1c(=O)n(C[C@@H](O)COc2cccc(CC)c2)c2ccccc21,1
P3_09559,Cn1c(=N)n(C[C@H](O)COc2ccccc2)c2ccccc21,1
P3_09560,Cn1c(=N)n(C[C@@H](O)COc2ccccc2)c2ccccc21,1
P3_09561,CCn1c(=N)n(C[C@@H](O)COc2ccc(OC)cc2)c2ccccc21,1
P3_09562,CCn1c(=N)n(C[C@H](O)COc2ccc(OC)cc2)c2ccccc21,1
P3_09563,CCCn1c(=O)n(CC(O)COc2cccc(Cl)c2)c2ccccc21,1
P3_09564,CCCn1c(=O)n(C[C@H](O)COc2cccc(CC)c2)c2ccccc21,1
P3_09565,C=CCn1c(=N)n(C[C@H](O)COc2ccc(Cl)c(C)c2)c2ccccc21,1
P3_09566,Cn1c(=N)n(C[C@@H](O)COc2ccc(Cl)cc2)c2ccccc21,1
P3_09567,Cn1c(=N)n(C[C@H](O)COc2ccc(Cl)cc2)c2ccccc21,1
P3_09568,C=CCn1c(=N)n(C[C@@H](O)COc2ccc(Cl)c(C)c2)c2ccccc21,1
P3_09569,Cc1cc(NC(=O)Nc2cccc(Cl)c2)ccc1F,1
P3_09570,O=C(Nc1cccc(Cl)c1)Nc1ccc(F)c(F)c1,1
P3_09571,Cc1ccc(NC(=O)Nc2ccc(Cl)cc2)cc1F,1
P3_09572,Cc1ccc(NC(=O)Nc2cccc(Cl)c2)cc1C,1
P3_09573,Cc1ccc(NC(=O)Nc2cccc(F)c2)cc1F,0
P3_09574,Cc1ccc(NC(=O)Nc2cccc(Cl)c2)cc1Cl,1
P3_09575,Cc1ccc(NC(=O)Nc2ccc(C)c(F)c2)cc1F,1
P3_09576,Cc1ccc(NC(=O)Nc2ccccc2)cc1F,1
P3_09577,CC(=O)Nc1cccc(NC(=O)Nc2ccc(C)c(F)c2)c1,1
P3_09578,Cc1ccc(NC(=O)Nc2cccc(O)c2)cc1F,0
P3_09579,Cc1ccc(NC(=O)Nc2cccc(Cl)c2)cc1O,1
P3_09580,O=C(Nc1cccc(Cl)c1)Nc1ccc(O)c(F)c1,1
P3_09581,O=C(Nc1cccc(Cl)c1)Nc1ccc(F)c(Cl)c1,1
P3_09582,Cc1ccc(NC(=O)Nc2ccc(C)c(Cl)c2)cc1F,1
P3_09583,Cc1ccc(NC(=O)Nc2cccc(NC(N)=O)c2)cc1F,0
P3_09584,Cc1ccc(NC(=O)Nc2cccc(Br)c2)cc1F,1
P3_09585,Cc1ccc(NC(=O)Nc2cccc(NC(=O)[O-])c2)cc1F,1
P3_09586,O=C(Nc1cccc(Cl)c1)Nc1ccc(F)c(O)c1,1
P3_09587,Cc1cc(NC(=O)Nc2cccc(Cl)c2)ccc1Cl,1
P3_09588,Cc1ccc(NC(=O)Nc2ccc(Cl)c(Cl)c2)cc1F,1
P3_09589,COc1ccc(NC(=O)Nc2cccc(Cl)c2)cc1F,1
P3_09590,C[C@H](O)c1cc(NC(=O)Nc2cccc(Cl)c2)ccc1F,1
P3_09591,C[C@@H](O)c1cc(NC(=O)Nc2cccc(Cl)c2)ccc1F,1
P3_09592,Cc1ccc(NC(=O)Nc2cccc(Cl)c2)cc1,1
P3_09593,COC(=O)Nc1cccc(NC(=O)Nc2ccc(C)c(F)c2)c1,0
P3_09594,CC(=O)c1cc(NC(=O)Nc2cccc(Cl)c2)ccc1F,1
P3_09595,Cc1ccc(NC(=O)Nc2ccc(C)c(F)c2)cc1C,0
P3_09596,Cc1cc(NC(=O)Nc2cccc(Cl)c2)ccc1O,1
P3_09597,CNC(=O)c1ccc(NC(=O)Nc2cccc(Cl)c2)cc1F,1
P3_09598,COC(=O)c1ccc(NC(=O)Nc2cccc(Cl)c2)cc1F,1
P3_09599,Cc1ccc(NC(=O)Nc2ccc(F)c(O)c2)cc1F,1
P3_09600,CC(=O)Nc1cc(NC(=O)Nc2cccc(Cl)c2)ccc1C,1
P3_09601,Cc1ccc(NC(=O)Nc2ccc(F)c(F)c2)cc1Cl,1
P3_09602,NC(=O)c1ccc(NC(=O)Nc2cccc(Cl)c2)cc1F,1
P3_09603,Cc1ccc(F)c(NC(=O)Nc2cccc(Cl)c2)c1,1
P3_09604,COc1cccc(NC(=O)Nc2ccc(C)c(F)c2)c1,1
P3_09605,Cc1ccc(NC(=O)Nc2cccc(Cl)c2)cc1CO,1
P3_09606,CSc1cccc(NC(=O)Nc2ccc(C)c(F)c2)c1,1
P3_09607,CCC(=O)Nc1cccc(NC(=O)Nc2ccc(C)c(F)c2)c1,0
P3_09608,Cc1ccc(NC(=O)Nc2cccc(N(C)C)c2)cc1F,1
P3_09609,Cc1ccc(NC(=O)Nc2cccc(CO)c2)cc1F,1
P3_09610,COC(=O)Nc1ccc(NC(=O)Nc2cccc(Cl)c2)cc1F,1
P3_09611,Cc1ccc(NC(=O)Nc2cc(Cl)cc(CO)c2)cc1F,1
P3_09612,Cc1ccc(NC(=O)Nc2ccc(O)c(Cl)c2)cc1F,1
P3_09613,Cc1cc(NC(=O)Nc2cccc(Cl)c2)ccc1Br,1
P3_09614,Cc1cccc(NC(=O)Nc2cccc(Cl)c2)c1,1
P3_09615,Cc1ccc(NC(=O)Nc2ccc(F)cc2)cc1F,1
P3_09616,Cc1ccc(NC(=O)Nc2ccc(C)c(F)c2)cc1,1
P3_09617,CNC(=O)c1cc(NC(=O)Nc2cccc(Cl)c2)ccc1F,1
P3_09618,COC(=O)c1cc(NC(=O)Nc2cccc(Cl)c2)ccc1C,1
P3_09619,Cc1ccc(NC(=O)Nc2cccc(C(C)(C)O)c2)cc1F,1
P3_09620,COC(=O)c1cc(NC(=O)Nc2cccc(Cl)c2)ccc1F,1
P3_09621,COC(=O)c1c(F)cc(NC(=O)Nc2cccc(Cl)c2)cc1F,1
P3_09622,Cc1cc(F)ccc1NC(=O)Nc1cccc(Cl)c1,1
P3_09623,COC(=O)c1cccc(NC(=O)Nc2ccc(C)c(F)c2)c1,1
P3_09624,CNC(=O)c1cccc(NC(=O)Nc2ccc(C)c(F)c2)c1,1
P3_09625,Cc1ccc(NC(=O)Nc2cccc(Cl)c2)c(F)c1,1
P3_09626,Cc1cc(Cl)ccc1NC(=O)Nc1cccc(Cl)c1,1
P3_09627,Cc1cc(NC(=O)Nc2cccc(Cl)c2)cc(C)c1O,1
P3_09628,COCc1ccc(NC(=O)Nc2cccc(Cl)c2)cc1F,1
P3_09629,Cc1ccc(NC(=O)Nc2ccc([O-])c(Cl)c2)cc1F,1
P3_09630,Cc1ccc(C)c(NC(=O)Nc2cccc(Cl)c2)c1,1
P3_09631,NC(=O)c1cc(NC(=O)Nc2cccc(Cl)c2)ccc1F,1
P3_09632,O=C(Nc1cccc(Cl)c1)Nc1cc(O)c(F)c(F)c1,1
P3_09633,Cc1ccc(NC(=O)Nc2cc(F)c(O)c(F)c2)cc1F,0
P3_09634,CC(=O)Nc1ccc(NC(=O)Nc2cccc(Cl)c2)cc1,1
P3_09635,Cc1ccc(NC(=O)Nc2ccc(C)c(F)c2)cc1O,1
P3_09636,Cc1ccc(NC(=O)Nc2ccc(O)cc2)cc1F,0
P3_09637,Cc1cc(C)cc(NC(=O)Nc2ccc(C)c(F)c2)c1,1
P3_09638,CC(=O)Nc1ccc(NC(=O)Nc2ccc(C)c(F)c2)cc1,1
P3_09639,Cc1ccc(NC(=O)Nc2ccc(O)c(F)c2)cc1F,1
P3_09640,Cc1ccc(NC(=O)Nc2cccc(CC(=O)[O-])c2)cc1F,0
P3_09641,O=C(Nc1cccc(Cl)c1)Nc1ccc(Cl)cc1F,1
P3_09642,Cc1ccccc1NC(=O)Nc1cccc(Cl)c1,1
P3_09643,CC(=O)Nc1ccc(NC(=O)Nc2cccc(Cl)c2)cc1C,1
P3_09644,Cc1cc(NC(=O)Nc2cccc(Cl)c2)ccc1CO,1
P3_09645,Cc1ccc(NC(=O)Nc2c(C)cccc2O)cc1F,1
P3_09646,Cc1ccc(NC(=O)Nc2cc(F)c([O-])c(F)c2)cc1F,1
P3_09647,Cc1ccc(NC(=O)Nc2ccc(F)c(Cl)c2)cc1Cl,1
P3_09648,Cc1cc(NC(=O)Nc2ccc(C)c(F)c2)ccc1O,0
P3_09649,Cc1cccc(NC(=O)Nc2ccc(F)c(F)c2)c1,1
P3_09650,CS(=O)(=O)Nc1cc(NC(=O)Nc2cccc(Cl)c2)ccc1F,1
P3_09651,Cc1ccc(NC(=O)Nc2cccc(F)c2)cc1Cl,1
P3_09652,Cc1cccc(NC(=O)Nc2ccc(F)c(Cl)c2)c1,1
P3_09653,O=C(Nc1cccc(Cl)c1)Nc1cc(F)ccc1F,1
P3_09654,O=C(Nc1cccc(Cl)c1)Nc1ccc(Cl)c(Cl)c1,1
P3_09655,CC(=O)Nc1cccc(NC(=O)Nc2cccc(Cl)c2)c1,1
P3_09656,CC(=O)c1ccc(F)c(NC(=O)Nc2cccc(Cl)c2)c1,1
P3_09657,Cc1ccc(Cl)cc1NC(=O)Nc1cccc(F)c1,1
P3_09658,CC(=O)Nc1cc(NC(=O)Nc2ccc(C)c(F)c2)ccc1Cl,1
P3_09659,Cc1ccc(NC(=O)Nc2ccc(Cl)c(CO)c2)cc1F,1
P3_09660,Cc1cc(NC(=O)Nc2ccc(C)c(Cl)c2)ccc1F,1
P3_09661,Cc1cc(NC(=O)Nc2cccc(F)c2)ccc1F,1
P3_09662,Cc1ccc(NC(=O)Nc2cccc(C(=O)NC(C)C)c2)cc1F,1
P3_09663,COC(=O)Cc1cccc(NC(=O)Nc2ccc(C)c(F)c2)c1,1
P3_09664,O=C(Nc1cccc(Cl)c1)Nc1ccc(F)cc1F,1
P3_09665,O=C(Nc1ccc(F)cc1)Nc1cccc(Cl)c1,1
P3_09666,COc1cc(Cl)cc(NC(=O)Nc2ccc(C)c(F)c2)c1,1
P3_09667,C#Cc1cccc(NC(=O)Nc2ccc(C)c(F)c2)c1,1
P3_09668,O=C(Nc1ccc(Cl)cc1)Nc1cccc(Cl)c1,1
P3_09669,Cc1ccc(NC(=O)Nc2cccc(C)c2C)cc1F,1
P3_09670,Cc1cc(C)cc(NC(=O)Nc2cccc(Cl)c2)c1,1
P3_09671,Cc1ccc(NC(=O)Nc2cccc(C)c2O)cc1F,1
P3_09672,O=C(Nc1ccccc1)Nc1cccc(Cl)c1,1
P3_09673,Cc1ccc(NC(=O)Nc2cccc(O)c2C)cc1F,1
P3_09674,COc1ccc(NC(=O)Nc2ccc(C)c(F)c2)cc1Cl,1
P3_09675,CC(C)c1ccc(NC(=O)Nc2cccc(Cl)c2)cc1,1
P3_09676,Cc1ccc(NC(=O)Nc2cccc(Cl)c2)c(C)c1,1
P3_09677,Cc1ccc(NC(=O)Nc2ccccc2O)cc1F,1
P3_09678,O=C(Nc1ccc(I)cc1)Nc1cccc(Cl)c1,1
P3_09679,CCc1ccc(NC(=O)Nc2cccc(Cl)c2)cc1,1
P3_09680,COc1ccc(NC(=O)Nc2ccc(C)c(F)c2)cc1,1
P3_09681,COc1ccc(NC(=O)Nc2cccc(Cl)c2)cc1,1
P3_09682,CCc1ccc(NC(=O)Nc2ccc(C)c(F)c2)cc1,1
P3_09683,CSc1ccc(NC(=O)Nc2cccc(Cl)c2)cc1,1
P3_09684,Cc1cc(Cl)ccc1NC(=O)Nc1cccc(F)c1,1
P3_09685,Cc1ccc(NC(=O)Nc2ccc(F)c(C)c2)cc1C,1
P3_09686,Cc1ccc(NC(=O)Nc2cccc(F)c2)cc1C,1
P3_09687,Cc1c(Cl)cccc1NC(=O)Nc1cccc(Cl)c1,1
P3_09688,Cc1ccc(NC(=O)Nc2ccc(C)c(F)c2)c(C)c1,0
P3_09689,Cc1ccc(NC(=O)Nc2ccc(F)cc2F)cc1F,0
P3_09690,Cc1cc(I)ccc1NC(=O)Nc1cccc(Cl)c1,1
P3_09691,O=C(Nc1cccc(Cl)c1)Nc1ccc(I)cc1F,1
P3_09692,Cc1cc(Br)ccc1NC(=O)Nc1cccc(Cl)c1,1
P3_09693,Cc1ccc(NC(=O)Nc2cc(Cl)cc(Cl)c2)cc1C,1
P3_09694,Cc1cccc(NC(=O)Nc2ccc(C)c(Cl)c2)c1,1
P3_09695,O=C(Nc1cccc(F)c1)Nc1ccc(F)c(Cl)c1,1
P3_09696,Cc1ccc(NC(=O)Nc2cccc(Cl)c2)c(Cl)c1,1
P3_09697,Cc1ccc(NC(=O)Nc2ccc(O)cc2C)cc1F,0
P3_09698,Cc1cccc(NC(=O)Nc2ccc(F)c(F)c2)c1C,1
P3_09699,COc1ccc(NC(=O)Nc2cccc(Cl)c2)cc1Cl,1
P3_09700,Cc1cccc(NC(=O)Nc2ccc(Cl)c(F)c2)c1C,1
P3_09701,Cc1ccc(NC(=O)Nc2cccc(F)c2C)cc1Cl,1
P3_09702,O=C(Nc1ccccc1)Nc1ccc(F)c(F)c1,1
P3_09703,COc1ccc(NC(=O)Nc2cc(Cl)ccc2C)cc1F,1
P3_09704,Cc1cccc(NC(=O)Nc2ccc(Cl)cc2)c1,1
P3_09705,O=C(Nc1ccc(Cl)cc1)Nc1cccc(F)c1,1
P3_09706,O=C(Nc1ccccc1)Nc1ccc(F)c(Cl)c1,1
P3_09707,C#Cc1ccc(NC(=O)Nc2cccc(Cl)c2)cc1,1
P3_09708,Cc1ccccc1NC(=O)Nc1ccc(F)c(F)c1,1
P3_09709,COc1cccc(NC(=O)Nc2ccc(F)c(C)c2)c1,1
P3_09710,CCc1cccc(NC(=O)Nc2ccc(F)c(C)c2)c1,1
P3_09711,Cc1ccccc1NC(=O)Nc1ccc(F)c(Cl)c1,1
P3_09712,Cc1ccc(NC(=O)Nc2ccccc2F)cc1Cl,1
P3_09713,COc1ccc(NC(=O)Nc2cccc(Cl)c2)cc1O,1
P3_09714,CCOc1ccc(NC(=O)Nc2ccc(C)c(F)c2)cc1,1
P3_09715,CSc1cccc(NC(=O)Nc2ccc(F)c(C)c2)c1,1
P3_09716,Cc1ccc(NC(=O)Nc2ccc(C)c(Cl)c2)cc1Cl,1
P3_09717,C#Cc1ccc(NC(=O)Nc2cc(Cl)ccc2C)cc1F,1
P3_09718,Cc1ccc(NC(=O)Nc2ccc(F)c(F)c2)cc1,1
P3_09719,Cc1ccc(NC(=O)Nc2cccc(F)c2O)cc1F,1
P3_09720,COc1c(F)cc(NC(=O)Nc2cccc(Cl)c2)cc1F,1
P3_09721,O=C(Nc1cccc(F)c1)Nc1cccc(Cl)c1,1
P3_09722,Cc1ccc(NC(=O)Nc2cccc(C#N)c2)cc1F,0
P3_09723,N#Cc1ccc(NC(=O)Nc2cccc(Cl)c2)cc1F,1
P3_09724,Cc1ccc(NC(=O)Nc2cc(C)c(O)c(C)c2)cc1F,1
P3_09725,Cc1ccc(NC(=O)Nc2ccc(F)c(CO)c2)cc1F,0
P3_09726,COc1cc(C)c(NC(=O)Nc2cccc(Cl)c2)cc1F,1
P3_09727,O=C(Nc1ccc(O)cc1)Nc1cccc(Cl)c1,1
P3_09728,Cc1ccc(NC(=O)Nc2ccc(CO)c(Cl)c2)cc1F,1
P3_09729,Cc1ccc(NC(=O)Nc2ccc(F)c(C#N)c2)cc1F,1
P3_09730,Cc1ccc(NC(=O)Nc2ccc(Cl)c(C#N)c2)cc1F,1
P3_09731,Cc1cc(NC(=O)Nc2ccccc2)ccc1F,1
P3_09732,Nc1ccc(NC(=O)Nc2cccc(Cl)c2)cc1,1
P3_09733,Cc1ccc(NC(=O)Nc2ccc(C#N)c(Cl)c2)cc1F,1
P3_09734,Cc1cc(NC(=O)Nc2cccc(O)c2)ccc1F,0
P3_09735,Cc1ccc(NC(=O)Nc2ccc(CO)c(F)c2)cc1F,0
P3_09736,Cc1ccc(NC(=O)Nc2ccc(C)c(CO)c2)cc1F,1
P3_09737,O=C(Nc1cccc(O)c1)Nc1cccc(Cl)c1,1
P3_09738,Cc1ccc(NC(=O)Nc2ccc(F)c(F)c2)cc1O,1
P3_09739,Cc1ccc(NC(=O)Nc2cc(F)c(O)c(F)c2)cc1Cl,1
P3_09740,Cc1ccc(NC(=O)Nc2ccc(O)c(Br)c2)cc1F,1
P3_09741,Cc1ccc(NC(=O)Nc2ccc(CO)c(C)c2)cc1F,0
P3_09742,Cc1ccc(NC(=O)Nc2ccc(C)c(C#N)c2)cc1F,0
P3_09743,Cc1cc(O)cc(NC(=O)Nc2ccc(C)c(F)c2)c1,1
P3_09744,Cc1ccc(NC(=O)Nc2ccc(C#N)c(F)c2)cc1F,1
P3_09745,Nc1cccc(NC(=O)Nc2cccc(Cl)c2)c1,1
P3_09746,Cc1ccc(NC(=O)Nc2ccc(C#N)c(C)c2)cc1F,1
P3_09747,Cc1ccc(NC(=O)Nc2cc(F)c(F)cc2N)cc1F,1
P3_09748,Cc1ccc(NC(=O)Nc2cc(F)c([O-])c(F)c2)cc1Cl,1
P3_09749,O=C(Nc1ccc(Cl)cc1)Nc1ccc(F)c(F)c1,1
P3_09750,O=C(Nc1cccc(O)c1)Nc1ccc(F)c(F)c1,1
P3_09751,Cc1ccc(NC(=O)Nc2ccccc2)cc1Cl,1
P3_09752,O=C(Nc1ccccc1)Nc1ccc(Cl)c(F)c1,1
P3_09753,Cc1ccc(NC(=O)Nc2cccc(F)c2)cc1O,1
P3_09754,Cc1cccc(NC(=O)Nc2ccc(O)c(F)c2)c1,1
P3_09755,N#Cc1ccc(NC(=O)Nc2cccc(Cl)c2)cc1,1
P3_09756,Cc1cccc(NC(=O)Nc2ccc(F)c(O)c2)c1,1
P3_09757,Cc1ccc(NC(=O)Nc2ccc(O)c(F)c2F)cc1F,0
P3_09758,Cc1ccc(NC(=O)Nc2ccc(F)cc2O)cc1F,1
P3_09759,Cc1ccc(NC(=O)Nc2cccc(OC(F)F)c2)cc1F,1
P3_09760,COc1cc(NC(=O)Nc2cccc(Cl)c2)cc(F)c1F,1
P3_09761,COCc1cccc(NC(=O)Nc2ccc(C)c(F)c2)c1,0
P3_09762,COc1cc(NC(=O)Nc2ccc(C)c(F)c2)ccc1F,1
P3_09763,Cc1ccc(NC(=O)Nc2ccc(C(F)(F)F)cc2)cc1F,1
P3_09764,COc1ccc(NC(=O)Nc2ccc(C)c(F)c2)cc1F,1
P3_09765,Cc1ccc(NC(=O)Nc2cccc([O-])c2Br)cc1F,1
P3_09766,COc1cccc(NC(=O)Nc2ccc(C)c(F)c2)c1F,1
P3_09767,COc1cccc(NC(=O)Nc2cccc(Cl)c2)c1,1
P3_09768,NCCOc1ccc(NC(=O)Nc2cccc(Cl)c2)cc1,1
P3_09769,CCCCOc1ccc(NC(=O)Nc2cccc(Cl)c2)cc1,1
P3_09770,Cc1ccc(NC(=O)Nc2ccccc2CO)cc1F,0
P3_09771,COc1ccc(NC(=O)Nc2ccc(C)c(F)c2)c(Cl)c1,1
P3_09772,CC(C)Oc1ccc(NC(=O)Nc2cccc(Cl)c2)cc1,1
P3_09773,COCc1ccc(NC(=O)Nc2ccc(C)c(F)c2)cc1,1
P3_09774,Cc1ccc(NC(=O)Nc2ccc(OC(F)(F)F)cc2)cc1F,1
P3_09775,CCOc1cc(NC(=O)Nc2ccc(C)c(F)c2)ccc1C,1
P3_09776,Cc1ccc(NC(=O)Nc2ccc(OC(F)F)cc2)cc1F,1
P3_09777,CCOc1ccc(NC(=O)Nc2cccc(Cl)c2)cc1,1
P3_09778,Cc1cc(NC(=O)Nc2cccc(N(C)C)c2)ccc1F,1
P3_09779,COc1ccc(NC(=O)Nc2cccc(Cl)c2)c(C)c1,1
P3_09780,Cc1ccc(NC(=O)Nc2ccc(Cl)cc2)cc1C,1
P3_09781,Cc1ccc(NC(=O)Nc2ccc(F)cc2)cc1Cl,1
P3_09782,Cc1ccc(NC(=O)Nc2ccc(Cl)c(F)c2)cc1,1
P3_09783,Cc1ccc(NC(=O)Nc2ccc(F)c(Cl)c2)cc1,1
P3_09784,Cc1cccc(NC(=O)Nc2ccc(F)c(Br)c2)c1,1
P3_09785,CSc1cccc(NC(=O)Nc2ccc(F)c(F)c2)c1,1
P3_09786,COc1cc(NC(=O)Nc2ccc(F)c(F)c2)ccc1C,1
P3_09787,Cc1ccc(NC(=O)Nc2cccc(Br)c2)cc1Cl,1
P3_09788,COc1cc(NC(=O)Nc2ccc(F)c(Cl)c2)ccc1C,1
P3_09789,COc1cc(NC(=O)Nc2ccc(C)c(Cl)c2)ccc1F,1
P3_09790,CCSc1cccc(NC(=O)Nc2ccc(F)c(F)c2)c1,0
P3_09791,COc1ccc(NC(=O)Nc2ccc(C)c(Cl)c2)cc1F,1
P3_09792,COc1cccc(NC(=O)Nc2ccc(F)c(Cl)c2)c1,1
P3_09793,Cc1ccc(NC(=O)Nc2ccc(Cl)cc2)cc1Cl,1
P3_09794,Cc1cccc(NC(=O)Nc2ccc(C)c(C)c2)c1,1
P3_09795,Cc1cc(NC(=O)Nc2ccc(F)cc2)ccc1F,0
P3_09796,Cc1ccc(NC(=O)Nc2cc(F)cc(F)c2)cc1Cl,1
P3_09797,CCOc1cccc(NC(=O)Nc2cccc(Cl)c2)c1,1
P3_09798,COCCOc1ccc(NC(=O)Nc2ccc(C)c(F)c2)cc1,1
P3_09799,CCOCc1ccc(NC(=O)Nc2ccc(C)c(F)c2)cc1,1
P3_09800,CCOCc1ccc(NC(=O)Nc2cccc(Cl)c2)cc1,1
P3_09801,COc1ccc(NC(=O)Nc2ccc(C)c(F)c2)c(C)c1,1
P3_09802,CC[C@H](C)[NH2+]CC(O)(c1ccc(Cl)cc1)c1ccc(Cl)cc1,0
P3_09803,CC[C@@H](C)[NH2+]CC(O)(c1ccc(Cl)cc1)c1ccc(Cl)cc1,0
P3_09804,CC(C)[NH2+]CC(O)(c1ccc(Cl)cc1)c1ccc(Cl)cc1,1
P3_09805,CCOCC(O)(c1ccc(Cl)cc1)c1ccc(Cl)cc1,1
P3_09806,CCCC[NH2+]CC(O)(c1ccc(Cl)cc1)c1ccc(Cl)cc1,1
P3_09807,C[NH2+]CC(O)(c1ccc(Cl)cc1)c1ccc(Cl)cc1,1
P3_09808,[NH3+]CC(O)(c1ccc(Cl)cc1)c1ccc(Cl)cc1,1
P3_09809,OC(CF)(c1ccc(Cl)cc1)c1ccc(Cl)cc1,1
P3_09810,C[S@@](=O)CC(O)(c1ccc(Cl)cc1)c1ccc(Cl)cc1,1
P3_09811,C[S@](=O)CC(O)(c1ccc(Cl)cc1)c1ccc(Cl)cc1,1
P3_09812,CC(C)(C)[NH2+]CC(O)(c1ccc(Cl)cc1)c1ccc(Cl)cc1,1
P3_09813,CCN(CC)CC[NH2+]CC(O)(c1ccc(Cl)cc1)c1ccc(Cl)cc1,1
P3_09814,C[C@](O)(c1ccccc1)c1ccc(Cl)cc1,1
P3_09815,C[C@@](O)(c1ccccc1)c1ccc(Cl)cc1,1
P3_09816,CC[C@H](O)CNC(c1ccccc1)c1ccc(Cl)cc1,1
P3_09817,CCC(O)CNC(c1ccccc1)c1ccc(Cl)cc1,1
P3_09818,CC[C@H](O)CNC(c1ccc(F)cc1)c1ccc(Cl)cc1,1
P3_09819,CC[C@@H](O)CNC(c1ccc(F)cc1)c1ccc(Cl)cc1,1
P3_09820,CC[C@@H](O)CNC(c1ccccc1)c1ccc(Cl)cc1,1
P3_09821,CCC(O)CNC(c1ccc(F)cc1)c1ccc(Cl)cc1,1
P3_09822,C#CC(O)(c1ccc(Cl)cc1)c1ccc(Cl)cc1,1
P3_09823,CC(O)CC(C)(C)CNC(c1ccc(F)cc1)c1ccc(Cl)cc1,1
P3_09824,C[C@H](O)CNC(c1ccc(F)cc1)c1ccc(Cl)cc1,1
P3_09825,CC(O)CNC(c1ccc(F)cc1)c1ccc(Cl)cc1,1
P3_09826,C[C@@H](O)CNC(c1ccc(F)cc1)c1ccc(Cl)cc1,1
P3_09827,CC[C@@H](O)CNC(c1ccc(Cl)cc1)c1ccc(C#N)cc1,1
P3_09828,CCC(O)CNC(c1ccc(Cl)cc1)c1ccc(C#N)cc1,1
P3_09829,CC[C@H](O)CNC(c1ccc(Cl)cc1)c1ccc(C#N)cc1,1
P3_09830,CCC(O)CNC(c1ccc(Cl)cc1)c1ccccc1F,1
P3_09831,CC[C@H](O)CNC(c1ccc(Cl)cc1)c1ccccc1F,1
P3_09832,CC[C@@H](O)CNC(c1ccc(Cl)cc1)c1ccccc1F,1
P3_09833,CCC(O)(CC)CNC(c1ccc(F)cc1)c1ccc(F)cc1,1
P3_09834,CC[C@H](O)CNC(c1ccc(Cl)cc1)c1cccc(F)c1,1
P3_09835,CCC(O)CNC(c1ccc(Cl)cc1)c1cccc(F)c1,1
P3_09836,CC[C@@H](O)CNC(c1ccc(Cl)cc1)c1cccc(F)c1,1
P3_09837,CC(O)CNC(c1ccc(Cl)cc1)c1ccccc1Cl,1
P3_09838,C[C@@H](O)CNC(c1ccc(Cl)cc1)c1ccccc1Cl,1
P3_09839,C[C@H](O)CNC(c1ccc(Cl)cc1)c1ccccc1Cl,1
P3_09840,CC[C@H](O)CNC(=O)NC(c1ccc(Cl)cc1)c1ccc(Cl)cc1,0
P3_09841,Cc1ccccc1C(NC[C@@H](C)O)c1ccc(Cl)cc1,1
P3_09842,Cc1ccccc1C(NCC(C)O)c1ccc(Cl)cc1,1
P3_09843,Cc1ccccc1C(NC[C@H](C)O)c1ccc(Cl)cc1,1
P3_09844,CCC(N)CNC(c1ccc(Cl)cc1)c1ccc(C#N)cc1,0
P3_09845,CCC(C)NCC(=O)NC(c1ccccc1)c1ccc(C)cc1,1
P3_09846,CCC(O)CNC(c1ccc(Cl)cc1)c1cccc(C#N)c1,1
P3_09847,CC[C@H](O)CNC(c1ccc(Cl)cc1)c1cccc(C#N)c1,1
P3_09848,C[C@@](O)(CO)CNC(c1ccccc1)c1ccc(Cl)cc1F,1
P3_09849,C[C@](O)(CO)CNC(c1ccccc1)c1ccc(Cl)cc1F,1
P3_09850,CC(O)(CO)CNC(c1ccccc1)c1ccc(Cl)cc1F,1
P3_09851,CC[C@@H](O)CNC(c1ccc(Cl)cc1)c1cccc(C#N)c1,1
P3_09852,CCC(N)CNC(c1ccc(Cl)cc1)c1ccccc1F,1
P3_09853,CCC(O)CNC(c1ccccc1)c1ccc(Cl)cc1F,1
P3_09854,CC[C@@H](O)CNC(c1ccccc1)c1ccc(Cl)cc1F,1
P3_09855,CC[C@H](O)CNC(c1ccccc1)c1ccc(Cl)cc1F,1
P3_09856,Cc1ccccc1C(NCC(C)N)c1ccc(Cl)cc1,1
P3_09857,CCC(O)CNC(c1ccccc1)c1cc(F)cc(Cl)c1,1
P3_09858,CC[C@H](O)CNC(c1ccccc1)c1cc(F)cc(Cl)c1,1
P3_09859,CC[C@@H](O)CNC(c1ccc(F)cc1)c1cccc(Cl)c1,1
P3_09860,CC[C@H](O)CNC(c1ccc(F)cc1)c1cccc(Cl)c1,1
P3_09861,CCC(O)CNC(c1ccc(F)cc1)c1cccc(Cl)c1,1
P3_09862,CC[C@@H](O)CNC(c1ccccc1)c1cc(F)cc(Cl)c1,1
P3_09863,Cc1ccc(C(O)(c2ccc(C)cc2)C(C)(C)O)cc1,1
P3_09864,C#CC(O)CNC(c1ccc(F)cc1)c1ccc(Cl)cc1,1
P3_09865,CC[C@H](O)CNC(c1cc(F)ccc1F)c1ccccc1Cl,1
P3_09866,CC[C@H](O)CNC(c1cccc(Cl)c1)c1ccccc1F,1
P3_09867,CCC(O)CNC(c1cccc(Cl)c1)c1ccccc1F,1
P3_09868,CCC(N)CNC(c1ccccc1)c1ccc(Cl)cc1F,1
P3_09869,CCC(C)(c1ccc(O)cc1)c1ccc(O)cc1,1
P3_09870,NCC(F)CNC(c1ccc(Cl)cc1)c1ccccc1Cl,1
P3_09871,CC[C@@H](O)CNC(c1cccc(Cl)c1)c1ccccc1F,1
P3_09872,NC[C@@H](O)CNC(c1ccc(Cl)cc1)c1ccccc1Cl,1
P3_09873,CC[C@@H](O)CNC(c1ccc(C#N)cc1)c1cccc(Cl)c1,1
P3_09874,CCC(O)CNC(c1ccc(C#N)cc1)c1cccc(Cl)c1,1
P3_09875,CC[C@H](O)CNC(c1ccc(F)c(C)c1)c1ccccc1Cl,1
P3_09876,CC[C@H](O)CNC(c1ccc(C#N)cc1)c1cccc(Cl)c1,1
P3_09877,CCC(O)CNC(c1ccc(F)cc1)c1ccccc1Cl,1
P3_09878,CC[C@@H](O)CNC(c1ccc(F)cc1)c1ccccc1Cl,1
P3_09879,OC[C@@H](O)CNC(c1ccc(Cl)cc1)c1ccccc1F,1
P3_09880,CC[C@H](O)CNC(c1ccc(F)cc1)c1ccccc1Cl,1
P3_09881,OCC(O)CNC(c1ccc(Cl)cc1)c1ccccc1F,1
P3_09882,OC[C@H](O)CNC(c1ccc(Cl)cc1)c1ccccc1F,1
P3_09883,CC[C@@H](O)CNC(c1ccccc1)c1ccc(Cl)c(F)c1,1
P3_09884,CC[C@H](O)CNC(c1ccccc1)c1cccc(Cl)c1F,1
P3_09885,CC[C@@H](O)CNC(c1ccccc1)c1cccc(Cl)c1F,1
P3_09886,CCC(O)CNC(c1ccccc1)c1ccc(Cl)c(F)c1,1
P3_09887,CC[C@H](O)CNC(c1ccccc1)c1ccc(Cl)c(F)c1,1
P3_09888,CCC(O)CNC(c1ccccc1)c1cccc(Cl)c1F,1
P3_09889,CN[C@@H](C)CNC(c1cc(F)ccc1F)c1ccccc1Cl,1
P3_09890,CN[C@H](C)CNC(c1cc(F)ccc1F)c1ccccc1Cl,1
P3_09891,CCC(C)(O)CNC(c1ccccc1)c1ccc(C)cc1C,1
P3_09892,OCC(O)CNC(c1ccc(Cl)cc1)c1cccc(F)c1F,1
P3_09893,CCC(O)CCNC(c1ccc(F)cc1)c1ccccc1Cl,1
P3_09894,OC[C@@H](O)CNC(c1ccc(Cl)cc1)c1cccc(F)c1F,1
P3_09895,OC[C@H](O)CNC(c1ccc(Cl)cc1)c1cccc(F)c1F,1
P3_09896,CCC(C)(O)CNC(c1ccccc1)c1ccc(Cl)cc1,1
P3_09897,CC(C)(O)CNC(c1ccccc1)c1ccc(Cl)cc1,1
P3_09898,CC(C)(O)CNC(c1ccc(F)cc1)c1ccc(Cl)cc1,1
P3_09899,C[C@@](O)(CO)CNC(c1ccc(F)cc1)c1ccc(Cl)cc1,1
P3_09900,C[C@](O)(CO)CNC(c1ccc(F)cc1)c1ccc(Cl)cc1,1
P3_09901,CC(O)(CO)CNC(c1ccc(F)cc1)c1ccc(Cl)cc1,1
P3_09902,CC(C)(O)CNC(c1ccc(Cl)cc1)c1ccccc1Cl,1
P3_09903,CC(CO)CNC(c1ccc(Cl)cc1)c1ccc(Cl)cc1,1
P3_09904,CC(C)[NH2+]CC(O)(c1ccccc1)c1ccccc1,1
P3_09905,C[C@@](O)(CO)CNC(c1ccc(Cl)cc1)c1cccc(Cl)c1,1
P3_09906,CC(O)(CO)CNC(c1ccc(Cl)cc1)c1cccc(Cl)c1,1
P3_09907,CC(C)(O)CNC(c1ccc(Cl)cc1)c1ccccc1F,1
P3_09908,C[C@](O)(CO)CNC(c1ccc(Cl)cc1)c1cccc(Cl)c1,1
P3_09909,COCC(C)(O)CNC(c1ccc(Cl)cc1)c1ccccc1Cl,1
P3_09910,CC(C)(CO)CNC(c1ccc(F)cc1)c1ccc(Cl)cc1,1
P3_09911,CC(C)(O)CNC(c1ccc(Cl)cc1)c1cccc(F)c1,1
P3_09912,CC(O)(CN)CNC(c1ccc(Cl)cc1)c1cccc(Cl)c1,1
P3_09913,CC(O)(CN)CNC(c1ccc(Cl)cc1)c1ccccc1Cl,1
P3_09914,CC(C)(CCO)CNC(c1ccccc1)c1ccc(Cl)cc1,1
P3_09915,CC(C)[NH2+]C[C@](O)(c1ccccc1)c1ccc(F)cc1,1
P3_09916,CC(C)(N)CNC(c1ccccc1)c1ccc(Cl)cc1,1
P3_09917,CC(C)C(O)CNC(c1ccccc1)c1ccc(Cl)cc1,1
P3_09918,CC(C)[NH2+]C[C@@](O)(c1ccccc1)c1ccc(F)cc1,1
P3_09919,CC(O)(CO)CNC(c1ccc(Cl)cc1)c1ccccc1F,1
P3_09920,C[C@@](O)(CO)CNC(c1ccc(Cl)cc1)c1ccccc1F,1
P3_09921,C[C@](O)(CO)CNC(c1ccc(Cl)cc1)c1ccccc1F,1
P3_09922,CCC(O)CCCNC(c1ccccc1)c1ccc(Cl)cc1,1
P3_09923,CC(C)(N)CNC(c1ccc(F)cc1)c1ccc(Cl)cc1,1
P3_09924,CC(O)(CN)CNC(c1ccc(Cl)cc1)c1ccccc1F,1
P3_09925,CC(C)(O)CNC(c1ccccc1)c1cc(Cl)ccc1Cl,1
P3_09926,C[C@@](O)(CO)CNC(c1cccc(Cl)c1)c1cccc(Cl)c1,1
P3_09927,C[C@](O)(CO)CNC(c1cccc(Cl)c1)c1cccc(Cl)c1,1
P3_09928,CC[C@@H](N)CNC(c1ccc(F)cc1)c1ccc(Cl)cc1,0
P3_09929,CCC(N)CNC(c1ccc(F)cc1)c1ccc(Cl)cc1,0
P3_09930,CC(O)(CO)CNC(c1cccc(Cl)c1)c1cccc(Cl)c1,1
P3_09931,CC(C)(O)C[NH2+][C@H](c1ccccc1)c1ccc(Cl)cc1,1
P3_09932,CC(C)(O)C[NH2+][C@@H](c1ccccc1)c1ccc(Cl)cc1,1
P3_09933,CC[C@@](C)(O)C[NH2+][C@@H](c1ccc(F)cc1)c1ccc(Cl)cc1,1
P3_09934,CC[C@](C)(O)C[NH2+][C@H](c1ccc(F)cc1)c1ccc(Cl)cc1,1
P3_09935,CC[C@](C)(O)C[NH2+][C@@H](c1ccc(F)cc1)c1ccc(Cl)cc1,1
P3_09936,CC(CCO)CNC(c1ccccc1)c1ccc(Cl)cc1,1
P3_09937,CC[C@@](C)(O)C[NH2+][C@H](c1ccc(F)cc1)c1ccc(Cl)cc1,1
P3_09938,CCCC(O)CNC(c1ccccc1)c1ccc(Cl)cc1,1
P3_09939,CC(O)CCCNC(c1ccccc1)c1ccc(Cl)cc1,1
P3_09940,CC(C)(O)C[NH2+][C@H](c1ccc(F)cc1)c1ccc(Cl)cc1,1
P3_09941,CC(C)(O)C[NH2+][C@@H](c1ccc(F)cc1)c1ccc(Cl)cc1,1
P3_09942,C[C@H](N)CNC(c1ccccc1)c1ccc(Cl)cc1,1
P3_09943,C[C@@H](N)CNC(c1ccccc1)c1ccc(Cl)cc1,1
P3_09944,CC(N)CNC(c1ccccc1)c1ccc(Cl)cc1,1
P3_09945,COCCC(C)(O)CNC(c1ccc(Cl)cc1)c1ccccc1Cl,1
P3_09946,CC(C)(O)CNC(c1ccccc1)c1ccc(Cl)cc1F,1
P3_09947,CC(N)(CO)CNC(c1ccc(Cl)cc1)c1ccccc1Cl,1
P3_09948,CC(O)(CO)CNC(c1ccccc1)c1cc(Cl)cc(Cl)c1,1
P3_09949,C[C@@](O)(CO)CNC(c1ccccc1)c1cc(Cl)cc(Cl)c1,1
P3_09950,CCCC(O)CNC(c1ccc(F)cc1)c1ccc(Cl)cc1,1
P3_09951,C[C@](O)(CO)CNC(c1ccccc1)c1cc(Cl)cc(Cl)c1,1
P3_09952,CC(CO)CNC(c1ccc(Cl)cc1)c1ccccc1Cl,1
P3_09953,CC(C)(O)CC[NH2+][C@H](c1ccc(F)cc1)c1ccc(Cl)cc1,0
P3_09954,CC(C)(O)CC[NH2+][C@@H](c1ccc(F)cc1)c1ccc(Cl)cc1,0
P3_09955,COCC(O)(c1ccc(Br)cc1)c1ccc(Br)cc1,1
P3_09956,C=C(CO)CNC(c1ccc(C)cc1)c1ccc(Cl)cc1,0
P3_09957,CC(C)(O)CNC(c1ccc(F)cc1)c1cccc(Cl)c1,1
P3_09958,CC(C)COCC(O)CNC(c1ccccc1)c1ccc(Cl)cc1,1
P3_09959,CC(C)(O)CNC(c1ccccc1)c1ccc(F)c(Cl)c1,1
P3_09960,CCOCC(O)CNC(c1ccc(F)cc1)c1ccc(Cl)cc1,1
P3_09961,CC(CCO)CNC(c1ccc(Cl)cc1)c1ccccc1Cl,1
P3_09962,C#CC(O)CNC(c1ccc(C)cc1)c1ccc(Cl)cc1,1
P3_09963,CC[C@@H](C)[NH2+][C@@H](C(C)C)C(O)(c1ccccc1)c1ccccc1,1
P3_09964,CCCC(C)(O)CNC(c1ccccc1)c1ccccc1,1
P3_09965,CC[C@H](C)[NH2+][C@@H](C(C)C)C(O)(c1ccccc1)c1ccccc1,1
P3_09966,C[C@@](O)(CO)CNC(c1ccc(F)cc1)c1cccc(Cl)c1,1
P3_09967,CC(O)(CO)CNC(c1ccc(F)cc1)c1cccc(Cl)c1,1
P3_09968,C[C@](O)(CO)CNC(c1ccc(F)cc1)c1cccc(Cl)c1,1
P3_09969,C[C@@](O)(CO)CNC(c1cccc(Cl)c1)c1ccccc1Cl,1
P3_09970,CCC(C)(O)CNC(c1ccc(F)cc1)c1ccccc1Cl,1
P3_09971,CCC(C)NCC(C)(O)C(c1ccccc1)c1ccccc1,1
P3_09972,C[C@](O)(CN[C@@H](c1ccc(F)cc1)c1ccc(Cl)cc1)C(F)(F)F,1
P3_09973,C[C@@](O)(CN[C@@H](c1ccc(F)cc1)c1ccc(Cl)cc1)C(F)(F)F,1
P3_09974,C[C@](O)(CN[C@H](c1ccc(F)cc1)c1ccc(Cl)cc1)C(F)(F)F,1
P3_09975,C[C@@](O)(CN[C@H](c1ccc(F)cc1)c1ccc(Cl)cc1)C(F)(F)F,1
P3_09976,CCC(O)CC(=O)NC(c1ccc(F)cc1)c1ccc(Cl)cc1,1
P3_09977,CC(C)([NH3+])CN[C@@H](c1ccc(F)cc1)c1ccc(Cl)cc1,1
P3_09978,CC(C)([NH3+])CN[C@H](c1ccc(F)cc1)c1ccc(Cl)cc1,1
P3_09979,CN(C)C(=O)CNC(c1ccc(Cl)cc1)c1ccc(Cl)cc1,1
P3_09980,C[C@@H]([NH3+])CN[C@@H](c1ccc(F)cc1)c1ccc(Cl)cc1,1
P3_09981,C[C@H]([NH3+])CN[C@@H](c1ccc(F)cc1)c1ccc(Cl)cc1,1
P3_09982,C[C@@H]([NH3+])CN[C@H](c1ccc(F)cc1)c1ccc(Cl)cc1,1
P3_09983,C[C@H](CO)C[NH2+]C(c1ccc(Cl)cc1)c1ccc(Cl)cc1,1
P3_09984,C[C@@H](CO)C[NH2+]C(c1ccc(Cl)cc1)c1ccc(Cl)cc1,1
P3_09985,CC[C@H](O)C[N@@H+](C)[C@@H](c1ccc(F)cc1)c1ccc(Cl)cc1,1
P3_09986,CC[C@@H](O)C[N@H+](C)[C@H](c1ccc(F)cc1)c1ccc(Cl)cc1,1
P3_09987,CC[C@H](O)C[N@@H+](C)[C@H](c1ccc(F)cc1)c1ccc(Cl)cc1,1
P3_09988,CC[C@H](O)C[N@H+](C)[C@@H](c1ccc(F)cc1)c1ccc(Cl)cc1,1
P3_09989,CC[C@@H](O)C[N@@H+](C)[C@@H](c1ccc(F)cc1)c1ccc(Cl)cc1,1
P3_09990,CC[C@@H](O)C[N@H+](C)[C@@H](c1ccc(F)cc1)c1ccc(Cl)cc1,1
P3_09991,CC[C@H](O)C[N@H+](C)[C@H](c1ccc(F)cc1)c1ccc(Cl)cc1,1
P3_09992,C[C@H](CN[C@H](c1ccccc1)c1ccc(Cl)cc1)[NH+](C)C,1
P3_09993,C[C@@H](CN[C@@H](c1ccccc1)c1ccc(Cl)cc1)[NH+](C)C,1
P3_09994,C[C@H](CN[C@@H](c1ccccc1)c1ccc(Cl)cc1)[NH+](C)C,1
P3_09995,CC[C@@H](O)C[N@@H+](C)[C@H](c1ccc(F)cc1)c1ccc(Cl)cc1,1
P3_09996,C[C@@H](CN[C@H](c1ccccc1)c1ccc(Cl)cc1)[NH+](C)C,1
P3_09997,C[C@H]([NH3+])CCN[C@@H](c1ccc(F)cc1)c1ccc(Cl)cc1,1
P3_09998,C[C@H]([NH3+])CCN[C@H](c1ccc(F)cc1)c1ccc(Cl)cc1,1
P3_09999,C[C@H](CCO)[NH2+]C(c1ccc(Cl)cc1)c1ccc(Cl)cc1,1
P3_10000,C[C@@H](CCO)[NH2+]C(c1ccc(Cl)cc1)c1ccc(Cl)cc1,1
P3_10001,COC[C@@](C)(O)C[NH2+][C@@H](c1ccc(F)cc1)c1ccc(Cl)cc1,1
P3_10002,COC[C@](C)(O)C[NH2+][C@H](c1ccc(F)cc1)c1ccc(Cl)cc1,1
P3_10003,COC[C@@](C)(O)C[NH2+][C@H](c1ccc(F)cc1)c1ccc(Cl)cc1,1
P3_10004,COC[C@](C)(O)C[NH2+][C@@H](c1ccc(F)cc1)c1ccc(Cl)cc1,1
P3_10005,CC[C@@H](O)CC[NH2+][C@@H](c1ccc(F)cc1)c1ccc(Cl)cc1,0
P3_10006,C[NH2+]C[C@@H](C)N[C@H](c1ccc(F)cc1)c1ccc(Cl)cc1,1
P3_10007,C[NH2+]C[C@H](C)N[C@H](c1ccc(F)cc1)c1ccc(Cl)cc1,1
P3_10008,C[NH2+]C[C@@H](C)N[C@@H](c1ccc(F)cc1)c1ccc(Cl)cc1,1
P3_10009,C[C@H](CN[C@@H](c1ccc(F)cc1)c1ccc(Cl)cc1)[NH+](C)C,1
P3_10010,C[C@H](CN[C@H](c1ccc(F)cc1)c1ccc(Cl)cc1)[NH+](C)C,1
P3_10011,C[C@@H](CN[C@@H](c1ccc(F)cc1)c1ccc(Cl)cc1)[NH+](C)C,1
P3_10012,CC[C@H](O)CC[NH2+][C@@H](c1ccc(F)cc1)c1ccc(Cl)cc1,0
P3_10013,CC[C@@H](O)CC[NH2+][C@H](c1ccc(F)cc1)c1ccc(Cl)cc1,0
P3_10014,C[C@@H](CN[C@H](c1ccc(F)cc1)c1ccc(Cl)cc1)[NH+](C)C,1
P3_10015,O[C@@H](CN[C@H](c1ccc(F)cc1)c1ccc(Cl)cc1)C(F)(F)F,1
P3_10016,O[C@H](CN[C@@H](c1ccc(F)cc1)c1ccc(Cl)cc1)C(F)(F)F,1
P3_10017,O[C@@H](CN[C@@H](c1ccc(F)cc1)c1ccc(Cl)cc1)C(F)(F)F,1
P3_10018,CC[C@H](O)CC[NH2+][C@H](c1ccc(F)cc1)c1ccc(Cl)cc1,0
P3_10019,C[NH2+]C[C@H](C)N[C@@H](c1ccc(F)cc1)c1ccc(Cl)cc1,1
P3_10020,O[C@H](CN[C@H](c1ccc(F)cc1)c1ccc(Cl)cc1)C(F)(F)F,1
P3_10021,C[C@](O)(C[NH2+][C@@H](c1ccc(F)cc1)c1ccc(Cl)cc1)C(F)(F)F,1
P3_10022,C[C@@](O)(C[NH2+][C@H](c1ccc(F)cc1)c1ccc(Cl)cc1)C(F)(F)F,1
P3_10023,C[C@](O)(C[NH2+][C@H](c1ccc(F)cc1)c1ccc(Cl)cc1)C(F)(F)F,1
P3_10024,CCOCCN[C@@H](c1ccc(F)cc1)c1ccc(Cl)cc1,1
P3_10025,C[C@@](O)(C[NH2+][C@@H](c1ccc(F)cc1)c1ccc(Cl)cc1)C(F)(F)F,1
P3_10026,CCOCCN[C@H](c1ccc(F)cc1)c1ccc(Cl)cc1,1
P3_10027,C[C@H](CC(N)=O)[NH2+]C(c1ccc(Cl)cc1)c1ccc(Cl)cc1,1
P3_10028,C[C@@H](CC(N)=O)[NH2+]C(c1ccc(Cl)cc1)c1ccc(Cl)cc1,1
P3_10029,C[C@H](C[NH2+][C@@H](c1ccc(F)cc1)c1ccc(Cl)cc1)N(C)C,1
P3_10030,C[C@@H](C[NH2+][C@@H](c1ccc(F)cc1)c1ccc(Cl)cc1)N(C)C,1
P3_10031,C[C@@H](C[NH2+][C@H](c1ccc(F)cc1)c1ccc(Cl)cc1)N(C)C,1
P3_10032,CS(=O)(=O)CCCNC(c1ccc(Cl)cc1)c1ccc(Cl)cc1,1
P3_10033,C[C@H](C[NH2+][C@H](c1ccc(F)cc1)c1ccc(Cl)cc1)N(C)C,1
P3_10034,CC(=O)C(C)(O)CNC(c1cccc(C)c1)c1cccc(Cl)c1,1
P3_10035,C[C@@H](O)CC[NH2+][C@H](c1ccc(F)cc1)c1ccc(Cl)cc1,1
P3_10036,C[C@H](O)CC[NH2+][C@@H](c1ccc(F)cc1)c1ccc(Cl)cc1,1
P3_10037,COCC(O)(CNC(c1ccc(F)cc1)c1ccc(F)cc1)COC,1
P3_10038,C[C@@H](O)CC[NH2+][C@@H](c1ccc(F)cc1)c1ccc(Cl)cc1,1
P3_10039,C[NH+](C)CCO[C@@](C)(c1ccccc1)c1ccc(Cl)cc1,1
P3_10040,C[NH+](C)CCO[C@](C)(c1ccccc1)c1ccc(Cl)cc1,1
P3_10041,C[NH+](C)CCN[C@@H](c1ccc(F)cc1)c1ccc(Cl)cc1,1
P3_10042,C[C@H](O)CC[NH2+][C@H](c1ccc(F)cc1)c1ccc(Cl)cc1,1
P3_10043,C[NH+](C)CCN[C@H](c1ccc(F)cc1)c1ccc(Cl)cc1,1
P3_10044,CS(=O)(=O)C[C@H](O)CN[C@@H](c1ccccc1)c1ccc(Cl)cc1,1
P3_10045,CC(O)CC(C)(C)CNC(c1ccccc1)c1ccc(Cl)cc1,1
P3_10046,COCC(C)(O)CNC(c1ccc(Cl)cc1)c1cccc(F)c1,1
P3_10047,CC[C@@H](CO)[NH2+][C@@H](c1ccccc1)c1ccc(Cl)cc1,1
P3_10048,CC[C@H](CO)[NH2+][C@@H](c1ccccc1)c1ccc(Cl)cc1,1
P3_10049,CC[C@H](CO)[NH2+][C@H](c1ccccc1)c1ccc(Cl)cc1,1
P3_10050,CC[C@@H](CO)[NH2+][C@H](c1ccccc1)c1ccc(Cl)cc1,1
P3_10051,CC[C@@H](CO)[NH2+][C@H](c1ccc(F)cc1)c1ccc(Cl)cc1,1
P3_10052,CC[C@@H](CO)[NH2+][C@@H](c1ccc(F)cc1)c1ccc(Cl)cc1,1
P3_10053,COCC(O)CNC(c1ccc(Cl)cc1)c1ccc(Cl)cc1,1
P3_10054,COC[C@@H](O)CNC(c1ccc(Cl)cc1)c1ccc(Cl)cc1,1
P3_10055,COC[C@H](O)CNC(c1ccc(Cl)cc1)c1ccc(Cl)cc1,1
P3_10056,CCC(C)(O)CNC(c1cccc(F)c1)c1cccc(Cl)c1,1
P3_10057,COC[C@](C)(O)C[NH2+][C@@H](c1ccccc1)c1ccc(Cl)cc1,1
P3_10058,COC[C@@](C)(O)C[NH2+][C@H](c1ccccc1)c1ccc(Cl)cc1,1
P3_10059,COC[C@](C)(O)C[NH2+][C@H](c1ccccc1)c1ccc(Cl)cc1,1
P3_10060,COC[C@@](C)(O)C[NH2+][C@@H](c1ccccc1)c1ccc(Cl)cc1,1
P3_10061,C[NH2+]C[C@@H](C)C(=O)NC(c1ccc(Cl)cc1)c1ccc(Cl)cc1,1
P3_10062,C[NH2+]C[C@H](C)C(=O)NC(c1ccc(Cl)cc1)c1ccc(Cl)cc1,1
P3_10063,C[C@@H](O)C(=O)NC(c1ccc(Cl)cc1)c1cccc(C(C)(C)O)c1,1
P3_10064,CC(C)NC(=O)CC(C)NC(c1ccccc1)c1ccc(Cl)cc1,1
P3_10065,CCC(O)(CC)CNC(c1ccccc1)c1ccc(F)cc1,1
P3_10066,OC(CNC(c1ccccc1)c1ccc(Cl)cc1)C(F)(F)F,1
P3_10067,O[C@H](CNC(c1ccccc1)c1ccc(Cl)cc1)C(F)(F)F,1
P3_10068,O[C@@H](CNC(c1ccccc1)c1ccc(Cl)cc1)C(F)(F)F,1
P3_10069,CC(C)NC(=O)CC(C)NC(c1ccc(F)cc1)c1ccc(Cl)cc1,0
P3_10070,COC[C@H](O)C[NH2+][C@@H](c1ccc(Cl)cc1)c1ccc(C(F)(F)F)cc1,1
P3_10071,COC[C@@H](O)C[NH2+][C@H](c1ccc(Cl)cc1)c1ccc(C(F)(F)F)cc1,1
P3_10072,COC[C@@H](O)C[NH2+][C@@H](c1ccc(Cl)cc1)c1ccc(C(F)(F)F)cc1,1
P3_10073,COC[C@H](O)C[NH2+][C@H](c1ccc(Cl)cc1)c1ccc(C(F)(F)F)cc1,1
P3_10074,COCC(C)(O)CNC(c1cccc(F)c1)c1cccc(Cl)c1,1
P3_10075,CC[C@H](CCO)[NH2+][C@H](c1ccccc1)c1ccc(Cl)cc1,1
P3_10076,CC[C@@H](CCO)[NH2+][C@H](c1ccccc1)c1ccc(Cl)cc1,1
P3_10077,CC[C@@H](CCO)[NH2+][C@@H](c1ccccc1)c1ccc(Cl)cc1,1
P3_10078,CC[C@H](CCO)[NH2+][C@@H](c1ccccc1)c1ccc(Cl)cc1,1
P3_10079,C[C@@H](CO)[NH2+][C@@H](c1ccccc1)c1ccc(Cl)cc1,1
P3_10080,C[C@@H](CO)[NH2+][C@H](c1ccccc1)c1ccc(Cl)cc1,1
P3_10081,C[C@H](CO)[NH2+][C@H](c1ccccc1)c1ccc(Cl)cc1,1
P3_10082,C[C@H](CO)[NH2+][C@@H](c1ccccc1)c1ccc(Cl)cc1,1
P3_10083,CC[C@H](CCO)[NH2+][C@@H](c1ccc(F)cc1)c1ccc(Cl)cc1,1
P3_10084,CC[C@H](CCO)C[NH2+][C@@H](c1ccccc1)c1ccc(Cl)cc1,1
P3_10085,COC[C@H](O)CNC(c1ccc(C)cc1)c1ccc(Cl)cc1,0
P3_10086,CC[C@@H](CCO)C[NH2+][C@@H](c1ccccc1)c1ccc(Cl)cc1,1
P3_10087,CC[C@@H](CCO)C[NH2+][C@H](c1ccccc1)c1ccc(Cl)cc1,1
P3_10088,CC[C@H](CCO)C[NH2+][C@H](c1ccccc1)c1ccc(Cl)cc1,1
P3_10089,COCC(O)CNC(c1ccc(C)cc1)c1ccc(Cl)cc1,0
P3_10090,CC[C@@H](CCO)[NH2+][C@@H](c1ccc(F)cc1)c1ccc(Cl)cc1,1
P3_10091,OC(CNC(c1ccccc1)c1ccc(Cl)cc1)CC(F)(F)F,1
P3_10092,OCC(F)(F)CCNC(c1ccccc1)c1ccc(Cl)cc1,1
P3_10093,CC[C@@H](CCO)[NH2+][C@H](c1ccc(F)cc1)c1ccc(Cl)cc1,1
P3_10094,CC[C@H](CCO)[NH2+][C@H](c1ccc(F)cc1)c1ccc(Cl)cc1,1
P3_10095,COC[C@@H](O)CNC(c1ccc(C)cc1)c1ccc(Cl)cc1,0
P3_10096,CC(C)(CO)[NH2+][C@@H](c1ccccc1)c1ccc(Cl)cc1,1
P3_10097,C[C@@H](CO)C[NH2+][C@H](c1ccccc1)c1ccc(Cl)cc1,1
P3_10098,C[C@@H](CO)C[NH2+][C@@H](c1ccccc1)c1ccc(Cl)cc1,1
P3_10099,C[C@@H](CO)[NH2+][C@@H](c1ccc(F)cc1)c1ccc(Cl)cc1,1
P3_10100,C[C@H](CO)C[NH2+][C@H](c1ccccc1)c1ccc(Cl)cc1,1
P3_10101,C[C@H](CO)C[NH2+][C@@H](c1ccccc1)c1ccc(Cl)cc1,1
P3_10102,C[C@H](CO)[NH2+][C@@H](c1ccc(F)cc1)c1ccc(Cl)cc1,1
P3_10103,C[C@H](CO)[NH2+][C@H](c1ccc(F)cc1)c1ccc(Cl)cc1,1
P3_10104,C[C@@H](CO)[NH2+][C@H](c1ccc(F)cc1)c1ccc(Cl)cc1,1
P3_10105,CC(C)(CO)[NH2+][C@H](c1ccccc1)c1ccc(Cl)cc1,1
P3_10106,CCC(O)(CC)CNC(c1ccc(F)cc1)c1ccc(OC)cc1,1
P3_10107,CC(C)(CO)C[NH2+][C@@H](c1ccccc1)c1ccc(Cl)cc1,1
P3_10108,CC(C)(CO)C[NH2+][C@H](c1ccccc1)c1ccc(Cl)cc1,1
P3_10109,C[C@H](O)C[C@@H](C)[NH2+][C@H](c1ccccc1)c1ccc(Cl)cc1,1
P3_10110,C[C@H](O)C[C@@H](C)[NH2+][C@@H](c1ccccc1)c1ccc(Cl)cc1,1
P3_10111,C[C@H](O)C[C@H](C)[NH2+][C@H](c1ccccc1)c1ccc(Cl)cc1,1
P3_10112,C[C@H](CO)[C@H](C)[NH2+][C@@H](c1ccccc1)c1ccc(Cl)cc1,1
P3_10113,C[C@H](CO)[C@H](C)[NH2+][C@H](c1ccccc1)c1ccc(Cl)cc1,1
P3_10114,CC(C)(N)C(O)C(=O)NC(c1ccc(Cl)cc1)c1ccc(Cl)cc1,1
P3_10115,C[C@@H](CO)C[NH2+][C@@H](c1ccc(F)cc1)c1ccc(Cl)cc1,1
P3_10116,C[C@H](CO)C[NH2+][C@@H](c1ccc(F)cc1)c1ccc(Cl)cc1,1
P3_10117,C[C@@H](CO)C[NH2+][C@H](c1ccc(F)cc1)c1ccc(Cl)cc1,1
P3_10118,C[C@H](CO)C[NH2+][C@H](c1ccc(F)cc1)c1ccc(Cl)cc1,1
P3_10119,C[C@H](O)C[C@H](C)[NH2+][C@@H](c1ccccc1)c1ccc(Cl)cc1,1
P3_10120,CC[C@@H](O)CNC(c1cccc(F)c1)c1cccc(Cl)c1,1
P3_10121,CC[C@H](O)CNC(c1cccc(F)c1)c1cccc(Cl)c1,1
P3_10122,CCC(O)CNC(c1cccc(F)c1)c1cccc(Cl)c1,1
P3_10123,C[C@@H](CCO)C[NH2+][C@H](c1ccccc1)c1ccc(Cl)cc1,1
P3_10124,C[C@H](O)C[C@H](C)[NH2+][C@@H](c1ccc(F)cc1)c1ccc(Cl)cc1,1
P3_10125,C[C@@H](CCO)C[NH2+][C@@H](c1ccccc1)c1ccc(Cl)cc1,1
P3_10126,C[C@H](CCO)C[NH2+][C@H](c1ccccc1)c1ccc(Cl)cc1,1
P3_10127,C[C@H](CCO)C[NH2+][C@@H](c1ccccc1)c1ccc(Cl)cc1,1
P3_10128,C[C@H](CCO)[NH2+][C@H](c1ccc(F)cc1)c1ccc(Cl)cc1,1
P3_10129,O=C(Nc1ccc(Cl)cc1)Nc1ccc(Cl)c(Cl)c1,1
P3_10130,O=C(Nc1ccc(O)cc1)Nc1ccc(Cl)c(Cl)c1,1
P3_10131,CC(=O)Nc1ccc(NC(=O)Nc2ccc(Cl)c(Cl)c2)cc1,1
P3_10132,O=C(Nc1ccc([S-])cc1)Nc1ccc(Cl)c(Cl)c1,1
P3_10133,O=C(Nc1ccc(Br)cc1)Nc1ccc(Cl)c(Cl)c1,1
P3_10134,Cc1ccc(NC(=O)Nc2ccc(Cl)c(Cl)c2)cc1,1
P3_10135,O=C(Nc1ccc(F)cc1)Nc1ccc(Cl)c(Cl)c1,1
P3_10136,Cc1cc(C)cc(NC(=O)Nc2ccc(Cl)c(Cl)c2)c1,1
P3_10137,Cc1ccc(NC(=O)Nc2ccc(Cl)c(Cl)c2)cc1C,1
P3_10138,O=C(Nc1ccc(F)c(F)c1)Nc1ccc(Cl)c(Cl)c1,1
P3_10139,O=C(Nc1ccc(Cl)c(Cl)c1)Nc1ccccc1Cl,1
P3_10140,NC(=O)c1ccc(NC(=O)Nc2ccc(Cl)c(Cl)c2)cc1,1
P3_10141,O=C(Nc1cccc(O)c1)Nc1ccc(Cl)c(Cl)c1,1
P3_10142,CC(=O)c1ccc(NC(=O)Nc2ccc(Cl)c(Cl)c2)cc1,1
P3_10143,CCc1ccc(NC(=O)Nc2ccc(Cl)c(Cl)c2)cc1,1
P3_10144,CC(=O)Nc1cccc(NC(=O)Nc2ccc(Cl)c(Cl)c2)c1,1
P3_10145,COc1ccc(NC(=O)Nc2ccc(Cl)c(Cl)c2)cc1Cl,1
P3_10146,O=C(Nc1ccc(F)c(O)c1)Nc1ccc(Cl)c(Cl)c1,1
P3_10147,CNC(=O)c1ccc(NC(=O)Nc2ccc(Cl)c(Cl)c2)cc1,1
P3_10148,COc1ccc(NC(=O)Nc2ccc(Cl)c(Cl)c2)cc1OC,1
P3_10149,COc1cc(NC(=O)Nc2ccc(Cl)c(Cl)c2)cc(OC)c1,1
P3_10150,O=C(Nc1ccc(Cl)c(Cl)c1)Nc1ccccc1O,1
P3_10151,O=C(Nc1ccc(Cl)c(Cl)c1)Nc1c(F)cccc1F,1
P3_10152,Cc1cccc(C)c1NC(=O)Nc1ccc(Cl)c(Cl)c1,1
P3_10153,COC(=O)c1ccc(NC(=O)Nc2ccc(Cl)c(Cl)c2)cc1,1
P3_10154,O=C(Nc1ccc(Cl)c(Cl)c1)Nc1ccc(Cl)cc1O,1
P3_10155,NC(=O)c1ccc(NC(=O)Nc2ccc(Cl)c(Cl)c2)cc1O,1
P3_10156,NC(=O)c1ccc(NC(=O)Nc2ccc(Cl)c(Cl)c2)cc1[O-],1
P3_10157,O=C(Nc1ccc(Cl)c(Cl)c1)Nc1ccc(Cl)cc1[O-],1
P3_10158,O=C(Nc1ccc(Cl)c(Cl)c1)Nc1cc(Cl)ccc1O,1
P3_10159,Cc1ccc(NC(=O)Nc2ccc(Cl)c(Cl)c2)c(C)c1,1
P3_10160,O=C(Nc1ccc(Cl)c(Cl)c1)Nc1ccc(F)c(CO)c1,1
P3_10161,O=C(Nc1ccc(CO)c(F)c1)Nc1ccc(Cl)c(Cl)c1,1
P3_10162,NC(=O)c1cc(NC(=O)Nc2ccc(Cl)c(Cl)c2)ccc1F,1
P3_10163,COc1ccc(NC(=O)Nc2ccc(Cl)c(Cl)c2)cc1O,1
P3_10164,Cc1ccc(NC(=O)Nc2ccc(Cl)c(Cl)c2)cc1CO,1
P3_10165,N#Cc1cc(NC(=O)Nc2ccc(Cl)c(Cl)c2)ccc1[O-],1
P3_10166,Cc1cc(NC(=O)Nc2ccc(Cl)c(Cl)c2)ccc1CO,1
P3_10167,O=C(Nc1ccc(Cl)c(Cl)c1)Nc1ccc(F)cc1F,1
P3_10168,COc1cc(NC(=O)Nc2ccc(Cl)c(Cl)c2)ccc1O,1
P3_10169,CC(=O)Nc1cc(NC(=O)Nc2ccc(Cl)c(Cl)c2)ccc1C,1
P3_10170,O=C(Nc1ccc(Cl)c(Cl)c1)Nc1cc(F)ccc1F,1
P3_10171,NC(=O)c1ccc(NC(=O)Nc2ccc(Cl)c(Cl)c2)cc1F,1
P3_10172,Cc1cc(NC(=O)Nc2ccc(C)c(Cl)c2)ccc1Cl,1
P3_10173,O=C(Nc1ccc(Cl)c(F)c1)Nc1ccc([O-])c(Cl)c1,1
P3_10174,CCc1ccccc1NC(=O)Nc1ccc(Cl)c(Cl)c1,1
P3_10175,NC(=O)c1cc(O)cc(NC(=O)Nc2ccc(Cl)c(Cl)c2)c1,1
P3_10176,O=C(Nc1ccc(Cl)c(Cl)c1)Nc1ccc(F)cc1[O-],1
P3_10177,O=C(Nc1ccc(Cl)c(Cl)c1)Nc1ccc(F)cc1O,1
P3_10178,O=C(Nc1ccc(Cl)c(Cl)c1)Nc1cc(F)ccc1O,1
P3_10179,COc1ccc(NC(=O)Nc2ccc(OC)c(Cl)c2)cc1Cl,1
P3_10180,Cc1ccc(NC(=O)Nc2ccc(C)c(Cl)c2)cc1C,1
P3_10181,O=C(Nc1ccc(F)c(F)c1)Nc1ccc(Cl)c(F)c1,1
P3_10182,O=C(Nc1ccc(Cl)cc1)Nc1ccc(F)c(Cl)c1,1
P3_10183,N#Cc1ccccc1NC(=O)Nc1ccc(Cl)c(Cl)c1,1
P3_10184,O=C(Nc1ccc(Cl)c(Cl)c1)Nc1c([O-])cccc1F,1
P3_10185,O=C(Nc1ccc(Cl)c(F)c1)Nc1ccc(O)c(Cl)c1,1
P3_10186,O=C(Nc1ccc([O-])c(Cl)c1)Nc1ccc(F)c(Cl)c1,1
P3_10187,O=C(Nc1ccc(Br)cc1)Nc1ccc([O-])c(Cl)c1,1
P3_10188,Cc1ccc(NC(=O)Nc2ccc(C)c(Cl)c2)cc1,1
P3_10189,O=C(Nc1ccc(F)cc1)Nc1ccc(F)c(Cl)c1,1
P3_10190,O=C(Nc1ccccc1)Nc1ccc(O)c(Cl)c1,1
P3_10191,O=C(Nc1cc(F)cc(F)c1)Nc1ccc([O-])c(Cl)c1,1
P3_10192,O=C(Nc1cccc(F)c1)Nc1ccc(Cl)c(Cl)c1,1
P3_10193,O=C(Nc1ccc(O)cc1)Nc1ccc(Br)c(Cl)c1,1
P3_10194,O=C(Nc1ccc(F)c(O)c1)Nc1ccc(F)c(Cl)c1,1
P3_10195,O=C(Nc1ccc(Br)cc1)Nc1ccc(O)c(Cl)c1,1
P3_10196,O=C(Nc1ccc(O)cc1)Nc1ccc(Cl)c(F)c1,1
P3_10197,O=C(Nc1cc(F)cc(F)c1)Nc1ccc(F)c(Cl)c1,1
P3_10198,O=C(Nc1cc(F)cc(F)c1)Nc1ccc(Cl)c(F)c1,1
P3_10199,O=C(Nc1ccc(O)c(Cl)c1)Nc1ccc(F)c(Cl)c1,1
P3_10200,O=C(Nc1ccc(O)cc1)Nc1ccc(F)c(Cl)c1,1
P3_10201,O=C(Nc1ccc(O)cc1)Nc1ccc(Cl)c(Br)c1,1
P3_10202,O=C(Nc1ccc(F)cc1)Nc1ccc(Br)c(Cl)c1,1
P3_10203,O=C(Nc1ccc(F)c(F)c1)Nc1ccc(O)c(Cl)c1,1
P3_10204,O=C(Nc1cc(F)cc(F)c1)Nc1ccc(O)c(Cl)c1,1
P3_10205,O=C(Nc1ccc(Cl)cc1)Nc1ccc(Cl)c(CO)c1,1
P3_10206,O=C(Nc1ccc(O)c(F)c1)Nc1ccc(F)c(Cl)c1,1
P3_10207,O=C(Nc1ccc(F)c(Cl)c1)Nc1ccc(Cl)c(CO)c1,1
P3_10208,O=C(Nc1ccc(F)c(Cl)c1)Nc1ccc(F)c(CO)c1,1
P3_10209,O=C(Nc1cccc(Br)c1)Nc1ccc(O)c(Cl)c1,1
P3_10210,O=C(Nc1cc(O)cc(Cl)c1)Nc1ccc(F)c(Cl)c1,1
P3_10211,O=C(Nc1ccc(F)c(Cl)c1)Nc1ccc(CO)c(Cl)c1,1
P3_10212,O=C(Nc1ccc(F)cc1)Nc1ccc(CO)c(Cl)c1,1
P3_10213,C#Cc1cc(NC(=O)Nc2ccc(F)c(Cl)c2)ccc1F,1
P3_10214,O=C(Nc1cc(F)cc(F)c1)Nc1ccc(CO)c(Cl)c1,1
P3_10215,COc1cc(NC(=O)Nc2ccc(F)c(Cl)c2)ccc1F,1
P3_10216,O=C(Nc1ccc(F)c(F)c1)Nc1ccc(CO)c(Cl)c1,1
P3_10217,O=C(Nc1cc(F)cc(Cl)c1)Nc1ccc(O)c(Cl)c1,1
P3_10218,O=C(Nc1ccc(F)c(Cl)c1)Nc1ccc(F)cc1F,1
P3_10219,O=C(Nc1cccc(Br)c1)Nc1ccc(F)c(Cl)c1,1
P3_10220,O=C(Nc1ccc(Cl)c(F)c1)Nc1ccc(F)cc1F,1
P3_10221,O=C(Nc1ccc(F)c(F)c1)Nc1ccc(Cl)c(CO)c1,1
P3_10222,O=C(Nc1cccc(Cl)c1)Nc1ccc(CO)c(Cl)c1,1
P3_10223,O=C(Nc1cccc(Cl)c1)Nc1ccc(Cl)c(CO)c1,1
P3_10224,O=C(Nc1ccc(CO)c(F)c1)Nc1ccc(F)c(Cl)c1,1
P3_10225,COc1ccc(NC(=O)Nc2ccc(F)c(Cl)c2)cc1F,1
P3_10226,O=C(Nc1ccc(O)c(Cl)c1)Nc1ccc(F)cc1Cl,1
P3_10227,COc1cc(NC(=O)Nc2ccc(F)c(F)c2)ccc1Cl,1
P3_10228,O=C(Nc1ccc(F)c(Cl)c1)Nc1ccc(O)cc1F,1
P3_10229,O=C(Nc1ccc(O)c(Cl)c1)Nc1ccc(Cl)cc1F,1
P3_10230,O=C(Nc1cccc(F)c1)Nc1ccc(CO)c(Cl)c1,1
P3_10231,O=C(Nc1cccc(F)c1)Nc1ccc(Cl)c(CO)c1,1
P3_10232,O=C(Nc1ccc(F)c(F)c1)Nc1ccc(Cl)cc1Cl,1
P3_10233,O=C(Nc1ccc(Cl)cc1)Nc1ccc(O)c(Br)c1,1
P3_10234,COc1cc(NC(=O)Nc2ccc(Cl)c(C)c2)ccc1F,1
P3_10235,COc1cc(NC(=O)Nc2ccc(F)c(C)c2)ccc1Cl,1
P3_10236,O=C(Nc1ccc(F)c(F)c1)Nc1ccc(F)cc1Cl,1
P3_10237,O=C(Nc1cc(F)cc(Cl)c1)Nc1ccc(F)c(F)c1,1
P3_10238,O=C(Nc1cc(Cl)cc(Cl)c1)Nc1ccc(O)c(F)c1,1
P3_10239,COc1cc(NC(=O)Nc2ccc(F)c(Cl)c2)cc(F)c1F,1
P3_10240,O=C(Nc1ccc(F)c(Cl)c1)Nc1ccc(CO)cc1F,1
P3_10241,O=C(Nc1ccc(F)c(Cl)c1)Nc1ccc(CO)cc1Cl,1
P3_10242,O=C(Nc1ccc(F)c(F)c1)Nc1cccc(Cl)c1F,1
P3_10243,O=C(Nc1ccc(F)c(O)c1)Nc1ccc(Cl)cc1Cl,1
P3_10244,O=C(Nc1ccc(F)c(F)c1)Nc1ccc(Cl)cc1F,1
P3_10245,O=C(Nc1cc(O)cc(Cl)c1)Nc1ccc(F)c(F)c1,1
P3_10246,O=C(Nc1ccc(Cl)c(CO)c1)Nc1ccc(F)cc1F,1
P3_10247,O=C(Nc1ccc(O)c(Cl)c1)Nc1ccc(Cl)c(Cl)c1,1
P3_10248,Cc1cccc(NC(=O)Nc2ccc(Cl)c(Cl)c2)c1,1
P3_10249,COc1cccc(NC(=O)Nc2ccc(Cl)c(Cl)c2)c1,1
P3_10250,NC(=O)c1cc(NC(=O)Nc2ccc([O-])c(Cl)c2)ccc1Cl,1
P3_10251,COCc1cccc(NC(=O)Nc2ccc(Cl)c(Cl)c2)c1,1
P3_10252,O=C(Nc1ccc(F)c(F)c1)Nc1ccc([O-])c(Cl)c1,1
P3_10253,Cc1ccc(NC(=O)Nc2ccc([O-])c(Cl)c2)cc1C,1
P3_10254,Nc1cc(NC(=O)Nc2ccc(F)c(Cl)c2)ccc1Cl,1
P3_10255,O=C(Nc1ccccc1)Nc1ccc(Br)c(Cl)c1,1
P3_10256,O=C(Nc1cc(F)c(F)c(F)c1)Nc1ccc([O-])c(Cl)c1,1
P3_10257,NC(=O)c1cc(NC(=O)Nc2ccc(O)c(Cl)c2)ccc1Cl,1
P3_10258,Cc1ccc(NC(=O)Nc2ccc(O)c(Cl)c2)cc1C,1
P3_10259,O=C(Nc1cc(F)c(O)c(F)c1)Nc1ccc(F)c(Cl)c1,1
P3_10260,O=C(Nc1ccc(F)c(F)c1)Nc1cc(Cl)c(O)c(Cl)c1,1
P3_10261,O=C(Nc1ccc(Cl)cc1)Nc1ccc(CO)c(Cl)c1,1
P3_10262,Cc1cc(C)cc(NC(=O)Nc2ccc(O)c(Cl)c2)c1,1
P3_10263,Cc1cc(NC(=O)Nc2ccc(C)c(Cl)c2)ccc1O,1
P3_10264,Cc1cc(NC(=O)Nc2ccc(C(N)=O)c(Cl)c2)ccc1Cl,1
P3_10265,Cc1cc(NC(=O)Nc2ccc(CO)c(Cl)c2)ccc1Cl,1
P3_10266,O=C(Nc1cccc(Br)c1)Nc1ccc([O-])c(Cl)c1,1
P3_10267,CC(C)c1ccc(NC(=O)Nc2ccc(Cl)c(Cl)c2)cc1,1
P3_10268,N#Cc1ccc(NC(=O)Nc2ccc(Cl)c(Cl)c2)cc1,1
P3_10269,COc1ccc(NC(=O)Nc2ccc(Cl)c(Cl)c2)cc1,1
P3_10270,CN(C)c1ccc(NC(=O)Nc2ccc(Cl)c(Cl)c2)cc1,1
P3_10271,CC(=O)c1cccc(NC(=O)Nc2ccc(Cl)c(Cl)c2)c1,1
P3_10272,CCN(CC)c1ccc(NC(=O)Nc2ccc(Cl)c(Cl)c2)cc1,1
P3_10273,O=C(Nc1ccc(Cl)c(Cl)c1)Nc1ccccc1F,1
P3_10274,O=C(Nc1cccc(C(=O)[O-])c1)Nc1ccc(Cl)c(Cl)c1,1
P3_10275,CN(C)c1cccc(NC(=O)Nc2ccc(Cl)c(Cl)c2)c1,1
P3_10276,CCOc1ccc(NC(=O)Nc2ccc(Cl)c(Cl)c2)cc1,1
P3_10277,C[C@H](O)c1cccc(NC(=O)Nc2ccc(Cl)c(Cl)c2)c1,1
P3_10278,Cc1ccc(C)c(NC(=O)Nc2ccc(Cl)c(Cl)c2)c1,1
P3_10279,C[C@@H](O)c1cccc(NC(=O)Nc2ccc(Cl)c(Cl)c2)c1,1
P3_10280,O=C(Nc1ccc(OC(F)(F)F)cc1)Nc1ccc(Cl)c(Cl)c1,1
P3_10281,CC(C)Oc1ccc(NC(=O)Nc2ccc(Cl)c(Cl)c2)cc1,1
P3_10282,CCCCc1ccc(NC(=O)Nc2ccc(Cl)c(Cl)c2)cc1,1
P3_10283,COC(=O)c1cccc(NC(=O)Nc2ccc(Cl)c(Cl)c2)c1,1
P3_10284,Cc1cccc(NC(=O)Nc2ccc(Cl)c(Cl)c2)c1C,1
P3_10285,O=C(Nc1ccc(Cl)c(Cl)c1)Nc1ccccc1CO,1
P3_10286,COc1ccccc1NC(=O)Nc1ccc(Cl)c(Cl)c1,1
P3_10287,CCCOc1ccc(NC(=O)Nc2ccc(Cl)c(Cl)c2)cc1,1
P3_10288,O=C(Nc1ccc(Cl)c(Cl)c1)Nc1cccc(F)c1[O-],1
P3_10289,COc1ccc(NC(=O)Nc2ccc(Cl)c(Cl)c2)c(C)c1,1
P3_10290,COc1ccc(NC(=O)Cn2c(C)c(C#N)c3ccccc32)cc1,1
P3_10291,Cc1cccc(NC(=O)Cn2c(C)c(C#N)c3ccccc32)c1,1
P3_10292,COc1cccc(NC(=O)Cn2c(C)c(Br)c3ccccc32)c1,1
P3_10293,COc1cccc(NC(=O)Cn2c(C)c(C(C)=O)c3ccccc32)c1,1
P3_10294,Cc1ccc(NC(=O)Cn2c(C)c(C#N)c3ccccc32)cc1C,1
P3_10295,Cc1cc(C)cc(NC(=O)Cn2c(C)c(C#N)c3ccccc32)c1,1
P3_10296,COc1ccccc1NC(=O)Cn1c(C)c(C#N)c2ccccc21,1
P3_10297,Cc1ccc(NC(=O)Cn2c(C)c(C#N)c3ccccc32)cc1,1
P3_10298,COc1cccc(NC(=O)Cn2c(C)c(C(=O)C(F)(F)F)c3ccccc32)c1,1
P3_10299,CCOc1ccc(NC(=O)Cn2c(C)c(C#N)c3ccccc32)cc1,1
P3_10300,COc1cccc(NC(=O)Cn2cc(C#N)c3ccccc32)c1,1
P3_10301,Cc1c(C#N)c2ccccc2n1CC(=O)Nc1ccc(Br)cc1,1
P3_10302,CCOC(=O)c1ccc(NC(=O)Cn2c(C)c(C#N)c3ccccc32)cc1,1
P3_10303,COc1cccc(NC(=O)Cn2c(C)cc3ccccc32)c1,1
P3_10304,COc1cccc(NC(=O)Cn2cc(C)c3ccccc32)c1,1
P3_10305,Cc1c(Br)c2ccccc2n1CC(=O)Nc1cccc(C#N)c1,1
P3_10306,COc1ccc(NC(=O)Cn2c(C)c(Br)c3ccccc32)cc1,1
P3_10307,COc1cccc(NC(=O)Cn2cc(C(C)=O)c3ccccc32)c1,1
P3_10308,COc1cccc(NC(=O)Cn2cc(C(N)=O)c3ccccc32)c1,1
P3_10309,COCc1cccc(NC(=O)Cn2c(C)c(Br)c3ccccc32)c1,1
P3_10310,CCc1cccc2c(C#N)cn(CC(=O)Nc3cccc(OC)c3)c12,1
P3_10311,Cc1c(Br)c2ccccc2n1CC(=O)Nc1cccc(O)c1,1
P3_10312,COc1ccc(NC(=O)Cn2c(C)c(Br)c3ccccc32)cc1OC,1
P3_10313,COc1cc(NC(=O)Cn2cc(C#N)c3ccccc32)cc(OC)c1,1
P3_10314,COc1cccc(NC(=O)Cn2cc(C(=O)C(C)C)c3ccccc32)c1,1
P3_10315,Cc1cc2ccccc2n1CC(=O)Nc1cccc(OCC#N)c1,1
P3_10316,COc1cccc(NC(=O)Cn2cc(C(=O)C(C)(C)C)c3ccccc32)c1,1
P3_10317,COc1cccc(NC(=O)Cn2cc(C#N)c3cc(Br)ccc32)c1,0
P3_10318,COc1cccc(NC(=O)Cn2ccc3c(Cl)cccc32)c1,1
P3_10319,COc1ccc(NC(=O)Cn2c(C)c(Br)c3ccccc32)c(C)c1,1
P3_10320,COc1cccc(NC(=O)Cn2cc(C(=O)C(F)(F)F)c3ccccc32)c1,1
P3_10321,Cc1cn(CC(=O)Nc2cccc(OCC#N)c2)c2ccccc12,1
P3_10322,COc1ccc(NC(=O)Cn2c(C)c(Br)c3ccccc32)c(OC)c1,1
P3_10323,COc1ccc(NC(=O)Cn2c(C)c(C(=O)C(F)(F)F)c3ccccc32)cc1,1
P3_10324,COc1cccc(NC(=O)Cn2c(C)cc3ccccc32)c1C#N,1
P3_10325,COc1ccc(C#N)cc1NC(=O)Cn1c(C)c(Br)c2ccccc21,1
P3_10326,COc1cc(NC(=O)Cn2c(C)cc3ccccc32)cc(OC)c1,0
P3_10327,Cc1cc2ccccc2n1CC(=O)Nc1cccc(C#N)c1,1
P3_10328,COc1ccc2c(ccn2CC(=O)Nc2cccc(C#N)c2)c1,0
P3_10329,CCOc1cccc(NC(=O)Cn2c(C)cc3ccccc32)c1,1
P3_10330,COC(=O)COc1cccc(NC(=O)Cn2c(C)cc3ccccc32)c1,1
P3_10331,COc1ccc(NC(=O)Cn2cc(C#N)c3ccccc32)cc1,0
P3_10332,COCCOc1cccc(NC(=O)Cn2c(C)cc3ccccc32)c1,1
P3_10333,Cc1cc2ccccc2n1CC(=O)Nc1cccc(OC(C)C)c1,1
P3_10334,Cc1cccc(NC(=O)Cn2cc(C#N)c3ccccc32)c1,1
P3_10335,COc1cccc(C#N)c1NC(=O)Cn1c(C)cc2ccccc21,1
P3_10336,C#CCOc1cccc(NC(=O)Cn2c(C)cc3ccccc32)c1,1
P3_10337,COc1ccc(NC(=O)Cn2c(C)cc3ccccc32)cc1C#N,1
P3_10338,COCCCOc1cccc(NC(=O)Cn2c(C)cc3ccccc32)c1,1
P3_10339,CCOc1cccc(NC(=O)Cn2cc(C)c3ccccc32)c1,1
P3_10340,Cc1cc2ccccc2n1CC(=O)Nc1cccc(OC(F)F)c1,1
P3_10341,COc1ccccc1NC(=O)Cn1c(C)c(Br)c2ccccc21,1
P3_10342,COc1ccc(NC(=O)Cn2cc(C)c3ccccc32)cc1C#N,0
P3_10343,CCCOc1cccc(NC(=O)Cn2c(C)cc3ccccc32)c1,1
P3_10344,CNC(=O)Oc1cccc(NC(=O)Cn2c(C)cc3ccccc32)c1,1
P3_10345,COc1ccc(NC(=O)Cn2c(C)cc3ccccc32)cc1,1
P3_10346,COCCOCCOc1cccc(NC(=O)Cn2c(C)cc3ccccc32)c1,1
P3_10347,CNC(=O)Oc1cccc(NC(=O)Cn2cc(C)c3ccccc32)c1,1
P3_10348,COc1cccc(NC(=O)Cn2c(C)c(Br)c3ccccc32)c1F,1
P3_10349,COc1cc(O)cc(NC(=O)Cn2c(C)cc3ccccc32)c1,1
P3_10350,COC(=O)Nc1cccc(NC(=O)Cn2c(C)cc3ccccc32)c1,1
P3_10351,COCCOCCOc1cccc(NC(=O)Cn2cc(C)c3ccccc32)c1,1
P3_10352,COc1cccc(C#N)c1NC(=O)Cn1cc(C)c2ccccc21,0
P3_10353,COCC(=O)Nc1cccc(NC(=O)Cn2c(C)cc3ccccc32)c1,1
P3_10354,COc1ccc(NC(=O)Cn2cc(C#N)c3ccccc32)c(OC)c1,1
P3_10355,COCc1ccc(NC(=O)Cn2c(C)cc3ccccc32)cc1C#N,1
P3_10356,COc1ccc(OC)c(NC(=O)Cn2cc(C#N)c3ccccc32)c1,1
P3_10357,CCc1cccc(NC(=O)Cn2cc(C#N)c3ccccc32)c1,1
P3_10358,COC(=O)c1cccc(NC(=O)Cn2c(C)cc3ccccc32)c1,1
P3_10359,COCc1cccc(NC(=O)Cn2c(C)cc3ccccc32)c1,1
P3_10360,Cc1cn(CC(=O)Nc2ccc(C#N)c(C#N)c2)c2ccccc12,1
P3_10361,COc1c(C#N)cccc1NC(=O)Cn1c(C)cc2ccccc21,1
P3_10362,Cc1cc2ccccc2n1CC(=O)Nc1ccc(O)c(C#N)c1,1
P3_10363,COC(=O)c1cc(C#N)cc(NC(=O)Cn2c(C)cc3ccccc32)c1,1
P3_10364,Cc1cc2ccccc2n1CC(=O)Nc1ccc(Cl)c(C#N)c1,1
P3_10365,COc1cc(NC(=O)Cn2c(C)cc3ccccc32)ccc1C,1
P3_10366,Cc1cccc(C)c1NC(=O)Cn1c(C)c(C#N)c2ccccc21,1
P3_10367,Cc1ccccc1NC(=O)Cn1c(C)c(C#N)c2ccccc21,1
P3_10368,Cc1cccc(NC(=O)Cn2c(C)c(C#N)c3ccccc32)c1C,1
P3_10369,Cc1ccc(C)c(NC(=O)Cn2c(C)c(C#N)c3ccccc32)c1,1
P3_10370,Cc1ccc(NC(=O)Cn2c(C)c(C#N)c3ccccc32)c(C)c1,1
P3_10371,COc1cccc(NC(=O)Cn2cc(C(=O)O)c3ccccc32)c1,1
P3_10372,COC(=O)c1cn(CC(=O)Nc2cccc(OC)c2)c2ccccc12,1
P3_10373,CCC(=O)c1cn(CC(=O)Nc2cccc(OC)c2)c2ccccc12,1
P3_10374,CC(=O)c1c(C)n(CC(=O)Nc2cccc(C)c2)c2ccccc12,1
P3_10375,CCCC(=O)c1cn(CC(=O)Nc2cccc(OC)c2)c2ccccc12,1
P3_10376,COC(=O)c1cn(CC(=O)Nc2cccc(C#N)c2)c2ccccc12,1
P3_10377,CC(=O)c1c(C)n(CC(=O)Nc2ccc(C)cc2)c2ccccc12,1
P3_10378,COc1cc(NC(=O)Cn2cc(C(=O)O)c3ccccc32)cc(OC)c1,1
P3_10379,COc1ccc(NC(=O)Cn2cc(C#N)c3ccccc32)cc1Cl,1
P3_10380,COc1cc(NC(=O)Cn2cc(C#N)c3ccccc32)cc(OC)c1OC,1
P3_10381,CSc1cccc(NC(=O)Cn2cc(C#N)c3ccccc32)c1,1
P3_10382,CCOc1cccc(NC(=O)Cn2cc(C(=O)O)c3ccccc32)c1,1
P3_10383,CC(C)c1cccc(NC(=O)Cn2cc(C#N)c3ccccc32)c1,1
P3_10384,Cc1ccc(NC(=O)Cn2cc(C#N)c3ccccc32)cc1C,1
P3_10385,N#Cc1cn(CC(=O)Nc2cccc(Br)c2)c2ccccc12,1
P3_10386,COC(=O)c1cn(CC(=O)Nc2cccc(C)c2)c2ccccc12,1
P3_10387,N#Cc1cn(CC(=O)Nc2cccc(F)c2)c2ccccc12,1
P3_10388,Cc1cc(C)cc(NC(=O)Cn2cc(C#N)c3ccccc32)c1,1
P3_10389,N#Cc1cn(CC(=O)Nc2ccccc2)c2ccccc12,1
P3_10390,Cc1cn(CC(=O)Nc2ccc(Cl)c(C#N)c2)c2ccccc12,1
P3_10391,Cc1ccc(NC(=O)Cn2cc(C#N)c3ccccc32)cc1Cl,1
P3_10392,Cc1ccc(NC(=O)Cn2cc(C#N)c3ccccc32)cc1F,1
P3_10393,COc1ccccc1NC(=O)Cn1cc(C#N)c2ccccc21,1
P3_10394,COC(=O)c1cn(CC(=O)Nc2cccc(O)c2)c2ccccc12,1
P3_10395,Cc1ccc(NC(=O)Cn2cc(C#N)c3ccccc32)cc1,1
P3_10396,CCc1cccc2c(C#N)cn(CC(=O)Nc3ccc(OC)cc3)c12,0
P3_10397,COc1cc(F)cc(NC(=O)Cn2cc(C(=O)O)c3ccccc32)c1,1
P3_10398,COC(=O)c1cn(CC(=O)Nc2cccc(Br)c2)c2ccccc12,1
P3_10399,COC(=O)c1cn(CC(=O)Nc2cccc(F)c2)c2ccccc12,1
P3_10400,COC(=O)c1cn(CC(=O)Nc2ccc(C#N)cc2)c2ccccc12,1
P3_10401,COC(=O)c1cn(CC(=O)Nc2cccc(Cl)c2)c2ccccc12,1
P3_10402,COC(=O)c1ccc(NC(=O)Cn2cc(C#N)c3ccccc32)cc1,1
P3_10403,Cc1cccc(NC(=O)Cn2cc(C(=O)O)c3ccccc32)c1,1
P3_10404,COC(=O)c1cn(CC(=O)Nc2ccc(OC)cc2)c2ccccc12,1
P3_10405,COc1ccc(C)cc1NC(=O)Cn1cc(C#N)c2ccccc21,1
P3_10406,COC(=O)c1cn(CC(=O)Nc2c(C)cccc2C#N)c2ccccc12,0
P3_10407,CCc1cc(NC(=O)Cn2cc(C(=O)O)c3ccccc32)cc(OC)c1,1
P3_10408,COc1cc(C)c(NC(=O)Cn2cc(C#N)c3ccccc32)cc1C,1
P3_10409,CCOc1ccc(NC(=O)Cn2cc(C#N)c3ccccc32)cc1,0
P3_10410,COc1cc(NC(=O)Cn2cc(C(=O)O)c3ccccc32)ccc1C,1
P3_10411,COc1ccc(C)c(NC(=O)Cn2cc(C(=O)O)c3ccccc32)c1,1
P3_10412,COC(=O)c1cn(CC(=O)Nc2cccc(C(C)C)c2)c2ccccc12,1
P3_10413,CCc1cccc2c(C#N)cn(CC(=O)Nc3cccc(C)c3)c12,1
P3_10414,CCC(=O)c1cn(CC(=O)Nc2ccc(OC)cc2)c2ccccc12,1
P3_10415,CCC(=O)c1cn(CC(=O)Nc2cccc(C)c2)c2ccccc12,1
P3_10416,COC(=O)c1cn(CC(=O)Nc2ccc(C)c(C)c2)c2ccccc12,1
P3_10417,N#Cc1cn(CC(=O)Nc2ccc(F)cc2)c2ccccc12,0
P3_10418,Cc1cccc(C)c1NC(=O)Cn1cc(C#N)c2ccccc21,0
P3_10419,COC(=O)c1cn(CC(=O)Nc2cccc(C(F)(F)F)c2)c2ccccc12,1
P3_10420,COC(=O)c1cn(CC(=O)Nc2cccc(C(F)F)c2)c2ccccc12,1
P3_10421,CCOC(=O)c1ccc(NC(=O)Cn2cc(C#N)c3ccccc32)cc1,1
P3_10422,COCc1cccc(NC(=O)Cn2cc(C(=O)[O-])c3ccccc32)c1,1
P3_10423,Cc1cccc(NC(=O)Cn2cc(C#N)c3cc(Br)ccc32)c1,1
P3_10424,COc1ccc(NC(=O)Cn2cc(C#N)c3cc(Br)ccc32)cc1,0
P3_10425,COC(=O)c1cn(CC(=O)Nc2ccccc2)c2ccccc12,1
P3_10426,CCCC(=O)c1cn(CC(=O)Nc2cccc(C)c2)c2ccccc12,1
P3_10427,N#Cc1cn(CC(=O)Nc2cc(F)cc(F)c2)c2ccccc12,0
P3_10428,COC(=O)c1cn(CC(=O)Nc2cccc(C#N)c2C)c2ccccc12,1
P3_10429,COC(=O)c1cn(CC(=O)Nc2cc(C)cc(C)c2)c2ccccc12,1
P3_10430,CC(=O)Nc1cccc(NC(=O)Cn2c(C)c(Br)c3ccccc32)c1,1
P3_10431,COc1ccc(NC(=O)Cn2c(C)c(Br)c3ccccc32)cc1CO,1
P3_10432,CNC(=O)c1cccc(NC(=O)Cn2c(C)c(Br)c3ccccc32)c1,1
P3_10433,Cc1c(Br)c2ccccc2n1CC(=O)Nc1cccc(CC(=O)[O-])c1,1
P3_10434,C=CCOc1cccc(NC(=O)Cn2c(C)cc3ccccc32)c1,1
P3_10435,CCOc1cccc(NC(=O)Cn2cc(C(=O)OC)c3ccccc32)c1,1
P3_10436,CC(=O)Nc1ccc(NC(=O)Cn2c(C)c(Br)c3ccccc32)cc1,1
P3_10437,COc1ccc(NC(=O)Cn2cc(C#N)c3ccccc32)cc1F,1
P3_10438,COc1cc(NC(=O)Cn2cc(C(N)=O)c3ccccc32)cc(OC)c1,1
P3_10439,COc1cc(NC(=O)Cn2cc(C(=O)[O-])c3ccccc32)cc(OC)c1,1
P3_10440,Cc1cccc(NC(=O)Cn2c(C)cc3ccccc32)c1,1
P3_10441,CCOc1cccc(NC(=O)Cn2cc(C(N)=O)c3ccccc32)c1,1
P3_10442,Cc1cc2ccccc2n1CC(=O)Nc1cccc(O)c1,1
P3_10443,CC(=O)Nc1cccc(NC(=O)Cn2c(C)cc3ccccc32)c1,1
P3_10444,COc1ccc(NC(=O)Cn2c(C)cc3ccccc32)cc1CO,1
P3_10445,CO[C@@H](C)c1cccc(NC(=O)Cn2c(C)cc3ccccc32)c1,1
P3_10446,CO[C@H](C)c1cccc(NC(=O)Cn2c(C)cc3ccccc32)c1,1
P3_10447,N#Cc1cccc(NC(=O)Cn2cc(C(N)=O)c3ccccc32)c1,1
P3_10448,CNC(=O)c1ccc(NC(=O)Cn2c(C)c(Br)c3ccccc32)cc1,1
P3_10449,C#Cc1cccc(NC(=O)Cn2c(C)cc3ccccc32)c1,1
P3_10450,Cc1cc2ccccc2n1CC(=O)Nc1cccc(Cl)c1,1
P3_10451,Cc1cc2ccccc2n1CC(=O)Nc1cccc(Br)c1,1
P3_10452,CC(=O)c1cccc(NC(=O)Cn2c(C)cc3ccccc32)c1,1
P3_10453,Cc1cc2ccccc2n1CC(=O)Nc1cccc(F)c1,1
P3_10454,Cc1cc2ccccc2n1CC(=O)Nc1cccc(I)c1,1
P3_10455,Cc1cc(C#N)cc(NC(=O)Cn2c(C)cc3ccccc32)c1,0
P3_10456,COc1ccc(NC(=O)Cn2c(C)cc3ccccc32)cc1O,1
P3_10457,Cc1cc2ccccc2n1CC(=O)Nc1cccc(CO)c1,1
P3_10458,Cc1cccc(NC(=O)Cn2cc(CO)c3ccccc32)c1,1
P3_10459,COc1ccc(NC(=O)Cn2c(C)cc3ccccc32)cc1Br,1
P3_10460,CCc1cccc(NC(=O)Cn2cc(C(=O)OC)c3ccccc32)c1,1
P3_10461,COc1ccc(NC(=O)Cn2c(C)cc3ccccc32)cc1F,1
P3_10462,COc1ccc(NC(=O)Cn2c(C)cc3ccccc32)cc1Cl,1
P3_10463,COc1cc(NC(=O)Cn2c(C)cc3ccccc32)ccc1F,1
P3_10464,CSc1cccc(NC(=O)Cn2c(C)cc3ccccc32)c1,1
P3_10465,COc1ccc(NC(=O)Cn2cc(C(C)=O)c3ccccc32)cc1,1
P3_10466,CCC(=O)c1cccc(NC(=O)Cn2c(C)cc3ccccc32)c1,1
P3_10467,CNC(=O)c1cccc(NC(=O)Cn2c(C)cc3ccccc32)c1,1
P3_10468,COc1ccc(NC(=O)Cn2cc(C(N)=O)c3ccccc32)cc1,1
P3_10469,COc1ccc(NC(=O)Cn2cc(C#N)c3ccccc32)cc1OC,1
P3_10470,CC(=O)c1cccc(NC(=O)Cn2cc(C#N)c3ccccc32)c1,1
P3_10471,CCCOc1cccc(NC(=O)Cn2cc(C(=O)OC)c3ccccc32)c1,1
P3_10472,CCOc1cccc(NC(=O)Cn2cc(C(=O)[O-])c3ccccc32)c1,1
P3_10473,COc1ccc(NC(=O)Cn2c(C)cc3ccccc32)cc1OC,1
P3_10474,C=CCOc1cccc(NC(=O)Cn2cc(C(=O)OC)c3ccccc32)c1,1
P3_10475,COc1ccc(NC(=O)Cn2c(C)cc3ccccc32)c(C)c1,1
P3_10476,COc1ccc(NC(=O)Cn2c(C)cc3ccccc32)c(Br)c1,1
P3_10477,COc1ccc(NC(=O)Cn2c(C)cc3ccccc32)c(OC)c1,1
P3_10478,COc1ccc(OC)c(NC(=O)Cn2c(C)cc3ccccc32)c1,1
P3_10479,CCOC(=O)c1cccc(NC(=O)Cn2c(C)cc3ccccc32)c1,1
P3_10480,COc1cc(NC(=O)Cn2c(C)cc3ccccc32)ccc1Cl,1
P3_10481,COc1ccc(Br)c(NC(=O)Cn2c(C)cc3ccccc32)c1,1
P3_10482,CCc1ccc(NC(=O)Cn2c(C)cc3ccccc32)cc1OC,1
P3_10483,COc1ccc(Cl)c(NC(=O)Cn2c(C)cc3ccccc32)c1,1
P3_10484,COc1ccc(F)c(NC(=O)Cn2c(C)cc3ccccc32)c1,0
P3_10485,CCOCc1cccc(NC(=O)Cn2c(C)cc3ccccc32)c1,0
P3_10486,COC(=O)c1ccc(NC(=O)Cn2c(C)cc3ccccc32)cc1OC,1
P3_10487,COc1cccc(NC(=O)Cn2c(C)cc3ccccc32)c1C,0
P3_10488,COc1ccccc1NC(=O)Cn1c(C)cc2ccccc21,1
P3_10489,COCc1cccc(NC(=O)Cn2cc(C(=O)OC)c3ccccc32)c1,1
P3_10490,CCOc1ccc(NC(=O)Cn2c(C)cc3ccccc32)cc1OC,1
P3_10491,CC(=O)c1ccc([O-])c(NC(=O)Cn2c(C)c(Br)c3ccccc32)c1,1
P3_10492,CCSc1cccc(NC(=O)Cn2c(C)cc3ccccc32)c1,1
P3_10493,CSCc1cccc(NC(=O)Cn2c(C)cc3ccccc32)c1,1
P3_10494,COC(=O)c1cc(NC(=O)Cn2c(C)cc3ccccc32)cc(C(=O)OC)c1,1
P3_10495,CC(C)C(=O)NCCc1nc2ccccc2n1Cc1ccc(C(C)C)cc1,1
P3_10496,CC(=O)NCCc1nc2ccccc2n1Cc1ccc(Cl)cc1,1
P3_10497,CC(C)c1ccc(Cn2c(CCNC(=O)C(C)(C)C)nc3ccccc32)cc1,1
P3_10498,CC(=O)NCCc1nc2ccccc2n1Cc1ccccc1,1
P3_10499,CC(=O)NCCc1nc2ccccc2n1Cc1ccc(C)cc1,1
P3_10500,CC(=O)NCCc1nc2ccccc2n1Cc1ccc(F)cc1,1
P3_10501,CC(=O)NCCc1nc2ccccc2n1Cc1ccc(Cl)c(Cl)c1,1
P3_10502,CC(C)c1ccc(Cn2c(CCNC(=O)CC[C@H](C)O)nc3ccccc32)cc1,1
P3_10503,CC(C)c1ccc(Cn2c(CCNC(=O)CC[C@@H](C)O)nc3ccccc32)cc1,1
P3_10504,CC(C)c1ccc(Cn2c(CCNC(=O)CCCO)nc3ccccc32)cc1,1
P3_10505,CC(=O)NCCc1nc2ccccc2n1Cc1ccc(C(C)(C)C)cc1,1
P3_10506,CC(C)C(=O)NCCCc1nc2ccccc2n1Cc1ccc(C(C)C)cc1,1
P3_10507,CC(=O)NCCc1nc2ccccc2n1Cc1cccc(Cl)c1,1
P3_10508,CC(=O)NCCCc1nc2ccccc2n1Cc1ccc(Cl)cc1,1
P3_10509,CC(C)C(=O)NCCc1nc2ccccc2n1Cc1ccc(Cl)cc1,1
P3_10510,CC(=O)NCCc1nc2ccccc2n1Cc1ccccc1Cl,1
P3_10511,CC(=O)NCCc1nc2ccccc2n1Cc1c(Cl)cccc1Cl,1
P3_10512,CC(=O)NCCCc1nc2ccccc2n1Cc1ccccc1,1
P3_10513,CC(=O)NCCCCCc1nc2ccccc2n1Cc1ccc(Cl)cc1,1
P3_10514,COC(=O)NCc1nc2ccccc2n1Cc1ccc(C(C)C)cc1,1
P3_10515,CC(=O)NCCCc1nc2ccccc2n1Cc1ccc(C)cc1,1
P3_10516,CC(C)C(=O)NCCc1nc2ccccc2n1Cc1ccccc1,0
P3_10517,CC(=O)NCc1nc2ccccc2n1Cc1ccc(Cl)cc1,1
P3_10518,CC(=O)NCCc1nc2ccccc2n1Cc1cccc(C)c1,1
P3_10519,Cc1ccc(Cn2c(CCNC(=O)C(C)C)nc3ccccc32)cc1,0
P3_10520,CC(=O)NCCCc1nc2ccccc2n1Cc1ccc(F)cc1,1
P3_10521,CC(=O)NCCCCCc1nc2ccccc2n1Cc1ccccc1,1
P3_10522,CC(C)C(=O)NCCc1nc2ccccc2n1Cc1ccc(F)cc1,1
P3_10523,CC(=O)NCCCCCc1nc2ccccc2n1Cc1ccc(C)cc1,1
P3_10524,CC(=O)NCCc1nc2ccccc2n1Cc1ccccc1C,1
P3_10525,CC(N)C(=O)NCCc1nc2ccccc2n1Cc1ccccc1,0
P3_10526,CC(C)C(=O)C(=O)NCCc1nc2ccccc2n1Cc1ccccc1,1
P3_10527,C[C@@H](N)C(=O)NCCc1nc2ccccc2n1Cc1ccccc1,0
P3_10528,C[C@H](N)C(=O)NCCc1nc2ccccc2n1Cc1ccccc1,0
P3_10529,CCC(=O)NCCc1nc2ccccc2n1Cc1ccc(Cl)cc1,1
P3_10530,CC(=O)NCCCCCc1nc2ccccc2n1Cc1ccc(F)cc1,1
P3_10531,CC(C)C(=O)NCCc1nc2ccccc2n1Cc1ccc(C(C)(C)C)cc1,1
P3_10532,CC(=O)NCCc1nc2ccccc2n1Cc1ccc(Cl)cc1Cl,1
P3_10533,CC(=O)NCc1nc2ccccc2n1Cc1ccccc1,1
P3_10534,CN[C@H](C)CC(=O)NCCc1nc2ccccc2n1Cc1ccc(Cl)cc1,0
P3_10535,CN[C@@H](C)CC(=O)NCCc1nc2ccccc2n1Cc1ccc(Cl)cc1,0
P3_10536,C[C@@H](O)CCC(=O)NCCc1nc2ccccc2n1Cc1ccc(Cl)cc1,0
P3_10537,C[C@H](O)CCC(=O)NCCc1nc2ccccc2n1Cc1ccc(Cl)cc1,0
P3_10538,CCC(C)C(=O)NCCc1nc2ccccc2n1Cc1ccccc1,1
P3_10539,CC[C@H](C)C(=O)NCCc1nc2ccccc2n1Cc1ccccc1,1
P3_10540,O=C(NCCc1nc2ccccc2n1Cc1ccc(Cl)cc1)C(F)F,1
P3_10541,CC(=O)NCc1nc2ccccc2n1Cc1ccc(C)cc1,1
P3_10542,CC(=O)NCCc1nc2ccccc2n1Cc1ccccc1F,0
P3_10543,CCCC(=O)NCCc1nc2ccccc2n1Cc1ccc(Cl)cc1,1
P3_10544,CC(C)[C@H](N)C(=O)NCCc1nc2ccccc2n1Cc1ccccc1,0
P3_10545,CC(C)C(N)C(=O)NCCc1nc2ccccc2n1Cc1ccccc1,0
P3_10546,CC(C)[C@@H](N)C(=O)NCCc1nc2ccccc2n1Cc1ccccc1,0
P3_10547,CCC(=O)NCCc1nc2ccccc2n1Cc1ccccc1,0
P3_10548,CC(=O)NCCCCCc1nc2ccccc2n1Cc1cccc(Cl)c1,1
P3_10549,CC(=O)NCCc1nc2ccccc2n1Cc1c(C)c(C)cc(C)c1C,1
P3_10550,CCC(=O)NCCc1nc2ccccc2n1Cc1ccc(C)cc1,1
P3_10551,C[C@H](O)CCC(=O)NCCc1nc2ccccc2n1Cc1ccccc1,0
P3_10552,CC(C)C(=O)NCCCc1nc2ccccc2n1Cc1ccc(Cl)cc1,1
P3_10553,CC(C)C#CC(=O)NCCc1nc2ccccc2n1Cc1ccccc1,0
P3_10554,C[C@@H](O)CCC(=O)NCCc1nc2ccccc2n1Cc1ccccc1,0
P3_10555,Cc1ccc(Cn2c(CCNC(=O)CC[C@@H](C)O)nc3ccccc32)cc1,0
P3_10556,Cc1ccc(Cn2c(CCNC(=O)CC[C@H](C)O)nc3ccccc32)cc1,0
P3_10557,CCC(=O)NCCc1nc2ccccc2n1Cc1ccc(F)cc1,1
P3_10558,CC(C)C(=O)NCCc1nc2ccccc2n1Cc1ccccc1Cl,1
P3_10559,Cc1ccc(Cn2c(CCNC(=O)C(C)(C)C)nc3ccccc32)cc1,1
P3_10560,CCCC(=O)NCCc1nc2ccccc2n1Cc1ccccc1,0
P3_10561,C[C@H](O)CCC(=O)NCCc1nc2ccccc2n1Cc1ccc(F)cc1,1
P3_10562,C[C@@H](O)CCC(=O)NCCc1nc2ccccc2n1Cc1ccc(F)cc1,1
P3_10563,CC(C)(C)C(=O)NCCc1nc2ccccc2n1Cc1ccc(F)cc1,1
P3_10564,CC(=O)NCCc1nc2ccccc2n1Cc1cc(C)ccc1C,1
P3_10565,CCCC(=O)NCCc1nc2ccccc2n1Cc1ccc(C)cc1,0
P3_10566,CC(CNC(=O)NCCc1nc2ccccc2n1Cc1ccccc1)C(F)F,1
P3_10567,CC(=O)NCCc1nc2ccccc2n1[C@H](C)c1ccccc1,1
P3_10568,CC(=O)NCCc1nc2ccccc2n1[C@@H](C)c1ccccc1,1
P3_10569,CC(C)C(=O)NCCCc1nc2ccccc2n1Cc1ccccc1,1
P3_10570,O=C(CCCO)NCCc1nc2ccccc2n1Cc1ccc(Cl)cc1,1
P3_10571,Cc1ccc(Cn2c(CCCNC(=O)C(C)C)nc3ccccc32)cc1,1
P3_10572,O=C(NCCc1nc2ccccc2n1Cc1ccccc1)NCCC(F)F,1
P3_10573,CC(C)C(=O)NCCCc1nc2ccccc2n1Cc1ccc(F)cc1,1
P3_10574,CCC(=O)NCCCc1nc2ccccc2n1Cc1ccc(Cl)cc1,1
P3_10575,CC(=O)NCCCc1nc2ccccc2n1Cc1ccc(Cl)cc1Cl,1
P3_10576,CC(=O)NCCCCCc1nc2ccccc2n1Cc1cccc(C)c1,1
P3_10577,C=C(C)C(=O)NCc1nc2ccccc2n1Cc1ccccc1,1
P3_10578,CC(=O)NCCCc1nc2ccccc2n1Cc1c(F)cccc1Cl,1
P3_10579,CC(=O)NCc1ccc(Cn2c(C(C)O)nc3ccccc32)cc1,1
P3_10580,CCC(=O)NCc1nc2ccccc2n1Cc1ccc(Cl)cc1,1
P3_10581,CC(=O)NCCCc1nc2ccccc2n1Cc1ccccc1F,0
P3_10582,CCC(=O)NCCc1nc2ccccc2n1Cc1ccccc1Cl,1
P3_10583,CC(C)C(=O)NCCc1nc2ccccc2n1Cc1ccccc1F,0
P3_10584,CC(=O)N(C)Cc1nc2ccccc2n1Cc1ccc(C(C)C)cc1,1
P3_10585,CC(C)(C)C(=O)NCCc1nc2ccccc2n1Cc1ccc(Cl)cc1,1
P3_10586,CC(=O)NCCc1nc2ccccc2n1Cc1c(F)cccc1Cl,1
P3_10587,CC(=O)NCCc1nc2ccccc2n1Cc1c(C)cc(C)cc1C,0
P3_10588,CC(C)(C)C(=O)NCCc1nc2ccccc2n1Cc1ccccc1,1
P3_10589,COCc1nc2ccccc2n1Cc1ccc(C(C)C)cc1,1
P3_10590,CC(=O)CCCCC(=O)NCCc1nc2ccccc2n1Cc1ccccc1,0
P3_10591,CC(=O)N(C)CC(=O)NCCc1nc2ccccc2n1Cc1ccccc1,0
P3_10592,Cc1cccc(Cn2c(CCNC(=O)C(C)C)nc3ccccc32)c1,0
P3_10593,Cc1ccc(Cn2c(CCNC(=O)CCCO)nc3ccccc32)cc1,0
P3_10594,Cc1ccccc1Cn1c(CCNC(=O)C(C)C)nc2ccccc21,0
P3_10595,C[C@H](O)CCC(=O)NCCc1nc2ccccc2n1Cc1cccc(Cl)c1,0
P3_10596,C[C@@H](O)CCC(=O)NCCc1nc2ccccc2n1Cc1cccc(Cl)c1,0
P3_10597,CC(C)(C)C(=O)NCCc1nc2ccccc2n1Cc1cccc(Cl)c1,1
P3_10598,O=C(CCCCCO)NCCc1nc2ccccc2n1Cc1ccc(Cl)cc1,1
P3_10599,CC(C)C(=O)NCCc1nc2ccccc2n1Cc1ccc(Cl)cc1Cl,1
P3_10600,O=C(CCCO)NCCc1nc2ccccc2n1Cc1ccccc1,0
P3_10601,O=C(CCCO)NCCc1nc2ccccc2n1Cc1ccc(Br)cc1,0
P3_10602,O=C(CCCO)NCCc1nc2ccccc2n1Cc1ccc(F)cc1,1
P3_10603,C[C@H](O)CCC(=O)NCCc1nc2ccccc2n1Cc1ccccc1Cl,1
P3_10604,O=C(CCCO)NCCc1nc2ccccc2n1Cc1ccc(Cl)c(Cl)c1,1
P3_10605,C[C@@H](O)CCC(=O)NCCc1nc2ccccc2n1Cc1ccccc1Cl,1
P3_10606,CC(C)(C)C(=O)NCCc1nc2ccccc2n1Cc1ccccc1Cl,1
P3_10607,CC(O)CNc1nc2ccccc2n1Cc1ccc(C(C)C)cc1,1
P3_10608,CCCC(=O)NCCc1nc2ccccc2n1Cc1ccccc1Cl,1
P3_10609,Cc1cc(C)c(C)c(Cn2c(CCNC(=O)C(C)C)nc3ccccc32)c1C,0
P3_10610,Cc1cccc(Cn2c(CCNC(=O)CC[C@@H](C)O)nc3ccccc32)c1,0
P3_10611,Cc1cccc(Cn2c(CCNC(=O)CC[C@H](C)O)nc3ccccc32)c1,0
P3_10612,CC[C@H](O)c1nc2ccccc2n1Cc1ccc(C(C)C)cc1,1
P3_10613,CC[C@@H](O)c1nc2ccccc2n1Cc1ccc(C(C)C)cc1,1
P3_10614,CC(=O)N[C@H](C)c1nc2ccccc2n1Cc1ccc(Cl)cc1,1
P3_10615,CC(=O)N[C@@H](C)c1nc2ccccc2n1Cc1ccc(Cl)cc1,1
P3_10616,Cc1ccc(C)c(Cn2c(CCNC(=O)C(C)C)nc3ccccc32)c1,0
P3_10617,Cc1cccc(Cn2c(CCNC(=O)C(C)(C)C)nc3ccccc32)c1,0
P3_10618,O=C(CCCO)NCCc1nc2ccccc2n1Cc1cccc(Cl)c1,0
P3_10619,OCCc1nc2ccccc2n1Cc1ccc(Cl)cc1,1
P3_10620,CCC(=O)NCCc1nc2ccccc2n1Cc1ccccc1C,0
P3_10621,COC(=O)[C@H](C)NCc1nc2ccccc2n1Cc1ccc(Cl)cc1,1
P3_10622,COC(=O)C(C)NCc1nc2ccccc2n1Cc1ccc(Cl)cc1,1
P3_10623,CC(C)c1ccc(Cn2c(CCCO)nc3ccccc32)cc1,1
P3_10624,COc1ccc(Cn2c(CCNC(=O)C(C)(C)C)nc3ccccc32)cc1,1
P3_10625,CCC(=O)NCCCc1nc2ccccc2n1Cc1ccccc1,1
P3_10626,CCC(=O)NCCCc1nc2ccccc2n1Cc1ccc(C)cc1,1
P3_10627,CC[C@H](C)c1ccc(Cn2c(CN(C)C(C)=O)nc3ccccc32)cc1,1
P3_10628,CC[C@@H](C)c1ccc(Cn2c(CN(C)C(C)=O)nc3ccccc32)cc1,1
P3_10629,CCCC(=O)NCCCc1nc2ccccc2n1Cc1ccc(C)cc1,0
P3_10630,CC(=O)N(C)Cc1nc2ccccc2n1Cc1ccc(Cl)cc1,1
P3_10631,CC(=O)N[C@H](C)c1nc2ccccc2n1Cc1ccc(C)cc1,1
P3_10632,CC(=O)N[C@@H](C)c1nc2ccccc2n1Cc1ccc(C)cc1,1
P3_10633,CCC(=O)NCCc1nc2ccccc2n1Cc1ccccc1F,0
P3_10634,C[C@H](O)CCC(=O)NCCc1nc2ccccc2n1Cc1ccccc1F,0
P3_10635,CCCC(=O)NCCc1nc2ccccc2n1Cc1ccc(Cl)cc1Cl,1
P3_10636,CC(C)(C)C(=O)NCCc1nc2ccccc2n1Cc1ccccc1F,0
P3_10637,CC(=O)NCCN(C)Cc1nc2cc(Cl)ccc2n1Cc1ccccc1,1
P3_10638,CC(=O)NCCCc1nc2ccccc2n1Cc1ccccc1Cl,1
P3_10639,CC(=O)NCCCc1nc2ccccc2n1Cc1ccccc1C,1
P3_10640,CC(=O)NCc1nc2ccccc2n1Cc1ccccc1Cl,1
P3_10641,CC(=O)NCc1nc2ccccc2n1Cc1ccccc1C,1
P3_10642,CC(C)NC(=O)NCc1nc2ccccc2n1Cc1ccccc1,0
P3_10643,CC(=O)[C@H](C)CC(=O)NCc1nc2ccccc2n1Cc1ccccc1,1
P3_10644,CC(=O)[C@@H](C)CC(=O)NCc1nc2ccccc2n1Cc1ccccc1,1
P3_10645,CCCC(=O)NCc1nc2ccccc2n1Cc1ccc(Cl)cc1,1
P3_10646,CC(C)(C)C(=O)NCCCc1nc2ccccc2n1Cc1ccccc1,1
P3_10647,CC(C)C(=O)NCCCc1nc2ccccc2n1Cc1ccccc1Cl,1
P3_10648,COC(=O)CCc1nc2ccccc2n1Cc1ccccc1,1
P3_10649,CCC(=O)NCc1nc2ccccc2n1Cc1ccc(C)cc1,0
P3_10650,CC(C)OC(=O)NCc1nc2ccccc2n1Cc1ccccc1,1
P3_10651,CCCNC(=O)NCc1nc2ccccc2n1Cc1ccccc1,1
P3_10652,CN(C)C(=O)Oc1ccc(Sc2ccc(OC(=O)N(C)C)cc2)cc1,1
P3_10653,COC[C@H](C)Oc1ccc(Sc2ccc(O)cc2)cc1,1
P3_10654,CC[C@H](COC)Oc1ccc(Sc2ccc(O)cc2)cc1,1
P3_10655,CC[C@@H](COC)Oc1ccc(Sc2ccc(O)cc2)cc1,1
P3_10656,COCCNC(=S)Nc1ccc(Sc2ccc(OC)cc2)cc1,1
P3_10657,COc1ccc(Sc2ccc(N[C@H](C)[C@H](C)O)cc2)cc1,1
P3_10658,CO[C@H](C)COc1ccc(Sc2ccc(O)cc2)cc1,1
P3_10659,COc1ccc(Sc2ccc(N[C@H](C)[C@@H](C)O)cc2)cc1,1
P3_10660,COc1ccc(Sc2ccc(N[C@@H](C)[C@@H](C)O)cc2)cc1,1
P3_10661,COc1ccc(Sc2ccc(N[C@@H](C)[C@H](C)O)cc2)cc1,1
P3_10662,COC[C@H](O)CNc1ccc(Sc2ccc(OC)cc2)cc1,1
P3_10663,COC[C@@H](O)CNc1ccc(Sc2ccc(OC)cc2)cc1,1
P3_10664,COCCCCS(=O)(=O)Nc1ccc(Sc2ccc(OC)cc2)cc1,0
P3_10665,COC[C@@H](OC)C(=O)Nc1ccc(Sc2ccc(OC)cc2)cc1,0
P3_10666,COC[C@H](OC)C(=O)Nc1ccc(Sc2ccc(OC)cc2)cc1,0
P3_10667,COc1ccc(Sc2ccc(NC[C@H](O)CSC)cc2)cc1,1
P3_10668,COc1ccc(Sc2ccc(NC[C@@H](O)CSC)cc2)cc1,1
P3_10669,COc1ccc(Sc2ccc(NC(=O)[C@H](OC)C(C)C)cc2)cc1,1
P3_10670,COc1ccc(Sc2ccc(NC(=O)[C@@H](OC)C(C)C)cc2)cc1,1
P3_10671,CCN(C)S(=O)(=O)Nc1ccc(Sc2ccc(OC)cc2)cc1,1
P3_10672,COc1ccc(Sc2ccc(NC[C@H](C)S(C)(=O)=O)cc2)cc1,0
P3_10673,COc1ccc(Sc2ccc(NC[C@@H](C)S(C)(=O)=O)cc2)cc1,0
P3_10674,COc1ccc(Sc2ccc(NC(=O)[C@@H](C)[C@@H](C)[NH3+])cc2)cc1,1
P3_10675,COc1ccc(Sc2ccc(NC(=O)[C@H](C)[C@@H](C)[NH3+])cc2)cc1,1
P3_10676,COc1ccc(Sc2ccc(NC(=O)[C@@H](C)[C@H](C)[NH3+])cc2)cc1,1
P3_10677,COc1ccc(Sc2ccc(NC(=O)[C@H](C)[C@H](C)[NH3+])cc2)cc1,1
P3_10678,CC[C@@H](OC)C(=O)Nc1ccc(Sc2ccc(OC)cc2)cc1,0
P3_10679,CC[C@H](OC)C(=O)Nc1ccc(Sc2ccc(OC)cc2)cc1,0
P3_10680,COC(=O)[C@H](CCO)Oc1ccc(Sc2ccc(O)cc2)cc1,0
P3_10681,CCOC[C@@H](C)Oc1ccc(Sc2ccc(O)cc2)cc1,1
P3_10682,CCOC[C@H](C)Oc1ccc(Sc2ccc(O)cc2)cc1,1
P3_10683,CC[C@H](CO)C(=O)Nc1ccc(Sc2ccc(OC)cc2)cc1,0
P3_10684,CC[C@@H](CO)C(=O)Nc1ccc(Sc2ccc(OC)cc2)cc1,0
P3_10685,COc1ccc(Sc2ccc(NC[C@H](O)CC(C)(C)O)cc2)cc1,1
P3_10686,COc1ccc(Sc2ccc(NC[C@@H](O)CC(C)(C)O)cc2)cc1,1
P3_10687,CCO[C@@H](C)C(=O)Nc1ccc(Sc2ccc(OC)cc2)cc1,1
P3_10688,COC[C@@](C)(O)C(=O)Nc1ccc(Sc2ccc(OC)cc2)cc1,1
P3_10689,CCO[C@H](C)C(=O)Nc1ccc(Sc2ccc(OC)cc2)cc1,1
P3_10690,COC[C@](C)(O)C(=O)Nc1ccc(Sc2ccc(OC)cc2)cc1,1
P3_10691,COc1ccc(Sc2ccc(NC(=O)CCCCC[NH3+])cc2)cc1,1
P3_10692,COc1ccc(Sc2ccc(NC(=O)[C@@H](C)[C@@H](C)S(C)(=O)=O)cc2)cc1,1
P3_10693,COc1ccc(Sc2ccc(NC(=O)[C@H](C)[C@@H](C)S(C)(=O)=O)cc2)cc1,1
P3_10694,COc1ccc(Sc2ccc(NC(=O)[C@@H](C)[C@H](C)S(C)(=O)=O)cc2)cc1,1
P3_10695,COc1ccc(Sc2ccc(NC(=O)[C@H](C)[C@H](C)S(C)(=O)=O)cc2)cc1,1
P3_10696,COc1ccc(Sc2ccc(NC(=O)N[C@@H](C)CCO)cc2)cc1,1
P3_10697,C=CCOCC(=O)Nc1ccc(Sc2ccc(OC)cc2)cc1,0
P3_10698,COc1ccc(Sc2ccc(NC(=O)N[C@H](C)CCO)cc2)cc1,1
P3_10699,COc1ccc(Sc2ccc(NC(=O)N(C)[C@H](C)CO)cc2)cc1,1
P3_10700,COc1ccc(Sc2ccc(NC(=O)[C@H]([NH3+])CCSC)cc2)cc1,1
P3_10701,COc1ccc(Sc2ccc(NC(=O)[C@@H]([NH3+])CCSC)cc2)cc1,1
P3_10702,COc1ccc(Sc2ccc(NC(=O)N(C)[C@@H](C)CO)cc2)cc1,1
P3_10703,COc1ccc(Sc2ccc(NC(=O)N(C)[C@H](C)C[NH3+])cc2)cc1,0
P3_10704,COc1ccc(Sc2ccc(NC(=O)N(C)C[C@@H](C)[NH3+])cc2)cc1,1
P3_10705,COc1ccc(Sc2ccc(NC(=O)N(C)C[C@H](C)[NH3+])cc2)cc1,1
P3_10706,COc1ccc(Sc2ccc(NC(=O)N(C)[C@@H](C)C[NH3+])cc2)cc1,0
P3_10707,COc1ccc(Sc2ccc(NC(=O)N(C)CCCCO)cc2)cc1,0
P3_10708,COc1ccc(Sc2ccc(NC(=O)[C@@H](N)COC(C)C)cc2)cc1,0
P3_10709,COCCS(=O)(=O)Nc1ccc(Sc2ccc(C(C)C)cc2)cc1,0
P3_10710,COC[C@@](C)(O)C(=O)Nc1ccc(Sc2ccc(C(C)C)cc2)cc1,0
P3_10711,COC[C@](C)(O)C(=O)Nc1ccc(Sc2ccc(C(C)C)cc2)cc1,0
P3_10712,CN1CCC(N2CCC(C(=O)NCCc3ccccc3)CC2)CC1,0
P3_10713,CCN1CCC(N2CCC(C(=O)NCCc3ccccc3)CC2)CC1,0
P3_10714,CC(C)Cc1ccc(CCNC(=O)C2CCN(C3CCN(C)CC3)CC2)cc1,0
P3_10715,CN1CCC(N2CCC(C(=O)NCCc3ccc(C(=O)O)cc3)CC2)CC1,0
P3_10716,CN1CCC(N2CCC(C(=O)NCCc3cccc(F)c3)CC2)CC1,0
P3_10717,CCN1CCC(N2CCC(C(=O)NCCc3ccc(C(C)C)cc3)CC2)CC1,0
P3_10718,CN1CCC(N2CCC(C(=O)NCCc3ccc(CO)cc3)CC2)CC1,0
P3_10719,CN1CCC(N2CCC(C(=O)NCCc3ccc(O)cc3)CC2)CC1,0
P3_10720,CN1CCC(N2CCC(C(=O)NCCc3ccc(Cl)cc3)CC2)CC1,0
P3_10721,CN1CCC(N2CCC(C(=O)NCCc3ccc(Br)cc3)CC2)CC1,0
P3_10722,CN1CCC(N2CCC(C(=O)NCCc3ccc(F)cc3)CC2)CC1,0
P3_10723,CN1CCC(N2CCC(C(=O)NCCc3cccc(O)c3)CC2)CC1,0
P3_10724,C=Cc1ccc(CCNC(=O)C2CCN(C3CCN(C)CC3)CC2)cc1,0
P3_10725,CN1CCC(N2CCC(C(=O)NCCc3cccc(CO)c3)CC2)CC1,0
P3_10726,CCN1CCC(N2CCC(C(=O)NCCc3ccc(C(C)=O)cc3)CC2)CC1,0
P3_10727,CCN1CCC(N2CCC(C(=O)NCCc3ccc(C(=O)O)cc3)CC2)CC1,0
P3_10728,CCN1CCC(N2CCC(C(=O)NCCc3cccc(F)c3)CC2)CC1,0
P3_10729,CCN1CCC(N2CCC(C(=O)NCCc3cccc(C(F)F)c3)CC2)CC1,0
P3_10730,CCN1CCC(N2CCC(C(=O)NCCc3ccc(CO)cc3)CC2)CC1,0
P3_10731,CCN1CCC(N2CCC(C(=O)NCCc3ccc(O)cc3)CC2)CC1,0
P3_10732,CCN1CCC(N2CCC(C(=O)NCCc3ccc(C)cc3)CC2)CC1,0
P3_10733,CN1CCC(N2CCC(C(=O)NCCc3cccc(Br)c3)CC2)CC1,0
P3_10734,CN1CCC(N2CCC(C(=O)NCCc3cccc(Cl)c3)CC2)CC1,0
P3_10735,CCN1CCC(N2CCC(C(=O)NCCc3cccc(C(=O)O)c3)CC2)CC1,0
P3_10736,CN1CCC(N2CCC(C(=O)NCCc3ccc(N(C)C)cc3)CC2)CC1,0
P3_10737,CCN1CCC(N2CCC(C(=O)NCCc3ccc(Cl)cc3)CC2)CC1,0
P3_10738,CCN1CCC(N2CCC(C(=O)NCCc3ccc(N)cc3)CC2)CC1,0
P3_10739,CN1CCC(N2CCC(C(=O)NCCc3ccc(C(C)(C)C)cc3)CC2)CC1,1
P3_10740,CCN1CCC(N2CCC(C(=O)NCCc3ccc(F)cc3)CC2)CC1,0
P3_10741,CCN1CCC(N2CCC(C(=O)NCCc3cccc(O)c3)CC2)CC1,0
P3_10742,CCN1CCC(N2CCC(C(=O)NCCc3cccc(C)c3)CC2)CC1,0
P3_10743,CCN1CCC(N2CCC(C(=O)NCCc3cccc(CO)c3)CC2)CC1,0
P3_10744,CCN1CCC(N2CCC(C(=O)NCCc3cccc(N)c3)CC2)CC1,0
P3_10745,CN1CCC(N2CCC(C(=O)NCCc3cccc(C(C)(C)C)c3)CC2)CC1,0
P3_10746,CCN1CCC(N2CCC(C(=O)NCCc3cccc(Cl)c3)CC2)CC1,0
P3_10747,CN1CCC(N2CCC(C(=O)NCCc3ccc(C#N)cc3)CC2)CC1,0
P3_10748,CCN1CCC(N2CCC(C(=O)NCCc3ccc(C(C)(C)C)cc3)CC2)CC1,0
P3_10749,CCN1CCC(N2CCC(C(=O)NCCc3ccc(COC)cc3)CC2)CC1,0
P3_10750,CCN1CCC(N2CCC(C(=O)NCCc3ccc(N(C)C)cc3)CC2)CC1,0
P3_10751,CCN1CCC(N2CCC(C(=O)NCCc3ccc(OC)cc3)CC2)CC1,0
P3_10752,CC(=O)N1CCC(N2CCC(C(=O)NCCc3ccccc3F)CC2)CC1,0
P3_10753,CCN1CCC(N2CCC(C(=O)NCCc3ccc(SC)cc3)CC2)CC1,0
P3_10754,CN1CCC(N2CCC(C(=O)NCCc3ccccc3O)CC2)CC1,1
P3_10755,CN1CCC(N2CCC(C(=O)NCCc3ccccc3Cl)CC2)CC1,0
P3_10756,CCN1CCC(N2CCC(C(=O)NCCc3cccc(OC)c3)CC2)CC1,0
P3_10757,CCN1CCC(N2CCC(C(=O)NCCc3cccc(SC)c3)CC2)CC1,0
P3_10758,CCN1CCC(N2CCC(C(=O)NCCc3cccc(C(C)(C)C)c3)CC2)CC1,0
P3_10759,CN1CCC(N2CCC(C(=O)NCCc3ccc(OC(C)(C)C)cc3)CC2)CC1,0
P3_10760,CN1CCC(N2CCC(C(=O)NCCc3ccccc3F)CC2)CC1,0
P3_10761,CN1CCC(N2CCC(C(=O)NCCc3ccccc3Br)CC2)CC1,0
P3_10762,CCN1CCC(N2CCC(C(=O)NCCc3cccc(C(=O)OC)c3)CC2)CC1,0
P3_10763,CN1CCC(N2CCC(C(=O)NCCc3ccc(OCCO)cc3)CC2)CC1,0
P3_10764,CCN1CCC(N2CCC(C(=O)NCCc3ccccc3OC)CC2)CC1,0
P3_10765,O=C(NCCc1cccc(O)c1)C1CCN(C2CCNCC2)CC1,0
P3_10766,CCN1CCC(N2CCC(C(=O)NCCc3ccccc3O)CC2)CC1,1
P3_10767,CN1CCC(N2CCC(C(=O)NCCc3ccc(Cl)c(Cl)c3)CC2)CC1,1
P3_10768,CN1CCC(N2CCC(C(=O)NCCc3ccc(F)c(F)c3)CC2)CC1,0
P3_10769,CCN1CCC(N2CCC(C(=O)NCCc3ccccc3Cl)CC2)CC1,0
P3_10770,CCN1CCC(N2CCC(C(=O)NCCc3ccccc3C)CC2)CC1,0
P3_10771,CN1CCC(N2CCC(C(=O)NCCc3cc(F)cc(F)c3)CC2)CC1,0
P3_10772,CN1CCC(N2CCC(C(=O)NCCc3c(Cl)cccc3Cl)CC2)CC1,0
P3_10773,CN1CCC(N2CCC(C(=O)NCCc3cc(Cl)cc(Cl)c3)CC2)CC1,0
P3_10774,CCN1CCC(N2CCC(C(=O)NCCc3ccc(OC)c(OC)c3)CC2)CC1,1
P3_10775,CCN1CCC(N2CCC(C(=O)NCCc3ccc(C)c(C)c3)CC2)CC1,0
P3_10776,CCN1CCC(N2CCC(C(=O)NCCc3ccccc3F)CC2)CC1,0
P3_10777,CCN1CCC(N2CCC(C(=O)NCCc3cc(C)cc(C)c3)CC2)CC1,0
P3_10778,CN1CCC(N2CCC(C(=O)NCCc3cc(F)c(F)c(F)c3)CC2)CC1,0
P3_10779,CN1CCC(N2CCC(C(=O)NCCc3ccc(Cl)c(F)c3)CC2)CC1,0
P3_10780,CCN1CCC(N2CCC(C(=O)NCCc3ccc(F)c(F)c3)CC2)CC1,0
P3_10781,CCN1CCC(N2CCC(C(=O)NCCc3cc(F)cc(F)c3)CC2)CC1,0
P3_10782,CCN1CCC(N2CCC(C(=O)NCCc3c(C)cccc3C)CC2)CC1,0
P3_10783,CCN1CCC(N2CCC(C(=O)NCCc3cc(Cl)cc(Cl)c3)CC2)CC1,0
P3_10784,CCN1CCC(N2CCC(C(=O)NCCc3ccc(OC)c(O)c3)CC2)CC1,1
P3_10785,CCN1CCC(N2CCC(C(=O)NCCc3ccc(C)c(OC)c3)CC2)CC1,0
P3_10786,CCN1CCC(N2CCC(C(=O)NCCc3ccc(O)c(OC)c3)CC2)CC1,1
P3_10787,CCN1CCC(N2CCC(C(=O)NCCc3ccc(OC)c(C)c3)CC2)CC1,0
P3_10788,CN1CCC(N2CCC(C(=O)NCCc3ccc(F)c(Cl)c3)CC2)CC1,0
P3_10789,CCN1CCC(N2CCC(C(=O)NCCc3ccccc3SC)CC2)CC1,0
P3_10790,CCN1CCC(N2CCC(C(=O)NCCc3cc(F)ccc3F)CC2)CC1,0
P3_10791,CN1CCC(N2CCC(C(=O)NCCc3ccc(O)c(CO)c3)CC2)CC1,0
P3_10792,CCN1CCC(N2CCC(C(=O)NCCc3ccc(C)c(O)c3)CC2)CC1,1
P3_10793,CCN1CCC(N2CCC(C(=O)NCCc3ccc(C)c(Cl)c3)CC2)CC1,1
P3_10794,CN1CCC(N2CCC(C(=O)NCCc3cc(F)ccc3Cl)CC2)CC1,0
P3_10795,CCN1CCC(N2CCC(C(=O)NCCc3cc(F)c(F)c(F)c3)CC2)CC1,0
P3_10796,CCN1CCC(N2CCC(C(=O)NCCc3c(F)cccc3F)CC2)CC1,0
P3_10797,CN1CCC(N2CCC(C(=O)NCCc3cccc(Cl)c3Cl)CC2)CC1,0
P3_10798,CCN1CCC(N2CCC(C(=O)NCCc3cc(C)c(O)c(C)c3)CC2)CC1,0
P3_10799,CCN1CCC(N2CCC(C(=O)NCCc3ccc(OC)c(F)c3)CC2)CC1,1
P3_10800,CCN1CCC(N2CCC(C(=O)NCCc3ccc(F)c(OC)c3)CC2)CC1,0
P3_10801,CCN1CCC(N2CCC(C(=O)NCCc3ccc(Cl)c(F)c3)CC2)CC1,0
P3_10802,CCN1CCC(N2CCC(C(=O)NCCc3ccc(Cl)c(C)c3)CC2)CC1,1
P3_10803,CCN1CCC(N2CCC(C(=O)NCCc3cc(F)ccc3C)CC2)CC1,1
P3_10804,CCN1CCC(N2CCC(C(=O)NCCc3ccc(F)c(C)c3)CC2)CC1,1
P3_10805,CN1CCC(N2CCC(C(=O)NCCc3cccc(F)c3F)CC2)CC1,0
P3_10806,CN1CCC(N2CCC(C(=O)NCCc3ccc(F)cc3F)CC2)CC1,0
P3_10807,CN1CCC(N2CCC(C(=O)NCCc3cc(O)cc(F)c3)CC2)CC1,0
P3_10808,CCN1CCC(N2CCC(C(=O)NCCc3cc(F)ccc3Cl)CC2)CC1,0
P3_10809,CCN1CCC(N2CCC(C(=O)NCCc3ccc(F)c(Cl)c3)CC2)CC1,0
P3_10810,CCN1CCC(N2CCC(C(=O)NCCc3ccc(F)c(Br)c3)CC2)CC1,0
P3_10811,COc1ccc(-c2cc(=O)c3c(OC[C@@H](C)OC)c(OC)c(O)cc3o2)cc1,1
P3_10812,COc1cc2oc(-c3ccccc3)cc(=O)c2c([O-])c1OC,1
P3_10813,COc1ccc(-c2cc(=O)c3c(OC(C)C)c(OC)c(OC)cc3o2)cc1O,1
P3_10814,COc1cc2oc(-c3ccccc3)cc(=O)c2c([O-])c1O,1
P3_10815,COc1cc(O)c2c(=O)cc(-c3cc(OC)c(OC)c(OC)c3OC)oc2c1,1
P3_10816,COc1ccc2c(=O)cc(-c3cc(OC)c(OC)c(OC)c3)oc2c1,1
P3_10817,COc1ccc2oc(-c3cc(OC)c(OC)c(OC)c3)cc(=O)c2c1,1
P3_10818,COc1ccc(-c2cc(=O)c3c(OC(C)C)c(OC)c(O)cc3o2)cc1OC,1
P3_10819,COc1cc(O)c2c(=O)cc(-c3ccccc3)oc2c1OC,1
P3_10820,COc1cc(OC)c2c(=O)cc(-c3cc(OC)c(OC)c(OC)c3)oc2c1,1
P3_10821,COc1ccc(-c2cc(=O)c3c(OC)c(OC)c(OC)c(OC)c3o2)cc1O,1
P3_10822,COc1ccc(-c2cc(=O)c3c(OC)cc(OC)c(OC)c3o2)cc1OC,1
P3_10823,COc1ccc(-c2cc(=O)c3c(OC)c(OC)c(OC)cc3o2)cc1C,1
P3_10824,COc1cc2oc(-c3ccccc3)cc(=O)c2c([O-])c1C,1
P3_10825,COc1cc(-c2cc(=O)c3c([O-])cc(C)cc3o2)cc(OC)c1OC,1
P3_10826,COc1ccc(-c2cc(=O)c3c(OC(C)C)c(OC)c([O-])cc3o2)cc1OC,1
P3_10827,COc1ccc(-c2cc(=O)c3c(O[C@@H](C)C[N+](C)(C)C)cc([O-])cc3o2)cc1,1
P3_10828,COc1ccc(-c2cc(=O)c3c(O[C@H](C)C[N+](C)(C)C)cc([O-])cc3o2)cc1,1
P3_10829,COc1ccc2c(=O)c(-c3ccc(O)cc3O)coc2c1,1
P3_10830,COc1cc2c(=O)c(-c3ccc(O)cc3)coc2cc1O,1
P3_10831,COc1ccc(-c2coc3cc([O-])ccc3c2=O)cc1O,1
P3_10832,COc1ccc(-c2coc3cc(OC)ccc3c2=O)cc1,1
P3_10833,COc1cc(-c2coc3cc([O-])ccc3c2=O)ccc1O,1
P3_10834,Cc1cc2occ(-c3ccc(O)cc3)c(=O)c2cc1C,1
P3_10835,COc1ccc(-c2coc3cc(O)c(OC)cc3c2=O)cc1,1
P3_10836,COc1ccc(-c2coc3cc(OC)c(O)cc3c2=O)cc1,1
P3_10837,COc1ccc(-c2coc3cc(O)c(OC)c(O)c3c2=O)cc1,1
P3_10838,COc1ccc(-c2coc3cc([O-])c(O)cc3c2=O)cc1,1
P3_10839,COc1ccc(-c2coc3cc([O-])ccc3c2=O)cc1OC,1
P3_10840,COc1cccc(-c2coc3cc([O-])ccc3c2=O)c1,1
P3_10841,COc1ccc(-c2coc3cc(OC)c(OC)cc3c2=O)cc1OC,1
P3_10842,CC[C@@H](COC)Oc1c(OC)c(O)cc2occ(-c3ccc(O)cc3)c(=O)c12,1
P3_10843,COc1c(O)cc2occ(-c3ccc(O)cc3)c(=O)c2c1OCCOC(C)C,1
P3_10844,CC[C@H](COC)Oc1c(OC)c(O)cc2occ(-c3ccc(O)cc3)c(=O)c12,1
P3_10845,COc1ccc(-c2coc3cc(OC)c(OC)cc3c2=O)cc1,1
P3_10846,COc1c(O)cc2occ(-c3ccc(O)cc3)c(=O)c2c1OCC[C@H](C)OC,1
P3_10847,CC[C@H](COc1c(OC)c(O)cc2occ(-c3ccc(O)cc3)c(=O)c12)OC,1
P3_10848,COc1c(O)cc2occ(-c3ccc(O)cc3)c(=O)c2c1OCC[C@@H](C)OC,1
P3_10849,CC[C@@H](COc1c(OC)c(O)cc2occ(-c3ccc(O)cc3)c(=O)c12)OC,1
P3_10850,COc1cc(O)c(-c2coc3cc([O-])ccc3c2=O)c(OC)c1CC=C(C)C,1
P3_10851,COc1c(O)cc(-c2coc3cc([O-])cc(O)c3c2=O)cc1CC=C(C)C,1
P3_10852,COc1ccc(-c2coc3cc(OCC(N)=O)ccc3c2=O)cc1OC,0
P3_10853,Cc1c(O)ccc2c(=O)c(-c3ccc(O)cc3)coc12,0
P3_10854,COc1cc([O-])cc2occ(-c3ccc(O)cc3O)c(=O)c12,1
P3_10855,COc1ccc(-c2coc3cc([O-])cc(O)c3c2=O)cc1O,1
P3_10856,COc1cc(O)c2c(=O)c(-c3ccc(O)c(OC)c3)coc2c1,1
P3_10857,COc1cc([O-])c2c(=O)c(-c3ccc(O)cc3O)coc2c1,1
P3_10858,COc1ccc(-c2coc3c(C)c(O)ccc3c2=O)cc1,1
P3_10859,COc1cccc(-c2coc3cc(OC)c(OC)cc3c2=O)c1,1
P3_10860,COc1ccc(-c2coc3cc([O-])c(OC)c(O)c3c2=O)cc1,1
P3_10861,COc1ccc(-c2coc3cc(OC)c(Cl)cc3c2=O)cc1,1
P3_10862,COc1ccc(-c2coc3cc([O-])cc(O)c3c2=O)cc1,1
P3_10863,CC(C)=CCc1cc(-c2coc3cc([O-])ccc3c2=O)ccc1O,1
P3_10864,COc1cc(-c2coc3cc([O-])cc(O)c3c2=O)ccc1O,1
P3_10865,COc1ccc(-c2coc3cc([O-])cc(O)c3c2=O)cc1OC,1
P3_10866,COc1ccc(-c2coc3cc(OC)c(OC)c(OC)c3c2=O)cc1,1
P3_10867,C#C[C@@H](C)Oc1c(O)ccc2c(=O)c(-c3ccc(O)cc3)coc12,1
P3_10868,C#C[C@H](C)Oc1c(O)ccc2c(=O)c(-c3ccc(O)cc3)coc12,1
P3_10869,CCOc1cccc(-c2coc3cc(C)ccc3c2=O)c1,1
P3_10870,CC[C@@H](CC(=O)OC)Oc1c(O)ccc2c(=O)c(-c3ccc(O)cc3)coc12,1
P3_10871,CCOC(=O)C[C@@H](C)Oc1c(O)ccc2c(=O)c(-c3ccc(O)cc3)coc12,1
P3_10872,COc1ccc(-c2coc3c(C)c(OC)ccc3c2=O)cc1,1
P3_10873,COc1cc(OC)c(-c2coc3cc([O-])cc(O)c3c2=O)cc1OC,1
P3_10874,COc1ccc(-c2coc3cc([O-])cc(C)c3c2=O)cc1,1
P3_10875,COc1ccc(-c2coc3cc([O-])cc(OC)c3c2=O)cc1OC,1
P3_10876,CC(C)=CCc1c([O-])ccc2c(=O)c(-c3ccc(O)cc3)coc12,0
P3_10877,CCOC(=O)C1=CN(C)C=C(C(=O)OCC)C1c1ccc(OCC)c(OC)c1,0
P3_10878,CCOC(=O)C1=CN(C)C=C(C(=O)OCC)C1c1ccc(OC)c(OC)c1,0
P3_10879,CCOC(=O)C1=CN(C)C=C(C(=O)OCC)C1c1ccc(O)c(OC)c1,1
P3_10880,CCOC(=O)C1=CN(C)C=C(C(=O)OCC)C1c1cccc(OC)c1OCC,0
P3_10881,CCOC(=O)C1=CN(C)C=C(C(=O)OCC)C1c1ccc(OC)c(O)c1,0
P3_10882,CCOC(=O)C1=CN(C)C=C(C(=O)OCC)C1c1ccc(Br)cc1,0
P3_10883,CCOc1ccc(C2C(C(=O)OC)=CN(C)C=C2C(=O)OC)cc1OC,0
P3_10884,CCOC(=O)C1=CN(C)C=C(C(=O)OCC)C1c1ccc(OCC)cc1,0
P3_10885,CCOC(=O)C1=CN(C)C=C(C(=O)OCC)C1c1ccc(OC)cc1,0
P3_10886,CCOC(=O)C1=CN(C)C=C(C(=O)OCC)C1c1cccc(Br)c1,0
P3_10887,CCOC(=O)C1=CN(C)C=C(C(=O)OCC)C1c1cccc(OC)c1,0
P3_10888,CCOC(=O)C1=CN(C)C=C(C(=O)OCC)C1c1cccc(OCC)c1,0
P3_10889,CCOC(=O)C1=CN(C)C=C(C(=O)OCC)C1c1ccccc1OC,1
P3_10890,COC(=O)C1=CN(C)C=C(C(=O)OC)C1c1ccc(OC)c(Br)c1,0
P3_10891,CCOc1ccc(C2C(C(=O)OC)=CN(C)C=C2C(=O)OC)cc1OCC,0
P3_10892,CCOC(=O)C1=CN(C)C=C(C(=O)OCC)C1c1ccc(O)cc1,0
P3_10893,CCOC(=O)C1=CN(C)C=C(C(=O)OCC)C1c1ccccc1Br,0
P3_10894,CCOC(=O)C1=CN(C)C=C(C(=O)OCC)C1c1ccc(F)cc1,0
P3_10895,CCOC(=O)C1=CN(C)C=C(C(=O)OCC)C1c1ccc(Cl)cc1,1
P3_10896,CCOC(=O)C1=CN(C)C=C(C(=O)OCC)C1c1ccccc1OCC,0
P3_10897,CCOC(=O)C1=CN(C)C=C(C(=O)OCC)C1c1cccc(O)c1,0
P3_10898,CCOC(=O)C1=CN(C)C=C(C(=O)OCC)C1c1ccc(C(F)(F)F)cc1,0
P3_10899,CCOc1cc(C2C(C(=O)OC)=CN(C)C=C2C(=O)OC)ccc1O,0
P3_10900,CCOC(=O)C1=CN(C)C=C(C(=O)OCC)C1c1cccc(F)c1,0
P3_10901,CCCOc1ccc(C2C(C(=O)OCC)=CN(C)C=C2C(=O)OCC)cc1,0
P3_10902,CCOC(=O)C1=CN(C)C=C(C(=O)OCC)C1c1cccc(Cl)c1,0
P3_10903,CCCOc1ccc(C2C(C(=O)OC)=CN(C)C=C2C(=O)OC)cc1OC,1
P3_10904,CCOC(=O)C1=CN(C)C=C(C(=O)OCC)C1c1ccc(C(C)C)cc1,0
P3_10905,CCOC(=O)C1=CN(C(C)C)C=C(C(=O)OCC)C1c1ccc(O)c(OC)c1,1
P3_10906,CCOc1ccc(C2C(C(=O)OC)=CN(C)C=C2C(=O)OC)cc1Cl,1
P3_10907,CCOC(=O)C1=CN(C)C=C(C(=O)OCC)C1c1ccc(OC(F)(F)F)cc1,1
P3_10908,COC(=O)C1=CN(C)C=C(C(=O)OC)C1c1cc(Cl)c(O)c(OC)c1,0
P3_10909,CCOc1ccc(C2C(C(=O)OC)=CN(C)C=C2C(=O)OC)cc1,0
P3_10910,CCOc1cccc(C2C(C(=O)OC)=CN(C)C=C2C(=O)OC)c1,0
P3_10911,CCOC(=O)C1=CN(C(C)C)C=C(C(=O)OCC)C1c1ccc(OC)c(O)c1,0
P3_10912,COC(=O)C1=CN(C)C=C(C(=O)OC)C1c1ccc(F)c(Br)c1,0
P3_10913,COC(=O)C1=CN(C)C=C(C(=O)OC)C1c1ccc(OC)c(O)c1,1
P3_10914,COC(=O)C1=CN(C)C=C(C(=O)OC)C1c1ccc(OC(C)C)c(OC)c1,1
P3_10915,COC(=O)C1=CN(C)C=C(C(=O)OC)C1c1ccc(Br)cc1,0
P3_10916,CCOC(=O)C1=CN(C(C)C)C=C(C(=O)OCC)C1c1ccc(OCC)cc1,0
P3_10917,COC(=O)C1=CN(C)C=C(C(=O)OC)C1c1cccc(Br)c1,1
P3_10918,CCOC(=O)C1=CN(C(C)C)C=C(C(=O)OCC)C1c1cccc(OC)c1,0
P3_10919,CCOC(=O)C1=CN(C(C)C)C=C(C(=O)OCC)C1c1cccc(OCC)c1,0
P3_10920,CCOc1ccc(C2C(C(=O)OC)=C(C)N(C)C(C)=C2C(=O)OC)cc1OC,0
P3_10921,COC(=O)C1=CN(C)C=C(C(=O)OC)C1c1ccc(OC)cc1,0
P3_10922,COC(=O)C1=CN(C)C=C(C(=O)OC)C1c1cccc(OC)c1,1
P3_10923,COC(=O)C1=CN(C)C=C(C(=O)OC)C1c1cc(OC)ccc1OC,1
P3_10924,CCOC(=O)C1=CN(C(C)C)C=C(C(=O)OCC)C1c1ccc(OC)cc1,0
P3_10925,CCOC(=O)C1=C(C)NC(C)=C(C(=O)OCC)C1c1ccc(OC)c(OC)c1,1
P3_10926,CCOC(=O)C1=CN(C(C)C)C=C(C(=O)OCC)C1c1cccc(O)c1,0
P3_10927,CCOC(=O)C1=CN(C(C)C)C=C(C(=O)OCC)C1c1ccc(F)cc1,0
P3_10928,CCOC(=O)C1=CN(C)C=C(C(=O)OCC)C1c1ccccc1Cl,0
P3_10929,CCOC(=O)C1=CN(C)C=C(C(=O)OCC)C1c1ccccc1F,0
P3_10930,COC(=O)C1=CN(C)C=C(C(=O)OC)C1c1cc(Br)ccc1OC,1
P3_10931,CCOc1ccccc1C1C(C(=O)OC)=CN(C)C=C1C(=O)OC,0
P3_10932,CCOC(=O)C1=CN(C(C)C)C=C(C(=O)OCC)C1c1ccccc1OC,1
P3_10933,CCOc1ccc([C@H](C)NC(=O)c2ccccc2)cc1OCC,1
P3_10934,CCOc1ccc([C@@H](C)NC(=O)c2ccccc2)cc1OCC,1
P3_10935,CCOc1ccccc1C(C)NC(=O)c1ccc(O)c(Cl)c1,1
P3_10936,CCOc1ccccc1C(C)NC(=O)c1ccc(Cl)c(O)c1,1
P3_10937,CCc1cc(OC)c(OC)cc1[C@@H](C)NC(=O)c1ccccc1,1
P3_10938,CCOc1cc(C(=O)N[C@@H](C)c2ccccc2)cc(OCC)c1OCC,1
P3_10939,CCOc1ccc(C(=O)N[C@@H](C)c2ccccc2)cc1OCC,1
P3_10940,CCOc1ccc(C(=O)NC(C)c2ccccc2OCC)cc1OCC,1
P3_10941,CCOc1cc(C(=O)NC(C)c2ccccc2)cc(OCC)c1OCC,1
P3_10942,CCOc1ccc(C(=O)N[C@H](C)c2ccccc2)cc1OCC,1
P3_10943,CCOc1cc(C(=O)N[C@H](C)c2ccccc2)cc(OCC)c1OCC,1
P3_10944,CCc1cc(OC)c(OC)cc1[C@H](C)NC(=O)c1ccccc1,1
P3_10945,CCOc1ccc(C(=O)NC(C)c2ccccc2)cc1OCC,1
P3_10946,CCOc1ccc([C@H](C)NC(=O)c2ccccc2)cc1OC,1
P3_10947,CCOc1ccc([C@@H](C)NC(=O)c2ccccc2)cc1OC,1
P3_10948,CCOc1cc(C(=O)N[C@H](C)c2ccccc2)cc(Cl)c1[O-],1
P3_10949,CCOc1cc(C(=O)N[C@@H](C)c2ccccc2)cc(Cl)c1[O-],1
P3_10950,CCOc1ccc([C@@H](C)NC(=O)c2ccccc2Cl)cc1OCC,1
P3_10951,CCOc1ccc([C@H](C)NC(=O)c2ccccc2Cl)cc1OCC,1
P3_10952,CCOc1c(Cl)cc(C(=O)N[C@H](C)c2ccccc2)cc1OC,1
P3_10953,CCOc1c(Cl)cc(C(=O)N[C@@H](C)c2ccccc2)cc1OC,1
P3_10954,CCOc1ccc(C(=O)NC(C)c2ccccc2OCC)cc1,0
P3_10955,CCOc1ccc([C@H](NC(=O)c2ccccc2)C(C)C)cc1OCC,0
P3_10956,CCOc1ccc([C@H](C)NC(=O)c2ccc(Cl)cc2)cc1OCC,1
P3_10957,CCOc1ccc([C@@H](C)NC(=O)c2ccc(Cl)cc2)cc1OCC,1
P3_10958,CCOc1cc(C(=O)NC(C)c2ccccc2C)cc(OCC)c1OCC,0
P3_10959,CCOc1ccccc1[C@@H](C)NC(=O)c1cc(OC)c(OC)cc1Cl,1
P3_10960,CCOc1ccccc1[C@H](C)NC(=O)c1cc(OC)c(OC)cc1Cl,1
P3_10961,CCOc1ccccc1[C@@H](C)NC(=O)c1ccc(Cl)c(S(C)(=O)=O)c1,1
P3_10962,CCOc1ccccc1[C@H](C)NC(=O)c1ccc(Cl)c(S(C)(=O)=O)c1,1
P3_10963,COc1cc(C)c([C@H](C)NC(=O)c2ccccc2)cc1OC,1
P3_10964,COc1cc(C)c([C@@H](C)NC(=O)c2ccccc2)cc1OC,1
P3_10965,COc1cc(F)c([C@H](C)NC(=O)c2ccccc2)cc1OC,1
P3_10966,COc1cc(Br)c([C@H](C)NC(=O)c2ccccc2)cc1OC,1
P3_10967,CCOc1ccc([C@@H](C)NC(=O)c2ccc(C(=O)NC(C)C)cc2)cc1OCC,0
P3_10968,COc1cc(F)c([C@@H](C)NC(=O)c2ccccc2)cc1OC,1
P3_10969,COc1cc(Br)c([C@@H](C)NC(=O)c2ccccc2)cc1OC,1
P3_10970,CCOc1ccc([C@H](C)NC(=O)c2ccc(C(=O)NC(C)C)cc2)cc1OCC,0
P3_10971,CCOc1cc(C(=O)NC(C)c2ccccc2OCC)ccc1C,0
P3_10972,CCOc1ccc(C(=O)NC(C)c2ccccc2OCC)cc1C,0
P3_10973,CCOc1ccccc1C(C)NC(=O)c1ccc(OC(C)C)cc1,1
P3_10974,CCCOc1ccc(C(=O)N[C@H](C)c2ccccc2)cc1OCC,1
P3_10975,CCCOc1ccc(C(=O)NC(C)c2ccccc2)cc1OCC,1
P3_10976,CCCOc1ccc(C(=O)N[C@@H](C)c2ccccc2)cc1OCC,1
P3_10977,CCOc1ccccc1C(C)NC(=O)c1ccc(S(C)=O)cc1,0
P3_10978,CCOc1ccccc1C(C)NC(=O)c1ccc(OC)c(OC)c1,0
P3_10979,CCOc1ccc([C@@H](C)NC(=O)c2ccc([O-])c(Cl)c2)cc1OCC,1
P3_10980,CCOc1ccc([C@H](C)NC(=O)c2ccc([O-])c(Cl)c2)cc1OCC,1
P3_10981,CCOc1ccc([C@@H](C)NC(=O)c2ccc(O)c(Cl)c2)cc1OCC,1
P3_10982,CCOc1ccc([C@H](C)NC(=O)c2ccc(O)c(Cl)c2)cc1OCC,1
P3_10983,CC(C)Oc1ccccc1[C@@H](C)NC(=O)c1ccccc1,1
P3_10984,CC(C)Oc1ccccc1[C@H](C)NC(=O)c1ccccc1,1
P3_10985,CCOc1ccc([C@H](C)NC(=O)c2ccc(C(C)=O)cc2)cc1OCC,1
P3_10986,CCOc1ccc([C@@H](C)NC(=O)c2ccccc2OCC)cc1OCC,1
P3_10987,CCOc1ccc(C(C)NC(=O)c2ccccc2OCC)cc1OCC,1
P3_10988,CCOc1ccc(C(=O)NC(C)c2ccc(OCC)c(OCC)c2)cc1,0
P3_10989,CCOc1ccc([C@@H](C)NC(=O)c2ccc(C(C)=O)cc2)cc1OCC,1
P3_10990,CCOc1ccc([C@H](C)NC(=O)c2ccccc2OCC)cc1OCC,1
P3_10991,CCOc1ccc([C@@H](C)NC(=O)c2ccc(C)cc2)cc1OCC,0
P3_10992,CCOc1ccc([C@H](C)NC(=O)c2ccc(C)cc2)cc1OCC,0
P3_10993,CCOc1ccc([C@H](C)NC(=O)c2cccc(C(=O)NC)c2)cc1OCC,0
P3_10994,CCOc1ccc([C@@H](C)NC(=O)c2cccc(C(=O)NC)c2)cc1OCC,0
P3_10995,CCOc1ccccc1C(C)NC(=O)c1cccc(O)c1Cl,1
P3_10996,CCOc1ccccc1C(C)NC(=O)c1ccc(O)c(C)c1,1
P3_10997,CCOc1ccccc1C(=O)N[C@@H](C)c1cc(OC)c(OC)cc1C,1
P3_10998,CCOc1ccccc1C(=O)N[C@H](C)c1cc(OC)c(OC)cc1C,1
P3_10999,CCOc1ccccc1C(C)NC(=O)c1ccc(C)c(O)c1,0
P3_11000,CCOc1ccccc1C(C)NC(=O)c1ccccc1OC,0
P3_11001,CCOc1ccc([C@@H](C)NC(=O)c2ccc(C(=O)OC)cc2)cc1OCC,1
P3_11002,CCOc1ccc([C@@H](C)NC(=O)c2ccc(N)cc2)cc1OCC,0
P3_11003,CCOc1ccc([C@@H](C)NC(=O)c2ccc(F)cc2)cc1OCC,0
P3_11004,CCOc1ccc([C@H](C)NC(=O)c2ccc(F)cc2)cc1OCC,0
P3_11005,CCOc1ccc([C@H](C)NC(=O)c2ccc(N)cc2)cc1OCC,0
P3_11006,CCOc1ccc([C@H](C)NC(=O)c2ccc(C(=O)OC)cc2)cc1OCC,1
P3_11007,CCOc1ccccc1C(C)NC(=O)c1ccc(Br)c(O)c1,1
P3_11008,COc1ccc([C@H](C)NC(=O)c2ccccc2)c(Cl)c1,1
P3_11009,CCOc1ccc(C(C)NC(=O)c2ccccc2)cc1OC,1
P3_11010,CCOc1ccc(C(C)NC(=O)c2ccccc2Cl)cc1OCC,1
P3_11011,CCOc1ccc(C(C)NC(=O)c2ccc(Cl)cc2)cc1OCC,1
P3_11012,COc1cc(C)c(C(C)NC(=O)c2ccccc2)cc1OC,1
P3_11013,COc1cc(F)c(C(C)NC(=O)c2ccccc2)cc1OC,1
P3_11014,CCOc1ccc(C(C)NC(=O)c2ccc(O)c(Cl)c2)cc1OCC,1
P3_11015,CCOc1ccc(C(C)NC(=O)c2ccc(O)cc2)cc1OCC,0
P3_11016,CCOc1ccc(C(C)NC(=O)c2ccc(C)cc2)cc1OCC,0
P3_11017,CCOc1ccc([C@@H](C)NC(=O)c2ccccc2Cl)cc1OC,1
P3_11018,CCOc1ccc([C@H](C)NC(=O)c2ccccc2Cl)cc1OC,1
P3_11019,CCOc1ccc(C(C)NC(=O)c2ccccc2Cl)cc1OC,1
P3_11020,CCOc1ccc(C(C)NC(=O)c2ccc(N)cc2)cc1OCC,0
P3_11021,CCOc1ccc(C(C)NC(=O)c2ccc(Br)cc2)cc1OCC,0
P3_11022,CCOc1ccc(C(C)NC(=O)c2ccc(F)cc2)cc1OCC,0
P3_11023,CCOc1ccc([C@H](C)NC(=O)c2ccc(Cl)cc2)cc1OC,1
P3_11024,CCOc1ccc([C@@H](C)NC(=O)c2ccc(Cl)cc2)cc1OC,1
P3_11025,CCOc1ccc(C(C)NC(=O)c2ccc(Cl)cc2)cc1OC,1
P3_11026,CCOc1ccc(C(C)NC(=O)c2cccc(CC(=O)O)c2)cc1OCC,0
P3_11027,CCOc1ccc([C@@H](C)NC(=O)c2ccccc2C)cc1OCC,1
P3_11028,CCOc1ccc([C@H](C)NC(=O)c2ccc(CO)cc2)cc1OCC,0
P3_11029,CCOc1ccc([C@H](C)NC(=O)c2ccccc2C)cc1OCC,1
P3_11030,CCOc1ccc([C@@H](C)NC(=O)c2ccc(CO)cc2)cc1OCC,0
P3_11031,CCOc1ccc([C@@H](C)NC(=O)c2ccc(CF)cc2)cc1OCC,0
P3_11032,CCOc1ccc([C@@H](C)NC(=O)c2ccc(C(C)(C)C)cc2)cc1OCC,1
P3_11033,CCOc1ccc(C(C)NC(=O)c2ccccc2C)cc1OCC,1
P3_11034,CCOc1ccc(C(C)NC(=O)c2cccc(Cl)c2)cc1,1
P3_11035,CCOc1ccc([C@H](C)NC(=O)c2ccc(C(C)(C)C)cc2)cc1OCC,1
P3_11036,CCOc1ccc(C(C)NC(=O)c2ccccc2O)cc1OCC,1
P3_11037,CCOc1ccc([C@H](C)NC(=O)c2ccc(CF)cc2)cc1OCC,0
P3_11038,CCOc1ccc([C@@H](C)NC(=O)c2cccc(Cl)c2)cc1,1
P3_11039,CCOc1ccc([C@H](C)NC(=O)c2cccc(Cl)c2)cc1,1
P3_11040,CCOc1ccc(C(C)NC(=O)c2cccc(CO)c2)cc1OCC,0
P3_11041,CCOc1ccc(C(C)NC(=O)c2ccccc2Cl)cc1,1
P3_11042,CCOc1ccc([C@H](C)NC(=O)c2ccccc2F)cc1OCC,0
P3_11043,CCOc1ccc([C@H](C)NC(=O)c2ccccc2Cl)cc1,1
P3_11044,CCOc1ccc([C@@H](C)NC(=O)c2ccccc2F)cc1OCC,0
P3_11045,CCOc1ccc(C(C)NC(=O)c2cc(C)cc(C)c2)cc1OCC,0
P3_11046,CCOc1ccc(C(C)NC(=O)c2c(O)cccc2Cl)cc1OCC,1
P3_11047,CCOc1ccc(C(C)NC(=O)c2cccc(C)c2Cl)cc1OCC,1
P3_11048,CCOc1ccc(C(C)NC(=O)c2ccccc2Br)cc1OCC,1
P3_11049,CCCOc1ccc(C(C)NC(=O)c2ccccc2)cc1OCCC,1
P3_11050,COc1cc(C)c([C@H](C)NC(=O)c2ccc(Cl)cc2)cc1OC,1
P3_11051,COc1cc(C)c([C@@H](C)NC(=O)c2ccc(Cl)cc2)cc1OC,1
P3_11052,CCOc1ccc(C(=O)NC(c2ccccc2)C(C)(C)CO)cc1OCC,1
P3_11053,COc1cc(C)c([C@H](C)NC(=O)c2ccc(CF)cc2)cc1OC,1
P3_11054,COc1cc(C)c([C@@H](C)NC(=O)c2ccc(CF)cc2)cc1OC,1
P3_11055,COc1cc(C)c([C@H](C)NC(=O)c2ccc(O)c(Cl)c2)cc1OC,1
P3_11056,COc1cc(C)c([C@H](C)NC(=O)c2ccc(C)cc2)cc1OC,1
P3_11057,COc1cc(C)c([C@@H](C)NC(=O)c2ccc(C)cc2)cc1OC,1
P3_11058,COc1cc(C)c([C@@H](C)NC(=O)c2ccc(F)c(Cl)c2)cc1OC,1
P3_11059,COc1cc(C)c([C@@H](C)NC(=O)c2ccc(Cl)c(F)c2)cc1OC,1
P3_11060,COc1cc(C)c([C@H](C)NC(=O)c2ccc(Cl)c(F)c2)cc1OC,1
P3_11061,COc1cc(C)c([C@H](C)NC(=O)c2ccc(F)c(Cl)c2)cc1OC,1
P3_11062,COc1cc(C)c([C@H](C)NC(=O)c2ccc(CO)cc2)cc1OC,1
P3_11063,COc1cc(C)c([C@@H](C)NC(=O)c2ccc(CO)cc2)cc1OC,1
P3_11064,COc1cc(F)c([C@H](C)NC(=O)c2ccc(F)cc2)cc1OC,0
P3_11065,COc1cc(F)c([C@@H](C)NC(=O)c2ccc(F)cc2)cc1OC,0
P3_11066,CCOc1ccc(C(C)NC(=O)c2ccc(C)c(NC(C)=O)c2)cc1OCC,0
P3_11067,COc1cc(C)c([C@@H](C)NC(=O)c2ccc(C[NH3+])cc2)cc1OC,1
P3_11068,COc1cc(C)c([C@H](C)NC(=O)c2ccc(C[NH3+])cc2)cc1OC,1
P3_11069,COc1cc(C)c([C@@H](C)NC(=O)c2ccc(Cl)cc2)cc1C(C)C,1
P3_11070,COc1cc(C)c([C@H](C)NC(=O)c2ccc(Cl)cc2)cc1C(C)C,1
P3_11071,CCOc1ccc(C(C)NC(=O)c2ccc(F)c(NC(C)=O)c2)cc1OCC,0
P3_11072,COc1cc(C)c([C@H](C)NC(=O)c2ccc(F)cc2)cc1OC,0
P3_11073,COc1cc(F)c([C@H](C)NC(=O)c2ccccc2F)cc1OC,0
P3_11074,COc1cc(F)c([C@@H](C)NC(=O)c2ccccc2F)cc1OC,0
P3_11075,COc1cc(C)c([C@@H](C)NC(=O)c2ccc(N)cc2)cc1OC,0
P3_11076,COc1cc(C)c([C@H](C)NC(=O)c2ccc(N)cc2)cc1OC,0
P3_11077,COc1cc(C)c([C@@H](C)NC(=O)c2ccc(F)cc2)cc1OC,0
P3_11078,COc1cc(C)c([C@H](C)NC(=O)c2ccc(CC[NH3+])cc2)cc1OC,1
P3_11079,COc1cc(C)c([C@@H](C)NC(=O)c2ccc(CC[NH3+])cc2)cc1OC,1
P3_11080,COc1cc(C)c([C@H](C)NC(=O)c2ccccc2O)cc1OC,1
P3_11081,COc1cc(C)c([C@@H](C)NC(=O)c2ccccc2O)cc1OC,1
P3_11082,COc1cc(C)c([C@H](C)NC(=O)c2cccc(SC)c2)cc1OC,1
P3_11083,COc1cc(C)c([C@@H](C)NC(=O)c2cccc(SC)c2)cc1OC,1
P3_11084,COc1cc(C)c([C@H](C)NC(=O)c2cccc(C)c2O)cc1OC,1
P3_11085,COc1cc(C)c([C@H](C)NC(=O)c2ccccc2F)cc1OC,1
P3_11086,COc1cc(C)c([C@@H](C)NC(=O)c2ccc(C(F)F)cc2)cc1OC,1
P3_11087,COc1cc(C)c([C@H](C)NC(=O)c2ccc(C(F)F)cc2)cc1OC,1
P3_11088,COc1cc(C)c([C@@H](C)NC(=O)c2cccc(C)c2O)cc1OC,1
P3_11089,COc1cc(C)c([C@@H](C)NC(=O)c2ccccc2F)cc1OC,1
P3_11090,COc1cc(C)c([C@@H](C)NC(=O)c2ccc(C)c(C)c2)cc1OC,1
P3_11091,COc1cc(C)c([C@H](C)NC(=O)c2ccc(C)c(C)c2)cc1OC,1
P3_11092,CCCOc1ccc(C(C)NC(=O)c2ccccc2N)cc1OCCC,0
P3_11093,CCCOc1ccc(C(C)NC(=O)c2ccccc2F)cc1OCCC,0
P3_11094,COc1cc(F)c([C@@H](C)NC(=O)c2cccc(SC)c2)cc1OC,1
P3_11095,COc1cc(F)c([C@H](C)NC(=O)c2cccc(SC)c2)cc1OC,1
P3_11096,CCOc1c(Cl)cc(C(=O)NC(C)c2ccccc2)cc1OC,1
P3_11097,CCOc1ccc(C(=O)NC(C)c2cccc(Cl)c2Cl)cc1OC,1
P3_11098,COc1ccc(C(C)NC(=O)c2ccccc2)c(Cl)c1OC,1
P3_11099,CCOc1ccc(C(=O)NC(C)c2cccc(C)c2C)cc1OCC,1
P3_11100,Cc1cc(C)c([C@H](C)NC(=O)c2ccccc2)cc1C,1
P3_11101,Cc1cc(C)c([C@@H](C)NC(=O)c2ccccc2)cc1C,1
P3_11102,COc1ccc(OC)c([C@H](C)NC(=O)c2ccccc2)c1,1
P3_11103,COc1ccc(OC)c([C@@H](C)NC(=O)c2ccccc2)c1,1
P3_11104,COc1ccc(C)cc1[C@H](C)NC(=O)c1ccccc1,1
P3_11105,COc1ccc(C)cc1[C@@H](C)NC(=O)c1ccccc1,1
P3_11106,CCOc1ccc(C(C)NC(=O)c2ccc(C(C)C)cc2)cc1OC,1
P3_11107,CCOc1ccc(C(=O)NC(C)c2ccc(C)cc2)cc1OCC,1
P3_11108,CCOc1ccc(C(C)NC(=O)c2ccc(Cl)c(C#N)c2)cc1OCC,1
P3_11109,CCOc1ccc(C(C)NC(=O)c2ccccc2OC)cc1OCC,1
P3_11110,CCOc1ccc(C(C)NC(=O)c2ccc(SC)cc2)cc1OCC,1
P3_11111,CCOc1ccc([C@@H](C)NC(=O)c2ccc(N(C)C)cc2)cc1OCC,1
P3_11112,CCOc1ccc(C(C)NC(=O)c2ccccc2F)cc1OCC,0
P3_11113,CCOc1ccc([C@H](C)NC(=O)c2ccc(N(C)C)cc2)cc1OCC,1
P3_11114,CCOc1ccc(C(C)NC(=O)c2cccc(F)c2Cl)cc1OCC,0
P3_11115,CCOc1ccc(C(C)NC(=O)c2c(F)cccc2Cl)cc1OCC,0
P3_11116,CCOc1ccccc1C(C)NC(=O)c1ccc(OCC(C)C)c(OC)c1,0
P3_11117,CCOc1c(Cl)cc(C(=O)NC(CC)c2ccccc2)cc1OC,1
P3_11118,CCOc1c(Cl)cc(C(=O)NC(C)c2ccc(OC)cc2)cc1OC,1
P3_11119,CCCOc1ccc([C@@H](C)NC(=O)c2ccccc2)cc1OC,1
P3_11120,CCCOc1ccc([C@H](C)NC(=O)c2ccccc2)cc1OC,1
P3_11121,CCOc1ccc(C(C)NC(=O)c2ccc(COC)cc2)cc1OCC,1
P3_11122,CCCOc1ccc(C(C)NC(=O)c2ccccc2)cc1OC,1
P3_11123,COc1cc(C)c(C(C)NC(=O)c2ccccc2Cl)cc1OC,1
P3_11124,COc1cc(C)c([C@H](C)NC(=O)c2ccccc2Cl)cc1OC,1
P3_11125,CCOc1ccc(C(=O)N[C@H](C)c2ccc(OCC)c(OCC)c2)cc1C,0
P3_11126,CCC[C@H](CC)Oc1cc2oc(=O)ccc2cc1OC,0
P3_11127,CCC[C@@H](CC)Oc1cc2oc(=O)ccc2cc1OC,0
P3_11128,CC[C@@H](COC)Oc1cc2oc(=O)ccc2cc1OC,0
P3_11129,CC[C@H](COC)Oc1cc2oc(=O)ccc2cc1OC,0
P3_11130,CCCC[C@H](C)Oc1cc2ccc(=O)oc2cc1OC,1
P3_11131,CCCC[C@@H](C)Oc1cc2ccc(=O)oc2cc1OC,1
P3_11132,CC[C@@H](C)C[C@@H](CC)Oc1cc2ccc(=O)oc2cc1OC,1
P3_11133,CC[C@@H](C)C[C@H](CC)Oc1cc2ccc(=O)oc2cc1OC,1
P3_11134,CC[C@H](C)C[C@H](CC)Oc1cc2ccc(=O)oc2cc1OC,1
P3_11135,COc1cc2oc(=O)ccc2cc1O[C@@H](C)CCCC(C)C,0
P3_11136,COc1cc2oc(=O)ccc2cc1O[C@H](C)CCCC(C)C,0
P3_11137,CCC[C@H](Oc1cc2ccc(=O)oc2cc1OC)C(C)(C)C,1
P3_11138,CCC[C@@H](Oc1cc2ccc(=O)oc2cc1OC)C(C)(C)C,1
P3_11139,CC[C@H](C)CC[C@H](C)Oc1cc2ccc(=O)oc2cc1OC,1
P3_11140,CC[C@@H](C)CC[C@@H](C)Oc1cc2ccc(=O)oc2cc1OC,1
P3_11141,CC[C@H](C)CC[C@@H](C)Oc1cc2ccc(=O)oc2cc1OC,1
P3_11142,CC[C@@H](C)CC[C@H](C)Oc1cc2ccc(=O)oc2cc1OC,1
P3_11143,COc1cc2oc(=O)ccc2c(OC)c1O,1
P3_11144,COc1cc2ccc(=O)oc2c(OC)c1[O-],0
P3_11145,COc1ccc2ccc(=O)oc2c1OC,0
P3_11146,COc1cc2oc(=O)cc(C)c2cc1OC,1
P3_11147,COc1ccc2ccc(=O)oc2c1O,1
P3_11148,CCc1cc(=O)oc2cc(OC)c(OC)cc12,1
P3_11149,O=c1ccc2cc(Br)ccc2o1,0
P3_11150,COc1cc2oc(=O)cc(C[NH3+])c2cc1OC,0
P3_11151,C=CCc1cc(OC)c2oc(=O)ccc2c1,0
P3_11152,CC(=O)Nc1cc2ccc(=O)oc2cc1Cl,1
P3_11153,COc1cc2oc(=O)cc(C)c2cc1Cl,1
P3_11154,COc1cc2oc(=O)cc(C)c2cc1O,1
P3_11155,CCc1cc2c(C)cc(=O)oc2cc1OC,1
P3_11156,COc1ccc2cc(C#N)c(=O)oc2c1,1
P3_11157,CCc1cc(=O)oc2cc(OC)c(Cl)cc12,1
P3_11158,CCc1cc2ccc(=O)oc2c(OC)c1O,1
P3_11159,COc1cc2oc(=O)cc(C)c2cc1C(C)=O,0
P3_11160,COc1cc2c(C)cc(=O)oc2cc1O,1
P3_11161,COc1cc2c(C)cc(=O)oc2cc1Cl,1
P3_11162,COC(=O)c1cc2c(C)cc(=O)oc2cc1OC,0
P3_11163,COc1ccc2c(C)cc(=O)oc2c1C,1
P3_11164,COc1ccc2c(C)cc(=O)oc2c1OC,1
P3_11165,COc1ccc2cc(C(N)=O)c(=N)oc2c1,0
P3_11166,C=Cc1cc(=O)oc2cc(OC)ccc12,1
P3_11167,COCc1cc(=O)oc2cc(OC)ccc12,1
P3_11168,COc1ccc2cc(C#N)c(=N)oc2c1,1
P3_11169,CCOc1ccc2cc(Br)c(=O)oc2c1,1
P3_11170,CC(=O)c1cc2ccc(O)cc2oc1=O,1
P3_11171,COc1cccc2cc(C(N)=O)c(=O)oc12,0
P3_11172,CCOc1ccc2cc(C#N)c(=O)oc2c1,1
P3_11173,CNC(=O)c1cc2cccc(OC)c2oc1=O,0
P3_11174,COc1cccc2cc(NC(C)=O)c(=O)oc12,1
P3_11175,CNC(=O)c1cc2ccc(O)cc2oc1=O,1
P3_11176,CCN(CC)c1ccc2cc(OC)c(=O)oc2c1,1
P3_11177,COc1cc2ccc(=O)oc2c(OC(C)C)c1OC,0
P3_11178,CC(C)Oc1ccc2ccc(=O)oc2c1,0
P3_11179,COCCOc1ccc2ccc(=O)oc2c1,1
P3_11180,COc1cc2ccc(=O)oc2c(OC)c1OC(C)C,0
P3_11181,COc1cc2ccc(=O)oc2c(O[C@@H](C)C(C)C)c1OC,1
P3_11182,COc1cc2ccc(=O)oc2c(O[C@H](C)C(C)C)c1OC,1
P3_11183,COc1cc2ccc(=O)oc2c(OC)c1O[C@@H](C)C(C)C,0
P3_11184,COc1cc2ccc(=O)oc2c(OC)c1O[C@H](C)C(C)C,0
P3_11185,COc1ccc2ccc(=O)oc2c1OC(C)C,0
P3_11186,CC(C)COc1ccc2ccc(=O)oc2c1,1
P3_11187,COCC(=O)COc1ccc2ccc(=O)oc2c1,0
P3_11188,CC(=O)COc1ccc2ccc(=O)oc2c1,1
P3_11189,CCC(C)Oc1ccc2ccc(=O)oc2c1,0
P3_11190,CC(F)COc1ccc2ccc(=O)oc2c1,1
P3_11191,CC(C)(C)CCOc1ccc2ccc(=O)oc2c1,1
P3_11192,CCC(=O)COc1ccc2ccc(=O)oc2c1,0
P3_11193,CCC(C)COc1ccc2ccc(=O)oc2c1,1
P3_11194,CC[C@H](C)COc1ccc2ccc(=O)oc2c1,1
P3_11195,CC(C)SCOc1ccc2ccc(=O)oc2c1,1
P3_11196,COc1cc2ccc(=O)oc2c(OC)c1O[C@H](C)C[NH+](C)C,0
P3_11197,COc1cc2ccc(=O)oc2c(OC)c1O[C@@H](C)C[NH+](C)C,0
P3_11198,CCOc1ccc(C2C(C(=O)OC)=CN(C(C)C)C=C2C(=O)OC)cc1OC,1
P3_11199,CCCOc1ccc(C2C(C(=O)OC)=CN(C)C=C2C(=O)OC)cc1,1
P3_11200,COC(=O)C1=CN(C)C=C(C(=O)OC)C1c1cccc(OC)c1OC,0
P3_11201,COC(=O)C1=CN(C)C=C(C(=O)OC)C1c1ccc(OC)cc1OC,1
P3_11202,COC(=O)C1=CN(C)C=C(C(=O)OC)C1c1ccccc1OC,1
P3_11203,COC(=O)C1=CN(C)C=C(C(=O)OC)C1c1ccccc1Br,1
P3_11204,COC(=O)C1=CN(C)C=C(C(=O)OC)C1c1ccc(Cl)cc1,1
P3_11205,COC(=O)C1=CN(C)C=C(C(=O)OC)C1c1ccc(C(C)C)cc1,0
P3_11206,CCN1C=C(C(=O)OC)C(c2ccc(OC)c(Cl)c2)C(C(=O)OC)=C1,1
P3_11207,COC(=O)C1=CN(C)C=C(C(=O)OC)C1c1cccc(OC)c1OC(C)C,0
P3_11208,COC(=O)C1=CN(C)C=C(C(=O)OC)C1c1ccc(O)cc1,1
P3_11209,CCOc1cc(C2C(C(=O)OC)=CN(C(C)C)C=C2C(=O)OC)ccc1O,1
P3_11210,COC(=O)C1=CN(C)C=C(C(=O)OC)C1c1cccc(O)c1,0
P3_11211,COC(=O)C1=CN(C)C=C(C(=O)OC)C1c1cccc(C)c1,0
P3_11212,COC(=O)C1=CN(C)C=C(C(=O)OC)C1c1ccc(Cl)c(Cl)c1,1
P3_11213,COC(=O)C1=CN(C)C=C(C(=O)OC)C1c1ccc(F)cc1,0
P3_11214,COC(=O)C1=CN(C)C=C(C(=O)OC)C1c1cccc(Cl)c1,0
P3_11215,COC(=O)C1=CN(C)C=C(C(=O)OC)C1c1cccc(F)c1,0
P3_11216,CCOc1cccc(C2C(C(=O)OC)=CN(CC)C=C2C(=O)OC)c1,1
P3_11217,COC(=O)C1=CN(C(C)C)C=C(C(=O)OC)C1c1ccc(OC)c(OC)c1,1
P3_11218,CCOc1ccc(C2C(C(=O)OC)=CN(C(C)C)C=C2C(=O)OC)cc1,0
P3_11219,COC(=O)C1=CN(C)C=C(C(=O)OC)C1c1ccc(OC(C)C)cc1,0
P3_11220,CCOc1cccc(C2C(C(=O)OC)=CN(C(C)C)C=C2C(=O)OC)c1,1
P3_11221,COC(=O)C1=CN(C(C)C)C=C(C(=O)OC)C1c1ccc(O)c(OC)c1,1
P3_11222,CCOc1ccc(C2C(C(=O)OC)=C(C)NC(C)=C2C(=O)OC)cc1OC,1
P3_11223,COC(=O)C1=CN(C(C)C)C=C(C(=O)OC)C1c1ccc(OC)c(O)c1,1
P3_11224,CCCOc1ccc(C2C(C(=O)OC)=CN(CCC)C=C2C(=O)OC)cc1,0
P3_11225,COC(=O)C1=CN(C(C)C)C=C(C(=O)OC)C1c1ccc(OC)c(Cl)c1,1
P3_11226,CCOc1ccc(C2C(C(=O)OC)=CNC=C2C(=O)OC)cc1Cl,1
P3_11227,CCOc1ccc(C2C(C(=O)OC)=CNC=C2C(=O)OC)cc1,1
P3_11228,CCOc1cccc(C2C(C(=O)OC)=CNC=C2C(=O)OC)c1,1
P3_11229,COC(=O)C1=CNC=C(C(=O)OC)C1c1ccc(O)c(OC)c1,1
P3_11230,COC(=O)C1=C(C)NC(C)=C(C(=O)OC)C1c1cc(OC)c(OC)c(OC)c1,1
P3_11231,CCN1C=C(C(=O)OC)C(c2cccc(OC)c2OC)C(C(=O)OC)=C1,0
P3_11232,CCOc1ccccc1C1C(C(=O)OC)=CN(C(C)C)C=C1C(=O)OC,0
P3_11233,CCCOc1ccc(C2C(C(=O)OC)=CN(C(C)C)C=C2C(=O)OC)cc1,0
P3_11234,CCOc1ccc(C2C(C(=O)OC)=C(C)N(C)C(C)=C2C(=O)OC)cc1,0
P3_11235,CCOc1cc(C2C(C(=O)OC)=C(C)NC(C)=C2C(=O)OC)ccc1O,1
P3_11236,CCOc1cccc(C2C(C(=O)OC)=C(C)N(C)C(C)=C2C(=O)OC)c1,0
P3_11237,CCOc1ccccc1C1C(C(=O)OC)=C(C)N(C)C(C)=C1C(=O)OC,0
P3_11238,CCCOc1ccccc1C1C(C(=O)OC)=CN(C(C)C)C=C1C(=O)OC,0
P3_11239,CCc1ccc(C2C(C(=O)OC)=CNC=C2C(=O)OC)cc1,1
P3_11240,CCOc1ccc(C2C(C(=O)OC)=C(C)NC(C)=C2C(=O)OC)cc1,1
P3_11241,CCc1ccc(C2C(C(=O)OC)=C(C)N(C)C(C)=C2C(=O)OC)cc1,0
P3_11242,CCCOc1ccc(C2C(C(=O)OC)=C(C)N(C)C(C)=C2C(=O)OC)cc1,0
P3_11243,CCC[NH+](CCC)Cc1c(C)[nH]c2ccc(Br)cc2c1=O,1
P3_11244,CCCC[N@H+](C)Cc1c(C)[nH]c2ccc(Br)cc2c1=O,1
P3_11245,CCCC[N@@H+](C)Cc1c(C)[nH]c2ccc(Br)cc2c1=O,1
P3_11246,CCCC[N@@H+](CC)Cc1c(C)[nH]c2ccc(Br)cc2c1=O,1
P3_11247,CCCC[N@H+](CC)Cc1c(C)[nH]c2ccc(Br)cc2c1=O,1
P3_11248,C/C(Cl)=C\Cc1c(C)[nH]c2ccc(Br)cc2c1=O,0
P3_11249,C/C(Cl)=C/Cc1c(C)[nH]c2ccc(Br)cc2c1=O,0
P3_11250,Cc1[nH]c2ccc(Br)cc2c(=O)c1I,1
P3_11251,CCc1[nH]c2ccc(Br)cc2c(=O)c1CC,1
P3_11252,C=CCN(CC=C)Cc1c(C)[nH]c2ccc(Br)cc2c1=O,1
P3_11253,C=CC[NH+](CC=C)Cc1c(C)[nH]c2ccc(Br)cc2c1=O,0
P3_11254,CCc1[nH]c2ccc(Br)cc2c(=O)c1C,1
P3_11255,CCCc1cc(=O)c2cc(Br)ccc2[nH]1,1
P3_11256,CCc1c(C(C)C)[nH]c2ccc(Br)cc2c1=O,0
P3_11257,CCc1[nH]c2ccc(Br)cc2c(=O)c1C(C)C,1
P3_11258,CCCC[NH+](CCCC)Cc1c(C)[nH]c2ccc(C)cc2c1=O,1
P3_11259,CCc1ccc2[nH]c(C)c(C[NH+](C)C)c(=O)c2c1,1
P3_11260,CCc1cc(=O)c2cc(Br)ccc2[nH]1,1
P3_11261,Cc1cc(=O)c2cc(Br)ccc2[nH]1,1
P3_11262,Cc1c(C)c2cc(Br)ccc2[nH]c1=O,1
P3_11263,CCCC[N@H+](C)Cc1c(C)[nH]c2ccc(C)cc2c1=O,1
P3_11264,CCCC[N@@H+](C)Cc1c(C)[nH]c2ccc(C)cc2c1=O,1
P3_11265,CC[NH+](CC)Cc1c(C)[nH]c2ccc(F)cc2c1=O,1
P3_11266,Cc1ccc2[nH]c(C)c(Br)c(=O)c2c1,1
P3_11267,Cc1[nH]c2cc(Br)ccc2c(=O)c1C,1
P3_11268,CCCC[N@H+](CC)Cc1c(C)[nH]c2ccc(C)cc2c1=O,1
P3_11269,CCCC[NH+](CCCC)Cc1c(C)[nH]c2ccc(Cl)cc2c1=O,1
P3_11270,CCCC[N@@H+](CC)Cc1c(C)[nH]c2ccc(C)cc2c1=O,1
P3_11271,CCc1c(C)[nH]c2ccc(OC(F)(F)F)cc2c1=O,1
P3_11272,CCc1[nH]c2cc(Br)ccc2c(=O)c1CC,1
P3_11273,CCCC[N@H+](C)Cc1c(C)[nH]c2ccc(F)cc2c1=O,1
P3_11274,CCCC[N@@H+](C)Cc1c(C)[nH]c2ccc(F)cc2c1=O,1
P3_11275,C=CCN(CC=C)Cc1c(C)[nH]c2ccc(CCCC)cc2c1=O,1
P3_11276,CCCC[N@@H+](CC)Cc1c(C)[nH]c2ccc(Cl)cc2c1=O,1
P3_11277,CCCC[N@H+](CC)Cc1c(C)[nH]c2ccc(Cl)cc2c1=O,1
P3_11278,CCCC[N@@H+](CC)Cc1c(C)[nH]c2ccc(F)cc2c1=O,1
P3_11279,CCCC[N@H+](CC)Cc1c(C)[nH]c2ccc(F)cc2c1=O,1
P3_11280,CCc1c(C(C)C)[nH]c2cc(Br)ccc2c1=O,1
P3_11281,CCc1[nH]c2cc(Br)ccc2c(=O)c1C,1
P3_11282,CCCc1cc(=O)c2cc(C)ccc2[nH]1,1
P3_11283,Cc1[nH]c2ccc(I)cc2c(=O)c1C,1
P3_11284,CCc1[nH]c2ccc(I)cc2c(=O)c1CC,1
P3_11285,CCc1[nH]c2ccc(C)cc2c(=O)c1C,1
P3_11286,CCc1ccc2[nH]c(CC)c(C)c(=O)c2c1,1
P3_11287,CCC[NH+](CCC)Cc1c(C)[nH]c2ccc(CC)cc2c1=O,1
P3_11288,Cc1c[nH]c2ccc(Br)cc2c1=O,1
P3_11289,CCCC[NH+](CCCC)Cc1c(C)[nH]c2ccc(CC)cc2c1=O,1
P3_11290,CC(C)c1[nH]c2ccc(Br)cc2c(=O)c1C(C)C,1
P3_11291,CCCC[N@@H+](C)Cc1c(C)[nH]c2ccc(CC)cc2c1=O,1
P3_11292,CCCC[N@H+](C)Cc1c(C)[nH]c2ccc(CC)cc2c1=O,1
P3_11293,CCCC[N@@H+](CC)Cc1c(C)[nH]c2ccc(CC)cc2c1=O,1
P3_11294,CCCC[N@H+](CC)Cc1c(C)[nH]c2ccc(CC)cc2c1=O,1
P3_11295,COCc1c(C)[nH]c2ccc(N(C)C)cc2c1=O,1
P3_11296,CCCC[NH+](CCCC)Cc1c(C)[nH]c2ccc(OCC)cc2c1=O,1
P3_11297,CC[NH+](CC)Cc1c(C)[nH]c2ccc(C(=O)OC)cc2c1=O,1
P3_11298,CCc1c(C)[nH]c2ccc(C(=O)[O-])cc2c1=O,1
P3_11299,CC(=O)CCc1c(C)[nH]c2ccc(C(=O)[O-])cc2c1=O,1
P3_11300,CC(C)c1[nH]c2ccc(Br)cc2c(=O)c1C#N,0
P3_11301,C=CCc1c(C)[nH]c2ccc(C(=O)[O-])cc2c1=O,1
P3_11302,CCc1[nH]c2ccc(F)cc2c(=O)c1CC,1
P3_11303,CCc1c([O-])[nH]c2ccc(Cl)cc2c1=O,1
P3_11304,CCc1c([O-])[nH]c2ccc(F)cc2c1=O,1
P3_11305,CCc1[nH]c2ccc(SC)cc2c(=O)c1CC,1
P3_11306,CCc1c(O)[nH]c2ccc(OC)cc2c1=O,1
P3_11307,CCc1[nH]c2ccc(Cl)cc2c(=O)c1C,1
P3_11308,CCc1[nH]c2ccc(I)cc2c(=O)c1C,1
P3_11309,CCc1c(C)[nH]c2ccc(NC(C)=O)cc2c1=O,1
P3_11310,CC[NH+](CC)Cc1c(C)[nH]c2ccc(N(C)C)cc2c1=O,1
P3_11311,CC[NH+](CC)Cc1c(C)[nH]c2ccc(C(C)=O)cc2c1=O,1
P3_11312,CCN(CC)Cc1c(C)[nH]c2ccc(C(C)=O)cc2c1=O,1
P3_11313,CCCC[N@H+](CC)Cc1c(C)[nH]c2ccc(C(C)=O)cc2c1=O,1
P3_11314,CCCC[N@@H+](CC)Cc1c(C)[nH]c2ccc(C(C)=O)cc2c1=O,1
P3_11315,CC[NH+](CC)Cc1c(C)[nH]c2ccc(NC(C)=O)cc2c1=O,1
P3_11316,C=CCc1c(C)[nH]c2ccc(C(=O)OCC)cc2c1=O,1
P3_11317,CCOc1ccc2[nH]c(C)c(C)c(=O)c2c1,1
P3_11318,CC(=O)OCc1c(C)[nH]c2ccc(N(C)C)cc2c1=O,1
P3_11319,C=CCc1c(C)[nH]c2ccc(NC(C)=O)cc2c1=O,1
P3_11320,Cc1[nH]c2ccc(N(C)C)cc2c(=O)c1C,1
P3_11321,CC(C)CNCC(O)Cn1c2ccccc2c2ccccc21,1
P3_11322,OC(CNCCC(F)F)Cn1c2ccccc2c2ccccc21,1
P3_11323,CCCNCC(O)Cn1c2ccccc2c2ccccc21,1
P3_11324,CC(C)OCCNCC(O)Cn1c2ccccc2c2ccccc21,1
P3_11325,CSCCNCC(O)Cn1c2ccccc2c2ccccc21,1
P3_11326,CC(F)CNCC(O)Cn1c2ccccc2c2ccccc21,1
P3_11327,CC(F)(F)CCNCC(O)Cn1c2ccccc2c2ccccc21,1
P3_11328,CSCCCNCC(O)Cn1c2ccccc2c2ccccc21,1
P3_11329,CC(CNCC(O)Cn1c2ccccc2c2ccccc21)C(F)F,1
P3_11330,CSC(C)CNCC(O)Cn1c2ccccc2c2ccccc21,1
P3_11331,CC(C)NCC(O)Cn1c2ccccc2c2ccccc21,1
P3_11332,N#CCCCNCC(O)Cn1c2ccccc2c2ccccc21,1
P3_11333,C#CC(C)CNCC(O)Cn1c2ccccc2c2ccccc21,1
P3_11334,CC(CNCC(O)Cn1c2ccccc2c2ccccc21)C(F)(F)F,1
P3_11335,O[C@H](CNCC(F)F)Cn1c2ccccc2c2ccccc21,1
P3_11336,O[C@@H](CNCC(F)F)Cn1c2ccccc2c2ccccc21,1
P3_11337,OC(CNCC(F)F)Cn1c2ccccc2c2ccccc21,1
P3_11338,CC(F)(F)CNC[C@H](O)Cn1c2ccccc2c2ccccc21,1
P3_11339,CC(F)(F)CNC[C@@H](O)Cn1c2ccccc2c2ccccc21,1
P3_11340,CC(C)CCOC[C@H](O)Cn1c2ccccc2c2ccccc21,1
P3_11341,CC(C)CCOC[C@@H](O)Cn1c2ccccc2c2ccccc21,1
P3_11342,OC[C@H](O)Cn1c2ccccc2c2ccccc21,1
P3_11343,OC[C@@H](O)Cn1c2ccccc2c2ccccc21,1
P3_11344,C[N+](C)(C)C[C@H](O)Cn1c2ccccc2c2ccccc21,1
P3_11345,C[N+](C)(C)C[C@@H](O)Cn1c2ccccc2c2ccccc21,1
P3_11346,CC(C)[NH2+]C[C@H](O)Cn1c2ccccc2c2ccccc21,1
P3_11347,CC(C)OC[C@@H](O)Cn1c2ccccc2c2ccccc21,1
P3_11348,CC(C)OC[C@H](O)Cn1c2ccccc2c2ccccc21,1
P3_11349,CC(C)[NH2+]C[C@@H](O)Cn1c2ccccc2c2ccccc21,1
P3_11350,COC[C@@H](O)Cn1c2ccccc2c2ccccc21,1
P3_11351,C[NH+](C)C[C@H](O)Cn1c2ccccc2c2ccccc21,1
P3_11352,COC[C@H](O)Cn1c2ccccc2c2ccccc21,1
P3_11353,C[NH+](C)C[C@@H](O)Cn1c2ccccc2c2ccccc21,1
P3_11354,CON(C)C[C@H](O)Cn1c2ccccc2c2ccccc21,1
P3_11355,CON(C)C[C@@H](O)Cn1c2ccccc2c2ccccc21,1
P3_11356,CCC(O)CNCCn1c2ccccc2c2ccccc21,1
P3_11357,CC[C@H](O)CNCCn1c2ccccc2c2ccccc21,1
P3_11358,CC(C)(C#N)CNC[C@@H](O)Cn1c2ccccc2c2ccccc21,1
P3_11359,CC(C)(C#N)CNC[C@H](O)Cn1c2ccccc2c2ccccc21,1
P3_11360,CS(=O)(=O)NC[C@@H](O)Cn1c2ccccc2c2ccccc21,1
P3_11361,C[C@H](CC#N)NC[C@@H](O)Cn1c2ccccc2c2ccccc21,1
P3_11362,C[C@@H](CC#N)NC[C@H](O)Cn1c2ccccc2c2ccccc21,1
P3_11363,C[C@@H](CC#N)NC[C@@H](O)Cn1c2ccccc2c2ccccc21,1
P3_11364,C[C@H](CC#N)NC[C@H](O)Cn1c2ccccc2c2ccccc21,1
P3_11365,CC[C@@H](CC#N)NC[C@H](O)Cn1c2ccccc2c2ccccc21,1
P3_11366,CC[C@@H](CC#N)NC[C@@H](O)Cn1c2ccccc2c2ccccc21,1
P3_11367,CC[C@H](CC#N)NC[C@H](O)Cn1c2ccccc2c2ccccc21,1
P3_11368,CC[C@H](CC#N)NC[C@@H](O)Cn1c2ccccc2c2ccccc21,1
P3_11369,C[C@H](C#N)CN(C)C[C@@H](O)Cn1c2ccccc2c2ccccc21,1
P3_11370,C[C@H](C#N)CN(C)C[C@H](O)Cn1c2ccccc2c2ccccc21,1
P3_11371,C[C@@H](C#N)CN(C)C[C@@H](O)Cn1c2ccccc2c2ccccc21,1
P3_11372,C[C@@H](C#N)CN(C)C[C@H](O)Cn1c2ccccc2c2ccccc21,1
P3_11373,C=C(C)CNCC(O)Cn1c2ccccc2c2ccccc21,1
P3_11374,CCOC(C)CNCC(O)Cn1c2ccccc2c2ccccc21,1
P3_11375,N#CCCCCNCC(O)Cn1c2ccccc2c2ccccc21,1
P3_11376,COCC(C)CNCC(O)Cn1c2ccccc2c2ccccc21,1
P3_11377,CC(=O)Nc1cc(C(C)(C)C)ccc1O,1
P3_11378,CC(=O)Nc1cc(C(F)(F)F)ccc1O,1
P3_11379,CC(=O)Nc1cc(C(C)(C)CC(C)(C)C)ccc1O,0
P3_11380,CC(=O)Nc1cc(S(=O)(=O)C(F)(F)F)ccc1O,1
P3_11381,CC(=O)Nc1ccc(C(C)(C)C)cc1O,1
P3_11382,CC(=O)Nc1ccc(O)c(C(C)(C)C)c1,1
P3_11383,CC(=O)Nc1ccc(O)c(C(F)(F)F)c1,1
P3_11384,CC(C)(O)C(=O)Nc1cc(Br)ccc1O,1
P3_11385,COC(=O)Nc1cc(C(C)(C)C)ccc1O,1
P3_11386,C=C(C)Nc1cc(S(C)(=O)=O)ccc1O,1
P3_11387,CC=C(C)Nc1cc(S(C)(=O)=O)ccc1O,1
P3_11388,COC(=O)Nc1cc(C(F)(F)F)ccc1O,1
P3_11389,CC(=O)Nc1cccc(C(C)(C)C)c1O,0
P3_11390,CC(=O)Nc1ccc(Br)c(F)c1O,1
P3_11391,CC(C)(C)C(=O)Nc1cc(S(C)(=O)=O)ccc1O,0
P3_11392,CC(C)C(=O)Nc1cc(S(C)(=O)=O)ccc1O,0
P3_11393,CC(=O)Nc1cc(C(C)(C)C)cc(C(C)(C)C)c1O,1
P3_11394,CC(=O)Nc1cc(S(C)(=O)=O)ccc1C,0
P3_11395,C=C(C)Nc1cc(S(=O)(=O)N(C)C)ccc1O,0
P3_11396,CC(=O)Nc1cc(S(C)(=O)=O)ccc1Cl,1
P3_11397,CCC(=O)Nc1cc(C(F)(F)F)ccc1O,0
P3_11398,CC(=O)Nc1cc(C(F)(F)F)ccc1F,0
P3_11399,CC(=O)Nc1cc(C(C)(F)F)ccc1F,0
P3_11400,CC(=O)Nc1cc(C(C)(F)F)ccc1C,1
P3_11401,CCCC(=O)Nc1cc(C(F)(F)F)ccc1O,0
P3_11402,CCC(CC)C(=O)Nc1cc(S(=O)(=O)CC)ccc1O,0
P3_11403,CCC(CC)(CC)C(=O)Nc1cc(S(=O)(=O)CC)ccc1O,0
P3_11404,COCC(=O)Nc1cc(C(F)(F)F)ccc1O,0
P3_11405,CCC(CC)CC(=O)Nc1cc(S(=O)(=O)CC)ccc1O,1
P3_11406,CCCC(CCC)C(=O)Nc1cc(S(=O)(=O)CC)ccc1O,1
P3_11407,O=C(CCBr)Nc1cc(C(F)(F)F)ccc1O,0
P3_11408,CCC(C)(C)CC(=O)Nc1cc(S(=O)(=O)CC)ccc1O,1
P3_11409,CCCC(C)(C)C(=O)Nc1cc(S(=O)(=O)CC)ccc1O,0
P3_11410,CCC(CC)[C@H](C)C(=O)Nc1cc(S(=O)(=O)CC)ccc1O,1
P3_11411,CCC(CC)[C@@H](C)C(=O)Nc1cc(S(=O)(=O)CC)ccc1O,1
P3_11412,CC(=O)Nc1cc(C(F)(F)F)c(Cl)cc1F,1
P3_11413,CC(=O)Nc1cc(Br)ccc1O,0
P3_11414,CC(=O)Nc1cc(C(F)(F)F)c(C)cc1O,1
P3_11415,CC(=O)Nc1cc(NC(C)=O)c(C)cc1C,0
P3_11416,CC(=O)Nc1cc(C(F)(F)F)c(Cl)cc1O,1
P3_11417,CCC(=O)Nc1cc(CC)ccc1O,0
P3_11418,CC(=O)Nc1cc(C(C)=O)ccc1Cl,1
P3_11419,CC(=O)Nc1cc(Br)ccc1C(C)=O,0
P3_11420,CC(=O)Nc1ccc(Br)cc1C(C)=O,0
P3_11421,CC(=O)Nc1ccccc1CC(=O)O,0
P3_11422,CC(C)C(=O)Nc1cc(C(C)(C)C)ccc1O,0
P3_11423,CCC(=O)Nc1cc(C(C)(C)C)ccc1O,0
P3_11424,O=C(CO)Nc1cc(Br)ccc1O,0
P3_11425,CC(=O)Nc1ccc(C(=O)O)cc1I,0
P3_11426,CC(=O)Nc1cc(CO)ccc1C,0
P3_11427,CC(=O)Nc1ccc(C(=O)O)cc1Cl,1
P3_11428,CC(=O)Nc1ccc(Br)cc1O,0
P3_11429,CCC(=O)Nc1cc(S(=O)(=O)CC)ccc1O,0
P3_11430,CCCC(=O)Nc1cc(S(=O)(=O)CC)ccc1O,0
P3_11431,COC(=O)Nc1cc(S(=O)(=O)N(C)C)ccc1O,1
P3_11432,CSCC(=O)Nc1cc(C#N)ccc1O,1
P3_11433,CCCCC(=O)Nc1cc(S(=O)(=O)CC)ccc1O,0
P3_11434,O=C(COC(F)F)Nc1cc(Br)ccc1O,0
P3_11435,CS(=O)(=O)Nc1cc(Br)ccc1O,0
P3_11436,CCCOC(=O)Nc1cc(S(=O)(=O)N(C)C)ccc1O,1
P3_11437,COC(=O)NCCC(=O)Nc1cc(C(F)(F)F)ccc1O,0
P3_11438,Cc1ccc(C(=O)Nc2c3c(nn2-c2cccc(Cl)c2)CSC3)cc1,1
P3_11439,O=C(Nc1c2c(nn1-c1cccc(Cl)c1)CSC2)c1ccc(F)cc1,0
P3_11440,Cc1cccc(-n2nc3c(c2NC(=O)c2ccc(Cl)cc2)CSC3)c1,0
P3_11441,Cc1cccc(C(=O)Nc2c3c(nn2-c2cccc(Cl)c2)CSC3)c1,0
P3_11442,O=C(Nc1c2c(nn1-c1ccccc1)CSC2)c1ccc(Cl)cc1,1
P3_11443,Cc1ccc(-n2nc3c(c2NC(=O)c2cccc(Cl)c2)CSC3)cc1,0
P3_11444,Cc1ccccc1C(=O)Nc1c2c(nn1-c1cccc(Cl)c1)CSC2,1
P3_11445,Cc1cccc(-n2nc3c(c2NC(=O)c2ccccc2)CSC3)c1,1
P3_11446,Cc1cccc(-n2nc3c(c2NC(=O)c2ccc(F)cc2)CSC3)c1,0
P3_11447,O=C(Nc1c2c(nn1-c1ccc(F)cc1)CSC2)c1cccc(Cl)c1,1
P3_11448,Cc1ccc(-n2nc3c(c2NC(=O)c2ccc(Cl)cc2)CSC3)cc1,0
P3_11449,Cc1ccc(C(=O)Nc2c3c(nn2-c2ccc(Cl)cc2)CSC3)cc1,0
P3_11450,O=C(Nc1c2c(nn1-c1ccccc1)CSC2)c1ccc(C(F)(F)F)cc1,1
P3_11451,Cc1cccc(-n2nc3c(c2NC(=O)c2ccc(C)c(C)c2)CSC3)c1,0
P3_11452,O=C(Nc1c2c(nn1-c1ccc(Cl)cc1)CSC2)c1ccccc1,1
P3_11453,Cc1ccc(C(=O)Nc2c3c(nn2-c2ccccc2)CSC3)cc1,1
P3_11454,COc1ccc(C(=O)Nc2c3c(nn2-c2cccc(C)c2)CSC3)cc1,0
P3_11455,Cc1ccc(C(=O)Nc2c3c(nn2-c2ccccc2)CSC3)cc1C,1
P3_11456,Cc1cccc(C(=O)Nc2c3c(nn2-c2ccc(Cl)cc2)CSC3)c1,0
P3_11457,Cc1ccccc1-n1nc2c(c1NC(=O)c1cccc(Cl)c1)CSC2,1
P3_11458,O=C(Nc1c2c(nn1-c1ccc(Cl)cc1)CSC2)c1ccc(F)cc1,1
P3_11459,Cc1ccc(C(=O)Nc2c3c(nn2-c2ccc(C)cc2)CSC3)cc1,0
P3_11460,O=C(Nc1c2c(nn1-c1ccccc1)CSC2)c1ccc(Br)cc1,1
P3_11461,Cc1ccc(C(=O)Nc2c3c(nn2-c2cc(C)cc(C)c2)CSC3)cc1,1
P3_11462,O=C(Nc1c2c(nn1-c1ccc(Cl)cc1)CSC2)c1cccc(F)c1,0
P3_11463,Cc1cc(C)cc(C(=O)Nc2c3c(nn2-c2ccccc2)CSC3)c1,1
P3_11464,COc1ccc(C(=O)Nc2c3c(nn2-c2cccc(C)c2)CSC3)cc1OC,0
P3_11465,Cc1cccc(-n2nc3c(c2NC(=O)c2cccc(F)c2)CSC3)c1,0
P3_11466,Cc1ccc(-n2nc3c(c2NC(=O)c2ccc(C)c(C)c2)CSC3)cc1,0
P3_11467,Cc1ccc(-n2nc3c(c2NC(=O)c2cccc(C)c2)CSC3)cc1,0
P3_11468,Cc1cc(C)cc(-n2nc3c(c2NC(=O)c2ccc(F)cc2)CSC3)c1,1
P3_11469,O=C(Nc1c2c(nn1-c1ccccc1)CSC2)c1cccc(Br)c1,1
P3_11470,Cc1ccc(C(=O)Nc2c3c(nn2-c2ccc(F)cc2)CSC3)cc1C,0
P3_11471,Cc1ccc(-n2nc3c(c2NC(=O)c2cc(C)cc(C)c2)CSC3)cc1,0
P3_11472,O=C(Nc1c2c(nn1-c1ccc(F)cc1)CSC2)c1ccccc1,0
P3_11473,Cc1cccc(C(=O)Nc2c3c(nn2-c2ccc(F)cc2)CSC3)c1,0
P3_11474,COc1cccc(OC)c1C(=O)Nc1c2c(nn1-c1cccc(C)c1)CSC2,1
P3_11475,Cc1ccc(-n2nc3c(c2NC(=O)c2cccc(F)c2)CSC3)cc1,0
P3_11476,Cc1ccccc1C(=O)Nc1c2c(nn1-c1ccc(Cl)cc1)CSC2,1
P3_11477,COc1ccc(-n2nc3c(c2NC(=O)c2ccc(C)cc2)CSC3)cc1,1
P3_11478,Cc1ccc(C(=O)Nc2c3c(nn2-c2cccc(C)c2C)CSC3)cc1,0
P3_11479,COc1ccc(C(=O)Nc2c3c(nn2-c2ccc(C)cc2)CSC3)cc1,0
P3_11480,Cc1ccc(C(=O)Nc2c3c(nn2-c2ccccc2C)CSC3)cc1,0
P3_11481,Cc1ccc(C(=O)Nc2c3c(nn2-c2ccc(C)cc2C)CSC3)cc1,0
P3_11482,COc1ccc(-n2nc3c(c2NC(=O)c2cccc(C)c2)CSC3)cc1,0
P3_11483,Cc1cc(C)cc(C(=O)Nc2c3c(nn2-c2ccc(F)cc2)CSC3)c1,0
P3_11484,COc1ccc(C(=O)Nc2c3c(nn2-c2ccc(C)cc2)CSC3)cc1OC,0
P3_11485,COc1cccc(C(=O)Nc2c3c(nn2-c2cccc(Cl)c2)CSC3)c1,1
P3_11486,O=C(Nc1c2c(nn1-c1ccccc1)CSC2)c1ccccc1,1
P3_11487,Cc1cccc(-n2nc3c(c2NC(=O)c2ccc(F)c(F)c2)CSC3)c1,0
P3_11488,O=C(Nc1c2c(nn1-c1ccc(F)cc1)CSC2)c1ccc(Cl)cc1,0
P3_11489,O=C(Nc1c2c(nn1-c1ccccc1)CSC2)c1ccc(F)cc1,1
P3_11490,COc1ccc(C(=O)Nc2c3c(nn2-c2ccccc2)CSC3)cc1,1
P3_11491,Cc1ccccc1-n1nc2c(c1NC(=O)c1ccc(Cl)cc1)CSC2,0
P3_11492,Cc1ccc(-n2nc3c(c2NC(=O)c2ccc(F)cc2)CSC3)cc1C,1
P3_11493,COc1ccc(C(=O)Nc2c3c(nn2-c2ccccc2)CSC3)cc1OC,1
P3_11494,O=C(Nc1c2c(nn1-c1ccc(F)cc1)CSC2)c1ccc(F)cc1,0
P3_11495,COc1cc(OC)cc(C(=O)Nc2c3c(nn2-c2cccc(C)c2)CSC3)c1,0
P3_11496,COc1ccc(C(=O)Nc2c3c(nn2-c2ccc(OC)cc2)CSC3)cc1,0
P3_11497,COc1cccc(C(=O)Nc2c3c(nn2-c2cccc(C)c2)CSC3)c1,0
P3_11498,COc1cc(OC)cc(C(=O)Nc2c3c(nn2-c2ccccc2)CSC3)c1,1
P3_11499,Cc1ccc(-n2nc3c(c2NC(=O)c2ccc(F)cc2)CSC3)cc1,0
P3_11500,COc1ccc(C(=O)Nc2c3c(nn2-c2cc(C)cc(C)c2)CSC3)cc1,0
P3_11501,COc1ccc(-n2nc3c(c2NC(=O)c2cccc(OC)c2)CSC3)cc1,0
P3_11502,COc1ccc(-n2nc3c(c2NC(=O)c2ccc(C)c(C)c2)CSC3)cc1,0
P3_11503,COc1ccc(C(=O)Nc2c3c(nn2-c2ccc(F)cc2)CSC3)cc1,0
P3_11504,COc1cccc(C(=O)Nc2c3c(nn2-c2ccc(F)cc2)CSC3)c1,0
P3_11505,COc1cccc(C(=O)Nc2c3c(nn2-c2cccc(C)c2)CSC3)c1OC,0
P3_11506,COc1cc(OC)cc(C(=O)Nc2c3c(nn2-c2ccc(C)cc2)CSC3)c1,0
P3_11507,CC(C)Oc1ccc(C(=O)Nc2c3c(nn2-c2ccc(F)cc2)CSC3)cc1,0
P3_11508,COc1ccc(-n2nc3c(c2NC(=O)c2ccc([C@H](C)O)cc2)CSC3)cc1,1
P3_11509,COc1ccc(-n2nc3c(c2NC(=O)c2ccc([C@@H](C)O)cc2)CSC3)cc1,1
P3_11510,CCOc1ccc(C(=O)Nc2c3c(nn2-c2ccc(F)cc2)CSC3)cc1,0
P3_11511,C#Cc1ccc(C(=O)Nc2c3c(nn2-c2ccc(OC)cc2)CSC3)cc1,1
P3_11512,COc1ccc(C(=O)Nc2c3c(nn2-c2cccc(C)c2C)CSC3)cc1,0
P3_11513,COc1ccc(C(=O)Nc2c3c(nn2-c2cccc(C)c2)CSC3)c(OC)c1,0
P3_11514,COc1ccc(C(=O)Nc2c3c(nn2-c2ccccc2C)CSC3)cc1,0
P3_11515,COc1cc(OC)cc(C(=O)Nc2c3c(nn2-c2ccc(F)cc2)CSC3)c1,0
P3_11516,COc1ccc(-n2nc3c(c2NC(=O)c2ccc(O)c(F)c2)CSC3)cc1,0
P3_11517,COc1ccc(-n2nc3c(c2NC(=O)c2ccc([O-])c(F)c2)CSC3)cc1,0
P3_11518,O=C(Nc1c2c(nn1-c1ccccc1)CSC2)c1ccccc1Cl,0
P3_11519,O=C(Nc1c2c(nn1-c1ccc(F)cc1)CSC2)c1ccc(F)c(F)c1,0
P3_11520,CCCCCCCCCC(=O)NCC(C)C,0
P3_11521,CCCCCCCCC(=O)NCC(C)C,0
P3_11522,CCCCCCCC(=O)NCC(C)C,0
P3_11523,CCCCCCC(=O)NCC(=O)NCC(C)C,0
P3_11524,CC(C)CCCCCC(=O)NCC(C)C,0
P3_11525,C=CC(C)=CCC(=O)NCC(C)CCC,0
P3_11526,CCC(C)CNC(=O)CCC=CC(C)C,1
P3_11527,CC[C@@H](C)CNC(=O)CCC=CC(C)C,1
P3_11528,CC[C@H](C)CNC(=O)CCC=CC(C)C,1
P3_11529,C=CCC=CCCC(=O)NCC(C)CC,0
P3_11530,C=CCC=CCCC(=O)NC[C@@H](C)CC,0
P3_11531,C=CCC=CCCC(=O)NC[C@H](C)CC,0
P3_11532,CC=CCCC(=O)NCC(C)C(C)CC,0
P3_11533,CC=CCCC(=O)NCC(CC)C(C)C,0
P3_11534,Cc1cc(C)cc(Nc2cc(C)nc3nc(C)nn23)c1,1
P3_11535,CO[C@@H](C)c1cccc(Nc2cc(C)nc3nc(C(F)(F)F)nn23)c1,1
P3_11536,CO[C@H](C)c1cccc(Nc2cc(C)nc3nc(C(F)(F)F)nn23)c1,1
P3_11537,COc1cc(Nc2cc(C)nc3nc(C(F)(F)F)nn23)ccc1OC(F)F,1
P3_11538,CCOCc1cccc(Nc2cc(C)nc3nc(C(F)(F)F)nn23)c1,0
P3_11539,Cc1cc(C)cc(Nc2cc(C(F)(F)F)nc3ncnn23)c1,0
P3_11540,COc1cc(Nc2cc(C)nc3nc(C)nn23)cc(OC)c1,1
P3_11541,Cc1cc(Cl)cc(Nc2cc(C)nc3ncnn23)c1,1
P3_11542,Cc1cc(Nc2cc(F)cc(C(F)(F)F)c2)n2ncnc2n1,1
P3_11543,COc1cc(Nc2cc(C)nc3ncnn23)cc(C(F)(F)F)c1,1
P3_11544,CCOc1cc(Nc2cc(C)nc3ncnn23)cc(C(F)(F)F)c1,1
P3_11545,COc1ccc(Nc2cc(C)nc3ncnn23)cc1C(F)(F)F,1
P3_11546,Cc1cc(C)cc(Nc2cc(C(C)C)nc3ncnn23)c1,1
P3_11547,Cc1cc(C)c(Nc2cc(C)nc3ncnn23)c(C)c1,1
P3_11548,COc1cc(C(F)(F)F)ccc1Nc1cc(C)nc2ncnn12,1
P3_11549,CCc1nc2nc(C)cc(Nc3cc(C)cc(C)c3)n2n1,1
P3_11550,COCCOc1cccc(Nc2cc(C)nc3nc(C(F)(F)F)nn23)c1,1
P3_11551,COCCOCc1cccc(Nc2cc(C)nc3nc(C(F)(F)F)nn23)c1,0
P3_11552,CCc1nc2nc(C)cc(Nc3cccc(C(F)(F)F)c3)n2n1,1
P3_11553,COc1cc(Nc2cc(C)nc3nc(C)nn23)cc(OC)c1C(C)C,1
P3_11554,C=C(C)c1cccc(Nc2cc(C)nc3nc(C)nn23)c1,1
P3_11555,COCc1cccc(Nc2cc(C)nc3nc(C)nn23)c1,1
P3_11556,CSCc1cccc(Nc2cc(C)nc3nc(C)nn23)c1,1
P3_11557,CO[C@@H](C)c1cccc(Nc2cc(C)nc3nc(C)nn23)c1,1
P3_11558,CO[C@H](C)c1cccc(Nc2cc(C)nc3nc(C)nn23)c1,1
P3_11559,CC[C@@H](C)c1cccc(Nc2cc(C)nc3nc(C)nn23)c1,1
P3_11560,CC[C@H](C)c1cccc(Nc2cc(C)nc3nc(C)nn23)c1,1
P3_11561,CCOCc1cccc(Nc2cc(C)nc3nc(C)nn23)c1,0
P3_11562,CCc1cc(Nc2cc(C)cc(C)c2)n2ncnc2n1,0
P3_11563,Cc1cccc(Nc2cc(C(F)(F)F)nc3ncnn23)c1,0
P3_11564,CSc1cc(F)cc(Nc2cc(C)nc3ncnn23)c1,0
P3_11565,CCCc1cc(Nc2cc(C)cc(C)c2)n2ncnc2n1,0
P3_11566,Cc1cc(Nc2cc(C(F)(F)F)ccc2F)n2ncnc2n1,1
P3_11567,COc1cc(Nc2cc(C)nc3ncnn23)cc(OC)c1Br,0
P3_11568,COCc1cc(Nc2cc(C)cc(C)c2)n2ncnc2n1,0
P3_11569,Cc1cc(Nc2cc(F)cc(OC(C)C)c2)n2ncnc2n1,1
P3_11570,COc1cc(Nc2cc(C(F)(F)F)nc3ncnn23)cc(OC)c1C,1
P3_11571,COc1cc(Nc2cc(C(F)(F)F)nc3ncnn23)cc(OC)c1,0
P3_11572,CCCc1ccccc1Nc1cc(C)nc2nc(C(F)(F)F)nn12,1
P3_11573,COCCOc1ccc(Nc2cc(C)nc3nc(C(F)(F)F)nn23)c(C)c1,1
P3_11574,CCC(C)(C)c1ccc(Nc2cc(C)nc3nc(C)nn23)cc1,1
P3_11575,CCc1cccc(Nc2cc(C)nc3nc(C)nn23)c1,1
P3_11576,COc1ccc(Nc2cc(C)nc3nc(C)nn23)cc1C(F)F,1
P3_11577,COc1ccc(Nc2cc(C)nc3nc(C)nn23)cc1Br,1
P3_11578,COc1cc(Nc2cc(C)nc3nc(C)nn23)ccc1Br,1
P3_11579,COc1ccc(Nc2cc(C)nc3nc(C)nn23)cc1OC(F)F,1
P3_11580,COc1ccc(C)cc1Nc1cc(C)nc2nc(C)nn12,1
P3_11581,COc1cc(Nc2cc(C)nc3nc(C)nn23)ccc1C(C)C,1
P3_11582,COc1cc(Nc2cc(C)nc3nc(C)nn23)ccc1OC(C)C,1
P3_11583,COc1ccc(Nc2cc(C)nc3nc(C)nn23)cc1OC(C)C,1
P3_11584,Cc1cc(Nc2ccc(N(C)C)cc2C)n2nc(C)nc2n1,1
P3_11585,CCOCCOCc1cccc(Nc2cc(C)nc3nc(C)nn23)c1,1
P3_11586,Cc1cc(Nc2ccc(C)c(OCCC(C)C)c2)n2nc(C)nc2n1,1
P3_11587,CCN(CC)c1cc(C)c2cc(NC(=O)c3cc(OC)cc(OC)c3)ccc2n1,1
P3_11588,CCN(CC)c1cc(C)c2cc(NC(=O)c3cccc(C)c3)ccc2n1,1
P3_11589,CCN(CC)c1cc(C)c2cc(NC(=O)c3ccccc3)ccc2n1,1
P3_11590,CCN(CC)c1cc(C)c2cc(NC(=O)c3cccc(F)c3)ccc2n1,1
P3_11591,CCN(CC)c1cc(C)c2cc(NC(=O)c3cccc(N(C)C)c3)ccc2n1,1
P3_11592,CCN(CC)c1cc(C)c2cc(NC(=O)c3ccc(OC)c(OC)c3)ccc2n1,1
P3_11593,CCN(CC)c1cc(C)c2cc(NC(=O)c3ccc(C)cc3)ccc2n1,1
P3_11594,CCN(CC)c1cc(C)c2cc(NC(=O)c3cccc(OC)c3OC)ccc2n1,1
P3_11595,CCN(CC)c1cc(C)c2cc(NC(=O)c3ccccc3C)ccc2n1,1
P3_11596,CCN(CC)c1cc(C)c2cc(NC(=O)c3ccc(N(C)C)cc3)ccc2n1,1
P3_11597,CCN(CC)c1cc(C)c2cc(NC(=O)c3c(F)cccc3F)ccc2n1,1
P3_11598,Cc1cc(C)c2cc(NC(=O)c3cccc(N(C)C)c3)ccc2n1,1
P3_11599,CCCCN(C)c1cc(C(=O)[O-])c2cc(NC(=O)c3cccc(C)c3)ccc2n1,1
P3_11600,Cc1cc(C)c2cc(NC(=O)c3ccc(CON)cc3)ccc2n1,1
P3_11601,CN(C)c1ccc2cc(NC(=O)c3cccc(Br)c3)ccc2n1,1
P3_11602,CCCCN(C)c1cc(C(=O)[O-])c2cc(NC(=O)c3ccc(C)cc3)ccc2n1,1
P3_11603,CCCCN(C)c1cc(C(=O)[O-])c2cc(NC(=O)c3ccccc3C)ccc2n1,1
P3_11604,CN(C)c1ccc2cc(NC(=O)c3cccc(Cl)c3)ccc2n1,1
P3_11605,COc1ccc2cc(NC(=O)c3c(C)cccc3C)ccc2n1,1
P3_11606,Cc1cc(C)c2cc(NC(=O)c3ccccc3CC#N)ccc2n1,1
P3_11607,COc1ccc2cc(NC(=O)c3ccc(C)c(C)c3)ccc2n1,1
P3_11608,COc1ccc2cc(NC(=O)c3cccc(C)c3C)ccc2n1,1
P3_11609,COc1ccc2cc(NC(=O)c3ccc(C)c(OC)c3)ccc2n1,1
P3_11610,COc1ccc2cc(NC(=O)c3cc(C)c(OC)c(C)c3)ccc2n1,1
P3_11611,COc1ccc2cc(NC(=O)c3ccccc3C)ccc2n1,1
P3_11612,COc1ccc2cc(NC(=O)c3cccc(C)c3Cl)ccc2n1,1
P3_11613,Cc1cccc(C(=O)Nc2ccc3nc(N(C)C)ccc3c2)c1C,1
P3_11614,COc1ccc2cc(NC(=O)c3cc(OC)c(C)c(OC)c3)ccc2n1,1
P3_11615,COc1cc(C)cc(C(=O)Nc2ccc3nc(N(C)C)ccc3c2)c1C,1
P3_11616,COc1ccc2cc(NC(=O)c3c(OC)cccc3OC)ccc2n1,1
P3_11617,COc1ccc2cc(NC(=O)c3ccc(Cl)c(OC)c3)ccc2n1,1
P3_11618,COc1ccc2cc(NC(=O)c3cccc(F)c3C)ccc2n1,1
P3_11619,COc1ccc2cc(NC(=O)c3cc(C)ccc3C)ccc2n1,1
P3_11620,COc1ccc2cc(NC(=O)c3ccc(C)cc3C)ccc2n1,1
P3_11621,COc1ccc2cc(NC(=O)c3ccc(OC(C)C)c(OC)c3)ccc2n1,1
P3_11622,COc1ccc2cc(NC(=O)c3ccc(F)cc3C)ccc2n1,1
P3_11623,Cc1ccc2cc(NC(=O)c3ccc(CC(C)N)cc3)ccc2n1,1
P3_11624,COc1ccc2cc(NC(=O)c3cccc(OC)c3OC)ccc2n1,1
P3_11625,COc1ccc2cc(NC(=O)c3ccc(OC(F)F)c(OC)c3)ccc2n1,1
P3_11626,COc1ccc2cc(NC(=O)c3c(Cl)cccc3OC)ccc2n1,1
P3_11627,COc1ccc2cc(NC(=O)c3cccc(OC)c3F)ccc2n1,1
P3_11628,COc1ccc2cc(NC(=O)c3ccccc3OC)ccc2n1,1
P3_11629,COc1ccc2cc(NC(=O)c3c(F)cccc3OC)ccc2n1,1
P3_11630,CN(C)c1ccc2cc(NC(=O)c3cccc(F)c3Cl)ccc2n1,1
P3_11631,CN(C)c1ccc2cc(NC(=O)c3cccc(Cl)c3F)ccc2n1,1
P3_11632,COc1ccc2cc(NC(=O)c3cccc(F)c3Cl)ccc2n1,1
P3_11633,CN(C)c1ccc2cc(NC(=O)c3ccccc3Br)ccc2n1,1
P3_11634,CN(C)c1ccc2cc(NC(=O)c3ccccc3F)ccc2n1,1
P3_11635,COc1ccc2cc(NC(=O)c3ccccc3Cl)ccc2n1,1
P3_11636,CN(C)c1ccc2cc(NC(=O)c3ccccc3Cl)ccc2n1,1
P3_11637,CN(C)c1ccc2cc(NC(=O)c3ccccc3OC(F)F)ccc2n1,1
P3_11638,COc1ccc2cc(NC(=O)c3cc(S(C)(=O)=O)cc(C)c3C)ccc2n1,1
P3_11639,COc1ccc2cc(NC(=O)c3ccc(C)cc3Cl)ccc2n1,1
P3_11640,COc1c(C)cc(C(=O)Nc2cc(OC)c3ncccc3c2)cc1C,0
P3_11641,Cc1ccc2cc(NC(=O)c3ccc([C@@H](C)N)cc3)ccc2n1,1
P3_11642,Cc1ccc2cc(NC(=O)c3ccc([C@H](C)N)cc3)ccc2n1,1
P3_11643,COc1ccc2cc(NC(=O)c3cccc(OC)c3OC(F)F)ccc2n1,1
P3_11644,CN(C)c1ccc2cc(NC(=O)c3ccc(F)cc3F)ccc2n1,1
P3_11645,COc1ccc2cc(NC(=O)c3cc(F)ccc3OC)ccc2n1,1
P3_11646,COc1ccc2cc(NC(=O)c3cc(Cl)ccc3OC)ccc2n1,1
P3_11647,O=C(Nc1cccc(C(F)(F)F)c1)c1ccc(Cl)cc1O,1
P3_11648,O=C(Nc1cccc(C(F)(F)F)c1)c1cc(Cl)ccc1Cl,1
P3_11649,O=C(Nc1cccc(C(F)(F)F)c1)c1cc(Cl)ccc1F,1
P3_11650,CC(C)(O)c1cccc(NC(=O)c2cc(Cl)ccc2O)c1,1
P3_11651,Nc1ccc(Cl)cc1C(=O)Nc1cccc(C(F)(F)F)c1,1
P3_11652,O=C(Nc1cccc(C(F)(F)F)c1)c1cc(Cl)ccc1[O-],1
P3_11653,O=C(Nc1cccc(C(F)(F)F)c1)c1cc(F)ccc1O,1
P3_11654,O=C(Nc1cccc(C(F)(F)F)c1)c1ccc(Cl)cc1Cl,1
P3_11655,O=C(Nc1ccc(C(F)(F)F)cc1)c1cc(Cl)ccc1O,1
P3_11656,Cc1ccc(O)c(C(=O)Nc2cccc(C(F)(F)F)c2)c1,1
P3_11657,O=C(Nc1cccc(C(F)(F)F)c1)c1ccc(Cl)cc1F,1
P3_11658,O=C(Nc1cccc(Cl)c1)c1cc(Cl)ccc1O,1
P3_11659,O=C(Nc1cccc(C(F)(F)F)c1)c1ccccc1O,1
P3_11660,O=C(Nc1cccc(C(F)(F)F)c1)c1ccc(Cl)cc1[O-],1
P3_11661,CC(=O)Nc1ccc(O)c(C(=O)Nc2cccc(C(F)(F)F)c2)c1,1
P3_11662,Nc1cc(Cl)ccc1C(=O)Nc1cccc(C(F)(F)F)c1,1
P3_11663,COc1ccc(Cl)cc1C(=O)Nc1cccc(C(F)(F)F)c1,1
P3_11664,O=C(Nc1cccc(F)c1)c1cc(Cl)ccc1O,1
P3_11665,O=C(Nc1cccc(O)c1)c1cc(Cl)ccc1O,1
P3_11666,O=C(Nc1cccc(Cl)c1)c1ccc(C(F)(F)F)cc1O,1
P3_11667,O=C(Nc1cccc(CC(F)(F)F)c1)c1cc(Cl)ccc1O,1
P3_11668,O=C(Nc1cccc(NCC(F)(F)F)c1)c1cc(Cl)ccc1O,1
P3_11669,O=C(Nc1cccc(C(F)(F)F)c1)c1ccc(Cl)cc1,1
P3_11670,Cc1cccc(NC(=O)c2cc(Cl)ccc2O)c1,1
P3_11671,O=C(Nc1cccc(Br)c1)c1cc(Cl)ccc1O,1
P3_11672,O=C(Nc1cccc(C(F)(F)F)c1)c1cccc(Cl)c1,1
P3_11673,CC(=O)Nc1cccc(NC(=O)c2cc(Cl)ccc2O)c1,1
P3_11674,O=C(Nc1cccc(C(F)(F)F)c1)c1ccccc1Cl,1
P3_11675,O=C(Nc1ccccc1)c1cc(Cl)ccc1O,1
P3_11676,O=C(Nc1cccc(C(F)(F)F)c1)c1cc(O)ccc1Cl,1
P3_11677,O=C(Nc1cccc(C(F)(F)F)c1)c1ccc(O)c(Cl)c1,1
P3_11678,CC(=O)c1cccc(NC(=O)c2cc(Cl)ccc2O)c1,1
P3_11679,O=C(Nc1cccc(C(F)(F)F)c1)c1cccc(Cl)c1Cl,1
P3_11680,O=C(Nc1cccc(C(F)(F)F)c1)c1ccc(O)cc1O,1
P3_11681,O=C(Nc1ccc(C(F)(F)F)c(F)c1)c1cc(Cl)ccc1O,1
P3_11682,CC(F)(F)c1cccc(NC(=O)c2cc(Cl)ccc2F)c1,1
P3_11683,O=C(Nc1cccc(C(F)(F)F)c1)c1cc(Cl)cc(Cl)c1,1
P3_11684,O=C(Nc1cccc(C(F)(F)F)c1)c1c(O)cccc1Cl,1
P3_11685,COC(=O)Nc1cccc(NC(=O)c2cc(Cl)ccc2O)c1,1
P3_11686,O=C(Nc1cccc(C(F)(F)F)c1)c1cccc(F)c1Cl,1
P3_11687,O=C(Nc1cccc(C(F)(F)F)c1)c1c(O)cccc1O,1
P3_11688,Cc1ccc(Cl)cc1C(=O)Nc1cccc(C(C)(F)F)c1,1
P3_11689,O=C(Nc1cccc(Cl)c1)c1cccc(C(F)(F)F)c1,1
P3_11690,O=C(Nc1cccc(C(F)(F)F)c1)c1cc(F)ccc1Cl,1
P3_11691,CCc1cccc(NC(=O)c2cc(Cl)ccc2O)c1,1
P3_11692,O=C(Nc1cccc(C(F)(F)F)c1)c1cccc(Cl)c1[O-],1
P3_11693,O=C(Nc1cccc(C(F)(F)F)c1)c1ccc(Cl)c(O)c1,1
P3_11694,NS(=O)(=O)c1cccc(NC(=O)c2cc(Cl)ccc2O)c1,1
P3_11695,O=C(Nc1cccc(C(F)(F)F)c1)c1c(F)ccc(O)c1F,1
P3_11696,COc1cccc(NC(=O)c2cc(Cl)ccc2O)c1,1
P3_11697,CNC(=O)c1cccc(NC(=O)c2cc(Cl)ccc2O)c1,1
P3_11698,O=C(Nc1cccc(C(F)(F)F)c1)c1ccc(F)cc1Cl,1
P3_11699,C#Cc1cccc(NC(=O)c2cc(Cl)ccc2O)c1,1
P3_11700,O=C(Nc1ccc(F)c(F)c1)c1cc(Cl)ccc1O,1
P3_11701,O=C(Nc1cccc(C(F)(F)F)c1)c1c(Cl)cccc1Cl,1
P3_11702,CC(F)(F)c1cccc(NC(=O)c2cc(Cl)ccc2N)c1,1
P3_11703,O=C(Nc1ccc(Cl)cc1)c1cc(Cl)ccc1O,1
P3_11704,O=C(Nc1cccc(C(F)(F)F)c1)c1cc(Cl)c(O)c(Cl)c1,1
P3_11705,O=C(Nc1cccc(C(F)(F)F)c1)c1cc(F)ccc1F,1
P3_11706,O=C(Nc1ccc(O)c(Cl)c1)c1cc(Cl)ccc1O,1
P3_11707,O=C(Nc1cccc(Cl)c1)c1ccc(C(F)(F)F)cc1[O-],1
P3_11708,Cc1cc(Cl)ccc1C(=O)Nc1cccc(C(C)(F)F)c1,1
P3_11709,CC(C)(O)c1cccc(NC(=O)c2cc(Cl)ccc2F)c1,1
P3_11710,COC(=O)c1cccc(NC(=O)c2cc(Cl)ccc2O)c1,1
P3_11711,Nc1ccc(C(=O)Nc2cccc(C(F)(F)F)c2)c(Cl)c1,1
P3_11712,CC(F)(F)c1cccc(NC(=O)c2cc(F)ccc2O)c1,1
P3_11713,Nc1ccc(Cl)c(C(=O)Nc2cccc(C(F)(F)F)c2)c1,1
P3_11714,CC(C)(O)c1cccc(NC(=O)c2ccc(Cl)cc2O)c1,1
P3_11715,Nc1cc(C(F)(F)F)ccc1C(=O)Nc1cccc(Cl)c1,1
P3_11716,CS(=O)(=O)c1cccc(NC(=O)c2cc(Cl)ccc2O)c1,1
P3_11717,C[S@](=O)c1cccc(NC(=O)c2cc(Cl)ccc2O)c1,1
P3_11718,C[S@@](=O)c1cccc(NC(=O)c2cc(Cl)ccc2O)c1,1
P3_11719,O=C(Nc1cccc(C(F)(F)F)c1)c1ccccc1F,1
P3_11720,O=C(Nc1ccc(F)c(Cl)c1)c1cc(Cl)ccc1O,1
P3_11721,O=C(Nc1cccc(C(F)(F)F)c1)c1ccc(O)cc1F,1
P3_11722,O=C(Nc1cccc(C(F)(F)F)c1)c1ccc(O)c(F)c1,1
P3_11723,CC(=O)Nc1ccc(O)c(C(=O)Nc2cccc(C(C)(F)F)c2)c1,1
P3_11724,CN(C)C(=O)c1cccc(NC(=O)c2cc(Cl)ccc2O)c1,1
P3_11725,CC(F)(F)c1cccc(NC(=O)c2ccc(Cl)cc2F)c1,1
P3_11726,O=C(Nc1cccc(C(F)(F)F)c1)c1c(F)ccc(O)c1[O-],1
P3_11727,COc1ccc(O)c(C(=O)Nc2cccc(C(F)(F)F)c2)c1,1
P3_11728,O=C(Nc1cccc(OCC(F)(F)F)c1)c1cc(Cl)ccc1O,1
P3_11729,CCOc1ccc(Cl)cc1C(=O)Nc1cccc(C(F)(F)F)c1,1
P3_11730,O=C(Nc1cccc(C(F)(F)F)c1)c1cccc(F)c1O,1
P3_11731,CCCOc1ccc(Cl)cc1C(=O)Nc1cccc(C(F)(F)F)c1,1
P3_11732,O=C(Nc1cccc(C(F)(F)F)c1)c1ccc(F)cc1O,1
P3_11733,O=C(Nc1cccc(OC(F)F)c1)c1cc(Cl)ccc1O,1
P3_11734,COc1c(Cl)cc(Cl)cc1C(=O)Nc1cccc(C(F)(F)F)c1,1
P3_11735,Nc1c(Cl)cccc1C(=O)Nc1cccc(C(F)(F)F)c1,1
P3_11736,O=C(Nc1cccc(C(F)(F)F)c1)c1ccc(F)c(O)c1,1
P3_11737,O=C(Nc1cc(Cl)cc(C(F)(F)F)c1)c1ccccc1O,1
P3_11738,Cc1cccc(C(=O)Nc2cccc(C(F)(F)F)c2)c1O,1
P3_11739,CCc1cccc(C(=O)Nc2cccc(C(F)(F)F)c2)c1O,1
P3_11740,O=C(Nc1cc(F)cc(F)c1)c1cc(Cl)ccc1O,1
P3_11741,O=C(Nc1cccc(C(F)(F)F)c1)c1cccc(F)c1F,1
P3_11742,Cc1cc(C)c(C(=O)Nc2cccc(C(F)(F)F)c2)cc1C,1
P3_11743,O=C(Nc1cccc(C(F)(F)F)c1)c1ccccc1Br,1
P3_11744,Nc1ccccc1C(=O)Nc1cccc(C(F)(F)F)c1,1
P3_11745,O=C(Nc1cccc(C(F)(F)F)c1)c1ccccc1I,1
P3_11746,Cc1ccccc1C(=O)Nc1cccc(C(F)(F)F)c1,1
P3_11747,O=C(Nc1cccc(C(F)(F)F)c1)c1cc(F)cc(Cl)c1,1
P3_11748,O=C(Nc1cccc(C(F)(F)F)c1)c1cc(Br)ccc1F,1
P3_11749,Cc1ccc(F)c(C(=O)Nc2cccc(C(F)(F)F)c2)c1,1
P3_11750,O=C(Nc1cc(C(F)(F)F)ccc1O)c1cc(Cl)ccc1Cl,1
P3_11751,O=C(Nc1cccc(C(F)(F)F)c1)c1ccc(F)c(Cl)c1,1
P3_11752,Cc1cc(C(=O)Nc2cccc(C(F)(F)F)c2)ccc1O,1
P3_11753,CCc1ccc(C(=O)Nc2cccc(C(F)(F)F)c2)c(O)c1,1
P3_11754,O=C(Nc1cccc(C(F)(F)F)c1)c1ccc(O)cc1,1
P3_11755,O=C(Nc1cccc(C(F)(F)F)c1)c1ccc(Cl)c(Cl)c1,1
P3_11756,CC(F)(F)c1cccc(NC(=O)c2ccccc2O)c1,1
P3_11757,O=C(Nc1cccc(C(F)(F)F)c1)c1c(O)cccc1F,1
P3_11758,O=C(Nc1cccc(C(F)(F)F)c1)c1ccc(F)cc1F,1
P3_11759,Cc1ccc(C(=O)Nc2cccc(C(F)(F)F)c2)c(O)c1C,1
P3_11760,CCc1ccc(O)c(C(=O)Nc2cccc(C(C)(F)F)c2)c1,1
P3_11761,CSc1ccc(O)c(C(=O)Nc2cccc(C(C)(F)F)c2)c1,1
P3_11762,COc1ccc(O)c(C(=O)Nc2cccc(C(C)(F)F)c2)c1,1
P3_11763,O=C(Nc1ccc(O)c(F)c1)c1cc(Cl)ccc1O,1
P3_11764,O=C(Nc1ccc(Cl)c(O)c1)c1cc(Cl)ccc1O,1
P3_11765,O=C(Nc1cccc(C(F)(F)F)c1)c1ccccc1[O-],1
P3_11766,O=C(Nc1cccc(C(F)(F)F)c1)c1ccc(O)cc1[O-],1
P3_11767,O=C(Nc1cccc(C(F)(F)F)c1)c1cc(F)cc(Cl)c1[O-],1
P3_11768,O=C(Nc1cccc(CCCO)c1)c1cc(Cl)ccc1O,1
P3_11769,O=C(Nc1ccc(O)c(Br)c1)c1cc(Cl)ccc1O,1
P3_11770,CC(C)(O)c1cccc(NC(=O)c2cc(F)ccc2O)c1,1
P3_11771,O=C(Nc1cccc(C(F)(F)F)c1)c1ccccc1,1
P3_11772,O=C(Nc1cccc(C(F)(F)F)c1)c1cccc(O)c1,1
P3_11773,O=C(Nc1ccc(Br)c(O)c1)c1cc(Cl)ccc1O,1
P3_11774,CCc1cc(C(=O)Nc2cccc(C(F)(F)F)c2)ccc1O,1
P3_11775,O=C(Nc1cc(Cl)cc(C(F)(F)F)c1)c1cccc(F)c1O,1
P3_11776,O=C(Nc1cccc(C(F)(F)F)c1)c1cc([N+](=O)[O-])ccc1Cl,1
P3_11777,O=C(Nc1cccc(C(F)(F)F)c1)c1c(F)cccc1F,1
P3_11778,O=C(Nc1cccc(C(F)(F)F)c1)c1ccc(F)c(F)c1,1
P3_11779,O=C(Nc1cc(O)cc(F)c1)c1cc(Cl)ccc1O,1
P3_11780,O=C(Nc1cccc(C(F)(F)F)c1)c1ccc([O-])cc1F,1
P3_11781,O=C(Nc1cccc(C(F)(F)F)c1)c1ccc([O-])c(Cl)c1,1
P3_11782,O=C(Nc1cccc(C(F)(F)F)c1)c1cc(F)ccc1[O-],1
P3_11783,Cc1ccc(O)c(C(=O)Nc2cccc(C(C)(C)O)c2)c1,1
P3_11784,Cc1ccc(C(=O)Nc2cccc(C(F)(F)F)c2)cc1O,1
P3_11785,O=C(Nc1cccc(C(F)(F)F)c1)c1ccc(Br)c(O)c1,1
P3_11786,COc1cc(C(=O)Nc2cccc(C(F)(F)F)c2)ccc1O,1
P3_11787,O=C(Nc1cccc(C(F)(F)F)c1)c1ccc(F)cc1,1
P3_11788,O=C(Nc1cccc(C(F)(F)F)c1)c1cc(F)cc(F)c1,1
P3_11789,O=C(Nc1ccc(O)c(F)c1)c1cc(Cl)ccc1F,1
P3_11790,O=C(Nc1cccc(F)c1F)c1cc(Cl)ccc1O,1
P3_11791,O=C(Nc1cccc(F)c1Cl)c1cc(Cl)ccc1O,1
P3_11792,O=C(Nc1cccc(C(F)(F)F)c1)c1cc(I)ccc1[O-],1
P3_11793,O=C(Nc1cccc(C(F)(F)F)c1)c1ccc(Cl)c([O-])c1,1
P3_11794,Nc1cc(C(=O)Nc2cccc(C(F)(F)F)c2)ccc1Cl,1
P3_11795,O=C(Nc1cccc(C(F)(F)F)c1)c1c(F)cc(F)cc1F,1
P3_11796,Cc1cc(C)cc(C(=O)Nc2cccc(C(F)(F)F)c2)c1,1
P3_11797,O=C(Nc1cccc(C(F)(F)F)c1)c1cccc(F)c1,1
P3_11798,CC(=O)c1cccc(C(=O)Nc2cccc(C(F)(F)F)c2)c1,1
P3_11799,O=C(Nc1ccc(O)c(Cl)c1)c1cc(Cl)ccc1F,1
P3_11800,O=C(Nc1cccc(C(F)(F)F)c1)c1ccc(Br)cc1,1
P3_11801,C[C@H](O)c1cc(NC(=O)c2cc(Cl)ccc2O)ccc1F,1
P3_11802,C[C@@H](O)c1cc(NC(=O)c2cc(Cl)ccc2O)ccc1F,1
P3_11803,O=C(Nc1ccc(Cl)cc1F)c1cc(Cl)ccc1O,1
P3_11804,O=C(Nc1ccc(F)c(O)c1)c1cc(Cl)ccc1F,1
P3_11805,CNc1cccc(C(=O)Nc2cccc(C(F)(F)F)c2)c1,1
P3_11806,O=C(Nc1cccc(C(F)(F)F)c1)c1cccc(I)c1,1
P3_11807,NC(=O)c1cccc(C(=O)Nc2cccc(C(F)(F)F)c2)c1,1
P3_11808,Cc1cccc(C(=O)Nc2cccc(C(F)(F)F)c2)c1,1
P3_11809,Nc1cccc(C(=O)Nc2cccc(C(F)(F)F)c2)c1,1
P3_11810,O=C(Nc1cccc(C(F)F)c1)c1cc(Cl)ccc1O,1
P3_11811,O=C(Nc1cccc([N+](=O)[O-])c1)c1cc(Cl)ccc1O,1
P3_11812,O=C(Nc1ccc(Cl)c(Cl)c1)c1cc(Cl)ccc1O,1
P3_11813,O=C(Nc1cccc(OCCF)c1)c1cc(Cl)ccc1O,1
P3_11814,O=C(Nc1ccc(C(F)(F)F)cc1)c1ccc(Cl)cc1O,1
P3_11815,O=C(Nc1cc(Cl)ccc1O)c1cccc(C(F)(F)F)c1,1
P3_11816,O=C(Nc1ccc(CC(F)(F)F)cc1)c1cc(Cl)ccc1O,1
P3_11817,O=C(Nc1cccc(O)c1)c1cc(C(F)(F)F)ccc1Cl,1
P3_11818,O=C(Nc1ccc(O)c(Cl)c1)c1cccc(C(F)(F)F)c1,1
P3_11819,O=C(Nc1ccc(O)c(C(F)(F)F)c1)c1cc(Cl)ccc1Cl,1
P3_11820,O=C(Nc1cccc(O)c1)c1ccc(C(F)(F)F)cc1Cl,1
P3_11821,O=C(Nc1ccc(OCC(F)(F)F)cc1)c1cc(Cl)ccc1O,1
P3_11822,O=C(Nc1cc(F)c(F)c(F)c1)c1cc(Cl)ccc1O,1
P3_11823,O=C(Nc1cccc(O)c1)c1ccc(C(F)(F)F)cc1O,1
P3_11824,O=C(Nc1cccc(Cl)c1)c1ccc(Cl)cc1O,1
P3_11825,O=C(Nc1cccc(O)c1)c1cc(C(F)(F)F)ccc1F,1
P3_11826,O=C(Nc1ccc(O)c(Cl)c1)c1ccc(C(F)(F)F)cc1Cl,1
P3_11827,O=C(Nc1cccc(F)c1)c1ccc(Cl)cc1O,1
P3_11828,O=C(Nc1ccc(Cl)c(O)c1)c1cccc(C(F)(F)F)c1,1
P3_11829,O=C(Nc1ccc(Cl)cc1O)c1cccc(C(F)(F)F)c1,1
P3_11830,O=C(Nc1cc(Cl)ccc1O)c1ccc(C(F)(F)F)cc1Cl,1
P3_11831,O=C(Nc1cccc(CC(F)(F)F)c1)c1ccc(Cl)cc1O,1
P3_11832,O=C(Nc1cccc(OCC(F)(F)F)c1)c1ccc(Cl)cc1O,1
P3_11833,O=C(Nc1ccc(O)c(F)c1)c1cc(C(F)(F)F)ccc1F,1
P3_11834,O=C(Nc1cccc(C(O)C(F)(F)F)c1)c1ccc(Cl)cc1O,1
P3_11835,O=C(Nc1cc(CO)cc(C(F)(F)F)c1)c1ccc(Cl)cc1O,1
P3_11836,O=C(Nc1cccc(F)c1)c1cc(F)ccc1O,1
P3_11837,O=C(Nc1ccc(C(F)(F)F)cc1)c1cc(F)ccc1O,1
P3_11838,O=C(Nc1cccc(O)c1)c1cccc(C(F)(F)F)c1,1
P3_11839,O=C(Nc1cccc(Cl)c1Cl)c1cc(Cl)ccc1O,1
P3_11840,O=C(Nc1cccc(CO)c1)c1ccc(C(F)(F)F)cc1O,1
P3_11841,O=C(Nc1cc(O)cc(C(F)(F)F)c1)c1ccccc1O,1
P3_11842,O=C(Nc1ccc(OC(F)F)cc1)c1cc(Cl)ccc1O,1
P3_11843,O=C(Nc1cccc(Cl)c1)c1ccc(C(F)(F)F)c(O)c1,1
P3_11844,O=C(Nc1ccc(Cl)cc1O)c1ccc(C(F)(F)F)cc1Cl,1
P3_11845,O=C(Nc1cccc(O)c1)c1cc(C(F)(F)F)ccc1Br,1
P3_11846,O=C(Nc1cc(C(F)(F)F)ccc1O)c1cccc(Cl)c1,1
P3_11847,O=C(Nc1cccc(C(F)F)c1)c1ccc(Cl)cc1O,1
P3_11848,O=C(Nc1ccc(F)c(O)c1)c1ccc(Cl)cc1C(F)(F)F,1
P3_11849,O=C(Nc1cc(F)c(F)cc1F)c1cc(Cl)ccc1O,1
P3_11850,O=C(Nc1cc(C(F)(F)F)ccc1F)c1cc(F)ccc1O,0
P3_11851,O=C(Nc1ccc(O)c(F)c1)c1ccc(C(F)(F)F)cc1O,1
P3_11852,O=C(Nc1ccc(O)c(C(F)(F)F)c1)c1cccc(Cl)c1Cl,1
P3_11853,Clc1ccc(CN2CCN(Cc3ccc(Br)cc3)CC2)cc1,0
P3_11854,COc1ccc(Br)cc1CN1CCN(Cc2ccc(Cl)cc2)CC1,1
P3_11855,O=C(c1cc(Br)ccc1O)N1CCN(Cc2ccc(Cl)cc2)CC1,1
P3_11856,O=C(c1ccc(Br)cc1O)N1CCN(Cc2ccc(Cl)cc2)CC1,0
P3_11857,Cc1cc(CN2CCN(Cc3ccc(Cl)cc3)CC2)ccc1O,1
P3_11858,Oc1ccc(CN2CCN(Cc3ccc(Cl)cc3)CC2)cc1F,1
P3_11859,Cc1cc(CN2CCN(Cc3ccc(Br)cc3)CC2)ccc1O,1
P3_11860,Oc1ccc(CN2CCN(Cc3ccc(Br)cc3F)CC2)cc1,0
P3_11861,Cc1cc(Br)ccc1CN1CCN(Cc2ccc(O)cc2)CC1,0
P3_11862,Oc1ccc(CN2CCN(Cc3ccc(Cl)cc3)CC2)cc1,1
P3_11863,Oc1cc(O)cc(CN2CCN(Cc3ccc(Cl)cc3)CC2)c1,1
P3_11864,Oc1ccc(CN2CCN(Cc3ccc(Br)cc3)CC2)cc1,0
P3_11865,Cc1ccc(CN2CCN(Cc3ccc(Cl)cc3)CC2)cc1O,1
P3_11866,Oc1cccc(CN2CCN(Cc3ccc(Cl)cc3)CC2)c1F,1
P3_11867,Cc1ccc(CN2CCN(Cc3ccc(Br)cc3)CC2)cc1O,0
P3_11868,N#Cc1ccc(CN2CCN(Cc3cc(Br)ccc3F)CC2)cc1,0
P3_11869,Oc1cccc(CN2CCN(Cc3ccc(Cl)cc3)CC2)c1,1
P3_11870,Clc1ccccc1CN1CCN(Cc2ccc(Br)cc2)CC1,0
P3_11871,Oc1ccc(CN2CCN(Cc3cc(Cl)ccc3F)CC2)cc1,1
P3_11872,Cc1cc(Cl)ccc1CN1CCN(Cc2ccc(O)cc2)CC1,1
P3_11873,O=C(O)c1ccc(Cl)cc1CN1CCN(Cc2ccc(Cl)cc2)CC1,0
P3_11874,Oc1ccc(CN2CCN(Cc3ccc(Cl)cc3F)CC2)cc1,1
P3_11875,COc1ccc(CN2CCN(Cc3ccc(Cl)cc3)CC2)cc1O,1
P3_11876,Cc1ccc(CN2CCN(Cc3ccc(Cl)cc3C)CC2)cc1O,1
P3_11877,COc1c(O)cccc1CN1CCN(Cc2ccc(Cl)cc2)CC1,1
P3_11878,COc1ccc(Br)cc1CN1CCN(Cc2ccc(C)cc2)CC1,0
P3_11879,Cc1cc(Cl)ccc1CN1CCN(Cc2ccc(O)c(F)c2)CC1,1
P3_11880,Oc1ccc(CN2CCN(Cc3cc(F)ccc3F)CC2)cc1Cl,1
P3_11881,N#Cc1cc(Cl)ccc1CN1CCN(Cc2ccc(O)c(Cl)c2)CC1,1
P3_11882,Cc1ccc(Br)cc1CN1CCN(Cc2ccc(C#N)cc2)CC1,0
P3_11883,COc1ccc(Cl)cc1CN1CCN(Cc2ccc(O)c(C)c2)CC1,1
P3_11884,Nc1cc(Br)ccc1CN1CCN(Cc2ccccc2)CC1,0
P3_11885,Cc1cc(O)cc(CN2CCN(Cc3ccc(Br)cc3)CC2)c1,0
P3_11886,Nc1ccccc1CN1CCN(Cc2ccc(Cl)cc2)CC1,0
P3_11887,Fc1ccccc1CN1CCN(Cc2ccc(Cl)cc2)CC1,1
P3_11888,Oc1ccc(CN2CCN(Cc3cc(O)ccc3Cl)CC2)cc1,1
P3_11889,[NH3+]Cc1ccc(CN2CCN(Cc3ccc(Cl)cc3)CC2)cc1,0
P3_11890,Nc1ccc(CN2CCN(Cc3ccc(Cl)cc3)CC2)cc1,0
P3_11891,COc1ccc(Cl)cc1CN1CCN(Cc2ccc(O)c(F)c2)CC1,1
P3_11892,Cc1ccc(F)c(CN2CCN(Cc3ccc(O)c(Cl)c3)CC2)c1,1
P3_11893,COc1ccc(Cl)cc1CN1CCN(Cc2ccc(O)cc2)CC1,1
P3_11894,COc1cc(Cl)ccc1CN1CCN(Cc2ccc(O)cc2)CC1,1
P3_11895,N#Cc1cc(Cl)ccc1CN1CCN(Cc2ccc(O)cc2)CC1,1
P3_11896,Nc1ccc(F)cc1CN1CCN(Cc2ccc(Cl)cc2)CC1,1
P3_11897,Cc1ccccc1CN1CCN(Cc2ccc(Br)cc2)CC1,1
P3_11898,Fc1ccccc1CN1CCN(Cc2ccc(Br)cc2)CC1,1
P3_11899,Cc1ccc(CN2CCN(Cc3ccc(Br)cc3)CC2)cc1,0
P3_11900,Fc1ccc(CN2CCN(Cc3ccc(Br)cc3)CC2)cc1,0
P3_11901,COc1ccc(Br)cc1CN1CCN(Cc2ccc(C#N)cc2)CC1,0
P3_11902,N#Cc1ccc(CN2CCN(Cc3ccc(Br)cc3F)CC2)cc1,0
P3_11903,N#Cc1ccc(F)c(CN2CCN(Cc3ccc(Br)cc3)CC2)c1,0
P3_11904,Oc1ccc(CN2CCN(Cc3ccc(F)cc3Cl)CC2)cc1F,1
P3_11905,Cc1ccc(CN2CCN(Cc3ccc(O)cc3)CC2)c(Br)c1,1
P3_11906,Oc1ccc(CN2CCN(Cc3ccc(F)cc3Br)CC2)cc1,1
P3_11907,Cc1ccc(CN2CCN(Cc3cc(O)ccc3Br)CC2)cc1,0
P3_11908,[O-]c1c(CN2CCN(Cc3ccc(Br)cc3)CC2)ccc(F)c1F,0
P3_11909,Cc1ccc(Br)c(CN2CCN(Cc3ccc(O)cc3)CC2)c1,1
P3_11910,Cc1ccc(CN2CCN(Cc3ccc(Br)c(O)c3)CC2)cc1,1
P3_11911,Oc1ccc(CN2CCN(Cc3ccc(O)c(Cl)c3)CC2)cc1F,1
P3_11912,COc1ccc(Cl)cc1CN1CCN(Cc2ccc(C)c(O)c2)CC1,1
P3_11913,Cc1ccc(S(N)(=O)=O)cc1CN1CCN(Cc2ccc(Cl)cc2)CC1,1
P3_11914,O=[N+]([O-])c1ccc(Cl)cc1CN1CCN(Cc2ccc(O)cc2)CC1,1
P3_11915,N#Cc1ccc(F)c(CN2CCN(Cc3ccc(Cl)cc3)CC2)c1,1
P3_11916,COc1ccc(F)cc1CN1CCN(Cc2ccc(Cl)cc2)CC1,1
P3_11917,Cc1cc(CN2CCN(Cc3ccc(O)c(Cl)c3)CC2)ccc1F,0
P3_11918,Oc1ccc(CN2CCN(Cc3cc(F)cc(F)c3)CC2)cc1Cl,1
P3_11919,Cc1ccc(CN2CCN(Cc3ccc(O)c(Cl)c3)CC2)cc1O,1
P3_11920,Cc1ccc(CN2CCN(Cc3cc(O)cc(Br)c3)CC2)cc1,1
P3_11921,Cc1cc(CN2CCN(Cc3ccc(O)cc3)CC2)ccc1O,1
P3_11922,Oc1ccc(CN2CCN(Cc3ccccc3Cl)CC2)cc1,0
P3_11923,OCc1ccc(CN2CCN(Cc3cc(Br)ccc3F)CC2)cc1,0
P3_11924,Clc1ccc(CN2CCN(Cc3ccc(Cl)cc3)CC2)cc1,0
P3_11925,Cc1c(O)cccc1CN1CCN(Cc2ccc(Cl)cc2)CC1,1
P3_11926,Cc1c(O)cccc1CN1CCN(Cc2ccc(Br)cc2)CC1,1
P3_11927,OCc1ccc(CN2CCN(Cc3ccc(Cl)cc3)CC2)cc1,1
P3_11928,COc1ccc(CN2CCN(Cc3cc(Br)ccc3OC)CC2)cc1,0
P3_11929,Cc1ccccc1CN1CCN(Cc2ccc(Cl)cc2)CC1,1
P3_11930,Cc1ccc(CN2CCN(Cc3ccc(Cl)cc3)CC2)cc1,0
P3_11931,CCc1ccc(CN2CCN(Cc3ccc(Cl)cc3)CC2)cc1,0
P3_11932,COc1ccc(CN2CCN(Cc3ccc(Br)cc3OC)CC2)cc1,1
P3_11933,Cc1cc(Cl)ccc1CN1CCN(Cc2ccc(CO)cc2)CC1,1
P3_11934,CCc1ccc(CN2CCN(Cc3ccc(Br)cc3)CC2)cc1,0
P3_11935,CCOc1ccc(CN2CCN(Cc3cc(Br)ccc3OC)CC2)cc1,0
P3_11936,Oc1ccc(CN2CCN(Cc3ccc(O)cc3)CC2)cc1,0
P3_11937,CN(C)c1ccccc1CN1CCN(Cc2ccc(Cl)cc2)CC1,0
P3_11938,Oc1ccc(CN2CCN(Cc3cccc(Cl)c3)CC2)cc1,1
P3_11939,COc1ccc(CN2CCN(Cc3ccc(Cl)cc3)CC2)cc1,1
P3_11940,CN(C)c1ccccc1CN1CCN(Cc2ccc(O)c(Cl)c2)CC1,1
P3_11941,Cc1ccc(CN2CCN(Cc3ccccc3Cl)CC2)cc1O,1
P3_11942,Nc1ccc(Cl)cc1CN1CCN(Cc2ccc(F)cc2)CC1,1
P3_11943,COc1ccc(CN2CCN(Cc3ccc(Br)cc3)CC2)cc1,0
P3_11944,Cc1ccc(CN2CCN(Cc3cc(O)ccc3F)CC2)cc1,0
P3_11945,Oc1ccc(Br)c(CN2CCN(Cc3ccc(F)cc3)CC2)c1F,1
P3_11946,OCc1ccccc1CN1CCN(Cc2cc(Cl)cc(Cl)c2)CC1,1
P3_11947,Oc1cc(O)cc(CN2CCN(Cc3ccccc3Cl)CC2)c1,0
P3_11948,COc1ccc(CN2CCN(Cc3ccc(Cl)cc3OC)CC2)cc1,1
P3_11949,COc1cccc(CN2CCN(Cc3ccc(Cl)cc3)CC2)c1,1
P3_11950,Cc1ccc(CN2CCN(Cc3cc(O)ccc3C)CC2)cc1,0
P3_11951,Cc1ccc(CN2CCN(Cc3ccc(O)cc3)CC2)c(C)c1,0
P3_11952,CCOc1ccc(CN2CCN(Cc3ccc(Br)cc3)CC2)cc1,0
P3_11953,Oc1cc(Cl)cc(CN2CCN(Cc3ccccc3)CC2)c1,1
P3_11954,Cc1ccc(CN2CCN(Cc3ccc(O)cc3)CC2)cc1O,0
P3_11955,Fc1ccc(CN2CCN(Cc3ccc(F)cc3Cl)CC2)cc1,1
P3_11956,OCc1ccc(CN2CCN(Cc3ccc(CO)cc3)CC2)cc1,0
P3_11957,COc1c(F)cccc1CN1CCN(Cc2ccc(Cl)cc2)CC1,1
P3_11958,Brc1ccccc1CN1CCN(Cc2ccccc2)CC1,1
P3_11959,Clc1cccc(CN2CCN(Cc3ccc(Br)cc3)CC2)c1,0
P3_11960,COc1cc(O)ccc1CN1CCN(Cc2ccc(Cl)cc2)CC1,1
P3_11961,Fc1ccc(CN2CCN(Cc3ccc(Cl)cc3)CC2)cc1,0
P3_11962,O=[N+]([O-])c1ccc(Cl)cc1CN1CCN(Cc2ccc(O)c(Cl)c2)CC1,1
P3_11963,Cc1ccccc1CN1CCN(Cc2ccc(O)c(Cl)c2)CC1,1
P3_11964,Nc1cc(F)c(F)cc1CN1CCN(Cc2ccc(Br)cc2)CC1,0
P3_11965,[O-]c1cc(F)c(F)cc1CN1CCN(Cc2ccc(Br)cc2)CC1,0
P3_11966,[O-]c1c(F)cc(Cl)cc1CN1CCN(Cc2ccc(O)c(Cl)c2)CC1,1
P3_11967,[O-]c1c(F)cc(Br)cc1CN1CCN(Cc2ccc(F)cc2)CC1,0
P3_11968,COc1ccc(C)cc1CN1CCN(Cc2ccc(Cl)cc2)CC1,1
P3_11969,COc1ccccc1CN1CCN(Cc2ccc(Cl)cc2)CC1,0
P3_11970,N#Cc1ccccc1CN1CCN(Cc2ccc(Cl)cc2)CC1,1
P3_11971,Nc1cccc(CN2CCN(Cc3ccc(Cl)cc3)CC2)c1,0
P3_11972,Fc1cccc(CN2CCN(Cc3ccc(Cl)cc3)CC2)c1,1
P3_11973,Cc1cccc(CN2CCN(Cc3ccc(Cl)cc3)CC2)c1,0
P3_11974,CNc1ccccc1CN1CCN(Cc2ccc(O)c(Cl)c2)CC1,1
P3_11975,N#Cc1cc(F)ccc1CN1CCN(Cc2ccc(Cl)cc2)CC1,1
P3_11976,COc1ccc(OC)c(CN2CCN(Cc3ccc(Br)cc3)CC2)c1,0
P3_11977,COc1ccc(Cl)cc1CN1CCN(Cc2ccc(CO)cc2)CC1,1
P3_11978,COc1ccccc1CN1CCN(Cc2ccc(Br)cc2)CC1,0
P3_11979,Nc1c(F)cccc1CN1CCN(Cc2ccc(Cl)cc2)CC1,1
P3_11980,Fc1ccc(Cl)cc1CN1CCN(Cc2ccccc2)CC1,1
P3_11981,Cc1cccc(CN2CCN(Cc3ccc(Br)cc3)CC2)c1,0
P3_11982,COc1c(O)cccc1CN1CCN(Cc2ccc(O)c(Cl)c2)CC1,1
P3_11983,N#Cc1ccc(F)cc1CN1CCN(Cc2ccc(Br)cc2)CC1,1
P3_11984,Cc1cc(C#N)ccc1CN1CCN(Cc2ccc(Br)cc2)CC1,0
P3_11985,N#Cc1cc(F)ccc1CN1CCN(Cc2ccc(Br)cc2)CC1,0
P3_11986,N#Cc1ccc(CN2CCN(Cc3cc(O)ccc3Br)CC2)cc1,0
P3_11987,Cc1cccc(CN2CCN(Cc3ccc(O)cc3)CC2)c1Br,0
P3_11988,Nc1ccc(S(=O)(=O)c2ccccc2)cc1,1
P3_11989,Nc1ccc(S(=O)(=O)c2ccc(Br)cc2)cc1,0
P3_11990,Nc1ccc(S(=O)(=O)c2ccc(O)cc2)cc1,0
P3_11991,Nc1ccc(S(=O)(=O)c2ccc(Cl)cc2)cc1,0
P3_11992,Nc1ccc(S(=O)(=O)c2ccc(F)cc2)cc1,0
P3_11993,Nc1ccc(S(=O)(=O)c2ccc(SC(F)(F)F)cc2)cc1,0
P3_11994,NC(=O)Nc1ccc(S(=O)(=O)c2ccc(N)cc2)cc1,0
P3_11995,CC(=O)Nc1ccc(S(=O)(=O)c2ccc(N)cc2)cc1,0
P3_11996,CCCNc1ccc(S(=O)(=O)c2ccc(N)cc2)cc1,0
P3_11997,CC(C)C=Cc1ccc(S(=O)(=O)c2ccc(N)cc2)cc1,0
P3_11998,C=C(C)Nc1ccc(S(=O)(=O)c2ccc(N)cc2)cc1,0
P3_11999,CC(C)=CNc1ccc(S(=O)(=O)c2ccc(N)cc2)cc1,0
P3_12000,CC=C(C)Nc1ccc(S(=O)(=O)c2ccc(N)cc2)cc1,0
P3_12001,O=S(=O)(c1ccc(Cl)cc1)c1ccc(Cl)cc1,1
P3_12002,O=S(=O)(c1ccc(O)cc1)c1ccc(O)cc1,1
P3_12003,O=S(=O)(c1ccc(F)cc1)c1ccc(F)cc1,0
P3_12004,Cc1ccc(S(=O)(=O)c2ccc(C)cc2)cc1,1
P3_12005,Nc1ccc(S(=O)(=O)c2ccc(NC(=O)C(F)F)cc2)cc1,0
P3_12006,CC(C)(C)C=CNc1ccc(S(=O)(=O)c2ccc(N)cc2)cc1,0
P3_12007,CCC(=O)Nc1ccc(S(=O)(=O)c2ccc(N)cc2)cc1,0
P3_12008,Nc1ccc(S(=O)(=O)c2ccc(NC(=O)CCO)cc2)cc1,0
P3_12009,CC(=O)CCC(=O)Nc1ccc(S(=O)(=O)c2ccc(N)cc2)cc1,0
P3_12010,CCCN(C(C)=O)c1ccc(S(=O)(=O)c2ccc(N)cc2)cc1,0
P3_12011,COc1ccc(S(=O)(=O)c2ccc(OC)cc2)cc1,1
P3_12012,CNc1ccc(S(=O)(=O)c2ccc(NC)cc2)cc1,0
P3_12013,O=S(=O)(c1ccccc1)c1ccc([O-])cc1,1
P3_12014,CC(C)(C(=O)Nc1ccc(S(=O)(=O)c2ccc(N)cc2)cc1)C(F)(F)F,0
P3_12015,CC(C)c1ccc(S(=O)(=O)c2ccc(Cl)cc2)cc1,1
P3_12016,O=S(=O)(c1ccc([O-])cc1)c1ccc(Cl)cc1,1
P3_12017,O=S(=O)(c1ccccc1)c1ccc(Br)cc1,0
P3_12018,O=S(=O)(c1ccc([O-])cc1)c1ccc(F)cc1,0
P3_12019,O=S(=O)(c1ccccc1)c1ccc(O)cc1,1
P3_12020,O=S(=O)(c1ccccc1)c1ccc(F)cc1,1
P3_12021,O=S(=O)(c1ccc([O-])cc1)c1ccc(I)cc1,1
P3_12022,Cc1ccc(S(=O)(=O)c2ccc([O-])cc2)cc1,0
P3_12023,O=S(=O)(c1ccc([O-])cc1)c1ccc(O)cc1,1
P3_12024,Cc1ccc(S(=O)(=O)c2ccccc2)cc1,1
P3_12025,O=S(=O)(c1ccccc1)c1ccc(Cl)cc1,1
P3_12026,O=S(=O)(c1ccccc1)c1ccc(I)cc1,1
P3_12027,CC(C)c1ccc(S(=O)(=O)c2ccc(NN)cc2)cc1,0
P3_12028,CC/C=C(\C)C(=O)Nc1ccc(S(=O)(=O)c2ccc(N)cc2)cc1,0
P3_12029,Cc1ccc(S(=O)(=O)c2ccc(Br)cc2)cc1,1
P3_12030,O=S(=O)(c1ccc(O)cc1)c1ccc(Cl)cc1,1
P3_12031,Cc1ccc(S(=O)(=O)c2ccc(Cl)cc2)cc1,1
P3_12032,O=S(=O)(c1ccc(O)cc1)c1ccc(F)cc1,0
P3_12033,Cc1ccc(S(=O)(=O)c2ccc(F)cc2)cc1,1
P3_12034,O=S(=O)(c1ccc(O)cc1)c1ccc(I)cc1,1
P3_12035,O=S(=O)(c1ccc(Cl)cc1)c1ccc(Br)cc1,1
P3_12036,O=S(=O)(c1ccc(F)cc1)c1ccc(Br)cc1,0
P3_12037,Cc1ccc(S(=O)(=O)c2ccc(O)cc2)cc1,0
P3_12038,O=S(=O)(c1ccc(F)cc1)c1ccc(Cl)cc1,1
P3_12039,CCOC(C)(C)C(=O)Nc1ccc(S(=O)(=O)c2ccc(N)cc2)cc1,0
P3_12040,Cc1ccc(S(=O)(=O)c2cc(N)ccc2N(C)C)cc1,0
P3_12041,N#Cc1ccc(S(=O)(=O)c2ccccc2)cc1,0
P3_12042,O=C([O-])c1ccc(S(=O)(=O)c2ccc(O)cc2)cc1,0
P3_12043,COc1ccc(S(=O)(=O)c2ccc(C)cc2)cc1,1
P3_12044,COc1ccc(S(=O)(=O)c2ccc([O-])cc2)cc1,1
P3_12045,[NH3+]Cc1ccc(S(=O)(=O)c2ccccc2)cc1,1
P3_12046,O=C([O-])c1ccc(S(=O)(=O)c2ccccc2)cc1,0
P3_12047,Cc1ccc(S(=O)(=O)c2ccc(C)c(C)c2)cc1,0
P3_12048,CC(C)(C)c1ccc(S(=O)(=O)c2ccccc2)cc1,1
P3_12049,O=S(=O)(c1ccc(Cl)cc1)c1ccc(Cl)c(Cl)c1,1
P3_12050,CC(C)c1ccc(S(=O)(=O)c2ccc([N+](=O)[O-])cc2)cc1,1
P3_12051,CCc1ccc(S(=O)(=O)c2ccc(NN)cc2)cc1,0
P3_12052,CN(C)c1ccc(S(=O)(=O)c2ccc(Cl)cc2)cc1,0
P3_12053,COc1ccc(S(=O)(=O)c2ccc(Cl)cc2)cc1,1
P3_12054,C=C(C)c1ccc(S(=O)(=O)c2ccc(C)cc2)cc1,1
P3_12055,Nc1ccc(S(=O)(=O)c2cccc(N)c2)cc1,1
P3_12056,Nc1ccc(S(=O)(=O)c2ccc(N)c(Cl)c2)cc1,0
P3_12057,Cc1cc(S(=O)(=O)c2ccc(N)cc2)ccc1N,0
P3_12058,O=S(=O)(c1ccc(Br)cc1)c1ccc(Br)cc1,0
P3_12059,Nc1cc(S(=O)(=O)c2ccc(Cl)cc2)ccc1Cl,1
P3_12060,Cc1ccc(S(=O)(=O)c2ccc(Cl)c(N)c2)cc1,1
P3_12061,COc1ccc(S(=O)(=O)c2ccc(OC)c(N)c2)cc1N,1
P3_12062,COc1ccc(S(=O)(=O)c2ccccc2)cc1N,1
P3_12063,COc1ccc(S(=O)(=O)c2ccccc2)cc1,1
P3_12064,CCc1ccc(S(=O)(=O)c2ccccc2)cc1,1
P3_12065,[NH3+]Cc1ccc(S(=O)(=O)c2ccc(Cl)cc2)cc1,0
P3_12066,CCc1ccc(S(=O)(=O)c2ccc(Cl)cc2)cc1,1
P3_12067,COc1ccc(S(=O)(=O)c2ccc(F)cc2)cc1,1
P3_12068,C=Cc1ccc(S(=O)(=O)c2ccc(F)cc2)cc1,1
P3_12069,COc1ccc(S(=O)(=O)c2ccc(O)cc2)cc1,1
P3_12070,Cc1ccc(S(=O)(=O)c2ccc(C(=O)[O-])cc2)cc1,0
P3_12071,CN(C)c1ccc(S(=O)(=O)c2ccc(F)cc2)cc1,1
P3_12072,O=C([O-])c1ccc(S(=O)(=O)c2ccc(Cl)cc2)cc1,1
P3_12073,CC(=O)c1ccc(S(=O)(=O)c2ccccc2)cc1,1
P3_12074,Cc1ccc(S(=O)(=O)c2ccccc2)cc1C,1
P3_12075,NC(=O)Nc1ccc(S(=O)(=O)c2ccc(F)cc2)cc1,1
P3_12076,NC(=O)Nc1ccc(S(=O)(=O)c2ccc(Br)cc2)cc1,0
P3_12077,C=C(C)c1ccc(S(=O)(=O)c2ccccc2)cc1,1
P3_12078,CCOc1ccc(S(=O)(=O)c2ccccc2)cc1,1
P3_12079,NC(=O)c1ccccc1NC(=O)c1ccc(-c2ccc(Cl)cc2Cl)o1,1
P3_12080,O=C(Nc1ccccc1C(=O)[O-])c1ccc(-c2ccc(Cl)cc2Cl)o1,1
P3_12081,O=C(Nc1cc(Cl)ccc1O)c1ccc(-c2ccccc2F)o1,1
P3_12082,O=C(Nc1ccccc1O)c1ccc(-c2ccccc2F)o1,0
P3_12083,O=C(Nc1ccc(O)c(C(=O)[O-])c1)c1ccc(-c2ccc(Cl)cc2Cl)o1,1
P3_12084,O=C(Nc1ccccc1F)c1ccc(-c2ccccc2Cl)o1,1
P3_12085,NC(=O)c1ccccc1NC(=O)c1ccc(-c2ccccc2Cl)o1,0
P3_12086,COc1ccccc1NC(=O)c1ccc(-c2ccccc2Cl)o1,1
P3_12087,Nc1cc(Cl)ccc1NC(=O)c1ccc(-c2ccccc2F)o1,1
P3_12088,O=C(Nc1ccccc1Cl)c1ccc(-c2ccccc2F)o1,1
P3_12089,O=C(Nc1cccc(Cl)c1O)c1ccc(-c2ccccc2F)o1,1
P3_12090,O=C(Nc1ccc(O)cc1)c1ccc(-c2ccccc2Cl)o1,1
P3_12091,O=C(Nc1ccccc1O)c1ccc(-c2ccccc2)o1,1
P3_12092,CCc1ccc(-c2ccc(C(=O)Nc3ccccc3O)o2)cc1,1
P3_12093,O=C(Nc1ccccc1)c1ccc(-c2ccccc2Cl)o1,1
P3_12094,O=C(Nc1cccc(O)c1F)c1ccc(-c2ccccc2F)o1,0
P3_12095,O=C(Nc1cccc(F)c1O)c1ccc(-c2ccccc2F)o1,0
P3_12096,Nc1ccccc1NC(=O)c1ccc(-c2ccc(Cl)cc2)o1,1
P3_12097,O=C(Nc1ccccc1F)c1ccc(-c2ccc(Cl)cc2)o1,1
P3_12098,O=C(Nc1cccc(Cl)c1O)c1ccc(-c2ccccc2)o1,1
P3_12099,Nc1ccccc1NC(=O)c1ccc(-c2cccc(Cl)c2)o1,1
P3_12100,O=C(Nc1ccc(F)cc1O)c1ccc(-c2ccccc2F)o1,1
P3_12101,O=C(Nc1cc(F)ccc1O)c1ccc(-c2ccccc2F)o1,0
P3_12102,Cc1ccc(NC(=O)c2ccc(-c3ccccc3Cl)o2)c(N)c1,1
P3_12103,Cc1cc(N)ccc1NC(=O)c1ccc(-c2ccccc2Cl)o1,1
P3_12104,O=C(Nc1cc(Cl)c([O-])cc1F)c1ccc(-c2ccccc2Cl)o1,1
P3_12105,COc1ccc(NC(=O)c2ccc(-c3ccccc3Cl)o2)c(OC)c1,1
P3_12106,Nc1ccccc1NC(=O)c1ccc(-c2ccc(F)c(Cl)c2)o1,1
P3_12107,Cc1cc(C(N)=O)ccc1NC(=O)c1ccc(-c2ccccc2Cl)o1,1
P3_12108,Cc1c(Cl)cccc1-c1ccc(C(=O)Nc2ccccc2N)o1,1
P3_12109,O=C(Nc1ccc(F)cc1)c1ccc(-c2ccccc2Cl)o1,1
P3_12110,O=C(Nc1ccccc1Cl)c1ccc(-c2ccc(F)cc2)o1,1
P3_12111,O=C(Nc1ccc(CO)cc1)c1ccc(-c2ccccc2Cl)o1,1
P3_12112,CCN(CC)CCNc1ccnc2ccc(Cl)cc12,1
P3_12113,CN(C)CCNc1ccnc2cc(Cl)ccc12,1
P3_12114,CCN(CC)CCNc1ccnc2cc(Cl)c(C)cc12,1
P3_12115,CN(CCO)CCNc1ccnc2cc(Cl)ccc12,1
P3_12116,CCN(CC)CCNc1ccnc2cc(Cl)c(F)cc12,1
P3_12117,CCN(CC)CCNc1ccnc2ccccc12,1
P3_12118,CN(CCNc1ccnc2cc(Cl)ccc12)CC(F)(F)F,1
P3_12119,CCN(CCCNc1ccnc2cc(Cl)ccc12)S(C)(=O)=O,1
P3_12120,C[NH+](C)CCNc1ccnc2cc(Cl)ccc12,1
P3_12121,CCC[NH2+]CCNc1ccnc2cc(Cl)ccc12,1
P3_12122,CCN(C)CCNc1ccnc2ccc(Cl)cc12,1
P3_12123,CCN(CC)C(=O)CCCNc1ccnc2cc(Cl)ccc12,1
P3_12124,CCS(=O)(=O)N(C)CCCNc1ccnc2cc(Cl)ccc12,1
P3_12125,CCN(CC)CCNc1ccnc2ccc(Br)cc12,1
P3_12126,C[C@H](O)CCNc1ccnc2cc(Cl)ccc12,1
P3_12127,CC(C)(O)CCNc1ccnc2cc(Cl)ccc12,1
P3_12128,C[C@@H](O)CCNc1ccnc2cc(Cl)ccc12,1
P3_12129,C[NH2+]CCCNc1ccnc2cc(Cl)ccc12,1
P3_12130,CCN(CC)CCNc1ccnc2c(Cl)c(C)ccc12,1
P3_12131,CC(C)OCCNc1ccnc2cc(Cl)ccc12,1
P3_12132,CS(=O)(=O)CCNc1ccnc2cc(Cl)ccc12,1
P3_12133,CCN(CC)C(=O)CNc1ccnc2cc(Cl)ccc12,1
P3_12134,[NH3+]CCCCNc1ccnc2cc(Cl)ccc12,1
P3_12135,CN(C)CCNc1ccnc2ccc(Cl)cc12,1
P3_12136,CCN(CC)CCNc1ccnc2c(Cl)cccc12,1
P3_12137,CC(C)(CO)CCNc1ccnc2cc(Cl)ccc12,1
P3_12138,C[S@](=O)CCCNc1ccnc2cc(Cl)ccc12,1
P3_12139,CC(C)(CN)CCNc1ccnc2cc(Cl)ccc12,1
P3_12140,CS(=O)(=O)CCCNc1ccnc2cc(Cl)ccc12,1
P3_12141,C[S@@](=O)CCCNc1ccnc2cc(Cl)ccc12,1
P3_12142,CCN(C)CCNc1ccnc2cc(C)ccc12,1
P3_12143,CS(=O)(=O)NCCCNc1ccnc2cc(Cl)ccc12,1
P3_12144,CC(=O)NCCCNc1ccnc2cc(Cl)ccc12,1
P3_12145,CCN(CC)CCNc1ccnc2c(C)c(C)ccc12,1
P3_12146,CCN(CC)CCCNc1ccnc2ccccc12,1
P3_12147,CCN(C)CCNc1ccnc2cc(Br)ccc12,1
P3_12148,C[NH+](C)C(C)(C)CCCNc1ccnc2cc(Cl)ccc12,1
P3_12149,CC(C)(CO)CCCNc1ccnc2cc(Cl)ccc12,1
P3_12150,CCN(OC)C(=O)CNc1ccnc2cc(Cl)ccc12,1
P3_12151,Cc1ccc2c(NCCN(C)C)ccnc2c1,1
P3_12152,CCN(CC)CCNc1ccc2ccc(Cl)cc2n1,1
P3_12153,CN(C)CCCNc1ccnc2ccc(Cl)cc12,1
P3_12154,CN(CCO)CCNc1ccnc2ccc(Cl)cc12,1
P3_12155,CCN(C)CCNc1ccnc2cc(Cl)c(C)cc12,1
P3_12156,CCN(CC)CCNc1ccnc2c(C)cccc12,1
P3_12157,CCC(CC)(CCO)CNc1ccnc2cc(Cl)ccc12,1
P3_12158,CN(CCNc1ccnc2ccc(Cl)cc12)CC(F)(F)F,1
P3_12159,CCN(CC)CCNc1ccnc2c(F)cccc12,1
P3_12160,CCN(CC)CCNc1ccnc2c(Br)cccc12,1
P3_12161,CC(C)(CCO)CNc1ccnc2cc(Cl)ccc12,1
P3_12162,CCN(CCCNc1ccnc2ccc(Cl)cc12)S(C)(=O)=O,1
P3_12163,CCCNCCNc1ccnc2cc(Cl)ccc12,1
P3_12164,CCOCCNc1ccnc2cc(Cl)ccc12,1
P3_12165,OCCNc1ccnc2cc(Cl)ccc12,1
P3_12166,COCCNc1ccnc2cc(Cl)ccc12,1
P3_12167,CSCCNc1ccnc2cc(Cl)ccc12,1
P3_12168,CC(C)[NH2+]CCNc1ccnc2cc(Cl)ccc12,1
P3_12169,OCCCNc1ccnc2cc(Cl)ccc12,1
P3_12170,C#CCCNc1ccnc2cc(Cl)ccc12,1
P3_12171,CC(C)[NH+](CCNc1ccnc2cc(Cl)ccc12)C(C)C,1
P3_12172,CC(C)(C)OCCNc1ccnc2cc(Cl)ccc12,1
P3_12173,CC(C)CNc1ccnc2cc(Cl)ccc12,1
P3_12174,COCCCCCNc1ccnc2cc(Cl)ccc12,1
P3_12175,OCCOCCNc1ccnc2cc(Cl)ccc12,1
P3_12176,C=C(C)COCCNc1ccnc2cc(Cl)ccc12,1
P3_12177,C[NH+](C)C(C)(C)CNc1ccnc2cc(Cl)ccc12,1
P3_12178,COC(C)(C)CNc1ccnc2cc(Cl)ccc12,1
P3_12179,CO[C@@H](C)CNc1ccnc2cc(Cl)ccc12,1
P3_12180,CO[C@H](C)CNc1ccnc2cc(Cl)ccc12,1
P3_12181,C=CCOCCNc1ccnc2cc(Cl)ccc12,1
P3_12182,CCN(CCNc1ccnc2cc(C)ccc12)C(C)C,1
P3_12183,CC[C@H](CCO)CNc1ccnc2cc(Cl)ccc12,1
P3_12184,CCN(CCNc1ccnc2cc(F)ccc12)C(C)C,1
P3_12185,CC[C@@H](CCO)CNc1ccnc2cc(Cl)ccc12,1
P3_12186,C=CCCOCCNc1ccnc2cc(Cl)ccc12,1
P3_12187,CCCNCCNc1ccnc2ccc(Cl)cc12,1
P3_12188,C[NH+](C)CC(C)(C)CNc1ccnc2cc(Cl)ccc12,1
P3_12189,C[NH2+]C[C@H](C)CNc1ccnc2cc(Cl)ccc12,1
P3_12190,C[C@@H](CCO)CNc1ccnc2cc(Cl)ccc12,1
P3_12191,C[C@H](CCO)CNc1ccnc2cc(Cl)ccc12,1
P3_12192,C[NH2+]C[C@@H](C)CNc1ccnc2cc(Cl)ccc12,1
P3_12193,COCCNc1ccnc2ccc(Cl)cc12,1
P3_12194,CCOCCNc1ccnc2ccc(Cl)cc12,1
P3_12195,CSCCNc1ccnc2ccc(Cl)cc12,1
P3_12196,C[NH+](C)CCNc1ccnc2ccc(Cl)cc12,1
P3_12197,CC[N@H+](C)CCNc1ccnc2ccc(Cl)cc12,1
P3_12198,CC[N@@H+](C)CCNc1ccnc2ccc(Cl)cc12,1
P3_12199,CC[C@H](O)CCNc1ccnc2ccc(Cl)cc12,1
P3_12200,CCN(CCO)c1ccnc2cc(Cl)ccc12,1
P3_12201,CC[C@@H](O)CCNc1ccnc2ccc(Cl)cc12,1
P3_12202,CCCCOCCNc1ccnc2ccc(Cl)cc12,1
P3_12203,CC(C)OCCNc1ccnc2ccc(Cl)cc12,1
P3_12204,COCCCNc1ccnc2ccc(Cl)cc12,1
P3_12205,CCN(CCNc1ccnc2ccccc12)C(C)C,1
P3_12206,C[C@H](O)CCNc1ccnc2ccc(Cl)cc12,1
P3_12207,C[C@@H](O)CCNc1ccnc2ccc(Cl)cc12,1
P3_12208,OCCCNc1ccnc2ccc(Cl)cc12,1
P3_12209,CCCCNc1ccnc2cc(F)ccc12,1
P3_12210,CCCCCNc1ccnc2cc(F)ccc12,1
P3_12211,C#CCCNc1ccnc2ccc(Cl)cc12,1
P3_12212,CO[C@H](C)CCNc1ccnc2ccc(Cl)cc12,1
P3_12213,CCOCCN(CC)c1ccnc2cc(Cl)ccc12,1
P3_12214,CC(C)[N@H+](C)CCNc1ccnc2ccc(Cl)cc12,1
P3_12215,CC(C)[N@@H+](C)CCNc1ccnc2ccc(Cl)cc12,1
P3_12216,CC(C)(CO)CCNc1ccnc2ccc(Cl)cc12,1
P3_12217,CO[C@@H](C)CCNc1ccnc2ccc(Cl)cc12,1
P3_12218,CC(C)CNc1ccnc2ccc(Cl)cc12,1
P3_12219,COC(=O)N(C)CCNc1ccnc2cc(Br)ccc12,1
P3_12220,CCOCCNc1ccnc2cc(F)ccc12,1
P3_12221,CC[NH+](CC)CCNc1ccnc2cc(F)ccc12,1
P3_12222,CCOCCNc1ccnc2cc(Br)ccc12,1
P3_12223,CC[S@@](=O)CCNc1ccnc2cc(Cl)ccc12,1
P3_12224,CC[S@](=O)CCNc1ccnc2cc(Cl)ccc12,1
P3_12225,CC(F)(F)CCNc1ccnc2cc(Cl)ccc12,1
P3_12226,FC(F)(F)CCNc1ccnc2cc(Cl)ccc12,1
P3_12227,CC(C)[C@@H](O)CCNc1ccnc2cc(Cl)ccc12,1
P3_12228,COCCOCCNc1ccnc2cc(Cl)ccc12,1
P3_12229,CC(C)[C@H](O)CCNc1ccnc2cc(Cl)ccc12,1
P3_12230,C[C@H](CCO)CCNc1ccnc2cc(Cl)ccc12,1
P3_12231,CC(C)S(=O)(=O)CCNc1ccnc2cc(Cl)ccc12,1
P3_12232,C[C@@H](CCO)CCNc1ccnc2cc(Cl)ccc12,1
P3_12233,COC[C@](C)(O)CCNc1ccnc2cc(Cl)ccc12,1
P3_12234,COC[C@@](C)(O)CCNc1ccnc2cc(Cl)ccc12,1
P3_12235,COC[C@@H](O)CCNc1ccnc2cc(Cl)ccc12,1
P3_12236,COC[C@H](CCNc1ccnc2cc(Cl)ccc12)OC,1
P3_12237,COC[C@H](O)CCNc1ccnc2cc(Cl)ccc12,1
P3_12238,COC[C@@H](CCNc1ccnc2cc(Cl)ccc12)OC,1
P3_12239,O[C@H](CCNc1ccnc2cc(Cl)ccc12)C(F)(F)F,1
P3_12240,O[C@@H](CCNc1ccnc2cc(Cl)ccc12)C(F)(F)F,1
P3_12241,CO[C@H](CCNc1ccnc2cc(Cl)ccc12)C(F)(F)F,1
P3_12242,CO[C@@H](CCNc1ccnc2cc(Cl)ccc12)C(F)(F)F,1
P3_12243,C[C@H](CNc1ccnc2cc(Cl)ccc12)C[C@@H](C)O,1
P3_12244,CC(C)C[C@H](O)CNc1ccnc2cc(Cl)ccc12,1
P3_12245,CC(C)C[C@@H](O)CNc1ccnc2cc(Cl)ccc12,1
P3_12246,C[C@H](CNc1ccnc2cc(Cl)ccc12)C[C@H](C)O,1
P3_12247,C[C@@H](CNc1ccnc2cc(Cl)ccc12)C[C@@H](C)O,1
P3_12248,CN(CCNc1ccnc2cc(Br)ccc12)CC(F)(F)F,1
P3_12249,CN(CCNc1ccnc2cc(F)ccc12)CC(F)F,1
P3_12250,C=CCC[C@@H](O)CNc1ccnc2cc(Cl)ccc12,1
P3_12251,C=CCC[C@H](O)CNc1ccnc2cc(Cl)ccc12,1
P3_12252,CC[C@H](O)CCNc1ccnc2cc(F)ccc12,1
P3_12253,CC[N@@H+](C)CCNc1ccnc2cc(Br)ccc12,1
P3_12254,CC[N@H+](C)CCNc1ccnc2cc(Br)ccc12,1
P3_12255,CC[C@@H](O)CCNc1ccnc2cc(F)ccc12,1
P3_12256,C[NH+](C)CCNc1ccnc2cc(F)ccc12,1
P3_12257,C[NH+](C)CCNc1ccnc2cc(Br)ccc12,1
P3_12258,CC[S@@](=O)CCNc1ccnc2cc(F)ccc12,1
P3_12259,CC[C@H](O)CCNc1ccnc2cc(Br)ccc12,1
P3_12260,CC[C@@H](O)CCNc1ccnc2cc(Br)ccc12,1
P3_12261,CCC(O)(CC)CCNc1ccnc2cc(F)ccc12,1
P3_12262,CC[S@](=O)CCNc1ccnc2cc(F)ccc12,1
P3_12263,CC(F)(F)CCNc1ccnc2cc(F)ccc12,1
P3_12264,CCCCOCCNc1ccnc2cc(Br)ccc12,1
P3_12265,CC(C)(O)CCNc1ccnc2cc(Br)ccc12,1
P3_12266,CS(=O)(=O)CCNc1ccnc2cc(Br)ccc12,1
P3_12267,C[NH+](C)CCCNc1ccnc2cc(F)ccc12,1
P3_12268,CC[N@H+](CCNc1ccnc2cc(F)ccc12)C(C)C,1
P3_12269,CC[N@@H+](CCNc1ccnc2cc(F)ccc12)C(C)C,1
P3_12270,CO[C@@H](C)CCNc1ccnc2cc(F)ccc12,1
P3_12271,CO[C@H](C)CCNc1ccnc2cc(F)ccc12,1
P3_12272,FC(F)(F)CCNc1ccnc2cc(Br)ccc12,1
P3_12273,C[C@@H](CCNc1ccnc2cc(F)ccc12)[NH+](C)C,1
P3_12274,C[C@H](CCNc1ccnc2cc(F)ccc12)[NH+](C)C,1
P3_12275,CO[C@H](C)CCNc1ccnc2cc(Br)ccc12,1
P3_12276,CC(C)(CO)CCNc1ccnc2cc(Br)ccc12,1
P3_12277,CC(C)[C@@H](O)CCNc1ccnc2cc(F)ccc12,1
P3_12278,CC(C)[C@H](O)CCNc1ccnc2cc(F)ccc12,1
P3_12279,CC(C)(CO)CCNc1ccnc2cc(F)ccc12,1
P3_12280,CC(C)[N@H+](C)CCNc1ccnc2cc(F)ccc12,1
P3_12281,CC(C)[C@H](O)CCNc1ccnc2cc(Br)ccc12,1
P3_12282,CC(C)[N@@H+](C)CCNc1ccnc2cc(F)ccc12,1
P3_12283,CC(C)[C@@H](O)CCNc1ccnc2cc(Br)ccc12,1
P3_12284,COCCOCCNc1ccnc2cc(F)ccc12,1
P3_12285,CO[C@@H](C)CCNc1ccnc2cc(Br)ccc12,1
P3_12286,C[C@@H](CCO)CCNc1ccnc2cc(Br)ccc12,1
P3_12287,CCN(CC)CCNc1ccnc2cc(OC)ccc12,1
P3_12288,CCCCOCCNc1ccnc2cc(Cl)ccc12,1
P3_12289,CSCCCCNc1ccnc2cc(Cl)ccc12,1
P3_12290,CCN(CC)CCCNc1ccnc2cc(CO)ccc12,1
P3_12291,COCCNCCNc1ccnc2cc(Cl)ccc12,1
P3_12292,CCN(CC)CCNc1ccnc2cc(F)c(OC)cc12,1
P3_12293,CCN(C)CCNc1ccnc2cc(F)ccc12,1
P3_12294,FCCOCCNc1ccnc2cc(Cl)ccc12,1
P3_12295,NCCOCCNc1ccnc2cc(Cl)ccc12,1
P3_12296,COCCOCCCNc1ccnc2cc(Cl)ccc12,1
P3_12297,CNCCCOCCNc1ccnc2cc(Cl)ccc12,1
P3_12298,CC(C)N(C)CCNc1ccnc2ccc(Cl)cc12,1
P3_12299,COCCOCCCCNc1ccnc2cc(Cl)ccc12,1
P3_12300,NCCCOCCNc1ccnc2cc(Cl)ccc12,1
P3_12301,CCN(C)CCNc1ccnc2cc(OC)ccc12,1
P3_12302,OCCOCCCNc1ccnc2cc(Cl)ccc12,1
P3_12303,CN(C)CCNc1ccnc2cc(F)ccc12,1
P3_12304,CN(C)CCCCNc1ccnc2ccc(Cl)cc12,1
P3_12305,CN(CCNc1ccnc2ccc(Cl)cc12)CC(F)F,1
P3_12306,CCNCCCNc1ccnc2ccc(Cl)cc12,1
P3_12307,CCN(CCNc1ccnc2cc(OC)ccc12)C(C)C,1
P3_12308,CCN(CC)CCNc1ccnc2ccc(C)c(F)c12,1
P3_12309,CCN(CC)CCNc1ccnc2c(OC)cccc12,0
P3_12310,CN(C)CCNc1ccnc2cc(F)c(Cl)cc12,1
P3_12311,CCCCN(C)CCNc1ccnc2cc(F)ccc12,1
P3_12312,CCOCc1nc(N)nc(N)c1-c1ccc(Cl)cc1,1
P3_12313,CCc1nc(N)nc(N)c1-c1ccccc1,1
P3_12314,CCc1nc(N)nc(N)c1-c1ccc(Cl)c(Cl)c1,1
P3_12315,CCc1nc(N)nc(N)c1-c1ccc(N(C)C)cc1,1
P3_12316,Cc1nc(N)nc(N)c1-c1ccc(Cl)cc1,1
P3_12317,CCc1nc(N)nc(N)c1-c1ccc(Cl)c([N+]#N)c1,1
P3_12318,CCOC(=O)c1nc(N)nc(N)c1-c1ccc(Cl)cc1,1
P3_12319,CCOCc1nc(N)nc(N)c1-c1ccc(Cl)c(Cl)c1,1
P3_12320,Cc1nc(N)nc(N)c1-c1ccc(Cl)c(Cl)c1,1
P3_12321,COc1ncnc(OC)c1-c1ccc(Cl)cc1,1
P3_12322,CSc1nc(N)nc(SC)c1-c1ccccc1,1
P3_12323,COc1nc(N)nc(OC)c1-c1ccccc1,1
P3_12324,CCc1cccc(C)c1-c1cnc(N)nc1,0
P3_12325,CCc1ccc(-c2c(OC)ncnc2OC)cc1,0
P3_12326,COc1ncnc(OC)c1-c1ccc(N)cc1,1
P3_12327,COc1ncnc(C)c1-c1ccc(Cl)cc1N,1
P3_12328,Cc1nc(N)ncc1-c1cc(Cl)ccc1C(C)(C)O,1
P3_12329,CSc1ccc(F)c(C)c1-c1cnc(N)nc1,0
P3_12330,CCOc1cccc(F)c1-c1cnc(N)nc1,0
P3_12331,COc1ncnc(C)c1-c1ccc(N)cc1,1
P3_12332,COc1ncnc(C)c1-c1ccc(N)c(Cl)c1,1
P3_12333,Nc1ncc(-c2ccc(CO)c(Cl)c2)c(C(F)(F)F)n1,1
P3_12334,COc1ncnc(OC)c1-c1ccc(F)c(N)c1,0
P3_12335,CSc1cccc(F)c1-c1cnc(N)nc1,0
P3_12336,Cc1ncnc(C)c1-c1ccc(O)cc1,1
P3_12337,Cc1ncnc(C)c1-c1ccc(F)cc1,1
P3_12338,COc1ncnc(OC)c1-c1ccc(C(C)C)cc1,1
P3_12339,COc1ncnc(OC)c1-c1ccc(CO)cc1,0
P3_12340,COc1ncnc(OC)c1-c1ccc(Cl)c(Cl)c1,1
P3_12341,COc1ncnc(OC)c1-c1ccc(C[NH3+])cc1,1
P3_12342,CCOc1cc(C)cc(F)c1-c1cnc(N)nc1,0
P3_12343,COc1ncnc(C)c1-c1ccc(F)c(N)c1,0
P3_12344,CCC(C)c1ccccc1-c1cnc(N)nc1C,0
P3_12345,COc1cccc(C)c1-c1cnc(N)nc1,0
P3_12346,COc1ncnc(OC)c1-c1ccc(C)c(N)c1,1
P3_12347,COc1ncnc(OC)c1-c1ccc(CCO)cc1,1
P3_12348,COc1ccc(-c2c(OC)ncnc2OC)cc1,1
P3_12349,COc1ncnc(OC)c1-c1ccc(C)cc1,1
P3_12350,COc1ncnc(OC)c1-c1ccc(C(N)=O)cc1,0
P3_12351,COc1ncnc(C)c1-c1ccc(C[NH3+])cc1,1
P3_12352,COc1ncnc(C)c1-c1ccc(Cl)c(Cl)c1,1
P3_12353,COc1ncnc(C)c1-c1ccc(CO)cc1,1
P3_12354,COc1ncnc(OC)c1-c1ccc(Cl)c(F)c1,1
P3_12355,COc1ncnc(OC)c1-c1ccc(F)cc1,1
P3_12356,COc1ncnc(OC)c1-c1ccc(O)cc1,1
P3_12357,CSc1nc(N)ncc1-c1ccccc1CC(F)(F)F,1
P3_12358,COc1ncnc(C)c1-c1ccc(C)c(N)c1,1
P3_12359,CCOc1ccc(F)c(F)c1-c1cnc(C)nc1,1
P3_12360,COc1ncnc(C)c1-c1ccc(C)cc1,1
P3_12361,Cc1ncnc(N)c1-c1ccc(C(N)=O)c(C(F)(F)F)c1,1
P3_12362,Cc1ncnc(N)c1-c1ccc(C(F)(F)F)cc1CO,0
P3_12363,CSc1nc(N)ncc1-c1ccccc1C(C)C,1
P3_12364,COc1ncnc(OC)c1-c1ccc(F)c(CO)c1,1
P3_12365,COc1ncnc(C)c1-c1ccc(C(N)=O)cc1,1
P3_12366,COc1ccc(-c2c(C)ncnc2OC)cc1,1
P3_12367,CSc1nc(N)ncc1-c1ccccc1C(C)(C)C,0
P3_12368,COc1ncnc(C)c1-c1ccc(Cl)c(F)c1,1
P3_12369,COC(=O)c1cccc(C)c1-c1cnc(N)nc1,1
P3_12370,Nc1ncc(-c2cc(Cl)c(O)c(Cl)c2)c(C(F)(F)F)n1,1
P3_12371,C#Cc1ccc(-c2c(OC)ncnc2OC)cc1,0
P3_12372,COc1ncnc(OC)c1-c1ccc(C(F)F)cc1,1
P3_12373,COc1ncnc(C)c1-c1ccc(O)cc1,1
P3_12374,COc1ncnc(C)c1-c1ccc(F)cc1,1
P3_12375,COc1ncnc(OC)c1-c1ccc(C#N)cc1,0
P3_12376,COc1ncnc(OC)c1-c1ccc([S@](C)=O)cc1,0
P3_12377,COc1ncnc(OC)c1-c1ccc([S@@](C)=O)cc1,0
P3_12378,COc1ncnc(C)c1-c1ccc(F)c(CO)c1,1
P3_12379,COC(=O)c1cccc(F)c1-c1cnc(N)nc1,1
P3_12380,COc1ncnc(OC)c1-c1ccc(F)c(C)c1,0
P3_12381,COc1c(F)ccc(C)c1-c1cnc(C)nc1,1
P3_12382,COc1cccc(N)c1-c1cnc(C)nc1,1
P3_12383,CC(F)(F)c1nc(N)ncc1-c1ccccc1CO,0
P3_12384,COc1ncc(-c2cccc(CN)c2Cl)c(OC)n1,0
P3_12385,COc1ncnc(C)c1-c1ccc(F)c(F)c1,1
P3_12386,CCOc1cccc(F)c1-c1cnc(F)nc1,1
P3_12387,COc1ncnc(C)c1-c1ccc(C#N)cc1,1
P3_12388,COc1ncnc(C)c1-c1ccc(F)c(C)c1,0
P3_12389,COc1ncnc(OC)c1-c1ccc(CO)c(C)c1,0
P3_12390,COc1ncnc(C)c1-c1ccc([C@H](C)O)cc1,1
P3_12391,COc1ncnc(C)c1-c1ccc([C@@H](C)O)cc1,1
P3_12392,CCOc1cccc(F)c1-c1cnc(C)nc1,1
P3_12393,COC(=O)c1ncnc(N)c1-c1ccccc1CO,0
P3_12394,Cc1nc(N)ncc1-c1ccc(C(F)(F)F)cc1CO,0
P3_12395,CCOCc1nc(N)nc(N)c1-c1cccc(Cl)c1,1
P3_12396,Cc1ncnc(N)c1-c1ccc(Cl)cc1,1
P3_12397,Cc1nc(N)ncc1-c1ccc(Cl)cc1,1
P3_12398,CCOc1ccc(-c2cnc(N)nc2N)cc1,1
P3_12399,CCCOc1ccc(-c2cnc(N)nc2N)cc1,1
P3_12400,Cc1ncnc(N)c1-c1cccc(Cl)c1,1
P3_12401,Cc1ncnc(N)c1-c1ccc(Cl)cc1Cl,1
P3_12402,Cc1ncnc(N)c1-c1cc(Cl)ccc1F,1
P3_12403,Cc1ncnc(N)c1-c1ccc(F)c(Cl)c1,1
P3_12404,Cc1ncnc(N)c1-c1ccc(Cl)cc1F,1
P3_12405,COc1ccc(-c2cnc(N)nc2N)cc1,1
P3_12406,Cc1ncnc(N)c1-c1ccc(Cl)c(Cl)c1,1
P3_12407,CSc1nc(N)ncc1-c1ccc(Cl)c(Cl)c1,1
P3_12408,Cc1nc(N)ncc1-c1ccc(F)c(Cl)c1,1
P3_12409,Cc1ncnc(N)c1-c1ccc(F)cc1,1
P3_12410,Cc1ncnc(N)c1-c1ccc(Br)cc1,1
P3_12411,Cc1ncnc(N)c1-c1cccc(Cl)c1Cl,0
P3_12412,Cc1nc(N)ncc1-c1ccc(Cl)c(Cl)c1,1
P3_12413,Cc1ncnc(N)c1-c1cc(F)cc(Cl)c1,0
P3_12414,Cc1nc(N)ncc1-c1cccc(Cl)c1,1
P3_12415,Cc1ncnc(N)c1-c1ccc(Cl)c(F)c1,1
P3_12416,Cc1nc(N)ncc1-c1cc(Cl)ccc1F,1
P3_12417,Cc1ncnc(N)c1-c1ccc(N(C)C)cc1,1
P3_12418,Cc1nc(N)ncc1-c1cc(F)cc(Cl)c1,1
P3_12419,Cc1nc(N)ncc1-c1ccc(Cl)cc1F,1
P3_12420,Cc1ncnc(N)c1-c1ccccc1Cl,1
P3_12421,Cc1ncnc(N)c1-c1ccc(F)c(F)c1,1
P3_12422,Cc1nc(N)ncc1-c1ccc(Cl)c(F)c1,1
P3_12423,Cc1ncnc(N)c1-c1ccc(OCCC(C)C)cc1,1
P3_12424,Cc1ncnc(N)c1-c1ccc(C(C)O)cc1,1
P3_12425,Cc1nc(N)ncc1-c1ccc(C(C)C)cc1,0
P3_12426,Cc1ncnc(N)c1-c1ccc(OC(C)(C)C)cc1,1
P3_12427,Cc1nc(N)ncc1-c1cccc(Cl)c1Cl,1
P3_12428,Cc1ncnc(N)c1-c1cccc(Cl)c1C,0
P3_12429,Cc1ncnc(N)c1-c1ccc(Cl)c(F)c1F,0
P3_12430,Cc1ncnc(N)c1-c1ccc(SC(F)F)cc1,1
P3_12431,CSc1nc(N)ncc1-c1ccc(C)c(C)c1,0
P3_12432,Cc1ncnc(N)c1-c1cccc(Cl)c1F,0
P3_12433,Cc1ncnc(N)c1-c1ccc(Cl)c(Cl)c1F,0
P3_12434,Cc1nc(N)ncc1-c1ccc(F)cc1,1
P3_12435,Cc1nc(N)ncc1-c1ccc(Br)cc1,1
P3_12436,Cc1ncnc(N)c1-c1ccc(F)c(F)c1F,0
P3_12437,Cc1ncnc(N)c1-c1cccc(F)c1,1
P3_12438,Cc1nc(N)ncc1-c1ccc(Cl)c(F)c1F,1
P3_12439,Cc1nc(N)ncc1-c1ccc(OCCC(C)C)cc1,0
P3_12440,Cc1nc(N)ncc1-c1ccc(Cl)c(Cl)c1F,1
P3_12441,Cc1nc(N)ncc1-c1cccc(Cl)c1F,0
P3_12442,Cc1nc(N)ncc1-c1ccc(OC(C)C)cc1,0
P3_12443,Cc1nc(N)ncc1-c1ccc(SC(F)F)cc1,0
P3_12444,Cc1ncnc(N)c1-c1cccc(C(F)F)c1,0
P3_12445,Cc1ncnc(N)c1-c1ccccc1F,1
P3_12446,CSc1nc(N)ncc1-c1cc(C)cc(C)c1,0
P3_12447,Cc1ncnc(N)c1-c1cccc(Br)c1C,0
P3_12448,Cc1ncnc(N)c1-c1cccc(OC(F)(F)F)c1,1
P3_12449,Cc1ncnc(N)c1-c1cccc(OC(F)F)c1,1
P3_12450,Cc1ncnc(N)c1-c1cccc(F)c1F,1
P3_12451,Cc1ncnc(N)c1-c1cccc(F)c1C,0
P3_12452,Cc1ncnc(N)c1-c1ccccc1N(C)C,1
P3_12453,Cc1ncnc(N)c1-c1ccc(F)cc1F,1
P3_12454,COC1C(OC)C(OC)C(OC)C(OC)C1OC,1
P3_12455,COC1CCC(C)(C(=O)OCC(=O)NC(C)C(C)C)CC1,0
P3_12456,COC(=O)C(C)(C)NC(=O)COC1CCC(C)CC1,0
P3_12457,COCC(C)(C)NC(=O)COC1CCC(C)CC1,0
P3_12458,COC(C)(CNC(=O)COC1CCC(C)CC1)OC,0
P3_12459,COC(=O)C(C)(C)CNC(=O)COC1CCC(C)CC1,0
P3_12460,COCCC(C)(C)NC(=O)COC1CCC(C)CC1,0
P3_12461,CCC(C)(NC(=O)COC1CCC(C)CC1)C(=O)OC,0
P3_12462,COC(=O)C(C)(NC(=O)COC1CCC(C)CC1)C(C)C,0
P3_12463,CCC(C)(COC)NC(=O)COC1CCC(C)CC1,0
P3_12464,CCC(CC)(CC(=O)OC)NC(=O)COC1CCC(C)CC1,0
P3_12465,COCCCC(C)(C)NC(=O)COC1CCC(C)CC1,0
P3_12466,CCC(C)(CC(=O)OC)NC(=O)COC1CCC(C)CC1,0
P3_12467,CCCC(C)(NC(=O)COC1CCC(C)CC1)C(=O)OC,0
P3_12468,COC(=O)COC(C)(C)CNC(=O)COC1CCC(C)CC1,0
P3_12469,CCOC(=O)C(C)(C)NC(=O)COC1CCC(C)CC1,0
P3_12470,CCOC(=O)C(CC)(CC)NC(=O)COC1CCC(C)CC1,0
P3_12471,CCOCc1ccc(Nc2cc(C)nc3nc(C)nn23)cc1,1
P3_12472,CSCCc1ccc(Nc2cc(C)nc3nc(C)nn23)cc1,1
P3_12473,CCOc1ccc(Nc2cc(C)nc3nc(C)nn23)cc1,1
P3_12474,CCc1ccc(Nc2cc(C)nc3ncnn23)cc1,1
P3_12475,CCCc1ccc(Nc2cc(C)nc3ncnn23)cc1,0
P3_12476,COc1ccc(Nc2cc(C)nc3nc(C)nn23)cc1SC,1
P3_12477,CCCCc1ccc(Nc2cc(C)nc3ncnn23)cc1,0
P3_12478,CCSCc1ccc(Nc2cc(C)nc3ncnn23)cc1,1
P3_12479,CCOCc1ccc(Nc2cc(C)nc3ncnn23)cc1,0
P3_12480,CCc1ccc(Nc2cc(CC)nc3ncnn23)cc1,0
P3_12481,CSCc1ccc(Nc2cc(C)nc3ncnn23)cc1,1
P3_12482,COCc1ccc(Nc2cc(C)nc3ncnn23)cc1,1
P3_12483,CSCCc1ccc(Nc2cc(C)nc3ncnn23)cc1,1
P3_12484,CCOc1ccc(Nc2cc(C)nc3ncnn23)cc1,1
P3_12485,CCc1ccc(Nc2cc(C)nc3ncnn23)cc1C,1
P3_12486,CCc1ccc(Nc2cc(C(C)C)nc3ncnn23)cc1,0
P3_12487,CC[C@@H](C)c1ccc(Nc2cc(C)nc3ncnn23)cc1,1
P3_12488,CCCOc1ccc(Nc2cc(C)nc3ncnn23)cc1,0
P3_12489,CCc1ccc(Nc2cc(C(F)F)nc3ncnn23)cc1,0
P3_12490,CC[C@H](C)c1ccc(Nc2cc(C)nc3ncnn23)cc1,1
P3_12491,CCc1ccc(Nc2cc(COC)nc3ncnn23)cc1,0
P3_12492,CCc1ccc(Nc2cc(C)nc3ncnn23)cc1F,1
P3_12493,CCc1nc2nc(C)cc(Nc3ccc(Br)cc3F)n2n1,0
P3_12494,COc1ccc(Nc2cc(C)nc3ncnn23)cc1,1
P3_12495,CC(=O)c1ccc(Nc2cc(C)nc3ncnn23)cc1,1
P3_12496,C/C=C/c1ccc(Nc2cc(C)nc3ncnn23)cc1,1
P3_12497,CCCc1ccc(Nc2cc(CC)nc3ncnn23)cc1,0
P3_12498,CCc1cc(Nc2ccc(C)cc2)n2ncnc2n1,0
P3_12499,CCOc1ccc(Nc2cc(C)nc3ncnn23)cc1F,1
P3_12500,CCc1cc(Nc2ccc(COC)cc2)n2ncnc2n1,0
P3_12501,CCOC(=O)Nc1ccc(Nc2cc(C)nc3nc(C)nn23)cc1,1
P3_12502,CCOc1ccc(Nc2cc(C)nc3nc(C)nn23)cc1OCC,1
P3_12503,CCCOc1ccc(Nc2cc(C)nc3nc(C)nn23)cc1OC,1
P3_12504,COCc1cc(Nc2cc(C)nc3nc(C)nn23)ccc1OC,1
P3_12505,CCCc1ccccc1Nc1cc(C)nc2nc(C)nn12,1
P3_12506,COCCOc1ccc(Nc2cc(C)nc3nc(C)nn23)cc1Cl,1
P3_12507,COCCSCc1cccc(Nc2cc(C)nc3nc(C)nn23)c1,1
P3_12508,COc1ccc(Nc2cc(C)nc3nc(C)nn23)c(OC)c1,1
P3_12509,CCN(CC)c1ccc(Nc2cc(C)nc3ncnn23)cc1,1
P3_12510,CCCCOc1ccc(Nc2cc(C)nc3ncnn23)cc1,1
P3_12511,COc1ccc(Nc2cc(C)nc3nc(C)nn23)c(OC)c1Cl,1
P3_12512,CCOc1ccc(Nc2ccnc3nc(C)nn23)cc1OCC,0
P3_12513,O=C(Nc1nc(-c2ccccn2)cs1)c1cccc(Br)c1O,1
P3_12514,O=C(Nc1nc(-c2ccccn2)cs1)c1cccc(Br)c1[O-],1
P3_12515,O=C(Nc1nc(-c2ccccn2)cs1)c1ccccc1O,1
P3_12516,O=C(Nc1nc(-c2ccccn2)cs1)c1cccc(O)c1Br,1
P3_12517,CC(=O)c1ccccc1C(=O)Nc1nc(-c2ccccn2)cs1,1
P3_12518,O=C(Nc1nc(-c2ccccn2)cs1)c1cc(Br)ccc1O,1
P3_12519,O=C(Nc1nc(-c2ccccn2)cs1)c1ccc(Br)cc1O,1
P3_12520,O=C(Nc1nc(-c2ccccn2)cs1)c1c(F)cccc1Br,1
P3_12521,O=C(Nc1nc(-c2ccccn2)cs1)c1ccccc1C(F)(F)F,1
P3_12522,O=C(Nc1nc(-c2ccccn2)cs1)c1ccc(Br)cc1[O-],1
P3_12523,O=C(Nc1nc(-c2ccccn2)cs1)c1cc(Br)ccc1[O-],1
P3_12524,O=C(Nc1nc(-c2ccccn2)cs1)c1ccccc1OC(F)F,1
P3_12525,O=C(Nc1nc(-c2ccccn2)cs1)c1cccc(F)c1O,1
P3_12526,O=C(Nc1nc(-c2ccccn2)cs1)c1cc(F)c(F)cc1F,1
P3_12527,Nc1c(F)cccc1C(=O)Nc1nc(-c2ccccn2)cs1,1
P3_12528,CCc1cccc(C(=O)Nc2nc(-c3ccccn3)cs2)c1O,1
P3_12529,O=C(Nc1nc(-c2ccccn2)cs1)c1ccc(Br)c(O)c1,1
P3_12530,O=C(Nc1nc(-c2ccccn2)cs1)c1ccc(F)c(F)c1F,1
P3_12531,O=C(Nc1nc(-c2ccccn2)cs1)c1ccc(Br)c([O-])c1,1
P3_12532,O=C(Nc1nc(-c2ccccn2)cs1)c1ccccc1OC(F)(F)F,1
P3_12533,O=C(Nc1nc(-c2ccccn2)cs1)c1cc(F)c(F)cc1Cl,1
P3_12534,O=C(Nc1nc(-c2ccccn2)cs1)c1cc(O)cc(Br)c1,1
P3_12535,Cc1ccc(C(=O)Nc2nc(-c3ccccn3)cs2)c(O)c1C,1
P3_12536,O=C(Nc1nc(-c2ccccn2)cs1)c1ccc(Cl)cc1O,1
P3_12537,NC(=O)c1ccc(C(=O)Nc2nc(-c3ccccn3)cs2)cc1,1
P3_12538,CC(=O)c1ccc(C(=O)Nc2nc(-c3ccccn3)cs2)cc1,1
P3_12539,O=C(Nc1nc(-c2ccccn2)cs1)c1c(F)cc(F)cc1F,1
P3_12540,O=C(Nc1nc(-c2ccccn2)cs1)c1c(F)ccc(F)c1F,1
P3_12541,O=C(Nc1nc(-c2ccc(Br)cn2)cs1)c1ccccc1O,1
P3_12542,O=C(Nc1nc(-c2ccccn2)cs1)c1ccc(C(F)F)cc1,1
P3_12543,O=C(Nc1nc(-c2ccccn2)cs1)c1ccc(F)c(F)c1,1
P3_12544,CN(C)c1ccc(C(=O)Nc2nc(-c3ccccn3)cs2)cc1,1
P3_12545,O=C(Nc1nc(-c2ccccn2)cs1)c1ccc(Cl)c(Cl)c1,1
P3_12546,O=C(Nc1nc(-c2ccccn2)cs1)c1cc(F)cc(Cl)c1[O-],1
P3_12547,O=C(Nc1nc(-c2ccccn2)cs1)c1c(O)cccc1Cl,1
P3_12548,O=C(Nc1nc(-c2ccccn2)cs1)c1cc(Cl)ccc1O,1
P3_12549,O=C(Nc1nc(-c2ccccn2)cs1)c1cc(F)cc(F)c1,1
P3_12550,O=C(Nc1nc(-c2ccccn2)cs1)c1cccc(O)c1,1
P3_12551,C=Cc1ccc(C(=O)Nc2nc(-c3ccccn3)cs2)cc1,1
P3_12552,C#Cc1ccc(C(=O)Nc2nc(-c3ccccn3)cs2)cc1,1
P3_12553,O=C(Nc1nc(-c2ccccn2)cs1)c1cccc(CO)c1,1
P3_12554,O=C(Nc1nc(-c2ccccn2)cs1)c1ccc(O)c(Cl)c1,1
P3_12555,O=C(Nc1nc(-c2ccccn2)cs1)c1c(F)cccc1Cl,1
P3_12556,O=C(Nc1nc(-c2ccccn2)cs1)c1ccc(O)c(F)c1,1
P3_12557,CCCc1ccc(C(=O)Nc2nc(-c3ccccn3)cs2)cc1,1
P3_12558,COc1cccc(C(=O)Nc2nc(-c3ccccn3)cs2)c1,1
P3_12559,O=C(Nc1nc(-c2ccccn2)cs1)c1cccc(C(F)F)c1,1
P3_12560,O=C(Nc1nc(-c2ccc(Br)cn2)cs1)c1ccccc1,1
P3_12561,COc1ccc2oc3c(OC)c(OC)c(OC)c(O)c3c(=O)c2c1,1
P3_12562,COc1cc2c(=O)c3c(OC)c(OC)c(OC)cc3oc2cc1O,1
P3_12563,CC(C)Oc1cc2c(=O)c3c(O)cccc3oc2cc1O,1
P3_12564,COc1cc(O)c2c(=O)c3c(O)c(OC)ccc3oc2c1,1
P3_12565,CO[C@@H](C)CCOc1cc2c(=O)c3c(O)cccc3oc2cc1O,1
P3_12566,CO[C@H](C)CCOc1cc2c(=O)c3c(O)cccc3oc2cc1O,1
P3_12567,CCOC[C@H](C)Oc1cc2c(=O)c3c(O)cccc3oc2cc1O,1
P3_12568,O=C(CO)NCCOc1ccc(Cl)cc1Cl,1
P3_12569,NCC(=O)NCCOc1ccc(Cl)cc1Cl,1
P3_12570,CCC(=O)NCCOc1ccc(Cl)cc1Cl,1
P3_12571,NCCC(=O)NCCOc1ccc(Cl)cc1Cl,1
P3_12572,CNCC(=O)NCCOc1ccc(Cl)cc1Cl,1
P3_12573,O=C(O)CCC(=O)NCCOc1ccc(Cl)cc1Cl,1
P3_12574,CCCC(=O)NCCOc1ccc(Cl)cc1Cl,1
P3_12575,O=C(CCBr)NCCOc1ccc(Cl)cc1Cl,1
P3_12576,O=C(CO)NCCCOc1ccc(Cl)cc1Cl,1
P3_12577,O=C([O-])NCCOc1ccc(Cl)cc1Cl,1
P3_12578,CC(=O)NCCOc1ccc(Cl)cc1Cl,1
P3_12579,CNC(=O)CCC(=O)NCCOc1ccc(Cl)cc1Cl,1
P3_12580,O=C(O)CCCCC(=O)NCCOc1ccc(Cl)cc1Cl,1
P3_12581,CNCCC(=O)NCCOc1ccc(Cl)cc1Cl,1
P3_12582,O=C(CC(F)(F)F)NCCOc1ccc(Cl)cc1Cl,1
P3_12583,NC(=O)CCC(=O)NCCOc1ccc(Cl)cc1Cl,1
P3_12584,CCNC(=O)CCC(=O)NCCOc1ccc(Cl)cc1Cl,1
P3_12585,O=C(O)CCCC(=O)NCCOc1ccc(Cl)cc1Cl,1
P3_12586,CC(=O)NCC(=O)NCCOc1ccc(Cl)cc1Cl,1
P3_12587,CSCC(=O)NCCOc1ccc(Cl)cc1Cl,1
P3_12588,CC(C)CC(=O)NCCOc1ccc(Cl)cc1Cl,1
P3_12589,CCCNC(=O)CCC(=O)NCCOc1ccc(Cl)cc1Cl,1
P3_12590,CN(C)CC(=O)NCCOc1ccc(Cl)cc1Cl,1
P3_12591,COCCC(=O)NCCOc1ccc(Cl)cc1Cl,1
P3_12592,[NH3+]CC(=O)NCCCOc1ccc(Cl)cc1Cl,1
P3_12593,CCC(=O)NCCCOc1ccc(Cl)cc1Cl,1
P3_12594,NCC(=O)NCCCOc1ccc(Cl)cc1Cl,1
P3_12595,COCCCCC(=O)NCCOc1ccc(Cl)cc1Cl,1
P3_12596,COC(=O)NCCOc1ccc(Cl)cc1Cl,0
P3_12597,O=C(CCC(F)(F)F)NCCOc1ccc(Cl)cc1Cl,1
P3_12598,NCCCC(=O)NCCOc1ccc(Cl)cc1Cl,1
P3_12599,CCC(=O)NCC(=O)NCCOc1ccc(Cl)cc1Cl,1
P3_12600,O=C(CCF)NCCCOc1ccc(Cl)cc1Cl,1
P3_12601,O=C(CCO)NCCCOc1ccc(Cl)cc1Cl,1
P3_12602,O=C(NCCO)NCCOc1ccc(Cl)cc1Cl,1
P3_12603,CCCNCC(=O)NCCOc1ccc(Cl)cc1Cl,1
P3_12604,O=C(CCCCCO)NCCOc1ccc(Cl)cc1Cl,1
P3_12605,COCCCNC(=O)CCOc1ccc(Cl)cc1Cl,1
P3_12606,COCCCNC(=O)CCCOc1ccc(Cl)cc1Cl,1
P3_12607,COCCCC(=O)NCCCOc1ccc(Cl)cc1Cl,1
P3_12608,CNC(=O)CCCC(=O)NCCOc1ccc(Cl)cc1Cl,1
P3_12609,CCCC(=O)NCCCOc1ccc(Cl)cc1Cl,1
P3_12610,[NH3+]CCC(=O)NCCCOc1ccc(Cl)cc1Cl,1
P3_12611,NCCC(=O)NCCCOc1ccc(Cl)cc1Cl,1
P3_12612,COCC(=O)NCCCOc1ccc(Cl)cc1Cl,1
P3_12613,CNCC(=O)NCCCOc1ccc(Cl)cc1Cl,1
P3_12614,COCCNC(=O)CCOc1ccc(Cl)cc1Cl,1
P3_12615,COCCNC(=O)NCCOc1ccc(Cl)cc1Cl,1
P3_12616,O=C(CCOc1ccc(Cl)cc1Cl)NCCO,1
P3_12617,CN(C)C(=O)NCCOc1ccc(Cl)cc1Cl,1
P3_12618,O=C(NCCF)NCCOc1ccc(Cl)cc1Cl,1
P3_12619,CCCC(=O)NCC(=O)NCCOc1ccc(Cl)cc1Cl,1
P3_12620,NCCOCCC(=O)NCCOc1ccc(Cl)cc1Cl,1
P3_12621,COCCCCC(=O)NCCCOc1ccc(Cl)cc1Cl,1
P3_12622,NC(=O)NCCCOc1ccc(Cl)cc1Cl,1
P3_12623,CC(=O)NCCCOc1ccc(Cl)cc1Cl,1
P3_12624,O=C([O-])NCCCOc1ccc(Cl)cc1Cl,1
P3_12625,O=C(CCCCO)NCCCOc1ccc(Cl)cc1Cl,1
P3_12626,CCCNC(=O)CCC(=O)NCCCOc1ccc(Cl)cc1Cl,1
P3_12627,COCCNC(=O)CCCOc1ccc(Cl)cc1Cl,1
P3_12628,O=C(CCCF)NCCCOc1ccc(Cl)cc1Cl,1
P3_12629,CC(=O)CCC(=O)NCCCOc1ccc(Cl)cc1Cl,1
P3_12630,CCCCC(=O)NCCCOc1ccc(Cl)cc1Cl,1
P3_12631,C[NH2+]CC(=O)NCCCOc1ccc(Cl)cc1Cl,1
P3_12632,C[NH+](C)CC(=O)NCCCOc1ccc(Cl)cc1Cl,1
P3_12633,CCNC(=O)CCC(=O)NCCCOc1ccc(Cl)cc1Cl,1
P3_12634,O=C([O-])CCC(=O)NCCCOc1ccc(Cl)cc1Cl,1
P3_12635,CN(C)CC(=O)NCCCOc1ccc(Cl)cc1Cl,1
P3_12636,N#CCC(=O)NCCCOc1ccc(Cl)cc1Cl,1
P3_12637,O=C(CC(F)(F)F)NCCCOc1ccc(Cl)cc1Cl,1
P3_12638,CC(=O)NCC(=O)NCCCOc1ccc(Cl)cc1Cl,1
P3_12639,O=C(CC(F)F)NCCOc1ccc(Cl)cc1Cl,1
P3_12640,C=C(Br)CC(=O)NCCOc1ccc(Cl)cc1Cl,1
P3_12641,O=C(CCCF)NCCOc1ccc(Cl)cc1Cl,1
P3_12642,O=C(COCCF)NCCOc1ccc(Cl)cc1Cl,1
P3_12643,CC=CCC(=O)NCCOc1ccc(Cl)cc1Cl,1
P3_12644,CCOCCC(=O)NCCOc1ccc(Cl)cc1Cl,1
P3_12645,O=C(CCCCF)NCCOc1ccc(Cl)cc1Cl,1
P3_12646,CC(C)(C)OC(=O)NCCOc1ccc(Cl)cc1Cl,1
P3_12647,O=C([O-])NCCOc1cc(Cl)ccc1Cl,1
P3_12648,COCCC(=O)NCCOc1ccc(Cl)cc1C,0
P3_12649,C=C(Br)CC(=O)NCCOc1ccc(Cl)cc1C,0
P3_12650,O=C(CO)NCCOc1ccccc1Cl,0
P3_12651,CCOCCC(=O)NCCOc1ccc(Cl)cc1C,0
P3_12652,CC=CCC(=O)NCCOc1ccc(Cl)cc1C,1
P3_12653,O=C(CCCCCl)NCCOc1ccccc1Cl,1
P3_12654,CCC(=O)NCCOc1cc(C)ccc1Cl,0
P3_12655,O=C(CO)NCCOc1c(Cl)cc(Cl)cc1Cl,0
P3_12656,O=C(CCF)NCCOc1ccccc1Cl,1
P3_12657,NCC(=O)NCCOc1c(Cl)cc(Cl)cc1Cl,0
P3_12658,O=C(O)CCC(=O)NCCOc1ccccc1Cl,0
P3_12659,CC(C)(C)OC(=O)NCCOc1cc(Cl)ccc1Cl,1
P3_12660,CC(C)=CCC(=O)NCCOc1cc(C)ccc1Cl,0
P3_12661,O=C(CC(F)F)NCCOc1ccccc1Cl,1
P3_12662,O=C(CO)NCCOc1ccc(Cl)cc1,0
P3_12663,CC(C)(C)OC(=O)NCCOc1ccc(F)cc1Cl,1
P3_12664,CC(C)(C)OC(=O)NCCOc1ccc(Cl)cc1Br,1
P3_12665,CC(C)(C)OC(=O)NCCOc1ccc(Br)cc1Cl,1
P3_12666,CC(C)(C)NC(=O)NCCOc1ccc(Cl)cc1Br,0
P3_12667,O=C(CCCCO)NCCOc1ccccc1Cl,0
P3_12668,O=C(CCCF)NCCOc1ccccc1Cl,1
P3_12669,NCCC(=O)NCCOc1c(Cl)cc(Cl)cc1Cl,0
P3_12670,O=C(CO)NCCOc1cccc(Cl)c1Cl,0
P3_12671,O=C(CCCCCl)NCCOc1ccc(Cl)cc1,0
P3_12672,O=C(CO)NCCOc1cccc(Cl)c1,1
P3_12673,CC(C)(C)OC(=O)NCCOc1ccc(CO)cc1Cl,1
P3_12674,CC(C)(C)CCC(=O)NCCOc1ccccc1Cl,0
P3_12675,O=C(CCCCCO)NCCOc1ccccc1Cl,1
P3_12676,O=C(CCCCCl)NCCOc1cccc(Cl)c1,0
P3_12677,CNCCC(=O)NCCOc1c(Cl)cc(Cl)cc1Cl,0
P3_12678,COCCC(=O)NCCOc1c(Cl)cc(Cl)cc1Cl,0
P3_12679,C=CCC(=O)NCCOc1c(Cl)cc(Cl)cc1Cl,0
P3_12680,O=C(CO)NCCOc1ccc(F)c(Cl)c1,1
P3_12681,O=C(CCO)NCCOc1ccc(Cl)cc1,0
P3_12682,CCCCC(=O)NCCOc1ccc(OC)c(Cl)c1,1
P3_12683,NCCCCCCC(=O)NCCOc1ccccc1Cl,1
P3_12684,O=C(CCCCCF)NCCOc1ccccc1Cl,1
P3_12685,COC(=O)CCCC(=O)NCCOc1ccccc1Cl,0
P3_12686,O=C(CCO)NCCOc1cccc(Cl)c1,1
P3_12687,CC(C)=CCC(=O)NCCOc1ccc(Cl)cc1,0
P3_12688,O=C(CCCF)NCCOc1c(Cl)cc(Cl)cc1Cl,1
P3_12689,O=C(CCO)NCCOc1cccc(Cl)c1Cl,1
P3_12690,O=C(CCF)NCCOc1cccc(Cl)c1Cl,1
P3_12691,O=C(CCF)NCCOc1cccc(Cl)c1,1
P3_12692,O=C(CO)NCCOc1ccc(Cl)c(Cl)c1,1
P3_12693,O=C(CCBr)NCCOc1ccc(Cl)cc1,0
P3_12694,O=C(CO)NCCOc1cc(Cl)cc(Cl)c1,1
P3_12695,O=C(CCCCCl)NCCOc1ccc(F)c(Cl)c1,1
P3_12696,CC(C)=CCC(=O)NCCOc1cccc(Cl)c1Cl,0
P3_12697,O=C(CCBr)NCCOc1cccc(Cl)c1Cl,0
P3_12698,CC(C)=C(C)C(=O)NCCOc1cc(C)ccc1Cl,1
P3_12699,COCCC(=O)NCCOc1ccc(Cl)cc1,0
P3_12700,CCC(=O)NCCOc1ccc(Cl)c(Cl)c1,0
P3_12701,O=C(CO)NCCOc1ccc(F)cc1F,0
P3_12702,O=C(CC(F)F)NCCOc1ccc(Cl)cc1,0
P3_12703,CC=CCCC(=O)NCCOc1ccc(OC)c(Cl)c1,1
P3_12704,COCCCCC(=O)NCCOc1cccc(Cl)c1,0
P3_12705,CC(C)(C)CCCCC(=O)NCCOc1ccccc1Cl,0
P3_12706,CNCCC(=O)NCCOc1cccc(Cl)c1Cl,0
P3_12707,COCCC(=O)NCCOc1cccc(Cl)c1Cl,0
P3_12708,CN(C)CC(=O)NCCOc1cccc(Cl)c1Cl,0
P3_12709,C[NH+](C)CC(=O)NCCOc1cccc(Cl)c1Cl,1
P3_12710,CC(C)CC(=O)NCCOc1cccc(Cl)c1Cl,1
P3_12711,O=C(CC(F)F)NCCOc1cccc(Cl)c1Cl,0
P3_12712,CC(C)(C)CC(=O)NCCOc1cccc(Cl)c1Cl,0
P3_12713,CC(O)CC(=O)NCCOc1ccc(Cl)cc1Cl,1
P3_12714,C[C@H](O)CC(=O)NCCOc1ccc(Cl)cc1Cl,1
P3_12715,CCOCC(=O)NCCOc1ccc(Cl)cc1Cl,1
P3_12716,N#CCCC(=O)NCCOc1ccc(Cl)cc1Cl,1
P3_12717,O=C(CCC(F)F)NCCOc1ccc(Cl)cc1Cl,1
P3_12718,C[C@H](N)CC(=O)NCCOc1ccc(Cl)cc1Cl,1
P3_12719,C[C@@H](N)CC(=O)NCCOc1ccc(Cl)cc1Cl,1
P3_12720,C[C@H](F)CC(=O)NCCOc1ccc(Cl)cc1Cl,1
P3_12721,CC(F)CC(=O)NCCOc1ccc(Cl)cc1Cl,1
P3_12722,CC(C)C(=O)NCCOc1ccc(Cl)cc1Cl,1
P3_12723,O=C(NCCOc1ccc(Cl)cc1Cl)C(F)F,1
P3_12724,CC(CF)CC(=O)NCCOc1ccc(Cl)cc1Cl,1
P3_12725,C[C@@H](O)C(=O)NCCOc1ccc(Cl)cc1Cl,1
P3_12726,CC(O)C(=O)NCCOc1ccc(Cl)cc1Cl,1
P3_12727,CC[C@@H](N)CC(=O)NCCOc1ccc(Cl)cc1Cl,1
P3_12728,C[C@H](CN)CC(=O)NCCOc1ccc(Cl)cc1Cl,1
P3_12729,CC[C@H](N)CC(=O)NCCOc1ccc(Cl)cc1Cl,1
P3_12730,C[C@@H](CN)CC(=O)NCCOc1ccc(Cl)cc1Cl,1
P3_12731,CC(CN)CC(=O)NCCOc1ccc(Cl)cc1Cl,1
P3_12732,C[C@H](N)C(=O)NCCOc1ccc(Cl)cc1Cl,1
P3_12733,C[C@@H](N)C(=O)NCCOc1ccc(Cl)cc1Cl,1
P3_12734,CC(N)C(=O)NCCOc1ccc(Cl)cc1Cl,1
P3_12735,CNC(=O)NCCCOc1ccc(Cl)cc1Cl,1
P3_12736,CN[C@@H](C)C(=O)NCCOc1ccc(Cl)cc1Cl,1
P3_12737,CC(C(=O)NCCOc1ccc(Cl)cc1Cl)=C(F)F,1
P3_12738,CN[C@H](C)C(=O)NCCOc1ccc(Cl)cc1Cl,1
P3_12739,CNC(C)C(=O)NCCOc1ccc(Cl)cc1Cl,1
P3_12740,CCC(C)C(=O)NCCOc1ccc(Cl)cc1Cl,1
P3_12741,CC[C@H](C)C(=O)NCCOc1ccc(Cl)cc1Cl,1
P3_12742,CC(C)=C(F)C(=O)NCCOc1ccc(Cl)cc1Cl,1
P3_12743,NCC(F)C(=O)NCCOc1ccc(Cl)cc1Cl,1
P3_12744,N[C@@H](CF)C(=O)NCCOc1ccc(Cl)cc1Cl,1
P3_12745,CC(CF)C(=O)NCCOc1ccc(Cl)cc1Cl,1
P3_12746,CCC(F)C(=O)NCCOc1ccc(Cl)cc1Cl,1
P3_12747,CC(C#N)C(=O)NCCOc1ccc(Cl)cc1Cl,1
P3_12748,CNC(=O)CCCOc1ccc(Cl)cc1Cl,1
P3_12749,CC(C)(NCCOc1ccc(Cl)cc1Cl)C(=O)O,1
P3_12750,CCCC(=O)NCCOc1ccc(Cl)cc1C,0
P3_12751,COC(=O)CCCOc1ccc(Cl)cc1Cl,1
P3_12752,CC(=O)NCC[NH2+]CCOc1ccc(Cl)cc1Cl,1
P3_12753,CNCCC(=O)NCCOc1ccc(Cl)cc1C,0
P3_12754,CSCC(=O)NCCOc1ccc(Cl)cc1C,0
P3_12755,O=C([O-])CCCOc1ccc(Cl)cc1Cl,1
P3_12756,CC(=O)OCCOc1ccc(Cl)cc1Cl,1
P3_12757,NC(=O)OCCOc1ccc(Cl)cc1Cl,1
P3_12758,CCCCC(=O)NCCOc1ccc(Cl)cc1C,0
P3_12759,CCOCC(=O)NCCOc1ccc(Cl)cc1C,0
P3_12760,CCC(C)(NCCOc1ccc(Cl)cc1Cl)C(=O)O,1
P3_12761,O=C(CO)OCCOc1ccc(Cl)cc1Cl,1
P3_12762,CP(C)(=O)CNCCOc1ccc(Cl)cc1Cl,1
P3_12763,CC(=O)NCCOc1ccc(F)cc1Cl,1
P3_12764,O=C([O-])NCCOc1ccc(F)cc1Cl,1
P3_12765,CC(C)C(=O)OCCOc1ccc(Cl)cc1Cl,1
P3_12766,CCOC(=O)OCCOc1ccc(Cl)cc1Cl,1
P3_12767,CCC(=O)OCCOc1ccc(Cl)cc1Cl,1
P3_12768,NC(=O)NC(=O)OCCOc1ccc(Cl)cc1Cl,1
P3_12769,OCCCCCCOc1ccc(Cl)cc1Cl,1
P3_12770,CN(C)C(=O)OCCOc1ccc(Cl)cc1Cl,1
P3_12771,COCC(=O)NCCOc1ccc(Cl)cc1Cl,1
P3_12772,COCCC(=O)NCCCOc1ccc(Cl)cc1Cl,1
P3_12773,O=C(COCCCF)NCCOc1ccc(Cl)cc1Cl,1
P3_12774,O=C(CCCOc1ccc(Cl)cc1Cl)NCCO,1
P3_12775,O=C(CCOc1ccc(Cl)cc1Cl)NCCF,1
P3_12776,CCCCCC(=O)NCCCOc1ccc(Cl)cc1Cl,1
P3_12777,CCNC(=O)CCCC(=O)NCCCOc1ccc(Cl)cc1Cl,1
P3_12778,COC(=O)NCC(=O)NCCCOc1ccc(Cl)cc1Cl,1
P3_12779,CCOCC(=O)NCCCOc1ccc(Cl)cc1Cl,1
P3_12780,COC(=O)NCCCOc1ccc(Cl)cc1Cl,1
P3_12781,O=C(CCCOc1ccc(Cl)cc1Cl)NCCCO,1
P3_12782,O=C(NCCOc1ccc(Cl)cc1Cl)OCCF,1
P3_12783,O=C(CCCOc1ccc(Cl)cc1Cl)NCCS,1
P3_12784,O=C(CCOc1ccc(Cl)cc1Cl)NCCCO,1
P3_12785,CC(=O)NCCNC(=O)CCOc1ccc(Cl)cc1Cl,1
P3_12786,CCCNC(=O)CCCOc1ccc(Cl)cc1Cl,1
P3_12787,COCCCCNC(=O)CCOc1ccc(Cl)cc1Cl,1
P3_12788,COC(=O)NCCC(=O)NCCCOc1ccc(Cl)cc1Cl,1
P3_12789,O=C(CCCOc1ccc(Cl)cc1Cl)NCCOCCO,1
P3_12790,O=C(CCOc1ccc(Cl)cc1Cl)NCCOCCF,1
P3_12791,CSCCC(=O)NCCCOc1ccc(Cl)cc1Cl,0
P3_12792,CCOCCNC(=O)CCCOc1ccc(Cl)cc1Cl,1
P3_12793,COCCCCNC(=O)CCCOc1ccc(Cl)cc1Cl,1
P3_12794,CCCOCC(=O)NCCCOc1ccc(Cl)cc1Cl,1
P3_12795,O=C(CCC(F)F)NCCCOc1ccc(Cl)cc1Cl,1
P3_12796,O=C(CCCOc1ccc(Cl)cc1Cl)NCCCF,1
P3_12797,COC(=O)NCCNC(=O)CCOc1ccc(Cl)cc1Cl,1
P3_12798,O=C(CCCOc1ccc(Cl)cc1Cl)NCCCCO,1
P3_12799,O=C([O-])CCNC(=O)CCCOc1ccc(Cl)cc1Cl,1
P3_12800,O=C(CCOc1ccc(Cl)cc1Cl)NCCCF,1
P3_12801,O=C(CCOc1ccc(Cl)cc1Cl)NCCCCO,1
P3_12802,CCCCNC(=O)CCCOc1ccc(Cl)cc1Cl,1
P3_12803,CC(=O)NCCNC(=O)CCCOc1ccc(Cl)cc1Cl,1
P3_12804,CSCCCC(=O)NCCCOc1ccc(Cl)cc1Cl,1
P3_12805,CCCCOCC(=O)NCCCOc1ccc(Cl)cc1Cl,1
P3_12806,O=C(CCCOc1ccc(Cl)cc1Cl)NCCOCCF,1
P3_12807,CC(=O)N(C)CC(=O)NCCCOc1ccc(Cl)cc1Cl,1
P3_12808,CCNC(=O)NCCCOc1ccc(Cl)cc1Cl,1
P3_12809,O=C(NCCF)NCCCOc1ccc(Cl)cc1Cl,1
P3_12810,O=C(CCOc1ccc(Cl)cc1Cl)NCCCCCO,1
P3_12811,COC(=O)NCCNC(=O)CCCOc1ccc(Cl)cc1Cl,1
P3_12812,O=C(CCOc1ccc(Cl)cc1Cl)NCCCCF,1
P3_12813,O=C(CCCOc1ccc(Cl)cc1Cl)NCCCCF,1
P3_12814,CC(=O)NCCCNC(=O)CCCOc1ccc(Cl)cc1Cl,1
P3_12815,O=C([O-])CCCNC(=O)CCCOc1ccc(Cl)cc1Cl,1
P3_12816,CC(=O)NCCCNC(=O)CCOc1ccc(Cl)cc1Cl,1
P3_12817,CCNC(=O)CCOc1ccc(Cl)cc1Cl,1
P3_12818,O=C(COc1ccc(Cl)cc1Cl)NCCF,0
P3_12819,COC(=O)[C@H](C)CC(=O)NCCCOc1ccc(Cl)cc1Cl,1
P3_12820,CCOC(=O)NCC(=O)NCCCOc1ccc(Cl)cc1Cl,1
P3_12821,CCCSCC(=O)NCCCOc1ccc(Cl)cc1Cl,1
P3_12822,COC(=O)[C@@H](C)CC(=O)NCCCOc1ccc(Cl)cc1Cl,1
P3_12823,COC(=O)CCCNC(=O)CCOc1ccc(Cl)cc1Cl,1
P3_12824,O=C(CCCOc1ccc(Cl)cc1Cl)NCCC(F)(F)F,1
P3_12825,COC(=O)CCCNC(=O)CCCOc1ccc(Cl)cc1Cl,1
P3_12826,O=C(CCOc1ccc(Cl)cc1Cl)NCC(=O)NCCF,0
P3_12827,CCNC(=O)CCCOc1ccc(Cl)cc1Cl,1
P3_12828,CC(=O)NCCNC(=O)COc1ccc(Cl)cc1Cl,1
P3_12829,O=C(COc1ccc(Cl)cc1Cl)NCCCO,0
P3_12830,CC(C)=CCC/C(C)=C\C[NH2+]CCc1c[nH]c2ccccc12,1
P3_12831,C/C=C(\C)C(=O)N[C@@H](CO)Cc1c[nH]c2ccccc12,1
P3_12832,C/C=C(\C)C(=O)N[C@H](CO)Cc1c[nH]c2ccccc12,1
P3_12833,C/C=C(\C)C(=O)N(CC)Cc1c[nH]c2ccccc12,1
P3_12834,C/C=C(/C)C(=O)N(CC)Cc1c[nH]c2ccccc12,1
P3_12835,C/C=C(\C)C(=O)N[C@@H](Cc1c[nH]c2ccccc12)C(=O)[O-],1
P3_12836,C/C=C(/C)C(=O)N[C@H](Cc1c[nH]c2ccccc12)C(=O)[O-],1
P3_12837,C/C=C(\C)C(=O)N[C@H](Cc1c[nH]c2ccccc12)C(=O)[O-],1
P3_12838,C/C=C(/C)C(=O)N[C@@H](Cc1c[nH]c2ccccc12)C(=O)NC,1
P3_12839,CC/C=C(/C)C(=O)N(CC)Cc1c[nH]c2ccccc12,1
P3_12840,CC/C=C(\C)C(=O)N(CC)Cc1c[nH]c2ccccc12,1
P3_12841,CCC=C(C)C(=O)N(CC)Cc1c[nH]c2ccccc12,1
P3_12842,CC/C=C(\C)C(=O)N[C@@H](CO)Cc1c[nH]c2ccccc12,1
P3_12843,CC/C=C(\C)C(=O)N[C@H](CO)Cc1c[nH]c2ccccc12,1
P3_12844,CC/C=C(\C)C(=O)N[C@@H](Cc1c[nH]c2ccccc12)C(=O)[O-],1
P3_12845,CC/C=C(\C)C(=O)N[C@H](Cc1c[nH]c2ccccc12)C(=O)[O-],1
P3_12846,CCC/C=C\[C@@H](O)C(=O)N(CC)Cc1c[nH]c2ccccc12,1
P3_12847,CCC/C=C/[C@@H](O)C(=O)N(CC)Cc1c[nH]c2ccccc12,1
P3_12848,CCC/C=C/[C@H](O)C(=O)N(CC)Cc1c[nH]c2ccccc12,1
P3_12849,CCC/C=C\[C@H](O)C(=O)N(CC)Cc1c[nH]c2ccccc12,1
P3_12850,C/C=C(/C)C(=O)N[C@@H](C)CN(C)C(=O)CCc1c[nH]c2ccccc12,1
P3_12851,C/C=C(\C)C(=O)N[C@@H](C)CN(C)C(=O)CCc1c[nH]c2ccccc12,1
P3_12852,C/C=C(\C)C(=O)N[C@H](C)CN(C)C(=O)CCc1c[nH]c2ccccc12,1
P3_12853,C/C=C(/C)C(=O)N[C@H](C)CN(C)C(=O)CCc1c[nH]c2ccccc12,1
P3_12854,C/C=C(/C)C(=O)NCC[C@H](C)NC(=O)CCc1c[nH]c2ccccc12,1
P3_12855,C/C=C(\C)C(=O)NCC[C@H](C)NC(=O)CCc1c[nH]c2ccccc12,1
P3_12856,C/C=C\[C@@H](O)C(=O)N(CC)Cc1c[nH]c2ccccc12,1
P3_12857,C/C=C\[C@H](O)C(=O)N(CC)Cc1c[nH]c2ccccc12,1
P3_12858,CC(=O)N[C@H](Cc1c[nH]c2ccccc12)C(=O)NC/C=C\Cl,1
P3_12859,CC(=O)N[C@@H](Cc1c[nH]c2ccccc12)C(=O)NC/C=C\Cl,1
P3_12860,CC(=O)N[C@@H](Cc1c[nH]c2ccccc12)C(=O)NC/C=C/Cl,1
P3_12861,CC(=O)N[C@H](Cc1c[nH]c2ccccc12)C(=O)NC/C=C/Cl,1
P3_12862,CC(C)=C(C)C(=O)NC(CO)Cc1c[nH]c2ccccc12,1
P3_12863,CC(C)=C(C)C(=O)N[C@@H](CO)Cc1c[nH]c2ccccc12,1
P3_12864,CC(C)=C(C)C(=O)N[C@H](CO)Cc1c[nH]c2ccccc12,1
P3_12865,C=CC(C)=CCC(=O)N(CC)Cc1c[nH]c2ccccc12,1
P3_12866,CC1CC(C)CC(OC(=O)CCC(=O)N(C)C)C1,0
P3_12867,CC1CC(C)CC(OC(=O)CSC(C)C)C1,0
P3_12868,CC1CC(C)CC(OC(=O)CCC(=O)N(C)C(C)C)C1,0
P3_12869,CCOc1ccc(-c2nonc2NC(=O)c2cccc(C)c2)cc1C,1
P3_12870,CCOc1ccc(-c2nonc2NC(=O)c2cccc(C)c2)cc1,1
P3_12871,CCOc1ccc(-c2nonc2NC(=O)c2ccccc2)cc1C,1
P3_12872,Cc1ccc(-c2nonc2NC(=O)c2cccc(C)c2)cc1,1
P3_12873,CCCOc1ccc(-c2nonc2NC(=O)c2cccc(C)c2)cc1,1
P3_12874,CCOc1cccc(C(=O)Nc2nonc2-c2ccc(C)cc2)c1,1
P3_12875,Cc1cccc(C(=O)Nc2nonc2-c2ccccc2)c1,1
P3_12876,COc1ccc(-c2nonc2NC(=O)c2cccc(C)c2)cc1,1
P3_12877,Cc1cccc(C(=O)Nc2nonc2-c2ccc(Cl)cc2)c1,1
P3_12878,CCOc1cccc(C(=O)Nc2nonc2-c2ccc(C)c(C)c2)c1,1
P3_12879,CCOc1ccc(-c2nonc2NC(=O)c2cccc(OCC)c2)cc1,1
P3_12880,Cc1cccc(C(=O)Nc2nonc2-c2ccc(OC(C)C)cc2)c1,1
P3_12881,CCOc1ccc(-c2nonc2NC(=O)c2ccc(F)cc2)cc1C,1
P3_12882,CCCOc1cccc(C(=O)Nc2nonc2-c2ccc(C)cc2)c1,1
P3_12883,CCOc1cccc(C(=O)Nc2nonc2-c2ccccc2)c1,1
P3_12884,CCOc1cccc(C(=O)Nc2nonc2-c2ccc(Cl)cc2)c1,1
P3_12885,CCOc1ccc(-c2nonc2NC(=O)c2cccc(OC)c2)cc1,1
P3_12886,CCOc1ccc(-c2nonc2NC(=O)c2cccc(Cl)c2)cc1,1
P3_12887,CCCOc1cccc(C(=O)Nc2nonc2-c2ccc(C)c(C)c2)c1,1
P3_12888,CCOc1cccc(C(=O)Nc2nonc2-c2ccc(C(C)C)cc2)c1,1
P3_12889,COc1cccc(C(=O)Nc2nonc2-c2ccc(C)cc2)c1,1
P3_12890,Cc1ccc(-c2nonc2NC(=O)c2cccc(Cl)c2)cc1,1
P3_12891,CCOc1ccc(-c2nonc2NC(=O)c2ccc(C)cc2)cc1,1
P3_12892,CCCOc1cccc(C(=O)Nc2nonc2-c2ccccc2)c1,1
P3_12893,CCCOc1cccc(C(=O)Nc2nonc2-c2ccc(F)cc2)c1,1
P3_12894,Cc1cccc(C(=O)Nc2nonc2-c2ccc(C)c(C)c2)c1,1
P3_12895,CCOc1ccc(-c2nonc2NC(=O)c2ccccc2OC)cc1OCC,1
P3_12896,CCOc1ccc(-c2nonc2NC(=O)c2ccccc2F)cc1OCC,1
P3_12897,Cc1cccc(C(=O)Nc2nonc2-c2ccc(C(C)C)cc2)c1,1
P3_12898,CCOc1cccc(C(=O)Nc2nonc2-c2ccc(OC)cc2)c1,1
P3_12899,CCOc1ccc(-c2nonc2NC(=O)c2ccccc2C)cc1C,1
P3_12900,CCOc1ccc(-c2nonc2NC(=O)c2ccccc2)cc1,1
P3_12901,CCOc1ccc(-c2nonc2NC(=O)c2ccccc2OC)cc1C,1
P3_12902,CCOc1ccc(-c2nonc2NC(=O)c2ccccc2F)cc1C,1
P3_12903,CCOc1ccc(C(=O)Nc2nonc2-c2ccc(OCC)cc2)cc1,1
P3_12904,CCOc1ccc(C(=O)Nc2nonc2-c2ccc(C)cc2)cc1C,1
P3_12905,Cc1cccc(C(=O)Nc2nonc2-c2ccc(Br)cc2)c1,1
P3_12906,CCOc1cccc(C(=O)Nc2nonc2-c2ccc(F)cc2)c1,1
P3_12907,CCOc1cccc(C(=O)Nc2nonc2-c2ccc(Br)cc2)c1,1
P3_12908,CCOC(=O)c1cnc2ccc(OCC)cc2c1NCc1ccccc1,1
P3_12909,CCOC(=O)c1cnc2ccc(OC)cc2c1NCc1cccc(CO)c1,1
P3_12910,CCOC(=O)c1cnc2ccc(C)cc2c1NCc1ccccc1,1
P3_12911,CCOC(=O)c1cnc2ccc(C(=O)OC)cc2c1NCc1ccccc1,1
P3_12912,CCOC(=O)c1cnc2ccc(OC)cc2c1NCc1ccccc1CO,1
P3_12913,CCOC(=O)c1cnc2ccc(F)cc2c1NCc1ccccc1,1
P3_12914,CCOC(=O)c1cnc2ccc(Cl)cc2c1NCc1ccccc1,1
P3_12915,CCOC(=O)c1cnc2ccc(Br)cc2c1NCc1ccccc1,1
P3_12916,CCOC(=O)c1cnc2ccccc2c1NCc1ccccc1,1
P3_12917,CCOC(=O)c1cnc2ccccc2c1NCc1ccc(COC)cc1,1
P3_12918,CCOC(=O)c1cnc2ccccc2c1NCc1cccc(COC)c1,1
P3_12919,CCOC(=O)c1cnc2ccccc2c1NCc1ccc(OCCO)cc1,1
P3_12920,CCOC(=O)c1cnc2ccccc2c1NCc1cccc(CO)c1,1
P3_12921,CCOC(=O)c1cnc2c(OC)cccc2c1NCc1ccccc1,1
P3_12922,CCOC(=O)c1cnc2ccccc2c1NCc1ccc(OC)c(O)c1,1
P3_12923,CCOC(=O)c1cnc2c(Cl)cccc2c1NCc1ccccc1,1
P3_12924,CCOC(=O)c1cnc2c(C)cc(C)cc2c1NCc1ccccc1,1
P3_12925,CCOC(=O)c1cnc2ccc(C)cc2c1NCc1ccc(C(N)=O)cc1,1
P3_12926,CCOC(=O)c1cnc2c(C)cccc2c1NCc1ccccc1,1
P3_12927,CCOC(=O)c1cnc2ccc(C)cc2c1NCc1cccc(C(N)=O)c1,1
P3_12928,CCOC(=O)c1cnc2ccccc2c1NCc1ccc(C(N)=O)cc1,1
P3_12929,CCOC(=O)c1cnc2ccc(C)cc2c1NCc1ccc(S(C)(=O)=O)cc1,1
P3_12930,CCOC(=O)c1cnc2ccc(C)cc2c1NCc1ccc(C(=O)NC)cc1,1
P3_12931,CCOC(=O)c1cnc2ccccc2c1NCc1cccc(C(N)=O)c1,1
P3_12932,CCOC(=O)c1cnc2c(C)c(C)ccc2c1NCc1ccccc1,1
P3_12933,CCOC(=O)c1cnc2ccc(C)cc2c1NCc1cccc(C(=O)NC)c1,1
P3_12934,CCOC(=O)c1cnc2ccccc2c1NCc1ccc([S@@](C)=O)cc1,1
P3_12935,CCOC(=O)c1cnc2ccccc2c1NCc1ccc(S(C)(=O)=O)cc1,1
P3_12936,CCOC(=O)c1cnc2c(C)cc(Cl)cc2c1NCc1ccccc1,1
P3_12937,CCOC(=O)c1cnc2ccccc2c1NCc1ccc(NC(C)=O)cc1,1
P3_12938,CCOC(=O)c1cnc2ccccc2c1NCc1ccc(CS(C)(=O)=O)cc1,1
P3_12939,CCOC(=O)c1cnc2ccccc2c1NCc1ccc(C(=O)NC)cc1,1
P3_12940,CCOC(=O)c1cnc2ccccc2c1NCc1ccc([S@](C)=O)cc1,1
P3_12941,CCOC(=O)c1cnc2ccccc2c1NCc1cccc(C(=O)NC)c1,1
P3_12942,CCNC(=O)c1ccc(CNc2c(C(=O)OCC)cnc3ccccc23)cc1,1
P3_12943,CCOC(=O)c1cnc2c(C)c(Cl)ccc2c1NCc1ccccc1,1
P3_12944,CCOC(=O)c1cnc2ccccc2c1NCc1cccc(OC)c1OC,1
P3_12945,CCOC(=O)c1cnc2c(OC)cccc2c1NCc1ccc(F)cc1,0
P3_12946,CCOC(=O)c1cnc2c(OC)cccc2c1NCc1cccc(NC(C)=O)c1,1
P3_12947,CCOC(=O)c1cnc2c(OC)cccc2c1NCc1ccccc1OC,1
P3_12948,CCOC(=O)c1cnc2c(OC)cccc2c1NCc1ccc(NC(C)=O)cc1,0
P3_12949,COC(=O)c1cccc2c(NCc3ccccc3)cc(C)nc12,1
P3_12950,COC(=O)c1cc(NCc2ccccc2)c2cc(Br)ccc2n1,1
P3_12951,CNC(=O)c1cccc(CNc2ccnc3cc(OC)ccc23)c1,1
P3_12952,COC(=O)c1ccc2nccc(NCc3cc(OC)ccc3OC)c2c1,1
P3_12953,CCNC(=O)c1cccc(CNc2cc(OC)nc3ccccc23)c1,1
P3_12954,COC(=O)c1ccc2nccc(NCc3ccc(OC)c(OC)c3)c2c1,1
P3_12955,COC(=O)c1ccc(CNc2ccnc3cc(OC)ccc23)c(OC)c1,1
P3_12956,COC(=O)c1cc(CNc2ccnc3c(OC)cccc23)ccc1OC,1
P3_12957,CC(C)CNC(=O)C(C)OC(=O)/C=C/c1ccc2c(c1)OCO2,0
P3_12958,CN(CCCNc1ccnc2cc(Cl)ccc12)S(C)(=O)=O,1
P3_12959,CCS(=O)(=O)CCCNc1ccnc2cc(Cl)ccc12,1
P3_12960,[NH3+]CCCCCCNc1ccnc2cc(Cl)ccc12,1
P3_12961,CN(C)C(=O)CCCNc1ccnc2cc(Cl)ccc12,1
P3_12962,CS(=O)(=O)CCCCNc1ccnc2cc(Cl)ccc12,1
P3_12963,CS(=O)(=O)CCCCCNc1ccnc2cc(Cl)ccc12,1
P3_12964,NS(=O)(=O)CCCCNc1ccnc2cc(Cl)ccc12,1
P3_12965,CCS(=O)(=O)N(C)CCCNc1ccnc2ccc(Cl)cc12,1
P3_12966,CCN(CC)C(=O)CCCNc1ccnc2ccc(Cl)cc12,1
P3_12967,COCCN(C)CCCNc1ccnc2ccc(Cl)cc12,1
P3_12968,CC[NH+](CC)CCCNc1ccnc2ccc(Cl)cc12,1
P3_12969,C[NH2+]CCCNc1ccnc2ccc(Cl)cc12,1
P3_12970,CCS(=O)(=O)CCCNc1ccnc2ccc(Cl)cc12,1
P3_12971,CN(C)CCCNc1ccnc2cc(F)c(Cl)cc12,1
P3_12972,CCN(CC)CCCNc1ccnc2c(OC)cccc12,0
P3_12973,[NH3+]CCCCNc1ccnc2ccc(Cl)cc12,1
P3_12974,CC[C@H](O)CCCNc1ccnc2ccc(Cl)cc12,1
P3_12975,CC[C@@H](O)CCCNc1ccnc2ccc(Cl)cc12,1
P3_12976,C[S@@](=O)CCCNc1ccnc2ccc(Cl)cc12,1
P3_12977,C[S@](=O)CCCNc1ccnc2ccc(Cl)cc12,1
P3_12978,CS(=O)(=O)CCCNc1ccnc2ccc(Cl)cc12,1
P3_12979,OCCCCNc1ccnc2cc(Cl)ccc12,1
P3_12980,OCCCCCCNc1ccnc2cc(Cl)ccc12,1
P3_12981,OCCCCCNc1ccnc2cc(Cl)ccc12,1
P3_12982,[NH3+]CCCNc1ccnc2cc(Cl)ccc12,1
P3_12983,CSCCCNc1ccnc2cc(Cl)ccc12,1
P3_12984,CCNc1ccnc2cc(Cl)ccc12,1
P3_12985,CC(C)[NH2+]CCCNc1ccnc2cc(Cl)ccc12,1
P3_12986,CC[C@H](O)CCCNc1ccnc2cc(Cl)ccc12,1
P3_12987,CC[C@@H](O)CCCNc1ccnc2cc(Cl)ccc12,1
P3_12988,C[C@H](O)CCCNc1ccnc2cc(Cl)ccc12,1
P3_12989,C[C@@H](O)CCCNc1ccnc2cc(Cl)ccc12,1
P3_12990,C#CCCCNc1ccnc2cc(Cl)ccc12,1
P3_12991,CCCCNc1ccnc2ccc(Cl)cc12,1
P3_12992,CC[C@H](O)CNc1ccnc2cc(Cl)ccc12,1
P3_12993,CC[C@@H](O)CNc1ccnc2cc(Cl)ccc12,1
P3_12994,OCCCCNc1ccnc2ccc(Cl)cc12,1
P3_12995,OCCCCCNc1ccnc2ccc(Cl)cc12,1
P3_12996,OCCCCCCNc1ccnc2ccc(Cl)cc12,1
P3_12997,CCOCCCNc1ccnc2ccc(Cl)cc12,1
P3_12998,[NH3+]CCCNc1ccnc2ccc(Cl)cc12,1
P3_12999,FCCCCNc1ccnc2ccc(Cl)cc12,1
P3_13000,COCCCCNc1ccnc2ccc(Cl)cc12,1
P3_13001,CSCCCCNc1ccnc2ccc(Cl)cc12,1
P3_13002,CCNc1ccnc2ccc(Cl)cc12,1
P3_13003,CCSCCCNc1ccnc2cc(F)ccc12,1
P3_13004,C#CCCCNc1ccnc2ccc(Cl)cc12,1
P3_13005,OCCCNc1ccnc2cc(Br)ccc12,1
P3_13006,OCCCCNc1ccnc2cc(Br)ccc12,1
P3_13007,CCCNc1ccnc2cc(Br)ccc12,1
P3_13008,CCOCCCNc1ccnc2cc(F)ccc12,1
P3_13009,CCOCCCNc1ccnc2cc(Br)ccc12,1
P3_13010,OCCCCCNc1ccnc2cc(Br)ccc12,1
P3_13011,OCCCCCCNc1ccnc2cc(Br)ccc12,1
P3_13012,OCCCCCNc1ccnc2cc(F)ccc12,1
P3_13013,OCCCCCCNc1ccnc2cc(F)ccc12,1
P3_13014,C[C@@H](CO)CCCNc1ccnc2cc(Cl)ccc12,1
P3_13015,C[C@H](CO)CCCNc1ccnc2cc(Cl)ccc12,1
P3_13016,CNS(=O)(=O)CCCNc1ccnc2cc(Cl)ccc12,1
P3_13017,FC(F)OCCCNc1ccnc2cc(Cl)ccc12,1
P3_13018,CC(C)C(=O)NCCCNc1ccnc2cc(Cl)ccc12,1
P3_13019,FC(F)(F)COCCCNc1ccnc2cc(Cl)ccc12,1
P3_13020,CCN(CCCNc1ccnc2cc(F)ccc12)S(C)(=O)=O,1
P3_13021,CCN(CCCNc1ccnc2cc(Br)ccc12)S(C)(=O)=O,1
P3_13022,CN(CCCNc1ccnc2cc(F)ccc12)S(C)(=O)=O,1
P3_13023,CN(CCCNc1ccnc2cc(Br)ccc12)S(C)(=O)=O,1
P3_13024,CCN(CC)C(=O)CCCNc1ccnc2cc(Br)ccc12,1
P3_13025,CCN(CC)C(=O)CCCNc1ccnc2cc(F)ccc12,1
P3_13026,CCS(=O)(=O)CCCNc1ccnc2cc(Br)ccc12,1
P3_13027,CCS(=O)(=O)CCCNc1ccnc2cc(F)ccc12,1
P3_13028,CC[C@H](O)CCCNc1ccnc2cc(F)ccc12,1
P3_13029,CCOCCCCNc1ccnc2cc(Br)ccc12,1
P3_13030,CCCCOCCCNc1ccnc2cc(F)ccc12,1
P3_13031,CC[C@@H](O)CCCNc1ccnc2cc(F)ccc12,1
P3_13032,CCOCCCCNc1ccnc2cc(F)ccc12,1
P3_13033,CCS(=O)(=O)NCCCNc1ccnc2cc(F)ccc12,1
P3_13034,CC[C@H](O)CCCNc1ccnc2cc(Br)ccc12,1
P3_13035,CC[C@@H](O)CCCNc1ccnc2cc(Br)ccc12,1
P3_13036,CSCCCCNc1ccnc2cc(F)ccc12,1
P3_13037,CS(=O)(=O)CCCNc1ccnc2cc(Br)ccc12,1
P3_13038,CN(C)C(=O)CCCNc1ccnc2cc(Br)ccc12,1
P3_13039,CN(C)C(=O)CCCNc1ccnc2cc(F)ccc12,1
P3_13040,COCCCCCNc1ccnc2cc(Br)ccc12,1
P3_13041,COCCCCCNc1ccnc2cc(F)ccc12,1
P3_13042,CC[C@@H](O)CCCNc1ccnc2cc(F)c(Cl)cc12,1
P3_13043,CC[C@H](O)CCCNc1ccnc2cc(F)c(Cl)cc12,1
P3_13044,CS(=O)(=O)CCCCNc1ccnc2cc(Br)ccc12,1
P3_13045,CS(=O)(=O)NCCCNc1ccnc2cc(F)ccc12,1
P3_13046,OCCOCCCNc1ccnc2cc(Br)ccc12,1
P3_13047,CS(=O)(=O)NCCCNc1ccnc2cc(Br)ccc12,1
P3_13048,CC(=O)NCCCNc1ccnc2cc(F)ccc12,1
P3_13049,CC(C)OCCCNc1ccnc2cc(F)ccc12,1
P3_13050,OCCOCCCNc1ccnc2cc(F)ccc12,1
P3_13051,CCCCOCCNc1ccnc2cc(F)ccc12,1
P3_13052,COCCOCCCNc1ccnc2cc(Br)ccc12,1
P3_13053,C[C@@H](CO)CCCNc1ccnc2cc(F)ccc12,1
P3_13054,C[C@H](CO)CCCNc1ccnc2cc(F)ccc12,1
P3_13055,C[C@H](CO)CCCNc1ccnc2cc(Br)ccc12,1
P3_13056,CC(C)OCCCCNc1ccnc2cc(F)ccc12,1
P3_13057,CC(C)(CO)CCCNc1ccnc2cc(Br)ccc12,1
P3_13058,CCCCOCCOCCNc1ccnc2cc(Cl)ccc12,1
P3_13059,COCCOCCOCCCNc1ccnc2cc(Cl)ccc12,1
P3_13060,CCN(CC)CCCNc1ccnc2cc(F)c(OC)cc12,1
P3_13061,NCCOCCCNc1ccnc2cc(Cl)ccc12,1
P3_13062,COCCOCCOCCNc1ccnc2cc(Cl)ccc12,1
P3_13063,OCCOCCOCCNc1ccnc2cc(Cl)ccc12,1
P3_13064,CN(C)CCCNc1ccnc2cc(F)ccc12,1
P3_13065,CN(C)CCCCNc1ccnc2cc(Br)ccc12,1
P3_13066,CN(C)CCCCNc1ccnc2cc(F)ccc12,1
P3_13067,CCOC(=O)c1cnc2c(C)cc(C)cc2c1Nc1cccc(OC)c1,1
P3_13068,CCOC(=O)c1cnc2c(C)cc(C)cc2c1Nc1ccccc1OC,1
P3_13069,CCOC(=O)c1cnc2c(C)cc(C)cc2c1Nc1ccc(N(C)C)cc1,1
P3_13070,CCOC(=O)c1cnc2c(C)cc(C)cc2c1Nc1ccc(OC)cc1OC,1
P3_13071,CCOC(=O)c1cnc2ccccc2c1Nc1ccc(OC)c(OC)c1,1
P3_13072,CCOC(=O)c1cnc2ccc(Cl)cc2c1Nc1ccc(OC)c(OC)c1,1
P3_13073,COc1ccc(Nc2c(C(=O)[O-])cnc3c(C)cc(Cl)cc23)cc1OC,1
P3_13074,CCOC(=O)c1cnc2c(C)cc(C)cc2c1Nc1cc(C(=O)[O-])ccc1C,0
P3_13075,CCOC(=O)c1cnc2c(C)cccc2c1Nc1cc(C)ccc1OC,0
P3_13076,CCOC(=O)c1cnc2c(OC)cccc2c1Nc1ccc(F)c(F)c1,1
P3_13077,CCOC(=O)c1cnc2c(OC)cccc2c1Nc1cccc(Cl)c1,1
P3_13078,CCOC(=O)c1cnc2c(OC)cccc2c1Nc1cc(C)ccc1OC,1
P3_13079,CCOC(=O)c1cnc2c(OC)cccc2c1Nc1ccc(F)c(Cl)c1,1
P3_13080,CCOC(=O)c1cnc2ccc(C)cc2c1Nc1ccc(OC)cc1,1
P3_13081,CCOC(=O)c1cnc2ccc(OC)cc2c1Nc1ccc(C)c(C)c1,1
P3_13082,CCOC(=O)c1cnc2c(C)cccc2c1Nc1ccc(OC)cc1OC,1
P3_13083,CCOC(=O)c1cnc2c(OC)cccc2c1Nc1cccc(OC)c1,1
P3_13084,CCOC(=O)c1cnc2c(C)cc(Cl)cc2c1Nc1cccc(O)c1,1
P3_13085,CCOC(=O)c1cnc2c(C)cc(Cl)cc2c1Nc1cccc(C(=O)[O-])c1,1
P3_13086,CCOC(=O)c1cnc2ccc(C)cc2c1Nc1ccc(C)cc1,1
P3_13087,CCCCNc1nncc2ccccc12,1
P3_13088,CC[C@H](C)Nc1nncc2ccccc12,1
P3_13089,CC(C)(S)CNc1nncc2ccccc12,1
P3_13090,CC(C)([NH3+])CNc1nncc2ccccc12,1
P3_13091,CO[C@@H](C)CNc1nncc2ccccc12,1
P3_13092,COCC(C)(C)Nc1nncc2ccccc12,1
P3_13093,CC[C@H](CO)Nc1nncc2ccccc12,1
P3_13094,CC[C@@H](CO)Nc1nncc2ccccc12,1
P3_13095,CC[C@H](COC)Nc1nncc2ccccc12,1
P3_13096,C[C@@H](CO)CCNc1nncc2ccccc12,1
P3_13097,C[C@@H](CCCC(C)(C)O)Nc1nncc2ccccc12,1
P3_13098,C[C@H](CCCC(C)(C)O)Nc1nncc2ccccc12,1
P3_13099,CC(C)Sc1nncc2ccccc12,1
P3_13100,CCCSc1nncc2ccccc12,1
P3_13101,CC(C)[C@@H](C)Sc1nncc2ccccc12,1
P3_13102,CC(C)[C@H](C)Sc1nncc2ccccc12,1
P3_13103,CCC(CC)Sc1nncc2ccccc12,1
P3_13104,CC[C@H](C)Oc1nncc2ccccc12,1
P3_13105,CC[C@@H](C)Oc1nncc2ccccc12,1
P3_13106,CC[C@H](C)Sc1nncc2ccccc12,1
P3_13107,CC[C@@H](C)Sc1nncc2ccccc12,1
P3_13108,CO[C@H](C)CCOc1nncc2ccccc12,1
P3_13109,CO[C@@H](C)CCOc1nncc2ccccc12,1
P3_13110,CCC(CC)CSc1nncc2ccccc12,1
P3_13111,CC[C@H](C)CSc1nncc2ccccc12,1
P3_13112,CC[C@@H](C)CSc1nncc2ccccc12,1
P3_13113,CC[C@H](CO)Sc1nncc2ccccc12,1
P3_13114,CC[C@@H](CO)Sc1nncc2ccccc12,1
P3_13115,CC(C)N(c1nncc2ccccc12)C(C)(C)C[NH3+],1
P3_13116,CCCNc1nncc2cc(F)ccc12,1
P3_13117,CCCNc1nncc2ccc(F)cc12,1
P3_13118,CC[C@H](C)Nc1nncc2ccc(F)cc12,1
P3_13119,CCCCNc1nncc2ccc(F)cc12,1
P3_13120,CC[C@@H](C)Nc1nncc2ccc(F)cc12,1
P3_13121,C=C(C)CNc1nncc2cc(F)ccc12,0
P3_13122,C=C(C)CNc1nncc2ccc(F)cc12,1
P3_13123,COC(C)(C)CNc1nncc2cc(F)ccc12,1
P3_13124,CCOc1cc(C(=O)N[C@H](C)c2ccc(OC)cc2Br)ccc1OC,0
P3_13125,CCOc1cc(C(=O)N[C@@H](C)c2ccc(OC)cc2Br)ccc1OC,0
P3_13126,CCOc1cccc(C(=O)NC(C)c2ccc(OC)c(Br)c2)c1,0
P3_13127,CCOc1cc(C(=O)N[C@H](C)c2ccccc2Br)ccc1OC,0
P3_13128,CCOc1cc(C(=O)N[C@@H](C)c2ccccc2Br)ccc1OC,0
P3_13129,CCOc1cc(C(=O)NC(C)c2ccccc2Br)ccc1OC,0
P3_13130,CCOc1c(Br)cc(C(=O)N[C@H](C)c2cccc(OC)c2)cc1OC,0
P3_13131,CCOc1c(Br)cc(C(=O)N[C@@H](C)c2cccc(OC)c2)cc1OC,0
P3_13132,COc1cccc([C@@H](C)NC(=O)c2cccc(Br)c2)c1,0
P3_13133,COc1cccc([C@H](C)NC(=O)c2cccc(Br)c2)c1,0
P3_13134,CCc1cc(OC)c(OC)cc1[C@@H](C)NC(=O)c1cccc(Br)c1,0
P3_13135,CCc1cc(OC)c(OC)cc1[C@H](C)NC(=O)c1cccc(Br)c1,0
P3_13136,CCCOc1cccc(C(=O)N[C@H](C)c2ccc(OCC)c(OC)c2)c1,1
P3_13137,CCCOc1cccc(C(=O)N[C@@H](C)c2ccc(OCC)c(OC)c2)c1,1
P3_13138,CCOc1cccc([C@@H](C)NC(=O)c2cccc(Br)c2)c1,1
P3_13139,CCOc1cccc([C@H](C)NC(=O)c2cccc(Br)c2)c1,1
P3_13140,CCOc1ccc(C(=O)NC(C)c2ccc(OC)c(Br)c2)cc1OCC,1
P3_13141,CCOc1ccc([C@H](C)NC(=O)c2ccc(OC)c(Br)c2)cc1OCC,0
P3_13142,CCOc1ccc([C@@H](C)NC(=O)c2ccc(OC)c(Br)c2)cc1OCC,0
P3_13143,CCOc1cc(C(=O)NC(C)c2ccc(OC)c(Br)c2)ccc1OC,1
P3_13144,COc1cccc(C(=O)N[C@H](C)c2cc(OC)c(OC)c(OC)c2)c1,1
P3_13145,COc1cccc(C(=O)N[C@@H](C)c2cc(OC)c(OC)c(OC)c2)c1,1
P3_13146,COc1ccc([C@H](C)NC(=O)c2c(OC)cccc2OC)c(Br)c1,1
P3_13147,COc1ccc([C@@H](C)NC(=O)c2c(OC)cccc2OC)c(Br)c1,1
P3_13148,COc1cccc([C@@H](C)NC(=O)c2ccc(OC)c(Br)c2)c1,0
P3_13149,COc1cccc([C@@H](C)NC(=O)c2ccc(Br)c(OC)c2)c1,1
P3_13150,COc1cccc([C@H](C)NC(=O)c2ccc(OC)c(Br)c2)c1,0
P3_13151,COc1cccc(C(C)NC(=O)c2ccc(Br)c(OC)c2)c1,1
P3_13152,COc1cccc(C(C)NC(=O)c2ccc(OC)c(Br)c2)c1,0
P3_13153,CCOc1cccc(C(C)NC(=O)c2ccc(OC)cc2Br)c1,1
P3_13154,CCOc1cc(C(=O)NC(C)c2ccccc2OC)cc(Br)c1OC,0
P3_13155,CCOc1cccc([C@H](C)NC(=O)c2cc(OC)c(Br)c(OC)c2)c1,1
P3_13156,CCOc1cccc([C@@H](C)NC(=O)c2cc(OC)c(Br)c(OC)c2)c1,1
P3_13157,COCCOc1cccc(C(=O)N[C@@H](C)c2ccc(OC)c(Br)c2)c1,0
P3_13158,COCCOc1cccc(C(=O)N[C@H](C)c2ccc(OC)c(Br)c2)c1,0
P3_13159,CCOc1ccc([C@H](C)NC(=O)c2cccc(OCC(=O)[O-])c2)cc1OCC,0
P3_13160,CCOc1ccc([C@@H](C)NC(=O)c2cccc(OCC(=O)[O-])c2)cc1OCC,0
P3_13161,CCOc1ccc([C@H](C)NC(=O)c2cccc(OCC(N)=O)c2)cc1OC,1
P3_13162,CCOc1ccc([C@@H](C)NC(=O)c2cccc(OCC(=O)[O-])c2)cc1OC,0
P3_13163,CCOc1ccc([C@@H](C)NC(=O)c2cccc(OCC(N)=O)c2)cc1OC,1
P3_13164,CCOc1ccc([C@H](C)NC(=O)c2cccc(OCC(=O)[O-])c2)cc1OC,0
P3_13165,CCOc1ccc([C@@H](C)NC(=O)c2cccc(Br)c2)cc1,1
P3_13166,CCOc1ccc([C@H](C)NC(=O)c2cccc(Br)c2)cc1,1
P3_13167,CCOc1ccc([C@@H](C)NC(=O)c2cccc(C(=O)OC)c2)cc1OCC,0
P3_13168,COc1cc(C)c(C(C)NC(=O)c2cccc(Br)c2)cc1OC,1
P3_13169,COc1cc(F)c(C(C)NC(=O)c2cccc(Br)c2)cc1OC,0
P3_13170,CCOc1ccc(C(C)NC(=O)c2cccc(Br)c2)cc1,1
P3_13171,COc1ccc([C@H](C)NC(=O)c2ccc(F)c(OC)c2)c(Br)c1,0
P3_13172,COc1ccc([C@@H](C)NC(=O)c2ccc(F)c(OC)c2)c(Br)c1,0
P3_13173,CCOc1ccc(C(C)NC(=O)c2cc(OC)ccc2Br)cc1OCC,1
P3_13174,CCOc1cccc(C(C)NC(=O)c2cc(OC)ccc2Br)c1,1
P3_13175,COc1cc(Br)c([C@@H](C)NC(=O)c2ccccc2Br)cc1OC,1
P3_13176,COc1ccc(C(C)NC(=O)c2cccc(Br)c2)cc1,1
P3_13177,COc1cc(Br)c([C@H](C)NC(=O)c2ccccc2Br)cc1OC,1
P3_13178,COc1ccc([C@@H](C)NC(=O)c2ccc(O)cc2)c(Br)c1,0
P3_13179,COc1ccc([C@H](C)NC(=O)c2ccc(O)cc2)c(Br)c1,0
P3_13180,CCOc1ccc(C(C)NC(=O)c2cccc(SC)c2)cc1OC,1
P3_13181,CCOc1ccc([C@H](C)NC(=O)c2cccc(SC)c2)cc1OC,1
P3_13182,CCOc1ccc([C@@H](C)NC(=O)c2cccc(SC)c2)cc1OC,1
P3_13183,COc1ccc([C@@H](C)NC(=O)c2cc(C)cc(N)c2)c(Br)c1,0
P3_13184,COc1ccc([C@H](C)NC(=O)c2cc(C)cc(N)c2)c(Br)c1,0
P3_13185,CCOc1cccc([C@@H](C)NC(=O)c2ccc(O)c(OC)c2)c1,1
P3_13186,CCOc1cccc([C@H](C)NC(=O)c2ccc(O)c(OC)c2)c1,1
P3_13187,CCOc1cccc(C(C)NC(=O)c2ccc(C)c(OC)c2)c1,0
P3_13188,CCOc1ccc([C@@H](C)NC(=O)c2cccc(N)c2)cc1OC,0
P3_13189,CCOc1ccc([C@H](C)NC(=O)c2cccc(N)c2)cc1OC,0
P3_13190,CCOc1ccc([C@H](C)NC(=O)c2cccc(F)c2)cc1OC,1
P3_13191,CCOc1ccc([C@@H](C)NC(=O)c2cccc(F)c2)cc1OC,1
P3_13192,CCOc1ccc(C(C)NC(=O)c2cccc(I)c2)cc1OC,1
P3_13193,CCOc1ccc(C(C)NC(=O)c2ccc(OC)cc2Br)cc1OC,0
P3_13194,CCOc1cccc([C@H](C)NC(=O)c2cc(Br)c(OC)c(OC)c2)c1,1
P3_13195,CCOc1cccc([C@@H](C)NC(=O)c2cc(Br)c(OC)c(OC)c2)c1,1
P3_13196,CCOc1cccc([C@H](C)NC(=O)c2cc(OC)c(C)c(OC)c2)c1,0
P3_13197,CCOc1cccc([C@@H](C)NC(=O)c2cc(OC)c(C)c(OC)c2)c1,0
P3_13198,CCOc1ccc([C@@H](C)NC(=O)c2cccc(CO)c2)cc1OC,1
P3_13199,CCOc1ccc([C@H](C)NC(=O)c2cccc(CO)c2)cc1OC,1
P3_13200,CCOc1ccc([C@H](C)NC(=O)c2ccc(Br)c([O-])c2)cc1OCC,0
P3_13201,CCOc1ccc([C@@H](C)NC(=O)c2ccc(Br)c([O-])c2)cc1OCC,0
P3_13202,CCOc1ccc([C@@H](C)NC(=O)c2cccc(N(C)C)c2)cc1OCC,1
P3_13203,CCOc1ccc([C@H](C)NC(=O)c2cccc(N(C)C)c2)cc1OCC,1
P3_13204,COc1cc(C)c([C@H](C)NC(=O)c2cccc(SCC#N)c2)cc1OC,1
P3_13205,COc1cc(C)c([C@@H](C)NC(=O)c2cccc(SCC#N)c2)cc1OC,1
P3_13206,CCOc1ccc([C@H](C)NC(=O)c2ccc(C)c(OC)c2)cc1OCC,0
P3_13207,COc1cc(F)c([C@H](C)NC(=O)c2ccc(F)c(Br)c2)cc1OC,1
P3_13208,COc1cc(F)c([C@@H](C)NC(=O)c2ccc(F)c(Br)c2)cc1OC,1
P3_13209,CCOc1ccc(C(C)NC(=O)c2ccc(OC)c(Br)c2)cc1OCC,0
P3_13210,COCCCOc1cccc(C(=O)NC(C)c2cc(OC)c(OC)cc2C)c1,1
P3_13211,CCOc1cc(C(=O)NC(C)c2cc(OC)ccc2OC)ccc1C,0
P3_13212,CCOc1ccc(C(C)NC(=O)c2ccc(OC)cc2Br)cc1OCC,1
P3_13213,COc1ccc(OC)c([C@@H](C)NC(=O)c2ccc(OC)c(Br)c2)c1,1
P3_13214,COc1ccc(OC)c([C@H](C)NC(=O)c2ccc(OC)c(Br)c2)c1,1
P3_13215,CCOc1ccc([C@H](C)NC(=O)c2cccc(C(=O)OC)c2)cc1OCC,0
P3_13216,COc1ccc([C@H](C)NC(=O)c2ccc(Br)c(OC)c2)c(OC)c1,1
P3_13217,COc1ccc([C@@H](C)NC(=O)c2ccc(OC)c(Br)c2)c(OC)c1,1
P3_13218,COc1cc(Br)cc(C(=O)N[C@H](C)c2ccc(OC)cc2OC)c1,1
P3_13219,COc1ccc([C@H](C)NC(=O)c2ccc(OC)c(Br)c2)c(OC)c1,1
P3_13220,CCOc1ccc(C(C)NC(=O)c2ccc(OC)c(Br)c2)cc1OC,1
P3_13221,CCCOc1c(Br)cc(C(=O)NC(C)c2cccc(OC)c2)cc1OC,1
P3_13222,COc1ccc([C@@H](C)NC(=O)c2ccc(OC)cc2OC)c(Br)c1,0
P3_13223,COc1ccc([C@H](C)NC(=O)c2ccc(OC)cc2OC)c(Br)c1,0
P3_13224,CCOc1cc(C(=O)NC(C)c2ccc(C(C)C)cc2)ccc1OC,0
P3_13225,CCOc1ccc([C@@H](C)NC(=O)c2ccc(OC)c(OC)c2)cc1OCC,0
P3_13226,COc1ccc([C@@H](C)NC(=O)c2ccc(C)c(C(C)=O)c2)c(Br)c1,0
P3_13227,COc1ccc([C@H](C)NC(=O)c2ccc(C)c(C(C)=O)c2)c(Br)c1,0
P3_13228,CCOc1cccc([C@H](C)NC(=O)c2ccc(C)c(OCC)c2)c1,0
P3_13229,COc1ccc([C@H](C)NC(=O)c2ccc(Br)c(F)c2)c(OC)c1,1
P3_13230,COc1cc(-c2cc(=O)c3cc(Cl)c(C)cc3o2)ccc1O,1
P3_13231,C#CC(C#C)Oc1c(O)ccc2oc(-c3ccccc3)cc(=O)c12,1
P3_13232,O=c1cc(-c2cccc(O)c2)oc2ccc(O)cc12,1
P3_13233,Cc1ccc2oc(-c3cc(O)cc(O)c3)cc(=O)c2c1,1
P3_13234,O=c1cc(-c2ccc(Cl)cc2)oc2ccc(O)cc12,1
P3_13235,C=CC(C=C)Oc1ccc2c(=O)cc(-c3ccc(O)cc3)oc2c1,1
P3_13236,C#CC(C#C)Oc1ccc2c(=O)cc(-c3ccc(O)cc3)oc2c1,1
P3_13237,COc1ccc2c(=O)cc(-c3ccccc3F)oc2c1,1
P3_13238,COc1ccc2c(=O)cc(-c3ccc(Cl)cc3Cl)oc2c1,1
P3_13239,Cc1cc(C)c2oc(-c3ccc(O)c(Br)c3)cc(=O)c2c1,1
P3_13240,O=c1cc(-c2cccc(Br)c2)oc2ccc(O)cc12,1
P3_13241,C=C(Cl)COc1cc([O-])c2c(=O)cc(-c3ccccc3)oc2c1,1
P3_13242,COc1ccc2c(=O)cc(-c3ccccc3)oc2c1O,1
P3_13243,CC[C@H](COc1ccc2c(=O)cc(-c3ccccc3)oc2c1)OC,1
P3_13244,CC[C@@H](COc1ccc2c(=O)cc(-c3ccccc3)oc2c1)OC,1
P3_13245,Cc1ccc2c(=O)cc(-c3ccc(F)cc3)oc2c1,1
P3_13246,C[C@@H](Oc1cc(O)c2c(=O)cc(-c3ccccc3)oc2c1)C(=O)[O-],1
P3_13247,C[C@H](Oc1cc(O)c2c(=O)cc(-c3ccccc3)oc2c1)C(=O)[O-],1
P3_13248,O=C([O-])COc1cc(O)c2c(=O)cc(-c3ccccc3)oc2c1,1
P3_13249,COc1ccc(-c2cc(=O)c3c([O-])cc(C)cc3o2)cc1OC,1
P3_13250,COc1ccc(-c2cc(=O)c3c(C)cc([O-])cc3o2)cc1OC,1
P3_13251,COC(=O)[C@H](C)Oc1cc(O)c2c(=O)cc(-c3ccccc3)oc2c1,1
P3_13252,COC(=O)[C@@H](C)Oc1cc(O)c2c(=O)cc(-c3ccccc3)oc2c1,1
P3_13253,CCOC(=O)[C@@H](C)Oc1cc(O)c2c(=O)cc(-c3ccccc3)oc2c1,1
P3_13254,CCOC(=O)[C@H](C)Oc1cc(O)c2c(=O)cc(-c3ccccc3)oc2c1,1
P3_13255,COCCNC(=O)COc1cc(O)c2c(=O)cc(-c3ccccc3)oc2c1,1
P3_13256,CCOC(=O)[C@@H](CC)Oc1cc(O)c2c(=O)cc(-c3ccccc3)oc2c1,1
P3_13257,CCOC(=O)[C@H](CC)Oc1cc(O)c2c(=O)cc(-c3ccccc3)oc2c1,1
P3_13258,CCCNC(=O)COc1cc(O)c2c(=O)cc(-c3ccccc3)oc2c1,1
P3_13259,COCCCNC(=O)COc1cc(O)c2c(=O)cc(-c3ccccc3)oc2c1,1
P3_13260,CCCCOC(=O)COc1cc(O)c2c(=O)cc(-c3ccccc3)oc2c1,1
P3_13261,CN(CCO)C(=O)COc1cc(O)c2c(=O)cc(-c3ccccc3)oc2c1,1
P3_13262,CCCCNC(=O)COc1cc(O)c2c(=O)cc(-c3ccccc3)oc2c1,1
P3_13263,Cc1ccc2oc(-c3cccc(O)c3)cc(=O)c2c1,1
P3_13264,OC[C@@H](O)Cn1c2ccc(Cl)cc2c2cc(Cl)ccc21,1
P3_13265,OC[C@H](O)Cn1c2ccc(Cl)cc2c2cc(Cl)ccc21,1
P3_13266,C[C@H](O)Cn1c2ccc(Cl)cc2c2cc(Cl)ccc21,1
P3_13267,C[C@@H](O)Cn1c2ccc(Cl)cc2c2cc(Cl)ccc21,1
P3_13268,CC(C)[NH2+]C[C@H](O)Cn1c2ccc(Cl)cc2c2cc(Cl)ccc21,1
P3_13269,CC(C)[NH2+]C[C@@H](O)Cn1c2ccc(Cl)cc2c2cc(Cl)ccc21,1
P3_13270,CC[NH+](CC)C[C@H](O)Cn1c2ccc(Cl)cc2c2cc(Cl)ccc21,1
P3_13271,CC[NH+](CC)C[C@@H](O)Cn1c2ccc(Cl)cc2c2cc(Cl)ccc21,1
P3_13272,CC(C)(C)[NH2+]C[C@H](O)Cn1c2ccc(Cl)cc2c2cc(Cl)ccc21,1
P3_13273,CC(C)(C)[NH2+]C[C@@H](O)Cn1c2ccc(Cl)cc2c2cc(Cl)ccc21,1
P3_13274,C[C@@H](O)Cn1c2ccccc2c2cc(Cl)ccc21,1
P3_13275,C[C@H](O)Cn1c2ccccc2c2cc(Cl)ccc21,1
P3_13276,COCCSC[C@H](O)Cn1c2ccccc2c2ccccc21,1
P3_13277,COCCSC[C@@H](O)Cn1c2ccccc2c2ccccc21,1
P3_13278,C[C@H](CCCO)Nc1ccnc2cc(Cl)ccc12,1
P3_13279,C[C@@H](CCCO)Nc1ccnc2cc(Cl)ccc12,1
P3_13280,C[C@@H](CCO)Nc1ccnc2cc(Cl)ccc12,1
P3_13281,C[C@H](CCO)Nc1ccnc2cc(Cl)ccc12,1
P3_13282,C[C@H](CCCO)Nc1ccnc2ccc(Cl)cc12,1
P3_13283,C[C@@H](CCCO)Nc1ccnc2ccc(Cl)cc12,1
P3_13284,C[C@H](CCCCO)Nc1ccnc2ccc(Cl)cc12,1
P3_13285,C[C@@H](CCCCO)Nc1ccnc2ccc(Cl)cc12,1
P3_13286,CCCC(CCO)Nc1ccnc2cc(Cl)ccc12,1
P3_13287,CC(=O)OCC[C@H](C)Nc1ccnc2cc(Cl)ccc12,1
P3_13288,CC(=O)OCC[C@@H](C)Nc1ccnc2cc(Cl)ccc12,1
P3_13289,OCCC(CO)Nc1ccnc2cc(Cl)ccc12,1
P3_13290,OCC[C@@H](CO)Nc1ccnc2cc(Cl)ccc12,1
P3_13291,CCN(CCCO)CCSc1ccnc2cc(Cl)ccc12,1
P3_13292,CS[C@H](CO)[C@@H](C)Nc1ccnc2cc(Cl)ccc12,1
P3_13293,CS[C@@H](CO)[C@@H](C)Nc1ccnc2cc(Cl)ccc12,1
P3_13294,CS[C@@H](CO)[C@H](C)Nc1ccnc2cc(Cl)ccc12,1
P3_13295,CS[C@H](CO)[C@H](C)Nc1ccnc2cc(Cl)ccc12,1
P3_13296,OCC(CCF)Nc1ccnc2cc(Cl)ccc12,1
P3_13297,CCN(CCO)CCCC(C)NCc1cccc2c(Cl)ccnc12,1
P3_13298,CCN(CCO)CCCC(C)NCc1cc(Cl)cc2cccnc12,1
P3_13299,CC(C)[C@H](CCO)Nc1ccnc2ccc(Cl)cc12,1
P3_13300,CC[C@H](CCO)Nc1ccnc2ccc(Cl)cc12,1
P3_13301,CC[C@@H](CCO)Nc1ccnc2ccc(Cl)cc12,1
P3_13302,CCC(CCO)Nc1ccnc2ccc(Cl)cc12,1
P3_13303,CC#CC[C@H](CO)Nc1ccnc2cc(Cl)ccc12,1
P3_13304,CC#CC[C@@H](CO)Nc1ccnc2cc(Cl)ccc12,1
P3_13305,C[C@H](CC(C)(C)O)Nc1ccnc2ccc(Cl)cc12,1
P3_13306,C[C@@H](CC(C)(C)O)Nc1ccnc2ccc(Cl)cc12,1
P3_13307,CC[C@H](CO)N(C)c1ccnc2cc(Cl)ccc12,1
P3_13308,CC[C@@H](CO)N(C)c1ccnc2cc(Cl)ccc12,1
P3_13309,C[C@H](CO)Nc1ccnc2cc(F)ccc12,1
P3_13310,C[C@@H](CO)Nc1ccnc2cc(F)ccc12,1
P3_13311,CCN(CCOCCO)c1ccnc2cc(Cl)ccc12,1
P3_13312,C[C@@H](CNc1ccnc2cc(Cl)ccc12)C[C@H](C)O,1
P3_13313,C[C@H](CCCCO)Nc1ccnc2c(Cl)cccc12,1
P3_13314,C[C@@H](CCCCO)Nc1ccnc2c(Cl)cccc12,1
P3_13315,CC(C)(CNc1ccnc2cc(Cl)ccc12)OCCO,1
P3_13316,CC[C@H](C[C@H](C)CO)Nc1ccnc2ccc(Cl)cc12,1
P3_13317,CC[C@@H](C[C@@H](C)CO)Nc1ccnc2ccc(Cl)cc12,1
P3_13318,CC[C@H](C[C@@H](C)CO)Nc1ccnc2ccc(Cl)cc12,1
P3_13319,CC[C@@H](C[C@H](C)CO)Nc1ccnc2ccc(Cl)cc12,1
P3_13320,CC(C)[C@@H](CCO)Nc1ccnc2cc(Br)ccc12,1
P3_13321,CC(C)[C@H](CCO)Nc1ccnc2cc(F)ccc12,1
P3_13322,CC(C)[C@H](CCO)Nc1ccnc2cc(Br)ccc12,1
P3_13323,CCS(=O)(=O)N(C)CCCNc1ccnc2c(Cl)cccc12,1
P3_13324,CCN(CC)CCCCN(C)C(=O)Cc1ccc2cccnc2c1,1
P3_13325,CCS(=O)(=O)N(C)CCCNc1ccnc2c(Br)cccc12,0
P3_13326,CC[NH+](CC)CCCCCCNc1cccc2c(Cl)ccnc12,1
P3_13327,CCN(CCCN(C)C)C(=O)Cc1c(C)nc2ccccc2c1C,1
P3_13328,CCN(CCCCC(=O)O)C(=O)Cc1c(C)nc2ccccc2c1C,1
P3_13329,CC[NH+](CC)CCCCCNc1cc(OC)cc2c(C)ccnc12,1
P3_13330,COCC(CCNCc1cnc2ccc(F)cc2c1)C(C)C,0
P3_13331,COCC(CCNCc1cnc2c(F)cccc2c1)C(C)C,0
P3_13332,CCN(CC)CCC(C)Nc1ccnc2cc(CO)ccc12,1
P3_13333,CCN(CCO)CCSc1ccnc2cc(Cl)ccc12,1
P3_13334,CCN(CCO)CCC[C@@H](C)NC(=O)c1ccnc2cc(C)ccc12,1
P3_13335,CCN(CCO)CCCC(C)NC(=O)c1ccnc2cc(C)ccc12,1
P3_13336,CCN(CCO)CCNC(=O)c1ccnc2cc(Cl)ccc12,1
P3_13337,C[C@H](CCCO)CNc1ccnc2cc(Cl)ccc12,1
P3_13338,C[C@@H](CCCO)CNc1ccnc2cc(Cl)ccc12,1
P3_13339,CCN(CCCO)CCNC(=O)c1ccnc2cc(Cl)ccc12,1
P3_13340,CC(CCO)CCNc1ccnc2cc(Cl)ccc12,1
P3_13341,CC(C)CCN(CCO)c1ccnc2cc(Cl)ccc12,1
P3_13342,CCN(CCO)C(=O)CCCNc1ccnc2cc(Cl)ccc12,1
P3_13343,CCC(CCO)CNc1ccnc2cc(Cl)ccc12,1
P3_13344,CC(CO)CCCNc1ccnc2cc(Cl)ccc12,1
P3_13345,CC(CO)CCNc1ccnc2cc(Cl)ccc12,1
P3_13346,CCCC(CCO)CNc1ccnc2cc(Cl)ccc12,1
P3_13347,CCN(CCO)CCCC(C)NC(=O)c1ccnc2ccccc12,1
P3_13348,CCN(CCO)CCC[C@@H](C)NC(=O)c1ccnc2ccccc12,1
P3_13349,CN(CCO)c1ccnc2cc(Cl)ccc12,1
P3_13350,CCN(CCO)CCCC(C)NC(=O)c1c(Cl)ccc2ncccc12,1
P3_13351,CCN(CCO)CCC[C@@H](C)NC(=O)c1c(Cl)ccc2ncccc12,1
P3_13352,CCCN(CCO)c1ccnc2cc(Cl)ccc12,1
P3_13353,CN(CCO)C(=O)CCCNc1ccnc2cc(Cl)ccc12,1
P3_13354,CCN(CCCO)CCNc1ccnc2cc(F)ccc12,1
P3_13355,CC(CCN(C)C)NC(=O)CCCNc1ccnc2cc(Cl)ccc12,1
P3_13356,CCN(CCCO)CCNc1ccnc2cc(OC)ccc12,1
P3_13357,CCCN(CCO)CCSc1ccnc2cc(Cl)ccc12,1
P3_13358,CN(CCCCO)c1ccnc2cc(Cl)ccc12,1
P3_13359,C[C@H](O)CCN(C)c1ccnc2cc(Cl)ccc12,1
P3_13360,C[C@@H](O)CCN(C)c1ccnc2cc(Cl)ccc12,1
P3_13361,CN(CCCO)C(=O)CCCNc1ccnc2cc(Cl)ccc12,1
P3_13362,CCN(CCSc1ccnc2cc(Cl)ccc12)CC(C)O,1
P3_13363,Fc1ccc(Cl)cc1CNc1nc2ccccc2[nH]1,1
P3_13364,Clc1ccc(CNc2nc3ccccc3[nH]2)c(Cl)c1,1
P3_13365,Fc1cc(Cl)ccc1CNc1nc2ccccc2[nH]1,1
P3_13366,COc1ccc(Cl)cc1CNc1nc2ccccc2[nH]1,1
P3_13367,CCOc1ccc(Cl)cc1CNc1nc2ccccc2[nH]1,1
P3_13368,COc1cc(Cl)ccc1CNc1nc2ccccc2[nH]1,1
P3_13369,FC(F)Oc1ccc(Cl)cc1CNc1nc2ccccc2[nH]1,1
P3_13370,Clc1ccccc1CNc1nc2ccccc2[nH]1,1
P3_13371,Clc1ccc(CNc2nc3ccccc3[nH]2)cc1,1
P3_13372,Clc1cccc(CNc2nc3ccccc3[nH]2)c1,1
P3_13373,COc1c(Cl)cc(Cl)cc1CNc1nc2ccccc2[nH]1,1
P3_13374,OCc1ccccc1CNc1nc2ccccc2[nH]1,1
P3_13375,Oc1ccc(Br)c(CNc2nc3ccccc3[nH]2)c1,1
P3_13376,Fc1ccccc1CNc1nc2ccc(Cl)cc2[nH]1,1
P3_13377,Fc1ccccc1CNc1nc2cc(Cl)ccc2[nH]1,1
P3_13378,Fc1ccc(F)c(CNc2nc3ccccc3[nH]2)c1,1
P3_13379,CNCc1ccccc1CNc1nc2ccccc2[nH]1,1
P3_13380,Fc1c(Cl)cccc1CNc1nc2ccccc2[nH]1,1
P3_13381,CCc1ccccc1CNc1nc2ccccc2[nH]1,1
P3_13382,Ic1ccccc1CNc1nc2ccccc2[nH]1,1
P3_13383,Cc1ccccc1CNc1nc2ccccc2[nH]1,1
P3_13384,Fc1ccccc1CNc1nc2ccccc2[nH]1,1
P3_13385,Brc1ccccc1CNc1nc2ccccc2[nH]1,1
P3_13386,Clc1ccc(CNc2nc3ccccc3[nH]2)cc1Cl,1
P3_13387,Oc1cccc(CNc2nc3ccccc3[nH]2)c1,1
P3_13388,Cc1ccc(F)c(CNc2nc3ccccc3[nH]2)c1,1
P3_13389,Fc1ccc(CNc2nc3ccccc3[nH]2)cc1Cl,1
P3_13390,Fc1ccc(Br)cc1CNc1nc2ccccc2[nH]1,1
P3_13391,Fc1cc(Cl)cc(CNc2nc3ccccc3[nH]2)c1,1
P3_13392,COc1ccccc1CNc1nc2cc(Cl)ccc2[nH]1,1
P3_13393,COc1ccccc1CNc1nc2ccc(Cl)cc2[nH]1,1
P3_13394,Cc1ccc(CNc2nc3ccccc3[nH]2)c(C)c1,1
P3_13395,Cc1ccc(C)c(CNc2nc3ccccc3[nH]2)c1,1
P3_13396,c1ccc(CNc2nc3ccccc3[nH]2)cc1,1
P3_13397,CNc1ccccc1CNc1nc2ccccc2[nH]1,1
P3_13398,Cc1cccc(CNc2nc3ccccc3[nH]2)c1C,1
P3_13399,COCc1ccccc1CNc1nc2ccccc2[nH]1,1
P3_13400,CC(C)c1ccccc1CNc1nc2ccccc2[nH]1,1
P3_13401,COc1ccccc1CNc1nc2ccccc2[nH]1,1
P3_13402,CCNc1ccccc1CNc1nc2ccccc2[nH]1,1
P3_13403,OCc1cccc(CNc2nc3ccccc3[nH]2)c1,1
P3_13404,Fc1cccc(CNc2nc3ccccc3[nH]2)c1F,1
P3_13405,Cc1ccc(CNc2nc3ccccc3[nH]2)c(Br)c1,1
P3_13406,Fc1cc(Br)ccc1CNc1nc2ccccc2[nH]1,1
P3_13407,Fc1ccc(Br)c(CNc2nc3ccccc3[nH]2)c1,1
P3_13408,Cc1cc(F)ccc1CNc1nc2ccccc2[nH]1,1
P3_13409,Cc1cc(Br)ccc1CNc1nc2ccccc2[nH]1,1
P3_13410,Cc1ccc(F)cc1CNc1nc2ccccc2[nH]1,1
P3_13411,COc1ccc(F)c(CNc2nc3ccccc3[nH]2)c1,1
P3_13412,Cc1cc(C)cc(CNc2nc3ccccc3[nH]2)c1,1
P3_13413,Fc1cc(F)cc(CNc2nc3ccccc3[nH]2)c1,1
P3_13414,Nc1c(F)cccc1CNc1nc2ccc(Cl)cc2[nH]1,1
P3_13415,Nc1c(F)cccc1CNc1nc2cc(Cl)ccc2[nH]1,1
P3_13416,Fc1c(Br)cccc1CNc1nc2ccccc2[nH]1,1
P3_13417,CCOc1ccccc1CNc1nc2ccccc2[nH]1,1
P3_13418,CCOCc1ccccc1CNc1nc2ccccc2[nH]1,1
P3_13419,Fc1cccc(Cl)c1CNc1nc2ccccc2[nH]1,1
P3_13420,Fc1cccc(CNc2nc3ccccc3[nH]2)c1Br,1
P3_13421,COc1cc(C)ccc1CNc1nc2ccccc2[nH]1,1
P3_13422,COc1ccc(C)cc1CNc1nc2ccccc2[nH]1,1
P3_13423,COc1ccc(F)cc1CNc1nc2ccccc2[nH]1,1
P3_13424,COc1ccc(OC)c(CNc2nc3ccccc3[nH]2)c1,1
P3_13425,COc1ccc(Cl)cc1CNc1nc2cc(C)ccc2[nH]1,1
P3_13426,COc1ccc(Cl)cc1CNc1nc2ccc(C)cc2[nH]1,1
P3_13427,C#CCOc1ccccc1CNc1nc2cc(Cl)ccc2[nH]1,1
P3_13428,C#CCOc1ccccc1CNc1nc2ccc(Cl)cc2[nH]1,1
P3_13429,CCc1cc(OC)ccc1CNc1nc2ccccc2[nH]1,1
P3_13430,COc1ccc(Br)cc1CNc1nc2ccccc2[nH]1,1
P3_13431,Fc1ccc(CNc2nc3ccccc3[nH]2)cc1Br,1
P3_13432,CC(C)Oc1ccccc1CNc1nc2ccccc2[nH]1,1
P3_13433,CN(C)c1ccc(F)cc1CNc1nc2ccccc2[nH]1,1
P3_13434,FC(F)Oc1ccccc1CNc1nc2ccccc2[nH]1,1
P3_13435,Cc1ccc(CNc2nc3ccccc3[nH]2)cc1,1
P3_13436,Cc1ccc(CNc2nc3ccccc3[nH]2)cc1C,1
P3_13437,COc1cc(Br)ccc1CNc1nc2ccccc2[nH]1,1
P3_13438,COc1ccc(Br)c(CNc2nc3ccccc3[nH]2)c1,1
P3_13439,OCCCCOc1ccccc1CNc1nc2ccccc2[nH]1,1
P3_13440,Fc1cccc(CNc2nc3ccccc3[nH]2)c1,1
P3_13441,Fc1cccc(F)c1CNc1nc2ccccc2[nH]1,1
P3_13442,Cc1cccc(CNc2nc3ccccc3[nH]2)c1,1
P3_13443,Cc1cc(CNc2nc3ccccc3[nH]2)c(Br)cc1F,1
P3_13444,Brc1cccc(CNc2nc3ccccc3[nH]2)c1,1
P3_13445,CCOC(=O)c1cnc2ccc(Cl)cc2c1NCC[NH+](C)C,1
P3_13446,CCOC(=O)c1cnc2ccc(Cl)cc2c1NC,1
P3_13447,CCOC(=O)c1cnc2ccc(C)cc2c1NCCCO,1
P3_13448,CCOC(=O)c1cnc2ccc(Cl)cc2c1NC(C)=O,1
P3_13449,CCOC(=O)c1cnc2ccc(C)cc2c1NCCCC(=O)N(C)C,1
P3_13450,CCOC(=O)c1cnc2ccc(C)cc2c1NCCCCCO,1
P3_13451,CCOC(=O)c1cnc2ccc(C)cc2c1NCCO,1
P3_13452,CCOC(=O)c1cnc2ccc(C)cc2c1NCCCF,1
P3_13453,CCOC(=O)c1cnc2ccc(OC)cc2c1NCCO,1
P3_13454,CCOC(=O)c1cnc2ccc(Cl)cc2c1N(C)C,1
P3_13455,CCOC(=O)c1cnc2ccc(Br)cc2c1NCCCCCO,1
P3_13456,CCOC(=O)c1cnc2ccc(CC)cc2c1NCCO,1
P3_13457,CCOC(=O)c1cnc2ccc(C)cc2c1NCCCOC,0
P3_13458,CCOCCCNc1c(C(=O)OCC)cnc2ccc(C)cc12,1
P3_13459,CCOC(=O)c1cnc2ccc(C)cc2c1NCCN(C)C(=O)OC,1
P3_13460,CCOC(=O)c1cnc2ccc(Br)cc2c1NCCO,1
P3_13461,CCOC(=O)c1cnc2ccc(OCC)cc2c1NCCO,1
P3_13462,CCOC(=O)c1cnc2ccc(C)cc2c1NCCCCOC,1
P3_13463,CCOCCCCNc1c(C(=O)OCC)cnc2ccc(C)cc12,1
P3_13464,CCOC(=O)c1cnc2ccc(Br)cc2c1NCCCF,1
P3_13465,CCOC(=O)c1cnc2ccccc2c1NCCCO,1
P3_13466,CCOC(=O)c1cnc2ccc(OC)cc2c1NCCCCOC,1
P3_13467,CCOC(=O)c1cnc2ccc(C)cc2c1NCCC[C@H](C)O,1
P3_13468,CCOC(=O)c1cnc2ccc(C)cc2c1NCCC[C@@H](C)O,1
P3_13469,CCOC(=O)c1cnc2ccc(C)cc2c1NCCCC(C)O,1
P3_13470,CCOC(=O)c1cnc2ccc(C)cc2c1NCCF,1
P3_13471,CCOC(=O)c1cnc2ccc(C)cc2c1NCCN,1
P3_13472,CCOC(=O)c1cnc2c(C)cc(Cl)cc2c1NCCCO,1
P3_13473,CCOC(=O)c1cnc2c(Cl)cc(Cl)cc2c1NCCCO,1
P3_13474,CCOC(=O)c1cnc2ccc(OC)cc2c1NCCF,1
P3_13475,CCOC(=O)c1cnc2ccc(Cl)cc2c1N,1
P3_13476,CCOC(=O)c1cnc2ccc(Cl)cc2c1N(CC)CC,1
P3_13477,CCOC(=O)c1cnc2ccc(C)cc2c1NCC(=O)N(C)C,1
P3_13478,CCOC(=O)c1cnc2ccc(C)cc2c1NCCOC,1
P3_13479,CCOC(=O)c1cnc2ccccc2c1NCCCCCCO,1
P3_13480,CCOCCNc1c(C(=O)OCC)cnc2ccc(C)cc12,1
P3_13481,CCNc1c(C(=O)OCC)cnc2ccc(C)cc12,0
P3_13482,CCOC(=O)c1cnc2ccc(C)cc2c1NCC[NH+](C)C,1
P3_13483,CCOC(=O)c1cnc2ccc(C)cc2c1NCC[C@H](C)O,1
P3_13484,CCOC(=O)c1cnc2ccc(C)cc2c1NCC[C@@H](C)O,1
P3_13485,CCOC(=O)c1cnc2ccc(OC)cc2c1NCC[C@H](C)O,1
P3_13486,CCOC(=O)c1cnc2ccc(OC)cc2c1NCCC(C)(C)O,1
P3_13487,CCOC(=O)c1cnc2ccc(F)cc2c1NCC[NH+](C)C,1
P3_13488,CCOC(=O)c1cnc2ccccc2c1NCCCCOC,1
P3_13489,CCOC(=O)c1cnc2c(C)cc(Cl)cc2c1NCCCOC,1
P3_13490,CCOC(=O)c1cnc2ccc(F)cc2c1NCC[C@@H](C)O,1
P3_13491,CCOC(=O)c1cnc2ccc(C)cc2c1NCC[C@@H](C)OC,1
P3_13492,CCOC(=O)c1cnc2ccc(C)cc2c1NCC[C@H](C)OC,1
P3_13493,CCOC(=O)c1cnc2ccc(C)cc2c1NC[C@H](C)CCO,1
P3_13494,CCOC(=O)c1cnc2ccc(F)cc2c1NCC[C@H](C)O,1
P3_13495,CCOC(=O)c1cnc2ccc(C)cc2c1NC[C@@H](C)CCO,1
P3_13496,CCOC(=O)c1cnc2ccc(C)cc2c1NCC(C)(C)O,1
P3_13497,CCOC(=O)c1cnc2ccc(C)cc2c1NC[C@@H](C)O,1
P3_13498,CCOC(=O)c1cnc2ccc(C)cc2c1NC[C@H](C)O,1
P3_13499,CCOC(=O)c1cnc2ccc(OC)cc2c1NCC(C)(C)O,1
P3_13500,CCOC(=O)c1cnc2ccccc2c1NCCCOC(C)C,1
P3_13501,CCOC(=O)c1cnc2ccc(OC)cc2c1NC[C@@H](C)O,1
P3_13502,CCOC(=O)c1cnc2ccc(OC)cc2c1NC[C@H](C)O,1
P3_13503,CCOC(=O)c1cnc2ccc(OC)cc2c1NC[C@H](C)CCO,1
P3_13504,CCOC(=O)c1cnc2ccc(OC)cc2c1NC[C@@H](C)CCO,1
P3_13505,CCOC(=O)c1cnc2ccc(OC)cc2c1NC[C@@H](O)CC,1
P3_13506,CCOC(=O)c1cnc2ccc(C)cc2c1NCC(C)(C)CCO,0
P3_13507,CCOC(=O)c1cnc2c(Cl)cccc2c1NCCCOC,1
P3_13508,CCOC(=O)c1cnc2ccc(OC)cc2c1NCC(C)(C)CCO,0
P3_13509,CCOC(=O)c1cnc2ccc(F)cc2c1NCC(C)(C)O,1
P3_13510,CCOC(=O)c1cnc2ccc(C)cc2c1NCC(C)(C)OC,1
P3_13511,CCOC(=O)c1cnc2ccc(C)cc2c1NC[C@H](C)CO,1
P3_13512,CCOC(=O)c1cnc2ccc(C)cc2c1NC[C@@H](C)CO,1
P3_13513,CCOC(=O)c1cnc2ccc(OCC)cc2c1NC[C@H](C)O,1
P3_13514,CCOC(=O)c1cnc2ccc(Br)cc2c1NC[C@H](C)O,1
P3_13515,CCOC(=O)c1cnc2ccc(C)cc2c1NC[C@@](C)(O)CC,1
P3_13516,CCOC(=O)c1cnc2ccc(C)cc2c1NC[C@](C)(O)CC,1
P3_13517,CCOC(=O)c1cnc2ccc(Br)cc2c1NC[C@@H](C)O,1
P3_13518,CCOC(=O)c1cnc2ccc(OC)cc2c1NC[C@](C)(O)CC,1
P3_13519,CCOC(=O)c1cnc2ccc(OC)cc2c1NC[C@@](C)(O)CC,1
P3_13520,CCOC(=O)c1cnc2ccc(OC)cc2c1NCC(C)(C)CO,1
P3_13521,CCOC(=O)c1cnc2ccc(OC)cc2c1NC[C@@H](C)CO,1
P3_13522,CCOC(=O)c1cnc2ccc(OC)cc2c1NC[C@H](C)CO,1
P3_13523,CCOC(=O)c1cnc2c(C)cccc2c1NCCCO,0
P3_13524,CCOC(=O)c1cnc2ccc(F)cc2c1NC[C@H](C)CO,1
P3_13525,CCOC(=O)c1cnc2ccc(F)cc2c1NC[C@@H](C)CO,1
P3_13526,CCOC(=O)c1cnc2ccc(C)cc2c1NC[C@H](C)COC,1
P3_13527,CCOC(=O)c1cnc2ccc(C)cc2c1NC[C@@H](C)COC,1
P3_13528,CCOC(=O)c1cnc2ccc(OC)cc2c1NC[C@@H](C)C[C@H](C)O,1
P3_13529,CCOC(=O)c1cnc2ccc(C)cc2c1NCCC(=O)[O-],1
P3_13530,CCOC(=O)c1cnc2ccc(OC)cc2c1NCCC(=O)[O-],1
P3_13531,CCOC(=O)c1cnc2ccc(OC)cc2c1NCC[NH+](C)C,1
P3_13532,CCOC(=O)c1cnc2ccc(C)cc2c1NCCC(=O)NC,1
P3_13533,CCOC(=O)c1cnc2ccc(C)cc2c1NCCS(C)(=O)=O,1
P3_13534,CCOC(=O)c1cnc2ccc(C)cc2c1NCC[S@@](C)=O,1
P3_13535,CCOC(=O)c1cnc2ccc(C)cc2c1NCC[S@](C)=O,1
P3_13536,CCOC(=O)c1cnc2ccc(OC)cc2c1NCCC(=O)NC,1
P3_13537,CCOC(=O)c1cnc2ccc(OC)cc2c1NCC[S@@](C)=O,1
P3_13538,CCOC(=O)c1cnc2ccc(OC)cc2c1NCCS(C)(=O)=O,1
P3_13539,CCOC(=O)c1cnc2ccccc2c1NCCCOC,1
P3_13540,CCOC(=O)c1cnc2ccc(OCC)cc2c1NCC[NH+](C)C,1
P3_13541,CCOC(=O)c1cnc2ccccc2c1NCCCSC,1
P3_13542,CCOC(=O)c1cnc2ccccc2c1NCCN(C)C,1
P3_13543,CCOC(=O)c1cnc2ccccc2c1NCCN(C)CC,1
P3_13544,CCOC(=O)c1cnc2ccccc2c1NCCO,1
P3_13545,CCOC(=O)c1cnc2ccc(C)cc2c1NCCC(C)O,1
P3_13546,CCOC(=O)c1cnc2ccc(OC)cc2c1NCCC(C)O,1
P3_13547,COc1ccc(NC(=O)CSc2nccn2-c2cc(C)ccc2C)c(OC)c1,1
P3_13548,COc1ccc(NC(=O)CSc2nccn2-c2ccc(C)cc2C)c(OC)c1,0
P3_13549,COc1ccc(OC)c(NC(=O)CSc2nccn2-c2ccc(C)cc2C)c1,0
P3_13550,COc1ccc(OC)c(NC(=O)CSc2nccn2-c2cc(C)ccc2C)c1,0
P3_13551,COc1ccc(-n2ccnc2SCC(=O)Nc2cc(C)ccc2C)cc1,1
P3_13552,COc1cccc(-n2ccnc2SCC(=O)Nc2cc(C)ccc2C)c1,0
P3_13553,COc1ccc(C)cc1NC(=O)CSc1nccn1-c1cc(C)ccc1C,0
P3_13554,COc1ccc(-n2ccnc2SCC(=O)Nc2cc(OC)ccc2C)cc1,1
P3_13555,COc1ccc(NC(=O)CSc2nccn2-c2ccccc2C)c(OC)c1,1
P3_13556,COc1ccc(-n2ccnc2SCC(=O)Nc2ccccc2OC)c(C)c1,1
P3_13557,COc1ccc(-n2ccnc2SCC(=O)Nc2cc(C)ccc2OC)cc1,1
P3_13558,COc1cccc(NC(=O)CSc2nccn2-c2ccc(OC)cc2OC)c1,1
P3_13559,COc1ccc(C)cc1NC(=O)CSc1nccn1-c1ccccc1C,1
P3_13560,COc1ccccc1NC(=O)CSc1nccn1-c1ccc(C)cc1C,1
P3_13561,COc1ccccc1NC(=O)CSc1nccn1-c1cc(C)ccc1C,1
P3_13562,COc1cccc(-n2ccnc2SCC(=O)Nc2cc(OC)ccc2C)c1,1
P3_13563,COc1cccc(-n2ccnc2SCC(=O)Nc2cc(C)ccc2OC)c1,0
P3_13564,COc1ccc(NC(=O)CSc2nccn2-c2ccc(C)c(C)c2)c(OC)c1,0
P3_13565,COc1ccc(NC(=O)CSc2nccn2-c2cc(C)cc(C)c2)c(OC)c1,0
P3_13566,CCOc1ccc(-n2ccnc2SCC(=O)Nc2cc(C)ccc2C)cc1,1
P3_13567,COc1ccc(-n2ccnc2SCC(=O)Nc2ccc(C)cc2OC)cc1,0
P3_13568,COc1ccc(NC(=O)CSc2nccn2-c2cccc(C)c2)c(OC)c1,1
P3_13569,COc1cc(C)ccc1NC(=O)CSc1nccn1-c1ccccc1C,1
P3_13570,COc1ccc(-n2ccnc2SCC(=O)Nc2ccc(C)cc2C)cc1,0
P3_13571,COc1ccc(-n2ccnc2SCC(=O)Nc2cc(OC)c(OC)cc2C)cc1,1
P3_13572,COc1cccc(-n2ccnc2SCC(=O)Nc2ccc(C)cc2OC)c1,1
P3_13573,COc1ccc(OC)c(NC(=O)CSc2nccn2-c2ccc(C)c(C)c2)c1,0
P3_13574,COc1ccc(-n2ccnc2SCC(=O)Nc2ccc(OC)cc2OC)cc1,0
P3_13575,COc1ccc(OC)c(NC(=O)CSc2nccn2-c2cc(C)cc(C)c2)c1,0
P3_13576,COc1ccc(OC)c(NC(=O)CSc2nccn2-c2cccc(C)c2)c1,1
P3_13577,COc1ccc(-n2ccnc2SCC(=O)Nc2ccccc2F)c(C)c1,1
P3_13578,COc1ccc(NC(=O)CSc2nccn2-c2ccc(C)cc2C)cc1OC,1
P3_13579,COc1ccc(NC(=O)CSc2nccn2-c2cc(C)ccc2C)cc1OC,1
P3_13580,COc1ccc(-n2ccnc2SCC(=O)Nc2cc(F)ccc2C)cc1,0
P3_13581,COc1ccc(-n2ccnc2SCC(=O)Nc2ccc(C)cc2F)cc1,0
P3_13582,COc1cccc(-n2ccnc2SCC(=O)Nc2ccc(C)cc2C)c1,0
P3_13583,COc1ccc(-n2ccnc2SCC(=O)Nc2cc(C)ccc2F)cc1,0
P3_13584,Cc1cccc(-n2ccnc2SCC(=O)Nc2cc(C)ccc2C)c1,0
P3_13585,COc1cccc(-n2ccnc2SCC(=O)Nc2ccc(OC)cc2OC)c1,1
P3_13586,COc1ccc(NC(=O)CSc2nccn2-c2ccccc2)c(OC)c1,1
P3_13587,COc1ccc(-n2ccnc2SCC(=O)Nc2ccc(OC)cc2C)cc1,0
P3_13588,COc1ccc(-n2ccnc2SCC(=O)Nc2cc(OC)ccc2OC)cc1,1
P3_13589,COc1ccc(C)cc1NC(=O)CSc1nccn1-c1cccc(C)c1,1
P3_13590,COc1cccc(-n2ccnc2SCC(=O)Nc2cc(F)ccc2C)c1,1
P3_13591,COc1cccc(-n2ccnc2SCC(=O)Nc2ccc(OC)cc2C)c1,0
P3_13592,COc1cccc(-n2ccnc2SCC(=O)Nc2ccccc2C)c1,1
P3_13593,COc1cccc(-n2ccnc2SCC(=O)Nc2cc(OC)ccc2OC)c1,1
P3_13594,COc1ccc(-n2ccnc2SCC(=O)Nc2ccccc2C)cc1,0
P3_13595,COc1ccc(-n2ccnc2SCC(=O)Nc2cc(O)c(C)cc2C)cc1,1
P3_13596,COc1cccc(-n2ccnc2SCC(=O)Nc2cccc(OC)c2C)c1,1
P3_13597,Cc1ccc(C)c(-n2ccnc2SCC(=O)Nc2ccccc2F)c1,1
P3_13598,Cc1ccc(-n2ccnc2SCC(=O)Nc2ccccc2F)c(C)c1,1
P3_13599,COc1ccc(-n2ccnc2SCC(=O)Nc2ccc(C)c(O)c2C)cc1,0
P3_13600,COc1cccc(-n2ccnc2SCC(=O)Nc2ccccc2OC)c1,1
P3_13601,COc1ccc(-n2ccnc2SCC(=O)Nc2c(C)cc(C)cc2C)cc1,1
P3_13602,COc1ccc(-n2ccnc2SCC(=O)Nc2ccccc2OC)cc1,1
P3_13603,CCOc1ccc(-n2ccnc2SCC(=O)Nc2ccc(C)cc2C)cc1,0
P3_13604,COc1cccc(-n2ccnc2SCC(=O)Nc2cccc(C)c2C)c1,1
P3_13605,COc1ccc(-n2ccnc2SCC(=O)Nc2ccc(C)cc2)cc1,0
P3_13606,Cc1ccc(-n2ccnc2SCC(=O)Nc2ccccc2)c(C)c1,0
P3_13607,Cc1ccc(C)c(-n2ccnc2SCC(=O)Nc2ccccc2)c1,0
P3_13608,COc1ccc(-n2ccnc2SCC(=O)Nc2ccc(C)c(C)c2)cc1,1
P3_13609,COc1ccc(-n2ccnc2SCC(=O)Nc2cc(OC)ccc2F)cc1,1
P3_13610,COc1cccc(-n2ccnc2SCC(=O)Nc2ccc(C)cc2)c1,1
P3_13611,COc1ccc(-n2ccnc2SCC(=O)Nc2ccc(F)cc2C)cc1,0
P3_13612,COc1cccc(-n2ccnc2SCC(=O)Nc2c(C)cccc2OC)c1,0
P3_13613,COc1ccc(-n2ccnc2SCC(=O)Nc2cc(F)ccc2OC)cc1,1
P3_13614,COc1ccc(-n2ccnc2SCC(=O)Nc2ccc(F)cc2OC)cc1,0
P3_13615,COc1ccc(-n2ccnc2SCC(=O)Nc2cc(C)cc(C)c2)cc1,1
P3_13616,COc1cccc(-n2ccnc2SCC(=O)Nc2cccc(C)c2)c1,1
P3_13617,COc1ccc(-n2ccnc2SCC(=O)Nc2cccc(C)c2)cc1,1
P3_13618,COc1cccc(-n2ccnc2SCC(=O)Nc2c(C)cc(C)cc2C)c1,1
P3_13619,COc1ccc(-n2ccnc2SCC(=O)Nc2cccc(C)c2C)cc1,1
P3_13620,COc1cccc(-n2ccnc2SCC(=O)Nc2cccc(OC)c2F)c1,1
P3_13621,COc1ccc(NC(=O)CSc2nccn2-c2cccc(C)c2C)c(OC)c1,1
P3_13622,COc1ccc(OC)c(NC(=O)CSc2nccn2-c2ccccc2C)c1,1
P3_13623,Cc1ccc(C)c(NC(=O)CSc2nccn2-c2cccc(C)c2C)c1,0
P3_13624,COc1ccc(OC)c(NC(=O)CSc2nccn2-c2cccc(C)c2C)c1,1
P3_13625,COc1ccc(F)c(NC(=O)CSc2nccn2-c2ccccc2C)c1,0
P3_13626,COc1ccc(NC(=O)CSc2nccn2-c2ccc(F)cc2)c(OC)c1,0
P3_13627,COc1ccc(-n2ccnc2SCC(=O)Nc2cc(C#N)ccc2C)cc1,1
P3_13628,COc1cccc(-n2ccnc2SCC(=O)Nc2cc(C#N)ccc2C)c1,1
P3_13629,COc1ccc(NC(=O)CSc2nccn2-c2cccc(F)c2)c(OC)c1,1
P3_13630,COc1ccc(-n2ccnc2SCC(=O)Nc2ccc(C#N)cc2)c(C)c1,0
P3_13631,COc1ccc(-n2ccnc2SCC(=O)Nc2ccccc2C)c(C)c1,0
P3_13632,COc1ccc(-n2ccnc2SCC(=O)Nc2cc(C)c(OC)cc2C)cc1,1
P3_13633,Cc1ccc(-n2ccnc2SCC(=O)Nc2cc(CO)ccc2C)c(C)c1,0
P3_13634,COc1ccc(-n2ccnc2SCC(=O)Nc2cc(Cl)ccc2C)cc1,1
P3_13635,COc1ccc(-n2ccnc2SCC(=O)Nc2cc(C)ccc2Cl)cc1,1
P3_13636,Cc1ccc(-n2ccnc2SCC(=O)Nc2ccccc2C)c(C)c1,0
P3_13637,Cc1ccc(C)c(-n2ccnc2SCC(=O)Nc2cc(CO)ccc2C)c1,0
P3_13638,COc1ccc(-n2ccnc2SCC(=O)Nc2cc(CO)ccc2C)cc1,1
P3_13639,COc1cccc(-n2ccnc2SCC(=O)Nc2cc(Cl)ccc2C)c1,1
P3_13640,COc1ccc(-n2ccnc2SCC(=O)Nc2ccc(C)cc2Cl)cc1,1
P3_13641,COc1cccc(-n2ccnc2SCC(=O)Nc2cc(CO)ccc2C)c1,0
P3_13642,CC=C(C)C=Cc1ccc(O)cc1,1
P3_13643,O=C(/C=C\c1ccc(O)cc1)OCCF,1
P3_13644,CCCCCCCC(=O)/C=C/c1ccc(O)cc1,1
P3_13645,CCCCCCC(=O)/C=C/c1ccc(O)cc1,1
P3_13646,CCCCCCC(=O)/C=C\c1ccc(O)cc1,1
P3_13647,O=C(/C=C/c1ccc(O)cc1)OC/C=C/Cl,1
P3_13648,O=C(/C=C\c1ccc(O)cc1)OCCC(F)(F)F,0
P3_13649,O=C(/C=C/c1ccc(O)cc1)OC/C=C\Cl,1
P3_13650,O=C(/C=C\c1ccc(O)cc1)OC/C=C/Cl,1
P3_13651,O=C(/C=C\c1ccc(O)cc1)OC/C=C\Cl,1
P3_13652,O=C(/C=C/c1ccc(O)cc1)OCCC(F)(F)F,0
P3_13653,CC(C)=Cc1cccc(C=CC(=O)O)c1,0
P3_13654,CC(O)CCOC(=O)C=Cc1ccc(O)cc1,1
P3_13655,C=C(C=Cc1ccc(O)cc1)COC,1
P3_13656,CCCC(O)COC(=O)C=Cc1ccc(O)cc1,1
P3_13657,CC(C)=Cc1ccc(F)c(C=CC(=O)O)c1,1
P3_13658,CCOC(=O)C=Cc1ccc([C@H](O)CO)cc1,1
P3_13659,CCOC(=O)C=Cc1ccc([C@@H](O)CO)cc1,1
P3_13660,O=C(O)CSCC=Cc1ccc(Cl)cc1,0
P3_13661,COc1ccc(C=CC(=O)C=C(N)C(Cl)(Cl)Cl)cc1,1
P3_13662,C=C(Cl)COC(=O)C=Cc1cccc(O)c1,1
P3_13663,CC(O)COC(=O)C=Cc1cccc(O)c1,1
P3_13664,CCCCCOC(=O)C=Cc1cccc(O)c1,0
P3_13665,CCCCCCOC(=O)C=Cc1cccc(O)c1,1
P3_13666,COC(C)(C)CCOC(=O)C=Cc1cccc(O)c1,0
P3_13667,O=C(O)COC(=O)C=Cc1cccc(Cl)c1,1
P3_13668,COC/C=C\C(=O)OC/C=C/c1ccc(Cl)cc1,1
P3_13669,C=CCCC(C)OC(=O)C=Cc1cccc(O)c1,1
P3_13670,CCCCOC(=O)C=Cc1ccc(O)c(OCC)c1,1
P3_13671,CCOC(=O)C=Cc1ccc(F)c(CO)c1,0
P3_13672,CC(=O)Cc1ccc(O)cc1,0
P3_13673,O=C(CCO)c1ccc(O)cc1,0
P3_13674,CCCC(=O)c1ccc(O)cc1,0
P3_13675,NC(=O)CCc1ccc(O)cc1,0
P3_13676,CC(=O)CCc1ccc(O)cc1,0
P3_13677,Cc1ccc(/C=C/I)cc1,1
P3_13678,CC(=O)NCc1ccc(O)cc1,0
P3_13679,O=C([O-])CCCc1ccc(O)cc1,0
P3_13680,CC(=O)OCCc1ccc(O)cc1,0
P3_13681,CC(=O)NCCc1ccc(O)cc1,0
P3_13682,Cc1ccc(/C=C/CO)cc1,0
P3_13683,OC/C=C/c1ccc(Cl)cc1,1
P3_13684,OC/C=C/c1ccc(Br)cc1,1
P3_13685,CC(C)=CCc1ccc(O)cc1,1
P3_13686,C=CCCc1ccc(O)cc1,1
P3_13687,Br/C=C\c1ccc(Br)cc1,1
P3_13688,CC(C)=C(C)c1ccc(O)cc1,1
P3_13689,Cc1ccc(/C=C/Br)cc1,1
P3_13690,OCCc1ccc(O)cc1,1
P3_13691,Br/C=C/c1ccc(Br)cc1,1
P3_13692,O=C(O)C=Cc1ccc(C(=O)NCCF)cc1,1
P3_13693,O=C(O)C=Cc1ccc(NC(=O)CCCO)cc1,0
P3_13694,O=C(O)C=Cc1ccc(NC(=O)CCCF)cc1,1
P3_13695,CN(CCCO)C(=O)c1ccc(C=CC(=O)O)cc1,1
P3_13696,CC(=O)/C=C/c1cccc(O)c1,1
P3_13697,O=C([O-])/C=C/c1ccc(O)c(Br)c1,1
P3_13698,CN(Cc1ccc(O)cc1)C(=O)CO,0
P3_13699,O=C([O-])/C=C/c1ccc(C(F)(F)F)c(O)c1,0
P3_13700,O=C([O-])/C=C\c1ccc(C(F)(F)F)c(O)c1,0
P3_13701,C=C(CC(=O)O)c1ccc(O)cc1,0
P3_13702,O=C(/C=C\c1cccc(O)c1)OCCO,1
P3_13703,O=C(/C=C/c1cccc(O)c1)OCCO,1
P3_13704,CN(Cc1ccc(O)cc1)C(=O)CCO,0
P3_13705,O=C([O-])/C=C/c1cc(Br)c(O)c(Br)c1,1
P3_13706,O=C(O)COC(=O)Cc1ccc(O)cc1,0
P3_13707,O=C(O)CCOC(=O)Cc1ccc(O)cc1,1
P3_13708,O=C(OCCO)c1ccc(O)cc1,1
P3_13709,CCC=Cc1ccc(O)c(CCC(=O)O)c1,0
P3_13710,CC(C)=Cc1ccc(CC(=O)O)c(O)c1,1
P3_13711,O=C(Cc1ccc(O)cc1)OC/C(Cl)=C\Cl,1
P3_13712,O=C(Cc1ccc(O)cc1)OC/C(Cl)=C/Cl,1
P3_13713,CC(C)OC(=O)Cc1ccc(O)cc1,1
P3_13714,O=C(Cc1ccc(O)cc1)OCCO,1
P3_13715,CC(C)=Cc1ccc(C(O)C(=O)O)cc1,0
P3_13716,O=C(O)CCc1cc(C=C(F)F)ccc1O,1
P3_13717,O=C(Cc1ccc(O)cc1)OCCF,1
P3_13718,O=C(CCc1ccc(O)cc1)OCC=C(Cl)Cl,1
P3_13719,COc1ccc(Nc2ccnc3cc(Cl)ccc23)cc1,1
P3_13720,CCOc1ccc(Nc2ccnc3ccccc23)cc1,1
P3_13721,Oc1ccc(Nc2ccnc3cc(Cl)ccc23)cc1,1
P3_13722,COc1ccc(Nc2ccnc3cc(Cl)ccc23)cc1OC,1
P3_13723,COCCOc1ccc(Nc2ccnc3ccc(Cl)cc23)cc1,1
P3_13724,COc1ccc(Nc2ccnc3ccc(Cl)cc23)cc1,1
P3_13725,COc1cccc(Nc2ccnc3cc(Cl)ccc23)c1,1
P3_13726,COc1ccc(Nc2ccnc3cc(Cl)ccc23)cc1O,1
P3_13727,COCCOc1ccc(Nc2ccnc3cc(OC)ccc23)cc1,1
P3_13728,Oc1cccc(Nc2ccnc3cc(Cl)ccc23)c1,1
P3_13729,C#Cc1ccc(Nc2ccnc3cc(OC)ccc23)cc1,1
P3_13730,C[NH2+]Cc1ccc(Nc2ccnc3ccc(Cl)cc23)cc1,1
P3_13731,CCOc1cccc(Nc2ccnc3ccccc23)c1,1
P3_13732,Nc1ccc(Nc2ccnc3ccc(Cl)cc23)cc1,1
P3_13733,Fc1ccc(Nc2ccnc3ccc(Cl)cc23)cc1,1
P3_13734,[NH3+]Cc1ccc(Nc2ccnc3ccc(Cl)cc23)cc1,1
P3_13735,OCc1ccc(Nc2ccnc3ccc(Cl)cc23)cc1,1
P3_13736,C[NH+](C)Cc1ccc(Nc2ccnc3ccc(Cl)cc23)cc1,1
P3_13737,COCCOc1ccc(Nc2ccnc3ccccc23)cc1,1
P3_13738,COc1cc(O)ccc1Nc1ccnc2cc(Cl)ccc12,1
P3_13739,COc1ccc(Nc2ccnc3ccccc23)cc1,1
P3_13740,COc1c(O)cccc1Nc1ccnc2cc(Cl)ccc12,1
P3_13741,COc1ccc(Nc2ccnc3ccc(OC)cc23)cc1,1
P3_13742,COCCCOc1ccc(Nc2ccnc3ccccc23)cc1,1
P3_13743,CC(C)(O)c1ccc(Nc2ccnc3ccc(Cl)cc23)cc1,1
P3_13744,OCCc1ccc(Nc2ccnc3ccc(Cl)cc23)cc1,1
P3_13745,COc1cccc(Nc2ccnc3ccc(Cl)cc23)c1,1
P3_13746,C[NH+](C)CCOc1ccc(Nc2ccnc3ccccc23)cc1,1
P3_13747,CCOc1ccc(Nc2ccnc3ccccc23)cc1F,1
P3_13748,C#CCOc1ccc(Nc2ccnc3ccccc23)cc1,1
P3_13749,COCc1ccc(Nc2ccnc3cc(OC)ccc23)cc1F,1
P3_13750,COc1ccc(Nc2ccnc3ccc(Cl)cc23)cc1O,1
P3_13751,Cc1ccc(Nc2ccnc3ccc(Cl)cc23)cc1CO,1
P3_13752,Cc1cc(Nc2ccnc3ccc(Cl)cc23)ccc1CO,1
P3_13753,COc1ccc(Nc2ccnc3ccc(Cl)cc23)cc1N,1
P3_13754,COc1cc(Nc2ccnc3ccc(Cl)cc23)ccc1O,1
P3_13755,Cc1ccc(Nc2ccnc3ccc(Cl)cc23)cc1N,1
P3_13756,C[NH2+]Cc1cccc(Nc2ccnc3ccc(Cl)cc23)c1,1
P3_13757,C#Cc1cccc(Nc2ccnc3cc(OC)ccc23)c1,1
P3_13758,OCc1ccc(Nc2ccnc3cc(Br)ccc23)cc1,1
P3_13759,[NH3+]Cc1ccc(Nc2ccnc3cc(Br)ccc23)cc1,1
P3_13760,COc1ccc(Nc2ccnc3ccc(F)cc23)cc1,1
P3_13761,Oc1ccc(Nc2ccnc3cc(Br)ccc23)cc1,1
P3_13762,Nc1ccc(Nc2ccnc3cc(Br)ccc23)cc1,1
P3_13763,CC[NH2+]Cc1cccc(Nc2ccnc3cc(OC)ccc23)c1,1
P3_13764,COCCOc1cccc(Nc2ccnc3cc(OC)ccc23)c1,1
P3_13765,Cc1cc(CO)cc(Nc2ccnc3ccc(Cl)cc23)c1,1
P3_13766,COc1ccc(Nc2ccnc3cc(OC)ccc23)c(O)c1,1
P3_13767,COc1ccc(Nc2ccnc3cc(OC)ccc23)c(N)c1,1
P3_13768,COCc1ccc(Nc2ccnc3ccccc23)cc1,1
P3_13769,C[NH+](C)Cc1cccc(Nc2ccnc3ccc(Cl)cc23)c1,1
P3_13770,Cc1ccc(Nc2ccnc3ccccc23)cc1,1
P3_13771,OCc1cccc(Nc2ccnc3ccc(Cl)cc23)c1,1
P3_13772,CCOc1ccccc1Nc1ccnc2ccccc12,1
P3_13773,OCc1ccc(Nc2ccnc3ccccc23)cc1Cl,1
P3_13774,COc1ccc(Nc2ccnc3cc(Br)ccc23)cc1O,1
P3_13775,COc1cc(Nc2ccnc3cc(Br)ccc23)ccc1O,1
P3_13776,OCCc1cccc(Nc2ccnc3ccc(Cl)cc23)c1,1
P3_13777,OCc1cc(Cl)cc(Nc2ccnc3ccccc23)c1,1
P3_13778,COc1cc(Nc2ccnc3ccccc23)ccc1F,1
P3_13779,Oc1ccc(Nc2ccnc3ccccc23)cc1Cl,1
P3_13780,Nc1cc(Nc2ccnc3ccccc23)ccc1Cl,1
P3_13781,COc1cccc(Nc2ccnc3ccccc23)c1,1
P3_13782,Nc1ccc(Nc2ccnc3ccccc23)cc1Cl,1
P3_13783,Oc1cc(Cl)cc(Nc2ccnc3ccccc23)c1,1
P3_13784,c1ccc(Nc2ccnc3ccccc23)cc1,1
P3_13785,CN(C)c1ccc(Nc2ccnc3ccccc23)cc1,1
P3_13786,Fc1ccc(Nc2ccnc3ccccc23)cc1F,1
P3_13787,CCOc1ccc(N)cc1Nc1ccnc2ccccc12,1
P3_13788,C[NH2+]Cc1ccc(Nc2ccnc3ccc(I)cc23)cc1,1
P3_13789,Fc1ccc(Nc2ccnc3ccc(F)cc23)cc1,1
P3_13790,Nc1ccc(Nc2ccnc3ccccc23)cc1,1
P3_13791,Fc1ccc(Nc2ccnc3ccccc23)cc1,1
P3_13792,COCCOc1cccc(Nc2ccnc3ccccc23)c1,1
P3_13793,C[NH+](C)Cc1ccccc1Nc1ccnc2ccc(Cl)cc12,1
P3_13794,COc1cc(O)ccc1Nc1ccnc2ccc(Cl)cc12,1
P3_13795,Cc1cc(CO)ccc1Nc1ccnc2ccc(Cl)cc12,1
P3_13796,C#Cc1ccccc1Nc1ccnc2cc(OC)ccc12,1
P3_13797,Cc1ccc(Nc2ccnc3ccc(Cl)cc23)c(CO)c1,1
P3_13798,COc1ccc(Nc2ccnc3c(F)cc(F)cc23)cc1,1
P3_13799,COC(=O)Cc1ccc(Nc2ccnc3cc(Cl)ccc23)cc1,1
P3_13800,CC(=O)c1ccc(Nc2ccnc3cc(Cl)ccc23)cc1,1
P3_13801,C[S@@](=O)c1ccc(Nc2ccnc3cc(Cl)ccc23)cc1,1
P3_13802,C[S@](=O)c1ccc(Nc2ccnc3cc(Cl)ccc23)cc1,1
P3_13803,CC(=O)Nc1ccc(Nc2ccnc3cc(Cl)ccc23)cc1,1
P3_13804,O=C([O-])c1ccc(Nc2ccnc3cc(Cl)ccc23)cc1,1
P3_13805,COc1ccc(Nc2ccnc3cc(Cl)ccc23)cc1CO,1
P3_13806,COC(=O)Cc1ccc(Nc2ccnc3ccc(Cl)cc23)cc1,1
P3_13807,C[S@@](=O)c1ccc(Nc2ccnc3ccc(Cl)cc23)cc1,1
P3_13808,C[S@](=O)c1ccc(Nc2ccnc3ccc(Cl)cc23)cc1,1
P3_13809,Fc1ccc(Nc2ccnc3cc(Cl)ccc23)c(F)c1,1
P3_13810,CCOC(=O)c1cccc(Nc2ccnc3ccc(Cl)cc23)c1,1
P3_13811,COc1ccc(Nc2ccnc3ccc(Cl)cc23)cc1CO,1
P3_13812,O=C([O-])c1ccc(Nc2ccnc3ccc(Cl)cc23)cc1,1
P3_13813,COc1ccc(OC)c(Nc2ccnc3ccc(Cl)cc23)c1,1
P3_13814,CC(=O)c1ccc(Nc2ccnc3cc(Br)ccc23)cc1,1
P3_13815,COC(=O)c1cccc(Nc2ccnc3ccc(Cl)cc23)c1,1
P3_13816,CCOC(=O)c1cccc(Nc2ccnc3cc(F)ccc23)c1,1
P3_13817,CC(=O)Nc1ccc(Nc2ccnc3ccc(Cl)cc23)cc1F,1
P3_13818,COc1cccc(Nc2ccnc3ccc(Cl)cc23)c1OC,1
P3_13819,COc1cc(Nc2ccnc3ccccc23)ccc1C,1
P3_13820,COc1cc(C)cc(Nc2ccnc3ccccc23)c1,1
P3_13821,COc1ccc(F)c(Nc2ccnc3ccccc23)c1,1
P3_13822,COc1ccc(Nc2ccnc3ccccc23)cc1C,1
P3_13823,CCOC(=O)c1cccc(Nc2ccnc3cc(Cl)c(OC)cc23)c1,1
P3_13824,COCc1ccc(Nc2ccnc3ccccc23)cc1F,1
P3_13825,CC(=O)Nc1ccc(Nc2ccnc3ccccc23)cc1Cl,1
P3_13826,CC(=O)Nc1ccc(Nc2ccnc3ccccc23)cc1,1
P3_13827,CCOc1cccc(Nc2ccnc3c(C(=O)OC)cccc23)c1,1
P3_13828,COCc1cccc(Nc2ccnc3ccccc23)c1,1
P3_13829,COc1ccc(Nc2ccnc3ccccc23)cc1F,1
P3_13830,COc1cc(F)cc(Nc2ccnc3ccccc23)c1,1
P3_13831,COCCOc1ccc(Nc2ccnc3ccccc23)cc1F,1
P3_13832,COc1ccc(Nc2ccnc3ccccc23)c(C)c1,1
P3_13833,COc1ccc(Nc2ccnc3ccccc23)c(OC)c1,1
P3_13834,OCc1ccc(Nc2ccnc3ccc(Br)cc23)cc1,1
P3_13835,COc1ccc(C)c(Nc2ccnc3ccccc23)c1,1
P3_13836,COCCCOc1ccc(Nc2ccnc3ccccc23)cc1F,1
P3_13837,CCc1ccc(NS(=O)(=O)c2cc3c4c(c2)CCN4C(=O)CC3)cc1,0
P3_13838,CCCCc1ccc(NS(=O)(=O)c2cc3c4c(c2)CC(=O)N4CCC3)cc1,0
P3_13839,CCCCCc1ccc(NS(=O)(=O)c2cc3c4c(c2)CC(=O)N4CCC3)cc1,0
P3_13840,Cc1ccc(NS(=O)(=O)c2cc3c4c(c2)CCN4C(=O)CC3)cc1,1
P3_13841,N#CCc1ccc(NS(=O)(=O)c2cc3c4c(c2)CCN4C(=O)CC3)cc1,0
P3_13842,CCOc1ccc(NS(=O)(=O)c2cc3c4c(c2)CCN4C(=O)CC3)cc1,0
P3_13843,CC(C)(C)c1ccc(NS(=O)(=O)c2cc3c4c(c2)CCN4C(=O)CC3)cc1,0
P3_13844,O=C1CCc2cc(S(=O)(=O)Nc3ccc(Cl)cc3)cc3c2N1CC3,1
P3_13845,O=C1CCc2cc(S(=O)(=O)Nc3ccc(F)cc3)cc3c2N1CC3,0
P3_13846,O=C1CCc2cc(S(=O)(=O)Nc3ccc(Br)cc3)cc3c2N1CC3,0
P3_13847,CSc1ccc(NS(=O)(=O)c2cc3c4c(c2)CCN4C(=O)CC3)cc1,0
P3_13848,COc1ccc(NS(=O)(=O)c2cc3c4c(c2)CCN4C(=O)CC3)cc1,0
P3_13849,CC(C)c1ccc(NS(=O)(=O)c2cc3c4c(c2)CCN4C(=O)CC3)cc1,0
P3_13850,CCc1cccc(NS(=O)(=O)c2cc3c4c(c2)CCN4C(=O)CC3)c1,0
P3_13851,CCc1cc(NS(=O)(=O)c2cc3c4c(c2)CCN4C(=O)CC3)ccc1C,0
P3_13852,CCc1ccc(NS(=O)(=O)c2cc3c4c(c2)CCN4C(=O)CC3)cc1C,0
P3_13853,CC(=O)c1ccc(NS(=O)(=O)c2cc3c4c(c2)CCN4C(=O)CC3)cc1,0
P3_13854,CCc1ccc(NS(=O)(=O)c2cc3c4c(c2)CCN4C(=O)CC3)cc1Cl,1
P3_13855,CCc1ccc(NS(=O)(=O)c2cc3c4c(c2)CCN4C(=O)CC3)cc1F,0
P3_13856,O=C1CCc2cc(S(=O)(=O)Nc3ccc(C(F)(F)F)cc3)cc3c2N1CC3,0
P3_13857,Cc1ccc(NS(=O)(=O)c2cc3c4c(c2)CCN4C(=O)CC3)cc1C,0
P3_13858,COC(=O)c1ccc(NS(=O)(=O)c2cc3c4c(c2)CCN4C(=O)CC3)cc1,0
P3_13859,CCCCc1ccc(NS(=O)(=O)c2cc3c4c(c2)[C@@H](C)C(=O)N4CCC3)cc1,0
P3_13860,CCCCc1ccc(NS(=O)(=O)c2cc3c4c(c2)[C@H](C)C(=O)N4CCC3)cc1,0
P3_13861,Cc1ccc(NS(=O)(=O)c2cc3c4c(c2)CCN4C(=O)CC3)cc1Cl,1
P3_13862,Cc1cc(C)cc(NS(=O)(=O)c2cc3c4c(c2)CCN4C(=O)CC3)c1,0
P3_13863,O=C1CCc2cc(S(=O)(=O)Nc3ccc(Cl)c(Cl)c3)cc3c2N1CC3,1
P3_13864,Cc1cc(NS(=O)(=O)c2cc3c4c(c2)CCN4C(=O)CC3)ccc1Cl,1
P3_13865,Cc1cc(NS(=O)(=O)c2cc3c4c(c2)CCN4C(=O)CC3)ccc1O,1
P3_13866,CCc1ccc(NS(=O)(=O)c2cc3c4c(c2)CC(=O)N4CCC3)cc1,0
P3_13867,Cc1ccc(NS(=O)(=O)c2cc3c4c(c2)CCN4C(=O)CC3)cc1F,1
P3_13868,Cc1cc(NS(=O)(=O)c2cc3c4c(c2)CCN4C(=O)CC3)ccc1F,1
P3_13869,Cc1ccc(NS(=O)(=O)c2cc3c4c(c2)CCN4C(=O)CC3)cc1O,1
P3_13870,CCc1ccc(O)c(NS(=O)(=O)c2cc3c4c(c2)CCN4C(=O)CC3)c1,1
P3_13871,O=C1CCc2cc(S(=O)(=O)Nc3cccc(CCO)c3)cc3c2N1CC3,0
P3_13872,CC(C)CCc1ccc(NS(=O)(=O)c2cc3c4c(c2)CC(=O)N4CCC3)cc1,0
P3_13873,CCc1cc(C)cc(CC)c1NS(=O)(=O)c1cc2c3c(c1)CCN3C(=O)CC2,0
P3_13874,Cc1cc(NS(=O)(=O)c2cc3c4c(c2)CCN4C(=O)CC3)cc(C)c1Cl,1
P3_13875,CCc1cccc(C)c1NS(=O)(=O)c1cc2c3c(c1)CCN3C(=O)CC2,0
P3_13876,N#CCc1cccc(NS(=O)(=O)c2cc3c4c(c2)CCN4C(=O)CC3)c1,0
P3_13877,Cc1cc(O)cc(NS(=O)(=O)c2cc3c4c(c2)CCN4C(=O)CC3)c1,0
P3_13878,Cc1cc(F)cc(NS(=O)(=O)c2cc3c4c(c2)CCN4C(=O)CC3)c1,0
P3_13879,O=C1Cc2cc(S(=O)(=O)Nc3ccc(CCC(F)(F)F)cc3)cc3c2N1CCC3,0
P3_13880,CSCc1ccc(NS(=O)(=O)c2cc3c4c(c2)CC(=O)N4CCC3)cc1,0
P3_13881,Cc1ccc(NS(=O)(=O)c2cc3c4c(c2)CCN4C(=O)CC3)c(C)c1,0
P3_13882,CCCOc1ccc(NS(=O)(=O)c2cc3c4c(c2)CC(=O)N4CCC3)cc1,0
P3_13883,Cc1ccc(NS(=O)(=O)c2cc3c4c(c2)CC(=O)N4CCC3)cc1,0
P3_13884,CC(C)(C)c1ccc(NS(=O)(=O)c2cc3c4c(c2)CC(=O)N4CCC3)cc1,0
P3_13885,Cc1ccc(NS(=O)(=O)c2cc3c4c(c2)CCN4C(=O)CC3)c(Cl)c1,1
P3_13886,O=C([O-])Cc1ccc(NS(=O)(=O)c2cc3c4c(c2)CC(=O)N4CCC3)cc1,0
P3_13887,CCN(CC)c1ccc(NS(=O)(=O)c2cc3c4c(c2)CC(=O)N4CCC3)cc1,0
P3_13888,N#CCc1ccc(NS(=O)(=O)c2cc3c4c(c2)CC(=O)N4CCC3)cc1,0
P3_13889,CCOc1ccc(NS(=O)(=O)c2cc3c4c(c2)CC(=O)N4CCC3)cc1,0
P3_13890,C/C=C\c1ccc(NS(=O)(=O)c2cc3c4c(c2)CC(=O)N4CCC3)cc1,0
P3_13891,C/C=C/c1ccc(NS(=O)(=O)c2cc3c4c(c2)CC(=O)N4CCC3)cc1,0
P3_13892,CCCCc1ccc(N(C)S(=O)(=O)c2cc3c4c(c2)CC(=O)N4CCC3)cc1,1
P3_13893,O=C1Cc2cc(S(=O)(=O)Nc3ccc(F)cc3)cc3c2N1CCC3,0
P3_13894,O=C1Cc2cc(S(=O)(=O)Nc3ccc(Br)cc3)cc3c2N1CCC3,0
P3_13895,O=C1Cc2cc(S(=O)(=O)Nc3ccc(Cl)cc3)cc3c2N1CCC3,1
P3_13896,O=C1Cc2cc(S(=O)(=O)Nc3ccc(O)cc3)cc3c2N1CCC3,0
P3_13897,CC(C)c1ccc(NS(=O)(=O)c2cc3c4c(c2)CC(=O)N4CCC3)cc1,0
P3_13898,O=C1Cc2cc(S(=O)(=O)Nc3ccc(C(F)(F)F)cc3)cc3c2N1CCC3,1
P3_13899,CSc1ccc(NS(=O)(=O)c2cc3c4c(c2)CC(=O)N4CCC3)cc1,0
P3_13900,COc1ccc(NS(=O)(=O)c2cc3c4c(c2)CC(=O)N4CCC3)cc1,0
P3_13901,CN(C)c1ccc(NS(=O)(=O)c2cc3c4c(c2)CC(=O)N4CCC3)cc1,0
P3_13902,CCc1cccc(NS(=O)(=O)c2cc3c4c(c2)CC(=O)N4CCC3)c1,0
P3_13903,CCc1ccc(NS(=O)(=O)c2cc3c4c(c2)CC(=O)N4CCC3)cc1C,0
P3_13904,CCc1cc(NS(=O)(=O)c2cc3c4c(c2)CC(=O)N4CCC3)ccc1C,0
P3_13905,CCc1ccc(NS(=O)(=O)c2cc3c4c(c2)CC(=O)N4CCC3)cc1Cl,1
P3_13906,CCc1ccc(NS(=O)(=O)c2cc3c4c(c2)CC(=O)N4CCC3)cc1F,0
P3_13907,CCc1cc(NS(=O)(=O)c2cc3c4c(c2)CC(=O)N4CCC3)ccc1F,0
P3_13908,CC(=O)Nc1ccc(NS(=O)(=O)c2cc3c4c(c2)CC(=O)N4CCC3)cc1,0
P3_13909,CC(=O)c1ccc(NS(=O)(=O)c2cc3c4c(c2)CC(=O)N4CCC3)cc1,0
P3_13910,CC(C)(C#N)c1ccc(NS(=O)(=O)c2cc3c4c(c2)CC(=O)N4CCC3)cc1,0
P3_13911,CCc1ccc(NS(=O)(=O)c2cc3c4c(c2)[C@H](C)C(=O)N4CCC3)cc1,1
P3_13912,CCc1ccc(NS(=O)(=O)c2cc3c4c(c2)[C@@H](C)C(=O)N4CCC3)cc1,1
P3_13913,Cc1ccc(NS(=O)(=O)c2cc3c4c(c2)CC(=O)N4CCC3)cc1C,0
P3_13914,CC(C)Oc1ccc(NS(=O)(=O)c2cc3c4c(c2)CC(=O)N4CCC3)cc1,0
P3_13915,CC(C)(C)Oc1ccc(NS(=O)(=O)c2cc3c4c(c2)CC(=O)N4CCC3)cc1,0
P3_13916,N#Cc1ccc(NS(=O)(=O)c2cc3c4c(c2)CC(=O)N4CCC3)cc1,0
P3_13917,CCCc1ccccc1NS(=O)(=O)c1cc2c3c(c1)CC(=O)N3CCC2,0
P3_13918,Cc1ccc(NS(=O)(=O)c2cc3c4c(c2)CC(=O)N4CCC3)cc1Cl,1
P3_13919,NC(=O)c1ccc(NS(=O)(=O)c2cc3c4c(c2)CC(=O)N4CCC3)cc1,0
P3_13920,O=C([O-])c1ccc(NS(=O)(=O)c2cc3c4c(c2)CC(=O)N4CCC3)cc1,0
P3_13921,CC(C)CCOc1ccc(NS(=O)(=O)c2cc3c4c(c2)CC(=O)N4CCC3)cc1,0
P3_13922,CCSCc1cccc(NS(=O)(=O)c2cc3c4c(c2)CC(=O)N4CCC3)c1,0
P3_13923,O=C1Cc2cc(S(=O)(=O)Nc3cccc(CCO)c3)cc3c2N1CCC3,0
P3_13924,CCc1ccc(O)c(NS(=O)(=O)c2cc3c4c(c2)CC(=O)N4CCC3)c1,1
P3_13925,Cc1cc(NS(=O)(=O)c2cc3c4c(c2)CC(=O)N4CCC3)ccc1O,1
P3_13926,Cc1ccc(NS(=O)(=O)c2cc3c4c(c2)CC(=O)N4CCC3)cc1F,0
P3_13927,Cc1ccc(NS(=O)(=O)c2cc3c4c(c2)CC(=O)N4CCC3)cc1O,1
P3_13928,Cc1cc(NS(=O)(=O)c2cc3c4c(c2)CC(=O)N4CCC3)ccc1F,0
P3_13929,Cc1cc(NS(=O)(=O)c2cc3c4c(c2)CC(=O)N4CCC3)ccc1Cl,1
P3_13930,CCc1cccc(CC)c1NS(=O)(=O)c1cc2c3c(c1)CC(=O)N3CCC2,0
P3_13931,Cc1cc(C)cc(NS(=O)(=O)c2cc3c4c(c2)CC(=O)N4CCC3)c1,0
P3_13932,O=C1CCc2cc(S(=O)(=O)Nc3ccccc3)cc3c2N1CC3,0
P3_13933,CCCc1ccccc1NS(=O)(=O)c1cc2c3c(c1)CCN3C(=O)CC2,0
P3_13934,COc1ccc(NS(=O)(=O)c2cc3c4c(c2)CCN4C(=O)CC3)cc1OC,0
P3_13935,Cc1cc(NS(=O)(=O)c2cc3c4c(c2)CCN4C(=O)CC3)ccc1Br,1
P3_13936,CC[C@H](C)c1cccc(NS(=O)(=O)c2cc3c4c(c2)CCN4C(=O)CC3)c1,0
P3_13937,CC[C@@H](C)c1cccc(NS(=O)(=O)c2cc3c4c(c2)CCN4C(=O)CC3)c1,0
P3_13938,Cc1cccc(NS(=O)(=O)c2cc3c4c(c2)CCN4C(=O)CC3)c1,0
P3_13939,CCOc1cccc(NS(=O)(=O)c2cc3c4c(c2)CCN4C(=O)CC3)c1,0
P3_13940,COCc1cccc(NS(=O)(=O)c2cc3c4c(c2)CCN4C(=O)CC3)c1,0
P3_13941,CCc1ccccc1NS(=O)(=O)c1cc2c3c(c1)CCN3C(=O)CC2,0
P3_13942,Cc1ccc(CO)cc1NS(=O)(=O)c1cc2c3c(c1)CCN3C(=O)CC2,0
P3_13943,COc1ccc(NS(=O)(=O)c2cc3c4c(c2)CCN4C(=O)CC3)cc1Cl,1
P3_13944,CSc1cccc(NS(=O)(=O)c2cc3c4c(c2)CCN4C(=O)CC3)c1,0
P3_13945,CC(C)c1cccc(NS(=O)(=O)c2cc3c4c(c2)CCN4C(=O)CC3)c1,0
P3_13946,CCc1cc(O)ccc1NS(=O)(=O)c1cc2c3c(c1)CCN3C(=O)CC2,1
P3_13947,Cc1cc(C)c(NS(=O)(=O)c2cc3c4c(c2)CCN4C(=O)CC3)c(C)c1,0
P3_13948,Cc1ccccc1NS(=O)(=O)c1cc2c3c(c1)CCN3C(=O)CC2,0
P3_13949,CCOc1ccccc1NS(=O)(=O)c1cc2c3c(c1)CCN3C(=O)CC2,1
P3_13950,Cc1ccc(C)c(NS(=O)(=O)c2cc3c4c(c2)CCN4C(=O)CC3)c1,0
P3_13951,Cc1cccc(NS(=O)(=O)c2cc3c4c(c2)CCN4C(=O)CC3)c1C,0
P3_13952,CSc1ccccc1NS(=O)(=O)c1cc2c3c(c1)CCN3C(=O)CC2,0
P3_13953,CC(C)CCc1ccccc1NS(=O)(=O)c1cc2c3c(c1)CCN3C(=O)CC2,0
P3_13954,Cc1cc(Br)ccc1NS(=O)(=O)c1cc2c3c(c1)CCN3C(=O)CC2,0
P3_13955,Cc1ccc(O)cc1NS(=O)(=O)c1cc2c3c(c1)CCN3C(=O)CC2,0
P3_13956,Cc1ccc(NS(=O)(=O)c2cc3c4c(c2)CCN4C(=O)CC3)c(F)c1,0
P3_13957,CC(C)c1ccccc1NS(=O)(=O)c1cc2c3c(c1)CCN3C(=O)CC2,1
P3_13958,Cc1cc(O)ccc1NS(=O)(=O)c1cc2c3c(c1)CCN3C(=O)CC2,0
P3_13959,Cc1cc(F)ccc1NS(=O)(=O)c1cc2c3c(c1)CCN3C(=O)CC2,0
P3_13960,Cc1ccc(F)cc1NS(=O)(=O)c1cc2c3c(c1)CCN3C(=O)CC2,0
P3_13961,Cc1ccc(Cl)c(NS(=O)(=O)c2cc3c4c(c2)CCN4C(=O)CC3)c1,1
P3_13962,Cc1ccc(Cl)c(NS(=O)(=O)c2cc3c4c(c2)CCN4C(=O)CC3)c1C,0
P3_13963,Cc1cc(Cl)ccc1NS(=O)(=O)c1cc2c3c(c1)CCN3C(=O)CC2,0
P3_13964,Cc1ccc(Cl)cc1NS(=O)(=O)c1cc2c3c(c1)CCN3C(=O)CC2,1
P3_13965,Cc1cc(Cl)c(NS(=O)(=O)c2cc3c4c(c2)CCN4C(=O)CC3)cc1C,1
P3_13966,Cc1cccc(NS(=O)(=O)c2cc3c4c(c2)CCN4C(=O)CC3)c1F,0
P3_13967,Cc1c(F)cccc1NS(=O)(=O)c1cc2c3c(c1)CCN3C(=O)CC2,0
P3_13968,Cc1ccc(NS(=O)(=O)c2cc3c4c(c2)CCN4C(=O)CC3)c(Cl)c1C,0
P3_13969,Cc1cccc(NS(=O)(=O)c2cc3c4c(c2)CCN4C(=O)CC3)c1O,1
P3_13970,Cc1ccc(NS(=O)(=O)c2cc3c4c(c2)CCN4C(=O)CC3)c(C)c1O,1
P3_13971,Cc1c(Cl)cccc1NS(=O)(=O)c1cc2c3c(c1)CCN3C(=O)CC2,0
P3_13972,Cc1cccc(NS(=O)(=O)c2cc3c4c(c2)CCN4C(=O)CC3)c1Cl,0
P3_13973,Cc1cc(C)c(NS(=O)(=O)c2cc3c4c(c2)CCN4C(=O)CC3)cc1O,0
P3_13974,Cc1cc(C)c(NS(=O)(=O)c2cc3c4c(c2)CCN4C(=O)CC3)c(Cl)c1,0
P3_13975,COc1cc(C)ccc1NS(=O)(=O)c1cc2c3c(c1)CCN3C(=O)CC2,0
P3_13976,COc1cccc(NS(=O)(=O)c2cc3c4c(c2)CCN4C(=O)CC3)c1C,1
P3_13977,CC[C@H](C)Oc1ccc(NS(=O)(=O)c2cc3c4c(c2)CC(=O)N4CCC3)cc1,0
P3_13978,CC[C@@H](C)Oc1ccc(NS(=O)(=O)c2cc3c4c(c2)CC(=O)N4CCC3)cc1,0
P3_13979,COc1cccc(NS(=O)(=O)c2cc3c4c(c2)CCN4C(=O)CC3)c1,0
P3_13980,CC(=O)c1cccc(NS(=O)(=O)c2cc3c4c(c2)CCN4C(=O)CC3)c1,1
P3_13981,CC(=O)Nc1cccc(NS(=O)(=O)c2cc3c4c(c2)CCN4C(=O)CC3)c1,0
P3_13982,COc1ccc(NS(=O)(=O)c2cc3c4c(c2)CCN4C(=O)CC3)c(C)c1,0
P3_13983,COc1ccc(NS(=O)(=O)c2cc3c4c(c2)CCN4C(=O)CC3)c(OC)c1,0
P3_13984,Cc1ccc(C#N)cc1NS(=O)(=O)c1cc2c3c(c1)CCN3C(=O)CC2,0
P3_13985,O=C(O)c1ccc(NS(=O)(=O)c2cc3c4c(c2)CC(=O)N4CCC3)cc1,0
P3_13986,CCCOc1ccc(NS(=O)(=O)c2cc3c4c(c2)CC(=O)N4CCC3)cc1Cl,1
P3_13987,CC(C)(C)C(=O)c1ccc(NS(=O)(=O)c2cc3c4c(c2)CC(=O)N4CCC3)cc1,0
P3_13988,CCN(c1ccc(NC(=O)c2cccs2)cc1)C(C)C,0
P3_13989,CN(C)c1ccc(NC(=O)c2cccs2)cc1,1
P3_13990,CCC(=O)N(C)c1ccc(NC(=O)c2cccs2)cc1,1
P3_13991,CCC(=O)Nc1ccc(NC(=O)c2cccs2)cc1,1
P3_13992,CCN(CC)CC(=O)Nc1ccc(NC(=O)c2cccs2)cc1,1
P3_13993,CCN(CC)C(=O)c1ccc(NC(=O)c2cccs2)cc1,1
P3_13994,CCN(CC)Cc1ccc(NC(=O)c2cccs2)cc1,0
P3_13995,CCN(C(=O)C(F)(F)F)c1ccc(NC(=O)c2cccs2)cc1,1
P3_13996,CC(=O)N(C)c1ccc(NC(=O)c2cccs2)cc1,1
P3_13997,CCCCN(C)c1ccc(NC(=O)c2cccs2)cc1,1
P3_13998,CN(CCO)c1ccc(NC(=O)c2cccs2)cc1,1
P3_13999,CCN(C)C(=O)c1ccc(NC(=O)c2cccs2)cc1,0
P3_14000,CCN(CC)S(=O)(=O)Nc1ccc(NC(=O)c2cccs2)cc1,1
P3_14001,CCN(C)CC(=O)Nc1ccc(NC(=O)c2cccs2)cc1,1
P3_14002,CCN(CC)c1ccc(NC(=O)c2cccs2)cc1N,1
P3_14003,CCN(C)S(=O)(=O)Nc1ccc(NC(=O)c2cccs2)cc1,0
P3_14004,CCN(CC)S(=O)(=O)c1ccc(NC(=O)c2cccs2)cc1,1
P3_14005,CCN(CC)C(=O)Cc1ccc(NC(=O)c2cccs2)cc1,1
P3_14006,CCN(CC)C(=O)CCC(=O)Nc1ccc(NC(=O)c2cccs2)cc1,1
P3_14007,CCCc1ccc(NC(=O)c2cccs2)cc1,1
P3_14008,CCS(=O)(=O)Nc1ccc(NC(=O)c2cccs2)cc1,1
P3_14009,CCC(=O)c1ccc(NC(=O)c2cccs2)cc1,1
P3_14010,CC(=O)Nc1ccc(NC(=O)c2cccs2)cc1,1
P3_14011,Cc1ccc(NC(=O)c2cccs2)cc1,1
P3_14012,CCN(CC(C)=O)C(=O)c1ccc(NC(=O)c2cccs2)cc1,1
P3_14013,CCN(C)C(C)(C)C(=O)Nc1ccc(NC(=O)c2cccs2)cc1,1
P3_14014,CCS(=O)(=O)c1ccc(NC(=O)c2cccs2)cc1,1
P3_14015,CCC(CC)C(=O)Nc1ccc(NC(=O)c2cccs2)cc1,1
P3_14016,CN(C)CC(=O)Nc1ccc(NC(=O)c2cccs2)cc1,1
P3_14017,CCNC(=O)c1ccc(NC(=O)c2cccs2)cc1,0
P3_14018,CCN(CC)c1ccc(NC(=O)c2cccs2)cc1C(=O)[O-],0
P3_14019,CCN(C(=O)c1ccc(NC(=O)c2cccs2)cc1)C(C)C,1
P3_14020,CCN(OC)C(=O)c1ccc(NC(=O)c2cccs2)cc1,1
P3_14021,CCCN(CC)C(=O)c1ccc(NC(=O)c2cccs2)cc1,1
P3_14022,CCCN(CC)CC(=O)Nc1ccc(NC(=O)c2cccs2)cc1,1
P3_14023,CC[C@@H](C)c1ccc(NC(=O)c2cccs2)cc1,1
P3_14024,CC[C@H](C)c1ccc(NC(=O)c2cccs2)cc1,1
P3_14025,CCCC(=O)c1ccc(NC(=O)c2cccs2)cc1,1
P3_14026,CCN(CC)c1ccc(NC(=O)c2cc(C)cs2)cc1,1
P3_14027,O=C(CO)Nc1ccc(NC(=O)c2cccs2)cc1,1
P3_14028,CC(=O)c1ccc(NC(=O)c2cccs2)cc1,1
P3_14029,CC[C@H](C(=O)Nc1ccc(NC(=O)c2cccs2)cc1)N(C)C,1
P3_14030,CN(C(=O)C(F)(F)F)c1ccc(NC(=O)c2cccs2)cc1,1
P3_14031,CC[C@@H](C(=O)Nc1ccc(NC(=O)c2cccs2)cc1)N(C)C,1
P3_14032,CCN(C)c1cccc(NC(=O)c2cccs2)c1,1
P3_14033,CN(C)C(=O)c1ccc(NC(=O)c2cccs2)cc1,1
P3_14034,CCN(CC)c1ccc(NC(=O)c2ccc(C(C)=O)s2)cc1,1
P3_14035,CCN(CC)c1ccc(NC(=O)c2sccc2C)cc1,0
P3_14036,CCN(CC)C(=O)CNC(=O)c1ccc(NC(=O)c2cccs2)cc1,1
P3_14037,CCON(CC)CC(=O)Nc1ccc(NC(=O)c2cccs2)cc1,1
P3_14038,CCN(CC)CC(=O)Oc1ccc(NC(=O)c2cccs2)cc1,1
P3_14039,CCON(CC)C(=O)c1ccc(NC(=O)c2cccs2)cc1,1
P3_14040,Nc1ccc(NC(=O)c2cccs2)cc1,1
P3_14041,CC[NH+](CC)Cc1ccc(NC(=O)c2cccs2)cc1,1
P3_14042,CCCNC(=O)c1ccc(NC(=O)c2cccs2)cc1,1
P3_14043,CC[NH+](CC)CC(=O)Nc1ccc(NC(=O)c2cccs2)cc1,1
P3_14044,CCN(CC)c1ccc(NC(=O)c2ccc(NC(C)=O)s2)cc1,1
P3_14045,CCOCc1ccc(NC(=O)c2cccs2)cc1,1
P3_14046,CCC(=O)Oc1ccc(NC(=O)c2cccs2)cc1,1
P3_14047,CC(C)c1ccc(NC(=O)c2cccs2)cc1,1
P3_14048,CC(C)C(=O)Nc1ccc(NC(=O)c2cccs2)cc1,1
P3_14049,CC(C)(C)c1ccc(NC(=O)c2cccs2)cc1,1
P3_14050,[NH3+]Cc1ccc(NC(=O)c2cccs2)cc1,1
P3_14051,CNC(=O)c1ccc(NC(=O)c2cccs2)cc1,1
P3_14052,CSc1ccc(NC(=O)c2cccs2)cc1,1
P3_14053,COc1ccc(NC(=O)c2cccs2)cc1,1
P3_14054,CCCN(CCC)S(=O)(=O)Nc1ccc(NC(=O)c2cccs2)cc1,1
P3_14055,CCCN(C)CC(=O)Nc1ccc(NC(=O)c2cccs2)cc1,1
P3_14056,CCN(CC)c1ccc(NC(=O)c2sccc2F)cc1,0
P3_14057,CCN(CC)c1ccc(NC(=O)c2ccc(F)s2)cc1,1
P3_14058,CCN(CC)c1ccc(NC(=O)c2sccc2C(C)=O)cc1,0
P3_14059,CCN(CC)c1ccc(NC(=O)c2sccc2N)cc1,0
P3_14060,CCN(CC)c1ccc(NC(=O)c2sccc2Cl)cc1,1
P3_14061,C[NH+](C)Cc1ccc(NC(=O)c2cccs2)cc1,1
P3_14062,C[NH+](C)CC(=O)Nc1ccc(NC(=O)c2cccs2)cc1,1
P3_14063,CCN(CC)c1ccc(NC(=O)c2ccc(C(N)=O)s2)cc1,1
P3_14064,CCC(C)N(CC)C(=O)c1ccc(NC(=O)c2cccs2)cc1,1
P3_14065,C#CCN(CC)CC(=O)Nc1ccc(NC(=O)c2cccs2)cc1,1
P3_14066,CCc1ccc(NC(=O)c2cccs2)cc1,1
P3_14067,CCN(CC)c1ccc(NC(=O)c2cccs2)c(C)c1,1
P3_14068,CCOc1ccc(NC(=O)c2cccs2)cc1,1
P3_14069,CCN(CC)CCOc1ccc(NC(=O)c2cccs2)cc1,1
P3_14070,CCCCOc1ccc(NC(=O)c2cccs2)cc1,1
P3_14071,CCCOc1ccc(NC(=O)c2cccs2)cc1,1
P3_14072,CCc1ccc(C(=O)Nc2ccc(N(CC)CC)cc2)s1,1
P3_14073,CCNC(=O)Cc1ccc(NC(=O)c2cccs2)cc1,1
P3_14074,CCN(CC)c1ccc(NC(=O)c2cc(C)c(C)s2)cc1,1
P3_14075,CCc1ccc(NC(=O)c2cccs2)cc1C,0
P3_14076,CCN(CC)c1ccc(NC(=O)c2cc(OC)cs2)cc1,1
P3_14077,CC[C@@H](C)Oc1ccc(NC(=O)c2cccs2)cc1,1
P3_14078,CC[C@H](C)Oc1ccc(NC(=O)c2cccs2)cc1,1
P3_14079,CCCCCOc1ccc(NC(=O)c2cccs2)cc1,1
P3_14080,CC(C)Oc1ccc(NC(=O)c2cccs2)cc1,1
P3_14081,C/C=C\c1ccc(NC(=O)c2cccs2)cc1,1
P3_14082,CCc1ccc(NC(=O)c2cccs2)cc1Cl,1
P3_14083,CCc1ccc(NC(=O)c2cccs2)cc1F,1
P3_14084,CCCCCCOc1ccc(NC(=O)c2cccs2)cc1,1
P3_14085,COC(=O)N(C)Cc1ccc(NC(=O)c2cccs2)cc1,1
P3_14086,Cc1ccc(NC(=O)c2cccs2)cc1C,1
P3_14087,CC(C)COc1ccc(NC(=O)c2cccs2)cc1,1
P3_14088,NC(=S)Cc1ccc(NC(=O)c2cccs2)cc1,1
P3_14089,CC(C)NC(=O)Cc1ccc(NC(=O)c2cccs2)cc1,1
P3_14090,C=C(C)COc1ccc(NC(=O)c2cccs2)cc1,1
P3_14091,Cc1ccc(NC(=O)c2cccs2)cc1O,1
P3_14092,Cc1cc(NC(=O)c2cccs2)ccc1N(C)C,0
P3_14093,CC(C)CCOc1ccc(NC(=O)c2cccs2)cc1,1
P3_14094,CCC(C)S(=O)Oc1ccc(NC(=O)c2cccs2)cc1,1
P3_14095,Cc1ccc(NC(=O)c2cccs2)cc1Cl,1
P3_14096,Cc1ccc(NC(=O)c2cccs2)cc1I,1
P3_14097,Cc1ccc(NC(=O)c2cccs2)cc1Br,1
P3_14098,CN(C)c1ccc(NC(=O)c2cccs2)cc1F,1
P3_14099,C=CCOc1ccc(NC(=O)c2cccs2)cc1,1
P3_14100,CN(C)c1ccc(NC(=O)c2cccs2)cc1Cl,1
P3_14101,CN(C)Cc1ccc(NC(=O)c2cccs2)cc1Br,1
P3_14102,CN(C)Cc1ccc(NC(=O)c2cccs2)cc1F,1
P3_14103,COCC(C)CC(=O)Nc1ccc(NC(=O)c2cccs2)cc1,1
P3_14104,CN(C)Cc1ccc(NC(=O)c2cccs2)cc1Cl,1
P3_14105,CCN(CC)c1ccc(NC(=O)c2sc(C)cc2C)cc1,0
P3_14106,CNCCOCCN(C)C(=O)c1ccc(NC(=O)c2cccs2)cc1,0
P3_14107,C[NH+](C)Cc1ccc(NC(=O)c2cccs2)cc1Cl,1
P3_14108,C[NH+](C)Cc1ccc(NC(=O)c2cccs2)cc1F,1
P3_14109,C[NH+](C)Cc1ccc(NC(=O)c2cccs2)cc1Br,1
P3_14110,CC(C)N(C)c1ccc(NC(=O)c2cccs2)cc1F,1
P3_14111,NC(=O)c1ccc(NC(=O)c2cccs2)cc1O,1
P3_14112,CCc1ccc(C)cc1NC(=O)c1cccs1,1
P3_14113,Nc1c(Cl)cc(NC(=O)c2cccs2)cc1Cl,1
P3_14114,CN(C)CCOc1ccc(NC(=O)c2cccs2)cc1F,1
P3_14115,CN(C)CCOc1ccc(NC(=O)c2cccs2)cc1Cl,1
P3_14116,CCc1ccc(NC(=O)c2cccs2)c(C)c1,0
P3_14117,CN(C)CCOc1c(Cl)cc(NC(=O)c2cccs2)cc1Cl,1
P3_14118,COCCOc1c(Cl)cc(NC(=O)c2cccs2)cc1Cl,1
P3_14119,CC(C)Oc1ccc(NC(=O)c2cccs2)cc1C(N)=O,1
P3_14120,CC(C)(C)Oc1c(F)cc(NC(=O)c2cccs2)cc1F,0
P3_14121,Cc1ccc(NC(=O)c2cccs2)c(CN(C)C)c1,1
P3_14122,COc1c(C)cc(NC(=O)c2cccs2)cc1I,1
P3_14123,CCN(c1ccc(NC(=O)c2ccc(F)s2)cc1)C(C)C,0
P3_14124,CCN(c1ccc(NC(=O)c2sccc2F)cc1)C(C)C,0
P3_14125,Cc1cc(C)c(NC(=O)c2cccs2)cc1CO,0
P3_14126,Cc1cc(Cl)c(NC(=O)c2cccs2)cc1C,1
P3_14127,Cc1ccc(I)cc1NC(=O)c1cccs1,1
P3_14128,CCN(c1ccc(NC(=O)c2cc(OC)cs2)cc1)C(C)C,1
P3_14129,CCc1cc(OC)c(NC(=O)c2cccs2)cc1C,1
P3_14130,CCCCC(COC)Nc1cccc(NC(=O)c2cccs2)c1,1
P3_14131,Cc1cc(C)c(NC(=O)c2cccs2)cc1Br,1
P3_14132,Cc1cc(Cl)c(NC(=O)c2cccs2)cc1Cl,1
P3_14133,CN(C)c1ccc(NC(=O)c2cc(Cl)cs2)cc1,1
P3_14134,Cc1cc(C)c(NC(=O)c2cccs2)cc1Cl,1
P3_14135,CCN(c1ccc(NC(=O)c2cc(COC)cs2)cc1)C(C)C,0
P3_14136,COc1cc(C)c(NC(=O)c2cccs2)cc1OC,1
P3_14137,CN(C)c1ccc(NC(=O)c2sccc2Cl)cc1,1
P3_14138,CN(C)c1ccc(NC(=O)c2ccc(F)s2)cc1,1
P3_14139,CN(C)c1ccc(NC(=O)c2sccc2F)cc1,1
P3_14140,CC(C)Oc1ccc(NC(=O)c2cccs2)c(Cl)c1,1
P3_14141,C#Cc1ccc(NC(=O)c2cccs2)c(C)c1,1
P3_14142,COc1cc(Cl)c(NC(=O)c2cccs2)cc1OC,1
P3_14143,CCCCN(C)c1ccc(NC(=O)c2ccc(F)s2)cc1,1
P3_14144,CCCCN(C)c1ccc(NC(=O)c2sccc2F)cc1,0
P3_14145,COc1cc(OC)c(NC(=O)c2cccs2)cc1Cl,1
P3_14146,COC(=O)N(C)c1ccc(NC(=O)c2cccs2)cc1,1
P3_14147,CN(C)C(=O)Cc1ccc(NC(=O)c2cccs2)cc1,1
P3_14148,C=CCN(CC)C(=O)c1ccc(NC(=O)c2cccs2)cc1,1
P3_14149,CCN(CC)Cc1cccc(NC(=O)c2cccs2)c1,1
P3_14150,CCN(CC)c1ccc(NC(=O)c2cc(C(N)=O)cs2)cc1,1
P3_14151,NC(=S)Nc1ccc(NC(=O)c2cccs2)cc1,1
P3_14152,C[C@H](N)c1ccc(NC(=O)c2cccs2)cc1,1
P3_14153,C[C@@H](N)c1ccc(NC(=O)c2cccs2)cc1,1
P3_14154,CC(F)(F)C(=O)Nc1ccc(NC(=O)c2cccs2)cc1,1
P3_14155,CCN(CC)c1ccc(NC(=O)c2sccc2OC)cc1,0
P3_14156,CCN(CC)c1ccc(NC(=O)c2cc(C#N)cs2)cc1,1
P3_14157,CCN(CC)C(=O)c1cccc(NC(=O)c2cccs2)c1,1
P3_14158,CCN(C)C(=O)c1cccc(NC(=O)c2cccs2)c1,1
P3_14159,CCN(Cc1cccc(NC(=O)c2cccs2)c1)C(C)=O,1
P3_14160,CC(=O)c1ccc(NC(=O)c2cccs2)cc1C,1
P3_14161,CC(=O)N(C)c1cccc(NC(=O)c2cccs2)c1,1
P3_14162,CC(=O)c1ccc(NC(=O)c2cccs2)cc1Cl,1
P3_14163,CC(C)N(C)c1cccc(NC(=O)c2cccs2)c1,1
P3_14164,CCCC(=O)c1cccc(NC(=O)c2cccs2)c1,1
P3_14165,COC(=O)Nc1cccc(NC(=O)c2cccs2)c1,1
P3_14166,CN(C)C(=O)c1cccc(NC(=O)c2cccs2)c1,1
P3_14167,CN(C)C(=O)Cc1cccc(NC(=O)c2cccs2)c1,1
P3_14168,CCOC(=O)c1cccc(NC(=O)c2cccs2)c1,1
P3_14169,C#CCN(CC)C(=O)c1cccc(NC(=O)c2cccs2)c1,1
P3_14170,CC(C)c1ccc(NC(=O)c2cccs2)cc1F,1
P3_14171,CC(C)c1cccc(NC(=O)c2cccs2)c1,1
P3_14172,CN(C)c1ccc(NC(=O)c2cccs2)c(Cl)c1,1
P3_14173,CC(C)(CO)c1cccc(NC(=O)c2cccs2)c1,1
P3_14174,CNC(=S)Nc1cccc(NC(=O)c2cccs2)c1,1
P3_14175,C[C@@H](N)c1cccc(NC(=O)c2cccs2)c1,1
P3_14176,CC(C)C(=O)c1cccc(NC(=O)c2cccs2)c1,1
P3_14177,CON(C)C(=O)c1cccc(NC(=O)c2cccs2)c1,1
P3_14178,CC(C)(C(=O)O)c1cccc(NC(=O)c2cccs2)c1,1
P3_14179,CONC(=O)c1cccc(NC(=O)c2cccs2)c1,1
P3_14180,CCC(=O)N(C)c1ccc(NC(=O)c2cc(C)cs2)cc1,1
P3_14181,CCC(=O)N(C)c1ccc(NC(=O)c2cc(Cl)cs2)cc1,1
P3_14182,CCC(=O)N(C)c1ccc(NC(=O)c2cc(OC)cs2)cc1,1
P3_14183,CC(=O)N(C)c1ccc(NC(=O)c2cc(C)cs2)cc1,1
P3_14184,COC(=O)N(C)c1ccc(NC(=O)c2cc(OC)cs2)cc1,1
P3_14185,CC(C)c1ccc(NC(=O)c2sccc2F)cc1,1
P3_14186,CNc1ccc(NC(=O)c2cc(OC)cs2)cc1,1
P3_14187,CC[NH+](CC)Cc1ccc(NC(=O)c2ccc(F)s2)cc1,1
P3_14188,CCc1cccc(NC(=O)c2cc(F)cs2)c1,1
P3_14189,COc1ccc(NC(=O)c2cc(CN)cs2)cc1,0
P3_14190,CNc1ccc(NC(=O)c2ccc(OC)s2)cc1,0
P3_14191,COc1ccc(NC(=O)c2ccc(OC)s2)cc1,1
P3_14192,C[C@@H](N)c1ccc(NC(=O)c2sccc2F)cc1,1
P3_14193,C[C@H](O)c1ccc(NC(=O)c2cc(Cl)cs2)cc1,1
P3_14194,C[C@@H](O)c1ccc(NC(=O)c2cc(Cl)cs2)cc1,1
P3_14195,COCc1ccc(NC(=O)c2ccc(N)s2)cc1,1
P3_14196,C[C@H](N)c1ccc(NC(=O)c2sccc2F)cc1,1
P3_14197,C[C@H](N)c1ccc(NC(=O)c2sccc2Cl)cc1,1
P3_14198,C[C@@H](N)c1ccc(NC(=O)c2sccc2Cl)cc1,1
P3_14199,CCc1cccc(NC(=O)c2ccc(C)s2)c1,1
P3_14200,NC(=O)c1ccc(NC(=O)c2cc(Br)cs2)cc1,1
P3_14201,NC(=O)c1ccc(NC(=O)c2sccc2I)cc1,1
P3_14202,CC(C)c1ccc(NC(=O)c2ccc(N)s2)cc1,0
P3_14203,C[C@H](N)c1ccc(NC(=O)c2cc(F)cs2)cc1,1
P3_14204,C[C@@H](N)c1ccc(NC(=O)c2cc(F)cs2)cc1,1
P3_14205,CCOC(=O)N(C)c1ccc(NC(=O)c2cccs2)cc1,1
P3_14206,CCN(CC)C(C)C(=O)Nc1ccc(NC(=O)c2cccs2)cc1,1
P3_14207,CCN(CC)CCc1ccc(NC(=O)c2cccs2)cc1,1
P3_14208,CCCN(C)C(=O)c1ccc(NC(=O)c2cccs2)cc1,1
P3_14209,CN(C)Cc1ccc(NC(=O)c2cccs2)cc1,1
P3_14210,CCN(CC)C(=O)C(C)Nc1ccc(NC(=O)c2cccs2)cc1,0
P3_14211,CCC(C)c1ccc(NC(=O)c2cccs2)cc1,1
P3_14212,CCCN(CCC)C(=O)c1ccc(NC(=O)c2cccs2)cc1,1
P3_14213,CCCN(CCC)CC(=O)Nc1ccc(NC(=O)c2cccs2)cc1,1
P3_14214,CCN(CC)c1ccc(NC(=O)c2ccc(C)s2)cc1,0
P3_14215,CCc1ccc(NC(=O)c2cccs2)cc1CC,1
P3_14216,CC(C)Cc1ccc(NC(=O)c2cccs2)cc1,1
P3_14217,CCCCN(C)C(=O)c1ccc(NC(=O)c2cccs2)cc1,1
P3_14218,CCN(CCN(C)C)C(=O)c1ccc(NC(=O)c2cccs2)cc1,1
P3_14219,CCN(CC)CCNC(=O)c1ccc(NC(=O)c2cccs2)cc1,1
P3_14220,CCC(CC)CC(=O)Nc1ccc(NC(=O)c2cccs2)cc1,1
P3_14221,CN(C)CCC(=O)Nc1ccc(NC(=O)c2cccs2)cc1,1
P3_14222,CCON(C)C(=O)c1ccc(NC(=O)c2cccs2)cc1,0
P3_14223,CCC(CC)N(C)CC(=O)Nc1ccc(NC(=O)c2cccs2)cc1,1
P3_14224,COCc1ccc(NC(=O)c2cccs2)cc1,1
P3_14225,CC[C@@H](C)N(CC)C(=O)c1ccc(NC(=O)c2cccs2)cc1,1
P3_14226,CC[C@H](C)N(CC)C(=O)c1ccc(NC(=O)c2cccs2)cc1,1
P3_14227,CCN(CCF)CC(=O)Nc1ccc(NC(=O)c2cccs2)cc1,1
P3_14228,CCN(CCF)C(=O)c1ccc(NC(=O)c2cccs2)cc1,1
P3_14229,CCCCN(CC)C(=O)c1ccc(NC(=O)c2cccs2)cc1,1
P3_14230,CCC(C)N(CC)CC(=O)Nc1ccc(NC(=O)c2cccs2)cc1,1
P3_14231,CCN(C)CCNC(=O)c1ccc(NC(=O)c2cccs2)cc1,1
P3_14232,CCCCN(CC)CC(=O)Nc1ccc(NC(=O)c2cccs2)cc1,1
P3_14233,CCN(CC(C)C)C(=O)c1ccc(NC(=O)c2cccs2)cc1,1
P3_14234,CCCN(C)CCC(=O)Nc1ccc(NC(=O)c2cccs2)cc1,1
P3_14235,CCN(CC)[C@H](C)CNC(=O)c1ccc(NC(=O)c2cccs2)cc1,1
P3_14236,CCN(CC)CCOC(=O)c1ccc(NC(=O)c2cccs2)cc1,1
P3_14237,CCN(CC)C(C)CNC(=O)c1ccc(NC(=O)c2cccs2)cc1,1
P3_14238,CCN(CC)CCCNC(=O)c1ccc(NC(=O)c2cccs2)cc1,1
P3_14239,C=CCN(CC)CC(=O)Nc1ccc(NC(=O)c2cccs2)cc1,1
P3_14240,C=CCCCCOc1c(C)[nH]c2ccccc2c1=O,1
P3_14241,C=CCC(CC=C)Oc1c(C)[nH]c2ccccc2c1=O,1
P3_14242,Cc1[nH]c2ccccc2c(=O)c1C[NH+](CC(C)C)CC(C)C,1
P3_14243,C=CC[C@@H](C=C)Oc1c(C)[nH]c2ccccc2c1=O,1
P3_14244,C=CC[C@H](C=C)Oc1c(C)[nH]c2ccccc2c1=O,1
P3_14245,C=CC(C=C)Oc1c(C)[nH]c2ccccc2c1=O,1
P3_14246,C=CC[C@H](Oc1c(C)[nH]c2ccccc2c1=O)C(C)C,1
P3_14247,C=CC[C@@H](Oc1c(C)[nH]c2ccccc2c1=O)C(C)C,1
P3_14248,C=C[C@@H](C)Oc1c(C)[nH]c2ccccc2c1=O,1
P3_14249,C=C[C@H](C)Oc1c(C)[nH]c2ccccc2c1=O,1
P3_14250,C=CC[C@H](CCC)Oc1c(C)[nH]c2ccccc2c1=O,1
P3_14251,C=CC[C@@H](CCC)Oc1c(C)[nH]c2ccccc2c1=O,1
P3_14252,C=CCC[C@@H](CC)Oc1c(C)[nH]c2ccccc2c1=O,1
P3_14253,C=CCC[C@H](CC)Oc1c(C)[nH]c2ccccc2c1=O,1
P3_14254,C=C[C@H](CCC)Oc1c(C)[nH]c2ccccc2c1=O,1
P3_14255,C=C[C@@H](CCC)Oc1c(C)[nH]c2ccccc2c1=O,1
P3_14256,C=C(C)CCOc1c(C)[nH]c2ccccc2c1=O,1
P3_14257,C=CC[NH+](CC=C)Cc1c(C)[nH]c2ccc(C)cc2c1=O,1
P3_14258,C=CCN(CC=C)Cc1c(C)[nH]c2ccc(C)cc2c1=O,1
P3_14259,C=C[C@@H](CCCC)Oc1c(C)[nH]c2ccccc2c1=O,1
P3_14260,C=C[C@H](CCCC)Oc1c(C)[nH]c2ccccc2c1=O,1
P3_14261,CC(C)=CCOc1c(C)[nH]c2ccccc2c1=O,1
P3_14262,C=CC[NH+](CC=C)Cc1c(C)[nH]c2ccc(Cl)cc2c1=O,1
P3_14263,C=CCN(CC=C)Cc1c(C)[nH]c2ccc(Cl)cc2c1=O,1
P3_14264,CC#CCCOc1c(C)[nH]c2ccccc2c1=O,1
P3_14265,C#CCCCOc1c(C)[nH]c2ccccc2c1=O,1
P3_14266,C=CCc1c([O-])c2ccccc2[nH]c1=O,1
P3_14267,C#C[C@@H](C)Oc1c(C)[nH]c2ccccc2c1=O,1
P3_14268,C#C[C@H](C)Oc1c(C)[nH]c2ccccc2c1=O,1
P3_14269,CC(=O)[C@@H](C)Oc1c(C)[nH]c2ccccc2c1=O,1
P3_14270,CC(=O)[C@H](C)Oc1c(C)[nH]c2ccccc2c1=O,1
P3_14271,C=CCN(CC=C)Cc1c(C)[nH]c2ccc(F)cc2c1=O,1
P3_14272,C=CCN(CC=C)Cc1c(C)[nH]c2ccc(CC)cc2c1=O,1
P3_14273,C=CC[NH+](CC=C)Cc1c(C)[nH]c2ccc(CC)cc2c1=O,0
P3_14274,C=CC[NH+](CC=C)Cc1c(C)[nH]c2ccc(OC)cc2c1=O,1
P3_14275,C=CCN(CC=C)Cc1c(C)[nH]c2ccc(OC)cc2c1=O,1
P3_14276,CCC#C[C@H](C)Oc1c(C)[nH]c2ccccc2c1=O,1
P3_14277,CCC#C[C@@H](C)Oc1c(C)[nH]c2ccccc2c1=O,1
P3_14278,COCC#CCOc1c(C)[nH]c2ccccc2c1=O,1
P3_14279,C=CCN(CC=C)Cc1c(C)[nH]c2ccc(C(C)=O)cc2c1=O,1
P3_14280,C=CCN(CC=C)Cc1c(C)[nH]c2ccc(OCC)cc2c1=O,1
P3_14281,COCC(C)(O)CNC(c1ccccc1)c1ccc(Cl)cc1,1
P3_14282,CCOCCCCNC(c1ccccc1)c1ccc(Cl)cc1,1
P3_14283,COC[C@@](O)(c1ccccc1)c1ccc(C)cc1,1
P3_14284,COC[C@](O)(c1ccccc1)c1ccc(C)cc1,1
P3_14285,CCCC[C@@H](C)[NH2+][C@H](C)C(O)(c1ccccc1)c1ccccc1,1
P3_14286,CCCC[C@H](C)[NH2+][C@H](C)C(O)(c1ccccc1)c1ccccc1,1
P3_14287,CNCCCNC(c1ccc(F)cc1)c1ccc(Cl)cc1,1
P3_14288,CCCC[NH+](CC#CC(O)(c1ccccc1)c1ccccc1)CCCC,1
P3_14289,COCCCCNC(c1ccc(F)cc1)c1ccc(Cl)cc1,1
P3_14290,CC(C)(C)c1cccc(C(NCC(O)CO)c2ccc(Cl)cc2)c1,1
P3_14291,CC(C)(C)c1cccc(C(NC[C@@H](O)CO)c2ccc(Cl)cc2)c1,1
P3_14292,CC(C)(C)c1cccc(C(NC[C@H](O)CO)c2ccc(Cl)cc2)c1,1
P3_14293,C[C@H](O)C[N@@H+](C)C(c1ccc(Cl)cc1)c1ccc(Cl)cc1,1
P3_14294,C[C@@H](O)C[N@@H+](C)C(c1ccc(Cl)cc1)c1ccc(Cl)cc1,1
P3_14295,C[C@H](O)C[N@H+](C)C(c1ccc(Cl)cc1)c1ccc(Cl)cc1,1
P3_14296,C[C@@H](O)C[N@H+](C)C(c1ccc(Cl)cc1)c1ccc(Cl)cc1,1
P3_14297,CCOCC(O)CNC(c1ccc(Cl)cc1)c1ccc(OC)cc1,1
P3_14298,C[C@](O)(CO)CNC(c1cccc(Cl)c1)c1ccccc1Cl,1
P3_14299,CC(O)(CO)CNC(c1cccc(Cl)c1)c1ccccc1Cl,1
P3_14300,CCCC(C)(O)CNC(c1ccc(OC)c(OC)c1)c1ccccc1Cl,1
P3_14301,CCOCCCCNCC(c1ccccc1)c1ccccc1,1
P3_14302,CCC[C@H](CC)[NH2+][C@H](C)C(O)(c1ccccc1)c1ccccc1,1
P3_14303,CCC[C@@H](CC)[NH2+][C@H](C)C(O)(c1ccccc1)c1ccccc1,1
P3_14304,COC[C@H](O)C[N@H+](C)C(c1ccc(Cl)cc1)c1ccc(Cl)cc1,1
P3_14305,COC[C@@H](O)C[N@H+](C)C(c1ccc(Cl)cc1)c1ccc(Cl)cc1,1
P3_14306,COC[C@H](O)C[N@@H+](C)C(c1ccc(Cl)cc1)c1ccc(Cl)cc1,1
P3_14307,COC[C@@H](O)C[N@@H+](C)C(c1ccc(Cl)cc1)c1ccc(Cl)cc1,1
P3_14308,CC(C)(O)CNC(c1ccccc1)c1ccc(Cl)c(F)c1,1
P3_14309,CC(NCC(c1ccccc1)c1ccccc1)C(C)(C)O,1
P3_14310,CCC(C)(O)CNC(c1ccccc1)c1ccc(C)cc1,1
P3_14311,C=C(CO)CNC(c1ccc(Cl)cc1)c1cccc(C)c1,1
P3_14312,CC(N)CCNC(c1ccc(Cl)cc1)c1cccc(F)c1,1
P3_14313,C[C@@H](N)CCNC(c1ccc(Cl)cc1)c1cccc(F)c1,1
P3_14314,CC(O)(CO)CNC(c1ccccc1)c1ccccc1,1
P3_14315,C[C@](O)(CO)CNC(c1ccccc1)c1ccccc1,1
P3_14316,C[C@@](O)(CO)CNC(c1ccccc1)c1ccccc1,1
P3_14317,CCCCCC(C)(c1ccc(O)cc1)c1ccc(O)cc1,1
P3_14318,CCOC(=O)CC(O)(c1ccc(OC)cc1)c1ccc(OC)cc1,0
P3_14319,COCCNC(c1ccc(Cl)cc1)c1ccc(Cl)cc1,1
P3_14320,CCS(=O)(=O)CCCN[C@@H](c1ccc(F)cc1)c1ccc(Cl)cc1,1
P3_14321,CCS(=O)(=O)CCCN[C@H](c1ccc(F)cc1)c1ccc(Cl)cc1,1
P3_14322,CC(=O)NCCC[NH2+][C@H](c1ccc(F)cc1)c1ccc(Cl)cc1,1
P3_14323,CC(=O)NCCC[NH2+][C@@H](c1ccc(F)cc1)c1ccc(Cl)cc1,1
P3_14324,CCC[C@@H](O)C[NH2+][C@@H](c1ccc(F)cc1)c1ccc(Cl)cc1,1
P3_14325,CCC[C@H](O)C[NH2+][C@H](c1ccc(F)cc1)c1ccc(Cl)cc1,1
P3_14326,CCC[C@H](O)C[NH2+][C@@H](c1ccc(F)cc1)c1ccc(Cl)cc1,1
P3_14327,CCC[C@@H](O)C[NH2+][C@H](c1ccc(F)cc1)c1ccc(Cl)cc1,1
P3_14328,CC(=O)NCCCN(C)C(c1ccccc1)c1ccc(Cl)cc1,1
P3_14329,CNC(=O)CSC(c1ccc(Cl)cc1)c1ccc(Cl)cc1,1
P3_14330,CC[C@@H](O)C[NH2+][C@@H](c1ccc(F)cc1)c1ccc(Cl)cc1,1
P3_14331,CC[C@H](O)C[NH2+][C@@H](c1ccc(F)cc1)c1ccc(Cl)cc1,1
P3_14332,CC[C@H](O)C[NH2+][C@H](c1ccc(F)cc1)c1ccc(Cl)cc1,1
P3_14333,CC[C@@H](O)C[NH2+][C@H](c1ccc(F)cc1)c1ccc(Cl)cc1,1
P3_14334,[NH3+]CCCN[C@@H](c1ccc(F)cc1)c1ccc(Cl)cc1,1
P3_14335,[NH3+]CCCN[C@H](c1ccc(F)cc1)c1ccc(Cl)cc1,1
P3_14336,CNC(=O)C(C)(C)C[NH2+][C@H](c1ccc(F)cc1)c1ccc(Cl)cc1,1
P3_14337,CNC(=O)CCC[NH2+][C@@H](c1ccc(F)cc1)c1ccc(Cl)cc1,0
P3_14338,CNC(=O)C(C)(C)C[NH2+][C@@H](c1ccc(F)cc1)c1ccc(Cl)cc1,1
P3_14339,CCN(CCO)CC(O)COC(c1ccc(Cl)cc1)c1ccc(Cl)cc1,1
P3_14340,CNC(=O)CCC[NH2+][C@H](c1ccc(F)cc1)c1ccc(Cl)cc1,0
P3_14341,N#CCCNC[C@H](O)COC(c1ccc(Cl)cc1)c1ccc(Cl)cc1,1
P3_14342,N#CCCNC[C@@H](O)COC(c1ccc(Cl)cc1)c1ccc(Cl)cc1,1
P3_14343,CC(C)(CO)C[NH2+][C@H](c1ccc(F)cc1)c1ccc(Cl)cc1,1
P3_14344,N#CCCCN[C@H](c1ccc(F)cc1)c1ccc(Cl)cc1,1
P3_14345,N#CCCCN[C@@H](c1ccc(F)cc1)c1ccc(Cl)cc1,1
P3_14346,CC(C)(CO)C[NH2+][C@@H](c1ccc(F)cc1)c1ccc(Cl)cc1,1
P3_14347,C#CCNC(=O)C[NH2+]C(c1ccc(Cl)cc1)c1ccc(Cl)cc1,0
P3_14348,C[C@H](O)CCC[NH2+][C@@H](c1ccc(F)cc1)c1ccc(Cl)cc1,1
P3_14349,C[C@@H](O)CCC[NH2+][C@@H](c1ccc(F)cc1)c1ccc(Cl)cc1,1
P3_14350,C[C@@H](O)CCC[NH2+][C@H](c1ccc(F)cc1)c1ccc(Cl)cc1,1
P3_14351,C[C@H](O)CCC[NH2+][C@H](c1ccc(F)cc1)c1ccc(Cl)cc1,1
P3_14352,C[NH2+]CCCC(=O)NC(c1ccc(Cl)cc1)c1ccc(Cl)cc1,1
P3_14353,CC(O)CCNC(c1ccccc1)c1ccc(Cl)cc1,1
P3_14354,C[C@H](O)CCNC(c1ccccc1)c1ccc(Cl)cc1,1
P3_14355,CCC[C@H](O)C[NH2+][C@H](c1ccccc1)c1ccc(Cl)cc1,1
P3_14356,C[NH2+]CCCN[C@@H](c1ccccc1)c1ccc(Cl)cc1,1
P3_14357,CCC[C@@H](O)C[NH2+][C@H](c1ccccc1)c1ccc(Cl)cc1,1
P3_14358,CCC[C@H](O)C[NH2+][C@@H](c1ccccc1)c1ccc(Cl)cc1,1
P3_14359,C[NH2+]CCCN[C@H](c1ccccc1)c1ccc(Cl)cc1,1
P3_14360,CCC[C@@H](O)C[NH2+][C@@H](c1ccccc1)c1ccc(Cl)cc1,1
P3_14361,C[NH2+]CCN[C@@H](c1ccccc1)c1ccc(Cl)cc1,1
P3_14362,C[NH2+]CCN[C@H](c1ccccc1)c1ccc(Cl)cc1,1
P3_14363,C[NH2+]CCC(=O)N[C@H](c1ccccc1)c1ccc(Cl)cc1,1
P3_14364,C[NH2+]CCCC(=O)N[C@H](c1ccc(Cl)cc1)c1ccccc1Cl,0
P3_14365,C[NH2+]CCCC(=O)N[C@@H](c1ccc(Cl)cc1)c1ccccc1Cl,0
P3_14366,CCNC(=O)[C@@H](C)[NH2+][C@H](c1ccccc1)c1ccc(Cl)cc1,1
P3_14367,CCNC(=O)[C@H](C)[NH2+][C@@H](c1ccccc1)c1ccc(Cl)cc1,1
P3_14368,CCNC(=O)[C@H](C)[NH2+][C@H](c1ccccc1)c1ccc(Cl)cc1,1
P3_14369,CCNC(=O)[C@@H](C)[NH2+][C@@H](c1ccccc1)c1ccc(Cl)cc1,1
P3_14370,COCC[C@](C)(O)C[NH2+][C@@H](c1ccccc1)c1ccc(Cl)cc1,1
P3_14371,COCC[C@@](C)(O)C[NH2+][C@H](c1ccccc1)c1ccc(Cl)cc1,1
P3_14372,COCC[C@@](C)(O)C[NH2+][C@@H](c1ccccc1)c1ccc(Cl)cc1,1
P3_14373,COCC[C@](C)(O)C[NH2+][C@H](c1ccccc1)c1ccc(Cl)cc1,1
P3_14374,CC[C@H](O)CC[NH2+][C@H](c1ccccc1)c1ccc(Cl)cc1,1
P3_14375,CC[C@@H](O)CC[NH2+][C@@H](c1ccccc1)c1ccc(Cl)cc1,1
P3_14376,CC[C@H](O)CC[NH2+][C@@H](c1ccccc1)c1ccc(Cl)cc1,1
P3_14377,CNC(=O)[C@H](C)N[C@@H](c1ccccc1)c1ccc(Cl)cc1,1
P3_14378,CNC(=O)[C@H](C)N[C@H](c1ccccc1)c1ccc(Cl)cc1,1
P3_14379,C[C@H](O)CCC[NH2+][C@H](c1ccccc1)c1ccc(Cl)cc1,1
P3_14380,C[C@@H](O)CCC[NH2+][C@@H](c1ccccc1)c1ccc(Cl)cc1,1
P3_14381,C[C@H](O)CCC[NH2+][C@@H](c1ccccc1)c1ccc(Cl)cc1,1
P3_14382,C[C@@H](O)CCC[NH2+][C@H](c1ccccc1)c1ccc(Cl)cc1,1
P3_14383,CC[C@@H](O)CC[NH2+][C@H](c1ccccc1)c1ccc(Cl)cc1,1
P3_14384,C[C@H](CCCO)[NH2+][C@@H](c1ccccc1)c1ccc(Cl)cc1,1
P3_14385,C[C@H](CCCO)[NH2+][C@H](c1ccccc1)c1ccc(Cl)cc1,1
P3_14386,C[C@@H](CCCO)[NH2+][C@H](c1ccccc1)c1ccc(Cl)cc1,1
P3_14387,C[C@@H](CCCO)[NH2+][C@@H](c1ccccc1)c1ccc(Cl)cc1,1
P3_14388,CC[C@@H](C)[NH2+][C@@H](c1ccccc1)c1ccc(Cl)cc1,1
P3_14389,C[C@H](O)C[NH2+][C@@H](c1ccccc1)c1ccc(Cl)cc1,1
P3_14390,CC[C@H](C)[NH2+][C@H](c1ccccc1)c1ccc(Cl)cc1,1
P3_14391,C[C@@H](O)C[NH2+][C@H](c1ccccc1)c1ccc(Cl)cc1,1
P3_14392,CC[C@@H](C)[NH2+][C@H](c1ccccc1)c1ccc(Cl)cc1,1
P3_14393,CC[C@H](C)[NH2+][C@@H](c1ccccc1)c1ccc(Cl)cc1,1
P3_14394,O=C(Nc1cccc(Cl)c1)Nc1cccc(Br)c1,1
P3_14395,O=C(Nc1cccc(Cl)c1)Nc1cccc(Cl)c1,1
P3_14396,O=C(Nc1ccc(Br)cc1)Nc1cccc(Br)c1,1
P3_14397,S=C(Nc1ccc(Br)cc1)Nc1cccc(Cl)c1,1
P3_14398,O=C(Nc1ccc([S-])cc1)Nc1cccc(Cl)c1,1
P3_14399,O=C(Nc1ccc(Cl)cc1)Nc1cccc(Br)c1,1
P3_14400,O=C(Nc1ccc(C(=O)[O-])cc1)Nc1cccc(Cl)c1,1
P3_14401,O=C(Nc1cccc(Cl)c1)Nc1cc(Br)ccc1O,1
P3_14402,O=C(Nc1cccc(Cl)c1)Nc1ccc(Br)cc1O,1
P3_14403,O=C(Nc1ccc(Cl)cc1)Nc1ccc(Br)cc1,1
P3_14404,NC(=O)c1ccc(NC(=O)Nc2cccc(Cl)c2)cc1,1
P3_14405,COC(=O)Nc1ccc(NC(=O)Nc2cccc(Cl)c2)cc1,1
P3_14406,O=C(Nc1ccc(CO)cc1)Nc1cccc(Cl)c1,1
P3_14407,O=C(Nc1cccc(Cl)c1)Nc1ccc(Br)cc1F,1
P3_14408,CC(=O)Nc1cccc(NC(=O)Nc2ccc(Br)cc2)c1,1
P3_14409,Cc1cccc(NC(=O)Nc2ccc(Br)cc2)c1,1
P3_14410,NC(=O)Nc1cccc(NC(=O)Nc2ccc(Br)cc2)c1,1
P3_14411,O=C(Nc1ccc(Br)cc1)Nc1cccc(F)c1,1
P3_14412,Nc1cccc(NC(=O)Nc2ccc(Br)cc2)c1,1
P3_14413,O=C(Nc1ccc(C(F)(F)F)cc1)Nc1cccc(Cl)c1,1
P3_14414,CCC(=O)Nc1ccc(NC(=O)Nc2cccc(Cl)c2)cc1,1
P3_14415,CN(C)c1ccc(NC(=O)Nc2cccc(Cl)c2)cc1,1
P3_14416,O=C(Nc1cccc(Cl)c1)Nc1ccccc1Br,1
P3_14417,CC(C)C(=O)Nc1ccc(NC(=O)Nc2cccc(Cl)c2)cc1,1
P3_14418,O=C(Nc1ccccc1)Nc1ccc(Br)cc1,1
P3_14419,O=C(Nc1ccc(Br)cc1)Nc1cc(O)cc(Cl)c1,1
P3_14420,CC(=O)c1cccc(NC(=O)Nc2ccc(Br)cc2)c1,1
P3_14421,O=C(Nc1ccc([N+](=O)[O-])cc1)Nc1cccc(Cl)c1,1
P3_14422,CNC(=O)c1ccc(NC(=O)Nc2cccc(Cl)c2)cc1,1
P3_14423,CS(=O)(=O)Nc1ccc(NC(=O)Nc2cccc(Cl)c2)cc1,1
P3_14424,COC(=O)c1ccc(NC(=O)Nc2cccc(Cl)c2)cc1,1
P3_14425,NC(=O)Nc1cccc(NC(=O)Nc2cccc(Cl)c2)c1,1
P3_14426,O=C(Nc1ccc(Br)cc1)Nc1ccc(Br)cc1,1
P3_14427,O=C(Nc1ccc(Br)cc1)Nc1cccc(CO)c1,1
P3_14428,CCCC(=O)Nc1ccc(NC(=O)Nc2cccc(Cl)c2)cc1,1
P3_14429,CC(=O)c1cccc(NC(=O)Nc2cccc(Cl)c2)c1,1
P3_14430,O=C(Nc1cccc(Cl)c1)Nc1cccc(C(=O)[O-])c1,1
P3_14431,O=C(Nc1cc(F)cc(F)c1)Nc1cccc(Cl)c1,1
P3_14432,C#Cc1cccc(NC(=O)Nc2ccc(Br)cc2)c1,1
P3_14433,CC(C)C(=O)Nc1cccc(NC(=O)Nc2ccc(Br)cc2)c1,1
P3_14434,O=C(Nc1ccc(Br)cc1)Nc1cccc(C(F)(F)F)c1,1
P3_14435,COCC(=O)Nc1ccc(NC(=O)Nc2cccc(Cl)c2)cc1,1
P3_14436,N#CCc1ccc(NC(=O)Nc2cccc(Cl)c2)cc1,1
P3_14437,O=C(Nc1cccc(Cl)c1)Nc1cc(O)ccc1Br,1
P3_14438,CN(C)CC(=O)Nc1ccc(NC(=O)Nc2cccc(Cl)c2)cc1,1
P3_14439,C[NH+](C)CC(=O)Nc1ccc(NC(=O)Nc2cccc(Cl)c2)cc1,1
P3_14440,O=C(Nc1cccc(Cl)c1)Nc1ccc(O)cc1Br,1
P3_14441,O=C(Nc1cccc(Br)c1)Nc1cccc(Br)c1,1
P3_14442,NC(=O)c1cccc(NC(=O)Nc2cccc(Cl)c2)c1,1
P3_14443,O=C(Nc1cccc(Cl)c1)Nc1ccccc1Cl,1
P3_14444,COC(=O)Nc1cccc(NC(=O)Nc2cccc(Cl)c2)c1,1
P3_14445,O=C(Nc1cc(O)cc(Cl)c1)Nc1cccc(Br)c1,1
P3_14446,O=C(Nc1ccccc1)Nc1cccc(Br)c1,1
P3_14447,CS(=O)(=O)Nc1cccc(NC(=O)Nc2ccc(Br)cc2)c1,1
P3_14448,CCNC(=O)c1ccc(NC(=O)Nc2cccc(Cl)c2)cc1,1
P3_14449,CC[C@H](C)c1ccc(NC(=O)Nc2cccc(Cl)c2)cc1,1
P3_14450,CC[C@@H](C)c1ccc(NC(=O)Nc2cccc(Cl)c2)cc1,1
P3_14451,CC(C)(C)NC(=O)c1ccc(NC(=O)Nc2cccc(Cl)c2)cc1,1
P3_14452,O=C(Nc1cccc(Cl)c1)Nc1ccc(F)cc1Br,1
P3_14453,O=C(Nc1ccc(O)cc1)Nc1cccc(Br)c1,1
P3_14454,O=C(Nc1ccc(Cl)cc1)Nc1cccc(O)c1,1
P3_14455,CC(C)C(=O)Nc1cccc(NC(=O)Nc2cccc(Cl)c2)c1,1
P3_14456,N#Cc1cccc(NC(=O)Nc2cccc(Cl)c2)c1,1
P3_14457,O=C(Nc1ccc(Cl)cc1)Nc1cccc(C(=O)[O-])c1,1
P3_14458,O=C(Nc1cccc(Cl)c1)Nc1cccc(C(F)(F)F)c1,1
P3_14459,O=C(Nc1ccc(C(=O)[O-])cc1)Nc1cccc(Br)c1,1
P3_14460,CCC(=O)Nc1cccc(NC(=O)Nc2cccc(Cl)c2)c1,1
P3_14461,O=C(Nc1cccc(Cl)c1)Nc1ccc(Cl)cc1Cl,1
P3_14462,O=C(Nc1ccc(Br)cc1)Nc1ccccc1Cl,1
P3_14463,Cc1ccc(NC(=O)Nc2cccc(Br)c2)cc1,1
P3_14464,O=C(Nc1ccc(F)cc1)Nc1cccc(Br)c1,1
P3_14465,O=C(Nc1ccc(Br)cc1)Nc1cccc(O)c1Cl,1
P3_14466,O=C(Nc1cccc(Cl)c1)Nc1ccccc1I,1
P3_14467,O=C(Nc1cccc(Cl)c1)Nc1ccccc1F,1
P3_14468,Cc1cc(O)ccc1NC(=O)Nc1cccc(Cl)c1,1
P3_14469,Cc1cc(Cl)ccc1NC(=O)Nc1cccc(Br)c1,1
P3_14470,O=C(Nc1ccccc1)Nc1cc(Cl)cc(Cl)c1,1
P3_14471,O=C(Nc1ccc(O)cc1)Nc1ccc(Br)cc1,0
P3_14472,O=C(Nc1ccccc1)Nc1ccc(Cl)cc1,1
P3_14473,O=C(Nc1cccc(Br)c1)Nc1ccc(Cl)cc1F,1
P3_14474,O=C(Nc1ccc(CO)cc1)Nc1cccc(Br)c1,1
P3_14475,O=C(Nc1cccc(Cl)c1)Nc1ccc(F)cc1Cl,1
P3_14476,O=C(Nc1ccc(Cl)cc1)Nc1cc(Cl)cc(Cl)c1,1
P3_14477,O=C(Nc1ccc(F)cc1)Nc1ccc(Br)cc1,1
P3_14478,S=C(Nc1ccc(Cl)cc1)Nc1cccc(Cl)c1,1
P3_14479,O=C(Nc1ccc(Br)cc1)Nc1cc(F)cc(F)c1,1
P3_14480,O=C(Nc1ccccc1)Nc1ccc(F)c(Br)c1,1
P3_14481,O=C(Nc1ccc(Br)cc1)Nc1ccc(O)c(F)c1,1
P3_14482,O=C(Nc1cccc(Br)c1)Nc1ccccc1Cl,1
P3_14483,O=C(Nc1cccc(O)c1)Nc1ccc(Br)cc1Cl,1
P3_14484,O=C(Nc1cccc(Cl)c1)Nc1ccc(O)cc1F,1
P3_14485,O=C(Nc1ccc(Cl)cc1)Nc1ccc(Cl)cc1,1
P3_14486,Cc1cc(NC(=O)Nc2ccc(Cl)cc2)ccc1Br,1
P3_14487,Cc1ccc(NC(=O)Nc2cccc(Br)c2)cc1C,1
P3_14488,O=C(Nc1ccc(Cl)cc1)Nc1ccc(Br)cc1F,1
P3_14489,Cc1cccc(NC(=O)Nc2ccc(Br)c(Cl)c2)c1,1
P3_14490,Cc1cc(Br)ccc1NC(=O)Nc1ccc(Cl)cc1,1
P3_14491,O=C(Nc1cccc(Cl)c1)Nc1ccc(CO)cc1Cl,1
P3_14492,S=C(Nc1cccc(Cl)c1)Nc1cccc(Cl)c1,1
P3_14493,S=C(Nc1ccccc1)Nc1cccc(Cl)c1,1
P3_14494,O=C(Nc1ccc(O)cc1)Nc1cc(Cl)cc(Cl)c1,1
P3_14495,O=C(Nc1ccc(Br)cc1)Nc1ccc(CO)cc1,0
P3_14496,O=C(Nc1ccccc1)Nc1ccc(O)c(Br)c1,1
P3_14497,O=C(Nc1ccccc1)Nc1cc(O)cc(Cl)c1,1
P3_14498,O=C(Nc1cccc(F)c1)Nc1cccc(Br)c1,1
P3_14499,O=C(Nc1ccc(Br)cc1)Nc1cccc(F)c1F,0
P3_14500,O=C(Nc1cccc(Cl)c1)Nc1ccc(O)c(Br)c1,1
P3_14501,O=C(Nc1ccc(Br)cc1)Nc1ccc(Cl)cc1O,1
P3_14502,O=C(Nc1ccc(OC(F)F)cc1)Nc1cccc(Cl)c1,1
P3_14503,O=C(Nc1ccc(Br)cc1)Nc1ccc(F)c(O)c1,1
P3_14504,O=C(Nc1ccc([S-])cc1)Nc1cccc(Br)c1,1
P3_14505,O=C(Nc1cccc(Br)c1)Nc1ccc(Cl)cc1O,1
P3_14506,O=C(Nc1cccc(Cl)c1)Nc1ccc(CO)c(F)c1,1
P3_14507,O=C(Nc1cccc(Br)c1)Nc1ccc(F)c(F)c1,1
P3_14508,O=C(Nc1ccc(Br)cc1)Nc1ccc(F)c(CO)c1,1
P3_14509,O=C(Nc1cccc(Br)c1)Nc1ccc(F)c(O)c1,1
P3_14510,O=C(Nc1ccc(Cl)cc1)Nc1ccc(Br)cc1O,1
P3_14511,O=C(Nc1cccc(Cl)c1)Nc1ccc(F)cc1O,1
P3_14512,O=C(Nc1cccc(O)c1)Nc1cccc(Br)c1,1
P3_14513,O=C(Nc1ccc(Cl)cc1)Nc1cccc([N+](=O)[O-])c1,1
P3_14514,O=C(Nc1ccc(CCO)cc1)Nc1cccc(Br)c1,1
P3_14515,COc1ccc(Br)cc1NC(=O)Nc1cccc(Cl)c1,1
P3_14516,COc1cccc(NC(=O)Nc2ccc(Br)cc2)c1,1
P3_14517,O=C(Nc1ccc(OC(F)(F)F)cc1)Nc1cccc(Cl)c1,1
P3_14518,O=C(Nc1cccc(Cl)c1)Nc1c(F)cccc1F,1
P3_14519,O=C(Nc1cccc(Cl)c1)Nc1cc(F)c(F)c(F)c1,1
P3_14520,O=C(Nc1ccc(Br)cc1)Nc1ccc(Cl)cc1[O-],1
P3_14521,COC(=O)c1cccc(NC(=O)Nc2cccc(Cl)c2)c1,1
P3_14522,O=C(Nc1cccc(Cl)c1)Nc1cccc([N+](=O)[O-])c1,1
P3_14523,O=C(Nc1cccc(Cl)c1)Nc1c(F)cc(F)cc1F,1
P3_14524,O=C(Nc1cccc(Cl)c1)Nc1ccccc1[S-],1
P3_14525,O=C(Nc1ccc(Br)cc1)Nc1cccc([O-])c1Cl,1
P3_14526,O=C(Nc1cccc(Cl)c1)Nc1ccc(F)c(F)c1F,1
P3_14527,O=C(Nc1cccc(Cl)c1)Nc1cccc(Cl)c1F,1
P3_14528,O=C(Nc1cccc(Br)c1)Nc1ccc(Cl)cc1[O-],1
P3_14529,CCOC(=O)Cc1ccc(NC(=O)Nc2cccc(Cl)c2)cc1,1
P3_14530,CC(=O)c1ccc(NC(=O)Nc2cccc(Br)c2)cc1,1
P3_14531,O=C(Nc1cccc(Cl)c1)Nc1ccccc1CO,1
P3_14532,O=C(Nc1cccc(Cl)c1)Nc1cccc(OC(F)(F)F)c1,1
P3_14533,O=C(Nc1ccc(Br)cc1)Nc1cccc(OCCF)c1,1
P3_14534,Cc1ccc(NC(=O)Nc2ccc(Br)cc2)cc1,1
P3_14535,COc1ccc(NC(=O)Nc2cccc(Br)c2)cc1,1
P3_14536,O=C(Nc1ccc(Cl)cc1)Nc1cccc(C(F)(F)F)c1,1
P3_14537,CSc1cccc(NC(=O)Nc2ccc(Cl)cc2)c1,1
P3_14538,CSc1ccc(NC(=O)Nc2cccc(Br)c2)cc1,1
P3_14539,CCc1ccc(NC(=O)Nc2cccc(Br)c2)cc1,1
P3_14540,COc1cccc(NC(=O)Nc2ccc(Cl)cc2)c1,1
P3_14541,O=C(Nc1cccc(Cl)c1)Nc1cccc(F)c1[O-],1
P3_14542,O=C(Nc1cccc(Cl)c1)Nc1ccccc1C(F)(F)F,1
P3_14543,COC(=O)c1cccc(NC(=O)Nc2ccc(Cl)cc2)c1,1
P3_14544,COC(=O)c1ccc(NC(=O)Nc2cccc(Br)c2)cc1,1
P3_14545,C=C[C@@](C)(O)CC/C=C(/C)CCC=C(C)C,1
P3_14546,C=C[C@](C)(O)CC/C=C(/C)CCC=C(C)C,1
P3_14547,CC(C)=CCC/C(C)=C/CC/C(C)=C\CO,1
P3_14548,CC(C)=CCC/C(C)=C\CC/C(C)=C\CO,1
P3_14549,CC(C)=CCC/C(C)=C\CC/C(C)=C/CO,1
P3_14550,CC(C)=CCC/C(C)=C/CC/C(C)=C/CO,1
P3_14551,CC(C)=CCC/C(C)=C/CO,1
P3_14552,CC(C)=CCC/C(C)=C\CO,1
P3_14553,C/C=C(/C)CCC=C(C)C,1
P3_14554,C/C=C(\C)CCC=C(C)C,1
P3_14555,CC(C)=CCC/C(C)=C/CC[C@H](C)O,1
P3_14556,CC(C)=CCC/C(C)=C/CC[C@@H](C)O,1
P3_14557,C=CC(C)(CC)NC(=O)CCC=C(C)C,0
P3_14558,C=CC(C)(C)CCNC(=O)CCC=C(C)C,0
P3_14559,CC(C)=CCC/C(C)=C(\C)CO,1
P3_14560,COCC(=O)NC/C=C(\C)CCC=C(C)C,0
P3_14561,CSCCC(=O)NC/C=C(\C)CCC=C(C)C,0
P3_14562,CCCCNC(=O)NC/C=C(\C)CCC=C(C)C,1
P3_14563,COCCOC(=O)NC/C=C(\C)CCC=C(C)C,0
P3_14564,CSC[C@@H](C)C(=O)NC/C=C(\C)CCC=C(C)C,0
P3_14565,CSC[C@H](C)C(=O)NC/C=C(\C)CCC=C(C)C,0
P3_14566,CO[C@@H](C)CC(=O)NC/C=C(\C)CCC=C(C)C,1
P3_14567,CO[C@H](C)CC(=O)NC/C=C(\C)CCC=C(C)C,1
P3_14568,CC(C)=CCC[C@H](C)CC(=O)NCCC(C)(C)O,1
P3_14569,CCCC(C)(O)CNC(C)CCC=C(C)C,1
P3_14570,C=CCC(C)(CC=C)NC(=O)CCC=C(C)C,0
P3_14571,CCC(=O)OC/C=C(/C)CCC=C(C)C,1
P3_14572,CCC(=O)OC/C=C(\C)CCC=C(C)C,1
P3_14573,FC(F)(F)COc1cccc(CNC2CCN(CCc3ccccc3)CC2)c1,1
P3_14574,OCc1cccc(CNC2CCN(CCc3ccccc3)CC2)c1,1
P3_14575,CNCc1cccc(CNC2CCN(CCc3ccccc3)CC2)c1,1
P3_14576,FC(F)c1cccc(CNC2CCN(CCc3ccccc3)CC2)c1,1
P3_14577,CN(C)Cc1cccc(CNC2CCN(CCc3ccccc3)CC2)c1,1
P3_14578,O=C(O)Cc1cccc(CNC2CCN(CCc3ccccc3)CC2)c1,1
P3_14579,CN(C)c1cccc(CNC2CCN(CCc3ccccc3)CC2)c1,1
P3_14580,C#Cc1cccc(CNC2CCN(CCc3ccccc3)CC2)c1,1
P3_14581,N#Cc1cccc(CNC2CCN(CCc3ccccc3)CC2)c1,1
P3_14582,O=C(O)c1cccc(CNC2CCN(CCc3ccccc3)CC2)c1,1
P3_14583,COc1cccc(CNC2CCN(CCc3ccccc3)CC2)c1,1
P3_14584,NCc1ccc(CNC2CCN(CCc3ccccc3)CC2)cc1,1
P3_14585,CC(C)(C)OCc1cccc(CNC2CCN(CCc3ccccc3)CC2)c1,1
P3_14586,FC(F)Oc1cccc(CNC2CCN(CCc3ccccc3)CC2)c1,1
P3_14587,O=C(O)CCc1cccc(CNC2CCN(CCc3ccccc3)CC2)c1,1
P3_14588,Cc1cc(CNC2CCN(CCc3ccccc3)CC2)ccc1F,1
P3_14589,Oc1cc(O)cc(CNC2CCN(CCc3ccccc3)CC2)c1,1
P3_14590,Clc1cc(Cl)cc(CNC2CCN(CCc3ccccc3)CC2)c1,1
P3_14591,FC(F)COc1cccc(CNC2CCN(CCc3ccccc3)CC2)c1,1
P3_14592,CS(=O)(=O)Cc1cccc(CNC2CCN(CCc3ccccc3)CC2)c1,1
P3_14593,CCN(CC)Cc1cccc(CNC2CCN(CCc3ccccc3)CC2)c1,1
P3_14594,CNCc1ccc(CNC2CCN(CCc3ccccc3)CC2)cc1,1
P3_14595,CC(C)Oc1cccc(CNC2CCN(CCc3ccccc3)CC2)c1,1
P3_14596,CCN(C)Cc1cccc(CNC2CCN(CCc3ccccc3)CC2)c1,1
P3_14597,Cc1cc(F)cc(CNC2CCN(CCc3ccccc3)CC2)c1,1
P3_14598,Fc1cc(Cl)cc(CNC2CCN(CCc3ccccc3)CC2)c1,1
P3_14599,OCc1cccc(CNC2CCN(CCc3ccc(F)cc3)CC2)c1,1
P3_14600,Nc1cc(F)cc(CNC2CCN(CCc3ccccc3)CC2)c1,1
P3_14601,CS(=O)(=O)Nc1cccc(CNC2CCN(CCc3ccccc3)CC2)c1,0
P3_14602,CCCOc1cccc(CNC2CCN(CCc3ccccc3)CC2)c1,1
P3_14603,CNC(=O)c1cccc(CNC2CCN(CCc3ccccc3)CC2)c1,1
P3_14604,CNS(=O)(=O)c1cccc(CNC2CCN(CCc3ccccc3)CC2)c1,1
P3_14605,COC(=O)c1cccc(CNC2CCN(CCc3ccccc3)CC2)c1,1
P3_14606,CCOC(=O)c1cccc(CNC2CCN(CCc3ccccc3)CC2)c1,1
P3_14607,O=C(O)Cc1cccc(CNC2CCN(CCc3ccc(F)cc3)CC2)c1,1
P3_14608,O=C(O)c1cccc(CNC2CCN(CCc3ccc(F)cc3)CC2)c1,0
P3_14609,COCCOc1cccc(CNC2CCN(CCc3ccccc3)CC2)c1,1
P3_14610,O=C(O)COc1cccc(CNC2CCN(CCc3ccccc3)CC2)c1,1
P3_14611,CN(C)C(=O)c1cccc(CNC2CCN(CCc3ccccc3)CC2)c1,1
P3_14612,CNc1ccc(CNC2CCN(CCc3ccccc3)CC2)cc1,1
P3_14613,Fc1ccc(F)c(CNC2CCN(CCc3ccccc3)CC2)c1,1
P3_14614,COc1cc(F)cc(CNC2CCN(CCc3ccccc3)CC2)c1,1
P3_14615,O=C(O)CCc1cccc(CNC2CCN(CCc3ccc(F)cc3)CC2)c1,0
P3_14616,O=C(O)c1ccc(CNC2CCN(CCc3ccccc3)CC2)cc1,1
P3_14617,C#Cc1ccc(CNC2CCN(CCc3ccccc3)CC2)cc1,1
P3_14618,Cc1cc(N)cc(CNC2CCN(CCc3ccccc3)CC2)c1,1
P3_14619,FC(F)Oc1ccc(CNC2CCN(CCc3ccccc3)CC2)cc1,1
P3_14620,COCc1cccc(CNC2CCN(CCc3ccc(F)cc3)CC2)c1,1
P3_14621,CN(C)c1cccc(CNC2CCN(CCc3ccc(F)cc3)CC2)c1,1
P3_14622,N#Cc1cccc(CNC2CCN(CCc3ccc(F)cc3)CC2)c1,1
P3_14623,CN(C)Cc1cccc(CNC2CCN(CCc3ccc(F)cc3)CC2)c1,1
P3_14624,COc1cccc(CNC2CCN(CCc3ccc(F)cc3)CC2)c1,1
P3_14625,CC(C)NC(=O)c1cccc(CNC2CCN(CCc3ccccc3)CC2)c1,0
P3_14626,Cc1ccc(F)c(CNC2CCN(CCc3ccccc3)CC2)c1,1
P3_14627,Fc1cc(CNC2CCN(CCc3ccccc3)CC2)c(F)cc1Cl,1
P3_14628,CS(=O)c1ccc(CNC2CCN(CCc3ccccc3)CC2)cc1,1
P3_14629,COc1cc(C)cc(CNC2CCN(CCc3ccccc3)CC2)c1,1
P3_14630,CS(=O)(=O)Cc1cccc(CNC2CCN(CCc3ccc(F)cc3)CC2)c1,1
P3_14631,CC(=O)NCc1cccc(CNC2CCN(CCc3ccc(F)cc3)CC2)c1,0
P3_14632,CCS(=O)(=O)c1ccc(CNC2CCN(CCc3ccccc3)CC2)cc1,1
P3_14633,CC(C)Oc1cccc(CNC2CCN(CCc3ccc(F)cc3)CC2)c1,1
P3_14634,CCN(C)Cc1cccc(CNC2CCN(CCc3ccc(F)cc3)CC2)c1,1
P3_14635,CCC(C)NC(=O)c1cccc(CNC2CCN(CCc3ccccc3)CC2)c1,1
P3_14636,O=C(O)COc1cccc(CNC2CCN(CCc3ccc(F)cc3)CC2)c1,1
P3_14637,CNS(=O)(=O)c1ccc(CNC2CCN(CCc3ccccc3)CC2)cc1,1
P3_14638,COC(=O)Cc1ccc(CNC2CCN(CCc3ccccc3)CC2)cc1,0
P3_14639,CS(=O)(=O)Nc1ccc(CNC2CCN(CCc3ccccc3)CC2)cc1,0
P3_14640,COC(=O)c1ccc(CNC2CCN(CCc3ccccc3)CC2)cc1,0
P3_14641,N#Cc1ccc(F)c(CNC2CCN(CCc3ccccc3)CC2)c1,1
P3_14642,COc1ccc(F)c(CNC2CCN(CCc3ccccc3)CC2)c1,1
P3_14643,CC(=O)Nc1cccc(CNC2CCN(CCc3ccc(F)cc3)CC2)c1,1
P3_14644,COC(=O)c1cccc(CNC2CCN(CCc3ccc(F)cc3)CC2)c1,0
P3_14645,CNC(=O)c1cccc(CNC2CCN(CCc3ccc(F)cc3)CC2)c1,0
P3_14646,CC(C)N(C)Cc1cccc(CNC2CCN(CCc3ccc(F)cc3)CC2)c1,1
P3_14647,CCOC(=O)c1cccc(CNC2CCN(CCc3ccc(F)cc3)CC2)c1,1
P3_14648,CCS(=O)(=O)Nc1ccc(CNC2CCN(CCc3ccccc3)CC2)cc1,1
P3_14649,CN(C)C(=O)c1cccc(CNC2CCN(CCc3ccc(F)cc3)CC2)c1,1
P3_14650,Nc1ccc(CNC2CCN(CCc3ccc(F)cc3)CC2)cc1,0
P3_14651,Oc1cc(O)cc(CNC2CCN(CCc3ccc(F)cc3)CC2)c1,1
P3_14652,CS(=O)(=O)c1ccccc1CNC1CCN(CCc2ccccc2)CC1,0
P3_14653,CCC(=O)Nc1cccc(CNC2CCN(CCc3ccc(F)cc3)CC2)c1,1
P3_14654,CCNC(=O)c1cccc(CNC2CCN(CCc3ccc(F)cc3)CC2)c1,0
P3_14655,COC(=O)Nc1cccc(CNC2CCN(CCc3ccc(F)cc3)CC2)c1,1
P3_14656,Cc1ccc(CNC2CCN(CCc3ccc(F)cc3)CC2)cc1,0
P3_14657,OCc1cc(CNC2CCN(CCc3ccc(F)cc3)CC2)ccc1F,1
P3_14658,CC(C)C(=O)Nc1cccc(CNC2CCN(CCc3ccc(F)cc3)CC2)c1,1
P3_14659,Nc1cc(F)cc(CNC2CCN(CCc3ccc(F)cc3)CC2)c1,1
P3_14660,O=C(O)c1ccc(CNC2CCN(CCc3ccc(F)cc3)CC2)cc1,0
P3_14661,CCC(C#N)Oc1cccc(CNC2CCN(CCc3ccc(F)cc3)CC2)c1,1
P3_14662,CNc1ccc(CNC2CCN(CCc3ccc(F)cc3)CC2)cc1,0
P3_14663,COc1cc(F)cc(CNC2CCN(CCc3ccc(F)cc3)CC2)c1,1
P3_14664,CSc1ccc(CNC2CCN(CCc3ccc(F)cc3)CC2)cc1,0
P3_14665,N#CCc1ccc(CNC2CCN(CCc3ccc(F)cc3)CC2)cc1,1
P3_14666,COc1ccc(CNC2CCN(CCc3ccc(F)cc3)CC2)cc1,1
P3_14667,N#Cc1ccc(CNC2CCN(CCc3ccc(F)cc3)CC2)cc1,1
P3_14668,Cc1cc(N)cc(CNC2CCN(CCc3ccc(F)cc3)CC2)c1,1
P3_14669,Nc1ccc(F)c(CNC2CCN(CCc3ccc(F)cc3)CC2)c1,1
P3_14670,FC(F)(F)c1ccc(CNC2CCN(CCc3ccccc3)CC2)cc1,1
P3_14671,FC(F)(F)Oc1cccc(CNC2CCN(CCc3ccccc3)CC2)c1,1
P3_14672,CC(F)(F)c1ccc(CNC2CCN(CCc3ccccc3)CC2)cc1,1
P3_14673,FC(F)(F)COc1ccc(CNC2CCN(CCc3ccccc3)CC2)cc1,1
P3_14674,FC(F)c1ccc(CNC2CCN(CCc3ccccc3)CC2)cc1,1
P3_14675,Cc1cccc(CNC2CCN(CCc3ccc(F)cc3)CC2)c1,1
P3_14676,Fc1cccc(CNC2CCN(CCc3ccccc3)CC2)c1F,1
P3_14677,N#CCOc1cccc(CNC2CCN(CCc3ccccc3)CC2)c1,1
P3_14678,CCOc1ccc(CNC2CCN(CCc3ccccc3)CC2)cc1F,1
P3_14679,CCNC(=O)c1cccc(CNC2CCN(CCc3ccccc3)CC2)c1,1
P3_14680,COCc1cc(CNC2CCN(CCc3ccccc3)CC2)ccc1F,1
P3_14681,COCc1ccc(CNC2CCN(CCc3ccccc3)CC2)cc1F,1
P3_14682,CSCc1cccc(CNC2CCN(CCc3ccc(F)cc3)CC2)c1,1
P3_14683,FC(F)COc1ccc(CNC2CCN(CCc3ccccc3)CC2)cc1,1
P3_14684,COC(=O)COc1cccc(CNC2CCN(CCc3ccccc3)CC2)c1,1
P3_14685,CC(F)(F)c1ccc(CNC2CCN(CCc3ccc(F)cc3)CC2)cc1,1
P3_14686,CS(=O)Cc1ccc(CNC2CCN(CCc3ccccc3)CC2)cc1,0
P3_14687,CS(=O)(=O)c1cccc(CNC2CCN(CCc3ccc(F)cc3)CC2)c1,0
P3_14688,CC(C)OCc1ccc(CNC2CCN(CCc3ccccc3)CC2)cc1,1
P3_14689,N#Cc1cccc(CNC2CCN(CCc3ccccc3)CC2)c1F,1
P3_14690,CC(C)COc1ccc(CNC2CCN(CCc3ccccc3)CC2)cc1,1
P3_14691,CCCOc1ccc(CNC2CCN(CCc3ccccc3)CC2)cc1,1
P3_14692,COc1ccc(CNC2CCN(CCc3ccccc3)CC2)c(F)c1,1
P3_14693,COCCOc1ccc(CNC2CCN(CCc3ccccc3)CC2)cc1,0
P3_14694,C#CCOc1ccc(CNC2CCN(CCc3ccccc3)CC2)cc1,1
P3_14695,COCCOc1cccc(CNC2CCN(CCc3ccc(F)cc3)CC2)c1,1
P3_14696,COc1ccc(CNC2CCN(CCc3ccc(F)cc3)CC2)cc1F,0
P3_14697,NC(=O)COc1cccc(CNC2CCN(CCc3ccc(F)cc3)CC2)c1,1
P3_14698,CC(C)NC(=O)c1cccc(CNC2CCN(CCc3ccc(F)cc3)CC2)c1,0
P3_14699,COC(=O)COc1cccc(CNC2CCN(CCc3ccc(F)cc3)CC2)c1,1
P3_14700,COC(=O)c1ccc(F)c(CNC2CCN(CCc3ccccc3)CC2)c1,1
P3_14701,COC(=O)c1ccc(CNC2CCN(CCc3ccccc3)CC2)c(F)c1,1
P3_14702,COCC(=O)Nc1cccc(CNC2CCN(CCc3ccc(F)cc3)CC2)c1,1
P3_14703,CN(C)C(=O)COc1cccc(CNC2CCN(CCc3ccc(F)cc3)CC2)c1,1
P3_14704,Fc1ccc(CCN2CCC(NCc3ccc(OC(F)F)c(F)c3)CC2)cc1,1
P3_14705,CCOc1ccc(CNC2CCN(CCc3ccc(F)cc3)CC2)cc1F,1
P3_14706,COCc1cc(CNC2CCN(CCc3ccc(F)cc3)CC2)ccc1F,0
P3_14707,COCc1ccc(CNC2CCN(CCc3ccc(F)cc3)CC2)cc1F,1
P3_14708,CSCc1ccc(CNC2CCN(CCc3ccc(F)cc3)CC2)cc1,1
P3_14709,Fc1ccc(CCN2CCC(NCc3ccccc3OC(F)F)CC2)cc1,1
P3_14710,CS(=O)c1ccc(CNC2CCN(CCc3ccc(F)cc3)CC2)cc1,0
P3_14711,Fc1ccc(CCN2CCC(NCc3ccc(OC(F)F)cc3)CC2)cc1,0
P3_14712,O=[N+]([O-])c1ccc(CNC2CCN(CCc3ccc(F)cc3)CC2)cc1,0
P3_14713,CC(O)c1ccc(CNC2CCN(CCc3ccc(F)cc3)CC2)cc1,1
P3_14714,CCOc1ccc(CNC2CCN(CCc3ccc(F)cc3)CC2)cc1,0
P3_14715,CS(=O)Cc1ccc(CNC2CCN(CCc3ccc(F)cc3)CC2)cc1,0
P3_14716,COc1cccc(CNC2CCN(CCc3ccc(F)cc3)CC2)c1OC,1
P3_14717,COc1cc(C)cc(CNC2CCN(CCc3ccc(F)cc3)CC2)c1,1
P3_14718,CC(C)OCc1ccc(CNC2CCN(CCc3ccc(F)cc3)CC2)cc1,1
P3_14719,COC(=O)Cc1ccc(CNC2CCN(CCc3ccc(F)cc3)CC2)cc1,0
P3_14720,OCCOc1ccc(CNC2CCN(CCc3ccc(F)cc3)CC2)cc1,1
P3_14721,COC(=O)c1ccc(CNC2CCN(CCc3ccc(F)cc3)CC2)cc1,0
P3_14722,COCCOc1ccc(CNC2CCN(CCc3ccc(F)cc3)CC2)cc1,0
P3_14723,N#CCOc1ccc(CNC2CCN(CCc3ccc(F)cc3)CC2)cc1,1
P3_14724,COCCNc1ccc(CNC2CCN(CCc3ccc(F)cc3)CC2)cc1,0
P3_14725,CCNC(=O)c1ccc(CNC2CCN(CCc3ccc(F)cc3)CC2)cc1,0
P3_14726,COc1ccc(CNC2CCN(CCc3ccc(F)cc3)CC2)c(F)c1,1
P3_14727,COc1ccc(F)c(CNC2CCN(CCc3ccc(F)cc3)CC2)c1,0
P3_14728,COc1ccc(CNC2CCN(CCc3ccc(F)cc3)CC2)c(C)c1,1
P3_14729,COc1cccc(CNC2CCN(C(C)Cc3ccccc3)CC2)c1,1
P3_14730,COC(=O)c1ccc(CNC2CCN(CCc3ccc(F)cc3)CC2)c(F)c1,1
P3_14731,CNc1nc(Nc2cccc(OC)c2)nc2ccccc12,1
P3_14732,COc1cccc(Nc2nc(N(C)C)c3ccccc3n2)c1,1
P3_14733,COc1cccc(Nc2ncc3ccccc3n2)c1,1
P3_14734,COC(=O)c1ccc(Nc2nc(N)c3ccccc3n2)cc1,1
P3_14735,CC(=O)c1ccc(Nc2nc(N)c3ccccc3n2)cc1,1
P3_14736,Cc1ccc(C)c(Nc2nc(N)c3ccccc3n2)c1,1
P3_14737,COc1cc(Nc2ncc3ccccc3n2)cc(OC)c1,1
P3_14738,CCOc1cccc(Nc2ncc3ccccc3n2)c1,1
P3_14739,CCNc1nc(Nc2cccc(O)c2)nc2ccccc12,1
P3_14740,CNc1nc(Nc2cccc(C(C)=O)c2)nc2ccccc12,1
P3_14741,COc1cc(C)cc(Nc2ncc3ccccc3n2)c1,1
P3_14742,CCNc1nc(Nc2ccccc2)nc2ccccc12,1
P3_14743,COc1cc(F)cc(Nc2ncc3ccccc3n2)c1,1
P3_14744,FC(F)Oc1cccc(Nc2ncc3ccccc3n2)c1,1
P3_14745,COc1ccc(Nc2ncc3ccccc3n2)cc1,1
P3_14746,COCc1cccc(Nc2ncc3ccccc3n2)c1,1
P3_14747,COc1ccc(Nc2ncc3ccccc3n2)cc1OC,1
P3_14748,COC(=O)c1cccc(Nc2ncc3ccccc3n2)c1,1
P3_14749,COc1ccc(Nc2ncc3ccccc3n2)c(OC)c1,0
P3_14750,COc1ccc(OC)c(Nc2ncc3ccccc3n2)c1,1
P3_14751,COc1cc(Nc2ncc3ccccc3n2)ccc1C,1
P3_14752,COc1ccc(C)c(Nc2ncc3ccccc3n2)c1,1
P3_14753,COc1ccc(F)c(Nc2ncc3ccccc3n2)c1,1
P3_14754,COc1cc(Nc2ncc3ccccc3n2)ccc1F,1
P3_14755,COc1ccc(Nc2ncc3ccccc3n2)c(F)c1,1
P3_14756,Cc1ccc(Nc2ncc3ccccc3n2)cc1N,1
P3_14757,CN(C)c1cccc(Nc2ncc3ccccc3n2)c1,1
P3_14758,COc1cc(Nc2ncc3ccccc3n2)cc(OC)c1OC,1
P3_14759,[S-]c1cccc(Nc2ncc3ccccc3n2)c1,1
P3_14760,CC(=O)Nc1cccc(Nc2ncc3ccccc3n2)c1,1
P3_14761,COc1ccc(Nc2ncc3ccccc3n2)c(C(F)(F)F)c1,1
P3_14762,COc1ccc(Nc2ncc3ccccc3n2)cc1OC(C)C,1
P3_14763,C[NH+](C)Cc1cccc(Nc2ncc3ccccc3n2)c1,1
P3_14764,COc1cccc(Nc2ncc3ccccc3n2)c1C,1
P3_14765,COc1cccc(Nc2ncc3ccccc3n2)c1OC,1
P3_14766,COc1cccc(Nc2ncc3ccccc3n2)c1F,1
P3_14767,COCCOc1ccc(Nc2ncc3ccccc3n2)cc1,1
P3_14768,CCOc1ccc(Nc2ncc3ccccc3n2)cc1,1
P3_14769,COCc1ccc(Nc2ncc3ccccc3n2)cc1,1
P3_14770,CCOc1ccc(Nc2ncc3ccccc3n2)c(OC)c1,0
P3_14771,COc1cc(Nc2ncc3ccccc3n2)c(F)cc1F,1
P3_14772,FC(F)Oc1ccc(Nc2ncc3ccccc3n2)cc1,1
P3_14773,COc1ccc(Nc2ncc3ccccc3n2)c(OC)c1OC,1
P3_14774,CN(C)c1ccc(Nc2ncc3ccccc3n2)cc1,1
P3_14775,COc1ccc(Nc2ncc3ccccc3n2)c(F)c1F,1
P3_14776,COc1ccc(F)c(Nc2ncc3ccccc3n2)c1OC,1
P3_14777,CCOc1cccc(Nc2ncc3ccccc3n2)c1F,1
P3_14778,CCOc1ccc(F)c(Nc2ncc3ccccc3n2)c1,1
P3_14779,CCCCc1c(CCC)c(=[NH2+])c2ccccc2n1C,1
P3_14780,C=C(C)CCCn1ccc(=O)c2ccccc21,1
P3_14781,C=C(Cl)CCCn1ccc(=O)c2ccccc21,1
P3_14782,CCCCc1ccc2[nH]c(C)c(C[NH+](C)C)c(=O)c2c1,1
P3_14783,CC(C)C(C)Cn1ccc(=O)c2ccccc21,1
P3_14784,C=CCC(C)(C)Cn1ccc(=O)c2ccccc21,1
P3_14785,CCCCCn1ccc(=O)c2c(OC)cc(OC)cc21,1
P3_14786,CCc1cccc2c(=O)c(C[NH+](CC)CC)c(C)[nH]c12,0
P3_14787,CCn1c(C)cc(=O)c2cc(Br)ccc21,1
P3_14788,CCn1c(C)cc(=O)c2ccc(N)cc21,1
P3_14789,CCn1c(C)cc(=O)c2cc(Cl)ccc21,1
P3_14790,CCn1c(C)cc(=O)c2cc(N)ccc21,1
P3_14791,CCn1c(C)cc(=O)c2cc(OC)ccc21,1
P3_14792,Cc1[nH]c2c(C)cccc2c(=O)c1C[NH+](C)C,1
P3_14793,Cc1cc(=O)n(C(C)C)c2c(C)cccc12,1
P3_14794,CCn1ccc(=O)c2c(OC)cc(OC)cc21,1
P3_14795,CCn1c(C)cc(=O)c2c(OC)ccc(OC)c21,0
P3_14796,CCCCc1c(O)c2ccccc2n(CCCC)c1=O,1
P3_14797,CCCCc1c([O-])c2ccccc2n(CCCC)c1=O,1
P3_14798,CCCCc1c([O-])c2ccccc2n(CC)c1=O,1
P3_14799,CCCCSc1c(O)c2ccccc2n(C)c1=O,1
P3_14800,CCCCn1c(=O)c(CC)c(O)c2ccccc21,1
P3_14801,CCCCn1c(=O)c(CC)c([O-])c2ccccc21,1
P3_14802,CCCCn1c(=O)cc(CC)c2ccccc21,1
P3_14803,CCCCCn1c(=O)cc(CC)c2ccccc21,1
P3_14804,CCCCCCn1c(C)cc(=[NH2+])c2ccccc21,1
P3_14805,CCC[N@@H+](C)Cc1c(Cl)c2ccccc2n(C)c1=O,1
P3_14806,CCC[N@H+](C)Cc1c(Cl)c2ccccc2n(C)c1=O,1
P3_14807,CCCCn1cc(C#N)c(=O)c2ccccc21,1
P3_14808,CC[N@H+](C)Cc1c(Cl)c2ccccc2n(C)c1=O,1
P3_14809,CC[N@@H+](C)Cc1c(Cl)c2ccccc2n(C)c1=O,1
P3_14810,CCCCCn1cc(C#N)c(=O)c2ccccc21,1
P3_14811,CCCCn1c(=O)c(C(C)=O)c([O-])c2ccccc21,1
P3_14812,CCCCn1c(=O)c(C(=O)[O-])c(O)c2ccccc21,1
P3_14813,CCCCn1c(=O)c(C(N)=O)c([O-])c2ccccc21,1
P3_14814,CCCNC(=O)c1c([O-])c2ccccc2n(C)c1=O,1
P3_14815,CCCCn1c(=O)c([N+](=O)[O-])c(Cl)c2ccccc21,1
P3_14816,C=CCc1c(OC(C)=O)c2ccccc2n(C)c1=O,1
P3_14817,CCCCn1c(=O)c(C(=O)NC)c([O-])c2ccccc21,1
P3_14818,CCOC(=O)c1c([O-])c2ccccc2n(C)c1=O,1
P3_14819,CN(CCO)Cc1c(Cl)c2ccccc2n(C)c1=O,1
P3_14820,CN(CCF)Cc1c(Cl)c2ccccc2n(C)c1=O,1
P3_14821,Cc1c(C(=O)NCCCO)c2ccccc2n(C)c1=O,1
P3_14822,C=CC[N@H+](C)Cc1c(Cl)c2ccccc2n(C)c1=O,1
P3_14823,C=CC[N@@H+](C)Cc1c(Cl)c2ccccc2n(C)c1=O,1
P3_14824,C=CCN(C)Cc1c(Cl)c2ccccc2n(C)c1=O,1
P3_14825,CCOC(=O)c1c(OC(C)C)c2ccccc2n(C)c1=O,1
P3_14826,CCCCc1c(O)c2ccc(C)cc2n(CC)c1=O,1
P3_14827,CCCCc1c([O-])c2ccc(C)cc2n(CC)c1=O,1
P3_14828,Cc1c(C(=O)NCCCCCO)c2ccccc2n(C)c1=O,1
P3_14829,CCOCCn1c(=O)cc(CC)c2ccccc21,1
P3_14830,Cc1c(C(=O)NC[C@H](C)O)c2ccccc2n(C)c1=O,1
P3_14831,Cc1c(C(=O)NC[C@@H](C)O)c2ccccc2n(C)c1=O,1
P3_14832,Cc1c(C(C)C)c(=O)c2ccccc2n1CCCF,1
P3_14833,CCCC(C(C)=O)n1ccc(=O)c2ccccc21,1
P3_14834,Cc1c(C(=O)OC(C)C)c2ccccc2n(C)c1=O,1
P3_14835,Cc1c(C(=O)NCCC(N)=O)c(=O)c2ccccc2n1C,1
P3_14836,CC(C)(C)NCC(O)COc1ccc(Cl)cc1Cl,1
P3_14837,COCC(C)(C)NCC(O)COc1ccc(Cl)cc1Cl,1
P3_14838,CN(C)CC(C)(C)NCC(O)COc1ccc(Cl)cc1Cl,1
P3_14839,CC(C)(C)CC(C)(C)NCC(O)COc1ccccc1Cl,1
P3_14840,CC(C)OCC(C)(C)NCC(O)COc1ccc(Cl)cc1Cl,1
P3_14841,CCOCC(C)(C)NCC(O)COc1ccc(Cl)cc1Cl,1
P3_14842,C#CCC(C)(C)NCC(O)COc1ccc(Cl)cc1Cl,1
P3_14843,CC(C)(O)C(C)(C)NCC(O)COc1ccc(Cl)cc1Cl,1
P3_14844,COC(=O)CC(C)(C)NCC(O)COc1ccc(Cl)cc1Cl,1
P3_14845,CC(C)(C)CC(C)(C)NCC(O)COc1ccc(Cl)cc1,1
P3_14846,CC(C)(C)CC(O)CNCC(O)COc1ccc(Cl)cc1Cl,1
P3_14847,COC(=O)C(C)(C)NCC(O)COc1ccc(Cl)cc1Cl,1
P3_14848,CC(C)(C)CC(C)(C)NCC(O)COc1cccc(Cl)c1,1
P3_14849,CC(C)(C)CNC(=O)C(C)(C)NCC(O)COc1ccc(Cl)cc1Cl,1
P3_14850,C#CC(C)(CC)NCC(O)COc1ccc(Cl)cc1Cl,1
P3_14851,Cc1ccc(OCC(O)CNC(C)(C)CC(C)(C)C)c(C)c1,1
P3_14852,CC(C)(O)CNCC(O)COc1ccc(Cl)cc1Cl,1
P3_14853,CC(C)(C)C(O)CNCC(O)COc1ccc(Cl)cc1Cl,1
P3_14854,CC(C)(C)[C@H](O)CNCC(O)COc1ccc(Cl)cc1Cl,1
P3_14855,Cc1ccc(C)c(OCC(O)CNC(C)(C)CC(C)(C)C)c1,1
P3_14856,CC(C)(C)CC(CO)NCC(O)COc1ccc(Cl)cc1Cl,1
P3_14857,CC(C)(C)CC(C)(C)NCC(O)COc1c(Cl)cccc1Cl,1
P3_14858,COC[C@](C)(NC[C@H](O)COc1ccc(Cl)cc1Cl)C(F)(F)F,1
P3_14859,COC[C@@](C)(NC[C@@H](O)COc1ccc(Cl)cc1Cl)C(F)(F)F,1
P3_14860,COC[C@](C)(NC[C@@H](O)COc1ccc(Cl)cc1Cl)C(F)(F)F,1
P3_14861,COC[C@@](C)(NC[C@H](O)COc1ccc(Cl)cc1Cl)C(F)(F)F,1
P3_14862,CC(F)(F)CNC[C@@H](O)COc1ccc(Cl)cc1Cl,1
P3_14863,CC(C)(C)CC(C)(C)[NH2+]C[C@@H](O)COc1ccc(Cl)cc1Cl,1
P3_14864,CC(F)(F)CNC[C@H](O)COc1ccc(Cl)cc1Cl,1
P3_14865,CC(F)(F)CNCC(O)COc1ccc(Cl)cc1Cl,1
P3_14866,CC(C)(C)CC(C)(C)[NH2+]C[C@H](O)COc1ccc(Cl)cc1Cl,1
P3_14867,CC(C)(F)CNCC(O)COc1ccc(Cl)cc1Cl,1
P3_14868,CC(C)NCC(O)COc1ccc(Cl)cc1Cl,1
P3_14869,COC(C)(C)CCNCC(O)COc1ccc(Cl)cc1Cl,1
P3_14870,COCC(C)(C)NCC(O)COc1cc(Cl)ccc1Cl,1
P3_14871,COC(C)(C)CNCC(O)COc1ccc(Cl)cc1Cl,1
P3_14872,CC(C)(C)C(CO)NCC(O)COc1ccc(Cl)cc1Cl,1
P3_14873,CC(C)(C)[C@@H](CO)NCC(O)COc1ccc(Cl)cc1Cl,1
P3_14874,CC(C)(O)C(C)(C)CNCC(O)COc1ccc(Cl)cc1Cl,1
P3_14875,CC(C)(CNCC(O)COc1ccc(Cl)cc1Cl)C(F)F,1
P3_14876,CC(C)(C)[C@H](CO)NCC(O)COc1ccc(Cl)cc1Cl,1
P3_14877,CC(C)(C)NCC(O)COc1cc(Cl)ccc1Cl,1
P3_14878,C[C@@H](O)CNCC(O)COc1ccc(Cl)cc1Cl,1
P3_14879,C[C@H](O)CNCC(O)COc1ccc(Cl)cc1Cl,1
P3_14880,CC(F)(F)CCCNCC(O)COc1ccc(Cl)cc1Cl,1
P3_14881,CCC[C@@](C)(NC[C@H](O)COc1ccc(Cl)cc1Cl)C(=O)OC,1
P3_14882,CCC[C@](C)(NC[C@@H](O)COc1ccc(Cl)cc1Cl)C(=O)OC,1
P3_14883,CCC[C@@](C)(NC[C@@H](O)COc1ccc(Cl)cc1Cl)C(=O)OC,1
P3_14884,CCC[C@](C)(NC[C@H](O)COc1ccc(Cl)cc1Cl)C(=O)OC,1
P3_14885,CCC(C)(CC(=O)OC)NCC(O)COc1ccc(Cl)cc1Cl,1
P3_14886,CN(C)C(C)(C)CNCC(O)COc1ccc(Cl)cc1Cl,1
P3_14887,CC(C)(CNCC(O)COc1ccc(Cl)cc1Cl)C(F)(F)F,1
P3_14888,CC(CNCC(O)COc1ccc(Cl)cc1Cl)C(C)(F)F,1
P3_14889,CC(C)C(O)C(C)(C)CNCC(O)COc1ccc(Cl)cc1Cl,1
P3_14890,CN(C)CC(C)(C)NCC(O)COc1cc(Cl)ccc1Cl,1
P3_14891,Cc1ccccc1OCC(O)CNC(C)(C)CC(C)(C)C,1
P3_14892,C[C@H](NC[C@@H](O)COc1ccc(Cl)cc1Cl)C(F)(F)F,1
P3_14893,CC(NCC(O)COc1ccc(Cl)cc1Cl)C(F)(F)F,1
P3_14894,C[C@H](NC[C@H](O)COc1ccc(Cl)cc1Cl)C(F)(F)F,1
P3_14895,C[C@@H](NC[C@H](O)COc1ccc(Cl)cc1Cl)C(F)(F)F,1
P3_14896,C[C@H](NCC(O)COc1ccc(Cl)cc1Cl)C(F)(F)F,1
P3_14897,C[C@@H](NCC(O)COc1ccc(Cl)cc1Cl)C(F)(F)F,1
P3_14898,C[C@H](NCC(O)COc1ccc(Cl)cc1Cl)C(C)(C)C,1
P3_14899,CC(NCC(O)COc1ccc(Cl)cc1Cl)C(C)(C)C,1
P3_14900,C[C@@H](NCC(O)COc1ccc(Cl)cc1Cl)C(C)(C)C,1
P3_14901,COC(C)(C)C(C)NCC(O)COc1ccc(Cl)cc1Cl,1
P3_14902,CCOC(C)(C)CNCC(O)COc1ccc(Cl)cc1Cl,1
P3_14903,CC(C)(C)C(CCO)NCC(O)COc1ccc(Cl)cc1Cl,1
P3_14904,COC(C)(C)CC(C)NCC(O)COc1ccc(Cl)cc1Cl,1
P3_14905,CC(O)CC(C)(C)CNCC(O)COc1ccc(Cl)cc1Cl,1
P3_14906,CC(C)(C)CC(C)(C)NCC(O)COc1ccccc1F,1
P3_14907,CC(C)C(C)CNCC(O)COc1ccc(Cl)cc1Cl,1
P3_14908,CN(CC(O)COc1ccc(Cl)cc1Cl)CC(C)(C)C,1
P3_14909,CC(C)(C)CC(C)(C)NCC(O)COc1ccccc1,1
P3_14910,CCOCC(C)(C)NCC(O)COc1ccc(Cl)cc1Br,1
P3_14911,CC(C)OCC(C)(C)NCC(O)COc1ccc(Cl)cc1F,1
P3_14912,CC(C)OCC(C)(C)NCC(O)COc1ccc(Cl)cc1Br,1
P3_14913,CC(C)(C)CC(C)(C)NCC(O)COc1ccc(F)cc1,1
P3_14914,CC(C)(C)CC(C)(C)NCC(O)COc1ccc(Br)cc1,1
P3_14915,CC(C)(C)CC(O)CNCC(O)COc1cc(Cl)ccc1Cl,1
P3_14916,CCC(C)(C)[N@H+](C)C[C@@H](O)COc1ccc(Cl)cc1Cl,1
P3_14917,CCC(C)(C)[N@H+](C)C[C@H](O)COc1ccc(Cl)cc1Cl,1
P3_14918,CC(C)(C)CC(C)(C)NCC(O)COc1cccc(Br)c1,1
P3_14919,CCC(C)(C)[N@@H+](C)C[C@H](O)COc1ccc(Cl)cc1Cl,1
P3_14920,CCC(C)(C)[N@@H+](C)C[C@@H](O)COc1ccc(Cl)cc1Cl,1
P3_14921,CC(C)CCC(CO)NCC(O)COc1ccc(Cl)cc1Cl,1
P3_14922,CC(C)OCC(C)(C)NCC(O)COc1ccccc1Cl,1
P3_14923,COC(=O)C(C)(C)C(C)(C)NCC(O)COc1ccc(Cl)cc1Cl,1
P3_14924,COc1ccccc1OCC(O)CNC(C)(C)CC(C)(C)C,0
P3_14925,COC(=O)CC(C)(C)NCC(O)COc1cc(Cl)ccc1Cl,1
P3_14926,CC(C)(C)CC(C)(C)NCC(O)COCc1ccc(Cl)cc1,1
P3_14927,COCCC(C)(C)CNCC(O)COc1ccc(Cl)cc1Cl,1
P3_14928,CC(CC(F)(F)F)NCC(O)COc1ccc(Cl)cc1Cl,1
P3_14929,COCCC(NCC(O)COc1ccc(Cl)cc1Cl)C(C)(C)C,1
P3_14930,CCOCC(C)(C)CNCC(O)COc1ccc(Cl)cc1Cl,1
P3_14931,CC(C)OC[C@H](C)NCC(O)COc1ccc(Cl)cc1Cl,1
P3_14932,CCC(CC)(CO)CNCC(O)COc1ccc(Cl)cc1Cl,1
P3_14933,Cc1cc(C)cc(OCC(O)CNC(C)(C)CC(C)(C)C)c1,1
P3_14934,CC(C)(C)CC(C)(C)NCC(O)COc1ccccc1C#N,1
P3_14935,CC(C)(C)OCCNCC(O)COc1ccc(Cl)cc1Cl,1
P3_14936,C[C@H](NCC(O)COc1ccc(Cl)cc1Cl)C(C)(C)O,1
P3_14937,CC(C)OCC(C)(C)NCC(O)COc1cc(Cl)ccc1Cl,1
P3_14938,COCC(C)(C)CNCC(O)COc1ccc(Cl)cc1Cl,1
P3_14939,CCC(C)(CNCC(O)COc1ccc(Cl)cc1Cl)OC,1
P3_14940,CC(NCC(O)COc1ccc(Cl)cc1Cl)C(C)(C)CN(C)C,1
P3_14941,Cc1cccc(C)c1OCC(O)CNC(C)(C)CC(C)(C)C,1
P3_14942,COCC(C)(C)N(C)CC(O)COc1ccc(Cl)cc1Cl,1
P3_14943,CCC(C)(C)N(C)CC(O)COc1ccc(Cl)cc1Cl,1
P3_14944,CC(C)(C)CC(C)(C)NCC(O)COCc1ccccc1Cl,1
P3_14945,CC(C)(C)CN(CCO)CC(O)COc1ccc(Cl)cc1Cl,1
P3_14946,CC(C)CN(C)CC(O)COc1ccc(Cl)cc1Cl,1
P3_14947,C[C@H](NCC(O)COc1cc(Cl)ccc1Cl)C(C)(C)C,1
P3_14948,CC(NCC(O)COc1cc(Cl)ccc1Cl)C(C)(C)C,1
P3_14949,CC(C)(C)CC(C)(C)NCC(O)COc1ccc(OCC#N)cc1,0
P3_14950,C[C@@H](NCC(O)COc1cc(Cl)ccc1Cl)C(C)(C)C,1
P3_14951,CC(C)(C)CC(C)(C)NCC(O)COc1cccc(C(F)(F)F)c1,1
P3_14952,CC(C)(C)CC(C)(C)NC[C@@H](O)c1ccc(Cl)cc1,1
P3_14953,CC(C)(C)CC(C)(C)NC[C@H](O)c1ccc(Cl)cc1,1
P3_14954,CC(C)(O)C(C)(C)NCC(O)COc1ccccc1Cl,1
P3_14955,CC(NCC(O)COc1ccc(Cl)cc1Br)C(C)(C)C,1
P3_14956,CCOC(=O)C1(Cc2ccccc2)CCN(Cc2ccccc2OC)CC1,0
P3_14957,CCOC(=O)C1(Cc2cccc(OC)c2)CCN(Cc2ccccc2OC)CC1,0
P3_14958,CCOC(=O)C1(Cc2ccccc2)CCN(Cc2ccc(OC)c(O)c2)CC1,1
P3_14959,CCOC(=O)C1(Cc2ccccc2)CCN(Cc2cccc(F)c2F)CC1,0
P3_14960,CCOC(=O)C1(Cc2ccccc2)CCN(Cc2ccc(OC)cc2F)CC1,1
P3_14961,CCOC(=O)C1(Cc2cccc(OC)c2)CCN(Cc2ccccc2F)CC1,0
P3_14962,CCOC(=O)C1(Cc2ccccc2)CCN(Cc2ccc(O)c(Cl)c2)CC1,1
P3_14963,CCOC(=O)C1(Cc2cccc(OC)c2)CCN(Cc2cccc(O)c2)CC1,0
P3_14964,CCOC(=O)C1(Cc2ccc(Cl)cc2)CCN(Cc2ccc(OC)c(O)c2)CC1,1
P3_14965,CCOC(=O)C1(Cc2ccccc2Cl)CCN(Cc2cccc(O)c2)CC1,0
P3_14966,COC(=O)C1(Cc2cccc(F)c2)CCN(Cc2cc(F)ccc2OC)CC1,0
P3_14967,CCOC(=O)C1(Cc2cccc(OC)c2)CCN(Cc2ccc(O)c(Cl)c2)CC1,1
P3_14968,CCOC(=O)C1(Cc2cccc(OC)c2)CCN(Cc2cccc(OCCO)c2)CC1,0
P3_14969,CCOC(=O)C1(Cc2cccc(OC)c2)CCN(Cc2ccc(OCCO)cc2)CC1,0
P3_14970,COC(=O)C1(Cc2cccc(F)c2)CCN(Cc2ccccc2NC(C)=O)CC1,0
P3_14971,COc1cc(Cl)cc(CN2CCC(O)(Cc3ccccc3)CC2)c1OC,1
P3_14972,COc1cc(Cl)cc(CN2CCC(CO)(Cc3ccccc3)CC2)c1OC,1
P3_14973,COc1c(O)cccc1CN1CCC(O)(Cc2ccc(F)cc2)CC1,0
P3_14974,COc1cc(C(=O)O)ccc1CN1CCC(O)(Cc2cccc(F)c2)CC1,1
P3_14975,OCC1(Cc2ccccc2)CCN(Cc2ccccc2OC(F)F)CC1,1
P3_14976,OCC1(Cc2ccccc2)CCN(Cc2cccc(O)c2F)CC1,1
P3_14977,OCC1(Cc2ccccc2)CCN(Cc2cccc(O)c2Br)CC1,1
P3_14978,OC1(Cc2ccccc2)CCN(Cc2ccccc2CF)CC1,1
P3_14979,OCC1(Cc2ccccc2)CCN(Cc2cccc(O)c2Cl)CC1,1
P3_14980,OC1(Cc2ccccc2)CCN(Cc2ccccc2F)CC1,1
P3_14981,OCC1(Cc2ccccc2)CCN(Cc2cccc(F)c2F)CC1,1
P3_14982,OCC1(Cc2ccccc2)CCN(Cc2ccccc2F)CC1,1
P3_14983,OCC1(Cc2ccccc2)CCN(Cc2cc(F)ccc2F)CC1,1
P3_14984,CCc1cc(OC)ccc1CN1CCC(O)(Cc2cccc(F)c2)CC1,1
P3_14985,OCC1(Cc2ccccc2)CCN(Cc2cccc(Cl)c2F)CC1,1
P3_14986,OCC1(Cc2ccccc2)CCN(Cc2cc(O)ccc2Br)CC1,1
P3_14987,OCC1(Cc2ccccc2)CCN(Cc2cccc(F)c2Cl)CC1,1
P3_14988,OCC1(Cc2ccccc2)CCN(Cc2cc(F)ccc2Cl)CC1,1
P3_14989,CCc1cc(OC)ccc1CN1CCC(O)(Cc2ccccc2F)CC1,0
P3_14990,OCC1(Cc2ccccc2)CCN(Cc2cccc(O)c2)CC1,1
P3_14991,OC1(Cc2ccc(F)cc2)CCN(Cc2ccccc2CF)CC1,0
P3_14992,OCC1(Cc2ccccc2)CCN(Cc2ccc(F)cc2F)CC1,1
P3_14993,OCC1(Cc2ccccc2)CCN(Cc2ccc(O)c(F)c2F)CC1,1
P3_14994,OCC1(Cc2ccccc2)CCN(Cc2cc(O)ccc2Cl)CC1,1
P3_14995,OC1(Cc2ccc(F)cc2)CCN(Cc2cccc(F)c2F)CC1,0
P3_14996,CCc1cccc(F)c1CN1CCC(O)(Cc2ccccc2F)CC1,0
P3_14997,OCC1(Cc2ccccc2)CCN(Cc2ccc(F)cc2Cl)CC1,1
P3_14998,OC1(Cc2ccccc2)CCN(Cc2cccc(F)c2)CC1,0
P3_14999,OCC1(Cc2ccccc2)CCN(Cc2ccc(F)cc2)CC1,1
P3_15000,OC1(Cc2cccc(F)c2)CCN(Cc2cc(F)ccc2F)CC1,0
P3_15001,OC1(Cc2cccc(F)c2)CCN(Cc2ccccc2F)CC1,1
P3_15002,OC1(Cc2cccc(F)c2)CCN(Cc2ccccc2CF)CC1,0
P3_15003,OC1(Cc2ccc(F)cc2)CCN(Cc2cccc(F)c2Cl)CC1,0
P3_15004,CNc1ccccc1CN1CCC(O)(Cc2cccc(F)c2)CC1,1
P3_15005,OC1(Cc2cccc(F)c2)CCN(Cc2ccccc2I)CC1,0
P3_15006,OC1(Cc2cccc(F)c2)CCN(Cc2cc(F)ccc2Cl)CC1,0
P3_15007,OCC1(Cc2ccccc2)CCN(Cc2cccc(F)c2)CC1,1
P3_15008,Nc1ccc(F)cc1CN1CCC(O)(Cc2cccc(F)c2)CC1,0
P3_15009,OCC1(Cc2ccccc2)CCN(Cc2ccc(Cl)cc2F)CC1,1
P3_15010,OC1(Cc2ccc(F)cc2)CCN(Cc2cc(F)ccc2Br)CC1,0
P3_15011,OC1(Cc2ccccc2F)CCN(Cc2cccc(F)c2)CC1,0
P3_15012,OC1(Cc2cccc(F)c2)CCN(Cc2cccc(F)c2F)CC1,0
P3_15013,OCC1(Cc2ccccc2)CCN(Cc2cc(O)cc(Br)c2)CC1,1
P3_15014,OC1(Cc2ccc(F)cc2)CCN(Cc2cccc(F)c2)CC1,0
P3_15015,OC1(Cc2ccc(F)cc2)CCN(Cc2cc(F)ccc2F)CC1,0
P3_15016,OCC1(Cc2ccccc2)CCN(Cc2c(F)cccc2Cl)CC1,1
P3_15017,OC1(Cc2ccccc2F)CCN(Cc2cccc(I)c2)CC1,0
P3_15018,OCC1(Cc2ccccc2)CCN(Cc2c(F)ccc(O)c2F)CC1,1
P3_15019,OC1(Cc2cccc(F)c2)CCN(Cc2ccc(F)cc2Cl)CC1,1
P3_15020,Nc1ccc(F)cc1CN1CCC(O)(Cc2ccccc2F)CC1,1
P3_15021,Nc1c(F)cccc1CN1CCC(O)(Cc2ccccc2F)CC1,0
P3_15022,OC1(Cc2cccc(Br)c2)CCN(Cc2cccc(Br)c2)CC1,0
P3_15023,OC1(Cc2cccc(F)c2)CCN(Cc2cccc(F)c2Cl)CC1,1
P3_15024,OC1(Cc2cccc(F)c2)CCN(Cc2cccc(Cl)c2F)CC1,1
P3_15025,Nc1c(F)cccc1CN1CCC(O)(Cc2cccc(F)c2)CC1,0
P3_15026,OC1(Cc2ccccc2F)CCN(Cc2c(F)cccc2Br)CC1,0
P3_15027,OC1(Cc2ccc(F)cc2)CCN(Cc2cc(F)ccc2Cl)CC1,1
P3_15028,OC1(Cc2cccc(Br)c2)CCN(Cc2ccc(F)cc2)CC1,0
P3_15029,OC1(Cc2ccc(F)cc2)CCN(Cc2cccc(I)c2)CC1,0
P3_15030,OC1(Cc2ccccc2F)CCN(Cc2ccccc2CF)CC1,0
P3_15031,OC1(Cc2cccc(F)c2)CCN(Cc2ccc(F)cc2)CC1,0
P3_15032,OC1(Cc2cccc(F)c2)CCN(Cc2cccc(F)c2)CC1,0
P3_15033,OC1(Cc2cccc(F)c2)CCN(Cc2cc(Cl)ccc2F)CC1,1
P3_15034,OC1(Cc2cccc(F)c2)CCN(Cc2ccc(CF)cc2)CC1,0
P3_15035,OC1(Cc2ccc(F)cc2)CCN(Cc2ccc(F)cc2Cl)CC1,0
P3_15036,OC1(Cc2cccc(F)c2)CCN(Cc2ccc(Cl)cc2F)CC1,0
P3_15037,OC1(Cc2ccccc2F)CCN(Cc2ccc(CCF)cc2)CC1,0
P3_15038,OC1(Cc2cccc(F)c2)CCN(Cc2cccc(Br)c2)CC1,0
P3_15039,OC1(Cc2ccccc2F)CCN(Cc2cc(Br)ccc2F)CC1,0
P3_15040,OC1(Cc2ccc(F)cc2)CCN(Cc2cc(Br)ccc2F)CC1,0
P3_15041,Nc1c(F)cccc1CN1CCC(C(CC(=O)O)c2ccccc2)CC1,1
P3_15042,OC1(Cc2cccc(F)c2)CCN(Cc2cccc(I)c2)CC1,0
P3_15043,OC1(Cc2cccc(F)c2)CCN(Cc2ccc(Br)cc2)CC1,0
P3_15044,OC1(Cc2cccc(F)c2)CCN(Cc2ccc(I)cc2)CC1,0
P3_15045,OC1(Cc2cccc(F)c2)CCN(Cc2ccc(CCF)cc2)CC1,0
P3_15046,CCOC(=O)C1(Cc2ccccc2)CCN(Cc2cccc(OC)c2OC)CC1,0
P3_15047,CCOC(=O)C1(Cc2ccccc2)CCN(Cc2ccc(C(=O)OC)cc2)CC1,0
P3_15048,CCOC(=O)C1(Cc2ccccc2)CCN(Cc2cc(F)cc(F)c2)CC1,0
P3_15049,COC(=O)C1(Cc2cccc(F)c2)CCN(Cc2ccccc2OC)CC1,0
P3_15050,COC(=O)C1(Cc2cccc(F)c2)CCN(Cc2cccc(OC)c2F)CC1,0
P3_15051,COC(=O)C1(Cc2cccc(F)c2)CCN(Cc2cccc(OC)c2C#N)CC1,0
P3_15052,COc1cccc(CN2CCC(CO)(Cc3ccccc3)CC2)c1F,1
P3_15053,COC(=O)C1(Cc2cccc(F)c2)CCN(Cc2ccccc2F)CC1,0
P3_15054,COC(=O)C1(Cc2cccc(F)c2)CCN(Cc2cccc(O)c2OC)CC1,1
P3_15055,COC(=O)C1(Cc2cccc(F)c2)CCN(Cc2cccc(O)c2F)CC1,0
P3_15056,COC(=O)C1(Cc2cccc(F)c2)CCN(Cc2cc(F)ccc2N)CC1,0
P3_15057,COC(=O)C1(Cc2cccc(F)c2)CCN(Cc2ccccc2N)CC1,0
P3_15058,COC(=O)C1(Cc2cccc(F)c2)CCN(Cc2ccccc2)CC1,0
P3_15059,COC(=O)C1(Cc2cccc(F)c2)CCN(Cc2c(F)cccc2OC)CC1,0
P3_15060,COC(=O)C1(Cc2cccc(F)c2)CCN(Cc2ccc(F)c(O)c2F)CC1,0
P3_15061,COC(=O)C1(Cc2cccc(F)c2)CCN(Cc2ccccc2N(C)C)CC1,0
P3_15062,COC(=O)C1(Cc2cccc(F)c2)CCN(Cc2ccc(OC)c(O)c2)CC1,1
P3_15063,COC(=O)C1(Cc2cccc(F)c2)CCN(Cc2ccccc2C#N)CC1,0
P3_15064,COC(=O)C1(Cc2cccc(F)c2)CCN(Cc2cc(F)ccc2C#N)CC1,0
P3_15065,COC(=O)C1(Cc2cccc(F)c2)CCN(Cc2cc(C#N)ccc2OC)CC1,1
P3_15066,COC(=O)C1(Cc2cccc(F)c2)CCN(Cc2ccc(C#N)cc2OC)CC1,0
P3_15067,COC(=O)C1(Cc2cccc(F)c2)CCN(Cc2ccc(O)c(F)c2F)CC1,1
P3_15068,O=C(O)C1(Cc2cccc(F)c2)CCN(Cc2ccccc2OC(F)F)CC1,0
P3_15069,COC(=O)C1(Cc2cccc(F)c2)CCN(Cc2ccc(OC)c(F)c2)CC1,0
P3_15070,COC(=O)C1(Cc2cccc(F)c2)CCN(Cc2ccc(F)c(OC)c2)CC1,0
P3_15071,COC(=O)C1(Cc2cccc(F)c2)CCN(Cc2ccc(F)cc2)CC1,0
P3_15072,COC(=O)C1(Cc2cccc(F)c2)CCN(Cc2cccc(F)c2)CC1,0
P3_15073,COC(=O)C1(Cc2cccc(F)c2)CCN(Cc2ccc(OC)cc2F)CC1,0
P3_15074,COC(=O)C1(Cc2cccc(F)c2)CCN(Cc2cc(OC)ccc2F)CC1,0
P3_15075,CCc1ccc(CC2(C(=O)O)CCN(Cc3cccc(O)c3)CC2)cc1,0
P3_15076,COC(=O)C1(Cc2cccc(F)c2)CCN(Cc2cccc(C#N)c2OC)CC1,0
P3_15077,COC(=O)C1(Cc2cccc(F)c2)CCN(Cc2ccc(F)cc2C#N)CC1,0
P3_15078,COC(=O)C1(Cc2cccc(F)c2)CCN(Cc2cccc(O)c2)CC1,0
P3_15079,COC(=O)C1(Cc2cccc(F)c2)CCN(Cc2ccc(C)c(O)c2)CC1,0
P3_15080,COC(=O)C1(Cc2cccc(F)c2)CCN(Cc2ccc(O)c(C)c2)CC1,0
P3_15081,COC(=O)C1(Cc2cccc(F)c2)CCN(Cc2ccc(OC)cc2)CC1,0
P3_15082,COC(=O)C1(Cc2cccc(F)c2)CCN(Cc2cc(O)cc(F)c2)CC1,0
P3_15083,COC(=O)C1(Cc2cccc(F)c2)CCN(Cc2cc(O)cc(OC)c2)CC1,0
P3_15084,COC(=O)C1(Cc2cccc(F)c2)CCN(Cc2cc(CO)ccc2F)CC1,0
P3_15085,COC(=O)C1(Cc2cccc(F)c2)CCN(Cc2cc(F)cc(OC)c2)CC1,0
P3_15086,O=C(O)C1(Cc2cccc(F)c2)CCN(Cc2cc(F)ccc2Cl)CC1,0
P3_15087,COC(=O)C1(Cc2cccc(F)c2)CCN(Cc2ccc(OC)c(C#N)c2)CC1,0
P3_15088,COC(=O)C1(Cc2cccc(F)c2)CCN(Cc2ccc(O)c(F)c2)CC1,0
P3_15089,COC(=O)C1(Cc2cccc(F)c2)CCN(Cc2ccc(CO)cc2)CC1,0
P3_15090,COC(=O)C1(Cc2cccc(F)c2)CCN(Cc2ccc(CN)cc2)CC1,0
P3_15091,CCc1ccc(CC2(C(=O)O)CCN(Cc3cccc(F)c3)CC2)cc1,0
P3_15092,COC(=O)C1(Cc2cccc(F)c2)CCN(Cc2cccc(N)c2)CC1,0
P3_15093,COC(=O)C1(Cc2cccc(F)c2)CCN(Cc2ccc(C#N)cc2F)CC1,0
P3_15094,COC(=O)C1(Cc2cccc(F)c2)CCN(Cc2cc(C#N)ccc2F)CC1,0
P3_15095,O=C(O)C1(Cc2cccc(F)c2)CCN(Cc2cccc(F)c2Cl)CC1,1
P3_15096,COC(=O)C1(Cc2cccc(F)c2)CCN(Cc2ccc(C#N)cc2)CC1,0
P3_15097,COC(=O)C1(Cc2cccc(F)c2)CCN(Cc2ccc(CC#N)cc2)CC1,0
P3_15098,O=C(O)C1(Cc2cccc(F)c2)CCN(Cc2cccc(F)c2)CC1,0
P3_15099,O=C(O)C1(Cc2cccc(F)c2)CCN(Cc2cc(O)ccc2Cl)CC1,0
P3_15100,CCOc1cc(CN2CCC(CO)(Cc3ccccc3)CC2)cc(Cl)c1O,1
P3_15101,O=C(O)C1(Cc2ccc(Cl)c(Cl)c2)CCN(Cc2ccccc2)CC1,1
P3_15102,O=C(O)C1(Cc2cccc(F)c2)CCN(Cc2cccc(O)c2)CC1,0
P3_15103,O=C(O)C1(Cc2cccc(F)c2)CCN(Cc2ccc(CF)cc2)CC1,0
P3_15104,O=C(O)C1(Cc2cccc(F)c2)CCN(Cc2cc(F)cc(F)c2)CC1,0
P3_15105,O=C(O)C1(Cc2cccc(F)c2)CCN(Cc2cc(CO)ccc2F)CC1,0
P3_15106,O=C(O)C1(Cc2ccc(Cl)c(Cl)c2)CCN(Cc2cccc(O)c2)CC1,1
P3_15107,O=C(O)C1(Cc2cccc(F)c2)CCN(Cc2ccc(CO)cc2)CC1,0
P3_15108,O=C(O)C1(Cc2cccc(F)c2)CCN(Cc2ccc(F)c(F)c2)CC1,0
P3_15109,O=C(O)C1(Cc2cccc(F)c2)CCN(Cc2cccc(Cl)c2)CC1,0
P3_15110,COc1ccc(CC2(CO)CCN(Cc3cccc(C(C)=O)c3)CC2)cc1,1
P3_15111,O=C(O)C1(Cc2cccc(F)c2)CCN(Cc2cccc(OC(F)F)c2)CC1,0
P3_15112,O=C(O)C1(Cc2cccc(F)c2)CCN(Cc2ccc(CCF)cc2)CC1,0
P3_15113,O=C(O)C1(Cc2cccc(F)c2)CCN(Cc2cc(F)cc(Cl)c2)CC1,0
P3_15114,COC(=O)C1(Cc2cccc(F)c2)CCN(C(=O)c2cccc(F)c2)CC1,0
P3_15115,COC(=O)C1(Cc2cccc(F)c2)CCN(C(=O)c2cccc(C)c2)CC1,0
P3_15116,COC(=O)C1(Cc2cccc(F)c2)CCN(C(=O)c2cccc(O)c2)CC1,0
P3_15117,O=C(O)C1(Cc2cccc(F)c2)CCN(Cc2ccc(F)c(Cl)c2)CC1,1
P3_15118,COc1ccc(-c2nc(NC(=O)c3cccc(S(C)(=O)=O)c3)sc2C)cc1,1
P3_15119,CCOc1ccc(-c2nc(NC(=O)c3cccc(O)c3)sc2C)cc1,1
P3_15120,CCOc1ccc(-c2nc(NC(=O)c3cccc(F)c3)sc2C)cc1,1
P3_15121,CCOc1ccc(-c2nc(NC(=O)c3cccc(OC)c3)sc2C)cc1,1
P3_15122,Cc1sc(NC(=O)c2cccc(S(C)(=O)=O)c2)nc1-c1ccc(F)cc1,1
P3_15123,CCOc1ccc(-c2nc(NC(=O)c3ccccc3)sc2C)cc1,1
P3_15124,CCOc1cccc(C(=O)Nc2nc(-c3ccc(OC)cc3)c(C)s2)c1,1
P3_15125,CCOc1ccc(-c2nc(NC(=O)c3cc(OC)cc(OC)c3)sc2C)cc1,1
P3_15126,CCOc1ccc(-c2nc(NC(=O)c3ccc(C(C)=O)cc3)sc2C)cc1,1
P3_15127,CCOc1ccc(C(=O)Nc2nc(-c3ccc(OC)cc3)c(C)s2)cc1,1
P3_15128,CCOc1ccc(-c2nc(NC(=O)c3ccc(OC)cc3)sc2C)cc1,1
P3_15129,CCOc1ccc(-c2nc(NC(=O)c3ccc(C(N)=O)cc3)sc2C)cc1,1
P3_15130,CCOc1ccc(-c2nc(NC(=O)c3ccc(F)cc3)sc2C)cc1,1
P3_15131,CCOc1ccc(-c2nc(NC(=O)c3ccc(OC)c(O)c3)sc2C)cc1,1
P3_15132,COc1ccc(-c2nc(NC(=O)c3ccc(S(C)(=O)=O)cc3)sc2C)cc1,1
P3_15133,COc1ccc(-c2nc(NC(=O)c3cccc(OC)c3)sc2C)cc1,1
P3_15134,COc1ccc(-c2nc(NC(=O)c3cccc(C)c3)sc2C)cc1,1
P3_15135,CCOc1ccc(C(=O)Nc2nc(-c3ccc(OC)cc3)c(C)s2)cc1OC,1
P3_15136,COCCOc1cccc(C(=O)Nc2nc(-c3ccc(OC)cc3)c(C)s2)c1,1
P3_15137,COc1ccc(-c2nc(NC(=O)c3cccc(O)c3)sc2C)cc1,1
P3_15138,COC(=O)c1cccc(C(=O)Nc2nc(-c3ccc(OC)cc3)c(C)s2)c1,1
P3_15139,CNC(=O)c1cccc(C(=O)Nc2nc(-c3ccc(OC)cc3)c(C)s2)c1,1
P3_15140,CCOc1ccc(-c2nc(NC(=O)c3cccc(OC)c3OC)sc2C)cc1,1
P3_15141,COc1ccc(-c2nc(NC(=O)c3cccc(C(N)=O)c3)sc2C)cc1,1
P3_15142,COc1ccc(-c2nc(NC(=O)c3cccc(N)c3)sc2C)cc1,1
P3_15143,COc1ccc(-c2nc(NC(=O)c3cccc(F)c3)sc2C)cc1,1
P3_15144,CCOc1ccc(-c2nc(NC(=O)c3cc(OC)ccc3OC)sc2C)cc1,1
P3_15145,COCc1cccc(C(=O)Nc2nc(-c3ccc(OC)cc3)c(C)s2)c1,1
P3_15146,Cc1sc(NC(=O)c2ccc(S(C)(=O)=O)cc2)nc1-c1ccccc1,1
P3_15147,COc1cccc(C(=O)Nc2nc(-c3ccc(C)cc3)c(C)s2)c1,1
P3_15148,COc1ccc(-c2nc(NC(=O)c3cccc(C#CCO)c3)sc2C)cc1,1
P3_15149,COCCOc1cccc(C(=O)Nc2nc(-c3ccccc3)c(C)s2)c1,1
P3_15150,COc1ccc(-c2nc(NC(=O)c3cccc(N(C)C)c3)sc2C)cc1,1
P3_15151,COc1ccc(-c2nc(NC(=O)c3cccc(NC(C)=O)c3)sc2C)cc1,1
P3_15152,CCOc1cccc(C(=O)Nc2nc(-c3ccc(S(C)(=O)=O)cc3)cs2)c1,0
P3_15153,CCOc1ccc(-c2nc(NC(=O)c3ccccc3CN(C)C)sc2C)cc1,1
P3_15154,Cc1sc(NC(=O)c2ccc(S(C)(=O)=O)cc2)nc1-c1ccc(F)cc1,1
P3_15155,COc1ccc(-c2nc(NC(=O)c3cccc(NC(N)=O)c3)sc2C)cc1,1
P3_15156,COc1ccc(-c2csc(NC(=O)c3cccc(S(C)(=O)=O)c3)n2)cc1,1
P3_15157,Cc1sc(NC(=O)c2ccc(F)c(S(C)(=O)=O)c2)nc1-c1ccccc1,1
P3_15158,Cc1sc(NC(=O)c2cc(S(C)(=O)=O)ccc2F)nc1-c1ccccc1,1
P3_15159,Cc1ccc(-c2csc(NC(=O)c3cccc(S(C)(=O)=O)c3)n2)cc1,0
P3_15160,Cc1ccc(-c2nc(NC(=O)c3cccc([S@](C)=O)c3)sc2C)cc1,1
P3_15161,Cc1ccc(-c2nc(NC(=O)c3cccc([S@@](C)=O)c3)sc2C)cc1,1
P3_15162,CCc1ccc(-c2csc(NC(=O)c3cccc(S(C)(=O)=O)c3)n2)cc1,0
P3_15163,Cc1sc(NC(=O)c2cccc([S@@](C)=O)c2)nc1-c1ccccc1,1
P3_15164,Cc1sc(NC(=O)c2cccc([S@](C)=O)c2)nc1-c1ccccc1,1
P3_15165,Cc1sc(NC(=O)c2cccc([S@](C)=O)c2)nc1-c1ccc(F)cc1,1
P3_15166,Cc1sc(NC(=O)c2cccc([S@@](C)=O)c2)nc1-c1ccc(F)cc1,1
P3_15167,Cc1ccc(-c2csc(NC(=O)c3cccc(S(C)(=O)=O)c3)n2)cc1C,1
P3_15168,CS(=O)(=O)c1cccc(C(=O)Nc2nc(-c3ccc(O)cc3)cs2)c1,1
P3_15169,COc1ccc(-c2csc(NC(=O)c3cccc(S(C)(=O)=O)c3)n2)cc1C,1
P3_15170,CS(=O)(=O)c1cccc(C(=O)Nc2nc(-c3ccc(Cl)cc3)cs2)c1,1
P3_15171,CS(=O)(=O)c1cccc(C(=O)Nc2nc(-c3ccc(F)cc3)cs2)c1,0
P3_15172,CS(=O)(=O)c1cccc(C(=O)Nc2nc(-c3ccccc3)cs2)c1,0
P3_15173,Cc1cc(-c2csc(NC(=O)c3cccc(S(C)(=O)=O)c3)n2)ccc1F,1
P3_15174,CS(=O)(=O)c1cccc(C(=O)Nc2nc(-c3ccc(F)c(F)c3)cs2)c1,0
P3_15175,CS(=O)(=O)c1cccc(C(=O)Nc2nc(-c3cccc(O)c3)cs2)c1,0
P3_15176,CS(=O)(=O)c1cccc(C(=O)Nc2nc(-c3cccc(F)c3)cs2)c1,1
P3_15177,CCS(=O)(=O)c1cccc(C(=O)Nc2nc(-c3ccc(C)cc3)cs2)c1,1
P3_15178,Cc1ccc(-c2csc(NC(=O)c3cccc(S(C)(=O)=O)c3)n2)c(C)c1,1
P3_15179,CS(=O)(=O)c1cccc(C(=O)Nc2nc(-c3c(F)cccc3F)cs2)c1,0
P3_15180,CS(=O)(=O)c1cccc(C(=O)Nc2nc(-c3ccccc3F)cs2)c1,1
P3_15181,CCS(=O)(=O)c1cccc(C(=O)Nc2nc(-c3ccc(O)cc3)cs2)c1,0
P3_15182,CCS(=O)(=O)c1cccc(C(=O)Nc2nc(-c3ccc(F)cc3)cs2)c1,0
P3_15183,CCS(=O)(=O)c1cccc(C(=O)Nc2nc(-c3ccccc3)cs2)c1,1
P3_15184,CS(=O)(=O)c1cccc(C(=O)Nc2nc(-c3cc(F)ccc3F)cs2)c1,0
P3_15185,CCOc1ccc(-c2nc(NC(=O)c3cccc(C(N)=O)c3)sc2C)cc1,1
P3_15186,CCOc1ccc(-c2nc(NC(=O)c3ccc(CO)cc3)sc2C)cc1,1
P3_15187,COc1ccc(-c2nc(NC(=O)c3cccc(C#N)c3)sc2C)cc1,1
P3_15188,Cc1ccc(-c2nc(NC(=O)c3cccc(OCC(N)=O)c3)sc2C)cc1,1
P3_15189,COc1ccc(-c2nc(NC(=O)c3cccc(OC(F)F)c3)sc2C)cc1,1
P3_15190,CNC(=O)c1cccc(C(=O)Nc2nc(-c3ccc(C)cc3)c(C)s2)c1,1
P3_15191,COC(=O)c1cccc(C(=O)Nc2nc(-c3ccc(F)cc3)c(C)s2)c1,1
P3_15192,COc1ccc(-c2nc(NC(=O)c3cc(OC)cc(OC)c3)sc2C)cc1,1
P3_15193,COc1ccc(-c2nc(NC(=O)c3cc(C)cc(C)c3)sc2C)cc1,1
P3_15194,COc1ccc(-c2nc(NC(=O)c3ccc(OC)c(OC)c3)sc2C)cc1,1
P3_15195,COc1ccc(-c2nc(NC(=O)c3ccc(OCC(N)=O)cc3)sc2C)cc1,1
P3_15196,COc1ccc(-c2nc(NC(=O)c3ccc(O)c(C)c3)sc2C)cc1,1
P3_15197,COc1ccc(-c2nc(NC(=O)c3ccc(C)c(OC)c3)sc2C)cc1,1
P3_15198,COc1ccc(-c2nc(NC(=O)c3ccc(C)cc3)sc2C)cc1,1
P3_15199,COc1ccc(-c2nc(NC(=O)c3cc(OC)c(C)c(OC)c3)sc2C)cc1,1
P3_15200,COc1ccc(-c2nc(NC(=O)c3ccc(C)c(F)c3)sc2C)cc1,1
P3_15201,COc1ccc(-c2nc(NC(=O)c3cccc(C)c3)sc2C)cc1OC,1
P3_15202,CCOc1ccc(-c2nc(NC(=O)c3ccccc3F)sc2C)cc1,1
P3_15203,CCOc1ccc(-c2nc(NC(=O)c3ccccc3OC)sc2C)cc1,1
P3_15204,Cc1sc(NC(=O)c2cccc(CS(C)(=O)=O)c2)nc1-c1ccccc1,1
P3_15205,COc1ccc(-c2nc(NC(=O)c3ccc([O-])c(Cl)c3)sc2C)cc1,1
P3_15206,COc1ccc(-c2nc(NC(=O)c3cccc(F)c3)sc2C)cc1OC,1
P3_15207,COc1ccc(-c2nc(NC(=O)c3cc(F)c([O-])c(F)c3)sc2C)cc1,1
P3_15208,COc1ccc(-c2nc(NC(=O)c3c(F)cccc3F)sc2C)cc1,1
P3_15209,COc1ccc(-c2nc(NC(=O)c3cccc(C)c3)sc2C)c(OC)c1,1
P3_15210,COc1ccc(-c2nc(NC(=O)c3cccc(C)c3C)sc2C)cc1,1
P3_15211,COc1ccc(-c2nc(NC(=O)c3ccc(N(C)C)cc3)sc2C)cc1,1
P3_15212,COc1ccc(-c2nc(NC(=O)c3ccc(CC#N)cc3)sc2C)cc1,1
P3_15213,COc1ccc(-c2nc(NC(=O)c3ccc([S@](C)=O)cc3)sc2C)cc1,1
P3_15214,COc1ccc(-c2nc(NC(=O)c3ccc([S@@](C)=O)cc3)sc2C)cc1,1
P3_15215,COc1ccc(-c2nc(NC(=O)c3cccc(F)c3)sc2C)c(OC)c1,1
P3_15216,COc1ccc(-c2cc(=O)c3cc(C)cc(C)c3o2)cc1O,1
P3_15217,CCCCOc1ccc(-c2oc3ccc(Cl)cc3c(=O)c2O)cc1,1
P3_15218,CSc1ccc(-c2oc3ccccc3c(=O)c2O)cc1,1
P3_15219,COc1ccc2c(=O)c(O)c(-c3ccc(C(=O)[O-])cc3)oc2c1,0
P3_15220,CC(C)c1ccc(-c2oc3ccc(Cl)cc3c(=O)c2O)cc1,1
P3_15221,CC(=O)Nc1ccc(NC(=O)Nc2ccc(F)c(Cl)c2)cc1,1
P3_15222,O=C(Nc1cc(F)c([O-])c(F)c1)Nc1ccc(F)c(Cl)c1,1
P3_15223,O=C(Nc1ccc(F)c(Cl)c1)Nc1cc(F)c(F)cc1[O-],1
P3_15224,O=C(Nc1cc([O-])c(F)c(F)c1)Nc1ccc(F)c(Cl)c1,1
P3_15225,CC(=O)c1cc(NC(=O)Nc2ccc(F)c(Cl)c2)ccc1F,1
P3_15226,NC(=O)c1cc(NC(=O)Nc2ccc(F)c(Cl)c2)ccc1F,1
P3_15227,O=C(Nc1ccc(CO)cc1)Nc1ccc(F)c(Cl)c1,1
P3_15228,O=C(Nc1ccc(F)c(Cl)c1)Nc1cc(F)ccc1F,1
P3_15229,O=C(Nc1ccc(F)c(Cl)c1)Nc1c(F)cc(O)cc1F,1
P3_15230,COC(=O)Nc1ccc(NC(=O)Nc2ccc(F)c(Cl)c2)cc1,1
P3_15231,O=C(Nc1ccc(F)c(Cl)c1)Nc1cc(F)c([O-])cc1F,1
P3_15232,O=C(Nc1ccc(F)c(Cl)c1)Nc1ccc(Cl)cc1[O-],1
P3_15233,O=C(Nc1ccc(F)c(Cl)c1)Nc1cc([O-])c(F)cc1F,1
P3_15234,CCC(=O)Nc1ccc(NC(=O)Nc2ccc(F)c(Cl)c2)cc1,1
P3_15235,NC(=O)c1ccc(NC(=O)Nc2ccc(F)c(Cl)c2)cc1F,0
P3_15236,O=C(Nc1ccc(F)c(Cl)c1)Nc1cc(F)c(F)cc1O,1
P3_15237,N#Cc1cc(NC(=O)Nc2ccc(F)c(Cl)c2)ccc1F,1
P3_15238,O=C(Nc1ccc(F)c(Cl)c1)Nc1c(F)cc([O-])cc1F,1
P3_15239,O=C(Nc1cc(O)c(F)c(F)c1)Nc1ccc(F)c(Cl)c1,1
P3_15240,O=C(Nc1ccc(F)c(Cl)c1)Nc1ccc(F)cc1[O-],1
P3_15241,COc1c(F)cc(NC(=O)Nc2ccc(F)c(Cl)c2)cc1F,1
P3_15242,O=C(Nc1ccc(F)c(Cl)c1)Nc1cc(O)c(F)cc1F,1
P3_15243,O=C(Nc1ccc(CCO)cc1)Nc1ccc(F)c(Cl)c1,1
P3_15244,O=C(Nc1ccc(F)c(Cl)c1)Nc1ccc(Cl)cc1O,1
P3_15245,N#Cc1c(F)cc(NC(=O)Nc2ccc(F)c(Cl)c2)cc1F,1
P3_15246,COC(=O)c1cc(NC(=O)Nc2ccc(F)c(Cl)c2)ccc1F,1
P3_15247,C#Cc1ccc(NC(=O)Nc2ccc(F)c(Cl)c2)cc1F,1
P3_15248,O=C(Nc1ccc(F)c(Cl)c1)Nc1cc(F)c(O)cc1F,1
P3_15249,CNC(=O)c1cc(NC(=O)Nc2ccc(F)c(Cl)c2)ccc1F,1
P3_15250,N#Cc1ccc(NC(=O)Nc2ccc(F)c(Cl)c2)cc1F,1
P3_15251,CNC(=O)c1ccc(NC(=O)Nc2ccc(F)c(Cl)c2)cc1,1
P3_15252,NC(=O)c1ccc(F)c(NC(=O)Nc2ccc(Cl)c(Cl)c2)c1,1
P3_15253,NC(=O)c1ccc(Cl)c(NC(=O)Nc2ccc(F)c(Cl)c2)c1,1
P3_15254,N#Cc1cc(NC(=O)Nc2ccc(F)c(Cl)c2)ccc1[O-],1
P3_15255,O=C(Nc1ccc(F)c(Cl)c1)Nc1cc(CO)ccc1Cl,1
P3_15256,O=C(Nc1ccc(F)c(Cl)c1)Nc1c(O)cccc1Cl,1
P3_15257,O=C(Nc1ccc(F)c(Cl)c1)Nc1c(O)cccc1F,1
P3_15258,CC(=O)c1ccc(F)c(NC(=O)Nc2ccc(F)c(Cl)c2)c1,1
P3_15259,O=C(Nc1ccc(F)c(Cl)c1)Nc1ccc(F)cc1O,1
P3_15260,O=C(Nc1ccc(F)c(F)c1)Nc1ccc(F)c(F)c1,1
P3_15261,O=C(Nc1cc(F)cc(F)c1)Nc1ccc(F)c(F)c1,0
P3_15262,O=C(Nc1ccc(O)cc1)Nc1ccc(F)c(F)c1,1
P3_15263,O=C(Nc1ccc(O)c(F)c1)Nc1ccc(F)c(F)c1,1
P3_15264,O=C(Nc1ccc(F)c(F)c1)Nc1cc(F)c(O)c(F)c1,1
P3_15265,O=C(Nc1ccc(F)c(O)c1)Nc1ccc(F)c(F)c1,1
P3_15266,O=C(Nc1ccc(O)c(F)c1)Nc1ccc(Cl)cc1Cl,1
P3_15267,O=C(Nc1ccc(F)c(F)c1)Nc1cccc(F)c1Cl,1
P3_15268,O=C(Nc1cc(Cl)cc(Cl)c1)Nc1ccc(CO)c(F)c1,1
P3_15269,O=C(Nc1ccc(F)c(F)c1)Nc1ccc(CO)cc1Cl,1
P3_15270,O=C(Nc1ccc(F)cc1)Nc1ccc(F)c(Br)c1,1
P3_15271,O=C(Nc1cccc(F)c1)Nc1ccc(F)c(F)c1,1
P3_15272,O=C(Nc1ccc(F)c(CO)c1)Nc1ccc(Cl)cc1Cl,1
P3_15273,O=C(Nc1ccc(F)c(F)c1)Nc1ccc(CO)c(F)c1,0
P3_15274,O=C(Nc1ccc(F)c(F)c1)Nc1ccc(F)c(CO)c1,0
P3_15275,O=C(Nc1ccc(O)cc1)Nc1ccc(F)c(Br)c1,1
P3_15276,O=C(Nc1ccc(F)c(F)c1)Nc1cc(O)c(F)c(F)c1,1
P3_15277,O=C(Nc1ccc(F)c(Cl)c1)Nc1ccccc1F,1
P3_15278,O=C(Nc1ccc(F)c(Cl)c1)Nc1ccc(CO)c(CO)c1,1
P3_15279,C[C@@H](O)c1ccc(NC(=O)Nc2ccc(F)c(Cl)c2)cc1,1
P3_15280,O=C(Nc1cccc(CO)c1)Nc1ccc(F)c(Cl)c1,1
P3_15281,O=C(Nc1ccc(F)c(Cl)c1)Nc1ccc(O)c(F)c1F,1
P3_15282,COc1ccc(NC(=O)Nc2ccc(F)c(Cl)c2)cc1O,1
P3_15283,COc1ccc(NC(=O)Nc2ccc(F)c(Cl)c2)cc1C,1
P3_15284,COc1cc(NC(=O)Nc2ccc(F)c(Cl)c2)ccc1O,1
P3_15285,Cc1cc(NC(=O)Nc2ccc([O-])c(Cl)c2)ccc1F,1
P3_15286,Cc1ccc(NC(=O)Nc2ccc(F)c(Cl)c2)cc1C#N,1
P3_15287,Cc1cc(NC(=O)Nc2ccc(F)c(Cl)c2)ccc1C#N,1
P3_15288,Cc1cc(NC(=O)Nc2ccc(O)c(Cl)c2)ccc1F,1
P3_15289,O=C(Nc1ccc(Cl)cc1)Nc1ccc(F)c(O)c1,1
P3_15290,COCc1cccc(NC(=O)Nc2ccc(F)c(Cl)c2)c1,1
P3_15291,COc1ccc(NC(=O)Nc2ccc(F)c(Cl)c2)cc1,1
P3_15292,O=C(Nc1ccc(F)c(Cl)c1)Nc1c([O-])cccc1F,1
P3_15293,O=C(Nc1ccc(F)c(Cl)c1)Nc1cccc(F)c1F,1
P3_15294,CC(=O)c1cccc(NC(=O)Nc2ccc(F)c(Cl)c2)c1,1
P3_15295,O=C(Nc1ccc(F)c(Cl)c1)Nc1cccc([O-])c1Cl,1
P3_15296,O=C(Nc1ccc(OC(F)(F)F)cc1)Nc1ccc(F)c(Cl)c1,1
P3_15297,COCc1ccc(NC(=O)Nc2ccc(F)c(Cl)c2)cc1,1
P3_15298,O=C(Nc1ccc(F)c(Cl)c1)Nc1cccc(F)c1[O-],1
P3_15299,O=C(Nc1ccc(F)c(Cl)c1)Nc1cc(F)cc(F)c1[O-],1
P3_15300,O=C(Nc1ccc(F)c(Cl)c1)Nc1cccc(Cl)c1[O-],1
P3_15301,CC(=O)c1ccc(NC(=O)Nc2ccc(F)c(Cl)c2)c(F)c1,1
P3_15302,COc1ccc(F)c(NC(=O)Nc2ccc(F)c(Cl)c2)c1,1
P3_15303,O=C(Nc1ccc(F)c(Cl)c1)Nc1ccccc1CO,1
P3_15304,COCc1ccc(NC(=O)Nc2ccc(F)c(Cl)c2)cc1F,1
P3_15305,O=C(Nc1ccc([O-])c(Cl)c1)Nc1cc(Cl)ccc1F,1
P3_15306,COc1cc(C)cc(NC(=O)Nc2ccc(F)c(Cl)c2)c1,1
P3_15307,O=C(Nc1ccc(F)c(Cl)c1)Nc1ccc(F)cc1CO,1
P3_15308,COc1ccc(NC(=O)Nc2ccc(F)c(Cl)c2)c(F)c1,1
P3_15309,COC(=O)c1ccc(F)c(NC(=O)Nc2ccc(F)c(Cl)c2)c1,1
P3_15310,COc1ccccc1NC(=O)Nc1ccc(F)c(Cl)c1,1
P3_15311,O=C(Nc1ccc(Cl)c(Cl)c1)Nc1cccc(F)c1CO,1
P3_15312,CCCC(=O)Nc1nnc(Cc2ccc(OC)c(OC)c2)s1,0
P3_15313,COCC(=O)Nc1nnc(Cc2ccc(OC)c(OC)c2)s1,0
P3_15314,CCOCC(=O)Nc1nnc(Cc2ccc(OC)c(OC)c2)s1,0
P3_15315,CCCCC(=O)Nc1nnc(Cc2ccc(OC)c(OC)c2)s1,0
P3_15316,COc1ccc(Cc2nnc(NC(C)=O)s2)cc1OC,0
P3_15317,CCCCCC(=O)Nc1nnc(Cc2ccc(OC)c(OC)c2)s1,0
P3_15318,COc1ccc(Cc2nnc(NC(=O)CC(C)C)s2)cc1OC,0
P3_15319,COc1ccc(Cc2nnc(NC(=O)CC(C)(C)C)s2)cc1OC,0
P3_15320,CCOCCC(=O)Nc1nnc(Cc2ccc(OC)c(OC)c2)s1,0
P3_15321,CCC(CC)C(=O)Nc1nnc(Cc2ccc(OC)c(OC)c2)s1,0
P3_15322,COc1ccc(Cc2nnc(NC(=O)C(C)(C)C)s2)cc1OC,0
P3_15323,COc1ccc(Cc2nnc(NC(=O)C(C)C)s2)cc1OC,0
P3_15324,CC[C@@H](C)C(=O)Nc1nnc(Cc2ccc(OC)c(OC)c2)s1,0
P3_15325,CC[C@H](C)C(=O)Nc1nnc(Cc2ccc(OC)c(OC)c2)s1,0
P3_15326,COc1ccc(Cc2nnc(NC(=O)C(F)(F)F)s2)cc1OC,0
P3_15327,CCC(=O)Nc1nnc(Cc2cccc(OC)c2)s1,0
P3_15328,CCC[C@H](C)C(=O)Nc1nnc(Cc2ccc(OC)c(OC)c2)s1,0
P3_15329,CCC[C@@H](C)C(=O)Nc1nnc(Cc2ccc(OC)c(OC)c2)s1,0
P3_15330,CCC(=O)Nc1nnc(Cc2ccc(Cl)c(Cl)c2)s1,0
P3_15331,CCC(=O)Nc1nnc(Cc2ccc(C(F)(F)F)cc2)s1,0
P3_15332,CCCC(=O)Nc1nnc(Cc2ccc(OC)cc2)s1,0
P3_15333,COc1ccc(Cc2nnc(NC(=O)CO)s2)cc1,0
P3_15334,CCCC(=O)Nc1nnc(Cc2cccc(OC)c2)s1,0
P3_15335,COCC(=O)Nc1nnc(Cc2ccc(OC)cc2)s1,0
P3_15336,CNC(=O)CC(=O)Nc1nnc(Cc2ccc(OC)cc2)s1,0
P3_15337,COc1cccc(Cc2nnc(NC(=O)CO)s2)c1,0
P3_15338,CNC(=O)CCC(=O)Nc1nnc(Cc2ccc(OC)cc2)s1,0
P3_15339,CNC(=O)CC(=O)Nc1nnc(Cc2cccc(OC)c2)s1,0
P3_15340,COCC(=O)Nc1nnc(Cc2cccc(OC)c2)s1,0
P3_15341,COc1cccc(Cc2nnc(NC(=O)CN)s2)c1,0
P3_15342,COc1ccc(Cc2nnc(N)s2)cc1OC,0
P3_15343,CCC(=O)N[C@@H](C)C(=O)Nc1nnc(Cc2ccc(OC)cc2)s1,1
P3_15344,CCC(=O)NC(C)C(=O)Nc1nnc(Cc2ccc(OC)cc2)s1,1
P3_15345,CCCC(=O)Nc1nnc(Cc2ccc(Cl)c(Cl)c2)s1,1
P3_15346,COc1ccc(Cc2nnc(NC(=O)CCC(=O)O)s2)cc1,0
P3_15347,COC(=O)CCC(=O)Nc1nnc(Cc2ccc(OC)cc2)s1,0
P3_15348,CCOCCC(=O)Nc1nnc(Cc2ccc(OC)cc2)s1,0
P3_15349,CNC(=O)CCC(=O)Nc1nnc(Cc2cccc(OC)c2)s1,0
P3_15350,CCC(C)(C)CC(=O)Nc1nnc(Cc2ccc(OC)cc2)s1,0
P3_15351,CCC(=O)NC(C)C(=O)Nc1nnc(Cc2cccc(OC)c2)s1,0
P3_15352,CCCC(O)(CCC)CC(=O)Nc1nnc(Cc2cccc(OC)c2)s1,0
P3_15353,CCC(=O)N[C@@H](C)C(=O)Nc1nnc(Cc2cccc(OC)c2)s1,0
P3_15354,COc1ccc(Cc2nnc(NC(C)=O)s2)cc1,0
P3_15355,C=C(Br)CC(=O)Nc1nnc(Cc2ccc(OC)cc2)s1,0
P3_15356,CNC(=O)CCCC(=O)Nc1nnc(Cc2ccc(OC)cc2)s1,0
P3_15357,COC(=O)NCC(=O)Nc1nnc(Cc2ccc(OC)cc2)s1,0
P3_15358,CCC(F)(F)CC(=O)Nc1nnc(Cc2ccc(OC)cc2)s1,0
P3_15359,CCC(C)(C)CC(=O)Nc1nnc(Cc2cccc(OC)c2)s1,0
P3_15360,CNC(=O)Nc1nnc(Cc2ccc(OC)cc2)s1,0
P3_15361,COC(=O)CCCC(=O)Nc1nnc(Cc2ccc(OC)cc2)s1,0
P3_15362,CNC(=O)NCC(=O)Nc1nnc(Cc2ccc(OC)cc2)s1,0
P3_15363,C=C(C)CCC(=O)Nc1nnc(Cc2ccc(OC)cc2)s1,0
P3_15364,C=C(Br)CC(=O)Nc1nnc(Cc2cccc(OC)c2)s1,0
P3_15365,COC(=O)NCC(=O)Nc1nnc(Cc2cccc(OC)c2)s1,0
P3_15366,CCC(C)(C)OCC(=O)Nc1nnc(Cc2ccc(OC)cc2)s1,1
P3_15367,CCC(F)(F)CC(=O)Nc1nnc(Cc2cccc(OC)c2)s1,0
P3_15368,Cc1ccc(Cc2nnc(NC(=O)CO)s2)cc1,0
P3_15369,CNC(=O)Nc1nnc(Cc2cccc(OC)c2)s1,0
P3_15370,CCNC(=O)C(=O)Nc1nnc(Cc2ccc(OC)cc2)s1,0
P3_15371,C=C(Cl)CCC(=O)Nc1nnc(Cc2ccc(OC)cc2)s1,1
P3_15372,CC=CCCC(=O)Nc1nnc(Cc2ccc(OC)cc2)s1,0
P3_15373,CCCCCC(=O)Nc1nnc(Cc2ccc(Cl)c(Cl)c2)s1,0
P3_15374,CCOC(=O)CCCC(=O)Nc1nnc(Cc2ccc(OC)cc2)s1,0
P3_15375,COC(=O)CCCC(=O)Nc1nnc(Cc2cccc(OC)c2)s1,0
P3_15376,C=C(C)CCC(=O)Nc1nnc(Cc2cccc(OC)c2)s1,0
P3_15377,CCCC(C)(O)CC(=O)Nc1nnc(Cc2ccc(OC)cc2)s1,0
P3_15378,CCCS(=O)(=O)CC(=O)Nc1nnc(Cc2cccc(OC)c2)s1,0
P3_15379,CCN(CC)C(=O)CCC(=O)Nc1nnc(Cc2cccc(OC)c2)s1,0
P3_15380,CCC(C)(C)OCC(=O)Nc1nnc(Cc2cccc(OC)c2)s1,0
P3_15381,CCC(C)(C)C(=O)Nc1nnc(Cc2ccc(OC)cc2)s1,0
P3_15382,CC(C)CC(=O)Nc1nnc(Cc2ccc(Cl)c(Cl)c2)s1,0
P3_15383,C=C(C)COCC(=O)Nc1nnc(Cc2ccc(OC)cc2)s1,0
P3_15384,COCC(C)(C)CC(=O)Nc1nnc(Cc2ccc(OC)cc2)s1,0
P3_15385,CCNC(=O)C(=O)Nc1nnc(Cc2cccc(OC)c2)s1,0
P3_15386,C=CCCC(=O)Nc1nnc(Cc2cccc(OC)c2)s1,0
P3_15387,CC=CCCC(=O)Nc1nnc(Cc2cccc(OC)c2)s1,0
P3_15388,C=C(Cl)CCC(=O)Nc1nnc(Cc2cccc(OC)c2)s1,0
P3_15389,CCOC(=O)CCCC(=O)Nc1nnc(Cc2cccc(OC)c2)s1,0
P3_15390,CCCC(C)(O)CC(=O)Nc1nnc(Cc2cccc(OC)c2)s1,0
P3_15391,CC(=O)Nc1nnc(Cc2ccc(Cl)c(Cl)c2)s1,0
P3_15392,CCC(CC)NC(=O)Nc1nnc(Cc2ccc(OC)cc2)s1,0
P3_15393,CCC(CC)(CC)NC(=O)Nc1nnc(Cc2ccc(OC)cc2)s1,0
P3_15394,CCC(F)(F)C(=O)Nc1nnc(Cc2ccc(OC)cc2)s1,0
P3_15395,CCC(OC)C(=O)Nc1nnc(Cc2ccc(OC)cc2)s1,0
P3_15396,CC[C@@H](O)C(=O)Nc1nnc(Cc2cccc(OC)c2)s1,0
P3_15397,C=CCCCC(=O)Nc1nnc(Cc2ccc(OC)cc2)s1,0
P3_15398,C=C(CC)CNC(=O)Nc1nnc(Cc2ccc(OC)cc2)s1,0
P3_15399,CCC(=O)Nc1nnc(Cc2ccccc2OC)s1,0
P3_15400,CCC(=O)Nc1nnc(Cc2cccc(Cl)c2)s1,0
P3_15401,CCOCC(=O)Nc1nnc(Cc2ccc(OC)cc2)s1,0
P3_15402,CCCCC(=O)Nc1nnc(Cc2ccc(OC)cc2)s1,0
P3_15403,CCOCC(=O)Nc1nnc(Cc2cccc(OC)c2)s1,0
P3_15404,CCCCC(=O)Nc1nnc(Cc2cccc(OC)c2)s1,0
P3_15405,CCCCCC(=O)Nc1nnc(Cc2cccc(OC)c2)s1,0
P3_15406,COC(=O)CCC(=O)Nc1nnc(Cc2cccc(OC)c2)s1,0
P3_15407,COCCC(=O)Nc1nnc(Cc2cccc(OC)c2)s1,0
P3_15408,CCCOCC(=O)Nc1nnc(Cc2cccc(OC)c2)s1,0
P3_15409,CC[C@H](C)CC(=O)Nc1nnc(Cc2cccc(OC)c2)s1,0
P3_15410,CC[C@@H](C)CC(=O)Nc1nnc(Cc2cccc(OC)c2)s1,0
P3_15411,CC[C@H](O)CC(=O)Nc1nnc(Cc2cccc(OC)c2)s1,0
P3_15412,CC[C@@H](O)CC(=O)Nc1nnc(Cc2cccc(OC)c2)s1,0
P3_15413,CCOCCC(=O)Nc1nnc(Cc2cccc(OC)c2)s1,0
P3_15414,CCC(=O)Nc1nnc(Cc2ccc(Cl)cc2Cl)s1,0
P3_15415,CCCSCC(=O)Nc1nnc(Cc2cccc(OC)c2)s1,0
P3_15416,CC[C@H](C)OCC(=O)Nc1nnc(Cc2cccc(OC)c2)s1,0
P3_15417,CC[C@@H](C)OCC(=O)Nc1nnc(Cc2cccc(OC)c2)s1,0
P3_15418,CCC(CC)C(=O)Nc1nnc(Cc2ccc(OC)cc2)s1,0
P3_15419,CCNC(=O)Nc1nnc(Cc2cccc(OC)c2)s1,0
P3_15420,CCOCC(=O)Nc1nnc(Cc2ccccc2OC)s1,0
P3_15421,COCCCC(=O)Nc1nnc(Cc2cccc(OC)c2)s1,0
P3_15422,C/C=C(\CC)C(=O)Nc1nnc(Cc2cccc(OC)c2)s1,0
P3_15423,CCOCCCC(=O)Nc1nnc(Cc2cccc(OC)c2)s1,0
P3_15424,CC[C@@H](C)CCC(=O)Nc1nnc(Cc2cccc(OC)c2)s1,0
P3_15425,CC[C@@H](CC(=O)Nc1nnc(Cc2cccc(OC)c2)s1)C(C)C,0
P3_15426,CC[C@H](C)CCC(=O)Nc1nnc(Cc2cccc(OC)c2)s1,0
P3_15427,CCCCOCC(=O)Nc1nnc(Cc2cccc(OC)c2)s1,0
P3_15428,CCC[N@@H+](C)CC(=O)Nc1nnc(Cc2cccc(OC)c2)s1,0
P3_15429,CC[C@H](CC(=O)Nc1nnc(Cc2cccc(OC)c2)s1)C(C)C,0
P3_15430,CCC[N@H+](C)CC(=O)Nc1nnc(Cc2cccc(OC)c2)s1,0
P3_15431,CCCN(C)CC(=O)Nc1nnc(Cc2cccc(OC)c2)s1,0
P3_15432,CCCC(=O)Nc1nnc(Cc2cccc(Cl)c2)s1,0
P3_15433,CC[C@H](C)C(=O)Nc1nnc(Cc2ccc(OC)cc2)s1,1
P3_15434,CC[C@@H](C)C(=O)Nc1nnc(Cc2ccc(OC)cc2)s1,1
P3_15435,CNC(=O)C(C)(C)C(=O)Nc1nnc(Cc2ccc(OC)cc2)s1,0
P3_15436,CCC(CC)C(=O)Nc1nnc(Cc2cccc(OC)c2)s1,0
P3_15437,CCN(CC)C(=O)Nc1nnc(Cc2cccc(OC)c2)s1,0
P3_15438,COC(=O)N(C)CC(=O)Nc1nnc(Cc2cccc(OC)c2)s1,0
P3_15439,COCCCCC(=O)Nc1nnc(Cc2cccc(OC)c2)s1,0
P3_15440,COc1ccc(Cc2nnc(NC(=O)C(C)(C)O)s2)cc1,0
P3_15441,CCC(C)(C)C(=O)Nc1nnc(Cc2cccc(OC)c2)s1,0
P3_15442,CCOCCC(=O)Nc1nnc(Cc2ccccc2OC)s1,0
P3_15443,CCCNC(=O)Nc1nnc(Cc2cccc(OC)c2)s1,0
P3_15444,CC[C@H](C)C(=O)Nc1nnc(Cc2cccc(OC)c2)s1,0
P3_15445,CC[C@@H](C)C(=O)Nc1nnc(Cc2cccc(OC)c2)s1,0
P3_15446,CCN(C)C(=O)Nc1nnc(Cc2cccc(OC)c2)s1,0
P3_15447,COC[C@@H](C)CC(=O)Nc1nnc(Cc2cccc(OC)c2)s1,0
P3_15448,COc1cccc(Cc2nnc(NC(=O)CC[C@H](C)[NH3+])s2)c1,0
P3_15449,COC[C@H](C)CC(=O)Nc1nnc(Cc2cccc(OC)c2)s1,0
P3_15450,COc1cccc(Cc2nnc(NC(=O)CC[C@@H](C)[NH3+])s2)c1,0
P3_15451,COCC(C)(C)CC(=O)Nc1nnc(Cc2cccc(OC)c2)s1,0
P3_15452,CCCCSCCC(=O)Nc1nnc(Cc2cccc(OC)c2)s1,0
P3_15453,C=CCCCC(=O)Nc1nnc(Cc2cccc(OC)c2)s1,0
P3_15454,CCC[C@@H](C)C(=O)Nc1nnc(Cc2ccc(OC)cc2)s1,0
P3_15455,CCC(=O)Nc1nnc(Cc2cccc(F)c2)s1,0
P3_15456,COc1cccc(Cc2nnc(NC(N)=O)s2)c1,0
P3_15457,COc1cccc(Cc2nnc(NC(=O)C[NH3+])s2)c1,0
P3_15458,COc1ccc(Cc2nnc(NC(=O)CC(C)C)s2)cc1,0
P3_15459,COc1cccc(Cc2nnc(NC(=O)CN(C)C)s2)c1,0
P3_15460,COc1cccc(Cc2nnc(NC(=O)CC[NH3+])s2)c1,0
P3_15461,COc1cccc(Cc2nnc(NC(=O)CSC)s2)c1,0
P3_15462,COc1cccc(Cc2nnc(NC(=O)C[NH+](C)C)s2)c1,0
P3_15463,COc1cccc(Cc2nnc(NC(C)=O)s2)c1,0
P3_15464,COCC(=O)Nc1nnc(Cc2cccc(Cl)c2)s1,0
P3_15465,COc1cccc(Cc2nnc(NC(=O)CC#N)s2)c1,0
P3_15466,CNC(=O)CC(=O)Nc1nnc(Cc2ccc(C)cc2)s1,0
P3_15467,COCCC(=O)Nc1nnc(Cc2cccc(Cl)c2)s1,0
P3_15468,COCCC(=O)Nc1nnc(Cc2cccc(F)c2)s1,0
P3_15469,CNC(=O)CC(=O)Nc1nnc(Cc2ccc(F)cc2)s1,0
P3_15470,CNC(=O)CC(=O)Nc1nnc(Cc2ccc(Cl)cc2)s1,0
P3_15471,COc1cccc(Cc2nnc(NC(=O)C(C)C)s2)c1,0
P3_15472,COc1cccc(Cc2nnc(NC(=O)[C@H](C)O)s2)c1,0
P3_15473,NC(=O)CC(=O)Nc1nnc(Cc2cccc(Cl)c2)s1,0
P3_15474,COc1cccc(Cc2nnc(NC(=O)C(F)F)s2)c1,0
P3_15475,CC[C@@H](O)CC(=O)Nc1nnc(Cc2ccc(C)cc2)s1,0
P3_15476,CC[C@H](O)CC(=O)Nc1nnc(Cc2ccc(C)cc2)s1,0
P3_15477,CC[C@H](OC)C(=O)Nc1nnc(Cc2cccc(OC)c2)s1,0
P3_15478,CC[C@@H](OC)C(=O)Nc1nnc(Cc2cccc(OC)c2)s1,0
P3_15479,COc1cccc(Cc2nnc(NC(=O)[C@@H](C)O)s2)c1,0
P3_15480,COc1cccc(Cc2nnc(NC(=O)[C@@H](C)[NH3+])s2)c1,0
P3_15481,COc1cccc(Cc2nnc(NC(=O)[C@H](C)[NH3+])s2)c1,0
P3_15482,COc1cccc(Cc2nnc(NC(=O)[C@@H](C)OC)s2)c1,0
P3_15483,COc1cccc(Cc2nnc(NC(=O)[C@H](C)OC)s2)c1,0
P3_15484,O=C(CO)Nc1nnc(Cc2cccc(F)c2)s1,0
P3_15485,COc1cccc(Cc2nnc(NC(=O)NCCO)s2)c1,0
P3_15486,C[NH2+]CC(=O)Nc1nnc(Cc2cccc(Cl)c2)s1,0
P3_15487,CSCC(=O)Nc1nnc(Cc2cccc(F)c2)s1,0
P3_15488,C[NH2+]CC(=O)Nc1nnc(Cc2cccc(F)c2)s1,0
P3_15489,CC(C)C(=O)Nc1nnc(Cc2ccc(Cl)c(Cl)c2)s1,0
P3_15490,CN(C)C(=O)CC(=O)Nc1nnc(Cc2ccc(Cl)cc2)s1,1
P3_15491,COc1cccc(Cc2nnc(NC(=O)[C@@H](C)SC)s2)c1,0
P3_15492,COCC(C)(C)C(=O)Nc1nnc(Cc2cccc(OC)c2)s1,0
P3_15493,COc1cccc(Cc2nnc(NC(=O)[C@H](C)SC)s2)c1,0
P3_15494,C=C(CC)C(=O)Nc1nnc(Cc2cccc(Cl)c2)s1,0
P3_15495,CC(=O)NCC(=O)Nc1nnc(Cc2cccc(Cl)c2)s1,1
P3_15496,C=CCNC(=O)Nc1nnc(Cc2cccc(OC)c2)s1,1
P3_15497,CO[C@@H](C)C(=O)Nc1nnc(Cc2cccc(Cl)c2)s1,1
P3_15498,CO[C@H](C)C(=O)Nc1nnc(Cc2cccc(Cl)c2)s1,1
P3_15499,[NH3+]CCC(=O)Nc1nnc(Cc2cccc(Cl)c2)s1,0
P3_15500,N#CCC(=O)Nc1nnc(Cc2cccc(Cl)c2)s1,0
P3_15501,NC(=O)C(=O)Nc1nnc(Cc2cccc(Cl)c2)s1,0
P3_15502,COc1cccc(Cc2nnc(NC(=O)N(C)[C@@H](C)CO)s2)c1,1
P3_15503,COc1cccc(Cc2nnc(NC(=O)N(C)[C@H](C)CO)s2)c1,1
P3_15504,[NH3+]CCCC(=O)Nc1nnc(Cc2cccc(Cl)c2)s1,0
P3_15505,C=CCCC(=O)Nc1nnc(Cc2cccc(Cl)c2)s1,0
P3_15506,C=C(CO)C(=O)Nc1nnc(Cc2cccc(Cl)c2)s1,1
P3_15507,CC(C)=C(F)CNc1nnc(Cc2ccc(F)cc2)s1,1
P3_15508,CCC(=O)Nc1nnc(Cc2ccc(C)cc2)s1,0
P3_15509,CCC(=O)Nc1nnc(Cc2ccc(F)cc2)s1,0
P3_15510,CCC(=O)Nc1nnc(Cc2ccc(Cl)cc2)s1,0
P3_15511,CNCC(=O)Nc1nnc(Cc2ccc(OC)cc2)s1,0
P3_15512,CCSCC(=O)Nc1nnc(Cc2ccc(OC)cc2)s1,1
P3_15513,CCCOCC(=O)Nc1nnc(Cc2ccc(OC)cc2)s1,0
P3_15514,CCSCC(=O)Nc1nnc(Cc2cccc(OC)c2)s1,0
P3_15515,COCC(=O)Nc1nnc(Cc2ccc(F)cc2)s1,0
P3_15516,CCCOCCC(=O)Nc1nnc(Cc2ccc(OC)cc2)s1,1
P3_15517,CCSCCC(=O)Nc1nnc(Cc2ccc(OC)cc2)s1,0
P3_15518,CCCC(=O)NCC(=O)Nc1nnc(Cc2ccc(OC)cc2)s1,0
P3_15519,CCCCOCC(=O)Nc1nnc(Cc2ccc(OC)cc2)s1,1
P3_15520,CCC(=O)Nc1nnc(Cc2ccccc2C)s1,0
P3_15521,CCCC(=O)Nc1nnc(Cc2ccc(C)cc2)s1,0
P3_15522,CCOCC(=O)Nc1nnc(Cc2ccc(C)cc2)s1,0
P3_15523,COCC(=O)Nc1nnc(Cc2cccc(F)c2)s1,0
P3_15524,COCCCC(=O)Nc1nnc(Cc2ccc(OC)cc2)s1,0
P3_15525,COc1cccc(Cc2nnc(NC(=O)CCC(=O)[O-])s2)c1,0
P3_15526,CCOCCCC(=O)Nc1nnc(Cc2ccc(OC)cc2)s1,0
P3_15527,CCCOCCC(=O)Nc1nnc(Cc2cccc(OC)c2)s1,0
P3_15528,CCNC(=O)CCCC(=O)Nc1nnc(Cc2cccc(OC)c2)s1,0
P3_15529,CCSCCC(=O)Nc1nnc(Cc2cccc(OC)c2)s1,0
P3_15530,CCCNC(=O)CCC(=O)Nc1nnc(Cc2cccc(OC)c2)s1,0
P3_15531,CCOC(=O)CCC(=O)Nc1nnc(Cc2cccc(OC)c2)s1,1
P3_15532,CCCC(=O)Nc1nnc(Cc2ccc(F)cc2)s1,0
P3_15533,CCC(=O)Nc1nnc(Cc2ccccc2F)s1,0
P3_15534,CCCC(=O)Nc1nnc(Cc2ccc(Cl)cc2)s1,0
P3_15535,CCOCC(=O)Nc1nnc(Cc2ccc(Cl)cc2)s1,1
P3_15536,CCOCC(=O)Nc1nnc(Cc2ccc(F)cc2)s1,0
P3_15537,COCCCCC(=O)Nc1nnc(Cc2ccc(OC)cc2)s1,0
P3_15538,C#CCCC(=O)Nc1nnc(Cc2ccc(OC)cc2)s1,0
P3_15539,CCC(CC(=O)Nc1nnc(Cc2ccc(OC)cc2)s1)SC,0
P3_15540,CCOC(=O)NCC(=O)Nc1nnc(Cc2cccc(OC)c2)s1,0
P3_15541,CCCC(=O)Nc1nnc(Cc2ccccc2)s1,0
P3_15542,CCN(CC)CC(=O)Nc1nnc(Cc2ccc(C)cc2)s1,0
P3_15543,COCCCC(=O)Nc1nnc(Cc2ccc(C)cc2)s1,0
P3_15544,CCOCCC(=O)Nc1nnc(Cc2ccc(C)cc2)s1,0
P3_15545,CC[C@@H](O)C(=O)Nc1nnc(Cc2ccc(OC)cc2)s1,0
P3_15546,CCN(C)C(=O)Nc1nnc(Cc2ccc(OC)cc2)s1,1
P3_15547,COc1ccc(C(=C(Cl)Cl)c2ccc(OC)cc2)cc1,1
P3_15548,Cc1cc(C(=C(Cl)Cl)c2ccc(O)c(C)c2)ccc1O,1
P3_15549,C=C(c1ccc(O)cc1)c1ccc(O)cc1,1
P3_15550,Oc1ccc(C(c2ccc(O)cc2)C(Cl)(Cl)Cl)cc1,1
P3_15551,CC(c1ccc(O)cc1)c1ccc(O)cc1,1
P3_15552,CC(C)(c1ccc(O)cc1)c1ccc(O)cc1,1
P3_15553,CC(C)(c1ccc(O)cc1)c1ccc(Cl)cc1,1
P3_15554,CC(C)C(c1ccc(O)cc1)c1ccc(O)cc1,1
P3_15555,CCC(CC)(c1ccc(O)cc1)c1ccc(O)cc1,1
P3_15556,CCC(c1ccc(O)cc1)c1ccc(O)cc1,1
P3_15557,C[C@@H](c1ccccc1)c1ccc(O)cc1,1
P3_15558,C[C@H](c1ccccc1)c1ccc(O)cc1,1
P3_15559,CC(C)(c1ccccc1)c1ccc(O)cc1,1
P3_15560,CC(C)C(C)(c1ccc(O)cc1)c1ccc(O)cc1,1
P3_15561,CCC(CC)C(c1ccc(O)cc1)c1ccc(O)cc1,1
P3_15562,CCCC(c1ccc(O)cc1)c1ccc(O)cc1,1
P3_15563,OCCCCC(c1ccc(O)cc1)c1ccc(O)cc1,1
P3_15564,COc1ccc(C(C)(C)c2ccc(O)cc2)cc1,1
P3_15565,CC(C)CC(C)(c1ccc(O)cc1)c1ccc(O)cc1,1
P3_15566,CC(C)(c1ccc(O)cc1)c1ccccc1O,1
P3_15567,CC(C)(c1ccc(O)cc1)c1cccc(O)c1,1
P3_15568,Cc1ccc(C(=CCl)c2ccc(C)cc2)cc1,1
P3_15569,C=C(c1ccc(C)cc1)c1ccc(C)cc1,1
P3_15570,COc1ccc(C(=CCl)c2ccc(OC)cc2)cc1,1
P3_15571,C=C(c1ccccc1)c1cccc(O)c1,1
P3_15572,CO[C@@H](C)CCOc1ccc([C@H](C)c2ccc(O)cc2)cc1,1
P3_15573,CO[C@H](C)CCOc1ccc([C@@H](C)c2ccc(O)cc2)cc1,1
P3_15574,CO[C@H](C)CCOc1ccc([C@H](C)c2ccc(O)cc2)cc1,1
P3_15575,CCO[C@@H](C)COc1ccc([C@@H](C)c2ccc(O)cc2)cc1,1
P3_15576,CCO[C@H](C)COc1ccc([C@@H](C)c2ccc(O)cc2)cc1,1
P3_15577,CO[C@@H](C)CCOc1ccc([C@@H](C)c2ccc(O)cc2)cc1,1
P3_15578,CCO[C@H](C)COc1ccc([C@H](C)c2ccc(O)cc2)cc1,1
P3_15579,CCO[C@@H](C)COc1ccc([C@H](C)c2ccc(O)cc2)cc1,1
P3_15580,CC=C(c1ccc(OC)cc1)c1ccc(OC)cc1,1
P3_15581,C=C(c1ccccc1)c1cccc(O)c1F,1
P3_15582,C=C(c1ccccc1)c1cccc(O)c1CO,1
P3_15583,C=C(c1ccccc1)c1cccc(O)c1OC,1
P3_15584,C=C(c1ccccc1)c1ccc(F)c(OC)c1,1
P3_15585,COc1ccc(C(OC[C@H](C)CO)c2ccc(OC)cc2)cc1,1
P3_15586,COc1ccc([C@H]([NH2+]CCO)c2ccc(F)cc2)cc1,1
P3_15587,Cc1ccc([C@@H](OCCCCO)c2ccccc2)cc1,1
P3_15588,Cc1ccc([C@H](OCCCCO)c2ccccc2)cc1,1
P3_15589,COc1ccc([C@@H]([NH2+]CCO)c2ccc(F)cc2)cc1,1
P3_15590,Cc1ccc([C@@H]([NH2+]C[C@@H](C)CCO)c2ccccc2)cc1,0
P3_15591,Cc1ccc([C@H]([NH2+]C[C@H](C)CCO)c2ccccc2)cc1,0
P3_15592,COc1ccc([C@@H](OC[C@H](C)CO)c2ccccc2)cc1,0
P3_15593,Cc1ccc([C@H]([NH2+]C[C@@H](C)CCO)c2ccccc2)cc1,0
P3_15594,Cc1ccc([C@@H]([NH2+]C[C@H](C)CCO)c2ccccc2)cc1,0
P3_15595,COc1ccc([C@H](OC[C@H](C)CO)c2ccccc2)cc1,0
P3_15596,COc1ccc([C@H](OCCCCO)c2ccccc2)cc1,1
P3_15597,COc1ccc([C@@H](OCCCCO)c2ccccc2)cc1,1
P3_15598,Cc1ccc([C@H]([NH2+]CC[C@H](C)CCO)c2ccccc2)cc1,1
P3_15599,Cc1ccc([C@H]([NH2+]CC[C@@H](C)CCO)c2ccccc2)cc1,1
P3_15600,Cc1ccc([C@@H]([NH2+]CC[C@@H](C)CCO)c2ccccc2)cc1,1
P3_15601,Cc1ccc([C@@H]([NH2+]CC[C@H](C)CCO)c2ccccc2)cc1,1
P3_15602,COc1ccc([C@H]([NH2+]C[C@@H](C)CO)c2ccc(F)cc2)cc1,0
P3_15603,COc1ccc([C@H]([NH2+]C[C@H](C)CO)c2ccc(F)cc2)cc1,0
P3_15604,COc1ccc([C@@H]([NH2+]C[C@@H](C)CO)c2ccc(F)cc2)cc1,0
P3_15605,COc1ccc([C@@H]([NH2+]C[C@H](C)CO)c2ccc(F)cc2)cc1,0
P3_15606,COc1ccc([C@@H]([NH2+]C[C@H](C)C[C@H](C)O)c2ccccc2)cc1,1
P3_15607,COc1ccc([C@@H]([NH2+]C[C@H](C)C[C@@H](C)O)c2ccccc2)cc1,1
P3_15608,COc1ccc([C@@H]([NH2+]C[C@@H](C)C[C@H](C)O)c2ccccc2)cc1,1
P3_15609,COc1ccc([C@H]([NH2+]C[C@H](C)C[C@H](C)O)c2ccccc2)cc1,1
P3_15610,COc1ccc([C@H]([NH2+]C[C@@H](C)C[C@H](C)O)c2ccccc2)cc1,1
P3_15611,COc1ccc([C@H]([NH2+]C[C@@H](C)C[C@@H](C)O)c2ccccc2)cc1,1
P3_15612,COc1ccc([C@H]([NH2+]C[C@H](C)C[C@@H](C)O)c2ccccc2)cc1,1
P3_15613,COc1ccc([C@@H]([NH2+]C[C@@H](C)C[C@@H](C)O)c2ccccc2)cc1,1
P3_15614,COc1ccc([C@H]([NH2+]CC[C@@H](C)CCO)c2ccccc2)cc1,1
P3_15615,COc1ccc([C@@H]([NH2+]CC[C@@H](C)CCO)c2ccccc2)cc1,1
P3_15616,COc1ccc([C@H]([NH2+]CC[C@H](C)CCO)c2ccccc2)cc1,1
P3_15617,NC(=O)c1ccc(C(=C(Cl)Cl)c2ccc(C(N)=O)cc2)cc1,0
P3_15618,O=C([O-])c1ccc(C(=C(Cl)Cl)c2ccc(C(=O)[O-])cc2)cc1,0
P3_15619,N#CC(C#N)(c1ccc(O)cc1)c1ccc(O)cc1,0
P3_15620,O=C([O-])C(c1ccc(O)cc1)c1ccc(O)cc1,1
P3_15621,Cc1ccc([C@@H]([NH3+])c2ccc(O)cc2)cc1,1
P3_15622,Cc1ccc([C@H]([NH3+])c2ccc(O)cc2)cc1,1
P3_15623,[NH3+][C@H](c1ccc(O)cc1)c1ccc(Br)cc1,1
P3_15624,[NH3+][C@@H](c1ccc(O)cc1)c1ccc(Br)cc1,1
P3_15625,O=C([O-])[C@H](c1ccccc1)c1ccc(O)cc1,1
P3_15626,O=C([O-])[C@@H](c1ccccc1)c1ccc(O)cc1,1
P3_15627,CN=C(c1ccc(Cl)cc1)c1ccc(Cl)cc1,1
P3_15628,COc1ccc(C(=C(F)F)c2ccc(F)cc2)cc1,1
P3_15629,COc1ccc(C(=C(F)F)c2ccccc2)cc1,1
P3_15630,Cc1ccccc1C(=C(F)F)c1ccc(F)cc1,1
P3_15631,COc1ccc([C@@H](C(=O)[O-])c2ccc(O)cc2)cc1,1
P3_15632,COc1ccc([C@H](C(=O)[O-])c2ccc(O)cc2)cc1,1
P3_15633,C=C(c1ccc(OC)cc1)c1ccc(OC)cc1,1
P3_15634,CCC=C(c1ccc(F)cc1)c1ccc(F)cc1,1
P3_15635,CSC=C(c1ccc(F)cc1)c1ccc(F)cc1,1
P3_15636,OC(c1ccc(Cl)cc1)c1ccc(Cl)cc1,1
P3_15637,O=C([O-])C=C(c1ccc(F)cc1)c1ccc(F)cc1,1
P3_15638,NC(=O)c1cccc(C(=C(F)F)c2ccccc2)c1F,1
P3_15639,OC(Cl)(c1ccc(F)cc1)c1ccc(F)cc1,1
P3_15640,Nc1ccc(C(=C(F)F)c2ccccc2)c(CO)c1,1
P3_15641,Nc1ccc(CO)c(C(=C(F)F)c2ccccc2)c1,1
P3_15642,OCC(c1ccc(Cl)cc1)c1ccc(Cl)cc1,1
P3_15643,Nc1ccc(CCO)c(C(=C(F)F)c2ccccc2)c1,1
P3_15644,COc1ccc(C(=C(F)F)c2ccccc2)c(CO)c1,1
P3_15645,COc1ccc(CO)c(C(=C(F)F)c2ccccc2)c1,1
P3_15646,N#Cc1ccc(C(=C(F)F)c2ccccc2)c(CO)c1,1
P3_15647,O=C([O-])C(c1ccc(Cl)cc1)c1ccc(Cl)cc1,1
P3_15648,O[C@H](c1ccc(F)cc1)c1ccc(Cl)cc1,1
P3_15649,O[C@@H](c1ccc(F)cc1)c1ccc(Cl)cc1,1
P3_15650,CC(=O)C(C)(c1ccc(Cl)cc1)c1ccc(Cl)cc1,1
P3_15651,Cc1cc(Br)cc(S(=O)(=O)N2CCC(C(=O)NCc3ccco3)CC2)c1,1
P3_15652,Cc1ccc(CNC(=O)C2CCN(S(=O)(=O)c3ccccc3F)CC2)o1,0
P3_15653,O=C(NCc1ccco1)C1CCN(S(=O)(=O)c2ccc(C(F)(F)F)cc2)CC1,0
P3_15654,CC(=O)c1cccc(S(=O)(=O)N2CCC(C(=O)NCc3ccco3)CC2)c1,0
P3_15655,COc1ccc(S(=O)(=O)N2CCC(C(=O)NCc3ccco3)CC2)cc1C,0
P3_15656,O=C(NCc1ccco1)C1CCN(S(=O)(=O)c2cccc(C(F)(F)F)c2)CC1,1
P3_15657,O=C(NCc1ccco1)C1CCN(S(=O)(=O)c2ccccc2C(F)F)CC1,0
P3_15658,O=C(NCc1ccco1)C1CCN(S(=O)(=O)c2ccccc2C(F)(F)F)CC1,0
P3_15659,COc1ccc(F)cc1S(=O)(=O)N1CCC(C(=O)NCc2ccco2)CC1,0
P3_15660,CN(Cc1ccco1)C(=O)C1CCN(S(=O)(=O)c2ccc(F)cc2)CC1,0
P3_15661,O=C(NCC1CCN(S(=O)(=O)c2ccccc2)CC1)c1occc1Cl,0
P3_15662,CNCCCCNc1ccnc2cc(Cl)ccc12,1
P3_15663,CNCCNc1ccnc2cc(Cl)ccc12,1
P3_15664,CNCCCNc1ccnc2ccc(Cl)cc12,1
P3_15665,CNCCCCNc1ccnc2ccc(Cl)cc12,1
P3_15666,NCCCNc1ccnc2cc(Cl)ccc12,1
P3_15667,NCCCCNc1ccnc2cc(Cl)ccc12,1
P3_15668,CNCCCNc1ccnc2cc(Br)ccc12,1
P3_15669,NCCCCCNc1ccnc2cc(Cl)ccc12,1
P3_15670,CNC(=O)CCCNc1ccnc2cc(Cl)ccc12,1
P3_15671,CC(C)(O)CCCNc1ccnc2cc(Cl)ccc12,1
P3_15672,FCCNc1ccnc2cc(Cl)ccc12,1
P3_15673,[NH3+]CCNc1ccnc2cc(Cl)ccc12,1
P3_15674,N#CCCCNc1ccnc2cc(Cl)ccc12,1
P3_15675,CNCCCCNc1ccnc2cc(F)ccc12,1
P3_15676,CNCCCCNc1ccnc2cc(Br)ccc12,1
P3_15677,CNCCNc1ccnc2ccc(Cl)cc12,1
P3_15678,CNC(C)CCNc1ccnc2cc(Cl)ccc12,1
P3_15679,CNCCCNc1ccnc2cc(F)c(Cl)cc12,1
P3_15680,O=C([O-])CCCNc1ccnc2cc(Cl)ccc12,1
P3_15681,CNC(=O)CCNc1ccnc2cc(Cl)ccc12,1
P3_15682,O=C(O)CCCCNc1ccnc2cc(Cl)ccc12,1
P3_15683,C[S@](=O)CCNc1ccnc2cc(Cl)ccc12,1
P3_15684,C[S@@](=O)CCNc1ccnc2cc(Cl)ccc12,1
P3_15685,CS(=O)CCNc1ccnc2cc(Cl)ccc12,1
P3_15686,CCC[C@H](O)CNc1ccnc2cc(Cl)ccc12,1
P3_15687,CCC[C@@H](O)CNc1ccnc2cc(Cl)ccc12,1
P3_15688,C=C[C@H](O)CNc1ccnc2cc(Cl)ccc12,1
P3_15689,C=C[C@@H](O)CNc1ccnc2cc(Cl)ccc12,1
P3_15690,CCC[C@H](CNc1ccnc2cc(Cl)ccc12)OC,1
P3_15691,OCCCNc1ccnc2cc(F)ccc12,1
P3_15692,FCCCCNc1ccnc2cc(F)ccc12,1
P3_15693,N#CCCNc1ccnc2cc(Cl)ccc12,1
P3_15694,CC(=O)NCCNc1ccnc2cc(Cl)ccc12,1
P3_15695,C[C@@H](CO)CNc1ccnc2cc(Cl)ccc12,1
P3_15696,C[C@H](CO)CNc1ccnc2cc(Cl)ccc12,1
P3_15697,OC[C@@H](O)CNc1ccnc2cc(Cl)ccc12,1
P3_15698,OC[C@H](O)CNc1ccnc2cc(Cl)ccc12,1
P3_15699,COCCCNc1ccnc2cc(Br)ccc12,1
P3_15700,CSCCCNc1ccnc2cc(Br)ccc12,1
P3_15701,CSCCCNc1ccnc2cc(F)ccc12,1
P3_15702,COCCCNc1ccnc2cc(F)ccc12,1
P3_15703,COCCCCNc1ccnc2cc(Br)ccc12,1
P3_15704,OCCCCNc1ccnc2cc(F)ccc12,1
P3_15705,[NH3+]CCCCNc1ccnc2cc(Br)ccc12,1
P3_15706,COCCCCNc1ccnc2cc(F)ccc12,1
P3_15707,FCCCCNc1ccnc2cc(Br)ccc12,1
P3_15708,CNC(=O)CCCNc1ccnc2cc(F)ccc12,1
P3_15709,CNC(=O)CCCNc1ccnc2cc(Br)ccc12,1
P3_15710,[NH3+]CCCCNc1ccnc2cc(F)ccc12,1
P3_15711,C[S@@](=O)CCCNc1ccnc2cc(F)ccc12,1
P3_15712,C[S@](=O)CCCNc1ccnc2cc(F)ccc12,1
P3_15713,CNCCOCCNc1ccnc2cc(Cl)ccc12,1
P3_15714,CNCCCNc1ccnc2cc(F)ccc12,1
P3_15715,NCCNc1ccnc2cc(Cl)ccc12,1
P3_15716,CNCCCNc1ccnc2ccccc12,1
P3_15717,CNCCCCNc1ccnc2cc(F)c(Cl)cc12,1
P3_15718,CNCCC(C)Nc1ccnc2cc(Cl)ccc12,1
P3_15719,CNCCCOCCNc1ccnc2ccc(Cl)cc12,1
P3_15720,CNCCCCNc1ccnc2ccccc12,1
P3_15721,CNCCCNc1ccnc2c(Cl)c(C)ccc12,1
P3_15722,CNCCCNc1ccnc2ccc(Br)cc12,1
P3_15723,CNCCCNc1ccnc2cc(F)c(Br)cc12,1
P3_15724,CNCCCNc1ccnc2c(F)cc(Cl)cc12,1
P3_15725,CNCCCN(C)c1ccnc2cc(Cl)ccc12,1
P3_15726,CNCCOCCNc1ccnc2ccc(Cl)cc12,1
P3_15727,CNCCNc1ccnc2cc(F)ccc12,1
P3_15728,CNCCNc1ccnc2cc(Br)ccc12,1
P3_15729,CNCCCNc1ccnc2ccc(OC)cc12,1
P3_15730,NCC#CCNc1ccnc2cc(Cl)ccc12,1
P3_15731,CNCCCCN(C)c1ccnc2cc(Cl)ccc12,1
P3_15732,CNCCCNc1ccnc2c(Cl)cccc12,1
P3_15733,NCCCNc1ccnc2ccc(Cl)cc12,1
P3_15734,CNCCCNc1ccnc2cc(OC)c(Br)cc12,1
P3_15735,CNCCCCNC(=O)c1ccnc2cc(Cl)ccc12,1
P3_15736,CNCCCNc1ccnc2cc(F)c(OC)cc12,1
P3_15737,CNCCCCNc1ccnc2c(Cl)c(C)ccc12,1
P3_15738,NCCCCNc1ccnc2ccc(Cl)cc12,1
P3_15739,CNCCCCNc1ccnc2ccc(Br)cc12,1
P3_15740,CNCCCCNc1ccnc2cc(F)c(Br)cc12,1
P3_15741,CNCCCOCCNc1ccnc2cc(F)ccc12,1
P3_15742,CNCCCCNc1ccnc2ccc(OC)cc12,1
P3_15743,CNCCNc1ccnc2cc(F)c(Cl)cc12,1
P3_15744,CNCCN(C)c1ccnc2cc(Cl)ccc12,1
P3_15745,NCCCCCNc1ccnc2ccc(Cl)cc12,1
P3_15746,COc1cc(C=CC(=O)c2ccc(O)cc2O)cc(OC)c1,1
P3_15747,COc1ccc(C=CC(=O)c2ccc(O)cc2O)cc1F,0
P3_15748,COc1ccc(C=CC(=O)c2ccc(O)cc2O)cc1,1
P3_15749,COc1cc(C=CC(=O)c2ccc(O)cc2O)ccc1O,1
P3_15750,COc1cccc(C=CC(=O)c2ccc(O)cc2O)c1,1
P3_15751,COc1cc(C=CC(=O)c2ccc(O)cc2O)cc(Cl)c1OC,1
P3_15752,COc1cc(C=CC(=O)c2ccc(O)cc2O)ccc1C,1
P3_15753,COc1cc(OC)c(C=CC(=O)c2ccc(O)cc2O)c(OC)c1,1
P3_15754,COc1cc(C=CC(=O)c2ccc(OC)cc2O)cc(OC)c1,1
P3_15755,Cc1cc(C)cc(C=CC(=O)c2cc(O)ccc2O)c1,0
P3_15756,O=C(C=Cc1cc(O)ccc1Br)c1ccc(O)cc1O,1
P3_15757,COc1ccc(C=CC(=O)c2ccc(OC)cc2O)cc1,1
P3_15758,CCOc1ccccc1C=CC(=O)c1ccc(O)cc1O,1
P3_15759,COc1cc(C=CC(=O)c2ccc(O)cc2C)cc(OC)c1O,1
P3_15760,COc1cc(C=CC(=O)c2ccc(C)cc2O)cc(OC)c1O,1
P3_15761,COc1ccccc1C=CC(=O)c1ccc(O)cc1O,1
P3_15762,COc1cc(C)c(C=CC(=O)c2ccc(O)cc2O)cc1OC,1
P3_15763,COc1ccc(C(=O)C=Cc2cc(Cl)c(O)c(OC)c2)c(O)c1,1
P3_15764,Cc1cc(C=CC(=O)c2ccccc2O)cc(C)c1O,1
P3_15765,COc1ccc(OC)c(C=CC(=O)c2ccc(O)cc2O)c1,1
P3_15766,COc1ccc(C=CC(=O)c2cc(O)ccc2OC)cc1O,0
P3_15767,COc1cc(C=CC(=O)c2ccc(C)cc2O)cc(OC)c1,1
P3_15768,COc1cc(C=CC(=O)c2ccc(O)cc2C)cc(OC)c1,1
P3_15769,COc1ccc(C=CC(=O)c2cc(O)ccc2O)cc1F,0
P3_15770,COc1cc(Br)ccc1C=CC(=O)c1ccc(O)cc1O,1
P3_15771,COc1ccc(C=CC(=O)c2ccc(O)cc2O)c(Cl)c1,1
P3_15772,COc1c(C)cc(C=CC(=O)c2cc(O)ccc2O)cc1C,1
P3_15773,COc1c(Br)cccc1C=CC(=O)c1ccc(O)cc1O,1
P3_15774,COc1cccc(Cl)c1C=CC(=O)c1ccc(O)cc1O,1
P3_15775,COc1ccc(C=CC(=O)c2ccc(O)cc2O)c(C)c1OC,1
P3_15776,COc1ccc(C=CC(=O)c2ccc(C)cc2O)cc1O,1
P3_15777,CCOc1ccc(C=CC(=O)c2cc(O)ccc2O)cc1,1
P3_15778,CCOc1cccc(C=CC(=O)c2ccc(O)cc2O)c1OC,1
P3_15779,COc1cc(C=CC(=O)c2ccccc2O)cc(OC)c1O,1
P3_15780,COc1ccc(C=CC(=O)c2ccc(O)cc2O)c(Cl)c1OC,1
P3_15781,Cc1cccc(C=CC(=O)c2cc(O)ccc2O)c1,1
P3_15782,COc1cc(C=CC(=O)c2ccc(O)cc2C)cc(Cl)c1O,1
P3_15783,COc1cc(C=CC(=O)c2ccc(O)cc2C)ccc1O,1
P3_15784,COc1ccc(C=CC(=O)c2ccc(O)cc2O)c(OC(C)C)c1,1
P3_15785,COc1ccc(C=CC(=O)c2cc(O)ccc2O)cc1OC,1
P3_15786,COc1cc(C=CC(=O)c2ccc(C)cc2O)ccc1O,1
P3_15787,COc1ccc(C=CC(=O)c2ccc(C)cc2O)cc1OC,1
P3_15788,COc1ccc(C=CC(=O)c2cc(O)ccc2OC)cc1OC,1
P3_15789,COc1ccc(C=CC(=O)c2ccccc2O)cc1F,1
P3_15790,COc1ccc(C=CC(=O)c2cc(O)ccc2O)cc1C,1
P3_15791,COc1cc(C=CC(=O)c2cc(O)ccc2O)ccc1C,1
P3_15792,COc1cc(C=CC(=O)c2ccc(O)cc2C)cc(Cl)c1OC,1
P3_15793,CCOc1cc(C=CC(=O)c2ccccc2O)cc(Cl)c1O,1
P3_15794,COc1ccc(C=CC(=O)c2ccccc2O)cc1O,1
P3_15795,COc1ccc(C=CC(=O)c2cc(O)ccc2O)cc1Cl,1
P3_15796,COc1cc(C=CC(=O)c2ccccc2O)cc(Cl)c1O,1
P3_15797,CCc1cc(OC)ccc1C=CC(=O)c1cc(O)ccc1O,1
P3_15798,COc1ccc(C=CC(=O)c2cc(O)ccc2O)cc1Br,1
P3_15799,CC(C)Oc1cccc(C=CC(=O)c2cc(O)ccc2O)c1,1
P3_15800,Cc1ccccc1C=CC(=O)c1ccc(O)cc1C,1
P3_15801,COc1cc(C=CC(=O)c2ccc(C)cc2C)cc(OC)c1O,1
P3_15802,COc1cc(O)ccc1C=CC(=O)c1ccccc1O,1
P3_15803,Cc1cc(C=CC(=O)c2ccc(O)cc2O)cc(C)c1O,1
P3_15804,Cc1cccc(C=CC(=O)c2ccc(O)cc2O)c1,1
P3_15805,COc1cc(C=CC(=O)c2ccc(O)cc2O)cc(Cl)c1O,1
P3_15806,CCOc1cc(C=CC(=O)c2ccc(O)cc2O)cc(Cl)c1O,1
P3_15807,CCOc1cc(C=CC(=O)c2ccc(O)cc2O)cc(Br)c1O,1
P3_15808,CCOc1c(OC)cc(C=CC(=O)c2ccc(O)cc2O)cc1OC,1
P3_15809,CCOc1ccc(C=CC(=O)c2ccc(O)cc2O)cc1OCC,1
P3_15810,CCCOc1ccc(C=CC(=O)c2ccc(O)cc2O)cc1,1
P3_15811,O=C(C=Cc1ccc(O)c(Br)c1)c1ccc(O)cc1O,1
P3_15812,O=C(C=Cc1ccc(O)c(Cl)c1)c1ccc(O)cc1O,1
P3_15813,C=CCc1cc(C=CC(=O)c2ccc(F)cc2O)cc(OC)c1O,1
P3_15814,CCOc1ccc(C=CC(=O)c2ccc(O)cc2O)cc1OC,1
P3_15815,CCOc1cc(C=CC(=O)c2ccc(O)cc2O)ccc1OC,1
P3_15816,CC(C)Oc1cccc(C=CC(=O)c2ccc(O)cc2O)c1,1
P3_15817,C=CCOc1ccc(C=CC(=O)c2ccc(O)cc2O)cc1,1
P3_15818,COc1ccc(C(=O)C=Cc2cc(C)c(O)c(C)c2)c(O)c1,1
P3_15819,Cc1ccc(C)c(C=CC(=O)c2ccc(O)cc2O)c1,1
P3_15820,CCCOc1cc(C=CC(=O)c2ccc(O)cc2O)ccc1OC,1
P3_15821,Cc1cccc(C=CC(=O)c2ccc(O)cc2O)c1C,1
P3_15822,Cc1ccc(C=CC(=O)c2cc(O)ccc2O)cc1F,1
P3_15823,Cc1ccc(C=CC(=O)c2cc(O)ccc2O)cc1C,1
P3_15824,CCOc1cccc(C=CC(=O)c2cc(O)ccc2O)c1,1
P3_15825,C=CCc1cc(C=CC(=O)c2cc(F)ccc2O)cc(OC)c1O,1
P3_15826,CCOc1cc(C=CC(=O)c2ccc(O)cc2C)cc(Cl)c1O,1
P3_15827,COc1cc(C=CC(=O)c2ccc(C)cc2O)cc(Cl)c1O,1
P3_15828,C=CCc1cc(C=CC(=O)c2cccc(O)c2)cc(OC)c1O,1
P3_15829,CCCOc1cccc(C=CC(=O)c2cc(O)ccc2O)c1,1
P3_15830,CCOc1ccc(C=CC(=O)c2cc(O)ccc2O)cc1F,1
P3_15831,Cc1ccc(C(=O)C=Cc2ccc(O)c(Cl)c2)c(O)c1,1
P3_15832,CCCOc1ccc(C=CC(=O)c2cc(O)ccc2O)cc1,1
P3_15833,O=C(C=Cc1ccc(O)c(CO)c1)c1cc(Cl)c(Cl)cc1O,1
P3_15834,Cc1cc(C=CC(=O)c2ccc(O)cc2)cc(C)c1O,1
P3_15835,O=C(C=Cc1ccc(OCC(F)F)cc1)c1cc(O)ccc1O,0
P3_15836,CC(C)Oc1ccc(C=CC(=O)c2cc(O)ccc2O)cc1,1
P3_15837,O=C(C=Cc1ccc(C(F)F)cc1)c1cc(O)ccc1O,1
P3_15838,CCOc1ccc(C=CC(=O)c2cc(O)ccc2O)cc1OC,1
P3_15839,Cc1cc(C=CC(=O)c2cccc(O)c2)cc(C)c1O,1
P3_15840,O=C(C=Cc1ccc(O)c(CO)c1)c1cc(Cl)ccc1O,1
P3_15841,Cc1ccc(NC(=O)CSc2nc(-c3ccccc3C)ns2)cc1,0
P3_15842,CC(=O)Nc1ccc(NC(=O)CSc2nc(-c3ccccc3)ns2)cc1,1
P3_15843,COc1ccc(NC(=O)CSc2nc(-c3ccccc3C)ns2)cc1,1
P3_15844,CCc1ccc(NC(=O)CSc2nc(-c3ccccc3)ns2)cc1,1
P3_15845,Cc1ccc(NC(=O)CSc2nc(-c3ccc(C)cc3)ns2)cc1,1
P3_15846,COc1ccc(NC(=O)CSc2nc(-c3ccc(OC)cc3)ns2)cc1,1
P3_15847,Cc1ccc(NC(=O)CSc2nc(-c3cccc(C)c3)ns2)cc1,1
P3_15848,COc1cccc(NC(=O)CSc2nc(-c3ccccc3C)ns2)c1,1
P3_15849,Cc1cc(C)cc(NC(=O)CSc2nc(-c3ccccc3)ns2)c1,1
P3_15850,Cc1cccc(NC(=O)CSc2nc(-c3ccccc3)ns2)c1,1
P3_15851,COc1ccccc1NC(=O)CSc1nc(-c2ccccc2C)ns1,0
P3_15852,COc1ccc(NC(=O)CSc2nc(-c3ccccc3)ns2)cc1OC,1
P3_15853,COc1ccc(NC(=O)CSc2nc(-c3ccc(C)cc3)ns2)cc1,1
P3_15854,COc1ccc(NC(=O)CSc2nc(-c3cccc(C)c3)ns2)cc1,1
P3_15855,COc1cccc(NC(=O)CSc2nc(-c3ccccc3)ns2)c1,1
P3_15856,Cc1ccccc1NC(=O)CSc1nc(-c2ccccc2)ns1,1
P3_15857,COc1ccccc1NC(=O)CSc1nc(-c2ccccc2)ns1,1
P3_15858,Cc1cccc(NC(=O)CSc2nc(-c3ccccc3)ns2)c1C,1
P3_15859,O=C(CSc1nc(-c2ccccc2)ns1)Nc1ccccc1F,1
P3_15860,Cc1ccc(NC(=O)CSc2nc(-c3ccccc3)ns2)c(C)c1,1
P3_15861,Cc1ccc(C)c(NC(=O)CSc2nc(-c3ccccc3)ns2)c1,1
P3_15862,COc1cccc(NC(=O)CSc2nc(-c3ccc(C)cc3)ns2)c1,1
P3_15863,COc1ccccc1NC(=O)CSc1nc(-c2ccc(C)cc2)ns1,1
P3_15864,COc1ccc(NC(=O)CSc2nc(-c3ccccc3)ns2)c(OC)c1,1
P3_15865,COc1ccc(OC)c(NC(=O)CSc2nc(-c3ccccc3)ns2)c1,1
P3_15866,COc1ccccc1NC(=O)CN1CCN(C(=O)c2ccco2)CC1,1
P3_15867,CCOc1ccccc1NC(=O)C(=O)N1CCN(C(=O)c2ccco2)CC1,0
P3_15868,CCc1ccccc1NC(=O)CN1CCN(C(=O)c2ccco2)CC1,1
P3_15869,O=C(CN1CCN(C(=O)c2ccco2)CC1)Nc1ccccc1OC(F)F,0
P3_15870,CCOc1ccccc1NC(=O)CN1CCN(C(=O)c2ccco2)CC1C,1
P3_15871,Cc1ccccc1NC(=O)CN1CCN(C(=O)c2ccco2)CC1,1
P3_15872,CC(C)c1ccccc1NC(=O)CN1CCN(C(=O)c2ccco2)CC1,0
P3_15873,CCOc1ccc(NC(=O)CN2CCN(C(=O)c3ccco3)CC2)cc1,1
P3_15874,COC(=O)c1ccccc1NC(=O)CN1CCN(C(=O)c2ccco2)CC1,1
P3_15875,CSc1ccccc1NC(=O)CN1CCN(C(=O)c2ccco2)CC1,0
P3_15876,CCOc1ccccc1NC(=O)[C@@H](C)N1CCN(C(=O)c2ccco2)CC1,1
P3_15877,CCOc1ccccc1NC(=O)[C@H](C)N1CCN(C(=O)c2ccco2)CC1,1
P3_15878,O=C(CN1CCN(C(=O)c2ccco2)CC1)Nc1ccccc1Cl,0
P3_15879,O=C(CN1CCN(C(=O)c2ccco2)CC1)Nc1ccccc1Br,1
P3_15880,CCOc1ccccc1N[C@@H](C)C(=O)N1CCN(C(=O)c2ccco2)CC1,0
P3_15881,CCOc1ccccc1N[C@H](C)C(=O)N1CCN(C(=O)c2ccco2)CC1,0
P3_15882,CC(C)(C)c1ccccc1NC(=O)CN1CCN(C(=O)c2ccco2)CC1,1
P3_15883,NC(=O)c1ccccc1NC(=O)CN1CCN(C(=O)c2ccco2)CC1,1
P3_15884,Cc1cccc(NC(=O)CN2CCN(C(=O)c3ccco3)CC2)c1C,1
P3_15885,COc1ccc(NC(=O)CN2CCN(C(=O)c3ccco3)CC2)c(OC)c1,1
P3_15886,O=C(CN1CCN(C(=O)c2ccco2)CC1)Nc1ccccc1C(F)(F)F,1
P3_15887,Cc1c(Cl)cccc1NC(=O)CN1CCN(C(=O)c2ccco2)CC1,1
P3_15888,O=C(CN1CCN(C(=O)c2ccco2)CC1)Nc1ccccc1,1
P3_15889,COc1ccc(OC)c(NC(=O)CN2CCN(C(=O)c3ccco3)CC2)c1,1
P3_15890,O=C(CN1CCN(C(=O)c2ccco2)CC1)Nc1cccc(Cl)c1Cl,1
P3_15891,CCc1cccc(CC)c1NC(=O)CN1CCN(C(=O)c2ccco2)CC1,0
P3_15892,CCc1ccc(NC(=O)CN2CCN(C(=O)c3ccco3)CC2)cc1,1
P3_15893,Cc1ccc(C)c(NC(=O)CN2CCN(C(=O)c3ccco3)CC2)c1,1
P3_15894,Cc1ccc(NC(=O)CN2CCN(C(=O)c3ccco3)CC2)c(C)c1,1
P3_15895,COc1cc(NC(=O)CN2CCN(C(=O)c3ccco3)CC2)cc(OC)c1,1
P3_15896,O=C(CN1CCN(C(=O)c2ccco2)CC1)Nc1ccc(F)cc1F,1
P3_15897,Cc1ccc(NC(=O)CN2CCN(C(=O)c3ccco3)CC2)cc1,1
P3_15898,CCOC(=O)c1ccc(NC(=O)CN2CCN(C(=O)c3ccco3)CC2)cc1,0
P3_15899,O=C(CN1CCN(C(=O)c2ccco2)CC1)Nc1ccccc1SC(F)F,1
P3_15900,O=C(CN1CCN(C(=O)c2ccco2)CC1)Nc1cc(Cl)c(Cl)cc1Cl,1
P3_15901,CC(=O)Nc1ccc(NC(=O)CN2CCN(C(=O)c3ccco3)CC2)cc1,1
P3_15902,Cc1cccc(C)c1NC(=O)CN1CCN(C(=O)c2ccco2)CC1,0
P3_15903,COc1ccc(NC(=O)CN2CCN(C(=O)c3ccco3)CC2)cc1,1
P3_15904,CCc1cccc(NC(=O)CN2CCN(C(=O)c3ccco3)CC2)c1,1
P3_15905,CC(C)c1cccc(C(C)C)c1NC(=O)CN1CCN(C(=O)c2ccco2)CC1,1
P3_15906,COc1ccc(NC(C)=O)cc1NC(=O)CN1CCN(C(=O)c2ccco2)CC1,1
P3_15907,COc1cccc(NC(=O)CN2CCN(C(=O)c3ccco3)CC2)c1,1
P3_15908,Cc1ccc(NC(=O)CN2CCN(C(=O)c3ccco3)CC2)c(Cl)c1,1
P3_15909,Cc1ccc(Cl)cc1NC(=O)CN1CCN(C(=O)c2ccco2)CC1,1
P3_15910,COc1ccc(NC(=O)CN2CCN(C(=O)c3ccco3)CC2)cc1OC,1
P3_15911,Cc1cc(Cl)ccc1NC(=O)CN1CCN(C(=O)c2ccco2)CC1,1
P3_15912,Cc1cc(C)cc(NC(=O)CN2CCN(C(=O)c3ccco3)CC2)c1,1
P3_15913,O=C(CN1CCN(C(=O)c2ccco2)CC1)Nc1cc(Cl)ccc1Cl,1
P3_15914,O=C(CN1CCN(C(=O)c2ccco2)CC1)Nc1ccc(Cl)cc1Cl,1
P3_15915,COc1ccccc1NC(=O)CN1CCN(C(=O)c2cc(C)co2)CC1,1
P3_15916,CC(=O)c1ccc(NC(=O)CN2CCN(C(=O)c3ccco3)CC2)cc1,0
P3_15917,COc1ccc(C(=O)N2CCN(CC(=O)Nc3ccccc3OC)CC2)o1,1
P3_15918,COc1ccccc1NC(=O)CN1CCN(C(=O)c2ccc(C)o2)CC1,1
P3_15919,CCc1cccc(C)c1NC(=O)CN1CCN(C(=O)c2ccco2)CC1,0
P3_15920,O=C(CN1CCN(C(=O)c2ccco2)CC1)Nc1ccc(Br)cc1,0
P3_15921,O=C(CN1CCN(C(=O)c2ccco2)CC1)Nc1c(Cl)cccc1Cl,1
P3_15922,CC(C)c1ccc(NC(=O)CN2CCN(C(=O)c3ccco3)CC2)cc1,1
P3_15923,Cc1ccc(NC(=O)CN2CCN(C(=O)c3ccco3)CC2)cc1C,1
P3_15924,COc1ccccc1NC(=O)CN1CCN(C(=O)c2occc2C)CC1,0
P3_15925,COc1ccccc1NC(=O)CN1CCN(C(=O)c2ccc(C#N)o2)CC1,1
P3_15926,COc1ccccc1NC(=O)CN1CCN(C(=O)c2ccc(C(N)=O)o2)CC1,0
P3_15927,CCOc1ccccc1NC(=O)C(=O)N1CCN(Cc2ccco2)CC1,0
P3_15928,COc1ccccc1NC(=O)C(=O)N1CCN(C(=O)c2ccco2)CC1,0
P3_15929,O=C(CN1CCN(C(=O)c2ccco2)CC1)Nc1cc(Cl)cc(Cl)c1,1
P3_15930,Cc1cccc(C(C)C)c1NC(=O)CN1CCN(C(=O)c2ccco2)CC1,0
P3_15931,COc1ccccc1NC(=O)CN1CCN(C(=O)c2cc(C)c(C)o2)CC1,1
P3_15932,COc1ccccc1NC(=O)CN1CCN(Cc2ccco2)CC1,0
P3_15933,O=C(CN1CCN(C(=O)c2ccco2)CC1)Nc1c(Cl)cc(Cl)cc1Cl,1
P3_15934,CCOc1ccccc1N(C)CC(=O)N1CCN(C(=O)c2ccco2)CC1,0
P3_15935,Cc1ccc(NC(=O)CN2CCN(C(=O)c3ccco3)CC2)cc1Cl,1
P3_15936,Cc1cccc(Cl)c1NC(=O)CN1CCN(C(=O)c2ccco2)CC1,0
P3_15937,N#Cc1ccc(NC(=O)CN2CCN(C(=O)c3ccco3)CC2)cc1,1
P3_15938,CSc1cccc(NC(=O)CN2CCN(C(=O)c3ccco3)CC2)c1,1
P3_15939,Cc1ccc(NC(=O)CN2CCN(C(=O)c3ccco3)CC2)cc1F,1
P3_15940,CC(C)c1cccc(NC(=O)CN2CCN(C(=O)c3ccco3)CC2)c1,1
P3_15941,COc1ccccc1NCC(=O)N1CCN(C(=O)c2ccco2)CC1,0
P3_15942,CCc1ccccc1NC(=O)CN1CCN(C(=O)c2cc(C)co2)CC1,0
P3_15943,CCc1ccccc1NC(=O)C(=O)N1CCN(C(=O)c2ccco2)CC1,0
P3_15944,COc1ccccc1N[C@@H](C)C(=O)N1CCN(C(=O)c2ccco2)CC1,0
P3_15945,CCOc1ccc(NC(=O)C(=O)N2CCN(C(=O)c3ccco3)CC2)cc1,0
P3_15946,Cc1coc(C(=O)N2CCN(CC(=O)Nc3ccccc3C)CC2)c1,0
P3_15947,CCc1ccccc1NC(=O)CN1CCN(C(=O)c2ccc(C)o2)CC1,1
P3_15948,COc1ccccc1N[C@H](C)C(=O)N1CCN(C(=O)c2ccco2)CC1,0
P3_15949,CCc1ccccc1NC(=O)CN1CCN(C(=O)c2ccc(OC)o2)CC1,0
P3_15950,CCOc1ccccc1NC(=O)CN1CCN(C(=O)c2ccc(C)o2)CC1,1
P3_15951,CCOC(=O)c1ccccc1NC(=O)CN1CCN(C(=O)c2ccco2)CC1,1
P3_15952,Cc1ccc(F)cc1NC(=O)CN1CCN(C(=O)c2ccco2)CC1,1
P3_15953,COc1ccc(C)cc1NC(=O)CN1CCN(C(=O)c2ccco2)CC1,1
P3_15954,COc1ccc(Cl)cc1NC(=O)CN1CCN(C(=O)c2ccco2)CC1,1
P3_15955,COc1cc(OC)c(NC(=O)CN2CCN(C(=O)c3ccco3)CC2)cc1Cl,1
P3_15956,COc1cc(Cl)c(C)cc1NC(=O)CN1CCN(C(=O)c2ccco2)CC1,1
P3_15957,Cc1cc(Br)ccc1NC(=O)CN1CCN(C(=O)c2ccco2)CC1,1
P3_15958,Cc1ccc(NC(=O)CN2CCN(C(=O)c3ccco3)CC2)c(F)c1,1
P3_15959,Cc1ccc(F)c(NC(=O)CN2CCN(C(=O)c3ccco3)CC2)c1,1
P3_15960,Cc1ccc(NC(=O)CN2CCN(C(=O)c3ccco3)CC2)c(Br)c1,1
P3_15961,COc1ccccc1NC(=O)CN1CCN(C(=O)c2ccco2)CC1C,1
P3_15962,Cc1cc(C)c(NC(=O)CN2CCN(C(=O)c3ccco3)CC2)c(C)c1,1
P3_15963,COc1ccccc1NC(=O)CN1CCN(C(=O)c2ccc(C(=O)O)o2)CC1,0
P3_15964,COc1ccccc1NC(=O)CN1CCN(C(=O)c2occc2C(C)C)CC1,1
P3_15965,CSc1ccc(NC(=O)CN2CCN(C(=O)c3ccco3)CC2)cc1,1
P3_15966,CC(C)(C)c1ccc(NC(=O)CN2CCN(C(=O)c3ccco3)CC2)cc1,1
P3_15967,Cc1cccc(NC(=O)CN2CCN(C(=O)c3ccco3)CC2)c1,1
P3_15968,COc1ccccc1NC(=O)CN1CCN(C(=O)c2occc2F)CC1,0
P3_15969,COc1ccccc1NC(=O)CN1CCN(C(=O)c2occc2Br)CC1,0
P3_15970,COc1ccccc1NC(=O)CN1CCN(C(=O)c2ccc(F)o2)CC1,1
P3_15971,CCC(C)c1ccc(NC(=O)CN2CCN(C(=O)c3ccco3)CC2)cc1,0
P3_15972,COc1ccc(NC(=O)CN2CCN(C(=O)c3ccco3)CC2)cc1Cl,1
P3_15973,COc1ccccc1NC(=O)CN1CCN(C(=O)c2ccc(CO)o2)CC1,1
P3_15974,COc1ccccc1NC(=O)CN1CCN(C(=O)c2occc2Cl)CC1,1
P3_15975,COc1ccccc1NC(=O)CN1CCN(C(=O)c2ccc(C(C)C)o2)CC1,0
P3_15976,COc1ccccc1NC(=O)CN1CCN(C(=O)c2occc2C(=O)O)CC1,0
P3_15977,CCc1ccc(Cl)c(CC)c1NC(=O)CN1CCN(C(=O)c2ccco2)CC1,0
P3_15978,COc1ccccc1NC(=O)CN1CCN(C(=O)c2ccc(SC)o2)CC1,0
P3_15979,C#Cc1ccc(NC(=O)CN2CCN(C(=O)c3ccco3)CC2)cc1,1
P3_15980,CCOc1ccccc1NC(=O)CN1CCN(Cc2ccco2)CC1,1
P3_15981,CC(=O)c1ccccc1NC(=O)CN1CCN(C(=O)c2ccco2)CC1,0
P3_15982,N#Cc1ccccc1NC(=O)CN1CCN(C(=O)c2ccco2)CC1,1
P3_15983,O=C(CN1CCN(C(=O)c2ccco2)CC1)Nc1ccc(F)cc1Cl,1
P3_15984,N#CCSc1ccccc1NC(=O)CN1CCN(C(=O)c2ccco2)CC1,1
P3_15985,COc1ccccc1NC(=O)CN1CCN(C(=O)c2ccc(C(F)F)o2)CC1,0
P3_15986,N#Cc1ccc(Cl)cc1NC(=O)CN1CCN(C(=O)c2ccco2)CC1,1
P3_15987,CCc1ccccc1NC(=O)CN1CCN(C(=O)c2occc2CC)CC1,1
P3_15988,CCc1ccccc1NC(=O)CN1CCN(C(=O)c2occc2Br)CC1,0
P3_15989,CCc1ccccc1NC(=O)CN1CCN(C(=O)c2occc2F)CC1,0
P3_15990,CCc1ccccc1NC(=O)CN1CCN(C(=O)c2ccc(N)o2)CC1,0
P3_15991,CCc1ccccc1NC(=O)CN1CCN(C(=O)c2occc2C)CC1,0
P3_15992,CCc1ccccc1NC(=O)CN1CCN(C(=O)c2ccc(F)o2)CC1,0
P3_15993,CCc1ccccc1NC(=O)CN1CCN(C(=O)c2ccc(C#N)o2)CC1,0
P3_15994,COc1ccccc1NC(=O)CN1CCN(C(=O)c2oc(C)cc2C)CC1,0
P3_15995,CCc1ccccc1NC(=O)CN1CCN(C(=O)c2cc(C)c(C)o2)CC1,0
P3_15996,CCc1ccccc1NC(=O)CN1CCN(C(=O)c2occc2CN)CC1,1
P3_15997,CCc1ccccc1NC(=O)CN1CCN(C(=O)c2occc2Cl)CC1,0
P3_15998,CCc1ccccc1NC(=O)CN1CCN(C(=O)c2ccc(CO)o2)CC1,1
P3_15999,CCc1ccccc1NC(=O)CN1CCN(C(=O)c2ccc(COC)o2)CC1,0
P3_16000,CCc1ccccc1NC(=O)CN1CCN(C(=O)c2ccc(SC)o2)CC1,0
P3_16001,COC(=O)c1ccccc1NC(=O)CN1CCN(C(=O)c2ccc(C)o2)CC1,1
P3_16002,CCOC(=O)c1ccccc1NC(=O)CN1CCN(Cc2ccco2)CC1,1
P3_16003,CCc1ccccc1NC(=O)CN1CCN(C(=O)c2ccc(C(F)F)o2)CC1,0
P3_16004,C[C@@H]1CN(C(=O)c2sc3ccccc3c2Cl)C[C@@H](C)O1,1
P3_16005,C[C@H]1CN(C(=O)c2sc3ccccc3c2Cl)C[C@H](C)O1,1
P3_16006,C[C@@H]1CN(C(=O)c2sc3ccccc3c2Cl)C[C@H](C)O1,1
P3_16007,CC[C@H]1CN(C(=O)c2sc3ccccc3c2Cl)C[C@@H](C)O1,1
P3_16008,CC[C@H]1CN(C(=O)c2sc3ccccc3c2Cl)C[C@H](C)O1,1
P3_16009,CC[C@@H]1CN(C(=O)c2sc3ccccc3c2Cl)C[C@@H](C)O1,1
P3_16010,CC[C@@H]1CN(C(=O)c2sc3ccccc3c2Cl)C[C@H](C)O1,1
P3_16011,CC1CN(C(=O)c2sc3ccccc3c2Cl)CC(C(N)=O)O1,1
P3_16012,C[C@@H]1CN(C(=O)c2sc3ccccc3c2Cl)CCO1,0
P3_16013,C[C@H]1CN(C(=O)c2sc3ccccc3c2Cl)CCO1,0
P3_16014,CC1CN(C(=O)c2sc3ccccc3c2Cl)CCO1,0
P3_16015,COC[C@@H]1CN(C(=O)c2sc3ccccc3c2Cl)C[C@@H](C)O1,0
P3_16016,COC[C@H]1CN(C(=O)c2sc3ccccc3c2Cl)C[C@H](C)O1,0
P3_16017,COC[C@@H]1CN(C(=O)c2sc3ccccc3c2Cl)C[C@H](C)O1,0
P3_16018,COC[C@H]1CN(C(=O)c2sc3ccccc3c2Cl)C[C@@H](C)O1,0
P3_16019,Cc1c(C(=O)N2C[C@H](C)O[C@@H](C)C2)sc2ccccc12,0
P3_16020,Cc1c(C(=O)N2CC(C)OC(C)C2)sc2ccccc12,0
P3_16021,Cc1c(C(=O)N2C[C@@H](C)O[C@H](C)C2)sc2ccccc12,0
P3_16022,Cc1c(C(=O)N2C[C@@H](C)O[C@@H](C)C2)sc2ccccc12,0
P3_16023,CC1CN(C(=O)c2sc3ccccc3c2Br)CC(C)O1,0
P3_16024,C[C@@H]1CN(C(=O)c2sc3ccccc3c2Br)C[C@H](C)O1,0
P3_16025,C[C@H]1CN(C(=O)c2sc3ccccc3c2Br)C[C@H](C)O1,0
P3_16026,C[C@@H]1CN(C(=O)c2sc3ccccc3c2Br)C[C@@H](C)O1,0
P3_16027,C[C@@H]1CN(C(=O)c2sc3cc(F)ccc3c2Cl)C[C@H](C)O1,1
P3_16028,C[C@H]1CN(C(=O)c2sc3cc(F)ccc3c2Cl)C[C@H](C)O1,1
P3_16029,C[C@@H]1CN(C(=O)c2sc3cc(F)ccc3c2Cl)C[C@@H](C)O1,1
P3_16030,C[C@@H]1CN(C(=O)c2sc3cccc(F)c3c2Cl)C[C@H](C)O1,0
P3_16031,C[C@@H]1CN(C(=O)c2sc3cccc(F)c3c2Cl)C[C@@H](C)O1,0
P3_16032,C[C@H]1CN(C(=O)c2sc3cccc(F)c3c2Cl)C[C@H](C)O1,0
P3_16033,CC1CN(C(=O)c2sc3ccccc3c2Cl)[C@@H](C)CO1,1
P3_16034,C[C@H]1CN(C(=O)c2sc3ccccc3c2Cl)[C@@H](C)CO1,1
P3_16035,C[C@@H]1CN(C(=O)c2sc3ccccc3c2Cl)[C@@H](C)CO1,1
P3_16036,C[C@@H]1CN(C(=O)c2sc3ccccc3c2Cl)[C@H](C)CO1,1
P3_16037,C[C@@H]1CO[C@@H](C)CN1C(=O)c1sc2ccccc2c1Cl,1
P3_16038,C[C@@H]1CN(C(=O)c2sc3ccccc3c2Cl)[C@H](C(=O)O)CO1,0
P3_16039,C[C@H]1CN(C(=O)c2sc3ccccc3c2Cl)[C@H](C(=O)O)CO1,0
P3_16040,CC(C)[C@H]1CN(C(=O)c2sc3ccccc3c2Cl)CCO1,0
P3_16041,CC(C)[C@@H]1CN(C(=O)c2sc3ccccc3c2Cl)CCO1,0
P3_16042,CC1CN(C(=O)c2cc3c(Cl)cccc3s2)CC(C)O1,0
P3_16043,C[C@@H]1CN(C(=O)c2cc3c(Cl)cccc3s2)C[C@H](C)O1,0
P3_16044,C[C@@H]1CN(C(=O)c2cc3c(Cl)cccc3s2)C[C@@H](C)O1,0
P3_16045,C[C@H]1CN(C(=O)c2cc3c(Cl)cccc3s2)C[C@H](C)O1,0
P3_16046,COC(=O)[C@@H]1CN(C(=O)c2sc3cc(Cl)ccc3c2Cl)C[C@@H](C)O1,0
P3_16047,COC(=O)[C@@H]1CN(C(=O)c2sc3cc(Cl)ccc3c2Cl)C[C@H](C)O1,0
P3_16048,COC(=O)[C@H]1CN(C(=O)c2sc3cc(Cl)ccc3c2Cl)C[C@@H](C)O1,0
P3_16049,C[C@H]1CN(C(=O)c2sc3cccc(Cl)c3c2Cl)C[C@H](CO)O1,1
P3_16050,C[C@H]1CN(C(=O)c2sc3cccc(Cl)c3c2Cl)C[C@@H](CO)O1,1
P3_16051,C[C@@H]1CN(C(=O)c2sc3cccc(Cl)c3c2Cl)C[C@H](CO)O1,1
P3_16052,C[C@@H]1CN(C(=O)c2sc3cccc(Cl)c3c2Cl)C[C@@H](CO)O1,1
P3_16053,Cc1ccc2sc(C(=O)N3C[C@H](C)O[C@@H](C)C3)c(C)c2c1,0
P3_16054,Cc1ccc2sc(C(=O)N3C[C@@H](C)O[C@H](C)C3)c(C)c2c1,0
P3_16055,Cc1ccc2sc(C(=O)N3C[C@@H](C)O[C@@H](C)C3)c(C)c2c1,0
P3_16056,COC(=O)[C@@H]1CN(C(=O)c2sc3cc(C)ccc3c2Cl)C[C@@H](C)O1,1
P3_16057,COC(=O)[C@@H]1CN(C(=O)c2sc3cc(C)ccc3c2Cl)C[C@H](C)O1,1
P3_16058,C[C@@H]1OCCN(C(=O)c2sc3ccccc3c2Cl)[C@H]1C,0
P3_16059,C[C@@H]1[C@@H](C)OCCN1C(=O)c1sc2ccccc2c1Cl,0
P3_16060,C[C@H]1OCCN(C(=O)c2sc3ccccc3c2Cl)[C@H]1C,0
P3_16061,C[C@@H]1OCCN(C(=O)c2sc3ccccc3c2Cl)[C@@H]1C,0
P3_16062,COC[C@@H]1CN(C(=O)c2sc3ccccc3c2Br)C[C@H](C)O1,0
P3_16063,COC[C@H]1CN(C(=O)c2sc3ccccc3c2Br)C[C@@H](C)O1,0
P3_16064,COC[C@H]1CN(C(=O)c2sc3ccccc3c2Br)C[C@H](C)O1,0
P3_16065,COC[C@@H]1CN(C(=O)c2sc3ccccc3c2Br)C[C@@H](C)O1,0
P3_16066,Cc1c(C(=O)N2CCO[C@H](C)C2)sc2ccccc12,0
P3_16067,CCC1CN(C(=O)c2sc3ccccc3c2Cl)CC(C)O1,1
P3_16068,C[C@@H]1CN(C(=O)c2sc3ccccc3c2Cl)C[C@@H](CO)O1,0
P3_16069,CCC1CN(C(=O)c2sc3ccccc3c2C)CC(C)O1,0
P3_16070,C[C@@H]1COC[C@@H](C)N1C(=O)c1sc2ccccc2c1Cl,0
P3_16071,C[C@@H]1COC[C@H](C)N1C(=O)c1sc2ccccc2c1Cl,0
P3_16072,CC1COCC(C)N1C(=O)c1sc2ccccc2c1Cl,0
P3_16073,C[C@H]1COC[C@H](C)N1C(=O)c1sc2ccccc2c1Cl,0
P3_16074,C[C@@H]1CN(C(=O)c2sc3cc(Cl)ccc3c2Cl)C[C@@H](CO)O1,0
P3_16075,C[C@H]1CN(C(=O)c2sc3cc(Cl)ccc3c2Cl)C[C@@H](CO)O1,0
P3_16076,C[C@H]1CN(C(=O)c2sc3cc(Cl)ccc3c2Cl)C[C@H](CO)O1,0
P3_16077,C[C@@H]1CN(C(=O)c2sc3cc(Cl)ccc3c2Cl)C[C@H](CO)O1,0
P3_16078,CC[C@@H]1CN(C(=O)c2sc3ccccc3c2Cl)CCO1,0
P3_16079,CCC1COC(C)CN1C(=O)c1sc2ccccc2c1Cl,1
P3_16080,CC[C@H]1CN(C(=O)c2sc3ccccc3c2Cl)CCO1,0
P3_16081,CCC[C@@H]1CN(C(=O)c2sc3ccccc3c2Cl)CCO1,0
P3_16082,CCC[C@H]1CN(C(=O)c2sc3ccccc3c2Cl)CCO1,0
P3_16083,CC1(C)CN(C(=O)c2sc3ccccc3c2Cl)C[C@H](CO)O1,1
P3_16084,CC1(C)CN(C(=O)c2sc3ccccc3c2Cl)CC(CO)O1,1
P3_16085,CC1(C)CN(C(=O)c2sc3ccccc3c2Cl)C[C@@H](CO)O1,1
P3_16086,COC[C@H]1CN(C(=O)c2sc3cc(Cl)ccc3c2Cl)C[C@@H](C)O1,0
P3_16087,COC[C@@H]1CN(C(=O)c2sc3cc(Cl)ccc3c2Cl)C[C@@H](C)O1,0
P3_16088,COC[C@@H]1CN(C(=O)c2sc3cc(Cl)ccc3c2Cl)C[C@H](C)O1,0
P3_16089,COC[C@H]1CN(C(=O)c2sc3cc(Cl)ccc3c2Cl)C[C@H](C)O1,0
P3_16090,C[C@H]1COCCN1C(=O)c1sc2ccccc2c1Cl,0
P3_16091,CC1(C)CN(C(=O)c2sc3ccccc3c2Cl)CCO1,1
P3_16092,CC1COCCN1C(=O)c1sc2ccccc2c1Cl,0
P3_16093,C[C@@H]1COCCN1C(=O)c1sc2ccccc2c1Cl,0
P3_16094,COC[C@H]1CN(C(=O)c2sc3ccccc3c2Cl)CCO1,0
P3_16095,COC[C@@H]1CN(C(=O)c2sc3ccccc3c2Cl)CCO1,0
P3_16096,CC[C@H]1CN(C(=O)c2sc3ccccc3c2Cl)[C@H](C)CO1,1
P3_16097,CC[C@H]1CN(C(=O)c2sc3ccccc3c2Cl)[C@@H](C)CO1,1
P3_16098,CC[C@@H]1CN(C(=O)c2sc3ccccc3c2Cl)[C@H](C)CO1,1
P3_16099,C[C@@H]1CO[C@@H](CO)CN1C(=O)c1sc2ccccc2c1Cl,1
P3_16100,C[C@H]1CO[C@H](CO)CN1C(=O)c1sc2ccccc2c1Cl,1
P3_16101,C[C@H]1CO[C@@H](CO)CN1C(=O)c1sc2ccccc2c1Cl,1
P3_16102,CC[C@@H]1CN(C(=O)c2sc3ccccc3c2Cl)[C@@H](C)CO1,1
P3_16103,C[C@@H]1CO[C@H](CO)CN1C(=O)c1sc2ccccc2c1Cl,1
P3_16104,C[C@H]1CN(C(=O)c2sc3ccccc3c2Br)C[C@H](CO)O1,0
P3_16105,C[C@@H]1CN(C(=O)c2sc3ccccc3c2Br)C[C@H](CO)O1,0
P3_16106,C[C@H]1CN(C(=O)c2sc3ccccc3c2Br)C[C@@H](CO)O1,0
P3_16107,C[C@@H]1CN(C(=O)c2sc3ccccc3c2Br)C[C@@H](CO)O1,0
P3_16108,NC(=O)[C@H]1CN(C(=O)c2sc3ccccc3c2Cl)CCO1,1
P3_16109,NC(=O)[C@@H]1CN(C(=O)c2sc3ccccc3c2Cl)CCO1,1
P3_16110,C[C@H]1CN(C(=O)c2sc3cc(F)ccc3c2Cl)C[C@H](CO)O1,0
P3_16111,C[C@H]1CN(C(=O)c2sc3cc(F)ccc3c2Cl)C[C@@H](CO)O1,0
P3_16112,C[C@@H]1CN(C(=O)c2sc3cc(F)ccc3c2Cl)C[C@H](CO)O1,0
P3_16113,C[C@@H]1CN(C(=O)c2sc3cc(F)ccc3c2Cl)C[C@@H](CO)O1,0
P3_16114,COCC1CN(C(=O)c2sc3ccccc3c2Br)CC(C)O1,0
P3_16115,C[C@@H]1CN(C(=O)c2sc3cccc(F)c3c2Cl)C[C@@H](CO)O1,0
P3_16116,CC1CN(C(=O)c2sc3cccc(F)c3c2Cl)CC(C)O1,0
P3_16117,CO[C@@H]1CN(C(=O)c2sc3ccccc3c2Cl)C[C@@H](CO)O1,0
P3_16118,COC(=O)[C@@H]1CN(C(=O)c2sc3cc(F)ccc3c2Cl)C[C@H](C)O1,0
P3_16119,COC(=O)[C@@H]1CN(C(=O)c2sc3cc(F)ccc3c2Cl)C[C@@H](C)O1,0
P3_16120,COC(=O)[C@@H]1CN(C(=O)c2sc3cccc(Cl)c3c2Cl)C[C@@H](C)O1,1
P3_16121,COC(=O)[C@@H]1CN(C(=O)c2sc3cccc(Cl)c3c2Cl)C[C@H](C)O1,1
P3_16122,Cc1c(C(=O)N2C[C@@H](C)O[C@@H](C)C2)sc2cccc(F)c12,0
P3_16123,CCOC[C@@H]1CN(C(=O)c2sc3ccccc3c2Cl)CCO1,0
P3_16124,COC(=O)[C@@H]1CN(C(=O)c2sc3cccc(C)c3c2Cl)C[C@H](C)O1,0
P3_16125,COc1ccc2c(c1)O[C@@](O)(C(F)(F)C(F)F)CC2=O,1
P3_16126,COc1ccc2c(c1)O[C@](O)(C(F)(F)C(F)F)CC2=O,1
P3_16127,COc1ccc2c(c1)O[C@](O)(C(F)F)CC2=O,0
P3_16128,COc1ccc2c(c1)O[C@@](O)(C(F)F)CC2=O,0
P3_16129,COc1ccc2c(c1)OC(C)(C)CC2=O,0
P3_16130,COc1ccc2c(c1)C(=O)C[C@@](O)(C(F)F)O2,0
P3_16131,COc1ccc2c(c1)C(=O)C[C@](O)(C(F)F)O2,0
P3_16132,COc1ccc2c(c1)C(=O)CC(C)(C)O2,0
P3_16133,CC1(C)CC(=O)c2cc(OC(=O)C(C)(C)F)ccc2O1,0
P3_16134,C[C@](O)(COc1ccc2c(c1)OCCC2=O)C(F)(F)F,0
P3_16135,C[C@@](O)(COc1ccc2c(c1)OCCC2=O)C(F)(F)F,0
P3_16136,COc1ccc2c(c1)[C@@H](O)C[C@H](C(F)(F)F)O2,0
P3_16137,COc1ccc2c(c1)[C@H](O)C[C@@H](C(F)(F)F)O2,0
P3_16138,COc1ccc2c(c1)[C@H](O)C[C@H](C(F)(F)F)O2,0
P3_16139,COc1ccc2c(c1)[C@@H](O)C[C@@H](C(F)(F)F)O2,0
P3_16140,COc1ccc2c(c1)OCC[C@@H]2NC(=O)C(C)(F)F,0
P3_16141,COc1ccc2c(c1)OCC[C@H]2NC(=O)C(C)(F)F,0
P3_16142,COc1ccc2c(c1)OC(C)(C)[C@H]([NH3+])C2,0
P3_16143,COc1ccc2c(c1)OC(C)(C)[C@@H]([NH3+])C2,0
P3_16144,COc1cc(OC)c2c(c1)OC(C)(C)CC2=O,0
P3_16145,COc1ccc2c(c1)OC[C@H](C(=O)NC(C)(C)C(F)(F)F)C2,0
P3_16146,COc1ccc2c(c1)OC[C@@H](C(=O)NC(C)(C)C(F)(F)F)C2,0
P3_16147,COc1ccc2c(c1)OC[C@@H](NC(=O)C(C)(F)F)C2,0
P3_16148,COc1ccc2c(c1)OC[C@H](NC(=O)C(C)(F)F)C2,0
P3_16149,COc1ccc2c(c1)OC[C@@H](C(=O)N[C@H](C(C)(C)C)C(F)(F)F)C2,0
P3_16150,COc1ccc2c(c1)OC[C@@H](C(=O)N[C@@H](C(C)(C)C)C(F)(F)F)C2,0
P3_16151,COc1ccc2c(c1)OC[C@H]([NH2+]C[C@@](C)(O)C(F)(F)F)C2,0
P3_16152,COc1ccc2c(c1)OC[C@H](C(=O)N[C@@H](C(C)(C)C)C(F)(F)F)C2,0
P3_16153,COc1ccc2c(c1)OC[C@H](C(=O)N[C@H](C(C)(C)C)C(F)(F)F)C2,0
P3_16154,COc1ccc2c(c1)OC[C@@H]([NH2+]C[C@@](C)(O)C(F)(F)F)C2,0
P3_16155,COc1ccc2c(c1)OC[C@H]([NH2+]C[C@](C)(O)C(F)(F)F)C2,0
P3_16156,COc1ccc2c(c1)OC[C@H](C(=O)OC(C(F)(F)F)C(F)(F)F)C2,0
P3_16157,COc1ccc2c(c1)OC[C@@H](C(=O)OC(C(F)(F)F)C(F)(F)F)C2,0
P3_16158,COc1ccc2c(c1)OC[C@@H]([NH2+]C[C@](C)(O)C(F)(F)F)C2,0
P3_16159,COc1ccc2c(c1)C[C@@H](C(=O)NC(C)(C)C(F)(F)F)CO2,0
P3_16160,COc1ccc2c(c1)OC[C@H](C(=O)NC(C)(C)C(C)(F)F)C2,0
P3_16161,COc1ccc2c(c1)C[C@H](C(=O)NC(C)(C)C(F)(F)F)CO2,0
P3_16162,COc1ccc2c(c1)OC[C@@H](C(=O)NC(C)(C)C(C)(F)F)C2,0
P3_16163,COc1ccc2c(c1)OC(C)(C)C[C@H]2[NH3+],0
P3_16164,COc1ccc2c(c1)OC(C)(C)C[C@@H]2[NH3+],0
P3_16165,COc1ccc2c(c1)OC[C@H](C(=O)N[C@](C)(C(=O)N(C)C)C(F)(F)F)C2,0
P3_16166,COc1ccc2c(c1)OC[C@H](C(=O)N[C@@](C)(C(=O)N(C)C)C(F)(F)F)C2,0
P3_16167,COc1ccc2c(c1)OC[C@@H](C(=O)N[C@](C)(C(=O)N(C)C)C(F)(F)F)C2,0
P3_16168,COc1ccc2c(c1)OC[C@@H](C(=O)N[C@@](C)(C(=O)N(C)C)C(F)(F)F)C2,0
P3_16169,COc1ccc2c(c1)[C@H](OC(=O)C(C)(C)F)CCO2,0
P3_16170,COc1ccc2c(c1)OC[C@H](C(=O)O[C@H](C(C)(C)C)C(F)(F)F)C2,0
P3_16171,COc1ccc2c(c1)OC[C@@H](C(=O)O[C@@H](C(C)(C)C)C(F)(F)F)C2,0
P3_16172,COc1ccc2c(c1)OC[C@@H](C(=O)O[C@H](C(C)(C)C)C(F)(F)F)C2,0
P3_16173,COc1ccc2c(c1)OC[C@H](C(=O)O[C@@H](C(C)(C)C)C(F)(F)F)C2,0
P3_16174,COc1ccc2c(c1)OC[C@H](C(=O)NC(C)(C)CC(F)(F)F)C2,0
P3_16175,COc1ccc2c(c1)OC[C@@H](C(=O)NC(C)(C)CC(F)(F)F)C2,0
P3_16176,COc1ccc2c(c1)C[C@@H](C(=O)N(C)CC(F)(F)C(F)(F)F)CO2,1
P3_16177,COc1ccc2c(c1)C[C@H](C(=O)N(C)CC(F)(F)C(F)(F)F)CO2,1
P3_16178,COc1ccc2c(c1)C[C@H]([NH2+]C[C@](C)(O)C(F)(F)F)CO2,0
P3_16179,COc1ccc2c(c1)C[C@H]([NH2+]C[C@@](C)(O)C(F)(F)F)CO2,0
P3_16180,COc1ccc2c(c1)C[C@H](C(=O)OC(C(F)(F)F)C(F)(F)F)CO2,1
P3_16181,COc1ccc2c(c1)C[C@@H](C(=O)OC(C(F)(F)F)C(F)(F)F)CO2,1
P3_16182,COc1ccc2c(c1)C[C@@H]([NH2+]C[C@@](C)(O)C(F)(F)F)CO2,0
P3_16183,COc1ccc2c(c1)C[C@@H]([NH2+]C[C@](C)(O)C(F)(F)F)CO2,0
P3_16184,COc1ccc2c(c1)OC[C@@H](C(=O)NC(C)(C)C)C2,0
P3_16185,COc1ccc2c(c1)OC[C@H](C(=O)NC(C)(C)C)C2,0
P3_16186,COc1ccc2c(c1)C[C@H](C(=O)N[C@](C)(C(=O)N(C)C)C(F)(F)F)CO2,0
P3_16187,COc1ccc2c(c1)C[C@@H](C(=O)N[C@@](C)(C(=O)N(C)C)C(F)(F)F)CO2,0
P3_16188,COc1ccc2c(c1)C[C@H](C(=O)N[C@@](C)(C(=O)N(C)C)C(F)(F)F)CO2,0
P3_16189,COc1ccc2c(c1)C[C@@H](C(=O)N[C@](C)(C(=O)N(C)C)C(F)(F)F)CO2,0
P3_16190,COc1ccc2c(c1)[C@H]([NH3+])CC(C)(C)O2,0
P3_16191,COc1ccc2c(c1)[C@@H]([NH3+])CC(C)(C)O2,0
P3_16192,COc1ccc2c(c1)C[C@H](C(=O)O[C@@H](C(C)(C)C)C(F)(F)F)CO2,1
P3_16193,COc1ccc2c(c1)C[C@@H](C(=O)O[C@H](C(C)(C)C)C(F)(F)F)CO2,1
P3_16194,COc1ccc2c(c1)C[C@@H](C(=O)O[C@@H](C(C)(C)C)C(F)(F)F)CO2,1
P3_16195,COc1ccc2c(c1)[C@H](OC(=O)C(C)(C)CC(F)(F)F)CCO2,0
P3_16196,COc1ccc2c(c1)C[C@H](C(=O)O[C@H](C(C)(C)C)C(F)(F)F)CO2,1
P3_16197,COc1ccc2c(c1)OC[C@@H](C(=O)NC(C)(C)C(C)(C)O)C2,0
P3_16198,COc1ccc2c(c1)OC[C@H](C(=O)NC(C)(C)C(C)(C)O)C2,0
P3_16199,COc1ccc2c(c1)[C@H](OC(=O)C(C)(C)C)CCO2,0
P3_16200,COc1ccc2c(c1)OC[C@H](NC(=O)C(C)(C)OC(C)=O)C2,0
P3_16201,COc1ccc2c(c1)OC[C@@H](NC(=O)C(C)(C)OC(C)=O)C2,0
P3_16202,COc1ccc2c(c1)OC[C@@H](C(=O)NC(C)(C)C(=O)OC(C)(C)C)C2,0
P3_16203,COc1ccc2c(c1)OC[C@H](C(=O)NC(C)(C)C(=O)OC(C)(C)C)C2,0
P3_16204,COc1ccc2c(c1)[C@H](OC(=O)C(C)(C)OC)CCO2,0
P3_16205,COc1ccc2c(c1)OC[C@H](C(=O)N[C@](C)(C#N)C(C)(C)C)C2,0
P3_16206,COc1ccc2c(c1)OC[C@H](C(=O)N[C@@](C)(C#N)C(C)(C)C)C2,0
P3_16207,COc1ccc2c(c1)OC[C@@H](C(=O)OCC(=O)C(C)(C)OC)C2,0
P3_16208,COc1ccc2c(c1)OC[C@@H](C(=O)N[C@](C)(C#N)C(C)(C)C)C2,0
P3_16209,COc1ccc2c(c1)OC[C@H](C(=O)OCC(=O)C(C)(C)OC)C2,0
P3_16210,COc1ccc2c(c1)OC[C@@H](C(=O)N[C@@](C)(C#N)C(C)(C)C)C2,0
P3_16211,COc1ccc2c(c1)OC[C@H](NC(=O)C(C)(C)CC(C)C)C2,0
P3_16212,COc1ccc2c(c1)OC[C@@H](NC(=O)C(C)(C)CC(C)C)C2,0
P3_16213,CCN(CC(C)C)C(=O)c1cccc(C)c1,0
P3_16214,CCCN(CC)C(=O)c1cccc(C)c1,0
P3_16215,CCN(CCO)C(=O)c1cccc(C)c1,0
P3_16216,CCN(CC(C)(C)C)C(=O)c1cccc(C)c1,0
P3_16217,CCN(CC(C)=O)C(=O)c1cccc(C)c1,0
P3_16218,CCCCN(CC)C(=O)c1cccc(C)c1,1
P3_16219,CCN(CCN)C(=O)c1cccc(C)c1,0
P3_16220,CCN(CC(C)(C)O)C(=O)c1cccc(C)c1,0
P3_16221,CCN(CC(F)(F)F)C(=O)c1cccc(C)c1,0
P3_16222,C=C(C)CN(CC)C(=O)c1cccc(C)c1,0
P3_16223,CCN(CC(N)=O)C(=O)c1cccc(C)c1,0
P3_16224,CCCN(CCC)C(=O)c1cccc(C)c1,0
P3_16225,CCN(C[C@H](C)O)C(=O)c1cccc(C)c1,0
P3_16226,CCC(CC)CN(CC)C(=O)c1cccc(C)c1,0
P3_16227,CCN(CC(=O)N(C)C)C(=O)c1cccc(C)c1,0
P3_16228,CCN(CC(F)F)C(=O)c1cccc(C)c1,0
P3_16229,CCN(CCCO)C(=O)c1cccc(C)c1,0
P3_16230,CCN(C[C@@H](C)O)C(=O)c1cccc(C)c1,0
P3_16231,CC[C@H](C)CN(CC)C(=O)c1cccc(C)c1,0
P3_16232,CCN(CC(=O)OC)C(=O)c1cccc(C)c1,1
P3_16233,CCN(CCOC)C(=O)c1cccc(C)c1,0
P3_16234,CC[C@@H](C)CN(CC)C(=O)c1cccc(C)c1,0
P3_16235,CCN(CCCF)C(=O)c1cccc(C)c1,0
P3_16236,CCN(CCC(N)=O)C(=O)c1cccc(C)c1,0
P3_16237,CCN(CCC(=O)[O-])C(=O)c1cccc(C)c1,0
P3_16238,CCN(CC(=O)NC)C(=O)c1cccc(C)c1,0
P3_16239,CCCCN(CCCC)C(=O)c1cccc(C)c1,1
P3_16240,CCN(CCC(F)(F)F)C(=O)c1cccc(C)c1,0
P3_16241,CCOCCN(CC)C(=O)c1cccc(C)c1,0
P3_16242,CCN(CCS(C)(=O)=O)C(=O)c1cccc(C)c1,0
P3_16243,CCNC(=O)CN(CC)C(=O)c1cccc(C)c1,0
P3_16244,CCN(CCC#N)C(=O)c1cccc(C)c1,0
P3_16245,CCN(CC)C(=O)CN(C)C(=O)c1cccc(C)c1,1
P3_16246,CCN(CC)C(=O)c1cccc(C(C)=O)c1,1
P3_16247,CCN(CC)C(=O)c1cccc(O)c1,0
P3_16248,CCN(CC)C(=O)c1cccc(Br)c1,0
P3_16249,CCN(CCNC(C)=O)C(=O)c1cccc(C)c1,0
P3_16250,CCN(CCC(=O)OC)C(=O)c1cccc(C)c1,0
P3_16251,CCN(C[C@@H](C)OC)C(=O)c1cccc(C)c1,0
P3_16252,CCN(C[C@H](C)OC)C(=O)c1cccc(C)c1,0
P3_16253,CCN(CCC(=O)NC)C(=O)c1cccc(C)c1,0
P3_16254,CCN(CCC[NH+](C)C)C(=O)c1cccc(C)c1,1
P3_16255,CCN(C(C)=O)C(=O)c1cccc(C)c1,0
P3_16256,CCCN(CC(C)C)C(=O)c1cccc(C)c1,0
P3_16257,CCN(C[C@@H](C)C#N)C(=O)c1cccc(C)c1,0
P3_16258,CCN(CCOCCO)C(=O)c1cccc(C)c1,0
P3_16259,CCN(CC)C(=O)c1cccc(Cl)c1,0
P3_16260,CCN(C[C@H](C)C#N)C(=O)c1cccc(C)c1,0
P3_16261,CCN(CC[NH2+]C(C)C)C(=O)c1cccc(C)c1,0
P3_16262,CCN(CCC[NH+](CC)CC)C(=O)c1cccc(C)c1,1
P3_16263,CCCN(CCO)C(=O)c1cccc(C)c1,0
P3_16264,CCN(CC)C(=O)c1cccc(I)c1,0
P3_16265,CCN(CC(=O)NC(C)C)C(=O)c1cccc(C)c1,0
P3_16266,CCN(CC)C(=O)c1cccc(C(=O)[O-])c1,0
P3_16267,CCN(CC)C(=O)c1cc(C)cc(C)c1,0
P3_16268,CCN(CC)C(=O)c1cccc(C(N)=O)c1,0
P3_16269,CCN(C(=O)c1cccc(C)c1)C(C)C,0
P3_16270,CCN(CC)C(=O)c1cccc(N(C)C)c1,1
P3_16271,CCC(CC)N(CC)C(=O)c1cccc(C)c1,0
P3_16272,COCCN(CCOC)C(=O)c1cccc(C)c1,0
P3_16273,CCCN(CC(=O)[O-])C(=O)c1cccc(C)c1,0
P3_16274,CCCN(CC(N)=O)C(=O)c1cccc(C)c1,0
P3_16275,CC(=O)CN(CC(C)C)C(=O)c1cccc(C)c1,0
P3_16276,CCC(C)CN(CC)C(=O)c1cccc(C)c1,0
P3_16277,C=CCCN(CC)C(=O)c1cccc(C)c1,1
P3_16278,CCc1cccc(C(=O)N(CC)CC)c1,0
P3_16279,CCN(C(=O)c1cccc(C)c1)C(C)(C)C,0
P3_16280,CCCCN(CCO)C(=O)c1cccc(C)c1,1
P3_16281,CCN(CC)C(=O)c1cccc(OC)c1,0
P3_16282,CCN(CC)C(=O)c1cccc(C(C)C)c1,0
P3_16283,CCN(CC)C(=O)c1cccc(CF)c1,0
P3_16284,CCN(CC)C(=O)c1cccc(SC)c1,1
P3_16285,CCN(CC)C(=O)c1cccc(C(C)(C)C)c1,0
P3_16286,CC[C@@H](C)N(CC)C(=O)c1cccc(C)c1,0
P3_16287,CCN(C(=O)c1cccc(C)c1)[C@H](C)C(C)C,0
P3_16288,CC[C@H](C)N(CC)C(=O)c1cccc(C)c1,0
P3_16289,CCN(C(=O)c1cccc(C)c1)[C@@H](C)C(C)C,0
P3_16290,CCC(C)N(CC)C(=O)c1cccc(C)c1,0
P3_16291,C=CCN(CCC)C(=O)c1cccc(C)c1,1
P3_16292,CC[C@@H](C)N(C(=O)c1cccc(C)c1)[C@@H](C)CC,0
P3_16293,CCC(CC)N(C)C(=O)c1cccc(C)c1,0
P3_16294,CC[C@H](C)N(C(=O)c1cccc(C)c1)[C@@H](C)CC,0
P3_16295,CC[C@@H](C)N(C(=O)c1cccc(C)c1)[C@H](C)CC,0
P3_16296,CCN(CC)C(=O)c1ccc(C)c(C)c1,0
P3_16297,CCCCN(C)C(=O)c1cccc(C)c1,0
P3_16298,CC[C@H](C)N(C)C(=O)c1cccc(C)c1,0
P3_16299,CC[C@@H](C)N(C)C(=O)c1cccc(C)c1,0
P3_16300,CCC(C)(C)N(C)C(=O)c1cccc(C)c1,0
P3_16301,CCC(C)N(C)C(=O)c1cccc(C)c1,0
P3_16302,CCN(CC)C(=O)c1cccc(COC)c1,0
P3_16303,CCN(CC)C(=O)c1cc(C)cc(Br)c1,0
P3_16304,CCN(CC)C(=O)c1cccc(CO)c1,0
P3_16305,CCN(CC)C(=O)c1cccc(C(=O)O)c1,0
P3_16306,CCN(CC)C(=O)c1cccc(C(=O)OC)c1,0
P3_16307,CCN(CC)C(=O)c1cccc(CN)c1,0
P3_16308,CCN(CC)C(=O)c1cccc(C[NH3+])c1,0
P3_16309,CCN(CC)C(=O)c1cccc(NC)c1,0
P3_16310,CCN(CC)C(=O)c1cccc(C#N)c1,0
P3_16311,CCN(CC)C(=O)c1cccc(C(F)F)c1,0
P3_16312,CCN(CC)C(=O)c1cccc(CCN)c1,0
P3_16313,CCN(CC)C(=O)c1cc(C)cc(O)c1,0
P3_16314,CCCN(CC)C(=O)c1cccc(CO)c1,0
P3_16315,CCN(CCO)C(=O)c1cccc(CO)c1,0
P3_16316,CCN(CC(C)C)C(=O)c1cccc(O)c1,0
P3_16317,CCN(CC)C(=O)c1ccc(C)c(O)c1,0
P3_16318,CCN(CC)C(=O)c1cc(C)cc(F)c1,0
P3_16319,CCN(CC)C(=O)c1ccc(O)c(C)c1,1
P3_16320,CCN(CC)C(=O)c1cc(C)cc(Cl)c1,0
P3_16321,CCN(CC)C(=O)c1cc(C)cc(N)c1,0
P3_16322,CCCN(CC)C(=O)c1cccc(O)c1,1
P3_16323,CCCN(CC)C(=O)c1cccc(Br)c1,0
P3_16324,CC[C@H](CO)N(C)C(=O)c1cccc(C)c1,0
P3_16325,CC[C@@H](CO)N(C)C(=O)c1cccc(C)c1,0
P3_16326,CCN(CC)C(=O)c1ccc(C)c(Cl)c1,1
P3_16327,CCN(CC)C(=O)c1ccc(N)c(C)c1,0
P3_16328,CCN(CC)C(=O)c1ccc(C)c(F)c1,0
P3_16329,CCN(CC)C(=O)c1ccc(I)c(C)c1,0
P3_16330,CCOC(=O)CN(CC)C(=O)c1cccc(C)c1,1
P3_16331,CCN(CC)C(=O)c1cccc(C(F)(F)F)c1,0
P3_16332,CCN(CC)C(=O)c1cccc(NC(C)C)c1,0
P3_16333,CCN(CC)C(=O)Cc1cccc(C)c1,0
P3_16334,CCN(CC)C(=O)c1cccc(CCOC)c1,1
P3_16335,CCOC(=O)[C@H](C)N(C)C(=O)c1cccc(C)c1,1
P3_16336,CCN(CC)C(=O)c1ccc(Cl)c(C)c1,1
P3_16337,CCN(CC)C(=O)c1ccc(Br)c(C)c1,0
P3_16338,CCN(CC)C(=O)c1ccc(F)c(C)c1,0
P3_16339,CCN(CC)C(=O)c1ccc(C)c(Br)c1,0
P3_16340,CCN(CC)C(=O)c1ccc(C)c(I)c1,0
P3_16341,CCCN(CC)C(=O)c1cccc(Cl)c1,0
P3_16342,CCCN(CC)C(=O)c1cccc(C(=O)[O-])c1,0
P3_16343,CCCN(CC)C(=O)c1cccc(F)c1,0
P3_16344,CCCN(CC)C(=O)c1cccc(CC)c1,0
P3_16345,CCCN(CC)C(=O)c1cccc(I)c1,1
P3_16346,C/C=C/c1cc(OC)c(O)c(OC)c1,1
P3_16347,C/C=C/c1cc(O)c(OC)c(OC)c1,1
P3_16348,C/C=C\c1ccc(O)c(OC)c1,1
P3_16349,C/C=C/c1ccc(O)c(OC)c1,1
P3_16350,C/C=C/c1ccc(OC)c(O)c1,1
P3_16351,C/C=C/c1cc(OC)c(OC)c(OC)c1,1
P3_16352,C/C=C\c1cc(OC)c(OC)c(OC)c1,1
P3_16353,C/C=C\c1ccc(OC)c(OC)c1,1
P3_16354,C/C=C/c1ccc(OC)c(OC)c1,1
P3_16355,CC=Cc1ccc(OC)c(OC)c1,1
P3_16356,COCC=Cc1cc(OC)c(O)c(OC)c1,1
P3_16357,COC(=O)/C=C/c1cc(OC)c(O)c(OC)c1,0
P3_16358,C/C=C\c1ccc(OC(=O)OC)c(OC)c1,1
P3_16359,CCOC(=O)/C=C/c1cc(OC)c(O)c(OC)c1,1
P3_16360,CCOC(=O)/C=C\c1cc(OC)c(O)c(OC)c1,1
P3_16361,C/C=C/c1ccc(OC(=O)OC)c(OC)c1,1
P3_16362,C/C=C\c1ccc(OCC)c(OC)c1,1
P3_16363,C/C=C/c1ccc(OCC)c(OC)c1,1
P3_16364,CC=Cc1ccc(OCC)c(OC)c1,1
P3_16365,CC=C(C)/C=C/c1ccc(O)c(OC)c1,1
P3_16366,CCCOC(=O)/C=C\c1cc(OC)c(O)c(OC)c1,1
P3_16367,COc1cc(/C=C/[N+](=O)[O-])cc(Br)c1O,1
P3_16368,CCC=Cc1cc(OC)c(O)c(C(C)=O)c1,1
P3_16369,COc1cc(/C=C\[N+](=O)[O-])cc(Br)c1O,1
P3_16370,C/C=C\c1cc(OC)c(OC)cc1OC,1
P3_16371,C/C=C/c1cc(OC)c(OC)cc1OC,1
P3_16372,CCC(CC)OC(=O)/C=C\c1cc(OC)c(O)c(OC)c1,1
P3_16373,C=Cc1ccc(O)c(OC)c1,1
P3_16374,COCC=Cc1cc(OC)c(O)c(C(C)=O)c1,1
P3_16375,C=Cc1ccc(OC)c(O)c1,1
P3_16376,C/C=C\c1ccc(OCCCC)c(OC)c1,1
P3_16377,CCC=Cc1ccc(OC)c(O)c1,1
P3_16378,CCC=Cc1ccc(O)c(OC)c1,1
P3_16379,COCC=Cc1ccc(O)c(OC)c1,1
P3_16380,CON=Cc1cc(Br)c(O)c(OC)c1,1
P3_16381,CO/N=C\c1cc(Br)c(O)c(OC)c1,1
P3_16382,C=C(Cl)COC(=O)/C=C\c1cc(OC)c(O)c(OC)c1,0
P3_16383,C=C(Br)COC(=O)/C=C\c1cc(OC)c(O)c(OC)c1,1
P3_16384,CCC(CC)COC(=O)/C=C/c1cc(OC)c(O)c(OC)c1,0
P3_16385,CCC(CC)COC(=O)/C=C\c1cc(OC)c(O)c(OC)c1,0
P3_16386,COC[C@@H](C)OC(=O)/C=C\c1cc(OC)c(O)c(OC)c1,0
P3_16387,COc1cc(/C=C\C(=O)OC/C=C/Cl)cc(OC)c1O,1
P3_16388,COC[C@H](C)OC(=O)/C=C\c1cc(OC)c(O)c(OC)c1,0
P3_16389,C=C(Br)COC(=O)/C=C/c1cc(OC)c(O)c(OC)c1,1
P3_16390,COc1cc(/C=C/C(=O)OC/C=C\Cl)cc(OC)c1O,1
P3_16391,C=C(Cl)COC(=O)/C=C/c1cc(OC)c(O)c(OC)c1,0
P3_16392,COC[C@@H](C)OC(=O)/C=C/c1cc(OC)c(O)c(OC)c1,0
P3_16393,COC[C@H](C)OC(=O)/C=C/c1cc(OC)c(O)c(OC)c1,0
P3_16394,COc1cc(/C=C\C(=O)OC/C=C\Cl)cc(OC)c1O,1
P3_16395,COc1cc(/C=C/C(=O)OC/C=C/Cl)cc(OC)c1O,1
P3_16396,CCCCCOC(=O)/C=C\c1cc(OC)c(O)c(OC)c1,1
P3_16397,CC[C@@H](C)COC(=O)/C=C\c1cc(OC)c(O)c(OC)c1,1
P3_16398,COc1cc(/C=C/C(C)(C)O)cc(F)c1F,1
P3_16399,C/C=C/c1ccc(OC(=O)[C@H](C)CC)c(OC)c1,0
P3_16400,CCC[C@H](C)OC(=O)/C=C/c1cc(OC)c(O)c(OC)c1,1
P3_16401,COC(=O)CCC(C)=Cc1cc(OC)c(O)c(OC)c1,1
P3_16402,CC=CCOC(=O)Cc1cc(OC)c(O)c(OC)c1,1
P3_16403,CCCc1cc(OC)c(O)c(OC)c1,0
P3_16404,CCC=Cc1cc(F)c(C(C)(C)O)c(OC)c1,1
P3_16405,COCC=Cc1cc(F)c(C(C)(C)O)c(OC)c1,0
P3_16406,CCc1cc(C)c(O)c(OC)c1,1
P3_16407,C=C(c1cc(OC)c(O)c(OC)c1)C(C)(C)C,1
P3_16408,CCC(C)(C)CC[NH2+]Cc1cc(OC)c(O)c(OC)c1,0
P3_16409,C=C(c1cc(OC)c(O)c(OC)c1)[C@@H](C)O,1
P3_16410,CC[NH+](CC)Cc1cc(OC)c(O)c(OC)c1,1
P3_16411,CONC(=O)c1cc(OC)c(O)c(OC)c1,0
P3_16412,CCCCC[NH2+]Cc1cc(OC)c(O)c(OC)c1,1
P3_16413,C=CCN(CC=C)Cc1cc(OC)c(O)c(OC)c1,1
P3_16414,CCCC[NH2+]CCCc1cc(OC)c(O)c(OC)c1,1
P3_16415,C=Cc1cc(F)c(C(C)(C)O)c(OC)c1,1
P3_16416,C=CCc1cc(Br)c(O)c(OC)c1,1
P3_16417,CC[N@@H+](C)Cc1cc(OC)c(O)c(OC)c1,1
P3_16418,CCOC(=O)c1cc(OC)c(O)c(OC)c1,1
P3_16419,CCCCCC[NH2+]Cc1cc(OC)c(O)c(OC)c1,1
P3_16420,CCCCCCC[NH2+]Cc1cc(OC)c(O)c(OC)c1,1
P3_16421,COCC=Cc1ccc(OC)c(OC)c1,1
P3_16422,CCC(CC)(CC)C[NH2+]Cc1cc(OC)c(O)c(OC)c1,1
P3_16423,CC[N@H+](C)Cc1cc(OC)c(O)c(OC)c1,1
P3_16424,C=CCN(C)Cc1cc(F)c(O)c(OC)c1,0
P3_16425,C=C(Br)C[NH2+]Cc1cc(OC)c(O)c(OC)c1,1
P3_16426,COCCCCC[NH2+]Cc1cc(OC)c(O)c(OC)c1,1
P3_16427,C=C(CC)C[NH2+]Cc1cc(OC)c(O)c(OC)c1,1
P3_16428,CCCc1cc(CC)c(O)c(OC)c1,1
P3_16429,C=CCc1ccc(O)c(OC)c1,1
P3_16430,C=CC(C)(C)c1cc(O)c(OC)cc1O,1
P3_16431,CCC[NH+](CCC)Cc1cc(OC)c(O)c(OC)c1,0
P3_16432,CCc1ccc(O)c(OC)c1,1
P3_16433,C=CCCC(C)(C)C[NH2+]Cc1cc(OC)c(O)c(OC)c1,1
P3_16434,CC[C@@H](C)CC[NH2+]Cc1cc(OC)c(O)c(OC)c1,1
P3_16435,C=CCCN(C)Cc1cc(OC)c(O)c(OC)c1,0
P3_16436,CCOC(=O)/C=C(\C)c1cc(OC)c(O)c(OC)c1,1
P3_16437,CC[C@H](C)CC[NH2+]Cc1cc(OC)c(O)c(OC)c1,1
P3_16438,COC[C@H](C)C[NH2+]Cc1cc(OC)c(O)c(OC)c1,1
P3_16439,COC[C@@H](C)C[NH2+]Cc1cc(OC)c(O)c(OC)c1,1
P3_16440,CCOCCC[NH2+]Cc1cc(OC)c(O)c(OC)c1,1
P3_16441,CCC[N@H+](C)Cc1cc(OC)c(O)c(OC)c1,1
P3_16442,COCC=Cc1ccc(C)c(OC)c1,1
P3_16443,CCC[N@@H+](C)Cc1cc(OC)c(O)c(OC)c1,1
P3_16444,C=Cc1cc(C)cc(OC)c1O,1
P3_16445,C[NH2+]Cc1cc(Br)c(O)c(OC)c1,1
P3_16446,C=CCc1cc(C)cc(OC)c1O,1
P3_16447,C=Cc1ccc(OC)c(OC)c1,1
P3_16448,COc1cc(CO)cc(Cl)c1O,1
P3_16449,COc1cc(C(C)=O)cc(Cl)c1O,1
P3_16450,C=C(C)c1cc(OC)c(O)cc1F,1
P3_16451,COc1cc(Br)cc(C#N)c1O,1
P3_16452,COc1cc(C#N)cc(Br)c1O,1
P3_16453,COc1cc(C(=O)[O-])cc(Cl)c1O,1
P3_16454,COC(=O)c1cc(I)c(O)c(OC)c1,1
P3_16455,C=Cc1ccc(CO)c(OC)c1,1
P3_16456,COc1cc(C(N)=O)cc(Cl)c1O,0
P3_16457,COC(=O)/C=C\c1cc(OC)c(O)c(OC)c1,0
P3_16458,CCC=Cc1cc(CO)c(O)c(OC)c1,1
P3_16459,COCC=Cc1cc(CO)c(O)c(OC)c1,1
P3_16460,COc1ccc(/C=C/CO)cc1O,1
P3_16461,C=Cc1cc(CO)c(O)c(OC)c1,1
P3_16462,COC/C=C/c1ccc(O)c(OC)c1,1
P3_16463,COc1cc(O)c(F)cc1OC,1
P3_16464,COc1cc(OC)c(OC)cc1O,1
P3_16465,C/C=C\COC(=O)c1cc(OC)c(O)c(OC)c1,1
P3_16466,COc1cc(O)cc(Br)c1O,1
P3_16467,CC=CCNC(=O)c1cc(OC)c(O)c(OC)c1,0
P3_16468,CC=C(C)c1ccc(O)c(OC)c1,1
P3_16469,COCC=Cc1cc(O)c(F)c(F)c1,0
P3_16470,CCON=Cc1cc(Br)c(O)c(OC)c1,1
P3_16471,COCC=Cc1cc(F)c(O)c(F)c1,0
P3_16472,CCC=Cc1cc(OC)c(O)cc1F,1
P3_16473,COc1cc(C)c(O)cc1C,0
P3_16474,COc1cc(O)c(OC)cc1C,1
P3_16475,COc1ccc(O)cc1O,1
P3_16476,COc1cc(O)c(Br)cc1OC,0
P3_16477,COCC=Cc1cc(OC)c(O)cc1F,0
P3_16478,COc1cc(OC)c(Cl)cc1O,1
P3_16479,COc1cc(Cl)c(OC)cc1O,1
P3_16480,COc1cc(Br)c(OC)cc1O,1
P3_16481,COc1ccc(O)c(OC)c1,1
P3_16482,COc1cc(O)c(Cl)cc1Cl,1
P3_16483,COc1cc(CCCO)cc(OC)c1O,1
P3_16484,C=C(CO)c1cc(OC)c(O)c(OC)c1,1
P3_16485,C=Cc1cc(CO)cc(OC)c1O,1
P3_16486,CCOC(=O)Cc1cc(OC)c(O)c(OC)c1,1
P3_16487,CCCOC(=O)C=Cc1ccc(O)c(OC)c1,1
P3_16488,Cc1cccc(Nc2nc(N(C)C)c3ccccc3n2)c1,1
P3_16489,Cc1ccc(Nc2ncc3ccccc3n2)c(N)c1,1
P3_16490,CC(=O)c1cccc(Nc2ncc3ccccc3n2)c1,1
P3_16491,CCc1cc(Nc2ncc3ccccc3n2)ccc1N,1
P3_16492,Cc1ccc(Nc2ncc3ccccc3n2)cc1F,1
P3_16493,Cc1cc(Nc2ncc3ccccc3n2)ccc1F,1
P3_16494,Nc1ccc(Nc2ncc3ccccc3n2)cc1Cl,1
P3_16495,CCOC(=O)Cc1cccc(Nc2ncc3ccccc3n2)c1,1
P3_16496,FC(F)(F)Oc1cccc(Nc2ncc3ccccc3n2)c1,1
P3_16497,Cc1ccc(Nc2ncc3ccccc3n2)c(F)c1,1
P3_16498,CC(C)OC(=O)c1cccc(Nc2ncc3ccccc3n2)c1,0
P3_16499,Fc1ccc(Nc2ncc3ccccc3n2)cc1F,1
P3_16500,Fc1cc(F)cc(Nc2ncc3ccccc3n2)c1,1
P3_16501,COc1c(F)cc(Nc2ncc3ccccc3n2)cc1F,1
P3_16502,Cc1cccc(Nc2ncc3ccccc3n2)c1F,1
P3_16503,COc1cc(Nc2ncc3ccccc3n2)cc(F)c1F,1
P3_16504,COc1cc(Nc2ncc3ccccc3n2)cc(C(F)(F)F)c1,1
P3_16505,COc1c(F)cc(Nc2ncc3ccccc3n2)cc1Cl,1
P3_16506,Cc1ccc(Nc2ncc3ccccc3n2)c(F)c1F,1
P3_16507,FC(F)(F)Oc1ccc(Nc2ncc3ccccc3n2)cc1,1
P3_16508,COCc1ccc(C)c(Nc2ncc3ccccc3n2)c1,1
P3_16509,COc1cc(F)c(Nc2ncc3ccccc3n2)c(F)c1,1
P3_16510,Fc1cccc(Nc2ncc3ccccc3n2)c1F,1
P3_16511,CC(C)Oc1ccc(-c2nonc2NC(=O)c2cccc(Cl)c2)cc1,1
P3_16512,CCCOc1ccc(-c2nonc2NC(=O)c2cccc(Cl)c2)cc1,1
P3_16513,COc1cccc(C(=O)Nc2nonc2-c2ccc(Br)cc2)c1,1
P3_16514,COc1cccc(C(=O)Nc2nonc2-c2ccc(F)cc2)c1,1
P3_16515,COc1ccc(-c2nonc2NC(=O)c2ccccc2)cc1,1
P3_16516,CCCOc1cccc(C(=O)Nc2nonc2-c2ccc(OC)cc2)c1,1
P3_16517,CCCOc1ccc(-c2nonc2NC(=O)c2cccc(OC)c2)cc1,1
P3_16518,Cc1ccc(-c2nonc2NC(=O)c2ccccc2)cc1C,1
P3_16519,CCCn1c(=O)cc(CC)c2ccccc21,1
P3_16520,CCOC(=O)Cc1c([O-])c2ccccc2n(C)c1=O,1
P3_16521,COC(=O)Cc1c([O-])n(C)c2ccccc2c1=O,1
P3_16522,COC(=O)Cc1c([O-])c2ccccc2n(C)c1=O,1
P3_16523,CCCn1c(=O)c(CC(=O)[O-])c(O)c2ccccc21,1
P3_16524,Cn1c(=O)c(SCCO)c([O-])c2ccccc21,1
P3_16525,CCCn1c(=O)c(C(N)=O)c([O-])c2ccccc21,1
P3_16526,CCCn1c(=O)c(C(=O)NC)c([O-])c2ccccc21,0
P3_16527,Cc1c(C(=O)NCC(N)=O)c(=O)c2ccccc2n1C,1
P3_16528,Cc1c(C(=O)NCC(F)F)c(=O)c2ccccc2n1C,0
P3_16529,CCC[N@H+](C)Cc1cc(=O)n(C)c2ccccc12,1
P3_16530,CCC[N@@H+](C)Cc1cc(=O)n(C)c2ccccc12,1
P3_16531,CC[NH+](CC)Cc1cc(=O)n(C)c2ccccc12,1
P3_16532,CC[N@H+](C)Cc1cc(=O)n(C)c2ccccc12,1
P3_16533,CC[N@@H+](C)Cc1cc(=O)n(C)c2ccccc12,1
P3_16534,CCCC[N@@H+](CC)Cc1cc(=O)n(C)c2ccccc12,1
P3_16535,CCCC[N@H+](CC)Cc1cc(=O)n(C)c2ccccc12,1
P3_16536,CCC[N@@H+](CC)Cc1cc2ccccc2n(C)c1=O,1
P3_16537,CCC[N@H+](CC)Cc1cc2ccccc2n(C)c1=O,1
P3_16538,CCON(CC)Cc1cc2ccccc2n(C)c1=O,1
P3_16539,CCc1ccc2[nH]c(CC)c(CC)c(=O)c2c1,1
P3_16540,CCCN(CC)C(=O)c1c(C)c(=O)[nH]c2ccccc12,1
P3_16541,CCc1[nH]c2c(CC)cccc2c(=O)c1C(C)C,1
P3_16542,CCc1c(C(C)C)[nH]c2cccc(CC)c2c1=O,0
P3_16543,CCCCN(CC)C(=O)c1c(C)c(=O)[nH]c2ccccc12,1
P3_16544,CCc1ccc2[nH]c(C(C)C)c(CC)c(=O)c2c1,1
P3_16545,CCOc1ccc2[nH]c(CC)c(CC)c(=O)c2c1,1
P3_16546,CCN(CC)C(=O)c1c(C)c(=O)[nH]c2ccccc12,1
P3_16547,C=CCN(CC)Cc1cc(=O)c2ccccc2[nH]1,1
P3_16548,CCC(CC)CN(CC)C(=O)c1c(C)c(=O)[nH]c2ccccc12,1
P3_16549,CC[C@H](C)CN(CC)C(=O)c1c(C)c(=O)[nH]c2ccccc12,1
P3_16550,CC[C@@H](C)CN(CC)C(=O)c1c(C)c(=O)[nH]c2ccccc12,1
P3_16551,C=CCN(C)Cc1cc(=O)c2ccccc2[nH]1,1
P3_16552,CCc1ccc2[nH]c(C)c(C[NH+](CC)CC)c(=O)c2c1,1
P3_16553,C=CCCN(C)Cc1cc(=O)c2ccccc2[nH]1,1
P3_16554,CCC[NH+](CCC)Cc1c(C)[nH]c2c(C)c(Cl)ccc2c1=O,1
P3_16555,CCCOc1ccc2[nH]c(C)c(C[NH+](CC)CC)c(=O)c2c1,1
P3_16556,CCCOc1ccc2[nH]c(C)c(C[NH+](CCC)CCC)c(=O)c2c1,1
P3_16557,CC[NH+](CC)C[C@@H](C)Oc1cc(=O)[nH]c2c(C)cccc12,1
P3_16558,CC[NH+](CC)C[C@H](C)Oc1cc(=O)[nH]c2c(C)cccc12,1
P3_16559,CCOc1ccc2[nH]c(CC)c(C)c(=O)c2c1,1
P3_16560,CCC[NH+](CCC)Cc1c(C)[nH]c2c(C)cc(Cl)cc2c1=O,1
P3_16561,CC[NH+](CC)Cc1c(C)[nH]c2cc(N(C)C)ccc2c1=O,1
P3_16562,CCN(CC)c1ccc2[nH]c(C)c(C[NH+](CC)CC)c(=O)c2c1,1
P3_16563,CCOc1ccc2[nH]c(C)c(C[NH+](CC)CC)c(=O)c2c1,1
P3_16564,CCCC[N@@H+](CC)Cc1c(C)[nH]c2c(C)cc(C)cc2c1=O,1
P3_16565,CCCC[N@H+](CC)Cc1c(C)[nH]c2c(C)cc(C)cc2c1=O,1
P3_16566,CCCC[N@@H+](CC)Cc1c(C)[nH]c2c(C)cc(Cl)cc2c1=O,1
P3_16567,CCCC[N@H+](CC)Cc1c(C)[nH]c2c(C)cc(Cl)cc2c1=O,1
P3_16568,Cc1cc(Cl)c(N)c(Nc2ncc3ccccc3n2)c1,1
P3_16569,Cc1cc(Nc2ncc3ccccc3n2)ccc1N(C)C,1
P3_16570,Cc1cc(C)c(N)c(Nc2ncc3ccccc3n2)c1,1
P3_16571,COc1ccc(Nc2ncc3ccccc3n2)cc1O,1
P3_16572,Cc1cc(F)cc(Nc2ncc3ccccc3n2)c1,1
P3_16573,COc1cc(Nc2ncc3ccccc3n2)ccc1OC(C)C,1
P3_16574,CC(=O)Nc1ccc(Nc2ncc3ccccc3n2)cc1F,1
P3_16575,COC(=O)c1cc(Cl)cc(Nc2ncc3ccccc3n2)c1,1
P3_16576,COC(=O)c1cc(C)cc(Nc2ncc3ccccc3n2)c1,1
P3_16577,Nc1ccc(Nc2ncc3ccccc3n2)c(F)c1,1
P3_16578,COc1c(Cl)ccc(Nc2ncc3ccccc3n2)c1F,1
P3_16579,COc1cccc(NC(=O)[C@H](C)n2c(=O)[nH]c3ccccc3c2=O)c1,1
P3_16580,COc1cccc(NC(=O)[C@@H](C)n2c(=O)[nH]c3ccccc3c2=O)c1,1
P3_16581,CC[C@@H](C(=O)Nc1cccc(OC)c1)n1c(=O)[nH]c2ccccc2c1=O,1
P3_16582,CC[C@H](C(=O)Nc1cccc(OC)c1)n1c(=O)[nH]c2ccccc2c1=O,1
P3_16583,CC[C@H](C(=O)Nc1ccc(OC)cc1)n1c(=O)[nH]c2ccccc2c1=O,1
P3_16584,CC[C@@H](C(=O)Nc1ccc(OC)cc1)n1c(=O)[nH]c2ccccc2c1=O,1
P3_16585,C[C@@H](C(=O)Nc1cc(Cl)cc(Cl)c1)n1c(=O)[nH]c2ccccc2c1=O,1
P3_16586,CC(C)c1ccc(NC(=O)[C@H](C)n2c(=O)[nH]c3ccccc3c2=O)cc1,1
P3_16587,CC[C@H](C(=O)Nc1ccc(Cl)c(Cl)c1)n1c(=O)[nH]c2ccccc2c1=O,1
P3_16588,CC[C@@H](C(=O)Nc1ccc(Cl)c(Cl)c1)n1c(=O)[nH]c2ccccc2c1=O,1
P3_16589,COc1cccc(N(C)C(=O)C(C)n2c(=S)[nH]c3ccccc3c2=O)c1,1
P3_16590,CC[C@@H](C(=O)Nc1ccc(F)c(Cl)c1)n1c(=O)[nH]c2ccccc2c1=O,1
P3_16591,CC[C@H](C(=O)Nc1ccc(F)c(Cl)c1)n1c(=O)[nH]c2ccccc2c1=O,1
P3_16592,C[C@@H](C(=O)Nc1ccc(Cl)cc1Cl)n1c(=O)[nH]c2ccccc2c1=O,1
P3_16593,Cc1c(F)cc(NC(=O)C(C)n2c(=S)[nH]c3ccccc3c2=O)cc1F,1
P3_16594,COc1cc(C)ccc1NC(=O)C(C)n1c(=S)[nH]c2ccccc2c1=O,1
P3_16595,CC[C@H](C(=O)Nc1ccc(Cl)cc1Cl)n1c(=O)[nH]c2ccccc2c1=O,1
P3_16596,CC[C@@H](C(=O)Nc1ccc(Cl)cc1Cl)n1c(=O)[nH]c2ccccc2c1=O,1
P3_16597,C[C@@H](C(=O)Nc1ccc(Cl)c(Cl)c1)n1c(=O)[nH]c2ccccc2c1=O,1
P3_16598,CC(C)COc1cccc(NC(=O)Cn2c(=O)[nH]c3ccccc3c2=O)c1,1
P3_16599,COc1cc(NC(=O)Cn2c(=O)[nH]c3ccccc3c2=O)cc(OC)c1,1
P3_16600,CCOc1cccc(NC(=O)Cn2c(=O)[nH]c3ccccc3c2=O)c1,1
P3_16601,CC(C)(C)Oc1cccc(NC(=O)Cn2c(=O)[nH]c3ccccc3c2=O)c1,1
P3_16602,CCCOc1cccc(NC(=O)Cn2c(=O)[nH]c3ccccc3c2=O)c1,1
P3_16603,COc1ccc(NC(=O)Cn2c(=O)[nH]c3ccccc3c2=O)c(OC)c1,1
P3_16604,COc1cc(F)cc(NC(=O)Cn2c(=O)[nH]c3ccccc3c2=O)c1,1
P3_16605,CC(C)c1cccc(NC(=O)Cn2c(=O)[nH]c3ccccc3c2=O)c1,1
P3_16606,COc1ccc(NC(=O)Cn2c(=O)[nH]c3ccccc3c2=O)cc1,1
P3_16607,CC(C)OCc1cccc(NC(=O)Cn2c(=O)[nH]c3ccccc3c2=O)c1,1
P3_16608,CCOc1c(Br)cc(CNC(C)C(O)c2ccccc2)cc1OC,1
P3_16609,CCOc1c(OC)cc(CNC(C)C(O)c2ccc(C)cc2)cc1OC,1
P3_16610,CCOc1c(OC)cc(CNC(C)C(O)c2cccc(F)c2)cc1OC,1
P3_16611,COc1cc(CNC(C(C)C)C(O)c2ccccc2)cc(Cl)c1OC,1
P3_16612,CCOc1c(Cl)cc(CNC(=O)[C@H](C)c2ccccc2)cc1OC,1
P3_16613,CCOc1c(Cl)cc(CNC(=O)[C@@H](C)c2ccccc2)cc1OC,1
P3_16614,CCOc1c(Cl)cc(CNC(C)C(OC)c2ccc(OC)cc2)cc1OC,1
P3_16615,CCOc1c(Cl)cc(CNC(=O)[C@H]([NH3+])c2ccccc2)cc1OC,1
P3_16616,CCOc1c(Cl)cc(CNC(=O)[C@H](N)c2ccccc2)cc1OC,1
P3_16617,CCOc1c(Cl)cc(CNC(=O)[C@@H](N)c2ccccc2)cc1OC,1
P3_16618,CCOc1c(Cl)cc(CNC(=O)[C@@H]([NH3+])c2ccccc2)cc1OC,1
P3_16619,CCOc1c(Cl)cc(CN[C@@H](Cc2ccccc2)C(=O)OC)cc1OC,1
P3_16620,CCOc1c(Cl)cc(CN[C@H](Cc2ccccc2)C(=O)OC)cc1OC,1
P3_16621,CCOc1c(Cl)cc(CN[C@@H](Cc2ccccc2)C(N)=O)cc1OC,1
P3_16622,CCOc1c(Cl)cc(CN[C@H](Cc2ccccc2)C(N)=O)cc1OC,1
P3_16623,COc1cc(CNC(C)C(O)c2c(Cl)cccc2Cl)cc(OC)c1OC,1
P3_16624,COc1cc(Cl)c(CNC(C)C(O)c2ccccc2)cc1Cl,1
P3_16625,CCOc1c(Cl)cc(CNC(=O)Cc2ccccc2)cc1OC,1
P3_16626,COc1cc(CNC(C)C(O)c2ccc(C)cc2)cc(OC)c1OC,1
P3_16627,COc1ccc(CNC(C)C(O)c2ccccc2)cc1C,1
P3_16628,CCOc1cc(CNC(C)C(O)c2ccccc2)c(F)cc1OC,1
P3_16629,COc1ccc(Cl)cc1CNC(C)C(O)c1ccccc1,1
P3_16630,CCOc1ccc(CNC(C)C(O)c2ccc(C)cc2)cc1OC,1
P3_16631,COc1cc(CNC(C)C(O)c2ccccc2)c(F)cc1Cl,1
P3_16632,CCOc1cc(CNC(C)C(O)c2ccc(C)cc2)ccc1OC,1
P3_16633,COc1ccc(CNC(C)C(O)c2cccc(Cl)c2)cc1Cl,1
P3_16634,CCC(NCc1cc(OC)c(O)c(OC)c1)C(O)c1ccccc1,1
P3_16635,COc1cc(Br)c(CN[C@H](C)[C@@H](O)c2ccccc2)cc1O,1
P3_16636,COc1cc(Br)c(CN[C@@H](C)[C@H](O)c2ccccc2)cc1O,1
P3_16637,COc1cc(Br)c(CN[C@@H](C)[C@@H](O)c2ccccc2)cc1O,1
P3_16638,COc1cc(Br)c(CN[C@H](C)[C@H](O)c2ccccc2)cc1O,1
P3_16639,COc1c(O)cc(CNC(C)C(OC)c2ccccc2Cl)cc1O,1
P3_16640,COc1cc(CNC(C)C(OC)c2ccc(F)cc2)cc(OC)c1OC,0
P3_16641,COc1ccc(CNC(C)C(O)c2cccc(F)c2)c(OC)c1,1
P3_16642,COC(=O)c1cc(CNC(C)C(O)c2cccc(F)c2)cc(OC)c1,1
P3_16643,COc1cc(Br)c(CN[C@@H](C)[C@H](O)c2ccc(C)cc2)cc1O,1
P3_16644,COc1cc(Br)c(CN[C@@H](C)[C@@H](O)c2ccc(C)cc2)cc1O,1
P3_16645,COc1cc(Br)c(CN[C@H](C)[C@H](O)c2ccc(C)cc2)cc1O,1
P3_16646,COc1cc(Br)c(CN[C@H](C)[C@@H](O)c2ccc(C)cc2)cc1O,1
P3_16647,COc1cc(Br)c(CN[C@H](C)[C@H](O)c2cccc(F)c2)cc1O,1
P3_16648,COc1cc(Br)c(CN[C@@H](C)[C@H](O)c2cccc(F)c2)cc1O,1
P3_16649,COc1cc(Br)c(CN[C@H](C)[C@@H](O)c2cccc(F)c2)cc1O,1
P3_16650,COc1cc(Br)c(CN[C@@H](C)[C@@H](O)c2cccc(F)c2)cc1O,1
P3_16651,COc1ccc(CNC(C)C(O)c2ccc(F)c(F)c2)c(F)c1OC,1
P3_16652,COc1cccc(CNC(C)C(OC)c2ccccc2Cl)c1OC,1
P3_16653,COc1c(O)cc(CNC(C)C(OC)c2ccccc2F)cc1O,1
P3_16654,COc1ccc(CNC(C)C(O)c2ccc(C)cc2)c(Br)c1O,1
P3_16655,COc1cc(Cl)c(C(C)NCC(O)c2ccccc2F)cc1OC,1
P3_16656,CCC(NCC(O)c1ccccc1Cl)c1cccc(OC)c1,1
P3_16657,CCOC(CNC(C)c1ccc(OC)c(O)c1)c1ccccc1,1
P3_16658,COc1cc(OC)c(C(C)NCC(O)c2ccccc2F)cc1Cl,1
P3_16659,COc1ccc(CNC(C)C(O)c2ccc(C)c(F)c2)c(Br)c1O,1
P3_16660,CCOC(CNC(C)c1ccc(F)c(OC)c1)c1ccccc1,1
P3_16661,CCOc1c(Cl)cc(CNC(=O)C(C)c2ccccc2)cc1OC,1
P3_16662,CCOc1c(OC)cc(CNC(C)C(c2ccccc2)N(C)C)cc1OC,1
P3_16663,CCOc1c(Cl)cc(CNC(C)Cc2ccc(O)cc2)cc1OC,1
P3_16664,CCOc1c(Cl)cc(CNC(=O)[C@H](O)c2ccccc2Cl)cc1OC,1
P3_16665,CCOc1c(Cl)cc(CNC(C)Cc2c(F)cccc2F)cc1OC,1
P3_16666,COc1ccc(CNC(C)C(O)c2ccccc2)cc1OCCC(C)C,1
P3_16667,CCOc1c(Cl)cc(CNC(=O)[C@@](C)(N)c2ccccc2)cc1OC,1
P3_16668,CCOc1c(Cl)cc(CNC(=O)[C@](C)(N)c2ccccc2)cc1OC,1
P3_16669,CCOc1c(Cl)cc(CNC(=O)[C@@H](O)c2ccc(Cl)cc2)cc1OC,1
P3_16670,CCOc1c(Cl)cc(CNC(=O)[C@H](O)c2ccc(Cl)cc2)cc1OC,1
P3_16671,CCOc1c(Cl)cc(CNC(CO)Cc2cccc(C)c2)cc1OC,1
P3_16672,CCOc1c(OC)cc(CNC(=O)C(C)c2ccccc2)cc1OC,1
P3_16673,CCOc1c(OC)cc(CNC(=O)[C@H](C)c2ccccc2)cc1OC,1
P3_16674,CCOc1c(OC)cc(CNC(=O)[C@@H](O)c2ccccc2)cc1OC,1
P3_16675,CCOc1c(OC)cc(CNC(=O)[C@H](O)c2ccccc2)cc1OC,1
P3_16676,CCOc1c(OC)cc(CNC(=O)[C@@H](C)c2ccccc2)cc1OC,1
P3_16677,CCOc1c(Cl)cc(CNC(=O)[C@@](C)(OC)c2ccccc2)cc1OC,1
P3_16678,CCOc1c(Cl)cc(CNC(=O)C(F)(F)c2ccccc2)cc1OC,1
P3_16679,CCOc1c(Cl)cc(CNC(=O)C(C)c2ccc(OC)c(OC)c2)cc1OC,1
P3_16680,CCOc1c(Cl)cc(CNC(=O)[C@](C)(OC)c2ccccc2)cc1OC,1
P3_16681,CCOc1c(Cl)cc(CNC(=O)[C@@](C)(O)c2ccccc2)cc1OC,1
P3_16682,CCOc1c(Cl)cc(CNC(=O)[C@H](N)c2cccc(Cl)c2)cc1OC,1
P3_16683,CCOc1c(Cl)cc(CNC(=O)[C@@H](N)c2cccc(Cl)c2)cc1OC,1
P3_16684,CCOc1c(Cl)cc(CNC(=O)[C@H](C)c2cccc(C#N)c2)cc1OC,1
P3_16685,CCOc1c(Cl)cc(CNC(=O)[C@@H](C)c2cccc(C#N)c2)cc1OC,1
P3_16686,CCOc1ccc(CNC(C)C(O)c2c(F)cccc2Cl)cc1OC,1
P3_16687,CCOc1c(Cl)cc(CNC(=O)[C@@H](N)c2ccccc2C)cc1OC,1
P3_16688,CCOc1c(Cl)cc(CNC(=O)[C@H](N)c2ccccc2C)cc1OC,1
P3_16689,CCOc1c(Cl)cc(CNC(=O)C(C)c2c(F)cccc2F)cc1OC,0
P3_16690,CCOc1c(OC)cc(CNC(=O)C(O)c2ccccc2Cl)cc1OC,1
P3_16691,CCOc1c(OC)cc(CN[C@@H](C)Cc2ccccc2OC)cc1OC,1
P3_16692,CCOc1c(OC)cc(CNC(=O)C(N)c2ccccc2)cc1OC,1
P3_16693,CCOc1c(OC)cc(CNC(=O)[C@@H](N)c2ccccc2)cc1OC,1
P3_16694,CCOc1c(OC)cc(CNC(=O)[C@H](N)c2ccccc2)cc1OC,1
P3_16695,CCOc1c(OC)cc(CNC(C)Cc2ccccc2O)cc1OC,1
P3_16696,CCOc1c(OC)cc(CNC(=O)C(F)c2ccccc2)cc1OC,1
P3_16697,CCOc1c(Cl)cc(CNC(=O)[C@@H](O)c2ccc(C#N)cc2)cc1OC,1
P3_16698,CCOc1c(Cl)cc(CNC(=O)[C@H](O)c2ccc(C#N)cc2)cc1OC,1
P3_16699,CCOc1ccc(CNC(C)C(c2ccccc2)N(C)C)cc1OC,1
P3_16700,CCCOc1c(Cl)cc(CNC(C)Cc2ccc(O)cc2)cc1OC,1
P3_16701,CCOc1c(OC)cc(CNC(=O)C(C)c2cccc(Cl)c2)cc1OC,0
P3_16702,CCOc1c(OC)cc(CNC(CC)C(O)c2c(F)cccc2F)cc1OC,0
P3_16703,CCOc1c(Cl)cc(C(=O)NC(C)C(O)c2ccc(F)c(F)c2)cc1OC,1
P3_16704,CCOc1c(OC)cc(CNC(C)Cc2ccccc2F)cc1OC,1
P3_16705,CCOc1c(OC)cc(CNC(C)Cc2c(F)cccc2F)cc1OC,0
P3_16706,CCOc1c(OC)cc(CNC(=O)C(C)c2cccc(C)c2)cc1OC,0
P3_16707,CCOc1ccc(CNC(C)C(O)c2ccccc2)cc1F,1
P3_16708,COc1ccc(CNC(C)C(O)c2ccccc2)cc1F,1
P3_16709,COC(=O)c1ccc(CNC(C)C(O)c2ccccc2)cc1Cl,1
P3_16710,COc1ccc(CNC(C)C(O)c2ccccc2)cc1OC(F)F,1
P3_16711,CCOC(=O)c1ccc(CNC(C)C(O)c2ccccc2)cc1Cl,1
P3_16712,COc1cc(OC)c(OC)cc1CNC(C)C(O)c1ccccc1,1
P3_16713,COc1ccc(CNC(C)C(O)c2ccccc2)c(OC)c1OC,1
P3_16714,COc1cc(C)c(CNC(C)C(O)c2ccccc2)cc1OC,1
P3_16715,COc1cc(CNC(C)C(C)c2ccccc2)cc(OC)c1O,1
P3_16716,COc1cc(F)c(CNC(C)C(O)c2ccccc2)cc1OC,1
P3_16717,COc1cc(Br)c(CNC(C)C(O)c2ccccc2)cc1OC,1
P3_16718,COc1cc(CNC(C)C(O)c2cccc(Cl)c2)ccc1OCCO,1
P3_16719,COc1ccc(CNC(C)C(O)c2cccc(Cl)c2)cc1OCCO,1
P3_16720,COc1cc(OC)c(CNC(C)C(O)c2ccccc2)cc1F,1
P3_16721,COc1ccc(CNC(C)C(O)c2ccccc2)c(C)c1OC,1
P3_16722,COc1ccc(CNC(C)C(O)c2ccc(Cl)cc2)cc1OCCO,1
P3_16723,CCOc1cc(F)cc(CNC(C)C(O)c2ccc(OC)cc2)c1,1
P3_16724,COc1ccc(CNC(C)C(O)c2ccc(Cl)cc2)cc1O,1
P3_16725,COc1ccc(CNC(C)C(O)c2cccc(Cl)c2)cc1O,1
P3_16726,COc1ccc(C=CC(=O)c2cc(OC)c(O)cc2OC)cc1O,0
P3_16727,COc1cc(C=CC(=O)c2cc(OC)c(O)cc2OC)ccc1O,0
P3_16728,COc1ccccc1C=CC(=O)c1c(O)cc(F)cc1F,1
P3_16729,COc1cccc(OC)c1C=CC(=O)c1c(O)cc(F)cc1F,1
P3_16730,COc1ccc(C(=O)C=Cc2cc(Br)c(O)c(OC)c2)cc1O,1
P3_16731,COc1cc(C=CC(=O)c2cc(O)ccc2OC)ccc1O,0
P3_16732,COc1cccc(F)c1C=CC(=O)c1c(O)cccc1F,0
P3_16733,COc1ccc(C=CC(=O)c2ccc(O)cc2O)cc1OC,1
P3_16734,COc1cc(C(=O)C=Cc2cc(OC)c(O)c(OC)c2)ccc1F,0
P3_16735,COc1c(O)cccc1C=CC(=O)c1ccccc1O,1
P3_16736,COc1ccc(C(=O)C=Cc2cccc(OC)c2OC)c(O)c1,1
P3_16737,COc1ccc(C(=O)C=Cc2cccc(O)c2OC)c(OC)c1,1
P3_16738,COc1ccc(OC)c(C(=O)C=Cc2cccc(O)c2OC)c1,1
P3_16739,COc1ccc(O)c(C(=O)C=Cc2cccc(OC)c2OC)c1,1
P3_16740,COc1ccc(C=CC(=O)c2cccc(F)c2F)cc1O,1
P3_16741,COc1ccc(C(=O)C=Cc2ccc(OC)c(Cl)c2)cc1O,1
P3_16742,COc1cc(C=CC(=O)c2cc(OC)c(OC)cc2F)ccc1O,0
P3_16743,COc1cc(F)c(C(=O)C=Cc2ccc(O)c(F)c2)cc1OC,1
P3_16744,COc1ccc(C=CC(=O)c2ccc(OC)c(F)c2)cc1O,0
P3_16745,COc1ccc(C)cc1C(=O)C=Cc1cc(OC)c(OC)c(OC)c1,1
P3_16746,COc1cc(C=CC(=O)c2ccc(F)cc2O)cc(OC)c1OC,1
P3_16747,COc1ccc(C(=O)C=Cc2cc(F)c(O)c(F)c2)c(C)c1OC,0
P3_16748,CCOc1ccc(C=CC(=O)c2cc(OC)c(O)cc2OC)cc1,0
P3_16749,COc1cccc(C=CC(=O)c2ccc(OC)c(OC)c2C)c1,1
P3_16750,COc1ccc(C=CC(=O)c2cc(OC)c(O)cc2OC)cc1C,1
P3_16751,COc1ccc(O)cc1C(=O)C=Cc1cc(OC)c(O)c(OC)c1,0
P3_16752,COc1cc(C(=O)C=Cc2cc(Cl)c(O)c(OC)c2)c(OC)cc1O,1
P3_16753,COc1cc(C(=O)C=Cc2ccc(OC)c(Cl)c2)c(OC)cc1O,1
P3_16754,COc1cc(C)ccc1C(=O)C=Cc1cc(OC)c(OC)c(OC)c1,1
P3_16755,COc1ccc(OC)c(C(=O)C=Cc2cc(OC)c(O)c(OC)c2)c1,1
P3_16756,COc1cc(C)ccc1C(=O)C=Cc1cc(OC)c(O)c(OC)c1,1
P3_16757,COc1ccc(C=CC(=O)c2ccc(O)c(OC)c2)cc1O,1
P3_16758,COc1ccc(C(=O)C=Cc2ccc(O)c(F)c2)c(C)c1OC,1
P3_16759,COc1ccc(C=CC(=O)c2cc(C)c(OC)c(Cl)c2)cc1O,1
P3_16760,COc1cc(C(=O)C=Cc2ccc(OC)c(OC)c2C)c(OC)cc1O,1
P3_16761,COc1ccc(C(=O)C=Cc2cc(Cl)c(O)c(OC)c2)cc1O,1
P3_16762,COc1ccc(C)cc1C(=O)C=Cc1cc(Cl)c(O)c(OC)c1,1
P3_16763,COc1ccc(C)cc1C(=O)C=Cc1cc(Br)c(OC)c(OC)c1,1
P3_16764,COc1ccc(O)cc1C(=O)C=Cc1cccc(O)c1OC,0
P3_16765,COc1ccc(Cl)cc1C(=O)C=Cc1cc(OC)c(O)c(OC)c1,1
P3_16766,COc1ccccc1C=CC(=O)c1cc(O)ccc1O,1
P3_16767,COc1ccc(C=CC(=O)c2cc(OC)c(OC)c(OC)c2)cc1F,1
P3_16768,COc1cc(C=CC(=O)c2cc(OC)c(OC)cc2C)ccc1O,1
P3_16769,COc1ccc(C=CC(=O)c2ccc(OC)c(OC)c2C)cc1,1
P3_16770,COc1ccc(Cl)cc1C(=O)C=Cc1cc(OC)c(OC)c(OC)c1,1
P3_16771,COc1ccc(C=CC(=O)c2ccc(OC)c(O)c2)cc1C,1
P3_16772,COc1cc(C)c(C(=O)C=Cc2cc(OC)c(O)c(OC)c2)cc1OC,1
P3_16773,COc1ccc(C=CC(=O)c2cc(C)ccc2OC)cc1OC,1
P3_16774,COCCOc1ccc(C=CC(=O)c2cc(OC)c(O)c(OC)c2)cc1,1
P3_16775,COc1ccc(O)cc1C(=O)C=Cc1ccc(O)cc1,1
P3_16776,COc1cc(C)ccc1C(=O)C=Cc1cccc(O)c1,1
P3_16777,COc1ccc(O)cc1C(=O)C=Cc1ccc(C)cc1,0
P3_16778,COc1ccc(O)cc1C(=O)C=Cc1cccc(C)c1,1
P3_16779,COc1ccc(O)cc1C(=O)C=Cc1cccc(Cl)c1,1
P3_16780,COc1ccc(O)cc1C(=O)C=Cc1cccc(Br)c1,1
P3_16781,COc1ccc(O)cc1C(=O)C=Cc1cccc(F)c1,1
P3_16782,COc1ccc(O)cc1C(=O)C=Cc1ccc(Cl)cc1,1
P3_16783,COc1ccc(O)cc1C(=O)C=Cc1ccc(F)cc1,0
P3_16784,COc1ccc(O)cc1C(=O)C=Cc1cc(C)c(O)c(C)c1,1
P3_16785,COc1ccc(C(=O)C=Cc2cccc(O)c2OC)cc1C,1
P3_16786,COc1cc(C)c(C(=O)C=Cc2cccc(O)c2OC)cc1C,1
P3_16787,COc1cc(F)c(C(=O)C=Cc2cccc(O)c2OC)cc1OC,1
P3_16788,COc1c(C)cc(C(=O)C=Cc2cccc(O)c2)cc1Cl,1
P3_16789,COc1cc(C)ccc1C(=O)C=Cc1cccc(O)c1OC,1
P3_16790,COc1ccc(O)cc1C(=O)C=Cc1cc(F)c(O)c(F)c1,0
P3_16791,COc1cc(C(=O)C=Cc2cccc(O)c2OC)ccc1F,1
P3_16792,COc1cc(OC)c(C(=O)C=Cc2cccc(O)c2OC)cc1Cl,1
P3_16793,COc1ccc(C)cc1C(=O)C=Cc1ccc(O)c(CO)c1,1
P3_16794,COc1ccc(C(=O)C=Cc2cccc(O)c2OC)cc1F,1
P3_16795,COc1ccccc1C=CC(=O)c1cc(O)ccc1OC,1
P3_16796,COc1ccc(O)cc1C(=O)C=Cc1ccc(O)c(Br)c1,1
P3_16797,COc1ccc(O)cc1C(=O)C=Cc1ccc(O)c(F)c1,1
P3_16798,COc1ccc(O)cc1C(=O)C=Cc1cc(Cl)c(O)c(OC)c1,1
P3_16799,COc1ccc(O)cc1C(=O)C=Cc1ccc(C(F)F)cc1,1
P3_16800,COc1ccc(Cl)cc1C(=O)C=Cc1cc(Cl)c(O)c(OC)c1,1
P3_16801,COc1ccc(O)cc1C(=O)C=Cc1ccc(OC)c(OC)c1OC,1
P3_16802,COc1ccc(OC)c(C(=O)C=Cc2cc(Br)c(O)c(OC)c2)c1,1
P3_16803,COc1ccc(O)cc1C(=O)C=Cc1ccc(OC(C)C)cc1,1
P3_16804,COc1ccc(O)cc1C(=O)C=Cc1ccccc1C,1
P3_16805,COc1ccc(O)cc1C(=O)C=Cc1cc(O)cc(F)c1,0
P3_16806,COc1ccc(O)cc1C(=O)C=Cc1c(OC)cccc1OC,1
P3_16807,COc1ccc(O)cc1C(=O)C=Cc1ccccc1F,0
P3_16808,COc1ccc(O)cc1C(=O)C=Cc1ccccc1Cl,1
P3_16809,COc1ccc(O)cc1C(=O)C=Cc1ccccc1Br,0
P3_16810,COc1cc(C)ccc1C(=O)C=Cc1ccc(O)c(CO)c1,1
P3_16811,COc1ccc(OC)c(C(=O)C=Cc2cc(O)cc(F)c2)c1,1
P3_16812,COc1ccc(C(=O)C=Cc2cc(O)cc(F)c2)cc1C,1
P3_16813,COc1cc(F)c(C(=O)C=Cc2cc(O)cc(F)c2)cc1OC,1
P3_16814,COc1cc(Br)c(C=CC(=O)c2cccc(O)c2)cc1O,1
P3_16815,COc1cc(O)ccc1C=CC(=O)c1cc(O)ccc1OC,0
P3_16816,COc1cc(C)c(C(=O)C=Cc2cc(O)cc(F)c2)cc1OC,1
P3_16817,COc1ccc(C(=O)C=Cc2cccc(O)c2OC)c(F)c1,1
P3_16818,COc1ccc(O)cc1C(=O)C=Cc1ccccc1OC(C)C,1
P3_16819,COc1cc(NC(C)=O)ccc1C(=O)C=Cc1ccc(O)c(Cl)c1,1
P3_16820,COc1ccc(O)cc1C(=O)C=Cc1ccc(OC)c(O)c1Br,0
P3_16821,COc1cc(Cl)c(C(=O)C=Cc2cc(O)cc(F)c2)cc1OC,0
P3_16822,COc1ccc(O)cc1C(=O)C=Cc1ccccc1OC(F)F,1
P3_16823,CCOc1ccc(CCNC(=O)c2cccs2)cc1OC,1
P3_16824,COc1ccc(CCNC(=O)c2cccs2)cc1OC,1
P3_16825,CCOc1ccc(CCNC(=O)c2cccs2)cc1,0
P3_16826,CCOc1ccc(CCNC(=O)c2cc(C)cs2)cc1OCC,0
P3_16827,CCOc1ccc(CCNC(=O)c2cc(Br)cs2)cc1OCC,0
P3_16828,CCOc1ccc(CCNC(=O)c2cc(Cl)cs2)cc1OCC,1
P3_16829,CCOc1ccc(CCNC(=O)c2ccc(C)s2)cc1OCC,0
P3_16830,COc1cc(CCNC(=O)c2cccs2)ccc1C,0
P3_16831,COc1cc(CCNC(=O)c2cccs2)ccc1O,1
P3_16832,CCOc1ccc(CCNC(=O)c2ccc(C(C)=O)s2)cc1OCC,0
P3_16833,CCOc1ccccc1CCNC(=O)c1cccs1,1
P3_16834,CCOc1ccc(CCNC(=O)c2cc(OC)cs2)cc1OCC,0
P3_16835,CCOc1ccc(CCNC(=O)c2cc(CN)cs2)cc1OCC,0
P3_16836,CCOc1ccc(CCNC(=O)c2ccc(N)s2)cc1OCC,0
P3_16837,CCOc1ccc(CCNC(=O)c2ccc(C(=O)OC)s2)cc1OCC,0
P3_16838,CCOc1ccc(CCNC(=O)c2ccc(F)s2)cc1OCC,1
P3_16839,CCOc1ccc(CCNC(=O)c2sccc2C)cc1OCC,0
P3_16840,COc1ccc(CCNC(=O)c2cccs2)cc1F,0
P3_16841,CCOc1ccc(CCNC(=O)c2cc(C)c(C)s2)cc1OCC,1
P3_16842,CCOc1ccc(CCNC(=O)c2ccc(C(N)=O)s2)cc1OCC,0
P3_16843,CCOc1ccc(CCNC(=O)c2ccc(C(=O)[O-])s2)cc1OCC,0
P3_16844,CCOc1ccc(CCNC(=O)c2sccc2CC)cc1OCC,0
P3_16845,CCOc1ccc(CCNC(=O)c2ccc(CC)s2)cc1OCC,1
P3_16846,COc1cc(CCNC(=O)c2cccs2)ccc1Cl,1
P3_16847,CCOc1ccc(CCNC(=O)c2cc(C(N)=O)cs2)cc1OCC,1
P3_16848,CCOc1ccc(CCNC(=O)c2cc(COC)cs2)cc1OCC,0
P3_16849,CCOc1ccc(CCNC(=O)c2cc(CC)c(C)s2)cc1OCC,0
P3_16850,CCOc1ccc(CCNC(=O)c2sccc2Br)cc1OCC,1
P3_16851,CCOc1ccc(CCNC(=O)c2sccc2OC)cc1OCC,0
P3_16852,CCOc1ccc(CCNC(=O)c2sccc2F)cc1OCC,0
P3_16853,CCOc1ccc(CCNC(=O)c2sccc2Cl)cc1OCC,0
P3_16854,CCOc1ccc(CCNC(=O)c2ccc(CO)s2)cc1OCC,0
P3_16855,CCc1ccc(CCNC(=O)c2cccs2)cc1,0
P3_16856,COc1cc(CCNC(=O)c2cccs2)ccc1OC(F)F,1
P3_16857,CCOc1ccc(CCNC(=O)c2cc(C#N)cs2)cc1OCC,1
P3_16858,COc1ccc(CCNC(=O)c2cccs2)cc1OC(F)F,0
P3_16859,CCOc1ccc(CCNC(=O)c2cc(C)c(CC)s2)cc1OCC,1
P3_16860,CCOc1ccc(CCNC(=O)c2sccc2C(C)=O)cc1OCC,0
P3_16861,CCOc1ccc(CCNC(=O)c2cc(C)cs2)cc1OC,0
P3_16862,CCOc1ccc(CCNC(=O)c2sccc2SC)cc1OCC,0
P3_16863,CCOc1ccc(CCNC(=O)c2sccc2CN)cc1OCC,1
P3_16864,CCCOc1c(OC)cc(CCNC(=O)c2cccs2)cc1OC,0
P3_16865,CCOc1ccc(CCNC(=O)c2cc(OC)cs2)cc1OC,0
P3_16866,CCOc1ccc(CCNC(=O)c2ccc(CCN)s2)cc1OCC,0
P3_16867,CCOc1ccc(CCNC(=O)c2ccc(C#N)s2)cc1OCC,0
P3_16868,CCCCOc1ccc(CCNC(=O)c2cccs2)cc1,1
P3_16869,CCOc1ccc(CCNC(=O)c2sccc2OC)cc1OC,0
P3_16870,CCCOc1cccc(CCNC(=O)c2cccs2)c1,0
P3_16871,COc1ccc(CCNC(=O)c2cccs2)cc1S(N)(=O)=O,0
P3_16872,CCOc1ccc(CCNC(=O)c2sccc2COC)cc1OCC,0
P3_16873,CCOc1ccc(CCNC(=O)c2sccc2S(C)(=O)=O)cc1OCC,0
P3_16874,CCOc1ccc(CCNC(=O)c2cc(F)cs2)cc1OC,0
P3_16875,CCOc1ccc(CCNC(=O)c2ccc(C)s2)cc1OC,0
P3_16876,CCOc1ccc(CCNC(=O)c2ccc(OC)s2)cc1OC,0
P3_16877,CCOc1ccc(CCNC(=O)c2cc(COC)cs2)cc1OC,0
P3_16878,CCOc1ccc(CCNC(=O)c2ccc(F)s2)cc1OC,0
P3_16879,CCOc1ccc(CCNC(=O)c2sccc2C)cc1OC,0
P3_16880,CCOc1ccc(CCNC(=O)c2sccc2N)cc1OC,0
P3_16881,CCOc1ccc(CCNC(=O)c2ccc(N)s2)cc1OC,1
P3_16882,CCOc1ccc(CCNC(=O)c2scc(C)c2Cl)cc1OCC,1
P3_16883,CCOc1ccc(CCNC(=O)c2ccc(CO)s2)cc1OC,1
P3_16884,CCOc1ccc(CCNC(=O)c2sccc2F)cc1OC,1
P3_16885,CCOc1ccc(CCNC(=O)c2sccc2Cl)cc1OC,1
P3_16886,CC(C)COc1ccc(CCNC(=O)c2cccs2)cc1,0
P3_16887,CN(C)c1ccc(CCNC(=O)c2cccs2)cc1,0
P3_16888,CC(C)c1ccc(CCNC(=O)c2cccs2)cc1,0
P3_16889,CCOc1ccc(CCNC(=O)c2sccc2C(C)=O)cc1OC,0
P3_16890,CCOc1ccc(CCNC(=O)c2ccc(COC)s2)cc1OC,1
P3_16891,CC(C)Oc1ccc(CCNC(=O)c2cccs2)cc1,1
P3_16892,CCOc1ccc(CCNC(=O)c2sccc2SC)cc1OC,0
P3_16893,CCOc1ccc(CCNC(=O)c2sccc2COC)cc1OC,0
P3_16894,C[NH+](C)CCOc1ccc(CCNC(=O)c2cccs2)cc1,1
P3_16895,COCCC(=O)NCc1ccc(CCNC(=O)c2cccs2)cc1,0
P3_16896,COc1ccc(CCNC(=O)c2cccs2)c(OC)c1OC,0
P3_16897,COc1ccc(CCNC(=O)c2cccs2)c(OC)c1,1
P3_16898,CCOc1ccc(CCNC(=O)c2cc(C)cs2)cc1,0
P3_16899,COc1ccc(CCNC(=O)c2cc(C)cs2)cc1OC,0
P3_16900,CCOc1ccc(CCNC(=O)c2ccc(C(=O)O)s2)cc1OCC,0
P3_16901,CCOc1ccc(CCNC(=O)c2sccc2N)cc1OCC,0
P3_16902,CCOc1ccc(CCNC(=O)c2ccc(NC(C)=O)s2)cc1OCC,0
P3_16903,CCOc1ccc(CCNC(=O)c2ccc(CN)s2)cc1OCC,0
P3_16904,CCOc1ccc(CCNC(=O)c2sccc2C#N)cc1OCC,0
P3_16905,CCOc1ccc(CCNC(=O)c2sccc2OC(F)F)cc1OCC,0
P3_16906,CCOc1ccc(CCNC(=O)c2cc(CN)cs2)cc1OC,0
P3_16907,CCOc1ccc(CCNC(=O)c2scc(C)c2Br)cc1OCC,0
P3_16908,CCOc1ccc(CCNC(=O)c2cc(C#N)cs2)cc1OC,0
P3_16909,CCOc1ccc(CCNC(=O)c2sc(N)cc2C)cc1OCC,0
P3_16910,CCOc1ccc(CCNC(=O)c2ccc(CN)s2)cc1OC,1
P3_16911,CCOc1ccc(CCNC(=O)c2ccc(CCN)s2)cc1OC,1
P3_16912,CCOc1ccc(CCNC(=O)c2ccc(C#N)s2)cc1OC,0
P3_16913,CCOc1ccc(CCNC(=O)c2sccc2CN)cc1OC,1
P3_16914,CCOc1ccc(CCNC(=O)c2sccc2C#N)cc1OC,0
P3_16915,COc1cc(Br)c(CCNC(=O)c2cccs2)cc1OC,1
P3_16916,COc1ccc(CCNC(=O)c2cc(F)cs2)cc1OC,0
P3_16917,COc1ccc(CCNC(=O)c2cc(Cl)cs2)cc1OC,1
P3_16918,COc1ccc(CCNC(=O)c2cc(CN)cs2)cc1OC,0
P3_16919,COc1ccc(CCNC(=O)c2cc(C(C)=O)cs2)cc1OC,0
P3_16920,COc1ccc(CCNC(=O)c2ccc(C)s2)cc1OC,0
P3_16921,COc1ccc(CCNC(=O)c2ccc(C(C)=O)s2)cc1OC,0
P3_16922,COc1ccc(CCNC(=O)c2ccc(C(N)=O)s2)cc1OC,0
P3_16923,COc1ccc(CCNC(=O)c2ccc(F)s2)cc1OC,0
P3_16924,COc1ccc(CCNC(=O)c2ccc(C(=O)[O-])s2)cc1OC,0
P3_16925,COc1ccc(CCNC(=O)c2cc(C)c(C)s2)cc1OC,1
P3_16926,COc1ccc(CCNC(=O)c2sccc2C)cc1OC,0
P3_16927,COc1ccc(CCNC(=O)c2sccc2Cl)cc1OC,1
P3_16928,COc1ccc(CCNC(=O)c2ccc(SC)s2)cc1OC,0
P3_16929,CCOc1cccc(CCNC(=O)c2cccs2)c1,0
P3_16930,COc1ccc(CCNC(=O)c2cccs2)cc1C,0
P3_16931,COc1ccc(CCNC(=O)c2cccs2)cc1Cl,0
P3_16932,COc1ccc(CCNC(=O)c2cccs2)cc1,1
P3_16933,COCc1ccc(CCNC(=O)c2cccs2)cc1,0
P3_16934,COC(=O)c1ccc(CCNC(=O)c2cccs2)cc1,0
P3_16935,CC(=O)c1ccc(CCNC(=O)c2cccs2)cc1,0
P3_16936,COc1cc(CCNC(=O)c2cccs2)cc(OC)c1OC(C)C,0
P3_16937,COc1cc(CCNC(=O)c2cccs2)cc(OC)c1OC(F)F,0
P3_16938,CCOc1ccc(CCNC(=O)c2scc(OC)c2OC)cc1OC,0
P3_16939,CCOc1ccc(CC(=O)NCc2cccs2)cc1OCC,0
P3_16940,CCOc1cccc(CCNC(=O)c2cc(C)cs2)c1,0
P3_16941,COc1cccc(CCNC(=O)c2cccs2)c1OC,0
P3_16942,COc1ccc(CCNC(=O)c2cccs2)c(Cl)c1OC,0
P3_16943,CCOc1cccc(CCNC(=O)c2cc(OC)cs2)c1,0
P3_16944,CCOc1ccc(CCNC(=O)c2cc(OC)cs2)cc1,0
P3_16945,CCOc1cccc(CCNC(=O)c2sccc2OC)c1,0
P3_16946,COc1ccc(CCNC(=O)c2ccc(C(C)C)s2)cc1OC,0
P3_16947,COc1ccc(CCNC(=O)c2sccc2C(C)C)cc1OC,0
P3_16948,COc1ccc(CCNC(=O)c2sccc2C(F)F)cc1OC,0
P3_16949,CCOc1ccc(CCNC(=O)c2sccc2OC)cc1,0
P3_16950,COc1ccc(CCNC(=O)c2sccc2Br)cc1OC,0
P3_16951,COc1ccc(CCNC(=O)c2sccc2F)cc1OC,0
P3_16952,COc1ccc(CCNC(=O)c2cc(Br)c(C)s2)cc1OC,0
P3_16953,CCOc1ccc(CCNC(=O)c2sccc2C)cc1,0
P3_16954,COc1ccc(CCNC(=O)c2sccc2SC)cc1OC,0
P3_16955,COc1ccc(CCNC(=O)c2scc(OC)c2OC)cc1OC,0
P3_16956,COc1ccc(CCNC(=O)c2sccc2OC(F)F)cc1OC,0
P3_16957,CCOc1ccc(CCNC(=O)c2sccc2SC)cc1,0
P3_16958,CCCOc1cccc(CCNC(=O)c2cc(OC)cs2)c1,0
P3_16959,CCOc1cccc(CCNC(=O)c2sc(C)cc2OC)c1,1
P3_16960,CCn1c(=N)n(C[C@H](O)c2ccc(Cl)c(Cl)c2)c2ccccc21,1
P3_16961,CCn1c(=N)n(C[C@@H](O)c2ccc(Cl)c(Cl)c2)c2ccccc21,1
P3_16962,Cn1c(=N)n(C[C@@H](O)c2ccc(Cl)c(Cl)c2)c2ccccc21,1
P3_16963,Cn1c(=N)n(C[C@H](O)c2ccc(Cl)c(Cl)c2)c2ccccc21,1
P3_16964,CCCn1c(=N)n(C[C@@H](O)c2ccc(Cl)cc2)c2ccccc21,1
P3_16965,CCCn1c(=N)n(C[C@H](O)c2ccc(Cl)cc2)c2ccccc21,1
P3_16966,CCCCn1c(=N)n(C[C@H](O)c2ccc(Cl)cc2)c2ccccc21,1
P3_16967,CCCCn1c(=N)n(C[C@@H](O)c2ccc(Cl)cc2)c2ccccc21,1
P3_16968,CCn1c(=N)n(C[C@@H](O)c2ccc(Cl)cc2)c2ccccc21,1
P3_16969,CCn1c(=N)n(C[C@H](O)c2ccc(Cl)cc2)c2ccccc21,1
P3_16970,CCCn1c(=N)n(C[C@H](O)c2ccccc2)c2ccccc21,1
P3_16971,CCCn1c(=N)n(C[C@@H](O)c2ccccc2)c2ccccc21,1
P3_16972,CCCn1c(=N)n(C[C@H](O)c2ccc(C)cc2)c2ccccc21,1
P3_16973,CCCn1c(=N)n(C[C@@H](O)c2ccc(C)cc2)c2ccccc21,1
P3_16974,CCCCn1c(=N)n(C[C@@H](O)c2ccccc2)c2ccccc21,1
P3_16975,CCCCn1c(=N)n(C[C@H](O)c2ccccc2)c2ccccc21,1
P3_16976,CCCCn1c(=N)n(C[C@H](O)c2ccc(OC)cc2)c2ccccc21,1
P3_16977,CCCCn1c(=N)n(C[C@@H](O)c2ccc(OC)cc2)c2ccccc21,1
P3_16978,CCn1c(=N)n(C[C@H](O)c2ccc(C)cc2)c2ccccc21,1
P3_16979,CCn1c(=N)n(C[C@@H](O)c2ccc(C)cc2)c2ccccc21,1
P3_16980,CCn1c(=N)n(C[C@H](O)c2ccccc2)c2ccccc21,1
P3_16981,CCn1c(=N)n(C[C@@H](O)c2ccccc2)c2ccccc21,1
P3_16982,CCCCn1c(=N)n(C[C@H](O)c2ccc(OCC)cc2)c2ccccc21,1
P3_16983,CCCCn1c(=N)n(C[C@@H](O)c2ccc(OCC)cc2)c2ccccc21,1
P3_16984,CCn1c(=O)n(C[C@@H](O)c2ccc(Cl)c(F)c2)c2ccccc21,1
P3_16985,CCn1c(=O)n(C[C@H](O)c2ccc(Cl)c(F)c2)c2ccccc21,1
P3_16986,C=CCn1c(=N)n(C[C@@H](O)c2ccc(Cl)cc2)c2ccccc21,1
P3_16987,C=CCn1c(=N)n(C[C@H](O)c2ccc(Cl)cc2)c2ccccc21,1
P3_16988,C=CCn1c(=N)n(C[C@@H](O)c2ccc(C)cc2)c2ccccc21,1
P3_16989,C=CCn1c(=N)n(C[C@H](O)c2ccc(C)cc2)c2ccccc21,1
P3_16990,C=CCn1c(=N)n(C[C@H](O)c2ccc(OCC)cc2)c2ccccc21,1
P3_16991,C=CCn1c(=N)n(C[C@@H](O)c2ccc(OCC)cc2)c2ccccc21,1
P3_16992,CCCn1c(=O)n(C[C@H](O)c2cccc(Cl)c2)c2ccccc21,1
P3_16993,CCCn1c(=O)n(C[C@@H](O)c2cccc(Cl)c2)c2ccccc21,1
P3_16994,CCCn1c(=O)n(C[C@H](O)c2ccc(Cl)cc2)c2ccccc21,1
P3_16995,C=CCn1c(=N)n(C[C@H](O)c2cccc(Br)c2)c2ccccc21,1
P3_16996,C=CCn1c(=N)n(C[C@@H](O)c2cccc(Br)c2)c2ccccc21,1
P3_16997,C=CCn1c(=N)n(C[C@H](O)c2ccc(Br)cc2)c2ccccc21,1
P3_16998,CCn1c(=O)n(C[C@@H](O)c2cccc(Cl)c2)c2ccccc21,1
P3_16999,CCn1c(=O)n(C[C@H](O)c2cccc(Cl)c2)c2ccccc21,1
P3_17000,C=CCn1c(=N)n(C[C@@H](O)c2ccc(Br)cc2)c2ccccc21,1
P3_17001,CCn1c(=O)n(C[C@H](O)c2ccc(Cl)cc2)c2ccccc21,1
P3_17002,CCn1c(=O)n(C[C@@H](O)c2ccc(Cl)cc2)c2ccccc21,1
P3_17003,Cc1ccc(C(O)Cn2c(=O)n(C)c3cc(Cl)c(Cl)cc32)cc1C,1
P3_17004,Cn1c(=O)n(C[C@H](O)c2ccc(F)c(F)c2)c2ccccc21,1
P3_17005,Cn1c(=O)n(C[C@@H](O)c2ccc(F)c(F)c2)c2ccccc21,1
P3_17006,CCc1ccc(C(O)Cn2c(=O)n(C)c3cc(Cl)c(Cl)cc32)cc1,1
P3_17007,CCCn1c(=O)n(C[C@@H](O)c2ccc(C)cc2)c2ccccc21,1
P3_17008,CCCn1c(=O)n(C[C@H](O)c2ccc(C)cc2)c2ccccc21,1
P3_17009,CCc1ccc(C(O)Cn2c(=O)n(C)c3ccccc32)cc1,1
P3_17010,CCCn1c(=O)n(C[C@H](O)c2cccc(Br)c2)c2ccccc21,1
P3_17011,Cc1cccc(C(O)Cn2c(=O)n(C)c3cc(Cl)c(Cl)cc32)c1,1
P3_17012,CCCn1c(=O)n(C[C@@H](O)c2cccc(F)c2)c2ccccc21,1
P3_17013,CCCn1c(=O)n(C[C@H](O)c2cccc(F)c2)c2ccccc21,1
P3_17014,CCCn1c(=O)n(C[C@@H](O)c2cccc(Br)c2)c2ccccc21,1
P3_17015,CCCn1c(=O)n(C[C@H](O)c2ccc(F)cc2)c2ccccc21,1
P3_17016,Cc1cccc(C(O)Cn2c(=O)n(C)c3ccccc32)c1,1
P3_17017,Cc1ccc(C(O)Cn2c(=O)n(C)c3cc(Cl)c(Cl)cc32)cc1,1
P3_17018,CCCn1c(=O)n(C[C@@H](O)c2cc(C)cc(C)c2)c2ccccc21,1
P3_17019,CCCn1c(=O)n(C[C@H](O)c2cc(C)cc(C)c2)c2ccccc21,1
P3_17020,CCCn1c(=O)n(C[C@@H](O)c2ccc(F)cc2)c2ccccc21,1
P3_17021,Cn1c(=O)n(C[C@H](O)c2ccc(F)c(Br)c2)c2ccccc21,1
P3_17022,Cn1c(=O)n(C[C@@H](O)c2ccc(F)c(Br)c2)c2ccccc21,1
P3_17023,Cc1ccc(C(O)Cn2c(=O)n(C)c3cc(Cl)ccc32)cc1C,1
P3_17024,CCn1c(=O)n(C[C@@H](O)c2ccc(C)cc2)c2ccccc21,1
P3_17025,CCn1c(=O)n(C[C@H](O)c2ccc(C)cc2)c2ccccc21,1
P3_17026,Cn1c(=O)n(C[C@H](O)c2cccc(Br)c2)c2ccccc21,1
P3_17027,Cn1c(=O)n(C[C@H](O)c2cccc(F)c2)c2ccccc21,1
P3_17028,Cn1c(=O)n(C[C@@H](O)c2cccc(F)c2)c2ccccc21,1
P3_17029,CCn1c(=O)n(C[C@H](O)c2cccc(Br)c2)c2ccccc21,1
P3_17030,Cn1c(=O)n(C[C@@H](O)c2cccc(Br)c2)c2ccccc21,1
P3_17031,CCn1c(=O)n(C[C@@H](O)c2cccc(Br)c2)c2ccccc21,1
P3_17032,CCn1c(=O)n(C[C@@H](O)c2ccccc2)c2ccccc21,1
P3_17033,CCn1c(=O)n(C[C@@H](O)c2ccc(F)cc2)c2ccccc21,1
P3_17034,CC(C)(C)c1ccc(CNC2CCCC(O)C2)cc1,1
P3_17035,CC(C)(C)c1cccc(CNC2CCCC(O)C2)c1,1
P3_17036,CC(C)(C)c1ccc(CNC2CCCC(N)C2)cc1,1
P3_17037,CC(C)(C)c1cccc(CNC2CCCC(N)C2)c1,1
P3_17038,CC(C)(C)c1cccc(CN[C@@H]2CCCC[C@H]2O)c1,1
P3_17039,CC(C)(C)c1cccc(CN[C@H]2CCCC[C@@H]2O)c1,1
P3_17040,CC(C)(C)c1cccc(CNC2CCCCC2O)c1,1
P3_17041,CC(C)(C)c1cccc(CN[C@@H]2CCCC[C@@H]2O)c1,1
P3_17042,CC(C)(C)c1cc(O)cc(CN[C@@H]2CCCC[C@H]2O)c1,1
P3_17043,CC(C)(C)c1cc(O)cc(CNC2CCCCC2O)c1,1
P3_17044,CC(C)(C)c1cc(O)cc(CN[C@H]2CCCC[C@@H]2O)c1,1
P3_17045,CC(C)(C)c1cc(O)cc(CN[C@@H]2CCCC[C@@H]2O)c1,1
P3_17046,CC(C)(C)c1cc(O)cc(CNC2CCCCC2CO)c1,1
P3_17047,Cc1ccc(CNC2CCC(O)CC2)c(OC(C)(C)C)c1,1
P3_17048,COc1c(CNC2CCCC(O)C2)cccc1C(C)(C)C,0
P3_17049,C[C@@H]1CCCC(NCc2cccc(C(C)(C)O)c2)C1,1
P3_17050,CC1CCCC(NCc2cccc(C(C)(C)O)c2)C1,1
P3_17051,CC(C)(C)c1cccc(CN[C@@]2(C)[C@H](O)CCC[C@@H]2O)c1,0
P3_17052,Cc1ccc(Br)c(CNC2CCCC(O)C2)c1,0
P3_17053,Cc1ccc(F)c(CNC2CCCC(O)C2)c1,0
P3_17054,Cc1cc(CNC2CCC(O)(C(C)C)CC2)ccc1O,1
P3_17055,Cc1ccc(C)c(CNC2CCCC(N)C2)c1,1
P3_17056,Cc1ccc(CNC2CCC(O)CC2)c(N(C)C)c1,0
P3_17057,COc1ccc(CNC2CCCC(O)C2)c(C)c1,0
P3_17058,COc1ccc(Br)c(CNC2CCCC(O)C2)c1,0
P3_17059,COc1ccc(CNC2CCCC(O)C2)c(Cl)c1,1
P3_17060,CCCCC1(O)CCC(NCc2ccc(O)c(C)c2)CC1,1
P3_17061,CCOc1ccc(CNC2CCCC(O)C2)c(C)c1,0
P3_17062,Cc1ccc(CNC2CCC(O)(C(C)C)CC2)c(C)c1,0
P3_17063,Cc1ccc(F)c(CNC2CCCC(N)C2)c1,0
P3_17064,Cc1ccc(Cl)c(CNC2CCCC(N)C2)c1,1
P3_17065,Cc1ccc(Br)c(CNC2CCCC(N)C2)c1,0
P3_17066,CC1CCCC(NCc2ccc(OC(C)C)c(O)c2)C1,0
P3_17067,CCOc1ccc(CNC2CCCC(O)C2)c(Cl)c1,1
P3_17068,Cc1ccc(CNC2CCC(O)CC2)c(OC(C)C)c1,0
P3_17069,CC(C)(C)COc1cccc(CNC2CCCC(O)C2)c1,1
P3_17070,CC(C)Oc1ccc(CNC2CCCC(O)C2)c(Cl)c1,1
P3_17071,Cc1ccc(CNC2CCC(O)CC2)c(OCC(C)C)c1,0
P3_17072,Cc1ccc(F)c(CN[C@@H]2CCCC[C@@H]2O)c1,0
P3_17073,Cc1ccc(F)c(CN[C@@H]2CCCC[C@H]2O)c1,0
P3_17074,Cc1ccc(F)c(CNC2CCCCC2O)c1,0
P3_17075,Cc1ccc(F)c(CN[C@H]2CCCC[C@@H]2O)c1,0
P3_17076,Cc1ccc(Br)c(CN[C@@H]2CCCC[C@@H]2O)c1,0
P3_17077,Cc1ccc(Br)c(CNC2CCCCC2O)c1,0
P3_17078,Cc1ccc(Br)c(CN[C@H]2CCCC[C@@H]2O)c1,0
P3_17079,Cc1ccc(Br)c(CN[C@@H]2CCCC[C@H]2O)c1,0
P3_17080,CC1CCCC(NCc2cccc(COC(C)(C)C)c2)C1,1
P3_17081,Cc1ccc(C)c(CNC2CCC(O)C(C)(C)C2)c1,1
P3_17082,C#CC1(O)CCCC(NCc2ccc(OC)c(C(C)(C)C)c2)C1,0
P3_17083,CCc1ccc(CNC2CCC(O)(C(C)C)CC2)c(F)c1,1
P3_17084,CCCc1cccc(CNC2CCCC(O)C2)c1,0
P3_17085,Cc1ccc(Br)c(CNC2CCC(O)C(C)(C)C2)c1,0
P3_17086,Cc1ccc(F)c(CNC2CCC(O)C(C)(C)C2)c1,0
P3_17087,Cc1ccc(CNC2CCC(N)CC2)c(OC(C)C)c1,1
P3_17088,CC(NC1CCC(C)(O)CC1)c1ccc(C(C)(C)C)cc1,1
P3_17089,CCOc1ccc(Br)c(CNC2CCCC(N(C)C)C2)c1,0
P3_17090,CCOc1ccc(CNC2CCC(O)(C(C)C)CC2)c(C)c1,1
P3_17091,CC(C)c1cc(O)cc(CNC2CCCC(F)C2)c1,1
P3_17092,Cc1cc(C)c(CNC2CCC(C)(O)CC2)c(C)c1,0
P3_17093,COc1ccc(C)c(CNC2CCC(O)C(C)(C)C2)c1,0
P3_17094,COc1ccc(OC)c(CNC2CCC(O)C(C)(C)C2)c1,1
P3_17095,Cc1ccc(CNC2CCC(O)(C(C)C)CC2)cc1C,1
P3_17096,COc1ccc(Br)c(CNC2CCC(O)C(C)(C)C2)c1,1
P3_17097,COc1ccc(I)c(CNC2CCC(O)C(C)(C)C2)c1,0
P3_17098,COc1ccc(Cl)c(CNC2CCC(O)C(C)(C)C2)c1,1
P3_17099,Cc1ccc(CNC2CCC(C)(N)CC2)c(OCC(C)C)c1,0
P3_17100,C#Cc1cccc(CNC2CCC(O)(C(C)C)CC2)c1F,1
P3_17101,C=CCc1cc(CNC2CCCC(CC)C2)cc(OC)c1O,0
P3_17102,Cc1ccc(F)c(CNC2CCCC(O)C2)c1Cl,0
P3_17103,CCCc1cccc(CN[C@@H]2CCCC[C@H]2O)c1,0
P3_17104,CCCc1cccc(CNC2CCCCC2O)c1,0
P3_17105,CCCc1cccc(CN[C@H]2CCCC[C@@H]2O)c1,0
P3_17106,CCCc1cccc(CN[C@@H]2CCCC[C@@H]2O)c1,0
P3_17107,COc1ccc(F)c(CNC2CCCCC2(C)C)c1,0
P3_17108,COc1cccc(CNC2CCC(OC)CC2)c1OC(C)C,0
P3_17109,Cc1cccc(CNC2CCC(O)C(C)(C)C2)c1,0
P3_17110,CC(C)c1cccc(CN[C@H]2CCCC[C@@H]2O)c1,1
P3_17111,CC(C)c1cccc(CN[C@@H]2CCCC[C@H]2O)c1,1
P3_17112,CC(C)c1cccc(CN[C@@H]2CCCC[C@@H]2O)c1,1
P3_17113,CC(C)c1cccc(CNC2CCCCC2O)c1,1
P3_17114,CCc1ccc(F)c(CNC2CCC(O)(C(C)C)CC2)c1F,0
P3_17115,C=CCc1cc(CNC2CCC(C)(OC)CC2)cc(OC)c1O,0
P3_17116,C[C@@H](O)c1cccc(CN[C@@H]2CCCC[C@H]2O)c1,1
P3_17117,C[C@@H](O)c1cccc(CN[C@@H]2CCCC[C@@H]2O)c1,1
P3_17118,C[C@@H](O)c1cccc(CN[C@H]2CCCC[C@@H]2O)c1,1
P3_17119,C=CCc1cc(CNC2CCC(O)(CC)CC2)cc(OC)c1O,0
P3_17120,CCCc1cccc(CNC2CCC(O)C(C)(C)C2)c1,0
P3_17121,Cc1ccc(F)c(CNC2CCC(C)(O)CC2)c1Cl,1
P3_17122,Cc1cc(CNC2CCC(O)C(C)(C)C2)ccc1Cl,0
P3_17123,C=CCc1cc(CNC2CCCCC2O)cc(OC)c1O,1
P3_17124,Cc1cccc(F)c1CNC1CCC(O)(C(C)C)CC1,1
P3_17125,Cc1ccc(F)c(CNC2CCC(O)(C(C)C)CC2)c1F,0
P3_17126,C=CCc1cc(CN[C@@H]2CCCC[C@H]2O)cc(OC)c1O,1
P3_17127,C=CCc1cc(CN[C@@H]2CCCC[C@@H]2O)cc(OC)c1O,1
P3_17128,C=CCc1cc(CN[C@H]2CCCC[C@@H]2O)cc(OC)c1O,1
P3_17129,C=CCc1cc(CNC2CCC(O)C(C)(C)C2)cc(OC)c1O,1
P3_17130,C=CCc1cc(CNC2C(C)CCCC2C)cc(OC)c1O,0
P3_17131,Cc1cc(Br)cc(CNC2CCC(O)C(C)(C)C2)c1,1
P3_17132,C#CCOc1cccc(Cl)c1CNC1CCC(O)(C(C)C)CC1,1
P3_17133,CC(N[C@H]1CC[C@H](CO)CC1)c1ccc(OC(C)(C)C)cc1,0
P3_17134,COc1c(C=C(Br)Br)cc2c(c1OC)OCO2,0
P3_17135,C=CCN(CCC#N)Cc1cc2c(cc1OC)OCO2,1
P3_17136,COc1cc(CN(C)CC[NH3+])cc2c1OCO2,0
P3_17137,CC[N@H+](Cc1cc2c(cc1OC)OCO2)[C@@H](C)C(C)C,1
P3_17138,CC[N@@H+](Cc1cc2c(cc1OC)OCO2)[C@@H](C)C(C)C,1
P3_17139,CC[N@H+](Cc1cc2c(cc1OC)OCO2)[C@H](C)C(C)C,1
P3_17140,CC[N@@H+](Cc1cc2c(cc1OC)OCO2)[C@H](C)C(C)C,1
P3_17141,CNCc1cc(OC)c2c(c1)OCO2,0
P3_17142,CCN(CC)Cc1cc(OC)c2c(c1)OCO2,0
P3_17143,CC[C@@H](C)NCc1cc(OC)c2c(c1)OCO2,0
P3_17144,CCC(C)NCc1cc(OC)c2c(c1)OCO2,0
P3_17145,CC[C@H](C)NCc1cc(OC)c2c(c1)OCO2,0
P3_17146,CCCC[N@@H+](C)Cc1cc2c(cc1OC)OCO2,0
P3_17147,CCCC[N@H+](CC)Cc1cc2c(cc1OC)OCO2,0
P3_17148,CC[N@H+](Cc1cc2c(cc1OC)OCO2)CC(C)(C)C,0
P3_17149,CC[N@@H+](Cc1cc2c(cc1OC)OCO2)CC(C)(C)C,0
P3_17150,CCCC[N@@H+](CC)Cc1cc2c(cc1OC)OCO2,0
P3_17151,CC[N@H+](CCCO)Cc1cc2c(cc1OC)OCO2,0
P3_17152,CC[N@@H+](CCCO)Cc1cc2c(cc1OC)OCO2,0
P3_17153,CC[N@@H+](Cc1cc2c(cc1OC)OCO2)C[C@@H](C)OC,0
P3_17154,CC[N@@H+](Cc1cc2c(cc1OC)OCO2)C[C@H](C)OC,0
P3_17155,CC[N@H+](Cc1cc2c(cc1OC)OCO2)C[C@@H](C)OC,0
P3_17156,CC[N@H+](Cc1cc2c(cc1OC)OCO2)C[C@H](C)OC,0
P3_17157,CCN(Cc1cc2c(cc1OC)OCO2)[C@H](C)CO,0
P3_17158,CCN(Cc1cc2c(cc1OC)OCO2)[C@@H](C)CO,0
P3_17159,CC[N@H+](CCSC)Cc1cc2c(cc1OC)OCO2,0
P3_17160,CC[N@@H+](CCSC)Cc1cc2c(cc1OC)OCO2,0
P3_17161,CC[NH+](CC)Cc1cc2c(cc1OCCOC)OCO2,0
P3_17162,CC(C)OCCc1cccc2c1OCO2,0
P3_17163,COc1c(C[C@@H](O)CC#N)cc2c(c1OC)OCO2,0
P3_17164,COc1c(C[C@H](O)CC#N)cc2c(c1OC)OCO2,0
P3_17165,C=C(CO)c1cc(OC)c2c(c1)OCO2,0
P3_17166,C=C(C)c1cc(OC)c2c(c1)OCO2,0
P3_17167,C=C(CN)c1cc(OC)c2c(c1)OCO2,0
P3_17168,C=C(c1cc(OC)c2c(c1)OCO2)C(C)(C)C,0
P3_17169,C=C(c1cc(OC)c2c(c1)OCO2)[C@@H](C)O,0
P3_17170,COC(=O)c1cc(Br)cc2c1OCO2,0
P3_17171,COc1cc2c(cc1CNCC(F)F)OCO2,1
P3_17172,[NH3+]Cc1cc(Br)cc2c1OCO2,0
P3_17173,COc1cc(C(=O)NCCO)c(OC)c2c1OCO2,0
P3_17174,C=CCCCCOc1cc(Cl)c2c(c1)OCO2,1
P3_17175,CCC=Cc1cc(OC)c2c(c1)OCO2,0
P3_17176,C=CCCOc1cc(Cl)c2c(c1)OCO2,0
P3_17177,C=C(COC)c1cc(OC)c2c(c1)OCO2,0
P3_17178,C=CCCCOc1cc(Cl)c2c(c1)OCO2,0
P3_17179,C=C(COC(C)C)c1cc(OC)c2c(c1)OCO2,0
P3_17180,C=C(COC)c1cc(Cl)c2c(c1)OCO2,0
P3_17181,CCOc1cc(Cl)c2c(c1)OCO2,0
P3_17182,COCCCOc1cc(Cl)c2c(c1)OCO2,0
P3_17183,C=C(CCOC(C)=O)c1cc(OC)c2c(c1)OCO2,0
P3_17184,CCCOc1cc(Cl)c2c(c1)OCO2,0
P3_17185,CC(C)=CCCOc1ccc2ccc(=O)oc2c1,1
P3_17186,CC(C)=CC[C@H](O)/C(C)=C/COc1ccc2ccc(=O)oc2c1,1
P3_17187,CC(C)=CC[C@@H](O)/C(C)=C/COc1ccc2ccc(=O)oc2c1,1
P3_17188,COCC(C)=CCOc1ccc2ccc(=O)oc2c1,1
P3_17189,CC(C)=C[C@H](O)C/C(C)=C/COc1ccc2ccc(=O)oc2c1,1
P3_17190,CC(C)=C[C@@H](O)C/C(C)=C/COc1ccc2ccc(=O)oc2c1,1
P3_17191,CC(C)=CCNC(=O)COc1ccc2ccc(=O)oc2c1,1
P3_17192,C/C(=C/COc1ccc2ccc(=O)oc2c1)CCC(=O)C(C)(C)O,1
P3_17193,C/C(=C\COc1ccc2ccc(=O)oc2c1)C/C=C/C(C)(C)O,1
P3_17194,C/C(=C\COc1ccc2ccc(=O)oc2c1)CCC(=O)C(C)(C)O,1
P3_17195,O=c1ccc2ccc(OC/C=C\Cl)cc2o1,1
P3_17196,O=c1ccc2ccc(OC/C=C/Cl)cc2o1,1
P3_17197,C=C(C)[C@H](O)CC/C(C)=C/COc1ccc2ccc(=O)oc2c1,1
P3_17198,C=C(C)[C@@H](O)CC/C(C)=C/COc1ccc2ccc(=O)oc2c1,1
P3_17199,C/C(=C\COc1ccc2ccc(=O)oc2c1)CC[C@@H](O)C(C)(C)O,1
P3_17200,C/C(=C\COc1ccc2ccc(=O)oc2c1)CC[C@H](O)C(C)(C)O,1
P3_17201,COC(C)(C)/C=C/C/C(C)=C/COc1ccc2ccc(=O)oc2c1,1
P3_17202,CC(C)=C(F)COc1ccc2ccc(=O)oc2c1,0
P3_17203,CC(Cl)=CCOC(=O)COc1ccc2ccc(=O)oc2c1,1
P3_17204,CCCCOc1ccc2ccc(=O)oc2c1,0
P3_17205,CC(C)(O)COc1ccc2ccc(=O)oc2c1,1
P3_17206,CCOCCOc1ccc2ccc(=O)oc2c1,1
P3_17207,CC(C)=CCOc1ccc2c(C(F)(F)F)cc(=O)oc2c1,1
P3_17208,CCC(C)=CCOC(=O)COc1ccc2ccc(=O)oc2c1,1
P3_17209,CC(C)=CCOc1ccc2c(C)c(C)c(=O)oc2c1,1
P3_17210,O=c1ccc2ccc(OCCCO)cc2o1,1
P3_17211,COC(=O)COc1ccc2ccc(=O)oc2c1,1
P3_17212,C=C(CC)COc1ccc2ccc(=O)oc2c1,1
P3_17213,CCOCCCOc1ccc2ccc(=O)oc2c1,1
P3_17214,CC(=O)CCCCCOc1ccc2ccc(=O)oc2c1,1
P3_17215,CC(C)=CCC[C@@H](C)NC(=O)COc1ccc2ccc(=O)oc2c1,1
P3_17216,CC(C)=CCC[C@H](C)NC(=O)COc1ccc2ccc(=O)oc2c1,1
P3_17217,COCCCOc1ccc2ccc(=O)oc2c1,1
P3_17218,COCCCCOc1ccc2ccc(=O)oc2c1,0
P3_17219,NC(=O)COc1ccc2ccc(=O)oc2c1,0
P3_17220,CC[C@@H](O)COc1ccc2ccc(=O)oc2c1,1
P3_17221,CC(C)(C)C(=O)COc1ccc2ccc(=O)oc2c1,1
P3_17222,CC[C@H](O)COc1ccc2ccc(=O)oc2c1,1
P3_17223,CC(C)[C@H](O)COc1ccc2ccc(=O)oc2c1,1
P3_17224,O=c1ccc2ccc(OC/C(Cl)=C\Cl)cc2o1,0
P3_17225,CC(C)C(=O)COc1ccc2ccc(=O)oc2c1,1
P3_17226,CC(C)[C@@H](O)COc1ccc2ccc(=O)oc2c1,1
P3_17227,CNC(=O)COc1ccc2ccc(=O)oc2c1,0
P3_17228,CN(C)C(=O)COc1ccc2ccc(=O)oc2c1,0
P3_17229,CC(C)(O)CCOc1ccc2ccc(=O)oc2c1,1
P3_17230,C[C@H](O)CCOc1ccc2ccc(=O)oc2c1,1
P3_17231,C[C@H](CO)COc1ccc2ccc(=O)oc2c1,1
P3_17232,C[C@@H](CO)COc1ccc2ccc(=O)oc2c1,1
P3_17233,O=c1ccc2ccc(OC/C(Cl)=C/Cl)cc2o1,0
P3_17234,C[Si](C)(C)COc1ccc2ccc(=O)oc2c1,0
P3_17235,C[C@@H](O)CCOc1ccc2ccc(=O)oc2c1,1
P3_17236,C=C(Cl)COc1ccc2ccc(=O)oc2c1,1
P3_17237,CCCCCCOc1ccc2ccc(=O)oc2c1,1
P3_17238,CCCCCCCCOc1ccc2ccc(=O)oc2c1,1
P3_17239,C=C(Br)COc1ccc2ccc(=O)oc2c1,1
P3_17240,COCCCCCOc1ccc2ccc(=O)oc2c1,1
P3_17241,CC(C)CCOc1ccc2ccc(=O)oc2c1,0
P3_17242,COC(C)(C)CCOc1ccc2ccc(=O)oc2c1,1
P3_17243,C[C@H](O)CCCOc1ccc2ccc(=O)oc2c1,1
P3_17244,C[C@@H](O)CCCOc1ccc2ccc(=O)oc2c1,1
P3_17245,CC(C)(C)OCCOc1ccc2ccc(=O)oc2c1,0
P3_17246,CSCCCOc1ccc2ccc(=O)oc2c1,1
P3_17247,CC(C)OCCOc1ccc2ccc(=O)oc2c1,1
P3_17248,CO[C@H](C)COc1ccc2ccc(=O)oc2c1,0
P3_17249,CC[C@@H](C)COc1ccc2ccc(=O)oc2c1,1
P3_17250,CO[C@@H](C)COc1ccc2ccc(=O)oc2c1,0
P3_17251,CC(C)CCCOc1ccc2ccc(=O)oc2c1,0
P3_17252,CC(C)(C)SCOc1ccc2ccc(=O)oc2c1,1
P3_17253,CSC[C@@H](O)COc1ccc2ccc(=O)oc2c1,1
P3_17254,CC(C)[C@@H](O)CCOc1ccc2ccc(=O)oc2c1,1
P3_17255,CSC[C@H](O)COc1ccc2ccc(=O)oc2c1,1
P3_17256,CC(C)[C@H](O)CCOc1ccc2ccc(=O)oc2c1,1
P3_17257,CC(C)(C)OCCCCOc1ccc2ccc(=O)oc2c1,0
P3_17258,CC(C)(C)OCCCOc1ccc2ccc(=O)oc2c1,1
P3_17259,CC(C)OCCCOc1ccc2ccc(=O)oc2c1,1
P3_17260,CC[NH+](CC)CCOc1ccc2ccc(=O)oc2c1,1
P3_17261,CCCCOCCOc1ccc2ccc(=O)oc2c1,1
P3_17262,CCC(F)(F)COc1ccc2ccc(=O)oc2c1,1
P3_17263,CC(C)CC[C@H](O)COc1ccc2ccc(=O)oc2c1,1
P3_17264,CCOC[C@H](O)COc1ccc2ccc(=O)oc2c1,1
P3_17265,CCOC[C@@H](O)COc1ccc2ccc(=O)oc2c1,1
P3_17266,CC(C)CC[C@@H](O)COc1ccc2ccc(=O)oc2c1,1
P3_17267,[NH3+]CCCCCCCOc1ccc2ccc(=O)oc2c1,1
P3_17268,CO[C@H](C)CCOc1ccc2ccc(=O)oc2c1,0
P3_17269,CO[C@@H](C)CCOc1ccc2ccc(=O)oc2c1,0
P3_17270,CC(F)(F)CCCOc1ccc2ccc(=O)oc2c1,0
P3_17271,CCO[C@H](C)COc1ccc2ccc(=O)oc2c1,1
P3_17272,CCO[C@@H](C)COc1ccc2ccc(=O)oc2c1,1
P3_17273,CC[C@@H](COc1ccc2ccc(=O)oc2c1)OC,1
P3_17274,CC[C@H](COc1ccc2ccc(=O)oc2c1)OC,1
P3_17275,CC(C)(C)SCCOc1ccc2ccc(=O)oc2c1,1
P3_17276,CC(C)SCCOc1ccc2ccc(=O)oc2c1,0
P3_17277,CC(=O)NCCOc1ccc2ccc(=O)oc2c1,1
P3_17278,CCCC(=O)COc1ccc2ccc(=O)oc2c1,1
P3_17279,CCOC(=O)COc1ccc2ccc(=O)oc2c1,0
P3_17280,CCNC(=O)COc1ccc2ccc(=O)oc2c1,0
P3_17281,COCCC(=O)COc1ccc2ccc(=O)oc2c1,1
P3_17282,O=c1ccc2ccc(OCCC(F)(F)F)cc2o1,1
P3_17283,C=CCCC(=O)COc1ccc2ccc(=O)oc2c1,1
P3_17284,N#CCCCOc1ccc2ccc(=O)oc2c1,1
P3_17285,CC[C@H](C)Oc1ccc2ccc(=O)oc2c1,0
P3_17286,CC[C@@H](C)Oc1ccc2ccc(=O)oc2c1,0
P3_17287,CC(C)[C@@H](C)Oc1ccc2ccc(=O)oc2c1,1
P3_17288,CC(C)[C@H](C)Oc1ccc2ccc(=O)oc2c1,1
P3_17289,COC[C@@H](C)Oc1ccc2ccc(=O)oc2c1,0
P3_17290,CCC=CCOc1ccc2ccc(=O)oc2c1,1
P3_17291,CC(=CCO)COc1ccc2ccc(=O)oc2c1,0
P3_17292,CC(C)=C(Br)COc1ccc2ccc(=O)oc2c1,0
P3_17293,CC(O)COc1ccc2ccc(=O)oc2c1,1
P3_17294,CC(C)=C(C)COC(=O)COc1ccc2ccc(=O)oc2c1,1
P3_17295,CCCCCOc1ccc2ccc(=O)oc2c1,0
P3_17296,C=C(F)COc1ccc2ccc(=O)oc2c1,1
P3_17297,CCC(O)COc1ccc2ccc(=O)oc2c1,1
P3_17298,COc1ccc2nc(N(C)C)nc(C)c2c1,1
P3_17299,COc1ccc2nc(N(C)C(C)C)nc(C)c2c1,1
P3_17300,COc1ccc2nc(N(C)C(C)(C)C)nc(C)c2c1,1
P3_17301,COc1ccc2nc(N(C)CC[NH3+])nc(C)c2c1,1
P3_17302,COc1ccc2nc(C)nc(N(C)CC(C)C)c2c1,1
P3_17303,COc1ccc2nc(C)nc(N(C)CCO)c2c1,1
P3_17304,COc1cc2nc(N)nc(N)c2cc1OC,1
P3_17305,COc1ccc2nc(C)nc(N(C)C[C@@H](C)O)c2c1,1
P3_17306,COc1ccc2nc(C)nc(N(C)C[C@H](C)O)c2c1,1
P3_17307,COc1ccc2nc(N(C)C)ncc2c1,1
P3_17308,COCCc1ccc2nc(N)ncc2c1,1
P3_17309,Cc1ccc2nc(N(C)C)nc(N)c2c1,0
P3_17310,COc1ccc2c(N)nc(N)nc2c1OC,1
P3_17311,Cc1ccc2nc(C(Cl)(Cl)Cl)nc(N)c2c1,1
P3_17312,CC(C)Cc1ccc2nc(N)ncc2c1,0
P3_17313,COc1cc2nc(N(C)[C@H](C)C(C)C)nc(N)c2cc1OC,1
P3_17314,COc1cc2nc(N(C)[C@@H](C)C(C)C)nc(N)c2cc1OC,1
P3_17315,CCCCc1ccc2nc(N)ncc2c1,0
P3_17316,CC[C@H](C)c1ccc2nc(N)ncc2c1,1
P3_17317,CC[C@@H](C)c1ccc2nc(N)ncc2c1,1
P3_17318,COc1cc2nc(N(C)[C@@H](C)C(C)(C)C)nc(N)c2cc1OC,1
P3_17319,COc1cc2nc(N(C)[C@H](C)C(C)(C)C)nc(N)c2cc1OC,1
P3_17320,COc1cc2nc(CCC(C)(C)C)nc(N)c2cc1OC,1
P3_17321,COc1cc2nc(NCCCC(C)C)nc(N)c2cc1OC,1
P3_17322,COc1cc2nc(NCC(C)C)nc(N)c2cc1OC,1
P3_17323,COc1cc2nc(NCC(C)(C)C)nc(N)c2cc1OC,1
P3_17324,COc1cc2nc(N(C)CCO)nc(N)c2cc1OC,1
P3_17325,COc1cc2nc(N(C)CC(C)C)nc(N)c2cc1OC,1
P3_17326,COc1cc2nc(N(C)CC(C)(C)C)nc(N)c2cc1OC,1
P3_17327,COc1cc2nc(NCC=C(C)C)nc(N)c2cc1OC,1
P3_17328,COc1cc2nc(NCCC(C)C)nc(N)c2cc1OC,1
P3_17329,COc1cc2nc(NCC(C)(C)O)nc(N)c2cc1OC,1
P3_17330,CNc1nc(C)nc2ccc(OC)cc12,1
P3_17331,C=Cc1nc(C)nc2ccc(OC)cc12,1
P3_17332,C=Cc1nc(C)c2ccc(OC)cc2n1,1
P3_17333,COc1ccc2nc(C)nc(NCCO)c2c1,0
P3_17334,COc1ccc2nc(C)nc(NCCF)c2c1,1
P3_17335,CNc1ncnc2c(OC)cc(OC)cc12,1
P3_17336,C=C(C)c1ccc2ncnc(OC)c2c1,1
P3_17337,CNc1ncnc2cc(C(=O)OC)ccc12,1
P3_17338,CNc1ncnc2cc(F)c(OC)cc12,1
P3_17339,COc1cccc2cnc(N(C)C)nc12,1
P3_17340,COc1cc(O)ccc1C=CC(=O)c1ccccc1,1
P3_17341,COc1cc(O)ccc1C=CC(=O)c1c(O)cc(F)cc1F,1
P3_17342,COc1ccc(C(=O)C=Cc2cc(O)cc(F)c2)cc1O,1
P3_17343,COc1cc(C=CC(=O)c2ccc(O)cc2O)ccc1F,1
P3_17344,COc1cc(C(=O)C=Cc2cc(O)cc(F)c2)ccc1O,1
P3_17345,COc1cc(O)ccc1C=CC(=O)c1ccccc1I,1
P3_17346,COc1cc(O)ccc1C=CC(=O)c1ccc(O)cc1,1
P3_17347,COc1cc(C(=O)C=Cc2ccc(O)cc2OC)ccc1O,1
P3_17348,O=C(C=Cc1cccc(O)c1)c1ccccc1O,1
P3_17349,COc1cc(C(=O)C=Cc2cccc(O)c2)ccc1S(C)(=O)=O,1
P3_17350,COc1cc(C=CC(=O)c2cc(O)ccc2O)ccc1F,1
P3_17351,COc1ccc(C(=O)C=Cc2cc(O)cc(F)c2)cc1F,0
P3_17352,COc1cc(C(=O)C=Cc2cc(O)cc(F)c2)ccc1F,1
P3_17353,COc1cc(O)ccc1C=CC(=O)c1ccc(OC)c(OC)c1,1
P3_17354,COc1ccc(C=CC(=O)c2cccc(O)c2)cc1F,0
P3_17355,COc1cc(C=CC(=O)c2cccc(O)c2)ccc1F,1
P3_17356,COc1cc(O)ccc1C=CC(=O)c1cccc(Br)c1,1
P3_17357,COc1cc(O)ccc1C=CC(=O)c1ccc(O)c(F)c1,1
P3_17358,COc1cc(C(=O)C=Cc2ccc(O)cc2)ccc1S(C)(=O)=O,1
P3_17359,COc1cc(O)ccc1C=CC(=O)c1cc(F)cc(F)c1,1
P3_17360,COc1cc(O)ccc1C=CC(=O)c1ccc(Br)cc1,1
P3_17361,COc1ccc(C(=O)C=Cc2cccc(C(=O)O)c2)cc1O,1
P3_17362,COc1ccc(C=CC(=O)c2ccccc2F)cc1O,1
P3_17363,COc1ccc(C=CC(=O)c2ccccc2I)cc1O,1
P3_17364,COc1ccc(C=CC(=O)c2c(F)cccc2Cl)cc1O,1
P3_17365,COc1ccc(C(=O)C=Cc2ccc(O)cc2)cc1F,0
P3_17366,COc1ccc(C(=O)C=Cc2ccc(C(=O)O)cc2)cc1OC,1
P3_17367,COc1ccccc1C=CC(=O)c1ccc(C)cc1O,1
P3_17368,COCc1cccc(C=CC(=O)c2cc(O)ccc2OC)c1,1
P3_17369,COc1ccc(C=CC(=O)c2cccc(C)c2)cc1O,1
P3_17370,COc1cc(C=CC(=O)c2cc(C)cc(C)c2)ccc1O,0
P3_17371,COc1ccc(C)cc1C(=O)C=Cc1ccc(C(=O)O)cc1,0
P3_17372,COc1cc(C)c(C(=O)C=Cc2ccc(C(=O)O)cc2)cc1OC,0
P3_17373,COc1cccc(C=CC(=O)c2cc(OC)ccc2O)c1,1
P3_17374,COc1cc(C=CC(=O)c2ccc(C)cc2)ccc1O,1
P3_17375,Cc1ccccc1C(=O)C=Cc1cccc(O)c1,1
P3_17376,COc1cc(C(=O)C=Cc2cccc(C#N)c2)ccc1O,1
P3_17377,COc1ccc(C(=O)C=Cc2cccc(C#N)c2)cc1O,1
P3_17378,COc1cc(C=CC(=O)c2cccc(Cl)c2)ccc1O,1
P3_17379,COc1ccc(C(=O)C=Cc2ccc(O)c(C(=O)O)c2)cc1OC,1
P3_17380,COc1ccc(C(=O)C=Cc2cccc(C(=O)O)c2)cc1C,1
P3_17381,COc1ccc(C=CC(=O)c2cccc(O)c2)cc1Br,1
P3_17382,COc1ccc(C=CC(=O)c2cccc(Cl)c2)cc1O,1
P3_17383,COc1ccc(C=CC(=O)c2ccc(O)cc2)cc1F,1
P3_17384,COc1ccc(C=CC(=O)c2cc(O)ccc2OC)cc1C,1
P3_17385,COc1cc(C=CC(=O)c2cc(Cl)cc(Cl)c2)ccc1O,1
P3_17386,COc1cc(C=CC(=O)c2ccc(Cl)cc2)ccc1O,1
P3_17387,COc1ccc(C=CC(=O)c2ccc(O)cc2)cc1Br,1
P3_17388,CCOc1cccc(C=CC(=O)c2ccc(O)c(OC)c2)c1,1
P3_17389,COc1ccc(C=CC(=O)c2cc(C)ccc2O)cc1F,0
P3_17390,COc1ccc(C(=O)C=Cc2cccc(C(=O)O)c2)cc1Br,1
P3_17391,COc1ccc(C=CC(=O)c2cc(C)ccc2F)cc1O,1
P3_17392,COc1ccc(C(=O)C=Cc2cc(O)cc(F)c2)cc1Br,1
P3_17393,COc1cc(C)ccc1C(=O)C=Cc1ccc(O)c(C(=O)O)c1,1
P3_17394,COc1cc(O)ccc1C=CC(=O)c1ccccc1C#N,1
P3_17395,COc1ccc(O)cc1C(=O)C=Cc1cccc(C#N)c1,1
P3_17396,Cc1cc(O)ccc1C(=O)C=Cc1cccc(O)c1,1
P3_17397,COc1cc(OC)c(C(=O)C=Cc2cc(O)cc(F)c2)cc1Cl,1
P3_17398,COc1cc(Br)ccc1C=CC(=O)c1cc(O)ccc1O,1
P3_17399,COc1ccc(O)cc1C(=O)C=Cc1ccccc1C#N,0
P3_17400,N#Cc1ccccc1C(=O)C=Cc1cccc(O)c1,1
P3_17401,COc1ccc(O)cc1C(=O)C=Cc1cccc(OC)c1F,1
P3_17402,COc1ccc(O)cc1C(=O)C=Cc1cc(O)ccc1Br,0
P3_17403,COc1c(O)cccc1C=CC(=O)c1cccc(O)c1,1
P3_17404,Cc1cc(O)ccc1C(=O)C=Cc1ccc(O)cc1,1
P3_17405,COc1ccc(O)cc1C(=O)C=Cc1cccc(F)c1F,0
P3_17406,COCCOc1ccccc1C=CC(=O)c1cccc(O)c1,1
P3_17407,CCOc1ccccc1C=CC(=O)c1cccc(O)c1,1
P3_17408,COc1ccc(O)cc1C(=O)C=Cc1cc(F)ccc1F,1
P3_17409,COc1ccc(O)cc1C(=O)C=Cc1cccc(Cl)c1F,1
P3_17410,O=C(C=Cc1ccc(F)cc1)c1cc(O)ccc1O,1
P3_17411,Cc1cc(O)ccc1C(=O)C=Cc1cc(O)cc(F)c1,1
P3_17412,COc1ccc(O)cc1C(=O)C=Cc1cc(F)ccc1C,0
P3_17413,COc1ccc(O)cc1C(=O)C=Cc1cc(C)ccc1F,0
P3_17414,COc1ccc(O)cc1C(=O)C=Cc1cccc(OC)c1OC(C)C,1
P3_17415,O=C(C=Cc1cccc(F)c1)c1cccc(O)c1,1
P3_17416,COc1ccc(OC)c(C(=O)C=Cc2cc(O)ccc2Br)c1,0
P3_17417,COc1ccc(O)cc1C(=O)C=Cc1cc(Cl)ccc1F,1
P3_17418,O=C(C=Cc1ccc(O)c(F)c1)c1cccc(O)c1,1
P3_17419,O=C(C=Cc1ccccc1OC(F)F)c1cccc(O)c1,1
P3_17420,Cc1cc(O)ccc1C(=O)C=Cc1ccccc1OCC#N,1
P3_17421,COc1c(O)cccc1C=CC(=O)c1ccccc1C#N,1
P3_17422,C=CCOc1ccccc1C=CC(=O)c1cccc(O)c1,1
P3_17423,CSc1ccccc1C(=O)C=Cc1ccc(O)c(CO)c1,1
P3_17424,CCc1cc(OC)ccc1C=CC(=O)c1cccc(O)c1,1
P3_17425,Cc1cc(O)ccc1C(=O)C=Cc1ccc(O)c(Br)c1,1
P3_17426,Cc1cc(O)ccc1C(=O)C=Cc1ccc(O)c(Cl)c1,1
P3_17427,CCCN(CCC)S(=O)(=O)c1ccc(NC(=O)c2ccco2)cc1,0
P3_17428,CCCCN(C)S(=O)(=O)c1ccc(NC(=O)c2ccco2)cc1,1
P3_17429,CCN(CC)S(=O)(=O)c1ccc(NC(=O)c2ccco2)cc1,0
P3_17430,CCCCN(CCCC)C(=O)Nc1ccc(NC(=O)c2ccco2)cc1,0
P3_17431,CCCCN(C)C(=O)Nc1ccc(NC(=O)c2ccco2)cc1,1
P3_17432,CN(C)S(=O)(=O)c1ccc(NC(=O)c2ccco2)cc1,1
P3_17433,CCCCN(CC)C(=O)Nc1ccc(NC(=O)c2ccco2)cc1,0
P3_17434,CCCCNS(=O)(=O)c1ccc(NC(=O)c2ccco2)cc1,1
P3_17435,CN(CCO)S(=O)(=O)c1ccc(NC(=O)c2ccco2)cc1,0
P3_17436,CCS(=O)(=O)c1ccc(NC(=O)c2ccco2)cc1,0
P3_17437,CCCCN(C)c1ccc(NC(=O)c2ccco2)cc1,1
P3_17438,CCCCN(OC)C(=O)Nc1ccc(NC(=O)c2ccco2)cc1,0
P3_17439,CCCCN(CCO)C(=O)Nc1ccc(NC(=O)c2ccco2)cc1,0
P3_17440,CCCCN(CCCO)C(=O)Nc1ccc(NC(=O)c2ccco2)cc1,0
P3_17441,CC(C)N(C)S(=O)(=O)c1ccc(NC(=O)c2ccco2)cc1,1
P3_17442,CCCCN(C)S(=O)(=O)c1cccc(NC(=O)c2ccco2)c1,1
P3_17443,CCCCS(=O)(=O)CC(=O)Nc1ccc(NC(=O)c2ccco2)cc1,0
P3_17444,CCCN(CCC)C(=O)Nc1ccc(NC(=O)c2ccco2)cc1,1
P3_17445,CCCCN(C)C(=O)NCc1ccc(NC(=O)c2ccco2)cc1,1
P3_17446,CCCCN(CCOC)C(=O)Nc1ccc(NC(=O)c2ccco2)cc1,0
P3_17447,CON(C)S(=O)(=O)c1ccc(NC(=O)c2ccco2)cc1,1
P3_17448,CCCCS(=O)(=O)Nc1ccc(NC(=O)c2ccco2)cc1,0
P3_17449,CCCNS(=O)(=O)c1ccc(NC(=O)c2ccco2)cc1,0
P3_17450,CNS(=O)(=O)c1ccc(NC(=O)c2ccco2)cc1,1
P3_17451,CCCCS(=O)(=O)Oc1ccc(NC(=O)c2ccco2)cc1,1
P3_17452,CCCCCS(=O)(=O)CC(=O)Nc1ccc(NC(=O)c2ccco2)cc1,0
P3_17453,CCCN(C)C(=O)Nc1ccc(NC(=O)c2ccco2)cc1,1
P3_17454,CCNS(=O)(=O)c1ccc(NC(=O)c2ccco2)cc1,0
P3_17455,CCCCC(=O)Nc1ccc(NC(=O)c2ccco2)cc1,0
P3_17456,CCCCCN(CCO)C(=O)Nc1ccc(NC(=O)c2ccco2)cc1,0
P3_17457,C=CCN(C)S(=O)(=O)c1ccc(NC(=O)c2ccco2)cc1,1
P3_17458,CCCN(CC)C(=O)Nc1ccc(NC(=O)c2ccco2)cc1,0
P3_17459,CCS(=O)(=O)N(C)c1ccc(NC(=O)c2ccco2)cc1,1
P3_17460,CCN(CC)S(=O)(=O)c1cccc(NC(=O)c2ccco2)c1,1
P3_17461,CCS(=O)(=O)CCN(C)C(=O)Nc1ccc(NC(=O)c2ccco2)cc1,0
P3_17462,CCCCN(CCCC)C(=O)Nc1cccc(NC(=O)c2ccco2)c1,1
P3_17463,CCCCCC(=O)Nc1ccc(NC(=O)c2ccco2)cc1,1
P3_17464,CCCCCCCc1ccc(NC(=O)c2ccco2)cc1,1
P3_17465,CCCCN(CCCO)C(=O)NCc1ccc(NC(=O)c2ccco2)cc1,1
P3_17466,CCCCS(=O)(=O)NCc1ccc(NC(=O)c2ccco2)cc1,0
P3_17467,CCCN(CCCO)C(=O)Nc1ccc(NC(=O)c2ccco2)cc1,1
P3_17468,CCCS(=O)(=O)Nc1ccc(NC(=O)c2ccco2)cc1,1
P3_17469,CCCCCCC(=O)Nc1ccc(NC(=O)c2ccco2)cc1,1
P3_17470,CCS(=O)(=O)N(C)CC(=O)Nc1ccc(NC(=O)c2ccco2)cc1,1
P3_17471,CCCN(CCO)C(=O)Nc1ccc(NC(=O)c2ccco2)cc1,0
P3_17472,CCCN(CCCN(C)C)C(=O)Nc1ccc(NC(=O)c2ccco2)cc1,0
P3_17473,CCCN(C)S(=O)(=O)NCc1ccc(NC(=O)c2ccco2)cc1,0
P3_17474,CCCCCS(=O)(=O)NCc1ccc(NC(=O)c2ccco2)cc1,1
P3_17475,CCCCCCN(C)CC(=O)Nc1ccc(NC(=O)c2ccco2)cc1,1
P3_17476,CCCCN(CC)C(=O)Nc1cccc(NC(=O)c2ccco2)c1,1
P3_17477,CCN(CC)S(=O)(=O)c1ccc([O-])c(NC(=O)c2ccco2)c1,0
P3_17478,CC(C)(C)S(=O)(=O)c1ccc(NC(=O)c2ccco2)cc1,1
P3_17479,CCCCN(C)S(=O)(=O)Cc1cccc(NC(=O)c2ccco2)c1,1
P3_17480,CCCN(CCC)C(=O)c1ccc(NC(=O)c2ccco2)cc1,0
P3_17481,CCCCCOc1ccc(NC(=O)c2ccco2)cc1,1
P3_17482,COCCCS(=O)(=O)c1ccc(NC(=O)c2ccco2)cc1,0
P3_17483,CN(CCS(C)(=O)=O)C(=O)Nc1ccc(NC(=O)c2ccco2)cc1,1
P3_17484,CCCN(CCN(C)C)C(=O)Nc1ccc(NC(=O)c2ccco2)cc1,1
P3_17485,CCN(CC)S(=O)(=O)NCc1ccc(NC(=O)c2ccco2)cc1,0
P3_17486,CCN(CCCO)C(=O)Nc1ccc(NC(=O)c2ccco2)cc1,0
P3_17487,CCCN(C)CC(=O)Nc1ccc(NC(=O)c2ccco2)cc1,1
P3_17488,CCN(CCCN(C)C)C(=O)Nc1ccc(NC(=O)c2ccco2)cc1,0
P3_17489,CCN(CCCCO)C(=O)Nc1ccc(NC(=O)c2ccco2)cc1,0
P3_17490,CCCCN(CCO)C(=O)Nc1cccc(NC(=O)c2ccco2)c1,1
P3_17491,CCCCN(OC)C(=O)Nc1cccc(NC(=O)c2ccco2)c1,1
P3_17492,CCCCN(CCCO)C(=O)Nc1cccc(NC(=O)c2ccco2)c1,1
P3_17493,CN(CCO)C(=O)Nc1ccc(NC(=O)c2ccco2)cc1,0
P3_17494,CCCN(CCC)C(=O)CCC(=O)Nc1ccc(NC(=O)c2ccco2)cc1,0
P3_17495,CCCS(=O)(=O)NCc1ccc(NC(=O)c2ccco2)cc1,0
P3_17496,CCCCN(CCCC)C(=O)c1cccc(NC(=O)c2ccco2)c1,1
P3_17497,CCN(CC)S(=O)(=O)c1ccc(O)c(NC(=O)c2ccco2)c1,0
P3_17498,CCN(CC)S(=O)(=O)c1cc(NC(=O)c2ccco2)ccc1C,0
P3_17499,CCCN(CC(F)(F)F)C(=O)Nc1ccc(NC(=O)c2ccco2)cc1,1
P3_17500,CCCCN(C)S(=O)(=O)c1ccc(NC(=O)c2ccc(C)o2)cc1,1
P3_17501,CN(CCCCCO)C(=O)Nc1ccc(NC(=O)c2ccco2)cc1,1
P3_17502,CCCCN(CCCC)C(=O)NCc1ccc(NC(=O)c2ccco2)cc1,0
P3_17503,CCCCN(CCOC)C(=O)NCc1ccc(NC(=O)c2ccco2)cc1,1
P3_17504,CCCCN(CC)C(=O)COc1ccc(NC(=O)c2ccco2)cc1,1
P3_17505,CCCN(CC(C)C)C(=O)Nc1ccc(NC(=O)c2ccco2)cc1,1
P3_17506,CCCN(CCC#N)C(=O)Nc1ccc(NC(=O)c2ccco2)cc1,0
P3_17507,CCC(CC)N(CC)C(=O)Nc1ccc(NC(=O)c2ccco2)cc1,0
P3_17508,CCOCCN(CC)C(=O)Nc1ccc(NC(=O)c2ccco2)cc1,1
P3_17509,CCCCN(CC)C(=O)Nc1ccc(NC(=O)c2ccco2)c(C)c1,1
P3_17510,CCC(C)N(CC)C(=O)Nc1ccc(NC(=O)c2ccco2)cc1,1
P3_17511,CCCN(CCC)C(=O)COc1ccc(NC(=O)c2ccco2)cc1,0
P3_17512,CCC(C)N(CCO)C(=O)Nc1ccc(NC(=O)c2ccco2)cc1,0
P3_17513,CCCCN(CC)C(=O)Nc1ccc(NC(=O)c2ccco2)c(Cl)c1,1
P3_17514,CCCCN(CCCO)C(=O)c1cccc(NC(=O)c2ccco2)c1,1
P3_17515,CCCCN(CCO)C(=O)c1cccc(NC(=O)c2ccco2)c1,1
P3_17516,CCCCN(CCCO)C(=O)Nc1ccc(NC(=O)c2ccco2)c(C)c1,1
P3_17517,CCC(C)CN(CC)C(=O)Nc1ccc(NC(=O)c2ccco2)cc1,1
P3_17518,CON(CCC(C)C)C(=O)Nc1ccc(NC(=O)c2ccco2)cc1,1
P3_17519,COCCN(CCF)C(=O)Nc1ccc(NC(=O)c2ccco2)cc1,0
P3_17520,CC(C)CN(CCN(C)C)C(=O)Nc1ccc(NC(=O)c2ccco2)cc1,1
P3_17521,CCCCN(CCOC)C(=O)c1cccc(NC(=O)c2ccco2)c1,1
P3_17522,CCCCN(CC(N)=O)C(=O)c1cccc(NC(=O)c2ccco2)c1,1
P3_17523,CCCN(CC)S(=O)(=O)Nc1ccc(NC(=O)c2ccco2)c(C)c1,1
P3_17524,COCCN(CC(C)C)C(=O)Nc1ccc(NC(=O)c2ccco2)cc1,0
P3_17525,CCCCCN(CCO)C(=O)c1cccc(NC(=O)c2ccco2)c1,1
P3_17526,CCCCN(CCCC)C(=O)c1ccc(C)c(NC(=O)c2ccco2)c1,1
P3_17527,CC(C)N(CCCO)C(=O)Nc1cccc(NC(=O)c2ccco2)c1,1
P3_17528,C=CCN(CCOC)C(=O)Nc1ccc(NC(=O)c2ccco2)cc1,0
P3_17529,CCN(CC(O)C(F)(F)F)C(=O)Nc1ccc(NC(=O)c2ccco2)cc1,1
P3_17530,C#CC(C)N(CCCC)C(=O)c1cccc(NC(=O)c2ccco2)c1,1
P3_17531,CCC(CC)N(CCOC)C(=O)NCc1ccc(NC(=O)c2ccco2)cc1,0
P3_17532,COCCN(CCC#N)C(=O)Nc1ccc(NC(=O)c2ccco2)cc1,0
P3_17533,C#CCCN(CCOC)C(=O)Nc1ccc(NC(=O)c2ccco2)cc1,0
P3_17534,C#CCN(CC(C)C)C(=O)Nc1ccc(NC(=O)c2ccco2)cc1,1
P3_17535,CCCCN(CCCO)C(=O)c1ccc(C)c(NC(=O)c2ccco2)c1,1
P3_17536,C=CCN(CCC#N)C(=O)Nc1ccc(NC(=O)c2ccco2)cc1,0
P3_17537,CCOC(=O)C(CC(C)C)Nc1ccc(NC(=O)c2ccco2)cc1,1
P3_17538,CCCN(CC(C)C)C(=O)Nc1ccc(NC(=O)c2ccco2)c(C)c1,1
P3_17539,CC(C)N(CCCO)C(=O)Nc1ccc(NC(=O)c2ccco2)c(Cl)c1,1
P3_17540,CCCN(CCC#N)C(=O)c1cccc(NC(=O)c2ccco2)c1,0
P3_17541,CCC(CC)N(CCO)C(=O)c1cccc(NC(=O)c2ccco2)c1,1
P3_17542,CCC(CC)N(CC)C(=O)c1cccc(NC(=O)c2ccco2)c1,1
P3_17543,C#CCN(CC)C(=O)Nc1ccc(NC(=O)c2ccco2)c(C)c1,1
P3_17544,C#CCN(CC)C(=O)Nc1ccc(NC(=O)c2ccco2)c(Cl)c1,1
P3_17545,COCCN(CCO)C(=O)c1cccc(NC(=O)c2ccco2)c1,1
P3_17546,COCCN(CCF)C(=O)Nc1ccc(NC(=O)c2ccco2)c(C)c1,0
P3_17547,COCCN(CCF)C(=O)c1cccc(NC(=O)c2ccco2)c1,1
P3_17548,COCCN(CCF)C(=O)Nc1ccc(NC(=O)c2ccco2)c(Cl)c1,1
P3_17549,CCC(C)(C)N(CCC#N)C(=O)c1cccc(NC(=O)c2ccco2)c1,1
P3_17550,C=CCN(CCOC)C(=O)c1cccc(NC(=O)c2ccco2)c1,1
P3_17551,C#CCCN(CCOC)C(=O)c1cccc(NC(=O)c2ccco2)c1,1
P3_17552,COCCN(CCC#N)C(=O)c1cccc(NC(=O)c2ccco2)c1,1
P3_17553,Cc1ccc(OC[C@H](O)Cn2c(=N)n(C)c3ccccc32)cc1,1
P3_17554,Cc1ccc(OC[C@@H](O)Cn2c(=N)n(C)c3ccccc32)cc1,1
P3_17555,CCCn1c(=O)n(CC(O)COc2cc(C)cc(C)c2)c2ccccc21,1
P3_17556,CCn1c(=O)n(CC(O)COc2cc(C)cc(C)c2)c2ccccc21,1
P3_17557,O=c1c(O)c(-c2cccc(O)c2)oc2ccccc12,1
P3_17558,O=c1c(O)c(-c2ccc(O)cc2)oc2ccccc12,1
P3_17559,O=c1c(O)c(-c2ccccc2)oc2ccc(O)cc12,1
P3_17560,O=c1c(O)c(-c2ccccc2)oc2ccccc12,1
P3_17561,O=c1c(O)c(-c2ccc(Br)cc2)oc2ccccc12,1
P3_17562,O=c1c(O)c(-c2ccc(Cl)cc2)oc2cc([O-])ccc12,1
P3_17563,O=c1c(O)c(-c2ccc(F)cc2)oc2ccc(Cl)cc12,1
P3_17564,O=c1c(O)c(-c2ccc(F)cc2)oc2cc(Cl)ccc12,1
P3_17565,COc1ccc(-c2oc3c(OC)c(O)cc(O)c3c(=O)c2OC)cc1,1
P3_17566,Cc1cc(O)c2c(=O)c(C)c(-c3ccc(O)cc3)oc2c1,1
P3_17567,Cc1ccc2oc(-c3ccc(Cl)c(Cl)c3)c(O)c(=O)c2c1,1
P3_17568,O=c1c(O)c(-c2ccc(F)cc2)oc2ccccc12,1
P3_17569,O=c1c(O)c(-c2ccc(Cl)cc2)oc2ccccc12,1
P3_17570,Cc1ccc(-c2oc3ccccc3c(=O)c2O)cc1,1
P3_17571,Cc1ccc2oc(-c3ccc(Cl)cc3)c(O)c(=O)c2c1,1
P3_17572,Cc1ccc2oc(-c3ccc(F)cc3)c(O)c(=O)c2c1,1
P3_17573,Cc1ccc2oc(-c3ccc(Br)cc3)c(O)c(=O)c2c1,1
P3_17574,Cc1cc2oc(-c3ccccc3)c(O)c(=O)c2cc1C,1
P3_17575,O=c1c(O)c(-c2ccccc2)oc2ccc(F)cc12,1
P3_17576,O=c1c(O)c(-c2ccccc2)oc2cc([O-])ccc12,1
P3_17577,O=c1c(O)c(-c2ccccc2)oc2ccc(Cl)cc12,1
P3_17578,Cc1ccc2oc(-c3ccc(C(=O)[O-])cc3)c(O)c(=O)c2c1,1
P3_17579,C[C@H]1C[C@H](C)CN(C(=O)c2ccc(Cl)cc2Cl)C1,1
P3_17580,C[C@@H]1C[C@H](C)CN(C(=O)c2ccc(Cl)cc2Cl)C1,1
P3_17581,C[C@@H]1C[C@@H](C)CN(C(=O)c2ccc(Cl)cc2Cl)C1,1
P3_17582,C[C@@H]1C[C@H](O)CN(C(=O)c2ccc(Cl)cc2Cl)C1,1
P3_17583,C[C@H]1C[C@H](N)CN(C(=O)c2ccc(Cl)cc2Cl)C1,1
P3_17584,CC1CC(C(=O)O)CN(C(=O)c2ccc(Cl)cc2Cl)C1,1
P3_17585,C[C@@H]1C[C@@H](CO)CN(C(=O)c2ccc(Cl)cc2Cl)C1,1
P3_17586,C[C@@H]1C[C@H](CO)CN(C(=O)c2ccc(Cl)cc2Cl)C1,1
P3_17587,C[C@H]1C[C@H](CO)CN(C(=O)c2ccc(Cl)cc2Cl)C1,1
P3_17588,C[C@H]1C[C@H](C(=O)[O-])CN(C(=O)c2ccc(Cl)cc2Cl)C1,1
P3_17589,C[C@@H]1C[C@@H](C(=O)[O-])CN(C(=O)c2ccc(Cl)cc2Cl)C1,1
P3_17590,C[C@@H]1C[C@H](C(=O)[O-])CN(C(=O)c2ccc(Cl)cc2Cl)C1,1
P3_17591,C[C@H]1C[C@@H](C(=O)[O-])CN(C(=O)c2ccc(Cl)cc2Cl)C1,1
P3_17592,C[C@H]1C[C@@H](CO)CN(C(=O)c2ccc(Cl)cc2Cl)C1,1
P3_17593,Cc1ccc(C(=O)N2CC(C)CC(C)C2)c(Cl)c1,0
P3_17594,Cc1ccc(C(=O)N2C[C@H](C)C[C@@H](C)C2)c(Cl)c1,0
P3_17595,Cc1ccc(C(=O)N2C[C@@H](C)C[C@H](C)C2)c(Cl)c1,0
P3_17596,C[C@H]1C[C@H](C)CN(C(=O)c2ccc(Cl)cc2O)C1,0
P3_17597,Cc1ccc(C(=O)N2C[C@H](C)C[C@H](C)C2)c(Cl)c1,0
P3_17598,C[C@@H]1C[C@@H](C)CN(C(=O)c2ccc(Cl)cc2O)C1,0
P3_17599,Cc1cc(Cl)ccc1C(=O)N1C[C@@H](C)C[C@H](C)C1,1
P3_17600,C[C@@H]1C[C@H](C)CN(C(=O)c2ccc(Cl)cc2O)C1,0
P3_17601,CC(=O)NC1CC(C)CN(C(=O)c2ccc(Cl)cc2Cl)C1,1
P3_17602,CC(=O)N[C@H]1C[C@H](C)CN(C(=O)c2ccc(Cl)cc2Cl)C1,1
P3_17603,C[C@@H]1C[C@H](C)CN(C(=O)c2ccc(N)cc2Cl)C1,0
P3_17604,C[C@@H]1C[C@@H](C)CN(C(=O)c2ccc(Cl)cc2N)C1,0
P3_17605,C[C@@H]1C[C@H](C)CN(C(=O)c2ccc(Br)cc2Cl)C1,0
P3_17606,C[C@@H]1C[C@@H](C)CN(C(=O)c2ccc(Br)cc2Cl)C1,0
P3_17607,C[C@H]1C[C@H](C)CN(C(=O)c2ccc(F)cc2Cl)C1,0
P3_17608,C[C@@H]1C[C@@H](C)CN(C(=O)c2ccc(F)cc2Cl)C1,0
P3_17609,C[C@@H]1C[C@H](C)CN(C(=O)c2ccc(F)cc2Cl)C1,0
P3_17610,C[C@H]1C[C@H](C)CN(C(=O)c2ccc(Cl)cc2N)C1,0
P3_17611,C[C@@H]1C[C@H](C)CN(C(=O)c2ccc(Cl)cc2N)C1,0
P3_17612,CC1CC(C)CN(C(=O)c2ccc(Cl)cc2N)C1,0
P3_17613,CC1CC(C)CN(C(=O)c2ccc(F)cc2Cl)C1,0
P3_17614,CC1CC(C)CN(C(=O)c2ccc(N)cc2Cl)C1,0
P3_17615,C[C@H]1C[C@H](C)CN(C(=O)c2ccc(N)cc2Cl)C1,0
P3_17616,C[C@@H]1C[C@@H](C)CN(C(=O)c2ccc(N)cc2Cl)C1,0
P3_17617,C[C@@H]1C[C@@H](C)CN(C(=O)c2ccc(Cl)cc2F)C1,0
P3_17618,C[C@H]1C[C@H](C)CN(C(=O)c2ccc(Cl)cc2F)C1,0
P3_17619,C[C@@H]1C[C@H](C)CN(C(=O)c2ccc(Cl)cc2F)C1,0
P3_17620,C[C@H]1C[C@H](C)CN(C(=O)c2ccc(Br)cc2Cl)C1,0
P3_17621,CC1CC(C)CN(C(=O)c2ccc(Br)cc2Cl)C1,0
P3_17622,CC1CC(C)CN(C(=O)c2ccc(C(=O)O)cc2Cl)C1,0
P3_17623,C[C@@H]1C[C@H](C)CN(C(=O)c2ccc(C(=O)O)cc2Cl)C1,0
P3_17624,CC1CC(C)CN(C(=O)c2ccc(Cl)cc2F)C1,0
P3_17625,C[C@H]1C[C@H](C)CN(C(=O)c2cc(Cl)ccc2O)C1,0
P3_17626,C[C@@H]1C[C@H](C)CN(C(=O)c2cc(Cl)ccc2O)C1,0
P3_17627,Cc1ccc(Cl)cc1C(=O)N1C[C@H](C)C[C@@H](C)C1,0
P3_17628,Cc1ccc(Cl)cc1C(=O)N1C[C@@H](C)C[C@H](C)C1,0
P3_17629,C[C@@H]1C[C@H](C)CN(C(=O)c2cc(Cl)ccc2F)C1,0
P3_17630,CC1CC(C)CN(C(=O)c2cc(Cl)ccc2F)C1,0
P3_17631,C[C@H]1C[C@H](C)CN(C(=O)c2cc(Cl)ccc2F)C1,0
P3_17632,C[C@@H]1C[C@@H](C)CN(C(=O)c2cc(Cl)ccc2F)C1,0
P3_17633,Cc1ccc(Cl)cc1C(=O)N1C[C@H](C)C[C@H](C)C1,0
P3_17634,C[C@@H]1C[C@@H](C)CN(C(=O)c2cc(Cl)ccc2O)C1,0
P3_17635,CC1CCCN(C(=O)c2ccc(Cl)cc2Cl)C1,0
P3_17636,C[C@@H]1CCCN(C(=O)c2ccc(Cl)cc2Cl)C1,0
P3_17637,C[C@H]1CCCN(C(=O)c2ccc(Cl)cc2Cl)C1,0
P3_17638,C[C@@H]1C[C@H](C)CN(C(=O)c2cc(Cl)ccc2N)C1,1
P3_17639,C[C@@H]1C[C@@H](C)CN(C(=O)c2cc(Cl)ccc2N)C1,1
P3_17640,C[C@H]1C[C@H](C)CN(C(=O)c2cc(Cl)ccc2N)C1,1
P3_17641,CC1CCN(C(=O)c2ccc(Cl)cc2Cl)CC1,0
P3_17642,C[C@H]1C[C@H](C)CN(C(=O)c2ccccc2Cl)C1,0
P3_17643,C[C@@H]1C[C@@H](C)CN(C(=O)c2ccccc2Cl)C1,0
P3_17644,C[C@@H]1C[C@H](C)CN(C(=O)c2ccccc2Cl)C1,0
P3_17645,CC1CC(C)CN(C(=O)c2ccccc2Cl)C1,0
P3_17646,C[C@@H]1CCN(C(=O)c2ccc(Cl)cc2Cl)C[C@@H]1C,0
P3_17647,C[C@@H]1CCN(C(=O)c2ccc(Cl)cc2Cl)C[C@H]1C,0
P3_17648,CC1CCN(C(=O)c2ccc(Cl)cc2Cl)CC1C,0
P3_17649,C[C@@H]1C[C@H](C)CN(C(=O)c2ccc(Cl)cc2)C1,0
P3_17650,CC1CC(C)CN(C(=O)c2ccc(Cl)cc2)C1,0
P3_17651,C[C@@H]1CC[C@@H](C)N(C(=O)c2ccc(Cl)cc2Cl)C1,1
P3_17652,C[C@@H]1CC[C@H](C)N(C(=O)c2ccc(Cl)cc2Cl)C1,1
P3_17653,C[C@H]1CC[C@H](C)N(C(=O)c2ccc(Cl)cc2Cl)C1,1
P3_17654,C[C@H]1CC[C@@H](C)N(C(=O)c2ccc(Cl)cc2Cl)C1,1
P3_17655,CC1CCC(C)N(C(=O)c2ccc(Cl)cc2Cl)C1,1
P3_17656,C[C@@H]1CCN(C(=O)c2ccc(Cl)cc2Cl)C[C@@H]1F,1
P3_17657,C[C@H]1CCN(C(=O)c2ccc(Cl)cc2Cl)C[C@@H]1F,1
P3_17658,C[C@@H]1CCN(C(=O)c2ccc(Cl)cc2Cl)C[C@H]1F,1
P3_17659,C[C@H]1CCN(C(=O)c2ccc(Cl)cc2Cl)C[C@H]1F,1
P3_17660,C[C@@H]1C[C@H](C)CN(C(=O)c2ccc(Cl)c(Cl)c2)C1,0
P3_17661,CC1CC(C)CN(C(=O)c2ccc(Cl)c(Cl)c2)C1,0
P3_17662,Cc1ccc(C(=O)N2C[C@H](C)C[C@H](C)C2)c(C)c1,0
P3_17663,Cc1ccc(C(=O)N2C[C@H](C)C[C@@H](C)C2)c(C)c1,0
P3_17664,Cc1ccc(C(=O)N2C[C@@H](C)C[C@H](C)C2)c(C)c1,0
P3_17665,CC1(C)CCN(C(=O)c2ccc(Cl)cc2Cl)CC1,1
P3_17666,CCC1CCN(C(=O)c2ccc(Cl)cc2Cl)CC1,0
P3_17667,C[C@H]1CCCN(C(=O)c2cc(Cl)ccc2Cl)C1,0
P3_17668,C[C@@H]1CCCN(C(=O)c2cc(Cl)ccc2Cl)C1,0
P3_17669,CC1CCCN(C(=O)c2cc(Cl)ccc2Cl)C1,0
P3_17670,CC[C@@H]1CCCN(C(=O)c2ccc(Cl)cc2Cl)C1,0
P3_17671,CC[C@H]1CCCN(C(=O)c2ccc(Cl)cc2Cl)C1,0
P3_17672,CCC1CCCN(C(=O)c2ccc(Cl)cc2Cl)C1,0
P3_17673,C[C@@H]1C[C@H](C)CN(C(=O)c2ccc(F)cc2I)C1,0
P3_17674,C[C@H]1C[C@H](C)CN(C(=O)c2ccc(F)cc2I)C1,0
P3_17675,C[C@@H]1C[C@@H](C)CN(C(=O)c2ccc(F)cc2I)C1,0
P3_17676,C[C@H]1C[C@H](C)CN(C(=O)c2ccc(F)cc2Br)C1,0
P3_17677,C[C@@H]1C[C@@H](C)CN(C(=O)c2ccc(F)cc2Br)C1,0
P3_17678,C[C@@H]1C[C@@H](C)CN(C(=O)c2cccc(F)c2Cl)C1,0
P3_17679,C[C@@H]1C[C@H](C)CN(C(=O)c2cccc(F)c2Cl)C1,0
P3_17680,C[C@H]1C[C@H](C)CN(C(=O)c2cccc(F)c2Cl)C1,0
P3_17681,C[C@@H]1C[C@H](C)CN(C(=O)c2ccc(F)cc2Br)C1,0
P3_17682,C[C@H]1CCCCN1C(=O)c1ccc(Cl)cc1Cl,0
P3_17683,CC1(C)CCCN(C(=O)c2ccc(Cl)cc2Cl)C1,0
P3_17684,C[C@H]1CCCN(C(=O)c2ccc(F)cc2Cl)C1,0
P3_17685,C[C@@H]1CCCN(C(=O)c2ccc(F)cc2Cl)C1,0
P3_17686,CC1CCCN(C(=O)c2ccc(F)cc2Cl)C1,0
P3_17687,C[C@@H]1CCCN(C(=O)c2ccc(Br)cc2Cl)C1,0
P3_17688,C[C@H]1CCCN(C(=O)c2ccc(Br)cc2Cl)C1,0
P3_17689,CC1CCCN(C(=O)c2ccc(Br)cc2Cl)C1,0
P3_17690,C[C@H]1CCCN(C(=O)c2ccc(Cl)cc2Br)C1,0
P3_17691,C[C@@H]1CCCN(C(=O)c2ccc(Cl)cc2Br)C1,0
P3_17692,C[C@@H]1CCCN(C(=O)c2ccc(I)cc2Cl)C1,0
P3_17693,CC1CCCN(C(=O)c2ccc(I)cc2Cl)C1,0
P3_17694,C[C@H]1CCCN(C(=O)c2ccc(I)cc2Cl)C1,0
P3_17695,CCC1(C)CCN(C(=O)c2ccc(Cl)cc2Cl)CC1,1
P3_17696,CC1CCCN(C(=O)c2ccc(Cl)cc2Cl)C1C,1
P3_17697,CC1CC(CO)CN(C(=O)c2ccc(Cl)cc2Cl)C1,1
P3_17698,CC1CC(C)CN(C(=O)c2ccc(Cl)cc2O)C1,0
P3_17699,CC1CC(C#N)CN(C(=O)c2ccc(Cl)cc2Cl)C1,1
P3_17700,CC1CC(C)CN(C(=O)c2cc(F)c(F)cc2Cl)C1,0
P3_17701,C[C@H]1C[C@H](N)CN(C(=O)c2ccc(Cl)cc2O)C1,1
P3_17702,C[C@@H]1C[C@H](O)CN(C(=O)c2ccc(F)cc2Cl)C1,0
P3_17703,C[C@H]1C[C@@H](O)CN(C(=O)c2ccc(Br)cc2Cl)C1,0
P3_17704,C[C@@H]1C[C@H](O)CN(C(=O)c2ccc(Br)cc2Cl)C1,0
P3_17705,C[C@@H]1C[C@H](O)CN(C(=O)c2ccc(Cl)cc2Br)C1,0
P3_17706,CC1CC(C)CN(C(=O)c2cc(O)ccc2Cl)C1,0
P3_17707,C[C@@H]1C[C@H](C)CN(C(=O)c2cc(O)ccc2Cl)C1,0
P3_17708,NC1CC(O)CN(C(=O)c2ccc(Cl)cc2Cl)C1,1
P3_17709,C[C@H]1C[C@H](N)CN(C(=O)c2ccc(Cl)cc2F)C1,0
P3_17710,C[C@H]1C[C@H](N)CN(C(=O)c2ccc(Br)cc2Cl)C1,0
P3_17711,C[C@H]1C[C@H](N)CN(C(=O)c2ccc(F)cc2Cl)C1,0
P3_17712,C[C@H]1C[C@H](N)CN(C(=O)c2ccc(Cl)cc2Br)C1,1
P3_17713,CO[C@H]1C[C@H](O)CN(C(=O)c2ccc(Cl)cc2Cl)C1,0
P3_17714,CO[C@@H]1C[C@@H](O)CN(C(=O)c2ccc(Cl)cc2Cl)C1,0
P3_17715,COC1CC(O)CN(C(=O)c2ccc(Cl)cc2Cl)C1,0
P3_17716,CC1CC(C)CN(C(=O)c2cc(Br)ccc2Cl)C1,0
P3_17717,C[C@@H]1C[C@H](C)CN(C(=O)c2cc(F)ccc2Cl)C1,1
P3_17718,CC1CC(C)CN(C(=O)c2cc(F)ccc2Cl)C1,1
P3_17719,C[C@@H]1C[C@H](C)CN(C(=O)c2cc(Br)ccc2Cl)C1,0
P3_17720,CC1CC(C)CN(C(=O)c2ccc(F)c(Cl)c2F)C1,0
P3_17721,CC1CC(C)CN(C(=O)c2ccc(Cl)c(N)c2Cl)C1,0
P3_17722,C[C@@H]1C[C@H](C)CN(C(=O)c2ccc(F)c(Cl)c2F)C1,0
P3_17723,CC1CC(C)CN(C(=O)c2cc(N)ccc2Cl)C1,0
P3_17724,C[C@@H]1C[C@H](C)CN(C(=O)c2cc(N)ccc2Cl)C1,0
P3_17725,C[C@H]1CN(C(=O)c2ccc(Cl)cc2Cl)CC[C@H]1O,0
P3_17726,C[C@@H]1CN(C(=O)c2ccc(Cl)cc2Cl)CC[C@@H]1O,0
P3_17727,C[C@@H]1CN(C(=O)c2ccc(Cl)cc2Cl)CC[C@H]1O,0
P3_17728,N[C@H]1C[C@H](F)CN(C(=O)c2ccc(Cl)cc2Cl)C1,0
P3_17729,C[C@H]1CN(C(=O)c2ccc(Cl)cc2Cl)CC[C@@H]1O,0
P3_17730,CC1CC(C)CN(C(=O)c2cc(Cl)c(Cl)cc2N)C1,0
P3_17731,C[C@@H]1C[C@H](C)CN(C(=O)c2cc(Cl)c(Cl)cc2N)C1,0
P3_17732,CO[C@H]1C[C@@H](F)CN(C(=O)c2ccc(Cl)cc2Cl)C1,1
P3_17733,CO[C@@H]1C[C@@H](F)CN(C(=O)c2ccc(Cl)cc2Cl)C1,1
P3_17734,C[C@H]1C[C@H](C)CN(C(=O)c2cc(F)c(F)cc2Cl)C1,0
P3_17735,C[C@@H]1C[C@H](C)CN(C(=O)c2cc(F)c(F)cc2Cl)C1,0
P3_17736,C[C@@H]1C[C@@H](C)CN(C(=O)c2cc(F)c(F)cc2Cl)C1,0
P3_17737,C[C@@H]1C[C@@H](C)CN(C(=O)c2ccc(Cl)cc2)C1,0
P3_17738,C[C@H]1C[C@H](C)CN(C(=O)c2ccc(Cl)cc2)C1,0
P3_17739,CC1CC(C)CN(C(=O)c2cc(Cl)ccc2OC(C)C)C1,0
P3_17740,C[C@@H]1C[C@@H](C)CN(C(=O)c2ccc(F)c(Cl)c2F)C1,0
P3_17741,C[C@H]1C[C@H](C)CN(C(=O)c2ccc(F)c(Cl)c2F)C1,0
P3_17742,C[C@@H]1C[C@@H](C)CN(C(=O)c2cc(F)ccc2Cl)C1,1
P3_17743,C[C@H]1C[C@H](C)CN(C(=O)c2cc(F)ccc2Cl)C1,1
P3_17744,C[C@@H]1C[C@@H](C)CN(C(=O)c2cc(Br)ccc2Cl)C1,0
P3_17745,C[C@H]1C[C@H](C)CN(C(=O)c2cc(Br)ccc2Cl)C1,0
P3_17746,C[C@@H]1C[C@H](C)CN(C(=O)c2cccc(Cl)c2)C1,0
P3_17747,CC1CC(C)CN(C(=O)c2cccc(Cl)c2)C1,0
P3_17748,C[C@H]1C[C@H](C)CN(C(=O)c2cccc(Cl)c2)C1,0
P3_17749,C[C@@H]1C[C@@H](C)CN(C(=O)c2cccc(Cl)c2)C1,0
P3_17750,CC1CC(C)CN(C(=O)c2cc(Cl)ccc2OC(F)F)C1,1
P3_17751,CC1CC(C)CN(C(=O)c2cc(Cl)cc(Cl)c2)C1,0
P3_17752,CCO[N-]C(=O)c1c[nH]c2c(C)cccc2c1=O,1
P3_17753,CCNC(=O)c1c[nH]c2c(C)cccc2c1=O,1
P3_17754,CCN(CC)C(=O)c1c[nH]c2c(C)cccc2c1=O,1
P3_17755,CCOCCNC(=O)c1c[nH]c2c(C)cccc2c1=O,0
P3_17756,CCCNC(=O)c1c[nH]c2c(C)cccc2c1=O,0
P3_17757,CCN(C)C(=O)c1c[nH]c2c(C)cccc2c1=O,1
P3_17758,CCOCCCNC(=O)c1c[nH]c2c(C)cccc2c1=O,1
P3_17759,CCOC(C)(C)CNC(=O)c1c[nH]c2c(C)cccc2c1=O,0
P3_17760,CCCN(CCC)C(=O)c1c[nH]c2c(C)cccc2c1=O,1
P3_17761,CNC(=O)c1c[nH]c2c(C)cccc2c1=O,0
P3_17762,COCCNC(=O)c1c[nH]c2c(C)cccc2c1=O,0
P3_17763,CCCCNC(=O)c1c[nH]c2c(C)cccc2c1=O,0
P3_17764,CCCN(C)C(=O)c1c[nH]c2c(C)cccc2c1=O,1
P3_17765,CC[C@H](C)NC(=O)c1c[nH]c2c(C)cccc2c1=O,1
P3_17766,CC[C@@H](C)NC(=O)c1c[nH]c2c(C)cccc2c1=O,1
P3_17767,CO[N-]C(=O)c1c[nH]c2c(C)cccc2c1=O,1
P3_17768,CCC(CC)(CC)CNC(=O)c1c[nH]c2c(C)cccc2c1=O,1
P3_17769,CCCN(CC)C(=O)c1c[nH]c2c(C)cccc2c1=O,1
P3_17770,CON(C)C(=O)c1c[nH]c2c(C)cccc2c1=O,1
P3_17771,CCNC(=O)c1c[nH]c2c(Cl)cccc2c1=O,1
P3_17772,CC[C@H](C)CO[N-]C(=O)c1c[nH]c2c(C)cccc2c1=O,1
P3_17773,CC[C@@H](C)CO[N-]C(=O)c1c[nH]c2c(C)cccc2c1=O,1
P3_17774,CC[C@@H](COC)NC(=O)c1c[nH]c2c(C)cccc2c1=O,0
P3_17775,CC[C@H](COC)NC(=O)c1c[nH]c2c(C)cccc2c1=O,0
P3_17776,CC[C@@H](C)N(C)C(=O)c1c[nH]c2c(C)cccc2c1=O,1
P3_17777,CC[C@H](CO)NC(=O)c1c[nH]c2c(C)cccc2c1=O,1
P3_17778,CC[C@@H](O)CNC(=O)c1c[nH]c2c(C)cccc2c1=O,0
P3_17779,CC[C@H](O)CNC(=O)c1c[nH]c2c(C)cccc2c1=O,0
P3_17780,CCCCCCNC(=O)c1c[nH]c2c(C)cccc2c1=O,0
P3_17781,COCCCNC(=O)c1c[nH]c2c(C)cccc2c1=O,0
P3_17782,CC[C@@H](CO)NC(=O)c1c[nH]c2c(C)cccc2c1=O,1
P3_17783,CCCCN(C)C(=O)c1c[nH]c2c(C)cccc2c1=O,0
P3_17784,CC[C@H](C)N(C)C(=O)c1c[nH]c2c(C)cccc2c1=O,1
P3_17785,CCC(O)(CC)CNC(=O)c1c[nH]c2c(C)cccc2c1=O,0
P3_17786,CCN(C)C(=O)c1c[nH]c2c(Cl)cccc2c1=O,1
P3_17787,C#CCNC(=O)c1c[nH]c2c(C)cccc2c1=O,0
P3_17788,CCCCN(CC)C(=O)c1c[nH]c2c(C)cccc2c1=O,1
P3_17789,CO[C@H](C)CNC(=O)c1c[nH]c2c(C)cccc2c1=O,0
P3_17790,CO[C@@H](C)CNC(=O)c1c[nH]c2c(C)cccc2c1=O,0
P3_17791,COCC[C@H](C)NC(=O)c1c[nH]c2c(C)cccc2c1=O,1
P3_17792,COCC[C@@H](C)NC(=O)c1c[nH]c2c(C)cccc2c1=O,1
P3_17793,COC(C)(C)CNC(=O)c1c[nH]c2c(C)cccc2c1=O,1
P3_17794,COC[C@@H](C)NC(=O)c1c[nH]c2c(C)cccc2c1=O,1
P3_17795,COC[C@H](C)NC(=O)c1c[nH]c2c(C)cccc2c1=O,1
P3_17796,CC[C@@](C)(O)CNC(=O)c1c[nH]c2c(C)cccc2c1=O,0
P3_17797,CC[C@](C)(O)CNC(=O)c1c[nH]c2c(C)cccc2c1=O,0
P3_17798,COCCCCNC(=O)c1c[nH]c2c(C)cccc2c1=O,0
P3_17799,CCC[C@@H](CC)NC(=O)c1c[nH]c2c(C)cccc2c1=O,1
P3_17800,CCC[C@H](CC)NC(=O)c1c[nH]c2c(C)cccc2c1=O,1
P3_17801,C=CCNC(=O)c1c[nH]c2c(C)cccc2c1=O,0
P3_17802,C=C(C)CNC(=O)c1c[nH]c2c(C)cccc2c1=O,0
P3_17803,CC#CCNC(=O)c1c[nH]c2c(C)cccc2c1=O,0
P3_17804,CC[C@H](O)CCNC(=O)c1c[nH]c2c(C)cccc2c1=O,0
P3_17805,CC[C@@H](O)CCNC(=O)c1c[nH]c2c(C)cccc2c1=O,0
P3_17806,CCC(C)(C)[C@@H](C)NC(=O)c1c[nH]c2c(C)cccc2c1=O,0
P3_17807,CC[C@H](C)CN(C)C(=O)c1c[nH]c2c(C)cccc2c1=O,1
P3_17808,CC[C@@H](C)CN(C)C(=O)c1c[nH]c2c(C)cccc2c1=O,1
P3_17809,COCCCN(C)C(=O)c1c[nH]c2c(C)cccc2c1=O,1
P3_17810,CCC[C@@H](O)CNC(=O)c1c[nH]c2c(C)cccc2c1=O,0
P3_17811,CC[C@H](C)C[C@@H](C)NC(=O)c1c[nH]c2c(C)cccc2c1=O,1
P3_17812,CCC[C@H](C)N(C)C(=O)c1c[nH]c2c(C)cccc2c1=O,1
P3_17813,CCC[C@@H](C)N(C)C(=O)c1c[nH]c2c(C)cccc2c1=O,1
P3_17814,CC[C@@H](CCO)NC(=O)c1c[nH]c2c(C)cccc2c1=O,1
P3_17815,CC[C@H](CCO)NC(=O)c1c[nH]c2c(C)cccc2c1=O,1
P3_17816,CCC(CC)(CO)CNC(=O)c1c[nH]c2c(C)cccc2c1=O,1
P3_17817,CC[C@@H](C)C[C@@H](C)NC(=O)c1c[nH]c2c(C)cccc2c1=O,1
P3_17818,COCCCCCNC(=O)c1c[nH]c2c(C)cccc2c1=O,1
P3_17819,CC[C@@H](C)C[C@H](C)NC(=O)c1c[nH]c2c(C)cccc2c1=O,1
P3_17820,CC[C@H](C)C[C@H](C)NC(=O)c1c[nH]c2c(C)cccc2c1=O,1
P3_17821,CCC[C@H](O)CNC(=O)c1c[nH]c2c(C)cccc2c1=O,0
P3_17822,CCC(C)(C)CCNC(=O)c1c[nH]c2c(C)cccc2c1=O,0
P3_17823,CCC(C)(C)[C@H](C)NC(=O)c1c[nH]c2c(C)cccc2c1=O,0
P3_17824,CSCCNC(=O)c1c[nH]c2c(C)cccc2c1=O,0
P3_17825,C=C(Br)CNC(=O)c1c[nH]c2c(C)cccc2c1=O,0
P3_17826,CC(C)NC(=O)c1c[nH]c2c(Cl)cccc2c1=O,1
P3_17827,CN(C)C(=O)c1c[nH]c2c(Cl)cccc2c1=O,1
P3_17828,CNC(=O)c1c[nH]c2c(Cl)cccc2c1=O,0
P3_17829,CCCCN(CCCO)C(=O)c1c[nH]c2c(C)cccc2c1=O,0
P3_17830,CCC[C@@H](CCO)NC(=O)c1c[nH]c2c(C)cccc2c1=O,1
P3_17831,CCC[C@H](CCO)NC(=O)c1c[nH]c2c(C)cccc2c1=O,1
P3_17832,CC[C@H](C)CN(CC)C(=O)c1c[nH]c2c(C)cccc2c1=O,1
P3_17833,CC[C@@H](C)CN(CC)C(=O)c1c[nH]c2c(C)cccc2c1=O,1
P3_17834,CCC[C@H](O)CCNC(=O)c1c[nH]c2c(C)cccc2c1=O,0
P3_17835,CCC[C@@H](O)CCNC(=O)c1c[nH]c2c(C)cccc2c1=O,0
P3_17836,CC[C@@H](C)[C@@H](O)CNC(=O)c1c[nH]c2c(C)cccc2c1=O,0
P3_17837,CCC[C@H](C)CCNC(=O)c1c[nH]c2c(C)cccc2c1=O,0
P3_17838,CCC[C@@H](C)CCNC(=O)c1c[nH]c2c(C)cccc2c1=O,0
P3_17839,CCC[C@@](C)(O)CNC(=O)c1c[nH]c2c(C)cccc2c1=O,0
P3_17840,CO[C@H](C)CCNC(=O)c1c[nH]c2c(C)cccc2c1=O,0
P3_17841,CO[C@@H](C)CCNC(=O)c1c[nH]c2c(C)cccc2c1=O,0
P3_17842,COC[C@H](C)CNC(=O)c1c[nH]c2c(C)cccc2c1=O,0
P3_17843,COC[C@@H](C)CNC(=O)c1c[nH]c2c(C)cccc2c1=O,0
P3_17844,COCCCCN(C)C(=O)c1c[nH]c2c(C)cccc2c1=O,1
P3_17845,CC[C@@H](C)[C@H](O)CNC(=O)c1c[nH]c2c(C)cccc2c1=O,0
P3_17846,CCC[C@](C)(O)CNC(=O)c1c[nH]c2c(C)cccc2c1=O,0
P3_17847,CC[C@H](C)[C@H](O)CNC(=O)c1c[nH]c2c(C)cccc2c1=O,0
P3_17848,CCCN(CC(C)C)C(=O)c1c[nH]c2c(C)cccc2c1=O,1
P3_17849,COC(C)(C)CCNC(=O)c1c[nH]c2c(C)cccc2c1=O,1
P3_17850,CC[C@H](C)[C@@H](O)CNC(=O)c1c[nH]c2c(C)cccc2c1=O,0
P3_17851,CCc1cccc2c(=O)c(C(=O)NCCOC)c[nH]c12,0
P3_17852,CCc1cccc2c(=O)c(C(=O)NCCO)c[nH]c12,0
P3_17853,CCOC(=O)Nc1c[nH]c2c(C)cccc2c1=O,1
P3_17854,Cc1cccc2c(=O)c(C(=O)NCCO)c[nH]c12,0
P3_17855,CCOC(=O)c1cn(C)c2ccccc2c1=O,1
P3_17856,COCCN(C)C(=O)c1c[nH]c2c(C)cccc2c1=O,0
P3_17857,Cc1cccc2c(=O)c(C(=O)NCC(C)C)c[nH]c12,0
P3_17858,CCOC(=O)c1cn(C)c2c(OC)cccc2c1=O,0
P3_17859,Cc1cccc2c(=O)c(C(=O)NCCF)c[nH]c12,0
P3_17860,CCOC(=O)c1cn(CC)c2c(Cl)cccc2c1=O,1
P3_17861,Cc1cccc2c(=O)c(C(=O)NCC(F)F)c[nH]c12,1
P3_17862,Cc1cccc2c(=O)c(C(=O)NCC(F)(F)F)c[nH]c12,1
P3_17863,CCOC(=O)c1cn(CC)c2c(F)cccc2c1=O,0
P3_17864,Cc1cccc2c(=O)c(C(=O)NC[C@H](C)O)c[nH]c12,0
P3_17865,Cc1cccc2c(=O)c(C(=O)NC[C@@H](C)O)c[nH]c12,0
P3_17866,Cc1cccc2c(=O)c(C(=O)NCCCF)c[nH]c12,1
P3_17867,C=CCN(C)C(=O)c1c[nH]c2c(C)cccc2c1=O,1
P3_17868,C=C(C)CN(C)C(=O)c1c[nH]c2c(C)cccc2c1=O,1
P3_17869,Cc1cccc2c(=O)c(C(=O)NC[C@@H](C)CO)c[nH]c12,0
P3_17870,Cc1cccc2c(=O)c(C(=O)NC[C@H](C)CO)c[nH]c12,0
P3_17871,C=C=CCNC(=O)c1c[nH]c2c(C)cccc2c1=O,0
P3_17872,CCOC(=O)c1cn(CCO)c2c(OC)cccc2c1=O,1
P3_17873,CCO[N-]C(=O)c1c[nH]c2c(C)cc(C)cc2c1=O,1
P3_17874,O=C([N-]OCC(F)F)c1c[nH]c2c(Cl)cccc2c1=O,1
P3_17875,O=C([N-]OCC(F)(F)F)c1c[nH]c2c(Cl)cccc2c1=O,0
P3_17876,C=CCNC(=O)c1c[nH]c2c(Cl)cccc2c1=O,1
P3_17877,CCO[N-]C(=O)c1c[nH]c2c(C)cc(F)cc2c1=O,1
P3_17878,CCOC(=O)c1cn(C)c2ccc(F)cc2c1=O,0
P3_17879,CCOC(=O)c1cn(C)c2cc(Br)ccc2c1=O,0
P3_17880,CCOC(=O)c1cn(C)c2cc(F)ccc2c1=O,0
P3_17881,CCNC(=O)c1c[nH]c2c(C)cc(C)cc2c1=O,0
P3_17882,CCOC(=O)c1cn(C)c2cc(F)c(F)cc2c1=O,0
P3_17883,CCO[N-]C(=O)c1c[nH]c2c(F)cc(F)cc2c1=O,1
P3_17884,CCNC(=O)c1c[nH]c2c(C)cc(F)cc2c1=O,0
P3_17885,CCN(C)C(=O)c1c[nH]c2c(C)cc(C)cc2c1=O,1
P3_17886,CCCO[N-]C(=O)c1c[nH]c2c(C)cc(C)cc2c1=O,1
P3_17887,CCN(C)C(=O)c1c[nH]c2c(C)cc(F)cc2c1=O,0
P3_17888,CCCNC(=O)c1c[nH]c2c(C)cc(F)cc2c1=O,0
P3_17889,CO[N-]C(=O)c1c[nH]c2c(C)cc(C)cc2c1=O,1
P3_17890,CCOC(=O)c1cn(C)c2cc(Cl)c(F)cc2c1=O,0
P3_17891,CCNC(=O)c1c[nH]c2c(F)cc(F)cc2c1=O,0
P3_17892,CCOC(=O)c1cn(CC)c2c([O-])cc(F)cc2c1=O,1
P3_17893,C#CCNC(=O)c1c[nH]c2c(C)cc(C)cc2c1=O,0
P3_17894,CO[N-]C(=O)c1c[nH]c2c(C)cc(F)cc2c1=O,1
P3_17895,CON(C)C(=O)c1c[nH]c2c(C)cc(F)cc2c1=O,1
P3_17896,CCCNC(=O)c1c[nH]c2c(F)cc(F)cc2c1=O,1
P3_17897,CCNC(=O)c1c[nH]c2cc(OC)ccc2c1=O,0
P3_17898,C#CCNC(=O)c1c[nH]c2c(C)cc(F)cc2c1=O,0
P3_17899,CCOC(=O)c1cn(C)c2c(Br)ccc(F)c2c1=O,0
P3_17900,C=CCNC(=O)c1c[nH]c2c(C)cc(F)cc2c1=O,0
P3_17901,CO[N-]C(=O)c1c[nH]c2c(F)cc(F)cc2c1=O,1
P3_17902,CCOC(=O)CNC(=O)c1c[nH]c2c(C)cccc2c1=O,1
P3_17903,CCOC(=O)[C@H](C)NC(=O)c1c[nH]c2c(C)cccc2c1=O,1
P3_17904,CCOC(=O)[C@@H](C)NC(=O)c1c[nH]c2c(C)cccc2c1=O,1
P3_17905,CCOC(=O)CCN(C)C(=O)c1c[nH]c2c(C)cccc2c1=O,1
P3_17906,CCOCCN(C)C(=O)c1c[nH]c2c(C)cccc2c1=O,1
P3_17907,CCOCCOCCN(C)C(=O)c1c[nH]c2c(C)cccc2c1=O,0
P3_17908,COC(=O)NCCNC(=O)c1c[nH]c2c(C)cccc2c1=O,0
P3_17909,CCN(CC(C)(C)C)C(=O)c1c[nH]c2c(C)cccc2c1=O,1
P3_17910,COC(=O)CCNC(=O)c1c[nH]c2c(C)cccc2c1=O,1
P3_17911,CCCCOCCNC(=O)c1c[nH]c2c(C)cccc2c1=O,1
P3_17912,CCN(CCC(=O)OC)C(=O)c1c[nH]c2c(C)cccc2c1=O,1
P3_17913,CC[S@](=O)CCNC(=O)c1c[nH]c2c(C)cccc2c1=O,0
P3_17914,CC[S@@](=O)CCNC(=O)c1c[nH]c2c(C)cccc2c1=O,0
P3_17915,COCCOCCNC(=O)c1c[nH]c2c(C)cccc2c1=O,1
P3_17916,CCOC(=O)CNC(=O)c1c[nH]c2c(C)c(F)ccc2c1=O,1
P3_17917,CCN(CCSC)C(=O)c1c[nH]c2c(C)cccc2c1=O,1
P3_17918,C#CCN(C)C(=O)c1c[nH]c2c(C)cccc2c1=O,1
P3_17919,COCCOCCN(C)C(=O)c1c[nH]c2c(C)cccc2c1=O,1
P3_17920,CCCC[C@H](C)N(C)C(=O)c1c[nH]c2c(C)cccc2c1=O,1
P3_17921,CCCC[C@@H](C)N(C)C(=O)c1c[nH]c2c(C)cccc2c1=O,1
P3_17922,COC(=O)CCCN(C)C(=O)c1c[nH]c2c(C)cccc2c1=O,1
P3_17923,CC[C@H](CSC)N(C)C(=O)c1c[nH]c2c(C)cccc2c1=O,1
P3_17924,CC[C@@H](CSC)N(C)C(=O)c1c[nH]c2c(C)cccc2c1=O,1
P3_17925,CSCCCNC(=O)c1c[nH]c2c(C)cccc2c1=O,0
P3_17926,CSCCN(C)C(=O)c1c[nH]c2c(C)cccc2c1=O,0
P3_17927,CCOC(=O)c1cn(CC(C)=O)c2c(OC)cccc2c1=O,1
P3_17928,CCOC(=O)c1cn(CCF)c2c(OC)cccc2c1=O,1
P3_17929,CSCCCCNC(=O)c1c[nH]c2c(C)cccc2c1=O,0
P3_17930,COCCCOCCN(C)C(=O)c1c[nH]c2c(C)cccc2c1=O,1
P3_17931,CCOC(=O)c1cc2cccc(Cl)c2[nH]c1=O,1
P3_17932,CCOC(=O)c1cc2c(Cl)cccc2[nH]c1=O,1
P3_17933,CCOC(=O)c1cn(CC(C)C)c2c(OC)cccc2c1=O,0
P3_17934,CCOC(=O)c1cn(C[Si](C)(C)C)c2c(OC)cccc2c1=O,1
P3_17935,CC(=O)NCCN(C)C(=O)c1c[nH]c2c(C)cccc2c1=O,1
P3_17936,CSCCCCCNC(=O)c1c[nH]c2c(C)cccc2c1=O,0
P3_17937,CCOC(=O)c1cn(CC(=O)CC)c2c(OC)cccc2c1=O,0
P3_17938,CSCCCN(C)C(=O)c1c[nH]c2c(C)cccc2c1=O,0
P3_17939,CCOC(=O)c1cn(CC(F)F)c2c(OC)cccc2c1=O,1
P3_17940,CCOC(=O)c1cn(CC#N)c2c(OC)cccc2c1=O,1
P3_17941,CCOCCNC(=O)c1c[nH]c2c(C)c(F)ccc2c1=O,0
P3_17942,CCOC(=O)c1cn(CC(=O)SC)c2c(OC)cccc2c1=O,1
P3_17943,CCOC(=O)c1cn(CC(=O)NC)c2c(OC)cccc2c1=O,0
P3_17944,CCOCCCNC(=O)c1c[nH]c2c(C)c(F)ccc2c1=O,0
P3_17945,CCOC(=O)c1cn(CCC(F)(F)F)c2c(OC)cccc2c1=O,1
P3_17946,CCOC(=O)c1cn(CC(=O)C(F)F)c2c(OC)cccc2c1=O,1
P3_17947,CCCNC(=O)c1c[nH]c2c(C)c(F)ccc2c1=O,0
P3_17948,CC[NH+](CC)CCCNc1nc(-c2ccc(Cl)cc2)nc2ccccc12,1
P3_17949,CCOCCCNc1nc(-c2ccc(Cl)cc2)nc2ccccc12,1
P3_17950,C[NH+](C)CCCNc1nc(-c2ccc(Cl)cc2)nc2ccccc12,1
P3_17951,COCCCNc1nc(-c2ccc(Cl)cc2)nc2ccccc12,1
P3_17952,C[NH+](C)CCNc1nc(-c2ccc(Cl)cc2)nc2ccccc12,1
P3_17953,COCCNc1nc(-c2ccc(Cl)cc2)nc2ccccc12,1
P3_17954,CCOCCCNc1nc(-c2ccccc2)nc2ccccc12,1
P3_17955,CC[NH+](CC)CCCNc1nc(-c2ccccc2)nc2ccccc12,1
P3_17956,C[NH+](C)CCCNc1nc(-c2ccccc2)nc2ccccc12,1
P3_17957,COCCCNc1nc(-c2ccccc2)nc2ccccc12,1
P3_17958,CC[C@H](O)CCCNc1nc(-c2ccccc2)nc2ccccc12,1
P3_17959,CC[C@@H](O)CCCNc1nc(-c2ccccc2)nc2ccccc12,1
P3_17960,CC[NH+](CC)CCCNc1nc(-c2ccc(C)cc2)nc2ccccc12,1
P3_17961,CCN(CC)c1nc(-c2ccc(Cl)cc2)nc2ccccc12,1
P3_17962,COCCCCNc1nc(-c2ccccc2)nc2ccccc12,1
P3_17963,C[C@H](CO)CCCNc1nc(-c2ccccc2)nc2ccccc12,1
P3_17964,C[C@@H](CO)CCCNc1nc(-c2ccccc2)nc2ccccc12,1
P3_17965,COCCCNc1nc(-c2ccc(OC)cc2)nc2ccccc12,1
P3_17966,COCCCNc1nc(-c2cccc(Cl)c2)nc2ccccc12,1
P3_17967,CC[NH+](CC)CCNc1nc(-c2ccccc2)nc2ccccc12,1
P3_17968,CC(C)OCCCNc1nc(-c2ccccc2)nc2ccccc12,1
P3_17969,CC[NH+](CC)CCCNc1nc(-c2ccc(OC)cc2)nc2ccccc12,1
P3_17970,C[NH+](C)CCCNc1nc(-c2ccc(C(C)(C)C)cc2)nc2ccccc12,1
P3_17971,C[C@@H]([NH3+])CCNc1nc(-c2ccccc2)nc2ccccc12,1
P3_17972,CC[C@H](O)CCNc1nc(-c2ccccc2)nc2ccccc12,1
P3_17973,CC[C@@H](O)CCNc1nc(-c2ccccc2)nc2ccccc12,1
P3_17974,CC[NH+](CC)CCNc1nc(-c2cccc(Cl)c2)nc2ccccc12,1
P3_17975,COCCNc1nc(-c2ccc(OC)cc2)nc2ccccc12,1
P3_17976,C[NH+](C)CCCNc1nc(-c2ccc(Cl)cc2Cl)nc2ccccc12,1
P3_17977,C[C@H](O)CCNc1nc(-c2ccccc2)nc2ccccc12,1
P3_17978,COCCNc1nc(-c2cccc(Cl)c2)nc2ccccc12,1
P3_17979,C[C@@H](O)CCNc1nc(-c2ccccc2)nc2ccccc12,1
P3_17980,C[C@@H]([NH3+])CCNc1nc(-c2ccc(F)cc2)nc2ccccc12,1
P3_17981,CCC[C@H](O)CCNc1nc(-c2ccccc2)nc2ccccc12,1
P3_17982,CCC[C@@H](O)CCNc1nc(-c2ccccc2)nc2ccccc12,1
P3_17983,CCCCNc1nc(-c2ccccc2C)nc2ccccc12,1
P3_17984,C[NH+](C)CCNc1nc(-c2ccc(C(C)(C)C)cc2)nc2ccccc12,1
P3_17985,CC[C@H](C)[N@@H+](C)CCNc1nc(-c2ccccc2)nc2ccccc12,1
P3_17986,CC[C@H](C)[N@H+](C)CCNc1nc(-c2ccccc2)nc2ccccc12,1
P3_17987,CC[C@@H](C)[N@H+](C)CCNc1nc(-c2ccccc2)nc2ccccc12,1
P3_17988,CC[C@@H](C)[N@@H+](C)CCNc1nc(-c2ccccc2)nc2ccccc12,1
P3_17989,CO[C@@H](C)CCNc1nc(-c2ccccc2)nc2ccccc12,1
P3_17990,CO[C@H](C)CCNc1nc(-c2ccccc2)nc2ccccc12,1
P3_17991,C[C@@H](CCO)CNc1nc(-c2ccccc2)nc2ccccc12,1
P3_17992,C[C@H](CCO)CNc1nc(-c2ccccc2)nc2ccccc12,1
P3_17993,C[NH+](C)CCNc1nc(-c2ccc(Cl)cc2Cl)nc2ccccc12,1
P3_17994,CC(C)CNc1nc(-c2ccc(F)cc2)nc2ccccc12,1
P3_17995,C#CCNc1nc(-c2ccc(C)cc2)nc2ccccc12,1
P3_17996,C[C@H](CCCO)CNc1nc(-c2ccccc2)nc2ccccc12,1
P3_17997,C[C@@H](CCCO)CNc1nc(-c2ccccc2)nc2ccccc12,1
P3_17998,CC(C)([NH3+])CNc1nc(-c2ccc(F)cc2)nc2ccccc12,1
P3_17999,C[C@@H](O)CNc1nc(-c2cccc(Cl)c2)nc2ccccc12,1
P3_18000,C[C@H](O)CNc1nc(-c2cccc(Cl)c2)nc2ccccc12,1
P3_18001,CC[C@H](C)[C@@H](O)CNc1nc(-c2ccccc2)nc2ccccc12,1
P3_18002,CC[C@@H](C)[C@H](O)CNc1nc(-c2ccccc2)nc2ccccc12,1
P3_18003,CC[C@H](C)[C@H](O)CNc1nc(-c2ccccc2)nc2ccccc12,1
P3_18004,CC[C@@H](C)[C@@H](O)CNc1nc(-c2ccccc2)nc2ccccc12,1
P3_18005,CO[C@@H](C)CNc1nc(-c2ccccc2)nc2ccccc12,1
P3_18006,COC(C)(C)CNc1nc(-c2ccccc2)nc2ccccc12,1
P3_18007,CO[C@@H](C)CNc1nc(-c2ccc(F)cc2)nc2ccccc12,1
P3_18008,COC[C@@](C)(O)CNc1nc(-c2ccccc2)nc2ccccc12,1
P3_18009,CO[C@@H](C)CNc1nc(-c2ccc(C)cc2)nc2ccccc12,1
P3_18010,CC(C)(CNc1nc(-c2ccccc2)nc2ccccc12)OCCO,1
P3_18011,COC[C@](C)(O)CNc1nc(-c2ccccc2)nc2ccccc12,1
P3_18012,COCCNc1nc(-c2cccc(C)c2)nc2ccccc12,1
P3_18013,C[C@@H](O)C(C)(C)CNc1nc(-c2ccccc2)nc2ccccc12,1
P3_18014,CO[C@H](CNc1nc(-c2ccccc2)nc2ccccc12)C(C)C,1
P3_18015,CO[C@@H](CNc1nc(-c2ccccc2)nc2ccccc12)C(C)C,1
P3_18016,CC(C)C[C@@H](O)CNc1nc(-c2ccccc2)nc2ccccc12,1
P3_18017,CC(C)C[C@H](O)CNc1nc(-c2ccccc2)nc2ccccc12,1
P3_18018,C[C@H](O)C(C)(C)CNc1nc(-c2ccccc2)nc2ccccc12,1
P3_18019,CC(C)(O)[C@H](F)CNc1nc(-c2ccc(F)cc2)nc2ccccc12,1
P3_18020,CN(C[C@@H](O)CO)c1nc(-c2ccc(Cl)cc2)nc2ccccc12,1
P3_18021,COCCNc1nc(-c2cccc(Br)c2)nc2ccccc12,1
P3_18022,CN(C[C@H](O)CO)c1nc(-c2ccc(Cl)cc2)nc2ccccc12,1
P3_18023,OCCCNc1nc(-c2ccc(Cl)cc2)nc2ccccc12,1
P3_18024,COC(=O)CCNc1nc(-c2ccc(Cl)cc2)nc2ccccc12,1
P3_18025,OCCCCCNc1nc(-c2ccccc2)nc2ccccc12,1
P3_18026,OCCCNc1nc(-c2cccc(Cl)c2)nc2ccccc12,1
P3_18027,CSCCCNc1nc(-c2ccccc2)nc2ccccc12,1
P3_18028,C[S@](=O)CCCNc1nc(-c2ccccc2)nc2ccccc12,1
P3_18029,C[S@@](=O)CCCNc1nc(-c2ccccc2)nc2ccccc12,1
P3_18030,CON(C)CCNc1nc(-c2ccccc2)nc2ccccc12,1
P3_18031,CC(=O)NCCCNc1nc(-c2ccccc2)nc2ccccc12,1
P3_18032,CCC(CC)[NH2+]CCNc1nc(-c2ccccc2)nc2ccccc12,1
P3_18033,OCCOCCCNc1nc(-c2ccccc2)nc2ccccc12,1
P3_18034,OCCCNc1nc(-c2ccc(Cl)cc2Cl)nc2ccccc12,1
P3_18035,C[NH+](C)CCNc1nc(-c2ccccc2)nc2ccccc12,1
P3_18036,CCCOCCNc1nc(-c2ccccc2)nc2ccccc12,1
P3_18037,N#CCCCCNc1nc(-c2ccccc2)nc2ccccc12,1
P3_18038,CNC(=O)CCCNc1nc(-c2ccccc2)nc2ccccc12,1
P3_18039,COCCNc1nc(-c2ccc(F)cc2)nc2ccccc12,1
P3_18040,CN(CCO)c1nc(-c2ccc(Cl)cc2)nc2ccccc12,1
P3_18041,OCCCOCCNc1nc(-c2ccccc2)nc2ccccc12,1
P3_18042,OCCNc1nc(-c2ccc(Cl)cc2Cl)nc2ccccc12,1
P3_18043,CC(C)(C)[NH2+]CCNc1nc(-c2ccccc2)nc2ccccc12,1
P3_18044,COCCOCCNc1nc(-c2ccccc2)nc2ccccc12,1
P3_18045,COC(=O)NCCNc1nc(-c2ccccc2)nc2ccccc12,1
P3_18046,COC(=O)CCNc1nc(-c2ccc(Cl)c(Cl)c2)nc2ccccc12,1
P3_18047,COC(=O)CCNc1nc(-c2ccc(Br)cc2)nc2ccccc12,1
P3_18048,COC[C@H](O)CCNc1nc(-c2ccccc2)nc2ccccc12,1
P3_18049,COC[C@@H](O)CCNc1nc(-c2ccccc2)nc2ccccc12,1
P3_18050,C[NH+](C)C(C)(C)CNc1nc(-c2ccccc2)nc2ccccc12,1
P3_18051,CO[C@@H](C)CNc1nc(-c2ccc(N(C)C)cc2)nc2ccccc12,1
P3_18052,CCN(CC)c1nc(-c2ccc(F)cc2)nc2ccccc12,1
P3_18053,COCCCNc1nc(-c2ccccc2[O-])nc2ccccc12,1
P3_18054,O=C(C=Cc1ccccc1)c1ccc(O)cc1,1
P3_18055,Cc1cc(C(=O)C=Cc2ccccc2)ccc1O,1
P3_18056,Cc1ccc(C=CC(=O)c2ccccc2)cc1,1
P3_18057,O=C(C=Cc1ccc(O)cc1)c1ccccc1,1
P3_18058,Cc1ccccc1C(=O)C=Cc1ccc(O)cc1,1
P3_18059,Cc1ccc(C=CC(=O)c2ccccc2O)cc1,1
P3_18060,O=C(C=Cc1ccccc1)c1ccc(O)cc1O,1
P3_18061,O=C(C=Cc1cccc(O)c1)c1ccccc1,1
P3_18062,Cc1cccc(C=CC(=O)c2ccccc2O)c1,1
P3_18063,CCc1ccc(C=CC(=O)c2ccccc2)cc1,1
P3_18064,Cc1ccc(C=CC(=O)c2ccccc2)cc1C,1
P3_18065,Cc1ccc(C=CC(=O)c2ccccc2F)cc1,1
P3_18066,Cc1ccccc1C(=O)C=Cc1ccc(Cl)cc1,1
P3_18067,O=C(C=Cc1ccc(O)cc1)c1ccccc1O,1
P3_18068,Cc1cc(C)cc(C(=O)C=Cc2cccc(O)c2)c1,1
P3_18069,Cc1cccc(C(=O)C=Cc2ccc(O)cc2)c1,1
P3_18070,Cc1ccc(C(=O)C=Cc2cccc(O)c2)cc1,1
P3_18071,Cc1cccc(C(=O)C=Cc2cccc(O)c2)c1,1
P3_18072,O=C(C=Cc1ccc(O)cc1)c1ccccc1Cl,1
P3_18073,Cc1ccc(C(=O)C=Cc2cccc(O)c2)cc1C,1
P3_18074,O=C(C=Cc1ccc(O)cc1)c1c(F)cccc1Cl,1
P3_18075,COC(=O)c1ccc(C=CC(=O)c2ccccc2O)cc1,1
P3_18076,Cc1ccc(C(=O)C=Cc2cccc(O)c2)c(O)c1,1
P3_18077,O=C(C=Cc1cccc(O)c1)c1cccc(O)c1,1
P3_18078,O=C(C=Cc1ccc(O)c(Br)c1)c1ccccc1,1
P3_18079,Cc1ccccc1C(=O)C=Cc1cc(O)cc(F)c1,1
P3_18080,Cc1ccc(O)c(C(=O)C=Cc2cccc(C#N)c2)c1,1
P3_18081,Cc1cc(C(=O)C=Cc2cccc(Cl)c2)ccc1O,1
P3_18082,Cc1cc(C(=O)C=Cc2cccc(Br)c2)ccc1O,1
P3_18083,Cc1ccc(C(=O)C=Cc2cccc(O)c2)cc1F,0
P3_18084,Cc1ccc(C(=O)C=Cc2ccccc2O)cc1,1
P3_18085,Cc1ccccc1C=CC(=O)c1ccc(O)cc1,1
P3_18086,Cc1ccc(C(=O)C=Cc2ccc(O)cc2)cc1F,0
P3_18087,COc1ccc(C=CC(=O)c2ccccc2O)cc1C,1
P3_18088,Cc1cccc(C(=O)C=Cc2ccc(O)c(C(=O)O)c2)c1,1
P3_18089,Cc1ccc(C=CC(=O)c2ccccc2)c(C)c1,1
P3_18090,Cc1ccc(C)c(C=CC(=O)c2ccccc2)c1,1
P3_18091,COc1ccc(C(=O)C=Cc2cc(C)c(O)c(C)c2)c(C)c1OC,1
P3_18092,COc1cc(C=CC(=O)c2cccc(C)c2C)cc(Cl)c1O,1
P3_18093,O=C(C=Cc1cccc(O)c1)c1ccc(F)cc1,1
P3_18094,COc1cc(C=CC(=O)c2ccccc2O)ccc1O,1
P3_18095,O=C(C=Cc1ccc(O)c(Cl)c1)c1ccccc1O,1
P3_18096,O=C(C=Cc1cccc(Cl)c1)c1cccc(O)c1,1
P3_18097,Cc1cc(C(=O)C=Cc2ccccc2C)ccc1O,1
P3_18098,Cc1ccccc1C=CC(=O)c1cccc(O)c1,1
P3_18099,O=C(C=Cc1ccc(O)c(F)c1)c1ccccc1O,1
P3_18100,O=C(C=Cc1ccc(O)c(Cl)c1)c1c(F)cccc1Cl,1
P3_18101,Cc1cccc(C(=O)C=Cc2cc(O)cc(F)c2)c1,1
P3_18102,CCCc1ccc(C(=O)C=Cc2cccc(O)c2)cc1,1
P3_18103,COc1c(C)cc(C=CC(=O)c2ccccc2F)cc1C,1
P3_18104,Cc1ccccc1C=CC(=O)c1cc(O)ccc1O,1
P3_18105,Cc1ccc(C(=O)C=Cc2cc(O)cc(F)c2)cc1,1
P3_18106,COc1ccc(C=CC(=O)c2cc(C)ccc2O)cc1O,1
P3_18107,COc1cccc(C(=O)C=Cc2cc(F)c(O)c(F)c2)c1,1
P3_18108,CCOc1cccc(C=CC(=O)c2ccc(O)c(C)c2)c1,1
P3_18109,COc1cc(C=CC(=O)c2cccc(C)c2)cc(Cl)c1O,1
P3_18110,Cc1ccc(C)c(C(=O)C=Cc2cccc(O)c2)c1,1
P3_18111,Cc1ccc(O)c(C(=O)C=Cc2cccc(O)c2)c1,1
P3_18112,Cc1cc(C)cc(C(=O)C=Cc2ccc(O)cc2)c1,1
P3_18113,Cc1cccc(C(=O)C=Cc2cc(C)c(O)c(C)c2)c1,1
P3_18114,Cc1cc(C)c(C(=O)C=Cc2ccc(O)cc2)cc1C,1
P3_18115,Cc1ccc(C(=O)C=Cc2cc(C)c(O)c(C)c2)cc1,1
P3_18116,Cc1ccc(O)c(C(=O)C=Cc2ccc(O)cc2)c1,1
P3_18117,Cc1ccc(C(=O)C=Cc2ccc(O)cc2)cc1C,1
P3_18118,Cc1ccc(C)c(C(=O)C=Cc2ccc(O)cc2)c1,1
P3_18119,Cc1cc(C(=O)C=Cc2cccc(O)c2)ccc1O,1
P3_18120,Cc1ccc(O)c(C(=O)C=Cc2cc(F)c(O)c(F)c2)c1,1
P3_18121,Cc1ccc(C(=O)C=Cc2ccc(O)cc2)c(O)c1,1
P3_18122,Cc1cc(O)ccc1C(=O)C=Cc1cc(C)c(O)c(C)c1,1
P3_18123,O=C(O)c1ccc(C=CC(=O)c2cccc(O)c2)cc1,1
P3_18124,Cc1ccc(C(=O)C=Cc2ccc(O)cc2)c(C)c1,1
P3_18125,Cc1cc(C(=O)C=Cc2ccc(O)cc2)ccc1O,1
P3_18126,Cc1ccc(F)c(C(=O)C=Cc2ccc(O)cc2)c1,1
P3_18127,Cc1ccc(O)c(C(=O)C=Cc2cccc(OC(C)C(=O)O)c2)c1,1
P3_18128,COc1cccc(C(=O)C=Cc2cc(C)c(O)c(C)c2)c1,1
P3_18129,COc1ccc(C(=O)C=Cc2cc(C)c(O)c(C)c2)cc1,1
P3_18130,COC(=O)c1ccc(C(=O)C=Cc2cc(C)c(O)c(C)c2)cc1,1
P3_18131,Cc1cccc(C(=O)C=Cc2ccc(O)c(Cl)c2)c1C,1
P3_18132,Cc1cccc(C(=O)C=Cc2ccc(O)c(Br)c2)c1C,1
P3_18133,CC(C)(C)c1ccc(C(=O)C=Cc2ccc(O)cc2)cc1,1
P3_18134,CC(C)c1ccc(C(=O)C=Cc2ccc(O)cc2)cc1,1
P3_18135,Cc1ccc(O)c(C(=O)C=Cc2ccc(O)c(F)c2)c1,1
P3_18136,Cc1ccc(O)c(C(=O)C=Cc2ccc(O)c(Cl)c2)c1,1
P3_18137,COc1ccc(C(=O)C=Cc2cc(C)c(O)c(C)c2)cc1F,0
P3_18138,Cc1cc(C)c(C(=O)C=Cc2ccc(O)c(CO)c2)c(O)c1,1
P3_18139,COc1ccc(C(=O)C=Cc2cc(C)c(O)c(C)c2)cc1OC,1
P3_18140,CCOC(=O)Cc1ccc(C(=O)C=Cc2cccc(O)c2)cc1,1
P3_18141,COc1ccc(C(=O)C=Cc2cc(C)c(O)c(C)c2)cc1O,1
P3_18142,CCOc1ccc(C(=O)C=Cc2cccc(O)c2)cc1,1
P3_18143,Cc1ccc(C)c(C(=O)C=Cc2ccc(O)c(Br)c2)c1,1
P3_18144,Cc1ccc(O)c(C(=O)C=Cc2cc(O)cc(F)c2)c1,1
P3_18145,Cc1ccc(C(=O)C=Cc2ccc(O)c(Cl)c2)cc1,1
P3_18146,Cc1ccc(C(=O)C=Cc2ccccc2O)c(C)c1,1
P3_18147,Cc1cc(C)cc(C(=O)C=Cc2ccc(O)c(Br)c2)c1,1
P3_18148,CC(C)Cc1ccc(C(=O)C=Cc2ccc(O)cc2)cc1,1
P3_18149,Cc1cccc(C(=O)C=Cc2ccc(O)c(CO)c2)c1,1
P3_18150,CCOc1cccc(C(=O)C=Cc2cccc(O)c2)c1,1
P3_18151,COCc1ccc(C=CC(=O)c2ccc(O)c(C)c2)cc1,1
P3_18152,CCOc1ccc(C=CC(=O)c2ccc(O)c(C)c2)cc1,1
P3_18153,CCN(C)c1ccc(C(=O)C=Cc2cccc(O)c2)cc1,1
P3_18154,COc1c(C)cc(C(=O)C=Cc2ccc(O)cc2)cc1Cl,1
P3_18155,Cc1cc(C(=O)C=Cc2ccc(O)c(Br)c2)ccc1O,1
P3_18156,COc1ccc(C(=O)C=Cc2cc(C)c(O)c(C)c2)cc1Br,1
P3_18157,CCCOc1ccc(C(=O)C=Cc2cccc(O)c2)cc1,1
P3_18158,Cc1cc(C)cc(C(=O)C=Cc2ccc(O)c(CO)c2)c1,1
P3_18159,Cc1ccc(C(=O)C=Cc2ccc(O)c(F)c2)cc1C,1
P3_18160,O=C(c1ccccc1F)N(Cc1ccccc1)c1ccccn1,1
P3_18161,Cc1ccc(CN(C(=O)c2ccccc2F)c2ccccn2)cc1,0
P3_18162,O=C(c1cc(Cl)ccc1F)N(Cc1ccccc1)c1ccccn1,1
P3_18163,O=C(c1ccc(Cl)cc1F)N(Cc1ccccc1)c1ccccn1,1
P3_18164,COc1ccc(CN(C(=O)c2ccccc2F)c2ccccn2)cc1,0
P3_18165,O=C(c1cccc(F)c1Cl)N(Cc1ccccc1)c1ccccn1,1
P3_18166,O=C(c1ccccc1)N(Cc1ccc(Cl)cc1)c1ccccn1,1
P3_18167,O=C(c1cccc(F)c1F)N(Cc1ccccc1)c1ccccn1,1
P3_18168,CCOc1ccccc1C(=O)N(Cc1ccc(Cl)cc1)c1ccccn1,1
P3_18169,O=C(c1cc(F)ccc1F)N(Cc1ccccc1)c1ccccn1,1
P3_18170,Cc1c(F)cccc1C(=O)N(Cc1ccccc1)c1ccccn1,1
P3_18171,O=C(c1cccc(Cl)c1F)N(Cc1ccccc1)c1ccccn1,1
P3_18172,O=C(c1ccccc1Cl)N(Cc1ccccc1)c1ccccn1,1
P3_18173,O=C(c1ccc(Cl)cc1)N(Cc1ccccc1)c1ccccn1,1
P3_18174,O=C(c1ccc(F)c(F)c1F)N(Cc1ccccc1)c1ccccn1,0
P3_18175,Cc1ccc(F)c(C(=O)N(Cc2ccccc2)c2ccccn2)c1,1
P3_18176,O=C(c1cc(Br)ccc1F)N(Cc1ccccc1)c1ccccn1,1
P3_18177,Cc1ccc(C(=O)N(Cc2ccc(Cl)cc2)c2ccccn2)cc1,1
P3_18178,Cc1ccc(CN(C(=O)c2ccccc2Cl)c2ccccn2)cc1,1
P3_18179,Cc1ccc(CN(C(=O)c2ccc(Cl)cc2)c2ccccn2)cc1,1
P3_18180,O=C(c1ccc(F)cc1F)N(Cc1ccccc1)c1ccccn1,1
P3_18181,O=C(c1ccc(F)cc1Cl)N(Cc1ccccc1)c1ccccn1,1
P3_18182,O=C(c1c(F)cccc1F)N(Cc1ccccc1)c1ccccn1,1
P3_18183,Cc1ccc(C(=O)N(Cc2ccccc2)c2ccccn2)c(F)c1,1
P3_18184,O=C(c1ccc(Br)cc1F)N(Cc1ccccc1)c1ccccn1,1
P3_18185,O=C(c1ccc(F)c(Cl)c1)N(Cc1ccccc1)c1ccccn1,1
P3_18186,O=C(c1ccccc1O)N(Cc1ccccc1)c1ccccn1,1
P3_18187,CCOc1ccccc1C(=O)N(Cc1ccc(F)cc1)c1ccccn1,1
P3_18188,Cc1cccc(C(=O)N(Cc2ccc(Cl)cc2)c2ccccn2)c1,1
P3_18189,COc1ccc(C(=O)N(Cc2ccc(Cl)cc2)c2ccccn2)cc1,1
P3_18190,O=C(c1ccc(Cl)cc1)N(Cc1cccc(F)c1)c1ccccn1,1
P3_18191,O=C(c1ccccc1Cl)N(Cc1cccc(F)c1)c1ccccn1,1
P3_18192,Cc1cccc(C(=O)N(Cc2ccccc2)c2ccccn2)c1F,1
P3_18193,CCOc1ccc(C(=O)N(Cc2ccc(Cl)cc2)c2ccccn2)cc1,1
P3_18194,O=C(c1ccccc1Br)N(Cc1ccccc1)c1ccccn1,1
P3_18195,Cc1ccccc1C(=O)N(Cc1ccccc1)c1ccccn1,1
P3_18196,O=C(c1ccccc1)N(Cc1ccc(F)cc1)c1ccccn1,0
P3_18197,O=C(c1ccccc1[O-])N(Cc1ccccc1)c1ccccn1,1
P3_18198,O=C(c1ccc(F)c(F)c1)N(Cc1ccccc1)c1ccccn1,0
P3_18199,O=C(c1ccc(Cl)c(F)c1)N(Cc1ccccc1)c1ccccn1,1
P3_18200,O=C(c1cc(F)cc(Cl)c1)N(Cc1ccccc1)c1ccccn1,1
P3_18201,Cc1cc(F)c(C(=O)N(Cc2ccccc2)c2ccccn2)cc1F,1
P3_18202,CCc1ccccc1C(=O)N(Cc1ccccc1)c1ccccn1,0
P3_18203,Cc1ccc(CN(C(=O)c2ccccc2Br)c2ccccn2)cc1,0
P3_18204,COc1cccc(C(=O)N(Cc2ccc(Cl)cc2)c2ccccn2)c1,1
P3_18205,O=C(c1cc(F)c(F)c(F)c1)N(Cc1ccccc1)c1ccccn1,1
P3_18206,CCOc1cccc(C(=O)N(Cc2ccc(Cl)cc2)c2ccccn2)c1,1
P3_18207,O=C(c1ccc(F)cc1)N(Cc1ccccc1)c1ccccn1,0
P3_18208,O=C(c1cccc(Cl)c1)N(Cc1ccccc1)c1ccccn1,0
P3_18209,Cc1cc(F)ccc1C(=O)N(Cc1ccccc1)c1ccccn1,1
P3_18210,Cc1cc(C(=O)N(Cc2ccccc2)c2ccccn2)ccc1F,1
P3_18211,Cc1ccc(F)cc1C(=O)N(Cc1ccccc1)c1ccccn1,1
P3_18212,Cc1ccc(F)c(C(=O)N(Cc2ccccc2)c2ccccn2)c1F,0
P3_18213,O=C(c1ccccc1)N(Cc1ccccc1)c1ccccn1,0
P3_18214,O=C(c1cc(F)cc(F)c1)N(Cc1ccccc1)c1ccccn1,1
P3_18215,O=C(c1ccc(CF)cc1)N(Cc1ccccc1)c1ccccn1,1
P3_18216,Cc1ccc(C(=O)N(Cc2ccc(F)cc2)c2ccccn2)cc1,0
P3_18217,Cc1ccccc1C(=O)N(Cc1cccc(F)c1)c1ccccn1,1
P3_18218,CCOc1ccccc1C(=O)N(Cc1ccc(C)cc1)c1ccccn1,1
P3_18219,CC(C)(O)c1ccc(C(=O)Nc2nc3ccccc3s2)cc1,1
P3_18220,CC(F)(F)c1ccc(C(=O)Nc2nc3ccccc3s2)cc1,1
P3_18221,O=C(Nc1nc2ccccc2s1)c1ccc(C(F)(F)F)cc1,1
P3_18222,CC(=O)c1ccc(C(=O)Nc2nc3ccccc3s2)cc1,1
P3_18223,Cc1ccc(C(=O)Nc2nc3ccccc3s2)cc1,1
P3_18224,CC(C)(C#N)c1ccc(C(=O)Nc2nc3ccccc3s2)cc1,1
P3_18225,O=C(Nc1nc2ccccc2s1)c1ccccc1,1
P3_18226,CC(C)(C)CNC(=O)c1ccc(C(=O)Nc2nc3ccccc3s2)cc1,1
P3_18227,COC(=O)c1ccc(C(=O)Nc2nc3ccccc3s2)cc1,1
P3_18228,O=C(Nc1nc2ccccc2s1)c1ccc(F)cc1,1
P3_18229,O=C(Nc1nc2ccccc2s1)c1ccc(Cl)cc1,1
P3_18230,NC(=O)c1ccc(C(=O)Nc2nc3ccccc3s2)cc1,1
P3_18231,O=C([O-])c1ccc(C(=O)Nc2nc3ccccc3s2)cc1,1
P3_18232,O=C(Nc1nc2ccccc2s1)c1ccc(I)cc1,1
P3_18233,Nc1ccc(C(=O)Nc2nc3ccccc3s2)cc1,1
P3_18234,O=C(Nc1nc2ccccc2s1)c1ccc(Br)cc1,1
P3_18235,CC(=O)Nc1ccc(C(=O)Nc2nc3ccccc3s2)cc1,1
P3_18236,CSc1ccc(C(=O)Nc2nc3ccccc3s2)cc1,1
P3_18237,CC(C)c1ccc(C(=O)Nc2nc3ccccc3s2)cc1,1
P3_18238,CN(C)c1ccc(C(=O)Nc2nc3ccccc3s2)cc1,1
P3_18239,CCC(=O)c1ccc(C(=O)Nc2nc3ccccc3s2)cc1,1
P3_18240,CCc1ccc(C(=O)Nc2nc3ccccc3s2)cc1,1
P3_18241,CN(C)C(=O)c1ccc(C(=O)Nc2nc3ccccc3s2)cc1,1
P3_18242,COc1ccc(C(=O)Nc2nc3ccccc3s2)cc1,1
P3_18243,CC(C)(C)c1ccc(C(=O)Nc2nc3ccc(F)cc3s2)cc1,1
P3_18244,CC(C)(C)c1ccc(C(=O)Nc2nc3ccc(N)cc3s2)cc1,0
P3_18245,CS(=O)(=O)c1ccc(C(=O)Nc2nc3ccccc3s2)cc1,1
P3_18246,C[S@](=O)c1ccc(C(=O)Nc2nc3ccccc3s2)cc1,1
P3_18247,C[C@@H](O)c1ccc(C(=O)Nc2nc3ccccc3s2)cc1,1
P3_18248,C[S@@](=O)c1ccc(C(=O)Nc2nc3ccccc3s2)cc1,1
P3_18249,C[C@H](O)c1ccc(C(=O)Nc2nc3ccccc3s2)cc1,1
P3_18250,CC(C)(C)OC(=O)Nc1ccc(C(=O)Nc2nc3ccccc3s2)cc1,1
P3_18251,CC(C)(C)NS(=O)(=O)c1ccc(C(=O)Nc2nc3ccccc3s2)cc1,0
P3_18252,CC(C)(O)C#Cc1ccc(C(=O)Nc2nc3ccccc3s2)cc1,1
P3_18253,NC(=S)c1ccc(C(=O)Nc2nc3ccccc3s2)cc1,1
P3_18254,O=C(Nc1nc2ccccc2s1)c1ccc(CO)cc1,1
P3_18255,COC(=O)c1ccc2nc(NC(=O)c3ccc(C(C)(C)C)cc3)sc2c1,1
P3_18256,COC(=O)Nc1ccc(C(=O)Nc2nc3ccccc3s2)cc1,1
P3_18257,CNC(=O)Nc1ccc(C(=O)Nc2nc3ccccc3s2)cc1,1
P3_18258,O=C(Nc1nc2ccccc2s1)c1ccc(OC(F)(F)F)cc1,1
P3_18259,N#Cc1ccc(C(=O)Nc2nc3ccccc3s2)cc1,1
P3_18260,COc1ccc2nc(NC(=O)c3ccc(C(C)(C)C)cc3)sc2c1,1
P3_18261,O=C(Nc1nc2ccccc2s1)c1ccc(C(F)F)cc1,1
P3_18262,C=Cc1ccc(C(=O)Nc2nc3ccccc3s2)cc1,1
P3_18263,C#Cc1ccc(C(=O)Nc2nc3ccccc3s2)cc1,1
P3_18264,NC(=O)Nc1ccc(C(=O)Nc2nc3ccccc3s2)cc1,1
P3_18265,Cc1ccc(C(=O)Nc2nc3ccccc3s2)cc1C,1
P3_18266,[NH3+]Cc1ccc(C(=O)Nc2nc3ccccc3s2)cc1,1
P3_18267,CC(=O)Nc1ccc2nc(NC(=O)c3ccc(C(C)(C)C)cc3)sc2c1,1
P3_18268,CCC(=O)Nc1ccc(C(=O)Nc2nc3ccccc3s2)cc1,1
P3_18269,CC(C)C(=O)Nc1ccc(C(=O)Nc2nc3ccccc3s2)cc1,1
P3_18270,CSCc1ccc(C(=O)Nc2nc3ccccc3s2)cc1,1
P3_18271,CCN(CC)c1ccc(C(=O)Nc2nc3ccccc3s2)cc1,1
P3_18272,CCOC(=O)c1ccc(C(=O)Nc2nc3ccccc3s2)cc1,1
P3_18273,CS(=O)(=O)Nc1ccc(C(=O)Nc2nc3ccccc3s2)cc1,1
P3_18274,CCS(=O)(=O)c1ccc(C(=O)Nc2nc3ccccc3s2)cc1,1
P3_18275,C[NH+](C)Cc1ccc(C(=O)Nc2nc3ccccc3s2)cc1,1
P3_18276,COCc1ccc(C(=O)Nc2nc3ccccc3s2)cc1,1
P3_18277,CC(=O)N(C)c1ccc(C(=O)Nc2nc3ccccc3s2)cc1,1
P3_18278,Cc1cc(C)cc(C(=O)Nc2nc3ccccc3s2)c1,1
P3_18279,NS(=O)(=O)c1ccc(C(=O)Nc2nc3ccccc3s2)cc1,1
P3_18280,O=C(Nc1nc2ccccc2s1)c1ccc(CCO)cc1,1
P3_18281,CN(C)S(=O)(=O)c1ccc(C(=O)Nc2nc3ccccc3s2)cc1,1
P3_18282,CC(=O)NCc1ccc(C(=O)Nc2nc3ccccc3s2)cc1,1
P3_18283,O=C(Nc1nc2ccccc2s1)c1ccc(S(=O)(=O)C(F)(F)F)cc1,1
P3_18284,CS(=O)(=O)Cc1ccc(C(=O)Nc2nc3ccccc3s2)cc1,1
P3_18285,CC(C)S(=O)(=O)c1ccc(C(=O)Nc2nc3ccccc3s2)cc1,1
P3_18286,CCCCc1ccc(C(=O)Nc2nc3ccccc3s2)cc1,1
P3_18287,Cc1cc(C(=O)Nc2nc3ccccc3s2)ccc1O,1
P3_18288,Cc1ccc(C(=O)Nc2nc3ccccc3s2)cc1O,1
P3_18289,CCOCc1ccc(C(=O)Nc2nc3ccccc3s2)cc1,1
P3_18290,CCC(=O)Oc1ccc(C(=O)Nc2nc3ccccc3s2)cc1,1
P3_18291,CCNS(=O)(=O)c1ccc(C(=O)Nc2nc3ccccc3s2)cc1,0
P3_18292,COCCOc1ccc(C(=O)Nc2nc3ccccc3s2)cc1,1
P3_18293,COc1cccc2sc(NC(=O)c3ccc(C(C)(C)C)cc3)nc12,1
P3_18294,O=C(Nc1nc2ccccc2s1)c1ccc(F)c(F)c1,1
P3_18295,CC(=O)c1cccc(C(=O)Nc2nc3ccccc3s2)c1,1
P3_18296,CC(C)(C#N)c1cccc(C(=O)Nc2nc3ccccc3s2)c1,0
P3_18297,CC(=O)c1ccc(C(=O)Nc2nc3ccccc3s2)cc1C,1
P3_18298,O=C(Nc1nc2ccccc2s1)c1cccc(C(F)(F)F)c1,1
P3_18299,N#CCc1ccc(C(=O)Nc2nc3ccccc3s2)cc1,1
P3_18300,Cc1cc(C(=O)Nc2nc3ccccc3s2)ccc1F,1
P3_18301,Cc1ccc(C(=O)Nc2nc3ccccc3s2)cc1Cl,1
P3_18302,O=C(Nc1nc2ccccc2s1)c1cc(Cl)cc(Cl)c1,1
P3_18303,O=C(Nc1nc2ccccc2s1)c1cc(F)cc(F)c1,1
P3_18304,CCOC(=O)Nc1ccc(C(=O)Nc2nc3ccccc3s2)cc1,1
P3_18305,CC(C)(C)OC(=O)c1cccc(C(=O)Nc2nc3ccccc3s2)c1,1
P3_18306,CC(C)NS(=O)(=O)c1ccc(C(=O)Nc2nc3ccccc3s2)cc1,1
P3_18307,CCOc1ccc(C(=O)Nc2nc3ccccc3s2)cc1,1
P3_18308,CC(C)Oc1ccc(C(=O)Nc2nc3ccccc3s2)cc1,1
P3_18309,CCCOc1ccc(C(=O)Nc2nc3ccccc3s2)cc1,1
P3_18310,C[NH+](C)CCc1ccc(C(=O)Nc2nc3ccccc3s2)cc1,1
P3_18311,CC[NH+](CC)Cc1ccc(C(=O)Nc2nc3ccccc3s2)cc1,1
P3_18312,Cc1cccc(C(=O)Nc2nc3ccccc3s2)c1,1
P3_18313,Cc1ccc(C(=O)Nc2nc3ccccc3s2)cc1F,0
P3_18314,CC(C)OCc1ccc(C(=O)Nc2nc3ccccc3s2)cc1,1
P3_18315,CCCN(C)c1ccc(C(=O)Nc2nc3ccccc3s2)cc1,1
P3_18316,Cc1cc(C(=O)Nc2nc3ccccc3s2)cc(C)c1F,1
P3_18317,CCc1cc(C(=O)Nc2nc3ccccc3s2)ccc1O,1
P3_18318,O=C(Nc1nc2ccccc2s1)c1ccc(O)c(Cl)c1,1
P3_18319,Cc1ccccc1C(=O)Nc1nc2ccccc2s1,0
P3_18320,COc1cc(C(=O)Nc2nc3ccccc3s2)ccc1C,1
P3_18321,CNc1ccc(C(=O)Nc2nc3ccccc3s2)cc1F,1
P3_18322,O=C(Nc1nc2ccccc2s1)c1cccc(Cl)c1,1
P3_18323,CN(C)c1cccc(C(=O)Nc2nc3ccccc3s2)c1,1
P3_18324,COc1c(C)cc(C(=O)Nc2nc3ccccc3s2)cc1C,1
P3_18325,Cc1cc(F)cc(C(=O)Nc2nc3ccccc3s2)c1,1
P3_18326,C=CCOc1ccc(C(=O)Nc2nc3ccccc3s2)cc1,1
P3_18327,COc1ccc(C(=O)Nc2nc3ccccc3s2)cc1F,1
P3_18328,C#CCOc1ccc(C(=O)Nc2nc3ccccc3s2)cc1,1
P3_18329,COc1cc(C(=O)Nc2nc3ccccc3s2)ccc1Cl,1
P3_18330,COc1ccc(C(=O)Nc2nc3ccccc3s2)cc1Br,1
P3_18331,COc1ccc(C(=O)Nc2nc3ccccc3s2)cc1Cl,1
P3_18332,Cc1ccc(C(=O)Nc2nc3ccccc3s2)c(C)c1,0
P3_18333,COc1c(Cl)cc(C(=O)Nc2nc3ccccc3s2)cc1Cl,1
P3_18334,CCc1ccccc1C(=O)Nc1nc2ccccc2s1,0
P3_18335,O=C(Nc1nc2ccccc2s1)c1ccc(CO)c(F)c1,1
P3_18336,CCOc1cc(C(=O)Nc2nc3ccccc3s2)ccc1C,1
P3_18337,Cc1ccc(C(=O)Nc2nc3ccc(C)cc3s2)cc1,1
P3_18338,Cc1cc(F)ccc1C(=O)Nc1nc2ccccc2s1,0
P3_18339,C[NH+](C)Cc1cccc(C(=O)Nc2nc3ccccc3s2)c1,1
P3_18340,CCOc1ccc(C(=O)Nc2nc3ccccc3s2)cc1Br,1
P3_18341,Cc1cc(F)cc(C)c1C(=O)Nc1nc2ccccc2s1,0
P3_18342,Cc1c(O)cccc1C(=O)Nc1nc2ccccc2s1,1
P3_18343,Cc1ccc(O)cc1C(=O)Nc1nc2ccccc2s1,1
P3_18344,Cc1cc(Cl)c(C(=O)Nc2nc3ccccc3s2)cc1C,1
P3_18345,Cc1ccc(Cl)cc1C(=O)Nc1nc2ccccc2s1,1
P3_18346,Cc1ccc(C(=O)Nc2nc3ccccc3s2)c(Cl)c1,1
P3_18347,Cc1ccc(C(=O)Nc2nc3ccccc3s2)c(F)c1,0
P3_18348,Cc1ccc(C(=O)Nc2nc3ccccc3s2)c(Cl)c1C,1
P3_18349,Cc1ccc(C(=O)Nc2nc3ccc(N)cc3s2)cc1,1
P3_18350,Cc1ccc(C(=O)Nc2nc3ccc(Br)cc3s2)cc1,1
P3_18351,Cc1ccc2nc(NC(=O)c3ccc(N)cc3)sc2c1,1
P3_18352,Cc1ccc(C(=O)Nc2nc3ccc(Cl)cc3s2)cc1,1
P3_18353,Cc1ccc(C(=O)Nc2nc3ccc(F)cc3s2)cc1,1
P3_18354,Cc1ccc(C(=O)Nc2nc3c(C)cccc3s2)cc1,0
P3_18355,CC(C)c1ccc(C(=O)Nc2nc3ccccc3s2)c(O)c1,1
P3_18356,CCc1ccc(F)cc1C(=O)Nc1nc2ccccc2s1,0
P3_18357,Cc1ccc(C(=O)Nc2nc3ccccc3s2)cc1CO,1
P3_18358,COc1cccc(C(=O)Nc2nc3ccccc3s2)c1,1
P3_18359,COc1cc(C(=O)Nc2nc3ccccc3s2)ccc1F,1
P3_18360,CN(C)c1ccc(C(=O)Nc2nc3ccccc3s2)cc1F,0
P3_18361,C[S@@](=O)c1cccc(C(=O)Nc2nc3ccccc3s2)c1,1
P3_18362,CS(=O)(=O)c1cccc(C(=O)Nc2nc3ccccc3s2)c1,1
P3_18363,C[S@](=O)c1cccc(C(=O)Nc2nc3ccccc3s2)c1,1
P3_18364,Cc1cc(C)c(C(=O)Nc2nc3ccccc3s2)c(C)c1,1
P3_18365,COC(=O)Nc1cccc(C(=O)Nc2nc3ccccc3s2)c1,1
P3_18366,CC(C)Oc1cccc(C(=O)Nc2nc3ccccc3s2)c1,1
P3_18367,CCOc1ccc(C(=O)Nc2nc3ccccc3s2)cc1C,1
P3_18368,Cc1cccc(C(=O)Nc2nc3ccccc3s2)c1C,0
P3_18369,CCS(=O)(=O)c1cccc(C(=O)Nc2nc3ccccc3s2)c1,1
P3_18370,CCOc1cccc(C(=O)Nc2nc3ccccc3s2)c1,1
P3_18371,COCc1cccc(C(=O)Nc2nc3ccccc3s2)c1,1
P3_18372,COc1cc(Cl)cc(C(=O)Nc2nc3ccccc3s2)c1,1
P3_18373,CN(C)c1cc(F)cc(C(=O)Nc2nc3ccccc3s2)c1,1
P3_18374,CS(=O)(=O)Nc1cccc(C(=O)Nc2nc3ccccc3s2)c1,1
P3_18375,CCOc1cc(C(=O)Nc2nc3ccccc3s2)ccc1OC,1
P3_18376,COc1cc(C(=O)Nc2nc3ccccc3s2)ccc1OC(C)C,1
P3_18377,Cc1cc(F)c(C(=O)Nc2nc3ccccc3s2)c(F)c1,0
P3_18378,C[S@@](=O)Cc1cccc(C(=O)Nc2nc3ccccc3s2)c1,1
P3_18379,CN(C)S(=O)(=O)c1cccc(C(=O)Nc2nc3ccccc3s2)c1,1
P3_18380,CS(=O)(=O)Cc1cccc(C(=O)Nc2nc3ccccc3s2)c1,1
P3_18381,C[S@](=O)Cc1cccc(C(=O)Nc2nc3ccccc3s2)c1,1
P3_18382,Cc1ccc(C(=O)Nc2nc3ccccc3s2)c(F)c1F,0
P3_18383,COc1ccc(C(=O)Nc2nc3ccccc3s2)c(C)c1,1
P3_18384,COC(=O)c1ccc(C(=O)Nc2nc3cc(C(F)(F)F)ccc3s2)cc1,1
P3_18385,CCCOc1cccc(C(=O)Nc2nc3ccccc3s2)c1,1
P3_18386,Cc1cc(C(=O)Nc2nc3ccccc3s2)ccc1NC(=O)CC(C)C,1
P3_18387,Cc1cc(F)c(C(=O)Nc2nc3ccccc3s2)cc1F,0
P3_18388,Cc1ccc(F)c(C(=O)Nc2nc3ccccc3s2)c1,0
P3_18389,Cc1ccc(-c2nonc2NC(=O)c2ccccc2)cc1,1
P3_18390,COc1ccc(-c2nonc2NC(=O)c2ccc(C)cc2)cc1,1
P3_18391,Cc1ccc(-c2nonc2NC(=O)c2cc(C)cc(C)c2)cc1,0
P3_18392,CN(C)c1ccc(-c2nc3ccc(N)cc3[nH]2)cc1,1
P3_18393,CN(C)c1ccc(-c2nc3cc(N(C)C)ccc3[nH]2)cc1,1
P3_18394,Cc1ccc2[nH]c(-c3ccc(N(C)C)cc3)nc2c1,1
P3_18395,Cc1ccc(-c2nc3cc(N)ccc3[nH]2)cc1,1
P3_18396,CN(C)c1ccc(-c2nc3cc(Cl)ccc3[nH]2)cc1,1
P3_18397,CN(C)c1ccc(-c2nc3cc(F)ccc3[nH]2)cc1,1
P3_18398,Cc1ccc(-c2nc3cc(N(C)C)ccc3[nH]2)cc1,1
P3_18399,CN(C)c1ccc2[nH]c(-c3ccc(O)cc3)nc2c1,1
P3_18400,CCc1ccc(-c2nc3cc(N)ccc3[nH]2)cc1,1
P3_18401,COc1ccc(-c2nc3cc(N)ccc3[nH]2)cc1,1
P3_18402,CC(C)c1ccc(-c2nc3cc(N)ccc3[nH]2)cc1,1
P3_18403,CN(C)c1ccc(-c2nc3ccc(N(C)C)cc3[nH]2)cc1,1
P3_18404,CN(C)c1ccc(-c2nc3ccccc3[nH]2)cc1,1
P3_18405,COc1ccc(-c2nc3cc(N(C)C)ccc3[nH]2)cc1,1
P3_18406,CCOc1ccc2[nH]c(-c3ccc(N(C)C)cc3)nc2c1,1
P3_18407,CN(C)c1ccc(-c2nc3cc(C[NH+](C)C)ccc3[nH]2)cc1,1
P3_18408,C#Cc1ccc(-c2nc3cc(N(C)C)ccc3[nH]2)cc1,1
P3_18409,Cc1ccc2nc(-c3ccc(N(C)C)cc3)[nH]c2c1,1
P3_18410,Cc1ccc(-c2nc3cc(N)ccc3[nH]2)cc1Cl,1
P3_18411,COCc1ccc(-c2nc3cc(N(C)C)ccc3[nH]2)cc1,1
P3_18412,Nc1ccc(-c2nc3cc(Cl)ccc3[nH]2)cc1,1
P3_18413,Nc1ccc(-c2nc3cc(Br)ccc3[nH]2)cc1,1
P3_18414,CN(C)c1ccc(-c2nc3ccc(F)cc3[nH]2)cc1,1
P3_18415,Cc1cccc(-c2nc3cc(N)ccc3[nH]2)c1,1
P3_18416,CN(C)c1ccc(-c2nc3ccc(Cl)cc3[nH]2)cc1,1
P3_18417,Cc1ccc(-c2nc3cc(N(C)C)ccc3[nH]2)cc1O,1
P3_18418,Cc1cc(-c2nc3cc(N(C)C)ccc3[nH]2)ccc1O,1
P3_18419,COc1cc(-c2nc3cc(N(C)C)ccc3[nH]2)ccc1O,1
P3_18420,CC(=O)Oc1ccc(-c2nc3cc(N(C)C)ccc3[nH]2)cc1,1
P3_18421,Cc1ccc(-c2nc3ccc(N(C)C)cc3[nH]2)cc1,1
P3_18422,COc1cc(OC)cc(-c2nc3cc(N(C)C)ccc3[nH]2)c1,1
P3_18423,CN(C)c1ccc2[nH]c(-c3ccc(F)c(O)c3)nc2c1,1
P3_18424,COc1ccc(-c2nc3cc(N)ccc3[nH]2)cc1Cl,1
P3_18425,Cc1ccc(-c2nc3ccc(N)cc3[nH]2)cc1,1
P3_18426,CN(C)c1ccc2nc(-c3ccc(O)cc3)[nH]c2c1,1
P3_18427,CN(C)c1ccc2[nH]c(-c3cccc(O)c3)nc2c1,1
P3_18428,COc1cccc(-c2nc3cc(N)ccc3[nH]2)c1,1
P3_18429,C#CCOc1ccc(-c2nc3cc(N(C)C)ccc3[nH]2)cc1,1
P3_18430,CCN(CC)c1ccc(-c2nc3cc(C)ccc3[nH]2)cc1,1
P3_18431,Cc1cc(O)cc(-c2nc3cc(N(C)C)ccc3[nH]2)c1,1
P3_18432,COc1ccc(-c2nc3cc(N(C)C)ccc3[nH]2)cc1O,1
P3_18433,COc1cc(-c2nc3cc(N(C)C)ccc3[nH]2)ccc1F,1
P3_18434,CN(C)c1ccc2[nH]c(-c3ccc(OCC[NH+](C)C)cc3)nc2c1,1
P3_18435,COC(=O)Cc1ccc(-c2nc3cc(N(C)C)ccc3[nH]2)cc1,1
P3_18436,CCOc1cc(-c2nc3cc(N(C)C)ccc3[nH]2)ccc1O,1
P3_18437,CN(C)c1ccc(-c2nc3cc(N(C)C)ccc3[nH]2)c(O)c1,1
P3_18438,CCN(CC)c1ccc(-c2nc3cc(Cl)ccc3[nH]2)cc1,1
P3_18439,COc1ccc(-c2nc3ccc(N(C)C)cc3[nH]2)cc1,1
P3_18440,CCOc1ccc2nc(-c3ccc(N(C)C)cc3)[nH]c2c1,1
P3_18441,CN(C)c1ccc(-c2nc3ccc(C[NH+](C)C)cc3[nH]2)cc1,1
P3_18442,COc1cccc(-c2nc3cc(N(C)C)ccc3[nH]2)c1,1
P3_18443,Cc1ccc(C)c(-c2nc3cc(N)ccc3[nH]2)c1,1
P3_18444,Cc1cc(C)c2[nH]c(-c3ccc(N(C)C)cc3)nc2c1,1
P3_18445,Cc1cc(C)c2nc(-c3ccc(N(C)C)cc3)[nH]c2c1,1
P3_18446,CCc1ccc(-c2nc3ccc(N)cc3[nH]2)cc1,1
P3_18447,COc1ccc(-c2nc3ccc(N)cc3[nH]2)cc1,1
P3_18448,CC(C)c1ccc(-c2nc3ccc(N)cc3[nH]2)cc1,1
P3_18449,C#Cc1ccc(-c2nc3ccc(N(C)C)cc3[nH]2)cc1,1
P3_18450,CN(C)c1ccc2[nH]c(-c3c(F)ccc(N)c3F)nc2c1,1
P3_18451,C#Cc1cccc(-c2nc3cc(N(C)C)ccc3[nH]2)c1,1
P3_18452,COc1cc(-c2nc3cc(N(C)C)ccc3[nH]2)ccc1SC,1
P3_18453,COC(=O)COc1ccc(-c2nc3cc(N(C)C)ccc3[nH]2)cc1,1
P3_18454,CCOC(=O)Cc1ccc(-c2nc3cc(N(C)C)ccc3[nH]2)cc1,1
P3_18455,CN(C)c1ccc2[nH]c(-c3ccccc3N(C)C)nc2c1,1
P3_18456,CN(C)c1cccc(-c2nc3ccccc3[nH]2)c1,1
P3_18457,COc1cc(O)cc(-c2nc3cc(N(C)C)ccc3[nH]2)c1,1
P3_18458,Cc1ccc(O)c(-c2nc3cc(N(C)C)ccc3[nH]2)c1,1
P3_18459,COc1cc(F)cc(-c2nc3cc(N(C)C)ccc3[nH]2)c1,1
P3_18460,COCc1ccc(-c2nc3ccc(N(C)C)cc3[nH]2)cc1,1
P3_18461,COc1cc(N(C)C)ccc1-c1nc2cc(N(C)C)ccc2[nH]1,1
P3_18462,COc1cc(-c2nc3cc(N(C)C)ccc3[nH]2)cc(F)c1O,1
P3_18463,Cc1ccc(-c2nc3cc(N(C)C)ccc3[nH]2)c(O)c1,1
P3_18464,Cc1ccc2[nH]c(-c3ccc(N(C)C)cc3O)nc2c1,1
P3_18465,CN(C)c1ccc(-c2nc3c(F)cccc3[nH]2)cc1,1
P3_18466,Cc1ccc2[nH]c(-c3ccc(N)c(C)c3)nc2c1,1
P3_18467,Cc1ccc2[nH]c(-c3ccc(C)c(N)c3)nc2c1,1
P3_18468,Nc1cccc(-c2nc3cc(Cl)ccc3[nH]2)c1,1
P3_18469,Nc1ccc(-c2nc3ccc(Br)cc3[nH]2)cc1,1
P3_18470,Nc1ccc(-c2nc3ccc(Cl)cc3[nH]2)cc1,1
P3_18471,COc1c(F)cc(-c2nc3cc(N(C)C)ccc3[nH]2)cc1Cl,1
P3_18472,CCOc1cc(O)cc(-c2nc3cc(N(C)C)ccc3[nH]2)c1,1
P3_18473,CN(C)c1ccc2[nH]c(-c3ccc(F)cc3)nc2c1,1
P3_18474,CN(C)c1ccc(-c2nc3cc(C(=O)[O-])ccc3[nH]2)cc1,1
P3_18475,CC(C)c1ccc2[nH]c(-c3ccc(N)cc3)nc2c1,1
P3_18476,CN(C)c1ccc2nc(-c3ccc(F)cc3)[nH]c2c1,1
P3_18477,COc1ccc(-c2nc3cc(N(C)C)ccc3[nH]2)cc1F,1
P3_18478,Cc1ccc(-c2nc3cc(C)ccc3[nH]2)cc1,1
P3_18479,CC(C)c1ccc2nc(-c3ccc(N)cc3)[nH]c2c1,1
P3_18480,Clc1ccc(-c2nc3cc(Cl)ccc3[nH]2)cc1,1
P3_18481,CN(C)c1ccc(-c2nc3cc(F)ccc3[nH]2)cc1F,1
P3_18482,Cc1ccc(-c2nc3cc(Cl)ccc3[nH]2)cc1,1
P3_18483,COc1cc(-c2nc3ccc(N(C)C)cc3[nH]2)ccc1O,1
P3_18484,Cc1cc(-c2nc3ccc(N(C)C)cc3[nH]2)ccc1O,1
P3_18485,CN(C)c1ccc(-c2nc3cc(F)ccc3[nH]2)c(O)c1,1
P3_18486,Cc1ccc(-c2nc3ccc(N(C)C)cc3[nH]2)cc1O,1
P3_18487,CN(C)c1ccc(-c2nc3cc(Cl)ccc3[nH]2)cc1Br,1
P3_18488,Cc1ccc(-c2nc3cc(C(N)=O)ccc3[nH]2)cc1,1
P3_18489,CSc1ccc(-c2nc3cc(C)ccc3[nH]2)cc1,1
P3_18490,COc1ccc(-c2nc3cc(C)ccc3[nH]2)cc1,1
P3_18491,Cc1ccc2[nH]c(-c3ccc(C(C)C)cc3)nc2c1,1
P3_18492,CCc1ccc(-c2nc3cc(F)ccc3[nH]2)cc1,1
P3_18493,COc1ccc(-c2nc3cc(F)ccc3[nH]2)cc1,1
P3_18494,CNc1ccc(-c2nc3cc(Cl)ccc3[nH]2)cc1,1
P3_18495,COc1ccc(-c2nc3cc(Cl)ccc3[nH]2)cc1,1
P3_18496,Cc1ccc(-c2nc3cc(C#N)ccc3[nH]2)cc1,1
P3_18497,Oc1ccc(-c2nc3cc(Br)ccc3[nH]2)cc1,1
P3_18498,COc1ccc(-c2nc3ccc(N(C)C)cc3[nH]2)cc1F,1
P3_18499,COc1ccc(-c2nc3ccc(N(C)C)cc3[nH]2)cc1O,1
P3_18500,COc1ccc(-c2nc3cc(N(C)C)ccc3[nH]2)c(F)c1,1
P3_18501,Cc1ccc(-c2nc3cc(C)c(C)cc3[nH]2)cc1,1
P3_18502,CC(=O)c1ccc2[nH]c(-c3ccc(O)cc3)nc2c1,1
P3_18503,CN(C)c1ccc(-c2nc3cc(C#N)ccc3[nH]2)cc1F,1
P3_18504,COc1ccc(-c2nc3cc(C(N)=O)ccc3[nH]2)cc1,1
P3_18505,CSc1ccc(-c2nc3cc(C(N)=O)ccc3[nH]2)cc1,1
P3_18506,CC(C)c1ccc(-c2nc3cc(C(N)=O)ccc3[nH]2)cc1,1
P3_18507,COc1ccc(-c2nc3cc(SC)ccc3[nH]2)cc1,1
P3_18508,COCc1ccc(-c2nc3cc(C)ccc3[nH]2)cc1,1
P3_18509,CN(C)c1ccc(-c2nc3ccccc3[nH]2)cc1Br,1
P3_18510,CS(=O)(=O)c1ccc(-c2nc3cc(F)ccc3[nH]2)cc1,1
P3_18511,CN(C)c1ccc(-c2nc3ccccc3[nH]2)cc1F,1
P3_18512,NC(=O)c1ccc(-c2nc3cc(Cl)ccc3[nH]2)cc1,1
P3_18513,CCOc1ccc(-c2nc3cc(C)ccc3[nH]2)cc1,1
P3_18514,C[S@@](=O)c1ccc(-c2nc3cc(F)ccc3[nH]2)cc1,1
P3_18515,C[S@](=O)c1ccc(-c2nc3cc(F)ccc3[nH]2)cc1,1
P3_18516,CS(=O)(=O)c1ccc(-c2nc3cc(Cl)ccc3[nH]2)cc1,1
P3_18517,CCc1ccc(-c2nc3cc(C#N)ccc3[nH]2)cc1,1
P3_18518,CSc1ccc2[nH]c(-c3ccc(C#N)cc3)nc2c1,1
P3_18519,COCc1ccc(-c2nc3cc(OC)ccc3[nH]2)cc1,1
P3_18520,COCc1ccc(-c2nc3cc(Br)ccc3[nH]2)cc1,1
P3_18521,CSc1ccc(-c2nc3cc(C#N)ccc3[nH]2)cc1,1
P3_18522,CCc1ccc2[nH]c(-c3ccc(C#N)cc3)nc2c1,1
P3_18523,COCc1ccc(-c2nc3cc(F)ccc3[nH]2)cc1,1
P3_18524,COc1ccc(-c2nc3cc(C#N)ccc3[nH]2)cc1,1
P3_18525,CC(C)c1ccc(-c2nc3cc(C#N)ccc3[nH]2)cc1,1
P3_18526,Cc1ccc(-c2nc3ccc(C)cc3[nH]2)cc1,1
P3_18527,N#Cc1ccc(-c2nc3cc(Br)ccc3[nH]2)cc1,1
P3_18528,OCc1ccc(-c2nc3cc(F)ccc3[nH]2)cc1,1
P3_18529,[NH3+]Cc1ccc(-c2nc3cc(Cl)ccc3[nH]2)cc1,1
P3_18530,N#Cc1ccc(-c2nc3cc(Cl)ccc3[nH]2)cc1,1
P3_18531,CN(C)c1ccc2[nH]c(-c3cc(N)ccc3Cl)nc2c1,1
P3_18532,COc1ccc(-c2nc3cc(N)ccc3[nH]2)cc1OC,1
P3_18533,CC(=O)Nc1ccc(-c2nc3cc(N(C)C)ccc3[nH]2)cc1,1
P3_18534,COc1ccc(-c2nc3cc(N)ccc3[nH]2)cc1Br,1
P3_18535,CN(C)c1ccc(-c2nc3ccc(C(F)(F)F)cc3[nH]2)cc1,1
P3_18536,CC(C)NC(=O)c1ccc(-c2nc3cc(N(C)C)ccc3[nH]2)cc1,1
P3_18537,Nc1ccc(-c2nc3cc(F)c(F)cc3[nH]2)cc1,1
P3_18538,CN(C)c1ccc2nc(-c3cc(N)ccc3Cl)[nH]c2c1,1
P3_18539,COC(=O)c1ccc(-c2nc3cc(N(C)C)ccc3[nH]2)cc1F,1
P3_18540,CCN(CC)c1ccc(-c2nc3cc(C(C)=O)ccc3[nH]2)cc1,1
P3_18541,Nc1cccc(-c2nc3cc(Br)ccc3[nH]2)c1,1
P3_18542,CC(=O)Nc1ccc(-c2nc3ccc(N(C)C)cc3[nH]2)cc1,1
P3_18543,COC(=O)c1ccc(-c2nc3ccc(N(C)C)cc3[nH]2)cc1,1
P3_18544,Cc1cc(-c2nc3cc(F)ccc3[nH]2)ccc1N(C)C,1
P3_18545,Cc1ccc(-c2nc3ccc(N)cc3[nH]2)cc1Cl,1
P3_18546,Cc1cc(-c2nc3cc(Cl)ccc3[nH]2)ccc1N,1
P3_18547,Cc1ccc(-c2nc3cc(Cl)ccc3[nH]2)cc1N,1
P3_18548,Nc1cccc(-c2nc3cc(C(F)F)ccc3[nH]2)c1,1
P3_18549,Cc1cccc(-c2nc3ccc(N)cc3[nH]2)c1,1
P3_18550,COc1ccc(-c2nc3cc(C)ccc3[nH]2)cc1N,1
P3_18551,Cc1cc2nc(-c3ccc(C)c(N)c3)[nH]c2cc1C,1
P3_18552,COc1ccc(-c2nc3cc(Cl)ccc3[nH]2)cc1N,1
P3_18553,COc1ccc(-c2nc3ccc(N)cc3[nH]2)cc1Br,1
P3_18554,COc1ccc(-c2nc3ccc(N)cc3[nH]2)cc1Cl,1
P3_18555,Nc1ccc(-c2nc3cc(F)ccc3[nH]2)c(Cl)c1,1
P3_18556,Cc1cc(-c2nc3ccccc3[nH]2)ccc1N,1
P3_18557,COc1cccc(-c2nc3ccc(N)cc3[nH]2)c1,1
P3_18558,COc1cc(-c2nc3cc(N(C)C)ccc3[nH]2)c(F)cc1Cl,0
P3_18559,CN(C)c1ccc(-c2nc3cc(F)c(F)cc3[nH]2)c(Cl)c1,1
P3_18560,CC(=O)Nc1ccc(-c2nc3cc(C)ccc3[nH]2)cc1,1
P3_18561,COc1ccc(CN2CCN(Cc3ccccc3)CC2)c(F)c1,1
P3_18562,COc1ccc(CN2CCN(Cc3ccccc3)CC2)c(OC)c1,1
P3_18563,COc1ccc(CN2CCN(Cc3ccccc3)CC2)c(Br)c1,1
P3_18564,COc1ccc(CN2CCN(Cc3ccccc3)CC2)c(C)c1,1
P3_18565,COc1ccc(CN2CCN(Cc3ccccc3)CC2)c(Cl)c1,1
P3_18566,COc1ccc(F)c(CN2CCN(Cc3ccccc3)CC2)c1,1
P3_18567,COc1ccc(C)c(CN2CCN(Cc3ccccc3)CC2)c1,1
P3_18568,COc1ccc(OC)c(CN2CCN(Cc3ccccc3)CC2)c1,1
P3_18569,COc1ccc(Cl)c(CN2CCN(Cc3ccccc3)CC2)c1,1
P3_18570,COc1ccc(CN2CCN(Cc3ccc(O)cc3)CC2)c(F)c1,1
P3_18571,COc1ccc(CN2CCN(Cc3cccc(O)c3)CC2)c(F)c1,0
P3_18572,COc1ccc(CN2CCN(Cc3cccc(O)c3)CC2)c(Cl)c1,0
P3_18573,COc1cc(O)cc(CN2CCN(Cc3ccccc3)CC2)c1,1
P3_18574,COc1ccc(C(=O)N2CCN(Cc3ccccc3)CC2)c(O)c1,1
P3_18575,COc1ccc(CN2CCN(Cc3ccc(O)cc3)CC2)c(OC)c1,1
P3_18576,COc1ccc(CN2CCN(Cc3ccc(O)cc3)CC2)c(Br)c1,1
P3_18577,COc1ccc(CN2CCN(Cc3ccc(O)cc3)CC2)c(C)c1,1
P3_18578,COc1ccc(CN2CCN(Cc3ccc(O)cc3)CC2)c(Cl)c1,1
P3_18579,COc1ccc(CN2CCN(Cc3ccccc3)CC2)cc1,1
P3_18580,COc1ccc(CN2CCN(Cc3cccc(O)c3)CC2)c(C)c1,1
P3_18581,COc1ccc(CN2CCN(Cc3cccc(O)c3)CC2)c(OC)c1,1
P3_18582,COc1ccc(CN2CCN(Cc3cccc(O)c3)CC2)c(Br)c1,0
P3_18583,COc1cccc(CN2CCN(Cc3ccccc3)CC2)c1,1
P3_18584,COc1ccc(CN2CCN(Cc3cccc(O)c3)CC2)cc1,0
P3_18585,COc1cccc(CN2CCN(Cc3ccc(O)cc3)CC2)c1,1
P3_18586,COc1cc(CN2CCN(Cc3ccccc3)CC2)cc(OC)c1,1
P3_18587,COc1ccc(Cl)c(CN2CCN(Cc3ccc(O)cc3)CC2)c1,1
P3_18588,COc1c(O)cc(CN2CCN(Cc3ccccc3)CC2)cc1O,1
P3_18589,COc1c(O)cccc1CN1CCN(Cc2ccccc2)CC1,1
P3_18590,COc1cc(CN2CCN(Cc3ccccc3)CC2)c(Cl)cc1O,1
P3_18591,COc1ccc(CN2CCN(Cc3cccc(O)c3F)CC2)cc1,1
P3_18592,COc1ccc(CN2CCN(Cc3ccccc3)CC2)c(F)c1O,1
P3_18593,COc1cccc(CN2CCN(Cc3cccc(O)c3)CC2)c1,0
P3_18594,COc1ccc(CN2CCN(Cc3ccc(F)cc3)CC2)c(F)c1,0
P3_18595,COc1ccc(CN2CCN(Cc3ccc(O)cc3)CC2)cc1,0
P3_18596,COc1cccc(CN2CCN(Cc3cccc(O)c3OC)CC2)c1,1
P3_18597,COc1ccc(CN2CCN(Cc3cccc(F)c3)CC2)c(F)c1,0
P3_18598,COc1cc(Br)c(CN2CCN(Cc3ccccc3)CC2)cc1O,1
P3_18599,COc1ccc(CN2CCN(Cc3cccc(OC)c3)CC2)cc1,0
P3_18600,COc1ccc(CN2CCN(Cc3ccccc3)CC2)cc1O,1
P3_18601,COc1cc(CN2CCN(Cc3ccccc3)CC2)ccc1O,1
P3_18602,COc1cc(F)cc(CN2CCN(Cc3ccccc3)CC2)c1,1
P3_18603,COc1cc(F)c(CN2CCN(Cc3ccccc3)CC2)c(F)c1,0
P3_18604,COc1ccc(CN2CCN(Cc3cccc(O)c3)CC2)c(OC(C)C)c1,1
P3_18605,COc1ccc(CN2CCN(Cc3cccc(O)c3OC)CC2)cc1,1
P3_18606,COc1ccc(CN2CCN(Cc3ccc(F)cc3)CC2)c(OC)c1,0
P3_18607,COc1ccc(CN2CCN(Cc3cc(O)ccc3Cl)CC2)cc1,1
P3_18608,COc1ccc(CN2CCN(Cc3ccccc3)CC2)c(Cl)c1O,1
P3_18609,COc1ccc(CN2CCN(Cc3ccc(C)cc3)CC2)c(F)c1,1
P3_18610,COc1ccc(CN2CCN(Cc3ccc(F)cc3)CC2)c(C)c1,0
P3_18611,COc1ccc(CN2CCN(Cc3cccc(F)c3)CC2)c(OC)c1,1
P3_18612,COc1ccc(CN2CCN(Cc3cccc(C)c3)CC2)c(F)c1,0
P3_18613,COc1cc(CN2CCN(Cc3ccccc3)CC2)cc(OC)c1O,1
P3_18614,COc1cc(OC)c(OC)cc1CN1CCN(Cc2ccccc2)CC1,1
P3_18615,COc1cc(Cl)ccc1CN1CCN(Cc2ccccc2)CC1,1
P3_18616,COc1cc(C)ccc1CN1CCN(Cc2ccccc2)CC1,1
P3_18617,COc1cccc(CN2CCN(Cc3cc(O)cc(OC)c3)CC2)c1,0
P3_18618,COc1cc(F)c(CN2CCN(Cc3ccccc3)CC2)cc1OC,1
P3_18619,COc1ccc(CN2CCN(Cc3ccccc3)CC2)c(F)c1F,1
P3_18620,COc1ccc(CN2CCN(Cc3cccc(O)c3)CC2)c(OC(F)F)c1,1
P3_18621,COc1ccc(CN2CCN(Cc3ccccc3)CC2)c(Br)c1O,1
P3_18622,COc1ccc(CN2CCN(Cc3ccc(Br)cc3)CC2)c(F)c1,0
P3_18623,COc1ccc(CN2CCN(Cc3cc(O)ccc3Br)CC2)cc1,0
P3_18624,COc1cccc(CN2CCN(Cc3cc(O)ccc3Br)CC2)c1,0
P3_18625,COc1ccc(CN2CCN(Cc3cc(O)cc(OC)c3)CC2)cc1,0
P3_18626,COc1ccc(CN2CCN(Cc3cc(O)c(OC)c(O)c3)CC2)cc1,1
P3_18627,COc1cc(Cl)cc(CN2CCN(Cc3ccccc3)CC2)c1,1
P3_18628,COc1cc(C)cc(CN2CCN(Cc3ccccc3)CC2)c1,1
P3_18629,COc1cc(OC)c(CN2CCN(Cc3ccccc3)CC2)c(OC)c1,1
P3_18630,COc1ccc(CN2CCN(Cc3ccccc3OC)CC2)cc1,0
P3_18631,COc1ccc(CN2CCN(Cc3cc(O)cc(F)c3)CC2)cc1,1
P3_18632,COc1ccc(CN2CCN(Cc3ccc(Cl)cc3)CC2)c(OC)c1,1
P3_18633,COc1cccc(CN2CCN(Cc3ccccc3OC)CC2)c1,0
P3_18634,COc1cccc(CN2CCN(Cc3cc(O)c(OC)c(O)c3)CC2)c1,1
P3_18635,COc1ccc(CN2CCN(Cc3ccc(C)cc3)CC2)c(OC)c1,1
P3_18636,COc1ccc(CN2CCN(Cc3ccc(Cl)cc3)CC2)c(C)c1,1
P3_18637,COc1ccc(OC)c(CN2CCN(Cc3ccc(O)c(OC)c3)CC2)c1,1
P3_18638,COc1ccc(CN2CCN(Cc3cccc(C)c3)CC2)c(OC)c1,1
P3_18639,COc1ccc(C(=O)N2CCN(Cc3ccccc3)CC2)c(Cl)c1,0
P3_18640,COc1ccc(C(=O)N2CCN(Cc3ccccc3)CC2)c(C)c1,0
P3_18641,COc1ccc(CN2CCN(Cc3ccc(O)c(OC)c3)CC2)cc1,1
P3_18642,COc1ccc(CN2CCN(Cc3ccc(OC)c(O)c3)CC2)cc1,1
P3_18643,COc1ccccc1CN1CCN(Cc2ccc(O)cc2)CC1,0
P3_18644,COc1ccc(CN2CCN(Cc3ccccc3)CC2)c(OC)c1OC,1
P3_18645,COc1ccc(CN2CCN(Cc3ccc(O)cc3Cl)CC2)cc1,1
P3_18646,COc1ccc(CN2CCN(Cc3ccc(OC)cc3OC)CC2)cc1,1
P3_18647,COc1ccc(CN2CCN(Cc3cccc(O)c3C)CC2)cc1,1
P3_18648,Oc1ccc(CN2CCN(Cc3ccccc3)CC2)c(Cl)c1,1
P3_18649,COc1ccc(CN2CCN(Cc3ccccc3Cl)CC2)c(F)c1,1
P3_18650,COc1ccc(CN2CCN(Cc3ccccc3C)CC2)c(C)c1,1
P3_18651,CCc1ccc(CN2CCN(Cc3ccc(OC)cc3C)CC2)cc1,0
P3_18652,COc1ccc(CN2CCN(Cc3ccccc3)CC2(C)C)c(F)c1,1
P3_18653,COc1ccc(CN2CCN(Cc3ccccc3)[C@H](C)C2)c(F)c1,1
P3_18654,COc1ccc(CN2CCN(Cc3ccccc3)C(C)C2)c(F)c1,1
P3_18655,COc1ccc(CN2CCN(Cc3ccccc3)C(C)(C)C2)c(F)c1,0
P3_18656,COc1ccc(CN2CCN(Cc3ccccc3N)CC2)cc1,1
P3_18657,COc1ccc(CN2CCN(Cc3ccccc3Br)CC2)cc1,0
P3_18658,COc1ccc(CN2CCN(Cc3ccccc3C)CC2)c(Cl)c1,0
P3_18659,COc1ccc(CN2CCN(Cc3ccccc3F)CC2)c(OC)c1,1
P3_18660,COc1ccc(CN2CCN(Cc3ccccc3Cl)CC2)c(C)c1,1
P3_18661,COc1ccc(CN2CCN(Cc3ccccc3OC)CC2)c(F)c1,0
P3_18662,Oc1ccc(CN2CCN(Cc3ccccc3)CC2)cc1,1
P3_18663,COc1ccc(CN2CCN(Cc3ccccc3)C[C@H]2C)c(C)c1,1
P3_18664,COc1ccc(CN2CCN(Cc3ccccc3)CC2C)c(C)c1,1
P3_18665,COc1ccc(CN2CCN(Cc3ccccc3)C(C)C2)c(C)c1,1
P3_18666,COc1ccc(CN2CCN(Cc3ccccc3)[C@H](C)C2)c(C)c1,1
P3_18667,Oc1cccc(CN2CCN(Cc3ccccc3)CC2)c1,1
P3_18668,Cc1ccc(CN2CCN(Cc3ccccc3)CC2)c(F)c1,1
P3_18669,COc1ccc(CN2CCN(Cc3ccccc3N(C)C)CC2)cc1,0
P3_18670,COc1ccc(CN2CCN(Cc3ccccc3)CC2)c(Cl)c1OC,1
P3_18671,COc1ccc(CN2CCN(Cc3ccccc3)CC2)c(C)c1OC,1
P3_18672,COc1ccc(CN2CCN(Cc3ccc(C)cc3OC)CC2)cc1,1
P3_18673,COc1ccc(CN2CCN(Cc3ccc(SC)cc3)CC2)c(OC)c1,1
P3_18674,COc1ccc(CN2CCN(Cc3ccc(OC)c(F)c3)CC2)c(Cl)c1,0
P3_18675,COc1ccc(F)c(CN2CCN(Cc3ccccc3)CC2(C)C)c1,0
P3_18676,Cc1ccc(CN2CCN(Cc3ccccc3)CC2)cc1O,1
P3_18677,COc1ccc(CN2CCN(Cc3ccccc3)CC2)c(Br)c1OC,1
P3_18678,COc1ccc(CN2CCN(Cc3ccc(N)cc3Cl)CC2)cc1,1
P3_18679,COc1ccc(CN2CCN(Cc3ccccc3Br)CC2)c(OC)c1,1
P3_18680,COc1ccc(CN2CCN(Cc3ccccc3Cl)CC2)cc1O,1
P3_18681,COc1ccc(CN2CCN(Cc3ccccc3F)CC2)cc1O,1
P3_18682,COc1ccc(CN2CCN(Cc3cccc(O)c3)CC2)c(Cl)c1OC,1
P3_18683,CCOc1ccc(CN2CCN(Cc3ccccc3)CC2)cc1,1
P3_18684,CCOc1cc(CN2CCN(Cc3ccc(OC)cc3)CC2)ccc1O,1
P3_18685,COc1ccc(CN2CCN(Cc3cccc(F)c3N)CC2)cc1,0
P3_18686,CCOc1ccc(CN2CCN(Cc3cccc(O)c3OC)CC2)cc1,1
P3_18687,COc1ccc(CN2CCN(Cc3ccc(OC)c(F)c3)CC2)c(C)c1,0
P3_18688,COc1ccc(C)c(CN2CCN(Cc3ccccc3)[C@H](C)C2)c1,1
P3_18689,COc1ccc(C)c(CN2CCN(Cc3ccccc3)C(C)C2)c1,1
P3_18690,CCOc1cc(CN2CCN(Cc3cc(OC)ccc3OC)CC2)ccc1O,1
P3_18691,Clc1ccc(CN2CCN(Cc3ccccc3)CC2)c(Cl)c1,1
P3_18692,Cc1ccc(CN2CCN(Cc3ccccc3)CC2)c(C)c1C,1
P3_18693,COc1ccc(CN2CCN(Cc3ccccc3)CC2)cc1C,1
P3_18694,COc1ccc(CN2CCN(Cc3cccc(OC)c3OC)CC2)cc1,0
P3_18695,COc1ccc(CN2CCN(Cc3cccc(O)c3)CC2)c(C)c1OC,1
P3_18696,CCOc1cccc(CN2CCN(Cc3ccc(OC)cc3)CC2)c1,0
P3_18697,CCc1ccc(CN2CCN(Cc3ccc(OC)cc3)CC2)cc1,0
P3_18698,COc1ccc(CN2CCN(Cc3ccccc3)CC2)cc1Cl,1
P3_18699,CCOc1ccc(CN2CCN(Cc3cccc(O)c3)CC2)cc1,1
P3_18700,CC(C)Oc1ccc(CN2CCN(Cc3ccccc3)CC2)cc1,1
P3_18701,CCOc1ccc(CN2CCN(Cc3cccc(O)c3)CC2)c(C)c1,0
P3_18702,COc1ccc(CN2CCN(Cc3ccccc3C)CC2)cc1O,1
P3_18703,COc1cccc(CN2CCN(Cc3ccccc3)CC2(C)C)c1,0
P3_18704,C#Cc1ccc(CN2CCN(Cc3cc(OC)ccc3OC)CC2)cc1,1
P3_18705,CCOc1ccc(CN2CCN(Cc3ccccc3OC)CC2)cc1,0
P3_18706,COc1ccc(CN2CCN(Cc3ccc(OC)c(OC)c3C)CC2)cc1,1
P3_18707,COc1ccc(CN2CCN(Cc3ccc(OC)c(OC)c3Cl)CC2)cc1,1
P3_18708,CC(C)Oc1ccc(CN2CCN(Cc3cccc(O)c3)CC2)cc1,0
P3_18709,CCCCOc1ccc(CN2CCN(Cc3ccccc3)CC2)cc1,1
P3_18710,CCOc1ccc(CN2CCN(Cc3ccc(OC)c(O)c3)CC2)cc1,1
P3_18711,CCCOc1ccc(CN2CCN(Cc3cccc(O)c3)CC2)cc1,1
P3_18712,COc1ccc(CN2CCN(Cc3cccc(O)c3)CC2)cc1Cl,1
P3_18713,COc1ccc(CN2CCN(Cc3ccc(OC)c(OC)c3Br)CC2)cc1,0
P3_18714,Cc1ccc(CN2CCN(Cc3ccc(O)cc3)CC2)c(F)c1,0
P3_18715,COCCOc1ccccc1CN1CCN(Cc2ccccc2)CC1,0
P3_18716,CCOc1ccc(CN2CCN(Cc3ccc(OC)cc3)CC2)cc1,0
P3_18717,COc1c(O)cc(CN2CCN(Cc3ccccc3)C(C)C2)cc1O,1
P3_18718,COc1c(O)cc(CN2CCN(Cc3ccccc3)[C@H](C)C2)cc1O,1
P3_18719,Cc1ccc(CN2CCN(Cc3cccc(O)c3)CC2)c(C)c1,0
P3_18720,CCOc1ccc(CN2CCN(Cc3ccccc3F)CC2)cc1,0
P3_18721,COCc1ccc(CN2CCN(Cc3ccccc3Cl)CC2)cc1,0
P3_18722,CCc1ccc(CN2CCN(Cc3ccccc3OC)CC2)cc1,0
P3_18723,COCc1ccc(CN2CCN(Cc3ccccc3C)CC2)cc1,1
P3_18724,COc1ccc(F)c(CN2CCN(Cc3ccc(O)cc3)CC2)c1,1
P3_18725,COc1ccc(Cl)c(CN2CCN(Cc3cccc(O)c3)CC2)c1,1
P3_18726,COc1ccc(F)c(CN2CCN(Cc3cccc(O)c3)CC2)c1,0
P3_18727,COc1ccc(CN2CCN(Cc3ccc(OC)cc3F)CC2)cc1,1
P3_18728,COc1ccc(CN2CCN(Cc3ccc(O)c(F)c3F)CC2)cc1,1
P3_18729,COc1ccc(CN2CCN(Cc3ccc(O)c(Cl)c3)CC2)c(F)c1,1
P3_18730,COc1ccc(CN2CCN(Cc3cccc(F)c3)CC2)c(Cl)c1,0
P3_18731,COc1ccc(CN2CCN(Cc3ccccc3F)CC2)cc1,1
P3_18732,COc1ccc(CN2CCN(Cc3ccc(Cl)cc3)CC2)c(F)c1,1
P3_18733,COc1ccc(CN2CCN(Cc3cccc(O)c3Cl)CC2)cc1,1
P3_18734,COc1ccc(CN2CCN(Cc3cccc(C)c3)CC2)c(Cl)c1,0
P3_18735,COc1ccc(CN2CCN(Cc3cccc(F)c3)CC2)c(C)c1,0
P3_18736,COc1ccc(CN2CCN(Cc3ccc(O)c(F)c3)CC2)cc1,1
P3_18737,COc1ccc(CN2CCN(Cc3ccc(C)cc3)CC2)c(C)c1,0
P3_18738,COc1ccc(CN2CCN(Cc3cccc(C)c3)CC2)c(C)c1,0
P3_18739,COc1ccc(CN2CCN(Cc3ccc(F)c(O)c3F)CC2)cc1,1
P3_18740,COc1ccc(Cl)c(CN2CCN(Cc3cccc(F)c3)CC2)c1,0
P3_18741,COc1ccccc1CN1CCN(Cc2ccccc2)CC1,0
P3_18742,COc1ccc(CN2CCN(Cc3ccccc3C)CC2)cc1,0
P3_18743,COc1ccc(CN2CCN(Cc3ccccc3Cl)CC2)cc1,1
P3_18744,COc1ccc(F)c(CN2CCN(Cc3ccc(Cl)cc3)CC2)c1,1
P3_18745,COc1ccc(CN2CCN(Cc3ccc(C)cc3)CC2)c(Cl)c1,0
P3_18746,COc1ccc(CN2CCN(Cc3ccc(O)c(C)c3)CC2)cc1,1
P3_18747,COc1ccc(CN2CCN(Cc3ccc(O)c(Cl)c3)CC2)cc1,1
P3_18748,COc1ccc(CN2CCN(Cc3cccc(F)c3)CC2)cc1,0
P3_18749,COc1cccc(CN2CCN(Cc3ccc(F)cc3)CC2)c1,0
P3_18750,COc1ccc(F)c(CN2CCN(Cc3ccc(C)cc3)CC2)c1,0
P3_18751,COc1ccc(CN2CCN(Cc3ccccc3Cl)CC2)c(OC)c1,1
P3_18752,COc1ccc(CN2CCN(Cc3ccccc3C)CC2)c(F)c1,0
P3_18753,COc1ccc(CN2CCN(Cc3ccc(C)cc3F)CC2)cc1,0
P3_18754,COc1ccccc1CN1CCN(Cc2cccc(O)c2)CC1,0
P3_18755,COc1ccc(CN2CCN(Cc3ccc(OC)cc3)CC2)cc1,0
P3_18756,COc1ccc(C)c(CN2CCN(Cc3cccc(F)c3)CC2)c1,0
P3_18757,COc1ccc(C)cc1CN1CCN(Cc2ccccc2)CC1,1
P3_18758,COc1ccc(Cl)cc1CN1CCN(Cc2ccccc2)CC1,1
P3_18759,COc1c(O)cccc1CN1CCN(Cc2cccc(O)c2)CC1,1
P3_18760,COC(=O)c1ccc(CN2CCN(Cc3ccccc3)CC2)c(F)c1,0
P3_18761,COc1cccc(CN2CCN(Cc3cccc(Cl)c3)CC2)c1,1
P3_18762,COc1cccc(CN2CCN(Cc3ccc(C)cc3)CC2)c1,0
P3_18763,COc1ccc(CN2CCN(Cc3cccc(Cl)c3)CC2)cc1,1
P3_18764,COc1ccc(CN2CCN(Cc3cccc(C)c3)CC2)cc1,0
P3_18765,COc1cccc(CN2CCN(Cc3cccc(F)c3)CC2)c1,0
P3_18766,COc1c(O)cccc1CN1CCN(Cc2ccc(O)cc2)CC1,1
P3_18767,COc1ccc(CN2CCN(Cc3cc(F)ccc3F)CC2)cc1,0
P3_18768,COc1ccc(CN2CCN(Cc3ccccc3C)CC2)c(OC)c1,1
P3_18769,COc1ccc(CN2CCN(Cc3ccc(OC)c(F)c3)CC2)c(F)c1,0
P3_18770,COc1ccc(OC)c(CN2CCN(Cc3ccc(O)cc3)CC2)c1,1
P3_18771,COc1ccc(OC)c(CN2CCN(Cc3cccc(O)c3)CC2)c1,1
P3_18772,COc1ccc(OC)c(CN2CCN(Cc3ccc(OC)c(O)c3)CC2)c1,1
P3_18773,COc1cccc(CN2CCN(Cc3ccc(O)c(Cl)c3)CC2)c1,1
P3_18774,COc1cc(CN2CCN(Cc3cccc(O)c3)CC2)cc(OC)c1,0
P3_18775,COc1ccc(CN2CCN(Cc3ccc(C)c(O)c3)CC2)cc1,1
P3_18776,COc1ccc(CN2CCN(Cc3ccc(Cl)c(O)c3)CC2)cc1,1
P3_18777,COc1cccc(CN2CCN(Cc3ccc(C)c(O)c3)CC2)c1,1
P3_18778,COc1cc(CN2CCN(Cc3ccccc3)CC2)cc(F)c1O,0
P3_18779,COc1cccc(CN2CCN(Cc3ccc(O)c(C)c3)CC2)c1,1
P3_18780,COc1cccc(CN2CCN(Cc3ccc(OC)c(O)c3)CC2)c1,1
P3_18781,COc1ccc(CN2CCN(Cc3cc(O)cc(Cl)c3)CC2)cc1,1
P3_18782,COc1cc(O)cc(CN2CCN(Cc3cccc(O)c3)CC2)c1,0
P3_18783,COc1ccc(OC)c(CN2CCN(Cc3ccc(C)c(O)c3)CC2)c1,1
P3_18784,COc1cc(O)cc(CN2CCN(Cc3ccc(O)cc3)CC2)c1,0
P3_18785,Cc1cc(CN2CCN(Cc3ccccc3)CC2)ccc1O,1
P3_18786,COc1ccc(CN2CCN(Cc3cccc(O)c3)CC2)c(OC)c1OC,1
P3_18787,COc1cccc(CN2CCN(Cc3cccc(O)c3)CC2)c1Cl,1
P3_18788,CCOc1ccc(CN2CCN(Cc3cccc(O)c3)CC2)c(Cl)c1,0
P3_18789,CCc1ccc(CN2CCN(Cc3cc(O)cc(OC)c3)CC2)cc1,0
P3_18790,COc1cccc(CN2CCN(Cc3ccc(O)cc3)CC2)c1F,1
P3_18791,COc1cc(OC)c(CN2CCN(Cc3cccc(O)c3)CC2)c(OC)c1,0
P3_18792,COCCOc1ccc(CN2CCN(Cc3cccc(O)c3)CC2)cc1,0
P3_18793,COCc1cccc(CN2CCN(Cc3ccc(O)cc3)CC2)c1,1
P3_18794,COCc1ccc(CN2CCN(Cc3cccc(O)c3)CC2)cc1,0
P3_18795,COc1cccc(CN2CCN(Cc3cccc(O)c3)CC2)c1OC,1
P3_18796,COc1ccc(CN2CCN(Cc3cccc(O)c3)CC2)cc1O,1
P3_18797,COc1ccc(CN2CCN(Cc3cccc(F)c3)CC2)c(F)c1O,1
P3_18798,COc1cccc(CN2CCN(Cc3cccc(O)c3)CC2)c1C,0
P3_18799,COc1cccc(C(C)N2CCN(Cc3ccc(O)cc3)CC2)c1,1
P3_18800,CCOc1ccc(CN2CCN(Cc3ccc(O)cc3)CC2)c(Cl)c1,1
P3_18801,CCOc1ccc(CN2CCN(Cc3ccc(O)cc3)CC2)c(C)c1,1
P3_18802,COc1cc(CN2CCN(Cc3ccccc3F)CC2)cc(O)c1OC,0
P3_18803,COc1ccc(CN2CCN(Cc3ccc(O)cc3)CC2)cc1O,1
P3_18804,COc1ccc(CN2CCN(Cc3cccc(O)c3)CC2)c(Br)c1O,1
P3_18805,COc1cccc(C(C)N2CCN(Cc3cccc(O)c3)CC2)c1,1
P3_18806,COc1ccc(CN2CCN(Cc3cccc(O)c3)CC2)c(Br)c1OC,1
P3_18807,COc1cc(CN2CCN(Cc3ccccc3F)CC2)cc(F)c1O,1
P3_18808,CC(C)Oc1ccc(CN2CCN(Cc3ccccc3)CC2)cc1O,1
P3_18809,COc1cccc(CN2CCN(Cc3ccc(O)cc3)CC2)c1Cl,0
P3_18810,COc1cccc(CN2CCN(Cc3ccc(O)cc3)CC2)c1C,0
P3_18811,CCc1ccc(CN2CCN(Cc3cccc(O)c3OC)CC2)cc1,0
P3_18812,COc1cccc(CN2CCN(Cc3ccc(O)cc3)CC2)c1OC,0
P3_18813,CCc1ccccc1CN1CCN(Cc2ccc(O)cc2)CC1,1
P3_18814,COc1ccc(CN2CCN(Cc3cccc(F)c3)CC2)c(Br)c1O,1
P3_18815,COc1ccc(CN2CCN(Cc3ccc(O)cc3)CC2)c(Br)c1O,1
P3_18816,COc1ccc(CN2CCN(Cc3ccc(F)cc3)CC2)c(F)c1O,0
P3_18817,COCc1cccc(CN2CCN(Cc3ccc(O)c(Cl)c3)CC2)c1,1
P3_18818,COc1cccc(CN2CCN(Cc3ccc(O)cc3)CC2)c1Br,1
P3_18819,COc1cc(CN2CCN(Cc3ccc(F)cc3)CC2)ccc1O,1
P3_18820,COc1ccc(CN2CCN(Cc3cccc(O)c3)CC2)cc1OC,0
P3_18821,COCc1cccc(CN2CCN(Cc3cccc(O)c3)CC2)c1,0
P3_18822,COc1ccc(CN2CCN(Cc3ccc(O)cc3)CC2)cc1OC,1
P3_18823,COC(=O)c1ccc(CN2CCN(Cc3cccc(O)c3)CC2)c(OC)c1,0
P3_18824,COCC(C)Oc1ccc(CN2CCN(Cc3cccc(O)c3)CC2)cc1,1
P3_18825,COC(=O)COc1ccc(CN2CCN(Cc3cccc(O)c3)CC2)cc1,1
P3_18826,CCOc1ccc(CN2CCN(Cc3cc(O)ccc3Cl)CC2)cc1,1
P3_18827,CCOc1cccc(CN2CCN(Cc3ccc(O)cc3)CC2)c1,0
P3_18828,CCOc1ccccc1CN1CCN(Cc2ccc(O)cc2)CC1,0
P3_18829,Oc1ccc(CN2CCN(Cc3cccc(O)c3F)CC2)cc1,1
P3_18830,CCOc1ccc(CN2CCN(Cc3ccc(O)cc3)CC2)cc1,0
P3_18831,COCc1ccc(CN2CCN(Cc3ccc(O)cc3)CC2)cc1,0
P3_18832,CC=Cc1nc(NCCO)c2ccccc2n1,1
P3_18833,OCC[S+]C1=NC(Nc2ccc(Cl)c(Cl)c2)c2ccccc21,1
P3_18834,CN1C=NC(Nc2ccc(Cl)c(Cl)c2)c2ccccc21,1
P3_18835,OB=Cc1nc(Nc2ccc(Cl)c(Cl)c2)nc2ccccc12,1
P3_18836,OCCNc1nc(N2[C+]C=CC(Cl)=CC=C2)nc2ccccc12,1
P3_18837,Clc1ccc(OCNBr)cc1Cl,1
P3_18838,C=[B-]c1nc(Nc2ccc(Cl)c(Cl)c2)nc2ccccc12,1
P3_18839,[B-]N(CCO)c1nc(Nc2ccc(Cl)c(Cl)c2)nc2ccccc12,1
P3_18840,OCNC1=NN(c2ccc(Cl)c(Cl)c2)Cc2ccccc21,0
P3_18841,CC=C(Cl)C(Cl)=CNc1nc(NCCO)c2ccccc2n1,1
P3_18842,C[N+]1[P-]C(Cl)=CC=CN1c1nc2ccccc2[nH]1,1
P3_18843,Clc1ccc(NCc2cccnn2)cc1Cl,1
P3_18844,Clc1ccc(OCCN2N=Cc3ccccc3N2)cc1Cl,1
P3_18845,OCCNc1cccccnc(Nc2ccc(Cl)c(Cl)c2)nc1,1
P3_18846,CCNc1nc(NCC=CC(Cl)=CCO)nc2ccccc12,1
P3_18847,OCCN1CC(Nc2ccc(Cl)c(Cl)c2)=Nc2ccccc21,1
P3_18848,Cc1ccc(Cl)c(Cl)c1-c1nc(NCCO)c2ccccc2n1,1
P3_18849,ClOCCc1nc(Nc2ccc(Cl)cc2)nc2ccccc12,1
P3_18850,NCc1nc(Nc2ccc(Cl)c(Cl)c2)nc2ccccc12,1
P3_18851,CC=CCc1nc(NC2=C(Cl)C(Cl)=C2)nc2ccccc12,1
P3_18852,OCCNc1nc(N2C=CCC(Cl)=C2Cl)nc2ccccc12,1
P3_18853,CC1=c2nc(Nc3ccc(Cl)c(Cl)c3)ncc2=CC1,1
P3_18854,[C-]c1ccc(Nc2nc(NCCO)c3ccccc3n2)cc1Cl,1
P3_18855,OCCNc1nc(N2CC=C(Cl)C(Cl)C2)nc2ccccc12,1
P3_18856,ClC(Br)=CCNc1ncc2ccccc2n1,1
P3_18857,OCCNC1=NC(Nc2ccc(Cl)c(Cl)c2)=NCC1=CC1=CC1,1
P3_18858,Clc1ccc(Nc2ncccccc3c(n2)NCCO3)cc1Cl,1
P3_18859,[O-]c1nc(Nc2ccc(Cl)c(Cl)c2)nc2ccccc12,1
P3_18860,CC=C[N+]=CCNC1=NC(Nc2ccc(Cl)c(Cl)c2)=NCC1,1
P3_18861,ClC1=CCN(CCNc2ccccccncn2)C=C1Cl,1
P3_18862,OCCBc1nc(-c2ccc(Cl)c(Cl)c2)nc2ccccc12,1
P3_18863,OC[B-]Nc1nc(-c2ccc(Cl)c(Cl)c2)nc2ccccc12,1
P3_18864,OCCNc1nc(N=C2C=C(Cl)C(Cl)=CC2)nc2ccccc12,1
P3_18865,CC(=CC(C)CCl)Nc1nc(NCCO)c2ccccc2n1,1
P3_18866,OCB=Nn1c(Nc2ccc(Cl)c(Cl)c2)nc2ccccc21,1
P3_18867,ClN=C1CN(Nc2ncnc3ccccc23)CC=C1Cl,1
P3_18868,OCCNc1nc(C2=CCC(Cl)=C2)nc2ccccc12,1
P3_18869,C=CC=CC1(CCO)N=C1Nc1ccc(Cl)c(Cl)c1,1
P3_18870,CC=C(Cl)CNc1nc(NCCOCl)c2ccccc2n1,1
P3_18871,CNC1=NC(Nc2ccc(Cl)c(Cl)c2)=Nc2ccccc2O1,1
P3_18872,CNc1ccc(Cl)c(Cl)c1,1
P3_18873,Nc1cccc2c1C(c1ccc(Cl)c(Cl)c1)N=CN2CCO,1
P3_18874,OCCNC1=NCN(c2ccc(Cl)cc2)CC1,0
P3_18875,Clc1ccc(NC2=NC(NCCOc3ccccc3)=N2)cc1Cl,1
P3_18876,OCCNc1nc(N2C=CC=C(Cl)C=C2Cl)nc2ccccc12,1
P3_18877,CCNc1n[b+]c(NC2=C(Cl)CC(C)=C2)nc2ccccc12,1
P3_18878,Clc1cccc(Nc2ncc3ccccc3n2)c1,1
P3_18879,Clc1ccc(NC2CCC=N2)cc1Cl,1
P3_18880,CC1(c2nc(NCCO)c3ccccc3n2)OCC=C(Cl)C1Cl,1
P3_18881,Cn1cc(Cl)c(Cl)c1-c1nc(NCCO)c2ccccc2n1,1
P3_18882,Clc1ccc(NCC=CC2C=NC=N2)cc1Cl,1
P3_18883,OCCNC1=NC(Nc2ccc(Cl)c(Cl)c2)=NC=CCC1,1
P3_18884,CCNc1nc(NC2C=CC(Cl)=CCO2)nc2ccccc12,1
P3_18885,CCNC1=NC(Nc2ccc(Cl)c(Cl)c2)=NCC1,0
P3_18886,CC=C(Nc1nc(CCOC)c2ccccc2n1)C(Cl)CCl,1
P3_18887,NCCc1nc(Nc2ccc(Cl)c(Cl)c2)nc2ccccc12,1
P3_18888,OCCCc1nc(Nc2ccc(Cl)c(Cl)c2)nc2ccccc12,1
P3_18889,C=C1C(Cl)=CC=C[P-]1c1nc(NCCO)cc2cccc-2n1,1
P3_18890,Clc1ccc(Nc2ncc3c(n2)CC=C3)cc1Cl,1
P3_18891,NOCCc1nc(-c2ccc(Cl)c(Cl)c2)nc2ccccc12,1
P3_18892,CC=CC=C1N=C(Nc2ccc(Cl)c(Cl)c2)N=C1CCO,1
P3_18893,COCCc1nc(NC2C=C(Cl)C(Cl)=C2)nc2ccccc12,1
P3_18894,CN(c1ccc(Cl)c(Cl)c1)c1nc(NCCO)c2ccccc2n1,1
P3_18895,ClC1=CCC1N1CN=C(CCOc2ccccc2)N1,0
P3_18896,COCCC1=NC(Nc2ccc(Cl)c(Cl)c2)=NC=CC1,1
P3_18897,CCC=C1CN=C(Nc2ccc(Cl)c(Cl)c2)N=C1NCCO,1
P3_18898,OCCN=Bc1nc(Nc2ccc(Cl)c(Cl)c2)nc2ccccc12,1
P3_18899,OCCNc1nc(N2C=C=C(Cl)C(Cl)=C2)nc2ccccc12,1
P3_18900,ClC=CC(C=CCl)N1CN=C(CCOc2ccccc2)N1,0
P3_18901,NC1=[C+]CN(c2cccc(Cl)c2)Nc2ccccc21,1
P3_18902,Clc1ccc(NSC2=NC=C2)cc1Cl,1
P3_18903,Oc1nc(NC(Cl)=CCl)nc2ccccc12,1
P3_18904,OCCNc1nc(NC2=CC(=CCl)C[C+]=C2)nc2ccccc12,1
P3_18905,OCCNc1nc(NC2=C(Cl)CC=C2)nc2ccccc12,1
P3_18906,Cc1cccc2nc(C(C=CCl)C=CCl)nc(NCCO)c12,1
P3_18907,ClOCc1nc(Nc2ccccc2)nc2ccccc12,1
P3_18908,OCCNC1=NN(c2ccc(Cl)cc2)Cc2ccccc21,1
P3_18909,OCCNc1cccccc(Nc2ccc(Cl)c(Cl)c2)ncn1,1
P3_18910,N=C1S#CCCN1Cc1ccc(Cl)c(Cl)c1,0
P3_18911,CCNc1nc(-c2ccc(Cl)c(N)c2)nc2ccccc12,1
P3_18912,COCCC1(Nc2ccc(Cl)c(Cl)c2)Nc2ccccc21,1
P3_18913,OCCNc1nc(NC2=CC(Cl)=C2)nc2ccccc12,1
P3_18914,OCCNc1nc(NC2=CCC=C2)nc2ccccc12,1
P3_18915,O[N+]CCc1nnnc2cccc(-c3ccc(Cl)c(Cl)c3)c12,1
P3_18916,CCCC=C1CN=C(Nc2ccc(Cl)c(Cl)c2)N1,1
P3_18917,CCOc1nc2sn[n+](CC)cc(Cl)c=2[nH]c2ccccc12,1
P3_18918,OCCNc1nc(NC=C2C=C(Cl)CC(Cl)=C2)nc2ccccc12,1
P3_18919,CCNc1nc(Nc2ccc(Cl)cc2)nc2ccccc12,1
P3_18920,OCCNC1=NC(=Nc2ccccc2)N1c1ccc(Cl)c(Cl)c1,1
P3_18921,C=C1C=C(Cl)C=C1Nc1nc(NCCO)c2ccccc2n1,1
P3_18922,OCCNc1nc(NC2=C(Cl)C[B+]C(Cl)=C2)nc2ccccc12,1
P3_18923,CC1=CC(Nc2nc(NCCO)c3ccccc3n2)=CC1,1
P3_18924,CC=C(c1ccccc1NCCO)N1C=C(Cl)C(Cl)=CC1,1
P3_18925,OCCNCc1ccccc1Nc1ccc(Cl)c(Cl)c1,1
P3_18926,NC1=NCN(c2ccc(Cl)c(Cl)c2)C(c2ccccc2N)C1,0
P3_18927,CNc1nc(NCCO)c2ccccc2n1,1
P3_18928,[C+]c1ccc(Nc2nc(CCO)c3ccccc3n2)cc1Cl,1
P3_18929,COCNc1nc(NC2C=C(Cl)C2)nc2ccccc12,1
P3_18930,Fc1cccc(Nc2cccc3c2OCCNC(Cl)=N3)c1,1
P3_18931,Cc1cc(Nc2nc(NCCO)c3ccccc3n2)ccc1Cl,1
P3_18932,OCCNc1nc(C(C=CCl)C=CCl)nc2ccccc12,1
P3_18933,N#CCC(CCO)=NCc1ccc(Cl)c(Cl)c1,1
P3_18934,OCCNC1=NC(Nc2ccc(Cl)c(Cl)c2)c2ccccc21,1
P3_18935,NOCCc1nc(-c2ccc(Cl)cc2)nc2ccccc12,1
P3_18936,OCCNc1nc(C2=C=C(Cl)C(Cl)=C2)nc2ccccc12,1
P3_18937,NC=Cc1[nH]c2ccccc2c1CCO,1
P3_18938,CC=CC=C1C(NCC)=NC1Nc1ccc(Cl)c(Cl)c1,1
P3_18939,N=C1C=C(C=NCc2ccc(Cl)c(Cl)c2)COC1,1
P3_18940,OCC1(Nc2ccc(Cl)c(Cl)c2)C=CC1,1
P3_18941,OCCNc1nc(NC2=CC[C-](Cl)C(Cl)=C2)nc2ccccc12,1
P3_18942,[C+]c1cc(Nc2nc(CCO)c3ccccc3n2)ccc1Cl,1
P3_18943,CO[B-]Nc1cccccc(Nc2cccc(Cl)c2)ncn1,1
P3_18944,OCCNC1=[N+]C(Nc2ccc(Cl)cc2Cl)=Nc2ccccc21,1
P3_18945,C=C(Cl)C(Cl)=CN(C)c1nc(NCCO)c2ccccc2n1,1
P3_18946,Cc1cccc2c(CO)nc(Nc3ccc(Cl)c(Cl)c3)nc12,1
P3_18947,Clc1ccc(Nc2nnc3ccccc3n2)cc1Cl,1
P3_18948,Clc1ccc(NCCC2=NC=C2)cc1Cl,1
P3_18949,OCCNc1ccccc#cnc(Nc2ccc(Cl)cc2)n1,1
P3_18950,OCCN1NC(Nc2ccc(Cl)c(Cl)c2)=NC2=C1CCC=C2,1
P3_18951,CC(Cl)C(Cl)=CCNc1nc(CCO)c2ccccc2n1,1
P3_18952,OCCNc1nc(N2C=C(Cl)C=CC2)nc2ccccc12,1
P3_18953,ClOCCNc1nc(Nc2ccccc2)nc2ccccc12,1
P3_18954,ClC1=CC(N2CN=C(CCOc3ccccc3)N2)C=C1Cl,0
P3_18955,OCC[B-]c1nc(Nc2ccc(Cl)c(Cl)c2)nc2ccccc12,1
P3_18956,OCCNC1C=Cc2cnc(Nc3ccc(Cl)c(Cl)c3)nc21,1
P3_18957,OCCNc1nc(N2C(Cl)=CCC2=CCl)nc2ccccc12,1
P3_18958,CC=CNc1nc(NCCO)c2ccccc2n1,1
P3_18959,OCCNC1=[C+]C(Nc2ccc(Cl)c(Cl)c2)=Nc2ccccc21,1
P3_18960,OCCc1nc(Nc2ccc(Cl)c(Cl)c2)ncccc[nH]1,1
P3_18961,CC(C)(CCl)Nc1nc(NCCO)c2ccccc2n1,1
P3_18962,C=C1C(Cl)=CC(Nc2nc(CCO)c3ccccc3n2)=C1Cl,1
P3_18963,OCCNC1=[N+]C(Nc2ccc(Cl)c(Cl)c2)=Nc2ccccc21,1
P3_18964,CC=CC(Cl)=Cc1nc(NCCO)c2ccccc2n1,1
P3_18965,CNc1nc(C=C(Cl)CCl)c2ccccc2n1,1
P3_18966,OCCNC1=NN(Nc2ccc(Cl)c(Cl)c2)c2cccc1c2,1
P3_18967,Clc1ccc(NBr)cc1Cl,1
P3_18968,OCCNc1nc(C=CC=C(Cl)Cl)nc2ccccc12,1
P3_18969,CC1=CC=C(Nc2nc(NCCO)c3ccccc3n2)C1,1
P3_18970,OC1=NCN(c2ccc(Cl)c(Cl)c2)CC1,0
P3_18971,CC(=CC(Cl)CCl)c1nc(NCCO)c2ccccc2n1,1
P3_18972,CC=CCN1OCCCCN=C1Nc1ccc(Cl)c(Cl)c1,0
P3_18973,OCCc1ccc2cnc(Nc3ccc(Cl)c(Cl)c3)nc2c1,1
P3_18974,CC1=C(Nc2nc(NCCO)c3ccccc3n2)C(Cl)=C1,1
P3_18975,Clc1ccc(NC2=NCCC2)cc1Cl,1
P3_18976,OCn1c(NC=CCSCl)nc2ccccc21,1
P3_18977,ClC1=[C+]CC(=CNc2nnc3ccccc3n2)C=C1Cl,1
P3_18978,CNc1nc(Nc2ccc(Cl)c(Cl)c2)nc2c1=CCC=2,1
P3_18979,N=c1c2ccccc2nc(CC=CCl)n1CCO,1
P3_18980,CC(C)C(Cl)=Cn1cnc2ccccc21,1
P3_18981,OCCNc1nc(-c2cccc(Cl)c2)nc2ccccc12,1
P3_18982,C=C(Cl)C(C=Cc1nc(NCCO)c2ccccc2n1)OC,1
P3_18983,OCCNc1ncnc2c(-c3ccc(Cl)c(Cl)c3)cccc12,1
P3_18984,Clc1ccc(NN2N=NCCOc3ccccc32)cc1Cl,1
P3_18985,CN1CCCC(Nc2ccc(Cl)c(Cl)c2)N1,0
P3_18986,CCNC1=NC(Nc2ccc(Cl)c(Cl)c2)=Nc2ccccc2O1,1
P3_18987,OCCNc1nc(NCC=C(Cl)Cl)nc2ccccc12,1
P3_18988,OCCNN1CN(c2ccc(Cl)c(Cl)c2)Nc2ccccc21,1
P3_18989,ClC=CC=C1NN=C(CCOc2ccccc2)N1,1
P3_18990,CCNc1nc(N2C=C(Cl)C(Cl)=CC2)nc2ccccc12,1
P3_18991,OCCNC1=NC(Nc2ccc(Cl)c(Cl)c2)=[C+]c2ccccc21,1
P3_18992,CCNc1nc(NCC=C(Cl)CCl)nc2ccccc12,1
P3_18993,Clc1ccc(OCCNc2ncnc3ccccc23)cc1Cl,1
P3_18994,Cc1ccc(NCCO)nn(-c2ccc(Cl)c(Cl)c2)cnc1,1
P3_18995,CCC(Cl)=CCc1cccccn(CCO)cn1,1
P3_18996,OCCNc1nc(NC2=CC=C[C-]C2=CCl)nc2ccccc12,1
P3_18997,CC=C(Cl)C(Cl)=Nc1nc(NCCO)c2ccccc2n1,1
P3_18998,Cc1cccc2nc(C3=[C+]C=C(Cl)C(Cl)=C3)nc(NCCO)c12,0
P3_18999,C=C(C=C(Cl)Cl)Nc1nc(NCCO)c2ccccc2n1,1
P3_19000,OCCNc1nc(N2C=C(Cl)CC(Cl)=C2)nc2ccccc12,1
P3_19001,Nc1nc(Nc2ccc(Cl)c(Cl)c2)nc2ccccc12,1
P3_19002,OCCNc1nc(CC=C(Cl)CCCl)nc2ccccc12,1
P3_19003,OCCN1Cc2ccccc2N(Nc2ccc(Cl)c(Cl)c2)N1,1
P3_19004,[N+]c1ccc(N2Cc3ccccc3C(NCCO)=N2)cc1Cl,0
P3_19005,CNc1nc(Nc2ccc(Cl)c(Cl)c2)nc2ccccc12,1
P3_19006,ClC=CC1=CC=C(Cl)C(CCOc2ccccc2)=NCN[N+]1,1
P3_19007,OCCNc1nc(NC2=CC=CC2(Cl)Cl)nc2ccccc12,1
P3_19008,NCCNc1nc(N2C=C(Cl)C(Cl)=CC2)nc2ccccc12,1
P3_19009,Cc1cccc2c(NCCO)nc(C3=C[S+]C3)nc12,1
P3_19010,OCN1Cc2ccccc2N(Nc2ccc(Cl)c(Cl)c2)N1,1
P3_19011,OCCNc1nc(C2=CC=C(Cl)[C-](Cl)C2)nc2ccccc12,1
P3_19012,OCCNc1nc(NCC(Cl)Cl)nc2ccccc12,1
P3_19013,NOCc1ccccccnc(-c2ccc(Cl)c(Cl)c2)n1,1
P3_19014,CC1C=C(Nc2nc(NCCO)c3ccccc3n2)CC1,1
P3_19015,CC=CCC1=NC(Nc2ccc(Cl)c(Cl)c2)=NCO[N+]=C1,0
P3_19016,NC1(Nc2ccc(Cl)c(Cl)c2)N=C(CCO)c2ccccc21,1
P3_19017,[O+]#CC(Nc1ccc(Cl)c(Cl)c1)c1ccccc1,1
P3_19018,Clc1ccc(Nc2nc3cccccc-3n2)cc1Cl,1
P3_19019,OCCNc1nc(C2=CC(Cl)C(Cl)=C2)nc2ccccc12,1
P3_19020,OCCNc1nc(NC=CCl)nc2ccccc12,1
P3_19021,OCc1ccnc(Nc2ccc(Cl)c(Cl)c2)n1,1
P3_19022,OCC[O+]1NC(Nc2ccc(Cl)c(Cl)c2)=Nc2ccccc21,1
P3_19023,OCCN1Cc2ccccc2N=C1c1ccc(Cl)c(Cl)c1,0
P3_19024,C[P+]1CC(Cl)=CC=CN1c1nc(NCCO)c2ccccc2n1,1
P3_19025,OCCC1C(Nc2ccc(Cl)c(Cl)c2)=Nc2ccccc21,0
P3_19026,OCCNc1nc(C2=CC=C(Cl)C2Cl)nc2ccccc12,1
P3_19027,OCCNc1nc(N2CC=C(Cl)C(Cl)=CC2)nc2ccccc12,1
P3_19028,OCCNc1nc(NC2=CC#[P-]C(Cl)=C2)nc2ccccc12,1
P3_19029,OCCNc1nc(NCC=C(Cl)CCCl)nc2ccccc12,1
P3_19030,OCCNc1nc(NCC=C(F)Cl)nc2ccccc12,1
P3_19031,CN1CCN=C(Nc2ccc(Cl)c(Cl)c2)N1,0
P3_19032,OCCc1nn(Nc2ccc(Cl)c(Cl)c2)c2ccccc12,1
P3_19033,C#Cc1nc(NCCO)c2ccccc2n1,1
P3_19034,[S+]#CCNc1nc(NC2=CCC(Cl)=C2)nc2ccccc12,1
P3_19035,CC1=CC(Nc2nc(NCCO)c3ccccc3n2)=C(Cl)C1,1
P3_19036,CC1=CC(Nc2nc(NCCO)c3ccccc3n2)=C1,1
P3_19037,OCCNc1nc(NC2=CCB(Cl)C(Cl)=C2)nc2ccccc12,1
P3_19038,OCCNC1=CN(c2ccc(Cl)c(Cl)c2)Nc2ccccc21,1
P3_19039,OCCNc1cc2cccc-2nc(Nc2cccc(Cl)c2)n1,1
P3_19040,C=C=C1CN=C(Nc2ccc(Cl)c(Cl)c2)N=C1SCCO,1
P3_19041,OCCNc1nc(N2C=CC(Cl)=CC2)nc2ccccc12,1
P3_19042,CCNCC=C1C(O)=NN1c1ccc(Cl)c(Cl)c1,1
P3_19043,OCCNc1nc(N2C=C([C-]Cl)C(Cl)=CC2)nc2ccccc12,1
P3_19044,OCCB=Nc1nc(NCC=C(F)Cl)nc2ccccc12,1
P3_19045,CNc1nc(CC=C(Cl)CCCl)nc2ccccc12,1
P3_19046,CC(=CC=CCl)Nc1nc(NCCO)c2ccccc2n1,1
P3_19047,Clc1ccc(NN2N=CCc3ccccc32)cc1Cl,1
P3_19048,CCc1cccn1-c1nc(NCCO)c2ccccc2n1,1
P3_19049,OCCNc1nc(NC(C=CCl)=C2C=C2)nc2ccccc12,1
P3_19050,C=BON1NC(Nc2ccc(Cl)c(Cl)c2)=Nc2ccccc21,1
P3_19051,ONc1nc(Nc2cccc(Cl)c2)nc2ccccc12,1
P3_19052,Clc1cccc(OCCNC2C=Nc3ccccc32)c1,1
P3_19053,C=CCNc1nc(NC2C=C(C)C2)nc2ccccc12,1
P3_19054,OCCNc1nc(NC2=CC=C(Cl)C(=CCl)C2)nc2ccccc12,1
P3_19055,OCCNc1nc(N2C=CC=CC(Cl)=C2)nc2ccccc12,1
P3_19056,C=CCNc1nc(NC2=CC=C2Cl)nc2ccccc12,1
P3_19057,CCC(=CCl)Nc1nc(NCCO)c2ccccc2n1,1
P3_19058,COCNC1=NC(Nc2ccc(Cl)c(Cl)c2)=NC=CC1,1
P3_19059,OCNc1nc(Nc2ccc(Cl)cc2)nc2ccccc12,1
P3_19060,OCCNc1nc(N=[P-]c2ccc(Cl)cc2)nc2ccccc12,1
P3_19061,OCCNc1nc(Nc2cccc(Cl)c2)nc2ccccc12,1
P3_19062,CNC1=NC(Nc2ccc(Cl)c(Cl)c2)=NC(=CCCCO)C1,1
P3_19063,OCCC1=NN(c2ccc(Cl)c(Cl)c2)C=Nc2ccccc21,1
P3_19064,CC1C=C(Cl)C(Cl)=CN1c1nc(NCO)c2ccccc2n1,0
P3_19065,CCNCc1ccccccnc(Nc2ccc(Cl)c(Cl)c2)n1,1
P3_19066,OCCNc1nc(NCC=CCl)nc2ccccc12,1
P3_19067,OCCNC1=NC(c2ccc(Cl)c(Cl)c2)c2ccccc21,1
P3_19068,Cc1nc(Nc2ccc(Cl)c(Cl)c2)nc2ccccc12,1
P3_19069,OCCNC1=CN(c2ccc(Cl)c(Cl)c2)c2ccccc2[N-]1,1
P3_19070,O=C(Nc1ccc(Cl)c(Cl)c1)c1ccccc1CNCCO,1
P3_19071,Cc1ccnc(Nc2ccc(Cl)c(Cl)c2)n1,1
P3_19072,OCCN1NC([N-]c2ccc(Cl)c(Cl)c2)=Nc2ccccc21,1
P3_19073,CC1C=CC(Nc2nc(NCCO)c3ccccc3n2)=C1Cl,1
P3_19074,CCC=C=C1CN=C(Nc2ccc(Cl)c(Cl)c2)N1,1
P3_19075,OCCNc1nc(C2=C=C(Br)C(Cl)=C2)nc2ccccc12,1
P3_19076,NC(=Nc1ccccc1CCCO)Nc1ccc(Cl)c(Cl)c1,1
P3_19077,CCN1CC(Nc2ccc(Cl)c(Cl)c2)=Nc2c(O)cccc21,1
P3_19078,OCCNCc1ccccc1N=C(Cl)c1ccc(Cl)cc1,1
P3_19079,OCCNc1nc(N2C=CCC(Cl)C2)nc2ccccc12,1
P3_19080,OCCC1=[B-]C(Nc2ccc(Cl)c(Cl)c2)=Nc2ccccc21,1
P3_19081,CNc1nc(NC=C(C)CCCl)nc2ccccc12,1
P3_19082,CC=CC=CNc1nc(CCO)c2ccccc2n1,1
P3_19083,C=C1C=[PH]=c2c(CCO)nc(Nc3ccc(Cl)c(Cl)c3)nc2=C1,1
P3_19084,OCCNC1=NN(c2cccc(Cl)c2)Nc2ccccc21,1
P3_19085,OCCNc1nc(C2C=C(Cl)C(Cl)=C2)nc2ccccc12,1
P3_19086,OCCNC1=NC(Nc2ccc(Cl)c(Cl)c2)=Nc2ccc1cc2,1
P3_19087,NCCNc1nc(-c2ccc(Cl)c(Cl)c2)nc2ccccc12,1
P3_19088,OCCNc1nc(C2=C(Cl)CC=C2)nc2ccccc12,1
P3_19089,CC(Cl)=CN1Cc2ccccc2C(NCCO)=N1,0
P3_19090,OCCNc1nc([C-]c2ccc(Cl)c(Cl)c2)nc2ccccc12,1
P3_19091,CC=C(C=CC=CCl)Cc1nc(NCCO)c2ccccc2n1,1
P3_19092,COCc1nc(N2C=CC(Cl)C(Cl)=C2)nc2ccccc12,1
P3_19093,Clc1ccc(N2CN=C(CCOc3ccccc3)N2)cc1Cl,1
P3_19094,[B+]c1cccccnc(Nc2ccc(Cl)c(Cl)c2)nc1NC,1
P3_19095,CCNC1=NN(Oc2ccc(Cl)c(Cl)c2)C=NCC1,1
P3_19096,CNOCc1nc(C=CC(C)C)nc2ccccc12,1
P3_19097,CCc1nc(NCC2=C(Cl)CCO2)c2ccccc2n1,1
P3_19098,OCCNC1=NC(Nc2ccc(Cl)c(Cl)c2)c2ccccc2O1,1
P3_19099,CCCNc1nc(NC2=C(Cl)C(Cl)=CC2)nc2ccccc12,1
P3_19100,C=C1C(Cl)=CC=CN1c1nc(NCCO)c2ccccc2n1,1
P3_19101,CN=C(Cl)C(Cl)=CCc1nc(NCCO)c2ccccc2n1,1
P3_19102,OCCNc1nc(N=Bc2ccc(Cl)c(Cl)c2)nc2ccccc12,1
P3_19103,OCCC1=NCN(c2ccc(Cl)c(Cl)c2)Nc2ccccc21,1
P3_19104,OCCNC1=Nc2cccc(Nc3ccc(Cl)c(Cl)c3)c2C1,1
P3_19105,COCn1c(C=CC=C(Cl)C(Cl)=CN)nc2ccccc21,0
P3_19106,OCCNc1nc(N2CC=C(Cl)C[N+]2Cl)nc2ccccc12,1
P3_19107,Cc1ccc(Nc2nc(NCO)c3ccccc3n2)cc1Cl,1
P3_19108,OCCNc1ccnc(-c2ccc(Cl)c(Cl)c2)n1,1
P3_19109,CC(=CNc1nc(CCl)c2ccccc2n1)CCl,0
P3_19110,OCCNc1nc(NC2=CC=C(Cl)C(Cl)=[C+]2)nc2ccccc12,1
P3_19111,Clc1ccc(NC2=[N+]Nc3ccccc3C=N2)cc1Cl,1
P3_19112,OCCc1nc(NC2=C(Cl)COC(Cl)=C2)nc2ccccc12,1
P3_19113,Clc1ccc(Nc2ccccn2)cc1Cl,1
P3_19114,N=c1c2ccccc2nc(-c2ccc(Cl)c(Cl)c2)n1CCO,1
P3_19115,OCCNc1nc(Nc2ccc(Cl)c(Cl)c2)nc2c1C=CC2,1
P3_19116,CC1C=C(Nc2nc(NCCO)c3ccccc3n2)C=C1Cl,1
P3_19117,Clc1ccc(N2CCc3ccccc3N2)cc1Cl,1
P3_19118,Clc1ccc(NC2=NC=CC3=NC3=N2)cc1Cl,1
P3_19119,OCCOc1nc(Nc2ccc(Cl)c([S+])c2)nc2ccccc12,1
P3_19120,OCC[C+]1Cc2ccccc2N=CN(c2cccc(Cl)c2)N1,1
P3_19121,B#CCNc1nc(NC2C=C(Cl)C(Cl)=CO2)nc2ccccc12,1
P3_19122,CC=C(Nc1nc(NCCO)c2ccccc2n1)C(C)CCl,1
P3_19123,Clc1ccc(NC2=NC3=CC=C4C(=N2)C34)cc1Cl,0
P3_19124,CNC1=NN(C[P+]c2ccc(Cl)c(Cl)c2)Nc2ccccc21,1
P3_19125,OCCNn1c(Nc2ccc(Cl)c(Cl)c2)nc2ccccc21,1
P3_19126,ClC1=NC(Nc2cccc(Cl)c2)c2ccccc21,1
P3_19127,OCCNC1=NCN(c2ccc(Cl)c(Cl)c2)c2ccccc21,1
P3_19128,CC(Cl)=CC=C(C)Nc1nc(NCCO)c2ccccc2n1,1
P3_19129,CCNc1ccccccn(Nc2ccc(Cl)c(Cl)c2)n1,1
P3_19130,CCC(Cl)=CCNc1nc(NCCO)c2ccccc2n1,1
P3_19131,OCCNc1nc(NC2=C[C+]=C(Cl)C(Cl)=C2)nc2ccccc12,1
P3_19132,OCCN1Cc2ccccc2N=C1Nc1ccc(Cl)c(Cl)c1,1
P3_19133,OCCNc1nc(NC=C2C=CC(Cl)=C2)nc2ccccc12,1
P3_19134,CC1=CCN(c2nc(NCO)c3ccccc3n2)C=C1Cl,1
P3_19135,OCCNc1ncnc2ccccc12,1
P3_19136,OCCNC1c2ccccc2N=CN1c1ccc(Cl)c(Cl)c1,1
P3_19137,OCCc1cc(Cl)c(Cl)cc1C1N=C[S+]c2ccccc21,1
P3_19138,ClOCNc1nc(NC2=C3C=C32)nc2ccccc12,1
P3_19139,CC=C(C=C(Cl)Cl)Nc1nc(NCCO)c2ccccc2n1,1
P3_19140,OCCC1=NCC(=Nc2ccc(Cl)c(Cl)c2)c2ccccc21,1
P3_19141,C=C1C(Cl)=CC(Nc2nc(NCCO)c3ccccc3n2)=C1Cl,1
P3_19142,OCCNc1nc(NC2=C(Cl)C(Cl)=CC2)nc2ccccc12,1
P3_19143,C=C(Br)Nc1nc(NCCO)c2ccccc2n1,1
P3_19144,C=C1C=C(Nc2nc(NCCO)c3ccccc3n2)C=C1Cl,1
P3_19145,C=C1CC(O)C(Nc2ccc(Cl)c(Cl)c2)=N1,1
P3_19146,Nc1ccccc1CNc1ccc(Cl)c(Cl)c1,1
P3_19147,Clc1ccc(NC2=NC3CC=CCC3=N2)cc1Cl,1
P3_19148,COCNC1=NC(Nc2ccc(Cl)c(Cl)c2)=NC1,1
P3_19149,OCC1Nc2nc(-c3ccc(Cl)c(Cl)c3)ncccccc21,1
P3_19150,OCCNc1nc(NC(C=CCl)C=CCl)nc2ccccc12,1
P3_19151,B=CCNc1nc(Nc2ccc(Cl)c(Cl)c2)nc2ccccc12,1
P3_19152,Nc1nc(C=CCCl)nc2ccccc12,1
P3_19153,OCCNc1nc(Cc2ccc(Cl)c(Cl)c2)nc2ccccc12,1
P3_19154,OCc1nc(Nc2ccc(Cl)c(Cl)c2)nc2ccccc12,1
P3_19155,OCCNc1nn(Nc2ccc(Cl)c(Cl)c2)c2ccccc12,1
P3_19156,NOCCc1nc(-c2ccc(Cl)c(Cl)c2)n[b+]c2ccccc12,1
P3_19157,OCCNc1nc(C2=CC=C[C+]C(Cl)=C2)nc2ccccc12,1
P3_19158,Nc1nc(NCCOc2ccc(Cl)c(Cl)c2)c2ccccc2n1,1
P3_19159,OCCNc1nc(C2=CC[N-]C(Cl)=C2)nc2ccccc12,1
P3_19160,[C+]c1ccc(Nc2nc(NCCO)c3ccccc3n2)cc1Cl,1
P3_19161,N=C1C(=CC=CC[S+])CN=C1Nc1ccc(Cl)c(Cl)c1,1
P3_19162,OCC1NCCCC1c1ccc(Cl)c(Cl)c1,1
P3_19163,OCCNc1nc(NCC=CBr)nccc2ccc1-2,1
P3_19164,CC=C(Cl)C=CCNc1nc(NCCO)c2ccccc2n1,1
P3_19165,CNc1nc(N2C=C(Cl)C(C)=CC2)nc2ccccc12,1
P3_19166,C=C(Cl)C(Cl)=CNc1nc(NCCO)c2ccccc2n1,1
P3_19167,ClOCCNC1=NN(c2cccc(Cl)c2)Cc2ccccc21,1
P3_19168,OC#[B-]N1C=NC(Nc2cccc(Cl)c2)=Nc2ccccc21,1
P3_19169,Clc1ccc(Nc2ncc3ccccc3n2)cc1Cl,1
P3_19170,CC1C=CC(Nc2nc(NCCOCl)c3ccccc3n2)=C1,1
P3_19171,C=C1C=Cc2nc(Nc3ccc(Cl)c(Cl)c3)nc(NCCO)c21,1
P3_19172,[C+]c1cc(Nc2nc(NCCO)c3ccccc3n2)ccc1Cl,1
P3_19173,OCCNC1=NC(Nc2ccc(Cl)c(Cl)c2)=[N+]c2ccccc21,1
P3_19174,CCOCc1nc(Nc2ccc(Cl)c(Cl)c2)nc2c1=CC=2,1
P3_19175,Nc1nc(N2C=C(Cl)C(Cl)=CC2)c2ccccc2n1,1
P3_19176,OCCNc1nc(F)nc2ccccc12,1
P3_19177,Clc1ccc(Nc2nc3ccccc3[nH]2)cc1Cl,1
P3_19178,CCNc1nc(NBC2=CC(=CCl)C(Cl)=CO2)nc2ccccc12,1
P3_19179,OCCc1nc([N+]CC=C(Cl)CCl)nc2ccccc12,1
P3_19180,CC=C(C=CCl)Nc1nc(NCCO)c2ccccc2n1,1
P3_19181,Cc1ccc(Nc2nc(NCCO)c3ccccc3n2)cc1Cl,1
P3_19182,OCNCc1nc(Nc2ccc(Cl)c(Cl)c2)nc2ccccc12,1
P3_19183,OCC1NN=Nc2c(Nc3ccc(Cl)cc3)cccc21,1
P3_19184,NOCCc1nc(-c2cccc(Cl)c2)nc2ccccc12,1
P3_19185,CCNC1=NC(Nc2ccc(Cl)c(Cl)c2)=NC(=CCCO)C1,1
P3_19186,Cc1nc(Nc2ccc(Cl)c(Cl)c2)nc2c([B-]CO)cccc12,1
P3_19187,COCCc1nc(NC2C=C(Cl)C2Cl)nc2ccccc12,1
P3_19188,Clc1ccc(NC2=Nc3ccccc3CN2)cc1Cl,1
P3_19189,OC[P-]=NC1=NC(Nc2ccc(Cl)c(Cl)c2)=NCC1,1
P3_19190,OCNCc1ccccc1CNc1ccc(Cl)c(Cl)c1,1
P3_19191,CCCNc1nc(N2C=CC=C(Cl)C2O)nc2ccccc12,1
P3_19192,OCCNc1nc(=Nc2ccc(Cl)c(Cl)c2)[nH]c2ccccc12,1
P3_19193,OCCNC1C(Nc2ccc(Cl)c(Cl)c2)=Nc2ccccc21,1
P3_19194,ClCCNc1nc(Nc2ccc(Cl)cc2)nc2ccccc12,1
P3_19195,Nc1nc(NC=CC=CCl)nc2ccccc12,1
P3_19196,OCCNC1=NC(Nc2ccc(Cl)c(Cl)c2)=[P-]c2ccccc21,1
P3_19197,OCCNc1nc(NC(C=CCl)=C2C=C2F)nc2ccccc12,1
P3_19198,C=Cc1cc(CCO)nc(-c2ccc(Cl)c(Cl)c2)n1,1
P3_19199,Clc1ccc(NOC2=Nc3ccccc32)cc1Cl,1
P3_19200,CC(=CC=CNc1nc(N)c2ccccc2n1)CCl,1
P3_19201,Clc1ccc(NCc2ccccn2)cc1Cl,1
P3_19202,OCCNC1=NC(Nc2ccc(Cl)c(Cl)c2)=[P+]c2ccccc21,1
P3_19203,CCN1C=CCOc2cnc(Nc3ccc(Cl)c(Cl)c3)nc21,1
P3_19204,Cc1ccc(Cl)c(-c2nc(NCCO)c3ccccc3n2)c1,1
P3_19205,CCN1Cc2ccccc2C(Nc2ccc(Cl)c(Cl)c2)N1,1
P3_19206,OCCNc1nc([N-]C2=CC=C(Cl)C2Cl)nc2ccccc12,1
P3_19207,Clc1ccc(NC2=NC3C=CCCC3=N2)cc1Cl,1
P3_19208,COCCc1ccnc(Nc2ccc(Cl)c(Cl)c2)n1,0
P3_19209,OCCNc1nc(Nc2ccc(Cl)c(F)c2)nc2ccccc12,1
P3_19210,Clc1ccc(-c2ccccc2)cc1Cl,1
P3_19211,ClC1=COCCC(Nc2ncc3ccccc3n2)C1,1
P3_19212,NCOc1nc(Nc2ccc(Cl)c(Cl)c2)nc2ccccc12,1
P3_19213,OCCNc1cccccbnc(Nc2ccc(Cl)c(Cl)c2)n1,1
P3_19214,Clc1ccc(NC2=Nc3ccccc3[B-]2)cc1Cl,1
P3_19215,[C-]c1cc(Nc2nc(NCCO)c3ccccc3n2)ccc1Cl,1
P3_19216,Clc1ccc(NC2=NC(CCOc3ccccc3)=N2)cc1Cl,1
P3_19217,OCCN1Cc2ccccc2C(Nc2ccc(Cl)c(Cl)c2)N1,1
P3_19218,ClC=C1N[SH](CCOc2ccccc2)C1=CCl,1
P3_19219,OCCNc1nc(NC2=CC(Cl)=C(Cl)C2)nc2ccccc12,1
P3_19220,OCCNc1nc(NC(=CCl)CC=CCl)nc2ccccc12,1
P3_19221,OCCC1=NC(Nc2ccc(Cl)c(Cl)c2)c2ccccc21,1
P3_19222,FCC(Cl)=CC=CNc1nc2ccccc2[nH]1,1
P3_19223,ClC1=NOC(Nc2cccc(Cl)c2)=Nc2ccccc21,1
P3_19224,OCCNc1nc(C(=CCCl)CCCl)nc2ccccc12,1
P3_19225,OCCNc1nc(N2C=CC(Cl)C(Cl)=C2)nc2ccccc12,1
P3_19226,OCN1C=NC(Nc2ccc(Cl)c(Cl)c2)c2ccccc21,1
P3_19227,CC=CN1c2cc1nc(Nc1ccc(Cl)c(Cl)c1)n2,1
P3_19228,OCCNc1nc(NC2=CC[B-](Cl)C(Cl)=C2)nc2ccccc12,1
P3_19229,CCN1NC(Nc2ccc(Cl)c(Cl)c2)=Nc2ccccc21,1
P3_19230,OCCNC1=NCCC=CC(Nc2ccc(Cl)c(Cl)c2)=C1,1
P3_19231,CNc1nc(NCC=C(Cl)C(C)Cl)nc2ccccc12,1
P3_19232,C=C(Cl)C(Cl)CNc1ncc2ccccc2n1,0
P3_19233,OCCNc1nc(N=C2C=C(Cl)CC(Cl)=C2)nc2ccccc12,1
P3_19234,OCCNc1nc(C[C+]2C=C(Cl)C(Cl)=CC2)nc2ccccc12,1
P3_19235,CCNc1nc(NC=CCF)nc2ccccc12,1
P3_19236,Nc1cccc2c1C(c1ccc(Cl)c(Cl)c1)N=C2CCO,1
P3_19237,OCCNC1=NS(Nc2ccc(Cl)c(Cl)c2)=Nc2ccccc21,1
P3_19238,Cc1cccc2c1N=C(Nc1cccc(Cl)c1)N=CN2CCO,1
P3_19239,OCCNC1=CCc2nc(Nc3ccc(Cl)c(Cl)c3)ncc21,1
P3_19240,OCCNc1nc(NC2=CC=C(Cl)CC=C2)nc2ccccc12,1
P3_19241,C=C(Cl)Cc1cccc2c(NCCO)nc(CCl)nc12,1
P3_19242,ClC1=CCN(c2ncnc3ccccc23)CC1Cl,1
P3_19243,COCNc1nc(NC(C=CCl)C=CCl)nc2ccccc12,1
P3_19244,CC1CN(c2nc(NCCO)c3ccccc3n2)CC=C1Cl,1
P3_19245,ClC1=C[B-]=CNC(CCOc2ccccc2)N=CC=C1Cl,1
P3_19246,CNc1nc(N2C=C(Cl)C(Cl)=CC2)nc2ccccc12,0
P3_19247,COCCNC1CC=C(C)N=C1Nc1ccc(Cl)c(Cl)c1,0
P3_19248,ClCCNc1nc(Nc2cccc(Cl)c2)nc2ccccc12,1
P3_19249,OCCNc1nc(-c2ccc(Cl)c(Cl)c2)nc2ccccc12,1
P3_19250,Clc1ccc(Nc2nc3c4c(n2)C3C=C4)cc1Cl,1
P3_19251,OC[N+][C+]N1CC(Nc2ccc(Cl)c(Cl)c2)=Nc2ccccc21,1
P3_19252,CC1(Cl)CCN(c2nc(NCCO)c3ccccc3n2)CO1,0
P3_19253,Clc1ccc(C2=NC(c3ccccc3)=N2)cc1Cl,1
P3_19254,OCCNc1nc(C2=CC=C(Cl)[B-]2Cl)nc2ccccc12,1
P3_19255,C=C(C=C(C)Cl)Nc1nc(NCCO)c2ccccc2n1,1
P3_19256,C=CC1=CCCC(Nc2ccc(Cl)c(Cl)c2)=N1,1
P3_19257,OCCNc1nc(NC2C=CC=C2)nc2ccccc12,1
P3_19258,OCCNC1=NC(Nc2ccc(Cl)c(Cl)c2)=NC(=CC2=CC2)C1,1
P3_19259,B#CC=C1CCC(CO)=NC(Nc2ccc(Cl)c(Cl)c2)=N1,1
P3_19260,NOCC1C(Nc2cccc(Cl)c2)=Nc2ccccc21,1
P3_19261,CC1C=C1Nc1nc(NCC=NCl)c2ccccc2n1,1
P3_19262,CC=C1CC(NCCO)=NC(Nc2ccc(Cl)c(Cl)c2)=N1,1
P3_19263,ClC1=CCN(C2=NC(CCOc3ccccc3)=N2)C=C1Cl,1
P3_19264,OCCNC1=NCN(c2ccc(Cl)c(Cl)c2)C=Nc2ccccc21,1
P3_19265,C=C1C=C(Cl)C(Cl)=C1Nc1nc(NCCO)c2ccccc2n1,1
P3_19266,COCNC1=NC(Nc2ccc(Cl)c(Cl)c2)=N1,0
P3_19267,CC=CC1CN2C1=NC2Nc1ccc(Cl)c(Cl)c1,1
P3_19268,ClCCC(Cl)C=CNc1nc2ccccc2[nH]1,1
P3_19269,Clc1ccc(NC2=Nc3ccccc3NCON2)cc1Cl,1
P3_19270,CC(Cl)=CCNc1nc(NCCO)c2ccccc2n1,1
P3_19271,C=CCc1ccc(Cl)ccccccnc[nH]1,0
P3_19272,Cc1ccccnc(C=C(Cl)CCl)[nH]c1,1
P3_19273,OCCc1nc(-c2ccc(Cl)c(Cl)c2)nc2ccccc12,1
P3_19274,CC=Cc1cnc(Nc2ccc(Cl)c(Cl)c2)nc1,1
P3_19275,Cc1nc(Nc2ccc(Cl)c(Cl)c2CO)nc2ccccc12,1
P3_19276,CSNc1ccc(Cl)c(Cl)c1,1
P3_19277,OCCn1cccccc(N2CC=C(Cl)CC2)nc1,0
P3_19278,[O-]c1nc(ONc2ccc(Cl)c(Cl)c2)nc2ccccc12,1
P3_19279,CNc1nc(N2C=CC=C(Cl)[S+]C2C)nc2ccccc12,1
P3_19280,OCCNc1nc(NC2=CC=C2Cl)nc2ccccc12,1
P3_19281,OCC1C=CN(c2ncc3ccccc3n2)C=C1Cl,1
P3_19282,CCCNc1ccnc(Nc2ccc(Cl)c(Cl)c2)n1,1
P3_19283,B#Cc1ccccccnc(Nc2ccc(Cl)c(Cl)c2)n1,1
P3_19284,OCCNc1nc(Nc2ccc(Cl)cc2Cl)nc2ccccc12,1
P3_19285,OCCNc1nc(N2C=CC=CC=[PH]2Cl)nc2ccccc12,1
P3_19286,Clc1ccc(N2CN=C(C=BOc3ccccc3)N2)cc1,1
P3_19287,[O-]CNc1nc(Nc2ccc(Cl)c(Cl)c2)nc2ccccc12,1
P3_19288,C=CC=Cc1nc(NCCO)c2ccccc2n1,1
P3_19289,BrCC=CNc1ncc2ccccc2n1,1
P3_19290,CCNc1nc(NCCO)c2ccccc2n1,1
P3_19291,OCCNc1nc(NC2C=C(Cl)C(Cl)=C2)nc2ccccc12,1
P3_19292,CCNc1cccccncn1CC1=C(Cl)C(Cl)=[N+]=CC1,1
P3_19293,OCCNc1nc(NC2=CCSC(Cl)=C2)nc2c(Cl)cccc12,1
P3_19294,OCCNc1nc(N2C=CC=CP2Cl)nc2ccccc12,1
P3_19295,CC=CC(Cl)=CCNc1nc(NCCO)c2ccccc2n1,1
P3_19296,COCNc1nc(NC2C=C(Cl)C(Cl)=C2)nc2ccccc12,1
P3_19297,COCCC1=NC(c2ccc(Cl)c(Cl)c2)=NC1,1
P3_19298,OCCNc1ccccccnc(Nc2ccc(Cl)c(Cl)c2)n1,1
P3_19299,OCCNc1nc(NC2C=C(Cl)C(Cl)=CC2)nc2ccccc12,1
P3_19300,OCCNN1c2ccc(cc2)C1Nc1ccc(Cl)c(Cl)c1,1
P3_19301,OCCc1nc(Nc2ccc(Cl)c(Cl)c2)nc2ccccc12,1
P3_19302,Clc1ccc(OCCNC2=NC(=Nc3ccccc3)N2)cc1Cl,1
P3_19303,Cc1cc(Nc2nc(NCO)c3ccccc3n2)ccc1Cl,1
P3_19304,Nc1cccccnc(Nc2cccc(Cl)c2)nc1CO,1
P3_19305,OCCNc1nc(NC2=CC(Cl)=CC2)nc2ccccc12,1
P3_19306,CC=C(Cl)C(Cl)=CCNc1nc(NCCO)c2ccccc2n1,1
P3_19307,OCCNc1nc(NCC2=C(Cl)CC=CC2)nc2ccccc12,1
P3_19308,OCCNC1=NC(Nc2ccc(Cl)c(Cl)c2)c2cccc1c2,1
P3_19309,OCCC1=NCN(c2ccc(Cl)c(Cl)c2)c2ccccc21,1
P3_19310,Cc1cccc2c(NCCO)nc(C(C)C=C(Cl)CCl)nc12,1
P3_19311,OCCNc1ccnc(Nc2ccc(Cl)c(Cl)c2)n1,1
P3_19312,[B+]=CNC1=NC(Nc2ccc(Cl)c(Cl)c2)=NC(C)=CC1=CC,1
P3_19313,OCCNC1=NN(c2ccc(Cl)c(Cl)c2)Cc2ccccc21,0
P3_19314,CNc1nc(CC2=C(Cl)C=[N+]CC2)nc2ccccc12,1
P3_19315,CCNc1nc(NCC=C(Cl)Cl)nc2ccccc12,1
P3_19316,ClCC=CNc1ncc2ccccc2n1,1
P3_19317,Nc1nc(CCON2C=CCC(Cl)=C2)nc2ccccc12,1
P3_19318,Clc1ccc(NC2=Nc3ccccc3OCC=N2)cc1Cl,1
P3_19319,OCCc1nc(NCC=C(Cl)CCCl)nc2ccccc12,1
P3_19320,CCOCC1C(C)=C1Nc1ccc(Cl)c(Cl)c1,0
P3_19321,CC1=CC=C(c2nc(NCCO)c3ccccc3n2)C1,1
P3_19322,OCCNc1nc(NC2=[P+]C=C(Cl)C=C2)nc2ccccc12,1
P3_19323,N=c1c2ccccc2ncn1-c1ccc(Cl)c(Cl)c1,1
P3_19324,OCCNc1nc(NCc2ccc(Cl)c(Cl)c2)nc2ccccc12,1
P3_19325,Clc1cccc(N2CN=C(CCOc3ccccc3)N2)c1,0
P3_19326,CNc1nc(NCC=CC(Cl)=CCCO)nc2ccccc12,1
P3_19327,OCC1c2ccccc2N1Nc1ccc(Cl)c(Cl)c1,1
P3_19328,OCCNc1nc(C=CC=CCl)nc2ccccc12,1
P3_19329,CCC=C1CC(NCCO)=NC(Nc2ccc(Cl)c(Cl)c2)=N1,1
P3_19330,Clc1ccc(NC2=N[N+](CCOc3ccccc3)=C=N2)cc1Cl,1
P3_19331,OCCNC1=NC(Nc2ccc(Cl)c(Cl)c2)[N-]c2ccccc21,1
P3_19332,OCCNC1=NN(c2ccc(Cl)c(Cl)c2)Nc2ccccc21,1
P3_19333,OCCN1NC(Nc2ccc(Cl)c(Cl)c2)=Nc2ccccc21,1
P3_19334,C=C1SC(Cl)=CC=C1Nc1nc(NCCO)c2ccccc2n1,1
P3_19335,OCCNc1nc(NC2C=CC(Cl)=C2Cl)nc2ccccc12,1
P3_19336,OCCNc1nc(NC2=CCC(Cl)=C2)nc2ccccc12,1
P3_19337,CC(Nc1nc(NCCO)c2ccccc2n1)=C1C=C1Cl,1
P3_19338,OCC[N+]c1nc(Nc2ccc(Cl)c(Cl)c2)nc2ccccc12,1
P3_19339,OCCNC1=NC(Nc2ccc(Cl)c(Cl)c2)Oc2ccccc21,0
P3_19340,CC1C=CC=C1Nc1nc(NCCOCl)c2ccccc2n1,1
P3_19341,C=Cn1ccc(C)cn(C)cnccc(NCCO)c1,0
P3_19342,OCCNC1=NN(c2cccc(Cl)c2)Cc2c(Cl)cccc21,1
P3_19343,OCCNc1nc(CNc2ccc(Cl)c(Cl)c2)nc2ccccc12,1
P3_19344,Clc1ccc(NC2=NN2CCOc2ccccc2)cc1Cl,1
P3_19345,OCC1C(Nc2ccc(Cl)cc2)=Nc2ccccc21,0
P3_19346,OCCNc1nc([N+]c2ccc(Cl)c(Cl)c2)nc2ccccc12,1
P3_19347,OCC[B+]c1nc(Nc2ccc(Cl)c(Cl)c2)nc2ccccc12,1
P3_19348,CC1C(Cl)=CC=C1Nc1nc(NCCO)c2ccccc2n1,1
P3_19349,OCCB=[B-]c1nc(Nc2ccc(Cl)c(Cl)c2)nc2ccccc12,1
P3_19350,Clc1ccc(NC2N=NCCCC2Cl)cc1,1
P3_19351,Cc1cc(Nc2ncccc2C)ccc1OCl,0
P3_19352,OCNc1nc(-c2ccc(Cl)c(Cl)c2)nc2ccccc12,1
P3_19353,COCNc1ccnc(-c2ccc(Cl)c(Cl)c2)n1,1
P3_19354,OCCNc1nc(NC2=CC2)nc2ccccc12,1
P3_19355,CNc1nc(Nc2cc(O)ccc2Cl)nc2ccccc12,1
P3_19356,ClOCNc1nc(-c2ccccc2)nc2ccccc12,1
P3_19357,CCNCc1nc(Nc2ccc(Cl)c(Cl)c2)nc2c1=BCC=CC=2,0
P3_19358,OCCNc1nc(NC=C2C=C[C-]C(Cl)=C2)nc2ccccc12,1
P3_19359,OCCNc1nc(N2CC=CC(Cl)=CC2)nc2ccccc12,1
P3_19360,C=C1C=C(Cl)C1Nc1nc(NCCOCl)c2ccccc2n1,1
P3_19361,CNC1CC(=CC=CC[N+])N=C1Nc1ccc(Cl)c(Cl)c1,1
P3_19362,Clc1cccc(NC2=Nc3ccccc3OCCNC=N2)c1,1
P3_19363,OCc1nc(Nc2ccc(Cl)c(Cl)c2)nc2c1=CC=[N+]CC=2,1
P3_19364,C=C1C(Cl)=CC=C1Nc1nc(NCCO)c2ccccc2n1,1
P3_19365,OCNc1nc(N2CC=C(Cl)CC2)nc2ccccc12,1
P3_19366,OCCNc1nc(NC=C2C=C(Cl)C(Cl)=C2)nc2ccccc12,1
P3_19367,OCC1NCc2ccccc2N=C1Nc1ccc(Cl)c(Cl)c1,1
P3_19368,C=CCNc1nc(CO)c2ccccc2n1,1
P3_19369,OCCNC1C(Cl)=Nc2cccc(Nc3ccc(Cl)cc3)c21,1
P3_19370,CC(=CC=C(Cl)Cl)Nc1nc(NCCO)c2ccccc2n1,1
P3_19371,Clc1ccc(Nc2ccccc2)cc1Cl,1
P3_19372,OCCNc1nc(Nc2ccccc2)nc2ccccc12,1
P3_19373,OCCn1c(Nc2ccc(Cl)c(Cl)c2)nc2ccccc21,1
P3_19374,OCCNC1=NC(Nc2ccc(Cl)c(Cl)c2)=NCC1,1
P3_19375,Clc1ccc(OCCNC2=NNC=Nc3ccccc32)cc1Cl,1
P3_19376,OCCNC1=NCN([C-]c2ccc(Cl)c(Cl)c2)c2ccccc21,0
P3_19377,COCCc1ncnc2c1C=CC2Nc1ccc(Cl)c(Cl)c1,1
P3_19378,OCCNc1nc(Nc2cccc(Cl)c2Cl)nc2ccccc12,1
P3_19379,CC=CC=C1N=C(Nc2ccc(Cl)c(Cl)c2)N=C1NCCO,1
P3_19380,C=Cc1cnc(-c2ccc(Cl)c(Cl)c2)nc1CCON,1
P3_19381,OCCNc1nc(NB2C=C(Cl)C(Cl)=CC2)nc2ccccc12,1
P3_19382,OCCNc1cc(Cl)c(Cl)cc1NC1=NC2=CC2C1,1
P3_19383,Np1cnc(Nc2ccc(Cl)c(Cl)c2)n1,1
P3_19384,OCCNc1nc(NC2=CC=C(Cl)C2)nc2c(Cl)cccc12,1
P3_19385,CNc1nc(NC2=[C+]CCC=C2)nc2ccccc12,1
P3_19386,CC=CC=C1N=C(Nc2cccc(Cl)c2)N=C1Cl,1
P3_19387,OCCNc1nc(Oc2ccc(Cl)c(Cl)c2)nc2ccccc12,1
P3_19388,Clc1ccc(NC2=Nc3ccccc3CNC2)cc1Cl,1
P3_19389,OCCNc1nc(Nc2ccc(Cl)cc2)nc2ccccc12,1
P3_19390,ClC1=NC(Nc2ccc(Cl)cc2)c2ccccc21,1
P3_19391,NOc1nc(Nc2ccc(Cl)c(Cl)c2)nc2ccccc12,1
P3_19392,CCNc1nc(NC=C2C=C(C)[B-]=C2Cl)nc2ccccc12,1
P3_19393,CC(Cl)=CC=CNc1nc(NCCO)c2ccccc2n1,1
P3_19394,COCCc1ccnc(NC2=CC=S(Cl)C(Cl)=C2)n1,1
P3_19395,ClOCCNc1nc(NC2=CCC=C2)nc2ccccc12,1
P3_19396,CC1CN(c2nc(NCCO)cc3cccc-3n2)CC=C1Cl,1
P3_19397,C=CC=C1CC(CCO)=NC(Nc2ccc(Cl)c(Cl)c2)=N1,0
P3_19398,OCCN1C=NC(c2ccc(Cl)c(Cl)c2)c2ccccc21,0
P3_19399,Clc1ccc(NC2=NC(CCOc3ccccc3)C=N2)cc1Cl,1
P3_19400,CC1=CC(c2nc(NCCO)c3ccccc3n2)=C1,1
P3_19401,OCCNc1nc(C2=CC=C2Cl)nc2ccccc12,1
P3_19402,OCCNC1=NC(c2ccc(Cl)c(Cl)c2)=C1,1
P3_19403,OCCNc1nc(NC2=CC=C2)nc2ccccc12,1
P3_19404,NC1=NC([S-]c2ccc(Cl)cc2)=Nc2ccccc2OCC1,1
P3_19405,CCNc1nc(NC2C=C(Cl)C2=BCl)nc2ccccc12,1
P3_19406,C=C(Cl)C=CNc1ncc2ccccc2n1,1
P3_19407,CNc1nc(NC(C)=CCCCl)nc2ccccc12,1
P3_19408,OCCNC1=NC(CCBr)c2ccccc21,1
P3_19409,CCCNC1=NC(Nc2ccc(Cl)c(Cl)c2)=NC=CC=C1,1
P3_19410,OCCNc1nc(N2C=C(Cl)C(Cl)=CC2)nc2ccccc12,1
P3_19411,OC1CNc2ccccc2N=C1Nc1ccc(Cl)c(Cl)c1,1
P3_19412,OCC[O+]C1=NC(Nc2ccc(Cl)c(Cl)c2)c2cccc1c2,1
P3_19413,OCCNc1nc(Nc2ccc(CCl)cc2)nc2ccccc12,1
P3_19414,OCNc1nc(N2C=C(Cl)C(Cl)=CC2)nc2ccccc12,1
P3_19415,OCCNc1nc(N2CC=C(Cl)CCC2)nc2ccccc12,1
P3_19416,ClOc1cccnc1Nc1ccc(Cl)cc1,1
P3_19417,C=C(Cl)C(Cl)=CC=CCNc1ncnc2ccccc12,1
P3_19418,OCCNC1[N+]C(Nc2ccc(Cl)c(Cl)c2)=Nc2ccccc21,1
P3_19419,OCCNC1=NCN(c2ccc(Cl)c(Cl)c2)CC1,0
P3_19420,C=C1N=C1CCCNc1ccc(Cl)c(Cl)c1,1
P3_19421,ClC1=CC(N2CN=C(CCOc3ccccc3)N2)=C1,0
P3_19422,OCCn1c(-c2ccc(Cl)c(Cl)c2)nc2ccccc21,1
P3_19423,COCNc1nc(NC2=CC=C(Cl)C2)nc2ccccc12,1
P3_19424,CCC1CN=C(Nc2ccc(Cl)c(Cl)c2)N=C1CCOC,1
P3_19425,OC1CNCc2ccccc2N=C1NCCCc1ccc(Cl)c(Cl)c1,1
P3_19426,CCc1nc(N2CC=C(Cl)C(Cl)=C2N)nc2ccccc12,1
P3_19427,C=CC1N=C(Nc2ccc(Cl)c(Cl)c2)N=C1O,1
P3_19428,CC(C)C(Cl)=CCc1cccc2c(NCCO)ncnc12,1
P3_19429,C=C1CN=C(CCOc2ccccc2)N1,0
P3_19430,CCOCc1nc(NC2=C(Cl)C(Cl)=C2)nc2ccccc12,1
P3_19431,OCCNC1=NC(c2ccc(Cl)c(Cl)c2)=Nc2ccc1cc2,1
P3_19432,Nc1cccc2c1C(CCO)=NC2Nc1ccc(Cl)c(Cl)c1,1
P3_19433,OCCc1nc(NCC=C(Cl)CCl)nc2ccccc12,1
P3_19434,Cc1c(NN2NN(CO)Cc3ccccc32)ccc(Cl)c1Cl,0
P3_19435,OCCn1c(-c2ccc(Cl)c(Cl)c2)nn1-c1ccccc1,1
P3_19436,OCCNC1=Nc2cc(Cl)c(Cl)cc2Nc2ccccc21,1
P3_19437,OCCNC1=Cc2cnc(Nc3ccc(Cl)c(Cl)c3)nc2C1,0
P3_19438,CNC1c2ccc(cc2)N1c1ccc(Cl)c(Cl)c1,1
P3_19439,COCCNC1=NC(Nc2ccc(Cl)c(Cl)c2)C2=CC=C21,1
P3_19440,OCCNc1nc(NC2C=C(Cl)C=C2Cl)nc2ccccc12,1
P3_19441,CC=C1C=CCN1c1nc(NCCO)c2ccccc2n1,1
P3_19442,Cc1cccc2c1C(Nc1ccc(Cl)c(Cl)c1)N=CN2CO,1
P3_19443,NC(=Nc1ccccc1CO)Nc1ccc(Cl)c(Cl)c1,1
P3_19444,OCCNC1=CCc2nc(-c3ccc(Cl)cc3)ncc21,1
P3_19445,OCCc1nc(N2CC=C(Cl)CC2)nc2ccccc12,1
P3_19446,CCCCC=C1N=C(Nc2ccc(Cl)c(Cl)c2)N=C1O,1
P3_19447,OCN1NC(Nc2ccc(Cl)c(Cl)c2)=Nc2ccccc21,1
P3_19448,CC1=CSC(Cl)=CC1Nc1nc(NCCO)c2ccccc2n1,1
P3_19449,OCCNc1nc(C2=CC=C2)nc2ccccc12,1
P3_19450,OCCNc1nc(P=NC2C=C(Cl)C(Cl)=C2)nc2ccccc12,1
P3_19451,OCCNC1=CN(c2cccc(Cl)c2)Nc2ccccc21,1
P3_19452,OCCNc1nc(N2C=CC(Cl)C=C2)nc2ccccc12,1
P3_19453,OCCC1=NC1=CC=C=CCc1ccc(Cl)c(Cl)c1,1
P3_19454,Clc1ccc(NN2C=Nc3ccccc3CCCO2)cc1,1
P3_19455,OCCNc1nc(Nc2ccc(Cl)c(Cl)c2)nc2c1CC=C2,1
P3_19456,Fc1ccc(OCC=CC#CCl)cc1Cl,1
P3_19457,Clc1ccc(NC2=NCCNC(c3ccccc3)=N2)cc1Cl,1
P3_19458,Cc1ccc(OCCCOCl)cc1Cl,1
P3_19459,CCNc1nc(C2=CC=C(Cl)C2Cl)nc2ccccc12,1
P3_19460,OCCNc1nc(CC=CCl)nc2ccccc12,1
P3_19461,OCN1Cc2ccccc2N=C1c1ccc(Cl)c(Cl)c1,1
P3_19462,CC1=C(Nc2nc(NCCO)c3ccccc3n2)C=C1Cl,1
P3_19463,CC(C)C=C=CNc1nc(O)c2ccccc2n1,1
P3_19464,C=CCNc1nc(NC2C=C(Cl)C2C)nc2ccccc12,1
P3_19465,CNC1=NC(Nc2ccc(Cl)c(Cl)c2)=NC(=CCCO)C1,1
P3_19466,Clc1ccc(NCc2ccccc2C2=NOCCN2)cc1Cl,1
P3_19467,OCCNC1=C(Nc2ccc(Cl)c(Cl)c2)c2ccccc21,1
P3_19468,OCCNC1=NN(c2ccc(Cl)cc2)Nc2cccc(Cl)c21,1
P3_19469,CCCNc1nc(NC2=C(C=CCl)C2)nc2ccccc12,1
P3_19470,OCCn1c(N2C=CC(Cl)C(Cl)=C2)nc2ccccc21,1
P3_19471,OCc1nc(NCC=C(Cl)CCl)nc2ccccc12,1
P3_19472,OCNN1CN(c2ccc(Cl)c(Cl)c2)Nc2ccccc21,1
P3_19473,CN1C=NC(Nc2ccc(Cl)c(N)c2)c2ccccc21,0
P3_19474,Nc1ccc(NC2CNCCOc3ccccc32)cc1Cl,0
P3_19475,Nc1cccc2c1C(CCO)=NC2c1ccc(Cl)c(Cl)c1,1
P3_19476,ClOCCc1nc(Nc2cccc(Cl)c2)nc2ccccc12,1
P3_19477,OCCNc1nc(C=CC(Cl)=CCl)nc2ccccc12,1
P3_19478,OCCNc1nc(C2=C(Cl)C(Cl)=CC2)nc2ccccc12,1
P3_19479,C=C(Cl)C=C1C=C1Nc1nc(NCCO)c2ccccc2n1,1
P3_19480,Nc1ccccc1OCCN1CC2=COCCCC2=C2C(Cl)=C21,0
P3_19481,Clc1ccc(NC2N=CNCCOc3ccccc32)cc1Cl,1
P3_19482,CN1NC(Nc2ccc(Cl)c(Cl)c2)=NC2C=CC=CC21,0
P3_19483,OCCNc1nc(CCC#CCl)nc2ccccc12,1
P3_19484,OCCNc1nc(NC2=CC=CCC(Cl)=C2)nc2ccccc12,1
P3_19485,CCN1Cc2ccccc2N(Nc2ccc(Cl)c(Cl)c2)N1,1
P3_19486,CCNN1CN(c2ccc(Cl)c(Cl)c2)Nc2ccccc21,1
P3_19487,Clc1ccc(NC2=Nc3ccccc3NCCO2)cc1Cl,1
P3_19488,OCCNc1nc(C#CCl)nc2ccccc12,1
P3_19489,OCCNC1(c2ccc(Cl)c(Cl)c2)Nc2ccccc21,1
P3_19490,OCCNc1nc(C2=CCC([B-]Cl)=C2)nc2ccccc12,1
P3_19491,OCNC1=CN(c2ccc(Cl)c(Cl)c2)Nc2ccccc21,1
P3_19492,COCCC1=NC(Nc2ccc(Cl)c(Cl)c2)=NC=CC=C1,1
P3_19493,OCCNC1=C(Nc2ccc(Cl)cc2)CC=CC=CC1,1
P3_19494,ClC1=CCN(C2=NC(COc3ccccc3)=N2)CC1,0
P3_19495,COCNc1nc(NC2=C(Cl)C(Cl)=CC2)nc2ccccc12,1
P3_19496,Clc1ccc(NC2=NCCN(C3C=CCC=C3)N2)cc1Cl,0
P3_19497,CCNc1nc(NCC(C)CCl)nc2ccccc12,1
P3_19498,Cc1nc(Nc2ccc(Cl)c(Cl)c2)nc2c(O)cccc12,1
P3_19499,OCNc1ccccc1NCc1ccc(Cl)c(Cl)c1,1
P3_19500,C=C(Cl)C(Cl)Cc1nc(O)c2ccccc2n1,1
P3_19501,CCNC1=NC(Nc2ccc(Cl)c(Cl)c2)=NCC1=CCCO,1
P3_19502,OCCNc1nc(NBr)nc2ccccc12,1
P3_19503,CCC1=NC(Nc2ccc(Cl)c(Cl)c2)=NC1=CC=CCN,1
P3_19504,OCCNC1C(c2ccc(Cl)c(Cl)c2)=Nc2ccccc21,1
P3_19505,c1ccncnc(Nc2ccccc2)ncc1,1
P3_19506,ClOCCN1CNc2ccc(Cl)cc2Nc2ccccc21,1
P3_19507,OCCc1nc(N2CC=C(Cl)C(Cl)C2)nc2ccccc12,1
P3_19508,NC1=NC(Nc2ccc(Cl)c(Cl)c2)c2ccccc21,1
P3_19509,Clc1ccc(NC2=Nc3ccccc3CON2)cc1Cl,1
P3_19510,CCc1cnc(Nc2ccc(Cl)c(Cl)c2)nc1NCCO,1
P3_19511,COCC1CCOc2ccccc2C1NCCO,0
P3_19512,Cc1cc(CO)nc(Nc2ccc(Cl)c(Cl)c2)n1,1
P3_19513,CC(=CNc1ccc(CCOCl)cc1)CC#N,0
P3_19514,NC(CCOc1ccccc1)=NCc1ccccc1,1
P3_19515,OCNCc1ccccc1N=C(Cl)c1ccc(Cl)cc1,1
P3_19516,OCCNc1ccccccnc(-c2ccc(Cl)c(Cl)c2)n1,1
P3_19517,OCCNc1nc(C2=CC=CC2Cl)nc2ccccc12,1
P3_19518,Clc1ccc(N2CN=C(CCOc3ccccc3)N2)cc1,0
P3_19519,CCCCc1cccccc(CN)ncn1,0
P3_19520,Clc1ccc(NC2CCCN=N2)cc1Cl,1
P3_19521,ClCCNc1nc(C2=CC=C(Cl)C2)nc2ccccc12,1
P3_19522,Cc1cc(N2CN=C(NCCO)c3ccccc32)ccc1COCl,1
P3_19523,CC(CCO)C(Cl)=CCNc1ncc2ccccc2n1,0
P3_19524,C=C1CN=C(Nc2ccc(Cl)c(Cl)c2)N(CCO)C1,1
P3_19525,Clc1ccc(CN=C2CCOc3ccccc3N2)cc1,1
P3_19526,Clc1ccc(Nc2nc3c4c(n2)=CCC=43)cc1Cl,1
P3_19527,CC1=CC(Nc2nc(NCCO)c3ccccc3n2)=C=C1Cl,1
P3_19528,Nc1cc(NC2=Nc3ccccc3CN2CCO)ccc1Cl,0
P3_19529,CNc1ccc(-c2nc(CO)c3ccccc3n2)cc1Cl,1
P3_19530,OCCC1=NC(CC=CNc2ccc(Cl)c(Cl)c2)C1,1
P3_19531,OCCc1ccccc1N=C(Cl)c1ccc(Cl)cc1,1
P3_19532,CC=C(Cl)c1nc(NCCO)c2c(C(C)Cl)cccc2n1,0
P3_19533,C=c1nc(Nc2ccc(Cl)c(Cl)c2)nc2c1=CC=CN2CCO,1
P3_19534,Cc1cccc2c1N=C(Nc1ccc(Cl)c(Cl)c1)NN2CO,1
P3_19535,Cc1c#cc(CCO)nc(Nc2ccc(Cl)c(Cl)c2)nccc1,1
P3_19536,COCNC1=NCN1c1ccc(Cl)c(Cl)c1,0
P3_19537,COCCc1nc(NC2=CC=C(Cl)C2)nc2ccccc12,1
P3_19538,OCCNc1nc(C2=CC=CC2)nc2ccccc12,1
P3_19539,Cc1nc(NCCO)c2ccccc2n1,1
P3_19540,Nc1ccc(-c2nc(O)c3ccccc3n2)cc1Cl,1
P3_19541,OCCNc1nc(NC2C=C(Cl)C2)nc2ccccc12,1
P3_19542,OCCC(=CNc1ncc2ccccc2n1)CCl,1
P3_19543,CC=c1nc(-c2ccc(Cl)c(Cl)c2)nc(NCCO)c1=CC,1
P3_19544,OCc1nc(-c2ccc(Cl)c(Cl)c2)nc2ccccc12,1
P3_19545,OCCCC=CC1=NC(Nc2ccc(Cl)c(Cl)c2)=NCC1,1
P3_19546,Oc1nc(Nc2ccc(Cl)c(Cl)c2)nc2ccccc12,1
P3_19547,OCCNc1nc(C2=CCC=C(Cl)C2Cl)nc2ccccc12,1
P3_19548,OCC1=NC(Nc2ccc(Cl)c(Cl)c2)=NCC=CC1,1
P3_19549,OCc1cccc2c1N=C(Nc1ccc(Cl)c(Cl)c1)NC2,1
P3_19550,OCCc1cc(Nc2cccc3c2CON3)ccc1Cl,1
P3_19551,CC(Cl)=CC=Nc1nc(NCCO)c2ccccc2n1,1
P3_19552,OCCN1Cc2ccccc2C(c2ccc(Cl)c(Cl)c2)N1,1
P3_19553,CCCNc1nc(NC=CCCCl)nc2ccccc12,1
P3_19554,OCCNc1ncnc2c(C=CCF)cccc12,1
P3_19555,OCCNc1nc(C2C=C(Cl)C2Cl)nc2ccccc12,1
P3_19556,COCCC1=NC(Nc2ccc(Cl)c(Cl)c2)=NC1,0
P3_19557,C=C(Cl)c1nc(NCCO)c2ccccc2n1,1
P3_19558,BCCNc1nc(N2C=C(Cl)C(Cl)=CCOC2)nc2ccccc12,1
P3_19559,Oc1cccc(CNc2ccc(Cl)c(Cl)c2)n1,1
P3_19560,Clc1ccc(OCNc2ncnc3ccccc23)cc1Cl,1
P3_19561,OCCNc1nn(C=CCl)c2ncccc12,1
P3_19562,Cc1cccc2c(NCCO)nc(C3=CC=C(Cl)C3Cl)nc12,1
P3_19563,OC1=CN(Cc2ncnc3ccccc23)CC=C1Cl,1
P3_19564,OC1NCc2ccccc2N=C1Nc1ccc(Cl)c(Cl)c1,1
P3_19565,COCCC1=NN(Nc2ccc(Cl)c(Cl)c2)C1,0
P3_19566,COCNc1nc(NC2CC2=C(Cl)Cl)nc2ccccc12,1
P3_19567,COCCc1nc(NC2=C(Cl)C(Cl)=CC2)nc2ccccc12,1
P3_19568,OCCNc1nc(CCCl)nc2ccccc12,1
P3_19569,OCCNc1nc(NC2=CC(Cl)=C2Cl)nc2ccccc12,1
P3_19570,ClCCC(Cl)=CCc1ncc2ccccc2n1,0
P3_19571,OCCc1nc(NCC=CCl)nc2ccccc12,1
P3_19572,CCCC=CNc1nc(O)c2ccccc2n1,1
P3_19573,C=C1CC=C(Cl)N1c1nc(NCCO)c2ccccc2n1,1
P3_19574,OCC1=NC(Nc2ccc(Cl)c(Cl)c2)c2ccccc2C1,1
P3_19575,OCCc1nc(NC=CC=CCl)nc2ccccc12,1
P3_19576,Clc1ccc(NC2=Nc3ccccc3NCC2)cc1Cl,1
P3_19577,Nc1ccccc1OCC1=C(Nc2ccc(Cl)c(Cl)c2)N1,1
P3_19578,OCCNc1nc(C=C(Cl)CCl)nc2ccccc12,1
P3_19579,CC=CC=CNc1nc(CO)c2ccccc2n1,1
P3_19580,OCCNN1CN(c2ccccc2)Nc2ccccc21,0
P3_19581,Oc1bc(NCC=C(Cl)CCl)nc2ccccc12,1
P3_19582,c1ccc(Nc2ncc3ccccc3n2)cc1,1
P3_19583,OCCc1nc(CC=C(Cl)CCCl)nc2ccccc12,1
P3_19584,Cc1[nH]cnc1CC=C(Cl)C(C)Cl,0
P3_19585,OC1Nc2nc(-c3ccc(Cl)c(Cl)c3)ncccccc21,1
P3_19586,Cc1cccc2c(NCCO)nc(C3=C(Cl)C3Cl)nc12,1
P3_19587,OCCNc1nccccnnc2ccccc12,1
P3_19588,CC(Cl)CCNC1COCC(Nc2ccc(Cl)cc2)=N1,1
P3_19589,OCCNc1nc(C=CC(Cl)CCCl)nc2ccccc12,1
P3_19590,COCCNc1nc(C(C)=CCCl)nc2ccccc12,1
P3_19591,CC=C(C=C(C)Cl)Nc1nc(NCCO)c2ccccc2n1,1
P3_19592,ClOCc1nc2ccccc2[nH]cnc2ccccc12,1
P3_19593,OCCNC1=NN(c2cccc(Cl)c2)Cc2ccccc21,0
P3_19594,OCCNC1=CN(c2ccc(Cl)cc2)Nc2ccccc21,1
P3_19595,OCn1c(Nc2ccc(Cl)c(Cl)c2)nc2ccccc21,1
P3_19596,OCCNc1nc(CN2C=C(Cl)C(Cl)=CC2)nc2ccccc12,1
P3_19597,OCCNc1cc(Nc2ncc3ccccc3n2)ccc1Cl,1
P3_19598,Oc1nc(NCC(Cl)CCCl)nc2ccccc12,1
P3_19599,CC1=c2nc(Nc3ccc(Cl)c(Cl)c3)nc(CO)c2=CC1,1
P3_19600,C=Cc1ccnc(Nc2ccc(Cl)c([N-])c2)n1,1
P3_19601,C=Cc1cnc(Nc2ccc(Cl)c(Cl)c2)nc1CCO,1
P3_19602,COCN1NC(Nc2ccc(Cl)c(Cl)c2)=Nc2ccccc21,1
P3_19603,OCCNc1cc(Cl)c(Cl)cc1NC1=Nc2ccccc2C1,1
P3_19604,Cc1cccc2c1N(CO)NC(Nc1ccc(Cl)c(Cl)c1)=N2,1
P3_19605,OCCN([S+])c1nc(Nc2ccc(Cl)c(Cl)c2)nc2ccccc12,1
P3_19606,CC1=CC(c2nc(NCCO)c3ccccc3n2)=CC1,1
P3_19607,C=C(Cl)C(Cl)=CCc1nc(NCCO)c2ccccc2n1,1
P3_19608,OCCCCNCCC=Cc1ccc(Cl)c(Cl)c1,1
P3_19609,OCCN1C=CC=C(CNc2ccc(Cl)c(Cl)c2)C1,1
P3_19610,Nc1ccccc1OC1C=C(Cl)C(Cl)=C1,0
P3_19611,OCCNc1nc(NC=C2C=CC(Cl)=C2Cl)nc2ccccc12,1
P3_19612,OCC1=NC(Nc2ccc(Cl)c(Cl)c2)c2cccc1c2,1
P3_19613,ClOCCNc1nc(NC2=CC=CC2)nc2ccccc12,1
P3_19614,CCNC1=NC(Cl)=NCC1=CCCc1cccc(Cl)c1,1
P3_19615,OCCNc1nc(NC2=C(Cl)C(Cl)=C2)nc2ccccc12,1
P3_19616,Cc1cccc(NCCOc2ccccc2)n1,0
P3_19617,Clc1ccc(C(Cl)c2ccccc2)cc1,1
P3_19618,NOCCc1ccnc(-c2ccc(Cl)c(Cl)c2)n1,1
P3_19619,CC=C(C=C(C)Cl)c1nc(NCCO)c2ccccc2n1,1
P3_19620,Nc1cc2nc(CCOc3ccccc3)cn2cc1Cl,1
P3_19621,COCn1c(Nc2ccc(Cl)c(Cl)c2)nc2ccccc21,1
P3_19622,CC=c1cncnc1=Cc1cc(Cl)c(Cl)cc1NCCO,0
P3_19623,C=Cc1nc(NCCO)c2ccccc2n1,1
P3_19624,N=C1ONC(Nc2cccc(Cl)c2)=Nc2ccccc21,1
P3_19625,Clc1ccc(NC2=Nc3ccccc3C2)cc1Cl,1
P3_19626,ClCCC(Cl)=CCNc1ncc2ccccc2n1,0
P3_19627,OCCNc1nc(NCC=C(Cl)C(Cl)Cl)nc2ccccc12,1
P3_19628,CCC(Cl)=Cc1nc(NCOC)c2ccccc2n1,1
P3_19629,Clc1ccc(NC2=NC=CC2)cc1Cl,1
P3_19630,CC=CCc1nc(NCCO)c2ccccc2n1,1
P3_19631,C=CC=CC=Cc1nc(NCCO)c2ccccc2n1,1
P3_19632,OCCNc1nc(Nc2ccc(Cl)c(Cl)c2)nc2c1CCC=C2,1
P3_19633,ClC1=CCN(OCc2ccccc2)C=C1Cl,1
P3_19634,Clc1ccc(NC2=NC3=CCC=CN3N2)cc1Cl,1
P3_19635,OCCNc1ccccccnc(CCCl)n1,1
P3_19636,OCN1CC(Nc2ccc(Cl)c(Cl)c2)=Nc2ccccc21,1
P3_19637,N=c1c2ccccc2nc(CCCCl)n1CCO,1
P3_19638,COCN1CCOc2ccccc2N(Nc2ccc(Cl)c(Cl)c2)N1,1
P3_19639,ClOc1cc(Nc2ncc3ccccc3n2)ccc1Cl,1
P3_19640,CC=Cc1cnc(CCOc2ccccc2)[nH]1,1
P3_19641,OCCNc1nc(C2=CC=C(Cl)C2)nc2ccccc12,1
P3_19642,OCCNC(=CNc1ccc(Cl)c(Cl)c1)c1ccccc1,1
P3_19643,OCCNc1nc(N2CC=C(Cl)CC2)nc2ccccc12,1
P3_19644,OCCNc1nc(C2=C(Cl)C2)nc2ccccc12,1
P3_19645,CC=Cc1cc(NCCO)nc(Nc2ccc(Cl)c(Cl)c2)n1,1
P3_19646,C=C1c2nc(-c3ccc(Cl)c(Cl)c3)nc(NCCN)c21,1
P3_19647,OCCNc1nc(NC2=CC[B+]C(Cl)=C2Cl)nc2ccccc12,1
P3_19648,Clc1ccc(-c2ncccccc3c(n2)NCCO3)cc1Cl,1
P3_19649,OCCNc1c(N2C=C(Cl)C(Cl)=CC2)[nH]c2ccccc12,1
P3_19650,OCCCc1ccccc1N=C(Cl)c1cccc(Cl)c1,1
P3_19651,CC=CC(=NC1CCN(CCO)C1)c1ccc(Cl)c(Cl)c1,0
P3_19652,COCNc1nc(NC2C=C(Cl)C=C2Cl)nc2ccccc12,1
P3_19653,C=CCNC1=NC(Nc2ccc(Cl)c(Cl)c2)=NC2C=CC12,1
P3_19654,OCCC1=NC(Nc2ccc(Cl)c(Cl)c2)=NC1,1
P3_19655,CNCCC=CCCOc1ccc(Cl)c(Cl)c1,1
P3_19656,OCCNc1nc(NC2=C(Cl)C=CC2)nc2ccccc12,1
P3_19657,Oc1cc(Nc2ncc3ccccc3n2)ccc1Cl,1
P3_19658,OCC1=NC(Nc2ccc(Cl)c(Cl)c2)=Nc2ccccc2CN1,1
P3_19659,C=Nc1cc(=Nc2ccccc2)[nH]cc1Cl,1
P3_19660,Nc1cccc(NCCO)c1CC1C=C(Cl)C(Cl)=C1,1
P3_19661,CCNc1nc(Nc2ccc(C)c(Cl)c2)nc2ccccc12,1
P3_19662,OCc1nc(NC=CCCCl)nc2ccccc12,1
P3_19663,CNc1cc(-c2nc(CO)c3ccccc3n2)ccc1Cl,1
P3_19664,OCC1=NC(Nc2ccc(Cl)c(Cl)c2)=NC1,1
P3_19665,Clc1ccc(NC2=NC3=CC3C2)cc1Cl,1
P3_19666,CCCNC1=NC(Nc2ccc(Cl)c(Cl)c2)=N1,1
P3_19667,Cc1cccc2nc(Nc3ccc(Cl)c(Cl)c3)nc(CO)c12,1
P3_19668,Clc1ccc(NC2=Nc3ccccc3CNCCO2)cc1Cl,1
P3_19669,ClC=CC=CNC1N=C1CCOc1ccccc1,1
P3_19670,OCCNc1nc(N2C=CC=CC=C2Cl)nc2ccccc12,1
P3_19671,ClC1=CCN(C2=C(CCOc3ccccc3)N2)C=C1Cl,1
P3_19672,Clc1ccc(-c2nc3ccccc3[nH]2)cc1Cl,1
P3_19673,OCCNc1ccccc1N(Cl)c1ccc(Cl)cc1,1
P3_19674,OCCNC1=NC2=CC=C(Nc3ccc(Cl)c(Cl)c3)C2=C1,1
P3_19675,NC1(c2ccc(Cl)c(Cl)c2)N=C(CCO)c2ccccc21,1
P3_19676,Clc1ccc(NC2=Nc3ccccc3OCCNC2)cc1Cl,1
P3_19677,CCN1C=NC(Nc2ccc(Cl)c(Cl)c2)c2ccccc21,1
P3_19678,CC1=C(Cl)C(Cl)=CCN1c1nc(NCO)c2ccccc2n1,1
P3_19679,CC=C(Cl)C(Cl)Cc1nc(NCCO)c2ccccc2n1,1
P3_19680,CC=C(Cl)C(Cl)=Cc1nc(NCCO)c2ccccc2n1,1
P3_19681,CC=Cc1nc(NCC=C(Cl)CCl)nc2ccccc12,1
P3_19682,CCC1=NC(Nc2ccc(Cl)c(Cl)c2)=NC(=CCCN)C1,0
P3_19683,COCCc1nc(NC=CC=CCl)nc2ccccc12,1
P3_19684,OCCNc1nc(C2=NCCCC2)nc2ccccc12,1
P3_19685,CC(CCl)C(C)c1nc(NCCO)c2ccccc2n1,1
P3_19686,OCCNCc1c2cccc1C(Nc1ccc(Cl)cc1Cl)=N2,1
P3_19687,Cc1cccc2c1C(Nc1ccc(Cl)c(N)c1)N=CN2CO,1
P3_19688,Nc1ccccc1OCCCNc1ccc(Cl)cc1,1
P3_19689,Clc1ccc(Nc2nc3ccc2-3)cc1Cl,1
P3_19690,OCCNc1nc(N=C2C=[B-]CC(Cl)=C2)nc2ccccc12,1
P3_19691,OCCNc1nc(CCCl)cc2c(CCl)cccc12,1
P3_19692,ClCC(Cl)=CCNc1nc2ccccc2[nH]1,1
P3_19693,COCCNc1nc(C2C=C(Cl)C(Cl)=C2)nc2ccccc12,1
P3_19694,OCCNc1nc(CCCCl)nc2ccccc12,1
P3_19695,[B-]=CCNc1nc(Nc2cccc(Cl)c2)nc2ccccc12,1
P3_19696,CCCNc1ccnc(N2C=C(Cl)C(Cl)=CC2)n1,0
P3_19697,OCCNc1nc(CF)nc2ccccc12,1
P3_19698,OCCN1Cc2ccccc2N=C1Cl,0
P3_19699,Clc1ccc(NC2N=NCCOc3ccccc32)cc1Cl,1
P3_19700,ClCCC(Cl)=CCNC1=Nc2ccccc21,1
P3_19701,Nc1ccccc1Cc1cc(Cl)c(Cl)cc1NCCO,1
P3_19702,Cc1cccc2c(NCCO)nc(C3=C(Cl)C(Cl)=CC3)nc12,1
P3_19703,CC=CC=CCNc1nc(NCC)c2ccccc2n1,1
P3_19704,OC1=NC(Nc2ccc(Cl)c(Cl)c2)CC1,1
P3_19705,Clc1ccc(NC2=Nc3ccccc3OCCN2)cc1Cl,1
P3_19706,CC1(Cl)C=CC=COC1CNc1ncnc2ccccc12,1
P3_19707,OCCNC(Cc1ccccc1)c1ccc(Cl)c(Cl)c1,1
P3_19708,N#CCC(=CCCN)CNc1ccc(Cl)c(Cl)c1,1
P3_19709,OCCNn1ccccccnc1Nc1ccc(Cl)c(Cl)c1,1
P3_19710,Oc1nc(NC=CCCl)nc2ccccc12,1
P3_19711,Clc1ccc(NN2N=C2CCOc2ccccc2)cc1Cl,1
P3_19712,CCN1CC=CN=C1Nc1ccc(Cl)c(Cl)c1,0
P3_19713,Nc1cc(NC2=C(CCOc3ccccc3)N2)ccc1Cl,1
P3_19714,OCCNn1c2cccc-2cnc1Nc1ccc(Cl)c(Cl)c1,1
P3_19715,OCCNc1nc(NC2=CC(Cl)(Cl)C=C2)nc2ccccc12,1
P3_19716,Nc1cc(Cl)c(Cl)cc1-c1nc(CCO)c2ccccc2n1,1
P3_19717,C=CCc1nc(NCCO)c2ccccc2n1,1
P3_19718,CC1(C)C=C1c1nc(NCCO)c2ccccc2n1,1
P3_19719,Nc1cccc2c1C(NCCO)=NC2c1ccc(Cl)c(Cl)c1,1
P3_19720,OCCC=C(Cl)C(Cl)=CCNc1ncc2ccccc2n1,0
P3_19721,OCCNC1=NCN(c2ccc(Cl)cc2)c2ccccc21,1
P3_19722,OCCNc1nc(N[C-]2C=C(Cl)C=CC2)nc2ccccc12,1
P3_19723,ClC1=Nc2ccccc2C1NCCOc1ccc(Cl)cc1,1
P3_19724,CC(CCl)Cc1nc(NCCO)c2ccccc2n1,1
P3_19725,NCCOC1CC(Nc2ccc(Cl)c(Cl)c2)=Nc2ccccc21,0
P3_19726,CC(=CCNc1nc(C)c2ccccc2n1)CCl,1
P3_19727,Clc1ccc(C2=NC(CCOc3ccccc3)=N2)cc1Cl,1
P3_19728,CNc1nc(N2CC=C(Cl)CCC2CO)nc2ccccc12,1
P3_19729,CCC=C1N=C(Nc2ccc(Cl)c(Cl)c2)N=C1NCCO,1
P3_19730,CN1OCc2ccccc2N=C1Nc1ccc(N)c(Cl)c1,0
P3_19731,COCCc1nc(NC2=CC(Cl)=C2)nc2ccccc12,1
P3_19732,OCCNc1nc(-c2ccccc2)nc2ccccc12,1
P3_19733,CC=C(Cl)C(Cl)=CCNc1nc(CCO)c2ccccc2n1,1
P3_19734,CC(Cl)=CNc1ncc2ccccc2n1,1
P3_19735,CC=C1N=C(Nc2cc(Cl)ccc2Cl)N=C1COCC,1
P3_19736,Cc1ccc(Cl)c(Nc2nc3ccc(CO)[nH]c-3n2)c1,1
P3_19737,CCNc1nc(N2CC=C(Cl)C(C)C2O)nc2ccccc12,1
P3_19738,OCCNC1=NC(c2ccc(Cl)c(Cl)c2)=CC1,1
P3_19739,Clc1ccc(NC2N=CCc3ccccc32)cc1Cl,0
P3_19740,OCCNc1nc(NC2=CCC=C2Cl)nc2ccccc12,1
P3_19741,OCCNN1CN(c2cccc(Cl)c2)Nc2cccc(Cl)c21,1
P3_19742,CCc1nc(NCCO)c2ccccc2n1,1
P3_19743,ClCCNc1nnnc2ccccc12,1
P3_19744,CC(Cl)=CCNc1nc(NCC2CCN2C)c2ccccc2n1,1
P3_19745,CCNc1nc(NC2=CC(Cl)C=C2)nc2ccccc12,1
P3_19746,FC=CNc1nc(NCC=CCl)nc2ccccc12,1
P3_19747,Clc1ccc(OCN2CN=Cc3ccccc32)cc1Cl,1
P3_19748,COCCNc1nc(C=CC=CCl)nc2ccccc12,1
P3_19749,OCCNC1=NN(c2ccc(Cl)c(Cl)c2)CCO1,1
P3_19750,C=C=C(Cl)CCc1nc(NCCO)c2ccccc2n1,1
P3_19751,CN1Cc2ccccc2N=C1Nc1ccc(N)c(Cl)c1,1
P3_19752,CCC=CNc1nc(NCCO)c2ccccc2n1,1
P3_19753,ClOCCNC1=NN(c2cccc(Cl)c2)Nc2ccccc21,1
P3_19754,CCNc1nc(N2CC=C(Cl)C(Cl)C2)nc2ccccc12,1
P3_19755,CCCNc1nc(NC2=CC=CC2Cl)nc2ccccc12,1
P3_19756,CCOCC1=NC(Nc2cccc(Cl)c2)=NCC1=CCCl,0
P3_19757,Nc1cccccc(CCO)nn1Nc1ccc(Cl)c(Cl)c1,1
P3_19758,CNc1nc(NCC(Cl)=CCCl)nc2ccccc12,1
P3_19759,OCCNN1CN(c2ccc(Cl)cc2)Nc2ccccc21,1
P3_19760,OCCNc1ccccccnc(C2=CC(Cl)=C2)n1,1
P3_19761,CNc1cc(NC2=Nc3ccccc3C2CO)ccc1Cl,0
P3_19762,C=C(Cl)CC=CNc1nc(NCCO)c2ccccc2n1,1
P3_19763,Nc1cccc2c1C(c1ccc(Cl)c(Cl)c1)N=C2NCCO,1
P3_19764,Clc1ccc(NC2=NC(CNc3ccccc3)ON2)cc1Cl,1
P3_19765,OCCNc1nc(-c2cccc(Cl)c2)nc2cccc(Cl)c12,1
P3_19766,OCNc1nc(C=CC=C(Cl)Cl)nc2ccccc12,1
P3_19767,Clc1ccc(NC2=CCC3OCCCC=C23)cc1Cl,1
P3_19768,CNc1ccc(NC2=Nc3ccccc3C2CO)cc1Cl,1
P3_19769,OCCNc1cc2cc(-c3ccc(Cl)c(Cl)c3)cc-2[nH]n1,1
P3_19770,C#CCNC1=Cc2c(Nc3ccc(Cl)c(Cl)c3)cccc21,1
P3_19771,CCN1NC(Nc2ccc(Cl)c(Cl)c2)=NC2=CCC=C[B-]21,1
P3_19772,OCCNn1c2cccc-2cnc1-c1ccc(Cl)c(Cl)c1,1
P3_19773,OCCNc1nc(NC2=CC(=CCl)C(Cl)=CC2)nc2ccccc12,1
P3_19774,Clc1ccc(Nc2nc3ccccc3n2Cl)cc1,1
P3_19775,CCC(Nc1nc(NCCO)c2ccccc2n1)=C(Cl)CCl,1
P3_19776,CCC=CC1CCN(CO)C(Nc2ccc(Cl)c(Cl)c2)=N1,1
P3_19777,OCCN1C=NC(Nc2ccc(Cl)c(Cl)c2)c2ccccc21,1
P3_19778,CCN1CC(Nc2ccc(Cl)c(Cl)c2)=Nc2ccccc21,0
P3_19779,OCCc1nc(N=CC=CCl)nc2ccccc12,1
P3_19780,CCCNC1=NC(c2ccc(Cl)c(Cl)c2)=NCC1,1
P3_19781,OCCNC1=NN(c2ccc(Cl)cc2)Cc2c(Cl)cccc21,1
P3_19782,Nc1ccccc(CCO)[nH]c(-c2ccc(Cl)c(Cl)c2)n1,1
P3_19783,OC1C(Nc2ccc(Cl)c(Cl)c2)=Nc2ccccc21,1
P3_19784,COCCc1nc(NC2=CC(C)C2)nc2ccccc12,1
P3_19785,OCCNc1nc([C+]c2ccc(Cl)c(Cl)c2)nc2ccccc12,1
P3_19786,CC(=CCCl)Nc1nc(NCCO)c2cccc(Cl)c2n1,1
P3_19787,CC=Cc1cnc(-c2ccc(Cl)c(Cl)c2)nc1,1
P3_19788,OCC1=NN(Nc2ccc(Cl)c(Cl)c2)c2ccccc2N1,1
P3_19789,OCCNc1nc(Nc2ccc(F)c(Cl)c2)nc2ccccc12,1
P3_19790,Clc1ccc(NC2=COCC(NCC3CCNCC3)=N2)cc1Cl,0
P3_19791,OCCNc1n[p-]cc(Cl)c(Cl)ccccnc2ccccc12,1
P3_19792,Clc1ccc(NC2=Nc3ccccc3CCO2)cc1Cl,1
P3_19793,CCCNc1ccccc1CN1C=C(Cl)C(Cl)=CC1,0
P3_19794,COCCC1=NC(Nc2ccc(Cl)c(Cl)c2)=NC2C=CC12,1
P3_19795,ClCCNN1OCCCc2ccccc2C1CCCl,0
P3_19796,CC1=CC=CN(c2nc(NCCO)c3ccccc3n2)C=C1,1
P3_19797,CC=C1CN=C(Nc2ccc(Cl)c(Cl)c2)N=C1CCOC,1
P3_19798,CCOCc1nc(NC2=C(Cl)C=[B-]2)nc2ccccc12,1
P3_19799,OCCNc1nc(C2=CC2)nc2c(C=CCCl)cccc12,1
P3_19800,NC1(c2ccc(Cl)c(Cl)c2)N=C(NCCO)c2ccccc21,0
P3_19801,CNc1nc(N2C=C(Cl)C(CO)=CC2)nc2ccccc12,1
P3_19802,OCCc1ccccc1-c1n[nH]c2cc(Cl)c(Cl)cc12,1
P3_19803,OCC=C(Cl)C(Cl)=CCc1ncc2ccccc2n1,0
P3_19804,OCCNc1nc(C2=C(Cl)C(Cl)=C2)nc2ccccc12,1
P3_19805,CCOc1nc(NCC=C(Cl)CC)nc2ccccc12,1
P3_19806,Clc1ccc(OCCC2=NC=CC2)cc1Cl,1
P3_19807,Cc1ccc(CCCCl)cc1Cl,1
P3_19808,Nc1cccccnc(-c2ccc(Cl)c(Cl)c2)nc1NCCO,1
P3_19809,OCCNc1nc(CC=C(Cl)CCl)nc2ccccc12,1
P3_19810,OCCNc1nc(-c2ccc(Cl)cc2)nc2ccccc12,1
P3_19811,COCCC1=NC(Nc2ccc(Cl)c(Cl)c2)=NC12C=CC2,1
P3_19812,CCNc1nc(NC2=C(C(C)C)C2)nc2ccccc12,1
P3_19813,OCNC1=NC(Nc2ccc(Cl)c(Cl)c2)c2ccccc21,1
P3_19814,CCCNc1ccnc(-c2ccc(Cl)c(Cl)c2)n1,1
P3_19815,ClOCCNc1nc(NC2CC=C2Cl)nc2ccccc12,1
P3_19816,CC(=CC=Cc1nc(NCCO)c2ccccc2n1)CCl,1
P3_19817,C=C(Cl)C(Cl)=CCNc1nc(NCCO)c2ccccc2n1,1
P3_19818,Clc1ccc(NC2=NC(c3ccccc3)=N2)cc1Cl,1
P3_19819,CCNC1=NN=NCC1=CCNc1ccc(Cl)c(Cl)c1,1
P3_19820,CCNc1ccccc1-c1ncc(CF)[nH]cc[nH]1,0
P3_19821,OCCNc1cc2cccc-2nc(-c2ccc(Cl)c(Cl)c2)n1,1
P3_19822,FCNc1nc(NC2C=C(Cl)C(Cl)=CCO2)nc2ccccc12,1
P3_19823,CCC1(Nc2ccc(Cl)c(C)c2)Nc2ccccc21,1
P3_19824,CCCC=C(C)C(Cl)=CCNc1nc(O)c2ccccc2n1,1
P3_19825,OCCc1ccccccnc(Nc2ccc(Cl)c(Cl)c2)n1,1
P3_19826,OCCNc1nc(-n2cccc2C=CCl)nc2ccccc12,1
P3_19827,CCCC=C1CCN(O)C(Nc2ccc(Cl)c(Cl)c2)=N1,1
P3_19828,OCCNc1nc(N2C=CCC(Cl)=C2)nc2ccccc12,1
P3_19829,Cl[B-]1=C=C(CNC2=NC(CCOc3ccccc3)=N2)CC=C1Cl,1
P3_19830,Clc1ccc(NCc2ccccc2)cc1Cl,1
P3_19831,OCCNc1nc(C=C2C=C(Cl)C(Cl)=C2)ncc2cccc1-2,1
P3_19832,Clc1ccc(NC2=Nc3ccccc3CNC=N2)cc1Cl,1
P3_19833,OCCNc1nc(C(Cl)C=CCl)nc2ccccc12,1
P3_19834,OCCNc1nc(C2=CC2)nc2ccccc12,1
P3_19835,CC=C1CN2C1=NC2Nc1ccc(Cl)c(Cl)c1,0
P3_19836,OCNc1nc(-c2ccc(Cl)cc2)nc2ccccc12,1
P3_19837,OCCNC1=NCN=NC1=CC=CCc1cccc(Cl)c1,1
P3_19838,C=CC=CCNc1nc(NC2C=C2Cl)nc2ccccc12,1
P3_19839,ClCCC=CNC1=NC(CCOc2ccccc2)=N1,1
P3_19840,Clc1ccc(CNc2ncnc3ccccc23)cc1Cl,1
P3_19841,Nc1ccc(NC2=Nc3ccccc3CN2CCO)cc1Cl,1
P3_19842,CC1C=C(Cl)C(Nc2nc(NCCO)c3ccccc3n2)=C1,1
P3_19843,CC(Cl)=CCc1nc(NCCO)c2ccccc2n1,1
P3_19844,Clc1ccc(NC2=Nc3ccccc3CNCC2)cc1Cl,0
P3_19845,C=CC(Cl)=CCc1nc(NCCO)c2ccccc2n1,1
P3_19846,C=CN1CN=C(CCOc2ccccc2)N1,0
P3_19847,CCC(Cl)=CNc1nc(NCCO)c2ccccc2n1,1
P3_19848,NC1=NC(c2ccc(Cl)cc2)=Nc2ccccc2OCC1,1
