step,mpo_pred,log_posterior,latent_1,latent_2
0,0.7828739717137873,-4.538385259666603,9.077381134033203,5.095953464508057
1,0.7712107020137082,-4.6056632020915265,9.107852842008647,4.991955053884007
2,0.7739157576151066,-4.625737100279977,9.022548449251289,5.07989485137029
3,0.7749955560315105,-4.728839602184612,9.110393479382017,5.0749022602716645
4,0.7585408439513089,-5.089385736210665,9.146937885818424,5.116175521431264
5,0.7723868258039185,-4.621474210299559,9.135543140052937,5.032159873735011
6,0.772197425851764,-4.6805564359307,9.14721172096701,5.054028733407912
7,0.7733983899027632,-4.6274679955069065,9.115244599331279,5.006991467978632
8,0.7739277890007212,-4.669766501483856,9.0817560963327,5.023266774489133
9,0.774683081079048,-4.5668913588711515,8.954187463998908,4.909938053088784
10,0.77467073846448,-4.604048689685389,9.016746503395641,4.879003399116761
11,0.7755800577872312,-4.514689209004196,9.01799591526841,4.927078065007352
12,0.7758698149728623,-4.3182894726399725,8.8732846680261,4.794808103771912
13,0.7756679891666064,-4.339613900846123,8.947036224872809,4.701446335770924
14,0.7761733629551979,-4.252126826433492,8.887621229303129,4.556840550332078
15,0.7759184058936773,-4.189834377458217,8.785271480040942,4.57476811382771
16,0.7753021271298911,-4.272663766050469,8.721296326765968,4.482110519687157
17,0.7760611494159754,-4.212233583247783,8.805108983555407,4.681783608856335
18,0.7754050938869046,-4.149586597950972,8.763573257537438,4.620573928950354
19,0.7752142466603218,-4.216358999134175,8.714942466630104,4.615195673868522
20,0.7758743404704093,-4.24241270380323,8.92778943987362,4.533057005946083
21,0.776422613804503,-4.2856440548982055,8.972396660021829,4.487558657912005
22,0.7731887583327105,-4.333491639162143,9.102996834192512,4.509496908048391
23,0.7731887583327105,-4.333491639162143,9.102996834192512,4.509496908048391
24,0.7727754505472659,-4.3477247048558745,9.102484647520505,4.493152618195939
25,0.7747760112176791,-4.141412687737389,8.980603341478142,4.405337381503064
26,0.7745366031642229,-4.131304918738042,9.080879124008602,4.459148925203457
27,0.7745366031642229,-4.131304918738042,9.080879124008602,4.459148925203457
28,0.7731013495740345,-4.113996435025086,9.112439624367637,4.57973428729228
29,0.775568285636207,-4.275055171586294,9.024753546550878,4.570308031867024
30,0.7765576227837102,-4.111498424293016,8.907596883668344,4.533483136188221
31,0.7762853530289144,-4.128624562525734,8.869981276545333,4.520100839736617
32,0.7764196133663689,-4.163607828480067,8.88552420931218,4.555276480576538
33,0.776419613366369,-4.163607828480067,8.88552420931218,4.555276480576538
34,0.7762072282742433,-4.148215600099526,8.774481140870732,4.508123999831543
35,0.7763064016308365,-4.127846314874672,8.921630338170047,4.251458155738414
36,0.7763064016308368,-4.127846314874672,8.921630338170047,4.251458155738414
37,0.7763064016308368,-4.127846314874672,8.921630338170047,4.251458155738414
38,0.7755587958044862,-4.173202930932227,9.020588731629532,4.133627793426927
39,0.7755587958044865,-4.173202930932227,9.020588731629532,4.133627793426927
40,0.7761338466280857,-4.036532974100139,8.953474703889874,4.164828740582052
41,0.7663267979322012,-4.267566479746473,9.115095672054995,3.9585049129015775
42,0.7512170945531799,-4.8437419744099826,9.196472041051615,4.065352068500482
43,0.7355647133668803,-5.671843368693516,9.296454465742645,3.959498460302641
44,0.7365752841007532,-5.94976747337107,9.429350524786344,4.045177858559294
45,0.7373147768720757,-5.815171652014405,9.440138569220647,4.176132927045346
46,0.7374690010800979,-5.779418947688169,9.467765987153502,4.03485633865611
47,0.7496882437210353,-5.200096272086196,9.543779295691088,4.057777476067617
48,0.7331452741525746,-5.975299637686789,9.5958960212643,4.031193596876079
49,0.7378355083442708,-5.848271391731471,9.670839411237074,4.002705190237822
50,0.7338932667079533,-5.830690426112833,9.587099588854327,3.943265155017948
51,0.7338932667079533,-5.830690426112833,9.587099588854327,3.943265155017948
52,0.7348452762050924,-5.713063557859288,9.521671261185572,3.9860541990874396
53,0.7375998781269324,-5.684313213577691,9.628393502842771,3.9529053818777142
54,0.7357237964268102,-5.710764175228242,9.63533161635605,3.968924441209422
55,0.7366604399260372,-5.583790995478163,9.42803327275692,3.8571860299104612
56,0.7340657246340078,-5.745160748598842,9.387325449121887,3.8287496461064516
57,0.7378973946986661,-5.628444241928969,9.409633423384415,3.9720710967670687
58,0.7375857930254427,-5.6586186209767995,9.324479704465839,4.038629620398412
59,0.7375857930254426,-5.6586186209767995,9.324479704465839,4.038629620398412
60,0.7377364712515058,-5.800801504758424,9.566521205690579,4.0821180475447765
61,0.7357867456034585,-6.175339247115165,9.600985728314184,4.148950649355577
62,0.7365225886853787,-6.240359035139946,9.74136786752084,4.1046970781663585
63,0.7375357490391129,-6.163927314206213,9.786601262585153,3.948121170948307
64,0.73874430131741,-6.038649814794594,9.703978315948758,3.9728877610592015
65,0.7387443013174098,-6.038649814794594,9.703978315948758,3.9728877610592015
66,0.7367227984859045,-6.0732114840882065,9.579531137188651,3.8840080297361097
67,0.7380921873994197,-5.847937798661442,9.51423952272218,3.9388508218190896
68,0.7350953069494003,-5.96045884146886,9.368757274196401,4.0724694318203065
69,0.7370184254403835,-5.944475426145557,9.440196922459467,4.272199084895106
70,0.7417805431000762,-5.6888452081479075,9.622326807540778,4.107023170077179
71,0.7734619002337698,-4.535874195628246,9.67386784783086,4.049269281341614
72,0.7734619002337701,-4.535874195628246,9.67386784783086,4.049269281341614
73,0.7737784128220148,-4.560893880366587,9.698032299998534,3.987871601202324
74,0.7671575314675774,-4.800168994632574,9.656868467776913,4.124135865182658
75,0.7677113200129716,-4.820763477152456,9.628246172792846,4.105143481080432
76,0.770532638189627,-4.754939479974068,9.594513656585995,4.09094315963968
77,0.7705326381896274,-4.754939479974068,9.594513656585995,4.09094315963968
78,0.7734738038515887,-4.547596100061115,9.592757373938252,4.000700850160429
79,0.7693924361912394,-4.577190211555561,9.336282939756195,4.079185253821243
80,0.7744783116495843,-4.446954669062839,9.375053253882397,4.062492460810386
81,0.7732905156409597,-4.5083048845278695,9.454133426000297,4.212329904840059
82,0.7717490778341851,-4.510906825932148,9.375891792604152,3.9802943036014446
83,0.7696635282705374,-4.584528227879185,9.480809154748288,3.882698421989954
84,0.7661058785685039,-4.929672291075522,9.47960068966946,3.8616294205536383
85,0.7609066540073092,-4.799175726355797,9.251526905132268,3.711965551563306
86,0.763734654523462,-4.767228927860384,9.296308276804538,3.7177929846568505
87,0.7728064683841246,-4.319601420640538,9.134321077365362,3.4930661291227647
88,0.7728064683841247,-4.319601420640538,9.134321077365362,3.4930661291227647
89,0.7664678233127652,-4.539631403825014,9.247925945720905,3.400981089341852
90,0.7665931490928652,-4.572304430456885,9.282005086521115,3.2226199763704337
91,0.7664107097091017,-4.794120230892092,9.41706759861638,3.2238252944306165
92,0.7648825200874917,-4.949506245604005,9.596823715280845,3.3132466272819574
93,0.7642592851393046,-5.0751296574760305,9.47179216138853,3.3643688087367107
94,0.7633963653188226,-5.040289879715802,9.387287628591615,3.255998926000905
95,0.7637900325809316,-5.123353421057821,9.355376968890525,3.277722045481957
96,0.7637900325809315,-5.123353421057821,9.355376968890525,3.277722045481957
97,0.7637900325809317,-5.123353421057821,9.355376968890525,3.277722045481957
98,0.7641171930130752,-4.904082798350329,9.265942364282772,3.245095844979653
99,0.7640771446969677,-4.714655461770471,9.256612499317423,3.2582016275842673
100,0.7635264167265094,-4.601359813831761,9.207637481027303,3.3490617635734785
101,0.7635283979195661,-4.5938644616104956,9.274294747888257,3.2508598215904483
102,0.7633069634189159,-4.474645263488772,9.233600373011,3.1923724080971483
103,0.7641342688414218,-4.332585739088335,9.037741228971298,3.191140478804217
104,0.7647607574466706,-4.325566725399899,8.920544069681219,3.081808093015479
105,0.7642610775801431,-4.440247781827931,8.864771180931697,3.040969230290006
106,0.7351397443238042,-5.629515646465286,8.903740351463698,3.051224548662633
107,0.7346513713055814,-5.699678211335563,8.796115831431822,2.976048963881283
108,0.7358039114601582,-5.741348177341832,8.93245870264039,2.787969121083877
109,0.7358185109895793,-5.7528370015931465,8.973837934359413,2.7647421880914536
110,0.7338100607344219,-5.951542002468016,8.858751483440855,2.7559545138498915
111,0.7372866527564056,-5.624434061709232,8.823181651883752,2.789538639543194
112,0.7372866527564057,-5.624434061709232,8.823181651883752,2.789538639543194
113,0.7390243558434066,-5.44427515476706,8.722947253814672,2.7785658943737648
114,0.7329979540613701,-5.750286681665619,8.694667678899915,2.767947701311507
115,0.7334069631404943,-5.672971900141784,8.739048949838226,2.8142846819147755
116,0.7364656599501364,-5.591396879178229,8.772152965337845,2.7840227059677307
117,0.7366552423372071,-5.586642587997195,8.80742498164048,2.8607049931461552
118,0.7369307920693268,-5.569205923292767,8.870816019413855,2.861004322266151
119,0.7365076547351815,-5.503991602330157,9.01504649853248,2.8109298478904594
120,0.7369980954220601,-5.469750413528676,9.077016695080728,2.84491738400973
121,0.7364297162776622,-5.59722545399171,9.080622687760506,2.8444540867872954
122,0.736054448767675,-5.7069885446389215,9.179236319456583,2.788676952188353
123,0.7367674974802612,-5.57375897134896,9.093315717599026,2.734910694498051
124,0.7358746526362057,-5.80882688070546,9.337828732104917,2.597179128946014
125,0.7359889203910055,-5.642268105658037,9.292181617682445,2.710402586163939
126,0.7346412310822519,-5.654475086761979,9.272493047812054,2.5989408898571464
127,0.7346125936640251,-5.723808828694478,9.416023063476597,2.6233161378973113
128,0.7356008256266744,-5.802400678382068,9.48134755180472,2.59564612888874
129,0.7359448434183037,-5.844524241932712,9.530803217337006,2.693012480023149
130,0.7366461362331974,-5.927156116163484,9.39522182022435,2.6135525345106436
131,0.7359520961259504,-5.895784433419012,9.403120691858351,2.7269205823863136
132,0.7357957725073341,-6.197357336821483,9.379537755640866,2.7085030077347914
133,0.7359183508494985,-6.334409062982631,9.310952488023203,2.8466737670725712
134,0.73744035247667,-6.334528451983581,9.078991415348082,2.6465191926287033
135,0.7374480831487248,-6.246089710139425,9.097397198475239,2.7427849498773873
136,0.7387329647901628,-6.146860503817148,8.85230998562123,2.6010165328614305
137,0.7369707853731985,-6.038504215535973,9.09805239482882,2.781190727636145
138,0.7370503716379907,-6.213737451894495,9.089567341662619,2.6211701427317973
139,0.7370757617328803,-6.242850551056789,9.15285313312335,2.620106275069978
140,0.7370803977085679,-6.449292635446296,9.127187721483374,2.6951184562836725
141,0.7376149468520562,-6.320998260405559,9.07856830841347,2.7371411272311312
142,0.7345752513555135,-6.383942119070231,9.108319415532025,2.8258170326716052
143,0.7372599547579995,-6.460303080621138,8.988783518102215,2.9583126006097684
144,0.7354652565423472,-6.4004984818845605,8.931118788878846,3.014266637671385
145,0.7386850500719252,-6.457039641662508,8.851866205833055,3.016925171803995
146,0.7383569385647737,-6.144716258324466,8.956353487078498,3.023723834409104
147,0.7378369434461041,-6.013689908163111,8.87666238814883,3.053920908661031
148,0.7376287977995236,-5.989770870136743,8.97659602139628,3.0636622499568094
149,0.7384031456426865,-6.196368444839239,9.041620921954115,3.123017719447366
150,0.7384031456426863,-6.196368444839239,9.041620921954115,3.123017719447366
151,0.738547466325985,-6.279439094224077,8.90898131162226,3.1206943483623295
152,0.7362835093784856,-6.275389902681882,8.993529622470446,2.963132415645268
153,0.738774210312652,-6.024235173328348,9.068915129463814,2.9380221568415767
154,0.7380660409118346,-6.230972832120406,9.149372159622297,2.8705107616272305
155,0.7389595814402741,-5.889076340741218,9.07332127481516,2.814435345218456
156,0.7370025194903976,-5.906398105937389,9.060940345382194,2.8886382355164053
157,0.7362614930674467,-5.782005182444323,9.126729146425513,3.159712788238238
158,0.7356165168659047,-5.9606967307499605,9.357713588634521,3.1923971352770404
159,0.734941380498397,-5.923777508418107,9.429900103412244,3.3836926160502157
160,0.7357451845533786,-5.963545778260976,9.5215312475197,3.2103717057293175
161,0.7334028573972982,-5.828171639449702,9.370055769940347,3.2932838128359228
162,0.7695019854958748,-4.287181205931647,9.399178911625086,3.4406449520612323
163,0.7710536862755553,-4.342648653653707,9.524054688866137,3.3319881661021733
164,0.7671585276423489,-4.527709077515663,9.710286445005625,3.392253410732823
165,0.7682159737846677,-4.5007893320428956,9.652221304731066,3.461720471895664
166,0.7735010090340121,-4.28731998412214,9.495428263088016,3.5878142042519623
167,0.7699378432056987,-4.393774080699067,9.473705647266149,3.5668733215480013
168,0.7712472950950381,-4.318869596228528,9.548255537918648,3.5397805085322207
169,0.7701881531599614,-4.171523827739181,9.25269365548414,3.415048761562804
170,0.7710774976448639,-4.096569101763648,9.281697695132493,3.6476267407509724
171,0.7710774976448639,-4.096569101763648,9.281697695132493,3.6476267407509724
172,0.7670693402208728,-4.108162703650032,9.196321772873752,3.693597336252471
173,0.7683334229156014,-4.141600127284769,9.308826165044554,3.69225575755999
174,0.7675399124111348,-4.153123055170143,9.353823999179209,3.7485870649116326
175,0.7682745429781044,-4.160875953981824,9.371698095507842,3.686957756092422
176,0.7683247464908901,-4.305831334409488,9.442895797806948,3.56880984929954
177,0.7715824353798558,-4.224596954261997,9.438582438842857,3.7685612670800164
178,0.7715824353798557,-4.224596954261997,9.438582438842857,3.7685612670800164
179,0.7687361316261248,-4.199786266812743,9.396136167864668,3.8764491709829905
180,0.7687361316261249,-4.199786266812743,9.396136167864668,3.8764491709829905
181,0.7680767212091552,-4.258923146337823,9.480128428377949,3.900144709854915
182,0.762373598153961,-4.354069425022326,9.323422603354405,3.827710457914095
183,0.7621410875347443,-4.359003214875003,9.308841557545524,3.7885064783270215
184,0.7620647957500625,-4.428614380811953,9.381813124923895,3.629796648247197
185,0.7612742005168837,-4.503522640114584,9.484691216898446,3.408377911142897
186,0.7613798558392266,-4.35581580924484,9.250256886056558,3.5026544912654245
187,0.7603574302091296,-4.44585954494608,9.288053985856028,3.5479083331633836
188,0.7593022751431819,-4.430403799810737,9.14587762092157,3.5166727889977967
189,0.7618989265208921,-4.401351146765904,9.120640208423122,3.5124149268933524
190,0.7671136232341687,-4.135428988991323,9.044621199561231,3.5701551846452775
191,0.7671136232341688,-4.135428988991323,9.044621199561231,3.5701551846452775
192,0.7617860439118272,-4.326215981054815,8.868099168030946,3.6675370918170085
193,0.7614773733994503,-4.304091169140999,8.873444959292694,3.6556202080842164
194,0.7622369907915411,-4.312553857949956,8.834881961140377,3.631975566087765
195,0.7628747316462892,-4.2811561141742285,8.824615752036314,3.8118043361800713
196,0.7619296223348346,-4.2888195949917955,8.81568371176624,3.6519990986524
197,0.7623664251631408,-4.291963375629228,8.787623667082434,3.501932158374216
198,0.7626579092607322,-4.407421539752488,8.773484116868053,3.5892378183834905
199,0.7623041697670142,-4.6180479064318645,9.010944771870696,3.4154663588697773
200,0.762304169767014,-4.6180479064318645,9.010944771870696,3.4154663588697773
201,0.7629143128110392,-4.57715989233898,9.023604442898465,3.357098323189159
202,0.7613314401579951,-4.760686043003047,9.215899062305123,3.469833799353401
203,0.7619238786457329,-4.719241869961213,9.194461551334612,3.3256359257894
204,0.7616583132936525,-4.843433506527058,9.15559823322793,3.473375292286867
205,0.7614281829223353,-5.013529647179525,9.244883814860227,3.3959242861355277
206,0.7609426533984557,-5.1573141551953094,9.141812111666994,3.4029661988682567
207,0.7609426533984557,-5.1573141551953094,9.141812111666994,3.4029661988682567
208,0.7617957970269009,-4.927963287488587,9.007131856789037,3.4240328866407186
209,0.7654322402137317,-5.068330575953496,9.075907969949025,3.5453212558130343
210,0.7625301400689904,-5.253752104207858,9.045831511464351,3.360105070272914
211,0.7625301400689907,-5.253752104207858,9.045831511464351,3.360105070272914
212,0.7619560539988791,-5.20771625412566,8.848448124478455,3.387485454805266
213,0.7644843150842058,-4.991728539710564,8.822365278637998,3.1767165160438258
214,0.7635169171560581,-4.976178661031185,8.978246903417906,3.08910552362103
215,0.7626979217131489,-4.902634171328755,8.987043193051006,3.1110640163390246
216,0.7633719417242234,-4.918275464844665,8.837305876041553,2.980034341362481
217,0.7632345060089076,-4.899000267429712,8.807372085266381,3.0472457728721243
218,0.7634905279227454,-4.855728472256492,8.87293389138352,2.9387847106285006
219,0.7637007449575649,-4.891843736646441,8.835856074437313,2.96234169769249
220,0.76266363061995,-4.751946344228373,9.01674752864559,3.1048745920395207
221,0.7630504521433041,-4.893776323522351,9.043421145443254,2.998518619096049
222,0.76273709079006,-4.9451433835054885,9.016779792035736,2.9403592256678883
223,0.760817854394813,-4.954113628134178,9.003777185885887,3.0022697275143737
224,0.7642939277647348,-5.35939566986182,9.058963063039016,2.7105537394446673
225,0.7611000662009108,-5.695274642601716,9.161653637671078,2.5184032863898036
226,0.7615112420225091,-5.488325894319485,8.989737524283473,2.4780440745378702
227,0.7608522317730794,-5.608775083295825,8.922010105882546,2.3978821904610252
228,0.7615621053914027,-5.663572026754651,8.83109981702221,2.310760583258444
229,0.761402664827548,-5.851332402855675,8.921906101374008,2.190490924668341
230,0.7617114133331558,-5.8725697158817205,8.970415488223718,2.2143297621520834
231,0.7597022812755853,-5.772864929354367,8.836379867421599,2.291315451457619
232,0.7588023520258346,-5.884133241289554,8.839484587470453,2.266109169917283
233,0.758503209435351,-5.8400742640275,8.894016913667159,2.2892752143409347
234,0.7581649364821934,-5.833739727096987,9.11543217524635,2.2440801163555837
235,0.7590108901015595,-5.8651914883886445,9.004339065724777,2.3629585277909713
236,0.7605287704923848,-5.784314450124862,9.001530758214374,2.2969285161887725
237,0.761223035150103,-6.31098932489191,8.868183326340954,2.149747281056354
238,0.761433870049567,-6.397790848028647,8.828491942217175,2.161122096404968
239,0.7603482071247788,-6.654794045800341,9.020136429890716,2.084778164673902
240,0.7612135306415171,-6.532745819813487,8.897665952125662,2.200673122911592
241,0.762263487185385,-6.577239007759982,8.788376428015788,2.0559726652700907
242,0.7612072828630774,-6.848626329287964,8.841445821818262,2.0363722354855893
243,0.7612072828630775,-6.848626329287964,8.841445821818262,2.0363722354855893
244,0.7612125192645367,-6.8070569673634385,8.831917243116868,1.9895746041531601
245,0.7616427743438801,-6.812282186596243,8.841376496412638,2.068043475766329
246,0.761429093725916,-6.6645071108741964,8.91856392564962,2.0400757926530395
247,0.7611508432933981,-6.5193967686960725,8.968198229083693,2.131199597109934
248,0.7621425135911968,-6.627859978382244,9.045452209841969,2.186714165304417
249,0.7612130652335658,-6.143820143998644,9.087681111754504,2.293560372028847
250,0.7612412386903796,-5.774754823427341,9.11257450279417,2.37819077825962
251,0.7615445521832876,-5.669387747189974,9.040626348196314,2.308764402034813
252,0.7612481728018246,-5.629767789639725,8.955951938907912,2.2012071734205114
253,0.7622256344039144,-5.43822828783933,8.903798074429274,2.106811820948311
254,0.7610431237562799,-5.698295435074227,8.829960416341562,2.045194312530859
255,0.7621081410610632,-5.386350068657482,8.880733261505387,2.1054949978735267
256,0.7621005980257626,-5.243138411533964,8.882466724420517,2.093314475468193
257,0.7618308605969476,-5.2806464659593075,8.886147274330213,2.1106151894334158
258,0.7608869733253659,-5.256354321845904,8.895227276691218,2.1710943476884728
259,0.7610044512967739,-5.127626712166169,8.974266624387836,2.26905288180407
260,0.7619787204526788,-5.277710691059353,8.909340332426822,2.120496681480963
261,0.7614894890100321,-5.1171439163191454,8.967268529558915,2.3390830581227253
262,0.7623202610808302,-5.132590671422147,8.86287412241205,2.33517316600107
263,0.7614859018588204,-5.271362657351136,8.912103813605853,2.273121303936204
264,0.7622892110523023,-5.132157728652518,8.67397707959366,2.376499920730094
265,0.7616488819853146,-5.117590053680932,8.59549915487806,2.390320433665422
266,0.7592605950064448,-5.242524362043032,8.54995102999258,2.4319572484793173
267,0.7632977006873767,-5.22129240110724,8.495297250689742,2.2335429261664177
268,0.7589812742366864,-5.1848346243198336,8.565046081881842,2.4612859710220274
269,0.7584662675444218,-5.19701617007261,8.681540526400655,2.554060210977148
270,0.759948068294368,-4.980084387849719,8.63807057902834,2.5909960169471384
271,0.7622004162368728,-4.773264010917447,8.665994734421696,2.7278744801374946
272,0.7616393602138309,-4.786249164187343,8.638955040212153,2.7698209694228195
273,0.7616393602138308,-4.786249164187343,8.638955040212153,2.7698209694228195
274,0.7616393602138307,-4.786249164187343,8.638955040212153,2.7698209694228195
275,0.7619034941366786,-4.798332122474593,8.62131844516322,2.7006439951225882
276,0.7619034941366788,-4.798332122474593,8.62131844516322,2.7006439951225882
277,0.7612902789219431,-4.744020167553012,8.874508912937438,2.84865391549398
278,0.7598484006486608,-4.777612869264511,8.863031118037245,3.0079451244062607
279,0.762294273282186,-4.743214299202227,8.942065176215715,2.85465863657099
280,0.7629840473921579,-4.957740297005457,8.937565655451415,2.6585740767240367
281,0.758146524940686,-5.0726596242178905,8.87314483041277,2.7174444045455517
282,0.7598475828356486,-5.261027723087558,8.837686075687634,2.4802248517392003
283,0.7577651473422438,-5.59562860717898,8.76318778181507,2.4170162694583093
284,0.7578062371264667,-5.440814142750046,8.87656670907147,2.6277047427861238
285,0.7582177742357115,-5.564424341673815,8.886813945781785,2.6034428380460963
286,0.7584620401696728,-5.1760214114580405,8.789652068480489,2.6774120888873885
287,0.7584678141211029,-5.262400581716707,8.736143353142818,2.6370958211943836
288,0.7585363061510539,-5.469427369890523,8.544483606390997,2.51115451452377
289,0.7585913156060671,-5.509266104902175,8.61067836533405,2.5127674560513706
290,0.7585484362919995,-5.288122996184503,8.63184974375111,2.588982380247239
291,0.758600494801418,-5.190840704282435,8.620417526950634,2.5996928832481863
292,0.7608517924400915,-5.1056771240802075,8.544218374567935,2.7087588768569995
293,0.7626463024554931,-4.864553718209652,8.569109734435438,2.8096257124524833
294,0.7624851725911254,-4.896126436092207,8.538397027126859,2.7494796312965826
295,0.7418954838192034,-5.758016569079913,8.593921034554802,2.5783323153235367
296,0.7257423880301928,-6.710052035011753,8.556779260946595,2.6865675083027103
297,0.7254479316403958,-6.827732050856156,8.469783513644547,2.6000332250925267
298,0.7254479316403958,-6.827732050856156,8.469783513644547,2.6000332250925267
299,0.7624773102792529,-4.945065593666341,8.26128068397656,2.638936984135903
300,0.7403601676375323,-5.791280384006489,8.265886497834272,2.7717526462254827
301,0.7281112642364459,-6.392645953503566,8.49318568043221,2.8357462628055616
302,0.7283472468225255,-6.324636394744685,8.630419914718862,2.7366356312468265
303,0.7411878336860623,-5.466826501031904,8.771436114249056,2.767576915222819
304,0.7583434220483933,-4.678711804150582,8.689165911941146,2.891365284014692
305,0.7588785733144194,-4.691601411047144,8.709636580543199,3.009260741873857
306,0.758825837010762,-4.742487946660296,8.649338749286498,2.9700381405818286
307,0.758942151607834,-4.686388467552037,8.581029569127981,3.123773895771609
308,0.7588067227630889,-4.650682687334633,8.57678618812007,3.132789578538366
309,0.7587598682111569,-4.622847445149729,8.55539087373399,3.1992188087439293
310,0.7574594478754914,-4.690863446626234,8.53974872581966,3.3632542181337604
311,0.7561793753850501,-4.8380802122631215,8.537678089409036,3.304662397088602
312,0.7599363340882648,-4.823904400104112,8.39479654598641,3.2624062988087275
313,0.7590695156568906,-4.8092037130454965,8.538394358466586,3.2159682595891828
314,0.7565733069307673,-4.810964095046349,8.583793921611282,3.3392546339200835
315,0.759266726215773,-4.764831008573486,8.712478147875832,3.1482783433454555
316,0.7592583559391499,-4.822185802121576,8.76200544248269,3.162841374779844
317,0.7593278430255088,-4.767616383476275,8.744384136586493,3.202872365610811
318,0.7593278430255085,-4.79907176747138,8.630363450921378,3.1887320985282734
319,0.7591988712111417,-4.860159623737884,8.456902301227657,3.206696766606279
320,0.7575630132782409,-4.936250710617095,8.326708844211307,3.379438595269089
321,0.7547622522311139,-5.285744794544153,8.241415062432079,3.444196005575258
322,0.7558585443571074,-5.483115319371685,8.31639161779789,3.4833456093100685
323,0.7554315179276728,-5.781754131709898,8.391406444121124,3.570543159281969
324,0.7556471103773246,-5.5105731129736455,8.566671199576218,3.6531145234245
325,0.7551382357698004,-5.372301469897931,8.830145275017719,3.7087057265544443
326,0.7548474472968156,-5.386084320092882,8.936743037992033,3.7471825809749437
327,0.7554525156568408,-5.227815888218651,8.858163411053756,3.6955528212887927
328,0.7555175109946227,-5.3758577797783405,8.832202007919179,3.7925332700279673
329,0.7556308780659203,-5.51049947991025,8.694597674761864,3.7291001706754128
330,0.7557652292709659,-5.457006128839906,8.769884891476751,3.8134176016776795
331,0.7545818811533263,-5.0620881591923395,8.954099957333577,4.005867205378937
332,0.7544101577543928,-5.026332899802858,9.003426736717486,3.995113830952331
333,0.7587402998003168,-5.024919820857923,9.061466333203347,4.0682951703844195
334,0.7551392395093144,-5.112470671976279,9.045953304250107,4.211387072266855
335,0.7559550831550634,-5.2346450003900555,8.956974271620387,4.064523129235326
336,0.7551634678029091,-5.44776691768071,8.96343323731471,4.121747371254053
337,0.7557355410481087,-5.318585550245902,8.909713857913369,4.038618787658946
338,0.7559286958727295,-5.392024259298788,8.940060547995035,4.0897701578508645
339,0.7557099973683253,-5.655515678136517,8.876237835207462,4.023452782787188
340,0.7554997588527442,-5.762918411872433,8.73558777250624,4.125575011709101
341,0.755887293596453,-5.924517050993353,8.687088800080067,4.314367408862047
342,0.7564331288072106,-5.942435465845584,8.778304039677746,4.242167954888376
343,0.7605656386824365,-5.7843373968125364,8.643261897872208,4.2110040114934035
344,0.7642202527301946,-5.638252018869124,8.466565708059202,4.353166709301624
345,0.7652042132476014,-5.642435335716095,8.453355586777889,4.375882989140371
346,0.7652542205293288,-5.663097128784602,8.420543669657894,4.124273469563095
347,0.7622479127268961,-5.737501838517613,8.417800334239521,4.154717021844476
348,0.7615563942594653,-5.781664330672128,8.520605690779439,4.14938673494536
349,0.7642559707309675,-5.752332457055119,8.750572097740923,4.140413657954198
350,0.769867498696034,-5.554208166163046,8.90917248083691,4.162611935721825
351,0.7726760976311545,-5.50324012793118,8.832526297417143,4.041606650752922
352,0.7753562976973609,-5.450246983387114,8.677743014143152,4.015070639921496
353,0.7744336718889666,-5.457961078596245,8.642418644960392,3.9729553416557803
354,0.7727774166005086,-5.5041411266446545,8.589284011613508,3.768482515355298
355,0.7724300956014819,-5.559594366506242,8.453457672127628,3.684387601488252
356,0.7730358132258903,-5.560231491423676,8.467368846103788,3.6747992412316552
357,0.7728479170566016,-5.556924665116679,8.430017446385703,3.7233295695379693
358,0.7731498681097839,-5.567744218766407,8.42244029873972,3.678212033814028
359,0.7733653942492739,-5.497679625938778,8.669621206345267,3.695262852415993
360,0.7685461001944487,-5.595140177301514,8.755525812163041,3.716037912177405
361,0.7685461001944488,-5.595140177301514,8.755525812163041,3.716037912177405
362,0.7713102032801359,-5.5100504942619795,8.770933811377928,3.8129788912522256
363,0.7726141232637334,-5.483856509022219,8.9037816924571,3.747330280570353
364,0.7725801513590376,-5.462558337590853,8.896710133284653,3.7517961086666998
365,0.7768785701441319,-5.2641946457701865,9.058308375700857,3.8297490507438448
366,0.7768785701441318,-5.2641946457701865,9.058308375700857,3.8297490507438448
367,0.7707716288704499,-5.4270917838633554,9.09527896826477,3.8965908192724457
368,0.7720331462535059,-4.864625808284575,9.149022353687505,4.0938104144668275
369,0.7721322487212537,-4.858615724845542,9.232583846476128,4.0824187751615195
370,0.7716965446455897,-4.803383615789295,9.171759873542399,4.0047713343466835
371,0.7725164366422977,-4.750414880141728,9.22723952571493,4.072432789524336
372,0.7718333440671635,-4.861778340071199,9.33366047460073,4.1412939596222245
373,0.7720558412371002,-5.0508994255405915,9.371662804505592,4.042588444168536
374,0.7710222478057444,-5.226234591598541,9.33593229847891,3.9063833610832708
375,0.7713657014522335,-5.353282075734221,9.315287722637857,4.008859034458348
376,0.7716240161586398,-5.448669614336428,9.363256775697609,4.040903985842952
377,0.7701571837597105,-5.154575774124485,9.40988965291465,3.9092114784796577
378,0.7677427090401409,-5.333921480399541,9.225477607797897,3.9347196828664335
379,0.7679242760770285,-5.250146503418262,9.11794876977576,4.021695801582929
380,0.7678878049611605,-5.300845739848655,9.22931474044989,3.9364264901194472
381,0.7679496298998666,-5.585084772154923,9.247898198201781,4.051364174215229
382,0.7678976842990685,-5.677812148078836,9.160241715783462,4.017621198804612
383,0.7679045912959233,-5.578811159584488,9.156348795734978,3.9863169702119916
384,0.769825755721391,-5.5026487118492895,9.043150151727282,4.082426318824013
385,0.7678120813437327,-5.703354227304889,9.173601521438837,4.008374736773901
386,0.7681867653693448,-5.6659852046989805,9.124126678386265,4.063770087373434
387,0.7687307752753351,-5.627797021278462,9.179152052689634,4.269950002646595
388,0.7719700922033748,-5.482365183432801,9.078255454930808,4.225559839004719
389,0.7736268960296256,-5.355808646040595,9.062083354626683,4.158560329316896
390,0.7687886414713868,-5.4738824649638955,9.15309350412066,4.186950929434444
391,0.7687112071334341,-5.568745061990045,9.113345170627717,4.192571494743358
392,0.768691577486734,-5.5834041710426145,9.282100474576382,4.270784318652832
393,0.7689208668540525,-5.542417373491441,9.324132757553995,4.353351413983198
394,0.7688811643772511,-5.5067689673644065,9.34069397257726,4.347756870778671
395,0.7688704250820874,-5.513402247009696,9.31237763968861,4.378067059273704
396,0.767815655346125,-5.527415665887799,9.374898832746556,4.350144967352535
397,0.7641739709762779,-5.739273151755036,9.417511227428498,4.347802671432453
398,0.7642199276418069,-5.709081352181101,9.475889881957793,4.407911855173882
399,0.764153742573068,-5.650413271055269,9.40458517378866,4.513097341226635
400,0.7640232826627437,-5.672725604047665,9.18506679913644,4.310852635622287
401,0.7645314192469453,-5.603508814178472,9.307906235969877,4.311652038577169
402,0.7643428224133787,-5.619499048501705,9.360415833367137,4.499365686110333
403,0.7640870639573325,-5.602738227893732,9.295278404360381,4.50938264990968
404,0.7641868915561675,-5.624148336714042,9.40587903351066,4.476490662876342
405,0.7643474741593621,-5.568626901245725,9.478001570790639,4.622670579631073
406,0.764176401591305,-5.589498153111414,9.336737468530517,4.4911676690772975
407,0.7641611711108695,-5.586762000687076,9.182207473977641,4.460847507406248
408,0.7642428052664443,-5.519000726868252,9.296003150917645,4.46268692896338
409,0.764382598245669,-5.535984029167187,9.369294006661399,4.489239793875027
410,0.7642681866559929,-5.542578237425133,9.365114283873847,4.589587422962793
411,0.7644335583221232,-5.523726853101746,9.381266749089232,4.7543986391451805
412,0.7644357507267654,-5.529116794167795,9.318704338449091,4.8619709358945995
413,0.764307302689708,-5.575336194864405,9.322737979004561,4.830744116433935
414,0.7644282331767852,-5.597625505351595,9.47885663232221,4.8120683029535
415,0.7642931946287667,-5.617986116179111,9.397439634123598,4.829773237704491
416,0.7643533979082896,-5.608402721213269,9.32135315961878,4.886617668263952
417,0.7642709282615066,-5.650636171173906,9.300198499310728,4.927592790226281
418,0.7641944184824071,-5.614731459962327,9.467857979135298,4.999327635987148
419,0.7644126030534893,-5.61417736790576,9.460616745252244,4.938490886396747
420,0.7643791489567497,-5.6499285553371905,9.666071254714321,4.946335899474538
421,0.7649293712702222,-5.613865705251966,9.661112223926127,5.081068223635894
422,0.7539830421415541,-5.917575466159026,9.483617919468253,5.220677380560368
423,0.7540487136432512,-5.9285129058908,9.630426101734782,5.299329055693551
424,0.7540046571371815,-5.9863579595883065,9.74958546315304,5.229194640717167
425,0.7536986674992622,-5.968191818036919,9.951796358238386,5.233825637196581
426,0.7539896067107024,-5.982050499910379,9.939071027339857,5.216680654047802
427,0.7542251835022502,-5.968184845349164,9.930039126314345,5.151939633477641
428,0.754190218153591,-5.995758227763887,10.072992323771189,5.177609083381949
429,0.7541902181535908,-6.045869703430195,10.073423088005505,5.179097670902708
430,0.7541756611580477,-6.082234522535737,9.899984511760614,5.192785002971647
431,0.7541902181535908,-6.116603659944921,9.961068614874284,5.124091240805062
432,0.7539006656891127,-6.191304636501153,9.839796734970024,5.166839345017146
433,0.7577258637622483,-6.073648904770069,9.760821126957547,5.096914135200741
434,0.7539944063412364,-6.203076975101439,9.682702024342847,5.149150156584188
435,0.7539762684069318,-6.184903546253267,9.667994674391986,5.15721093414624
436,0.7540089633367795,-6.1621646057151995,9.672615001973481,5.226852123228517
437,0.7542289200257181,-6.16241060030165,9.700823791056969,5.251552793976934
438,0.7540481813754999,-6.19630825996475,9.855268738868837,5.184255692204188
439,0.7539132956067076,-6.162250106459432,9.688592945569813,5.274255658647161
440,0.7538965337497628,-6.2098247924439,9.665850882494247,5.224583188367791
441,0.7538588120249212,-6.200428073602775,9.724882939792886,5.21807862109591
442,0.7535710639757727,-6.183953023969477,9.590493048623753,5.260114833680173
443,0.7540152101739718,-6.146764513408812,9.401916887566639,5.297625650055592
444,0.7541284340312264,-6.121315764084393,9.40617913987451,5.475748342813748
445,0.7540397705653837,-6.140167787842245,9.389055865465277,5.309788658981108
446,0.7637721895881587,-5.8226084147012696,9.487347486111453,5.047273990571428
447,0.7642014041357182,-5.785105118372209,9.434662166512735,5.022723841597878
448,0.7537869064568655,-6.112448272153344,9.53054283211383,5.14592178192438
449,0.7637536019451986,-5.775377873826359,9.418020481075848,5.049172774186856
450,0.7642310007994856,-5.723106594723831,9.404215773547694,5.017305465129176
451,0.7646684882018657,-5.733740548812781,9.170798069326663,5.007906921850714
452,0.7643244066520452,-5.77461570037814,9.17995071325055,4.820691371607374
453,0.7643016340138393,-5.790641764395511,9.344224143444313,4.649115543169542
454,0.7643931240025637,-5.803088822647046,9.295210308620375,4.527924571171415
455,0.7641993728585651,-5.8591316344902475,9.435871861985438,4.5602964607293215
456,0.7641993728585652,-5.8591316344902475,9.435871861985438,4.5602964607293215
457,0.7644390398697903,-5.8212127999819785,9.467976462901921,4.624528175379371
458,0.7644298589164357,-5.858470946739967,9.36319244101494,4.520468089895221
459,0.7644732956037802,-5.899560640134953,9.331555898698795,4.455338477259207
460,0.7643824812504161,-5.873637393765179,9.42039165118226,4.53434603220643
461,0.7643297670485414,-5.8380110772586296,9.530310050560791,4.573994713947521
462,0.7644028909346361,-5.880587771831195,9.499875990068999,4.490212388069756
463,0.7644674027434196,-5.876225261182257,9.427176552828264,4.728598491867944
464,0.7644674027434196,-5.876225261182257,9.427176552828264,4.728598491867944
465,0.7644463587774089,-5.833962230108941,9.322734903997421,4.666793051189423
466,0.7644662723529887,-5.83100429646491,9.352344962959748,4.698064309116903
467,0.7645159727304079,-5.846424907627301,9.215569573080042,4.617472531255134
468,0.7644383171740071,-5.9023823155266815,9.185077355986126,4.548439573337356
469,0.7643394431222881,-5.916171352361505,9.274599196208744,4.575771698991044
470,0.7644239441779723,-5.8720586979873115,9.310759248393103,4.601417590076897
471,0.7644241355795878,-5.899745362356878,9.27866126435473,4.601936234942799
472,0.7643003634689367,-5.8991151392851915,9.34213232856373,4.585043319310325
473,0.7643435650781072,-5.869915357759919,9.358298567201686,4.804928104658558
474,0.7644316010267385,-5.8642724603425975,9.213953887508001,4.708665057149963
475,0.7643905151163681,-5.820022362974523,9.204032713985397,4.7485753776797885
476,0.7643947525840856,-5.820739906367611,9.19419097311962,4.773069300384235
477,0.7643947525840858,-5.820739906367611,9.19419097311962,4.773069300384235
478,0.7645081217012054,-5.8174523057773895,9.146099306502204,4.733504944971635
479,0.7645050439236196,-5.789954603223926,9.144123520518619,4.6516779410797895
480,0.7642058194705669,-5.7633116389160515,9.025626999690198,4.706873430710349
481,0.7650830678483354,-5.77857142586422,9.042720836803028,4.62906104652429
482,0.7638358095068757,-5.770014010505806,9.098597940276804,4.684912564685047
483,0.7639736960944393,-5.729055867202609,9.027960390065225,4.611554930334943
484,0.7644355186870133,-5.740668171389587,9.128966759751718,4.581123913385964
485,0.7678314197194552,-5.549507715122736,9.068056445369386,4.719411137290037
486,0.7640673133499196,-5.6761103653965375,9.02999396066275,4.861413929068748
487,0.7679791609709135,-5.5329634744060225,9.067600920294828,4.777528318117496
488,0.764513584330095,-5.689524509819988,8.93443644428908,4.644735066718152
489,0.7645915029182193,-5.6949911927961425,8.984801473041486,4.750886943759528
490,0.7648258679683578,-5.666477288146181,8.774811274468973,4.672319240932778
491,0.7648186683548459,-5.636101856937373,8.814763750073487,4.635559694316759
492,0.7645739691787743,-5.678135557517374,8.942516769247515,4.551246428515585
493,0.764549377701955,-5.667696338062655,9.154524846352594,4.6902024543735905
494,0.7647826081702492,-5.640969333930292,9.184586327029047,4.7455900864014735
495,0.7645055068594551,-5.589177515644084,9.145941750806406,4.907887431264411
496,0.7637954565813614,-5.621743265902117,9.340955649223908,4.841049962934458
497,0.764044486298555,-5.639127001935003,9.361390417944802,4.863660763938896
498,0.7638737464886745,-5.6793025423929215,9.358694834301282,4.8851951432677705
499,0.76388491082766,-5.6419098604031,9.27964138932899,4.983302423136954
500,0.7648523120277265,-5.55523111898568,9.232962470524638,5.070079975189572
501,0.7639183851585126,-5.573537627390271,9.105837554533398,4.961809292960891
502,0.7544759459743857,-5.800926630441167,9.009991643963872,5.102654177385526
503,0.754868294654508,-5.763268535960813,8.996952220071918,5.14403891596675
504,0.7647287661181147,-5.457665096069435,8.970810099354615,5.078089146349423
505,0.7648352926998023,-5.464464692914376,8.971834767756306,5.078116156758241
506,0.7556983136655255,-5.800567444672684,9.008887174635886,5.1027108876978575
507,0.7630878598992515,-5.553134025972816,9.018901465881893,4.953144862610321
508,0.7548358146656199,-5.803017813829028,8.841780982042707,5.136834379593222
509,0.7551796581832475,-5.784161864680837,8.844684939193236,5.111847153684666
510,0.7607054129324905,-5.626918578314704,8.755309305363788,4.886329597837261
511,0.7617980325531896,-5.577069268671442,8.652586245695023,4.811259804186845
512,0.7617980325531893,-5.577069268671442,8.652586245695023,4.811259804186845
513,0.7445724528778246,-6.257433455268313,8.593598112539642,4.6976295178975915
514,0.762226849222979,-5.616553728013951,8.78807433630469,4.72888350929585
515,0.7336935270249805,-6.836856404397178,8.62517457979866,4.888586295280948
516,0.733673389512388,-6.808157995924644,8.578733397875542,4.78717937599242
517,0.7336587482925262,-6.794112646179473,8.705737691268235,4.733854157724151
518,0.7315443940541168,-6.881008549371092,8.63053481902208,4.717369719566174
519,0.7317500036657244,-6.882889563431942,8.488362084318332,4.647801807614506
520,0.7417493639394308,-6.314787819505936,8.322824833919613,4.700684556952967
521,0.7415087608091215,-6.316628813102972,8.226577573551504,4.733998810160478
522,0.7388743180736441,-6.4162652302290955,8.366614165239637,4.73467226357064
523,0.740097679309267,-6.366111410188379,8.33983470787212,4.6770964111268185
524,0.7410869806478639,-6.315158811589411,8.393684493236227,4.675893419136924
525,0.7374498807999574,-6.494233629652468,8.482367126116147,4.608058431252809
526,0.7374498807999573,-6.494233629652468,8.482367126116147,4.608058431252809
527,0.7415202497969987,-6.334841857774254,8.392018872393763,4.534532105076776
528,0.7428617401502834,-6.294928737626921,8.341997386518136,4.385726430683591
529,0.7439974056073063,-6.269652337778974,8.241192599430732,4.29401817546256
530,0.7439596911363813,-6.243877135252378,8.336655378795964,4.374929924301121
531,0.7425793561949794,-6.2631111768010825,8.344148086652586,4.478855285264527
532,0.7364652451849492,-6.615316992804985,8.523571264585446,4.3289657573035125
533,0.7368029739070936,-6.633170478592056,8.550804604698278,4.143685975797018
534,0.7380689731832922,-6.565890028908921,8.650300164454945,4.075931974506328
535,0.7375839035435178,-6.6240473035240806,8.729450057663428,3.950233606969393
536,0.7374156929881934,-6.629381074025861,8.747339228833946,4.0144489021993195
537,0.7358321238599189,-6.76009803484914,8.657537453492525,3.7706151608213574
538,0.7355968618099956,-6.734361043549905,8.704298936149293,3.8212036672748932
539,0.7370871192365978,-6.599816668252328,8.675028519707144,3.8969155041423376
540,0.7367108919446372,-6.606994638032807,8.679442409373703,3.8915079865385467
541,0.7374722583430073,-6.543566557833015,8.689201735458884,4.090606674527411
542,0.7359741334867425,-6.5715176504486585,8.962330606374838,4.149694881876575
543,0.7368238803265673,-6.545161783522349,9.041039050584658,4.079869612190288
544,0.7325385880860067,-6.814407539248437,8.921098868002254,3.765502981987814
545,0.7346776197637075,-6.730286347490701,8.916868395434994,3.68196495310301
546,0.7347187582704267,-6.691097785803212,8.959552443437136,3.637158679688785
547,0.7477846739440408,-6.146531784241576,8.797275710410483,3.601297944334922
548,0.7624241017752136,-5.651468476071765,8.98256220790434,3.522597745987668
549,0.7625373757782947,-5.670042330371004,9.02076796535059,3.60248903874677
550,0.7624122901006888,-5.680391123453555,8.949872063246005,3.474174258486404
551,0.7624275707902847,-5.667625920063925,8.937769221668008,3.510274368849548
552,0.763201872809675,-5.656703434340207,8.756510385011143,3.5371102676514004
553,0.7629364278853025,-5.649915776791369,8.799155126630971,3.481020358567018
554,0.7630438924093799,-5.648925107449841,8.827893197595326,3.4964995830194017
555,0.7629046206856112,-5.625225696520089,8.795739619129934,3.390734103407115
556,0.7629637051258373,-5.629373081556629,8.75690622881667,3.3903652008422758
557,0.7629067413296035,-5.663978882229722,8.749068926004092,3.371565290690596
558,0.7642003221188522,-5.686090022416887,8.79959567759737,3.228615466854249
559,0.7644822451232057,-5.660697038164035,9.085342985143841,3.2587279411394516
560,0.7631315561043001,-5.6932522564248735,9.24543049751155,3.2787284719612773
561,0.7623742573510975,-5.684341472137889,9.23828595720679,3.2818850386902687
562,0.7623742573510974,-5.684341472137889,9.23828595720679,3.2818850386902687
563,0.7615974820026459,-5.679146993793761,9.150214165135646,3.316906288476121
564,0.761597482002646,-5.679146993793761,9.150214165135646,3.316906288476121
565,0.7615238077735577,-5.706766765539036,9.148470775440744,3.312930065333304
566,0.762846096616958,-5.617714878885427,9.081239188808702,3.459902441784158
567,0.7616865705294028,-5.699229991469477,8.89225392290569,3.328336086256715
568,0.7619014983953799,-5.688039477892589,9.01229596289671,3.3686948932848253
569,0.7619913490855263,-5.623383516077006,9.102532704610242,3.4317561295331585
570,0.7643766156535695,-5.54736060516073,9.079065023018016,3.552931020252774
571,0.7614795589340556,-5.576526342632041,9.14569375126933,3.603768552754569
572,0.7615137439922358,-5.60563392435438,9.163727285335723,3.468588960148238
573,0.7617605617555425,-5.607802375693241,9.109595849792157,3.4957890708365564
574,0.7619543609954175,-5.61934852828664,9.227529630764078,3.551726077567292
575,0.7618909458131524,-5.614720532680798,9.258347139636586,3.507158121961971
576,0.7617110901027848,-5.63050075454622,9.336853231461584,3.410950408954811
577,0.7632320581054745,-5.6354760313820105,9.34708426484247,3.238043294280586
578,0.7618672331691291,-5.614004046665808,9.205567587494219,3.350299281295521
579,0.7617305008488252,-5.630132057332603,9.378710462597454,3.403929424516348
580,0.7620633640851975,-5.625536340581824,9.326548428861638,3.3774875532438777
581,0.7616718083781047,-5.55976220825432,9.410968547930928,3.4904845926546333
582,0.7618753345929944,-5.539312893575113,9.198467535440626,3.5513736443123363
583,0.7618753345929943,-5.539312893575113,9.198467535440626,3.5513736443123363
584,0.7620883760321495,-5.550582194862108,9.153831019937783,3.4893537988569445
585,0.7630386813569078,-5.558532385887824,9.343885045481194,3.3454762861329246
586,0.7632566947432128,-5.541203661991524,9.287497577825949,3.2777464919262216
587,0.7632566947432129,-5.541203661991524,9.287497577825949,3.2777464919262216
588,0.7624129374944457,-5.58219501796321,9.317701693335982,3.3558396497371406
589,0.7583097758656553,-5.689255743734298,9.198644459724651,3.4441808671461995
590,0.7586981532917492,-5.6573953676427475,9.181632540611636,3.526655141800996
591,0.7571457354641492,-5.70571339798527,9.034508137120945,3.5979598983214496
592,0.761682327699932,-5.490925259398955,8.821798382759358,3.735198641735807
593,0.7612441193771737,-5.528515018949827,8.931313790890618,3.6621273942156853
594,0.7585612607867245,-5.662604990894002,9.011493381880664,3.5644888734390596
595,0.7594548219284207,-5.62101855692722,8.963676889429049,3.5596045148656588
596,0.7652733194344173,-5.467535629199229,9.048462052059062,3.4910513535803536
597,0.7630226129803154,-5.569349686174055,8.95087821833556,3.41765647441896
598,0.7639654961112647,-5.473226142893946,8.925602449282119,3.5252270369015997
599,0.7641320080850212,-5.457080051890641,8.912049667502753,3.528883003341687
600,0.7628864471556658,-5.473070228430458,8.88855306815297,3.5299405238945942
601,0.7629721486206573,-5.493270469191204,8.905677150613027,3.3876776590196194
602,0.7627516204833527,-5.5257306833114965,8.913815934255535,3.2940178772585944
603,0.7635030651110973,-5.520696591944238,8.855684086059014,3.3409048375127828
604,0.7648948201537595,-5.537602182817968,9.014210207477543,3.2648435422117346
605,0.7635721103931995,-5.607673920952738,8.92664733422787,3.200115749803003
606,0.7647217425223414,-5.594706066001919,8.836129828553512,3.1302525083367576
607,0.7645027636189871,-5.643837073142973,8.79293389098812,3.0346029269791215
608,0.7645865816889652,-5.628688304010152,8.784949254577546,3.028571501667746
609,0.7642591561888719,-5.608053727431304,8.680468365146886,3.039220121128014
610,0.7644521515015249,-5.632445900256615,8.56329252995856,2.9792195936569024
611,0.7658510150362587,-5.642396261894396,8.416325985751529,2.879167025241163
612,0.7582913914221825,-5.9365472372725225,8.34492647602806,2.800893634081434
613,0.7621397526435676,-5.781453825804839,8.446004614428634,2.83960981199307
614,0.7621397526435678,-5.781453825804839,8.446004614428634,2.83960981199307
615,0.7554792948741076,-5.933903646781447,8.376128272547152,2.918470923919592
616,0.7550979209931344,-5.883768827580529,8.366422359959738,3.0611036216095955
617,0.7547918627096997,-5.897285198454108,8.217675240621663,3.085019490067319
618,0.7552887988375809,-5.860087136902823,8.017338327681644,3.1590837610516265
619,0.7564265011577511,-5.8512156424110096,7.832750440218962,3.1714147014958725
620,0.7554396820975031,-5.838962276499279,7.923576581145694,3.201257825113379
621,0.7579834837868725,-5.759713022782419,7.83383450906855,3.235151677359586
622,0.7557693199901269,-5.831298237952392,7.873567339894837,3.15851280934847
623,0.7556166719052232,-5.829275799286613,8.008666433772683,3.229819737533629
624,0.7565548893764041,-5.781469309719224,8.084570148271187,3.362807062375472
625,0.7541811872958529,-5.817850828372648,8.086739965377179,3.525592459244878
626,0.7555258338176251,-5.724446249774833,8.25549697745782,3.635839110681684
627,0.7627409041532596,-5.468323999118649,8.275543749565445,3.6479631651493882
628,0.7630055173212955,-5.4388970189464105,8.27256064147099,3.5914828300391455
629,0.7553974057442444,-5.707134920857908,8.26680366523045,3.5485536929843917
630,0.7554209346719208,-5.650596266497053,8.211802107393193,3.7300212278772884
631,0.7519550986913055,-5.733598522952439,8.219381262389629,3.8197573737792907
632,0.7555516484092396,-5.575854185295824,8.25731715435634,3.9725105802550162
633,0.7519563296845969,-5.740131190944327,8.115057089478038,3.810624050926997
634,0.7543679299947276,-5.655318325507415,8.083847557473408,3.883773481907484
635,0.7538062235029659,-5.623268488396283,7.975324028359194,3.934323086328311
636,0.7539219372828095,-5.624243189059783,8.036558520369038,4.0301742117063215
637,0.7539459097132222,-5.665630365690431,7.973895364417785,3.961715842823536
638,0.7534516177159367,-5.709675368659917,7.880040909686861,3.894251021005304
639,0.754012069248548,-5.669066374518129,7.874745043320559,4.010424500006773
640,0.7537886966785009,-5.658619469464937,7.787710341554815,4.186201146674856
641,0.7539461378266845,-5.644994292805078,7.877633448735926,4.242012847869821
642,0.7536392027983191,-5.633588763220708,8.025314311855746,4.279189611925108
643,0.7538064616758234,-5.62837971016669,7.919195092922204,4.191026843677477
644,0.7540139384813664,-5.583466870861967,8.06088953450127,4.271775567079772
645,0.7563509015002365,-5.512458152884426,7.82543447307208,4.251032743410091
646,0.7560787111728107,-5.56182762042427,7.748579894092939,4.201730317871849
647,0.7600373991591246,-5.4026002159205655,7.765691283946066,4.24430177733034
648,0.7556753169318919,-5.5410258448784635,7.7731894057450495,4.386855914567442
649,0.7602086379456253,-5.382324357568925,7.632194056743605,4.432376187031156
650,0.7584504322528662,-5.434942957180657,7.648838941138427,4.468090379474043
651,0.7550908644306635,-5.567618812145033,7.709074225027679,4.347688688090438
652,0.7537254281577009,-5.608430653157548,7.693272102152995,4.403741515617722
653,0.7538826394396105,-5.527640642781554,7.8557506061429745,4.652666932520058
654,0.7539183653390638,-5.485786112144407,7.843317324058084,4.672260138964455
655,0.7538824155540623,-5.476497102417257,7.883841333188728,4.624811016021748
656,0.7537920870235393,-5.480684901821954,7.828638706372786,4.6406043509052175
657,0.7538631448294647,-5.460125250437795,7.867952796687528,4.686718990041201
658,0.7538669690317333,-5.427861701509898,8.00217102616485,4.7500029032763615
659,0.7537680205136873,-5.442736574468532,8.049124662866433,4.84213592306413
660,0.7537351493605615,-5.440378777389006,8.05228207509457,4.889404232287991
661,0.7539518671604017,-5.486121893096438,8.092513614230231,4.450492773801508
662,0.7557794006493933,-5.445874703317306,7.85751649270577,4.495106556525487
663,0.7557580284267744,-5.441953785602284,8.0324918846504,4.608064641948233
664,0.7620238186762083,-5.238971164763893,7.889466556326163,4.685777487875786
665,0.7612116846090591,-5.257073776565657,7.906341315848982,4.723665179077803
666,0.7621781393238943,-5.226886301881586,7.841665424201024,4.775953145769563
667,0.7621781393238941,-5.226886301881586,7.841665424201024,4.775953145769563
668,0.7554413715084382,-5.415526723896453,7.668273183878058,4.929215935008876
669,0.7543665575688846,-5.436009024395192,7.734164242326145,5.149326248884335
670,0.763772803923352,-5.135745577204959,7.736195042982185,5.049832804502702
671,0.7631229445453415,-5.18596838558395,7.423004561107767,5.088117375389217
672,0.75327998913634,-5.51292447475489,7.438234598362499,5.167844631506145
673,0.7634115092282729,-5.226475044031147,7.304688913326512,4.952088914075949
674,0.7594008155269684,-5.3681242105640825,7.370816424214817,4.773915664165839
675,0.7567529453431462,-5.493620433820508,7.188940647302425,4.6238097208036875
676,0.7562334667602413,-5.461703879787272,7.212798258307472,4.539026566031503
677,0.7560578279804125,-5.477633162090314,7.405535233830495,4.504283448982884
678,0.7568351579934706,-5.405219197893572,7.400100427317088,4.61532254621863
679,0.7563126728240324,-5.437578590641475,7.372268671345921,4.4615782513059665
680,0.7568618647625036,-5.409086751437235,7.509743539668986,4.574239286168885
681,0.7563599881654091,-5.4074213835392015,7.530279107894132,4.496678338242725
682,0.7569188030100413,-5.390974511056391,7.492555540484505,4.400521799130542
683,0.756774319150488,-5.3621811090562135,7.580895497377747,4.477625420806522
684,0.7518578765889635,-5.53493254954847,7.447965625085567,4.492249126503072
685,0.7557128461073083,-5.396024696331681,7.337023522041643,4.513113317151773
686,0.7557465321976224,-5.40966846440017,7.333557886900345,4.370443975021995
687,0.7556872849504208,-5.400860908364402,7.478168297894658,4.427414763174265
688,0.7520617640777514,-5.507188218344952,7.4506828874916105,4.505376865247855
689,0.75175496736519,-5.524369676149748,7.40395236651294,4.553640415193432
690,0.7517799001002676,-5.537015778001968,7.648732641872231,4.571392537745138
691,0.7520323535452743,-5.538489301461049,7.761937778593299,4.535173424339639
692,0.7530444171048574,-5.48790004516047,7.738457839181857,4.618044564952537
693,0.7537749483555679,-5.450157156020962,7.9058552887089615,4.661421477173982
694,0.7533342467450185,-5.476943433687798,7.881883910855882,4.66668268476512
695,0.7534041547497411,-5.487801307215522,7.934685778825334,4.698079200015042
696,0.7532195125403472,-5.536762355092628,7.814249083971929,4.572132079577436
697,0.753336130195163,-5.535491937864524,7.789836806796667,4.570122624739857
698,0.753370198203031,-5.594834866673921,7.605871307816421,4.4217659561346965
699,0.7532232096583179,-5.637288147982288,7.92668739920807,4.194448193122584
700,0.7512568530940532,-5.719597713810692,7.781851615411032,4.318611919412458
701,0.7517083248116375,-5.708699171380107,7.773352635317357,4.330715713378815
702,0.7517434356514503,-5.689054236370137,7.773723170397105,4.291215986248997
703,0.7518006050596822,-5.716385944454986,7.844164337252715,4.043340334458914
704,0.7513016250581711,-5.743765903862682,7.868466093387534,4.0119460889841285
705,0.7519011060464793,-5.750261936095624,7.863131797162861,4.098350451591552
706,0.7515385021709885,-5.728358732043295,7.699058336134179,4.168808093297307
707,0.7520007069078436,-5.738231491509668,7.805505382216097,4.152288177384263
708,0.7512823203741417,-5.763483421947182,7.7411298208328665,4.237755486033394
709,0.7503007397631277,-5.8199986711009295,7.710837241442302,4.292136210825184
710,0.7517207109298633,-5.7371606571869025,7.704862623546258,4.379819300431589
711,0.7496779044909223,-5.784197325866788,7.903798579404419,4.370181119075741
712,0.7514580000570504,-5.709911883959424,7.919345003841333,4.420083379147515
713,0.7494601975759357,-5.799144523607206,7.810955374880768,4.286868803578351
714,0.749714328547516,-5.821749607626828,7.666031226815637,4.205628687722697
715,0.7538078563911771,-5.677221040593747,7.847234615923515,4.1370580256154
716,0.7538175470102638,-5.702613466338278,7.946341285006665,4.052776798393639
717,0.7555163182369553,-5.62505435435358,7.963802469756786,4.026552112539944
718,0.7572421980385654,-5.577160615772176,7.893679870493642,4.070433764876114
719,0.7567425195387485,-5.5561321154400005,7.993850792495126,4.16486600008794
720,0.7572754041443057,-5.505002384927561,7.9727678211595086,4.150688085467901
721,0.7539407154149032,-5.630088114407487,7.764307245894102,4.137040714280065
722,0.75393232614268,-5.639149492461709,7.712847361965687,4.069289802592001
723,0.7533371667944824,-5.716203267937982,7.922225247047958,3.903203115011793
724,0.7537811210391475,-5.673889431317309,8.083649856485447,3.957899066513397
725,0.7513961036983323,-5.808081560737199,8.052307273217087,3.8377471199215245
726,0.7519764658641445,-5.816301111892672,8.13687481006242,3.6436157078617906
727,0.7518677189909648,-5.788390181777126,8.119714750224912,3.7291116831782594
728,0.7515231502461854,-5.802658231653913,8.044846519372044,3.7427816035109807
729,0.7520991076560946,-5.777095924273081,7.967411329283226,3.845388800526334
730,0.7520800682564684,-5.763398865697452,7.938556051257586,3.844552037754445
731,0.7519859934556761,-5.775276695762075,8.01442885332302,3.8469384798734034
732,0.7535844850168635,-5.682529716852269,8.004444315935876,4.027768389322776
733,0.7532306632021064,-5.7025891587752024,8.11802730082089,4.024455783386575
734,0.7517339574795917,-5.730658030330738,8.142141270020891,3.997693076896967
735,0.7517073896388772,-5.744065353500313,8.03070230471582,3.8993350272042857
736,0.7509755974035724,-5.709165217680616,8.143840980911651,3.8914146231054847
737,0.7513140028138687,-5.625330643894792,8.131928477540018,3.965775323115453
738,0.7503560581709532,-5.643209620783614,8.016468286212843,3.9939582855573144
739,0.7501392874631919,-5.657858385109595,8.026814002702213,3.938038038184742
740,0.7501392874631916,-5.657858385109595,8.026814002702213,3.938038038184742
741,0.7505041602884552,-5.622156659788969,8.083482393399322,4.060185258205499
742,0.7493959304033126,-5.663719593206363,7.991484382291953,4.1578816732483705
743,0.7494016045247127,-5.640071743264368,7.947943819549214,4.259414855686556
744,0.7515150996972165,-5.56148550736151,7.764373950506504,4.2973487723149795
745,0.7514260305490383,-5.584659663812268,7.683924168552262,4.198810971907991
746,0.7505868039871917,-5.6105135958111525,7.8909640294433245,4.1408489751403685
747,0.75155285086399,-5.578321160869595,8.075608014534469,4.114979677216183
748,0.7513885031356806,-5.564409976762914,8.236698108175906,4.1774345198050185
749,0.7529196326992369,-5.506911390181521,8.305193563841407,4.209781928154253
750,0.7528511441891717,-5.502907902332815,8.512638703322352,4.358334077018682
751,0.7527194562697528,-5.4449825760847945,8.511637013810722,4.549766617879061
752,0.7529920184217028,-5.4422268502051905,8.415897741203283,4.552174358527452
753,0.7517742011533234,-5.483395045132306,8.35106189984079,4.727985450148886
754,0.7521104865261986,-5.448817179255505,8.54013491745091,4.7184506662992804
755,0.7540313134282404,-5.401516394461384,8.636602856867272,4.6050814977446
756,0.7540760428595619,-5.388652521596016,8.670665059716393,4.625647389833201
757,0.7549819848863577,-5.375150527211995,8.794582265925197,4.616557775824988
758,0.754688247300959,-5.380227608717416,8.874624101716718,4.648115901244724
759,0.7548549490537478,-5.387409956397134,8.965006670577669,4.776999140475823
760,0.7550573528565063,-5.388792533896025,9.224361470784599,4.922726226803679
761,0.7544419699437374,-5.385592376658165,9.0138075429637,4.868294047576404
762,0.7547806235869046,-5.367665667396469,8.957777465273885,4.861459268740208
763,0.7550761254953313,-5.345202217571094,8.953463430866941,4.87326024405312
764,0.7550761254953311,-5.345202217571094,8.953463430866941,4.87326024405312
765,0.754753083680434,-5.354345802656708,8.888272522064959,4.804567394066948
766,0.7545895877940949,-5.336818519106155,8.910166406772122,4.911095331236869
767,0.7544623755607951,-5.297672981580538,8.947775943527521,5.0382025183228825
768,0.7517287059011862,-5.4220951211921875,9.088892660942449,4.921057999720255
769,0.7539529708804654,-5.290155681860984,9.045547127964662,4.91709972822301
770,0.7542680465462005,-5.288868703652146,9.01971509223755,4.90449217458602
771,0.7509911058326917,-5.433856995325159,9.018971457572992,4.730460218052578
772,0.7517944584382027,-5.389373021607998,8.894725608827251,4.659941097159645
773,0.7519505140262017,-5.412623399222128,8.718744582473601,4.499641089006801
774,0.7522420274535385,-5.40162586764505,8.803201668445249,4.528161681643376
775,0.7525168034868582,-5.381822148890611,8.742140928815285,4.475743391017876
776,0.7521470786504474,-5.3935161437280925,8.80631199371667,4.49803330731826
777,0.7529438517444228,-5.359607168126871,8.698142021948378,4.491928508747169
778,0.7524968819369282,-5.3752588725284856,8.639130976732634,4.47790012997311
779,0.7524294189554406,-5.3862454251942316,8.585683914561374,4.412472761374676
780,0.7525170694861066,-5.3676391104117815,8.605560982310246,4.487272987648266
781,0.7522405710843701,-5.385890797913217,8.607525991823904,4.408644375483018
782,0.7528071064388385,-5.35131070268932,8.649829589296944,4.5461351466298145
783,0.752128156828528,-5.3706108421257905,8.379195836354937,4.536384823738139
784,0.7527170241374679,-5.359466004454149,8.430674260051177,4.418012690961611
785,0.7527067144254872,-5.3863545795958325,8.60795325236028,4.476006075134539
786,0.7524066430171552,-5.352903209996927,8.757283408572857,4.658069334855112
787,0.7541395248670828,-5.308452226651887,8.728349909747559,4.611494534014575
788,0.7523596846098094,-5.369596668114558,8.62669884755689,4.611393210760913
789,0.7522952930712783,-5.4131165049168,8.548491060190054,4.512238179503444
790,0.7526047125197749,-5.420234311901631,8.489972652537388,4.372550888575166
791,0.7524395839298484,-5.427891242664987,8.479921768855968,4.3394458354279575
792,0.7514948736009582,-5.4420921698174265,8.34307262550373,4.486768269991905
793,0.751640159544991,-5.428976752971681,8.306151296356848,4.556368748656725
794,0.7516077267383691,-5.368112069358734,8.185239165888753,4.729876144908153
795,0.7509696997065167,-5.326624401368378,8.121983562254023,4.917099612471798
796,0.7474015144611602,-5.4864929692519775,8.095583113027244,4.800324420711956
797,0.7504441178941343,-5.347306740529129,7.980168219468551,4.953915125636219
798,0.7507884792036978,-5.346872707318784,8.054609092838323,4.916375109238696
799,0.7510536166867655,-5.308299560206706,7.898056370091479,5.068385721480383
800,0.7508851066347497,-5.312199795383538,8.007247013667664,4.992487235081073
801,0.7507256786407708,-5.346307281852679,8.011665797163623,4.938471879673826
802,0.7509506974836007,-5.354557207389746,8.038975207726779,5.055683172421496
803,0.7505358679800552,-5.381946809180759,7.925148809299257,5.095646241037503
804,0.7505702102752353,-5.41039504332592,7.999431543294812,5.08967939298145
805,0.7505256495053826,-5.4306351212208135,8.188165637920408,5.087926568153232
806,0.7515479541592455,-5.399448250804685,8.187079263250588,4.958429870305789
807,0.7517666876106025,-5.390567979896984,8.042832578166022,5.067138589231033
808,0.7516105536696677,-5.3830232049391675,7.955248582763713,5.01849635191111
809,0.7515076829448388,-5.399724191679818,7.932775407342381,5.034736956995382
810,0.751579767597507,-5.394509837237201,8.026913602391415,5.025501136311594
811,0.7516036621974787,-5.408328707381177,8.162647360791397,4.952189303183335
812,0.7514818916810867,-5.386054114259018,8.225689889589413,4.892898901750407
813,0.7516772141645125,-5.389514449717785,8.192414219756426,4.762475675191083
814,0.7518205933948036,-5.425772655635281,8.169414300153647,4.686772718606036
815,0.751750863040601,-5.449482755379522,8.096832630680325,4.631996355771349
816,0.7515864484864757,-5.400563442886789,8.216788077662908,4.827545010167728
817,0.7517517246942358,-5.378991299220637,8.287426092305367,4.807021792973991
818,0.7525306202810895,-5.375031876186357,8.459735081782618,4.7849743347153595
819,0.7546181445241744,-5.322058762676958,8.568446101631494,4.805894583964023
820,0.7547268860220558,-5.280932068576858,8.62166371761601,5.002817165646239
821,0.7547849315673522,-5.2833681122481195,8.6620159523614,4.891583974168103
822,0.7546345933946896,-5.292837197839379,8.731636698545008,4.999826119329798
823,0.7546609875038632,-5.291634014144397,8.710854479672971,4.923722728967119
824,0.7547847484376558,-5.274383855020948,8.650179595408215,4.883618347225211
825,0.7548637193687238,-5.271199413450331,8.659630744744971,4.896019879085771
826,0.754862949445332,-5.283882758321078,8.679328675204232,4.869791616984165
827,0.7550472343258497,-5.347218027933168,8.734984588013564,4.787790496720215
828,0.7550202656355353,-5.328078272046211,8.749094126229778,4.84493541927185
829,0.7552131134989939,-5.305604244178451,8.945557678218087,4.935043303295616
830,0.7551861258187997,-5.310514189263962,8.876709787131508,4.997617757604575
831,0.7539485137712548,-5.338266013318947,8.899071277775478,5.093733478976359
832,0.7477263238509039,-5.568288097759023,8.932725700203076,5.216478608657225
833,0.7478073316739061,-5.602126273208975,9.01651103508989,5.212263927285956
834,0.747699677985697,-5.574526164506799,9.011997297038604,5.195194512664068
835,0.74777000484871,-5.566552888638009,8.998252597749293,5.237039449562561
836,0.7543101776763347,-5.342489275220048,9.016860887118323,5.087623918907594
837,0.7545066422333874,-5.359197284211426,9.033456418608528,4.9230456024261695
838,0.7543663315786018,-5.3692106433242195,9.035338928266633,4.937841448968649
839,0.7554076009625392,-5.390386069662714,9.077440258512688,4.799843382378279
840,0.7539952179877509,-5.434982949181167,9.174739202257609,4.843335350330274
841,0.7541630470217763,-5.429892307337693,9.19988785535939,4.8570590632270365
842,0.7543350711692792,-5.439364115984026,9.277257044469268,4.92337030133361
843,0.754188460598381,-5.449793591246563,9.43166284926932,5.061974733372218
844,0.7543477932614518,-5.4513562833275415,9.456889275669663,5.0823968259343815
845,0.754276622743995,-5.485145984685669,9.55845550400823,4.9854915783154015
846,0.7541806248533292,-5.470506852357501,9.632350094420573,5.039244561134796
847,0.7540028489865575,-5.476797729284409,9.636333271242886,5.009233051836294
848,0.7554100181126504,-5.449781361237521,9.627823774200396,4.921702970820062
849,0.755313415491753,-5.433940163500215,9.501556322998564,4.975646822883727
850,0.7535194234824997,-5.470428400401128,9.53964981768342,5.092696532226403
851,0.7551436897105656,-5.415260668900597,9.305480513597775,4.98053743106109
852,0.7552562726958758,-5.447018395052265,9.258061852012302,4.883956199142672
853,0.7550618695812398,-5.460297534137936,9.265339609006457,5.002266739997479
854,0.7554114030047129,-5.493708251292217,9.31250967551272,5.058902377904546
855,0.7554114030047128,-5.493708251292217,9.31250967551272,5.058902377904546
856,0.7557828412422762,-5.460272186948436,9.466494824165745,4.998283683141132
857,0.7556433864950346,-5.472161503463867,9.493524318836528,4.975791654390533
858,0.7562245569087909,-5.500690469872152,9.489048554712948,4.9319067203958715
859,0.7560877417072936,-5.493182441053411,9.506725522535538,4.883583649599325
860,0.7549274377700065,-5.4993683465256575,9.393925201691186,5.029976290050759
861,0.7470579049335796,-5.728742719614226,9.400381999129925,5.27937857168895
862,0.7468975405752156,-5.785912313379635,9.297084076560072,5.156384122863128
863,0.746892213149847,-5.755620084895306,9.350324207183858,5.218455406785982
864,0.746892213149847,-5.768672057576183,9.365073272627152,5.182353563313353
865,0.7467428415780979,-5.751339842521613,9.372983254681733,5.138289947874713
866,0.7470003112583187,-5.730730323649475,9.28537137151182,5.1177912085148005
867,0.746756166642768,-5.707632504121897,9.206065993898763,5.125683729783123
868,0.754726784482389,-5.4190937689229175,9.197000176325046,5.0021213198502545
869,0.754726784482389,-5.487861218007847,9.287759733255946,4.925704544061833
870,0.754726784482389,-5.487861218007847,9.287759733255946,4.925704544061833
871,0.754726784482389,-5.485045440246483,9.155602612035992,4.902893025890268
872,0.7543333607709153,-5.4680629169454065,9.17564256208402,4.923562033139871
873,0.7548881376398823,-5.422931922431318,9.31076099492992,5.06800956307718
874,0.7548550835537009,-5.420492609466981,9.42811722930548,4.9818536749894
875,0.7548550835537007,-5.420492609466981,9.42811722930548,4.9818536749894
876,0.7550026348861791,-5.415785306203722,9.575074298881631,4.924351705343958
877,0.7550252874619328,-5.407764503802717,9.587090392219535,4.96887297636866
878,0.7544843345426088,-5.443590481156204,9.523851216534599,4.905795805849538
879,0.7551981843272726,-5.411712856311366,9.511336657663483,4.917587072816141
880,0.755355025702388,-5.3991740856621915,9.494771076401069,4.784375329875155
881,0.7552718716341458,-5.402960230168019,9.516758812703404,4.733025704755349
882,0.7553345704964922,-5.40960699093697,9.332962664397908,4.652916375521805
883,0.7552510983823135,-5.387077481825459,9.319649477224214,4.732029472241561
884,0.7537437340922181,-5.427504181843618,9.367199710539403,4.679536220766093
885,0.75532055408516,-5.359340188171667,9.21738517209787,4.83477292143234
886,0.7554303596074948,-5.349358436291839,9.119906931213006,4.795186081974063
887,0.7539004420053464,-5.389541758050537,9.19567071416458,4.8422928094590025
888,0.7550725136433097,-5.354090542896438,9.348710494309971,4.794502655481659
889,0.7534318567704684,-5.387476033404801,9.202897438146085,4.729353147229731
890,0.7534242870784266,-5.396927715282075,9.201483912225022,4.710084384621048
891,0.7541284157987387,-5.2975239692957246,9.022822030212055,4.821747650237208
892,0.7534505912290882,-5.328941574435799,9.13743269411723,4.83358968238086
893,0.7534434141550962,-5.3297005507422694,9.162851761772995,4.685372632492808
894,0.753490544906472,-5.304815981534384,9.161123017483895,4.677234112044586
895,0.7537926143437333,-5.23433811203336,9.244336233629607,4.6517325467786
896,0.753951593963498,-5.268636652960662,9.244786740180542,4.682583883239929
897,0.7546668316594951,-5.21622643715912,9.340793836572702,4.67822922630344
898,0.7552280888451597,-4.915196776336583,9.207574065243602,4.5958596286463065
899,0.755465657543202,-4.844969456069633,8.907401281054668,4.4429210220654785
900,0.7560278899240368,-4.733046853416667,8.910762309745826,4.465998301561006
901,0.755964061847734,-4.5510131546420824,8.89748266445176,4.396546951254029
902,0.7558847933019097,-4.532206126299351,8.900146082499383,4.26829248828363
903,0.7556012552165727,-4.629036068418498,8.888196891455383,4.081855168508092
904,0.7542531722410044,-4.603877407181541,8.841185465878496,3.9680326235330665
905,0.7555375319507831,-4.820730077825966,8.906535598032347,3.916941357356399
906,0.753916906280121,-4.839136071060856,8.850177474321955,3.8264540963578138
907,0.7539169062801212,-4.839136071060856,8.850177474321955,3.8264540963578138
908,0.7555054393611174,-4.898841365267388,8.828426553658925,3.9754179054368763
909,0.7561012344050522,-4.90535841286808,8.73069049168963,4.083261513077744
910,0.7561292464443442,-4.809887025654916,8.483837479232466,4.060576840407898
911,0.7561292464443442,-4.809887025654916,8.483837479232466,4.060576840407898
912,0.7542666741970946,-4.799374229284134,8.388529942709468,4.002742577921744
913,0.7548424077529471,-4.940775526951543,8.382539348941751,4.125665335984362
914,0.7545170996170503,-5.0165881593682,8.376069340786799,4.160334151586923
915,0.7553404909288102,-4.936609647786685,8.435762440069109,4.126868865818762
916,0.7542387524555543,-4.8480996551132,8.316092428310657,4.069154148063277
917,0.7537035713131617,-5.0641270808044485,8.17841132821661,3.9327387621869083
918,0.7537537635382785,-5.443612819798011,8.080858510315135,4.004231475596948
919,0.753546666815139,-5.509026502051409,8.180435093481488,4.019611243650568
920,0.7550519739289959,-5.419432832591718,8.387372208644377,4.231830994077793
921,0.7553837327584614,-5.51206122537061,8.414771055931677,4.209180469479814
922,0.755539598290629,-5.545306383188658,8.454316920811591,4.059445794607787
923,0.7556416272737876,-5.481227184339426,8.471567639650099,4.060785980429591
924,0.7549105108361178,-5.557494182076477,8.348708618058915,4.0559288315496635
925,0.7546958549235973,-5.565001696111212,8.292430377590744,4.0552241774961155
926,0.75466993471009,-5.587333343441946,8.29852803183411,4.207319550835222
927,0.7543635255974696,-5.565973385150759,8.250559934163684,4.168623291104678
928,0.7588443921865571,-5.319082249977064,8.454437303045474,4.116002727225265
929,0.7571398949670864,-5.381856233624216,8.31337629297438,4.003159163594793
930,0.7528026977202382,-5.302239314068791,8.246143732959599,4.014942771146556
931,0.7519968205214177,-5.3342979818608605,8.210913568288586,3.855170599359132
932,0.7536940638415363,-5.3859423109426166,8.138052132034657,3.964187202728198
933,0.753715715823163,-5.539456545891271,8.212614992727,3.984244116584883
934,0.7553118332460562,-5.433105999676478,8.377018624263489,3.9820167887214364
935,0.7499275019346956,-5.374979741551119,8.357215304419599,3.7627628046009947
936,0.7514616136930399,-5.294921836573073,8.41973613037959,3.680743359942907
937,0.7535637457944812,-5.130383696496814,8.406607536617269,3.8537146390178307
938,0.7535185210373949,-5.194442342319298,8.321288318989584,3.8895148824372434
939,0.7537303160382814,-5.227830434419391,8.586969268136585,3.748581557890712
940,0.7547375784692807,-5.066856292609543,8.71060358439768,3.870164493865421
941,0.7526297091855932,-5.125823905387316,8.54206639791601,3.9106517225373283
942,0.7556717121767306,-5.232689155884646,8.698039111166139,3.833367851823352
943,0.7545797848839035,-5.210869367558352,8.789565949830793,3.854853840712831
944,0.7546903668319216,-5.2950928716613825,8.62684516917575,3.8417264932041926
945,0.7541931405684318,-5.552218763391374,8.574634120961331,3.8781780591314776
946,0.7536582571683997,-5.64258286646206,8.630173611705562,3.8466126882474163
947,0.7539820507717856,-5.550587984009757,8.649524440405175,3.7512352843109076
948,0.7552715843011706,-5.2548656605423,8.712930676013078,3.8891239542715286
949,0.7564738528140681,-4.807709164263013,8.707012518722056,4.030476389451627
950,0.7565786366954637,-4.850102234166179,8.687335719840302,4.023911734965669
951,0.7540314410951457,-4.930213173775986,8.697302940594986,3.8941254378664527
952,0.7540314410951457,-4.930213173775986,8.697302940594986,3.8941254378664527
953,0.7544068041231942,-4.801059823121445,8.770754031725847,3.8425507794040357
954,0.7545447651499062,-4.866619461281664,8.846280947482887,3.867802770435757
955,0.752914283181053,-4.900597818316362,8.932289898909495,3.7990220187347123
956,0.7553555747065659,-4.7395204184804465,8.999902092439502,3.844452349308693
957,0.7542900764377135,-4.757709121073179,8.98772764672841,3.84055407248594
958,0.7542822838472071,-4.990038664587081,9.022700928389794,3.738692686645999
959,0.7550230906341223,-4.904418798883876,9.093340223558027,3.9573635027391862
960,0.7544328711688799,-4.797970356738007,9.021385532662213,3.9247321571920617
961,0.7537853576432235,-4.956032787390669,9.205027903403556,3.9479568164644476
962,0.7600747336158745,-4.609595833713719,9.27110512404515,3.967961869370841
963,0.7584764566348267,-4.641965603585118,9.287460925184677,3.838653508569262
964,0.7574383633354709,-4.803017221067584,9.252264482302225,3.7262912816142637
965,0.7574383633354709,-4.803017221067584,9.252264482302225,3.7262912816142637
966,0.758285294073967,-4.780859391183631,9.429896412106283,3.8168923243713246
967,0.7583231356167017,-4.77997720899345,9.420150499554937,3.8416936754427473
968,0.7571605185386184,-4.9048292608382,9.439986416286821,3.7238339704426413
969,0.7580174056637697,-4.823794937380066,9.345645249411898,3.6101518281912983
970,0.7588998601715232,-4.870215527407562,9.325421240467193,3.6256884028028575
971,0.7583790572591238,-4.7719665501113635,9.338417869678793,3.6292513741519143
972,0.7576445236486171,-4.815566924724738,9.384358425013001,3.9046090957192483
973,0.757644523648617,-4.815566924724738,9.384358425013001,3.9046090957192483
974,0.7570834200974769,-4.87437861528068,9.431250590197108,3.8854125214729995
975,0.757839994232469,-4.89392986119301,9.379869241856511,3.8414402213246754
976,0.7578697576375434,-4.991776028077486,9.442678424673026,3.7907210570115906
977,0.7569515522826514,-5.116114026321134,9.49064025703772,3.54730312717074
978,0.7569515522826512,-5.116114026321134,9.49064025703772,3.54730312717074
979,0.7562396107616458,-5.142049345032128,9.61818815561517,3.5388482913473758
980,0.7578843182027969,-5.222339570427447,9.559568087957274,3.3567337328586246
981,0.7560116180433113,-5.550686108005349,9.64338699849981,3.229973205985754
982,0.7550410382189132,-5.534594872617268,9.613542105950799,3.3173306262343902
983,0.7554757556926198,-5.378093681471276,9.515853292312055,3.3625035607967417
984,0.7518168208452892,-5.757608996990426,9.468816990947996,3.365272422904349
985,0.7549516490470484,-5.376148809749816,9.487267846320274,3.5218494704497902
986,0.7517894627702429,-5.491396181189971,9.535619015941283,3.4832616591742656
987,0.7544710419604659,-5.267435431325049,9.55030562304771,3.546452625830058
988,0.7561748656516386,-5.375086328918164,9.62925723078319,3.6154772735169436
989,0.755738653429466,-5.423908275633775,9.671587679204102,3.6442747728883584
990,0.7555611921558572,-5.54077563721177,9.84392875489793,3.7644477759923136
991,0.7577727555233162,-5.530668007530433,9.73300284930748,3.862146049060177
992,0.7546413538843754,-5.751435966367733,9.809747770181923,4.001723264341402
993,0.7549509063463984,-5.74497059790378,9.781921766345166,4.034722799741298
994,0.7555769238900408,-5.663899062181579,9.64758912264894,4.009504527293835
995,0.7591635156592669,-5.498392780129066,9.688106636668195,3.958288542857704
996,0.7592969446217914,-5.463657147585534,9.559367555356635,3.9612610090406064
997,0.7545992813200761,-5.797050255551322,9.547601989477988,3.926247331643143
998,0.7546859187972197,-5.6552173278724815,9.523168650350621,4.024711480476469
999,0.755691596346146,-5.5020288533748865,9.378351898220355,3.912031644700475
1000,0.7561751794113007,-5.281000022906682,9.341333997158348,3.8799363446288404
1001,0.7522122185406491,-5.452948024490114,9.381755510760245,3.826038993800931
1002,0.752357745410761,-5.3231054565678,9.362279488087177,3.88165468032084
1003,0.7544204562959063,-5.3084348586194885,9.394831368371104,4.0845192640632995
1004,0.7537934324170094,-5.24470101415304,9.543548087716923,4.007432646853761
1005,0.754378616332778,-5.259342121383872,9.512998998950934,4.101688161004784
1006,0.7537694857301478,-5.406336412601856,9.623344319422186,4.05672395193757
1007,0.7491158522685487,-5.650018565074923,9.51683988242663,4.102229937628891
1008,0.748679355460009,-5.862388185752069,9.684183280553722,3.921639180711009
1009,0.7486386738901689,-6.005986790340006,9.754686680294721,3.6972683475228414
1010,0.748638673890169,-6.005986790340006,9.754686680294721,3.6972683475228414
1011,0.7517691078164,-6.04061900134592,9.935156899920315,3.563352850048884
1012,0.7517229877428674,-6.012397233770338,9.902312722029864,3.5500641695866437
1013,0.7494830769772286,-6.140608027191069,9.983935630197259,3.439907291542163
1014,0.7490711231597913,-6.08971616654243,9.909062358815678,3.5446924019969623
1015,0.7506168270683784,-6.04070722462902,9.997093054024935,3.7178580614295016
1016,0.7504051507447201,-6.05285060742288,9.951453811042375,3.6909728642951345
1017,0.7502760761943462,-6.025222640344559,9.79522346234996,3.7545264633885354
1018,0.7507984040900978,-6.008766045804073,9.534644603597236,3.730476567540296
1019,0.7512999907358654,-6.04470983122118,9.64734322882535,3.718620152243153
1020,0.7490918066486797,-6.163752497554119,9.787010276020169,3.7159932092759558
1021,0.7488507085918664,-6.194540606592284,9.75721268773923,3.699889181196347
1022,0.7488314294894299,-6.2125769720842845,9.618374257640244,3.578509012587226
1023,0.7492935215962823,-6.159283910668318,9.565032561848595,3.443969486251457
1024,0.7524436237782175,-6.084283518455452,9.707028119796842,3.584330184041467
1025,0.7502680143227242,-6.140885272958568,9.777258398498978,3.715424019030111
1026,0.7494963441557502,-6.158521203830681,9.752159516440141,3.6286009016286394
1027,0.7485116362130954,-6.1029624955170085,9.621999781329082,3.550502706513482
1028,0.7484129100092894,-5.9607557237289,9.621765642510386,3.74755170306188
1029,0.7485817783316929,-5.799733215857561,9.552755151705172,3.8893587584743563
1030,0.7483397880750143,-5.840628092698865,9.56591808284809,3.838811260274706
1031,0.7484129100092894,-5.760166383667293,9.627715158603483,3.7236608291373616
1032,0.7488092597354981,-5.579221956550818,9.595352634518633,3.7661711425437048
1033,0.7488083461379222,-5.540062197955612,9.696638255333488,3.801229931230022
1034,0.75279272789192,-5.526316231235693,9.773350738535244,3.8828341217555336
1035,0.7540372239583685,-5.36981505431325,9.808444046180714,3.9314940215303946
1036,0.752781970594103,-5.514115446357785,9.799600858536486,3.806161798628232
1037,0.7524022061333909,-5.540525329242578,9.686021249847496,3.8265785853734844
1038,0.7518454100330766,-5.489866566973288,9.570309144432262,3.661559596176946
1039,0.7520219616502464,-5.3251260804910885,9.512787317390183,3.74178183539246
1040,0.7524747150003437,-5.573569034584594,9.63616635817154,3.788076736366832
1041,0.7527368980105247,-5.557809467603796,9.517990845951077,3.940873854239134
1042,0.752981379035137,-5.4886073763439835,9.607354200412022,3.8887836980728103
1043,0.7536073241609446,-5.373884859185845,9.504021884118172,3.9149583075445302
1044,0.7538762344121014,-5.483575759895732,9.661339787005502,3.964286630883943
1045,0.7542585207499802,-5.280562244965942,9.537567206175774,4.0354160993633075
1046,0.7557897381231613,-5.326492871898674,9.748565747584111,3.882746537811111
1047,0.7543011288036849,-5.395454253606396,9.561170966869785,3.9607876336339767
1048,0.7532900248539999,-5.457666530935146,9.539628280925537,3.851317085345352
1049,0.7542207222912931,-5.332210151265974,9.491354536493203,3.8218535016259807
1050,0.7524323262703387,-5.387397260506008,9.596782591402487,3.657769421301258
1051,0.7521995225775909,-5.370159209637741,9.509699864966363,3.8329673317675543
1052,0.7523533971155048,-5.261653637869637,9.374644860091774,3.9192292349474465
1053,0.753567499601345,-5.4065495294940344,9.353827667220896,3.955633343058767
1054,0.7538776687418011,-5.285712350326165,9.240865527646863,3.987900986712464
1055,0.7525903024569829,-5.285731462384808,9.26160617618698,3.786763000604332
1056,0.7516433490099445,-5.515187831106049,9.196083064293147,3.5625561285907645
1057,0.7523428158030572,-5.444003348593499,9.28571474591079,3.3983762952356558
1058,0.7556956849145983,-5.263925227949853,9.17112098907678,3.517063340126221
1059,0.7571855450305567,-5.043151920135914,9.068201804749673,3.4799798519575695
1060,0.7571855450305566,-5.043151920135914,9.068201804749673,3.4799798519575695
1061,0.7571855450305565,-5.043151920135914,9.068201804749673,3.4799798519575695
1062,0.7556986534428985,-5.192679211350697,9.20523011654873,3.380855420757617
1063,0.7560671806338807,-5.209758089424872,9.29063332267225,3.724448182356069
1064,0.7573742361899515,-5.1784619454198815,9.244316502219753,3.9229436837344474
1065,0.757944494365525,-5.272613116710831,9.349407772298553,3.8564328665316534
1066,0.7575904338471653,-5.2768774304142525,9.398608389677388,3.96241330902479
1067,0.757465030342706,-5.207031972026044,9.37150791118855,3.934102877459178
1068,0.7557159235579036,-5.102686364800376,9.21437128640744,3.813403049493878
1069,0.755446543348618,-5.1181609589570005,9.321948235778155,3.7687148093330807
1070,0.7554958972999267,-5.136583155486213,9.37348225118543,3.631998839283235
1071,0.7552834783633992,-5.136452170745855,9.286175973554405,3.4999466399462853
1072,0.7551767807699847,-5.156430550066816,9.333202964140854,3.396963025311387
1073,0.7546507356439662,-5.090108276520193,9.28739907790289,3.460658561620083
1074,0.7557161891929358,-5.08856346061229,9.339473339498854,3.5570717039689477
1075,0.7549053414452955,-5.08429138258732,9.347571147433852,3.5818502098536356
1076,0.7529954553018903,-5.111078844054407,9.358670511940979,3.749775158628246
1077,0.7529954553018904,-5.111078844054407,9.358670511940979,3.749775158628246
1078,0.7529954553018905,-5.111078844054407,9.358670511940979,3.749775158628246
1079,0.7529954553018905,-5.111078844054407,9.358670511940979,3.749775158628246
1080,0.7521272283383559,-4.983865660090263,9.228562068380391,3.7507707172002744
1081,0.7521272283383559,-4.983865660090263,9.228562068380391,3.7507707172002744
1082,0.734502166455373,-5.73581278224693,9.184282336227229,3.7461821077867286
1083,0.7353192505283758,-5.679306445855556,9.199265106080798,3.695811998075347
1084,0.7549316311244848,-4.657552029653157,9.077760153373411,3.6140808278295573
1085,0.7549316311244848,-4.657552029653157,9.077760153373411,3.6140808278295573
1086,0.7555727045100279,-4.626666798287331,9.155442797238344,3.611763483405946
1087,0.755572704510028,-4.626666798287331,9.155442797238344,3.611763483405946
1088,0.7556585157893811,-4.736491886322641,9.212707968137384,3.6159358447330043
1089,0.7558063917276222,-4.741542441942643,9.208832401732895,3.608563156837538
1090,0.7582173533049464,-4.690959267833616,9.040061346548557,3.5913522136927005
1091,0.7552245596048456,-4.752205106273492,9.03567708344606,3.487875619637642
1092,0.7598342093553049,-4.7158820441707885,9.070629810207032,3.487549787457029
1093,0.7600141055894828,-4.7531401873250205,9.064028624382509,3.424637868042489
1094,0.7553265321303694,-4.773178719922743,8.961995737618102,3.4005678836322284
1095,0.7573306768657164,-4.62117534610802,8.774594160125067,3.2590270927999305
1096,0.7581325238969184,-4.6328450369400915,8.790269976413137,3.2041049409439335
1097,0.7580392263431867,-4.637742336383014,8.749306393521568,3.2345675828918576
1098,0.7578177415268933,-4.637428715193656,8.750015841054129,3.20674992072525
1099,0.7581751536048652,-4.721834021927403,8.70633868037627,3.174742175681425
1100,0.7581751536048651,-4.721834021927403,8.70633868037627,3.174742175681425
1101,0.7580584668384031,-4.698174261653316,8.724425703017834,3.262487757896789
1102,0.7563974961833709,-4.813516155339217,8.778414201742757,3.2898235322965594
1103,0.756397496183371,-4.813516155339217,8.778414201742757,3.2898235322965594
1104,0.7570011462443823,-4.86190761408484,8.776662828027597,3.2051018365334234
1105,0.7574972418524433,-4.805259022509657,8.928489719304142,3.0521214874839235
1106,0.7574972418524437,-4.805259022509657,8.928489719304142,3.0521214874839235
1107,0.7567966612496558,-4.842967766153591,9.130300774979721,2.976203148737979
1108,0.7597594639791714,-4.707674544398892,9.012263955161886,2.8783066458616053
1109,0.7597594639791712,-4.707674544398892,9.012263955161886,2.8783066458616053
1110,0.7570950504488778,-4.79082813383822,8.923677833523815,2.9243367489832233
1111,0.7437023241761572,-5.352048499096448,8.888794564070949,3.0873643540560596
1112,0.7339790166341641,-5.84781102997386,8.748179666489383,3.012143380891754
1113,0.7339790166341643,-5.84781102997386,8.748179666489383,3.012143380891754
1114,0.7327704353585734,-5.89799469336947,8.801185586066497,2.916798631885713
1115,0.7345777570016233,-6.001510330565527,8.632670923607597,2.9861348328512793
1116,0.7350332686895953,-5.8816632643627305,8.815244732295307,2.9851033669232643
1117,0.733086346704311,-5.838806285466836,8.70951134794764,3.1473547807319058
1118,0.7330863467043112,-5.838806285466836,8.70951134794764,3.1473547807319058
1119,0.7325334356203657,-5.843229927080309,8.729352905438375,3.01141613888252
1120,0.7487061688439434,-4.9159225881256585,8.793711443381689,3.246647528613759
1121,0.7520876696448333,-4.8084378717183,8.892236834307639,3.34926315669098
1122,0.7512198599190281,-4.909762206006459,8.845669504679373,3.307690285256777
1123,0.7516600425916526,-4.900506231145126,8.972792609705063,3.3082393260104124
1124,0.7531490173285192,-4.9541326431364325,9.06504343365487,3.1115501009226074
1125,0.7521945867783396,-5.110848225038208,9.198551517184942,3.007129485834634
1126,0.7523702042612107,-5.111888972833999,9.204156411814495,3.0580559851271243
1127,0.7522637470752047,-5.1685490804323795,9.159854571140505,3.0108540237989225
1128,0.7529393935310063,-5.186843234946334,9.271149594109731,3.1092842893466788
1129,0.752547198196057,-5.35088656597205,9.465696839696188,3.1712696873793322
1130,0.7521418489867132,-5.404905831079176,9.455963768742336,3.2647717064525907
1131,0.7505674187498007,-5.497706525547967,9.456250026335043,3.317713270775366
1132,0.7511717805263451,-5.5886038303828,9.399581650651314,3.3682189053953286
1133,0.7505403515327279,-5.5407954484899955,9.561505130990627,3.442006164458538
1134,0.7504885347285902,-5.638036740358247,9.68548296185133,3.4380707584275187
1135,0.7504991978761271,-5.780994341535081,9.750805554311611,3.5480124025245026
1136,0.7505540680886487,-5.814037704465973,9.82356424505598,3.4111735784512165
1137,0.751722050915306,-5.822139110599942,9.855859774345985,3.2068077698339037
1138,0.7520745686228432,-5.810364850654809,9.895672942046817,3.1629957227126386
1139,0.7517594819490154,-5.7176757189253795,9.892426835138119,3.217239956498631
1140,0.7520122353437824,-5.810189455634549,9.976621668391381,3.093723559281083
1141,0.7520509930037831,-6.052476715627463,10.111029164158735,3.011542869289623
1142,0.7521546440211098,-6.456495776257759,10.344628759553462,2.927754709835957
1143,0.7522554527377587,-6.403691794406019,10.29518250382286,3.0246582977713223
1144,0.7521258442900955,-6.306133959609763,10.131663689969812,2.944338165410399
1145,0.7524808443650058,-5.927318004051054,10.008723599771345,3.114274955164939
1146,0.7517438578385645,-5.802441090787076,9.989223358222308,3.224491519156893
1147,0.7509304777418585,-5.994137508341494,10.102271142501065,3.342764005228634
1148,0.7508072913738562,-5.811505540930932,9.919278126268127,3.3305711735619346
1149,0.7518788212262806,-5.7923167618518505,9.939001514008831,3.4308621604567424
1150,0.7518788212262806,-5.7923167618518505,9.939001514008831,3.4308621604567424
1151,0.7507747505712827,-5.947644934530706,10.028196572046197,3.4656931703108302
1152,0.7514933377903366,-5.682312462832882,9.858720722085677,3.4774594879242278
1153,0.7518787325007694,-5.689407010264633,9.814712754910627,3.345324649391611
1154,0.7504739432209531,-5.702793745232353,9.77593416731363,3.3106153311800925
1155,0.7512706590885447,-5.740836318911688,9.783316755654269,3.3665100599025752
1156,0.7518648040758088,-5.735274997363652,9.764525252984969,3.264178931825986
1157,0.7516082001761992,-5.797824192166621,9.729896288952252,3.098772315299917
1158,0.7492138428711942,-6.011225647544378,9.7936115304833,3.1105088904095486
1159,0.7515731563420299,-5.954322849339212,9.74481524484853,3.193061431147456
1160,0.7521516159724608,-5.950007035564076,9.768274291671574,3.1292185104206007
1161,0.751699646839451,-5.834719373896226,9.69337180174542,3.1305378760187446
1162,0.7521478105814784,-5.7844463510565145,9.689242070211362,3.2832831106166958
1163,0.7516998458369663,-5.761301580321332,9.544402732897879,3.2774461860898585
1164,0.7506708750627826,-6.001006698395142,9.58873325702348,3.320728876569202
1165,0.7511864530545365,-5.84059877418413,9.494722166920008,3.3776657852434115
1166,0.7510022920221878,-5.7406752608154665,9.340938821742293,3.4421422822007104
1167,0.7522477401836914,-5.809590416578242,9.321049568053787,3.296622540255412
1168,0.7511744429473414,-5.641061809599278,9.28268397374852,3.4135456627528886
1169,0.7509626274968828,-5.8851526290896,9.456036277592732,3.4771857062956815
1170,0.7510776332294063,-5.93304117294548,9.447306863104782,3.4531149017144087
1171,0.7509816779095255,-5.864139470728816,9.233327964329463,3.4382942930751237
1172,0.7515083154412217,-5.797662977151306,9.355597112586553,3.3413285317383585
1173,0.7516577449553735,-5.872255478792155,9.492905925847168,3.3838307911378958
1174,0.7510815876692692,-5.9407298356843325,9.605380345737341,3.3655458014069666
1175,0.7521180807954313,-5.7154132438224545,9.44778800991865,3.1965456246123534
1176,0.752154690626067,-5.75177234260329,9.37710317241372,3.215518242532217
1177,0.752154690626067,-5.75177234260329,9.37710317241372,3.215518242532217
1178,0.7518279992119663,-6.119545621308448,9.585874576043237,3.140732359787526
1179,0.7518279992119662,-6.119545621308448,9.585874576043237,3.140732359787526
1180,0.7518487134411791,-6.047181059291415,9.566779299756085,3.022653356505525
1181,0.7519338279456684,-6.2195656732237286,9.60601267499752,3.057013582741496
1182,0.7514430059103019,-6.079972979493943,9.62132986572348,3.292783505744133
1183,0.7511165208738277,-6.161641582065696,9.794317255181141,3.4455221086597074
1184,0.7510572063072498,-6.198477812291488,9.61851018918078,3.583552681432788
1185,0.7547757055700497,-6.027210356266619,9.696214848829468,3.591432905480032
1186,0.756224725486128,-6.102203626820588,9.675120776174039,3.4194792963934537
1187,0.757488871704735,-6.120549217219972,9.567320724095923,3.4044475514508146
1188,0.7575979371250523,-6.157393304547336,9.466319657978516,3.367777033236307
1189,0.7567390236420849,-6.1700956388698245,9.604373877055801,3.42075718523106
1190,0.7564613601427935,-6.129034589719872,9.616336578643082,3.4455691411488893
1191,0.7563346349661416,-6.048939664758002,9.596693686442466,3.7073864835069306
1192,0.7560534133390272,-6.00439201022696,9.618182811117812,3.8108054930836075
1193,0.756044283692954,-6.050996817822052,9.612852776829321,3.6366697862397928
1194,0.7561486675202077,-6.08388262028353,9.606890013590279,3.59196669047708
1195,0.7564405168872759,-6.023469560882118,9.556911479465919,3.5817307170781048
1196,0.757152649118854,-5.963304465220651,9.549047052628682,3.5808186718254773
1197,0.7559358987814988,-6.035837352531405,9.636125812313875,3.5220222681508675
1198,0.7560332493806952,-6.040816985432009,9.555916280007613,3.4973849637760646
1199,0.7564333270752166,-6.034336453758572,9.58646882082869,3.449258855729143
1200,0.7567656859039376,-6.053180306349267,9.492201885614083,3.4441865423202613
1201,0.7565221554244487,-6.016210580129796,9.500136674019256,3.525516277712282
1202,0.7560951196500237,-6.088551692958815,9.574961208302122,3.4792616535430994
1203,0.7562715622420055,-6.036262230488033,9.437811094157707,3.546438375201846
1204,0.7563115011603768,-5.96302017519101,9.421343091913172,3.746376101738856
1205,0.7571445195705836,-5.932994645336301,9.46420170848433,3.7194733857077042
1206,0.7563280599539633,-5.971310869566586,9.410974567822192,3.8325708284883313
1207,0.7550615822353484,-5.95115087686398,9.324355926508993,3.7736990178730343
1208,0.7550778311858344,-5.868464041042052,9.285320206188068,3.8298598929479946
1209,0.7569522124606213,-5.688574753839335,9.171826202807791,3.749232786277782
1210,0.7567885685071554,-5.798615967954724,9.251297906038456,3.696421732738932
1211,0.7569536634383204,-5.701194199905614,9.150809215206472,3.6122557696285726
1212,0.7561034283345001,-5.770251047852231,9.233965017454853,3.728489426409688
1213,0.7559000476041894,-5.795906033817332,9.28801143585766,3.7029507852242616
1214,0.7564158867511875,-5.911416495744282,9.372727585164611,3.6549232823618194
1215,0.7565918934708251,-5.990234859476414,9.387064602172561,3.5757524784820767
1216,0.7565566258781765,-6.049099155627698,9.489837579687272,3.738036603218496
1217,0.7563792071718971,-6.07239545600329,9.47752295075735,3.8973079765967737
1218,0.7567552289638929,-6.091376397730364,9.504976434468455,3.7996706375782536
1219,0.7565245648323335,-6.136247496604143,9.437556532648657,3.6356344335222754
1220,0.7564105726647702,-6.155247867740914,9.491260785984725,3.5849112257038196
1221,0.7566649067333838,-6.11149214132473,9.346934447217393,3.5442247742483493
1222,0.7565801336562196,-6.074487965767356,9.360306127992045,3.6171674076415665
1223,0.7560444978544657,-6.125604077855275,9.539816574565728,3.6768607307815397
1224,0.7558853307081871,-6.12472982355966,9.601896318480469,3.796127954123106
1225,0.7560441342679165,-6.143056141778574,9.52127026705284,3.7329292469431885
1226,0.7560256179319864,-6.135207766688049,9.541464311947559,3.653784621070372
1227,0.7561711449406595,-6.1238153261556505,9.459842389285505,3.6808125777939114
1228,0.7549437606578243,-6.147644496079165,9.593475003833317,3.7267106546805753
1229,0.7549437606578242,-6.147644496079165,9.593475003833317,3.7267106546805753
1230,0.7549437606578242,-6.147644496079165,9.593475003833317,3.7267106546805753
1231,0.7547481492482471,-6.1357632859077205,9.604871111717042,3.8392374292993403
1232,0.7558296843571766,-6.11193481315595,9.663621770740965,3.7893345037982544
1233,0.7566563093302373,-6.04474112669268,9.599556279890722,3.761546933082628
1234,0.7558352385323411,-6.083005931379798,9.544937034776,3.8109910880039157
1235,0.7557525903159268,-6.054731591693986,9.649540268031137,3.8262129029335568
1236,0.7574354244348892,-6.012707381112664,9.50533096830015,3.8362425093642174
1237,0.7574354244348892,-6.012707381112664,9.50533096830015,3.8362425093642174
1238,0.7562691838783394,-6.103657538683461,9.483821597161485,3.73622208936564
1239,0.7559291440102233,-6.158714068543338,9.562829868406057,3.7036070675605783
1240,0.7550770019739741,-6.216926446945818,9.49120241173907,3.7850574497057283
1241,0.7510623321129366,-6.3624875798810425,9.419053447014644,3.7477050548284594
1242,0.7509316617839565,-6.338976603086323,9.477143983567622,3.824946069619471
1243,0.7508804743962003,-6.344163467717801,9.444483603907962,3.831022579383912
1244,0.7509449323233114,-6.320401884049839,9.429153232374144,3.875326696809503
1245,0.7508090203803026,-6.356334683534464,9.515594117641019,3.972639284114627
1246,0.7508090203803024,-6.356334683534464,9.515594117641019,3.972639284114627
1247,0.7511643084980677,-6.346265772690177,9.609025565614449,3.8260311078906626
1248,0.7518678375353856,-6.260972285455046,9.463245727806672,3.802823300354825
1249,0.7522723116694028,-6.230425529087047,9.603989639198396,3.827641828764041
1250,0.7523469935742346,-6.273841290432623,9.541438465024774,3.8340492126560783
1251,0.7557989705250557,-6.046567649852373,9.594887260507532,4.026856495677859
1252,0.7547620097970505,-6.079809585347977,9.536261974779954,4.02914953073462
1253,0.7509440345221566,-6.242199575718236,9.606761353380568,4.004175285693573
1254,0.750297170880556,-6.23775331614034,9.56869233760792,4.202801753742525
1255,0.7507104254627489,-6.219403276256367,9.447864913665315,4.142304421555578
1256,0.7507149721746832,-6.237170066566005,9.500973509479183,4.153948114613931
1257,0.7508889853424658,-6.285134419672128,9.44726981614579,3.9403467596699966
1258,0.7508178382349356,-6.2943539388548535,9.50591616338217,3.956253327972665
1259,0.7515290866012345,-6.261617114284293,9.409391111509015,3.8751215950152647
1260,0.7497999739168636,-6.239356669129787,9.097443619122213,3.8619434127197723
1261,0.7509203128386501,-6.115275095533477,8.977696359359175,3.839393544275589
1262,0.7512738693902378,-6.2864901845804155,8.843246656933458,3.689496309670758
1263,0.7512357921322684,-6.21725680443706,8.91139725551537,3.798392612409257
1264,0.7511770635459205,-6.154909336363301,8.966800877486822,3.7497761929919857
1265,0.7530878636010188,-6.089980581406367,9.116350993625215,3.7463711230457086
1266,0.7570103502572164,-5.9723550450278236,8.995598252451778,3.7964253159836923
1267,0.7571607543468788,-5.955308366511605,8.962765847600492,3.8054191555657915
1268,0.7572859506612339,-5.912700717892566,8.924611915955479,3.71258357648343
1269,0.7574349519541044,-5.969518306294702,8.87723159821471,3.586139042054503
1270,0.7559514798846166,-6.089575084173487,9.093093970904796,3.798182367914717
1271,0.7555455681229852,-6.039988457071775,9.09204749147375,3.868807240090449
1272,0.7560177914785138,-6.128630852546763,9.04425071942014,3.75995845772777
1273,0.7567907721419325,-6.108802225609582,8.973486976310209,3.714103381785179
1274,0.7572493495939105,-5.966434657281669,9.004187338672759,3.7343937148925
1275,0.7591537239278964,-5.913967668113623,9.073845155420392,3.746247139037134
1276,0.756291044656602,-6.083699005491524,9.19277762027573,3.9512778969349354
1277,0.7575631521641857,-6.006648275811441,9.171216470780791,4.035157266771718
1278,0.7560601795322581,-6.024882066041837,9.124087032877751,4.190767690610271
1279,0.7558786623414644,-5.994109177712071,9.263006963464289,4.1526532419041535
1280,0.7559681967481972,-5.999845171846971,9.23706703741404,4.153908514215182
1281,0.7563071175514872,-5.98983343045752,9.346608416675535,4.161196862186314
1282,0.7546943067495439,-6.057211071738836,9.45923003985337,4.04028640482412
1283,0.7549054830268107,-5.997320460759591,9.360600524396126,4.217824334234451
1284,0.7570300008679498,-5.987836374607468,9.43403455324332,4.139577181648942
1285,0.7554633068166935,-6.074995341577814,9.632294256791951,3.945118119258586
1286,0.755609994737278,-6.063476128186258,9.438555745301656,3.9524978006433287
1287,0.7558471953435993,-6.12477085511665,9.443085241734165,3.9574723257221116
1288,0.7556354465713453,-6.225299123549011,9.528279074979723,3.9336255819882227
1289,0.7559010383268595,-6.193154240328696,9.694200643696375,4.037460382413156
1290,0.7561234590030229,-6.167253851965957,9.676117031822413,3.9410485785113236
1291,0.7559541623693496,-6.130830471743087,9.740374516816358,4.117013495672744
1292,0.7564910451172789,-6.074438696871336,9.717026149029092,4.1843308628883795
1293,0.7530304468058437,-6.213793089573914,9.670670085043524,4.138740120870914
1294,0.7503015635145537,-6.279485184848172,9.654220498636231,4.141753223796077
1295,0.7508725488548414,-6.281632470098382,9.739851396331783,4.096087325656838
1296,0.7508725488548416,-6.281632470098382,9.739851396331783,4.096087325656838
1297,0.7503618032290539,-6.29315849256378,9.835632321881642,4.119907391063039
1298,0.7502793676820009,-6.194986498162136,9.779400214682772,4.136509496152703
1299,0.7506111716152098,-6.154352691595614,9.82238837199892,4.028983086006617
1300,0.7506260989119558,-6.064890208282673,9.726313960683166,4.239297039345667
1301,0.7516821052790063,-5.8511439392054605,9.418033446388284,4.48139089091155
1302,0.7518818939335207,-5.828954619829803,9.295053913991646,4.50941416905887
1303,0.751624389693312,-5.837961806677315,9.257739486697021,4.502916070959822
1304,0.7514690195054484,-5.826680325874464,9.349204725104414,4.488042611883102
1305,0.7513729528935761,-5.90306405611827,9.42789094908864,4.614129862391452
1306,0.7518000717858159,-5.86504598994806,9.286437717294238,4.563730351555097
1307,0.7516128020768731,-5.940992839182728,9.325665750252147,4.478877460128104
1308,0.7518455605696579,-5.8707847117438545,9.290893560734522,4.645371745245372
1309,0.7513332599618319,-5.996082124639404,9.33382981157385,4.814948938308116
1310,0.7505609323206464,-6.114816733138381,9.441242162597261,4.764109299571436
1311,0.7514049918820839,-6.097707882315451,9.428400904314131,5.0840034905497555
1312,0.7505542387186029,-6.150432004611041,9.433997929672007,5.053237010631397
1313,0.7488425601090586,-6.22097200497413,9.497013271614838,5.19536078722355
1314,0.748806176474948,-6.301811807008721,9.552176077823873,5.138987731905624
1315,0.7488502613577315,-6.302474985778092,9.49610446629715,5.134125483380297
1316,0.749130643385886,-6.288204358533177,9.502168156056177,5.164785534358879
1317,0.748755816065948,-6.348337605570258,9.72067074051401,5.13463337427115
1318,0.7506812124202283,-6.3175553784913685,9.843096427728607,5.005903154423119
1319,0.7506153387351273,-6.331477018889528,9.69167583939451,4.921811097737096
1320,0.7503391293700835,-6.321087912101671,9.509472654367418,4.9362858024538365
1321,0.7504105457030017,-6.344199316555832,9.577749405598206,4.8129806984429235
1322,0.7509871715382217,-6.352174626995819,9.617363764032284,4.634866798420306
1323,0.7508899182019413,-6.378032561741128,9.603989355801671,4.71764549328962
1324,0.7509634155462913,-6.294452196855125,9.547634590048204,4.705540729023389
1325,0.7515704207063636,-6.290773968788067,9.508540436999976,4.692638516962008
1326,0.7515318220547775,-6.27090109622722,9.345612156708556,4.882808211654215
1327,0.7515318220547778,-6.27090109622722,9.345612156708556,4.882808211654215
1328,0.7483546070490065,-6.4284947519793265,9.308640454184955,4.826924014961402
1329,0.7519167238711181,-6.38561755376335,9.295657656100335,4.5741310571020914
1330,0.751474650393744,-6.435237873423102,9.472599946701795,4.594348306800899
1331,0.7512751002052337,-6.477281932674433,9.561598649958478,4.598279608031174
1332,0.7508992210375074,-6.530667897928478,9.558693186335933,4.461064403219176
1333,0.7514508122130248,-6.456640386642235,9.529962648101922,4.651411164081732
1334,0.7512083629263092,-6.537645311706383,9.40821496281571,4.45436784370139
1335,0.7511971858687834,-6.549259634071275,9.400416912626268,4.404259896740637
1336,0.751598199432656,-6.496381485956464,9.338088831866799,4.495731068122463
1337,0.751261834043115,-6.473284640316619,9.200639434402696,4.401484210430307
1338,0.7507224394485952,-6.5295462684049195,9.139812676931445,4.3139535723863345
1339,0.7506657136072289,-6.595574582795903,9.247654929573704,4.302501333727423
1340,0.7508261865444076,-6.632667611523477,9.07949814933736,4.33771254039894
1341,0.7509360237929978,-6.6121481502638035,9.237334456227709,4.393098360033972
1342,0.7509256769702233,-6.595786376743705,9.307093761416533,4.341709347139876
1343,0.7507846146752868,-6.641483013399724,9.432016714788546,4.392470623643181
1344,0.7511605953261185,-6.536489919262894,9.30642212924502,4.480716738649762
1345,0.7512205904231396,-6.496759013071766,9.226996394785093,4.38095849761878
1346,0.7512630997969437,-6.503161317456076,9.104638003678915,4.496775494106777
1347,0.7508773898571637,-6.504778662599981,9.01272994751453,4.4505073652683205
1348,0.7511218256137511,-6.415590895626189,9.024988804074454,4.727153973710216
1349,0.751187596450978,-6.365668418952966,8.914210859266056,4.761544729959229
1350,0.751023182964073,-6.356084523207533,8.995511040137735,4.864032653241893
1351,0.7510750347644121,-6.371505786851955,8.98573041454232,4.781998620967584
1352,0.751405916258774,-6.363929325207694,9.116673044736872,4.72955319968468
1353,0.7515133088755922,-6.352611003206816,9.245195406429051,4.728550614486002
1354,0.7517952084734663,-6.3192468883870685,9.282857704897001,4.679900976226225
1355,0.7482044702137927,-6.47604558741647,9.471145072543578,4.689639903743243
1356,0.7476891740536823,-6.444329878380806,9.526836687819985,4.722544082524335
1357,0.7477379577020102,-6.440444952991056,9.495511909287806,4.770198713448202
1358,0.7476585923387593,-6.454338194451757,9.623187390779107,4.855516329276603
1359,0.747490798884456,-6.461759519933864,9.699067013928923,4.851330408870099
1360,0.7475277909933546,-6.4632845213566155,9.69984949335387,4.850897936335776
1361,0.7476362752416165,-6.38773958518777,9.620596626024568,4.989832448416281
1362,0.7476579024699526,-6.38785648761784,9.510475892314876,4.868773931902296
1363,0.7476579024699526,-6.38785648761784,9.510475892314876,4.868773931902296
1364,0.7479246460341753,-6.35001895629342,9.412399602547046,4.911437713681803
1365,0.7478151953564985,-6.34426643532581,9.403230084318764,4.779526568149401
1366,0.7484274306199601,-6.306398637904511,9.216550457542537,4.712467302958167
1367,0.7477131124783181,-6.363265350651691,9.032509287890417,4.784037537024072
1368,0.7485405616339434,-6.379577603832051,9.035201878065221,4.662473924064204
1369,0.7489019325544677,-6.378117964747197,9.06151415072328,4.666734846440208
1370,0.7484480909296574,-6.443539953490314,9.268033674532113,4.531851214398526
1371,0.7481130754142479,-6.483129640990441,9.449104840823951,4.672601051793359
1372,0.7480572397836892,-6.539423951649768,9.44461922194242,4.545486514137452
1373,0.7482115042588124,-6.490230264528904,9.58945942920598,4.610007731447809
1374,0.7480607426962826,-6.470045717875145,9.611494812486677,4.5851410422370735
1375,0.7481504834281388,-6.407395488254229,9.528416779487317,4.518871986142087
1376,0.7481504834281388,-6.407395488254229,9.528416779487317,4.518871986142087
1377,0.7480667090505578,-6.400397448587393,9.429819011145392,4.52241615911272
1378,0.7478435990328741,-6.387420422465724,9.406070586898908,4.46319424272125
1379,0.7481277612434507,-6.314631457569003,9.430957694575554,4.620219330082437
1380,0.74857679874548,-6.329142722338503,9.268430779414443,4.639507198984959
1381,0.7516866851141433,-6.221910065660674,9.312538347431559,4.519863237590259
1382,0.7512918746082514,-6.276130349023924,9.246897055605471,4.3799564835196065
1383,0.7507001596795606,-6.309259216930493,9.189375444840385,4.2953543706903705
1384,0.7475440060272464,-6.428463904035477,9.254158912149942,4.317919063261489
1385,0.7467228047112001,-6.467301749106536,9.083844264595198,4.286523338277864
1386,0.7468709662702496,-6.47301300793611,9.081880368345693,4.178305416654745
1387,0.746800949777403,-6.399501390724164,9.082221956746544,4.433576322069761
1388,0.7472547572299472,-6.378557553739647,9.235048593467443,4.317666163452103
1389,0.7478207780681749,-6.381697280751241,9.11353962757814,4.442935223156113
1390,0.747820778068175,-6.381697280751241,9.11353962757814,4.442935223156113
1391,0.7484116748388981,-6.415183622529452,9.258698364762738,4.537620548507627
1392,0.7483523421834868,-6.41452083837755,9.16863126675754,4.560983183632058
1393,0.7482433224790747,-6.3560267500185565,8.999321367729001,4.600166958625107
1394,0.7483143991985914,-6.334779413789191,9.024037078136772,4.569052015577172
1395,0.7484840935141656,-6.349729006385867,8.870115630050867,4.426914241249672
1396,0.7485113887563724,-6.360452284852043,8.978667956929513,4.4495262017642325
1397,0.748574716759349,-6.309013516539499,8.893877776352033,4.423377740440491
1398,0.7512605299305846,-6.204879826534207,9.126496989983462,4.455260828877578
1399,0.7515110005953048,-6.238832319930477,8.96726524392848,4.447957309898129
1400,0.751603040161396,-6.161542353652223,8.968346895870734,4.453765950557306
1401,0.7518650743704267,-6.13908897722081,8.940423471333432,4.411526639636533
1402,0.7521594918934691,-6.04066259636534,8.76531513807896,4.365232652920614
1403,0.7518867661078995,-5.896981887619551,8.755600578578639,4.371540220271109
1404,0.7518048957443642,-6.055079077748588,8.808947729840032,4.412924313685293
1405,0.7510486520091358,-6.106128441041019,8.749308524861688,4.275094140079985
1406,0.7512970525116733,-6.023642719860648,8.76522753855036,4.298297847648056
1407,0.7514063881854394,-5.85361935787377,8.840605620423858,4.119645051809571
1408,0.7514063881854396,-5.85361935787377,8.840605620423858,4.119645051809571
1409,0.7513040601016722,-5.913142998997554,8.798423859817174,4.147910930832561
1410,0.7510450968257023,-5.913624280359922,8.659648503647148,4.166140709066359
1411,0.7515395500025237,-5.833319649620515,8.638498529037463,3.9006244846117895
1412,0.7514102544227945,-5.846324488488471,8.661960545546428,3.898684406041807
1413,0.751689221801317,-5.741926563180356,8.609184967755496,3.9888202643164963
1414,0.7516173162209723,-5.634837481745208,8.733774385982581,3.785467606419701
1415,0.7551512070655498,-5.556845803135236,8.72807747390072,3.7674509016267668
1416,0.7570385484054071,-5.5374510711686895,8.8926780065995,3.470010945350997
1417,0.7567024011959386,-5.48214308325481,8.777831009161998,3.588879810511934
1418,0.7568987373550149,-5.497415857322675,8.992225202985612,3.52037773364799
1419,0.757581534970697,-5.5101339439453625,8.903083656228134,3.6827804767827255
1420,0.7573524462093202,-5.571947953172266,8.864274822718032,3.556034552598874
1421,0.7578251938454145,-5.621528923803529,8.786260364303633,3.5649248362204173
1422,0.757024653689514,-5.567929803400295,8.841768789263238,3.4462361887543462
1423,0.7572370015822543,-5.660832223612912,8.793454131767126,3.4746262480673384
1424,0.7566658519374628,-5.61787441828489,8.833906879251696,3.5275774239760085
1425,0.7571110899163852,-5.667204294026245,8.812116027420075,3.484041827603928
1426,0.757450858127871,-5.718797373064046,8.611278183731143,3.543078982009475
1427,0.7567385966836137,-5.944407882492091,8.629111142457466,3.5024597452003814
1428,0.7567157795706444,-6.101377420442427,8.55591764086964,3.389617376945848
1429,0.7559873814659535,-6.104685517361919,8.556798880020326,3.4131485995807473
1430,0.7572904826542305,-5.984629038212796,8.582900031320136,3.3586234527139913
1431,0.7562742428486164,-6.06890014954926,8.55441264801639,3.508680917149487
1432,0.7570390725456642,-5.9786214338946335,8.47192959034063,3.5891486599627185
1433,0.756208697595492,-6.198233842855586,8.471876638990045,3.5935063929457796
1434,0.7564023669301816,-6.413168665864876,8.37861610096377,3.4109210163624644
1435,0.7560303180647595,-6.252230561369004,8.325763875323286,3.3047424073687512
1436,0.7589144287604986,-6.2265298871279535,8.311823600369399,3.264706970459704
1437,0.7586044461769166,-6.302146189167069,8.26001586304506,3.2154479747308464
1438,0.7585123375858601,-6.436927678848264,8.174424618425869,3.1924839503510625
1439,0.75831838236453,-6.348755339240917,8.256678643442038,3.2276465502533975
1440,0.7588465127270178,-6.3122739284177,8.31005627082789,3.230090614420149
1441,0.7589174973326401,-6.130708677496328,8.41147359705272,3.2399915766903833
1442,0.7606188222462857,-5.9486654144774365,8.352667221640647,3.147691472645141
1443,0.7594152704865653,-6.436789423374586,8.141352176895294,3.1854038167721628
1444,0.7592986551783054,-6.524082512097195,8.140082496633342,3.197449378613292
1445,0.7573330966423284,-6.43034671526571,8.097030513514483,3.357990382911923
1446,0.7568364781537942,-6.436217843707596,8.219268139781095,3.3958713434477175
1447,0.7577604446119071,-6.340651024766067,8.339133298766283,3.359587623384369
1448,0.7566737264043832,-6.194254296881784,8.531966593212994,3.3847488486944046
1449,0.7571054575781734,-6.324522082908531,8.396750187507887,3.40947913760405
1450,0.7560762876472936,-6.4316521221513545,8.203955879712032,3.5003059066030464
1451,0.7559615729513083,-6.410915378447688,8.234661170416597,3.4540601127996045
1452,0.7590075949714423,-6.27847596753261,8.258261983258615,3.211171081890268
1453,0.7603787404069963,-6.220623580999417,8.332722120879902,3.0706594276834185
1454,0.7600698269435981,-6.207872225366154,8.404929240134003,3.155530395077448
1455,0.7593906268395242,-5.973286738112378,8.464919283532293,3.2739843196288856
1456,0.7600626035187855,-6.239750920229017,8.437550059354756,3.097004668616773
1457,0.7600262506493076,-6.327917231199237,8.275333095733707,3.157806212178059
1458,0.7587056184544225,-6.581985575839744,8.204942517291153,3.0548174145605493
1459,0.7588663920558947,-6.738424054202404,7.9919276814760405,3.098629963804644
1460,0.7587442481993313,-6.779548289419321,7.969133533928689,3.011870543560933
1461,0.758413955738351,-6.722330057948001,7.912431838420533,3.164180035184438
1462,0.7588663920558945,-6.866019651823507,7.837269300755892,3.1799708263364255
1463,0.7588663920558946,-6.943136292115282,7.739573517442313,3.066656796822041
1464,0.7588663920558946,-7.005535227091257,7.794659958011537,3.0573579453113044
1465,0.7589973434435309,-7.01682150007997,7.872136031551051,3.0869776455146054
1466,0.7588570159053031,-7.077053278412853,7.9501418651640865,3.1182717791636017
1467,0.7588570159053032,-7.045444668821833,7.882884056760137,3.1677991791221514
1468,0.7586336480460436,-7.016536248797909,7.880440433273504,3.2577085297844066
1469,0.7586336480460435,-7.051818219853822,7.733389385879792,3.231000640774574
1470,0.7590697675808643,-7.055386622251168,7.711327752210353,3.2851990582751336
1471,0.7586442493832588,-7.074854540485135,7.699744962173663,3.2610888676781187
1472,0.756496515981348,-7.127044784462198,7.807488998398956,3.3039608349687333
1473,0.7562401229568366,-7.164790846389805,7.513100231530707,3.4717878501180706
1474,0.7555392039868318,-7.068842033941204,7.566074513936689,3.6748241942183806
1475,0.7554894612730741,-7.076675880546862,7.523501506881778,3.7602793900516884
1476,0.7576964924969518,-7.010335351831929,7.496430464778,3.7844505122900087
1477,0.7557522057965201,-7.00494835941644,7.4692378897541305,3.83953453233482
1478,0.7574180120258891,-6.887001333589646,7.705251614719884,3.778006221058386
1479,0.7572986527912439,-6.92239184715576,7.596515750347497,3.7616735928768437
1480,0.757052183107944,-6.95627913210553,7.652089580507438,3.8415667015827677
1481,0.7572986527912438,-6.977587349970288,7.581233308965711,3.7621290875973834
1482,0.7555710945214946,-7.0388777747473945,7.640029403607022,3.683970299374864
1483,0.7563163094361165,-6.957579157962289,7.5670267148277155,3.743979254901124
1484,0.7564625056885056,-7.002499538032824,7.544698007386888,3.548451421794075
1485,0.7562437726257014,-7.050742495006937,7.580208754718472,3.5557735428407744
1486,0.7565211660557414,-7.029916301666312,7.557212321478133,3.623450822319372
1487,0.7567405301822477,-6.96502057922306,7.711626121598798,3.5947569787990186
1488,0.7567665756657669,-6.946204236336882,7.971823529414642,3.6266196355795435
1489,0.7566851314587286,-6.971974935698172,7.9470926788538865,3.7617243661429747
1490,0.7567665756657668,-7.017764005616664,8.039581098245828,3.679796155532943
1491,0.756658022104989,-7.035816576020117,8.006573741943045,3.491216420084586
1492,0.7563780847680411,-7.064549262146987,8.213349992594436,3.5076987831551834
1493,0.7564533388651145,-7.154911339955072,8.127384411314035,3.41785289719744
1494,0.7560947722785737,-7.058963910011,8.133930548869865,3.6047362145125454
1495,0.7561799904415152,-7.057182071240888,7.9848919112514585,3.4324703276219553
1496,0.7562152316277172,-7.0329025503842715,7.82827323415941,3.5608482174285023
1497,0.7569399655914747,-7.080488885393978,7.793134928247867,3.378959077889417
1498,0.756147920733926,-7.08504697972683,7.679157202567657,3.45104138755794
1499,0.7563093369569138,-7.003989211969674,7.724901104179964,3.668312049919932
1500,0.7562241970471767,-6.963312075173807,7.6743743658088075,3.7405023283070493
1501,0.7562192518615053,-6.977208455576259,7.922716755816929,3.7040002876543405
1502,0.7562192518615052,-6.9770462569762755,7.8440071697219995,3.7511153689873495
1503,0.7561206961947237,-6.950455199503542,8.146672328891507,3.8989327134296805
1504,0.7562619166293006,-6.9528701096023795,8.279290825234465,3.9830072501220775
1505,0.7571911977231004,-6.900569413042008,8.304705368003495,3.9176375327438264
1506,0.7570072122119349,-6.985581378688535,8.33200269241592,3.996100654082166
1507,0.757345147353504,-6.982212086097189,8.401133385425195,3.9270924774220886
1508,0.7569622425474833,-6.9939452693599895,8.450199344966595,3.944620998286481
1509,0.7574539886172427,-6.900884856518565,8.420869792746053,4.048063936909185
1510,0.7571477430080154,-6.882126622737917,8.356743088346068,4.043088522149701
1511,0.7570196620799611,-6.833088796401435,8.547089118328183,4.083403982265259
1512,0.757195613745773,-6.893694439345125,8.432222281737682,3.9876874477403437
1513,0.75716573786388,-6.842445363652891,8.437404614497718,4.033984047694957
1514,0.7574390838142095,-6.85513111625235,8.410582755793438,3.973999940195627
1515,0.7573662236805713,-6.867611780810038,8.378826412320825,3.929855152494006
1516,0.7570815576691986,-6.954357647368723,8.287390556702901,3.8266282240286236
1517,0.756376202786679,-7.041559505580992,8.270293427799608,3.743713860412007
1518,0.7563980495117558,-7.006774565880453,8.107209648488352,3.8627187782719825
1519,0.7569680955714667,-6.958915722141968,8.091288609744408,3.9199796344893065
1520,0.7567102638954311,-7.0264863454939,8.070110446380994,3.8539348164285547
1521,0.7567088253698258,-7.065485114905734,7.993268986232091,3.907627863693781
1522,0.7567858893830482,-7.07729929363679,7.946453668967402,3.938199390666065
1523,0.7567858893830484,-7.07729929363679,7.946453668967402,3.938199390666065
1524,0.7569472424669186,-7.097616171312103,7.838028277208693,3.9582149661749173
1525,0.7573418001557941,-7.069788436803405,7.800749706087374,3.909652112817494
1526,0.7572918382954082,-7.040294830496078,7.73977771375271,3.888959363319054
1527,0.7571078642774054,-7.0076419192089645,7.828315469042623,3.9905403075376404
1528,0.7572738004763964,-7.039220559151674,7.6953639027274745,4.037998732831593
1529,0.7570632113268162,-6.974880248513902,7.752161348609907,3.9615830825009697
1530,0.7569084048550421,-6.866220260259697,7.615784967826911,4.046954357213746
1531,0.7568862129481356,-6.82044767571446,7.53398996029973,4.021359356753351
1532,0.7570897747481073,-6.786356639481388,7.455647271495653,4.170629817480949
1533,0.7571056442418184,-6.788353471517004,7.4262057794398215,4.111987748085028
1534,0.7568484566594021,-6.881510368397375,7.405585877224061,4.063621391871238
1535,0.7572384641072964,-6.9049838620095745,7.433961777659308,4.00305533682858
1536,0.7558987959686179,-6.974592923476697,7.661108371839871,3.9761412919047783
1537,0.7560838181037489,-6.8600089570017015,7.720813277496073,4.028811961353668
1538,0.7560838181037487,-6.8600089570017015,7.720813277496073,4.028811961353668
1539,0.756152404743941,-6.828722209217032,7.7393786310406,3.937855673728896
1540,0.7566229727007908,-6.783517929571591,7.794767886916496,4.0671179147628305
1541,0.7567696174079918,-6.819719957069476,7.524978699122434,4.0370347526300465
1542,0.7559834020853967,-6.822059582349686,7.586504151155729,4.106684745059593
1543,0.7564606958714263,-6.830822423939917,7.4600590163274365,4.2857643539206975
1544,0.7569128593475752,-6.777616428341929,7.632109537787998,4.267316975413426
1545,0.7570410680378721,-6.757938158467753,7.583362326307841,4.275797812698407
1546,0.7569172250126946,-6.736787730737204,7.504534011229345,4.249728493486162
1547,0.7571664242165533,-6.7277696669735985,7.422131702039549,4.447109597014204
1548,0.7571963162015406,-6.694980511747316,7.367481201809147,4.376160310104425
1549,0.7570783791881863,-6.705275206362614,7.457679331326738,4.24904563266877
1550,0.7568342327944149,-6.7916121200457376,7.516446653386973,4.152917790438304
1551,0.7568677809799088,-6.838292123586953,7.716992903925905,3.990427058768447
1552,0.7570013760978205,-6.796955533778276,7.823094566581803,3.9492398978990773
1553,0.7564947931756779,-6.853604760589082,7.9535538173278,3.886203133224362
1554,0.7562873474056958,-6.875320676319015,8.011638959954551,3.9411923858805644
1555,0.7562873474056959,-6.913429229077867,7.938622331367986,3.9425352274237695
1556,0.7561811746035358,-6.975315781682594,7.824745241966445,3.874470056009809
1557,0.7561700519311189,-7.070588168612547,7.711552796901873,3.8215623858634675
1558,0.756170051931119,-7.05670594849653,7.7221065526223756,3.8486355717595138
1559,0.7563351894100365,-7.033062401495723,7.436062612873219,3.9555049870579837
1560,0.7561829718706431,-7.0582786986453705,7.505221814633947,3.964149300894802
1561,0.7565898433054209,-6.96515515354324,7.69327478724072,3.947725722656114
1562,0.7569075069588656,-6.939757150691234,7.903802296926787,4.022562461014861
1563,0.7567470026185507,-6.984321290190095,7.9634361469862,4.02091512421011
1564,0.7561500477583907,-7.042076264860541,7.930135507917024,3.9897304895266803
1565,0.7561005898045479,-6.94529766740283,7.896575494918233,3.884433364615133
1566,0.7560682078715139,-6.952383513744316,7.77721343882532,3.7036142067824778
1567,0.7564947931756779,-6.900220750959194,7.77734305947843,3.8234888003979246
1568,0.7568171764346888,-7.0112444587054235,7.605810536832553,3.679578719283728
1569,0.7568519432789971,-6.938432367030077,7.621958479863791,3.6969792181878236
1570,0.7559056601692898,-6.938664263221128,7.5377351385835185,3.844484822910918
1571,0.7561811746035358,-6.908131262656576,7.800658850372641,3.8641197193171237
1572,0.7561792224082599,-6.911932663039437,7.950904042198931,3.9580648499150546
1573,0.7568955252246727,-6.9541022402847,7.727627508341234,3.9819783361482584
1574,0.7567269660596411,-6.933528452661622,7.596037329978833,3.9163934272644023
1575,0.7568311770564214,-6.952221336645091,7.520372840072211,3.9066244991771333
1576,0.7569809838099502,-6.853535238065692,7.644712945576362,3.9940988035122755
1577,0.7563312346781621,-6.907170012164583,7.422790763441946,4.0395809010759764
1578,0.7562662220978817,-6.814492054051558,7.480343648633277,4.189177497058149
1579,0.7562662220978817,-6.748335972080203,7.523596703610169,4.214781872997975
1580,0.7562422471283227,-6.7358979499763105,7.504764929251518,4.160104289622583
1581,0.7562422471283229,-6.765802681755144,7.52846139565833,4.156530982794514
1582,0.7562662220978815,-6.755654459996062,7.504206179256499,4.1929094773595095
1583,0.7563084783320332,-6.784810261461191,7.48456115097498,4.25149664304726
1584,0.7564606958714265,-6.839915009885078,7.468915620682456,4.2873046474951915
1585,0.7562413737421473,-6.868538537810388,7.54671028164698,4.335472153722764
1586,0.7562662220978816,-6.861296393855946,7.514442827901075,4.211738639214764
1587,0.7565133645431188,-6.868843314234241,7.290118301290849,4.257509042954041
1588,0.756347867418405,-6.935872928204562,7.244496516079527,4.0210208620109285
1589,0.756185900199875,-6.878128874567579,7.507135524613766,3.96927906635898
1590,0.7560458881458267,-6.89687989879919,7.540942697286493,3.805682330988544
1591,0.755993493570345,-6.862880415279125,7.494522379454663,4.023735287092864
1592,0.7561983797814309,-6.918579381522439,7.297523525064902,4.000032702398768
1593,0.7562800251417321,-6.921719521515705,7.301666026070096,4.014819761544781
1594,0.7562996217177604,-6.959743906925743,7.2461038801090725,4.0499341592493625
1595,0.7562618520560723,-6.955272994759282,7.098650067036356,3.991057576451645
1596,0.7561954514521989,-6.8667305955325935,7.29727222376268,3.9645212391401077
1597,0.7561565092702146,-6.824562499640415,7.407351741392801,4.019489321095209
1598,0.7562240178257239,-6.8463719078322764,7.42720649693785,4.008797858331733
1599,0.7562595220059615,-6.7985152146845005,7.381003847624001,4.129272166671678
1600,0.7565044040994569,-6.7788170264478955,7.211374396363283,4.106098078007115
1601,0.7565133645431187,-6.748317933886798,7.165551612489115,4.298952343403798
1602,0.7568115315083508,-6.802324693044206,7.148151429380559,4.250002902278096
1603,0.7564711083089672,-6.875764108267258,7.1298327195240025,4.197115299363507
1604,0.7564325943931367,-6.783612091258448,7.128665668191085,4.308618261801577
1605,0.7566790790739618,-6.717000849280773,7.291314900899297,4.203708042873465
1606,0.7566645301546584,-6.788260438744966,7.240043595285853,4.132509967054997
1607,0.7567453003046404,-6.72833947541848,7.243754408888659,4.157404268481063
1608,0.7568498921764198,-6.714631427876267,7.23281735812855,4.341879711236972
1609,0.7567564169918879,-6.749717049860379,7.094957592449087,4.47497308707012
1610,0.7566185442354931,-6.767624413100062,6.961799956744719,4.40363784229997
1611,0.7565115860544298,-6.847921020099061,6.877164370261239,4.350433028606529
1612,0.7570210945472307,-6.815818876885304,6.984939848216913,4.35342274941329
1613,0.7570176439321396,-6.8036879355995845,6.8600344729968725,4.263116331633928
1614,0.7570192945489127,-6.742021721591712,7.045230375014705,4.217796167031652
1615,0.7570142866645626,-6.724964460260627,7.183174592312908,4.342722392408842
1616,0.757047731189974,-6.706393086894199,7.209230279563361,4.4105031341415595
1617,0.7569495286459486,-6.7481957653026505,7.311399058256909,4.39922592878693
1618,0.7570545067611003,-6.73767223451688,7.3751345323238136,4.329601195842402
1619,0.7572026456347403,-6.760430643549208,7.342269770734863,4.254485608972296
1620,0.756334791511055,-6.8012332102137645,7.397387208894276,4.4117572865459955
1621,0.7567580942918092,-6.747376762429218,7.389798707993704,4.482115331151771
1622,0.756718746568896,-6.745970098268119,7.360901837702034,4.539137015556206
1623,0.7567009964776822,-6.6865990004980755,7.274405888293693,4.673496555688949
1624,0.7565559591828982,-6.739968884214637,7.372013156490906,4.577368957093283
1625,0.7566635751482865,-6.78967855322333,7.521189626871586,4.414799696442002
1626,0.756833149510189,-6.776767979517668,7.6145946562828035,4.49530044480763
1627,0.7568327813181605,-6.736048049990456,7.587135696976127,4.535068241312202
1628,0.7565680502084604,-6.7783372497457,7.6472572820752776,4.5240763095712255
1629,0.7563624091129404,-6.761209827273314,7.602444707104806,4.541275184563846
1630,0.7565353170909517,-6.741374448686283,7.665524800447254,4.682934057513288
1631,0.7560046803187488,-6.755894283127172,7.700956282386582,4.3384756525364985
1632,0.7562269733143179,-6.737400594792893,7.574208590075971,4.332751185432605
1633,0.7568422570503732,-6.749632938403293,7.404616339387942,4.199155955344893
1634,0.7571456267281387,-6.651714199508569,7.410112184355188,4.45826217213613
1635,0.7573087198051653,-6.587029659738403,7.32372454685971,4.59675122219639
1636,0.757907058709324,-6.615870927399976,7.309310130978809,4.478320887766556
1637,0.7579267493916291,-6.583264397839297,7.448164761144519,4.623449558213592
1638,0.7579112677066545,-6.550260755316451,7.4373547522925305,4.5901178522924315
1639,0.7580994419512106,-6.569456788435829,7.367691700155907,4.6547902900271385
1640,0.757595417545622,-6.517218839177093,7.550249314448757,4.722224097411786
1641,0.7560119410423692,-6.596143695245359,7.44938613619134,4.882445073548383
1642,0.7578571777479152,-6.549526833075682,7.272187183566483,4.841051020070713
1643,0.757788647411747,-6.6227478071487775,7.168448583501262,4.737450818579354
1644,0.7576976309487002,-6.5520666165701495,7.192486217056607,4.765024799870027
1645,0.7576489958819651,-6.529896504824247,7.191828992259471,4.790610936439033
1646,0.7575759678674857,-6.54361557626336,7.0948233284120334,4.825771380981329
1647,0.751042980607798,-6.701858697000574,7.143198766188538,4.85591260179494
1648,0.7576423897863058,-6.544599238305566,7.220467117991752,4.820975691242969
1649,0.7574487082834044,-6.61055236026089,7.198212196307069,4.751397652282489
1650,0.7579511293314836,-6.648703233536499,7.127746865343635,4.552453809810096
1651,0.758043497954575,-6.552156403292591,7.2915534173928505,4.622931260070599
1652,0.7576577240092046,-6.514639722850532,7.293884382198346,4.74190226033556
1653,0.7573595570439725,-6.571641655943966,7.23547706828972,4.776847949248544
1654,0.7573595570439723,-6.5795972641311895,7.2094072599847685,4.87897672564229
1655,0.7565124073979804,-6.515311995109646,7.329798186190431,5.066630113056739
1656,0.7544825135266626,-6.635224753687892,7.155453820153535,5.197309088019279
1657,0.7547204405112855,-6.628160102335914,6.981033807415133,5.339747104341411
1658,0.754630449874038,-6.601301060966657,6.922664539666213,5.344813758359369
1659,0.754630449874038,-6.59485783246671,6.979861541590919,5.375885078533661
1660,0.754630449874038,-6.587974925718603,6.929134517710016,5.316579849309355
1661,0.7543575724093184,-6.628279132669145,7.00303346241368,5.255419359314914
1662,0.7572251642958552,-6.606612082108537,7.01906982898266,5.0744505590240125
1663,0.7572251642958552,-6.606612082108537,7.01906982898266,5.0744505590240125
1664,0.7563951780933162,-6.67934675284182,7.0479324051393055,5.060572543767266
1665,0.7545630209338041,-6.748508838069898,6.951078912834105,5.111470407222497
1666,0.7545630209338042,-6.751772473090566,6.844269268668262,5.13854796824903
1667,0.7544877881888565,-6.7292143592302,6.811083827560846,5.264163717622208
1668,0.7545497913822439,-6.79585733244995,6.870502582970074,5.312924289987096
1669,0.7545876425396703,-6.782803078429888,6.73656592534082,5.288832618814343
1670,0.7544910873417704,-6.732780456928308,6.713299576035354,5.256224900238521
1671,0.7562387798706598,-6.632480100338455,6.852670690917086,5.051937966184805
1672,0.7542617685510107,-6.741990360859538,6.768954794603858,5.130674982829234
1673,0.7543155648067461,-6.769703196394117,6.719799926511865,5.28417330294318
1674,0.754170784191312,-6.841903630159184,6.540934388104453,5.463598863284056
1675,0.7542349590374633,-6.763846199456283,6.703115080935334,5.38115852624543
1676,0.7542349590374633,-6.763846199456283,6.703115080935334,5.38115852624543
1677,0.7543197212518921,-6.704389637524569,6.755807382789085,5.394837701853659
1678,0.7543575724093184,-6.734437983435169,6.633125849980761,5.343268290959202
1679,0.7543816826490554,-6.751300768386537,6.673342403426022,5.4641598861863585
1680,0.7546084536264929,-6.739058427761364,6.867312418528785,5.543387835731473
1681,0.754640927429276,-6.709214567822174,6.868333347185061,5.522438902935246
1682,0.7543575724093188,-6.702170261560767,7.0014314915898295,5.3636314368209845
1683,0.7545551687368871,-6.663628049534487,7.088531809247954,5.292316986716408
1684,0.7559159773995704,-6.613757544782929,7.149139605118721,5.087651678936739
1685,0.7569718869372855,-6.6030284952819915,7.100306662711587,5.073648614341362
1686,0.75645869845468,-6.616122265208465,7.068961963765476,5.019768681076437
1687,0.7541174993017061,-6.643169021736636,7.14489513689222,5.237757611904634
1688,0.755335787569548,-6.652553630169449,7.19939856574569,5.23115544139126
1689,0.7571551354232782,-6.637251712062136,7.2614448017102795,4.952448654488406
1690,0.7568461523265565,-6.663628866409263,7.054342450830418,4.943424095939447
1691,0.7566772652560151,-6.718134616136322,7.1062609089490305,5.00295044708362
1692,0.7564162590806655,-6.730404010203953,6.984899272205106,5.042160796815795
1693,0.7548644949869627,-6.779123175340839,7.104954672095836,5.125515408622311
1694,0.7547276452552379,-6.81087048608576,7.210687576394422,5.19381911693449
1695,0.7545837457390749,-6.820378270878515,7.239623638856028,5.274968491131822
1696,0.7548089841812531,-6.779134403680345,7.2529805303118415,5.109484179631029
1697,0.7547910687270373,-6.74122134411924,7.169775632671112,5.29907970961586
1698,0.7550691753174148,-6.752304674129123,7.161921330253694,5.4801126475923345
1699,0.754948509879778,-6.717717016751099,7.230946343711282,5.374096160413034
1700,0.7547891756145855,-6.694367341457955,7.3734869359425295,5.353216339770742
1701,0.7547958607558084,-6.720709483709787,7.487253131102865,5.487807464643956
1702,0.7547549532033683,-6.723620329574038,7.432743946666287,5.644193396029083
1703,0.7551766057300526,-6.726498244006107,7.3362718901421475,5.487286721645244
1704,0.7550291125568543,-6.746409378801162,7.382692949624086,5.448649725671306
1705,0.7545701814217306,-6.767636490623598,7.487084049265734,5.525661464872611
1706,0.7548423255179277,-6.750203208083889,7.476219831861219,5.479840477450662
1707,0.7544418153943543,-6.647145128296189,7.609324228540053,5.7123208734102535
1708,0.7544584473377632,-6.64436840670793,7.665119336679346,5.644213838933558
1709,0.7556443419447764,-6.529590990520211,7.680338624856537,5.839236668918291
1710,0.7554776413731021,-6.607073558869509,7.623610644907711,6.026326948463013
1711,0.755820371532632,-6.57150545196385,7.741663436420601,6.08926710966922
1712,0.7551479858701139,-6.58864879032307,7.615194206450603,6.194710690429753
1713,0.7549336435591071,-6.655836651612384,7.643140617617637,6.29510435102689
1714,0.7555878498996482,-6.668981963090863,7.726800737662296,6.306980730710252
1715,0.7552971586860115,-6.69888493703866,7.7258492191139485,6.373587549741357
1716,0.7547762701823699,-6.693184942005518,7.6729148494766175,6.345683312985014
1717,0.7547457765692314,-6.687122946138992,7.807996716180808,6.235723284197023
1718,0.7549794754763268,-6.656038949205558,7.906362075701898,6.174806463042851
1719,0.7546193510034535,-6.674680030555162,7.949489606433699,6.231927190057896
1720,0.7545948332350855,-6.675632465941876,7.82673470467048,6.40917948317811
1721,0.7545753130739773,-6.620552306197594,7.745166075654144,6.391771986640644
1722,0.7544221992921565,-6.5616417545196954,7.884675229386223,6.436697924043247
1723,0.754498963996995,-6.537578421070062,7.9174492327147465,6.557315094246731
1724,0.7546520777788164,-6.536733113114297,7.749576791246883,6.595728486831177
1725,0.7545234061252508,-6.466285017392961,7.797441157713061,6.6202043677891895
1726,0.754731773630478,-6.443751350161161,7.776615274402283,6.704132903688556
1727,0.7545058081542825,-6.487216549214507,7.855443142484411,6.57773649943208
1728,0.7545821572312645,-6.478161116439383,7.763224751013403,6.54515249974444
1729,0.7544200307661911,-6.451280681180681,7.653289400364372,6.299181614905672
1730,0.7548645898553867,-6.40579283364322,7.62786797863859,6.2574674550441465
1731,0.7546872929086125,-6.355387270618967,7.868378925370987,6.42273527666599
1732,0.7547044354323192,-6.2796898108881285,7.901008007826369,6.314399880855726
1733,0.7549267413259342,-6.270900053008578,8.055925932297166,6.134128639152443
1734,0.7551686059690549,-6.299921564741795,8.011683251604019,6.145731478881131
1735,0.7545096465130512,-6.336401429496941,7.925565740138102,6.239138368097721
1736,0.754957426516555,-6.337684244590127,7.885990915532215,6.349139311646464
1737,0.7551177097947175,-6.251710648117766,7.811132628503049,6.447241304332437
1738,0.7551579397534,-6.2591617556730546,7.858488168197073,6.571314629246558
1739,0.7549271307623675,-6.30329624183747,7.900707333211504,6.426183405164449
1740,0.7549271307623672,-6.30329624183747,7.900707333211504,6.426183405164449
1741,0.7549645960128967,-6.300626737980538,8.014577413519898,6.369727521521249
1742,0.7549817385366036,-6.231868902260798,7.952886303708066,6.316554441892383
1743,0.7543541841176412,-6.265360440671846,8.111872920890557,6.455688981691032
1744,0.7551279683969457,-6.242794294716092,8.341223453223144,6.429737295974726
1745,0.7553018730225026,-6.221454238380376,8.421710088077251,6.452459289684604
1746,0.7552264298716442,-6.229204668129292,8.405902602625961,6.433668276229471
1747,0.7546042698790854,-6.236615017282407,8.345539631561484,6.5003121487446816
1748,0.7549138185654357,-6.164036888059045,8.29705802931165,6.573274747936534
1749,0.7547733315301799,-6.137511637157997,8.401568971188082,6.512199157290652
1750,0.7544543348130109,-6.1702840377891555,8.378352847720528,6.36529616156685
1751,0.754454334813011,-6.1702840377891555,8.378352847720528,6.36529616156685
1752,0.7550086071602982,-6.12047565287509,8.299228765894723,6.461775485203333
1753,0.7552155603284026,-6.023341266698227,8.432007254008035,6.631796394070917
1754,0.7549599201189644,-6.011642006149454,8.400451885175283,6.6818652192192385
1755,0.7550854480196932,-6.045645089648057,8.380939040764666,6.6593219842859
1756,0.7545204475550934,-6.107184740829259,8.42951863241417,6.551342593733014
1757,0.7549976163370442,-6.09191084992414,8.393758969581194,6.496840325741337
1758,0.7546594040444548,-6.151363128447342,8.271154359792634,6.490089221642831
1759,0.7546028021817647,-6.1904523920892505,8.23059605569952,6.467486720134909
1760,0.7544192792403968,-6.172995916005096,8.264748495315605,6.315374092196406
1761,0.755264545372642,-6.144472949174222,8.402002923725329,6.4994506724198855
1762,0.7552835032529424,-6.164638279267353,8.345772466169674,6.541378138759911
1763,0.7550320617522964,-6.1871197863223495,8.389783536496235,6.582660769475555
1764,0.7547830310349205,-6.154657833935307,8.555193546854596,6.365755977434338
1765,0.7539694305653587,-6.182514146064829,8.418848100973305,6.355188489057017
1766,0.7550861005812844,-6.1901161984676385,8.439305265943338,6.159249308631422
1767,0.7549563593299937,-6.225159980751549,8.584659079069073,6.172600646670543
1768,0.754827687676429,-6.215547569381139,8.603998627505238,6.1885118023258405
1769,0.75472985558417,-6.227445233032721,8.670576054107595,6.29129496116907
1770,0.7528622667169089,-6.265418649097734,8.74890920100958,6.406593891703309
1771,0.7535802231587009,-6.259386437511937,8.763286767835952,6.557188304101207
1772,0.7535377796707561,-6.237324499322304,8.543778789978624,6.644505946902868
1773,0.7533953042172721,-6.266488681250845,8.552754877500597,6.7364227652336846
1774,0.7534201706143709,-6.218377263551222,8.508311780032143,6.765803121309636
1775,0.753402001641188,-6.169446286004095,8.506868754460127,6.851605845724546
1776,0.7533388363562017,-6.159714196837209,8.579221639133008,6.868554103407842
1777,0.7534793830658829,-6.159663022192733,8.644127827188898,7.008351127566246
1778,0.7532523580923662,-6.137696057676278,8.709380844458801,7.114889104573844
1779,0.7532523580923662,-6.119703158314279,8.634196597127774,7.016464985425835
1780,0.7532914989608059,-6.100905787573211,8.62377784178763,6.952936960439321
1781,0.7531451716962941,-6.075928387986735,8.539928846175444,7.042569815313616
1782,0.7532914989608059,-6.108135958684558,8.672427281540864,7.044886450944599
1783,0.753016500042729,-6.092946076991078,8.577384489947828,7.120044769859132
1784,0.7533968535522747,-6.132291382732971,8.463036055382982,7.214872707281002
1785,0.753288970056125,-6.106476774478457,8.599300829683706,7.191247460804022
1786,0.7535393595401794,-6.15901555873951,8.606650344498052,7.231233343780291
1787,0.7533854068247802,-6.185698063015842,8.54819623121495,7.328418740838636
1788,0.7533854068247802,-6.245410599461323,8.490004070019715,7.5718720077235515
1789,0.7538297463221015,-6.189283854710316,8.347664059555514,7.48996437493724
1790,0.7531984073463591,-6.176044423212234,8.262984433370825,7.461423801062714
1791,0.7535869930837871,-6.239798790056521,8.378365046395682,7.587726258740816
1792,0.7536642236693774,-6.225531695018855,8.522473769433615,7.51465041444556
1793,0.7535059571313707,-6.295165191335858,8.59654187283315,7.636679166903992
1794,0.7534547994233635,-6.319859069281723,8.581031897643262,7.635783377264284
1795,0.7532738983747695,-6.343200409359089,8.64604546720129,7.751574700192795
1796,0.7532738983747693,-6.305421160033992,8.615835864032512,7.702496995917119
1797,0.7529988994566928,-6.308539170107889,8.577012634784259,7.691375283543851
1798,0.7530879347968857,-6.315766838383148,8.559403865128296,7.758385692717567
1799,0.7530446912239858,-6.353683503584245,8.49142622708872,7.90093211004251
1800,0.7534049563901303,-6.304867041200533,8.352360552241713,7.685841653292119
1801,0.752998593649147,-6.297192353159838,8.467550896168143,7.790970339809566
1802,0.7536939401600016,-6.209698318707036,8.65942988922895,7.711832899553024
1803,0.7532771136223088,-6.274856087325313,8.51665117243097,7.714362688209636
1804,0.7534742980343577,-6.245437441510514,8.502100592682723,7.685066863146508
1805,0.7533078776049527,-6.24872440921994,8.385503820594733,7.777839325146422
1806,0.7532637894670476,-6.208553742875851,8.346390295517768,7.753684407660853
1807,0.7537742670206055,-6.168101958482815,8.30727611465198,7.688375971331878
1808,0.7540369686637058,-6.141297260757691,8.42764480133628,7.814309818953077
1809,0.7536693956848907,-6.160860540893706,8.519244716110114,7.877428738361245
1810,0.7543996019785898,-6.128383312355242,8.416640670205487,7.894410229235855
1811,0.7537581262902077,-6.171977645245702,8.359224760596849,7.911589190755817
1812,0.753908107666474,-6.206502604540223,8.32742805046981,8.029167793263342
1813,0.753744782691971,-6.173013743052009,8.482370045843789,7.898219563753404
1814,0.7534301896730314,-6.2074083867392655,8.554187608113264,7.88090294352016
1815,0.7539435955204448,-6.183005833966648,8.401233786232286,7.8117197860134775
1816,0.7537036286463425,-6.164814584478229,8.389627078307717,7.807847855365771
1817,0.7544746448131346,-6.19623479086167,8.327259523368458,7.950994120461296
1818,0.7545797900953868,-6.260919581460636,8.302628151010234,8.12772364427683
1819,0.7543686039181637,-6.2299920809415,8.34101673145097,8.031194648994896
1820,0.7544178663482941,-6.196037312139393,8.476197729818766,7.830471835215841
1821,0.7543236948129571,-6.181814135147887,8.44771632634967,7.88299955586563
1822,0.7547773645915344,-6.175326762145157,8.490477349633984,7.976888816737998
1823,0.7551029564201758,-6.173585789065809,8.457298864073985,8.028031073510585
1824,0.7552236013132874,-6.171940076550734,8.331475478675555,7.9643240780101
1825,0.7545231122296452,-6.145460765607535,8.478550025224434,7.979100834258507
1826,0.7538588557521382,-6.1841917519387355,8.455100250853214,8.013019821171271
1827,0.7536225396980035,-6.236183171109294,8.50099854089782,8.001432411425448
1828,0.754115971068522,-6.218618770284872,8.451369351109442,8.06571406894215
1829,0.7543522949820444,-6.201944146370633,8.34857018034918,7.930622221244957
1830,0.7544759272127267,-6.212280800699447,8.286035238693108,7.818574571410452
1831,0.7548642884948071,-6.2494653885729745,8.414483363035078,7.984026975175035
1832,0.7542553814791898,-6.313709769401301,8.31982105054312,8.095027758585932
1833,0.7549614837362254,-6.3126907657146205,8.425518277061213,8.139069127359912
1834,0.7542503272369899,-6.293412997922424,8.549112970954619,8.054930449062335
1835,0.754239695787931,-6.35280839022955,8.681632581820013,8.011586003267027
1836,0.754297408697266,-6.344190471854295,8.784514359737758,7.880027073168024
1837,0.7558680347635185,-6.301134189847296,8.856270201000523,7.967383704931391
1838,0.7561168771747507,-6.356178711433808,8.71792030969361,7.9211985668380205
1839,0.7558520586459119,-6.456883860905549,8.927903260669854,7.984019506480665
1840,0.7557051576122482,-6.450319156871508,9.023153314629061,7.997610946711422
1841,0.7546695942909984,-6.484235652140452,9.084764091978764,8.161695788333676
1842,0.7558911214362813,-6.4056567553742205,9.007325238410488,8.040878219765558
1843,0.7559401231291689,-6.44605895091874,8.928252246962167,8.078715403575533
1844,0.7563871804959408,-6.400479621235523,8.711578742649806,8.195703765033079
1845,0.7564441473084147,-6.426459726852499,8.681469610466037,8.204667472523248
1846,0.7564545322361323,-6.406128881600146,8.748747738435874,8.207839285819029
1847,0.756162898620421,-6.392087199839574,8.977346986903044,8.212874838852859
1848,0.7557135133455415,-6.4292168397677205,9.02956938109388,8.12103791516285
1849,0.7544592139723781,-6.496819793144622,9.085143165177895,8.139850139523432
1850,0.7557664973375274,-6.387172893873026,9.032075772836784,8.083604308194413
1851,0.7537784698004352,-6.427917253131819,9.087991620803866,8.137914830431766
1852,0.7559701904486459,-6.3210886885157755,8.99995848352053,8.25058159271095
1853,0.7563439109808593,-6.322026466773247,8.90990332755816,8.257542263585362
1854,0.7557618878108334,-6.30519313765349,8.834313962218936,8.171388562321807
1855,0.7560075898531454,-6.333672892867716,8.885950706244452,8.274027991732005
1856,0.7560931311600978,-6.2937378703514915,8.737787819065684,8.165227533425377
1857,0.7558802033508274,-6.318105469370093,8.79017901594065,8.085360843014673
1858,0.7544270232979645,-6.356763805772637,8.613637552099647,7.99588815745186
1859,0.7543181338530958,-6.407089263740587,8.486839605950717,8.005432926112817
1860,0.754293871453872,-6.375645171792172,8.504591315391426,7.952556350372479
1861,0.7561192550209701,-6.316467126569197,8.431157637913653,8.023312325627078
1862,0.7559770279360014,-6.433947222171296,8.575030962916545,8.100344071342535
1863,0.7558658546785296,-6.387029853584444,8.58480886292913,7.977730748238195
1864,0.7557976359408887,-6.368100779900859,8.702957052321654,8.040903755982539
1865,0.7558680996502811,-6.405250122877726,8.539625765694447,8.165026208388504
1866,0.7558557222169083,-6.354857725775307,8.477477224222637,8.102209002609001
1867,0.7561438629465763,-6.396674898679208,8.433851049507897,8.101857490123319
1868,0.7565346928088146,-6.435287012550574,8.337780334560339,8.29905067532026
1869,0.7566777274928377,-6.424802166572251,8.325391249835983,8.228834505011037
1870,0.7566777274928378,-6.424802166572251,8.325391249835983,8.228834505011037
1871,0.7571558815154326,-6.455865981632995,8.407943676456846,8.21713434986384
1872,0.7556290563422586,-6.485682651035013,8.441408914253376,8.174583630444078
1873,0.7566402883152418,-6.439672666437265,8.571625341557963,8.166640634680856
1874,0.7549946768077499,-6.479555487907592,8.54442416746995,8.166091708653365
1875,0.7549569734641959,-6.457369072684154,8.47281018506796,8.119275535130727
1876,0.7550116954606624,-6.420271081113655,8.254968312727069,8.156898090261832
1877,0.7550451857715457,-6.376263793123303,8.288110930613739,8.047821254993996
1878,0.755127058890261,-6.35022293983217,8.376525584095283,8.017273280670237
1879,0.7546223915030235,-6.334877544860326,8.34398833267877,7.910396170861684
1880,0.7539232177702846,-6.34859648184722,8.46263242989075,7.690142168070139
1881,0.7544280794175406,-6.336529046057879,8.427808309765377,7.682959757728795
1882,0.7544722741042384,-6.326495974345181,8.27049670375926,7.640222504547593
1883,0.7544722741042387,-6.326495974345181,8.27049670375926,7.640222504547593
1884,0.7542782278617718,-6.278205032346516,8.35064765793259,7.801337463430292
1885,0.7545253672881961,-6.264325527844312,8.352573103300244,7.711015998279495
1886,0.7546113352608597,-6.279502995031808,8.425624867233266,7.709660080994072
1887,0.7542499981636928,-6.313156082866163,8.586974319778118,7.708730220904891
1888,0.7542171266647778,-6.333310934622009,8.672752184894877,7.734705893860623
1889,0.7542573953445343,-6.341904046019762,8.682500716193848,7.8489557221532325
1890,0.7543425709839893,-6.346122111305684,8.665695218997323,7.83812687724039
1891,0.7557797629015577,-6.3028073370312985,8.789904500212097,7.78886254176212
1892,0.7548603652106414,-6.321598815305227,8.751037911487359,7.924410481723474
1893,0.7545551374631551,-6.303447768122572,8.91115960185748,7.974174989527095
1894,0.7553579243509009,-6.283870318418344,8.987432809175765,7.755893454971881
1895,0.7528205062579676,-6.3460140839370895,9.112083050920614,7.802109236942774
1896,0.7519201683260087,-6.385676748020163,9.09775064103573,7.757300294461904
1897,0.7527875657892285,-6.395140023436599,9.172787865063814,7.730638512314867
1898,0.7538413792848743,-6.267263046728647,9.14628963021057,7.586940077298174
1899,0.7557488780382381,-6.171097908357437,9.009577276959416,7.443377429848122
1900,0.7556197055849594,-6.16650161568623,9.060894555937907,7.424763579282754
1901,0.7543439689358983,-6.2117452297386855,9.0829108533608,7.336393561797073
1902,0.7543439689358983,-6.2117452297386855,9.0829108533608,7.336393561797073
1903,0.7555397200898492,-6.170883613266836,9.016231177648665,7.343721469063218
1904,0.7554584506977523,-6.173440050808024,8.959532033198204,7.445803635207907
1905,0.7553079580837003,-6.198145536476368,8.754784483926773,7.530729092338622
1906,0.7551015193852396,-6.211666988270029,8.662009963711846,7.662682009741603
1907,0.750886398914975,-6.381909123989396,8.6199653199711,7.669326090213003
1908,0.7508052290882209,-6.3746870624295315,8.592288409860139,7.677101576514599
1909,0.7523767075931996,-6.380073585741225,8.703162077487,7.565980583714351
1910,0.7522396642079016,-6.372143772003227,8.646438066406166,7.600712236527103
1911,0.7524716233259621,-6.357893026829519,8.709243850680389,7.598703173410342
1912,0.7526998455788807,-6.310514955835183,8.828970232813354,7.428276286207012
1913,0.7509662609987241,-6.388151019554273,8.574316939080497,7.445904867926122
1914,0.7538066819257874,-6.299287035732137,8.428836655720671,7.376835873898659
1915,0.754370253583114,-6.2798525753973,8.47931503196922,7.329115986921387
1916,0.7541456228288193,-6.340142621650592,8.475585386673568,7.4280855917118815
1917,0.7504039536905146,-6.456400852097485,8.57706833623287,7.385150809184589
1918,0.7523238810782765,-6.393309928970188,8.57393830305769,7.587815065202405
1919,0.752047372775204,-6.4134377330687204,8.489530408320025,7.691037091257892
1920,0.7514724496475994,-6.463615946483469,8.38047572753539,7.6629145680406925
1921,0.7514429736374035,-6.461429275807475,8.308793609969994,7.516054322888486
1922,0.75200576511348,-6.376640555848701,8.42044533859504,7.432472527505561
1923,0.7523313740129177,-6.378653471986565,8.41507752807134,7.518766188104074
1924,0.7531340551995968,-6.361210629755046,8.567617294958799,7.459775314191077
1925,0.7529586574182359,-6.3604678000397055,8.603416620667797,7.377745883958551
1926,0.7528066503881354,-6.392212907276837,8.444009113270715,7.415313976210834
1927,0.7540416219526318,-6.293636641176942,8.34001846980317,7.235339543034295
1928,0.7526475177374294,-6.360755126383424,8.253069113932188,7.247937264685079
1929,0.7526475177374292,-6.360755126383424,8.253069113932188,7.247937264685079
1930,0.7526672465378554,-6.36346780126931,8.170900036413274,7.203187994709367
1931,0.7522223900385977,-6.389695859405645,8.120409580118094,7.20784741141997
1932,0.7523435188273141,-6.371818877799728,8.107846933173027,7.168435580440053
1933,0.75238784455848,-6.3527962661197295,8.03092958578053,7.12234815218208
1934,0.7523722694267668,-6.394746510237889,7.8566997866876935,7.10075547322814
1935,0.7525393337898088,-6.392447075489656,7.696429154099663,7.082437257267429
1936,0.7510954709706227,-6.393934713921353,7.780596967709936,7.184898569039516
1937,0.7509423571888021,-6.42811873985545,8.043956525763873,7.194529477200246
1938,0.7508817506523934,-6.443609423380024,8.138920054849176,7.305638531638881
1939,0.7510475191559569,-6.417862063332341,8.155897901120486,7.3164200042641685
1940,0.7509866701742323,-6.3685131845305545,8.312264768556641,7.190510153587329
1941,0.7509280777915543,-6.42807022271535,8.339924028737386,7.210248998218477
1942,0.7519592297016845,-6.340914494608432,8.53418604161935,7.275261274594706
1943,0.751588405159269,-6.379685719546175,8.504613486220606,7.355368423801438
1944,0.7489261415911194,-6.480712228174327,8.35085990116979,7.20873057826029
1945,0.7509609117838113,-6.367996179049641,8.262096912765847,7.381205415367764
1946,0.7512544412898351,-6.432219181227929,8.316207629879944,7.3390554333715095
1947,0.7512887791896546,-6.372991634854307,8.293398725631224,7.318603507264767
1948,0.751146262579092,-6.407670796449457,8.350359866393696,7.251699897280445
1949,0.7517354708068203,-6.416299318594126,8.414450083414946,7.157232764262314
1950,0.7508982607783878,-6.437717376347464,8.304934475423664,7.1544380628824324
1951,0.7518547840449531,-6.420609809491916,8.210508680418576,7.2123575864762115
1952,0.7508322811827641,-6.526217587614191,8.321075559250994,7.304978172785279
1953,0.750910596043538,-6.476797479019936,8.347533283714045,7.2598696824023525
1954,0.7515213256607908,-6.4157411494193575,8.270007517738295,7.204842639300179
1955,0.7513907585563734,-6.467801523006077,8.14363339088617,7.1541578338166465
1956,0.7514953993143144,-6.434091773595338,8.112594380525547,7.165337425696292
1957,0.7516363778111789,-6.453042106536136,8.017128145408153,7.1931079313455335
1958,0.7520422504967911,-6.450055425901816,8.051385130578574,7.354227324889155
1959,0.7509557735495254,-6.484386655772807,8.017011991722757,7.381013503355939
1960,0.7517418680493007,-6.422340013648547,7.927125349276465,7.359974514966861
1961,0.7517418680493007,-6.422340013648547,7.927125349276465,7.359974514966861
1962,0.7510985199647945,-6.489698501344139,7.857737699369994,7.413358616624355
1963,0.7520352138396522,-6.452731455681706,7.971456038760591,7.370820673465168
1964,0.7520352138396521,-6.452731455681706,7.971456038760591,7.370820673465168
1965,0.7518077961531708,-6.516906909173967,8.11757467650776,7.443425366794189
1966,0.7516376973407672,-6.529076773543207,8.025963430475299,7.4705610630604475
1967,0.7528627226696709,-6.438360860672463,8.120990469308923,7.581924374176785
1968,0.7533022098267533,-6.521132587134815,7.992057826185685,7.830151399625026
1969,0.7518399517496298,-6.535555133296482,8.038318703016204,7.937353867285137
1970,0.7490291305353544,-6.649734978353316,8.221238932802727,8.01108806084443
1971,0.7483291722284666,-6.670567360563252,8.064395287980732,8.146488967704657
1972,0.7524910882978056,-6.602111492069501,8.035870244720941,8.172785681981374
1973,0.7508829476104276,-6.685502537348045,8.072910787067883,8.161780555037126
1974,0.751175395086783,-6.601338965546148,8.114576260247082,8.073696855253718
1975,0.7507386395989869,-6.721334866806336,8.230128889352033,8.235615600485957
1976,0.7506071063586415,-6.660305405187527,8.30413727471028,8.147552684010765
1977,0.7512179369924351,-6.694134151717549,8.413259152428418,8.008007014424111
1978,0.7528658626928174,-6.657911776589477,8.529939257707532,8.100873924360156
1979,0.7530875128760806,-6.5836735629786896,8.379997069060847,7.940183063233912
1980,0.7525484254181382,-6.612219298068307,8.287838706693817,7.774248903220393
1981,0.7500779983751678,-6.814545520435065,8.267597667835108,7.916817626712324
1982,0.7522594693635926,-6.713404744838918,8.184762484357307,8.014196175456089
1983,0.7501873063766441,-6.7641169564708115,8.213332929030427,8.018580571077438
1984,0.7501873063766442,-6.7641169564708115,8.213332929030427,8.018580571077438
1985,0.7497991194501379,-6.776132319375102,8.155215569662992,7.914315212847766
1986,0.7517283006180582,-6.791002805912735,8.268467473886822,7.907496838055182
1987,0.7507953700853462,-6.785494158458226,8.336727437654812,7.904636034529805
1988,0.7503310392385242,-6.769923583679112,8.3668584667262,7.886470988354882
1989,0.7517308211343198,-6.718692668489885,8.563823587887548,7.913695696517635
1990,0.7518340593017387,-6.641318935330787,8.596348357814067,7.9486987291438105
1991,0.7521556893199363,-6.637066177645416,8.692239687059585,7.876093808306343
1992,0.752155689319936,-6.637066177645416,8.692239687059585,7.876093808306343
1993,0.7518220606360798,-6.685254567248452,8.753870733684721,8.06141272492316
1994,0.7527457637661221,-6.588095821452905,8.612823106288626,8.116552924008992
1995,0.7513259375062897,-6.5871383950426035,8.53295539276686,8.140442029816779
1996,0.7522252181425135,-6.602955463956376,8.712737482530622,8.062129220311052
1997,0.7505345622353979,-6.69179161088217,8.808221971138511,8.074334283133963
1998,0.7504900297324235,-6.716343658779001,8.882249401887666,8.08537905684849
1999,0.750412774985329,-6.829221964426768,8.851859188395531,8.138177226997591
2000,0.7533943575200407,-6.767856341880704,8.849701446734004,8.207608529775607
2001,0.7533943575200406,-6.767856341880704,8.849701446734004,8.207608529775607
2002,0.7526360032897291,-6.80286883244096,9.025296853234863,8.077371374469047
2003,0.752586059408381,-6.868110619862345,8.97085076423344,8.06368458553238
2004,0.7509415167829483,-6.928582654012862,8.942107994744044,8.099828365868863
2005,0.7511005498520422,-6.869377608943831,8.706424884368378,7.988957465522618
2006,0.7510952878155136,-6.839987065924333,8.737206571384649,8.008490282025878
2007,0.7508281508158389,-6.890626370523933,8.658560200707168,7.864721354729189
2008,0.7507854269565154,-6.929591502151046,8.590650957858049,7.7884613946552275
2009,0.7507343057021374,-6.958966631013117,8.631034818751496,7.749798221218826
2010,0.7516370255511179,-6.966458796705049,8.777694470069793,7.850025593598685
2011,0.7513140906946075,-6.958633651677368,8.74580177993684,7.8269496987611085
2012,0.751765750628825,-6.928356055132485,8.661910333535259,7.8516711165231055
2013,0.7511016559216137,-6.944630618060099,8.655624671098831,7.879051029677609
2014,0.7522733748123204,-6.934615942178301,8.871710472898744,7.8960860556700805
2015,0.7525367276188849,-6.890243679414576,8.852884515898875,7.986904277987247
2016,0.7524039611146157,-6.808562514202482,8.875785256003352,7.9202030262175604
2017,0.7522851343988551,-6.773958930927787,8.9559745080143,7.67373350816964
2018,0.752470537204155,-6.724744833180381,8.864713888803522,7.630444812272588
2019,0.7518200159098338,-6.780822153512595,8.861534540786,7.580565762538748
2020,0.7524998860100769,-6.734477147212055,8.899160230814234,7.669287962101867
2021,0.7510528916444906,-6.843177613100552,9.08400655736938,7.839726010098569
2022,0.7519148048515337,-6.864041038537108,9.124164216121583,8.009389977912793
2023,0.7517086209667451,-6.8723566050417535,9.18927082839531,8.023356986140435
2024,0.7515533288703181,-6.834751141570521,9.29313128934802,7.824619336043085
2025,0.7510818923225059,-6.788278854716053,9.317234339243075,7.687055267412785
2026,0.7514442492372372,-6.774420415544203,9.258844331894174,7.794551385801982
2027,0.7514614068088905,-6.83463552406426,9.24310064469475,7.809415224248249
2028,0.7514988111039407,-6.81560709393271,9.286617511826254,7.802460923994941
2029,0.751125585863016,-6.843689262028371,9.245009247854213,7.782375745380808
2030,0.7519148084868087,-6.74911683243417,9.321013312206189,7.705783487642131
2031,0.7505178180072996,-6.757115641520667,9.549967036690843,7.611453463959266
2032,0.7545812818298034,-6.562162451549641,9.420319082843795,7.363256745692641
2033,0.7538363479289537,-6.5589613531293285,9.464217202390497,7.423328697622047
2034,0.7540225674897748,-6.5572390872804975,9.51375666389395,7.432543446425498
2035,0.7528869344422908,-6.538140543622307,9.653042677215069,7.272832734483653
2036,0.754715803521427,-6.444202469560269,9.470121574443672,7.230498561550225
2037,0.7536769373929658,-6.485206418327542,9.426007649279915,7.168220905888045
2038,0.7536769373929658,-6.485206418327542,9.426007649279915,7.168220905888045
2039,0.7533290929892511,-6.45820761410267,9.230425066688262,7.310705467969524
2040,0.7533290929892511,-6.431966112758174,9.346879363192615,7.296198426077397
2041,0.7539359498224819,-6.485222184301234,9.408600316557141,7.324919759190352
2042,0.7537249669606115,-6.459606209988247,9.41024471490661,7.485918798583958
2043,0.7544117595008564,-6.433332901679739,9.273802722518075,7.529386596386401
2044,0.7543618498987241,-6.436438942771147,9.178769184334403,7.5287745316582155
2045,0.7539946040314186,-6.443524979707358,9.144452914261079,7.664692319963407
2046,0.7597574545692198,-6.2992246490748744,9.065668001982543,7.724559412950605
2047,0.7583322399685729,-6.367338421359382,8.923907098760694,7.5646356343474395
2048,0.7569644593144392,-6.360274854558208,8.93757572815126,7.584235145674134
2049,0.7571530175430149,-6.367547067932175,8.918131003017324,7.554473141991257
2050,0.7547828941511265,-6.490223350626519,9.135365688263684,7.510567707850011
2051,0.7568985179431104,-6.471087312474193,9.23806437320588,7.512967769146559
2052,0.7570363365093864,-6.463660138774469,9.328469659939932,7.470526074876841
2053,0.7548527907374265,-6.520080608533789,9.33526234244941,7.494961115588486
2054,0.7545462700662915,-6.564053441586054,9.374472022975388,7.498215618764679
2055,0.7545170990281371,-6.573695781843174,9.269786193438561,7.56607971345285
2056,0.7532374105547865,-6.589643493128274,9.426517104051548,7.462209417978432
2057,0.754604501910391,-6.5735267692548085,9.667824977728536,7.409689092818901
2058,0.756842495657014,-6.528120548969506,9.669834046872584,7.303392413580113
2059,0.7550170541934814,-6.6266482804155,9.845441479087459,7.310331377041466
2060,0.7550101862169424,-6.64861149674466,9.88019316300135,7.36611690898024
2061,0.7542275438226113,-6.700828586513145,9.998944350416698,7.507343096244956
2062,0.7568196763282078,-6.628846522230256,10.047275732659948,7.3743808515657525
2063,0.7578287639656375,-6.699771877978808,10.132956572048776,7.354516159783377
2064,0.7555517643096376,-6.775248503424925,9.92556949756643,7.372194598517959
2065,0.7555936241753978,-6.783782502598799,9.890428048048637,7.316959839035124
2066,0.7554586375314517,-6.809252086118759,10.006636021847713,7.276519974156613
2067,0.7555924792453214,-6.81486171242987,10.115959431033366,7.525117185615818
2068,0.7555924792453215,-6.81862802821121,10.215914938314219,7.448596523288961
2069,0.7556067493581855,-6.8365512230609005,10.183877759798454,7.550186543567002
2070,0.7553669409691983,-6.781959699199795,10.232787229721435,7.646979056505932
2071,0.7553669409691983,-6.819974480934778,10.299015770368877,7.628817033645868
2072,0.7555853832011125,-6.719604135437857,10.379434153679478,7.559516258839197
2073,0.7554831015784351,-6.746450090792502,10.314938460686742,7.611436645587691
2074,0.7554616398736973,-6.74753226576669,10.212517115165687,7.589286496948807
2075,0.755670409256763,-6.69614073059928,10.171355808954502,7.544220152606472
2076,0.7555583191040641,-6.747084858907016,10.308218574134807,7.7005151042805435
2077,0.7547863599690134,-6.790576269868229,10.492924597435568,7.561785941841099
2078,0.7554629607000923,-6.7695898059950395,10.481295548934838,7.598388543755507
2079,0.7555975159175674,-6.838671712474726,10.514839155613117,7.633967114879951
2080,0.7554604009860683,-6.889324929763497,10.443834791129282,7.677482033868478
2081,0.7548264031696167,-6.922764368242696,10.510558005248276,7.877604839219469
2082,0.7551297215645633,-6.946525102766584,10.59087628726638,7.8965585660314055
2083,0.7548006914618085,-7.05103620728538,10.589302618614276,7.992415668851596
2084,0.7547273525580017,-7.004292350369463,10.544951581496527,8.026459201021954
2085,0.75506661736754,-6.972372679084539,10.575163314010089,8.09571118510789
2086,0.7547398015770475,-7.022098734548556,10.529737638378613,8.018540185008039
2087,0.7554139553565674,-6.970213866984196,10.419637004527678,7.909496819540948
2088,0.7555583191040642,-6.98338956045251,10.244942591009991,7.9156221445665755
2089,0.7556377711118918,-6.9901989019722155,10.054821728507363,7.975891944554136
2090,0.7551792020709789,-6.988604109507623,10.230999366564387,8.002394301971165
2091,0.7549165382348773,-6.958311655744801,10.164150018375073,7.838021020889976
2092,0.7549970314932096,-6.97815703510098,10.210432622989666,7.857980361165995
2093,0.7549645813172565,-7.075776194869999,10.320917678507888,7.938065704227782
2094,0.7550008085288927,-7.078103194918665,10.253799847803469,7.993258166903429
2095,0.7552118319164666,-7.137406381687827,10.223084902923677,8.137221519956121
2096,0.7571944412767497,-7.107699479885118,10.383375392207908,7.98007779857872
2097,0.7572427688260436,-7.113904622748517,10.518979755356405,8.168853887100417
2098,0.7573414252127723,-7.104025221589724,10.435126584842882,8.169673587531399
2099,0.7555971277031093,-7.204020249308753,10.458330318042714,8.220274053856938
2100,0.7575315847579667,-7.130694000012712,10.468049993271096,8.229291819841567
2101,0.7578564537764446,-7.235392306896994,10.5022461084772,8.262714078555561
2102,0.7578227751571276,-7.357099468916887,10.623647733570605,8.328725715840196
2103,0.7577945033009661,-7.440741980104762,10.64431740347458,8.37180242376822
2104,0.7578211602684748,-7.35903667671556,10.684371785090276,8.193737026056752
2105,0.7578211602684748,-7.35903667671556,10.684371785090276,8.193737026056752
2106,0.7578211602684749,-7.357928872048081,10.773361721414629,8.178235355765601
2107,0.7577946498802582,-7.422350524075208,10.81650174118263,8.227023557730881
2108,0.7578211602684748,-7.514302650463753,11.018808183910432,8.25591119606679
2109,0.7553781205963154,-7.516853965276146,10.849200230807194,8.189787084210968
2110,0.7555351772276309,-7.526606009387371,10.881716984912766,8.212619907579635
2111,0.7555430979520292,-7.471869703667199,10.812436501480283,8.153692557832501
2112,0.7555692885809783,-7.471367308964961,10.803583601286716,8.169514606461181
2113,0.755535177227631,-7.533346594599934,10.749901748778633,8.307980842260468
2114,0.7555351772276306,-7.530362603156258,10.644911561559539,8.383297448418627
2115,0.7555351772276307,-7.579631885397415,10.6580298070112,8.446923937561795
2116,0.7577945033009659,-7.4844655206433295,10.545511152789686,8.48660930649145
2117,0.7555405046529997,-7.584758679717299,10.560817950244862,8.591432598030453
2118,0.7555666952819485,-7.549174606611983,10.553151069682768,8.483625151142318
2119,0.7555666952819483,-7.564296486741087,10.629386135777965,8.449487999166468
2120,0.7577998307263347,-7.5152100536171975,10.609134882243684,8.41012416960288
2121,0.7554714455008574,-7.633192425186625,10.632149426649121,8.406777155681011
2122,0.7554714455008572,-7.662680425497171,10.623641955382599,8.42052838629381
2123,0.7554206666554624,-7.677207119471097,10.617557350445395,8.488025761188686
2124,0.7552973846265087,-7.784058913949117,10.740904536033533,8.720870590983976
2125,0.7552636100241468,-7.852824082374607,10.892288335166507,8.905912277789787
2126,0.7553327981733816,-7.945481899270754,10.954955192326835,8.995751275204023
2127,0.7553119645534228,-7.880896286895888,10.951978930365792,8.931635460023038
2128,0.755388775052932,-7.876250482059066,10.96495409154549,9.004996996985737
2129,0.755388775052932,-7.876250482059066,10.96495409154549,9.004996996985737
2130,0.7553887750529321,-7.880866558730377,10.978606269807333,9.094357082000638
2131,0.7553327981733815,-7.8474053210138335,10.749267205510513,8.978366838222884
2132,0.7553327981733816,-7.755485343422818,10.73770329816433,8.945854523183652
2133,0.7553327981733815,-7.755839386489703,10.578277514423737,8.885744708887435
2134,0.7553197458785318,-7.832588671220911,10.610349420496316,8.908695416344276
2135,0.7553327981733815,-7.7603451488014645,10.473757438071825,8.840707489846794
2136,0.7553405794984909,-7.746268278532943,10.420604613162492,8.863442487852572
2137,0.7553405794984906,-7.734205057171037,10.475049004513382,8.601272371260192
2138,0.7554096386506332,-7.625939022180384,10.547056661121335,8.523925791978263
2139,0.7553834480216842,-7.666384780190116,10.513044925189995,8.464695710685252
2140,0.7553626144017253,-7.671595345936707,10.611917205262191,8.491802069114103
2141,0.7553572869763564,-7.640896750047303,10.5660930053601,8.440205706066886
2142,0.7553781205963154,-7.583735570052857,10.395343365174028,8.347732436095788
2143,0.7574918833708664,-7.527480396063785,10.28293300505215,8.423523280299083
2144,0.7574710497509076,-7.503963277819182,10.307660426778703,8.48549399717952
2145,0.757506343258877,-7.543342928338085,10.282960552724482,8.670146111668998
2146,0.7574710497509075,-7.5189156547705585,10.37096933840988,8.725133110118088
2147,0.7575346151150387,-7.524803953721772,10.401907099859628,8.591456404300228
2148,0.757506343258877,-7.524256046650709,10.270680590109482,8.506051027384022
2149,0.7575048243532694,-7.506436177664712,10.206416403462798,8.471230722650466
2150,0.7577383761730373,-7.490964759329521,10.173749038854298,8.309767304858372
2151,0.757506343258877,-7.501437846813503,10.188440515246887,8.210584819155041
2152,0.7574710497509074,-7.551522520727321,10.079073967053562,8.287533259509708
2153,0.7573970044416835,-7.498283471229625,10.162872799881379,8.097952087321092
2154,0.7573970044416836,-7.442876648659528,10.157970148434828,7.997155985114703
2155,0.7574474446230268,-7.42782596780791,9.98324051513402,8.041497756993282
2156,0.7573838792588958,-7.476814498564872,10.04113595819196,8.057679655974802
2157,0.757478970475306,-7.548423800975503,10.084067931434618,8.167844662691317
2158,0.7574710497509075,-7.576922885743802,10.092506982218485,8.353662424385139
2159,0.757532648950665,-7.564665894459599,10.091320029150685,8.290846535984636
2160,0.7574876578490305,-7.591616672301933,9.992228118374232,8.268037545652785
2161,0.7574876578490306,-7.663305838772744,10.027517110477568,8.388181150752327
2162,0.7574876578490306,-7.5637899257301635,9.93089439698489,8.266052359121291
2163,0.7574876578490307,-7.539539909441511,9.951727567003166,8.263521052629788
2164,0.7574862059312469,-7.559043019793562,9.792432114495888,8.353292691505446
2165,0.7576111244010447,-7.543914980066623,9.670410746952436,8.43338061547675
2166,0.7574766766666984,-7.4730717118712695,9.741131166379406,8.451730447937344
2167,0.7574364790942077,-7.493105749033934,9.670077086277313,8.372723672855548
2168,0.7574364790942079,-7.503279112513762,9.65335135185102,8.350652496060572
2169,0.7574862059312468,-7.497491911896632,9.754957304986176,8.367002190669018
2170,0.7575070395512057,-7.403436189035058,9.82708363748747,8.41831515652822
2171,0.7574862059312469,-7.53188383348619,9.822485819116869,8.44316610087893
2172,0.757519523767877,-7.499223411057356,9.946093809949646,8.38090927575333
2173,0.7574876578490307,-7.564963073891452,9.960231867172206,8.366975827235356
2174,0.7574876578490305,-7.591854620914359,10.04028989631709,8.426199080453069
2175,0.7589202707443141,-7.565198521398316,10.055237889364124,8.516966541955892
2176,0.7605932837019427,-7.517748702254852,10.035698048938716,8.47352179321228
2177,0.7574468011524444,-7.6069511203720985,10.278993677406708,8.543801372107822
2178,0.7590453539553991,-7.563799168495081,10.231354935163662,8.53283084893827
2179,0.7577141275745746,-7.609553041534494,10.366394597893795,8.511695443897635
2180,0.7597508045920051,-7.537952417005176,10.418154147255313,8.674262385074016
2181,0.7603634806351679,-7.576472984730722,10.587469656182027,8.80987862346262
2182,0.7580125260053887,-7.740718452912122,10.61676971097942,8.92672842100589
2183,0.7593941708539735,-7.7297964530666645,10.729330813600392,8.868453544899001
2184,0.7582087919675038,-7.721508415363449,10.783041363246683,8.758157494926694
2185,0.7582087919675038,-7.721508415363449,10.783041363246683,8.758157494926694
2186,0.7581174376961194,-7.781229520030103,10.784346288980025,8.83093834941411
2187,0.7577889430739073,-7.690530808526994,10.624422611301775,8.845224342148951
2188,0.7587970234140461,-7.678321410370044,10.481226683503058,8.938298699955494
2189,0.7586923324721436,-7.814923907633705,10.606434185628917,9.081261569353817
2190,0.7583371367253968,-7.881481983233463,10.663122846868383,9.113215066828065
2191,0.7596066233129763,-7.95689285797736,10.708399908224763,8.983991086483886
2192,0.7580966040761606,-7.919480238659677,10.642818095038132,8.947526946904002
2193,0.757608796624715,-7.876368160060192,10.641054430034904,8.834893860884744
2194,0.7577681094539483,-7.912958061602936,10.7603591814078,8.814129234901786
2195,0.7577681094539483,-7.944579206395962,10.813662609906052,8.828441843280878
2196,0.7577681094539482,-7.97365773126341,10.933419576352241,8.926184893352511
2197,0.7577681094539482,-8.01307162941352,10.810685666571645,8.96677698183871
2198,0.7577383761730373,-7.968234068408701,10.75312986607669,9.014028911985395
2199,0.7577383761730376,-7.968234068408701,10.75312986607669,9.014028911985395
2200,0.7577383761730375,-7.937103809326603,10.708026784722112,8.990857890340044
2201,0.7558666368392652,-8.089458379854419,10.815567191615362,8.997189570961572
2202,0.7537564460433563,-8.109370362993689,10.794610355308027,8.936102533425139
2203,0.7537564460433563,-8.12832254511625,10.67251492748205,8.880163440874597
2204,0.7558666368392651,-8.128106838768643,10.550331123057399,8.979729436179383
2205,0.7558949086954267,-8.162129315509699,10.538500865555777,8.879046638580352
2206,0.7558929425310532,-8.157796057693195,10.758279621579367,8.775060088002398
2207,0.7558313433312958,-8.040242721455382,10.565877501676336,8.641343310003162
2208,0.7558234003138024,-8.027941105243407,10.495382906982636,8.622968314616104
2209,0.7575007830318184,-7.880630834027595,10.618654815587947,8.555092027320143
2210,0.7576905402011206,-7.895355661592952,10.824275129565498,8.49382848600936
2211,0.7558234003138024,-7.946439290149669,11.005609312152497,8.496766755710729
2212,0.7559505220750098,-7.9238503451822435,11.022593693385296,8.718361849638399
2213,0.7558234003138024,-7.851281154331363,11.041406760104127,8.716004103422893
2214,0.7575007830318186,-7.842958743664889,11.125801990021245,8.799186177825694
2215,0.7559505220750099,-7.971500491986783,11.183168993318853,8.882960668230309
2216,0.7586196894724158,-7.884863903258335,11.307903481030754,9.01104394388163
2217,0.7581901041928225,-7.8787947045550055,11.343345421563725,8.925454951642402
2218,0.7580047609759195,-7.97571862057033,11.556551320135314,8.949207626325537
2219,0.7563664570392051,-8.195171788153143,11.633054268106251,9.048034859917252
2220,0.7577681094539482,-8.177392969181234,11.656197601176688,8.968933843985887
2221,0.7597572655848353,-8.26833557727259,11.948979119799999,9.069886215971842
2222,0.7575898625929613,-8.42216986264529,11.890465520745057,9.325759358169904
2223,0.7575061104571871,-8.367196080989192,11.76174908337259,9.315008958246942
2224,0.7575007830318184,-8.304508014254019,11.770312854138208,9.099888257835712
2225,0.7575007830318184,-8.30645816965271,11.821342998455597,9.132048438517348
2226,0.7575007830318183,-8.355141382333722,11.823113894640398,9.228587171589977
2227,0.7574705166940388,-8.324453788492356,11.756329688928663,9.072314170876057
2228,0.7575326489506649,-8.320706144461047,11.76293192364631,9.063690715409196
2229,0.7575326489506649,-8.18545131539023,11.787649696549659,9.03038291626308
2230,0.7574710497509075,-8.2044897851844,11.81167371074922,9.025951672720872
2231,0.7574710497509073,-8.193969254047369,11.747699416404398,8.935611446466364
2232,0.7575061104571872,-8.14318691151114,11.880321392630165,8.74456857782769
2233,0.7575216166517775,-8.134586987863194,11.794080166046884,8.902535360517012
2234,0.757506110457187,-8.290457358252315,11.938140902957906,8.901620356095288
2235,0.7575007830318183,-8.362546291451075,12.075871168546929,8.95032924742904
2236,0.757506110457187,-8.358431480592479,11.990984367531638,9.109129850350076
2237,0.7574710497509077,-8.352081309826335,12.072225992695836,9.32637268680253
2238,0.7574710497509075,-8.310473359190858,11.949439245108895,9.227767079324904
2239,0.7575346151150386,-8.242229401203755,11.905486715327184,9.319781733938013
2240,0.7574918833708666,-8.179914906655965,11.839378962145242,9.150942358322855
2241,0.7574918833708666,-8.181998804708234,11.926962940175523,9.024781670850693
2242,0.7575216166517774,-8.170999410938819,11.853418258396296,9.070836780314124
2243,0.7575216166517774,-8.134794021386396,11.812360950238887,9.005928849059693
2244,0.7575216166517774,-8.071896448737382,11.850959119647632,8.935934315551298
2245,0.7591694273196834,-8.21190724079217,12.064445527950136,9.133118108059664
2246,0.7570577461329282,-8.265434793993595,12.107581686524506,9.11023449040922
2247,0.7592298215306822,-8.211803306574966,11.996388492375754,9.202087110379031
2248,0.7587047130384442,-8.27568989095482,11.817862312153188,9.327168042556883
2249,0.7592298215306822,-8.255510481308674,11.856663301136265,9.206856922842881
2250,0.7591485936997244,-8.313251657843821,11.997358858914446,9.267700311272241
2251,0.7605722630956272,-8.229471999790231,11.811637008151656,9.348738915209374
2252,0.7606615036595975,-8.295688302003905,11.780376455033664,9.425326881450687
2253,0.7579702777222912,-8.264518358220204,11.503388093185208,9.33970642623107
2254,0.7569435157927572,-8.30961366739855,11.403693767677574,9.343852888709552
2255,0.7579316500167684,-8.342504925944656,11.51503583303132,9.261484017795238
2256,0.760188337099531,-8.220355285993815,11.475334731801738,9.145084447362237
2257,0.7592089879107233,-8.281790042174595,11.440123097462907,9.273376320782923
2258,0.7571370281483881,-8.42623373872192,11.379405004907136,9.413512228446555
2259,0.7591485936997244,-8.302954569929256,11.377514351219773,9.435127908906683
2260,0.7603422433462041,-8.258726808350549,11.2256542274809,9.441341366910835
2261,0.7574468011524446,-8.335269358258817,11.211405422556304,9.224919422826508
2262,0.7592938602445681,-8.239515911193067,11.329903821605395,9.176402891656886
2263,0.7596427909991081,-8.213989668700506,11.283752968765775,9.022094254671059
2264,0.759136225061288,-8.128176944723917,11.268789745063152,8.92708917206682
2265,0.759211440825836,-8.05815170111256,11.114328435377068,8.918888574004018
2266,0.7591362250612882,-8.049311004870182,11.324684107395264,8.944224913053562
2267,0.7572113117961627,-8.264278670175113,11.35453971175983,9.009148828610611
2268,0.7569640060363887,-8.259157185427886,11.36980566051141,8.940343679091187
2269,0.759612109338023,-8.0907341195705,11.426060846702145,8.868254843410384
2270,0.7591179120386395,-8.144687211238862,11.562508431866794,8.899280216136733
2271,0.7574701013707335,-8.175377692841877,11.404164801577279,8.920772422047154
2272,0.7575019672895801,-8.200336360286043,11.309626739167967,9.098845259358946
2273,0.7577692937117099,-8.16377053994066,11.321384840263617,9.15702674124683
2274,0.7574701013707335,-8.138165788548,11.387452272475413,9.073988188842462
2275,0.7574701013707337,-8.18302176852459,11.402649905860153,9.220830965210446
2276,0.7574701013707336,-8.137905856270665,11.52396239865372,9.199404022060243
2277,0.7574701013707335,-8.087183126412775,11.514400913737289,9.3716041982948
2278,0.7574701013707336,-8.087183126412775,11.514400913737289,9.3716041982948
2279,0.7575007830318183,-8.094828523426603,11.573728484810037,9.607865954073487
2280,0.7575007830318186,-8.084208580180425,11.453968659034546,9.468503377258507
2281,0.7575326489506652,-8.088931016378432,11.42290519861738,9.502226925110921
2282,0.7575007830318184,-8.140843539376071,11.48013391698237,9.506932219893208
2283,0.7575007830318183,-8.242036816973028,11.409296881817543,9.623851922726514
2284,0.7575007830318184,-8.269813757124696,11.591981313902643,9.795994271637404
2285,0.7573414702025854,-8.297002971461131,11.536524288994356,9.833493786998176
2286,0.7574154128899288,-8.251076370548107,11.400021400355365,9.92661513611728
2287,0.758633972069163,-8.209350328587211,11.525551177635451,10.048795636831358
2288,0.7563851599658853,-8.232124312714454,11.60424379619189,9.998260062216167
2289,0.7588104278838774,-8.193796936931145,11.68980793403071,9.957599938991821
2290,0.7574639323105059,-8.22160292375028,11.770387093661595,9.878889639132359
2291,0.7573929680495246,-8.213932839209697,11.814461254027872,9.753138443266868
2292,0.7574154128899285,-8.1914983873446,11.71000121743504,9.684154969249144
2293,0.7586280555080824,-8.167734769305802,11.724384956850198,9.740191589130738
2294,0.7578303233852077,-8.186686662442092,11.65243293890311,9.8317501507891
2295,0.7585484020250995,-8.150226173835781,11.612964100526025,9.656910057562767
2296,0.7597243033343383,-8.227364940467702,11.456608707644559,9.787927817305443
2297,0.7564668917393773,-8.413664265605274,11.529492399856238,9.780356310727614
2298,0.757223666559518,-8.439476081250191,11.45362838205418,9.743863149278924
2299,0.7585337327888186,-8.385718926026469,11.369335501919407,9.720684400564313
2300,0.7582178213232817,-8.372035521727453,11.428923245484295,9.56443609349478
2301,0.7591127968272783,-8.333292898986008,11.314415849648393,9.701034877041605
2302,0.7564072948607373,-8.421143353630907,11.397892811521203,9.70483297834854
2303,0.7580397797742734,-8.301133432590763,11.305654132262736,9.741109460952531
2304,0.7567451437089382,-8.287127174089159,11.313880521051686,9.703844175606479
2305,0.7592146570076654,-8.26064046637187,11.441518876959146,9.711371359918475
2306,0.7593185515516755,-8.175307757528245,11.409342329408796,9.52540371083621
2307,0.7597241236824781,-8.209548661379566,11.470781891659405,9.593295056599073
2308,0.7576885904907189,-8.395034695758593,11.561359482531596,9.594229247515043
2309,0.7597862578295363,-8.414871218231799,11.566898917297367,9.760517421997099
2310,0.7590835326781428,-8.407858826392097,11.555963166820584,9.574890672120567
2311,0.7578606562447888,-8.440067910727315,11.546038925747887,9.598695295591725
2312,0.7578302606802272,-8.436209415599826,11.348449237235393,9.62416028532711
2313,0.7578091583978498,-8.46492716096083,11.440928617571823,9.803018587205845
2314,0.7578302606802272,-8.545792290763844,11.55279014685814,9.850670053528562
2315,0.757830260680227,-8.495824273350824,11.667142888863841,9.786788131431859
2316,0.7578831010851932,-8.441058898728121,11.541566515190512,9.925252643740468
2317,0.7576563778015306,-8.3473864453396,11.607387312995678,9.732858941065967
2318,0.7578996854172111,-8.286472501503777,11.566881343526696,9.860358188782898
2319,0.7578996854172113,-8.34853408111516,11.654334081667931,9.947601706585152
2320,0.7578091583978497,-8.350594987516853,11.580848574624643,9.983010094787993
2321,0.7578091583978499,-8.434521597009175,11.513839505362139,9.933065408496404
2322,0.757829974583704,-8.561583226835475,11.737472906764502,10.03422055240427
2323,0.7577981533278413,-8.549214158278934,11.641266737007536,10.057874360224972
2324,0.7579534929313655,-8.61516992432156,11.632206962118637,10.231436723789713
2325,0.7579832262122764,-8.716164850163162,11.70315687446446,10.275915310474115
2326,0.757778476736765,-8.673570897560907,11.705382934755987,10.176341499361415
2327,0.7577013064111943,-8.532380457012795,11.60458088304283,10.128065042901103
2328,0.7577784767367649,-8.573315251532712,11.649539585506162,10.202098770130592
2329,0.7579684712270827,-8.661228913592861,11.741053175864693,10.139503607902993
2330,0.7578091583978498,-8.592323210059808,11.708183495134252,9.924951760716787
2331,0.7581050453789288,-8.66159194726865,11.683575521551601,10.121061249268761
2332,0.7599698642397229,-8.62056864233274,11.654248747768815,9.975385637577165
2333,0.7608595527736174,-8.670127548306596,11.653334471261466,10.114554014917177
2334,0.7585900136023693,-8.797623109045892,11.63042492471487,10.308510150662046
2335,0.7612038977160339,-8.799308025160949,11.830365229492834,10.133187169982326
2336,0.7612038977160338,-8.799308025160949,11.830365229492834,10.133187169982326
2337,0.7586206952634541,-8.925319478275977,11.870945104874977,10.18670381543246
2338,0.7585900136023693,-8.916772943162632,11.810396406353284,10.291971531521165
2339,0.7585900136023693,-8.916772943162632,11.810396406353284,10.291971531521165
2340,0.75860064037469,-9.071133268534913,11.861984683565925,10.349527424852127
2341,0.7587433733278177,-9.082196821329822,12.005492685365995,10.277639425589648
2342,0.7586422325026632,-9.04512238722861,12.066032788672665,10.353789447807042
2343,0.7585271428999056,-9.121717393057276,12.098060607742568,10.281505985407518
2344,0.7586139321413573,-9.0960165842892,12.094000464220322,10.129439244664322
2345,0.7585084424003331,-9.172631635649863,12.147313904591163,10.26904397465789
2346,0.7585084424003334,-9.107272241381962,12.0603793986231,10.157279436396484
2347,0.758557078845712,-8.978141299671048,12.088694454288168,10.029020236366646
2348,0.758557078845712,-8.978141299671048,12.088694454288168,10.029020236366646
2349,0.7585235130841043,-9.053691855852103,12.14665943746511,10.110354979861325
2350,0.7585278473287415,-9.044314914236363,12.065447558729401,10.174486187556614
2351,0.7585235130841043,-9.082740047706196,12.040365807553362,10.278163266260714
2352,0.7585442835596597,-9.251434823455462,12.308473020291352,10.324119350097723
2353,0.7583958962860438,-9.412019730081932,12.664109298846364,10.276887368566388
2354,0.7585435679728686,-9.314491959661762,12.79928020938361,10.145447804639824
2355,0.7585435679728686,-9.306720715392768,12.715310459640671,10.12307789631816
2356,0.7585435679728686,-9.417744778336528,12.783107260877912,10.224281793857621
2357,0.7585435679728684,-9.3265747741873,12.915010707494524,10.070109056498083
2358,0.7584515970173731,-9.427305490902102,12.866971918089096,10.273455474414869
2359,0.7585668783519,-9.349918070031142,12.881309582739224,10.149945849945237
2360,0.7585235130841043,-9.431722525099785,12.928967963060684,10.20970395248835
2361,0.7585957868731624,-9.552617852894455,12.948184146453556,10.371428733020151
2362,0.7583795672638107,-9.77441254262574,13.245091365500997,10.314427489787438
2363,0.7584330882495701,-9.78255631110992,13.224745304396707,10.357505067558332
2364,0.7584330882495701,-9.71090262247573,13.331962721175701,10.21136250408986
2365,0.7586418050349166,-9.903676386609918,13.37826420597167,10.21332707639704
2366,0.7583985400838404,-9.91966601211942,13.503230409537657,10.050248188865773
2367,0.7583985400838402,-9.790970998203433,13.398936775607863,9.974381615931897
2368,0.7583985400838403,-9.759081753203798,13.431933332960986,9.798484420307462
2369,0.7583851849577328,-9.64400801549445,13.349513999090078,9.786576036547343
2370,0.7582944277987878,-9.548413062645436,13.282132391961945,9.65812727794865
2371,0.7583661051809292,-9.585445024252737,13.172069105382553,9.663233354499095
2372,0.7584992409947151,-9.517950746358327,13.193313848159507,9.502379161857423
2373,0.7583985400838401,-9.487484237370065,13.249343263592854,9.37561423873594
2374,0.7583851849577328,-9.52769151539205,13.375190419994258,9.401589877429686
2375,0.7583985400838401,-9.507647412644856,13.41920106920559,9.272137659250633
2376,0.7583419096767142,-9.395146511906184,13.311703973844718,9.308572167449993
2377,0.7583419096767141,-9.261290523034718,13.33037701481478,9.142468141646232
2378,0.7583851849577324,-9.240174366635928,13.431907643077263,9.018199647303991
2379,0.758515003855285,-9.247766217692044,13.497643640854507,9.1366027022719
2380,0.7585150038552851,-9.235955697827931,13.351744967639547,9.10880734900605
2381,0.7584992409947151,-9.34846279386531,13.451304843589769,9.170426361927321
2382,0.7584057634466055,-9.44932608592003,13.406585800049069,9.387564667940843
2383,0.7583661051809292,-9.508136808745693,13.502443285402881,9.327676783876612
2384,0.7585150038552848,-9.377989880501397,13.53162365581602,9.188661202037252
2385,0.7584189595600946,-9.34397824370052,13.514759717413053,9.113603991066242
2386,0.758418959560095,-9.34397824370052,13.514759717413053,9.113603991066242
2387,0.7586477567656579,-9.355954578094355,13.509680549613494,8.97312833703633
2388,0.7583419096767142,-9.366986120541588,13.439479183447517,9.075122761822675
2389,0.7583851849577327,-9.422907866332858,13.383273840542985,8.907343802267556
2390,0.7584992409947152,-9.370713787914484,13.457031693826305,8.844334131525086
2391,0.7585150038552851,-9.404721796331556,13.411265505250412,8.809828661209746
2392,0.7588208509442289,-9.36345037353273,13.460062790861729,8.81581087595607
2393,0.7588208509442289,-9.36345037353273,13.460062790861729,8.81581087595607
2394,0.7586002748877313,-9.18826300581673,13.325481821089479,8.740687444008767
2395,0.7587340649900615,-9.13174605802855,13.370010682129378,8.835327475753735
2396,0.7586388690544996,-9.095042311497117,13.166900597868946,8.892240632655637
2397,0.7586388690544995,-9.058816639064911,13.25501664888526,8.764019676361285
2398,0.7586517489223926,-9.034272089318371,13.334921885171925,8.795663838849208
2399,0.7585834132732201,-8.950252055944942,13.14731137272832,8.838934929034098
2400,0.7585405974595207,-8.974171475343061,13.028458739998673,8.83312243353055
2401,0.7585405974595207,-8.974171475343061,13.028458739998673,8.83312243353055
2402,0.7587191035817679,-9.093875969162726,13.130478944144281,8.84991066201309
2403,0.758719103581768,-9.093875969162726,13.130478944144281,8.84991066201309
2404,0.7586486444176984,-9.182893092130687,13.099159774940215,8.962309176626867
2405,0.7585335548149406,-9.163956810078819,13.213158301213038,8.842416541232756
2406,0.7587033758880258,-9.27568439986043,13.213989000483169,9.08447205433363
2407,0.7586718038111567,-9.30000859978803,13.033551389449542,9.080297083583496
2408,0.7588609036175852,-9.310880141348933,13.025533192341255,9.058919527529014
2409,0.7585347482971697,-9.279478785724766,12.825831003345824,9.22517900361935
2410,0.7593021738449965,-9.299801621012318,12.710332169776775,9.217089566217396
2411,0.7587976758919166,-9.167699781529464,12.455394492736712,9.309212758961284
2412,0.7601844348507598,-9.017426621077808,12.485740001155666,9.103196543558136
2413,0.758263930699665,-9.09103078441138,12.337719598451596,9.102313004878289
2414,0.7577274586449074,-9.043218854516788,12.306533344485171,8.9850420293919
2415,0.7596870271488327,-8.820235143574404,12.233770130057374,8.908627173699768
2416,0.7601844348507596,-8.769221739603848,12.164249193391043,9.052434492375824
2417,0.7609036757393376,-8.650999442362348,12.177920357120497,9.047752733689794
2418,0.7584485516821567,-8.687298930744777,12.133204347826974,9.030445247856617
2419,0.7584495142982415,-8.654068418737799,12.100691622882538,9.028818281529638
2420,0.7583894343811021,-8.615307049636524,12.206265457244491,8.894625224346887
2421,0.7584234181215366,-8.646181989724914,12.274853123919856,9.000423892419837
2422,0.7584395258866956,-8.678606653359816,12.362361479065724,8.849457406747042
2423,0.7583518466545277,-8.722437075240709,12.305218961671583,8.98143476144359
2424,0.7583540445369078,-8.656619868718584,12.080594374506761,8.987265565190079
2425,0.7581718978748299,-8.65239778268366,12.017789048187279,8.942187138021778
2426,0.7592648591588923,-8.656376463826385,12.033474351016714,8.959764662945782
2427,0.7585249774589512,-8.550860470090269,11.854466331270983,8.824850424389444
2428,0.7589707038482298,-8.574964442258983,11.925482579097558,8.879017339496457
2429,0.7584279305384696,-8.564384071969364,11.991963441727238,8.85896842278758
2430,0.7583908956828089,-8.41633266827155,11.915882452590292,8.829633204083631
2431,0.7585562736451201,-8.392292009643045,12.031938385395938,8.726448319661154
2432,0.75848581448105,-8.374316834286015,12.038919743546742,8.67487890596029
2433,0.7584329740760839,-8.305510056662767,11.997733951943585,8.501203773209287
2434,0.758299183973754,-8.187006310159115,11.784823067502998,8.301509147192121
2435,0.7583237862239768,-8.165155625829225,11.862723392391235,8.373811145378701
2436,0.7584364740439292,-8.192498637516143,11.979597872811887,8.25780283761434
2437,0.7584443947683279,-8.243568569661944,12.034321632445732,8.138216725610876
2438,0.7584443947683279,-8.243568569661944,12.034321632445732,8.138216725610876
2439,0.7583420001052763,-8.172299037273524,11.9707383597461,8.079756676844996
2440,0.7583151787582052,-8.284778282454456,12.055258830977278,8.172187103527408
2441,0.7583624287347055,-8.309790175479796,12.160533655765141,8.114370350336449
2442,0.7583624287347055,-8.357275923466254,12.163500436591242,8.066999452679653
2443,0.7585836581548677,-8.327791431078186,12.177305874617359,8.16216510925214
2444,0.7583694237864907,-8.222615818422266,12.118752253037536,8.061550915445434
2445,0.7586386463575089,-8.151787672976177,12.18370033303153,8.05342460790727
2446,0.7586079672248731,-8.183953664134926,12.168590105247835,7.9889456979921825
2447,0.7585681871934394,-8.188906521001817,12.182685342491576,8.00192478993114
2448,0.7585749608465462,-8.189346690481788,12.1046522780716,7.922621974997965
2449,0.7584080766377546,-8.233730002263087,12.057015702421412,7.963511920045869
2450,0.7589156246161219,-8.246910940628077,12.02467236825274,7.952494898919017
2451,0.7587008904014948,-8.103245528672279,12.014004807847538,7.851307975055572
2452,0.7588785826194419,-8.065840748642753,11.951365317793794,7.767247062556853
2453,0.7588809073366839,-8.096127170456654,12.058118742804579,7.970714652270685
2454,0.7607977028927693,-8.060134815513956,12.08616601668904,8.009793181298269
2455,0.7590416808954117,-8.104226189493277,12.085986103984382,7.832923900776179
2456,0.7613155486852279,-7.942224021212898,12.007561850081604,7.809396207131836
2457,0.7593982307093042,-8.083475062284604,12.121951367138868,7.7652949755974925
2458,0.7584449336945969,-8.104148150075634,12.245746037305192,7.927712970829535
2459,0.7587157270029367,-8.015500990393821,12.071914836252748,7.954928773812078
2460,0.7592135389725834,-7.987311306150149,12.06445096105545,7.919246446465089
2461,0.7609489503803911,-7.911137572666456,12.083880271397401,7.9139185919881045
2462,0.7588344617071829,-8.120848489099094,12.162829621954844,7.977008661722871
2463,0.7591221699268556,-7.988366494820351,12.2125102788739,7.725557739316052
2464,0.7591221699268558,-7.9253522426179535,12.281850867496564,7.697243002350295
2465,0.7590339982995089,-7.943004888160658,12.211171386633746,7.702668963680279
2466,0.7591142769582003,-8.026297411257767,12.164740112879802,7.770638273945033
2467,0.7591607225877012,-7.947850904950762,12.100683576813905,7.752868771950366
2468,0.7617624568224842,-7.831979746297862,12.017906174865816,7.72216256097404
2469,0.7589666052713756,-7.912041681941602,12.088410656067799,7.705110169744213
2470,0.7590421693623519,-7.866676325089527,12.17693445777704,7.690633331368297
2471,0.7589856169717298,-7.850589961986804,12.112823587755999,7.772560812901235
2472,0.7594456675606268,-7.683722093316193,11.930897599618254,7.667022785292664
2473,0.7589860481941789,-7.709024673454439,11.874406988503454,7.7071223231935
2474,0.7590141705700734,-7.875702065551753,11.991347520991033,7.758246370236469
2475,0.7585870217363836,-7.921716819640768,12.137288936229968,7.645241926970785
2476,0.7594955121186779,-7.964858805254256,12.140569656975577,7.563657351611329
2477,0.7588270285179693,-7.957698422237359,12.036657573868023,7.594346173680634
2478,0.7592388475642913,-7.962088521187227,12.088147851383395,7.569446579382678
2479,0.7594910726348069,-7.950457332353118,12.04836167171531,7.483541480548327
2480,0.7594446158727661,-7.910303049452935,11.964831277018995,7.324483958088487
2481,0.7592178643751767,-7.815339378704534,11.939426735078603,7.231001336722042
2482,0.7588292068293414,-7.791541550773739,11.801890320371879,7.132343055536854
2483,0.7588019682960429,-7.827919133127135,11.720580045085256,7.146400583816361
2484,0.7587915248657782,-7.762589698610998,11.804872119612947,7.256439802811726
2485,0.7588174527523552,-7.743664443313437,11.84270932243843,7.292052148884847
2486,0.7587915248657778,-7.8105951222640435,11.886505424538724,7.333931089791751
2487,0.7586532565478045,-7.882949369372969,11.89932605814785,7.427143272239817
2488,0.759129138328392,-7.920078650455457,11.781862610456512,7.251760587780953
2489,0.758880387199667,-7.973769394070581,11.67643168815061,7.322423851031375
2490,0.7592436817085582,-7.965171181580191,11.72745110868053,7.318711596140801
2491,0.7593462986463846,-7.951677858857835,11.685883681985938,7.2703090061493985
2492,0.7593269989313409,-8.017583968229733,11.71753027269,7.319023333731991
2493,0.7592346211106425,-8.02567183101036,11.699177120621545,7.212486504989589
2494,0.7591342797766262,-8.094213785291476,11.876472426036495,7.312557609853078
2495,0.7592050318019694,-8.049280108418916,11.922781107652721,7.171041915904486
2496,0.7594321108059873,-8.024538933769888,11.831602433884969,7.164955732176079
2497,0.7595394102725939,-7.951524516098987,11.815349129549329,7.062372056004114
2498,0.7587355224062455,-7.936100260641393,11.76423863961007,7.2670709442330805
2499,0.7584425659047311,-8.04933594901794,11.911990093804397,7.266342789719225
2500,0.758884234154484,-8.001283203690852,11.970838689149419,7.1242922217418885
2501,0.7585912776529694,-7.993550485150838,11.947186823965987,7.017851618616057
2502,0.7585912776529694,-7.998541702466111,12.025452911684008,7.1227832721022795
2503,0.7584839781863628,-7.964345733779376,11.916185329912219,7.206545694735093
2504,0.7587250677552994,-7.781020636654269,11.863916561441062,7.11423444759645
2505,0.7585623691317069,-7.8120184852037875,11.945113171016251,7.153959915599825
2506,0.7587218124982807,-7.81692160772612,11.832997199982854,7.243431199577632
2507,0.7587206146739651,-7.769207182001603,11.65003703028264,7.244517984121637
2508,0.7584551416703371,-7.839900302095414,11.66660615480636,7.287680684209562
2509,0.758487846063405,-7.8911007532992254,11.809106710836337,7.054551011187478
2510,0.7578897615988881,-7.784975374363771,11.846635847819124,6.9750025284380515
2511,0.7586328299265829,-7.7151568677331515,11.95335737533594,7.074271012015105
2512,0.7579239881721982,-7.685057255095855,11.974134581896953,6.960039472827777
2513,0.7582969462405489,-7.7393571532837,11.86106866551663,6.9989240883261346
2514,0.7583505406817007,-7.837557525855365,11.84942316764507,7.059736378242342
2515,0.7585822374595522,-7.853953406974016,11.998194661724705,7.0733578322291235
2516,0.7580187703125892,-7.824939126110676,11.983809518371993,7.010907779788206
2517,0.7582930328387948,-7.833907955087564,12.076257875258971,7.031571787209554
2518,0.7582857028681962,-7.731017083185603,12.094664657335924,6.9826762448216195
2519,0.758383668938003,-7.547806748002508,11.917526216149456,6.9129646602361
2520,0.7580746481318337,-7.6478847259369696,11.836715529823925,6.9664086255044655
2521,0.7581497428408166,-7.613838441728753,11.812833146409028,6.841697037667461
2522,0.7578023238829849,-7.577062289957407,11.795892252503394,6.753536757658158
2523,0.7578138173852801,-7.566776981591412,11.620543556594992,6.856031627564655
2524,0.7577948236498635,-7.485934264709748,11.613266223206395,6.8371121855804295
2525,0.757711538781184,-7.707794873271709,11.618840324482154,6.992787604247239
2526,0.7580829899425198,-7.680737903672588,11.70637589922916,7.1004328213361205
2527,0.7577752116279562,-7.754537845669704,11.692230321189049,7.251222263433948
2528,0.7578166239095877,-7.808264782971882,11.802033170904968,7.211922602929735
2529,0.7580672526205399,-7.809822012492637,11.820856041355292,7.111122352772283
2530,0.7579358623356043,-7.758396015966248,11.762010319561181,7.083904300042625
2531,0.758104128660712,-7.728355021721058,11.761218546070248,6.8141800941987745
2532,0.7581260663611954,-7.674194567779629,11.844175507255738,6.7439874822439085
2533,0.7581260663611953,-7.626697307516075,11.97057799825295,6.934522142690637
2534,0.757979637385545,-7.769722235475111,12.163125284697227,7.044548783620248
2535,0.7579724458777575,-7.738251113868394,12.05098974295717,7.319851505508123
2536,0.758285202228767,-7.6436060861126025,11.97785235300997,7.341738659358951
2537,0.757921981718416,-7.488455068548835,11.918808689285958,7.431320224108481
2538,0.7584174163715675,-7.499610948810068,12.014400152562198,7.459244697024983
2539,0.757879775620069,-7.550758290257567,11.95595277922413,7.557394224030061
2540,0.7576590865373054,-7.44272926759797,11.823855713633241,7.625874976074758
2541,0.7581387262336947,-7.3868625028957595,11.774748692391139,7.6008572519734825
2542,0.7584398191500472,-7.4377043755640315,11.696619164211073,7.644682251180867
2543,0.7564397873975884,-7.617188574752399,11.729564255121797,7.740666051720957
2544,0.7561270202142468,-7.640834677231508,11.576824898908495,7.949141647391759
2545,0.7559391380131222,-7.726186208826322,11.571118370612744,7.887540977188082
2546,0.7561518213291464,-7.6818432563834005,11.4575969572567,7.7864001047359075
2547,0.75762610939252,-7.720038133356573,11.49741409612251,7.746713395263206
2548,0.7575591977567863,-7.728513538822579,11.512695855518368,7.613098413141964
2549,0.7576922365103311,-7.740267550088104,11.590052532328512,7.55180883602495
2550,0.7577365773004867,-7.70721514746337,11.507550935330533,7.400014467291402
2551,0.7576612554545412,-7.705432831761838,11.395283994801538,7.336155786974287
2552,0.7576463813420348,-7.714847876132596,11.470555672678751,7.424089366718143
2553,0.7581344547459136,-7.671538149968306,11.438690200438394,7.435524467483521
2554,0.7563295000715311,-7.730137606654868,11.37232338369503,7.366991285092434
2555,0.7566856332038951,-7.706135850892701,11.394953827572968,7.2679007342970525
2556,0.7589373670562743,-7.612605888523353,11.386644469954367,7.132117253216492
2557,0.757367542390102,-7.6856880984735385,11.451800796526316,7.274091030239688
2558,0.7571820159402339,-7.68949937151739,11.564645427198911,7.252979858764437
2559,0.7570204550603877,-7.657708233432607,11.598824723531886,7.33889187554652
2560,0.7571019622825108,-7.671097316076518,11.559275327416746,7.2783235690278
2561,0.7569948792618935,-7.712554243844307,11.586381557896516,7.317627242862229
2562,0.7562871874434703,-7.642611359376329,11.540344417509967,7.082829449029342
2563,0.7564263423460315,-7.6475949107385235,11.432166562484737,7.01039119095275
2564,0.7566913296115049,-7.5424057988815045,11.30429964469222,6.864985630891909
2565,0.7565630020666096,-7.63420624120118,11.386694569411292,6.9700714705834494
2566,0.7566200733504324,-7.685660851343594,11.323934551801871,7.0072502011422575
2567,0.7584388462142194,-7.667166932067168,11.243649066342503,7.064726132696323
2568,0.7570108566561189,-7.674865682730931,11.171165357299255,7.1305121318719324
2569,0.7569424994610294,-7.615154470676409,11.162075457566994,7.213246311514331
2570,0.7581079560044719,-7.6302278045394845,11.253356495549717,7.243167932555335
2571,0.7582444774896127,-7.617816668179614,11.359803821556447,7.2658374314716525
2572,0.7563859490604613,-7.724237726216929,11.370457657559468,7.090312594541613
2573,0.7577637195147174,-7.664456553381982,11.400363361353568,7.152184092984071
2574,0.7570348119047036,-7.622818634119536,11.206945503914445,7.149717386333222
2575,0.7570459097137376,-7.65830436267445,11.261883472530082,7.195060748667175
2576,0.7577921212870808,-7.585087386029434,11.298901572705654,7.112925317145289
2577,0.757482404577699,-7.595695250682503,11.489507159281187,6.959902672985994
2578,0.7573638956639777,-7.56439023610351,11.277575417866913,6.927991506997458
2579,0.7580348663108931,-7.546704557169264,11.331625549019693,6.919386600323789
2580,0.7569981559332373,-7.5700198702455,11.346310394860557,7.074593332464526
2581,0.7578218454144213,-7.596417273254276,11.434327880682872,7.293864648859238
2582,0.7576922650734741,-7.643259886282053,11.381393693658428,7.330599963677361
2583,0.7571208337305764,-7.639202478436546,11.218376872750225,7.320758969304016
2584,0.7567100914786992,-7.7325410634931036,11.31912236901353,7.2849038039656016
2585,0.7571959546572672,-7.677259898419334,11.370941793253378,7.13163556733154
2586,0.7574385091320938,-7.695570759586521,11.494257264251809,7.23376054091896
2587,0.7556142711262949,-7.637950041372677,11.46192749419192,7.202684917863753
2588,0.7553702011747994,-7.697484259706917,11.589451946900168,7.148761922020811
2589,0.7552621023584914,-7.717847988085355,11.548726554503334,7.2174670050640355
2590,0.7556169874685529,-7.692957696641479,11.553202896596714,7.092666104706149
2591,0.7557880132654394,-7.641005891323754,11.552226101947213,7.101812998238346
2592,0.7559006245468565,-7.538541065086127,11.449645782884819,7.033489331309046
2593,0.7561276181618142,-7.467976667852491,11.485190369169336,6.909676126029684
2594,0.7555442194431636,-7.4529264272452185,11.501740636471773,6.835367981863093
2595,0.7555939916481642,-7.539442179085318,11.498118195962356,6.757329691606699
2596,0.758915920547527,-7.561264537893765,11.740336790659034,6.782282281669786
2597,0.7592422201048398,-7.546291127434737,11.766665753104796,6.768609040023536
2598,0.7592979048032048,-7.533382502364908,11.729842304733669,6.895575354850017
2599,0.7592593413205471,-7.465371377856337,11.7382305908493,6.79033317623251
2600,0.7543535089687523,-7.527174658104175,11.750777970690752,6.777600494332762
2601,0.7544232609784125,-7.4974414732419135,11.749549740360154,6.860099602667527
2602,0.7545944848906848,-7.362443052436431,11.733453550040654,6.904772274124917
2603,0.7551590816233862,-7.369778074370277,11.796300038260078,6.872531600372735
2604,0.7555431501169878,-7.5323615909804715,11.901311505709101,6.854475485036105
2605,0.755543150116988,-7.5323615909804715,11.901311505709101,6.854475485036105
2606,0.7551072563704438,-7.612667514414678,11.842303476483368,6.824700792625156
2607,0.7601911863427828,-7.417148967079292,11.860274007614304,7.037508406345274
2608,0.7588483909223789,-7.3472617632398585,11.753361963815234,7.063218046415777
2609,0.7588483909223789,-7.3472617632398585,11.753361963815234,7.063218046415777
2610,0.7588483909223789,-7.3472617632398585,11.753361963815234,7.063218046415777
2611,0.7550389280744962,-7.4688825363971265,11.778619248825558,7.183816797306489
2612,0.7556601126351752,-7.4394114207544595,11.632792845003065,7.126864038533017
2613,0.7556161003184407,-7.457257965163169,11.421937114950476,7.158526417825647
2614,0.7557538368339327,-7.543279698756601,11.399288806348173,7.147959250278241
2615,0.7554471670332604,-7.494579306054344,11.195156544751203,7.100460266606178
2616,0.7589712710320031,-7.46499427844834,11.221385330938295,7.109759742574048
2617,0.7593974579286339,-7.395561869941595,11.318214761867669,7.081517852258311
2618,0.7589083235209924,-7.378093441970913,11.198535438190033,7.066845248083097
2619,0.7553070186098773,-7.43294110905269,11.131781749942897,7.0562434319511995
2620,0.7548733733659645,-7.35766157465596,11.103089877524623,7.1619455579979325
2621,0.7550144281673113,-7.285304560995003,10.957656634498374,7.170643369012226
2622,0.7542681752215671,-7.226852885533301,10.840050125606773,7.167568190625904
2623,0.7561362990396677,-7.107771075497508,10.785149390385687,7.13220791900016
2624,0.7552177080410627,-7.152668626149465,10.74392663011192,7.220773154779766
2625,0.7549913873293586,-7.16222296021509,10.669782850831904,7.407724620911017
2626,0.7566954238108443,-7.006348184139804,10.518143921782867,7.506801805001946
2627,0.7550740621328118,-7.03631522011357,10.633276151760677,7.361902976648106
2628,0.7570555576270771,-6.932702028436873,10.585780571855326,7.365032207009382
2629,0.754952067671024,-7.080491718974557,10.414250613344851,7.354576641822572
2630,0.7576396300678421,-6.999746283978862,10.503275538044909,7.361956023070646
2631,0.7579045357530175,-7.03286075267374,10.547278169208846,7.30132981815586
2632,0.757787531226618,-7.09304048846365,10.745644584632299,7.227949736069459
2633,0.7550773629330616,-7.252337915894607,10.681514435204466,7.35375963594138
2634,0.7550989267613036,-7.328633369188421,10.633546099651152,7.429607947637484
2635,0.7572564117962608,-7.203295595187321,10.782727782284216,7.43978333529012
2636,0.7572564117962606,-7.233540842228667,10.752245367138858,7.392246921268911
2637,0.7570225034930183,-7.187753525046501,10.674416398611845,7.34983724821886
2638,0.7554274144531772,-7.258300196277288,10.693544688337592,7.258118853879776
2639,0.7560517987309809,-7.227012832339786,10.624307606351547,7.338357369372827
2640,0.7554474333618232,-7.338627150933538,10.617159322686636,7.332766579945245
2641,0.7550638442513423,-7.375827776383575,10.511501557188048,7.280338991981466
2642,0.754970236170841,-7.427596298548735,10.351702421168913,7.334244956302769
2643,0.7553811672925772,-7.339480811464494,10.444199493109341,7.352678762923195
2644,0.7552670103797758,-7.336839665198006,10.27679200629382,7.43313856912931
2645,0.7556300926213648,-7.459616417572015,10.428046728950513,7.343745325601192
2646,0.7560971768378518,-7.324812017245529,10.423994222237946,7.234622288064921
2647,0.7559782819550148,-7.2667985455521364,10.352486143886546,7.1637868342745605
2648,0.7556494410945991,-7.265428911539527,10.195433767967229,7.1411197503949255
2649,0.7553804183541659,-7.272310411403197,10.24742211546643,7.36466817354782
2650,0.7556108022999662,-7.289598076871258,10.31865828690825,7.337536583431707
2651,0.7555166010347735,-7.281959459235184,10.210704734915195,7.290323177674759
2652,0.7555795018860272,-7.276059265780852,10.240153422995855,7.278586099598975
2653,0.7556971080448043,-7.295060738873263,10.178874946108252,7.363412082111518
2654,0.7559680610848006,-7.250257766508148,9.931061156537098,7.402460881772191
2655,0.7554713174773217,-7.322728279705951,10.009248915890828,7.447745026861423
2656,0.7553779794392729,-7.467563411907948,10.120749586619624,7.504999889207006
2657,0.7553255896994165,-7.486016849201657,10.113471261037056,7.4947006423403595
2658,0.7553204847321231,-7.554212363556479,10.256567340927445,7.5142110278616965
2659,0.7557667676372217,-7.398814572009773,10.177140882671244,7.4920148014503765
2660,0.7555984607192168,-7.366396849561698,10.197317824604422,7.513945832862585
2661,0.7551096493358153,-7.417051098225918,9.944414811231505,7.5963026712025705
2662,0.7556791195072174,-7.496308711009192,9.88003266127522,7.5675785647450935
2663,0.7557228346300251,-7.395738297888201,9.94042650434328,7.355617524477801
2664,0.7557041824334696,-7.450680064504302,9.894902410041675,7.290914545676106
2665,0.7554875207192776,-7.480242336402781,9.822142576764929,7.344246740967699
2666,0.7551660752536513,-7.489557756963167,9.85573492398898,7.201775949660225
2667,0.754979899013012,-7.475255533685242,9.842134780436265,7.23132278558741
2668,0.7570489930250629,-7.46332023524201,9.866212269750367,7.050371102272502
2669,0.7547668276809153,-7.599011586271821,9.77177549081459,7.102100525958257
2670,0.7548522234651813,-7.652011364066693,9.959379243397054,7.315572732945245
2671,0.7548135172571333,-7.6123713087345335,9.882148465643818,7.439661380810281
2672,0.7544574412010535,-7.746234502629484,9.78044940289347,7.5419670455026715
2673,0.7548674793499396,-7.7534483231145765,9.759797605065785,7.442710712300316
2674,0.7548214169623897,-7.738244578483668,9.688685800005898,7.540254867973978
2675,0.754806444671735,-7.827425607331019,9.784701810898362,7.538089218470239
2676,0.7550478412367396,-7.8207711617444104,9.85261569273088,7.642908182619057
2677,0.7550478412367396,-7.8207711617444104,9.85261569273088,7.642908182619057
2678,0.7547210723512169,-7.818643114139951,9.714707450607417,7.606437340720818
2679,0.7551803026084245,-7.814890774559861,9.839169551286748,7.384397652076406
2680,0.754868777963941,-7.76647110422968,9.713765264853954,7.397157575353131
2681,0.7545594130375093,-7.764603693439025,9.732729817020276,7.482744887461033
2682,0.7553810557717107,-7.693956434311795,9.733032111570173,7.546335011945519
2683,0.7554508047952865,-7.766993840303097,9.788562858692368,7.598264297530956
2684,0.7555711699369191,-7.698186390311939,9.611269943146626,7.444248206504928
2685,0.7555590316498577,-7.743841877536247,9.50427474731872,7.474124935002011
2686,0.7554774786020482,-7.775156596723468,9.491446593504588,7.50640847854527
2687,0.7544775871837103,-7.920611806651031,9.520413124716026,7.553001127373585
2688,0.7544557675450012,-7.956684631957241,9.500697257451737,7.68662806310641
2689,0.7547497136817274,-7.9633914969353645,9.378436129526984,7.703574729082758
2690,0.7552636853174919,-7.970964417753793,9.417133961805893,7.6163251910871805
2691,0.755507822477241,-7.950814144211636,9.302699669328836,7.6877069570333445
2692,0.7553696824122696,-8.076160078374794,9.3601033042801,7.927876984628656
2693,0.7554974517764613,-7.980048754432151,9.235662116689168,7.867650412279506
2694,0.7548646641616867,-8.062885027579227,9.238259410605911,7.711124924305251
2695,0.7551174525350576,-8.13463013493664,9.375306375346543,7.8066851053361574
2696,0.7545216635358646,-8.270817220906864,9.455818727487578,7.86121964453199
2697,0.7551621715996943,-8.218062491167478,9.328035094782983,7.75138708224162
2698,0.7557293441887099,-8.197033964742875,9.23965091260628,7.75943842803344
2699,0.7558009868827472,-8.18586059203496,9.313663204734963,7.753521726660071
2700,0.755742902256686,-8.277622051846535,9.32870244403733,7.645608547530328
2701,0.75574545685024,-8.210901582413124,9.193160941041834,7.904800808614396
2702,0.7557236224814708,-8.16164221833511,9.207002114380867,7.952787656748474
2703,0.7549198030710362,-8.258225955773264,9.144555384946905,7.852426237463489
2704,0.7554345196054856,-8.188599603888283,9.191317926789196,7.926526673416971
2705,0.7551870703171258,-8.24293487387208,9.212433846511896,7.97478676371018
2706,0.7552599917323413,-8.336963248637286,9.305110337487688,8.246839076453936
2707,0.7553181543059032,-8.336501201308094,9.395383935683263,8.242536474757879
2708,0.7550199724011415,-8.256545847011056,9.487772846216467,8.145078977616352
2709,0.7549619478140928,-8.249094863282258,9.55997218108505,8.254581946257574
2710,0.7548177280962943,-8.252004177979224,9.6377128879293,8.20445175840252
2711,0.7550156964671645,-8.31685005946387,9.627834585885227,8.13323959559804
2712,0.7546203984836598,-8.299202909143876,9.644602389432723,8.076179161373886
2713,0.7543811165081283,-8.23990096615256,9.673470403913669,8.0879557020779
2714,0.7549080146913638,-8.330453954181532,9.750649452901742,8.17751075509096
2715,0.7550186173771046,-8.363942103129494,9.906497233390775,8.099984442077739
2716,0.754519418013789,-8.43530534434012,9.722946698176564,8.284021634520526
2717,0.7545584298054988,-8.376926514758926,9.667623449739153,8.177098717272605
2718,0.7547231326211926,-8.432340550725591,9.7161729542551,8.276084460460549
2719,0.7541158067490695,-8.401931355354721,9.68497458422927,8.112963990988543
2720,0.7539916055339508,-8.469128358853087,9.6776454551402,8.094765759575138
2721,0.7543303269737274,-8.553468546510333,9.728996185488962,8.033760304603211
2722,0.754461007475192,-8.512165307849529,9.785251229503128,7.912866900395246
2723,0.7547195296634263,-8.494592585820762,9.858036246583188,7.964808258311806
2724,0.7544906834393879,-8.443313386206425,9.824410022372776,7.950681409615457
2725,0.7545362816559451,-8.31382632490423,9.794833534319785,7.901343911022376
2726,0.7546892544227635,-8.333048328682576,9.823759898104846,7.928613106557979
2727,0.7542112433969894,-8.431615168235455,9.867250451063049,7.8323187339761535
2728,0.7547127336263308,-8.428728718221468,9.931224211294518,7.907817370405117
2729,0.7545716724655941,-8.362077826500808,9.967554072680576,7.810623587390832
2730,0.7544103027153061,-8.340385925944231,9.995369987066127,7.710399844111319
2731,0.754352130922529,-8.474641376199559,9.924033284648122,7.675986307749294
2732,0.7536489815304733,-8.565614441451364,9.872095461163056,7.6472476914545515
2733,0.7547219567057869,-8.554103245154124,9.846003307041032,7.744990497690634
2734,0.7546726239966649,-8.672154578531238,9.917304793148784,7.774620450315229
2735,0.754494475779528,-8.60566112327558,9.777386234983181,7.892152962947892
2736,0.7546616421605722,-8.58707933219823,9.96176669643562,7.931938210248567
2737,0.7546589642459198,-8.554420502785035,10.000454556331357,7.905136435256002
2738,0.7546984071898521,-8.599643024412147,10.07069844378297,7.927893919338059
2739,0.7546993333659493,-8.695258470435078,10.06207466131294,7.964998617864037
2740,0.7545901764118854,-8.625586143668516,10.060414361119932,8.024752712438712
2741,0.7546528490703506,-8.612702840875679,10.065946043722382,8.249370495462708
2742,0.7545725173176665,-8.607992960937352,10.097691637209582,8.051760127111727
2743,0.7546152649854502,-8.561369780359021,10.191628414089458,8.019313914201645
2744,0.7545815524387042,-8.554449145780419,10.256419395403636,8.029629367857426
2745,0.7545428076600599,-8.555510761769748,10.205111253306786,7.9097185553334555
2746,0.7546382154737513,-8.600765973778708,10.349295656333354,7.809182716313586
2747,0.7545986159515812,-8.515550812305191,10.350667378021848,7.858350159344271
2748,0.7545628756189455,-8.567808814283671,10.45936364837169,7.83651999245882
2749,0.7545590138384628,-8.576834290623104,10.606060498169404,7.899967586285558
2750,0.754370616579028,-8.546369596071845,10.624100912627787,8.025070086017086
2751,0.7545063929874088,-8.544877588848493,10.678447260693925,7.932186718590584
2752,0.754525095586995,-8.421412771085956,10.555234321350158,8.05757678491616
2753,0.7543361817414929,-8.322705157692061,10.415040716602245,8.150771603943411
2754,0.7544660694206496,-8.410885531147798,10.428827908751765,8.031464304269706
2755,0.7544948894975999,-8.348372419417256,10.427383300078244,7.949311324565685
2756,0.7544452355924468,-8.339910836622206,10.336388936097734,7.928977107641515
2757,0.7544783948977623,-8.345010942619293,10.44548006616299,7.903215363789667
2758,0.7545845896954383,-8.301269785708989,10.379428215344829,8.08469911581871
2759,0.7545599071397665,-8.389656957251862,10.625195082227876,8.124066125203944
2760,0.7543577049848994,-8.384672907653536,10.623174073643769,8.13603780085734
2761,0.758738750004389,-8.22973044786871,10.728437047607425,8.115312611815881
2762,0.7341022324048716,-9.258871767186315,10.729097091629875,8.110219371824437
2763,0.7312209673111797,-9.434303920374681,10.829408013995398,8.189872007164205
2764,0.7312984842006082,-9.566672315610557,10.88452853515274,8.175626319570412
2765,0.7314054154135847,-9.342706628684631,10.790898818494986,8.056003727127752
2766,0.7312607783438841,-9.26787320977839,10.68241596719504,8.049219031371882
2767,0.7312239702711543,-9.356101281952913,10.845931126596758,8.069200118863598
2768,0.7304843607755934,-9.31099600804728,10.806126582995919,8.02055865193541
2769,0.7308167501444668,-9.33186391674581,10.83552686881639,8.124359409540933
2770,0.7315427978598154,-9.23853688055215,10.830733365220329,8.02669632296558
2771,0.7316125147046926,-9.365620942467014,10.929485161293444,8.048700227694255
2772,0.7301018124650407,-9.436681119643538,10.960358700304361,7.995348376357817
2773,0.7322265374557945,-9.320233491244478,10.91645966331791,8.073720440670641
2774,0.7300629744554619,-9.301222528765221,10.715627297143174,7.978587990563458
2775,0.73045829540536,-9.313961949000191,10.683211816044409,8.061123026553588
2776,0.7294239580450341,-9.41645656655676,10.715393237391169,8.084389276780367
2777,0.7304799518930551,-9.29746189531303,10.503218710481473,8.070883106466933
2778,0.7301363301004831,-9.218866261338825,10.362230273825743,8.045782781324686
2779,0.730530315721528,-9.234217010476975,10.383956122553261,8.079896225674883
2780,0.7305022935760876,-9.253497252617578,10.253775411599175,8.11121263851546
2781,0.7287483858962501,-9.293725538025358,10.216394425386577,7.86467850756865
2782,0.7289046485928464,-9.253815979045372,10.152244360833718,7.952064186620295
2783,0.7310302300045388,-9.146769383291693,10.069517722502528,7.965900502423172
2784,0.7302220805181372,-9.218204387256044,10.143173684990982,8.046507822287893
2785,0.7292681364779646,-9.170316987420309,10.09639946818622,8.111231631690844
2786,0.732197982760096,-8.93372571031956,10.162110077162316,8.21428813948227
2787,0.7321979827600962,-8.93372571031956,10.162110077162316,8.21428813948227
2788,0.7304520686128921,-9.075888201235866,10.060149430032308,8.19713455658461
2789,0.7304931434324267,-9.127725073397643,10.180390167028929,8.222794018214916
2790,0.731762899127816,-8.957672112022179,10.200392412580394,8.136850108352544
2791,0.731660480002821,-8.889034965729845,10.26754140611671,8.169748434959812
2792,0.7304177994935906,-8.972097625669361,10.301770361511574,8.077262991068851
2793,0.7318569559517193,-8.841883141120643,10.241278501537389,8.12437960135911
2794,0.7318569559517194,-8.841883141120643,10.241278501537389,8.12437960135911
2795,0.7318569559517193,-8.841883141120643,10.241278501537389,8.12437960135911
2796,0.7315236621820336,-8.839673892957489,10.269020662856777,8.17132669845889
2797,0.7315236621820335,-8.839673892957489,10.269020662856777,8.17132669845889
2798,0.7293687864619925,-8.981608666784615,10.002671709061126,8.198573406048009
2799,0.7299582549633612,-8.91251332635656,10.057137815584476,8.209649016827042
2800,0.7317337441753764,-8.853353782060571,10.1423812031566,8.212402205939865
2801,0.7317337441753762,-8.853353782060571,10.1423812031566,8.212402205939865
2802,0.730795868389247,-8.934043628894788,10.305844267691713,8.26576195184487
2803,0.7315596237825942,-8.978588038574557,10.133224825579317,8.351653442821112
2804,0.7315596237825944,-8.978588038574557,10.133224825579317,8.351653442821112
2805,0.7309927718699726,-9.069822955333713,10.190345475896306,8.322477852285768
2806,0.7309339060634211,-9.095368453929211,10.27049211843776,8.354740040801314
2807,0.7316642823563106,-9.117830952951904,10.198615957238884,8.382013147509795
2808,0.73248319901586,-9.093306763953304,10.235866321100671,8.360125302602146
2809,0.7311148259465401,-9.093650872749413,10.133695316640887,8.381496613344034
2810,0.7317652473051962,-9.080031353855507,10.183173223661385,8.30121195424864
2811,0.7291337899909769,-9.241992246921185,10.208994740710382,8.333064611737836
2812,0.7233352345832453,-9.624687880347238,10.186133348259913,8.252880540455969
2813,0.7242087011578451,-9.555381550610448,10.077988612392033,8.085610821121163
2814,0.7215456033161725,-9.84254906191754,10.35675561797794,8.174201071360914
2815,0.7215456033161727,-9.84254906191754,10.35675561797794,8.174201071360914
2816,0.7197129480657375,-10.105786745450414,10.298788981822613,8.158011354435272
2817,0.7291051313557056,-9.330060378178887,10.297404442380676,8.178419104438552
2818,0.7316304011752723,-9.144103226125258,10.189570998269796,8.252606748634468
2819,0.7299773950089797,-9.291779527044534,10.300713019141334,8.090064457023335
2820,0.7318703939757116,-9.157920493541873,10.373831351993035,7.995596187041233
2821,0.7306642352170912,-9.140709673075353,10.36852880463734,7.956001021553811
2822,0.7326590794829935,-9.01854213504474,10.325263788177033,7.991498016804148
2823,0.7329375636331394,-9.020841108379258,10.484618467396238,8.15741955780155
2824,0.7295133777539122,-9.17049922465085,10.489612698046978,7.8043786477118955
2825,0.7309811955662193,-8.944321725212713,10.408153466360316,7.833139716030035
2826,0.7301766260845788,-8.96436627406198,10.217585551794679,7.93525866541015
2827,0.7304783535083693,-9.102190674794826,10.258148717287401,7.978470507531953
2828,0.729137361272248,-9.070279375038172,10.304577605032067,7.744764344503941
2829,0.7315513416252147,-8.847297878270554,10.276240250842498,7.5995025505795395
2830,0.7311666789009562,-8.830104759595526,10.358525160679457,7.512150623645216
2831,0.7306270736409463,-8.751517049120196,10.489080453947345,7.449534047588841
2832,0.7271839212574194,-8.965594771064719,10.41362997809186,7.301632938863331
2833,0.7276708279805776,-8.821823463947473,10.50851970856618,7.247775327017067
2834,0.7275759381056336,-8.924255811828875,10.644838797678517,7.11750976510335
2835,0.7286653085717462,-8.823795559001681,10.543382529299237,7.3137058293981525
2836,0.7275090507861303,-8.89504346686806,10.600599506024654,7.323752675457808
2837,0.7275090507861306,-8.89504346686806,10.600599506024654,7.323752675457808
2838,0.7275090507861304,-8.89504346686806,10.600599506024654,7.323752675457808
2839,0.7284206279502045,-8.860676717611435,10.652063688410584,7.215518439777139
2840,0.7276933535053215,-8.93813746408335,10.778174988641316,7.5050396961234265
2841,0.7277905819333986,-8.894025996035072,10.847598111647043,7.377784531910818
2842,0.7274308767811919,-8.939812293317999,10.865289609777934,7.4307086640055475
2843,0.7252607966089298,-8.977385231496156,10.86242156276781,7.465235710481603
2844,0.7278548299847584,-8.824630278004777,10.881203727679745,7.421239844137708
2845,0.7266289551974168,-8.866434376284943,10.877896091178835,7.22320265931411
2846,0.7249184308880683,-8.962296708282816,10.90345330519077,7.173651177002465
2847,0.7251503246233292,-8.941203212952148,10.629660506103374,7.182186100445319
2848,0.7251130628870254,-8.977021184106778,10.488151021291003,7.121684265121664
2849,0.7258747161218394,-9.10081863368318,10.598050293055875,7.245573852299293
2850,0.7291999229731668,-8.815552809738556,10.662386013381843,7.057434520245376
2851,0.7256868609478143,-9.176898053492112,10.593953264075251,7.218375487024012
2852,0.7302008620510265,-8.796856781214116,10.637690878390286,7.162956532317826
2853,0.7296300631064645,-8.894328179031698,10.657386553222416,7.177240726571023
2854,0.726944480711197,-9.060303890485429,10.663893305808656,7.347610356443507
2855,0.7259192812805854,-9.189829507037118,10.778714033828507,7.316378508336587
2856,0.7275169819732712,-9.127531732188205,10.868960565571014,7.434800183673816
2857,0.7288167426295957,-8.990075258440221,11.051657081336863,7.349895591408273
2858,0.7287179836373597,-9.03113568805566,11.091871009197721,7.4710701303407
2859,0.7281592762678754,-9.143620649574887,11.13848574869389,7.628981692552839
2860,0.7275943666988152,-9.23876248995472,11.174061835565775,7.523766730747992
2861,0.7275943666988157,-9.23876248995472,11.174061835565775,7.523766730747992
2862,0.7286353707150767,-9.09225806902085,11.082426699253753,7.4495185394101915
2863,0.7286353707150764,-9.09225806902085,11.082426699253753,7.4495185394101915
2864,0.7285463937324856,-9.146218842655067,11.038166995236658,7.489191917252451
2865,0.7283028566481127,-9.173816285315796,10.954400495332298,7.520554417988867
2866,0.7277914439489889,-9.135710869141832,10.866372398331498,7.562359083368824
2867,0.7278466416450978,-9.13135817663905,10.906257873617868,7.435039030965618
2868,0.7280988119448417,-9.191886948882946,10.985339272041903,7.525822040491567
2869,0.7271545381789035,-9.39102884879285,11.02111314796649,7.445126852975564
2870,0.7286117846932808,-9.310979068638906,11.012422738316955,7.610642447279309
2871,0.7267054866996336,-9.411779857527947,10.885308286207023,7.622848303724868
2872,0.7259810229708277,-9.479925562301167,10.78320044107506,7.5624450169807
2873,0.7282237852428123,-9.362944793648131,10.83977910531585,7.429158592691224
2874,0.7280266976878034,-9.425410745276999,10.871140330929396,7.360626212266099
2875,0.728352712894167,-9.41966290988034,10.816074136046545,7.381180251550721
2876,0.7284987330258853,-9.537047200381062,11.026879546447269,7.578069033305742
2877,0.7260151158546334,-9.774402570971302,11.144624910610151,7.410400354062501
2878,0.7289661098404019,-9.576866973567778,11.15266980706677,7.273651414225274
2879,0.7286866418768954,-9.750160128670426,11.230014937113845,7.297978784793343
2880,0.7261101433037466,-9.941405697802473,11.325753218861765,7.321288458662472
2881,0.726196630868836,-10.025720932364484,11.422382396731043,7.310362625359234
2882,0.7253520314748978,-10.065992351232534,11.415544061143772,7.330161346777037
2883,0.7252933938071467,-10.084608246340375,11.386578504566202,7.3854292308235
2884,0.7269249896569371,-9.901279310707354,11.453826022463112,7.437972917095525
2885,0.7252746686208783,-9.91555772528944,11.509501695434434,7.61753594537533
2886,0.7265422314602403,-9.761637135548455,11.623491267082855,7.601078774832975
2887,0.7267670879379021,-9.817882268869377,11.827733831411699,7.5889477418080995
2888,0.7260336164553892,-9.762207064055737,11.738543747670947,7.572192086831518
2889,0.7261470822290842,-9.697459316052752,11.573317080345156,7.637663654225069
2890,0.7259001340170614,-9.67549994954375,11.626044215188164,7.650651158364112
2891,0.7294058296165474,-9.340101126157478,11.557798042864546,7.668588152441607
2892,0.729283082817812,-9.472766078566442,11.488826765381397,7.715282121849408
2893,0.7286406808734935,-9.48342369855023,11.392393899984375,7.7756823020692245
2894,0.7286406808734935,-9.48342369855023,11.392393899984375,7.7756823020692245
2895,0.7293563474163951,-9.491747034030396,11.55641219294098,7.7976809707396715
2896,0.7325972958412719,-9.277840595242813,11.49632438725042,7.981138879610814
2897,0.7307095444366515,-9.471125118293592,11.431204064005064,7.9215732896475055
2898,0.731742373517245,-9.343547302790139,11.343377267731062,8.10492226796133
2899,0.7305891594851636,-9.450305669285571,11.28114338834773,7.985329736578823
2900,0.728670387368926,-9.587991446342063,11.249303361035514,7.816938750467425
2901,0.7288733942982483,-9.551688759629561,11.268798111175023,7.831638442196295
2902,0.7306158425012343,-9.285365284375782,11.3294179211698,7.810918956050051
2903,0.7299211588513699,-9.368440183076379,11.358541225629645,7.848851051011401
2904,0.7302402013748578,-9.434826996017799,11.401571050808725,7.955951905136266
2905,0.729908671037314,-9.560003575409448,11.653726248979632,7.902686239841138
2906,0.7299051661098817,-9.538353932240673,11.787483182394464,7.896055746962135
2907,0.7300014656474849,-9.49509483824526,11.931206925525666,7.748787364730147
2908,0.7302745269004058,-9.518138653348833,11.99763121116819,7.715255728927004
2909,0.7302745269004061,-9.518138653348833,11.99763121116819,7.715255728927004
2910,0.7291378452884448,-9.595500024347322,12.106448215945653,7.53157536841956
2911,0.7306204451959895,-9.428546559347648,12.151722184780096,7.353724012875221
2912,0.7302365049441004,-9.328955870525796,11.982627535653918,7.485587173671073
2913,0.7302365049441002,-9.328955870525796,11.982627535653918,7.485587173671073
2914,0.7292727358127361,-9.484804358974058,12.000562944397844,7.479954593359517
2915,0.7311678562446904,-9.37043860878072,11.897424194381694,7.530616975578857
2916,0.7301817008393959,-9.24773295041005,11.833729449214678,7.303844598091418
2917,0.730168423961923,-9.180896150054224,11.8426320286935,7.458395294658473
2918,0.730274623630022,-9.204421404751571,11.851057724619965,7.416926637889111
2919,0.7303751331994043,-9.237866631441738,11.728988092480293,7.523192968918527
2920,0.7294681224399507,-9.345721887412214,11.78542595957442,7.486899681507128
2921,0.729468122439951,-9.345721887412214,11.78542595957442,7.486899681507128
2922,0.7289091079362824,-9.49344680692552,12.030064788833762,7.528598376331897
2923,0.7292556437571472,-9.478107964320865,12.02508652251748,7.672732085119581
2924,0.729817698995141,-9.486736917377394,11.972913139824518,7.674384245492239
2925,0.7297381480787531,-9.481123987738119,12.017882883964292,7.698587546230242
2926,0.7293093863033837,-9.524692517744256,12.061583647029456,7.526932599793241
2927,0.7296844246125302,-9.49614025100565,12.039030014948434,7.546608325304585
2928,0.7295612200959591,-9.539200864937436,12.028384114610445,7.472088017054774
2929,0.7302158257303794,-9.409273668292164,12.078836060331017,7.431237283398709
2930,0.7256143501833487,-9.744740884015316,12.02627527320618,7.574325545750872
2931,0.7285918072807296,-9.616614510913607,12.083085801915175,7.728306720992079
2932,0.7293391320180441,-9.518833254994888,12.092337799297423,7.685868222826918
2933,0.7294911096443617,-9.392677741424478,12.017122222239532,7.557194931588833
2934,0.7293536085445402,-9.308120771476169,12.062183474693704,7.6312448827316866
2935,0.730956750083124,-9.204466972979953,12.014668017394259,7.6016068890882496
2936,0.7296071449148164,-9.30111368364058,11.902878342054324,7.606118010114603
2937,0.7293578095030906,-9.343339595919328,11.953676238457556,7.494522215304695
2938,0.7296597789295787,-9.379125309772189,11.955819249152118,7.438843334858811
2939,0.7294335834221696,-9.459262116756436,11.817544360314034,7.488706658503764
2940,0.7292233549364925,-9.522639726144178,11.78313425954874,7.397144275445682
2941,0.7299906193707866,-9.426677872882419,11.704614917923129,7.271842963742184
2942,0.7284430614388231,-9.412800517897672,11.63987335291138,7.389213916856326
2943,0.7308463873702253,-9.4125746682057,11.836165707308483,7.495686503544771
2944,0.7291903303870014,-9.49724696562749,11.743520022375836,7.414146994243484
2945,0.7290392317140997,-9.507705278557617,11.728496239596355,7.334098068357748
2946,0.7292327524232236,-9.483038115396973,11.61037897900323,7.327509679812269
2947,0.7292880202039191,-9.534720247609357,11.628594183293918,7.315278943018969
2948,0.729133910062287,-9.535187259462958,11.613088245773444,7.311496755692266
2949,0.7299203535950132,-9.487649601500662,11.54827308124402,7.164331960929202
2950,0.7300412631899753,-9.35879031438833,11.308679046634014,7.131092246063975
2951,0.7250058467134569,-9.726470254829099,11.25346051577821,7.284255392069546
2952,0.7312106297331953,-9.319119854560087,11.268634256970032,7.110873278971588
2953,0.7312106297331952,-9.319119854560087,11.268634256970032,7.110873278971588
2954,0.7312832103149229,-9.192474921995785,11.074765765257055,7.071192677584926
2955,0.7311883456777813,-9.267099031546408,11.068775149047047,7.114361190283426
2956,0.7249943609639855,-9.738103911222627,11.107864792233867,7.297486610261299
2957,0.7266291598395892,-9.604438285716709,10.924449346897186,7.393978299046724
2958,0.7290595973090145,-9.492285311949065,10.973669190957828,7.4441553016244075
2959,0.7287445488037653,-9.553808474445923,10.872225197291515,7.335334609969126
2960,0.7280868124404585,-9.54528855938249,10.956846832607054,7.377920346527781
2961,0.728852829147149,-9.457741971973233,11.14950546041101,7.230852931885642
2962,0.7295104050153141,-9.427149949676206,11.10263722540528,7.217480983945563
2963,0.7295104050153141,-9.427149949676206,11.10263722540528,7.217480983945563
2964,0.7304621617168796,-9.226381056985849,11.021843644842805,7.537713574320317
2965,0.7239850426123893,-9.744890022230093,10.985700247278926,7.540637840706278
2966,0.7240570714291981,-9.74921475229247,10.93492000199282,7.559595210122565
2967,0.7242239856845419,-9.72052576815688,11.074655863382661,7.572644080095971
2968,0.7243156593249155,-9.684568717247991,11.017065442109407,7.5802574707738675
2969,0.7247743259252397,-9.68291176206277,11.023524264883273,7.6869584102691375
2970,0.7248693098883104,-9.844399588272386,11.187942992782316,7.736796560580349
2971,0.7315468395521222,-9.392332374744456,11.140529098051724,7.687724984509713
2972,0.7315468395521222,-9.392332374744456,11.140529098051724,7.687724984509713
2973,0.7254270436822776,-9.760790021579963,11.199286699090852,7.642437229382879
2974,0.7250445519165402,-9.746376551642872,11.465388223524352,7.718349135517704
2975,0.7251108808348644,-9.743643670800873,11.345785583136482,7.6218901981232525
2976,0.725258880404955,-9.657048800328964,11.401372004046388,7.573254266405629
2977,0.7251021604652113,-9.677610597307588,11.549990840970727,7.535202238897392
2978,0.7253997711496883,-9.666235139332528,11.633258600647617,7.499212498618436
2979,0.7254561136602521,-9.650177220959758,11.687257683796998,7.54336873905791
2980,0.724222582893138,-9.745394589543187,11.632086754110828,7.590501177230863
2981,0.7238093886972946,-9.882998388933043,11.718712353755029,7.81236989469553
2982,0.7243436027088479,-9.886267013587982,11.71561658794786,7.832411454105353
2983,0.7243052733392438,-9.89782312017956,11.798762529898767,7.902605076506837
2984,0.725556734078564,-9.871848300426084,11.989576072786136,7.8861946793895505
2985,0.7245157944710842,-9.900373266667874,11.99810358178274,7.8125240513659895
2986,0.7245097767170877,-9.884374554518585,11.992885354763482,7.750150161718285
2987,0.722498805472422,-10.003751173889082,12.015464649831378,7.725478446245145
2988,0.721971857393421,-10.07874967058376,12.01186004090159,7.735626369162183
2989,0.7227117555655934,-10.067140421970977,11.818607960254283,7.636604870220603
2990,0.7220183754083335,-10.137818632589102,11.904851558549119,7.607066628671423
2991,0.72170881427942,-10.189202616933049,11.871118031106757,7.733420827506587
2992,0.7241250059707159,-9.990509057199672,11.963377867055598,7.796379949983333
2993,0.72655224000375,-9.634988510860373,11.895851333029675,7.7209476087952575
2994,0.7288412965674297,-9.472698619255159,11.886764847740746,7.685856248286967
2995,0.7288412965674296,-9.472698619255159,11.886764847740746,7.685856248286967
2996,0.722784437099621,-9.933126618904042,11.96700882976541,7.724045067934487
2997,0.7234319521257311,-9.914713720226368,11.818658489251161,7.748514234773839
2998,0.7233159355551171,-9.985986156716237,11.707652363035901,7.704429742120303
2999,0.7287342696037846,-9.531777450817504,11.755618795063818,7.843436014696046
3000,0.7300979722467784,-9.511844912628298,11.769226257716157,7.885088585171119
3001,0.729204780773372,-9.54190667894359,11.599410440279685,7.9869359471750245
3002,0.7298842646402262,-9.501165221169359,11.667157680326076,8.057660921149052
3003,0.7298842646402262,-9.501165221169359,11.667157680326076,8.057660921149052
3004,0.729884264640226,-9.501165221169359,11.667157680326076,8.057660921149052
3005,0.7284923998200958,-9.581928052328808,11.814032870220778,7.945472746492161
3006,0.7281035066407027,-9.543551275979224,11.851455132614802,7.9533694303399844
3007,0.7312046900507552,-9.487953299940994,11.826963285172319,8.129265242403191
3008,0.7299376883109812,-9.595147839272368,11.992380054043593,7.992081043384783
3009,0.7292056226609794,-9.537335483291184,12.008612789857949,7.995301973075801
3010,0.7292056226609794,-9.537335483291184,12.008612789857949,7.995301973075801
3011,0.7298322644474251,-9.535382154582209,11.920650361120043,8.010640032766407
3012,0.7269024649261221,-9.735773416247262,11.905700343586542,7.924594377142533
3013,0.7278569184871351,-9.645831104693217,11.96370612287819,7.859717093675242
3014,0.7314274674856565,-9.50590423291861,12.087478821031565,7.96603240157405
3015,0.7274490262699468,-9.846806700484443,12.072345254080593,7.913087509879076
3016,0.7305590662781584,-9.577510444715763,11.970438023545396,7.727303622288893
3017,0.7303816464741694,-9.566657022686513,11.963623336442195,7.827999270424544
3018,0.7313250236170973,-9.509853283441814,11.979559333616082,7.797723272205089
3019,0.7304463569997776,-9.564261920321421,11.983802433074397,7.762490486871429
3020,0.7302384708468961,-9.56980606692235,11.96263641782436,7.763673738695153
3021,0.7298353581858776,-9.671025993187516,11.92825343407292,7.868643275231291
3022,0.7319025387460113,-9.6767267426901,12.056830827968756,7.972502197935753
3023,0.7296262992594329,-9.910660592628249,12.187149237740542,7.921404391584139
3024,0.7296262992594328,-9.910660592628249,12.187149237740542,7.921404391584139
3025,0.731479849441583,-9.74695369144684,12.11488238918505,7.970287346207109
3026,0.7318268859360315,-9.798534904846594,12.006567366579478,8.032800722999971
3027,0.7318190078714334,-9.870315585954389,12.04915062747001,8.069287665760713
3028,0.729163123509377,-9.982883925448883,12.113372356415256,7.951450337874635
3029,0.7299793635010183,-10.056097371923055,12.12505297313981,8.024409912918928
3030,0.7300833911001113,-9.905670705420022,12.021938885148778,8.15380984685784
3031,0.7305807276725459,-9.975049944476904,12.066546695304318,8.159876694937115
3032,0.7315309709745443,-9.9746651873443,12.147412351562933,8.248613855985429
3033,0.7312279162920793,-10.087884609351766,12.134506189000195,8.403041210635674
3034,0.7297917942705207,-10.13723605159964,12.158765181124503,8.349673134726375
3035,0.7292920696948435,-10.099247451436645,12.074137582673758,8.43966396964078
3036,0.7297607831624553,-9.980162051742607,12.09983956786338,8.401414796494077
3037,0.7301957151560688,-10.003955095238055,12.283481557381505,8.290310965071512
3038,0.7294315454030044,-10.123033661584316,12.376552792036955,8.330605923398808
3039,0.729473001913116,-10.077421440441988,12.151247195273484,8.513246426793348
3040,0.7301890786912771,-9.96546499124254,12.099592915212236,8.47966738180321
3041,0.7294263828275629,-10.013604203347693,12.06583799067463,8.474696304333346
3042,0.730608432897601,-10.029287233376746,12.113659156841523,8.313655917842729
3043,0.7324101590851269,-9.914879183155998,12.136522512440015,8.210823762790557
3044,0.7324942217715291,-9.931333760650148,12.221410278718176,8.152409182196179
3045,0.7319325648489419,-9.766312855070916,12.378112015977933,8.076976822662818
3046,0.7320205524350215,-9.713889817261931,12.352230497661605,8.054907984929795
3047,0.7321652379017918,-9.58441860819104,12.15144651535967,8.021479767583621
3048,0.7323200548194205,-9.586658564656528,12.025269716879718,8.151382853888572
3049,0.7323195353781022,-9.593731334673416,12.077233635074391,8.199955105037237
3050,0.7322308860149385,-9.549546290427978,11.947677407023445,8.31863402294046
3051,0.7322815105257844,-9.495296354192387,12.056946140329593,8.429056656015003
3052,0.7319806496793371,-9.493168058410333,12.147405767318507,8.374703257242144
3053,0.7324858642674213,-9.445623499112449,11.966505483877064,8.42164287276514
3054,0.732036784728801,-9.47631090698131,11.81520045135833,8.463243377530516
3055,0.7321927187333365,-9.564342706515093,11.757366993202249,8.504176104791135
3056,0.7332305269198479,-9.500091065376303,11.764977496997771,8.493158012621587
3057,0.7317759828020988,-9.6660797529768,11.816603270388944,8.68081738693845
3058,0.7322815429344566,-9.656516348818716,11.742702239133132,8.682619888519639
3059,0.7324582200518549,-9.708300874922205,11.669069864995338,8.696700518856172
3060,0.7326176102127865,-9.608104368700841,11.826165983550737,8.518054780123723
3061,0.7327889025515557,-9.689888741301221,11.839424520555584,8.396833686622218
3062,0.732529000199923,-9.792135048543733,11.795460053948393,8.321619616551398
3063,0.732529000199923,-9.792135048543733,11.795460053948393,8.321619616551398
3064,0.7323375522239318,-9.846645466713952,11.888114997931352,8.36733213444663
3065,0.732337552223932,-9.787993544439724,12.022618527538173,8.425434914609273
3066,0.732337887744551,-9.82270703390082,12.016984237160731,8.482337881712414
3067,0.7322999307560736,-9.760284640534557,12.074168926415838,8.51380422462847
3068,0.7301378567228972,-9.91013723808627,12.055959638241125,8.741704019059556
3069,0.7307961973961358,-9.954314459816825,12.075011954665012,8.868533304523035
3070,0.7307961973961357,-10.052463366629265,12.172638314123144,8.889589987120424
3071,0.729270196520716,-10.124823187182301,12.086965097140165,8.851088531981942
3072,0.7304059371741719,-10.129033470946068,12.168795822225828,8.949839438971935
3073,0.730438636367123,-10.069043768662041,12.21285059086026,8.845677798144663
3074,0.7301547319433079,-10.101449947898216,12.15173180989783,8.95036930021608
3075,0.7297653350767461,-10.161776610015606,12.271914029738781,9.021383153431698
3076,0.7298159595875925,-10.264328926212839,12.180709003935894,9.089955434586123
3077,0.7296586688677529,-10.312618443817062,12.090214782154185,9.249002006601895
3078,0.7297696789188616,-10.469262880481313,12.219481741732912,9.516309616551952
3079,0.7293614480464573,-10.506559030138078,12.291155811866727,9.523849590470766
3080,0.7295136679525583,-10.518408465789117,12.33452765036916,9.520992852740685
3081,0.7295612142407069,-10.555613451978141,12.402768496522977,9.572890232323445
3082,0.7295612142407069,-10.555613451978141,12.402768496522977,9.572890232323445
3083,0.7295969479884058,-10.501817480712596,12.197782082424101,9.63556114557737
3084,0.7297044389917522,-10.716134743666117,12.316645784319796,9.841568160038676
3085,0.7297044389917523,-10.716134743666117,12.316645784319796,9.841568160038676
3086,0.7298200412956216,-10.68146338937825,12.159855759282626,9.737574106364537
3087,0.7309326155624648,-10.69414732380104,12.15297580533545,9.79299794790822
3088,0.7311564174965551,-10.717437537730042,12.18420038920789,9.805182243225696
3089,0.7307463068473182,-10.753355396719188,12.164647503133846,9.912106556482485
3090,0.7304796824006795,-10.774264263893349,12.10100485847584,9.96117472375888
3091,0.731059154468565,-10.830616673687134,12.033808760312855,10.010095252361145
3092,0.731059154468565,-10.830616673687134,12.033808760312855,10.010095252361145
3093,0.7312122519160734,-10.831862206587626,12.16683235022391,10.109291203757612
3094,0.7312122519160734,-10.841306743727241,11.90295952470789,10.22087347341505
3095,0.7312122519160734,-10.815503482867166,11.949263595811187,10.051072296042147
3096,0.7312502089045512,-10.881002023177967,11.967435507915235,10.12892422871585
3097,0.7306344547666915,-10.997729028051335,11.906031721316651,10.095130874723997
3098,0.7306344547666914,-10.997729028051335,11.906031721316651,10.095130874723997
3099,0.7299179415922804,-10.971010848455672,11.8588774523709,9.851956827636311
3100,0.7321517546119215,-10.8527399645005,11.847556016279677,9.817017015747986
3101,0.7321517546119217,-10.796180878906451,11.824700890582436,9.819150870612518
3102,0.7298977587257877,-10.856619968940622,11.603310740430842,9.875047912941202
3103,0.7322148753649013,-10.67271008117145,11.584342339051815,9.67520505221115
3104,0.7326942859604265,-10.536607584564944,11.693497113247322,9.58650553754296
3105,0.7334020665027144,-10.490198058886282,11.717923626991514,9.458742302026115
3106,0.7331227590440204,-10.452447811841846,11.7522947679207,9.2915786488819
3107,0.7337032457327821,-10.29403670132927,11.668870793530305,9.168838824402753
3108,0.7330967951459292,-10.318822509074064,11.58571955228771,9.24542069714884
3109,0.7308945880551668,-10.427462434053766,11.524922151621155,9.196208615674003
3110,0.7304144202084575,-10.517588460705307,11.494446748179962,9.242457881131202
3111,0.7304144202084574,-10.517588460705307,11.494446748179962,9.242457881131202
3112,0.7311878100611046,-10.338287438298044,11.503985597093005,9.21135625640132
3113,0.7307661421131352,-10.290765127897066,11.52417145337498,9.334858552461602
3114,0.7310096542503803,-10.15530831685697,11.31231525472777,9.389913734454055
3115,0.7303028548611076,-10.224623491844206,11.302217154613484,9.317395881104082
3116,0.733135294463087,-10.070310887268707,11.19955894687367,9.114383962069025
3117,0.7325455551877552,-10.231009831038897,11.354214339996107,9.12321973579646
3118,0.7325455551877552,-10.231009831038897,11.354214339996107,9.12321973579646
3119,0.732414842691023,-10.326189919510123,11.466967274283277,9.337043386973951
3120,0.7325713749312154,-10.467078955914472,11.280965358106837,9.429931315357981
3121,0.732759561983287,-10.35072794810621,11.393083384480029,9.425044262375195
3122,0.7331345387510739,-10.407217298835238,11.64682709869672,9.49842560348239
3123,0.7331615837497908,-10.426600129967156,11.596277984881132,9.30880597769996
3124,0.733022184048968,-10.444984311595867,11.71525014462055,9.31139943415652
3125,0.7327661034192876,-10.401413465123214,11.563444724681963,9.173327374096058
3126,0.7335317944977454,-10.337542967744643,11.586716507432463,9.237154833083453
3127,0.7328443172545432,-10.394135274279584,11.57125810188841,9.320304904986077
3128,0.7306739749928505,-10.518938246267254,11.692359554170872,9.225313165078163
3129,0.7307841578734382,-10.57662429042424,11.667385481960737,9.135604932573541
3130,0.7310596247188175,-10.724294321317256,11.796267266555667,9.179440047451456
3131,0.7331541839435182,-10.575798158482232,11.659367150384416,9.274987515105213
3132,0.7326687643746954,-10.657212095653966,11.480492417518192,9.557247340727107
3133,0.7322928080922659,-10.514326949235215,11.308284448654591,9.603383643907499
3134,0.7322928080922659,-10.474227713754273,11.22818746699517,9.67499179660357
3135,0.7328671761663036,-10.412694995656683,11.135767033539858,9.745372561533705
3136,0.7298889926516825,-10.705026650845882,11.17845285698375,9.695999177953778
3137,0.7298961881293305,-10.70043901116076,11.17234852738342,9.725006548293809
3138,0.7301294826547832,-10.86526616184042,11.23885483588584,9.880140583165229
3139,0.7304242097832674,-10.967058883018819,11.389330506453133,9.801377116211198
3140,0.7310765291071415,-10.835273624499088,11.28915217953323,9.768394684087673
3141,0.7304373223552493,-10.98863981075075,11.429802626989751,9.626441569969431
3142,0.7311187655323705,-11.073826006702008,11.351521499712705,9.568952328114
3143,0.7315755394617662,-10.976182313917942,11.326350933877022,9.421045346319351
3144,0.7315755394617661,-10.976182313917942,11.326350933877022,9.421045346319351
3145,0.7315755394617661,-10.976182313917942,11.326350933877022,9.421045346319351
3146,0.7313601151003398,-11.075115171397183,11.42634369854529,9.414007927887003
3147,0.731516844752957,-11.079206124936555,11.672955079800408,9.340152248573707
3148,0.7312757205605166,-11.038805621712761,11.775946868221771,9.485604504673752
3149,0.7310327357644198,-11.188372980577682,11.851445735018835,9.59761835262938
3150,0.7308159602014539,-11.024384455398756,11.772623885635227,9.423499030820194
3151,0.7315415923964508,-10.89224419919702,11.76037646952439,9.305823454648447
3152,0.7332623600141918,-10.855279744855018,11.861203570083514,9.346207549127008
3153,0.7335089935485627,-10.90263986530193,11.76298542244942,9.352840928410167
3154,0.7316338777673688,-11.11206762958361,11.722707759740196,9.304705808324176
3155,0.734114976562763,-10.967379103951549,11.722110804214752,9.077627828873766
3156,0.7348151180441932,-11.09206988252868,11.692170564947839,9.162846623584844
3157,0.734004636380153,-11.207761271454633,11.888087281112035,9.09154898909628
3158,0.7367142974917961,-10.965457072459944,11.870572993719607,9.046602660195154
3159,0.7367142974917961,-10.965457072459944,11.870572993719607,9.046602660195154
3160,0.7367142974917961,-10.979853236732229,11.960767876189795,9.099241792739603
3161,0.7369017715555597,-10.933175452064823,11.981283289547097,9.121493659713325
3162,0.7362767977388478,-11.071467964724206,11.909834377305751,8.916426379868438
3163,0.7359565402913225,-11.118769961123476,11.800605435340998,9.176500698731225
3164,0.7355365947219967,-11.326671371478152,11.816850922668891,9.22843299252906
3165,0.733734234574949,-11.448680625538724,11.814490965153988,9.25317478541844
3166,0.7341165257889287,-11.538087032981862,11.945039795517237,9.280533394049725
3167,0.7340594569577346,-11.626211904510166,11.875659240240536,9.300449959696364
3168,0.7349380450592646,-11.760255128313096,11.721144777743062,9.437924095512512
3169,0.735693335164347,-12.005439777484233,11.790025877824561,9.558880902281638
3170,0.734235156484783,-12.230563242398052,11.771862312451903,9.509304308306973
3171,0.7350445442738366,-12.005343936228792,11.634263643369113,9.517766279790232
3172,0.7354683476995303,-12.032585436431381,11.543879089335466,9.614429425537006
3173,0.7350230899532301,-11.924059884934604,11.599124164023866,9.531427480475429
3174,0.736992506383221,-11.729927818689763,11.803102517856368,9.63692619527337
3175,0.7352840202367027,-11.826502647675028,11.881207403401916,9.353514953722458
3176,0.735367151229405,-11.882570343613487,11.903167028977213,9.231581273993147
3177,0.7370607521713823,-11.886770821356567,11.979270206066708,9.308784019775954
3178,0.7369461082847485,-12.052458336500308,11.909695292172023,9.475098782450408
3179,0.7371119894492444,-12.08528008866918,11.829663519301931,9.433770236856539
3180,0.7370065447526312,-11.94020123070074,11.862728286891898,9.489272358937479
3181,0.7368379688858241,-11.883019063968327,11.980587202225493,9.339537137517244
3182,0.7368622700617395,-11.859345485796242,12.023145902953207,9.188629997661273
3183,0.7372103661638568,-11.966142481148749,12.10145762440656,9.216238010657477
3184,0.7380901431371536,-11.862129990310901,12.11888096243631,9.177471046845588
3185,0.7380901431371536,-11.862129990310901,12.11888096243631,9.177471046845588
3186,0.7350867566812661,-12.085253657478756,12.158590498147328,9.28516321907765
3187,0.7348782320223853,-12.197565850322754,12.258016554940701,9.281988102471098
3188,0.734545069024688,-12.17848968052797,12.297498840755532,9.426532904908152
3189,0.7359510674216142,-12.20010117241732,12.255716646472775,9.573185387708751
3190,0.7350806545747757,-12.177659248339292,12.445444378595273,9.547861181913829
3191,0.7338081578924539,-12.259892694510821,12.35627097221032,9.408762206639658
3192,0.7352854803446849,-12.18344544299449,12.217436747446767,9.529677209520303
3193,0.7350536262491533,-12.23271663298887,12.31175780399149,9.566671946139966
3194,0.735076853863972,-12.331307560732098,12.394394897539541,9.654592457176726
3195,0.7370022736456641,-12.21170053657124,12.385766481619333,9.646826203222238
3196,0.73681817526254,-12.315460439852371,12.475353017248914,9.717805917632038
3197,0.7368800819917769,-12.357424095806758,12.372313930011712,9.793387003713063
3198,0.7368256448492333,-12.404094832343159,12.436658175570846,9.923582657660667
3199,0.7369606204556548,-12.37593530640555,12.48906411280533,9.850862759808082
3200,0.7369606204556548,-12.480775620397955,12.415761675568612,9.996968829187624
3201,0.7369606204556549,-12.480775620397955,12.415761675568612,9.996968829187624
3202,0.7366818347169998,-12.411201274806483,12.313409245636048,9.96311337018901
3203,0.7360743123816432,-12.391715430941407,12.272749728083632,9.872649098704256
3204,0.7343022132727586,-12.453382973911562,12.174066029628024,9.765501464407695
3205,0.7341634409973885,-12.42305469512202,12.20632495346301,9.704714358336236
3206,0.7340297933125636,-12.373844964369951,12.21452357281445,9.728128619204353
3207,0.7342726935406605,-12.422429320860193,12.126791153301026,9.734741466757137
3208,0.7323015858814008,-12.615481534051057,12.196124283225188,9.643443830043402
3209,0.731979751994062,-12.718482964015838,12.29026892752988,9.710779730669312
3210,0.7325403152138636,-12.770529867306106,12.295183222389621,9.715719628821303
3211,0.7325618197944838,-12.799407377528661,12.206510881363151,9.796938373611132
3212,0.7326108161762989,-12.870786406327063,12.383469090195042,9.707936935761586
3213,0.7325403152138634,-12.834877648954354,12.456740566637782,9.697627032687352
3214,0.7326797909220246,-12.843538442125325,12.276267853854105,9.67339620298325
3215,0.732701295502645,-12.749820216451186,12.180376796823737,9.660500186250692
3216,0.7322947208854769,-12.924580713870775,12.23587737132197,9.677775700906858
3217,0.7327932352777302,-12.871095836269726,12.137982105051979,9.830942747545695
3218,0.7322058691539545,-12.852419536821667,12.065781347047821,9.831570351695342
3219,0.7313841921898595,-12.933671663828346,12.068081524688488,10.08781216191784
3220,0.7314348167007056,-13.045512942691987,12.155281413017951,10.126733186138718
3221,0.731505317663141,-13.044420555896323,12.101599584233695,10.169242839031819
3222,0.7300852569772369,-12.995664822565134,12.151753363388899,10.00574409787774
3223,0.7300852569772368,-12.995664822565134,12.151753363388899,10.00574409787774
3224,0.7307542262370703,-12.873471678519229,12.015676860900149,9.907158382764615
3225,0.7305122541750102,-12.806852920536347,11.891267528926909,9.822616123507272
3226,0.7308160149259904,-12.775621469762783,12.054613598422138,9.54419528581262
3227,0.73079451034537,-12.785746014252634,11.87478596166451,9.523742716549977
3228,0.7308724533164658,-12.697299110901168,11.855362917729586,9.631440154792477
3229,0.7314100416630347,-12.700082457492641,11.885580430751887,9.675745398832616
3230,0.731460666173881,-12.864367626252731,12.220440767323513,9.7783813646712
3231,0.7314424996383091,-12.92105799468748,12.230541724160988,9.953782692343815
3232,0.7313841921898593,-12.961163295772856,12.172622536937586,9.932134542452582
3233,0.7313841921898595,-12.817751838381291,12.048432833710002,9.848204268144938
3234,0.7316940987211665,-12.647833272144098,11.996455618254776,9.915352924425902
3235,0.7311960873682427,-12.728216743957969,11.832517128846293,10.028931038813775
3236,0.7315019414698947,-12.6744163704479,11.777277107070997,9.912002299021307
3237,0.7311886177815493,-12.860700300961305,11.710624840983114,9.954380275762327
3238,0.7311379932707032,-12.895787352404248,11.731345010813465,10.003722579082073
3239,0.7332365388020775,-12.744989044384187,11.833783083906178,9.969189349531796
3240,0.7328752228430345,-12.805473636997991,11.750798331854245,10.034307384223206
3241,0.7331859142912313,-12.69210820782593,11.746237357410418,10.018580753358222
3242,0.7332365388020776,-12.558641135164837,11.696082101381121,9.943513769879775
3243,0.731058266542789,-12.667731111075742,11.643995503880143,9.956284620416765
3244,0.7306828580061189,-12.471259670538657,11.585197821876607,9.95022730010908
3245,0.7307841872545571,-12.409824350591984,11.737315559724513,9.898725881384378
3246,0.7331693351400799,-12.273764766414168,11.831262058225166,10.045295587029388
3247,0.7299589980619169,-12.64839792852483,11.920913523591569,10.086331542358492
3248,0.7330118150917893,-12.354622812705918,11.986406002333585,9.98431768910542
3249,0.7334788457343625,-12.422653894910262,12.052656489589937,10.035998822591784
3250,0.7336172029864548,-12.235969049710551,12.131638944498636,9.895355697054772
3251,0.7337566786946159,-12.319974584102278,12.049432908654678,10.05462312118472
3252,0.7337566786946157,-12.27898773528165,12.101974969801942,9.96812572599821
3253,0.7337566786946159,-12.264496650123805,12.041815778753318,9.848976885697418
3254,0.7343914433667902,-12.186272533459032,11.951319586822091,9.875863141536128
3255,0.7345981788388501,-12.226039473003254,12.111263277273443,9.845124896339966
3256,0.7322227214718308,-12.537999521918632,12.243353297937622,9.698589487640461
3257,0.732034412833438,-12.528312747105087,12.295762613194743,9.701708733338153
3258,0.7316039195092254,-12.59772884676432,12.22617810190812,9.749804710081504
3259,0.7324930200365677,-12.627438879043714,12.269098386222744,9.684881374283325
3260,0.7346530663302379,-12.344237910437622,12.055323705558004,9.696264061014801
3261,0.7346541736196511,-12.284717874652175,12.226784434790167,9.603004270218747
3262,0.7338510778536491,-12.146809963823978,12.086181315073743,9.558436682212491
3263,0.7348019971909977,-12.073856044604517,12.11608322313692,9.527766904249226
3264,0.7348268247503312,-11.899509733762864,12.029210166778853,9.493881140239344
3265,0.7348406041838695,-11.898554167620418,12.14318777767521,9.444512136284063
3266,0.7348299016114482,-11.871430579143802,12.410126384850887,9.475901100304213
3267,0.7348299016114483,-11.871430579143802,12.410126384850887,9.475901100304213
3268,0.7347057128907116,-12.123730904456362,12.468820305866478,9.42741675613804
3269,0.7325064049686999,-12.225307924767494,12.567953127709824,9.297611454864224
3270,0.7324554526433017,-12.251639923517441,12.614757666253071,9.332212119997365
3271,0.7342305559865181,-12.05234960795071,12.659900657553436,9.384820179796955
3272,0.7345089592835694,-12.181423156405716,12.737439452855927,9.524030584162656
3273,0.7345003479981803,-12.395754338444018,12.861717449359594,9.542290600125522
3274,0.7346332922502145,-12.23886060481631,12.765781282733936,9.533418679487404
3275,0.7347281945450196,-12.08985238158588,12.54374454822607,9.695199193535151
3276,0.7361485078962425,-11.911128506069364,12.639134585552187,9.705186725209515
3277,0.7346839183980224,-11.780364824071919,12.678343474023604,9.610735568555322
3278,0.7363842590058456,-11.833758608464745,12.679393009783208,9.62433188422503
3279,0.7346639702086986,-12.077744006239563,12.655233885008803,9.860466594777762
3280,0.7346898196818737,-11.976429027869498,12.726569190696745,9.692352898049991
3281,0.7347559690485646,-12.055024387217747,12.660320258092975,9.858428629186637
3282,0.7348889133005988,-12.025338058588224,12.61216742931258,9.816342997732267
3283,0.7350620808048361,-11.918128144564259,12.599704001119855,9.91317286007227
3284,0.7345310259566642,-11.985835589101752,12.541882873521857,10.077000039819673
3285,0.7346580689248472,-11.919335211123311,12.495468688242715,10.087849050929158
3286,0.7346639702086983,-11.9586363529023,12.633703689844932,10.099334596206868
3287,0.7349023948405211,-11.95778745199048,12.593593192108365,9.916734155169564
3288,0.7348889133005989,-11.917828516823246,12.754647411556288,9.860830599617374
3289,0.7326673585911871,-11.878036644489686,12.67667425245076,9.804681475847506
3290,0.7326828591934251,-12.041648314625766,12.786754771511754,9.78872461246835
3291,0.7328022250519116,-12.132959697591254,12.947221011267601,9.716039325650335
3292,0.7328022250519116,-12.032690728803281,12.863208564672355,9.705589597075178
3293,0.7334200617692312,-11.956270072158091,12.838476316852269,9.783543905051975
3294,0.7328767347685641,-11.876384390254602,12.724596353496699,9.661751760392345
3295,0.7350019667995908,-11.77116502441022,12.806077111386465,9.61964408450964
3296,0.7349701439072537,-11.936450928326789,13.066399207638604,9.533373355999215
3297,0.7353601430387894,-11.745306884472308,13.007385105745175,9.389377914232018
3298,0.7355791522619476,-11.70691171339238,13.005776717905619,9.32618244937938
3299,0.7351474804374041,-11.718657381642997,13.000743461499678,9.335051631619143
3300,0.7354039587753073,-11.562446033248968,12.77839512642408,9.378257486816596
3301,0.7352730643860232,-11.544437147537206,12.794411847615388,9.28973960263728
3302,0.7347683358627646,-11.649047844036538,12.784391448698043,9.286115352249873
3303,0.7346367403702059,-11.810901721515437,13.00910032298595,9.524635389501453
3304,0.7340968063627247,-11.781018218289077,13.00522353460232,9.529693882190596
3305,0.7349825231232372,-11.44250135915246,12.84003369822952,9.411772332468479
3306,0.7352392594585045,-11.620821050412989,12.87002451059402,9.367482020180438
3307,0.7346568448408284,-11.682239215542532,12.897426591388689,9.377574439285976
3308,0.7347920755530345,-11.682428287041851,12.973634727993181,9.375396169038558
3309,0.7336992357897966,-11.667281065437399,12.955023125338712,9.400727514766366
3310,0.7336992357897965,-11.635594307878003,12.939389625837652,9.385349346993232
3311,0.7338687241340365,-11.56092923248258,12.98698408556304,9.317252661959614
3312,0.7347920755530344,-11.649394710012576,13.036822585734315,9.412205064691712
3313,0.7347920755530344,-11.649394710012576,13.036822585734315,9.412205064691712
3314,0.7347920755530345,-11.492102712454011,13.039310680181684,9.367559817201734
3315,0.7347313697516458,-11.420825858998022,12.928312520470481,9.39328671315258
3316,0.7347313697516459,-11.32040810199807,12.801038076296203,9.506739676277547
3317,0.7337599415911851,-11.41176012121461,12.96292488012714,9.37721433895916
3318,0.7341067675550195,-11.472981567560495,12.970203871819374,9.390990890398944
3319,0.7340586154955797,-11.479114015605905,12.856104107517845,9.356604555706895
3320,0.7340586154955795,-11.479114015605905,12.856104107517845,9.356604555706895
3321,0.7336247108789793,-11.38541416854514,12.747740599414554,9.295267799591583
3322,0.7334110178454446,-11.398143305269485,12.810718600195504,9.340701449896102
3323,0.7336728629384193,-11.213699156286015,12.678361873615819,9.320754571588736
3324,0.733672862938419,-11.272638641979835,12.791415343131852,9.383366821388805
3325,0.7338854532097429,-11.274419197602734,12.72202081310349,9.32034128452596
3326,0.7345227382122692,-11.289090959207162,12.595509901801908,9.321526591291978
3327,0.7347049969002684,-11.120645159528856,12.615484995830792,9.110413628701172
3328,0.7336728629384193,-11.077797450959356,12.42856883168351,8.999890770377636
3329,0.7337393121702523,-11.144036091812353,12.482967284817986,9.006398677187434
3330,0.7334385404839516,-11.299874875300045,12.481235381740328,8.952928984230192
3331,0.7324527891786028,-11.396326429655176,12.524029662164168,9.00892618136744
3332,0.7324856345266776,-11.403831832592882,12.342166545559946,9.025678360069138
3333,0.7324856345266778,-11.439485635483221,12.150292702870578,9.084152013401617
3334,0.7335339494448355,-11.446757785528252,12.257769826664333,9.189544915403893
3335,0.7335177684885269,-11.571186166095599,12.42513930292092,9.467675362440719
3336,0.7335049732934306,-11.435246151006314,12.308123909028867,9.43614924204847
3337,0.733384495415943,-11.444599599393598,12.37618451779083,9.578276689948305
3338,0.7339477479411519,-11.359287464970238,12.337167926700761,9.553200639862556
3339,0.7358312386069863,-11.530552040509058,12.451091345332241,9.522366465418662
3340,0.7361862268977744,-11.526608839496078,12.438031048881685,9.709140410055115
3341,0.7361862268977742,-11.587036355795947,12.439192677068528,9.819524977325386
3342,0.7341565856857807,-11.73203754778823,12.568422308793721,9.84425919687606
3343,0.7362353561016532,-11.46220120731846,12.648449277209357,9.90643870737114
3344,0.7360764098570007,-11.420790077878461,12.526744893034095,9.945502985777662
3345,0.7341237403377058,-11.538593209870253,12.516794266929258,9.924150597804086
3346,0.734048248987757,-11.519343442908173,12.363424346003116,10.101526371753758
3347,0.7324877207738962,-11.557560559416974,12.295599527518924,10.072841647279722
3348,0.7321054106697538,-11.524478985750253,12.22393513621008,10.030541633766347
3349,0.735364852053599,-11.355693267755065,12.093686984769677,9.869623490282374
3350,0.7298009928321294,-11.662630124219504,12.056428142913965,9.975143149246119
3351,0.7325554063138328,-11.589919555744533,12.084910951810956,9.910036369618723
3352,0.7296971016662416,-11.782374353684418,12.079317502629975,9.991859645999957
3353,0.7318312748305308,-11.614808378239697,12.0209540164453,10.011231627997917
3354,0.732173803431516,-11.75309313889689,12.151222693775619,10.011846502828815
3355,0.7326577391729655,-11.74217659647551,12.104586055483576,10.086117843603015
3356,0.7333032435924433,-11.75172836329777,12.201411387530152,10.154747642858505
3357,0.733001431701024,-11.763215369491878,12.352810342513758,9.986564904418287
3358,0.7364646005563003,-11.501211459047301,12.257683540188548,9.881996540655301
3359,0.7334429476103795,-11.7954753422936,12.227329876607666,9.904803952755959
3360,0.7350049634244137,-11.617698574937348,12.158022271862901,9.700014657705207
3361,0.7323944396689809,-11.668454220391475,12.177701716205675,9.762326999358184
3362,0.7323944396689809,-11.668454220391475,12.177701716205675,9.762326999358184
3363,0.7349427015494119,-11.592756679739315,12.276105041419092,9.572128377134797
3364,0.734048248987757,-11.541440277097916,12.101526567971156,9.644857346118318
3365,0.7334077169845915,-11.677530688153956,12.0902202839308,9.788410348744106
3366,0.733549872665473,-11.629435462469093,12.07123533328142,9.733857577787369
3367,0.7331164790217689,-11.674929325106813,12.112980974322735,9.684489565888
3368,0.7324999545390587,-11.713592471274435,12.018163103108595,9.597594129952192
3369,0.7330161150259078,-11.603001967806748,11.943330679236603,9.712445480023078
3370,0.7330804466718974,-11.751500388202768,11.817233347575376,9.689324265613958
3371,0.7323776527937302,-11.729343898712234,11.75872981864029,9.659678259797154
3372,0.7350688751003085,-11.558489737261052,11.750678818606028,9.703154236749882
3373,0.7349755468974868,-11.654981545372795,11.734474599831893,9.57887911171448
3374,0.7349731698811869,-11.637602430137482,11.794288128595905,9.488686038042752
3375,0.7350089738858436,-11.587604216805376,11.874750042686406,9.39777045184574
3376,0.7349427015494118,-11.477600956618897,11.870833024027704,9.382367501033098
3377,0.7349427015494117,-11.477600956618897,11.870833024027704,9.382367501033098
3378,0.7350049634244136,-11.481867916010899,11.784311380821432,9.303599420851796
3379,0.7350378087724887,-11.429544244899928,11.776554229737423,9.345767284264133
3380,0.7350093173123305,-11.395901167612022,11.721531648697017,9.421227946460041
3381,0.7347507920041371,-11.368168927202992,11.6662352323042,9.334847451458183
3382,0.7348306828784109,-11.291516782863248,11.692512168700471,9.176809943448887
3383,0.735635884608923,-11.041827593804156,11.632511346046421,9.248212878314371
3384,0.7357087055546162,-11.033728989632998,11.670060368894708,9.373521598369237
3385,0.7357087055546161,-11.033728989632998,11.670060368894708,9.373521598369237
3386,0.7357401399001515,-11.043731313629761,11.827034003833168,9.146821401023322
3387,0.7359621295429302,-11.028361307802042,11.871781173861303,9.274400809258788
3388,0.7364770560299279,-10.879014477295012,11.92516083029637,9.333394926408788
3389,0.7364280173036616,-10.891706901303479,11.993076640685059,9.386544164419368
3390,0.736619692103579,-10.836002720214351,11.95871740134756,9.389769506042711
3391,0.7366347484002256,-10.87892236631044,12.05503908795718,9.40635572257664
3392,0.7360963610358894,-10.88675186610088,12.015632641862167,9.239882661860252
3393,0.7362598172025578,-10.787332790673403,12.092041973463981,9.055686490645867
3394,0.7358460427485745,-10.621556964837868,11.967674028751896,9.093740968579937
3395,0.7354568081645472,-10.677800297366389,12.080881042008059,9.129532633665246
3396,0.7354568081645472,-10.677800297366389,12.080881042008059,9.129532633665246
3397,0.7354568081645473,-10.677800297366389,12.080881042008059,9.129532633665246
3398,0.7353059409893488,-10.691641343861356,12.030286344370518,9.146203001939476
3399,0.7349734064832113,-10.65047168629559,12.032369806914105,9.214085503536216
3400,0.7357905173055147,-10.730091918430666,12.053459828459788,9.392855795344211
3401,0.7357905173055147,-10.746621940697814,12.110463721032033,9.239156652511136
3402,0.7357810799303484,-10.85296523610999,12.209406627253475,9.159624382766676
3403,0.7358074527817254,-10.82403255429491,12.148776443548854,9.366996239924008
3404,0.7359034863484668,-10.940743064734775,12.288219924265823,9.375048128338141
3405,0.7361426588461242,-10.848056509495269,12.29443503344266,9.304908503968214
3406,0.736563025705753,-10.867912194807658,12.217023288556618,9.452845676258029
3407,0.7367795341388417,-10.82341987124934,12.481230266601708,9.364039544058489
3408,0.7370850998225243,-10.905422300193335,12.675750500506632,9.367556392244568
3409,0.7365283061561141,-10.95192285939157,12.689549914806237,9.389250522469695
3410,0.7367360677742405,-10.856704425349966,12.835861517043117,9.265670892179209
3411,0.73678457512588,-10.885934233219604,12.846717646391719,9.234003854844568
3412,0.735722514199953,-10.887696837604858,12.616049631453457,9.313319881717998
3413,0.7358187422914513,-10.975593054497878,12.653162230891727,9.516920913505345
3414,0.7366730019230655,-10.914370281234127,12.688294980064938,9.54847370121125
3415,0.7372025367356283,-10.747311565055362,12.672639466599405,9.654735440498982
3416,0.7378562438052186,-10.710181192858753,12.706403445281074,9.677153622464822
3417,0.7377713588102254,-10.751058141950633,12.702658418222557,9.806727084916627
3418,0.7377713588102254,-10.751058141950633,12.702658418222557,9.806727084916627
3419,0.7376280672833573,-10.864074726607019,12.774078654366486,9.917387738683992
3420,0.7367134559326202,-10.953056228091103,12.811008845159359,9.992945702513056
3421,0.7366905798049525,-10.915948858737071,12.938109737014095,9.979789762311771
3422,0.7367091851828075,-10.846603625374879,12.910427328650057,10.105899933576914
3423,0.7367134559326203,-10.861054183511031,13.009769179490918,9.93771065117726
3424,0.7367213647198269,-10.937323205585438,13.081462491614525,10.006540142590497
3425,0.7367213647198266,-11.0151462144279,13.227506771957,10.031595560954155
3426,0.7367213647198269,-11.10124855598577,13.202530960285332,10.133632837331092
3427,0.7366601522544947,-10.997336692592837,13.134635364210217,10.100376004843973
3428,0.7367358614547055,-10.90073764045986,12.988264194665632,10.05237075632682
3429,0.7367213647198266,-10.948850345386099,13.014451223514692,10.154527375924468
3430,0.7355631989672798,-11.058920950282939,13.09806994917793,10.28059479019399
3431,0.7353472397305412,-11.034819103785276,13.051775362475526,10.165429698306975
3432,0.73781338682225,-10.979921779384693,13.042482590484179,10.232331145590774
3433,0.7353783772242706,-11.190853390256407,13.104227342603771,10.224354884772936
3434,0.7353118123493969,-11.281067179778802,13.216995884728684,10.066014928980527
3435,0.7353210264307626,-11.140595322788325,13.110452011505519,10.101867766551486
3436,0.7353036051884171,-11.07631965405795,13.059875392203585,10.169235590294544
3437,0.735496484255557,-11.119228839934797,12.9414412436143,10.270333553030985
3438,0.73520361606315,-11.113948890966451,12.893637375383877,10.265761741563125
3439,0.735229610036164,-11.106459105281317,13.023385952028494,10.153723143282722
3440,0.7352015462921622,-11.125650121295036,13.150472970344449,10.094248490442467
3441,0.7352369736733065,-11.158215631252231,13.072101972131048,10.164315297006448
3442,0.7351602026707251,-11.189889034023052,13.148797729002526,10.017059777575843
3443,0.7353849355937403,-11.191861699034083,13.184014412641373,10.104220710515069
3444,0.7352077383926201,-11.063250036461096,13.014756081069555,10.137760843233373
3445,0.7352077383926202,-11.063250036461096,13.014756081069555,10.137760843233373
3446,0.7352210389581169,-10.895150705239951,12.971145517800515,9.947960160341825
3447,0.7355066564914676,-10.959382466572155,12.89217886307094,10.056311183285702
3448,0.7355066564914675,-10.959382466572155,12.89217886307094,10.056311183285702
3449,0.7355280887355224,-11.168451082168154,13.027732272641614,10.065667735376524
3450,0.7356740166687141,-11.220241619793953,12.794362475172768,10.049823830353246
3451,0.7354644501470402,-11.342148045312424,12.938956479000742,10.170817552506824
3452,0.7353400498308725,-11.400743955035042,12.926685094344629,10.306576727185478
3453,0.7352279343005247,-11.383253556713989,12.973022967757197,10.264468123562526
3454,0.7348897088706732,-11.430187583339382,12.973880308941233,10.298926958328138
3455,0.7345655028482866,-11.537501803091677,13.066344561810693,10.334709527010508
3456,0.7349011003622208,-11.61014299084898,13.145591147479145,10.259764595439346
3457,0.7348763718838744,-11.578354327284979,13.18140025211991,10.37800590194943
3458,0.7349516537445122,-11.493509971120496,13.102159103677907,10.484760549401994
3459,0.7350015111980308,-11.432490723030666,13.183532063509965,10.286567257041341
3460,0.7353084174088307,-11.24816775284618,13.164399169545778,10.13664267814358
3461,0.7348506838507549,-11.350153880926634,13.236413959424654,10.018727016240785
3462,0.7338535783598013,-11.320600373287181,13.35394013073409,9.988538337035
3463,0.7340498382429478,-11.36305967821545,13.371869719004426,10.087467185389961
3464,0.7339984967093949,-11.378309887635597,13.332365541256234,10.077876069740093
3465,0.733812960473049,-11.459980290397052,13.411384415634856,10.087547666537468
3466,0.7338267475413361,-11.549141617678117,13.400716252917599,10.107450732442416
3467,0.7337880478910718,-11.56202166604228,13.214474825259318,10.134716164545559
3468,0.7336952468407787,-11.460122073737736,13.24447482812251,9.997936601141742
3469,0.7331347785163268,-11.44044575429531,13.290672527308871,10.04136492615561
3470,0.7335071297168898,-11.41371144241794,13.197403609794998,9.899936152445028
3471,0.7332247483545692,-11.387912808579184,13.035715977501521,9.920301077471034
3472,0.7330008580395886,-11.311682284779156,12.976465726902108,9.796780711885743
3473,0.7328368761213633,-11.142323209481956,13.076875721063047,9.554449850035963
3474,0.735497119802752,-11.03463545903356,13.061074269120658,9.601251264685244
3475,0.7335108901513603,-11.137941397953064,13.116340239891302,9.510965440425364
3476,0.7331221715873412,-11.224477012658431,13.129068819671692,9.40142402171188
3477,0.7333032175444517,-11.207742791320365,13.234505480246687,9.571182205208354
3478,0.7333504764952323,-11.219481549116495,13.176398558788447,9.72415979151471
3479,0.7333926762848102,-11.160956951267275,13.120673065440208,9.464933813144192
3480,0.7339362518302468,-11.020975768137227,13.057491899280237,9.550898394609089
3481,0.7340125534130918,-10.96216174847299,12.918042466974242,9.494224948991489
3482,0.7343431153284372,-10.891116952810552,12.767432548858276,9.484220389978136
3483,0.7340590000556397,-10.913245400335665,12.864878710253118,9.361554555370219
3484,0.7340590000556397,-10.913245400335665,12.864878710253118,9.361554555370219
3485,0.7342184847513424,-10.915943008529851,12.823493819233544,9.426723808071426
3486,0.7350388154846264,-10.930244109849964,12.731908333412015,9.471914853622987
3487,0.7349877763247785,-11.006501441279147,12.919953400368742,9.527618378997287
3488,0.7345816501195931,-11.026045195397675,13.033020406657096,9.525351602063761
3489,0.7341333583595098,-11.09849036951821,13.05364895625508,9.558613902835132
3490,0.734271292879976,-11.178425927940527,13.204647594467398,9.570221772886823
3491,0.7340564156089926,-11.246192136351882,13.368420049966584,9.550899134626873
3492,0.7340564156089926,-11.218788950128948,13.233175285111185,9.499340326168294
3493,0.7340564156089926,-11.367604276257342,13.349178875050816,9.625762690144155
3494,0.7341333583595099,-11.262791966179993,13.376873255735392,9.612640207409552
3495,0.7341333583595099,-11.269182437097097,13.285568345508874,9.518655022533219
3496,0.7343143195516499,-11.419356077813871,13.421949884357788,9.600996662830802
3497,0.7348188851410457,-11.333229108828304,13.285213577931342,9.597369497381415
3498,0.7353388807909792,-11.249072926186658,13.182588249936488,9.464247842619347
3499,0.7353338498320205,-11.234068224060115,13.173758259032294,9.547272558915436
3500,0.7353996364805355,-11.193634234841193,13.14993486168268,9.761793401141393
3501,0.735373142281504,-11.200453880698376,13.21196114820622,9.775117466738498
3502,0.7352968406986587,-11.029970960971063,13.159390916242883,9.778324564038918
3503,0.7358066856985096,-11.132866048975123,13.025876033350828,9.935496655424265
3504,0.7361998667925203,-11.249289682895062,13.091564914661316,9.938772035445723
3505,0.7353679696255855,-11.294300080824263,13.072292509014087,9.915627553740165
3506,0.7351293707825148,-11.268530753944656,13.035201544289613,9.850657841604894
3507,0.7350196228928914,-11.027681183470495,12.76847054861684,9.78689979729432
3508,0.7353047499203517,-11.025078117224954,12.763617600882334,9.894445077608509
3509,0.7354057196196528,-11.059777849241094,12.825532561073201,9.89715491719936
3510,0.7350207445052185,-11.104848281054132,12.712894462133072,9.660378680148472
3511,0.7352554555231477,-11.01623489439517,12.70917022548285,9.705444682306233
3512,0.735609920572977,-11.010699175627696,12.738013920397194,9.793003349617994
3513,0.7350114253530713,-11.01219644183039,12.680543824881351,9.781515625826836
3514,0.7589286474417246,-9.89608299940881,12.680103458114749,9.743948527727612
3515,0.7589286474417246,-9.89608299940881,12.680103458114749,9.743948527727612
3516,0.7567094300393247,-9.951477698280655,12.711153680136295,9.797708675276555
3517,0.7567094300393244,-9.951477698280655,12.711153680136295,9.797708675276555
3518,0.7559910152668629,-9.812771881025178,12.726456953101554,9.863722893762251
3519,0.7559910152668629,-9.812771881025178,12.726456953101554,9.863722893762251
3520,0.754693380807711,-10.004395756217264,12.80507465074583,10.001403997200791
3521,0.7611371701128687,-9.766178781359521,12.711481862297198,9.827933489695456
3522,0.7347719842900663,-10.92098031163193,12.859822784600384,9.896122132035263
3523,0.7352999235731171,-10.897173765360733,12.769868834918757,10.018939610254025
3524,0.7608173949808337,-9.742792093100737,12.691788355480346,9.917796849067305
3525,0.7597543407724789,-9.517989885467312,12.618005593739792,9.670798724603609
3526,0.75930448477289,-9.5540781761742,12.612162877725467,9.69412844885353
3527,0.7608788878958959,-9.722058602790845,12.579989754839874,9.903854982716673
3528,0.7608788878958958,-9.722058602790845,12.579989754839874,9.903854982716673
3529,0.7575182571835072,-9.99246050426116,12.715219855779473,9.979214359904564
3530,0.757583633909323,-10.017778117158313,12.725827368008789,10.119467114141946
3531,0.7578184137250406,-10.00564872553231,12.81119629401988,9.907560121489217
3532,0.7579747482199839,-10.147334301448792,12.863488950804221,9.96732423958715
3533,0.7585422608167232,-10.217001200502937,12.960375737569809,10.142209530352773
3534,0.7384413465791352,-10.933104650514077,12.90158725769177,10.07672862253589
3535,0.7584050071014109,-10.071987032768654,12.79854039798337,10.027839466217282
3536,0.758193622789874,-10.15157023693388,12.885565286380771,10.046707968360947
3537,0.7574106042833787,-10.147859742868532,12.795531249169201,10.055441365887086
3538,0.7574106042833788,-10.147859742868532,12.795531249169201,10.055441365887086
3539,0.7588496997919614,-10.053409810792362,12.765454414246918,10.025989297370066
3540,0.7577092465603226,-10.07902855833941,12.721666529531193,9.824168289761111
3541,0.7576347423119912,-9.944793266121312,12.512246066347064,9.703686604266357
3542,0.7576347423119911,-9.944793266121312,12.512246066347064,9.703686604266357
3543,0.7575667970420863,-9.880948567558038,12.623455565654702,9.550646148589548
3544,0.7574588918770083,-9.798482681300513,12.551656980671739,9.536142475437964
3545,0.7577598524965701,-9.615533751377452,12.446363701095999,9.502164013733694
3546,0.7574439428645475,-9.751746824980794,12.53849533512895,9.67262777215338
3547,0.7574032728660135,-9.794076641282311,12.38390903921225,9.772422443415403
3548,0.7574032728660137,-9.820921781663118,12.365731539678846,9.779539618713716
3549,0.757469844466023,-9.979710317637888,12.55377582148171,9.735269129527456
3550,0.7564570388836899,-10.055148038391307,12.551839058016423,9.767456263369985
3551,0.7564570388836899,-10.055148038391307,12.551839058016423,9.767456263369985
3552,0.756881724151235,-10.024369391882825,12.558421847511577,9.845132185277546
3553,0.7569904808151482,-10.009665810363355,12.631588959162015,9.79914716628667
3554,0.7555072288681551,-9.948143432285834,12.550820202985987,9.666774646027523
3555,0.755779509967954,-10.007649544256614,12.576183907844094,9.734681844806932
3556,0.7563394151173649,-10.030743636458803,12.533616105534676,9.701871545978262
3557,0.7344222483992461,-11.007962170850725,12.49856718246504,9.792944353778696
3558,0.733003551729366,-11.155271880427271,12.501923246746635,9.93960930509653
3559,0.7333715160213522,-11.169414541517959,12.407761293842645,9.946805065734937
3560,0.7329656761240199,-11.147489427989928,12.380000204457417,10.066389294169582
3561,0.73285647941498,-11.023755228926222,12.347191546093399,9.989329475804794
3562,0.7328579549284289,-10.99405376171838,12.440623587274033,10.005802310333507
3563,0.7328579549284289,-11.049582728534904,12.311318470443684,10.055169747527795
3564,0.7333796563043714,-11.226796175483681,12.622377684349988,10.009895988273515
3565,0.7332593619887073,-11.145440512527315,12.578778890839471,9.961595759069914
3566,0.7333201703784145,-11.400905365338213,12.623972373034524,9.934912113612052
3567,0.7338265512884131,-11.40824673879772,12.565576445571219,10.234462638277735
3568,0.7347363682868151,-11.23082448220511,12.553414116561349,10.049882648235684
3569,0.7352042394782742,-11.221773875660602,12.587344836717305,9.963878289133984
3570,0.7352637911451817,-11.249651327519217,12.684028890672396,10.113381159490771
3571,0.7350524318721637,-11.356981340159852,12.700828900085579,10.068397513820745
3572,0.7339017716739445,-11.221620783362567,12.569714276532293,10.111467208920017
3573,0.7336359884172912,-11.251548280632392,12.526263965063324,10.130668408143539
3574,0.7331556937653959,-11.265741764529485,12.55186269296384,10.113135084529747
3575,0.7328706734925369,-11.261597308548538,12.68702692597219,9.84765419530724
3576,0.7331053544905929,-11.330684106218493,12.728891905510173,9.949965029946378
3577,0.7336810049029227,-11.09073522886523,12.574907518995067,10.007669041272564
3578,0.7339957488981942,-11.038449085923988,12.638875245869924,10.042238952811582
3579,0.7344394609824078,-11.105213596449872,12.730649747059118,10.095935124729088
3580,0.7343696140600561,-11.212571347761115,12.699551459786147,10.142352489892076
3581,0.7340213105841082,-11.506439836866345,12.838772354839353,10.266752161534955
3582,0.7344394609824081,-11.400135192298173,12.906323829302828,10.200305393313705
3583,0.7344501998952208,-11.374416451525908,12.787875273295244,10.131413451779462
3584,0.7338003102236674,-11.473674388390389,12.950065351358436,10.08761641689804
3585,0.7363086241087555,-11.209678088095325,12.896024111023303,10.133192891698657
3586,0.7351302966654794,-11.369816585389938,12.886117262201454,10.03294091302434
3587,0.7344771955277539,-11.276787055691491,12.936083259197554,9.97271898344704
3588,0.7364032671855952,-11.261305320496703,13.050353869920594,10.068457140517673
3589,0.734444467215651,-11.2211404435627,12.923924607655666,10.13629201653095
3590,0.7366373907926957,-11.129904032857032,12.91479555620991,10.213545987078495
3591,0.7366373907926957,-11.129904032857032,12.91479555620991,10.213545987078495
3592,0.7365812483151889,-11.09939920492739,12.996341968479332,10.327458655617722
3593,0.7364820402386288,-11.102394234763047,13.088635067182254,10.298391062763866
3594,0.7365297126512174,-11.021237033908918,12.982119164810763,10.314322407427392
3595,0.7358855521672784,-11.082943880820824,12.969671608740219,10.262727319821584
3596,0.7352055887617697,-11.181908176507374,12.9693767764715,10.352070118041965
3597,0.7347145449066491,-11.143924592139111,13.058618145329701,10.312211424912276
3598,0.7576846217880342,-10.143643944711759,13.041481139785464,10.25299983046281
3599,0.757684621788034,-10.143643944711759,13.041481139785464,10.25299983046281
3600,0.7576846217880342,-10.143643944711759,13.041481139785464,10.25299983046281
3601,0.7440941113955014,-10.545337384805837,12.906728219841773,10.301844290385151
3602,0.7352642010130529,-10.991884087898958,12.817454646591925,10.322126062307946
3603,0.7359278175847938,-11.00783525436341,12.896774533643827,10.23310401785333
3604,0.7374138035499641,-10.90005579925565,12.84363893557977,10.182757734115485
3605,0.7361032391694843,-11.075683468358786,12.849229417106816,10.408042043310486
3606,0.7363660055092452,-11.01417955700557,12.891244200344735,10.452018023136375
3607,0.7581325617576697,-10.144331812597411,12.63393546486615,10.452226470187085
3608,0.7584267918582756,-10.077113267191274,12.73407745447591,10.334564750267592
3609,0.7578210195767452,-10.173173095514151,12.736533217330251,10.43923257171536
3610,0.7576656504747749,-10.186948324603401,12.557382079299071,10.497445521168567
3611,0.757217972550001,-10.219743321579346,12.411457268194667,10.57474321734516
3612,0.7574597960260628,-10.259447015215262,12.601519068491555,10.619482586895167
3613,0.7566052647846542,-10.503924584582446,12.671507141686371,10.824625521059362
3614,0.7573611934723539,-10.45063292667347,12.741611168505909,10.85986018237542
3615,0.758118383392944,-10.536878841389385,12.873923509831089,10.897575348115708
3616,0.7572473259356914,-10.528509298411802,12.67368578171421,10.826013493509068
3617,0.756664930630715,-10.6401160526513,12.637567546779605,10.784121768322256
3618,0.756781852225006,-10.747867690745913,12.822465209965767,10.75959620248512
3619,0.7557194145260966,-10.806853426355552,12.885042245153798,10.833305150719426
3620,0.7563394241223091,-10.76439410269546,13.084161421856509,10.797088010630368
3621,0.7562479699024748,-10.61680677925994,12.999421915824568,10.68847626495496
3622,0.756071402500734,-10.595618619146574,12.932640567129688,10.76409024767347
3623,0.756862062999198,-10.523211471946274,12.977382807833266,10.795463899729475
3624,0.7567170923902246,-10.55728973646795,13.025081783432723,10.86965985787885
3625,0.7568285134091643,-10.56536636148285,12.973949544989592,10.710814408694493
3626,0.7569844487770293,-10.572453118911644,13.075288229236966,10.737759569662662
3627,0.7514792141870236,-10.867640558618305,12.999469800818426,10.73439027358079
3628,0.7514792141870236,-10.867640558618305,12.999469800818426,10.73439027358079
3629,0.7559921529050773,-10.872443122375243,13.023253662060467,10.90771633570964
3630,0.7553436883653948,-10.854701584175555,13.070126460851473,11.007371437050054
3631,0.7549463880491455,-10.950861618732851,13.115654587952104,11.10367991286145
3632,0.7548377017984845,-10.896080030330387,13.152653418348494,11.008400240800752
3633,0.7549871355396437,-10.879979116993786,13.055122785157847,10.901839418531228
3634,0.754927003178786,-10.765351140887772,12.95209955215314,10.735913433301889
3635,0.7549270031787859,-10.765351140887772,12.95209955215314,10.735913433301889
3636,0.7557901029115048,-10.821187899820803,12.92165365157435,10.829944076119725
3637,0.7552756642833099,-10.794719966304005,12.87985872593051,10.929978837566516
3638,0.7552801555092749,-10.699174304498394,12.767222274628955,10.831724839312006
3639,0.7559981026273984,-10.431938510453115,12.811850133485438,10.695970478992487
3640,0.7559981026273983,-10.431938510453115,12.811850133485438,10.695970478992487
3641,0.7555354920814015,-10.566682944748885,12.797982390608945,10.749958832824955
3642,0.7551976165665725,-10.466016064991791,12.788448613511646,10.63144871421885
3643,0.7555354920814016,-10.703859389093186,12.94478410960141,10.785264750708631
3644,0.7560412463470029,-10.610659150726383,12.925080816321639,10.605918354299863
3645,0.7560896297216307,-10.693639147035427,13.053437725478252,10.499733072406084
3646,0.7560412463470025,-10.618090124445704,12.973390791156955,10.365881617534834
3647,0.7560412463470026,-10.52222152835416,12.973175342010268,10.241563940035272
3648,0.7563682079195256,-10.468285730991184,13.050734711277016,10.158229472684404
3649,0.755815606421934,-10.446334119494104,12.975876208277521,10.173848222231541
3650,0.7559306676631978,-10.591351229222873,13.123278146355888,10.1648739539523
3651,0.7555947305295186,-10.894319419383752,13.230298297558708,10.27065109535383
3652,0.7558921704446411,-10.92425526185973,13.163895690249678,10.27401671456087
3653,0.7559281806951781,-10.79227981394877,13.05880478461393,10.28592958680535
3654,0.756055125013698,-10.525166789795254,13.050069082806155,10.043549436550745
3655,0.7559130085485023,-10.650291068874598,12.992099751256942,9.965210909040811
3656,0.7567252929965413,-10.66551538735794,12.991688902853147,10.185752779072935
3657,0.7566397024765122,-10.727871470039801,13.026607263030805,10.228595617047704
3658,0.7554322036768341,-10.856438066818688,13.09469463839998,10.177100307569523
3659,0.7557884077066631,-10.748846863752116,12.866083424845495,10.09673668166568
3660,0.7559689781493198,-10.590346929071936,12.737768521420056,10.093516443598174
3661,0.7559689781493196,-10.590346929071936,12.737768521420056,10.093516443598174
3662,0.7555727323352472,-10.615256316884324,12.649056144535999,10.072769608680687
3663,0.7558916550620698,-10.528713834336912,12.585655791795993,10.056006198516464
3664,0.7551109950314211,-10.616799601271744,12.54970600756604,10.093724588383626
3665,0.7554498591897467,-10.728312954852491,12.675270092687118,10.057325335426585
3666,0.7550346109035284,-10.700188439863453,12.760788276796774,10.20067992042654
3667,0.7549824824784168,-10.657048144567858,12.984822139845114,10.12807263642858
3668,0.7554687682703598,-10.701022078484511,12.990130242406867,10.2604639082954
3669,0.7558122011956103,-10.482201181488406,12.958852408665134,10.098041225191308
3670,0.7551717398875943,-10.418719192529071,13.035056503236811,10.095203176840945
3671,0.7553096916106194,-10.352544321566072,12.9697532558581,9.85863325756247
3672,0.7549681082957226,-10.3912890717603,13.142313105811562,9.900313071574493
3673,0.7550100094274406,-10.29951056455975,13.073946558953061,9.976077170133367
3674,0.7551866513386604,-10.420772557122788,12.983096816009052,10.002713698913063
3675,0.7541730077113673,-10.432598553974248,13.047100885164332,9.991567852637587
3676,0.7542564225341091,-10.525179016456011,13.0746879401829,10.031802064917754
3677,0.7541813789943294,-10.534767235190706,13.07302189257384,10.13311613675777
3678,0.754256422534109,-10.57673665097872,13.215081520046134,10.256842230036463
3679,0.7543642488914472,-10.629930259575449,13.120347246171898,10.263612244708261
3680,0.7541107928837182,-10.753142692483717,13.294991293036185,10.469901078685044
3681,0.7542372704461899,-10.584651619487335,13.16305487461368,10.375016295722853
3682,0.7542119388508363,-10.55722241119068,13.285032682430721,10.400200127238547
3683,0.7541947637613472,-10.445367550645312,13.292245624536704,10.361069566250896
3684,0.7550792150293076,-10.39226633292833,13.180917335405562,10.38633998158574
3685,0.7544770094633706,-10.254270157731401,13.08077216059751,10.37241801153119
3686,0.7551000913364989,-10.228798701895311,13.06730115709776,10.349999342436217
3687,0.754490649473367,-10.34374132729828,13.311911364727417,10.345903979735477
3688,0.7551406713195719,-10.358246290051419,13.392321166115869,10.24596968408692
3689,0.7551368229615143,-10.391393708251469,13.442106333462776,10.233012656476552
3690,0.7551695379944184,-10.208914154158837,13.288519438732541,10.237927704257755
3691,0.7543598788315539,-10.337342376569094,13.172047588180725,10.433564736343252
3692,0.7550876734901298,-10.278543555044463,13.274641780548295,10.426538365648833
3693,0.7544873158941846,-10.312995480317934,13.254350523296255,10.293689585221118
3694,0.754648232954937,-10.168763821077505,13.122465022794232,10.187739243984685
3695,0.7546643551294064,-10.076338074172112,13.206597412381052,10.19219326476829
3696,0.7546482329549371,-10.075442961585678,13.26317231841909,10.117734342842974
3697,0.7548404674288056,-10.163140903104035,13.306424859173372,10.128982995873132
3698,0.7547318343862258,-10.298894459621895,13.380654619697946,10.183843920840609
3699,0.7553869158938216,-10.314684509284293,13.33731358044637,10.100494375487367
3700,0.7551462821085098,-10.345516234493918,13.237071761239209,10.048944887859275
3701,0.7552662307460914,-10.316318792870403,13.181253104114278,10.067886542681858
3702,0.7545324916230052,-10.22859232949337,13.076990475460775,10.02023149817773
3703,0.7544911876672279,-10.291242064634528,13.102979785631952,10.077825129858997
3704,0.7545715220107849,-10.335749470467608,13.188578708176067,10.270619250438784
3705,0.7557960588639254,-10.363326199241094,13.198855059375552,10.197435304172913
3706,0.7554240929808366,-10.429820899703376,13.249024639622835,10.119666840079686
3707,0.7547712504068348,-10.618384893360469,13.385651237158404,10.348638428208016
3708,0.7544853139751744,-10.543122725441032,13.301669854901762,10.387800830421796
3709,0.754841862768945,-10.477446570634074,13.255058578312394,10.394622442566199
3710,0.755382130993621,-10.254891969968375,13.123597100515482,10.267440976409688
3711,0.756114417486438,-10.436533094165894,13.241181694643613,10.30822291810452
3712,0.7548410274230921,-10.423095584143383,13.228194231712342,10.280311161202462
3713,0.7556048773090939,-10.450330492712267,13.147897674426527,10.345032772757378
3714,0.7555015274451492,-10.34028252880229,13.125865924277145,10.345675497635227
3715,0.7544493002327202,-10.318842716309176,13.09682374624407,10.4276986631989
3716,0.7541031753934645,-10.374064162518094,13.016207030941791,10.488679891256712
3717,0.7555426672799883,-10.345059709460703,12.851296469149107,10.502522248054365
3718,0.7541552765669907,-10.479778703445348,12.977759527045153,10.507675779962444
3719,0.7544866020483452,-10.446906818558453,13.075107756412258,10.365966888163575
3720,0.7550951224094743,-10.10422443189163,13.113975471302268,10.274017699680707
3721,0.754222787932211,-9.953982553889277,13.08092340540746,10.23112280846161
3722,0.7541912286818546,-9.951620394873018,13.016048834068211,10.153224709081686
3723,0.7541678237882703,-9.971767486113396,12.987901544953552,10.288507329322645
3724,0.755123496230083,-9.932930764594149,13.098538991142062,10.20671794348098
3725,0.7550616983628274,-9.939584861801412,13.093642789578356,10.19190786894114
3726,0.7550284047178697,-10.035709700711443,13.215685293956184,10.236962665641457
3727,0.7551000913364988,-10.060889100491515,13.211143397739628,10.246657790259354
3728,0.7550284047178696,-10.032416322644856,13.152687962888532,10.150097970705723
3729,0.755614243759981,-9.984694429434011,13.094231227084837,10.208282096972905
3730,0.7550698979806171,-10.064744613701915,13.055603955967209,10.375880369120244
3731,0.7550811467725356,-9.840378258782751,12.906741061309381,10.25101975016008
3732,0.7551406713195722,-9.848638029833833,12.859441648288206,10.369881444665639
3733,0.754497095746399,-9.730784625656423,12.845128325683303,10.227243572436297
3734,0.7551368229615142,-9.65583181373681,12.621472480894708,10.110544513678661
3735,0.7547910810320272,-9.768032349962683,12.828678822291081,10.28239283798844
3736,0.7548218779166703,-9.835834243948135,12.956700620901094,10.247076631150193
3737,0.7553757261736569,-9.76140687179957,13.081170916779067,10.16676163356522
3738,0.7553757261736571,-9.692336063946167,13.127469764017523,10.084804572780836
3739,0.7558470033167678,-9.656575402504751,13.03322179365034,10.072587087819038
3740,0.7557923725524798,-9.611802007593095,12.918091189262551,9.771338836566187
3741,0.7551690734256602,-9.705980220821358,12.999523283705077,9.790245389632918
3742,0.7551841412047535,-9.620324448542792,12.98505229823978,9.785035093203584
3743,0.7551841412047534,-9.620324448542792,12.98505229823978,9.785035093203584
3744,0.7558848569742876,-9.627423070433847,13.14396575842199,9.705670556939877
3745,0.7554756504838339,-9.559243440629054,13.210322752607906,9.617659796175621
3746,0.7555772938973674,-9.57411128374238,13.315785389710607,9.479016346155742
3747,0.7551613858637428,-9.650447118779564,13.375300680098022,9.61010402835395
3748,0.7547427467560682,-9.612689851975189,13.396173800327393,9.557047502182353
3749,0.7548218779166701,-9.59409974011542,13.377831827573038,9.56193983934721
3750,0.75482187791667,-9.608234069018204,13.34033636706327,9.731235482422495
3751,0.7551942540826422,-9.670168407453671,13.357685683908569,9.631729314985119
3752,0.7552662837863683,-9.845140549059558,13.592235563952798,9.75116501806645
3753,0.7555020845304152,-9.875843812212766,13.644164492062114,9.752472288110946
3754,0.7558055059624499,-9.902219989047346,13.74707391616421,9.7653875697437
3755,0.7556219107335838,-9.898120068213922,13.714439021450685,9.774098228399817
3756,0.7554678346742271,-9.89024808474998,13.711452917159821,10.025973857488335
3757,0.755467834674227,-9.89024808474998,13.711452917159821,10.025973857488335
3758,0.7561191768842698,-9.902753983262912,13.708431542022018,9.905511724120112
3759,0.7560790929114675,-9.752208054971602,13.546559656225089,9.835057900501779
3760,0.756157564245137,-9.812907760099884,13.360579445919925,9.773748725549808
3761,0.7567610716532944,-9.827061088823156,13.354182706786641,9.685772113857006
3762,0.7567610716532948,-9.827061088823156,13.354182706786641,9.685772113857006
3763,0.7565961519195702,-9.989133255038208,13.347469858323873,9.87721883256836
3764,0.754567484669249,-9.867545440256407,13.354671124709386,9.746007193093593
3765,0.7564302234833964,-9.80041225728035,13.295446052331124,9.738356190656525
3766,0.7341379941437234,-10.789133931863017,13.292555168146018,9.685979909673181
3767,0.7356620547295905,-10.678445051936269,13.306818153120844,9.718265052468606
3768,0.7563001752762148,-9.702750913795771,13.155001174374597,9.761488852991196
3769,0.7439070232935363,-10.142907943106994,13.292674345680489,9.600473173232553
3770,0.7558998933420746,-9.56616971524894,13.258087895653722,9.402961797731967
3771,0.7559497112985487,-9.470198399513514,13.079567092268025,9.489527664051902
3772,0.7563768523508836,-9.571527117623052,12.888163537082887,9.740591084281615
3773,0.7563768523508835,-9.571527117623052,12.888163537082887,9.740591084281615
3774,0.7563994262638002,-9.632860287203181,12.905337298943364,9.86336810512749
3775,0.7559191946981934,-9.65079533209694,12.789121112740842,10.083091718717652
3776,0.756271559269829,-9.644320882969504,12.845685018321836,10.094579873258384
3777,0.7563506306762515,-9.640291552519109,12.998493258429509,10.052313997147495
3778,0.7549716059646279,-9.634987847911672,12.930922549741954,9.989049669887066
3779,0.7556085783271234,-9.536344000788494,13.032848223501123,10.027830399164726
3780,0.7554311720634074,-9.662805499693809,13.28994341567298,10.187144199789476
3781,0.7554311720634076,-9.728726530642312,13.408344787501266,10.293947198805183
3782,0.7551302508369067,-9.693205258481976,13.359180549860415,10.221847641739298
3783,0.7551227552606539,-9.604157779595315,13.420936366814056,10.192496208973562
3784,0.7551227552606542,-9.604157779595315,13.420936366814056,10.192496208973562
3785,0.7555848178506718,-9.595000406087715,13.455038911432988,10.165720685160291
3786,0.7556022910595608,-9.666264988186658,13.39374598189613,10.112199019827047
3787,0.7557432120946884,-9.66156858222081,13.325814110451823,10.10842331317907
3788,0.755131386460146,-9.595139830222996,13.231592640131245,9.936207146113736
3789,0.7550545403309535,-9.654164767249949,13.24857855892307,9.983696329989094
3790,0.7550545403309532,-9.654164767249949,13.24857855892307,9.983696329989094
3791,0.7558652523816219,-9.589261756260225,13.299955107576178,9.747864683054821
3792,0.7561994844275182,-9.541988614698903,13.349775323446135,9.524609290387845
3793,0.7557485143350084,-9.476510176705759,13.385247365049743,9.603445283210903
3794,0.7557485143350086,-9.476510176705759,13.385247365049743,9.603445283210903
3795,0.733938548157245,-10.362891941149986,13.190747615711473,9.52140768919375
3796,0.7354805527502402,-10.202335657928533,13.224246110777088,9.401664528150413
3797,0.7343816132268723,-10.238486124430914,13.155826031030093,9.480527194269763
3798,0.7345285238933063,-10.165522081064466,13.145313409162954,9.427250125973556
3799,0.7347930914271681,-10.117501532868479,13.068497277348802,9.357007249107236
3800,0.7340696926827499,-10.085836303622276,12.998756802249817,9.146364408214218
3801,0.7440558261548837,-9.46160802687626,12.976101575912983,9.261156451000867
3802,0.7560391642250874,-8.975122235442727,13.07357159309185,9.252329251047026
3803,0.7560391642250872,-8.975122235442727,13.07357159309185,9.252329251047026
3804,0.7569279424071802,-8.91869882428697,13.06669468669221,9.42170799804808
3805,0.7442606875697728,-9.556744724943679,13.098806188543302,9.39318732894919
3806,0.7567744112331085,-9.121756810543104,13.2353279225267,9.260714599904144
3807,0.7559962104055008,-8.970349594909196,13.091352223070654,9.232776351214042
3808,0.7348598124870691,-9.92631507591309,13.18071772161295,9.371022215560375
3809,0.735079299004748,-9.949214857521033,13.070612771782187,9.534753648620368
3810,0.7349363031306231,-9.986033783372406,13.029858249608715,9.455487692668761
3811,0.7349755389885217,-10.036691774569386,13.037931974575615,9.551046198552811
3812,0.7341851328051039,-10.015421042506999,12.99095700092914,9.500735590756854
3813,0.7351603885583577,-9.825497268013205,12.953100254389602,9.506033281477096
3814,0.7343621716072073,-9.985960308871373,13.016306972340324,9.477236303982668
3815,0.7345052776782218,-10.091771953415126,12.986304539921953,9.669943599678152
3816,0.7343459906508987,-9.927504510505685,12.786533155673943,9.780639537760976
3817,0.7340524659561416,-9.984664861445896,12.788147960943531,9.80873220573794
3818,0.7342659812444791,-10.030885876365023,12.71593035131431,10.032719967370944
3819,0.7340341903763691,-10.075996026558377,12.854208102478836,10.079294239740896
3820,0.7339081913473706,-10.085458114792377,12.980647197287146,9.994059090986724
3821,0.7339081913473704,-10.085458114792377,12.980647197287146,9.994059090986724
3822,0.7346783812319255,-10.08284218241651,12.989185944838766,10.009009108236734
3823,0.7337219457957539,-10.082782015880142,13.010709622129026,10.025827744705817
3824,0.7339629727515253,-10.018666318113787,12.980911878163164,10.139060440265851
3825,0.7343876705632516,-9.797198126355159,12.891665101365057,10.10203270982746
3826,0.7340404902996142,-9.848952439000035,13.109872812737274,10.19560980579338
3827,0.7340096934149708,-9.807767752763517,12.974336892542777,10.250738308903466
3828,0.7348870680760328,-9.668325889988537,13.064582410409107,10.19457764673932
3829,0.7364465731994747,-9.710282816068986,13.155565768876473,10.33318171351011
3830,0.7364006710366486,-9.590330955541331,13.111460936337604,10.27901991908351
3831,0.736270380351242,-9.62115931417701,12.958195518189243,10.416389756657976
3832,0.7360982620384978,-9.690603594851083,12.964524168057205,10.353670768912806
3833,0.7362227294507733,-9.673368289164415,12.901794444361025,10.41989458814156
3834,0.7363700935617323,-9.607711052868199,12.757216028803489,10.451674188871326
3835,0.7369090230080887,-9.616506073094175,12.756831603504859,10.545639280688093
3836,0.7369674550288826,-9.515302900511381,12.741158911082286,10.480549880278
3837,0.7366900064684478,-9.58711292086747,12.623552648064425,10.5924752721542
3838,0.7366812945862705,-9.633195883729025,12.66945251284432,10.597117453240282
3839,0.7366168392940385,-9.657981953470728,12.734698599899563,10.623662079536803
3840,0.7367029273470023,-9.56191300738303,12.652202481868065,10.669913629905675
3841,0.736628611166782,-9.46817695091628,12.57168775977439,10.70611922265977
3842,0.7359849193385593,-9.425997021831158,12.511437436375806,10.62263874480899
3843,0.736024656923679,-9.484109789321014,12.670924863796627,10.646258873487396
3844,0.7365255748043948,-9.434243394021689,12.677829013426567,10.589046625434555
3845,0.7361181395493098,-9.582099228201896,12.782400415586801,10.549826098338436
3846,0.7365484225849483,-9.557763903393381,12.836657155917168,10.55292137901656
3847,0.735879584656849,-9.672875412092209,12.990704538284753,10.613035098135228
3848,0.7357847255670739,-9.740150184684104,13.025642399543823,10.595570073515287
3849,0.7359460612079735,-9.821181351574362,13.065681147698696,10.774833169762772
3850,0.7358375904927387,-9.838039539147218,13.05499048515762,10.860630304415697
3851,0.7357786856049431,-10.010870316350397,13.33931780970241,10.924669045977941
3852,0.7361988682617308,-10.17271326577864,13.399841042345564,11.114523303460274
3853,0.7361939596929659,-10.30492154689388,13.577677925355896,11.16832147591104
3854,0.7364234599011472,-10.22022849071887,13.566919351293965,11.04557716371565
3855,0.7362719565944197,-10.23418909988132,13.42437648007672,11.051218223647373
3856,0.7361997477812238,-10.160171950511476,13.278579793401128,10.921702492666792
3857,0.7362524549311501,-10.032474458381774,13.304562726988532,10.86983278913775
3858,0.7364740413950979,-9.996340316943897,13.346745285187735,10.835847309207153
3859,0.7367288964775112,-9.902616282064091,13.338578035700277,10.788808059268986
3860,0.7365482351459148,-9.889777095378287,13.433524328696292,10.73969978174767
3861,0.7364246064056401,-10.01354841937043,13.403127122745294,10.836181564357219
3862,0.7363965077450924,-9.97633609349274,13.483070796661876,10.783554415180143
3863,0.7361734959238359,-9.949473077945289,13.47328236454512,10.750527355709133
3864,0.7362903085886696,-9.981902319210388,13.440048679270438,10.794314670601356
3865,0.7362598610047659,-9.892512210227283,13.388337403585206,10.64348195905513
3866,0.7362292475174211,-10.027404913108537,13.539418978851582,10.6766445636995
3867,0.7362671011749411,-10.004956104306832,13.579987671961712,10.658650937406582
3868,0.7363283251486341,-10.04762150332916,13.726561381398458,10.731182588025028
3869,0.736461954726339,-10.05165243932577,13.779823163828642,10.637179739509728
3870,0.7364466673148758,-10.046601880889954,13.73401634901754,10.702052110226253
3871,0.7367619852586081,-9.857198125422265,13.651682509692327,10.589177833799017
3872,0.736875143308451,-9.826416430856016,13.708675556435203,10.468657350144108
3873,0.736875143308451,-9.881727092158009,13.695799556112217,10.45273042650504
3874,0.7368549092437953,-9.99262203331177,13.818542624654052,10.53513828862654
3875,0.7368549092437955,-9.955557640198723,13.647715581918188,10.392066574646558
3876,0.7368542680761234,-9.990826412278864,13.501901904027582,10.362536030069013
3877,0.7368589730902202,-9.968603751900373,13.518112231021862,10.372718851394191
3878,0.7367748998373757,-9.971011205070312,13.523300303951364,10.556905542374238
3879,0.736888586129326,-10.09805030138797,13.681944224625996,10.531689011671144
3880,0.7362903085886697,-10.330410518549746,13.835760720408416,10.634690868089729
3881,0.7369552053310544,-10.289206185148597,13.721283159409005,10.734933610695428
3882,0.7367796048514724,-10.214665495072566,13.646232729909563,10.588548128216834
3883,0.7368904730221698,-10.23840720090419,13.789303326093972,10.662116168587625
3884,0.7369215284455237,-10.292301255369576,13.869904528698905,10.764835574910709
3885,0.7368549092437955,-10.22936094155892,13.848175028813595,10.843959681497239
3886,0.7368549092437953,-10.334224745046734,13.939075616187518,10.990224626714179
3887,0.7368549092437954,-10.463404853383327,14.081580375855095,11.020103650271157
3888,0.7369200530890185,-10.604158299925645,14.137363978876934,11.219644361627878
3889,0.7370246746900674,-10.544747282518667,14.309004669648944,11.127345813109162
3890,0.7368833278400944,-10.468101359952618,14.402411220985018,10.956198700972193
3891,0.7367036653742742,-10.542393619393504,14.555172242363982,10.955601372236128
3892,0.737067126518916,-10.526428568653166,14.717466696731428,10.810250673721344
3893,0.7368362343494128,-10.509394540347422,14.604782961832104,10.819330183940645
3894,0.7367695472646734,-10.483653283544069,14.50641895032884,10.838234513894259
3895,0.7368155413987761,-10.588926320833348,14.54032542320409,10.920893299948416
3896,0.7368362343494127,-10.58891925723333,14.542547598887966,10.97436730083667
3897,0.7364026266541864,-10.505853077580154,14.5582483649549,10.937680855735161
3898,0.7364748354673821,-10.504505441860427,14.458212792515843,10.96494602734806
3899,0.7364392735050846,-10.456831563474273,14.319266569399682,10.898598109604754
3900,0.7367796048514724,-10.402899767079363,14.412907033844418,10.729702552470908
3901,0.7364925682136836,-10.36375273349868,14.406097762254538,10.681924997671835
3902,0.736461954726339,-10.42702494519144,14.368698595085243,10.726269228260604
3903,0.7364851621400677,-10.318480282551,14.345754397923788,10.576296871861393
3904,0.7364613135586672,-10.131116733751607,14.188228092683161,10.46204333167356
3905,0.7362806230836563,-9.941303164690659,14.033304218748683,10.284837858879092
3906,0.7362806230836565,-9.82884858099032,14.022544665253092,10.123402966109458
3907,0.7362806230836563,-9.882442546513968,14.110879054453433,10.185511470118339
3908,0.7361168576532078,-9.818877065205683,13.959012270943457,10.192556461261528
3909,0.7361854883311434,-9.838848304264989,13.902032989985958,10.206269908683678
3910,0.73624844756702,-9.735334762316548,14.014309171374805,10.061629311920353
3911,0.73624844756702,-9.747292122955324,13.984527973304193,10.198458694079179
3912,0.7362484475670198,-9.795749964071998,13.914151399969295,10.230270697510658
3913,0.73624844756702,-9.831295381252925,13.989494812225328,10.276429444045315
3914,0.7362392492045944,-9.779403654832322,13.989364034482257,10.144933457555656
3915,0.7361725208767896,-9.69355208171282,13.880456947105275,10.223945501484488
3916,0.7360717768650352,-9.704893695492121,13.926240145601417,10.228027642191467
3917,0.7362257272958792,-9.68504570201682,13.858047374346299,10.186583145969696
3918,0.7362349256583048,-9.676228040934916,13.870970870114665,10.134975824757102
3919,0.7362484475670201,-9.642691853593696,13.874847807775335,10.205134016302868
3920,0.7362484475670198,-9.584956107597026,13.85762384822753,10.242432356699167
3921,0.7362671011749409,-9.556506031447169,13.943953253108686,10.160138385986569
3922,0.7362427177163762,-9.625171128587915,13.990989016491401,10.079895642132623
3923,0.736365290997862,-9.697108427425663,14.222933855268362,9.987054601138379
3924,0.7361727401862945,-9.585153532214438,13.94767081338014,10.051904415625039
3925,0.7361727401862947,-9.57945895850718,13.920147147077373,10.198675140938064
3926,0.7361727401862945,-9.48093533414978,13.893792060873006,10.097455744007865
3927,0.7351618948539019,-9.51008499908627,13.882908849165686,10.19777573580866
3928,0.7350827478545885,-9.408176278076107,13.884871254099991,10.110806297175806
3929,0.7350069820625571,-9.255519875562106,13.791648349965504,9.992234273234596
3930,0.7326966144807215,-9.386393601155108,13.938872326153044,9.929545255408605
3931,0.7326966144807214,-9.386393601155108,13.938872326153044,9.929545255408605
3932,0.7329248286047293,-9.357606468946175,13.878812388825338,9.973733199196856
3933,0.7329845353180187,-9.36601114796043,14.069487878601148,9.847515703039848
3934,0.7326407882462229,-9.407996318751687,14.057650157320833,9.823411540080498
3935,0.7328302138664547,-9.398313930233417,14.11789099834,9.69850540157166
3936,0.735173882642075,-9.332808009180036,14.121468146405466,9.746550603549652
3937,0.7329228492739408,-9.407567235313952,14.067473171804266,9.794203655110127
3938,0.7330142343634841,-9.32888113522092,13.99028547258529,9.604006015898259
3939,0.733507507363285,-9.344030176028845,14.044494820885559,9.549051712341413
3940,0.7337615788182286,-9.163044515551661,13.84462142476421,9.364536031336488
3941,0.7339599831319901,-9.049445611239808,13.762052195192007,9.303558425089864
3942,0.7353493649250986,-8.99552442325396,13.561516729054805,9.36605255515777
3943,0.735604978377356,-9.093571457076774,13.685504905899194,9.549732473117107
3944,0.7353293061442494,-9.054950799524505,13.580164913957411,9.549208491046455
3945,0.7352061217266618,-9.060160947335293,13.532768883746678,9.438932572703031
3946,0.7356009684796379,-9.002433878813816,13.535910999776315,9.435942187686933
3947,0.7350429500538409,-9.02464516698929,13.561328241335891,9.315089779978944
3948,0.7353493649250987,-8.937789534099663,13.576143646393083,9.222837963090523
3949,0.7353493649250987,-9.098095902581452,13.694425402019379,9.344147289655087
3950,0.7354163974850223,-8.974690130557775,13.56165361290184,9.238105569492264
3951,0.735491889306209,-9.108151217234841,13.593761630297296,9.256133668459226
3952,0.7356701494532948,-9.215396612582474,13.663243827269289,9.231520769477006
3953,0.736419909121047,-9.273585537144628,13.826976589721351,9.303070401341007
3954,0.7353391371123845,-9.456133991928583,14.007621097430473,9.405758334658689
3955,0.7364638205540984,-9.446886093423839,14.042138326817268,9.521215994549456
3956,0.7364199091210472,-9.485463735878302,14.05854806999811,9.501023230181973
3957,0.7365185671529723,-9.391102027287117,14.021398850447623,9.52266317343122
3958,0.7365104262110349,-9.430509181512011,14.06351976202663,9.62837470332636
3959,0.7363686355205011,-9.437913002149065,14.046477998958036,9.61559124873579
3960,0.7360638868333322,-9.431760677116603,14.015965608669909,9.674005739100613
3961,0.7353117285371494,-9.426382911855876,13.986344216285302,9.678498303884535
3962,0.7354606834905665,-9.402097961054038,13.879315128768342,9.61221870563662
3963,0.7354285079739303,-9.410192674066106,13.837112623410015,9.66615467935934
3964,0.7361997938126563,-9.34549792429253,13.882853435785547,9.493309190848988
3965,0.7364752773836633,-9.389176066814196,13.97565507677697,9.487699749644932
3966,0.7350828561192152,-9.393399256303603,13.80887931054108,9.51083232253472
3967,0.7350999080708742,-9.405835329311481,13.825586879792702,9.559157691349196
3968,0.7360486140595828,-9.305046592045986,13.73178895665102,9.529343859255219
3969,0.7362758985851482,-9.340989818390364,13.802445386484905,9.62134834153951
3970,0.7354317675823061,-9.35263833652929,13.777626979510925,9.563718259058655
3971,0.7375690345654249,-9.270768580563194,13.87996725621352,9.589848841822834
3972,0.7340654726614743,-9.496212377013094,13.928346412052477,9.637335686089044
3973,0.7354256184068809,-9.435245937772212,13.959332213936186,9.733424654619691
3974,0.7547894112484204,-8.544820622592832,13.995277222891646,9.700976817244923
3975,0.7341101155359184,-9.501536106298733,13.990824152138913,9.68295866091789
3976,0.7589810917633818,-8.334498998957692,13.841332885492815,9.555381346986401
3977,0.7585775624731024,-8.31812825183524,13.746047890778765,9.506637683642484
3978,0.7586860476094367,-8.322254926415864,13.691975805851833,9.411269918670747
3979,0.758180220677557,-8.429911958202478,13.75452699596859,9.424198887438365
3980,0.7579628490914471,-8.387602517544618,13.710889484364518,9.291816226986121
3981,0.7585775624731023,-8.429791908363834,13.779217484474689,9.526546571506994
3982,0.7585775624731024,-8.426281798176548,13.714341309710278,9.571557983070987
3983,0.7590957321837523,-8.33474279485063,13.664793534172412,9.703859669480071
3984,0.7576176920417631,-8.459446051011174,13.677294785516622,9.713302491866687
3985,0.7588192751979985,-8.4340679476118,13.768687248406616,9.761811460946008
3986,0.7582868140182563,-8.560310398188996,13.835924350373713,9.816673378696875
3987,0.7587917448193423,-8.554532883727774,13.86297648026666,9.766698434717046
3988,0.7582298800971358,-8.462480524810907,13.654439426145997,9.63168161286067
3989,0.7581527864674119,-8.404273018153388,13.59315455738843,9.629739971017422
3990,0.7582208576274108,-8.463699454581977,13.634136245034808,9.720719809323692
3991,0.7582208576274106,-8.488069916737047,13.670162419068552,9.760280455545564
3992,0.7582208576274108,-8.416953978268548,13.665508701530648,9.62450048637187
3993,0.7582208576274106,-8.416953978268548,13.665508701530648,9.62450048637187
3994,0.7582208576274108,-8.576309610252979,13.899509592377187,9.605611685521442
3995,0.7582208576274109,-8.547156452663984,13.892641866802327,9.548100921533699
3996,0.7584348560226027,-8.544031448161256,14.04594763282259,9.483369121755102
3997,0.7587309425304959,-8.424332094472367,13.873767742765224,9.43520780156127
3998,0.7590761693758237,-8.452467681179069,13.909785373482906,9.468052225613453
3999,0.7589384184175412,-8.340136726536157,13.736196190857106,9.455237126209918
4000,0.7589384184175408,-8.332023242008933,13.757242617154521,9.324190807416542
4001,0.7590070490954764,-8.349558700150098,13.749662655949145,9.334724016384241
4002,0.7583798217882256,-8.325168512497513,13.713286538718414,9.32285002400714
4003,0.7585782928777582,-8.299137874364906,13.617523831810932,9.107006750771522
4004,0.7589758620003322,-8.318442970610368,13.564453078592999,9.139739292002368
4005,0.7582979512571346,-8.445837393449224,13.56773374968619,9.213911612363614
4006,0.7578221645659207,-8.44246026356371,13.64818371065504,9.253184186063235
4007,0.7582395494765009,-8.519394727927804,13.778249109249513,9.205791832109531
4008,0.7584067358221795,-8.532648918636665,13.74044901626467,9.241272525293748
4009,0.7582208576274106,-8.454952702579355,13.68814725566758,9.368624804724233
4010,0.7582208576274108,-8.347615994508274,13.578682543735264,9.325701701058394
4011,0.7576097655894131,-8.290698516460065,13.560815298965228,9.337741738892365
4012,0.7576150282480572,-8.307513525591094,13.54104998155213,9.436517922566344
4013,0.7577766387030647,-8.275115006892204,13.554035721860755,9.287763788999241
4014,0.7573790167717487,-8.164158818680765,13.468201722887402,9.18407520520366
4015,0.7573790167717489,-8.157380838318057,13.39333658889939,9.257090972686195
4016,0.7573790167717486,-8.122441700164421,13.33068311552612,9.388780230985128
4017,0.7573790167717486,-8.104926545268977,13.412525781536308,9.280595280799481
4018,0.757978844511375,-8.036001704082894,13.250439026707534,9.451824809268924
4019,0.7582097203885324,-8.071099185208318,13.21825621663124,9.449668127720082
4020,0.757560112436639,-8.015811365604996,13.101401971662053,9.524758604653321
4021,0.7573880392414737,-7.943475806326659,13.228302092522346,9.377625020253287
4022,0.7577394420577508,-7.868313755483289,13.285251798088918,9.153835986512505
4023,0.7587064801056611,-7.892344670952265,13.449743946387938,9.038750085281075
4024,0.7582696494880025,-7.829594614959836,13.306114456656188,9.148734830597805
4025,0.7581030808461358,-7.904947658837896,13.350911597083194,9.286839908047018
4026,0.7578639944151561,-7.928547363192485,13.362454523047587,9.503057835874001
4027,0.7578585643157736,-7.9567108602189105,13.398705586896234,9.509284895390637
4028,0.7578585643157738,-7.9567108602189105,13.398705586896234,9.509284895390637
4029,0.7581318287452902,-7.84888984007549,13.14058462242018,9.604420245692284
4030,0.7581318287452903,-7.831159577646995,13.078441825015103,9.514741394698175
4031,0.758154687753632,-7.976634384687877,13.11986097139784,9.676540182152221
4032,0.7581546877536319,-8.118300378598585,13.30875107308055,9.80401256195357
4033,0.7581546877536322,-8.16412262892926,13.514687831834374,9.695762704227706
4034,0.7579823702861802,-8.283973176892752,13.590031989333362,9.803089142031913
4035,0.75798237028618,-8.29572400763485,13.603480657021722,9.804833155529398
4036,0.7579823702861802,-8.30544855893829,13.750712454143699,9.66433764604875
4037,0.7575520336762533,-8.251559330441614,13.806460902084435,9.70354105107632
4038,0.7575520336762536,-8.364287340447,13.772001833418411,9.95532387473455
4039,0.7560373983741717,-8.430861213374198,13.841360177911655,9.815025969017846
4040,0.7569973765834611,-8.300871908535077,13.716196997061067,9.695989669327105
4041,0.7570463819269863,-8.263371425445976,13.743631024219825,9.570832050408091
4042,0.7571269331614008,-8.26112698923372,13.637072908601137,9.52035129475966
4043,0.7567483601091027,-8.164269369267501,13.455504059141669,9.597507098588428
4044,0.7576010390197785,-8.144582959839381,13.556048529302542,9.591121611565553
4045,0.7576008746364665,-8.153577164296275,13.512760044243445,9.53051290058382
4046,0.7579595112778382,-8.253927098176018,13.64766390237918,9.628142442332411
4047,0.757959511277838,-8.172957679395966,13.593318243993998,9.518183662122286
4048,0.7580485401599586,-8.263112722948138,13.569703870209512,9.552505310991624
4049,0.7582011922936867,-8.273185587935437,13.64083771579294,9.530698654732909
4050,0.7578547725284159,-8.238126420282457,13.620027273408901,9.38951775070977
4051,0.7578547725284162,-8.212245993674097,13.581007200115803,9.473393550015182
4052,0.7584949099099905,-8.124938443633951,13.34701025472429,9.542731289099766
4053,0.7587699694741566,-8.097222022421239,13.278530243949916,9.54019538839663
4054,0.7586897848376588,-8.076981409113404,13.342055106780395,9.385633954777834
4055,0.7579776250360667,-8.141503888907005,13.383114903915013,9.473511651668916
4056,0.7582314001607432,-8.101775771497497,13.256183632306058,9.481853563426403
4057,0.7581256337896825,-8.0729691773083,13.19466350266457,9.433206605359649
4058,0.7582097203885325,-8.130281432094614,13.335924864964515,9.455149526888743
4059,0.7580482665179769,-8.020580891194268,13.177202579771851,9.384993444592553
4060,0.7580482665179766,-8.182996240111775,13.247072316240978,9.4702234766958
4061,0.7580482665179766,-8.13612207413134,13.20884635364966,9.34974484043407
4062,0.7559409729722472,-8.232865484894688,13.175124486926867,9.450642214685868
4063,0.7559409729722469,-8.176767442017391,13.010598144224208,9.408704680060568
4064,0.7560612689951601,-8.177200385527538,12.992916686381157,9.401071448791026
4065,0.7560599157420034,-8.169131331807135,12.924435956688038,9.486533207716194
4066,0.7560153872811194,-8.081587064491387,12.93918855720077,9.294814710096277
4067,0.7560153872811192,-8.081587064491387,12.93918855720077,9.294814710096277
4068,0.7560028180543844,-8.02088351173408,12.817143168721733,9.227819104385448
4069,0.7560028180543846,-8.146036851229605,12.857297517021038,9.407036433335024
4070,0.7560446671944167,-8.206352111975015,12.946588797475522,9.433768262823719
4071,0.7560446671944169,-8.221361608985525,12.976714655398997,9.421460630425718
4072,0.7560446671944167,-8.260147030294569,13.151532193633809,9.444931591756921
4073,0.7560446671944168,-8.250810530589835,13.18789536931009,9.456355733049596
4074,0.7559127498113756,-8.165883068772132,13.116420594279168,9.232257000774268
4075,0.7560446671944169,-8.120175478280679,13.121631362062042,9.122776550769519
4076,0.7565831881143176,-8.161344091922144,13.068185899698593,9.185430748925922
4077,0.7560446671944168,-8.162734036284885,12.986298312725157,9.380936581459292
4078,0.7560446671944165,-8.155633148361643,13.105886460487056,9.24873455796146
4079,0.7560446671944168,-8.364992370997061,13.290105984282901,9.516255654260545
4080,0.7559268904131415,-8.276764917052558,13.143631271255641,9.417796665924143
4081,0.7572325349585247,-8.176814551993532,13.113506681239736,9.41302639458244
4082,0.7556520769755393,-8.214125751086138,13.119301423787366,9.394824842876337
4083,0.7566951613175242,-8.136499147008383,13.009507069240804,9.47244274581253
4084,0.7571122389356116,-8.070412037409366,13.089499704634875,9.445152952226302
4085,0.7574775358013844,-8.12738965826744,13.087169249201661,9.453098892781636
4086,0.7570656636903451,-8.112762205758191,13.038683492404909,9.33266055834098
4087,0.7570656636903452,-8.112762205758191,13.038683492404909,9.33266055834098
4088,0.7566687507070666,-8.182673328057952,13.094505682249432,9.345495054187523
4089,0.7572668070520068,-8.176462274011028,13.167657674119175,9.454037015623507
4090,0.7572668070520067,-8.078511847887633,13.012307688008306,9.38234500111792
4091,0.7565428583149907,-8.06849047304818,12.927806425232735,9.431351402792691
4092,0.7568063964478238,-8.011589687652961,12.852309436709534,9.340277679181039
4093,0.7380801426617302,-8.891152456827287,12.950934494638046,9.325684629066641
4094,0.7363174548492991,-8.873579968997616,12.969328618976995,9.161729614065232
4095,0.7364023860017969,-8.84892311144095,12.912667511224937,9.133097018541905
4096,0.7364835531488525,-8.927909460090591,12.925288539047381,9.232335467456183
4097,0.7364755787646821,-8.849924058009572,12.939699355007344,9.08281856709517
4098,0.7364620784246989,-8.81158159494852,12.73285266200762,9.128655922061776
4099,0.7364835531488523,-8.838088428471824,12.676634319289356,9.183731364006828
4100,0.7364755787646821,-8.869256509508359,12.68135704279104,9.234699692826464
4101,0.7364787904277547,-8.941370312362197,12.789591647168644,9.323073777325451
4102,0.73644215034235,-9.030201579292374,12.791538773505605,9.317932561951471
4103,0.7364953260790106,-8.971644919258281,12.739999510048206,9.34210961067623
4104,0.7362456030758502,-8.913175767451513,12.599890852148462,9.409316279294702
4105,0.7363928847485057,-8.836256686711124,12.523754803882195,9.452839557428176
4106,0.7368150608694604,-8.918865276376343,12.54177541245169,9.486643146799729
4107,0.7365478308025237,-9.052757764418553,12.607959249499217,9.55000603662698
4108,0.7363602711085907,-8.92574936501976,12.578812796829315,9.297824072540086
4109,0.7363861024442256,-8.96331197355869,12.613111546927163,9.420447211202964
4110,0.735988440241796,-8.91951889625527,12.51281588703189,9.588538472531516
4111,0.7362976785239521,-8.84998868935688,12.380727139065893,9.624986707293337
4112,0.73628157900157,-8.830379991348469,12.413214751162881,9.651052913280669
4113,0.7364096328132343,-8.68226558792416,12.357069514710082,9.501436571919962
4114,0.7357360263455682,-8.678756590845538,12.253233349095675,9.65221172271453
4115,0.73548831605633,-8.579083287800552,12.141673926138605,9.5657581912042
4116,0.7354921585366119,-8.632092750806976,12.132030021968989,9.600052475229246
4117,0.735556445341583,-8.65628286565881,12.044480108048969,9.619365896111217
4118,0.7352430521878677,-8.664118077126865,12.099996802654289,9.57456082363731
4119,0.7352712296636252,-8.643036595284867,12.017717016685884,9.663401059505116
4120,0.7354707825920309,-8.679759621549692,12.117582314345455,9.642229273535506
4121,0.7357624286697492,-8.734953605290457,12.120563849704116,9.58350241107406
4122,0.7357225189621774,-8.660288350116632,12.042384395689277,9.610686581924625
4123,0.7357225189621777,-8.660288350116632,12.042384395689277,9.610686581924625
4124,0.7357733632129141,-8.715684479801528,12.164218268308694,9.590614502162033
4125,0.7367246738627715,-8.649212577104,12.243157277098486,9.655091789068708
4126,0.7367240326950995,-8.717956713290064,12.29523086298822,9.60904365423761
4127,0.7367246738627715,-8.63822953914842,12.247650314343378,9.723852848167368
4128,0.7367246738627714,-8.63822953914842,12.247650314343378,9.723852848167368
4129,0.7366738437662925,-8.661984996659688,12.21732298209784,9.596024126058348
4130,0.7365293386245965,-8.681014481086008,12.15254254530922,9.514821500385267
4131,0.7365772552824871,-8.659150040791868,12.134737730704403,9.401649210479793
4132,0.7365908727511968,-8.590914306389736,11.969596174469995,9.456652430710827
4133,0.7365312261149454,-8.604380285347048,11.999247858087246,9.342710355799555
4134,0.7364124621036465,-8.52457120307129,11.960529832484427,9.274469662941643
4135,0.736777668733763,-8.45344654607092,11.997209226969035,9.19450496945763
4136,0.7365810977627687,-8.547155138779553,12.089338598262106,9.287213701358228
4137,0.736383206448762,-8.632191170974808,12.302233462372167,9.366482715063269
4138,0.7365788535842533,-8.486684217602075,12.16333685248153,9.230643691618337
4139,0.7368577281908729,-8.415394991335361,12.208909004251511,9.143440708717538
4140,0.7368402747131585,-8.41520649558364,12.277402580273552,9.022440268991568
4141,0.7367925758285884,-8.506579743819728,12.267523165383242,8.94348209303637
4142,0.7365662232971947,-8.437904615399706,12.221843375836398,8.962306231167187
4143,0.73691317593792,-8.467917734607353,12.240926972221251,9.122740863237345
4144,0.7367932169962604,-8.440345746023343,12.157639588569001,8.997428773795919
4145,0.7367932169962604,-8.440345746023343,12.157639588569001,8.997428773795919
4146,0.736549547031561,-8.443444473700398,12.033762365532665,8.971681812938327
4147,0.7369057389951538,-8.417646522206358,12.054958465336513,8.963325673623498
4148,0.736763942402671,-8.507629588244495,12.195830111864543,9.008789924836533
4149,0.7366787635908343,-8.492684122591985,12.149838072813052,9.031389748044946
4150,0.7366787635908343,-8.41298276349607,12.0049710993797,8.905269537656642
4151,0.7365220784344223,-8.424441435334407,11.983973477655192,8.92966021819912
4152,0.7366392361523483,-8.400284006915248,11.847658764606027,8.969749126307388
4153,0.7365424634517098,-8.41403476610635,11.970139258473557,8.875286912261691
4154,0.7364991460719803,-8.425980791150092,11.87218440832782,8.823340498575337
4155,0.7365273149847757,-8.476658852035056,11.981856338458506,8.850681464038047
4156,0.7365273149847757,-8.421223723607984,11.958787782649827,8.729653066452228
4157,0.7366120338988718,-8.390179927677773,11.892310518560983,8.515946624043423
4158,0.7366120338988716,-8.313646674853056,11.894767457879597,8.327462388582578
4159,0.7365273149847757,-8.260071483424877,11.79554182858461,8.329692617776908
4160,0.7365507785602201,-8.247848634687973,11.723549543645674,8.375669387282676
4161,0.7366908736926984,-8.191406015638604,11.597752160174224,8.275310123270987
4162,0.7365629380126976,-8.162798614447723,11.482936832406905,8.300609315470775
4163,0.7363513593034742,-8.172564753216376,11.580673661192625,8.163929602211324
4164,0.7362959046560833,-8.12205554877867,11.478414070998902,8.060392839318677
4165,0.7362959046560832,-8.12205554877867,11.478414070998902,8.060392839318677
4166,0.735929549399334,-8.055349881022394,11.472632474664618,7.982165331223363
4167,0.736255103770846,-8.076363565070974,11.340501786751547,8.084697236115476
4168,0.736255103770846,-8.076363565070974,11.340501786751547,8.084697236115476
4169,0.7364986735520158,-8.099854223266654,11.444907783830425,8.301290730020876
4170,0.7364986735520157,-8.099854223266654,11.444907783830425,8.301290730020876
4171,0.7365629380126973,-8.191553272874733,11.591744109102427,8.344733397236404
4172,0.7365629380126973,-8.121136383033798,11.614320580353034,8.273173314231569
4173,0.7365566026290596,-7.996368104817308,11.667198126528847,8.183123654126742
4174,0.7366585075034343,-7.981414785499301,11.72406780770328,8.191621225113412
4175,0.7364119322091252,-7.976827289077384,11.649085186997427,8.123013756610057
4176,0.7363193682315277,-7.97107745268397,11.794791538358366,8.056561866461342
4177,0.7362551037708458,-8.008720202389506,11.937641588338849,8.054886426391368
4178,0.7358624187922375,-8.015865136105347,11.907051690051613,8.009334603896882
4179,0.7348189333447708,-8.077014820737993,12.001478106381498,7.899113143717746
4180,0.7348831978054526,-8.01148856409328,11.933978975382688,7.8411815436848675
4181,0.7346256923722896,-7.998163225495732,12.022415005895152,7.922878741064079
4182,0.7354319713494256,-7.897031514217147,11.913163972417749,8.06050124963202
4183,0.7350210954531428,-7.891118111522729,11.74186983024517,7.980828502498266
4184,0.7339443927173048,-7.927242684051176,11.649620254419517,7.880092339949702
4185,0.7349628069342378,-7.814231605705498,11.665771950273044,7.973509168035436
4186,0.7353931417460915,-7.885542570694525,11.75061325324254,8.0553601509033
4187,0.7355139373830478,-7.927168265064356,11.890101881115882,8.136381788472265
4188,0.7355139373830479,-7.927168265064356,11.890101881115882,8.136381788472265
4189,0.7352816537296475,-7.9379403317660095,11.91169772807554,8.070325184310612
4190,0.7354305352858097,-7.907754603404208,11.89911078776794,8.052855990397743
4191,0.7347059895437528,-7.978511949168833,11.939384919820462,7.959135835260407
4192,0.734717514486748,-7.987924881736126,11.785947643033305,7.894322201449718
4193,0.735164626547848,-7.989608506407526,11.86201731190132,7.868854349224283
4194,0.7352311931655099,-8.01930040080447,11.756248625108448,7.828593381362529
4195,0.7349301858093944,-8.058684565631985,11.80867936313361,7.716476227380636
4196,0.735428827384355,-7.972379213482499,11.640644805620589,7.637645984323664
4197,0.7355540464851319,-8.030145729422502,11.794714141858142,7.569376811801617
4198,0.734607614862217,-8.088097294477453,11.848101065790043,7.500502036174989
4199,0.7353843808058749,-8.085269521724577,11.796696284167048,7.600552448574697
4200,0.7354955557121599,-8.097792955865959,11.99027499014825,7.637881408651604
4201,0.7345014874783989,-8.034659748882845,12.080880686781047,7.566675185280115
4202,0.7345776507723574,-8.036375121776578,12.146742403691219,7.578737820319301
4203,0.7341959565329997,-8.028096256411944,12.178697238766565,7.6158659978150585
4204,0.7343980684865565,-8.09891443081382,12.132882779683825,7.6490233704055575
4205,0.7346342050485031,-8.160448108802267,12.134310171193595,7.545631615607074
4206,0.7343595540482636,-8.199629234177479,12.253433348487338,7.72244390824553
4207,0.7338408245156042,-8.271492750100078,12.170532651408443,7.714464681419447
4208,0.73430505813341,-8.327091930301957,12.310376222460876,7.84939124223879
4209,0.7332000827580025,-8.380282176371669,12.260750919078047,7.733790312345855
4210,0.7332508406501245,-8.415498577364456,12.288491774830856,7.5700636328720154
4211,0.7330185390239632,-8.443004427773607,12.356957504598734,7.4888859688935785
4212,0.7330185390239631,-8.375517371357665,12.2917609013731,7.524872820152657
4213,0.7328697709388221,-8.38336305665984,12.307197821384557,7.647323672801449
4214,0.7324573332671722,-8.378543762180009,12.148529568058482,7.715925544246258
4215,0.7345119811893672,-8.339999718908441,12.2268343877142,8.04673147676507
4216,0.7338700652498265,-8.389382870358308,12.21139121691351,7.9682879395552675
4217,0.7334723151273381,-8.419845426380109,12.270588529948606,7.960018300878607
4218,0.7323275299072816,-8.509060207082866,12.425802264178486,7.831456698528961
4219,0.7332972614439879,-8.407882341469369,12.282637499169814,7.8904828423783
4220,0.7328797047664917,-8.442157221787514,12.36061355764585,7.874376501172493
4221,0.7328254593365955,-8.528263763811024,12.398538925731792,7.95264845770563
4222,0.7328797047664918,-8.435848829278438,12.163904689338109,7.927141032001343
4223,0.7330895570360983,-8.44398341108246,11.985504239947938,7.914700860447457
4224,0.7328797047664918,-8.43760415041918,11.969051065236519,7.835601523182354
4225,0.7330499989524947,-8.44784890164606,11.931584550698487,7.739114891309457
4226,0.732611196575518,-8.405010685662,11.739552406812079,7.737595609453698
4227,0.732799969880969,-8.27046014944893,11.591148126594128,7.825427954716819
4228,0.7326111965755181,-8.196964283763156,11.510545714385263,7.764435913946907
4229,0.732886315255906,-8.1514047566962,11.565531436295549,7.787816566193269
4230,0.732577115179774,-8.162558631346263,11.62886995060605,7.819419256565962
4231,0.734124186866755,-8.079285915197044,11.600172025645012,7.974351184746539
4232,0.7341355528249768,-8.008821195922543,11.694433155515416,7.982324750798965
4233,0.734040300177292,-8.032082415490763,11.691942493355187,7.967512067500998
4234,0.7346227293420442,-7.913693913974238,11.589583387308055,8.082524840463654
4235,0.734788613643001,-7.910256045444051,11.492024308770478,8.135672390216651
4236,0.7348567674757841,-7.933987591609236,11.54641156889692,8.098803288244921
4237,0.7352529546624244,-7.956518886962197,11.54357287833528,8.306657988659925
4238,0.7352029825199942,-7.996692370803681,11.537844023687208,8.33118445831246
4239,0.7352029825199944,-7.996692370803681,11.537844023687208,8.33118445831246
4240,0.7352557312117933,-7.9781062102276845,11.502780350618814,8.305164600927613
4241,0.7352570978957954,-7.973729780202802,11.479865362568315,8.254657236539328
4242,0.7348026546364619,-7.998302736281193,11.494718831094572,8.148173585289602
4243,0.7353216419902083,-7.898787574804675,11.38929969150857,8.175448269312882
4244,0.73508389377882,-8.003616024938136,11.347971830329488,8.24447278438233
4245,0.7349248076992337,-8.062053500273551,11.304230837566847,8.270557222896459
4246,0.7347663687239818,-8.145374196640635,11.426186193525329,8.1047228534609
4247,0.7349248076992337,-8.147545994709066,11.3811289657619,8.20030312053505
4248,0.7348926321825973,-8.062640533822831,11.384953753595306,8.284683514853494
4249,0.7349248076992337,-7.938257689188083,11.311177451825651,8.238781786425443
4250,0.7352545727139448,-8.050153327493241,11.413869829325943,8.251790770008004
4251,0.7353246344307711,-8.17582889646756,11.638835109273456,8.29861081513414
4252,0.736181749949788,-8.105820101371792,11.630631251878985,8.322595817385857
4253,0.7361024765416271,-8.219622140537094,11.705927195476105,8.381496539078507
4254,0.7353757573660095,-8.329580684933026,11.751396885395616,8.435698535354554
4255,0.7361231512620342,-8.299974316198545,11.90541618388218,8.409139609803443
4256,0.7360762865048897,-8.22466737311288,11.878635242258234,8.454803509368755
4257,0.7361023343931359,-8.229953863298483,11.943397242470773,8.551520642047386
4258,0.7361423896670751,-8.234313161358621,11.96333999550616,8.68456758981203
4259,0.7360965205695454,-8.252406248791491,11.937202096070612,8.684589780766268
4260,0.7361214663406186,-8.339405786203741,11.857900469501901,8.58915597182005
4261,0.7361214663406186,-8.339405786203741,11.857900469501901,8.58915597182005
4262,0.7361214663406188,-8.394472497211801,11.728156438444987,8.791936774522155
4263,0.7361673354381483,-8.347236397353347,11.534098440658797,8.961312695848727
4264,0.7361673354381483,-8.383072564231657,11.507302375081938,9.012242087053213
4265,0.7353043768192925,-8.554732693745663,11.598050618574264,8.930635711322946
4266,0.7353216419902083,-8.503097042399418,11.603567747472114,8.977726786120128
4267,0.7352921959554581,-8.504070348445342,11.515160526744111,9.124694258369608
4268,0.7350627490557688,-8.512131779747195,11.612086832981333,9.052089382026312
4269,0.7350627490557688,-8.512131779747195,11.612086832981333,9.052089382026312
4270,0.7348443694339305,-8.530086364045337,11.648814362931184,8.98280891226082
4271,0.7343467559903943,-8.542072528809697,11.486454822786985,8.985256709120328
4272,0.7326731608308193,-8.589997658945734,11.574401187629055,8.849951531546337
4273,0.7327053363474557,-8.527148959656891,11.58780126880797,8.66240939170281
4274,0.7325118720840642,-8.472988690632384,11.520915614866944,8.731671030791704
4275,0.7325157172229998,-8.40688466727276,11.466968824707061,8.676743541238272
4276,0.7324873727282788,-8.346357370079238,11.569279243889813,8.712032731255087
4277,0.7323369388709137,-8.435341072584018,11.69070516263403,8.697396724586845
4278,0.7323667692927501,-8.508356733582119,11.765930693873713,8.78674276495931
4279,0.7315151077287555,-8.529554336220064,11.816709541196273,8.802035191736042
4280,0.7316227154258156,-8.587993399853975,11.939015913461052,8.787963247949481
4281,0.7316152769814519,-8.608460925874278,12.06556639069907,8.732321607903051
4282,0.7315524391123777,-8.620295490119883,12.119672763771622,8.788111025410338
4283,0.7315890781481974,-8.629869487862978,12.246205213919804,8.711081338969969
4284,0.7322536929670663,-8.669978621551858,12.276977931358038,8.647432620449864
4285,0.7320183939173093,-8.65876745753663,12.18848156375123,8.72583102011444
4286,0.7325658604546325,-8.623953979430027,12.10358182506747,8.810430947788007
4287,0.7326210269638391,-8.601996292582074,12.046660800945425,8.802955976621906
4288,0.7325445523635046,-8.628995900689437,12.04082016166927,8.847059621591821
4289,0.7324721329545482,-8.695870177285453,12.014233385638143,8.85702177946039
4290,0.7325032375869691,-8.71259424141057,12.142894024928916,8.88001245209699
4291,0.7325032375869692,-8.593494900861732,12.056428553776191,8.993835924007278
4292,0.7333775924925331,-8.589419323158229,12.276769688315635,8.815880629367657
4293,0.7332155813542017,-8.58323030905579,12.342529492374046,8.780010419267903
4294,0.7336660182749609,-8.681120467527585,12.491780045215256,8.661174214523307
4295,0.7335061389878385,-8.64694735801871,12.434863260327813,8.58388099751774
4296,0.733402546060038,-8.709158334215402,12.62785672688105,8.469864296390877
4297,0.7333775924925331,-8.703703931110548,12.560413403475568,8.453290028566267
4298,0.7337751731547358,-8.63820970399629,12.335371614249034,8.57299322963625
4299,0.7335355413523675,-8.795655741575933,12.462695040092425,8.670267248820547
4300,0.7334962630321153,-8.75502684463708,12.446070076571795,8.620263741007117
4301,0.7332728976076226,-8.768292363364642,12.541942824705304,8.568391498396473
4302,0.7334997482477603,-8.807964370880837,12.500543126280133,8.590126837783805
4303,0.7334997482477602,-8.77229012184495,12.509204363536444,8.698565065996137
4304,0.7331934925742406,-8.827093985190517,12.698902587139909,8.61151548547779
4305,0.7334997482477603,-8.843340898213809,12.761721598293947,8.616367166659314
4306,0.7336326924997945,-8.802354295464562,12.840692261881495,8.612180570367128
4307,0.7358552667226029,-8.646319589180004,12.833862656627149,8.415473821439361
4308,0.7353897484408566,-8.695148888210408,12.737293292970302,8.513715103795665
4309,0.7349928189662153,-8.629869672008745,12.74273577786953,8.584075965579391
4310,0.7329703282762539,-8.676498268150098,12.699361217081021,8.594703221598294
4311,0.7330341223831957,-8.534780479013353,12.551144830839323,8.52277349332854
4312,0.7329901606366588,-8.573110914232464,12.595633183621183,8.489999226594026
4313,0.7328522751444146,-8.491494627522048,12.448644355488138,8.437474393162098
4314,0.7329507977928641,-8.515961610373429,12.496999281884642,8.314689306182277
4315,0.732869252853884,-8.494860131160848,12.337158449740073,8.13340213786432
4316,0.7330082611974539,-8.561484354211075,12.21248439672344,8.313514768092936
4317,0.7327390176412519,-8.505482086620885,12.03088301916126,8.334725275207362
4318,0.7329502689995734,-8.475645846817958,12.050363141260641,8.405813003282669
4319,0.7323351125541641,-8.495375992217138,12.105082345323137,8.430950247012758
4320,0.7318541435340976,-8.53212213559569,12.034401746765957,8.386226507352513
4321,0.7322088583460439,-8.477254429185319,12.186353225053558,8.30057696447388
4322,0.7323622099970881,-8.507749422860154,12.231230691969364,8.261755912511163
4323,0.7324289383248929,-8.491165220702502,12.229366341622407,8.189044090051814
4324,0.7323940827071942,-8.555755794152866,12.271685235213555,8.398486402776449
4325,0.7326555734545337,-8.545279102636446,12.399752631960478,8.393884334349053
4326,0.7323940827071942,-8.491183999044123,12.276523095953657,8.320730518435996
4327,0.7325270269592284,-8.475387621865849,12.097032719074106,8.488102738445324
4328,0.7325270269592283,-8.47568926212019,12.060425866856617,8.35507609274795
4329,0.7343822778613706,-8.302518746059732,11.883876011585238,8.403686421110608
4330,0.734755376386316,-8.299623281529897,12.046824689659788,8.276673446878501
4331,0.7344690538009733,-8.387103452873042,12.03676441062757,8.33944905258404
4332,0.7323057149799815,-8.501806504030483,12.037389818088101,8.299117497802968
4333,0.7330257235489359,-8.402768686254944,12.186216973091577,7.961535563511606
4334,0.733638254359015,-8.41770844876469,12.320518034576235,7.975807575659723
4335,0.734067614061821,-8.405732271576573,12.275347020715769,8.13659693061938
4336,0.7322639394613984,-8.441878741254861,12.419874053297962,8.045532330479809
4337,0.7306160509105657,-8.390356310573875,12.27027919755958,7.86104789815245
4338,0.7303195500361936,-8.469321640552948,12.139288809323348,7.883458807069794
4339,0.7301853585422595,-8.400908478356529,12.079384390931686,7.789073494835298
4340,0.7322142571153922,-8.390670534670427,12.339917934273295,7.810531812893029
4341,0.7327119858983034,-8.452547996859511,12.442149079991207,7.855378883842365
4342,0.7330136013740454,-8.504414588397768,12.62855868266117,7.9577432928874146
4343,0.7330956083770561,-8.343919986316791,12.485336979817678,7.923784193504015
4344,0.734380708231492,-8.243817845134544,12.323820427930325,7.96288919418245
4345,0.7325442713528281,-8.317485343945549,12.414586110286713,7.810131973954342
4346,0.7328525035837765,-8.233007257444822,12.449480128062275,7.833444939570604
4347,0.7334057233896181,-8.204182373486537,12.457410284030182,7.845405547285272
4348,0.7341630522905314,-8.230180074392933,12.557223177649053,7.949783422370398
4349,0.7331651650570998,-8.318414683444141,12.687647095420788,7.88816956611062
4350,0.7336789946067757,-8.29468192969778,12.806632980581282,7.877109143943162
4351,0.734956252722076,-8.23771401894444,12.843264521823691,7.988221685033186
4352,0.7340977634610697,-8.251018267268611,12.882123281207319,7.9604499559480475
4353,0.7347491035530658,-8.322379341135893,12.88998728381414,8.08835068782084
4354,0.7353883109832802,-8.275481194031004,12.993933595579685,8.022216382578154
4355,0.7324453518655105,-8.48346749182667,12.997976302817566,7.937899266929823
4356,0.7342245458725913,-8.449481323238027,13.080195412628,7.989482258402866
4357,0.7333938308712084,-8.40021126469911,13.035444903999565,7.865759682415138
4358,0.7325637755305356,-8.397612088911426,12.983967313012663,7.821449212146406
4359,0.7322689034497157,-8.381862781576853,12.952871617648237,7.778641042008393
4360,0.7317619868715667,-8.502773281505759,12.986540428497936,7.715826234951323
4361,0.7334784183135783,-8.372729915137606,12.996038362764232,7.563997453911262
4362,0.7334784183135783,-8.372729915137606,12.996038362764232,7.563997453911262
4363,0.7333075552458211,-8.387773898932538,12.760547443968319,7.711504154743731
4364,0.733307555245821,-8.387773898932538,12.760547443968319,7.711504154743731
4365,0.7325040142375755,-8.396222244228671,12.693867266422387,7.628473521435969
4366,0.7311974419081572,-8.526416230275,12.745307708723187,7.486414262878459
4367,0.7320962393019487,-8.47107378913634,12.702000762637601,7.490951502962598
4368,0.7304030323443917,-8.517441715623574,12.653156747849046,7.626190880126754
4369,0.730403032344392,-8.502472741259236,12.691769568941519,7.62593668062641
4370,0.7314991964303111,-8.393319383734063,12.586199084553378,7.657392142730548
4371,0.7312123701364871,-8.411558680063518,12.522163703042196,7.58670448248149
4372,0.7309335653718123,-8.53865063318144,12.646375895238615,7.725806266109989
4373,0.7309690652651503,-8.461407461954858,12.773551614587085,7.793358186944602
4374,0.7312804989133561,-8.358926457207614,12.776186966347526,7.703512944391842
4375,0.7327925740453516,-8.2795294766204,12.84006740801679,7.62014474802558
4376,0.7332610019275041,-8.270582797521943,12.803224722069736,7.6819540433598785
4377,0.7336446017383915,-8.266243947685915,12.83734106815683,7.60024859778794
4378,0.729269924733222,-8.524304054525182,12.970763421757196,7.608733731363492
4379,0.727943925415718,-8.53540232076871,12.94617834805716,7.735482766777287
4380,0.7269876788462263,-8.71763663550641,13.102408235332007,7.717985395248986
4381,0.7277475937696791,-8.68370149694994,13.081168664265151,7.947413352708429
4382,0.7330314541991395,-8.434976970298404,13.121407275396361,7.941224634158893
4383,0.7311242723772855,-8.589081344781928,13.022559201717007,8.060469396140325
4384,0.7280400431079272,-8.725245875664967,12.991216724833818,7.945338153408
4385,0.7321565334956242,-8.404483859716288,12.980918536508394,8.055091651870846
4386,0.7328025078730209,-8.406988135452268,13.055165054061044,7.9340383248419375
4387,0.7311705027326139,-8.400411538740041,12.960895838616757,7.890508508466169
4388,0.7308785309661958,-8.314166964406388,12.845369760048003,7.8107435059707395
4389,0.7270682753797332,-8.576135017998507,12.760854935134294,7.777858826012538
4390,0.7318655967017955,-8.214065884235822,12.635273968545135,7.838024367349583
4391,0.7329898006079398,-8.200696549014461,12.614301197094038,7.62624232041306
4392,0.73116535726002,-8.339324277058084,12.510047231957575,7.795638791716394
4393,0.7315438616317357,-8.257853409793336,12.40159502045504,7.638048524719846
4394,0.731973202089832,-8.239297818048737,12.286386294733584,7.744146275530673
4395,0.7319732020898321,-8.239297818048737,12.286386294733584,7.744146275530673
4396,0.7309690652651502,-8.381917652799055,12.54432960417161,7.768432524620186
4397,0.73101493436268,-8.412893066074812,12.546101787807247,7.78676469048791
4398,0.7312617403520085,-8.345832928537067,12.417184982764741,7.63664220501786
4399,0.731408790072559,-8.344995121937137,12.479065577029333,7.664676512382125
4400,0.7311208199997973,-8.40796123009101,12.428946224817816,7.8101264007900575
4401,0.7313427873971,-8.342990000019967,12.32400660881285,7.813615351968187
4402,0.7333304663644611,-8.199364075616533,12.360021087942382,7.741835433691668
4403,0.7323938605497395,-8.315082634760916,12.487445408191464,7.7976058419706735
4404,0.7334354087186068,-8.267073117326994,12.635498818526756,7.672025452197155
4405,0.7337377780277026,-8.243454819060169,12.667349311486666,7.534250282143678
4406,0.7333771005384941,-8.279003035258324,12.705523137407273,7.391449745260052
4407,0.733380582093264,-8.306759970213223,12.85459243705436,7.403128097510423
4408,0.7331571649190826,-8.383425900936325,12.947947544373207,7.460345783705577
4409,0.7334435605749,-8.335206969778534,12.847218147256267,7.547642908674047
4410,0.7328773337149838,-8.364995192120597,12.838370771284234,7.532499057368946
4411,0.7332586469450028,-8.260146556062784,12.838855066865651,7.537053555562928
4412,0.7326082458351152,-8.441875308948397,12.990909360769008,7.56648892071292
4413,0.7328772466999907,-8.396364932405783,12.926553107391916,7.611300199091432
4414,0.732468135866998,-8.514640337840921,12.927009645198945,7.665740135609985
4415,0.7326542597094711,-8.44416851629591,12.846838963013068,7.774045639720246
4416,0.7325923429691701,-8.550987379765317,13.05600463881946,7.857539024906863
4417,0.7323265468355682,-8.49461093040596,12.982105959074183,7.810517286328646
4418,0.7320909714432345,-8.38834553654708,12.883338354155233,7.8944565191501725
4419,0.7326721378512049,-8.39531606644559,12.96685167058122,7.839381726227063
4420,0.7325844780824113,-8.49932650285426,13.198987116208304,7.776347200136944
4421,0.732342507574132,-8.434462805364888,12.979834696740896,7.814033760284044
4422,0.7316231063023794,-8.548829721873645,13.154732798888727,7.537475783127616
4423,0.7319804379110616,-8.619844610862955,13.191927129499913,7.334196448328479
4424,0.7323885158712257,-8.618186548293686,13.353086044891525,7.2616218505871615
4425,0.7317389873952733,-8.570332805509322,13.266452730819795,7.177838268882912
4426,0.7313104098179187,-8.525472876491877,13.167606145352982,7.178789195667801
4427,0.7326797015714513,-8.418584961977384,13.109129921927039,7.037201518845158
4428,0.7332199554509357,-8.364589721491814,13.144831163542237,6.979280055685867
4429,0.7329664270315229,-8.399053349806511,13.268444587156825,6.949829431342886
4430,0.7330188003054623,-8.460840600982598,13.260877569326084,6.825810592604226
4431,0.731583962864087,-8.551115477708336,13.203191204377118,6.828399260280105
4432,0.7324413623218622,-8.53245013777331,13.11415423798251,6.764952099314184
4433,0.7303818710575343,-8.629872894568152,13.090434239712526,6.848157216531933
4434,0.7304926710777416,-8.541221021236549,13.020316823886567,6.7132921251626625
4435,0.7304882229080132,-8.56804842295246,13.178779154382081,6.676159122736078
4436,0.7309284581179165,-8.52149343714078,13.082766203720114,6.7523316226749825
4437,0.730551999534812,-8.515955093345132,13.026453468024872,6.740121736929932
4438,0.7296939886463878,-8.73362551567399,13.127769575336432,6.681186448751258
4439,0.7295899961795992,-8.682949864872777,12.922734422920835,6.586392055628706
4440,0.7293834013144879,-8.756371189674883,12.884941056446433,6.665267928275138
4441,0.7298264904114754,-8.823799735418987,12.890438814406174,6.628178439553136
4442,0.7302771341877878,-8.697167905016986,12.68914680255485,6.549676694667697
4443,0.7302771341877876,-8.697167905016986,12.68914680255485,6.549676694667697
4444,0.7321300526246131,-8.585892803275293,12.772472318270383,6.466816306015958
4445,0.7323039384853339,-8.604348081774377,12.81220474664343,6.529819477286909
4446,0.7326345351078496,-8.566442317410111,12.706941902040665,6.547640887399253
4447,0.73197197754664,-8.767752878387773,12.801384484619222,6.4395073588983855
4448,0.7323346551304801,-8.846309754097046,12.903336012630106,6.512239275304897
4449,0.7324544773567995,-8.823761576331878,12.93248357083983,6.588277099378567
4450,0.7312721946523884,-8.823411824931949,12.769552512971266,6.526123126821359
4451,0.7316773399962369,-8.775793668115432,12.728922272392836,6.397765220315888
4452,0.7325814780017506,-8.636821304370821,12.719476065481091,6.205132430851912
4453,0.7323094083248823,-8.561077688456658,12.50464353823124,6.349623216115174
4454,0.7309022311801936,-8.75818021020163,12.536996128326006,6.211441481986983
4455,0.7290153867681061,-8.920980101092029,12.582302511445215,6.218214104167247
4456,0.7328022803863159,-8.629597892941563,12.547369291547463,5.953907583622386
4457,0.7330338211457275,-8.539447450012446,12.519564866876706,6.02370337504992
4458,0.7332103794665162,-8.563515041578244,12.621853472289954,5.897711522735288
4459,0.7333824404903271,-8.467048782389249,12.445170021212645,5.977907240086091
4460,0.7332721072478435,-8.570923924156565,12.611540713800663,5.758045291575005
4461,0.733094150970543,-8.56796921433865,12.569809697218618,5.664978919692329
4462,0.7330401132398635,-8.593004902437862,12.596427801582422,5.61724614134568
4463,0.7331778020432351,-8.535307323102787,12.40973853982071,5.599692042902807
4464,0.7332041451379566,-8.566681581594558,12.635447062303262,5.605640760932305
4465,0.7327039943124829,-8.617028785328692,12.620781634747626,5.589479420672823
4466,0.7326391946577353,-8.623371999352523,12.634746519140661,5.348355882641578
4467,0.7329543060699357,-8.583672815953717,12.828647042328898,5.4007044161580735
4468,0.7333289603312163,-8.483917092855698,12.737494868344138,5.536555986963313
4469,0.7333796170531807,-8.5652077423482,12.728854393471773,5.593466443286684
4470,0.7334078848299005,-8.4703557318998,12.676649217337243,5.613847143905992
4471,0.7333074030320773,-8.484619617939284,12.601535491677922,5.584031337308372
4472,0.733520358765836,-8.471140342481595,12.5409591529494,5.566862456526062
4473,0.7336003855846036,-8.61438685948881,12.656672668092614,5.455977916932021
4474,0.7331577546710965,-8.673518415735435,12.548703324712475,5.311826160458198
4475,0.7318803907349241,-8.670882230367154,12.470057005306769,5.446786232734903
4476,0.7365619315046839,-8.441597319314715,12.49319815078697,5.1858463935950745
4477,0.7331750936880833,-8.695623697621905,12.476643946786234,5.114322953159124
4478,0.737333233641798,-8.446421057655195,12.390774485662607,5.024104641757549
4479,0.734872257883345,-8.628426114192798,12.492614844440523,4.890826621459971
4480,0.736318010168086,-8.69554176772298,12.821684525802704,4.941606994682114
4481,0.7358816187847638,-8.757894758972565,12.923549388276655,4.826038814047205
4482,0.7348118906918548,-8.923911444137422,12.935969971743127,4.805276116862938
4483,0.7364674480968584,-8.723593079890314,12.893160887163122,4.93237888604295
4484,0.7366701312234667,-8.738855647931672,12.942117058737917,4.9591503773859875
4485,0.736372987012436,-8.72724882391839,12.831966656271188,4.957334431321094
4486,0.7360705846314916,-8.83358596586826,12.910351032256962,4.8366134656020074
4487,0.7364283166189822,-8.79548343325585,12.915521315530475,4.655978466748581
4488,0.75009719842517,-8.293324950048866,12.982884071406545,4.548128580852117
4489,0.7418707014237104,-8.53967730763008,12.802502222075681,4.626071303104124
4490,0.7351176895070685,-8.877551112609018,12.671051835171555,4.586531421240162
4491,0.7645112728791973,-7.669045676508031,12.779729807848401,4.44857517897916
4492,0.7702653672007064,-7.494130493536984,12.735982382855424,4.296938150296348
4493,0.7702653672007062,-7.494130493536984,12.735982382855424,4.296938150296348
4494,0.7642578736169807,-7.600185637143182,12.699420563015835,4.399618816207229
4495,0.7418241120950773,-8.536433595217417,12.670821890541063,4.439893758514277
4496,0.7707819089702023,-7.549427692727698,12.777173689795214,4.501049437967966
4497,0.7707819089702024,-7.549427692727698,12.777173689795214,4.501049437967966
4498,0.7707819089702022,-7.549427692727698,12.777173689795214,4.501049437967966
4499,0.7696727318679032,-7.620454536995487,12.88470632073817,4.642746586650991
4500,0.7696727318679031,-7.651834705767248,12.821678748172777,4.607175745345515
4501,0.7697111422058738,-7.69606679898763,12.963617570645217,4.6283134393022
4502,0.7698715005278481,-7.6982797873727264,12.906767847312421,4.670169720200984
4503,0.7702733150696739,-7.707429296461537,12.936252210674127,4.6194476943353795
4504,0.7707172651006856,-7.727200189488496,12.975113120503382,4.501350975333775
4505,0.7702858822791049,-7.887652799303731,13.245716073893147,4.5942205569558325
4506,0.7705248684576437,-7.826417933358001,13.187093793983584,4.64860994651706
4507,0.7704061115576262,-7.693096898628469,13.002680301175433,4.7560880942673
4508,0.7701814520421759,-7.718754183519844,12.962389593599124,4.8323214510252965
4509,0.7702658072406549,-7.7076020764054185,13.056566056994491,4.881418790020377
4510,0.7695235235677765,-7.694408728093527,13.103954321668729,5.021830627760623
4511,0.76990714745513,-7.801666746233801,13.104985061912696,4.944975333760123
4512,0.7695996459650875,-7.827698177037326,13.021512030856359,4.902994472985706
4513,0.7686227044088926,-7.956381535631441,13.108916195780688,4.938715453582063
4514,0.7699292143579402,-7.957238901933344,13.1087113086493,4.886790526720839
4515,0.770032234389457,-7.892764758063331,12.93262923677248,4.7200605025490905
4516,0.7697369098832625,-8.033524622293346,13.09833211513927,4.841044850518017
4517,0.7697248509620792,-8.107706364002413,13.148660729946725,4.815170563295389
4518,0.7696114767403679,-7.995155197861859,13.149633645225888,4.956802516466691
4519,0.7695097820699381,-7.937389418554123,12.981108562398678,5.014831149514524
4520,0.7695097820699384,-7.937389418554123,12.981108562398678,5.014831149514524
4521,0.7688558095719282,-7.976584726194417,13.018496543723568,5.046411374358751
4522,0.7696478218858278,-7.964842795741067,13.020399760816153,4.81180934630292
4523,0.7697248509620792,-7.9585726144198325,13.16050060698065,4.890483837908264
4524,0.7697742990731119,-8.198188329883562,13.397822447078207,4.863620011448162
4525,0.7698321658821112,-8.182631128748804,13.412308937548229,4.791942048317458
4526,0.7693238813595631,-8.197525517943152,13.439271627508958,4.785701116297115
4527,0.7694736510611563,-8.294973971891407,13.263214868209088,4.540073159493343
4528,0.7692741498024988,-8.258290076542659,13.272201714707151,4.447846568751946
4529,0.7697512730193935,-8.361570892314768,13.422545236316104,4.400200098941336
4530,0.7696679558421218,-8.29034403711411,13.277170466592926,4.480395111942694
4531,0.7696963695369646,-8.260460879407074,13.119430450891485,4.610540164064291
4532,0.7686993525554728,-8.253789135126459,13.110209595806477,4.410705889287011
4533,0.7694706283565799,-8.17612528960448,13.11382031581388,4.370004925689254
4534,0.768897990981664,-8.35619744105468,13.03668000554891,4.408776634830203
4535,0.7692047369713733,-8.333042972212114,13.09607135521291,4.483162375259572
4536,0.7692047369713731,-8.283736831625601,13.078635883091838,4.2995432365895825
4537,0.7686739809170904,-8.376635521154055,13.04939541926539,4.16169194305555
4538,0.7689231912812368,-8.295237358426778,13.102160342209343,4.194954747108278
4539,0.7688430762530399,-8.273511292257407,13.031178455803172,4.178388685264515
4540,0.7683775045840158,-8.181588887390642,13.023706675305084,4.091994671419808
4541,0.7685006188809707,-8.221812662719465,13.041904264496424,4.011924071781185
4542,0.7677949677134264,-8.286000837033704,12.965484331060054,4.015320485158282
4543,0.7687571754837332,-8.161187035963701,12.892439816433777,4.094203714079106
4544,0.76856218544781,-8.084223538825713,12.82793346257473,4.099048037580124
4545,0.7679039649323922,-8.083633092938129,12.840048096601954,3.977209091835254
4546,0.7684389282090902,-8.130232495269984,12.858202208374696,3.886588355519148
4547,0.7675899120479963,-8.104101968342425,12.808050703993322,3.6829347724612793
4548,0.7683800782746071,-8.06150558064855,12.859009538971131,3.791235838124533
4549,0.7695854018169279,-7.9212243009898895,12.900988867223663,3.9099053508122523
4550,0.7683474375608118,-7.965109871426363,12.90415433702502,3.6968868126759786
4551,0.7679040290319028,-7.9449573957225965,12.83865302114836,3.7092387185267124
4552,0.7678499172644744,-7.88847556747776,12.80386753868892,3.71364000068425
4553,0.7685380862304653,-7.912790270816695,12.741706226459852,3.5699558704731387
4554,0.7677565650476949,-8.120102637443173,12.951585177561329,3.4387282962427506
4555,0.7683515537659733,-8.090516096231832,13.062026456623567,3.560746870086421
4556,0.7683641795392494,-8.163909524121951,13.125832110877543,3.4512982663930116
4557,0.768791440799075,-8.200232610104704,13.235761556212271,3.453363361356615
4558,0.768483172187306,-8.203996658027336,13.336870006844588,3.535213379210056
4559,0.7691769647040617,-8.156602934377407,13.523838840202314,3.6970664927437626
4560,0.7691769647040617,-8.156602934377407,13.523838840202314,3.6970664927437626
4561,0.7691769647040617,-8.156602934377407,13.523838840202314,3.6970664927437626
4562,0.7692487999580047,-8.135372932966149,13.38042395222311,3.7124997619894984
4563,0.7691412307833808,-8.070092894794199,13.349214729762457,3.719128533429513
4564,0.7688391607397053,-8.060407769896148,13.38357390444663,3.7977663908785813
4565,0.7684510727115823,-8.054510931354786,13.496913799408743,3.8265900594584177
4566,0.7691541553357293,-8.088662920900745,13.604812386542699,3.810641328775726
4567,0.7690325955519307,-7.991387673426749,13.62008271627032,3.8038757546354653
4568,0.7699778671182584,-7.860613721803457,13.459637896958267,4.020248140481566
4569,0.7696722688349408,-7.976127036298796,13.533619152704826,3.9575674231136566
4570,0.770031200940056,-7.93697314268554,13.5892157036241,4.027919659098998
4571,0.7697348176984934,-8.135536142285577,13.657179015870348,3.9521169144312887
4572,0.7698822393415317,-8.129866502104136,13.662174739478775,4.006070590911632
4573,0.770191418848661,-8.215574196926227,13.701364210705004,4.071091097106308
4574,0.769944740649931,-8.25393127852413,13.738897674215803,4.0425132878500785
4575,0.7698622335632594,-8.268076092135548,13.620965427688656,4.0229423971298655
4576,0.7701739906592476,-8.302566646623982,13.80584886370129,4.019589977783391
4577,0.7705676853228788,-8.202060194207498,13.732782518127607,3.9495654757408896
4578,0.7708909817700547,-8.197938875242283,13.818961643436587,4.1520592228807285
4579,0.7711156753304266,-8.110208960567476,13.825483252860172,4.173407682587769
4580,0.771805866338531,-8.089167519787562,13.775093393075212,4.217586615015545
4581,0.771070850911365,-8.073160059645536,13.753331561556156,4.127583150657356
4582,0.7708213100529803,-8.043055207544871,13.74286254695406,4.0931774878780605
4583,0.7696488669816098,-8.071876092288933,13.747839740453736,4.2149363956064345
4584,0.7704405823126654,-8.012197272868933,13.533180727146075,4.0569523060570525
4585,0.7709132009500657,-7.9276698195495525,13.301808120468033,4.103514181607624
4586,0.7711831340146497,-7.836768000481615,13.237545640196227,4.18429567054987
4587,0.7711831340146497,-7.874761219778667,13.430294275079442,4.208058688624546
4588,0.7708487145291053,-7.73750487083243,13.170137963752145,4.082999239032192
4589,0.7706119449151363,-7.724725823719707,13.158179856271122,4.00244556302721
4590,0.7690401665983257,-7.765863141569453,13.276139349293386,3.823816054014112
4591,0.7687909797950435,-7.725379434829832,13.252866966302346,3.7810290121303196
4592,0.7689447492498959,-7.763170613062127,13.26090326839279,3.6656650704902924
4593,0.7683456311067248,-7.739792724715652,13.17753701320756,3.5343429577840846
4594,0.7686602130948772,-7.798937384229528,13.256968337046185,3.3655162002806556
4595,0.7686856522183587,-7.8640612648683454,13.473388067696897,3.3968404990427583
4596,0.7686856522183587,-7.8640612648683454,13.473388067696897,3.3968404990427583
4597,0.7691397078293495,-7.897629262104229,13.495142283418616,3.3905567795198546
4598,0.7678688704283188,-7.944780123386805,13.474280724011653,3.2763657715018772
4599,0.7676933042576953,-7.921886792738346,13.558758499156173,3.281952207130233
4600,0.7678419312616933,-7.94007798866204,13.468619225693287,3.2922555008198087
4601,0.7677340169774641,-8.006564775361369,13.585396237066517,3.3305337200975895
4602,0.7677865924026207,-8.005347718708528,13.611164472359269,3.2648749901544196
4603,0.7653430824896944,-8.095554818210177,13.734338742875266,3.3079441953578352
4604,0.7677493443660722,-8.03017074986723,13.892874136729624,3.42207029001258
4605,0.7675132592352298,-7.9396253292703785,13.673709993114196,3.448054020161958
4606,0.7671237009370203,-7.96818115775671,13.770149586465937,3.499704282168817
4607,0.7681491405182698,-7.94906810146125,13.740301365948682,3.589090577505776
4608,0.7679019811448646,-7.972144608798761,13.679314603681242,3.5454186601654736
4609,0.7678584292694368,-8.0506550925493,13.793829477473569,3.5647922648384274
4610,0.768351038247651,-8.021421487385014,13.77852222326815,3.4502561612032654
4611,0.768106427202556,-8.111604323061362,13.860153148197478,3.4688471606971922
4612,0.7686991010318857,-8.09466351502238,13.67094301617358,3.5718135950296555
4613,0.76806935853556,-8.162476849462754,13.679512264518104,3.499682967435537
4614,0.7687591641293942,-8.089571303286924,13.545541583365589,3.645569497286269
4615,0.7684295843608079,-8.038976527194851,13.521675272126238,3.7644674366979496
4616,0.7691809979712274,-8.085747005041622,13.648072946210196,3.6881149676899385
4617,0.7688608958587039,-8.08275434486607,13.587104831227018,3.764586353168639
4618,0.7694073343802232,-8.123765427112513,13.74600511769109,3.670512845324312
4619,0.7690088273686079,-8.222989110998729,13.717241583512827,3.5160202899125057
4620,0.7705588331910417,-8.217986813198284,13.701631067935425,3.6299496632992865
4621,0.7681445492725872,-8.265970158750408,13.62521456635361,3.4973064037235377
4622,0.7681445492725871,-8.265970158750408,13.62521456635361,3.4973064037235377
4623,0.7692488984164957,-8.272902538794934,13.578467981726728,3.5072800349804156
4624,0.7700377365038186,-8.31431428024361,13.542986525077879,3.460064185733353
4625,0.7689266943937219,-8.328306676556206,13.611804598546495,3.3921586376209243
4626,0.7695258914134459,-8.38103335934645,13.678221542609778,3.2531720897252083
4627,0.7694694236479804,-8.307645318540994,13.667948098107232,3.27411792961513
4628,0.7697089244761126,-8.452846779460872,13.631009863917296,3.077336106273108
4629,0.7698487350383769,-8.549980486715338,13.696291402147548,2.945979313131016
4630,0.7688819284162022,-8.640748503369132,13.789589348785011,3.0504689789719936
4631,0.768365578023912,-8.664135908921104,13.979993929114682,3.2278445278036747
4632,0.7683284001316236,-8.461435964205618,13.838973783226026,3.2530363967822433
4633,0.7684434773641187,-8.442807304233169,13.837334749266525,3.2547186917780566
4634,0.7677874185454022,-8.348126626962134,13.70648595239645,3.2805289752722153
4635,0.7687205336899448,-8.19200330593382,13.55044969602902,3.2691492910420488
4636,0.7679583757217574,-8.264731888192273,13.627799812054443,3.2806925345666285
4637,0.7682086595246118,-8.28833287891575,13.737491961059394,3.265286118575259
4638,0.7667458573220994,-8.269643753687383,13.86407881586518,3.3048631864176516
4639,0.7679630256078579,-8.312539983261656,13.921686279130952,3.300328741771302
4640,0.7691752121778174,-8.288323768431178,13.867223851210577,3.3616607809826897
4641,0.7690600306193356,-8.29295255814251,13.95928365058155,3.454453732621314
4642,0.7688587552600996,-8.346949051366185,13.879815107915716,3.390411643915711
4643,0.765978176955022,-8.414174536316352,13.862032261327434,3.280952523969739
4644,0.7674845938305824,-8.251641703309792,13.726992010716188,3.3432725876746625
4645,0.7676587202362655,-8.24584852425931,13.782920425976384,3.3360341521688937
4646,0.7686794752066997,-8.175125652913156,13.795020734822284,3.158614724817577
4647,0.7677032376835612,-8.127457330289097,13.839090335956502,3.227617470582892
4648,0.7682825348419267,-8.031720522337602,13.821382581661014,3.2842942959385226
4649,0.768691154202163,-8.049752551249602,13.865268936828997,3.222839111575847
4650,0.768741772275031,-8.054437765711834,13.83083074587679,3.1686987043423147
4651,0.7689504852006872,-8.159444536185239,13.905461724612422,3.0882132932715787
4652,0.7689752532558486,-8.096274900674254,13.871497778750886,3.1625360148372605
4653,0.7690068738981596,-8.01525303988113,13.744043374826688,3.262444435146465
4654,0.7698727446699867,-7.936599426563864,13.651126592684745,3.355997673889573
4655,0.7694706826155212,-7.8395996959066885,13.592384986132785,3.411474481595571
4656,0.7678442361115243,-7.985676326686889,13.675129058504936,3.320517963228515
4657,0.7699148190579317,-7.979581569305009,13.584746833719628,3.233908467094385
4658,0.7701590790180372,-8.068930292193942,13.653604439575416,3.1250327582282007
4659,0.7702022607449219,-8.034346836968382,13.613793948729718,3.1477745637637016
4660,0.7699879897167858,-8.078042296402755,13.62292796883849,3.2079389982999107
4661,0.7707556581559891,-8.126746344536198,13.858914287072276,3.3945570651084984
4662,0.7707556581559892,-8.126746344536198,13.858914287072276,3.3945570651084984
4663,0.7685212957626587,-8.170498023419675,13.714575948326836,3.312308806572122
4664,0.7699909718407408,-8.180018611218554,13.825813601283032,3.4085921171180478
4665,0.7708253836438609,-8.093397111377431,13.77580097558739,3.4086289067296778
4666,0.770685637673994,-8.03844600187584,13.681915352563475,3.5086442545591754
4667,0.7707696583516045,-8.120523632869327,13.796057227357345,3.7080735908302866
4668,0.7708407371565619,-8.043108947932328,13.757674269146811,3.6902452161370545
4669,0.7698775950270949,-7.955435978988868,13.774642725775324,3.8507239476794446
4670,0.7704114925642577,-7.928635194832033,13.719374863800041,3.684219051236487
4671,0.7704281906831693,-7.959252492925407,13.765709380262686,3.7256110424041182
4672,0.7704007638102826,-8.011585622126908,13.712514546672677,3.68333653137595
4673,0.770569664837985,-7.995946878454098,13.702532988062295,3.640212033771041
4674,0.7704889597725941,-7.932547696010404,13.54822397667346,3.6944630702868215
4675,0.7703300436251415,-7.940132005948722,13.518322847994083,3.7661420075420824
4676,0.7699823122958493,-7.989564821363844,13.563070669564032,3.5447979580668734
4677,0.7694743018113944,-7.91965449034649,13.425206690046512,3.5234462874377237
4678,0.7694743018113946,-7.91965449034649,13.425206690046512,3.5234462874377237
4679,0.7697098247962219,-7.89577625333162,13.525243655350675,3.4674193291124347
4680,0.7679661757325482,-7.853916657076891,13.506202626248351,3.313313291895448
4681,0.7695726823143121,-7.860903595936847,13.54822445033457,3.0671225353248
4682,0.769589043143332,-7.9231487417078625,13.46954184054564,2.9347825983338875
4683,0.7696733926578173,-7.790937659058519,13.40757482425529,3.001884231721695
4684,0.769676739886922,-7.794975114644853,13.34938896947513,2.945997817807763
4685,0.7696270825574493,-7.7772510417761485,13.363404147547216,3.0075799048668777
4686,0.7696270825574493,-7.839069494341384,13.494132753125964,3.0739064346526974
4687,0.7697206414956178,-7.9815408227113664,13.6870677134932,3.0932742464505933
4688,0.7697118049918089,-7.950625994106728,13.629390927497537,3.038465485858084
4689,0.7697439805084453,-8.035355101727575,13.680963887641063,2.8829865810400923
4690,0.7695949070408127,-8.031407121651242,13.65149937807593,3.0131606798801136
4691,0.7695982542699175,-8.009095375320841,13.573607180511832,2.8605198804239125
4692,0.7695416238627911,-7.959040050493513,13.546647969704482,2.9051396825456886
4693,0.7695498977249807,-8.006281407467496,13.574554424330934,2.8556493322566956
4694,0.7696201094797958,-7.920692895862661,13.441241255273418,2.7235028303353666
4695,0.7705063961693441,-7.798940637341734,13.329924405955289,2.6934444174277807
4696,0.7709618308575055,-7.802292328237651,13.263860072973342,2.674197542527814
4697,0.770506396169344,-7.764842920448915,13.272619711004594,2.8078082801265776
4698,0.7696954972347225,-7.765999271729574,13.173207541456202,2.818884389003243
4699,0.7693452418557565,-7.84554129859286,13.167141470542385,2.767642129078803
4700,0.7693768334040324,-7.8752781714515905,13.344762453192768,2.915267821992546
4701,0.7693768334040324,-7.876939159622641,13.254785635856646,2.7894505728629277
4702,0.7692571182776468,-7.938261627992668,13.315353442597663,2.645147276094028
4703,0.7692571182776466,-7.952048707485617,13.10964078611862,2.5975525612101187
4704,0.7692571182776468,-8.036916144776644,13.122228851043513,2.36900436556718
4705,0.7692786698092221,-8.122567724868945,13.184906238621044,2.2940155571315897
4706,0.7693216488726187,-8.008847704160797,13.105226452373465,2.377826836136941
4707,0.7696535737383039,-7.923393943010338,12.898230071714426,2.5478180664188588
4708,0.7694625822011585,-7.803351326272088,12.736456808495424,2.7061839505989767
4709,0.7695027112646395,-7.745348042568606,12.798341236175434,2.6334811247335086
4710,0.7695027112646396,-7.745348042568606,12.798341236175434,2.6334811247335086
4711,0.7692571182776468,-7.834909848681783,12.791560203309347,2.531598397184444
4712,0.7692571182776468,-7.786620445767355,12.803327588685653,2.5900749149883806
4713,0.7692571182776466,-7.9252822261751446,12.909513308281047,2.42625815790488
4714,0.7692157078957589,-7.878334049147379,12.862454943814752,2.5386992747532213
4715,0.7692177425185834,-7.872506833394507,12.746433658818127,2.4601639238893487
4716,0.7692077980639006,-7.879266461230233,12.674127895742245,2.2910746439408634
4717,0.7704712710572688,-7.868982891321019,12.767648161688346,2.1755319699858076
4718,0.7693141806969019,-8.029694313550868,12.856250133845341,2.1556024737577344
4719,0.7689768377125406,-8.046446438008347,12.8649381815034,2.072436862539971
4720,0.7689768377125403,-8.046446438008347,12.8649381815034,2.072436862539971
4721,0.7705825373121069,-7.890955090055818,12.788182730313766,2.190677639733805
4722,0.7695539547814128,-8.008732680512148,12.86172283478308,2.1982829300245728
4723,0.7693836471713331,-8.172715050959576,12.925388238813857,2.077473776974256
4724,0.7694329385993465,-8.241762399891947,12.986375931711507,2.175956395697332
4725,0.7693565069472833,-8.355129908595533,13.055315993222987,2.1256763145672286
4726,0.7694196499938202,-8.447834722903012,13.15918195569343,2.177238708476
4727,0.7695403507290731,-8.389030155565816,13.130171345994961,2.328092732662446
4728,0.7694353182525647,-8.353310583016663,13.067476392518603,2.3890266097982265
4729,0.7694949076006228,-8.452509699880801,13.09506434816717,2.2537741559557816
4730,0.7695403507290735,-8.521349181269002,13.07357620207978,2.2056508472607526
4731,0.7697665187918382,-8.554211882206209,13.173158966903703,2.116199101162564
4732,0.7696798727689864,-8.643314761116557,13.299886642732986,2.185875278939777
4733,0.7696364358452868,-8.683471749379725,13.294776872682592,2.206212775475855
4734,0.769552829116663,-8.764043197747617,13.378944584843131,2.2668135441896466
4735,0.7694047190635958,-8.673452968626732,13.40263564786147,2.2691082428437475
4736,0.7693952288065,-8.563431276590155,13.321941736304366,2.349974286820721
4737,0.7695497064204246,-8.491956112107964,13.316732420837228,2.539249029553353
4738,0.7693598655039806,-8.531357874236882,13.276874512191098,2.4688877357257857
4739,0.7694542147218089,-8.448822707083774,13.147296767640336,2.4324073453387687
4740,0.7694627504145714,-8.501534625080685,13.092480563814819,2.354999796451243
4741,0.7694627504145711,-8.501534625080685,13.092480563814819,2.354999796451243
4742,0.7692899866587095,-8.572017626219196,13.092301923120896,2.320147730831781
4743,0.769454214721809,-8.715085835070031,13.336900611888746,2.1551058280423288
4744,0.7694347857060468,-8.667757889829716,13.440897853248812,2.3093048525289634
4745,0.7693860176799147,-8.592969646477309,13.426583509326539,2.3982921250250833
4746,0.7694308712395297,-8.567001879303772,13.418778265306681,2.5159897211149707
4747,0.7694737144235045,-8.657910438294707,13.571155246677609,2.396643487807194
4748,0.7696884115630582,-8.499454725874276,13.581297449783277,2.544855778233872
4749,0.769407975307374,-8.425862103475596,13.468126302249416,2.621962947725395
4750,0.7694737144235045,-8.427218406276037,13.489905947889662,2.5964248765542193
4751,0.7694737144235042,-8.406702964593347,13.58386785972542,2.619371225269188
4752,0.7694528288669892,-8.402044850400097,13.521317877304373,2.5475713768077544
4753,0.7692043586303061,-8.416263674813734,13.550451664130309,2.5033949511010647
4754,0.7691587556784881,-8.394471128764637,13.410189297779432,2.5624652223243265
4755,0.7692235408491409,-8.472050019870325,13.499449905292854,2.5261418504457245
4756,0.7692235408491409,-8.472050019870325,13.499449905292854,2.5261418504457245
4757,0.7691161065822422,-8.36006328475223,13.377311464404459,2.5980599580882404
4758,0.7692799041560734,-8.219892692901471,13.23285065444189,2.645897894611443
4759,0.7692799041560733,-8.180652009306263,13.297748537077142,2.7373908609011193
4760,0.7696289616942101,-8.169460220504778,13.303007198215957,2.8484253570766467
4761,0.7703213855683935,-8.035996742638412,13.144346403273222,2.967380312504782
4762,0.7681961914312431,-8.06740075299604,13.065019029112023,3.011955196078259
4763,0.7682268791725113,-8.168416718855909,13.18492078760617,2.7931207373688998
4764,0.7681817099226198,-8.169880990204112,13.24316834106847,2.775124876795143
4765,0.76818170992262,-8.110206629545239,13.18890537091894,2.8700337498819186
4766,0.7676773033737904,-8.019117661618772,13.076881227918914,2.8192140557807766
4767,0.7687838522123063,-8.05062913002243,13.123191477768728,2.817208130715514
4768,0.768077186066246,-8.0862219995915,12.922546248514731,2.7696891247772406
4769,0.7681740707254229,-8.058553397690687,12.927475522632342,2.733342832459214
4770,0.7691851479517782,-8.019978580794918,12.975680152754103,2.82638730833398
4771,0.7689948144510431,-8.131368885822821,12.993240500186923,2.6234200933835523
4772,0.7680883404564647,-8.194652111503977,13.027512885533294,2.638698562706999
4773,0.7680732400206844,-8.18704570836696,13.053824760739241,2.6523309358252454
4774,0.7705581804629804,-8.014872493579128,12.81006184098097,2.6206090382575153
4775,0.7675838673443026,-7.9997138946474005,12.74015247364148,2.692596298635354
4776,0.7675838673443027,-8.042982033741977,12.850565408011793,2.7102287838275343
4777,0.7674200697704713,-7.903515570134745,12.688290251209486,2.8326106672582045
4778,0.7678673016636847,-7.840940267766415,12.706305326434817,3.0438334910452776
4779,0.7681222993674618,-7.81742194697582,12.752621084315033,2.9474995993275646
4780,0.7681146601702648,-7.800653697757511,12.806395275833953,3.0016991585435093
4781,0.76805776877249,-7.966519403326236,12.929694461183376,3.0162704916072642
4782,0.7680723257680329,-7.972380355905222,12.903274256464176,2.969620675601961
4783,0.7680577687724899,-8.022034020144222,12.914129072291818,2.8818294668427042
4784,0.7678326275537327,-7.978990660042014,12.844304978946017,2.835714803794914
4785,0.7680723257680331,-7.832032702599079,12.663274114918002,2.8949059388195266
4786,0.7681171793276483,-7.963134753996318,12.725115694439321,3.091468834443813
4787,0.7682729568140905,-7.961272976120734,12.761144246227142,3.034073261464509
4788,0.7683290560775273,-7.850919483100152,12.625445426746188,2.970342038818943
4789,0.768117179327648,-7.8031205615081385,12.560248504279896,2.951603388587178
4790,0.7683144990819842,-7.733649368046471,12.53714061327031,3.1509143172615586
4791,0.7682583998185475,-7.615785738527501,12.337287685640103,3.2522662984609934
4792,0.7671748464126389,-7.668939601422837,12.321595757499695,3.3216091093576865
4793,0.768102622332105,-7.740887676665549,12.437249668293777,3.180139171109779
4794,0.7681171793276481,-7.856583490936912,12.640000116740435,3.095953786032146
4795,0.7680723257680331,-7.891793369480114,12.652303012557674,3.0856731216204123
4796,0.7680723257680331,-7.865057646302605,12.572552265955677,3.1462973539650956
4797,0.7682729568140906,-7.855261253751705,12.47425621856259,3.185014790531136
4798,0.768117179327648,-7.836535663372468,12.458210420165608,3.148546170323722
4799,0.7681171793276482,-7.752749733852053,12.233129108467434,3.022698942988221
4800,0.7681171793276481,-7.800801055530014,12.313372178096625,3.028314284901384
4801,0.768072325768033,-7.76614644043614,12.257857597651075,3.11488973547052
4802,0.7680577687724897,-7.766424816680338,12.07776731819184,3.054043904585802
4803,0.7680577687724898,-7.832257740157779,12.118507507940889,3.0711690288918385
4804,0.7680723257680331,-7.75452127777411,12.08433607051406,3.0212256908238144
4805,0.7687919194974813,-7.726458256839674,12.042004917757279,3.0827312048584687
4806,0.7680723257680331,-7.770048590644491,12.017170277477671,3.096588080221389
4807,0.7680723257680331,-7.798437370322123,12.06695419622788,3.221562225765756
4808,0.7680723257680331,-7.826666837198773,12.060291961897214,3.0730574559276356
4809,0.768072325768033,-7.879207964794389,12.239577945559518,3.01237665267946
4810,0.7678937131904947,-7.732427109154342,12.161113296221615,3.018526774404137
4811,0.7680723257680331,-7.7978237084140005,12.210375850841128,3.0928442836035788
4812,0.7680723257680332,-7.877630956291149,12.250561455981632,3.102371984059719
4813,0.768072325768033,-7.984962935641104,12.236977520632994,2.878916796561631
4814,0.7678791561949517,-7.953115193651654,12.262232461148852,2.943889224243665
4815,0.7680577687724898,-8.064890439143861,12.355007505209157,2.798569155118252
4816,0.76805776877249,-8.016404981885543,12.234053642386458,2.720715690294099
4817,0.7682726436307962,-8.071710813639601,12.436933448934104,2.784819125803188
4818,0.7683290560775273,-8.140809505322524,12.47416179979956,2.8330969740537695
4819,0.7683290560775273,-8.043649769888638,12.42823958782021,3.003442698749729
4820,0.7683290560775271,-8.043699659411239,12.447499720639815,3.0086801725157164
4821,0.7683290560775273,-8.021928514366188,12.364241211666966,2.9470444574634085
4822,0.7683290560775273,-8.101608825298499,12.34950509874948,2.7291920329241206
4823,0.7684000401036765,-8.162781442838696,12.30608476305413,2.665158296594842
4824,0.7684157073783194,-8.254949933110831,12.539880415064147,2.641401024172126
4825,0.7683290560775274,-8.267559352461607,12.630049833522518,2.800659886235668
4826,0.7683290560775274,-8.201613765007812,12.508086011932138,2.82570001306415
4827,0.7683144990819843,-8.107612880744691,12.40907584283967,2.945923635114751
4828,0.7683290560775274,-8.066379418866802,12.49585540319245,2.9288546563116307
4829,0.7683290560775274,-8.062685512239993,12.453506773372855,2.8403505117475465
4830,0.7683144990819843,-8.164625128961848,12.467767818483503,2.747185002162086
4831,0.7683144990819841,-7.951831473252774,12.224358266713782,2.9802635932525656
4832,0.7683290560775272,-7.9418746679188414,12.428057774735963,3.0534231612452354
4833,0.7683290560775276,-7.8824858587366835,12.111615673189755,2.8287081480433742
4834,0.7683290560775274,-7.8822519038077035,11.959227608018677,2.7057877228612344
4835,0.7684157073783192,-7.861971750955798,11.87171486905598,2.84309406492184
4836,0.7684000401036765,-7.844077298791292,11.946180992713575,2.934733414631135
4837,0.7683622530584454,-7.819020574969274,11.785987382378222,2.8248388346860454
4838,0.7683290560775272,-7.884476699176867,11.754335492703174,2.793640243585673
4839,0.7683622530584455,-7.830956547889761,11.738704899042219,2.7783673154265935
4840,0.7683290560775274,-7.78083082944138,11.83268315548012,2.7289944575714062
4841,0.7683144990819841,-7.781009305639,11.803335351620952,2.844978339194045
4842,0.7683144990819842,-7.819585529686297,11.814630992162979,2.777431277715567
4843,0.7683144990819841,-7.7352199243501545,11.720389417097621,2.904442945086073
4844,0.7683029401948682,-7.82029427703004,11.729683426440515,2.9983344502916665
4845,0.7682583998185475,-7.815711936518024,11.767358675267449,3.1372901253591
4846,0.7682915967994655,-7.790965723237434,11.800612833127783,3.103987643034506
4847,0.7691808307208892,-7.618276631630386,11.651485032828859,3.360308736352649
4848,0.7687164540420476,-7.653888962819676,11.765189946017024,3.454294658286392
4849,0.7688432553535428,-7.656045026096461,11.780681649394547,3.466627731933472
4850,0.7674471622500975,-7.764278035044513,11.783144686054383,3.3319105726469687
4851,0.76927324549961,-7.826705929056805,11.970576373387374,3.364272370049022
4852,0.7677054317668529,-7.930964405742964,12.094167850849386,3.2970504086322134
4853,0.7667844494982089,-7.928908845474561,12.136255307376048,3.3192100419291974
4854,0.7682877039556648,-7.906966740886363,12.245546304000719,3.2662423092870867
4855,0.7682877039556651,-7.90062359026237,12.021978564518408,3.1762054975884944
4856,0.7683438032191018,-7.9111862811564615,11.908090830033494,3.177896970505809
4857,0.7683438032191019,-7.948992523788311,11.976249713799152,3.2022982706015024
4858,0.7681182486205413,-8.019748563296151,12.033431828765487,3.2610010021528173
4859,0.7682877039556648,-8.03580879912409,12.036094950941676,3.260379589928173
4860,0.7684147050716271,-8.042364000016793,12.023964091416035,3.2237648913041084
4861,0.7681319264692228,-8.059492847695553,11.982648182539041,3.108268015764611
4862,0.7681319264692227,-8.059492847695553,11.982648182539041,3.108268015764611
4863,0.7681319264692226,-8.129988200593601,12.045452251054472,2.9334630336231147
4864,0.76804107336363,-8.235073597845023,12.307021994186798,2.8992237605417652
4865,0.7679565485907843,-8.349536493936586,12.440092732489099,2.804829112611124
4866,0.7678156015356247,-8.362179789251968,12.366595119792509,2.85010376249737
4867,0.7678411755854709,-8.264128394236943,12.225038019550878,2.9180928998733453
4868,0.7679969530719134,-8.347665184215249,12.328198542696445,2.694229221797887
4869,0.7679969530719135,-8.372739535271323,12.248123117673979,2.630659491668013
4870,0.7680530523353502,-8.38862777534303,12.305180142510658,2.588317323498977
4871,0.7679969530719135,-8.402421440363746,12.230000055866356,2.5881422731114823
4872,0.7680530523353503,-8.491429399098246,12.313265993733987,2.4334895110342187
4873,0.7680530523353503,-8.456487472755821,12.384089060371139,2.5914188759837447
4874,0.7680530523353504,-8.46246079383809,12.415468286209224,2.6213182898682406
4875,0.7680414934482342,-8.355211188638073,12.231563448198811,2.46662898438124
4876,0.767841175585471,-8.456365674502718,12.169340306297972,2.413043090264308
4877,0.767841175585471,-8.523527120204314,12.184269880881278,2.2481613846231747
4878,0.7679969530719135,-8.486866053737211,12.070140603398606,2.2308216707102715
4879,0.7685804572064975,-8.395498959737122,12.07844902926546,2.411854363642923
4880,0.7686365564699343,-8.464396451683557,12.000093578750716,2.322551782483898
4881,0.768068334519281,-8.447039631190698,11.976271670916113,2.3635391381926687
4882,0.7680530523353503,-8.473568693721791,11.849885412124994,2.2909393413689445
4883,0.7686697154877408,-8.526321703186097,11.91298053292358,2.2706949105109864
4884,0.7685574914979739,-8.468522539545202,11.86278112104165,2.3505129855500675
4885,0.7681350285889749,-8.554841238146473,11.893214110579164,2.258440418695114
4886,0.7680530523353502,-8.516129557897433,11.81389174554151,2.2424190098005603
4887,0.7680530523353503,-8.521580997389107,11.94137536186426,2.2810228657394847
4888,0.7680530523353504,-8.581524091500002,11.936566742041265,2.1670084051335508
4889,0.7680530523353503,-8.63200136955838,11.931953473386102,2.103990780728049
4890,0.7680530523353503,-8.62492970309269,11.856104956099365,2.1832381297436423
4891,0.7680530523353504,-8.661234629142124,11.948117705118758,2.280506547675019
4892,0.7680530523353503,-8.626337437765397,12.18453311194038,2.3361312296826964
4893,0.7680530523353503,-8.575914454894013,12.150838956282083,2.479796400185509
4894,0.7680530523353504,-8.485754641820328,12.079433563574055,2.4188535943063605
4895,0.7680530523353505,-8.428230313156266,12.034628720844335,2.467501794933772
4896,0.7680530523353503,-8.394644917271773,12.0203244732054,2.445442214505319
4897,0.7680530523353504,-8.413377216614746,12.075422166844573,2.387836945291754
4898,0.7680530523353504,-8.415677288815766,11.941999355320199,2.4256902604257946
4899,0.7680530523353504,-8.379187820007802,11.858494001105901,2.478420302331332
4900,0.7680530523353499,-8.354936993725062,11.796829752007733,2.4005282111755033
4901,0.7680330115473226,-8.322557611093107,11.864240764049203,2.4533724636839382
4902,0.7678487102814812,-8.422609582455364,11.918459907353899,2.3600076691394
4903,0.7680530523353502,-8.442216590659626,11.939801857832931,2.2214465911269135
4904,0.7680530523353504,-8.563803518318378,12.178705158738751,2.2215050413242534
4905,0.7680530523353502,-8.535953505000412,12.282337867087534,2.2671780919748032
4906,0.7682209998402267,-8.35861511594438,12.205350972398682,2.3415400415713794
4907,0.7682042200988313,-8.376548419225104,12.16921435514132,2.2717120073810073
4908,0.7670441380310538,-8.388943542821995,12.15943606515846,2.1576882296871602
4909,0.7670441380310538,-8.418395121944243,12.208791702035898,2.102049486152045
4910,0.7670441380310534,-8.514014629276923,12.358183394847732,1.9847550136352645
4911,0.7670441380310534,-8.397512697862297,12.311048634460873,2.200744116761832
4912,0.7670441380310535,-8.296562089922004,12.326743796921871,2.3064874437038942
4913,0.7670441380310535,-8.274371019690678,12.242515212780598,2.284604565556996
4914,0.7670441380310534,-8.294230287430413,12.200471395935361,2.231013442056155
4915,0.7670441380310536,-8.294230287430413,12.200471395935361,2.231013442056155
4916,0.7670441380310538,-8.236570589971217,12.228897176566164,2.2154711916449092
4917,0.7670441380310538,-8.236570589971217,12.228897176566164,2.2154711916449092
4918,0.7670441380310536,-8.193939611382637,12.166253331297044,2.209089089374258
4919,0.7670441380310535,-8.158064619968982,11.787027552567467,2.1215024531440076
4920,0.7670441380310538,-8.251110654774658,11.787986662685778,2.117101309680501
4921,0.7670441380310536,-8.217501829647986,11.749238168193612,2.0683053189175573
4922,0.7670441380310536,-8.25483651681532,11.817161763002895,2.0487598279504793
4923,0.7659690126403934,-8.24240543475879,11.74938749741978,2.1738795700711275
4924,0.7659690126403935,-8.213482869051106,11.709858124228687,2.19227363477883
4925,0.7659690126403934,-8.10548201274112,11.625540584960707,2.286094829490982
4926,0.7659690126403933,-8.124049753860307,11.499918272559675,2.200187064109615
4927,0.7659690126403935,-8.220256368204383,11.726108667587994,2.1728445571977386
4928,0.7659690126403935,-8.197251424968083,11.7397159906042,2.1391649539794066
4929,0.7659690126403933,-8.247693433270047,11.602638295797389,2.07393345225292
4930,0.765764670586524,-8.388808521273772,11.516077727988616,1.9018163065691571
4931,0.7659690126403934,-8.30910959991821,11.439894553976552,1.9826811611761412
4932,0.7659690126403934,-8.318287861710523,11.440921465512204,1.9724257480167888
4933,0.7659690126403935,-8.18816564085115,11.467964200624188,2.0684680053651174
4934,0.7659690126403934,-8.273799720143133,11.455774283451591,2.1303784378536674
4935,0.7670443466652943,-8.387813088884034,11.54430532342717,2.1055293891375952
4936,0.7671290947081708,-8.504445676984849,11.598266381092607,1.9837105986777541
4937,0.767129094708171,-8.420661274861404,11.632139945937993,1.9562981040426661
4938,0.7671290947081709,-8.305601624004046,11.614262771879307,1.9969183165003528
4939,0.7671458744495664,-8.272806970509974,11.730999254005885,2.1108456412393184
4940,0.7671290947081709,-8.286859098454158,11.778175167266264,2.1173358703800425
4941,0.7671290947081708,-8.243655983520666,11.631341677492133,2.0508106522494405
4942,0.7671290947081709,-8.189446421869718,11.547447202297647,2.1320518416421694
4943,0.767129094708171,-8.195741893308629,11.559511160401287,2.071389350059243
4944,0.7671290947081709,-8.152243702268317,11.520367309781431,2.098641197911249
4945,0.7671290947081709,-8.110948515029477,11.413829627874913,2.143981228751952
4946,0.7671290947081709,-8.167944428845859,11.359998464562972,2.0734802433375106
4947,0.7671290947081708,-8.120722455398628,11.434153014095143,2.2287131069570565
4948,0.767129094708171,-8.130493752291322,11.493226465168217,2.157521428341985
4949,0.7671290947081708,-8.129855876401326,11.495578637836516,2.1369857420405474
4950,0.7671290947081708,-8.206817234073565,11.586747731650846,2.106518066698527
4951,0.7671290947081708,-8.262198503850582,11.683165920165354,2.0508243839907863
4952,0.7671290947081707,-8.326398836411265,11.776975989078206,2.038628923888072
4953,0.7671290947081709,-8.401501585330209,11.798678136632773,2.092695083054177
4954,0.7671290947081709,-8.589024679840744,11.830570699709554,1.995682430236173
4955,0.7671290947081708,-8.589024679840744,11.830570699709554,1.995682430236173
4956,0.7676043508310466,-8.545000988777494,11.760158822045616,2.0821836280098536
4957,0.7669790891079269,-8.522973317483325,11.748086493120981,2.129029908314567
4958,0.7676326253788159,-8.49842899150571,11.623584984441992,2.013843089102244
4959,0.7675150603058373,-8.496240296267674,11.540728611963532,2.1180465874864067
4960,0.7679862085127698,-8.503985182774917,11.497537495578564,2.1049726076744117
4961,0.7670599031983144,-8.585448092710436,11.505543372360192,2.0927139700168103
4962,0.7669876876786561,-8.667660442739567,11.663800418562147,2.050277570390573
4963,0.7669876876786562,-8.639240275228689,11.753144159085915,1.9785696186430763
4964,0.7669876876786563,-8.706002745517383,11.849833398279998,1.9122493819944428
4965,0.7669876876786562,-8.688038038675625,11.806278857552677,2.026726216346921
4966,0.766987687678656,-8.574349645892594,11.698863044709237,1.9723713126107547
4967,0.7669876876786558,-8.608690157804507,11.675671669816102,1.938161083911834
4968,0.7669876876786562,-8.57043006325426,11.622896131284232,1.9605057255523355
4969,0.7669876876786562,-8.596932595972806,11.630607906801192,2.0131121839898682
4970,0.7669876876786563,-8.534572135850903,11.699250580261081,2.1469775947722236
4971,0.7669876876786562,-8.520641195055221,11.603387117057183,1.9825735014584926
4972,0.7669876876786562,-8.548800462503793,11.630319506067671,1.9213923637479986
4973,0.7669876876786563,-8.697457768189562,11.609345330180629,1.6716959126945632
4974,0.7669876876786562,-8.748328547471012,11.676921928034172,1.578741116155928
4975,0.7669676468906289,-8.772598910153139,11.61111103984242,1.658509243743294
4976,0.7669676468906289,-8.625598812669118,11.518983965190602,1.7698373265513168
4977,0.7669876876786563,-8.631410245092583,11.463985470389819,1.6475952828721965
4978,0.7669876876786562,-8.565442159434212,11.361772832176344,1.543747718976742
4979,0.7678016998343007,-8.544058585471017,11.367760455100115,1.4751839372345752
4980,0.7668555611444453,-8.569554505729636,11.426711362360072,1.5057347545203879
4981,0.7669200917394172,-8.578895121952735,11.54664881349021,1.469554976864744
4982,0.7669932091286207,-8.68925284057453,11.61457231140746,1.3934776145898669
4983,0.7669878701735702,-8.792262920884351,11.544657318734446,1.3195513512682708
4984,0.7669876876786562,-8.859376232926989,11.509486099749974,1.3590702587087795
4985,0.7669876876786562,-8.917734988429176,11.412946916891098,1.2449260357146228
4986,0.7669876876786559,-8.97450890113746,11.530063150357874,1.2313238113465508
4987,0.7669876876786563,-8.949116453087019,11.568217019125504,1.2944065815290517
4988,0.7669876876786561,-8.993146434155408,11.451262982596312,1.1754740021658896
4989,0.7669876876786563,-9.09749022162014,11.6643190589906,1.1542979917862912
4990,0.7669876876786561,-9.146173319749147,11.770902714382597,1.158747932862302
4991,0.7667833456247871,-9.214489228336358,11.755904284095829,1.198444808426654
4992,0.7669876876786562,-9.076624412608606,11.646059230075261,1.280936104722664
4993,0.7669876876786562,-9.174898453701068,11.7209724355276,1.2577697274826714
4994,0.7669676468906287,-9.160497719727843,11.66127751156324,1.1822053586944654
4995,0.766783345624787,-9.08538606200976,11.624615230441517,1.3611007655527494
4996,0.766783345624787,-9.156734958208379,11.744148741421977,1.2862385166156298
4997,0.7667833456247869,-9.10931116105846,11.68150860968169,1.3421664786716463
4998,0.7666332772779596,-9.00943087640352,11.639353173834767,1.438178218413399
4999,0.7666332772779594,-8.949303439275091,11.634570938344325,1.5556171925559843
5000,0.7666332772779595,-8.963401545589779,11.684108056629169,1.5493802550182196
