smiles,scaffold,y_true,y_pred_prob,y_pred
C=c1nc2cnc1=C1C=C(C=C(C)C(C=CC=CN=CCl)=CC=NN1O)CN=C(C)CCN2,C=c1nc2cnc1=C1C=C(C=CC=CC=NN1)CN=CCCN2,0,0.7128812190507734,1
COCCC1=NCC(Cl)=CC2=CC=BCBC=C1CN=CN2,B1=CC=C2C=CCN=CC(=CBC1)CN=CN2,0,0.2906309042006325,0
OCCNC1C=C(Cl)c2nc(nc3c2=C=CC=3)NCCCCNCCC=C1C=CCl,C1=CC=c2nc3nc(c2=1)C=CCC=CCCNCCCCN3,1,0.7394418974976843,1
NC1=CC(SN2B=CC(Cl)=CC2)=CC1,B1=CC=CCN1SC1=CCC=C1,1,0.30379592508240877,0
C#CC=CC=CC=NC=Cc1nc(N=BCO)ccc2ccc-2n1,c1cncnc2ccc-2c1,1,0.4370823778805656,0
NOCN[P-]1Cc2ccccc2N=CNc2cc(Cl)c(Cl)c1c2,C1=Nc2ccccc2C[PH-]c2cccc(c2)N1,0,0.8590603085067996,1
OCCNc1nc(NC=C2C=C(Cl)C(Cl)=C[S+]2)nc2ccccc12,C1=C[S+]C(=CNc2ncc3ccccc3n2)C=C1,1,0.9923773363166998,1
OCCN1N=C(Nc2ccc(Cl)c(Cl)c2)C=C=NC=CC=CC1c1ccccc1,C1=CC(Nc2ccccc2)=NNC(c2ccccc2)C=CC=CN=1,1,0.9816060199158296,1
NOCCNC1=NC(c2ccc(Cl)cc2)=NCCC=CC1,C1=CCCN=C(c2ccccc2)N=CC1,1,0.4091172247421332,0
Clc1ccc(NC2=NC(N=[S+]COc3ccccc3)=N2)cc1Cl,c1ccc(NC2=NC(N=[S+]COc3ccccc3)=N2)cc1,1,0.9546751995939506,1
Nc1ccc(NC2=NC3C=CCOCCN2CC3)cc1Cl,C1=CC2CCN(CCOC1)C(Nc1ccccc1)=N2,1,0.14053521246188846,0
ClCC=CC=CNC1C=CC2CC(C=N2)NCCO1,C1=CC2CC(C=N2)NCCOC1,1,0.09443409943719021,0
C=C=[P-]C(=CC=C=O)N1CN=C(NCCO)CCC=C=CN1,C1=CCCC=NCNNC=1,0,0.06716651638331211,0
OCC1NC=NSNc2ccc(Cl)c(c2)[C+]1C=CC=P,C1=NSNc2cccc(c2)[CH+]CN1,1,0.6806826609783027,1
C=C1C=C=CN=C(NC2=CC=C(Cl)[P-](Cl)C2)N=C(CCO)C1,C=C1C=C=CN=C(NC2=CC=C[PH-]C2)N=CC1,1,0.473767289775541,0
CCNc1ccccccnc(ONc2ccc(Cl)c(Cl)c2)n1,c1cccnc(ONc2ccccc2)nccc1,1,0.9590605541263995,1
ClC1=CNOCNc2nc(nc3c2=CC=3)C=CC1Cl,C1=CNOCNc2nc(nc3c2=CC=3)C=CC1,0,0.22399468587641824,0
CC1C=CCC2=NCC(=CC=C=C1Cl)C(NCCO)=N2,C1=CC=C2C=NC(=NC2)CC=CCC=1,0,0.06011252359869359,0
ClCC(Cl)=CC=C1C2=CC=CC=CN=CC1NOCCC2,C=C1C2=CC=CC=CN=CC1NOCCC2,0,0.08436537403869798,0
C=C(Cl)C(O)=CC1=NC=C=CCNC=N1,C1=CCNC=NC=NC=1,0,0.08793851094661602,0
CCN=CCNC=C1N=CCCN1,C=C1N=CCCN1,0,0.013896457884488825,0
OCCNc1nc(NC2=C=[B-]=C(Cl)C(Cl)=C2)nc2ccccc12,[B-]1=C=C(Nc2ncc3ccccc3n2)C=CC=1,1,0.9941548508666458,1
CC=CC=CC=C1CC(NCCO)=NCc2ccc1nc2,C=C1CC=NCc2ccc1nc2,0,0.10497948212692629,0
OCCNC12CC=CCC1(N=C(Cl)NBr)C2,C1=CCC2CC2C1,0,0.05643982515602317,0
ClCC1=C2C(Cl)C=CN2OCC1,C1=CN2OCCC=C2C1,0,0.1050091031197637,0
C=C(Cl)C(Cl)=C1CCONC(NC=CC)=Nc2ccccc21,C=C1CCONC=Nc2ccccc21,0,0.5748303744210239,1
ClCNC1=NC=CC=CC[P+]CC(Cl)=N1,C1=CC[P+]CC=NC=NC=C1,0,0.44809055805135234,0
COCCC(C)C1C=CCC=CC(NCCO)=NCN1,C1=CCC=CCNCN=C1,0,0.04039630187130784,0
CC1=NCN(C2=CC(Cl)C(Cl)=C2)NC=CC=C1,C1=CC=NCN(C2=CCC=C2)NC=C1,0,0.136662929945682,0
ClC(=NCCCOc1ccccc1)c1ccc(Cl)cc1,C(=NCCCOc1ccccc1)c1ccccc1,1,0.8460641565822713,1
OCCNC=NC(Nc1ccc(Cl)c(Cl)c1)OC=CC=CN=CNc1ccccc1,C(C=COCNc1ccccc1)=CN=CNc1ccccc1,1,0.9858733575807618,1
CC=CC=CNCCCCOC=C=C1CCCCN=CC=NC(NCCO)CN1C=CC=C(Cl)CCCl,C=C1CCCCN=CC=NCCN1,0,0.22569758470365198,0
C=C1CC(Cl)=C(Cl)C(C)CNC(C2=C=[S+]=CC=C2N)=N[O+]=N1,C=C1CC=CCCNC(C2=C=[S+]=CC=C2)=N[O+]=N1,0,0.22238080079911512,0
OC[P+]=CNc1c(N2C=C(Cl)C(Cl)=CC2)[nH]c2ccccc12,C1=CCN(c2cc3ccccc3[nH]2)C=C1,1,0.9166146257505876,1
C=COCC1(C)C2=C(C=C2)NC=Nc2ccccc21,C1=CC2=C1Cc1ccccc1N=CN2,0,0.8981752219843478,1
OCCc1nc(C2=C=C(Cl)C(Cl)=C2)nc2ccccc12,C1=CC=CC=1c1ncc2ccccc2n1,1,0.9913766026079639,1
CCN1C=NC2c3c(cccc31)N(C)CC=C(Cl)C2Cl,C1=CCC2N=CNc3cccc(c32)NC1,0,0.09634876732448351,0
OCCNC1=NC(=CN=CCF)NCC(=CC[O+](Cl)Cl)C=C1,C=C1C=CC=NC(=C)NC1,0,0.2553978032362062,0
NOCNC1C2=CC=CCC23N=C1NC=CC=C(Cl)C3Cl,C1=CCC23CC=CC=C2CC(=N3)NC=C1,0,0.24729632185310446,0
CC1=PNCC=CC=CC=C(CNC=CC#[P+]CCl)N1,C1=CC=CNC=PNCC=C1,1,0.41848062122564544,0
BC1NNC(Cl)(C=C)C(Cl)=CC(=CC=C)N1,C=C1C=CCNNCN1,0,0.5,1
C=Cc1c(C)nc2nc1NC(CO)=C(C)C=CC2,C1=CCc2nccc(n2)NC=C1,0,0.09847369822673972,0
Clc1ccc(C2=NC3C=CC=C(CC3)CON2)cc1Cl,C1=CC2CCC(=C1)CONC(c1ccccc1)=N2,0,0.5905348432169344,1
ClC1CC=CCC1=CCCCCc1ncc2ccccc2n1,C1=CCC(=CCCCCc2ncc3ccccc3n2)CC1,1,0.6096393343257606,1
CCNC1C2=CC=CCOC2N=C1NCC=C(Cl)C=CCN,C1=CCOC2N=CCC2=C1,0,0.1099277352400035,0
CC1=NC(C2=CC=C(Cl)C=NC2)=NC=CC=[B-]1,[B-]1=CC=CN=C(C2=CC=CC=NC2)N=C1,0,0.12287225249923588,0
OCCNc1cccccnnc(NC#[P+]CCl)n1,c1cccnncncc1,1,0.8758409128496979,1
NC1=CCN(C2=NC3C=BCCC2(NCCO)C3)C=C1Cl,B1=CC2CC(CC1)C(N1C=CC=CC1)=N2,0,0.17667428694421008,0
ClC1=CC(N2CN=C3C=C=CC=C3N2)C2=C1C2,C1=CC=C2NN(C3C=CC4=C3C4)CN=C2C=1,0,0.16135986929017196,0
OCCN1CC=CCCC2Sc3ccccc3N=CSNC=CC=C(Cl)C21,C1=CNSC=Nc2ccccc2SC2CCC=CCNC2C=C1,0,0.6023741220614142,1
CCNC1=NC(C2=CC=C2Cl)=NC(=CC=CCP)C1,C=C1CC=NC(C2=CC=C2)=N1,0,0.2159975906753038,0
NCC1CCCCC#CC=CNCN=CCCCCCON=C(C2=C=CC=C2)CC(Cl)=C1Cl,C1=CC=CC=1C1=NOCCCCCC=NCNC=CC#CCCCCCC=CC1,0,0.2618816245596561,0
CC(=CCNC1=NC=C2C=CC=C2C(NCCO)=NC1)CCl,C1=CC2=CN=CCN=CC2=C1,0,0.07926971493517063,0
C=NC1=C(Nc2nc3ccc2cc3)C=CCC(Cl)=C1,C1=CCC=CC(Nc2nc3ccc2cc3)=C1,0,0.4897125358032753,0
C=CC=C1CN=CC2CC(=C(Cl)C=CCNOCCN1)NC=C=N2,C=C1CN=CC2CC(=CC=CCNOCCN1)NC=C=N2,0,0.4596128962838873,0
CCC1=C(C)CNC2=NCN(C3=C(Cl)C3)NC2=CC1,C1=CCNC2=NCN(C3=CC3)NC2=CC1,0,0.09806527808958176,0
Clc1ccc(NCC=C=C2CN=[S+]=NC23NCCO3)cc1Cl,C(=CCNc1ccccc1)=C1CN=[S+]=NC12NCCO2,1,0.8023807439289381,1
NO[C+]CC1=NC(c2ccc(Cl)c(Cl)c2)=NC=CC=C=C1,C1=CC=CN=C(c2ccccc2)N=CC=1,1,0.8595544581428259,1
C=C1C(NCCO)=NCNCCCOCC(C=CCCl)C=CC=[S-]1N,C=C1C=NCNCCCOCCC=CC=[SH-]1,0,0.13854272594985298,0
C#CC1=CC=CCC=C2C(=CCC2=NC)CCON1,N=C1CC=C2CCONC=CC=CCC=C12,1,0.3967879463471865,0
CCCC=C1CCN(O)C(N2CC=C(Cl)C(Cl)C2CC)=N1,C=C1CCNC(N2CC=CCC2)=N1,0,0.1539361494791696,0
C=[B-]=C1C(Cl)=CC=CNC1=Nc1ccccc1,[B-]=C1C=CC=CNC1=Nc1ccccc1,1,0.9689653037924295,1
NOCCNC1=Nc2c(ccc(Cl)c2Cl)C(N)=Nc2ccccc21,C1=Nc2ccccc2C=Nc2ccccc21,1,0.8253664684488997,1
OCCNC1=Nc2cc(Cl)ccc2NC=NC=C=CC=C1,C1=CC=CC=Nc2ccccc2NC=NC=1,1,0.9350624598622633,1
C=CC=CCOC1CCOC=C1N=C(Cl)NCCONc1cccc(Cl)c1,C(=NC1=COCCC1)NCCONc1ccccc1,1,0.8516935042228566,1
OCCNc1nc(NC2=C(Cl)C[N+]C(Cl)=C2)nc2ccccc12,C1=CC(Nc2ncc3ccccc3n2)=CC[N+]1,1,0.9706476248955531,1
OCCNN1CCc2c(cc3cc2-3)NC1,c1c2cc-2c2c1NCNCC2,0,0.13513315845289373,0
OCCCC1C=C2C=C1C=NC(Nc1ccc(Cl)c(Cl)c1)=N2,C1=NC(Nc2ccccc2)=NC2=CCC1=C2,1,0.9892145807061425,1
OCCNC12[B-]=NC(C=CC=C(Cl)[O+]Cl)(CC1)N1CC=CC=C12,[B-]1=NC2CCC1C1=CC=CCN12,0,0.091318895374146,0
OCCNC1=NCNCC=C(Cl)C(Cl)c2ccc1cc2,C1=CCc2ccc(cc2)C=NCNC1,1,0.3891188208726813,0
C=C(Cl)C=CC=S=NC1=C(N)C(=CC=C=[O+]C)C(NCCO)=N1,C=C1C=CN=C1,0,0.7447137915681641,1
OC12CC=CC3(CCC1)N=C2NCC=C3CCl,C1=CC23C=CCC(CCC2)C(=N3)NC1,1,0.1281560126408527,0
OCCNC1=N[PH](=Nc2ccc(Cl)c(Cl)c2)C=NC=CC=C=C1,C1=CC=CN=C[PH](=Nc2ccccc2)N=CC=1,1,0.7642089611339941,1
C=C(Cl)C(Cl)=CC=CC1=NC(C)=CC(=C[S-])NCCON1,C=C1C=CN=CNOCCN1,0,0.0995607078630678,0
CNCC1=CC=CC=C=[O+]N=C2NC=C(C)CC(Cl)N12,C1=CC=CC=CN2CCC=CNC2=N[O+]=1,0,0.08619191215797906,0
OCCNc1ncnccc2[nH]ccccc1=2,c1ccc2cncnccc=2[nH]c1,0,0.2881382008582684,0
COCCCC=C1CC(NCCO)=NC(CCNCCC2CNCC=N2)=N1,C=C1CC=NC(CCNCCC2CNCC=N2)=N1,0,0.43737258471104545,0
OCCNC1=NC(NC2=C[P-](CCl)B=C=C2)=NC2=CC=CC#[P-]21,B1=C=CC(NC2=NC3=CC=CC#[P-]3C=N2)=C[PH-]1,1,0.18775834334492533,0
C=c1c(Cl)[c+]c(Nc2nc(NCCO)c3ccccc3n2)c1Cl,C=c1c[c+]c(Nc2ncc3ccccc3n2)c1,1,0.9951465467953065,1
NC1C(Cl)C(Cl)=CCN1C1=CNN=CC=CCNc2ccccc2CNCC1,C1=CCNc2ccccc2CNCCC(N2CC=CCC2)=CNN=C1,0,0.5,1
ClC1=NCN(C2=CC=C=C2)Nc2ccccc2PCN1,C1=CC=C(N2CN=CNCPc3ccccc3N2)C=1,1,0.5,1
C=CCNC1=Nc2ccc(Cl)cc2CCNCCC(=N)NCCO1,N=C1CCNCCc2ccccc2N=COCCN1,1,0.7655326094553397,1
C=C(Cl)C(Cl)=CC=CC1=NC[C+]=C=CC=C2OCCNC21,C1=[C+]CN=CC2NCCOC2=CC=1,0,0.14925765177400482,0
C#CC=CC1C2=CC=C2C=CC1NCON,C1=CC2=CC=C2CC1,0,0.426086761300269,0
N#CCC=CCCCCC1C(O)=CC1N1CN=C(CCOc2ccccc2)N1,C1=CC(N2CN=C(CCOc3ccccc3)N2)C1,0,0.4863375780890864,0
OCCNC1=NC(Nc2ccc(Cl)c(Cl)c2)=NC2C=C12,C1=NC(Nc2ccccc2)=NC2C=C12,1,0.9837793797225921,1
ClC1=CCN(C2=NC3=CC=CC=C2NCOC3)C=C1Cl,C1=CC=C2NCOCC(=C1)N=C2N1C=CC=CC1,0,0.09507794110024399,0
NC1=C(Nc2ccc(Cl)c(Cl)c2)N=C(NCCO)C1=CC=CC=[S+],C=C1C=NC(Nc2ccccc2)=C1,1,0.8593264387443084,1
Clc1cc2c(cc1Cl)NCNNCCOC=CC=CC=C2,C1=CC=Cc2ccccc2NCNNCCOC=C1,1,0.3974661437978167,0
C=CC=CC=CC1CN=C2CC(NCONCOCCC=CC=CC#CC(Cl)C(Cl)=CC3=CC=NC=CC=C3)C1=N2,C(#CCC=CC1=CC=NC=CC=C1)C=CC=CCCOCNOCNC1CC2=NCCC1=N2,0,0.3595979395249774,0
OCCNc1nc(NCC=C(Cl)C2=C=C(CCCCCOCCl)CC#CC=C2)nc2ccccc12,C1=CCC#CC=CC=1C=CCNc1ncc2ccccc2n1,1,0.9745461117970312,1
CCC1=NCN(c2ccc(Cl)c(Cl)c2)NC=CCC=C1,C1=CCC=CNN(c2ccccc2)CN=C1,0,0.4242841834298384,0
CC=CC=C1CN=C(CCOc2ccccc2)N1,C=C1CN=C(CCOc2ccccc2)N1,0,0.10787455756428148,0
C=CC(C=C1C=C=C=CN1)=NC(Cl)(C=CC)CCCl,C=C1C=C=C=CN1,0,0.5788497999851039,1
CC1(NCON)C2=CCC=CC(Cl)=C1C=C(Cl)NC=N2,C1=CCC=C2CC(=C1)C=CNC=N2,0,0.07447950269038038,0
C=CC=[SH]CC1=CCNCCN=C(Nc2ccc(Cl)c(Cl)c2)N=P1,C1=CP=NC(Nc2ccccc2)=NCCNC1,1,0.9373870747486068,1
CNC1C2=[S-]=CC(=C1Cl)c1ccccc1N2,C1=[S-]=C2CC=C1c1ccccc1N2,1,0.9394416799968971,1
OCCNc1nc(NC=CC=C2CCCC=CN=CN2CCCl)nc2ccccc12,C(=CNc1ncc2ccccc2n1)C=C1CCCC=CN=CN1,1,0.969848875379332,1
CC=CC=C1CN=CNC(C2=CC(Cl)=CC2Cl)C1NCCO,C=C1CN=CNC(C2=CC=CC2)C1,0,0.20580047216874373,0
CC(=CCNC=NC1COOC(NI)=N1)CBr,C1=NCCOO1,0,0.04256244014606295,0
C1COCO1,C1COCO1,1,0.379542362405566,0
CC1CCC=NC=C1Cl,C1=CN=CCCC1,0,0.03936113222037107,0
CC(CCC1=CC=CN=C=CN1)C(Cl)=CCNC=C=NCCCC#N,C1=CNC=CC=CN=1,0,0.3280686233917501,0
ClC1=CC=CN=NC=C2C[B-]=CC=C2C[P-]NCCOC=C1Cl,[B-]1=CC=C2C[P-]NCCOC=CC=CC=CN=NC=C2C1,1,0.14983446639444067,0
C1=CC=CC=CNC=CN=CNOCCCC=CC=C1,C1=CC=CC=CNC=CN=CNOCCCC=CC=C1,0,0.031852742446972754,0
OCCNC1=NC(Nc2ccc(Cl)c(Cl)c2)=NC2=CC=CC[C-]21,C1=CC[C-]2C=NC(Nc3ccccc3)=NC2=C1,1,0.7554297546311567,1
ClC1=CC(=Nc2ccccc2)C=CC1Cl,C1=CC(=Nc2ccccc2)C=CC1,1,0.9685792247298882,1
C=C(Cl)C(Cl)=C[P-]=C=CNc1nc(NCCO)c(C)cc(=O)n1,O=c1cccncn1,0,0.6861271878898169,1
NOCNC1C#CC=CC=CN=NC1,C1#CCCN=NC=CC=C1,0,0.05960853538507729,0
ClCC=CC1=CCCN=CCc2ccccc2N1,C1=CNc2ccccc2CC=NCC1,0,0.3383219801811163,0
OCCNC1=CC=C2C1=CCC2Nc1ccc(Cl)c(Cl)c1,C1=CC2=CCC(Nc3ccccc3)C2=C1,1,0.9747846386520534,1
OCCN1Cc2ccccc2N(NCCC([S-])Cl)N1,c1ccc2c(c1)CNNN2,0,0.5682617781790661,1
COCCC1=NC2(C)CC=NCC1C=CCN=CC=C2Cl,C1=CC2CC=NCC(C=CCN=C1)C=N2,0,0.1991153869279598,0
OCCN1CC=CC=CN=C2CC=C(Cl)C(Cl)=CCNC1=N2,C1=CCNC2=NC(=NC=CC=CCN2)CC=C1,0,0.08845789091606668,0
CC=CCCCC=NCC=CN1C=NC=CC=C=CC(NCCO)=N1,C1=CC=CN=CNN=CC=1,1,0.4328043186126842,0
B#CCCC1=NCCC(NCCO)=B1,B1=CCCN=C1,0,0.027216925818030428,0
C=CC=CC=CCNC1=NC=C2C1=CC2NCCO,C1=NC=C2CC=C12,1,0.17210333017527507,0
OCCNc1nc2nc3ccc(cc13)OC1=C=C[N+](C=C1Cl)N2,C1=C[N+]2C=CC=1Oc1ccc3nc(ncc3c1)N2,1,0.950598891251284,1
C#CC(Cl)=CCN1C2C=CC=C3C2=C=NC31,C1=NC2NC3C=CC=C2C=13,0,0.20247542826351073,0
[O-]CC1=CN2Nc3ccc1cc3N2NCCO,C1=CN2Nc3ccc1cc3N2,1,0.8466942041588665,1
CCCC=CC=CCN=C(N=C=NC1=CC#COC1NCO)Nc1ccc(Cl)c(Cl)c1,N=C(N=C=NC1=CC#COC1)Nc1ccccc1,1,0.9582843309059866,1
ClCC1=C2C=C[S-]C=C2N=C(Nc2cccc(Cl)c2)N1,C1=CC2=CNC(Nc3ccccc3)=NC2=C[S-]1,1,0.9339925573114335,1
[N+]C1C=CN(C2=NC3=CC=CC3C(NCCO)=N2)C=C1Cl,C1=CC2C=NC(N3C=CCC=C3)=NC2=C1,1,0.1647884918669403,0
Cc1cccc(-n2c(O)c3c(c2O)C2(c4ccccc4)C(=O)C3(c3ccccc3)C(c3ccc4c(c3)OCO4)=C2c2ccc3c(c2)OCO3)c1,O=C1C2(c3ccccc3)C(c3ccc4c(c3)OCO4)=C(c3ccc4c(c3)OCO4)C1(c1ccccc1)c1cn(-c3ccccc3)cc12,1,0.2626955147362352,0
OCCNC1=NC(Nc2ccc(Cl)c(Cl)c2)=C=CC=CC=C1,C1=CC=CC=CC=NC=1Nc1ccccc1,1,0.7566638109256417,1
OCCN1CC=CC=CC#CN=C(NC=CCI)N1,C1#CN=CNNCC=CC=C1,0,0.1182983326721194,0
OC1CNC2=NC(Nc3ccc(Cl)c(Cl)c3)=NC1C2,c1ccc(NC2=NC3CCNC(=N2)C3)cc1,1,0.8776186278502871,1
OCCNC1=CC=C2C1=CCC2NC1=COC(Cl)=CC1,C1=CC2=CCC(NC3=COC=CC3)C2=C1,0,0.40651753217325715,0
C#CN=CCC(C)=CC=CNC1N=C(C=CC)N2CC=C(NC1C)C(O)C2,C1=NCCNC2=CCN1CC2,0,0.1068877248865622,0
C=C=CC=C1CCN(CCO)NC1c1ccc(Cl)c(Cl)c1,C=C1CCNNC1c1ccccc1,1,0.7784762948423165,1
O=C(Cl)C(Cl)=CCN1C=NN2CC=CC=C2[B+]NCC=N1,[B+]1NCC=NNC=NN2CC=CC=C12,0,0.2903758182676676,0
C=CC1CN2CC(=NC(=NC)CC=CC2NCCONc2ccc(Cl)c(Cl)c2)N1,N=C1CC=CC(NCCONc2ccccc2)N2CCNC(=N1)C2,0,0.801801590691873,1
C=C1C=NNCCCC#CCNC(=Nc2ccccc2CNCCO)CCOCC1Cl,C=C1C=NNCCCC#CCNC(=Nc2ccccc2)CCOCC1,0,0.5314351562032035,1
C=CC[C@@]12COC(=O)C(=C)[C@@H]1C[C@H](C(C)C(=O)O)[C@@H](OC(=O)C(=C)CO)C2,C=C1C(=O)OCC2CCCC[C@@H]12,0,0.2893394534939787,0
N=C1NCC=COCC2C(=CC=C1Cl)CC2Cl,N=C1C=CC=C2CCC2COC=CCN1,0,0.20913528583372604,0
CN1CCCCCCC=CC=CC1=NC#N,N=C1C=CC=CCCCCCCN1,0,0.10887549125835322,0
COCCNC1C2=CC=CC2N=C1N1CC=C(Cl)CC1Cl,C1=CC2N=C(N3CC=CCC3)CC2=C1,0,0.07667432450296402,0
[O-]NC1=[O+]NC(Nc2ccc(Cl)c(Cl)c2)=NC2=CC=CC2=C1,C1=CC2=CC=[O+]NC(Nc3ccccc3)=NC2=C1,1,0.7065451608409264,1
C1=CC2=CC=C2NC1,C1=CC2=CC=C2NC1,0,0.2552443311841195,0
CC1=CCN(c2nc(NCCO)c3ccccc3n2)C1Cl,C1=CCN(c2ncc3ccccc3n2)C1,1,0.9021853308852332,1
C=C(Cl)C(Cl)=CC=C1CNCc2ccccc2N=CN1,C=C1CNCc2ccccc2N=CN1,0,0.15365648335462326,0
CCCC=C1CN=CN(c2ccc(Cl)c(Cl)c2)NOCCN1,C=C1CN=CN(c2ccccc2)NOCCN1,1,0.7982498810303845,1
ClC=C1C=[C+]C(Cl)C=C1,C=C1C=[C+]CC=C1,1,0.6493379524759232,1
C=C=CC=C1CC(NCCO[O-])CC=C(Cl)C(Cl)=CCNBC=N1,C=C1CCCC=CC=CCNBC=N1,0,0.31514301979199755,0
ClC1=CC=[C+]C(CNC(Cl)=Nc2ccccc2)=C1,[C+]1=CC=CC=C1CNC=Nc1ccccc1,1,0.9271202660210964,1
OCCNC1=NC(c2ccc(Cl)c(Cl)c2)=NC=CCC=C1,C1=CCC=CN=C(c2ccccc2)N=C1,1,0.9529367019411743,1
N=C1C=CC=C=C1N=CC(Cl)C(CCl)NCCO,N=C1C=C=CC=C1,1,0.8058998721470804,1
C=CCc1cccc2c1C1=NC2C(=CCCC)CCCCN1C(Cl)NCCO,C=C1CCCCNC2=NC1c1ccccc12,0,0.15508184626875754,0
CC=CC(Cl)=NC1=NC=C=NCCCC=C(C)C(Cl)=CC=CN1,C1=CN=CNC=CC=CC=CCCCN=1,0,0.6338631145687771,1
C=CN=CC1CCN1CCNC1=NC2C=CN=C=CC3CNC3C=CC=C(C)CC=C2C(NCCO)=N1,C1=CC2CNC2C=CC=CCC=C2C=NC(NCCN3CCC3)=NC2C=CN=1,1,0.5314344275558017,1
Clc1ccc(C2=NC3=CC=CC=CCCNC3=N2)cc1Cl,C1=CC=C2N=C(c3ccccc3)N=C2NCCC=C1,1,0.2856899301872498,0
C=C1NCC=C=C(C=CBCCl)NC=Nc2ccccc21,C=C1NCC=C=CNC=Nc2ccccc21,0,0.7461718677285917,1
NC1(C2=CC=C(Cl)[C-](Cl)C2)NOOCCCOCNC#CC=C1C=COCCc1ccccc1,C1#CNCOCCCOONC(C2=CC=C[CH-]C2)C(C=COCCc2ccccc2)=C1,1,0.8156971166396451,1
N=C1C(Nc2ccc(Cl)c(Cl)c2)=NC2=CC=CC=[S-]2[N+]1NCCO,N=C1[NH+][S-]2=CC=CC=C2N=C1Nc1ccccc1,1,0.939812429731606,1
OCCNCC1=CN=C=CN1CCCCOCC=CN=CNc1ccc(Cl)c(Cl)c1,C1=CN(CCCCOCC=CN=CNc2ccccc2)C=CN=1,1,0.8665678039048472,1
Clc1ccc(C2=NCCN2)cc1Cl,c1ccc(C2=NCCN2)cc1,1,0.8407491120528875,1
NC1=Nc2cc(ccc2Cl)CN=C(NCCO)C1,C1=NCc2cccc(c2)N=CC1,1,0.7230428033875871,1
OCCNC1=N[S-](=CNc2ccc(Cl)c(Cl)c2)=NC2=CC=CC#[S+]21,C1#[S+]2C=N[S-](=CNc3ccccc3)=NC2=CC=C1,1,0.9809470190557602,1
CC=C(Cl)C(Cl)=CC1(NCON)C=C=CC=COCCC=NN=CN1CCN,C1=CC=COCCC=NN=CNCC=1,0,0.11780832617127066,0
C=C1NC(=NN)C=CC2=C1N2,C=C1NC(=N)C=CC2=C1N2,1,0.8743579992671262,1
C=Cc1ncsn1,c1ncsn1,0,0.7675232341606348,1
Cc1cc2ccc1OC(=CCCl)C=CN=CN2,C=C1C=CN=CNc2ccc(cc2)O1,0,0.2602800852596837,0
OCCc1nc2nc3cccc(c13)C(Cl)C=[P+]C[SH]=N2,C1=[P+]C[SH]=Nc2ncc3c(cccc3n2)C1,0,0.2733232775505646,0
CC1=CC2=CC3=NC(NC=CC=C1Cl)C3=C2,C1=CC=CC2=CC3=NC(NC=C1)C3=C2,0,0.5605513680205444,1
OCCN1c2nc(nc3ccccc23)N2CC=C(Cl)C21,C1=CC2Nc3nc(nc4ccccc34)N2C1,1,0.885784159682684,1
C=CC=C1C=NC2NN=CC#CCOCC=CC(C=CCl)=CCCNC2=N1,C=C1C=NC2NN=CC#CCOCC=CC=CCCNC2=N1,0,0.27810222304965687,0
B#CC1=CC2N=C(NCCO)C3=C(N)C12C=C3,C1=CC23C=CC2N=CC1=C3,0,0.5704191087379544,1
C=CC(Cl)N=C1C=CC(C#CCl)=CC=CCCN1,N=C1C=CC=CC=CCCN1,1,0.5728174846422688,1
N=[B-]CNC1CC=CCCN=CNc2cc(Cl)c(Cl)cc21,C1=CCCc2ccccc2NC=NCC1,0,0.666502639896923,1
Clc1ccc(NC2=Cc3ccccc3N=CNOCC2)cc1Cl,C1=Nc2ccccc2C=C(Nc2ccccc2)CCON1,1,0.781808033390441,1
OCCNC1=NC(NCC=C(F)Cl)=NC2=C[O+]C=CC2=C1,C1=CC2=CC=NC=NC2=C[O+]1,0,0.33116558508413724,0
NC1C=C(Cl)C(Cl)CN1C1NOCCNc2ccc1cc2,C1=CCN(C2NOCCNc3ccc2cc3)CC1,0,0.24413992402451526,0
C1=NC=[P+]2C=CC=CC(N=1)OCCN2,C1=NC=[P+]2C=CC=CC(N=1)OCCN2,0,0.049064112229266786,0
ClC1=CC=C[P+]2C(Cl)C12,C1=CC2C[P+]2C=C1,1,0.8751166033538821,1
COC1(Cl)C=C1NC=Nc1ccccc1CCONCl,C(=Nc1ccccc1)NC1=CC1,1,0.8880375368099562,1
CN[SH]1C(NCC=C(Cl)C(Cl)=CC[O-])=Nc2ccccc21,C1=Nc2ccccc2S1,1,0.6976745621782309,1
OC1C[S-]C2=N[S+](=Nc3ccccc32)NC=CC=C(Cl)C1,C1=CCCC[S-]C2=N[S+](=Nc3ccccc32)NC=C1,1,0.6307330982053883,1
OCCNC1=C2N=CC(C=C1)c1c(ccc(Cl)c1Cl)N2,C1=CC2C=NC(=C1)Nc1ccccc12,1,0.5896061628802723,1
OCCNc1nc(NC=C2C=C(Cl)[S+](Cl)=C2)nc2ccccc12,C1=CC(=CNc2ncc3ccccc3n2)C=[SH+]1,1,0.995696361727383,1
Nc1cccc2c1C1=C=NCNC(=CC=CCl)C(CCNCN2)CCOCOC=C1CC=NC=CC#COCl,C=C1NCN=C=C2C=COCOCCC1CCNCNc1ccccc12,1,0.5321792029041861,1
NC1=C2C(=CC1)C(Nc1ccc(Cl)c(Cl)c1)N=C2NCCO,C1=NC(Nc2ccccc2)C2=CCC=C12,1,0.8237995868674762,1
OCC[B-]C1=NSNCC2=C(Cl)C(Cl)=C=[O+]C2Nc2cccc1c2,C1=CC=C2CNSN=Cc3cccc(c3)NC2[O+]=1,1,0.8437898099502434,1
CC=C1CCN2CC=C(C1)C1(C=C(Cl)C(Cl)=CC=CN1)N2,C=C1CCN2CC=C(C1)C1(C=CC=CC=CN1)N2,0,0.35519748542590224,0
CC=CC=C1N=C(Nc2ccc(Cl)c(Cl)c2)NOC1(C)[C-]NCC,C=C1CONC(Nc2ccccc2)=N1,1,0.5406703041569617,1
ClCC(Cl)=CCN1C2=N[SH](C=C=N2)CCCCC2C=CC=CCOCCNC21,C1=C[SH]2CCCCC3C=CC=CCOCCNC3NC(=N2)N=1,0,0.10279992559312125,0
C#CC=CC=CCN=C1CC=C(c2ccc(Cl)c(Cl)c2)OCCNC(=C)N1,C=C1NCCOC(c2ccccc2)=CCC(=N)N1,1,0.5253063948199008,1
NC=CCOCCC(Cl)=CC=CNC1=C[SH]=C=CCON1,C1=CCONC=C[SH]=1,1,0.30202759371761095,0
ClCCCCCCC1=CCC=CC=CC=CN=CN1,C1=CC=CN=CNC=CCC=C1,0,0.06547388582439036,0
ClOCCC1=NCSC2=NCCC=C1CC=C[B+]CSC(Cl)=C2,[B+]1C=CCC2=CCCN=C(C=CSC1)SCN=C2,0,0.08128641777346442,0
CC1C=C=C(SNc2ccc(Cl)c(Cl)c2)CCN1CCO,C1=CCNCCC=1SNc1ccccc1,1,0.9427821035279254,1
CC=NC=CC(=CCNSN=c1[nH]ncnc1C)C(Cl)=CC,N=c1cncn[nH]1,0,0.4634128472177791,0
OCCNc1nc(NC2=C[P+]=C(Cl)C(Cl)=C2)nc2c1=CC=2,C1=CC(Nc2ncc3c(n2)=CC=3)=C[P+]=C1,0,0.4640331878116815,0
ClC1=CC=CNOCCC2c3ccc(cc3)N2C=C1Cl,C1=CC=CN2c3ccc(cc3)C2CCONC=C1,0,0.3929714063864594,0
OCCNc1nc(NC2=CC=C=[PH]2Cl)nc2c1=CC[O+]=C=2,C1=CC=C(Nc2ncc3c(n2)=C=[O+]CC=3)P=1,0,0.12997270188289733,0
CN1C[C-]N=C(Nc2ccc(Cl)c(Cl)c2)N1,[C-]1CNNC(Nc2ccccc2)=N1,0,0.6792773554555521,1
C=CCOC1=C2NC(=COCCNCCCC2=NCc2cc(Cl)c(Cl)cc2C)CC1,C1=C2CCC=C(N2)C(=NCc2ccccc2)CCCNCCO1,1,0.6376796121300538,1
CC=CC=C1CC(CCOCl)=C2OC=C(Cl)C=C2NC(N)=N1,C=C1CC=C2OC=CC=C2NC=N1,0,0.07092505903498579,0
B[S+]1#CC=CC(=CNC(Cl)=Nc2ccccc2)C1,C1#[SH+]CC(=CNC=Nc2ccccc2)C=C1,0,0.8055750376533827,1
C=C=CC1=[O+]NC(=NC=CC)C(CCON2CC=C(Cl)C(Cl)C2)NCC1,N=C1N[O+]=CCCNC1CCON1CC=CCC1,1,0.3084993310338249,0
CN1NC(N2CC=C(Cl)C(Cl)C2)=NC2=CC=CCC21,C1=CCC2NNC(N3CC=CCC3)=NC2=C1,0,0.18304737900248422,0
NC(=CCl)C1COC=C2Oc3ccccc3NC2=C1Cl,C1=C2Nc3ccccc3OC2=COCC1,1,0.6621908236952389,1
CC1=CCC(Cl)C(C)=CCNCC#CCC1Cl,C1#CCNCC=CCCC=CCC1,0,0.2493298770102721,0
CCCCCCCCCCCCCCCC1CC(=O)NCCCN(C)CCCCN(C)CCCN1,O=C1CCNCCCNCCCCNCCCN1,0,0.1758587903215688,0
COC(=O)C(O)C1C(C)(C)C(=O)C2C[C@@]3(O)[C@H](CC[C@]4(C)[C@H]3CC(=O)O[C@H]4c3ccoc3)[C@@]1(C)C2OC(=O)C(OC)(c1ccccc1)C(F)(F)F,O=C(Cc1ccccc1)OC1C2CC3[C@H](CCC4[C@H]3CC(=O)O[C@H]4c3ccoc3)C1CCC2=O,1,0.6711719300481986,1
ClC1=CCC(N2CN=C(CCOc3ccccc3)N2)=C1Cl,C1=CCC(N2CN=C(CCOc3ccccc3)N2)=C1,0,0.1393336924042038,0
C=CC=[P-]1CC(CCOC)=NC(NC=C(C)[B-]CCl)=N1,C=[P-]1CC=NC=N1,0,0.32226263882055584,0
OCCNC=NC1CC=C2CC(=CC=CN1)C2CCl,C1=CNCCC=C2CC(=C1)C2,1,0.18621016958674635,0
C1=C2C=CCNC=12,C1=C2C=CCNC=12,0,0.5158464428146524,1
CC=C1CN=C(Nc2ccc(Cl)cc2)N=CCC1Cl,C=C1CCC=NC(Nc2ccccc2)=NC1,1,0.5521839156867361,1
O[B-](Cl)=CC=CC=CC1CC2=CC=CCCN2C=N1,C1=CCCN2C=NCCC2=C1,0,0.15246315936018714,0
ClC1=CC=C2NC=NC=C=CC=CCCON2C=C1,C1=CC=CCCON2C=CC=CC=C2NC=NC=1,0,0.05902703124712564,0
CC12CC1(OCCC1=NCNc3cc(Cl)c(Cl)cc3N1)CN2,c1ccc2c(c1)NCN=C(CCOC13CNC1C3)N2,1,0.4936168417811419,0
OCCN1C=NC(NC2=C(Cl)C(Cl)=CCO2)c2ccccc21,C1=CCOC(NC2N=CNc3ccccc32)=C1,0,0.2790842321055323,0
OC1C2C(Cl)=CCN[O+]3C2=CC=CC2N=C3N=CNC21,C1=CC2N=C3N=CNC2CC2C=CCN[O+]3C2=C1,1,0.7263258980296926,1
CNCC(CC=CCON)=NC1=CC=CC=CCCN1,C1=CC=CNCCC=C1,0,0.0564900943901226,0
C=C1CCON2CCC(Cl)C(N=CCF)=C2NCCOCC=C1Cl,C=C1C=CCOCCNC2=CCCCN2OCC1,0,0.19500127866240188,0
CC=[P-]=CC=C(CN=CC1=C=C(N)C(Cl)=C1)C1=NOCCN1,C=C(CN=CC1=C=CC=C1)C1=NOCCN1,0,0.4730827302456114,0
C1=C2CCOCC(=NCN1)c1ccccc12,C1=C2CCOCC(=NCN1)c1ccccc12,0,0.4171612103791873,0
CC1=NC2=NC1=C=CC=C2,C1=CC=CC2=NC=1C=N2,0,0.30728990893308084,0
OCCNC1=C(Cl)C(Cl)=C=CN1c1nc2c3c(cccc3n1)[B+]2,[B+]1c2cccc3nc(N4C=C=CC=C4)nc1c23,1,0.6388097201425976,1
OCCNC1=C2CCCC=C3CN=C(Nc4ccc(Cl)c(Cl)c4)N=C3N(C=C1)C2,C1=CN2CC(=C1)CCCC=C1CN=C(Nc3ccccc3)N=C12,1,0.892523198837352,1
OCCNc1n[n-]c2ccccc12,c1ccc2[n-]ncc2c1,1,0.9038857562551419,1
[B-]c1cc(NC2N=P(CO)=Cc3c(N)cccc32)ccc1Cl,C1=[PH]=NC(Nc2ccccc2)c2ccccc21,1,0.8798505846002983,1
C=C1CCOC=CC(Cl)=CC2=CCOCc3ccccc3C(CCN1)NC2,C=C1CCOC=CC=CC2=CCOCc3ccccc3C(CCN1)NC2,1,0.340646777898392,0
C#CC=C1CC([C+]NC)=NC(O[N+]Nc2ccc(Cl)c(Cl)c2)=N[P-]1,C=C1CC=NC(O[N+]Nc2ccccc2)=N[P-]1,0,0.833417251866707,1
NC1=CC=C=[P-]C(=NCC2=CC(Cl)C2Cl)NCCO1,C1=CC=COCCNC(=NCC2=CCC2)[P-]=1,0,0.21503914260531762,0
CNC1=NC(Nc2ccc(Cl)c(Cl)c2)C[S-]2=C(O)C=CC=C12,C1=CC=[S-]2CC(Nc3ccccc3)N=CC2=C1,1,0.8637761294408319,1
OCCNC1C=CCC=C1N=C(Cl)Nc1ccc(Cl)c([P-])c1,C1=CCC(N=CNc2ccccc2)=CC1,0,0.9082881558545066,1
C=C1C=C2NC=NCC(C=CC(C)C2Cl)C(NCCO)=N1,C=C1C=C2CCC=CC(C=N1)CN=CN2,0,0.2751740388753727,0
C=c1ccccn2c(nc1NCCO)=NCC(Cl)=CC=CCCNCC=C2,C=c1ccccn2c(nc1)=NCC=CC=CCCNCC=C2,0,0.6024810032359789,1
ClC1=COCCNC2=NC(=[P-]c3ccccc32)N2C=CC12,C1=CC2C=CN2C2=[P-]c3ccccc3C(=N2)NCCO1,0,0.2714292633666597,0
OCCNC=NC1=NC[SH]=CC=C=CC(=CC=C(Cl)CCl)C1,C=C1C=C=CC=[SH]CN=CC1,0,0.09794656334965446,0
c1cc[nH]cncnc1,c1cc[nH]cncnc1,0,0.14984244215156986,0
OCCNC1=NN(C2=CC=C(Cl)C2)Cc2ccccc21,C1=CCC(N2Cc3ccccc3C=N2)=C1,0,0.3567767579813986,0
ClC=C=CC=CNOCCNC1=C=CCN2C(=NC3=C=CC=C3)NOCCCCCC12,C1=CCN2C(=NC3=C=CC=C3)NOCCCCCC2C=1,1,0.2243656798511682,0
CC#CNC1NN(CCO)C2=C(N)CC=C1C2,C1=C2CNNC(=CC1)C2,0,0.15593562828497867,0
NC1=CC2=CC1C(Nc1ccc(Cl)c(Cl)c1)N=C2NCCO,C1=CC2C=C1C=NC2Nc1ccccc1,1,0.9505559219752217,1
ClC1N=C(ONC=C2C=C=[O+]C=C2)N=C2CC=C21,C1=CC(=CNOC2=NCC3=CCC3=N2)C=C[O+]=1,0,0.17334706431555805,0
OCCC1=NC(N2C=C=C(Cl)C(Cl)=C2)=NC2=CC=CC21,C1=CC=CN(C2=NC3=CC=CC3C=N2)C=1,0,0.15636998098803567,0
ClC1=CC=C=[C+]C12Nc1ccccc12,C1=[C+]C2(C=CC=1)Nc1ccccc12,1,0.9072221735357943,1
CCCCCCc1cc2cc(-c3nc4ccccc4[nH]3)c(=Nc3ccccc3C)oc2cc1O,c1ccc(N=c2oc3ccccc3cc2-c2nc3ccccc3[nH]2)cc1,1,0.9246695402418045,1
CC=C1CON2CCCCOCCCCC=NNC=C=NC(Cl)C(Cl)=COCC(NCCC)c3cc2ccc3N=CN1,C=C1CON2CCCCOCCCCC=NNC=C=NCC=COCCc3cc2ccc3N=CN1,1,0.6219871679790064,1
CC1=CC=CNC=Pc2ccccc2CN1N,C1=CNC=Pc2ccccc2CNC=C1,0,0.1984447369806117,0
CC1=CC(Cl)C(NCCO)=NC1=N,N=C1C=CCC=N1,0,0.13913613269522743,0
COCCC1=NC(N2CC=CCC2Cl)=NC2=CCC21,C1=CCN(C2=NC3=CCC3C=N2)CC1,0,0.02231109412542743,0
N[S+]12=CC=C(O)CNC1CCN=CC(Cl)C(Cl)=CC=C2,C1=CCC=NCCC2NCC=CC=[SH+]2C=C1,0,0.24909256053772202,0
C=C1C=CC=[PH]=C1N=C(N=CNCCO)NC=CC=C(Cl)CCl,C=C1C=CC=[PH]=C1,0,0.6466118149353197,1
OCCNC1c2ccccc2N=C[N+]12C=C(Cl)C(Cl)=C2,C1=C[N+]2(C=C1)C=Nc1ccccc1C2,1,0.8058974352345379,1
OCCNC1=CNNC=C[B-][S-]#C1,[B-]1C=CNNC=CC#[S-]1,0,0.39153577044984317,0
N#CNC1C2=C3C#CN1C2=CCCCC=C(CCl)C(NCCOCl)=N3,C1#CN2CC3=C1N=CC=CCCCC=C32,1,0.4857171761605244,0
NC1=C(Cl)C(Cl)=CCN1C1=N[N-]C2=C[N+]=CC=C2CNCC1O,C1=CCN(C2=N[N-]C3=C[N+]=CC=C3CNCC2)C=C1,0,0.4861199900773687,0
CC1=[P+]=c2nc(Nc3ccc(Cl)c(Cl)c3)nc(NCCO)c2=CC1,C1=[P+]=c2nc(Nc3ccccc3)ncc2=CC1,1,0.830958550911169,1
C=CC1N=C(Cl)Nc2ccc(Cl)c(c2)C=CCO1,C1=Cc2cccc(c2)NC=NCOC1,1,0.5255436121134286,1
CC=CCN1OCCCCCN=CN1C1=CC=C(CCl)CB1,B1CC=CC=C1N1C=NCCCCCON1,1,0.05349531633519511,0
CNC=CC1C=C(Cl)CNC=NC(NC=CC=C(C)CCC=CC=CN)CCN1,C1=CCNCCCN=CNC1,0,0.4585088684918063,0
OCNC=NCCCCc1ncncccccc1Nc1ccc(Cl)c(Cl)c1,c1ccc(Nc2cccccncnc2)cc1,1,0.8769811061502728,1
C=C=CC=C1[C-]N=C(Nc2ccc(Cl)cc2)N=CNCCO1,C=C1[C-]N=C(Nc2ccccc2)N=CNCCO1,1,0.8514375354654902,1
C=CC=CC1N=C(c2ccccc2N)CC=CC#CNCCOC=C1Cl,C1#CNCCOC=CCN=C(c2ccccc2)CC=C1,1,0.704532941285749,1
C=C(Cl)C(O)CC1=CNCN(CCOCl)c2ccccc2N1,C1=CNc2ccccc2NCN1,0,0.5406455790606554,1
OCCNc1c#cccc[o+]nc(C=CC=C(Cl)CCl)n1,c1ccc[o+]ncncc#1,1,0.31268992835371545,0
[N+]=C=C(Cl)C(Cl)=C1NC=Nc2ccccc21,C=C1NC=Nc2ccccc21,1,0.7824324100937512,1
N#CNC1=NC(N2C=C(Cl)C(Cl)=CC2)=NC2=[SH]#CC=CC12,C1#[SH]=C2N=C(N3C=CC=CC3)N=CC2C=C1,0,0.11963447350275613,0
OCCNCC1=CC2=NCSN3CC=[S-](=N2)C(Cl)=C13,C1=CC2=NCSN3CC=[S-](=N2)C=C13,0,0.12878972599724542,0
CC(Cl)=C1C=CC=NCC=C2C#CNCC3NCC3CNCON2C1Cl,C=C1C=CC=NCC=C2C#CNCC3NCC3CNCON2C1,0,0.37016605894553106,0
C1=CC(c2ncc3ccccc3n2)=C1,C1=CC(c2ncc3ccccc3n2)=C1,1,0.9256044804936594,1
C=NC1=CC=CNC=Nc2cccc1c2,C1=CNC=Nc2cccc(c2)C=C1,0,0.5121732676209728,1
CC=CC(Cl)=CCNC1=NC=C2C=CC=C(N2)C(NCCO)=N1,C1=CC2=CN=CN=CC(=C1)N2,1,0.6689702086205496,1
OCCNC1=NC(C=C(Cl)CCl)OCCNCC=[S-]NCCCSC=C=NCC1,C1=CSCCCN[S-]=CCNCCOCN=CCCN=1,1,0.26123848200015054,0
C[C+](CC1=C=BC=CCN=C1CCO)N1CC=CCC1Cl,B1=C=C(C[CH+]N2CC=CCC2)C=NCC=C1,0,0.07356967713721255,0
CC1c2ccc(cc2)B=COCCNC=CC2CCONC(N)=NC1CCC=N2,B1=COCCNC=CC2CCONC=NC(CCC=N2)Cc2ccc1cc2,0,0.34644438681468925,0
Nc1cc(NC2=Nc3c(NCCO)cccc32)ccc1Cl,c1ccc(NC2=Nc3ccccc32)cc1,1,0.8586401909143205,1
C=CC=C1C(CCOC)=NCSNc2cc(Cl)c(Cl)cc2N1N,C=C1C=NCSNc2ccccc2N1,1,0.31631619478140416,0
ClC1=CCN(C2CCOc3ccccc32)C=C1Cl,C1=CCN(C2CCOc3ccccc32)C=C1,0,0.11978767645388017,0
C=C1CN=C(NCCO)c2ccccc2N=NC=CC=C1Cl,C=C1C=CC=CN=Nc2ccccc2C=NC1,0,0.528948571426135,1
ClC=C1CC#CN=CC=CCC=CC=C1CCCCC=NCCl,C=C1C=CC=CCC=CC=NC#CC1,0,0.12463156185369605,0
OCCN=[O+]c1nc(NC2=CC[O+](Cl)C(Cl)=C2)nc2ccccc12,C1=CC(Nc2ncc3ccccc3n2)=CC[OH+]1,1,0.9706750848173983,1
NOCCNCC1=NC(CO)C2OCC2CC=CC=C2CC2=CC=C1,C1=CC=C2CC2=CC=CCC2COC2CN=C1,0,0.08327624639884017,0
CCN1C(Cl)CC(Cl)=C=NCC=CC=CC1NON,C1=CCCNCC=CC=CCN=1,0,0.07979104332956667,0
OCCNc1nc(N2C=C=C(Cl)[S-](Cl)=C2)nc2ccccc12,C1=C[SH-]=CN(c2ncc3ccccc3n2)C=1,1,0.9875982256316439,1
OCCNC1=NC(N2CC=C(Cl)C(Cl)C2)C2=C=C2C=C1,C1=C2C=CC=NC(N3CC=CCC3)C=12,0,0.12794813970440486,0
C=C=C(C)C1CC1C1=NCC(=CC)C(CCON)=N1,C=C1C=NC(C2CC2)=NC1,0,0.06779897052012937,0
CNC1=C(C=C(C)CCl)NC2(CC(C=CCCNC=C=NO)=CC=CCN2)C1,C1=CCNC2(CC=C1)CC=CN2,0,0.2331179373426252,0
OCCNC=NC(=NC=CBr)C1=CC[C-](Cl)C(Cl)=C1,C1=C[CH-]CC=C1,0,0.6324574681515456,1
O=C=CNOCCNC1=NN=C=Nc2cccc1c2,C1=NN=Cc2cccc(c2)N=1,1,0.8282987022050664,1
OCCNc1nc(NC2=CC=C(Cl)[S+](Cl)#C2)nc2ccccc12,C1#[SH+]C=CC=C1Nc1ncc2ccccc2n1,1,0.9894389936399347,1
FC1CN=C(N2C=CC(Cl)C(Cl)=C2)NOCCN1,C1=CN(C2=NCCNCCON2)C=CC1,0,0.18650647727098438,0
CC=C1C(=NC2(Cl)CC(Cl)=C(C=CF)N2)C2CCC2=CC1NCCO,C=C1CC=C2CCC2C1=NC1CC=CN1,0,0.7792252886281372,1
ClC=CC1=CC=CNN=CNCCOc2ccccc2N=C1,C1=CC=Nc2ccccc2OCCNC=NNC=C1,1,0.7018378464226849,1
CC1(C=CCl)[N-]c2ccc3nc(nc(N=[P+]CO)c3c2)N1,c1cc2nc3ncc2cc1[N-]CN3,1,0.8969065883509971,1
CCCNC1=NC2=CCC(=C3CCN=CCC1CCO3)C=C[C-](Cl)CC(C)N2,C1=CC2=C3CCN=CCC(C=NC(=CC2)NCC[CH-]1)CCO3,0,0.19475378198337137,0
NC1(Cl)C(Cl)=CC=CNC12N=CNCCOc1ccccc12,C1=CCC2(N=CNCCOc3ccccc32)NC=C1,0,0.43139846713353064,0
NC1C(Cl)=CCN(C2[B+]N=C(NC=[C-]O)c3ccccc32)C1Cl,[B+]1N=Cc2ccccc2C1N1CC=CCC1,1,0.2365762958835232,0
C=CC=C1CC2=NCNC1C=C(Cl)C(Cl)=CCOCC2,C=C1CC2=NCNC1C=CC=CCOCC2,1,0.16492611043679525,0
C=C=CC1CC2(NCCO)C(=[S-]1)NC=CC=C(N)C2Cl,C1=CCC2CC[S-]=C2NC=C1,0,0.08683148534042862,0
C=CCNC1NN(CCO)CC=CC=CC=C1CCl,C1=CC=CCNNCC=C1,1,0.08595762996324799,0
NOCCC1=NC(c2ccc(Cl)c(Cl)c2)=C2C(N)=CC12,C1=CC2C=NC(c3ccccc3)=C12,1,0.8106016637148079,1
ClCC1=C(Cl)COC1NBr,C1=CCOC1,0,0.2072288483903192,0
CC1=CC=C=[S-]2C(NCCO)=NC(Nc3ccc(Cl)c(Cl)c3)=NC12,C1=CC=CC2N=C(Nc3ccccc3)N=C[S-]=12,1,0.824325696398668,1
ClC=CC=C1Cc2ccccc2C=N1,C=C1Cc2ccccc2C=N1,0,0.44339043385797683,0
Clc1ccc(NC2N=CNCCO2)cc1Cl,C1=NC(Nc2ccccc2)OCCN1,0,0.7316637818708939,1
CN=CNC1(Nc2ccc(Cl)c(Cl)c2)NN(CCc2ccccc2)CCO1,c1ccc(CCN2CCOC(Nc3ccccc3)N2)cc1,1,0.7622388291251165,1
NC1=C(CN[C+]=C=CNC2=C=C(Cl)CN=C2)OCCC1,C(=[C+]NCC1=CCCCO1)=CNC1=C=CCN=C1,1,0.14457303442350045,0
OCCNc1nc(NC2=C=C(Cl)[S-]C(Cl)=C2)nc2ccccc12,C1=C[S-]C=CC=1Nc1ncc2ccccc2n1,1,0.9942385964924563,1
ClC1=CCN(C2=NC3(C=CC=CCOCC3)CC=N2)C=C1Cl,C1=CCOCCC2(C=C1)CC=NC(N1C=CC=CC1)=N2,0,0.09919652111011415,0
CC1=CC=C(Cl)C(Cl)c2ncccc([nH][nH]2)N1,C1=CCc2ncccc([nH][nH]2)NC=C1,0,0.6656363068398442,1
N=C1NCCC=C(Cl)C=CC=C(Cl)N=NC=CCC=[P+]1,N=C1NCCC=CC=CC=CN=NC=CCC=[P+]1,0,0.5700910058423636,1
OCCNC1[P+]C(NC2=CC(Cl)C(Cl)=C2)=Nc2ccccc21,C1=CC(NC2=Nc3ccccc3C[P+]2)=CC1,1,0.44287177003936745,0
OCCNC=NC=NC=CC=CC=C1C=C=C(Cl)C(Cl)=C1,C=C1C=C=CC=C1,0,0.6449862592817468,1
Cc1ccc(NC2=NC=C3C=CC#S[P+]3C2NCON)cc1Cl,C1#S[P+]2CC(Nc3ccccc3)=NC=C2C=C1,1,0.5377675669235725,1
OCC1NC=NC(N2C=C(Cl)C(Cl)=CC2)CC1F,C1=CCN(C2CCCNC=N2)C=C1,0,0.08421444807465435,0
CNC1=NCN(C2[C-]C=C(Cl)C(Cl)=C2)NC(=CC=CCN)CO1,C=C1COC=NCN(C2[C-]C=CC=C2)N1,0,0.1665463496523122,0
CC=C(Cl)C(Cl)=CC1N=C(NCCO)C2[S+]C=CC=C2N1,C1=C[S+]C2C=NCNC2=C1,1,0.14156413167325366,0
FC=CC=C1C[N+]=C=N1,C=C1C[N+]=C=N1,0,0.05801663277718283,0
OCCNC1=NC=NCC1=CC=C1C=C(Cl)C=CC1,C1=CCC(=CC=C2C=NC=NC2)C=C1,0,0.35696750288165613,0
Clc1cccc(NC2C=CC=C=BN[B-]=CNC2)c1,B1=C=CC=CC(Nc2ccccc2)CNC=[B-]N1,1,0.9023170181090058,1
CC=C=[B-]1N=C2N=CC1=CNCCNC(=CC=CCl)C=C2Cl,C=[B-]1N=C2C=CC(=C)NCCNC=C1C=N2,0,0.2153514374674,0
CC1(Cl)C=CN(N2N=C3CC2=CCN3CCO)C1Cl,C1=CN(N2N=C3CC2=CCN3)CC1,0,0.04705036124135438,0
CN=C(S)NCC1=C(Cl)C=[N+]CC1,C1=CCC[N+]=C1,1,0.3106129234334002,0
OCCNc1nc(NC2=[O+]CC=C(Cl)C2=CCl)nc2ccccc12,C=C1C=CC[O+]=C1Nc1ncc2ccccc2n1,1,0.9695343933776189,1
[B-]CC(Cl)=CC=C1NCN(NCCO)CC=CC=C=[P+]1,C=C1NCNCC=CC=C=[P+]1,0,0.18187364689120838,0
OCCNc1nc2nc3cccc(c13)CC(Cl)C(Cl)=C2,C1=Cc2ncc3c(cccc3n2)CC1,1,0.44257273969581706,0
CC(=CC=CNC=C1OC2=C1CNC2)CCl,C=C1OC2=C1CNC2,1,0.07406161716567072,0
OC1CNC=NC2C1=CC=CC=CNC1=CCN2C=C1Cl,C1=CC=C2CCNC=NC2N2C=CC(=CC2)NC=C1,1,0.11660473746889728,0
C=CP=C=c1nc(N2C=CC(Cl)=CC2)nc(NCCO)c1=C,C=c1cnc(N2C=CC=CC2)nc1=C,0,0.27488905459750446,0
Clc1ccc2cc1OCCCCC(c1c3cccc1N3)=NCN2,c1cc2cc(c1)OCCCCC(c1c3cccc1N3)=NCN2,1,0.36958283953224574,0
OCCNC1=NC(Cl)CC=CC=C[O+]1,C1=CCCN=C[O+]C=C1,0,0.01033057856616698,0
OCCC12C=CC=CC(NCC=C1CCl)N2,C1=CC2C=CCNC(C=C1)N2,0,0.17574548199339984,0
COC=C(Cl)C(Cl)=CC=CNC(=NC1=C=CC=CC1)C1CCC1,C1=CC=CCC=1N=CC1CCC1,0,0.2031854250466497,0
CC=COCCC1=C(CC=C(Cl)C(C)C)C=CCON2C=NCCC2[B-]O1,[B-]1OC=CC=CCON2C=NCCC12,0,0.11747082440356019,0
[O-]CC=CC=[PH]1CN=C(Nc2ccc(Cl)c(Cl)c2)C1NCCO,C=[PH]1CN=C(Nc2ccccc2)C1,1,0.9532895450560014,1
ClC1=CC=COCNC2=NC(=N[P-]3=CC=CC=C23)C=C1Cl,C1=CC=CC2=N[P-]3=CC=CC=C3C(=N2)NCOC=C1,0,0.19533299819879318,0
C1=CNCCCCN=1,C1=CNCCCCN=1,0,0.06473110127984025,0
OCCC1=CNC2=Nc3ccccc3N(C=C(Cl)C(Cl)=C1)N2,C1=CC=CN2NC(=Nc3ccccc32)NC=C1,1,0.7426940365978253,1
C=C1CC=C1CC1C2N=C(NCC=CC=CCCl)NC1(NCCO)O2,C=C1CC=C1CC1C2N=CNC1O2,0,0.37798963834370053,0
CCNCCC=C1CC=C(Cl)C(Cl)=CNc2ccccc2NC=N1,C=C1CC=CC=CNc2ccccc2NC=N1,1,0.5323478205299829,1
ClOCCNc1nc(NC2=CCC(Cl)=C=C2)nc2ccccc12,C1=CCC=C(Nc2ncc3ccccc3n2)C=1,1,0.9409867026271372,1
OCCNC1C=CC=CC=C2CCC2COc2ccccc21,C1=CC=C2CCC2COc2ccccc2CC=C1,0,0.27674195264145046,0
CC(N)C(Cl)=CC=CNC1=NN=C=CCCCCc2ccccc21,C1=CCCCCc2ccccc2C=NN=1,0,0.23440719651825173,0
CC=C(CCl)C1CC=CN=CC#CC(NCCO)N1Cl,C1#CCNCCC=CN=C1,0,0.14329950031791935,0
CCC(Cl)=COCCNC1C=C(OCCCNCCl)C=Nc2ccccc21,C1=CCc2ccccc2N=C1,1,0.774855228057502,1
CC1=CC=C(Cl)C(Cl)=NC2=NCC(=CC1)C(NCCO)=N2,C1=CC=NC2=NCC(=CCC=C1)C=N2,0,0.13007210106855258,0
CP=Nc1cccc2[nH]c(NC=CC=CC(Cl)=CN)c-2c1,c1ccc2c[nH]c-2cc1,0,0.7296951432687814,1
OCC1=NCCC(Cl)=CNC=Nc2ccccc2CN1,C1=CNC=Nc2ccccc2CNC=NCC1,1,0.11009479952043652,0
OCCNc1nc(N[P-]2=CC=C(Cl)C(Cl)=C2)nc2ccccc12,C1=CC=[P-](Nc2ncc3ccccc3n2)C=C1,1,0.9921445860729075,1
CC=CC=CNC1[O+]N=C2C=CC=CC=C1OCCN2,C1=CC=C2C[O+]N=C(C=C1)NCCO2,0,0.11360961926594029,0
O[N+]C1C=C=CN=C(Nc2ccc(Cl)c(Cl)c2)N=CNC1,C1=CCCNC=NC(Nc2ccccc2)=NC=1,1,0.8961892285046845,1
COCCC1=NCN(C2(Cl)C=C2)c2ccccc21,C1=CC1N1CN=Cc2ccccc21,1,0.1126885303439363,0
Clc1ccc(N2OCCC(Cl)C3=CCN=CN32)cc1,C1=NCC=C2CCCON(c3ccccc3)N12,0,0.5556990537887875,1
C=C1CNCN=Cc2ccccc2NCCCCN=CC=C1Cl,C=C1C=CC=NCCCCNc2ccccc2C=NCNC1,1,0.6532071631182667,1
CC1(N2C=C(Cl)C(Cl)=CC2)N=C(NCCO)C2C=CC1=C2,C1=CCN(C2N=CC3C=CC2=C3)C=C1,1,0.5499571980624538,1
CCC=CC#CCP1NC2C=CC=CC2N=C1CCl,C1=CC2N=CPNC2C=C1,0,0.2280416961102919,0
OCCNc1nc(NC2C=C(Cl)C(Cl)=C2)n[b-]2c1=CC[B+]C=2,[B+]1C=[b-]2nc(NC3C=CC=C3)ncc2=CC1,0,0.10719005233574541,0
N#[S+]1CC=CCC1BCl,C1=CC[SH+]CC1,0,0.17945018800848264,0
ClC1=NOCCC2=NC(=NC3C=C23)CC=CC=C1,C1=CC=NOCCC2=NC(=NC3C=C23)CC=C1,0,0.0705056414292667,0
NOCCNCC1=C[C-]=C=CC1=C1N=C2CC=C(Cl)C(Cl)=C[SH]1#CN2,C1=[C-]C=CC(=C2N=C3CC=CC=C[SH]2#CN3)C=1,0,0.39327931228196655,0
CC=CCC12CC1N(CON)C(C)C(Cl)C(Cl)=CCN2,C1=CCNC2CC2NCC1,1,0.20596156661529819,0
CC(N)CCONC(Cl)N=[SH]C1=CC(Cl)=[P+]=CC1,C1=CCC=[P+]=C1,0,0.3208212415251426,0
Clc1ccc(N2NN=C3COCC2CCN3)cc1,c1ccc(N2NN=C3COCC2CCN3)cc1,0,0.23366798442006523,0
CC(Cl)=CCCCNCCC=C1N=C(NCCO)c2c3ccc(c2N1)C(Cl)C3,C=C1N=Cc2c3ccc(c2N1)CC3,0,0.434090928404397,0
OCCNC1=NC(Nc2ccc(Cl)c(Cl)c2)=NC2=CCC#CC21,C1#CC2C=NC(Nc3ccccc3)=NC2=CC1,0,0.9721826965396853,1
Clc1ccc(Nc2[b-]#cc3ccccc3n2)cc1Cl,[b-]1c(Nc2ccccc2)nc2ccccc2c#1,1,0.9937142415936814,1
COCNC1=NC2=NCC1C=CCCC=CC(Cl)=C(Cl)N2,C1=CCCC=CC2C=NC(=NC2)NC=C1,0,0.07927944381271093,0
OCCNC1=NC(c2ccc(Cl)cc2)=Nc2ccc1cc2,C1=NC(c2ccccc2)=Nc2ccc1cc2,1,0.895770763267574,1
CNc1c#cccccnc(CONc2ccc(Cl)c(Cl)c2)n1,c1ccccnc(CONc2ccccc2)ncc#1,1,0.8532780595929512,1
ClCCC(Cl)=COC1=C=NCN1,C1=CNCN=1,0,0.10323468262340078,0
ClCNC=C1C=[B-]=CC(Cl)=C1,C=C1C=[B-]=CC=C1,1,0.8238936858334162,1
CC1(Cl)CC=C1C=CC=CC=CC1NC=CN=CCCNNCCON1,C(=CC=CC1NC=CN=CCCNNCCON1)C=CC1=CCC1,1,0.30085646234768626,0
OC1=C(C=C(Cl)CCl)Nc2nc(c3ccccc3n2)NCCCCCC=C1,C1=CCCCCCNc2nc(nc3ccccc23)NC=C1,1,0.9388258634126139,1
CCNC1=NC(NCC=C(Cl)C(Cl)I)=NC2OCC[C-]=CC=C12,[C-]1=CC=C2C=NC=NC2OCC1,0,0.4648478688838973,0
OCCNc1[c-]c(Nc2ccc([P+])c(Cl)c2)nc2ccccc12,[c-]1cc2ccccc2nc1Nc1ccccc1,1,0.9938457271190551,1
COCC1[C-]C=CC2C=CC(N1)C(NCC=CCCl)=N2,[C-]1C=CC2C=CC(C=N2)NC1,0,0.22240944749440775,0
OCCNC1=CC=CNC#CC=CC=CCC(C2C=C2)Nc2ccc(Cl)c(Cl)c21,C1#CNC=CC=Cc2ccccc2NC(C2C=C2)CC=CC=C1,1,0.5,1
C=CCC1=NCNC2=CC=C(Cl)C2NC(=CC=CN=C)C=CC=C1,C=C1C=CC=CC=NCNC2=CC=CC2N1,0,0.3917529155333978,0
ClC1=CCN(C2=NC=C3C=CC=C3OCCC2)CC1,C1=CC2=CN=C(N3CC=CCC3)CCCOC2=C1,0,0.033782666576114784,0
C=CCC(N)C(Cl)=CCNC(Cl)C1=CC=CC=CCCCO1,C1=CC=COCCCC=C1,0,0.06635178546670016,0
CNC1=NN(C(=CC=CCl)CCl)C=NCC(COC)C=CC1,C1=CCCN=CNN=CC1,0,0.14332209761315073,0
CC=C=C1C2CCNCCOC=CNC(=CC)C=C(Cl)C1N=C2NCCC,C=C1C=CC2N=CC(CCNCCOC=CN1)C2=C,0,0.2528462700767425,0
NN=C(N=C(CCO)c1ccccc1)c1ccc(Cl)c(Cl)c1,N=C(N=Cc1ccccc1)c1ccccc1,1,0.9476014544819532,1
C=CN=C1NCC=C(Cl)C(C)=CC(=CN)C=C=[SH]1,C=C1C=C=[SH]C(=N)NCC=CC=C1,1,0.5365181701405949,1
CCN1CCC(=[O+]C=CC=CNc2ccc(Cl)c(Cl)c2)N1,C(C=C[O+]=C1CCNN1)=CNc1ccccc1,1,0.8988467856850476,1
C=C1C[C+](C[O+]NC(Cl)N=c2c3ccccc23)C=C1Cl,C=C1C=C[C+](C[O+]NCN=c2c3ccccc23)C1,1,0.8011583209828308,1
OCCN1C=NC(Nc2ccc(Cl)c(Cl)c2)=NC=CC=CC1,C1=CCNC=NC(Nc2ccccc2)=NC=C1,1,0.9582678178431379,1
OCCNC1=NC2C=CC=C(Cl)C(Cl)Nc3cccc2c31,C1=CCNc2cccc3c2C=NC3C=C1,1,0.7426826241882124,1
C=CN=CC1=NCNC#CC=C(Cl)CCCC2=C(C=C=C(Cl)ONN=CC#CC=CC=CNCN2)c2ccccc21,C1=CONN=CC#CC=CC=CNCNC2=C(C=1)c1ccccc1C=NCNC#CC=CCCC2,1,0.881473609367733,1
CC=CCCCN1CC=NCN=C(CC=C(Cl)C(Cl)=CCI)N=C(CCON)C1N,C1=NC=NCN=CCNC1,0,0.0904021054927324,0
OCCNC1=NCNC#CC=CC1,C1#CNCN=CCC=C1,0,0.03986652760881043,0
CC1CON(Cl)N(c2cccc(Cl)c2)C=Nc2ccccc21,C1=Nc2ccccc2CCONN1c1ccccc1,1,0.30214338255680573,0
C=CC(Cl)=[C+]C=[S+]=C1N=C(NCCO)c2cccc1c2,[S+]=C1N=Cc2cccc1c2,1,0.8577141298826877,1
CCC1NOCCNC=CCN=CCC(c2ccccc2N=CNC(C=CCl)C=CCl)O1,C1=CNCCONCOC(c2ccccc2)CC=NC1,1,0.622486623613787,1
C1=CCNC(C2C=C2)CC=C1,C1=CCNC(C2C=C2)CC=C1,0,0.15776269916338065,0
CCN1C=C=CC=CN=C(C=CC=C(Cl)CCl)N=C1,C1=CC=CN=CN=CNC=1,0,0.3138655623309589,0
CNCCC1=C(Cl)C=CC=CN=Cc2ccc(cc2Cl)NC2=NCC(C1)C(NCCO)=N2,C1=CC=CN=Cc2ccc(cc2)NC2=NCC(C=N2)CC=C1,1,0.7639961382725903,1
CB1ON(CC=CCl)C(N)(C=CCl)C=NC2=CC[B+]C=C12,[B+]1C=C2BONCC=NC2=CC1,0,0.09423345646511833,0
C=C(Cl)C(Cl)=CC=CN1[C+]=C(N)c2ccccc21,[C+]1=Cc2ccccc2N1,0,0.6315730539950736,1
ClC1=CC(Cl)C=C[P+]1,C1=C[P+]C=CC1,1,0.853193281676373,1
OCCNC1(CO)c2ccccc2N=NC2(C(Cl)=CC3OCC32)C1Cl,C1=CC2(CCc3ccccc3N=N2)C2COC12,0,0.6273856046890425,1
C=C(Cl)C(Cl)=CC=CNC1=COCNC(=N[O+]2C=N2)C=CC=C1,C1=CC=CC(=N[O+]2C=N2)NCOC=C1,0,0.27325869163049,0
C=CC(Cl)=CCNC1=NC=CC=CC=[N+]=C(NCOCC)N1,C1=CC=[N+]=CNC=NC=C1,0,0.27548699018538536,0
CC(=NC1=CC=CC#COC2=CNC=[P-](Cl)#CC(Cl)=CC3(CC=CC=C3N2)N1)NCCO,C1#COC2=CNC=[PH-]#CC=CC3(CC=CC=C3N2)NC=CC=C1,1,0.5549694050841122,1
OCCNC1=NC2=NC(=C(Cl)C=CC=CC=CCC=Cc3cnccc3N2)C1,C1=CC=CCC=Cc2cnccc2NC2=NC(=CC=C1)CC=N2,1,0.4141570273407239,0
Clc1ccc(NC2=NC3=C=CC=CC3NCCO2)cc1Cl,C1=CC=CC2NCCOC(Nc3ccccc3)=NC=12,0,0.6769823843572939,1
C=C(Cl)C1CC2=CC=CC(NCCO)C(SC#[S+]CNC=CC=CCl)=NC=CC1N2,C1=CCC=NC=CC2CCC(=C1)N2,0,0.35926608996477555,0
ClCCC1=CC2(C=C2)C=C1Cl,C1=CC2(C=C1)C=C2,0,0.46612913220518204,0
CCNC1=NCNC(=CC=C(Cl)CCl)OC=Nc2ccccc21,C=C1NCN=Cc2ccccc2N=CO1,0,0.5159773578345106,1
ClCCNC1ONC(Nc2ccc(Cl)c(Cl)c2)=NC2=CC1[O+]=C=C2,C1=CC2=CC(CONC(Nc3ccccc3)=N2)[O+]=1,1,0.842646139118363,1
CC1O[P+]C(N2C=CC=CC2(Cl)Cl)=Nc2ccncc21,C1=CCN(C2=Nc3ccncc3CO[P+]2)C=C1,0,0.13868461988009814,0
OCCC=NOCC=CC=C1C#CC(Nc2ccc(Cl)c(Cl)c2)c2ccccc21,C=C1C#CC(Nc2ccccc2)c2ccccc21,1,0.9798379050753339,1
COc1ccc(CCN2C(=O)c3[nH]nc(-c4cc(Cl)c(C)cc4O)c3C2c2ccccc2F)cc1,O=C1c2[nH]nc(-c3ccccc3)c2C(c2ccccc2)N1CCc1ccccc1,1,0.5465903996674982,1
C=CC=CN=CC1CN=CONC=Nc2ccccc21,C1=NCCc2ccccc2N=CNO1,1,0.45826194319423874,0
ClC1=CC=NC2=NC3=C=CC(CC=C1Cl)OCCNC(=N2)C3,C1=CC2CC=CC=CC=NC3=NC=1CC(=N3)NCCO2,0,0.17488628683730026,0
Cc1nc(Nc2ccc(Cl)c(Cl)c2[O-])nc2c1=CC=C=[N+]=2,C1=CC=c2cnc(Nc3ccccc3)nc2=[N+]=1,1,0.7338024596866399,1
ClC=CC=C1C=C(Cl)C(=NC2C=CC=C2)N=CCCON1,C=C1C=CC(=NC2C=CC=C2)N=CCCON1,0,0.16399531420853378,0
OCC1N=C=CN=CC(C=CCl)CC=C1Cl,C1=CN=CCCC=CCN=1,0,0.4146717280603477,0
C=C1C(=O)O[C@H]2CC(=C)[C@@H](O)CC/C(C)=C\[C@@H](O)[C@H]12,C=C1CCC/C=C\C[C@@H]2C(=C)C(=O)O[C@H]2C1,0,0.2020226623028393,0
C=C1C=CN=C(NC=CC=C(Cl)CCl)N=C(NCCO)C#[N+]C1,C=C1C=CN=CN=CC#[N+]C1,1,0.21285199202860627,0
C=CC=CC=CN=C=C1NCCC=CN=CNCCON1Nc1ccc(Cl)c(Cl)c1,C=C1NCCC=CN=CNCCON1Nc1ccccc1,1,0.8092906927275102,1
NC1C=CC=CN=C(c2ccc(Cl)c(Cl)c2)N=CN1CCO,C1=CCNC=NC(c2ccccc2)=NC=C1,1,0.9751987909346683,1
NC(=NC1=CC=CC=[P-]1#CNCCO)Nc1ccc(Cl)c(Cl)c1,C1=CC=C(N=CNc2ccccc2)[PH-]=C1,1,0.904185452379944,1
CC1=C2C=CC(O)=NC(NCC=C(N)CCCl)C2=C1,C1=CC2=CC=C2CN=C1,1,0.40286588453556177,0
Nc1cc(NC2=C(CCO)C=C=CC=CN2)ccc1Cl,C1=CC=CNC(Nc2ccccc2)=CC=1,1,0.9422947499735055,1
C=C=CC1CC(NCCO)=NCNC(Cl)=CC([S-]=CCl)=C=N1,C1=CC=CNCN=CCCN=1,0,0.2484882232833518,0
C=C(Cl)C(Cl)=CC=P#CNC1N=C(NCCO)CC(=CC[P+]=CC)O1,C=C1CC=NCO1,0,0.24962590959548742,0
O[C-]CCNC[C-]=C=C1C2=CN=C1N=CC=C[C-]2Cl,C=C1C2=CN=C1N=CC=C[CH-]2,0,0.33642457172599116,0
OCCNc1nc2nc3cccc(c13)[SH](Cl)C=CC2C=CCl,C1=CSc2cccc3nc(ncc23)C1,0,0.715339540765482,1
OCCNc1nc(NC2=C[P+](Cl)=CC(Cl)=[P-]2)nc2ccccc12,C1=[P-]C(Nc2ncc3ccccc3n2)=C[PH+]=C1,1,0.9873280210556457,1
CC=CC=CN=C1CONCNB=C=N[N-]1,N=C1CONCNB=C=N[N-]1,0,0.23348525198987374,0
NOCCc1nc(CCCCNC2=C([P+])C(Cl)CN=C2)nc2ccccc12,C1=NCCC=C1NCCCCc1ncc2ccccc2n1,1,0.8260204411788853,1
C=C[B-]=C[O+]C1=[P-]c2cc(cc(Cl)c2Cl)NC(N=CNCCO)=NN1,C1=NNC=[P-]c2cccc(c2)N1,1,0.8024388505977336,1
NCCC1=CCCCCC=C=CC(=C=C(N)CCl)NCN=C(NCCO)C1,C=C1C=C=CCCCCC=CCC=NCN1,0,0.1466225948439629,0
OCCN1C=NNc2ccccc21,C1=NNc2ccccc2N1,0,0.5798777771148236,1
OCCNC1C(Cl)=CCN(F)c2nc1c1ccccc1n2,C1=CCc2nc(nc3ccccc23)NC1,1,0.9257741406661899,1
N#CCCCCCO[P-]#CCN1CC2C=CC(N)=C1NC2C=C(Cl)CCl,C1=CC2CNC(=C1)NC2,0,0.48145946755873575,0
C=NC=CC=CCOC1C=CCOCCNCC(C)=C=NSNC1=CC=C(Cl)C(Cl)=CCNCCCC,C=C1CC=CCOCCNCC=C=NSN1,1,0.4202212268801841,0
OCCNC1=NC2=NC3(CC=C13)C(Cl)=CC=CN2,C1=CNC2=NC3(C=C1)CC=C3C=N2,0,0.722603614820337,1
ClC1=CC(N2CN=C3CC=CC=C(N2)OCCN3)C1,C1=CCC2=NCN(C3C=CC3)NC(=C1)OCCN2,0,0.537214322218032,1
Clc1ccc(C2=NCC=CC=COCCNC=N2)cc1Cl,C1=CCN=C(c2ccccc2)N=CNCCOC=C1,0,0.5357960966242884,1
CC(Cl)C[O+]1CN=C2CC#[PH]CC(N1)OCCN2,C1#[PH]CC2N[OH+]CN=C(C1)NCCO2,1,0.047125792740114344,0
CC=CC=CN=C(N=C1NCCOC1=CN)c1ccc(Cl)c(Cl)c1,C=C1OCCNC1=NC(=N)c1ccccc1,0,0.6273227415168068,1
CN1C=C(Cl)C(Cl)=CC=Nc2ccccc2C(=NN)CO1,N=C1CONC=CC=CC=Nc2ccccc21,0,0.29881855136576346,0
C1#CCCC=CC=C1,C1#CCCC=CC=C1,1,0.13468494881253001,0
N[P-]1=C=CC2C=1C(NCCO)=NC2Nc1ccc(Cl)c(Cl)c1,C1=CC2C(=[P-]=1)C=NC2Nc1ccccc1,1,0.929607404096744,1
C=CC1C=C(Cl)C(Cl)=CC(=N)C(N=CF)=N1,N=C1C=CC=CCN=C1,0,0.6382311666428709,1
ClC1=NC#CCC#CC=CC(Cl)C=CC=CN1,C1#CCC#CN=CNC=CC=CCC=C1,0,0.3657199739194946,0
CC(=CCBC1=NC2C=CC=C(CNCCO1)OCC=N2)CCl,C1=CC2N=CCOC(=C1)CNCCOC=N2,0,0.05091379424481253,0
C=C(Cl)C=CP=[P-]1=C=NCC(Cl)=NC2=CC=COC2C1,P=[P-]1=C=NCC=NC2=CC=COC2C1,0,0.16216746393345569,0
CC1C(Cl)=CC=CC2=NC=CC=CC1(N)N(CCO)C=N2,C1=CCC2C=CC=CN=C(C=C1)N=CN2,0,0.3866639837454556,0
OCCNC1=NC(Nc2ccc(Cl)c(Cl)c2)=NC#[S-]C=CC=C1,C1#[S-]C=CC=CC=NC(Nc2ccccc2)=N1,1,0.9264700378254156,1
CCN1C=C=CC=CN=C(c2cc(Cl)c(Cl)cc2O)N=C1,C1=CC=CN=C(c2ccccc2)N=CNC=1,1,0.8151510425903795,1
CCNCC1=NC2(Cl)C=C(Cl)CC(=C=CC=C=S1OC)N2,C1=CC=C=C2CC=CC(N=C[SH]=1)N2,0,0.16747276276528247,0
ClCCC=CC=CNC1=NC23C=CCNC2C(=N1)O3,C1=CC23N=CN=C(O2)C3NC1,0,0.1323979794322261,0
Nc1ccccc1C(=NC1OCCOC=CC=CC1Cl)NCCO,C1=CCC(N=Cc2ccccc2)OCCOC=C1,1,0.27812221500476275,0
ClCC(Cl)=CC=CNOC[S+]1=CCC=CC=CN=C1,C1=CCC=[SH+]C=NC=C1,0,0.23443548563476313,0
NCC=C=C1CC2=NC(=N1)NCC=CC(Cl)OCC2,C=C1CC2=NC(=N1)NCC=CCOCC2,0,0.05166682677185125,0
OCCNC1=NCN2C=C=C(Cl)C(Cl)=CN2C(=CCCl)C1,C=C1CC=NCN2C=C=CC=CN12,1,0.10283645760257121,0
OCCNC1=NP=CCCC(Cl)=C[N+]C(Cl)=CCNC=NCC1,C1=C[N+]C=CCNC=NCCC=NP=CCC1,0,0.7090492380194922,1
ClC1=CCOCCNc2nc3ncccccc2C=[S+](C=C1Cl)N3,C1=CCOCCNc2nc3ncccccc2C=[S+](C=C1)N3,0,0.5603479793080383,1
O=C1CCCC2=C(Cl)C(Cl)=CC1=C(NCCO)C=CC=C=N2,O=C1CCCC2=CC=CC1=CC=CC=C=N2,1,0.1334976370327555,0
O=C1NN(C(C=CCl)=CCCl)CN=C1NCCO,O=C1C=NCNN1,0,0.11243512145837789,0
CC1=CCN=C(Nc2ccc(Cl)c(Cl)c2)NOCCN1,C1=CNCCONC(Nc2ccccc2)=NC1,0,0.6039125320979994,1
CC=CC(Cl)C1=NC2CNC(CN(C)OCC1)C(Cl)=CC=CN2,C1=CNC2CNC(C=C1)CNOCCC=N2,0,0.31254869739697905,0
[B+]CNC1C=NC(ONC(C#C)CCl)=Nc2cccc1c2,C1=NC=Nc2cccc(c2)C1,1,0.7903187129620374,1
NC1=CC=CC=CC2C(Cl)=C(CCO)NC2N=CC1,C1=CC=CC2C=CNC2N=CCC=C1,0,0.15906614910295183,0
C=C(CCl)NC1N=C(CNC[S+])C12CC=CCO2,C1=CCC2(C=NC2)OC1,0,0.06850518714320822,0
OCCNC=[P-]1[O+]C(Nc2ccc(Cl)c(Cl)c2)=Nc2ccccc21,C=[P-]1[O+]C(Nc2ccccc2)=Nc2ccccc21,1,0.9601905632579201,1
ClC=CC1=CC=C(Cl)C2=NC=CC[S+]=CCCCON2N1,C1=CNN2OCCCC=[S+]CC=CN=C2C=C1,0,0.45945598422076345,0
OCCNc1nc(N2B=CC(Cl)=CC=C2)nc2ccccc12,B1=CC=CC=CN1c1ncc2ccccc2n1,1,0.9758035487838692,1
C=C1C(=CC=C(Cl)CCl)NC1=NC1C=CC=C(NCCO)C1,C=C1NC(=NC2C=CC=CC2)C1=C,0,0.07752309331717328,0
CC1N=NC(Nc2ccc(Cl)c(Cl)c2)=NC=CC=CC1O,C1=CCCN=NC(Nc2ccccc2)=NC=C1,1,0.9783111183654774,1
C1=CC=C2COCCC(=C1)C=N2,C1=CC=C2COCCC(=C1)C=N2,0,0.11069688879123146,0
CC1CCN(Cc2ccc(NC(=O)c3cc4ccc5ccc[nH]c5c4n3)cc2)CC1,O=C(Nc1ccc(CN2CCCCC2)cc1)c1cc2ccc3ccc[nH]c3c2n1,1,0.36161621666393245,0
NC1(c2ccc(Cl)c(Cl)c2)N=C(CCO)C2=C1CC=C2,C1=CC2=C(C1)C(c1ccccc1)N=C2,0,0.5781210853164378,1
COCCC1=NC=C=NC=CC=C1,C1=CN=CC=CC=CN=1,1,0.450252394350749,0
C=C1C=C(NC2=NC(=CCB=CC)CC(NCCO)=N2)C=C1Cl,C=C1C=CC(NC2=NC(=C)CC=N2)=C1,1,0.35880259046544744,0
CC(=NC(=NCOCCC=CC=C1C=N1)Nc1ccc(Cl)c(Cl)c1)NCCO,C(=CCCOCN=CNc1ccccc1)C=C1C=N1,1,0.8971865065287389,1
OC[B-]=NC1=NC(Nc2ccc(Cl)c(Cl)c2)=NCC2=CC=C21,C1=NC(Nc2ccccc2)=NCC2=CC=C12,1,0.862176227422039,1
CCOCCNC1C=CC=C(Cl)C(=CN)C23CC=C2C=C3N1,C=C1C=CC=CCNC2=CC3=CCC132,1,0.24481296677442993,0
C=C1C=C=[S-]=C2C1=CNC1C=C(Cl)C(Cl)=CN21,C=C1C=C=[S-]=C2C1=CNC1C=CC=CN21,1,0.5798054513696073,1
CCCC=CC=C1CN=C2N=C1CCOC(Cl)=CC=CNNCC1CCN21,C=C1CN=C2N=C1CCOC=CC=CNNCC1CCN21,0,0.353442087982648,0
COCCNC1=NN(C2=CC(Cl)C2)C=NCC=CC=C1,C1=CC=NN(C2=CCC2)C=NCC=C1,0,0.45389700779236053,0
C#CC=C1CCNCC(O)=NC1NC1=CC=C(CCl)C1Cl,C=C1CCNCC=NC1NC1=CC=CC1,0,0.17813079308107047,0
CC1CN2OCCNC=C=CC=CN=NC2=C1Cl,C1=CC=CN=NC2=CCCN2OCCNC=1,0,0.1496939452462779,0
ClC1=C[SH]=C(N2C=NC#[S+]=CC=CC#CNCON2)C=C1Cl,C1#CNCONN(C2=[SH]C=CC=C2)C=NC#[S+]=CC=C1,1,0.2010163562291822,0
ClC1=CN(OCCC2=CN=C(Cl)N=C=C=CC=C2)C=CC1,C1=C=NC=NC=C(CCON2C=CCC=C2)C=CC=1,0,0.02819675175982931,0
CC=CCCCNCC1=C=CC=CN=CC2=CCC(=C2)OCCON1Cl,C1=CC=CN=CC2=CCC(=C2)OCCONC=1,1,0.3232818732665314,0
CC1=CC=CC(Cl)=NC2C=CC#CC2C1NCCO,C1#CC2CC=CC=CC=NC2C=C1,1,0.35592899891131624,0
C=C1C(Cl)=CC=CN1c1nc(NCCO)c2c(n1)=C=[C-]CC=2,C=C1C=CC=CN1c1ncc2c(n1)=C=[C-]CC=2,0,0.42531304889328214,0
Cc1cc(NC(C=CC=C=CCl)C(NCCO)c2ccccc2)ccc1N,c1ccc(CCNc2ccccc2)cc1,1,0.7525402311998777,1
COC(=O)C(O)C1C(C)(C)C(=O)C2C[C@]3(O)[C@@H]4CC(=O)O[C@@H](c5ccoc5)[C@]4(C)CC[C@@H]3[C@@]1(C)C2=O,O=C1C[C@H]2C3CC4C(=O)CCC(C4=O)[C@H]3CCC2[C@H](c2ccoc2)O1,0,0.2877790082375934,0
CC1=NNc2c(C)[nH]c(c2Cl)CC1,C1=NNc2c[nH]c(c2)CC1,0,0.2034620317053138,0
ClC1C2=NC3=C1C=CC=COCNC23,C1=COCNC2C3=NC2=C(C=C1)C3,0,0.10287560775559756,0
CC(=CC=CNC1=NC(C=CCN)CC(CO)=[P-]1=N)C(C)Cl,N=[P-]1=CCCN=C1,0,0.20111188881486997,0
OCCN[C-]1NC2=Nc3ccc1c(c3)C(C(Cl)=CCCl)N2,c1cc2c3cc1N=C(N[CH-]2)NC3,1,0.45056596494092366,0
CCNC=CN=C1C=C(Cl)C(Cl)C(c2nc(NCCO)c3ccccc3n2)=N1,N=C1C=CCC(c2ncc3ccccc3n2)=N1,1,0.9551118513733965,1
ClC1=CC(=CNC(Cl)NOCCNCC2=C=C=C2)[C-]=C=C1,C1=[C-]C(=CNCNOCCNCC2=C=C=C2)C=CC=1,1,0.7806955180830913,1
[O-]C=CC=C1COCCNONCNC(=CCl)[C+]=C=C1Cl,C=C1C=C=[C+]C(=C)NCNONCCOC1,0,0.6038153919769279,1
ClCC=CCNC1=NC23CC=CC12C3,C1=CC23C=NC2(C1)C3,0,0.02494510226461989,0
OCCNC1=NC(Nc2ccc(Cl)c(Cl)c2)=N[C+]2CC=CC=C12,C1=CC[C+]2N=C(Nc3ccccc3)N=CC2=C1,1,0.862522503874306,1
CC1(CC#N)C(Cl)=CCNC=CC1Cl,C1=CCNC=CCC1,1,0.37678024272776306,0
OCCNC1C=CC=CN=Nc2ccccc2N1Cl,C1=CCNc2ccccc2N=NC=C1,0,0.8412231608201435,1
ClC1=CC2ONC1=C1N=CN=CC1C=CC[S-]2,C1=CC2C=NC=NC2=C2C=CC(ON2)[S-]C1,0,0.29706093898652247,0
Cn1c(=NC2C=CC=COCCC2)[nH]c2cc(Cl)c(Cl)cc21,C1=COCCCC(N=c2[nH]c3ccccc3[nH]2)C=C1,0,0.1628349223418942,0
CC1OCC2NC3=NC(=NCC3=CC=CCO2)C=CC=C1Cl,C1=CCOCC2NC3=NC(=NCC3=CC=CCO2)C=C1,1,0.08745165278343883,0
C=CCNC1=NC=CC=CC=C=[PH]=N1,C1=CC=CC=CN=CN=[PH]=1,0,0.29796083938346246,0
C=CC=c1nc2nc(NCCOCl)c1=CC=CCOCCCCC=NC1COC(C=C1Cl)N2,C=c1nc2ncc1=CC=CCOCCCCC=NC1C=CC(N2)OC1,1,0.5230828525687061,1
OCCNC1=NCNCC=CC=C=CNC2=CC=C21,C1=CC=CCNCN=CC2=CC=C2NC=1,0,0.19233863299510978,0
C1#C[PH]#CC=C1,C1#C[PH]#CC=C1,1,0.8305797335183253,1
C=CC1CNN(C=CC#CF)C1NCCOCC=CCOC,C1CNNC1,0,0.28825412994056376,0
ClC1=CCN(C2=C3CC=CC=C(CN2)OCC3)C=C1Cl,C1=CCC2=C(N3C=CC=CC3)NCC(=C1)OCC2,1,0.3073603489965549,0
N=C=C=NN1C=NC=CC=N1,C1=CN=CNN=C1,0,0.653229752576351,1
OCCNC=NC(=BNc1ccccc1)Nc1ccc(Cl)c(Cl)c1,B(=CNc1ccccc1)Nc1ccccc1,1,0.9904844904172193,1
COCCC1=NC(N)(c2cc(Cl)c(Cl)cc2N)C(CN=CCNCCCO)=CC1C,C1=CC(c2ccccc2)N=CC1,1,0.6475362585878144,1
[C-]C1(Cl)CC=C(Nc2nc(NCCO)c3ccccc3n2)C=C1Cl,C1=CC(Nc2ncc3ccccc3n2)=CCC1,1,0.9828758735216808,1
C=C1NC=C=CC=CC(CCOCC)=NN1,C=C1NC=C=CC=CC=NN1,0,0.36380684036188865,0
ClCC1=CC=CC=CCCCC1,C1=CC=CCCCCC=C1,0,0.07504028365119608,0
[C-]C1=[S-]=CC(=CNCl)C=[SH]1,C=C1C=[S-]=C[SH]=C1,0,0.883107439017396,1
C=CCN=C1CNCCCC(Nc2ccc(Cl)c(Cl)c2)N=CNCC1O,N=C1CCNC=NC(Nc2ccccc2)CCCNC1,1,0.8303847928845383,1
Cc1ccc(NC2=N[S+]3=CC=[SH]C=C3N(CCO)N2)cc1Cl,C1=[SH]C=C2NNC(Nc3ccccc3)=N[S+]2=C1,1,0.8380848124422664,1
[C-]#CNC1=NC(N=CC=C(Cl)C(=C)Cl)=NC#[P+]O1,C1#[P+]OC=NC=N1,1,0.15863680995356738,0
Cc1cc(C)c2nc(N3CCC(C(=O)NCCCN4CCC(N5CCCCC5)CC4)CC3)sc2c1,O=C(NCCCN1CCC(N2CCCCC2)CC1)C1CCN(c2nc3ccccc3s2)CC1,1,0.3719318506885773,0
CC=NCCCOCC1CN=C(c2ccc(Cl)c(Cl)c2)C1NCCO,c1ccc(C2=NCCC2)cc1,1,0.7086334661338076,1
CC1C(Cl)=CC(C#N)CCCCNOC(=NN)C1CCl,N=C1CCC=CCCCCCNO1,0,0.08148211432340202,0
OC=CSCCCOCNC1=NC2(Cl)C=C2N2C=CC=C=C12,C1=CC=CN2C=1C=NC1C=C12,0,0.2798876924653109,0
NOCCNC1C2=CCC1C=C(CCCl)CC=C2,C1=CC2=CCC(C=CC1)C2,1,0.29529724018420167,0
COc1cc([C@H](O)c2cc3c(cc2O)[C@@H](C)N[C@H](C)C3)cc2ccc(-c3ccc4c(-c5ccc6c(c5O)[C@@H](C)N[C@H](C)C6)c(CO)cc(OC)c4c3O)c(O)c12,c1cc(-c2ccc3c(c2)CNCC3)c2ccc(-c3ccc4cc(Cc5ccc6c(c5)CCNC6)ccc4c3)cc2c1,1,0.8327919815737034,1
ClC1=C2Cc3ccccc3C(=N2)[P+]CCOC(Cl)C=C1,C1=CCOCC[P+]C2=NC(=C1)Cc1ccccc12,0,0.22971461765460327,0
ClC1=CCN(C2=NC3=CCC=CN2CCO3)CC1,C1=CN2CCOC(=CC1)N=C2N1CC=CCC1,0,0.02321190406082811,0
[C-]OCCNCC1=NC(C)=NC=[N+]C=CC=C1,C1=CC=NC=NC=[N+]C=C1,0,0.6323643853275365,1
CC1=CC=CN(SC=NC2C=C2)C1Cl,C1=CCN(SC=NC2C=C2)C=C1,1,0.17179903202703348,0
ClC1=CC=CNC(Cl)c2ccc(cc2)C1,C1=CCc2ccc(cc2)CNC=C1,1,0.5442315263461717,1
NC1C=C2C=C1C(NCCO)=NC2Nc1ccc(Cl)c(Cl)c1,C1=NC(Nc2ccccc2)C2=CCC1=C2,1,0.9744372593715802,1
ClC1CC2(Cl)NC=C1C=CCOCC2=CCNSCC1c2ccccc21,C1=CC2=CNC(CC2)C(=CCNSCC2c3ccccc32)COC1,1,0.5621942399692661,1
ClC1=C[O+]=C(OCCNN2N=C3C=CC=[B-]=C=C3N2)C(Cl)C1,[B-]1=C=C2NN(NCCOC3=[O+]C=CCC3)N=C2C=CC=1,0,0.29170673398121927,0
OCCNC1=NC(NC=CC=C=[C-]CCl)=NC2CC=CC2=B1,B1=C2C=CCC2N=CN=C1,0,0.312617946364001,0
CC#CC=C(C=CCl)N=C[SH]=C=C1N=Nc2ccccc2C(NCO)=N1,C=C1N=Cc2ccccc2N=N1,1,0.9510363201006992,1
OCCNC1=NC(C2=C=[N+]=CC(Cl)=C2)c2ccccc21,C1=[N+]=CC=CC=1C1N=Cc2ccccc21,1,0.8015863304492895,1
C=COCCNC1=C2CC=C1C(Cl)=CCN2,C1=CC2=CCC(=C2)NC1,0,0.5172925453984628,1
[N-]C=CCC=CC=c1ncc(=CCCl)nc1NCCO,C=c1cnc(=C)cn1,0,0.3974629921518576,0
ClC1=C=NC2C=CC=CC2OCC=C(Cl)C1,C1=CCC=CCOC2C=CC=CC2N=1,0,0.1758109331832311,0
ClC1=CN(C=Nc2ccccc2)C=CC#[S+]1,C1#[S+]C=CN(C=Nc2ccccc2)C=C1,1,0.9520534991573006,1
COCCCC=CC1OCCC(=NC=CC=CCNC=C2C=CNC=N2)CNC=NNC1Nc1ccc(Cl)c(Cl)c1,C(C=CN=C1CCOCC(Nc2ccccc2)NN=CNC1)=CCNC=C1C=CNC=N1,1,0.9041834539363862,1
C=C1CNC(=NCC(=CC=CCl)CCl)C=CC=C1N,C=C1C=CC=CC(=N)NC1,0,0.18341799731627204,0
OCC[C-]N1CN(P2C=C(Cl)C(Cl)=CC2)Nc2ccccc21,C1=CCP(N2CNc3ccccc3N2)C=C1,1,0.7865676825886505,1
CCC=CC1CN=CN(C2=CC=CC2C)N(Cl)OCCN1,C1=CCC(N2C=NCCNCCON2)=C1,0,0.12929986679984926,0
[C-]C=C(Cl)C(Cl)=CC1CC=CCC(NCCO)=N1,C1=CCCN=CC1,0,0.025827189320639342,0
CC=CC1CN=C(Nc2ccc(Cl)c(Cl)c2)NOC1NCBr,c1ccc(NC2=NCCCON2)cc1,1,0.6086492697150532,1
CN(O)C=NC(Cl)NC=C1C=C=[S+](Cl)C=C1,C=C1C=C=[SH+]C=C1,0,0.7210975178486984,1
CCC1CCONCC=CCN(C2=CC2Cl)C=N1,C1=CCN(C2=CC2)C=NCCCONC1,0,0.022065575509628524,0
CC(=CC=C(Cl)CCl)NC1=NC2=CC=C(O)CNC(=N1)C2,C1=CCNC2=NC=NC(=C1)C2,0,0.10799966649718311,0
CCNCc1ccccc1C(Cl)C=C1C=CC[S+]=C1,C1=CC(=CCc2ccccc2)C=[S+]C1,1,0.8489303516271173,1
CC=C1C=C(Cl)C(Cl)C23C=C(C)CC=C2N=C(N=N3)N1,C=C1C=CCC23C=CCC=C2N=C(N=N3)N1,1,0.15690727628042692,0
[C-]=C1C=CC=CN=[O+]C(NC=COCCl)N=C1NCCO,[C-]=C1C=CC=CN=[O+]CN=C1,0,0.3667456688374934,0
C=CCC1(Cl)C(Cl)=CC=CN1C1(NCCO)NCC1C,C1=CCN(C2CCN2)C=C1,1,0.1137662990979616,0
NC(Cl)C(Cl)=CC=CNC1=NC2=CC=C=C2C1NCO,C1=CC=C2N=CCC=12,0,0.059536000005664516,0
N[S-]1=C(CN=CNC2=C=C(Cl)C=C2)[SH](CNCCO)C[C-]=C1,C1=CC=CC=1NC=NCC1=[SH-]C=[C-]CS1,0,0.4518921411939123,0
C=C(Cl)C(Cl)=CC=CNC1NOCNOCCOC1=CC=CC,C=C1CNOCNOCCO1,0,0.11888518391550931,0
ClC=CC=C1NCNc2ccccc2N1,C=C1NCNc2ccccc2N1,1,0.6951811258868715,1
CC(CC=CCNCCO)=NC1NCC(=CC=NC#CCC=CCl)CNC=C1Cl,C=C1CNC=CCNC1,1,0.24080971435157655,0
CN1C=CC=CNC(=CCl)CC1,C=C1CCNC=CC=CN1,0,0.13427745455674794,0
OCCC=NC(C=C1C=C(Cl)C(Cl)=C[P+]1)=NC1=C=CC=C1,C1=CC=CC=1N=CC=C1C=CC=C[P+]1,1,0.8055275411848394,1
OCCNc1nc(NC2=C(Cl)[C+]CC(Cl)=C2)nc2ccccc12,[C+]1C=C(Nc2ncc3ccccc3n2)C=CC1,1,0.9739153513895147,1
B#CC1CN=C(NCC2=C(Cl)C=C=[P-]C2)N=C1Cl,C1=CC=C(CNC2=NCCC=N2)C[P-]=1,1,0.21611769897227492,0
C1=CNC2=NCC=CC3(C=C1)CC=CCC23,C1=CNC2=NCC=CC3(C=C1)CC=CCC23,0,0.10209782180134067,0
C=NC1C=C(C)NCCOCCc2ccc(c(NOC)c2)C(CCCC)=NCN1,C1=CNCCOCCc2ccc(cc2)C=NCNC1,1,0.34758149753540757,0
Clc1ccc(CC2C=CC=CCN=CCN2)cc1Cl,C1=CCN=CCNC(Cc2ccccc2)C=C1,0,0.7669269407315825,1
NC12C=CC(CN1CO)C21C=C(Cl)C(Cl)CN1,C1=CC2(NCC1)C1C=CC2NC1,0,0.18590917151110375,0
NN1CN(C2C=C(Cl)C(Cl)=CCOCC2)NC2=CN=C=CC21,C1=CC2NCN(C3C=CC=CCOCC3)NC2=CN=1,0,0.1612476787144126,0
C=CC=CC(C)C1C=NNC=C1N=C(Cl)c1cccc(Cl)c1,C1=NNC=C(N=Cc2ccccc2)C1,1,0.8664431591570255,1
CC(Cl)=CC=C1CC=CC2CN=C(N=C2NCCO)N(Cl)C1,C=C1CC=CC2C=NC(=NC2)NC1,0,0.09402917855770178,0
ClC1=CCOC1C1C=CCNC=Nc2ccccc21,C1=CC(C2C=CCO2)c2ccccc2N=CNC1,0,0.601505141957214,1
C=CC=CC1=CCCN2C=C(CN1)N=C(NCC(Cl)C1C=C(Cl)C=C=CCC1)N=C2NCCO,C1=CC=CC(CCNC2=NC3=CN(C=N2)CCC=CNC3)CCC=1,0,0.3628796880070141,0
ClCC=CC=CC1=NC=C2C=CC[P-]=C2CCCON1Cl,C1=CC2=CN=CNOCCCC2=[P-]C1,0,0.04355971164610671,0
CCNC1=NC2=NC(C1)C(O)CC=C(Cl)C=CC=CN2,C1=CC=CNC2=NC(CC=N2)CCC=C1,1,0.1498417580192677,0
Clc1cccc2c1C=CC=CC=COCCC=NCN2,C1=CC=Cc2ccccc2NCN=CCCOC=C1,0,0.5058531090873972,1
OCCNC1=N[P-](Nc2ccc(Cl)c(Cl)c2)=C=NCC=CC=C1,C1=NCC=CC=CC=N[P-]=1Nc1ccccc1,1,0.8457226133687017,1
ClC1=CCN(C=NC2=NCC=CC=COCC2)C=C1Cl,C1=CCN=C(N=CN2C=CC=CC2)CCOC=C1,0,0.10018849375641639,0
C[N-]C=c1c(NCCO)nc2nc1=C(C)C(CCl)C=N2,C=c1cnc2nc1=CCC=N2,0,0.5298854057871103,1
C=CC=CC1CC=CC=CN=CCCO1,C1=CCCOCCC=NC=C1,0,0.3338447712272396,0
C=CC=CN=CCCC(Cl)C(Cl)=CC=NSN=C1c2cccc1c2,N=C1c2cccc1c2,0,0.9353933338973425,1
ClCNc1nc(C2=C[N+]#CC2Cl)nc2ccccc12,C1#[N+]C=C(c2ncc3ccccc3n2)C1,1,0.9570671076643884,1
CC1=CCCNC(=CC=CCCl)N=C(NCCO)c2ccccc2N1,C=C1N=Cc2ccccc2NC=CCCN1,0,0.8961139534101014,1
CC=NC(NC=NC=C=NCCON1C=CC=CC1)Nc1ccc(Cl)c(Cl)c1,C(=CN=CNCNc1ccccc1)=NCCON1C=CC=CC1,1,0.7012904977469039,1
C=C1C=CC=CCCC#CCNc2nc(c3ccccc3n2)NC(Cl)=CC1,C=C1C=CC=CCCC#CCNc2nc(c3ccccc3n2)NC=CC1,1,0.8994394388295741,1
Clc1ccc(Nc2nc(NCCOC3CNC3)c3ccccc3n2)cc1Cl,c1ccc(Nc2nc(NCCOC3CNC3)c3ccccc3n2)cc1,1,0.9902980232844539,1
C=C(Cl)C=CC=CNC(Cl)=NC1=CC(=C)C=CP1,C=C1C=CPC=C1,0,0.43883697390856335,0
OCCNC1=N[O+](CNc2ccc(Cl)c(Cl)c2)Nc2ccccc21,C1=N[O+](CNc2ccccc2)Nc2ccccc21,1,0.9808118100155663,1
CCNC1=[B-]C(Nc2ccc(Cl)c(Cl)c2)=NC2OCC=CC=C12,[B-]1=CC2=CC=CCOC2N=C1Nc1ccccc1,1,0.4287581089363922,0
C=C=C(Cl)C(Cl)=CCNBc1c#cc2ccccc2n1,c1cnc2ccccc2c#1,1,0.7922258668893934,1
BC(Cl)=CC=Cc1bc(NCCO)c2ccccc2n1,b1cnc2ccccc2c1,1,0.9829258861708132,1
OCCNC1=[P-]N[S-]2C=NC=CC(C=C1)C(O)=CC=C(Cl)C2,C1=CC[S-]2C=NC=CC(C=C1)C=CC=[P-]N2,0,0.12812727808554264,0
ClC1=CCC(N2CN=C3C=CC=C=C(N2)OCCN3)=C1Cl,C1=CC=CC2=NCN(C3=CC=CC3)NC=1OCCN2,0,0.19358423307682965,0
CN=C1CC=CC=C(Cc2ccc(Cl)c(Cl)c2)COCN1,N=C1CC=CC=C(Cc2ccccc2)COCN1,0,0.6937892011553347,1
CC1=CC=CNc2nccccc#cc(n2)NOC1,c1ccccnc2nc(c#1)NOCC=CC=CN2,1,0.21833122364450847,0
C=CC(Cl)=CC[S-]1=CC=C(C=C)N=CNOCC1,C1=CN=CNOCC[SH-]=C1,0,0.10032830623136944,0
C=C=C(Cl)C(Cl)=CCNc1nc(NCCO)c2c(n1)=CC=C=[P-]=2,C1=CC=c2ncncc2=[P-]=1,0,0.1929751300473303,0
Clc1c[b-]#ccc1Cl,[b-]1ccccc#1,1,0.670930753478206,1
ClCC1C=CNC(Cl)N=C2C=[P-]=C=C21,C1=[P-]=CC2=NCNC=CCC=12,0,0.23777124175981582,0
CCNC=NC(Cl)NCC=[S-]CC=C1N=C=NCC1Cl,C=C1CCN=C=N1,1,0.21243767554858897,0
NC(=NCC1=CC=CC=CCCONCCO1)Nc1ccc(Cl)c(Cl)c1,C1=CC=C(CN=CNc2ccccc2)OCCNOCCC=C1,1,0.7963265840237006,1
[C-]#CC=C1C[S-](NCC)=C=NC(NC2C=C(Cl)C(Cl)=CCO2)=N1,C=C1C[SH-]=C=NC(NC2C=CC=CCO2)=N1,0,0.1589147508280445,0
ClC1=C=Nc2ccccc2C(NBr)=NC1,C1=CCN=Cc2ccccc2N=1,1,0.21697749193464488,0
OCCNC1=NN(C2[C+]C=C(Cl)C(Cl)=C2)C=NC=CC=CC1,[C+]1C=CC=CC1N1C=NC=CC=CCC=N1,0,0.27904972265305855,0
OCCNc1nc(NC2=C=[N+]=C(Cl)C(Cl)=C2)nc2ccccc12,C1=[N+]=CC=CC=1Nc1ncc2ccccc2n1,1,0.9906996797648442,1
CCCC=C1CC(NO)=NC(N2C=CC=C(C)C=C2CC)=N1,C=C1CC=NC(N2C=CC=CC=C2)=N1,0,0.10368814645957276,0
ClC1C=NC(NCC=COC23CCC2NC3)=NC2=C=CC=C21,C1=CC=C2CC=NC(NCC=COC34CCC3NC4)=NC=12,0,0.14769499673527864,0
CCCC=C(C)C(=CSCCCOCCNNOCCNC1=C=CC(C)=NC1)CC=CC#CCl,C1=CC=NCC=1,0,0.3530987127326844,0
CC1=CC=C=PN=C1NC=CCP=CC(N)Cl,C1=CC=CC=NP=1,0,0.253323824733671,0
CCC=CC1CN=CNC2(C=C(Cl)N=C1NCCO)C=C2C=CNCCC=CC=CC=C=C=CF,C1=CC2(C=C2)NC=NCCC=N1,1,0.4807224042710608,0
N=C1CC=NNC(=CNc2ccc(Cl)c(Cl)c2)C(c2ccccc2)CCN2CCC2C=N1,N=C1CC=NNC(=CNc2ccccc2)C(c2ccccc2)CCN2CCC2C=N1,0,0.7217116245871481,1
C=C(Cl)C=CC=CNOCCNC1=NPC=NC(=C)C=CC=C1,C=C1C=CC=CC=NPC=N1,0,0.4480935395579278,0
CC1C=C(Cl)C(Cl)CN1C1=NC2C=CC=C2C(NCCO)=N1,C1=CC2N=C(N3CC=CCC3)N=CC2=C1,1,0.15007514795334595,0
NOCCC1=NC2=C=CC=C=C1N=C(CCCCCl)C2,C1=CC=C=C2CC=NC=1C=N2,0,0.03153256191724308,0
C=C=C(Cl)C(Cl)=CC[N+]C1=NCC=CC=CN(C=CC)C=N1,C1=CCN=CN=CNC=C1,0,0.0404982050272089,0
NC1=C(Cl)C(Cl)C=CN1C1=NC2=C=CC=CC1NCCO2,C1=CC=CC2NCCOC=1N=C2N1C=CCC=C1,0,0.0712004467651173,0
C=CC1=C(Cl)C(Cl)=CC=CNC2=NC3OCNC(=N2)C13,C1=CC=CC2C3=NC(=NC2OCN3)NC=C1,0,0.486126121346462,0
CCCCCN=CCCCCCN1NCC=C(Cl)C(Cl)=CN=CC1N=C(NCCO)c1ccccc1,C1=CCNNC(N=Cc2ccccc2)C=NC=C1,1,0.7133391527119399,1
CC(Cl)C(Cl)=C1N=C(NCCOC#[SH])c2cccnc2N1,C=C1N=Cc2cccnc2N1,0,0.7322523788798914,1
OCCNc1nc(NCC=C(Cl)C(Cl)=CCCNCC2C=CN2)nc2ccccc12,C(C=CCNc1ncc2ccccc2n1)=CCCNCC1C=CN1,1,0.9720004288448747,1
NCC=NC=CC#CC=C(Cl)CC1C=CCN=CNN=CCC1CONc1cccc(Cl)c1,C1=CCC(CONc2ccccc2)CC=NNC=NC1,1,0.729991262391309,1
C#CC=CC=CC=NC1CC=CCN1C1=NC(OCl)C(NCF)=N1,C1=CCN(C2=NCC=N2)CC1,0,0.061833145103837577,0
C=C(Cl)C(N)=CC=CN1C=CC=C2C(Cl)=CN=C1C2OCCO,C1=CNC2=NC=CC(=C1)C2,0,0.14099965975684461,0
Nc1[o+]cccc1C(Cl)=NBCNc1ccc(Cl)cc1,B(CNc1ccccc1)N=Cc1ccc[o+]c1,1,0.7879603315671889,1
CC=C(Cl)C(Cl)=CN1CN=C(C)C=CC=C=[O+]1,C1=CC=CC=NCN[O+]=1,0,0.08193830805964655,0
C=C(Cl)C(Cl)=CC=C1N=NCC([P+]=CC=CC=[S-]N)C1NCC,C=C1CCCN=N1,0,0.1700655263755346,0
COC=C(C)C(C)=CC=CN1C(N=C2[N+]c3ccccc32)CC=NCC=C(Cl)N1NCO,C1=CNNC(N=C2[N+]c3ccccc32)CC=NC1,1,0.8163030364493028,1
CNC1=NN2C=NCC(C=CC1)COC=CC=C(Cl)C(Cl)=C2,C1=CC=CN2C=NCC(C=CCC=N2)COC=C1,0,0.19812862277215745,0
CC1(N2C=CC(Cl)C(Cl)=C2N)N=C(NCCO)C2C=CC=C21,C1=CC2C=NC(N3C=CCC=C3)C2=C1,0,0.31897001346745096,0
CC(C=C(Cl)CCl)=NC1=C=CC=CCNCCO1,C1=CC=CCNCCOC=1,0,0.11835488490414528,0
OCCNCc1ccccc1N=CCCCCNCC=NSNc1ccc(Cl)c(Cl)c1,C(CNCCCCC=Nc1ccccc1)=NSNc1ccccc1,1,0.9686089798172841,1
OCCC=NC=CC=C1NC=NC2=CC=CC=C1CC1C(Cl)C(Cl)=CCN21,C=C1NC=NC2=CC=CC=C1CC1CC=CCN21,0,0.47266123370768626,0
CC1=CC=CC=NC#CC=CC=C1,C1#CN=CC=CC=CC=CC=C1,1,0.15274049339588888,0
CC1CCN(CCO)NC1NC1=CC=C(Cl)[S-](Cl)=C1,C1=C[SH-]=CC(NC2CCCNN2)=C1,0,0.1136976866485234,0
OCCNc1nc(NC2=C=COCN(CCCC=C(Cl)CCl)C2)nc2ccccc12,C1=COCNCC=1Nc1ncc2ccccc2n1,1,0.9442312985627181,1
ClOCCC1=NCN(c2ccc(Cl)cc2)NC=C=CC=C1,C1=CC=CC=NCN(c2ccccc2)NC=1,0,0.31007092823288285,0
CC1=CCC2(CC=C(Cl)C(Cl)=CC2)N=C1NCON,C1=CCC2(CC=C1)CC=CC=N2,0,0.06169540856692223,0
BNC1COC=C(CCCC=CC=CC)CN=CNC2=CC(CON1CCl)C2,C1=COCCNOCC2C=C(C2)NC=NC1,0,0.21947315186523622,0
CCC12C(=NC1C=CCN)CC2Cl,C1CC2CN=C12,0,0.04918325809136905,0
NC=C(Cl)C=CC=CNN1c2ccccc2NC#CC=CC=CCCNC1CO,C1#CNc2ccccc2NCNCCC=CC=C1,1,0.35434047275749125,0
OCCNC1C=CC[B-]=CC#CN=C1C=CCCCl,[B-]1=CC#CN=CCC=CC1,0,0.12484821782880853,0
CC=CCCOCCNCCOCCCC1=NC(=CC=CC#CNCCOC2=C=C(Cl)C(Cl)=CC2CC)CCC(=CCCO)N1,C=C1CCC(=CC=CC#CNCCOC2=C=CC=CC2)N=CN1,1,0.6282493357915129,1
OC1=C2C#CNCC=CC=CCC2N=CNC1,C1#CC2=CCNC=NC2CC=CC=CCN1,1,0.12322616505510008,0
C=CNCC(C#N)c1c2cccc1N(Cl)OCCNC(CCl)C(=CC)NC=N2,C=C1CNCCONc2cccc(c2)N=CN1,1,0.2003804331981386,0
[C+]c1cc(NC(Cl)N=c2c3ccccc23)ccc1Cl,c1ccc(NCN=c2c3ccccc23)cc1,1,0.9818653830136602,1
CN=C1CC2=CC=C1C2,N=C1CC2=CC=C1C2,0,0.2634766565949055,0
CC1C=CC(N2CN=C3C=CCC=C(N2)OCCN3)=C1,C1=CC(N2CN=C3C=CCC=C(N2)OCCN3)=CC1,0,0.24966741362166936,0
COCCC1=NCN(C(C)C=C(Cl)CCl)NC=CC=CC1,C1=CCC=NCNNC=C1,0,0.09764261886750272,0
CC(Cl)=CC=C1CC2(Cl)N=C(NCCO)c3cccc1c32,C=C1CC2N=Cc3cccc1c32,0,0.5783366925100509,1
C=CC1=NC2CC=C=C(Cl)C(CC)CCCCC(=CC=N2)CC(=CC=CCC=CC=CN=CCNCCO)N1,C=C1CC2=CC=NC(CC=C=CCCCCC2)N=CN1,0,0.5,1
ClC=CC(Cl)NC1[C-]C=CC=CC=CC=N1,[C-]1C=CC=CC=CC=NC1,0,0.29570413044307453,0
ClC1=C2CC=[C+]c3nc(Nc4cccc(Cl)c4)nc(c32)NC1,[C+]1=CCC2=CCNc3nc(Nc4ccccc4)nc1c32,1,0.7263350979678932,1
[B+]=CCNC1=NC(NC2(Cl)C#CP=C2)=NC(C=CCC)C1,C1#CC(NC2=NCCC=N2)C=P1,1,0.5429811136414066,1
NC1C=C[N+]2=CC(=NC(NC(=CCCCl)CCl)=[P+]2)NCCO1,C1=C[N+]2=CC(=NC=[P+]2)NCCOC1,0,0.2057039885700744,0
NOCNS1=C=CC2=C(N3C=CCC(Cl)=C3)C=C2C1Cl,C1=CC2=C(N3C=CCC=C3)C=C2C[SH]=1,0,0.12303692303016513,0
C#CC=C1C=CC=C=CNNCC(Cl)=CC1,C=C1C=CC=C=CNNCC=CC1,0,0.45088904178824357,0
C=C1COC(Cl)=CC(C)CCCNCOCCCCC=CNC=C=COCCNCCO1,C=C1COC=CCCCCNCOCCCCC=CNC=C=COCCNCCO1,1,0.46464358814994433,0
CC1=CC=CNC=NOCCNC([O+])c2cccc1c2,C1=CNC=NOCCNCc2cccc(c2)C=C1,0,0.4174201161416992,0
OCC1=CC=CC=C=C(N=C(Cl)NCC=CBr)CCN1,C1=CC=CC=CNCCC=1,0,0.23167544966839873,0
C=C=CC=C1CC(CO)=NC(N2CC=C(C)CC2Cl)=N1,C=C1CC=NC(N2CC=CCC2)=N1,0,0.09943094883962872,0
C/C=C(\C)C(=O)OC1C(C)(C)[C@H](CC(=O)OC)[C@]2(C)C(=O)[C@@]1(O)C=C1C3CC(=O)O[C@@H](c4ccoc4)[C@]3(C)CCC12,O=C1CC2C3=CC4CCCC(C4=O)C3CCC2[C@H](c2ccoc2)O1,1,0.3218563549708438,0
COCCNC1C2=NC(C)C=[N+]=C1C(C)=CC=CN2,C1=CNC2=NCC=[N+]=C(C=C1)C2,0,0.6274843502987306,1
COCC1C=C2C(Cl)=C2CCNC(C=CCCNC=C=N)=NCN1,C1=NCNCC=C2C=C2CCN1,0,0.37412602345979246,0
OCCNC1=NCC2(Nc3ccc(Cl)c(Cl)c3)C=CC1=C2,C1=CC2(Nc3ccccc3)C=C1C=NC2,1,0.9638395078442336,1
NC=NCCC=CC=CN=C1CONC=CC=CC=C1Nc1ccc(Cl)c(Cl)c1CCO,N=C1CONC=CC=CC=C1Nc1ccccc1,1,0.6882823855771923,1
ClCC=CCNC1=NNCC=CC1NCI,C1=CCNN=CC1,0,0.05899904643924123,0
OCCNC1=NC(NC=CC=C([P-])Cl)[C-]c2ccccc21,[C-]1CN=Cc2ccccc21,0,0.7229850521102644,1
ClC1=CC=P2(C=C2)C=C1Cl,C1=CC=P2(C=C1)C=C2,1,0.8335364233758168,1
CN1CCN(c2ccc(Nc3c4ccccc4nc4ccccc34)cc2)CC1,c1ccc2c(Nc3ccc(N4CCNCC4)cc3)c3ccccc3nc2c1,1,0.9493487534251852,1
C[P-]C=C(C(C)Cl)N1CN=C2CC=CC=C(N1)OCCN2,C1=CCC2=NCNNC(=C1)OCCN2,0,0.3391537889454953,0
OCCNC=C=C=CC1=NCNC2=CC=C(Cl)C2=C1Cl,C1=CC2=CC=NCNC2=C1,1,0.33574754998783896,0
CN(CCO)C1[C+]=CSC=C1,[C+]1=CSC=CC1,0,0.38864352043291883,0
CCNC(C[B-]#[B-]N)=NCP=NC1=CC=C(Cl)C(Cl)=CO1,C1=CC=COC=C1,1,0.21979305098446686,0
ClC1=CC(NC=Nc2ccccc2C2=NOCCN2)=C1Cl,C1=CC(NC=Nc2ccccc2C2=NOCCN2)=C1,1,0.4279499700780687,0
CC1=C=CC=CC=CCN1,C1=CC=CC=CCNC=1,0,0.06057605617528687,0
CC(=CC=CNC1=NC2=CCN(CCO)C(=N1)C2)C(C)C,C1=NC2=CCNC(=N1)C2,0,0.10311871285114345,0
C=C(Cl)C(Cl)C=CCC=CC=C1C(O)C2NCC12,C=C1CC2NCC12,0,0.5105654468507131,1
OCCNC1=[B-]C(N2C=C=C(Cl)C(Cl)=C2)=Nc2ccccc21,[B-]1=Cc2ccccc2N=C1N1C=C=CC=C1,1,0.3574336279261251,0
[P-]=CCNC1=CC=C2C1=CN=C2N=CC=C=[C+]CCl,C1=CC2=CN=CC2=C1,0,0.23991501562277914,0
ClC1=CCC(NC2=[P-]C=Nc3ccccc32)C=C1Cl,C1=CCC(NC2=[P-]C=Nc3ccccc32)C=C1,1,0.6928449852869304,1
C=COCCCC1=C2C(C=C1)C(NCCO)=NSNc1cc(Cl)c(Cl)cc1N2C,C1=CC2C=NSNc3ccccc3NC2=C1,1,0.9309067138829911,1
CCOCCNC1=C(N2CC=C(C)CC2Cl)C2C=C12,C1=CCN(C2=CC3=CC32)CC1,0,0.11442619754121251,0
CNCC(Cl)C1=CCC(C[C-]OC=CC=C=CN)=N1,C1=CN=CC1,0,0.12673916525170853,0
C=CC=CCC12CCC1N1CN=CNC3CCON1C(Cl)C3=C2C,C1=NCN2C3CCC3C=C3CN2OCCC3N1,0,0.39912449350301277,0
Clc1ccc(NC2=NC3=CC4C(=N2)C34)cc1Cl,C1=C2N=C(Nc3ccccc3)N=C3C1C23,1,0.9347739030826319,1
CC1CNCC(OC=CONCCO)N=C=N1,C1=NCCNCCN=1,0,0.1783896843967587,0
COC1N=C=CC#[S-]1,C1=CC#[S-]CN=1,1,0.5846012770484714,1
NCC=CC=C1N=C(c2ccc(Cl)c(Cl)c2)N=NC1CO,C=C1CN=NC(c2ccccc2)=N1,1,0.9733173896582049,1
C=CC1=CC=C(Cl)C(Cl)=NCCCNCCC=CCN1,C1=CC=NCCCNCCC=CCNC=C1,0,0.26615061599601536,0
OCCNC1=[B-]C(Nc2ccc(Cl)c(Cl)c2)=Nc2ccccc21,[B-]1=Cc2ccccc2N=C1Nc1ccccc1,1,0.9327730148931987,1
OCCNC1=NPC=C=C2C=CC=CNC2=CC=C1,C1=CPN=CC=CC=C2NC=CC=CC=12,1,0.5452126816023106,1
NC(Cl)NC=C1C=C[C+]C(Cl)=C1,C=C1C=C[C+]C=C1,0,0.8100005006268332,1
C1=CCCNc2ccccc2C=C1,C1=CCCNc2ccccc2C=C1,1,0.5785599522943594,1
OCCNCCC1C#COCC=CC=CNC=CN=CC=CC=CCC=CCC1,C1#COCC=CC=CNC=CN=CC=CC=CCC=CCCC1,1,0.031235566838288292,0
C=C=CC=C(CN=C(N)NCC1=C(Cl)C(Cl)=C=[C-]C1)CNCCO,C1=[C-]CC=CC=1,0,0.10995346388251254,0
C=Nc1nc(NC2OCC(Cl)=C2[N+]#CCCl)nc2ccccc12,C1=CC(Nc2ncc3ccccc3n2)OC1,1,0.7840955642998308,1
ClC1=CC=CC2=NC3=CC=CC(=COCCC3=N2)C1,C1=CCC2=COCCC3=NC(=NC3=CC=C2)C=C1,0,0.1035235886863677,0
Cc1cc2nc3c(=CC[S-](Cl)CCl)c=3[nH]c1=CCN2CCO,C=c1c2nc3ccc([nH]c1=2)=CCN3,0,0.3028962654335663,0
NCC(Cl)C(Cl)=CCC1N=C(CCO)c2cccc(c2)N=[SH]1,C1=NC[SH]=Nc2cccc1c2,1,0.3698273794687757,0
ClOCCNC1=C=CCC(c2ncc3ccccc3n2)=C(Cl)C=NN=C=NC1,C1=CCN=C=NN=CC=C(c2ncc3ccccc3n2)CC=1,0,0.35144281615760137,0
C=NC1=C(Cl)C=NC(=NC=CC)NCC=CC1N,N=C1N=CC=CCC=CCN1,0,0.20540396119444188,0
ClC(CC1=C[C-]C=CC1)=NC1C=C=CCO1,C1=CCOC(N=CCC2=C[C-]C=CC2)C=1,0,0.16853557986235324,0
OCCN1C=CC=C=CN=NN=C1,C1=CC=CNC=NN=NC=1,0,0.23741821548612904,0
NOCNC1(Cl)c2ccccc2N=CNC2=CC1C=C2,C1=CC2C=C1NC=Nc1ccccc1C2,0,0.849890767072431,1
NC1=C(CO)CC(CSNc2ccc(Cl)c(Cl)c2)=C=C1,C1=CC=CCC=1CSNc1ccccc1,1,0.9123198217136161,1
C=C([O+])C(Cl)=CC=C1NCN=C(C)C=CC1N,C=C1CC=CC=NCN1,0,0.09036957179215438,0
CNc1ccc(NC2N=C=S(CO)c3ccccc32)cc1Cl,C1=NC(Nc2ccccc2)c2ccccc2[SH]=1,1,0.8692563823587268,1
SC(CCl)C1[C+]=C=CNc2nc(NCCCl)c3c1cccc3n2,C1=[C+]Cc2cccc3nc(ncc23)NC=1,1,0.8188553084253449,1
CC1=C(CNC2=NC3(C=CC3N)CC(CCO)=N2)C(Cl)C=BCC1,B1=CCC(CNC2=NC3(C=CC3)CC=N2)=CCC1,0,0.1340580593298049,0
C=C[P+]1=C=NC(Nc2ccc(Cl)c(Cl)c2)=NC(=C)C(NCCO)=C1,C=C1C=C[PH+]=C=NC(Nc2ccccc2)=N1,1,0.9702355621295997,1
[B-]=C=CCN=C1CN=C(N=[SH]2=CC=C(Cl)C(Cl)=C2)N=C1ON[S+]CC,N=C1C=NC(N=[SH]2=CC=CC=C2)=NC1,0,0.25253142720376937,0
CC1CC=CCC(Cl)C1=CCNCC=C=C1CN=NCN=CN1CCO,C(=CCNCC=C1CCC=CCC1)=C1CN=NCN=CN1,0,0.1326128172300667,0
CC1=C2CCNC(CO)=CC=CC=C=C2NCC=C1Cl,C1=CC=CC=CNCCC2=CC=CCNC=12,0,0.3086483961896605,0
OCCNCC1=CC=CCCC=NC(NCC=C(Cl)CCl)=NN=CCNCC1,C1=CCCC=NC=NN=CCNCCC=C1,1,0.4550552905770035,0
CC=CC1C=C(Cl)C2(Cl)NC(=CC1)C2NCOC,C1=CC2CC(=CCC1)N2,0,0.4212806347110012,0
[c-]1cccc2c1nc1nc2s1,[c-]1cccc2c1nc1nc2s1,1,0.9771567731353669,1
[C-]C1CC2=CC=CC(=CNC=CC=C1N)C2NCCO,C1=CCCC2=CC=CC(=CNC=C1)C2,0,0.09627511374310523,0
NCC=CC1CN=C(C=C2C=C(Cl)[P-]C(Cl)=C2)N=CN1CCO,C1=CC(=CC2=NCCNC=N2)C=C[P-]1,0,0.733652057054086,1
Clc1ccc(NC2=NC3=CC=CCC3NCCON2)cc1Cl,C1=CCC2NCCONC(Nc3ccccc3)=NC2=C1,0,0.807279004504481,1
C=C=C(Cl)C=CCCOCC1=NCC=CC(CCCCC=NC)=C(O)CC=N1,C1=CCC=NC=NCC=C1,0,0.4690356805039815,0
OCCNC=NC(=NC=C1C=C=CC=C1)NCOC1C=CC(Cl)=C=[SH]1,C1=CC=CC(=CN=CNCOC2C=CC=C=[SH]2)C=1,0,0.7197065919792103,1
OCCNc1nc(NC=CC=C(Cl)C2=C=C2)nc2c(Cl)cccc12,C1=CC=1C=CC=CNc1ncc2ccccc2n1,1,0.9414866811923762,1
C#CC1=CC=CC2=CC=CNC=CC=CC=CN=CC(C=CCl)OC=CC=C=NNCCON1CC=C2Cl,C1=CC=COCC=NC=CC=CC=CNC=CC=C2C=CC=CN(CC=C2)OCCNN=1,0,0.49014906140399345,0
NC1=CC=CNC(=CNCCO)C2=CC=C(C2)C1Cl,C=C1NC=CC=CCC2=CC=C1C2,0,0.3675324245084202,0
CC=CNS[B-]#CNOCCC([B-]1=C(CCCl)N[N+]1)c1ccccc1,C1=[B-](Cc2ccccc2)[N+]N1,1,0.8897932896705882,1
OCCNC1=NC(NCC=C(Cl)C([S+])Cl)=NCO1,C1=NC=NCO1,0,0.14460933882083468,0
NC(=NCC[O+]=NCCO)N1CC=C[P+]C1Cl,C1=C[P+]CNC1,0,0.030152468664822824,0
CCCCCN1C=C=NC=CC2=C(Cl)N3CC=CC=C3C(=N2)NCCOC1,C1=CNCOCCNC2=NC(=CN3CC=CC=C23)C=CN=1,1,0.4352956040062528,0
OCC1=C(C=NCCl)CCCC=CCNc2nc(c3ccccc3n2)NC(Cl)=C1,C1=CCCCC=CCNc2nc(c3ccccc3n2)NC=C1,1,0.9369523881937973,1
C=CCC1C=C2CN=C1C(CC=CC)C(=C=CN=CCCl)N=CNC2=CC,C=C1CC2=NCC(=CC2)C(=C)NC=N1,0,0.17757024051501322,0
COCCC1=NC(N)(c2ccc(Cl)c(Cl)c2N)C2C=CC12,C1=CC2C1C=NC2c1ccccc1,0,0.5952502252927395,1
C=CC=CCOC[C+]1C=NC1NCC=C(Cl)C(Cl)=CC,C1=NC[CH+]1,0,0.40471557141080844,0
OCCNC1CC2=CC=CC=S2N1,C1=CC=S2NCCC2=C1,1,0.039188109516969175,0
Clc1cc2cc(c1Cl)C=CC=CC=CN=CN2,C1=CC=Cc2cccc(c2)NC=NC=C1,0,0.912571516568525,1
OCCNC1C=CC2=C=[B-]=CC(CCl)C(Cl)=CC=CNC21,[B-]1=C=C2C=CCC2NC=CC=CCC=1,1,0.7252623821403495,1
C=C(Cl)C(N)=C1C=CNC(CCC)=NC(C=CCOCl)CNCCC=CC1CO,C=C1C=CNC=NCCNCCC=CC1,0,0.17094446935613594,0
N=[B-]1CN=C2CC=CC=C2N1,N=[B-]1CN=C2CC=CC=C2N1,0,0.056694761783899275,0
NC(=CC=CNc1nc(C=CC=CC#CCC2C=C2CCl)c2ccccc2n1)CCCl,C(#CCC1C=C1)C=CC=Cc1ncnc2ccccc12,1,0.8615156133317267,1
CC1CNCc2ccccc(ncc(NCCCCN)c2NCCO)NCC1Cl,c1ccc2ncccc(c1)CNCCCCN2,0,0.23241499206077101,0
NC1=CC=C=CC1=NCC1=CC=C(Cl)C1Cl,C1=CC=CC(=NCC2=CC=CC2)C=1,1,0.540953549306886,1
ClC1=C=NNCC1,C1=CCCNN=1,0,0.10281070095275274,0
C=NC=CNC=CCC(C)=CCNC1=NC2=CC=C=CC2N(CCO)N1,C1=CC=C2N=CNNC2C=1,0,0.31853181876389297,0
OCCN[S-]1=C=CC=CCN=CN(c2ccc(Cl)c(Cl)c2)N1,C1=CC=CCN=CN(c2ccccc2)N[SH-]=1,0,0.8382517547104106,1
NOCCC1C2=C=CC=CN2C1NC=CC=CCl,C1=CC=CN2CCC=12,0,0.16831967235825512,0
CC=CN=C1CC(Cl)C2(COC2Cl)C(C)=CCN1,N=C1CCC2(C=CCN1)COC2,0,0.18486283433427608,0
C=CC=CNC1=NB2C=CC=C2C(NCO)=N[C+]1,[C+]1C=NB2C=CC=C2C=N1,0,0.48511729755535987,0
OCN1C=CC=C=CN=C(Nc2ccc(Cl)c(Cl)c2)N=C1,C1=CC=CNC=NC(Nc2ccccc2)=NC=1,1,0.8967857198256827,1
OCCNC1C=CC=CC1N=C(Cl)NC=C1[C+]C=CC(Cl)=C1,[C+]1C=CC=CC1=CNC=NC1C=CC=CC1,1,0.5182631785209346,1
NC1C=C(Cl)C(Cl)=CCOCCNN1,C1=CCNNCCOCC=C1,0,0.1118318996799785,0
C=CC=CCCCCCNCC=NCOC=CC1=CN=CCCOCN=C(CC=CCCl)N=C1CCON,C1=CN=CCCOCN=CN=C1,1,0.3414291841353845,0
CC1CC=C2CC=CC=NNC(NCCO)CC=C(C=C(Cl)CN)N1C2,C1=CCC2=CCCN(C=CCCNN=C1)C2,0,0.19222682388848336,0
NC1=C(Cl)C(Cl)C=CN1C1=NC2=CC=C=CC2NCOCC1,C1=CC=C2N=C(N3C=CCC=C3)CCOCNC2C=1,0,0.37957067793792854,0
C=CC1C=CC(CCON)C(C=CC=CC#CNC=CC=CCl)C(C)N1,C1=CCNCCC1,0,0.23251477248652225,0
OC1=NC2=NC(Cl)CC(=N2)NC1,C1=NC2=NCCC(=N2)NC1,0,0.22153980802096399,0
C1=CCOC=NC=C1,C1=CCOC=NC=C1,0,0.015149237935281754,0
Clc1ccc(NC2=NC34C=C3C=CC(=N2)NCCO4)cc1Cl,C1=CC2=NC(Nc3ccccc3)=NC3(C=C13)OCCN2,1,0.5233105058214241,1
[C+]c1ccc2cc1N=C(N=[P-]CCO)C=CCC(C)=CN=[C+][N+]SN2,[C+]1=NC=CCC=CC=Nc2cccc(c2)NS[N+]1,1,0.7028205601445915,1
ClC=CC1=CC=C(Cl)C2C3=C=C(C=C3)C2CCON1,C1=C2C=CC=1C1CCONC=CC=CC21,1,0.63834530850634,1
CC(C)OC1N=C(Nc2ccc(Cl)c(Cl)c2)C(CCO)C2C=CCN=C12,C1=CC2CC(Nc3ccccc3)=NCC2=NC1,1,0.8545637643298782,1
OCCNC1=Nc2cc(Cl)cc(c2)Nc2ncccc21,C1=Nc2cccc(c2)Nc2ncccc21,1,0.9470791293969585,1
CC1NC=NC(c2ccc(Cl)c(Cl)c2)c2ccccc21,C1=NC(c2ccccc2)c2ccccc2CN1,1,0.8807708853867013,1
C=C(Cl)C(Cl)=CC=NN1CNC2CC=CC=C21,C1=CCC2NCNC2=C1,0,0.3154257886741696,0
C=C=NC(=NC1(CCNCCO)C=CC1)Nc1ccc(Cl)c(Cl)c1,C1=CC(N=CNc2ccccc2)C1,1,0.8442402130287305,1
ClCCCC1=NCC=NC=CC=C=C1,C1=CC=CN=CCN=CC=1,0,0.2459480528441092,0
CC=CC=C1C=CC=CC#Cc2cc(cc(Cl)c2Cl)NC(N)=NC1,C=C1C=CC=CC#Cc2cccc(c2)NC=NC1,1,0.5063712825555462,1
CCCNc1nc(CCC=NCCONc2ccc(Cl)c(COCCN)c2)nc2ccccc12,C(CCc1ncc2ccccc2n1)=NCCONc1ccccc1,1,0.9627089899393305,1
NCC=CC1COCC2C=C(Cl)C1=C2,C1=CC2C=C1CCOC2,0,0.28321839921215464,0
OCCNc1nc(NC2=[C-][SH](Cl)#CC(Cl)=C2)nc2ccccc12,C1#S[C-]=C(Nc2ncc3ccccc3n2)C=C1,1,0.9918789104214425,1
OCCNC1=CCC=C(Cl)C(Cl)=C[N+]CNC2=NC[S+]C1=N2,C1=CCC=CC2=NC(=NC[S+]2)NC[N+]C=C1,0,0.4479132195239625,0
NCC=CC1CN(CCO)C1Nc1ccc(Cl)c(Cl)c1,c1ccc(NC2CCN2)cc1,1,0.9654526037126809,1
CCOCC1=CCNSC=Nc2ccccc2C(CCO)C(N)C=C=NCCC1,C1=CCCc2ccccc2N=CSNCC=CCCCN=1,1,0.6422069249610121,1
OCCNC1=NC(NCC=C(Cl)[N-]CCl)=NC2=C[S+]#CC21,C1#[S+]C=C2N=CN=CC12,0,0.6284281537979113,1
C#CC=CC12N=C(CN=CNC3C=CC(Cl)=CCC1C=CCOC3)C2C,C1=CCC2C=CCOCC(C=C1)NC=NCC1=NC2C1,0,0.47175585869128983,0
CC=CC=C1NC=NCNC2=C(CCl)[S-][O+]CC=[B-]2C1N,C=C1C[B-]2=CC[O+][S-]C=C2NCN=CN1,0,0.08409683033809022,0
C=C(CCl)NCC=CC=C1C#COC(NCCO)=N1,C=C1C#COC=N1,0,0.6338763798912093,1
N#CN=C(NCCOc1ccc(Cl)c(Cl)c1)c1ccccc1,N=C(NCCOc1ccccc1)c1ccccc1,1,0.9702705291220179,1
NOCNC1C(CCl)=CC=C1CC=Nc1ccccc1,C1=CCC(CC=Nc2ccccc2)=C1,1,0.8285290536343164,1
OCCC1CN(CCl)c2ncc3ccc1cc3n2,c1cc2cnc3nc2cc1CCN3,0,0.39959264051241133,0
CCOCC1=CC(N2C=CC=CC=CC=NC2)C(CCl)C=CN=C1,C1=CC=CN(C2C=CC=NC=CC2)CN=CC=C1,0,0.03296914031095353,0
C=C(Cl)C(Cl)=CC=NC1=C2NCCOCC=CC=C2N1,C1=CCOCCNC2=CNC2=C1,0,0.16599816317802482,0
C1=C=NC=NC=1,C1=C=NC=NC=1,1,0.5632609845708235,1
ClC1=CCN(C2=Nc3ccccc32)C(Cl)C1,C1=CCN(C2=Nc3ccccc32)CC1,0,0.12194284387858645,0
CCNC1=NSNc2cc(Cl)c(Cl)cc2Nc2ccccc21,C1=NSNc2ccccc2Nc2ccccc21,1,0.9462578607960068,1
CC1C(Cl)=CCN(C2N=C(NCCO)C=CC2=C=CC2C=CC=NNC2)C1N,C(=CC1C=CC=NNC1)=C1C=CC=NC1N1CC=CCC1,0,0.3091471400440255,0
C=CC=CC=CC1(CCO)NC=C(N=C)C1=C,C=C1C=CNC1,1,0.4195237851227813,0
NC1=C2CC(=CC1)CC=CC=C1N=C1CN2,C1=CCC2=CCC=C(C2)NCC2=NC2=C1,0,0.10347662833195842,0
[B+]CCNC1ONC2(C=[P+]=C(Cl)C(Cl)=C2)c2ccccc21,C1=CC2(C=[P+]=C1)NOCc1ccccc12,1,0.4269707733702931,0
Clc1ccc(N[S+]2C=NC3C=CC=CC(=N2)NCCO3)cc1Cl,C1=CC2=N[S+](Nc3ccccc3)C=NC(C=C1)OCCN2,1,0.8005519808510012,1
ClC1=CC=CNc2nc(c3ccccc3n2)NC1,C1=CCNc2nc(nc3ccccc23)NC=C1,1,0.9795970359692182,1
C=C1C(Cl)=CCN1C(Cl)=NC1=C=CC=CC=C(NCCO)C1,C=C1C=CCN1C=NC1=C=CC=CC=CC1,0,0.09530338812376869,0
CC1=CNCC2=CC=CCNOCCNC(=NCN2)CC2=CCCN1C2,C1=CCNOCCNC2=NCNC(=C1)CNC=CN1CCC=C(C2)C1,0,0.23771487297033703,0
[N-]OCCNC1NC(=CC=CC#[S+])N=C1Nc1ccc(Cl)c(Cl)c1,C=C1N=C(Nc2ccccc2)CN1,1,0.8551397817586759,1
NC(Nc1ccc(Cl)c(Cl)c1)=C1C=CC=CC1C=CC#CO,C1=CCC(=CNc2ccccc2)C=C1,1,0.9728112806058239,1
C#CC(Cl)C1=Cc2ccccc2C(NCCO)=NCN1,C1=Cc2ccccc2C=NCN1,1,0.5311131518239027,1
OCCNC1=NC(Nc2ccc(Cl)c(Cl)c2)C2=CC=CC21,C1=CC2C=NC(Nc3ccccc3)C2=C1,1,0.9354393080389419,1
[C-]1=CC=CC1,[C-]1=CC=CC1,0,0.21078349325293086,0
Clc1cccc(N2CN=C3CC=CC=C(COCN3)N2)c1,C1=CCC2=NCN(c3ccccc3)NC(=C1)COCN2,1,0.5518535138936682,1
ClC1=CC=CC=CC=CNC2CCC2CC=CC=C1Cl,C1=CC=CC=CCC2CCC2NC=CC=CC=C1,0,0.1989309614091995,0
CC1C=CCNC2N=C(NCCO)C=CC=CC=C2N(CCCl)CCCC1,C1=CC=NC2NCC=CCCCCCNC2=CC=C1,1,0.10839164678294118,0
OCCNc1nc(NC2=[C+]C=CC(Cl)=C2)nc2ccccc12,[C+]1=C(Nc2ncc3ccccc3n2)C=CC=C1,1,0.9895647831706785,1
C=C=C(Cl)C(N)=CCNC1(C)N=C2COCC1=C[P-]C2,C1=C2CN=C(COC2)C[P-]1,0,0.06674429189556776,0
OCCNC1=NC2C=C(Cl)C(Cl)CN2SC=Nc2ccccc21,C1=CC2N=Cc3ccccc3N=CSN2CC1,1,0.5596380598061751,1
C=CC1=CC=C(Cl)C2=NC=NC=C(C=CC2)NCCON1,C1=CNOCCNC2=CN=CN=C(C=C1)CC=C2,0,0.2787444198048014,0
[C-]C1=C2C(NCCO)=NC(NC=CC=CC#SCCl)=[N+]C2(C)C=C1,C1=CC2[N+]=CN=CC2=C1,1,0.44830246607374025,0
[N+]CC1=Nc2ccccc2OCCNNN1,C1=Nc2ccccc2OCCNNN1,0,0.09795706724319152,0
ClOCNc1nc(NC2=CC=CC(Cl)=[N+]2)nc2cccc[b-]12,C1=CC=C(Nc2nc[b-]3ccccc3n2)[N+]=C1,1,0.7884465240996411,1
OCCNc1nc(NC=CC=C(I)CCl)nc2c1=COCC=2,C1=c2cncnc2=CCO1,0,0.35646497917939296,0
ClCCC(Cl)=C[P-]1=C=CC#C1,C1=CC#C[PH-]=1,1,0.7708700505413404,1
N=C1C([N+]c2ccc(Cl)c(Cl)c2)=[C-]NC2=C[B+]C=CC12,N=C1C([N+]c2ccccc2)=[C-]NC2=C[B+]C=CC12,1,0.8905086741489843,1
ClCNOC=NC1=NCC=CC=CC(Cl)C(Cl)=CC=C1,C1=CC=NCC=CC=CCC=C1,0,0.28368865465473847,0
C=C1C=CC(NCCO)C#[P-]1,C=C1C=CCC#[P-]1,0,0.35599517285023546,0
OCCNC1=CN(C2=CC=CC2Cl)Nc2ccccc21,C1=CCC(N2C=Cc3ccccc3N2)=C1,1,0.6686025851320756,1
C=CN=C1C=CC2=NC(=NCC2Cl)NC=COCCCCC1,N=C1C=CC2=NC(=NCC2)NC=COCCCCC1,0,0.10831082591449447,0
CCCP=CC=C1C(NCC=C(Cl)CCl)N=CN1O,C=C1CN=CN1,0,0.0566799427691925,0
COCNC1=NC(C=C2C=[PH]=C(Cl)C(Cl)=C2)=NC=CC=CC1,C1=CCC=NC(C=C2C=CC=[PH]=C2)=NC=C1,0,0.2841770641084765,0
OCCNc1nc(NC(C#CCl)=CC=CCl)[s+]c2c1=CC=C[SH]=2,C1=C[SH]=c2[s+]cncc2=C1,1,0.3682573557860402,0
C=CC=CC(=NC(Cl)NC=C1C=[S+]CC(Cl)=C1)NCCO,C=C1C=CC[S+]=C1,0,0.3503459935447322,0
Clc1ccc(NC=Nc2cccccc3nn2-3)cc1Cl,C(=Nc1cccccc2nn1-2)Nc1ccccc1,1,0.9378483462805732,1
CC=C1C=CC(Cl)C2C=CCN=C(N=C(Cl)C2)N1,C=C1C=CCC2C=CCN=C(N=CC2)N1,1,0.22218525885403384,0
C=C(Cl)C=CCC(Cl)=NC1=CC=C=CNCC1C,C1=CC=CCCNC=1,0,0.3593914094410293,0
Clc1ccc(NC2=NCC=CCNN=CC#CCOCC2)cc1Cl,C1#CCOCCC(Nc2ccccc2)=NCC=CCNN=C1,0,0.827242440312666,1
OCCNC1C=C=CC=C1C1=NC(Nc2ccc(Cl)c(Cl)c2)=NN=C=CN=CC1,C1=CC=C(C2=NC(Nc3ccccc3)=NN=C=CN=CC2)CC=1,1,0.7346796943571681,1
ClOCCNc1nc(NC2=CC=CC2Cl)nc2c[b-]#ccc12,[b-]1cc2nc(NC3=CC=CC3)ncc2cc#1,1,0.539503961087646,1
ClC1=C(Nc2ccc[o+]n2)C=CCB1,B1C=C(Nc2ccc[o+]n2)C=CC1,0,0.2698893427167081,0
OCCNC1=N[P+]C2CC=C(Cl)C=CCNC2=NCC1,C1=CCNC2=NCCC=N[P+]C2CC=C1,0,0.2932454758637054,0
NC1=C2C(=CC1)C(NCC=C(Cl)CCl)N=C2NCCO,C1=NCC2=CCC=C12,0,0.1231192955681598,0
CCC(CC=CC1CN=CNC(Cl)C=CC=CO1)=NN,C1=CCNC=NCCOC=C1,0,0.0993708301818712,0
OCCNC=NC(=NC=C=CC=C1C=C1)N1C=CC(Cl)C(Cl)=C1,C(=CC=C1C=C1)=CN=CN1C=CCC=C1,0,0.5453711159839741,1
CCCC=C1CN=[S-]N1[C-]=CCCl,C=C1CN=[S-]N1,0,0.09471746593779463,0
C#[B-]C=CC=C1CN=C(Nc2ccc(Cl)c([S-])c2)N=[S-]1=NCCO,C=C1CN=C(Nc2ccccc2)N=[S-]1=N,1,0.8852546895608766,1
OCCNC1=C2C=C=C(NCC=CCCl)C2=C1,C1=CC2=CC=C2C=1,1,0.2725201715964242,0
NC1=NC(CC=C(Cl)CCCl)=NC=CC=CC=COCC1,C1=CC=COCCC=NC=NC=C1,0,0.026621418161651804,0
C=C1C2=C=CN(C=C2Cl)C2C=CC=C1C(O)CNC=N2,C=C1C2=C=CN(C=C2)C2C=CC=C1CCNC=N2,0,0.13060141152230909,0
NC1=CC1C1=CCNC2=CC=CC=C(C1)C(NCCO)=N2,C1=CC=C2N=CC(=C1)CC(C1C=C1)=CCN2,0,0.12697835952578282,0
OCCNc1nc([B+]N2CC=C(Cl)C(Cl)C2)nc2ccccc12,[B+](c1ncc2ccccc2n1)N1CC=CCC1,1,0.8775714547139677,1
CC(=CCNC1N=C(NCCO)c2ccc1cc2)CCl,C1=NCc2ccc1cc2,1,0.4168137816924261,0
C#SNC=NC(C=C1C=CC2=C=[S+]21)N1C=C(Cl)C(Cl)=CC1,C1=C2C=CC(=CCN3C=CC=CC3)[S+]=12,0,0.5060181688555706,1
C=CCC=CC#CCNC=CSC1=CC=C(CN=C(CC)NCCC)C(CC=NCC=C)=Nc2ccccc21,C1=CC=Nc2ccccc2C=C1,1,0.6996258222251369,1
OCCNC1=NN(c2ccc(Cl)cc2)NC2=[S+]=CCC(Cl)=C12,C1=NN(c2ccccc2)NC2=[S+]=CCC=C12,1,0.7529415818062232,1
C=C=CC=C1CN=CC2=CC(=CCl)C=CB2OCCN1,C=C1C=CB2OCCNC(=C)CN=CC2=C1,0,0.2028613391622002,0
C=CC1=CC=CC=NCN=C=NC=CCCC(Cl)=CC1Cl,C1=NC=CCCC=CCC=CC=CC=NCN=1,1,0.22844491728641786,0
COCCC1=NCN(C2=CC(=CCl)C2)NC=CC=CC1,C=C1C=C(N2CN=CCC=CC=CN2)C1,0,0.05251671371391139,0
ClC1=C(NCCNCc2ccccc2)C=CC#[S-]1,C1#[S-]C=C(NCCNCc2ccccc2)C=C1,1,0.9775506248406072,1
OC1=NC(Nc2ccc(Cl)c(Cl)c2)C2=CC=C=C(C2)NC1,C1=CC=C2CC=1NCC=NC2Nc1ccccc1,1,0.8733292886193064,1
C=CC1OCC2C1=CC#[P+]C2C,C1#[P+]CC2COCC2=C1,0,0.2194127431863882,0
CCN1C=C(Cl)C(Cl)=C(C)NCCCCC1,C1=CNCCCCCNC=C1,0,0.10013056556942718,0
CCCCNC1=NN(c2ccc(CC=NC=COCl)c(Cl)c2)Cc2ccccc21,C1=NN(c2ccccc2)Cc2ccccc21,1,0.66816965869787,1
ClC1=CC(N2CN=C3NCOC=CC=CC=C3N2)C=C1Cl,C1=CC=C2NN(C3C=CC=C3)CN=C2NCOC=C1,0,0.13920901115713014,0
ClC1=CC#CC1Cl,C1#CCC=C1,1,0.7552919913126936,1
COCCC1=NCNC(C=CCl)C=C(Cl)C(=CCCN)C1,C=C1C=CCNCN=CC1,0,0.28905090169807496,0
C=CC=CC=COCCNC1=NCNC2=C=CC=C(Cl)C(Cl)=C21,C1=CC=CC=C2C=NCNC=12,0,0.43116018111046883,0
CC1=CC([C+]=NC=Nc2ccccc2C(C)NCON)C=[S-](N)=C1,[C+](=NC=Nc1ccccc1)C1C=CC=[SH-]=C1,0,0.5498450717128776,1
Clc1cc2cc(c1)NC1C=CC(Cl)OCCNC(=NCN2)C1,C1=CC2CC(=NCNc3cccc(c3)N2)NCCOC1,0,0.5082930361989436,1
C=[B-]OCC1=NCN2NC1=CC=CC(C)C(Cl)=C2C=CCl,C1=CCC=CN2CN=CC(=C1)N2,0,0.32113119292734404,0
ClC1=CCOCC2C(=C1)CNC=Nc1ccccc12,C1=CCOCC2C(=C1)CNC=Nc1ccccc12,1,0.25923048856644393,0
OC1CN2CC=CC3(CC=C(Cl)C(Cl)=CCNC1=N3)CC2,C1=CCNC2=NC3(C=CCN(CC2)CC3)CC=C1,0,0.09418103412726493,0
Clc1ccc(NC=NOCCC2=CC=C3C=CC#CC=CC=C2CNCCN3)cc1Cl,C1#CC=CC2=CC=C(CCON=CNc3ccccc3)C(=CC=C1)CNCCN2,1,0.6870563928593444,1
C=C1CCC(C(Cl)=CCNc2nc(NCCO)c3ccccc3n2)C=CN=CC1Cl,C=C1CC=NC=CC(C=CCNc2ncc3ccccc3n2)CC1,1,0.9118195144379944,1
NC1C=CC=C2C3N=C(CCO)C21C(N)C(Cl)=CC=CN3,C1=CCC23C=NC(NC=C1)C2=CC=CC3,1,0.5357853170947796,1
ClC1=CCC=Nc2ccccc2C=BNCCON=CC1Cl,B1=Cc2ccccc2N=CCC=CCC=NOCCN1,0,0.3474620442817455,0
CONc1nc(NC2=C[N+]C(Cl)C(Cl)=C2)nc2ccccc12,C1=CC(Nc2ncc3ccccc3n2)=C[N+]C1,1,0.9473507641326931,1
C[S+]=CCC1=NC(Nc2ccc(Cl)c(Cl)c2)C=CC=CC1,C1=CCC=NC(Nc2ccccc2)C=C1,1,0.5102958606388756,1
CC12C=C1NCN=CNCCONC2=CCCN,C=C1NOCCNC=NCNC2=CC12,0,0.25552980954429233,0
CC=C1C=C=C(CON2C=C(Cl)C(Cl)=CC2)C2CCOC(N)C12,C=C1C=C=C(CON2C=CC=CC2)C2CCOCC12,0,0.24532257333137966,0
C=CN=CCC=c1cccc2c1=C=COSNCC=C(C(C)CN)C2NCCO,C=c1cccc2c1=C=COSNCC=CC2,1,0.47328659361693814,0
C=C1C(Cl)=CC=CCCCSC2=C3CN=C(C)CCNCCN3[C-]C12CCOCCC=CC1=C=CCCC1,C=C1C=CC=CCCCSC2=C3CN=CCCNCCN3[C-]C12CCOCCC=CC1=C=CCCC1,1,0.41520817396610094,0
Clc1ccc(NC2NN3CC4=NCC=CC2=NCCCC43)cc1Cl,C1=CC2=NCCCC3C(=NC1)CN3NC2Nc1ccccc1,1,0.693218226075819,1
C=CC=CC=CNC1=C(CCCCC=CNCCO)CC#CCCC=NC(C=CC)=NC(OCCl)NNCC1Cl,C1#CCCC=NC=NCNNCCC=CC1,1,0.5747893020686974,1
CCNCC=CCC1C=CC#S(=NC)[B+]C(O)=N1,N=S1#CC=CCN=C[B+]1,0,0.3186612862779016,0
CC=CC=CBC1=NCC(C=CCN)N=[B-](CCO)P=N1,[BH-]1=NCCN=CN=P1,0,0.12206011108884102,0
NCC=CC=C1CN=C(NC=C2C=S=C(Cl)C(Cl)=C2)N=C1NCCO,C=C1C=NC(NC=C2C=CC=S=C2)=NC1,0,0.5792057012459153,1
NCc1ccccc1N=CN[n+]1ccc(Cl)c(Cl)c1CCO,C(=Nc1ccccc1)N[n+]1ccccc1,1,0.9062356909114521,1
Nc1c(NC2=CC(CCO[O+])=NC=NC=[P-]=C2)ccc(Cl)c1Cl,C1=NC=NC=[P-]=CC(Nc2ccccc2)=C1,1,0.8042676187326444,1
CC#C[C+]1NB=C(NCC=C=[P+]CCl)N=C(NCC=[N+])OC1=CC,C=C1[CH+]NB=CN=CO1,0,0.7062261250685465,1
CCN[S+]C1ONC(N2CC=C(N)C(C)C2Cl)c2cccc1c2,C1=CCN(C2NOCc3cccc2c3)CC1,0,0.3452324408058727,0
CC=CC=CN=C(N=C1N=[O+]COC1C)NCC=C(Cl)CCl,N=C1COC[O+]=N1,0,0.16469355973507344,0
CCC=C=C1CN=CN(C2=C(Cl)C(Cl)=C2)N(C)OCCN1,C=C1CN=CN(C2=CC=C2)NOCCN1,0,0.07107096275964371,0
ClC(=Cc1ccccc1)NC=C1C=CC(Cl)[P+]=C1,C1=CC(=CNC=Cc2ccccc2)C=[P+]C1,1,0.7494387354108736,1
CC1=C2CC(C=C1)N=C(Nc1cc(Cl)c(Cl)cc1C)N2CO,C1=CC2CC(=C1)NC(Nc1ccccc1)=N2,0,0.17984963039633,0
C=CC=CC1=NC2=C=C2C=CCNC1,C1=C2C=CCNCC=NC=12,0,0.24037156461572604,0
CCNC1=NCC(C=COC=C2C=CC#CC2)OCCNC=N1,C1#CCC(=COC=CC2CN=CN=CNCCO2)C=C1,0,0.11997096709236715,0
C=C(C)c1cc2c(c(O)c1O)[C@@]1(C)CCC[C@](C)(COC(=O)c3ccc(O)c(O)c3)C1=CC2,O=C(OCC1CCCC2C1=CCc1ccccc12)c1ccccc1,0,0.7672724498483281,1
ClC1=CC2=C(C=NCCONCCONC=N2)C1Cl,C1=CC2=C(C=NCCONCCONC=N2)C1,1,0.19685534655889034,0
CCOCC1=NC2=NCC1=CC=C(C)C(Cl)(Cl)C=C=C2,C1=CCC=CC=C2C=NC(=NC2)C=1,0,0.05796491192542267,0
NC1=NC(NC2=CC(Cl)C(Cl)=C2)=NC2=CC=C[SH]=C2OCC1,C1=C[SH]=C2OCCC=NC(NC3=CCC=C3)=NC2=C1,0,0.16512437468418145,0
C=C1NC=NCC23C(Cl)C=CC4C=CCN1C(C)CNC2N4CCN3CCO,C=C1NC=NCC23CC=CC4C=CCN1CCNC2N4CCN3,1,0.16766463264002232,0
FC1=NCN2C=CC=C(N2)OCCN1,C1=CN2CN=CNCCOC(=C1)N2,0,0.09287030043920011,0
CC=C(NCCOc1ccccc1N)C(C)=CCNC=C1C=CC#CO1,C=C(C=CCNC=C1C=CC#CO1)NCCOc1ccccc1,1,0.5,1
CC=CCOCCNC1=NC(NC=CC=CCl)O1,C1=NCO1,0,0.330972789742238,0
OCCNC1=NC(N2CC=C(Cl)CC2Cl)=N[B-]=CC=CC=C1,[B-]1=CC=CC=CC=NC(N2CC=CCC2)=N1,0,0.08558136528071865,0
ClC1C=CC=CNN2NOC3=CC=CC=C2CNC31,C1=CC=C2CNC3CC=CC=CNN2NOC3=C1,0,0.05938969415955968,0
C=C(Cl)C=CC=CNC1=NC2=CC=C=CC2NCCON1,C1=CC=C2N=CNOCCNC2C=1,0,0.4122834458289906,0
OCCNC=NC(=NC[S-]1=CC=CC=C1P)Nc1ccc(Cl)c(Cl)c1,C1=CC=[S-](CN=CNc2ccccc2)C=C1,1,0.9052127983067639,1
CC1(N)C(Cl)=CC2=C1C(C=CN)N=C2,C1=CC2=C(C1)CN=C2,0,0.5,1
OCCNC1=NC([C+]NCC=C(Cl)C[B+]CCl)=NC2=CC=CC=[P-]21,C1=CC=[P-]2C=NC=NC2=C1,0,0.4726124006054262,0
OCCNC1=NCC([N+]c2ccc(Cl)c(Cl)c2)=CC=CC=C1,C1=CC=NCC([N+]c2ccccc2)=CC=C1,1,0.4742478949730225,0
CC(NCc1cccc(N)c1)c1ccc(F)c(C(F)(F)F)c1,c1ccc(CNCc2ccccc2)cc1,1,0.7719180648668508,1
NC1=CN(C=NC2=CC=COC2CCCCOCC=CCNCCO)CC=C1Cl,C1=CCN(C=NC2=CC=COC2)C=C1,1,0.3866826400910631,0
CN=C1CCOC=CC=CC=N1,N=C1CCOC=CC=CC=N1,0,0.043478192309421855,0
CC(C)=CCc1cc([C@@]23Oc4cc(O)ccc4[C@@H]4CC(C)=C[C@H](c5c(O)cc(-c6cc7ccc(O)cc7o6)cc5O2)[C@H]43)ccc1O,C1=C[C@@H]2c3ccc(-c4cc5ccccc5o4)cc3O[C@@]3(c4ccccc4)Oc4ccccc4[C@H](C1)[C@@H]23,1,0.5627783472782408,1
OCCNc1nc(Nc2ccc(Cl)c(Cl)c2)nc2c1C=C2,C1=Cc2nc(Nc3ccccc3)ncc21,1,0.9747633807566147,1
ClC1=COC[C-]NC2=CC=CC=[SH]2=NC=NCNC=CC=C1,[C-]1COC=CC=CC=CNCN=CN=[SH]2=CC=CC=C2N1,1,0.36777459627669584,0
CC1C=CC=CCC(NC=C(Cl)C=BBCCl)N=CN1,C1=CCCN=CNCC=C1,0,0.2143827153228954,0
COCCC12CC=[B-]C=C1C(NCON)=NC(c1ccc(Cl)c(Cl)c1)O2,[B-]1=CCC2OC(c3ccccc3)N=CC2=C1,1,0.5202646208070031,1
C=C(Cl)C(Cl)=C1NC=NCC(CCCONCCC=CC)=CNC1CCC,C=C1CNC=CCN=CN1,0,0.1478093579336966,0
ClC1=CC=CNC2=NC3=C4NC=CNCC2C1=CC(=C3)COCCN4,C1=CNC2=NC3=C4NC=CNCC2C(=CC(=C3)COCCN4)C=C1,1,0.3935459186952277,0
OCCN[P-]C1=NC(c2ccc(Cl)c(Cl)c2)C1,C1=NC(c2ccccc2)C1,1,0.8154299724677717,1
ClC1=CC=NC2(C=C1)C=CC(Cl)NCCON2,C1=CC=NC2(C=C1)C=CCNCCON2,0,0.11394532402622429,0
ClC1=[C+]CN([B-]2=Cc3ccccc3N=CNOCC2)CC1,[C+]1=CCCN([B-]2=Cc3ccccc3N=CNOCC2)C1,0,0.2884657286704671,0
OCCNc1nc(NCC2=C(Cl)NC(Cl)=CC2)nc2ccccc12,C1=CNC=C(CNc2ncc3ccccc3n2)C1,1,0.9896658468921273,1
ClC1=CCN(OCCc2ncnc3c2=CC=C=3)C=C1Cl,C1=CC=c2c(CCON3C=CC=CC3)ncnc2=1,0,0.1012005142488798,0
ClC=CC1=NC=CN[S-]=C=NCN1,C1=NCNC=NC=CN[S-]=1,1,0.428949660827119,0
OCCNP=CC=CC=C1CN=C(Nc2ccc(Cl)c(Cl)c2)N1,C=C1CN=C(Nc2ccccc2)N1,1,0.8867944853459717,1
OC1CNC=NCNCC(CCl)N2C=CC=CC12,C1=CC2CCNC=NCNCCN2C=C1,0,0.1401981272867104,0
C=C(Cl)N1CC=CC=CCC=NC1,C1=CCC=NCNCC=C1,0,0.09439839632806889,0
C=CC=CC(CC1=CC2=CN=CNC(=CC=CCl)N=CN1C=C2)NCCO,C=C1N=CN2C=CC(=CN=CN1)C=C2,0,0.4331114375234195,0
OC1CNC=NC2C=CCC=C1NC(C=CCl)=CC=CN2,C1=CNC2=CCC=CC(N=CNCC2)NC=C1,0,0.5344267923917522,1
ClC1=CCNCCOC2=CC2=C=CN=CNC1Cl,C1=CN=CNCC=CCNCCOC2=CC=12,0,0.35231005726629966,0
ClS1(N2CN3CC(=CC=COCCN3)N2)C=CC1,C1=COCCNN2CC(=C1)NN([SH]1C=CC1)C2,0,0.10166288565644792,0
C=CN=C1[N-]C(Cl)=CC=C(C)N1,N=C1[N-]C=CC=CN1,1,0.6749337461758221,1
OCCNc1nc(Nc2ccc(Cl)c(Cl)c2)n[p+]2c1=C=[C-]CC=2,C1=[C-]CC=[p+]2nc(Nc3ccccc3)ncc2=1,1,0.9180842367115547,1
CNC(Cl)=C1CCC1CCNC(=NC=C1C#CCOC(Cl)=C1NC1C=CCCCN1)N=C(NCCO)c1ccccc1,C=C1CCC1CCNC(N=Cc1ccccc1)=NC=C1C#CCOC=C1NC1C=CCCCN1,0,0.48990872112966344,0
ClC1=CCN(C2=NC3CN(CCO3)N2)C=C1Cl,C1=CCN(C2=NC3CN(CCO3)N2)C=C1,0,0.10825155697290516,0
ClCC(Cl)=CC=C(NC=NC=CCCCCC1CN=C=CN1)C1=NOCCN1,C=C(NC=NC=CCCCCC1CN=C=CN1)C1=NOCCN1,1,0.3580012416363777,0
C=CC(=CC=CCl)NC1=NC2(OCNCCO)CC=CCN12,C1=CCN2C=NC2C1,0,0.071810780296429,0
CC1=NC(c2ccc(Cl)c(Cl)c2)=NCC=CC1,C1=CCN=C(c2ccccc2)N=CC1,1,0.6781666042973844,1
CC(=CCNC1=Nc2ccc(cc2CNCCO)C=CCCNCCC1)CCl,C1=Cc2ccc(cc2)N=CCCCNCC1,1,0.7102950010619097,1
C=NC=CNC=C1C=CCCCN2C(Cl)=CCCC=C=CC2CC=N1,C=C1C=CCCCN2C=CCCC=C=CC2CC=N1,1,0.35848809215999855,0
CCNc1ccccc1C1=NCNC(C)=C(COC=C(Cl)CCl)NC=CN1,C1=CNCN=C(c2ccccc2)NC=CN1,1,0.4589845907667722,0
OCCNn1c2cc3cc-2cnc1CC=C(Cl)C(Cl)=CN3,C1=CCc2ncc3cc(cc-3[nH]2)NC=C1,0,0.3524041151590605,0
CN=C(NCCO)[C-]1CC=CC=C1N=CN1C=CC=C(Cl)C(Cl)=C1,C1=CC=CN(C=NC2=CC=CC[CH-]2)C=C1,0,0.2718412575444198,0
OCCC1=NC(N2C=C(Cl)C(Cl)=CC2)C2=CC=C2C=C1,C1=CCN(C2N=CC=CC3=CC=C32)C=C1,0,0.1568086279099841,0
OCCNc1nc(NCC2=C(Cl)C(Cl)=C=[O+]C2)nc2ccccc12,C1=CC=C(CNc2ncc3ccccc3n2)C[O+]=1,1,0.9688642365946953,1
CC(=CC=CCl)CCOCNCC1C(=N)CN2CC=C(C=CCC=NC=C=NCCOCCC3CCOC3)C=CCOCCNN=CC12,N=C1CC2C=NNCCOCC=CC(C=CCC=NC=C=NCCOCCC3CCOC3)=CCN2C1,1,0.5546519908934446,1
ClC1=CC2COc3ccccc3NC2=C1,C1=CC2COc3ccccc3NC2=C1,1,0.6337339028286635,1
NC1(Cl)C2=CC=CC1=NC1=CC(NCCO)C=C1C2,C1=CC2=NC3=CCC=C3CC(=C1)C2,0,0.10606739807454334,0
C=CC(Cl)=CC1=CC2=NC(=C(Cl)C=CC1)CC(NCCO)=N2,C1=CCC=CC2=NC(=C1)CC=N2,0,0.18244035465196035,0
C=C(Cl)C=CC1=CCCCCCOCCN=C2NC1=CCC2N,C1=CC2=CCCC(=NCCOCCCCC1)N2,0,0.16072335320597994,0
ClC1=CCN2CC1=[PH]=BC13CC=CC=C1N=C2N=C3Cl,B1=[PH]=C2C=CCN(C2)C2=NC3=CC=CCC13C=N2,0,0.09994795211545929,0
C=C1C=C(C)C(Cl)=CC(=C)C(Cl)=C=NN1,C=C1C=C=NNC(=C)C=CC=C1,1,0.4548186533287666,0
ClC(=N[P-]CC1=CC=C=BC1)N=C(Cl)c1ccccc1,B1=C=CC=C(C[P-]N=CN=Cc2ccccc2)C1,1,0.6996993712415018,1
C#CC=CC=CCOCCC1=NC(NC2=CCC(Cl)=C2)=N1,C1=CC(NC2=NC=N2)=CC1,0,0.16779583043778454,0
ClC1=CC=CNCN=Cc2ccccc2NCOC=C1Cl,C1=CC=COCNc2ccccc2C=NCNC=C1,0,0.7285532246946631,1
C=CC=CC(=NC(Cl)NC=C1C=CCC(Cl)=C1)NCCO,C=C1C=CCC=C1,1,0.3613718127278788,0
C=[P-]1(Cl)=CC2=C1COc1ccccc1N2,C=[PH-]1=CC2=C1COc1ccccc1N2,0,0.5,1
CC=CC=S=CCNC1(C)CN=CNC12C=CC(Cl)=C2,C1=CC2(C=C1)CCN=CN2,0,0.21164109862462144,0
Clc1ccc(NC2=NC=CC=CC=C2)cc1Cl,C1=CC=CC(Nc2ccccc2)=NC=C1,0,0.9244964959117475,1
CC1(O)c2ccccc2N=CNC2=CC=C(Cl)C21Cl,C1=CC2Cc3ccccc3N=CNC2=C1,1,0.91737992664421,1
[C-]#CNC1=NC[P+]N(c2ccc(Cl)c(Cl)c2)NC=CC=CC1,C1=CCC=NC[P+]N(c2ccccc2)NC=C1,0,0.5746030817693083,1
CNC1=CC=CN(OCC#CC=NC(N)N=c2cc2)C1(Cl)Cl,C(#CCON1C=CC=CC1)C=NCN=c1cc1,1,0.2567795850681753,0
NC1=COCNC2=NC(C=CC=C(Cl)CCl)=NC2=CC=C1,C1=CC=C2N=CN=C2NCOC=C1,0,0.09555438526782396,0
NC1CCON(Cl)C=Cc2ccccc21,C1=Cc2ccccc2CCCON1,0,0.17886797795820786,0
C=CC=CNC1=NCC(=C2C=CCC2Cl)C(NCCO)=N1,C1=CC(=C2C=NC=NC2)CC1,0,0.26806404822280133,0
Clc1ccc2[nH]c(=NC34C=CCOCCNC3C4)[nH]c2c1Cl,C1=CC2(N=c3[nH]c4ccccc4[nH]3)CC2NCCOC1,1,0.38965514936253376,0
OCCC1=NC(Nc2ccc(Cl)c(Cl)c2)=NC=C2C#[SH]=CC=C21,C1#[SH]=CC=C2C=NC(Nc3ccccc3)=NC=C12,1,0.9067657727567396,1
OCCNC1=NC(Nc2ccc(Cl)c(Cl)c2)C#CC=CN=CC1CC=Nc1ccccc1,C1#CC(Nc2ccccc2)N=CC(CC=Nc2ccccc2)C=NC=C1,1,0.9675079901303709,1
CC=C(Cl)C1=COCC(NC=CN=CCF)N=C1NCOCl,C1=COCCN=C1,0,0.1584895732671066,0
Cc1cc(Cl)c(Cl)cc1C1=NC2C=CC=C2C1NCCON,C1=CC2N=C(c3ccccc3)CC2=C1,1,0.2993863166396011,0
ClCC(Cl)=CC=C1N=C(N=C=[SH]CCOc2ccc[s+]c2)N1,C=C1N=C(N=C=[SH]CCOc2ccc[s+]c2)N1,0,0.5465978628850633,1
OCCNC1=NC(N=CNc2ccc(Cl)c(Cl)c2)=C[C-]2C=C=[N+]C=C12,C1=C[C-]2C=C(N=CNc3ccccc3)N=CC2=C[N+]=1,1,0.9807221028211647,1
ClCC(Cl)CNCC1=CC(CN=C2C=C3C=CC(C4CCC4)C2N3)=CC=C=CO1,C1=CC=C(CN=C2C=C3C=CC(C4CCC4)C2N3)C=COC=1,0,0.4156306922969671,0
C=NC1C=CN(C2NCCC3=CC=CC2N3C)C=C1Cl,C1=CC2NC(=C1)CCNC2N1C=CCC=C1,1,0.3478372957754023,0
OCCC1=NC(Nc2ccc(Cl)c(Cl)c2)=NC=CCC=C1,C1=CCC=CN=C(Nc2ccccc2)N=C1,1,0.9772369420133997,1
N[O+]C(=Nc1ccccc1CC=BCO)N1C=CC(Cl)C(Cl)=C1,C1=CN(C=Nc2ccccc2)C=CC1,1,0.8766993849640432,1
ClC1=C(CNC(Cl)N=c2c3ccccc23)CC=C[O+]1,C1=C[O+]C=C(CNCN=c2c3ccccc23)C1,1,0.7362724224268855,1
NC1C=CC2CC1(CCO)C(C1=[P-]=C=C(Cl)C(Cl)=C1)=N2,C1=CC=CC(C2=NC3C=CCC2C3)=[P-]=1,0,0.15574589894854146,0
FC(F)(F)c1cccc(Nc2nc(-c3ccccc3)nc3ncccc23)c1,c1ccc(Nc2nc(-c3ccccc3)nc3ncccc23)cc1,1,0.9826695625065837,1
CC1CN(C2=C[B-]c3cccc(c3)C(Cl)=N2)CC=C1Cl,[B-]1C=C(N2CC=CCC2)N=Cc2cccc1c2,0,0.1945291750603115,0
C=CC1=CCCCCC(CNCCON2N=C2Nc2ccc(Cl)c(Cl)c2)N=CC=N1,C1=CN=CC=NC(CNCCON2N=C2Nc2ccccc2)CCCC1,1,0.8599606289931896,1
NCCCCC=C1CC(CC2=NCC=CC2NCCO)=NC(Nc2ccc(Cl)c(Cl)c2)=N1,C=C1CC(CC2=NCC=CC2)=NC(Nc2ccccc2)=N1,1,0.7554005365386146,1
CC=C1CN=C(NC=CC=CCl)C1CC,C=C1CC=NC1,0,0.0588988343857913,0
Nc1ccc(NC2N=CN(CO)c3ccccc32)cc1Cl,C1=NC(Nc2ccccc2)c2ccccc2N1,0,0.8506599406768036,1
[S+]C(Cl)=CC=CNC1CCC=CC=CC=NOCCNC[P-]1,C1=CC=NOCCNC[P-]CCCC=C1,0,0.07742631539373664,0
NC1(CC=CCl)C2=CC=[C+]C=C2C1C(Cl)=C=[S-]CCO,[C+]1=CC=C2CCC2=C1,0,0.2870047485121749,0
ClC1=CCS2=C(Cl)C=COCCNCC=CC2CC=NCN1,C1=COCCNCC=CC2CC=NCNC=CCS2=C1,0,0.37066190893968004,0
C=C1CC=CC(CCCC=C(CC#CCl)C(Cl)OC=CC)=C2CC(NCCO)=NC(=N2)N=CC[B-]#CCCN1,C=C1CC=CC=C2CC=NC(=N2)N=CC[B-]#CCCN1,1,0.5472471223939559,1
[N-]=CC1=CC=[SH]C(CCl)CC=CC(Cl)=C2[P-]C(NCCO)=NC(N=CN1)[S-]2,C1=CCC[SH]=CC=CNC=NC2N=C[P-]C(=C1)[S-]2,0,0.3972940573780072,0
C=NC(=CNC1=NC2=C=CC=C21)CCCl,C1=CC=C2C=NC=12,0,0.3199105466182479,0
C=CC=CNC1OCCN2C=CC=C1C2,C1=CN2CCOCC(=C1)C2,0,0.08021994983606942,0
[B+]=C=CC=CN1C=NCC(=CC=CC)C(NCC)O1,C=C1CN=CNOC1,0,0.05945629958725076,0
ClC=COCCNC1c2ccccc2CNC1C=CCl,c1ccc2c(c1)CCNC2,1,0.4771971576898411,0
CCCN1C=CC=C2Nc3ncccc3C(NCCO)=NC21,C1=CNC2N=Cc3cccnc3NC2=C1,0,0.4838101446632756,0
C=NC=CC=CCNC1C=CC2CC1(c1ccc(Cl)c(Cl)c1)N(C)OCCN2,C1=CC2CC(c3ccccc3)(C1)NOCCN2,1,0.6641106832001814,1
NC1=CCN(C2=NC=CC3=CC=C3C2NCCO)C=C1Cl,C1=CCN(C2=NC=CC3=CC=C3C2)C=C1,0,0.36941358499455607,0
CC1=C(C=CC=CN=CNc2ccc(Cl)c(Cl)c2)NOCCCCN=CCCC1,C(C=CC1=CCCCC=NCCCCON1)=CN=CNc1ccccc1,1,0.8268608242308747,1
[C+]#CC([O+])=C[S-]#CNOCCNC([S+]=N)C1=CC=CC=NC1=C,C=C1C=CC=CC=N1,0,0.514711012753847,1
NC1C2C(=CC#CF)C=CN1C2Cl,C=C1C=CN2CC1C2,1,0.7415045302275548,1
Clc1ccc(NC2=Nc3ccccc3CCC[O+]ON2)cc1Cl,c1ccc(NC2=Nc3ccccc3CCC[O+]ON2)cc1,1,0.6857315905547364,1
CC=C1C=CCCC(C)=CC=CNC(N=CNCCO)C(Cl)=C1Cl,C=C1C=CCCC=CC=CNCC=C1,1,0.36179761787738296,0
OCCNc1nc(Nc2ccc(Cl)c(Cl)c2)nc2c1=[S-]C=CC=2,C1=C[S-]=c2cnc(Nc3ccccc3)nc2=C1,1,0.9565936801415916,1
ClC1CCCNC12N=C1NC=CC=C12,C1=CNC2=NC3(CCCCN3)C2=C1,0,0.09061886851769807,0
CC1C(Cl)=CC=C1N1C=NC=CC=CC#CN1NCCO,C1#CNN(C2=CC=CC2)C=NC=CC=C1,0,0.5181719854315451,1
C=CC(Cl)=C1COC1[P+]CN=C(NCC)c1ccccc1Cl,C=C1COC1[P+]CN=Cc1ccccc1,1,0.4924438105576603,0
NCC=C=C1CC(CCOCl)=NCNc2cc(Cl)cc1c2,C=C1CC=NCNc2cccc1c2,0,0.33972696088738324,0
[O+]#CC=CCNCCNC1C=NC2=C1C=CC2Cl,C1=CC2=C(C1)N=CC2,0,0.6085639689575804,1
[N-]=C=CCN=CNC1=C=C[P-]C=C(Cl)C1Cl,C1=CCC=C[P-]C=1,1,0.3891799862753968,0
C#CC=CC=CN=CNC1=CC[B+]C2C(NCCOCl)C12Cl,[B+]1CC=CC2CC12,1,0.21250737349284865,0
CCC1=CNC2=CC=C(CC(=N)C1)NC=N2,N=C1CC=CNC2=CC=C(C1)NC=N2,0,0.06187260863387559,0
OCCNC=N[C-](Cl)NCC1=C(Cl)C=C[B-]C1,[B-]1C=CC=CC1,0,0.5215441981363774,1
CCCC=C1CN=C1c1ccc(Cl)c(Cl)c1,C=C1CN=C1c1ccccc1,1,0.8685529488624295,1
OCCSc1[o+]c(Nc2ccc(Cl)c(Cl)c2)nc2ccccc12,c1ccc(Nc2nc3ccccc3c[o+]2)cc1,1,0.9940494709835532,1
CC1C=CC2CC(=NC(N3C(C)C=CC3Cl)=N2)NCCO1,C1=CC2CC(=NC(N3CC=CC3)=N2)NCCOC1,0,0.13550346111755224,0
OC1=C(Cl)C=C2CC(=NC(Nc3cccc(Cl)c3)=N2)NC1,C1=CCNC2=NC(Nc3ccccc3)=NC(=C1)C2,1,0.8900470866193202,1
C=C1N=CNC=C(C)C#CCC1N=C(N=C[B+]CCO)Nc1ccc(Cl)c(Cl)c1,C=C1N=CNC=CC#CCC1N=CNc1ccccc1,1,0.8288556433052393,1
[O+][B-]1=C=C(Cl)C=CNCN=CNC(CO)c2ccccc21,[BH-]1=C=CC=CNCN=CNCc2ccccc21,0,0.31525771502942246,0
Clc1ccc(NC2N=C3CC=CC=C2COCN3)cc1Cl,C1=CCC2=NC(Nc3ccccc3)C(=C1)COCN2,1,0.5989736641740183,1
C=CC=CC(O)C1=CCNC(N=C(C)Cl)=C(CCOCCCl)N1,C1=CNC=CNC1,0,0.4499232439693489,0
C[C+]C(Cl)=CC=C1CC2=C3N=C(N1)N(CC=C2)C3(O)NCCO,C=C1CC2=C3CN(CC=C2)C(=N3)N1,0,0.06735363114151217,0
OCCNC1=NC(Nc2ccc(Cl)c(Cl)c2)B=C=CC=CC=C1,B1=C=CC=CC=CC=NC1Nc1ccccc1,1,0.8530589575629026,1
N=C=C=NC=NC=CCC=CC=C1CC(NC=CC=C(N)CCCl)N=CS1,C=C1CCN=CS1,0,0.3849254695063107,0
CC1CCNC(CO)=NN2C=CC(N=CNc3ccc(Cl)c(Cl)c3)C(=CCCN1)C2,C1=CN2CC(=CCCNCCCNC=N2)C1N=CNc1ccccc1,1,0.7793489808424607,1
ClCC=CC1=NC2=CC=C=C2OCCN1,C1=CC=C2N=CNCCOC=12,0,0.030693781620122908,0
NOC=NC(Cl)NCC1=C[N-]C(Cl)=CC1,C1=C[N-]C=CC1,0,0.2156052315799259,0
CC=C[S-]OC1CN=CN=[N+]1Cl,C1=NCC[NH+]=N1,0,0.17637198773851592,0
N#CC1=CC=CCC2C=CC(Cl)=CC=CNC(=N)N=C(NCCO)C1=CC2,N=C1N=CC2=CCC(C=CC=CC=CN1)CC=CC=C2,1,0.5563224904527825,1
N[P-](C=Nc1ccccc1CNCCO)Nc1ccc(Cl)c(Cl)c1,C(=Nc1ccccc1)[PH-]Nc1ccccc1,1,0.9188534171039434,1
[B+]1C=CC2=C3C4=CC=CC=C(N=CNC42)NC13,[B+]1C=CC2=C3C4=CC=CC=C(N=CNC42)NC13,1,0.21628080915276654,0
OCCNC1=NC2=NC(=C[SH]3CC=C(C=C3Cl)N2)CC=C1,C1=CCC2=C[SH]3C=CC(=CC3)NC(=N2)N=C1,0,0.4679928325028722,0
C=CC1N=C(C=C(Cl)CCl)NCN=C2BC(CC)=C1OC2,B1C=C2CN=CNCN=C1CO2,1,0.13864301982227323,0
CC1=CC=CNC2NNC2C=CC(CCO)=C1Cl,C1=CC=CNC2NNC2C=CC=C1,1,0.5248233801417546,1
OCCNC1C2=CC=CC[N+]2=CN=CNc2cc(Cl)c(Cl)cc21,C1=CC[N+]2=CN=CNc3ccccc3CC2=C1,1,0.57955165371415,1
OCCNC=NC1=Nc2cccc3c2C(C=C(Cl)C(Cl)=CC3)N1,C1=CCc2cccc3c2C(C=C1)NC=N3,0,0.6618870674377381,1
OCCNC1=[B-]=C(Cl)C2=[C-][SH]=CCN(C=Nc3ccccc31)CC=C2,[B-]1=CC2=[C-][SH]=CCN(C=Nc3ccccc3C=1)CC=C2,0,0.49367331362117906,0
CC1CCOCNC2=NC(=NCC2)NCC=C1Cl,C1=CCNC2=NCCC(=N2)NCOCCC1,0,0.3135448133945086,0
C=C1N=CC=CC=C2OCCNC=NC2NC=CC=C1Cl,C=C1C=CC=CNC2N=CNCCOC2=CC=CC=N1,0,0.3431308934406747,0
C=NC=NC1=CCC=C2N=C(N=CNCCO)C12N1C=CC=CC1(Cl)Cl,C1=CCN(C23C=CCC=C2N=C3)C=C1,0,0.04243963933071079,0
OCCNc1nc(NC=CC=CC=[S+]Cl)nc2c1=C[S+]#CC=2,C1#[S+]C=c2cncnc2=C1,0,0.36051247858164825,0
ClC1=CN[O+]NC1Cl,C1=CN[O+]NC1,1,0.655410475470578,1
CC=CC1CN=C(Nc2ccc(Cl)c(Cl)c2C)C1NCON,c1ccc(NC2=NCCC2)cc1,0,0.34138784382799225,0
C=C=C(Cl)C(Cl)=CCNC1=Nc2ccccc2CNCOC1C,C1=Nc2ccccc2CNCOC1,0,0.07369071518123817,0
CNC(=CC=C1NC=NCC(C(C)NCCO)C=CCOCCCO1)CCl,C=C1NC=NCCC=CCOCCCO1,1,0.11536873526257456,0
[B-]1CC=CCO1,[B-]1CC=CCO1,0,0.060126135232171175,0
C=COCCC1=CNC(Cl)(CC)NC(C=CCN)C1,C1=CNCNCC1,0,0.08376542138096835,0
C1=CCOCC2=CC2=C1,C1=CCOCC2=CC2=C1,0,0.06090844538607389,0
OCCNC1=NC(NC=C2C=C(Cl)[P+]C(Cl)=C2)=NCC(C[S+])=CC=C1,C1=CC=NC(NC=C2C=C[P+]C=C2)=NCC=C1,0,0.21820392156911678,0
OC1=C(N=C(Cl)CCl)COCCCCNc2nc(c3ccccc3n2)NCC=C1,C1=CCNc2nc(nc3ccccc23)NCCCCOCC=C1,0,0.942367267854711,1
CC=CNC1=Nc2ccccc2C(=C(Cl)CC2=CN=C=NC=C2)CCON1,C1=NC=CC(CC=C2CCONC=Nc3ccccc32)=CN=1,0,0.6388996643579997,1
C[C-]SN1C=CC=C(Cl)C(C)=BN=C(NCCO)Cc2cccc[p+]2N1,B1=CC=CC=CNN[p+]2ccccc2CC=N1,1,0.5310894945729718,1
NC1=CC1=CC=CN=C(N=CNCl)[N-]CC1=CC(Cl)=C=[C+]C1,C1=[C+]CC(C[N-]C=NC=CC=C2C=C2)=CC=1,1,0.47424956252657435,0
[N+]c1ccc(NC2=[C-]c3ccccc3C2NCON)cc1Cl,[C-]1=C(Nc2ccccc2)Cc2ccccc21,1,0.9062246687238871,1
C#CC=CN=CCCC#CC=CC=CC1=C(Cl)COCC2OC(C=C2C)N1,C1=CNC2C=CC(COC1)O2,0,0.3924135258588923,0
NC1=NC=CC1NCCONc1ccc(Cl)c(Cl)c1,C1=CC(NCCONc2ccccc2)C=N1,0,0.9530937197140354,1
CC=CC=PCN=[P-]=C1CC(NCCO)=N1,[P-]=C1CC=N1,0,0.03958665462874572,0
[SH]#CC=CC=C1OCCN=NC1NCC=C=NCCl,C=C1CN=NCCO1,0,0.06911690730113021,0
C=C=CC=C1N=C(Nc2ccc(Cl)c(Cl)c2)N=CNCCO1,C=C1N=C(Nc2ccccc2)N=CNCCO1,0,0.7824629457009511,1
COCCNC1=NN2C(=CC=CCl)CCCOCC=NC2=NC=C=CC=C1,C=C1CCCOCC=NC2=NC=C=CC=CC=NN12,0,0.17998581818364803,0
C=C(Cl)C(Cl)=CCC1N=CNCOC2=CC=CCC21,C1=CCC2CN=CNCOC2=C1,0,0.1015170877211079,0
CC1=NC=CN(CCOCl)C(=Nc2ccccc2)NC=CC=C1Cl,C1=CC=NC=CNC(=Nc2ccccc2)NC=C1,1,0.615840411736642,1
CNCC=CC1=C(CN=CCF)C=CC=CN1,C1=CC=CNC=C1,1,0.713296118436188,1
ClC1=CC(=CNC(Cl)=Nc2ccccc2)C[S+]#C1,C1#[S+]CC(=CNC=Nc2ccccc2)C=C1,1,0.7763122321467258,1
C=C1C=C(Cl)C(Cl)=CC2CCNC=CN=CC(CON1)c1ccccc1N=CCNC=N2,C=C1C=CC=CC2CCNC=CN=CC(CON1)c1ccccc1N=CCNC=N2,0,0.5917551391110686,1
CN1c2ccccc2C(c2c3nc4ccccc4c-3n(C)c3ccccc23)=C2N=C3CC=CC[C@H]3[C@@H]21,C1=CC[C@@H]2C(=NC3=C(c4c5nc6ccccc6c-5[nH]c5ccccc45)c4ccccc4N[C@H]32)C1,1,0.9217389238859578,1
CCOCNC1=CN=C(NC=CC=C(Cl)C(C)N)C2(CCO)C(N)=C12,C1=CC2=CC2C=N1,0,0.23323043199856158,0
CCCNC1=NC2=NC(=C3CN=CN=C=CN(CC=CCc4cc(Cl)c(Cl)cc4NOC3)CCCO2)C1,C1=CN2CC=CCc3ccccc3NOCC(=C3CC=NC(=N3)OCCC2)CN=CN=1,1,0.5766666382830113,1
CC1=NN=CC(N)=C2C=CNC(COC(Cl)=C1)N=CNCCC2=CC=C=CO,C=C1CCNC=NC2COC=CC=NN=CC=C1C=CN2,1,0.2538874409593287,0
OCC1CC(Cl)C=CNCN=N1,C1=CNCN=NCCC1,0,0.04805532334586651,0
OCCN1C(Cl)=COCC=NC=CNCCC(C=CCl)Nc2nc1c1ccccc1n2,C1=CNCCCNc2nc(c3ccccc3n2)NC=COCC=N1,1,0.9559681976392594,1
CC1=CC=C2CN=C(C=CC=CC1(Cl)Cl)N=C2NCCO,C1=CCC=CC=C2C=NC(=NC2)C=C1,0,0.05459129177185091,0
OCCN1C=NC(NPCC=CCCCl)=[B-]c2ccccc21,[B-]1=CN=CNc2ccccc21,1,0.7837755426225105,1
C=C(Cl)C(Cl)=CCNC=NC1[N+]#CN(CCO)N1,C1#[N+]CNN1,1,0.417669735674075,0
[N-]N=C(N=CNC=C1C2=CC12)Nc1ccc(Cl)c(Cl)c1,N=C(N=CNC=C1C2=CC12)Nc1ccccc1,1,0.9859743326030284,1
NCCC1=C(Cl)C[N+]=CC1,C1=CC[N+]=CC1,0,0.056472499317796986,0
CNC=CC=C1C2=CC([O-])C1NC=CC=C(N)C2Cl,C=C1C2=CCC1NC=CC=CC2,0,0.6776207729750819,1
ClC=CC1=CC=CCCC(Cl)C(N=C2C=CC=CC#COCN=CCCN2)N1,C1#COCN=CCCNC(=NC2CCCC=CC=CN2)C=CC=C1,0,0.3296778602153634,0
OCCNCC1=[C+]CC=CC=CN=C(Nc2ccc(Cl)c(Cl)c2)N1,[C+]1=CNC(Nc2ccccc2)=NC=CC=CC1,1,0.8458390230011239,1
NC1=C2C3=NC(=NC2C=C1)C=CC=C(C#CCl)C(Cl)=C3Cl,C1=CC=CC2=NC(=NC3C=CC=C23)C=C1,0,0.48127688440474514,0
[O-]CCNC1=NCN(c2ccc(Cl)c(Cl)c2)NC2([C+]=CC=CC2)C1,[C+]1=CC=CCC12CC=NCN(c1ccccc1)N2,0,0.6479493799244971,1
ClCC(Cl)=CC=NC1=NC2=C3C=CC2=CC13,C1=CC2=C3N=CC2C=C13,0,0.26687551734560505,0
N=C1CC=C(Cl)C(Cl)=CCOCCC(c2ccccc2N)=N1,N=C1CC=CC=CCOCCC(c2ccccc2)=N1,0,0.49287116097316763,0
OC1CNC=NC(N2C=CC(Cl)C(Cl)=C2)c2ccccc21,C1=CN(C2N=CNCCc3ccccc32)C=CC1,0,0.3900315096135805,0
OCCN1C=NC(NC2=C=C(Cl)[P+]C=C2)=Nc2ccccc21,C1=C[P+]C=CC=1NC1=Nc2ccccc2NC=N1,1,0.8078740414801873,1
CC(Cl)=CC=C1C=[C+]C(CO)Nc2nc(nc3ccccc23)N1,C=C1C=[C+]CNc2nc(nc3ccccc23)N1,1,0.935836126689139,1
CC1=CC=CCNC2=NC=NCC2=C1,C1=CC=C2CN=CN=C2NCC=C1,0,0.17383237081149921,0
C=C(C=C(Cl)CCl)CN=C1CCOCC=NC2=C(N)CC=C1C2,N=C1CCOCC=NC2=CCC=C1C2,0,0.1829263079903961,0
[C+]#CC(Cl)=CCNC1=[B-]C(=C=[SH]CN)CC(CCO)=N1,C=C1[B-]=CN=CC1,0,0.20485365378666437,0
C=C=C1C=CN=C(c2ccc(Cl)c(Cl)c2)NOCCN1,C=C1C=CN=C(c2ccccc2)NOCCN1,0,0.8104229519308974,1
CC=CCC=CN=CN1OC#CC=CC=C2CN1OCCNC(=CC=C(Cl)CCl)N2,C=C1NCCON2CC(=CC=CC#CON2)N1,1,0.433765219738919,0
OCCNC=NC(Cl)NCC1=C=[O+]C(Cl)=CC1,C1=CCC=C[O+]=1,1,0.4430793610542125,0
O=C1c2cc3c(cc2C2=CCC=C4CCN1[C@H]42)OCO3,O=C1c2cc3c(cc2C2=CCC=C4CCN1[C@H]42)OCO3,0,0.07460344392285975,0
ClC12C=CC(COCC1)NCN=C2C=CBr,C1=CC2COCCC1C=NCN2,0,0.257890800357188,0
OCCNC1=NC23CCN2CCCNc2ccc(c(Cl)c2)CC=CC(Cl)=C(C1)C3,C1=CCc2ccc(cc2)NCCCN2CCC23CC(=C1)CC=N3,0,0.8392766145878311,1
Clc1ccc(NC2=NNC3C=C=CCOCCNC3=N2)cc1Cl,C1=CCOCCNC2=NC(Nc3ccccc3)=NNC2C=1,1,0.7856568153030565,1
OCCNC1=C=[O+]C2=C=[PH]=CC=C12,C1=CC2=CC=[PH]=C=C2[O+]=1,0,0.09745743394395927,0
CC=CC1OC=C(Cl)C(Cl)=CCCCCC=CNC2=NOCCNC1CCCCC=C=N2,C1=CCCCCC2COC=CC=CCCCCC=CNC(=NOCCN2)N=1,0,0.2909092858202746,0
ClCN1CN=CCCOCCC=CCN1,C1=CCNNCN=CCCOCC1,0,0.0719168288319316,0
OCCNC1=NC([P+]c2ccc(Cl)c(Cl)c2)N2C=CC=CC=C12,C1=CC=C2C=NC([P+]c3ccccc3)N2C=C1,1,0.7452822788403878,1
CC=CC=C1N=CN2C=C(Cl)C(Cl)=CC=COCCNC1=N2,C=C1N=CN2C=CC=CC=COCCNC1=N2,1,0.1146302139770542,0
CN=C1CC2CCC(=C(Cl)C(N)=CC=CN1)C2Cl,N=C1CC2CCC(=CC=CC=CN1)C2,0,0.7049985552523169,1
OCCNC=NC1=NCCCC2CCC=NC(Nc3ccc(Cl)c(Cl)c3)C=CC=C12,C1=CC(Nc2ccccc2)N=CCCC2CCCN=CC2=C1,1,0.8741472432794105,1
C=C(Cl)C(Cl)=CC1=C2N=C(CN=CCF)CCC=CC=C12,C1=CCCC=NC2=CC2=C1,0,0.1544504482913564,0
C=CC=C(Cl)C(Cl)=C1C=CC=CC=CC([N+]C=[N+]CO)=NC1,C=C1C=CC=CC=CC=NC1,0,0.07306098982162466,0
NCC12NC=NC(NC=CC=C1N)c1ccccc12,C1=CNC2N=CNC(C=C1)c1ccccc12,1,0.6552954704798476,1
CC=C1C2=CCC1N=C2NCCONc1ccc(Cl)c(Cl)c1,C=C1C2=CCC1N=C2NCCONc1ccccc1,1,0.8933201870177551,1
ClNOCCC[N+]1=C=CCC=C1N=CNc1cccc(Cl)c1,C1=CCC=C(N=CNc2ccccc2)[NH+]=1,1,0.8549609529596204,1
CC(=CC=CNC=N[P-]1=CC2C=CC=1C2NCCO)CCl,C1=CC2C=[P-]=C1C2,1,0.44825048539643564,0
C1=C2C=C12,C1=C2C=C12,1,0.8297401921839425,1
CC1=CC=CN2CC=CCC(=C(Cl)C3CC(NCCO)=NC2=N3)C1COCCl,C1=CCC2=CC3CC=NC(=N3)N(C=C1)CC=CC2,1,0.2822178071684667,0
OCCNC1=PC=C=CCNC=Nc2ccccc21,C1=CCNC=Nc2ccccc2C=PC=1,1,0.3174055441552719,0
CC=CC=C1N=CN(C2C=C(Cl)C2)N=C1N=[SH]COC,C=C1C=NN(C2C=CC2)C=N1,0,0.1531609928980503,0
CC=CN=C1N=C2CCC(N)C(=NCCOC(=CC)c3cc(cc(Cl)c3Cl)N1)C2,C=C1OCCN=C2CCCC(=NC(=N)Nc3cccc1c3)C2,1,0.22018155219465516,0
C=CC=CCC1C(Cl)=CN(C=C)C2=CC=C=CN=C1N=CN2C#N,C1=CC=C2NC=CCC(=NC=1)N=CN2,0,0.5608798433574178,1
NC1=CC(C=Nc2ccccc2C2=NOCCN2)=C=C1Cl,C1=CC=CC=1C=Nc1ccccc1C1=NOCCN1,0,0.296104933304275,0
CC=c1nc2nc(NCCO)c1=CCC(CCl)=C=C=PC=CCN2,C=c1nc2ncc1=CCC=C=C=PC=CCN2,1,0.509656193654447,1
OCCNC1C=C2CC=C2N=C1Nc1ccc(Cl)c(Cl)c1,C1=C2CC=C2N=C(Nc2ccccc2)C1,1,0.8480232145516783,1
C1=NC2=CC=C2[P+]=1,C1=NC2=CC=C2[P+]=1,0,0.18722845567713087,0
CC(Cl)=CC=CC1=[PH]=NC=CCC=CC(CCON)=N1,C1=CCC=CN=[PH]=CN=C1,0,0.055342578614436776,0
ClC=CC1=CC=C(Cl)C2=Nc3ccccc3C[N+]CCON2N1,C1=CNN2OCC[N+]Cc3ccccc3N=C2C=C1,0,0.5,1
ClC1=CC=CC2=NC3C=CC=CC(=N2)NCCOC3[S+]1Cl,C1=C[SH+]C2OCCNC3=NC(=NC2C=CC=C3)C=C1,0,0.14772288899185312,0
OCCNC1=NC(Nc2ccc(Cl)c(Cl)c2)=C2C=CC12,C1=CC2C=NC(Nc3ccccc3)=C12,1,0.8748190563860487,1
CC1C(Cl)=CC=CNC2=NC3=CC=C1C3=CC2NCON,C1=CCC2=CC=C3N=C(CC=C23)NC=C1,0,0.6773629330456371,1
CC1=CCN=CC1Nc1nc(NCCOCl)c2ccccc2n1,C1=CC(Nc2ncc3ccccc3n2)C=NC1,0,0.9431303108815885,1
NC=CC=C1C2=CC(NC=NC=C=NCCOCCO)=NC1NC=CC=C(Cl)C2N,C=C1C2=CC=NC1NC=CC=CC2,1,0.4032258390945384,0
C=C(Cl)C(Cl)=CC[P+]#CNN1CC=CCC=NOC=N1,C1=CCNN=CON=CC1,0,0.21793688428436825,0
CC=CC=C1CNc2c(ccc(Cl)c2Cl)NSN=C1NCCO,C=C1C=NSNc2ccccc2NC1,1,0.42331780807154695,0
C=NCCCCC[C+](Cl)C=COC1=CCC(NCC)c2ccccc2N=CN1,C1=CNC=Nc2ccccc2CC1,1,0.6877681855567681,1
CCC1(N)c2ccccc2N=CN1C1=CC=[SH]C(Cl)=C1,C1=CC(N2C=Nc3ccccc3C2)=CC=[SH]1,0,0.7882131785152013,1
COCCNN1C2=CC(C=C2)N1Nc1ccc(Cl)c(Cl)c1,C1=CC2C=C1NN2Nc1ccccc1,1,0.9222168919054522,1
CC(Cl)=CC=CNC1N=C(C=CCCCNCCCO)OC2=C=CC=C1C2,C1=CC=C2CN=COC=1C2,0,0.3389422077314992,0
OCCNc1nc(Nc2ccc(Cl)c(Cl)c2)nc2c1=C[P+]=CC=2,C1=[P+]C=c2cnc(Nc3ccccc3)nc2=C1,1,0.7907367992745297,1
OCCNC1=NC(Nc2ccc(Cl)c(Cl)c2)=NC2=CC=CC=S21,C1=CC=S2C=NC(Nc3ccccc3)=NC2=C1,0,0.9229614724986301,1
CCC=[P-]C(C)C=CCNN1NN(CO)CC2=C[N+]=CC=C21,C1=[N+]C=C2CNNNC2=C1,1,0.25195598816102366,0
N#CC1OCC1COC=CC=CCOCNCCO,C1COC1,1,0.25088369111628156,0
N=C1CC=CCC2C=C(Cl)C(Cl)=C12,N=C1CC=CCC2C=CC=C12,1,0.3814283139830519,0
OCCNc1nc(N[C+]2C=C(Cl)C(Cl)=CC2)nc2ccccc12,C1=CC[C+](Nc2ncc3ccccc3n2)C=C1,1,0.9920986458321521,1
NC(Cl)=NC1=CC=CCNCOC1,C1=CCNCOCC=C1,0,0.33876489859495734,0
ClOCCNc1nc(Nc2cc3cc-3c2)nc2ccccc12,c1ccc2nc(Nc3cc4cc-4c3)ncc2c1,1,0.9959523400245607,1
ClCC=C1NC=NC=[S-]2=CC=CC=C12,C=C1NC=NC=[S-]2=CC=CC=C12,0,0.21243578011831163,0
OCCNc1nc(Nc2bcc(Cl)c(Cl)c2)nc2ccccc12,b1ccccc1Nc1ncc2ccccc2n1,1,0.9956609872505034,1
C=CN=CPN=C1C=CC#CCCCOc2ccc(N3C=CC=CC=C3Cl)c(c2)CN1,N=C1C=CC#CCCCOc2ccc(N3C=CC=CC=C3)c(c2)CN1,1,0.567772645140205,1
ClC1=CC2(Cl)NC=C12,C1=CC2NC=C12,1,0.6242952628952355,1
C=C1C=CC(CNCCO)CCN2CCNC=CC(=Nc3ccccc3)N1[N+]2Cl,C=C1C=CCCCN2CCNC=CC(=Nc3ccccc3)N1[NH+]2,0,0.6859143283645738,1
CCNC1[N+]N2C=CC(c3ccc(Cl)c(Cl)c3)=C(N2)C1OC,C1=CN2[N+]CCC(=C1c1ccccc1)N2,1,0.8189806983164519,1
Clc1ccc(NC(N=CNCCBr)=NC=C2C=CC3=CB23)cc1Cl,C1=CC2=CB2C1=CN=CNc1ccccc1,1,0.9393655284774286,1
ClC1=CC2NCCOCC=CC=CNC12Cl,C1=CCOCCNC2C=CC2NC=C1,0,0.14896815308949726,0
C=CC=c1nc2nc(c1=C)NCC=C(Cl)C[P+](Cl)CC2,C=c1nc2nc(c1=C)NCC=CC[PH+]CC2,1,0.3927447283107739,0
CC1=C[C+]C2=NC3=C1CC=CC3NCCO2,[C+]1C=CC2=C3N=C1OCCNC3C=CC2,0,0.06163615929857616,0
[C+]1=NC=CC=CC=C1,[C+]1=NC=CC=CC=C1,0,0.3978047819160578,0
[O-]C1=C=CC=CN[C+]=C(Nc2ccc(Cl)c(Cl)c2)N=C1NCCO,C1=CC=CN[C+]=C(Nc2ccccc2)N=CC=1,1,0.8450085091276002,1
N=C1N=C(NCCO)C2C=CC=C2C=CC=CN1,N=C1N=CC2C=CC=C2C=CC=CN1,0,0.49008777663257586,0
CN(O)C=NC(Cl)NC=C1C=S=CC(Cl)=C1,C=C1C=CC=S=C1,1,0.8894914903816548,1
CC(=CC=CNC1=N[C-]C#CC=CC=C1)CCl,C1#CC=CC=CC=N[C-]1,1,0.5634679537442123,1
C=CC=C1c2cnc([nH]cccc2Cl)C1NCCO,C=C1Cc2ncc1cccc[nH]2,1,0.7091505407895526,1
C=CN1OCCNC=C=CC=CNCN1C=C(N)Cl,C1=CC=CNCNNOCCNC=1,0,0.32091838503142833,0
CCCNC1CC#CCO1,C1#CCOCC1,0,0.09870351161420154,0
CNC1=CCC2N=C(CO)C=C3C(=CC=C32)N=C(Cl)C1C,C1=CCC2N=CC=C3C(=CC=C32)N=CC1,0,0.15239026584594156,0
NC1C(Cl)=CCN(C2N=C(NCCO)c3cccc2c3)C1Cl,C1=CCN(C2N=Cc3cccc2c3)CC1,1,0.38875303606689,0
C#CC(Cl)=CC=CC1NOCC2=CC=CC=C1CCN2,C1=CC=C2CONCC(=C1)CCN2,0,0.4718839934506487,0
NC(Cl)C1=CC=CNC2C=C(C=CC(NCCO)=N2)C1,C1=CCC2=CC(N=CC=C2)NC=C1,0,0.22213076425830763,0
Clc1ccc(N2C=NC=CC=CC=CNCCON2)cc1Cl,C1=CC=CNCCONN(c2ccccc2)C=NC=C1,0,0.8473759417895229,1
CCCNCC(C1=CC=CC=CC1CCO)c1ccc(Cl)c(Cl)c1,C1=CC=C(Cc2ccccc2)CC=C1,1,0.956443663271604,1
OCCNC1=Nc2cc3ncc2NC1CCN=CC(CCl)N1CCC31,C1=NCCC2C=Nc3cc(ncc3N2)C2CCN2C1,1,0.1926716121668295,0
C=CC1CCNCC2C3=CC=NC12N=C(Nc1ccc(Cl)c(Cl)c1)N=C3NCCO,C1=NC(Nc2ccccc2)=NC23CCCNCC2C1=CC=N3,1,0.8282220823100345,1
OCCNC1C2=CC=C2C=CN=C1Nc1ccc(Cl)cc1,C1=CC2=CC=C2CC(Nc2ccccc2)=N1,1,0.9377795652883906,1
CC1=C=[C+]C(Nc2nc(NCCOCl)c3ccccc3n2)C1,C1=[C+]C(Nc2ncc3ccccc3n2)CC=1,1,0.9386131297170821,1
B1=C=N1,B1=C=N1,1,0.769994861282871,1
C=C=CC=C1CCNC(CO)=NC(NF)=N1,C=C1CCNC=NC=N1,0,0.09382028987757995,0
CC=C(Cl)C1=CCC2=NCC(=CC=C1)C(CONC)=N2,C1=CC=C2C=NC(=NC2)CC=C1,0,0.1463184152209494,0
NC1=CC1=CC=CN=C(C=C1C=C(Cl)C(Cl)=CO1)N=CNCO,C(=CN=CC=C1C=CC=CO1)C=C1C=C1,0,0.5,1
C=CC=CN=C(Cl)NC=C1C=C[P-](Cl)C=C1,C=C1C=C[PH-]C=C1,0,0.5957705313058623,1
OCN=[P+]=NC1=NCC=CC=C=CCC(Cl)=CC1,C1=CC=CCN=CCC=CCC=1,1,0.05793993289831443,0
CN1OCCNC=CC=CC=CS#CN1C1C=C(Cl)C(Cl)=C1,C1#SC=CC=CC=CNCCONN1C1C=CC=C1,0,0.08441203245141422,0
C#CC=C1CN=C(CCC=CNC=C2C#P=C(Cl)C(Cl)=C2)N=C1NCCO,C=C1C=NC(CCC=CNC=C2C#P=CC=C2)=NC1,0,0.3115759856407392,0
Clc1cccn2n(cc1Cl)C=NC=CC=CC#CNCCO2,C1#CNCCOn2ccccccn2C=NC=CC=C1,0,0.4514785688591581,0
C[C+]CNC1C=CC=C2C=C2N=C(N=O)O1,C1=CCOC=NC2=CC2=C1,0,0.06710758298829399,0
ClCC1=CCC2=CC=CN1N2,C1=CN2C=CCC(=C1)N2,0,0.13218520948220858,0
ClOCNc1nc(Nc2cc(Cl)cc[o+]2)nc2ccccc12,c1ccc(Nc2ncc3ccccc3n2)[o+]c1,1,0.9901145187494418,1
O=C(NC1CCN(Cc2ccccc2)CC1)c1cc(C(=O)NC2CCN(Cc3ccccc3)CC2)cc(C(=O)NC2CCN(Cc3ccccc3)CC2)c1,O=C(NC1CCN(Cc2ccccc2)CC1)c1cc(C(=O)NC2CCN(Cc3ccccc3)CC2)cc(C(=O)NC2CCN(Cc3ccccc3)CC2)c1,1,0.4786900507794711,0
CC=C1OC=[PH](Cl)C(O)N1C1=NC2=CC=C[S-]C2C(NCC)=N1,C=C1OC=PCN1C1=NC2=CC=C[S-]C2C=N1,0,0.20558717751667027,0
N=C1N=C2CCC=CC2NCCN(C=CCl)CC=C1Cl,N=C1C=CCNCCNC2C=CCCC2=N1,0,0.16181004770063456,0
OCCNc1nc(Nc2ccc(Cl)c(Cl)c2)nc2c1=CC=[C+]C=2,[C+]1=CC=c2cnc(Nc3ccccc3)nc2=C1,1,0.8995789067335916,1
NC1=CC=CNC(c2ccccc2)N=CN1CCO,C1=CNC=NC(c2ccccc2)NC=C1,1,0.7666015610260166,1
ClC1=CC=C(N2CN=C3C=CCC=C(N2)OCCN3)C1,C1=CCC(N2CN=C3C=CCC=C(N2)OCCN3)=C1,0,0.23748686701201435,0
CC=S=CC=C1[P+]N=C(NC=CCF)CC1CO,C=C1CCC=N[P+]1,0,0.21055869766555424,0
CC(C=CNC=NCC1=[P-]2=CC=CC1C2)CCl,C1=CC2C=[P-](=C1)C2,1,0.32938706850465754,0
NOCCC1=NC(c2ccc(Cl)c(Cl)c2)=NC=C2C(N)=CC21,C1=CC2C=NC(c3ccccc3)=NC=C12,1,0.7840214091910985,1
NC1=C(O)CNC2([C-]=[O+]NCN2)CC=C1,[C-]1=[O+]NCNC12CC=CC=CCN2,0,0.1867733427715724,0
FC#CC=C1CCC2=NC1NCN=C2,C=C1CCC2=NC1NCN=C2,0,0.18438106216436703,0
OC1CN2CC=CC=CC=C1C(Nc1ccc(Cl)c(Cl)c1)N2,C1=CC=C2CCN(CC=C1)NC2Nc1ccccc1,0,0.7839429271315383,1
C=CC1(CCON)C=C=CC=CN=CNC12CC=C2Cl,C1=CC=CN=CNC2(C=CC2)CC=1,0,0.2487248885214329,0
OC1CCc2nc(Nc3ccc(Cl)c(Cl)c3)nc3cccc1c23,c1ccc(Nc2nc3c4c(cccc4n2)CCC3)cc1,1,0.8990343903779716,1
OCCNc1nc(Nc2ccc(Cl)c(Cl)c2)nc2cccc[p+]12,c1ccc(Nc2nc[p+]3ccccc3n2)cc1,1,0.9783352611098776,1
Cc1c#cc(SCC=CC#CCO)nc(Nc2ccc(Cl)c(Cl)c2)nccc1,c1ccccnc(Nc2ccccc2)ncc#1,0,0.9577800712291313,1
OC1CNC=NC=[S-]2(Cl)CC1C=CCN2,C1=CC2CCNC=NC=[SH-](C2)NC1,1,0.12400138803281381,0
CC(=CCNCCCCNCCC#CCOCN1CC=CC=C(N=CN)C1)CCl,C1=CCNCC=C1,1,0.3626924537382191,0
OCCNCC1=C(CCl)N2CC(Cl)N(C=CN=CCC2=Nc2ccccc2)CCN1,C1=CN2CCNC=CN(CC2)C(=Nc2ccccc2)CC=N1,0,0.4836627368722314,0
C=C1C(Cl)=CC(NC2=NC3=CC=CC=NCCOC(=N2)C3)=C1Cl,C=C1C=CC(NC2=NC3=CC=CC=NCCOC(=N2)C3)=C1,0,0.12165535584118171,0
OCCNC1=NC(NCC2=CCC2Cl)=CC1,C1=NC(NCC2=CCC2)=CC1,0,0.053416665520017836,0
C=CC=CN=CCCC1=NCC#CNC#CNCCOCC=CC=C(Cl)CC(Cl)=CCN1,C1#CNC#CNCCOCC=CC=CCC=CCNC=NC1,1,0.593560411565055,1
Clc1ccc(NC2=NC3=CC3NCON2)cc1Cl,C1=C2N=C(Nc3ccccc3)NOCNC12,1,0.9169987973628386,1
OCCNOCC=NC=CNC1=NC(Cl)=NC(Nc2ccc(Cl)cc2)C=CC=C1,C1=CC=NC=NC(Nc2ccccc2)C=C1,1,0.8265678638180401,1
B#CC=CC1=NC2=CNC(=N1)COC2=CC=CC,C=C1OCC2=NC=NC1=CN2,0,0.05995118421551333,0
OCCN[P-]1=[O+]C(Nc2ccc(Cl)c(Cl)c2)=NC#CC=CC=C1,C1#CN=C(Nc2ccccc2)[O+]=[PH-]C=CC=C1,1,0.7654335698129651,1
OCCNC1=NC(Nc2ccc(Cl)c(Cl)c2)=NC=CC=CC=C[N+]1,C1=CC=C[N+]C=NC(Nc2ccccc2)=NC=C1,1,0.982469306818608,1
ClCC=CCC1=NC2COCC=[P+]NC(=N1)C2,C1=NC2COCC=[P+]NC(=N1)C2,0,0.047157904548684675,0
NC1CCONC2(CC(Cl)C(=C=[B-]CCl)CN2)[P-]2=CC=CC=C12,C=C1CCC2(NC1)NOCCCC1=CC=CC=[P-]12,0,0.16278245796131668,0
Nc1ccccc1C1=NSC=CC=CC#CC(CO)N1,C1#CCNC(c2ccccc2)=NSC=CC=C1,1,0.8324477054835453,1
OCCPC1=NC=NC2=CC1=CC2Nc1ccc(Cl)c(Cl)c1,C1=NC=NC2=CC1=CC2Nc1ccccc1,1,0.9765271989896938,1
C=C1C=C(Cl)C(Cl)=CCNNC=CC=CC#CCC1,C=C1C=CC=CCNNC=CC=CC#CCC1,1,0.47712516162110286,0
CC1=Nc2ccccc2C=NC2=CC=CC[SH]21,C1=CC[SH]2C=Nc3ccccc3C=NC2=C1,0,0.28454451738281283,0
N=C1NC=CC(Cl)CC(Cl)=CC=CCOCC1C[O-],N=C1CCOCC=CC=CCCC=CN1,0,0.41349523046367864,0
OCCc1nc2ccc1=2,c1cc2ncc1=2,0,0.6038077604216467,1
OCC1CCNCC=NC1NCC=C(Cl)CCl,C1=NCCCCNC1,0,0.19330968179094934,0
Clc1ccc2c(c1)CN=CC=CC=CC=C2,C1=CC=Cc2ccccc2CN=CC=C1,0,0.7639276751592148,1
OCCC1=NC1NC1=[O+]CC=C(Cl)C1Cl,C1=CCC(NC2C=N2)=[O+]C1,0,0.13275569212039187,0
OCC1=C2CC3CC(=NCNC=CC=C(Cl)C3(Cl)C2)N1,C1=CNCN=C2CC3CC(=CN2)CC3C=C1,0,0.1500680758439226,0
CCCNCC=NC=CC#COc1nc(NOC=C=CC#CCN=C2C=C=C(Cl)C(Cl)=C2)nc2ccccc12,C(=CC#CCN=C1C=C=CC=C1)=CONc1ncc2ccccc2n1,1,0.937585002833044,1
O=NC1CCC=C2C=CCN=C2NCCON1,C1=CC2=CCCCNOCCNC2=NC1,0,0.06406399661682682,0
NCC=C1C(Cl)=CNC=N[O+]=[C-]c2cccpc2CNCC1O,C=C1C=CNC=N[O+]=[C-]c2cccpc2CNCC1,1,0.3595702375555748,0
NCC1=C=C2COCC=NC=CNC1C=CC=CN=CCCON=CC(O)CC2NCCO,C1=CC2C=CC=CN=CCCON=CCCCC=1COCC=NC=CN2,0,0.18232499674384123,0
[C-]=C1C=CC=CN=C(NCC2=C[N-]C(Cl)=CC2Cl)N=C1NCCO,[C-]=C1C=CC=CN=C(NCC2=C[N-]C=CC2)N=C1,1,0.6895544969437167,1
CC=C1C=C=C(Cl)C(Cl)=CNC2=CC(=C2)C(NCCO)=N1,C=C1C=C=CC=CNC2=CC(=C2)C=N1,1,0.24473959319944558,0
COCNC1=NC([N-]C2BC=C(Cl)C(Cl)=C2)=NC2=CC=CC[C+]21,B1C=CC=CC1[N-]C1=NC2=CC=CC[C+]2C=N1,0,0.12947100827816654,0
NCCC=C1C=C=NCNC=CC=C1Cl,C=C1C=C=NCNC=CC=C1,0,0.20434547026713634,0
C=C=CC=CCOCCC1=NCN(c2ccc(Cl)c(Cl)c2)N1,C1=NCN(c2ccccc2)N1,0,0.5157696086478458,1
ClC1=CC=CNCN=CNCCOCCC1Cl,C1=CCCCOCCNC=NCNC=C1,0,0.2287496996905695,0
OCC1=C(Cl)C=S2CC(=CNc3ccc2c(Cl)c3)N1,C1=CNC2=CNc3ccc(cc3)S(=C1)C2,1,0.7904070498575444,1
ClC1CC2=CCN1SCN=CCCOC=C=CCN2,C1=CCNC2=CCN(CC2)SCN=CCCOC=1,0,0.09341019141860227,0
OCCCCC=CC=C1NC=Cc2cc(Cl)cn21,C=C1NC=Cc2cccn21,1,0.9768835037894519,1
Clc1ccc(NC2=NC3=CC=C=CC3N=N2)cc1Cl,C1=CC=C2N=C(Nc3ccccc3)N=NC2C=1,1,0.8991524057594686,1
OCCNC1=NC(Nc2ccc(Cl)c(Cl)c2)N2C=C=CC=C12,C1=CC=C2C=NC(Nc3ccccc3)N2C=1,1,0.9668651435594451,1
CC1C(Cl)=CCN2N=C3C=C=CC=C(NC12C)OCCN3,C1=CC=C2NC3CC=CCN3N=C(C=1)NCCO2,1,0.2938134945432835,0
OCCNc1nc(NC2=C=C(Cl)C(Cl)=C2)nc2c1=CCB=C=2,B1=C=c2nc(NC3=C=CC=C3)ncc2=CC1,0,0.6014993002020164,1
C=C1C=CC=C2CC(NCCO)=NC(=N2)[N+]=C=CC1=CCl,C=C1C=C=[N+]C2=NC(=CC=CC1=C)CC=N2,1,0.0803251607868344,0
C#CNCCNC(=CCNC1=NCCC(C)=COCCCCCC(=N)NCCO1)C(C)=CCCl,N=C1CCCCCOC=CCCN=COCCN1,0,0.2997913291787072,0
ClC1=CCN(C2N=CNCCOc3ccccc32)CC1,C1=CCN(C2N=CNCCOc3ccccc32)CC1,0,0.20216320180077044,0
[B+]c1ccc([P-]C=C=NC2C=CC(=N)NC2CO)cc1Cl,N=C1C=CC(N=C=C[P-]c2ccccc2)CN1,0,0.9382210391928304,1
OCCNC1=NCS#CC=C(C=C(Cl)N=C=CNCCCCCCl)Nc2ccccc21,C1#SCN=Cc2ccccc2NC=C1,1,0.6046268804852244,1
OCCNC1=NC(Nc2ccc(Cl)c(Cl)c2)=NC2=CCC21,C1=NC(Nc2ccccc2)=NC2=CCC12,0,0.9632655569439555,1
C=CC1CCNCC=CCCC=C=CC2=CC(N)C(Cl)=CC=CNC2=N1,C1=CCCC=CCNCCCN=C2NC=CC=CCC=C2C=1,0,0.18329287426882157,0
ClCCNCC1=C2CC=[C+]C1[P+]N=C(N1CC=C(Cl)CC1)[N+]N2,[C+]1=CCC2=CC1[P+]N=C(N1CC=CCC1)[N+]N2,1,0.12689888856320675,0
OC1=C(Cl)C(Cl)=C[B+]1,[B+]1C=CC=C1,1,0.9311474457504271,1
CC(C)C1CC2=C=CC=CC2N(Nc2ccc(Cl)c(Cl)c2)N1NCCO,C1=CC=CC2C=1CCNN2Nc1ccccc1,1,0.7670079645427709,1
CN[O+]C1=NOC2=NC13COCC=CC(C)C3=N2,C1=CCC2=NC3=NC2(C=NO3)COC1,0,0.1447451119243559,0
OCCNC1=NC(Nc2ccc(Cl)c(Cl)c2)=NC#[P+]CC=CC1,C1#[P+]CC=CCC=NC(Nc2ccccc2)=N1,1,0.8374033588199262,1
CCCCc1nc2nc3ccc(cc13)CC=C(Cl)C(Cl)=COCCCN=CCCN2,C1=CCc2ccc3nc(ncc3c2)NCCC=NCCCOC=C1,1,0.7955170014740646,1
CCCNC=CC=C=CCCOc1ccccc1N=C(CN1C=CN=CCO1)NCC=CCCl,C1=CN(CC=Nc2ccccc2)OCC=N1,0,0.464964845425794,0
C=CCOCCNC1[S+]C=COC1CNCCCCN=C1NC(=CCC)C1Cl,C=C1CC(=NCCCCNCC2C[S+]C=CO2)N1,1,0.532380762207222,1
COCCC1=NCN(C2C=C(Cl)C(Cl)OC2)c2ccccc21,C1=CC(N2CN=Cc3ccccc32)COC1,0,0.34270513350464843,0
CNC1=NC2=c3c(CO)nc(nc3=CC2)C=C(Cl)C(Cl)=C1,C1=CC=NC2=c3cnc(nc3=CC2)C=C1,1,0.1453765196991529,0
NC(C1=CC=CC=NC1)N1C=CC=C(Cl)C1Cl,C1=CC=C(CN2C=CC=CC2)CN=C1,0,0.07640460402167835,0
ClC1=CC=CNOCCC2C(=Nc3cccc2c3)C=C1Cl,C1=CC=CC2=Nc3cccc(c3)C2CCONC=C1,1,0.37253346857211456,0
CC=C1CCCC(CCC=CCl)=NCNC(C=CCl)=N1,C=C1CCCC=NCNC=N1,0,0.3739316716239145,0
CC=C1NC2=C(Cl)C=CC=CN2CN=C(NCCO)C=C1C,C=C1C=CC=NCN2C=CC=CC=C2N1,0,0.5658112011211119,1
Clc1ccc(NSN=CCNCCCOC=Nc2ccccc2)cc1Cl,C(CNCCCOC=Nc1ccccc1)=NSNc1ccccc1,1,0.9804889063441274,1
C=NCC=CC=C1CCON1CC[N+],C=C1CCON1,0,0.2997022602642094,0
CCNC=CC=C=CN1ON([P-])c2cc(Cl)cc1c2,c1cc2cc(c1)NON2,0,0.5,1
CC(C=CN)=CC=CNC12CC1=CC=CC#CNCC=N2,C1#CNCC=NC2CC2=CC=C1,0,0.2018881113596489,0
ClC(=NC1CCNCCO1)N1C2=CC=CC1C2,C1=CC2CC(=C1)N2C=NC1CCNCCO1,0,0.10251665515264351,0
OCCNc1nc(CN2CCNC=C2Nc2ccc(Cl)c(Cl)c2)ncccccc1Cl,C1=C(Nc2ccccc2)N(Cc2ncccccccn2)CCN1,1,0.952210958539316,1
CC(=CCNC(C=NC=CC=C1C#CNCC1Cl)=Nc1ccccc1)CCCF,C1#CC(=CC=CN=CC=Nc2ccccc2)CCN1,0,0.570811809801188,1
OCCNCC=CC=CCC=NC=C1C=CC#CN1N=C(Cl)C=CC=CC#CCl,C=C1C=CC#CN1,0,0.6308370130591104,1
CCCC(C)C1=CC=CNC(=N)N(CC=CCl)C1,N=C1NC=CC=CCN1,0,0.2447247043787921,0
ClCCNC1=NC2=NC(=C3CCC(=CCCOC(Cl)=CCN2)C=CN3)C1,C1=COCCC=C2C=CNC(=C3CC=NC(=N3)NC1)CC2,0,0.3435976060263862,0
CCC(=NCCC1=[C-]C1)NCCO,[C-]1=CC1,0,0.23804538374489267,0
CC(Cl)=CB=C=COc1nc[o+]c(NCCO)n1,c1nc[o+]cn1,0,0.3015754291942547,0
CCCCOCC=CC(NCCO)C1=CC=CC=C=C=CNC2C1C1(N)C=C(Cl)C(Cl)=CN21,C1=C=CNC2C(C=CC=CC=1)C1C=CC=CN12,1,0.5545393547064353,1
NCCCCCCC=C(Cl)C(Cl)=CC1=NC(=CCC=CCNCCO)N=CSN1,C=C1N=CNSC=N1,0,0.41973813974543805,0
CC=CC=C1N=CNC2=C(Cl)C(Cl)=C12,C=C1N=CNC2=CC=C12,0,0.4927470794759202,0
C=CN=C(NC=C1C=C=[P-]C(Cl)=C1)C1C#[N+]OCCN1,N=C(NC=C1C=C=[P-]C=C1)C1C#[N+]OCCN1,1,0.3353752065344263,0
C=CCCCCOC(=CCNC1=NC=CCC(=CC(C=CC)NCC=C)C=C=C=CNCON1)CCl,C=C1C=C=C=CNCONC=NC=CC1,1,0.44219562054945927,0
CC=C1NCN=C(NCCO)C=C2C=NNC#CCC3C(=CC=CC13)N2,C=C1NCN=CC=C2C=NNC#CCC3C(=CC=CC13)N2,1,0.2439916038939525,0
CC(=CC(O)CCl)N1C=CCC(=[S+]=CC=CCCCO)N1,[S+]=C1CC=CNN1,1,0.3041359088244337,0
CC1(NCON)C2=CC3=NC1C=CC3C=C(Cl)C(Cl)=C2,C1=CC2=CC3=NC(C=CC3C=C1)C2,0,0.11794339373300329,0
OCCN1NC2C=CC(N=CNC3C=C(Cl)C(Cl)=CC3)=C1C2,C1=CCC(NC=NC2=C3CC(C=C2)NN3)C=C1,1,0.2643127103826034,0
C=C=C1C=CCC(Cl)=CCNC(NC=CC=CCCl)=N1,C=C1C=CCC=CCNC=N1,0,0.12471283648087729,0
OCN1C=CC=CCN=C(Nc2ccc(Cl)c(Cl)c2)N=C1,C1=CCN=C(Nc2ccccc2)N=CNC=C1,1,0.8022820188953869,1
C=CC=CC=CCC1CCCC=NC(=CNc2ccc(Cl)c(Cl)c2)N=C1NCO,C1=NC(=CNc2ccccc2)N=CCCCC1,1,0.6894205202216627,1
NC1=COC(CCO)=NC(c2ccc(Cl)c(Cl)c2)=NC=C=C1,C1=CC=COC=NC(c2ccccc2)=NC=1,1,0.8926244478179565,1
CCNC1CCC2=NCOCCNC1=NC(C=CC=CCCl)=CC=CC2,C1=CCC2=NCOCCNC(=NC=C1)CCC2,0,0.12513300467201505,0
CC=CC1CN=CN(C(=CC=CCl)OC=CCl)N=C1NCC,C1=NCCC=NN1,0,0.0372755074608839,0
OCCNc1nc(C2=C(Cl)N3CCNC2CCCC(Cl)=CC=CN3)nc2ccccc12,C1=CCCCC2NCCN(C=C2c2ncc3ccccc3n2)NC=C1,1,0.9459252318556487,1
CCC(Cl)=CC=C(C)N=C1CCOCC1C=CCN,N=C1CCOCC1,0,0.2534214231322033,0
Oc1ccc2ccccc2c1CNc1nc2ccccc2[nH]1,c1ccc2c(CNc3nc4ccccc4[nH]3)cccc2c1,1,0.9750767665063332,1
N#CCCC1=C(Cl)CC1=CC1=NC(C=CCN)C(=CCl)C#CCCON1,C=C1C#CCCONC(C=C2C=CC2)=NC1,0,0.37094565633799803,0
ClC1=CCC2=[S+]=NC=CC=C=CC(=N2)NCCOC(Cl)C1,C1=CC=CN=[S+]=C2CC=CCCOCCNC(=N2)C=1,0,0.1266248313346514,0
CC1C=CNOC1CNC1=NC(=N)c2ccccc21,N=C1N=C(NCC2CC=CNO2)c2ccccc21,0,0.6290963175508825,1
OC1CN=NC2CC=CC=C1NC=[S-](Cl)=C=CC=CN2,C1=CC=CNC2CC=CC=C(CCN=N2)NC=[SH-]=1,0,0.26153296473518545,0
NC(=NC1=CC=C=CCNCCO1)Nc1ccc(Cl)c(Cl)c1,C1=CC=C(N=CNc2ccccc2)OCCNCC=1,1,0.9003274928214493,1
C=CC=CC1=NC(NCC=C(Cl)C(Cl)=CCOC)C=C2C=CNC=CN=C21,C1=CNC=CC2=CCN=CC2=N1,1,0.173936981923366,0
CCCNC1=NC(Nc2ccc(Cl)c(Cl)c2)=NCC1CCN1C=C=NCCOCC=CC1,C1=CN(CCC2C=NC(Nc3ccccc3)=NC2)CC=CCOCCN=1,1,0.7986565540250741,1
N[B-]C=CC=CC=BCC1=NCNC2=CC=P3=C(COC2)C13Cl,C1=NCNC2=CC=P3=C(COC2)C13,0,0.2560557846016449,0
ClC1=CC=CNC1CNC=NC=[P+]=Nc1ccccc1,C1=CNC(CNC=NC=[P+]=Nc2ccccc2)C=C1,1,0.9034443359061886,1
COCCC(=NC([O-])c1cccc(Cl)c1)C1C=CC=N1,C1=CC(C=NCc2ccccc2)N=C1,1,0.8852015710690632,1
FC#CC=CC=CCCCC1=CC=CN=NC2=CC=C(Cl)C2CON1Cl,C1=CN=NC2=CC=CC2CONC=C1,0,0.16047700202698867,0
CCCC(NCCN)C1(CCCON)N=CN1CC=C=C1CC=CC=C1Cl,C(=CCN1C=NC1)=C1C=CC=CC1,0,0.2291168714932615,0
OCCNC1=NC(c2ccccc2)NC=CC=C1Cl,C1=CC=NC(c2ccccc2)NC=C1,1,0.8991568060904787,1
CC1=CC2=CC1C1=C=CC(N)=C(C)CNC1=NC2,C1=CC=CCNC2=NCC3=CC(C=C3)C=12,0,0.27612513757657964,0
Clc1ccc(NC2=NC3C=CC=CC(=N2)NCCO3)cc1Cl,C1=CC2=NC(Nc3ccccc3)=NC(C=C1)OCCN2,1,0.5,1
C=C=C1C(NCCONCC=C(Cl)C(Cl)=CC)=N[N-]SC1=NC=CC,C=C1C=N[N-]SC1=N,0,0.7094303189871768,1
NC(C=CC=CC#CN=CNCC1=C=[C-]C(Cl)=CC1Cl)=NF,C1=[C-]C=CCC=1,1,0.3582520547790801,0
C=C(Cl)PC(Cl)=CC1=CC23C=CC(C)OCCNC(=NC(=N2)N1)C3,C1=CC23C=CNC(=N2)N=C(C3)NCCOC1,0,0.2650362852205834,0
CCONC1=NC=NC2(NC=CN=CCOCCONCC=CCCl)C=CC1=C2,C1=CC2C=C1C=NC=N2,1,0.4407111508980535,0
ClB1CC(C=CC2=NC3=CC=CCC(=N2)CCOC3)=C=[P+](Cl)C1,B1C[PH+]=C=C(C=CC2=NC3=CC=CCC(=N2)CCOC3)C1,1,0.4292417749381491,0
[N-]=C(N=C(N)Nc1cccc(Cl)c1)C1NCC1OCNCCCl,[N-]=C(N=CNc1ccccc1)C1CCN1,1,0.8544919692745058,1
C1=CN=NC2NC(C=CC1)CO2,C1=CN=NC2NC(C=CC1)CO2,0,0.12760929842984828,0
NC1=NC2=Nc3ccccc3CNCC(O)=C1CN2,C1=NC2=Nc3ccccc3CNCC=C1CN2,0,0.3971569557005891,0
O[N+]1=NCNC2=C(Cl)C3=CC21N3,C1=C2C=C3NCN=[NH+]C13N2,0,0.3456279635716367,0
CCC1=CC2=C(O)CNC(=C=CNC(=C(C)CCl)N2)C1,C=C1NC=C=C2CC=CC(=CCN2)N1,0,0.29264382215828766,0
NC=C1C(Cl)=CCNSB=C=Nc2cccc(c2)C1NCCO,C=C1C=CCNSB=C=Nc2cccc(c2)C1,1,0.6144236717384747,1
C1=CNC=Nc2ccccc2C=1,C1=CNC=Nc2ccccc2C=1,1,0.47283989949683847,0
NC1=C(Cl)C(Cl)=CCN1C1N=C(NCCO)C2=CC=CC21,C1=CCN(C2N=CC3=CC=CC32)C=C1,0,0.3592902717585578,0
C=C1C=CC=C2N=C(Nc3ccc(Cl)c(Cl)c3)NOC12NC[B+]C,C=C1C=CC=C2N=C(Nc3ccccc3)NOC12,1,0.7105704232306308,1
CC=CC=C1N=CNC2=C(CCNC1C=CCl)C2Cl,C=C1CNCCC2=C(C2)NC=N1,0,0.2817928994089832,0
OCCNC1=NC(Nc2ccc(Cl)c(Cl)c2)=NCC1=CCOCCC1=CC=C=CS1,C1=CC=C(CCOCC=C2C=NC(Nc3ccccc3)=NC2)SC=1,1,0.8807850463881267,1
OCCC1=NCN(C2=C=C(Cl)C(Cl)=C2)NC=CC=C=C1,C1=CC=CNN(C2=C=CC=C2)CN=CC=1,0,0.12827625378262808,0
OCCNC1=NC=C=NC=CC2=CN=CC(Cl)=CC=CNC2=C1,C1=CN=CC=C2NC=CC=CC=NC=C2C=CN=1,1,0.5442140707938175,1
ClC1=CCNCN=Cc2ccccc2NBCOCC(Cl)=C1,B1COCC=CC=CCNCN=Cc2ccccc2N1,1,0.5434462945703317,1
OCCNC1=NC(Nc2ccc(Cl)c(Cl)c2)=NC2C3=C2C1=C3,C1=NC(Nc2ccccc2)=NC2C3=C2C1=C3,1,0.9730435025675522,1
COC1CC=CC2CN=C(c3ccc(Cl)c(Cl)c3)N=C2C1,C1=CC2CN=C(c3ccccc3)N=C2CCC1,1,0.7312861170686906,1
NC1=CC2=[B-]=C(C=C(Cl)C2=CCl)NCN=C=CC1,C=C1C=CC2=[B-]=C1C=CCC=C=NCN2,0,0.34260120998468263,0
Clc1ccc(NC2C=CC=CC=CN=CNOC2)cc1Cl,C1=CC=CC(Nc2ccccc2)CONC=NC=C1,1,0.646044708511775,1
C=C1NC=Nc2cc3ccc2C(NCCN)CC=CN1CCONC=C(Cl)C(Cl)=C3,C=C1NC=Nc2cc3ccc2CCC=CN1CCONC=CC=C3,1,0.31714719446636325,0
ClC=C1C=CNC=C1Cl,C=C1C=CNC=C1,1,0.527368498262637,1
OCNCc1ccccc1N=C(Cl)[C+]Nc1cccc(Cl)c1,[C+](C=Nc1ccccc1)Nc1ccccc1,1,0.921751879541276,1
COCCC1(N)CC2NCCC1C=CC(NCl)C2=CCCl,C=C1CC=CC2CCNC1CC2,0,0.0814806650179634,0
c1cc2ccc1-2,c1cc2ccc1-2,1,0.9045743125096755,1
CC=C1[O+]=C(N2C=C(Cl)C(Cl)=BC2CC)C1NCCO,C=C1CC(N2C=CC=BC2)=[O+]1,1,0.7380113681574719,1
Clc1ccc(N2CN=C3CC=CC=C(N2)OCCN3)cc1,C1=CCC2=NCN(c3ccccc3)NC(=C1)OCCN2,0,0.7430974955541604,1
NCC=CC=C1N=C(c2ccc(Cl)c([S+])c2)N=CS1,C=C1N=C(c2ccccc2)N=CS1,1,0.8781169069219992,1
CC=CC1CN=C(Nc2ccc(Cl)c(Cl)c2)CNC1=NOC,N=C1CCN=C(Nc2ccccc2)CN1,1,0.8926294085068899,1
C=Nc1ccccc1C1=CCCNC(Nc2ccc(Cl)c(Cl)c2)N1,C1=C(c2ccccc2)NC(Nc2ccccc2)NCC1,1,0.9570224051047569,1
CC1=CC=CNC(=C2C=CC=C2)C1(N)Cl,C1=CCC(=C2C=CC=C2)NC=C1,1,0.7212733189952589,1
NC1=CC(C2=NCN=CNC=N2)C=C1,C1=CC(C2=NCN=CNC=N2)C=C1,0,0.08938848593239267,0
OCC=NCC1=NC(Nc2ccc(Cl)c(Cl)c2)=NC=CC=C=C1,C1=CC=CN=C(Nc2ccccc2)N=CC=1,1,0.9521257403806003,1
CN1OCNC#[P-]=CC=CC=CN=CN1C1=CC=C(Cl)C1Cl,C1#[P-]=CC=CC=CN=CN(C2=CC=CC2)NOCN1,0,0.1301157222534129,0
CC1=CCN(C2=NC=CC3=CC32NCO)C(Cl)C1,C1=CCN(C2=NC=CC3=CC32)CC1,0,0.12208832741178668,0
OCCNC1=NC23C=C(Cl)C(Cl)=CC=CNC2C=C3C=C1,C1=CC=CC23N=CC=CC2=CC3NC=C1,0,0.5741937357426042,1
ClOCc1ccc2c(c1Cl)C(=CC=[S-]=CCBr)N=CNS2,C=C1N=CNSc2ccccc21,0,0.7840778282312276,1
ClCC1=NCC=C=N1,C1=CCN=CN=1,0,0.052994228975284684,0
OCCNc1nc(Nc2cc(Cl)c(Cl)c[s+]2)nc2ccccc12,c1ccc(Nc2ncc3ccccc3n2)[s+]c1,1,0.9973994589991968,1
ClC1=CCNCN=Cc2ccccc2NOCC(Cl)=C1,C1=CCNCN=Cc2ccccc2NOCC=C1,1,0.5300868396441777,1
CCNC=C1OCC=CC=C1N=C(N)NC1=C=[C-]C(Cl)C(Cl)=C1,C=C1OCC=CC=C1N=CNC1=C=[C-]CC=C1,0,0.06910303488003837,0
Clc1ccc(C2(Cl)CC3C=C32)cc1,C1=C2C1CC2c1ccccc1,1,0.7036694402332654,1
N#CC1=CN=CCCCCNC(=N)C(Cl)=CC1,N=C1C=CCC=CN=CCCCCN1,1,0.12793671632942763,0
NOCNC1(Cl)C2=CC(=CC2Cl)NC=Nc2ccccc21,C1=Nc2ccccc2CC2=CC(=CC2)N1,1,0.8632836570519365,1
CN=C(Cl)NCC=C1CC#[S-](Cl)CC1,C=C1CC#[SH-]CC1,0,0.33069322662887257,0
[C+]SC1=C(CN[PH]2=Nc3ccccc3C([P+]CCO)=N2)C[P-]=C=C1Cl,C1=CC=C(CN[PH]2=Nc3ccccc3C=N2)C[P-]=1,1,0.5689169037894469,1
ClC1=CC=C2[N-]C1=C(Cl)NC=NCN2,C1=CC2=CNC=NCNC(=C1)[N-]2,1,0.3097887984019767,0
NC(C=CC=C(Cl)C(Cl)=C[O-])=NC1=C2CNCCOC2CC=C1,C1=CCC2OCCNCC2=C1,0,0.20824254306038006,0
OCCNc1nc(Nc2[c-]ccc(Cl)c2)nc2ccccc12,[c-]1ccccc1Nc1ncc2ccccc2n1,1,0.9999920234186711,1
CC=C1C=C(Cl)C(Cl)=NC=NCC(C(N)CCOC)C1,C=C1C=CC=NC=NCCC1,0,0.14244514836476554,0
Clc1ccc(N2CC3=CC=C2C3)cc1Cl,C1=C2CC(=C1)N(c1ccccc1)C2,1,0.6823990327596292,1
OCCNC1=NC2=NC(CC=CC=CNC2C=CCNCC=CCCl)C1,C1=CCC2CC=NC(=N2)CNC=C1,1,0.2580479893721045,0
ClC1=CCOCCNc2nc(nc3ccccc23)N=C1Cl,C1=CCOCCNc2nc(nc3ccccc23)N=C1,1,0.6249134856650089,1
CC1(N)C(Cl)=C=CNP23=C1NC2=CC=CC=COCN3,C1=CCC2=P3(NC=1)NCOC=CC=CC=C3N2,0,0.6809389144627532,1
NOCN[C+]1C(Nc2ccc(Cl)c(Cl)c2)=NC2=CC1C2,C1=C2CC1[CH+]C(Nc1ccccc1)=N2,0,0.68962518959387,1
N=C1CC=CC=C(N=C=Cc2ccc(Cl)c(Cl)c2)OCCS1,N=C1CC=CC=C(N=C=Cc2ccccc2)OCCS1,1,0.6812238834815604,1
C[B+]CNC1(OB=N)CC=CCC1CN=CC1=C=C(Cl)C(Cl)=[O+]1,C1=CC=[O+]C=1C=NCC1CC=CCC1,0,0.3684129354944721,0
C1=CC(c2ccccc2)C=NC=N1,C1=CC(c2ccccc2)C=NC=N1,1,0.9004075932473112,1
ClC1C=CCc2nc(c3ccccc3n2)NCCO1,C1=CCc2nc(c3ccccc3n2)NCCOC1,1,0.8526086464798964,1
CC=c1cncnc1=C1C=C(Cl)C(Cl)=CC1,C=c1cncnc1=C1C=CC=CC1,0,0.3587373082286006,0
OCCNC1=NC([S+]C2=CC#[S+]=C(Cl)C2=CCl)=NC#[PH]C=CC=C1,C=C1C=[S+]#CC=C1[S+]C1=NC#[PH]C=CC=CC=N1,0,0.4442776907664246,0
NCCC1=NN=NCC1=[C+]CC=CCNc1ccc(Cl)c(Cl)c1,[C+](CC=CCNc1ccccc1)=C1C=NN=NC1,1,0.7524091221972586,1
NBC=CCC1=NCNc2cc(Cl)c(Cl)c1c2,C1=NCNc2cccc1c2,1,0.5646982267157323,1
CC1CN=C(N=[SH]C2=C(Cl)C(Cl)=CC[P-]2)N=C1NC1CC=CCOC1,C1=CC[P-]C([SH]=NC2=NCCC(NC3CC=CCOC3)=N2)=C1,0,0.18503939281393028,0
CN1C=CN=CN2C=CC=CC=CC1=NCNC(C=C(Cl)Cl)CON2,C1=CC=CN2C=NC=CNC(=NCNCCON2)C=C1,0,0.12769357714103133,0
OCCN1[B-]C2=CCCN=C21,[B-]1NC2=NCCC=C12,0,0.035086154461644294,0
c1ccc2nc3c(cc2c1)[nH]c1ccccc13,c1ccc2nc3c(cc2c1)[nH]c1ccccc13,1,0.995887489597577,1
NC#CC=CC=CC1=CC=CC=CN(NCCO)C1N1CCC2C(Cl)=CC21,C1=CC=CC(N2CCC3C=CC32)NC=C1,0,0.2106303015893699,0
OCCNC1=NN(Nc2cc(Cl)ccc2Cl)C2C=[S+]C=C12,C1=NN(Nc2ccccc2)C2C=[S+]C=C12,1,0.9817605803519853,1
CC=C1C=C(CCl)N=Nc2ccccc2N(NCCO)[O+]1,C=C1C=CN=Nc2ccccc2N[O+]1,1,0.8106458585066492,1
NC1N=CCNCCCONC2C=CC=CC2NCN2CCNC(CCCC=CC=CN1)C(Cl)(Cl)C2,C1=CCCCC2CCN(CCN2)CNC2C=CC=CC2NOCCCNCC=NCNC=C1,0,0.3434665956417772,0
Clc1ccc([S-]C2=NC3=CC=CCC(=N2)N3)cc1Cl,C1=CCC2=NC([S-]c3ccccc3)=NC(=C1)N2,0,0.5162931537005707,1
C=c1c(NCCO)nc(NCC2=C(Cl)C(Cl)[S+]=CC2)nc1=CC=C=N,C=c1cnc(NCC2=CC[S+]=CC2)nc1=C,1,0.44138709434029416,0
[B-]C1=NC(CC#COCC=CCNCCO)=CCCC=CN=CC(C)=CC=C1,C1=CC=NC=CCCC=CN=CC=C1,0,0.16847102132324382,0
CC=CC(=NC(Br)NC1N=CC=[B-]C1Cl)NCCO,[B-]1=CC=NCC1,1,0.3030306472880152,0
NC1CCONC(N[O+]c2ccc(Cl)cc2)=Nc2ccccc21,c1ccc([O+]NC2=Nc3ccccc3CCCON2)cc1,1,0.6199935147117215,1
OCCNc1nc2cc(C#CF)c([nH]c3ccccc13)=C(Cl)C(Cl)NNC=2,C1=c2ccc([nH]c3ccccc3cn2)=CCNN1,1,0.9599229877106666,1
CC1=CC=C(C2=NC=CCC=CC(NCCON)=N2)C[C+]1Cl,C1=C[CH+]CC(C2=NC=CCC=CC=N2)=C1,0,0.18975106405845354,0
CNC=NC(=NC=C1C=C1)Nc1ccc(Cl)c(Cl)c1,C1=CC1=CN=CNc1ccccc1,1,0.9886444362940051,1
CC1=CC=CC=C(C)NC=C=N1,C1=CNC=CC=CC=CN=1,0,0.49243364829790137,0
CC1=CC=CNC(=N)C=NCC=C(Cl)CCCC1O,N=C1C=NCC=CCCCCC=CC=CN1,0,0.5584074355351945,1
COCCCCCC(=CCNC=C1N=C(NCCO)c2ccccc21)CCl,C=C1N=Cc2ccccc21,1,0.5497457622486949,1
NC1(CO)C=NSNc2ccc(Cl)c(Cl)c21,C1=NSNc2ccccc2C1,1,0.7371093105092099,1
OCCNC1=C2C1=CC=CN=C2NC=CCCCl,C1=CN=CC2=CC2=C1,1,0.28197978377648686,0
CCCC1=NC=CCCN(C)C(C2=NCOCN2)CC1=NCC1=CC(Cl)C1,C1=CN=CC(=NCC2=CCC2)CC(C2=NCOCN2)NCC1,0,0.12620625021460558,0
OCCNC1C=CC=CCC2C(Cl)C(Cl)=CCN12,C1=CCC2CC=CCN2CC=C1,0,0.08586369800589422,0
C=C=COCCNCOC1C=CC=CC=C=NC(Cl)(C(=C)Cl)NC=C1,C1=CC=CC=CCC=CNCN=1,0,0.22991103237728938,0
Cl[P+]C1=CN(C2CCONC=Nc3c[b-]#ccc32)CC=C1Cl,[b-]1cc2c(cc#1)C(N1C=CC=CC1)CCONC=N2,0,0.12757634788217054,0
C=C=CC=C1CN=C(NC=CC=C(Cl)CC)N=CN1CO,C=C1CN=CN=CN1,0,0.18476290097697215,0
ClC1=C2C3=C1C2C=CCCC=NCN3,C1=CC2C3=CC2=C3NCN=CCC1,0,0.06382847634420898,0
C=C1C(Cl)=COCCNN2c3ccccc3N=[PH]2C=C1Cl,C=C1C=COCCNN2c3ccccc3N=[PH]2C=C1,0,0.3850887861974643,0
CC=NC=CC=CCC1C2=CC3=CC=CN=CC(NCCO)(C2)N1CC=C(Cl)C3Cl,C1=CN=CC2CC3=CC(=C1)CC=CCN2C3,0,0.2724906830567922,0
NC1CC=C2CC(=NC2C=C2C=C(Cl)[C-]C(Cl)=C2)NCCO1,[C-]1C=CC(=CC2N=C3CC2=CCCOCCN3)C=C1,0,0.08702185114267029,0
CNc1c#cccccnc(NPc2ccc(COCl)c(Cl)c2)n1,c1ccccnc(NPc2ccccc2)ncc#1,1,0.7071299103788039,1
CC1=CC=C=P(C)(Cl)N=C(NCCO)CN=CN1,C1=CC=CNC=NCC=NP=1,0,0.12844645724252443,0
C=C[S+]C=CC(Cl)C(=NOCC1CCC1SNc1cccc(Cl)c1)NCCO,c1ccc(NSC2CCC2)cc1,1,0.9029417692381257,1
FC(NCC=C1CCC=CC=CCO1)NOCCC#CCCl,C=C1CCC=CC=CCO1,0,0.20401019633087553,0
COc1cc(C(=O)O)c(O)c2ccc3c(c12)C=CC(C)(CCC=C(C)C)O3,C1=Cc2c(ccc3ccccc23)OC1,1,0.7482535202354447,1
C=C1C(Cl)=CC=CC=CSCCCC2=NCN1NC=CC=CC2,C=C1C=CC=CC=CSCCCC2=NCN1NC=CC=CC2,0,0.13129855966655551,0
OC1=C=NC=CN(CC2=CC(Cl)C(Cl)=C2)C=Nc2ccccc21,C1=Cc2ccccc2N=CN(CC2=CCC=C2)C=CN=1,1,0.49166045016434534,0
NCc1ccccc1N=C1CC=CCC(Cl)=N1,C1=CCC(=Nc2ccccc2)N=CC1,0,0.308550984822764,0
Cc1ccc[nH]c2nc(NCCO)c1=CC=C[P-]=CN=2,C1=C[P-]=CN=c2ncc(cccc[nH]2)=C1,0,0.4436590026469124,0
C=CC=CC1N=CN=CCNC(CCC)C(Cl)=C1Cl,C1=CCNCC=NC=NC1,0,0.4323778275420724,0
C=C1C=CC(Cl)=C1NONC1=C(C)[P-]=C(Cl)C(CCl)=C1,C=C1C=CC=C1NONC1=C[P-]=CC=C1,1,0.6915619833689615,1
CC1C=CCC2=CCN3C(Cl)C2C3N=C1,C1=CCC2=CCN3CC2C3N=CC1,0,0.20819440879640752,0
C=C1NC2(F)C=CC=C1C=N2,C=C1NC2C=CC=C1C=N2,1,0.5674208736642868,1
OCCNC1=NC=C=NC(CNc2ccc(Cl)c(Cl)c2)C=C1,C1=CN=CC=CC(CNc2ccccc2)N=1,1,0.9122399018511517,1
Clc1cc2cc(c1Cl)OCNCc1ccccc1N=CN2,C1=Nc2ccccc2CNCOc2cccc(c2)N1,0,0.5473086189900541,1
COCNC1=NNN2CC1C=CC2c1ccc(Cl)c(Cl)c1,C1=CC(c2ccccc2)N2CC1C=NN2,1,0.7773479721134823,1
OCCNC1=NC(Nc2ccc([O+]Cl)c(Cl)c2)=NC2[O+]C=CC=C12,C1=C[O+]C2N=C(Nc3ccccc3)N=CC2=C1,1,0.8365545857107398,1
CCN[P+]C1=NC2=NCC13OCC=CC3B=C(Cl)C(=CCl)C=CN2,C=C1C=BC2C=CCOC23C=NC(=NC3)NC=C1,0,0.11490324289321861,0
COCNC=NC(C=CC=C1C=C1)N1C=C=C(Cl)C(Cl)=C1N,C1=CC=CN(CC=CC=C2C=C2)C=1,1,0.667039570125088,1
NC1(N=CNCCO)NC=C2C=C=[O+]C=C21,C1=CC2=CNCC2=C[O+]=1,0,0.1913328574198928,0
C=COCC1=NC(NC2(Cl)CC2C)=NC(C=CCN)C1,C1=NC(NC2CC2)=NCC1,0,0.1785132789089742,0
N#CCCCC=CNC1C=CC=C=CC=CC=C=C=CN1CCNCCON,C1=C=CNCC=CC=C=CC=CC=1,0,0.5752832405795778,1
CC1=NC2=NC3C(=C3C=C1)C=CC=C(Cl)C(Cl)=C2,C1=CC=CC2=C3C=CC=NC(=NC23)C=C1,1,0.41685706968968333,0
CC=C[P-]=C1CN=C(NC=CC=CCl)N=C1NCCO,[P-]=C1C=NC=NC1,0,0.25799324485619307,0
Clc1ccc(C2NC=NC3=CC=C4SC=NC=CC4C=C32)cc1Cl,C1=CC2C=C3C(=CC=C2SC=N1)N=CNC3c1ccccc1,1,0.7637883079033435,1
ClC1=C=CNOCCc2ccccc2N=CNC1,C1=CCNC=Nc2ccccc2CCONC=1,0,0.3531228475072159,0
N=[SH]OCc1ccccc1C1=NC(Nc2ccc(Cl)c(Cl)c2)=NC=NC=CNC1,C1=CNCC(c2ccccc2)=NC(Nc2ccccc2)=NC=N1,1,0.9166014758544088,1
NOc1pc(NC2=[O+]C(Cl)C(Cl)=CC2)nc2ccccc12,C1=CCC(Nc2nc3ccccc3cp2)=[O+]C1,1,0.8239891160130495,1
NC1=CC=CN(C2=NC3C=CC=CC3N2O)C1(Cl)Cl,C1=CCN(C2=NC3C=CC=CC3N2)C=C1,1,0.19126868244656298,0
C=COCCNC1=CC=CC=CN=CN(C=CC=CCl)N1,C1=CC=CNNC=NC=C1,0,0.4548926210394397,0
NC1=C2CN(C=C1)C(Nc1ccc(Cl)c(Cl)c1)NN2CCO,C1=CN2CC(=C1)NNC2Nc1ccccc1,1,0.9186034740525942,1
OCCNC1=C2C=CN=CNCC=C(Cl)C(Cl)=CCC2=C1,C1=CCNC=NC=CC2=CC=C2CC=C1,0,0.3434597466247099,0
OCCN[B-]=C1C2=CC(C#[N+]C2)N=C1Nc1ccc(Cl)c(Cl)c1,[B-]=C1C2=CC(C#[N+]C2)N=C1Nc1ccccc1,1,0.8174812301885459,1
OC[B+]Nc1nc([B-]P2C=CC=C(Cl)C2Cl)nc2ccccc12,[B-](c1ncc2ccccc2n1)P1C=CC=CC1,1,0.896921449759198,1
OCCNC1=NCNC(C=CCl)C=C(Cl)c2ccccc21,C1=Cc2ccccc2C=NCNC1,1,0.6541238994254404,1
CNC1=NC(CC=C(Cl)Cl)=NCC(CON)C=CC1,C1=CCCN=CN=CC1,0,0.04409953469326534,0
OCCNC1=NC2=CC3(Cl)C=C2CC=CC13,C1=CC2C=NC3=CC2C=C3C1,0,0.03298463559348794,0
C=C(Cl)C(Cl)=PCC(=C)N1Nc2ccccc2C(NCBr)=[P+]1,C1=[P+]NNc2ccccc21,1,0.6347574586562841,1
CNc1nc2c(Cl)c3c1C=CC(COC=CC(Cl)=C2)C3,C1=COCC2C=Cc3cnc(cc3C2)C=C1,0,0.05509291081614754,0
NC1=CC=CCOCCC=NCN=C(Cl)C(Cl)=CC1,C1=CCC=CC=NCN=CCCOCC=C1,0,0.19021016349510783,0
NOCCC1CCC1,C1CCC1,0,0.05606303398892386,0
NC1C(Cl)=CC=CNC2=NC3C=CCOCC(=CSCCC21)NCC3,C1=CCC2CCSC=C3COCC=CC(CCN3)N=C2NC=C1,0,0.19277639609340583,0
ClC=CC1=CNC=NC=CCC=CC(C=CCl)CON1,C1=CCCONC=CNC=NC=CC1,0,0.23374288078834857,0
CNc1nc(NC=C2C=C(Cl)C#[P-](Cl)=C2)nc2ccccc12,C1#[PH-]=CC(=CNc2ncc3ccccc3n2)C=C1,1,0.9757266656085108,1
CC(OCCN)C(Cl)=CCNC(=NC1C=CC2OCC2CC1)C1=C(Cl)COCC=N1,C1=CC2OCC2CCC1N=CC1=CCOCC=N1,0,0.13668448651803508,0
OCCN1C=CC=C=CN=C(CC=CCCl)N=C1,C1=CC=CNC=NC=NC=1,0,0.05898625610808637,0
CC1C(Cl)=CCNN2CC=CC=CCC1N(CCO)C=NC2,C1=CCC2CC=CCNN(CC=C1)CN=CN2,0,0.29714919703124804,0
COCNC12CC=C3NC=CC=C(Cl)C([B-]Cl)=CC1=NC=C32,C1=CC=CC2=NC=C3C(=CCC32)NC=C1,1,0.1896840075770159,0
C=C(Cl)CCCC(Cl)=CC=CNSC=C1C=CC=CNCCO1,C=C1C=CC=CNCCO1,1,0.3171433594160462,0
OCCNC=NC1NC=CC=C(Cl)c2cccc1c2,C1=CNCc2cccc(c2)C=C1,1,0.8227170498190496,1
[B+]=C=CN1OCCCC(C=C)CN=CN1C1=CC=C1Cl,C1=CC(N2C=NCCCCCON2)=C1,1,0.16134286523685354,0
C=CCC=C1CC(Cl)C=NC=C1C(=C)N1CN=C2CC=CC=C(COCC2)N1,C=C1CCC=NC=C1C(=C)N1CN=C2CC=CC=C(COCC2)N1,1,0.1732724100174624,0
OCCNC1=NC(Nc2ccc(Cl)c(Cl)c2)CC=C1,C1=CCC(Nc2ccccc2)N=C1,1,0.9051008525329248,1
C[N-]c1cc(Nn2nc(CCCC=NCCOCNCCCCCCCC=NCO)c3ccccc32)ccc1Cl,c1ccc(Nn2ncc3ccccc32)cc1,1,0.9403858469770106,1
OCNN1C(CCl)=CC=CNSOCC#CCC1NCCCCC=NC1=C=CC=C1,C1=CC=CC=1N=CCCCCNC1CC#CCOSNC=CC=CN1,0,0.5681875401862648,1
[B+]=NC1=C(C=CN)N1,C1=CN1,1,0.8836699122912003,1
CC1=C=CC(=CN=C=CCCCNc2ccc(Cl)c(Cl)c2)NOCCNC=CCN1,C1=CNCC=CNCCONC(=CN=C=CCCCNc2ccccc2)C=1,1,0.8144156419156076,1
Clc1ccc2c(c1Cl)NC1=CC3C1=CCCNC3CSN2,C1=C2Nc3ccccc3NSCC3NCCC=C2C13,1,0.718394540527449,1
COCCC1=NBN(C2C=C(Cl)C(Cl)=C2)NC=C=CC=C1,B1N=CC=CC=C=CNN1C1C=CC=C1,0,0.44440840829273764,0
N[N+]=CC=C(Cl)CCNCC1=CC=CC=CCNC1O,C1=CC=CCNCC=C1,1,0.19451529297632136,0
OCC1=NC(c2ccc(Cl)c(Cl)c2)=Nc2ccccc2CN1,C1=NC(c2ccccc2)=Nc2ccccc2CN1,1,0.7731755331957721,1
NC1=CC=CNC(N)(N=C(CCO)C2C=CC=C2)C1(Cl)Cl,C1=CCC(N=CC2C=CC=C2)NC=C1,0,0.6313299053397613,1
ClCC(Cl)=CC=CN1N=C2C=CC=C=C(N1)OCCN2,C1=CC=CC2=NNNC=1OCCN2,0,0.29093475937632196,0
OC12CNCC=CC=CC=C1C2Cl,C1=CC=C2CC2CNCC=C1,0,0.20588629193067157,0
Nc1ccccc1OCC1=C(Cl)CC=C1,C1=CC(COc2ccccc2)=CC1,1,0.4842697325532297,0
CCNC=CC12N=CC=C(C)C1=CC(O)=N2,C1=CC2=CC=NC2N=C1,0,0.17331828718721554,0
C=C=C(Cl)C1=CNC2=NC(=C=CCN)CC(=N2)CCOC1,C=C1CC2=NC(=N1)NC=CCOCC2,1,0.0650984539225123,0
C=CN1C=C(Cl)C(Cl)=CN(NCCO)c2ccccc2C1,C1=CNCc2ccccc2NC=C1,1,0.7168767433846162,1
OCCNC1=NC(NC=C=[S+]=CCl)N2CC=CC=C12,C1=CCN2CN=CC2=C1,0,0.0893106505332803,0
[C-]#CCNC1C#CC=C(Cl)C(Cl)=C1,C1#CCC=CC=C1,0,0.37103288979360677,0
CC1=CC=CC=CC(N=CNCCO)C(Cl)C(Cl)=CC=N1,C1=CC=CN=CC=CCCC=C1,1,0.22409846191147467,0
ClC1CC=CC=CNC=NC2C=CC=C12,C1=CCCC2=CC=CC2N=CNC=C1,0,0.07385619317416023,0
OCCNc1cccccnc2n1C=CC=CN2,C1=CNc2nccccccn2C=C1,1,0.6602400852468954,1
ClC1=CC=CCOCCCOC1Cl,C1=CCOCCCOCC=C1,0,0.13301075927088973,0
N=C1NCONC(Cl)C(Cl)=CC=CC(C=NC=CC=CO)=Nc2ccccc21,N=C1NCONCC=CC=CC=Nc2ccccc21,0,0.7857678405104963,1
NC1=CC=C=CC(=NCC2=CC=C(Cl)C2Cl)NCCO1,C1=CC=COCCNC(=NCC2=CC=CC2)C=1,0,0.2697800886614864,0
C=C=CC=CCN=C1N=C(NCCO)C1=COCCC(C=NCCOCCC(C)CCl)=CCOC,C=C1C=NC1=N,1,0.36344978530009375,0
OCCC1=CC=CN(C2=Nc3ccccc3NN2)C1Cl,C1=CCN(C2=Nc3ccccc3NN2)C=C1,0,0.6904716954227659,1
OCC1=NC2C=CC=C[P-](Cl)C3=C2C(=C1)C=C3,C1=C[PH-]C2=C3C(=CC=NC3C=C1)C=C2,0,0.4896999150702149,0
OC1=C(Cl)CC(Cl)=CC(=CCNC2=Nc3ccccc3OCCN=N2)COCCNC1,C1=CCNCCOCC(=CCNC2=Nc3ccccc3OCCN=N2)C=CC1,0,0.6619688147497425,1
CN1CC=CC=CCOCCCCC1C#N,C1=CCNCCCCCOCC=C1,0,0.04520240500713856,0
CC=CC1N=CNCCOCCC(=CC#CN=CNc2ccc(Cl)c(Cl)c2)C=CCCO1,C(#CN=CNc1ccccc1)C=C1C=CCCOCN=CNCCOCC1,0,0.7979695119929162,1
Clc1ccc(NC2=Nc3ccccc3[N-]N2)cc1Cl,c1ccc(NC2=Nc3ccccc3[N-]N2)cc1,1,0.8127680639164173,1
NC1=NC2=CC=C=C2C1CCONc1ccc(Cl)c(Cl)c1,C1=CC=C2N=CC(CCONc3ccccc3)C=12,1,0.7994929874972607,1
Clc1ccc(C2C=CN=C2)cc1Cl,C1=CC(c2ccccc2)C=N1,1,0.942462316063651,1
OCC1=C=C2CN=C(Nc3ccc(Cl)c(Cl)c3)N=C2N1,C1=CNC2=NC(Nc3ccccc3)=NCC=12,1,0.9332170776178336,1
CONC=NC(O)CCCOCC=NC=CN=CC1CONc2ccccc21,c1ccc2c(c1)CCON2,1,0.3804004239532612,0
NOCC1=C(c2ccc(Cl)c(Cl)c2)C=CCOCCC2=NC2CNN=CC#C1,C1#CC=C(c2ccccc2)C=CCOCCC2=NC2CNN=C1,0,0.6502588458358919,1
OCCNc1nc(N=[SH]2=CC=C(Cl)C(Cl)=C2)nc2ccccc12,C1=CC=[SH](=Nc2ncc3ccccc3n2)C=C1,1,0.9873942259754446,1
OCCNC(=NSNc1ccc(Cl)c(Cl)c1)c1ccccc1,C(=NSNc1ccccc1)c1ccccc1,1,0.9845619588702262,1
Clc1ccc(N2C3=NCC2NCCOCC=CC3)cc1Cl,C1=CCC2=NCC(NCCOC1)N2c1ccccc1,0,0.49074077742777794,0
ClOCNCC=C[S-]1CCOC=NCBc2ccc(Cl)c1c2,B1CN=COCC[SH-]c2cccc1c2,1,0.5407010601840149,1
CC1=CCN(C2=[N+]=Nc3ccccc3C2NCCO)C(N)C1C,C1=CCN(C2=[N+]=Nc3ccccc3C2)CC1,0,0.5,1
NC1=CCC2=C(PCl)C(Cl)C(=C2)NCN=C(NCCO)C1,C1=CCC2=CCC(=C2)NCN=CC1,0,0.1594077936742908,0
C=C(Cl)C(Cl)=C[C+]=C=CNC(N=CNCCO)=NC1B=CC=CC1=C,C=C1C=CC=BC1,1,0.4546580021152229,0
COCCNC1=NN(C2=CC2)C=NC=CC=C=C1,C1=CC=CN=CN(C2=CC2)N=CC=1,0,0.07871662642631955,0
Clc1ccc(NC2=NC3=CC=CC3NCC=N2)cc1Cl,C1=CC2NCC=NC(Nc3ccccc3)=NC2=C1,1,0.8651520507743804,1
NOCCNC1C=Cc2cnc(CC=CC=CCCl)nc21,C1=Cc2cncnc2C1,1,0.24001543077787296,0
CC1COCCCCC1C(Cl)=CCC1C2=C=CC(N)N(C2)C1CO,C1=CCN2CC=1C(CC=CC1CCCCOCC1)C2,0,0.13298962963828226,0
C=C(Cl)[P-](Cl)CC=CNC1[B+]C2=CCPC=C2C(NCCO)=N1,[B+]1CN=CC2=CPCC=C12,0,0.15363790562149254,0
CC#CC=C1CC(CCON)c2ccccc2N1,C=C1CCc2ccccc2N1,0,0.5078177832179136,1
NC1=C=CC=CC(NCCO)=NC(C2=[PH]=C(Cl)C(Cl)=CC2)=N1,C1=CC=CC=NC(C2=[PH]=CC=CC2)=NC=1,0,0.17950382476185647,0
ClOCCNc1nc(Nc2cc3c(Cl)cc2-3)nc2ccccc12,c1ccc2nc(Nc3cc4ccc3-4)ncc2c1,1,0.9892162995186506,1
C=C=C(N)C(Cl)=CCC=NC1=CN=CC=CCOCC1,C1=CCOCCC=CN=C1,0,0.01995234902675567,0
OCCN1NC(Nc2ccc(Cl)c(Cl)c2)=NC2=C[P-](=P)#CC21,P=[P-]1#CC2NNC(Nc3ccccc3)=NC2=C1,1,0.9050488404684136,1
CC1=CC=C(Cl)C(Cl)=CCNCC=CCOCCNC1=N,N=C1C=CC=CC=CCNCC=CCOCCN1,0,0.14066719038777314,0
ClC1=CC=CNC2=Nc3ccccc3C(C=C1Cl)CC=N2,C1=CC=CC2CC=NC(=Nc3ccccc32)NC=C1,1,0.7381179968558922,1
CC=CC=C1NN2CN=C1C=C2C=C(C)Cl,C=C1NN2C=CC1=NC2,0,0.12127938525560596,0
NC1=C2CC(=C=C1)CCCNCC=CN(NC=CC=CCCl)OCCN2,C1=CC=C2CC=1CCCNCC=CNOCCN2,0,0.30255840700692477,0
NC(=CC1=CCC2B=CC(=NC1)NCC(O)=CC2)CCl,B1=CC2=NCC=CCC1CC=CCN2,0,0.14555182801927072,0
ClCC1=CCC=CCC=CN=CN1,C1=CCC=CNC=NC=CC1,0,0.03220755230682758,0
OCC1Nc2nc(nc3ccccc23)NC(=CC=CCl)C=C1Cl,C=C1C=CCNc2nc(nc3ccccc23)N1,1,0.9647607096069523,1
N#CNC1=NC=C2C=CC2C(NCCO)=N1,C1=CC2C=NC=NC=C12,1,0.565110296979764,1
CSC1=[B-]2CC=CC(CO)=C1CN=BCNC=CC=C(Cl)[N-]C2,B1=NCC2=CC=CC[B-](=C2)C[N-]C=CC=CNC1,1,0.5915263154095073,1
COCC=CC=C1CN=C2N=C1NC(CO)OCC(C=C(Cl)CCl)N2,C=C1CN=C2N=C1NCOCCN2,0,0.451197949030899,0
C=C1C#CC=NC=CC(N2N=C(NCCO)CC(=CC=C=CC)N2)C1C,C=C1C#CC=NC=CC(N2N=CCC(=C)N2)C1,0,0.2693307613041364,0
ClOCCC12C=CNc3c(cc(Cl)c(Cl)c31)NSN=CN2,C1=CC2NC=NSNc3cccc2c3N1,1,0.8392622891363218,1
C=C=CC(Cl)=CCNC1=NC2C(=CC=[PH]=C2C)C(NCCO)=N1,C1=NC=NC2C=[PH]=CC=C12,0,0.37310716794752263,0
C=C=C(Cl)C=CCNN1CCC=NC=CNC(Nc2ccccc2CCC)=N1,C1=CNC(Nc2ccccc2)=NNCCC=N1,0,0.7135076010970214,1
ClC1=CC(NC2=NC3C=CC=CN3C=N2)=C1,C1=CC(NC2=NC3C=CC=CN3C=N2)=C1,0,0.2680567914712237,0
CC=CN=C1NCC=CCCNC=CN=CCCC(C)OCCNC#CC=CC=COC=NC(=CCl)O1,C=C1N=COC=CC=CC#CNCCOCCCC=NC=CNCCC=CCNC(=N)O1,0,0.5168282231617753,1
CC=CN=C(Cl)NC=C=[S-]1C=C(Cl)C[N-]C1,C=[S-]1C=CC[N-]C1,0,0.48191358718263,0
OCCNC1=NCC(Cl)CC=CN=Nc2ccccc21,C1=CN=Nc2ccccc2C=NCCC1,0,0.49182341984334,0
ClC1=CC=C(NC2=NC3(CC=CCO3)C(NCBr)=N2)C[O+]1Cl,C1=C[OH+]CC(NC2=NC3(C=N2)CC=CCO3)=C1,0,0.123290905098448,0
OCCNc1nc(NCC=C(Cl)NC=CC2=CC#COCC2Cl)nc2ccccc12,C1#COCCC(C=CNC=CCNc2ncc3ccccc3n2)=C1,1,0.92345645717509,1
CC=CN=C(C=CCNCCCl)N=C1OC(CN)C1NCCO,N=C1CCO1,1,0.5454277821356426,1
OCC1=CC=C(Cl)C(CCCCCOCCl)=CCNC2=CC=CC=CN=C(C2)N1,C1=CC=CNC2=NC=CC=CC=C(C2)NCC=C1,1,0.13717683770934558,0
CCN[S+]C(ON)c1ccccc1N=CNC1=CC[N+](Cl)C=C1,C1=CC(NC=Nc2ccccc2)=CC[NH+]1,1,0.6724072467125631,1
CNc1nc(NC2=CC=C(Cl)C(Cl)[S+]2)nc2ccccc12,C1=CC[S+]C(Nc2ncc3ccccc3n2)=C1,1,0.9512958743442069,1
[B-]1=C=CC2=CC=NC2=C1,[B-]1=C=CC2=CC=NC2=C1,0,0.26971983032035907,0
OCCNC1=NC([P-]Nc2cccc(Cl)c2)=NC(Cl)C1,C1=NC([P-]Nc2ccccc2)=NCC1,1,0.8514034906895636,1
ClC1=CCNc2n[b-](c3ccccc3n2)NC=C(Cl)C=C1,C1=CC=CN[b-]2nc(nc3ccccc23)NCC=C1,1,0.4276565343356212,0
OCCNC1=NC(c2ccc(Cl)c(Cl)c2)C2=CC=CC2=C1,C1=CC2=CC=NC(c3ccccc3)C2=C1,1,0.8779475719148494,1
Cc1cc(NC2CC[N+](NCCO)=C=N2)ccc1Cl,C1=NC(Nc2ccccc2)CC[NH+]=1,1,0.5990646952965819,1
CN=C1CCN=CC=CCNCNCCC=CCOCC=C(Cl)C(Cl)C(O)CNC=N1,N=C1CCN=CC=CCNCNCCC=CCOCC=CCCCNC=N1,0,0.44387697920505803,0
OCCNC1=NC(Nc2ccc(Cl)c(Cl)c2)[O+]c2ccccc21,C1=NC(Nc2ccccc2)[O+]c2ccccc21,1,0.9543871171222668,1
OCCNC1=NC=P(NC#CC=C=[N+]CCl)=C=C=CC=C1,C1=C=[PH]=CN=CC=CC=1,1,0.5,1
[B+]OCNC1=NC(NC2=CC=C(Cl)C(Cl)[B-]2)[C+]C=CC=CC=C1,[B-]1CC=CC=C1NC1[C+]C=CC=CC=CC=N1,0,0.34482364331686494,0
Clc1ccc(NC2=NC#[PH]C=CC=CC=C[S+]=N2)cc1Cl,C1#[PH]C=CC=CC=C[S+]=NC(Nc2ccccc2)=N1,1,0.8343618949908093,1
[P-]=C1NOCCc2nc(nc3pcccc23)C=CC=C1Cl,[P-]=C1C=CC=Cc2nc(c3cccpc3n2)CCON1,1,0.8444784218325342,1
OCCNC1=NC2C=[S-](Cl)C(Cl)=C3C1C=C[P+]32,C1=C[P+]2C3=C[SH-]=CC2N=CC13,0,0.39768583431438226,0
CC1=CC=CNN2N=C(CO1)Cc1ccccc12,C1=CNN2N=C(COC=C1)Cc1ccccc12,0,0.21383874291699193,0
C/C=C(\C)C(=O)O[C@H]1C(C)(C)C(C(O)C(=O)OC)[C@]2(C)C(=O)[C@@]1(O)C=C1[C@@H]3CC(=O)O[C@@H](c4ccoc4)[C@]3(C)CC[C@@H]12,O=C1C[C@H]2C3=CC4CCCC(C4=O)[C@H]3CCC2[C@H](c2ccoc2)O1,1,0.3795227469724441,0
OCCNC1=NN(C2C=C(Cl)C(Cl)=C2[P-])C[O+]CC1=CCCl,C=C1C=NN(C2C=CC=C2)C[O+]C1,0,0.22318017029641846,0
CCCCC(C)C=CN1CN(NCCOC)c2ccccc2N1,c1ccc2c(c1)NCNN2,0,0.6459817661926159,1
Clc1ccc(NC=NC2C3C=CCN2CCO3)cc1Cl,C1=CC2OCCN(C1)C2N=CNc1ccccc1,1,0.6390202592075521,1
C=C=CC=CCC#CC=CC=CN=C(N)NC1=C(NCCON=C(Cl)C(Cl)=CC)C#CC=CC=CCC1,C1#CC=CCCC=CC=C1,0,0.2649400356604908,0
OCCNC1=NC(Nc2ccc(Cl)c(Cl)c2)=N[P-]2=CC=CC=C12,C1=CC=[P-]2N=C(Nc3ccccc3)N=CC2=C1,1,0.9579297414441573,1
Nc1ccc(NC2=NC3=CCC=CC3P2)cc1Cl,C1=CC2PC(Nc3ccccc3)=NC2=CC1,1,0.5,1
C=C(Cl)C(Cl)=CC=NC1=NC2=C1CN2,C1=NC2=C1CN2,0,0.027896618560641503,0
CC1=CC=CNC2C=CC=CC#CC(NCCO)N12,C1#CCN2C=CC=CNC2C=CC=C1,0,0.37721014349809645,0
ClC1=CC2=CC(=NCN2)C1Cl,C1=CC2=CC(=NCN2)C1,0,0.08383236180616213,0
C=CC=C1CC2=NC(=N1)CC=C(Cl)C(Cl)=CCOCC2,C=C1CC2=NC(=N1)CC=CC=CCOCC2,1,0.15228725186200504,0
OCCNC12NCC=C(Cl)C(Cl)=CC1=Nc1ccccc12,C1=CCNC2C(=Nc3ccccc32)C=C1,1,0.8458519816567437,1
CC1=[N+]=CC(C=NCB2N=C(Cl)CC#CN2)=CC1,C1#CNB(CN=CC2=CCC=[N+]=C2)N=CC1,0,0.15572032684117748,0
C[B-]#CNC12C=C(C)CC=C1N=C(NC=CC1=C(Cl)C=C1)NO2,C1=CC(C=CNC2=NC3=CCC=CC3ON2)=C1,1,0.18011823572242666,0
C=CC1(NCCO)C=CCN=C1N1C=C(Cl)C(N)=CC1,C1=CCN(C2=NCC=CC2)C=C1,0,0.0982680668497739,0
C=C(Cl)C(Cl)=CC=NC1=Nc2ccccc2CNCO1,C1=Nc2ccccc2CNCO1,0,0.06649652901738644,0
[C-]C1=CNOCCNC2=NC(=NC=CC=CC2)C=C(Cl)[P-]C1C,C1=CCC2=NC(=NC=C1)C=C[P-]CC=CNOCCN2,0,0.05322479650658746,0
NC1=C(Cl)C(Cl)=CCN1C1=NC=CC=CCC1=CC=CC#COCNCCO,C=C1CC=CC=CN=C1N1C=CC=CC1,0,0.47346374003534025,0
OCCNC1=NC2(Nc3ccc(Cl)c(Cl)c3)C=[N+]OCCCOC(=C=C1)CC=CC2,C1=CC=NC2(Nc3ccccc3)C=[N+]OCCCOC=1CC=CC2,0,0.8563437479876903,1
Clc1cccc(NSC=NC=NC=CC(Cl)C2=CC=CC2)c1,C1=CCC(CC=CN=CN=CSNc2ccccc2)=C1,1,0.9642813555404474,1
CC=C(Cl)C(Cl)=[P-]#CNc1nc(NCCO)c2c(n1)=CC=C[SH]=2,C1=C[SH]=c2cncnc2=C1,0,0.36145066047697466,0
COC1=C=CC2NC3C(Cl)=CC=CNC3=C2C1,C1=CCC2=C3NC=CC=CC3NC2C=1,0,0.5243970830271212,1
C=C=C1C2=C=[S+]N=C(N=C1CCO)N2C(Cl)=CCCl,C=C1C=NC2=N[S+]=C=C1N2,0,0.37980150442495264,0
CCC1=C(Cl)C(Cl)=C=CN1N1N=C(NCCO)C2=CC1=C2,C1=CC=CN(N2N=CC3=CC2=C3)C=1,1,0.3219562283426807,0
CC(C=C(Cl)C[N+])N1CN=C2CC=CC=C(COCN2)N1,C1=CCC2=NCNNC(=C1)COCN2,0,0.1528684572650318,0
[S-]#CCNC1=NC(Cl)CCN2CC=CC=C2C1,C1=CCN2CCCN=CCC2=C1,0,0.04405285095327875,0
ClC1=CC2(Cl)NC=NCCC=CCC2NCCOCC=C1,C1=CCOCCNC2CC=CCCN=CNC2C=C1,1,0.27932333251304964,0
OC1=NC2=CC=CC(=CCN1)c1ccc(cc1Cl)N2,C1=CC2=CCNC=NC(=C1)Nc1ccc2cc1,1,0.6982675897456165,1
Cl[B-]1C2=CC=CC=COCNC2=NCN1C1=CC=C(Cl)C1,[BH-]1C2=CC=CC=COCNC2=NCN1C1=CC=CC1,0,0.08800610789608175,0
OCCNC1=CC=CC=C(C(Cl)Nc2ccc([S-])c(Cl)c2)C1,C1=CC=C(CNc2ccccc2)CC=C1,1,0.727544163406047,1
C=C1CCCNC=C(Cl)C(=CNC=NCC2=CC=CCNCCON2C)C=C1Cl,C=C1C=CC(=CNC=NCC2=CC=CCNCCON2)C=CNCCC1,1,0.5069201749570722,1
OCCNC1=NC2=CC=CC=C1CNC(CCl)=CN2,C1=CC=C2N=CC(=C1)CNC=CN2,0,0.050566755671556246,0
NC1=C2CCCCNCC(O)=NC(Nc3ccc(Cl)c(C=CC=CN=C=CCl)c3)N(CC1)C2,C1=NC(Nc2ccccc2)N2CCC=C(CCCCNC1)C2,1,0.8169688502817936,1
N=C1NCCOC=C(Cl)C=CC=C(Cl)Nc2ccccc21,N=C1NCCOC=CC=CC=CNc2ccccc21,0,0.6465870503521957,1
OCCNC1([S+])NC(Nc2ccc(Cl)c(Cl)c2)=Nc2ccccc21,c1ccc(NC2=Nc3ccccc3CN2)cc1,1,0.9584832556436823,1
Clc1ccc(NCC2=C[S-]C=CCC=N2)cc1Cl,C1=C[S-]C=C(CNc2ccccc2)N=CC1,0,0.791621619946573,1
COCCC1=CC=CCN=C(Nc2ccc(Cl)c(Cl)c2)N1,C1=CCN=C(Nc2ccccc2)NC=C1,1,0.4576325901647979,0
C=CC1=CSC2=C([C+]1)C(NCC)=N[S+]C(ONCC=C(Cl)C([N+])Cl)=N2,[C+]1C=CSC2=C1C=N[S+]C=N2,0,0.2546938323170409,0
NCC=CC(Cl)=CCNC1=NC=CC=C2CC21NCCO,C1=CN=CC2CC2=C1,0,0.12238367770053665,0
CC=P1=CC=C2CN=S(N=C2NCCO)NCC=C(Cl)C1Cl,C=P1=CC=C2C=NS(=NC2)NCC=CC1,0,0.10898190191910564,0
CC12N=C(NCCO)C3C=CC1(C3)C(Cl)=CC=CN2,C1=CNC2N=CC3C=CC2(C=C1)C3,0,0.3592914286420512,0
OC1CNc2nc(nc3ccccc23)NC=CC=CCP1Cl,C1=CCPCCNc2nc(nc3ccccc23)NC=C1,1,0.9458519660363346,1
OCNC1=NC(Nc2ccc(Cl)c(Cl)c2)=NCC1CNCCC=C1CC=CNC1,C1=CNCC(=CCCNCC2C=NC(Nc3ccccc3)=NC2)C1,1,0.931312089128092,1
[B-]#CC1=CC=CC=COCC(C)=N1,C1=CC=COCC=NC=C1,0,0.05471676477539646,0
NOCNC1C2=C(Nc3ccc(Cl)c(Cl)c3)C=CCC21,C1=CC(Nc2ccccc2)=C2CC2C1,1,0.8288243944559888,1
CCn1c2c(c(=N)c3c1CCC3)CCCC2,N=c1c2c([nH]c3c1CCC3)CCCC2,1,0.4315043494001076,0
CC1=C2CS(=CC1)C(CCON)C(Nc1ccc(Cl)c(Cl)c1)=N2,C1=C2CS(=CC1)CC(Nc1ccccc1)=N2,0,0.7961072610531934,1
C=CC=C1CN=CNC(=CC=CCl)N(C)OCCN1,C=C1CN=CNC(=C)NOCCN1,0,0.05976004585677769,0
Clc1ccc(NC2=Nc3cccc(c3)[C-]CCON2)cc1Cl,[C-]1CCONC(Nc2ccccc2)=Nc2cccc1c2,1,0.6688536018894363,1
C(C=COc1ccccc1)=CN=CC1N=CCN2CCCCC1CO2,C(C=COc1ccccc1)=CN=CC1N=CCN2CCCCC1CO2,0,0.38680748774559903,0
CCB=NC1=NC(Nc2ccc(Cl)c(Cl)c2)=NC2=C(C)CCOC12,C1=NC(Nc2ccccc2)=NC2=CCCOC12,1,0.7372347104442273,1
ClC1=CC(N2CN=C3CC=CC=C(N2)OCCN3)=C=C1,C1=CC=CC=1N1CN=C2CC=CC=C(N1)OCCN2,0,0.3385030266299732,0
ClC1=C=CCN=C2NCOC=CC=CC=C2N=CC=C1Cl,C1=CC=CC=NC2=CC=CC=COCNC2=NCC=1,0,0.13355297481392836,0
CC1=CC=CNC2=NC(=CC1)C(I)C(NCCO)=N2,C1=CCC=C2CC=NC(=N2)NC=C1,0,0.2470335218913994,0
C=NC=CNC1COCCCCONC(NCC=C(C)CCl)CC1=[N+]=CC=CC,[N+]=C1CCNOCCCCOCC1,0,0.28068820208340567,0
ClC1C=CC=C1N1CN=C2C=CC=CC(N1)OCCN2,C1=CCC(N2CN=C3C=CC=CC(N2)OCCN3)=C1,0,0.04094691777472271,0
CCCC1=CC=C(Cl)CNC=NC=NC=C=CCCN1,C1=CCCNC=CC=CCNC=NC=NC=1,0,0.1431227966971927,0
CCC(=CCCl)N1N=C(NCCOCl)C2=CC=CCC2N1,C1=CCC2NNN=CC2=C1,0,0.10356321726478732,0
COCNC1=NCc2ccc(Cl)ccccc1n2,C1=NCc2cccccccc1n2,0,0.6256613121239328,1
NC(=Nc1ccccc1CCCO)NC1=[PH]=C=C(Cl)C(Cl)=C1,C1=CC=CC(NC=Nc2ccccc2)=[PH]=1,1,0.7773465777327255,1
C=CN[C+](N=CC=C(N=C)C(Cl)Cl)NCC1C=CC=[SH]CO1,C1=CCOC[SH]=C1,0,0.5279228044149554,1
O=C(OC[C@]12OC1C=C[C@H](OC(=O)c1ccccc1)C2O)c1ccccc1,O=C(OC[C@@]12C[C@@H](OC(=O)c3ccccc3)C=CC1O2)c1ccccc1,1,0.6565856976715801,1
CC1=CCN(C2C3=CC=CC3C2NCON)C(Cl)C1,C1=CC2CC(N3CC=CCC3)C2=C1,1,0.1199509290890152,0
OCCNc1nn(NC2=CC=C(Cl)C(Cl)=[N+]2)c2ccccc12,C1=CC=C(Nn2ncc3ccccc32)[N+]=C1,1,0.9473937604055543,1
NC1CC=C2CC1(CC1=C(Cl)CC(Cl)=NO1)C2,C1=NOC(CC23CCC=C(C2)C3)=CC1,0,0.10321101671606121,0
OC=[S-]N1NC(Nc2ccc(Cl)c(Cl)c2)=NC2=CCC=CC21,C1=CC2NNC(Nc3ccccc3)=NC2=CC1,1,0.8264940526084831,1
OCCNC1=NN2C=CC(C=Nc3cc[c-]cc31)C2,[c-]1ccc2c(c1)C=NN1C=CC(C=N2)C1,0,0.27633975882190615,0
C=C(Cl)C(Cl)=CC1=CC=CC2=C3CC(NCCO)=NC(=N3)NNCCOCCC1C2,C1=CC2=C3CC=NC(=N3)NNCCOCCC(C=C1)C2,0,0.11457858335885819,0
[B+]CC=C1C=C=C(CCl)CC#CNCCON(Cl)C(=NBC=CC)N1,C=C1C=C=CCC#CNCCONC(=N)N1,0,0.23752808652887294,0
CC1=CCC#CN=C(Nc2ccc(Cl)c(Cl)c2)N=C(CO)C=C1,C1#CN=C(Nc2ccccc2)N=CC=CC=CC1,1,0.7628132003770001,1
NC1CC=C2CC(=NC2N2CC=CC(Cl)=CC2)[C-]CCO1,[C-]1CCOCCC=C2CC1=NC2N1CC=CC=CC1,0,0.05761843080113169,0
ClC1=C=CCCC(Cl)=CCNSC#CC=CC=CNCN=CC2=C(C=CC#CC1)C=C2,C1=CCC#CC=CC2=C(C=C2)C=NCNC=CC=CC#CSNCC=CCCC=1,1,0.5316011551498483,1
NC1=CC1=C1c2cnc([nH]cccc2Cl)C1CCO,C1=CC1=C1Cc2ncc1cccc[nH]2,1,0.8432051264893012,1
FC#CC=CC=CCC1CCNCCCOCCN1c1nc(N[SH]2C=CC2)nc2ccccc12,C1=C[SH](Nc2nc(N3CCCNCCCOCC3)c3ccccc3n2)C1,0,0.4765114115249602,0
NCc1ccccc1OCCCCC=NCC=CN=C1NC=CC=C(N)C1(Cl)Cl,C1=CCC(=NC=CCN=CCCCCOc2ccccc2)NC=C1,0,0.8170235610155655,1
OCCNc1nc(NC2=C(Cl)C2CCl)nc2ccccc12,C1=C(Nc2ncc3ccccc3n2)C1,1,0.9931943251522342,1
OC(Cn1nnc2ccccc21)Cn1c2ccc(Br)cc2c2cc(Br)ccc21,c1ccc2c(c1)nnn2CCCn1c2ccccc2c2ccccc21,1,0.9454280385717486,1
Clc1ccc2c(c1Cl)C1CCO[C+]=NN2C=NC1,[C+]1=NN2C=NCC(CCO1)c1ccccc12,0,0.22358395892856267,0
C=C(Cl)C(=CC1=CCC(CC#N)(C2=NOCCN2)CN=CN1)CCl,C1=CNC=NCC(C2=NOCCN2)C1,0,0.27353110028652466,0
C=C(Cl)C(Cl)=CC#CC=CC=CCCC=CNC1C=CCC2=NCC1(F)C(NCCO)=N2,C1=CCC2C=NC(=NC2)C1,0,0.1121638568671418,0
[C-]N=C(C=CC1C=CN=CNC2=CC21)NCCO,C1=CN=CNC2=CC2C1,0,0.5925695027238169,1
OCCNc1nc(NC2N=CCC=C(C=C(Cl)CCl)C=C=NCO2)nc2ccccc12,C1=CC=CCC=NC(Nc2ncc3ccccc3n2)OCN=1,1,0.8929488967680816,1
C=C(Cl)C(Cl)=CC=CNc1nc2c(=CC)c(n1)=CCOCCN2,C=c1c2ncnc1=CCOCCN2,0,0.11614341797405334,0
OC(c1cc(C(F)(F)F)nc2c(C(F)(F)F)cccc12)C1CCCCN1,c1ccc2c(CC3CCCCN3)ccnc2c1,1,0.5893069089534843,1
NC1=NCC=C(C(Cl)Cl)CN=NC2=CC=C=C=C2OC=CC1,C1=C=C2OC=CCC=NCC=CCN=NC2=CC=1,0,0.30123790454630517,0
OCCNc1nc(NC2=CC=C(Cl)C(Cl)=[S-]2)nc2ccccc12,C1=CC=C(Nc2ncc3ccccc3n2)[S-]=C1,1,0.9942886277818702,1
OCC1C=C=CC=CN=C(Nc2ccc(Cl)c(Cl)c2)CN1,C1=CC=CN=C(Nc2ccccc2)CNCC=1,1,0.9825297036238891,1
NC1=NC2=[C+]CC1=C(CCO)C=CCC=C(Cl)C(Cl)=C=CCN2,C1=CC=CCC=CC=C2C=NC(=[C+]C2)NCC=1,0,0.16545592343689758,0
[O-]CNC1C=C=CC=CC(Cl)NN=CC=CC1,C1=CC=CCNN=CC=CCCC=1,1,0.10107664492265654,0
CCC1=CCC(=N)C(=NCc2ccc(N)c(Cl)c2)N1,N=C1CC=CNC1=NCc1ccccc1,0,0.6531215144201518,1
N=C1CC=C(Cl)CC(CN)CCCOC(Cl)=CC=CN1,N=C1CC=CCCCCCOC=CC=CN1,1,0.2912899212585698,0
C=C[N+]1CN=C(O)c2ccc1cc2,C1=NC[NH+]c2ccc1cc2,0,0.4278879785993274,0
NCC=CC1CC(CCOCl)=NCNc2ccc(Cl)cc2N1,C1=NCNc2ccccc2NCC1,0,0.5593530647728766,1
OC1=C2C=CC3CC(=NC3C(Cl)=CC=N2)NC1,C1=CC2N=C3CC2C=CC(=CCN3)N=C1,1,0.4235501885196668,0
NC1=CC=[S+]#CC1=CC=NCC(C=CCl)OC=[B-]=CCl,C=C1C#[S+]=CC=C1,1,0.6841319258565355,1
ClC1C=CC=CCONC2=NN1C=NCC=CC=C2,C1=CCN=CN2CC=CC=CCONC(=N2)C=C1,0,0.21353965115497786,0
CCC1=CC=CC2=NC=C=CC=C(N(O)[C-]=N2)C1(Cl)Cl,C1=CC=C2CC=CC=CC(=NC=1)N=[C-]N2,1,0.3478273222236713,0
C=CCCNC=C=NC1C=CC(CC)CCONC(Nc2ccc(Cl)c(Cl)c2)=N1,C1=CCN=C(Nc2ccccc2)NOCCC1,1,0.7129911563951009,1
C=[C+]C(Cl)C=CC=CNC1=Nc2ccccc2CPN=N1,C1=Nc2ccccc2CPN=N1,0,0.7706496111459995,1
CCCC1C2=NN1C2,C1C2=NN1C2,0,0.03335530173083049,0
OCCNc1nc(NC2=CC=C(Cl)N(Cl)C2)nc2ccccc12,C1=CNCC(Nc2ncc3ccccc3n2)=C1,1,0.9851320175200257,1
CNC1=C2C(CO)=NC2(N2C=CC(Cl)C(Cl)=C2)CC=C1,C1=CCC2(N3C=CCC=C3)N=CC2=C1,0,0.31104328397545267,0
N#CSC1=NC(=NCBr)NC=CC(Cl)=[C-]C=CC=C1,N=C1N=CC=CC=C[C-]=CC=CN1,1,0.35291873189143763,0
CCCCC=C1CCC=Nc2cccc3nc(nc(NCCO)c23)C=C1Cl,C=C1C=Cc2ncc3c(cccc3n2)N=CCC1,1,0.9104573073241418,1
CCC=NC=C=NCCOC=C(C=C(Cl)CCl)NC=NCCC1NCC1=Nc1ccccc1C(N=CN=CCF)NCCC,c1ccc(N=C2CNC2)cc1,1,0.6458478915927597,1
ClC=CCOCCNc1nc(C2C=C2)nc2ccccc12,C1=CC1c1ncc2ccccc2n1,1,0.9739420871420763,1
C=CC=CNC12C#CC=CC1=Cc1ncccccc(C=C)c(n1)NC(Cl)C2(C)O,C1#CC2CCNc3ccccccnc(n3)C=C2C=C1,1,0.7068347375719456,1
NC1=C2C(=C=C1)NC2CC=C(Cl)C(Cl)=CCCCCCNCCOC=CO,C1=CC=C2CNC=12,0,0.6705913847409064,1
COCCC1=NCN(C2C=C(Cl)C(Cl)=C2)NC=CC=C=C1,C1=CC=CNN(C2C=CC=C2)CN=CC=1,0,0.06008433627450496,0
C=C(Cl)C(Cl)=CC1=C(O)C2=NCC(=CC1)CCNC=N2,C1=CC2=NCC(=CC1)CCNC=N2,0,0.1687514865008311,0
CC=CC=CN=C1NCC=C2CC1=CC(Cl)C(C)=CCC2O,N=C1NCC=C2CCC=CCC=C1C2,0,0.31429686954695096,0
COCCC1=NCN(C(C)C=C(Cl)CCl)NC#CC=CC1,C1#CNNCN=CCC=C1,0,0.09994859256914422,0
C=C(Cl)C(Cl)=COC1=C2NC=C2C(NCC)=NCN1,C1=NCNC=C2NC=C12,0,0.08487721788117118,0
C=C=PC=[p+]1c(NCON)nc(-c2ccc(Cl)c(Cl)c2)nc1=C,C=c1nc(-c2ccccc2)nc[p+]1=C,1,0.8923004379358228,1
C=CCOCCNC1N=C=C(CNC=CN=CCF)C(N)=CC=CN1,C1=CC=CC=CNCN=1,0,0.418296834780654,0
ClOCCNC1C=CC=C2N=C(C3=CC=CC3Cl)N=C=C21,C1=NC(C2=CC=CC2)=NC2=CC=CCC=12,0,0.26933754322808057,0
CC=CC=CC#COCCNCCOCN=CC1CC(NCCO)=N[C+]C2=CC(CSC(C)=N1)C(Cl)=CCNC=C2,[C+]1N=CCCN=CSCC2C=CCNC=CC1=C2,1,0.49402752389177884,0
OCCNC1=NC(Nc2ccc(Cl)c(Cl)c2)C(=CC=CF)C1,C=C1CC=NC1Nc1ccccc1,1,0.9248002966774028,1
OCCNc1nc(Nc2ccc(Cl)c(Cl)c2)nc2c1=CC=C=C=2,C1=C=c2nc(Nc3ccccc3)ncc2=CC=1,1,0.9724209312785931,1
COCCC1=NCN(C2=C(C)C(Cl)C2)NC=CC=CC1,C1=CCC=NCN(C2=CCC2)NC=C1,0,0.044167280162772056,0
COCCC(=NN)C1C=CC(C)=C1N=CNC1C=CC(Cl)=C1,C1=CCC(N=CNC2C=CC=C2)=C1,0,0.32221192718102964,0
N=C1C=C(Cl)C(Cl)=[P+]1,N=C1C=CC=[P+]1,0,0.5954244354412381,1
C=C1C=Nc2ccccc2C(NCCO)=NC=CC=C1N,C=C1C=CC=CN=Cc2ccccc2N=C1,1,0.7838525057395564,1
C=C1C(Cl)=CC(NC2=NC=CC2C=CC(I)ON)=C1Cl,C=C1C=CC(NC2=NC=CC2)=C1,0,0.6656071284761211,1
Clc1ccc(NC23C=CC=C2N=CNOCCN3)cc1Cl,C1=CC2(Nc3ccccc3)NCCONC=NC2=C1,1,0.6510096499213551,1
COCNC1=C(N)C=CC=CN=C1c1ccc(Cl)c(Cl)c1,C1=CC=CC(c2ccccc2)=NC=C1,1,0.899324261719855,1
NC1=C=CCC#C1,C1=CC#CCC=1,1,0.19697248931428352,0
CC=c1nc2nc(NCCl)c1=CC=CS1=CC(=CC=C1Cl)N2,C=c1nc2ncc1=CC=CS1=CC(=CC=C1)N2,1,0.6751131260669208,1
[S-]C1=CNc2nc(c3ccccc3n2)NPCOC=C1Cl,C1=CNc2nc(c3ccccc3n2)NPCOC=C1,1,0.9288035035489502,1
CC=C(C=C(Cl)CCl)CN=C(CC1=C[P-]C=CCB1N)NCCO,B1C=C[P-]C=CC1,0,0.3320069431105225,0
ClCCC=CNC1=CC=CC=CNOC=N1,C1=CC=CNOC=NC=C1,0,0.10811974676611125,0
C1=CNC2=NC(=CCNCCON2)C=C2CC2=C1,C1=CNC2=NC(=CCNCCON2)C=C2CC2=C1,0,0.22239423116924376,0
OC1=CNOCNc2nc(nc3ccccc23)C=C=C1C=CC=CC#CCNC=CCl,C1=CC=CNOCNc2nc(nc3ccccc23)C=1,1,0.9244347532271349,1
CC1=CSC(Cl)C(C)=CCNC(=Nc2ccccc2)C#CCC1Cl,C1#CC(=Nc2ccccc2)NCC=CCSC=CCC1,1,0.6062285818308023,1
OC1C=CC=CS#CC(N=[C-]Cl)N=CN1,C1#SC=CC=CCNC=NC1,0,0.4142379213869799,0
CC(Cl)=CC=C(C)N1CN=C(CCOCC#[PH]CCI)N1,C1=NCNN1,0,0.12957431887472162,0
C#CC=CC=C1NC(N)=CCNC=NCC1Cl,C=C1CCN=CNCC=CN1,0,0.1357628916171855,0
NC1=CC2N=C(c3ccc(Cl)c(Cl)c3)N=C(NCCO)C=C12,C1=CC2N=C(c3ccccc3)N=CC=C12,1,0.9581431573892467,1
ClC1=CC=CNC2=Nc3ccccc3CNCC12,C1=CNC2=Nc3ccccc3CNCC2C=C1,0,0.567951772583415,1
NC1=NC=CC=CNC=N[S+]CCOCC1,C1=CN=CCCOCC[S+]N=CNC=C1,0,0.04135416264971696,0
Clc1c2cc3c(c1-2)N=CCN3,C1=Nc2c(cc3cc2-3)NC1,0,0.3796570308341118,0
OCCNCC=CC1CON1NCC=CCl,C1CON1,0,0.14586821461192698,0
ClC1=CCN(OCCCCC=NC=Nc2ccccc2)C=C1Cl,C1=CCN(OCCCCC=NC=Nc2ccccc2)C=C1,1,0.8523377133561343,1
OCCNc1nc(NC2=C=C(Cl)C#[PH]C2)nc2ccccc12,C1=CC#[PH]CC=1Nc1ncc2ccccc2n1,1,0.990121747537755,1
CC=CC=CN=COC1CNC1SNc1ccc(Cl)c(Cl)c1,c1ccc(NSC2CCN2)cc1,1,0.9646078762899309,1
C=NC[SH]1N=CC#CC1Cl,C1#CCSN=C1,1,0.29387030257094693,0
[B+]c1ccccc1C(ON[O+](N)Nc1ccc(Cl)c(Cl)c1)PNCC,c1ccc(CON[OH+]Nc2ccccc2)cc1,1,0.9442748291087432,1
OCCNC1C=CC=C2[P+]=C(Nc3ccc(Cl)c(Cl)c3)N=C21,C1=CCC2=NC(Nc3ccccc3)=[P+]C2=C1,1,0.5684141934685752,1
Cn1cc(Cl)c(O)c1CN=C1C=C=CC=C(N)OCCN1,C1=CC=COCCNC(=NCc2ccc[nH]2)C=1,0,0.3683695311191344,0
C=CC1=CC=C(Cl)C(Cl)=NC=CCC=CNCCN1,C1=CC=NC=CCC=CNCCNC=C1,1,0.16216822349260882,0
Nc1ccc(NC2C=S3(=CC=C=[O+]C3)C(NCCO)=N2)cc1Cl,C1=CC=S2(=CC(Nc3ccccc3)N=C2)C[O+]=1,0,0.5529250307462912,1
BC=C1C=C=C1,C=C1C=C=C1,1,0.7673780802050763,1
C/C=C1\CN2CCc3c([nH]c4ccccc34)[C@@H]2C[C@@H]1Cc1nccc2c1[nH]c1ccc(O)cc12,C=C1CN2CCc3c([nH]c4ccccc34)[C@@H]2C[C@@H]1Cc1nccc2c1[nH]c1ccccc12,1,0.703212915100532,1
CC1=NC[C-](C2=C(Cl)C(Cl)=CC2)NC=CC=C1,C1=CC=NC[C-](C2=CC=CC2)NC=C1,0,0.18111466273130897,0
Nc1c(C2=NC=C3C=CC=C3C2NCCO)ccc(Cl)c1Cl,C1=CC2=CN=C(c3ccccc3)CC2=C1,0,0.5875766328153585,1
CCCNCCCC1=NCCCOC=C=CC=CN=C(NCCOCCNC=CN=CNCF)N1,C1=CC=CN=CNC=NCCCOC=1,1,0.2927547196715217,0
NC(NCCS1#[P-]=CC(Cl)=CC=1)C1=CC=CCN(Cl)CC1,C1=CC=S(CCNCC2=CC=CCNCC2)#[P-]=C1,0,0.17893492327924987,0
NC1=CC2=CC1C(N1C=C(Cl)C(Cl)=CC1)N=C2NCCO,C1=CCN(C2N=CC3=CC2C=C3)C=C1,0,0.3432432532882142,0
COCCC1=NC(C=CCl)=C2C(=C=CC1)NC2C,C1=CCC=NC=C2CNC=12,0,0.12143388557377673,0
OCC[B-]1C=NC[P+](CC=C(Cl)C=CC=PCl)=Nc2ccccc21,[BH-]1C=NC[PH+]=Nc2ccccc21,0,0.44657106820621717,0
OCCNN1C2=CCC2=CN=C1Nc1ccc(Cl)c(Cl)c1,C1=C2CC=C2NC(Nc2ccccc2)=N1,1,0.8420527230502647,1
CC1=CCN=C2CC=CC=C(COCN2)N=NC1Cl,C1=CCC2=NCC=CCN=NC(=C1)COCN2,0,0.24803618872291536,0
NCC=CC1CC(CCO)=NC(C2=CC=C(Cl)C2Cl)=N1,C1=CCC(C2=NCCC=N2)=C1,0,0.18684149876520803,0
CC=C1C=CN=C(N=C(B=O)CCO)NC=CC=C(Cl)C(Cl)=C1,C=C1C=CC=CC=CNC=NC=C1,0,0.7697439128756858,1
CC(=CC=CC1=Nc2ccccc2C1(N)NCON)CC1NCC1=NCCCl,N=C1CNC1CC=CC=CC1=Nc2ccccc2C1,1,0.5677555691084549,1
OC1=C(Cl)C=CC2BC3=C(Cl)C=CC3CN=C(C2)NC1,B1C2=CC=CC2CN=C2CC1C=CC=CCN2,1,0.2999109479385736,0
CN=CCC=C=NCCONCCONC(=Nc1ccccc1)NCCN1CCC1C1C=C(Cl)C(Cl)=CN1,C1=CNC(C2CCN2CCNC=Nc2ccccc2)C=C1,1,0.5532888969622494,1
CC=CC=CCNC1=NC2C(=CCN=C2CNCCCCC)C(NCCO)=N1,C1=NC=NC2C=NCC=C12,1,0.21210571647851958,0
COCCC1=NCN(C2C=C=C(Cl)C(Cl)=C2)NC=CCC=C1,C1=CC=CC(N2CN=CC=CCC=CN2)C=1,0,0.13914799232433164,0
CCC12N=C(NCCO1)C1=C(C=C1)C(Cl)=CC=CN2,C1=CNC2N=C(NCCO2)C2=C(C=C1)C=C2,1,0.073951544615587,0
OCCNC=NC(CCC=CN=C=NCCNCCC=CCONc1ccccc1)Nc1ccc(Cl)c(Cl)c1,C(=NC=CCCCNc1ccccc1)=NCCNCCC=CCONc1ccccc1,1,0.9848802083075828,1
OCCN[O+]1C=CC=C2N=C21,C1=C[OH+]C2=NC2=C1,0,0.05989781851706559,0
ClP1#CCC=C(CNOCCC=NC=Nc2ccccc2)CC1,C1#[PH]CCC(CNOCCC=NC=Nc2ccccc2)=CC1,1,0.9069991439070192,1
CN1C=NCC(NCCO)=N1,C1=NCC=NN1,0,0.020390919995528205,0
C#CN=CN1C=C2CCCCCNC=CC=CC2N=C(C=CC=C)CONC=C1Nc1ccc(Cl)c(Cl)c1,C1=CNCCCCCC2=CNC(Nc3ccccc3)=CNOCC=NC2C=C1,1,0.8019850119024665,1
NC=CCC#CCC=C1C=c2nc(Nc3ccc(Cl)c(Cl)c3)nc(NCCO)c2=CC1,C=C1C=c2nc(Nc3ccccc3)ncc2=CC1,1,0.8655481706389072,1
CN=CCC1=C(Cl)C=COc2ccc(cc2C)NC=NCC(NC)CCC1,C1=CCCCCCN=CNc2ccc(cc2)OC=C1,1,0.4636379282097626,0
OCCNC1=NC(Nc2ccc(Cl)c(Cl)c2)=NC2=CC21,C1=NC(Nc2ccccc2)=NC2=CC12,1,0.9700877366030354,1
C=C1C=C(Cl)C(Cl)=[N+]1,C=C1C=CC=[N+]1,0,0.8125898752525276,1
CC=CC1CC(=N)CCCC=NSNC=CC=NNC#CCC2C=C=C(Cl)C(Cl)=C2C1NCOC,N=C1CCCC=NSNC=CC=NNC#CCC2C=C=CC=C2CCC1,1,0.5171247066682337,1
N=C1NCCOC=C(Cl)C(Cl)=CC#CNC=Nc2ccccc21,N=C1NCCOC=CC=CC#CNC=Nc2ccccc21,1,0.5922350651222967,1
CC=C1C=C(Cl)C(Cl)N1c1nc(NCCO)c2ccccc2n1,C=C1C=CCN1c1ncc2ccccc2n1,1,0.9721055234580698,1
CC1C[B+]OC(NCCO)=N1,[B+]1CCN=CO1,0,0.015785790553096514,0
C=C1C=CC2(Cl)[P-]=NC(Nc3ccc(Cl)cc3)=NC2=C1,C=C1C=CC2[P-]=NC(Nc3ccccc3)=NC2=C1,1,0.7949055940252382,1
ClC1=CCNCc2cc3ccc2CNCCC1=CC3,C1=CC2=CCc3ccc(c(c3)CNC1)CNCC2,0,0.639863263648333,1
CCC1CCN(CCO)N=N1,C1CN=NNC1,0,0.06492649603944371,0
N=C=CNCCCCCC1OCCNC2=NC(=NC3C=CC=C23)NCC=C1Cl,C1=CC2N=C3N=C(NCCOCC=CCN3)C2=C1,1,0.5763585404298889,1
CC1=CC[N+]=C2C(NCCO)=NC(Nc3ccc(Cl)c(Cl)c3)=NC12,C1=CC2N=C(Nc3ccccc3)N=CC2=[N+]C1,1,0.9557963384093506,1
OCCNC1=N[B-](Nc2ccc(Cl)c(Cl)c2)Nc2ccccc21,C1=N[B-](Nc2ccccc2)Nc2ccccc21,1,0.935694639335417,1
[B-]C1=C2CC(=CC=C1)C(Nc1ccc(Cl)c(Cl)c1)NN2CCO,C1=CC=C2CC(=C1)NNC2Nc1ccccc1,1,0.8769869559469544,1
OCCNC1C=CC=C2C=NC(=NCOCCCNCC=N1)Nc1cc(Cl)c(Cl)c2c1,C1=CCN=CCNCCCOCN=C2N=CC(=C1)c1cccc(c1)N2,1,0.6489498284194436,1
[C-]C1=CCC(N2C=CC=CC=COCCC(N)=NC2)=C1Cl,C1=CC=CN(C2=CC=CC2)CN=CCCOC=C1,0,0.08799429353363833,0
OCCNC1=NN(c2ccc(Cl)c(Cl)c2)C=NC=CC=C=C1,C1=CC=CN=CN(c2ccccc2)N=CC=1,1,0.8501620145839291,1
ClC1=CN[P-]2=Cc3ccccc3N=CNC=CC2=C1Cl,C1=CN[P-]2=Cc3ccccc3N=CNC=CC2=C1,0,0.8277337833970707,1
[C-]C1N=C(C=C2C=S=C(Cl)C(Cl)=C2)N=C2NC(CO)CC=CC=C21,C1=CCCNC2=NC(C=C3C=CC=S=C3)=NCC2=C1,0,0.3083198161569908,0
NN=C(Cc1ccccc1)c1cc(Cl)c(Cl)cc1NCCO,N=C(Cc1ccccc1)c1ccccc1,1,0.8823442433238257,1
N=C[B-]=NC1c2ccccc2NN=[S-]c2ccc(Cl)c(Cl)c21,c1ccc2c(c1)Cc1ccccc1[S-]=NN2,1,0.8270718540081116,1
OC1CNCC(NCC=C(Cl)CCCl)c2ccccc21,c1ccc2c(c1)CCNCC2,1,0.48908054496024683,0
CN1C=CC=C2CC(=NC(Nc3ccc(Cl)c(Cl)c3)=N2)O1,C1=CNOC2=NC(Nc3ccccc3)=NC(=C1)C2,0,0.4084177339580805,0
NC1C=CC=C(C(Cl)=CCl)Bc2ccccc2C(NCCO)=N1,B1C=CC=CCN=Cc2ccccc21,1,0.5835528449665771,1
NC1C=C=C2CC(=NCNC3C=C(Cl)C2=C3)NCCO1,C1=CCOCCNC2=NCNC3C=CC(=C3)C=1C2,0,0.19391973156215447,0
Clc1ccc(NC=C2C3=CC=CCCCOCC32)cc1Cl,C1=CCCCOCC2C(=C1)C2=CNc1ccccc1,1,0.7919092082654549,1
N#CC1=CNCCCCNC(Cl)=CC1,C1=CNCCCCNC=CC1,1,0.30755591880105815,0
OCCNC1=NC(NC2=CC#[S+](Cl)C(S)=C2)=NCC=CC=C=[N+]1,C1=CC=CCN=C(NC2=CC#[SH+]C=C2)N=C[N+]=1,0,0.10721483420356145,0
CC1=NC(NCC=CCCl)=NC2=CC=CCC21,C1=CCC2C=NC=NC2=C1,0,0.035851630217217,0
N=C1N=C(NCCO)c2ccccc2C(COCl)N1,N=C1N=Cc2ccccc2CN1,1,0.7784082926375164,1
C=CC=CC=CCOC(C)=CC=CC1=NC2=C=C(C2)N1NCCON,C1=C2CC=1NC=N2,0,0.06720561795282277,0
NC1=NC=CC=CC#CNCCONCC=C(Cl)C(Cl)=CC1,C1#CNCCONCC=CC=CCC=NC=CC=C1,0,0.2522871359757176,0
OCCNC12NCC=C(Cl)C(Cl)=CC=C(CO)OCCC3=C1C=CC32,C1=CC=COCCC2=C3C=CC2C3NCC=C1,0,0.3800600102172146,0
OCCNC1=NCSNC=CC=C2NC3=CC(=CC3=C1)C2Cl,C1=CNSCN=CC=C2C=C3C=C2NC(=C1)C3,0,0.32086741603879837,0
OCNOCCC#CN=CNC1=NC2C(=CC=C(Cl)CCl)C2=NC#CC=CC=C1,C=C1C2=NC#CC=CC=CC=NC12,0,0.35013565602538127,0
ClCC(Cl)=CC=CNOCCNC1=NCP=NC=CC=C=C1,C1=CC=CN=PCN=CC=1,0,0.08735065339558855,0
ClC1=CC=C[O+]1,C1=C[O+]C=C1,1,0.7754282960355147,1
OCCNC1=NC(Nc2ccc(Cl)c(Cl)c2)=NC[O+]=C=CC=C1,C1=CC=CC=NC(Nc2ccccc2)=NC[O+]=1,1,0.8376998683529678,1
CC1(C)CCC[C@@]2(C)[C@H]1[C@@H](O)C=C(C=O)[C@]2(O)C=O,C1=CC[C@H]2CCCCC2C1,0,0.5680594153249873,1
ClC1C2=NC3NN4C(=C14)NC3[B+]C2,[B+]1CC2=NC3NN4C(=C4NC13)C2,0,0.25240312593673797,0
OCCNc1[c-]c(Nc2ccc(Cl)c(Cl)c2)[o+]c2ccccc12,[c-]1cc2ccccc2[o+]c1Nc1ccccc1,1,0.9897810513443546,1
OCCNC1=NC(Nc2ccc(Cl)c(Cl)c2)=NCC=[C+]CC1,[C+]1=CCN=C(Nc2ccccc2)N=CCC1,1,0.9008368751265335,1
C=[S+]1=CC(Cl)=C(CNOc2nc(PNCC)c3ccccc3n2)C1Cl,C=[S+]1=CC=C(CNOc2ncc3ccccc3n2)C1,1,0.949665521409914,1
OCCNC1C(NC=C(Cl)CCl)OCCC2=CC=CC21,C1=CC2CCOCCC2=C1,0,0.13006754178198857,0
CCNC1=NCN2NC(=CC=C[S-]1)C21C=C(Cl)C(Cl)=CCO1,C1=CCOC2(C=C1)C1=CC=C[S-]C=NCN2N1,0,0.2711036695759025,0
OCCNCC1C=C2CN=C1NC1C=C(Cl)C(Cl)=CN21,C1=CC2NC3=NCC(=CC3)N2C=C1,0,0.17523028532303075,0
CC1=NCC(CCCl)=C(C)c2ccccc2OC1,C1=Cc2ccccc2OCC=NC1,0,0.2183324784121493,0
OCCN1CC#CCC=CC=CN=C(Nc2ccc(Cl)c(Cl)c2)N1,C1#CCNNC(Nc2ccccc2)=NC=CC=CC1,0,0.9029806414940054,1
C=C(Cl)C(Cl)=C1C=CC2(CCS)C=CCC=C2N1,C=C1C=CC2C=CCC=C2N1,0,0.15534480400243364,0
[N-]=C=CCNC=C1[C+]C(CCNCCO)=CC=C1,C=C1[C+]C=CC=C1,1,0.3115323471958876,0
OCCNc1nc(NC2=CCP(Cl)C(Cl)=C2)nc2ccccc12,C1=CC(Nc2ncc3ccccc3n2)=CCP1,1,0.9755081126884108,1
C=CNC12C=CC1=CN=C(C=C(C)CCl)N=CCCO2,C1=CC2OCCC=NC=NC=C12,0,0.10958598683556735,0
ClC1=CNc2nc(c3ccccc3n2)NCOC=CC=C1,C1=CC=COCNc2nc(nc3ccccc23)NC=C1,1,0.9358053991664974,1
Clc1ccc(NC2=NCNCCON2)cc1Cl,c1ccc(NC2=NCNCCON2)cc1,1,0.7534502081773355,1
N[O+]1C=C(Cl)C(Cl)=CC=N1,C1=CC=N[OH+]C=C1,0,0.5449624545908067,1
Clc1cc2ccc1-c1ccccc1N=N2,c1ccc2c(c1)N=Nc1ccc-2cc1,1,0.9645638020245072,1
CC1=NCNC2=CC(=C(Cl)C2C)NC=CC=C=COC1,C1=CC=CNC2=CCC(=C2)NCN=CCOC=1,1,0.4165015733659485,0
CC(=CCNC1=Nc2ccccc2ON1C)CCl,C1=Nc2ccccc2ON1,1,0.6924871404947561,1
ClC1=CB=[C+]C=C1,B1=[C+]C=CC=C1,0,0.8455834257943974,1
CC=CC=CN=C(N=C(CC=C1C=CN=C2CNCC=NC=NN=CNCCONCCOC12)CCCC)Nc1ccc(Cl)c(Cl)c1,N=C(N=CCC=C1C=CN=C2CNCC=NC=NN=CNCCONCCOC12)Nc1ccccc1,1,0.8760640870033363,1
OCCNc1nc(NC2=CC=C=[B-](Cl)C2)nc2ccccc12,[BH-]1=C=CC=C(Nc2ncc3ccccc3n2)C1,1,0.9055594370547323,1
N=C1N=C(NCCO)c2ccc([O+])c(Nc3ccc(Cl)c(Cl)c3)c21,N=C1N=Cc2cccc(Nc3ccccc3)c21,1,0.9781199467065838,1
CCOCNC1=NN(C2=C(Cl)C2)Nc2ccccc21,C1=NN(C2=CC2)Nc2ccccc21,0,0.248647457903789,0
CCBN1Oc2nc(nc3ccccc23)NCC(Cl)=C1Cl,C1=CNOc2nc(nc3ccccc23)NC1,1,0.5553232946312159,1
OCCNc1nc(NC2=CC=[N+]CC2Cl)nc2ccccc12,C1=[N+]CCC(Nc2ncc3ccccc3n2)=C1,1,0.8873590837692955,1
CC(=CCNC1=NC2[B+]CC=CC2C=N1)CCl,[B+]1CC=CC2C=NC=NC12,0,0.1711069599992117,0
OCCNC(=NC(Cl)NCC1=CC(Cl)=C=[N+]C1)C1=C=CC=C1,C1=CC=C(CNCN=CC2=C=CC=C2)C[N+]=1,0,0.5,1
ClC1=CC2C=CC12,C1=CC2C=CC12,1,0.9150529711779374,1
CC1CCSCC(Cl)c2nc(nc3ccccc23)NCC=C1Cl,C1=CCNc2nc(c3ccccc3n2)CCSCCC1,1,0.8864139905721079,1
NC1C=CC=C(CCCCCCNCC=NCO)C(C=C(Cl)CCl)C=NC=CC=CCOC1,C1=CCC=NC=CC=CCOCCC=C1,0,0.15384830218410855,0
C=[S+]1=C=CC=CNC=NC23C=CC12CCOCCN3,C=[S+]1=C=CC=CNC=NC23C=CC12CCOCCN3,0,0.2651946368764727,0
OCCNC1=NC(Nc2ccc(Cl)c(Cl)c2)=NC2=CC=C=NC21,C1=CC=C2N=C(Nc3ccccc3)N=CC2N=1,1,0.9209522466248249,1
COCNC1=CC=CC=CN=C1N1C=C=C(Cl)C(Cl)=C1,C1=CC=CN(C2=NC=CC=CC=C2)C=1,0,0.08334690357642632,0
CC(=CC1=NC2=C=CC=CC2=N1)CCl,C1=CC=CC2=NC=NC=12,1,0.13905212746011694,0
OCCNN1CN(C2C=C(Cl)C(Cl)=C2)Nc2ccccc21,C1=CC(N2CNc3ccccc3N2)C=C1,1,0.8727930203438306,1
OCCNC1C2=CCC=NC(=CC=C3CC31)C2CCl,C1=NC2=CC=C3CC3CC(=CC1)C2,0,0.1458696847467119,0
OCCNC1=NC(=Nc2ccccc2)NC2=C(Cl)C(Cl)=CC12,C1=CC2C=NC(=Nc3ccccc3)NC2=C1,1,0.8618517121011406,1
ClC1=C2NCC=CCCOC(NI)=NCC12Cl,C1=CCNC2=CC2CN=COCC1,0,0.3442655887681654,0
CNC=NCC1C2=CC=C(Cl)C(Cl)=CCCOCCNC1=NN(C=C=N)CCC2,C1=CC=C2CCCNN=C(C2)NCCOCCC=C1,0,0.18095959252498586,0
C=C=C1CCONCNC=CC=C(C)CCCC=C(C=C)C(Cl)=C1Cl,C=C1C=CC=CCCCC=CC=CNCNOCC1,1,0.6278019307624513,1
CC1=CCN2C=C1C(C)C(Cl)OC2,C1=CC2=CN(C1)COCC2,0,0.09728421194086681,0
NC([S+]N1C=C=[C-]CC1Cl)C1=CC2=CC=C1C2NCCO,C1=[C-]CCN([S+]CC2=CC3=CC=C2C3)C=1,1,0.44968773764604436,0
OCCNC1=NC(c2ccc(Cl)c(Cl)c2)[S+]C1,C1=NC(c2ccccc2)[S+]C1,1,0.8238613862792152,1
CC=CC=C1[B-]C(NCCO)=NC(NCC=[PH](Cl)CCl)=N1,C=C1[B-]C=NC=N1,0,0.36002116739374557,0
ClC=C=C1C(Cl)c2ccc(cc2)OCCC2=NCN1N2,C=C1Cc2ccc(cc2)OCCC2=NCN1N2,0,0.25781354022331787,0
C=C(Cl)C(Cl)=CC=NC1=NCCC#[P+]ON1,C1#[P+]ONC=NCC1,0,0.10081017188575271,0
ClC1=CC2(Cl)Cc3ccccc3C(=N2)NCCOCC1,C1=CC2Cc3ccccc3C(=N2)NCCOCC1,0,0.3698490147522734,0
C=C1CC=CC(NCCO)=NC(Nc2c#[b-]c(Cl)cc2)=N1,C=C1CC=CC=NC(Nc2c#[b-]ccc2)=N1,1,0.606692459259896,1
CC12Nc3ccccc3C(CCO)=NC[SH]1NC=CC=C2Cl,C1=CN[SH]2CN=Cc3ccccc3NC2C=C1,0,0.5747019988511435,1
ClCC1OCC2=CNCC=C1N2,C1=C2COCC(=CNC1)N2,0,0.2388015118246026,0
O[C-]CNc1nc(NN2C=C=[O+]B(Cl)C2)nc2ccccc12,B1CN(Nc2ncc3ccccc3n2)C=C=[O+]1,1,0.9577462099402129,1
ClC=C1C=CCNc2ccccc2N1,C=C1C=CCNc2ccccc2N1,1,0.7757747028067685,1
C=CC=C1CN=CN(C=CC=C=[C-]CCl)NOCCN[N-]1,C=C1CN=CNNOCCN[N-]1,0,0.2664809087464751,0
C=NC=CCC=C1CN=CC2(C=CC=CC#CN2N)C=C2C=CCOCC2CC=C=[SH]1,C=C1CN=CC2(C=CC=CC#CN2)C=C2C=CCOCC2CC=C=[SH]1,0,0.2800284051339891,0
CC1NC=NCN[P+]C=C(Cl)C(Cl)=CC#S1,C1#SCNC=NCN[P+]C=CC=C1,0,0.2971861064066835,0
CC1=CC(Cl)=[O+][P-](N)=NC2CC=CC(=NC1)NCC2O,C1=CCN=C2C=CCC(CCN2)N=[PH-][O+]=C1,0,0.3011908663961583,0
OCCNc1nc(NCC2=C(Cl)C(Cl)=NCC2)nc2ccccc12,C1=NCCC(CNc2ncc3ccccc3n2)=C1,1,0.9899017559478054,1
CC=CC=C1CC(N=CC=C(Cl)C(Cl)=CN)N=CN1CCO,C=C1CCN=CN1,0,0.05406328252802258,0
N#[P-]=C=NC=C1C=CC#[P+]C1C#[S+]CON1C=CC=CC1Cl,C=C1C=CC#[P+]C1C#[S+]CON1C=CC=CC1,1,0.5115643395558247,1
ClC=CC=CC1=C=CCCC=CC=CC#CONC=Nc2ccccc2CCCONC=CC=CN1,C1=CCCC=CC=CC#CONC=Nc2ccccc2CCCONC=CC=CNC=1,0,0.6045051510732093,1
Clc1cccc([B-]=NC2=NCC=CC#CNCCON2)c1Cl,[B-](=NC1=NCC=CC#CNCCON1)c1ccccc1,1,0.42359174043129644,0
Clc1ccc(NC2=Nc3ccccc3OCCNB=N2)cc1Cl,B1=NC(Nc2ccccc2)=Nc2ccccc2OCCN1,1,0.8003798972713734,1
N=C1C=CC2NCCONBCOCC=C(Cl)C(Cl)=C[N+]N=C2C1,N=C1C=CC2NCCONBCOCC=CC=C[N+]N=C2C1,1,0.5066193308786977,1
C#CC=CC=CC=C1CC=CCN=C1C(=NCC=CC=CCl)NCCO,C=C1C=NCC=CC1,0,0.17489958532364827,0
NOCCc1nc(-c2ccc(Cl)c(Cl)c2)nc2c1=CC=2,C1=c2cnc(-c3ccccc3)nc2=C1,1,0.7979949184597804,1
OCCN1CC2=NC=CC(=CCl)C1=CC2,C=C1C=CN=C2CC=C1NC2,0,0.11135420950017028,0
CC1=C(Cl)C[C+]CC12C=CNCc1ccccc1N=CN2,[C+]1CC=CC2(C=CNCc3ccccc3N=CN2)C1,0,0.26872816939516453,0
CC1CC=C2NCCONC(Nc3ccc(Cl)c(Cl)c3)=NC1=[P-]2,C1=C2NCCONC(Nc3ccccc3)=NC(=[P-]2)CC1,0,0.6255229277598416,1
CCC1C=CC=CC(N)=NN(C2=CC=C(Cl)C([P-])=CO2)C=N1,C1=CC=NN(C2=CC=CC=CO2)C=NCC=C1,1,0.24621074734232373,0
CC1=CC(Cl)C2=CC=COCCNC(=NCN1)C2,C1=COCCNC2=NCNC=CCC(=C1)C2,0,0.13305762784386127,0
[N-]=CNC1=NC2=CC=CCOC2C(Cl)=N1,C1=CCOC2C=NC=NC2=C1,0,0.2024977543498704,0
C=COC(=CCl)NC1N=C(NCC)CC(=CC=CCN)[N-]1,C=C1CC=NC[N-]1,0,0.21880895934381145,0
OCCNc1nc(N[S-]2=CC=C(Cl)C(Cl)=C2)nc2ccccc12,C1=CC=[S-](Nc2ncc3ccccc3n2)C=C1,1,0.9839711870285339,1
NCC1=C2C=CCC(=CC=C(Cl)C=COCCN2)NCNCCCCNC=C=NC1,C1=CNCCCCNCNC2=CC=CC=COCCNC(=CCN=1)C=CC2,0,0.17343648351168978,0
CC1C(c2ccc(Cl)c(Cl)c2)=Nc2ccc1cc2,c1ccc(C2=Nc3ccc(cc3)C2)cc1,1,0.9012160988504085,1
NC=CC1=CCCCCn2ccn2NC1c1ccc(Cl)c(Cl)c1,C1=CC(c2ccccc2)Nn2ccn2CCCC1,0,0.9338552298323773,1
CC1(NCCON2N=C2Nc2ccc(Cl)c(Cl)c2)C=CC1,C1=CC(NCCON2N=C2Nc2ccccc2)C1,1,0.656650130330879,1
COCN1C(Cl)=NC2C#CC=CCC(C)C(Cl)=CC=CC1C2,C1#CC2CC(C=CC=CCCC=C1)NC=N2,1,0.08008088473932057,0
OCCNCC(Cl)NC=C1C=COC(Cl)=C1,C=C1C=COC=C1,1,0.7213515913366684,1
CC=CCC(=C1N=CNCCONC(Nc2cccc(Cl)c2)=N1)C(Cl)C=CCOCCCC,C=C1N=CNCCONC(Nc2ccccc2)=N1,0,0.8248247936715272,1
CNC1=C=CC=C2C(NCC=CCCCNC=CCl)CC(N)C12,C1=CC=C2CCCC2C=1,0,0.30971949883329586,0
OCN1NC(NC=CC=CCl)=NC2C=CC=CC21,C1=CC2N=CNNC2C=C1,0,0.12202892997504577,0
CNCC=CC=CC=C1CCCCO1,C=C1CCCCO1,0,0.11109142338066465,0
[N+]=C=C(C=CCl)c1[s+]cccc1N,c1cc[s+]cc1,0,0.8662666380384887,1
CC(CNc1nc(NCCO)c2ccccc2n1)NCC12C=CN1C(Cl)=CC2,C1=CN2C=CC2(CNCCNc2ncc3ccccc3n2)C1,1,0.9724880256443816,1
[O-]C1CN(Nc2ccc(Cl)c(Cl)c2)N=C1NCCO,C1=NN(Nc2ccccc2)CC1,1,0.8291045594675435,1
C1#COC2=NC(=NCC2)NC=CC=CNCCC=NC=C1,C1#COC2=NC(=NCC2)NC=CC=CNCCC=NC=C1,0,0.17673651058185486,0
C=C(Br)C=CC=C(N)PN=C1C=CC=CC=COCC1,N=C1C=CC=CC=COCC1,1,0.22038291186354614,0
COCCC1=NC2=CC=C(Cl)C(Cl)=CC2=CC=CC1,C1=CC=C2N=CCC=CC=C2C=C1,0,0.05939019769082569,0
CC(Cl)=CC=C(C)CN=C1C=CC=COc2ccc3c(n2)=CN1CC=3,N=C1C=CC=COc2ccc3c(n2)=CN1CC=3,0,0.1625295574282867,0
CC(Cl)=CC1=C(Cl)CC2=C=CC=CC=C(C=N2)[P-]CCON1,C1=CC=CC=C2C=NC=1CC=CNOCC[P-]2,0,0.27383667824172947,0
ClC1=C(CC2=NC=CC=C=COCC=NCCC2)C=CC1,C1=CC=CN=C(CC2=CCC=C2)CCCN=CCOC=1,1,0.2916075214848094,0
Clc1ccc(C2=NCC3=CC=CCOCCNC3=N2)cc1Cl,C1=CCOCCNC2=NC(c3ccccc3)=NCC2=C1,1,0.5674208116404627,1
OCCNC1=NC(=CC=NCC=CCC=CC2=CC#CCC2)C=C=C=CN=CC1,C1=C=CC(=CC=NCC=CCC=CC2=CC#CCC2)N=CCC=NC=1,0,0.36232711377237187,0
COCCNC(=O)c1ccc(OC2CCN(Cc3ccc(F)c(F)c3)CC2)c(Cl)c1,c1ccc(CN2CCC(Oc3ccccc3)CC2)cc1,1,0.5071557626402646,1
CC=[P-]#CC=C1CN=C(NC2=C[C+]=CC2Cl)N=C1NCCO,C=C1C=NC(NC2=C[C+]=CC2)=NC1,0,0.18588451033088138,0
OOCCC=NC=CNCCCNC1C=CC=C=CN=C1c1ccc(Cl)c(Cl)c1,C1=CC=CCC(c2ccccc2)=NC=1,1,0.9392929162211323,1
OCCNC1=C2CN=C(Nc3ccc(Cl)c(Cl)c3)N=C2CC[S+]1,C1=C2CN=C(Nc3ccccc3)N=C2CC[S+]1,1,0.8534406431241099,1
ClC1=CC2(C=C=[N+]C=CC=CC2)C(Cl)[P-]C1,C1=CC2(C=CC[P-]C2)CC=CC=C[N+]=1,1,0.6473250315505278,1
Clc1c[nH]c(=NC2C=CC=C2)cc1Cl,C1=CC(N=c2cccc[nH]2)C=C1,1,0.37605427599999786,0
C=[PH]=C=CC=CNC1=NC2C=CC=C(COC)C2=N1,C1=CC2=NC=NC2C=C1,1,0.20264463455830678,0
Cl[S+]C1CC=CCN1C1=NOCCN1,C1=CCN(C2=NOCCN2)CC1,0,0.03142051690325589,0
ClC1=CCNc2nc(c3ccccc3n2)NCOC1Cl,C1=CCOCNc2nc(nc3ccccc23)NC1,1,0.9143237258841966,1
N[P-]=C1CN(C2=NC34C=C(CO[P+]23)NCC4)CC=C1Cl,[P-]=C1C=CCN(C2=NC34C=C(CO[P+]23)NCC4)C1,0,0.13724089830897473,0
ClC(N=CCCONc1cccc(Cl)c1)=Nc1ccccc1,C(CCONc1ccccc1)=NC=Nc1ccccc1,1,0.9905043818090294,1
Clc1ccc(NC2=NC3=CC(C=C3)NCCON2)cc1Cl,C1=CC2C=C1N=C(Nc1ccccc1)NOCCN2,1,0.7842238674034161,1
C[C@H]1c2ccoc2C[C@@H]2[C@@H]1CC[C@@]1(O)[C@@](C)(C(=O)O)CCC[C@]21C,c1cc2c(o1)C[C@H]1C3CCCCC3CC[C@@H]1C2,0,0.4461522903934116,0
OCCNc1nc(P=Nc2ccc(Cl)c(Cl)c2)nc2ccccc12,c1ccc(N=Pc2ncc3ccccc3n2)cc1,1,0.9967376511568247,1
CN1C2=C=CN(C=C2Cl)C2(CC=CN2)C1NCCO,C1=CN2C=CC=1NCC21CC=CN1,0,0.10395868480836333,0
NCC=NC(N)NC1=C(Nc2ccc(Cl)c(Cl)c2O)[P+]=CC=C1,C1=CC=C(Nc2ccccc2)[P+]=C1,1,0.6551984475832946,1
NN1C=CC=C(N=CNc2ccc(Cl)c(Cl)c2)[S-]1#CO,C1=CN[SH-]C(N=CNc2ccccc2)=C1,1,0.9530234109829646,1
OCCNC1=NN(CCN=C=CNCCCC=CN=CNC(C=CCl)=CCCl)CC2CC=C=CC12,C1=CCC2CNN=CC2C=1,0,0.453685575860131,0
NC1=C2C=CC(NCCO)=NC(=N1)CC=C(Cl)C2,C1=CC2=CN=C(CC=CC2)N=C1,1,0.10981158496913242,0
ClC1=CC=CN(C2=C=CC=CC=CC=N2)C1Cl,C1=CC=CC=CC=NC=1N1C=CC=CC1,0,0.17036756250333263,0
CCCNC(=NN1CC=C(Cl)C(Cl)C1C)C1C=CC=CCOCCC=NC=CN1,C1=CCOCCC=NC=CNC(C=NN2CC=CCC2)C=C1,0,0.25799048744800424,0
C#CC=CC1=CCC(O)=CCNC2=Nc3ccccc3C1O2,C1=CCNC2=Nc3ccccc3C(C=CC1)O2,0,0.48759168233285616,0
CC=CC(Cl)N=C1CCC=CC=NCCOC(C)C(Cl)=CCN1,N=C1CCC=CC=NCCOCC=CCN1,1,0.15699999964400738,0
ClC#CC=CC=C[P-]1=CC(N2CN=C3C=CCC=C(N2)OCCN3)C=C1Cl,C1=CC2=NCN(C3C=C[PH-]=C3)NC(=CC1)OCCN2,0,0.768755346735156,1
CCC=CC=C1CN=CN(c2ccc(Cl)c(Cl)c2)OCCN1,C=C1CN=CN(c2ccccc2)OCCN1,0,0.5455181620174192,1
[P-]OCCNC=C1NC2=CC=CNSCC=CC=C1C2Cl,C=C1NC2=CC=CNSCC=CC=C1C2,0,0.1886780607635217,0
C=C1NC2=NC(=CC=CCNC)CC(=N2)CC=CCC1F,C=C1CC2=NC(=N1)NC(=C)CCC=CC2,0,0.07995064829676447,0
OCNC1=NC(Nc2ccc(Cl)c(Cl)c2)=NC2C=CC=C[P-]12,C1=CC2N=C(Nc3ccccc3)N=C[P-]2C=C1,1,0.9725350164521256,1
CC1=CC=CC(CO)=NC[P+]=NC1,C1=CC=NC[P+]=NCC=C1,0,0.07145568113377047,0
ClC12C=CC=COCNC(=N1)C1C=CC=CC1N2,C1=COCNC2=NC(C=C1)NC1C=CC=CC21,0,0.13205974699470782,0
COC[C-]C1=NC(Cl)(Nc2ccc(Cl)cc2)C2=CC=[B-]=CC21,[B-]1=CC=C2C(C=1)C=NC2Nc1ccccc1,1,0.702770949412811,1
C=NC(=CNC1(NCCO)C=CC=CC#CN1)CCCl,C1#CNCC=CC=C1,0,0.41171165193780446,0
OCCNC1C=Cc2cnc(N=[B-]3C=C(Cl)C(Cl)=CC3)nc21,C1=CC[B-](=Nc2ncc3c(n2)CC=C3)C=C1,0,0.4709726609188856,0
C=CC1=CN(c2ccc(Cl)c(Cl)c2)N=C(NCCO)C1=C=CN,C=C1C=CN(c2ccccc2)N=C1,1,0.8127927651508273,1
CC=CCN1OCCCC(N)CN=C1c1ccc(Cl)c(Cl)c1,c1ccc(C2=NCCCCCON2)cc1,1,0.6703204919425553,1
OCCNc1nc([P-]c2ccc(Cl)c(Cl)c2)nc2cccc[p+]12,c1ccc([P-]c2nc[p+]3ccccc3n2)cc1,1,0.9756046747710971,1
N#CN=C1C=CCNCCCCNCC1N,N=C1C=CCNCCCCNCC1,1,0.3181623747976595,0
CCC=C(O)C(Cl)=Cc1nnc2ccccc2n1,c1ccc2nncnc2c1,0,0.7887764648394213,1
NC=CCCC(N)=C1C=CC(CCOCCCOCCl)CCNCC=CC1N,C=C1C=CCCCNCC=CC1,1,0.1515076033869399,0
CC[C@@H](CC[C@@H](C)[C@H]1CC[C@H]2[C@@H]3C(=O)C=C4C[C@@H](O)CC[C@]4(C)[C@H]3CC[C@]12C)C(C)C,O=C1C=C2CCCCC2[C@H]2CCC3CCC[C@H]3[C@H]12,1,0.8279718487091943,1
ClC1C=C2C=C1Nc1nc(c3ccccc3n1)NC2,C1=C2C=C(C1)Nc1nc(c3ccccc3n1)NC2,0,0.9245137432962841,1
Cc1c#cc(=[N-])[p-]c1,[N-]=c1c#ccc[p-]1,1,0.9512774643988573,1
OCC1C2=[PH]=C=CC=CCN1NC2NCCCC1=C=C(Cl)COC1,C1=CC=CCN2CC(=[PH]=1)C(NCCCC1=C=CCOC1)N2,0,0.27218966261053756,0
CC=CCN1OCC[N+]COC(C=C(Cl)CCl)=C1C=[N-],C1=COC[N+]CCON1,0,0.3730029821681558,0
[C-]=CC=CC=C1CC(NCC)=NC(ONc2ccc(Cl)c(Cl)c2)=N1,C=C1CC=NC(ONc2ccccc2)=N1,1,0.8811903639700805,1
CC1CC2=C1[B-]N=[S-](Nc1ccc(Cl)c(Cl)c1)=NOCCN2,[B-]1N=[S-](Nc2ccccc2)=NOCCNC2=C1CC2,1,0.6438199365242107,1
CCNC1=NC(Nc2ccc(Cl)c(Cl)c2)c2cccc1c2,C1=NC(Nc2ccccc2)c2cccc1c2,1,0.933377588520096,1
ClC=CCOCCNC1=C(C2C=C2Cl)[O+]NC2=[N+]C=C=[C-]C21,C1=[C-]C2C=C(C3C=C3)[O+]NC2=[N+]C=1,1,0.5827651004561503,1
CNC1=NC(NCC2=CC=[S+](Cl)=CC2)=NC(Cl)C1,C1=NC(NCC2=CC=[SH+]=CC2)=NCC1,0,0.10384014684920277,0
CCCC=C1CN=CNC2=CC12,C=C1CN=CNC2=CC12,0,0.08688975361201538,0
BC(C=CCNC1=NC2C=CCOCCNC(=N1)C2)=CC=C,C1=CC2CC(=NC=N2)NCCOC1,0,0.18786192941890853,0
OCCNC1=NC(=CCN=CNc2ccc(Cl)c(Cl)c2)C=C1,C1=CC(=CCN=CNc2ccccc2)N=C1,1,0.940032885143587,1
OCCC1=NC(Cl)(Nc2ccc(Cl)cc2)c2ccccc21,C1=NC(Nc2ccccc2)c2ccccc21,0,0.9813114271236737,1
C=CC=CN=CC1=CC=CCOCCCCCC=C(Cl)C2C=CC(C)C3=NCC(N)C(NCO2)N13,C1=CCOCCCCCC=CC2C=CCC3=NCCC(NCO2)N3C=C1,0,0.5065591826293795,1
FC#CC1=CC=CNCC(c2ccc(Cl)c(Cl)c2)N=CCCC=C1,C1=CC=CNCC(c2ccccc2)N=CCCC=C1,1,0.7496565403312858,1
OCCNC1=C2NCCC3CC(=NCNc4cc(Cl)c(Cl)c(c4)N3)C(C=C1)CO2,C1=CC2COC(=C1)NCCC1CC2=NCNc2cccc(c2)N1,1,0.6589508349493614,1
C=C1C=CC=COC(N[C+]CC)=NC(Nc2ccc(Cl)c(Cl)c2)=N1,C=C1C=CC=COC=NC(Nc2ccccc2)=N1,0,0.8498899885979665,1
CCC=C=C1CN=C(NCC=C(Cl)[B+][B-]CCl)BNOCCN1,C=C1CN=CBNOCCN1,0,0.13827594927067052,0
[SH]#CCNOc1nc(Nc2ccc(Cl)c(Cl)c2)nc2c1=[N+]=C=CC=2,C1=CC=c2nc(Nc3ccccc3)ncc2=[N+]=1,1,0.9003146246430571,1
OCCNC1=C2CC(S)N3CC=C(CC3Cl)N=[P-]C2=C1,C1=C2CCN(C1)CCC1=CC=C1[P-]=N2,0,0.0851570034226675,0
C=BN=C1C(=CC=C=C)CN=CN1C(C=CCCl)CCOCC,C=C1CN=CNC1=N,0,0.15897571458670684,0
CCOCNC1C2=CC(=C2)N=C1N1CC=C(N)CC1Cl,C1=CCN(C2=NC3=CC(=C3)C2)CC1,0,0.02913410716095271,0
N#CCCC1C(Cl)C1C=CCl,C1CC1,1,0.8574000109080018,1
CC1=CC=C2N=NCCOCC=CC=CN=C(C=CCCNC=C=NN1)C2Cl,C1=CNCCC=CC2=NC=CC=CCOCCN=NC(=CC=CNN=1)C2,1,0.21214969999706493,0
[B-]=NC1=C[SH]=C=CC1=CC(=NC(C=C(N)CCl)=CC)NCCO,C=C1C=C=[SH]C=C1,1,0.43517009189752054,0
COCNCCCN=CC=Nc1ccccc1N=CSN1CC=CCC1Cl,C1=CCN(SC=Nc2ccccc2)CC1,1,0.675077422909776,1
Clc1ccc(NC2CC3=CC=CCOCCNC3[N-]N2)cc1Cl,C1=CCOCCNC2[N-]NC(Nc3ccccc3)CC2=C1,1,0.8715808430613239,1
C=C=CC=CCCCCc1nc(NC2=[S+]=C=C(Cl)C(Cl)=C2)nc2ccccc12,C1=CC=CC(Nc2ncc3ccccc3n2)=[S+]=1,1,0.9559097429074331,1
CCCC=C(Cl)C(Cl)C1=CNC(N=CN)CCC=NCCC=CC#C1,C1#CC=CNCCCC=NCCC=C1,0,0.1277341556977658,0
CC=CC=CC1CCCCO1,C1CCOCC1,0,0.31738158266597755,0
C[S-]=NC1=[C+]C2=NC3=C(C=C3C=C1)CC(Cl)=CC=CN2,[C+]1=CC=CC2=CC3=C2N=C1NC=CC=CC3,0,0.24536952276352333,0
NC1=C=CC(Cl)=Nc2ccccc2OCC1,C1=CC=Nc2ccccc2OCCC=1,0,0.21849448115976153,0
CC1=NC#CCC(NCC=CCCl)=NC=CC=C1,C1#CN=CC=CC=CN=CC1,0,0.12465770273401801,0
ONC1=NC(NC=C2C=C=C(Cl)C=C2)=NC(=[C-]Cl)C1,[C-]=C1CC=NC(NC=C2C=C=CC=C2)=N1,0,0.27770497138897166,0
CC1(C(=NC(Cl)Nc2ccc(Cl)cc2)NCCO)C=CC1,C1=CC(C=NCNc2ccccc2)C1,1,0.3963101302533989,0
ClC1=CNC2=c3ccccc3=NC2NC=CC=C1,C1=CC=CNC2N=c3ccccc3=C2NC=C1,0,0.5602222622980613,1
[N+]C=C1CC2(CC2)NC=Nc2ccccc2C(NCCO)=N1,C=C1CC2(CC2)NC=Nc2ccccc2C=N1,1,0.8096620057939035,1
C=C1C=C(Cl)C(Cl)=CC(=Nc2ccccc2)NCNC=CC=C=CCC1,C=C1C=CC=CC(=Nc2ccccc2)NCNC=CC=C=CCC1,1,0.8092333569646674,1
OCCC12[B-]C(N=CNC1CCl)N2,[B-]1C2CNC=NC1N2,1,0.13656017897321499,0
CCCOC=CC=CC1=CN=C(N=CNCCO)CNC=C=N1,C1=CNCC=NC=CN=1,1,0.07889743810818636,0
CNC1=C=C=CCCC(N=CNCCO)NC=C(Cl)C(Cl)OC1,C1=C=CCOCC=CNCCCC=1,1,0.15187298721290002,0
NC1C=CC2CC1=NCC(O)=NC2CC1=C(Cl)C=[N+]CC1,C1=CC2CC(=NCC=NC2CC2=CC=[N+]CC2)C1,0,0.09808081441997422,0
CC1=CC(=CNc2nc[nH]c2CO)C(Cl)[O+]1Cl,C1=CC(=CNc2c[nH]cn2)C[OH+]1,0,0.3399919225432624,0
C=C(Cl)C(Cl)=CC=CNN1NOCCNCC2=[P-]C=CC=C21,C1=C[P-]=C2CNCCONNC2=C1,0,0.12554527478051056,0
C=C1[N-]CC#CN=C(N=[P+]C=CC=C(Cl)CCCl)N=C1CCO,C=C1C=NC=NC#CC[N-]1,1,0.24830394220464327,0
OC[S+]NC12C=CC=CC=C1C(Nc1ccc(Cl)c(Cl)c1)N2,C1=CC=C2C(C=C1)NC2Nc1ccccc1,1,0.8974424001140134,1
CCC1=CCNC(NC)N=C(O)c2cccc1c2,C1=Cc2cccc(c2)C=NCNC1,1,0.532036827863575,1
CCNC1C=CC=C[P-]=C=CN=C1ONCC=C(Cl)CBr,C1=CN=CCC=CC=C[P-]=1,0,0.5205440533238755,1
OCCNc1nc(C2=C(Cl)CC=CCC=NC=CC=CC#CN2)nc2ccccc12,C1#CNC(c2ncc3ccccc3n2)=CCC=CCC=NC=CC=C1,1,0.939130316645493,1
B1=CCNCOC[O+]1,B1=CCNCOC[O+]1,0,0.20395977513559613,0
Clc1ccc(NOCCC2=NC=NC=CC=C=C2)cc1Cl,C1=CC=CN=CN=C(CCONc2ccccc2)C=1,0,0.9339843863764443,1
OCCNC=NC(=NC1=CC=CC1)NCCCCSC1=CC(Cl)C(Cl)=CC1,C1=CCC(N=CNCCCCSC2=CCC=CC2)=C1,0,0.3063815713377197,0
ClC1=CC(Cl)=C2NCNC12,C1=CC2NCNC2=C1,0,0.36430101987120905,0
C=C1C=NNC1=NCSN1CC=CCC1Cl,C=C1C=NNC1=NCSN1CC=CCC1,0,0.043759695861324006,0
OCCN1C=NSNc2cc(Cl)c(Cl)cc2Nc2ccccc2P1,C1=NSNc2ccccc2Nc2ccccc2PN1,1,0.9587183275923525,1
Clc1ccc(N[P+]C(Cl)N=CC2C=CC=CCOCC2)cc1,C1=CCOCCC(C=NC[P+]Nc2ccccc2)C=C1,0,0.39147143141902374,0
ClCCC(Cl)=CC=CNC1N=NCCO1,C1COCN=N1,0,0.0789583525960644,0
CC=CC1CC[P+]=NCCOC(NCC=C(Cl)CCCl)=N1,C1=NCCC[P+]=NCCO1,0,0.17244764804811483,0
C=C(Cl)C1=C=CC(=C)N(C=NCC(C)C)N=C(NCCO)C1,C=C1C=C=CCC=NN1,1,0.2101990999286274,0
ClCC=CCC1N=CCONc2ccccc21,C1=NCc2ccccc2NOC1,1,0.1498305435083101,0
Cc1cc(Nc2ccc3ccccc3c2)n2ncnc2n1,c1ccc2cc(Nc3ccnc4ncnn34)ccc2c1,1,0.9570745910038445,1
CCC1C=CC2CN(CN(C3=C(Cl)C(Cl)=C3)N2)NCCO1,C1=CC(N2CN3CC(C=CCOCCN3)N2)=C1,0,0.2618962447237656,0
NC(=Nc1ccccc1CNCCO)[P+]Nc1ccc(Cl)c(Cl)c1,C(=Nc1ccccc1)[P+]Nc1ccccc1,1,0.7960348220484756,1
C=CCc1c(NC2=NCCNCCON2)ccc(Cl)c1Cl,c1ccc(NC2=NCCNCCON2)cc1,0,0.6422784401743223,1
CCOC=CC=CCOCCC1=NCN(N)CCNC1,C1=NCNCCNC1,0,0.1402989100177391,0
Cc1cccccnc(CC=CC#CCl)[nH]cccc1Cl,c1ccccc[nH]cncccc1,1,0.8715749249601291,1
CC=C1C(NCCO)=NC2=NC1COC(Cl)=CC=C=CCCNCCC(C)=CCN2,C=C1C=NC2=NC1COC=CC=C=CCCNCCC=CCN2,0,0.486361899477921,0
CCNC1=NCN(Oc2ccc(Cl)c(Cl)c2)NC([O-])C1,C1=NCN(Oc2ccccc2)NCC1,0,0.6572376320380605,1
ClC1=CCOCNC2=NC(N=C3C=CCN=C3)CCC(C=CN=CNC2)C=C1Cl,C1=CCOCNC2=NC(N=C3C=CCN=C3)CCC(C=C1)C=CN=CNC2,1,0.3065081637875359,0
CN1CC=C(Cl)C(Cl)C2=NC3C(=CC(O)=N2)C31,C1=CCC2=NC3C(=CC=N2)C3NC1,0,0.07661203290031103,0
OCCNC1=NC(Nc2cccc(Cl)c2)=C=Nc2ccccc21,C1=Nc2ccccc2C=NC=1Nc1ccccc1,1,0.9679749477736403,1
ClC1=NNCC=CCC2C=C[P+]CN12,C1=CCC2C=C[P+]CN2C=NNC1,0,0.15410765304190768,0
OC1=N[P+](Nc2ccc(Cl)c(Cl)c2)=C=CC=CC=C1,C1=CC=CC=CC=N[P+]=1Nc1ccccc1,1,0.8808965962051368,1
NCCC1CNC=NC(=Nc2ccccc2)C=C=N1,C1=CC(=Nc2ccccc2)N=CNCCN=1,1,0.20137397968691953,0
C[P-]1CC=C(Cl)C(Cl)=C1CNC=Nc1ccccc1CNCO,C1=CC[PH-]C(CNC=Nc2ccccc2)=C1,1,0.5417341639902755,1
[B+]=CC=C1CN=C(NC(=C=C(Cl)CCl)OC)[C-]N=C1NCC,C=C1C=N[C-]C=NC1,0,0.3228104943410005,0
C=NC1=CN(C2=NC=CC=C3C=C3OCN2)CC=C1Cl,C1=CCN(C2=NC=CC=C3C=C3OCN2)C=C1,0,0.08628992461656469,0
CNC1OCc2ccccc2C1Cl,c1ccc2c(c1)CCOC2,0,0.3410019379802451,0
N=C1N=C(NCCONc2ccc(Cl)c(Cl)c2)c2ccccc21,N=C1N=C(NCCONc2ccccc2)c2ccccc21,1,0.988015322184551,1
ClC1=NC(NCC2=C(Cl)[O+]C=C=[C+]2)=NC2=CC=CC#P21,C1=[C+]C(CNC2=NC3=CC=CC#P3C=N2)=C[O+]C=1,0,0.35395839286998526,0
C=C(Cl)C(Cl)=CCN1CN=C2CCC=CC(N1)OCCN2,C1=CC2NNCN=C(CC1)NCCO2,0,0.04849189561526771,0
OCCNc1nc(NC=C2C=C(Cl)C(Cl)=[N+][N+]2)nc2ccccc12,C1=CC(=CNc2ncc3ccccc3n2)[N+][N+]=C1,1,0.9919435847412855,1
CC1=Cc2ccccc2C(=CC=CC#CCl)NC=CC=C1Cl,C=C1NC=CC=CC=Cc2ccccc21,1,0.942606240319309,1
C=C(Cl)[C-](Cl)CCc1nccccc#c[nH]1,c1ccccnc[nH]c#1,0,0.09672060758530354,0
C=C(Cl)C(Cl)=CC1=C2N=C(NCCO)C=C=CC3=C(CC=CC#C3)N=C12,C1=CC=NC2=CC2=NC2=C(C#CC=CC2)C=1,1,0.06273843656664989,0
OCC1=C=CC=C2CC(=NC(N3C=C=CC(Cl)=C3)=N2)N1,C1=CC=C2CC(=NC(N3C=C=CC=C3)=N2)NC=1,0,0.19216174687861284,0
NC1=CC=CC=C2N=CN(CCO)C1C=C(Cl)C(Cl)=CCN2,C1=CC=C2N=CNC(C=C1)C=CC=CCN2,1,0.5614427250737442,1
ClC1C=CCCNCOc2ccccc2NC=NC1,C1=CCCNCOc2ccccc2NC=NCC1,0,0.2763990521998808,0
Clc1ccc(N[N+]2=C[C+]=NC(Cl)CCNCCO2)cc1,[C+]1=NCCCNCCO[N+](Nc2ccccc2)=C1,1,0.28923015309191996,0
CC1=CC=CCC(C2NC=CC=C(N)C2(C)Cl)N1,C1=CCC(C2CC=CC=CN2)NC=C1,0,0.1345408437021173,0
CC(=CC=C(Cl)CCl)[O+]1NC2=NCCCCON1CC=CC2,C1=CCN2OCCCCN=C(C1)N[OH+]2,0,0.07545453586252972,0
OC=S1NC=NC(N2C=C(Cl)C(Cl)=CC2)c2ccccc21,C=S1NC=NC(N2C=CC=CC2)c2ccccc21,1,0.22199129558626027,0
C#CC=CC=CC=CN=C1CNCCC2=NC1NC=NC(=CNC)C(CNCC)=CCC=C2,C=C1C=CCC=CC2=NC(NC=N1)C(=N)CNCC2,1,0.23977837132898605,0
ClCC=CC1(Cl)NC=NCCCOCC2=CC1CC2,C1=NCCCOCC2=CC(CC2)CN1,0,0.0776925248761631,0
CC1=CC(NCCO)=NBN[O+]C[P+]=C(Cl)C(Cl)=CC1,B1N=CC=CCC=CC=[P+]C[O+]N1,0,0.19161468780376822,0
OCCNC1=NC2=CC=CC21,C1=CC2C=NC2=C1,0,0.1176143251316983,0
OCCNC1=[S-]=NCN(c2ccc(Cl)c(Cl)c2)C=C=CCC1,C1=CCCC=[S-]=NCN(c2ccccc2)C=1,1,0.9009074307839244,1
OCCc1ccc2c(c1)N=C(Nc1ccc(Cl)c(Cl)c1)N=C=[C+]NCO2,C1=[C+]NCOc2ccccc2N=C(Nc2ccccc2)N=1,0,0.8452143860492566,1
OCCNC1=[PH]=NC(NCC=C(Cl)CCl)=CC=CC=C1,C1=CC=CN=[PH]=CC=C1,0,0.2545769063609257,0
CCONCC1=NC(Nc2ccc(Cl)cc2)=NBC1Cl,B1CC=NC(Nc2ccccc2)=N1,1,0.8412827644891951,1
ClC=CC=C1C=C(Cl)C2=NC=CC=C(CC=N2)NCC=N1,C=C1C=CC2=NC=CC=C(CC=N2)NCC=N1,1,0.26996452157103235,0
OCCNc1nc(NC2=CC#[SH](Cl)C(Cl)=C2)nc2ccccc12,C1#SC=CC(Nc2ncc3ccccc3n2)=C1,1,0.9908741143578501,1
CC=CCOCC1CN=CN(C2=CC=C2)C1=N,N=C1CCN=CN1C1=CC=C1,0,0.11474377340559802,0
ClC1=CC=CC=C(Cl)NOCCCCC=CCCN=CN1,C1=CC=CNOCCCCC=CCCN=CNC=C1,1,0.623531499767686,1
OCCNC1=NCC(C=CCl)=CN=CCOOc2ccccc2N=C=CCN=CCCCCCOCNCC1,C1=CCN=CCCCCCOCNCCC=NCC=CN=CCOOc2ccccc2N=1,1,0.7146848903909012,1
ClC1=C(Cl)C(N2CN=C3CC=CC=C(COCN3)N2)[SH]=C1,C1=CCC2=NCN(C3C=CC=[SH]3)NC(=C1)COCN2,0,0.2340460718319425,0
CC=C[S+]=C=C1C#CNc2c(ccc(Cl)c2Cl)C=NC1,C=C1C#CNc2ccccc2C=NC1,0,0.6957179003409557,1
CCN=CC1=NC=CC=CC=CCOCNCN=C(NCCO)OCCC1,C1=CC=CN=CCCCOC=NCNCOCC=C1,0,0.08409204287853782,0
NC1C=CNC#CC=CC=CC1=CC=C1C(NCCO)=C1c1ccc(Cl)c(Cl)c1,C1#CNC=CCC(=CC=C2C=C2c2ccccc2)C=CC=C1,1,0.9198460802827346,1
C=C(Cl)C(Cl)=CC[C+]=NC1=NC2C(C)=CC=CC2(NC#[B-]C)ON1,C1=CC2N=CNOC2C=C1,0,0.3056974658517111,0
OCCNc1nc(NC2=C(Cl)C[N-]CC2Cl)nc2ccccc12,C1=C(Nc2ncc3ccccc3n2)CC[N-]C1,1,0.9395560827015024,1
C=C=C(Cl)CC1=NC=CC=CCC1CONCC,C1=CCCC=NC=C1,0,0.07138393303442418,0
C=C1CCN(CCO)N1N1CC=C(C)CC1Cl,C=C1CCNN1N1CC=CCC1,0,0.06163274851268029,0
OCCC1=CC=C(C=CCl)C2CC=CC=NNC=CCC(=NCN1)C2,C1=CCC2C=CC=CNCN=C(CC=CNN=C1)C2,1,0.5152463605364084,1
OCCNC(=NC(Cl)c1cccc(Cl)c1)C12C=CC1=C2,C1=CC2(C=NCc3ccccc3)C=C12,1,0.9140098165806082,1
N=C1CC2=C=CC(N)OCC(N1)C1(Nc3ccc(Cl)c(Cl)c3)CCC1C2,N=C1CC2=C=CCOCC(N1)C1(Nc3ccccc3)CCC1C2,1,0.8217504532344947,1
OCCNC1=NC([S-]c2ccc(Cl)c(Cl)c2)=NC(=CC=CCP)C1,C=C1CC=NC([S-]c2ccccc2)=N1,1,0.866015169201003,1
Clc1ccc(NC2=NC=C3C=CC=C3CNC=N2)cc1Cl,C1=CC2=CN=C(Nc3ccccc3)N=CNCC2=C1,1,0.8370130602282094,1
CC1(C)CCC[C@@]2(C)[C@@H]1CC[C@]1(CO1)[C@@H]2C/C=C(\C=O)CC=O,C1CC[C@H]2CC[C@]3(CO3)CC2C1,0,0.17345829501147508,0
CC1=CCOCCC#CNN=CC#CCC#CC(C=CCCCO)N=C(c2ccc(Cl)c(Cl)c2C)N1,C1#CCC#CCN=C(c2ccccc2)NC=CCOCCC#CNN=C1,1,0.6931853023167517,1
C=COCN1CC2=CCC(C)C(=CCl)C=C(CCCOCl)N(C1)N2,C=C1C=CN2CNCC(=CCC1)N2,0,0.33022641680162734,0
CC=C[N-]C=C1CN=C(ONc2ccc(Cl)c(Cl)c2)N=C1NCC,C=C1C=NC(ONc2ccccc2)=NC1,1,0.8434878672939204,1
CC1=CC=C(Cl)C(Cl)C2=NCC(=CC1)N2,C1=CCC=C2CN=C(CC=C1)N2,0,0.12085313813493363,0
NC(C=CCl)=CC=CNSCC1=CC2C=CC1=CC=CC#CCN(O)C2,C1#CCNCC2C=CC(=CC=C1)C=C2,1,0.668245017914853,1
Clc1ccc(NC2=NC3CC(=N2)NCCO3)cc1Cl,c1ccc(NC2=NC3CC(=N2)NCCO3)cc1,1,0.8205379617024398,1
CC1=CC=CC(N)C=CN=CCCO1,C1=CCC=CN=CCCOC=C1,0,0.08376994972495631,0
C=CCOCCNC1=NC(=CCl)CC2=NCCC=C21,C=C1CC2=NCCC=C2C=N1,0,0.0997179011902999,0
