smiles,scaffold,y_true,y_pred_prob,y_pred
C=c1nc2cnc1=C1C=C(C=C(C)C(C=CC=CN=CCl)=CC=NN1O)CN=C(C)CCN2,C=c1nc2cnc1=C1C=C(C=CC=CC=NN1)CN=CCCN2,0,1.0,1
COCCC1=NCC(Cl)=CC2=CC=BCBC=C1CN=CN2,B1=CC=C2C=CCN=CC(=CBC1)CN=CN2,0,2.051165938610211e-05,0
OCCNC1C=C(Cl)c2nc(nc3c2=C=CC=3)NCCCCNCCC=C1C=CCl,C1=CC=c2nc3nc(c2=1)C=CCC=CCCNCCCCN3,1,0.9999945163726807,1
NC1=CC(SN2B=CC(Cl)=CC2)=CC1,B1=CC=CCN1SC1=CCC=C1,1,7.092155751564633e-09,0
C#CC=CC=CC=NC=Cc1nc(N=BCO)ccc2ccc-2n1,c1cncnc2ccc-2c1,1,3.842278033516777e-07,0
NOCN[P-]1Cc2ccccc2N=CNc2cc(Cl)c(Cl)c1c2,C1=Nc2ccccc2C[PH-]c2cccc(c2)N1,0,1.0,1
OCCNc1nc(NC=C2C=C(Cl)C(Cl)=C[S+]2)nc2ccccc12,C1=C[S+]C(=CNc2ncc3ccccc3n2)C=C1,1,1.0,1
OCCN1N=C(Nc2ccc(Cl)c(Cl)c2)C=C=NC=CC=CC1c1ccccc1,C1=CC(Nc2ccccc2)=NNC(c2ccccc2)C=CC=CN=1,1,1.0,1
NOCCNC1=NC(c2ccc(Cl)cc2)=NCCC=CC1,C1=CCCN=C(c2ccccc2)N=CC1,1,0.9999765157699585,1
Clc1ccc(NC2=NC(N=[S+]COc3ccccc3)=N2)cc1Cl,c1ccc(NC2=NC(N=[S+]COc3ccccc3)=N2)cc1,1,1.0,1
Nc1ccc(NC2=NC3C=CCOCCN2CC3)cc1Cl,C1=CC2CCN(CCOC1)C(Nc1ccccc1)=N2,1,9.242141629783873e-08,0
ClCC=CC=CNC1C=CC2CC(C=N2)NCCO1,C1=CC2CC(C=N2)NCCOC1,1,2.9037277027299524e-09,0
C=C=[P-]C(=CC=C=O)N1CN=C(NCCO)CCC=C=CN1,C1=CCCC=NCNNC=1,0,3.246963364844646e-09,0
OCC1NC=NSNc2ccc(Cl)c(c2)[C+]1C=CC=P,C1=NSNc2cccc(c2)[CH+]CN1,1,1.0,1
C=C1C=C=CN=C(NC2=CC=C(Cl)[P-](Cl)C2)N=C(CCO)C1,C=C1C=C=CN=C(NC2=CC=C[PH-]C2)N=CC1,1,6.382379638125713e-07,0
CCNc1ccccccnc(ONc2ccc(Cl)c(Cl)c2)n1,c1cccnc(ONc2ccccc2)nccc1,1,1.0,1
ClC1=CNOCNc2nc(nc3c2=CC=3)C=CC1Cl,C1=CNOCNc2nc(nc3c2=CC=3)C=CC1,0,2.021331368950996e-07,0
CC1C=CCC2=NCC(=CC=C=C1Cl)C(NCCO)=N2,C1=CC=C2C=NC(=NC2)CC=CCC=1,0,8.350546920610213e-09,0
ClCC(Cl)=CC=C1C2=CC=CC=CN=CC1NOCCC2,C=C1C2=CC=CC=CN=CC1NOCCC2,0,3.6402572067828487e-09,0
C=C(Cl)C(O)=CC1=NC=C=CCNC=N1,C1=CCNC=NC=NC=1,0,8.544075669192353e-09,0
CCN=CCNC=C1N=CCCN1,C=C1N=CCCN1,0,6.363238824746986e-09,0
OCCNc1nc(NC2=C=[B-]=C(Cl)C(Cl)=C2)nc2ccccc12,[B-]1=C=C(Nc2ncc3ccccc3n2)C=CC=1,1,1.0,1
CC=CC=CC=C1CC(NCCO)=NCc2ccc1nc2,C=C1CC=NCc2ccc1nc2,0,4.342374015919859e-09,0
OCCNC12CC=CCC1(N=C(Cl)NBr)C2,C1=CCC2CC2C1,0,1.4323926045278768e-08,0
ClCC1=C2C(Cl)C=CN2OCC1,C1=CN2OCCC=C2C1,0,7.849809691151677e-08,0
C=C(Cl)C(Cl)=C1CCONC(NC=CC)=Nc2ccccc21,C=C1CCONC=Nc2ccccc21,0,0.9952499866485596,1
ClCNC1=NC=CC=CC[P+]CC(Cl)=N1,C1=CC[P+]CC=NC=NC=C1,0,9.574442856319365e-07,0
COCCC(C)C1C=CCC=CC(NCCO)=NCN1,C1=CCC=CCNCN=C1,0,2.912702967705627e-09,0
CC1=NCN(C2=CC(Cl)C(Cl)=C2)NC=CC=C1,C1=CC=NCN(C2=CCC=C2)NC=C1,0,3.548636595951393e-05,0
ClC(=NCCCOc1ccccc1)c1ccc(Cl)cc1,C(=NCCCOc1ccccc1)c1ccccc1,1,4.844945422632918e-08,0
OCCNC=NC(Nc1ccc(Cl)c(Cl)c1)OC=CC=CN=CNc1ccccc1,C(C=COCNc1ccccc1)=CN=CNc1ccccc1,1,1.0,1
CC=CC=CNCCCCOC=C=C1CCCCN=CC=NC(NCCO)CN1C=CC=C(Cl)CCCl,C=C1CCCCN=CC=NCCN1,0,1.6393512325407755e-08,0
C=C1CC(Cl)=C(Cl)C(C)CNC(C2=C=[S+]=CC=C2N)=N[O+]=N1,C=C1CC=CCCNC(C2=C=[S+]=CC=C2)=N[O+]=N1,0,3.319786685551662e-07,0
OC[P+]=CNc1c(N2C=C(Cl)C(Cl)=CC2)[nH]c2ccccc12,C1=CCN(c2cc3ccccc3[nH]2)C=C1,1,1.0,1
C=COCC1(C)C2=C(C=C2)NC=Nc2ccccc21,C1=CC2=C1Cc1ccccc1N=CN2,0,0.9997959733009338,1
OCCc1nc(C2=C=C(Cl)C(Cl)=C2)nc2ccccc12,C1=CC=CC=1c1ncc2ccccc2n1,1,1.0,1
CCN1C=NC2c3c(cccc31)N(C)CC=C(Cl)C2Cl,C1=CCC2N=CNc3cccc(c32)NC1,0,1.5106012440924133e-08,0
OCCNC1=NC(=CN=CCF)NCC(=CC[O+](Cl)Cl)C=C1,C=C1C=CC=NC(=C)NC1,0,0.046834178268909454,0
NOCNC1C2=CC=CCC23N=C1NC=CC=C(Cl)C3Cl,C1=CCC23CC=CC=C2CC(=N3)NC=C1,0,1.7384599004799384e-07,0
CC1=PNCC=CC=CC=C(CNC=CC#[P+]CCl)N1,C1=CC=CNC=PNCC=C1,1,1.2574281171850998e-08,0
BC1NNC(Cl)(C=C)C(Cl)=CC(=CC=C)N1,C=C1C=CCNNCN1,0,0.9999951124191284,1
C=Cc1c(C)nc2nc1NC(CO)=C(C)C=CC2,C1=CCc2nccc(n2)NC=C1,0,3.203046361477391e-08,0
Clc1ccc(C2=NC3C=CC=C(CC3)CON2)cc1Cl,C1=CC2CCC(=C1)CONC(c1ccccc1)=N2,0,0.14162468910217285,0
ClC1CC=CCC1=CCCCCc1ncc2ccccc2n1,C1=CCC(=CCCCCc2ncc3ccccc3n2)CC1,1,0.9999998807907104,1
CCNC1C2=CC=CCOC2N=C1NCC=C(Cl)C=CCN,C1=CCOC2N=CCC2=C1,0,2.740144289248292e-08,0
CC1=NC(C2=CC=C(Cl)C=NC2)=NC=CC=[B-]1,[B-]1=CC=CN=C(C2=CC=CC=NC2)N=C1,0,3.436509299348245e-09,0
OCCNc1cccccnnc(NC#[P+]CCl)n1,c1cccnncncc1,1,1.0,1
NC1=CCN(C2=NC3C=BCCC2(NCCO)C3)C=C1Cl,B1=CC2CC(CC1)C(N1C=CC=CC1)=N2,0,2.7754229137144648e-08,0
ClC1=CC(N2CN=C3C=C=CC=C3N2)C2=C1C2,C1=CC=C2NN(C3C=CC4=C3C4)CN=C2C=1,0,2.1282261286614812e-08,0
OCCN1CC=CCCC2Sc3ccccc3N=CSNC=CC=C(Cl)C21,C1=CNSC=Nc2ccccc2SC2CCC=CCNC2C=C1,0,0.0002777416375465691,0
CCNC1=NC(C2=CC=C2Cl)=NC(=CC=CCP)C1,C=C1CC=NC(C2=CC=C2)=N1,0,6.883175956318155e-05,0
NCC1CCCCC#CC=CNCN=CCCCCCON=C(C2=C=CC=C2)CC(Cl)=C1Cl,C1=CC=CC=1C1=NOCCCCCC=NCNC=CC#CCCCCCC=CC1,0,0.05628562718629837,0
CC(=CCNC1=NC=C2C=CC=C2C(NCCO)=NC1)CCl,C1=CC2=CN=CCN=CC2=C1,0,1.4447474541157135e-06,0
C=NC1=C(Nc2nc3ccc2cc3)C=CCC(Cl)=C1,C1=CCC=CC(Nc2nc3ccc2cc3)=C1,0,2.1694573604236211e-07,0
C=CC=C1CN=CC2CC(=C(Cl)C=CCNOCCN1)NC=C=N2,C=C1CN=CC2CC(=CC=CCNOCCN1)NC=C=N2,0,1.5871545429035905e-06,0
CCC1=C(C)CNC2=NCN(C3=C(Cl)C3)NC2=CC1,C1=CCNC2=NCN(C3=CC3)NC2=CC1,0,6.747765013415119e-09,0
Clc1ccc(NCC=C=C2CN=[S+]=NC23NCCO3)cc1Cl,C(=CCNc1ccccc1)=C1CN=[S+]=NC12NCCO2,1,0.9999996423721313,1
NO[C+]CC1=NC(c2ccc(Cl)c(Cl)c2)=NC=CC=C=C1,C1=CC=CN=C(c2ccccc2)N=CC=1,1,1.0,1
C=C1C(NCCO)=NCNCCCOCC(C=CCCl)C=CC=[S-]1N,C=C1C=NCNCCCOCCC=CC=[SH-]1,0,7.396766932288301e-08,0
C#CC1=CC=CCC=C2C(=CCC2=NC)CCON1,N=C1CC=C2CCONC=CC=CCC=C12,1,9.57032316364348e-05,0
CCCC=C1CCN(O)C(N2CC=C(Cl)C(Cl)C2CC)=N1,C=C1CCNC(N2CC=CCC2)=N1,0,1.7721184519814415e-08,0
C=[B-]=C1C(Cl)=CC=CNC1=Nc1ccccc1,[B-]=C1C=CC=CNC1=Nc1ccccc1,1,1.0,1
NOCCNC1=Nc2c(ccc(Cl)c2Cl)C(N)=Nc2ccccc21,C1=Nc2ccccc2C=Nc2ccccc21,1,0.9999992847442627,1
OCCNC1=Nc2cc(Cl)ccc2NC=NC=C=CC=C1,C1=CC=CC=Nc2ccccc2NC=NC=1,1,1.0,1
C=CC=CCOC1CCOC=C1N=C(Cl)NCCONc1cccc(Cl)c1,C(=NC1=COCCC1)NCCONc1ccccc1,1,1.0,1
OCCNc1nc(NC2=C(Cl)C[N+]C(Cl)=C2)nc2ccccc12,C1=CC(Nc2ncc3ccccc3n2)=CC[N+]1,1,1.0,1
OCCNN1CCc2c(cc3cc2-3)NC1,c1c2cc-2c2c1NCNCC2,0,1.711757249722723e-06,0
OCCCC1C=C2C=C1C=NC(Nc1ccc(Cl)c(Cl)c1)=N2,C1=NC(Nc2ccccc2)=NC2=CCC1=C2,1,1.0,1
OCCNC12[B-]=NC(C=CC=C(Cl)[O+]Cl)(CC1)N1CC=CC=C12,[B-]1=NC2CCC1C1=CC=CCN12,0,6.881403891156879e-09,0
OCCNC1=NCNCC=C(Cl)C(Cl)c2ccc1cc2,C1=CCc2ccc(cc2)C=NCNC1,1,2.5165176609220907e-08,0
C=C(Cl)C=CC=S=NC1=C(N)C(=CC=C=[O+]C)C(NCCO)=N1,C=C1C=CN=C1,0,1.0,1
OC12CC=CC3(CCC1)N=C2NCC=C3CCl,C1=CC23C=CCC(CCC2)C(=N3)NC1,1,6.368241045606737e-09,0
OCCNC1=N[PH](=Nc2ccc(Cl)c(Cl)c2)C=NC=CC=C=C1,C1=CC=CN=C[PH](=Nc2ccccc2)N=CC=1,1,1.0,1
C=C(Cl)C(Cl)=CC=CC1=NC(C)=CC(=C[S-])NCCON1,C=C1C=CN=CNOCCN1,0,4.757835014856937e-09,0
CNCC1=CC=CC=C=[O+]N=C2NC=C(C)CC(Cl)N12,C1=CC=CC=CN2CCC=CNC2=N[O+]=1,0,3.0855605928081786e-06,0
OCCNc1ncnccc2[nH]ccccc1=2,c1ccc2cncnccc=2[nH]c1,0,0.992004930973053,1
COCCCC=C1CC(NCCO)=NC(CCNCCC2CNCC=N2)=N1,C=C1CC=NC(CCNCCC2CNCC=N2)=N1,0,1.4529576901622931e-06,0
OCCNC1=NC(NC2=C[P-](CCl)B=C=C2)=NC2=CC=CC#[P-]21,B1=C=CC(NC2=NC3=CC=CC#[P-]3C=N2)=C[PH-]1,1,2.979186137963552e-05,0
C=c1c(Cl)[c+]c(Nc2nc(NCCO)c3ccccc3n2)c1Cl,C=c1c[c+]c(Nc2ncc3ccccc3n2)c1,1,1.0,1
NC1C(Cl)C(Cl)=CCN1C1=CNN=CC=CCNc2ccccc2CNCC1,C1=CCNc2ccccc2CNCCC(N2CC=CCC2)=CNN=C1,0,0.9792047142982483,1
ClC1=NCN(C2=CC=C=C2)Nc2ccccc2PCN1,C1=CC=C(N2CN=CNCPc3ccccc3N2)C=1,1,0.9995573163032532,1
C=CCNC1=Nc2ccc(Cl)cc2CCNCCC(=N)NCCO1,N=C1CCNCCc2ccccc2N=COCCN1,1,0.9999998807907104,1
C=C(Cl)C(Cl)=CC=CC1=NC[C+]=C=CC=C2OCCNC21,C1=[C+]CN=CC2NCCOC2=CC=1,0,3.1154832047519676e-09,0
C#CC=CC1C2=CC=C2C=CC1NCON,C1=CC2=CC=C2CC1,0,6.623176318498736e-07,0
N#CCC=CCCCCC1C(O)=CC1N1CN=C(CCOc2ccccc2)N1,C1=CC(N2CN=C(CCOc3ccccc3)N2)C1,0,0.9995629191398621,1
OCCNC1=NC(Nc2ccc(Cl)c(Cl)c2)=NC2C=C12,C1=NC(Nc2ccccc2)=NC2C=C12,1,1.0,1
ClC1=CCN(C2=NC3=CC=CC=C2NCOC3)C=C1Cl,C1=CC=C2NCOCC(=C1)N=C2N1C=CC=CC1,0,0.13314786553382874,0
NC1=C(Nc2ccc(Cl)c(Cl)c2)N=C(NCCO)C1=CC=CC=[S+],C=C1C=NC(Nc2ccccc2)=C1,1,1.0,1
Clc1cc2c(cc1Cl)NCNNCCOC=CC=CC=C2,C1=CC=Cc2ccccc2NCNNCCOC=C1,1,0.0003126903611700982,0
C=CC=CC=CC1CN=C2CC(NCONCOCCC=CC=CC#CC(Cl)C(Cl)=CC3=CC=NC=CC=C3)C1=N2,C(#CCC=CC1=CC=NC=CC=C1)C=CC=CCCOCNOCNC1CC2=NCCC1=N2,0,2.8706759191976516e-09,0
OCCNc1nc(NCC=C(Cl)C2=C=C(CCCCCOCCl)CC#CC=C2)nc2ccccc12,C1=CCC#CC=CC=1C=CCNc1ncc2ccccc2n1,1,1.0,1
CCC1=NCN(c2ccc(Cl)c(Cl)c2)NC=CCC=C1,C1=CCC=CNN(c2ccccc2)CN=C1,0,0.9796743988990784,1
CC=CC=C1CN=C(CCOc2ccccc2)N1,C=C1CN=C(CCOc2ccccc2)N1,0,1.1013223222278157e-08,0
C=CC(C=C1C=C=C=CN1)=NC(Cl)(C=CC)CCCl,C=C1C=C=C=CN1,0,0.003149398136883974,0
CC1(NCON)C2=CCC=CC(Cl)=C1C=C(Cl)NC=N2,C1=CCC=C2CC(=C1)C=CNC=N2,0,3.044992524792178e-08,0
C=CC=[SH]CC1=CCNCCN=C(Nc2ccc(Cl)c(Cl)c2)N=P1,C1=CP=NC(Nc2ccccc2)=NCCNC1,1,1.0,1
CNC1C2=[S-]=CC(=C1Cl)c1ccccc1N2,C1=[S-]=C2CC=C1c1ccccc1N2,1,1.0,1
OCCNc1nc(NC=CC=C2CCCC=CN=CN2CCCl)nc2ccccc12,C(=CNc1ncc2ccccc2n1)C=C1CCCC=CN=CN1,1,1.0,1
CC=CC=C1CN=CNC(C2=CC(Cl)=CC2Cl)C1NCCO,C=C1CN=CNC(C2=CC=CC2)C1,0,4.767139216710348e-06,0
CC(=CCNC=NC1COOC(NI)=N1)CBr,C1=NCCOO1,0,1.5313817414153164e-07,0
C1COCO1,C1COCO1,1,3.5096263673040085e-09,0
CC1CCC=NC=C1Cl,C1=CN=CCCC1,0,3.1331595096162346e-08,0
CC(CCC1=CC=CN=C=CN1)C(Cl)=CCNC=C=NCCCC#N,C1=CNC=CC=CN=1,0,3.317295238502993e-08,0
ClC1=CC=CN=NC=C2C[B-]=CC=C2C[P-]NCCOC=C1Cl,[B-]1=CC=C2C[P-]NCCOC=CC=CC=CN=NC=C2C1,1,0.0014694485580548644,0
C1=CC=CC=CNC=CN=CNOCCCC=CC=C1,C1=CC=CC=CNC=CN=CNOCCCC=CC=C1,0,4.4369411966727057e-07,0
OCCNC1=NC(Nc2ccc(Cl)c(Cl)c2)=NC2=CC=CC[C-]21,C1=CC[C-]2C=NC(Nc3ccccc3)=NC2=C1,1,1.0,1
ClC1=CC(=Nc2ccccc2)C=CC1Cl,C1=CC(=Nc2ccccc2)C=CC1,1,1.0,1
C=C(Cl)C(Cl)=C[P-]=C=CNc1nc(NCCO)c(C)cc(=O)n1,O=c1cccncn1,0,1.0,1
NOCNC1C#CC=CC=CN=NC1,C1#CCCN=NC=CC=C1,0,5.2034794251198946e-09,0
ClCC=CC1=CCCN=CCc2ccccc2N1,C1=CNc2ccccc2CC=NCC1,0,0.4631892740726471,0
OCCNC1=CC=C2C1=CCC2Nc1ccc(Cl)c(Cl)c1,C1=CC2=CCC(Nc3ccccc3)C2=C1,1,1.0,1
OCCN1Cc2ccccc2N(NCCC([S-])Cl)N1,c1ccc2c(c1)CNNN2,0,0.24223542213439941,0
COCCC1=NC2(C)CC=NCC1C=CCN=CC=C2Cl,C1=CC2CC=NCC(C=CCN=C1)C=N2,0,1.4285944871517131e-08,0
OCCN1CC=CC=CN=C2CC=C(Cl)C(Cl)=CCNC1=N2,C1=CCNC2=NC(=NC=CC=CCN2)CC=C1,0,1.0445642573131408e-08,0
CC=CCCCC=NCC=CN1C=NC=CC=C=CC(NCCO)=N1,C1=CC=CN=CNN=CC=1,1,0.9751989841461182,1
B#CCCC1=NCCC(NCCO)=B1,B1=CCCN=C1,0,6.001438013214511e-09,0
C=CC=CC=CCNC1=NC=C2C1=CC2NCCO,C1=NC=C2CC=C12,1,1.0187237720060693e-08,0
OCCNc1nc2nc3ccc(cc13)OC1=C=C[N+](C=C1Cl)N2,C1=C[N+]2C=CC=1Oc1ccc3nc(ncc3c1)N2,1,1.0,1
C#CC(Cl)=CCN1C2C=CC=C3C2=C=NC31,C1=NC2NC3C=CC=C2C=13,0,1.4085240529482235e-08,0
[O-]CC1=CN2Nc3ccc1cc3N2NCCO,C1=CN2Nc3ccc1cc3N2,1,1.0,1
CCCC=CC=CCN=C(N=C=NC1=CC#COC1NCO)Nc1ccc(Cl)c(Cl)c1,N=C(N=C=NC1=CC#COC1)Nc1ccccc1,1,1.0,1
ClCC1=C2C=C[S-]C=C2N=C(Nc2cccc(Cl)c2)N1,C1=CC2=CNC(Nc3ccccc3)=NC2=C[S-]1,1,1.0,1
[N+]C1C=CN(C2=NC3=CC=CC3C(NCCO)=N2)C=C1Cl,C1=CC2C=NC(N3C=CCC=C3)=NC2=C1,1,5.177188100446983e-08,0
Cc1cccc(-n2c(O)c3c(c2O)C2(c4ccccc4)C(=O)C3(c3ccccc3)C(c3ccc4c(c3)OCO4)=C2c2ccc3c(c2)OCO3)c1,O=C1C2(c3ccccc3)C(c3ccc4c(c3)OCO4)=C(c3ccc4c(c3)OCO4)C1(c1ccccc1)c1cn(-c3ccccc3)cc12,1,0.9990491271018982,1
OCCNC1=NC(Nc2ccc(Cl)c(Cl)c2)=C=CC=CC=C1,C1=CC=CC=CC=NC=1Nc1ccccc1,1,1.0,1
OCCN1CC=CC=CC#CN=C(NC=CCI)N1,C1#CN=CNNCC=CC=C1,0,1.5073000625420718e-08,0
OC1CNC2=NC(Nc3ccc(Cl)c(Cl)c3)=NC1C2,c1ccc(NC2=NC3CCNC(=N2)C3)cc1,1,1.0,1
OCCNC1=CC=C2C1=CCC2NC1=COC(Cl)=CC1,C1=CC2=CCC(NC3=COC=CC3)C2=C1,0,9.318448945805358e-08,0
C#CN=CCC(C)=CC=CNC1N=C(C=CC)N2CC=C(NC1C)C(O)C2,C1=NCCNC2=CCN1CC2,0,1.8444387706040288e-07,0
C=C=CC=C1CCN(CCO)NC1c1ccc(Cl)c(Cl)c1,C=C1CCNNC1c1ccccc1,1,1.0,1
O=C(Cl)C(Cl)=CCN1C=NN2CC=CC=C2[B+]NCC=N1,[B+]1NCC=NNC=NN2CC=CC=C12,0,8.03305647423258e-06,0
C=CC1CN2CC(=NC(=NC)CC=CC2NCCONc2ccc(Cl)c(Cl)c2)N1,N=C1CC=CC(NCCONc2ccccc2)N2CCNC(=N1)C2,0,1.0,1
C=C1C=NNCCCC#CCNC(=Nc2ccccc2CNCCO)CCOCC1Cl,C=C1C=NNCCCC#CCNC(=Nc2ccccc2)CCOCC1,0,0.9999977350234985,1
C=CC[C@@]12COC(=O)C(=C)[C@@H]1C[C@H](C(C)C(=O)O)[C@@H](OC(=O)C(=C)CO)C2,C=C1C(=O)OCC2CCCC[C@@H]12,0,0.0013370730448514223,0
N=C1NCC=COCC2C(=CC=C1Cl)CC2Cl,N=C1C=CC=C2CCC2COC=CCN1,0,3.1185709303827025e-07,0
CN1CCCCCCC=CC=CC1=NC#N,N=C1C=CC=CCCCCCCN1,0,2.6813035347572622e-08,0
COCCNC1C2=CC=CC2N=C1N1CC=C(Cl)CC1Cl,C1=CC2N=C(N3CC=CCC3)CC2=C1,0,3.660091465462756e-07,0
[O-]NC1=[O+]NC(Nc2ccc(Cl)c(Cl)c2)=NC2=CC=CC2=C1,C1=CC2=CC=[O+]NC(Nc3ccccc3)=NC2=C1,1,1.0,1
C1=CC2=CC=C2NC1,C1=CC2=CC=C2NC1,0,4.106185542696039e-07,0
CC1=CCN(c2nc(NCCO)c3ccccc3n2)C1Cl,C1=CCN(c2ncc3ccccc3n2)C1,1,1.0,1
C=C(Cl)C(Cl)=CC=C1CNCc2ccccc2N=CN1,C=C1CNCc2ccccc2N=CN1,0,8.402894309256226e-06,0
CCCC=C1CN=CN(c2ccc(Cl)c(Cl)c2)NOCCN1,C=C1CN=CN(c2ccccc2)NOCCN1,1,0.9999998807907104,1
ClC=C1C=[C+]C(Cl)C=C1,C=C1C=[C+]CC=C1,1,0.9998836517333984,1
C=C=CC=C1CC(NCCO[O-])CC=C(Cl)C(Cl)=CCNBC=N1,C=C1CCCC=CC=CCNBC=N1,0,7.705542870439785e-09,0
ClC1=CC=[C+]C(CNC(Cl)=Nc2ccccc2)=C1,[C+]1=CC=CC=C1CNC=Nc1ccccc1,1,1.0,1
OCCNC1=NC(c2ccc(Cl)c(Cl)c2)=NC=CCC=C1,C1=CCC=CN=C(c2ccccc2)N=C1,1,1.0,1
N=C1C=CC=C=C1N=CC(Cl)C(CCl)NCCO,N=C1C=C=CC=C1,1,1.0,1
C=CCc1cccc2c1C1=NC2C(=CCCC)CCCCN1C(Cl)NCCO,C=C1CCCCNC2=NC1c1ccccc12,0,5.1365924846891176e-09,0
CC=CC(Cl)=NC1=NC=C=NCCCC=C(C)C(Cl)=CC=CN1,C1=CN=CNC=CC=CC=CCCCN=1,0,0.00044087012065574527,0
C=CN=CC1CCN1CCNC1=NC2C=CN=C=CC3CNC3C=CC=C(C)CC=C2C(NCCO)=N1,C1=CC2CNC2C=CC=CCC=C2C=NC(NCCN3CCC3)=NC2C=CN=1,1,2.4931077646783706e-08,0
Clc1ccc(C2=NC3=CC=CC=CCCNC3=N2)cc1Cl,C1=CC=C2N=C(c3ccccc3)N=C2NCCC=C1,1,1.1182457626546238e-07,0
C=C1NCC=C=C(C=CBCCl)NC=Nc2ccccc21,C=C1NCC=C=CNC=Nc2ccccc21,0,1.0,1
NC1(C2=CC=C(Cl)[C-](Cl)C2)NOOCCCOCNC#CC=C1C=COCCc1ccccc1,C1#CNCOCCCOONC(C2=CC=C[CH-]C2)C(C=COCCc2ccccc2)=C1,1,0.9955418705940247,1
N=C1C(Nc2ccc(Cl)c(Cl)c2)=NC2=CC=CC=[S-]2[N+]1NCCO,N=C1[NH+][S-]2=CC=CC=C2N=C1Nc1ccccc1,1,1.0,1
OCCNCC1=CN=C=CN1CCCCOCC=CN=CNc1ccc(Cl)c(Cl)c1,C1=CN(CCCCOCC=CN=CNc2ccccc2)C=CN=1,1,1.0,1
Clc1ccc(C2=NCCN2)cc1Cl,c1ccc(C2=NCCN2)cc1,1,1.0,1
NC1=Nc2cc(ccc2Cl)CN=C(NCCO)C1,C1=NCc2cccc(c2)N=CC1,1,1.0,1
OCCNC1=N[S-](=CNc2ccc(Cl)c(Cl)c2)=NC2=CC=CC#[S+]21,C1#[S+]2C=N[S-](=CNc3ccccc3)=NC2=CC=C1,1,1.0,1
CC=C(Cl)C(Cl)=CC1(NCON)C=C=CC=COCCC=NN=CN1CCN,C1=CC=COCCC=NN=CNCC=1,0,1.2999043619288386e-08,0
C=C1NC(=NN)C=CC2=C1N2,C=C1NC(=N)C=CC2=C1N2,1,1.0,1
C=Cc1ncsn1,c1ncsn1,0,0.8498798608779907,1
Cc1cc2ccc1OC(=CCCl)C=CN=CN2,C=C1C=CN=CNc2ccc(cc2)O1,0,1.1077880117227323e-05,0
OCCc1nc2nc3cccc(c13)C(Cl)C=[P+]C[SH]=N2,C1=[P+]C[SH]=Nc2ncc3c(cccc3n2)C1,0,9.859506988618705e-09,0
CC1=CC2=CC3=NC(NC=CC=C1Cl)C3=C2,C1=CC=CC2=CC3=NC(NC=C1)C3=C2,0,2.50723104500139e-07,0
OCCN1c2nc(nc3ccccc23)N2CC=C(Cl)C21,C1=CC2Nc3nc(nc4ccccc34)N2C1,1,1.0,1
C=CC=C1C=NC2NN=CC#CCOCC=CC(C=CCl)=CCCNC2=N1,C=C1C=NC2NN=CC#CCOCC=CC=CCCNC2=N1,0,1.061570387150823e-08,0
B#CC1=CC2N=C(NCCO)C3=C(N)C12C=C3,C1=CC23C=CC2N=CC1=C3,0,0.0038065225817263126,0
C=CC(Cl)N=C1C=CC(C#CCl)=CC=CCCN1,N=C1C=CC=CC=CCCN1,1,4.4602072080124344e-07,0
N=[B-]CNC1CC=CCCN=CNc2cc(Cl)c(Cl)cc21,C1=CCCc2ccccc2NC=NCC1,0,0.9999972581863403,1
Clc1ccc(NC2=Cc3ccccc3N=CNOCC2)cc1Cl,C1=Nc2ccccc2C=C(Nc2ccccc2)CCON1,1,1.0,1
OCCNC1=NC(NCC=C(F)Cl)=NC2=C[O+]C=CC2=C1,C1=CC2=CC=NC=NC2=C[O+]1,0,8.338068255397957e-06,0
NC1C=C(Cl)C(Cl)CN1C1NOCCNc2ccc1cc2,C1=CCN(C2NOCCNc3ccc2cc3)CC1,0,2.7083427767138346e-07,0
C1=NC=[P+]2C=CC=CC(N=1)OCCN2,C1=NC=[P+]2C=CC=CC(N=1)OCCN2,0,1.387763290949806e-06,0
ClC1=CC=C[P+]2C(Cl)C12,C1=CC2C[P+]2C=C1,1,0.9999986886978149,1
COC1(Cl)C=C1NC=Nc1ccccc1CCONCl,C(=Nc1ccccc1)NC1=CC1,1,0.9998419284820557,1
CN[SH]1C(NCC=C(Cl)C(Cl)=CC[O-])=Nc2ccccc21,C1=Nc2ccccc2S1,1,1.0,1
OC1C[S-]C2=N[S+](=Nc3ccccc32)NC=CC=C(Cl)C1,C1=CCCC[S-]C2=N[S+](=Nc3ccccc32)NC=C1,1,0.9991374015808105,1
OCCNC1=C2N=CC(C=C1)c1c(ccc(Cl)c1Cl)N2,C1=CC2C=NC(=C1)Nc1ccccc12,1,0.0002055592485703528,0
OCCNc1nc(NC=C2C=C(Cl)[S+](Cl)=C2)nc2ccccc12,C1=CC(=CNc2ncc3ccccc3n2)C=[SH+]1,1,1.0,1
Nc1cccc2c1C1=C=NCNC(=CC=CCl)C(CCNCN2)CCOCOC=C1CC=NC=CC#COCl,C=C1NCN=C=C2C=COCOCCC1CCNCNc1ccccc12,1,1.2596995475178119e-05,0
NC1=C2C(=CC1)C(Nc1ccc(Cl)c(Cl)c1)N=C2NCCO,C1=NC(Nc2ccccc2)C2=CCC=C12,1,1.0,1
OCC[B-]C1=NSNCC2=C(Cl)C(Cl)=C=[O+]C2Nc2cccc1c2,C1=CC=C2CNSN=Cc3cccc(c3)NC2[O+]=1,1,1.0,1
CC=C1CCN2CC=C(C1)C1(C=C(Cl)C(Cl)=CC=CN1)N2,C=C1CCN2CC=C(C1)C1(C=CC=CC=CN1)N2,0,1.6311670236746068e-08,0
CC=CC=C1N=C(Nc2ccc(Cl)c(Cl)c2)NOC1(C)[C-]NCC,C=C1CONC(Nc2ccccc2)=N1,1,8.04747614893131e-05,0
ClCC(Cl)=CCN1C2=N[SH](C=C=N2)CCCCC2C=CC=CCOCCNC21,C1=C[SH]2CCCCC3C=CC=CCOCCNC3NC(=N2)N=1,0,2.896984430122984e-09,0
C#CC=CC=CCN=C1CC=C(c2ccc(Cl)c(Cl)c2)OCCNC(=C)N1,C=C1NCCOC(c2ccccc2)=CCC(=N)N1,1,1.0,1
NC=CCOCCC(Cl)=CC=CNC1=C[SH]=C=CCON1,C1=CCONC=C[SH]=1,1,1.4738591858076688e-07,0
ClCCCCCCC1=CCC=CC=CC=CN=CN1,C1=CC=CN=CNC=CCC=C1,0,4.9717430172790955e-09,0
ClOCCC1=NCSC2=NCCC=C1CC=C[B+]CSC(Cl)=C2,[B+]1C=CCC2=CCCN=C(C=CSC1)SCN=C2,0,0.007048336789011955,0
CC1C=C=C(SNc2ccc(Cl)c(Cl)c2)CCN1CCO,C1=CCNCCC=1SNc1ccccc1,1,1.0,1
CC=NC=CC(=CCNSN=c1[nH]ncnc1C)C(Cl)=CC,N=c1cncn[nH]1,0,0.921803891658783,1
OCCNc1nc(NC2=C[P+]=C(Cl)C(Cl)=C2)nc2c1=CC=2,C1=CC(Nc2ncc3c(n2)=CC=3)=C[P+]=C1,0,5.039397024120262e-07,0
ClC1=CC=CNOCCC2c3ccc(cc3)N2C=C1Cl,C1=CC=CN2c3ccc(cc3)C2CCONC=C1,0,0.008981200866401196,0
OCCNc1nc(NC2=CC=C=[PH]2Cl)nc2c1=CC[O+]=C=2,C1=CC=C(Nc2ncc3c(n2)=C=[O+]CC=3)P=1,0,3.68677497419867e-08,0
CN1C[C-]N=C(Nc2ccc(Cl)c(Cl)c2)N1,[C-]1CNNC(Nc2ccccc2)=N1,0,1.0,1
C=CCOC1=C2NC(=COCCNCCCC2=NCc2cc(Cl)c(Cl)cc2C)CC1,C1=C2CCC=C(N2)C(=NCc2ccccc2)CCCNCCO1,1,1.0,1
CC=CC=C1CC(CCOCl)=C2OC=C(Cl)C=C2NC(N)=N1,C=C1CC=C2OC=CC=C2NC=N1,0,2.861584746938206e-09,0
B[S+]1#CC=CC(=CNC(Cl)=Nc2ccccc2)C1,C1#[SH+]CC(=CNC=Nc2ccccc2)C=C1,0,1.0,1
C=C=CC1=[O+]NC(=NC=CC)C(CCON2CC=C(Cl)C(Cl)C2)NCC1,N=C1N[O+]=CCCNC1CCON1CC=CCC1,1,1.7974453925262424e-08,0
CN1NC(N2CC=C(Cl)C(Cl)C2)=NC2=CC=CCC21,C1=CCC2NNC(N3CC=CCC3)=NC2=C1,0,2.8281697268539574e-06,0
NC(=CCl)C1COC=C2Oc3ccccc3NC2=C1Cl,C1=C2Nc3ccccc3OC2=COCC1,1,0.9999961853027344,1
CC1=CCC(Cl)C(C)=CCNCC#CCC1Cl,C1#CCNCC=CCCC=CCC1,0,1.1287757395450626e-08,0
CCCCCCCCCCCCCCCC1CC(=O)NCCCN(C)CCCCN(C)CCCN1,O=C1CCNCCCNCCCCNCCCN1,0,0.7692663073539734,1
COC(=O)C(O)C1C(C)(C)C(=O)C2C[C@@]3(O)[C@H](CC[C@]4(C)[C@H]3CC(=O)O[C@H]4c3ccoc3)[C@@]1(C)C2OC(=O)C(OC)(c1ccccc1)C(F)(F)F,O=C(Cc1ccccc1)OC1C2CC3[C@H](CCC4[C@H]3CC(=O)O[C@H]4c3ccoc3)C1CCC2=O,1,1.0,1
ClC1=CCC(N2CN=C(CCOc3ccccc3)N2)=C1Cl,C1=CCC(N2CN=C(CCOc3ccccc3)N2)=C1,0,3.5221732197499023e-09,0
C=CC=[P-]1CC(CCOC)=NC(NC=C(C)[B-]CCl)=N1,C=[P-]1CC=NC=N1,0,1.786623826660616e-08,0
OCCNC=NC1CC=C2CC(=CC=CN1)C2CCl,C1=CNCCC=C2CC(=C1)C2,1,8.630720138569359e-09,0
C1=C2C=CCNC=12,C1=C2C=CCNC=12,0,6.463275781243283e-08,0
CC=C1CN=C(Nc2ccc(Cl)cc2)N=CCC1Cl,C=C1CCC=NC(Nc2ccccc2)=NC1,1,1.9573760710045462e-06,0
O[B-](Cl)=CC=CC=CC1CC2=CC=CCCN2C=N1,C1=CCCN2C=NCCC2=C1,0,1.676627653068863e-05,0
ClC1=CC=C2NC=NC=C=CC=CCCON2C=C1,C1=CC=CCCON2C=CC=CC=C2NC=NC=1,0,8.275991447703746e-09,0
CC12CC1(OCCC1=NCNc3cc(Cl)c(Cl)cc3N1)CN2,c1ccc2c(c1)NCN=C(CCOC13CNC1C3)N2,1,3.023920100986288e-07,0
OCCN1C=NC(NC2=C(Cl)C(Cl)=CCO2)c2ccccc21,C1=CCOC(NC2N=CNc3ccccc32)=C1,0,6.905136018531266e-09,0
OC1C2C(Cl)=CCN[O+]3C2=CC=CC2N=C3N=CNC21,C1=CC2N=C3N=CNC2CC2C=CCN[O+]3C2=C1,1,0.9998812675476074,1
CNCC(CC=CCON)=NC1=CC=CC=CCCN1,C1=CC=CNCCC=C1,0,6.749927283777879e-09,0
C=C1CCON2CCC(Cl)C(N=CCF)=C2NCCOCC=C1Cl,C=C1C=CCOCCNC2=CCCCN2OCC1,0,0.005149397533386946,0
CC=[P-]=CC=C(CN=CC1=C=C(N)C(Cl)=C1)C1=NOCCN1,C=C(CN=CC1=C=CC=C1)C1=NOCCN1,0,1.101044108509086e-05,0
C1=C2CCOCC(=NCN1)c1ccccc12,C1=C2CCOCC(=NCN1)c1ccccc12,0,0.9941902160644531,1
CC1=NC2=NC1=C=CC=C2,C1=CC=CC2=NC=1C=N2,0,5.438304473415201e-09,0
OCCNC1=C(Cl)C(Cl)=C=CN1c1nc2c3c(cccc3n1)[B+]2,[B+]1c2cccc3nc(N4C=C=CC=C4)nc1c23,1,0.999998927116394,1
OCCNC1=C2CCCC=C3CN=C(Nc4ccc(Cl)c(Cl)c4)N=C3N(C=C1)C2,C1=CN2CC(=C1)CCCC=C1CN=C(Nc3ccccc3)N=C12,1,1.0,1
OCCNc1n[n-]c2ccccc12,c1ccc2[n-]ncc2c1,1,1.0,1
[B-]c1cc(NC2N=P(CO)=Cc3c(N)cccc32)ccc1Cl,C1=[PH]=NC(Nc2ccccc2)c2ccccc21,1,1.0,1
C=C1CCOC=CC(Cl)=CC2=CCOCc3ccccc3C(CCN1)NC2,C=C1CCOC=CC=CC2=CCOCc3ccccc3C(CCN1)NC2,1,0.18161916732788086,0
C#CC=C1CC([C+]NC)=NC(O[N+]Nc2ccc(Cl)c(Cl)c2)=N[P-]1,C=C1CC=NC(O[N+]Nc2ccccc2)=N[P-]1,0,1.0,1
NC1=CC=C=[P-]C(=NCC2=CC(Cl)C2Cl)NCCO1,C1=CC=COCCNC(=NCC2=CCC2)[P-]=1,0,7.416371960999868e-09,0
CNC1=NC(Nc2ccc(Cl)c(Cl)c2)C[S-]2=C(O)C=CC=C12,C1=CC=[S-]2CC(Nc3ccccc3)N=CC2=C1,1,1.0,1
OCCNC1C=CCC=C1N=C(Cl)Nc1ccc(Cl)c([P-])c1,C1=CCC(N=CNc2ccccc2)=CC1,0,0.9999998807907104,1
C=C1C=C2NC=NCC(C=CC(C)C2Cl)C(NCCO)=N1,C=C1C=C2CCC=CC(C=N1)CN=CN2,0,4.397225694674489e-08,0
C=c1ccccn2c(nc1NCCO)=NCC(Cl)=CC=CCCNCC=C2,C=c1ccccn2c(nc1)=NCC=CC=CCCNCC=C2,0,0.999988317489624,1
ClC1=COCCNC2=NC(=[P-]c3ccccc32)N2C=CC12,C1=CC2C=CN2C2=[P-]c3ccccc3C(=N2)NCCO1,0,0.9800511598587036,1
OCCNC=NC1=NC[SH]=CC=C=CC(=CC=C(Cl)CCl)C1,C=C1C=C=CC=[SH]CN=CC1,0,6.163969334949115e-09,0
c1cc[nH]cncnc1,c1cc[nH]cncnc1,0,4.879711301697398e-09,0
OCCNC1=NN(C2=CC=C(Cl)C2)Cc2ccccc21,C1=CCC(N2Cc3ccccc3C=N2)=C1,0,0.6767711639404297,1
ClC=C=CC=CNOCCNC1=C=CCN2C(=NC3=C=CC=C3)NOCCCCCC12,C1=CCN2C(=NC3=C=CC=C3)NOCCCCCC2C=1,1,3.2496152435612657e-09,0
CC#CNC1NN(CCO)C2=C(N)CC=C1C2,C1=C2CNNC(=CC1)C2,0,2.1961631091471645e-07,0
NC1=CC2=CC1C(Nc1ccc(Cl)c(Cl)c1)N=C2NCCO,C1=CC2C=C1C=NC2Nc1ccccc1,1,1.0,1
ClC1N=C(ONC=C2C=C=[O+]C=C2)N=C2CC=C21,C1=CC(=CNOC2=NCC3=CCC3=N2)C=C[O+]=1,0,5.998244567706479e-09,0
OCCC1=NC(N2C=C=C(Cl)C(Cl)=C2)=NC2=CC=CC21,C1=CC=CN(C2=NC3=CC=CC3C=N2)C=1,0,5.079335618773939e-09,0
ClC1=CC=C=[C+]C12Nc1ccccc12,C1=[C+]C2(C=CC=1)Nc1ccccc12,1,1.0,1
CCCCCCc1cc2cc(-c3nc4ccccc4[nH]3)c(=Nc3ccccc3C)oc2cc1O,c1ccc(N=c2oc3ccccc3cc2-c2nc3ccccc3[nH]2)cc1,1,1.0,1
CC=C1CON2CCCCOCCCCC=NNC=C=NC(Cl)C(Cl)=COCC(NCCC)c3cc2ccc3N=CN1,C=C1CON2CCCCOCCCCC=NNC=C=NCC=COCCc3cc2ccc3N=CN1,1,0.0050684865564107895,0
CC1=CC=CNC=Pc2ccccc2CN1N,C1=CNC=Pc2ccccc2CNC=C1,0,7.174335792115016e-08,0
CC1=CC(Cl)C(NCCO)=NC1=N,N=C1C=CCC=N1,0,3.290292625024449e-06,0
COCCC1=NC(N2CC=CCC2Cl)=NC2=CCC21,C1=CCN(C2=NC3=CCC3C=N2)CC1,0,1.1561038348872898e-08,0
N[S+]12=CC=C(O)CNC1CCN=CC(Cl)C(Cl)=CC=C2,C1=CCC=NCCC2NCC=CC=[SH+]2C=C1,0,5.7323408242382357e-08,0
C=C1C=CC=[PH]=C1N=C(N=CNCCO)NC=CC=C(Cl)CCl,C=C1C=CC=[PH]=C1,0,0.9999998807907104,1
OCCNC1c2ccccc2N=C[N+]12C=C(Cl)C(Cl)=C2,C1=C[N+]2(C=C1)C=Nc1ccccc1C2,1,1.0,1
OCCNC1=CNNC=C[B-][S-]#C1,[B-]1C=CNNC=CC#[S-]1,0,0.0754493996500969,0
N#CNC1C2=C3C#CN1C2=CCCCC=C(CCl)C(NCCOCl)=N3,C1#CN2CC3=C1N=CC=CCCCC=C32,1,0.9999997615814209,1
NC1=C(Cl)C(Cl)=CCN1C1=N[N-]C2=C[N+]=CC=C2CNCC1O,C1=CCN(C2=N[N-]C3=C[N+]=CC=C3CNCC2)C=C1,0,2.5603005724406103e-06,0
CC1=[P+]=c2nc(Nc3ccc(Cl)c(Cl)c3)nc(NCCO)c2=CC1,C1=[P+]=c2nc(Nc3ccccc3)ncc2=CC1,1,1.0,1
C=CC1N=C(Cl)Nc2ccc(Cl)c(c2)C=CCO1,C1=Cc2cccc(c2)NC=NCOC1,1,0.9999706745147705,1
CC=CCN1OCCCCCN=CN1C1=CC=C(CCl)CB1,B1CC=CC=C1N1C=NCCCCCON1,1,3.626300593140286e-09,0
CNC=CC1C=C(Cl)CNC=NC(NC=CC=C(C)CCC=CC=CN)CCN1,C1=CCNCCCN=CNC1,0,7.150537584266203e-08,0
OCNC=NCCCCc1ncncccccc1Nc1ccc(Cl)c(Cl)c1,c1ccc(Nc2cccccncnc2)cc1,1,1.0,1
C=C=CC=C1[C-]N=C(Nc2ccc(Cl)cc2)N=CNCCO1,C=C1[C-]N=C(Nc2ccccc2)N=CNCCO1,1,1.0,1
C=CC=CC1N=C(c2ccccc2N)CC=CC#CNCCOC=C1Cl,C1#CNCCOC=CCN=C(c2ccccc2)CC=C1,1,0.9987296462059021,1
C=C(Cl)C(O)CC1=CNCN(CCOCl)c2ccccc2N1,C1=CNc2ccccc2NCN1,0,0.9995241165161133,1
OCCNc1c#cccc[o+]nc(C=CC=C(Cl)CCl)n1,c1ccc[o+]ncncc#1,1,0.002071888418868184,0
[N+]=C=C(Cl)C(Cl)=C1NC=Nc2ccccc21,C=C1NC=Nc2ccccc21,1,0.999972939491272,1
N#CNC1=NC(N2C=C(Cl)C(Cl)=CC2)=NC2=[SH]#CC=CC12,C1#[SH]=C2N=C(N3C=CC=CC3)N=CC2C=C1,0,1.0982370923784401e-07,0
OCCNCC1=CC2=NCSN3CC=[S-](=N2)C(Cl)=C13,C1=CC2=NCSN3CC=[S-](=N2)C=C13,0,3.062990083790851e-09,0
CC(Cl)=C1C=CC=NCC=C2C#CNCC3NCC3CNCON2C1Cl,C=C1C=CC=NCC=C2C#CNCC3NCC3CNCON2C1,0,6.928291327312763e-07,0
C1=CC(c2ncc3ccccc3n2)=C1,C1=CC(c2ncc3ccccc3n2)=C1,1,1.0,1
C=NC1=CC=CNC=Nc2cccc1c2,C1=CNC=Nc2cccc(c2)C=C1,0,3.351415500674193e-08,0
CC=CC(Cl)=CCNC1=NC=C2C=CC=C(N2)C(NCCO)=N1,C1=CC2=CN=CN=CC(=C1)N2,1,0.9999988079071045,1
OCCNC1=NC(C=C(Cl)CCl)OCCNCC=[S-]NCCCSC=C=NCC1,C1=CSCCCN[S-]=CCNCCOCN=CCCN=1,1,3.4660130321384486e-09,0
C[C+](CC1=C=BC=CCN=C1CCO)N1CC=CCC1Cl,B1=C=C(C[CH+]N2CC=CCC2)C=NCC=C1,0,3.084364985639354e-09,0
CC1c2ccc(cc2)B=COCCNC=CC2CCONC(N)=NC1CCC=N2,B1=COCCNC=CC2CCONC=NC(CCC=N2)Cc2ccc1cc2,0,1.662398972257506e-06,0
Nc1cc(NC2=Nc3c(NCCO)cccc32)ccc1Cl,c1ccc(NC2=Nc3ccccc32)cc1,1,1.0,1
C=CC=C1C(CCOC)=NCSNc2cc(Cl)c(Cl)cc2N1N,C=C1C=NCSNc2ccccc2N1,1,0.9999986886978149,1
ClC1=CCN(C2CCOc3ccccc32)C=C1Cl,C1=CCN(C2CCOc3ccccc32)C=C1,0,8.119140026963123e-09,0
C=C1CN=C(NCCO)c2ccccc2N=NC=CC=C1Cl,C=C1C=CC=CN=Nc2ccccc2C=NC1,0,0.00032042351085692644,0
ClC=C1CC#CN=CC=CCC=CC=C1CCCCC=NCCl,C=C1C=CC=CCC=CC=NC#CC1,0,3.998696485041364e-09,0
OCCN=[O+]c1nc(NC2=CC[O+](Cl)C(Cl)=C2)nc2ccccc12,C1=CC(Nc2ncc3ccccc3n2)=CC[OH+]1,1,1.0,1
NOCCNCC1=NC(CO)C2OCC2CC=CC=C2CC2=CC=C1,C1=CC=C2CC2=CC=CCC2COC2CN=C1,0,1.6380766965085058e-07,0
CCN1C(Cl)CC(Cl)=C=NCC=CC=CC1NON,C1=CCCNCC=CC=CCN=1,0,5.0278252672342205e-09,0
OCCNc1nc(N2C=C=C(Cl)[S-](Cl)=C2)nc2ccccc12,C1=C[SH-]=CN(c2ncc3ccccc3n2)C=1,1,1.0,1
OCCNC1=NC(N2CC=C(Cl)C(Cl)C2)C2=C=C2C=C1,C1=C2C=CC=NC(N3CC=CCC3)C=12,0,1.3828623579570376e-08,0
C=C=C(C)C1CC1C1=NCC(=CC)C(CCON)=N1,C=C1C=NC(C2CC2)=NC1,0,8.673296747474524e-09,0
CNC1=C(C=C(C)CCl)NC2(CC(C=CCCNC=C=NO)=CC=CCN2)C1,C1=CCNC2(CC=C1)CC=CN2,0,8.087241099019593e-07,0
OCCNC=NC(=NC=CBr)C1=CC[C-](Cl)C(Cl)=C1,C1=C[CH-]CC=C1,0,0.9994667172431946,1
O=C=CNOCCNC1=NN=C=Nc2cccc1c2,C1=NN=Cc2cccc(c2)N=1,1,0.9999995231628418,1
OCCNc1nc(NC2=CC=C(Cl)[S+](Cl)#C2)nc2ccccc12,C1#[SH+]C=CC=C1Nc1ncc2ccccc2n1,1,1.0,1
FC1CN=C(N2C=CC(Cl)C(Cl)=C2)NOCCN1,C1=CN(C2=NCCNCCON2)C=CC1,0,1.972072141143144e-07,0
CC=C1C(=NC2(Cl)CC(Cl)=C(C=CF)N2)C2CCC2=CC1NCCO,C=C1CC=C2CCC2C1=NC1CC=CN1,0,1.0,1
ClC=CC1=CC=CNN=CNCCOc2ccccc2N=C1,C1=CC=Nc2ccccc2OCCNC=NNC=C1,1,1.0,1
CC1(C=CCl)[N-]c2ccc3nc(nc(N=[P+]CO)c3c2)N1,c1cc2nc3ncc2cc1[N-]CN3,1,1.0,1
CCCNC1=NC2=CCC(=C3CCN=CCC1CCO3)C=C[C-](Cl)CC(C)N2,C1=CC2=C3CCN=CCC(C=NC(=CC2)NCC[CH-]1)CCO3,0,1.1067050564861347e-07,0
NC1(Cl)C(Cl)=CC=CNC12N=CNCCOc1ccccc12,C1=CCC2(N=CNCCOc3ccccc32)NC=C1,0,0.006740703713148832,0
NC1C(Cl)=CCN(C2[B+]N=C(NC=[C-]O)c3ccccc32)C1Cl,[B+]1N=Cc2ccccc2C1N1CC=CCC1,1,7.327656931011006e-05,0
C=CC=C1CC2=NCNC1C=C(Cl)C(Cl)=CCOCC2,C=C1CC2=NCNC1C=CC=CCOCC2,1,8.059213740807536e-09,0
C=C=CC1CC2(NCCO)C(=[S-]1)NC=CC=C(N)C2Cl,C1=CCC2CC[S-]=C2NC=C1,0,7.438645610591266e-08,0
C=CCNC1NN(CCO)CC=CC=CC=C1CCl,C1=CC=CCNNCC=C1,1,4.3230694579676765e-09,0
NOCCC1=NC(c2ccc(Cl)c(Cl)c2)=C2C(N)=CC12,C1=CC2C=NC(c3ccccc3)=C12,1,0.015779642388224602,0
ClCC1=C(Cl)COC1NBr,C1=CCOC1,0,1.2878567190455215e-07,0
CC1=CC=C=[S-]2C(NCCO)=NC(Nc3ccc(Cl)c(Cl)c3)=NC12,C1=CC=CC2N=C(Nc3ccccc3)N=C[S-]=12,1,1.0,1
ClC=CC=C1Cc2ccccc2C=N1,C=C1Cc2ccccc2C=N1,0,8.960914783529006e-07,0
Clc1ccc(NC2N=CNCCO2)cc1Cl,C1=NC(Nc2ccccc2)OCCN1,0,1.0,1
CN=CNC1(Nc2ccc(Cl)c(Cl)c2)NN(CCc2ccccc2)CCO1,c1ccc(CCN2CCOC(Nc3ccccc3)N2)cc1,1,1.0,1
NC1=C(CN[C+]=C=CNC2=C=C(Cl)CN=C2)OCCC1,C(=[C+]NCC1=CCCCO1)=CNC1=C=CCN=C1,1,2.953025379781593e-08,0
OCCNc1nc(NC2=C=C(Cl)[S-]C(Cl)=C2)nc2ccccc12,C1=C[S-]C=CC=1Nc1ncc2ccccc2n1,1,1.0,1
ClC1=CCN(C2=NC3(C=CC=CCOCC3)CC=N2)C=C1Cl,C1=CCOCCC2(C=C1)CC=NC(N1C=CC=CC1)=N2,0,5.948169473413145e-06,0
CC1=CC=C(Cl)C(Cl)c2ncccc([nH][nH]2)N1,C1=CCc2ncccc([nH][nH]2)NC=C1,0,0.9615499377250671,1
N=C1NCCC=C(Cl)C=CC=C(Cl)N=NC=CCC=[P+]1,N=C1NCCC=CC=CC=CN=NC=CCC=[P+]1,0,0.04689307510852814,0
OCCNC1[P+]C(NC2=CC(Cl)C(Cl)=C2)=Nc2ccccc21,C1=CC(NC2=Nc3ccccc3C[P+]2)=CC1,1,0.9973896145820618,1
OCCNC=NC=NC=CC=CC=C1C=C=C(Cl)C(Cl)=C1,C=C1C=C=CC=C1,0,0.9833745956420898,1
Cc1ccc(NC2=NC=C3C=CC#S[P+]3C2NCON)cc1Cl,C1#S[P+]2CC(Nc3ccccc3)=NC=C2C=C1,1,0.9999998807907104,1
OCC1NC=NC(N2C=C(Cl)C(Cl)=CC2)CC1F,C1=CCN(C2CCCNC=N2)C=C1,0,2.0557529012421583e-07,0
CNC1=NCN(C2[C-]C=C(Cl)C(Cl)=C2)NC(=CC=CCN)CO1,C=C1COC=NCN(C2[C-]C=CC=C2)N1,0,3.149394967039143e-09,0
CC=C(Cl)C(Cl)=CC1N=C(NCCO)C2[S+]C=CC=C2N1,C1=C[S+]C2C=NCNC2=C1,1,1.2764796331055095e-08,0
FC=CC=C1C[N+]=C=N1,C=C1C[N+]=C=N1,0,1.504204050206681e-08,0
OCCNC1=NC=NCC1=CC=C1C=C(Cl)C=CC1,C1=CCC(=CC=C2C=NC=NC2)C=C1,0,0.00029581552371382713,0
Clc1cccc(NC2C=CC=C=BN[B-]=CNC2)c1,B1=C=CC=CC(Nc2ccccc2)CNC=[B-]N1,1,1.0,1
CC=C=[B-]1N=C2N=CC1=CNCCNC(=CC=CCl)C=C2Cl,C=[B-]1N=C2C=CC(=C)NCCNC=C1C=N2,0,1.6814603043258103e-08,0
CC1(Cl)C=CN(N2N=C3CC2=CCN3CCO)C1Cl,C1=CN(N2N=C3CC2=CCN3)CC1,0,2.856910930049139e-09,0
CN=C(S)NCC1=C(Cl)C=[N+]CC1,C1=CCC[N+]=C1,1,4.2688290591286204e-07,0
OCCNc1nc(NC2=[O+]CC=C(Cl)C2=CCl)nc2ccccc12,C=C1C=CC[O+]=C1Nc1ncc2ccccc2n1,1,1.0,1
[B-]CC(Cl)=CC=C1NCN(NCCO)CC=CC=C=[P+]1,C=C1NCNCC=CC=C=[P+]1,0,3.82796017106557e-09,0
OCCNc1nc2nc3cccc(c13)CC(Cl)C(Cl)=C2,C1=Cc2ncc3c(cccc3n2)CC1,1,4.186292790109292e-05,0
CC(=CC=CNC=C1OC2=C1CNC2)CCl,C=C1OC2=C1CNC2,1,1.2388523984441235e-08,0
OC1CNC=NC2C1=CC=CC=CNC1=CCN2C=C1Cl,C1=CC=C2CCNC=NC2N2C=CC(=CC2)NC=C1,1,5.3693337775939654e-08,0
C=CP=C=c1nc(N2C=CC(Cl)=CC2)nc(NCCO)c1=C,C=c1cnc(N2C=CC=CC2)nc1=C,0,4.522654695193751e-09,0
Clc1ccc2cc1OCCCCC(c1c3cccc1N3)=NCN2,c1cc2cc(c1)OCCCCC(c1c3cccc1N3)=NCN2,1,0.999953031539917,1
OCCNC1=NC(Cl)CC=CC=C[O+]1,C1=CCCN=C[O+]C=C1,0,3.131449322069102e-09,0
OCCC12C=CC=CC(NCC=C1CCl)N2,C1=CC2C=CCNC(C=C1)N2,0,2.0067197965545347e-06,0
COC=C(Cl)C(Cl)=CC=CNC(=NC1=C=CC=CC1)C1CCC1,C1=CC=CCC=1N=CC1CCC1,0,3.345118315678519e-08,0
CC=COCCC1=C(CC=C(Cl)C(C)C)C=CCON2C=NCCC2[B-]O1,[B-]1OC=CC=CCON2C=NCCC12,0,1.0645612391613213e-08,0
[O-]CC=CC=[PH]1CN=C(Nc2ccc(Cl)c(Cl)c2)C1NCCO,C=[PH]1CN=C(Nc2ccccc2)C1,1,1.0,1
ClC1=CC=COCNC2=NC(=N[P-]3=CC=CC=C23)C=C1Cl,C1=CC=CC2=N[P-]3=CC=CC=C3C(=N2)NCOC=C1,0,7.31065785686269e-09,0
C1=CNCCCCN=1,C1=CNCCCCN=1,0,5.638942093355581e-05,0
OCCC1=CNC2=Nc3ccccc3N(C=C(Cl)C(Cl)=C1)N2,C1=CC=CN2NC(=Nc3ccccc32)NC=C1,1,1.0,1
C=C1CC=C1CC1C2N=C(NCC=CC=CCCl)NC1(NCCO)O2,C=C1CC=C1CC1C2N=CNC1O2,0,6.423235987540465e-08,0
CCNCCC=C1CC=C(Cl)C(Cl)=CNc2ccccc2NC=N1,C=C1CC=CC=CNc2ccccc2NC=N1,1,0.9999953508377075,1
ClOCCNc1nc(NC2=CCC(Cl)=C=C2)nc2ccccc12,C1=CCC=C(Nc2ncc3ccccc3n2)C=1,1,1.0,1
OCCNC1C=CC=CC=C2CCC2COc2ccccc21,C1=CC=C2CCC2COc2ccccc2CC=C1,0,0.9999194145202637,1
CC(N)C(Cl)=CC=CNC1=NN=C=CCCCCc2ccccc21,C1=CCCCCc2ccccc2C=NN=1,0,6.172463873355127e-09,0
CC=C(CCl)C1CC=CN=CC#CC(NCCO)N1Cl,C1#CCNCCC=CN=C1,0,2.604200517453137e-07,0
CCC(Cl)=COCCNC1C=C(OCCCNCCl)C=Nc2ccccc21,C1=CCc2ccccc2N=C1,1,0.9996147155761719,1
CC1=CC=C(Cl)C(Cl)=NC2=NCC(=CC1)C(NCCO)=N2,C1=CC=NC2=NCC(=CCC=C1)C=N2,0,9.14848570232607e-08,0
CP=Nc1cccc2[nH]c(NC=CC=CC(Cl)=CN)c-2c1,c1ccc2c[nH]c-2cc1,0,1.0,1
OCC1=NCCC(Cl)=CNC=Nc2ccccc2CN1,C1=CNC=Nc2ccccc2CNC=NCC1,1,1.1806475797015992e-08,0
OCCNc1nc(N[P-]2=CC=C(Cl)C(Cl)=C2)nc2ccccc12,C1=CC=[P-](Nc2ncc3ccccc3n2)C=C1,1,1.0,1
CC=CC=CNC1[O+]N=C2C=CC=CC=C1OCCN2,C1=CC=C2C[O+]N=C(C=C1)NCCO2,0,4.324129349697614e-06,0
O[N+]C1C=C=CN=C(Nc2ccc(Cl)c(Cl)c2)N=CNC1,C1=CCCNC=NC(Nc2ccccc2)=NC=1,1,1.0,1
COCCC1=NCN(C2(Cl)C=C2)c2ccccc21,C1=CC1N1CN=Cc2ccccc21,1,9.85768622285832e-08,0
Clc1ccc(N2OCCC(Cl)C3=CCN=CN32)cc1,C1=NCC=C2CCCON(c3ccccc3)N12,0,1.2822411008528434e-05,0
C=C1CNCN=Cc2ccccc2NCCCCN=CC=C1Cl,C=C1C=CC=NCCCCNc2ccccc2C=NCNC1,1,0.383163720369339,0
CC1(N2C=C(Cl)C(Cl)=CC2)N=C(NCCO)C2C=CC1=C2,C1=CCN(C2N=CC3C=CC2=C3)C=C1,1,0.9917968511581421,1
CCC=CC#CCP1NC2C=CC=CC2N=C1CCl,C1=CC2N=CPNC2C=C1,0,1.1625206575160973e-08,0
OCCNc1nc(NC2C=C(Cl)C(Cl)=C2)n[b-]2c1=CC[B+]C=2,[B+]1C=[b-]2nc(NC3C=CC=C3)ncc2=CC1,0,4.680466361151048e-07,0
N#[S+]1CC=CCC1BCl,C1=CC[SH+]CC1,0,9.628017869545147e-05,0
ClC1=NOCCC2=NC(=NC3C=C23)CC=CC=C1,C1=CC=NOCCC2=NC(=NC3C=C23)CC=C1,0,1.2820620440834318e-06,0
NOCCNCC1=C[C-]=C=CC1=C1N=C2CC=C(Cl)C(Cl)=C[SH]1#CN2,C1=[C-]C=CC(=C2N=C3CC=CC=C[SH]2#CN3)C=1,0,3.767781109331736e-08,0
CC=CCC12CC1N(CON)C(C)C(Cl)C(Cl)=CCN2,C1=CCNC2CC2NCC1,1,5.327387242459736e-08,0
CC(N)CCONC(Cl)N=[SH]C1=CC(Cl)=[P+]=CC1,C1=CCC=[P+]=C1,0,2.0925905118929222e-05,0
Clc1ccc(N2NN=C3COCC2CCN3)cc1,c1ccc(N2NN=C3COCC2CCN3)cc1,0,2.6761974822875345e-06,0
CC(Cl)=CCCCNCCC=C1N=C(NCCO)c2c3ccc(c2N1)C(Cl)C3,C=C1N=Cc2c3ccc(c2N1)CC3,0,0.00014356714382302016,0
OCCNC1=NC(Nc2ccc(Cl)c(Cl)c2)=NC2=CCC#CC21,C1#CC2C=NC(Nc3ccccc3)=NC2=CC1,0,1.0,1
Clc1ccc(Nc2[b-]#cc3ccccc3n2)cc1Cl,[b-]1c(Nc2ccccc2)nc2ccccc2c#1,1,1.0,1
COCNC1=NC2=NCC1C=CCCC=CC(Cl)=C(Cl)N2,C1=CCCC=CC2C=NC(=NC2)NC=C1,0,3.5653504593113894e-09,0
OCCNC1=NC(c2ccc(Cl)cc2)=Nc2ccc1cc2,C1=NC(c2ccccc2)=Nc2ccc1cc2,1,1.0,1
CNc1c#cccccnc(CONc2ccc(Cl)c(Cl)c2)n1,c1ccccnc(CONc2ccccc2)ncc#1,1,0.9999958276748657,1
ClCCC(Cl)=COC1=C=NCN1,C1=CNCN=1,0,6.873493774151029e-09,0
ClCNC=C1C=[B-]=CC(Cl)=C1,C=C1C=[B-]=CC=C1,1,1.0,1
CC1(Cl)CC=C1C=CC=CC=CC1NC=CN=CCCNNCCON1,C(=CC=CC1NC=CN=CCCNNCCON1)C=CC1=CCC1,1,0.9999008178710938,1
OC1=C(C=C(Cl)CCl)Nc2nc(c3ccccc3n2)NCCCCCC=C1,C1=CCCCCCNc2nc(nc3ccccc23)NC=C1,1,1.0,1
CCNC1=NC(NCC=C(Cl)C(Cl)I)=NC2OCC[C-]=CC=C12,[C-]1=CC=C2C=NC=NC2OCC1,0,4.750891548610525e-06,0
OCCNc1[c-]c(Nc2ccc([P+])c(Cl)c2)nc2ccccc12,[c-]1cc2ccccc2nc1Nc1ccccc1,1,1.0,1
COCC1[C-]C=CC2C=CC(N1)C(NCC=CCCl)=N2,[C-]1C=CC2C=CC(C=N2)NC1,0,8.965658935267129e-07,0
OCCNC1=CC=CNC#CC=CC=CCC(C2C=C2)Nc2ccc(Cl)c(Cl)c21,C1#CNC=CC=Cc2ccccc2NC(C2C=C2)CC=CC=C1,1,0.9023641347885132,1
C=CCC1=NCNC2=CC=C(Cl)C2NC(=CC=CN=C)C=CC=C1,C=C1C=CC=CC=NCNC2=CC=CC2N1,0,0.9792183041572571,1
ClC1=CCN(C2=NC=C3C=CC=C3OCCC2)CC1,C1=CC2=CN=C(N3CC=CCC3)CCCOC2=C1,0,2.2601030380542397e-08,0
C=CCC(N)C(Cl)=CCNC(Cl)C1=CC=CC=CCCCO1,C1=CC=COCCCC=C1,0,3.3924587583555876e-09,0
CNC1=NN(C(=CC=CCl)CCl)C=NCC(COC)C=CC1,C1=CCCN=CNN=CC1,0,1.1188810276507866e-05,0
CC=C=C1C2CCNCCOC=CNC(=CC)C=C(Cl)C1N=C2NCCC,C=C1C=CC2N=CC(CCNCCOC=CN1)C2=C,0,0.004003982525318861,0
NN=C(N=C(CCO)c1ccccc1)c1ccc(Cl)c(Cl)c1,N=C(N=Cc1ccccc1)c1ccccc1,1,1.0,1
C=CN=C1NCC=C(Cl)C(C)=CC(=CN)C=C=[SH]1,C=C1C=C=[SH]C(=N)NCC=CC=C1,1,2.7167002869532553e-08,0
CCN1CCC(=[O+]C=CC=CNc2ccc(Cl)c(Cl)c2)N1,C(C=C[O+]=C1CCNN1)=CNc1ccccc1,1,1.0,1
C=C1C[C+](C[O+]NC(Cl)N=c2c3ccccc23)C=C1Cl,C=C1C=C[C+](C[O+]NCN=c2c3ccccc23)C1,1,1.0,1
OCCN1C=NC(Nc2ccc(Cl)c(Cl)c2)=NC=CC=CC1,C1=CCNC=NC(Nc2ccccc2)=NC=C1,1,1.0,1
OCCNC1=NC2C=CC=C(Cl)C(Cl)Nc3cccc2c31,C1=CCNc2cccc3c2C=NC3C=C1,1,3.205429675290361e-05,0
C=CN=CC1=NCNC#CC=C(Cl)CCCC2=C(C=C=C(Cl)ONN=CC#CC=CC=CNCN2)c2ccccc21,C1=CONN=CC#CC=CC=CNCNC2=C(C=1)c1ccccc1C=NCNC#CC=CCCC2,1,0.9064553380012512,1
CC=CCCCN1CC=NCN=C(CC=C(Cl)C(Cl)=CCI)N=C(CCON)C1N,C1=NC=NCN=CCNC1,0,1.0506365697438014e-06,0
OCCNC1=NCNC#CC=CC1,C1#CNCN=CCC=C1,0,2.3172711735242046e-05,0
CC1CON(Cl)N(c2cccc(Cl)c2)C=Nc2ccccc21,C1=Nc2ccccc2CCONN1c1ccccc1,1,0.0005227111396379769,0
C=CC(Cl)=[C+]C=[S+]=C1N=C(NCCO)c2cccc1c2,[S+]=C1N=Cc2cccc1c2,1,1.0,1
CCC1NOCCNC=CCN=CCC(c2ccccc2N=CNC(C=CCl)C=CCl)O1,C1=CNCCONCOC(c2ccccc2)CC=NC1,1,0.0004784472694154829,0
C1=CCNC(C2C=C2)CC=C1,C1=CCNC(C2C=C2)CC=C1,0,2.992281533664709e-09,0
CCN1C=C=CC=CN=C(C=CC=C(Cl)CCl)N=C1,C1=CC=CN=CN=CNC=1,0,1.1369626236046315e-06,0
CNCCC1=C(Cl)C=CC=CN=Cc2ccc(cc2Cl)NC2=NCC(C1)C(NCCO)=N2,C1=CC=CN=Cc2ccc(cc2)NC2=NCC(C=N2)CC=C1,1,1.0,1
CB1ON(CC=CCl)C(N)(C=CCl)C=NC2=CC[B+]C=C12,[B+]1C=C2BONCC=NC2=CC1,0,5.471066710782679e-09,0
C=C(Cl)C(Cl)=CC=CN1[C+]=C(N)c2ccccc21,[C+]1=Cc2ccccc2N1,0,0.12612269818782806,0
ClC1=CC(Cl)C=C[P+]1,C1=C[P+]C=CC1,1,6.039661002432695e-06,0
OCCNC1(CO)c2ccccc2N=NC2(C(Cl)=CC3OCC32)C1Cl,C1=CC2(CCc3ccccc3N=N2)C2COC12,0,0.9999912977218628,1
C=C(Cl)C(Cl)=CC=CNC1=COCNC(=N[O+]2C=N2)C=CC=C1,C1=CC=CC(=N[O+]2C=N2)NCOC=C1,0,2.918241426286272e-09,0
C=CC(Cl)=CCNC1=NC=CC=CC=[N+]=C(NCOCC)N1,C1=CC=[N+]=CNC=NC=C1,0,7.091902176625808e-08,0
CC(=NC1=CC=CC#COC2=CNC=[P-](Cl)#CC(Cl)=CC3(CC=CC=C3N2)N1)NCCO,C1#COC2=CNC=[PH-]#CC=CC3(CC=CC=C3N2)NC=CC=C1,1,0.9999997615814209,1
OCCNC1=NC2=NC(=C(Cl)C=CC=CC=CCC=Cc3cnccc3N2)C1,C1=CC=CCC=Cc2cnccc2NC2=NC(=CC=C1)CC=N2,1,0.9899576306343079,1
Clc1ccc(NC2=NC3=C=CC=CC3NCCO2)cc1Cl,C1=CC=CC2NCCOC(Nc3ccccc3)=NC=12,0,1.0,1
C=C(Cl)C1CC2=CC=CC(NCCO)C(SC#[S+]CNC=CC=CCl)=NC=CC1N2,C1=CCC=NC=CC2CCC(=C1)N2,0,0.01748262159526348,0
ClCCC1=CC2(C=C2)C=C1Cl,C1=CC2(C=C1)C=C2,0,0.004845809657126665,0
CCNC1=NCNC(=CC=C(Cl)CCl)OC=Nc2ccccc21,C=C1NCN=Cc2ccccc2N=CO1,0,0.9999998807907104,1
ClCCNC1ONC(Nc2ccc(Cl)c(Cl)c2)=NC2=CC1[O+]=C=C2,C1=CC2=CC(CONC(Nc3ccccc3)=N2)[O+]=1,1,0.9920268654823303,1
CC1O[P+]C(N2C=CC=CC2(Cl)Cl)=Nc2ccncc21,C1=CCN(C2=Nc3ccncc3CO[P+]2)C=C1,0,3.854982111306526e-09,0
OCCC=NOCC=CC=C1C#CC(Nc2ccc(Cl)c(Cl)c2)c2ccccc21,C=C1C#CC(Nc2ccccc2)c2ccccc21,1,1.0,1
COc1ccc(CCN2C(=O)c3[nH]nc(-c4cc(Cl)c(C)cc4O)c3C2c2ccccc2F)cc1,O=C1c2[nH]nc(-c3ccccc3)c2C(c2ccccc2)N1CCc1ccccc1,1,1.0,1
C=CC=CN=CC1CN=CONC=Nc2ccccc21,C1=NCCc2ccccc2N=CNO1,1,0.04248432442545891,0
ClC1=CC=NC2=NC3=C=CC(CC=C1Cl)OCCNC(=N2)C3,C1=CC2CC=CC=CC=NC3=NC=1CC(=N3)NCCO2,0,2.0497774144700998e-08,0
Cc1nc(Nc2ccc(Cl)c(Cl)c2[O-])nc2c1=CC=C=[N+]=2,C1=CC=c2cnc(Nc3ccccc3)nc2=[N+]=1,1,1.0,1
ClC=CC=C1C=C(Cl)C(=NC2C=CC=C2)N=CCCON1,C=C1C=CC(=NC2C=CC=C2)N=CCCON1,0,6.693350762532191e-09,0
OCC1N=C=CN=CC(C=CCl)CC=C1Cl,C1=CN=CCCC=CCN=1,0,0.00017812704027164727,0
C=C1C(=O)O[C@H]2CC(=C)[C@@H](O)CC/C(C)=C\[C@@H](O)[C@H]12,C=C1CCC/C=C\C[C@@H]2C(=C)C(=O)O[C@H]2C1,0,0.00884753093123436,0
C=C1C=CN=C(NC=CC=C(Cl)CCl)N=C(NCCO)C#[N+]C1,C=C1C=CN=CN=CC#[N+]C1,1,0.9993077516555786,1
C=CC=CC=CN=C=C1NCCC=CN=CNCCON1Nc1ccc(Cl)c(Cl)c1,C=C1NCCC=CN=CNCCON1Nc1ccccc1,1,1.0,1
NC1C=CC=CN=C(c2ccc(Cl)c(Cl)c2)N=CN1CCO,C1=CCNC=NC(c2ccccc2)=NC=C1,1,1.0,1
NC(=NC1=CC=CC=[P-]1#CNCCO)Nc1ccc(Cl)c(Cl)c1,C1=CC=C(N=CNc2ccccc2)[PH-]=C1,1,1.0,1
CC1=C2C=CC(O)=NC(NCC=C(N)CCCl)C2=C1,C1=CC2=CC=C2CN=C1,1,6.574469352926826e-06,0
Nc1cc(NC2=C(CCO)C=C=CC=CN2)ccc1Cl,C1=CC=CNC(Nc2ccccc2)=CC=1,1,1.0,1
C=C=CC1CC(NCCO)=NCNC(Cl)=CC([S-]=CCl)=C=N1,C1=CC=CNCN=CCCN=1,0,1.598369969713076e-08,0
C=C(Cl)C(Cl)=CC=P#CNC1N=C(NCCO)CC(=CC[P+]=CC)O1,C=C1CC=NCO1,0,1.3938572074323474e-08,0
O[C-]CCNC[C-]=C=C1C2=CN=C1N=CC=C[C-]2Cl,C=C1C2=CN=C1N=CC=C[CH-]2,0,4.718306634288183e-09,0
OCCNc1nc2nc3cccc(c13)[SH](Cl)C=CC2C=CCl,C1=CSc2cccc3nc(ncc23)C1,0,0.994045615196228,1
OCCNc1nc(NC2=C[P+](Cl)=CC(Cl)=[P-]2)nc2ccccc12,C1=[P-]C(Nc2ncc3ccccc3n2)=C[PH+]=C1,1,1.0,1
CC=CC=CN=C1CONCNB=C=N[N-]1,N=C1CONCNB=C=N[N-]1,0,1.3960389289024988e-08,0
NOCCc1nc(CCCCNC2=C([P+])C(Cl)CN=C2)nc2ccccc12,C1=NCCC=C1NCCCCc1ncc2ccccc2n1,1,1.0,1
C=C[B-]=C[O+]C1=[P-]c2cc(cc(Cl)c2Cl)NC(N=CNCCO)=NN1,C1=NNC=[P-]c2cccc(c2)N1,1,0.1935550421476364,0
NCCC1=CCCCCC=C=CC(=C=C(N)CCl)NCN=C(NCCO)C1,C=C1C=C=CCCCCC=CCC=NCN1,0,8.483294955397014e-09,0
OCCN1C=NNc2ccccc21,C1=NNc2ccccc2N1,0,0.9994946718215942,1
OCCNC1C(Cl)=CCN(F)c2nc1c1ccccc1n2,C1=CCc2nc(nc3ccccc23)NC1,1,1.0,1
N#CCCCCCO[P-]#CCN1CC2C=CC(N)=C1NC2C=C(Cl)CCl,C1=CC2CNC(=C1)NC2,0,0.9999998807907104,1
C=NC=CC=CCOC1C=CCOCCNCC(C)=C=NSNC1=CC=C(Cl)C(Cl)=CCNCCCC,C=C1CC=CCOCCNCC=C=NSN1,1,6.5119429848437e-08,0
OCCNC1=NC2=NC3(CC=C13)C(Cl)=CC=CN2,C1=CNC2=NC3(C=C1)CC=C3C=N2,0,0.8174293637275696,1
ClC1=CC(N2CN=C3CC=CC=C(N2)OCCN3)C1,C1=CCC2=NCN(C3C=CC3)NC(=C1)OCCN2,0,0.9956949949264526,1
Clc1ccc(C2=NCC=CC=COCCNC=N2)cc1Cl,C1=CCN=C(c2ccccc2)N=CNCCOC=C1,0,0.9999909400939941,1
CC(Cl)C[O+]1CN=C2CC#[PH]CC(N1)OCCN2,C1#[PH]CC2N[OH+]CN=C(C1)NCCO2,1,4.8136432617695846e-09,0
CC=CC=CN=C(N=C1NCCOC1=CN)c1ccc(Cl)c(Cl)c1,C=C1OCCNC1=NC(=N)c1ccccc1,0,1.0,1
CN1C=C(Cl)C(Cl)=CC=Nc2ccccc2C(=NN)CO1,N=C1CONC=CC=CC=Nc2ccccc21,0,0.00638257572427392,0
C1#CCCC=CC=C1,C1#CCCC=CC=C1,1,5.2675384054623464e-09,0
N[P-]1=C=CC2C=1C(NCCO)=NC2Nc1ccc(Cl)c(Cl)c1,C1=CC2C(=[P-]=1)C=NC2Nc1ccccc1,1,1.0,1
C=CC1C=C(Cl)C(Cl)=CC(=N)C(N=CF)=N1,N=C1C=CC=CCN=C1,0,0.9999728202819824,1
ClC1=NC#CCC#CC=CC(Cl)C=CC=CN1,C1#CCC#CN=CNC=CC=CCC=C1,0,0.9999955892562866,1
CC(=CCBC1=NC2C=CC=C(CNCCO1)OCC=N2)CCl,C1=CC2N=CCOC(=C1)CNCCOC=N2,0,7.701575377438985e-09,0
C=C(Cl)C=CP=[P-]1=C=NCC(Cl)=NC2=CC=COC2C1,P=[P-]1=C=NCC=NC2=CC=COC2C1,0,5.0294008957507685e-08,0
CC1C(Cl)=CC=CC2=NC=CC=CC1(N)N(CCO)C=N2,C1=CCC2C=CC=CN=C(C=C1)N=CN2,0,2.9799755907333747e-07,0
OCCNC1=NC(Nc2ccc(Cl)c(Cl)c2)=NC#[S-]C=CC=C1,C1#[S-]C=CC=CC=NC(Nc2ccccc2)=N1,1,1.0,1
CCN1C=C=CC=CN=C(c2cc(Cl)c(Cl)cc2O)N=C1,C1=CC=CN=C(c2ccccc2)N=CNC=1,1,0.9999991655349731,1
CCNCC1=NC2(Cl)C=C(Cl)CC(=C=CC=C=S1OC)N2,C1=CC=C=C2CC=CC(N=C[SH]=1)N2,0,2.8778797123152344e-09,0
ClCCC=CC=CNC1=NC23C=CCNC2C(=N1)O3,C1=CC23N=CN=C(O2)C3NC1,0,8.974566867436806e-08,0
Nc1ccccc1C(=NC1OCCOC=CC=CC1Cl)NCCO,C1=CCC(N=Cc2ccccc2)OCCOC=C1,1,6.3982456595113035e-06,0
ClCC(Cl)=CC=CNOC[S+]1=CCC=CC=CN=C1,C1=CCC=[SH+]C=NC=C1,0,3.0511787940668e-07,0
NCC=C=C1CC2=NC(=N1)NCC=CC(Cl)OCC2,C=C1CC2=NC(=N1)NCC=CCOCC2,0,4.0853795901796275e-09,0
OCCNC1=NCN2C=C=C(Cl)C(Cl)=CN2C(=CCCl)C1,C=C1CC=NCN2C=C=CC=CN12,1,9.569498615746852e-08,0
OCCNC1=NP=CCCC(Cl)=C[N+]C(Cl)=CCNC=NCC1,C1=C[N+]C=CCNC=NCCC=NP=CCC1,0,0.0003059804439544678,0
ClC1=CCOCCNc2nc3ncccccc2C=[S+](C=C1Cl)N3,C1=CCOCCNc2nc3ncccccc2C=[S+](C=C1)N3,0,0.0003709792217705399,0
O=C1CCCC2=C(Cl)C(Cl)=CC1=C(NCCO)C=CC=C=N2,O=C1CCCC2=CC=CC1=CC=CC=C=N2,1,5.693166382769732e-09,0
O=C1NN(C(C=CCl)=CCCl)CN=C1NCCO,O=C1C=NCNN1,0,1.5255244179002148e-08,0
CC1=CCN=C(Nc2ccc(Cl)c(Cl)c2)NOCCN1,C1=CNCCONC(Nc2ccccc2)=NC1,0,0.9946874380111694,1
CC=CC(Cl)C1=NC2CNC(CN(C)OCC1)C(Cl)=CC=CN2,C1=CNC2CNC(C=C1)CNOCCC=N2,0,1.0056509381684009e-05,0
[B+]CNC1C=NC(ONC(C#C)CCl)=Nc2cccc1c2,C1=NC=Nc2cccc(c2)C1,1,1.0,1
NC1=CC=CC=CC2C(Cl)=C(CCO)NC2N=CC1,C1=CC=CC2C=CNC2N=CCC=C1,0,3.6769904898648065e-09,0
C=C(CCl)NC1N=C(CNC[S+])C12CC=CCO2,C1=CCC2(C=NC2)OC1,0,1.1278588729624062e-08,0
OCCNC=[P-]1[O+]C(Nc2ccc(Cl)c(Cl)c2)=Nc2ccccc21,C=[P-]1[O+]C(Nc2ccccc2)=Nc2ccccc21,1,1.0,1
ClC=CC1=CC=C(Cl)C2=NC=CC[S+]=CCCCON2N1,C1=CNN2OCCCC=[S+]CC=CN=C2C=C1,0,0.003164769383147359,0
OCCNc1nc(N2B=CC(Cl)=CC=C2)nc2ccccc12,B1=CC=CC=CN1c1ncc2ccccc2n1,1,1.0,1
C=C1C(=CC=C(Cl)CCl)NC1=NC1C=CC=C(NCCO)C1,C=C1NC(=NC2C=CC=CC2)C1=C,0,8.332330381222164e-09,0
CC1N=NC(Nc2ccc(Cl)c(Cl)c2)=NC=CC=CC1O,C1=CCCN=NC(Nc2ccccc2)=NC=C1,1,1.0,1
C1=CC=C2COCCC(=C1)C=N2,C1=CC=C2COCCC(=C1)C=N2,0,0.0014331438578665257,0
CC1CCN(Cc2ccc(NC(=O)c3cc4ccc5ccc[nH]c5c4n3)cc2)CC1,O=C(Nc1ccc(CN2CCCCC2)cc1)c1cc2ccc3ccc[nH]c3c2n1,1,8.725264066811178e-09,0
NC1(c2ccc(Cl)c(Cl)c2)N=C(CCO)C2=C1CC=C2,C1=CC2=C(C1)C(c1ccccc1)N=C2,0,0.4740385115146637,0
COCCC1=NC=C=NC=CC=C1,C1=CN=CC=CC=CN=1,1,2.6685933335102163e-05,0
C=C1C=C(NC2=NC(=CCB=CC)CC(NCCO)=N2)C=C1Cl,C=C1C=CC(NC2=NC(=C)CC=N2)=C1,1,7.786431943657135e-09,0
CC(=NC(=NCOCCC=CC=C1C=N1)Nc1ccc(Cl)c(Cl)c1)NCCO,C(=CCCOCN=CNc1ccccc1)C=C1C=N1,1,1.0,1
OC[B-]=NC1=NC(Nc2ccc(Cl)c(Cl)c2)=NCC2=CC=C21,C1=NC(Nc2ccccc2)=NCC2=CC=C12,1,1.0,1
CCOCCNC1C=CC=C(Cl)C(=CN)C23CC=C2C=C3N1,C=C1C=CC=CCNC2=CC3=CCC132,1,5.993730383124785e-07,0
C=C1C=C=[S-]=C2C1=CNC1C=C(Cl)C(Cl)=CN21,C=C1C=C=[S-]=C2C1=CNC1C=CC=CN21,1,0.16033700108528137,0
CCCC=CC=C1CN=C2N=C1CCOC(Cl)=CC=CNNCC1CCN21,C=C1CN=C2N=C1CCOC=CC=CNNCC1CCN21,0,3.0576958742756233e-09,0
COCCNC1=NN(C2=CC(Cl)C2)C=NCC=CC=C1,C1=CC=NN(C2=CCC2)C=NCC=C1,0,0.5391288995742798,1
C#CC=C1CCNCC(O)=NC1NC1=CC=C(CCl)C1Cl,C=C1CCNCC=NC1NC1=CC=CC1,0,1.1874320904325941e-07,0
CC1CN2OCCNC=C=CC=CN=NC2=C1Cl,C1=CC=CN=NC2=CCCN2OCCNC=1,0,2.588992664698253e-08,0
ClC1=C[SH]=C(N2C=NC#[S+]=CC=CC#CNCON2)C=C1Cl,C1#CNCONN(C2=[SH]C=CC=C2)C=NC#[S+]=CC=C1,1,3.710072915552587e-09,0
ClC1=CN(OCCC2=CN=C(Cl)N=C=C=CC=C2)C=CC1,C1=C=NC=NC=C(CCON2C=CCC=C2)C=CC=1,0,0.016902515664696693,0
CC=CCCCNCC1=C=CC=CN=CC2=CCC(=C2)OCCON1Cl,C1=CC=CN=CC2=CCC(=C2)OCCONC=1,1,3.464090125859798e-09,0
CC1=CC=CC(Cl)=NC2C=CC#CC2C1NCCO,C1#CC2CC=CC=CC=NC2C=C1,1,6.9215288931445684e-06,0
C=C1C(Cl)=CC=CN1c1nc(NCCO)c2c(n1)=C=[C-]CC=2,C=C1C=CC=CN1c1ncc2c(n1)=C=[C-]CC=2,0,7.768320529066841e-07,0
Cc1cc(NC(C=CC=C=CCl)C(NCCO)c2ccccc2)ccc1N,c1ccc(CCNc2ccccc2)cc1,1,0.9999991655349731,1
COC(=O)C(O)C1C(C)(C)C(=O)C2C[C@]3(O)[C@@H]4CC(=O)O[C@@H](c5ccoc5)[C@]4(C)CC[C@@H]3[C@@]1(C)C2=O,O=C1C[C@H]2C3CC4C(=O)CCC(C4=O)[C@H]3CCC2[C@H](c2ccoc2)O1,0,0.9764729738235474,1
CC1=NNc2c(C)[nH]c(c2Cl)CC1,C1=NNc2c[nH]c(c2)CC1,0,4.4145100908110635e-09,0
ClC1C2=NC3=C1C=CC=COCNC23,C1=COCNC2C3=NC2=C(C=C1)C3,0,3.169994045038038e-09,0
CC(=CC=CNC1=NC(C=CCN)CC(CO)=[P-]1=N)C(C)Cl,N=[P-]1=CCCN=C1,0,7.717394510109443e-06,0
OCCN[C-]1NC2=Nc3ccc1c(c3)C(C(Cl)=CCCl)N2,c1cc2c3cc1N=C(N[CH-]2)NC3,1,0.9997848868370056,1
CCNC=CN=C1C=C(Cl)C(Cl)C(c2nc(NCCO)c3ccccc3n2)=N1,N=C1C=CCC(c2ncc3ccccc3n2)=N1,1,1.0,1
ClC1=CC(=CNC(Cl)NOCCNCC2=C=C=C2)[C-]=C=C1,C1=[C-]C(=CNCNOCCNCC2=C=C=C2)C=CC=1,1,0.1134219542145729,0
[O-]C=CC=C1COCCNONCNC(=CCl)[C+]=C=C1Cl,C=C1C=C=[C+]C(=C)NCNONCCOC1,0,0.9961628913879395,1
ClCC=CCNC1=NC23CC=CC12C3,C1=CC23C=NC2(C1)C3,0,6.281192899137977e-09,0
OCCNC1=NC(Nc2ccc(Cl)c(Cl)c2)=N[C+]2CC=CC=C12,C1=CC[C+]2N=C(Nc3ccccc3)N=CC2=C1,1,1.0,1
CC1(CC#N)C(Cl)=CCNC=CC1Cl,C1=CCNC=CCC1,1,0.0001196260709548369,0
OCCNC1C=CC=CN=Nc2ccccc2N1Cl,C1=CCNc2ccccc2N=NC=C1,0,1.0,1
ClC1=CC2ONC1=C1N=CN=CC1C=CC[S-]2,C1=CC2C=NC=NC2=C2C=CC(ON2)[S-]C1,0,6.204206215443264e-08,0
Cn1c(=NC2C=CC=COCCC2)[nH]c2cc(Cl)c(Cl)cc21,C1=COCCCC(N=c2[nH]c3ccccc3[nH]2)C=C1,0,1.0,1
CC1OCC2NC3=NC(=NCC3=CC=CCO2)C=CC=C1Cl,C1=CCOCC2NC3=NC(=NCC3=CC=CCO2)C=C1,1,0.0006824105512350798,0
C=CCNC1=NC=CC=CC=C=[PH]=N1,C1=CC=CC=CN=CN=[PH]=1,0,0.05765966325998306,0
C=CC=c1nc2nc(NCCOCl)c1=CC=CCOCCCCC=NC1COC(C=C1Cl)N2,C=c1nc2ncc1=CC=CCOCCCCC=NC1C=CC(N2)OC1,1,9.832636749251833e-08,0
OCCNC1=NCNCC=CC=C=CNC2=CC=C21,C1=CC=CCNCN=CC2=CC=C2NC=1,0,5.436427308325165e-09,0
C1#C[PH]#CC=C1,C1#C[PH]#CC=C1,1,0.9999997615814209,1
C=CC1CNN(C=CC#CF)C1NCCOCC=CCOC,C1CNNC1,0,4.4719624270328495e-07,0
ClC1=CCN(C2=C3CC=CC=C(CN2)OCC3)C=C1Cl,C1=CCC2=C(N3C=CC=CC3)NCC(=C1)OCC2,1,0.15189488232135773,0
N=C=C=NN1C=NC=CC=N1,C1=CN=CNN=C1,0,0.9999997615814209,1
OCCNC=NC(=BNc1ccccc1)Nc1ccc(Cl)c(Cl)c1,B(=CNc1ccccc1)Nc1ccccc1,1,1.0,1
COCCC1=NC(N)(c2cc(Cl)c(Cl)cc2N)C(CN=CCNCCCO)=CC1C,C1=CC(c2ccccc2)N=CC1,1,0.9998784065246582,1
[C-]C1(Cl)CC=C(Nc2nc(NCCO)c3ccccc3n2)C=C1Cl,C1=CC(Nc2ncc3ccccc3n2)=CCC1,1,1.0,1
C=C1NC=C=CC=CC(CCOCC)=NN1,C=C1NC=C=CC=CC=NN1,0,7.37070877221413e-05,0
ClCC1=CC=CC=CCCCC1,C1=CC=CCCCCC=C1,0,1.326613130459009e-07,0
[C-]C1=[S-]=CC(=CNCl)C=[SH]1,C=C1C=[S-]=C[SH]=C1,0,1.0,1
C=CCN=C1CNCCCC(Nc2ccc(Cl)c(Cl)c2)N=CNCC1O,N=C1CCNC=NC(Nc2ccccc2)CCCNC1,1,1.0,1
Cc1ccc(NC2=N[S+]3=CC=[SH]C=C3N(CCO)N2)cc1Cl,C1=[SH]C=C2NNC(Nc3ccccc3)=N[S+]2=C1,1,1.0,1
[C-]#CNC1=NC(N=CC=C(Cl)C(=C)Cl)=NC#[P+]O1,C1#[P+]OC=NC=N1,1,9.466796235813035e-09,0
Cc1cc(C)c2nc(N3CCC(C(=O)NCCCN4CCC(N5CCCCC5)CC4)CC3)sc2c1,O=C(NCCCN1CCC(N2CCCCC2)CC1)C1CCN(c2nc3ccccc3s2)CC1,1,2.6015419280156493e-05,0
CC=NCCCOCC1CN=C(c2ccc(Cl)c(Cl)c2)C1NCCO,c1ccc(C2=NCCC2)cc1,1,1.0,1
CC1C(Cl)=CC(C#N)CCCCNOC(=NN)C1CCl,N=C1CCC=CCCCCCNO1,0,1.5464010516552662e-07,0
OC=CSCCCOCNC1=NC2(Cl)C=C2N2C=CC=C=C12,C1=CC=CN2C=1C=NC1C=C12,0,0.9995902180671692,1
NOCCNC1C2=CCC1C=C(CCCl)CC=C2,C1=CC2=CCC(C=CC1)C2,1,1.7625808368393336e-06,0
COc1cc([C@H](O)c2cc3c(cc2O)[C@@H](C)N[C@H](C)C3)cc2ccc(-c3ccc4c(-c5ccc6c(c5O)[C@@H](C)N[C@H](C)C6)c(CO)cc(OC)c4c3O)c(O)c12,c1cc(-c2ccc3c(c2)CNCC3)c2ccc(-c3ccc4cc(Cc5ccc6c(c5)CCNC6)ccc4c3)cc2c1,1,0.9999532699584961,1
ClC1=C2Cc3ccccc3C(=N2)[P+]CCOC(Cl)C=C1,C1=CCOCC[P+]C2=NC(=C1)Cc1ccccc12,0,1.2328624734436744e-06,0
ClC1=CCN(C2=NC3=CCC=CN2CCO3)CC1,C1=CN2CCOC(=CC1)N=C2N1CC=CCC1,0,1.7492595816293033e-06,0
[C-]OCCNCC1=NC(C)=NC=[N+]C=CC=C1,C1=CC=NC=NC=[N+]C=C1,0,1.4341257070782376e-08,0
CC1=CC=CN(SC=NC2C=C2)C1Cl,C1=CCN(SC=NC2C=C2)C=C1,1,3.87342291574555e-09,0
ClC1=CC=CNC(Cl)c2ccc(cc2)C1,C1=CCc2ccc(cc2)CNC=C1,1,1.3504265261587989e-08,0
NC1C=C2C=C1C(NCCO)=NC2Nc1ccc(Cl)c(Cl)c1,C1=NC(Nc2ccccc2)C2=CCC1=C2,1,1.0,1
ClC1CC2(Cl)NC=C1C=CCOCC2=CCNSCC1c2ccccc21,C1=CC2=CNC(CC2)C(=CCNSCC2c3ccccc32)COC1,1,0.00017475533240940422,0
ClC1=C[O+]=C(OCCNN2N=C3C=CC=[B-]=C=C3N2)C(Cl)C1,[B-]1=C=C2NN(NCCOC3=[O+]C=CCC3)N=C2C=CC=1,0,3.1410911560669774e-07,0
OCCNC1=NC(NC=CC=C=[C-]CCl)=NC2CC=CC2=B1,B1=C2C=CCC2N=CN=C1,0,0.006100565195083618,0
CC#CC=C(C=CCl)N=C[SH]=C=C1N=Nc2ccccc2C(NCO)=N1,C=C1N=Cc2ccccc2N=N1,1,1.0,1
OCCNC1=NC(C2=C=[N+]=CC(Cl)=C2)c2ccccc21,C1=[N+]=CC=CC=1C1N=Cc2ccccc21,1,1.0,1
C=COCCNC1=C2CC=C1C(Cl)=CCN2,C1=CC2=CCC(=C2)NC1,0,0.0010909306583926082,0
[N-]C=CCC=CC=c1ncc(=CCCl)nc1NCCO,C=c1cnc(=C)cn1,0,0.03391352668404579,0
ClC1=C=NC2C=CC=CC2OCC=C(Cl)C1,C1=CCC=CCOC2C=CC=CC2N=1,0,4.409385301329394e-09,0
ClC1=CN(C=Nc2ccccc2)C=CC#[S+]1,C1#[S+]C=CN(C=Nc2ccccc2)C=C1,1,1.0,1
COCCCC=CC1OCCC(=NC=CC=CCNC=C2C=CNC=N2)CNC=NNC1Nc1ccc(Cl)c(Cl)c1,C(C=CN=C1CCOCC(Nc2ccccc2)NN=CNC1)=CCNC=C1C=CNC=N1,1,0.9999995231628418,1
C=C1CNC(=NCC(=CC=CCl)CCl)C=CC=C1N,C=C1C=CC=CC(=N)NC1,0,5.391898927342709e-09,0
OCC[C-]N1CN(P2C=C(Cl)C(Cl)=CC2)Nc2ccccc21,C1=CCP(N2CNc3ccccc3N2)C=C1,1,0.9999929666519165,1
CCC=CC1CN=CN(C2=CC=CC2C)N(Cl)OCCN1,C1=CCC(N2C=NCCNCCON2)=C1,0,6.771862626209213e-09,0
[C-]C=C(Cl)C(Cl)=CC1CC=CCC(NCCO)=N1,C1=CCCN=CC1,0,4.202941106257185e-09,0
CC=CC1CN=C(Nc2ccc(Cl)c(Cl)c2)NOC1NCBr,c1ccc(NC2=NCCCON2)cc1,1,0.9999953508377075,1
CN(O)C=NC(Cl)NC=C1C=C=[S+](Cl)C=C1,C=C1C=C=[SH+]C=C1,0,0.9580895900726318,1
CCC1CCONCC=CCN(C2=CC2Cl)C=N1,C1=CCN(C2=CC2)C=NCCCONC1,0,4.7142947323663975e-09,0
CC(=CC=C(Cl)CCl)NC1=NC2=CC=C(O)CNC(=N1)C2,C1=CCNC2=NC=NC(=C1)C2,0,6.905059422024351e-07,0
CCNCc1ccccc1C(Cl)C=C1C=CC[S+]=C1,C1=CC(=CCc2ccccc2)C=[S+]C1,1,1.0,1
CC=C1C=C(Cl)C(Cl)C23C=C(C)CC=C2N=C(N=N3)N1,C=C1C=CCC23C=CCC=C2N=C(N=N3)N1,1,3.4421379080384895e-09,0
[C-]=C1C=CC=CN=[O+]C(NC=COCCl)N=C1NCCO,[C-]=C1C=CC=CN=[O+]CN=C1,0,1.0,1
C=CCC1(Cl)C(Cl)=CC=CN1C1(NCCO)NCC1C,C1=CCN(C2CCN2)C=C1,1,1.1936058363914981e-08,0
NC(Cl)C(Cl)=CC=CNC1=NC2=CC=C=C2C1NCO,C1=CC=C2N=CCC=12,0,5.183261819752261e-09,0
N[S-]1=C(CN=CNC2=C=C(Cl)C=C2)[SH](CNCCO)C[C-]=C1,C1=CC=CC=1NC=NCC1=[SH-]C=[C-]CS1,0,8.68034203449497e-06,0
C=C(Cl)C(Cl)=CC=CNC1NOCNOCCOC1=CC=CC,C=C1CNOCNOCCO1,0,1.0415144515718566e-06,0
ClC=CC=C1NCNc2ccccc2N1,C=C1NCNc2ccccc2N1,1,0.7419229745864868,1
CC(CC=CCNCCO)=NC1NCC(=CC=NC#CCC=CCl)CNC=C1Cl,C=C1CNC=CCNC1,1,7.185192441028221e-09,0
CN1C=CC=CNC(=CCl)CC1,C=C1CCNC=CC=CN1,0,4.7256403945539205e-07,0
OCCC=NC(C=C1C=C(Cl)C(Cl)=C[P+]1)=NC1=C=CC=C1,C1=CC=CC=1N=CC=C1C=CC=C[P+]1,1,1.0,1
OCCNc1nc(NC2=C(Cl)[C+]CC(Cl)=C2)nc2ccccc12,[C+]1C=C(Nc2ncc3ccccc3n2)C=CC1,1,1.0,1
B#CC1CN=C(NCC2=C(Cl)C=C=[P-]C2)N=C1Cl,C1=CC=C(CNC2=NCCC=N2)C[P-]=1,1,1.462093290882649e-08,0
C1=CNC2=NCC=CC3(C=C1)CC=CCC23,C1=CNC2=NCC=CC3(C=C1)CC=CCC23,0,2.5961560368159553e-07,0
C=NC1C=C(C)NCCOCCc2ccc(c(NOC)c2)C(CCCC)=NCN1,C1=CNCCOCCc2ccc(cc2)C=NCNC1,1,8.799855066854434e-09,0
Clc1ccc(CC2C=CC=CCN=CCN2)cc1Cl,C1=CCN=CCNC(Cc2ccccc2)C=C1,0,1.0,1
NC12C=CC(CN1CO)C21C=C(Cl)C(Cl)CN1,C1=CC2(NCC1)C1C=CC2NC1,0,8.40274427815757e-09,0
NN1CN(C2C=C(Cl)C(Cl)=CCOCC2)NC2=CN=C=CC21,C1=CC2NCN(C3C=CC=CCOCC3)NC2=CN=1,0,4.950508891710115e-09,0
C=CC=CC(C)C1C=NNC=C1N=C(Cl)c1cccc(Cl)c1,C1=NNC=C(N=Cc2ccccc2)C1,1,1.0,1
CC(Cl)=CC=C1CC=CC2CN=C(N=C2NCCO)N(Cl)C1,C=C1CC=CC2C=NC(=NC2)NC1,0,4.394213881653286e-09,0
ClC1=CCOC1C1C=CCNC=Nc2ccccc21,C1=CC(C2C=CCO2)c2ccccc2N=CNC1,0,1.0,1
C=CC=CC1=CCCN2C=C(CN1)N=C(NCC(Cl)C1C=C(Cl)C=C=CCC1)N=C2NCCO,C1=CC=CC(CCNC2=NC3=CN(C=N2)CCC=CNC3)CCC=1,0,1.601687316110656e-08,0
ClCC=CC=CC1=NC=C2C=CC[P-]=C2CCCON1Cl,C1=CC2=CN=CNOCCCC2=[P-]C1,0,2.97619617839473e-09,0
CCNC1=NC2=NC(C1)C(O)CC=C(Cl)C=CC=CN2,C1=CC=CNC2=NC(CC=N2)CCC=C1,1,2.6502270600303746e-08,0
Clc1cccc2c1C=CC=CC=COCCC=NCN2,C1=CC=Cc2ccccc2NCN=CCCOC=C1,0,0.9992295503616333,1
OCCNC1=N[P-](Nc2ccc(Cl)c(Cl)c2)=C=NCC=CC=C1,C1=NCC=CC=CC=N[P-]=1Nc1ccccc1,1,1.0,1
ClC1=CCN(C=NC2=NCC=CC=COCC2)C=C1Cl,C1=CCN=C(N=CN2C=CC=CC2)CCOC=C1,0,0.0005970493657514453,0
C[N-]C=c1c(NCCO)nc2nc1=C(C)C(CCl)C=N2,C=c1cnc2nc1=CCC=N2,0,0.9998395442962646,1
C=CC=CC1CC=CC=CN=CCCO1,C1=CCCOCCC=NC=C1,0,0.6488364934921265,1
C=CC=CN=CCCC(Cl)C(Cl)=CC=NSN=C1c2cccc1c2,N=C1c2cccc1c2,0,1.0,1
ClCNc1nc(C2=C[N+]#CC2Cl)nc2ccccc12,C1#[N+]C=C(c2ncc3ccccc3n2)C1,1,1.0,1
CC1=CCCNC(=CC=CCCl)N=C(NCCO)c2ccccc2N1,C=C1N=Cc2ccccc2NC=CCCN1,0,1.0,1
CC=NC(NC=NC=C=NCCON1C=CC=CC1)Nc1ccc(Cl)c(Cl)c1,C(=CN=CNCNc1ccccc1)=NCCON1C=CC=CC1,1,1.0,1
C=C1C=CC=CCCC#CCNc2nc(c3ccccc3n2)NC(Cl)=CC1,C=C1C=CC=CCCC#CCNc2nc(c3ccccc3n2)NC=CC1,1,1.0,1
Clc1ccc(Nc2nc(NCCOC3CNC3)c3ccccc3n2)cc1Cl,c1ccc(Nc2nc(NCCOC3CNC3)c3ccccc3n2)cc1,1,1.0,1
C=C(Cl)C=CC=CNC(Cl)=NC1=CC(=C)C=CP1,C=C1C=CPC=C1,0,0.9997133612632751,1
OCCNC1=N[O+](CNc2ccc(Cl)c(Cl)c2)Nc2ccccc21,C1=N[O+](CNc2ccccc2)Nc2ccccc21,1,1.0,1
CCNC1=[B-]C(Nc2ccc(Cl)c(Cl)c2)=NC2OCC=CC=C12,[B-]1=CC2=CC=CCOC2N=C1Nc1ccccc1,1,1.0,1
C=C=C(Cl)C(Cl)=CCNBc1c#cc2ccccc2n1,c1cnc2ccccc2c#1,1,0.9999998807907104,1
BC(Cl)=CC=Cc1bc(NCCO)c2ccccc2n1,b1cnc2ccccc2c1,1,1.0,1
OCCNC1=[P-]N[S-]2C=NC=CC(C=C1)C(O)=CC=C(Cl)C2,C1=CC[S-]2C=NC=CC(C=C1)C=CC=[P-]N2,0,1.524747794690029e-08,0
ClC1=CCC(N2CN=C3C=CC=C=C(N2)OCCN3)=C1Cl,C1=CC=CC2=NCN(C3=CC=CC3)NC=1OCCN2,0,1.2607518584673016e-08,0
CN=C1CC=CC=C(Cc2ccc(Cl)c(Cl)c2)COCN1,N=C1CC=CC=C(Cc2ccccc2)COCN1,0,1.0,1
CC1=CC=CNc2nccccc#cc(n2)NOC1,c1ccccnc2nc(c#1)NOCC=CC=CN2,1,3.786561286744927e-09,0
C=CC(Cl)=CC[S-]1=CC=C(C=C)N=CNOCC1,C1=CN=CNOCC[SH-]=C1,0,1.3289430000895663e-07,0
C=C=C(Cl)C(Cl)=CCNc1nc(NCCO)c2c(n1)=CC=C=[P-]=2,C1=CC=c2ncncc2=[P-]=1,0,4.1288267027539405e-08,0
Clc1c[b-]#ccc1Cl,[b-]1ccccc#1,1,9.81945731837186e-07,0
ClCC1C=CNC(Cl)N=C2C=[P-]=C=C21,C1=[P-]=CC2=NCNC=CCC=12,0,1.4853899301670026e-05,0
CCNC=NC(Cl)NCC=[S-]CC=C1N=C=NCC1Cl,C=C1CCN=C=N1,1,1.4610897380862298e-08,0
NC(=NCC1=CC=CC=CCCONCCO1)Nc1ccc(Cl)c(Cl)c1,C1=CC=C(CN=CNc2ccccc2)OCCNOCCC=C1,1,1.0,1
[C-]#CC=C1C[S-](NCC)=C=NC(NC2C=C(Cl)C(Cl)=CCO2)=N1,C=C1C[SH-]=C=NC(NC2C=CC=CCO2)=N1,0,1.240651936740278e-08,0
ClC1=C=Nc2ccccc2C(NBr)=NC1,C1=CCN=Cc2ccccc2N=1,1,3.5297524902944133e-09,0
OCCNC1=NN(C2[C+]C=C(Cl)C(Cl)=C2)C=NC=CC=CC1,[C+]1C=CC=CC1N1C=NC=CC=CCC=N1,0,3.634562872889546e-08,0
OCCNc1nc(NC2=C=[N+]=C(Cl)C(Cl)=C2)nc2ccccc12,C1=[N+]=CC=CC=1Nc1ncc2ccccc2n1,1,1.0,1
CCCC=C1CC(NO)=NC(N2C=CC=C(C)C=C2CC)=N1,C=C1CC=NC(N2C=CC=CC=C2)=N1,0,2.8620597003481407e-09,0
ClC1C=NC(NCC=COC23CCC2NC3)=NC2=C=CC=C21,C1=CC=C2CC=NC(NCC=COC34CCC3NC4)=NC=12,0,1.6643511457914428e-08,0
CCCC=C(C)C(=CSCCCOCCNNOCCNC1=C=CC(C)=NC1)CC=CC#CCl,C1=CC=NCC=1,0,0.03840184211730957,0
CC1=CC=C=PN=C1NC=CCP=CC(N)Cl,C1=CC=CC=NP=1,0,3.034313920124987e-07,0
CCC=CC1CN=CNC2(C=C(Cl)N=C1NCCO)C=C2C=CNCCC=CC=CC=C=C=CF,C1=CC2(C=C2)NC=NCCC=N1,1,1.5163753630531573e-07,0
N=C1CC=NNC(=CNc2ccc(Cl)c(Cl)c2)C(c2ccccc2)CCN2CCC2C=N1,N=C1CC=NNC(=CNc2ccccc2)C(c2ccccc2)CCN2CCC2C=N1,0,0.9999971389770508,1
C=C(Cl)C=CC=CNOCCNC1=NPC=NC(=C)C=CC=C1,C=C1C=CC=CC=NPC=N1,0,5.5758762755431235e-05,0
CC1C=C(Cl)C(Cl)CN1C1=NC2C=CC=C2C(NCCO)=N1,C1=CC2N=C(N3CC=CCC3)N=CC2=C1,1,2.8469633761574187e-08,0
NOCCC1=NC2=C=CC=C=C1N=C(CCCCCl)C2,C1=CC=C=C2CC=NC=1C=N2,0,1.0801691985307116e-08,0
C=C=C(Cl)C(Cl)=CC[N+]C1=NCC=CC=CN(C=CC)C=N1,C1=CCN=CN=CNC=C1,0,3.4411991034488665e-09,0
NC1=C(Cl)C(Cl)C=CN1C1=NC2=C=CC=CC1NCCO2,C1=CC=CC2NCCOC=1N=C2N1C=CCC=C1,0,3.7758947080135385e-09,0
C=CC1=C(Cl)C(Cl)=CC=CNC2=NC3OCNC(=N2)C13,C1=CC=CC2C3=NC(=NC2OCN3)NC=C1,0,5.174709940547473e-07,0
CCCCCN=CCCCCCN1NCC=C(Cl)C(Cl)=CN=CC1N=C(NCCO)c1ccccc1,C1=CCNNC(N=Cc2ccccc2)C=NC=C1,1,0.9999998807907104,1
CC(Cl)C(Cl)=C1N=C(NCCOC#[SH])c2cccnc2N1,C=C1N=Cc2cccnc2N1,0,1.0,1
OCCNc1nc(NCC=C(Cl)C(Cl)=CCCNCC2C=CN2)nc2ccccc12,C(C=CCNc1ncc2ccccc2n1)=CCCNCC1C=CN1,1,1.0,1
NCC=NC=CC#CC=C(Cl)CC1C=CCN=CNN=CCC1CONc1cccc(Cl)c1,C1=CCC(CONc2ccccc2)CC=NNC=NC1,1,1.0,1
C#CC=CC=CC=NC1CC=CCN1C1=NC(OCl)C(NCF)=N1,C1=CCN(C2=NCC=N2)CC1,0,3.1751736795371244e-09,0
C=C(Cl)C(N)=CC=CN1C=CC=C2C(Cl)=CN=C1C2OCCO,C1=CNC2=NC=CC(=C1)C2,0,8.857567479481077e-08,0
Nc1[o+]cccc1C(Cl)=NBCNc1ccc(Cl)cc1,B(CNc1ccccc1)N=Cc1ccc[o+]c1,1,1.0,1
CC=C(Cl)C(Cl)=CN1CN=C(C)C=CC=C=[O+]1,C1=CC=CC=NCN[O+]=1,0,9.062548933513881e-09,0
C=C(Cl)C(Cl)=CC=C1N=NCC([P+]=CC=CC=[S-]N)C1NCC,C=C1CCCN=N1,0,3.426464800782014e-08,0
COC=C(C)C(C)=CC=CN1C(N=C2[N+]c3ccccc32)CC=NCC=C(Cl)N1NCO,C1=CNNC(N=C2[N+]c3ccccc32)CC=NC1,1,1.0,1
CNC1=NN2C=NCC(C=CC1)COC=CC=C(Cl)C(Cl)=C2,C1=CC=CN2C=NCC(C=CCC=N2)COC=C1,0,3.820097571605174e-09,0
CC1(N2C=CC(Cl)C(Cl)=C2N)N=C(NCCO)C2C=CC=C21,C1=CC2C=NC(N3C=CCC=C3)C2=C1,0,1.2704636276339443e-07,0
CC(C=C(Cl)CCl)=NC1=C=CC=CCNCCO1,C1=CC=CCNCCOC=1,0,0.00023859470093157142,0
OCCNCc1ccccc1N=CCCCCNCC=NSNc1ccc(Cl)c(Cl)c1,C(CNCCCCC=Nc1ccccc1)=NSNc1ccccc1,1,1.0,1
OCCC=NC=CC=C1NC=NC2=CC=CC=C1CC1C(Cl)C(Cl)=CCN21,C=C1NC=NC2=CC=CC=C1CC1CC=CCN21,0,2.5949152160364974e-08,0
CC1=CC=CC=NC#CC=CC=C1,C1#CN=CC=CC=CC=CC=C1,1,2.5150908186333254e-05,0
CC1CCN(CCO)NC1NC1=CC=C(Cl)[S-](Cl)=C1,C1=C[SH-]=CC(NC2CCCNN2)=C1,0,1.732205845428325e-07,0
OCCNc1nc(NC2=C=COCN(CCCC=C(Cl)CCl)C2)nc2ccccc12,C1=COCNCC=1Nc1ncc2ccccc2n1,1,1.0,1
ClOCCC1=NCN(c2ccc(Cl)cc2)NC=C=CC=C1,C1=CC=CC=NCN(c2ccccc2)NC=1,0,4.073702655205125e-07,0
CC1=CCC2(CC=C(Cl)C(Cl)=CC2)N=C1NCON,C1=CCC2(CC=C1)CC=CC=N2,0,3.7042748868287845e-09,0
BNC1COC=C(CCCC=CC=CC)CN=CNC2=CC(CON1CCl)C2,C1=COCCNOCC2C=C(C2)NC=NC1,0,5.125992963428416e-09,0
CCC12C(=NC1C=CCN)CC2Cl,C1CC2CN=C12,0,3.814042059957501e-08,0
NC=C(Cl)C=CC=CNN1c2ccccc2NC#CC=CC=CCCNC1CO,C1#CNc2ccccc2NCNCCC=CC=C1,1,0.0016249470645561814,0
OCCNC1C=CC[B-]=CC#CN=C1C=CCCCl,[B-]1=CC#CN=CCC=CC1,0,1.7807993302199066e-08,0
CC=CCCOCCNCCOCCCC1=NC(=CC=CC#CNCCOC2=C=C(Cl)C(Cl)=CC2CC)CCC(=CCCO)N1,C=C1CCC(=CC=CC#CNCCOC2=C=CC=CC2)N=CN1,1,0.0004455202433746308,0
OC1=C2C#CNCC=CC=CCC2N=CNC1,C1#CC2=CCNC=NC2CC=CC=CCN1,1,4.079682014435093e-07,0
C=CNCC(C#N)c1c2cccc1N(Cl)OCCNC(CCl)C(=CC)NC=N2,C=C1CNCCONc2cccc(c2)N=CN1,1,0.6918997764587402,1
[C+]c1cc(NC(Cl)N=c2c3ccccc23)ccc1Cl,c1ccc(NCN=c2c3ccccc23)cc1,1,1.0,1
CN=C1CC2=CC=C1C2,N=C1CC2=CC=C1C2,0,4.202088348392863e-06,0
CC1C=CC(N2CN=C3C=CCC=C(N2)OCCN3)=C1,C1=CC(N2CN=C3C=CCC=C(N2)OCCN3)=CC1,0,2.346727796975756e-06,0
COCCC1=NCN(C(C)C=C(Cl)CCl)NC=CC=CC1,C1=CCC=NCNNC=C1,0,3.807360648977465e-09,0
CC(Cl)=CC=C1CC2(Cl)N=C(NCCO)c3cccc1c32,C=C1CC2N=Cc3cccc1c32,0,0.008944813162088394,0
C=CC1=NC2CC=C=C(Cl)C(CC)CCCCC(=CC=N2)CC(=CC=CCC=CC=CN=CCNCCO)N1,C=C1CC2=CC=NC(CC=C=CCCCCC2)N=CN1,0,0.010337280109524727,0
ClC=CC(Cl)NC1[C-]C=CC=CC=CC=N1,[C-]1C=CC=CC=CC=NC1,0,1.0,1
ClC1=C2CC=[C+]c3nc(Nc4cccc(Cl)c4)nc(c32)NC1,[C+]1=CCC2=CCNc3nc(Nc4ccccc4)nc1c32,1,1.0,1
[B+]=CCNC1=NC(NC2(Cl)C#CP=C2)=NC(C=CCC)C1,C1#CC(NC2=NCCC=N2)C=P1,1,0.9999973773956299,1
NC1C=C[N+]2=CC(=NC(NC(=CCCCl)CCl)=[P+]2)NCCO1,C1=C[N+]2=CC(=NC=[P+]2)NCCOC1,0,3.6229956812405817e-09,0
NOCNS1=C=CC2=C(N3C=CCC(Cl)=C3)C=C2C1Cl,C1=CC2=C(N3C=CCC=C3)C=C2C[SH]=1,0,8.13816303235626e-09,0
C#CC=C1C=CC=C=CNNCC(Cl)=CC1,C=C1C=CC=C=CNNCC=CC1,0,1.0292276897416741e-07,0
C=C1COC(Cl)=CC(C)CCCNCOCCCCC=CNC=C=COCCNCCO1,C=C1COC=CCCCCNCOCCCCC=CNC=C=COCCNCCO1,1,0.01874382048845291,0
CC1=CC=CNC=NOCCNC([O+])c2cccc1c2,C1=CNC=NOCCNCc2cccc(c2)C=C1,0,0.9758376479148865,1
OCC1=CC=CC=C=C(N=C(Cl)NCC=CBr)CCN1,C1=CC=CC=CNCCC=1,0,0.0006204178789630532,0
C=C=CC=C1CC(CO)=NC(N2CC=C(C)CC2Cl)=N1,C=C1CC=NC(N2CC=CCC2)=N1,0,6.58969554478972e-07,0
C/C=C(\C)C(=O)OC1C(C)(C)[C@H](CC(=O)OC)[C@]2(C)C(=O)[C@@]1(O)C=C1C3CC(=O)O[C@@H](c4ccoc4)[C@]3(C)CCC12,O=C1CC2C3=CC4CCCC(C4=O)C3CCC2[C@H](c2ccoc2)O1,1,0.9999709129333496,1
COCCNC1C2=NC(C)C=[N+]=C1C(C)=CC=CN2,C1=CNC2=NCC=[N+]=C(C=C1)C2,0,0.9999613761901855,1
COCC1C=C2C(Cl)=C2CCNC(C=CCCNC=C=N)=NCN1,C1=NCNCC=C2C=C2CCN1,0,8.7211713406532e-09,0
OCCNC1=NCC2(Nc3ccc(Cl)c(Cl)c3)C=CC1=C2,C1=CC2(Nc3ccccc3)C=C1C=NC2,1,1.0,1
NC=NCCC=CC=CN=C1CONC=CC=CC=C1Nc1ccc(Cl)c(Cl)c1CCO,N=C1CONC=CC=CC=C1Nc1ccccc1,1,2.1568643205682747e-05,0
ClCC=CCNC1=NNCC=CC1NCI,C1=CCNN=CC1,0,6.560293695656583e-05,0
OCCNC1=NC(NC=CC=C([P-])Cl)[C-]c2ccccc21,[C-]1CN=Cc2ccccc21,0,1.0,1
ClC1=CC=P2(C=C2)C=C1Cl,C1=CC=P2(C=C1)C=C2,1,2.2246948105930642e-07,0
CN1CCN(c2ccc(Nc3c4ccccc4nc4ccccc34)cc2)CC1,c1ccc2c(Nc3ccc(N4CCNCC4)cc3)c3ccccc3nc2c1,1,1.0,1
C[P-]C=C(C(C)Cl)N1CN=C2CC=CC=C(N1)OCCN2,C1=CCC2=NCNNC(=C1)OCCN2,0,0.9999899864196777,1
OCCNC=C=C=CC1=NCNC2=CC=C(Cl)C2=C1Cl,C1=CC2=CC=NCNC2=C1,1,0.00012065032933605835,0
CN(CCO)C1[C+]=CSC=C1,[C+]1=CSC=CC1,0,4.456652789031068e-07,0
CCNC(C[B-]#[B-]N)=NCP=NC1=CC=C(Cl)C(Cl)=CO1,C1=CC=COC=C1,1,1.0451302046021738e-08,0
ClC1=CC(NC=Nc2ccccc2C2=NOCCN2)=C1Cl,C1=CC(NC=Nc2ccccc2C2=NOCCN2)=C1,1,8.675763183418894e-07,0
CC1=C=CC=CC=CCN1,C1=CC=CC=CCNC=1,0,2.5523130275928452e-08,0
CC(=CC=CNC1=NC2=CCN(CCO)C(=N1)C2)C(C)C,C1=NC2=CCNC(=N1)C2,0,1.1690668877406551e-08,0
C=C(Cl)C(Cl)C=CCC=CC=C1C(O)C2NCC12,C=C1CC2NCC12,0,1.441426320525352e-07,0
OCCNC1=[B-]C(N2C=C=C(Cl)C(Cl)=C2)=Nc2ccccc21,[B-]1=Cc2ccccc2N=C1N1C=C=CC=C1,1,4.120009907637723e-05,0
[P-]=CCNC1=CC=C2C1=CN=C2N=CC=C=[C+]CCl,C1=CC2=CN=CC2=C1,0,1.2351675593436084e-07,0
ClC1=CCC(NC2=[P-]C=Nc3ccccc32)C=C1Cl,C1=CCC(NC2=[P-]C=Nc3ccccc32)C=C1,1,0.999876856803894,1
C=COCCCC1=C2C(C=C1)C(NCCO)=NSNc1cc(Cl)c(Cl)cc1N2C,C1=CC2C=NSNc3ccccc3NC2=C1,1,1.0,1
CCOCCNC1=C(N2CC=C(C)CC2Cl)C2C=C12,C1=CCN(C2=CC3=CC32)CC1,0,3.727891773053216e-09,0
CNCC(Cl)C1=CCC(C[C-]OC=CC=C=CN)=N1,C1=CN=CC1,0,1.0486245400898042e-06,0
C=CC=CCC12CCC1N1CN=CNC3CCON1C(Cl)C3=C2C,C1=NCN2C3CCC3C=C3CN2OCCC3N1,0,0.010862124152481556,0
Clc1ccc(NC2=NC3=CC4C(=N2)C34)cc1Cl,C1=C2N=C(Nc3ccccc3)N=C3C1C23,1,1.0,1
CC1CNCC(OC=CONCCO)N=C=N1,C1=NCCNCCN=1,0,2.9484894525921845e-07,0
COC1N=C=CC#[S-]1,C1=CC#[S-]CN=1,1,1.2429728712959331e-06,0
NCC=CC=C1N=C(c2ccc(Cl)c(Cl)c2)N=NC1CO,C=C1CN=NC(c2ccccc2)=N1,1,1.0,1
C=CC1=CC=C(Cl)C(Cl)=NCCCNCCC=CCN1,C1=CC=NCCCNCCC=CCNC=C1,0,9.022648555401247e-06,0
OCCNC1=[B-]C(Nc2ccc(Cl)c(Cl)c2)=Nc2ccccc21,[B-]1=Cc2ccccc2N=C1Nc1ccccc1,1,1.0,1
OCCNC1=NPC=C=C2C=CC=CNC2=CC=C1,C1=CPN=CC=CC=C2NC=CC=CC=12,1,0.01901491917669773,0
NC(Cl)NC=C1C=C[C+]C(Cl)=C1,C=C1C=C[C+]C=C1,0,1.0,1
C1=CCCNc2ccccc2C=C1,C1=CCCNc2ccccc2C=C1,1,1.8697446648729965e-06,0
OCCNCCC1C#COCC=CC=CNC=CN=CC=CC=CCC=CCC1,C1#COCC=CC=CNC=CN=CC=CC=CCC=CCCC1,1,2.896774375926725e-09,0
C=C=CC=C(CN=C(N)NCC1=C(Cl)C(Cl)=C=[C-]C1)CNCCO,C1=[C-]CC=CC=1,0,0.002049988368526101,0
C=Nc1nc(NC2OCC(Cl)=C2[N+]#CCCl)nc2ccccc12,C1=CC(Nc2ncc3ccccc3n2)OC1,1,1.0,1
ClC1=CC=CC2=NC3=CC=CC(=COCCC3=N2)C1,C1=CCC2=COCCC3=NC(=NC3=CC=C2)C=C1,0,3.192919040273523e-09,0
Cc1cc2nc3c(=CC[S-](Cl)CCl)c=3[nH]c1=CCN2CCO,C=c1c2nc3ccc([nH]c1=2)=CCN3,0,0.8507991433143616,1
NCC(Cl)C(Cl)=CCC1N=C(CCO)c2cccc(c2)N=[SH]1,C1=NC[SH]=Nc2cccc1c2,1,4.442985535035859e-09,0
ClOCCNC1=C=CCC(c2ncc3ccccc3n2)=C(Cl)C=NN=C=NC1,C1=CCN=C=NN=CC=C(c2ncc3ccccc3n2)CC=1,0,0.9808467030525208,1
C=NC1=C(Cl)C=NC(=NC=CC)NCC=CC1N,N=C1N=CC=CCC=CCN1,0,6.6448486712999966e-09,0
ClC(CC1=C[C-]C=CC1)=NC1C=C=CCO1,C1=CCOC(N=CCC2=C[C-]C=CC2)C=1,0,6.1436082887667e-08,0
OCCN1C=CC=C=CN=NN=C1,C1=CC=CNC=NN=NC=1,0,7.129577852538205e-07,0
NOCNC1(Cl)c2ccccc2N=CNC2=CC1C=C2,C1=CC2C=C1NC=Nc1ccccc1C2,0,1.0,1
NC1=C(CO)CC(CSNc2ccc(Cl)c(Cl)c2)=C=C1,C1=CC=CCC=1CSNc1ccccc1,1,1.0,1
C=C([O+])C(Cl)=CC=C1NCN=C(C)C=CC1N,C=C1CC=CC=NCN1,0,3.092270217663895e-09,0
CNc1ccc(NC2N=C=S(CO)c3ccccc32)cc1Cl,C1=NC(Nc2ccccc2)c2ccccc2[SH]=1,1,1.0,1
SC(CCl)C1[C+]=C=CNc2nc(NCCCl)c3c1cccc3n2,C1=[C+]Cc2cccc3nc(ncc23)NC=1,1,1.0,1
CC1=C(CNC2=NC3(C=CC3N)CC(CCO)=N2)C(Cl)C=BCC1,B1=CCC(CNC2=NC3(C=CC3)CC=N2)=CCC1,0,2.7620094655844696e-08,0
C=C[P+]1=C=NC(Nc2ccc(Cl)c(Cl)c2)=NC(=C)C(NCCO)=C1,C=C1C=C[PH+]=C=NC(Nc2ccccc2)=N1,1,1.0,1
[B-]=C=CCN=C1CN=C(N=[SH]2=CC=C(Cl)C(Cl)=C2)N=C1ON[S+]CC,N=C1C=NC(N=[SH]2=CC=CC=C2)=NC1,0,8.511187310489277e-09,0
CC1CC=CCC(Cl)C1=CCNCC=C=C1CN=NCN=CN1CCO,C(=CCNCC=C1CCC=CCC1)=C1CN=NCN=CN1,0,3.0075665563344955e-05,0
CC1=C2CCNC(CO)=CC=CC=C=C2NCC=C1Cl,C1=CC=CC=CNCCC2=CC=CCNC=12,0,1.558654616928834e-06,0
OCCNCC1=CC=CCCC=NC(NCC=C(Cl)CCl)=NN=CCNCC1,C1=CCCC=NC=NN=CCNCCC=C1,1,2.965652754483017e-07,0
CC=CC1C=C(Cl)C2(Cl)NC(=CC1)C2NCOC,C1=CC2CC(=CCC1)N2,0,3.4603075960149e-08,0
[c-]1cccc2c1nc1nc2s1,[c-]1cccc2c1nc1nc2s1,1,1.0,1
[C-]C1CC2=CC=CC(=CNC=CC=C1N)C2NCCO,C1=CCCC2=CC=CC(=CNC=C1)C2,0,6.355476145358807e-09,0
NCC=CC1CN=C(C=C2C=C(Cl)[P-]C(Cl)=C2)N=CN1CCO,C1=CC(=CC2=NCCNC=N2)C=C[P-]1,0,1.0,1
Clc1ccc(NC2=NC3=CC=CCC3NCCON2)cc1Cl,C1=CCC2NCCONC(Nc3ccccc3)=NC2=C1,0,1.0,1
C=C=C(Cl)C=CCCOCC1=NCC=CC(CCCCC=NC)=C(O)CC=N1,C1=CCC=NC=NCC=C1,0,7.712595788689214e-07,0
OCCNC=NC(=NC=C1C=C=CC=C1)NCOC1C=CC(Cl)=C=[SH]1,C1=CC=CC(=CN=CNCOC2C=CC=C=[SH]2)C=1,0,5.312386974765104e-09,0
OCCNc1nc(NC=CC=C(Cl)C2=C=C2)nc2c(Cl)cccc12,C1=CC=1C=CC=CNc1ncc2ccccc2n1,1,1.0,1
C#CC1=CC=CC2=CC=CNC=CC=CC=CN=CC(C=CCl)OC=CC=C=NNCCON1CC=C2Cl,C1=CC=COCC=NC=CC=CC=CNC=CC=C2C=CC=CN(CC=C2)OCCNN=1,0,1.0991146837113774e-06,0
NC1=CC=CNC(=CNCCO)C2=CC=C(C2)C1Cl,C=C1NC=CC=CCC2=CC=C1C2,0,0.13623856008052826,0
CC=CNS[B-]#CNOCCC([B-]1=C(CCCl)N[N+]1)c1ccccc1,C1=[B-](Cc2ccccc2)[N+]N1,1,1.0,1
OCCNC1=NC(NCC=C(Cl)C([S+])Cl)=NCO1,C1=NC=NCO1,0,3.1477374040633777e-09,0
NC(=NCC[O+]=NCCO)N1CC=C[P+]C1Cl,C1=C[P+]CNC1,0,6.317206134553999e-05,0
CCCCCN1C=C=NC=CC2=C(Cl)N3CC=CC=C3C(=N2)NCCOC1,C1=CNCOCCNC2=NC(=CN3CC=CC=C23)C=CN=1,1,1.5727724758107797e-06,0
OCC1=C(C=NCCl)CCCC=CCNc2nc(c3ccccc3n2)NC(Cl)=C1,C1=CCCCC=CCNc2nc(c3ccccc3n2)NC=C1,1,1.0,1
C=CCC1C=C2CN=C1C(CC=CC)C(=C=CN=CCCl)N=CNC2=CC,C=C1CC2=NCC(=CC2)C(=C)NC=N1,0,4.513347917622923e-09,0
COCCC1=NC(N)(c2ccc(Cl)c(Cl)c2N)C2C=CC12,C1=CC2C1C=NC2c1ccccc1,0,0.9999998807907104,1
C=CC=CCOC[C+]1C=NC1NCC=C(Cl)C(Cl)=CC,C1=NC[CH+]1,0,0.9999998807907104,1
OCCNC1CC2=CC=CC=S2N1,C1=CC=S2NCCC2=C1,1,4.641917072945034e-08,0
Clc1cc2cc(c1Cl)C=CC=CC=CN=CN2,C1=CC=Cc2cccc(c2)NC=NC=C1,0,1.0,1
OCCNC1C=CC2=C=[B-]=CC(CCl)C(Cl)=CC=CNC21,[B-]1=C=C2C=CCC2NC=CC=CCC=1,1,1.0,1
C=C(Cl)C(N)=C1C=CNC(CCC)=NC(C=CCOCl)CNCCC=CC1CO,C=C1C=CNC=NCCNCCC=CC1,0,9.571905046357188e-09,0
N=[B-]1CN=C2CC=CC=C2N1,N=[B-]1CN=C2CC=CC=C2N1,0,7.327605089813005e-06,0
NC(=CC=CNc1nc(C=CC=CC#CCC2C=C2CCl)c2ccccc2n1)CCCl,C(#CCC1C=C1)C=CC=Cc1ncnc2ccccc12,1,0.9999980926513672,1
CC1CNCc2ccccc(ncc(NCCCCN)c2NCCO)NCC1Cl,c1ccc2ncccc(c1)CNCCCCN2,0,0.0001374653511447832,0
NC1=CC=C=CC1=NCC1=CC=C(Cl)C1Cl,C1=CC=CC(=NCC2=CC=CC2)C=1,1,0.9319392442703247,1
ClC1=C=NNCC1,C1=CCCNN=1,0,7.728239381776802e-09,0
C=NC=CNC=CCC(C)=CCNC1=NC2=CC=C=CC2N(CCO)N1,C1=CC=C2N=CNNC2C=1,0,1.6655268098020315e-07,0
OCCN[S-]1=C=CC=CCN=CN(c2ccc(Cl)c(Cl)c2)N1,C1=CC=CCN=CN(c2ccccc2)N[SH-]=1,0,1.0,1
NOCCC1C2=C=CC=CN2C1NC=CC=CCl,C1=CC=CN2CCC=12,0,4.655675844844609e-09,0
CC=CN=C1CC(Cl)C2(COC2Cl)C(C)=CCN1,N=C1CCC2(C=CCN1)COC2,0,1.0871657352140573e-08,0
C=CC=CNC1=NB2C=CC=C2C(NCO)=N[C+]1,[C+]1C=NB2C=CC=C2C=N1,0,3.045977621241036e-07,0
OCN1C=CC=C=CN=C(Nc2ccc(Cl)c(Cl)c2)N=C1,C1=CC=CNC=NC(Nc2ccccc2)=NC=1,1,1.0,1
OCCNC1C=CC=CC1N=C(Cl)NC=C1[C+]C=CC(Cl)=C1,[C+]1C=CC=CC1=CNC=NC1C=CC=CC1,1,9.728152690513525e-06,0
NC1C=C(Cl)C(Cl)=CCOCCNN1,C1=CCNNCCOCC=C1,0,3.0351972046815945e-09,0
C=CC=CCCCCCNCC=NCOC=CC1=CN=CCCOCN=C(CC=CCCl)N=C1CCON,C1=CN=CCCOCN=CN=C1,1,1.2539199190086947e-07,0
CC1CC=C2CC=CC=NNC(NCCO)CC=C(C=C(Cl)CN)N1C2,C1=CCC2=CCCN(C=CCCNN=C1)C2,0,1.0,1
NC1=C(Cl)C(Cl)C=CN1C1=NC2=CC=C=CC2NCOCC1,C1=CC=C2N=C(N3C=CCC=C3)CCOCNC2C=1,0,5.2492297982098535e-05,0
C=CC1C=CC(CCON)C(C=CC=CC#CNC=CC=CCl)C(C)N1,C1=CCNCCC1,0,2.4660329245307366e-07,0
OC1=NC2=NC(Cl)CC(=N2)NC1,C1=NC2=NCCC(=N2)NC1,0,0.0012114888522773981,0
C1=CCOC=NC=C1,C1=CCOC=NC=C1,0,1.2913536693304195e-06,0
Clc1ccc(NC2=NC34C=C3C=CC(=N2)NCCO4)cc1Cl,C1=CC2=NC(Nc3ccccc3)=NC3(C=C13)OCCN2,1,0.9888215065002441,1
[C+]c1ccc2cc1N=C(N=[P-]CCO)C=CCC(C)=CN=[C+][N+]SN2,[C+]1=NC=CCC=CC=Nc2cccc(c2)NS[N+]1,1,0.9999978542327881,1
ClC=CC1=CC=C(Cl)C2C3=C=C(C=C3)C2CCON1,C1=C2C=CC=1C1CCONC=CC=CC21,1,0.9999933242797852,1
CC(C)OC1N=C(Nc2ccc(Cl)c(Cl)c2)C(CCO)C2C=CCN=C12,C1=CC2CC(Nc3ccccc3)=NCC2=NC1,1,1.0,1
OCCNC1=Nc2cc(Cl)cc(c2)Nc2ncccc21,C1=Nc2cccc(c2)Nc2ncccc21,1,1.0,1
CC1NC=NC(c2ccc(Cl)c(Cl)c2)c2ccccc21,C1=NC(c2ccccc2)c2ccccc2CN1,1,1.0,1
C=C(Cl)C(Cl)=CC=NN1CNC2CC=CC=C21,C1=CCC2NCNC2=C1,0,2.656350694962839e-08,0
C=C=NC(=NC1(CCNCCO)C=CC1)Nc1ccc(Cl)c(Cl)c1,C1=CC(N=CNc2ccccc2)C1,1,1.0,1
ClCCCC1=NCC=NC=CC=C=C1,C1=CC=CN=CCN=CC=1,0,4.688981505296397e-07,0
CC=CC=C1C=CC=CC#Cc2cc(cc(Cl)c2Cl)NC(N)=NC1,C=C1C=CC=CC#Cc2cccc(c2)NC=NC1,1,0.8840950131416321,1
CCCNc1nc(CCC=NCCONc2ccc(Cl)c(COCCN)c2)nc2ccccc12,C(CCc1ncc2ccccc2n1)=NCCONc1ccccc1,1,1.0,1
NCC=CC1COCC2C=C(Cl)C1=C2,C1=CC2C=C1CCOC2,0,4.27966320160067e-08,0
OCCNc1nc(NC2=[C-][SH](Cl)#CC(Cl)=C2)nc2ccccc12,C1#S[C-]=C(Nc2ncc3ccccc3n2)C=C1,1,1.0,1
OCCNC1=CCC=C(Cl)C(Cl)=C[N+]CNC2=NC[S+]C1=N2,C1=CCC=CC2=NC(=NC[S+]2)NC[N+]C=C1,0,7.462514076905791e-06,0
NCC=CC1CN(CCO)C1Nc1ccc(Cl)c(Cl)c1,c1ccc(NC2CCN2)cc1,1,1.0,1
CCOCC1=CCNSC=Nc2ccccc2C(CCO)C(N)C=C=NCCC1,C1=CCCc2ccccc2N=CSNCC=CCCCN=1,1,0.9997833371162415,1
OCCNC1=NC(NCC=C(Cl)[N-]CCl)=NC2=C[S+]#CC21,C1#[S+]C=C2N=CN=CC12,0,0.9999496936798096,1
C#CC=CC12N=C(CN=CNC3C=CC(Cl)=CCC1C=CCOC3)C2C,C1=CCC2C=CCOCC(C=C1)NC=NCC1=NC2C1,0,5.6088804711862394e-09,0
CC=CC=C1NC=NCNC2=C(CCl)[S-][O+]CC=[B-]2C1N,C=C1C[B-]2=CC[O+][S-]C=C2NCN=CN1,0,3.585585872656338e-08,0
C=C(CCl)NCC=CC=C1C#COC(NCCO)=N1,C=C1C#COC=N1,0,1.0,1
N#CN=C(NCCOc1ccc(Cl)c(Cl)c1)c1ccccc1,N=C(NCCOc1ccccc1)c1ccccc1,1,1.0,1
NOCNC1C(CCl)=CC=C1CC=Nc1ccccc1,C1=CCC(CC=Nc2ccccc2)=C1,1,1.0,1
OCCC1CN(CCl)c2ncc3ccc1cc3n2,c1cc2cnc3nc2cc1CCN3,0,0.9999998807907104,1
CCOCC1=CC(N2C=CC=CC=CC=NC2)C(CCl)C=CN=C1,C1=CC=CN(C2C=CC=NC=CC2)CN=CC=C1,0,4.327683598148724e-07,0
C=C(Cl)C(Cl)=CC=NC1=C2NCCOCC=CC=C2N1,C1=CCOCCNC2=CNC2=C1,0,3.3591123216325514e-09,0
C1=C=NC=NC=1,C1=C=NC=NC=1,1,1.954265098902397e-05,0
ClC1=CCN(C2=Nc3ccccc32)C(Cl)C1,C1=CCN(C2=Nc3ccccc32)CC1,0,0.9999920129776001,1
CCNC1=NSNc2cc(Cl)c(Cl)cc2Nc2ccccc21,C1=NSNc2ccccc2Nc2ccccc21,1,1.0,1
CC1C(Cl)=CCN(C2N=C(NCCO)C=CC2=C=CC2C=CC=NNC2)C1N,C(=CC1C=CC=NNC1)=C1C=CC=NC1N1CC=CCC1,0,4.7096236244215106e-08,0
C=CC=CC=CC1(CCO)NC=C(N=C)C1=C,C=C1C=CNC1,1,5.077091032035241e-07,0
NC1=C2CC(=CC1)CC=CC=C1N=C1CN2,C1=CCC2=CCC=C(C2)NCC2=NC2=C1,0,0.004553000442683697,0
[B+]CCNC1ONC2(C=[P+]=C(Cl)C(Cl)=C2)c2ccccc21,C1=CC2(C=[P+]=C1)NOCc1ccccc12,1,8.466574945487082e-05,0
Clc1ccc(N[S+]2C=NC3C=CC=CC(=N2)NCCO3)cc1Cl,C1=CC2=N[S+](Nc3ccccc3)C=NC(C=C1)OCCN2,1,1.0,1
ClC1=CC=CNc2nc(c3ccccc3n2)NC1,C1=CCNc2nc(nc3ccccc23)NC=C1,1,1.0,1
C=C1C(Cl)=CCN1C(Cl)=NC1=C=CC=CC=C(NCCO)C1,C=C1C=CCN1C=NC1=C=CC=CC=CC1,0,4.433724054564436e-09,0
CC1=CNCC2=CC=CCNOCCNC(=NCN2)CC2=CCCN1C2,C1=CCNOCCNC2=NCNC(=C1)CNC=CN1CCC=C(C2)C1,0,0.32146531343460083,0
[N-]OCCNC1NC(=CC=CC#[S+])N=C1Nc1ccc(Cl)c(Cl)c1,C=C1N=C(Nc2ccccc2)CN1,1,1.0,1
NC(Nc1ccc(Cl)c(Cl)c1)=C1C=CC=CC1C=CC#CO,C1=CCC(=CNc2ccccc2)C=C1,1,1.0,1
C#CC(Cl)C1=Cc2ccccc2C(NCCO)=NCN1,C1=Cc2ccccc2C=NCN1,1,8.032964615267701e-06,0
OCCNC1=NC(Nc2ccc(Cl)c(Cl)c2)C2=CC=CC21,C1=CC2C=NC(Nc3ccccc3)C2=C1,1,1.0,1
[C-]1=CC=CC1,[C-]1=CC=CC1,0,1.8292826098331716e-07,0
Clc1cccc(N2CN=C3CC=CC=C(COCN3)N2)c1,C1=CCC2=NCN(c3ccccc3)NC(=C1)COCN2,1,0.9999815225601196,1
ClC1=CC=CC=CC=CNC2CCC2CC=CC=C1Cl,C1=CC=CC=CCC2CCC2NC=CC=CC=C1,0,1.567403984381599e-08,0
CC1C=CCNC2N=C(NCCO)C=CC=CC=C2N(CCCl)CCCC1,C1=CC=NC2NCC=CCCCCCNC2=CC=C1,1,5.123698443298963e-08,0
OCCNc1nc(NC2=[C+]C=CC(Cl)=C2)nc2ccccc12,[C+]1=C(Nc2ncc3ccccc3n2)C=CC=C1,1,1.0,1
C=C=C(Cl)C(N)=CCNC1(C)N=C2COCC1=C[P-]C2,C1=C2CN=C(COC2)C[P-]1,0,3.1085560792121214e-09,0
OCCNC1=NC2C=C(Cl)C(Cl)CN2SC=Nc2ccccc21,C1=CC2N=Cc3ccccc3N=CSN2CC1,1,2.0941962830534067e-08,0
C=CC1=CC=C(Cl)C2=NC=NC=C(C=CC2)NCCON1,C1=CNOCCNC2=CN=CN=C(C=C1)CC=C2,0,0.7022733092308044,1
[C-]C1=C2C(NCCO)=NC(NC=CC=CC#SCCl)=[N+]C2(C)C=C1,C1=CC2[N+]=CN=CC2=C1,1,0.999993085861206,1
[N+]CC1=Nc2ccccc2OCCNNN1,C1=Nc2ccccc2OCCNNN1,0,1.5063085001543186e-08,0
ClOCNc1nc(NC2=CC=CC(Cl)=[N+]2)nc2cccc[b-]12,C1=CC=C(Nc2nc[b-]3ccccc3n2)[N+]=C1,1,1.0,1
OCCNc1nc(NC=CC=C(I)CCl)nc2c1=COCC=2,C1=c2cncnc2=CCO1,0,2.7284933423743496e-08,0
ClCCC(Cl)=C[P-]1=C=CC#C1,C1=CC#C[PH-]=1,1,0.9982378482818604,1
N=C1C([N+]c2ccc(Cl)c(Cl)c2)=[C-]NC2=C[B+]C=CC12,N=C1C([N+]c2ccccc2)=[C-]NC2=C[B+]C=CC12,1,0.0035497352946549654,0
ClCNOC=NC1=NCC=CC=CC(Cl)C(Cl)=CC=C1,C1=CC=NCC=CC=CCC=C1,0,1.6473351934109814e-05,0
C=C1C=CC(NCCO)C#[P-]1,C=C1C=CCC#[P-]1,0,1.0,1
OCCNC1=CN(C2=CC=CC2Cl)Nc2ccccc21,C1=CCC(N2C=Cc3ccccc3N2)=C1,1,0.9999877214431763,1
C=CN=C1C=CC2=NC(=NCC2Cl)NC=COCCCCC1,N=C1C=CC2=NC(=NCC2)NC=COCCCCC1,0,2.997949977157077e-08,0
CCCP=CC=C1C(NCC=C(Cl)CCl)N=CN1O,C=C1CN=CN1,0,7.300333226822886e-09,0
COCNC1=NC(C=C2C=[PH]=C(Cl)C(Cl)=C2)=NC=CC=CC1,C1=CCC=NC(C=C2C=CC=[PH]=C2)=NC=C1,0,2.20674145623434e-08,0
OCCNc1nc(NC(C#CCl)=CC=CCl)[s+]c2c1=CC=C[SH]=2,C1=C[SH]=c2[s+]cncc2=C1,1,8.45442915675676e-09,0
C=CC=CC(=NC(Cl)NC=C1C=[S+]CC(Cl)=C1)NCCO,C=C1C=CC[S+]=C1,0,1.2186882258902187e-07,0
Clc1ccc(NC=Nc2cccccc3nn2-3)cc1Cl,C(=Nc1cccccc2nn1-2)Nc1ccccc1,1,1.0,1
CC=C1C=CC(Cl)C2C=CCN=C(N=C(Cl)C2)N1,C=C1C=CCC2C=CCN=C(N=CC2)N1,1,6.705716373289761e-07,0
C=C(Cl)C=CCC(Cl)=NC1=CC=C=CNCC1C,C1=CC=CCCNC=1,0,0.03717254847288132,0
Clc1ccc(NC2=NCC=CCNN=CC#CCOCC2)cc1Cl,C1#CCOCCC(Nc2ccccc2)=NCC=CCNN=C1,0,1.0,1
OCCNC1C=C=CC=C1C1=NC(Nc2ccc(Cl)c(Cl)c2)=NN=C=CN=CC1,C1=CC=C(C2=NC(Nc3ccccc3)=NN=C=CN=CC2)CC=1,1,0.9999943971633911,1
ClOCCNc1nc(NC2=CC=CC2Cl)nc2c[b-]#ccc12,[b-]1cc2nc(NC3=CC=CC3)ncc2cc#1,1,2.0130059056100436e-05,0
ClC1=C(Nc2ccc[o+]n2)C=CCB1,B1C=C(Nc2ccc[o+]n2)C=CC1,0,0.11930710822343826,0
OCCNC1=N[P+]C2CC=C(Cl)C=CCNC2=NCC1,C1=CCNC2=NCCC=N[P+]C2CC=C1,0,5.387745805052191e-09,0
NC1=C2C(=CC1)C(NCC=C(Cl)CCl)N=C2NCCO,C1=NCC2=CCC=C12,0,7.259761787281604e-07,0
CCC(CC=CC1CN=CNC(Cl)C=CC=CO1)=NN,C1=CCNC=NCCOC=C1,0,3.2802538463272413e-09,0
OCCNC=NC(=NC=C=CC=C1C=C1)N1C=CC(Cl)C(Cl)=C1,C(=CC=C1C=C1)=CN=CN1C=CCC=C1,0,4.072217780048959e-05,0
CCCC=C1CN=[S-]N1[C-]=CCCl,C=C1CN=[S-]N1,0,4.041428081080767e-09,0
C#[B-]C=CC=C1CN=C(Nc2ccc(Cl)c([S-])c2)N=[S-]1=NCCO,C=C1CN=C(Nc2ccccc2)N=[S-]1=N,1,1.0,1
OCCNC1=C2C=C=C(NCC=CCCl)C2=C1,C1=CC2=CC=C2C=1,1,2.660818836375256e-07,0
NC1=NC(CC=C(Cl)CCCl)=NC=CC=CC=COCC1,C1=CC=COCCC=NC=NC=C1,0,8.769930559537897e-07,0
C=C1C2=C=CN(C=C2Cl)C2C=CC=C1C(O)CNC=N2,C=C1C2=C=CN(C=C2)C2C=CC=C1CCNC=N2,0,4.312083579094406e-09,0
NC1=CC1C1=CCNC2=CC=CC=C(C1)C(NCCO)=N2,C1=CC=C2N=CC(=C1)CC(C1C=C1)=CCN2,0,8.277636709408398e-08,0
OCCNc1nc([B+]N2CC=C(Cl)C(Cl)C2)nc2ccccc12,[B+](c1ncc2ccccc2n1)N1CC=CCC1,1,1.0,1
CC(=CCNC1N=C(NCCO)c2ccc1cc2)CCl,C1=NCc2ccc1cc2,1,0.9956682920455933,1
C#SNC=NC(C=C1C=CC2=C=[S+]21)N1C=C(Cl)C(Cl)=CC1,C1=C2C=CC(=CCN3C=CC=CC3)[S+]=12,0,0.00020677920838352293,0
C=CCC=CC#CCNC=CSC1=CC=C(CN=C(CC)NCCC)C(CC=NCC=C)=Nc2ccccc21,C1=CC=Nc2ccccc2C=C1,1,1.0289946885677637e-06,0
OCCNC1=NN(c2ccc(Cl)cc2)NC2=[S+]=CCC(Cl)=C12,C1=NN(c2ccccc2)NC2=[S+]=CCC=C12,1,0.999998927116394,1
C=C=CC=C1CN=CC2=CC(=CCl)C=CB2OCCN1,C=C1C=CB2OCCNC(=C)CN=CC2=C1,0,5.209718167975552e-08,0
C=CC1=CC=CC=NCN=C=NC=CCCC(Cl)=CC1Cl,C1=NC=CCCC=CCC=CC=CC=NCN=1,1,1.7724774181715475e-07,0
COCCC1=NCN(C2=CC(=CCl)C2)NC=CC=CC1,C=C1C=C(N2CN=CCC=CC=CN2)C1,0,2.9883917562756324e-09,0
ClC1=C(NCCNCc2ccccc2)C=CC#[S-]1,C1#[S-]C=C(NCCNCc2ccccc2)C=C1,1,1.0,1
OC1=NC(Nc2ccc(Cl)c(Cl)c2)C2=CC=C=C(C2)NC1,C1=CC=C2CC=1NCC=NC2Nc1ccccc1,1,1.0,1
C=CC1OCC2C1=CC#[P+]C2C,C1#[P+]CC2COCC2=C1,0,1.046622433165112e-08,0
CCN1C=C(Cl)C(Cl)=C(C)NCCCCC1,C1=CNCCCCCNC=C1,0,3.1545652756648224e-09,0
CCCCNC1=NN(c2ccc(CC=NC=COCl)c(Cl)c2)Cc2ccccc21,C1=NN(c2ccccc2)Cc2ccccc21,1,0.9999994039535522,1
ClC1=CC(N2CN=C3NCOC=CC=CC=C3N2)C=C1Cl,C1=CC=C2NN(C3C=CC=C3)CN=C2NCOC=C1,0,2.876408888852211e-09,0
ClC1=CC#CC1Cl,C1#CCC=C1,1,1.0,1
COCCC1=NCNC(C=CCl)C=C(Cl)C(=CCCN)C1,C=C1C=CCNCN=CC1,0,2.992441405780255e-09,0
C=CC=CC=COCCNC1=NCNC2=C=CC=C(Cl)C(Cl)=C21,C1=CC=CC=C2C=NCNC=12,0,6.169794630750403e-08,0
CC1=CC([C+]=NC=Nc2ccccc2C(C)NCON)C=[S-](N)=C1,[C+](=NC=Nc1ccccc1)C1C=CC=[SH-]=C1,0,3.2699045249273695e-08,0
Clc1cc2cc(c1)NC1C=CC(Cl)OCCNC(=NCN2)C1,C1=CC2CC(=NCNc3cccc(c3)N2)NCCOC1,0,4.549232016870519e-06,0
C=[B-]OCC1=NCN2NC1=CC=CC(C)C(Cl)=C2C=CCl,C1=CCC=CN2CN=CC(=C1)N2,0,0.010870139114558697,0
ClC1=CCOCC2C(=C1)CNC=Nc1ccccc12,C1=CCOCC2C(=C1)CNC=Nc1ccccc12,1,0.001629526144824922,0
OC1CN2CC=CC3(CC=C(Cl)C(Cl)=CCNC1=N3)CC2,C1=CCNC2=NC3(C=CCN(CC2)CC3)CC=C1,0,7.85065967789933e-09,0
Clc1ccc(NC=NOCCC2=CC=C3C=CC#CC=CC=C2CNCCN3)cc1Cl,C1#CC=CC2=CC=C(CCON=CNc3ccccc3)C(=CC=C1)CNCCN2,1,1.0,1
C=C1CCC(C(Cl)=CCNc2nc(NCCO)c3ccccc3n2)C=CN=CC1Cl,C=C1CC=NC=CC(C=CCNc2ncc3ccccc3n2)CC1,1,1.0,1
NC1C=CC=C2C3N=C(CCO)C21C(N)C(Cl)=CC=CN3,C1=CCC23C=NC(NC=C1)C2=CC=CC3,1,0.001400165492668748,0
ClC1=CCC=Nc2ccccc2C=BNCCON=CC1Cl,B1=Cc2ccccc2N=CCC=CCC=NOCCN1,0,0.751823365688324,1
CONc1nc(NC2=C[N+]C(Cl)C(Cl)=C2)nc2ccccc12,C1=CC(Nc2ncc3ccccc3n2)=C[N+]C1,1,1.0,1
C[S+]=CCC1=NC(Nc2ccc(Cl)c(Cl)c2)C=CC=CC1,C1=CCC=NC(Nc2ccccc2)C=C1,1,1.0,1
CC12C=C1NCN=CNCCONC2=CCCN,C=C1NOCCNC=NCNC2=CC12,0,5.0407329865720385e-08,0
CC=C1C=C=C(CON2C=C(Cl)C(Cl)=CC2)C2CCOC(N)C12,C=C1C=C=C(CON2C=CC=CC2)C2CCOCC12,0,3.9674721286075965e-09,0
C=CN=CCC=c1cccc2c1=C=COSNCC=C(C(C)CN)C2NCCO,C=c1cccc2c1=C=COSNCC=CC2,1,0.022827453911304474,0
C=C1C(Cl)=CC=CCCCSC2=C3CN=C(C)CCNCCN3[C-]C12CCOCCC=CC1=C=CCCC1,C=C1C=CC=CCCCSC2=C3CN=CCCNCCN3[C-]C12CCOCCC=CC1=C=CCCC1,1,3.7195168260950595e-06,0
Clc1ccc(NC2NN3CC4=NCC=CC2=NCCCC43)cc1Cl,C1=CC2=NCCCC3C(=NC1)CN3NC2Nc1ccccc1,1,1.0,1
C=CC=CC=CNC1=C(CCCCC=CNCCO)CC#CCCC=NC(C=CC)=NC(OCCl)NNCC1Cl,C1#CCCC=NC=NCNNCCC=CC1,1,0.9999468326568604,1
CCNCC=CCC1C=CC#S(=NC)[B+]C(O)=N1,N=S1#CC=CCN=C[B+]1,0,0.14531292021274567,0
CC=CC=CBC1=NCC(C=CCN)N=[B-](CCO)P=N1,[BH-]1=NCCN=CN=P1,0,7.462673146108045e-09,0
NCC=CC=C1CN=C(NC=C2C=S=C(Cl)C(Cl)=C2)N=C1NCCO,C=C1C=NC(NC=C2C=CC=S=C2)=NC1,0,1.0,1
NCc1ccccc1N=CN[n+]1ccc(Cl)c(Cl)c1CCO,C(=Nc1ccccc1)N[n+]1ccccc1,1,1.0,1
Nc1c(NC2=CC(CCO[O+])=NC=NC=[P-]=C2)ccc(Cl)c1Cl,C1=NC=NC=[P-]=CC(Nc2ccccc2)=C1,1,0.9997362494468689,1
CC#C[C+]1NB=C(NCC=C=[P+]CCl)N=C(NCC=[N+])OC1=CC,C=C1[CH+]NB=CN=CO1,0,1.0,1
CCN[S+]C1ONC(N2CC=C(N)C(C)C2Cl)c2cccc1c2,C1=CCN(C2NOCc3cccc2c3)CC1,0,0.01166410930454731,0
CC=CC=CN=C(N=C1N=[O+]COC1C)NCC=C(Cl)CCl,N=C1COC[O+]=N1,0,2.1864100574475742e-07,0
CCC=C=C1CN=CN(C2=C(Cl)C(Cl)=C2)N(C)OCCN1,C=C1CN=CN(C2=CC=C2)NOCCN1,0,3.7242455785957418e-09,0
ClC(=Cc1ccccc1)NC=C1C=CC(Cl)[P+]=C1,C1=CC(=CNC=Cc2ccccc2)C=[P+]C1,1,0.014128277078270912,0
CC1=C2CC(C=C1)N=C(Nc1cc(Cl)c(Cl)cc1C)N2CO,C1=CC2CC(=C1)NC(Nc1ccccc1)=N2,0,4.286421972210519e-05,0
C=CC=CC1=NC2=C=C2C=CCNC1,C1=C2C=CCNCC=NC=12,0,1.2059446774514981e-08,0
CCNC1=NCC(C=COC=C2C=CC#CC2)OCCNC=N1,C1#CCC(=COC=CC2CN=CN=CNCCO2)C=C1,0,1.0385508453225611e-08,0
C=C(C)c1cc2c(c(O)c1O)[C@@]1(C)CCC[C@](C)(COC(=O)c3ccc(O)c(O)c3)C1=CC2,O=C(OCC1CCCC2C1=CCc1ccccc12)c1ccccc1,0,1.0,1
ClC1=CC2=C(C=NCCONCCONC=N2)C1Cl,C1=CC2=C(C=NCCONCCONC=N2)C1,1,1.6506091924384236e-05,0
CCOCC1=NC2=NCC1=CC=C(C)C(Cl)(Cl)C=C=C2,C1=CCC=CC=C2C=NC(=NC2)C=1,0,4.263252861846922e-09,0
NC1=NC(NC2=CC(Cl)C(Cl)=C2)=NC2=CC=C[SH]=C2OCC1,C1=C[SH]=C2OCCC=NC(NC3=CCC=C3)=NC2=C1,0,2.8237848255230347e-06,0
C=C1NC=NCC23C(Cl)C=CC4C=CCN1C(C)CNC2N4CCN3CCO,C=C1NC=NCC23CC=CC4C=CCN1CCNC2N4CCN3,1,3.919978563970972e-09,0
FC1=NCN2C=CC=C(N2)OCCN1,C1=CN2CN=CNCCOC(=C1)N2,0,0.1698710024356842,0
CC=C(NCCOc1ccccc1N)C(C)=CCNC=C1C=CC#CO1,C=C(C=CCNC=C1C=CC#CO1)NCCOc1ccccc1,1,5.985995699120394e-07,0
CC=CCOCCNC1=NC(NC=CC=CCl)O1,C1=NCO1,0,0.00032622701837681234,0
OCCNC1=NC(N2CC=C(Cl)CC2Cl)=N[B-]=CC=CC=C1,[B-]1=CC=CC=CC=NC(N2CC=CCC2)=N1,0,2.238710521851317e-06,0
ClC1C=CC=CNN2NOC3=CC=CC=C2CNC31,C1=CC=C2CNC3CC=CC=CNN2NOC3=C1,0,5.576271444596159e-09,0
C=C(Cl)C=CC=CNC1=NC2=CC=C=CC2NCCON1,C1=CC=C2N=CNOCCNC2C=1,0,1.9317205612878752e-07,0
OCCNC=NC(=NC[S-]1=CC=CC=C1P)Nc1ccc(Cl)c(Cl)c1,C1=CC=[S-](CN=CNc2ccccc2)C=C1,1,1.0,1
CC1(N)C(Cl)=CC2=C1C(C=CN)N=C2,C1=CC2=C(C1)CN=C2,0,3.1827124757910497e-07,0
OCCNC1=NC([C+]NCC=C(Cl)C[B+]CCl)=NC2=CC=CC=[P-]21,C1=CC=[P-]2C=NC=NC2=C1,0,1.6955764294834808e-06,0
OCCNC1=NCC([N+]c2ccc(Cl)c(Cl)c2)=CC=CC=C1,C1=CC=NCC([N+]c2ccccc2)=CC=C1,1,0.9999958276748657,1
CC(NCc1cccc(N)c1)c1ccc(F)c(C(F)(F)F)c1,c1ccc(CNCc2ccccc2)cc1,1,1.0,1
NC1=CN(C=NC2=CC=COC2CCCCOCC=CCNCCO)CC=C1Cl,C1=CCN(C=NC2=CC=COC2)C=C1,1,1.0687627849392811e-07,0
CN=C1CCOC=CC=CC=N1,N=C1CCOC=CC=CC=N1,0,3.769317746815659e-09,0
CC(C)=CCc1cc([C@@]23Oc4cc(O)ccc4[C@@H]4CC(C)=C[C@H](c5c(O)cc(-c6cc7ccc(O)cc7o6)cc5O2)[C@H]43)ccc1O,C1=C[C@@H]2c3ccc(-c4cc5ccccc5o4)cc3O[C@@]3(c4ccccc4)Oc4ccccc4[C@H](C1)[C@@H]23,1,1.9684131984831765e-05,0
OCCNc1nc(Nc2ccc(Cl)c(Cl)c2)nc2c1C=C2,C1=Cc2nc(Nc3ccccc3)ncc21,1,1.0,1
ClC1=COC[C-]NC2=CC=CC=[SH]2=NC=NCNC=CC=C1,[C-]1COC=CC=CC=CNCN=CN=[SH]2=CC=CC=C2N1,1,3.01967219229482e-07,0
CC1C=CC=CCC(NC=C(Cl)C=BBCCl)N=CN1,C1=CCCN=CNCC=C1,0,2.89714474632774e-09,0
COCCC12CC=[B-]C=C1C(NCON)=NC(c1ccc(Cl)c(Cl)c1)O2,[B-]1=CCC2OC(c3ccccc3)N=CC2=C1,1,0.9974333643913269,1
C=C(Cl)C(Cl)=C1NC=NCC(CCCONCCC=CC)=CNC1CCC,C=C1CNC=CCN=CN1,0,1.8176690375071303e-08,0
ClC1=CC=CNC2=NC3=C4NC=CNCC2C1=CC(=C3)COCCN4,C1=CNC2=NC3=C4NC=CNCC2C(=CC(=C3)COCCN4)C=C1,1,6.035384103597607e-08,0
OCCN[P-]C1=NC(c2ccc(Cl)c(Cl)c2)C1,C1=NC(c2ccccc2)C1,1,1.0,1
ClC1=CC=NC2(C=C1)C=CC(Cl)NCCON2,C1=CC=NC2(C=C1)C=CCNCCON2,0,5.365686561731309e-09,0
ClC1=[C+]CN([B-]2=Cc3ccccc3N=CNOCC2)CC1,[C+]1=CCCN([B-]2=Cc3ccccc3N=CNOCC2)C1,0,1.8207051866170332e-08,0
OCCNc1nc(NCC2=C(Cl)NC(Cl)=CC2)nc2ccccc12,C1=CNC=C(CNc2ncc3ccccc3n2)C1,1,1.0,1
ClC1=CCN(OCCc2ncnc3c2=CC=C=3)C=C1Cl,C1=CC=c2c(CCON3C=CC=CC3)ncnc2=1,0,3.622180555495902e-09,0
ClC=CC1=NC=CN[S-]=C=NCN1,C1=NCNC=NC=CN[S-]=1,1,1.0363172009419941e-07,0
OCCNP=CC=CC=C1CN=C(Nc2ccc(Cl)c(Cl)c2)N1,C=C1CN=C(Nc2ccccc2)N1,1,1.0,1
OC1CNC=NCNCC(CCl)N2C=CC=CC12,C1=CC2CCNC=NCNCCN2C=C1,0,3.7143627196201123e-06,0
C=C(Cl)N1CC=CC=CCC=NC1,C1=CCC=NCNCC=C1,0,9.499756004061055e-08,0
C=CC=CC(CC1=CC2=CN=CNC(=CC=CCl)N=CN1C=C2)NCCO,C=C1N=CN2C=CC(=CN=CN1)C=C2,0,2.99638927003798e-08,0
OC1CNC=NC2C=CCC=C1NC(C=CCl)=CC=CN2,C1=CNC2=CCC=CC(N=CNCC2)NC=C1,0,4.762599985497218e-07,0
ClC1=CCNCCOC2=CC2=C=CN=CNC1Cl,C1=CN=CNCC=CCNCCOC2=CC=12,0,0.0001663121220190078,0
ClS1(N2CN3CC(=CC=COCCN3)N2)C=CC1,C1=COCCNN2CC(=C1)NN([SH]1C=CC1)C2,0,8.422047059752913e-09,0
C=CN=C1[N-]C(Cl)=CC=C(C)N1,N=C1[N-]C=CC=CN1,1,0.9998332262039185,1
OCCNc1nc(Nc2ccc(Cl)c(Cl)c2)n[p+]2c1=C=[C-]CC=2,C1=[C-]CC=[p+]2nc(Nc3ccccc3)ncc2=1,1,1.0,1
CNC(Cl)=C1CCC1CCNC(=NC=C1C#CCOC(Cl)=C1NC1C=CCCCN1)N=C(NCCO)c1ccccc1,C=C1CCC1CCNC(N=Cc1ccccc1)=NC=C1C#CCOC=C1NC1C=CCCCN1,0,5.219545187173935e-07,0
ClC1=CCN(C2=NC3CN(CCO3)N2)C=C1Cl,C1=CCN(C2=NC3CN(CCO3)N2)C=C1,0,0.0011401089141145349,0
ClCC(Cl)=CC=C(NC=NC=CCCCCC1CN=C=CN1)C1=NOCCN1,C=C(NC=NC=CCCCCC1CN=C=CN1)C1=NOCCN1,1,1.4095961887505837e-05,0
C=CC(=CC=CCl)NC1=NC2(OCNCCO)CC=CCN12,C1=CCN2C=NC2C1,0,0.0003097857115790248,0
CC1=NC(c2ccc(Cl)c(Cl)c2)=NCC=CC1,C1=CCN=C(c2ccccc2)N=CC1,1,0.9991335272789001,1
CC(=CCNC1=Nc2ccc(cc2CNCCO)C=CCCNCCC1)CCl,C1=Cc2ccc(cc2)N=CCCCNCC1,1,0.9858273267745972,1
C=NC=CNC=C1C=CCCCN2C(Cl)=CCCC=C=CC2CC=N1,C=C1C=CCCCN2C=CCCC=C=CC2CC=N1,1,1.2579299379922304e-07,0
CCNc1ccccc1C1=NCNC(C)=C(COC=C(Cl)CCl)NC=CN1,C1=CNCN=C(c2ccccc2)NC=CN1,1,1.0,1
OCCNn1c2cc3cc-2cnc1CC=C(Cl)C(Cl)=CN3,C1=CCc2ncc3cc(cc-3[nH]2)NC=C1,0,0.00020195241086184978,0
CN=C(NCCO)[C-]1CC=CC=C1N=CN1C=CC=C(Cl)C(Cl)=C1,C1=CC=CN(C=NC2=CC=CC[CH-]2)C=C1,0,3.819079452682672e-08,0
OCCC1=NC(N2C=C(Cl)C(Cl)=CC2)C2=CC=C2C=C1,C1=CCN(C2N=CC=CC3=CC=C32)C=C1,0,1.3776550567001777e-08,0
OCCNc1nc(NCC2=C(Cl)C(Cl)=C=[O+]C2)nc2ccccc12,C1=CC=C(CNc2ncc3ccccc3n2)C[O+]=1,1,1.0,1
CC(=CC=CCl)CCOCNCC1C(=N)CN2CC=C(C=CCC=NC=C=NCCOCCC3CCOC3)C=CCOCCNN=CC12,N=C1CC2C=NNCCOCC=CC(C=CCC=NC=C=NCCOCCC3CCOC3)=CCN2C1,1,1.7420497044895455e-07,0
ClC1=CC2COc3ccccc3NC2=C1,C1=CC2COc3ccccc3NC2=C1,1,0.9990398287773132,1
NC1(Cl)C2=CC=CC1=NC1=CC(NCCO)C=C1C2,C1=CC2=NC3=CCC=C3CC(=C1)C2,0,1.2674401972390115e-08,0
C=CC(Cl)=CC1=CC2=NC(=C(Cl)C=CC1)CC(NCCO)=N2,C1=CCC=CC2=NC(=C1)CC=N2,0,2.5941837520804256e-05,0
C=C(Cl)C=CC1=CCCCCCOCCN=C2NC1=CCC2N,C1=CC2=CCCC(=NCCOCCCCC1)N2,0,1.8816774172591977e-05,0
ClC1=CCN2CC1=[PH]=BC13CC=CC=C1N=C2N=C3Cl,B1=[PH]=C2C=CCN(C2)C2=NC3=CC=CCC13C=N2,0,5.684239212655484e-08,0
C=C1C=C(C)C(Cl)=CC(=C)C(Cl)=C=NN1,C=C1C=C=NNC(=C)C=CC=C1,1,2.176629863015478e-07,0
ClC(=N[P-]CC1=CC=C=BC1)N=C(Cl)c1ccccc1,B1=C=CC=C(C[P-]N=CN=Cc2ccccc2)C1,1,1.0,1
C#CC=CC=CCOCCC1=NC(NC2=CCC(Cl)=C2)=N1,C1=CC(NC2=NC=N2)=CC1,0,1.9328409450736217e-07,0
ClC1=CC=CNCN=Cc2ccccc2NCOC=C1Cl,C1=CC=COCNc2ccccc2C=NCNC=C1,0,1.0,1
C=CC=CC(=NC(Cl)NC=C1C=CCC(Cl)=C1)NCCO,C=C1C=CCC=C1,1,0.9662401676177979,1
C=[P-]1(Cl)=CC2=C1COc1ccccc1N2,C=[PH-]1=CC2=C1COc1ccccc1N2,0,5.411429810919799e-05,0
CC=CC=S=CCNC1(C)CN=CNC12C=CC(Cl)=C2,C1=CC2(C=C1)CCN=CN2,0,6.690188314451007e-08,0
Clc1ccc(NC2=NC=CC=CC=C2)cc1Cl,C1=CC=CC(Nc2ccccc2)=NC=C1,0,1.0,1
CC1(O)c2ccccc2N=CNC2=CC=C(Cl)C21Cl,C1=CC2Cc3ccccc3N=CNC2=C1,1,1.0,1
[C-]#CNC1=NC[P+]N(c2ccc(Cl)c(Cl)c2)NC=CC=CC1,C1=CCC=NC[P+]N(c2ccccc2)NC=C1,0,1.0,1
CNC1=CC=CN(OCC#CC=NC(N)N=c2cc2)C1(Cl)Cl,C(#CCON1C=CC=CC1)C=NCN=c1cc1,1,3.9836614007526805e-09,0
NC1=COCNC2=NC(C=CC=C(Cl)CCl)=NC2=CC=C1,C1=CC=C2N=CN=C2NCOC=C1,0,2.992441405780255e-09,0
NC1CCON(Cl)C=Cc2ccccc21,C1=Cc2ccccc2CCCON1,0,3.141075666235338e-08,0
C=CC=CNC1=NCC(=C2C=CCC2Cl)C(NCCO)=N1,C1=CC(=C2C=NC=NC2)CC1,0,4.506727009356837e-07,0
Clc1ccc2[nH]c(=NC34C=CCOCCNC3C4)[nH]c2c1Cl,C1=CC2(N=c3[nH]c4ccccc4[nH]3)CC2NCCOC1,1,1.322064122177835e-06,0
OCCC1=NC(Nc2ccc(Cl)c(Cl)c2)=NC=C2C#[SH]=CC=C21,C1#[SH]=CC=C2C=NC(Nc3ccccc3)=NC=C12,1,1.0,1
OCCNC1=NC(Nc2ccc(Cl)c(Cl)c2)C#CC=CN=CC1CC=Nc1ccccc1,C1#CC(Nc2ccccc2)N=CC(CC=Nc2ccccc2)C=NC=C1,1,1.0,1
CC=C(Cl)C1=COCC(NC=CN=CCF)N=C1NCOCl,C1=COCCN=C1,0,0.9992296695709229,1
Cc1cc(Cl)c(Cl)cc1C1=NC2C=CC=C2C1NCCON,C1=CC2N=C(c3ccccc3)CC2=C1,1,0.7569241523742676,1
ClCC(Cl)=CC=C1N=C(N=C=[SH]CCOc2ccc[s+]c2)N1,C=C1N=C(N=C=[SH]CCOc2ccc[s+]c2)N1,0,0.00028427012148313224,0
OCCNC1=NC(N=CNc2ccc(Cl)c(Cl)c2)=C[C-]2C=C=[N+]C=C12,C1=C[C-]2C=C(N=CNc3ccccc3)N=CC2=C[N+]=1,1,1.0,1
ClCC(Cl)CNCC1=CC(CN=C2C=C3C=CC(C4CCC4)C2N3)=CC=C=CO1,C1=CC=C(CN=C2C=C3C=CC(C4CCC4)C2N3)C=COC=1,0,0.00044055626494809985,0
C=NC1C=CN(C2NCCC3=CC=CC2N3C)C=C1Cl,C1=CC2NC(=C1)CCNC2N1C=CCC=C1,1,0.00020763666543643922,0
OCCC1=NC(Nc2ccc(Cl)c(Cl)c2)=NC=CCC=C1,C1=CCC=CN=C(Nc2ccccc2)N=C1,1,1.0,1
N[O+]C(=Nc1ccccc1CC=BCO)N1C=CC(Cl)C(Cl)=C1,C1=CN(C=Nc2ccccc2)C=CC1,1,1.0,1
ClC1=C(CNC(Cl)N=c2c3ccccc23)CC=C[O+]1,C1=C[O+]C=C(CNCN=c2c3ccccc23)C1,1,1.0,1
NC1C=CC2CC1(CCO)C(C1=[P-]=C=C(Cl)C(Cl)=C1)=N2,C1=CC=CC(C2=NC3C=CCC2C3)=[P-]=1,0,6.169041455450497e-08,0
FC(F)(F)c1cccc(Nc2nc(-c3ccccc3)nc3ncccc23)c1,c1ccc(Nc2nc(-c3ccccc3)nc3ncccc23)cc1,1,1.0,1
CC1CN(C2=C[B-]c3cccc(c3)C(Cl)=N2)CC=C1Cl,[B-]1C=C(N2CC=CCC2)N=Cc2cccc1c2,0,0.00520471204072237,0
C=CC1=CCCCCC(CNCCON2N=C2Nc2ccc(Cl)c(Cl)c2)N=CC=N1,C1=CN=CC=NC(CNCCON2N=C2Nc2ccccc2)CCCC1,1,0.9999996423721313,1
NCCCCC=C1CC(CC2=NCC=CC2NCCO)=NC(Nc2ccc(Cl)c(Cl)c2)=N1,C=C1CC(CC2=NCC=CC2)=NC(Nc2ccccc2)=N1,1,1.0,1
CC=C1CN=C(NC=CC=CCl)C1CC,C=C1CC=NC1,0,1.19974387757793e-07,0
Nc1ccc(NC2N=CN(CO)c3ccccc32)cc1Cl,C1=NC(Nc2ccccc2)c2ccccc2N1,0,1.0,1
[S+]C(Cl)=CC=CNC1CCC=CC=CC=NOCCNC[P-]1,C1=CC=NOCCNC[P-]CCCC=C1,0,2.7224166032624453e-08,0
NC1(CC=CCl)C2=CC=[C+]C=C2C1C(Cl)=C=[S-]CCO,[C+]1=CC=C2CCC2=C1,0,1.076991225090751e-07,0
ClC1=CCS2=C(Cl)C=COCCNCC=CC2CC=NCN1,C1=COCCNCC=CC2CC=NCNC=CCS2=C1,0,0.9994503855705261,1
C=C1CC=CC(CCCC=C(CC#CCl)C(Cl)OC=CC)=C2CC(NCCO)=NC(=N2)N=CC[B-]#CCCN1,C=C1CC=CC=C2CC=NC(=N2)N=CC[B-]#CCCN1,1,0.9999637603759766,1
[N-]=CC1=CC=[SH]C(CCl)CC=CC(Cl)=C2[P-]C(NCCO)=NC(N=CN1)[S-]2,C1=CCC[SH]=CC=CNC=NC2N=C[P-]C(=C1)[S-]2,0,0.0010280570713803172,0
C=NC(=CNC1=NC2=C=CC=C21)CCCl,C1=CC=C2C=NC=12,0,1.1608698287091102e-06,0
C=CC=CNC1OCCN2C=CC=C1C2,C1=CN2CCOCC(=C1)C2,0,0.001490282011218369,0
[B+]=C=CC=CN1C=NCC(=CC=CC)C(NCC)O1,C=C1CN=CNOC1,0,3.9995278200422035e-09,0
ClC=COCCNC1c2ccccc2CNC1C=CCl,c1ccc2c(c1)CCNC2,1,0.9999982118606567,1
CCCN1C=CC=C2Nc3ncccc3C(NCCO)=NC21,C1=CNC2N=Cc3cccnc3NC2=C1,0,0.5132090449333191,1
C=NC=CC=CCNC1C=CC2CC1(c1ccc(Cl)c(Cl)c1)N(C)OCCN2,C1=CC2CC(c3ccccc3)(C1)NOCCN2,1,1.0,1
NC1=CCN(C2=NC=CC3=CC=C3C2NCCO)C=C1Cl,C1=CCN(C2=NC=CC3=CC=C3C2)C=C1,0,0.9999963045120239,1
CC1=C(C=CC=CN=CNc2ccc(Cl)c(Cl)c2)NOCCCCN=CCCC1,C(C=CC1=CCCCC=NCCCCON1)=CN=CNc1ccccc1,1,1.0,1
[C+]#CC([O+])=C[S-]#CNOCCNC([S+]=N)C1=CC=CC=NC1=C,C=C1C=CC=CC=N1,0,0.958229660987854,1
NC1C2C(=CC#CF)C=CN1C2Cl,C=C1C=CN2CC1C2,1,0.9995914101600647,1
Clc1ccc(NC2=Nc3ccccc3CCC[O+]ON2)cc1Cl,c1ccc(NC2=Nc3ccccc3CCC[O+]ON2)cc1,1,1.0,1
CC=C1C=CCCC(C)=CC=CNC(N=CNCCO)C(Cl)=C1Cl,C=C1C=CCCC=CC=CNCC=C1,1,4.729551417170796e-09,0
OCCNc1nc(Nc2ccc(Cl)c(Cl)c2)nc2c1=[S-]C=CC=2,C1=C[S-]=c2cnc(Nc3ccccc3)nc2=C1,1,1.0,1
ClC1CCCNC12N=C1NC=CC=C12,C1=CNC2=NC3(CCCCN3)C2=C1,0,1.513768133065696e-08,0
CC1C(Cl)=CC=C1N1C=NC=CC=CC#CN1NCCO,C1#CNN(C2=CC=CC2)C=NC=CC=C1,0,1.40719866976724e-05,0
C=CC(Cl)=C1COC1[P+]CN=C(NCC)c1ccccc1Cl,C=C1COC1[P+]CN=Cc1ccccc1,1,0.22122225165367126,0
NCC=C=C1CC(CCOCl)=NCNc2cc(Cl)cc1c2,C=C1CC=NCNc2cccc1c2,0,7.33885485715291e-08,0
[O+]#CC=CCNCCNC1C=NC2=C1C=CC2Cl,C1=CC2=C(C1)N=CC2,0,0.42810553312301636,0
[N-]=C=CCN=CNC1=C=C[P-]C=C(Cl)C1Cl,C1=CCC=C[P-]C=1,1,4.303251088799698e-09,0
C#CC=CC=CN=CNC1=CC[B+]C2C(NCCOCl)C12Cl,[B+]1CC=CC2CC12,1,3.9161659515229985e-07,0
CCC1=CNC2=CC=C(CC(=N)C1)NC=N2,N=C1CC=CNC2=CC=C(C1)NC=N2,0,1.829972973155236e-08,0
OCCNC=N[C-](Cl)NCC1=C(Cl)C=C[B-]C1,[B-]1C=CC=CC1,0,1.4757763437955873e-06,0
CCCC=C1CN=C1c1ccc(Cl)c(Cl)c1,C=C1CN=C1c1ccccc1,1,1.0,1
OCCSc1[o+]c(Nc2ccc(Cl)c(Cl)c2)nc2ccccc12,c1ccc(Nc2nc3ccccc3c[o+]2)cc1,1,1.0,1
CC1C=CC2CC(=NC(N3C(C)C=CC3Cl)=N2)NCCO1,C1=CC2CC(=NC(N3CC=CC3)=N2)NCCOC1,0,2.2556973178211592e-08,0
OC1=C(Cl)C=C2CC(=NC(Nc3cccc(Cl)c3)=N2)NC1,C1=CCNC2=NC(Nc3ccccc3)=NC(=C1)C2,1,0.9999998807907104,1
C=C1N=CNC=C(C)C#CCC1N=C(N=C[B+]CCO)Nc1ccc(Cl)c(Cl)c1,C=C1N=CNC=CC#CCC1N=CNc1ccccc1,1,1.0,1
[O+][B-]1=C=C(Cl)C=CNCN=CNC(CO)c2ccccc21,[BH-]1=C=CC=CNCN=CNCc2ccccc21,0,0.004300222732126713,0
Clc1ccc(NC2N=C3CC=CC=C2COCN3)cc1Cl,C1=CCC2=NC(Nc3ccccc3)C(=C1)COCN2,1,1.0,1
C=CC=CC(O)C1=CCNC(N=C(C)Cl)=C(CCOCCCl)N1,C1=CNC=CNC1,0,0.005015214439481497,0
C[C+]C(Cl)=CC=C1CC2=C3N=C(N1)N(CC=C2)C3(O)NCCO,C=C1CC2=C3CN(CC=C2)C(=N3)N1,0,3.985137300333008e-05,0
OCCNC1=NC(Nc2ccc(Cl)c(Cl)c2)B=C=CC=CC=C1,B1=C=CC=CC=CC=NC1Nc1ccccc1,1,0.9999995231628418,1
N=C=C=NC=NC=CCC=CC=C1CC(NC=CC=C(N)CCCl)N=CS1,C=C1CCN=CS1,0,1.0,1
CC1CCNC(CO)=NN2C=CC(N=CNc3ccc(Cl)c(Cl)c3)C(=CCCN1)C2,C1=CN2CC(=CCCNCCCNC=N2)C1N=CNc1ccccc1,1,1.0,1
ClCC=CC1=NC2=CC=C=C2OCCN1,C1=CC=C2N=CNCCOC=12,0,2.0790989196939336e-07,0
NOC=NC(Cl)NCC1=C[N-]C(Cl)=CC1,C1=C[N-]C=CC1,0,1.0,1
CC=C[S-]OC1CN=CN=[N+]1Cl,C1=NCC[NH+]=N1,0,8.12809872741127e-08,0
N#CC1=CC=CCC2C=CC(Cl)=CC=CNC(=N)N=C(NCCO)C1=CC2,N=C1N=CC2=CCC(C=CC=CC=CN1)CC=CC=C2,1,3.2972577173495665e-05,0
N[P-](C=Nc1ccccc1CNCCO)Nc1ccc(Cl)c(Cl)c1,C(=Nc1ccccc1)[PH-]Nc1ccccc1,1,1.0,1
[B+]1C=CC2=C3C4=CC=CC=C(N=CNC42)NC13,[B+]1C=CC2=C3C4=CC=CC=C(N=CNC42)NC13,1,0.2314627468585968,0
OCCNC1=NC2=NC(=C[SH]3CC=C(C=C3Cl)N2)CC=C1,C1=CCC2=C[SH]3C=CC(=CC3)NC(=N2)N=C1,0,3.6756428016815335e-05,0
C=CC1N=C(C=C(Cl)CCl)NCN=C2BC(CC)=C1OC2,B1C=C2CN=CNCN=C1CO2,1,3.7600549340766065e-09,0
CC1=CC=CNC2NNC2C=CC(CCO)=C1Cl,C1=CC=CNC2NNC2C=CC=C1,1,0.9996212720870972,1
OCCNC1C2=CC=CC[N+]2=CN=CNc2cc(Cl)c(Cl)cc21,C1=CC[N+]2=CN=CNc3ccccc3CC2=C1,1,1.0,1
OCCNC=NC1=Nc2cccc3c2C(C=C(Cl)C(Cl)=CC3)N1,C1=CCc2cccc3c2C(C=C1)NC=N3,0,0.7570185661315918,1
OCCNC1=[B-]=C(Cl)C2=[C-][SH]=CCN(C=Nc3ccccc31)CC=C2,[B-]1=CC2=[C-][SH]=CCN(C=Nc3ccccc3C=1)CC=C2,0,0.9173914194107056,1
CC1CCOCNC2=NC(=NCC2)NCC=C1Cl,C1=CCNC2=NCCC(=N2)NCOCCC1,0,0.00017093551286961883,0
C=C1N=CC=CC=C2OCCNC=NC2NC=CC=C1Cl,C=C1C=CC=CNC2N=CNCCOC2=CC=CC=N1,0,1.022509987791409e-08,0
C=NC=NC1=CCC=C2N=C(N=CNCCO)C12N1C=CC=CC1(Cl)Cl,C1=CCN(C23C=CCC=C2N=C3)C=C1,0,5.560056592912588e-08,0
OCCNc1nc(NC=CC=CC=[S+]Cl)nc2c1=C[S+]#CC=2,C1#[S+]C=c2cncnc2=C1,0,4.77856872294069e-07,0
ClC1=CN[O+]NC1Cl,C1=CN[O+]NC1,1,0.7538138628005981,1
CC=CC1CN=C(Nc2ccc(Cl)c(Cl)c2C)C1NCON,c1ccc(NC2=NCCC2)cc1,0,8.1924731887284e-08,0
C=C=C(Cl)C(Cl)=CCNC1=Nc2ccccc2CNCOC1C,C1=Nc2ccccc2CNCOC1,0,1.087012790890185e-07,0
CNC(=CC=C1NC=NCC(C(C)NCCO)C=CCOCCCO1)CCl,C=C1NC=NCCC=CCOCCCO1,1,4.526935715176705e-09,0
[B-]1CC=CCO1,[B-]1CC=CCO1,0,8.891723268789065e-07,0
C=COCCC1=CNC(Cl)(CC)NC(C=CCN)C1,C1=CNCNCC1,0,3.21009174797382e-08,0
C1=CCOCC2=CC2=C1,C1=CCOCC2=CC2=C1,0,0.0020528242457658052,0
OCCNC1=NC(NC=C2C=C(Cl)[P+]C(Cl)=C2)=NCC(C[S+])=CC=C1,C1=CC=NC(NC=C2C=C[P+]C=C2)=NCC=C1,0,7.4027757257510984e-09,0
OC1=C(N=C(Cl)CCl)COCCCCNc2nc(c3ccccc3n2)NCC=C1,C1=CCNc2nc(nc3ccccc23)NCCCCOCC=C1,0,1.0,1
CC=CNC1=Nc2ccccc2C(=C(Cl)CC2=CN=C=NC=C2)CCON1,C1=NC=CC(CC=C2CCONC=Nc3ccccc32)=CN=1,0,1.0,1
C[C-]SN1C=CC=C(Cl)C(C)=BN=C(NCCO)Cc2cccc[p+]2N1,B1=CC=CC=CNN[p+]2ccccc2CC=N1,1,5.1713254833885e-07,0
NC1=CC1=CC=CN=C(N=CNCl)[N-]CC1=CC(Cl)=C=[C+]C1,C1=[C+]CC(C[N-]C=NC=CC=C2C=C2)=CC=1,1,1.483498479615264e-08,0
[N+]c1ccc(NC2=[C-]c3ccccc3C2NCON)cc1Cl,[C-]1=C(Nc2ccccc2)Cc2ccccc21,1,1.0,1
C#CC=CN=CCCC#CC=CC=CC1=C(Cl)COCC2OC(C=C2C)N1,C1=CNC2C=CC(COC1)O2,0,6.609808700375197e-09,0
NC1=NC=CC1NCCONc1ccc(Cl)c(Cl)c1,C1=CC(NCCONc2ccccc2)C=N1,0,0.999998927116394,1
CC=CC=PCN=[P-]=C1CC(NCCO)=N1,[P-]=C1CC=N1,0,1.262045498151565e-05,0
[SH]#CC=CC=C1OCCN=NC1NCC=C=NCCl,C=C1CN=NCCO1,0,3.112732960275366e-09,0
C=C=CC=C1N=C(Nc2ccc(Cl)c(Cl)c2)N=CNCCO1,C=C1N=C(Nc2ccccc2)N=CNCCO1,0,1.0,1
COCCNC1=NN2C(=CC=CCl)CCCOCC=NC2=NC=C=CC=C1,C=C1CCCOCC=NC2=NC=C=CC=CC=NN12,0,5.044397610731721e-08,0
C=C(Cl)C(Cl)=CCC1N=CNCOC2=CC=CCC21,C1=CCC2CN=CNCOC2=C1,0,3.004680504403723e-09,0
CC1=NC=CN(CCOCl)C(=Nc2ccccc2)NC=CC=C1Cl,C1=CC=NC=CNC(=Nc2ccccc2)NC=C1,1,1.0,1
CNCC=CC1=C(CN=CCF)C=CC=CN1,C1=CC=CNC=C1,1,1.0,1
ClC1=CC(=CNC(Cl)=Nc2ccccc2)C[S+]#C1,C1#[S+]CC(=CNC=Nc2ccccc2)C=C1,1,0.9998207688331604,1
C=C1C=C(Cl)C(Cl)=CC2CCNC=CN=CC(CON1)c1ccccc1N=CCNC=N2,C=C1C=CC=CC2CCNC=CN=CC(CON1)c1ccccc1N=CCNC=N2,0,3.760835397770279e-06,0
CN1c2ccccc2C(c2c3nc4ccccc4c-3n(C)c3ccccc23)=C2N=C3CC=CC[C@H]3[C@@H]21,C1=CC[C@@H]2C(=NC3=C(c4c5nc6ccccc6c-5[nH]c5ccccc45)c4ccccc4N[C@H]32)C1,1,1.0,1
CCOCNC1=CN=C(NC=CC=C(Cl)C(C)N)C2(CCO)C(N)=C12,C1=CC2=CC2C=N1,0,1.450256519319737e-07,0
CCCNC1=NC2=NC(=C3CN=CN=C=CN(CC=CCc4cc(Cl)c(Cl)cc4NOC3)CCCO2)C1,C1=CN2CC=CCc3ccccc3NOCC(=C3CC=NC(=N3)OCCC2)CN=CN=1,1,9.576948656331297e-08,0
CC1=NN=CC(N)=C2C=CNC(COC(Cl)=C1)N=CNCCC2=CC=C=CO,C=C1CCNC=NC2COC=CC=NN=CC=C1C=CN2,1,1.1625871820797329e-08,0
OCC1CC(Cl)C=CNCN=N1,C1=CNCN=NCCC1,0,3.2678583465894917e-06,0
OCCN1C(Cl)=COCC=NC=CNCCC(C=CCl)Nc2nc1c1ccccc1n2,C1=CNCCCNc2nc(c3ccccc3n2)NC=COCC=N1,1,1.0,1
CC1=CC=C2CN=C(C=CC=CC1(Cl)Cl)N=C2NCCO,C1=CCC=CC=C2C=NC(=NC2)C=C1,0,1.5681454357263647e-08,0
OCCN1C=NC(NPCC=CCCCl)=[B-]c2ccccc21,[B-]1=CN=CNc2ccccc21,1,1.0,1
C=C(Cl)C(Cl)=CCNC=NC1[N+]#CN(CCO)N1,C1#[N+]CNN1,1,0.1758798211812973,0
[N-]N=C(N=CNC=C1C2=CC12)Nc1ccc(Cl)c(Cl)c1,N=C(N=CNC=C1C2=CC12)Nc1ccccc1,1,1.0,1
NCCC1=C(Cl)C[N+]=CC1,C1=CC[N+]=CC1,0,3.3834313128977556e-09,0
CNC=CC=C1C2=CC([O-])C1NC=CC=C(N)C2Cl,C=C1C2=CCC1NC=CC=CC2,0,1.818223793748075e-08,0
ClC=CC1=CC=CCCC(Cl)C(N=C2C=CC=CC#COCN=CCCN2)N1,C1#COCN=CCCNC(=NC2CCCC=CC=CN2)C=CC=C1,0,0.00036356059717945755,0
OCCNCC1=[C+]CC=CC=CN=C(Nc2ccc(Cl)c(Cl)c2)N1,[C+]1=CNC(Nc2ccccc2)=NC=CC=CC1,1,1.0,1
NC1=C2C3=NC(=NC2C=C1)C=CC=C(C#CCl)C(Cl)=C3Cl,C1=CC=CC2=NC(=NC3C=CC=C23)C=C1,0,0.9999911785125732,1
[O-]CCNC1=NCN(c2ccc(Cl)c(Cl)c2)NC2([C+]=CC=CC2)C1,[C+]1=CC=CCC12CC=NCN(c1ccccc1)N2,0,1.0,1
ClCC(Cl)=CC=NC1=NC2=C3C=CC2=CC13,C1=CC2=C3N=CC2C=C13,0,4.471726424526423e-05,0
N=C1CC=C(Cl)C(Cl)=CCOCCC(c2ccccc2N)=N1,N=C1CC=CC=CCOCCC(c2ccccc2)=N1,0,1.0113253665622324e-05,0
OC1CNC=NC(N2C=CC(Cl)C(Cl)=C2)c2ccccc21,C1=CN(C2N=CNCCc3ccccc32)C=CC1,0,0.9999998807907104,1
OCCN1C=NC(NC2=C=C(Cl)[P+]C=C2)=Nc2ccccc21,C1=C[P+]C=CC=1NC1=Nc2ccccc2NC=N1,1,0.9999825954437256,1
CC(Cl)=CC=C1C=[C+]C(CO)Nc2nc(nc3ccccc23)N1,C=C1C=[C+]CNc2nc(nc3ccccc23)N1,1,1.0,1
CC1=CC=CCNC2=NC=NCC2=C1,C1=CC=C2CN=CN=C2NCC=C1,0,4.954749943664183e-09,0
C=C(C=C(Cl)CCl)CN=C1CCOCC=NC2=C(N)CC=C1C2,N=C1CCOCC=NC2=CCC=C1C2,0,1.3813835408882369e-08,0
[C+]#CC(Cl)=CCNC1=[B-]C(=C=[SH]CN)CC(CCO)=N1,C=C1[B-]=CN=CC1,0,3.881889824697282e-06,0
C=C=C1C=CN=C(c2ccc(Cl)c(Cl)c2)NOCCN1,C=C1C=CN=C(c2ccccc2)NOCCN1,0,1.0,1
CC=CCC=CN=CN1OC#CC=CC=C2CN1OCCNC(=CC=C(Cl)CCl)N2,C=C1NCCON2CC(=CC=CC#CON2)N1,1,8.140942142631502e-09,0
OCCNC=NC(Cl)NCC1=C=[O+]C(Cl)=CC1,C1=CCC=C[O+]=1,1,0.0007887269021011889,0
O=C1c2cc3c(cc2C2=CCC=C4CCN1[C@H]42)OCO3,O=C1c2cc3c(cc2C2=CCC=C4CCN1[C@H]42)OCO3,0,6.930525842108182e-08,0
ClC12C=CC(COCC1)NCN=C2C=CBr,C1=CC2COCCC1C=NCN2,0,4.426340893814995e-08,0
OCCNC1=NC23CCN2CCCNc2ccc(c(Cl)c2)CC=CC(Cl)=C(C1)C3,C1=CCc2ccc(cc2)NCCCN2CCC23CC(=C1)CC=N3,0,1.0,1
Clc1ccc(NC2=NNC3C=C=CCOCCNC3=N2)cc1Cl,C1=CCOCCNC2=NC(Nc3ccccc3)=NNC2C=1,1,0.9999997615814209,1
OCCNC1=C=[O+]C2=C=[PH]=CC=C12,C1=CC2=CC=[PH]=C=C2[O+]=1,0,0.9999796152114868,1
CC=CC1OC=C(Cl)C(Cl)=CCCCCC=CNC2=NOCCNC1CCCCC=C=N2,C1=CCCCCC2COC=CC=CCCCCC=CNC(=NOCCN2)N=1,0,2.9631570530597173e-09,0
ClCN1CN=CCCOCCC=CCN1,C1=CCNNCN=CCCOCC1,0,5.52360779337846e-09,0
OCCNC1=NC([P+]c2ccc(Cl)c(Cl)c2)N2C=CC=CC=C12,C1=CC=C2C=NC([P+]c3ccccc3)N2C=C1,1,1.0,1
CC=CC=C1N=CN2C=C(Cl)C(Cl)=CC=COCCNC1=N2,C=C1N=CN2C=CC=CC=COCCNC1=N2,1,4.832548139432902e-09,0
CN=C1CC2CCC(=C(Cl)C(N)=CC=CN1)C2Cl,N=C1CC2CCC(=CC=CC=CN1)C2,0,1.0,1
OCCNC=NC1=NCCCC2CCC=NC(Nc3ccc(Cl)c(Cl)c3)C=CC=C12,C1=CC(Nc2ccccc2)N=CCCC2CCCN=CC2=C1,1,1.0,1
C=C(Cl)C(Cl)=CC1=C2N=C(CN=CCF)CCC=CC=C12,C1=CCCC=NC2=CC2=C1,0,3.4595175293361535e-06,0
C=CC=C(Cl)C(Cl)=C1C=CC=CC=CC([N+]C=[N+]CO)=NC1,C=C1C=CC=CC=CC=NC1,0,3.6128102731680656e-09,0
NCC12NC=NC(NC=CC=C1N)c1ccccc12,C1=CNC2N=CNC(C=C1)c1ccccc12,1,1.0,1
CC=C1C2=CCC1N=C2NCCONc1ccc(Cl)c(Cl)c1,C=C1C2=CCC1N=C2NCCONc1ccccc1,1,1.0,1
ClNOCCC[N+]1=C=CCC=C1N=CNc1cccc(Cl)c1,C1=CCC=C(N=CNc2ccccc2)[NH+]=1,1,0.9859179854393005,1
CC(=CC=CNC=N[P-]1=CC2C=CC=1C2NCCO)CCl,C1=CC2C=[P-]=C1C2,1,0.06343156844377518,0
C1=C2C=C12,C1=C2C=C12,1,1.0,1
CC1=CC=CN2CC=CCC(=C(Cl)C3CC(NCCO)=NC2=N3)C1COCCl,C1=CCC2=CC3CC=NC(=N3)N(C=C1)CC=CC2,1,7.219153275173085e-08,0
OCCNC1=PC=C=CCNC=Nc2ccccc21,C1=CCNC=Nc2ccccc2C=PC=1,1,0.9999994039535522,1
CC=CC=C1N=CN(C2C=C(Cl)C2)N=C1N=[SH]COC,C=C1C=NN(C2C=CC2)C=N1,0,5.426575189204641e-09,0
CC=CN=C1N=C2CCC(N)C(=NCCOC(=CC)c3cc(cc(Cl)c3Cl)N1)C2,C=C1OCCN=C2CCCC(=NC(=N)Nc3cccc1c3)C2,1,4.472562068258412e-05,0
C=CC=CCC1C(Cl)=CN(C=C)C2=CC=C=CN=C1N=CN2C#N,C1=CC=C2NC=CCC(=NC=1)N=CN2,0,0.0006849676137790084,0
NC1=CC(C=Nc2ccccc2C2=NOCCN2)=C=C1Cl,C1=CC=CC=1C=Nc1ccccc1C1=NOCCN1,0,1.8152751408706536e-06,0
CC=c1nc2nc(NCCO)c1=CCC(CCl)=C=C=PC=CCN2,C=c1nc2ncc1=CCC=C=C=PC=CCN2,1,9.66806328506209e-06,0
OCCNC1C=C2CC=C2N=C1Nc1ccc(Cl)c(Cl)c1,C1=C2CC=C2N=C(Nc2ccccc2)C1,1,0.5927188992500305,1
C1=NC2=CC=C2[P+]=1,C1=NC2=CC=C2[P+]=1,0,9.484218743693873e-09,0
CC(Cl)=CC=CC1=[PH]=NC=CCC=CC(CCON)=N1,C1=CCC=CN=[PH]=CN=C1,0,5.702665006879215e-09,0
ClC=CC1=CC=C(Cl)C2=Nc3ccccc3C[N+]CCON2N1,C1=CNN2OCC[N+]Cc3ccccc3N=C2C=C1,0,1.8069001725962153e-06,0
ClC1=CC=CC2=NC3C=CC=CC(=N2)NCCOC3[S+]1Cl,C1=C[SH+]C2OCCNC3=NC(=NC2C=CC=C3)C=C1,0,0.006461196579039097,0
OCCNC1=NC(Nc2ccc(Cl)c(Cl)c2)=C2C=CC12,C1=CC2C=NC(Nc3ccccc3)=C12,1,1.0,1
CC1C(Cl)=CC=CNC2=NC3=CC=C1C3=CC2NCON,C1=CCC2=CC=C3N=C(CC=C23)NC=C1,0,0.9999998807907104,1
CC1=CCN=CC1Nc1nc(NCCOCl)c2ccccc2n1,C1=CC(Nc2ncc3ccccc3n2)C=NC1,0,1.0,1
NC=CC=C1C2=CC(NC=NC=C=NCCOCCO)=NC1NC=CC=C(Cl)C2N,C=C1C2=CC=NC1NC=CC=CC2,1,5.87321693501508e-08,0
C=C(Cl)C(Cl)=CC[P+]#CNN1CC=CCC=NOC=N1,C1=CCNN=CON=CC1,0,0.9995560050010681,1
CC=CC=C1CNc2c(ccc(Cl)c2Cl)NSN=C1NCCO,C=C1C=NSNc2ccccc2NC1,1,4.996772622689605e-05,0
C=NCCCCC[C+](Cl)C=COC1=CCC(NCC)c2ccccc2N=CN1,C1=CNC=Nc2ccccc2CC1,1,0.9965819716453552,1
CCC1(N)c2ccccc2N=CN1C1=CC=[SH]C(Cl)=C1,C1=CC(N2C=Nc3ccccc3C2)=CC=[SH]1,0,0.9999998807907104,1
COCCNN1C2=CC(C=C2)N1Nc1ccc(Cl)c(Cl)c1,C1=CC2C=C1NN2Nc1ccccc1,1,1.0,1
CC(Cl)=CC=CNC1N=C(C=CCCCNCCCO)OC2=C=CC=C1C2,C1=CC=C2CN=COC=1C2,0,4.660846819604103e-09,0
OCCNc1nc(Nc2ccc(Cl)c(Cl)c2)nc2c1=C[P+]=CC=2,C1=[P+]C=c2cnc(Nc3ccccc3)nc2=C1,1,0.9999998807907104,1
OCCNC1=NC(Nc2ccc(Cl)c(Cl)c2)=NC2=CC=CC=S21,C1=CC=S2C=NC(Nc3ccccc3)=NC2=C1,0,1.0,1
CCC=[P-]C(C)C=CCNN1NN(CO)CC2=C[N+]=CC=C21,C1=[N+]C=C2CNNNC2=C1,1,1.8788486499943247e-07,0
N#CC1OCC1COC=CC=CCOCNCCO,C1COC1,1,0.002255552913993597,0
N=C1CC=CCC2C=C(Cl)C(Cl)=C12,N=C1CC=CCC2C=CC=C12,1,6.104377098381519e-05,0
OCCNc1nc(N[C+]2C=C(Cl)C(Cl)=CC2)nc2ccccc12,C1=CC[C+](Nc2ncc3ccccc3n2)C=C1,1,1.0,1
NC(Cl)=NC1=CC=CCNCOC1,C1=CCNCOCC=C1,0,4.136996267334325e-06,0
ClOCCNc1nc(Nc2cc3cc-3c2)nc2ccccc12,c1ccc2nc(Nc3cc4cc-4c3)ncc2c1,1,1.0,1
ClCC=C1NC=NC=[S-]2=CC=CC=C12,C=C1NC=NC=[S-]2=CC=CC=C12,0,9.645674481362221e-08,0
OCCNc1nc(Nc2bcc(Cl)c(Cl)c2)nc2ccccc12,b1ccccc1Nc1ncc2ccccc2n1,1,1.0,1
C=CN=CPN=C1C=CC#CCCCOc2ccc(N3C=CC=CC=C3Cl)c(c2)CN1,N=C1C=CC#CCCCOc2ccc(N3C=CC=CC=C3)c(c2)CN1,1,0.9997579455375671,1
ClC1=CC2(Cl)NC=C12,C1=CC2NC=C12,1,0.006562001537531614,0
C=C1C=CC(CNCCO)CCN2CCNC=CC(=Nc3ccccc3)N1[N+]2Cl,C=C1C=CCCCN2CCNC=CC(=Nc3ccccc3)N1[NH+]2,0,0.9999995231628418,1
CCNC1[N+]N2C=CC(c3ccc(Cl)c(Cl)c3)=C(N2)C1OC,C1=CN2[N+]CCC(=C1c1ccccc1)N2,1,1.0,1
Clc1ccc(NC(N=CNCCBr)=NC=C2C=CC3=CB23)cc1Cl,C1=CC2=CB2C1=CN=CNc1ccccc1,1,1.0,1
ClC1=CC2NCCOCC=CC=CNC12Cl,C1=CCOCCNC2C=CC2NC=C1,0,6.12853146009229e-09,0
C=CC=c1nc2nc(c1=C)NCC=C(Cl)C[P+](Cl)CC2,C=c1nc2nc(c1=C)NCC=CC[PH+]CC2,1,3.2096821200866543e-07,0
CC1=C[C+]C2=NC3=C1CC=CC3NCCO2,[C+]1C=CC2=C3N=C1OCCNC3C=CC2,0,9.33432975358528e-09,0
[C+]1=NC=CC=CC=C1,[C+]1=NC=CC=CC=C1,0,1.5327785263252736e-07,0
[O-]C1=C=CC=CN[C+]=C(Nc2ccc(Cl)c(Cl)c2)N=C1NCCO,C1=CC=CN[C+]=C(Nc2ccccc2)N=CC=1,1,1.0,1
N=C1N=C(NCCO)C2C=CC=C2C=CC=CN1,N=C1N=CC2C=CC=C2C=CC=CN1,0,3.7061113289382774e-06,0
CN(O)C=NC(Cl)NC=C1C=S=CC(Cl)=C1,C=C1C=CC=S=C1,1,0.9999998807907104,1
CC(=CC=CNC1=N[C-]C#CC=CC=C1)CCl,C1#CC=CC=CC=N[C-]1,1,0.9999980926513672,1
C=CC=C1c2cnc([nH]cccc2Cl)C1NCCO,C=C1Cc2ncc1cccc[nH]2,1,1.0,1
C=CN1OCCNC=C=CC=CNCN1C=C(N)Cl,C1=CC=CNCNNOCCNC=1,0,1.3641350733450963e-06,0
CCCNC1CC#CCO1,C1#CCOCC1,0,1.1996518445300808e-08,0
CNC1=CCC2N=C(CO)C=C3C(=CC=C32)N=C(Cl)C1C,C1=CCC2N=CC=C3C(=CC=C32)N=CC1,0,4.445095846961067e-09,0
NC1C(Cl)=CCN(C2N=C(NCCO)c3cccc2c3)C1Cl,C1=CCN(C2N=Cc3cccc2c3)CC1,1,0.012010462582111359,0
C#CC(Cl)=CC=CC1NOCC2=CC=CC=C1CCN2,C1=CC=C2CONCC(=C1)CCN2,0,1.0348992873332463e-05,0
NC(Cl)C1=CC=CNC2C=C(C=CC(NCCO)=N2)C1,C1=CCC2=CC(N=CC=C2)NC=C1,0,2.5535108250096528e-08,0
Clc1ccc(N2C=NC=CC=CC=CNCCON2)cc1Cl,C1=CC=CNCCONN(c2ccccc2)C=NC=C1,0,0.9999967813491821,1
CCCNCC(C1=CC=CC=CC1CCO)c1ccc(Cl)c(Cl)c1,C1=CC=C(Cc2ccccc2)CC=C1,1,1.0,1
OCCNC1=Nc2cc3ncc2NC1CCN=CC(CCl)N1CCC31,C1=NCCC2C=Nc3cc(ncc3N2)C2CCN2C1,1,7.841818927545319e-08,0
C=CC1CCNCC2C3=CC=NC12N=C(Nc1ccc(Cl)c(Cl)c1)N=C3NCCO,C1=NC(Nc2ccccc2)=NC23CCCNCC2C1=CC=N3,1,1.0,1
OCCNC1C2=CC=C2C=CN=C1Nc1ccc(Cl)cc1,C1=CC2=CC=C2CC(Nc2ccccc2)=N1,1,1.0,1
CC1=C=[C+]C(Nc2nc(NCCOCl)c3ccccc3n2)C1,C1=[C+]C(Nc2ncc3ccccc3n2)CC=1,1,1.0,1
B1=C=N1,B1=C=N1,1,8.027275271160761e-07,0
C=C=CC=C1CCNC(CO)=NC(NF)=N1,C=C1CCNC=NC=N1,0,4.153580945853719e-08,0
CC=C(Cl)C1=CCC2=NCC(=CC=C1)C(CONC)=N2,C1=CC=C2C=NC(=NC2)CC=C1,0,1.4443133295571897e-05,0
NC1=CC1=CC=CN=C(C=C1C=C(Cl)C(Cl)=CO1)N=CNCO,C(=CN=CC=C1C=CC=CO1)C=C1C=C1,0,2.3826940775961702e-07,0
C=CC=CN=C(Cl)NC=C1C=C[P-](Cl)C=C1,C=C1C=C[PH-]C=C1,0,0.9999997615814209,1
OCN=[P+]=NC1=NCC=CC=C=CCC(Cl)=CC1,C1=CC=CCN=CCC=CCC=1,1,1.2492498626670567e-06,0
CN1OCCNC=CC=CC=CS#CN1C1C=C(Cl)C(Cl)=C1,C1#SC=CC=CC=CNCCONN1C1C=CC=C1,0,1.8155864367486174e-08,0
C#CC=C1CN=C(CCC=CNC=C2C#P=C(Cl)C(Cl)=C2)N=C1NCCO,C=C1C=NC(CCC=CNC=C2C#P=CC=C2)=NC1,0,1.4361999092216138e-06,0
Clc1cccn2n(cc1Cl)C=NC=CC=CC#CNCCO2,C1#CNCCOn2ccccccn2C=NC=CC=C1,0,0.0008393698954023421,0
C[C+]CNC1C=CC=C2C=C2N=C(N=O)O1,C1=CCOC=NC2=CC2=C1,0,3.572424844833222e-08,0
ClCC1=CCC2=CC=CN1N2,C1=CN2C=CCC(=C1)N2,0,7.345449830609141e-07,0
ClOCNc1nc(Nc2cc(Cl)cc[o+]2)nc2ccccc12,c1ccc(Nc2ncc3ccccc3n2)[o+]c1,1,1.0,1
O=C(NC1CCN(Cc2ccccc2)CC1)c1cc(C(=O)NC2CCN(Cc3ccccc3)CC2)cc(C(=O)NC2CCN(Cc3ccccc3)CC2)c1,O=C(NC1CCN(Cc2ccccc2)CC1)c1cc(C(=O)NC2CCN(Cc3ccccc3)CC2)cc(C(=O)NC2CCN(Cc3ccccc3)CC2)c1,1,1.0,1
CC=C1OC=[PH](Cl)C(O)N1C1=NC2=CC=C[S-]C2C(NCC)=N1,C=C1OC=PCN1C1=NC2=CC=C[S-]C2C=N1,0,5.26571986014801e-09,0
N=C1N=C2CCC=CC2NCCN(C=CCl)CC=C1Cl,N=C1C=CCNCCNC2C=CCCC2=N1,0,2.85630097351941e-09,0
OCCNc1nc(Nc2ccc(Cl)c(Cl)c2)nc2c1=CC=[C+]C=2,[C+]1=CC=c2cnc(Nc3ccccc3)nc2=C1,1,1.0,1
NC1=CC=CNC(c2ccccc2)N=CN1CCO,C1=CNC=NC(c2ccccc2)NC=C1,1,1.0,1
ClC1=CC=C(N2CN=C3C=CCC=C(N2)OCCN3)C1,C1=CCC(N2CN=C3C=CCC=C(N2)OCCN3)=C1,0,7.967220660987095e-09,0
CC=S=CC=C1[P+]N=C(NC=CCF)CC1CO,C=C1CCC=N[P+]1,0,0.005907225888222456,0
CC(C=CNC=NCC1=[P-]2=CC=CC1C2)CCl,C1=CC2C=[P-](=C1)C2,1,4.693551325374301e-09,0
NOCCC1=NC(c2ccc(Cl)c(Cl)c2)=NC=C2C(N)=CC21,C1=CC2C=NC(c3ccccc3)=NC=C12,1,0.9943312406539917,1
NC1=C(O)CNC2([C-]=[O+]NCN2)CC=C1,[C-]1=[O+]NCNC12CC=CC=CCN2,0,5.646556555660709e-09,0
FC#CC=C1CCC2=NC1NCN=C2,C=C1CCC2=NC1NCN=C2,0,0.0006354915676638484,0
OC1CN2CC=CC=CC=C1C(Nc1ccc(Cl)c(Cl)c1)N2,C1=CC=C2CCN(CC=C1)NC2Nc1ccccc1,0,1.0,1
C=CC1(CCON)C=C=CC=CN=CNC12CC=C2Cl,C1=CC=CN=CNC2(C=CC2)CC=1,0,9.245955538972339e-07,0
OC1CCc2nc(Nc3ccc(Cl)c(Cl)c3)nc3cccc1c23,c1ccc(Nc2nc3c4c(cccc4n2)CCC3)cc1,1,1.0,1
OCCNc1nc(Nc2ccc(Cl)c(Cl)c2)nc2cccc[p+]12,c1ccc(Nc2nc[p+]3ccccc3n2)cc1,1,1.0,1
Cc1c#cc(SCC=CC#CCO)nc(Nc2ccc(Cl)c(Cl)c2)nccc1,c1ccccnc(Nc2ccccc2)ncc#1,0,1.0,1
OC1CNC=NC=[S-]2(Cl)CC1C=CCN2,C1=CC2CCNC=NC=[SH-](C2)NC1,1,3.4298041100555565e-06,0
CC(=CCNCCCCNCCC#CCOCN1CC=CC=C(N=CN)C1)CCl,C1=CCNCC=C1,1,2.7702495572157204e-05,0
OCCNCC1=C(CCl)N2CC(Cl)N(C=CN=CCC2=Nc2ccccc2)CCN1,C1=CN2CCNC=CN(CC2)C(=Nc2ccccc2)CC=N1,0,0.9999994039535522,1
C=C1C(Cl)=CC(NC2=NC3=CC=CC=NCCOC(=N2)C3)=C1Cl,C=C1C=CC(NC2=NC3=CC=CC=NCCOC(=N2)C3)=C1,0,6.252171225185066e-09,0
OCCNC1=NC(NCC2=CCC2Cl)=CC1,C1=NC(NCC2=CCC2)=CC1,0,3.357043532048465e-09,0
C=CC=CN=CCCC1=NCC#CNC#CNCCOCC=CC=C(Cl)CC(Cl)=CCN1,C1#CNC#CNCCOCC=CC=CCC=CCNC=NC1,1,1.5908686634702462e-07,0
Clc1ccc(NC2=NC3=CC3NCON2)cc1Cl,C1=C2N=C(Nc3ccccc3)NOCNC12,1,1.0,1
OCCNOCC=NC=CNC1=NC(Cl)=NC(Nc2ccc(Cl)cc2)C=CC=C1,C1=CC=NC=NC(Nc2ccccc2)C=C1,1,1.0,1
B#CC=CC1=NC2=CNC(=N1)COC2=CC=CC,C=C1OCC2=NC=NC1=CN2,0,5.087460230868146e-09,0
OCCN[P-]1=[O+]C(Nc2ccc(Cl)c(Cl)c2)=NC#CC=CC=C1,C1#CN=C(Nc2ccccc2)[O+]=[PH-]C=CC=C1,1,1.0,1
OCCNC1=NC(Nc2ccc(Cl)c(Cl)c2)=NC=CC=CC=C[N+]1,C1=CC=C[N+]C=NC(Nc2ccccc2)=NC=C1,1,1.0,1
ClCC=CCC1=NC2COCC=[P+]NC(=N1)C2,C1=NC2COCC=[P+]NC(=N1)C2,0,7.922608347143978e-09,0
NC1CCONC2(CC(Cl)C(=C=[B-]CCl)CN2)[P-]2=CC=CC=C12,C=C1CCC2(NC1)NOCCCC1=CC=CC=[P-]12,0,4.1327425037707144e-08,0
Nc1ccccc1C1=NSC=CC=CC#CC(CO)N1,C1#CCNC(c2ccccc2)=NSC=CC=C1,1,0.00898901280015707,0
OCCPC1=NC=NC2=CC1=CC2Nc1ccc(Cl)c(Cl)c1,C1=NC=NC2=CC1=CC2Nc1ccccc1,1,1.0,1
C=C1C=C(Cl)C(Cl)=CCNNC=CC=CC#CCC1,C=C1C=CC=CCNNC=CC=CC#CCC1,1,1.0,1
CC1=Nc2ccccc2C=NC2=CC=CC[SH]21,C1=CC[SH]2C=Nc3ccccc3C=NC2=C1,0,5.715332463296363e-06,0
N=C1NC=CC(Cl)CC(Cl)=CC=CCOCC1C[O-],N=C1CCOCC=CC=CCCC=CN1,0,6.0869842855026945e-06,0
OCCc1nc2ccc1=2,c1cc2ncc1=2,0,0.9999996423721313,1
OCC1CCNCC=NC1NCC=C(Cl)CCl,C1=NCCCCNC1,0,0.9966501593589783,1
Clc1ccc2c(c1)CN=CC=CC=CC=C2,C1=CC=Cc2ccccc2CN=CC=C1,0,7.921817086753435e-06,0
OCCC1=NC1NC1=[O+]CC=C(Cl)C1Cl,C1=CCC(NC2C=N2)=[O+]C1,0,4.67077843069319e-09,0
OCC1=C2CC3CC(=NCNC=CC=C(Cl)C3(Cl)C2)N1,C1=CNCN=C2CC3CC(=CN2)CC3C=C1,0,3.1080047424580926e-09,0
CCCNCC=NC=CC#COc1nc(NOC=C=CC#CCN=C2C=C=C(Cl)C(Cl)=C2)nc2ccccc12,C(=CC#CCN=C1C=C=CC=C1)=CONc1ncc2ccccc2n1,1,1.0,1
O=NC1CCC=C2C=CCN=C2NCCON1,C1=CC2=CCCCNOCCNC2=NC1,0,4.8671902064256756e-09,0
NCC=C1C(Cl)=CNC=N[O+]=[C-]c2cccpc2CNCC1O,C=C1C=CNC=N[O+]=[C-]c2cccpc2CNCC1,1,0.0005746284150518477,0
NCC1=C=C2COCC=NC=CNC1C=CC=CN=CCCON=CC(O)CC2NCCO,C1=CC2C=CC=CN=CCCON=CCCCC=1COCC=NC=CN2,0,0.00010737577395047992,0
[C-]=C1C=CC=CN=C(NCC2=C[N-]C(Cl)=CC2Cl)N=C1NCCO,[C-]=C1C=CC=CN=C(NCC2=C[N-]C=CC2)N=C1,1,1.0,1
CC=C1C=C=C(Cl)C(Cl)=CNC2=CC(=C2)C(NCCO)=N1,C=C1C=C=CC=CNC2=CC(=C2)C=N1,1,1.0157614838135487e-07,0
COCNC1=NC([N-]C2BC=C(Cl)C(Cl)=C2)=NC2=CC=CC[C+]21,B1C=CC=CC1[N-]C1=NC2=CC=CC[C+]2C=N1,0,6.175513878048378e-09,0
NCCC=C1C=C=NCNC=CC=C1Cl,C=C1C=C=NCNC=CC=C1,0,1.8539583379606484e-07,0
C=C=CC=CCOCCC1=NCN(c2ccc(Cl)c(Cl)c2)N1,C1=NCN(c2ccccc2)N1,0,0.0007664037984795868,0
ClC1=CC=CNCN=CNCCOCCC1Cl,C1=CCCCOCCNC=NCNC=C1,0,0.01569090411067009,0
OCC1=C(Cl)C=S2CC(=CNc3ccc2c(Cl)c3)N1,C1=CNC2=CNc3ccc(cc3)S(=C1)C2,1,1.0,1
ClC1CC2=CCN1SCN=CCCOC=C=CCN2,C1=CCNC2=CCN(CC2)SCN=CCCOC=1,0,2.0433093439464756e-08,0
OCCCCC=CC=C1NC=Cc2cc(Cl)cn21,C=C1NC=Cc2cccn21,1,1.0,1
Clc1ccc(NC2=NC3=CC=C=CC3N=N2)cc1Cl,C1=CC=C2N=C(Nc3ccccc3)N=NC2C=1,1,1.0,1
OCCNC1=NC(Nc2ccc(Cl)c(Cl)c2)N2C=C=CC=C12,C1=CC=C2C=NC(Nc3ccccc3)N2C=1,1,1.0,1
CC1C(Cl)=CCN2N=C3C=C=CC=C(NC12C)OCCN3,C1=CC=C2NC3CC=CCN3N=C(C=1)NCCO2,1,4.571246936535545e-09,0
OCCNc1nc(NC2=C=C(Cl)C(Cl)=C2)nc2c1=CCB=C=2,B1=C=c2nc(NC3=C=CC=C3)ncc2=CC1,0,0.9997424483299255,1
C=C1C=CC=C2CC(NCCO)=NC(=N2)[N+]=C=CC1=CCl,C=C1C=C=[N+]C2=NC(=CC=CC1=C)CC=N2,1,3.0232258918516663e-09,0
C#CNCCNC(=CCNC1=NCCC(C)=COCCCCCC(=N)NCCO1)C(C)=CCCl,N=C1CCCCCOC=CCCN=COCCN1,0,0.9914196729660034,1
ClC1=CCN(C2N=CNCCOc3ccccc32)CC1,C1=CCN(C2N=CNCCOc3ccccc32)CC1,0,4.916231333140786e-08,0
[B+]c1ccc([P-]C=C=NC2C=CC(=N)NC2CO)cc1Cl,N=C1C=CC(N=C=C[P-]c2ccccc2)CN1,0,1.0,1
OCCNC1=NCS#CC=C(C=C(Cl)N=C=CNCCCCCCl)Nc2ccccc21,C1#SCN=Cc2ccccc2NC=C1,1,0.005559762939810753,0
OCCNC1=NC(Nc2ccc(Cl)c(Cl)c2)=NC2=CCC21,C1=NC(Nc2ccccc2)=NC2=CCC12,0,1.0,1
C=CC1CCNCC=CCCC=C=CC2=CC(N)C(Cl)=CC=CNC2=N1,C1=CCCC=CCNCCCN=C2NC=CC=CCC=C2C=1,0,3.135860016101333e-09,0
ClCCNCC1=C2CC=[C+]C1[P+]N=C(N1CC=C(Cl)CC1)[N+]N2,[C+]1=CCC2=CC1[P+]N=C(N1CC=CCC1)[N+]N2,1,0.0007173034828156233,0
OC1=C(Cl)C(Cl)=C[B+]1,[B+]1C=CC=C1,1,0.0008561306749470532,0
CC(C)C1CC2=C=CC=CC2N(Nc2ccc(Cl)c(Cl)c2)N1NCCO,C1=CC=CC2C=1CCNN2Nc1ccccc1,1,1.0,1
CN[O+]C1=NOC2=NC13COCC=CC(C)C3=N2,C1=CCC2=NC3=NC2(C=NO3)COC1,0,4.490970262338578e-09,0
OCCNC1=NC(Nc2ccc(Cl)c(Cl)c2)=NC#[P+]CC=CC1,C1#[P+]CC=CCC=NC(Nc2ccccc2)=N1,1,1.0,1
CCCCc1nc2nc3ccc(cc13)CC=C(Cl)C(Cl)=COCCCN=CCCN2,C1=CCc2ccc3nc(ncc3c2)NCCC=NCCCOC=C1,1,1.0,1
CCCNC=CC=C=CCCOc1ccccc1N=C(CN1C=CN=CCO1)NCC=CCCl,C1=CN(CC=Nc2ccccc2)OCC=N1,0,0.9999901056289673,1
C=CCOCCNC1[S+]C=COC1CNCCCCN=C1NC(=CCC)C1Cl,C=C1CC(=NCCCCNCC2C[S+]C=CO2)N1,1,6.503768190668779e-07,0
COCCC1=NCN(C2C=C(Cl)C(Cl)OC2)c2ccccc21,C1=CC(N2CN=Cc3ccccc32)COC1,0,1.803418308554683e-05,0
CNC1=NC2=c3c(CO)nc(nc3=CC2)C=C(Cl)C(Cl)=C1,C1=CC=NC2=c3cnc(nc3=CC2)C=C1,1,1.876938959810559e-08,0
NC(C1=CC=CC=NC1)N1C=CC=C(Cl)C1Cl,C1=CC=C(CN2C=CC=CC2)CN=C1,0,7.711953742273181e-09,0
ClC1=CC=CNOCCC2C(=Nc3cccc2c3)C=C1Cl,C1=CC=CC2=Nc3cccc(c3)C2CCONC=C1,1,5.377345587476157e-06,0
CC=C1CCCC(CCC=CCl)=NCNC(C=CCl)=N1,C=C1CCCC=NCNC=N1,0,1.8594752404510473e-08,0
CC=C1NC2=C(Cl)C=CC=CN2CN=C(NCCO)C=C1C,C=C1C=CC=NCN2C=CC=CC=C2N1,0,0.9999942779541016,1
Clc1ccc(NSN=CCNCCCOC=Nc2ccccc2)cc1Cl,C(CNCCCOC=Nc1ccccc1)=NSNc1ccccc1,1,1.0,1
C=NCC=CC=C1CCON1CC[N+],C=C1CCON1,0,2.7882427389158693e-07,0
CCNC=CC=C=CN1ON([P-])c2cc(Cl)cc1c2,c1cc2cc(c1)NON2,0,0.9999983310699463,1
CC(C=CN)=CC=CNC12CC1=CC=CC#CNCC=N2,C1#CNCC=NC2CC2=CC=C1,0,7.656482381435126e-08,0
ClC(=NC1CCNCCO1)N1C2=CC=CC1C2,C1=CC2CC(=C1)N2C=NC1CCNCCO1,0,1.8475049046173808e-08,0
OCCNc1nc(CN2CCNC=C2Nc2ccc(Cl)c(Cl)c2)ncccccc1Cl,C1=C(Nc2ccccc2)N(Cc2ncccccccn2)CCN1,1,1.0,1
CC(=CCNC(C=NC=CC=C1C#CNCC1Cl)=Nc1ccccc1)CCCF,C1#CC(=CC=CN=CC=Nc2ccccc2)CCN1,0,0.9991956353187561,1
OCCNCC=CC=CCC=NC=C1C=CC#CN1N=C(Cl)C=CC=CC#CCl,C=C1C=CC#CN1,0,1.0,1
CCCC(C)C1=CC=CNC(=N)N(CC=CCl)C1,N=C1NC=CC=CCN1,0,0.9985150694847107,1
ClCCNC1=NC2=NC(=C3CCC(=CCCOC(Cl)=CCN2)C=CN3)C1,C1=COCCC=C2C=CNC(=C3CC=NC(=N3)NC1)CC2,0,0.00017569899500813335,0
CCC(=NCCC1=[C-]C1)NCCO,[C-]1=CC1,0,5.89926858083345e-05,0
CC(Cl)=CB=C=COc1nc[o+]c(NCCO)n1,c1nc[o+]cn1,0,5.241938083599962e-07,0
CCCCOCC=CC(NCCO)C1=CC=CC=C=C=CNC2C1C1(N)C=C(Cl)C(Cl)=CN21,C1=C=CNC2C(C=CC=CC=1)C1C=CC=CN12,1,2.1486703190021217e-06,0
NCCCCCCC=C(Cl)C(Cl)=CC1=NC(=CCC=CCNCCO)N=CSN1,C=C1N=CNSC=N1,0,0.9999802112579346,1
CC=CC=C1N=CNC2=C(Cl)C(Cl)=C12,C=C1N=CNC2=CC=C12,0,8.98427785500644e-08,0
C=CN=C(NC=C1C=C=[P-]C(Cl)=C1)C1C#[N+]OCCN1,N=C(NC=C1C=C=[P-]C=C1)C1C#[N+]OCCN1,1,3.058636366404244e-08,0
C=CCCCCOC(=CCNC1=NC=CCC(=CC(C=CC)NCC=C)C=C=C=CNCON1)CCl,C=C1C=C=C=CNCONC=NC=CC1,1,8.130300699349391e-08,0
CC=C1NCN=C(NCCO)C=C2C=NNC#CCC3C(=CC=CC13)N2,C=C1NCN=CC=C2C=NNC#CCC3C(=CC=CC13)N2,1,3.76448838323995e-06,0
CC(=CC(O)CCl)N1C=CCC(=[S+]=CC=CCCCO)N1,[S+]=C1CC=CNN1,1,5.149011940375203e-06,0
CC1(NCON)C2=CC3=NC1C=CC3C=C(Cl)C(Cl)=C2,C1=CC2=CC3=NC(C=CC3C=C1)C2,0,2.9044883831375046e-08,0
OCCN1NC2C=CC(N=CNC3C=C(Cl)C(Cl)=CC3)=C1C2,C1=CCC(NC=NC2=C3CC(C=C2)NN3)C=C1,1,2.5738769338090606e-08,0
C=C=C1C=CCC(Cl)=CCNC(NC=CC=CCCl)=N1,C=C1C=CCC=CCNC=N1,0,6.624225079576718e-08,0
OCN1C=CC=CCN=C(Nc2ccc(Cl)c(Cl)c2)N=C1,C1=CCN=C(Nc2ccccc2)N=CNC=C1,1,1.0,1
C=CC=CC=CCC1CCCC=NC(=CNc2ccc(Cl)c(Cl)c2)N=C1NCO,C1=NC(=CNc2ccccc2)N=CCCCC1,1,0.9958522319793701,1
NC1=COC(CCO)=NC(c2ccc(Cl)c(Cl)c2)=NC=C=C1,C1=CC=COC=NC(c2ccccc2)=NC=1,1,1.0,1
CCNC1CCC2=NCOCCNC1=NC(C=CC=CCCl)=CC=CC2,C1=CCC2=NCOCCNC(=NC=C1)CCC2,0,2.920931274630334e-09,0
CC=CC1CN=CN(C(=CC=CCl)OC=CCl)N=C1NCC,C1=NCCC=NN1,0,2.942869059552322e-09,0
OCCNc1nc(C2=C(Cl)N3CCNC2CCCC(Cl)=CC=CN3)nc2ccccc12,C1=CCCCC2NCCN(C=C2c2ncc3ccccc3n2)NC=C1,1,1.0,1
CCC(Cl)=CC=C(C)N=C1CCOCC1C=CCN,N=C1CCOCC1,0,5.0433484943823714e-08,0
Oc1ccc2ccccc2c1CNc1nc2ccccc2[nH]1,c1ccc2c(CNc3nc4ccccc4[nH]3)cccc2c1,1,1.0,1
N#CCCC1=C(Cl)CC1=CC1=NC(C=CCN)C(=CCl)C#CCCON1,C=C1C#CCCONC(C=C2C=CC2)=NC1,0,5.267508207396077e-09,0
ClC1=CCC2=[S+]=NC=CC=C=CC(=N2)NCCOC(Cl)C1,C1=CC=CN=[S+]=C2CC=CCCOCCNC(=N2)C=1,0,1.7367623783570707e-08,0
CC1C=CNOC1CNC1=NC(=N)c2ccccc21,N=C1N=C(NCC2CC=CNO2)c2ccccc21,0,0.999995231628418,1
OC1CN=NC2CC=CC=C1NC=[S-](Cl)=C=CC=CN2,C1=CC=CNC2CC=CC=C(CCN=N2)NC=[SH-]=1,0,9.938222689243048e-08,0
NC(=NC1=CC=C=CCNCCO1)Nc1ccc(Cl)c(Cl)c1,C1=CC=C(N=CNc2ccccc2)OCCNCC=1,1,1.0,1
C=CC=CC1=NC(NCC=C(Cl)C(Cl)=CCOC)C=C2C=CNC=CN=C21,C1=CNC=CC2=CCN=CC2=N1,1,4.14745171539721e-09,0
CCCNC1=NC(Nc2ccc(Cl)c(Cl)c2)=NCC1CCN1C=C=NCCOCC=CC1,C1=CN(CCC2C=NC(Nc3ccccc3)=NC2)CC=CCOCCN=1,1,1.0,1
N[B-]C=CC=CC=BCC1=NCNC2=CC=P3=C(COC2)C13Cl,C1=NCNC2=CC=P3=C(COC2)C13,0,3.6444050000028483e-09,0
ClC1=CC=CNC1CNC=NC=[P+]=Nc1ccccc1,C1=CNC(CNC=NC=[P+]=Nc2ccccc2)C=C1,1,1.0,1
COCCC(=NC([O-])c1cccc(Cl)c1)C1C=CC=N1,C1=CC(C=NCc2ccccc2)N=C1,1,1.0,1
FC#CC=CC=CCCCC1=CC=CN=NC2=CC=C(Cl)C2CON1Cl,C1=CN=NC2=CC=CC2CONC=C1,0,9.349764695798513e-08,0
CCCC(NCCN)C1(CCCON)N=CN1CC=C=C1CC=CC=C1Cl,C(=CCN1C=NC1)=C1C=CC=CC1,0,1.7759894888058625e-08,0
OCCNC1=NC(c2ccccc2)NC=CC=C1Cl,C1=CC=NC(c2ccccc2)NC=C1,1,1.0,1
CC1=CC2=CC1C1=C=CC(N)=C(C)CNC1=NC2,C1=CC=CCNC2=NCC3=CC(C=C3)C=12,0,1.8864541573293536e-07,0
Clc1ccc(NC2=NC3C=CC=CC(=N2)NCCO3)cc1Cl,C1=CC2=NC(Nc3ccccc3)=NC(C=C1)OCCN2,1,1.0,1
C=C=C1C(NCCONCC=C(Cl)C(Cl)=CC)=N[N-]SC1=NC=CC,C=C1C=N[N-]SC1=N,0,1.0,1
NC(C=CC=CC#CN=CNCC1=C=[C-]C(Cl)=CC1Cl)=NF,C1=[C-]C=CCC=1,1,7.849969551898539e-05,0
C=C(Cl)PC(Cl)=CC1=CC23C=CC(C)OCCNC(=NC(=N2)N1)C3,C1=CC23C=CNC(=N2)N=C(C3)NCCOC1,0,2.888889794050442e-09,0
CCONC1=NC=NC2(NC=CN=CCOCCONCC=CCCl)C=CC1=C2,C1=CC2C=C1C=NC=N2,1,0.000322702806442976,0
ClB1CC(C=CC2=NC3=CC=CCC(=N2)CCOC3)=C=[P+](Cl)C1,B1C[PH+]=C=C(C=CC2=NC3=CC=CCC(=N2)CCOC3)C1,1,2.2161146262078546e-05,0
[N-]=C(N=C(N)Nc1cccc(Cl)c1)C1NCC1OCNCCCl,[N-]=C(N=CNc1ccccc1)C1CCN1,1,1.0,1
C1=CN=NC2NC(C=CC1)CO2,C1=CN=NC2NC(C=CC1)CO2,0,4.521602647855616e-09,0
NC1=NC2=Nc3ccccc3CNCC(O)=C1CN2,C1=NC2=Nc3ccccc3CNCC=C1CN2,0,0.978093147277832,1
O[N+]1=NCNC2=C(Cl)C3=CC21N3,C1=C2C=C3NCN=[NH+]C13N2,0,3.129040851490572e-05,0
CCC1=CC2=C(O)CNC(=C=CNC(=C(C)CCl)N2)C1,C=C1NC=C=C2CC=CC(=CCN2)N1,0,2.642539698172186e-08,0
NC=C1C(Cl)=CCNSB=C=Nc2cccc(c2)C1NCCO,C=C1C=CCNSB=C=Nc2cccc(c2)C1,1,1.0,1
C1=CNC=Nc2ccccc2C=1,C1=CNC=Nc2ccccc2C=1,1,0.0046558924950659275,0
NC1=C(Cl)C(Cl)=CCN1C1N=C(NCCO)C2=CC=CC21,C1=CCN(C2N=CC3=CC=CC32)C=C1,0,0.0001871478307293728,0
C=C1C=CC=C2N=C(Nc3ccc(Cl)c(Cl)c3)NOC12NC[B+]C,C=C1C=CC=C2N=C(Nc3ccccc3)NOC12,1,1.0,1
CC=CC=C1N=CNC2=C(CCNC1C=CCl)C2Cl,C=C1CNCCC2=C(C2)NC=N1,0,1.3240018859050906e-07,0
OCCNC1=NC(Nc2ccc(Cl)c(Cl)c2)=NCC1=CCOCCC1=CC=C=CS1,C1=CC=C(CCOCC=C2C=NC(Nc3ccccc3)=NC2)SC=1,1,1.0,1
OCCC1=NCN(C2=C=C(Cl)C(Cl)=C2)NC=CC=C=C1,C1=CC=CNN(C2=C=CC=C2)CN=CC=1,0,1.8491935094289147e-08,0
OCCNC1=NC=C=NC=CC2=CN=CC(Cl)=CC=CNC2=C1,C1=CN=CC=C2NC=CC=CC=NC=C2C=CN=1,1,9.966794459614903e-05,0
ClC1=CCNCN=Cc2ccccc2NBCOCC(Cl)=C1,B1COCC=CC=CCNCN=Cc2ccccc2N1,1,2.969447905343259e-07,0
OCCNC1=NC(Nc2ccc(Cl)c(Cl)c2)=NC2C3=C2C1=C3,C1=NC(Nc2ccccc2)=NC2C3=C2C1=C3,1,0.999502420425415,1
COC1CC=CC2CN=C(c3ccc(Cl)c(Cl)c3)N=C2C1,C1=CC2CN=C(c3ccccc3)N=C2CCC1,1,1.0,1
NC1=CC2=[B-]=C(C=C(Cl)C2=CCl)NCN=C=CC1,C=C1C=CC2=[B-]=C1C=CCC=C=NCN2,0,5.768368005476532e-09,0
Clc1ccc(NC2C=CC=CC=CN=CNOC2)cc1Cl,C1=CC=CC(Nc2ccccc2)CONC=NC=C1,1,1.0,1
C=C1NC=Nc2cc3ccc2C(NCCN)CC=CN1CCONC=C(Cl)C(Cl)=C3,C=C1NC=Nc2cc3ccc2CCC=CN1CCONC=CC=C3,1,0.059612810611724854,0
ClC=C1C=CNC=C1Cl,C=C1C=CNC=C1,1,0.03789472207427025,0
OCNCc1ccccc1N=C(Cl)[C+]Nc1cccc(Cl)c1,[C+](C=Nc1ccccc1)Nc1ccccc1,1,1.0,1
COCCC1(N)CC2NCCC1C=CC(NCl)C2=CCCl,C=C1CC=CC2CCNC1CC2,0,8.525534056502693e-09,0
c1cc2ccc1-2,c1cc2ccc1-2,1,1.0,1
CC=C1[O+]=C(N2C=C(Cl)C(Cl)=BC2CC)C1NCCO,C=C1CC(N2C=CC=BC2)=[O+]1,1,1.0,1
Clc1ccc(N2CN=C3CC=CC=C(N2)OCCN3)cc1,C1=CCC2=NCN(c3ccccc3)NC(=C1)OCCN2,0,0.9999998807907104,1
NCC=CC=C1N=C(c2ccc(Cl)c([S+])c2)N=CS1,C=C1N=C(c2ccccc2)N=CS1,1,1.0,1
CC=CC1CN=C(Nc2ccc(Cl)c(Cl)c2)CNC1=NOC,N=C1CCN=C(Nc2ccccc2)CN1,1,1.0,1
C=Nc1ccccc1C1=CCCNC(Nc2ccc(Cl)c(Cl)c2)N1,C1=C(c2ccccc2)NC(Nc2ccccc2)NCC1,1,1.0,1
CC1=CC=CNC(=C2C=CC=C2)C1(N)Cl,C1=CCC(=C2C=CC=C2)NC=C1,1,0.00043247974826954305,0
NC1=CC(C2=NCN=CNC=N2)C=C1,C1=CC(C2=NCN=CNC=N2)C=C1,0,5.48039347236795e-09,0
OCC=NCC1=NC(Nc2ccc(Cl)c(Cl)c2)=NC=CC=C=C1,C1=CC=CN=C(Nc2ccccc2)N=CC=1,1,1.0,1
CN1OCNC#[P-]=CC=CC=CN=CN1C1=CC=C(Cl)C1Cl,C1#[P-]=CC=CC=CN=CN(C2=CC=CC2)NOCN1,0,2.904747331555768e-09,0
CC1=CCN(C2=NC=CC3=CC32NCO)C(Cl)C1,C1=CCN(C2=NC=CC3=CC32)CC1,0,9.373920306643413e-09,0
OCCNC1=NC23C=C(Cl)C(Cl)=CC=CNC2C=C3C=C1,C1=CC=CC23N=CC=CC2=CC3NC=C1,0,3.847225205078075e-09,0
ClOCc1ccc2c(c1Cl)C(=CC=[S-]=CCBr)N=CNS2,C=C1N=CNSc2ccccc21,0,0.9999992847442627,1
ClCC1=NCC=C=N1,C1=CCN=CN=1,0,3.3759921524989522e-09,0
OCCNc1nc(Nc2cc(Cl)c(Cl)c[s+]2)nc2ccccc12,c1ccc(Nc2ncc3ccccc3n2)[s+]c1,1,1.0,1
ClC1=CCNCN=Cc2ccccc2NOCC(Cl)=C1,C1=CCNCN=Cc2ccccc2NOCC=C1,1,0.0031686436850577593,0
CCNC=C1OCC=CC=C1N=C(N)NC1=C=[C-]C(Cl)C(Cl)=C1,C=C1OCC=CC=C1N=CNC1=C=[C-]CC=C1,0,1.1726735138495314e-08,0
Clc1ccc(C2(Cl)CC3C=C32)cc1,C1=C2C1CC2c1ccccc1,1,0.9793922305107117,1
N#CC1=CN=CCCCCNC(=N)C(Cl)=CC1,N=C1C=CCC=CN=CCCCCN1,1,0.00011992004147032276,0
NOCNC1(Cl)C2=CC(=CC2Cl)NC=Nc2ccccc21,C1=Nc2ccccc2CC2=CC(=CC2)N1,1,1.0,1
CN=C(Cl)NCC=C1CC#[S-](Cl)CC1,C=C1CC#[SH-]CC1,0,3.7122503272257745e-05,0
[C+]SC1=C(CN[PH]2=Nc3ccccc3C([P+]CCO)=N2)C[P-]=C=C1Cl,C1=CC=C(CN[PH]2=Nc3ccccc3C=N2)C[P-]=1,1,1.3980814401293173e-05,0
ClC1=CC=C2[N-]C1=C(Cl)NC=NCN2,C1=CC2=CNC=NCNC(=C1)[N-]2,1,4.991230095896526e-09,0
NC(C=CC=C(Cl)C(Cl)=C[O-])=NC1=C2CNCCOC2CC=C1,C1=CCC2OCCNCC2=C1,0,2.1888336476649783e-08,0
OCCNc1nc(Nc2[c-]ccc(Cl)c2)nc2ccccc12,[c-]1ccccc1Nc1ncc2ccccc2n1,1,1.0,1
CC=C1C=C(Cl)C(Cl)=NC=NCC(C(N)CCOC)C1,C=C1C=CC=NC=NCCC1,0,1.519994441423478e-08,0
Clc1ccc(N2CC3=CC=C2C3)cc1Cl,C1=C2CC(=C1)N(c1ccccc1)C2,1,0.005424180068075657,0
OCCNC1=NC2=NC(CC=CC=CNC2C=CCNCC=CCCl)C1,C1=CCC2CC=NC(=N2)CNC=C1,1,7.067473717370376e-08,0
ClC1=CCOCCNc2nc(nc3ccccc23)N=C1Cl,C1=CCOCCNc2nc(nc3ccccc23)N=C1,1,0.9984092116355896,1
CC1(N)C(Cl)=C=CNP23=C1NC2=CC=CC=COCN3,C1=CCC2=P3(NC=1)NCOC=CC=CC=C3N2,0,0.9999291896820068,1
NOCN[C+]1C(Nc2ccc(Cl)c(Cl)c2)=NC2=CC1C2,C1=C2CC1[CH+]C(Nc1ccccc1)=N2,0,1.0,1
N=C1CC=CC=C(N=C=Cc2ccc(Cl)c(Cl)c2)OCCS1,N=C1CC=CC=C(N=C=Cc2ccccc2)OCCS1,1,1.0,1
C[B+]CNC1(OB=N)CC=CCC1CN=CC1=C=C(Cl)C(Cl)=[O+]1,C1=CC=[O+]C=1C=NCC1CC=CCC1,0,0.0003788408066611737,0
C1=CC(c2ccccc2)C=NC=N1,C1=CC(c2ccccc2)C=NC=N1,1,1.0,1
ClC1C=CCc2nc(c3ccccc3n2)NCCO1,C1=CCc2nc(c3ccccc3n2)NCCOC1,1,1.0,1
CC=c1cncnc1=C1C=C(Cl)C(Cl)=CC1,C=c1cncnc1=C1C=CC=CC1,0,0.9998635053634644,1
OCCNC1=NC([S+]C2=CC#[S+]=C(Cl)C2=CCl)=NC#[PH]C=CC=C1,C=C1C=[S+]#CC=C1[S+]C1=NC#[PH]C=CC=CC=N1,0,9.257503734261263e-06,0
NCCC1=NN=NCC1=[C+]CC=CCNc1ccc(Cl)c(Cl)c1,[C+](CC=CCNc1ccccc1)=C1C=NN=NC1,1,1.0,1
NBC=CCC1=NCNc2cc(Cl)c(Cl)c1c2,C1=NCNc2cccc1c2,1,1.0,1
CC1CN=C(N=[SH]C2=C(Cl)C(Cl)=CC[P-]2)N=C1NC1CC=CCOC1,C1=CC[P-]C([SH]=NC2=NCCC(NC3CC=CCOC3)=N2)=C1,0,4.726052438286388e-09,0
CN1C=CN=CN2C=CC=CC=CC1=NCNC(C=C(Cl)Cl)CON2,C1=CC=CN2C=NC=CNC(=NCNCCON2)C=C1,0,3.3789362419156532e-09,0
OCCN1[B-]C2=CCCN=C21,[B-]1NC2=NCCC=C12,0,2.959248623923827e-09,0
c1ccc2nc3c(cc2c1)[nH]c1ccccc13,c1ccc2nc3c(cc2c1)[nH]c1ccccc13,1,1.0,1
NC#CC=CC=CC1=CC=CC=CN(NCCO)C1N1CCC2C(Cl)=CC21,C1=CC=CC(N2CCC3C=CC32)NC=C1,0,3.0937052031276835e-08,0
OCCNC1=NN(Nc2cc(Cl)ccc2Cl)C2C=[S+]C=C12,C1=NN(Nc2ccccc2)C2C=[S+]C=C12,1,1.0,1
CC=C1C=C(CCl)N=Nc2ccccc2N(NCCO)[O+]1,C=C1C=CN=Nc2ccccc2N[O+]1,1,1.0,1
NC1N=CCNCCCONC2C=CC=CC2NCN2CCNC(CCCC=CC=CN1)C(Cl)(Cl)C2,C1=CCCCC2CCN(CCN2)CNC2C=CC=CC2NOCCCNCC=NCNC=C1,0,3.931539538370998e-09,0
Clc1ccc([S-]C2=NC3=CC=CCC(=N2)N3)cc1Cl,C1=CCC2=NC([S-]c3ccccc3)=NC(=C1)N2,0,0.7312551140785217,1
C=c1c(NCCO)nc(NCC2=C(Cl)C(Cl)[S+]=CC2)nc1=CC=C=N,C=c1cnc(NCC2=CC[S+]=CC2)nc1=C,1,1.3012518707000709e-07,0
[B-]C1=NC(CC#COCC=CCNCCO)=CCCC=CN=CC(C)=CC=C1,C1=CC=NC=CCCC=CN=CC=C1,0,1.1604205596427164e-08,0
CC=CC(=NC(Br)NC1N=CC=[B-]C1Cl)NCCO,[B-]1=CC=NCC1,1,1.8548208302604507e-08,0
NC1CCONC(N[O+]c2ccc(Cl)cc2)=Nc2ccccc21,c1ccc([O+]NC2=Nc3ccccc3CCCON2)cc1,1,0.9337984919548035,1
OCCNc1nc2cc(C#CF)c([nH]c3ccccc13)=C(Cl)C(Cl)NNC=2,C1=c2ccc([nH]c3ccccc3cn2)=CCNN1,1,1.0,1
CC1=CC=C(C2=NC=CCC=CC(NCCON)=N2)C[C+]1Cl,C1=C[CH+]CC(C2=NC=CCC=CC=N2)=C1,0,0.0023289788514375687,0
CNC=NC(=NC=C1C=C1)Nc1ccc(Cl)c(Cl)c1,C1=CC1=CN=CNc1ccccc1,1,1.0,1
CC1=CC=CC=C(C)NC=C=N1,C1=CNC=CC=CC=CN=1,0,0.00023585185408592224,0
CC1=CC=CNC(=N)C=NCC=C(Cl)CCCC1O,N=C1C=NCC=CCCCCC=CC=CN1,0,0.6504708528518677,1
COCCCCCC(=CCNC=C1N=C(NCCO)c2ccccc21)CCl,C=C1N=Cc2ccccc21,1,1.857006827776786e-05,0
NC1(CO)C=NSNc2ccc(Cl)c(Cl)c21,C1=NSNc2ccccc2C1,1,1.0,1
OCCNC1=C2C1=CC=CN=C2NC=CCCCl,C1=CN=CC2=CC2=C1,1,0.5953356623649597,1
CCCC1=NC=CCCN(C)C(C2=NCOCN2)CC1=NCC1=CC(Cl)C1,C1=CN=CC(=NCC2=CCC2)CC(C2=NCOCN2)NCC1,0,3.790022518046499e-09,0
OCCNC1C=CC=CCC2C(Cl)C(Cl)=CCN12,C1=CCC2CC=CCN2CC=C1,0,3.499626144432e-09,0
C=C=COCCNCOC1C=CC=CC=C=NC(Cl)(C(=C)Cl)NC=C1,C1=CC=CC=CCC=CNCN=1,0,6.592698387208884e-09,0
Cl[P+]C1=CN(C2CCONC=Nc3c[b-]#ccc32)CC=C1Cl,[b-]1cc2c(cc#1)C(N1C=CC=CC1)CCONC=N2,0,4.1455761675024405e-05,0
C=C=CC=C1CN=C(NC=CC=C(Cl)CC)N=CN1CO,C=C1CN=CN=CN1,0,4.642723524739267e-06,0
ClC1=C2C3=C1C2C=CCCC=NCN3,C1=CC2C3=CC2=C3NCN=CCC1,0,0.0024897190742194653,0
C=C1C(Cl)=COCCNN2c3ccccc3N=[PH]2C=C1Cl,C=C1C=COCCNN2c3ccccc3N=[PH]2C=C1,0,0.01802237145602703,0
CC=NC=CC=CCC1C2=CC3=CC=CN=CC(NCCO)(C2)N1CC=C(Cl)C3Cl,C1=CN=CC2CC3=CC(=C1)CC=CCN2C3,0,0.8963488340377808,1
NC1CC=C2CC(=NC2C=C2C=C(Cl)[C-]C(Cl)=C2)NCCO1,[C-]1C=CC(=CC2N=C3CC2=CCCOCCN3)C=C1,0,1.686528605659987e-08,0
CNc1c#cccccnc(NPc2ccc(COCl)c(Cl)c2)n1,c1ccccnc(NPc2ccccc2)ncc#1,1,0.0008819611393846571,0
CC1=CC=C=P(C)(Cl)N=C(NCCO)CN=CN1,C1=CC=CNC=NCC=NP=1,0,5.793584723079448e-09,0
C=C[S+]C=CC(Cl)C(=NOCC1CCC1SNc1cccc(Cl)c1)NCCO,c1ccc(NSC2CCC2)cc1,1,1.0,1
FC(NCC=C1CCC=CC=CCO1)NOCCC#CCCl,C=C1CCC=CC=CCO1,0,3.745125809473393e-08,0
COc1cc(C(=O)O)c(O)c2ccc3c(c12)C=CC(C)(CCC=C(C)C)O3,C1=Cc2c(ccc3ccccc23)OC1,1,0.9999953508377075,1
C=C1C(Cl)=CC=CC=CSCCCC2=NCN1NC=CC=CC2,C=C1C=CC=CC=CSCCCC2=NCN1NC=CC=CC2,0,5.139542125220942e-09,0
OC1=C=NC=CN(CC2=CC(Cl)C(Cl)=C2)C=Nc2ccccc21,C1=Cc2ccccc2N=CN(CC2=CCC=C2)C=CN=1,1,0.4008355140686035,0
NCc1ccccc1N=C1CC=CCC(Cl)=N1,C1=CCC(=Nc2ccccc2)N=CC1,0,8.88769773155218e-06,0
Cc1ccc[nH]c2nc(NCCO)c1=CC=C[P-]=CN=2,C1=C[P-]=CN=c2ncc(cccc[nH]2)=C1,0,1.426522970859878e-07,0
C=CC=CC1N=CN=CCNC(CCC)C(Cl)=C1Cl,C1=CCNCC=NC=NC1,0,0.07402732968330383,0
C=C1C=CC(Cl)=C1NONC1=C(C)[P-]=C(Cl)C(CCl)=C1,C=C1C=CC=C1NONC1=C[P-]=CC=C1,1,0.48756393790245056,0
CC1C=CCC2=CCN3C(Cl)C2C3N=C1,C1=CCC2=CCN3CC2C3N=CC1,0,4.300945377622156e-09,0
C=C1NC2(F)C=CC=C1C=N2,C=C1NC2C=CC=C1C=N2,1,8.201491041859299e-09,0
OCCNC1=NC=C=NC(CNc2ccc(Cl)c(Cl)c2)C=C1,C1=CN=CC=CC(CNc2ccccc2)N=1,1,1.0,1
Clc1cc2cc(c1Cl)OCNCc1ccccc1N=CN2,C1=Nc2ccccc2CNCOc2cccc(c2)N1,0,0.005858330521732569,0
COCNC1=NNN2CC1C=CC2c1ccc(Cl)c(Cl)c1,C1=CC(c2ccccc2)N2CC1C=NN2,1,1.0,1
OCCNC1=NC(Nc2ccc([O+]Cl)c(Cl)c2)=NC2[O+]C=CC=C12,C1=C[O+]C2N=C(Nc3ccccc3)N=CC2=C1,1,1.0,1
CCN[P+]C1=NC2=NCC13OCC=CC3B=C(Cl)C(=CCl)C=CN2,C=C1C=BC2C=CCOC23C=NC(=NC3)NC=C1,0,6.940377161868128e-09,0
COCNC=NC(C=CC=C1C=C1)N1C=C=C(Cl)C(Cl)=C1N,C1=CC=CN(CC=CC=C2C=C2)C=1,1,0.0001656327222008258,0
NC1(N=CNCCO)NC=C2C=C=[O+]C=C21,C1=CC2=CNCC2=C[O+]=1,0,3.060928621678727e-09,0
C=COCC1=NC(NC2(Cl)CC2C)=NC(C=CCN)C1,C1=NC(NC2CC2)=NCC1,0,6.843198008255058e-09,0
N#CCCCC=CNC1C=CC=C=CC=CC=C=C=CN1CCNCCON,C1=C=CNCC=CC=C=CC=CC=1,0,7.615292997797951e-05,0
CC1=NC2=NC3C(=C3C=C1)C=CC=C(Cl)C(Cl)=C2,C1=CC=CC2=C3C=CC=NC(=NC23)C=C1,1,1.6027906113436075e-08,0
CC=C[P-]=C1CN=C(NC=CC=CCl)N=C1NCCO,[P-]=C1C=NC=NC1,0,9.707596473162994e-05,0
Clc1ccc(C2NC=NC3=CC=C4SC=NC=CC4C=C32)cc1Cl,C1=CC2C=C3C(=CC=C2SC=N1)N=CNC3c1ccccc1,1,1.0,1
ClC1=C=CNOCCc2ccccc2N=CNC1,C1=CCNC=Nc2ccccc2CCONC=1,0,5.250163326309121e-07,0
N=[SH]OCc1ccccc1C1=NC(Nc2ccc(Cl)c(Cl)c2)=NC=NC=CNC1,C1=CNCC(c2ccccc2)=NC(Nc2ccccc2)=NC=N1,1,1.0,1
NOc1pc(NC2=[O+]C(Cl)C(Cl)=CC2)nc2ccccc12,C1=CCC(Nc2nc3ccccc3cp2)=[O+]C1,1,1.0,1
NC1=CC=CN(C2=NC3C=CC=CC3N2O)C1(Cl)Cl,C1=CCN(C2=NC3C=CC=CC3N2)C=C1,1,5.62866375730664e-09,0
C=COCCNC1=CC=CC=CN=CN(C=CC=CCl)N1,C1=CC=CNNC=NC=C1,0,0.9026938676834106,1
NC1=C2CN(C=C1)C(Nc1ccc(Cl)c(Cl)c1)NN2CCO,C1=CN2CC(=C1)NNC2Nc1ccccc1,1,1.0,1
OCCNC1=C2C=CN=CNCC=C(Cl)C(Cl)=CCC2=C1,C1=CCNC=NC=CC2=CC=C2CC=C1,0,0.002506222575902939,0
OCCN[B-]=C1C2=CC(C#[N+]C2)N=C1Nc1ccc(Cl)c(Cl)c1,[B-]=C1C2=CC(C#[N+]C2)N=C1Nc1ccccc1,1,1.0,1
OC[B+]Nc1nc([B-]P2C=CC=C(Cl)C2Cl)nc2ccccc12,[B-](c1ncc2ccccc2n1)P1C=CC=CC1,1,1.0,1
OCCNC1=NCNC(C=CCl)C=C(Cl)c2ccccc21,C1=Cc2ccccc2C=NCNC1,1,2.002559085667599e-05,0
CNC1=NC(CC=C(Cl)Cl)=NCC(CON)C=CC1,C1=CCCN=CN=CC1,0,7.0127539402164984e-06,0
OCCNC1=NC2=CC3(Cl)C=C2CC=CC13,C1=CC2C=NC3=CC2C=C3C1,0,3.6873708531004468e-09,0
C=C(Cl)C(Cl)=PCC(=C)N1Nc2ccccc2C(NCBr)=[P+]1,C1=[P+]NNc2ccccc21,1,0.9999966621398926,1
CNc1nc2c(Cl)c3c1C=CC(COC=CC(Cl)=C2)C3,C1=COCC2C=Cc3cnc(cc3C2)C=C1,0,4.381693674559983e-09,0
NC1=CC=CCOCCC=NCN=C(Cl)C(Cl)=CC1,C1=CCC=CC=NCN=CCCOCC=C1,0,5.687243537977338e-05,0
NOCCC1CCC1,C1CCC1,0,3.244357912990381e-06,0
NC1C(Cl)=CC=CNC2=NC3C=CCOCC(=CSCCC21)NCC3,C1=CCC2CCSC=C3COCC=CC(CCN3)N=C2NC=C1,0,2.8512170402450465e-09,0
ClC=CC1=CNC=NC=CCC=CC(C=CCl)CON1,C1=CCCONC=CNC=NC=CC1,0,8.720971500508767e-09,0
CNc1nc(NC=C2C=C(Cl)C#[P-](Cl)=C2)nc2ccccc12,C1#[PH-]=CC(=CNc2ncc3ccccc3n2)C=C1,1,1.0,1
CC(OCCN)C(Cl)=CCNC(=NC1C=CC2OCC2CC1)C1=C(Cl)COCC=N1,C1=CC2OCC2CCC1N=CC1=CCOCC=N1,0,3.038243878705771e-09,0
OCCN1C=CC=C=CN=C(CC=CCCl)N=C1,C1=CC=CNC=NC=NC=1,0,5.357577048670237e-09,0
CC1C(Cl)=CCNN2CC=CC=CCC1N(CCO)C=NC2,C1=CCC2CC=CCNN(CC=C1)CN=CN2,0,5.4395822957076234e-08,0
COCNC12CC=C3NC=CC=C(Cl)C([B-]Cl)=CC1=NC=C32,C1=CC=CC2=NC=C3C(=CCC32)NC=C1,1,6.661963993792597e-07,0
C=C(Cl)CCCC(Cl)=CC=CNSC=C1C=CC=CNCCO1,C=C1C=CC=CNCCO1,1,1.4661872604904147e-08,0
OCCNC=NC1NC=CC=C(Cl)c2cccc1c2,C1=CNCc2cccc(c2)C=C1,1,1.0,1
[B+]=C=CN1OCCCC(C=C)CN=CN1C1=CC=C1Cl,C1=CC(N2C=NCCCCCON2)=C1,1,7.7800779152426e-09,0
C=CCC=C1CC(Cl)C=NC=C1C(=C)N1CN=C2CC=CC=C(COCC2)N1,C=C1CCC=NC=C1C(=C)N1CN=C2CC=CC=C(COCC2)N1,1,1.1748743311557064e-08,0
OCCNC1=NC(Nc2ccc(Cl)c(Cl)c2)CC=C1,C1=CCC(Nc2ccccc2)N=C1,1,1.0,1
C[N-]c1cc(Nn2nc(CCCC=NCCOCNCCCCCCCC=NCO)c3ccccc32)ccc1Cl,c1ccc(Nn2ncc3ccccc32)cc1,1,1.0,1
OCNN1C(CCl)=CC=CNSOCC#CCC1NCCCCC=NC1=C=CC=C1,C1=CC=CC=1N=CCCCCNC1CC#CCOSNC=CC=CN1,0,0.9103747606277466,1
[B+]=NC1=C(C=CN)N1,C1=CN1,1,3.600592663133284e-06,0
CC1=C=CC(=CN=C=CCCCNc2ccc(Cl)c(Cl)c2)NOCCNC=CCN1,C1=CNCC=CNCCONC(=CN=C=CCCCNc2ccccc2)C=1,1,1.0,1
Clc1ccc2c(c1Cl)NC1=CC3C1=CCCNC3CSN2,C1=C2Nc3ccccc3NSCC3NCCC=C2C13,1,0.9999996423721313,1
COCCC1=NBN(C2C=C(Cl)C(Cl)=C2)NC=C=CC=C1,B1N=CC=CC=C=CNN1C1C=CC=C1,0,1.289394901959895e-08,0
N[N+]=CC=C(Cl)CCNCC1=CC=CC=CCNC1O,C1=CC=CCNCC=C1,1,5.158998561682893e-09,0
OCC1=NC(c2ccc(Cl)c(Cl)c2)=Nc2ccccc2CN1,C1=NC(c2ccccc2)=Nc2ccccc2CN1,1,1.0,1
NC1=CC=CNC(N)(N=C(CCO)C2C=CC=C2)C1(Cl)Cl,C1=CCC(N=CC2C=CC=C2)NC=C1,0,0.9999998807907104,1
ClCC(Cl)=CC=CN1N=C2C=CC=C=C(N1)OCCN2,C1=CC=CC2=NNNC=1OCCN2,0,2.5158416860904254e-07,0
OC12CNCC=CC=CC=C1C2Cl,C1=CC=C2CC2CNCC=C1,0,2.0170711323430623e-08,0
Nc1ccccc1OCC1=C(Cl)CC=C1,C1=CC(COc2ccccc2)=CC1,1,0.9999973773956299,1
CCNC=CC12N=CC=C(C)C1=CC(O)=N2,C1=CC2=CC=NC2N=C1,0,1.3579764868154598e-08,0
C=C=C(Cl)C1=CNC2=NC(=C=CCN)CC(=N2)CCOC1,C=C1CC2=NC(=N1)NC=CCOCC2,1,3.3876610405769725e-09,0
C=CN1C=C(Cl)C(Cl)=CN(NCCO)c2ccccc2C1,C1=CNCc2ccccc2NC=C1,1,0.9999908208847046,1
OCCNC1=NC(NC=C=[S+]=CCl)N2CC=CC=C12,C1=CCN2CN=CC2=C1,0,5.459443563893274e-09,0
[C-]#CCNC1C#CC=C(Cl)C(Cl)=C1,C1#CCC=CC=C1,0,1.0,1
CC1=CC=CC=CC(N=CNCCO)C(Cl)C(Cl)=CC=N1,C1=CC=CN=CC=CCCC=C1,1,0.9928845763206482,1
ClC1CC=CC=CNC=NC2C=CC=C12,C1=CCCC2=CC=CC2N=CNC=C1,0,5.863723284704747e-09,0
OCCNc1cccccnc2n1C=CC=CN2,C1=CNc2nccccccn2C=C1,1,1.0,1
ClC1=CC=CCOCCCOC1Cl,C1=CCOCCCOCC=C1,0,2.247914743236379e-08,0
N=C1NCONC(Cl)C(Cl)=CC=CC(C=NC=CC=CO)=Nc2ccccc21,N=C1NCONCC=CC=CC=Nc2ccccc21,0,1.0,1
NC1=CC=C=CC(=NCC2=CC=C(Cl)C2Cl)NCCO1,C1=CC=COCCNC(=NCC2=CC=CC2)C=1,0,0.015166696161031723,0
C=C=CC=CCN=C1N=C(NCCO)C1=COCCC(C=NCCOCCC(C)CCl)=CCOC,C=C1C=NC1=N,1,4.5564385686702735e-07,0
OCCC1=CC=CN(C2=Nc3ccccc3NN2)C1Cl,C1=CCN(C2=Nc3ccccc3NN2)C=C1,0,9.00065278983675e-05,0
OCC1=NC2C=CC=C[P-](Cl)C3=C2C(=C1)C=C3,C1=C[PH-]C2=C3C(=CC=NC3C=C1)C=C2,0,0.0014887785073369741,0
OC1=C(Cl)CC(Cl)=CC(=CCNC2=Nc3ccccc3OCCN=N2)COCCNC1,C1=CCNCCOCC(=CCNC2=Nc3ccccc3OCCN=N2)C=CC1,0,4.794185588252731e-05,0
CN1CC=CC=CCOCCCCC1C#N,C1=CCNCCCCCOCC=C1,0,3.0331834821595294e-09,0
CC=CC1N=CNCCOCCC(=CC#CN=CNc2ccc(Cl)c(Cl)c2)C=CCCO1,C(#CN=CNc1ccccc1)C=C1C=CCCOCN=CNCCOCC1,0,1.0,1
Clc1ccc(NC2=Nc3ccccc3[N-]N2)cc1Cl,c1ccc(NC2=Nc3ccccc3[N-]N2)cc1,1,1.0,1
NC1=NC2=CC=C=C2C1CCONc1ccc(Cl)c(Cl)c1,C1=CC=C2N=CC(CCONc3ccccc3)C=12,1,1.0,1
Clc1ccc(C2C=CN=C2)cc1Cl,C1=CC(c2ccccc2)C=N1,1,1.0,1
OCC1=C=C2CN=C(Nc3ccc(Cl)c(Cl)c3)N=C2N1,C1=CNC2=NC(Nc3ccccc3)=NCC=12,1,1.0,1
CONC=NC(O)CCCOCC=NC=CN=CC1CONc2ccccc21,c1ccc2c(c1)CCON2,1,0.9999998807907104,1
NOCC1=C(c2ccc(Cl)c(Cl)c2)C=CCOCCC2=NC2CNN=CC#C1,C1#CC=C(c2ccccc2)C=CCOCCC2=NC2CNN=C1,0,0.5366261601448059,1
OCCNc1nc(N=[SH]2=CC=C(Cl)C(Cl)=C2)nc2ccccc12,C1=CC=[SH](=Nc2ncc3ccccc3n2)C=C1,1,1.0,1
OCCNC(=NSNc1ccc(Cl)c(Cl)c1)c1ccccc1,C(=NSNc1ccccc1)c1ccccc1,1,1.0,1
Clc1ccc(N2C3=NCC2NCCOCC=CC3)cc1Cl,C1=CCC2=NCC(NCCOC1)N2c1ccccc1,0,6.375609018505202e-08,0
ClOCNCC=C[S-]1CCOC=NCBc2ccc(Cl)c1c2,B1CN=COCC[SH-]c2cccc1c2,1,1.0,1
CC1=CCN(C2=[N+]=Nc3ccccc3C2NCCO)C(N)C1C,C1=CCN(C2=[N+]=Nc3ccccc3C2)CC1,0,0.9997370839118958,1
NC1=CCC2=C(PCl)C(Cl)C(=C2)NCN=C(NCCO)C1,C1=CCC2=CCC(=C2)NCN=CC1,0,8.798899671091931e-07,0
C=C(Cl)C(Cl)=C[C+]=C=CNC(N=CNCCO)=NC1B=CC=CC1=C,C=C1C=CC=BC1,1,0.0004496631445363164,0
COCCNC1=NN(C2=CC2)C=NC=CC=C=C1,C1=CC=CN=CN(C2=CC2)N=CC=1,0,7.144831033656374e-05,0
Clc1ccc(NC2=NC3=CC=CC3NCC=N2)cc1Cl,C1=CC2NCC=NC(Nc3ccccc3)=NC2=C1,1,1.0,1
NOCCNC1C=Cc2cnc(CC=CC=CCCl)nc21,C1=Cc2cncnc2C1,1,3.9388302752740856e-07,0
CC1COCCCCC1C(Cl)=CCC1C2=C=CC(N)N(C2)C1CO,C1=CCN2CC=1C(CC=CC1CCCCOCC1)C2,0,4.973469192037783e-09,0
C=C(Cl)[P-](Cl)CC=CNC1[B+]C2=CCPC=C2C(NCCO)=N1,[B+]1CN=CC2=CPCC=C12,0,6.567183241656949e-09,0
CC#CC=C1CC(CCON)c2ccccc2N1,C=C1CCc2ccccc2N1,0,0.9999998807907104,1
NC1=C=CC=CC(NCCO)=NC(C2=[PH]=C(Cl)C(Cl)=CC2)=N1,C1=CC=CC=NC(C2=[PH]=CC=CC2)=NC=1,0,2.3830286863812944e-06,0
ClOCCNc1nc(Nc2cc3c(Cl)cc2-3)nc2ccccc12,c1ccc2nc(Nc3cc4ccc3-4)ncc2c1,1,1.0,1
C=C=C(N)C(Cl)=CCC=NC1=CN=CC=CCOCC1,C1=CCOCCC=CN=C1,0,2.6600018827593885e-06,0
OCCN1NC(Nc2ccc(Cl)c(Cl)c2)=NC2=C[P-](=P)#CC21,P=[P-]1#CC2NNC(Nc3ccccc3)=NC2=C1,1,1.0,1
CC1=CC=C(Cl)C(Cl)=CCNCC=CCOCCNC1=N,N=C1C=CC=CC=CCNCC=CCOCCN1,0,6.544413455600306e-09,0
ClC1=CC=CNC2=Nc3ccccc3C(C=C1Cl)CC=N2,C1=CC=CC2CC=NC(=Nc3ccccc32)NC=C1,1,9.079435585590545e-06,0
CC=CC=C1NN2CN=C1C=C2C=C(C)Cl,C=C1NN2C=CC1=NC2,0,1.370157765023805e-08,0
NC1=C2CC(=C=C1)CCCNCC=CN(NC=CC=CCCl)OCCN2,C1=CC=C2CC=1CCCNCC=CNOCCN2,0,9.331240107712802e-06,0
NC(=CC1=CCC2B=CC(=NC1)NCC(O)=CC2)CCl,B1=CC2=NCC=CCC1CC=CCN2,0,1.1274996047916375e-08,0
ClCC1=CCC=CCC=CN=CN1,C1=CCC=CNC=NC=CC1,0,2.6015859688754972e-08,0
OCC1Nc2nc(nc3ccccc23)NC(=CC=CCl)C=C1Cl,C=C1C=CCNc2nc(nc3ccccc23)N1,1,1.0,1
N#CNC1=NC=C2C=CC2C(NCCO)=N1,C1=CC2C=NC=NC=C12,1,7.587046275148168e-05,0
CSC1=[B-]2CC=CC(CO)=C1CN=BCNC=CC=C(Cl)[N-]C2,B1=NCC2=CC=CC[B-](=C2)C[N-]C=CC=CNC1,1,0.9439846277236938,1
COCC=CC=C1CN=C2N=C1NC(CO)OCC(C=C(Cl)CCl)N2,C=C1CN=C2N=C1NCOCCN2,0,6.475960390162072e-07,0
C=C1C#CC=NC=CC(N2N=C(NCCO)CC(=CC=C=CC)N2)C1C,C=C1C#CC=NC=CC(N2N=CCC(=C)N2)C1,0,6.209568255144404e-07,0
ClOCCC12C=CNc3c(cc(Cl)c(Cl)c31)NSN=CN2,C1=CC2NC=NSNc3cccc2c3N1,1,1.0,1
C=C=CC(Cl)=CCNC1=NC2C(=CC=[PH]=C2C)C(NCCO)=N1,C1=NC=NC2C=[PH]=CC=C12,0,0.006191742606461048,0
C=C=C(Cl)C=CCNN1CCC=NC=CNC(Nc2ccccc2CCC)=N1,C1=CNC(Nc2ccccc2)=NNCCC=N1,0,0.9961491823196411,1
ClC1=CC(NC2=NC3C=CC=CN3C=N2)=C1,C1=CC(NC2=NC3C=CC=CN3C=N2)=C1,0,6.507254965981701e-07,0
CC=CN=C1NCC=CCCNC=CN=CCCC(C)OCCNC#CC=CC=COC=NC(=CCl)O1,C=C1N=COC=CC=CC#CNCCOCCCC=NC=CNCCC=CCNC(=N)O1,0,1.5227224992031552e-07,0
CC=CN=C(Cl)NC=C=[S-]1C=C(Cl)C[N-]C1,C=[S-]1C=CC[N-]C1,0,7.745378388790414e-05,0
OCCNC1=NCC(Cl)CC=CN=Nc2ccccc21,C1=CN=Nc2ccccc2C=NCCC1,0,0.32412493228912354,0
ClC1=CC=C(NC2=NC3(CC=CCO3)C(NCBr)=N2)C[O+]1Cl,C1=C[OH+]CC(NC2=NC3(C=N2)CC=CCO3)=C1,0,2.071587346108572e-08,0
OCCNc1nc(NCC=C(Cl)NC=CC2=CC#COCC2Cl)nc2ccccc12,C1#COCCC(C=CNC=CCNc2ncc3ccccc3n2)=C1,1,1.0,1
CC=CN=C(C=CCNCCCl)N=C1OC(CN)C1NCCO,N=C1CCO1,1,1.0,1
OCC1=CC=C(Cl)C(CCCCCOCCl)=CCNC2=CC=CC=CN=C(C2)N1,C1=CC=CNC2=NC=CC=CC=C(C2)NCC=C1,1,1.5996515401184297e-07,0
CCN[S+]C(ON)c1ccccc1N=CNC1=CC[N+](Cl)C=C1,C1=CC(NC=Nc2ccccc2)=CC[NH+]1,1,1.0,1
CNc1nc(NC2=CC=C(Cl)C(Cl)[S+]2)nc2ccccc12,C1=CC[S+]C(Nc2ncc3ccccc3n2)=C1,1,1.0,1
[B-]1=C=CC2=CC=NC2=C1,[B-]1=C=CC2=CC=NC2=C1,0,1.4373845225179593e-08,0
OCCNC1=NC([P-]Nc2cccc(Cl)c2)=NC(Cl)C1,C1=NC([P-]Nc2ccccc2)=NCC1,1,1.0,1
ClC1=CCNc2n[b-](c3ccccc3n2)NC=C(Cl)C=C1,C1=CC=CN[b-]2nc(nc3ccccc23)NCC=C1,1,0.9999992847442627,1
OCCNC1=NC(c2ccc(Cl)c(Cl)c2)C2=CC=CC2=C1,C1=CC2=CC=NC(c3ccccc3)C2=C1,1,1.0,1
Cc1cc(NC2CC[N+](NCCO)=C=N2)ccc1Cl,C1=NC(Nc2ccccc2)CC[NH+]=1,1,1.0,1
CN=C1CCN=CC=CCNCNCCC=CCOCC=C(Cl)C(Cl)C(O)CNC=N1,N=C1CCN=CC=CCNCNCCC=CCOCC=CCCCNC=N1,0,1.379070909024449e-05,0
OCCNC1=NC(Nc2ccc(Cl)c(Cl)c2)[O+]c2ccccc21,C1=NC(Nc2ccccc2)[O+]c2ccccc21,1,1.0,1
OCCNC1=NC=P(NC#CC=C=[N+]CCl)=C=C=CC=C1,C1=C=[PH]=CN=CC=CC=1,1,1.7674757373242755e-06,0
[B+]OCNC1=NC(NC2=CC=C(Cl)C(Cl)[B-]2)[C+]C=CC=CC=C1,[B-]1CC=CC=C1NC1[C+]C=CC=CC=CC=N1,0,6.7177285956177e-09,0
Clc1ccc(NC2=NC#[PH]C=CC=CC=C[S+]=N2)cc1Cl,C1#[PH]C=CC=CC=C[S+]=NC(Nc2ccccc2)=N1,1,1.0,1
[P-]=C1NOCCc2nc(nc3pcccc23)C=CC=C1Cl,[P-]=C1C=CC=Cc2nc(c3cccpc3n2)CCON1,1,0.7537984251976013,1
OCCNC1=NC2C=[S-](Cl)C(Cl)=C3C1C=C[P+]32,C1=C[P+]2C3=C[SH-]=CC2N=CC13,0,1.9425610275902727e-07,0
CC1=CC=CNN2N=C(CO1)Cc1ccccc12,C1=CNN2N=C(COC=C1)Cc1ccccc12,0,8.484995532853645e-07,0
C/C=C(\C)C(=O)O[C@H]1C(C)(C)C(C(O)C(=O)OC)[C@]2(C)C(=O)[C@@]1(O)C=C1[C@@H]3CC(=O)O[C@@H](c4ccoc4)[C@]3(C)CC[C@@H]12,O=C1C[C@H]2C3=CC4CCCC(C4=O)[C@H]3CCC2[C@H](c2ccoc2)O1,1,0.9963139891624451,1
OCCNC1=NN(C2C=C(Cl)C(Cl)=C2[P-])C[O+]CC1=CCCl,C=C1C=NN(C2C=CC=C2)C[O+]C1,0,1.2143659660068806e-05,0
CCCCC(C)C=CN1CN(NCCOC)c2ccccc2N1,c1ccc2c(c1)NCNN2,0,0.9998772144317627,1
Clc1ccc(NC=NC2C3C=CCN2CCO3)cc1Cl,C1=CC2OCCN(C1)C2N=CNc1ccccc1,1,0.01713276468217373,0
C=C=CC=CCC#CC=CC=CN=C(N)NC1=C(NCCON=C(Cl)C(Cl)=CC)C#CC=CC=CCC1,C1#CC=CCCC=CC=C1,0,2.7372452748863907e-08,0
OCCNC1=NC(Nc2ccc(Cl)c(Cl)c2)=N[P-]2=CC=CC=C12,C1=CC=[P-]2N=C(Nc3ccccc3)N=CC2=C1,1,1.0,1
Nc1ccc(NC2=NC3=CCC=CC3P2)cc1Cl,C1=CC2PC(Nc3ccccc3)=NC2=CC1,1,1.0,1
C=C(Cl)C(Cl)=CC=NC1=NC2=C1CN2,C1=NC2=C1CN2,0,5.5722407523717266e-06,0
CC1=CC=CNC2C=CC=CC#CC(NCCO)N12,C1#CCN2C=CC=CNC2C=CC=C1,0,0.00016401927859988064,0
ClC1=CC2=CC(=NCN2)C1Cl,C1=CC2=CC(=NCN2)C1,0,6.159377363701424e-08,0
C=CC=C1CC2=NC(=N1)CC=C(Cl)C(Cl)=CCOCC2,C=C1CC2=NC(=N1)CC=CC=CCOCC2,1,0.0001352070103166625,0
OCCNC12NCC=C(Cl)C(Cl)=CC1=Nc1ccccc12,C1=CCNC2C(=Nc3ccccc32)C=C1,1,1.0,1
CC1=[N+]=CC(C=NCB2N=C(Cl)CC#CN2)=CC1,C1#CNB(CN=CC2=CCC=[N+]=C2)N=CC1,0,4.814904241356999e-05,0
C[B-]#CNC12C=C(C)CC=C1N=C(NC=CC1=C(Cl)C=C1)NO2,C1=CC(C=CNC2=NC3=CCC=CC3ON2)=C1,1,0.0002564637688919902,0
C=CC1(NCCO)C=CCN=C1N1C=C(Cl)C(N)=CC1,C1=CCN(C2=NCC=CC2)C=C1,0,1.6911220868109922e-08,0
C=C(Cl)C(Cl)=CC=NC1=Nc2ccccc2CNCO1,C1=Nc2ccccc2CNCO1,0,3.518084268350208e-09,0
[C-]C1=CNOCCNC2=NC(=NC=CC=CC2)C=C(Cl)[P-]C1C,C1=CCC2=NC(=NC=C1)C=C[P-]CC=CNOCCN2,0,6.179402323169825e-09,0
NC1=C(Cl)C(Cl)=CCN1C1=NC=CC=CCC1=CC=CC#COCNCCO,C=C1CC=CC=CN=C1N1C=CC=CC1,0,1.106580498344556e-07,0
OCCNC1=NC2(Nc3ccc(Cl)c(Cl)c3)C=[N+]OCCCOC(=C=C1)CC=CC2,C1=CC=NC2(Nc3ccccc3)C=[N+]OCCCOC=1CC=CC2,0,0.9999285936355591,1
Clc1cccc(NSC=NC=NC=CC(Cl)C2=CC=CC2)c1,C1=CCC(CC=CN=CN=CSNc2ccccc2)=C1,1,1.0,1
CC=C(Cl)C(Cl)=[P-]#CNc1nc(NCCO)c2c(n1)=CC=C[SH]=2,C1=C[SH]=c2cncnc2=C1,0,8.652918040752411e-05,0
COC1=C=CC2NC3C(Cl)=CC=CNC3=C2C1,C1=CCC2=C3NC=CC=CC3NC2C=1,0,0.11008276790380478,0
C=C=C1C2=C=[S+]N=C(N=C1CCO)N2C(Cl)=CCCl,C=C1C=NC2=N[S+]=C=C1N2,0,0.01881059817969799,0
CCC1=C(Cl)C(Cl)=C=CN1N1N=C(NCCO)C2=CC1=C2,C1=CC=CN(N2N=CC3=CC2=C3)C=1,1,1.0261890004414909e-08,0
CC(C=C(Cl)C[N+])N1CN=C2CC=CC=C(COCN2)N1,C1=CCC2=NCNNC(=C1)COCN2,0,3.6642904266415144e-09,0
[S-]#CCNC1=NC(Cl)CCN2CC=CC=C2C1,C1=CCN2CCCN=CCC2=C1,0,5.0861022060644245e-09,0
ClC1=CC2(Cl)NC=NCCC=CCC2NCCOCC=C1,C1=CCOCCNC2CC=CCCN=CNC2C=C1,1,8.069057422233072e-09,0
OC1=NC2=CC=CC(=CCN1)c1ccc(cc1Cl)N2,C1=CC2=CCNC=NC(=C1)Nc1ccc2cc1,1,1.0,1
Cl[B-]1C2=CC=CC=COCNC2=NCN1C1=CC=C(Cl)C1,[BH-]1C2=CC=CC=COCNC2=NCN1C1=CC=CC1,0,2.9356201913799396e-09,0
OCCNC1=CC=CC=C(C(Cl)Nc2ccc([S-])c(Cl)c2)C1,C1=CC=C(CNc2ccccc2)CC=C1,1,1.0,1
C=C1CCCNC=C(Cl)C(=CNC=NCC2=CC=CCNCCON2C)C=C1Cl,C=C1C=CC(=CNC=NCC2=CC=CCNCCON2)C=CNCCC1,1,0.4876149594783783,0
OCCNC1=NC2=CC=CC=C1CNC(CCl)=CN2,C1=CC=C2N=CC(=C1)CNC=CN2,0,3.6110123780019876e-09,0
NC1=C2CCCCNCC(O)=NC(Nc3ccc(Cl)c(C=CC=CN=C=CCl)c3)N(CC1)C2,C1=NC(Nc2ccccc2)N2CCC=C(CCCCNC1)C2,1,1.0,1
N=C1NCCOC=C(Cl)C=CC=C(Cl)Nc2ccccc21,N=C1NCCOC=CC=CC=CNc2ccccc21,0,0.9998617172241211,1
OCCNC1([S+])NC(Nc2ccc(Cl)c(Cl)c2)=Nc2ccccc21,c1ccc(NC2=Nc3ccccc3CN2)cc1,1,1.0,1
Clc1ccc(NCC2=C[S-]C=CCC=N2)cc1Cl,C1=C[S-]C=C(CNc2ccccc2)N=CC1,0,1.0,1
COCCC1=CC=CCN=C(Nc2ccc(Cl)c(Cl)c2)N1,C1=CCN=C(Nc2ccccc2)NC=C1,1,0.9999985694885254,1
C=CC1=CSC2=C([C+]1)C(NCC)=N[S+]C(ONCC=C(Cl)C([N+])Cl)=N2,[C+]1C=CSC2=C1C=N[S+]C=N2,0,4.935376995973684e-09,0
NCC=CC(Cl)=CCNC1=NC=CC=C2CC21NCCO,C1=CN=CC2CC2=C1,0,2.264992282619005e-08,0
CC=P1=CC=C2CN=S(N=C2NCCO)NCC=C(Cl)C1Cl,C=P1=CC=C2C=NS(=NC2)NCC=CC1,0,6.2842486769909556e-09,0
CC12N=C(NCCO)C3C=CC1(C3)C(Cl)=CC=CN2,C1=CNC2N=CC3C=CC2(C=C1)C3,0,3.5022330280298775e-07,0
OC1CNc2nc(nc3ccccc23)NC=CC=CCP1Cl,C1=CCPCCNc2nc(nc3ccccc23)NC=C1,1,1.0,1
OCNC1=NC(Nc2ccc(Cl)c(Cl)c2)=NCC1CNCCC=C1CC=CNC1,C1=CNCC(=CCCNCC2C=NC(Nc3ccccc3)=NC2)C1,1,1.0,1
[B-]#CC1=CC=CC=COCC(C)=N1,C1=CC=COCC=NC=C1,0,4.520610996650021e-09,0
NOCNC1C2=C(Nc3ccc(Cl)c(Cl)c3)C=CCC21,C1=CC(Nc2ccccc2)=C2CC2C1,1,1.0,1
CCn1c2c(c(=N)c3c1CCC3)CCCC2,N=c1c2c([nH]c3c1CCC3)CCCC2,1,2.651534714459558e-06,0
CC1=C2CS(=CC1)C(CCON)C(Nc1ccc(Cl)c(Cl)c1)=N2,C1=C2CS(=CC1)CC(Nc1ccccc1)=N2,0,0.9999979734420776,1
C=CC=C1CN=CNC(=CC=CCl)N(C)OCCN1,C=C1CN=CNC(=C)NOCCN1,0,5.1952575574887305e-09,0
Clc1ccc(NC2=Nc3cccc(c3)[C-]CCON2)cc1Cl,[C-]1CCONC(Nc2ccccc2)=Nc2cccc1c2,1,0.9993120431900024,1
C(C=COc1ccccc1)=CN=CC1N=CCN2CCCCC1CO2,C(C=COc1ccccc1)=CN=CC1N=CCN2CCCCC1CO2,0,3.4885121635852556e-07,0
CCB=NC1=NC(Nc2ccc(Cl)c(Cl)c2)=NC2=C(C)CCOC12,C1=NC(Nc2ccccc2)=NC2=CCCOC12,1,1.0,1
ClC1=CC(N2CN=C3CC=CC=C(N2)OCCN3)=C=C1,C1=CC=CC=1N1CN=C2CC=CC=C(N1)OCCN2,0,1.0152050755607434e-08,0
ClC1=C=CCN=C2NCOC=CC=CC=C2N=CC=C1Cl,C1=CC=CC=NC2=CC=CC=COCNC2=NCC=1,0,6.2798033440003564e-09,0
CC1=CC=CNC2=NC(=CC1)C(I)C(NCCO)=N2,C1=CCC=C2CC=NC(=N2)NC=C1,0,1.5100049211014266e-08,0
C=NC=CNC1COCCCCONC(NCC=C(C)CCl)CC1=[N+]=CC=CC,[N+]=C1CCNOCCCCOCC1,0,1.6974178151940578e-07,0
ClC1C=CC=C1N1CN=C2C=CC=CC(N1)OCCN2,C1=CCC(N2CN=C3C=CC=CC(N2)OCCN3)=C1,0,5.30024481122382e-05,0
CCCC1=CC=C(Cl)CNC=NC=NC=C=CCCN1,C1=CCCNC=CC=CCNC=NC=NC=1,0,0.020324429497122765,0
CCC(=CCCl)N1N=C(NCCOCl)C2=CC=CCC2N1,C1=CCC2NNN=CC2=C1,0,3.889450539418249e-09,0
COCNC1=NCc2ccc(Cl)ccccc1n2,C1=NCc2cccccccc1n2,0,1.0,1
NC(=Nc1ccccc1CCCO)NC1=[PH]=C=C(Cl)C(Cl)=C1,C1=CC=CC(NC=Nc2ccccc2)=[PH]=1,1,1.0,1
C=CN[C+](N=CC=C(N=C)C(Cl)Cl)NCC1C=CC=[SH]CO1,C1=CCOC[SH]=C1,0,2.3253617698060225e-08,0
O=C(OC[C@]12OC1C=C[C@H](OC(=O)c1ccccc1)C2O)c1ccccc1,O=C(OC[C@@]12C[C@@H](OC(=O)c3ccccc3)C=CC1O2)c1ccccc1,1,0.999997615814209,1
CC1=CCN(C2C3=CC=CC3C2NCON)C(Cl)C1,C1=CC2CC(N3CC=CCC3)C2=C1,1,1.688961333456973e-06,0
OCCNc1nn(NC2=CC=C(Cl)C(Cl)=[N+]2)c2ccccc12,C1=CC=C(Nn2ncc3ccccc32)[N+]=C1,1,1.0,1
NC1CC=C2CC1(CC1=C(Cl)CC(Cl)=NO1)C2,C1=NOC(CC23CCC=C(C2)C3)=CC1,0,0.5216384530067444,1
OC=[S-]N1NC(Nc2ccc(Cl)c(Cl)c2)=NC2=CCC=CC21,C1=CC2NNC(Nc3ccccc3)=NC2=CC1,1,1.0,1
OCCNC1=NN2C=CC(C=Nc3cc[c-]cc31)C2,[c-]1ccc2c(c1)C=NN1C=CC(C=N2)C1,0,1.0,1
C=C(Cl)C(Cl)=CC1=CC=CC2=C3CC(NCCO)=NC(=N3)NNCCOCCC1C2,C1=CC2=C3CC=NC(=N3)NNCCOCCC(C=C1)C2,0,2.918096653203861e-09,0
[B+]CC=C1C=C=C(CCl)CC#CNCCON(Cl)C(=NBC=CC)N1,C=C1C=C=CCC#CNCCONC(=N)N1,0,2.5507752354769764e-08,0
CC1=CCC#CN=C(Nc2ccc(Cl)c(Cl)c2)N=C(CO)C=C1,C1#CN=C(Nc2ccccc2)N=CC=CC=CC1,1,1.0,1
NC1CC=C2CC(=NC2N2CC=CC(Cl)=CC2)[C-]CCO1,[C-]1CCOCCC=C2CC1=NC2N1CC=CC=CC1,0,3.329302899146569e-06,0
ClC1=C=CCCC(Cl)=CCNSC#CC=CC=CNCN=CC2=C(C=CC#CC1)C=C2,C1=CCC#CC=CC2=C(C=C2)C=NCNC=CC=CC#CSNCC=CCCC=1,1,0.9998998641967773,1
NC1=CC1=C1c2cnc([nH]cccc2Cl)C1CCO,C1=CC1=C1Cc2ncc1cccc[nH]2,1,1.0,1
FC#CC=CC=CCC1CCNCCCOCCN1c1nc(N[SH]2C=CC2)nc2ccccc12,C1=C[SH](Nc2nc(N3CCCNCCCOCC3)c3ccccc3n2)C1,0,1.0,1
NCc1ccccc1OCCCCC=NCC=CN=C1NC=CC=C(N)C1(Cl)Cl,C1=CCC(=NC=CCN=CCCCCOc2ccccc2)NC=C1,0,0.9421627521514893,1
OCCNc1nc(NC2=C(Cl)C2CCl)nc2ccccc12,C1=C(Nc2ncc3ccccc3n2)C1,1,1.0,1
OC(Cn1nnc2ccccc21)Cn1c2ccc(Br)cc2c2cc(Br)ccc21,c1ccc2c(c1)nnn2CCCn1c2ccccc2c2ccccc21,1,1.0,1
Clc1ccc2c(c1Cl)C1CCO[C+]=NN2C=NC1,[C+]1=NN2C=NCC(CCO1)c1ccccc12,0,4.522102692305907e-09,0
C=C(Cl)C(=CC1=CCC(CC#N)(C2=NOCCN2)CN=CN1)CCl,C1=CNC=NCC(C2=NOCCN2)C1,0,5.393657520613715e-09,0
C=C(Cl)C(Cl)=CC#CC=CC=CCCC=CNC1C=CCC2=NCC1(F)C(NCCO)=N2,C1=CCC2C=NC(=NC2)C1,0,4.337903813933508e-09,0
[C-]N=C(C=CC1C=CN=CNC2=CC21)NCCO,C1=CN=CNC2=CC2C1,0,0.0007834279676899314,0
OCCNc1nc(NC2N=CCC=C(C=C(Cl)CCl)C=C=NCO2)nc2ccccc12,C1=CC=CCC=NC(Nc2ncc3ccccc3n2)OCN=1,1,1.0,1
C=C(Cl)C(Cl)=CC=CNc1nc2c(=CC)c(n1)=CCOCCN2,C=c1c2ncnc1=CCOCCN2,0,8.768875403575294e-09,0
OC(c1cc(C(F)(F)F)nc2c(C(F)(F)F)cccc12)C1CCCCN1,c1ccc2c(CC3CCCCN3)ccnc2c1,1,1.0,1
NC1=NCC=C(C(Cl)Cl)CN=NC2=CC=C=C=C2OC=CC1,C1=C=C2OC=CCC=NCC=CCN=NC2=CC=1,0,1.6747515374504474e-08,0
OCCNc1nc(NC2=CC=C(Cl)C(Cl)=[S-]2)nc2ccccc12,C1=CC=C(Nc2ncc3ccccc3n2)[S-]=C1,1,1.0,1
OCC1C=C=CC=CN=C(Nc2ccc(Cl)c(Cl)c2)CN1,C1=CC=CN=C(Nc2ccccc2)CNCC=1,1,1.0,1
NC1=NC2=[C+]CC1=C(CCO)C=CCC=C(Cl)C(Cl)=C=CCN2,C1=CC=CCC=CC=C2C=NC(=[C+]C2)NCC=1,0,1.7402973284674772e-08,0
[O-]CNC1C=C=CC=CC(Cl)NN=CC=CC1,C1=CC=CCNN=CC=CCCC=1,1,3.235643752930173e-09,0
CCC1=CCC(=N)C(=NCc2ccc(N)c(Cl)c2)N1,N=C1CC=CNC1=NCc1ccccc1,0,1.0,1
N=C1CC=C(Cl)CC(CN)CCCOC(Cl)=CC=CN1,N=C1CC=CCCCCCOC=CC=CN1,1,0.25226372480392456,0
C=C[N+]1CN=C(O)c2ccc1cc2,C1=NC[NH+]c2ccc1cc2,0,4.2526966836931024e-08,0
NCC=CC1CC(CCOCl)=NCNc2ccc(Cl)cc2N1,C1=NCNc2ccccc2NCC1,0,0.977568507194519,1
OC1=C2C=CC3CC(=NC3C(Cl)=CC=N2)NC1,C1=CC2N=C3CC2C=CC(=CCN3)N=C1,1,3.381359761078784e-07,0
NC1=CC=[S+]#CC1=CC=NCC(C=CCl)OC=[B-]=CCl,C=C1C#[S+]=CC=C1,1,0.00042896386003121734,0
ClC1C=CC=CCONC2=NN1C=NCC=CC=C2,C1=CCN=CN2CC=CC=CCONC(=N2)C=C1,0,5.815739001491238e-09,0
CCC1=CC=CC2=NC=C=CC=C(N(O)[C-]=N2)C1(Cl)Cl,C1=CC=C2CC=CC=CC(=NC=1)N=[C-]N2,1,5.139130454523411e-09,0
C=CCCNC=C=NC1C=CC(CC)CCONC(Nc2ccc(Cl)c(Cl)c2)=N1,C1=CCN=C(Nc2ccccc2)NOCCC1,1,1.0,1
C=[C+]C(Cl)C=CC=CNC1=Nc2ccccc2CPN=N1,C1=Nc2ccccc2CPN=N1,0,0.9898160696029663,1
CCCC1C2=NN1C2,C1C2=NN1C2,0,5.919019052669228e-09,0
OCCNc1nc(NC2=CC=C(Cl)N(Cl)C2)nc2ccccc12,C1=CNCC(Nc2ncc3ccccc3n2)=C1,1,1.0,1
CNC1=C2C(CO)=NC2(N2C=CC(Cl)C(Cl)=C2)CC=C1,C1=CCC2(N3C=CCC=C3)N=CC2=C1,0,0.0004644215223379433,0
N#CSC1=NC(=NCBr)NC=CC(Cl)=[C-]C=CC=C1,N=C1N=CC=CC=C[C-]=CC=CN1,1,1.573466512638788e-08,0
CCCCC=C1CCC=Nc2cccc3nc(nc(NCCO)c23)C=C1Cl,C=C1C=Cc2ncc3c(cccc3n2)N=CCC1,1,1.0,1
CCC=NC=C=NCCOC=C(C=C(Cl)CCl)NC=NCCC1NCC1=Nc1ccccc1C(N=CN=CCF)NCCC,c1ccc(N=C2CNC2)cc1,1,0.4411695599555969,0
ClC=CCOCCNc1nc(C2C=C2)nc2ccccc12,C1=CC1c1ncc2ccccc2n1,1,1.0,1
C=CC=CNC12C#CC=CC1=Cc1ncccccc(C=C)c(n1)NC(Cl)C2(C)O,C1#CC2CCNc3ccccccnc(n3)C=C2C=C1,1,1.0,1
NC1=C2C(=C=C1)NC2CC=C(Cl)C(Cl)=CCCCCCNCCOC=CO,C1=CC=C2CNC=12,0,0.0029489584267139435,0
COCCC1=NCN(C2C=C(Cl)C(Cl)=C2)NC=CC=C=C1,C1=CC=CNN(C2C=CC=C2)CN=CC=1,0,2.0141512777627213e-06,0
C=C(Cl)C(Cl)=CC1=C(O)C2=NCC(=CC1)CCNC=N2,C1=CC2=NCC(=CC1)CCNC=N2,0,1.0777017500629427e-08,0
CC=CC=CN=C1NCC=C2CC1=CC(Cl)C(C)=CCC2O,N=C1NCC=C2CCC=CCC=C1C2,0,3.948222193628226e-09,0
COCCC1=NCN(C(C)C=C(Cl)CCl)NC#CC=CC1,C1#CNNCN=CCC=C1,0,2.0573845915805578e-07,0
C=C(Cl)C(Cl)=COC1=C2NC=C2C(NCC)=NCN1,C1=NCNC=C2NC=C12,0,5.364417798858767e-09,0
C=C=PC=[p+]1c(NCON)nc(-c2ccc(Cl)c(Cl)c2)nc1=C,C=c1nc(-c2ccccc2)nc[p+]1=C,1,0.9999992847442627,1
C=CCOCCNC1N=C=C(CNC=CN=CCF)C(N)=CC=CN1,C1=CC=CC=CNCN=1,0,7.715398169239052e-07,0
ClOCCNC1C=CC=C2N=C(C3=CC=CC3Cl)N=C=C21,C1=NC(C2=CC=CC2)=NC2=CC=CCC=12,0,0.9520115852355957,1
CC=CC=CC#COCCNCCOCN=CC1CC(NCCO)=N[C+]C2=CC(CSC(C)=N1)C(Cl)=CCNC=C2,[C+]1N=CCCN=CSCC2C=CCNC=CC1=C2,1,1.7198291288877954e-06,0
OCCNC1=NC(Nc2ccc(Cl)c(Cl)c2)C(=CC=CF)C1,C=C1CC=NC1Nc1ccccc1,1,1.0,1
OCCNc1nc(Nc2ccc(Cl)c(Cl)c2)nc2c1=CC=C=C=2,C1=C=c2nc(Nc3ccccc3)ncc2=CC=1,1,1.0,1
COCCC1=NCN(C2=C(C)C(Cl)C2)NC=CC=CC1,C1=CCC=NCN(C2=CCC2)NC=C1,0,3.3936236043530243e-09,0
COCCC(=NN)C1C=CC(C)=C1N=CNC1C=CC(Cl)=C1,C1=CCC(N=CNC2C=CC=C2)=C1,0,8.317329047713429e-08,0
N=C1C=C(Cl)C(Cl)=[P+]1,N=C1C=CC=[P+]1,0,0.9975801706314087,1
C=C1C=Nc2ccccc2C(NCCO)=NC=CC=C1N,C=C1C=CC=CN=Cc2ccccc2N=C1,1,1.0,1
C=C1C(Cl)=CC(NC2=NC=CC2C=CC(I)ON)=C1Cl,C=C1C=CC(NC2=NC=CC2)=C1,0,1.9957255403824092e-07,0
Clc1ccc(NC23C=CC=C2N=CNOCCN3)cc1Cl,C1=CC2(Nc3ccccc3)NCCONC=NC2=C1,1,1.0,1
COCNC1=C(N)C=CC=CN=C1c1ccc(Cl)c(Cl)c1,C1=CC=CC(c2ccccc2)=NC=C1,1,1.0,1
NC1=C=CCC#C1,C1=CC#CCC=1,1,1.5577734302496538e-06,0
CC=c1nc2nc(NCCl)c1=CC=CS1=CC(=CC=C1Cl)N2,C=c1nc2ncc1=CC=CS1=CC(=CC=C1)N2,1,1.0,1
[S-]C1=CNc2nc(c3ccccc3n2)NPCOC=C1Cl,C1=CNc2nc(c3ccccc3n2)NPCOC=C1,1,1.0,1
CC=C(C=C(Cl)CCl)CN=C(CC1=C[P-]C=CCB1N)NCCO,B1C=C[P-]C=CC1,0,3.4099874035575795e-09,0
ClCCC=CNC1=CC=CC=CNOC=N1,C1=CC=CNOC=NC=C1,0,3.978748441824109e-09,0
C1=CNC2=NC(=CCNCCON2)C=C2CC2=C1,C1=CNC2=NC(=CCNCCON2)C=C2CC2=C1,0,0.00026894782786257565,0
OC1=CNOCNc2nc(nc3ccccc23)C=C=C1C=CC=CC#CCNC=CCl,C1=CC=CNOCNc2nc(nc3ccccc23)C=1,1,1.0,1
CC1=CSC(Cl)C(C)=CCNC(=Nc2ccccc2)C#CCC1Cl,C1#CC(=Nc2ccccc2)NCC=CCSC=CCC1,1,4.46915983047802e-05,0
OC1C=CC=CS#CC(N=[C-]Cl)N=CN1,C1#SC=CC=CCNC=NC1,0,0.9995529055595398,1
CC(Cl)=CC=C(C)N1CN=C(CCOCC#[PH]CCI)N1,C1=NCNN1,0,3.2890432599685937e-09,0
C#CC=CC=C1NC(N)=CCNC=NCC1Cl,C=C1CCN=CNCC=CN1,0,3.172553775243614e-08,0
NC1=CC2N=C(c3ccc(Cl)c(Cl)c3)N=C(NCCO)C=C12,C1=CC2N=C(c3ccccc3)N=CC=C12,1,1.0,1
ClC1=CC=CNC2=Nc3ccccc3CNCC12,C1=CNC2=Nc3ccccc3CNCC2C=C1,0,0.004570700228214264,0
NC1=NC=CC=CNC=N[S+]CCOCC1,C1=CN=CCCOCC[S+]N=CNC=C1,0,1.4319695651465736e-07,0
Clc1c2cc3c(c1-2)N=CCN3,C1=Nc2c(cc3cc2-3)NC1,0,1.5602114217472263e-05,0
OCCNCC=CC1CON1NCC=CCl,C1CON1,0,9.348673835063437e-09,0
ClC1=CCN(OCCCCC=NC=Nc2ccccc2)C=C1Cl,C1=CCN(OCCCCC=NC=Nc2ccccc2)C=C1,1,0.9922519326210022,1
OCCNc1nc(NC2=C=C(Cl)C#[PH]C2)nc2ccccc12,C1=CC#[PH]CC=1Nc1ncc2ccccc2n1,1,1.0,1
CC=CC=CN=COC1CNC1SNc1ccc(Cl)c(Cl)c1,c1ccc(NSC2CCN2)cc1,1,1.0,1
C=NC[SH]1N=CC#CC1Cl,C1#CCSN=C1,1,2.897373292398697e-07,0
[B+]c1ccccc1C(ON[O+](N)Nc1ccc(Cl)c(Cl)c1)PNCC,c1ccc(CON[OH+]Nc2ccccc2)cc1,1,1.0,1
OCCNC1C=CC=C2[P+]=C(Nc3ccc(Cl)c(Cl)c3)N=C21,C1=CCC2=NC(Nc3ccccc3)=[P+]C2=C1,1,2.39921901084017e-05,0
Cn1cc(Cl)c(O)c1CN=C1C=C=CC=C(N)OCCN1,C1=CC=COCCNC(=NCc2ccc[nH]2)C=1,0,1.0,1
C=CC1=CC=C(Cl)C(Cl)=NC=CCC=CNCCN1,C1=CC=NC=CCC=CNCCNC=C1,1,1.7080441239158972e-07,0
Nc1ccc(NC2C=S3(=CC=C=[O+]C3)C(NCCO)=N2)cc1Cl,C1=CC=S2(=CC(Nc3ccccc3)N=C2)C[O+]=1,0,0.00040007795905694366,0
BC=C1C=C=C1,C=C1C=C=C1,1,1.0,1
C/C=C1\CN2CCc3c([nH]c4ccccc34)[C@@H]2C[C@@H]1Cc1nccc2c1[nH]c1ccc(O)cc12,C=C1CN2CCc3c([nH]c4ccccc34)[C@@H]2C[C@@H]1Cc1nccc2c1[nH]c1ccccc12,1,1.0,1
CC1=NC[C-](C2=C(Cl)C(Cl)=CC2)NC=CC=C1,C1=CC=NC[C-](C2=CC=CC2)NC=C1,0,3.894491396039257e-09,0
Nc1c(C2=NC=C3C=CC=C3C2NCCO)ccc(Cl)c1Cl,C1=CC2=CN=C(c3ccccc3)CC2=C1,0,0.7364023923873901,1
CCCNCCCC1=NCCCOC=C=CC=CN=C(NCCOCCNC=CN=CNCF)N1,C1=CC=CN=CNC=NCCCOC=1,1,5.4094004831029e-09,0
NC(NCCS1#[P-]=CC(Cl)=CC=1)C1=CC=CCN(Cl)CC1,C1=CC=S(CCNCC2=CC=CCNCC2)#[P-]=C1,0,3.025377282028785e-09,0
NC1=CC2=CC1C(N1C=C(Cl)C(Cl)=CC1)N=C2NCCO,C1=CCN(C2N=CC3=CC2C=C3)C=C1,0,0.9997890591621399,1
COCCC1=NC(C=CCl)=C2C(=C=CC1)NC2C,C1=CCC=NC=C2CNC=12,0,1.2550296801805416e-08,0
OCC[B-]1C=NC[P+](CC=C(Cl)C=CC=PCl)=Nc2ccccc21,[BH-]1C=NC[PH+]=Nc2ccccc21,0,0.08761322498321533,0
OCCNN1C2=CCC2=CN=C1Nc1ccc(Cl)c(Cl)c1,C1=C2CC=C2NC(Nc2ccccc2)=N1,1,1.0,1
CC1=CCN=C2CC=CC=C(COCN2)N=NC1Cl,C1=CCC2=NCC=CCN=NC(=C1)COCN2,0,4.5643400170547466e-08,0
NCC=CC1CC(CCO)=NC(C2=CC=C(Cl)C2Cl)=N1,C1=CCC(C2=NCCC=N2)=C1,0,1.0660062343958998e-07,0
CC=C1C=CN=C(N=C(B=O)CCO)NC=CC=C(Cl)C(Cl)=C1,C=C1C=CC=CC=CNC=NC=C1,0,0.9999732971191406,1
CC(=CC=CC1=Nc2ccccc2C1(N)NCON)CC1NCC1=NCCCl,N=C1CNC1CC=CC=CC1=Nc2ccccc2C1,1,1.865987724158913e-05,0
OC1=C(Cl)C=CC2BC3=C(Cl)C=CC3CN=C(C2)NC1,B1C2=CC=CC2CN=C2CC1C=CC=CCN2,1,9.46778921928626e-09,0
CN=CCC=C=NCCONCCONC(=Nc1ccccc1)NCCN1CCC1C1C=C(Cl)C(Cl)=CN1,C1=CNC(C2CCN2CCNC=Nc2ccccc2)C=C1,1,0.00018094854021910578,0
CC=CC=CCNC1=NC2C(=CCN=C2CNCCCCC)C(NCCO)=N1,C1=NC=NC2C=NCC=C12,1,1.8731943995931033e-08,0
COCCC1=NCN(C2C=C=C(Cl)C(Cl)=C2)NC=CCC=C1,C1=CC=CC(N2CN=CC=CCC=CN2)C=1,0,1.4381132587004686e-06,0
CCC12N=C(NCCO1)C1=C(C=C1)C(Cl)=CC=CN2,C1=CNC2N=C(NCCO2)C2=C(C=C1)C=C2,1,3.839015771944787e-09,0
OCCNC=NC(CCC=CN=C=NCCNCCC=CCONc1ccccc1)Nc1ccc(Cl)c(Cl)c1,C(=NC=CCCCNc1ccccc1)=NCCNCCC=CCONc1ccccc1,1,1.0,1
OCCN[O+]1C=CC=C2N=C21,C1=C[OH+]C2=NC2=C1,0,3.960929916502209e-06,0
ClP1#CCC=C(CNOCCC=NC=Nc2ccccc2)CC1,C1#[PH]CCC(CNOCCC=NC=Nc2ccccc2)=CC1,1,1.0,1
CN1C=NCC(NCCO)=N1,C1=NCC=NN1,0,4.287365573674151e-09,0
C#CN=CN1C=C2CCCCCNC=CC=CC2N=C(C=CC=C)CONC=C1Nc1ccc(Cl)c(Cl)c1,C1=CNCCCCCC2=CNC(Nc3ccccc3)=CNOCC=NC2C=C1,1,1.0,1
NC=CCC#CCC=C1C=c2nc(Nc3ccc(Cl)c(Cl)c3)nc(NCCO)c2=CC1,C=C1C=c2nc(Nc3ccccc3)ncc2=CC1,1,1.0,1
CN=CCC1=C(Cl)C=COc2ccc(cc2C)NC=NCC(NC)CCC1,C1=CCCCCCN=CNc2ccc(cc2)OC=C1,1,0.9999500513076782,1
OCCNC1=NC(Nc2ccc(Cl)c(Cl)c2)=NC2=CC21,C1=NC(Nc2ccccc2)=NC2=CC12,1,1.0,1
C=C1C=C(Cl)C(Cl)=[N+]1,C=C1C=CC=[N+]1,0,0.9999996423721313,1
CC=CC1CC(=N)CCCC=NSNC=CC=NNC#CCC2C=C=C(Cl)C(Cl)=C2C1NCOC,N=C1CCCC=NSNC=CC=NNC#CCC2C=C=CC=C2CCC1,1,0.00046696289791725576,0
N=C1NCCOC=C(Cl)C(Cl)=CC#CNC=Nc2ccccc21,N=C1NCCOC=CC=CC#CNC=Nc2ccccc21,1,0.9930980801582336,1
CC=C1C=C(Cl)C(Cl)N1c1nc(NCCO)c2ccccc2n1,C=C1C=CCN1c1ncc2ccccc2n1,1,1.0,1
CC1C[B+]OC(NCCO)=N1,[B+]1CCN=CO1,0,8.950600260959618e-08,0
C=C1C=CC2(Cl)[P-]=NC(Nc3ccc(Cl)cc3)=NC2=C1,C=C1C=CC2[P-]=NC(Nc3ccccc3)=NC2=C1,1,0.9999995231628418,1
ClC1=CCNCc2cc3ccc2CNCCC1=CC3,C1=CC2=CCc3ccc(c(c3)CNC1)CNCC2,0,0.9998224377632141,1
CCC1CCN(CCO)N=N1,C1CN=NNC1,0,5.046136841713178e-09,0
N=C=CNCCCCCC1OCCNC2=NC(=NC3C=CC=C23)NCC=C1Cl,C1=CC2N=C3N=C(NCCOCC=CCN3)C2=C1,1,0.0033397278748452663,0
CC1=CC[N+]=C2C(NCCO)=NC(Nc3ccc(Cl)c(Cl)c3)=NC12,C1=CC2N=C(Nc3ccccc3)N=CC2=[N+]C1,1,1.0,1
OCCNC1=N[B-](Nc2ccc(Cl)c(Cl)c2)Nc2ccccc21,C1=N[B-](Nc2ccccc2)Nc2ccccc21,1,1.0,1
[B-]C1=C2CC(=CC=C1)C(Nc1ccc(Cl)c(Cl)c1)NN2CCO,C1=CC=C2CC(=C1)NNC2Nc1ccccc1,1,1.0,1
OCCNC1C=CC=C2C=NC(=NCOCCCNCC=N1)Nc1cc(Cl)c(Cl)c2c1,C1=CCN=CCNCCCOCN=C2N=CC(=C1)c1cccc(c1)N2,1,0.9999982118606567,1
[C-]C1=CCC(N2C=CC=CC=COCCC(N)=NC2)=C1Cl,C1=CC=CN(C2=CC=CC2)CN=CCCOC=C1,0,6.254652351600498e-09,0
OCCNC1=NN(c2ccc(Cl)c(Cl)c2)C=NC=CC=C=C1,C1=CC=CN=CN(c2ccccc2)N=CC=1,1,1.0,1
ClC1=CN[P-]2=Cc3ccccc3N=CNC=CC2=C1Cl,C1=CN[P-]2=Cc3ccccc3N=CNC=CC2=C1,0,0.9999997615814209,1
[C-]C1N=C(C=C2C=S=C(Cl)C(Cl)=C2)N=C2NC(CO)CC=CC=C21,C1=CCCNC2=NC(C=C3C=CC=S=C3)=NCC2=C1,0,4.561860009744123e-07,0
NN=C(Cc1ccccc1)c1cc(Cl)c(Cl)cc1NCCO,N=C(Cc1ccccc1)c1ccccc1,1,1.0,1
N=C[B-]=NC1c2ccccc2NN=[S-]c2ccc(Cl)c(Cl)c21,c1ccc2c(c1)Cc1ccccc1[S-]=NN2,1,0.00016265326121356338,0
OC1CNCC(NCC=C(Cl)CCCl)c2ccccc21,c1ccc2c(c1)CCNCC2,1,3.2285181532643037e-06,0
CN1C=CC=C2CC(=NC(Nc3ccc(Cl)c(Cl)c3)=N2)O1,C1=CNOC2=NC(Nc3ccccc3)=NC(=C1)C2,0,0.0019740599673241377,0
NC1C=CC=C(C(Cl)=CCl)Bc2ccccc2C(NCCO)=N1,B1C=CC=CCN=Cc2ccccc21,1,0.17563480138778687,0
NC1C=C=C2CC(=NCNC3C=C(Cl)C2=C3)NCCO1,C1=CCOCCNC2=NCNC3C=CC(=C3)C=1C2,0,8.004343499123934e-08,0
Clc1ccc(NC=C2C3=CC=CCCCOCC32)cc1Cl,C1=CCCCOCC2C(=C1)C2=CNc1ccccc1,1,1.0,1
N#CC1=CNCCCCNC(Cl)=CC1,C1=CNCCCCNC=CC1,1,2.403193946065585e-07,0
OCCNC1=NC(NC2=CC#[S+](Cl)C(S)=C2)=NCC=CC=C=[N+]1,C1=CC=CCN=C(NC2=CC#[SH+]C=C2)N=C[N+]=1,0,1.0714464870886786e-08,0
CC1=NC(NCC=CCCl)=NC2=CC=CCC21,C1=CCC2C=NC=NC2=C1,0,2.8165336729557566e-08,0
N=C1N=C(NCCO)c2ccccc2C(COCl)N1,N=C1N=Cc2ccccc2CN1,1,0.9999998807907104,1
C=CC=CC=CCOC(C)=CC=CC1=NC2=C=C(C2)N1NCCON,C1=C2CC=1NC=N2,0,7.39803329707911e-09,0
NC1=NC=CC=CC#CNCCONCC=C(Cl)C(Cl)=CC1,C1#CNCCONCC=CC=CCC=NC=CC=C1,0,7.406132453979808e-07,0
OCCNC12NCC=C(Cl)C(Cl)=CC=C(CO)OCCC3=C1C=CC32,C1=CC=COCCC2=C3C=CC2C3NCC=C1,0,1.0,1
OCCNC1=NCSNC=CC=C2NC3=CC(=CC3=C1)C2Cl,C1=CNSCN=CC=C2C=C3C=C2NC(=C1)C3,0,6.684025333214549e-09,0
OCNOCCC#CN=CNC1=NC2C(=CC=C(Cl)CCl)C2=NC#CC=CC=C1,C=C1C2=NC#CC=CC=CC=NC12,0,1.1476259942355682e-07,0
ClCC(Cl)=CC=CNOCCNC1=NCP=NC=CC=C=C1,C1=CC=CN=PCN=CC=1,0,1.0813815606525168e-05,0
ClC1=CC=C[O+]1,C1=C[O+]C=C1,1,0.9942728877067566,1
OCCNC1=NC(Nc2ccc(Cl)c(Cl)c2)=NC[O+]=C=CC=C1,C1=CC=CC=NC(Nc2ccccc2)=NC[O+]=1,1,1.0,1
CC1(C)CCC[C@@]2(C)[C@H]1[C@@H](O)C=C(C=O)[C@]2(O)C=O,C1=CC[C@H]2CCCCC2C1,0,1.0,1
ClC1C2=NC3NN4C(=C14)NC3[B+]C2,[B+]1CC2=NC3NN4C(=C4NC13)C2,0,9.903175168801681e-09,0
OCCNc1[c-]c(Nc2ccc(Cl)c(Cl)c2)[o+]c2ccccc12,[c-]1cc2ccccc2[o+]c1Nc1ccccc1,1,1.0,1
OCCNC1=NC(Nc2ccc(Cl)c(Cl)c2)=NCC=[C+]CC1,[C+]1=CCN=C(Nc2ccccc2)N=CCC1,1,1.0,1
C=[S+]1=CC(Cl)=C(CNOc2nc(PNCC)c3ccccc3n2)C1Cl,C=[S+]1=CC=C(CNOc2ncc3ccccc3n2)C1,1,1.0,1
OCCNC1C(NC=C(Cl)CCl)OCCC2=CC=CC21,C1=CC2CCOCCC2=C1,0,0.8520793914794922,1
CCNC1=NCN2NC(=CC=C[S-]1)C21C=C(Cl)C(Cl)=CCO1,C1=CCOC2(C=C1)C1=CC=C[S-]C=NCN2N1,0,8.206219348494415e-08,0
OCCNCC1C=C2CN=C1NC1C=C(Cl)C(Cl)=CN21,C1=CC2NC3=NCC(=CC3)N2C=C1,0,5.483163022290682e-06,0
CC1=NCC(CCCl)=C(C)c2ccccc2OC1,C1=Cc2ccccc2OCC=NC1,0,1.7749876235484408e-07,0
OCCN1CC#CCC=CC=CN=C(Nc2ccc(Cl)c(Cl)c2)N1,C1#CCNNC(Nc2ccccc2)=NC=CC=CC1,0,1.0,1
C=C(Cl)C(Cl)=C1C=CC2(CCS)C=CCC=C2N1,C=C1C=CC2C=CCC=C2N1,0,6.415642239687713e-09,0
[N-]=C=CCNC=C1[C+]C(CCNCCO)=CC=C1,C=C1[C+]C=CC=C1,1,1.2449334008124424e-07,0
OCCNc1nc(NC2=CCP(Cl)C(Cl)=C2)nc2ccccc12,C1=CC(Nc2ncc3ccccc3n2)=CCP1,1,1.0,1
C=CNC12C=CC1=CN=C(C=C(C)CCl)N=CCCO2,C1=CC2OCCC=NC=NC=C12,0,0.9996234178543091,1
ClC1=CNc2nc(c3ccccc3n2)NCOC=CC=C1,C1=CC=COCNc2nc(nc3ccccc23)NC=C1,1,1.0,1
Clc1ccc(NC2=NCNCCON2)cc1Cl,c1ccc(NC2=NCNCCON2)cc1,1,1.0,1
N[O+]1C=C(Cl)C(Cl)=CC=N1,C1=CC=N[OH+]C=C1,0,1.0,1
Clc1cc2ccc1-c1ccccc1N=N2,c1ccc2c(c1)N=Nc1ccc-2cc1,1,1.0,1
CC1=NCNC2=CC(=C(Cl)C2C)NC=CC=C=COC1,C1=CC=CNC2=CCC(=C2)NCN=CCOC=1,1,4.661534603656037e-06,0
CC(=CCNC1=Nc2ccccc2ON1C)CCl,C1=Nc2ccccc2ON1,1,0.9991532564163208,1
ClC1=CB=[C+]C=C1,B1=[C+]C=CC=C1,0,0.9999555349349976,1
CC=CC=CN=C(N=C(CC=C1C=CN=C2CNCC=NC=NN=CNCCONCCOC12)CCCC)Nc1ccc(Cl)c(Cl)c1,N=C(N=CCC=C1C=CN=C2CNCC=NC=NN=CNCCONCCOC12)Nc1ccccc1,1,1.0,1
OCCNc1nc(NC2=CC=C=[B-](Cl)C2)nc2ccccc12,[BH-]1=C=CC=C(Nc2ncc3ccccc3n2)C1,1,1.0,1
N=C1N=C(NCCO)c2ccc([O+])c(Nc3ccc(Cl)c(Cl)c3)c21,N=C1N=Cc2cccc(Nc3ccccc3)c21,1,1.0,1
CCOCNC1=NN(C2=C(Cl)C2)Nc2ccccc21,C1=NN(C2=CC2)Nc2ccccc21,0,0.2407888025045395,0
CCBN1Oc2nc(nc3ccccc23)NCC(Cl)=C1Cl,C1=CNOc2nc(nc3ccccc23)NC1,1,1.0,1
OCCNc1nc(NC2=CC=[N+]CC2Cl)nc2ccccc12,C1=[N+]CCC(Nc2ncc3ccccc3n2)=C1,1,1.0,1
CC(=CCNC1=NC2[B+]CC=CC2C=N1)CCl,[B+]1CC=CC2C=NC=NC12,0,4.152028907355998e-07,0
OCCNC(=NC(Cl)NCC1=CC(Cl)=C=[N+]C1)C1=C=CC=C1,C1=CC=C(CNCN=CC2=C=CC=C2)C[N+]=1,0,0.9999995231628418,1
ClC1=CC2C=CC12,C1=CC2C=CC12,1,1.0,1
CC1CCSCC(Cl)c2nc(nc3ccccc23)NCC=C1Cl,C1=CCNc2nc(c3ccccc3n2)CCSCCC1,1,1.0,1
NC1C=CC=C(CCCCCCNCC=NCO)C(C=C(Cl)CCl)C=NC=CC=CCOC1,C1=CCC=NC=CC=CCOCCC=C1,0,4.687666432801052e-08,0
C=[S+]1=C=CC=CNC=NC23C=CC12CCOCCN3,C=[S+]1=C=CC=CNC=NC23C=CC12CCOCCN3,0,0.0008323292713612318,0
OCCNC1=NC(Nc2ccc(Cl)c(Cl)c2)=NC2=CC=C=NC21,C1=CC=C2N=C(Nc3ccccc3)N=CC2N=1,1,1.0,1
COCNC1=CC=CC=CN=C1N1C=C=C(Cl)C(Cl)=C1,C1=CC=CN(C2=NC=CC=CC=C2)C=1,0,8.572646237325898e-08,0
CC(=CC1=NC2=C=CC=CC2=N1)CCl,C1=CC=CC2=NC=NC=12,1,0.007433511316776276,0
OCCNN1CN(C2C=C(Cl)C(Cl)=C2)Nc2ccccc21,C1=CC(N2CNc3ccccc3N2)C=C1,1,1.0,1
OCCNC1C2=CCC=NC(=CC=C3CC31)C2CCl,C1=NC2=CC=C3CC3CC(=CC1)C2,0,0.9951347708702087,1
OCCNC1=NC(=Nc2ccccc2)NC2=C(Cl)C(Cl)=CC12,C1=CC2C=NC(=Nc3ccccc3)NC2=C1,1,0.9939047694206238,1
ClC1=C2NCC=CCCOC(NI)=NCC12Cl,C1=CCNC2=CC2CN=COCC1,0,1.9674560462590307e-05,0
CNC=NCC1C2=CC=C(Cl)C(Cl)=CCCOCCNC1=NN(C=C=N)CCC2,C1=CC=C2CCCNN=C(C2)NCCOCCC=C1,0,5.6758210575935664e-08,0
C=C=C1CCONCNC=CC=C(C)CCCC=C(C=C)C(Cl)=C1Cl,C=C1C=CC=CCCCC=CC=CNCNOCC1,1,1.032871296047233e-06,0
CC1=CCN2C=C1C(C)C(Cl)OC2,C1=CC2=CN(C1)COCC2,0,0.1083386167883873,0
NC([S+]N1C=C=[C-]CC1Cl)C1=CC2=CC=C1C2NCCO,C1=[C-]CCN([S+]CC2=CC3=CC=C2C3)C=1,1,4.484826376938145e-08,0
OCCNC1=NC(c2ccc(Cl)c(Cl)c2)[S+]C1,C1=NC(c2ccccc2)[S+]C1,1,1.0,1
CC=CC=C1[B-]C(NCCO)=NC(NCC=[PH](Cl)CCl)=N1,C=C1[B-]C=NC=N1,0,1.4380975521532946e-08,0
ClC=C=C1C(Cl)c2ccc(cc2)OCCC2=NCN1N2,C=C1Cc2ccc(cc2)OCCC2=NCN1N2,0,1.1933349924220238e-05,0
C=C(Cl)C(Cl)=CC=NC1=NCCC#[P+]ON1,C1#[P+]ONC=NCC1,0,2.857074354878364e-09,0
ClC1=CC2(Cl)Cc3ccccc3C(=N2)NCCOCC1,C1=CC2Cc3ccccc3C(=N2)NCCOCC1,0,8.021887651921134e-07,0
C=C1CC=CC(NCCO)=NC(Nc2c#[b-]c(Cl)cc2)=N1,C=C1CC=CC=NC(Nc2c#[b-]ccc2)=N1,1,4.2864750867011026e-05,0
CC12Nc3ccccc3C(CCO)=NC[SH]1NC=CC=C2Cl,C1=CN[SH]2CN=Cc3ccccc3NC2C=C1,0,0.9998852014541626,1
ClCC1OCC2=CNCC=C1N2,C1=C2COCC(=CNC1)N2,0,1.2366550095066486e-07,0
O[C-]CNc1nc(NN2C=C=[O+]B(Cl)C2)nc2ccccc12,B1CN(Nc2ncc3ccccc3n2)C=C=[O+]1,1,1.0,1
ClC=C1C=CCNc2ccccc2N1,C=C1C=CCNc2ccccc2N1,1,0.995535135269165,1
C=CC=C1CN=CN(C=CC=C=[C-]CCl)NOCCN[N-]1,C=C1CN=CNNOCCN[N-]1,0,3.5007878818049676e-09,0
C=NC=CCC=C1CN=CC2(C=CC=CC#CN2N)C=C2C=CCOCC2CC=C=[SH]1,C=C1CN=CC2(C=CC=CC#CN2)C=C2C=CCOCC2CC=C=[SH]1,0,5.821357262902893e-07,0
CC1NC=NCN[P+]C=C(Cl)C(Cl)=CC#S1,C1#SCNC=NCN[P+]C=CC=C1,0,1.9497059966511188e-08,0
CC1=CC(Cl)=[O+][P-](N)=NC2CC=CC(=NC1)NCC2O,C1=CCN=C2C=CCC(CCN2)N=[PH-][O+]=C1,0,2.6262746644079016e-08,0
OCCNc1nc(NCC2=C(Cl)C(Cl)=NCC2)nc2ccccc12,C1=NCCC(CNc2ncc3ccccc3n2)=C1,1,1.0,1
CC=CC=C1CC(N=CC=C(Cl)C(Cl)=CN)N=CN1CCO,C=C1CCN=CN1,0,6.0052535388877e-08,0
N#[P-]=C=NC=C1C=CC#[P+]C1C#[S+]CON1C=CC=CC1Cl,C=C1C=CC#[P+]C1C#[S+]CON1C=CC=CC1,1,0.0030345674604177475,0
ClC=CC=CC1=C=CCCC=CC=CC#CONC=Nc2ccccc2CCCONC=CC=CN1,C1=CCCC=CC=CC#CONC=Nc2ccccc2CCCONC=CC=CNC=1,0,1.7052763723768294e-05,0
Clc1cccc([B-]=NC2=NCC=CC#CNCCON2)c1Cl,[B-](=NC1=NCC=CC#CNCCON1)c1ccccc1,1,0.8482750654220581,1
Clc1ccc(NC2=Nc3ccccc3OCCNB=N2)cc1Cl,B1=NC(Nc2ccccc2)=Nc2ccccc2OCCN1,1,1.0,1
N=C1C=CC2NCCONBCOCC=C(Cl)C(Cl)=C[N+]N=C2C1,N=C1C=CC2NCCONBCOCC=CC=C[N+]N=C2C1,1,2.5136779768786255e-08,0
C#CC=CC=CC=C1CC=CCN=C1C(=NCC=CC=CCl)NCCO,C=C1C=NCC=CC1,0,1.0970140351673763e-08,0
NOCCc1nc(-c2ccc(Cl)c(Cl)c2)nc2c1=CC=2,C1=c2cnc(-c3ccccc3)nc2=C1,1,1.0,1
OCCN1CC2=NC=CC(=CCl)C1=CC2,C=C1C=CN=C2CC=C1NC2,0,2.590490339571261e-06,0
CC1=C(Cl)C[C+]CC12C=CNCc1ccccc1N=CN2,[C+]1CC=CC2(C=CNCc3ccccc3N=CN2)C1,0,5.693342473023222e-07,0
CC1CC=C2NCCONC(Nc3ccc(Cl)c(Cl)c3)=NC1=[P-]2,C1=C2NCCONC(Nc3ccccc3)=NC(=[P-]2)CC1,0,1.0,1
CCC1C=CC=CC(N)=NN(C2=CC=C(Cl)C([P-])=CO2)C=N1,C1=CC=NN(C2=CC=CC=CO2)C=NCC=C1,1,8.5672153815608e-09,0
CC1=CC(Cl)C2=CC=COCCNC(=NCN1)C2,C1=COCCNC2=NCNC=CCC(=C1)C2,0,2.136034282784749e-08,0
[N-]=CNC1=NC2=CC=CCOC2C(Cl)=N1,C1=CCOC2C=NC=NC2=C1,0,3.7022847010348414e-08,0
C=COC(=CCl)NC1N=C(NCC)CC(=CC=CCN)[N-]1,C=C1CC=NC[N-]1,0,2.311345070893367e-07,0
OCCNc1nc(N[S-]2=CC=C(Cl)C(Cl)=C2)nc2ccccc12,C1=CC=[S-](Nc2ncc3ccccc3n2)C=C1,1,1.0,1
NCC1=C2C=CCC(=CC=C(Cl)C=COCCN2)NCNCCCCNC=C=NC1,C1=CNCCCCNCNC2=CC=CC=COCCNC(=CCN=1)C=CC2,0,3.671755122169884e-09,0
CC1C(c2ccc(Cl)c(Cl)c2)=Nc2ccc1cc2,c1ccc(C2=Nc3ccc(cc3)C2)cc1,1,1.0,1
NC=CC1=CCCCCn2ccn2NC1c1ccc(Cl)c(Cl)c1,C1=CC(c2ccccc2)Nn2ccn2CCCC1,0,0.9998441934585571,1
CC1(NCCON2N=C2Nc2ccc(Cl)c(Cl)c2)C=CC1,C1=CC(NCCON2N=C2Nc2ccccc2)C1,1,0.9999997615814209,1
COCN1C(Cl)=NC2C#CC=CCC(C)C(Cl)=CC=CC1C2,C1#CC2CC(C=CC=CCCC=C1)NC=N2,1,0.00023292812693398446,0
OCCNCC(Cl)NC=C1C=COC(Cl)=C1,C=C1C=COC=C1,1,1.0,1
CC=CCC(=C1N=CNCCONC(Nc2cccc(Cl)c2)=N1)C(Cl)C=CCOCCCC,C=C1N=CNCCONC(Nc2ccccc2)=N1,0,1.0,1
CNC1=C=CC=C2C(NCC=CCCCNC=CCl)CC(N)C12,C1=CC=C2CCCC2C=1,0,0.9999973773956299,1
OCN1NC(NC=CC=CCl)=NC2C=CC=CC21,C1=CC2N=CNNC2C=C1,0,5.3237297237274106e-08,0
CNCC=CC=CC=C1CCCCO1,C=C1CCCCO1,0,4.877517767454265e-08,0
[N+]=C=C(C=CCl)c1[s+]cccc1N,c1cc[s+]cc1,0,1.0,1
CC(CNc1nc(NCCO)c2ccccc2n1)NCC12C=CN1C(Cl)=CC2,C1=CN2C=CC2(CNCCNc2ncc3ccccc3n2)C1,1,1.0,1
[O-]C1CN(Nc2ccc(Cl)c(Cl)c2)N=C1NCCO,C1=NN(Nc2ccccc2)CC1,1,1.0,1
C1#COC2=NC(=NCC2)NC=CC=CNCCC=NC=C1,C1#COC2=NC(=NCC2)NC=CC=CNCCC=NC=C1,0,4.114039953151405e-08,0
C=C(Br)C=CC=C(N)PN=C1C=CC=CC=COCC1,N=C1C=CC=CC=COCC1,1,1.1238925345935513e-08,0
COCCC1=NC2=CC=C(Cl)C(Cl)=CC2=CC=CC1,C1=CC=C2N=CCC=CC=C2C=C1,0,5.766035648946399e-09,0
CC(Cl)=CC=C(C)CN=C1C=CC=COc2ccc3c(n2)=CN1CC=3,N=C1C=CC=COc2ccc3c(n2)=CN1CC=3,0,2.8347823644025993e-08,0
CC(Cl)=CC1=C(Cl)CC2=C=CC=CC=C(C=N2)[P-]CCON1,C1=CC=CC=C2C=NC=1CC=CNOCC[P-]2,0,0.030551211908459663,0
ClC1=C(CC2=NC=CC=C=COCC=NCCC2)C=CC1,C1=CC=CN=C(CC2=CCC=C2)CCCN=CCOC=1,1,3.192590414258234e-09,0
Clc1ccc(C2=NCC3=CC=CCOCCNC3=N2)cc1Cl,C1=CCOCCNC2=NC(c3ccccc3)=NCC2=C1,1,0.0023356915917247534,0
OCCNC1=NC(=CC=NCC=CCC=CC2=CC#CCC2)C=C=C=CN=CC1,C1=C=CC(=CC=NCC=CCC=CC2=CC#CCC2)N=CCC=NC=1,0,7.780437272231211e-08,0
COCCNC(=O)c1ccc(OC2CCN(Cc3ccc(F)c(F)c3)CC2)c(Cl)c1,c1ccc(CN2CCC(Oc3ccccc3)CC2)cc1,1,0.36023011803627014,0
CC=[P-]#CC=C1CN=C(NC2=C[C+]=CC2Cl)N=C1NCCO,C=C1C=NC(NC2=C[C+]=CC2)=NC1,0,1.3959434852495178e-07,0
OOCCC=NC=CNCCCNC1C=CC=C=CN=C1c1ccc(Cl)c(Cl)c1,C1=CC=CCC(c2ccccc2)=NC=1,1,1.0,1
OCCNC1=C2CN=C(Nc3ccc(Cl)c(Cl)c3)N=C2CC[S+]1,C1=C2CN=C(Nc3ccccc3)N=C2CC[S+]1,1,1.0,1
ClC1=CC2(C=C=[N+]C=CC=CC2)C(Cl)[P-]C1,C1=CC2(C=CC[P-]C2)CC=CC=C[N+]=1,1,3.742184730981535e-07,0
Clc1c[nH]c(=NC2C=CC=C2)cc1Cl,C1=CC(N=c2cccc[nH]2)C=C1,1,0.015946164727211,0
C=[PH]=C=CC=CNC1=NC2C=CC=C(COC)C2=N1,C1=CC2=NC=NC2C=C1,1,0.0005885667051188648,0
Cl[S+]C1CC=CCN1C1=NOCCN1,C1=CCN(C2=NOCCN2)CC1,0,6.716641678394808e-07,0
ClC1=CCNc2nc(c3ccccc3n2)NCOC1Cl,C1=CCOCNc2nc(nc3ccccc23)NC1,1,1.0,1
N[P-]=C1CN(C2=NC34C=C(CO[P+]23)NCC4)CC=C1Cl,[P-]=C1C=CCN(C2=NC34C=C(CO[P+]23)NCC4)C1,0,3.533417114454096e-09,0
ClC(N=CCCONc1cccc(Cl)c1)=Nc1ccccc1,C(CCONc1ccccc1)=NC=Nc1ccccc1,1,1.0,1
Clc1ccc(NC2=NC3=CC(C=C3)NCCON2)cc1Cl,C1=CC2C=C1N=C(Nc1ccccc1)NOCCN2,1,1.0,1
C[C@H]1c2ccoc2C[C@@H]2[C@@H]1CC[C@@]1(O)[C@@](C)(C(=O)O)CCC[C@]21C,c1cc2c(o1)C[C@H]1C3CCCCC3CC[C@@H]1C2,0,0.9999985694885254,1
OCCNc1nc(P=Nc2ccc(Cl)c(Cl)c2)nc2ccccc12,c1ccc(N=Pc2ncc3ccccc3n2)cc1,1,1.0,1
CN1C2=C=CN(C=C2Cl)C2(CC=CN2)C1NCCO,C1=CN2C=CC=1NCC21CC=CN1,0,6.794227829232113e-07,0
NCC=NC(N)NC1=C(Nc2ccc(Cl)c(Cl)c2O)[P+]=CC=C1,C1=CC=C(Nc2ccccc2)[P+]=C1,1,1.0,1
NN1C=CC=C(N=CNc2ccc(Cl)c(Cl)c2)[S-]1#CO,C1=CN[SH-]C(N=CNc2ccccc2)=C1,1,1.0,1
OCCNC1=NN(CCN=C=CNCCCC=CN=CNC(C=CCl)=CCCl)CC2CC=C=CC12,C1=CCC2CNN=CC2C=1,0,1.290554223487561e-07,0
NC1=C2C=CC(NCCO)=NC(=N1)CC=C(Cl)C2,C1=CC2=CN=C(CC=CC2)N=C1,1,1.2380374947440487e-08,0
ClC1=CC=CN(C2=C=CC=CC=CC=N2)C1Cl,C1=CC=CC=CC=NC=1N1C=CC=CC1,0,2.96051338999348e-09,0
CCCNC(=NN1CC=C(Cl)C(Cl)C1C)C1C=CC=CCOCCC=NC=CN1,C1=CCOCCC=NC=CNC(C=NN2CC=CCC2)C=C1,0,1.3307510648985499e-08,0
C#CC=CC1=CCC(O)=CCNC2=Nc3ccccc3C1O2,C1=CCNC2=Nc3ccccc3C(C=CC1)O2,0,0.9999973773956299,1
CC=CC(Cl)N=C1CCC=CC=NCCOC(C)C(Cl)=CCN1,N=C1CCC=CC=NCCOCC=CCN1,1,1.1959009782458452e-07,0
ClC#CC=CC=C[P-]1=CC(N2CN=C3C=CCC=C(N2)OCCN3)C=C1Cl,C1=CC2=NCN(C3C=C[PH-]=C3)NC(=CC1)OCCN2,0,1.0,1
CCC=CC=C1CN=CN(c2ccc(Cl)c(Cl)c2)OCCN1,C=C1CN=CN(c2ccccc2)OCCN1,0,1.0,1
[P-]OCCNC=C1NC2=CC=CNSCC=CC=C1C2Cl,C=C1NC2=CC=CNSCC=CC=C1C2,0,1.0615866408159036e-08,0
C=C1NC2=NC(=CC=CCNC)CC(=N2)CC=CCC1F,C=C1CC2=NC(=N1)NC(=C)CCC=CC2,0,7.348656350103511e-09,0
OCNC1=NC(Nc2ccc(Cl)c(Cl)c2)=NC2C=CC=C[P-]12,C1=CC2N=C(Nc3ccccc3)N=C[P-]2C=C1,1,1.0,1
CC1=CC=CC(CO)=NC[P+]=NC1,C1=CC=NC[P+]=NCC=C1,0,8.069457990700357e-09,0
ClC12C=CC=COCNC(=N1)C1C=CC=CC1N2,C1=COCNC2=NC(C=C1)NC1C=CC=CC21,0,2.1333306676751818e-08,0
COC[C-]C1=NC(Cl)(Nc2ccc(Cl)cc2)C2=CC=[B-]=CC21,[B-]1=CC=C2C(C=1)C=NC2Nc1ccccc1,1,0.999996542930603,1
C=NC(=CNC1(NCCO)C=CC=CC#CN1)CCCl,C1#CNCC=CC=C1,0,0.9999992847442627,1
OCCNC1C=Cc2cnc(N=[B-]3C=C(Cl)C(Cl)=CC3)nc21,C1=CC[B-](=Nc2ncc3c(n2)CC=C3)C=C1,0,1.0,1
C=CC1=CN(c2ccc(Cl)c(Cl)c2)N=C(NCCO)C1=C=CN,C=C1C=CN(c2ccccc2)N=C1,1,1.0,1
CC=CCN1OCCCC(N)CN=C1c1ccc(Cl)c(Cl)c1,c1ccc(C2=NCCCCCON2)cc1,1,1.0,1
OCCNc1nc([P-]c2ccc(Cl)c(Cl)c2)nc2cccc[p+]12,c1ccc([P-]c2nc[p+]3ccccc3n2)cc1,1,1.0,1
N#CN=C1C=CCNCCCCNCC1N,N=C1C=CCNCCCCNCC1,1,3.106951496079091e-08,0
CCC=C(O)C(Cl)=Cc1nnc2ccccc2n1,c1ccc2nncnc2c1,0,1.0,1
NC=CCCC(N)=C1C=CC(CCOCCCOCCl)CCNCC=CC1N,C=C1C=CCCCNCC=CC1,1,1.1124653198635315e-08,0
CC[C@@H](CC[C@@H](C)[C@H]1CC[C@H]2[C@@H]3C(=O)C=C4C[C@@H](O)CC[C@]4(C)[C@H]3CC[C@]12C)C(C)C,O=C1C=C2CCCCC2[C@H]2CCC3CCC[C@H]3[C@H]12,1,0.9997798800468445,1
ClC1C=C2C=C1Nc1nc(c3ccccc3n1)NC2,C1=C2C=C(C1)Nc1nc(c3ccccc3n1)NC2,0,1.0,1
Cc1c#cc(=[N-])[p-]c1,[N-]=c1c#ccc[p-]1,1,1.0,1
OCC1C2=[PH]=C=CC=CCN1NC2NCCCC1=C=C(Cl)COC1,C1=CC=CCN2CC(=[PH]=1)C(NCCCC1=C=CCOC1)N2,0,8.29161805881995e-09,0
CC=CCN1OCC[N+]COC(C=C(Cl)CCl)=C1C=[N-],C1=COC[N+]CCON1,0,2.4805394787108526e-06,0
[C-]=CC=CC=C1CC(NCC)=NC(ONc2ccc(Cl)c(Cl)c2)=N1,C=C1CC=NC(ONc2ccccc2)=N1,1,1.0,1
CC1CC2=C1[B-]N=[S-](Nc1ccc(Cl)c(Cl)c1)=NOCCN2,[B-]1N=[S-](Nc2ccccc2)=NOCCNC2=C1CC2,1,1.0,1
CCNC1=NC(Nc2ccc(Cl)c(Cl)c2)c2cccc1c2,C1=NC(Nc2ccccc2)c2cccc1c2,1,1.0,1
ClC=CCOCCNC1=C(C2C=C2Cl)[O+]NC2=[N+]C=C=[C-]C21,C1=[C-]C2C=C(C3C=C3)[O+]NC2=[N+]C=1,1,5.9403067353969163e-08,0
CNC1=NC(NCC2=CC=[S+](Cl)=CC2)=NC(Cl)C1,C1=NC(NCC2=CC=[SH+]=CC2)=NCC1,0,2.176170355028262e-08,0
CCCC=C1CN=CNC2=CC12,C=C1CN=CNC2=CC12,0,3.050339092425247e-09,0
BC(C=CCNC1=NC2C=CCOCCNC(=N1)C2)=CC=C,C1=CC2CC(=NC=N2)NCCOC1,0,7.917728694906145e-09,0
OCCNC1=NC(=CCN=CNc2ccc(Cl)c(Cl)c2)C=C1,C1=CC(=CCN=CNc2ccccc2)N=C1,1,1.0,1
OCCC1=NC(Cl)(Nc2ccc(Cl)cc2)c2ccccc21,C1=NC(Nc2ccccc2)c2ccccc21,0,1.0,1
C=CC=CN=CC1=CC=CCOCCCCCC=C(Cl)C2C=CC(C)C3=NCC(N)C(NCO2)N13,C1=CCOCCCCCC=CC2C=CCC3=NCCC(NCO2)N3C=C1,0,3.1925293519918796e-09,0
FC#CC1=CC=CNCC(c2ccc(Cl)c(Cl)c2)N=CCCC=C1,C1=CC=CNCC(c2ccccc2)N=CCCC=C1,1,1.0,1
OCCNC1=C2NCCC3CC(=NCNc4cc(Cl)c(Cl)c(c4)N3)C(C=C1)CO2,C1=CC2COC(=C1)NCCC1CC2=NCNc2cccc(c2)N1,1,0.9999996423721313,1
C=C1C=CC=COC(N[C+]CC)=NC(Nc2ccc(Cl)c(Cl)c2)=N1,C=C1C=CC=COC=NC(Nc2ccccc2)=N1,0,1.0,1
CCC=C=C1CN=C(NCC=C(Cl)[B+][B-]CCl)BNOCCN1,C=C1CN=CBNOCCN1,0,3.816346794138781e-09,0
[SH]#CCNOc1nc(Nc2ccc(Cl)c(Cl)c2)nc2c1=[N+]=C=CC=2,C1=CC=c2nc(Nc3ccccc3)ncc2=[N+]=1,1,1.0,1
OCCNC1=C2CC(S)N3CC=C(CC3Cl)N=[P-]C2=C1,C1=C2CCN(C1)CCC1=CC=C1[P-]=N2,0,4.07731493012875e-09,0
C=BN=C1C(=CC=C=C)CN=CN1C(C=CCCl)CCOCC,C=C1CN=CNC1=N,0,2.3529617010353832e-07,0
CCOCNC1C2=CC(=C2)N=C1N1CC=C(N)CC1Cl,C1=CCN(C2=NC3=CC(=C3)C2)CC1,0,1.9081880964222364e-08,0
N#CCCC1C(Cl)C1C=CCl,C1CC1,1,0.06433377414941788,0
CC1=CC=C2N=NCCOCC=CC=CN=C(C=CCCNC=C=NN1)C2Cl,C1=CNCCC=CC2=NC=CC=CCOCCN=NC(=CC=CNN=1)C2,1,3.0256599448108545e-09,0
[B-]=NC1=C[SH]=C=CC1=CC(=NC(C=C(N)CCl)=CC)NCCO,C=C1C=C=[SH]C=C1,1,1.3232393314410729e-07,0
COCNCCCN=CC=Nc1ccccc1N=CSN1CC=CCC1Cl,C1=CCN(SC=Nc2ccccc2)CC1,1,0.0007860767072997987,0
Clc1ccc(NC2CC3=CC=CCOCCNC3[N-]N2)cc1Cl,C1=CCOCCNC2[N-]NC(Nc3ccccc3)CC2=C1,1,1.0,1
C=C=CC=CCCCCc1nc(NC2=[S+]=C=C(Cl)C(Cl)=C2)nc2ccccc12,C1=CC=CC(Nc2ncc3ccccc3n2)=[S+]=1,1,1.0,1
CCCC=C(Cl)C(Cl)C1=CNC(N=CN)CCC=NCCC=CC#C1,C1#CC=CNCCCC=NCCC=C1,0,3.065234288612828e-09,0
CC=CC=CC1CCCCO1,C1CCOCC1,0,3.1684914574725553e-05,0
C[S-]=NC1=[C+]C2=NC3=C(C=C3C=C1)CC(Cl)=CC=CN2,[C+]1=CC=CC2=CC3=C2N=C1NC=CC=CC3,0,7.668214507816629e-09,0
NC1=C=CC(Cl)=Nc2ccccc2OCC1,C1=CC=Nc2ccccc2OCCC=1,0,0.0020633158273994923,0
CC1=NC#CCC(NCC=CCCl)=NC=CC=C1,C1#CN=CC=CC=CN=CC1,0,1.620002478830429e-07,0
ONC1=NC(NC=C2C=C=C(Cl)C=C2)=NC(=[C-]Cl)C1,[C-]=C1CC=NC(NC=C2C=C=CC=C2)=N1,0,6.2159650759952e-09,0
CC1(C(=NC(Cl)Nc2ccc(Cl)cc2)NCCO)C=CC1,C1=CC(C=NCNc2ccccc2)C1,1,1.0,1
ClC1=CNC2=c3ccccc3=NC2NC=CC=C1,C1=CC=CNC2N=c3ccccc3=C2NC=C1,0,1.0,1
[N+]C=C1CC2(CC2)NC=Nc2ccccc2C(NCCO)=N1,C=C1CC2(CC2)NC=Nc2ccccc2C=N1,1,0.9999997615814209,1
C=C1C=C(Cl)C(Cl)=CC(=Nc2ccccc2)NCNC=CC=C=CCC1,C=C1C=CC=CC(=Nc2ccccc2)NCNC=CC=C=CCC1,1,1.0,1
OCCC12[B-]C(N=CNC1CCl)N2,[B-]1C2CNC=NC1N2,1,4.8819103426467336e-08,0
CCCOC=CC=CC1=CN=C(N=CNCCO)CNC=C=N1,C1=CNCC=NC=CN=1,1,3.557328209780053e-09,0
CNC1=C=C=CCCC(N=CNCCO)NC=C(Cl)C(Cl)OC1,C1=C=CCOCC=CNCCCC=1,1,5.726054741472808e-09,0
NC1C=CC2CC1=NCC(O)=NC2CC1=C(Cl)C=[N+]CC1,C1=CC2CC(=NCC=NC2CC2=CC=[N+]CC2)C1,0,2.9618476560244744e-08,0
CC1=CC(=CNc2nc[nH]c2CO)C(Cl)[O+]1Cl,C1=CC(=CNc2c[nH]cn2)C[OH+]1,0,0.017778757959604263,0
C=C(Cl)C(Cl)=CC=CNN1NOCCNCC2=[P-]C=CC=C21,C1=C[P-]=C2CNCCONNC2=C1,0,1.2187479114800226e-06,0
C=C1[N-]CC#CN=C(N=[P+]C=CC=C(Cl)CCCl)N=C1CCO,C=C1C=NC=NC#CC[N-]1,1,1.1554909029598548e-08,0
OC[S+]NC12C=CC=CC=C1C(Nc1ccc(Cl)c(Cl)c1)N2,C1=CC=C2C(C=C1)NC2Nc1ccccc1,1,1.0,1
CCC1=CCNC(NC)N=C(O)c2cccc1c2,C1=Cc2cccc(c2)C=NCNC1,1,0.9886656999588013,1
CCNC1C=CC=C[P-]=C=CN=C1ONCC=C(Cl)CBr,C1=CN=CCC=CC=C[P-]=1,0,0.9974373579025269,1
OCCNc1nc(C2=C(Cl)CC=CCC=NC=CC=CC#CN2)nc2ccccc12,C1#CNC(c2ncc3ccccc3n2)=CCC=CCC=NC=CC=C1,1,1.0,1
B1=CCNCOC[O+]1,B1=CCNCOC[O+]1,0,4.6068533265497535e-05,0
Clc1ccc(NOCCC2=NC=NC=CC=C=C2)cc1Cl,C1=CC=CN=CN=C(CCONc2ccccc2)C=1,0,0.9999998807907104,1
OCCNC=NC(=NC1=CC=CC1)NCCCCSC1=CC(Cl)C(Cl)=CC1,C1=CCC(N=CNCCCCSC2=CCC=CC2)=C1,0,3.602373865874142e-08,0
ClC1=CC(Cl)=C2NCNC12,C1=CC2NCNC2=C1,0,0.20194414258003235,0
C=C1C=NNC1=NCSN1CC=CCC1Cl,C=C1C=NNC1=NCSN1CC=CCC1,0,1.7055304724067355e-08,0
OCCN1C=NSNc2cc(Cl)c(Cl)cc2Nc2ccccc2P1,C1=NSNc2ccccc2Nc2ccccc2PN1,1,1.0,1
Clc1ccc(N[P+]C(Cl)N=CC2C=CC=CCOCC2)cc1,C1=CCOCCC(C=NC[P+]Nc2ccccc2)C=C1,0,1.2263648159205331e-06,0
ClCCC(Cl)=CC=CNC1N=NCCO1,C1COCN=N1,0,9.435601100449276e-07,0
CC=CC1CC[P+]=NCCOC(NCC=C(Cl)CCCl)=N1,C1=NCCC[P+]=NCCO1,0,4.4521639708250405e-09,0
C=C(Cl)C1=C=CC(=C)N(C=NCC(C)C)N=C(NCCO)C1,C=C1C=C=CCC=NN1,1,5.4271161786800803e-08,0
ClCC=CCC1N=CCONc2ccccc21,C1=NCc2ccccc2NOC1,1,1.5322453691624105e-05,0
Cc1cc(Nc2ccc3ccccc3c2)n2ncnc2n1,c1ccc2cc(Nc3ccnc4ncnn34)ccc2c1,1,0.9999998807907104,1
CCC1C=CC2CN(CN(C3=C(Cl)C(Cl)=C3)N2)NCCO1,C1=CC(N2CN3CC(C=CCOCCN3)N2)=C1,0,4.8449058098753994e-09,0
NC(=Nc1ccccc1CNCCO)[P+]Nc1ccc(Cl)c(Cl)c1,C(=Nc1ccccc1)[P+]Nc1ccccc1,1,1.0,1
C=CCc1c(NC2=NCCNCCON2)ccc(Cl)c1Cl,c1ccc(NC2=NCCNCCON2)cc1,0,1.0,1
CCOC=CC=CCOCCC1=NCN(N)CCNC1,C1=NCNCCNC1,0,3.0905071835007902e-09,0
Cc1cccccnc(CC=CC#CCl)[nH]cccc1Cl,c1ccccc[nH]cncccc1,1,1.0,1
CC=C1C(NCCO)=NC2=NC1COC(Cl)=CC=C=CCCNCCC(C)=CCN2,C=C1C=NC2=NC1COC=CC=C=CCCNCCC=CCN2,0,0.9986233711242676,1
CCNC1=NCN(Oc2ccc(Cl)c(Cl)c2)NC([O-])C1,C1=NCN(Oc2ccccc2)NCC1,0,1.0,1
ClC1=CCOCNC2=NC(N=C3C=CCN=C3)CCC(C=CN=CNC2)C=C1Cl,C1=CCOCNC2=NC(N=C3C=CCN=C3)CCC(C=C1)C=CN=CNC2,1,2.5233168344129808e-05,0
CN1CC=C(Cl)C(Cl)C2=NC3C(=CC(O)=N2)C31,C1=CCC2=NC3C(=CC=N2)C3NC1,0,7.317634054260225e-09,0
OCCNC1=NC(Nc2cccc(Cl)c2)=C=Nc2ccccc21,C1=Nc2ccccc2C=NC=1Nc1ccccc1,1,1.0,1
ClC1=NNCC=CCC2C=C[P+]CN12,C1=CCC2C=C[P+]CN2C=NNC1,0,0.020086973905563354,0
OC1=N[P+](Nc2ccc(Cl)c(Cl)c2)=C=CC=CC=C1,C1=CC=CC=CC=N[P+]=1Nc1ccccc1,1,1.0,1
NCCC1CNC=NC(=Nc2ccccc2)C=C=N1,C1=CC(=Nc2ccccc2)N=CNCCN=1,1,5.72226895201311e-07,0
C[P-]1CC=C(Cl)C(Cl)=C1CNC=Nc1ccccc1CNCO,C1=CC[PH-]C(CNC=Nc2ccccc2)=C1,1,1.2379545069052256e-06,0
[B+]=CC=C1CN=C(NC(=C=C(Cl)CCl)OC)[C-]N=C1NCC,C=C1C=N[C-]C=NC1,0,1.3770700206805486e-06,0
C=NC1=CN(C2=NC=CC=C3C=C3OCN2)CC=C1Cl,C1=CCN(C2=NC=CC=C3C=C3OCN2)C=C1,0,5.04417039337568e-06,0
CNC1OCc2ccccc2C1Cl,c1ccc2c(c1)CCOC2,0,7.582639938163993e-08,0
N=C1N=C(NCCONc2ccc(Cl)c(Cl)c2)c2ccccc21,N=C1N=C(NCCONc2ccccc2)c2ccccc21,1,1.0,1
ClC1=NC(NCC2=C(Cl)[O+]C=C=[C+]2)=NC2=CC=CC#P21,C1=[C+]C(CNC2=NC3=CC=CC#P3C=N2)=C[O+]C=1,0,0.004095409065485001,0
C=C(Cl)C(Cl)=CCN1CN=C2CCC=CC(N1)OCCN2,C1=CC2NNCN=C(CC1)NCCO2,0,7.127780587978805e-09,0
OCCNc1nc(NC=C2C=C(Cl)C(Cl)=[N+][N+]2)nc2ccccc12,C1=CC(=CNc2ncc3ccccc3n2)[N+][N+]=C1,1,1.0,1
CC1=Cc2ccccc2C(=CC=CC#CCl)NC=CC=C1Cl,C=C1NC=CC=CC=Cc2ccccc21,1,1.0,1
C=C(Cl)[C-](Cl)CCc1nccccc#c[nH]1,c1ccccnc[nH]c#1,0,1.1956178269656448e-08,0
C=C(Cl)C(Cl)=CC1=C2N=C(NCCO)C=C=CC3=C(CC=CC#C3)N=C12,C1=CC=NC2=CC2=NC2=C(C#CC=CC2)C=1,1,3.1393789790001847e-09,0
OCC1=C=CC=C2CC(=NC(N3C=C=CC(Cl)=C3)=N2)N1,C1=CC=C2CC(=NC(N3C=C=CC=C3)=N2)NC=1,0,1.0115886794892504e-08,0
NC1=CC=CC=C2N=CN(CCO)C1C=C(Cl)C(Cl)=CCN2,C1=CC=C2N=CNC(C=C1)C=CC=CCN2,1,0.9918278455734253,1
ClC1C=CCCNCOc2ccccc2NC=NC1,C1=CCCNCOc2ccccc2NC=NCC1,0,9.243752720067278e-05,0
Clc1ccc(N[N+]2=C[C+]=NC(Cl)CCNCCO2)cc1,[C+]1=NCCCNCCO[N+](Nc2ccccc2)=C1,1,2.939168837201578e-07,0
CC1=CC=CCC(C2NC=CC=C(N)C2(C)Cl)N1,C1=CCC(C2CC=CC=CN2)NC=C1,0,3.3338508842462033e-08,0
CC(=CC=C(Cl)CCl)[O+]1NC2=NCCCCON1CC=CC2,C1=CCN2OCCCCN=C(C1)N[OH+]2,0,4.802187163477356e-07,0
OC=S1NC=NC(N2C=C(Cl)C(Cl)=CC2)c2ccccc21,C=S1NC=NC(N2C=CC=CC2)c2ccccc21,1,5.640937494888476e-09,0
C#CC=CC=CC=CN=C1CNCCC2=NC1NC=NC(=CNC)C(CNCC)=CCC=C2,C=C1C=CCC=CC2=NC(NC=N1)C(=N)CNCC2,1,5.279657489154488e-05,0
ClCC=CC1(Cl)NC=NCCCOCC2=CC1CC2,C1=NCCCOCC2=CC(CC2)CN1,0,2.607555416034302e-07,0
CC1=CC(NCCO)=NBN[O+]C[P+]=C(Cl)C(Cl)=CC1,B1N=CC=CCC=CC=[P+]C[O+]N1,0,8.545656626779419e-09,0
OCCNC1=NC2=CC=CC21,C1=CC2C=NC2=C1,0,6.141227082423484e-09,0
OCCNC1=[S-]=NCN(c2ccc(Cl)c(Cl)c2)C=C=CCC1,C1=CCCC=[S-]=NCN(c2ccccc2)C=1,1,1.0,1
OCCc1ccc2c(c1)N=C(Nc1ccc(Cl)c(Cl)c1)N=C=[C+]NCO2,C1=[C+]NCOc2ccccc2N=C(Nc2ccccc2)N=1,0,1.0,1
OCCNC1=[PH]=NC(NCC=C(Cl)CCl)=CC=CC=C1,C1=CC=CN=[PH]=CC=C1,0,0.9977537989616394,1
CCONCC1=NC(Nc2ccc(Cl)cc2)=NBC1Cl,B1CC=NC(Nc2ccccc2)=N1,1,0.9999998807907104,1
ClC=CC=C1C=C(Cl)C2=NC=CC=C(CC=N2)NCC=N1,C=C1C=CC2=NC=CC=C(CC=N2)NCC=N1,1,3.076785271005633e-09,0
OCCNc1nc(NC2=CC#[SH](Cl)C(Cl)=C2)nc2ccccc12,C1#SC=CC(Nc2ncc3ccccc3n2)=C1,1,1.0,1
CC=CCOCC1CN=CN(C2=CC=C2)C1=N,N=C1CCN=CN1C1=CC=C1,0,2.6978997880178213e-07,0
ClC1=CC=CC=C(Cl)NOCCCCC=CCCN=CN1,C1=CC=CNOCCCCC=CCCN=CNC=C1,1,5.699703615391627e-05,0
OCCNC1=NCC(C=CCl)=CN=CCOOc2ccccc2N=C=CCN=CCCCCCOCNCC1,C1=CCN=CCCCCCOCNCCC=NCC=CN=CCOOc2ccccc2N=1,1,1.2067856005160138e-05,0
ClC1=C(Cl)C(N2CN=C3CC=CC=C(COCN3)N2)[SH]=C1,C1=CCC2=NCN(C3C=CC=[SH]3)NC(=C1)COCN2,0,5.1546244606015534e-08,0
CC=C[S+]=C=C1C#CNc2c(ccc(Cl)c2Cl)C=NC1,C=C1C#CNc2ccccc2C=NC1,0,0.0076115187257528305,0
CCN=CC1=NC=CC=CC=CCOCNCN=C(NCCO)OCCC1,C1=CC=CN=CCCCOC=NCNCOCC=C1,0,1.52573971234915e-08,0
NC1C=CNC#CC=CC=CC1=CC=C1C(NCCO)=C1c1ccc(Cl)c(Cl)c1,C1#CNC=CCC(=CC=C2C=C2c2ccccc2)C=CC=C1,1,1.0,1
C=C(Cl)C(Cl)=CC[C+]=NC1=NC2C(C)=CC=CC2(NC#[B-]C)ON1,C1=CC2N=CNOC2C=C1,0,0.0002821760717779398,0
OCCNc1nc(NC2=C(Cl)C[N-]CC2Cl)nc2ccccc12,C1=C(Nc2ncc3ccccc3n2)CC[N-]C1,1,1.0,1
C=C=C(Cl)CC1=NC=CC=CCC1CONCC,C1=CCCC=NC=C1,0,3.0594344835321863e-09,0
C=C1CCN(CCO)N1N1CC=C(C)CC1Cl,C=C1CCNN1N1CC=CCC1,0,3.97303079324729e-09,0
OCCC1=CC=C(C=CCl)C2CC=CC=NNC=CCC(=NCN1)C2,C1=CCC2C=CC=CNCN=C(CC=CNN=C1)C2,1,2.3869090000516735e-05,0
OCCNC(=NC(Cl)c1cccc(Cl)c1)C12C=CC1=C2,C1=CC2(C=NCc3ccccc3)C=C12,1,1.0,1
N=C1CC2=C=CC(N)OCC(N1)C1(Nc3ccc(Cl)c(Cl)c3)CCC1C2,N=C1CC2=C=CCOCC(N1)C1(Nc3ccccc3)CCC1C2,1,1.0,1
OCCNC1=NC([S-]c2ccc(Cl)c(Cl)c2)=NC(=CC=CCP)C1,C=C1CC=NC([S-]c2ccccc2)=N1,1,1.0,1
Clc1ccc(NC2=NC=C3C=CC=C3CNC=N2)cc1Cl,C1=CC2=CN=C(Nc3ccccc3)N=CNCC2=C1,1,1.0,1
CC1(C)CCC[C@@]2(C)[C@@H]1CC[C@]1(CO1)[C@@H]2C/C=C(\C=O)CC=O,C1CC[C@H]2CC[C@]3(CO3)CC2C1,0,4.397878505812969e-09,0
CC1=CCOCCC#CNN=CC#CCC#CC(C=CCCCO)N=C(c2ccc(Cl)c(Cl)c2C)N1,C1#CCC#CCN=C(c2ccccc2)NC=CCOCCC#CNN=C1,1,0.9999998807907104,1
C=COCN1CC2=CCC(C)C(=CCl)C=C(CCCOCl)N(C1)N2,C=C1C=CN2CNCC(=CCC1)N2,0,7.412811100948602e-05,0
CC=C[N-]C=C1CN=C(ONc2ccc(Cl)c(Cl)c2)N=C1NCC,C=C1C=NC(ONc2ccccc2)=NC1,1,1.0,1
CC1=CC=C(Cl)C(Cl)C2=NCC(=CC1)N2,C1=CCC=C2CN=C(CC=C1)N2,0,0.0004928974085487425,0
NC(C=CCl)=CC=CNSCC1=CC2C=CC1=CC=CC#CCN(O)C2,C1#CCNCC2C=CC(=CC=C1)C=C2,1,0.0005130661302246153,0
Clc1ccc(NC2=NC3CC(=N2)NCCO3)cc1Cl,c1ccc(NC2=NC3CC(=N2)NCCO3)cc1,1,1.0,1
CC1=CC=CC(N)C=CN=CCCO1,C1=CCC=CN=CCCOC=C1,0,5.447444436867954e-06,0
C=CCOCCNC1=NC(=CCl)CC2=NCCC=C21,C=C1CC2=NCCC=C2C=N1,0,9.948365686796024e-09,0
