centroid_id,smiles,smiles_sha256,vina_affinity_kcal_mol,inside_fraction_with_padding,triad_min_distance_A,centroid_in_box,vina_out_sha256,vina_log_sha256
0,CC1=CC=CC(C(=O)C=CC2=CC=CC(O)=C2)=C1,f2168926a4ae341110df4c417f558a2414fba41042865dd3e95ce281e071c067,-6.347,1.0,8.66121937142802,True,2f2a53e209804d11c7b790da78d35f43c1b2c2b35117563dafabbd23f32176d5,09d81416c8d7a94ddfc40e8b8e93d0a1dc9f9c07509a84e1c7dea7c616bfe2c7
1,CC[N@H+](C)Cc1cc(OC)c(O)c(OC)c1,7c109afa3b39dc8df68e131cb647b57723412e16441fad6a8de0f58bc8003c76,-5.162,1.0,7.360868834587396,True,f6211d98efda7fdb6eabe233de23882209ea11e42ca0fd5466aa1e22b777cf34,fc0cc90163bbd5510290a97fbd4f8f6233032fa0f9d0778be7e22d8a1d04053c
2,N=C=COCCNCCOCC=CC=CNC1C=C(Cl)C(Cl)=C1,0a8230efc98741a02e7f0fdbd4519590d99a32617b278b10c756aba0de9901ac,-4.996,1.0,6.281013771677307,True,7db51cfcc25000ffe8e906a96b5476fe6de993e929c9f6a08fe48e5e565d93c2,a182b33596f470e71672ac6508ffb1a8ee89bd3f005433329fe072fdd8b37668
3,COc1ccc2c(CSCCCC(C)C)cc(=O)oc2c1,44b1b2a0a86b6dd5c8f319fe2f0e03b3f0ced982644568feadd9a48817f85e81,-5.58,1.0,8.619641407854505,True,c9f93c871b88a99c4df60523def2f1078314dd22ce34aa5e1aacc818b467cbce,db1e99e2b3cd91eae88c5839f8d126191bc6d2169081e0031b0f37e2fab41106
4,CCC=CN=C(C=CC=C=C1N=NC(C=CCl)CCCCC=NC1Cl)NCCO,8504124f6454d0e328d21eae27ea37ba6588f97b6beba7096d78a6844f23c93f,-4.049,1.0,3.7462762845257425,True,23cb6028d8dea6b2b00b823baa0d28b2a1af40f947583338004f4a001719bd55,80923ad0fb72c19f5d274fe14bdb66c886e91bf8889c40539c8922d351365ac3
5,OCCNC1=NC(Nc2ccc(Cl)c(Cl)c2)=C=C2C=C=C21,a5e7e694afe9b3519dc8c135256a8002ce0950168cfd177b4dec2711af374363,-6.842,1.0,8.324302613432552,True,0a9989c2968f435922b927639f63c87e011f50706437dbc3d7cad922c0df4ddc,d806687a52bc0931e220d9ad5478efb769c1db5d5f21a53278ae4bf47b76a37a
6,COc1ccc(-c2nonc2NC(=O)c2ccccc2OC)cc1C,695cb5127779d106813fc882b44d0bb2bb356cdd48e24c72cb3d982cffde1e8d,-6.914,1.0,8.696230160247602,True,c38694df8780c070380e998f3d9e05a26ef80a99d5ad4469fdf6b1ed83176093,9c22b7945bbeccdee3e37bb8ec3f113a463a0c6176e8d49c10899b2a678469ff
7,COCC[N@H+](C)C[C@@H](O)Cn1c2ccccc2c2ccccc21,e88feaabe28915b6529ba9c35f180851bf2cf3d93893eebd9fe807cb6c8123f3,-6.353,1.0,9.010436448918554,True,434bd86f485bb9fe170e2afa249ef74fd0f7f4786c926be927df3270e496aac9,50f7e68263d7f6ed962d10cbd70b73787e6b55202e28678ac3d6af4e0ae0da4d
8,NC([C-]CBr)N=CNC[P-]=O,730271261cf64b3b51e2a2864c08d452a4972b41f003aad9ac5f5e8345dfa836,-3.87,1.0,3.0216958814546517,True,24f618c374595d13ebeaa1f46f058f5236b70792a43f3b3777189d60fde1ae4b,56b3050bbe834907664db459287127bd2f35fb41f7120b599d36ff6e1fda4588
9,ClC1=CC(=CNC(Cl)=Nc2ccccc2)C=C=[N+]1,60d2bed9b3f0eb211c98bb5e875c8c244b34544c4bb2d5d516a0d8796862fafa,-6.653,1.0,8.458899278274924,True,352472e6246e1b64d461ab4bb1a7ae26bc3f3bffb6b433c5acf7beb461ffb6cc,1c04fcc637be0ef25f52226785bcdabefba25268fa13ee27c924ee3eb6dbbf0b
10,CC=C=C=CNC=CN=CCCNCCONC(C=CC=CC#Cc1ccc(Cl)c(Cl)c1)=NCC,2f4a35e33b3ebf39378b8b6db198019cac992a21e963371936f547062e44f8ed,-5.289,1.0,3.2206201266215824,True,cc49bd06ac6e7ab7b857bb868891b4eb0477f2e942c8e7f5e8ab2574705abe98,35db2fe427805dd2fc62414a2906c9554c21e757320ed821ecf5f9ad8a01425c
11,OCC1=C(Cl)CC2CC(=NCNc3cccc2c3)N1,4247916ef25ace9de227a427c17839cf4574ab845ce44ec28bbb1846df502e51,-4.328,1.0,8.355961285214288,True,d444bfe5bcdee4d32a732ff06f8bd4372623206a704a1bfe6121fad3fd71eb1c,6ab99446a56a0e97da59440d2e0cd1862ef77da2f0bf4e221c573749d4598fa4
12,NCC=CCC=NCC#CN=CC=CCC#CC=C(CCl)COCl,eba7916247720d488eea19a44d74f1f08c292f19b0203ace85231c3e4c276644,-5.005,1.0,4.122786557657333,True,23cba6a3db382ed8b1897a2a79cf1596c3ba28e832538741e602e645561921e1,a9d5273ed36144587b10adaca258994facfd7b4bf0e80707ea23483d1dd7c069
13,CCBN1Oc2nc(nc3ccccc23)NCC(Cl)=C1Cl,51c1c13215b153d376de7d63c12264e169b7b1685f151232a65bb8a2b2fbe867,-4.871,1.0,3.7124611782482,True,b7dcc8b9af9d5b4273a2d13f9eec92fd6f68b66efe41cc5d92f5bbb9ab47b805,da2b56d0dc1644ec8aa9f9724b33c1194071a15a17142cbe19785fe248eb6a3a
14,CCC(O)(CC)CNC(C1=CC=C(F)C=C1)C1=CC=C(OC)C=C1,57bdd9e8695b592d04e21be9f56c97f72c46d101953047cc3fea81c869506ffa,-6.064,1.0,7.166382699800507,True,7537f2d4af64275f4fda76ee326464ff7387d26995af9e53301b535ef4577e36,855232707e4cae057b71d88fe78a81f399b3db60d838367faa451d1a7e6b8846
15,CCc1nc(N)nc(N)c1-c1ccc(Cl)c(/N=C\N(C)C)c1,692e8cbc069c04ed486a20f02abd175b0390b4d8c711a1ce8fca57faa52885e1,-5.804,1.0,6.695128527519095,True,fea660adcd693d0a82f7b7775fed9a597342e10e0754cfb2254e206372d1018a,4c8414af2a577c88996e1baafadb9155e2ddef7e3b504b0a1019e5cdb9f68cf1
16,OC1(CC2=CC=C(F)C=C2)CCN(CC2=CC=CC=C2CF)CC1,b1b399b2cb7af007629a1ebe00ccfa52fad6a650acbd53c8ee2c1c42a660efe7,-6.017,1.0,8.745323550332484,True,4f38c4e5512a7286a6126db2bda5101ee9576220a2a4ba57e6aa483885efda2a,de0c3055470c50faeea8a23b7105dabceda4f72f968730a0c98ec7a9ffaa51d2
17,CCOC1(C=C(Cl)CCl)N=NC=CC=CCC(N=O)=N1,663528b79182ebdb9f16c464b2933c6a1226a232697c3641e09f3e01631823e5,-3.803,1.0,4.638310144869574,True,b1d44420927c46d220a7c3a31034fb2001db824b2d116aa93f1033f331b31d8d,29cc663747157f3d0007854a481ef8d425f8b005467e15b06c46640e8f1980f5
18,NO[P-]NC1C2=C(CC(Cl)=CCN2)Nc2ccccc21,b00cf302c3f1750bf9bd1eb35a3f1b292c95598fc9a286bb65731fc6151f74ca,-5.117,1.0,9.03534055805314,True,a3924dbf1c155d1bf2ccbe677fe11afaa2045c85d41da15e8b9e5885dd4e18fe,276bc761aa8d7f90da9d9d8c472cf67ffdfc7281b7ae83e78b3f952949676d5c
19,NC1=Nc2ccccc2C1NCCONc1ccc(Cl)c(Cl)c1,823118b136c64f7ad77e6354053ebb0ad07008f8d3303701427944058b0731d5,-5.343,1.0,5.243659599935906,True,74159211fb0401c2d8f22d294a38a7c128f1e9b33010a4f63d7089b07b93e5c8,7c97f7088585bd0a9bcda8d0ff14c0a34326cf81563214cfc15d88b90a90ca02
20,NC(=NC1=[S+]OCC=CC=C1)c1ccc(Cl)c(Cl)c1,aef3c31d711d880de870fd6848649e3f83b53f425b55ecad17f81cff8514584f,-4.657,1.0,9.664251134981956,True,d3ae6e47dad284045bb0a6308b53eb37d7f8f75295b0f7a63503dc149c21c87b,872b820f32ee566cad38b3a40eca381ec8f05e544abd6011e14f685413543e85
21,COc1ccc2sc(N(Cc3cccnc3)C(=O)c3ccccc3[N+](=O)[O-])nc2c1,c0001f155c1e0e6ec5bd089ba8d8ca6ae524d3c01e0c1824258c3e3e428204a7,-6.768,1.0,8.20074417354913,True,ef2b34e1b0ce45351573c1d411d651b9b2ac4eb2290b9807ee28abcc461cf259,5939b56f0013011db4205a7dd46215622c74a8ff28839a051c1d97e627896cc2
22,C=C(Cl)COc1ccc2c(CC)cc(=O)oc2c1,5c866ad7574942aa71d9ff10e3e40fa41f2f385d3315a27e5e0342826ad10fa4,-5.756,1.0,7.62418520236753,True,c4863f4afb65b19689ee985f0bf657c7c582a6efb3063950a7c37f82dc4cd56d,c383adbf4380a5dde585ea3bedfeed52fe4bfb75d8eee55305bab7086146ab12
23,CC[C@H](C)OC(=O)c1c(N)n(CCc2ccccc2)c2nc3ccccc3nc12,ad4169c214fa8e855efdf9cf1864c89b380a961c892508eb97fb8d0744e9f0e6,-7.069,1.0,8.829347031349487,True,b38cdba581aa8dda70d184ee3a444fb3b7fbf701af9d7565b994c3eada1692ec,57b37866760b1d9683e687cc12a509df9ea36c67478ae0c1838b3bcac8f73d44
24,C#CCN(CC#C)Cc1cc2c(c(OC)c1)OCO2,446805a8de6077833b614a5e00bcfb3b4c36c7bf65ed15ea9a7f56f66d68f3b5,-5.352,1.0,8.46136543354558,True,55568a595c7adbb5230b318a46c497cf4f048ea46f8d21b92420391fab5503c0,06281654d0e37e2ef0d64fe99c77d62f721aa81b9a32b63d787d5ab00f55531f
25,CSCc1cc2c(c(Br)c1)OCO2,b83a7118159936be3d1af28a86d95cff65f38a3345c182defc819f3bf5424389,-4.432,1.0,3.4251804332034848,True,72f44153377b457c6f6fc4bfe5beb2f6b711e8db49b0aba65510b618eb2224b4,9b78e74fc8a3e1471984b116cb4703c6b4cb273c9a4727644f7a2a51cdcd6166
26,NNC1=NCC=CCNC(=CC=CCl)C=C1C=NCl,8dfcf70e101740d5430d5d53bed89e14bdca806708412648f3151466d424e4b2,-4.071,1.0,8.670243191514295,True,9da0ba19fd1d4456284e2f5c96b872e96daac7c396a4679d7fdf6a7b4292bb96,60ac2d7b10cfcee8fbbae6f79f687254bf16e542adcdcaa6163d0f747c251c23
27,CCOC1=CC=C(CNC(C)C(O)C2=C(F)C=CC=C2Cl)C=C1OC,95674cfcb43d973539b4bf857f8ce29a19c72a46f67df486185a7087826926aa,-5.964,1.0,8.733285979515387,True,e112385b0bfe397d93065cf36dcd25f4dff4526bb359832cbcdb64430162e308,77c4648247265abb9c6a80dd00764b3a083da7a76786526e765edf07cc0802bd
28,NCCCCCCCC(Cl)=CCCCl,a1701ae4a2eb72edc0506a9c3c1703d1a6ebb5ae97d2bbfed61e7a70e8cb1fe9,-4.665,1.0,7.070571829774449,True,31ac59e32bb30e5163dc84df016bd32a453e5c19a67664c9a5fff8e904f691da,bb025e4bbf8de681c16c6e281779f887f0b192996c1ec26872c649903ab0a8a9
29,CCCCN(C)S(=O)(=O)c1cccc(NC(=O)c2ccco2)c1,fbaee4137ee8674de918bb7272b3d7880868a6e62c236c08bef216c83116eb82,-6.064,1.0,8.076857123906551,True,80875a084705b7da76ea7477b95a28926b061b52c47e702d9c9b321ece3099b7,a43250ee949e224e3bbd5d6d9b1de9f12a8888fac2724211474df64894c69c2c
31,CCc1ccc(-c2c3c4n(cc(-c5ccc(OC)cc5)n4CCCC3)c2C(=O)Nc2ccccc2)cc1,3550ff6e90cdfcc3e435316b3444b134974247edcdfb08ea3f62e1c80b8eb08d,-5.17,1.0,8.778933989955727,True,f3f49910d3b7c7815200e6365777c94946b84ffc8264547f3ff8f204d24ed55d,54cda288ec4d38aadf4c553712f8b1b1e746940d7daf795122e702e8b8116897
32,O=C(CSc1nccn2nc(-c3ccccc3)cc12)Nc1cc(F)ccc1F,4aa27917ea9b22e5012daf5138d6198766166b10662b76c8983c320510790d97,-6.554,1.0,7.987673879171583,True,07b2392c8f0cbf82eb5b64be4895557f3ddb7c292262272c67a8281195c4eee7,dbaf0547ee4e810a8c9be9cca6dc9429eacb6c2cdf50af9e48b863d63c6b90c5
33,C=C(Br)CNCc1cc2c(c(OC)c1)OCO2,9280565607b5d3b2a9fe6fd0b37c535c9b9ce58cc5a2cbd5cc309df3e46aef32,-5.401,1.0,7.819931521439302,True,98565303abd29396e0ba2b177d42aae8cb9c879d41cfe1ca1e5d40554ea5e400,735f1394174cbcc09de9141b92f46c1c6e8642258a80ff5ee98ba52c46053002
34,O=C(Nc1cccc(C(F)(F)F)c1)c1c(F)cccc1F,395a28320bc2d74e709c9946140306bcdce819bfc4a026fc06ce51dd278ab54e,-7.044,1.0,7.611318611121203,True,dfc28d63cb123188731bcffeec36cd97bad0b27a8c77f207803459dce3bebd44,56cfca7ae1890c4b29532954c7d6d3db6a692d395dddf00111bc1e259adfdff7
35,CCCCC#N,cebfc6ddc7951a4d340395cc45db410faf4f8de691a2777db6a1521c4c1a6abb,-3.417,1.0,5.4325067878466555,True,ae9a299802022f29c9b852d982508d76722b472311921e2e8e8783f11b0daeca,73c720839d0b93e959505a2fcd5627cc5cda859e653fe0c711e7b9190e704fca
36,CC[C@@H](CC[C@@H](C)[C@H]1CC[C@H]2[C@@H]3CC=C4C[C@@H](OC(C)=O)CC[C@]4(C)[C@H]3CC[C@]12C)C(C)C,f4bd0edccf2f0c30940309c9edbcfcf11ac843549e3c31be77af9bac06c55e1e,-6.519,1.0,8.095797737097932,True,7b9ed463f1021191b6ed47f49a5b83a5365aca6f9f76d134befef829543cc2de,b08ce2de1ce30207c4df421fc231d2ab5b5aea4697c6d1d97cef4dd9a685af0a
37,[C-]CCNc1nc(NC2=CC(=CCl)C(Cl)=CO2)nc2ccccc12,837b0bff08f0d6b080f914baefa5e0b4dd81141833040b298c1d2cf5110b3515,-7.004,1.0,8.471555760307549,True,d0066acd73fd9c59559820f82d32e8a792f90076c6e1be93eec678b6f741f5ea,99528ecaae0780089b6a157795db09be8d9ff22aae10b5a8cb9c63bf83e5fd2b
38,C=C(Cl)C1=CC(N)C=NC2C=NOC(=N2)NCCOCC#CN=C1,0281cf4cf435579eb36047ffaab98e7c297225bc7c6d207c9972919f59b5bd98,-4.086,1.0,3.537057958247222,True,81c02fee4fc46183648ffaf92e9fdd6896303aea60156e12535ab9c4963c021c,8c5cb4610786890b7963ca7f0e771fa518f15a81e77cc39c7171692fe233af78
39,CCCC[N@H+](C)Cc1c(C)[nH]c2ccc(OCC)cc2c1=O,39fa38df1f165661ecb35ec59fef47251af467796a69cbafbbae9d5e652c8c7d,-5.785,1.0,9.111255676359873,True,fd5decc574ebd769ea2bad1ca0949a46721adfac94f4a51086ace2ac555c261e,3f3f199e4933a0e491b3156cfe8419bbbc53520a51b8e97ac3fde8c19f65c515
40,OC=[B-]c1nc(N2CC=CCC2Cl)nc2ccccc12,0dfbf8832df0c17afe0bb1b46c34f88343dc2c030827fab525a887cdfcbb8dca,-6.677,1.0,9.058179121655742,True,767931909d8960207aa6e24d1f03ec115e6afcb7b5a94a5cd30866c35e32dcb3,ccea1b8eee3756dd411d80c980477190b02dd127c59dd2106f298f74c95303ac
41,Cc1cccc2c1C(NC=CC=C(N)CCl)N=CNC2O,ce3de8478e13ec061a74f621c8f3f06f7a641b64aabe50207c2042038774c6a7,-6.037,1.0,3.3272936449913773,True,45184ed3f6fe6b77e6491b066574a5c1e239c4466a9da7e4c92d4130c2300a9c,ee50f8f3902ce18c9517ed5e276282cf50b283844473ec3ec61811590f0348a7
42,CCOC1=CC=CC(NC(=O)CN2C(=O)NC3=CC=CC=C3C2=O)=C1,35f4a1f98b7f792f6d07257db5136d553890946058bd0ff9e28373b121234aa1,-6.167,1.0,8.859364875655592,True,91ca083e02164d9c3a3e71bc9adb77cf3b27173a0886299a897d29826bbbd2c3,e872bd8754910dffda000a187587ddb09df7bd48c89b1c63c3dfb027f3740c0a
44,C1=CCC=CCCNCC2=NNC2C=C1,c041006d3d350575479f6fbe64753cad47fd35f0fb264df42911ad28fd8e979d,-4.307,1.0,2.257106776384316,True,28d7b71caf97371d93a73222e7b09df3b83449baaa932d6b3c197ce7e1583a4d,081a31a00cca6f4558d5242b359a6219f5535c9c608d0b58a75c07a3a3a9f3fe
45,COC(=O)c1cc2c(cc1O)OCO2,57be74d812a0503b749ba80e492a85dab01c21f484ac4d089767e0add9a859f1,-5.216,1.0,3.4795054246257493,True,7a0747dbe12a4c2002be7c93ddab39581087e5f1f0694b8c0514bc8273d2a33d,01333576111f220df8e2b3fcaafd2e262b4640b96e95bbd87d5a77a324e81396
46,CCOC(=O)c1cnc2ccccc2c1NCc1ccc([N+](=O)[O-])cc1,3741a06548c4fe1143c305f23423441f7fbf0d2f68146a2878a87b037d1c0a6b,-7.065,1.0,8.188179834371006,True,8d466ff61a3824e7fcdbbba60372c41f0752ed0574da7f99731b022c3a64b9e0,04b6352ee4507cfd87aeacdc2b9e0767c3f8c8d1c93548d6b12f890561dc7817
47,ClC1=CC(Cl)BC=Cc2nc(c3ccccc3n2)NCCO1,4eeb77069c9f793720c3da70626d0e7e8890ea7a8e7b9d40a258960a6a3eea81,-4.908,1.0,5.10620651756272,True,c5751d93a7460304ca331e311219e0fa1029a4dfa7731b2b0079dd7f4a670ec7,049cc7b3725cf1e56dd4d0b673cb8746f069d36d602e41abc0557626420e8e58
48,OCCNc1nc(NCC=C(Cl)C2=C=C(CCCCCOCCl)CC#CC=C2)nc2ccccc12,adff551308bc0634856f1f771eaa092e1b0040709698c7c1d221b51a05d66db3,-5.449,1.0,4.1710695271117215,True,4a627a6cd71ccbf6d7c6fe722a8c57b1c0401ede0339f5f59ad8f8c6eb406627,ade0996617a2871e1b73ca91197a699803a51dc0960f4afe81b6788f28e4d035
49,CC#CC=NC=CC(C)C(Cl)=CCC1=Nc2cccc(C)c2C1NCCO,689e775b77a9192742e56eb4b5a57c12805fb0d1ef914c549eb76e7291113949,-5.872,1.0,8.912820485121419,True,9451663ab9227ded05a7bbe2651fc7ee78184d32d25c55edb7a87b2d48e134fe,621762434df82f9c3328aaca2ed439066c9ea715d765821f604f95a963ffe804
50,CCCOC(=O)c1cc(O)c2ccccc2c1O,c1cf90699c8af0104479a6fe056c2015abfd91e66ca49c70406d222e0b363956,-6.143,1.0,8.297910881661721,True,6dd48c3a3dc9c7a362fbb270d2b81b44c9e92579e92b685efac1a9c982ceb231,ea23065221e2ce2036e6bd18a5eef40e7e4cd0655c0340ce0379a42be4d55fd1
51,CC[C@@H](CCO)[NH2+][C@@H](c1ccc(F)cc1)c1ccc(Cl)cc1,82dc5a6d5e83c537e8dbbd7c7870c69b7b3d0382ef44d2140679250c21f444b4,-5.831,1.0,8.282243657367248,True,c2647007527894fc715019944521a0c03546d1f141e1b3c687bcb7a5e2c52e27,bf4f1dc29b076da381fefa389428fc928ae06c48d77314596dbd731943198016
52,Cc1ccc(CN2CCN(Cc3cc(O)ccc3C)CC2)cc1,816277b3165c78e16d6c36dafc3cd68f1110c96ba4f2cbc33d2bfa8dee73966f,-6.206,1.0,8.856776953271433,True,16bb6c0f09ec096ca3343fc0da8706472ab86e4542892302d569256d798dad37,70d1b143f02a203f9268f1559c124e844bd9f84511327c20950460aa8fe9c434
53,C#CC(N=C(N)NC1=CC=C(Br)C=C1)C(C)C,2963a1ec9cbd17c483eca38de29b3d7f9cd9cf20b4637f8f53f1847da85ad30a,-5.659,1.0,9.579067699938236,True,3a95dc000a3d366525b5a6e8eb6d037d24fe0e50efbc755e6fbdbb3e08be9e8c,d77b561802727c544e131b589ca29a85b20b5c42268697229c1a16a76e2e045e
54,ClC1=CC(Cl)NCN=C2CCNC=CC2NCCOCC=C1,ee07e39a9d0776ff2b77da4e480010e7547944af29152555fbb6f80b73464d9e,-3.105,1.0,2.708031203660699,True,5a8a79220661a31103634e69c574041cf8906d70e22e73022b85be9858e55785,04929c9165e42312cb94b3b8cbe4c45992a3a0af5d462e1f4cbca21caf5f3670
55,CC(C)CN=C(N)NC1=CC=CC(O)=C1,f9b3a35d29e6889f530eb9040ecafd3d13cb7322769741a5f48361e873e3ff63,-5.782,1.0,8.910909830090304,True,f85b98bc5b3d25250e871460601b2eda25cc714733938bc64eaa4187e444c41f,9d40fcb3272a75e417508ce9e44cd8562a8d70e0c910e186eab4e781f0b577ef
56,O=C(O)C1=CC=CC(C(=O)C=CC2=CC=CC(O)=C2)=C1,b96e9a3db9df8707c4504a0ef113ae64ae77b8258458632540c6f9a7ad2ac0d4,-7.308,1.0,8.84068402330951,True,16916e25f9e125b43664c9b727699d66b347b05e5d69be019f03c896c1ca8688,27b2dfd4c78714573080eb8c2031b5ab6543a0264fe15c70d278af39350c3d12
57,[N+]#CCNC1C=C=CC=CN=C(C(N)=CCC=CCl)NO1,cd7decce575988aeaab855e481496a56a9b48a8a0a0c131f6b25f2ab2fbe91fc,-4.074,1.0,2.9500984729327286,True,e66632dd1840c0d7365079da5f109e07905fdd336455eef268c16ed2b06f9cde,b699fc1c26218dc2a70cb722d9dd32292c0e41b392bc2fbc0ec1880b08efca4a
58,CCCOC[C@@H](C)Oc1c(C(C)=O)cc(OC)c2ccccc21,66e81f4f8e7d523ee9afd08b3bd2af1456231e538579f3bc2385e4d0bad868b2,-5.242,1.0,4.891627336582376,True,03b730d6e30f628761ba3ecac1bb3aec4cb531db3d195037f91dcc39f6fa9ce6,4cade0815528b8d902fb2e9b65a31b157e3f7f94c949a73abe2c25f810aaa956
59,CCN1C(SCC(=O)NC2=CC(Cl)=CC=C2Cl)=NC2=CC=C(F)C=C2C1=O,3c590c048b63950e32cd026714ca50be44f5e5afda9a32152d8473d8eb7daacd,-6.005,1.0,3.4997264178789753,True,e2e4e344ee52521a2434d01721207224c2dabe00453ed827ad79215972d9b1a1,67f5b2eecc4327c47eba804e4b928bb38ec177c66af89b8f2c072256dc05eaaf
60,ClC1C=CC(NC2=Nc3ccccc3CCN=N2)=[C-]C1,68f59ae7c476dba069e2b3c049e36194ff4b7a9e96e7575eac4ace10e139b1e9,-4.87,1.0,8.778906139149685,True,306d171939f7e63bfa47c5678a2a1dd1e829378cb508241ebcbd8c0b516556fe,d03784113f27f054ffab5abff67618ae0cba8b005c781537980d7d95f93e4f8b
61,OCCNCc1nc(Nc2ccc(Cl)c(Cl)c2)nc2ccccc12,a99e5fa41b7568b1b1cde2608f178c49901810f9e9a1dd49515d1f24efb56f53,-6.438,1.0,7.204176844025971,True,7bc4a948a1f64f1df163f403afb498a27f69460a9719ea085408d79523874a7d,35157b42c5fb3ef1ac5c7829c3a9f809c14f4bfc3408ca2a7364b99460c704f2
62,Cc1ccc(OCCC(=O)OCCCCCO)c(C)c1,c97faf641f692db2c9191338b9917a415a233f5af9d4ba1e095a42ced008307f,-4.884,1.0,3.0685757282491815,True,7c055ab731ff8696390b49b5c4eb27a3f69007626373f58d3e5efa2a5a3781c0,6fd51fd95d1970f811886bcb04ef34b8ba850cec8bc6c9f140a59499402ffc28
63,COC1=CC(O)=CC=C1C=CC(=O)C1=CC=C(O)C([N+](=O)[O-])=C1,7efe5c8866d48b49419f3c900b60c16c6a2ec90d651457ac9d3a17c611421290,-7.124,1.0,7.360233012615838,True,0c5193eb8f2ba1a79cd2783743314a3b31e6c6963365c2e66f42dc0a81b73c52,a50038e565005e4826d3be41713cf748939e9eb850c74e4f7559d95f36278647
64,C[C@H]1C[C@@H](C)CN(C(=O)C2=CC(Cl)=CC=C2[N+](=O)[O-])C1,d68d4e57e6ab5fba14b0cec460a326eaaaa97f6404f9fa8b50e04b5d9a6a5a0d,-5.888,1.0,3.4964782281604445,True,a530a7195998f780fa0ec65bd0db63dbe302ffa02e5c6856e3ae21e91c8b51ce,632cfe5159e1a9a055b8c6be0be151cc47072469708760351410e755ad1a0645
65,CCCOC(=O)C=CC1=CC=C(CC)C=C1,02d43584d794d21d6397b4cee0269c26298d5aa76955f151ee185c473973099e,-5.452,1.0,7.92835859431194,True,3412026c55ed2d7e931b0fad6d7629e331a76de398ac2b3457810985662497ef,89f3c8e7c93c5e3ac93ddde921bfe1ff2ff6c66fabbea25e266cbd1d6cd846fa
66,COCNC1=NC2=NC(=CC=C1)CC=C(Cl)C(Cl)=C2,6df4b8a5a9fa9b4ab4c0bdf534275f531c7610276e707f994a769c31f31683f1,-4.004,1.0,8.036201154774563,True,d986f49a5093c06ca2e8dc6eaaa2ab3867b8328a21286d52e5607d4e0873c690,8352d4208b09256c4a603b0c8da8cede8949801842b287c4a00f9d938acae5de
67,C=C1OCC2=NCNc3cc(Cl)c(Cl)cc3NC1=CC=C2,49492872d97d260199008f22f5d36aaddfcdfdc31397263ba7e617551c7eeaee,-3.378,1.0,3.109617822176869,True,e7e2dba073e51a9128666785cb558b569d597705a60ce5f3953fb22e7ca03519,904ff43b0fdb05a7eaec50a5c9ac28cd0a039c3b19174105bbbe10c6ee2714e6
68,OCC1=NC(c2ccc(Cl)c(Cl)c2)C2=C=C2C=C1,0aaff17ffb4c28be08e2c61660d103df028eafd917fa4dca44edc0a08c751ebd,-5.11,1.0,8.69408747368003,True,de708a8f72b555dbe47826200ddc0d9e6da0a201143c79f587543954119f7f78,e196840d5af0935f7e99dd1f7fcb93437f93427e0eb669e5463ebd1bb5adc007
69,CC1(Cl)C(N)=CC=C1c1nc(NCCO)c2ccccc2n1,11bd17d629ec4918d11875c9186f2f694b89395f2feb38aabd62caeef3a49f0f,-6.319,0.9615384615384616,6.702618965747643,True,c1b2c123dc85669ee59962d48146e1f7660f341c19be04a8fd00d3e202314e8d,3d9c5ad40fe41da4c75aebb4bd32f2716f1b39044aaeffbc6994fdc987e542cb
71,C=C(Cl)C(Cl)=CNOCCCC1CCCNCCON1,5a3d949bf66595b9b151bd90270d20a9dc0e68760f905c470a9706e2428dfe7f,-4.089,1.0,3.5562363532251346,True,635866d99aaf8395495aa6e9d77abdb8be4dfff34070dd50f2fda0241218715f,738b98289e5b77cccc9d62927518c1830510bef3813d5ae14711f3c650751383
72,CC=CC=CN=C(Cl)Nc1ccc(Cl)c(S)c1,622df6f47cb884b98605b5ce34254f0c5eca524c74670d499e93051e37bfba5d,-5.473,1.0,8.381359316960467,True,01dae1161c8d39227fe4cc44ac577e1488513b2a22cc56c3c0b8dc47e2046f32,3f6619331be7e319320f35cf833091a996020eb740b3e10127b637ac32ec5516
73,[N+]c1cc(Nc2nc3ccccc3n2N=BCCO)ccc1Cl,fa4b80477818a9666f0ca10741d431cd2df840b86e496b441caf47f9c980c6e4,-6.675,1.0,3.664490824111858,True,ed88a617ac0c63d34a1196e9e002e71efa331a80a057ffdaa63c25a2c16f11c3,fc59532850c5877cadb2aabecf7b90a3f53befecf783c43e46b780c19196606b
74,CCC(C)OC1=CC=CC(NC(=O)CN2C(=O)NC3=CC=CC=C3C2=O)=C1,ca0487e190e967e896ffe0991804fa39a968fbb37c2ddd9ad027c4d5f6dfc9c2,-6.52,1.0,3.5686738433205134,True,8bf7826f162ebca1a1a63154f8de8cb790cfec91b538b0cde06263156ab58164,827cdfd8909841dfd7a6436654db224025c301852273a4841328720579f257f3
75,C=NC=CNC=CC=CCC=CNOCCNC=NCc1nc(CCNC)c2ccccc2n1,81a8693362ec9eee1c4a0bdb93a614b6cda13f49241379db2899ad3c74c2b6dc,-5.094,1.0,3.4337438751310523,True,b453c992e21c3ea93e5fb3871eeff8410f2262d2457d0d0773d049d7c232d632,e8884f74c4274839c13cc99877f4d7e213cb7cfc491f68575501e594aea23433
76,CC1O[P+]C(N2C=CC=CC2(Cl)Cl)=Nc2ccncc21,36159f45574d9fc4a69f3182de6636d15cb8cc423789ab00de1acd940f6032bd,-6.006,1.0,8.752612238640532,True,644eb2707f0d775e7708aa5816ff0b431ba3f1a3a5d0f969647469ec70ef9935,8d4122555a8a095dcde19f450ef5e144a3a080fe186696188429c68a2b6b87b8
77,NOCNC1=NC(c2ccc(Cl)c(Cl)c2)C2=C=C1C=C2,f2a9bc8e954844569e7240e4e4288ceceaf3470ee6aa4727fe9b333cffbf607b,-6.714,1.0,9.60006796850939,True,f252740e151d674bf69f22af3af9c7cd30f3839ff4cba221a7744458e9359110,fa49cd419f0d6a44662d7c28d273b5f9e4c7ab6a3bd283e6cb253a143731cf0a
78,Cc1ccccc1NS(=O)(=O)c1cc2c3c(c1)CCC(=O)N3CC2,5bab967e24617913e4b4bfb6840b74dbf5422dbbbb519c07c348e1963e9eaee5,-6.655,1.0,9.050321209769297,True,5702551f746047cd55fb5c430a225b6b344c180eead115efae5f34d76501db81,0a8aaca1cad3aa45d4f0248d1d5500e67a5333f8a80a20777ccd5b023d0aca41
79,CC=CC=C=[O+]CCl,3d62128232adff7db561c545bc59e1995ec1ecab448c0f1107d669e0786cd063,-3.911,1.0,5.427443781376275,True,fbb06a76faaf9ae179f798e57834aecfaf011c1ad98e0360d465430adf3d48d0,2b99fdb29ddde22bcdacd8ce14ba0561c91261da2429d2680ffd8685f693fe7d
80,CN(C)CC1=CC=C(CNC[C@H](O)C2=CC=CC=C2)C=C1,578d4e20f919c74db7f859e5e17441bc86cbfe557044123cbbfd801c4071833b,-5.283,1.0,8.061065748398285,True,ce473284d3e316bfbdb4e62b4d90da31bbc4acab0bfea511a3525d54d174db92,7ce14656a41b7c6bfc07672b61a6282957d70cacbc73a2916c443d48eb81c7af
81,CC1C=CC2CC(=NCNC3=[PH]=C(Cl)C(Cl)C3=N2)NCCO1,03844f8e545a8fb16a876f1b22844903ca2bd4fa6ca8f4e28a7d1db67bdbf544,-3.544,1.0,3.742564227905784,True,7de81a5704d8eba74a7d597139ce637d13667afca39532a52c08ca1e6ef8bd9d,c537098ad12e88823b2cb2921b162c62fc9f2166c133ad8f1e6074a711bb5923
82,CC(C)(O)CC(O)CNCCOC1=CC=C(Cl)C=C1Cl,1b895394dbf44c70948bd10f2ae343d3b1fbfbe9e7007e69a0f052dddf4c2bc5,-5.558,1.0,8.280479817015438,True,ce669d8d403fc027e317441cfa0fe4127bdaa8bf1cb0960d8fb9ce89df3c205b,80f1ad9eb96835daa24cf80b406be21d7f3061c18f5378452cdbd3d6b77a181e
83,Cc1cc(Nc2ccc(CNC(=O)[O-])cc2)n2nc(C(F)(F)F)nc2n1,6d96b97ad383de01eba8d23de654ce983fa80ffae2f82f88a350b4ddcd362c11,-7.682,1.0,8.364283352445684,True,b3f9628601428ffd8b12235bc90fa5041d477797e2e6e9b9a23e8fe06faed95a,13778a4a87a85945768830ee551b0c5efa8ae9ff6620269c3e2680237aabe4da
84,CC[C@@H](Oc1cc(O)cc2oc3c(O)cccc3c(=O)c12)C(=O)OC,923d44d038e5bfcf94f986cb84935c39d0c30e9872b242ba923de653955ff656,-6.555,1.0,7.835691035256559,True,6744948bc56507479722341a1a46bc743ec4c9af29e90c9afb9b8f307eab87e1,de4cab17ef416da5ba4ead17a922c7c4d6e2c3de5f36f51a0eedec23f9a77ba8
85,C=CNC(CN=CNCC=CC#CF)COCCCCCN=C,2dfabb3e7e7c8483520d2aea446a317fd0c69a178f6491856462a904e8de545f,-4.595,1.0,2.999210729508684,True,883cffa68935cd3b34fee2370a116edb809d068d2be7f6eeb03bff2d397fc25e,9edfd739b1245ce49531367f2948b8cfe55946a9b16b26c585fe2e7c86a2230a
86,CC=CN=CC(CN=C=N)OCCCCC,c251c399a7d620b8cf33befc02c08f1c887bd843505cd045a7a5e934afe06b7e,-4.538,1.0,3.6412177907947254,True,bbac0e650838a927f814b330b898d5bd8917f63796bdf397e5c279bf527d73a4,0082a99925ae7191ff658dd44167264f85c076a23d0bd8f463a2500c14e97a72
87,CCCCCN1C(=N)N(CC(O)COc2cccc(C)c2)c3ccccc13,069f1d6f890e437a1ceee3bd8a1cb9cab15c30718dac4f04d367cec4f2160e26,-5.561,1.0,3.4628554691179363,True,b7b779e3ea88827f6b45cb4cd2772a3bc82358b2d28f05295053bd01bd4647bf,95c52d5e9c8de6a99638b23efd6ad4e2d1b2efc3b8747b355c85e5971f6c7230
88,COc1ccc(-c2nc(NC(=O)c3cccc(C#CCO)c3)sc2C)cc1,ea0460bf13fe52d6e9a4fabdef11f21d58783d2cbf7f39b7fbf0c61f29710c6b,-6.429,1.0,3.09099935296014,True,878268ae57c2036759c9bf64f0efcf805136d34e6bb0474fd29fe9c0a814b561,692e2380260e4cf4bd050a057609cd848d95656ed430dd5970abc3260f91722a
89,CC12CCC=C1C(CO)NC=NCNC=CC=C2Cl,4990c26f81714fe6cf6f9e7a2aa5240a7b788d46e469a0b904b1025cbd2a25a2,-4.408,1.0,2.663347705426387,True,24ce924df520457886acd6b3eb413ddab0ffe085be52bc2914eae37632f3245b,4c06f5a71d037e14aaf5f1eccf94509a17257ba02abf3e0753f6e3e2512f1391
90,CC(CCl)=C(Cl)N=C(NCCO)c1ccccc1,1f5e6e921196d1b999c244c58b00f625488880dea8ad205e3d43bcf2a2934d21,-5.678,1.0,8.920952751808521,True,d1e61b0d4a62781ffbc65365f8e18f9b545501ef568841f21a7b9613eb5178cd,297b24a85fc1f168b4bc3d1495350ac87459de528415ad8bbb863a5d119b1171
91,CCNC1=NC(NCCC#CCO)=NC(NC(C)(C)C)=N1,cda698ae87cb5a83ae7f1e8eb740465873f2b7a1cc2338ac628e25d584337d29,-5.754,1.0,7.743886750204964,True,fd5415a14d677723eff87f3cf282edbe4fd619254694688618a00550db259c77,c0d1bbca9d4f603857da4f8d23c05f2b7e5ee5a80d3cb52356acb2b82f10693d
92,CCOc1ccc(-c2cc3c(SCC(=O)Nc4cc(Cl)ccc4OC)nccn3n2)cc1,cd07282a9eff0da7f11816d05b1454646f9a6b4cc2f3ab0efb46e34d9bb6ca7b,-6.147,1.0,8.955964158034579,True,4248b375e34ad0eab2066d7348988668e07e6e32acd9d7d4c1c6ec478bf43fb3,05f090fa2f6f1ab92cb143f3b3f940c479e998bfa1445fe9da2ba3f39f0d06b4
93,Cc1cc2ccc(=O)oc2cc1OC[C@@H](O)C(C)(C)O,8b50f8d1a6ee60af9d239d0dca3bf3f2b56068ca4127869197bf5c8c5cd44d42,-6.909,1.0,7.724675850804356,True,694056872f796b53ec9679611f3c1d23d8c423f12a86911ebc2cdb79c87e1f52,e44e5a22905965fe66cc64b130a7f27c0bb2c4f32c9c9c0ab4d1219486578be9
94,C=C1[N+]C(=CNC(Cl)=Nc2ccccc2CCCO)C=C1Cl,dda0001bcfae31333cc33c13e4cb0a8562eed376bd5d01f92560df8e331d4520,-5.633,1.0,5.587917143265458,True,c35a7ce718c15f4c2b36974b8ae3ccded1f6906acaeb18bb0c2b96555e3006a1,d9aa6e5cd08f52d2ab62af34e1bed3be4d4b2833a056705c4088c08d9591a271
95,C=C1N=C2N=C(NCCO)C1C#C[P-](Cl)C=CC=CN2,8a51ba505d723d2bd1cf281ad16de59aee88eeb5c7ba0806b64f5a1f0fca89e9,-5.418,1.0,7.675087295920484,True,d19f1ef8d1955be6275cc41c85fb67995a88c83ab445989c3cae567fc75938b5,a6e3444e6c4a6cfa08baefafcb0d9d1c5642c24097a955706ad0a756e823b096
96,COc1cc(O)c2c(=O)cc(-c3cc(OC)c(O)c(OC)c3OC)oc2c1,10fd42bb3c02807cd6b9df820333c74217012acfe7d735dd1a8a26c0539a85ed,-5.848,0.9655172413793104,8.639290711626737,True,b08f733e473c90b268623ac20fd90476ec73397539727d1f461bb501c5f76f71,f143b3e873e91f42b0c23ed51be0157f88910e152a2195ea3e54ce9713294c25
97,C=CCOCCCCCN=CC#CC=CCC#CN=C(CNCCO)NC=CC=C(Cl)C(N)Cl,da61f07d29f9f9821d202e785ad2cbc2e9c32cf8659f71f68c97870b0fcd0e69,-5.543,1.0,5.090654378368266,True,00381ea3de5c5640dd818eb11f14f1a9b584d78aa2766626990c6a5da344c3d5,abf703331a1ad96c27f23ff1c48d23114c4a134463c488b8fed9b9b311ef5de0
98,CCCCc1c([O-])[nH]c2ccc(OC)cc2c1=O,3965dee09b6023d8885ca262398e31448db1672f156cb3bb1833cfd15f456e8e,-5.38,1.0,3.1726356550981416,True,1ac097678b71bc70b3178df459fc2f6c977b2ca92de28aee4b0f9eff92313488,f36d2b4dc8976dd6d4d21794ba1904c37ee1776a5f9250dc4dd394bdf557e15d
100,BC1=CC2=CN=[PH](Nc3ccc(Cl)c(Cl)c3)N([B+]CCO)C2=C1,7feaa1aa661517438ac8fcb35abf92f82e57e0fab69ede6cc8ec4b14d49d4cf0,-6.413,1.0,3.207101027407776,True,74cfe494d12fa4ec8f9cb50ffb5dc92d5f44701b8e2600d8e5b103b07aae0e2e,0e96cae8a817fdbc40dc952c58424ecc0b24487fd730c9bbe0a6f66a2f8d5a19
101,CC1C=CC=CC2N=CN=CCCCCOCC(C=C=CNCCO2)C=C1,a04338b7bf6c05bf7a9e9b7ffe5559a7b3b966da4854320d15381aedf65813a3,-3.204,1.0,3.412499084248963,True,c54c997487094e105a19a0e0a0d732de7256b6ea7b05c94ff0876a3a793e92c6,daba7cbb9f3838a1af3d4e991879fcf423fb7b97f05c69184ee5dfd54c756898
102,CCn1c2ccccc2n(C[C@@H](O)c2ccc(Cl)cc2)c1=N,a87fb096a49eff4362a814cf918da9a53787711079eb6023f5aaf38a3bfbb849,-6.129,1.0,8.809516842596988,True,b4bf1046b258ec29f56ad08b335502fd27875a3ba98e4be63773ae7dd2b60cfc,156bd0fc3264348a4868690a1e94dd2b17fd175c6c0c8b11ab97c73f313ac12a
103,NSC#CC=CC=CC(ONC1=CC=CC1)c1ccc(Cl)c(Cl)c1,a8c649a10929f536c65de2c35232726b331417a6ede3b2ca814c9729795e65e9,-6.475,1.0,8.273238181026823,True,3d675823d8b02901aa1736e39c776f67015d549f783b1eb77b83530852d90f64,784cb49e21d26184a6edf14d93e59dddd39f01f57321ba473eee92703af2896c
104,OCCNc1nc(-c2ccc(Cl)c(Cl)c2)nc2c1=C=CC=2,21cdca8ba2c9f3dc1121e93df716101b02ce978a54144b72693b904720920a6e,-6.378,1.0,8.094933044812665,True,60a6a5bd1f746ef4ccaf6e18c221aef52909afe752ceeec351b486366bd34d74,336f02731096932ab628a1f878fb9a5e3c068318286c228f23b610364762330c
105,COc1ccc(C2C3=C(CC(C)(C)CC3=O)N(c3ccc(OC)cc3)C3=C2C(=O)CC(C)(C)C3)cc1,4035d3f124f0dd874c1c35db499a00011bce0f748928c6401a13da0de5cf1702,-6.015,1.0,3.1609683642833266,True,a8e1ea47773679ca677af1a26c2900ca7acc8c11c9df202033ed855cc149b700,d620c2faa3e78671b60c638d370994c8d8e2f33a611ea2a61b1b26652014ac2f
106,CC(C)=C[C@H]1[C@@H](C(=O)OCc2ccc(C)c([N+](=O)[O-])c2)C1(C)C,877621d70650c770337b7f064e10560ecca9c2b87bbb13dfa52f788c35def91a,-5.544,1.0,3.5906213946892276,True,7cee79acc2ba862a13f0d2815e2be644ebc6292754b10950c281d743d097dea7,0d67ac95cf257aef9dcddb3be09e29c31b2113e5573566e08b05860550abc904
107,C#CCSCCNc1ccnc2cc(Cl)ccc21,7834527b1f3a9fd65abbb596825c85198045f84d338f8b00bb88f3f15b75dded,-4.813,1.0,3.595161609719377,True,85474e61940378cd073805bbc171f49adde8e69d15ecea60875aa0b703ca90b5,83bad95634600daeb08f9bb8b7b410c9d82b6adbe77025a42f211dd56a810b73
108,CC[NH+](CC)CCC[C@@H](C)Nc1ccnc2cc(C(F)(F)F)ccc21,4bf9f654b7c0a65cddef6d30b72ee1240c63354553f0e7e9fdecf62e526f34a0,-5.961,1.0,7.771610772549021,True,4a7a63cbaaa8e81c77c3692b9440baa6b9a43780abda0b1f987bad465cfeebe2,f90202774396bc8db7859c017726aa2e670e96c35c26e4a4cc9e22796cf8c913
109,[O-]N=CNc1ccc(Cl)c(NCl)c1,b08af55436519d6d54e57dd0f23f54c0af5d68796281572db06d270e2c0ba71b,-5.148,1.0,2.82757510952406,True,f4f44a40b94a61f122cf1309ab6f6da16bdd2e23a8041a5e3d9d04568e142d76,0950e7af0e9c8fdae97494bc6b9cc24a337b9b8d11d4c9759f72d07c5e7c4f23
110,ClC1=CCOCCc2nc(nc3ccccc23)CC=C1Cl,fde01756309425bf1cb4c2794d416866cf18df34c33fd29a27c4cd944e6c5e9c,-4.668,1.0,4.164806117936346,True,04a17f4821dc499d9a8323de7a1c76222464d4d6a7570cb62b96fb509bf6a013,4d5ce16dab898c68be923bb88f9d34c02fddac5fb72c6ddddbab757bd33ec421
111,C[NH2+]Cc1cccc(Nc2ccnc3ccc(Cl)cc32)c1,0fee41c7b27411b310e4f17fdd019178504d2cf186d1cfc5498b82e929658a8a,-6.767,1.0,8.680012442387396,True,2435834edc4c708943b02306eeac5b9eb25cba0a95ba321b707dd5d06f92465b,01f49f0122674c0123e3f311916407fc3b52d2c4ed2c9c4752478fbd152fbd6d
112,CC[C@@H](C(=O)Nc1cccc(OC)c1)n1c(=O)[nH]c2ccccc2c1=O,8914448c0aee74d1fe0fba702d28cb5ca7e8c790ef2ca7f21d67205297b9487a,-6.491,1.0,8.739259350768807,True,dcb941e5c41e872d1ff14262b7b327338cf045b4f66da9517777eae2e1e9206f,62adf2f7af1805017bdceecebbd0ef882a58c9543d52dd5a73f9c1c7443159a3
113,CC(Cl)C(Cl)=CCC1=NC2C=CC(N)=C2C(NCCO)=N1,94fcc50dc08a206d3ad7ecfa2aa52c1efa58543dd2b872b4c7a0483d65e0e2b6,-6.143,1.0,8.628738320287619,True,0f71a96907f3b76808c8721c4404a0b7f36ee58e8850df488922e77f23bfba90,233f2e3ef16c2ada8102062b5b63db53358f23e58af6b97f91b985ef25a75ea9
114,ClCCC1(Cl)C=CC=C2C=C2CNOC1,1d84d6ae1db57b1852f1c410ebc6c17fde9c5ef048a22e82e6cffc377f45b4e5,-4.254,1.0,4.734389084137468,True,5d08831a7aba185f1e781360b1364ae3c8ace13a52f0058a59088f5832232ba1,1b6d12d1cf2d14ba26e78a62baa406032317b346d44067d3db851ff3fb5aa5a3
115,NC1=CCN(c2[c-]c(NCCO)c3ccccc3n2)C(Cl)[O+]1Cl,54c8ffb9467a7a1046cbec5ca6a30c6008a9f75f0fad47b947b472295aeb6b0a,-6.537,1.0,4.315756017200231,True,b293cf0380ed2651c05ab93432ffe033d7c452f034bf3e4c51ed499f7678dbe0,52e2142a079932ac00bd8a61acd3d9cdc86b9ec2789e58aebe4c870b2ff936cc
116,C=C(Cl)C(Cl)=C=CNc1nc(NCCCNCCCC=CCOO)c2ccccc2n1,8655470d7f970730800344b1b61a40b1a9bf8f0129cd3729af23d8e6b96e875e,-5.035,1.0,3.5123298535302756,True,6cfa85bd14ae1ed4c1f20bb0cd53b55ed4cee3452bd7d4f09668be6139074187,8645e5e976f69e14e0b6a37d17b051b46df1f0b415a21206c95340f990f84248
117,C=C(Cl)CC=CNc1nc(NCCO)c2ccccc2n1,a0201955a9b3abd6098421bb9d9ac30adb8361f7e78d7e571cd5876df6475ebe,-5.99,1.0,8.479417079021411,True,356a2bc125b84c6de8eb83f75d36bdacd708c8f3da2d63cc4ca850f5e64491b1,02478fcc94fd7fdead8f308e834a65e544175cfd1030b2a8755b040774d52a61
118,CCCOCC(=O)NC1=NN=C(CC2=CC=C(OC)C=C2)S1,d8dc977fa36cc63aa6fd710283f5a102c727651d6f4e877d44e11a072e4c5329,-5.238,1.0,7.9973279287522026,True,88883ac633545ba99bc39571762541da6a6a287eb844eea440ef1a01ca6d3054,7bd237b9e4a4ff28b2aa2a3e3066eb2b9af63764c24f17de0cbed731d2eb5a49
119,OCCNC=N[C+]1NCCC(C=C(Cl)Cl)CN1,73e8752d5b3908cceeae2249c650c56d371829c4339468aca8781da0d3939e8a,-4.059,1.0,9.680520337254606,True,12ee2011dedc15e03642eeb3e4154dfc2f39f3ddfc30ababc500d453d54c4789,0fc64e5e06cd6198c3bfe11ce79f474dce4da219c2502f4fb51d0ad1766255b5
120,Clc1ccccc1NC=Nc1ccccc1,3006fe749c080c710b5dd8abe8ce7e2b0cdca7119d167270827d74416a7cca9c,-6.105,1.0,9.666355311077698,True,677cefe93243582d004fe971e2751d342bcb617fc255bedff37d793332673753,b517b162abf8756bcc06caa782c5d1adc088db21c7008c6c0b121e1a25edbf88
121,[P-]CNC=[S-]NC(=Nc1ccccc1)ONc1ccc(Cl)c(Cl)c1,bf7180bcb339d5abaf6a5dbb72eb1cfea3201cfde771bcfc4cee484bedb0270b,-6.077,1.0,7.197527978410366,True,cff1a363cb32c3b6e5b1e4fa7adf2ad2344df2c7c08e53f9ad0cb02f2ab93fec,9437b67333e8e83ecb4b8eb627fa03f46bde27fb7927e2eae6a8eb48a73fff5f
122,CCC[C@@H](C)[C@@H](CC)Oc1cc2ccc(=O)oc2cc1OC,d8e12b526bdb2b7bdc6dc587436069326902bd7f9fda0d5369c417a6d0711a9e,-5.597,1.0,9.043545046053568,True,20b758e5de18bdb267b57629353cd0f9cb5d6928ac6ee841b16df7b8ff86ee79,377bc729751c914c06fc61da8659ad0ee1164f320520bc30a54b33d1f70f37c3
123,C=C=CC=C1CCN(CCO)NC(NCC=CC(C)Cl)=NN1,6ab1450303674f443689df4c85656a90808586c9405308eff9c1d32b28deea09,-4.979,1.0,9.164705505361315,True,23907ccb9bbb99aa02985cd76c44f2d53832760d4c04c079e023dc49d02bf31a,ad1f662be4057da3959eaf2160e7bd8216103191b1e663bbddec3ee0ef2bbc99
124,Clc1cc2cc(c1)NC1C=CC(Cl)OCCNC(=NCN2)C1,a677fb538695a661bcc48d2604c7041b65b459fd0b35d15cddafae667bfe4efa,-3.4,1.0,4.8846541330988815,True,5cf3a2320bbee73997d9cce41d8f606040c11d2a7819e0b311db036c882eae3a,0f94dc18c0fb557ef45237d2fcd56a61a9ec3f8b5a7045b83bd8019c3d68460d
125,C[C@@H]1CCCN(C(=O)C2=CC(Cl)=CC=C2Cl)C1,b1a2a7d39d2680dbfd75f7d9e8755255f4f38618f9b41af3526d46d43097028c,-5.706,1.0,8.852165215358331,True,9780930fa69af363227d438398f2077c32bca2e7f71872e3035478737fc3376b,a146632f68ea352ae8a5db857e91c6a53a2bef36f719fcb970c5f4669fc8aa83
126,COc1ccc(CN2CCN(Cc3cccc(O)c3)CC2)c(Cl)c1OC,8c61d6e159acebd74023db3e26e949f4c22cb020514576eeceb88034311800cf,-6.291,1.0,8.876990818965625,True,7c0efded25bf34d1227bd37c158f34ac1ebf6913b1ec6245ab811d4223138e8f,c40a9af0e29bb2156c6dafb2a816ef9a935f48d35d1aa39e0925c98ada3fcb96
127,ClC=CCC1=NC(=CC=CCCCOC=CCl)CC=N1,1f6e5f8bd6da2985f77abfdb392596612c2d893ecee1505dd70828caa9588921,-5.008,1.0,8.048565959225284,True,cf59d2ff63e2b06517701a87294afaf429686437cf340742a8037847df22a909,056813c28f27c1fbd075627dc1893e9c7f63018a0090662e5bac2ea9e9ebbe40
128,CC=CCNC1C2=CC(C2)N=C1Nc1ccc(Cl)c(N)c1,c39118267e79e25da3063105f21a07f019e0e5a43ade3565d7ea05c0befe1661,-6.137,0.96,8.537144136067987,True,161006b2572cbe72eee5070a9f6514393fa297be21b17779321b1c5861782c20,fe79453aad371cf33c2ce09436c7e5ae6138b50c4b7bdf4627703f50a574bfc5
129,COc1ccc(C(=O)Nc2nonc2-c2ccc(OC(C)C)cc2)cc1Cl,1b3ff809ea36349023c5d2967b3040ed0292260e793c9c9bed0c470e24ae915f,-6.422,1.0,8.35588086320048,True,0cb705c0277b06b2705abba960e6719ec70bfe46bd07022ec702e2509d1482db,52ea4562fbb28d7a5dfd65ddcea8dd5bb269a2ecd4805378c3e7b7c33203368c
130,ClC=CC=C(CCl)NI,ed887ac357f151b479d1bf6b35f8b27fc60db747836c923830ba44afc302c7ea,-3.928,1.0,4.699800953231957,True,fa6a28ccccead4f82851688d215c8a9e156ac5bfba3e0f6346d2bca9d7eca4a1,b92a4eb27df986263c702c8df76dee84f082bd0c078f78bc0db79decfe933da3
131,Cc1ccc(NC(=O)Nc2ccc(C)c(F)c2)cc1,3883cb3e81f272b20f589217785d56c7017f6bc8ed7c916f4c0ab32430479ed7,-5.758,1.0,4.766747948024941,True,80d6f06b958b4f321c59b82c4a9f9a3e70936712f2140bc136b0688b41cb2a16,147bb23b6e3c4c1496b7c3dea9aadac040d0018f9017dfec46fe2dcc2039b786
132,C=C[C@@](C)(O)C(=O)Nc1cc(S(=O)(=O)CC)ccc1O,e3a194a6d544da6e7c3c2b06a8368d21289011bdd1c93b989678d7816a215b3f,-6.806,1.0,8.06422445124142,True,cae012e43c9f3d601b0cf989c5898d0d103251a26ffaff0740b056f3522c34d4,f44ea3fb18dd242a9c39fd23dc6a25ec21f80a02fd1bef03afe49d1df3035f54
133,CC(=O)C1=C(F)C=CC=C1N(C)CC(C)O,622ad2b641f610df4e4150e7115076f1932239b2d584f197a42b1063703a6335,-5.081,1.0,3.0592221233509678,True,d92896f375b611e9d5f3cb74d04d5609b80ccd196737c7ff70bc456b25cd86ae,6a7dc4eb2d3d03ae8a00f7c9ec83d3085e13f25d42ae73cd15861d678d850f51
134,CC(Cl)=CCNOC(N=CBr)=NC[O+],370cd19420206f3cda38e275a9f67d81e5fb6883d1abd83baa53e4964260ce00,-4.953,1.0,9.144386529450733,True,7be4cd4bad9974943711b6c16524f0f1e55c13ecaa4593a0c1b1b31a07239403,44d671f9cb3f38b46c32b242e765a8f9265ac72df0a7ba749df205db3b6d6782
135,CC1=CC(F)=CC=C1C1=CC=C(CNCCCCN(C)C)O1,bf803fabe5c28ece73698d51d668e0e7769fe0ee3098ce9875e8ec8b7a044ebc,-5.367,1.0,6.9717063908343135,True,e483643b5968eac48f12d687ed3455cef81abab20dc35060f91018dd9bf9ff7e,bf7e183adc3889e971049f93975825c906bb9092d80d324b5bb219b77b3e260b
137,FC#CC=CC=CCOC=Nc1ccccc1,30e36454f8017eed6e783232566e4b4670fca16bc1fa8aed5f454d178ec40ac2,-5.691,1.0,8.64819842510566,True,989472ca9f12f91f60c2a7dbd8a3d4798c4f673fa4cb2a277d814ddc143f7937,27628239660b91f42ac0d50721791babb695a1a8cef4c279dbfef05b28d51225
138,CC1=Nc2ccccc2C(NCCO)=NCC=C(Cl)C1Cl,8a084e8f1869f8c524b4f812622c449cbaee56cf6f563a252531e0d50bb42786,-4.79,1.0,8.565722911698698,True,edcf1cba55e8de6dedea2d9f4e149f946ab45bef88de0560c8a97936f72add39,8db13365400b2cd1178ea5d2d9da87eab143dbadaa9b648bccffa32709aae6ad
139,Cc1[nH]c2ccccc2c(=O)c1OCCSC(C)C,e318a8c583be3407e6409a87df842c846c02758b024230c0b93f34c0ff5a4209,-5.662,1.0,7.833171835214647,True,5d5dbd954db70bbe71b30e05e5a52197e6d3351fbc11a145ebe0431677217d0c,6b94938fc90f40cb5462633ab12017b7ca3c5597a8c4adb9419b77e512b17185
140,Cc1sc(Nc2cccc(C)c2)nc1-c1cc(C)ccc1C,ab00a95a2febbc94e3c7d9e4d5c2fb70401c231bb9bd841dcf6dbf70440ad4c4,-6.167,1.0,8.457976176367488,True,34f897fd4cc3fa763167b388e617d5279dade1c2e2375dcebbbf5e342151544f,e9b5a4ba8460cfdf02366228f925b537918d53f83f8c83a6c2476e4a7f42dd51
141,CC=CC1=NNC2=C(C=C3NN=C=CN3CCC2)C(=CC)C(NCO)=C(Cl)C1Cl,bb5335af4b95255c149bc7992f1511cff07bbb5580fd431537eb2e8071be0909,-4.49,1.0,9.674249428250233,True,9318c9bf206f37f441e9c1de7fb9f0985737dba8eddde96bb81256282e000292,1a43fb011266914d2bf5c07f87652ee22513798ca6622d4b490dd920822666ef
142,OC[C@H]1OC(Oc2c3ccoc3c(c3c2ccc(=O)o3)OC)[C@@H]([C@H]([C@@H]1O)O)O,d58707e712b7fb6ed94ad9933c72da1c84099ed1bddb95e2728f89428aa3e1ff,-6.34,1.0,7.850013694255571,True,c2e8c3511844288198352f776ff20fee30e57f9a3120866acb0d7708384961fa,cf067116eb92a6879de48da1481b9a61eb78bb75a71cc127e46d15885e175d87
143,CCCc1c(C)nc2ccccc2c1O,f6043886fdff83c7fe90f052e953ae87554415e39c5f6e637ab9f84563c03ff0,-5.437,1.0,3.991196687711595,True,227a632c7c19f41e3c98693380284f61c1d855f164196ca2d31e16643ca43538,39e7861f080013de657a3d07bbabc0d0298c7224cd013335fbec7e33929b22fa
144,C[C@@H]1C[C@H](O)CN(C(=O)c2ccc(F)cc2Cl)C1,9eca081f7f8f38b4e794b25b468b57bb3ac5e3376900177f67f06e3612fb5d6c,-5.942,1.0,3.338517635118918,True,6bdfae9165d33ddff36a76b0c80269860f05e5d17193848e90d3398a13ff5a4a,d0f820b4e4e4563a7d33cc743766da6a23da5c5af88282248b64fdc4b1c7eca9
146,OCCNC1=NCN(C(=CC=C(Cl)CCl)C[S+])C=CC=CC=C1,6c4ec8bca8fc628e34aa3111e0555558aaabb6aa058cd1ac29ddcde3911711d8,-4.185,1.0,3.8629880921380026,True,97b601d3bca58ca162c8a23b87e17846d84a7676ed7c50fd12696a537c05e606,d78db45dead4215fe224fe1f031b3acf0cd2cab3d678011b790a683116277b1d
147,CC1=CCN=Nc2ccccc2C(=N)C=C=C1Cl,e6d116dce6da667428638ac76bf456bfc4f1d3f6691349298643f8ba1953e67b,-5.308,1.0,4.220119785029806,True,8e5ee94bd87306ac22e25ce90ccaff13d4e70844e841d5cdf33b7d943f0e870b,ca99e0449f8fc9aa43b9d1869df9dc697b4d8ceaec612d6eeae6189ce88fec65
148,CCCCNCCOC=C=C=C(NCC=CC=NC#CC=CCNCCO)Nc1ccc(Cl)c(Cl)c1,d604def6c4bcaf33942510be3d2b85d943ebd6e4e4618a6881e88c7b27d78373,-5.296,1.0,6.006081418029562,True,438e8fc0d4a6a45718d0e27d9a269232a306b099ad405b4c9b69745600acc769,af275a37345f0b415f120da00266f6d1cf3aa4f907da9c09162f6edd6976d385
149,CCOC(=O)c1cnc2c(C)c(C)ccc2c1Nc1ccc(O)cc1,b93c1e063b6a746890d7fcda6c2f2a716c99743622cabf4fb22b0bbaae5dbbc8,-6.687,1.0,8.414456429265053,True,7b9bbc9ef9cede0021e9f9b265eae47018b5df82c652e5bf2d160e4dff18c098,d9d8b4c4eb2b06843033a67faeac8fcace7db7e876020dc1c58a6bb2e3fd334c
150,CC[NH+](CC)CCSCCNc1ccnc2cc(Cl)ccc21,4b78ca94f6ae2bb26273c058e54e27ae85ab8c309f4e9e719550ed4796b74d75,-4.718,1.0,2.7087166703071786,True,2343bc042119cbd7d9de34d2b3102cc999fbfe62f949f121edb6414d1e0f7431,1b284ba4a065c1e210e6f35bbd244161afbde5284cd2a3d4324f0fc9cdfbf468
151,CCN(CC)c1ccc(N)cc1NC(=O)c1cccc(Cl)c1,f1e290f0a38b3fcf36788290ca839177a47c636f62e4c69a1b6250cf05bcc25b,-6.225,0.96,8.454597329264121,True,8e1aeddc266774cc70317df9b511c839ef8fef8a882604bf85c634e3c5f321e6,a56702129d779a121525d0bcd9b0492c1ee55d770188481984d879f88086a9d9
152,CC(C)Oc1cccc2oc(-c3ccc(O)cc3)cc(=O)c12,f485f84577844428a1bb8f2e3e5919f163b274c7ed7d028cc5ef1ef880eba72e,-6.167,1.0,6.719047179474185,True,d4d08eddecf3d912e90690ab6eff5d6061a6572ce82e541844f54130690cdad0,2e76fc8570fbaae084e5d6de8e50dc3116aa16f04ee5fbf59bf6b3eaf92abe54
153,C=CN=C1N=CC2C(=CC=C(c3ccc(Cl)cc3)C2=CC=CC#CCl)O1,23b5f0e0ac6d2f85ce67ff4fa421869e3ab5c0df2b10bf71e83d9a13b97325b0,-5.754,1.0,8.465441453344297,True,1d6dab5fad7dd1614e472caad220ccb37cb9994030c60c7b3a53e42b7fea3e81,c6316628cafd7376658346d9e17193f95221c021f17ceddbc33ae45749476f76
154,ClC1=C=[C+]C=C1,23da88d32b0f9f1ca3e209116811bab311e2b553fa81f36334d0b11a651bdd32,-3.722,1.0,8.900484986785832,True,9de6d9b6c071411f8bff9775ead499ab6ad95c0350528110a29a299d5d3c5f6e,74e4531c2b2fa59b9080ccb3fbd7c2c412acdcb197799384e6e1d4c30f905ef6
155,OC1=C=CCC=CCNC1,7027dc530ccff242c40ce081e3b220e2066dabd44c7895025ea3fa7332f6bc73,-3.602,1.0,9.026499376834852,True,5c1c6d21aba85e14553da5fdaacf323472d45221902a1eeb7c417c6145b4c0cb,3b7891c3d807c8c6ec68e98b003e7fffa950c04e94c1568f37e46bb3b0aa6884
156,C[C@H](CCCCO)Nc1ccnc2cc(Br)ccc21,9549a870938d4db9a23a0ca8c9380c4921e9800b42d396a53e27e1051d1dfedf,-5.886,1.0,8.928603642227602,True,3dce6cd3e5aa19ed8190e27e3a33ec5dc7cf674a83a8a42e97fb62e1db982627,4ca784e296895ad843978b8b4c378baf52bc6620220512f124477f9cee16b978
157,C=CN=C(Cl)c1cccc(Cl)c1,0f06a7de091fb9b1628d06d53bdf417c5cbdc4392e74f06660a7c0f1c6b6dda2,-4.806,1.0,5.52362344842586,True,f711f656b907931835a191359f48e9bde845f06166beb52e3f62fe9bbd5b7188,dccfa89f5bdd18b75e5b2bdb99ba392fe2681dd72b8686b19f6b83e9b2aedc8e
158,CNC(=O)NC1=NN=C(CC2=CC=CC(OC)=C2)S1,de24947fdd43dd3e50fadb6c658341736387a57952fd52ddcb444bc991143a27,-5.937,1.0,4.952869673229855,True,8cb783c0028d0effebde924c8a8649fcfefe02e1624acdce073ae25df30cfc34,6f233cf59c99f112a54f1248aa86d991f4629405bdd02738e82325679f2dc9b9
159,CC(NCC1=CC=CC(O)=C1Cl)C1=CC=CC=C1,9418d40522eb65b24c52cb3dfecb993cd34bb17c2af0bef1ae9155ed214fca62,-6.284,1.0,8.145113258881059,True,eaa68e62a0d565c91efa4ca907cb6d31cb2e2364264fb3dc632a1f00d2d5822b,4d968d3661aac10b18650cfba885cf37dbc9638faa597e16d829638e3886718c
160,CCNc1nc(Nc2ccc(S)c(Cl)c2)nc2ccccc12,0d52fd08c53e539e927bf0ec3bba20d4f83623bfabcae12ce7af4063f00a9a22,-6.598,1.0,3.4682642632879075,True,a64e071815fac17af3ef97909a03941b5f17623d1db2aba5c65d88f3521b62f9,136886956f3948bccb9d5b3b97f115ee5ea4c5192b8259fafc307c9c51052add
161,COC1=CC(SC)=CC=C1C(=O)N1CCC(C)(O)CC1,52d4fc1775cd6510381534558a56eb271b5c8c386f356f243f14237e69045651,-5.602,1.0,3.5911101347633463,True,063dc3ba1719db24dd04b430a50c86dbdaec4e30c131a46767785cf3b42f65d9,343957016a5f74b116903ed5d55b85caf912f0d2c8e89c13c94855d05044baf9
162,COC(=O)C[C@H]1C2(C)C[C@]3([C@]1(C)[C@]14OC5(O[C@@]1([C@H]1[C@]3([C@H]2OC(=O)C2(C)OC2C)O[C@](O1)(C)OC)[C@@](O5)([C@](C[C@H]4O)(C)[C@H](c1ccoc1)OC(=O)C)CC(=O)OC)C)O,98e042ee90ac1142bee1396a9809c5e3e5e6465911844143e2124a4197d650a2,-5.809,1.0,2.981665306502391,True,5abcf3bbc05197c96643a8f51816a6ef1339028195707871363e99ad7c8d7233,92959bd353d48039ee9da236717a0d9109ccb6a55a4a496bbdeddd82905d4113
163,CC=CC=C1C(C=C(Cl)CCl)=C2C(=NC)C2N=CCC2COC12NCCO,7c7d10114fde45fe709574d66beda9084076e857c149ec28c6bac44636fbd981,-4.304,1.0,7.852067434758823,True,ed6f587a8dd48b1c3e21b863a933e8d725726ce53e83678b6f7a97cb102cd96a,f8536ab740175cf12f9479c28bcf96b64ae4a4da9d29a34cbf322e1505c298ff
164,COC1=CC=C(C=CC(=O)C2=CC=C(O)C=C2O)C=C1OC,79b7912d83673a2b15c946433dd9f72fc9d82426a7e7ab21e8d5d34d07316c07,-6.304,0.9583333333333334,9.05265894640906,True,4e641e76477982a2746ceafe9d24f2e481152d7933e6f6b28ecf555afb9b9697,08519327d0f0256fb9701b3b57c159b96e2293ed432ee1fb09f1eb1d871b47c5
165,Cc1c2ccccc2[nH]c(=O)c1C(=O)[N-]OCC(C)C,3655529a57933064ab5518496504959445a3c3738022cf758e2c10730540f0c5,-5.774,1.0,3.6780860511956504,True,a15428fba5d4f5cec800fc2f073b9889fc4ccbc6fb82e3f1536d9e5cac4e5696,02921c31a0b4b95229e4a0ff04498dc9bf504f548e4dd224a5164cfdb538dc5a
166,CCCC1c2ccccc2N=CNCCCC=NC=C=NN1CCO,a8ff46f165f25396e7613790946b247bdfd9ed038275bc80eee8c6dd3e3ce229,-4.352,1.0,3.8046049729242606,True,a91b5e70a26fda2779bbccddda9eae797c11b8c1f67528e2a9350a52c71b0a66,e543973faf9a876058b3bc95bf6ccde754a755f428ebdfda413c41e90db7d299
168,CC(C)=CCOc1cc(O)c2c(c1)O[C@H](c1ccc(O)cc1)[C@@H](O)C2=O,415cc99a71c4e8ac3b737a675e6c292c039e2cf11640aaeb917243e7633cbbb9,-5.883,1.0,8.536549888567395,True,74dd8e02cd9655648bd457eabd2c37c8fa4c7d00d4ebb023a1326a6fc638a4ed,d94b4bc3f486d3a6e7f744111444defb2c0910f982bb5e32b7fee67fdabf34b2
169,C=CC(C)NC(=O)NCCCCC1=CNC2=CC=CC=C12,1a48cbfae649298c3b5b81ffc5b1b9b8c84fb46022b7af2ce5de678714df7329,-6.316,1.0,8.627509605905983,True,a9b74aec1ef668ffd6ae29be1aa3e8d62d5bbad653cec3df3ab9f5c7c39a82bb,7f9ffe8d6bab523ea18f7a29efd56cb00adbd3d88c7ed5054dbb15fed83fa370
172,CC1=CC(O)=CC=C1C(=O)C=CC1=CC=C(O)C(Br)=C1,60a62bc3e25b5dccf06f83a480f8d1770d4cb239405b805d0748cf0d23876f59,-6.775,1.0,7.535492352859235,True,e33f01925daf7963b18a3d2e1f246a14c811fb128c34148d418752d919190332,625c26cf64a270f3aad0b241da0f46b1cc40afc90e291746d7a86c7ebc6c24b5
173,CCc1ccc(-c2nc3ccc(N)cc3[nH]2)cc1,8a9e4dae4acb1d61fbf3efde68996136c4a9865c3557bbb31002d87b43ea1450,-6.357,1.0,6.2171606059358,True,03c8b4a07b62981bd24ee15375b948a15c752dddad2a9e4f3fb91bc381b17e34,7b7fdf3e3b4420f12753f77af9d0dfc56b51446f4252bb34aa307ee0750fcfc3
174,C=C[C@@](C)(O)CC(=O)N[C@H](C)CCC=C(C)C,220365d2243b9fba4b359e2b6ecbc56925db189bc01277f207f6262a73162f5d,-5.567,1.0,8.907286736150352,True,b855c6436e94836d02c3d293b4e94b023ab3ba75cc36f3ba0833329da09cf24b,4d71d447ff410c3ccf0160d0618ea8a9e1adc72fde68e02b01ee1d631edea2c5
175,COc1ccc(N2C3=C(C(=O)CC(C)(C)C3)C(c3ccc(OC)c(OC)c3)C3=C2CC(C)(C)CC3=O)cc1,79fb692e8e1736649077557190ba767848116da4f5d9b4d97cb1e1b1df9856bf,-5.811,1.0,3.177995909374334,True,19f0981e5184bb3f25db4e05f00d7528b625918114be7b9e5e48580e5fcdbba5,e42d327671e42e921afb1491b57ced2a1b032294977711e9705a6fca15bcd3e8
176,OCCNC1C(NC2=C=[N+]=C(Cl)C(Cl)=C2)=Nc2ccccc21,9c53c3fd984197b69cc60ee3e4b9a7565baea0c61761ee9edacc7735cb0bd4f2,-6.346,1.0,3.0814170441535502,True,89c1b0efc9a52ee59edce7a504d6df0975abc14170f3dcd19e79d343f1683492,edc63f2928a19448f3f7a665fca70f770a40ffbdd968c95340611de7d7c51245
177,C=C(Cl)C(=C)CC#CCCN1N=C(NCCCl)c2ccccc2N1,588f7b5711a262c9f45c60fff9da52c16d76b27346eb5c7ff8f459959d650ac2,-6.218,1.0,4.184501284502133,True,63a295c2650aac9aeb508b15e3c85a0d03340ab4bf6d3a2e872af6a2083e9c2e,98b881d899d707fcc4f970135c049612889f043ddd8de397b6cd2159f11bb9ca
178,CCC=NC=CC#CCC(=NCC=CC=CCNCCON)c1ccc(Cl)c(Cl)c1,c2a3dd8c829231a4d11fb1a2522f23b64a872cf2ca449d7f44372b8e5c65846c,-5.308,1.0,3.6463243136067867,True,02fbb6ff8e4926d092ba456dde793c7f32287a0f7a42aacdadcef795bcc7a9ba,c108288e7f8110d16aa0349237672fd2e9453c955401a1b49a04ca3828446d2e
179,OCCNc1nc(NC(C#CCl)=CC=CCl)[s+]c2c1=CC=C[SH]=2,cc4d628dd9646b4568e33ef3f4331ae68f7a3ccb46bd8bc6d70b9ce8b6bc3d73,-6.192,1.0,6.7943321967651835,True,b58e22b5a3f7244b974904b1438afe60ebe490bad52986deb6c33fe0008e7043,3bab24636e16b08fd39f1eed91c39a94bf2fd56caaf58d5fa9e278c4015b6e1a
180,Cc1ccc(-c2cc3c(SCC(=O)Nc4cc(F)ccc4Cl)nccn3n2)cc1C,6acad6b7422965ebc6fb23f66edb98f603a2c6063101df3a71e4f22df82d92d9,-6.444,1.0,3.042270533663961,True,55737e444f6d5eaad458f5c987c33918916995d612bd0a2d3b0ef40db41c159d,02526fcbfbfc02c958f009967bbf6382186319d319b51a1a152cc59a2f610ed9
181,COc1ccc(N2C(=O)N(Cc3ccccc3F)c3ccccc3S2(=O)=O)cc1,41eacf47ea0b922cb5ae081187a88e1477d24253eb96fa9c10ce84e8d6edf613,-7.194,1.0,3.535035360502072,True,4a1e5905a32a2fc85f97a571a879332c26710ddd11ee84dca070664e36d41ed3,1c10e7afbfd800a84ec071fd2c3acdef8c266860ebfcfd9013ef9792ace49bda
182,C#CC1=CC=C(CNCC(O)C2=CC=CC=C2)C=C1,86967d104f6201f1f4d91e91f4d229ddc3a797d62c04df107aa05f75c56e449c,-5.534,1.0,3.0205924915486357,True,5888bb21e85d0fa92e4e97e3f2e7e690088d52751d107b4e09d3a35affbc7ab1,1004460e51c318757037702cba7d5c54f5453b55acace7e213e4b3a7ef61ba1e
183,CC=CC1CC(NCCO)=NC(N2C=C(C)C(Cl)=CC2)=N1,e5bb4eefa18a5cb6bc2934d0ad51efa4674dc6d99e94d4cedd75fb53a565dcc2,-5.883,1.0,8.03214012576972,True,6a2073558128881e493dfb784da916f731b08f89552a3909d8e3a6ff616013a7,f064df25f7b849335d1f11a6f825e1668a9621ed308be9e649bf0b9bd47daab6
184,O=C1C[C@@H](c2ccccc2)Oc2c(Cc3ccccc3O)c(O)c(Cc3ccccc3O)c(O)c21,7aba84cfb82c90778edee024d6c7832448f7f0e374aaab7a7dabfc5e0a4cdcc7,-7.48,1.0,8.871821628053622,True,438083c9c2e506c6be040d28ce6acdef47100fa78e5bf67fc310a54d6c885b10,c5066cd52ce99bb260360ec78a309d892d8aaa0a978c8cd20e4f0912d3490bd3
185,COc1c(Br)c(Br)c(OC)c2ccccc21,c39a514bac49835cde991b7271451171d51779e39e1859e9bf3146accaa6e212,-4.869,1.0,8.881430571704088,True,5bbc0411e47c02b26e86b34c5ca4ba4d70f5db60d94fd294ae8ce36b021062ac,dc5ee4437d354e518b0ce830548e44954eb0a48565dd18def25747b38ae3d7d3
186,CC=CCC(=O)NCC(C)CC,c1a360b618a94e0323d30c8ac92c136e6f32b5be0f732418525138b6c1460306,-4.99,1.0,8.84428595195791,True,80e127c73b60eb9116c04654480812ad95bc26bbae2e06c3544a817907c4b973,1567df4d5a77b352490c60db5b0c9bc3ca804fbbb1db3d317c9b8398cf4eb383
187,NC(NOCCNC1C=C=C1)c1ccc(Cl)c(Cl)c1,58b4310550179b4a23fa752b3c1d5b13a4dc0ba881272229a37d6db45152ef78,-5.448,1.0,2.834934390775211,True,5b7a4a43086da105eaf04af427589af1d2f5f6d49b009930aaa999fbfb05816a,51a8f2acaa3695d936e6f356700beb9ed0edea378ab2309a3df6b8fb59c6b0dc
188,CCCC(CCC)C(=O)OC1=CC=C(NC(=O)C2=CC=CO2)C=C1,12ef19c7a1e1e27d775f30db2fb097f41cc28e32549f37ab28ab32150cfba6dc,-5.506,1.0,2.2091851438935586,True,58dee0a5abe5b5244975ad8c67068e91f38e768af61313217472324c977543e2,f0f89c3805a4c50ff99deefdfba77f6b3f4837c149f73597455c59e9fc9d0867
190,Clc1ccc(Nc2nc(CCC3C=N3)c3ccccc3n2)cc1Cl,1db57cb5a490759196a29a94812a8ad630e5d701087b3fba08e3bfa441d1fdf7,-7.093,1.0,8.30792669683598,True,50d6f7c77c402dafc4d67e7de8146accd5d5fe5baf59daad41a4f8f61ebef68a,f5d728b84767a93b32caf27e813eac5b238d7e6cdc16f53e2a2953784eecf522
191,CC1=CC=C(C(=O)C=CC2=CC=C(O)C(F)=C2)C=C1C,6266345c67bde83de5d596c056c4f57d91972d00ce8b273ff75eb840114c46d6,-6.357,1.0,6.843684680053575,True,1608f119ab8c03e2429f0dd87ff43b32794e332714a9dc6b07aab393a92a094c,2c78e22195a9d2de24d149fde1ba1c7d077d547b87f4203f5cb57507dec85eac
192,C=NC=CC=CCCOC=CCNC(C=CC=CC=C=C=CN=CC=CC#COC(Cl)=CC)=NC=CC=CC,ad0c403a55d21175290929a3ebdbb91379aef1c83f07c65513d507f6763a913d,-5.651,1.0,7.634041786629151,True,56c506ed646b63f0c1f7770398d5d1e25d02a50e8f56476ed112b02de1f0f0e8,cf42e219d70048bf56417fc4ecc16ff8b267329a6793da79056bb6a466adb648
193,CC=C(C)C1=CC=CC=C1N,3df7dc01204bc4610efa1a303a41bbfdca0ad9fd1ff028479ad6a207a6e9988d,-5.011,1.0,3.851845661497874,True,5ff17968b6b79e6d9db4ad8362e31080a70a623aac40f6150c4b62fb417a2908,f117d6188b5d6c703d41d3fb16682cfd3bbe95fa5a52805a53b85b9f9e6bbcb3
196,CC1=CCN(c2nc(CO)c3c(n2)=C=3)C(Cl)C1Cl,adc61bcac9b979ee73875eb5d0ed7b807dec0da804286af3cc6b13277fb29754,-6.28,1.0,3.174272042531957,True,8557831e0c5fc4f24077d434b13f121fb40109c99ea4d464d28e56a8d2d047b2,7b65a3000670e897e72b7348fa8f9d8dc7f0fbf1a46419717e058052984d007e
197,CCN1Cc2ccccc2N=C(O)NCC=C(Cl)C=CCN1,d8e0774fe0cba46f5279cd86bd07bb5fc5ab4318cbb67ebfc6864f6504e2cee0,-4.762,1.0,3.683812427363805,True,65c4997e5c0f62b28c9e45ee1b285b1291d7e8abf17183a3b5ec30c51beaf888,2b264e77df6b480d4839aabccec472a02b01cceb7d90851640e25db60da7f077
198,O=C(O)C1=CC=CC(CNC2CCN(CCC3=CC=C(F)C=C3)CC2)=C1,68f73e13f00854b7a76dcc17020c92fca775f339937da07b0f0fa9c6dba7f1ac,-6.904,1.0,6.765835720736944,True,50db7c7a451ab71a7eba590e2a4e8d5b0b2851dbc7364d5a7e91a138d9f0184f,20d9bbe67d0e71694c4f2813f22dfee3d900fb1d54f5ec2d29139f303443d044
199,COc1ccccc1C(=O)N(Cc1cccnc1)c1nc2cc(C)c(C)cc2s1,73e5fdebd53083af70d652b7a67b01806bd38115951e7ebdf3a6d422235f48d3,-7.143,1.0,3.0538285806508534,True,daa90e1b9e58a0bba7a34611017d6aa52f46ce198fe4d6ca29b81a8eda2c3e4f,cc6242d6870b441fdd426dee6c31172eb897fc015419776a9da3349ec074a69d
200,CCOC1=CC=C(C(C)NC(=O)C2=CC=C(Cl)C(C#N)=C2)C=C1OCC,817e5527d95815c08ce807d0db42f6a300cccf5d99b0733286dc41ca3f9feec3,-5.664,1.0,9.113238173119365,True,4256141406d929be42aee66f74b472fffeadbfa3f6888686b01db8ebda23cbaa,f5d782bebd1f36115290373999d3dd8cc48699801bc8c18d756e35f69aaaf3f7
201,CC(C)(C)CC(C)(C)NC[C@@H](O)C1=CC=C(Cl)C=C1,9dc90ef12dd56f1db3e542029b334a774fe382d65e43ed297284158c2310c2eb,-5.917,1.0,7.719545971104778,True,3916be302751b1d1a3589f9b20de08ab04c000fcf4a1ce68e95de390722bf82c,bfe9bd8e13008410e5902255b6834f5a94e38bc06b7b68c5b943181540d94358
202,COC1=CC(Br)=C(CNC(C)C(N)C2=CC=CC=C2)C=C1O,ee55381addf9e828facdc1ff4940ff5b7186204b366fa89270bc04a783597ad2,-6.215,1.0,8.836266292954281,True,e0df3559281deb88a6856749cfef3a27448600007116fb7d1049045d19e3fb52,b00dc0dbc441ea049a7a266f6b523fafa894fc8780464e532d1d7867559484d3
203,O=C(NCC1=CC=CO1)C1CCN(S(=O)(=O)C2=CC=C(Cl)C(F)=C2)CC1,dba899d6a0e07d4a4804728ceb0bbeeceee8e3b6a12dd4272a8a9837baaec886,-6.568,1.0,2.9313392843545087,True,67241050bc7b871fed17eb9ca1188a2be211a679f464c09643244955b64dd4d1,0e4d340931a1949037983b9c9d85ec488a1887ea60e04d70c5e2c4802f47397d
204,CNC1=CC1=CCN=C1CC=CCOCCNC=N1,9eec7355a8a0beb1f533863857096bc8e63eb6b01d198f88497feaf2c1dfdbeb,-4.059,1.0,8.800386696049214,True,5ecae47f3b27c5589f0063d883e7d5547f98511491a61c1ef72fb93d5609ed91,0d15a4bd035f130d179cadf46fbda8021ccdfa9d63c0d6d12d97cafa227a106f
205,CC1(C)C(C(=O)OCC2=CC=C(OC(F)F)C(F)=C2)C1(F)F,ecffdeb2e051a17d3af2b75883465e25674cd72c513073b21fac7de76099ba11,-5.971,1.0,7.618248880156123,True,7038df86fc97c695328847a4642252f35955ace3a2a3658a30a645c94f7da444,38dfff8e9e74da9011e72a91faae8df3a343be5d2157e421fc35ba0a25c92048
206,COc1ccc(-c2nc(-c3ccccc3)c(-c3ccc(O)cc3)[nH]2)cc1,5d8d6316a58324ba05ccc58703b67e2a17f6be5f874c6fa709cad98f6caf48f3,-6.334,1.0,8.972905493762878,True,68a0a1fb08c46b109edb239052a185ce17754879292528c557343a044a6c476a,d4944eeb71538636cded4ca0924090f08060bf148a0b485e62f83ab9a01cda99
207,Cc1cc(O)cc(NS(=O)(=O)c2cc3c4c(c2)CCC(=O)N4CC3)c1,8d6a59938856a4c2f58076ab8108cbe180f5d94e00cca900e78c3a3cef594840,-6.76,1.0,3.229826156312441,True,1b477e56cd1d38a2743a86c30b49a9dfe9fd9bcdeb372406f65e8ce3e0958907,c1241ce5946618cefd808a2d53e4f02c84590ae50f4b707b30c7d7a4d6265e37
208,CNC1=NC(Cl)=CC=C(C)N2CC(CCNCCCC=CCO)C=CC12,06637ebb6413597a4dd234228a5436f21fa3e195f7ff08975f86a6a77e32a1f0,-4.771,1.0,8.937333998458376,True,ac76674ecce9d166ce3007300edabc529ab87490966b7d8118112d09c4b043f8,d6774634c000e27b51d47c7d03ab88b5b65f53eb8b1adeb59846ece5d4420526
209,COc1ncnc(C)c1-c1ccc(F)c(CO)c1,afe8c5eafc9c47148d384d93db72f4970d2c1d8c4e3e8b698df7e59969aeb2d2,-5.468,1.0,3.2911367337137514,True,1e878f48a196165a9938e0e1f1e078022e6439e320d83eeb7b31c0060480dfe3,5948a5f35e7634a46a88bb17b011de3cd3fdf421821f053fcf25adbba586e533
210,COCCCNC(=O)CCCOc1ccc(Cl)cc1Cl,0211ff8ad6f2b2d2669b2d254b8a34428fc809b7db600feab7f06ba7c7765e41,-5.03,1.0,3.5030276904415154,True,41b1cd544f1ce86573a6561caadf04b609022b0e9f84ac66dfc57ba28117fb2d,4a41b73cf2390c0cef0de151456dfb992eb0964da1b96b84fa175728fa5577e2
211,COC1=CC(C=CC(=O)C2=CC=C(Cl)C=C2)=CC(Cl)=C1OC,6bf53c1b777b6c7abfbf95e8ac5741c4d46545de67fadae994d7b6e4a9553e72,-5.259,1.0,5.445618605815136,True,b3750a07f07e4730f7a92c3c5c0dc73883236cb8bf5d898e59250ba36361263f,4d6c9a6b886cbc66288b08c80756b04b4f0002d29a877362eab69f26a63d9e3c
212,C=C(Cl)C(Cl)=CC=CN[SH]1#Cc2ccccc2N=CNOCC1,dcae16ce072db51e323072e62dd360372153b17743e9dc38b25bddd0abb36b74,-4.49,1.0,3.233647321524104,True,ddef18ce058de9d0483e71dc98b20fdbb3cded63b33506328f690d3f2c825eb6,ddc0d83b8d322799e557546e3e5966ee88ac0df6d5e242cd43c5d4a43eada016
213,Cc1ccc(NS(=O)(=O)c2cc3c4c(c2)CCC(=O)N4CC3)cc1C,8f9391223029293b272c927175bce1b035b379a083b46c7ef5ef897e9628198f,-6.875,1.0,8.969229231098959,True,1c7a9632eedbcdf2cb2d4a031e3c3bf193be8d5fc3c95f8759ee623862d8d500,37d9b943127fda7edc889b5090fb9d4d3eb3de69e3a29cb7fdaa802a6008a4c9
214,CS(=O)(=O)NC[C@@H](O)Cn1c2ccccc2c2ccccc21,d768fc3ea9c3111a30a3d6a58860f07bd435b752f458f199f28f1c4c7d652012,-7.408,1.0,7.599015857333105,True,8130f64db46e5d02d7a292377efaf7e6addb70b3d81d653374cf53cc2ea637a5,21ec99bc57fb28342e75431a83dc4bc036e1c5e830290ce55346ea5ddd24dd7f
215,[O-]C(Cl)=CCNc1nc(NCCO)c2ccccc2n1,fc43c7f5b0b3c77689b0a4e4b245704eaebb50cd097d4b94041dddd99d640632,-6.465,1.0,9.190009249179242,True,a978a7d12932c0eb287e36c0c79ad090f94d9a96f9f787d003a16ba5b788e166,8e8bb5af19b830b5d512f527d2f343a66839ee308527da26212402246981c5f5
216,CC(Cl)=CC=CNC1(N[S-])C(=C[O-])CC1NCCO,c00a82dd73a149c031206b05a0c1408021907c841eff7fac8db76a5af67a7bde,-5.289,1.0,8.886160588240571,True,d90969d9e7a36b5d9f3516739c688f09e4b4246424cc69a0945c6754667f1613,9fd98c78f76dd254625b70123196b0c9f9df9c13b068832605f2075f27d729ec
217,CS(=O)(=O)c1cccc(C(=O)Nc2nc(-c3ccc(O)cc3)cs2)c1,01718b51a0cb46f2e248d984ff937ad2d1954ebb43372b2dacea0cd4578df3f3,-6.745,1.0,3.164282699127879,True,f2fda6c60a0530da0f3382e5f71d63abae74de22fe301d30e92332a7dfe5f23b,a7cf666fa22bc430ce16fb33f7360688f237b0a12b28fdb38e551d70e125525a
218,CC/C=C(/C)C(=O)N(CC)Cc1c[nH]c2ccccc12,1da79f064f50916e041c8e983483fe7cf6e55f3b28e7a7e400bd50cb633d9931,-5.558,1.0,8.72172511605359,True,63657796f6901ae31bf287ade1d75a6d675322c7bba340fb6819a29d1efae3ab,def54ae3c623ce9b4d686921ec0136163e5220bca538cff58a1206b5e0290e04
219,CCOc1ccc(-c2nc(NC(=O)c3ccc(NC(N)=O)cc3)sc2C)cc1,fdba716cde4bc4eb1df0db42d54cbdaeed4adb4f4dcbe0b7778363e05347ef94,-6.114,1.0,3.11316270053462,True,510a458c547afe99d2d799079f862c46dcfa04925835f8d3209d1f433267a010,95d0d4d59ffd4aa42201014beac167c76d141d2e894307f4a07c8f86a500847a
220,C=C(Cl)C(=CC=CNc1nc(NCCO)c2ccccc2n1)CCC=CCl,27fb8c46e1f4abb301926d33e71060c49981250d2eb397f518e90c84c38a7db0,-6.065,1.0,6.790474357509939,True,6cbcd0ad776400b6e342dfd92212e074acc8fb36420961e386600535416ed7b1,09a44f5d0d7e3ebc3be955507dee5042d6595e5d9c2faad54e305a85a9399da3
221,COc1ccc(-c2cn3c(C(=O)Nc4ccc(Cl)cc4)c(-c4ccc(Cl)cc4)c4c3n2CCCC4)cc1,301bccf6fb3954c2496ae48eb71e8338ebe93dce2d4f067090c9cab516157711,-5.037,1.0,3.6567752186865428,True,455ed10ddba6ecd7ff62460949ac1f73e7ba02fb7c1c4cf6bd7f71f0744462c2,c7ef7b9282dc506948ce3660e7911cff2173fd9b135abce88e6f592dd6f9c26e
222,[C-]C(N=CNCCO)Nc1ccc(Cl)cc1Cl,e97db8e7af2f5b2bc9fe775bee6522845efd54966f37defe0a38a8b60d60cb16,-5.56,1.0,8.069036931381588,True,f3b1cc2375c538f6914a8e554c32aebc498204967072bb8148c709c6e57147bf,2a2959c209264049cb8ba4890ff1c5954120cba420dcf6c584ad5a5a909ce115
223,CCN1CCC(N2CCC(C(=O)NCCC3=CC(F)=CC=C3F)CC2)CC1,b2060f3b3f1e7a27cecd4bfb07f686be0c94c56426bb8edd61277240edb6b513,-6.434,1.0,8.86702187884974,True,4b5cd8d5426cd9db467056a3f2b4a2bd1f9cadeb778fef5abe7e64e497c8be20,58987d416615c7c977e02a1561a74f1074f48df233d73a45cfae4ec169a95d4d
224,OCCNc1nc(Pc2cccc(Cl)c2)nc2ccccc12,200395011f20e69abdece3578867c577dee20cff7767ced96410043bc498cd40,-6.341,1.0,7.317181834558985,True,a7521e86f18a0a2990b61d51c7c83f4eaa3270194199705676f42a3ffe55a347,ba16d859b49e0e77b9332948d41319e118c4a5c2e5b29befcae016c983fce537
225,CC[C@H](/C=C/[C@@H](C)[C@@H]1CC[C@@H]2[C@H]3C(=O)C=C4C[C@@H](O[C@H]5O[C@@H](CO)[C@@H](O)[C@@H](O)[C@@H]5O)CC[C@]4(C)[C@@H]3CC[C@@]21C)C(C)C,b23a819a9a6018bb34eb43f7ed84f9a0f4c02fb164ab2fe87c733ffb070ac648,-6.563,1.0,6.741628067462636,True,9782b17ad2b208b8038e3c1f5dc96b4b1968b534876d4c84c3ddc8b06f10a2f3,5ef7072063ef9ce9f28c9164ef8833bf90ea11d67f4420f5f67aa0248697defd
226,c12c(ncnc1NCCN(CC)CC)c3c(ccc(Br)c3)[nH]2,efdcf6fae5c97ca6f88b70fad6fcd0a82371fb4514b0780f26c5ea38cf180245,-5.25,1.0,8.835293147372077,True,ab0d8439f14ca4af4178531ebc77de3adebf67762d21affc475eaf149cc3bee3,340dfe9822c83803f2154d34ea3740ce322f8cc1ef79d79adf004668b87c45b7
227,CC1=CCC2(CC=C(Cl)C(Cl)=CC2)N=C1NCON,17bb6e3c1135ec284107b48cdd03ff198853d5fef6f34dfa0d86fa842aff6c02,-4.933,1.0,7.182145431554557,True,0bba1bbc29c1acc3386768ec9de36f0469820bb452afcfccc50f8ee56aece1bc,9b933039cc12505519153cec5f63c3fae68d0838d322d3972aaf29088250e86d
229,NC1=CCN(C2CN=CC=CC=C[O+](NCCO)N2)C(Cl)C1,d887da36fc271dd75f261948355c4fa1a2f8402488ad4d2b4f17772950620782,-4.104,1.0,3.2986012186986176,True,89b74d64b6624f8bc7265184c21be3087656592f090faea73c2788048ee5da21,029d3f0f624de45c64e6d95a191053d63a8f3c3a8ff312bfe16a99e5f9b7875b
230,OCCNC=NC1=C(Cl)CC=CCN1,3033035c721404e92b62215fccb2b59d2d6ba88f3952532fe1e0b03db7911885,-4.268,1.0,6.696244171175362,True,3c546c7aeb5f52c884c069756e87e0d7bbcfdb9e3c251f4422145b007de87ebe,f69ffebf24800b79e1631f84e5e61c18dcc098bf197950f3ce48a9b07f05444d
231,ClC1=CNC2=NC3C=CC=C3C(=N2)NCCOC=C1Cl,7be2a5f815ab1cc3ca6a7b2bc6e9d69ca83346748467b4ab024c8b6683d99393,-5.225,1.0,3.588216827339173,True,833c6e09b0d22bea0fb7271eb084acf32200bae7d0134901d48dfafd8dd65560,1a50455b2936175116c968c0e36216c6a32a8ecc999c3e55901c7c529beb5c12
232,Clc1ccc(NSC2=NC3(C=CC=CCO3)C=N2)cc1Cl,c70a462bb32e1c0dd6bc367bd27260b7921e6354f1076cae29808b8c625b7005,-4.858,1.0,4.6270747778699235,True,f8012302ba34c2d5ccb1f5d5c307eaa8a438a51ed48a196b96d5a90a82f8649d,ee3e4ce01d6d5a2a08c006020c555c88187b90c72b7c3b079e79e686a8d903c3
233,COC(=O)C1=CC=C(C(=O)C=CC2=CC=C(O)C(OC)=C2)C=C1,deea57cd6e4bb305f442dbaa931a79310da4b3c9cda03a150b681bab128e76f0,-5.533,1.0,3.6732602684808513,True,6078360029a92f32cb98625dc077ca5081272bb8b3646b28c9576cc4d20b0ea8,871bf2502e8fdaf8db3a85c785c98fe4a22c995025c5eb751d29a291b5e97810
234,NOCCc1nc(C=C[O-])nc2ccccc12,43e8c88eb7c588224f845207ef630c827e615da5479f3890258e08150173c111,-5.698,1.0,8.98678145945477,True,669e251c21ea8c601ec2913c1c20bb9252d3145f040a91697c3ac5315a0cef8f,9b8a9f03baddccb9423857619855848286d17eb800832479259bfe4ee88fdf3e
235,OCCNC1=[C-]C(NCC2=C(Cl)COC=CC2)=NC2=CC=CC12,81295c93d3ddbdd5125efc6f009f3e432d36e1920f2837b17f448452fd50b23b,-5.23,1.0,7.268256530970822,True,a0ac58b990581fe2e6e2411491e3a730f01826cdba6d0d9f4fc1a96492f468e3,9ec48f922969165e73bc68a36bb4546bdf2bcde47b8af8faedf8194b6e1d8a8b
236,COc1cc(Nc2nc(N)c3ccccc3n2)cc(OC)c1,cb54c6a5c8db526b84f593449a130a60388d8235f309a78ed22bfaaf328e372e,-6.961,1.0,9.138657778908236,True,77db0687c60ca98870f6422ab5d46bb3331e3fea6425ff4574f51d3302b9ffcf,dbc08eba80acf8ac6d00a5f8a69360ac3f80c0cbab03b75e67f1eacf50f6000f
237,Br.COC(C)CN=C(N)NC1=CC=CC(C)=C1,15bd55fde8e2ded22481886318003eb192ea255c173a05aa45f3c49d16260262,-5.667,1.0,4.051333731007604,True,0830c7332ed455bae82f0dc2d3ddddc7573a92dbde581db55e4879d2ac6ab9bc,ccff1e3d9fe6c78436161f69d94ef53058071e1d382408db5c9f674a05746c53
238,COc1cc(/C=C\CO)cc(OC)c1O,ac293db2ab705c732250fba71c5762debc90a4a2dd32e9367744d38d01c2120d,-5.245,1.0,7.41870197541322,True,972443c6bb86edd1a3e15fc9bfcb8146a272de658afb18c2cc3fb4202b50aec5,c4ebffd3f61c570a9be224cdb78d220af5605c349eff9822507aef972178cca8
239,Cc1ccccc1N,ab9139a165f23db4eafa84ae6489859afeebd5b0462641f4799dea5626f34c54,-4.248,1.0,8.885402523240014,True,8ccbcb9d6a97affb9edc6ec8e19c7d92c3a4a0f5370647b2a66a592f3561851f,2ee2aa63dfc13bf7c62c04581145945eeee9d858d5b3a403386c6d5c0a672212
240,CCC#C[C@@H](C)Oc1cccc(O)c1C(C)=O,df6473649e39a5e57ed0b372b24ede78a284ecde8babee31910dd1d67af0d69f,-5.967,1.0,7.407439638633581,True,752d71f6c2b6f2e0644429052e0afb385652623e8cb1413635fb62be205bd3e6,fd74f35dc420dc0108fa6a08b475de02a87f2e1f829ec4c823b2f6b42a5d674e
241,Cc1cc(Nc2cc(C(F)(F)F)ccc2F)n2ncnc2n1,3de8253d035b3c33b101d83caebdacf543086e2b128ab15dd64cff65b673cf33,-7.717,1.0,8.056960407002133,True,d86945e266114067eb9f3a71a7dae38e7e4ba9e98394f25e2abc348ea3f6b5de,d4fe919e6bf19c3e67d995fcd996043d7baaea4b03d2b4572ed8f783517f7f49
242,Cc1cc(N[C@H](C)CC[NH+](C)C)c2cc(F)ccc2n1,2e70634c29de987329e3551256c1e04236d55a4d7ce78865ed1486b95d2f1e14,-6.256,1.0,8.73292728699833,True,57686de422aaff9cd9ca3eba50c95190be1bcbe62e6e52eaa9cf5d1471bebc15,3b7ca7996272e3b9510d03dd0e4156737d8c8d6c729813fd25fd83b2abe60481
243,CCC(N)CNC(C1=CC=C(Cl)C=C1)C1=CC=CC=C1F,12b0ac0e786d0d1a58678e21892b822ce68b2e9ebd0553adc34304d484e47397,-6.378,1.0,7.194368005599936,True,6290cf66b72963b66fb889be7810b9cdb455241b9ca7664456cc6c11af26ff2e,42e5c5939d91c32e4c76f36bd279aeb5fe49840137945d4bb90e78180f90b951
244,COc1ccc2c(c1)OC[C@@H](C(=O)N[C@H](C(C)(C)C)C(F)(F)F)C2,ef91dd10086f203c6a83e901f5ee2b68ba1a837b35fb81cfe16a1929318b95f4,-5.548,1.0,5.751626726414014,True,a21f29792c0046dc95ddc1dab43f8b1aec76aef3455d43e1449309d69046053c,4280a3328dd1fbf5f936d210cb2b06cc14fb0c1a2d87235264dbd5248f2e935a
245,COc1ccc2c(=O)cc(-c3ccccc3)oc2c1O,58ea31ca3499b8f8fe052d21393bdf399ec57c7595cdec9b449c127df7babf5d,-6.573,1.0,7.940740204791995,True,b70a0f2c30f1acee292e95ab16ffaea01172fa382ff58de01743ebe80648a228,bc92b7b00ece8fc08fce131e2b0e0dc65486a97df2da0e2dc491a4c946d89a28
246,COc1ccc(-n2ccnc2SCC(=O)Nc2cc(C)c(O)c(C)c2C)cc1,3a833b25b51b0d133a7b13205b22595f10689c5d8372e030820eddeed8561b38,-6.386,1.0,6.435194247262469,True,0676d416c2ebcc434b8a23f59d00984e5aa45d56402aa5819e83335e8b76dc77,151afd1924cc82e168d2d26cca78c879403ec81a23f2bcf0a2757ee0f6d486ca
247,CC=CC=CC=CN=CN=C(C)NCCO,4c0865133c742a6770aeff4668c405fb9abc4006d6c617ed25fb9c71a6136ca9,-5.111,1.0,3.13843862453928,True,365da22f46a775d32278a4c2df48ff8a70f2936f93616279bf2649adbdf87ca4,8a02c5496e093ce4bcf27b04e87f4be6d3abce308cf49e1e7a125a923d743112
248,CCOCC=C(Cl)C(N)c1nc(NCCO)c2ccccc2n1,dbbeba7aca03a0b0335bfa5186bd73b8052c3c6fb94260f94a4e34f812ae1bdf,-6.214,1.0,7.084166217699864,True,7b24971254bf5f484822673739528b481f8f553d141b676521b46ea180ad4eff,204ca26e5885098bb73f13cd7d900c4fa024ee1c74e34c651b78c08e8894b4aa
249,CC1=C=PC=C2C(NCCO)=NC(Nc3ccc(Cl)c(Cl)c3)=NC12,ab714d79c0eb4a56fafb079f36331b927f553db03ee1a109fd57ca81ee31acbc,-6.346,1.0,8.494594222209793,True,7aff58aaf08f8cf5f6b62177089ee0653c53360bf927c974b4c367b8bc85efcc,6263df99129994cd5561d6c20834f89f03897c22d85e0ce25670425cee2c1f15
250,CC(=O)c1ccc(Nc2nc(N)c3ccccc3n2)cc1,6f68a800c93796ec71515aa1f8c6c471003038f2cf9c5272ec9f5f17d600f61b,-6.235,1.0,9.016312827314724,True,6ec790b0cbc6a9eb8a7e98d8c4b49023d42b5bcc792623fd4be8129c52f28f7a,af6afa6e7fb3a0a95c704a2de134c01b8bd78007a742a50f49927763e258e4d5
251,ClCC=CC=CNC=Nc1ccccc1Cl,990b62ccb11b0aedbaace4e633d5b1ff3f593abe1f13714016dc0da2c34c5b6d,-5.594,1.0,4.605625581829249,True,04fdc0359a69e1a7840e72fc5f0ac004fc572024680784e7f76605d705751890,244e7e9b3a0693dd80499cc8ce19565ef05994524cad8b7e62f9d7762cbc407a
252,CCC(=O)Oc1ccc2ccc(=O)oc2c1,bf805d43e383e379bd4d49c4558f769bcbe43a3cd8677145b2183e22cfc3a6c7,-5.959,1.0,8.559686618095315,True,2986f5a6c9999045024b3ef2ee463ff49916d55c7a505381df9258b70161fe50,8b99e6a6bcaebb802a494765247947079a30cf24fdf7e1554da135541af8ea8a
253,COc1ccc(C(=O)Nc2c3c(nn2-c2ccccc2)CSC3)cc1,c2d779ac8cfb7d2b6195a3edc09e3fc943ea1ce14c509bf64bca1b5d46a76478,-6.18,1.0,8.031368065280038,True,07109a148d04946a42eb89084225c8978c9e2b47cbc7bf8430c30a7e45593386,9aa01a0e3e711b313eea2706fddee5cff97b5c6842c3d6d5734acb5acfec4a82
254,CCCNc1nc(N2C3=CC=C(CCl)N(CCCC3)OC2Cl)nc2ccccc12,14900046e36a28efd3c0917fdf7f1dac707483081bae2a7c3d33cc4e94b72d79,-4.538,1.0,7.926824458760267,True,78fc02c1b7e3b1f42a0690a06ea911abdb2e40656c37048f07543180c80a8e56,07802e431bb4b654f7de2e0a306c189d62b5b389a4334b83ade743be4fe0fe54
255,C#CC=C1CN=CN(C(C=CCl)C=CCl)N=C1NCCO,627250c2f04426a26bcf295f6ca5f9111f44cc9289d3cbfc12a36d7fa7d732ec,-4.281,1.0,8.747106321521422,True,fa4338af6649179a9b07f8bd20a21892deb86633a680c00de8007c537bade4d4,d4db06c69c21686817e2ae09e328d6ab463a3b477dba6fa1caca2e4274e6ccc4
256,CCOC(=O)C1=CN(CCOC)C=C(C(=O)OCC)C1c1ccc([N+](=O)[O-])cc1,64af09186b85a4fac21ad9e7f41f3f40ddd7365ca70db850862dcb931c3146a5,-5.873,1.0,8.146743214315768,True,49807216686176bf23126a7a453242273ad64bf32682b93e46ec5a7881a27092,88fa04d53027b704ecc8720eafaee784e9e5d5f742a4fca1d1936fdcb61444ef
257,CC[P-]NOC=NC([B+]Nc1ccc(Cl)c(Cl)c1)=Nc1ccccc1,f84869b2ab880ff1eea2642a9e973114f01a9a14ac0fbb8d9c293a936c60271c,-6.74,1.0,2.9544681416458016,True,80ea30118e017ce0ab8337e419ed03d76b3d4c8248807492f90a5ba52b6563d9,b43df8e25f7c7da323ab496f8ab72d15b8bf635f6c25c0bebfef60c50f4fd380
258,Cc1ccccc1OCCSc2nc3ccc(NC(=O)c4ccccc4)cc3s2,81787f48680c93186a965477155ef6a3bf1c600442ef552afe83725e95968dc4,-5.944,1.0,3.5750517478772275,True,f5edb3e4b5816a111c6356f91de915cccc2a8ae8df8bf77d23ed30d8fadffdff,0e541caa1c5ca95744c99154c20a4c950d5aca2d34f7c33747f359ffac73cf91
259,CCOC(=O)C1=CN=C2C=CC(OC)=CC2=C1NCCC(C)O,bbd4f1d6cab5f78fc21d093d1521f03ee26156835fbae26449c0d1e99953a335,-5.963,1.0,8.549810056369672,True,72ed724c6e099bb25ba014430a61c9d429de6625d131d5a150bde4914e4fb995,6cd918930115449256d1c7985e3b9a65159c40aad9c2c3e5f00143f6b238e377
260,CNC1=NC(NC2=CC=C(Cl)C(Cl)O2)=NC2=CCC=C[C+]21,8556e31672f896c5743d68ca4a56186bb546329639c947854e229a617428c457,-7.163,1.0,3.3666272439936082,True,e85d0e61e53a6a0072e0693e48712e051a02dbd765380ee6d95823c71925312d,32f5156010e44b75153092e957e53c92ece2bc4217b5b4254560f23af0c4ee64
261,CC(NCC1=CC=CC(O)=C1Cl)C1=CC=C(Cl)C=C1,6c6c91bbe2cdd720ff5319f8ca54127b178dfdb748cfd11dcaf498c26dba536b,-6.067,1.0,8.903022857434435,True,2c9e67a6217fbaca4474299c6921605515fb9ffd062b4492d809ffc0fe8ff8b3,2d520c20fe2369dd31d410563c5726aeacfccffaf9f9b6d09eac375dbfc9da74
262,CC1=Nc2ccccc2C(NCCO)=NO1,f994135d6d6f080e529d455fc1c179a2307b91705a749344a772338e3208811a,-6.321,1.0,2.275510052713459,True,b21a67fa0b57e341dc025ce8f88544a0d54458568587b0c9f708e66301dd735f,d561fbc347cc6dfaef608e26ff6633f8b9f4856bd897262e29bd945eca999cae
263,C1=CCOCCCNCCC1,cfb1f2e4e0f2b64d679a1e3400afd35d8d33d7fd16c8c2a95ece0d722e2f56a9,-3.276,1.0,3.019449287535725,True,40a7bd10cf66175f000e6f6674b79882e923bd1b51a8a208db0936017f46e751,532fe0f3a7719115edb8a4652e4bef9758efd2d288f8c661f595b507858c1a40
264,CC(=O)C1=C(C)SC(NC(=O)NC2=CC(C)=CC=C2C)=N1,248dc69c05397266ef1b075245eec35f0f97c5c5ff52ef5fe4d68544b7ca9489,-5.786,1.0,5.705271685029556,True,916db3ffaa23eddb576a1c55265613507e75266c0067d71f88b13ad83c0bd899,fb4b748f17bf2fa09f5bfe9a04ccdfcbdba4711cf1fe3734ad6290acdaa1b260
265,C=C[C@@H](C)OC(=O)/C=C/c1cc(OC)c(O)c(OC)c1,bf4e6b06925efa4049d8a437cbf8768ee44e963571f1bc5c234164f128ad531c,-5.606,1.0,8.65454886172584,True,a938ed5195b5e7243722a5e180ad1d8a4f34e06d58c3075bc523f8fe154426ca,55a025c09b2d681eda3d0143a7637de52297da4d0f868e7e9dd448a0f1f1e781
266,CC(CCl)CN1C=NC=CC=CC=C2CN1OCCN2,7c065e6d083ff1be0da636b2231f28fd1c92e08a99c13d85880af5412a64af7c,-3.279,1.0,3.849154712401153,True,e52186dcb336a455a7193466625a6fd1e4b28754fc430ab1850cb97960ae0d52,82d656f1d3755579af6a55985a05245ddfdf652722526a3c8514edbc7a68ce06
267,CCNC1=NC(NCCS(=O)(=O)C(C)C)=NC(NC(C)(C)C)=N1,dadbecc3d822d567c57a4b298a3a7f8a19bd0e776696bb9e2e92981e07d703cf,-5.606,1.0,7.731987648722675,True,e73ea0304c65019ab69ab5689d3c17049a425b4051e717a6e414ff85115eade2,fbc5a665a4735bd47b3c716a39f3616c663f9ac1f12d9d7ad2ef281101cf4f6e
268,COc1cccc(N2C(=O)N(Cc3ccc(OC)c(F)c3)c3ccccc3S2(=O)=O)c1,af4e215c8d4dcc66f383a9f43fb4d35951aec9c7f8cc53f7317c802d4274296c,-6.64,1.0,3.5041074469827556,True,13566541e2b92c9674273ba5b3f9bdfa3ff07ea7af857e83bb840aa8f3a1a95e,3904f34cbfba3d40ac9afb36da0fe954523fffe3b843e993ca9f8961e8768263
269,C=CC=C1N=C(c2ccc(Cl)c(Cl)c2)NOC1[S-]NCC,0907bc8a26a943df84ac9a6033a085eca41d7b8689c1004d60d7b754e0c36856,-5.568,1.0,2.89407014427778,True,6b2cda9f7ebfa4700bd9a36524d1a7cde55f40a6771ae827fbcbeb76128b343f,291847f697629d48c0daf386fbd2ebd80ca761b34092413665c9444b44a6ee63
270,CC=C=C1C(Cl)=NC2CCONC1C2,027aeb87edf111b9e9e17844b46f18cbe4fdbd49520834dedfaeb56df8bfcc24,-4.434,1.0,5.016747751282698,True,d6fb2f22af548abbd077b13c60ea987f13c3e7332c3072a25b1c960a3249d398,302b75ad173d242c377dc91186e12ddd2a33788d04931e8b438655016f1ae501
271,CC[C@H](O)C(=O)Oc1c(O)ccc2c(=O)c(-c3ccc(O)cc3)coc21,e1a08db5f02e705daa9d98142b4b935987955747ed0b774e90688e021de79e82,-5.925,1.0,6.095263899126928,True,30eb872e5d4270fc12885bd588e4eaa07eefaf0b593a9b0cb4da22f936fcd820,f3b14e3035b54b083f4fa50755da0398e86fac312c0705cab8e5a61072987217
272,Cc1cc(C)cc(Oc2nc3c(c(=O)n(C)c(=O)n3C)n2Cc2ccccc2F)c1,f342c32ddd462af0904bdc3d7ea876be140d0d4c673a0cba6ae9f470ab441640,-7.707,1.0,7.991015267160988,True,2ae3cb6502b301fecacebdfe67646a013068fa806d881e67c0efb6431ccff3a5,cd77767e4e8ddd211b6168a60231523766bf737169b887aae5fecc57e1fe89fb
273,Cc1cc(Nc2ccc(C)c(Br)c2)n2ncnc2n1,c51a0f7fb99ee4798be9563df2fa80d468b39c8ed4cf1c9c95aad8b373b85346,-7.257,1.0,8.0260662220044,True,aa00b01186ea346d15bae06ec4f66a37703cef5af08ea09e4f1dc16dd0db2005,b32cf6625c792e15d081573789bc238fab8db812ea28f1aec15d13531ffe271f
274,CCS(=O)(=O)Nc1cc(C(=O)OC)ccc1O,9bc9ba60d1e9a3376468f0e98db8364b942c08a63276349fd2f4fd8a76e18054,-5.684,1.0,9.460986259370637,True,8756793d7baf995a070e26e11e163fd0c0b6897a3771c63825499555ae3e2411,6cf55e1812fcc9d0b6cb0aaa56a41846076b0fb34ea8e0f580485f5647e141a6
275,CCOC(=O)c1cnc2c(OC)cccc2c1NCc1ccc(NC(N)=O)cc1,e388be0491da59fbc04f515627388850573ddc621050ae7e86e9013fd748fc64,-6.275,0.9393939393939394,8.78437897634204,True,ecd506fc1d85622000e214f0c9f0428ca5559b8b660547386c42ad1804a1c09c,433aab1a534a972300235e2d545df91038161f2a45413012262cbfa38dd72e97
276,O=C(Nc1cc(Cl)ccc1Cl)c1ccc(-c2cccc(Cl)c2)o1,f180d3ce268c2216739cf07817ca29322a45f91f29a4c393fbf89b22e361faa4,-6.926,1.0,5.4478614152711335,True,5d18f76d6dec2a72b426cedd0a757e4381f72faaca1f5ec1c2dcfa74cbdb1602,72ac4e82742906de7767eeec43a3f1a64b2bda6184628c7c95e923bcc310ff42
277,COc1cc2nc(SC)nc(N)c2cc1OC,3b1ee2347fa0f3d56ce64ae0bfbacae0da1c579ca84cc0dab839bfa1ddb0afbf,-5.059,1.0,8.644878310306051,True,180359e82e2bb27a244d0c1403f50358f28ef0970f1c8c4e9130c62e61fadd6b,ba9569a9394e80b195cbd069d656c5caded7c2631da7e6c3f21416c9db2008e6
278,Cc1nc(NC(=O)Nc2cccc(C)c2C)sc1C,def1a9d38b791c427cf8a47e8aec1b2bb8bcc371689027ba889dff67fc79d654,-5.594,1.0,2.7008319088754873,True,ee93a3e132d5858b2427da6c1cd748aae8d835315dc54391851a85df2bee5e91,99e362fc92a0b1a3ae56b48ca720fc6ab5e96b3150e161fd0008ba10302e13e3
279,COc1ccc2oc(C(N)=O)cc(=O)c2c1,51d82c73fb59829a8f6f023000f6b0384a5efab91a45516614f123713d4836e7,-5.658,1.0,5.2130349126012945,True,36e0ee78ad41d873573ccefaa4b6b449929cdbb910cac0abcc12ae9c3b57ccc0,2fec46273afa46f36b8e424edd2cff20b401247056c991829b51de3da3d9fdb2
280,Cc1cccc(C(=O)N(Cc2ccc(Cl)cc2)c2ccccn2)c1,3707073f5a3415666f087ac2f6b595c0295e0d6f10ba0a6b22548451565be961,-6.334,1.0,3.268734005697009,True,81026d02a1f44909bdb8b9120f26919c218870bd181247391306b52dfced4702,d6c9e7d95159d48a229612be528c17870dd3d11c49e3ab63adc92b98579f46e9
281,CC1CC=CC=CNC2C=CC=CC1=NCNC(CN(Cl)CCCl)CC=C2,906e9ba3c9ca349d6ccd64df0c96f9c9f59f2702dfa2e42bce12b38e6e08714a,-3.541,1.0,4.71648025544473,True,efccd7400e91252fc13563c756585dba9a09f7a07adc00ca84b410f729fcb041,a1e3db513b2de6cdbc42a4a43305f98a05495ead8f9d010261e6669258b2ce89
282,COCC1CN(C(=O)C2=C(Br)C3=CC=CC=C3S2)CC(C)O1,15b80a7260d4106379184b3541ffe88334b93836c75bb14fa6570a2a56d72e72,-5.846,1.0,3.7747799935890303,True,7156f90f10c8b709f06af95df9201cb13c7f51c8334ce23c3c2825911e08cb14,ed8106cd50cc0b9c4d0a5ba2272eb5e410250d62d4ad312dddbb90d119693d63
283,OCCNc1nc(N2C=CC=C(Cl)C=C2)nc2ccccc12,8596612ed0220481f3cbaf5a35df85f1bcc26b64fffb3045d0de04e119f9029d,-5.542,1.0,3.7226928425536294,True,2cce69b0969d5888c6dc21a779da262951fb43e05cb399ec90b4e2730a3e060a,a0c016f74432fcbf2513e4a36e5b2f37fa5dbd2e10b9cf9c22d37941700e08db
284,COC(=O)C1(CC2=CC=CC(F)=C2)CCN(CC2=CC(C#N)=CC=C2OC)CC1,a38f0a91f8c77aa9f3e1eec6e6b072cc3025b680413d2657c18c654b49270a43,-7.009,1.0,8.982166832117962,True,9879785ce89be26dab969057eb7673fb750aba9aa7070ddb42938ca236e89645,510393c596f1be300c03f8bce6effe1312bb7ea75138b8e3fc2d9d3620403bb3
285,C=CCC=CC#CCNC=CSC1=CC=C(CN=C(CC)NCCC)C(CC=NCC=C)=Nc2ccccc21,d8df686cc729395f72c844d64fe6f15fc5485077eb4c995e8815784464f58afd,-4.893,1.0,7.342053867958201,True,e39be216b56d22f0062ef5f9d00dd6b7e8d148461934742272006ba285973c77,e61364a57a0885ba65d8036f369d387d8da2526e94df7219bc345084baf74db5
286,N=C1C=CC=CCN=CN=CC=CC(Cl)(Cl)OCCN1,c52a602da101a8133ae845ce1082f779bdcfa6aa928c71f8be6a8a514beb2544,-4.166,1.0,3.6904712436218787,True,960fa0cb08805c0e74fb68bbb1521a10af867121396e495f7fad8a40b3832d63,57b38806ab22aadf238fa83967e41078e217028e0ffd825478325b1336dab252
287,COc1ccc(Cl)c(CN2CCN(Cc3ccc(O)cc3)CC2)c1,f9349a80a67899bb5c2b5f24511632aad3ce22336dc2943497f976cf71a5f318,-6.504,1.0,4.793759380694865,True,5684052ff6d2d95bf136511e82c21f78dbd5d14c03d8817d7b5ed87292f3d9ea,0a3b0f92f22481e7dc7bbfe97a1f90a2250ef12569d83a79153cd6741cd60b25
288,COc1ccc(NC(=O)c2c(-c3ccc(OC)cc3)c3c4n2cc(-c2ccccc2)n4CCCC3)cc1,43b1638377eb9060d7a6077942ed35b09caf8226edbde8a4288d1ef1c80c66e6,-5.074,1.0,3.582544626379414,True,6c786589fc41c0bddbd70d41757d1c3e4efd388b81871ce5daca15448b7c3e42,6bbf10bf67b6ac3150200e6c899f18bc032dee69e0bf0bdb802382ee2a34124b
289,OCC1C(N2CC=C(Cl)C(Cl)C2)=Nc2ccccc21,50949452451afa9088272f74d4b413a467e56f9045eb1ca7e13d1d78c4dd93da,-5.746,1.0,7.83179826093599,True,45cae19f692e5fc5457c49c75325f96dea336739c8339b53239a6a21b94d2985,38224fd452a995b6d2b11ee380b463c7c6939c4016a192d3965468878c19f4a3
290,Cc1cccccnc(C=CC=CN=CCN2C=C(CO)C(Cl)=CC2)nc1C,b445125584c0986937eee53f2e602521aa4641ad9ecaf22e8e5868ba26f0342b,-5.52,1.0,3.241018667024304,True,e1f29456ba3776a3478950b5804588789ef7695334af34051692a678b613c144,c863528182c4c92b4439b0156780da6505db04d70e526143b68368da62977868
291,CCOC1=C(OC)C=C(CNCC(O)C2=CC=C(Cl)C=C2)C=C1OC,9a96dff20d2748359e7d1770062347466d1224be01fbc584c43f3980d640f1f3,-5.304,1.0,3.3590864829593174,True,dbb1947f26b9c3c67f56d51da5d5f4f09f4fd29053fd07c2b08646194d099d86,f9e582d14a19d239aeb159aa2c1f45a2ff8036727840ad97f1216d04a7ceb2f4
292,O=C(Nc1ccc(Cl)cc1)Nc1ccc(F)c(F)c1,85a17549bc1e4294f29fad693fd4b6a1dcf860177d5aa22c8c1a982653e59e54,-5.831,1.0,6.985838675492013,True,d8924e7a4918b6a3b4cde4c658018c7c695066e52e2bee70556cd68c9f83ae84,e1ced0c8a45d0fde52d0f5c85916071198768313c1e8ce962ffb4590fc4f1840
293,CC(C)[C@H](NC(N)=O)C(=O)Nc1ccc(Cl)c(Cl)c1,4fd366bfd560456be0316ec70094e105871ec1395c1125dbeef33d15d914a847,-5.432,1.0,8.848236434454043,True,97aa869f875e5b9cf1233f0f0f51d442682ac43f72a395f6da119065a7881d64,d5bec6600e0bad00feb25ce13e53467e8554f1bcdba4dcf6e521e4d9b28ca59b
294,C[NH+](C)CCCNCc1ccc(-c2ccc(Cl)cc2Cl)o1,acea68b0b92579ed870fb893c94b1a8b28d9299c05a33fdedf629edc55d6915b,-4.863,1.0,4.241769088481833,True,73a78b69289485f4ea65393fd5fabbad7cd56d29a8a3a0045816d39647f997d3,8e5cf27eb2cd8ace8aa73805f300761715bc02a7359b10f6efa14e5b41a727e5
295,OCCNC1C(N2C=CC=C(Cl)C2Cl)=Nc2ccccc21,82f6bcf17c15dcaf5cb91e383cfca52808ce75a33415ab431beb7383cb752e95,-6.028,1.0,8.821956075610442,True,b9d128badcdec2969038bac38eb363c594059509636e8822a466db9277bfc42b,6a0d1328a5f781ca2668cebafcf83e07beea18fa5fed5be5c69a2792b7146c08
296,NCC=CC1CC2=NCCC=C=C(Cl)C(=N1)C(Cl)COCC2,b541e76c7cc28892e3bbfb092facc428d6ab69ce681c145e8a2eadecd0c296ea,-3.419,1.0,2.1943958166201476,True,c6ba145befb2b42cf4c3b1f34d8d5a9da3b5239c22864c8eefce11eafecfada2,8fb2621d11a03452e9edf0936cc889170e04f468324393dfa5b44b85cd4935c0
297,CC[C@H](C)c1cccc(NS(=O)(=O)c2cc3c4c(c2)CCC(=O)N4CC3)c1,19c09236254748d9f3f65f9fa5340e7e233ddfd96496b6c214a037c8af7de308,-6.722,1.0,8.830377172012529,True,4f9ca6b03a1a39f0fdf13b49f96280e5a1919b5606f9bbba160fdcc630958431,9fe982f88773a348d40120ee5198fccade1fb6af6a976b7abc55518ae92074d2
298,C[C@H]1CN(C(=O)c2sc3cc(F)ccc3c2Cl)C[C@H](C)O1,97a3a2afd3f91ccbeff2a95ccfc5095c5384a9361d95e3c6799db9988104d085,-5.965,1.0,3.2894823300939002,True,69f78643017698dbd1eec49b3f2a17453f5cef88e704e8461260529c91943c5d,7b662ef231c34e0935dff06b8b92a5209e929cd0f6e3c462e781e9caec383ea2
299,Cc1ccc(-c2ccc(CNCC[NH2+]C[C@@H](C)O)o2)cc1Cl,d4f0eb82080f5fc1f1322260b863ee81012f1a239dead59655ae270103826043,-5.735,1.0,2.839678502929514,True,7155d407691adaa8f8ec85314d606c69cb55b21392c59d210ec87cc781fc7e31,6481eb0724374099010fb766497c7811ee95baa2f5e2116dc2bc63564c7a3226
300,CCOC1=CC(C(=O)NC(C)C2=CC=CC=C2OC)=CC(Br)=C1OC,4c19f2bcacdfe278324902074d71b99e0ff32219414c5af57dcd9545aab46f98,-5.342,1.0,3.2834576287809805,True,112dfcd91fb08704715eef03666812b54aa9472f8b5617cda234f39381381fca,db1b18ea10c84b131fa21b1028e6b3d82e8bd9721ecc77794a2f606474bc2e37
301,OCCNC1=N[N+]C(NCC=CCCCl)=NC=C=CC=C1,aa736497247b4825d00f53e1aaf3b7832b081953d17f905eb4a3952ca871f855,-4.02,1.0,8.231646554608623,True,0e624937220675959f8af475be7de2ffdcd01d97c38f9a89dcda9990715ee670,2f7bbb57695f1c978c96d61e7840cc5e6bbb89034df30864214cb9db43b69ea1
302,COC1=CC(CCNCC2=CC=C(CSC)C=C2)=CC(OC)=C1O,9d2fdfa1c74f1e84951c86e691fd77220040ea5e21a66394d6b24a301c68d515,-4.942,1.0,4.1203899087343645,True,0fa377df92e2fead63e138fbac536a0308f921141cb6668aa0249e7ad32b06f1,45431f2e60da609d931140413c720a9d75aacb875537a45504935f612e7d45bd
303,CCOC1=CC=C(C(C)NC(=O)C2=CC=CC(F)=C2)C=C1OCC,4f854095a288c267c87ddd71d32b3871bc85b51e8b7699376a646fa7f400f0ce,-5.823,1.0,7.1901599425882035,True,1fec75a0cd4c353518669038cada7cef0b016a5df82926df9c28757d97d46098,ab2561d0c4716e10705a7f9510ffd810f92c88b108e6fcdcc4744d2546bbe8d7
304,C=C[C@H](CO)[NH2+]Cc1cc(=O)oc2cc(O)c(CC)cc12,b6a12a4d70424404a4584dff9e8d4d1ec4a31c8c14265dc00891b71ebda121dd,-6.03,1.0,7.736232287102037,True,e8671dff063dc3694eae45f49fde48091800b54e6c26daaf1eafcf4e01cb22c1,0ea3f72fdc02b8ab5887c6985526529de56805ed3795a383104d674f50629a92
305,CC(C)CC(=O)NC(=S)Nc1ccc(Cl)c(Cl)c1,597ef9883da1fb689ff96769d4a8ebb51bb99a3d88842961493573bd0f59bbe8,-5.735,1.0,7.698504400206575,True,72d023aaf7f0cfea9d93256feb4d48ca485b161ba58c31767874083cb263e642,dabc0acfddf74f3ee5eaa61212fc36a8c7d0969ed92fa6b36ecc4491d2810c26
306,CC1=CC=C(F)C(CN[C@@H]2CCCC[C@@H]2O)=C1,3e69e145535021dceeb89851aa598bd1e68d1b98b765b16c9b40b50e034fef26,-6.027,1.0,5.027930289890663,True,baa7234b576eef1cd8790cb0029722142422a2c0499ddcbc8f51c73259155c95,35dbf88f939a80c5269f22932caf37ebee46567afb17423d6ff7142fa644fdef
307,Clc1ccc(N2C=Nc3ccccc3CCCON2)cc1Cl,4b6dd413f67c15f97d67534af7be18e6a0490c79ccb9394db022e69299dc11f2,-4.869,1.0,3.046376372019717,True,b526c167197e67cf335549e1e018215dc9bbf600cc673e15335f3b09665b65d8,dbd2ff9911181b64e986ae5c59a0171350c0e84a1effdabc5867960bbd21ebee
308,C=C=C(N)C(Cl)=CCNC1C=CC=CC#CN(CCO)C=N1,193cde6d609e29910f6ca836b5c21c95d44827fea08f34cc3303b041f86917fa,-5.39,0.9642857142857143,6.663037295408154,True,b18e2dd1eebed1ede525b283dedd47cfa09a66d2f7d55470ccd6698c5e0c2e1d,64e6b581ebdb1ef4c911b0ec5486e10068d697aeeba90ea1b4e984c124c664b7
309,Cc1cc(N[C@@H](C)CCO)c2cc(F)ccc2n1,9aa0adeadc845abfac747cd7928f363d8926ed845ba54fff87a1dfb7e7476353,-6.035,1.0,8.932787750752842,True,a15a887a466183c36b9f5ee6b67fb5f040415cc0beeb85a92f09d0656c156d51,ce37c1a055ac737d4de577a0096619636ff7daaa5deee969ffa130b8d23db2a2
310,CC(C)CCC[C@H](C)NC(=O)c1c(N)n(CCc2ccccc2)c2nc3ccccc3nc12,cfe73f007a7332253e5c737c9bed548a1acc8fde3ed7b6f4546cd670c997e44d,-6.846,1.0,7.21045588017845,True,a557ad7f62f65edf7eb19186665b524e47d4dd2ef58b1a3e03e603f20762e418,aeb208c781211dda081185fd423f3f4eded1962dd29a21e2b6bf720bd9731456
311,C=C(Cl)C(N)=CC=CNC1C=CC=CC=CN(CCO)C=N1,a1aec0b33a14612ffb228132ab14b1fb010d876eec85bc5e48a8ad35a4774a27,-3.753,1.0,3.2660695032408604,True,102031fa69196272d3bf66699fca8542490bf710a4e691fbefbe729530e41141,3ba198b8fc3dda9f89744bc3a283c6eda2c25e5794288970b159bf9ebde5b1a4
312,COC1=CC=C(CNC[C@@H](O)C2=CC=CC(Cl)=C2)C(Br)=C1O,acc78106e296f594b67d8f444e6567218d5b30b3579d69e24070e638c0e43f5f,-5.276,1.0,4.10009719396992,True,0367459bc2516ac4e0eba25e903bb0cee1b380e9e32f57ca7abe1c5f830f4b36,cdaca5a22c84d8db8875ccb07f9fd15aa385d496347c91ce65a0b85556be6299
313,C=CCNOCCNC1C(CCl)=Nc2cccc1c2,7cb8e86419ecc90613225d522e64b2ed198a1ebc417aa90bf8c1661a97947f6c,-5.208,1.0,2.3724451521584244,True,f1950e10dc6578aed80f4f21bd5a14bd9a524aac0e39b2bc226afe7fc09fc1b7,06255d4b0675c0790116a1e27c5188a4ded36a2e5d720414c26e3d744bdb93b2
314,CCOC1=CC=C(C=CC(=O)C2=CC(O)=CC=C2O)C=C1OCC,f4818a27a5d1cdf362752122609a39ddc560ce513b729ab7987075e855a75cac,-6.225,0.9615384615384616,9.201071676712447,True,7192b1ea5c16157561f9f9d3fa12e257a3688c4d155952ffae9ce89091e462d0,773fb3f0e10fce84094acd9f14259c8ba16e98f53c1324396626353f8d052d58
315,CCCN(C)C(=O)c1c[nH]c2ccc(C)cc2c1=O,9e4b83b9226b2e524f59b955967c81f057af02985f8d971a970e259a3f963d92,-5.964,1.0,8.541772649748998,True,37b3b9a8a51e5a716e8054aaf587bcd1523970f62d09d214dbf9eb45815eadae,37e65524778dde5566c12bdcde17af9e6c0c314366bfb6127eea3e77e94d2a8f
316,CC(C)(C)ON=CC1=CC=C(O)C(C(=O)O)=C1,4ace74f1b233bc5efcd1063d975ed06ad11ae145cb35babde2bc053eb2b2db61,-5.852,1.0,4.065082163991276,True,6d96fb55e8143bdfe833631f6d564435a94b2cba0e10e907c6fb0c113c68ec85,e14dee534596281c9139f5774f7203d070aa6817f648ab7a757704a15e2c9488
317,CC1=C=NN=C(Nc2ccc(Cl)c(Cl)c2)N=C(NCCO)C=CC1,57ef9d06546271ae0404c3e10ee839b91aadb4836f80f251e3f424852236dfc1,-4.675,1.0,9.665449446352715,True,351f75ef3e138ea7dc27209f9706871c0e71c62ef11591c05f9d12150d973644,fa6e77d6db9eb2be02e72f24268186f2c9f481782e9824fc3684a53b49d16bc3
318,NC1=C(NCCO)CC(CNCC=CCl)=C=C1,4541ae83b114a926aca982918a884f24bfe82a0ebbe08787bd0ce52326d32fe7,-5.452,1.0,7.327098061306401,True,7b5e961aad69398ed0a3187bdcd22c29156e8db8e5110856c3635e2757457935,6225d5f7bd585fff80402ec1818253b82d7f44f12ce24f382bcbed25cf7dd940
319,CC1(C)CC(=O)C2=C(C1)N(c1cccc(F)c1)C1=C(C(=O)CC(C)(C)C1)C2c1ccc(Br)cc1,15cfac2d979b0638823a2d1f80019807183829d3699d1343b90874291225f3ac,-7.285,1.0,3.524489182846218,True,0d053ad8916e315320f32db9b36cd68fe4165d4e18d83349100a1df99fbdd254,a481ee6c1841739c054efe7c67abe917ac75527fbb0a34fdcf01addae1990c62
320,PC=CC=CCC=NCC1=CC=C(Cl)C1,3d23ff72709a40902a3843f15d46763b5998ed2891cb5e98bb53f521a129687a,-4.878,1.0,9.352394399296898,True,4c2f34658db995941527bbf2c89f72dd93b29b3b1e8bf7b8689e18d6cc352353,0f2c83c92992e29c8675856882c5ba407fc75728cc087f6836be8e72ebdd5671
321,COCCOCCOC(=O)Cn1c(C)nc2ccccc2c1=O,4285cb67f198b2dd46eebd91cdff30a3682fcfbdd69c0f5ba7a54c55b251d310,-5.35,1.0,3.045686950426785,True,005ce191a22a9cc56a5f27c7f0336aa3138f4e0141f3e953a1301446675e1db2,6708bb0d48f1de5022cdd93108fb88c1f6cd778c8b55284107f879755c7fb50e
322,CCCCCN1C=C=NC=CC2=C(Cl)N3CC=CC=C3C(=N2)NCCOC1,4dbd31cf242001acc341d05654d1cfbd05c81bd62626c25fd0f55971d222f472,-3.897,1.0,8.644348211403795,True,b0317267551cd5d80c3a7779d880fdc2d2a4ae4470202455e5d2287a53a0507e,d501e00ad2a569aa1fbddf25dbd4123e8b780ab3c14237ea15ea4a852b603b29
323,C=C(C)CCC(=O)NC1=NN=C(CC2=CC(OC)=CC=C2)S1,8bfd100053914fe30cfe38137b9f1a4832a5e36f801ddf52023e9a15b7b8d9d3,-5.931,1.0,4.977273952677309,True,b88c8e36b606ddc5812a7b4a041e279c6c2087e1d36a8d947e41153a89180e28,f61b663fc6b9c362dc40106b361b722c12555599b3ac8c224ba26c8ed9a49a3a
324,CC(=CCc1nc(CCON)c2ccccc2n1)CCl,d64f0412ac3ca41b3f1b970326ca5ac0acb728c6b1132a448115808478073639,-6.393,1.0,7.156157907704385,True,d64a578ecef5ce549b20df33a07d6c45f5324dea4937338099687b200728aa4c,2522b0ecdb6ddbc7c509bed58ef5e20c494f06bc7c2f4a97df29db3a59f731ce
325,O=C(Nc1ccc(CO)c(F)c1)Nc1cc(Cl)cc(Cl)c1,abb14b7af0e9a173fd64d43f1f62c00c0e6cc6f44dff35d605eeb50a0b05b156,-5.404,1.0,2.8530860484745304,True,16beb678875a78aa4210725daf6efb2b809ed36277b421804e7a087e42d16871,0e950d2589876c4ed32645218ff5d39dbc490395f01b36104fe0924cf8c08e00
326,C[C@@H](NCc1ccc(C[NH3+])cc1)c1cc(Cl)ccc1Cl,46d2588ac02b0515af53d21bb4e597aa0d9f7a98c9cef0d6baa850fc6a489ac6,-6.381,0.9166666666666666,8.785248374405814,True,85db72cc09a3a76df121099d8d7e09e56fc3d3c5252fe0b6fd2568ef9621189b,c5f556a2919c042da683c7a6538616945c3398438ea165c9acaa38a9e0cac661
327,Cc1cc(N[C@H](N)CCC[NH3+])nc2ccccc12,ec3d94ce27071972e8ec674fa24de491a0149dae76c56903b012c68778329261,-6.103,1.0,6.51455708394669,True,bdc9096e0d7303946344d6aeba891cc1a2f60451a04a7de39f9df5a546b75c0a,402d9fa6c6c6b7f086e407ba2dad2d14d72397f3771b89f25d56cd22cc01137f
328,CCCOc1ccc(C(=O)Nc2nonc2-c2ccc(OC)c(C)c2)cc1,2adc18a2928c997bebaaf3b3eb9a6fcbeb9cf72524e75f931522beb42abea3e8,-5.895,1.0,7.300705376879687,True,6398ffb9e5bc7b1280fffc19678be78c5ae5c30ed61bfdea6a4748652b8fc19f,b28363b49df465b5601728173c071f2571e52f3241260c549afb1c75516a500d
329,CC=C(Cl)C(Cl)=CC=Nc1nc(NCCO)c2c(n1)=CC=2,f0e5220b26e64a29f8446523bb7c19aadd9a1059b5a5eb4a7945c81bc4200bc0,-5.97,1.0,9.287097016829316,True,d54598f04dc9fc4380a5d5053a46fbf9c2ee0986d05a12a529611c6a58616841,2c685ba3f519c3302ca1cc1e1fb1825f4997557262bfc78c3f8d4fde82970554
330,O=C(Nc1nc(-c2ccccn2)cs1)c1ccc(O)c(Cl)c1,3b475a39c1f2707ef37076194a33c158f21fde8c8581e4ca51835fcc06aed2dc,-6.05,1.0,3.0817193253117643,True,9d470f2b20dbc6828b40ebc93bbfb82cbcabf5d37a3ab57f22bb71e39c447713,d3bbaeacec4bc373393f2928066478d89d8ac4f5b6d3bd46a95ae7c2f02f7727
331,CCc1ccc(NC(=O)CSc2nccn3nc(-c4ccc(Cl)cc4)cc23)cc1,090d2bfda7dd682af3e7bbd50a4b9b06ee958bbde5347b44f1813f16b3c14341,-6.323,1.0,8.86815369736001,True,893a222d5dc3eb8581cb93e719fef24488ecb2b23ad8d5599a4b2bbf5f80104c,737ad30d97f75d9bfa5048813a044448224bf4664761b45574d780c39ed614de
332,OCc1ccc(CN2CCN(Cc3ccc(CO)cc3)CC2)cc1,6e92be201f2c352efc0d397d7f075767e9f59f2c409fdabfcb0b56e4b3ea0595,-6.215,1.0,8.964691349957343,True,3fd2458574b972a235b9a5c70a40025c0124cfc891151b99cafe3ea07429a060,2ff49ccf17d368c93f7ea280c78563c7f5c157d3ef9540e00a451d4e068fb3b4
333,CC(C)OCc1ccc(C(=O)Nc2nc3ccccc3s2)cc1,92a907bc47ab20c49094e360d536fc8dbf0717f28502d0036a3e4359ddba8503,-5.716,1.0,7.704757361526708,True,b497627511b1e6eadb7967cfa489f725f53cee25136634556f0bddf3280e7a01,d872bd7c0561454c13c53b50dbcfb9c3e09a6948522cd768084c7c2395188c60
334,CC1(C(=O)OCC2=CC=C(F)C(F)=C2F)CC1(Cl)Cl,ebdd17f48669b926458012f25d0e069ee73fcb2f9eccf9a836805020f107791c,-5.859,1.0,4.988860190464352,True,9b2030b2efd5dc22bd3127d016a5985e8e5f92536203d7be03f6ecc955b43e1d,775145a78541abf559663c9ddbb85b938936784c2a6bc6653c20cf2bd4d77d6c
335,C=C(CO)C(=O)Nc1cc(S(=O)(=O)NC)ccc1O,1cb6acda2fe88dbed7c5be1ae3fa1369bc452e1488d17ce6b0b21876dc3133d8,-6.355,1.0,7.950295591989018,True,3513ca4ad2fadc2ff74424bf2a898742851f76f3dcbb566697c27cb511b2638d,a1aaeb81056f0ff05bc9091d262511185fc3f10fabe28bd58eb86ccda225827e
336,O=C(NCCC1=NC2=CC=CC=C2N1CC1=CC=CC=C1)NCCC(F)F,33ad303e8ff1ecfd56c59dc0b3c7828a7458ceb9ea64a95f23b1fc944aa93659,-6.894,1.0,3.426990224672376,True,e233edc8c71edb53cef1cc06a3264954820f9beafb7bee759a67177b219a46b5,6e650f145b083ed95518393d631949f7ac2fdad4c2f0fd92813c99bbfcde31c3
337,COCNC1=NC(C=CC(C)C)=NC=CC=C1,a4b1a77292f7c29a361aad51117a5d6564b3162dca9acde515812ff381ba2549,-4.286,1.0,9.348955289228845,True,b02395207f68dcc9422a59fcb1db4867c13f8d26e769e89bd65a5d26353ab177,1f21588587b07cd0a1b45c8a90de18c24a4beee4234c3e5b04e377adbf87a865
338,ClC1=[S-]=C=CC=CC=COCPC=NN1,9a7317b6251694385aa1dc02b002ef7d3025924a2865c60a95b506260185833e,-3.346,1.0,4.747226769388629,True,27b526c5bb7c9ccb43fc73ddb6bb3faaa2d7b2bbed4507e821652f76e8710cd4,de1389558cc5ade756880a65514e4fc6c5677ab100f2906272a531b0b6e382ea
339,C=C=NC(=NC1(CCNC=NCO)C=CC1C)NC=[S+]=CC=CC(=C)Cl,622286d2cc84dbeec029fd284f6819eda08191ee6ccd88a3ebece5ab8a29ca0b,-5.411,1.0,7.4281624914914195,True,594a1cb45766cebcbc5193e786c53dd3d2f3b2dd5fd0ffd6a06d981ac7445148,5a7a82815ee250222749fa5343d8e8f58179dad3832ae3e690a8a0c11558949a
341,COC[C@H](C)Oc1c(O)ccc2c(=O)c3c(O)cc(O)cc3oc21,e01c5d123d046b209837ef0a871186067d339f1525b8898406504e088bb14f4e,-6.25,1.0,8.791053179227163,True,5831998cd2f25a7d52e23e664f7a26e5ceaadd236d26c2dda24b1199a792aed7,45062eb91e9f959d1868ea819e2c752d67ef6a64366168c685dcfbc109693f71
342,CNCCCCNC1=CC=NC2=CC=CC=C12,fc57b92a6d55bb9f7e751be00b5aa0af67677379a4112cd56306cabc3ffb2cc8,-5.7,1.0,4.662133524471389,True,8cbbc4bddea837fa4cc493be55b6047deb674f03f2bb6bf6a29cc94d9634365e,27f69fea6e77c256cbcf833101a64888071e555c36d9d29341366b58fe80dee0
343,COc1cc(-c2oc3cc(C)c(C)cc3c(=O)c2O)ccc1O,15e7f50f611ea252802dc4630b708ea39ae89026ad81c1c3373776f977c07d02,-6.46,1.0,3.8691164366040987,True,ad2bb7543a89f2625cda71e9cf74befad7f823866415c4066c4306b71ac98c6c,e007a9ea31e830cdc73fc5148fef0cabd8e9f262e87e0489c26d4a5b53e1fe20
344,C[N+]=C=CC=C1CC(NCCO)=NC(NC(C)=CC=C(Cl)CCl)=N1,711819fd7a3acc6f0d9a241726605363abaa9c898e5e5ef6f96dcc8cee0d8e5f,-6.295,1.0,8.645773418266291,True,d540457e678ab0c2112635cb284780d8e6b5c4e2d46ac02aef0c64c075ca58f4,960d1a4abd6269e1829ca6e9df7388cd87e3029157dbd8f7d85f8e93d0c4462d
345,C=C(CC)CC/C=C(/C)CCC=C(C)C,617bcdc04c2af52d9429e60ce3aa589398916ba325e894fee2ab1a654a025e3b,-4.504,1.0,3.690459456490481,True,d2f592b8d33cee772aca6e5857e07a0948a580db6156081c43b38667903ffc57,ae95f9bba40701fd24353eceb993dab8f9346bc2f7ad91671e0edec3b23b3e59
346,CC=CNC(Cl)C=CCCl,14ff2239240bb2010da22b61c0adf3f2742a0f828d7bf71aeebf418fe84d7286,-4.125,1.0,8.693217183528779,True,3c5e8e511e7d1a58a87881766af3fa8d59c4e65636f6042f325c7c249aafc23e,141a8975ec600ceb901c47b064191eed745582b3c893552369b777aa2bed56d5
347,C1=CC=CC=CN=CNC[N+]=1,fb6b6ff2aec8ce5eb6f063ca5c390b00040921a8c00732d5e8318c9b45d2d907,-3.5,1.0,3.288308683806922,True,17e40a0d3f0df742cc4e634a0184e91aef8f567aa2c8bdb7875a838c45eaf051,1477b2a216becab9774e15293fd59292998248c67bda1585b918c56c4a2bc155
348,COc1cccc(-n2ccnc2SCC(=O)Nc2c(C)cccc2OC)c1,8c09aca22ff790361e7bcdb8e27e3388cdd1ecdd073396f148db7f1d44a3de09,-5.732,1.0,3.1473244192488345,True,5ebb850bdb6179709e0053b09b2f1d539c5ea6cc3c8470cefa88fa1269087aaa,8bf667b0f284b2c76525e08c67009e9341b3b590cb9f5e265b73e7563f30faac
349,ClC1=C=C2NC=NC=CC#CNCCONC2=C1Cl,fba46e2677231527cc4a8d419c3bd1ece08468021762a53eb5fca5339cb522c8,-4.57,1.0,3.4566599485630647,True,e2ab98a63b37b3f3457a7bc4ed102401d978b744b753cddff8bae99f061459dc,85f60db662b1176c77a16c8a30a05c137dc79aa38f36ca635a9936f691495f86
350,CCC(C)S(=O)OC1=CC=C(NC(=O)C2=CC=CS2)C=C1,df6152278c50b6af3e74851804186d0be730fc46cb666a2af73bfcedec1b56d4,-5.333,1.0,2.3005644959444203,True,9f318cb3e007844d9cb3f818ef95c70c20e69c2115f2fb62b4f8a10e798095ab,a06394a33984e7337806d1603fee9a145d801b720b0f85ac3f7d889534f46794
351,Cc1c(Cl)cccc1NC(=O)c1ccc(-c2cccc(Cl)c2)o1,0408fe1be85db38c297150f8cca28c65c4ec10ca851fe33230f200fba362d242,-6.809,1.0,5.445073185917705,True,8c892cbb48a64982cdb1d2070aab87ddc0eead6d8ecf444f7d2aa882d89736f8,e35b3673fed2d729572c9ace054ab74730f9c8001914653ed72dd0e51a670300
352,C=C/C=C/CC(=O)NCC(C)N,5d68f9fd239a23a51baeee15fa86bdaea84a897b5a71082bdd695a1a341b7763,-4.946,1.0,8.972039678913596,True,956ebf5131971b2aa484ce1c1767738243c3354fefc71c7e8d200bb3e75805ba,0480172e2133d77009caa0712f2b74d272465bfdeb0e0d89480b1bc7bdbaad07
353,C#CC[C@H](C)Oc1c(OC)c([O-])cc2oc(-c3ccc(OC)cc3)cc(=O)c21,af6913f23be70c49f24bcf0b9478128c4f741318991409d6de6f050a3b891112,-5.978,1.0,3.321380134823475,True,f2436835e77b198cf45fb1d102c62b2f574b3e7eb36b263b1554e936d5ba7211,da5ed71548d6327b4127e02cf2b81bc56c0ba24121ace1954f8595ee632ce421
354,COC1=C(O)C=C(CNCC(O)C2=CC=CC=C2)C=C1O,1e82eb17e28e3d3c5e3d3ce26d1403bd0e143889afc6163b53b780ecb80db5a2,-5.349,1.0,2.993391053637998,True,ba4eeb05ed04f24d566089e45667115f71ea18e7870d9b20cbd5483983955b06,1b5e226c909d1163542cf951a4261b72055a3efe7e5fbb46838d7fb3ef0fcf33
355,CCCOc1ccc(C(=O)Nc2cc(C)on2)c(OC)c1,38620cf8e89e8e6940883929e585b1e1a92ac5d3ec3d6e922967dd2719c4106c,-5.035,1.0,8.8541870886039,True,03307322d429d536559a219d02d9666ebccb7b25ae88fa3b7448fc4c5a484b49,c28189ecddb4bfe0d525db8e6ed5a9e65f549bc0aec5dff5cc126c2958fdaa4f
356,COC1[C@H](O)[C@@H](O)C(O)[C@H](O)[C@H]1O,143a41dac69bb5f6ac396fbbf96b2c7309449d5b08984e10908c2b68026c00fd,-4.485,1.0,4.3067501668891826,True,929eb6ca8b0f4a172f3269d9541137a500482a0aeb419168700c99e610a387b9,c943e555489d7c1891026d76c6a248428ea735f4545cddd59bba610e00edaaf0
357,C=C1C=CC=C2N=C(Nc3ccc(Cl)c(Cl)c3)NOC12N=[S-]C#[SH],b51302147b3cc956c537818ad769d8a53edf6efdf8e7f5b64e2bcf4f0f5945af,-5.794,1.0,7.1429037512765055,True,b4ae3c41e716ab8312a71255821a72e72cb94f807a01835f1de73bb1e5139236,505adfc6c742bfca1e47ec969b7218d60a6f9f4aa7a740132eeebcf52de9c592
358,[B-]C(=CC=C(Cl)C(=C)[O-])NC1=Nc2ccccc2[PH](NCCO)=N1,7393f8429e02e84634b4b8949da39f5187cae7a28a1fd23a3f0fa69a7f305f3f,-6.303,0.9642857142857143,8.808644504122073,True,b04b01328ae2331e14251b73cc90b560287aa3d1591d7048c3f8b8ed1f45d617,c9a94bf17ee7eec83c4b27cc657678f3a0538f207e07dae50feab112c6480a2d
359,Cc1cc(-c2csc(Nc3ccc(O)cc3)n2)ccc1F,1b98f649852c5723a7d56a9a0e271ae87943741ed452194fabce2b74026edc34,-6.738,1.0,5.048815801749951,True,88e898e95936691023db8f87941378b211b63e2d9f19f3a075470cd6df9d5d8c,7652c603af68a04a73dfd206706a631a010379c34eab1faedbd2781c2c7bed33
360,CC(NCC1=CC=CC(C(F)(F)F)=C1)C1=CC=CC(F)=C1,f745744a4a5331d19c0076ce86f218055baeede104d2f3148dfc16b4c3021cda,-7.406,1.0,8.289247312030207,True,07334143466b5a1189cf1bb21fba1311359e8c3348f59d369ad2f754d25ea42d,b9c767374d1a44cd53ff3b077bbc1551e6ef3739843d341d0e3f9b5f05a83905
362,CO[C@@H](C)CCNC(=O)c1c[nH]c2ccc(C)cc2c1=O,77e4f3242c82bb48fd7adaa682a2bb864ce84177cfe322d3385f9d4547f76bb0,-5.747,1.0,4.204875622417383,True,541d705cba0ba71f3eee79df6a743eef757a7fbfa1810f0884069d58620171cc,290979087a1b70b2c6e2041019c815b84f427244a4d07d0d44b4283d8e49a043
363,[C-]#CCCCNCCONc1ccc(Cl)c(Cl)c1,20793f0eb21e46c02b711cd89b67d08ae030b21b6a33038936ab3923211cceeb,-5.226,1.0,3.048694638693748,True,68084c790b689bb5796d4492d2444e1c42ff4e69c7d103a1ffdc980784a8df95,8cff086fa4362bec76db64d3d4882e949f498868efef94eec007f458116ee783
364,CCN(CCC#N)CC(=O)NC1=CC=CC=C1C(=O)NC1=CC=CC=C1,5bd0d6a774851fb6830a19d34fba3653e6e835443de55994e4e5547ca7f0ef54,-6.112,1.0,8.894274225590305,True,652c9c4198496e30a744a821fa1c2510ac7554cd7afba3aeb4647bba1f736c12,ce642f5b65373786ae791bc9a58849ff8dfedda017965ab5fff2893377deedd6
365,O=C(Nc1cccc(Cl)c1)c1cccc(C(F)(F)F)c1,3852c1a01be6fb7369f8ed830f2f3c3638504560347e3f8815e5f39c769214bb,-7.329,1.0,8.02511015500722,True,13783344b4ae6264d3ec5d1f47862e4d4a89b316d08a38e7f768f8ccb4e60fde,7acac396c24912a91276556d06ae30b1b18ba7d4a34cfb68a37d08a261102920
366,NOCCC1=C[C-](c2ccc(Cl)c(Cl)c2)C=NC1,fbe1181459d1f99a47f49b08c948a1f8da82b25ad6d58ea3140017019f52c3e2,-5.865,1.0,6.6140690198999295,True,187358406305e0a4ecce2fa713a439883d6dea8b18661173c104de7df463d3ca,86aa6e34af42940f55fda7d94d3944174a73596452b63b5d15fb0b6877500e4b
367,COc1ccc2c(c1)oc(-c1cccc(OC)c1OC)c(O)c2=O,695b67f87a067122a35bd95cd266bb554ee1563108c27eda9552e62ae14b8bc1,-6.035,1.0,9.796909563734884,True,48698ae51b8ef6b423a9e7b4bf83fa1cb53b17d15b07f37f02a1fad154c63bf3,d14db7585cfcd13d1b90f3e4284d20ecdd75b4cc0030010e6e5426c395562bc9
368,OCCNc1nc([B+]c2ccc(Cl)c(Cl)c2)nc2ccccc12,0f19048fd1fd279f91832af4864fd0c271e485a55b7b93f88685090a7d6b5ca9,-6.852,1.0,4.3253537427590825,True,4f9704b63ecc0cb99dd1969fd2acd9138fa09f65375e554b898b013538e28611,2b1bd2a44c52a78744c9e0c5346a0f7b072f2f381c9253d86a5f7dc17f68ceaa
369,CNS(=O)(=O)C1=CC=CC(CNC2CCN(CCC3=CC=CC=C3)CC2)=C1,218f0615e8776b5cd6eab7647ed258e61134e5ddea9c361ab3bfadb67a9da5e7,-6.795,1.0,7.212621021514994,True,26b8b42fab245af70c7929bc3c9ad07fd07b2b90bcbcb9d76eb9edb5187fdb40,9a2d57935df6e4baec3b2a4996087c82933cfffb3036b735eecf9c4a019c701d
370,NCC=CC1CN=C(CC=CCl)N=CN1CCO,38b44d6575284fb5f13c66da386d9d8129f59e02afaec3d4b55b140ec35b90d3,-4.149,1.0,7.283868546315206,True,5614380693f2356ae8578c4333fd06b04bb16ded691c645cf3b6905cea428166,273eafc48d1cc8b65b341ee39a25c23d585ac36892b856724d019aad14900f85
371,COC1=CC=C(C(=O)C=CC2=CC(OC)=C(OC)C=C2OC)C=C1O,4a3845c6e5d12da357faa5d522f8a29e30512f52f587180c222368bdd07efb0f,-5.782,1.0,3.0478482573776526,True,aeb9c4f6b2d3ff8d50f475d40b9208e12818ec2bab5b038d06207a2271e328b1,4c8a08bfd1d9278be217acaf9b69a64011d4f2ad148016be5b462ee7be5e5a08
372,CCc1[nH]c2cccc(C)c2c(=O)c1CC,4716eee2110f450b8a3480e990b0214af4467bfb15b555167b60763105d7f548,-5.5,1.0,5.61570707925547,True,1faa9308809e600cdbac85e3962923888d1351669915235f6713283b8127410f,1d8b1ec9781896eef98d17c99dd9fcad5ee19e9dfa7d245894bbf893b610706a
373,COC(=O)c1ccc(C2C3=C(CC(C)(C)CC3=O)N(c3ccc(OC)cc3OC)C3=C2C(=O)CC(C)(C)C3)cc1,12eb5c725485ce20c659b8dff406b4bf5f4de4879e903741b146df0d176afd13,-6.12,1.0,6.206533573581954,True,033464a56b980340431187615af8ce86602c9c138924069560cdaf51cd56685c,d6c48f4c1327a34baee36db215483f6659110670ce9af5c45395fc4e356ead64
374,CC(C=CN=C=N)=CC=CNC(CCl)=Nc1ccccc1CNCCO,11688c6fee5aadf47eafd755a990d4792ccc8ca5ddbeebb05dde832b8c287909,-6.292,1.0,3.313121488868164,True,dc18ca65b6ae6877b6879932ce683743cabaa66c60345c6aeb7ab7fb9a4a3d0c,bd9d576a25cfd519f5259a0ccc83f62bbe3f4048fb470f8bea4c1716e956a921
375,ClC1=CCNc2nc(nc3ccccc23)NCC=C[S+]1,d89c35d5ce33bfc0f4f9d88252b01e2f5c3602b1cc61408b541ca816ccb5a724,-4.239,1.0,3.6262368924271904,True,07ce4776c36ad74f1838d24ffa08263fbed98e254f5c0b2399d9457524503a10,7989aba65b60a2b5b64597bac1e8be8634e47c0c12c6a406badbcd08795673dd
376,CC(C#N)OC1=CC=C(CNCC(O)C2=CC=CC=C2)C=C1,84990efb75dc764e0249b03e961fb32451fab0bdc2c74dad614e1d4b2f53d095,-5.742,1.0,8.690049769707882,True,74126951b048700969dfd42bb054e237f162927a50a87527b15e109d7d6dd15c,237023094bc4c95a584cc70d79cf994095ff2af5e6165ed663cb0360c0816223
377,C=C(CCCCl)N1C=NCC(C)CCCON1CC=CC,c1f820564e50808f2a7069b44c320a35b16b1005ffee2f7c5d660edfe58eebb8,-3.589,1.0,5.08754017183157,True,28c56b9ddfcc6d26f387617a9f56cf70da3cd5f0307864a86bdfbd8408e89bab,a9c70fab6360f3ca82963639d479b6181e2b5b483ed3d17f72d7e08cf141e0f0
378,CC=CN=C1CC(Cl)C2(COC2Cl)C(C)=CCN1,38238b034dcfc9baf28e3c652ca5e198e2645f1f5362d7782521361c0dcaffd7,-4.599,1.0,9.140497470050523,True,b7eb8de04c3d70baf71f8dd6ec99c8252f5d1d82d9c80a36ff112a2ba1976adc,bc08aa55319d03368fb85adf7a619483ff4e8aa2a57c406ccfb7bdc695c1844a
379,C=CC=C1C(NCCO)CC#Cc2nc(nc3ccccc23)NCC=C(Cl)C1S,5368efd04a12481d7abe7790c3fae3404844477be702e1823468060ba2b5b683,-5.187,0.9714285714285714,7.927625243413062,True,61cdcac9d2daed45f7590ec72d24aaf0be96e24d88fe6a4864420ebaa2b3201d,a5650478b70f10a6e645a913bdd6a67ec74fd713d9edaf3379eb1a55ca212cf9
380,[P+]OCC=CCCNCCOCCNc1nc(Nc2ccc(Cl)c(Cl)c2)nc2ccccc12,127c6c32f842766401792e7d88b7cce11bf46ac760785b2b73f0a7b2edc4d0e6,-5.642,1.0,3.586105547805307,True,f17ee12c29f39c1799fa3bffcfc013b84b1b6b7a533818d90fcaea3f8f5f3001,ebc6dc5594de9d0bf2176b6d58a17be29f1ac106994fd36d478198298973ac63
381,CCNc1nc(N2C=C(Cl)C(Cl)=CC2)nc2ccccc12,27447bfb89a820406c010f1479aea2f487c19c42feea53f238623b7b28ba039b,-5.958,1.0,3.5881634578151544,True,4923f5c1aa61f5253f2c5c5ca7b53dd2f3d60b0ac3b3f97ea24de809fe6c06a1,f302ff7b33d5185940021843e574d3521ba97bab9bf64bbe26450af9ec7bbd41
382,CCC(Cl)=CC=CNc1nc(NCCO)c2c(n1)=COCC=2,9be99290ffd2ea59ab19ccbac18f88dd49dd9103b0dac680b384698bf7b352b7,-5.927,1.0,8.328646348597111,True,1c4ec65b35f191a85d37bdd2a9115bd01f71b9dcf290ef0c90b891d63ec3f81a,15565e45bc2af7f087ad858d85171518e0c4f49c3df218006f77a43d40b4293a
383,CCCNC=CC=CC#COOc1ccccc1N=C(CNC=CC=C=C=N)NC=CC=C(Cl)OCCNC,2ec100e66817d4529a3a12f40982d075f1b70d5f3f4e8e0e8fe9fe87458fe625,-5.5,1.0,2.5464646080399387,True,df57f8c0fc97d5ac4938dbfb6172becf345ceffa9e56b98ee7f57a2735ce6cc4,35ce7cb47f3b7b62760c284fd32cc108a7502a0b442def41ffcdfe673735c560
384,CC=CCc1cc(Cl)c(Cl)cc1NC(C=C1C#CN=CN1)CCNCCO,d920fee04fdc557d80b4534fde002cb59472e54fd19e95bde2f8bd4518bb79ac,-7.129,1.0,8.524636355880526,True,8eab510ca66a2706f1fc233b38da5982e514c9aac5537c544cb3f1727ce41b24,c9e0e046dff0de72671df15be5ddb8b55921349df366044414037a83dcd36ab7
385,C=C(C(=O)NC/C=C(\C)CCC=C(C)C)C(F)(F)F,8d1be0edec3ced1cb2df23b9a92a323284cd94545077878b244123bc6ca730e4,-6.004,1.0,7.806606112773975,True,628fc9e4c757f7257748037eaa77c88801afa4b004d5d32302d80af6d5783850,a058d8f685b3b01882e96ee4b80291c830faf7fd67644d932f3d6625a2cdd315
386,CC(CF)=NC#N,0f010b2a413e437a3696614bb38c3e360e4261f710c186c92ccfbf00a269a6c5,-3.44,1.0,8.535651703297178,True,68d9318fc2f122ae455f5c1cee98c5779e3a9d7739ccaf1a8dfe9c0394b46890,cdc924bf364286228fe2ac1b60936f46546476a6e9997d6cdc627b89502f56ff
387,Nc1cccc2c1C1=C=NCNC(=CC=CCl)C(CCNCN2)CCOCOC=C1CC=NC=CC#COCl,6ac3fe98a146d5544db8d57a12aba121e03aa9102cceab50a448956bf8666860,-4.349,1.0,3.6354127688613316,True,679f7168aa40ce68820b1dc0366acdfd5d7677bb8b49b0aef592cd96c8661b8b,889298589283d7aff5be34df2f4b30a12bd5f119b58ad89f60a8d0c05c7babfb
388,COCCC1=NCNc2ccc3c(Cl)c2OCC(=C(Cl)C=CC3)C=NN=CNC1,7f465bd5966747714ad7ed7093324681aa4533799703bd5099c1d04b4c98a286,-3.613,1.0,3.521366922091478,True,a1b71041f74722827b1ffb39e9cd0989ff5cb6b9bcab8f32e82d716593be7bab,b1a5fba9b56f32e42573475ed1fdae11baca392c19c27e50922d3027cca50853
389,CC(C)OCCC(O)COC1=CC=CC=C1C(=O)NC1=CC=CC=C1,c96d3cadbcb00118d4a6754d462ab969c2ea95e01cb2525818486e1a012707cd,-5.33,1.0,3.1826572231391816,True,9ab2913efb0c9abc71b7966f663640ff9589574a750a4a471baa229ad404ca10,a0f2963a0b310a83cac054509ff13633f1f5453cafaa244cfbca61e91c30815e
391,ClC=CC=C(NC=Nc1ccccc1CI)OC=CCl,044b27dc68ffb3ce70f540ffb8271f4798e80c7fd6907c0b345d29c2568da576,-5.593,1.0,3.2397137219205026,True,085b398c6e8cfbe67ada01e23f9753aa1bab72050a58a732facb129db9534c4a,db652d60c2f1b91001f7dfd532bcad5e470b7898aebc19f3162c3b8ada0bffa7
392,Clc1ccc(NC2CCCNCCON2)cc1Cl,28217d86a457d660bab64f7e5e6c4b8a64bc1bc925cf1c118fbd79608e09a2d0,-4.093,1.0,3.044829387666903,True,07a32980519e043db842a4607decafdcbd5c2b5eb4bee8ca19b8cbc70a794c6a,e1ef6a71e3a35d4096ffb4671a0c2c54aaa754a566b5744d1e33818231a48972
393,CCC=CC1=CC(O)=CC=C1,f692dbb5dc90d0117c5b759f512791b72e0367291c6839a40bdcc84fb9e418d5,-5.043,1.0,5.2056858337782925,True,645089cf4652aa99968de65b01788801a1f039e581885af81b88c6e31fcd6b27,dff215d7583386207d91fc2e763dade386fbf83ddaf57d92284035bb085702d2
394,C=C=C(N)C(Cl)=CCNC(C=CN=CNCl)N=C(C)NCCO,17b928aeb585f32e66cce94e2138ed6ab7dc939232c59c590b25f5a08816100d,-5.334,1.0,7.168769699188279,True,1a23cd89d400079aeac29f020546150422983c374763d1f38360510285769f7d,f8d0955f155ca9e066aef30e3488e05fabbcd665c17c70f6ab0017ba8293e922
395,OCCNn1cnc2ccccc21,d7b0594ed280e876a5a07a04f3ecc37355144c3b9c775ec1b1338095f1407735,-4.869,1.0,4.671562586544251,True,25fb9bd1f3d2eba2cd1f418a93e913db968a36827349118bd090b280f7f00aea,47aaa4471dde7c9aa661d2a6a1d726af028d3e4e7c7e470deb6f111fb4569fe2
396,C=C1NOCNOCCC12C=CC2NC=CC=C(Cl)C(C)N1C=CN=CCO1,13e6dff5c3118b637d5d24a8a1e2ea3678510b71ea5e7cf00b52ef1e6a84eaf2,-3.993,1.0,4.720929675392337,True,031a9c41fd0964d0b0aed5fd38ce5505dfa091e99d2ca6eb34d35e09fa489a3d,934dc4154267b6c357a065dfcbb0c939990a0f5536c278cb1b6f8194fb76df71
397,C=C1C=CC=C2CC(NCCO)=NC(=N2)[N+]=C=CC1=CCl,bf0d7ff626d56caa2e05e5162d69ffd262c69d2d266c1a01e63288bf3c179e5f,-4.796,1.0,7.576326946482709,True,8d12bef42e3df9cbe5649c9191a3bf886ac309cd4638314fb4d3fcdc5cb34769,5b82e9ed2fcde3799d8839ad7670ded340a5824259515b2d57fec0c9ab40ae5c
398,COc1ccccc1NCC(=O)N1CCN(C(=O)c2ccco2)CC1,facbcbe2d75cdaa8aa1dfb004736d751ec0ee84d2f9d2e29d4d5ff834f209e6e,-5.859,1.0,4.204431709517947,True,8c02b2fd38b776c734746f9c7b8c8043a87dec3c631f6af038c6417e6b205daa,88e0fba87421622071a62440979febb5eda0288b6bf1cf40a2c737f7ec84f0d5
399,OCCN1C=NC2=NC=C=CC=C1C(Cl)C=CC=C2,9fe3bcd46c00f3be95e064d4f8e68596c5973f16340699d2e2e10c7c30d0f617,-3.731,1.0,4.880905346347132,True,bdad2d8184fc9dee1148f8ab7b12592b028af1fb1b2840808818c7c6e980016a,b58c3b93a8b8e6d61e319c6ae58ae90de10f214e8b0f95e705fda652dc87151b
400,CN=CN1C=C(Cl)C(Cl)C(C)N2CCC2C=NNCCOC1(C)C,210ec6f99120c618d8c1c1e8ab15201a1f2dc590e0a2fe3a3ae00eddc44cb676,-3.832,1.0,3.930315000098594,True,8ae64aec1dedd73bd3517887e1b70e04cd94f73a40dd0ea24a1abe89485e2294,93b337d83b42c780ac307ae7d28069046add02ca18f98e337e171db8d8c44254
401,NOCNC1CSNc2cc(Cl)c(Cl)cc2Nc2ccccc21,0d86339422e938eec0d7276df68e66e06c8db63c329fa013a32eb6a6c5f42c09,-4.954,1.0,3.452910366632763,True,5dc1ece3f5a8856404300a8a3e861d8dc3893ecbfa770d84a807f10f1c602acd,90109657a2cd99059db01d3a0cd80d1eb716176b09c00d45f669f00e948b7df2
402,CC(C)(O)/C=C/c1ccc2cc[nH]c2c1,739530b55be8bc5b32d328ec734540517ab52f7a9048bde74e97962fe0302963,-6.034,1.0,8.217290855263673,True,942ec77baaa2505f42db38b73fb0e9860c185d00f8c76a6ad3c09de413a7b27c,65150244809ae515fd91cf5c18fda5ffc947b5de4e7061ea57a24bb1fa933483
403,COc1cc(-c2nc(-c3ccccc3)c(-c3ccccc3)[nH]2)c([N+](=O)[O-])cc1OC,aa163bef4b15f6e3b98badb1bf0bd2bf8e41050514acf3c6b0b8145e57471a74,-6.971,1.0,2.7580032632322977,True,bcf8c177c9630aec3d8b769943f1a346e1e943a504b6ca0e26aa33b784ed389e,cce007993f22cc7e4ecc47c7e652cd1da577a3e63243b0aa6c1e2f86febe2186
404,NC1=C=CC(NCC[N+]O)C(=Nc2ccccc2)NCC=C1Cl,ab2314937bc6e803513cb867ea48c5a4abe156b5788ccdf302dd6c58405d80a5,-5.001,1.0,9.091528914324586,True,b5875a7a5a1f549ddd1583372c4a03effb9410d8e39dbd38df9af4417ccf7764,d40ac1342693de39ab0c088ab9f2d19840867bdbbdf28fea9ac9b76d258d61ba
405,C[C@H](O)CNC1CC[C@H]2[C@@H]3CC=C4C[C@@H](O)CC[C@]4(C)[C@H]3CC[C@]12C,660a09c09704cfacfd70290f253ba7a8fa7f5769cf4c29e74a9aa388a26ed207,-5.694,1.0,3.7183509785925266,True,72cf96a2248391dc4000617ba2d55103e7e0d47cdbb9d07ef2da6644232693f9,2881193e63955e01888356c2150f3c2abe828254a4cf35601f42703dc09e3495
406,CC=CC(Cl)=CCNC1=Nc2ccccc2CN(CCO)N1,7aeee4fb3810a6711406ccd221e575e49f3d74294c6fa8679696d4dc45ebf5f5,-6.298,1.0,9.331166111478243,True,fc6f349a6722f61798d0308c52d8d080969e3e08c7e53212f2239de8a0800961,bcd9e3ea1b6ade0870c060e20cedde361c8eda2386ac4d2de025d7c4077b33df
407,C=C(C=C(Cl)C(Cl)OCCCC)Nc1nc(NCCO)c2ccccc2n1,2b7bae6704cd0a6ccde0e4730f50ac38dda973d9ce0bb2266a543c8ba80cd200,-5.601,1.0,2.281273766999481,True,64daee5921336b7c4eb1f2881c1c274fe3dafcb27f8dcda9bd6d46704e996901,caa13a1fe5591255ecb07c4b7e2b53e9df0137876f748dafd3a1b96f625e1e4a
408,C=C([B-]C)CCl,cfae6b53a24eb554a87eda455bd0c046b12a0f87bb0d0c4116aca11e7e26de30,-3.331,1.0,8.867669423247577,True,f8f3a6286c81a39c04cbe735ee378b278d504decbd2243d3deccafbdcb920c12,1ce803c3c37f05d07f742083d5c10ce1142d312f252c8d44e52c8e313501b6d7
409,CCCn1c2ccccc2n(C[C@@H](O)COc2ccc(Cl)cc2Cl)c1=N,ec7f88b49b122ae5ca06f8ced9fbfc85f6fb798e949a3f80d740188b6e2d651c,-5.646,1.0,3.476557780333877,True,5875a66c2df02f0d9f29844aa0f885f7b39ba0c67a09f291eaa85ec8c46464e6,db523909d21710764259c55d9039f96e4a00d6934dbee904fedcc8b088252e5c
410,CCCC1CC=CN=Cc2cccc1c2N=CNC1=CCC(Cl)=C1,4d2d3dac91679787fc69eef91033a64654071c4f1bf111e40afff27def9bb6da,-5.046,1.0,4.638885210910053,True,7bbcad6dbb9c1dcc079dc8802885bef50d9324faab409f4c4ffba64829717165,3869658b59584f6257ef0f8ee10eb62a2090b6fabfedc8a52e88eff35bd01a30
411,[C-]#CNC1=NCN(c2ccc(Cl)c(Cl)c2)Nc2ccccc21,36082201c0f2b37f352fb6f68ff12efa890a3a77ca22519219eea599a3ecf7ad,-7.788,1.0,7.857512647142224,True,b9e018d7c168d925398593d05c17a23f81139373d6af3e76bd13de84f7f31e5e,4ce771450b8c394f59354fcbccf6bcd6eec9b1970405c65e36f3920a3cd61fd0
412,Cc1nc(N2C=CC(Cl)C(Cl)=C2)nc2ccccc12,3335440596e15d67210dc3238dec96dbdb7a5e245a39a32245ed1d2992435153,-6.058,1.0,9.290646102397831,True,30ac7f6bb280368d2edc4d4ff2f6adec70b9883bf6babc5591a2a98aa6c6e5be,49a8794d8ce647eee8b51fee2d308329bf5b3e019c9ae6811da9e84555957859
413,CC(C)CCC[C@H](C)[C@H]1CC[C@H]2[C@@H]3CC=C4C[C@H](OCCO)CC[C@]4(C)[C@H]3CC[C@]12C,221426d278baadc54f9ac993db980819b07bb1931a34df97313b3f66fb456f76,-5.808,1.0,6.3030025384732316,True,25ac46562539e38ba6cb689fea2d397ec7dce281163e808ddcfda38c9cd420b9,68a9376488bd1713349bdf3387832308ee0258c9b17d2491e74fcec7280e9239
414,COC1=CC=C(C(=O)C=CC2=CC=C(O)C=C2OC)C(OC)=C1,82b14c71a74a3732d2c80e3f7fb5aa7e5f4a8258d3a9fb4f2943fd1171226fb0,-5.549,0.9583333333333334,5.321193663079741,True,a63b49789b6512cb1919b8d41d9602c249bbdf39efd9127da73d22b59037962d,228ce274d5c0442d00e347de9c08a046cd904982a05d34a98d049076aee9abf4
415,CCOC(=O)C1=CN(C)C=C(C(=O)OCC)C1c1cccc(Cl)c1,25d65c7d6be6d450793afad983d63851c6ca57f7177a4b1dc3af2c2739b3f7fc,-5.245,1.0,3.583021490306751,True,4de23371f01b1e4d91b32f0c5686834ec0f6eae1a31ba080c2a3d66bb1b841d7,333a0b85d1d89fc686cb32a3814b4918331b5c76561f7e939c9b893f1403dd1f
417,COc1ccc(-c2cc(=O)c3c([O-])c(O)c(OC)cc3o2)cc1,9823cd0e9cdb42012f0595e8dc5dfd024dd184365b8f15f2aaf311b16277831e,-5.809,1.0,7.694786156872717,True,3e15a2ec2f2f9be44c34f94124f6f5edc49f692734077132334495db28926b1b,b28a193b47070c7adcfa0bd87ebb55a6da053e16b36a6464449d3f28bfddc38a
418,NOCCNN1C(c2ccc(Cl)c(Cl)c2)=NC2=CC=CC21,cdbbc3b0dea883fa63ca51581894ff4f6ebf015cd28fae5999dfb61841d2a335,-5.893,1.0,3.0905386261944714,True,5a66330156e3d025a59e631b5517328d59fa3b2dccb093b357fb1fb891e8b11e,647f1a521306838ae028386edc96ad91b8f6d9be8fd1ffa8be03d9949ed63ee1
419,ClCC(Cl)=CC=C1NCN=CO1,1b7a99befacdb7e2d69c3748c836421d1975743929c868e25d4f619f7f5ffaa8,-4.937,1.0,8.914186334152994,True,e674b431dd42c13e1202ee9ccce949e59052b5637ca947bd525d9cae2e9c4d21,b3b7e66d4f169e60510e111e1824d53806493722b3b1ea6ffe78e95565bc5cb2
420,CC1=NC2=NC3C(=C=C3OCC1)NC=C(Cl)C(Cl)=C2,ffd04b6e96dae241fb7926970ded22a1ca1eb666f3a9e806b637f1c34f5e3997,-3.863,1.0,8.941719633269653,True,3bb2d55e8a15b03428252415137b502774fd68def3f89d275fdd1d05725daa9c,a3100afd7ab9cd98e04b67009f765b01ce1d190b327d4410f2648e77ca16ac65
421,CC(C)CN(C)c1ccc2cc[nH]c2c1,8e8e317bad3e2ff5db3af53b4ffa306618f71202e4d7f047763afa744f045ce3,-5.399,1.0,7.663766045489646,True,316217908c6e835ba635771692b8e9a895f70c7935c73950c715af4b08b01622,bd7fb5051c6285458e0d9be9ea5f2d0b6959d0897ea385854b10a1692400d1f4
422,OCCNC1C(NC=CC=CI)=Nc2ccccc21,8eb930e54fa3942b706523746185183436a591516b01492b98d0991035ed5fe9,-5.944,1.0,2.512470895353814,True,a2e6b56743262b63f3ff90876bae1635f127d9ccc3f26c60e1422f7a403ccc9f,a72536d1994fd730577d051e177b7ef21411e95585f0b0ce523bafe7fee77c9e
423,C=C(Cl)C(Cl)=CC=CNB1C=CC=CC1=CNC(N)N=CONCC#[O+],10d20c88696fbe51e0563ce6ab7361264848fb25e291c1acdd996353792d123e,-5.363,1.0,7.421385921780377,True,c8572fa6d620c52d65b54e8c607cf2b3c34a3c2b84ada19f5aff922cef70b10c,5d41bbd61c3f000c8c6b5d51a081a56bbbd41d0d95cb446751a4da2daba625fd
424,COc1ccc(-c2nc(NC(=O)c3cccc(NS(C)(=O)=O)c3)sc2C)cc1,4867eed2f9e9236213c8595145e58219171eaafb0b8960f429b218aaa4b13613,-6.769,1.0,2.93413530703681,True,491e686feb994dc78bb429e3a6a124b87bf2ac32db38aea5d40ac25409894a70,61eb4c197c3e38d989296b2bb9fbb6a6db7acfd143b09459cc926c3a3dd61cfb
425,CC(C)N(C)CCCNCC1=CC=C(C2=CC=CC(Cl)=C2)O1,a5185aa39f086a56f19beb23e2035e9d380e107403bd2bb3c2b576c6f2a8c199,-5.258,1.0,8.71982029631345,True,ee968087476f04828ecc520bfb3ac5d46e30a73812fdff493010e3ea3b519b2d,5c64b42defbf886efb9b94f86f14ed118e0b24c9966866206fbf4ed3f042d025
426,COC1=C(O)C=C(OC)C(C(=O)C=CC2=CC=C(OC)C(O)=C2Br)=C1,256fbb777c9c5e660e010c931c552c7c168d93eb5809529c5b4cdcbcd34880a5,-5.716,1.0,3.190867593617762,True,eca22c40681964730851e048f043c9e5afae081eb4def83b7e2fd966d47e49ad,8ca3b8a9b9fbffa1b415ef3e8a8f7d79f183c202a3fc8b9a5edfdbfe75526923
427,CC1=CC=CC(CNC[C@@H](O)C2=CC=CC=C2)=C1,a0e9cf266adbd137c58c6cb68e8ad51a89374c79898b271e170c436659b23b7b,-5.24,1.0,3.617127174982931,True,fc475a9f4568d1818c8251b93effc98685221b0a65e0b43fcc9be8c286d745f1,b8803bac158ab756b19a66445a10befe1fc26d43cc1bf8ff07ca3ab5fe67da13
428,C=CNCC1=NC(C)(N2CC=C(Cl)C(N)C2Cl)C2=CC=CCOCCNC=NC21,b5e3d62f8bc75fa860629032fe391a07d71f80aef15d63cd6321c629c9c9a238,-4.393,1.0,4.075023558214112,True,fcb14a1ac66439cc5766b4d02639c3346a557d323a664bc68d3eb0056a6f9a30,22233df25e8e1f45f11e814cf517dd0b9662c24310ecc73a403d426a9d57f863
429,CCNc1nc(NCC=C(Cl)CCl)nc2ccccc12,2136af62628312ff5b15acf426a13ea1c4d673c2676b621cb40e98fa873d3008,-6.138,1.0,3.44201888431775,True,e36157f89691412dfd2514cb3a2a88f992eb2ece7e0cc1cd4e89c6e695c7ccd3,17403d68ce3f99f9d7137268cf228b6ba533ded929d0e15af612a7c2bdf475bf
430,CC=CC(Cl)C(C)=CC=CN1CC=CC(C)=C=NC2CC(NCCO)=NC1=N2,3b3370a34de4c7f3a1a14735f1887d6b442f1f443dbdc49928848ef332c40d8f,-4.94,1.0,8.699815630230333,True,92043e7d88088b5f317421dbcc577a9368d031f7806d95c3eb56148c2b102fb4,d9adbbb77a5d6dcd886146a16b287081fea53549dcae7c9bd09e1832146d20e0
431,C#C[C@@H](CC)Oc1ccc([C@@H]2CC(=O)c3ccccc3O2)cc1,6113ac3e792d63c503fe1dba1badd406a20b5715a1fa141b154fa1ff63f1a24c,-6.282,1.0,4.563042186962554,True,d2ad7156d95290455ab8606c6205c2a068cf3dc29cfd33bc81c7f36189fe489a,a2377677a6b55c0a1ec4ebbd2ea9a29095be3d7288e7bb1c6fed0cef49c807b0
432,COCCNC(=O)c1c(N)n(CCc2ccc(OC)c(OC)c2)c2nc3ccccc3nc21,29b645af95bdd9d21d94800c66f739f4e1d2fb0e2c44ce63b1f672d27b631dc5,-5.832,1.0,3.1225455961442754,True,2f7b87bc037f075e0798464e54267c2b530676fdadd601413c883ca79deb4822,446b20e3fa9d1f75e3e96c688a64041cbc508da779ef2a6d427d8594ba12621d
433,OCCNC1=COCCNCCCC=C2C=CC=CN=C(C2)C1=CC=C(Cl)CCl,462345d8e4dd5e61deeccebb1f33a4bfc982b0d2768ca427a29d591f99235d50,-3.708,1.0,8.930294172086382,True,62ea94c7ee1468e80d32874a136795131460ea991bc297d852b54dcb5b0ecee5,d9630a2667316eda5fa491e669dc15b1f5ed8e77698c3d42e5780f02fe49424b
434,CCc1ccccc1NC(=O)Nc1ccc(Cl)c(Cl)c1,a634aa0570dd2591e0936d1c0d424d8f49a62c5632f581d894edbb0792eed6f9,-6.186,1.0,9.469509015783236,True,39c03ac83cae9a1c8d41530a6b6d86cdbc3bdabc8ea34b8872dcc34464103278,caccfaca4cef95be9b3e237b32814fd86c72adc846b75171bbed6e2df2d7c61a
435,C=C1C=C2[N-]N(C3=C=[C+]C(Cl)C(Cl)=C3)CN[B-]1NCC2O,b3d32e96433c829c62f2810677ed2bb4b33f6656a94af01ef590257208c75adc,-3.619,1.0,4.028391862766083,True,bd525e934f9be70487e42b3b491475c7aa19a8936e5a2f1b8b664d4683df128c,29e7ecbd8ad7df911a340faf2a43cdec8ab8bf603ada6bc8b88722e08f23e8ff
436,Cc1ccc(-c2csc(NC(=O)CS(=O)(=O)c3ccc(F)cc3)n2)cc1C,970fe57379fbdbba44e126f270c587e26f026092baa2e5c5f350e5a8b16c9fd1,-7.064,1.0,2.9073295306861957,True,f91387c46900da3bb29bfa0d1efd8f91cb028e98bd0685eb2c3af8a0a380544e,ee942e26a8bb9e5762dfd141de9f7a1dce79e79c40733ef406e7ccdc3668d685
437,COc1cc2oc(-c3ccccc3)cc(=O)c2c([O-])c1O,5554bd7945fa14f4145c0a18247e492467fc2dbc3e7a60d49ba6b7636462c52c,-6.398,1.0,8.123804158151525,True,83aa268455b84a7b323b49bbea4bb89023f598408fa8ba747dd13fa26762647a,6d465060a3b917992578e00176130e5945cdddbeecd5ff0e416fce8b427811eb
438,COc1cc(C)c([C@H](C)NC(=O)c2ccc(CC[NH3+])cc2)cc1OC,b82cff13cac83b228aaee9186b6570a7df21c7a9ad8feacab84b3ff26d0c437f,-5.425,1.0,7.425230568810641,True,6997cc64624a649c16524d9c96842e46457ec58e9249fddc48b1940c64c1de22,cff558d3a1f26015d647152e9300070611db1fac60b857600d454ba30117c890
439,COC(=O)c1ccc(Nc2cc(C)nc3c(OC)cccc23)cc1,fab10f65f92dbbed3126a31389b40a2626951f05bab070d68fd460a98addf49b,-5.795,1.0,8.594399862701293,True,31b1a66b2605113aaecce5bd23dc76171827ebbdb0643e209359f46a6abb2fc8,b1d81b59f4e78a1dd912130d4414846e0b28295da88e394b10ba6f5d14f882d5
440,[N-]=CC=C(Cl)[B-](N)CCNC1=Nc2ccccc2C1=CCCO,46306122494561f3ff8a3f150c7401ebb65d2a61ee153e496ea0fe4953c5b6b4,-6.359,1.0,6.580605063366134,True,1ee1d300fc5cc5f8051872b19f121b998d37963bb7a5567eb2b23505065fb805,b27bf964f9b147eed046ba9ff56b8c1939a148772863401ee8b59f45044fbc42
441,C#CCCNc1ccnc2cc(Cl)ccc21,9ab2a5ca400e2a7d4a4156acd0b6e7e2892c3d42815794e7ffd55b4526635811,-5.21,1.0,3.4099615833613144,True,20613e185924e9cdae3749c57562d0d8fe13d72e4738c891128c935a19d393b4,d97863ba0075c1f509e467822e44738bcc025e4a4d7f027ed24e610e96682f3a
442,OCN1CC=CC=C2CN=C(c3ccc(Cl)c(Cl)c3)N=C21,b0ed2ce9aab87d93ac6c1d9c4d166af4cb7f280618846e0eb1d83b454861b735,-4.938,1.0,3.347355672766193,True,e6750927700704621fa1c4ed1c49dd2a129663220b7bf644f9655f68187abe32,b4c21f067c01f13afd6bc45a38074f32dd60fd8d2266e2b174ae718e37c1ecbd
443,C[C@H](O)C[C@@H](C)NC(=O)C1=C(O)C(C(=O)O)=CC=C1,64b9906dc714df09db1837037c91b6377faf12812af76ff6d90e14ee7dce70c7,-6.376,1.0,8.502514569231858,True,c5b58a22687a9b464a76fa8ef63c3bff4d8b33c9369c8b21d1722b289b1dd2fd,f16986bde230b769f0d049b32740390eebe907487d3ede7c28db635cc51aaf06
444,CN=C1CNC=CN=C(CCN=CNCCO)C1=CCC=CNC=CC=CCCCCNCC=NCCl,eb2a3fedfe944b3b2049b1b6b89d6aa4b6cc3069a15058640ce36ea01dd399b2,-4.545,1.0,2.9183354844842655,True,5f337fe2ecc527a257191b78d2ce345359466c6e6f111d21c3bd02790ee953b4,d2f43fbc423461e9d02fbd9330691de6b2cec11d49887f7ec1afcfe4b78de2bf
445,COc1ccc(-c2cc3c(SCC(=O)Nc4cccc(C#N)c4)nccn3n2)cc1,d4efd539d09c58ac15ab42eb4acf32b02735ff5bbfce7d8a00f55617fb59b38f,-6.708,1.0,7.154970999242415,True,ec1d1d606a3ab7144cbccefda97965f22d6c5b71c44dbcd6ed1338cb8c13ea8c,72b1d619dd3df0c919647e5b72a780c027220a17a49c4313f14d7d688b4d4181
446,Cc1cc(NC2=NC3=C=CC3C(NCCO)=N2)ccc1Cl,0ddf0d9d9c2c2d7efdc477f6cf8839c1c0797d7634f846d3f962cbc3a6cdfde0,-6.138,1.0,3.1023064000836538,True,a1a5ad21dd1ebe7b8899a66ab02455b97d0133d1fc562e064dbb5054624a86b2,75267fbe7eaee7a2e878ab46ca833f75490014129d8708fc0c85c25a1ddb0fc4
447,[N-]CCC=C1CC(CO)=NCC2=C1C(N)=C2,3d19ec1a2343463015845406873f17100127ae1af560a85c3006f667fc032ba2,-4.299,1.0,7.117649471560116,True,b391e5b51c73be78c9f60af81f3ae67f8e3c800a2626557be4f255b3f015e8de,7679b66b152cb4894825adf52b83a3566755fdd8f6753569991b13c29d1506d8
448,COC1=CC=C(CNCCC2=CC=C(C#N)C=C2)C=C1OC,00dee9b796c3da4146fbefed6ec637db622e9de24c8eb3f3ecc168f2160fa207,-5.695,1.0,4.126648397913252,True,93bfa12bc9ba3df861571a62bc805ddd56534ed1f21638fc7d43b1b0fa74e632,54f8aafbf0ba357b60ca2008136825ed0669e558b2b877eaa36449d2d12081bc
449,CC1C(Cl)=CC(c2nc(NCCO)c3ccccc3n2)=C1N,b0744cbc46eb6cbb9b375be8df7ef5b7c00bfd04e05a9c9c564c7c0dbc7fb630,-6.538,1.0,7.243333900905025,True,f85b50f8b63e06e36be40fef29a282a86a60f7b7190923adc3c112ea2a666f4f,980d919f2e2d421c6851ff2b5b87797a7454b9b82bc05aae4f9cc83c125d3263
450,CC1(Cl)C(N)=CC=CNC1(N)N=C(CCO)C1=CC=C1,098c472e8b735762fcee8f59b4621132556c0fb56d85d86e568cc63ce503c58b,-5.521,1.0,8.012956820050885,True,85796aa04842b9e3c23f2e518f0cdd391d544a8fa6c0638383b1a77052433393,0aefa3397228bff42b04c2be22804bca13b6b040d9d7f0aa0e14e245e51148b4
451,NCC=C=C1CN=C(c2ccc(Cl)c(Cl)c2)N=C1CO,e3995f7b43c6b3a50f1baacb280e8dae2b49547d0cc9e961abb4149ac73b92b1,-5.41,1.0,3.429713399104946,True,2d3688e55fe0632c54d50330c7783f245a98b535a8ae45b740b279eea9704313,f07cb8c0b6b2c837bb81e1064971e48266176254e5632ac74236fdfb4cedb9f8
452,[B+]=CCN=CNc1ccc(Cl)c(Cl)c1,a5c86892b3a7fd23979d501d9b657c7117b53b73ab216346e106f16da0d8f0f2,-5.043,1.0,8.86928210172616,True,c0dbfe3924b6158e87b3c55c1c7dbe173d8bc3731b7ba22bc8cf7ebd610ac5b4,3e1e1105a8d95200773c2b04aea2c02aac9ec95b67f00519ab1f19b18e8bad3d
453,Cc1ccc(C(=O)Nc2c3c(nn2-c2ccc(Cl)cc2)CSC3)cc1[N+](=O)[O-],e129802ffeaa4f455088e841c9f91b35623b7f60ca9d75c1c6fb522e0cec9470,-6.946,1.0,7.267878782698567,True,a5e7e1e1089cb5b9a3acc4f106de177596eeb663da0d3886635ff830a05b89d5,3b61f5fdf6f4022a5ed68d264af49d9cac7a79c3c84ebef23666a4b4ea9d456e
454,COC(=O)C1=CC=C(NC(C)CCN)C2=NC=CC=C12,74176e60a4ab6d3afef79a9cc59072100c92b0acbed289be1c3b90544eb56fbd,-5.898,1.0,8.797812341713138,True,0d41b2898707bc810ca86ccf21c57c77f0d41595430ad2536f95217345ef6353,c70df2988e971254b6cda7e7d1c8890af6cd7d911c8eb5416baa177b85747fb1
455,CC#CCS(=O)(=O)c1cccc(C(=O)Nc2nc(-c3ccc(OCC)cc3)c(C)s2)c1,aa5289e4e74f605f4b07e30c6c81fac36434c739ba998ae182d4545934e7ad86,-6.598,1.0,3.0617387217069987,True,a0b265fb90e8315c671660dea657560e337ab212e53bf6fa660b3814beb1f592,9961bff72dc7ebec53f8f205620663e9d10818ba9b2de1a04a75d53051e88594
456,CNN1OCCC(C=C(Cl)CCl)NCN=C(NCCO)CC1=NC=C=N,229c1e5361be78326b7dd09133c49d4741401056efec76920321e10420fae268,-4.078,1.0,7.6503511684105066,True,f3dc9468b52c01591fea824ea6e6f2d48a8186cfc5dc6d385a9b2a65b7642cc0,c557f260680c262818370d8fda8ae8114de6b2eab20340c45b5b715d31773281
457,COCc1cccc(C(=O)Nc2nc3ccccc3s2)c1,486dc67d7bc819aac0d7cd279380193f4df76b7924a85fa8de275983cb94e29d,-5.987,1.0,5.396363497764026,True,c2c96c53c8c4974fd518b4e6ddc2a2f375350267605e231696c0a4f3b5be6085,af7521b06f7bcfb8a06e5a38a249b7f3aee3d0f735c3c462cf61e2fa75b8f897
458,Oc1cc(F)c(CN2CCN(Cc3cccc(F)c3)CC2)c(F)c1,7f8d587622924b2997eeaeccda2dc33512020cbbafec4746893a5fdb9465a1fe,-6.41,0.96,9.293144408648777,True,a43a6333e30f478da70b84400b75e8df41b3bb709289897c87401ab62a36cb57,0f5d528f04a0a5aecb081fd0227d5a474ffee2dc718eb7ec3d33362b2c87da20
459,COc1cc(O)c(OC)cc1O,1bf5fc9bc4e7657e979473d078bb276fdd7188c4de2d2a37161f1bd4e566659d,-4.657,1.0,8.949630327561023,True,c04da6e79066341b3cb8c3aba2c60296413b0c6a7fdb381b3c3d196694a892a8,518e36f70eac6d893e1abe901361c957a286b3f6363c451260ee0663ec3d9dbe
460,COc1cc(F)c(Nc2ncc3ccccc3n2)cc1OC,ba0b2601d621571bdbec1ad93a14ac8178c621d41ce369e2a3d1b993986ae3c0,-5.825,1.0,8.646817102263698,True,835f73fe1de1f2b051ce506ad9608d85b612a4806b716e9e9c143aa3aaa80183,da91668faa17c9c3ce985688eb3b8b90f3456035dbb2b7f72701a4e3189f8b46
461,CC(=O)/C=C(/C)NC(=O)[C@H](O)Cc1c[nH]c2ccccc12,5e15638e1f582ee7d9f05eb123704b797a7fb151cdfab5f317924e7361b91fed,-5.971,1.0,3.2362007045299284,True,d918151d5588d7b2288f730a23e9128f57b700ef26542780818b6da8d4c99946,e7285a608926ffffc6f9e529f668d2638320233484f91d0a2b64d51cc011fcf9
462,C=CC1=CCCCCC(CNCCON2N=C2Nc2ccc(Cl)c(Cl)c2)N=CC=N1,8e3b2cdef7c0914b0169e15aba73d092f67dc9464127c2ccdebe604a2ed275e5,-4.258,1.0,2.5104951702801594,True,bdecc9639b2deaae97c3ad068daf125b316d64505b516ae5b59f193ae9d37a68,371182824f704db924fe79c7ba92ad768c2e80cf2b6e95a24c13280e2d01af83
463,CC1=C(C2=CC=CC=C2)N=C(NC(=O)CS(=O)(=O)C2=CC=C(Br)C=C2)S1,070d6188bc6bab5f050532886463161d8a0a913c00cc2a642a5433fc0c9eae5c,-6.641,1.0,7.227363212126534,True,b99a383186ee8a0fdc99bdf3ac3cea86ba024e57cfd6ec48249ae91e5101f4e4,b6f1dcca131dee04c1c770c15d4fb45e046cf473a8edc49a0e094f05c45ed468
464,Nc1ccc(Nc2ncc3ccccc3n2)cc1Cl,795afc583812a654087af0f9dc5747282b7decbbef6a0c7294989cf8cda47d40,-6.667,1.0,8.617503872932117,True,f73a59509c7883b1b6d5a8adbba8c2b369463d97ebd924853b2691446c405aac,b00e04b8097a0e4f25a1c1682f26e4c22442021371efcad5f2126ae092dda20e
465,FC1=C(Br)C=CC=C1CN1CCN(CC2=CC=CC=C2)CC1,26bb5037847d7480b89af217c32224266f9e5d806f0317f4abbf70a2c2c6f8eb,-6.808,1.0,4.159575218697217,True,7ca51605efe9e1e58ec66ba63fe456df86f1f6a5289a7aadb8ad1bbe29204b13,4b16556358418964146ceaa5a91331304a5bdaff4d7a60887581298013f20605
466,CC(C)c1ccc2[nH]c(-c3ccc(N)cc3)nc2c1,a1b6d3e9afbe4095d1547c47721e8d6b91923ee9d9775bc122483d45e94e95d7,-6.023,1.0,6.346252279889289,True,1a692aa336e7db8d1b9a75a8f607027e6049527a4867b0e64c0f04c45dc90fea,39e7e4efb522c30cd5844dc97504c380929b571ecd23712bc4d5531161ff5bfa
467,CC1=NC(N)=NC=C1C1=CC=C(Cl)C=C1F,58f91e55cd39b507a24d86c2bc240d9a4ac10532f360c6fa4ae48a55fc2173cf,-5.265,1.0,6.143464250730202,True,a384ce9b01bf7ac117fef1a49b22b4e7b09ef53748313fce55fe06e20354753d,61ba54cf448004728dc70640f5100b738995658c499ae034db2b8123c48c8758
468,OCc1nbncccccc1Br,29db88ba3588f6d1fc88a9587376a91eab98957ffa21eee81fe785ff67e58689,-5.021,1.0,2.465252319743357,True,598eb7ffb94f0262604c2d08cd3ac8a26a55bd236738bc8bbc8244f2f4fb713a,3cadf04bc46fd6d54c5a70f31c3c08d0e87feb9ad5fc4911c998dbded37dbb46
469,ClC=C(Cl)C1=CNOC2=NC3=CC=C=NC31C=N2,9ee2830c3c911ce3a8a1514bba02c76cf99ae6fd9c179ab368e5cdccfcf20020,-4.867,1.0,3.4382665690722716,True,4419fee7c9b096ef2ebdba2beefa302b93bee4d537ab0901a8ecde5656410e39,09519bd84f443c9bf5037b9ffda53264bb25f5fbd6d87124e7e99a1218f94083
470,CC=S=CC=C1N=C(Nc2ccc([S+])c(Cl)c2)N=C1NCCO,9e8f27a8a6f17811304a6c7baa9cad48ccedd78c652dbd724b5ca843bbfeab97,-6.372,1.0,8.93786490164178,True,0531531d6293a9e9ac78c5e071a7529544fdcf53239926c6bb3f1bddb82b1f7a,f21ae47f5b1bd054920ac9e1c54a330cde4d3642c3fcfc87905aa7a81f8c06da
471,CCOc1ccc(-c2nonc2NC(=O)c2ccc(OC)cc2)cc1C,6af02818461947bb1a0d94fecdde00e273dde9368546780124a9ea8f58ceefe5,-6.111,1.0,7.3450148400122375,True,781845d83c6be89c125b40a1b48553b5556397026130b0d4e27bfec8c1b9b999,8480b876789f44d1b69da8c78608553d922202ad67c5fa4ef72760649728b35c
472,[NH3+]CCOCCOCCNc1nc(-c2ccccc2)nc2ccccc21,5596a65ffda1b78efbca8e8475b8edcc2b0835c2ebbe0240c9e4623ffb2b457e,-5.587,1.0,4.085421275707073,True,74a094bcc261996f7a2f8105c0b48934782f898b1df4fe96af475203562c1995,26e96221528cd4ac2460fe2af570393f206793b324ea8fab14a93144c73a67c0
473,NCC=C=CCOC(C=CCl)C=CCl,6c325d764e358da121e0fed074f2c70ff273c155a47d22a3a4e97651113ea25c,-4.695,1.0,8.578574357082884,True,292ca7f8b1c610cf8bc25034d949a05b19733f54497eae6dc280d89e24b47851,3c10d04d3d785df6f9118a6e73d70eb7ecef7ba6aef8a0c094ae8e45ae77f74f
474,COC(=O)c1ccc(C(=O)Nc2ccc(-c3nc4ccccc4[nH]3)cc2)cc1,fd2f999504eb5b733593810277d3e0cd63d573b64bba78034b1b767d82e5898f,-6.268,1.0,5.5538427237364205,True,7595ae8ac38bca14fc1c5c33ef7757c77b70246332502695e29bdf0bc9a258ec,677ad4baa9f7215c4427257149c5a54fce73522e58a0bd388655520a8e28ab6b
475,Oc1c(F)cc(CN2CCN(Cc3ccc(Br)cc3)CC2)cc1F,d36e3ef9f70b01406972438f1a13e6e76e5c616471f6af4cd0b8bcf22b0081b4,-5.92,1.0,6.741157838235209,True,d9466540115230f8f1bd0ace8346521dc7bda3a8cbdbb197b32acfd186b0467a,70a0bc3072575bfc5a5262f81c41ff65a77aaf31b8ee8e0e3472e5066fff5bf4
476,COc1cc(OC)cc(N2C(=O)N(Cc3cc(C)ccc3C)c3ccccc3S2(=O)=O)c1,14c2c8e4f0b9596f93e6542299a615c64d721d8fef1066687094858377a74c45,-6.452,1.0,3.6450650199962173,True,6e76c7edd189eb815b56fb7e0c17ad5d1407d6ce095aa06154489c4b4ccfb256,10c379656105b11f0fd83f97042d9ef3d6904c6e88d61b57d553e22da8fbbd9d
477,Nc1ccc(Nc2nc(CCO)c3ccccc3n2)cc1Cl,223696ea63fd86a08a99fc090ff97a38b8f0b2d5ed3747ac8ed6410f17f008c0,-7.118,1.0,8.347845770017557,True,25b03393d4544620708489a1ddb02d1d9d3752a91e6cf69b84dfe73b156ce9d2,9dd230d6705218b03fd9667d2327ed312b756ecb140d65679ef293a1037de5bc
478,C#C[C@H](CC)Oc1cc(O)cc2oc3c(O)cccc3c(=O)c12,e8ff84990564a355ede131e620de833d882b05d7945dc407c3b62c431c82f022,-6.823,1.0,8.009142650746083,True,d2e7d1cf599be66b40806fbd02668d6ec0ddbdc91b0f8566b81c560e543e94da,c64b44e4661b8fed80cc76441c64f7b94c0eab791e05e95aa78017cd68997cb2
479,NN=C(NCCO)c1ccccc1N=CC1=CC=C(Cl)C1Cl,02e3c6495b78b8e51af22aa90615118739bd27d89b8173b70c18a2bebdddded3,-6.108,1.0,7.5548541349254394,True,6d623ac42d567c2ae10d42703635d4c13ceb37de5ed97c4d9c8c38ae8e36638e,4cd907c6ebcd0c1f53c3b1986d4d95f7060fb2a80052e89165ad1a3141af0359
480,CC=CC1CC(NCCO)=NC(Nc2ccc(C)c(Cl)c2)=N1,58ad1871bc8facc57986c4012473849c3f8bbbc3e64f0b6943dd3c6aff8e121b,-6.017,1.0,6.61188482960797,True,b50638d4e113101e4e129ee1891fa2684961482a03738a1b0973a5b01222a81e,f9a7607f98d3c4876db7a21a3d19bcbb5148aff154011c4d6c07e3ea2dd7e373
481,COC(=O)CSc1ccc(O)cc1,284d7d93ba9cc6036792748096c737271c0a509d74f25967ce8c05e3ccb3adc1,-4.746,1.0,5.420455423670598,True,ad1b60995df47304ddae41effbeead62707262f861c69cc98ca84448d88c5305,41391d80c48ab09a6bd335f941b57d9e488c4cd6d963f61db3a197ad905592d3
482,CC1N=CCCOc2ccccc2N1,1070b8539877e161024f6c93d859e2bc339413cd05c1246e226940166f7f4817,-3.85,1.0,3.3870808965833703,True,f7f649f6160202ad2386f37fe4bbbab15782993d4ff06e9fc589eb84a837a475,361c288bf4d5fe760bb9fafcb084f5fd9d4d7e726bc8956fa0a6e64f0f2c0b06
483,COc1ccc(S(=O)(=O)CC(=O)Nc2nc(-c3ccc(C)cc3)cs2)cc1,4a8d14c605507bc52c0dc3297438f7571b88c96024d690f95f732bc274bfe8ca,-6.267,1.0,7.092385564815268,True,99a341d7ab0edd418560bbbddca4291c29e02dc93e540269edd0b9660514f97f,8ae362515255fd7e67edb53b184058f3bdaf0660273339311a1d9322aa3a1297
