fold,epoch,grad_norm
0,0,0.247108996504125
0,1,0.6509843237301505
0,2,0.7932137587425774
0,3,0.25800042387250766
0,4,0.6237681218264275
0,5,0.9199910352538551
0,6,0.5137355935027362
0,7,0.6762740304154041
0,8,0.7305524549768786
0,9,1.055842131451435
0,10,0.5780770792979558
0,11,0.22022573785925417
0,12,0.15840014062112392
0,13,0.19873155192960978
0,14,0.346085916906109
0,15,0.2734703489442764
0,16,0.20622113892237928
0,17,0.30062318536157195
0,18,0.42483783153995824
0,19,0.40018202606535735
0,20,0.5908460301597489
0,21,0.7751929480962746
0,22,0.23807984205489685
0,23,0.3177633621504608
0,24,0.4519277182836452
0,25,0.2994598216381821
0,26,0.24533040218060773
0,27,0.562103325447034
0,28,0.48158445023373114
0,29,0.4130962625337887
0,30,0.3358389613587738
0,31,0.6478686273537891
0,32,0.3750454987371328
0,33,0.4038554848074723
0,34,0.6088337279018966
0,35,0.3698049852988244
0,36,0.26271261664714074
0,37,0.31289500766626577
0,38,0.2586654133097797
0,39,0.3763623525511899
0,40,0.6660244961031654
0,41,0.40353241394550965
0,42,0.6662061225172525
0,43,0.4300231025393224
0,44,0.48865118622977655
0,45,1.1370568311928184
0,46,0.43084960105880216
0,47,0.8335737441411095
0,48,0.5468699062189127
0,49,0.4966012583443198
0,50,0.6001912142328469
0,51,0.43655571390974107
0,52,0.4052119709269296
0,53,0.6728075092358179
0,54,0.5472883274789849
0,55,0.5071510091826791
0,56,0.3820000437439872
0,57,0.4888877716816607
0,58,0.5653961840730031
0,59,0.7005384533638203
0,60,0.7192604176680769
0,61,0.46417421002298687
0,62,0.5272314619139247
0,63,0.7748203329843415
0,64,0.4116822046641226
0,65,0.676939977418954
0,66,0.5556675440521834
0,67,0.647265010700764
0,68,0.29118415448313895
0,69,1.044645219070035
0,70,0.5178747785834014
0,71,0.3107236064773949
0,72,1.1014298920537267
0,73,0.7301744167838022
0,74,0.5848936439743345
0,75,0.6179842772801543
0,76,0.669320314307703
0,77,0.7351753745399651
0,78,0.8000124458386194
0,79,0.5543382343244199
0,80,0.7984637583670813
0,81,0.6154715342929593
0,82,0.6207192449862727
0,83,0.8602859673337986
0,84,0.7603499215577705
0,85,0.7620256363148288
0,86,0.44425725171482544
0,87,0.8914989444873838
0,88,0.7763377847779553
0,89,0.5115324823663544
0,90,0.3446577208703782
0,91,0.5254131468997514
0,92,1.1311304681711967
0,93,0.5096193151808486
0,94,1.0348224366512453
0,95,0.4248649603756384
0,96,0.8785531754773355
0,97,0.905612938406068
0,98,0.7218646687705839
0,99,0.9846800627048348
0,100,0.5776817549090028
0,101,0.3887589647016222
0,102,0.6458031223700453
0,103,1.1075993365745618
0,104,0.3300347250582568
0,105,0.45970253792687416
0,106,0.6115280044370164
0,107,0.5164036759655858
0,108,0.2674870385116132
0,109,0.6725543378857818
0,110,0.5160866094002519
0,111,0.44686853173112684
0,112,0.24195360967520796
0,113,0.7405873218237666
0,114,0.4876750886632369
0,115,0.3666691202524748
0,116,1.0064866413901
0,117,1.29359659077548
0,118,1.0836129651746083
0,119,1.5349541597301564
0,120,0.8813508922186992
0,121,0.6806194474366597
0,122,0.3970109570309795
0,123,0.6497664659373442
0,124,0.6692215391284401
0,125,1.3475242037986417
0,126,0.23395910802125444
0,127,0.22112543803776236
0,128,0.5774589279547677
0,129,1.6390829163510123
0,130,0.5116690436793612
0,131,0.9713456244304564
0,132,0.9302405537918714
0,133,0.6149787251196255
0,134,0.3175672944689027
0,135,0.5233082699770569
0,136,0.969564899952423
0,137,0.9533597760764596
0,138,0.7555139981909655
0,139,1.550645097543369
0,140,0.5252558240858772
0,141,0.7153018705486114
0,142,0.5977001054587466
0,143,0.7287607303957924
0,144,0.8432192627298315
0,145,0.950127262190392
0,146,0.963305180159754
0,147,0.28797031033989334
0,148,0.4609275209367011
0,149,0.5798250725991857
0,150,0.16386741124323298
0,151,0.28110736113431734
0,152,0.30014078892563945
0,153,0.537755469991133
0,154,0.23750955372721644
0,155,0.5537257232715685
0,156,0.3485136230677742
0,157,0.17119038532269804
0,158,0.4486258025468864
0,159,0.9005514179423584
0,160,0.18075216633498592
0,161,0.7873582960103123
0,162,0.9465268300123457
0,163,0.8181459037448378
0,164,1.2486815980736414
0,165,1.1899051047888798
0,166,0.1975475422573257
0,167,1.0939190465106403
0,168,0.6749725760774898
0,169,0.23874506116865218
0,170,0.9966923128233524
0,171,1.1796941321587562
0,172,0.5077747095647955
0,173,0.7335917575135715
0,174,0.9053980798342104
0,175,0.42832066841327965
0,176,0.1520572048322882
0,177,1.371547053550402
0,178,0.5390147213204426
0,179,0.2750248904828313
0,180,1.1919938368871767
0,181,1.8996967697863927
0,182,0.6279482438437775
0,183,1.0509978861817213
0,184,0.2130396096387356
0,185,1.5592246362792936
0,186,0.5185153417602881
0,187,1.0603685373343148
0,188,0.13179295627007082
0,189,0.40601808442697745
0,190,0.21768223242704643
0,191,1.0892488067641883
0,192,0.12835441679101448
0,193,0.08751382594396419
0,194,0.45521181045061637
0,195,0.613860361143831
0,196,1.1263557964652218
0,197,1.2280021162156463
0,198,0.09885240942383404
0,199,0.8684611733775455
0,200,0.24144942953574247
0,201,0.2733585806392558
0,202,0.12696166105636622
0,203,0.1063139066970713
0,204,0.26554601561714414
0,205,0.07305575698196201
0,206,0.40673294829090173
0,207,0.13640730476957305
0,208,1.18706646280455
0,209,0.09330553866618595
0,210,0.26555849918686797
0,211,0.38958334445205345
0,212,0.32271084258130217
0,213,0.2907706514507304
0,214,0.07059414126396323
0,215,0.12354553832962369
0,216,0.19299230387640526
0,217,0.44229182818827606
0,218,0.09831349112076536
0,219,1.600238366723
0,220,0.08951702381439047
0,221,1.1089792282382935
0,222,0.05368337954906364
0,223,1.904933361372212
0,224,0.20351369043268605
0,225,0.06873428142715363
0,226,0.05172270863319658
0,227,2.638970318830957
0,228,1.1566609032189619
0,229,0.1040557607921394
0,230,1.1849068680190191
0,231,0.06385321217230945
0,232,1.6651795440137303
0,233,0.08138176313522226
0,234,0.10278806588368523
0,235,0.22341638190231067
0,236,0.0699782045778832
0,237,3.080266092236812
0,238,0.2993955181406827
0,239,1.5056092950030877
0,240,0.12295571211499172
0,241,0.04692503092804648
0,242,0.08146491691731697
0,243,0.05618397496889598
0,244,0.8292887626670691
0,245,0.15793120490090978
0,246,1.2625240028197657
0,247,0.7751017204956959
0,248,0.043096414600500434
0,249,0.06126182695452624
0,250,0.07568086093968164
0,251,0.05671751735619628
0,252,1.5195964071874406
0,253,0.10259353213883557
0,254,0.2710927673804239
0,255,0.4318166097113249
0,256,1.3933998362390345
0,257,0.05344401285126243
0,258,0.13341963392820552
0,259,0.03358899115616624
0,260,0.15115695983464247
0,261,0.4014903223528554
0,262,0.08034910058128555
0,263,0.06290224897755187
0,264,0.30388836923822965
0,265,0.0363784458301785
0,266,1.0008263891558875
0,267,0.050823912016740115
0,268,0.045218545764505395
0,269,0.2368305878265072
0,270,0.04544508946624207
0,271,0.12429063000780138
0,272,0.04076564051399611
0,273,0.06049550955728477
0,274,0.12927872129568593
0,275,0.08902873585841374
0,276,0.03858361431475796
0,277,0.050143246154876545
0,278,1.6012926568470092
0,279,0.04222615040714734
0,280,0.31574371998786815
0,281,0.9139365689839816
0,282,0.06113630096560064
0,283,0.05831096131078031
0,284,0.05569085513192738
0,285,0.13769503641707811
0,286,0.05292000388288255
0,287,0.03689909191050994
0,288,2.1113801328562016
0,289,0.47927648389803473
0,290,0.08515169917007236
0,291,0.05738002323316997
0,292,1.053517045275562
0,293,0.0772797972163335
0,294,0.04646371796433641
0,295,0.03314254087688291
0,296,0.04644536850303407
0,297,0.3728015889984569
0,298,0.12580494346999818
0,299,1.0729844146471919
0,300,0.037370816456032796
0,301,0.06107071175687363
0,302,0.061472176935525695
0,303,0.02697318416593551
0,304,0.11067123612167656
0,305,0.02570772747393553
0,306,0.04809969839767095
0,307,0.0771115586108452
0,308,0.030777948234741195
0,309,0.05110997927996379
0,310,0.04639518783344438
0,311,0.049498120139928714
0,312,0.04216990952933193
0,313,0.03223085411949209
0,314,0.042684294142765575
0,315,0.07544164157839219
0,316,0.06487591046071606
0,317,0.02956488190957927
0,318,0.03451179115264479
0,319,0.09649038202470887
0,320,0.053049258005985894
0,321,0.09212489470859508
0,322,0.04375171391336267
0,323,0.15295129837801918
0,324,0.06451840366152846
0,325,0.025368325017169447
0,326,0.024478608865910613
0,327,0.03070916900102903
0,328,0.027325390135311618
0,329,0.03682700837311801
0,330,0.03847422529714202
0,331,0.020449582106479867
0,332,0.028662673588048474
0,333,1.2116770597934596
0,334,1.3148759209761203
0,335,0.026667821997907147
0,336,0.016997714226601384
0,337,0.1721015786176141
0,338,0.5210931835376221
0,339,0.020010528578053608
0,340,2.086492349021272
0,341,0.03018820889223921
0,342,0.6008289143347364
0,343,0.04544034076438526
0,344,0.031290816139045746
0,345,0.02805425784705379
0,346,1.694560653014655
0,347,0.44170702500509074
0,348,1.9731752606832933
0,349,1.0086212373565797
0,350,0.02489784335920313
0,351,0.023112505729281325
0,352,0.022889326268896358
0,353,0.017722432384288226
0,354,2.8016100034911013
0,355,0.04682739949160911
0,356,0.0893734187080607
0,357,0.05743856204867931
0,358,0.023284583610508586
0,359,1.1564995082593048
0,360,0.1435886229386659
0,361,0.021276535730286216
0,362,0.05040150860547968
0,363,0.03575068790546705
0,364,0.17803564104527705
0,365,0.027498840849573956
0,366,0.046666570293168966
0,367,2.116794649522055
0,368,0.014795463182381395
0,369,0.17114516010989234
0,370,0.05630921698218028
0,371,0.047925297415645024
0,372,0.02274036121822765
0,373,0.0808817128199441
0,374,0.2879112142257447
0,375,0.05280999032502249
0,376,0.03217077382870002
0,377,0.03776575107982737
0,378,0.10271362403696965
0,379,0.02765205660723929
0,380,0.011699486079998375
0,381,0.06984494360710054
0,382,0.03822749933029034
0,383,0.05822846501339333
0,384,0.24020995927743005
0,385,0.02600412524982133
0,386,0.7314749314712887
0,387,0.023851363265938598
0,388,0.49843568118459575
0,389,0.007782177788629198
0,390,0.035529079322872664
0,391,0.6181619548191599
0,392,0.025832061529233608
0,393,0.030471606235217438
0,394,0.029636001075161972
0,395,0.01825154496957858
0,396,0.027815084517679643
0,397,1.941061019353632
0,398,0.013396450095441546
0,399,0.026926854853534295
0,400,0.028977281601962942
0,401,0.030277713595959453
0,402,0.02423290359057538
0,403,0.016861724353125933
0,404,0.03140262533431873
0,405,0.021411152610957735
0,406,0.016257278131222352
0,407,0.20096104009755564
0,408,0.7625501424887954
0,409,0.03696560859961512
0,410,0.04796076786247397
0,411,0.015593457067841958
0,412,0.09111456928383925
0,413,0.8576915245017198
0,414,0.10743129079574085
0,415,0.011900396078049746
0,416,0.03649408414646489
0,417,0.012538223544378582
0,418,0.00970519550572801
0,419,0.016154573702113564
0,420,0.13910573044193716
0,421,0.01943641919730305
0,422,0.008272761504313051
0,423,0.615895060620097
0,424,0.019328419599500504
0,425,0.016900891063142718
0,426,0.0639194791417456
0,427,0.0193047185273304
0,428,0.058060507962992114
0,429,0.02692930565572482
0,430,1.7030334213240368
0,431,0.01190718317777414
0,432,0.014855021984250545
0,433,0.010381814652864326
0,434,0.009990952171088214
0,435,0.016473040957287063
0,436,0.03443062962809463
0,437,0.02088521131388242
0,438,0.018483218547337317
0,439,0.027543395550067202
0,440,0.1061058115761278
0,441,0.06623220908869445
0,442,0.026267323714096617
0,443,0.02065276999659427
0,444,0.010501610195387567
0,445,0.014282070009315122
0,446,0.00748608689173159
0,447,0.012991101879669233
0,448,0.01801546536410777
0,449,0.015551592782896822
0,450,0.007959901038620995
0,451,0.021152434209561186
0,452,0.03141492212449351
0,453,0.027585416003420404
0,454,0.012617981521879967
0,455,0.036914527182015884
0,456,0.7653708559948861
0,457,0.011631317369432818
0,458,0.04033949291777361
0,459,0.43418008343721515
0,460,0.008109968212266722
0,461,0.011601326175877991
0,462,0.014051772544151951
0,463,0.017520023704645147
0,464,0.013975718241900595
0,465,0.03996719863935739
0,466,0.01399509112354973
0,467,0.023887601256417864
0,468,0.007518835442658048
0,469,0.01917580817421197
0,470,0.03491722649850036
0,471,0.022135023253375765
0,472,0.007985419910031134
0,473,0.006807745618404508
0,474,0.02059884989855869
0,475,0.010118487114673171
0,476,0.005248541623531465
0,477,0.008490263958409587
0,478,0.013036609774164343
0,479,0.011392057426478466
0,480,0.013970100241299958
0,481,0.006105853749247017
0,482,0.012783800176080199
0,483,0.01683737800558268
0,484,0.00964580967626953
0,485,0.007689456672902673
0,486,0.012123535970076614
0,487,0.8827321511855315
0,488,0.006765825122161578
0,489,0.01155869702678656
0,490,0.020512610048337772
0,491,0.03300994159924133
0,492,0.007028030088586158
0,493,0.035030172276468
0,494,0.05230361838230418
0,495,0.010606694233740365
0,496,0.009918068288486568
0,497,0.009820395859995126
0,498,0.015382743778548142
0,499,0.012893523010125299
0,500,0.010735213786682078
0,501,0.04344337946794001
0,502,0.005721741087000822
0,503,0.025959166883729227
0,504,0.026845649812225664
0,505,0.006183479480278022
0,506,0.01008183928300926
0,507,0.00856478560856954
0,508,0.010007729937205228
0,509,0.00497978653586322
0,510,0.007895748104233765
0,511,1.4308716851258816
0,512,0.01185847146792464
0,513,0.007133197384424597
0,514,0.04073528436116508
0,515,0.009738763955343772
0,516,0.013171406009918831
0,517,0.00649528596368906
0,518,0.004431693083181042
0,519,0.012170444268544056
0,520,0.027256983515536258
0,521,0.007004384527333035
0,522,1.4705923696033176
0,523,0.009173799272449488
0,524,0.01105474177914567
0,525,1.0846400884368963
0,526,0.015301943349157488
0,527,0.00834417649118393
0,528,0.009005082749156498
0,529,0.01806027163232505
0,530,0.012037967325268871
0,531,0.02118692104966246
0,532,0.01162607773896055
0,533,0.007426676441783315
0,534,0.015268779420663412
0,535,0.0113851964481079
0,536,0.009131184990837852
0,537,0.019789302797668634
0,538,0.0038478499023643265
0,539,0.004472527621845057
0,540,0.007150995757913094
0,541,0.007936397695418908
0,542,0.004328707956123282
0,543,0.00823034716092275
0,544,0.014995544615510318
0,545,0.01711032761456564
0,546,0.009461948392526925
0,547,0.006326052710606025
0,548,0.010030633643998092
0,549,0.005626495197193211
0,550,0.014903980796789002
0,551,0.006913891731502956
0,552,0.04985503638569766
0,553,0.007687150802800459
0,554,0.006540032554266198
0,555,0.009247602353706426
0,556,0.03561706476656989
0,557,0.012910900618868017
0,558,0.005958958439931387
0,559,0.004415211837210858
0,560,0.004648613726754063
0,561,0.004206599042842611
0,562,0.006123690966640639
0,563,0.008703050661698256
0,564,0.007822783933832022
0,565,0.013782184979237791
0,566,0.022306231403383142
0,567,0.00255437097225402
0,568,0.009495014906436266
0,569,2.054052463392874
0,570,0.01621729256411037
0,571,0.011832479760779783
0,572,0.03005571135333715
0,573,0.005790156163208967
0,574,0.004183289535406225
0,575,0.026451338781828048
0,576,0.011000906320633339
0,577,0.008409597103643715
0,578,0.00478517879685283
0,579,0.0050833700936218015
0,580,0.021680656115848945
0,581,0.005845785750239119
0,582,0.022962049198878214
0,583,0.0053270956951573575
0,584,0.0029926625951847145
0,585,1.8051831769466042
0,586,0.007730767183288042
0,587,0.00588336774929789
0,588,0.0143940310754984
0,589,0.005752561693455773
0,590,0.02732919512803079
0,591,0.02129782107713587
0,592,0.003582364496781792
0,593,0.005114379676434412
0,594,0.006138927754647135
0,595,0.005941690203501665
0,596,0.0031447823516439232
0,597,0.007371731968018231
0,598,0.006480848584698524
0,599,0.006068610826170571
0,600,0.010152391999884927
0,601,0.005140414714498634
0,602,0.004759972103531569
0,603,0.023565448632797976
0,604,0.010280742805669946
0,605,0.010924308985187313
0,606,0.007006226880878221
0,607,0.004172747833236212
0,608,0.006421444927694034
0,609,0.0051555167501074585
0,610,0.0073822731228403975
0,611,0.00526336076899144
0,612,0.0036474854393328555
0,613,0.00495150159929502
0,614,0.10293304715055406
0,615,0.005820420906561195
0,616,0.6624592210392654
0,617,0.007667467554648106
0,618,0.006863331707998563
0,619,0.005376598729218996
0,620,0.005630437261350538
0,621,0.012000682527502412
0,622,0.008437099257244635
0,623,0.013591507552306313
0,624,0.009202145145614392
0,625,0.017718105014428543
0,626,0.21439026911870174
0,627,0.005992950370598225
0,628,0.005139334915098048
0,629,0.01502253951520408
0,630,0.006008273152522
0,631,0.010287736837850855
0,632,0.006197544091565474
0,633,0.00469271791075475
0,634,0.02271004249998904
0,635,0.003787641427919178
0,636,0.0037194055490579053
0,637,0.003512463531339495
0,638,0.003134302644809833
0,639,0.005954647778020676
0,640,0.024759571904664
0,641,0.0013667965824090491
0,642,0.01395198717309084
0,643,0.0030756490434946573
0,644,0.013093417484925695
0,645,0.02834423027746583
0,646,0.0023726549814764913
0,647,0.017357565508860313
0,648,0.07967588435636541
0,649,0.007574853439340483
0,650,0.006140730172327196
0,651,0.0041240316165458415
0,652,0.38956128543615887
0,653,0.00846557021845025
0,654,0.0025460934736456307
0,655,0.003442994464107499
0,656,0.008830648783124477
0,657,0.02267279152761016
0,658,0.007328164161100515
0,659,0.0068183146733721495
0,660,0.0019317717512736233
0,661,0.004926591198899318
0,662,0.005069066164225254
0,663,0.0037912771076245295
0,664,0.005109229996715539
0,665,0.01767450693171535
0,666,0.006906206710161229
0,667,0.002688011806436828
0,668,0.00520678418249768
0,669,0.01361589480299109
0,670,0.009495485919867387
0,671,0.0067030952497974024
0,672,0.003600905665926453
0,673,0.002478104206206656
0,674,0.006598350656083999
0,675,0.003390610107411098
0,676,0.011155715592103292
0,677,0.012067061192998847
0,678,0.0025336238017860517
0,679,0.015393326939679809
0,680,0.004950824102548235
0,681,0.003444610528031758
0,682,0.014085820967935139
0,683,0.005756406491971654
0,684,0.007414664561881756
0,685,0.004079057368231557
0,686,0.0034260241629793776
0,687,0.013112235280853037
0,688,0.0026098244464926273
0,689,0.008759507830262768
0,690,0.0037286450789127605
0,691,0.00408743564301757
0,692,0.0032976474649179205
0,693,0.005324175072352668
0,694,0.002134663070202011
0,695,0.009251199993336486
0,696,0.02213826564125566
0,697,0.0046631279590654195
0,698,0.004132564438484927
0,699,0.004253940442061415
0,700,0.027090503100596176
0,701,0.02987567252862879
0,702,0.03677442510019305
0,703,0.003470964659061798
0,704,0.005029350771387217
0,705,0.0663099521820575
0,706,0.004684642488622506
0,707,0.0035882261671283133
0,708,0.019810596495293258
0,709,0.0016911051734222967
0,710,0.005853426086476688
0,711,0.0021293326427138555
0,712,0.004105992453930298
0,713,0.0028012074146615286
0,714,0.004242264124098307
0,715,0.002271917338272804
0,716,0.008602318549977525
0,717,0.00345205477435071
0,718,0.004148110470379063
0,719,0.002898125471834571
0,720,0.003985424277990047
0,721,0.007172467184510961
0,722,0.0031163316627862677
0,723,0.003984114876370684
0,724,0.003519075582054187
0,725,0.0032096253239845
0,726,0.004827612244334789
0,727,0.003199135668153947
0,728,0.0031028764809245325
0,729,0.004719292219223479
0,730,0.012389977656045636
0,731,0.038783445375865526
0,732,0.0037858494263967903
0,733,0.00216573462536342
0,734,0.005514672134684227
0,735,0.001368024256372809
0,736,0.004244741309352185
0,737,0.003620532075398557
0,738,0.0029117539585775845
0,739,0.004679511613960192
0,740,0.0030965636218129107
0,741,0.005404732296575696
0,742,0.0023824933715579167
0,743,0.003074331364836566
0,744,0.001791157442398617
0,745,0.0027130244658435643
0,746,0.02586197899814771
0,747,0.003475309193333301
0,748,0.006345159179017553
0,749,0.003658819853819459
0,750,0.002409509666917106
0,751,0.003157171993249564
0,752,0.05251700802053609
0,753,0.004162910139047362
0,754,0.0028496434551827463
0,755,0.003346535926203596
0,756,0.002965521238133383
0,757,0.005471662820167281
0,758,0.024824824046580856
0,759,0.015408619355194096
0,760,0.007054855067903572
0,761,0.002790085412076208
0,762,0.0020754611095203644
0,763,0.0027067795089110607
0,764,0.03740495280387083
0,765,0.006759538044906664
0,766,0.003778831229667113
0,767,0.016472676090404224
0,768,0.00523410956052197
0,769,0.002175204860549288
0,770,0.002237671999953541
0,771,0.00543167178801571
0,772,0.005168518900964355
0,773,0.0024485884650636627
0,774,0.003392117161884066
0,775,0.0027395765866205894
0,776,0.0022824872528491263
0,777,0.0022157694682106094
0,778,0.0033644328995872212
0,779,0.0026557862001793894
0,780,0.001694758681823856
0,781,0.006680287859985577
0,782,0.002549880430080136
0,783,0.003228292856202093
0,784,0.0028423501606422313
0,785,0.002037941465590725
0,786,0.0022156292442481805
0,787,0.019879542446065428
0,788,0.012370968295316215
0,789,0.0033869611218303357
0,790,0.003635116652199705
0,791,0.0031815575144804736
0,792,0.002104505224823141
0,793,0.0020533675300216238
0,794,0.005599524212264093
0,795,0.002993750222428597
0,796,0.0016909678983872386
0,797,0.0046545256742125405
0,798,0.01084730164214418
0,799,0.0017143067915800253
0,800,0.005435728329378512
0,801,0.0019887948475629325
0,802,0.004924952947404265
0,803,0.0015890890757993077
0,804,0.001380211044596255
0,805,0.0042979240490106955
0,806,0.0021395918438838033
0,807,0.002129989383528772
0,808,0.002613725559345095
0,809,0.0035347801664446874
0,810,0.009022247268330692
0,811,0.004111318260121147
0,812,0.01477719810414677
0,813,0.0093336676388694
0,814,0.002383607360815334
0,815,0.002029232834266986
0,816,0.002439052967855658
0,817,0.014536680209501357
0,818,0.004716756851811833
0,819,0.03582358732742288
0,820,0.005264928553073723
0,821,0.0033974834962926218
0,822,0.003949061584338252
0,823,0.003831520576258826
0,824,0.002419888917528841
0,825,0.003544248278697605
0,826,0.0031225046803175635
0,827,0.002146421539136793
0,828,0.00923670542536711
0,829,0.00516802871169844
0,830,0.002683915740175508
0,831,0.004015094132261383
0,832,0.002870386262960733
0,833,0.007330147221905107
0,834,0.0040409304732904995
0,835,0.0028593030877151963
0,836,0.0107782341404541
0,837,0.0022293519099749986
0,838,0.0014698504629486447
0,839,0.0050280638290290435
0,840,0.0014727285682990074
0,841,0.003015150675387902
0,842,0.015197256140614847
0,843,0.0018741647812247424
0,844,0.006922996465929468
0,845,0.001488944917210557
0,846,0.002934234435041994
0,847,0.0010517563932392858
0,848,0.002697363978984445
0,849,0.00383130927798042
1,0,0.8051047581982034
1,1,0.2931283948930033
1,2,0.8710666084541345
1,3,0.9028775253785409
1,4,1.3742884600574785
1,5,0.3307496939741883
1,6,0.2365527359454461
1,7,0.1863370356868986
1,8,1.0583998355484363
1,9,0.22455607552040274
1,10,0.2287033281497745
1,11,0.29694310955584446
1,12,0.7330896633688307
1,13,0.220356665107272
1,14,0.6328916690546429
1,15,0.450752553460607
1,16,0.6613539503560022
1,17,0.32083369902627096
1,18,0.515997139445559
1,19,0.46492235730069115
1,20,0.4148252343299746
1,21,0.3665040840970732
1,22,0.3711066657613602
1,23,0.3632075986139496
1,24,0.5174968435147065
1,25,0.407149426153354
1,26,0.2629107455434187
1,27,0.7169393089178107
1,28,0.3154020872904231
1,29,0.3769059748688245
1,30,0.28984585405709995
1,31,0.4029058859362648
1,32,0.3340360158238739
1,33,1.0509855001108803
1,34,0.573788176841236
1,35,0.49413005991544795
1,36,0.3852403457594262
1,37,0.5382992725951553
1,38,0.4647408286225398
1,39,0.6297575054673401
1,40,0.5122522482410932
1,41,0.5485209409977423
1,42,0.4672148953964284
1,43,0.6519326666492423
1,44,0.640094380520361
1,45,0.734906573494306
1,46,0.33617080385275183
1,47,0.6757795541808629
1,48,0.2951124565284731
1,49,0.5716101128173846
1,50,0.34738059214359435
1,51,0.6254420084382158
1,52,0.523125812984407
1,53,0.3817390339236113
1,54,0.6789224418907216
1,55,0.38415494397651206
1,56,0.4349101435876154
1,57,1.0224508753921915
1,58,0.4178376723805778
1,59,0.37809232836664297
1,60,0.7792752308744495
1,61,0.8168009302887057
1,62,0.3411376881216891
1,63,0.5850841652851293
1,64,0.6190620438713792
1,65,0.48093177437250195
1,66,0.6452663573222044
1,67,0.43935697621798125
1,68,0.5762629324796453
1,69,0.5541677071791081
1,70,0.5729266822767369
1,71,0.5295419940878102
1,72,0.512154020180437
1,73,0.3531234795735207
1,74,1.006054372516454
1,75,1.1681356624373598
1,76,1.1204770221604947
1,77,0.35050742170480736
1,78,0.3391783521251495
1,79,0.9791844176441936
1,80,0.8495007546495696
1,81,0.5429583434054966
1,82,0.33051482756228034
1,83,0.302367728787054
1,84,0.508872172551716
1,85,0.6980592862874602
1,86,0.4309577982949083
1,87,1.6024379355236367
1,88,0.551765875471946
1,89,0.5134891339220424
1,90,0.6202954397493692
1,91,1.1709066519371427
1,92,0.8634154369682402
1,93,0.3109004020482519
1,94,0.4834579010459695
1,95,0.9945121912522926
1,96,0.6969402389505018
1,97,1.1707593480541496
1,98,0.33930414776810236
1,99,0.6075528778946369
1,100,0.3040649840498113
1,101,0.7085053016426082
1,102,1.2576372279866128
1,103,0.9694019936723915
1,104,0.730723465827155
1,105,0.5315842792158324
1,106,0.2685435302031581
1,107,0.7127691351143167
1,108,0.4212244205105731
1,109,0.44127215883418813
1,110,0.5513020286592111
1,111,0.5641064587933017
1,112,0.8257710453981937
1,113,0.8079166197215976
1,114,0.5136101075718876
1,115,0.2707103823134676
1,116,0.9364016372694899
1,117,0.5415693092068532
1,118,0.7337402868546424
1,119,0.5958221775451351
1,120,0.8756036553340912
1,121,0.6107381935814065
1,122,0.354561278276289
1,123,0.285252017380264
1,124,1.060269495250579
1,125,1.0643649775131776
1,126,1.1101531249322636
1,127,1.296866503837289
1,128,0.23300378371490407
1,129,1.476409005756204
1,130,0.4487453149652626
1,131,1.3505595397661667
1,132,0.2857697683282939
1,133,0.691927604502585
1,134,0.9063269488839557
1,135,0.8189804992599896
1,136,0.38463751802511714
1,137,0.6885989231327074
1,138,0.66793578405138
1,139,0.6876143967449457
1,140,0.995576970089933
1,141,0.5654546572089378
1,142,0.9354202421845678
1,143,0.21072952681267992
1,144,0.7315772505287068
1,145,1.244649271866234
1,146,1.327072327837996
1,147,1.3921081171267184
1,148,0.6237892813369668
1,149,0.879440243791597
1,150,0.21193294636382293
1,151,0.3266992589543883
1,152,0.685900419200094
1,153,0.8170260248491787
1,154,0.5787017331342861
1,155,0.3305541709109504
1,156,0.9963511496308736
1,157,0.9022704341044723
1,158,0.36165532950695584
1,159,1.5946367633829508
1,160,1.0360961593637796
1,161,0.4120405935327009
1,162,1.9990277133561036
1,163,0.4530203077552203
1,164,0.5883608730596687
1,165,0.2704246270094834
1,166,0.7455514232888086
1,167,1.0761265973270364
1,168,1.3051962680393254
1,169,0.24338241184893428
1,170,0.3467810083525454
1,171,1.4908992983965081
1,172,0.9822920764854004
1,173,0.4736634970409275
1,174,0.5386518946670086
1,175,1.2022417336697062
1,176,0.805250791302506
1,177,1.144256619135875
1,178,0.3384270436635543
1,179,1.4931691002395415
1,180,1.0304418444137595
1,181,0.42127756397802274
1,182,0.2025313189457514
1,183,0.3636543238177005
1,184,0.9093507066364982
1,185,0.9292596099382802
1,186,1.2147191438480562
1,187,0.1427903931122962
1,188,0.3602409077028034
1,189,1.3176684636145222
1,190,0.1478222538522463
1,191,1.452692235764515
1,192,0.6829274487719111
1,193,1.1315583272062633
1,194,0.4483028916651882
1,195,1.4212984649031604
1,196,0.36466637057193196
1,197,0.13869164462167224
1,198,0.5246928301343958
1,199,1.3050653935685017
1,200,0.2895034627307753
1,201,0.8034739061170063
1,202,0.2432739286957021
1,203,0.7128894011519393
1,204,0.9375722533013741
1,205,0.20988644597129202
1,206,0.7134854120497636
1,207,0.2110914910988616
1,208,0.42097528202291373
1,209,1.1956777817273567
1,210,0.9127594236024469
1,211,0.8008469773660126
1,212,0.3607408023445461
1,213,0.5329961950775179
1,214,0.13614303943515016
1,215,0.4514665023160111
1,216,1.5379302851441092
1,217,1.22225932065942
1,218,0.1180483739240981
1,219,0.1528922848479113
1,220,0.09917206027106558
1,221,0.1959095889400022
1,222,0.27587222362206154
1,223,1.0010535167699193
1,224,0.7364240793692866
1,225,0.11210011689570483
1,226,0.1355214372371424
1,227,0.45257429474320826
1,228,0.10703098533331688
1,229,0.44298308028822875
1,230,0.7415575465550662
1,231,1.509800334397499
1,232,0.5160165927101926
1,233,0.14656612146374876
1,234,0.7588700499160833
1,235,0.5466887028838093
1,236,0.17634019624746403
1,237,0.28785226061388147
1,238,0.11321323395305079
1,239,0.2058765932452246
1,240,0.4751522894320909
1,241,0.14817062559294714
1,242,0.09091788988230588
1,243,0.06318108155653658
1,244,0.09549050223724093
1,245,0.10827294105695624
1,246,0.06459267478127634
1,247,0.3078886907695437
1,248,0.30428794698250206
1,249,1.1845723638631407
1,250,0.09473317862866074
1,251,0.4068415746248316
1,252,0.2515592543746687
1,253,0.1666730793076135
1,254,0.10919266296067517
1,255,0.35390343312445655
1,256,0.04625873980491576
1,257,0.12006271456774589
1,258,0.07061571378839837
1,259,0.06053558393574616
1,260,0.06366683276218031
1,261,1.2260050711291282
1,262,1.3004517397194368
1,263,0.315706232005417
1,264,1.256596949948528
1,265,0.06763644387866054
1,266,0.09850459770329208
1,267,0.16299427131453822
1,268,0.7833254941621853
1,269,0.0761822585651201
1,270,0.06381904113827176
1,271,0.40364033614482586
1,272,0.27948115841724963
1,273,0.23913978216961973
1,274,0.5576713820701773
1,275,0.787013628739054
1,276,0.26779398892705286
1,277,0.11422390951919978
1,278,0.7582794785589868
1,279,0.049869223919072315
1,280,1.3072991772550018
1,281,0.06459306852028913
1,282,0.08869835277114733
1,283,0.39363403982055184
1,284,1.0841755712900198
1,285,0.12046961794300973
1,286,0.17509171828671827
1,287,0.11320169518813925
1,288,0.569427744309881
1,289,0.2943008454889498
1,290,0.046321589713095454
1,291,0.6884694340621382
1,292,0.08899833658059564
1,293,0.03673980056935703
1,294,0.9028843282498465
1,295,0.4758693191643517
1,296,0.10280721505061755
1,297,0.05670779954033664
1,298,1.2313526986281318
1,299,0.060008944842718986
1,300,0.035407671181146676
1,301,1.5245104754613024
1,302,0.9295835958882971
1,303,1.5365741850941295
1,304,0.9484676559613001
1,305,1.4586732643541533
1,306,0.04583219486212661
1,307,0.4083690923293442
1,308,0.056934420163626466
1,309,0.1299807552755805
1,310,0.02882017530224207
1,311,0.044168399127390824
1,312,0.792509084717036
1,313,0.24423078975731666
1,314,0.05655667267102807
1,315,0.4640096700497964
1,316,0.11653763866363707
1,317,0.052601062843788036
1,318,0.5620109784519606
1,319,0.03944449025041479
1,320,0.06471119796210711
1,321,0.6001623622827899
1,322,0.058012865446801044
1,323,0.4431205890828832
1,324,0.31185311331308196
1,325,1.4059105055511874
1,326,0.20028972071085224
1,327,0.0803167013235013
1,328,0.07580567440965963
1,329,0.12031692928949783
1,330,0.06793976169394866
1,331,0.051527785762540364
1,332,0.3697393170190308
1,333,0.24071210854857159
1,334,0.05575465213320423
1,335,0.19648711091562446
1,336,0.09398601906564254
1,337,0.05613894843729701
1,338,0.14048838203519953
1,339,0.060645458317563905
1,340,0.1023495314882035
1,341,1.6298063975254207
1,342,0.19943859899309116
1,343,0.040099275588920465
1,344,0.7059604881277989
1,345,1.6219425802411733
1,346,0.0601165744501289
1,347,0.08699130593552078
1,348,0.06497469093819971
1,349,0.020413452764795285
1,350,0.038012080510169244
1,351,0.028783231836325238
1,352,0.5654086508943359
1,353,0.4023822974016381
1,354,0.06654821030128533
1,355,0.40681050485102715
1,356,0.3929227294113634
1,357,0.03430463420215028
1,358,0.38054551176476165
1,359,0.045837361225951855
1,360,1.1161624514537545
1,361,0.08158307734023416
1,362,0.06101211642240259
1,363,0.07829388751825342
1,364,0.03334672798612939
1,365,0.07804844447258973
1,366,0.05304030652287707
1,367,0.05356753920324594
1,368,0.050066117085512445
1,369,0.05935785925987679
1,370,0.050469864330892095
1,371,0.771328769006155
1,372,0.029831483869839595
1,373,0.027620339150842076
1,374,0.04563484995774399
1,375,0.043729094641603614
1,376,0.0973909822258953
1,377,1.1720510342550552
1,378,0.056157226418909315
1,379,0.09871614602832103
1,380,0.4681148300158677
1,381,0.02616434706526524
1,382,0.07001562294473931
1,383,0.02712291326153235
1,384,0.05466901300312781
1,385,0.032838614468340126
1,386,0.28936371609335865
1,387,0.041155595015223076
1,388,0.04045518036498984
1,389,0.06717657989618607
1,390,0.038943706253108695
1,391,0.6340715856512907
1,392,1.475949101593752
1,393,0.8246007856957028
1,394,0.2050490507766669
1,395,0.7262175526877176
1,396,0.05587573824211944
1,397,0.033586512535878785
1,398,0.044592242629446166
1,399,0.1406125498213005
1,400,0.07816038963265177
1,401,0.03422802635649498
1,402,0.022803663364584663
1,403,0.07084939262518594
1,404,0.035782243173351796
1,405,0.06830676658104819
1,406,0.37945336621634274
1,407,0.07883992796148823
1,408,0.04174247833388369
1,409,0.1132205966468953
1,410,0.1161305739385563
1,411,0.024127789580340692
1,412,0.04042788226712309
1,413,0.027023124368785595
1,414,0.10196159410673745
1,415,0.9405516995175432
1,416,0.049851038214802704
1,417,0.8604229443757456
1,418,0.43718181806975426
1,419,0.04902310721897038
1,420,0.04195378770263569
1,421,1.326103767801743
1,422,0.04685171970465421
1,423,0.021960350806857758
1,424,0.022529591036668774
1,425,0.026345146033188292
1,426,0.05115143632450975
1,427,0.47498086882110685
1,428,0.060340688449186865
1,429,0.032406288954461314
1,430,0.04011522515917461
1,431,0.16631211909856727
1,432,1.3755047249770682
1,433,1.2159281099148422
1,434,1.9117512757646526
1,435,0.677484408840271
1,436,0.10810990854792017
1,437,0.028226337487154706
1,438,0.012466869263562053
1,439,0.034318516491232784
1,440,0.047390125445871414
1,441,0.5055157878077605
1,442,0.04583587294767486
1,443,0.0295967309765595
1,444,0.029690800712190726
1,445,0.03145459073087568
1,446,0.11135603528029316
1,447,0.013487693721662839
1,448,0.28651580982193864
1,449,0.4507163108166547
1,450,0.818463957337157
1,451,0.033870716980371605
1,452,0.029055181635343257
1,453,1.1220609172587308
1,454,0.07257695295599159
1,455,0.04306792317408714
1,456,0.11844860903335265
1,457,0.1282666368298848
1,458,0.07420289032058415
1,459,0.3465119640242442
1,460,0.09335303895398078
1,461,0.050071637916538105
1,462,0.7160401009326726
1,463,0.05471671593953947
1,464,0.01584229277636961
1,465,0.03649211570019577
1,466,0.08181714482594274
1,467,0.05760074689263898
1,468,0.09705645754377945
1,469,0.02718876038844039
1,470,0.037800370148782736
1,471,1.358442143444119
1,472,0.04534032402993901
1,473,0.049465748565946654
1,474,0.016282199030648665
1,475,0.036164452526086424
1,476,0.05353943274697051
1,477,0.6512290057726318
1,478,0.39172223049709926
1,479,0.04113192666527339
1,480,0.031033437014345393
1,481,0.027863373778825376
1,482,0.4209795851638231
1,483,0.01537209269906005
1,484,0.18687815032053068
1,485,0.01620647768605116
1,486,0.04633569310771367
1,487,0.05870293220811749
1,488,0.05126543337244493
1,489,0.0657027374681465
1,490,1.459967340711777
1,491,0.021837843631862593
1,492,0.6046780344062331
1,493,0.04121085595183555
1,494,0.054285919456131586
1,495,0.3480061488391423
1,496,0.07237172150806065
1,497,0.589806132835728
1,498,0.02406348645119884
1,499,0.04162954487754933
1,500,0.02110296589147625
1,501,0.01949503077439798
1,502,0.030536498747874754
1,503,0.05129152792833199
1,504,0.04672981906827555
1,505,0.024495513481329983
1,506,0.25606542543003363
1,507,0.0379989945595178
1,508,0.2879171953410776
1,509,0.02586603680364107
1,510,0.052615920193047463
1,511,0.022409955817339566
1,512,0.024828485468995225
1,513,0.03451579403988039
1,514,0.022527042458513315
1,515,0.46798899547586065
1,516,0.045243857182126444
1,517,0.030965033455776652
1,518,1.0047645003527894
1,519,0.015563454285594452
1,520,0.01691602876508565
1,521,0.014132721131395892
1,522,0.02742763565567568
1,523,0.012572465520179451
1,524,0.08802129435822807
1,525,0.0275539282701056
1,526,0.4279341125095456
1,527,0.015610655095919268
1,528,0.01882419791208482
1,529,0.01426876934941794
1,530,0.02862949485172186
1,531,0.01139043128135826
1,532,0.016334014677026262
1,533,0.03078194647201976
1,534,1.7218543801309858
1,535,0.10278900736485652
1,536,0.7271726070709055
1,537,0.011021395120734297
1,538,0.03111778032490688
1,539,0.01662054278647712
1,540,1.5278172118884588
1,541,0.03757124904735185
1,542,0.014421424201382602
1,543,0.4801930452574004
1,544,0.04058445526217419
1,545,0.015845452700959335
1,546,0.02178842253926716
1,547,0.0512058892328215
1,548,0.01628629998907962
1,549,1.3709289181434858
1,550,0.02057682966755949
1,551,0.012391272604038765
1,552,0.021257948503397187
1,553,0.02850848252747049
1,554,0.02322777286823709
1,555,0.14049786938119574
1,556,1.0856847887566488
1,557,0.03610435986417423
1,558,0.029510825718548888
1,559,0.01451652882234894
1,560,0.04209577506329333
1,561,0.00990273104670747
1,562,1.1995901555314807
1,563,0.024578293210423336
1,564,0.03368460071357628
1,565,0.11716223811096221
1,566,0.031349429303632076
1,567,0.023692263058039592
1,568,1.3988368220267515
1,569,0.6069982465607959
1,570,0.06880862949692645
1,571,0.04503202405910935
1,572,0.03205055768758069
1,573,0.06342984340383134
1,574,2.207314466582622
1,575,0.03460072173281852
1,576,0.21129212531461578
1,577,0.02788177507564131
1,578,0.11705754958695828
1,579,0.02213689581662743
1,580,0.5324604664170798
1,581,0.0990453072767221
1,582,0.03390784580917012
1,583,0.5417424847785394
1,584,0.05186250413294232
1,585,0.04475561840681262
1,586,1.804367453729412
1,587,0.024093159272813747
1,588,0.009263455584527527
1,589,0.015832780844350542
1,590,0.05048043570947038
1,591,0.009911910128375693
1,592,0.026566888116508397
1,593,0.06739850842589966
1,594,0.06944129606592335
1,595,0.07889083733810986
1,596,0.0138714680087462
1,597,2.0714277619703783
1,598,0.013214376054243812
1,599,0.19080442775111553
1,600,0.1443954080851586
1,601,0.096275666152567
1,602,0.01591774435208233
1,603,0.01298154394290757
1,604,0.017765776442105894
1,605,0.01605830570546126
1,606,0.018311961555499107
1,607,0.04049827869645981
1,608,0.004975588216653167
1,609,0.021865643100246333
1,610,0.014317968916919445
1,611,0.01519399478687488
1,612,0.014011962723266434
1,613,0.017171170654723147
1,614,0.048220558676459
1,615,0.025924218911774544
1,616,0.019377577605059686
1,617,0.018262737423060647
1,618,0.19967998865530567
1,619,0.021144583062663886
1,620,0.006879151253841198
1,621,0.00808290196592015
1,622,0.014172410721147699
1,623,0.06279885218132829
1,624,0.02621452886838667
1,625,1.0813840465129354
1,626,0.05206215115247936
1,627,0.04398617678340786
1,628,0.015838710011505493
1,629,0.021271025666677927
1,630,0.02886867129008258
1,631,0.020534486172704054
1,632,0.008793472170875404
1,633,0.13465117639624075
1,634,0.01384264891258903
1,635,0.025684138332659173
1,636,0.01159249858755421
1,637,0.01256736364951518
1,638,0.08302047098908684
1,639,0.10380331305498655
1,640,2.3012502356975637
1,641,0.059909348502123635
1,642,0.03378522267766503
1,643,0.010805204615740176
1,644,0.01605263361678981
1,645,0.017941812253494872
1,646,2.483923061169911
1,647,0.004444869104359712
1,648,0.027644372980371958
1,649,0.008725853105148326
1,650,0.008037046556481823
1,651,0.022276698148705542
1,652,0.008885631619069563
1,653,0.012342436260356613
1,654,0.003110629804925687
1,655,0.013212849891544977
1,656,0.010115358236265455
1,657,0.01167441268798256
1,658,0.013905876290234346
1,659,0.009498458357612644
1,660,0.01458893521921899
1,661,0.007375126173570086
1,662,0.008572497690776436
1,663,0.013565980204269412
1,664,0.031585208371957295
1,665,0.0065325020190690345
1,666,0.011215735361561851
1,667,0.03321627730335851
1,668,0.01123269164585664
1,669,0.006663147472734255
1,670,0.019300648404247465
1,671,0.007428307528133097
1,672,0.011048646680456561
1,673,2.6970357144389543
1,674,0.002879549811034856
1,675,0.011008088514513289
1,676,0.00906357516615718
1,677,0.023547478157753966
1,678,0.01631473231839211
1,679,0.06724370664537596
1,680,0.011427999230236496
1,681,0.00962692272654901
1,682,0.01921873283742937
1,683,1.2344734654560032
1,684,0.060792275922639666
1,685,0.04601073812072441
1,686,0.01922206170589464
1,687,0.032843674755691554
1,688,0.012440229948668361
1,689,0.00606228013071014
1,690,0.012443720663317837
1,691,0.01769854163363513
1,692,0.005941192602504815
1,693,1.1092834500995323
1,694,0.006815438514784325
1,695,0.03457944069762722
1,696,0.006164275107000216
1,697,0.005319097321718773
1,698,0.03729439250433293
1,699,0.14584311890734333
1,700,0.005656581540777882
1,701,0.014119978276166035
1,702,0.011458278973659803
1,703,0.020163721303615174
1,704,0.027577577734128125
1,705,0.006614293141022439
1,706,0.00339549215463197
1,707,0.015043417060945218
1,708,0.0107871942552919
1,709,0.0069241383965547194
1,710,0.13705266816880582
1,711,0.019743953255754555
1,712,1.3355272378937562
1,713,0.008751646366570106
1,714,0.006177355065568255
1,715,0.004273648151967337
1,716,0.005391775329109914
1,717,0.025919269681574035
1,718,0.012698844295524363
1,719,0.007150681282769872
1,720,0.0065363310995845405
1,721,0.019060813857313393
1,722,0.012798380436294223
1,723,0.024218200440802133
1,724,0.059846038905174266
1,725,0.03587293846737258
1,726,0.005489253105539115
1,727,0.03809910827946044
1,728,0.007033568317065225
1,729,0.013234495248079677
1,730,0.0057668696331261505
1,731,0.004338745674166472
1,732,0.011475321296770912
1,733,0.01578102571391517
1,734,0.022761152811338253
1,735,0.013419441154776975
1,736,0.012306224283602124
1,737,0.0035203369660633905
1,738,0.011366082094785322
1,739,0.0033243049177452784
1,740,0.017827978683779982
1,741,0.004893311228779573
1,742,0.013900496800645045
1,743,0.014641696980119797
1,744,0.03006378876079862
1,745,0.01647998525107977
1,746,0.15653911868187437
1,747,0.011365730552680801
1,748,0.009288295085058391
1,749,0.0636697842256083
1,750,0.024227237137013254
1,751,0.05149027529471404
1,752,0.006315190967534898
1,753,0.013351896531800737
1,754,0.026563952129688807
1,755,0.02744076731232374
1,756,0.014854934150638249
1,757,0.004021862745991084
1,758,0.020934884571541724
1,759,0.0031029085945451676
1,760,0.012165518965407745
1,761,0.01157195145412694
1,762,0.00717284995762323
1,763,0.008323730172582599
1,764,0.007567784442286051
1,765,0.0037595132557021573
1,766,0.0073477560355801035
1,767,0.003964721497734812
1,768,0.010055575563443015
1,769,0.02159649883167742
1,770,0.008599551817302669
1,771,0.011492152342113131
1,772,0.00511202560457793
1,773,0.013675685941997378
1,774,0.00609613915105122
1,775,0.007525274772857212
1,776,0.009789632952410768
1,777,0.05781541845243335
1,778,0.004512646374290279
1,779,0.013159654559139223
1,780,0.0060605236548241055
1,781,0.009309073051240865
1,782,0.009408348748193001
1,783,0.009929554193592609
1,784,0.008831614655989525
1,785,0.003777489930454936
1,786,0.008593437691672865
1,787,0.010205318526731523
1,788,0.017015658725562568
1,789,0.002350434962457376
1,790,0.024756383192910382
1,791,0.007322263256412766
1,792,0.009118065256849096
1,793,0.007125765719077171
1,794,0.008413379331673332
1,795,0.009325407142642732
1,796,0.006720655506080646
1,797,0.005222765235161781
1,798,0.006159317096109157
1,799,0.003731168297570628
1,800,0.0053605027061306805
1,801,0.004943705006330928
1,802,0.02404394022090335
1,803,0.0042140016651791325
1,804,0.004375699556595313
1,805,0.00971178833166471
1,806,0.005422318297632725
1,807,0.019368264345664254
1,808,0.011657857828228929
1,809,0.003277142181205824
1,810,0.00605476365258529
1,811,0.0032727318194104823
1,812,0.01407351332423625
1,813,0.004729054595857356
1,814,0.005126473911747462
1,815,0.020643791101257164
1,816,0.0019684953556508037
1,817,0.008733098007225005
1,818,0.009704849617897908
1,819,0.011971995623127774
1,820,0.00531166005616992
1,821,0.002650699794849401
1,822,0.005891473980344569
1,823,0.0035296773574334975
1,824,0.0030569351311378855
1,825,0.0070466831463267335
1,826,0.01378190806704355
1,827,0.044397011877008695
1,828,0.006845382502323931
1,829,0.004177720253645725
1,830,0.005144163569365342
1,831,0.0015409683039080866
1,832,0.008995980081981629
1,833,0.005962948964420049
1,834,0.004868767681781678
1,835,0.005835155366270531
1,836,0.007771886924509364
1,837,0.0036332706792055703
1,838,0.013533203104399236
1,839,0.012540435411176814
1,840,0.012421487093113642
1,841,0.009780087593349644
1,842,0.007611223855006613
1,843,0.00732842320401603
1,844,0.0048163138540973085
1,845,0.003987757990072268
1,846,0.006710976336001675
1,847,0.0056222789421679804
1,848,0.007294601691552351
1,849,0.00422730099401303
1,850,0.0036966698121986747
1,851,0.003325829771307831
1,852,0.003394410772443987
1,853,0.007840561015635211
1,854,0.0023707573607198236
1,855,0.0028239670212234433
1,856,0.005007807539705366
1,857,0.02305763909851602
1,858,0.0077843204554058736
1,859,0.006993188870201068
1,860,0.005732573200040682
1,861,0.0026218895901521356
1,862,0.004796942349555934
1,863,0.0021360435357335515
1,864,0.004950621613361501
1,865,0.009673078988105727
1,866,0.0025929227908344193
1,867,0.0037973660939879237
1,868,0.00293057675898608
1,869,0.003995758920501568
1,870,0.0031090609915658198
1,871,0.0038373314463911686
1,872,0.01718090397529187
1,873,0.0020070083655100847
1,874,0.0017430171450200408
1,875,0.004387152767722871
1,876,0.0028349256732181473
1,877,0.003565582599442491
1,878,0.019543823975647818
1,879,0.002174507141153814
1,880,0.0025363948139007493
1,881,0.016008016690206562
1,882,0.003923536703371709
1,883,0.003356486932622903
1,884,0.008060105601663044
1,885,0.0037693713098319957
1,886,0.0019254352745593458
1,887,0.01197011637174251
1,888,0.0042988027727987885
1,889,0.0035787798844381653
1,890,0.004237768299113357
1,891,0.012669307347432672
1,892,0.0040652277232138745
1,893,0.025398701541573122
1,894,0.006208413659522131
1,895,0.0026108810845459768
1,896,0.002964342261786616
1,897,0.005868885860765842
1,898,0.015108841054415935
1,899,0.008194564523808167
2,0,0.5690623670786555
2,1,0.7933029101192084
2,2,0.8324767466466378
2,3,0.5764169927315572
2,4,0.19729581040870237
2,5,0.754928645950227
2,6,0.8211986164905071
2,7,0.36237654395601476
2,8,0.8012889958963626
2,9,0.7415820357205553
2,10,0.6468491759373927
2,11,0.640965246324214
2,12,0.6837366642519708
2,13,0.23629687002884375
2,14,0.38537236774220207
2,15,0.43693058511813143
2,16,0.2593823108486009
2,17,0.46089068299989394
2,18,0.4522242037664121
2,19,0.21266420510547027
2,20,0.23579582198699328
2,21,0.2992952594537634
2,22,0.19919960112430624
2,23,0.6609804113312202
2,24,0.3201475751594756
2,25,0.6221311011948177
2,26,0.6578995418961809
2,27,0.27312906822007343
2,28,0.48165933243561265
2,29,0.45561933153385725
2,30,0.5536103602922786
2,31,0.478990199637923
2,32,0.5799315968570079
2,33,0.46032561431200436
2,34,0.701008331705195
2,35,0.720028955748284
2,36,0.42420132557356516
2,37,0.6925512804416613
2,38,0.42731003491233976
2,39,0.4682565779730586
2,40,0.4804812842233228
2,41,0.7054156877980764
2,42,0.408337815469376
2,43,0.4210666031154856
2,44,0.4479133045250616
2,45,0.8907244846582258
2,46,0.591771735811744
2,47,0.36204240653693176
2,48,0.5989508073092716
2,49,0.5566196263630216
2,50,0.3972005611013879
2,51,0.6138304599756282
2,52,0.27732807781601837
2,53,0.7504938992979967
2,54,0.9701986926442172
2,55,0.6965291750738228
2,56,0.8133970144336969
2,57,0.7906071632031075
2,58,0.5939994298027558
2,59,0.742477260657431
2,60,0.7985324703225846
2,61,0.5846958561877088
2,62,0.4909728373307317
2,63,0.7553496150070692
2,64,0.8141812834198031
2,65,0.8688413144278899
2,66,0.3664975655294985
2,67,0.4327686683513194
2,68,0.569646155944506
2,69,0.8992164643742666
2,70,0.8324481348893699
2,71,0.5046917883110336
2,72,0.3275286590445893
2,73,1.0091745494344353
2,74,0.8748402684983877
2,75,0.4824048199989038
2,76,0.5260679832626481
2,77,0.5634632787959931
2,78,0.4136565724069964
2,79,0.4634703625102057
2,80,1.0538083058230696
2,81,0.5904165730106549
2,82,0.6620167334598898
2,83,0.7613250095255598
2,84,1.0632723379554607
2,85,0.9280374648015339
2,86,0.753462169222448
2,87,0.7866743093885897
2,88,0.9679819087972147
2,89,1.1966800030004374
2,90,0.3714031692183436
2,91,0.7764536857189589
2,92,0.7984984560803692
2,93,1.045574633581396
2,94,0.7837443149160558
2,95,1.2687204445764553
2,96,1.3929794104352948
2,97,1.2793103499097034
2,98,1.6327640661107554
2,99,0.9400215068889083
2,100,0.32918630762881185
2,101,0.2531107236476838
2,102,0.9095325791754221
2,103,0.38717583996821053
2,104,0.37165294202044824
2,105,0.23407105564711905
2,106,0.27597997121941287
2,107,0.5978906187094176
2,108,0.6077978887427563
2,109,0.3789072168374526
2,110,0.4849381617593706
2,111,0.6941006706637625
2,112,0.8784658415363983
2,113,0.2835073130971606
2,114,0.8265612508585638
2,115,0.5387845531140636
2,116,0.38002895586243896
2,117,0.3101321861181278
2,118,1.239058377186807
2,119,1.0688596312695535
2,120,0.2629362228245309
2,121,0.3995561385651607
2,122,0.8825509058497933
2,123,0.827454729286065
2,124,1.177570776667534
2,125,1.6322982971788345
2,126,1.2431338546984259
2,127,0.7444122744226569
2,128,0.22850255328909025
2,129,0.9197887427524984
2,130,1.4752665481452512
2,131,0.5820941655827706
2,132,0.15872550115875103
2,133,0.7871639545829511
2,134,1.0667908235566874
2,135,0.5128871798859825
2,136,1.2384160290624988
2,137,0.9271294567332549
2,138,0.22151140903288477
2,139,0.577298655859381
2,140,0.9881861887099703
2,141,0.9368410476525159
2,142,1.3318426653001527
2,143,1.6855530013617357
2,144,0.7476048098342578
2,145,1.2860495736277506
2,146,0.15300782428872328
2,147,0.6540902212553467
2,148,0.4052348168329483
2,149,0.23126959269230146
2,150,0.782280860921507
2,151,0.16209727104961436
2,152,0.2934744216983111
2,153,0.49106838371865075
2,154,0.4390456534527794
2,155,0.49563488419172524
2,156,0.26945785641814773
2,157,1.1633511825917262
2,158,0.32965603144332684
2,159,0.9087005219296462
2,160,0.1519597793547254
2,161,0.10823738110089567
2,162,0.1082131134872731
2,163,1.1270182854278232
2,164,1.2030360882570246
2,165,0.15296462997431037
2,166,1.07603460849097
2,167,0.15844455185825418
2,168,0.5701007022121
2,169,0.22506988036665998
2,170,0.9484935049721215
2,171,1.3712724481685081
2,172,1.1695126083473564
2,173,0.47374410185870486
2,174,0.1273451329626306
2,175,0.36187933041732684
2,176,0.7790014144282872
2,177,0.18545746587633852
2,178,0.9854607615256634
2,179,1.1885550958605586
2,180,0.11153260490533785
2,181,0.9705256518032033
2,182,1.4456021782525013
2,183,1.157530768192655
2,184,0.10117631844508262
2,185,1.17357833884205
2,186,1.185240796374978
2,187,1.168480768682315
2,188,0.11385814934563049
2,189,1.81635622942623
2,190,0.11809867840031987
2,191,0.11712020084342094
2,192,0.8549511187916964
2,193,1.001326104768414
2,194,0.15473111835881914
2,195,1.2108247921694635
2,196,0.3098427694512965
2,197,0.9602986779710049
2,198,0.18896255325091568
2,199,0.19031053275929655
2,200,0.1834456228405621
2,201,0.1356531046839347
2,202,0.1413445217815885
2,203,0.1543862409781924
2,204,0.07590434058337053
2,205,0.723552784200353
2,206,0.06852664785124513
2,207,0.08919138337762443
2,208,1.727108212369041
2,209,1.5966252197663988
2,210,0.09684961972606343
2,211,0.26198798044802696
2,212,0.1741084837458804
2,213,1.302295206371641
2,214,0.06272846119801415
2,215,0.1495767125705572
2,216,0.09947288846010623
2,217,0.12840584483827516
2,218,0.29345804034176226
2,219,0.6369465349088151
2,220,0.26742995855505214
2,221,0.08711712433625451
2,222,0.050997187500346826
2,223,0.1659045933977544
2,224,1.0554798565859613
2,225,0.18177474561216397
2,226,0.06534593923658184
2,227,0.3250071685443805
2,228,0.06681729612552798
2,229,0.042066132021827
2,230,0.5731126594206896
2,231,0.8217343754081473
2,232,0.8956538948974838
2,233,0.09748807160197334
2,234,0.14505501010947783
2,235,0.1490571240226294
2,236,0.10041150800725074
2,237,0.051115745559609314
2,238,0.9414777697060194
2,239,0.09618035037537949
2,240,0.7489972411947476
2,241,0.05888421294045
2,242,1.8505786067451968
2,243,0.9178238345195749
2,244,0.056808097227971276
2,245,2.1087393751623607
2,246,0.04967886034062526
2,247,2.0682012365306277
2,248,0.12800119948230662
2,249,0.11880511855128298
2,250,0.052029432887006
2,251,0.061438286124731366
2,252,0.05705540585169868
2,253,0.0478076917701091
2,254,0.049952445059300354
2,255,0.10333393084457161
2,256,0.07099664065796972
2,257,0.11602184277600444
2,258,0.041893782395957035
2,259,0.032575532354182174
2,260,0.0460522198406117
2,261,0.9575304764527368
2,262,0.7610546898865574
2,263,0.046842792261761926
2,264,1.545142647305309
2,265,0.047549574258361225
2,266,0.06908736584868903
2,267,0.03759787977872323
2,268,1.0885379541099383
2,269,0.33609395973212874
2,270,0.060037327255314465
2,271,0.6384017175855509
2,272,0.04887389778254321
2,273,0.025837950195636894
2,274,1.7126901198161708
2,275,1.2961513114594685
2,276,0.02915848243257655
2,277,0.11429471615753309
2,278,0.053661429907461304
2,279,0.5628611644493507
2,280,0.09076429622248945
2,281,0.03351157448600425
2,282,0.04061625755227842
2,283,0.034005971186630776
2,284,0.04004083032002868
2,285,0.35932430968245344
2,286,0.02448988298325228
2,287,0.10324849809049995
2,288,0.0707304652019666
2,289,0.9036466374203966
2,290,0.13635845154986395
2,291,0.25863403808530944
2,292,0.04231806062287456
2,293,0.1065147385942643
2,294,1.6199826675662006
2,295,0.13950918243943405
2,296,0.5385163979360764
2,297,0.08569726040333328
2,298,0.026957994334669017
2,299,0.05692496511245085
2,300,0.025948391712602575
2,301,0.03697314514801458
2,302,0.02775246153932935
2,303,0.0512738819223884
2,304,0.07755486547015922
2,305,0.023728037207092153
2,306,0.05370384143755485
2,307,0.029275289311347714
2,308,0.11915259022212236
2,309,0.03675487094302404
2,310,0.6269622930367124
2,311,1.3542877970823073
2,312,0.025520770421986076
2,313,0.07409244195418543
2,314,1.7294317244649162
2,315,0.021310686975895905
2,316,0.6054068999458764
2,317,0.01396948567915421
2,318,0.05389408870903593
2,319,0.029028131842396693
2,320,0.06093660609099346
2,321,0.09007023906973866
2,322,0.02405253461488831
2,323,0.024875760031010094
2,324,0.3731069590348174
2,325,0.023926899484490494
2,326,0.03569167502926637
2,327,0.03526086122237574
2,328,0.04403335489949753
2,329,1.91526232876771
2,330,0.053839108843064754
2,331,0.09551122150516907
2,332,0.021978608778908174
2,333,0.0216569139308822
2,334,0.08076110526534458
2,335,0.019765407056538318
2,336,0.02097839364851736
2,337,2.3583091331848998
2,338,0.02179293880513259
2,339,2.661596250652264
2,340,2.4114461624597765
2,341,0.09679643073215795
2,342,0.02179491361223338
2,343,0.029880165715702667
2,344,0.07011724159402033
2,345,0.05576550955925436
2,346,0.02804501008717866
2,347,0.9191814526872183
2,348,1.481867214914836
2,349,0.03146086751263179
2,350,0.025536812609153987
2,351,0.00998774735778769
2,352,0.051560652122931844
2,353,0.06697571878800909
2,354,0.02040523063254897
2,355,0.031786259615338056
2,356,0.03132047672106949
2,357,0.01900635087547773
2,358,0.02747440402695022
2,359,0.02891065534650368
2,360,0.040898071031238284
2,361,0.02883757546571535
2,362,0.03232157487079699
2,363,0.019663976271432616
2,364,0.031106398974398385
2,365,0.04221646123090234
2,366,0.03646846789098391
2,367,0.020538813811812235
2,368,0.014156112663790582
2,369,0.015577318393335877
2,370,0.08358730702189812
2,371,0.02566980636956692
2,372,0.027911821981136047
2,373,0.017992962569967706
2,374,0.016178877918396846
2,375,0.9085551764610851
2,376,0.021299882198847073
2,377,0.0177299700589066
2,378,0.02590395470966771
2,379,0.030722725651447
2,380,3.5272757403112065
2,381,0.033666406964630496
2,382,0.020552341140906302
2,383,2.374074784751339
2,384,1.691123189875685
2,385,0.06180427566740164
2,386,0.060217357985032915
2,387,0.02586160696366099
2,388,0.009033084394720616
2,389,0.3854983504352655
2,390,0.024213637079569934
2,391,0.02925108579651587
2,392,1.8622932607995883
2,393,0.015146931654373589
2,394,0.06461711506065006
2,395,0.01801363702804478
2,396,0.05128657486952739
2,397,0.07128305455621237
2,398,0.013693141421009868
2,399,0.02179126341676312
2,400,0.029115216300488567
2,401,0.33533812357447446
2,402,0.02156890332467571
2,403,0.012255010615590626
2,404,0.21750443626473495
2,405,0.026512222086444923
2,406,0.016164571511881377
2,407,0.016795961177212965
2,408,0.022907413852463226
2,409,0.4675912522304018
2,410,0.1258025673662967
2,411,0.1731450004255973
2,412,0.016636357721519435
2,413,0.0215781185117124
2,414,0.1259185511277318
2,415,0.12559399010140898
2,416,0.03114053085457395
2,417,0.4040816823153883
2,418,0.019851308930585156
2,419,0.043447564108932794
2,420,0.4976612258173753
2,421,0.03254512741763765
2,422,0.039834437076517945
2,423,0.04285179401067394
2,424,0.03530064204538624
2,425,0.026812154519941473
2,426,0.020367852819014837
2,427,0.016279107124524878
2,428,0.02498407595838537
2,429,0.05457589037538889
2,430,0.05724590068699492
2,431,1.3762986298100643
2,432,0.21388275353458716
2,433,0.027203306251720714
2,434,0.014127512897893896
2,435,0.04128552827383264
2,436,0.03842440930276085
2,437,2.0617183814293125
2,438,0.020252649636168758
2,439,0.2503826080699734
2,440,0.01866271324151319
2,441,0.009777471664967159
2,442,0.009007217099700319
2,443,0.016465063448284405
2,444,0.007937447178627863
2,445,0.00950241381583725
2,446,0.015123640989739293
2,447,0.013403547751970998
2,448,0.9966542578117508
2,449,0.03559834434538999
2,450,0.020873608461671973
2,451,0.012502631724393549
2,452,0.024918059752513023
2,453,0.021108820574569104
2,454,0.006972804213852741
2,455,0.012185212152765676
2,456,0.04636001096161044
2,457,0.021151534348637112
2,458,0.012095293987365951
2,459,1.8864656681703729
2,460,0.009976753223136034
2,461,0.016258050900049094
2,462,0.017011884564289727
2,463,0.08840572777105075
2,464,0.015566721160422646
2,465,0.025056417605498982
2,466,1.4307579558257915
2,467,0.009711077248728356
2,468,0.039530260754697476
2,469,0.008258013355150353
2,470,0.008167678456615715
2,471,0.012279666649678033
2,472,0.017206105894419683
2,473,0.02382984849697495
2,474,0.011605000450324959
2,475,0.017775344747944698
2,476,0.009374478713681201
2,477,0.42033179660859643
2,478,0.12331413564376491
2,479,0.012244982349823567
2,480,0.01117652433792363
2,481,0.018317709150518835
2,482,0.016037605970988113
2,483,0.06902429993952836
2,484,0.014055802976106854
2,485,0.011927786913651033
2,486,0.009213366545568352
2,487,0.012886472556001921
2,488,0.022510367954437522
2,489,2.1771548829063616
2,490,0.007010251987777578
2,491,0.008647066742293145
2,492,0.007376602123522644
2,493,0.1460255710171659
2,494,0.05466667070108753
2,495,0.026404104130687913
2,496,0.02227342903495811
2,497,0.009155097458788779
2,498,0.013325180272732723
2,499,0.01629314383552337
2,500,0.007099126235899592
2,501,0.0067007541744667715
2,502,0.039679983951973564
2,503,0.008751304276923748
2,504,0.02386512051730151
2,505,0.01460675140942861
2,506,0.010932326576897557
2,507,0.006934053305037544
2,508,0.004135933413544906
2,509,0.006863432229421947
2,510,0.012244858980942836
2,511,0.01979086514303929
2,512,0.012069171587437979
2,513,0.010757995894377436
2,514,0.005085639194605194
2,515,0.034340805149624655
2,516,0.018289093836285606
2,517,0.00996107204981591
2,518,0.12554305752975278
2,519,0.018225213360272007
2,520,0.008735529336608667
2,521,0.015434084226560861
2,522,0.01304752694880251
2,523,0.01177034225250823
2,524,0.0059076072998690025
2,525,0.01952611796204762
2,526,0.009072393635255175
2,527,0.006185599543748418
2,528,0.005259525330485518
2,529,0.005531528794899987
2,530,0.009873571983444887
2,531,0.005650935850765723
2,532,0.7857432311765551
2,533,0.005471283803872201
2,534,0.011497248460858171
2,535,0.005891470354920884
2,536,0.00316906822055761
2,537,0.03531469545089424
2,538,0.007873024201310459
2,539,0.491664554407394
2,540,0.006505857718259377
2,541,0.008897296199103101
2,542,1.4570674122311946
2,543,0.013518783816634699
2,544,0.011445867137680038
2,545,0.011488884702183766
2,546,0.015663820059438036
2,547,0.011986066089792441
2,548,0.007353027246653602
2,549,0.007930886741950435
2,550,0.01655151555223158
2,551,0.00628826221695078
2,552,0.005344399605082775
2,553,0.011807488415399924
2,554,0.007793870433428305
2,555,0.01960421895143287
2,556,0.007062187265791594
2,557,0.008862928762544629
2,558,0.018584151939890728
2,559,0.008371556037480975
2,560,1.7851199146740524
2,561,0.010867829769834313
2,562,0.0040458004752589125
2,563,0.01003622795510568
2,564,0.003962231284391781
2,565,0.010630277124603757
2,566,0.010980593220137735
2,567,0.015655438001783543
2,568,0.005172460736009103
2,569,0.007693110258686279
2,570,0.008769711819736842
2,571,0.003758584607889653
2,572,0.5345446134352181
2,573,0.01022557292285189
2,574,0.014573172046181358
2,575,0.010038705511307729
2,576,0.004770862365575201
2,577,0.012617443638026192
2,578,0.009387182840257715
2,579,0.9309976701886885
2,580,0.007604339534158391
2,581,0.004821213752455311
2,582,0.008773700171561448
2,583,0.011056441416373788
2,584,0.007468713677253486
2,585,0.008273583236921277
2,586,0.009286915527888089
2,587,0.009422689564156456
2,588,0.00525376779667924
2,589,0.004209567963182438
2,590,0.007533651383848671
2,591,0.009374059580978518
2,592,0.0098870263283304
2,593,0.0031128336418382143
2,594,0.0347299521187795
2,595,0.00665054520886558
2,596,0.016602082854788026
2,597,0.007391259205298632
2,598,0.0072539908291867645
2,599,0.010560027494810924
2,600,0.0062358188570465906
2,601,0.004607124462671299
2,602,0.008700511160177898
2,603,0.005635761568497022
2,604,0.0055873589760791955
2,605,0.004469911319342244
2,606,0.015535807639275735
2,607,0.006677328676056971
2,608,0.008697819927108299
2,609,0.006562744968676693
2,610,0.00660305114568068
2,611,0.007774197075301034
2,612,0.007605788478310137
2,613,0.006654893224307003
2,614,0.003808341424755418
2,615,0.005951402064742098
2,616,0.0037246177563688876
2,617,0.00758561748037255
2,618,0.01627378783257678
2,619,0.007359715020467766
2,620,0.00853421121358127
2,621,0.004442279320573385
2,622,0.011446787027790147
2,623,0.3729534515634725
2,624,0.004945212776943751
2,625,0.018014314106351546
2,626,0.005811849727455409
2,627,0.010949460291924968
2,628,0.00730565288858937
2,629,0.008937895806052528
2,630,0.006245359679469632
2,631,0.003988350675564361
2,632,0.006330011341526213
2,633,0.00410719039576608
2,634,0.0071717328203697575
2,635,1.8410889581225376
2,636,0.006249837033428495
2,637,0.004184241207128976
2,638,0.006784315360041203
2,639,0.01370726208610413
2,640,0.007175259462691636
2,641,0.052027782294103216
2,642,0.005374352938799404
2,643,0.004491744673447045
2,644,0.003640109661065132
2,645,0.004589502815379011
2,646,0.008084757765709853
2,647,0.002984075720996701
2,648,0.01034489219606587
2,649,0.008463924527700405
2,650,0.006671722484541018
2,651,0.006135902494616264
2,652,0.005107341100784078
2,653,0.003382117139220668
2,654,0.0028872293926114176
2,655,0.008487057244003492
2,656,0.0037503577796041726
2,657,0.003131397349398832
2,658,0.005240529767987166
2,659,0.005455167079441618
2,660,0.008100399264292006
2,661,0.004701757517321195
2,662,0.016230114042014073
2,663,0.0045539697994843795
2,664,0.004817992185637566
2,665,0.005387648267037461
2,666,0.0060734828007318956
2,667,0.003737094504667186
2,668,0.013240954864290576
2,669,0.014755531956381816
2,670,0.011905982237555374
2,671,0.0039792977843033555
2,672,0.0075019083940728185
2,673,0.003988657051408932
2,674,0.005204858611212859
2,675,0.0050254922652889075
2,676,0.015106289340862118
2,677,0.0025454094446251793
2,678,0.007095486561791721
2,679,0.003651358590055734
2,680,2.3836514631996977
2,681,0.003683902874847178
2,682,0.016580054239701835
2,683,0.0031623120592585373
2,684,0.004624997608646388
2,685,0.005083832466714844
2,686,0.012809582436977444
2,687,0.01235206623953358
2,688,0.004373796954761367
2,689,0.683640868718204
2,690,0.005130546919899634
2,691,0.003774825663809398
2,692,0.0033874214370928635
2,693,0.0037248212047709946
2,694,0.005768680771813356
2,695,0.005894703316374598
2,696,0.0031642738644951985
2,697,0.0342773983497432
2,698,0.004291304481746905
2,699,0.004690866946786684
2,700,0.010190740975150499
2,701,0.007101586862182267
2,702,0.009203772075698636
2,703,0.006254858383267212
2,704,0.03071611080234289
2,705,0.3560383736153037
2,706,0.005427053863856991
2,707,0.00513280358680534
2,708,0.003930809835808656
2,709,0.004512363720147041
2,710,0.005239055780880135
2,711,0.010713213260327158
2,712,0.009809043178682706
2,713,0.0050705297378156764
2,714,0.0035967186429525923
2,715,0.004507888631099134
2,716,0.01635386082818028
2,717,0.005635849629925645
2,718,0.0025019794844648975
2,719,0.002647087905593544
2,720,0.008463184292680127
2,721,0.0041123522298425
2,722,0.005957411556409787
2,723,0.0036817123012648813
2,724,0.003997353856768243
2,725,0.038851537530387704
2,726,0.0024150893563630784
2,727,2.2256531989865502
2,728,0.003070189328704991
2,729,0.0021224937574779194
2,730,0.004281137345228667
2,731,0.007377877524662908
2,732,0.0045635426962219484
2,733,0.00411628874483218
2,734,0.004229004342548105
2,735,0.004522128015863161
2,736,0.003816114856906139
2,737,0.008741001324507317
2,738,0.010530252720774201
2,739,0.0051674829566330065
2,740,0.0077505679199250735
2,741,0.00757826885753543
2,742,0.00243484556742378
2,743,0.004463201321879857
2,744,0.009127382559309756
2,745,0.009005015077598422
2,746,0.003192494536064674
2,747,0.002511070863819022
2,748,0.00549573448781091
2,749,0.010062810230799286
2,750,0.013784450618282242
2,751,0.004954050571622515
2,752,0.005132418802303747
2,753,0.003976830777552634
2,754,0.005532232177400316
2,755,0.003065359772018271
2,756,0.0023786794835683528
2,757,0.0025034132431812285
2,758,0.005121896576117808
2,759,0.004140830428730875
2,760,0.009574880892933412
2,761,0.009218496130477986
2,762,0.011429763968710632
2,763,0.00791921256066111
2,764,0.005867295141022259
2,765,0.004122267671833796
2,766,0.00651242934785984
2,767,3.094130572021504
2,768,0.015319468853609502
2,769,0.00179684629701009
2,770,0.003463721264590019
2,771,0.013392043439476038
2,772,0.004120799391194707
2,773,0.003506054966950432
2,774,0.0043718326064949055
2,775,0.015923020463536424
2,776,0.002401878251251672
2,777,0.0039928863844449
2,778,0.005048489202164682
2,779,0.002699803290260957
2,780,0.0029501048719443325
2,781,0.0025478221525966067
2,782,0.03966458194249084
2,783,0.004955841923227963
2,784,0.004318370099281986
2,785,0.0016730703610993319
2,786,0.002730243169279062
2,787,0.0026807687050945275
2,788,0.0020440913631759564
2,789,0.004481492458839959
2,790,0.0038058011479173213
2,791,0.060978634797385384
2,792,0.004971321144819251
2,793,0.00348182039133047
2,794,0.023979484140191427
2,795,0.0034492402068277794
2,796,0.003374028480597995
2,797,0.002372854704298611
2,798,0.004660019284411514
2,799,2.693365636214843
2,800,0.00522853481346616
2,801,0.009223686136901325
2,802,0.002791409993310396
2,803,0.0035203974949220146
2,804,0.05488070738171218
2,805,0.004734623386855484
2,806,0.002507615084423391
2,807,0.005157848793239171
2,808,0.0013551751219306226
2,809,0.007123878742586993
2,810,0.005942754084788469
2,811,0.0013148679638012217
2,812,0.014970341682806686
2,813,0.0036393818325390574
2,814,0.005753467121716293
2,815,0.002444913512464154
2,816,1.1215860621685392
2,817,0.004805204944525108
2,818,0.0051793847569945334
2,819,0.00622833345509735
2,820,0.005763578201459015
2,821,0.00634525877226701
2,822,0.00568981682277375
2,823,0.002538914943926605
2,824,0.0052725964745482115
2,825,0.0048417216129499644
2,826,0.017728198444899684
2,827,0.0037016296698021986
2,828,0.003943554685400354
2,829,0.00823430270044895
2,830,0.006788369014434258
2,831,0.003000037477526393
2,832,0.00174869606656224
2,833,0.01381706411011117
2,834,0.00646251532857406
2,835,0.002169039096773622
2,836,0.0023474260919884747
2,837,0.00844914210076839
2,838,0.004912632174918242
2,839,0.0026395609271953504
2,840,0.004789182189213471
2,841,2.349515916203932
2,842,0.025006438981726314
2,843,0.0022331522437860213
2,844,0.0012365410747805792
2,845,0.017392316953945212
2,846,0.004326313713022521
2,847,0.002911285795939127
2,848,0.0037989521177965767
2,849,0.003494712187638298
3,0,1.3031686115242227
3,1,1.563537178634485
3,2,1.24029263647907
3,3,0.5662240898086245
3,4,0.9247847533874781
3,5,0.3325500003671902
3,6,0.5317867763673283
3,7,0.7338122667924184
3,8,0.7839569564801706
3,9,1.040662212583301
3,10,1.325661671572698
3,11,0.5773261371371958
3,12,0.33906163360549113
3,13,0.30362500312673935
3,14,0.38001536254042384
3,15,0.8461544178130006
3,16,0.17437313472040555
3,17,0.5846327324477936
3,18,0.6154589104566063
3,19,0.43902818978200675
3,20,0.6387799923322391
3,21,0.23555425804200425
3,22,0.6068481203922458
3,23,0.3851069726639811
3,24,0.4700534125373215
3,25,0.2406091176783689
3,26,0.4593063681855999
3,27,0.30869440221048955
3,28,0.3233492808263521
3,29,0.8167774271071834
3,30,0.3337875424592559
3,31,0.38214845820306953
3,32,0.3367596441036004
3,33,0.2961537890707343
3,34,0.8797775368591012
3,35,0.3167090139499511
3,36,0.44935455687975956
3,37,0.9336818593288113
3,38,0.3509356497905331
3,39,0.42795851718420885
3,40,0.7224560665113697
3,41,0.3907325203822132
3,42,0.909290920833309
3,43,0.5698123830981795
3,44,0.6217574177740752
3,45,0.4732967223907846
3,46,0.34401327836227685
3,47,0.7518746193990433
3,48,0.40733587856137843
3,49,0.5336610347314648
3,50,0.7673336194657829
3,51,0.5029544419003397
3,52,0.3857987931469323
3,53,0.7103282022955703
3,54,0.5617540766183782
3,55,0.3543350373731385
3,56,0.5891950755258535
3,57,0.46253103707609583
3,58,0.5762990491835136
3,59,0.5571831446114505
3,60,0.5887828470040295
3,61,0.44837095790114967
3,62,0.4015633351696736
3,63,0.7734235666501593
3,64,0.42970184911190107
3,65,0.4507604597186533
3,66,0.48882285299570344
3,67,0.5530819900093488
3,68,0.4857486749178858
3,69,0.25813681248244713
3,70,0.5144536000876189
3,71,0.7116920319955216
3,72,0.48481349736015206
3,73,0.46759058846301416
3,74,0.45570230279446966
3,75,0.5314077556258359
3,76,1.1868265531407165
3,77,0.6355781349573092
3,78,0.4034186791235017
3,79,0.5998919723365004
3,80,0.8505403801327052
3,81,0.5884761932512722
3,82,0.7440514359477269
3,83,0.4717157390948104
3,84,0.6659447316216595
3,85,0.5634599210435064
3,86,1.132157625057939
3,87,0.6484936444404089
3,88,0.3942087433557867
3,89,0.278388537191077
3,90,0.8855490007290293
3,91,0.5486300031638575
3,92,0.5189190911312784
3,93,0.6828996619758835
3,94,0.7327556754021585
3,95,0.43030810024124005
3,96,0.9799574399804807
3,97,0.8273522993762938
3,98,0.48058280688443356
3,99,0.8861295923784576
3,100,0.6565808824355532
3,101,0.5956893207714992
3,102,0.7751480744074547
3,103,1.6090727910774585
3,104,0.9348098111050658
3,105,0.42495398732104117
3,106,0.3949525972046628
3,107,0.4847642557806691
3,108,0.710137478065131
3,109,0.6066181314026796
3,110,0.5995193051060506
3,111,0.37626146493635454
3,112,0.23792472657949343
3,113,0.935434113681134
3,114,0.5683398028628246
3,115,1.1276625570162406
3,116,0.9950181783112328
3,117,1.1719441021264856
3,118,0.7859300415611782
3,119,1.630699486725486
3,120,1.0699367449841768
3,121,1.0697654729860977
3,122,0.2729477656875665
3,123,0.9830355438082916
3,124,1.2817175744407916
3,125,0.6169297190219306
3,126,0.5329988467252695
3,127,1.1850300754177612
3,128,1.1516731607979291
3,129,0.7961287651384706
3,130,1.3825409772921409
3,131,0.3453546411216659
3,132,0.45650585008676153
3,133,0.8548357135781047
3,134,1.0505910482306284
3,135,0.5130867861822325
3,136,0.6161066284748771
3,137,0.7220144031221175
3,138,0.716454310479703
3,139,0.6593335454553311
3,140,0.6674049650544039
3,141,0.5910043305294692
3,142,0.8044896110828402
3,143,0.5581251553819658
3,144,0.24256902815162704
3,145,0.9445984837328312
3,146,1.7989648201866466
3,147,0.7682011030030135
3,148,0.6740310248857871
3,149,0.7950942951337615
3,150,0.9636395612107962
3,151,1.8924094111636758
3,152,0.3356162083765064
3,153,0.2677531999521354
3,154,0.5373075522059589
3,155,1.099820248266095
3,156,0.34774371686169514
3,157,0.7346169924142522
3,158,0.31507050654056706
3,159,1.1858056299699056
3,160,1.5524737890674976
3,161,0.605678726176242
3,162,1.015486505982357
3,163,0.9182565360177367
3,164,0.6542260634652487
3,165,0.28147925256849754
3,166,1.1796902517797847
3,167,0.6743044043677726
3,168,0.21134950018989992
3,169,0.17642019477325918
3,170,0.3157521960673908
3,171,0.32543682242448163
3,172,0.5110854178768933
3,173,1.371031968646022
3,174,1.8431354610583404
3,175,0.23352517086268906
3,176,0.6449989527920498
3,177,1.0629173810180697
3,178,0.46411280506056163
3,179,1.8619932018935716
3,180,0.33651208424775536
3,181,0.8010577198875241
3,182,0.5775187322695318
3,183,0.5649834519169448
3,184,1.2450535457732823
3,185,0.4294796565888124
3,186,0.7347091747529797
3,187,0.47129221391585646
3,188,0.25007657374970066
3,189,1.1734293376246667
3,190,0.17645672404513707
3,191,0.9026196479840234
3,192,0.20056374034416902
3,193,0.6552422175403129
3,194,1.6506909804848637
3,195,0.9030647702658792
3,196,1.204987385279184
3,197,0.9783687806828535
3,198,0.08902814420659352
3,199,0.8789844926063718
3,200,0.13241065486374995
3,201,0.7347301948464365
3,202,1.5856296326383803
3,203,0.3813931092351195
3,204,0.19783345850594838
3,205,1.404868268558689
3,206,0.3194754038975702
3,207,0.3575794355996883
3,208,0.11285201104811851
3,209,0.141711563862828
3,210,0.27643614957113455
3,211,0.21369071121788996
3,212,0.4559945936514468
3,213,0.7914503019281296
3,214,1.177780828492939
3,215,0.19530387541138364
3,216,0.20504096730327098
3,217,0.4171808788023668
3,218,1.0451280167809487
3,219,0.9511811176741928
3,220,0.9806108640964054
3,221,0.6165103539258805
3,222,0.2489861343429225
3,223,0.18345573181245703
3,224,0.16095542852436676
3,225,0.45354252498261116
3,226,1.2871050083038162
3,227,0.17981413840693442
3,228,0.22327929190408402
3,229,1.5489119604334873
3,230,0.44914807737517115
3,231,0.9275808462677374
3,232,1.3425552650130292
3,233,0.20226640410446642
3,234,1.8215644704969922
3,235,0.527077720211786
3,236,0.2932767272263525
3,237,0.32458595910098115
3,238,0.7476935721899589
3,239,0.5377930121337852
3,240,1.3552294935310163
3,241,0.4271980596913135
3,242,0.08856319116306252
3,243,1.2858276414348022
3,244,0.16787582489281616
3,245,0.3245034460886624
3,246,0.27208537819026274
3,247,0.27730399630763314
3,248,0.1518127931040235
3,249,0.1463778587994392
3,250,0.25412210035772054
3,251,0.15823855289762945
3,252,0.39490591432826333
3,253,0.07706719757021607
3,254,0.6634594358705936
3,255,0.11523438098064832
3,256,0.7479084056570307
3,257,0.305278404878747
3,258,0.06664524247687842
3,259,0.5202059506717539
3,260,0.12218810953662548
3,261,0.10061210236411279
3,262,0.5981127627919696
3,263,0.16786388242937908
3,264,0.14215149420048726
3,265,0.5460199037384401
3,266,0.9901524598287306
3,267,0.0734497618295108
3,268,0.7148784617860809
3,269,0.18064561726786008
3,270,0.11170601624158734
3,271,0.12809084403730994
3,272,1.954762124157932
3,273,0.10230987010330655
3,274,0.23312896829082477
3,275,0.06143312971845221
3,276,0.1649000432363494
3,277,1.3480056275853167
3,278,0.39364541851756957
3,279,0.5027834035483311
3,280,0.48371675560168104
3,281,0.8119739443763396
3,282,0.21138468183865408
3,283,0.2430204178684727
3,284,0.8054576756188201
3,285,0.09927306409334186
3,286,0.23014079957774564
3,287,0.10455256631082731
3,288,1.391186390877341
3,289,0.05229473817318095
3,290,0.05281336141791494
3,291,0.06516813478322156
3,292,0.4591136175201908
3,293,1.736260696207748
3,294,1.3588614476572458
3,295,2.138342104448789
3,296,0.058267503762123696
3,297,0.11531426829828033
3,298,1.6084140867528076
3,299,0.13259906825028128
3,300,2.9483401336378257
3,301,0.08862169603379683
3,302,0.17843029756767015
3,303,0.3272428499191175
3,304,0.6604058846457286
3,305,0.05834680098525069
3,306,1.7563937254068744
3,307,0.3222609645772408
3,308,2.18530190214406
3,309,0.2480725294699029
3,310,0.2671148262430927
3,311,0.12784798209493367
3,312,0.1938913811413271
3,313,0.04062215387677184
3,314,0.16744330025175957
3,315,0.04924797836848147
3,316,0.5995927098887706
3,317,0.42883883024550207
3,318,0.07556761815914309
3,319,0.13307560547311723
3,320,0.09862161270871293
3,321,0.08997173246362163
3,322,0.05580790844986227
3,323,0.27445542802312406
3,324,0.4854161634679929
3,325,1.5780933422532193
3,326,0.03586070188434886
3,327,0.19013567649368168
3,328,0.08148995075744592
3,329,0.05376178557862069
3,330,0.06710957639820676
3,331,0.05427165738910797
3,332,0.12110270517588247
3,333,0.08574588080160322
3,334,1.406823231961119
3,335,0.4349230806482017
3,336,1.1107253315705696
3,337,0.2545464128933632
3,338,0.26065380312558356
3,339,0.059520025352078273
3,340,0.6942949816869954
3,341,0.1416863187864172
3,342,0.12995369873365442
3,343,1.1375633143803163
3,344,0.21118781485273164
3,345,1.5468484927935446
3,346,2.550491949501619
3,347,0.04684305964795698
3,348,0.05533556807481571
3,349,0.27002662990120097
3,350,0.9525262199223696
3,351,0.3232662087913787
3,352,0.052183040354639235
3,353,0.06133514015783908
3,354,0.2619590737254789
3,355,0.19172878661431603
3,356,0.6272265975975295
3,357,0.8122391742318963
3,358,0.22105280610135614
3,359,0.527315213275972
3,360,0.4092166295123787
3,361,0.21975664997790129
3,362,0.05356406522386872
3,363,0.1541942622761432
3,364,2.225043312624689
3,365,1.2535213804995966
3,366,0.05624244506750309
3,367,0.5199685242965072
3,368,0.07578414802121713
3,369,0.11573731996348038
3,370,0.13108916090278175
3,371,1.2528529342832722
3,372,0.5292998204708108
3,373,0.12422471784687474
3,374,0.11198154217309525
3,375,0.07145392210815586
3,376,0.43834497038054687
3,377,2.296384384317252
3,378,0.10893942136049692
3,379,0.320297080925117
3,380,0.27593878559991536
3,381,0.5482689966385639
3,382,2.1849847946078063
3,383,0.5120083453631713
3,384,0.40394903238305235
3,385,0.15649678185570962
3,386,0.5888986824223589
3,387,0.0758806743069955
3,388,0.07136725896422681
3,389,0.649174357377111
3,390,0.2699988791492262
3,391,0.11108413476954113
3,392,1.1500195723954667
3,393,0.21965705245285305
3,394,0.09371689358741822
3,395,0.6432836123508671
3,396,0.35482984238739174
3,397,0.2913432477970894
3,398,0.18979965545199315
3,399,0.08588942500926729
3,400,0.07829637997975514
3,401,0.41254389925035917
3,402,0.05262092332477841
3,403,0.1158306189550755
3,404,0.04605896004237825
3,405,1.2773215773116973
3,406,0.4101782432715617
3,407,0.07500704105256292
3,408,0.035797676006163584
3,409,0.13043931043459137
3,410,0.06372855559482359
3,411,0.6130546578032054
3,412,0.1859749439528051
3,413,0.11672492221086235
3,414,0.2314533869477047
3,415,0.0696755066257762
3,416,0.06032201812636592
3,417,0.6750664195680698
3,418,0.37776261366325403
3,419,0.18090369595310613
3,420,0.12284505826736704
3,421,0.04343883248424083
3,422,0.214589814261623
3,423,0.60730920518053
3,424,0.11999983283960741
3,425,0.034377339131948625
3,426,2.5889047020376363
3,427,0.5255410265125691
3,428,0.08919954476816606
3,429,0.039419207627036205
3,430,0.056494444315922564
3,431,0.06341592038174997
3,432,0.3238187009670011
3,433,2.443608481649942
3,434,0.17080026555691102
3,435,0.07559720325675448
3,436,0.2657266485292033
3,437,0.025241718312342305
3,438,0.2400081642212141
3,439,0.051124250233780553
3,440,0.02897984879656633
3,441,0.039893988002249865
3,442,0.19491493121758416
3,443,0.045827499982017725
3,444,0.07031916307735653
3,445,0.029549242497163616
3,446,0.04481883057294908
3,447,0.08596910356211811
3,448,0.036796519903715685
3,449,0.2681378273856465
3,450,0.09114627763025036
3,451,0.030181023887453924
3,452,0.040289536968577754
3,453,0.042577041982339754
3,454,0.04627376004206686
3,455,0.024567856054430303
3,456,0.05132369646906074
3,457,0.019078287687705895
3,458,0.3124417677596831
3,459,0.138744056851203
3,460,0.042504550341309004
3,461,0.026462388039190952
3,462,0.4439764895462609
3,463,0.024150361923451814
3,464,0.027994373265461735
3,465,0.26959728022434304
3,466,0.03981676131162999
3,467,0.0911955409672479
3,468,0.022510669095596434
3,469,0.014328930660708917
3,470,0.019705593109069955
3,471,0.27176525871062934
3,472,0.2569575548702513
3,473,0.061005021876299276
3,474,0.017680075001189427
3,475,0.13702962247113037
3,476,0.03112492307770771
3,477,0.3288943659486237
3,478,0.05833500197623777
3,479,0.07836001807901084
3,480,0.21843390220916495
3,481,0.032291127712460295
3,482,0.2420347554359594
3,483,0.050823063487750966
3,484,0.32193418590444517
3,485,0.21403026763568073
3,486,0.04117194942353871
3,487,0.042856186229996374
3,488,0.10009831389787206
3,489,0.17446926818101088
3,490,0.15486342361347813
3,491,0.07271597376513327
3,492,0.15108284645487047
3,493,0.03948127574141841
3,494,0.013502828117135988
3,495,0.43264095229277216
3,496,0.28791014693019074
3,497,0.029289729955095153
3,498,0.12271770220041593
3,499,0.8632520260663661
3,500,0.04414819020082441
3,501,0.23551818256338355
3,502,0.45157578580739666
3,503,0.4227889457007974
3,504,0.04954650748160306
3,505,0.025792898845204214
3,506,0.9143163072747522
3,507,0.2021391528001509
3,508,0.3196659637934207
3,509,0.02677086950319572
3,510,0.03106445276693304
3,511,0.029440622501677415
3,512,0.020985503778006228
3,513,0.03696727563333036
3,514,0.025221357637341756
3,515,0.019806737851401673
3,516,0.035458109549361114
3,517,0.016404734698354014
3,518,0.045120407059295244
3,519,0.02401217067237311
3,520,0.03164483997080208
3,521,0.14388361172184197
3,522,0.03543558657003388
3,523,0.07659468575170664
3,524,0.025726786195010183
3,525,0.027870720957907925
3,526,0.021384710320855958
3,527,1.3236396495030762
3,528,0.05348768323939379
3,529,0.3633505683313529
3,530,0.016062170434786232
3,531,0.04838959698854353
3,532,0.030554445674297548
3,533,0.020019034443006546
3,534,0.04540421829971853
3,535,0.06944734169244487
3,536,0.05189283973995997
3,537,0.018228069610666555
3,538,0.510435504682346
3,539,0.15943854402025703
3,540,0.0203007687591678
3,541,0.042458428059231765
3,542,0.05832877060354491
3,543,0.03037358470846113
3,544,0.31208314699266665
3,545,0.11429558423917409
3,546,0.0249792065927358
3,547,0.062606468788231
3,548,0.04456244623198757
3,549,0.1552425744630731
3,550,0.019075533268882925
3,551,0.15534617518713498
3,552,0.024394702011830534
3,553,0.024290751810949463
3,554,0.10128246395047871
3,555,0.009422533006484981
3,556,1.5912286775293485
3,557,0.029052569573530404
3,558,0.017590255006639577
3,559,0.03214947364431864
3,560,0.03127558917905534
3,561,0.024095808123798412
3,562,0.023661835836372498
3,563,0.022838554138249333
3,564,0.2489018626535006
3,565,0.017976330602534153
3,566,0.01468075020820811
3,567,0.01944207554210123
3,568,0.018294959132806682
3,569,0.03013957474008735
3,570,0.4562278756221004
3,571,0.09385024654297772
3,572,0.043167489576475114
3,573,0.0200487784974893
3,574,0.021736869585382734
3,575,0.01501320450057765
3,576,0.00887891895770654
3,577,0.024329276301833985
3,578,0.22485054077278924
3,579,0.03351593656816449
3,580,0.057607484798899586
3,581,0.016307924986057775
3,582,0.010590543914321305
3,583,0.01531522109449842
3,584,0.011468713216828779
3,585,0.015206450669553222
3,586,0.02166013413619415
3,587,0.029557237677761975
3,588,0.012876223619468446
3,589,0.015325904332636388
3,590,0.024385930378501442
3,591,0.020214521869856727
3,592,0.15866991182567916
3,593,0.08641311507323181
3,594,0.010007971224637417
3,595,0.10039080251539172
3,596,0.018727457908434803
3,597,0.12753547263433357
3,598,0.04723783166057238
3,599,0.7616411421187692
3,600,0.012952733238981813
3,601,0.02497313045542359
3,602,0.019126946221969452
3,603,0.024769783712385997
3,604,0.033556055364834206
3,605,0.02645816824313898
3,606,0.023944577280636113
3,607,0.024783740007341945
3,608,0.018194757618984574
3,609,0.011887103059310606
3,610,0.03063355210502792
3,611,0.01645178334215194
3,612,0.012340348778817456
3,613,0.021924979635353864
3,614,0.3892864554956108
3,615,0.015006148240219267
3,616,0.029691197963903203
3,617,0.13310750474305746
3,618,0.01855065207223069
3,619,0.03273177412870962
3,620,0.10950231471951599
3,621,0.012808891338693116
3,622,0.03086816053334962
3,623,0.0830834086878575
3,624,2.5741593640283753
3,625,0.03054703704229032
3,626,0.02222382058836534
3,627,1.435739659495036
3,628,0.01477827328733779
3,629,0.10613946674985654
3,630,0.12258980805927151
3,631,0.012834197248180215
3,632,0.04009089896772486
3,633,0.04142496201608419
3,634,0.18055602466918586
3,635,0.032762973217876225
3,636,0.13217910671836494
3,637,0.06593940707231444
3,638,0.018113734616285605
3,639,0.03786874406466424
3,640,0.01724106788117774
3,641,0.02022769089985235
3,642,0.015952911005388898
3,643,0.019124139109401708
3,644,0.00738334980461402
3,645,0.03952042089862179
3,646,0.016199936046350127
3,647,0.008101352755683798
3,648,0.041598496647235146
3,649,0.059882135591428715
3,650,0.02275339407095182
3,651,0.02286148916055113
3,652,0.10255253854062663
3,653,0.019800133676496676
3,654,0.010797541113369022
3,655,0.02749586376525027
3,656,0.02010727455555259
3,657,0.015714810400516872
3,658,0.12211307189238499
3,659,0.02381624398386171
3,660,0.023087513919558253
3,661,0.04597917993353545
3,662,0.1253252608730695
3,663,0.012971882079860666
3,664,0.014394176964665377
3,665,0.016641409294690296
3,666,0.019604735190136263
3,667,0.010187481703122427
3,668,0.017362245686667103
3,669,0.20207868096616377
3,670,0.0864942916547988
3,671,0.011110321473605978
3,672,0.016334520493687176
3,673,0.015760186241911972
3,674,0.02960988454512433
3,675,0.008503279692764671
3,676,0.009739561211819263
3,677,0.008707288393407328
3,678,0.018615130158840535
3,679,0.01622404799007436
3,680,0.06239441330784054
3,681,0.023799234096462635
3,682,0.014036945704110173
3,683,1.643126398303842
3,684,0.08346544420799927
3,685,0.04362966878244178
3,686,0.01133843386013059
3,687,0.06911860099190432
3,688,0.026147883295648836
3,689,0.017750376976760726
3,690,0.049813049632802836
3,691,0.021531799388548257
3,692,0.028352899937645497
3,693,0.030282663146300626
3,694,0.04924310716553342
3,695,1.5550709357834667
3,696,0.023647700313719745
3,697,0.04302629302101874
3,698,0.02320421573666105
3,699,0.02267137186433775
3,700,0.015251430530961327
3,701,0.015016537703572747
3,702,0.014711149531308143
3,703,0.006471344473345861
3,704,0.02091734827643552
3,705,0.019530965419758687
3,706,0.01693309962587702
3,707,0.06890292716220071
3,708,0.014875285854041466
3,709,0.042447452211268
3,710,0.02100078590191008
3,711,0.09481147153086233
3,712,0.027089111069326134
3,713,0.03814601121363421
3,714,0.01453077594300027
3,715,0.015886388335608074
3,716,0.018558948363907302
3,717,0.2081513747386606
3,718,0.013719110027977788
3,719,0.016926916704216862
3,720,0.0052259314120117265
3,721,0.009620770913790183
3,722,0.11811197062259116
3,723,0.027744561254512582
3,724,0.010311955466985894
3,725,0.0183472117042166
3,726,0.010677937497597536
3,727,0.04968476855317832
3,728,0.01895625634435972
3,729,0.050251666687491606
3,730,0.01231092899033336
3,731,0.011502132907258732
3,732,0.006667432336720621
3,733,1.4853116906353254
3,734,0.09133030304750686
3,735,0.09014963284571427
3,736,0.05367369580796501
3,737,0.09940489062927332
3,738,0.008468360858078913
3,739,0.015550806250791303
3,740,0.02005137657837416
3,741,0.010700858265215786
3,742,0.028276127388803966
3,743,0.006179879615648903
3,744,0.17043901034278125
3,745,0.013384645612130033
3,746,0.006378965605559237
3,747,0.015345626437702715
3,748,0.02596521837242873
3,749,0.16793385222457985
3,750,0.009215413672504261
3,751,0.039765722123800494
3,752,0.028387317510306407
3,753,0.015258727800223292
3,754,0.015109676870626434
3,755,0.02512604138618702
3,756,0.011717522113386648
3,757,0.0066773947410017865
3,758,0.007574180822898791
3,759,0.0260057892752238
3,760,0.016435735892920758
3,761,0.036905702244547055
3,762,0.0433869223871273
3,763,0.011391974002114013
3,764,0.0999238589946561
3,765,0.08766313538908374
3,766,0.028564305911220014
3,767,0.01228758792189568
3,768,0.005913725716691199
3,769,0.009505649657259238
3,770,0.014352793161373499
3,771,0.051239559323543835
3,772,0.011335343075949748
3,773,0.023589443750204716
3,774,0.0065113976696383885
3,775,0.01838153180182923
3,776,0.007320943953049064
3,777,0.0068626613627963354
3,778,0.023415588181261212
3,779,0.45650797446308533
3,780,0.012517120670581871
3,781,0.010656779066218569
3,782,0.07294529569133491
3,783,0.007302323528449346
3,784,0.007374642217693536
3,785,0.00886625432155786
3,786,0.012822476675035166
3,787,0.03138062722659094
3,788,0.057565156632641126
3,789,0.011333840099092574
3,790,0.008264440594393747
3,791,0.19833940916010548
3,792,0.005855562219456202
3,793,0.009449760365969227
3,794,0.10622284029592531
3,795,0.015208944863632667
3,796,0.005347522161591605
3,797,0.02501885172489451
3,798,0.03952719231089175
3,799,0.020543119684162392
3,800,0.006006863596327421
3,801,0.007048783120352526
3,802,0.011775614972342972
3,803,0.012591701217014396
3,804,0.011986204078967033
3,805,0.011960581965925213
3,806,0.016999757538456426
3,807,0.009700893060286313
3,808,0.01004903118700553
3,809,0.010841118340417129
3,810,0.007716684172274824
3,811,0.05731854899787196
3,812,0.08426175724978287
3,813,0.010934120866450311
3,814,0.13185842835572126
3,815,0.009011533918582854
3,816,0.009558967435615785
3,817,0.002831045364322373
3,818,0.06994944642851236
3,819,0.009115789723787932
3,820,0.01475739764267493
3,821,0.007035328812379541
3,822,0.014512892032072648
3,823,0.01539090230125535
3,824,0.005699726017281154
3,825,0.00445955028505194
3,826,0.012179114196012262
3,827,0.011007540188301275
3,828,0.009470658595767874
3,829,0.016372155701475724
3,830,0.0057287504351489086
3,831,0.005185568359979567
3,832,1.2276072220443264
3,833,0.009147795137227268
3,834,0.014225048453093258
3,835,0.023282086328660367
3,836,0.0328163647896749
3,837,0.06870263448160556
3,838,0.1684834797127684
3,839,0.011738702353684537
3,840,0.05432506436538225
3,841,0.020050281152824676
3,842,0.10455842007343985
3,843,0.018710976973289602
3,844,0.012459936302644766
3,845,0.7735843431452026
3,846,0.019827886001323278
3,847,0.012175420193311188
3,848,0.01433711162553578
3,849,0.03564024867833684
4,0,1.3520954735555766
4,1,0.6868929243363803
4,2,1.2063596856973242
4,3,0.4123960354997026
4,4,0.5441093101621741
4,5,0.23879306748806367
4,6,0.19946720029420656
4,7,0.25530068710071074
4,8,0.34505913119761883
4,9,0.3757586880122092
4,10,0.2077550974092841
4,11,0.3394680399372477
4,12,0.2917388446703198
4,13,0.39976159826316404
4,14,0.7703157397095468
4,15,0.3511543539830981
4,16,0.36800981237014485
4,17,0.5324523942592371
4,18,0.8155611560906361
4,19,0.7615282375207155
4,20,0.4907663335001937
4,21,0.39990459531174566
4,22,0.2150704816894219
4,23,0.3392374537400324
4,24,0.3551160389948041
4,25,0.26987079734413466
4,26,0.3232635018894904
4,27,0.4864441375242931
4,28,0.9408170901290145
4,29,0.3941796514890713
4,30,0.3487566566991295
4,31,0.6438007307386884
4,32,0.6682628734299212
4,33,0.5991612251929597
4,34,0.6208204459509565
4,35,0.4112819406063932
4,36,0.8228715483582073
4,37,0.344092264991521
4,38,0.561479758889843
4,39,0.3564154432499095
4,40,0.3719704410530566
4,41,0.4321971378127692
4,42,0.4642364893857424
4,43,0.4565690432021543
4,44,0.5711163525482177
4,45,0.49032272692013357
4,46,0.6221753624008164
4,47,0.49166454793989445
4,48,0.3968234804881115
4,49,0.47952673692777076
4,50,0.4955104429093645
4,51,1.1446040023379107
4,52,0.9270407108061658
4,53,0.9381262565387991
4,54,0.9730463521104732
4,55,0.6731900015321386
4,56,0.6438424794485043
4,57,0.5214559065121487
4,58,0.3461110596831861
4,59,0.4562944850075728
4,60,0.8525758500675648
4,61,0.49830716345144743
4,62,0.7172336979671342
4,63,0.5437644860143453
4,64,0.4239689755633556
4,65,0.37985663052527185
4,66,0.399114888632141
4,67,0.41273371947385035
4,68,0.4304385711746715
4,69,0.5742985367924675
4,70,0.507792284112558
4,71,0.4627704961254457
4,72,0.44038528148687106
4,73,0.7402941434447853
4,74,0.5692920486745001
4,75,0.597675626989049
4,76,0.9490153244624248
4,77,0.8941785242596733
4,78,0.6127208194041317
4,79,0.5228338566812155
4,80,0.8427849440962846
4,81,0.5978646968914254
4,82,0.5451388396765582
4,83,0.6982330480641196
4,84,0.5977230744052551
4,85,0.7542860198231437
4,86,0.875047833679033
4,87,0.6496361254836693
4,88,0.6334600828003221
4,89,0.49256735540294894
4,90,0.8789800248714642
4,91,0.6181103310204733
4,92,0.5387998046590657
4,93,1.4476995045251353
4,94,0.7106518350117906
4,95,0.7490764924700881
4,96,0.4196782957415442
4,97,0.6690920065160716
4,98,0.6889177662844007
4,99,0.460279319876566
4,100,0.7100211318406017
4,101,0.4481384337294122
4,102,1.00142731116909
4,103,0.5186119544399235
4,104,0.5903111059011361
4,105,0.5014314019101199
4,106,0.4775520298754839
4,107,0.660676914724427
4,108,0.550173946122123
4,109,0.40063609579809667
4,110,0.3556221209933897
4,111,0.5413323651540941
4,112,0.6080993979544376
4,113,0.5193597838503927
4,114,0.8049637709665196
4,115,0.5359671530298654
4,116,0.37428281987115475
4,117,0.6594631338899853
4,118,0.647885938896537
4,119,0.9158218803593773
4,120,1.0426641292770011
4,121,0.3944061197653843
4,122,0.572385676231437
4,123,0.4009617765528265
4,124,0.45188526872835577
4,125,0.6809635422905246
4,126,0.913732617210477
4,127,0.3878130224161384
4,128,0.5035741872709221
4,129,1.066604178590302
4,130,0.7110113371248387
4,131,1.0264181361409799
4,132,0.8139030869016246
4,133,0.7385965847559394
4,134,0.8834219270490846
4,135,0.6944558478975894
4,136,0.7846686357052653
4,137,0.31563084747118
4,138,0.5309272063628753
4,139,0.5015604900354957
4,140,0.7706474827035011
4,141,0.8597617942691677
4,142,0.2763924034317498
4,143,1.5197765685834683
4,144,0.5944212064353872
4,145,1.5308346549351997
4,146,0.8107188998840449
4,147,0.8014282968714135
4,148,0.2984014499547819
4,149,0.6987457283491566
4,150,0.8944997439132418
4,151,0.47755432732643277
4,152,0.7252354456535806
4,153,0.2673500124132021
4,154,0.5861017717506947
4,155,1.8341738097911386
4,156,0.6156744229423072
4,157,0.40431250722344564
4,158,1.2135872659346911
4,159,0.3641067283449452
4,160,0.7900872615107766
4,161,0.6216900001223676
4,162,1.2099365449851247
4,163,0.41840481385684775
4,164,0.8566345384837939
4,165,0.5762758061469092
4,166,0.521863668325024
4,167,0.2175888580051446
4,168,0.41103619034117256
4,169,0.6492424814512395
4,170,0.4480894980263581
4,171,0.18241375621652542
4,172,0.537675015699099
4,173,1.2217053762478975
4,174,0.25721181052728087
4,175,0.4283736894280499
4,176,0.577639416094127
4,177,0.9255462347056316
4,178,0.6433920340983637
4,179,0.6227100236857579
4,180,0.23946435601338462
4,181,0.36513431711942607
4,182,0.8863942149442927
4,183,0.257943033520232
4,184,0.7679315147679605
4,185,0.4852733372735504
4,186,0.8152323492339095
4,187,0.6498032643003998
4,188,0.3133287469893259
4,189,0.4056306479073631
4,190,1.0418093003829292
4,191,0.16301020216217943
4,192,1.0034513937995637
4,193,0.0912146659221504
4,194,1.1172420303927932
4,195,0.9754064043871781
4,196,0.6035321463989315
4,197,1.120282578764104
4,198,1.22123654731754
4,199,0.701444197622404
4,200,0.7710635639393985
4,201,0.38247678858252604
4,202,0.4052503345205478
4,203,0.934394782459558
4,204,0.3553026252625027
4,205,0.224216697256011
4,206,0.47463648657443286
4,207,0.3054316938095449
4,208,0.27270478321415703
4,209,0.6625522082876981
4,210,0.7937512043958195
4,211,0.11348190866217257
4,212,0.7297596848300831
4,213,0.2783893934375571
4,214,0.43420830416749484
4,215,0.8534716320059788
4,216,0.570698414621464
4,217,0.10623562813639795
4,218,1.0034975555515715
4,219,0.5028735804781773
4,220,0.8373510875712756
4,221,0.12925497153459045
4,222,0.292742402620078
4,223,1.4391326781307616
4,224,1.3476708860720314
4,225,0.08081346206807856
4,226,0.05304856647656943
4,227,0.062370902907863235
4,228,0.12320679073824925
4,229,0.20438304844760571
4,230,0.12492509444786831
4,231,0.10230248259308776
4,232,0.16673282856563615
4,233,0.320614953890233
4,234,1.1153522432498943
4,235,1.6389756963853375
4,236,1.4565363865510692
4,237,0.07298014987057186
4,238,0.32748017096444865
4,239,0.054550697866581926
4,240,0.787635181024291
4,241,0.15420758647617938
4,242,0.46216415153142365
4,243,0.8548754781724442
4,244,1.0628684870284713
4,245,0.31104430077276596
4,246,0.9457930667670924
4,247,0.36531996031651287
4,248,0.7149896445417793
4,249,1.138845305692509
4,250,0.1379299891637312
4,251,0.8439196232345068
4,252,0.05416350795951027
4,253,0.19912371961158043
4,254,1.6205265234452544
4,255,0.1126774199924029
4,256,1.0726383265969452
4,257,0.740561485273983
4,258,0.28752398273545704
4,259,0.26503049165924997
4,260,0.6954668526748086
4,261,0.08084315015524869
4,262,1.0182867626867926
4,263,0.13152842276645446
4,264,0.09632516674820292
4,265,0.901509521786852
4,266,0.39782727079471586
4,267,0.3960511980711944
4,268,0.832336018873142
4,269,0.12296189267602255
4,270,0.13661338377558105
4,271,0.3369630598217607
4,272,0.8142978853212707
4,273,0.08828410665369639
4,274,0.3105895171127411
4,275,1.797805297154889
4,276,0.4352859789812535
4,277,0.21374721172278435
4,278,1.375415210846095
4,279,0.16334679611112995
4,280,0.11131135628085356
4,281,0.3245363684908619
4,282,0.23875204418814683
4,283,0.2603749921931317
4,284,0.1090480843175429
4,285,0.15804739940721102
4,286,0.6473322999900588
4,287,0.2571512448990439
4,288,0.3668878653205755
4,289,1.966323269842129
4,290,0.1257279709524695
4,291,0.10155592225190041
4,292,0.4848916326357695
4,293,1.0735990311230161
4,294,0.7313031785140824
4,295,1.090876408785929
4,296,0.03889446342539933
4,297,0.07657013340093685
4,298,0.6427416781420726
4,299,0.5267169712829138
4,300,0.04984427881968267
4,301,0.3144144726491326
4,302,1.9179881920721482
4,303,2.1364857434825226
4,304,0.30528761637729834
4,305,0.05672897335282598
4,306,1.4125165776880728
4,307,0.09828394148577686
4,308,0.22462575146795907
4,309,0.6619402180909955
4,310,1.5830415885271905
4,311,1.659566066865134
4,312,0.0994655758879669
4,313,0.08761813050005753
4,314,0.05401221093729526
4,315,0.17023933238717642
4,316,1.1073239441722433
4,317,1.8153332222904583
4,318,0.06602745402270985
4,319,0.056806862484573985
4,320,0.04062355358886219
4,321,0.05295196920966977
4,322,0.16825213217961751
4,323,1.2221676660537246
4,324,0.05772260998518319
4,325,0.17417590873723005
4,326,0.1375801448279391
4,327,0.8172935290522898
4,328,0.4537859355868329
4,329,0.030557168610600406
4,330,1.4267510712007758
4,331,0.5021354863929727
4,332,0.16996525999092693
4,333,0.2082373840510889
4,334,0.05851043266867645
4,335,0.024438166437292158
4,336,0.03321714364804764
4,337,0.033244730436755916
4,338,0.12129308488205227
4,339,0.29230612714987275
4,340,0.03849525198560345
4,341,0.15938019966686753
4,342,0.06093696473090529
4,343,0.016830273661450592
4,344,2.431095452462785
4,345,0.2808560553813606
4,346,0.028966457539686914
4,347,0.03960214007387917
4,348,0.8714921772437573
4,349,0.040520972312076124
4,350,0.1519741027442776
4,351,0.6892551557318273
4,352,0.03846417620358959
4,353,0.10036257248545329
4,354,0.11964271199458965
4,355,0.4264975877332282
4,356,0.058778665874754464
4,357,0.12332768017973983
4,358,0.2967096606349719
4,359,0.021766873700860393
4,360,0.04297803769262375
4,361,0.11328639877932095
4,362,1.7846254976824711
4,363,0.08949134966697267
4,364,0.21909991770314372
4,365,0.04366614110303227
4,366,0.04476943472031388
4,367,0.3095725594963521
4,368,0.10809078246782698
4,369,0.16652718158415908
4,370,0.034559739260538604
4,371,0.03162942838361385
4,372,0.036337637656360805
4,373,0.04362623683267905
4,374,0.03580414753191687
4,375,0.22137436127313015
4,376,0.032103211804745936
4,377,0.017451933354743515
4,378,0.5304530943530319
4,379,0.03874560523366869
4,380,0.3347250974053504
4,381,0.030100492734222575
4,382,0.028734375544804656
4,383,0.03341166227720744
4,384,1.5659936467149593
4,385,0.14100298329605984
4,386,0.5732553426692784
4,387,0.024408202752196143
4,388,0.4136818064462368
4,389,0.026856861817046083
4,390,1.432358341410478
4,391,0.40069280451210393
4,392,0.042663618807618195
4,393,0.03801402359695369
4,394,0.07477549511072365
4,395,0.040345191680467275
4,396,0.04831891484446916
4,397,0.021092417555704
4,398,0.0519230557661069
4,399,0.024262233724741792
4,400,0.3269343838386655
4,401,0.027693958615576993
4,402,0.024516546844201667
4,403,0.02827425356666774
4,404,0.0582348004331698
4,405,0.0524873353487893
4,406,1.761592262604774
4,407,0.03939372457457412
4,408,0.04687442320303976
4,409,0.23995901700573247
4,410,0.8688796918907015
4,411,0.060055051706228726
4,412,0.027138796443158593
4,413,0.012181219164400877
4,414,0.15595921376188468
4,415,0.021843002652501265
4,416,0.11533350117859868
4,417,0.1785404637946133
4,418,0.0453462965351795
4,419,0.013440058806945128
4,420,0.03877657922798512
4,421,0.13491265232266259
4,422,0.05735746821636559
4,423,0.02375045534933461
4,424,0.020447664289172367
4,425,1.1937754919669912
4,426,0.05997537769712317
4,427,0.31031640499583163
4,428,0.03370634510614266
4,429,0.06921189657154107
4,430,0.025224615821219095
4,431,0.10900873332683264
4,432,0.02073778350969794
4,433,0.075896150628765
4,434,0.08256265701688045
4,435,0.05777170564005617
4,436,0.08677756228642965
4,437,2.0057010620087947
4,438,0.038849038751067204
4,439,0.03320845247877974
4,440,0.16055926098556364
4,441,0.13472218886387202
4,442,0.017316712176977923
4,443,0.09218399979346581
4,444,0.02504063312736073
4,445,0.046101641989619205
4,446,0.019488182335574044
4,447,0.5273712819760911
4,448,0.39425976745832303
4,449,0.024168210977999215
4,450,0.034677916195480135
4,451,0.03831030560005355
4,452,0.023502966968908
4,453,0.018559463959887442
4,454,0.30389252690879615
4,455,0.036217110637968446
4,456,0.051797836553323096
4,457,0.050484548774193144
4,458,0.23123059105530364
4,459,0.07888230742628952
4,460,0.5414184832787792
4,461,0.017424977160785417
4,462,0.32645812212914826
4,463,0.019502282479381152
4,464,0.012178186720807702
4,465,0.15236497512515823
4,466,0.011607548291697117
4,467,0.013879291554433393
4,468,0.020699808025240914
4,469,0.023909211743550776
4,470,0.01556813271588799
4,471,1.4054968093696245
4,472,0.028608615762099318
4,473,0.02032928359204916
4,474,0.03191251215107779
4,475,0.23703104227326735
4,476,0.061669530092595015
4,477,0.04175106253268146
4,478,0.048286568444190346
4,479,0.10466480746979612
4,480,0.03506309647965448
4,481,0.0934881192885217
4,482,0.05611246427437845
4,483,0.049195593248596715
4,484,0.032108633430467444
4,485,0.024404027746089362
4,486,0.35941008665287333
4,487,0.08422798199796214
4,488,0.046956235527265466
4,489,0.02496191750650014
4,490,0.012490765411986038
4,491,0.04600405770075067
4,492,0.017702881880245363
4,493,0.3892805743591976
4,494,0.059853361122952795
4,495,0.03143243974044616
4,496,0.020139330169398204
4,497,0.5832530151236155
4,498,0.0172757018787075
4,499,0.0165177988406438
4,500,0.016607529599757424
4,501,0.0741247020167714
4,502,0.008355253666254114
4,503,0.03682082073998329
4,504,0.07011979579591618
4,505,0.016843775222172605
4,506,0.015548906913137114
4,507,0.009072108786022312
4,508,0.008374995646656684
4,509,0.024795815627668017
4,510,0.017652114061243385
4,511,0.015007402129568368
4,512,0.3324991284753716
4,513,0.04827663851730827
4,514,0.9887162199345458
4,515,0.03646142977538377
4,516,0.01598151172466039
4,517,0.040022547329365735
4,518,0.02067457891967065
4,519,0.01935310212040765
4,520,0.01641875954483868
4,521,0.09013035972414526
4,522,1.4300761728242402
4,523,0.03175679420395641
4,524,0.045742784417853136
4,525,0.023573376086056575
4,526,0.016861765236777196
4,527,0.026198973457969177
4,528,0.00816035274088154
4,529,0.022117557286268734
4,530,0.01939892549302817
4,531,0.062261338925186774
4,532,0.022578551859552435
4,533,0.0850329427687193
4,534,0.006744392708482349
4,535,0.02057383131616006
4,536,0.022433240360905504
4,537,0.08661986843312651
4,538,0.07368990670265191
4,539,0.012923993305568766
4,540,0.012998663947459127
4,541,0.3382592693013899
4,542,1.4598811541823709
4,543,0.0243390427633903
4,544,0.07652791069651087
4,545,0.025572262544670016
4,546,0.014724880317520082
4,547,0.015066701304624697
4,548,0.04132962560181556
4,549,0.04416443341763611
4,550,0.019210205922788385
4,551,0.27892100773093886
4,552,0.021215801585755735
4,553,0.06578277659471483
4,554,0.13009217914115748
4,555,0.03927868974972836
4,556,0.01513214800158111
4,557,0.03072328674308768
4,558,0.020238138990739438
4,559,0.029623603447583212
4,560,0.01808734322869792
4,561,0.006680622199852364
4,562,0.023295063198872416
4,563,0.05318329237522036
4,564,0.13728827318061998
4,565,0.018444146851935437
4,566,0.026779509638970873
4,567,0.022395918362734257
4,568,0.01700007398599445
4,569,0.023795401995663292
4,570,0.021671152775603775
4,571,1.3344479100999511
4,572,1.4630652385235865
4,573,0.018780643457843575
4,574,0.027196947266530505
4,575,0.018374651838537516
4,576,0.02200680133922176
4,577,0.036519399275603305
4,578,0.13683567424257773
4,579,0.03933996919026232
4,580,0.17312055520470518
4,581,0.04660283352715369
4,582,0.038497167068451535
4,583,0.1526542825933141
4,584,0.5365735718583058
4,585,0.03811855894430306
4,586,0.024429216886580212
4,587,0.01650819677452156
4,588,0.28851097191917113
4,589,0.05277105193525531
4,590,0.020272729660415847
4,591,0.033976934272728035
4,592,0.032303934242581295
4,593,0.016188671839378867
4,594,0.20241682466602534
4,595,0.019764282257646988
4,596,0.004762404203846687
4,597,0.010596326936040871
4,598,0.013899332742713206
4,599,0.08619613063654884
4,600,0.013568016985452716
4,601,0.06742383361760179
4,602,0.13367643025132517
4,603,0.011368065312195643
4,604,0.01160867416033137
4,605,0.006983882903245231
4,606,0.009797751297323
4,607,0.007440254894915124
4,608,0.0068911089270007626
4,609,0.011407186517305374
4,610,0.008772913814378449
4,611,0.009200477940691221
4,612,0.007584768668974444
4,613,0.05000504178815335
4,614,0.01541114670140632
4,615,0.013882093775321874
4,616,0.5574337268671385
4,617,0.006070172183006113
4,618,0.041011801586366865
4,619,0.13510375259829907
4,620,0.010456759325557652
4,621,0.004165937982763641
4,622,0.5345730887412513
4,623,0.026363287693186094
4,624,0.12408040366637403
4,625,0.005320258128129729
4,626,0.0080790957263261
4,627,0.06288018973122175
4,628,0.010025868008181421
4,629,0.022772907253841384
4,630,0.012848969931249326
4,631,0.16262961038246376
4,632,0.0061838083944726315
4,633,0.00688867328590427
4,634,0.015424509388458782
4,635,0.009357087328084542
4,636,0.028901335805611796
4,637,0.008940184272742237
4,638,0.006760177500602113
4,639,0.015113457347030531
4,640,0.42826097487236064
4,641,0.010830222518471376
4,642,0.005496235998249696
4,643,0.010853611357731621
4,644,0.020743122462937198
4,645,0.006835671502638737
4,646,0.014535963561231274
4,647,0.007913022637086752
4,648,0.1491596515730738
4,649,0.011807249941102842
4,650,0.009682196896888064
4,651,0.011994002284185418
4,652,0.007477835677278598
4,653,0.06646968491708952
4,654,0.018238336713783686
4,655,0.00534962607851163
4,656,0.0071568652014345506
4,657,0.01217713080891218
4,658,0.10158408703092188
4,659,0.003958835952265312
4,660,0.015389652574287111
4,661,0.004654407387169664
4,662,0.004504801887519666
4,663,0.010649558222189883
4,664,0.017147487854833866
4,665,0.011036073067332113
4,666,0.07774170775711949
4,667,0.00812743236478706
4,668,0.031072666465631497
4,669,0.008179715805257153
4,670,0.00313111816243271
4,671,0.009282033515276514
4,672,0.009028284353819494
4,673,0.008427249548789545
4,674,0.00475750588586459
4,675,0.016533557282800784
4,676,0.0035512579168665947
4,677,0.0032794168683764604
4,678,0.00928881834283008
4,679,0.013952830530849563
4,680,0.0034836239015672153
4,681,0.012931851415415842
4,682,0.0159662022302943
4,683,0.05409156782227873
4,684,0.039121318972964315
4,685,0.006067108804371483
4,686,0.050161695469120804
4,687,0.048470378899167284
4,688,0.007363947300262631
4,689,0.009707055526460551
4,690,0.005109306985882694
4,691,0.006933097342996276
4,692,0.013201585862045437
4,693,0.28926836584887494
4,694,0.010369435613117659
4,695,0.3537763307750267
4,696,0.01133791119038387
4,697,0.004744937106345104
4,698,0.05812033911748914
4,699,0.005870288874796941
4,700,0.006011493746772805
4,701,0.006765915858844628
4,702,0.07445012538077803
4,703,0.020982515267355003
4,704,0.004616736410397278
4,705,0.014328716078807027
4,706,0.00786909430045327
4,707,0.0056094890873260965
4,708,0.0034752294525257684
4,709,0.006934326880540495
4,710,0.015792832726968634
4,711,0.004161084754409283
4,712,0.005092910065188509
4,713,0.013593314870664421
4,714,0.05984564868188194
4,715,0.0041794568638970605
4,716,0.008798440996556805
4,717,0.01381599869292203
4,718,0.011109152106530646
4,719,0.009201278818339617
4,720,0.3135384871843925
4,721,0.018325804967982143
4,722,0.13447747680407438
4,723,0.09127091495227412
4,724,0.011092783192960207
4,725,0.014190021991090361
4,726,0.01216342097239058
4,727,0.01654855255587319
4,728,0.005650292737385018
4,729,0.004962256079022368
4,730,0.005742337101691035
4,731,0.007851698545167367
4,732,0.00878058111241904
4,733,0.007919872686007792
4,734,0.3476429675029025
4,735,0.044740990371858476
4,736,0.012615610201883658
4,737,0.004013324897183431
4,738,0.006866272724775674
4,739,0.005574194453510068
4,740,0.025067296929847514
4,741,0.003920572928798445
4,742,0.004470593337963621
4,743,0.005214199326380164
4,744,0.010544099212349549
4,745,0.08562732649409473
4,746,0.004960621437715707
4,747,0.0158915423891138
4,748,0.1848224178822194
4,749,0.010286429202889228
4,750,0.007725012978856405
4,751,0.08004113207280221
4,752,0.04534524162285103
4,753,0.005476039766762292
4,754,0.012758434908969836
4,755,0.006601713198007173
4,756,0.0047785536824240665
4,757,0.016646637609116496
4,758,0.00305164456707222
4,759,0.008097868426625294
4,760,0.02558733575945694
4,761,0.09999714256310951
4,762,0.006175536549055685
4,763,0.013057525968858086
4,764,0.005754795417971528
4,765,0.07101994859039669
4,766,0.006562110604237077
4,767,0.0036218775332260214
4,768,0.015005054261491181
4,769,0.01541422186459278
4,770,0.1718798525104799
4,771,0.014362755814912887
4,772,0.006262973120509928
4,773,0.07678733089272952
4,774,0.005681655842324528
4,775,0.002557820940766981
4,776,0.0039962467039930585
4,777,0.008454943516607801
4,778,0.0035251080453753067
4,779,0.0026272935097256763
4,780,0.006472684671362923
4,781,0.00602444561052072
4,782,0.004609519772043158
4,783,0.006329029447032375
4,784,0.004065308469131687
4,785,0.351167153534825
4,786,0.015234690995336921
4,787,0.26114673957012235
4,788,0.013208490514458
4,789,0.026646609315673146
4,790,0.008027968424665619
4,791,0.10755754236395412
4,792,0.0043472160599954185
4,793,0.05293877987688419
4,794,0.006393211409847379
4,795,0.008088081311121322
4,796,0.03412168492378652
4,797,0.00235158184323774
4,798,0.006146831084796568
4,799,0.0026331005117404354
4,800,0.014722401260828657
4,801,0.0052652072220221195
4,802,0.0029893759522303426
4,803,0.057544234176404536
4,804,0.016970951817179433
4,805,0.003623943194446336
4,806,0.008089912294848286
4,807,0.005892864940621604
4,808,0.10004820142802169
4,809,0.002804465991909165
4,810,0.012594003851415738
4,811,0.005280621742375413
4,812,0.01070096847251441
4,813,0.010975666566819715
4,814,0.00728631215744676
4,815,0.060744220096053535
4,816,0.004813307052428996
4,817,0.008067616180992306
4,818,0.0036844027538681825
4,819,0.013754171472297553
4,820,0.003744271475272622
4,821,0.005771671789103281
4,822,0.007220899770497601
4,823,0.0029461582634934067
4,824,0.002603864850606515
4,825,0.002170548143865004
4,826,0.009227848105879538
4,827,0.0026926675525654354
4,828,0.017420676595840196
4,829,0.07720391882818213
4,830,0.0053248909133510845
4,831,0.005621247872431291
4,832,0.010620293040598193
4,833,0.1415091916003217
4,834,0.03362648625454832
4,835,0.00974212375200936
4,836,0.1618741238366989
4,837,0.010690569610526847
4,838,0.35970213762347
4,839,0.0017479448557507628
4,840,0.004000968884883887
4,841,0.012058321551351035
4,842,0.0035140535629140978
4,843,0.2503665482719266
4,844,0.0037425937536141878
4,845,0.0030071559199529884
4,846,0.02359332197241864
4,847,0.007774509197434813
4,848,0.006782266248690166
4,849,0.012486369119964482
