fold,epoch,grad_norm
0,0,0.2982386046065685
0,1,0.6070190239897512
0,2,0.8283553494056158
0,3,0.2850577970737384
0,4,0.6181738560728254
0,5,0.5972594986926214
0,6,0.44037546116260573
0,7,0.5951849140028544
0,8,0.44292083641947316
0,9,0.8682621210073532
0,10,0.3978959786364654
0,11,0.6604187827062399
0,12,0.3655867518402087
0,13,0.5281794643766549
0,14,0.3534308697550729
0,15,0.30153835984022404
0,16,0.3960324581441421
0,17,0.6116098989729825
0,18,0.4924363335627057
0,19,0.6635254553711343
0,20,0.6703842614054051
0,21,0.6872151923900551
0,22,0.48248274368046
0,23,0.40634457158499443
0,24,0.8575191523913237
0,25,0.6781401993279716
0,26,0.6420824250678862
0,27,0.4789199763943709
0,28,0.5396716474076854
0,29,0.5315353376326893
0,30,0.41139349079743154
0,31,0.8055053274094605
0,32,0.4963970514563077
0,33,0.43629841758390314
0,34,0.611841037495126
0,35,0.4833565814396074
0,36,0.5283875780057328
0,37,0.4274291331146788
0,38,0.42969398340941
0,39,0.5542214351840364
0,40,0.8377313938116151
0,41,0.6015395882456519
0,42,1.0595906058587257
0,43,0.5621659236119575
0,44,0.5433175962852079
0,45,1.7995513859409307
0,46,0.5633984117188543
0,47,0.8353936737040623
0,48,0.8931637890581406
0,49,0.5149339587055134
0,50,0.7894229440260447
0,51,0.8935352790265308
0,52,0.5387555288386203
0,53,0.6937260839718469
0,54,0.471697738448418
0,55,0.756366241180696
0,56,0.6007102660858546
0,57,0.48942866335644675
0,58,0.7068330909957083
0,59,0.44568937640424305
0,60,0.9991934703569969
0,61,0.6181329068368597
0,62,0.4430198527953549
0,63,0.9001403303181935
0,64,0.6625084846110946
0,65,0.7870304894830534
0,66,0.9324054959883114
0,67,0.9556921944831758
0,68,0.7395258260773196
0,69,0.8094099145481104
0,70,0.6850084234353347
0,71,0.6587182651570357
0,72,0.8147496251725681
0,73,0.6904284813583578
0,74,0.6738752889678308
0,75,1.0673160176262493
0,76,0.850306165242975
0,77,0.7196070439519738
0,78,0.685806977369432
0,79,0.6504754680900178
0,80,0.8094216655460305
0,81,1.037987934205922
0,82,0.4624515944470984
0,83,0.6477263301288776
0,84,0.8733928886677561
0,85,0.4958868085362858
0,86,0.717312240863318
0,87,0.6315643594903984
0,88,0.7532205866755314
0,89,0.4628004982101338
0,90,0.8466627789041693
0,91,1.0282626425532901
0,92,1.3361530059709046
0,93,0.9818669610309653
0,94,1.0238857315900338
0,95,0.7705071618105586
0,96,1.044075748439577
0,97,1.3116794890416184
0,98,0.44021720440753004
0,99,0.5321985244887578
0,100,0.632747266736556
0,101,0.7200333492232648
0,102,0.6346452717756209
0,103,1.3361834057380304
0,104,0.48607412367689207
0,105,0.34644924413907563
0,106,1.3389583788640989
0,107,0.42130008110634914
0,108,0.25232335699729125
0,109,1.237352550853522
0,110,0.5759355437244815
0,111,0.9339498845474242
0,112,0.5283021432660603
0,113,0.7274072296830194
0,114,1.0340585888198446
0,115,0.20498104054469105
0,116,0.7021670356169144
0,117,1.1764474273030765
0,118,0.42251914906602206
0,119,0.4163393781141742
0,120,0.8053310292318722
0,121,0.7868103468846477
0,122,0.39712726603972603
0,123,0.3153780641427304
0,124,0.8832859752259912
0,125,1.214619231580266
0,126,0.39611297028917736
0,127,0.26904976125578656
0,128,0.543755023197031
0,129,1.1019976965621294
0,130,0.9445821969081694
0,131,1.4074125567642382
0,132,0.4573223513799071
0,133,0.9214969129151213
0,134,0.7803574937877072
0,135,1.1586862241926534
0,136,1.1364422665972005
0,137,1.1969673299896115
0,138,1.0771013149067705
0,139,0.34468038831016423
0,140,1.007023625015375
0,141,0.8333448287631722
0,142,0.8642096800910779
0,143,0.8451833177876267
0,144,1.7181829427345154
0,145,1.9045457585495829
0,146,0.6239315171257495
0,147,1.4914761874942686
0,148,2.1972270553026365
0,149,1.4797864111297896
0,150,0.20295450318372443
0,151,0.49271848543853325
0,152,0.15658949317038567
0,153,0.9274414338132687
0,154,0.5461237831900605
0,155,0.4860492112775176
0,156,0.9756294622848991
0,157,0.24413272484688273
0,158,1.6476023339135886
0,159,1.7588096669958673
0,160,0.8789540911234882
0,161,0.7398593935627803
0,162,1.643350097070775
0,163,0.6503358809474262
0,164,0.38456980006608477
0,165,0.8587530318798177
0,166,0.43304856854667245
0,167,0.32011557087783443
0,168,1.3886392755022372
0,169,0.6315483461023496
0,170,0.6470739924109953
0,171,1.099212129150294
0,172,0.11154504321751066
0,173,0.7347954813162333
0,174,0.34802646710355833
0,175,0.23622127353842962
0,176,1.41455443725856
0,177,0.8760373784989479
0,178,1.3448866305479876
0,179,0.2892995712816449
0,180,1.644933734561225
0,181,0.1751622718589547
0,182,0.40749085224131215
0,183,1.41228178727268
0,184,0.838847384559528
0,185,2.766114293701482
0,186,0.5870986075494947
0,187,0.6914410894938676
0,188,0.16736967117943818
0,189,0.5718122500971214
0,190,0.16034917666815743
0,191,0.9240356169247811
0,192,0.10247592796379253
0,193,0.41965329730907586
0,194,0.2580287209488133
0,195,0.3422022099549779
0,196,0.26637483604900297
0,197,2.6242675414383387
0,198,0.7631313238083746
0,199,0.945732807632474
0,200,1.608999951429755
0,201,0.3089423181068624
0,202,0.2711030041748606
0,203,0.2143444347819492
0,204,0.5981167780547131
0,205,0.09806687112593945
0,206,0.16666955345214413
0,207,0.3715072158936768
0,208,0.6999485498547477
0,209,0.6071761295847907
0,210,1.1344001237246033
0,211,1.1850132879658957
0,212,0.4724682617711198
0,213,0.47063442288335755
0,214,0.09792800138579501
0,215,0.8694581741025714
0,216,0.3012165818238671
0,217,0.7673169135526567
0,218,0.09884184242438292
0,219,0.11425430102355083
0,220,0.10840060806224466
0,221,1.2560940461275165
0,222,0.1660593038215789
0,223,0.3625127357257225
0,224,0.06414115243044324
0,225,0.11194201480781217
0,226,0.16727738331025166
0,227,2.0964239846574952
0,228,1.2026710418211208
0,229,0.40656149112501366
0,230,0.5453498054539649
0,231,0.11583562360602469
0,232,0.4879309954143342
0,233,0.11306007502081239
0,234,0.36394826269739283
0,235,0.46979341072964426
0,236,0.32330473452945585
0,237,1.0810667947405257
0,238,0.722140622606778
0,239,0.34813517708846875
0,240,1.4163498436263506
0,241,0.26493473750133484
0,242,0.04131149561555019
0,243,0.3154268473267742
0,244,1.6062354032719648
0,245,0.06527069430279563
0,246,1.5416737536306868
0,247,1.5090066083803764
0,248,0.04644459524520903
0,249,0.14846800087162149
0,250,0.09811901713705212
0,251,0.051817913178411994
0,252,0.4802607018584342
0,253,0.20512884517458385
0,254,1.83402142473411
0,255,0.3598264943757265
0,256,0.5179701519596515
0,257,2.756043435160437
0,258,1.4680828489479343
0,259,0.036842767027838286
0,260,0.35132637543717266
0,261,2.2902597865710024
0,262,0.5778934264765387
0,263,0.5288745307989487
0,264,0.1769233475854617
0,265,0.10102753268928914
0,266,0.041421775893277106
0,267,0.12673387983127707
0,268,0.034199467915518714
0,269,0.24114910497785758
0,270,0.0661427534255673
0,271,0.10022600211783997
0,272,0.03830840841551855
0,273,0.8346809959885874
0,274,0.04447336488510689
0,275,0.4025936046754369
0,276,0.05764903555404324
0,277,0.06215591968795016
0,278,0.06621637425909709
0,279,0.07248944622650992
0,280,2.025274588120388
0,281,1.1491764390614563
0,282,0.11164103680296232
0,283,0.1061220017795622
0,284,0.11036952036770108
0,285,0.7775210875541503
0,286,0.31572483328798684
0,287,1.518586399570485
0,288,0.9701571692667277
0,289,0.4285761942521149
0,290,0.9653259463268474
0,291,0.04837122460802465
0,292,0.5630278142311816
0,293,0.41311345859203163
0,294,1.339266758335304
0,295,0.0247170695634429
0,296,3.174921045339203
0,297,1.7106839337001618
0,298,0.07518917921153402
0,299,0.6619959601099502
0,300,0.17600368650801057
0,301,0.08113941758953772
0,302,0.06720116274838302
0,303,0.042165473654981446
0,304,1.3635487045547763
0,305,0.030694059187080826
0,306,0.053588820033625854
0,307,0.06122340481307073
0,308,0.022450531016389982
0,309,0.03952768563533502
0,310,0.058614086679495137
0,311,0.02080571095556785
0,312,0.02323941421473634
0,313,0.08275994790979257
0,314,1.786457097517653
0,315,0.04315869704133719
0,316,3.5025837946455187
0,317,0.06351987648080025
0,318,0.355290782776541
0,319,1.1876296777114603
0,320,0.055773806429206325
0,321,0.25736682405885125
0,322,3.369437802677319
0,323,0.048880778607120576
0,324,0.03277426471585814
0,325,0.1267563400655584
0,326,0.01914971102408221
0,327,0.21432115515048322
0,328,0.036272151712127505
0,329,0.06434657206352089
0,330,0.04593196588234202
0,331,0.02760983592916507
0,332,0.055620721412809424
0,333,0.014927002974228193
0,334,1.7482823759083759
0,335,0.028552329437959847
0,336,0.06351355610589929
0,337,0.05714800963988497
0,338,3.007395868411472
0,339,0.020601955803040282
0,340,1.8261583761951696
0,341,0.06530413494129504
0,342,0.3564514237139271
0,343,0.04606560783332528
0,344,0.44288702963483795
0,345,1.0443379929397274
0,346,1.0285024369299742
0,347,0.35292272923221407
0,348,0.10383742007076291
0,349,0.6706444737221475
0,350,0.05133252183163016
0,351,0.10250519986321206
0,352,0.0173526602091837
0,353,0.13614933258562467
0,354,2.6294320357131844
0,355,0.029489058737459172
0,356,0.056245986079547956
0,357,0.09000504357050954
0,358,0.05896938852115409
0,359,0.035041415180247636
0,360,0.5898824118257756
0,361,0.09201618099673751
0,362,0.06332809952519822
0,363,0.0683211060004913
0,364,0.13916666732023894
0,365,0.02979785693194631
0,366,0.062262435045269744
0,367,0.3335425952749517
0,368,0.01380556621339124
0,369,0.04480621818751097
0,370,0.02482901775675148
0,371,0.0999419441905416
0,372,0.032199392039949766
0,373,2.4736987919288524
0,374,0.22961962334656927
0,375,0.04230636190228518
0,376,0.15297946907333057
0,377,0.040417587134385216
0,378,0.03310187388138385
0,379,0.1277917541884561
0,380,0.015206038177228738
0,381,0.09397810151623436
0,382,0.6083424662420519
0,383,0.10276327492173043
0,384,0.060624557003180084
0,385,0.014925215273217067
0,386,0.09402475694472391
0,387,0.13843214059177206
0,388,0.026949121232600307
0,389,1.9575297004894667
0,390,0.7503634614153138
0,391,2.1331789187858705
0,392,0.013473217558431649
0,393,0.37192506076376197
0,394,0.02998322333328558
0,395,0.0733752946011658
0,396,2.7897541229634264
0,397,2.130738522581904
0,398,0.06415177445728526
0,399,0.09841721218333409
0,400,0.09870431410531438
0,401,0.06276694566378109
0,402,0.014648582205114597
0,403,0.08810287125158812
0,404,0.04959315473224131
0,405,0.0431762951136762
0,406,0.09146965392301044
0,407,0.031278568023055425
0,408,1.5639706684150936
0,409,0.4124008500881727
0,410,0.41984559757914636
0,411,0.02612231373415328
0,412,0.10651032123129997
0,413,0.5320817516955517
0,414,0.05597857758503905
0,415,0.0382518868687823
0,416,0.03031293225859619
0,417,0.6586774175209349
0,418,0.049140971857932064
0,419,0.03812431141942585
0,420,0.1587176442108389
0,421,0.03286501642374709
0,422,0.021105288860560168
0,423,1.6496442904739153
0,424,0.03811296239149783
0,425,0.275510555116583
0,426,0.061413985930442366
0,427,0.016788224604484987
0,428,0.07053184290751076
0,429,0.02057782567980148
0,430,0.6648860778613944
0,431,0.015479283907475036
0,432,0.030907424940385498
0,433,0.018837959854222926
0,434,0.014577537515450385
0,435,0.022739551084550967
0,436,0.010137745218273991
0,437,0.12845427846038643
0,438,0.06598000708859435
0,439,1.5374380915543824
0,440,0.3804248269583879
0,441,0.030931543893430936
0,442,0.49429179683658453
0,443,0.15463054090860293
0,444,0.0394982510780195
0,445,0.024533394751237027
0,446,0.03216561199656216
0,447,0.023716256639584495
0,448,0.07605933546440806
0,449,0.029455244324622723
0,450,0.020373529760526116
0,451,0.021100673356142165
0,452,0.1337652935575659
0,453,0.6695791224492224
0,454,0.01217395399930479
0,455,0.037672362703828316
0,456,0.29913409154299386
0,457,0.017784469906113532
0,458,0.04349341303533209
0,459,0.5018547033308901
0,460,0.032868075152300495
0,461,0.021526871506910943
0,462,0.01433462030985194
0,463,0.03353133380631027
0,464,0.01854250148113942
0,465,0.05668448681538121
0,466,0.033139736466669775
0,467,0.015580446499182622
0,468,0.012850495864110884
0,469,0.024834456356527382
0,470,0.04851580991944881
0,471,0.06011586472343447
0,472,0.018536065828950003
0,473,0.0091871442016296
0,474,0.013468287175095184
0,475,0.030285160353831234
0,476,0.01139363082258002
0,477,0.011993895869773143
0,478,0.17188635742887726
0,479,0.008731051699389649
0,480,0.04130664733258099
0,481,0.0075695708412018455
0,482,0.01644779378269766
0,483,0.05166558704103006
0,484,0.031690969285815655
0,485,0.06808253907062481
0,486,0.08560023762705009
0,487,0.4768870389063688
0,488,0.01731110529364927
0,489,0.015317024087649645
0,490,0.12025551657483305
0,491,0.015060931712563029
0,492,0.007713536390405343
0,493,0.04377383993024459
0,494,0.3474129666187507
0,495,0.005918394541483212
0,496,0.01916155377374335
0,497,0.008352387547279542
0,498,0.04542993108803928
0,499,0.007264786713037841
0,500,0.010133475872205137
0,501,0.07388119880392821
0,502,0.8965786022183767
0,503,0.008966801414500914
0,504,0.003243230699786489
0,505,0.030684480215870488
0,506,0.00907384828900954
0,507,0.0053107197833531655
0,508,0.03615778820569347
0,509,0.005788837966822383
0,510,0.007987335637771554
0,511,0.6938834648659835
0,512,0.011533298620328754
0,513,0.015325589660395933
0,514,0.04102051032996167
0,515,0.005787325373142121
0,516,0.0145153219360378
0,517,0.0140482260005796
0,518,0.012475600980395768
0,519,0.022125641569308997
0,520,0.05534121847803387
0,521,0.019121410157415305
0,522,0.6215705822673752
0,523,0.00864179322441966
0,524,0.5143032300635145
0,525,1.326096629454956
0,526,0.0186552615746716
0,527,0.018449609469251133
0,528,0.15863417719470724
0,529,0.01703271103627212
0,530,0.021988734608094015
0,531,0.04577166779609979
0,532,0.009084687714175636
0,533,0.028569678720824037
0,534,0.009503351836808449
0,535,0.02887962473931039
0,536,0.007215846132930072
0,537,0.021116792403675012
0,538,0.0083161795096362
0,539,0.016340029640226825
0,540,0.004654479116040901
0,541,0.034216528929958065
0,542,0.004725684236718225
0,543,0.04478874952261603
0,544,0.09121287729467463
0,545,0.005862099421207616
0,546,0.009851427727726956
0,547,0.035586900730955245
0,548,0.01368848506350064
0,549,0.00723610032910125
0,550,0.016195551249245103
0,551,0.011141942027679196
0,552,0.06279151019128709
0,553,0.016179167115077053
0,554,0.016932421463840445
0,555,0.00414759207862468
0,556,0.013441716262491247
0,557,0.009143396324470233
0,558,0.011897557444775497
0,559,0.012304969804621556
0,560,0.011301910998900723
0,561,0.04894103448383976
0,562,0.007809167297742272
0,563,0.0040658339041061324
0,564,0.011581285599014206
0,565,0.006758271762216523
0,566,0.039627097474387106
0,567,0.007575230136410728
0,568,0.0065725296647821535
0,569,0.23826580996754837
0,570,0.010830337513944773
0,571,0.009281606278715358
0,572,0.00831111629671401
0,573,0.004843052372402585
0,574,0.00373122199994907
0,575,0.039393690048050205
0,576,0.050989185794805436
0,577,0.04651337005688713
0,578,0.006968615387426207
0,579,0.008839019495615403
0,580,0.028043744602089356
0,581,0.08689036675061294
0,582,0.021241531055979746
0,583,0.03697919219386019
0,584,0.018016296169060444
0,585,1.4809293172264975
0,586,0.005730698946040309
0,587,0.017105025643749824
0,588,0.01836359716445349
0,589,0.018191785798909565
0,590,0.005870448919049309
0,591,0.08357626169490613
0,592,0.008303943347734679
0,593,0.005919384394564269
0,594,0.013599410010694197
0,595,0.019629071458052694
0,596,0.016496059346725298
0,597,0.005419889911868119
0,598,0.07269550903028413
0,599,0.5680775410581216
0,600,0.017134951556328402
0,601,0.026522618658548196
0,602,0.010380371480904099
0,603,0.030444476723384812
0,604,0.011273900409582607
0,605,0.010307657899891996
0,606,0.012836658138830738
0,607,0.013263334167915069
0,608,0.012257559409972162
0,609,0.020237218851662023
0,610,0.004023112868204557
0,611,0.009682110209961283
0,612,0.016015119419285496
0,613,0.03946116365879505
0,614,0.24720034771515162
0,615,0.03210769421477147
0,616,0.47704647116370086
0,617,0.012621859398053896
0,618,0.016166916244632564
0,619,0.0029630156873694047
0,620,0.6632658016331733
0,621,0.011733372636128923
0,622,0.03010382877223322
0,623,0.07927421884085874
0,624,0.023930403005808832
0,625,0.007018434680470325
0,626,0.4881066885695496
0,627,0.008735451088767686
0,628,0.03665562218401554
0,629,0.041128423521823054
0,630,0.01465526887645616
0,631,0.005461616349148181
0,632,0.00285388578609623
0,633,0.015929212405948752
0,634,0.03751804110710656
0,635,0.013150740087541309
0,636,0.006045834299692321
0,637,0.028451365193182667
0,638,0.002555380361746828
0,639,0.011487652729535164
0,640,0.2352203162099423
0,641,0.007031869957987875
0,642,0.006839333762759354
0,643,0.014463284017187019
0,644,0.030076269884899087
0,645,0.006543798007576783
0,646,0.004143273707358983
0,647,0.01989805406986403
0,648,0.005311438519495875
0,649,0.11741123431798133
0,650,0.03839381143704747
0,651,0.006486852971324664
0,652,0.02456722915948234
0,653,0.005730170295531325
0,654,0.002960646265839312
0,655,0.002636682112160996
0,656,0.013902066103331955
0,657,0.516751050331485
0,658,0.009586395737371054
0,659,0.01256603394503462
0,660,0.0065323612604244385
0,661,0.015523073755879264
0,662,0.006853130181451912
0,663,0.006841463423388536
0,664,0.6398423437897833
0,665,0.009460721475682415
0,666,0.004298308098467753
0,667,0.003564901588168706
0,668,0.013440660830060371
0,669,0.009119062324270316
0,670,0.00403105376980773
0,671,0.008400901451807953
0,672,0.010329693151730665
0,673,0.004620825084030067
0,674,0.011217008213663213
0,675,0.009150623201387114
0,676,0.0034113816812557794
0,677,0.03466053265111203
0,678,0.02775642877829245
0,679,0.09067689295678853
0,680,0.012199447333929263
0,681,0.01078729189036058
0,682,0.06818980361290396
0,683,0.010616104619100194
0,684,0.06721206978229352
0,685,0.009044314901714213
0,686,0.008687122450153819
0,687,0.004828075250833478
0,688,0.015685172653973053
0,689,0.0043393936495418044
0,690,0.01184447936690458
0,691,0.06989732312189514
0,692,0.008393613801762578
0,693,0.007387058532500036
0,694,0.014027178402305935
0,695,0.012498651640755976
0,696,0.07423508818647728
0,697,0.006548156382331713
0,698,0.017529691548128043
0,699,0.009762439154752594
0,700,0.5137943057230347
0,701,0.01932597261738028
0,702,0.004301578968231718
0,703,0.004391050093624085
0,704,0.010114891964368936
0,705,0.0773433407584081
0,706,0.01028878336723621
0,707,0.0029212880388520403
0,708,0.06085226352142616
0,709,0.0032332604278271187
0,710,0.005213073846791651
0,711,0.009468110684516086
0,712,0.006509864622462232
0,713,0.007127484875064404
0,714,0.008970913244333842
0,715,0.008013380711080459
0,716,0.03353687608309258
0,717,0.01367969191879708
0,718,0.0028753578274663865
0,719,0.01566420157840144
0,720,0.00988635974977256
0,721,0.014696747654553786
0,722,0.016786189389666632
0,723,0.02325777441069521
0,724,0.014838518016229539
0,725,0.004843990470481126
0,726,0.011380785021162878
0,727,0.007650907766420367
0,728,0.00527507755480408
0,729,0.02381905660387995
0,730,0.004878145867947557
0,731,0.03752313439021149
0,732,0.0023577127438450017
0,733,0.030068585646597683
0,734,0.008182659699972127
0,735,0.003052655937255576
0,736,0.4544979557399976
0,737,0.004211113790546075
0,738,0.0035468212966751496
0,739,0.036563364997261004
0,740,0.006691062193470785
0,741,0.0073340663144656265
0,742,0.003944340973057468
0,743,0.004613286806824427
0,744,0.003023956482045495
0,745,0.012625939794933276
0,746,0.027390408080215006
0,747,0.01211360216918971
0,748,0.005700478743706566
0,749,0.003367636158626503
0,750,0.0027437833466693253
0,751,0.0049845329576717005
0,752,0.059124307604794375
0,753,0.012795689887423151
0,754,0.013957181560207319
0,755,0.0019817464888960638
0,756,0.00933157504238482
0,757,0.01691124590287675
0,758,0.010499779654184251
0,759,0.09269294577608134
0,760,0.006952952853004825
0,761,0.0032470437491656473
0,762,0.0060824464686680835
0,763,0.005541875908425758
0,764,0.3587512617340682
0,765,0.01154274021448749
0,766,0.0023965005358532153
0,767,0.002568636840856742
0,768,0.005256619469330667
0,769,0.003263941464038425
0,770,0.020294629120078615
0,771,0.0036744653691827053
0,772,0.005199270349602246
0,773,0.006536689686896183
0,774,0.3683949786003942
0,775,0.002080372431414786
0,776,0.00284696004021519
0,777,0.0052461179661924115
0,778,0.006938682360289094
0,779,0.00822365283058006
0,780,0.03196809540757618
0,781,0.0036736750563934077
0,782,0.0049354986289456585
0,783,0.005843033885236841
0,784,0.013541380446075682
0,785,0.018792912622131487
0,786,0.0020104619578276226
0,787,0.09902770649148201
0,788,0.35587778260000436
0,789,0.0015175180139695105
0,790,0.004284087475651703
0,791,0.017938701211607202
0,792,0.0036018723004442132
0,793,0.036871508103530765
0,794,0.09862923551577536
0,795,0.0030520070044659942
0,796,0.004823575670201113
0,797,0.0022122395096137574
0,798,0.052406873619233366
0,799,0.008756187981239722
0,800,0.002284627944009095
0,801,0.00389181414915584
0,802,0.02439245360861002
0,803,0.0029157527178417515
0,804,0.00437189639802319
0,805,0.0038833551803701314
0,806,0.011035550085587053
0,807,0.005580499562228104
0,808,0.0024998204847278493
0,809,0.027559643389834763
0,810,0.3613446403697727
0,811,0.028626463110490885
0,812,0.002657402590656751
0,813,0.02284435953400191
0,814,0.0023235477644566378
0,815,0.005523937300492855
0,816,0.008829307199368497
0,817,0.27882808407586424
0,818,0.003332615895191189
0,819,0.042820240986777884
0,820,0.00596666443626917
0,821,0.007007524200419953
0,822,0.010870838703923972
0,823,0.004021518850180922
0,824,0.005442903330325152
0,825,0.0045100276042829065
0,826,0.00505457033628228
0,827,0.004232623742604268
0,828,0.003159839012515025
0,829,0.01252133504877942
0,830,0.002839054034740892
0,831,0.0051155430294418875
0,832,0.0029876506760481464
0,833,0.011236385613304851
0,834,0.012287663114117369
0,835,0.0037476430697195705
0,836,0.03272259384923336
0,837,0.012573820925099486
0,838,0.002038842607623047
0,839,0.0013135976853108436
0,840,0.0035204437304878554
0,841,0.0018617792674164382
0,842,0.021801032249708027
0,843,0.002388513755279481
0,844,0.006828347636388817
0,845,0.005970577482334361
0,846,0.0025933757884386913
0,847,0.0038518662874422543
0,848,0.0033987424562274683
0,849,0.12957990666876845
1,0,0.7384375134158868
1,1,0.13899054432470598
1,2,0.5764288594624433
1,3,0.6472969503347403
1,4,1.0104500551639464
1,5,0.22513787050741293
1,6,0.18724764199277186
1,7,0.1762066843603455
1,8,0.707627749397887
1,9,0.23763721029681523
1,10,0.17720592647521266
1,11,0.23878609313255067
1,12,0.654741372635155
1,13,0.3417820453948636
1,14,0.5851796727317259
1,15,0.2932343201086532
1,16,0.5460364240269495
1,17,0.29668387458753726
1,18,0.30840544096170835
1,19,0.3771641358353804
1,20,0.41046770998172843
1,21,0.40175250447280847
1,22,0.2770535175159115
1,23,0.3675856256242059
1,24,0.3606491989266715
1,25,0.3480229405131162
1,26,0.2787081423105477
1,27,0.6750274689606428
1,28,0.43893410636798713
1,29,0.3836696492798448
1,30,0.4011228114074306
1,31,0.48336059108445006
1,32,0.5595074384587374
1,33,0.7974844503343083
1,34,0.5086518618053503
1,35,0.5386998428262665
1,36,0.43168297589718885
1,37,0.6760623573699398
1,38,0.4366210983863798
1,39,0.5490013388114499
1,40,0.46600795499408865
1,41,0.5472793344027491
1,42,0.5801296549470222
1,43,0.49950666934303806
1,44,0.581173109988307
1,45,0.49200050473169066
1,46,0.4826616835653731
1,47,0.6754260435730647
1,48,0.2971524510750829
1,49,0.5443402959328458
1,50,0.37532644480241406
1,51,0.7851473236477295
1,52,0.6284418565152148
1,53,0.461478371153794
1,54,0.5327721614680516
1,55,0.6487814447088842
1,56,0.5547194303622156
1,57,0.8902880776099733
1,58,0.4470191467406571
1,59,0.5372098010667808
1,60,0.6714444103567677
1,61,0.9008077718169677
1,62,0.5124342098595531
1,63,0.9379533655805231
1,64,0.6300060717136124
1,65,0.5174087565522011
1,66,0.4766669298759547
1,67,0.545987518704999
1,68,0.45731168643478387
1,69,0.8201342149112297
1,70,0.4462310038017804
1,71,0.4136610945293165
1,72,0.3744460332940017
1,73,0.6514897321913853
1,74,1.1998228812810194
1,75,1.2224949316066729
1,76,1.137055488088371
1,77,0.36385461222105536
1,78,0.21805141979787313
1,79,0.8480145869692747
1,80,1.0266495532882558
1,81,0.8570559553126736
1,82,0.6811685233066294
1,83,0.3371008002519803
1,84,0.5625637508642466
1,85,0.86280460523481
1,86,0.8950228376877618
1,87,0.7908105455403759
1,88,0.7913655601720263
1,89,0.28720930052648497
1,90,0.651006359088317
1,91,0.790662487639542
1,92,1.2325874887068637
1,93,0.7034761709933931
1,94,0.6833168967595529
1,95,0.753465061821909
1,96,1.149971990887837
1,97,0.7879598759943538
1,98,0.4796163382799528
1,99,0.6149057793260362
1,100,0.31881096500106476
1,101,0.5190672521948464
1,102,0.8828343322684264
1,103,0.5724593770993368
1,104,0.6980231734508848
1,105,0.7144093218335295
1,106,0.2584225187045638
1,107,0.7302273833613631
1,108,0.7075479822592651
1,109,0.26258776162908676
1,110,0.8004682333420419
1,111,0.2954566685632279
1,112,0.8048399804970116
1,113,0.6639668746770632
1,114,1.1209347809798196
1,115,0.8319202626162191
1,116,0.7495493247978212
1,117,0.6716364812310598
1,118,0.8034282929228319
1,119,0.6528533852723961
1,120,0.5302063067695368
1,121,0.4997919686905405
1,122,0.4157268350937075
1,123,0.8430396073356378
1,124,1.040252755636067
1,125,0.3163903225155117
1,126,0.9812574322335267
1,127,0.6789992867680325
1,128,0.24592878862634182
1,129,1.2509390963825442
1,130,0.8394754648609244
1,131,0.8048342824684094
1,132,0.31184500975241486
1,133,0.43539406759529836
1,134,0.6561376239424999
1,135,0.19346458831224467
1,136,0.4632791056917291
1,137,1.0583155191572955
1,138,0.6757446892082303
1,139,0.5344857074866832
1,140,0.6156989347124289
1,141,2.0797540180308065
1,142,1.355875094537134
1,143,0.2141042166529625
1,144,0.29995190317299564
1,145,1.0460169266372095
1,146,1.1506064962727136
1,147,0.49789328768943375
1,148,0.5691658396222526
1,149,0.6164114538217272
1,150,0.6420129757096615
1,151,0.3869578984136601
1,152,1.681903401473904
1,153,0.6968862387901863
1,154,0.36581309286825753
1,155,0.44693686980216396
1,156,0.4131468852944171
1,157,0.3153288803559819
1,158,0.14398186706684932
1,159,0.11135034208725988
1,160,0.40738942452575655
1,161,0.718127946147471
1,162,0.8194250161931378
1,163,0.37849485910249614
1,164,0.49222746918499605
1,165,0.5412931446357303
1,166,0.8007236440031256
1,167,0.8784279452316466
1,168,1.4801704264454503
1,169,0.3037443072980978
1,170,0.18390951400985925
1,171,0.15138857444626383
1,172,0.2596935320212421
1,173,0.09252790068241475
1,174,0.2930081360649782
1,175,1.4676572406351986
1,176,0.6402145197039671
1,177,0.3953734642647744
1,178,0.8431840517211278
1,179,0.46095078787636773
1,180,1.1636838919811605
1,181,0.5329865055995779
1,182,0.8154427424715476
1,183,0.08830124718143927
1,184,1.1683829586975536
1,185,0.7701640237121443
1,186,1.3109576631853874
1,187,0.055325073868797744
1,188,2.5584965671577518
1,189,0.16225871520284518
1,190,0.22681603623799343
1,191,1.1285910824327052
1,192,1.4250411618560817
1,193,1.1080831593933058
1,194,0.49687497486413695
1,195,2.1714103391485313
1,196,0.9971498310197736
1,197,0.3878826833797972
1,198,1.6432164853135087
1,199,0.2122038175946895
1,200,0.25302908543383623
1,201,0.6881406982465893
1,202,0.10219820070309556
1,203,0.10590051434254799
1,204,0.09772090260618979
1,205,0.16304186711708019
1,206,0.9518876382980762
1,207,0.07147992210545205
1,208,1.2546205933497887
1,209,0.36454666822426823
1,210,0.30258806731998616
1,211,0.32555790813907476
1,212,0.10395883478906161
1,213,0.09106348788011052
1,214,0.7906319072798254
1,215,0.11983670986634586
1,216,0.5059501120646873
1,217,0.8262384695632293
1,218,0.06032556494594597
1,219,1.4160639130246084
1,220,0.06868546492538727
1,221,0.8009201584354756
1,222,0.1496392128829319
1,223,0.08237249794074693
1,224,1.2378246987378512
1,225,0.03571841208450293
1,226,0.10715035060405977
1,227,1.062896132267682
1,228,0.05196225388137162
1,229,1.0012553952915415
1,230,0.4287400240836157
1,231,0.7845689796373612
1,232,0.9948540723488559
1,233,1.1692971866130213
1,234,0.06594943039040176
1,235,0.18637929575126633
1,236,0.05961265854747533
1,237,0.29276774040029974
1,238,0.05116636854030394
1,239,0.10384926898861
1,240,0.1200967972000316
1,241,0.036108251964311826
1,242,0.23250754799245296
1,243,0.4064793935934991
1,244,0.16043841700907724
1,245,0.06951346082870179
1,246,0.03710059465483933
1,247,1.623648984941426
1,248,0.10742392112031501
1,249,0.980618771003457
1,250,0.6480374869020739
1,251,1.3512864058520633
1,252,0.09573740443793663
1,253,0.3266994404813833
1,254,0.05381920741893132
1,255,0.5794376674477926
1,256,0.4739205650555026
1,257,0.08909144381633381
1,258,0.13198810740990305
1,259,1.6888732177547572
1,260,0.04579223423720682
1,261,0.4468962745524595
1,262,0.1842103980144992
1,263,0.14077680711133095
1,264,0.2967493701717761
1,265,1.900240494652096
1,266,0.2319535211164548
1,267,0.1344860048409543
1,268,1.1443821235349347
1,269,0.11960118916526234
1,270,0.16536084342909957
1,271,0.12235636729615537
1,272,0.06741339744644574
1,273,0.06842047768171984
1,274,0.07732690561900545
1,275,0.05384550467486818
1,276,1.1617438275552607
1,277,0.08423836703989443
1,278,0.64406113211856
1,279,0.054959350579262586
1,280,1.232844926031697
1,281,0.052323326421504404
1,282,0.03411221173175576
1,283,0.07529460572749765
1,284,1.0097477830617856
1,285,0.03728909417079949
1,286,0.0487911061830439
1,287,0.20345674595804958
1,288,1.1022294293891999
1,289,1.7539173671139643
1,290,0.11765922805813449
1,291,0.6088493917790427
1,292,0.07125695143062069
1,293,0.7026155353180971
1,294,0.9701690504988842
1,295,0.10837370376501461
1,296,0.1742109701064872
1,297,0.3225195102684339
1,298,0.22812084683107708
1,299,0.03555066042285142
1,300,0.7512914283114331
1,301,0.9423434837877044
1,302,0.09734137709391592
1,303,0.14426784819338648
1,304,0.06302700550588193
1,305,0.21907889037749426
1,306,0.04192305526931666
1,307,0.26882712821903415
1,308,0.024746268480548915
1,309,0.08141773040145461
1,310,0.022393141044628837
1,311,0.03451770809755438
1,312,0.04031298959501109
1,313,0.08380637869822291
1,314,0.15079433237337822
1,315,0.06427575197271575
1,316,0.09604634748548027
1,317,0.04121702858413252
1,318,1.0052466225574939
1,319,0.036826296050855745
1,320,0.031197704296420513
1,321,0.3647374646386265
1,322,0.04064346260059601
1,323,0.8346180944730747
1,324,0.039078981265465364
1,325,1.3576719615009403
1,326,0.06641006458251265
1,327,0.04756689144329248
1,328,0.05373418145735443
1,329,0.03386501344570437
1,330,0.033569175376226314
1,331,0.7691135192281114
1,332,0.045539685322072795
1,333,0.08361649943609316
1,334,0.0791262327969795
1,335,0.7497948193754952
1,336,0.2702530820564082
1,337,0.042395508641440066
1,338,0.47694094840339313
1,339,0.04530577927164684
1,340,0.15809656221642973
1,341,1.705826299508693
1,342,0.08289464060476481
1,343,0.08910256112915309
1,344,0.07084859649046361
1,345,0.13950826022413432
1,346,0.026282421824188443
1,347,0.026527291515800067
1,348,0.16572012314995552
1,349,0.03963329242679895
1,350,0.02521231746025818
1,351,0.14339980032733032
1,352,0.06116287700518152
1,353,0.02433551211590837
1,354,0.08583286033199894
1,355,0.03501957414960963
1,356,0.036039535868973266
1,357,0.03153994086269982
1,358,0.4314963860147633
1,359,0.030964293957146224
1,360,0.3809689949321436
1,361,0.03897234323612659
1,362,0.9967597244161436
1,363,0.04723728783419913
1,364,0.025154267635371895
1,365,0.028364540693812158
1,366,0.031373081946642435
1,367,0.024434100207547476
1,368,0.027405438155675883
1,369,0.04939339710376463
1,370,0.09077575672085796
1,371,0.03720740162318014
1,372,0.021496326416200712
1,373,0.010478757994368018
1,374,0.046695254426257174
1,375,0.024086576498069976
1,376,0.04125547892598113
1,377,0.08333965000639999
1,378,0.02539006721510118
1,379,0.09015834020958195
1,380,0.17341896275987875
1,381,0.018839812594707586
1,382,0.032144032718742124
1,383,0.035721884439813
1,384,0.030105825816934276
1,385,0.04444985208415413
1,386,0.767746640965163
1,387,0.02554840317376422
1,388,0.02956414578685538
1,389,0.015935380702720985
1,390,0.03577531460945895
1,391,0.43229320949534894
1,392,0.4420083400952515
1,393,0.41128923831318087
1,394,0.028285847053836747
1,395,0.34158658273198134
1,396,0.026504869743126016
1,397,0.033815302186378106
1,398,0.043703059479113675
1,399,0.13868401459452417
1,400,0.03387528562994214
1,401,0.015257444191838457
1,402,0.03171166875883997
1,403,0.028983493026232314
1,404,0.04500618058557491
1,405,0.028629713231736516
1,406,0.038714356908993476
1,407,0.01939427848968715
1,408,0.0232553274232136
1,409,0.0887770117455755
1,410,0.034967121168975546
1,411,0.026330985548477414
1,412,0.03460543731519802
1,413,0.028419158271417284
1,414,0.07147563711786212
1,415,0.03950316525338287
1,416,0.047124501744112764
1,417,0.9733324655721968
1,418,0.10484988628067445
1,419,0.04188231660344142
1,420,0.050610431339708335
1,421,0.9178458695396526
1,422,0.029449440890539424
1,423,0.020081012390214793
1,424,0.03633482157454324
1,425,0.020964896453416832
1,426,0.3895016516793799
1,427,0.6340925629846069
1,428,0.03716907496589049
1,429,0.052555090718884284
1,430,0.028491155827596593
1,431,0.044530294835235275
1,432,0.13101515251210566
1,433,0.6547705140551646
1,434,0.17943929172905793
1,435,0.10971985664752698
1,436,0.05729610774511311
1,437,0.030784459345216047
1,438,0.005756408897581094
1,439,0.46124114720704734
1,440,0.04528310771947834
1,441,0.0946685392948838
1,442,0.022954875783253472
1,443,0.05650692898854551
1,444,0.05769505793002613
1,445,0.03864323593946088
1,446,0.1861174230785673
1,447,0.009886221273895013
1,448,0.0954218622498593
1,449,1.2278039266841287
1,450,0.057808270459853414
1,451,0.0643889222197192
1,452,0.038030139354464504
1,453,0.03847179220393382
1,454,0.02069755565247119
1,455,0.05919707090254309
1,456,0.008681712674543197
1,457,0.011224310128594577
1,458,0.040952057396964565
1,459,0.3349816884446581
1,460,0.6692520993605875
1,461,0.039023780113141206
1,462,0.02409264824061406
1,463,0.022908882059541967
1,464,0.02072887179855258
1,465,0.06497881705201997
1,466,0.03762707697454907
1,467,0.011777593127111484
1,468,0.029837985211288637
1,469,0.038195794171754484
1,470,0.017300291842426655
1,471,0.9793170484341837
1,472,0.017568233405068655
1,473,0.024125451780468356
1,474,0.009073794895356403
1,475,0.01426152462997246
1,476,0.07157481762169358
1,477,0.3103286147649557
1,478,1.1206495227649944
1,479,0.00955602687305928
1,480,0.01770332643606774
1,481,0.018114278668873145
1,482,0.06764439838894123
1,483,0.023495947260892547
1,484,0.13169297517462594
1,485,0.01440066359810986
1,486,0.026270432550883318
1,487,0.027639421577766544
1,488,0.033343398255549016
1,489,0.03869611647206233
1,490,0.038720260892439906
1,491,0.05726862530058703
1,492,0.020821430537869636
1,493,1.0960847961498357
1,494,0.01261884118036569
1,495,0.0689687183643519
1,496,0.24974154044363633
1,497,0.036216157756910124
1,498,0.012858261653665402
1,499,0.02435870147587916
1,500,0.012338313261749272
1,501,0.027179715185708456
1,502,0.01296897663407497
1,503,0.09899870843068048
1,504,0.06949981408270829
1,505,0.016191528750018617
1,506,0.019704888840554793
1,507,0.016668198398761595
1,508,0.2520760906914498
1,509,0.01127429347644694
1,510,0.08506308582404962
1,511,0.0077397668906832445
1,512,0.018464661574278642
1,513,0.02089863558055921
1,514,0.02991085927352623
1,515,0.021792877795369533
1,516,0.0953116569207598
1,517,0.007096002193571702
1,518,0.010555382948670125
1,519,0.08951736758321761
1,520,0.011559164684385493
1,521,0.014591788179435213
1,522,0.018934826967670817
1,523,0.009356332201243166
1,524,0.01835609457870107
1,525,0.01740928280971789
1,526,1.2286656897906338
1,527,0.008348558097672005
1,528,0.011607433776108506
1,529,0.0424435687956133
1,530,0.02243516109248864
1,531,0.01257907486819874
1,532,0.03877671041036628
1,533,0.014676190988669664
1,534,0.01804099527980495
1,535,0.7735862996559183
1,536,0.004609488053665775
1,537,0.015617219102630355
1,538,0.01720423700191231
1,539,0.015248030158039107
1,540,0.02713369888948551
1,541,0.015826413814913384
1,542,0.01109445752201806
1,543,0.024096772249902088
1,544,0.14905374232061544
1,545,0.03884388803575376
1,546,0.008737748647210329
1,547,1.1586697650696527
1,548,0.011975479219601157
1,549,0.021570209790181115
1,550,0.012051471990458747
1,551,0.009479244397605908
1,552,0.033500696227480614
1,553,0.0181205241162029
1,554,0.020681318734489404
1,555,0.01811005768826179
1,556,0.015385058584593186
1,557,0.050553195644016315
1,558,0.016282853307585398
1,559,0.00885480983094257
1,560,0.00909487762793241
1,561,0.012835925118986279
1,562,0.011887369846183226
1,563,0.03158443654268418
1,564,0.025285431895935677
1,565,0.012543424977944504
1,566,0.0252551318240247
1,567,0.005356992724699803
1,568,0.008620751012502734
1,569,0.018033031288165486
1,570,0.024550343061138402
1,571,0.007182218101476177
1,572,0.0206157371080365
1,573,0.01259165510942994
1,574,0.007700033689552852
1,575,0.023160968421795027
1,576,0.019103958769080307
1,577,0.009002772076643658
1,578,0.013154127823860277
1,579,0.0043382960612114475
1,580,0.0076954349552615505
1,581,0.016574563345298412
1,582,0.005646782669009605
1,583,1.1528529120496267
1,584,0.009165231860487526
1,585,0.004394003950155539
1,586,0.007680196381802516
1,587,0.009165967597721987
1,588,0.0029382648391555765
1,589,0.0035517049594578284
1,590,0.008281206290811357
1,591,0.009726921641275421
1,592,0.00913191750847574
1,593,0.008423090703182855
1,594,0.01349623199026961
1,595,0.5110914145936952
1,596,0.00575948201752073
1,597,0.2087860266131407
1,598,0.012501531465771537
1,599,0.00906399597698972
1,600,0.018062835917922782
1,601,0.009671038803090564
1,602,0.006120719629889979
1,603,0.03580859850909016
1,604,0.009701601557308329
1,605,0.0066183183057074955
1,606,0.0161075822175653
1,607,0.011371494984939941
1,608,0.009466243390369692
1,609,0.009270971488166887
1,610,0.016345680429037123
1,611,0.010949289735894393
1,612,0.015532899409339135
1,613,0.014462264313324941
1,614,0.0167334993088827
1,615,0.010195144704288731
1,616,0.018119263322544585
1,617,0.022522281522037314
1,618,0.03352749723759371
1,619,0.03361254339417322
1,620,0.0038537281768256403
1,621,0.021346168833353815
1,622,0.007243385012808189
1,623,0.4494902290958112
1,624,0.018223956032132584
1,625,0.15693840286844335
1,626,0.02596566381630021
1,627,0.016975025927224264
1,628,0.009198360080408289
1,629,0.019540246838829177
1,630,0.018304053993411503
1,631,0.006693879214431158
1,632,0.004264524170865009
1,633,0.006798022792563933
1,634,0.011351807521540828
1,635,0.014777859858123833
1,636,0.0029115034028198844
1,637,0.034214747515419086
1,638,0.004394304359770834
1,639,0.019567824334133684
1,640,0.6436118527597813
1,641,0.04685137235697471
1,642,0.02825493238805249
1,643,0.009103012943255774
1,644,0.025435559513462946
1,645,0.014463135026722872
1,646,0.022413290595474544
1,647,0.003219723761418474
1,648,0.009668674638984102
1,649,0.008114271609656002
1,650,0.004796522413304553
1,651,0.028089601541149818
1,652,0.009412218974341949
1,653,0.00921109913063115
1,654,0.002128183063586549
1,655,0.011269078585621884
1,656,0.007730602712078121
1,657,0.009432499012029803
1,658,0.02045363140765393
1,659,0.007419531802003806
1,660,0.7832723311333959
1,661,0.008668228544809984
1,662,0.015948582696370412
1,663,0.017476385918183426
1,664,0.014687025074611823
1,665,0.0038710228882374784
1,666,0.008614102970664216
1,667,0.02163730937660517
1,668,0.014891737759319325
1,669,0.006326556037431467
1,670,0.01521595588028788
1,671,0.011846787840338198
1,672,0.00842883389163119
1,673,0.18391083743973125
1,674,0.008479860006718251
1,675,0.014462256687948689
1,676,0.011775117711513964
1,677,0.017415586434000173
1,678,0.02355661447444398
1,679,0.022653956816359278
1,680,0.025872117256845864
1,681,0.02144263826636121
1,682,0.023764301280290934
1,683,0.009333454589310113
1,684,0.011327598012347272
1,685,0.07312993918997328
1,686,0.01894351095658876
1,687,0.00971074739929425
1,688,0.0045702094894295425
1,689,0.0181206765721666
1,690,0.01758652017392161
1,691,0.014393045572408973
1,692,0.005222113320278997
1,693,0.8357207832700508
1,694,0.01324765633703059
1,695,0.02665169043898905
1,696,0.015463123801917536
1,697,0.006578074428847719
1,698,0.01690737440600846
1,699,0.013010562667049993
1,700,0.004697763585625849
1,701,0.01518363136032684
1,702,0.0095593598155969
1,703,0.0317733560902823
1,704,0.01097489660343731
1,705,0.014274662263388305
1,706,0.009182618922102866
1,707,0.009278754854519386
1,708,0.00805659715116982
1,709,0.016868570155626456
1,710,0.012516066698254301
1,711,0.019570387216162593
1,712,0.0034371485831359476
1,713,0.01081579275002207
1,714,0.01084505776376895
1,715,0.0033261801042270733
1,716,0.006897037573011688
1,717,0.022845872896717887
1,718,0.007862728256085794
1,719,0.016036391779603403
1,720,0.007917605958816147
1,721,0.007664866828182492
1,722,0.012189055032944497
1,723,0.025646293542612972
1,724,0.04121574374701058
1,725,0.011232570940329884
1,726,0.0065069589977267625
1,727,1.2567066109210243
1,728,0.004880736533221447
1,729,0.014853663467124316
1,730,0.004616221276538692
1,731,0.008776265310039291
1,732,0.01267912693289266
1,733,0.05701622751366212
1,734,0.010629096572621151
1,735,0.019222311609810038
1,736,0.009751928965952679
1,737,0.007202003118163538
1,738,0.008841709116386933
1,739,0.0021466301071830277
1,740,0.008697238736472192
1,741,0.004988415979009578
1,742,0.013589286528642249
1,743,0.015807939045635072
1,744,0.017382441588396653
1,745,0.005100350046213027
1,746,2.46061758062454
1,747,0.009363307631275394
1,748,0.00298432927027666
1,749,0.015099647270295639
1,750,0.013191018375608514
1,751,0.011544055984969348
1,752,0.005062996219711617
1,753,0.003763220731285399
1,754,0.01046064803149758
1,755,0.010903338855641298
1,756,0.0037425908087404683
1,757,0.003313016906010319
1,758,0.009488936901727451
1,759,0.014666478343616757
1,760,0.00864829289505133
1,761,0.09106804405826517
1,762,0.00847965760741368
1,763,0.013921897624253322
1,764,0.008561564871693067
1,765,0.00856548689167778
1,766,0.014188296732609322
1,767,0.007271917257312951
1,768,0.012851844762069353
1,769,0.01818420093197039
1,770,0.00596915497207014
1,771,0.018321066226538427
1,772,0.08370405375066746
1,773,0.014929730300047695
1,774,0.01051583500376719
1,775,0.007059322487778446
1,776,0.009955754435201922
1,777,0.00911311406321196
1,778,0.017756728967036152
1,779,0.009391024848700937
1,780,0.0038267650929967685
1,781,0.005299452974534404
1,782,0.005571744223303407
1,783,0.002432538908028345
1,784,0.005158867968844936
1,785,0.002110469467069412
1,786,0.010976446701149941
1,787,0.005866127187381322
1,788,0.012302377260967869
1,789,0.004810537627847392
1,790,0.8615334425901208
1,791,0.008819026472742507
1,792,0.015605380850697242
1,793,0.004404684629856532
1,794,0.009574683142341604
1,795,0.003010687382824098
1,796,0.038046622259895115
1,797,0.012254863602312972
1,798,0.0052396774147408865
1,799,0.004729059800054692
2,0,0.3084544978156294
2,1,0.4010425566908738
2,2,0.5170541794780977
2,3,0.4766729687630395
2,4,0.7417445171973593
2,5,1.1001511170169205
2,6,0.8431797707910674
2,7,0.5121711076587323
2,8,0.19207190756054937
2,9,0.40985462455859395
2,10,0.3899059015940806
2,11,0.35120688086467905
2,12,0.44876147287183676
2,13,0.6290785307401238
2,14,1.0041380197067804
2,15,0.5957937712790063
2,16,0.2841390639658995
2,17,0.2668943456507686
2,18,0.8485210721232176
2,19,0.22477627187809437
2,20,0.46873260687647733
2,21,0.5659458764612345
2,22,0.273061168614635
2,23,0.25197639056663884
2,24,0.3923763689300326
2,25,0.3400307824077195
2,26,0.19165657218294674
2,27,0.32930120832820037
2,28,0.33828422537960867
2,29,0.5920136379475224
2,30,0.3454441929974326
2,31,0.31875892078480544
2,32,0.5141432616862663
2,33,0.5361482902506622
2,34,0.49948358835558443
2,35,0.4488658363598436
2,36,0.31925181415577675
2,37,0.6042129528717064
2,38,0.6127147183941455
2,39,0.5811567758563111
2,40,0.4138822451677241
2,41,0.3874950242797022
2,42,0.5476305796836866
2,43,0.4277361208595556
2,44,0.5382669524245638
2,45,0.8457819417705668
2,46,1.3353919966802474
2,47,0.23948602002055067
2,48,0.43949348504147656
2,49,0.47331726234048865
2,50,0.5637257849145111
2,51,0.5106164781124893
2,52,0.43866210370513203
2,53,0.2822099588098185
2,54,0.41255380691904836
2,55,0.3987162789162424
2,56,0.34335425477413123
2,57,0.7996977071122846
2,58,0.5460272153387853
2,59,0.5225433641744024
2,60,0.5810275059452631
2,61,0.45739072841832046
2,62,0.41955840202053757
2,63,0.453356539675699
2,64,0.6517931927145598
2,65,0.48999111426346925
2,66,0.284289522026193
2,67,0.6076188613125739
2,68,0.23106106606158636
2,69,0.24500305583447604
2,70,0.6124679750347188
2,71,0.5255223494147825
2,72,0.38956401445280875
2,73,0.36265788665217846
2,74,0.5608908305201621
2,75,0.3836586290923719
2,76,0.6129778099152042
2,77,0.4170290361986155
2,78,0.49217220366758624
2,79,1.3978238124955158
2,80,0.3468697110643237
2,81,0.4882016682554146
2,82,0.5701568034870785
2,83,0.842110404947995
2,84,0.7255293961693157
2,85,0.9306691287652932
2,86,0.49818535305263534
2,87,0.45311429853556245
2,88,0.4336187604051343
2,89,1.3403216401437472
2,90,0.3597978498128579
2,91,0.5389347659176057
2,92,0.6812787662168506
2,93,1.2064127048849536
2,94,1.2104199673585248
2,95,0.3481442298488665
2,96,1.0699584764450742
2,97,0.357604654585492
2,98,0.6145647428731591
2,99,0.8210657844021567
2,100,0.37946770423078596
2,101,0.7827694039692024
2,102,0.6149863049560077
2,103,0.3576377604566084
2,104,0.6920247124205746
2,105,0.8575526466917707
2,106,0.17618093728849385
2,107,0.2095619500226586
2,108,0.439419139013028
2,109,0.5175499497395178
2,110,0.6096978676941129
2,111,1.0522398185587616
2,112,1.1789070754800721
2,113,0.1990954652619018
2,114,0.7579979513607042
2,115,0.16925183912165429
2,116,0.8933776552400409
2,117,0.21331227017590496
2,118,1.2055825340371988
2,119,0.9255936138657198
2,120,0.28884367226357743
2,121,0.4068102984550097
2,122,0.6691014705501934
2,123,1.7942147371296813
2,124,0.7111641194214472
2,125,0.5396570306747853
2,126,0.6056741549348587
2,127,1.0119112914902273
2,128,1.093007808105762
2,129,1.3636327287423633
2,130,0.2753090469019232
2,131,1.1076391133813372
2,132,0.6678033569011076
2,133,0.23233093127573928
2,134,0.8193139316948282
2,135,0.5678728999448776
2,136,1.3863256975697114
2,137,0.5932791974650085
2,138,0.5170005819058116
2,139,1.2452863139584547
2,140,0.6954251012657381
2,141,0.9763223711907245
2,142,0.9846377478458144
2,143,1.4016602303496764
2,144,1.5039917717859097
2,145,0.23613786767786324
2,146,1.0698919494153472
2,147,0.5643703500426245
2,148,0.31107620312261
2,149,0.9080205660575772
2,150,0.7762794441495594
2,151,1.0709879237766338
2,152,0.5838049726575351
2,153,0.6951082644859202
2,154,0.17907613586296828
2,155,0.1903140046404692
2,156,0.22536826030249082
2,157,0.11150972387054797
2,158,0.7045101286980294
2,159,0.23891707133623466
2,160,0.8989043585271143
2,161,1.1405293501845584
2,162,0.19591943337857468
2,163,0.14792253654503976
2,164,0.09874631207502513
2,165,0.08467653435626028
2,166,0.1309057844124112
2,167,0.09642549267825619
2,168,1.3767202298939998
2,169,0.14225326237888314
2,170,0.6274366131488684
2,171,0.5423791415695257
2,172,1.2731389901962211
2,173,0.8099755335891264
2,174,0.30777870898804666
2,175,0.40104453596426026
2,176,1.4736022520610292
2,177,0.7126047615650408
2,178,0.08871287480250967
2,179,0.22113717752548195
2,180,0.9471119221774658
2,181,0.40094857983844306
2,182,0.603686116244975
2,183,0.3272747194416335
2,184,0.5209368022661743
2,185,0.26412848156169233
2,186,0.4273523103240712
2,187,0.12939310449512392
2,188,0.8997907576655886
2,189,0.1452350300710975
2,190,0.18878240316836414
2,191,0.6486040234734847
2,192,0.42005015168483306
2,193,0.1566433817135786
2,194,0.07261999381962701
2,195,0.45158820196698773
2,196,0.8510334726148514
2,197,0.16829221221583282
2,198,1.460680074433849
2,199,0.25085207293191975
2,200,0.19294961728725418
2,201,0.05594398106328162
2,202,0.40356888065924684
2,203,1.3969015424207971
2,204,0.10417724986117277
2,205,1.4828534306810617
2,206,0.3201623123708847
2,207,0.10918954244379725
2,208,0.2745156124705279
2,209,0.11293398584306404
2,210,1.1368979985942862
2,211,0.17493609974905444
2,212,0.11035047530895287
2,213,0.14155829707114384
2,214,1.7431958260217777
2,215,0.07835984040894114
2,216,1.185070932493162
2,217,0.11120823721870865
2,218,1.129191345477312
2,219,0.544577423263401
2,220,0.13118850709227844
2,221,0.1030145935312302
2,222,1.3319520298873488
2,223,0.04620817714340082
2,224,0.04803471717831513
2,225,1.9173741194430325
2,226,0.9570763245984403
2,227,0.05437987687553458
2,228,0.39609979024230285
2,229,0.05093452424035206
2,230,0.6077843293615521
2,231,0.1297882821699213
2,232,0.036711285921635146
2,233,0.029014056369184676
2,234,1.0130648361101586
2,235,0.12924334118817724
2,236,0.03826944244701571
2,237,0.04723585546021579
2,238,0.049825137260318154
2,239,1.1030226914327412
2,240,0.7163571915910505
2,241,0.04131917948911426
2,242,0.9249171195325607
2,243,0.029239327605885098
2,244,0.10390934272371459
2,245,1.5522934921455698
2,246,0.06784693978964985
2,247,0.15254789660041368
2,248,0.7491458825802036
2,249,0.3370036750179892
2,250,0.9029886754760452
2,251,0.03432539971337347
2,252,0.06923738757397568
2,253,0.06122728031576968
2,254,0.038454656719408904
2,255,0.050189959942117744
2,256,0.06902756697473576
2,257,1.940049022029415
2,258,0.05083950080390113
2,259,1.0793783188665602
2,260,0.054005350884493306
2,261,2.375902716529344
2,262,0.07535771322030994
2,263,0.07918300409291726
2,264,0.049828624429808656
2,265,0.049175575059160995
2,266,0.08956820976411388
2,267,0.05136251632272046
2,268,0.03897277860734232
2,269,1.1928818276173256
2,270,0.06316135002303505
2,271,1.7443477186841017
2,272,0.20479785089931865
2,273,0.11741621366175324
2,274,0.033539187922656685
2,275,0.029243933184269686
2,276,1.7787452287855148
2,277,0.07454144971706073
2,278,0.4067523138485842
2,279,0.05276518584888804
2,280,0.883802974921029
2,281,1.7388382779968914
2,282,0.05679353803369852
2,283,0.04360479701744508
2,284,0.06419490862974327
2,285,0.030476672145833435
2,286,0.5088866736776989
2,287,0.03214836753533759
2,288,0.0628464095227353
2,289,0.09764915312870177
2,290,0.271155930321101
2,291,1.29183941018934
2,292,0.01936675190750988
2,293,0.038908559711432436
2,294,1.8470637776838932
2,295,0.2800500063772961
2,296,0.0437866545294456
2,297,0.025000672463336794
2,298,0.053468909752767774
2,299,0.47551880761308885
2,300,0.02895707649708892
2,301,0.16477968146250133
2,302,0.032898239895402394
2,303,0.037248278397321484
2,304,0.020940546113851627
2,305,0.8205865300699722
2,306,0.039402037474418034
2,307,1.2421818273886835
2,308,0.12219308871288319
2,309,0.048852528403703056
2,310,0.06387783131968072
2,311,0.040187422777761
2,312,0.06997956078080644
2,313,1.2587958056910442
2,314,0.01295075345594709
2,315,0.24371318108535844
2,316,0.28831766139220716
2,317,0.017234718182814718
2,318,0.023397714063106097
2,319,0.03772586979983681
2,320,1.4392205074472333
2,321,0.044419412557424924
2,322,0.8841409933036691
2,323,0.0321368823537589
2,324,0.043783521748042425
2,325,0.1769405158026724
2,326,0.10526618532285599
2,327,0.05230777853867017
2,328,0.05014551610032616
2,329,0.6999588929274659
2,330,0.335207410231314
2,331,0.02594027164598936
2,332,0.04606375728133565
2,333,0.042867211137045565
2,334,0.047252029217559895
2,335,0.13255544524442758
2,336,0.6909342844131987
2,337,0.051877590342608006
2,338,0.10288698898388071
2,339,0.4691158010678235
2,340,1.1907588009133374
2,341,0.14789572526387626
2,342,0.1826957309680851
2,343,0.03970589241389138
2,344,2.0967173838511837
2,345,0.017312985350684797
2,346,0.20433259369350615
2,347,0.04255770687410605
2,348,0.06377053482792158
2,349,0.019275334583738306
2,350,0.014112116479608484
2,351,0.02018063765863446
2,352,0.08809719950003488
2,353,0.052532057527983296
2,354,1.3879563297363349
2,355,0.06152140811604066
2,356,0.11746991666371782
2,357,0.530858387347577
2,358,0.02376540183683265
2,359,0.6347486143166126
2,360,0.012992483347416898
2,361,0.5432049721162969
2,362,0.0163472179315976
2,363,0.011633425912682025
2,364,0.7769597969625451
2,365,0.011270013832497136
2,366,0.06891832930408519
2,367,2.706884106354109
2,368,0.0556360790423086
2,369,0.019201248422148848
2,370,0.05623601624389192
2,371,0.015464150432538286
2,372,0.012751047217287743
2,373,0.05376809220855584
2,374,0.03835684845948669
2,375,0.03413507107379497
2,376,0.016789347506487626
2,377,0.03996586029102005
2,378,0.09741620410307536
2,379,0.02668677146913432
2,380,0.02717438224306853
2,381,0.032461838035793826
2,382,0.0692714147354179
2,383,0.027546734639493517
2,384,0.11850652129625269
2,385,0.03336869490088995
2,386,0.01589748117972736
2,387,0.012744728878191312
2,388,0.021100843098371277
2,389,0.03016625027997426
2,390,0.025367468381640917
2,391,0.5857956506394558
2,392,0.00852667745663269
2,393,0.03458850819526982
2,394,2.10880021460848
2,395,0.0564313072271799
2,396,0.1484854752222017
2,397,0.10996329670366246
2,398,0.009847641385308813
2,399,0.023699689307833314
2,400,0.026419979930471738
2,401,0.13073848884068665
2,402,0.01378643505438479
2,403,1.6033579890907275
2,404,0.019172709830923826
2,405,0.011916789301369496
2,406,0.013195969259679556
2,407,0.0507738265714497
2,408,0.019004527319157936
2,409,0.0844867580966683
2,410,0.02188589381492258
2,411,0.011070596518519542
2,412,0.01866854413770414
2,413,0.02695128145775553
2,414,1.5260867635463153
2,415,0.02360499234777132
2,416,0.028180569095499288
2,417,0.04171455120689934
2,418,0.012233021829867352
2,419,0.014663628628816577
2,420,0.0616180939774508
2,421,0.007415062216676323
2,422,0.8396737990761383
2,423,0.02625088401574249
2,424,0.019594074690151814
2,425,0.07933832526944166
2,426,0.013470903294496139
2,427,1.5888676983653995
2,428,0.05658130885389084
2,429,0.7312542745838787
2,430,0.02462709813256057
2,431,0.019626364753480893
2,432,0.01782561353934106
2,433,0.054279665491099055
2,434,0.03683682560532973
2,435,0.022414228781596126
2,436,0.02866064443981435
2,437,0.11666624884433144
2,438,0.014445484215210932
2,439,0.05485653027920396
2,440,0.028384822068805316
2,441,0.010859448346265529
2,442,0.03993804079233805
2,443,0.0075834838698252745
2,444,0.011357923821863377
2,445,0.02997188912697026
2,446,0.02379310219637597
2,447,0.02791032194576808
2,448,0.6731705837676056
2,449,0.011118330421993464
2,450,0.5818004590745873
2,451,0.008307990310113592
2,452,0.020138313928009348
2,453,0.0224690508918379
2,454,0.01328641304991213
2,455,0.047197811871194005
2,456,0.020122651709869835
2,457,0.6626635174916345
2,458,0.019608177087549687
2,459,0.020045307286453644
2,460,0.021635363903812453
2,461,0.016825546391220077
2,462,0.7125941579952948
2,463,0.00902335925336917
2,464,1.938115457168669
2,465,0.63152447315241
2,466,0.012312868502778051
2,467,0.025183730867140684
2,468,0.046066729217045715
2,469,0.030684260448568867
2,470,0.07516064795881645
2,471,0.019660757128773125
2,472,0.05770156545926661
2,473,0.03487586684104067
2,474,0.005395085489127583
2,475,0.030320509729416047
2,476,0.014433461081801062
2,477,0.026593729612255607
2,478,0.03030712502793392
2,479,0.12184519185886479
2,480,0.009303185964656659
2,481,0.03869081339951741
2,482,0.017049383038349127
2,483,0.03268806851701907
2,484,0.0423536451049453
2,485,0.011601707051935596
2,486,2.4128750513477715
2,487,0.019332436406135366
2,488,2.223089448933485
2,489,0.5993081000317125
2,490,0.009755224375490599
2,491,0.009671002507425556
2,492,0.018533268768767392
2,493,0.06022264791149012
2,494,0.010368837483376303
2,495,0.0391743358032702
2,496,1.0725016608344047
2,497,0.056803813806280724
2,498,0.02090773915078008
2,499,0.02335702259706624
2,500,0.009737172276062422
2,501,0.010210137390044857
2,502,0.020041502884016363
2,503,0.0075505728854318955
2,504,0.011739889549853546
2,505,0.025654451007492855
2,506,0.012205941109259166
2,507,0.010691219137448537
2,508,0.013428226430444444
2,509,0.01172558949415691
2,510,0.01425409303842805
2,511,0.043149749837333946
2,512,0.048930012028460895
2,513,0.0077721115301422295
2,514,0.03912723194535313
2,515,1.2027566670875676
2,516,0.782533957436034
2,517,0.1225655174397915
2,518,0.01488981100023309
2,519,0.03341024149623697
2,520,0.008498985639457595
2,521,0.3786454087846523
2,522,0.012104016760996962
2,523,0.026169814241434247
2,524,0.008899780146830873
2,525,0.34792708905386655
2,526,0.011896570511758365
2,527,0.014888689642896696
2,528,0.016064679538303265
2,529,0.013974977577860205
2,530,0.09162984444524368
2,531,0.026711461895336967
2,532,0.008856851461343325
2,533,0.011659941282505443
2,534,0.004165260822177049
2,535,0.07845876365007835
2,536,0.020251244925849322
2,537,0.006503350143909091
2,538,0.008272143015372418
2,539,2.2921107403483303
2,540,0.008746798139322918
2,541,0.012369085742819294
2,542,0.018265947354401867
2,543,0.008035278900634716
2,544,0.005323258126363596
2,545,0.007946011075154304
2,546,0.05052018708806279
2,547,0.015763149685327306
2,548,0.02538743925522125
2,549,0.029049679155105736
2,550,0.005161789184819122
2,551,0.5856114166066486
2,552,0.020512548022912584
2,553,1.008767732277037
2,554,0.07441117444253748
2,555,0.009691269614501962
2,556,0.029812768958021214
2,557,0.07402976300769412
2,558,0.009852633701896306
2,559,0.005263365244660384
2,560,0.02337085964318577
2,561,0.014334926648095936
2,562,0.019561368594005563
2,563,0.015943066860159272
2,564,0.008186182418676467
2,565,0.01461235820146639
2,566,0.012729072723011072
2,567,0.006519517571424387
2,568,0.016271999755268034
2,569,0.008855015416622106
2,570,0.008717076732495022
2,571,0.027768738001609134
2,572,0.009757741615624383
2,573,0.025262652693292018
2,574,0.0035003493608806303
2,575,0.011357208946877691
2,576,0.007780505316726134
2,577,0.010966253628317914
2,578,0.009367759995444123
2,579,0.00689075355106621
2,580,0.010239789199738933
2,581,0.018653421074435992
2,582,0.008699785095030027
2,583,0.013309810785823658
2,584,0.0033178033496310553
2,585,0.0060985250470607585
2,586,0.013670497185653746
2,587,0.07749919607710283
2,588,0.010253084022722727
2,589,0.013917652085843344
2,590,0.003601266306854035
2,591,0.01332196368622348
2,592,0.008840831005573679
2,593,0.007127971351460377
2,594,0.008433446901791607
2,595,0.2469582930819454
2,596,0.03953765966951992
2,597,0.01155339654910218
2,598,0.008085012492483149
2,599,0.007882460369704341
2,600,0.019997613160949602
2,601,0.0059376281366128
2,602,0.16901742653101293
2,603,0.0058406870126614255
2,604,0.010285081387831848
2,605,0.008325751490194811
2,606,0.019113085837203957
2,607,0.023741985112744647
2,608,1.0199576872614324
2,609,0.011716512791305167
2,610,0.009025040528854967
2,611,0.005389095165563901
2,612,0.00799957011236525
2,613,0.010268291229147717
2,614,0.0035948729738788537
2,615,0.009640434369355777
2,616,0.03409060190056102
2,617,0.03301560300926351
2,618,0.007928146256319508
2,619,0.004694225759781491
2,620,0.013069129052517578
2,621,0.007755312395666857
2,622,0.007518128816273704
2,623,0.381167362175797
2,624,0.005412096470269549
2,625,0.008741386357108678
2,626,0.4661059805393207
2,627,0.005364529371169788
2,628,0.027227975832978854
2,629,0.010903338900921936
2,630,0.008596723976997558
2,631,0.010072419229771805
2,632,0.010356115569216371
2,633,0.003548851286338926
2,634,0.00601934652163477
2,635,0.008389639088233111
2,636,0.016986506610363643
2,637,0.01483326153442426
2,638,0.024441315073912746
2,639,0.1045966171724975
2,640,0.00999169386774427
2,641,0.06852923280463115
2,642,0.005520489507931489
2,643,0.005586138483428158
2,644,0.0055548141119896996
2,645,0.005775895594169001
2,646,0.010011003001917932
2,647,0.007079302205917024
2,648,0.010158027720098694
2,649,0.0077174828364999625
2,650,1.8547979928477223
2,651,0.0028964005480574496
2,652,0.005172187961389192
2,653,0.0033227132431827102
2,654,0.002521896194365863
2,655,0.014594451845453639
2,656,0.43211864266121175
2,657,0.005783291426997808
2,658,0.5032777912520513
2,659,0.010023975263519832
2,660,0.0038074923581939506
2,661,0.005821341641411655
2,662,0.00308111607271109
2,663,0.004840865730950199
2,664,0.004344115609546453
2,665,0.0079503182687168
2,666,0.007997255045616714
2,667,0.011197494886470677
2,668,0.006531253495032756
2,669,0.012234830712479593
2,670,0.00574652460254669
2,671,0.004682837709914463
2,672,0.008696829135361019
2,673,0.01749232716206724
2,674,0.008015871542826774
2,675,0.006347876484700616
2,676,0.0602552645852034
2,677,0.008143164385301285
2,678,0.006866798816357767
2,679,0.010076182791153384
2,680,0.004132207115580104
2,681,0.00739338932794605
2,682,0.009779193213604018
2,683,0.14097567741330777
2,684,0.007247345574297568
2,685,0.005802493480162259
2,686,0.024492359052346615
2,687,0.00753415643639942
2,688,0.0026231710367351966
2,689,0.013283053046661988
2,690,0.004336701312244338
2,691,0.007106324649713236
2,692,0.002899071906249853
2,693,0.003769017165585538
2,694,0.004457535089200118
2,695,0.0050121336580312885
2,696,0.2713883690836607
2,697,0.003121029590349403
2,698,0.0020666955604717
2,699,0.06905865808480006
2,700,0.0035653679780710272
2,701,0.0034826709172769005
2,702,0.0063587301141407385
2,703,0.014818632981136535
2,704,0.0026724537555986917
2,705,0.004872038930785721
2,706,0.01015589465289025
2,707,0.004809789037976118
2,708,0.0035598685105693987
2,709,0.00547064427960437
2,710,0.006388034837309614
2,711,0.005888140213893663
2,712,0.014905521746094727
2,713,0.010596508468897004
2,714,0.011416761487748285
2,715,0.0042106577806047705
2,716,0.007547549034953659
2,717,0.007781593900270294
2,718,0.0034653500337991877
2,719,0.007725745146377851
2,720,0.012856927122174705
2,721,0.005849033867973125
2,722,0.00378818423795749
2,723,0.0016105480924712044
2,724,0.004134791775329336
2,725,0.00256521771017806
2,726,0.0030697165593244536
2,727,0.005241286995829453
2,728,0.0014937282160646993
2,729,0.013194410026540251
2,730,0.0030726134460676326
2,731,0.004318366789540608
2,732,0.008512278225394923
2,733,0.0030946633290533363
2,734,0.0026318281405210715
2,735,0.4437361463296593
2,736,0.0021038557815154257
2,737,0.0695119804520034
2,738,0.0048083339063825625
2,739,0.04458015998508067
2,740,0.0033404259593393776
2,741,0.004432513314963414
2,742,0.014125129168114198
2,743,0.007967784849000749
2,744,0.002786062072262585
2,745,0.0017730805686762183
2,746,0.0029440788650873712
2,747,0.003719764410672253
2,748,0.004134019161746399
2,749,0.016505410805604498
2,750,0.0019905913884610913
2,751,0.00579935597743601
2,752,0.0014219979961802348
2,753,0.0021277919801134435
2,754,0.004481195257913941
2,755,0.004586786258993642
2,756,0.009971684803604825
2,757,0.003910314523333768
2,758,0.001924282174006752
2,759,0.0045709336524111304
2,760,0.0027725082478280887
2,761,0.013663602413610084
2,762,0.0023792191736305567
2,763,0.0010243999181058434
2,764,0.005180503279916444
2,765,0.0030283421185195625
2,766,0.003514382870914464
2,767,0.008475011444992589
2,768,0.005043712494104361
2,769,0.005383891707881227
2,770,0.007467918158885477
2,771,0.002159535257073646
2,772,0.016690207611684493
2,773,0.0017251900564863828
2,774,0.005301267742639193
2,775,0.0029515528094988274
2,776,0.006203480797992637
2,777,0.003943222456380422
2,778,0.0015501409403072626
2,779,0.002058312305778073
2,780,0.008346905182243727
2,781,0.002547609588902091
2,782,0.03709528526961205
2,783,0.0023291415519381318
2,784,0.0035566199557005257
2,785,0.0034343783777551775
2,786,0.0028134501394544496
2,787,0.010225058349829607
2,788,0.002377581634587073
2,789,0.004062636654235496
2,790,0.01667061706584102
2,791,0.01026699851214866
2,792,0.003946634102247743
2,793,0.63010452045061
2,794,0.004168624100242118
2,795,0.014879634391285286
2,796,0.012570306950090796
2,797,0.00227118334141899
2,798,0.004398071732027717
2,799,0.0022129460220763858
3,0,0.30047791093843873
3,1,1.0360100383158892
3,2,0.5342204658239272
3,3,0.7829674358807157
3,4,0.40313021906961477
3,5,0.8945507364731852
3,6,0.577270903762845
3,7,0.7018589659277508
3,8,0.5648755852138881
3,9,0.45980749466782583
3,10,0.25818809195262626
3,11,0.7726519345439895
3,12,0.6662695953350477
3,13,0.5027416769729381
3,14,0.845162956090079
3,15,0.5099704591140648
3,16,0.6567528987122572
3,17,0.7339212848796665
3,18,0.7680418094095738
3,19,0.7689366812868443
3,20,1.0021831107707433
3,21,0.23268819190859624
3,22,0.9972022454953872
3,23,0.41861561094459643
3,24,0.5846862128242648
3,25,0.39193450844224836
3,26,0.26595307244092936
3,27,0.6238312624307438
3,28,0.5283385303345711
3,29,0.6622231567779792
3,30,0.8308275775947791
3,31,0.5521886722906848
3,32,0.6125344506556066
3,33,0.4437833152374943
3,34,0.5343198792128367
3,35,0.37199305613722866
3,36,0.5976527822710477
3,37,0.5413633901066746
3,38,0.6247473663880094
3,39,0.3822919004053201
3,40,0.5999609114106668
3,41,0.5191551952176527
3,42,0.6014488799054588
3,43,0.7006129118320561
3,44,0.41668821979187803
3,45,0.7339631615310227
3,46,0.5051047508368713
3,47,0.6340594903518154
3,48,0.5642697043472359
3,49,0.8878616924378356
3,50,0.7453065806359473
3,51,0.6217838780236419
3,52,0.9238839236156277
3,53,0.6288357907622402
3,54,0.49588860136239804
3,55,0.9033755307785567
3,56,0.5229215615574759
3,57,0.5150884806416157
3,58,0.6313978082839768
3,59,0.6276085907398951
3,60,0.5175821795670198
3,61,0.647774556841715
3,62,0.8389703497274005
3,63,0.44320320200229246
3,64,0.7898913145971524
3,65,0.614864371308121
3,66,0.6286941555724982
3,67,0.47617842513573116
3,68,0.3515040793207538
3,69,0.8241829425236995
3,70,0.6552880141818536
3,71,0.7782814440621866
3,72,0.6106412250077167
3,73,0.5954495989792699
3,74,0.8711507314684004
3,75,0.9342928828813011
3,76,0.6443792974669589
3,77,1.0265231060102966
3,78,0.6464596880562763
3,79,1.2589511187692612
3,80,0.9246807554179446
3,81,0.5245671999129807
3,82,0.9288132622910095
3,83,0.6385165169005551
3,84,0.4917397705779475
3,85,0.8502312039239941
3,86,0.34474871735409096
3,87,0.9607227346424128
3,88,0.8923091712329615
3,89,0.3980011013196311
3,90,0.5643315154383367
3,91,0.645652824046338
3,92,0.6800347593628537
3,93,0.8704828945280335
3,94,0.4790322659585896
3,95,0.6954965759096928
3,96,1.166396899029086
3,97,0.9243419509005901
3,98,1.4644786361435793
3,99,0.4063686367162493
3,100,0.7887885797076016
3,101,0.8144424898306631
3,102,0.6817688535682599
3,103,0.7223204427936355
3,104,0.7396597575681437
3,105,0.3682907094929268
3,106,0.7694377975124645
3,107,1.4560479593766877
3,108,0.48320177095673605
3,109,0.5504488338433111
3,110,0.9658941373661573
3,111,0.2789202358363002
3,112,0.6640329840037827
3,113,0.9194552341365025
3,114,0.4904108837520632
3,115,0.9924018598065966
3,116,0.21367158590893168
3,117,0.8866014348165515
3,118,0.2395845404994498
3,119,0.6727706026354201
3,120,0.5643716596742434
3,121,0.3531104984504291
3,122,0.349998411677962
3,123,0.24670491330803063
3,124,0.9123913796448665
3,125,0.4864869295426386
3,126,1.462695395280593
3,127,0.6764030691611125
3,128,0.8107390221478135
3,129,0.9400996041073776
3,130,0.2807693538018378
3,131,0.7478263239197659
3,132,1.3358503388173577
3,133,0.8709364477762463
3,134,1.5986422252165777
3,135,0.5416464088428165
3,136,0.4422811218683169
3,137,1.476417772913706
3,138,0.7474591052406266
3,139,0.5917926462582862
3,140,0.9290318403862091
3,141,0.6548960115166667
3,142,0.9271715379540195
3,143,0.9673954627502116
3,144,0.34042841482531067
3,145,0.8730025239033533
3,146,1.3611340974624713
3,147,0.296601265168817
3,148,0.45612324511773583
3,149,0.5390677186598609
3,150,0.17145814452333816
3,151,0.531262428153919
3,152,0.18599852999427025
3,153,1.3085084570800802
3,154,0.7565082600360066
3,155,0.1887110644500706
3,156,0.9446879934824726
3,157,0.3009937368053095
3,158,0.23950343273654354
3,159,0.566834123937162
3,160,0.2905246407963375
3,161,0.18878422094430228
3,162,0.8037214722565166
3,163,0.4743697107981877
3,164,0.233516809023122
3,165,0.30429260973995237
3,166,1.3601365388761224
3,167,0.27137846351048023
3,168,0.7915648202443374
3,169,0.507296549205266
3,170,1.4043122555762821
3,171,1.5251698199432502
3,172,1.9966837994688975
3,173,0.8785570064331418
3,174,0.4805306394301447
3,175,1.11586701152063
3,176,0.6282016499757486
3,177,0.16411260801166383
3,178,0.7166023659437046
3,179,0.15688584072619746
3,180,0.8037180826335338
3,181,0.6543608595403818
3,182,1.3335059812487597
3,183,0.5110854565564709
3,184,1.0600562205010169
3,185,0.6661320514816825
3,186,1.8267276527155283
3,187,0.16050691345299922
3,188,1.7528827996730119
3,189,0.4390229563351488
3,190,1.425101250555092
3,191,0.8784270646443503
3,192,1.6777752465374982
3,193,0.8352418067895369
3,194,1.070952950093513
3,195,1.839559205031757
3,196,0.5631836277830133
3,197,0.31040865541903606
3,198,0.41640018197279927
3,199,0.2813002979268668
3,200,0.43410633936147464
3,201,1.0774449515335114
3,202,0.9035957772030768
3,203,1.632169011653055
3,204,0.5344274349275581
3,205,2.577420214117481
3,206,0.8857480181312041
3,207,0.2442312751499536
3,208,0.8349107862298819
3,209,1.1466222348365367
3,210,0.31666704945794977
3,211,0.40372054979365063
3,212,1.149255253203129
3,213,0.09851650456953993
3,214,0.13580827400449075
3,215,1.2661008431083354
3,216,0.07952666275829244
3,217,0.31765877512810653
3,218,1.7255632101243057
3,219,0.13209772383093038
3,220,0.5447253013075324
3,221,0.17615926422125097
3,222,0.1252164730096916
3,223,0.23558894250324341
3,224,0.09989539633109798
3,225,0.9730190342187616
3,226,0.35283767939392785
3,227,1.8509146448288745
3,228,0.27934352461878675
3,229,0.41089037356363173
3,230,0.9961621502457471
3,231,0.6870381044107631
3,232,0.6559976902240258
3,233,0.876659061143966
3,234,0.13587411567322372
3,235,0.09146404344104213
3,236,0.16035672225872855
3,237,0.5055243216580164
3,238,0.8545133883852444
3,239,1.4114667901178304
3,240,0.09262269477456378
3,241,0.09336025397060181
3,242,0.1013706926454145
3,243,0.035402886789303326
3,244,1.6812572560957941
3,245,0.10599396410030806
3,246,0.1168051855059413
3,247,1.1075055975223067
3,248,0.5201060646109457
3,249,0.4988999559487023
3,250,0.0773762849983127
3,251,0.316296128844838
3,252,0.35611001202563575
3,253,0.08014811640961463
3,254,0.04382080514988831
3,255,0.0472868364228363
3,256,0.13231396713146515
3,257,0.5357927301120198
3,258,0.34391031554477564
3,259,0.13280790747071322
3,260,0.7616772911059055
3,261,0.10488914373192185
3,262,0.11797135297946841
3,263,0.07758557724267631
3,264,0.32294054785975584
3,265,0.19811221380136468
3,266,0.10012533099585447
3,267,0.08389245040698103
3,268,0.4695582862165861
3,269,0.062399607612041726
3,270,0.07819977403721494
3,271,0.07761173814843025
3,272,0.04948206072079376
3,273,0.3278800072466675
3,274,0.16000363339862586
3,275,0.40209240193992024
3,276,0.3053389244529161
3,277,0.6319370593026153
3,278,0.3263762499909113
3,279,0.08165321308119546
3,280,0.08158579758036495
3,281,0.09826107429821021
3,282,1.089847635666401
3,283,0.029193534896112032
3,284,0.06123933506775875
3,285,0.10158431283837172
3,286,0.07345645792655854
3,287,0.06652275349647391
3,288,0.2744075711190775
3,289,0.21939784888076191
3,290,0.04157719971212588
3,291,0.055551793909007996
3,292,1.0543703409249623
3,293,0.955714782241338
3,294,0.05324159122091598
3,295,1.2664625379999528
3,296,0.10025411543623239
3,297,0.09661787494385661
3,298,0.8208534501072016
3,299,0.42498558795187297
3,300,0.07046248258989371
3,301,0.33877586314585156
3,302,0.13364919356535096
3,303,0.0801472150798841
3,304,0.05012826348855291
3,305,0.43899723052969913
3,306,1.3457856271226842
3,307,0.09626102920300524
3,308,0.742568991879365
3,309,0.280776513340909
3,310,0.2600536318498566
3,311,1.1238153279107024
3,312,0.0890018123639108
3,313,0.04716218592053516
3,314,0.045169465413259516
3,315,0.2965552003906372
3,316,0.07442371344413996
3,317,0.21645700576040902
3,318,0.039194878398951985
3,319,0.04818548339083999
3,320,1.0832711144186407
3,321,0.3278169822042068
3,322,0.5320023880504537
3,323,0.1016498923483241
3,324,0.35014912250073377
3,325,1.1976446625242705
3,326,0.07181303592507994
3,327,0.2931933304417956
3,328,0.04826323715258613
3,329,0.026069784777058538
3,330,0.02823761286795206
3,331,0.10288347556170975
3,332,0.3765313957974931
3,333,0.04871699726920287
3,334,0.09652481992700437
3,335,0.027779766232917835
3,336,0.04173064385656703
3,337,0.09515789848148049
3,338,0.12486921050505531
3,339,0.1329612411719573
3,340,0.05604430506998135
3,341,0.2077252713774585
3,342,0.047362675390033686
3,343,0.07592290715697633
3,344,0.13944063296442727
3,345,0.18596380288288406
3,346,0.08241910173064472
3,347,0.07519039897782202
3,348,0.08202585140538314
3,349,0.2672861002179429
3,350,0.03848254046670104
3,351,0.2299950951291315
3,352,0.2849535291584914
3,353,0.4659545011253649
3,354,0.03781993778445909
3,355,0.04923457357495711
3,356,0.3291772304767818
3,357,0.08670544764974199
3,358,0.03443232887719455
3,359,0.07854283034233112
3,360,0.07338666869778511
3,361,0.7477930141337793
3,362,0.04199102485028834
3,363,0.06772419869982492
3,364,0.03354955940920684
3,365,0.08522717458346338
3,366,0.05954565688770448
3,367,0.09571187974448024
3,368,0.8457926221020262
3,369,0.4495407601208968
3,370,0.0593138820650197
3,371,0.05141869368417374
3,372,0.0675534749409318
3,373,0.029265396992001584
3,374,0.28447763747689025
3,375,0.023711647011583816
3,376,0.029071916877435218
3,377,0.12534964701380288
3,378,0.04061707041535808
3,379,0.0557639828554261
3,380,0.2921938587238884
3,381,0.07170478002416375
3,382,0.020904307408360894
3,383,0.16505043010238737
3,384,0.03569676878669102
3,385,0.05546975231890144
3,386,0.04975446365094607
3,387,0.06065700073646595
3,388,0.3384408096965619
3,389,0.02411238939501083
3,390,0.1029257282051531
3,391,0.3529794632463766
3,392,0.07403448367769973
3,393,0.32024202356044945
3,394,0.15470621778640478
3,395,0.017150422571081236
3,396,0.025757510468883266
3,397,0.012601796878315929
3,398,0.04733206945748483
3,399,0.042154343282358744
3,400,0.00739675709831738
3,401,0.11458738440678906
3,402,0.04010651022221421
3,403,0.030316719903907816
3,404,0.2973856260321297
3,405,0.02203308795723246
3,406,0.2883020650141803
3,407,0.3364027442655973
3,408,0.7593738353219514
3,409,0.03365862584182
3,410,0.057665393283379225
3,411,0.03448087559139087
3,412,0.05247950683682344
3,413,0.024264994204056835
3,414,0.048673921075763675
3,415,0.05429354744743728
3,416,0.026947905564028072
3,417,0.026835225297430147
3,418,0.029919362571515968
3,419,0.044650468336504774
3,420,0.07294601285373528
3,421,0.04214064239655775
3,422,0.054025367424008146
3,423,0.07797805426610174
3,424,0.01759980708730067
3,425,0.062345657350900315
3,426,0.02716549155265691
3,427,0.024511350308666687
3,428,0.03414708153046484
3,429,1.7570990281503178
3,430,0.014820257494338714
3,431,0.01421488246356815
3,432,0.019684805448018646
3,433,0.175461678725094
3,434,0.04679735529639248
3,435,0.310516815301054
3,436,0.11379895755876128
3,437,0.06391009744359777
3,438,0.02186660986702037
3,439,0.03138123717042228
3,440,0.018593489427491127
3,441,0.03867189658018814
3,442,0.3841901551461884
3,443,0.06923905066591719
3,444,0.08339876552928895
3,445,0.02235329723587713
3,446,0.039486068776594906
3,447,0.042464088611076645
3,448,1.2790710727170753
3,449,0.297440113664589
3,450,0.022017627294374422
3,451,0.02320288669848854
3,452,0.040547779141338613
3,453,0.0781788733472764
3,454,0.060260977921478165
3,455,0.20628239702843854
3,456,0.021746421813740414
3,457,0.12238974698110278
3,458,0.026748791716642434
3,459,0.008239119660236504
3,460,0.027325166066369675
3,461,0.0994813702321237
3,462,0.7319232229739853
3,463,0.2269015446961288
3,464,0.310460428429196
3,465,0.04020676475175656
3,466,0.009575496997888793
3,467,0.15588789643477888
3,468,0.0526438973568604
3,469,0.3195198364910735
3,470,0.01573001932092613
3,471,0.2945522691120837
3,472,0.016240474136390536
3,473,0.1583274457038156
3,474,0.10860085083578633
3,475,0.014079651729496429
3,476,0.007282322859053468
3,477,0.029928399254997514
3,478,0.060368260887268925
3,479,0.020533762106548687
3,480,0.1493550013633011
3,481,0.13342611952517458
3,482,0.03108841384231324
3,483,1.1414353985873467
3,484,0.008363634938728534
3,485,0.1424664303079488
3,486,0.2910909849875551
3,487,0.05524017018091439
3,488,0.01634789385781181
3,489,0.04089041215233733
3,490,0.014577182645562755
3,491,0.05798408677678814
3,492,0.05607401029856683
3,493,1.2865100924067512
3,494,0.0732958514309307
3,495,0.0202326913704497
3,496,0.03193601069455459
3,497,0.040887814969954486
3,498,0.04552852705718747
3,499,0.06034287064523669
3,500,0.021375188783281103
3,501,0.29206504956061696
3,502,0.02866247728189934
3,503,1.3468142708717548
3,504,0.030411271182038863
3,505,0.020236787558816176
3,506,0.023582017219905223
3,507,0.050046216079636684
3,508,0.03286978724693785
3,509,0.023816511155464102
3,510,0.05497897057004654
3,511,0.03154195426232233
3,512,0.008621865645886134
3,513,0.11566607014548834
3,514,0.26739834844095234
3,515,0.048577128977799575
3,516,0.1317102013399624
3,517,0.01464457894801232
3,518,0.07679520914893165
3,519,0.08563845882078429
3,520,0.18998551117044823
3,521,0.07466663148274794
3,522,0.012889598488435827
3,523,0.340067450510951
3,524,0.04916742789221087
3,525,0.017877672437549782
3,526,0.40959593459498145
3,527,0.049831982966826754
3,528,0.030784916057558388
3,529,0.040758135679272514
3,530,0.011175656384280905
3,531,0.015834019657243768
3,532,0.3033297877158401
3,533,0.3906104929092536
3,534,0.06756935449131599
3,535,0.34973633246134345
3,536,0.06744609980323496
3,537,0.05575277824388794
3,538,0.04464980136318621
3,539,0.030431362116649634
3,540,0.04423210807260896
3,541,0.0237202906376667
3,542,0.10184357772432201
3,543,0.040233759339696196
3,544,0.06055851963112836
3,545,0.0074780257995350615
3,546,0.028484740637546538
3,547,0.005713049139960014
3,548,0.026612659352948858
3,549,1.5299581450273148
3,550,0.013301922975447371
3,551,0.03179374571019068
3,552,0.21068427075994542
3,553,0.040441121992451964
3,554,0.02175695414183962
3,555,1.4818348810067397
3,556,0.1458917692293806
3,557,0.016407389898559548
3,558,0.02199527257329606
3,559,0.01014566630044151
3,560,0.013819193281120043
3,561,0.01790207558403834
3,562,0.010642254992807998
3,563,0.06229755323570775
3,564,0.018986480361094456
3,565,0.01037451545468704
3,566,0.0914272856167178
3,567,0.03925724008840435
3,568,1.0113687311225867
3,569,0.14933814866331835
3,570,0.2858341547719056
3,571,0.41421585010406853
3,572,0.022171731089783243
3,573,0.0648487461549777
3,574,1.166510263731167
3,575,0.2154102353396661
3,576,0.1213544677003067
3,577,0.03167596762715575
3,578,0.04843529031590588
3,579,0.028620193980351257
3,580,0.11291300514633093
3,581,0.014392978932084544
3,582,0.05688847739359861
3,583,0.28298574002920557
3,584,0.018598707829798413
3,585,0.11196026797537814
3,586,0.07477197081999984
3,587,0.008710180684891631
3,588,0.023839983247801604
3,589,0.015959561630191632
3,590,0.040617141886481634
3,591,0.06332183821392946
3,592,0.030189486265558604
3,593,0.1016658036994471
3,594,0.01827332291966944
3,595,0.03345213650892346
3,596,0.08678332989233338
3,597,0.04754640385158934
3,598,0.012053971180490104
3,599,0.23219934482216276
3,600,0.011788487304172618
3,601,0.007368928508307385
3,602,0.023781461021656316
3,603,0.12878461991100174
3,604,0.06270222707000579
3,605,0.33893154509892576
3,606,0.09042244333564341
3,607,0.9050310961224084
3,608,0.07515332749707561
3,609,0.2724771297219941
3,610,0.006012398334226406
3,611,0.016808514934661973
3,612,0.0034773113898661336
3,613,0.03936074497300058
3,614,0.011138619770703235
3,615,0.12057871771278099
3,616,0.05334391237823275
3,617,0.20275137027118237
3,618,0.00812750453479169
3,619,0.024622545639223198
3,620,0.022556408987236463
3,621,0.004026503338456612
3,622,0.00796350404078822
3,623,0.01660345317020508
3,624,0.014966446228238043
3,625,0.13048815690850296
3,626,0.0601201198241959
3,627,0.4072176403901476
3,628,0.014108243297867784
3,629,0.009375973493911637
3,630,0.6850123690883378
3,631,0.004165380753539608
3,632,0.00727482288035009
3,633,0.043640924944375
3,634,0.044814676669140546
3,635,0.049695682596747025
3,636,0.041543800349934094
3,637,0.26104200501992086
3,638,0.3275963244742046
3,639,0.09097632972894829
3,640,0.008869807876163701
3,641,0.08348712337436309
3,642,0.33163673876994393
3,643,0.052920705515709626
3,644,0.22429157887288526
3,645,0.028365499904768013
3,646,1.41240977897631
3,647,0.15136102643334087
3,648,0.05615349883543034
3,649,0.01883514740533872
3,650,1.4552650861728411
3,651,0.02804685342155547
3,652,0.010828461572304111
3,653,0.012418424729352453
3,654,0.05209192341220501
3,655,0.03859586281356187
3,656,0.010003782784377828
3,657,0.471265571986145
3,658,0.27732981301651355
3,659,0.33027415490882234
3,660,0.15928407189446897
3,661,0.1386279621502854
3,662,0.0719574043822933
3,663,0.1285948596233059
3,664,0.01868503358915718
3,665,0.0043407921690430985
3,666,0.07397348938925621
3,667,0.6574498228890578
3,668,0.011100821487780738
3,669,0.018144912366101027
3,670,0.06217479750260252
3,671,0.005471688442568136
3,672,0.007172624644068862
3,673,0.078423280524923
3,674,0.004936649019832189
3,675,0.07818487458225841
3,676,0.17476731656492894
3,677,0.8275190132034062
3,678,0.011277071361644034
3,679,0.11259901799504324
3,680,0.02206908746233094
3,681,0.009704792873452746
3,682,0.38992738648689906
3,683,0.2689048364615713
3,684,0.026671248656799696
3,685,0.061357680031004794
3,686,0.020318913131086067
3,687,0.017360142862615162
3,688,0.006113081956954121
3,689,0.096486422348271
3,690,0.013491085971666154
3,691,1.3483863454777056
3,692,0.0038702868575728076
3,693,0.04302918420869046
3,694,0.012808537799541202
3,695,0.26588436725715203
3,696,0.08307021646688548
3,697,0.18612699501242125
3,698,0.007272606878011143
3,699,0.10101779949542168
3,700,0.012448972302204509
3,701,0.6690817654151594
3,702,0.001915017968058029
3,703,2.1571361493087635
3,704,0.1859646578385432
3,705,0.004923364899272251
3,706,0.10232279418273382
3,707,0.010558384348373901
3,708,0.19200347475240973
3,709,0.03257080602363468
3,710,0.24594569761720728
3,711,0.014513639647094973
3,712,0.005202667421861353
3,713,0.3897459802562115
3,714,0.12210099035458707
3,715,0.04541424729368019
3,716,0.07422877458563587
3,717,0.032110910802886215
3,718,0.017427864347707486
3,719,0.07835109976204349
3,720,0.018017052955170743
3,721,0.03277534334364553
3,722,0.08558051402310912
3,723,0.04749057160862443
3,724,0.01420521953318037
3,725,0.020970319148154223
3,726,0.051703023289989256
3,727,0.03636426266692328
3,728,0.09442854965553006
3,729,0.005920706746688337
3,730,0.04775624954351417
3,731,0.01574500919373118
3,732,0.057752266039681546
3,733,0.10804664235250196
3,734,0.016397296599560435
3,735,0.013262423775407668
3,736,0.018218051237900164
3,737,0.006281664844132778
3,738,0.014836801872067274
3,739,0.013082437860506495
3,740,0.13115850924073183
3,741,0.006349852317692452
3,742,0.006600769493635133
3,743,0.0025922838054836523
3,744,0.006564155502033082
3,745,0.038829302029312576
3,746,1.6743033312629476
3,747,0.09815210188922455
3,748,0.036921402905344854
3,749,0.3113004373573363
3,750,0.009083786238110618
3,751,0.011377764816834801
3,752,0.008111212666149082
3,753,0.026512985440737824
3,754,0.2897563668402185
3,755,0.04812375513710394
3,756,0.19761273127968007
3,757,0.08767888526198771
3,758,0.012781776350689736
3,759,0.10426233760969762
3,760,0.09534192290919874
3,761,0.004444388715131886
3,762,0.007935500013424187
3,763,0.0356772290688506
3,764,0.1593319163482925
3,765,0.016387974810191868
3,766,0.008172904912608388
3,767,0.00930285563180318
3,768,0.07255444057214286
3,769,0.005068100892429616
3,770,0.018506292351642178
3,771,0.03090815304357285
3,772,0.06664937738557919
3,773,0.012623931958332483
3,774,0.06784650444223005
3,775,0.11442620970317643
3,776,0.009305368461991785
3,777,0.03891984475710488
3,778,0.003591890272375764
3,779,0.008607894257707385
3,780,0.00882413989241493
3,781,0.014514224162257375
3,782,0.010890328256963283
3,783,0.08583422359612429
3,784,0.06539479318013221
3,785,0.03937612128163558
3,786,0.05243171087346395
3,787,0.012934067167745991
3,788,1.6040807327170552
3,789,0.0038682330403724584
3,790,0.29392070933981
3,791,0.005285526449952048
3,792,0.009131668953611309
3,793,0.004691368770701955
3,794,0.2993564368923818
3,795,0.029715930510128875
3,796,0.6582003543116032
3,797,0.06838103312617363
3,798,0.07473514532363086
3,799,0.39790910857735384
3,800,0.01107123884477363
3,801,0.10840083278429792
3,802,0.020034748293968677
3,803,0.013063446049423166
3,804,0.014267088502223852
3,805,0.016335125597903434
3,806,0.016388163740368857
3,807,0.09496317689082602
3,808,0.08155896807814911
3,809,0.09579140715089092
3,810,0.2417603022722153
3,811,0.037976340672016065
3,812,0.05732079276981493
3,813,0.04395633321546997
3,814,0.29302473607213114
3,815,0.24004618538370578
3,816,0.006372267764044444
3,817,0.07650532565796941
3,818,0.3148244852713981
3,819,0.002584612882498243
3,820,0.005452178591558135
3,821,0.01994791145601599
3,822,0.03703019293695348
3,823,0.007421170759116422
3,824,0.02549932633848925
3,825,0.2376135375987493
3,826,0.289560042486992
3,827,0.02165014872462446
3,828,0.10182613668761402
3,829,0.006655186622310188
3,830,0.020225917451972577
3,831,0.06712863966373575
3,832,0.024226220197597806
3,833,0.2964780374824083
3,834,0.004776414742946163
3,835,0.00738816648957807
3,836,0.0316200651001866
3,837,0.0036714662109781524
3,838,0.00797507987473241
3,839,0.028575892643068538
3,840,0.01401997809644801
3,841,0.01683299719159875
3,842,0.034312748791641715
3,843,0.026892183217182234
3,844,0.0861072012762837
3,845,0.014717299536208468
3,846,0.11161585666697484
3,847,0.2715835938689901
3,848,0.0037786044301074137
3,849,0.054280208799220735
4,0,0.9339312757127479
4,1,0.7520289619418745
4,2,0.9287674010871436
4,3,0.2791252996723557
4,4,0.7299267531176534
4,5,0.2608367407467118
4,6,0.33297538267382354
4,7,0.3141413982695818
4,8,0.6476068041496326
4,9,0.2502858119874109
4,10,0.5840198529271106
4,11,0.43125670510152686
4,12,0.32856670088189743
4,13,0.3791267310125587
4,14,0.4410230276892761
4,15,0.21260119554173998
4,16,0.21748400954945657
4,17,0.29651136882228024
4,18,0.27605580670255975
4,19,0.5766189443032882
4,20,0.3203901285485777
4,21,0.5132362505954378
4,22,0.420551754797719
4,23,0.41720630950624904
4,24,0.4239788723542424
4,25,0.4972365519333241
4,26,0.39926374221331756
4,27,0.44598929785399605
4,28,0.5342717121397003
4,29,0.23769587677003165
4,30,0.41480477660125725
4,31,0.4398519068928762
4,32,0.49838178881647754
4,33,0.6648940693230186
4,34,0.28532558605529995
4,35,0.17599134545122147
4,36,0.8177138546814989
4,37,0.4800975960197712
4,38,0.4427506565808076
4,39,0.30100138488431616
4,40,0.5263287898412443
4,41,0.4522158571111589
4,42,0.44879575979601827
4,43,0.4332211972324107
4,44,0.34062053599264036
4,45,0.45825682568738063
4,46,0.6536972587965972
4,47,0.49549844540418275
4,48,0.4494902211765151
4,49,0.4658235811671436
4,50,0.5212731448149094
4,51,0.53368264968559
4,52,0.5160600143946722
4,53,0.6851971944495046
4,54,0.5134713256246896
4,55,0.6124229592658428
4,56,0.5740548629658653
4,57,0.6353032483281312
4,58,0.5964800925014393
4,59,0.6234138312615274
4,60,0.4852286433950285
4,61,0.32721391288357576
4,62,0.5200993616140115
4,63,0.379338034164963
4,64,0.5164909605269421
4,65,0.6791859449590101
4,66,0.7767348156670757
4,67,0.5220864765960279
4,68,0.5487336543299742
4,69,0.5856235980918046
4,70,0.8154365906109334
4,71,0.445693653371416
4,72,0.7992998676448758
4,73,0.5594681154670366
4,74,0.5440461840457355
4,75,0.4809113729618983
4,76,0.6554636672537677
4,77,0.4719458245174176
4,78,0.37425121701225805
4,79,0.6489251526430481
4,80,0.46469586551552755
4,81,0.6049191459240255
4,82,0.48022744560171754
4,83,0.8207221330631108
4,84,0.9799221447417018
4,85,1.0071865100114936
4,86,0.6682510630095843
4,87,0.7037879519989422
4,88,0.554449312387907
4,89,0.7796379098847377
4,90,0.7574822138271484
4,91,0.5788428629875307
4,92,0.8256972960629296
4,93,0.4212003642947846
4,94,0.7476399876375799
4,95,0.8978766115908984
4,96,0.5738353291121864
4,97,1.0210094041359614
4,98,0.8340597923353491
4,99,0.5059307803890745
4,100,0.6104292705554345
4,101,0.7617885490133407
4,102,0.773695709655127
4,103,0.5921242242502464
4,104,0.45583924712321355
4,105,0.47641266182293324
4,106,0.6761203016688939
4,107,0.6790602901388375
4,108,0.8640243550677729
4,109,0.5893756064781105
4,110,0.6291332001469403
4,111,1.759580810522218
4,112,1.0986575920374666
4,113,1.537101412253043
4,114,0.2476401063837475
4,115,0.28060709185524907
4,116,1.2306395200740374
4,117,0.3828389068575127
4,118,0.8395635638519695
4,119,0.8760120231766885
4,120,0.6875751887058228
4,121,0.860825446916283
4,122,0.2785336796976923
4,123,1.230925272498148
4,124,1.0949488774913643
4,125,0.632633562774843
4,126,0.4677375797277129
4,127,0.8275890945033493
4,128,0.5969091249800692
4,129,1.1316576453323521
4,130,1.1271354337011692
4,131,0.7819443816442081
4,132,1.6635803135825742
4,133,0.9862419982071327
4,134,0.42959247146335844
4,135,1.2074106020806648
4,136,0.9422157419300361
4,137,0.5702877850991984
4,138,0.2954019134623898
4,139,0.7553623259769102
4,140,0.2374123113633955
4,141,0.7991591678431225
4,142,1.4081723547100988
4,143,1.0136257325022842
4,144,0.23612199881766466
4,145,1.2536242178301402
4,146,0.6734351492673885
4,147,0.7489730044736822
4,148,1.4229204999971536
4,149,0.24837470868682548
4,150,0.6042896330011
4,151,0.5323922225476202
4,152,0.5283385747161833
4,153,0.9540084884774205
4,154,0.589367898386112
4,155,0.3794416656287959
4,156,0.1502551068069925
4,157,0.619889941376237
4,158,0.2814605740424933
4,159,0.3069969429425339
4,160,0.6450377392048465
4,161,0.7374889812779798
4,162,1.2994797504151754
4,163,1.2559014186454034
4,164,0.9818864116998828
4,165,0.6771452626659442
4,166,0.3509636295262695
4,167,0.3875282602437764
4,168,0.14287227818930548
4,169,0.18184331857615968
4,170,0.9908805924811501
4,171,0.27039950509972754
4,172,0.21505999112973911
4,173,0.8713314786239873
4,174,0.2659591229247652
4,175,0.7175203581587015
4,176,0.9569492147091782
4,177,0.9026044468234419
4,178,1.0336186533650722
4,179,0.24565672064126462
4,180,0.3499034826049238
4,181,0.44939275432858933
4,182,1.1294212193191877
4,183,0.9521255315686441
4,184,0.42712300489327637
4,185,0.8735619245058727
4,186,0.40879384300794835
4,187,0.13618530110839905
4,188,0.24581423710177855
4,189,0.18015769291320086
4,190,0.9935488733660576
4,191,0.7196594157502734
4,192,0.3377581841657705
4,193,0.6982347029870433
4,194,0.6197813974316637
4,195,0.6820829700485417
4,196,0.17743147480169968
4,197,0.19606200324280157
4,198,0.5155515860777041
4,199,1.0914024846236643
4,200,1.1406293495302338
4,201,0.33094243411583474
4,202,1.1331398657927885
4,203,0.41599661069533983
4,204,0.2649390689883813
4,205,0.2776250123678784
4,206,0.22660454735326527
4,207,0.09190384332571148
4,208,0.4227400278715894
4,209,0.15837864408322347
4,210,0.49768684636946864
4,211,0.9732525558280416
4,212,0.09001593408252778
4,213,1.8147358772745
4,214,1.0058486014077357
4,215,0.1394859610069163
4,216,0.2607545762949512
4,217,0.07508850466577494
4,218,0.145919762051649
4,219,0.1732029446193735
4,220,0.4408925077405594
4,221,0.27705346908530654
4,222,0.7215512650700573
4,223,0.47003410502725446
4,224,0.10347553746380801
4,225,0.05140730640701957
4,226,1.3938492833687772
4,227,0.3191788499911805
4,228,0.12506511048872165
4,229,0.5276705053691029
4,230,0.20431519657879055
4,231,0.10115927505466044
4,232,0.5553736783112524
4,233,0.41011099070784496
4,234,0.6786499533244725
4,235,1.6541614619267417
4,236,0.1520576450618533
4,237,0.13467217004915358
4,238,0.8577249969646518
4,239,0.4283631777936069
4,240,0.8705941836673164
4,241,0.7105721411636762
4,242,1.6956361904922364
4,243,0.2291293002014064
4,244,0.34723024809197023
4,245,0.23006550834641323
4,246,0.09355176114598947
4,247,0.17080574689921538
4,248,0.04170753085478529
4,249,2.06062123251416
4,250,0.06964786744401065
4,251,0.18895002250216655
4,252,0.1357675783536675
4,253,0.08877919597795689
4,254,0.09374663806337799
4,255,0.0655224156087542
4,256,1.6552940560932679
4,257,0.10767310438436609
4,258,2.889091390799719
4,259,0.07079386702022258
4,260,0.09991177649043573
4,261,0.8707074203439082
4,262,0.06192047750437797
4,263,0.08700884416784052
4,264,0.04453648388188025
4,265,0.3460469923627948
4,266,0.43215250275458433
4,267,0.09258744331961015
4,268,1.8034868608319141
4,269,0.19643673555227167
4,270,0.21710629142998547
4,271,0.13226850322116224
4,272,0.33219397858364547
4,273,0.08806809899153543
4,274,0.3302567220899298
4,275,0.6408170243685484
4,276,0.11378162896397297
4,277,0.14157267242155774
4,278,0.8818567481807251
4,279,0.07188831067493176
4,280,0.06611743976102318
4,281,1.0649215360564421
4,282,0.061383476934583625
4,283,0.09670769523208873
4,284,0.243949009130837
4,285,0.5793647053674275
4,286,1.3407928098193613
4,287,0.4669536465973519
4,288,0.692474260384144
4,289,0.501676845278486
4,290,0.09239071471779586
4,291,0.35687952783416915
4,292,1.7438797973754887
4,293,0.14061961276408902
4,294,0.06114333176825645
4,295,0.07696037074725495
4,296,0.6649216164559594
4,297,0.04954478104230637
4,298,0.050026842603670275
4,299,0.06979605110646404
4,300,0.04231890427165192
4,301,0.0709967447530554
4,302,0.137495210113145
4,303,0.2802858328000441
4,304,0.25946437912256803
4,305,0.06469487027240926
4,306,0.13639626661614881
4,307,0.0637821564115956
4,308,0.09981830227005516
4,309,1.2090383858570575
4,310,0.23347259493798697
4,311,0.05820978672105385
4,312,1.1566823892544582
4,313,0.04902607840384888
4,314,0.04635468645821701
4,315,0.05009303665622661
4,316,0.6382935387190654
4,317,0.6255670601187011
4,318,0.549681751612961
4,319,0.24061503696583872
4,320,0.8457101728981582
4,321,0.11396897570130717
4,322,0.07292236992021495
4,323,0.40495087941271024
4,324,0.16219665786446819
4,325,0.21752635529869918
4,326,1.0337165412739353
4,327,0.025783398326722533
4,328,0.646068762348371
4,329,0.03250787129493934
4,330,0.21510780253011097
4,331,0.12710452387402363
4,332,0.06432341974067562
4,333,0.029783299118623485
4,334,0.5137868986792544
4,335,0.09560413414839541
4,336,1.4602645367393423
4,337,0.04130677488532101
4,338,0.03814630181816706
4,339,0.06853295722683939
4,340,0.09670714706834233
4,341,0.44017410905954285
4,342,0.8681852558538729
4,343,0.0494589928925986
4,344,1.7636666026598877
4,345,0.09939298734352905
4,346,1.095434025107619
4,347,0.017603068799526698
4,348,0.03556851892228617
4,349,0.03461541763821475
4,350,0.1032425003903731
4,351,0.049311828499865165
4,352,0.01155763050076984
4,353,0.2874335583463413
4,354,0.11947723713491626
4,355,0.02843039222965903
4,356,1.8611035821746378
4,357,0.014326397365135298
4,358,0.010917658973473488
4,359,0.10660762878216587
4,360,0.10799698273900979
4,361,0.0645773316515845
4,362,0.05790542161968804
4,363,0.1908286898980607
4,364,0.34015209864513035
4,365,0.15626094468450846
4,366,0.23943795546414193
4,367,0.313977014952777
4,368,0.8340880058515696
4,369,0.022260674115434177
4,370,0.12276786416231987
4,371,0.07028273468954434
4,372,0.14420779184688776
4,373,0.5034165000039735
4,374,0.18714968715637023
4,375,0.03611650695889333
4,376,1.1369414621574148
4,377,0.2837554402823029
4,378,0.04510105429766231
4,379,1.743251023851365
4,380,0.03413770647899363
4,381,0.02584524380448883
4,382,0.018835563693054357
4,383,0.569938095816559
4,384,0.059403874771327615
4,385,0.14053526052157456
4,386,0.036295842276897736
4,387,0.11359622548117408
4,388,0.04332285563682981
4,389,1.678788633340426
4,390,0.08890712719525456
4,391,0.0571777744785543
4,392,2.3714982055374834
4,393,0.40752710779993817
4,394,1.0452405180574178
4,395,0.014608860523233281
4,396,0.022897145093450595
4,397,0.3274014756852531
4,398,0.029191822452324587
4,399,0.024977344736010012
4,400,0.138885850403646
4,401,0.07466940572704196
4,402,0.3640802188570242
4,403,0.16090666278017435
4,404,0.5771804287998491
4,405,0.08648610012016891
4,406,0.510171394238363
4,407,0.15878980800187167
4,408,0.07986548343275517
4,409,0.6295923819328187
4,410,0.014964439749489463
4,411,0.061474928286596425
4,412,0.011091679664719451
4,413,0.016656916715383226
4,414,0.9692044377649377
4,415,2.4597656123589484
4,416,0.0112764901968107
4,417,0.02067705524087252
4,418,0.06296046395395209
4,419,0.06092337518700316
4,420,0.03815017857410896
4,421,0.052098753000663495
4,422,0.054938093987758216
4,423,0.07810348800975983
4,424,0.06710052479485801
4,425,0.03718090783832211
4,426,0.08347339173812297
4,427,0.02307027933784168
4,428,0.2241725015076177
4,429,0.16737882140748103
4,430,0.9201161001579959
4,431,0.06592861515779827
4,432,0.058119783817529476
4,433,0.05537944485444139
4,434,0.015206052823059943
4,435,0.06156970398112935
4,436,0.02127311321152618
4,437,0.13549688538357443
4,438,0.14186329630423794
4,439,0.010129987487071739
4,440,0.03547720590289005
4,441,0.30431294981300333
4,442,0.030687240149349742
4,443,0.05500551927871031
4,444,1.8316441402707884
4,445,0.010266245172822791
4,446,0.09322861804845443
4,447,0.5007204731802386
4,448,0.6318750213620855
4,449,0.04552991704368194
4,450,0.007015858052160354
4,451,0.011882394943258788
4,452,0.02481932111034277
4,453,0.01626646861234231
4,454,0.08007879625839572
4,455,0.02332061856569981
4,456,0.015560008578001206
4,457,0.04188898085250851
4,458,0.025674132538288125
4,459,0.12249783428359354
4,460,0.0269558588194591
4,461,0.09011408468084352
4,462,0.04338052204287281
4,463,0.14161357064933852
4,464,0.02716528921118166
4,465,0.02029869660182382
4,466,0.12547787993577197
4,467,0.010589313946699246
4,468,0.01284847829036658
4,469,0.030177809634879132
4,470,0.02673555887314245
4,471,0.010333242863906297
4,472,0.008000245456270113
4,473,0.3757395201675517
4,474,0.05517832957430755
4,475,0.01678146500016479
4,476,0.0113588331305582
4,477,0.0038572256595588174
4,478,0.027308800899946035
4,479,0.006868434602757456
4,480,0.3105616649750843
4,481,0.03226446756104445
4,482,0.0038168094614278777
4,483,0.1268784043856174
4,484,0.21290740255469984
4,485,0.1369605889902901
4,486,0.509784320685944
4,487,0.005996855060667267
4,488,0.014521792178071685
4,489,0.02563375417255654
4,490,0.07409646787737068
4,491,0.3376776398036031
4,492,0.08005887688472688
4,493,0.0514626027959931
4,494,0.004438969263083289
4,495,0.08417491943755466
4,496,0.0684015389226158
4,497,0.00905405252346383
4,498,0.02474234006814512
4,499,0.01899757419169428
4,500,0.06901661853360505
4,501,1.0792848804898112
4,502,0.003892888492455334
4,503,0.0159299570945334
4,504,0.06329431973363098
4,505,0.05250746692073091
4,506,0.01729295606936179
4,507,0.03214450531764793
4,508,0.08148930364694763
4,509,0.21082423181818796
4,510,0.02810365230359008
4,511,0.017913692591807227
4,512,0.2182090885385506
4,513,0.11613675929000786
4,514,0.006224795270143521
4,515,0.015607604597706983
4,516,0.24187685953792834
4,517,0.23855330166778535
4,518,0.006720929575177363
4,519,0.013447833755019673
4,520,0.08058024446031642
4,521,0.011820619739845554
4,522,0.03837019437616344
4,523,0.03562901298369789
4,524,0.007822244444792905
4,525,0.0503784086357495
4,526,0.32077779018599356
4,527,0.011368127933544159
4,528,0.007003632172052924
4,529,0.1496335974019109
4,530,1.0188588784790589
4,531,0.00804653639615915
4,532,0.022817812443231736
4,533,0.014403351381535048
4,534,0.02549582915657967
4,535,0.012682042575159794
4,536,0.005497891878102321
4,537,0.006935475088386392
4,538,0.015076718088244435
4,539,0.008119054530273997
4,540,0.4461774534724255
4,541,0.026949587837372512
4,542,0.014373876039785927
4,543,0.014401749594865568
4,544,0.06406558158109073
4,545,0.019699816220091072
4,546,0.021780266485416203
4,547,0.008087313291584991
4,548,0.011114149741710388
4,549,0.008793581679994614
4,550,0.09928339691699206
4,551,0.003792487968786563
4,552,0.01576593014650883
4,553,0.013584644439552604
4,554,0.06731473014961455
4,555,0.15353618647956452
4,556,0.015548063607610074
4,557,0.03269394927307303
4,558,0.3013365678724154
4,559,0.15834808502456924
4,560,0.0181293249590255
4,561,0.006712085883734269
4,562,0.015040366929653257
4,563,0.011292540510924444
4,564,0.006404023753146819
4,565,0.038233440803503486
4,566,0.01641817629120933
4,567,0.08872857001683146
4,568,0.007392260958328851
4,569,0.010644454372817835
4,570,0.2318890494220247
4,571,0.4236456248918462
4,572,0.14456285142606887
4,573,0.0891725738349041
4,574,0.004472852794814888
4,575,0.006802656423255919
4,576,0.2882760338153131
4,577,0.13237186033490508
4,578,0.0062377311065661654
4,579,0.010594911369229344
4,580,0.00717570836190451
4,581,0.015584604990777236
4,582,0.01336189454409
4,583,0.013082939692861052
4,584,0.5362977949043763
4,585,0.00821801388885637
4,586,0.012649624891754061
4,587,0.26398196309168176
4,588,0.27272925547901194
4,589,0.013402233880424677
4,590,0.01907788084966177
4,591,0.025653142992608832
4,592,0.004719183658163629
4,593,0.026848231538347134
4,594,0.03182845765493137
4,595,0.009038574226471821
4,596,0.007238913628044084
4,597,0.008326019205740772
4,598,0.016325070512240275
4,599,0.008466619347596703
4,600,0.02400141024333333
4,601,0.008860707509787572
4,602,0.006373618701672577
4,603,0.014897885167528211
4,604,0.00883836801694628
4,605,0.004848540355031162
4,606,0.011108951169311586
4,607,0.007032810155343479
4,608,0.09352565071600358
4,609,0.014570632218273663
4,610,0.014316899456213152
4,611,0.021884041209419166
4,612,0.4264143938259313
4,613,0.010809738007778904
4,614,0.04241970112745318
4,615,0.01681162833739663
4,616,0.00487895635046526
4,617,0.22147994363732568
4,618,0.002396349421510072
4,619,0.01310897269777919
4,620,0.005410825790322701
4,621,0.012186081137654507
4,622,0.013420780231154408
4,623,0.006389914716459983
4,624,0.2662275814728225
4,625,0.08551382777671049
4,626,0.1871150275777912
4,627,0.007054442319206804
4,628,0.1883006920100224
4,629,0.07920626237424738
4,630,0.01567163852212761
4,631,0.00427301263964462
4,632,0.005620029625574028
4,633,0.022291744363204507
4,634,0.0038640397713600567
4,635,0.005051260217933617
4,636,0.006541506686228309
4,637,0.11744518436876315
4,638,0.31382605753243425
4,639,0.024479777711744925
4,640,0.00636620216873978
4,641,0.009942308361334997
4,642,0.004111314159973676
4,643,0.00823082040342091
4,644,0.0036169630896805438
4,645,0.021967262031354903
4,646,0.01989257783012671
4,647,0.007107082769730234
4,648,0.0050792571561563
4,649,0.6439064749702067
4,650,0.006588834705186422
4,651,0.005779177998356567
4,652,0.004251316343466588
4,653,0.24073956831196194
4,654,0.006345043908730517
4,655,0.010923553370792705
4,656,0.0053712796149684395
4,657,0.0065181446360645
4,658,0.688860649549153
4,659,0.0024408375962651782
4,660,0.0039900565986070065
4,661,0.006167700414094569
4,662,0.10636706083235382
4,663,0.013817836726843672
4,664,0.008793139062543363
4,665,0.0051893144786021314
4,666,0.007750764621029074
4,667,0.07280617477357149
4,668,0.16047188278584823
4,669,0.009326501143674202
4,670,0.6861700306126595
4,671,0.00294443847507562
4,672,0.005701898258756639
4,673,0.0034093994594530013
4,674,0.005728975747610397
4,675,0.03463172858208037
4,676,0.00643149745506065
4,677,0.12473369782371482
4,678,0.45070702442684685
4,679,0.23753162018239968
4,680,0.022465764411912496
4,681,0.016820048448317276
4,682,0.00774503098097379
4,683,0.004724830742726509
4,684,0.015606008448630275
4,685,0.02256355127355698
4,686,0.02017418731702165
4,687,0.0024893028119195686
4,688,0.015207841584905494
4,689,0.00555072159867455
4,690,0.016240978501466538
4,691,0.031113422928521154
4,692,0.003616636611093185
4,693,0.30173420551276836
4,694,0.0054123581527472445
4,695,0.006946407800980951
4,696,0.4081298805221144
4,697,0.009543721335425191
4,698,0.18949785922435222
4,699,0.09026673082004026
4,700,0.002257371052052106
4,701,0.008111806210606696
4,702,0.008797883217970493
4,703,0.005942082725426764
4,704,0.11957141493105868
4,705,0.0027375653541009477
4,706,0.0039556317506800635
4,707,0.002222522860956691
4,708,0.004791767518726846
4,709,0.0035283892964649262
4,710,0.18062635619856734
4,711,0.002643217764870486
4,712,0.007122633805970372
4,713,0.016069423788790525
4,714,0.002959799298370142
4,715,0.1988944949763017
4,716,0.00808289590655984
4,717,0.006359208749576894
4,718,0.016190825365012422
4,719,0.004991903645418824
4,720,0.007826471564206558
4,721,0.03573056737778344
4,722,0.03534644395107865
4,723,0.00507485661641861
4,724,0.03762534980022509
4,725,0.009074065639471432
4,726,0.14512785940288836
4,727,0.004548609406539287
4,728,0.02462561467023178
4,729,0.006262125771138427
4,730,0.009172211749210799
4,731,0.0042442209079347586
4,732,0.002869910664531972
4,733,0.16574602574577657
4,734,0.012979442817807623
4,735,0.008010423738840096
4,736,0.063057769439584
4,737,0.008135000790933149
4,738,0.18907811987934076
4,739,0.03165319695444631
4,740,0.004168980451809592
4,741,0.0058960017138092735
4,742,0.013664791724924413
4,743,0.0025870812019683836
4,744,0.003537947080140983
4,745,0.0013974987209062137
4,746,0.0024615551638174026
4,747,0.2908246631725253
4,748,0.0068878530564441195
4,749,0.002158235336686549
4,750,0.00719312056422147
4,751,0.013812242423549873
4,752,0.0025487580719877243
4,753,0.005118083635586235
4,754,0.01086129501107378
4,755,0.008373609930880689
4,756,0.0019418072721063115
4,757,0.0021511347647463195
4,758,0.10657303367529258
4,759,0.008888315543072782
4,760,0.0016525662484085867
4,761,0.009109647532049372
4,762,0.015301094495323037
4,763,0.003405687516607416
4,764,0.05343890583406803
4,765,0.0037137757387467486
4,766,0.4245216858697723
4,767,0.003831818312549474
4,768,0.008462749806951084
4,769,0.1361393979782807
4,770,0.2620772908280723
4,771,0.0042465809949590655
4,772,0.19836920146157397
4,773,0.005762745302049256
4,774,0.004038301953255596
4,775,0.020998272375498065
4,776,0.00788053673203674
4,777,0.038877427946098025
4,778,0.005043623948625559
4,779,0.0021789446006713715
4,780,0.0038027828569403444
4,781,0.004888278083206518
4,782,0.055347026791476676
4,783,0.008176581963245905
4,784,0.012084283448792695
4,785,0.0032736172483648447
4,786,0.035757620059632796
4,787,0.07120622031258003
4,788,0.005871230789767946
4,789,0.007108123229641229
4,790,0.014310016023795277
4,791,0.008793428009498528
4,792,0.004704489643846386
4,793,0.005141616460342837
4,794,0.17969957886216328
4,795,0.002743033252360854
4,796,0.007206139229441749
4,797,0.0023750104001678137
4,798,0.003452055758711098
4,799,0.006511946396717613
4,800,0.003095770774728855
4,801,0.0023370959207269807
4,802,0.030840441086518428
4,803,0.08205452155540582
4,804,0.0019200906968178397
4,805,0.004770867979740707
4,806,0.26129310059732286
4,807,0.0030822051072469355
4,808,0.11368575225271574
4,809,0.021488525401470577
4,810,0.0019197712391872135
4,811,0.005089449546467618
4,812,0.00420850924857197
4,813,0.0048763549093832495
4,814,0.007482868216917226
4,815,0.004736038062334718
4,816,0.0039336487303086995
4,817,0.0027661103252898584
4,818,0.005034463553441317
4,819,0.004438984453215009
4,820,0.0024267625226183603
4,821,0.005279490984039022
4,822,0.007157698623472457
4,823,0.005159684936725177
4,824,0.008175598268728728
4,825,0.0035112401406732306
4,826,0.001650823364398456
4,827,0.09363468785386173
4,828,0.0029694591908414605
4,829,0.37413290847992353
4,830,0.005430177236190549
4,831,0.004387801509299123
4,832,0.002562607248692531
4,833,0.0030745523437401483
4,834,0.01156763061179695
4,835,0.0021075257982388173
4,836,0.023226076058964196
4,837,0.006514088916823925
4,838,0.01347631945822855
4,839,0.0033016278140087065
4,840,0.00742068501839342
4,841,0.007031213406295151
4,842,0.006418295730943443
4,843,0.16795688303832057
4,844,0.010687098386968425
4,845,0.011847561100466532
4,846,0.20055207066391367
4,847,0.0030916382767426187
4,848,0.0069890405763293265
4,849,0.029580217336332027
