fold,epoch,grad_norm
0,0,0.24441482957220706
0,1,0.600542030885011
0,2,0.8190325341943767
0,3,0.2588730332539364
0,4,0.6139236137011221
0,5,0.8356041438021004
0,6,0.4682024129677136
0,7,0.7446961990767587
0,8,0.6959818366719674
0,9,0.993673104421617
0,10,0.3324765045942916
0,11,0.5833747817983002
0,12,0.20981657990481367
0,13,0.23736265376832533
0,14,0.1717359500932517
0,15,0.2613162113136594
0,16,0.2867009892846069
0,17,0.48895046841356493
0,18,0.4881995965864044
0,19,0.4931506814545209
0,20,0.6251870065711501
0,21,0.6666981718842574
0,22,0.328390887022521
0,23,0.37186112947038524
0,24,0.6428894985685973
0,25,0.4655196272271731
0,26,0.6284984405612418
0,27,0.49775883573402846
0,28,0.48894261951610674
0,29,0.5404619535850457
0,30,0.39435118428891625
0,31,0.6753308319435862
0,32,0.4840834892239683
0,33,0.4287937719884495
0,34,0.53998657738799
0,35,0.43771226813707964
0,36,0.3290149506395211
0,37,0.4329601491123631
0,38,0.5070416614721444
0,39,0.5628828276483947
0,40,0.6359232914762901
0,41,0.40987052279883707
0,42,0.7821319414628238
0,43,0.4361160422740009
0,44,0.43572715142062696
0,45,2.0738576373838127
0,46,0.48392691434735813
0,47,0.7563978020404162
0,48,0.6712835261419471
0,49,0.5713357990207648
0,50,0.5467231678281141
0,51,0.6673130155694408
0,52,0.4582525606315222
0,53,0.6935444145635088
0,54,0.44898739582847214
0,55,0.7416304540839369
0,56,0.36486947812448045
0,57,0.7083126923240571
0,58,0.7191435874919216
0,59,0.7271156742727726
0,60,0.7362254141559804
0,61,0.48069946566621113
0,62,0.3249217496564567
0,63,0.692350811591295
0,64,0.7330012270332722
0,65,0.7928710703727821
0,66,0.775080243437524
0,67,1.4161673908470802
0,68,0.9216684752868675
0,69,0.6420466931004497
0,70,0.5212693550962414
0,71,1.3847748704382359
0,72,0.6984533038069971
0,73,0.5987436541593005
0,74,0.6850491837431367
0,75,1.1262425355095498
0,76,1.0056243066378059
0,77,0.6499430214080014
0,78,0.8754476200253087
0,79,0.36949642340953215
0,80,0.6629368953142124
0,81,0.7958395802197561
0,82,0.6979021870023899
0,83,0.7685817688965875
0,84,0.6359727856018546
0,85,0.48592229567384043
0,86,0.39803991894815666
0,87,0.5129625292700274
0,88,0.45728091731490433
0,89,0.4283709376078457
0,90,0.5670829937405806
0,91,0.5887498198856428
0,92,1.0248600172567208
0,93,1.0590288546264826
0,94,0.7757854702176064
0,95,0.2369806782629031
0,96,1.3330950827695518
0,97,0.7800949071990652
0,98,0.40750865511031903
0,99,0.3682088036828973
0,100,0.46721153729009157
0,101,0.5995439196763571
0,102,0.7022149724677101
0,103,0.9719864013748517
0,104,0.4454959307383376
0,105,0.5172313469178674
0,106,0.675902450870717
0,107,0.34738674816314535
0,108,0.23495877605064192
0,109,0.611411668825265
0,110,0.6448196487829286
0,111,1.5942660946842448
0,112,0.8261107950334544
0,113,0.9654977870219812
0,114,0.5802124832656472
0,115,0.3216146151279467
0,116,0.4753862629368344
0,117,1.3378187208454562
0,118,0.9557208556620505
0,119,0.42523884563991715
0,120,0.7754492263943334
0,121,0.8804505243005638
0,122,0.7577968765295623
0,123,0.3177870033725575
0,124,0.7892590990027908
0,125,1.0398841584855083
0,126,0.2697997170550557
0,127,0.21755558428729838
0,128,0.3301511547681042
0,129,1.1939835942906003
0,130,0.6558776519377784
0,131,1.335751309430119
0,132,0.6940951889088665
0,133,0.6663298405685447
0,134,0.5933886652733029
0,135,0.8156295053792013
0,136,0.528654567401133
0,137,1.1096617611354131
0,138,0.8122082674304825
0,139,0.5677802319287443
0,140,0.9132805049577782
0,141,0.6613379253651473
0,142,1.0691927862055983
0,143,0.7103269178605682
0,144,1.279604398877329
0,145,0.9496638532613481
0,146,0.49877810942814793
0,147,0.2152536064103104
0,148,1.5252436561292975
0,149,0.5431269104000646
0,150,0.1586625188547466
0,151,0.3432069491984938
0,152,0.2784925634959539
0,153,0.4708382040394401
0,154,0.2586312593835358
0,155,0.9344324293214058
0,156,0.18343054463445407
0,157,0.1542542796139471
0,158,0.8141075843926409
0,159,1.0299722621987142
0,160,0.2592268115980905
0,161,0.6970524590614513
0,162,1.08064620042644
0,163,0.8563738907033288
0,164,1.168879922664662
0,165,0.43271962436786193
0,166,0.6561521764213791
0,167,0.3446154473509875
0,168,1.0470879951895737
0,169,1.320637644869774
0,170,1.0017766799654695
0,171,1.3809992460907272
0,172,0.5600758136901349
0,173,1.1765094487004788
0,174,0.3834449097404544
0,175,0.6392591455924178
0,176,0.2977423223230259
0,177,0.4312816510027972
0,178,1.4458868428957135
0,179,0.563070156963521
0,180,0.6335287632679139
0,181,0.9570016920523129
0,182,0.7077314470038829
0,183,1.6432351188970054
0,184,1.2255746359983266
0,185,2.1173116634009412
0,186,1.3156787376544448
0,187,1.817901434752009
0,188,0.14925933555591295
0,189,1.009044844695771
0,190,0.19411848755675407
0,191,0.5277861012924854
0,192,0.16306437491084722
0,193,0.23191690486535288
0,194,0.12535025430461968
0,195,0.12899425374642196
0,196,0.26385309124152384
0,197,0.9598285891249434
0,198,0.42743520943366176
0,199,1.196958480503035
0,200,1.429954521034062
0,201,0.27054617551213905
0,202,0.936297964353772
0,203,0.46848655460398075
0,204,1.4309394737555798
0,205,0.06208538538693247
0,206,0.10381161356397184
0,207,0.06556526732941557
0,208,0.6250621750577992
0,209,0.15649590781748765
0,210,0.3597323710339036
0,211,0.7950862613860886
0,212,0.20304350397395424
0,213,0.43230257186936716
0,214,0.41712963904714073
0,215,1.191223600640975
0,216,0.5760767226782724
0,217,0.8178298272088349
0,218,1.722479222129495
0,219,1.0900339590061265
0,220,0.29505068183898303
0,221,1.1401089878886639
0,222,0.11420509038157121
0,223,2.2898884831709614
0,224,0.11948177232743896
0,225,0.10124568589507349
0,226,0.17944154323869324
0,227,1.1669726738542332
0,228,1.4362720921904482
0,229,0.1668643560091867
0,230,0.5994012392048257
0,231,0.9851549174804286
0,232,0.4791981327066897
0,233,0.0740411641952381
0,234,0.204480999174342
0,235,0.3941596045905383
0,236,0.19901106219636344
0,237,1.4224048627741575
0,238,0.41601183084829624
0,239,2.509268289535566
0,240,0.0921947730873636
0,241,0.6064032593645101
0,242,0.04271518116626468
0,243,1.028517652248955
0,244,0.2066972248195419
0,245,0.10161367237620918
0,246,0.22072256854903582
0,247,1.761934193101281
0,248,0.04211025754123781
0,249,0.1162861263046483
0,250,0.5131472211349013
0,251,0.04182705418359049
0,252,0.20950911254494753
0,253,0.08292343087164103
0,254,2.2242241475827327
0,255,0.3095201645744033
0,256,0.3595414864498477
0,257,0.05884875621401135
0,258,0.3865498522066856
0,259,0.05472626955860783
0,260,0.29345717145682504
0,261,0.8134382317975918
0,262,0.03305943333764883
0,263,0.1170885540860526
0,264,0.09735290289895399
0,265,0.12713861960924655
0,266,0.08552350804781035
0,267,0.1274564872944023
0,268,0.06683658709224059
0,269,0.7029765329557622
0,270,0.1518237956632574
0,271,0.1553033683509629
0,272,0.09398486366310657
0,273,0.05391398364727969
0,274,0.05665188114341511
0,275,1.5816497809725651
0,276,0.020444604340192542
0,277,0.07213858267793194
0,278,0.055936851837591006
0,279,0.0879299943182305
0,280,1.6329863170322814
0,281,0.4158196276172724
0,282,0.6653374996643899
0,283,0.04172671379715573
0,284,0.2657243253636044
0,285,0.46878068326658195
0,286,0.05003584176597873
0,287,0.20358265575620868
0,288,3.0432127145907937
0,289,0.14870248812660306
0,290,0.3881191401379593
0,291,0.03329864101952412
0,292,1.39528672762231
0,293,0.09332684683192485
0,294,1.1416055146039465
0,295,0.03167393810790316
0,296,1.8166479265706108
0,297,0.12363864933338281
0,298,0.08272537015610362
0,299,2.2584640878516042
0,300,0.17825214631052066
0,301,0.0813025397514739
0,302,0.03512263292483669
0,303,0.028209074803533195
0,304,0.9669915623133785
0,305,0.0516544924035083
0,306,0.058925065239645115
0,307,0.039833439363649484
0,308,0.06004609575037293
0,309,0.04044401962590823
0,310,0.028210001950797363
0,311,0.48889467584379853
0,312,0.0975542170787319
0,313,0.19354454352190795
0,314,0.07365982841121427
0,315,0.2795501342325916
0,316,0.08824454496981034
0,317,0.06327313290071732
0,318,0.05674738211562845
0,319,0.03318597883190763
0,320,0.17648467031745196
0,321,0.149849010505048
0,322,0.13933543632414735
0,323,0.025614136595117167
0,324,0.058460554345756324
0,325,0.08144483911749982
0,326,0.019327943688058406
0,327,0.1483448486343797
0,328,0.08051370965497986
0,329,0.07751313399271836
0,330,0.02575496811265232
0,331,0.0805366387980864
0,332,0.02121365382484844
0,333,0.04470216314470593
0,334,1.470052741703831
0,335,1.0702961709102377
0,336,0.02891042979470955
0,337,0.15737974138551697
0,338,0.1896593860357784
0,339,0.014995611865649471
0,340,2.5175745156835623
0,341,0.01982937958808365
0,342,1.0094824341002742
0,343,0.05523248306783644
0,344,1.9673280537111724
0,345,0.022255475607698246
0,346,0.03723782362278227
0,347,0.3254412282231929
0,348,1.6843176987047468
0,349,0.4192553456145332
0,350,1.4560965108732016
0,351,0.022939468170201874
0,352,0.034277972561159976
0,353,0.029603235200541887
0,354,2.1647609943817576
0,355,0.01779115317379016
0,356,0.03815164050969394
0,357,0.034713825904894254
0,358,0.012884086085667188
0,359,0.051929878624494816
0,360,0.09796524903625038
0,361,0.03233643303188508
0,362,0.060771394433047285
0,363,0.08090891414981388
0,364,0.14580474351520342
0,365,0.028229749766188278
0,366,0.05352492790166057
0,367,0.8882166874524826
0,368,0.022395602337973455
0,369,0.10004132100786357
0,370,0.020288143837024694
0,371,0.05379972597552135
0,372,0.013061879762862888
0,373,1.0865145960278102
0,374,0.09018884122143027
0,375,0.062249892289434866
0,376,0.13925890487077283
0,377,0.3814185796911792
0,378,0.8485396475813151
0,379,0.042056674922807555
0,380,0.022463469464254565
0,381,0.10072899923221568
0,382,0.0335204032204125
0,383,0.03341060540163556
0,384,0.18718830344875015
0,385,0.03458991306080446
0,386,0.0398882634639534
0,387,0.08657134850442268
0,388,0.13889759879212876
0,389,0.06409600346705589
0,390,0.10490374649588247
0,391,0.58220005907869
0,392,0.016258083153767835
0,393,0.8433784186124162
0,394,0.02188418932007621
0,395,0.02908334138143496
0,396,1.7512242585797038
0,397,0.13626775980009248
0,398,0.16758514977475064
0,399,1.0967700928455237
0,400,0.04669559947204265
0,401,0.027080777945345642
0,402,0.015045281522544293
0,403,0.02914088115522886
0,404,0.02994099785394971
0,405,0.023859153734523134
0,406,0.034584685385174195
0,407,0.051981466634127164
0,408,0.3396923311857743
0,409,0.05257054717788308
0,410,0.06155408001668836
0,411,0.011876601443315551
0,412,0.31992586893995806
0,413,1.6336912854967727
0,414,0.005771776871588457
0,415,0.0178521240518074
0,416,0.022116294411399142
0,417,0.037558308903303826
0,418,0.006637431018372256
0,419,0.3419069654365805
0,420,0.4123977512292499
0,421,0.027650835428608956
0,422,0.012215515246329396
0,423,0.2606717612092922
0,424,0.029802871444955765
0,425,0.02439284102697083
0,426,1.6310328378065864
0,427,0.03297713400881449
0,428,0.006781475117564761
0,429,0.040865563566704684
0,430,1.6361601068160583
0,431,0.03947881007606738
0,432,0.011463348496524585
0,433,0.020065405293311776
0,434,0.020148848157302
0,435,0.04137511070790112
0,436,0.01929063752742517
0,437,0.06399256353138559
0,438,0.028549579076126888
0,439,0.14992407189851856
0,440,0.03484720411504325
0,441,0.03209839048244098
0,442,0.016359296878429495
0,443,0.13008604970283838
0,444,0.0240504531251882
0,445,0.00954968371824056
0,446,0.05668768026104407
0,447,0.03679582753803222
0,448,0.33012533561447416
0,449,0.028040009599111113
0,450,0.015071758311105965
0,451,0.05187157741545382
0,452,0.10438714861552388
0,453,0.2867416619599627
0,454,0.022733738509053643
0,455,0.0717444068663004
0,456,0.07804267932763251
0,457,0.007095366159397401
0,458,0.1085756733295199
0,459,1.1166561507279917
0,460,0.054735289768897404
0,461,0.10883355322986442
0,462,0.00895008239721526
0,463,0.0128973075394903
0,464,0.013132385959825134
0,465,0.03796371388678278
0,466,0.11150199508077785
0,467,0.008457770381293288
0,468,0.02441813388303361
0,469,0.03086672561701052
0,470,0.07286348773087943
0,471,0.0136932669978935
0,472,0.050490970997546326
0,473,0.014487934195080739
0,474,0.4298258088329971
0,475,0.004885699111195395
0,476,0.01632383565022614
0,477,0.01697686518630134
0,478,0.006502420369595718
0,479,0.003987982454284659
0,480,0.01324189539735855
0,481,0.005551938733167536
0,482,0.009441437849337502
0,483,2.655670001062088
0,484,0.016848369436327018
0,485,0.07772127257170239
0,486,0.009267225569680132
0,487,0.022246436186519725
0,488,0.03598452372784512
0,489,0.00572657383454843
0,490,0.028019379195603815
0,491,0.01445377028380268
0,492,0.03256678807415885
0,493,0.07886854955719025
0,494,1.7006500993760083
0,495,0.006540977819027389
0,496,0.0666564629414136
0,497,0.018675698154194356
0,498,0.02606599537465508
0,499,0.013394080875008511
0,500,0.021895264382881162
0,501,0.016538936413615656
0,502,0.028024923685221304
0,503,0.012122468666654644
0,504,0.019481398691600524
0,505,0.007391215721078446
0,506,0.020863970678600106
0,507,0.04185673306257026
0,508,0.014284443892048594
0,509,0.00863941183606951
0,510,0.01191548212973233
0,511,0.05481300831324955
0,512,0.013799239932089636
0,513,0.012422803150971886
0,514,0.01882190135785577
0,515,0.023570337876713345
0,516,0.03390591178873623
0,517,0.02152960329102385
0,518,0.012255788456861046
0,519,0.01795676493910092
0,520,0.03313395707929137
0,521,0.01285203597829223
0,522,0.04003925067714037
0,523,0.007058905529721174
0,524,1.1171885049145593
0,525,0.028064370156348543
0,526,0.0774215394596088
0,527,0.016185199642362078
0,528,0.007676240953599529
0,529,0.01610758786111527
0,530,0.03942697330365085
0,531,0.032347030167071314
0,532,0.016642234001616782
0,533,0.007397131876563627
0,534,0.0453997656578532
0,535,0.006347127691281195
0,536,0.011430208093097598
0,537,0.03551012822429837
0,538,0.01004182889141471
0,539,0.021962833590894702
0,540,0.0042020004579312415
0,541,0.01097798307135692
0,542,0.003297835079099333
0,543,0.019084275240510283
0,544,0.36894666422658406
0,545,0.012807577860890002
0,546,0.255634154970384
0,547,0.004711704388254847
0,548,0.003290300077781539
0,549,0.0031096062383947653
0,550,0.011816754823607868
0,551,0.009593689947479762
0,552,0.029050421514669144
0,553,0.014527369179918282
0,554,0.007780911923680715
0,555,0.003107924768139767
0,556,0.005455961238122765
0,557,0.00275751007980187
0,558,0.0025565724289812663
0,559,0.003860702848202663
0,560,0.015110664395526944
0,561,0.004641488320971575
0,562,0.011849956299086332
0,563,0.03317098224499959
0,564,0.0065864133021662444
0,565,0.007879097726193064
0,566,0.015306717629799781
0,567,0.007423307138396002
0,568,0.10083918510017154
0,569,0.0622967470537222
0,570,0.0038903808638128083
0,571,0.00723951441466564
0,572,0.00425470267040343
0,573,0.0142158271192755
0,574,0.003009061152513306
0,575,0.024437340804466003
0,576,0.008728557646218323
0,577,0.019146568164528383
0,578,0.008924773617038926
0,579,0.04926831306177519
0,580,0.016572346722928698
0,581,0.09643239046038414
0,582,0.012385522830382892
0,583,0.0051684057172336414
0,584,0.00735756845641872
0,585,0.04289340680964117
0,586,0.007482106808798206
0,587,0.008748431666415089
0,588,0.006458841299162587
0,589,0.006447499208016625
0,590,0.004932391890891554
0,591,0.020659045626555884
0,592,0.004004931550554761
0,593,0.0019572000749410938
0,594,0.0030015260864838396
0,595,0.009732454714991434
0,596,0.012426696219586147
0,597,0.003245936919807726
0,598,0.005480877214800932
0,599,1.5788353046352417
0,600,0.0045340317960310735
0,601,0.003524045984047025
0,602,0.006366860506246696
0,603,0.017023534173204898
0,604,0.004921386524737981
0,605,0.004961052343090135
0,606,0.006355333262546749
0,607,0.0035333030954931626
0,608,0.006997538233256628
0,609,0.009511017327408887
0,610,0.004017807102374689
0,611,0.00979652058288287
0,612,0.01487738211376326
0,613,0.013132151072965708
0,614,0.006342476436001348
0,615,0.00681738931894282
0,616,0.012716744795660751
0,617,0.003350306994047505
0,618,0.003546536141094263
0,619,0.00589565562815963
0,620,0.34430097940012716
0,621,0.019213184858477218
0,622,0.014288196075652834
0,623,0.02148270033183619
0,624,0.00480742848792985
0,625,0.006629599013451175
0,626,0.01349281663661055
0,627,0.016444736048554464
0,628,0.02213348447683286
0,629,0.031216414831724333
0,630,0.0028831317428105975
0,631,0.003815256268896615
0,632,0.003173366433967936
0,633,0.012097296488502614
0,634,0.016523884185457513
0,635,0.002189440190287777
0,636,0.015271526893331196
0,637,0.009535839653114556
0,638,0.0049098583580176654
0,639,0.002421797950871067
0,640,0.006785666313058426
0,641,0.00809393475300761
0,642,0.0016206622074474845
0,643,0.005595048153301976
0,644,0.014281645458712007
0,645,0.0027916825409660274
0,646,0.002936924670610496
0,647,0.002993262971246438
0,648,0.001620222855265525
0,649,0.015737113400155798
0,650,0.008152723084373686
0,651,0.006454104216185499
0,652,0.01604855391013665
0,653,0.0030967833514736203
0,654,0.0020077094456906665
0,655,0.009132936066337461
0,656,0.005024639528962667
0,657,0.00908315427132761
0,658,0.026888415591959005
0,659,0.003721929694639362
0,660,0.009771328239268004
0,661,0.004938186282224018
0,662,0.004235372429346446
0,663,0.005045229997700359
0,664,0.003786460169252087
0,665,0.0032208106679470615
0,666,0.003969488214325101
0,667,0.0018487353831735597
0,668,0.00928637660253802
0,669,0.005932829481309403
0,670,0.0015086992866488395
0,671,0.0018080688192301617
0,672,0.005417638762433792
0,673,0.003265900748194126
0,674,0.007549488300476037
0,675,0.0036946884651990223
0,676,0.0022803543104352193
0,677,0.008698139254526612
0,678,0.007613143455662028
0,679,0.006400131953482725
0,680,0.004674375500201425
0,681,0.006541945517263918
0,682,0.014538337203494674
0,683,0.003157418591399275
0,684,0.007335033915058229
0,685,0.002130545998451526
0,686,0.004539575037503586
0,687,0.008102559112339305
0,688,0.013574006439012376
0,689,0.007881037441525154
0,690,0.004119563433983952
0,691,0.01819990072853398
0,692,0.0020832666755691456
0,693,0.0029030153314830937
0,694,0.007157338307570345
0,695,0.005698602565731786
0,696,0.004588590912236296
0,697,0.004296760470230391
0,698,0.012414227737579638
0,699,0.0032202666785149285
0,700,0.013242692883607594
0,701,0.03229203631786482
0,702,0.004530470643597322
0,703,0.003941510965870857
0,704,0.014395189968514641
0,705,0.009088249729652586
0,706,0.004740924135154154
0,707,0.004182719799202303
0,708,0.0037528273724573686
0,709,0.0035439054621583736
0,710,0.00226520820952297
0,711,0.0024399120494743107
0,712,0.0057285891769626686
0,713,0.0014437905426235658
0,714,0.005474793587126063
0,715,0.0024182758380928535
0,716,0.0014228573251855638
0,717,0.005839982574051658
0,718,0.0020932067631605797
0,719,0.007863301957690152
0,720,0.0016850770879797694
0,721,0.008413880454081778
0,722,0.00917062816012427
0,723,0.008519006794868687
0,724,0.0030276964119763956
0,725,0.0026866455413298994
0,726,0.003138987016251432
0,727,0.005932888738362696
0,728,0.008815974986865479
0,729,0.002296332868098764
0,730,0.003169467681748121
0,731,0.026489821310776446
0,732,0.002431519471579272
0,733,0.009587324732097044
0,734,0.0018332784637233807
0,735,0.0016388784823479982
0,736,0.006907896425415921
0,737,0.009996652064581158
0,738,0.002418367339504228
0,739,0.0032873331489604684
0,740,0.006387240588226321
0,741,0.003382406410784491
0,742,0.0019366696553643268
0,743,0.0016023262178687387
0,744,0.0013556437894624743
0,745,0.005895211867692463
0,746,0.008724494498033614
0,747,0.004373774665917449
0,748,0.005608430615696301
0,749,0.005654939726981216
0,750,0.0037244799508586225
0,751,0.005482679911165514
0,752,0.015468614248329684
0,753,0.0026168374842487686
0,754,0.018305998681702046
0,755,0.004951323125915311
0,756,0.0028680401351807473
0,757,0.004475016097229974
0,758,0.0018093602275019635
0,759,0.006214138668362997
0,760,0.0026746198264814055
0,761,0.004189916407293751
0,762,0.0015210922325319559
0,763,0.0019930499355627126
0,764,0.006954409292484655
0,765,0.0016967242582435935
0,766,0.0034812431051248357
0,767,0.004714791152321827
0,768,0.002651988143916839
0,769,0.0022587568567347463
0,770,0.0011536125520016842
0,771,0.005005847333372856
0,772,0.0018637183438886661
0,773,0.001669512606683806
0,774,0.003166398123095541
0,775,0.0012139770891521529
0,776,0.009097167244422541
0,777,0.011236940395105822
0,778,0.0012179408128632557
0,779,0.0013762011374451688
0,780,0.01707613059244104
0,781,0.0021610696436733293
0,782,0.002327617507159725
0,783,0.0066943553427726
0,784,0.0017964580966263256
0,785,0.009102396470463306
0,786,0.011830989809117837
0,787,0.013685455302803726
0,788,0.006334643220517802
0,789,0.003315324494237833
0,790,0.003610501401351773
0,791,0.005872981305239919
0,792,0.004578029590179881
0,793,0.0042651351755769095
0,794,0.0008615157022253629
0,795,0.0036255301548806297
0,796,0.006309730841840292
0,797,0.0014100268379139147
0,798,0.007549037565526123
0,799,0.016730776087545085
0,800,0.004512457498512837
0,801,0.0022520605895087124
0,802,0.00978263571846608
0,803,0.0007790465348131347
0,804,0.005548594462160921
0,805,0.001406749526895141
0,806,0.005902139261567639
0,807,0.00131593561190091
0,808,0.0016333448253694723
0,809,0.001632504861115919
0,810,0.0031145000834482727
0,811,0.009621691377236582
0,812,0.004972922354851877
0,813,0.003306959702078187
0,814,0.005004280081107054
0,815,0.004119663670673459
0,816,0.0010066166488328593
0,817,0.0052910767055862045
0,818,0.0016308541031793886
0,819,0.011062373081251317
0,820,0.003601616805769421
0,821,0.028488567151139534
0,822,0.0011172331256712508
0,823,0.01184206344649264
0,824,0.004335788191500245
0,825,0.0018419927221976695
0,826,0.0021389872537715604
0,827,0.005234647078482652
0,828,0.0005601121296183366
0,829,0.0022315023921722268
0,830,0.011044429717666856
0,831,0.0025240042058252625
0,832,0.0018434076312220848
0,833,0.011286463037837069
0,834,0.004219828246749225
0,835,0.0007108784185109246
0,836,0.005633238225318731
0,837,0.0025465339155232125
0,838,0.0015117350360727359
0,839,0.0028220869306047665
0,840,0.0017207018015258867
0,841,0.0011309454804917178
0,842,0.0037573666156133236
0,843,0.0026875114398035977
0,844,0.0031555339671337154
0,845,0.0018871684697695271
0,846,0.0008894759917415029
0,847,0.002805024378197257
0,848,0.001584787632751991
0,849,0.007473203388995506
1,0,0.8924444985417859
1,1,0.25201769576330285
1,2,0.7208533580843336
1,3,0.5139970941160978
1,4,1.0155740844044254
1,5,0.16019508754071737
1,6,0.1799026522013085
1,7,0.1560168941102928
1,8,0.8628417230651465
1,9,0.14910290923242475
1,10,0.13285050814996682
1,11,0.3897393948160503
1,12,0.7126086921647636
1,13,0.1886054965931704
1,14,0.4483285245897152
1,15,0.3024886216278112
1,16,0.7232952037532154
1,17,0.41101969428541635
1,18,0.5304578309748316
1,19,0.5340818716403364
1,20,0.5278252626497142
1,21,0.3607704196328279
1,22,0.3410692680076583
1,23,0.3632520728860861
1,24,0.5476841113339842
1,25,0.4521055553840976
1,26,0.32047146425747053
1,27,0.7519510832756587
1,28,0.46587101003869574
1,29,0.4476895623681935
1,30,0.4507966111174974
1,31,0.4767193870239631
1,32,0.6714915260410962
1,33,0.6759791373829762
1,34,0.6460178920330295
1,35,0.5471157128566496
1,36,0.4684499790273728
1,37,0.7386305470044928
1,38,0.48723261656870553
1,39,0.6838828374474855
1,40,0.6268489437770093
1,41,0.4232106555520786
1,42,0.4690412770592349
1,43,0.5700199559775236
1,44,0.5457214822543017
1,45,0.5812403273245786
1,46,0.5594277071967132
1,47,0.6235680781444822
1,48,0.3742530076609324
1,49,0.4084329938334671
1,50,0.5301640936676555
1,51,0.6860081550210864
1,52,0.5671951912169388
1,53,0.6888891814335395
1,54,0.6248012085381005
1,55,0.5088915089792003
1,56,0.6506863409956899
1,57,0.8729137613577688
1,58,0.8123527110600035
1,59,0.4956185554333391
1,60,0.7416280706943147
1,61,1.0228029255200888
1,62,0.8190457609513166
1,63,0.9587544335140259
1,64,0.5319085259819234
1,65,0.7720653326444658
1,66,0.7257319237975771
1,67,0.6135732098942684
1,68,0.746770481470482
1,69,1.3405437982180948
1,70,0.5496584777504367
1,71,0.685957530902314
1,72,0.65838866706973
1,73,0.6173461173544988
1,74,1.1040082384716483
1,75,1.5245932008034195
1,76,1.361776522811998
1,77,0.6119207077279819
1,78,0.39957509414282844
1,79,1.4363998200482362
1,80,1.1384431295497728
1,81,0.9387363619007865
1,82,0.6976158887498519
1,83,0.7409441950439091
1,84,0.9128093205864312
1,85,0.9582137509091744
1,86,0.9828179540607757
1,87,0.9344190243411096
1,88,0.8049377734513173
1,89,0.4396550940472009
1,90,0.7188400491311381
1,91,0.828564806206599
1,92,1.1019744654599966
1,93,0.6607829922207675
1,94,1.0206083267570016
1,95,1.1968242803551281
1,96,1.2323928015323107
1,97,0.9863536348587107
1,98,0.5104400102608627
1,99,0.9748001746773199
1,100,0.39620470640162725
1,101,0.7552334337394645
1,102,0.9385467639098544
1,103,1.1696488876623987
1,104,0.9088063710967381
1,105,0.4290180111806391
1,106,1.6935960271807053
1,107,1.0892518003027614
1,108,0.4433204463154512
1,109,1.1525731564307653
1,110,1.4896804862383222
1,111,0.2950610055339412
1,112,1.5523641244193378
1,113,1.117947994944063
1,114,1.3791856608024433
1,115,0.7819212318962456
1,116,0.9700346981043391
1,117,1.1972519300022042
1,118,1.279564908629843
1,119,0.7052916679315069
1,120,0.8618701187542976
1,121,0.6708654581897181
1,122,0.4560855108000837
1,123,0.49381202550898606
1,124,0.9974940664879605
1,125,0.5313651926769284
1,126,0.738749858349334
1,127,1.2344380336364718
1,128,0.410385500238066
1,129,2.1658399878803607
1,130,1.0752587544157532
1,131,0.6281657676957746
1,132,0.25569603256409235
1,133,0.5704412020392359
1,134,0.800159430464657
1,135,0.7596866962385518
1,136,0.7618235390933011
1,137,1.0607634911480543
1,138,1.2990213192483882
1,139,0.5657193618978498
1,140,1.342087372377614
1,141,1.112628277157531
1,142,0.4278099051568673
1,143,0.5929534564899899
1,144,1.36947540219343
1,145,1.3492186828793222
1,146,0.9641119936774157
1,147,1.236802020004716
1,148,0.826700832868652
1,149,0.7829534790955979
1,150,0.745430465106175
1,151,0.4879120961013694
1,152,1.056214487807637
1,153,0.43182941868508423
1,154,0.38977004074305194
1,155,0.6317473830390553
1,156,0.9766571654114141
1,157,0.5429869418496994
1,158,0.23042335841156195
1,159,0.5478621959952881
1,160,0.5108605357974088
1,161,1.6624429269747052
1,162,0.737318660380141
1,163,0.6922887030059368
1,164,0.515768622070517
1,165,0.6691090234597414
1,166,0.8642422573171339
1,167,0.8813541018408043
1,168,0.7998618340718632
1,169,0.7278868083830092
1,170,0.2357172613980413
1,171,0.9373137343221715
1,172,0.2752447910047364
1,173,0.4290904679796709
1,174,0.680548562152858
1,175,0.9316570709120106
1,176,0.9219740707248513
1,177,0.8190225538077358
1,178,0.16350866858994992
1,179,1.1434717437899815
1,180,0.5963949055900291
1,181,0.3070812338916412
1,182,0.3829698485332549
1,183,0.2910773318572657
1,184,1.8364524901150405
1,185,0.33796568886317974
1,186,0.39045896318062634
1,187,0.08870994559214997
1,188,1.7947791693687885
1,189,0.37984684467276647
1,190,0.13235939551516293
1,191,1.4409461826467227
1,192,1.4006518054308654
1,193,1.319359693921833
1,194,1.4259104506751121
1,195,0.9442740474612028
1,196,0.34320311602380693
1,197,0.568739907829111
1,198,0.49850799572357435
1,199,1.2333813738374118
1,200,0.7076518280428301
1,201,0.3872129001647105
1,202,0.18324062694394644
1,203,0.2752764349366225
1,204,0.38489751960119345
1,205,0.19866581418822618
1,206,0.4381728794354575
1,207,0.09574415857560015
1,208,0.08749197628199609
1,209,0.6897966280213835
1,210,0.9959643337874385
1,211,1.0814011995373047
1,212,0.1281800618346107
1,213,0.13033684606688853
1,214,1.1653264943360495
1,215,0.1932370381976459
1,216,1.1208884650724422
1,217,0.859286642427985
1,218,0.05780073286612952
1,219,0.8814714926793547
1,220,0.15350331954936314
1,221,1.3930408222336808
1,222,0.2037440290525151
1,223,0.14897951817556843
1,224,0.946807812357314
1,225,0.08027487235942139
1,226,0.33402478816427156
1,227,0.8716945810721402
1,228,0.038473529837485476
1,229,0.6154195600738127
1,230,0.44865470850276645
1,231,0.9333266102164076
1,232,0.5303232733383366
1,233,0.18364111650062306
1,234,0.5281812594139669
1,235,1.5289300642983399
1,236,0.4771759568057151
1,237,2.1706724653576295
1,238,0.5495209864039778
1,239,0.3821953505824371
1,240,0.5528665541404784
1,241,0.12182420339312407
1,242,0.1196971874460561
1,243,0.5109103747384416
1,244,0.11486918416713982
1,245,0.7645519059817775
1,246,0.4106599191054976
1,247,1.2114883703001043
1,248,0.2393031554374496
1,249,0.550362056533209
1,250,1.020770394481272
1,251,0.563632963641268
1,252,0.07104746767751621
1,253,0.7398264521456331
1,254,2.173009575399983
1,255,0.7128564881723499
1,256,0.0392416188984765
1,257,0.12523611378951882
1,258,0.049312043957927154
1,259,0.3787998051347176
1,260,0.1612396626387954
1,261,1.8950771350517375
1,262,0.5672715418936687
1,263,1.1957587037816901
1,264,0.24869013286765632
1,265,0.9370509465999985
1,266,0.19584036594451878
1,267,0.07258520056291913
1,268,1.221072994314646
1,269,0.1429673923715604
1,270,0.16958639126804909
1,271,0.36878202295723517
1,272,1.168768396526089
1,273,0.1710562701961767
1,274,0.07218454033769077
1,275,0.31388948729122046
1,276,0.06615194036011175
1,277,0.07379056336825557
1,278,1.4977164246545263
1,279,0.05955595034668047
1,280,0.9763371346122711
1,281,0.021650698045499225
1,282,0.037046385601612684
1,283,0.041842894565143264
1,284,1.5429741898422074
1,285,0.045545394773870665
1,286,0.047455651581405175
1,287,0.04860567945753642
1,288,0.05827396250678752
1,289,0.3713124115149831
1,290,0.07558375979513797
1,291,0.9863332587803391
1,292,0.15570174389376862
1,293,0.18398484922107727
1,294,1.9218129362812195
1,295,1.3355867106334811
1,296,0.2081478100307511
1,297,0.09493058113485374
1,298,2.183125529749337
1,299,0.061005126031621414
1,300,0.042900833882428026
1,301,0.0497317804638084
1,302,0.11680171322797851
1,303,0.15044674874385083
1,304,0.07225380603219658
1,305,0.08431866506732927
1,306,0.07564783657034514
1,307,0.04214511520575054
1,308,0.02972162772051131
1,309,0.3455098371050416
1,310,0.04503514176425983
1,311,0.03924644729034464
1,312,0.16999697530401361
1,313,0.09771903882289669
1,314,0.06107728062181719
1,315,0.3505327477595318
1,316,0.10064541460843814
1,317,0.10146965243277538
1,318,0.43078513377792627
1,319,0.039913163122169415
1,320,0.07247965610704624
1,321,0.4973113788577567
1,322,0.028545473250685356
1,323,1.8904945161183717
1,324,0.036038892009750724
1,325,0.7980613151982131
1,326,0.08704056465816205
1,327,0.06723483711641462
1,328,0.18013253057200915
1,329,0.0856624397153267
1,330,0.15035536645266628
1,331,0.8526938588170038
1,332,0.2839610461614515
1,333,0.047425820292023434
1,334,0.03169495167541343
1,335,0.11287756653355242
1,336,0.237488762391889
1,337,0.04963168984331071
1,338,0.1773928235795438
1,339,0.05686911969038896
1,340,1.8258617044137222
1,341,1.3285677697025824
1,342,0.996191333625857
1,343,0.026400916730660615
1,344,0.22794692145240097
1,345,0.6872559925300556
1,346,0.01921873616906356
1,347,0.17012535542211138
1,348,0.2690208431057202
1,349,0.04110727469568328
1,350,0.026713006426179815
1,351,0.029041760461247686
1,352,0.04000303363292288
1,353,0.05028821511906988
1,354,0.2744006621727557
1,355,0.03220739554741145
1,356,0.07389852343084541
1,357,0.015117305252161654
1,358,1.2738750537820527
1,359,0.13637699278113355
1,360,0.7001993338777046
1,361,0.05288843345526497
1,362,0.0595410972967576
1,363,0.04993615956123819
1,364,0.05402986126186779
1,365,0.09279673028601416
1,366,0.15040751953797188
1,367,0.023962471059348185
1,368,0.5046450520342015
1,369,0.40937729666332284
1,370,0.059206719767059234
1,371,0.06680771108374105
1,372,0.021430093904160334
1,373,0.01534665478419662
1,374,0.14567595327797078
1,375,0.08818356900900272
1,376,0.051505879480325555
1,377,0.11117612721123267
1,378,0.06393829620054237
1,379,0.06316508761843061
1,380,0.2066710676572461
1,381,0.015067868344924436
1,382,0.054532994464211025
1,383,0.05526473141855492
1,384,0.025011591625572996
1,385,1.7130788264143764
1,386,0.7808098245533073
1,387,0.01946991798246344
1,388,0.07079661862314078
1,389,0.08262600714230477
1,390,0.08135007687109783
1,391,1.3664739664764136
1,392,0.47305923640632475
1,393,0.16475913362484204
1,394,0.0344992469509697
1,395,0.7653148063508763
1,396,0.13947802645964752
1,397,0.03037368936414073
1,398,0.10178947137532486
1,399,0.7515151485384981
1,400,0.08536591295640983
1,401,0.0296762382398309
1,402,0.04842622955057879
1,403,0.06885445322513722
1,404,0.05152289536184359
1,405,0.05516115869233765
1,406,0.16008582846027306
1,407,0.07309802428676428
1,408,0.12874525097156075
1,409,0.05521706285820853
1,410,0.034785054870397715
1,411,0.015193536325389499
1,412,1.6179756322577437
1,413,0.014788508832700095
1,414,0.554981170811997
1,415,0.040497245644312584
1,416,0.676439423716852
1,417,1.3805361472481132
1,418,0.39538772646645515
1,419,0.019687573874373268
1,420,0.027492160736002785
1,421,0.18221809827203284
1,422,0.014903163755327712
1,423,0.02208337235731319
1,424,0.2433450856260574
1,425,0.015951919754646722
1,426,0.01535560671600779
1,427,0.1317262406896887
1,428,0.033687648769883935
1,429,0.010119292190790085
1,430,0.019955613984787894
1,431,0.07050758569006559
1,432,0.09596874908064248
1,433,0.2349747365674018
1,434,0.1491330220539628
1,435,0.021793080557912688
1,436,0.028935258921158506
1,437,0.05456557854814563
1,438,0.018205574713687774
1,439,0.017359246092642826
1,440,0.019374673434816067
1,441,0.014240883506924562
1,442,0.01165038640870581
1,443,0.0259443548857981
1,444,0.13033661825129528
1,445,0.008016460901960157
1,446,0.02323674620941054
1,447,0.053037897001157616
1,448,2.769817389766801
1,449,0.033363690716703615
1,450,0.19651835875755327
1,451,0.11525417274095771
1,452,0.009886800842272598
1,453,0.06853722036918597
1,454,0.01138584108123021
1,455,0.01120576951446054
1,456,0.010330057962573812
1,457,0.00965059694365741
1,458,0.06048179520569926
1,459,0.09500132616801843
1,460,0.00778010052286824
1,461,0.009021503560588996
1,462,0.35326036484101686
1,463,0.008641791552699507
1,464,0.016569445647091872
1,465,0.06250039324571997
1,466,0.018507135584624898
1,467,0.009705648022601909
1,468,2.520652109815039
1,469,0.009670078167437245
1,470,0.4699415810667255
1,471,0.2159588924977563
1,472,0.011467184646533556
1,473,0.010843189742067617
1,474,0.01861378119873537
1,475,0.007427691384078229
1,476,0.009312059932914327
1,477,0.03331263133057323
1,478,0.08941398516029514
1,479,0.0050847764358023465
1,480,0.012383061657252387
1,481,0.01082964279123367
1,482,0.13221709469346576
1,483,0.008582362217207644
1,484,0.06194241860736571
1,485,0.009431226891463614
1,486,0.00935568225428056
1,487,0.009949384870611448
1,488,0.09592073110282222
1,489,0.017399802767890663
1,490,0.059004012556471835
1,491,0.03790143146810125
1,492,0.3010492773769803
1,493,0.11738113294728948
1,494,0.031450023697789535
1,495,0.028693262502389745
1,496,0.010128270798122145
1,497,0.015505703248492212
1,498,0.016200364263425835
1,499,0.028420678525765162
1,500,0.0073818517668733305
1,501,0.010764090835142341
1,502,0.009433171953818455
1,503,0.012516967638156287
1,504,0.04410675365953929
1,505,0.018870152192006065
1,506,2.148412521711803
1,507,0.02288576407776675
1,508,0.01752634091087644
1,509,0.0068044931219897785
1,510,0.011533344347731124
1,511,0.007140426501809134
1,512,0.004125218959258542
1,513,0.00727086822645226
1,514,0.02324227941322543
1,515,0.020963633357450103
1,516,0.018015154479087553
1,517,0.006402211500677
1,518,0.034388906351403965
1,519,0.005674692618279912
1,520,0.0061578980556927536
1,521,1.1080595463826055
1,522,0.005252608468831775
1,523,0.05407706289589931
1,524,0.0057790186623104325
1,525,0.026848125000129335
1,526,0.477971442328656
1,527,0.011437344858220018
1,528,0.18807808919537858
1,529,0.014165670053597828
1,530,0.006568429693701658
1,531,0.011548087478337138
1,532,0.017078368803665363
1,533,0.007110070719850384
1,534,0.0046535636780199495
1,535,0.0070547238139220935
1,536,0.017599754246612823
1,537,0.0044533323663141396
1,538,0.008879150155786095
1,539,0.004166931748099244
1,540,0.005731464317664228
1,541,0.023213185194793932
1,542,0.007003192625444109
1,543,0.00844507317733924
1,544,0.018721671291894542
1,545,0.007290513253125402
1,546,0.004654891853918653
1,547,0.022202900843620595
1,548,0.03452649481391207
1,549,0.025950751680503044
1,550,0.014849785631122445
1,551,0.01786657083374361
1,552,0.00973204092464599
1,553,0.016206817916360864
1,554,0.0190709547526203
1,555,0.006993940149307187
1,556,0.021423862446405248
1,557,0.023802587126054167
1,558,0.009231258730739919
1,559,0.0038633881569645444
1,560,0.0057348060919530245
1,561,0.11855581266370087
1,562,0.909225121612386
1,563,1.2503153686182307
1,564,0.008638578355684516
1,565,0.010616158527257084
1,566,0.04166630197140751
1,567,0.007711864923497459
1,568,0.007928033942231127
1,569,0.02100722210033276
1,570,0.011101230427606426
1,571,0.005119094556757023
1,572,0.03156456824057037
1,573,0.0437945396103289
1,574,0.07823524606061362
1,575,0.01853911199326344
1,576,0.02893879059427433
1,577,0.004009153814856109
1,578,0.04175168356853929
1,579,0.0044907007176581346
1,580,0.038233478701865366
1,581,0.030037827540352124
1,582,0.030468753612349082
1,583,1.5734276057072278
1,584,0.005413665614446973
1,585,0.017787799513323578
1,586,0.010257035006126404
1,587,0.008043135952169714
1,588,0.03066241300483368
1,589,0.0031083566691676116
1,590,0.00396168481449694
1,591,0.0027348045067840015
1,592,0.008529936772589015
1,593,0.07756934719357271
1,594,0.006561523472739033
1,595,0.039139438453703115
1,596,2.3759288530715033
1,597,0.04128086259059011
1,598,0.004851472726181658
1,599,0.006382332881929785
1,600,0.022519751984694563
1,601,0.008303762097989675
1,602,0.016845694938101653
1,603,0.005663937577884497
1,604,0.024926105678702726
1,605,0.018192386494340677
1,606,0.008201641811373693
1,607,0.019251606536512682
1,608,0.19931988612980617
1,609,0.03461325829985774
1,610,0.06346290349446713
1,611,0.004879545780933176
1,612,0.015785229163362814
1,613,0.01210912153353261
1,614,0.0038444035706230208
1,615,0.011445668486355705
1,616,0.8454109771944679
1,617,0.009400856139942466
1,618,0.09253126816412499
1,619,0.03309701930364508
1,620,0.005704011727206678
1,621,0.004776428184442025
1,622,0.0029431022324907462
1,623,0.02943281945567818
1,624,1.4401190919734714
1,625,2.512638340811397
1,626,0.004840796706503336
1,627,0.026065161612531283
1,628,0.02239896321752908
1,629,0.02223457078150403
1,630,0.018618866799960217
1,631,0.008109075749298126
1,632,0.03616752775289259
1,633,0.3265730952530106
1,634,2.5689399685158922
1,635,0.2787307880900254
1,636,0.006513013047064335
1,637,3.398350226617506
1,638,0.011680733592169272
1,639,0.013534429302800811
1,640,0.03398607164914409
1,641,0.011501029639927936
1,642,0.0545528636211091
1,643,0.016118340768933533
1,644,0.08729663634360608
1,645,0.049552343777507765
1,646,2.042753222759918
1,647,0.00666990448114103
1,648,0.131017147090685
1,649,0.01418129611972179
1,650,0.05481848668926975
1,651,0.25001599290342813
1,652,0.07186594942869931
1,653,0.01706025813419089
1,654,0.0121202470609776
1,655,0.3606668451068169
1,656,0.02784489654724654
1,657,2.068021396091235
1,658,0.02368391398876223
1,659,0.014194194100575548
1,660,0.026868135193004013
1,661,0.00540369294331156
1,662,0.015580217762804422
1,663,0.02001515893851336
1,664,0.00790574863470234
1,665,0.05662941632166637
1,666,0.05306477212047673
1,667,0.01200819112346335
1,668,0.146489877349542
1,669,0.005054753360666924
1,670,0.022044535605738717
1,671,0.010814011359876793
1,672,4.162426404128315
1,673,0.04937949204698274
1,674,0.006175707160702618
1,675,0.007289725395905346
1,676,0.00812427531866006
1,677,0.0035771883806988104
1,678,0.017986671428237466
1,679,0.04252045446919258
1,680,0.06299461253598551
1,681,0.009139065633036014
1,682,0.00723616683118418
1,683,0.022666284109781
1,684,0.3066964103213525
1,685,0.011391507622919224
1,686,0.009868024345948
1,687,0.004926243537028976
1,688,0.00736606650927737
1,689,0.037583141142050865
1,690,0.006239060239469938
1,691,0.01565682681750905
1,692,0.013748972517686489
1,693,0.021252426016196913
1,694,0.056057243964506794
1,695,0.020902417676821616
1,696,0.016171169216997957
1,697,0.010944865730367188
1,698,0.012288219957335268
1,699,0.028940455533963717
1,700,0.019247269846975893
1,701,0.0019578423862849905
1,702,0.014361937795353271
1,703,2.221448248626656
1,704,0.0027400516917419336
1,705,0.009033038833598258
1,706,0.0679274627792184
1,707,0.07078270535564131
1,708,0.007090146794138965
1,709,0.004203509147574992
1,710,0.004959344774831012
1,711,0.007372412470864585
1,712,0.013284280452839269
1,713,0.005289348894580851
1,714,0.6332597389161068
1,715,0.005680675573059401
1,716,0.009529521387323957
1,717,0.019495130290709824
1,718,0.002114296781742746
1,719,0.005979742767019344
1,720,0.01701162095514076
1,721,0.006476460513509084
1,722,0.01330357429688358
1,723,0.00910332392395083
1,724,0.021711097153955358
1,725,0.021578476152055565
1,726,0.006220464155890852
1,727,0.006253469439656275
1,728,0.020376571265655268
1,729,0.16243745663515063
1,730,0.0042055518728449865
1,731,0.011294114256625621
1,732,0.07907906166806235
1,733,0.004932390343674438
1,734,0.008141814230669585
1,735,0.007422664714906851
1,736,0.001663905665885769
1,737,0.0036292063203793015
1,738,0.013114214445280992
1,739,0.008829636491456521
1,740,0.0033679759183506187
1,741,0.0028412801439873987
1,742,0.027904089491436038
1,743,0.008688447350572321
1,744,0.006484462086727787
1,745,0.02311125598413061
1,746,0.003463788604331379
1,747,0.008885016729284823
1,748,0.005443041969928321
1,749,0.00791056257120546
1,750,0.0026083571207872534
1,751,0.003911755760106171
1,752,0.00825718992884131
1,753,0.00386037591019994
1,754,0.011902157302280546
1,755,0.0034912885040454915
1,756,0.0032094312835828447
1,757,0.0074646082404574024
1,758,0.004759490187745618
1,759,0.42321462028620527
1,760,0.005428231431268086
1,761,0.011088529478272933
1,762,0.008937669800345084
1,763,0.022399649005355793
1,764,0.003860733735898883
1,765,0.007758080705417251
1,766,0.07918507931722218
1,767,0.006394370491300006
1,768,0.00837640457315514
1,769,0.012122466992148615
1,770,0.002207652561399714
1,771,0.02055445988992764
1,772,0.027325459903337734
1,773,0.008136394005524673
1,774,0.0021410580266928883
1,775,0.00507901010904816
1,776,0.0033851881356749556
1,777,0.0033567828264391584
1,778,0.006012738464571896
1,779,0.0057748786100433255
1,780,0.036809474443056
1,781,0.01823457731526482
1,782,0.021708038645405707
1,783,0.003446373185473685
1,784,0.004665564767485212
1,785,0.0019180421363813333
1,786,0.005504974967747435
1,787,0.004974492132693556
1,788,0.0018614707088608962
1,789,0.006007172181115177
1,790,0.01134979250675408
1,791,0.038161821886191674
1,792,0.012428150500021532
1,793,0.0007379836226426711
1,794,0.00407008736455039
1,795,0.009546275403708126
1,796,0.0036450592281352437
1,797,0.0018452107058152746
1,798,0.0023050670741320578
1,799,0.0041699240117622684
1,800,0.003506019078087585
1,801,0.0020477173981524326
1,802,0.004008243454782662
1,803,0.02316822540209502
1,804,0.005532479506539295
1,805,0.004684548170825879
1,806,0.003907021717976176
1,807,0.00559685022261845
1,808,0.0032481737296280394
1,809,0.0019786858393374893
1,810,0.008044893399685648
1,811,0.0022275388716242912
1,812,0.013920658465822362
1,813,0.008353722897358605
1,814,0.0036395793347415778
1,815,0.005602575056494024
1,816,0.0009731399943207406
1,817,0.0031773478386816208
1,818,0.00945960847168977
1,819,0.0016029024897562093
1,820,0.0016740824735601738
1,821,0.0036420564326048715
1,822,0.0018399418769882226
1,823,0.003171808947506374
1,824,0.004678295420765295
1,825,0.0021973829151624804
1,826,0.0058105969081243625
1,827,0.0013635099463523983
1,828,0.004630211698784106
1,829,0.0036045354092490646
1,830,0.002794703840592142
1,831,0.001113864241464298
1,832,0.012572337395251534
1,833,0.0011395255089568118
1,834,0.003915030641165003
1,835,0.002753560641253447
1,836,0.006141790923481772
1,837,0.001359528850028053
1,838,0.0018449432262499104
1,839,0.004589919108200959
1,840,0.0015513663325504659
1,841,0.01638502279772913
1,842,0.0027567123083368614
1,843,0.0016565559720061638
1,844,0.003307172689916264
1,845,0.006902979467015185
1,846,0.06891549286164654
1,847,0.011912107590079435
1,848,0.0031023811169706033
1,849,0.0127140461053215
2,0,0.963127435013786
2,1,0.8232501036763143
2,2,0.3759912721010522
2,3,0.5941436269501644
2,4,0.3810651320481148
2,5,0.8579678744014115
2,6,0.4452751076765091
2,7,0.27927278246684006
2,8,0.30973974681627625
2,9,0.3652990530332488
2,10,0.3733344491458015
2,11,0.4295724180673753
2,12,0.7778254539438094
2,13,0.29795361894370403
2,14,0.6322650801691033
2,15,0.4528770697144636
2,16,0.5880350098063227
2,17,0.3856160714814427
2,18,0.6452688335444703
2,19,0.4241215891426695
2,20,0.3659786827675385
2,21,0.5062562418881652
2,22,0.8084089695643524
2,23,0.5443561433902846
2,24,0.3793194705417516
2,25,0.3961380018810807
2,26,0.4387806710311843
2,27,0.2744400158446241
2,28,0.4028654351283915
2,29,0.37997225427464953
2,30,0.5269349298650605
2,31,0.5948369704902351
2,32,0.29199627478997564
2,33,0.32815534274560415
2,34,0.786571453790952
2,35,0.34157884878103223
2,36,0.4773276982534813
2,37,0.6965115507388585
2,38,0.7654071831596091
2,39,0.5901669572445228
2,40,0.4221946169034586
2,41,0.4851180164919254
2,42,0.4379627372302034
2,43,0.5472376001360924
2,44,0.5683066442196401
2,45,0.6195801423127267
2,46,0.5002631487654337
2,47,0.9251793374476146
2,48,0.4487965417062372
2,49,0.710336029749558
2,50,0.5688098588988147
2,51,1.498416407154411
2,52,0.4167968261555411
2,53,0.6645855317768721
2,54,0.6876266183748309
2,55,0.48322347286588657
2,56,0.48895161594365677
2,57,0.5728513144936426
2,58,0.5849573997449027
2,59,1.1393592581860503
2,60,0.6176977025134311
2,61,0.4508190984255499
2,62,0.5405615166480192
2,63,0.6085300359485896
2,64,0.6375464576373164
2,65,0.597279491136798
2,66,0.8076189318610626
2,67,0.7962805640084349
2,68,0.49948664191578773
2,69,0.6231494060605745
2,70,0.6387214458064485
2,71,1.0863940372439225
2,72,0.6258700436335737
2,73,0.7770486042821528
2,74,0.6373524767274894
2,75,0.9264428213340695
2,76,0.6791404438951703
2,77,1.1402645359098222
2,78,0.6108367648908409
2,79,0.6298255823728974
2,80,0.5851747208740902
2,81,0.9778855120159093
2,82,0.7170476708707179
2,83,0.833224284989674
2,84,0.5131158135021198
2,85,0.9642127533324255
2,86,1.0162214331598833
2,87,0.6305894063642852
2,88,0.28009300043172747
2,89,1.4231874147797536
2,90,0.803645080082468
2,91,0.6232051355766393
2,92,0.2770682796246927
2,93,0.6355124632293176
2,94,0.39730873474347916
2,95,0.299089546711024
2,96,0.7152178894694958
2,97,0.508995428042026
2,98,0.6045411704826302
2,99,0.7784028280216699
2,100,0.8957218353279394
2,101,0.3585461842468331
2,102,1.171613376615235
2,103,0.8677400025319999
2,104,0.25162074823725566
2,105,0.20272950466542913
2,106,1.0205398752060086
2,107,0.2463775262780164
2,108,1.2217755453637682
2,109,0.4278645945777605
2,110,0.2981541843584655
2,111,0.21919538310042336
2,112,0.5992149702177776
2,113,1.2872458244654246
2,114,0.257288547974237
2,115,0.39820021137448613
2,116,0.44998067354711513
2,117,0.4483243556227149
2,118,1.3505147471041743
2,119,0.5604775043057262
2,120,0.5941337599866272
2,121,1.0018289723644365
2,122,0.9584489312906193
2,123,1.4257416236505105
2,124,1.092605681783838
2,125,0.533719534960199
2,126,0.2550190870982213
2,127,0.3705054168783314
2,128,0.7072930157198383
2,129,1.725479124283871
2,130,0.6747963368088244
2,131,0.2723935229498238
2,132,0.46811524340569244
2,133,1.2492199215839537
2,134,0.5591944465720381
2,135,0.12277769763188259
2,136,0.8576016019052347
2,137,1.2504661381498976
2,138,0.3679555245510073
2,139,1.220366098270805
2,140,0.8567574871492709
2,141,0.09754758537674228
2,142,2.065112242610846
2,143,0.8861998095272676
2,144,0.6012260922843218
2,145,0.23479096422922857
2,146,0.39076299833460204
2,147,1.016875189146503
2,148,0.8177461892117096
2,149,1.3868646167107979
2,150,1.2894883832905328
2,151,0.22769919293609012
2,152,0.17904290964870512
2,153,0.1080735702519161
2,154,0.8717865882818283
2,155,0.7217599050813543
2,156,0.10926051737477327
2,157,0.12512002532956415
2,158,0.1655959917768903
2,159,0.3309564581034617
2,160,0.5030251132752505
2,161,0.15359534411404036
2,162,0.9302317083252332
2,163,0.12643167658671595
2,164,0.6065758366029249
2,165,1.3437380959270633
2,166,0.6325453323447685
2,167,0.18824163226010945
2,168,0.3412657898085173
2,169,0.5990807456877308
2,170,0.5586910457980787
2,171,0.20387792974893632
2,172,0.6935795091084863
2,173,1.127689728962864
2,174,0.7233138903772824
2,175,1.2430164122173017
2,176,0.1832402806893233
2,177,2.526337853346832
2,178,0.14098345122916733
2,179,0.1264244102208715
2,180,0.7173475515480203
2,181,0.14785963968172877
2,182,0.2255542205604433
2,183,0.7447748835107048
2,184,0.4330997452734829
2,185,0.14723269407654546
2,186,0.16331841796878366
2,187,0.15411119300963333
2,188,0.19996157127578582
2,189,0.29550000672776217
2,190,0.07724768738012627
2,191,0.20925778752795357
2,192,0.07681885809539438
2,193,0.07352701971947706
2,194,0.9814592321417084
2,195,1.021444981181828
2,196,0.4727346457016824
2,197,0.7688533649775225
2,198,1.4528283378487068
2,199,0.3426687921041989
2,200,0.09619202909716897
2,201,0.06476660199107434
2,202,0.7084400935796856
2,203,0.0691282995753631
2,204,0.8889889372533896
2,205,0.0949131206216515
2,206,0.03234828539450532
2,207,0.756193663254082
2,208,0.0917526520127574
2,209,0.9534216655003604
2,210,0.9266079821253588
2,211,0.08369542873666438
2,212,0.2923867909938399
2,213,0.1361473274749601
2,214,1.3165534926491453
2,215,0.11657922787681206
2,216,0.46660206468051135
2,217,0.11843906541976289
2,218,0.43655401637565305
2,219,0.2636863841543129
2,220,0.16450919433275457
2,221,0.0845685999893495
2,222,0.8678290677903213
2,223,1.470292330396336
2,224,0.6025324019597026
2,225,0.24344981829147613
2,226,1.759855218038954
2,227,0.184699169693928
2,228,0.1533657320278519
2,229,0.10573468429325696
2,230,0.06522468642666891
2,231,0.12975968742240082
2,232,0.5524022334173058
2,233,0.6423506258941618
2,234,0.7796289457266471
2,235,0.15113318843984824
2,236,0.1531285415981495
2,237,0.7501682180989067
2,238,0.15528801439497217
2,239,0.07163756406151278
2,240,0.8543961705803118
2,241,0.18302690132559404
2,242,0.27902373502671945
2,243,0.21221616943726068
2,244,0.052103417349858974
2,245,0.3773106377906538
2,246,0.20875732765638208
2,247,0.33633072323297303
2,248,0.29314477716836057
2,249,0.12613048078796854
2,250,0.09806267727999625
2,251,0.1258361893365657
2,252,0.12068527998912562
2,253,0.16847410717108388
2,254,0.10904248142203637
2,255,0.661574514688139
2,256,0.22645932298099988
2,257,0.04133867691269055
2,258,0.10519767883308785
2,259,0.06338329574025409
2,260,0.1940452511901578
2,261,0.06025516346989944
2,262,1.2606680001218802
2,263,0.035940506990231665
2,264,1.249411048574761
2,265,0.06522858098744613
2,266,0.10276064350745485
2,267,0.024586713468192013
2,268,0.05502099107948115
2,269,0.09003669446359651
2,270,0.05818515903048961
2,271,0.2353059507514876
2,272,0.07797844814159703
2,273,0.1409037271554347
2,274,2.4211488547055495
2,275,0.11103413719795752
2,276,0.0794035824804911
2,277,0.5304876329913902
2,278,0.15524821809465197
2,279,0.04580337529252305
2,280,0.3709885672477148
2,281,0.0263279979202546
2,282,0.2724319112938204
2,283,0.03162890366423013
2,284,0.0640815822626946
2,285,0.33814206860133456
2,286,0.6587035799847307
2,287,0.0450338869661209
2,288,0.07607375734796745
2,289,0.14411520179353532
2,290,0.19230782683020836
2,291,0.04918076931022144
2,292,0.12762027155135164
2,293,0.021517023557714243
2,294,0.11414268721703201
2,295,0.5660608122526234
2,296,0.28767234911797723
2,297,0.5916785601120261
2,298,0.01625445656654911
2,299,0.4384258998133595
2,300,0.0300303706207691
2,301,0.03233714428692729
2,302,0.05476015358821355
2,303,0.035545153713810444
2,304,0.0350130699090513
2,305,0.12261205071717832
2,306,0.034474186578436136
2,307,1.7944843997836788
2,308,0.07504469900602773
2,309,0.08315388324447383
2,310,0.04526323978031747
2,311,0.02601840447352525
2,312,0.11877713859111036
2,313,0.18567583361459591
2,314,0.06125677385510526
2,315,0.12300554409618424
2,316,0.13579862966447678
2,317,0.16020144753147642
2,318,0.07015304830606328
2,319,0.06271063577560729
2,320,0.303900515055012
2,321,0.1124739513025379
2,322,1.5786907068184424
2,323,0.050151337165647285
2,324,0.30973956308910194
2,325,0.014602257695303445
2,326,0.060215210068473725
2,327,0.5556900546629119
2,328,0.07214933179819391
2,329,0.26015026747342435
2,330,0.018209788913450823
2,331,0.37470285694026045
2,332,0.2468473577116403
2,333,0.05277433478403953
2,334,0.3508384336888926
2,335,0.018356542982661227
2,336,0.020215231398713566
2,337,0.04065720519329496
2,338,0.021541355423050832
2,339,0.0175023239926358
2,340,0.2135212797987031
2,341,0.036955325879438145
2,342,0.01852055692432526
2,343,0.026243799604484384
2,344,0.020257713150198163
2,345,0.26871523256294433
2,346,0.016424886855678555
2,347,0.04116416993726253
2,348,0.6781787084165835
2,349,0.1452876145050613
2,350,0.008526665044802094
2,351,0.1722745664480223
2,352,0.11891166904981351
2,353,0.015495108090121315
2,354,0.012846484872772285
2,355,0.008406779148414374
2,356,0.0153865116879162
2,357,0.15025077226182737
2,358,0.024107151096297432
2,359,0.4861873540096332
2,360,0.02382727376210162
2,361,0.044997884275359265
2,362,0.01772154242550334
2,363,0.007969531869671476
2,364,0.26015006151753667
2,365,1.8012409352600178
2,366,0.021578094682603965
2,367,0.010415560463126838
2,368,0.925605455483851
2,369,0.014158269536410986
2,370,0.01384420376040039
2,371,0.02887356425204145
2,372,0.02910423150665891
2,373,0.01715426603170535
2,374,0.18052329193857328
2,375,0.01631945292685775
2,376,0.033453224795497415
2,377,0.026566114112716338
2,378,0.14112104155696198
2,379,0.008731935057621555
2,380,0.020208413853971804
2,381,0.01781315117496156
2,382,1.4241838691926068
2,383,0.011152618856795034
2,384,0.04447822286259796
2,385,0.017577864150467977
2,386,1.3461686786341978
2,387,0.019224804455809343
2,388,0.044357302887535456
2,389,0.3813474235284766
2,390,0.07652580453620615
2,391,0.03542358921665237
2,392,0.0341837541208859
2,393,0.027639226831796055
2,394,0.014070442585280361
2,395,0.05189032939828488
2,396,1.1376569128658496
2,397,0.018110545704170547
2,398,0.0358539334583478
2,399,0.03565065856739457
2,400,0.02484493293885116
2,401,0.44098650002166717
2,402,0.10998743614001186
2,403,0.1289313165101763
2,404,0.02517244493305656
2,405,0.02330816649186474
2,406,0.043826670267121205
2,407,0.015758091543484717
2,408,0.02691132944152039
2,409,0.30265634681800335
2,410,0.02241452374047743
2,411,0.09813060376405142
2,412,0.011158555110474927
2,413,0.5672584850183354
2,414,0.4703885582989016
2,415,0.020551713795243665
2,416,0.10145875599498581
2,417,0.028385484132933365
2,418,0.028775955698694226
2,419,0.013624329753523855
2,420,0.024382470057728815
2,421,0.013271114873924225
2,422,0.24177945325657157
2,423,0.01343528296431247
2,424,0.06488423952644551
2,425,0.025815125630763647
2,426,0.038449802096977556
2,427,0.01505021677006511
2,428,0.015124811425416301
2,429,0.02723204648677509
2,430,0.011624490725436164
2,431,0.024530808354974506
2,432,0.008319677148494327
2,433,0.01689082096254293
2,434,0.013174514335636036
2,435,0.06276309330542752
2,436,0.1674384071849736
2,437,0.01040804620009592
2,438,0.0094537193649995
2,439,0.022781735330216057
2,440,0.035646354305828645
2,441,0.11686936912968884
2,442,0.010787770163422233
2,443,0.007166021485627995
2,444,0.049956224763310415
2,445,0.803261927878288
2,446,0.043335213614254894
2,447,0.0796260272624348
2,448,0.7705247649557961
2,449,0.5451320018364414
2,450,0.031231746555906444
2,451,0.013019984145354076
2,452,0.010655159604583629
2,453,0.011608383739314188
2,454,0.1706973343297836
2,455,0.08611714006142447
2,456,0.029425055311299186
2,457,0.009941815261753492
2,458,0.017430588326339293
2,459,0.020739638727071612
2,460,0.10658249321731045
2,461,0.017294689113761218
2,462,0.03288726570982281
2,463,0.015755072270712406
2,464,0.3667495198282796
2,465,0.18645013445637348
2,466,0.05558715518768335
2,467,0.01854981185655581
2,468,0.016233469770851622
2,469,0.19647204091450074
2,470,0.16752390630048308
2,471,0.051496250477965896
2,472,0.07005254117728395
2,473,0.06148898993565088
2,474,0.010283242907005951
2,475,0.008751635993197065
2,476,0.033370015062413515
2,477,0.01184281087322361
2,478,0.017967523687819047
2,479,0.9390604793017708
2,480,0.021167885008099935
2,481,0.04048629136931096
2,482,0.04268736835268248
2,483,0.016681054681940834
2,484,0.01797855903024741
2,485,0.08757834252083188
2,486,0.00393397843222996
2,487,0.041967928775308916
2,488,0.1848200518631399
2,489,0.21008159942837804
2,490,0.21417095559902716
2,491,0.036736286234201665
2,492,0.03719426448907089
2,493,0.012397402793041211
2,494,0.004013880219542925
2,495,0.007632279554953393
2,496,0.575752921176858
2,497,0.04226140397482255
2,498,0.0053662505763747426
2,499,0.011925303626630605
2,500,0.011482307259128747
2,501,0.014066185875943571
2,502,0.08492656134408516
2,503,0.006956232058430229
2,504,0.032875145526158264
2,505,0.21496387019969662
2,506,0.01301720660230249
2,507,0.008240583058054526
2,508,0.4718858151252837
2,509,0.008344751312471392
2,510,0.02110467090125396
2,511,0.007470397025686443
2,512,0.5738441203604351
2,513,0.18337540693113905
2,514,0.013213092680096539
2,515,0.007929215949036904
2,516,0.007215068918398523
2,517,1.75967259807614
2,518,0.019988673701937573
2,519,0.006828785397874494
2,520,0.015245183632438897
2,521,0.06987041344989389
2,522,0.010519253132733329
2,523,0.005192222677109889
2,524,0.04678846772176377
2,525,0.09199817247122245
2,526,0.15957665027763182
2,527,0.26802750106372664
2,528,0.01016935664240741
2,529,0.011649550301005458
2,530,0.011295980367564108
2,531,0.02128562727474337
2,532,0.006088801061074463
2,533,0.03146980114269632
2,534,0.009032640745747916
2,535,0.5050873034752615
2,536,0.017277080589457455
2,537,0.009304465299165727
2,538,1.0103116789485564
2,539,0.004957650182267258
2,540,0.007448495491153775
2,541,0.31253529162904126
2,542,0.00865934430861903
2,543,0.008067227329508288
2,544,0.008803764794775617
2,545,0.06065140376220338
2,546,0.004115404656448829
2,547,0.004959066456514828
2,548,0.035951517642547004
2,549,0.6852506845707216
2,550,0.0035730406621483856
2,551,1.3487302812409336
2,552,0.03315362636592833
2,553,0.006868982196559091
2,554,0.0055556809123371844
2,555,0.019896745872869544
2,556,0.031276839519451406
2,557,0.00817143749126645
2,558,0.006450141287386027
2,559,0.019131686925836656
2,560,0.015273116922013524
2,561,0.0042749416857448
2,562,0.023352828125687116
2,563,0.11223112864624042
2,564,0.051752099736592345
2,565,0.04107032974220497
2,566,0.10398909201842849
2,567,0.013925695069733722
2,568,0.01416484166234722
2,569,0.029794706666336906
2,570,0.0032241551120622595
2,571,0.019690747774873896
2,572,0.04542896591611177
2,573,0.09316794865777728
2,574,0.39898458665953074
2,575,0.027974734436746515
2,576,0.006258151324308278
2,577,0.19835472344599572
2,578,0.006297383806786906
2,579,0.013427752299114214
2,580,0.020834495736848802
2,581,0.005031968082267837
2,582,0.0187494514289784
2,583,0.013689307047090322
2,584,0.038143605668299885
2,585,0.15283155623990693
2,586,0.01115340565592601
2,587,0.011317794689098847
2,588,0.011449868650446997
2,589,0.010879664446889748
2,590,0.051501601464437594
2,591,0.014768724497774574
2,592,0.08901032987203836
2,593,0.016801784422929032
2,594,0.07504328410567498
2,595,0.04553700039294138
2,596,0.006434740484648948
2,597,1.532632445035088
2,598,0.003963123999175746
2,599,0.007774025424198742
2,600,0.24020628259765434
2,601,0.014446669424290912
2,602,0.007370939039728125
2,603,0.01042005353207935
2,604,0.005809777282117573
2,605,0.06517028805206906
2,606,0.02234118377719338
2,607,0.011251996184418855
2,608,0.00877781865494927
2,609,0.005068311785729201
2,610,0.00634713301966895
2,611,0.007343931213016272
2,612,0.003968625422585267
2,613,0.41306200806072135
2,614,0.0025958745033574466
2,615,0.005915642770350688
2,616,0.018989664918640837
2,617,0.008421839518937543
2,618,0.0027285073261522513
2,619,0.003265750005339654
2,620,0.003362295824760489
2,621,0.013299623979217965
2,622,0.00742938194635593
2,623,0.011807564472309493
2,624,0.017882017439474103
2,625,0.10631650594546192
2,626,0.05726001047563904
2,627,0.010225032573587652
2,628,0.008375742021393772
2,629,0.003314831732791602
2,630,0.022430377044099475
2,631,0.005021296887772708
2,632,0.30358710534526295
2,633,0.001851585516894165
2,634,0.17371090899603756
2,635,0.23498167273943402
2,636,0.015309710136254371
2,637,0.006808140526668605
2,638,0.01068036152312275
2,639,0.014040760733074484
2,640,0.01804147620804207
2,641,0.007771995015223987
2,642,0.0031641350115902567
2,643,0.010096122119649815
2,644,1.3167032541375303
2,645,0.012006085171157825
2,646,0.00431488072023116
2,647,0.0031888969655922074
2,648,0.009781683723490043
2,649,0.011247362842746337
2,650,0.0029177105589783215
2,651,0.08549060608928896
2,652,0.015956126662486275
2,653,0.004466800996973955
2,654,0.006288173109245551
2,655,0.005101934247847882
2,656,0.006103546022895159
2,657,0.0042471123348134625
2,658,0.00310090622552521
2,659,0.01116762707634132
2,660,0.020184841392883863
2,661,0.006613536718164389
2,662,0.03171735306847373
2,663,0.7995503103727712
2,664,0.03360009196278366
2,665,0.13411435717777515
2,666,0.04452271618436091
2,667,0.006695345647826455
2,668,0.005077161092583506
2,669,0.007850867177077512
2,670,0.006891557991247479
2,671,0.22481352999023022
2,672,0.003790870374461145
2,673,0.008355365605617362
2,674,0.005503925215628987
2,675,0.007244726906942379
2,676,0.012165255135134657
2,677,0.012635630682236625
2,678,0.10590971160656049
2,679,0.006388792138895036
2,680,0.002940528997252384
2,681,0.0019137349425193757
2,682,0.48296160449475384
2,683,0.0019308630142969106
2,684,0.048096904175741945
2,685,0.004321777225556514
2,686,0.046225216586527416
2,687,0.012901398481563048
2,688,0.00607169269217293
2,689,0.002507255084219767
2,690,0.7904336196518773
2,691,0.003530138118121942
2,692,0.002399654567628355
2,693,0.004692634720350385
2,694,0.00613536754032521
2,695,0.0027157939945433303
2,696,0.012311797415371164
2,697,0.0045454070574631866
2,698,0.012684170996896624
2,699,0.004131035180334411
2,700,0.003138791433095989
2,701,0.005711191167044598
2,702,0.0024255180791253727
2,703,0.002252835573273611
2,704,0.004404176482986248
2,705,0.014067954681736976
2,706,0.20146575954910784
2,707,0.027029667460568396
2,708,0.010133416949118245
2,709,0.01379162670658967
2,710,0.009883525188869868
2,711,0.004442444436733845
2,712,0.0018633644584167277
2,713,0.00431534738172864
2,714,0.3641382444659776
2,715,0.004067715985996548
2,716,0.11135454938349804
2,717,0.22619877473290165
2,718,0.058105907885011736
2,719,0.003965844681217288
2,720,0.0063877130356047905
2,721,0.006355220166730159
2,722,0.002477946850507661
2,723,0.008850538385298689
2,724,0.020334520983412544
2,725,0.007959380370632948
2,726,0.006109217880098405
2,727,0.006790177997272181
2,728,0.005162020671335788
2,729,0.008014163202228624
2,730,0.012379553255761651
2,731,0.01212401073132378
2,732,0.09243972838065394
2,733,0.0019543398792446457
2,734,0.012527200053681938
2,735,0.014420947938506744
2,736,0.0026396225864748738
2,737,0.006216180082215979
2,738,0.2079572335663192
2,739,0.025004655283382055
2,740,0.04474342759562349
2,741,0.0028762117820110354
2,742,0.004677860066510489
2,743,0.016944577258483563
2,744,0.003931903823402405
2,745,0.004715407948169375
2,746,0.0020097289173423303
2,747,0.009357856037727187
2,748,0.02273362775074036
2,749,0.009864509340387975
2,750,0.008597585525428665
2,751,0.09441113726697632
2,752,0.0016647039508125095
2,753,0.005086069551722627
2,754,0.38902396689462804
2,755,0.00854428942277517
2,756,0.052825890316015166
2,757,0.0029914348025275373
2,758,0.004185749351149509
2,759,0.003165798355356197
2,760,0.006041644126000551
2,761,0.005243096437247211
2,762,0.17820681730504034
2,763,0.006699386330343256
2,764,0.029737280253728446
2,765,0.006629540760578475
2,766,0.002306956624694338
2,767,0.0033850086603986218
2,768,0.003163280875240627
2,769,0.001972196600529082
2,770,0.029071618731236006
2,771,0.18859676475287632
2,772,0.0036816714518838503
2,773,0.003483445095407849
2,774,0.002647559596800982
2,775,0.002375855560415172
2,776,0.003179570365179939
2,777,0.05199359448056417
2,778,0.00653558059460499
2,779,0.03614043293408323
2,780,0.0028199580395755278
2,781,0.006734892478604603
2,782,0.005841901656729589
2,783,0.003941600512003243
2,784,0.009427160911307362
2,785,0.019504056315103994
2,786,0.008062233753106643
2,787,0.003860433923121785
2,788,0.003085624087298682
2,789,0.0038844308083584005
2,790,0.03307208443894569
2,791,0.010534918771219808
2,792,0.005996547147976391
2,793,0.0033599704989280984
2,794,0.025711727747286077
2,795,0.01870216179397757
2,796,0.0018660171035809058
2,797,0.004197633744812308
2,798,0.004378274524907742
2,799,0.0033198040011056616
3,0,0.4535669715462473
3,1,0.9251105605301209
3,2,0.7627743030926558
3,3,0.7386618641350247
3,4,0.31439360890641377
3,5,0.15837353595483364
3,6,0.25251389728446944
3,7,0.4535300880129392
3,8,0.6763677670770906
3,9,0.45363075617661586
3,10,0.3344225694257111
3,11,0.35990965546670084
3,12,0.41422918156046756
3,13,0.3446168217736038
3,14,0.2396270534661196
3,15,0.31805822950058027
3,16,0.24048568644477375
3,17,0.31382036745148095
3,18,0.30429585626216854
3,19,0.4667565307752762
3,20,0.7095420212347981
3,21,0.49670331838692927
3,22,0.5240883332232193
3,23,0.6548797346881826
3,24,0.378965934055767
3,25,0.38129665305212074
3,26,0.5971680325544462
3,27,0.3957821164249588
3,28,0.3869452532065885
3,29,0.4588194109310167
3,30,0.6223254887950435
3,31,0.5266270357837981
3,32,0.5974285110916678
3,33,0.5108812150339285
3,34,0.48520627899668883
3,35,0.9546169378491463
3,36,0.7549876651781133
3,37,0.7545709564664304
3,38,0.40659591980081344
3,39,0.5006470756445744
3,40,0.4960378618637401
3,41,0.5232885329974071
3,42,0.4850686428089885
3,43,0.5553090097966749
3,44,0.6621787230329954
3,45,0.5913827627749121
3,46,0.7450056576487465
3,47,0.6223666797259477
3,48,0.47791718071740075
3,49,0.49750604751295513
3,50,0.9442483849750106
3,51,0.6335652700247665
3,52,0.5661834340622499
3,53,0.41437658233445795
3,54,0.4638676129706415
3,55,0.6405433398522017
3,56,0.7898898668598945
3,57,0.7970306459038636
3,58,0.5208868872767993
3,59,0.9137749752815294
3,60,0.7743226947081617
3,61,1.272933593215492
3,62,0.7411540855024871
3,63,0.5852680020484564
3,64,0.8344756885718091
3,65,0.9589466860958124
3,66,0.5487144606927481
3,67,0.8847669358261822
3,68,1.0244221726079956
3,69,0.5372640964213005
3,70,0.7930114007690499
3,71,0.5433171884182592
3,72,0.4784583784581637
3,73,0.621370259318622
3,74,0.5488252504110532
3,75,0.7927274060057554
3,76,0.6413764061879401
3,77,0.7232566464926261
3,78,0.8510799144971904
3,79,1.3119666748639025
3,80,0.7649031851791707
3,81,0.6754939899562671
3,82,1.0925930096492373
3,83,1.1813167667321773
3,84,0.5829210048701142
3,85,1.1925716374770994
3,86,1.03534625105709
3,87,1.0656565985623367
3,88,0.583948928769197
3,89,0.8121370457244662
3,90,1.0933073867895096
3,91,0.8976186056415085
3,92,0.688222653308536
3,93,0.84128488982778
3,94,1.167540948177857
3,95,1.522563823950462
3,96,1.308570203874465
3,97,1.008477439902071
3,98,0.7687405206810827
3,99,1.1664013656206231
3,100,0.5483528785129279
3,101,0.40161358822159243
3,102,0.9016555797087116
3,103,0.42627839685778923
3,104,0.7582320252363642
3,105,0.6367295108012228
3,106,0.6121056432591095
3,107,0.6341607535423632
3,108,0.4489222905757217
3,109,1.104573693949019
3,110,0.526613524421671
3,111,0.37698906107459856
3,112,0.688595770274085
3,113,0.834234960063114
3,114,0.5051115641488698
3,115,0.62964836279548
3,116,0.3442557888460218
3,117,0.559133546650574
3,118,1.4753286150837772
3,119,0.4429259627261291
3,120,1.2968841997959089
3,121,0.49155998101256687
3,122,1.4494066592006953
3,123,0.7372693953560331
3,124,0.4843945896423422
3,125,1.2733484502613701
3,126,1.278089539246337
3,127,1.1564727116110123
3,128,0.29208199771805765
3,129,0.45727828190780345
3,130,0.45504102942483493
3,131,2.634489469149604
3,132,0.3229113762817986
3,133,1.1304259378212782
3,134,0.8892873558834568
3,135,1.4401366173895827
3,136,0.4731120812892246
3,137,0.10764787072421446
3,138,1.7223391696393517
3,139,0.8908801406529424
3,140,0.48658188521777646
3,141,1.181671685977468
3,142,0.3336614019534533
3,143,0.8599657814129443
3,144,1.1048228084687886
3,145,1.5325316470152541
3,146,0.556246185385619
3,147,0.35882662474338606
3,148,0.8009730985831586
3,149,1.604074608923131
3,150,0.4273932788319145
3,151,0.7988846831538936
3,152,1.6406254667845226
3,153,0.28600957773369184
3,154,1.640388930500432
3,155,0.65027253379286
3,156,0.9362862152986234
3,157,1.0454776972269582
3,158,0.19625559170285317
3,159,0.7556260731871289
3,160,0.45005411177823534
3,161,0.6166467801954175
3,162,0.6335909123589373
3,163,0.8035323257174777
3,164,0.8353178147305127
3,165,0.43524104697582405
3,166,0.5794518523725284
3,167,0.19631138091665412
3,168,0.2947057221567621
3,169,0.27035675173580614
3,170,0.1805168850180249
3,171,3.0577625661104535
3,172,0.7413026943053158
3,173,0.30389331622586807
3,174,1.163884096884717
3,175,2.225480674267666
3,176,1.1211002330641726
3,177,1.7270929679122908
3,178,0.9734322463341687
3,179,1.0942118396338514
3,180,0.23699227950072685
3,181,0.5328847128006378
3,182,0.3932620284932934
3,183,0.8961985547142697
3,184,0.7848178665355434
3,185,0.2592646808827265
3,186,0.2393092390647909
3,187,0.4298794444880722
3,188,1.049161414243781
3,189,0.8736733253427045
3,190,2.931142873158817
3,191,0.100446972183581
3,192,0.14883804878406204
3,193,1.0229484553940147
3,194,0.2803680615222632
3,195,1.715024279148208
3,196,0.2881326038411751
3,197,0.36783372418514415
3,198,1.185830262616341
3,199,0.5612367377581052
3,200,0.08835290598463595
3,201,1.0461472015321487
3,202,0.15537298226380966
3,203,0.17350240877893405
3,204,0.14488698244550732
3,205,0.20201434396148998
3,206,0.0652250454740909
3,207,1.3392081264671118
3,208,0.7663297311212145
3,209,0.24413517183409186
3,210,0.9657387160050764
3,211,0.12936888070580632
3,212,0.08996437859856757
3,213,1.2446656645642096
3,214,0.029218614291990113
3,215,0.1228928890606577
3,216,0.41408181386449705
3,217,0.3242452204249284
3,218,1.6517934638859055
3,219,1.7680584680834033
3,220,0.0414375536561124
3,221,0.8091323275749186
3,222,0.09744475796689403
3,223,0.46281054988722165
3,224,1.425467512300924
3,225,0.08937031039101526
3,226,0.125648352276642
3,227,0.25620489743594593
3,228,0.050244826963264176
3,229,0.38177839084363263
3,230,0.48165240883590904
3,231,1.626224375383507
3,232,0.34564169302435677
3,233,0.20680861860508623
3,234,0.07268583584791938
3,235,1.0090173829919389
3,236,0.21512132907625128
3,237,0.2796323473969528
3,238,0.6064916350963115
3,239,0.09148212196915056
3,240,0.09527224687980457
3,241,1.0191096857931545
3,242,0.04548928880929678
3,243,1.4053557635161504
3,244,0.5100518941093405
3,245,1.2602302139960189
3,246,0.17929456944670086
3,247,0.09809253350840548
3,248,0.14149729857273477
3,249,1.2154817059204932
3,250,1.031089601111694
3,251,0.16480272021958944
3,252,0.03731025734298876
3,253,0.3841441151394186
3,254,0.18361909755204478
3,255,0.06812534623111637
3,256,0.07284181859395698
3,257,1.2908909281184675
3,258,0.04348725179028245
3,259,0.061872495368363534
3,260,0.11869812152401449
3,261,0.030965719998008363
3,262,0.27907126482949707
3,263,0.09520360142803495
3,264,1.5906116162036164
3,265,0.174094156299917
3,266,0.7660092057457185
3,267,0.09342808589328455
3,268,0.39380169433048806
3,269,0.17724715087925422
3,270,0.22910451781627203
3,271,0.11495005009466036
3,272,0.1557740069452954
3,273,0.9984980159408756
3,274,0.12224453444200216
3,275,0.38529428007771754
3,276,0.02495400575678806
3,277,0.02977534021771563
3,278,0.048003438721687566
3,279,0.2560770658691011
3,280,0.1047115589116768
3,281,0.08159464419505986
3,282,0.2146060264417969
3,283,0.16314368999091616
3,284,0.051373441672667365
3,285,1.1978370347304235
3,286,0.030005982057985325
3,287,0.05403126706316722
3,288,0.1068768968133468
3,289,0.5108112571044723
3,290,1.4267977464931563
3,291,0.07046044626151608
3,292,0.6130167022930407
3,293,0.07568750865511138
3,294,0.28751394992993856
3,295,0.7772860902655016
3,296,0.4709532026442774
3,297,0.08629459117595153
3,298,0.27783805505363124
3,299,0.9745338008285052
3,300,0.07818239878520446
3,301,0.02505524063633584
3,302,0.16120108584769188
3,303,0.041030038899600385
3,304,0.06418296485040274
3,305,0.09799920505068058
3,306,0.04391255977249056
3,307,0.035741890890253376
3,308,0.028603416940255214
3,309,1.913439574774236
3,310,0.08161465154094517
3,311,0.11171985158491479
3,312,0.06442115371865315
3,313,0.062220513713394626
3,314,0.029286590494929966
3,315,0.9664460093565111
3,316,1.1218395464096975
3,317,0.03644031325818377
3,318,0.026219968622205884
3,319,0.06295847497357605
3,320,0.1816224303087409
3,321,0.1267677944336584
3,322,0.017188248242961755
3,323,0.9693506261433499
3,324,0.20047975379467842
3,325,0.14205038813106843
3,326,0.03871151618754069
3,327,0.057007326985495
3,328,2.006987656797975
3,329,0.039140834117310314
3,330,0.016203167078132033
3,331,0.059164022601742285
3,332,1.6914319800097406
3,333,0.013906211324575252
3,334,0.01850095087128269
3,335,0.015777098317313474
3,336,0.24235811532853727
3,337,0.9974279155976756
3,338,0.0823254882468014
3,339,0.12184300566037412
3,340,0.7362737900989818
3,341,2.1654232391518424
3,342,0.13143419149402344
3,343,1.599233353904113
3,344,0.13369987951013762
3,345,0.43288811517147063
3,346,0.13308391831324703
3,347,0.07477879385272308
3,348,0.11132947516952406
3,349,0.04164382971419654
3,350,0.07782005491806136
3,351,0.028155591106428637
3,352,0.04126434224330815
3,353,0.1498501704115935
3,354,0.25345425712079117
3,355,0.07411850006335666
3,356,0.7347442683815648
3,357,0.08586314008981259
3,358,0.03555779949588385
3,359,0.048319484066327835
3,360,0.08328276069948164
3,361,0.023253860209696487
3,362,0.013894765679920259
3,363,0.09737535280986388
3,364,0.1477162154088356
3,365,0.08959466752870152
3,366,0.028712398336509105
3,367,0.04170966224473472
3,368,0.05233964559109234
3,369,0.014100146439180356
3,370,0.0254042866785663
3,371,0.10185058789897607
3,372,0.0175506258313385
3,373,0.012379772936496848
3,374,0.024297166346109296
3,375,0.014342481072043122
3,376,0.0187182916596806
3,377,0.23190983501988546
3,378,0.21649314656039015
3,379,0.5612267148332162
3,380,1.030839482142846
3,381,0.7532935665570466
3,382,0.007869540084735562
3,383,0.17754487771869085
3,384,0.3615098130543684
3,385,0.07596127838764515
3,386,0.019621908799121922
3,387,0.14553472558657266
3,388,1.2075462812535043
3,389,0.031596831840324364
3,390,2.1834077422544995
3,391,0.011379741858645856
3,392,2.0050386826547872
3,393,0.02208968245726663
3,394,0.011319449829943044
3,395,0.10804070204201427
3,396,0.029084757997376132
3,397,0.01769915581318335
3,398,0.35099338548429815
3,399,0.0986106579563952
3,400,0.04599661216353716
3,401,0.01824916063693057
3,402,0.02795565951376276
3,403,0.055988028846006226
3,404,0.02942163087185545
3,405,0.0551932398400608
3,406,0.03855039956971715
3,407,0.02939696531797377
3,408,0.008342138490406133
3,409,0.18264527372501407
3,410,0.014053250162095965
3,411,0.10293120212046837
3,412,1.2876506202117757
3,413,0.43243772060837987
3,414,0.014416690831800118
3,415,0.31373253557803515
3,416,0.03162652551157587
3,417,0.9645008114641787
3,418,0.022911364386849434
3,419,0.2666479282046232
3,420,0.058742951684947926
3,421,0.009230340255883679
3,422,0.018652208106226767
3,423,0.029554857866866208
3,424,0.05482420979454932
3,425,0.039474083399848196
3,426,0.013814884934743218
3,427,0.03718928022739566
3,428,0.03872474545354544
3,429,0.014704859844463394
3,430,0.01321636306704472
3,431,0.016085287304471427
3,432,1.3128664902355751
3,433,0.027342268455769658
3,434,0.03335703255164936
3,435,2.204693944078174
3,436,0.013639397304992515
3,437,0.04676285946691106
3,438,0.01113824426217226
3,439,0.04357430564318892
3,440,0.015190844342278171
3,441,0.010988743511975058
3,442,0.03189220778085617
3,443,0.03944430934954996
3,444,0.02119469451987952
3,445,0.006084139783924076
3,446,0.018547465885298552
3,447,0.0712916282645212
3,448,1.594609501471118
3,449,0.005146268132235344
3,450,0.03003544259703951
3,451,0.008401792173114576
3,452,0.018307597429405957
3,453,0.32216473656325545
3,454,0.02069571276933166
3,455,0.02341477231719194
3,456,0.007899787751656933
3,457,0.004945711923417218
3,458,0.23105684349468694
3,459,0.00756680736881276
3,460,0.008143975190589622
3,461,0.0078075469365050535
3,462,0.06042990403053341
3,463,0.03971022637374095
3,464,0.12258035154896402
3,465,0.006059644906209228
3,466,0.16669826945354044
3,467,0.08955615326766218
3,468,0.005873407613068166
3,469,0.014226982443980676
3,470,0.009982380454665513
3,471,0.018516591320615415
3,472,1.7783939180840644
3,473,0.016791600154717395
3,474,0.016091189662490353
3,475,0.006894202235043979
3,476,0.014974062957019174
3,477,0.01870328904108838
3,478,0.04519030098823301
3,479,0.021405875738016587
3,480,0.023490936822001457
3,481,0.006717736810324123
3,482,1.6922849121910015
3,483,0.009804614705482283
3,484,0.006523539235487742
3,485,0.012722246352894357
3,486,0.00847822024623636
3,487,0.004663511349956239
3,488,0.0037637686012112308
3,489,0.004928191903613734
3,490,0.01540304756733978
3,491,0.008326512059221738
3,492,0.012185344738265361
3,493,1.7703333120136584
3,494,0.019708386846954758
3,495,0.007128356737473079
3,496,0.00574685398428893
3,497,0.5012859828438634
3,498,0.022420580080610597
3,499,0.04561607235194742
3,500,0.006127816242143698
3,501,0.019226551609091733
3,502,0.021708499149865293
3,503,0.006756144589055352
3,504,0.024427662024262636
3,505,0.01187491579787072
3,506,0.03535469568077387
3,507,0.016263994861422125
3,508,0.015840060252753405
3,509,0.017069124435762473
3,510,0.01759074641176318
3,511,0.0031802861214376504
3,512,0.006132188970373991
3,513,0.006259159901921624
3,514,1.0566940349588365
3,515,0.006489807209454321
3,516,0.01929379496844077
3,517,0.008928956825948658
3,518,0.038361469852362995
3,519,1.3416057903567025
3,520,0.039006304816677786
3,521,0.13829596900139768
3,522,0.05635720552447331
3,523,0.0027047288700868034
3,524,0.05182774796365473
3,525,0.006458122846996955
3,526,0.028706111358877708
3,527,0.018987764690523965
3,528,0.005109380101081627
3,529,0.02556332360544583
3,530,0.008902691220222643
3,531,0.04942772278665311
3,532,0.006398582179655624
3,533,0.003842747903210792
3,534,0.0350078468562971
3,535,0.013664390407823863
3,536,0.00682723653866334
3,537,0.020514533389429844
3,538,0.013485052346031258
3,539,0.028544056956061395
3,540,0.020537548398504364
3,541,0.0025518203334965145
3,542,0.007153089792918156
3,543,0.010450407702623704
3,544,0.027809957798866074
3,545,0.00605864247755073
3,546,0.016178313040863705
3,547,0.00937088372939097
3,548,0.017171881065000696
3,549,0.0564653971855388
3,550,0.008417834269549538
3,551,0.02121860850371234
3,552,0.05244121485900147
3,553,0.03393726595469366
3,554,0.03843266223162092
3,555,0.0532062719030543
3,556,0.5053505868452639
3,557,0.005789332668992795
3,558,0.01100872344041209
3,559,0.007000841923323855
3,560,0.007029315160204769
3,561,0.00717685078743873
3,562,0.008402956343147631
3,563,0.00216171279306496
3,564,0.006240904883618661
3,565,0.003281614992852476
3,566,0.004595791666457009
3,567,0.012065155926177119
3,568,0.005461153817485749
3,569,0.013379529818254196
3,570,0.009914741375443053
3,571,0.029284585246660215
3,572,0.015305862725800435
3,573,0.027182112091189547
3,574,0.00327800396713818
3,575,0.0037040875055159785
3,576,0.004413016551686154
3,577,0.004213984375731234
3,578,0.0066017507513010856
3,579,0.0178280376559727
3,580,0.0039792013616111645
3,581,0.0027459385807142157
3,582,0.029004714151692087
3,583,0.00579478590514892
3,584,0.006751969057558974
3,585,0.0026297499236822004
3,586,1.1116623591122219
3,587,0.10910295601403323
3,588,0.2416186879977991
3,589,1.1564317980610619
3,590,0.005228455577536321
3,591,0.011423572104943273
3,592,0.008523158828246792
3,593,0.005403409377277786
3,594,0.004434828774914054
3,595,0.0038592027600713313
3,596,0.023277273852787547
3,597,0.004309500098500975
3,598,0.03154269942645452
3,599,0.006555973939357818
3,600,0.007779412997320874
3,601,0.024977757286197198
3,602,0.0044433747142549876
3,603,0.009044406443168583
3,604,0.006553187485520801
3,605,0.005851671994870934
3,606,0.23294498533056637
3,607,0.004787372718473183
3,608,0.04432507301874526
3,609,0.020897958765903266
3,610,0.0060604705714924515
3,611,0.06909434726750266
3,612,0.004651018375203849
3,613,0.010854281019743582
3,614,0.005054648246320862
3,615,0.012172324360187519
3,616,0.010027033073955733
3,617,0.0065006123739747654
3,618,0.0026954126637537567
3,619,0.005952771375810713
3,620,0.0030788284143942967
3,621,0.0057301427926489375
3,622,0.0036734623483915194
3,623,0.0044304476179384
3,624,0.004513432957586882
3,625,2.305532338712811
3,626,0.0031719797915479436
3,627,0.006010048196927697
3,628,0.005062278723551598
3,629,0.0025294109989903234
3,630,0.0032272469842057677
3,631,0.005034547343190174
3,632,0.03250417505131026
3,633,0.02071542354771563
3,634,0.007748496624193978
3,635,0.010609671530139225
3,636,0.004238196252358063
3,637,0.004738954340256812
3,638,0.00200531855097713
3,639,0.008118786586230312
3,640,0.01599456588597894
3,641,0.005752862181000694
3,642,0.005985639008746352
3,643,0.039190510070891665
3,644,0.002554576731172328
3,645,0.006655031760251936
3,646,0.021352348260884366
3,647,0.008424883896496451
3,648,0.0074154053009018546
3,649,0.1842486622293264
3,650,0.014585293756771363
3,651,0.0170722639380626
3,652,0.003879121129032113
3,653,0.006672442057787016
3,654,0.00688264320644193
3,655,0.005354435731442702
3,656,0.007775239782966327
3,657,0.014384502540083796
3,658,0.01081153104322858
3,659,0.012016978529063397
3,660,0.0047023024446509075
3,661,0.013803689949367027
3,662,0.0018616009644155395
3,663,0.014291608788525461
3,664,0.009321578657860307
3,665,0.011760879272380528
3,666,0.00734822690710759
3,667,0.01377422265966028
3,668,0.002119626915461271
3,669,0.005342336756852984
3,670,0.0037214415813546834
3,671,0.02146157582860657
3,672,0.0068626909135715486
3,673,0.005085642283402471
3,674,0.025600384608881036
3,675,0.03465194163736226
3,676,0.008392506410164662
3,677,0.004494039809817741
3,678,0.005727379831747427
3,679,0.0038137376865739854
3,680,0.0034381467940217494
3,681,0.006844901371205607
3,682,0.01132543237082858
3,683,0.0023421059376753555
3,684,0.006616369701817565
3,685,0.0014771860134371853
3,686,0.012150546769643356
3,687,0.008760910623002181
3,688,0.002745254670401661
3,689,0.001645961060819571
3,690,0.0030308563115688737
3,691,0.0032519156334834555
3,692,0.007270097253982732
3,693,0.0020073619863788333
3,694,0.002120077010975047
3,695,0.005435661974919381
3,696,0.0030043659443662546
3,697,0.007532548194055307
3,698,0.00351051335152114
3,699,0.020439099800466726
3,700,0.02910930229292758
3,701,0.005168009824819389
3,702,0.009117591131497816
3,703,0.004977073356500199
3,704,0.00480638664153336
3,705,0.0015185412067438922
3,706,0.0010290570022877623
3,707,0.003363198356996458
3,708,0.003015260622705237
3,709,0.00441288298790906
3,710,0.0024696664990426095
3,711,0.028961941457353903
3,712,0.010161794405358028
3,713,0.002789662512698445
3,714,0.002826477281431756
3,715,0.004689635765983458
3,716,0.003638941805239905
3,717,0.004162989091430047
3,718,0.0012730380338438878
3,719,0.004075020575053861
3,720,0.00498610618752593
3,721,0.0028365993484076118
3,722,0.0019104575035980911
3,723,0.003083562008458436
3,724,0.00339470375838459
3,725,0.009370244500100877
3,726,0.002510189105096775
3,727,0.009739944049804203
3,728,0.0030969514586593715
3,729,0.010954066675860637
3,730,0.0033690824153449627
3,731,0.04009491084767305
3,732,0.05504237368749316
3,733,0.001410628434649731
3,734,0.012025012247060195
3,735,0.01670231112646758
3,736,0.0038611643301979352
3,737,0.0010851848818254073
3,738,0.0021793284685435533
3,739,0.0018938879473457894
3,740,0.0027314392727426115
3,741,0.005537231566253182
3,742,0.0029713512416934744
3,743,0.005016271326383386
3,744,0.003423287521390832
3,745,0.009162245453821754
3,746,0.003469818867498123
3,747,0.002864955808934393
3,748,0.0031216917278431536
3,749,0.004572275013971462
3,750,0.012395581949798045
3,751,0.002541790100241736
3,752,0.013486959731732199
3,753,0.0020939321226710063
3,754,0.0027610206961979507
3,755,0.005598294124241303
3,756,0.0021911538062303476
3,757,0.005457620282014904
3,758,0.007987710591964242
3,759,0.0025269129525605965
3,760,0.0017553192992587317
3,761,0.0069354739588640265
3,762,0.0014055614416627637
3,763,0.002128884000534361
3,764,0.011793523773970251
3,765,0.0014159805561151637
3,766,0.009959319117657411
3,767,0.003264016390583218
3,768,0.00999113581277063
3,769,0.005169353306397003
3,770,0.01683359225606283
3,771,0.014070589716677793
3,772,0.0036039915923107286
3,773,0.0038597598504442714
3,774,0.0014641340166928198
3,775,0.0015458308244949517
3,776,0.003938995113451839
3,777,0.004026515595935706
3,778,0.0040599211137036465
3,779,0.0020918763312094274
3,780,0.033432663744202964
3,781,0.00371370578496149
3,782,0.004226434153451278
3,783,0.0034982095244740627
3,784,0.0028895110124680687
3,785,0.01210127062531422
3,786,0.0020257839524414523
3,787,0.002575385759412591
3,788,0.0032668374974360627
3,789,0.0014324598098035906
3,790,0.0028167591311512113
3,791,0.0022652337117696607
3,792,0.0021759721884426603
3,793,0.006422749551233584
3,794,0.0020810234360410683
3,795,0.001811518066721153
3,796,0.0021672586847012684
3,797,0.002840955173201682
3,798,0.012209931834359993
3,799,0.002130581157937702
3,800,0.0015322197587380744
3,801,0.0013114489674720953
3,802,0.002256183154501231
3,803,0.0038422532128538005
3,804,0.0018951692862325374
3,805,0.010000688865529374
3,806,0.0032039205231003762
3,807,0.030090431047705944
3,808,0.0027063842884009195
3,809,0.0016772029965998426
3,810,0.002225777537459099
3,811,0.002962569004939504
3,812,0.002037142814787048
3,813,0.001404105339180665
3,814,0.007181648506602202
3,815,0.0010284159348100928
3,816,0.017257888092765076
3,817,0.003220335502069623
3,818,0.0015991931194643838
3,819,0.001744718200871173
3,820,0.004435234130063282
3,821,0.0021247180850989334
3,822,0.006628528271836911
3,823,0.001851869445226224
3,824,0.009583606924305479
3,825,0.007635767745393297
3,826,0.003010161705250189
3,827,0.0014396572902784777
3,828,0.0010689466331471585
3,829,0.001923295273980577
3,830,0.0038962973035840524
3,831,0.0022977531027467794
3,832,0.002568863038495614
3,833,0.0016600824479727047
3,834,0.0012537811459363783
3,835,0.004020675663357282
3,836,0.002294472163684213
3,837,0.005817986797918631
3,838,0.0009104568032799972
3,839,0.04014783223489147
3,840,0.0034643296562598853
3,841,0.0016788476706634603
3,842,0.0025599759054136316
3,843,0.0019750917455881945
3,844,0.002409640263451516
3,845,0.005404699434018069
3,846,0.0019406703827720125
3,847,0.0008337772567558062
3,848,0.003516272405554976
3,849,0.003989441016230411
4,0,0.2430625000387447
4,1,0.6950351404420683
4,2,0.40203084151410506
4,3,0.19931079361420845
4,4,0.5386576796041442
4,5,0.790719611093195
4,6,0.27550436757287955
4,7,0.630185835345459
4,8,0.1665430707033947
4,9,0.47334678570566324
4,10,0.22516849094543612
4,11,0.24285420827586654
4,12,0.3563913255596796
4,13,0.18434438076949572
4,14,0.20817392294157147
4,15,0.6007348602143778
4,16,0.3304470918074936
4,17,0.46036518150942746
4,18,0.3440747610184842
4,19,0.28067899768187643
4,20,0.5049288312620086
4,21,0.39268589874555465
4,22,0.3921871578756817
4,23,0.23911935857325162
4,24,0.7817310534478115
4,25,0.35814740723842425
4,26,0.8884329248611458
4,27,0.38611715016225834
4,28,0.5399952305539755
4,29,0.4974762831212693
4,30,0.5962914325703564
4,31,0.5180193445819004
4,32,0.5083744129313964
4,33,1.1103270032756696
4,34,0.616880945380417
4,35,0.9853863910055158
4,36,0.667846821114881
4,37,0.7402192530687197
4,38,0.6892136523977792
4,39,1.1085454012692546
4,40,0.719936582610539
4,41,0.7770666605472502
4,42,0.7817858947544035
4,43,1.0540823766984806
4,44,0.8998467821933838
4,45,0.5284271193183961
4,46,0.8148492217544026
4,47,0.6943896717030439
4,48,0.8810500081756458
4,49,0.6211641724748346
4,50,0.6608833140150714
4,51,0.5384510849946619
4,52,0.5525983245990672
4,53,0.4821563287489924
4,54,0.5682703227803293
4,55,0.5912616066456413
4,56,0.8404511923822529
4,57,0.5446045142107112
4,58,0.5813178042097403
4,59,0.8139719641556361
4,60,0.6007258208855094
4,61,0.5132172985065677
4,62,0.9451219418708168
4,63,0.4083886477319547
4,64,0.5363926630773445
4,65,0.6668251250276159
4,66,0.9562440533261014
4,67,0.4729017496354838
4,68,0.6408055777434088
4,69,0.6035014124940838
4,70,0.7856864130432389
4,71,0.43101279160038164
4,72,1.174561813728786
4,73,1.0242807613309994
4,74,0.4739746003676217
4,75,0.7638383668982983
4,76,1.1046736399006976
4,77,0.6617620585860337
4,78,0.6501145938419037
4,79,1.2218744776860408
4,80,0.4481165100414858
4,81,0.5476630326296157
4,82,0.4559979427748481
4,83,0.36586903331020526
4,84,1.0732203428223788
4,85,1.2732357367511076
4,86,0.31958791310244516
4,87,0.9727481700606196
4,88,0.8973012397087893
4,89,0.9825450558901263
4,90,1.1189165275534467
4,91,0.5460711999259357
4,92,1.2517782845354535
4,93,0.9586963181756566
4,94,0.9598475156656673
4,95,1.0586703803908695
4,96,0.8259210053306951
4,97,0.4227618439116122
4,98,0.6241015269566945
4,99,1.0735954019499914
4,100,0.35738148909529144
4,101,0.3578147632940192
4,102,0.32205995253064706
4,103,0.47584799793149674
4,104,0.6326700277130125
4,105,1.0317674156974186
4,106,0.5728329608533472
4,107,1.0670447231011815
4,108,0.5853845757610368
4,109,0.5179146760407092
4,110,0.8796772454802682
4,111,1.0716150419079749
4,112,0.7042952682189992
4,113,0.7626693491911974
4,114,0.25112280852925983
4,115,0.384286934461777
4,116,0.43090561508794223
4,117,0.2998460105083151
4,118,0.37767609355378584
4,119,0.2571108699917319
4,120,1.301233267814207
4,121,0.44266605024911576
4,122,0.53343132100841
4,123,0.31484061157261556
4,124,0.3747903944509875
4,125,0.35499128731144075
4,126,0.7581741978008851
4,127,0.8469496350173147
4,128,0.8451029383726453
4,129,0.6232670801599284
4,130,0.37137557530812165
4,131,0.27850520069405477
4,132,0.5197414874523703
4,133,1.760519019515576
4,134,0.19568632929190202
4,135,1.1035901053632087
4,136,1.0903576528253638
4,137,0.9407626628071911
4,138,0.7350644508902655
4,139,2.282788511381625
4,140,2.1852665248141556
4,141,0.3528752071731045
4,142,1.1155575265221855
4,143,0.5170214486672386
4,144,0.6117460698134803
4,145,0.9435723362494925
4,146,0.44496483976995016
4,147,0.4391488774913195
4,148,0.8983986980187009
4,149,0.8219630955131259
4,150,0.6252249527669731
4,151,0.9055910817627373
4,152,0.1952018297299598
4,153,0.44830839177304777
4,154,0.22418904840243387
4,155,0.8561938769381178
4,156,0.6413336118040089
4,157,0.39906994921714417
4,158,0.22968923610473393
4,159,0.11386712714419714
4,160,0.30431458896748
4,161,0.2876051872940103
4,162,0.12914330154105888
4,163,1.1098724909943247
4,164,1.6333298941433305
4,165,1.524444870515647
4,166,0.8196566199268004
4,167,0.3435305397242706
4,168,1.1986447455148526
4,169,0.8753201766421149
4,170,0.12793203383646248
4,171,0.1311983032286027
4,172,0.3891383361453998
4,173,1.797992518877952
4,174,1.15066358645795
4,175,0.6619197713294969
4,176,1.7722333953006095
4,177,0.09909630701717775
4,178,0.1662693976410701
4,179,0.45653852749642165
4,180,0.2061933508527766
4,181,0.20059640814883176
4,182,0.37126210817551475
4,183,1.505737871240036
4,184,0.6826633122611777
4,185,0.9417745196641856
4,186,0.8541511306611551
4,187,0.4053348930989298
4,188,0.2934494396552798
4,189,0.7558047861121578
4,190,0.2730879544539402
4,191,0.7463557039015227
4,192,0.9300317620148517
4,193,1.3572291088288893
4,194,0.3561437923635895
4,195,0.4425880454538126
4,196,0.2561963794228549
4,197,0.4543621996460411
4,198,1.460398749525775
4,199,1.5100081817242343
4,200,0.8184247498884339
4,201,0.22474245378953933
4,202,0.24662261752558903
4,203,0.5396200616588648
4,204,0.6574042244134904
4,205,0.10206170163857899
4,206,0.6473765707252986
4,207,0.21638106080723496
4,208,0.7428482611877902
4,209,0.23184705802069103
4,210,0.13714692425566358
4,211,0.7969823767075445
4,212,0.2534967595446934
4,213,0.5152271338613139
4,214,0.7350242869046603
4,215,0.479619935175819
4,216,0.21073242625147162
4,217,0.06668840095429804
4,218,0.4001292682567848
4,219,0.13268739503019528
4,220,1.044582486553354
4,221,0.9780357141784305
4,222,0.7842886872972794
4,223,0.06409864519643381
4,224,0.13142315298082574
4,225,0.175595248731098
4,226,0.5386359304387753
4,227,0.5543874530226642
4,228,0.13101042645047453
4,229,0.14095647803291822
4,230,1.1790133983680982
4,231,0.15439744709594996
4,232,1.7783879206278381
4,233,0.050185940336079114
4,234,0.20234352004636197
4,235,0.10224936881270034
4,236,0.6537194500895558
4,237,0.5760689294735988
4,238,0.10779107323991696
4,239,0.09234256789313772
4,240,0.5178187914387173
4,241,0.17020399315482218
4,242,1.685158764469531
4,243,1.843793080276744
4,244,0.18904438753590563
4,245,0.4550526362717317
4,246,1.6767365258929907
4,247,0.033967019803517476
4,248,0.1284480047090267
4,249,0.17633712827663733
4,250,0.3681978158602061
4,251,0.12551174816279087
4,252,0.04556141479907493
4,253,0.05365444534313734
4,254,0.10475325698534221
4,255,0.05422886045964599
4,256,0.08509668009630124
4,257,0.3354795484634344
4,258,0.37763478669905043
4,259,1.0790840631024368
4,260,0.07545543662430844
4,261,0.7242661577060338
4,262,1.0222338606351924
4,263,0.03591499899219689
4,264,0.01611162945436658
4,265,0.795614309975744
4,266,0.5614883423013028
4,267,0.15525539033553182
4,268,0.08697993322711321
4,269,0.08590640501914497
4,270,0.08613880840147557
4,271,0.09495528080151613
4,272,0.8421093314422397
4,273,0.0656556155084347
4,274,0.07041952026064704
4,275,0.03815115753171165
4,276,0.16509218311001833
4,277,0.09884784790157676
4,278,0.10665952520474194
4,279,0.08265506920514237
4,280,1.1457594512527274
4,281,0.051665127517111296
4,282,0.3599502705236392
4,283,0.33960095779644206
4,284,0.6905822069550953
4,285,1.3666250985953126
4,286,0.22116624738889723
4,287,0.16941474812604337
4,288,1.0436212599438865
4,289,0.35425464283071295
4,290,0.22546891793042206
4,291,0.06274571138694078
4,292,0.05653158388088816
4,293,1.022645942618348
4,294,1.6047375547019973
4,295,0.0321368739455158
4,296,0.8427109166646666
4,297,1.3518037626405108
4,298,0.2663655903024353
4,299,2.1646708580447034
4,300,0.054189355234992104
4,301,0.10536777141922837
4,302,0.22088924825913456
4,303,0.025860945466407312
4,304,0.01664823188235932
4,305,0.04101491544980971
4,306,0.05157982959316196
4,307,0.08985799875942199
4,308,0.04886991284732748
4,309,0.21379353573908905
4,310,0.20557739008886203
4,311,0.747178505624069
4,312,2.524865501681153
4,313,0.07557053700165338
4,314,0.8500128978501535
4,315,0.06262858576302861
4,316,0.7279881787677551
4,317,0.16186682510374423
4,318,0.012932506515394402
4,319,0.9192635840184102
4,320,0.14366106863129152
4,321,0.038698854499086215
4,322,0.033741476501321206
4,323,0.09290386270785088
4,324,0.07303194232522521
4,325,0.028783783258500024
4,326,0.10021729269328161
4,327,0.6954147992688894
4,328,0.1042311591267896
4,329,0.13804495173650866
4,330,0.05430343362084883
4,331,1.022372483874901
4,332,0.18557266229380703
4,333,0.18366243619129718
4,334,0.489761855389551
4,335,0.6721254288648005
4,336,1.141451088706451
4,337,0.4679099744017857
4,338,0.025837647600101907
4,339,0.2638331363321082
4,340,0.05553841675070025
4,341,0.053745311628686704
4,342,0.701858268636659
4,343,0.2015045725210898
4,344,0.05768413936862059
4,345,0.04760040524985126
4,346,0.07850126756996094
4,347,0.021842547908854943
4,348,0.1051546105015488
4,349,1.0611642828285293
4,350,0.028748489858324698
4,351,0.09585436098892874
4,352,0.031009144445224655
4,353,0.11817936840799471
4,354,0.046660676226426084
4,355,0.3998650863207003
4,356,0.43596617672073684
4,357,0.02380267679829516
4,358,0.5558963295804656
4,359,0.07722773327561369
4,360,0.011370765552183833
4,361,0.5858517567973139
4,362,0.18189941954381836
4,363,1.112770908613722
4,364,0.14284690860846846
4,365,0.8710318133236453
4,366,0.014769704526788777
4,367,0.026960460180046598
4,368,0.14946053636136622
4,369,0.6421134004244506
4,370,0.8559267185866288
4,371,0.02464565131617245
4,372,0.11649171220958515
4,373,0.0117841517194197
4,374,0.026227416953724696
4,375,0.16040947952347634
4,376,0.033322331355466084
4,377,0.030230446492263006
4,378,0.02557735492511176
4,379,0.29606082266940237
4,380,0.0856548955962926
4,381,0.5475058197629928
4,382,0.06321440831864734
4,383,0.018948604265300373
4,384,0.026397076917058247
4,385,0.016573456231356833
4,386,0.019524071946476342
4,387,1.009129960491142
4,388,0.06860137810170204
4,389,1.0129507850934012
4,390,0.023165672932522353
4,391,1.5505305124446498
4,392,0.05981958013435938
4,393,0.03309908533487374
4,394,0.0470332920136941
4,395,1.8190203094133215
4,396,0.5489820153095251
4,397,0.040660585208270615
4,398,0.29649451977619484
4,399,0.02639127028964456
4,400,0.02540926325263124
4,401,0.025691804052802403
4,402,0.022615502852496704
4,403,0.03389653088532993
4,404,0.339329912661265
4,405,0.03529854188731846
4,406,0.02536473414893679
4,407,0.3884990429804107
4,408,0.03598958304237118
4,409,0.08133036090269843
4,410,0.9699870420244293
4,411,0.21393558722914283
4,412,0.14786758469280906
4,413,0.4326884359970621
4,414,0.814939633350029
4,415,0.03152412424630064
4,416,0.02207472013031386
4,417,0.0482381286237058
4,418,0.024186125893934755
4,419,0.04255517166197669
4,420,0.013495472536802777
4,421,0.0857164399155723
4,422,0.006340673381666164
4,423,0.23732264020833818
4,424,0.008858937083065887
4,425,0.008719214714056196
4,426,0.007820155591191669
4,427,0.671557434974729
4,428,0.07125795003022238
4,429,0.12152283765884965
4,430,1.136757856619152
4,431,0.011316678670484337
4,432,0.059961883707340125
4,433,0.13391992154407412
4,434,0.11933902260853467
4,435,1.5080773154941756
4,436,0.006335693182463536
4,437,0.08122949306333242
4,438,0.034312445992721985
4,439,0.16524037796163638
4,440,1.6815844303944467
4,441,0.4061811385737627
4,442,0.018287428207373068
4,443,0.08634172583147913
4,444,0.20893597178316256
4,445,1.1328959905503027
4,446,0.05313829052320424
4,447,0.13943374408266773
4,448,0.018828429100483855
4,449,0.11214322402134598
4,450,0.01571210788242631
4,451,0.012636362085475044
4,452,0.02703588993019742
4,453,0.029850210975171612
4,454,0.01749824013131416
4,455,0.33570066319482256
4,456,0.03876383090877271
4,457,0.012548938589358315
4,458,0.02351301652196196
4,459,0.016454573380527783
4,460,0.012017554830085842
4,461,0.01462906205551245
4,462,0.005759671552967504
4,463,0.007221137801654297
4,464,0.008585488156785758
4,465,0.039455313687095234
4,466,0.629697003040087
4,467,0.5789427670636886
4,468,0.013071196073668846
4,469,0.6300032455976508
4,470,0.01597440122636717
4,471,0.00481585113777521
4,472,0.1061366744056378
4,473,0.010352002539907298
4,474,2.2255293653265706
4,475,0.03414539860989934
4,476,0.007780380747137041
4,477,0.5142945220742335
4,478,0.011125174398755737
4,479,0.06411290535479666
4,480,0.6866826196743525
4,481,0.018496915077934176
4,482,0.47475335641631633
4,483,0.04025777950068831
4,484,0.01465658139312045
4,485,0.1568784178788596
4,486,0.014572965592481333
4,487,0.7592928399389656
4,488,0.3033167030157828
4,489,1.1563539858693481
4,490,0.3523841080142444
4,491,0.014125612584917038
4,492,1.5299520406129223
4,493,0.2168786188143518
4,494,0.02498921338616422
4,495,0.00816505708406295
4,496,0.14164285878504856
4,497,0.36077106560182065
4,498,0.01904677150154571
4,499,0.4857761920216933
4,500,0.019542529848962903
4,501,0.05694974231659092
4,502,0.03901083727651334
4,503,0.013784460306257308
4,504,0.03739085698988715
4,505,0.14697654573868993
4,506,0.01058798914089731
4,507,0.013108567061445272
4,508,0.009303130750266779
4,509,0.11967470814770714
4,510,0.017519430941032147
4,511,0.019934438754770127
4,512,0.0042980111245451294
4,513,0.0377094458409135
4,514,0.10709829661361542
4,515,0.03690960102761293
4,516,0.10861901033114048
4,517,0.0670296370374765
4,518,0.009473079192623225
4,519,0.07795915512833355
4,520,0.014525994162627013
4,521,0.00651348302477752
4,522,0.012923018180257448
4,523,0.01251576586708596
4,524,0.05082121295660574
4,525,0.1531085208790132
4,526,0.4094987167595457
4,527,0.019717370663435315
4,528,0.004896932073365668
4,529,0.12024842386622898
4,530,0.0060864161153419815
4,531,0.008889016099179782
4,532,0.014306093026471303
4,533,0.014945539585219218
4,534,0.06996794673683336
4,535,1.686782453605709
4,536,0.6846349506228389
4,537,0.8305600700448599
4,538,0.02231047368062929
4,539,0.011663285396923379
4,540,0.01507443319488369
4,541,0.12253669183520859
4,542,0.04112549288950782
4,543,0.002476332983990412
4,544,0.004120762498455836
4,545,0.9983411322792413
4,546,0.05160494257554552
4,547,0.41543115183788665
4,548,0.028078335887998837
4,549,0.00391469895804703
4,550,0.12022912582906271
4,551,0.5967886906820474
4,552,1.308850996876174
4,553,0.015244685438805906
4,554,0.010938967601984234
4,555,0.006131529056404791
4,556,0.00803568444791254
4,557,0.009381424142757635
4,558,0.03456086558895957
4,559,1.4727436989819873
4,560,0.009034103215360927
4,561,0.01007595054414721
4,562,0.006487016099167952
4,563,0.011081008222650169
4,564,0.0067125519762251794
4,565,0.016169155527945584
4,566,0.042413111654023984
4,567,0.3755975070840756
4,568,0.026976295481722378
4,569,0.021541852054388758
4,570,0.07179782082975869
4,571,0.14247078750552317
4,572,0.0331938816867643
4,573,0.012593324430887488
4,574,0.015485452259074104
4,575,1.912872942905788
4,576,0.013010626501137783
4,577,0.15640275858343688
4,578,0.01711732789976161
4,579,0.018435974412763918
4,580,0.004871033672526227
4,581,0.011375457982571722
4,582,0.014899431333229716
4,583,0.24745646259697082
4,584,0.006204411233515488
4,585,0.012259046165566017
4,586,0.007041636402261608
4,587,0.020851014147967015
4,588,0.017951004174026928
4,589,0.2929280297908677
4,590,0.03285342117201739
4,591,0.030328286128921352
4,592,0.03985241660444169
4,593,0.012319740302511477
4,594,0.6170832370846606
4,595,0.06550105391284855
4,596,0.04472262605228421
4,597,0.016266710966837933
4,598,0.011136446321084601
4,599,0.00756263991619091
4,600,0.007264174308301632
4,601,0.004435001019970893
4,602,0.003884591792192224
4,603,0.005982240563035272
4,604,0.011664510441674493
4,605,0.01714261788013554
4,606,0.008501446984194293
4,607,0.06991695893052494
4,608,0.024968722707645233
4,609,0.028146327502129902
4,610,0.0051860707886463055
4,611,0.008991236834560865
4,612,0.003861518855212921
4,613,0.006210979820023743
4,614,0.007865659889682193
4,615,0.13363409103239987
4,616,0.0026626935802532333
4,617,0.02976080250989475
4,618,0.005627104412018237
4,619,0.002182881116385418
4,620,0.7771970744779492
4,621,0.015940184602858058
4,622,0.0029541948398943457
4,623,0.021975520777410624
4,624,0.06908398097350324
4,625,0.9930058378845833
4,626,0.019048594841812726
4,627,0.002877988810364697
4,628,0.01004084817402907
4,629,1.2857414790297654
4,630,0.0016490008412413726
4,631,0.005337285671952382
4,632,0.08683652094024699
4,633,0.006919487690343701
4,634,0.0270741484474627
4,635,0.005277475219049807
4,636,0.030185056105484345
4,637,0.006097932286837342
4,638,0.035220914328853076
4,639,0.004819347327444361
4,640,0.18051595904525178
4,641,0.09536262836884644
4,642,0.12150994871202522
4,643,0.009257868297808051
4,644,0.0029377003811224636
4,645,0.028394393430637398
4,646,0.00847443497293455
4,647,0.05646362406285356
4,648,0.049721001179674235
4,649,0.02624382776859023
4,650,0.05119210981499902
4,651,0.009683743836277073
4,652,0.003355760908013159
4,653,0.030945877145045996
4,654,0.006483114695667742
4,655,0.009208351007972673
4,656,0.013846548242193805
4,657,0.033107850009575196
4,658,0.006793546443479144
4,659,0.0050779843294950985
4,660,0.002954751709549012
4,661,0.001727732124016004
4,662,0.0016055800470354052
4,663,0.012423659818723497
4,664,0.03560921218031324
4,665,0.010827495812233866
4,666,0.005842371989108265
4,667,0.009761170208470232
4,668,0.0017034987082822162
4,669,0.004034890434316194
4,670,0.0015714013560247722
4,671,0.0026437727157689016
4,672,0.004643799673919564
4,673,0.0037445716222808
4,674,0.3082424215931967
4,675,0.16893951079614325
4,676,0.001857565264876626
4,677,0.03996840108184519
4,678,0.02862692369021347
4,679,0.0032138949703779357
4,680,0.0034531713039432574
4,681,0.0020426888076807573
4,682,0.005551085233800167
4,683,0.29827857385878015
4,684,0.03882077069749499
4,685,0.005562214358671801
4,686,0.008960960860493737
4,687,0.006030741678486251
4,688,0.026913332986066678
4,689,0.05677563295329827
4,690,0.01721386181780619
4,691,0.19522980577768212
4,692,0.002642443020590756
4,693,0.005321432994904238
4,694,0.7737228473735854
4,695,0.0029335271431577513
4,696,0.09709954195348998
4,697,0.026168023963994022
4,698,0.10004826496732525
4,699,0.020043695080411345
4,700,0.002248671049146169
4,701,0.004128145645339216
4,702,0.008373899419864298
4,703,0.029787244124313113
4,704,0.0020076681645824932
4,705,0.013716787899103184
4,706,0.0023642706409628747
4,707,0.3352352259189603
4,708,0.002520701270039354
4,709,0.0014322923924077228
4,710,0.007116970356052188
4,711,0.0028867025074961208
4,712,0.007847260133470424
4,713,0.22445960769229
4,714,0.8203689894759966
4,715,0.0020943904118702695
4,716,0.005488233394018253
4,717,0.005860921328692567
4,718,0.15721569421835482
4,719,0.0017510598812749416
4,720,0.0019696829442727203
4,721,0.0018088864149859861
4,722,0.0037144773770502316
4,723,0.0060614137776714904
4,724,0.04044689537400103
4,725,0.005157870786333456
4,726,0.0877994676458089
4,727,0.004029478251210137
4,728,0.07020132786591606
4,729,0.0008295829488180035
4,730,0.006164832995260456
4,731,0.048882040250327795
4,732,0.030477401368124733
4,733,0.006387666100366426
4,734,0.8335534660411429
4,735,0.0014807837772365378
4,736,0.018197878766623935
4,737,0.005944225005027716
4,738,0.04178954783839051
4,739,0.024623850301762947
4,740,0.011318015758927212
4,741,0.014198184765044556
4,742,0.015307916255043578
4,743,0.002041241022701767
4,744,0.0067662012808241785
4,745,0.004652020272356261
4,746,0.0034752802249820476
4,747,0.0020883149096533726
4,748,0.79203480741136
4,749,0.002418585999991225
4,750,0.009981546956183434
4,751,0.007780182946775656
4,752,0.004222111479098756
4,753,0.0015787739706574664
4,754,0.001965240340795913
4,755,0.005123434250137225
4,756,0.003378722021828778
4,757,0.006707040221894949
4,758,0.32439711603642835
4,759,0.007504885149237558
4,760,0.01806559558112298
4,761,0.004888299998890043
4,762,0.003383337519365299
4,763,0.024165800771668293
4,764,0.0010616361335813538
4,765,0.003325487729401676
4,766,0.11293020749173445
4,767,0.00825348522364993
4,768,0.0017371402501400077
4,769,0.004978037783496376
4,770,0.003288688355750269
4,771,0.002580008799364334
4,772,0.028700869699611057
4,773,0.0016858626748885632
4,774,0.0018512760806948768
4,775,0.0236058727744969
4,776,0.0017414874618517776
4,777,0.00445550735856955
4,778,0.026332604701296974
4,779,0.002150788339583097
4,780,0.0013039437450638569
4,781,0.005800771934844425
4,782,0.009387401620489972
4,783,0.0036051853191985295
4,784,0.006522003403913444
4,785,0.005148673918844764
4,786,1.118307022056129
4,787,0.004749570844456571
4,788,0.002131500690234299
4,789,0.0088749444615864
4,790,0.005355704550817137
4,791,0.011688432654172345
4,792,0.004081132673881662
4,793,0.011612462531094134
4,794,0.0022552856705933782
4,795,0.24677283367390893
4,796,0.013974726072733762
4,797,0.0024043141715756593
4,798,0.003003040971498657
4,799,0.023276575225433863
4,800,0.007962200004678647
4,801,0.007718334259145578
4,802,0.0067503134271188195
4,803,0.22975602986933166
4,804,0.003949805908965728
4,805,0.005689710053584742
4,806,0.00605386256098022
4,807,0.014282305182575611
4,808,0.013677642759915905
4,809,0.0038347311509512334
4,810,0.014603700993135184
4,811,0.003320630637581292
4,812,0.068816588373672
4,813,0.007217736050060326
4,814,0.4570411320893444
4,815,0.004757738977489228
4,816,0.021212213954702627
4,817,0.0009700474331360324
4,818,0.0232481158746823
4,819,0.13872164743906396
4,820,0.03285158481219719
4,821,0.010489297831230645
4,822,0.0029340668360742506
4,823,0.005407502935105605
4,824,0.00270146879926014
4,825,0.0015581118167748516
4,826,0.004758822193571882
4,827,0.009483713518745988
4,828,0.0023971053975506205
4,829,0.007632464751880792
4,830,0.0025607437334611827
4,831,0.0038254625530153843
4,832,0.006632082985657825
4,833,0.0021044187961128708
4,834,0.0009402409937835514
4,835,0.001395798777728707
4,836,0.005027062479934757
4,837,0.006501406275794658
4,838,0.0014391209010279444
4,839,0.003951311274569953
4,840,0.029421321496451616
4,841,0.0013631793584938403
4,842,0.0056099182062096815
4,843,0.002779033933099161
4,844,0.0012846248414753448
4,845,0.0028673483677363635
4,846,0.003833401166000904
4,847,0.002411568942155279
4,848,0.0011649429461892261
4,849,0.0022893667637590783
